# [2025-01-08 15:15:32,236] INFO: Loading Hamiltonian from saved file
# [2025-01-08 15:15:34,126] INFO: Setting up the training loop
# [2025-01-08 15:15:35,333] INFO: Initializing parameters and states
# [2025-01-08 15:15:44,306] INFO: Burning in the sampler for 100 steps
# [2025-01-08 15:15:52,185] INFO: Start training
# HF energy from loaded: -108.22289855006844
# step	loss	e_tot	exp_es	exp_s	std_es	std_s	lr	time
0	-108.2490	-108.2490	-108.1729	0.9993	4.0579	0.0375	3.0e-04	10.5210
1	-108.2505	-108.2505	-108.1785	0.9993	3.9487	0.0365	3.0e-04	0.7455
2	-108.2507	-108.2507	-108.1777	0.9993	3.9737	0.0367	3.0e-04	0.5204
3	-108.2498	-108.2498	-108.1732	0.9993	4.0702	0.0376	3.0e-04	0.5212
4	-108.2526	-108.2526	-108.1798	0.9993	3.9702	0.0367	3.0e-04	0.5208
5	-108.2518	-108.2518	-108.1742	0.9993	4.0978	0.0379	3.0e-04	0.5205
6	-108.2520	-108.2520	-108.1728	0.9993	4.1392	0.0382	3.0e-04	0.5222
7	-108.2532	-108.2532	-108.1709	0.9992	4.2181	0.0390	3.0e-04	0.5219
8	-108.2553	-108.2553	-108.1717	0.9992	4.2532	0.0393	3.0e-04	0.5208
9	-108.2569	-108.2569	-108.1741	0.9992	4.2324	0.0391	3.0e-04	0.5221
10	-108.2551	-108.2551	-108.1677	0.9992	4.3484	0.0402	3.0e-04	0.5209
11	-108.2573	-108.2573	-108.1684	0.9992	4.3816	0.0405	3.0e-04	0.5214
12	-108.2572	-108.2572	-108.1657	0.9992	4.4492	0.0411	3.0e-04	0.5202
13	-108.2574	-108.2574	-108.1594	0.9991	4.6048	0.0425	3.0e-04	0.5222
14	-108.2596	-108.2596	-108.1594	0.9991	4.6559	0.0430	3.0e-04	0.5223
15	-108.2609	-108.2609	-108.1526	0.9990	4.8413	0.0447	3.0e-04	0.5227
16	-108.2618	-108.2618	-108.1506	0.9990	4.9063	0.0453	3.0e-04	0.5208
17	-108.2620	-108.2620	-108.1456	0.9989	5.0188	0.0464	3.0e-04	0.5214
18	-108.2657	-108.2657	-108.1437	0.9989	5.1388	0.0475	3.0e-04	0.5221
19	-108.2645	-108.2645	-108.1387	0.9988	5.2175	0.0482	3.0e-04	0.5225
20	-108.2679	-108.2679	-108.1286	0.9987	5.4887	0.0507	3.0e-04	0.5227
21	-108.2711	-108.2711	-108.1274	0.9987	5.5765	0.0515	3.0e-04	0.5216
22	-108.2700	-108.2700	-108.1164	0.9986	5.7638	0.0532	3.0e-04	0.5213
23	-108.2737	-108.2737	-108.1114	0.9985	5.9218	0.0547	3.0e-04	0.5237
24	-108.2737	-108.2737	-108.1050	0.9984	6.0434	0.0558	3.0e-04	0.5227
25	-108.2773	-108.2773	-108.0981	0.9983	6.2272	0.0575	3.0e-04	0.5218
26	-108.2768	-108.2768	-108.0861	0.9982	6.4248	0.0593	3.0e-04	0.5214
27	-108.2840	-108.2840	-108.0797	0.9981	6.6403	0.0613	3.0e-04	0.5224
28	-108.2869	-108.2869	-108.0654	0.9980	6.9213	0.0639	3.0e-04	0.5233
29	-108.2886	-108.2886	-108.0591	0.9979	7.0455	0.0651	3.0e-04	0.5240
30	-108.2905	-108.2905	-108.0420	0.9977	7.3270	0.0677	3.0e-04	0.5225
31	-108.2940	-108.2940	-108.0377	0.9976	7.4457	0.0688	3.0e-04	0.5260
32	-108.3008	-108.3008	-108.0189	0.9974	7.8073	0.0721	3.0e-04	0.5242
33	-108.3052	-108.3052	-108.0130	0.9973	7.9504	0.0734	3.0e-04	0.5235
34	-108.3032	-108.3032	-107.9960	0.9972	8.1483	0.0752	3.0e-04	0.5227
35	-108.3118	-108.3118	-107.9866	0.9970	8.3857	0.0774	3.0e-04	0.5251
36	-108.3144	-108.3144	-107.9596	0.9967	8.7604	0.0809	3.0e-04	0.5220
37	-108.3178	-108.3178	-107.9538	0.9966	8.8670	0.0819	3.0e-04	0.5216
38	-108.3216	-108.3216	-107.9315	0.9964	9.1843	0.0848	3.0e-04	0.5240
39	-108.3317	-108.3317	-107.9294	0.9963	9.3262	0.0861	3.0e-04	0.5255
40	-108.3366	-108.3366	-107.8942	0.9959	9.7794	0.0903	3.0e-04	0.5248
41	-108.3445	-108.3445	-107.8852	0.9958	9.9642	0.0920	3.0e-04	0.5241
42	-108.3436	-108.3436	-107.8763	0.9957	10.0493	0.0928	3.0e-04	0.5242
43	-108.3564	-108.3564	-107.8634	0.9955	10.3226	0.0953	3.0e-04	0.5243
44	-108.3593	-108.3593	-107.8591	0.9954	10.3987	0.0960	3.0e-04	0.5234
45	-108.3711	-108.3711	-107.8496	0.9952	10.6173	0.0980	3.0e-04	0.5235
46	-108.3788	-108.3788	-107.8422	0.9950	10.7686	0.0994	3.0e-04	0.5250
47	-108.3946	-108.3946	-107.8482	0.9950	10.8635	0.1002	3.0e-04	0.5241
48	-108.3978	-108.3978	-107.8645	0.9951	10.7366	0.0991	3.0e-04	0.5230
49	-108.4050	-108.4050	-107.8645	0.9950	10.8089	0.0997	3.0e-04	0.5259
50	-108.4165	-108.4165	-107.8726	0.9950	10.8419	0.1000	3.0e-04	0.5236
51	-108.4287	-108.4287	-107.8905	0.9950	10.7862	0.0995	3.0e-04	0.5233
52	-108.4285	-108.4285	-107.8853	0.9950	10.8378	0.1000	3.0e-04	0.5238
53	-108.4446	-108.4446	-107.8759	0.9948	11.0890	0.1023	3.0e-04	0.5245
54	-108.4539	-108.4539	-107.9229	0.9951	10.7153	0.0988	3.0e-04	0.5254
55	-108.4671	-108.4671	-107.9565	0.9953	10.5097	0.0969	3.0e-04	0.5244
56	-108.4776	-108.4776	-107.9595	0.9952	10.5835	0.0976	3.0e-04	0.5230
57	-108.4995	-108.4995	-107.9747	0.9952	10.6555	0.0982	3.0e-04	0.5258
58	-108.5053	-108.5053	-107.9931	0.9953	10.5237	0.0970	3.0e-04	0.5242
59	-108.5179	-108.5179	-108.0310	0.9955	10.2622	0.0946	3.0e-04	0.5252
60	-108.5153	-108.5153	-108.0340	0.9956	10.2054	0.0941	3.0e-04	0.5252
61	-108.5288	-108.5288	-108.0420	0.9955	10.2663	0.0946	3.0e-04	0.5242
62	-108.5476	-108.5476	-108.0641	0.9955	10.2296	0.0943	3.0e-04	0.5221
63	-108.5714	-108.5714	-108.1006	0.9957	10.0960	0.0930	3.0e-04	0.5243
64	-108.5624	-108.5624	-108.0747	0.9955	10.2735	0.0947	3.0e-04	0.5229
65	-108.5781	-108.5781	-108.1187	0.9958	9.9732	0.0919	3.0e-04	0.5241
66	-108.5796	-108.5796	-108.1344	0.9959	9.8177	0.0904	3.0e-04	0.5250
67	-108.5754	-108.5754	-108.1493	0.9961	9.6048	0.0885	3.0e-04	0.5243
68	-108.5909	-108.5909	-108.1560	0.9960	9.7045	0.0894	3.0e-04	0.5243
69	-108.5858	-108.5858	-108.1567	0.9960	9.6374	0.0888	3.0e-04	0.5249
70	-108.6082	-108.6082	-108.1808	0.9961	9.6187	0.0886	3.0e-04	0.5240
71	-108.6242	-108.6242	-108.1971	0.9961	9.6106	0.0886	3.0e-04	0.5238
72	-108.6123	-108.6123	-108.1670	0.9959	9.8120	0.0904	3.0e-04	0.5261
73	-108.6310	-108.6310	-108.1913	0.9960	9.7541	0.0899	3.0e-04	0.5244
74	-108.6470	-108.6470	-108.2018	0.9959	9.8132	0.0904	3.0e-04	0.5255
75	-108.6530	-108.6530	-108.1912	0.9957	9.9935	0.0921	3.0e-04	0.5240
76	-108.6213	-108.6213	-108.1467	0.9956	10.1253	0.0934	3.0e-04	0.5246
77	-108.6431	-108.6431	-108.1423	0.9954	10.4030	0.0959	3.0e-04	0.5251
78	-108.6424	-108.6424	-108.1368	0.9953	10.4544	0.0964	3.0e-04	0.5256
79	-108.6469	-108.6469	-108.1108	0.9951	10.7598	0.0992	3.0e-04	0.5242
80	-108.6486	-108.6486	-108.0875	0.9948	11.0105	0.1015	3.0e-04	0.5246
81	-108.6562	-108.6562	-108.0941	0.9948	11.0205	0.1016	3.0e-04	0.5246
82	-108.6576	-108.6576	-108.0718	0.9946	11.2396	0.1037	3.0e-04	0.5239
83	-108.6608	-108.6608	-108.0631	0.9945	11.3590	0.1047	3.0e-04	0.5268
84	-108.6816	-108.6816	-108.0571	0.9943	11.6145	0.1070	2.9e-04	0.5242
85	-108.6676	-108.6676	-108.0347	0.9942	11.6843	0.1077	2.9e-04	0.5266
86	-108.6776	-108.6776	-108.0482	0.9942	11.6581	0.1075	2.9e-04	0.5251
87	-108.6499	-108.6499	-107.9920	0.9939	11.9171	0.1099	2.9e-04	0.5252
88	-108.6918	-108.6918	-107.9975	0.9936	12.2426	0.1128	2.9e-04	0.5243
89	-108.7121	-108.7121	-107.9858	0.9933	12.5215	0.1154	2.9e-04	0.5245
90	-108.6868	-108.6868	-107.9581	0.9933	12.5408	0.1156	2.9e-04	0.5249
91	-108.7027	-108.7027	-107.9663	0.9932	12.5979	0.1161	2.9e-04	0.5240
92	-108.6894	-108.6894	-107.9660	0.9933	12.5002	0.1152	2.9e-04	0.5266
93	-108.7016	-108.7016	-107.9202	0.9928	12.9885	0.1197	2.9e-04	0.5238
94	-108.6977	-108.6977	-107.9709	0.9933	12.5263	0.1154	2.9e-04	0.5251
95	-108.7150	-108.7150	-107.9596	0.9931	12.7703	0.1177	2.9e-04	0.5248
96	-108.7042	-108.7042	-107.9297	0.9929	12.9281	0.1192	2.9e-04	0.5246
97	-108.7068	-108.7068	-107.8912	0.9925	13.2709	0.1223	2.9e-04	0.5253
98	-108.7006	-108.7006	-107.8902	0.9925	13.2225	0.1219	2.9e-04	0.5249
99	-108.7071	-108.7071	-107.9053	0.9926	13.1563	0.1212	2.9e-04	0.5257
100	-108.6989	-108.6989	-107.9135	0.9928	13.0232	0.1200	2.9e-04	0.5250
101	-108.7094	-108.7094	-107.8995	0.9926	13.2207	0.1218	2.9e-04	0.5236
102	-108.7106	-108.7106	-107.8985	0.9925	13.2405	0.1220	2.9e-04	0.5260
103	-108.7146	-108.7146	-107.8808	0.9923	13.4132	0.1236	2.9e-04	0.5246
104	-108.7289	-108.7289	-107.8986	0.9924	13.3886	0.1233	2.9e-04	0.5254
105	-108.7063	-108.7063	-107.8738	0.9923	13.4043	0.1235	2.9e-04	0.5256
106	-108.7187	-108.7187	-107.8666	0.9922	13.5653	0.1249	2.9e-04	0.5242
107	-108.7068	-108.7068	-107.8675	0.9923	13.4591	0.1240	2.9e-04	0.5246
108	-108.7323	-108.7323	-107.8883	0.9922	13.5012	0.1244	2.9e-04	0.5278
109	-108.7177	-108.7177	-107.8130	0.9917	13.9713	0.1287	2.9e-04	0.5259
110	-108.7369	-108.7369	-107.8589	0.9919	13.7641	0.1268	2.9e-04	0.5244
111	-108.7368	-108.7368	-107.8342	0.9917	13.9602	0.1286	2.9e-04	0.5256
112	-108.7302	-108.7302	-107.8202	0.9916	14.0111	0.1291	2.9e-04	0.5251
113	-108.7434	-108.7434	-107.8408	0.9917	13.9600	0.1286	2.9e-04	0.5269
114	-108.7506	-108.7506	-107.8227	0.9915	14.1504	0.1303	2.9e-04	0.5264
115	-108.7484	-108.7484	-107.7776	0.9911	14.4760	0.1333	2.9e-04	0.5247
116	-108.7348	-108.7348	-107.8115	0.9915	14.1189	0.1300	2.9e-04	0.5241
117	-108.7594	-108.7594	-107.8317	0.9915	14.1546	0.1303	2.9e-04	0.5261
118	-108.7570	-108.7570	-107.7755	0.9910	14.5541	0.1340	2.9e-04	0.5264
119	-108.7582	-108.7582	-107.8071	0.9913	14.3280	0.1320	2.9e-04	0.5244
120	-108.7396	-108.7396	-107.7756	0.9911	14.4223	0.1329	2.9e-04	0.5246
121	-108.7502	-108.7502	-107.7750	0.9910	14.5031	0.1336	2.9e-04	0.5255
122	-108.7457	-108.7457	-107.7831	0.9911	14.4138	0.1328	2.9e-04	0.5260
123	-108.7525	-108.7525	-107.7813	0.9911	14.4762	0.1333	2.9e-04	0.5253
124	-108.7534	-108.7534	-107.7309	0.9906	14.8520	0.1368	2.9e-04	0.5271
125	-108.7432	-108.7432	-107.7387	0.9908	14.7171	0.1356	2.9e-04	0.5250
126	-108.7541	-108.7541	-107.7710	0.9910	14.5628	0.1342	2.9e-04	0.5256
127	-108.7465	-108.7465	-107.7201	0.9906	14.8802	0.1370	2.9e-04	0.5247
128	-108.7462	-108.7462	-107.7029	0.9904	15.0007	0.1382	2.9e-04	0.5259
129	-108.7553	-108.7553	-107.6997	0.9903	15.0930	0.1390	2.9e-04	0.5253
130	-108.7573	-108.7573	-107.6689	0.9900	15.3273	0.1411	2.9e-04	0.5264
131	-108.7575	-108.7575	-107.6941	0.9902	15.1439	0.1395	2.9e-04	0.5251
132	-108.7583	-108.7583	-107.6979	0.9902	15.1229	0.1393	2.9e-04	0.5262
133	-108.7623	-108.7623	-107.6611	0.9899	15.4123	0.1419	2.9e-04	0.5255
134	-108.7574	-108.7574	-107.6294	0.9896	15.5976	0.1436	2.9e-04	0.5264
135	-108.7594	-108.7594	-107.6046	0.9894	15.7858	0.1453	2.9e-04	0.5246
136	-108.7647	-108.7647	-107.6185	0.9895	15.7249	0.1448	2.9e-04	0.5265
137	-108.7750	-108.7750	-107.6127	0.9893	15.8368	0.1458	2.9e-04	0.5250
138	-108.7768	-108.7768	-107.6137	0.9893	15.8393	0.1458	2.9e-04	0.5262
139	-108.7708	-108.7708	-107.6067	0.9893	15.8431	0.1459	2.9e-04	0.5255
140	-108.7695	-108.7695	-107.5656	0.9889	16.1136	0.1484	2.9e-04	0.5237
141	-108.7584	-108.7584	-107.5533	0.9889	16.1210	0.1484	2.9e-04	0.5259
142	-108.7723	-108.7723	-107.5471	0.9887	16.2533	0.1496	2.9e-04	0.5241
143	-108.7650	-108.7650	-107.5528	0.9889	16.1729	0.1489	2.9e-04	0.5272
144	-108.7749	-108.7749	-107.4883	0.9882	16.6580	0.1534	2.9e-04	0.5249
145	-108.7673	-108.7673	-107.4518	0.9879	16.8429	0.1550	2.9e-04	0.5246
146	-108.7597	-108.7597	-107.4360	0.9878	16.8965	0.1555	2.9e-04	0.5237
147	-108.7624	-108.7624	-107.4321	0.9878	16.9348	0.1559	2.9e-04	0.5270
148	-108.7734	-108.7734	-107.4652	0.9880	16.7926	0.1546	2.9e-04	0.5234
149	-108.7769	-108.7769	-107.4102	0.9874	17.1600	0.1580	2.9e-04	0.5236
150	-108.7896	-108.7896	-107.4104	0.9873	17.2367	0.1587	2.9e-04	0.5251
151	-108.7871	-108.7871	-107.4067	0.9873	17.2546	0.1588	2.9e-04	0.5263
152	-108.7607	-108.7607	-107.3861	0.9874	17.2100	0.1584	2.9e-04	0.5264
153	-108.7853	-108.7853	-107.3185	0.9865	17.7824	0.1637	2.9e-04	0.5253
154	-108.7862	-108.7862	-107.3405	0.9867	17.6547	0.1625	2.9e-04	0.5256
155	-108.7883	-108.7883	-107.3207	0.9865	17.7824	0.1637	2.9e-04	0.5248
156	-108.7705	-108.7705	-107.3049	0.9865	17.7713	0.1636	2.9e-04	0.5254
157	-108.7729	-108.7729	-107.2952	0.9864	17.8467	0.1643	2.9e-04	0.5243
158	-108.7757	-108.7757	-107.2780	0.9862	17.9613	0.1653	2.9e-04	0.5252
159	-108.7862	-108.7862	-107.2993	0.9863	17.9016	0.1648	2.9e-04	0.5248
160	-108.7923	-108.7923	-107.3639	0.9869	17.5463	0.1615	2.9e-04	0.5261
161	-108.7979	-108.7979	-107.2893	0.9861	18.0287	0.1660	2.9e-04	0.5252
162	-108.8066	-108.8066	-107.3231	0.9864	17.8863	0.1646	2.9e-04	0.5269
163	-108.7854	-108.7854	-107.3123	0.9865	17.8217	0.1640	2.9e-04	0.5242
164	-108.7849	-108.7849	-107.2920	0.9863	17.9381	0.1651	2.9e-04	0.5253
165	-108.7834	-108.7834	-107.2980	0.9863	17.8846	0.1646	2.9e-04	0.5245
166	-108.7987	-108.7987	-107.4048	0.9872	17.3377	0.1595	2.9e-04	0.5253
167	-108.7939	-108.7939	-107.3967	0.9872	17.3598	0.1598	2.9e-04	0.5271
168	-108.7895	-108.7895	-107.3807	0.9870	17.4329	0.1604	2.9e-04	0.5250
169	-108.8057	-108.8057	-107.3977	0.9871	17.4213	0.1603	2.9e-04	0.5265
170	-108.7814	-108.7814	-107.3551	0.9869	17.5380	0.1614	2.9e-04	0.5242
171	-108.7994	-108.7994	-107.4056	0.9872	17.3334	0.1595	2.9e-04	0.5269
172	-108.7927	-108.7927	-107.3953	0.9872	17.3571	0.1598	2.9e-04	0.5262
173	-108.7859	-108.7859	-107.3799	0.9871	17.4047	0.1602	2.9e-04	0.5265
174	-108.7922	-108.7922	-107.3560	0.9868	17.5903	0.1619	2.9e-04	0.5243
175	-108.7977	-108.7977	-107.3376	0.9866	17.7413	0.1633	2.9e-04	0.5273
176	-108.8043	-108.8043	-107.4084	0.9872	17.3515	0.1597	2.9e-04	0.5256
177	-108.7965	-108.7965	-107.3962	0.9871	17.3806	0.1599	2.9e-04	0.5274
178	-108.8007	-108.8007	-107.3978	0.9871	17.3930	0.1600	2.9e-04	0.5240
179	-108.8036	-108.8036	-107.3325	0.9865	17.8077	0.1639	2.9e-04	0.5249
180	-108.7810	-108.7810	-107.3378	0.9867	17.6381	0.1623	2.9e-04	0.5251
181	-108.7973	-108.7973	-107.3686	0.9869	17.5454	0.1615	2.9e-04	0.5258
182	-108.8064	-108.8064	-107.3861	0.9869	17.5034	0.1610	2.9e-04	0.5266
183	-108.8045	-108.8045	-107.3551	0.9867	17.6785	0.1627	2.9e-04	0.5247
184	-108.7983	-108.7983	-107.2820	0.9861	18.0799	0.1664	2.9e-04	0.5275
185	-108.8039	-108.8039	-107.3020	0.9862	17.9944	0.1655	2.9e-04	0.5244
186	-108.8079	-108.8079	-107.3275	0.9864	17.8533	0.1643	2.9e-04	0.5255
187	-108.8078	-108.8078	-107.2497	0.9857	18.3183	0.1686	2.9e-04	0.5241
188	-108.8106	-108.8106	-107.3003	0.9861	18.0438	0.1660	2.9e-04	0.5262
189	-108.8135	-108.8135	-107.3056	0.9861	18.0299	0.1659	2.9e-04	0.5251
190	-108.8086	-108.8086	-107.2713	0.9859	18.2009	0.1675	2.9e-04	0.5241
191	-108.8020	-108.8020	-107.2603	0.9858	18.2326	0.1677	2.9e-04	0.5264
192	-108.8287	-108.8287	-107.2761	0.9857	18.2946	0.1683	2.9e-04	0.5285
193	-108.8217	-108.8217	-107.2712	0.9858	18.2836	0.1682	2.9e-04	0.5256
194	-108.8140	-108.8140	-107.2029	0.9852	18.6329	0.1714	2.9e-04	0.5250
195	-108.8080	-108.8080	-107.2140	0.9854	18.5328	0.1705	2.9e-04	0.5245
196	-108.7891	-108.7891	-107.2467	0.9858	18.2297	0.1678	2.9e-04	0.5267
197	-108.8006	-108.8006	-107.2139	0.9854	18.4916	0.1701	2.9e-04	0.5253
198	-108.8106	-108.8106	-107.1731	0.9850	18.7762	0.1727	2.9e-04	0.5250
199	-108.8114	-108.8114	-107.1537	0.9848	18.8956	0.1739	2.9e-04	0.5264
200	-108.8091	-108.8091	-107.1583	0.9848	18.8586	0.1735	2.9e-04	0.5250
201	-108.8041	-108.8041	-107.1982	0.9852	18.6039	0.1712	2.9e-04	0.5237
202	-108.7919	-108.7919	-107.1399	0.9848	18.8692	0.1736	2.9e-04	0.5262
203	-108.8110	-108.8110	-107.0881	0.9842	19.2649	0.1772	2.9e-04	0.5253
204	-108.8259	-108.8259	-107.1428	0.9845	19.0474	0.1752	2.9e-04	0.5260
205	-108.8217	-108.8217	-107.1143	0.9843	19.1749	0.1764	2.9e-04	0.5252
206	-108.8099	-108.8099	-107.0879	0.9842	19.2559	0.1771	2.9e-04	0.5251
207	-108.8170	-108.8170	-107.0694	0.9839	19.4086	0.1785	2.9e-04	0.5249
208	-108.8324	-108.8324	-107.0668	0.9838	19.5083	0.1794	2.9e-04	0.5265
209	-108.8081	-108.8081	-107.0700	0.9840	19.3539	0.1780	2.9e-04	0.5255
210	-108.8182	-108.8182	-107.0654	0.9839	19.4351	0.1787	2.9e-04	0.5266
211	-108.8405	-108.8405	-107.0974	0.9840	19.3703	0.1782	2.9e-04	0.5256
212	-108.8193	-108.8193	-107.0966	0.9842	19.2669	0.1772	2.9e-04	0.5270
213	-108.8179	-108.8179	-107.0761	0.9840	19.3711	0.1782	2.9e-04	0.5257
214	-108.8292	-108.8292	-107.0849	0.9840	19.3855	0.1783	2.9e-04	0.5264
215	-108.8149	-108.8149	-107.0964	0.9842	19.2462	0.1770	2.9e-04	0.5265
216	-108.8275	-108.8275	-107.0401	0.9836	19.6192	0.1804	2.9e-04	0.5262
217	-108.8175	-108.8175	-107.0175	0.9835	19.6841	0.1811	2.9e-04	0.5256
218	-108.8472	-108.8472	-107.0552	0.9835	19.6492	0.1807	2.9e-04	0.5260
219	-108.8412	-108.8412	-107.0377	0.9834	19.7081	0.1813	2.9e-04	0.5244
220	-108.8254	-108.8254	-107.0729	0.9839	19.4286	0.1787	2.9e-04	0.5251
221	-108.8254	-108.8254	-107.0405	0.9836	19.6097	0.1804	2.9e-04	0.5254
222	-108.8264	-108.8264	-107.0772	0.9839	19.4129	0.1786	2.9e-04	0.5270
223	-108.8251	-108.8251	-107.0276	0.9835	19.6743	0.1810	2.9e-04	0.5269
224	-108.8263	-108.8263	-106.9659	0.9829	19.9997	0.1839	2.9e-04	0.5247
225	-108.8388	-108.8388	-107.0723	0.9838	19.4982	0.1793	2.9e-04	0.5252
226	-108.8316	-108.8316	-106.9586	0.9828	20.0877	0.1847	2.9e-04	0.5255
227	-108.8348	-108.8348	-106.9800	0.9830	19.9884	0.1838	2.9e-04	0.5252
228	-108.8181	-108.8181	-106.9641	0.9830	19.9847	0.1838	2.9e-04	0.5253
229	-108.8249	-108.8249	-106.9334	0.9826	20.1777	0.1856	2.9e-04	0.5263
230	-108.8366	-108.8366	-106.9512	0.9827	20.1511	0.1853	2.9e-04	0.5254
231	-108.8381	-108.8381	-106.9550	0.9827	20.1364	0.1852	2.9e-04	0.5261
232	-108.8403	-108.8403	-106.9166	0.9823	20.3448	0.1872	2.9e-04	0.5241
233	-108.8281	-108.8281	-106.8723	0.9820	20.5184	0.1887	2.9e-04	0.5272
234	-108.8439	-108.8439	-106.9515	0.9826	20.1776	0.1856	2.9e-04	0.5257
235	-108.8480	-108.8480	-106.9509	0.9826	20.2109	0.1859	2.9e-04	0.5250
236	-108.8389	-108.8389	-107.0302	0.9834	19.7368	0.1815	2.9e-04	0.5251
237	-108.8450	-108.8450	-106.9164	0.9823	20.3778	0.1874	2.9e-04	0.5256
238	-108.8274	-108.8274	-106.9392	0.9826	20.1585	0.1855	2.9e-04	0.5250
239	-108.8340	-108.8340	-106.9250	0.9825	20.2660	0.1864	2.9e-04	0.5249
240	-108.8422	-108.8422	-106.9384	0.9825	20.2277	0.1860	2.9e-04	0.5260
241	-108.8406	-108.8406	-106.9480	0.9826	20.1821	0.1856	2.9e-04	0.5269
242	-108.8312	-108.8312	-106.8969	0.9822	20.4035	0.1877	2.9e-04	0.5245
243	-108.8193	-108.8193	-106.8805	0.9822	20.4284	0.1879	2.9e-04	0.5266
244	-108.8403	-108.8403	-106.8132	0.9814	20.8827	0.1921	2.9e-04	0.5248
245	-108.8415	-108.8415	-106.8303	0.9815	20.8090	0.1913	2.9e-04	0.5263
246	-108.8385	-108.8385	-106.8527	0.9818	20.6719	0.1901	2.9e-04	0.5240
247	-108.8499	-108.8499	-106.8337	0.9815	20.8309	0.1916	2.9e-04	0.5267
248	-108.8419	-108.8419	-106.7636	0.9809	21.1334	0.1944	2.9e-04	0.5252
249	-108.8384	-108.8384	-106.7510	0.9808	21.1918	0.1949	2.9e-04	0.5279
250	-108.8543	-108.8543	-106.7239	0.9804	21.4011	0.1969	2.9e-04	0.5242
251	-108.8416	-108.8416	-106.6919	0.9802	21.4900	0.1976	2.9e-04	0.5255
252	-108.8393	-108.8393	-106.7602	0.9809	21.1484	0.1945	2.9e-04	0.5247
253	-108.8271	-108.8271	-106.6826	0.9803	21.4748	0.1975	2.9e-04	0.5244
254	-108.8310	-108.8310	-106.6379	0.9798	21.7134	0.1997	2.9e-04	0.5263
255	-108.8374	-108.8374	-106.6164	0.9796	21.8422	0.2009	2.9e-04	0.5249
256	-108.8491	-108.8491	-106.5852	0.9792	22.0483	0.2028	2.9e-04	0.5244
257	-108.8425	-108.8425	-106.5772	0.9792	22.0554	0.2028	2.9e-04	0.5249
258	-108.8414	-108.8414	-106.5420	0.9789	22.2321	0.2045	2.9e-04	0.5247
259	-108.8386	-108.8386	-106.4429	0.9780	22.6876	0.2087	2.9e-04	0.5248
260	-108.8444	-108.8444	-106.5710	0.9791	22.1058	0.2033	2.9e-04	0.5255
261	-108.8515	-108.8515	-106.5648	0.9790	22.1693	0.2039	2.9e-04	0.5259
262	-108.8565	-108.8565	-106.4117	0.9775	22.9159	0.2107	2.9e-04	0.5274
263	-108.8501	-108.8501	-106.3480	0.9770	23.1840	0.2132	2.8e-04	0.5271
264	-108.8608	-108.8608	-106.4443	0.9778	22.7804	0.2095	2.8e-04	0.5259
265	-108.8534	-108.8534	-106.4246	0.9777	22.8416	0.2101	2.8e-04	0.5246
266	-108.8623	-108.8623	-106.4418	0.9778	22.8008	0.2097	2.8e-04	0.5265
267	-108.8628	-108.8628	-106.4015	0.9774	22.9925	0.2114	2.8e-04	0.5252
268	-108.8514	-108.8514	-106.3610	0.9771	23.1255	0.2126	2.8e-04	0.5251
269	-108.8452	-108.8452	-106.3647	0.9772	23.0796	0.2123	2.8e-04	0.5249
270	-108.8523	-108.8523	-106.3526	0.9770	23.1623	0.2131	2.8e-04	0.5255
271	-108.8399	-108.8399	-106.3218	0.9769	23.2511	0.2139	2.8e-04	0.5262
272	-108.8522	-108.8522	-106.3335	0.9769	23.2505	0.2138	2.8e-04	0.5248
273	-108.8563	-108.8563	-106.3624	0.9771	23.1357	0.2128	2.8e-04	0.5246
274	-108.8609	-108.8609	-106.2860	0.9763	23.5050	0.2162	2.8e-04	0.5274
275	-108.8556	-108.8556	-106.3330	0.9768	23.2658	0.2140	2.8e-04	0.5260
276	-108.8581	-108.8581	-106.2195	0.9758	23.7885	0.2188	2.8e-04	0.5256
277	-108.8420	-108.8420	-106.2570	0.9763	23.5534	0.2166	2.8e-04	0.5251
278	-108.8528	-108.8528	-106.2114	0.9757	23.8047	0.2190	2.8e-04	0.5244
279	-108.8622	-108.8622	-106.3274	0.9767	23.3288	0.2145	2.8e-04	0.5278
280	-108.8519	-108.8519	-106.1540	0.9752	24.0512	0.2212	2.8e-04	0.5255
281	-108.8535	-108.8535	-106.1195	0.9749	24.2127	0.2227	2.8e-04	0.5240
282	-108.8752	-108.8752	-106.0968	0.9745	24.4075	0.2245	2.8e-04	0.5264
283	-108.8463	-108.8463	-106.2374	0.9760	23.6624	0.2176	2.8e-04	0.5256
284	-108.8660	-108.8660	-106.1376	0.9749	24.1846	0.2225	2.8e-04	0.5258
285	-108.8755	-108.8755	-106.0588	0.9741	24.5815	0.2260	2.8e-04	0.5255
286	-108.8684	-108.8684	-106.1175	0.9747	24.2844	0.2233	2.8e-04	0.5258
287	-108.8688	-108.8688	-106.0220	0.9739	24.7050	0.2272	2.8e-04	0.5258
288	-108.8515	-108.8515	-105.9276	0.9731	25.0310	0.2302	2.8e-04	0.5266
289	-108.8616	-108.8616	-106.0666	0.9743	24.4831	0.2251	2.8e-04	0.5261
290	-108.8576	-108.8576	-105.9968	0.9737	24.7648	0.2278	2.8e-04	0.5239
291	-108.8663	-108.8663	-106.0734	0.9743	24.4755	0.2251	2.8e-04	0.5261
292	-108.8535	-108.8535	-105.9535	0.9734	24.9289	0.2293	2.8e-04	0.5258
293	-108.8824	-108.8824	-106.0495	0.9740	24.6443	0.2266	2.8e-04	0.5274
294	-108.8914	-108.8914	-106.0472	0.9739	24.6890	0.2271	2.8e-04	0.5257
295	-108.8625	-108.8625	-105.9781	0.9735	24.8634	0.2286	2.8e-04	0.5286
296	-108.8548	-108.8548	-106.1644	0.9753	24.0107	0.2209	2.8e-04	0.5262
297	-108.8755	-108.8755	-106.0426	0.9740	24.6457	0.2266	2.8e-04	0.5271
298	-108.8530	-108.8530	-106.0113	0.9739	24.6700	0.2270	2.8e-04	0.5253
299	-108.8688	-108.8688	-106.0725	0.9743	24.4865	0.2251	2.8e-04	0.5272
300	-108.8818	-108.8818	-105.9187	0.9728	25.1901	0.2317	2.8e-04	0.5253
301	-108.8775	-108.8775	-105.9170	0.9728	25.1835	0.2316	2.8e-04	0.5241
302	-108.8811	-108.8811	-106.0235	0.9738	24.7467	0.2276	2.8e-04	0.5286
303	-108.8649	-108.8649	-106.0696	0.9743	24.4814	0.2251	2.8e-04	0.5264
304	-108.8791	-108.8791	-105.9900	0.9735	24.8839	0.2288	2.8e-04	0.5256
305	-108.8895	-108.8895	-105.9827	0.9733	24.9582	0.2295	2.8e-04	0.5247
306	-108.8922	-108.8922	-105.9527	0.9730	25.1034	0.2308	2.8e-04	0.5277
307	-108.8831	-108.8831	-105.9950	0.9735	24.8758	0.2288	2.8e-04	0.5245
308	-108.8682	-108.8682	-105.9678	0.9734	24.9319	0.2293	2.8e-04	0.5249
309	-108.8882	-108.8882	-106.0773	0.9742	24.5494	0.2257	2.8e-04	0.5259
310	-108.8927	-108.8927	-106.0061	0.9735	24.8706	0.2287	2.8e-04	0.5246
311	-108.8936	-108.8936	-106.0437	0.9738	24.7212	0.2273	2.8e-04	0.5246
312	-108.8864	-108.8864	-106.1416	0.9748	24.2585	0.2231	2.8e-04	0.5271
313	-108.8901	-108.8901	-106.0701	0.9741	24.5887	0.2261	2.8e-04	0.5258
314	-108.8731	-108.8731	-106.0709	0.9743	24.5053	0.2254	2.8e-04	0.5251
315	-108.8832	-108.8832	-106.0063	0.9736	24.8204	0.2283	2.8e-04	0.5275
316	-108.8839	-108.8839	-106.1192	0.9746	24.3445	0.2239	2.8e-04	0.5245
317	-108.8679	-108.8679	-106.1112	0.9747	24.3079	0.2236	2.8e-04	0.5243
318	-108.9047	-108.9047	-106.1085	0.9743	24.4763	0.2251	2.8e-04	0.5271
319	-108.8760	-108.8760	-106.1069	0.9746	24.3580	0.2241	2.8e-04	0.5255
320	-108.8838	-108.8838	-106.0786	0.9742	24.5102	0.2255	2.8e-04	0.5246
321	-108.9019	-108.9019	-106.0081	0.9734	24.9014	0.2290	2.8e-04	0.5247
322	-108.8900	-108.8900	-106.0511	0.9739	24.6666	0.2268	2.8e-04	0.5252
323	-108.8876	-108.8876	-105.9716	0.9732	24.9900	0.2298	2.8e-04	0.5263
324	-108.8905	-108.8905	-105.9916	0.9734	24.9059	0.2291	2.8e-04	0.5252
325	-108.8948	-108.8948	-105.9973	0.9734	24.9126	0.2291	2.8e-04	0.5275
326	-108.9005	-108.9005	-105.9269	0.9727	25.2393	0.2321	2.8e-04	0.5258
327	-108.8969	-108.8969	-106.1147	0.9745	24.4202	0.2246	2.8e-04	0.5263
328	-108.8894	-108.8894	-105.9989	0.9735	24.8860	0.2289	2.8e-04	0.5251
329	-108.8991	-108.8991	-105.9303	0.9727	25.2151	0.2319	2.8e-04	0.5251
330	-108.8918	-108.8918	-106.0522	0.9739	24.6726	0.2269	2.8e-04	0.5252
331	-108.9004	-108.9004	-105.8876	0.9723	25.3981	0.2336	2.8e-04	0.5267
332	-108.9070	-108.9070	-105.8777	0.9722	25.4311	0.2342	2.8e-04	0.5247
333	-108.9218	-108.9218	-105.9960	0.9731	25.0411	0.2302	2.8e-04	0.5271
334	-108.9139	-108.9139	-105.8997	0.9723	25.4077	0.2336	2.8e-04	0.5257
335	-108.8988	-108.8988	-105.9721	0.9731	25.0316	0.2302	2.8e-04	0.5280
336	-108.9021	-108.9021	-106.0310	0.9736	24.7963	0.2281	2.8e-04	0.5261
337	-108.9010	-108.9010	-106.0547	0.9739	24.6999	0.2271	2.8e-04	0.5269
338	-108.9033	-108.9033	-105.9451	0.9728	25.1725	0.2315	2.8e-04	0.5262
339	-108.8979	-108.8979	-105.9312	0.9728	25.2023	0.2318	2.8e-04	0.5272
340	-108.9139	-108.9139	-105.9629	0.9729	25.1383	0.2311	2.8e-04	0.5249
341	-108.9166	-108.9166	-105.8713	0.9720	25.5297	0.2348	2.8e-04	0.5280
342	-108.9106	-108.9106	-105.8791	0.9722	25.4816	0.2343	2.8e-04	0.5260
343	-108.9178	-108.9178	-105.9492	0.9727	25.2129	0.2319	2.8e-04	0.5271
344	-108.9055	-108.9055	-105.8533	0.9720	25.5691	0.2351	2.8e-04	0.5254
345	-108.9187	-108.9187	-105.8132	0.9715	25.7841	0.2371	2.8e-04	0.5270
346	-108.9118	-108.9118	-105.8121	0.9715	25.7506	0.2368	2.8e-04	0.5249
347	-108.9025	-108.9025	-105.9957	0.9733	24.9561	0.2295	2.8e-04	0.5259
348	-108.9041	-108.9041	-105.9063	0.9725	25.3375	0.2330	2.8e-04	0.5255
349	-108.9052	-108.9052	-105.8112	0.9716	25.7334	0.2366	2.8e-04	0.5268
350	-108.9094	-108.9094	-105.8729	0.9721	25.4986	0.2344	2.8e-04	0.5258
351	-108.9141	-108.9141	-105.9065	0.9724	25.3792	0.2334	2.8e-04	0.5260
352	-108.9176	-108.9176	-105.8456	0.9718	25.6341	0.2358	2.8e-04	0.5248
353	-108.9101	-108.9101	-105.7278	0.9708	26.1010	0.2400	2.8e-04	0.5257
354	-108.9096	-108.9096	-105.8399	0.9718	25.6360	0.2357	2.8e-04	0.5258
355	-108.9266	-108.9266	-105.8128	0.9714	25.8158	0.2374	2.8e-04	0.5248
356	-108.9035	-108.9035	-105.8736	0.9722	25.4660	0.2342	2.8e-04	0.5274
357	-108.9224	-108.9224	-105.8175	0.9715	25.7744	0.2370	2.8e-04	0.5259
358	-108.9146	-108.9146	-105.7923	0.9713	25.8552	0.2377	2.8e-04	0.5253
359	-108.9209	-108.9209	-105.8383	0.9717	25.6891	0.2362	2.8e-04	0.5275
360	-108.9168	-108.9168	-105.9263	0.9725	25.3123	0.2327	2.8e-04	0.5277
361	-108.9091	-108.9091	-105.8267	0.9717	25.6885	0.2362	2.8e-04	0.5247
362	-108.8987	-108.8987	-105.8771	0.9723	25.4403	0.2339	2.8e-04	0.5256
363	-108.9151	-108.9151	-105.8824	0.9722	25.4833	0.2343	2.8e-04	0.5276
364	-108.9191	-108.9191	-105.9431	0.9727	25.2435	0.2321	2.8e-04	0.5251
365	-108.9279	-108.9279	-105.7584	0.9709	26.0444	0.2395	2.8e-04	0.5265
366	-108.9210	-108.9210	-105.9273	0.9725	25.3195	0.2328	2.8e-04	0.5283
367	-108.9320	-108.9320	-105.8726	0.9719	25.6008	0.2353	2.8e-04	0.5272
368	-108.9149	-108.9149	-105.8319	0.9717	25.6972	0.2362	2.8e-04	0.5263
369	-108.9374	-108.9374	-105.8296	0.9715	25.7922	0.2371	2.8e-04	0.5254
370	-108.9056	-108.9056	-105.9019	0.9724	25.3727	0.2332	2.8e-04	0.5256
371	-108.9290	-108.9290	-105.9682	0.9728	25.1919	0.2316	2.8e-04	0.5247
372	-108.9347	-108.9347	-105.9324	0.9724	25.3591	0.2331	2.8e-04	0.5260
373	-108.9317	-108.9317	-106.0538	0.9736	24.8412	0.2283	2.8e-04	0.5250
374	-108.9344	-108.9344	-105.9620	0.9727	25.2359	0.2320	2.8e-04	0.5272
375	-108.9148	-108.9148	-105.9984	0.9732	25.0006	0.2299	2.8e-04	0.5250
376	-108.9269	-108.9269	-106.0575	0.9737	24.7999	0.2280	2.8e-04	0.5268
377	-108.9237	-108.9237	-106.0607	0.9737	24.7661	0.2277	2.8e-04	0.5258
378	-108.9388	-108.9388	-106.1684	0.9746	24.3749	0.2241	2.8e-04	0.5281
379	-108.9352	-108.9352	-106.0673	0.9737	24.7986	0.2279	2.8e-04	0.5248
380	-108.9350	-108.9350	-106.1801	0.9747	24.3100	0.2235	2.8e-04	0.5272
381	-108.9308	-108.9308	-106.1959	0.9749	24.2183	0.2226	2.8e-04	0.5259
382	-108.9250	-108.9250	-106.2149	0.9751	24.1034	0.2216	2.8e-04	0.5270
383	-108.9295	-108.9295	-106.2381	0.9753	24.0290	0.2209	2.8e-04	0.5259
384	-108.9119	-108.9119	-106.3035	0.9761	23.6604	0.2175	2.8e-04	0.5265
385	-108.9386	-108.9386	-106.3079	0.9759	23.7606	0.2184	2.8e-04	0.5250
386	-108.9360	-108.9360	-106.2440	0.9753	24.0325	0.2209	2.8e-04	0.5265
387	-108.9235	-108.9235	-106.2745	0.9757	23.8430	0.2192	2.8e-04	0.5256
388	-108.9288	-108.9288	-106.2917	0.9758	23.7891	0.2187	2.8e-04	0.5263
389	-108.9312	-108.9312	-106.3060	0.9759	23.7368	0.2182	2.8e-04	0.5250
390	-108.9236	-108.9236	-106.3922	0.9768	23.3041	0.2142	2.8e-04	0.5268
391	-108.9269	-108.9269	-106.3514	0.9764	23.5131	0.2162	2.8e-04	0.5266
392	-108.9390	-108.9390	-106.3438	0.9762	23.6020	0.2170	2.8e-04	0.5261
393	-108.9307	-108.9307	-106.2514	0.9754	23.9717	0.2204	2.8e-04	0.5260
394	-108.9401	-108.9401	-106.3690	0.9764	23.4967	0.2160	2.8e-04	0.5261
395	-108.9344	-108.9344	-106.3650	0.9764	23.4836	0.2159	2.8e-04	0.5255
396	-108.9304	-108.9304	-106.3903	0.9767	23.3495	0.2147	2.8e-04	0.5250
397	-108.9502	-108.9502	-106.3555	0.9762	23.5918	0.2169	2.8e-04	0.5265
398	-108.9271	-108.9271	-106.4338	0.9771	23.1379	0.2127	2.8e-04	0.5242
399	-108.9430	-108.9430	-106.3732	0.9764	23.4877	0.2159	2.8e-04	0.5250
400	-108.9294	-108.9294	-106.3429	0.9763	23.5627	0.2166	2.8e-04	0.5267
401	-108.9335	-108.9335	-106.2616	0.9755	23.9455	0.2201	2.8e-04	0.5237
402	-108.9363	-108.9363	-106.3627	0.9764	23.5088	0.2161	2.8e-04	0.5242
403	-108.9581	-108.9581	-106.3084	0.9757	23.8483	0.2192	2.8e-04	0.5251
404	-108.9199	-108.9199	-106.3342	0.9763	23.5575	0.2166	2.8e-04	0.5255
405	-108.9381	-108.9381	-106.3698	0.9764	23.4824	0.2158	2.8e-04	0.5243
406	-108.9470	-108.9470	-106.2757	0.9755	23.9411	0.2201	2.8e-04	0.5275
407	-108.9532	-108.9532	-106.4021	0.9766	23.4056	0.2151	2.8e-04	0.5269
408	-108.9429	-108.9429	-106.3971	0.9766	23.3779	0.2149	2.8e-04	0.5264
409	-108.9308	-108.9308	-106.3216	0.9760	23.6630	0.2176	2.8e-04	0.5250
410	-108.9412	-108.9412	-106.3092	0.9758	23.7700	0.2185	2.8e-04	0.5267
411	-108.9517	-108.9517	-106.3665	0.9763	23.5573	0.2165	2.8e-04	0.5248
412	-108.9468	-108.9468	-106.4020	0.9766	23.3774	0.2149	2.8e-04	0.5273
413	-108.9387	-108.9387	-106.4338	0.9770	23.1936	0.2132	2.8e-04	0.5251
414	-108.9332	-108.9332	-106.3132	0.9759	23.7154	0.2180	2.8e-04	0.5272
415	-108.9507	-108.9507	-106.3799	0.9764	23.4961	0.2159	2.8e-04	0.5262
416	-108.9573	-108.9573	-106.3703	0.9763	23.5652	0.2166	2.8e-04	0.5261
417	-108.9352	-108.9352	-106.3183	0.9760	23.7009	0.2179	2.8e-04	0.5253
418	-108.9413	-108.9413	-106.4161	0.9768	23.2892	0.2141	2.8e-04	0.5261
419	-108.9376	-108.9376	-106.4661	0.9773	23.0431	0.2118	2.8e-04	0.5244
420	-108.9401	-108.9401	-106.4730	0.9774	23.0104	0.2115	2.8e-04	0.5253
421	-108.9372	-108.9372	-106.4891	0.9775	22.9336	0.2108	2.8e-04	0.5256
422	-108.9482	-108.9482	-106.5749	0.9782	22.5652	0.2074	2.8e-04	0.5275
423	-108.9351	-108.9351	-106.5008	0.9777	22.8690	0.2102	2.8e-04	0.5264
424	-108.9455	-108.9455	-106.6269	0.9787	22.3242	0.2052	2.8e-04	0.5268
425	-108.9447	-108.9447	-106.5091	0.9776	22.8720	0.2102	2.8e-04	0.5254
426	-108.9438	-108.9438	-106.5366	0.9779	22.7353	0.2089	2.8e-04	0.5270
427	-108.9447	-108.9447	-106.5984	0.9785	22.4611	0.2064	2.8e-04	0.5243
428	-108.9338	-108.9338	-106.5781	0.9784	22.5039	0.2068	2.8e-04	0.5260
429	-108.9223	-108.9223	-106.5511	0.9782	22.5733	0.2075	2.8e-04	0.5248
430	-108.9519	-108.9519	-106.6638	0.9790	22.1778	0.2038	2.8e-04	0.5252
431	-108.9411	-108.9411	-106.6080	0.9786	22.3938	0.2058	2.8e-04	0.5254
432	-108.9396	-108.9396	-106.5946	0.9785	22.4525	0.2064	2.8e-04	0.5243
433	-108.9377	-108.9377	-106.6082	0.9786	22.3751	0.2057	2.8e-04	0.5271
434	-108.9458	-108.9458	-106.5894	0.9784	22.5077	0.2069	2.8e-04	0.5254
435	-108.9443	-108.9443	-106.6561	0.9790	22.1836	0.2039	2.8e-04	0.5266
436	-108.9371	-108.9371	-106.4920	0.9776	22.9206	0.2107	2.8e-04	0.5244
437	-108.9521	-108.9521	-106.6250	0.9786	22.3730	0.2056	2.8e-04	0.5249
438	-108.9453	-108.9453	-106.6341	0.9788	22.2888	0.2048	2.8e-04	0.5253
439	-108.9459	-108.9459	-106.6510	0.9789	22.2156	0.2042	2.8e-04	0.5256
440	-108.9457	-108.9457	-106.5728	0.9782	22.5830	0.2076	2.8e-04	0.5251
441	-108.9530	-108.9530	-106.6207	0.9786	22.3791	0.2057	2.8e-04	0.5254
442	-108.9444	-108.9444	-106.6471	0.9789	22.2254	0.2043	2.8e-04	0.5259
443	-108.9496	-108.9496	-106.6266	0.9787	22.3382	0.2053	2.8e-04	0.5249
444	-108.9279	-108.9279	-106.5494	0.9782	22.6085	0.2078	2.8e-04	0.5262
445	-108.9462	-108.9462	-106.5959	0.9784	22.4721	0.2065	2.8e-04	0.5265
446	-108.9479	-108.9479	-106.5573	0.9781	22.6656	0.2083	2.8e-04	0.5252
447	-108.9565	-108.9565	-106.5912	0.9783	22.5459	0.2072	2.8e-04	0.5248
448	-108.9336	-108.9336	-106.6255	0.9788	22.2769	0.2048	2.8e-04	0.5254
449	-108.9434	-108.9434	-106.5893	0.9784	22.4929	0.2067	2.8e-04	0.5264
450	-108.9431	-108.9431	-106.3874	0.9765	23.4286	0.2153	2.8e-04	0.5245
451	-108.9448	-108.9448	-106.4866	0.9774	22.9812	0.2112	2.8e-04	0.5267
452	-108.9576	-108.9576	-106.4776	0.9772	23.0896	0.2121	2.8e-04	0.5248
453	-108.9405	-108.9405	-106.5284	0.9779	22.7725	0.2093	2.8e-04	0.5265
454	-108.9379	-108.9379	-106.4294	0.9770	23.2067	0.2134	2.7e-04	0.5242
455	-108.9377	-108.9377	-106.3714	0.9764	23.4782	0.2158	2.7e-04	0.5266
456	-108.9390	-108.9390	-106.3764	0.9765	23.4610	0.2156	2.7e-04	0.5261
457	-108.9716	-108.9716	-106.4381	0.9768	23.3325	0.2144	2.7e-04	0.5257
458	-108.9469	-108.9469	-106.4170	0.9768	23.3152	0.2142	2.7e-04	0.5237
459	-108.9674	-108.9674	-106.2776	0.9753	24.0317	0.2208	2.7e-04	0.5257
460	-108.9516	-108.9516	-106.4239	0.9768	23.2992	0.2142	2.7e-04	0.5255
461	-108.9592	-108.9592	-106.4553	0.9770	23.1903	0.2131	2.7e-04	0.5257
462	-108.9556	-108.9556	-106.4207	0.9767	23.3335	0.2144	2.7e-04	0.5263
463	-108.9593	-108.9593	-106.3795	0.9763	23.5386	0.2163	2.7e-04	0.5264
464	-108.9376	-108.9376	-106.4202	0.9769	23.2556	0.2137	2.7e-04	0.5249
465	-108.9435	-108.9435	-106.3382	0.9761	23.6454	0.2173	2.7e-04	0.5281
466	-108.9475	-108.9475	-106.4137	0.9767	23.3323	0.2144	2.7e-04	0.5255
467	-108.9526	-108.9526	-106.4477	0.9770	23.2028	0.2132	2.7e-04	0.5278
468	-108.9627	-108.9627	-106.5079	0.9775	22.9721	0.2111	2.7e-04	0.5258
469	-108.9474	-108.9474	-106.4442	0.9770	23.1905	0.2131	2.7e-04	0.5265
470	-108.9563	-108.9563	-106.4864	0.9773	23.0416	0.2117	2.7e-04	0.5249
471	-108.9412	-108.9412	-106.3810	0.9765	23.4543	0.2155	2.7e-04	0.5257
472	-108.9577	-108.9577	-106.4430	0.9769	23.2423	0.2136	2.7e-04	0.5251
473	-108.9562	-108.9562	-106.4126	0.9767	23.3717	0.2148	2.7e-04	0.5275
474	-108.9452	-108.9452	-106.4041	0.9767	23.3589	0.2147	2.7e-04	0.5240
475	-108.9543	-108.9543	-106.4706	0.9772	23.1022	0.2123	2.7e-04	0.5251
476	-108.9450	-108.9450	-106.4978	0.9775	22.9351	0.2108	2.7e-04	0.5252
477	-108.9582	-108.9582	-106.4902	0.9773	23.0320	0.2116	2.7e-04	0.5252
478	-108.9596	-108.9596	-106.4562	0.9770	23.1919	0.2131	2.7e-04	0.5267
479	-108.9624	-108.9624	-106.4671	0.9771	23.1575	0.2128	2.7e-04	0.5250
480	-108.9516	-108.9516	-106.3609	0.9762	23.5878	0.2167	2.7e-04	0.5272
481	-108.9481	-108.9481	-106.4706	0.9773	23.0625	0.2119	2.7e-04	0.5265
482	-108.9634	-108.9634	-106.3833	0.9763	23.5381	0.2163	2.7e-04	0.5248
483	-108.9642	-108.9642	-106.4243	0.9767	23.3530	0.2146	2.7e-04	0.5278
484	-108.9517	-108.9517	-106.4293	0.9768	23.2810	0.2139	2.7e-04	0.5262
485	-108.9470	-108.9470	-106.4023	0.9766	23.3747	0.2148	2.7e-04	0.5255
486	-108.9774	-108.9774	-106.4160	0.9765	23.4609	0.2155	2.7e-04	0.5240
487	-108.9564	-108.9564	-106.5032	0.9775	22.9598	0.2110	2.7e-04	0.5270
488	-108.9547	-108.9547	-106.4336	0.9769	23.2610	0.2137	2.7e-04	0.5248
489	-108.9489	-108.9489	-106.4402	0.9770	23.2093	0.2133	2.7e-04	0.5254
490	-108.9551	-108.9551	-106.4890	0.9774	23.0206	0.2116	2.7e-04	0.5246
491	-108.9617	-108.9617	-106.4727	0.9772	23.1265	0.2125	2.7e-04	0.5272
492	-108.9413	-108.9413	-106.3468	0.9762	23.6098	0.2169	2.7e-04	0.5269
493	-108.9580	-108.9580	-106.5505	0.9779	22.7506	0.2090	2.7e-04	0.5266
494	-108.9556	-108.9556	-106.4632	0.9771	23.1421	0.2126	2.7e-04	0.5260
495	-108.9486	-108.9486	-106.5432	0.9779	22.7404	0.2090	2.7e-04	0.5260
496	-108.9485	-108.9485	-106.5593	0.9781	22.6611	0.2082	2.7e-04	0.5249
497	-108.9425	-108.9425	-106.4776	0.9774	23.0166	0.2115	2.7e-04	0.5260
498	-108.9504	-108.9504	-106.4705	0.9772	23.0752	0.2121	2.7e-04	0.5265
499	-108.9610	-108.9610	-106.5414	0.9778	22.7980	0.2095	2.7e-04	0.5265
500	-108.9482	-108.9482	-106.4968	0.9775	22.9456	0.2109	2.7e-04	0.5254
501	-108.9519	-108.9519	-106.4549	0.9771	23.1656	0.2129	2.7e-04	0.5243
502	-108.9432	-108.9432	-106.5220	0.9778	22.8117	0.2096	2.7e-04	0.5267
503	-108.9534	-108.9534	-106.5690	0.9781	22.6399	0.2081	2.7e-04	0.5254
504	-108.9386	-108.9386	-106.5131	0.9777	22.8288	0.2098	2.7e-04	0.5264
505	-108.9497	-108.9497	-106.4618	0.9772	23.1180	0.2125	2.7e-04	0.5265
506	-108.9547	-108.9547	-106.3742	0.9763	23.5312	0.2163	2.7e-04	0.5260
507	-108.9592	-108.9592	-106.5117	0.9775	22.9332	0.2108	2.7e-04	0.5252
508	-108.9569	-108.9569	-106.4896	0.9774	23.0261	0.2116	2.7e-04	0.5271
509	-108.9482	-108.9482	-106.4329	0.9769	23.2447	0.2136	2.7e-04	0.5250
510	-108.9552	-108.9552	-106.5063	0.9775	22.9427	0.2108	2.7e-04	0.5249
511	-108.9549	-108.9549	-106.4767	0.9773	23.0762	0.2120	2.7e-04	0.5260
512	-108.9588	-108.9588	-106.5852	0.9782	22.5878	0.2076	2.7e-04	0.5257
513	-108.9612	-108.9612	-106.5135	0.9775	22.9315	0.2107	2.7e-04	0.5249
514	-108.9682	-108.9682	-106.3959	0.9764	23.4990	0.2160	2.7e-04	0.5243
515	-108.9426	-108.9426	-106.5206	0.9778	22.8177	0.2097	2.7e-04	0.5259
516	-108.9547	-108.9547	-106.4820	0.9773	23.0485	0.2118	2.7e-04	0.5251
517	-108.9521	-108.9521	-106.4251	0.9768	23.3027	0.2141	2.7e-04	0.5266
518	-108.9566	-108.9566	-106.4585	0.9771	23.1650	0.2129	2.7e-04	0.5254
519	-108.9463	-108.9463	-106.4922	0.9775	22.9655	0.2111	2.7e-04	0.5278
520	-108.9783	-108.9783	-106.4186	0.9765	23.4527	0.2155	2.7e-04	0.5251
521	-108.9552	-108.9552	-106.4084	0.9766	23.3884	0.2149	2.7e-04	0.5243
522	-108.9548	-108.9548	-106.5608	0.9780	22.6883	0.2085	2.7e-04	0.5270
523	-108.9577	-108.9577	-106.5145	0.9776	22.9158	0.2106	2.7e-04	0.5251
524	-108.9687	-108.9687	-106.4456	0.9768	23.2820	0.2139	2.7e-04	0.5252
525	-108.9485	-108.9485	-106.5194	0.9777	22.8511	0.2100	2.7e-04	0.5275
526	-108.9691	-108.9691	-106.5400	0.9777	22.8563	0.2100	2.7e-04	0.5256
527	-108.9559	-108.9559	-106.4930	0.9774	23.0076	0.2114	2.7e-04	0.5242
528	-108.9578	-108.9578	-106.5144	0.9776	22.9155	0.2105	2.7e-04	0.5245
529	-108.9532	-108.9532	-106.5111	0.9776	22.9094	0.2105	2.7e-04	0.5266
530	-108.9620	-108.9620	-106.5348	0.9777	22.8434	0.2099	2.7e-04	0.5256
531	-108.9521	-108.9521	-106.6128	0.9785	22.4297	0.2061	2.7e-04	0.5248
532	-108.9405	-108.9405	-106.5755	0.9783	22.5493	0.2072	2.7e-04	0.5243
533	-108.9618	-108.9618	-106.4599	0.9770	23.1771	0.2130	2.7e-04	0.5254
534	-108.9698	-108.9698	-106.5697	0.9780	22.7178	0.2087	2.7e-04	0.5247
535	-108.9505	-108.9505	-106.5140	0.9776	22.8877	0.2103	2.7e-04	0.5252
536	-108.9628	-108.9628	-106.5288	0.9777	22.8668	0.2101	2.7e-04	0.5268
537	-108.9657	-108.9657	-106.6018	0.9783	22.5465	0.2072	2.7e-04	0.5260
538	-108.9507	-108.9507	-106.5510	0.9780	22.7154	0.2087	2.7e-04	0.5257
539	-108.9675	-108.9675	-106.6694	0.9789	22.2358	0.2043	2.7e-04	0.5254
540	-108.9566	-108.9566	-106.5579	0.9780	22.6893	0.2084	2.7e-04	0.5254
541	-108.9581	-108.9581	-106.6027	0.9784	22.5084	0.2068	2.7e-04	0.5255
542	-108.9542	-108.9542	-106.7062	0.9794	21.9772	0.2020	2.7e-04	0.5266
543	-108.9671	-108.9671	-106.6342	0.9786	22.4010	0.2058	2.7e-04	0.5261
544	-108.9467	-108.9467	-106.6598	0.9790	22.1781	0.2038	2.7e-04	0.5242
545	-108.9659	-108.9659	-106.6451	0.9787	22.3433	0.2053	2.7e-04	0.5271
546	-108.9548	-108.9548	-106.6931	0.9792	22.0570	0.2027	2.7e-04	0.5248
547	-108.9430	-108.9430	-106.6115	0.9786	22.3921	0.2058	2.7e-04	0.5276
548	-108.9686	-108.9686	-106.6900	0.9791	22.1398	0.2034	2.7e-04	0.5246
549	-108.9631	-108.9631	-106.6252	0.9785	22.4247	0.2060	2.7e-04	0.5273
550	-108.9522	-108.9522	-106.6916	0.9793	22.0505	0.2026	2.7e-04	0.5243
551	-108.9637	-108.9637	-106.6561	0.9788	22.2794	0.2047	2.7e-04	0.5267
552	-108.9504	-108.9504	-106.7869	0.9801	21.5793	0.1983	2.7e-04	0.5252
553	-108.9369	-108.9369	-106.6812	0.9793	22.0269	0.2024	2.7e-04	0.5268
554	-108.9611	-108.9611	-106.7991	0.9802	21.5708	0.1982	2.7e-04	0.5250
555	-108.9684	-108.9684	-106.7368	0.9795	21.9097	0.2013	2.7e-04	0.5258
556	-108.9534	-108.9534	-106.8039	0.9803	21.5121	0.1977	2.7e-04	0.5244
557	-108.9602	-108.9602	-106.8248	0.9804	21.4315	0.1970	2.7e-04	0.5262
558	-108.9510	-108.9510	-106.7563	0.9799	21.7299	0.1997	2.7e-04	0.5245
559	-108.9665	-108.9665	-106.7869	0.9800	21.6569	0.1990	2.7e-04	0.5276
560	-108.9591	-108.9591	-106.7819	0.9800	21.6470	0.1989	2.7e-04	0.5253
561	-108.9572	-108.9572	-106.7034	0.9793	22.0177	0.2023	2.7e-04	0.5272
562	-108.9574	-108.9574	-106.7390	0.9796	21.8489	0.2007	2.7e-04	0.5259
563	-108.9535	-108.9535	-106.8880	0.9810	21.0913	0.1938	2.7e-04	0.5265
564	-108.9458	-108.9458	-106.7790	0.9801	21.5878	0.1984	2.7e-04	0.5259
565	-108.9544	-108.9544	-106.7942	0.9802	21.5570	0.1981	2.7e-04	0.5252
566	-108.9683	-108.9683	-106.8224	0.9803	21.4923	0.1975	2.7e-04	0.5236
567	-108.9447	-108.9447	-106.8209	0.9805	21.3795	0.1965	2.7e-04	0.5273
568	-108.9541	-108.9541	-106.7254	0.9795	21.8926	0.2012	2.7e-04	0.5264
569	-108.9479	-108.9479	-106.7369	0.9797	21.8135	0.2004	2.7e-04	0.5255
570	-108.9633	-108.9633	-106.7168	0.9794	21.9880	0.2020	2.7e-04	0.5258
571	-108.9598	-108.9598	-106.7188	0.9794	21.9585	0.2018	2.7e-04	0.5259
572	-108.9551	-108.9551	-106.7337	0.9796	21.8619	0.2009	2.7e-04	0.5272
573	-108.9669	-108.9669	-106.7606	0.9798	21.7924	0.2002	2.7e-04	0.5269
574	-108.9591	-108.9591	-106.7894	0.9801	21.6034	0.1985	2.7e-04	0.5235
575	-108.9698	-108.9698	-106.7507	0.9796	21.8489	0.2008	2.7e-04	0.5264
576	-108.9585	-108.9585	-106.8540	0.9807	21.2880	0.1956	2.7e-04	0.5277
577	-108.9573	-108.9573	-106.7901	0.9801	21.5962	0.1984	2.7e-04	0.5242
578	-108.9663	-108.9663	-106.8656	0.9807	21.2656	0.1954	2.7e-04	0.5266
579	-108.9679	-108.9679	-106.7410	0.9796	21.8860	0.2011	2.7e-04	0.5251
580	-108.9726	-108.9726	-106.6985	0.9791	22.1176	0.2032	2.7e-04	0.5263
581	-108.9625	-108.9625	-106.7350	0.9796	21.8912	0.2012	2.7e-04	0.5253
582	-108.9536	-108.9536	-106.8569	0.9808	21.2435	0.1952	2.7e-04	0.5244
583	-108.9579	-108.9579	-106.8349	0.9805	21.3786	0.1964	2.7e-04	0.5255
584	-108.9504	-108.9504	-106.8267	0.9805	21.3758	0.1964	2.7e-04	0.5248
585	-108.9536	-108.9536	-106.7432	0.9797	21.8053	0.2004	2.7e-04	0.5252
586	-108.9657	-108.9657	-106.7175	0.9794	21.9868	0.2021	2.7e-04	0.5263
587	-108.9588	-108.9588	-106.7429	0.9797	21.8260	0.2006	2.7e-04	0.5242
588	-108.9518	-108.9518	-106.6890	0.9792	22.0593	0.2027	2.7e-04	0.5272
589	-108.9693	-108.9693	-106.8303	0.9804	21.4468	0.1971	2.7e-04	0.5244
590	-108.9556	-108.9556	-106.8655	0.9808	21.2037	0.1949	2.7e-04	0.5272
591	-108.9651	-108.9651	-106.7522	0.9797	21.8166	0.2005	2.7e-04	0.5254
592	-108.9485	-108.9485	-106.7860	0.9802	21.5746	0.1982	2.7e-04	0.5265
593	-108.9582	-108.9582	-106.7708	0.9799	21.6999	0.1994	2.7e-04	0.5301
594	-108.9368	-108.9368	-106.7547	0.9800	21.6659	0.1991	2.7e-04	0.5264
595	-108.9738	-108.9738	-106.6736	0.9789	22.2421	0.2044	2.7e-04	0.5259
596	-108.9545	-108.9545	-106.7902	0.9801	21.5797	0.1983	2.7e-04	0.5262
597	-108.9527	-108.9527	-106.6795	0.9791	22.0941	0.2030	2.7e-04	0.5270
598	-108.9583	-108.9583	-106.6504	0.9788	22.2660	0.2046	2.7e-04	0.5258
599	-108.9669	-108.9669	-106.7443	0.9796	21.8666	0.2009	2.7e-04	0.5269
600	-108.9728	-108.9728	-106.6049	0.9783	22.5572	0.2073	2.7e-04	0.5260
601	-108.9719	-108.9719	-106.6737	0.9789	22.2348	0.2043	2.7e-04	0.5226
602	-108.9484	-108.9484	-106.7345	0.9797	21.8268	0.2006	2.7e-04	0.5267
603	-108.9656	-108.9656	-106.7193	0.9794	21.9638	0.2018	2.7e-04	0.5266
604	-108.9662	-108.9662	-106.6876	0.9791	22.1422	0.2034	2.7e-04	0.5271
605	-108.9702	-108.9702	-106.6359	0.9786	22.4087	0.2059	2.7e-04	0.5252
606	-108.9642	-108.9642	-106.6094	0.9784	22.5012	0.2068	2.7e-04	0.5264
607	-108.9650	-108.9650	-106.6792	0.9790	22.1733	0.2037	2.7e-04	0.5255
608	-108.9562	-108.9562	-106.7019	0.9793	22.0181	0.2024	2.7e-04	0.5253
609	-108.9470	-108.9470	-106.6235	0.9787	22.3524	0.2054	2.7e-04	0.5285
610	-108.9645	-108.9645	-106.5388	0.9777	22.8368	0.2098	2.7e-04	0.5250
611	-108.9514	-108.9514	-106.6146	0.9786	22.4207	0.2060	2.7e-04	0.5251
612	-108.9569	-108.9569	-106.5672	0.9781	22.6551	0.2082	2.7e-04	0.5268
613	-108.9563	-108.9563	-106.5248	0.9777	22.8656	0.2101	2.7e-04	0.5273
614	-108.9602	-108.9602	-106.5486	0.9779	22.7705	0.2092	2.7e-04	0.5262
615	-108.9567	-108.9567	-106.4961	0.9774	22.9887	0.2112	2.7e-04	0.5261
616	-108.9632	-108.9632	-106.4430	0.9769	23.2756	0.2138	2.7e-04	0.5254
617	-108.9536	-108.9536	-106.4248	0.9768	23.3166	0.2142	2.7e-04	0.5272
618	-108.9556	-108.9556	-106.3612	0.9762	23.5993	0.2169	2.7e-04	0.5259
619	-108.9571	-108.9571	-106.4903	0.9774	23.0308	0.2116	2.7e-04	0.5289
620	-108.9448	-108.9448	-106.4661	0.9772	23.0806	0.2121	2.7e-04	0.5287
621	-108.9623	-108.9623	-106.3063	0.9756	23.8792	0.2194	2.7e-04	0.5260
622	-108.9602	-108.9602	-106.4013	0.9765	23.4538	0.2154	2.7e-04	0.5246
623	-108.9587	-108.9587	-106.3558	0.9761	23.6496	0.2173	2.7e-04	0.5285
624	-108.9567	-108.9567	-106.3952	0.9765	23.4603	0.2155	2.7e-04	0.5245
625	-108.9551	-108.9551	-106.3795	0.9764	23.5155	0.2161	2.7e-04	0.5257
626	-108.9548	-108.9548	-106.2150	0.9749	24.2575	0.2228	2.7e-04	0.5241
627	-108.9536	-108.9536	-106.2852	0.9755	23.9413	0.2199	2.7e-04	0.5240
628	-108.9541	-108.9541	-106.3746	0.9763	23.5337	0.2162	2.7e-04	0.5271
629	-108.9463	-108.9463	-106.3348	0.9760	23.6879	0.2176	2.7e-04	0.5258
630	-108.9825	-108.9825	-106.2281	0.9747	24.3187	0.2234	2.7e-04	0.5270
631	-108.9585	-108.9585	-106.2646	0.9753	24.0537	0.2210	2.7e-04	0.5251
632	-108.9560	-108.9560	-106.3167	0.9758	23.8118	0.2188	2.7e-04	0.5258
633	-108.9475	-108.9475	-106.3585	0.9762	23.5707	0.2166	2.7e-04	0.5258
634	-108.9602	-108.9602	-106.3506	0.9761	23.6807	0.2175	2.7e-04	0.5271
635	-108.9691	-108.9691	-106.2302	0.9749	24.2481	0.2228	2.7e-04	0.5256
636	-108.9637	-108.9637	-106.3838	0.9763	23.5459	0.2163	2.7e-04	0.5262
637	-108.9606	-108.9606	-106.1672	0.9744	24.4856	0.2250	2.7e-04	0.5248
638	-108.9721	-108.9721	-106.1884	0.9745	24.4461	0.2246	2.7e-04	0.5261
639	-108.9617	-108.9617	-106.1772	0.9744	24.4465	0.2246	2.7e-04	0.5255
640	-108.9477	-108.9477	-106.3168	0.9759	23.7735	0.2184	2.7e-04	0.5268
641	-108.9634	-108.9634	-106.1240	0.9739	24.6843	0.2268	2.7e-04	0.5252
642	-108.9681	-108.9681	-106.2440	0.9750	24.1864	0.2222	2.7e-04	0.5274
643	-108.9637	-108.9637	-106.1493	0.9742	24.5775	0.2258	2.7e-04	0.5261
644	-108.9579	-108.9579	-106.1114	0.9739	24.7168	0.2271	2.7e-04	0.5264
645	-108.9493	-108.9493	-106.2870	0.9756	23.9126	0.2197	2.7e-04	0.5257
646	-108.9704	-108.9704	-106.1461	0.9741	24.6187	0.2262	2.7e-04	0.5248
647	-108.9561	-108.9561	-106.1553	0.9743	24.5165	0.2253	2.7e-04	0.5263
648	-108.9628	-108.9628	-106.1670	0.9743	24.4959	0.2250	2.7e-04	0.5248
649	-108.9663	-108.9663	-106.1549	0.9742	24.5650	0.2257	2.7e-04	0.5260
650	-108.9584	-108.9584	-106.0967	0.9737	24.7759	0.2276	2.7e-04	0.5279
651	-108.9461	-108.9461	-105.9830	0.9728	25.2089	0.2316	2.7e-04	0.5259
652	-108.9468	-108.9468	-106.0619	0.9735	24.8843	0.2286	2.7e-04	0.5257
653	-108.9757	-108.9757	-105.9811	0.9725	25.3484	0.2328	2.7e-04	0.5265
654	-108.9474	-108.9474	-106.0607	0.9735	24.8789	0.2286	2.7e-04	0.5257
655	-108.9566	-108.9566	-106.0085	0.9729	25.1502	0.2310	2.7e-04	0.5255
656	-108.9770	-108.9770	-105.9476	0.9722	25.4832	0.2341	2.7e-04	0.5256
657	-108.9624	-108.9624	-106.0272	0.9731	25.0853	0.2305	2.7e-04	0.5267
658	-108.9602	-108.9602	-105.8864	0.9718	25.6668	0.2358	2.7e-04	0.5254
659	-108.9648	-108.9648	-106.0359	0.9731	25.0679	0.2303	2.7e-04	0.5258
660	-108.9485	-108.9485	-105.9788	0.9727	25.2396	0.2319	2.6e-04	0.5270
661	-108.9615	-108.9615	-105.8763	0.9717	25.7143	0.2363	2.6e-04	0.5257
662	-108.9601	-108.9601	-105.9303	0.9722	25.4907	0.2342	2.6e-04	0.5267
663	-108.9683	-108.9683	-105.9384	0.9722	25.4793	0.2340	2.6e-04	0.5252
664	-108.9580	-108.9580	-105.8765	0.9717	25.7051	0.2361	2.6e-04	0.5259
665	-108.9514	-108.9514	-105.7494	0.9706	26.1950	0.2406	2.6e-04	0.5256
666	-108.9708	-108.9708	-105.8260	0.9711	25.9655	0.2385	2.6e-04	0.5259
667	-108.9584	-108.9584	-105.7695	0.9707	26.1399	0.2401	2.6e-04	0.5256
668	-108.9516	-108.9516	-105.7558	0.9707	26.1592	0.2403	2.6e-04	0.5264
669	-108.9647	-108.9647	-105.6206	0.9693	26.7599	0.2458	2.6e-04	0.5257
670	-108.9756	-108.9756	-105.7278	0.9702	26.3820	0.2423	2.6e-04	0.5255
671	-108.9703	-108.9703	-105.6336	0.9694	26.7354	0.2455	2.6e-04	0.5264
672	-108.9558	-108.9558	-105.6104	0.9693	26.7713	0.2459	2.6e-04	0.5252
673	-108.9528	-108.9528	-105.5242	0.9685	27.0952	0.2489	2.6e-04	0.5251
674	-108.9550	-108.9550	-105.5445	0.9687	27.0234	0.2482	2.6e-04	0.5254
675	-108.9559	-108.9559	-105.5711	0.9689	26.9228	0.2473	2.6e-04	0.5272
676	-108.9635	-108.9635	-105.6559	0.9696	26.6143	0.2444	2.6e-04	0.5252
677	-108.9616	-108.9616	-105.6061	0.9692	26.8113	0.2462	2.6e-04	0.5270
678	-108.9642	-108.9642	-105.5301	0.9685	27.1154	0.2491	2.6e-04	0.5251
679	-108.9689	-108.9689	-105.5683	0.9688	26.9864	0.2479	2.6e-04	0.5261
680	-108.9554	-108.9554	-105.5210	0.9685	27.1184	0.2491	2.6e-04	0.5257
681	-108.9621	-108.9621	-105.4905	0.9681	27.2580	0.2504	2.6e-04	0.5266
682	-108.9567	-108.9567	-105.6453	0.9696	26.6302	0.2447	2.6e-04	0.5250
683	-108.9570	-108.9570	-105.6620	0.9698	26.5634	0.2441	2.6e-04	0.5250
684	-108.9583	-108.9583	-105.6383	0.9695	26.6609	0.2449	2.6e-04	0.5258
685	-108.9587	-108.9587	-105.6058	0.9692	26.8002	0.2462	2.6e-04	0.5257
686	-108.9606	-108.9606	-105.5532	0.9687	27.0071	0.2481	2.6e-04	0.5240
687	-108.9595	-108.9595	-105.6810	0.9699	26.5030	0.2434	2.6e-04	0.5249
688	-108.9688	-108.9688	-105.5801	0.9689	26.9412	0.2474	2.6e-04	0.5278
689	-108.9603	-108.9603	-105.6684	0.9698	26.5557	0.2439	2.6e-04	0.5263
690	-108.9596	-108.9596	-105.7079	0.9702	26.4015	0.2425	2.6e-04	0.5248
691	-108.9598	-108.9598	-105.6646	0.9698	26.5689	0.2441	2.6e-04	0.5276
692	-108.9558	-108.9558	-105.5615	0.9688	26.9606	0.2477	2.6e-04	0.5250
693	-108.9607	-108.9607	-105.7738	0.9708	26.1335	0.2401	2.6e-04	0.5256
694	-108.9491	-108.9491	-105.6623	0.9698	26.5378	0.2438	2.6e-04	0.5271
695	-108.9660	-108.9660	-105.6032	0.9691	26.8281	0.2464	2.6e-04	0.5253
696	-108.9587	-108.9587	-105.5867	0.9691	26.8590	0.2468	2.6e-04	0.5253
697	-108.9688	-108.9688	-105.6269	0.9693	26.7304	0.2456	2.6e-04	0.5246
698	-108.9602	-108.9602	-105.5639	0.9688	26.9667	0.2477	2.6e-04	0.5253
699	-108.9678	-108.9678	-105.5509	0.9686	27.0539	0.2485	2.6e-04	0.5265
700	-108.9556	-108.9556	-105.6023	0.9692	26.7970	0.2461	2.6e-04	0.5238
701	-108.9538	-108.9538	-105.6692	0.9699	26.5273	0.2436	2.6e-04	0.5243
702	-108.9607	-108.9607	-105.6651	0.9698	26.5681	0.2440	2.6e-04	0.5243
703	-108.9698	-108.9698	-105.6826	0.9698	26.5323	0.2437	2.6e-04	0.5263
704	-108.9442	-108.9442	-105.6923	0.9702	26.3950	0.2425	2.6e-04	0.5254
705	-108.9652	-108.9652	-105.6274	0.9694	26.7383	0.2456	2.6e-04	0.5273
706	-108.9566	-108.9566	-105.6491	0.9696	26.5995	0.2443	2.6e-04	0.5259
707	-108.9724	-108.9724	-105.7034	0.9700	26.4644	0.2431	2.6e-04	0.5272
708	-108.9662	-108.9662	-105.7678	0.9706	26.1851	0.2405	2.6e-04	0.5248
709	-108.9598	-108.9598	-105.7109	0.9702	26.3747	0.2423	2.6e-04	0.5275
710	-108.9646	-108.9646	-105.6525	0.9696	26.6252	0.2446	2.6e-04	0.5258
711	-108.9717	-108.9717	-105.6338	0.9694	26.7296	0.2455	2.6e-04	0.5259
712	-108.9699	-108.9699	-105.7043	0.9700	26.4481	0.2429	2.6e-04	0.5252
713	-108.9621	-108.9621	-105.6968	0.9700	26.4490	0.2430	2.6e-04	0.5258
714	-108.9635	-108.9635	-105.6796	0.9699	26.5296	0.2437	2.6e-04	0.5255
715	-108.9569	-108.9569	-105.6801	0.9699	26.4932	0.2434	2.6e-04	0.5264
716	-108.9660	-108.9660	-105.6657	0.9697	26.5892	0.2442	2.6e-04	0.5254
717	-108.9563	-108.9563	-105.8065	0.9711	25.9585	0.2385	2.6e-04	0.5261
718	-108.9761	-108.9761	-105.6945	0.9699	26.5134	0.2435	2.6e-04	0.5255
719	-108.9665	-108.9665	-105.6559	0.9696	26.6288	0.2446	2.6e-04	0.5265
720	-108.9445	-108.9445	-105.6204	0.9695	26.6775	0.2451	2.6e-04	0.5244
721	-108.9615	-108.9615	-105.7931	0.9709	26.0546	0.2394	2.6e-04	0.5255
722	-108.9661	-108.9661	-105.7837	0.9708	26.1129	0.2399	2.6e-04	0.5251
723	-108.9661	-108.9661	-105.6858	0.9699	26.5087	0.2435	2.6e-04	0.5261
724	-108.9676	-108.9676	-105.7225	0.9702	26.3699	0.2422	2.6e-04	0.5255
725	-108.9532	-108.9532	-105.7974	0.9710	25.9978	0.2388	2.6e-04	0.5256
726	-108.9477	-108.9477	-105.6938	0.9701	26.4024	0.2426	2.6e-04	0.5253
727	-108.9684	-108.9684	-105.7818	0.9708	26.1354	0.2401	2.6e-04	0.5255
728	-108.9695	-108.9695	-105.7696	0.9706	26.1846	0.2405	2.6e-04	0.5265
729	-108.9559	-108.9559	-105.8506	0.9715	25.7949	0.2370	2.6e-04	0.5253
730	-108.9744	-108.9744	-105.7176	0.9701	26.4091	0.2426	2.6e-04	0.5277
731	-108.9669	-108.9669	-105.7164	0.9702	26.3751	0.2423	2.6e-04	0.5243
732	-108.9537	-108.9537	-105.7214	0.9703	26.3136	0.2418	2.6e-04	0.5244
733	-108.9673	-108.9673	-105.7728	0.9707	26.1471	0.2403	2.6e-04	0.5266
734	-108.9666	-108.9666	-105.7924	0.9709	26.0797	0.2396	2.6e-04	0.5243
735	-108.9707	-108.9707	-105.7878	0.9708	26.1164	0.2399	2.6e-04	0.5237
736	-108.9600	-108.9600	-105.6152	0.9693	26.7542	0.2459	2.6e-04	0.5276
737	-108.9609	-108.9609	-105.7241	0.9703	26.3295	0.2419	2.6e-04	0.5256
738	-108.9574	-108.9574	-105.7676	0.9707	26.1425	0.2402	2.6e-04	0.5249
739	-108.9622	-108.9622	-105.6372	0.9695	26.6862	0.2451	2.6e-04	0.5250
740	-108.9586	-108.9586	-105.6512	0.9696	26.6109	0.2445	2.6e-04	0.5255
741	-108.9665	-108.9665	-105.6030	0.9691	26.8356	0.2465	2.6e-04	0.5347
742	-108.9601	-108.9601	-105.6671	0.9698	26.5625	0.2440	2.6e-04	0.5246
743	-108.9666	-108.9666	-105.6679	0.9697	26.5820	0.2442	2.6e-04	0.5276
744	-108.9591	-108.9591	-105.5805	0.9690	26.8934	0.2471	2.6e-04	0.5249
745	-108.9532	-108.9532	-105.6158	0.9694	26.7333	0.2456	2.6e-04	0.5249
746	-108.9519	-108.9519	-105.5035	0.9683	27.1728	0.2496	2.6e-04	0.5250
747	-108.9403	-108.9403	-105.4847	0.9683	27.1950	0.2499	2.6e-04	0.5267
748	-108.9490	-108.9490	-105.5335	0.9687	27.0349	0.2483	2.6e-04	0.5247
749	-108.9628	-108.9628	-105.4359	0.9676	27.4730	0.2524	2.6e-04	0.5245
750	-108.9577	-108.9577	-105.4330	0.9677	27.4598	0.2523	2.6e-04	0.5274
751	-108.9537	-108.9537	-105.3533	0.9670	27.7472	0.2549	2.6e-04	0.5248
752	-108.9659	-108.9659	-105.4186	0.9674	27.5440	0.2530	2.6e-04	0.5257
753	-108.9637	-108.9637	-105.3175	0.9665	27.9061	0.2563	2.6e-04	0.5236
754	-108.9666	-108.9666	-105.3116	0.9665	27.9590	0.2568	2.6e-04	0.5240
755	-108.9644	-108.9644	-105.3653	0.9670	27.7441	0.2549	2.6e-04	0.5262
756	-108.9611	-108.9611	-105.2905	0.9663	28.0193	0.2574	2.6e-04	0.5243
757	-108.9558	-108.9558	-105.2566	0.9660	28.1216	0.2583	2.6e-04	0.5274
758	-108.9481	-108.9481	-105.0629	0.9643	28.8115	0.2647	2.6e-04	0.5248
759	-108.9584	-108.9584	-104.9970	0.9636	29.0876	0.2672	2.6e-04	0.5270
760	-108.9667	-108.9667	-105.2353	0.9658	28.2489	0.2594	2.6e-04	0.5254
761	-108.9596	-108.9596	-105.1021	0.9646	28.7014	0.2637	2.6e-04	0.5255
762	-108.9659	-108.9659	-104.9380	0.9630	29.3290	0.2694	2.6e-04	0.5257
763	-108.9677	-108.9677	-105.0702	0.9642	28.8620	0.2651	2.6e-04	0.5253
764	-108.9550	-108.9550	-105.0014	0.9637	29.0552	0.2669	2.6e-04	0.5247
765	-108.9674	-108.9674	-104.9298	0.9629	29.3630	0.2697	2.6e-04	0.5252
766	-108.9583	-108.9583	-104.9998	0.9637	29.0813	0.2671	2.6e-04	0.5254
767	-108.9655	-108.9655	-104.9330	0.9630	29.3393	0.2695	2.6e-04	0.5248
768	-108.9535	-108.9535	-104.8951	0.9628	29.4351	0.2704	2.6e-04	0.5271
769	-108.9641	-108.9641	-104.9451	0.9631	29.2875	0.2690	2.6e-04	0.5264
770	-108.9648	-108.9648	-104.8549	0.9623	29.6158	0.2720	2.6e-04	0.5259
771	-108.9501	-108.9501	-104.7096	0.9611	30.0712	0.2762	2.6e-04	0.5244
772	-108.9649	-108.9649	-104.8721	0.9624	29.5550	0.2715	2.6e-04	0.5241
773	-108.9679	-108.9679	-104.7812	0.9616	29.8880	0.2745	2.6e-04	0.5263
774	-108.9617	-108.9617	-104.8103	0.9619	29.7636	0.2734	2.6e-04	0.5253
775	-108.9719	-108.9719	-104.7575	0.9613	29.9823	0.2754	2.6e-04	0.5239
776	-108.9586	-108.9586	-104.6576	0.9605	30.2809	0.2782	2.6e-04	0.5265
777	-108.9562	-108.9562	-104.7158	0.9611	30.0717	0.2762	2.6e-04	0.5245
778	-108.9657	-108.9657	-104.6553	0.9604	30.3075	0.2784	2.6e-04	0.5253
779	-108.9655	-108.9655	-104.7912	0.9617	29.8409	0.2741	2.6e-04	0.5247
780	-108.9688	-108.9688	-104.6463	0.9603	30.3528	0.2788	2.6e-04	0.5255
781	-108.9688	-108.9688	-104.7486	0.9613	30.0028	0.2756	2.6e-04	0.5276
782	-108.9626	-108.9626	-104.6026	0.9600	30.4932	0.2800	2.6e-04	0.5254
783	-108.9690	-108.9690	-104.6485	0.9604	30.3571	0.2788	2.6e-04	0.5245
784	-108.9584	-108.9584	-104.4924	0.9590	30.8441	0.2833	2.6e-04	0.5241
785	-108.9675	-108.9675	-104.5657	0.9596	30.6310	0.2813	2.6e-04	0.5265
786	-108.9764	-108.9764	-104.5921	0.9598	30.5629	0.2808	2.6e-04	0.5253
787	-108.9594	-108.9594	-104.5104	0.9592	30.7815	0.2827	2.6e-04	0.5269
788	-108.9606	-108.9606	-104.4827	0.9589	30.8917	0.2837	2.6e-04	0.5245
789	-108.9530	-108.9530	-104.5263	0.9594	30.7182	0.2821	2.6e-04	0.5263
790	-108.9573	-108.9573	-104.7630	0.9615	29.9109	0.2748	2.6e-04	0.5253
791	-108.9644	-108.9644	-104.6329	0.9602	30.3947	0.2791	2.6e-04	0.5261
792	-108.9511	-108.9511	-104.5152	0.9593	30.7371	0.2824	2.6e-04	0.5251
793	-108.9761	-108.9761	-104.4384	0.9584	31.0904	0.2856	2.6e-04	0.5256
794	-108.9631	-108.9631	-104.6144	0.9601	30.4508	0.2797	2.6e-04	0.5241
795	-108.9664	-108.9664	-104.5364	0.9593	30.7120	0.2821	2.6e-04	0.5268
796	-108.9628	-108.9628	-104.5786	0.9598	30.5778	0.2808	2.6e-04	0.5254
797	-108.9691	-108.9691	-104.6247	0.9601	30.4319	0.2795	2.6e-04	0.5251
798	-108.9647	-108.9647	-104.5950	0.9599	30.5125	0.2802	2.6e-04	0.5267
799	-108.9591	-108.9591	-104.5912	0.9599	30.5037	0.2802	2.6e-04	0.5254
800	-108.9566	-108.9566	-104.5924	0.9599	30.5016	0.2802	2.6e-04	0.5257
801	-108.9680	-108.9680	-104.5888	0.9598	30.5593	0.2806	2.6e-04	0.5238
802	-108.9572	-108.9572	-104.3867	0.9581	31.2010	0.2866	2.6e-04	0.5248
803	-108.9597	-108.9597	-104.5335	0.9594	30.7157	0.2821	2.6e-04	0.5258
804	-108.9490	-108.9490	-104.4732	0.9589	30.8813	0.2837	2.6e-04	0.5244
805	-108.9539	-108.9539	-104.4985	0.9591	30.8124	0.2830	2.6e-04	0.5276
806	-108.9702	-108.9702	-104.3677	0.9578	31.3027	0.2875	2.6e-04	0.5251
807	-108.9671	-108.9671	-104.4114	0.9582	31.1506	0.2861	2.6e-04	0.5268
808	-108.9517	-108.9517	-104.3668	0.9579	31.2483	0.2870	2.6e-04	0.5245
809	-108.9586	-108.9586	-104.4136	0.9583	31.1080	0.2858	2.6e-04	0.5265
810	-108.9792	-108.9792	-104.5232	0.9591	30.8084	0.2830	2.6e-04	0.5245
811	-108.9652	-108.9652	-104.4388	0.9585	31.0536	0.2852	2.6e-04	0.5251
812	-108.9569	-108.9569	-104.3960	0.9581	31.1725	0.2863	2.6e-04	0.5265
813	-108.9490	-108.9490	-104.3301	0.9576	31.3594	0.2881	2.6e-04	0.5256
814	-108.9717	-108.9717	-104.3460	0.9576	31.3806	0.2883	2.6e-04	0.5271
815	-108.9790	-108.9790	-104.5735	0.9596	30.6437	0.2814	2.6e-04	0.5252
816	-108.9569	-108.9569	-104.4812	0.9589	30.8832	0.2837	2.6e-04	0.5259
817	-108.9669	-108.9669	-104.4121	0.9582	31.1495	0.2861	2.6e-04	0.5280
818	-108.9560	-108.9560	-104.5861	0.9599	30.5107	0.2803	2.6e-04	0.5250
819	-108.9607	-108.9607	-104.5549	0.9596	30.6343	0.2814	2.6e-04	0.5256
820	-108.9633	-108.9633	-104.5167	0.9592	30.7807	0.2827	2.6e-04	0.5271
821	-108.9533	-108.9533	-104.6040	0.9601	30.4506	0.2797	2.6e-04	0.5245
822	-108.9506	-108.9506	-104.4680	0.9589	30.9023	0.2839	2.6e-04	0.5251
823	-108.9637	-108.9637	-104.4980	0.9590	30.8453	0.2833	2.6e-04	0.5257
824	-108.9658	-108.9658	-104.5059	0.9591	30.8305	0.2832	2.6e-04	0.5250
825	-108.9634	-108.9634	-104.4321	0.9584	31.0621	0.2853	2.6e-04	0.5268
826	-108.9530	-108.9530	-104.3439	0.9577	31.3151	0.2876	2.6e-04	0.5259
827	-108.9595	-108.9595	-104.3545	0.9577	31.3137	0.2876	2.6e-04	0.5260
828	-108.9607	-108.9607	-104.3882	0.9580	31.2069	0.2866	2.6e-04	0.5258
829	-108.9731	-108.9731	-104.2165	0.9564	31.8180	0.2922	2.6e-04	0.5266
830	-108.9606	-108.9606	-104.3352	0.9575	31.3719	0.2882	2.6e-04	0.5263
831	-108.9676	-108.9676	-104.1209	0.9555	32.1094	0.2949	2.6e-04	0.5247
832	-108.9754	-108.9754	-104.1895	0.9561	31.9069	0.2931	2.6e-04	0.5264
833	-108.9731	-108.9731	-104.2009	0.9562	31.8664	0.2927	2.6e-04	0.5263
834	-108.9706	-108.9706	-104.2512	0.9567	31.6904	0.2910	2.6e-04	0.5252
835	-108.9639	-108.9639	-104.1168	0.9555	32.1102	0.2949	2.6e-04	0.5265
836	-108.9545	-108.9545	-104.1462	0.9559	31.9845	0.2938	2.6e-04	0.5270
837	-108.9579	-108.9579	-104.1192	0.9556	32.0642	0.2946	2.6e-04	0.5272
838	-108.9522	-108.9522	-104.0982	0.9554	32.1297	0.2952	2.6e-04	0.5259
839	-108.9537	-108.9537	-104.1504	0.9559	31.9662	0.2936	2.6e-04	0.5255
840	-108.9672	-108.9672	-104.0612	0.9550	32.2999	0.2966	2.6e-04	0.5260
841	-108.9700	-108.9700	-104.0312	0.9547	32.4006	0.2976	2.6e-04	0.5251
842	-108.9618	-108.9618	-104.0201	0.9546	32.4075	0.2977	2.6e-04	0.5256
843	-108.9571	-108.9571	-103.9608	0.9541	32.5870	0.2993	2.6e-04	0.5249
844	-108.9608	-108.9608	-103.9046	0.9536	32.7759	0.3010	2.6e-04	0.5249
845	-108.9634	-108.9634	-103.7460	0.9521	33.2842	0.3057	2.6e-04	0.5266
846	-108.9627	-108.9627	-103.9842	0.9543	32.5333	0.2988	2.6e-04	0.5270
847	-108.9714	-108.9714	-103.7374	0.9520	33.3356	0.3062	2.6e-04	0.5245
848	-108.9612	-108.9612	-103.8834	0.9534	32.8522	0.3017	2.6e-04	0.5259
849	-108.9477	-108.9477	-103.7704	0.9525	33.1633	0.3046	2.6e-04	0.5252
850	-108.9662	-108.9662	-103.7133	0.9518	33.3912	0.3067	2.6e-04	0.5236
851	-108.9656	-108.9656	-103.7025	0.9517	33.4300	0.3070	2.6e-04	0.5273
852	-108.9486	-108.9486	-103.4414	0.9495	34.1780	0.3139	2.6e-04	0.5252
853	-108.9581	-108.9581	-103.4256	0.9492	34.2519	0.3146	2.6e-04	0.5267
854	-108.9506	-108.9506	-103.8038	0.9528	33.0673	0.3037	2.6e-04	0.5256
855	-108.9472	-108.9472	-103.5023	0.9500	33.9857	0.3122	2.6e-04	0.5273
856	-108.9659	-108.9659	-103.5315	0.9501	33.9568	0.3119	2.6e-04	0.5262
857	-108.9670	-108.9670	-103.2770	0.9478	34.7268	0.3189	2.6e-04	0.5255
858	-108.9448	-108.9448	-103.5959	0.9509	33.6951	0.3095	2.6e-04	0.5260
859	-108.9465	-108.9465	-103.2838	0.9480	34.6356	0.3181	2.6e-04	0.5267
860	-108.9529	-108.9529	-103.4253	0.9493	34.2378	0.3145	2.6e-04	0.5248
861	-108.9559	-108.9559	-103.3946	0.9490	34.3403	0.3154	2.6e-04	0.5274
862	-108.9617	-108.9617	-103.1734	0.9469	35.0187	0.3216	2.6e-04	0.5251
863	-108.9643	-108.9643	-103.2930	0.9480	34.6717	0.3184	2.6e-04	0.5254
864	-108.9553	-108.9553	-103.1024	0.9463	35.2078	0.3233	2.6e-04	0.5255
865	-108.9605	-108.9605	-103.1879	0.9470	34.9676	0.3212	2.6e-04	0.5277
866	-108.9680	-108.9680	-102.9563	0.9448	35.6628	0.3275	2.6e-04	0.5264
867	-108.9685	-108.9685	-102.9571	0.9448	35.6689	0.3275	2.6e-04	0.5243
868	-108.9549	-108.9549	-102.8262	0.9438	36.0039	0.3306	2.6e-04	0.5261
869	-108.9534	-108.9534	-102.8981	0.9444	35.7925	0.3287	2.6e-04	0.5282
870	-108.9715	-108.9715	-102.9396	0.9446	35.7282	0.3280	2.6e-04	0.5254
871	-108.9674	-108.9674	-102.8335	0.9437	35.9917	0.3305	2.6e-04	0.5265
872	-108.9630	-108.9630	-102.6300	0.9419	36.5779	0.3359	2.6e-04	0.5253
873	-108.9547	-108.9547	-102.6048	0.9417	36.6356	0.3364	2.6e-04	0.5277
874	-108.9515	-108.9515	-102.5911	0.9416	36.6545	0.3366	2.6e-04	0.5257
875	-108.9659	-108.9659	-102.3922	0.9397	37.2408	0.3420	2.6e-04	0.5266
876	-108.9504	-108.9504	-102.5793	0.9415	36.6906	0.3369	2.6e-04	0.5253
877	-108.9575	-108.9575	-102.6440	0.9421	36.5298	0.3355	2.6e-04	0.5262
878	-108.9717	-108.9717	-102.5180	0.9408	36.9235	0.3390	2.6e-04	0.5245
879	-108.9667	-108.9667	-102.2455	0.9383	37.6451	0.3457	2.6e-04	0.5267
880	-108.9533	-108.9533	-102.4146	0.9400	37.1452	0.3411	2.6e-04	0.5263
881	-108.9617	-108.9617	-102.4030	0.9398	37.2057	0.3417	2.6e-04	0.5280
882	-108.9681	-108.9681	-102.4727	0.9404	37.0264	0.3400	2.5e-04	0.5236
883	-108.9670	-108.9670	-102.3504	0.9393	37.3692	0.3432	2.5e-04	0.5258
884	-108.9700	-108.9700	-102.2634	0.9385	37.6156	0.3454	2.5e-04	0.5254
885	-108.9435	-108.9435	-102.4562	0.9405	37.0076	0.3399	2.5e-04	0.5256
886	-108.9482	-108.9482	-102.3844	0.9398	37.2200	0.3419	2.5e-04	0.5256
887	-108.9626	-108.9626	-102.4067	0.9398	37.1902	0.3415	2.5e-04	0.5239
888	-108.9532	-108.9532	-102.3003	0.9389	37.4628	0.3441	2.5e-04	0.5252
889	-108.9526	-108.9526	-102.1725	0.9378	37.8089	0.3472	2.5e-04	0.5263
890	-108.9595	-108.9595	-102.0875	0.9369	38.0547	0.3494	2.5e-04	0.5260
891	-108.9608	-108.9608	-101.9824	0.9360	38.3457	0.3521	2.5e-04	0.5256
892	-108.9401	-108.9401	-102.1031	0.9372	37.9591	0.3486	2.5e-04	0.5253
893	-108.9537	-108.9537	-101.9450	0.9357	38.4264	0.3529	2.5e-04	0.5269
894	-108.9629	-108.9629	-101.8121	0.9344	38.7987	0.3563	2.5e-04	0.5254
895	-108.9622	-108.9622	-101.8852	0.9351	38.5836	0.3543	2.5e-04	0.5247
896	-108.9592	-108.9592	-101.9445	0.9356	38.4373	0.3530	2.5e-04	0.5253
897	-108.9705	-108.9705	-101.6510	0.9328	39.2401	0.3603	2.5e-04	0.5255
898	-108.9536	-108.9536	-101.7950	0.9343	38.8164	0.3565	2.5e-04	0.5270
899	-108.9587	-108.9587	-101.5193	0.9317	39.5517	0.3632	2.5e-04	0.5254
900	-108.9629	-108.9629	-101.5921	0.9324	39.3744	0.3615	2.5e-04	0.5249
901	-108.9537	-108.9537	-101.3838	0.9305	39.8766	0.3662	2.5e-04	0.5252
902	-108.9735	-108.9735	-101.3570	0.9301	39.9819	0.3671	2.5e-04	0.5265
903	-108.9587	-108.9587	-101.3966	0.9306	39.8612	0.3660	2.5e-04	0.5257
904	-108.9601	-108.9601	-101.2741	0.9295	40.1753	0.3689	2.5e-04	0.5256
905	-108.9685	-108.9685	-101.2120	0.9288	40.3557	0.3705	2.5e-04	0.5276
906	-108.9522	-108.9522	-101.2393	0.9292	40.2390	0.3695	2.5e-04	0.5257
907	-108.9555	-108.9555	-101.1985	0.9288	40.3524	0.3706	2.5e-04	0.5245
908	-108.9585	-108.9585	-100.9095	0.9261	41.0731	0.3771	2.5e-04	0.5252
909	-108.9609	-108.9609	-100.8840	0.9259	41.1446	0.3778	2.5e-04	0.5255
910	-108.9610	-108.9610	-101.1358	0.9282	40.5123	0.3720	2.5e-04	0.5258
911	-108.9594	-108.9594	-100.8073	0.9252	41.3314	0.3795	2.5e-04	0.5245
912	-108.9542	-108.9542	-100.8863	0.9260	41.1217	0.3776	2.5e-04	0.5267
913	-108.9672	-108.9672	-100.6341	0.9235	41.7711	0.3835	2.5e-04	0.5261
914	-108.9636	-108.9636	-100.4144	0.9215	42.2873	0.3883	2.5e-04	0.5267
915	-108.9577	-108.9577	-100.2825	0.9204	42.5774	0.3909	2.5e-04	0.5266
916	-108.9701	-108.9701	-100.2318	0.9198	42.7356	0.3924	2.5e-04	0.5275
917	-108.9749	-108.9749	-100.4895	0.9221	42.1314	0.3868	2.5e-04	0.5255
918	-108.9568	-108.9568	-100.4502	0.9219	42.1810	0.3873	2.5e-04	0.5259
919	-108.9698	-108.9698	-100.2161	0.9197	42.7546	0.3926	2.5e-04	0.5254
920	-108.9763	-108.9763	-100.3037	0.9204	42.5741	0.3909	2.5e-04	0.5270
921	-108.9631	-108.9631	-100.1826	0.9194	42.8317	0.3933	2.5e-04	0.5248
922	-108.9649	-108.9649	-100.5131	0.9224	42.0553	0.3862	2.5e-04	0.5270
923	-108.9536	-108.9536	-100.2239	0.9199	42.7082	0.3921	2.5e-04	0.5252
924	-108.9582	-108.9582	-100.1181	0.9189	42.9656	0.3946	2.5e-04	0.5272
925	-108.9528	-108.9528	-100.3275	0.9208	42.4627	0.3899	2.5e-04	0.5251
926	-108.9524	-108.9524	-100.2948	0.9205	42.5286	0.3905	2.5e-04	0.5341
927	-108.9713	-108.9713	-100.4253	0.9216	42.2753	0.3882	2.5e-04	0.5264
928	-108.9580	-108.9580	-100.6088	0.9234	41.8072	0.3839	2.5e-04	0.5254
929	-108.9731	-108.9731	-100.4088	0.9214	42.3240	0.3886	2.5e-04	0.5258
930	-108.9554	-108.9554	-100.8498	0.9256	41.2145	0.3785	2.5e-04	0.5264
931	-108.9594	-108.9594	-100.5402	0.9227	41.9659	0.3854	2.5e-04	0.5246
932	-108.9656	-108.9656	-100.6259	0.9235	41.7866	0.3837	2.5e-04	0.5253
933	-108.9778	-108.9778	-100.7263	0.9243	41.5647	0.3817	2.5e-04	0.5246
934	-108.9672	-108.9672	-100.4620	0.9219	42.1805	0.3873	2.5e-04	0.5251
935	-108.9706	-108.9706	-100.6585	0.9237	41.7210	0.3831	2.5e-04	0.5250
936	-108.9619	-108.9619	-100.8532	0.9256	41.2255	0.3785	2.5e-04	0.5263
937	-108.9733	-108.9733	-100.6170	0.9233	41.8224	0.3840	2.5e-04	0.5255
938	-108.9544	-108.9544	-100.6586	0.9239	41.6688	0.3826	2.5e-04	0.5252
939	-108.9584	-108.9584	-100.5383	0.9227	41.9376	0.3851	2.5e-04	0.5279
940	-108.9649	-108.9649	-100.7068	0.9242	41.5819	0.3819	2.5e-04	0.5250
941	-108.9693	-108.9693	-100.5756	0.9230	41.9038	0.3847	2.5e-04	0.5262
942	-108.9720	-108.9720	-100.7484	0.9245	41.4949	0.3810	2.5e-04	0.5264
943	-108.9588	-108.9588	-100.8507	0.9256	41.2256	0.3785	2.5e-04	0.5258
944	-108.9615	-108.9615	-100.6034	0.9233	41.8210	0.3841	2.5e-04	0.5265
945	-108.9519	-108.9519	-100.5592	0.9230	41.9084	0.3848	2.5e-04	0.5264
946	-108.9539	-108.9539	-100.5470	0.9228	41.9417	0.3852	2.5e-04	0.5262
947	-108.9584	-108.9584	-100.7066	0.9243	41.5173	0.3813	2.5e-04	0.5245
948	-108.9606	-108.9606	-100.4686	0.9221	42.1442	0.3870	2.5e-04	0.5283
949	-108.9693	-108.9693	-100.7808	0.9249	41.4037	0.3802	2.5e-04	0.5277
950	-108.9669	-108.9669	-100.5365	0.9226	41.9989	0.3857	2.5e-04	0.5234
951	-108.9680	-108.9680	-100.4086	0.9215	42.3129	0.3885	2.5e-04	0.5249
952	-108.9688	-108.9688	-100.7030	0.9241	41.6090	0.3820	2.5e-04	0.5246
953	-108.9653	-108.9653	-100.2696	0.9202	42.6043	0.3912	2.5e-04	0.5262
954	-108.9638	-108.9638	-100.1923	0.9195	42.8069	0.3931	2.5e-04	0.5253
955	-108.9606	-108.9606	-100.3048	0.9206	42.5124	0.3904	2.5e-04	0.5244
956	-108.9619	-108.9619	-100.3122	0.9206	42.5216	0.3904	2.5e-04	0.5247
957	-108.9682	-108.9682	-100.2664	0.9201	42.6406	0.3915	2.5e-04	0.5251
958	-108.9492	-108.9492	-100.3548	0.9211	42.3841	0.3892	2.5e-04	0.5254
959	-108.9480	-108.9480	-99.8368	0.9164	43.5730	0.4001	2.5e-04	0.5242
960	-108.9553	-108.9553	-99.9016	0.9169	43.4640	0.3991	2.5e-04	0.5247
961	-108.9563	-108.9563	-99.8881	0.9168	43.4990	0.3994	2.5e-04	0.5266
962	-108.9644	-108.9644	-100.0696	0.9184	43.1045	0.3957	2.5e-04	0.5235
963	-108.9648	-108.9648	-99.8228	0.9161	43.6626	0.4009	2.5e-04	0.5264
964	-108.9617	-108.9617	-99.4677	0.9129	44.4480	0.4081	2.5e-04	0.5250
965	-108.9571	-108.9571	-99.5969	0.9141	44.1225	0.4052	2.5e-04	0.5272
966	-108.9640	-108.9640	-99.2618	0.9110	44.9235	0.4125	2.5e-04	0.5252
967	-108.9722	-108.9722	-99.1585	0.9099	45.1700	0.4147	2.5e-04	0.5263
968	-108.9529	-108.9529	-99.6251	0.9144	44.0869	0.4048	2.5e-04	0.5261
969	-108.9596	-108.9596	-99.4381	0.9126	44.5233	0.4088	2.5e-04	0.5273
970	-108.9521	-108.9521	-99.4818	0.9131	44.4105	0.4078	2.5e-04	0.5258
971	-108.9633	-108.9633	-99.4089	0.9123	44.5954	0.4095	2.5e-04	0.5267
972	-108.9675	-108.9675	-99.4876	0.9130	44.4312	0.4079	2.5e-04	0.5259
973	-108.9504	-108.9504	-99.3897	0.9122	44.6076	0.4096	2.5e-04	0.5267
974	-108.9634	-108.9634	-99.2186	0.9106	44.9848	0.4130	2.5e-04	0.5225
975	-108.9775	-108.9775	-99.2913	0.9111	44.8824	0.4120	2.5e-04	0.5240
976	-108.9521	-108.9521	-99.2783	0.9112	44.8609	0.4119	2.5e-04	0.5256
977	-108.9628	-108.9628	-99.3913	0.9122	44.6324	0.4098	2.5e-04	0.5251
978	-108.9507	-108.9507	-99.4326	0.9126	44.5151	0.4087	2.5e-04	0.5264
979	-108.9502	-108.9502	-99.0459	0.9091	45.3642	0.4166	2.5e-04	0.5253
980	-108.9667	-108.9667	-98.7383	0.9061	46.0500	0.4228	2.5e-04	0.5264
981	-108.9658	-108.9658	-99.1650	0.9101	45.1446	0.4145	2.5e-04	0.5256
982	-108.9624	-108.9624	-98.8681	0.9074	45.7820	0.4203	2.5e-04	0.5266
983	-108.9661	-108.9661	-99.3019	0.9113	44.8388	0.4117	2.5e-04	0.5244
984	-108.9720	-108.9720	-99.1845	0.9102	45.1139	0.4142	2.5e-04	0.5270
985	-108.9443	-108.9443	-99.0253	0.9090	45.3957	0.4169	2.5e-04	0.5262
986	-108.9489	-108.9489	-99.0753	0.9094	45.3010	0.4160	2.5e-04	0.5255
987	-108.9603	-108.9603	-98.6295	0.9052	46.2898	0.4250	2.5e-04	0.5247
988	-108.9575	-108.9575	-98.7229	0.9061	46.0723	0.4231	2.5e-04	0.5277
989	-108.9515	-108.9515	-98.6890	0.9058	46.1433	0.4237	2.5e-04	0.5247
990	-108.9592	-108.9592	-98.6609	0.9055	46.2005	0.4242	2.5e-04	0.5258
991	-108.9695	-108.9695	-98.4621	0.9036	46.6525	0.4283	2.5e-04	0.5252
992	-108.9646	-108.9646	-98.4300	0.9033	46.7255	0.4290	2.5e-04	0.5250
993	-108.9699	-108.9699	-98.1989	0.9012	47.2121	0.4335	2.5e-04	0.5273
994	-108.9454	-108.9454	-97.9269	0.8989	47.7226	0.4382	2.5e-04	0.5250
995	-108.9570	-108.9570	-97.7894	0.8975	48.0346	0.4410	2.5e-04	0.5252
996	-108.9700	-108.9700	-98.0852	0.9001	47.4574	0.4357	2.5e-04	0.5250
997	-108.9592	-108.9592	-97.6928	0.8966	48.2122	0.4427	2.5e-04	0.5259
998	-108.9712	-108.9712	-97.5789	0.8955	48.4880	0.4452	2.5e-04	0.5252
999	-108.9609	-108.9609	-97.7219	0.8969	48.1721	0.4423	2.5e-04	0.5253
1000	-108.9780	-108.9780	-97.7091	0.8966	48.2368	0.4428	2.5e-04	0.5256
1001	-108.9593	-108.9593	-97.6124	0.8959	48.3949	0.4443	2.5e-04	0.5238
1002	-108.9602	-108.9602	-97.8417	0.8980	47.9305	0.4401	2.5e-04	0.5263
1003	-108.9612	-108.9612	-97.2354	0.8924	49.1549	0.4513	2.5e-04	0.5239
1004	-108.9520	-108.9520	-97.5150	0.8950	48.5750	0.4460	2.5e-04	0.5279
1005	-108.9636	-108.9636	-97.4964	0.8948	48.6332	0.4465	2.5e-04	0.5252
1006	-108.9539	-108.9539	-97.6172	0.8959	48.3609	0.4440	2.5e-04	0.5266
1007	-108.9648	-108.9648	-97.3978	0.8938	48.8382	0.4484	2.5e-04	0.5253
1008	-108.9885	-108.9885	-97.1903	0.8917	49.2893	0.4525	2.5e-04	0.5262
1009	-108.9610	-108.9610	-97.1169	0.8913	49.3857	0.4534	2.5e-04	0.5252
1010	-108.9530	-108.9530	-97.5043	0.8949	48.5950	0.4462	2.5e-04	0.5258
1011	-108.9599	-108.9599	-97.1759	0.8919	49.2668	0.4523	2.5e-04	0.5259
1012	-108.9651	-108.9651	-97.2801	0.8928	49.0555	0.4504	2.5e-04	0.5272
1013	-108.9505	-108.9505	-97.4777	0.8947	48.6381	0.4466	2.5e-04	0.5250
1014	-108.9473	-108.9473	-97.5217	0.8951	48.5528	0.4458	2.5e-04	0.5269
1015	-108.9476	-108.9476	-97.4162	0.8942	48.7616	0.4477	2.5e-04	0.5260
1016	-108.9783	-108.9783	-97.2704	0.8926	49.1140	0.4509	2.5e-04	0.5267
1017	-108.9577	-108.9577	-97.4270	0.8942	48.7578	0.4477	2.5e-04	0.5263
1018	-108.9676	-108.9676	-97.2080	0.8921	49.2174	0.4518	2.5e-04	0.5252
1019	-108.9713	-108.9713	-97.4408	0.8942	48.7506	0.4475	2.5e-04	0.5259
1020	-108.9786	-108.9786	-96.9849	0.8899	49.6437	0.4557	2.5e-04	0.5259
1021	-108.9627	-108.9627	-97.4231	0.8941	48.7741	0.4478	2.5e-04	0.5258
1022	-108.9476	-108.9476	-97.4952	0.8949	48.6003	0.4463	2.5e-04	0.5263
1023	-108.9520	-108.9520	-97.3955	0.8939	48.8133	0.4482	2.5e-04	0.5256
1024	-108.9544	-108.9544	-97.4443	0.8944	48.7142	0.4473	2.5e-04	0.5252
1025	-108.9475	-108.9475	-97.2218	0.8924	49.1526	0.4513	2.5e-04	0.5268
1026	-108.9673	-108.9673	-97.7198	0.8968	48.1914	0.4424	2.5e-04	0.5260
1027	-108.9559	-108.9559	-97.2428	0.8925	49.1269	0.4510	2.5e-04	0.5252
1028	-108.9694	-108.9694	-97.2679	0.8926	49.1111	0.4508	2.5e-04	0.5268
1029	-108.9632	-108.9632	-97.4950	0.8948	48.6429	0.4466	2.5e-04	0.5247
1030	-108.9775	-108.9775	-97.6396	0.8960	48.3721	0.4441	2.5e-04	0.5255
1031	-108.9748	-108.9748	-97.3724	0.8935	48.9108	0.4490	2.5e-04	0.5254
1032	-108.9665	-108.9665	-97.2905	0.8928	49.0396	0.4502	2.5e-04	0.5285
1033	-108.9643	-108.9643	-97.6605	0.8963	48.3140	0.4435	2.5e-04	0.5274
1034	-108.9736	-108.9736	-97.2477	0.8924	49.1469	0.4512	2.5e-04	0.5259
1035	-108.9643	-108.9643	-97.4815	0.8946	48.6680	0.4468	2.5e-04	0.5262
1036	-108.9567	-108.9567	-97.9003	0.8985	47.8019	0.4389	2.5e-04	0.5256
1037	-108.9717	-108.9717	-98.1321	0.9005	47.3596	0.4348	2.5e-04	0.5260
1038	-108.9666	-108.9666	-97.9235	0.8987	47.7769	0.4386	2.5e-04	0.5252
1039	-108.9701	-108.9701	-97.9860	0.8992	47.6600	0.4375	2.5e-04	0.5266
1040	-108.9635	-108.9635	-98.0682	0.9000	47.4705	0.4358	2.5e-04	0.5273
1041	-108.9585	-108.9585	-97.9489	0.8990	47.7112	0.4380	2.5e-04	0.5256
1042	-108.9612	-108.9612	-98.1990	0.9012	47.1941	0.4333	2.5e-04	0.5266
1043	-108.9630	-108.9630	-98.2065	0.9013	47.1813	0.4332	2.5e-04	0.5239
1044	-108.9560	-108.9560	-98.0284	0.8997	47.5388	0.4365	2.5e-04	0.5247
1045	-108.9632	-108.9632	-98.1687	0.9009	47.2628	0.4339	2.5e-04	0.5280
1046	-108.9559	-108.9559	-98.2980	0.9022	46.9755	0.4313	2.5e-04	0.5259
1047	-108.9551	-108.9551	-98.0066	0.8995	47.5805	0.4369	2.5e-04	0.5263
1048	-108.9604	-108.9604	-98.0332	0.8997	47.5334	0.4364	2.5e-04	0.5242
1049	-108.9701	-108.9701	-97.6477	0.8961	48.3473	0.4439	2.5e-04	0.5257
1050	-108.9574	-108.9574	-98.1112	0.9005	47.3463	0.4349	2.5e-04	0.5261
1051	-108.9726	-108.9726	-98.0342	0.8996	47.5622	0.4367	2.5e-04	0.5264
1052	-108.9616	-108.9616	-98.2951	0.9021	46.9947	0.4315	2.5e-04	0.5272
1053	-108.9526	-108.9526	-98.1917	0.9012	47.1916	0.4333	2.5e-04	0.5264
1054	-108.9699	-108.9699	-97.5489	0.8952	48.5368	0.4456	2.5e-04	0.5275
1055	-108.9781	-108.9781	-98.1941	0.9010	47.2448	0.4337	2.5e-04	0.5255
1056	-108.9652	-108.9652	-97.5320	0.8951	48.5677	0.4459	2.5e-04	0.5273
1057	-108.9742	-108.9742	-97.7705	0.8972	48.1111	0.4416	2.5e-04	0.5262
1058	-108.9664	-108.9664	-97.7552	0.8971	48.1226	0.4418	2.5e-04	0.5267
1059	-108.9611	-108.9611	-98.0910	0.9002	47.4200	0.4354	2.5e-04	0.5262
1060	-108.9558	-108.9558	-97.5076	0.8949	48.5958	0.4462	2.5e-04	0.5267
1061	-108.9642	-108.9642	-97.7841	0.8974	48.0581	0.4412	2.5e-04	0.5260
1062	-108.9644	-108.9644	-98.0234	0.8996	47.5621	0.4367	2.5e-04	0.5269
1063	-108.9701	-108.9701	-97.7628	0.8972	48.1060	0.4417	2.5e-04	0.5253
1064	-108.9571	-108.9571	-97.8554	0.8981	47.8936	0.4397	2.5e-04	0.5270
1065	-108.9459	-108.9459	-97.1842	0.8920	49.2184	0.4520	2.5e-04	0.5266
1066	-108.9520	-108.9520	-97.7366	0.8971	48.1226	0.4419	2.5e-04	0.5245
1067	-108.9575	-108.9575	-97.3476	0.8934	48.9148	0.4491	2.5e-04	0.5246
1068	-108.9620	-108.9620	-97.5981	0.8957	48.4262	0.4446	2.5e-04	0.5245
1069	-108.9652	-108.9652	-97.2245	0.8923	49.1818	0.4515	2.5e-04	0.5271
1070	-108.9634	-108.9634	-97.2980	0.8929	49.0222	0.4501	2.5e-04	0.5257
1071	-108.9661	-108.9661	-96.8411	0.8887	49.9367	0.4584	2.5e-04	0.5250
1072	-108.9471	-108.9471	-96.7538	0.8881	50.0629	0.4597	2.5e-04	0.5272
1073	-108.9658	-108.9658	-96.4505	0.8851	50.6777	0.4653	2.5e-04	0.5280
1074	-108.9623	-108.9623	-97.0798	0.8909	49.4578	0.4541	2.5e-04	0.5257
1075	-108.9598	-108.9598	-96.9700	0.8900	49.6490	0.4558	2.5e-04	0.5247
1076	-108.9673	-108.9673	-96.6825	0.8873	50.2417	0.4612	2.5e-04	0.5270
1077	-108.9722	-108.9722	-95.9759	0.8807	51.5561	0.4733	2.5e-04	0.5266
1078	-108.9588	-108.9588	-96.2381	0.8833	51.0483	0.4687	2.5e-04	0.5255
1079	-108.9575	-108.9575	-95.7782	0.8790	51.9229	0.4767	2.5e-04	0.5270
1080	-108.9555	-108.9555	-95.8288	0.8795	51.8231	0.4758	2.5e-04	0.5249
1081	-108.9579	-108.9579	-95.5805	0.8772	52.2902	0.4801	2.5e-04	0.5255
1082	-108.9658	-108.9658	-95.6794	0.8781	52.0925	0.4782	2.5e-04	0.5256
1083	-108.9530	-108.9530	-95.6325	0.8777	52.1909	0.4791	2.5e-04	0.5274
1084	-108.9649	-108.9649	-95.7039	0.8783	52.0774	0.4781	2.5e-04	0.5257
1085	-108.9599	-108.9599	-95.7498	0.8788	51.9777	0.4772	2.5e-04	0.5272
1086	-108.9584	-108.9584	-96.0051	0.8811	51.4995	0.4728	2.5e-04	0.5238
1087	-108.9649	-108.9649	-95.6194	0.8775	52.2239	0.4795	2.5e-04	0.5255
1088	-108.9540	-108.9540	-95.5253	0.8767	52.3822	0.4809	2.5e-04	0.5250
1089	-108.9640	-108.9640	-95.5351	0.8768	52.3646	0.4807	2.5e-04	0.5247
1090	-108.9481	-108.9481	-95.2593	0.8744	52.8485	0.4853	2.5e-04	0.5246
1091	-108.9538	-108.9538	-95.3464	0.8751	52.6967	0.4839	2.5e-04	0.5253
1092	-108.9731	-108.9731	-94.9517	0.8713	53.4490	0.4907	2.5e-04	0.5267
1093	-108.9596	-108.9596	-94.7868	0.8699	53.7178	0.4932	2.5e-04	0.5261
1094	-108.9668	-108.9668	-94.6272	0.8684	54.0047	0.4958	2.5e-04	0.5260
1095	-108.9610	-108.9610	-94.9580	0.8715	53.4126	0.4904	2.5e-04	0.5245
1096	-108.9726	-108.9726	-95.0742	0.8725	53.2268	0.4886	2.5e-04	0.5268
1097	-108.9463	-108.9463	-94.5577	0.8679	54.0904	0.4966	2.5e-04	0.5250
1098	-108.9762	-108.9762	-94.8351	0.8702	53.6591	0.4925	2.5e-04	0.5260
1099	-108.9576	-108.9576	-94.3569	0.8660	54.4658	0.5001	2.5e-04	0.5257
1100	-108.9647	-108.9647	-94.7340	0.8694	53.7838	0.4937	2.5e-04	0.5261
1101	-108.9637	-108.9637	-94.8591	0.8706	53.5981	0.4920	2.5e-04	0.5245
1102	-108.9762	-108.9762	-94.5874	0.8680	54.0976	0.4966	2.5e-04	0.5256
1103	-108.9623	-108.9623	-94.6233	0.8684	54.0038	0.4958	2.5e-04	0.5259
1104	-108.9638	-108.9638	-94.3471	0.8659	54.4643	0.5001	2.5e-04	0.5245
1105	-108.9604	-108.9604	-94.6555	0.8687	53.9498	0.4953	2.5e-04	0.5252
1106	-108.9767	-108.9767	-94.3005	0.8653	54.5684	0.5009	2.5e-04	0.5254
1107	-108.9569	-108.9569	-94.4006	0.8664	54.3897	0.4993	2.5e-04	0.5247
1108	-108.9643	-108.9643	-94.3339	0.8657	54.5066	0.5004	2.5e-04	0.5269
1109	-108.9623	-108.9623	-93.9400	0.8621	55.1788	0.5066	2.5e-04	0.5268
1110	-108.9555	-108.9555	-94.0412	0.8631	54.9838	0.5049	2.5e-04	0.5243
1111	-108.9628	-108.9628	-94.2577	0.8650	54.6421	0.5016	2.5e-04	0.5269
1112	-108.9525	-108.9525	-94.1502	0.8641	54.7771	0.5029	2.5e-04	0.5256
1113	-108.9716	-108.9716	-93.7931	0.8607	55.4504	0.5090	2.5e-04	0.5282
1114	-108.9514	-108.9514	-93.8053	0.8610	55.3921	0.5086	2.5e-04	0.5252
1115	-108.9601	-108.9601	-93.6660	0.8596	55.6481	0.5109	2.5e-04	0.5243
1116	-108.9529	-108.9529	-93.4646	0.8578	55.9655	0.5139	2.5e-04	0.5250
1117	-108.9508	-108.9508	-93.8327	0.8612	55.3475	0.5082	2.5e-04	0.5250
1118	-108.9597	-108.9597	-93.3818	0.8570	56.1223	0.5153	2.5e-04	0.5258
1119	-108.9534	-108.9534	-93.2693	0.8560	56.2999	0.5169	2.5e-04	0.5271
1120	-108.9614	-108.9614	-93.7312	0.8602	55.5361	0.5099	2.5e-04	0.5253
1121	-108.9605	-108.9605	-92.8555	0.8522	56.9862	0.5232	2.5e-04	0.5256
1122	-108.9646	-108.9646	-93.1066	0.8545	56.5718	0.5193	2.4e-04	0.5279
1123	-108.9446	-108.9446	-93.1237	0.8548	56.5176	0.5189	2.4e-04	0.5257
1124	-108.9630	-108.9630	-92.5345	0.8492	57.5149	0.5280	2.4e-04	0.5258
1125	-108.9651	-108.9651	-92.7723	0.8514	57.1354	0.5245	2.4e-04	0.5271
1126	-108.9609	-108.9609	-92.5835	0.8497	57.4278	0.5272	2.4e-04	0.5254
1127	-108.9702	-108.9702	-92.8164	0.8518	57.0639	0.5238	2.4e-04	0.5266
1128	-108.9522	-108.9522	-92.2308	0.8465	57.9739	0.5323	2.4e-04	0.5257
1129	-108.9529	-108.9529	-91.8836	0.8433	58.5352	0.5374	2.4e-04	0.5247
1130	-108.9667	-108.9667	-92.4457	0.8484	57.6505	0.5293	2.4e-04	0.5259
1131	-108.9559	-108.9559	-92.2554	0.8467	57.9451	0.5320	2.4e-04	0.5250
1132	-108.9599	-108.9599	-92.0067	0.8444	58.3338	0.5355	2.4e-04	0.5252
1133	-108.9585	-108.9585	-92.0948	0.8452	58.2135	0.5344	2.4e-04	0.5258
1134	-108.9675	-108.9675	-92.3622	0.8476	57.8032	0.5306	2.4e-04	0.5246
1135	-108.9719	-108.9719	-92.4600	0.8485	57.6432	0.5291	2.4e-04	0.5250
1136	-108.9566	-108.9566	-92.2385	0.8466	57.9734	0.5323	2.4e-04	0.5259
1137	-108.9620	-108.9620	-92.1154	0.8454	58.1784	0.5341	2.4e-04	0.5246
1138	-108.9629	-108.9629	-92.7980	0.8516	57.0767	0.5240	2.4e-04	0.5259
1139	-108.9609	-108.9609	-92.5511	0.8494	57.4865	0.5277	2.4e-04	0.5256
1140	-108.9606	-108.9606	-92.1952	0.8461	58.0464	0.5329	2.4e-04	0.5261
1141	-108.9690	-108.9690	-92.5163	0.8490	57.5532	0.5284	2.4e-04	0.5262
1142	-108.9665	-108.9665	-92.8245	0.8519	57.0558	0.5238	2.4e-04	0.5275
1143	-108.9639	-108.9639	-92.5218	0.8491	57.5317	0.5282	2.4e-04	0.5262
1144	-108.9587	-108.9587	-92.9478	0.8531	56.8337	0.5218	2.4e-04	0.5268
1145	-108.9595	-108.9595	-92.9969	0.8535	56.7569	0.5211	2.4e-04	0.5254
1146	-108.9387	-108.9387	-92.3397	0.8476	57.7846	0.5306	2.4e-04	0.5253
1147	-108.9563	-108.9563	-92.8300	0.8520	57.0152	0.5235	2.4e-04	0.5247
1148	-108.9497	-108.9497	-92.5326	0.8493	57.4676	0.5277	2.4e-04	0.5256
1149	-108.9711	-108.9711	-92.3219	0.8472	57.8729	0.5312	2.4e-04	0.5253
1150	-108.9518	-108.9518	-92.3287	0.8474	57.8284	0.5309	2.4e-04	0.5244
1151	-108.9573	-108.9573	-92.7471	0.8512	57.1627	0.5248	2.4e-04	0.5270
1152	-108.9579	-108.9579	-92.1710	0.8459	58.0843	0.5333	2.4e-04	0.5264
1153	-108.9675	-108.9675	-92.3773	0.8478	57.7715	0.5304	2.4e-04	0.5254
1154	-108.9543	-108.9543	-92.2206	0.8464	57.9939	0.5324	2.4e-04	0.5271
1155	-108.9582	-108.9582	-91.6283	0.8409	58.9398	0.5411	2.4e-04	0.5261
1156	-108.9482	-108.9482	-91.9232	0.8437	58.4516	0.5367	2.4e-04	0.5257
1157	-108.9597	-108.9597	-91.5655	0.8404	59.0255	0.5419	2.4e-04	0.5246
1158	-108.9681	-108.9681	-91.8274	0.8427	58.6469	0.5384	2.4e-04	0.5269
1159	-108.9625	-108.9625	-91.2940	0.8378	59.4654	0.5459	2.4e-04	0.5279
1160	-108.9617	-108.9617	-91.5180	0.8399	59.0964	0.5425	2.4e-04	0.5262
1161	-108.9485	-108.9485	-91.5307	0.8401	59.0655	0.5423	2.4e-04	0.5259
1162	-108.9513	-108.9513	-90.8354	0.8337	60.1346	0.5521	2.4e-04	0.5251
1163	-108.9455	-108.9455	-90.9395	0.8347	59.9726	0.5507	2.4e-04	0.5267
1164	-108.9499	-108.9499	-91.1554	0.8367	59.6493	0.5477	2.4e-04	0.5253
1165	-108.9626	-108.9626	-90.8432	0.8337	60.1334	0.5520	2.4e-04	0.5272
1166	-108.9511	-108.9511	-90.5402	0.8310	60.5725	0.5561	2.4e-04	0.5246
1167	-108.9694	-108.9694	-90.4173	0.8297	60.7963	0.5581	2.4e-04	0.5259
1168	-108.9681	-108.9681	-90.0290	0.8262	61.3527	0.5633	2.4e-04	0.5256
1169	-108.9501	-108.9501	-90.2699	0.8285	60.9822	0.5599	2.4e-04	0.5272
1170	-108.9602	-108.9602	-89.3169	0.8197	62.3967	0.5727	2.4e-04	0.5261
1171	-108.9579	-108.9579	-89.4599	0.8211	62.1769	0.5709	2.4e-04	0.5276
1172	-108.9687	-108.9687	-88.9896	0.8167	62.8563	0.5770	2.4e-04	0.5251
1173	-108.9624	-108.9624	-89.6404	0.8227	61.9241	0.5685	2.4e-04	0.5255
1174	-108.9544	-108.9544	-88.9974	0.8168	62.8364	0.5769	2.4e-04	0.5238
1175	-108.9725	-108.9725	-88.8795	0.8156	63.0313	0.5786	2.4e-04	0.5250
1176	-108.9608	-108.9608	-88.1884	0.8094	63.9601	0.5872	2.4e-04	0.5269
1177	-108.9687	-108.9687	-88.5259	0.8124	63.5178	0.5831	2.4e-04	0.5249
1178	-108.9538	-108.9538	-88.7958	0.8150	63.1117	0.5794	2.4e-04	0.5260
1179	-108.9487	-108.9487	-87.9967	0.8077	64.2170	0.5896	2.4e-04	0.5265
1180	-108.9671	-108.9671	-86.9603	0.7980	65.6461	0.6026	2.4e-04	0.5243
1181	-108.9619	-108.9619	-87.6475	0.8044	64.7092	0.5941	2.4e-04	0.5266
1182	-108.9577	-108.9577	-87.6774	0.8047	64.6659	0.5937	2.4e-04	0.5244
1183	-108.9733	-108.9733	-88.2311	0.8097	63.9347	0.5869	2.4e-04	0.5265
1184	-108.9670	-108.9670	-87.2886	0.8011	65.2004	0.5986	2.4e-04	0.5255
1185	-108.9667	-108.9667	-88.1546	0.8090	64.0292	0.5878	2.4e-04	0.5277
1186	-108.9692	-108.9692	-87.4872	0.8029	64.9346	0.5961	2.4e-04	0.5253
1187	-108.9717	-108.9717	-87.7995	0.8057	64.5202	0.5923	2.4e-04	0.5254
1188	-108.9626	-108.9626	-87.9026	0.8067	64.3780	0.5909	2.4e-04	0.5248
1189	-108.9551	-108.9551	-87.9415	0.8071	64.3000	0.5903	2.4e-04	0.5256
1190	-108.9575	-108.9575	-88.1940	0.8094	63.9599	0.5872	2.4e-04	0.5259
1191	-108.9615	-108.9615	-88.2037	0.8095	63.9504	0.5871	2.4e-04	0.5260
1192	-108.9661	-108.9661	-88.3233	0.8106	63.7969	0.5856	2.4e-04	0.5263
1193	-108.9636	-108.9636	-88.1312	0.8088	64.0487	0.5880	2.4e-04	0.5257
1194	-108.9560	-108.9560	-87.5987	0.8040	64.7740	0.5946	2.4e-04	0.5257
1195	-108.9795	-108.9795	-87.6149	0.8040	64.7887	0.5947	2.4e-04	0.5256
1196	-108.9571	-108.9571	-87.8623	0.8064	64.4163	0.5914	2.4e-04	0.5269
1197	-108.9755	-108.9755	-88.1887	0.8093	63.9788	0.5872	2.4e-04	0.5258
1198	-108.9624	-108.9624	-88.3238	0.8106	63.7870	0.5856	2.4e-04	0.5266
1199	-108.9593	-108.9593	-89.0853	0.8176	62.7099	0.5757	2.4e-04	0.5243
1200	-108.9523	-108.9523	-88.2133	0.8097	63.8949	0.5866	2.4e-04	0.5282
1201	-108.9689	-108.9689	-89.0601	0.8173	62.7657	0.5762	2.4e-04	0.5250
1202	-108.9666	-108.9666	-88.1573	0.8090	64.0227	0.5877	2.4e-04	0.5270
1203	-108.9718	-108.9718	-88.5087	0.8122	63.5361	0.5834	2.4e-04	0.5267
1204	-108.9561	-108.9561	-88.3393	0.8108	63.7292	0.5851	2.4e-04	0.5258
1205	-108.9544	-108.9544	-88.4446	0.8118	63.6168	0.5840	2.4e-04	0.5264
1206	-108.9673	-108.9673	-88.5917	0.8130	63.4170	0.5822	2.4e-04	0.5246
1207	-108.9620	-108.9620	-88.0956	0.8085	64.1070	0.5885	2.4e-04	0.5262
1208	-108.9605	-108.9605	-88.2411	0.8098	63.8886	0.5866	2.4e-04	0.5248
1209	-108.9677	-108.9677	-88.2135	0.8095	63.9501	0.5871	2.4e-04	0.5265
1210	-108.9683	-108.9683	-88.5921	0.8130	63.4193	0.5821	2.4e-04	0.5256
1211	-108.9684	-108.9684	-88.4133	0.8114	63.6581	0.5844	2.4e-04	0.5256
1212	-108.9751	-108.9751	-87.9738	0.8073	64.2854	0.5901	2.4e-04	0.5253
1213	-108.9647	-108.9647	-87.6834	0.8047	64.6697	0.5937	2.4e-04	0.5235
1214	-108.9520	-108.9520	-88.2413	0.8099	63.8471	0.5862	2.4e-04	0.5272
1215	-108.9555	-108.9555	-88.2362	0.8098	63.9019	0.5866	2.4e-04	0.5255
1216	-108.9661	-108.9661	-88.3261	0.8106	63.7812	0.5855	2.4e-04	0.5258
1217	-108.9591	-108.9591	-88.3565	0.8109	63.7374	0.5852	2.4e-04	0.5259
1218	-108.9433	-108.9433	-88.2830	0.8104	63.8135	0.5859	2.4e-04	0.5250
1219	-108.9557	-108.9557	-87.7175	0.8051	64.6053	0.5932	2.4e-04	0.5246
1220	-108.9677	-108.9677	-88.4128	0.8114	63.6732	0.5845	2.4e-04	0.5261
1221	-108.9701	-108.9701	-88.3671	0.8109	63.7412	0.5851	2.4e-04	0.5251
1222	-108.9613	-108.9613	-88.0763	0.8083	64.1210	0.5887	2.4e-04	0.5258
1223	-108.9556	-108.9556	-88.0524	0.8081	64.1509	0.5889	2.4e-04	0.5257
1224	-108.9636	-108.9636	-87.6903	0.8048	64.6593	0.5936	2.4e-04	0.5262
1225	-108.9740	-108.9740	-87.4588	0.8026	64.9790	0.5965	2.4e-04	0.5255
1226	-108.9468	-108.9468	-86.8556	0.7972	65.7387	0.6035	2.4e-04	0.5251
1227	-108.9640	-108.9640	-86.7576	0.7962	65.8940	0.6049	2.4e-04	0.5256
1228	-108.9710	-108.9710	-86.0252	0.7894	66.8701	0.6138	2.4e-04	0.5252
1229	-108.9707	-108.9707	-87.5934	0.8038	64.7882	0.5947	2.4e-04	0.5245
1230	-108.9541	-108.9541	-86.5189	0.7941	66.2039	0.6078	2.4e-04	0.5234
1231	-108.9591	-108.9591	-86.6516	0.7953	66.0300	0.6062	2.4e-04	0.5268
1232	-108.9587	-108.9587	-87.2010	0.8003	65.3009	0.5995	2.4e-04	0.5257
1233	-108.9551	-108.9551	-86.7174	0.7959	65.9370	0.6053	2.4e-04	0.5264
1234	-108.9547	-108.9547	-86.8785	0.7974	65.7244	0.6034	2.4e-04	0.5246
1235	-108.9674	-108.9674	-86.0876	0.7900	66.7841	0.6130	2.4e-04	0.5275
1236	-108.9630	-108.9630	-86.9348	0.7978	65.6558	0.6027	2.4e-04	0.5261
1237	-108.9587	-108.9587	-86.5160	0.7940	66.2121	0.6079	2.4e-04	0.5258
1238	-108.9754	-108.9754	-86.6065	0.7947	66.1002	0.6067	2.4e-04	0.5249
1239	-108.9588	-108.9588	-87.1054	0.7994	65.4213	0.6006	2.4e-04	0.5267
1240	-108.9564	-108.9564	-87.2326	0.8006	65.2678	0.5992	2.4e-04	0.5252
1241	-108.9597	-108.9597	-86.3847	0.7928	66.3640	0.6092	2.4e-04	0.5249
1242	-108.9629	-108.9629	-86.7715	0.7963	65.8866	0.6048	2.4e-04	0.5239
1243	-108.9476	-108.9476	-86.9890	0.7984	65.5769	0.6021	2.4e-04	0.5249
1244	-108.9478	-108.9478	-87.3895	0.8021	65.0426	0.5972	2.4e-04	0.5260
1245	-108.9588	-108.9588	-86.4723	0.7936	66.2723	0.6084	2.4e-04	0.5267
1246	-108.9650	-108.9650	-86.9113	0.7976	65.6943	0.6030	2.4e-04	0.5250
1247	-108.9704	-108.9704	-86.7732	0.7963	65.8941	0.6049	2.4e-04	0.5230
1248	-108.9601	-108.9601	-87.7746	0.8056	64.5366	0.5925	2.4e-04	0.5267
1249	-108.9664	-108.9664	-87.0147	0.7985	65.5676	0.6019	2.4e-04	0.5254
1250	-108.9582	-108.9582	-86.7510	0.7962	65.9055	0.6050	2.4e-04	0.5270
1251	-108.9529	-108.9529	-87.0979	0.7994	65.4401	0.6008	2.4e-04	0.5254
1252	-108.9584	-108.9584	-87.2880	0.8011	65.1945	0.5985	2.4e-04	0.5275
1253	-108.9663	-108.9663	-87.2118	0.8004	65.2962	0.5995	2.4e-04	0.5253
1254	-108.9598	-108.9598	-87.2802	0.8010	65.1772	0.5984	2.4e-04	0.5262
1255	-108.9767	-108.9767	-87.0658	0.7989	65.5178	0.6014	2.4e-04	0.5254
1256	-108.9639	-108.9639	-86.9317	0.7978	65.6441	0.6026	2.4e-04	0.5245
1257	-108.9629	-108.9629	-87.2420	0.8007	65.2616	0.5991	2.4e-04	0.5252
1258	-108.9636	-108.9636	-86.9197	0.7977	65.6871	0.6031	2.4e-04	0.5249
1259	-108.9621	-108.9621	-87.0989	0.7994	65.4480	0.6009	2.4e-04	0.5263
1260	-108.9498	-108.9498	-87.3305	0.8016	65.0591	0.5974	2.4e-04	0.5249
1261	-108.9671	-108.9671	-87.8212	0.8059	64.4830	0.5919	2.4e-04	0.5277
1262	-108.9717	-108.9717	-87.1731	0.8000	65.3624	0.6000	2.4e-04	0.5254
1263	-108.9520	-108.9520	-87.7640	0.8055	64.5413	0.5926	2.4e-04	0.5275
1264	-108.9691	-108.9691	-87.4674	0.8027	64.9666	0.5964	2.4e-04	0.5252
1265	-108.9537	-108.9537	-86.8333	0.7970	65.7829	0.6040	2.4e-04	0.5278
1266	-108.9604	-108.9604	-86.5183	0.7940	66.2141	0.6079	2.4e-04	0.5242
1267	-108.9705	-108.9705	-86.6279	0.7950	66.0658	0.6065	2.4e-04	0.5257
1268	-108.9618	-108.9618	-87.0958	0.7993	65.4572	0.6009	2.4e-04	0.5239
1269	-108.9554	-108.9554	-86.1855	0.7910	66.6326	0.6117	2.4e-04	0.5250
1270	-108.9523	-108.9523	-86.6319	0.7951	66.0328	0.6062	2.4e-04	0.5250
1271	-108.9632	-108.9632	-86.6550	0.7953	66.0188	0.6060	2.4e-04	0.5246
1272	-108.9748	-108.9748	-86.6429	0.7951	66.0646	0.6064	2.4e-04	0.5258
1273	-108.9622	-108.9622	-85.9187	0.7885	66.9966	0.6150	2.4e-04	0.5248
1274	-108.9578	-108.9578	-86.9851	0.7983	65.5975	0.6022	2.4e-04	0.5258
1275	-108.9572	-108.9572	-86.4975	0.7939	66.2339	0.6080	2.4e-04	0.5257
1276	-108.9691	-108.9691	-86.1214	0.7903	66.6972	0.6123	2.4e-04	0.5263
1277	-108.9599	-108.9599	-85.8277	0.7877	67.0972	0.6160	2.4e-04	0.5261
1278	-108.9518	-108.9518	-86.7426	0.7962	65.9062	0.6051	2.4e-04	0.5253
1279	-108.9623	-108.9623	-86.0360	0.7896	66.8321	0.6136	2.4e-04	0.5268
1280	-108.9535	-108.9535	-86.5049	0.7940	66.2047	0.6078	2.4e-04	0.5252
1281	-108.9574	-108.9574	-86.3474	0.7925	66.4316	0.6099	2.4e-04	0.5251
1282	-108.9682	-108.9682	-85.2295	0.7821	67.8762	0.6231	2.4e-04	0.5240
1283	-108.9748	-108.9748	-84.9888	0.7799	68.1835	0.6259	2.4e-04	0.5278
1284	-108.9673	-108.9673	-85.1913	0.7818	67.8940	0.6233	2.4e-04	0.5249
1285	-108.9502	-108.9502	-84.7489	0.7779	68.4459	0.6284	2.4e-04	0.5239
1286	-108.9753	-108.9753	-85.0069	0.7801	68.1384	0.6255	2.4e-04	0.5257
1287	-108.9499	-108.9499	-84.9483	0.7797	68.1911	0.6261	2.4e-04	0.5255
1288	-108.9620	-108.9620	-84.7099	0.7774	68.5197	0.6290	2.4e-04	0.5270
1289	-108.9641	-108.9641	-84.1322	0.7721	69.2236	0.6355	2.4e-04	0.5263
1290	-108.9561	-108.9561	-84.6441	0.7769	68.5900	0.6296	2.4e-04	0.5264
1291	-108.9697	-108.9697	-84.3198	0.7738	69.0010	0.6334	2.4e-04	0.5262
1292	-108.9749	-108.9749	-84.3206	0.7738	69.0049	0.6335	2.4e-04	0.5278
1293	-108.9684	-108.9684	-84.4009	0.7745	68.8955	0.6325	2.4e-04	0.5261
1294	-108.9753	-108.9753	-83.8979	0.7699	69.5248	0.6382	2.4e-04	0.5269
1295	-108.9702	-108.9702	-83.8549	0.7695	69.5663	0.6386	2.4e-04	0.5256
1296	-108.9653	-108.9653	-83.4453	0.7658	70.0506	0.6431	2.4e-04	0.5267
1297	-108.9511	-108.9511	-83.3137	0.7647	70.1643	0.6442	2.4e-04	0.5256
1298	-108.9556	-108.9556	-84.1899	0.7727	69.1269	0.6347	2.4e-04	0.5252
1299	-108.9627	-108.9627	-83.2865	0.7644	70.2345	0.6448	2.4e-04	0.5255
1300	-108.9468	-108.9468	-83.5935	0.7673	69.7830	0.6407	2.4e-04	0.5250
1301	-108.9556	-108.9556	-84.0909	0.7718	69.2460	0.6357	2.4e-04	0.5237
1302	-108.9557	-108.9557	-83.5109	0.7665	69.9568	0.6423	2.4e-04	0.5263
1303	-108.9623	-108.9623	-83.1371	0.7630	70.4024	0.6464	2.4e-04	0.5250
1304	-108.9571	-108.9571	-83.0623	0.7623	70.4992	0.6472	2.4e-04	0.5256
1305	-108.9688	-108.9688	-82.5188	0.7573	71.1408	0.6531	2.4e-04	0.5248
1306	-108.9631	-108.9631	-82.5474	0.7576	71.0974	0.6527	2.4e-04	0.5247
1307	-108.9614	-108.9614	-82.7061	0.7590	70.9085	0.6510	2.4e-04	0.5249
1308	-108.9378	-108.9378	-82.5552	0.7578	71.0493	0.6524	2.4e-04	0.5247
1309	-108.9560	-108.9560	-82.4354	0.7566	71.2231	0.6538	2.4e-04	0.5250
1310	-108.9624	-108.9624	-82.5632	0.7577	71.0766	0.6525	2.4e-04	0.5244
1311	-108.9782	-108.9782	-82.5597	0.7576	71.1046	0.6527	2.4e-04	0.5267
1312	-108.9634	-108.9634	-82.5701	0.7578	71.0724	0.6525	2.4e-04	0.5272
1313	-108.9701	-108.9701	-82.3416	0.7556	71.3539	0.6550	2.4e-04	0.5261
1314	-108.9566	-108.9566	-81.9993	0.7526	71.7188	0.6585	2.4e-04	0.5250
1315	-108.9618	-108.9618	-82.2221	0.7546	71.4616	0.6561	2.4e-04	0.5254
1316	-108.9590	-108.9590	-81.2161	0.7454	72.6167	0.6666	2.4e-04	0.5273
1317	-108.9623	-108.9623	-82.1142	0.7536	71.5951	0.6573	2.4e-04	0.5251
1318	-108.9476	-108.9476	-81.6437	0.7494	72.1118	0.6621	2.4e-04	0.5250
1319	-108.9746	-108.9746	-81.2080	0.7452	72.6369	0.6668	2.4e-04	0.5273
1320	-108.9465	-108.9465	-81.6485	0.7494	72.1052	0.6620	2.4e-04	0.5255
1321	-108.9666	-108.9666	-82.3147	0.7554	71.3534	0.6550	2.4e-04	0.5255
1322	-108.9511	-108.9511	-80.8508	0.7421	72.9851	0.6701	2.4e-04	0.5266
1323	-108.9654	-108.9654	-80.7722	0.7413	73.1033	0.6712	2.4e-04	0.5249
1324	-108.9491	-108.9491	-81.1192	0.7446	72.7058	0.6675	2.4e-04	0.5256
1325	-108.9549	-108.9549	-80.8974	0.7425	72.9580	0.6699	2.4e-04	0.5258
1326	-108.9659	-108.9659	-80.9605	0.7430	72.8748	0.6690	2.4e-04	0.5267
1327	-108.9595	-108.9595	-80.1892	0.7360	73.7344	0.6770	2.4e-04	0.5274
1328	-108.9654	-108.9654	-80.4201	0.7380	73.4901	0.6748	2.4e-04	0.5270
1329	-108.9601	-108.9601	-80.6498	0.7402	73.2446	0.6724	2.4e-04	0.5261
1330	-108.9664	-108.9664	-80.3522	0.7374	73.5717	0.6754	2.4e-04	0.5252
1331	-108.9429	-108.9429	-79.6944	0.7315	74.2527	0.6818	2.4e-04	0.5267
1332	-108.9521	-108.9521	-79.4389	0.7291	74.5433	0.6843	2.4e-04	0.5247
1333	-108.9630	-108.9630	-79.4911	0.7295	74.4917	0.6839	2.4e-04	0.5266
1334	-108.9713	-108.9713	-79.8655	0.7329	74.1133	0.6803	2.4e-04	0.5250
1335	-108.9606	-108.9606	-79.5772	0.7303	74.4036	0.6831	2.4e-04	0.5274
1336	-108.9672	-108.9672	-79.0788	0.7257	74.9267	0.6878	2.4e-04	0.5243
1337	-108.9551	-108.9551	-79.3450	0.7282	74.6454	0.6853	2.4e-04	0.5260
1338	-108.9552	-108.9552	-78.9724	0.7248	75.0174	0.6888	2.4e-04	0.5250
1339	-108.9542	-108.9542	-79.0545	0.7256	74.9324	0.6880	2.4e-04	0.5272
1340	-108.9595	-108.9595	-78.7091	0.7224	75.3065	0.6914	2.4e-04	0.5255
1341	-108.9681	-108.9681	-78.2488	0.7181	75.8057	0.6960	2.4e-04	0.5275
1342	-108.9630	-108.9630	-77.3774	0.7101	76.6649	0.7039	2.4e-04	0.5261
1343	-108.9707	-108.9707	-76.9787	0.7064	77.1003	0.7078	2.4e-04	0.5267
1344	-108.9593	-108.9593	-77.1874	0.7084	76.8644	0.7056	2.4e-04	0.5240
1345	-108.9552	-108.9552	-76.6437	0.7034	77.4097	0.7106	2.4e-04	0.5247
1346	-108.9695	-108.9695	-77.1830	0.7083	76.8925	0.7058	2.4e-04	0.5259
1347	-108.9745	-108.9745	-77.2996	0.7093	76.7733	0.7047	2.4e-04	0.5251
1348	-108.9513	-108.9513	-77.0663	0.7073	76.9882	0.7068	2.4e-04	0.5253
1349	-108.9635	-108.9635	-78.1707	0.7174	75.8644	0.6965	2.4e-04	0.5256
1350	-108.9545	-108.9545	-77.4771	0.7111	76.5778	0.7031	2.4e-04	0.5259
1351	-108.9552	-108.9552	-78.4203	0.7197	75.6099	0.6942	2.4e-04	0.5255
1352	-108.9665	-108.9665	-78.1267	0.7170	75.9310	0.6971	2.4e-04	0.5262
1353	-108.9503	-108.9503	-78.0462	0.7163	75.9979	0.6977	2.4e-04	0.5263
1354	-108.9521	-108.9521	-77.5285	0.7116	76.5193	0.7026	2.4e-04	0.5270
1355	-108.9778	-108.9778	-77.6081	0.7121	76.4657	0.7020	2.4e-04	0.5251
1356	-108.9628	-108.9628	-77.8445	0.7144	76.2190	0.6997	2.4e-04	0.5260
1357	-108.9506	-108.9506	-76.7262	0.7042	77.3227	0.7099	2.4e-04	0.5245
1358	-108.9623	-108.9623	-76.8882	0.7056	77.1633	0.7085	2.4e-04	0.5254
1359	-108.9669	-108.9669	-77.2583	0.7090	76.8151	0.7052	2.4e-04	0.5273
1360	-108.9675	-108.9675	-76.6108	0.7031	77.4566	0.7111	2.4e-04	0.5260
1361	-108.9631	-108.9631	-77.3085	0.7095	76.7201	0.7043	2.4e-04	0.5263
1362	-108.9635	-108.9635	-77.1097	0.7077	76.9439	0.7064	2.4e-04	0.5268
1363	-108.9659	-108.9659	-76.7107	0.7040	77.3443	0.7101	2.4e-04	0.5258
1364	-108.9701	-108.9701	-76.4482	0.7016	77.6281	0.7126	2.4e-04	0.5244
1365	-108.9664	-108.9664	-76.5441	0.7025	77.5187	0.7117	2.4e-04	0.5260
1366	-108.9663	-108.9663	-76.7200	0.7041	77.3353	0.7100	2.4e-04	0.5253
1367	-108.9512	-108.9512	-76.1058	0.6985	77.9361	0.7155	2.4e-04	0.5252
1368	-108.9535	-108.9535	-77.1944	0.7085	76.8595	0.7057	2.4e-04	0.5243
1369	-108.9732	-108.9732	-75.8165	0.6957	78.2443	0.7183	2.4e-04	0.5248
1370	-108.9641	-108.9641	-77.2187	0.7087	76.8485	0.7055	2.4e-04	0.5235
1371	-108.9617	-108.9617	-76.7454	0.7043	77.3186	0.7099	2.4e-04	0.5275
1372	-108.9642	-108.9642	-76.5712	0.7027	77.4883	0.7114	2.4e-04	0.5256
1373	-108.9565	-108.9565	-76.8339	0.7052	77.2240	0.7090	2.4e-04	0.5253
1374	-108.9650	-108.9650	-77.3097	0.7095	76.7570	0.7047	2.4e-04	0.5271
1375	-108.9707	-108.9707	-76.5784	0.7027	77.4982	0.7114	2.4e-04	0.5256
1376	-108.9470	-108.9470	-77.9537	0.7155	76.0824	0.6986	2.4e-04	0.5272
1377	-108.9621	-108.9621	-77.3782	0.7101	76.6828	0.7040	2.4e-04	0.5266
1378	-108.9844	-108.9844	-76.3892	0.7009	77.6985	0.7132	2.4e-04	0.5269
1379	-108.9549	-108.9549	-77.6317	0.7125	76.4035	0.7015	2.4e-04	0.5254
1380	-108.9546	-108.9546	-77.2028	0.7086	76.8567	0.7056	2.4e-04	0.5262
1381	-108.9668	-108.9668	-76.4799	0.7019	77.5879	0.7123	2.4e-04	0.5260
1382	-108.9617	-108.9617	-77.6802	0.7129	76.3819	0.7012	2.3e-04	0.5262
1383	-108.9756	-108.9756	-77.0720	0.7072	77.0148	0.7070	2.3e-04	0.5242
1384	-108.9437	-108.9437	-78.2668	0.7184	75.7610	0.6956	2.3e-04	0.5252
1385	-108.9560	-108.9560	-77.5323	0.7116	76.5241	0.7026	2.3e-04	0.5259
1386	-108.9645	-108.9645	-78.2635	0.7182	75.7699	0.6956	2.3e-04	0.5249
1387	-108.9634	-108.9634	-77.3928	0.7103	76.6764	0.7039	2.3e-04	0.5244
1388	-108.9631	-108.9631	-77.8402	0.7144	76.2182	0.6998	2.3e-04	0.5249
1389	-108.9650	-108.9650	-77.7964	0.7140	76.2605	0.7002	2.3e-04	0.5260
1390	-108.9561	-108.9561	-77.6474	0.7126	76.3673	0.7013	2.3e-04	0.5271
1391	-108.9534	-108.9534	-77.6636	0.7128	76.3916	0.7013	2.3e-04	0.5252
1392	-108.9630	-108.9630	-77.1173	0.7077	76.9439	0.7064	2.3e-04	0.5252
1393	-108.9758	-108.9758	-76.7026	0.7038	77.3862	0.7103	2.3e-04	0.5246
1394	-108.9535	-108.9535	-77.0939	0.7076	76.9435	0.7065	2.3e-04	0.5248
1395	-108.9674	-108.9674	-77.8970	0.7149	76.1660	0.6992	2.3e-04	0.5254
1396	-108.9595	-108.9595	-78.2089	0.7178	75.8387	0.6962	2.3e-04	0.5254
1397	-108.9697	-108.9697	-76.8533	0.7053	77.2170	0.7088	2.3e-04	0.5243
1398	-108.9676	-108.9676	-76.0390	0.6978	78.0008	0.7162	2.3e-04	0.5260
1399	-108.9619	-108.9619	-76.6470	0.7034	77.4129	0.7107	2.3e-04	0.5276
1400	-108.9456	-108.9456	-77.7316	0.7135	76.3101	0.7006	2.3e-04	0.5256
1401	-108.9665	-108.9665	-75.9518	0.6970	78.1128	0.7170	2.3e-04	0.5234
1402	-108.9652	-108.9652	-75.9285	0.6968	78.1236	0.7173	2.3e-04	0.5258
1403	-108.9763	-108.9763	-76.7576	0.7044	77.3228	0.7098	2.3e-04	0.5261
1404	-108.9643	-108.9644	-75.5659	0.6935	78.4616	0.7203	2.3e-04	0.5271
1405	-108.9623	-108.9624	-75.1252	0.6895	78.8898	0.7243	2.3e-04	0.5251
1406	-108.9632	-108.9632	-77.0594	0.7072	76.9920	0.7069	2.3e-04	0.5239
1407	-108.9632	-108.9632	-75.3709	0.6917	78.6602	0.7222	2.3e-04	0.5275
1408	-108.9663	-108.9663	-76.6507	0.7034	77.4177	0.7107	2.3e-04	0.5254
1409	-108.9782	-108.9782	-75.7927	0.6955	78.2586	0.7185	2.3e-04	0.5251
1410	-108.9671	-108.9671	-76.7366	0.7042	77.3289	0.7100	2.3e-04	0.5254
1411	-108.9741	-108.9741	-76.5260	0.7022	77.5357	0.7118	2.3e-04	0.5267
1412	-108.9586	-108.9586	-76.3048	0.7003	77.7255	0.7136	2.3e-04	0.5266
1413	-108.9626	-108.9626	-76.1601	0.6990	77.8845	0.7151	2.3e-04	0.5260
1414	-108.9706	-108.9707	-75.7346	0.6950	78.3109	0.7190	2.3e-04	0.5238
1415	-108.9633	-108.9633	-76.8678	0.7054	77.1858	0.7087	2.3e-04	0.5254
1416	-108.9697	-108.9697	-76.1987	0.6993	77.8688	0.7149	2.3e-04	0.5249
1417	-108.9544	-108.9544	-76.8611	0.7054	77.1934	0.7088	2.3e-04	0.5258
1418	-108.9601	-108.9601	-76.1002	0.6984	77.9352	0.7156	2.3e-04	0.5255
1419	-108.9531	-108.9531	-75.7540	0.6953	78.2777	0.7187	2.3e-04	0.5255
1420	-108.9612	-108.9612	-75.9898	0.6974	78.0464	0.7166	2.3e-04	0.5252
1421	-108.9557	-108.9557	-76.2373	0.6997	77.8055	0.7144	2.3e-04	0.5268
1422	-108.9709	-108.9711	-74.8526	0.6869	79.1616	0.7267	2.3e-04	0.5242
1423	-108.9643	-108.9645	-74.7080	0.6856	79.2805	0.7279	2.3e-04	0.5257
1424	-108.9653	-108.9653	-76.0182	0.6976	78.0360	0.7164	2.3e-04	0.5258
1425	-108.9699	-108.9699	-76.4832	0.7019	77.5767	0.7122	2.3e-04	0.5254
1426	-108.9565	-108.9565	-76.0291	0.6978	77.9999	0.7162	2.3e-04	0.5248
1427	-108.9607	-108.9607	-76.4306	0.7015	77.5973	0.7124	2.3e-04	0.5237
1428	-108.9567	-108.9568	-75.8802	0.6964	78.1673	0.7176	2.3e-04	0.5273
1429	-108.9722	-108.9724	-74.6599	0.6851	79.3451	0.7284	2.3e-04	0.5250
1430	-108.9478	-108.9478	-76.5703	0.7028	77.4708	0.7114	2.3e-04	0.5281
1431	-108.9646	-108.9646	-75.9751	0.6972	78.0805	0.7168	2.3e-04	0.5260
1432	-108.9620	-108.9620	-75.9805	0.6973	78.0726	0.7168	2.3e-04	0.5270
1433	-108.9466	-108.9466	-75.9674	0.6973	78.0680	0.7168	2.3e-04	0.5257
1434	-108.9675	-108.9675	-76.2253	0.6995	77.8421	0.7146	2.3e-04	0.5262
1435	-108.9639	-108.9639	-76.0067	0.6975	78.0358	0.7165	2.3e-04	0.5253
1436	-108.9462	-108.9462	-76.3053	0.7004	77.7468	0.7137	2.3e-04	0.5254
1437	-108.9600	-108.9600	-76.5730	0.7028	77.4834	0.7114	2.3e-04	0.5252
1438	-108.9542	-108.9542	-75.7672	0.6954	78.2666	0.7186	2.3e-04	0.5252
1439	-108.9727	-108.9727	-75.7565	0.6952	78.2929	0.7188	2.3e-04	0.5266
1440	-108.9665	-108.9667	-74.9421	0.6878	79.0666	0.7259	2.3e-04	0.5250
1441	-108.9483	-108.9483	-76.5041	0.7022	77.5456	0.7120	2.3e-04	0.5268
1442	-108.9522	-108.9522	-76.5775	0.7029	77.4651	0.7112	2.3e-04	0.5232
1443	-108.9817	-108.9817	-76.4055	0.7011	77.6628	0.7130	2.3e-04	0.5276
1444	-108.9548	-108.9548	-76.2165	0.6995	77.8330	0.7146	2.3e-04	0.5266
1445	-108.9720	-108.9720	-76.7435	0.7043	77.3321	0.7099	2.3e-04	0.5257
1446	-108.9578	-108.9578	-76.1603	0.6990	77.8876	0.7151	2.3e-04	0.5262
1447	-108.9489	-108.9490	-75.5188	0.6932	78.5061	0.7208	2.3e-04	0.5242
1448	-108.9708	-108.9709	-75.1707	0.6898	78.8536	0.7239	2.3e-04	0.5257
1449	-108.9778	-108.9779	-75.7785	0.6954	78.2672	0.7185	2.3e-04	0.5253
1450	-108.9593	-108.9594	-75.6816	0.6946	78.3361	0.7192	2.3e-04	0.5259
1451	-108.9656	-108.9656	-75.9879	0.6974	78.0605	0.7166	2.3e-04	0.5246
1452	-108.9695	-108.9695	-76.1913	0.6992	77.8441	0.7146	2.3e-04	0.5249
1453	-108.9786	-108.9786	-75.7849	0.6954	78.2793	0.7186	2.3e-04	0.5241
1454	-108.9534	-108.9534	-76.4313	0.7015	77.6270	0.7127	2.3e-04	0.5274
1455	-108.9749	-108.9749	-76.2379	0.6996	77.8347	0.7145	2.3e-04	0.5262
1456	-108.9468	-108.9468	-76.2406	0.6998	77.8007	0.7143	2.3e-04	0.5250
1457	-108.9543	-108.9543	-76.5092	0.7022	77.5500	0.7119	2.3e-04	0.5255
1458	-108.9607	-108.9607	-76.5147	0.7022	77.5135	0.7116	2.3e-04	0.5259
1459	-108.9550	-108.9550	-75.8512	0.6962	78.1864	0.7178	2.3e-04	0.5251
1460	-108.9595	-108.9595	-76.3376	0.7006	77.7157	0.7135	2.3e-04	0.5266
1461	-108.9740	-108.9740	-76.6879	0.7037	77.3910	0.7104	2.3e-04	0.5248
1462	-108.9501	-108.9501	-75.8823	0.6965	78.1596	0.7176	2.3e-04	0.5268
1463	-108.9672	-108.9673	-75.1656	0.6898	78.8615	0.7239	2.3e-04	0.5252
1464	-108.9618	-108.9618	-77.0706	0.7073	76.9571	0.7065	2.3e-04	0.5265
1465	-108.9637	-108.9637	-76.3653	0.7008	77.6920	0.7133	2.3e-04	0.5247
1466	-108.9594	-108.9594	-75.8504	0.6961	78.1925	0.7179	2.3e-04	0.5262
1467	-108.9583	-108.9584	-75.2949	0.6910	78.7271	0.7228	2.3e-04	0.5255
1468	-108.9684	-108.9684	-77.0172	0.7068	77.0502	0.7073	2.3e-04	0.5258
1469	-108.9538	-108.9538	-75.5954	0.6938	78.3969	0.7197	2.3e-04	0.5251
1470	-108.9608	-108.9609	-75.8006	0.6957	78.2531	0.7184	2.3e-04	0.5272
1471	-108.9648	-108.9648	-75.7946	0.6956	78.2643	0.7184	2.3e-04	0.5248
1472	-108.9573	-108.9573	-76.8540	0.7054	77.2124	0.7088	2.3e-04	0.5271
1473	-108.9587	-108.9587	-75.8475	0.6961	78.1944	0.7179	2.3e-04	0.5260
1474	-108.9576	-108.9576	-75.8698	0.6963	78.1829	0.7177	2.3e-04	0.5272
1475	-108.9610	-108.9610	-76.1642	0.6990	77.8917	0.7151	2.3e-04	0.5258
1476	-108.9528	-108.9528	-76.6407	0.7034	77.3973	0.7106	2.3e-04	0.5272
1477	-108.9603	-108.9603	-77.6383	0.7125	76.4273	0.7016	2.3e-04	0.5258
1478	-108.9504	-108.9504	-77.3468	0.7099	76.6970	0.7042	2.3e-04	0.5276
1479	-108.9647	-108.9647	-76.7526	0.7044	77.3169	0.7098	2.3e-04	0.5255
1480	-108.9633	-108.9633	-77.7388	0.7134	76.2972	0.7005	2.3e-04	0.5267
1481	-108.9580	-108.9580	-77.1575	0.7081	76.8451	0.7055	2.3e-04	0.5239
1482	-108.9525	-108.9525	-76.2973	0.7003	77.7410	0.7137	2.3e-04	0.5242
1483	-108.9676	-108.9676	-77.7676	0.7137	76.2990	0.7004	2.3e-04	0.5248
1484	-108.9600	-108.9600	-77.4510	0.7108	76.6083	0.7033	2.3e-04	0.5262
1485	-108.9573	-108.9573	-77.1362	0.7079	76.9177	0.7062	2.3e-04	0.5252
1486	-108.9601	-108.9601	-76.3629	0.7008	77.7037	0.7133	2.3e-04	0.5265
1487	-108.9628	-108.9628	-76.3608	0.7008	77.7017	0.7133	2.3e-04	0.5250
1488	-108.9653	-108.9653	-77.0908	0.7075	76.9845	0.7067	2.3e-04	0.5249
1489	-108.9702	-108.9702	-75.7556	0.6952	78.3028	0.7188	2.3e-04	0.5262
1490	-108.9575	-108.9575	-76.6846	0.7038	77.3820	0.7104	2.3e-04	0.5257
1491	-108.9502	-108.9502	-76.2753	0.7001	77.7756	0.7140	2.3e-04	0.5253
1492	-108.9714	-108.9714	-76.9378	0.7060	77.1427	0.7082	2.3e-04	0.5248
1493	-108.9640	-108.9640	-76.2767	0.7000	77.7795	0.7141	2.3e-04	0.5268
1494	-108.9710	-108.9710	-76.8929	0.7056	77.1873	0.7086	2.3e-04	0.5260
1495	-108.9527	-108.9527	-75.8126	0.6958	78.2259	0.7182	2.3e-04	0.5269
1496	-108.9464	-108.9464	-75.8960	0.6966	78.1284	0.7173	2.3e-04	0.5255
1497	-108.9642	-108.9642	-76.9021	0.7058	77.1633	0.7084	2.3e-04	0.5245
1498	-108.9787	-108.9787	-75.9096	0.6966	78.1539	0.7174	2.3e-04	0.5263
1499	-108.9514	-108.9514	-75.9408	0.6970	78.1037	0.7171	2.3e-04	0.5257
1500	-108.9645	-108.9645	-76.0998	0.6984	77.9606	0.7157	2.3e-04	0.5280
1501	-108.9648	-108.9648	-76.7308	0.7042	77.3382	0.7100	2.3e-04	0.5228
1502	-108.9561	-108.9561	-76.0976	0.6984	77.9376	0.7155	2.3e-04	0.5255
1503	-108.9588	-108.9588	-76.8554	0.7054	77.2096	0.7088	2.3e-04	0.5276
1504	-108.9531	-108.9531	-76.4964	0.7021	77.5589	0.7120	2.3e-04	0.5267
1505	-108.9543	-108.9543	-76.3141	0.7004	77.7330	0.7137	2.3e-04	0.5260
1506	-108.9607	-108.9607	-76.9374	0.7061	77.1349	0.7081	2.3e-04	0.5251
1507	-108.9685	-108.9685	-77.1144	0.7077	76.9596	0.7065	2.3e-04	0.5264
1508	-108.9434	-108.9434	-76.9554	0.7064	77.0847	0.7077	2.3e-04	0.5251
1509	-108.9622	-108.9622	-76.1751	0.6991	77.8847	0.7150	2.3e-04	0.5259
1510	-108.9578	-108.9578	-75.6109	0.6939	78.4103	0.7199	2.3e-04	0.5252
1511	-108.9717	-108.9717	-76.1399	0.6987	77.9033	0.7152	2.3e-04	0.5257
1512	-108.9486	-108.9486	-75.5184	0.6932	78.5014	0.7208	2.3e-04	0.5263
1513	-108.9534	-108.9534	-75.9952	0.6975	78.0479	0.7166	2.3e-04	0.5272
1514	-108.9584	-108.9584	-75.7818	0.6955	78.2700	0.7185	2.3e-04	0.5253
1515	-108.9712	-108.9712	-76.3062	0.7002	77.7754	0.7139	2.3e-04	0.5269
1516	-108.9675	-108.9675	-76.6169	0.7031	77.4519	0.7111	2.3e-04	0.5255
1517	-108.9536	-108.9536	-77.1451	0.7081	76.9151	0.7062	2.3e-04	0.5267
1518	-108.9605	-108.9607	-74.9762	0.6881	79.0349	0.7256	2.3e-04	0.5246
1519	-108.9621	-108.9621	-75.8637	0.6962	78.1840	0.7177	2.3e-04	0.5258
1520	-108.9658	-108.9658	-76.2891	0.7001	77.7750	0.7140	2.3e-04	0.5255
1521	-108.9596	-108.9596	-76.1726	0.6991	77.8795	0.7150	2.3e-04	0.5246
1522	-108.9652	-108.9652	-76.0990	0.6984	77.9454	0.7156	2.3e-04	0.5257
1523	-108.9688	-108.9688	-76.4027	0.7011	77.6776	0.7130	2.3e-04	0.5248
1524	-108.9653	-108.9653	-76.0697	0.6981	77.9779	0.7159	2.3e-04	0.5275
1525	-108.9642	-108.9642	-76.4741	0.7018	77.5928	0.7123	2.3e-04	0.5255
1526	-108.9809	-108.9809	-76.0943	0.6982	77.9610	0.7156	2.3e-04	0.5281
1527	-108.9684	-108.9684	-77.4412	0.7107	76.6322	0.7035	2.3e-04	0.5255
1528	-108.9899	-108.9899	-77.7003	0.7129	76.3901	0.7012	2.3e-04	0.5277
1529	-108.9703	-108.9703	-78.3281	0.7188	75.7244	0.6952	2.3e-04	0.5255
1530	-108.9489	-108.9489	-77.2242	0.7088	76.8323	0.7054	2.3e-04	0.5248
1531	-108.9598	-108.9598	-78.1091	0.7169	75.9289	0.6971	2.3e-04	0.5270
1532	-108.9461	-108.9461	-78.5977	0.7214	75.4163	0.6924	2.3e-04	0.5254
1533	-108.9499	-108.9499	-78.0691	0.7166	75.9661	0.6975	2.3e-04	0.5254
1534	-108.9753	-108.9753	-78.5699	0.7210	75.4856	0.6929	2.3e-04	0.5268
1535	-108.9506	-108.9506	-78.4607	0.7201	75.5669	0.6938	2.3e-04	0.5270
1536	-108.9567	-108.9567	-78.1713	0.7175	75.8785	0.6966	2.3e-04	0.5253
1537	-108.9601	-108.9601	-77.8116	0.7141	76.2519	0.7000	2.3e-04	0.5253
1538	-108.9743	-108.9743	-78.8472	0.7235	75.1956	0.6903	2.3e-04	0.5241
1539	-108.9580	-108.9580	-78.1255	0.7170	75.9217	0.6970	2.3e-04	0.5254
1540	-108.9711	-108.9711	-77.4705	0.7109	76.5772	0.7031	2.3e-04	0.5260
1541	-108.9690	-108.9690	-78.2731	0.7183	75.7708	0.6956	2.3e-04	0.5250
1542	-108.9616	-108.9616	-78.0862	0.7166	75.9561	0.6974	2.3e-04	0.5265
1543	-108.9696	-108.9696	-77.4593	0.7108	76.6066	0.7033	2.3e-04	0.5251
1544	-108.9679	-108.9679	-77.7269	0.7133	76.3479	0.7009	2.3e-04	0.5263
1545	-108.9720	-108.9720	-78.6520	0.7218	75.3957	0.6921	2.3e-04	0.5251
1546	-108.9712	-108.9712	-77.2205	0.7086	76.8524	0.7055	2.3e-04	0.5257
1547	-108.9728	-108.9728	-77.6096	0.7122	76.4676	0.7020	2.3e-04	0.5253
1548	-108.9531	-108.9531	-77.6616	0.7128	76.3783	0.7012	2.3e-04	0.5269
1549	-108.9531	-108.9531	-77.2726	0.7092	76.7802	0.7049	2.3e-04	0.5248
1550	-108.9516	-108.9516	-77.6965	0.7131	76.3539	0.7010	2.3e-04	0.5251
1551	-108.9566	-108.9566	-78.3144	0.7188	75.7200	0.6953	2.3e-04	0.5257
1552	-108.9606	-108.9606	-77.6454	0.7126	76.4104	0.7015	2.3e-04	0.5259
1553	-108.9637	-108.9637	-76.6411	0.7034	77.4295	0.7108	2.3e-04	0.5253
1554	-108.9623	-108.9623	-76.7740	0.7046	77.2720	0.7094	2.3e-04	0.5243
1555	-108.9664	-108.9664	-77.2156	0.7086	76.8513	0.7055	2.3e-04	0.5274
1556	-108.9671	-108.9671	-77.0831	0.7074	76.9882	0.7068	2.3e-04	0.5253
1557	-108.9593	-108.9593	-77.1852	0.7084	76.8632	0.7057	2.3e-04	0.5278
1558	-108.9507	-108.9507	-77.4197	0.7106	76.6125	0.7034	2.3e-04	0.5236
1559	-108.9687	-108.9687	-76.8623	0.7054	77.2130	0.7088	2.3e-04	0.5269
1560	-108.9682	-108.9682	-76.7720	0.7045	77.3013	0.7096	2.3e-04	0.5257
1561	-108.9539	-108.9539	-77.5714	0.7120	76.4724	0.7021	2.3e-04	0.5268
1562	-108.9814	-108.9814	-77.4577	0.7107	76.6257	0.7035	2.3e-04	0.5252
1563	-108.9652	-108.9652	-77.8886	0.7148	76.1658	0.6993	2.3e-04	0.5273
1564	-108.9638	-108.9638	-76.9508	0.7062	77.1111	0.7079	2.3e-04	0.5253
1565	-108.9799	-108.9799	-76.8789	0.7054	77.2120	0.7088	2.3e-04	0.5260
1566	-108.9631	-108.9631	-77.4268	0.7106	76.6400	0.7036	2.3e-04	0.5247
1567	-108.9724	-108.9724	-76.6365	0.7033	77.4220	0.7108	2.3e-04	0.5248
1568	-108.9619	-108.9619	-76.9792	0.7065	77.0753	0.7076	2.3e-04	0.5260
1569	-108.9698	-108.9698	-76.9519	0.7062	77.0526	0.7074	2.3e-04	0.5252
1570	-108.9434	-108.9434	-76.8259	0.7052	77.2145	0.7090	2.3e-04	0.5267
1571	-108.9523	-108.9523	-77.4557	0.7109	76.5809	0.7032	2.3e-04	0.5258
1572	-108.9611	-108.9611	-75.9966	0.6975	78.0551	0.7166	2.3e-04	0.5249
1573	-108.9668	-108.9668	-76.6994	0.7039	77.3617	0.7103	2.3e-04	0.5279
1574	-108.9676	-108.9676	-76.3549	0.7007	77.6960	0.7132	2.3e-04	0.5262
1575	-108.9764	-108.9764	-76.3064	0.7002	77.7610	0.7139	2.3e-04	0.5257
1576	-108.9586	-108.9586	-77.2437	0.7089	76.8127	0.7053	2.3e-04	0.5284
1577	-108.9666	-108.9666	-76.6809	0.7037	77.3896	0.7105	2.3e-04	0.5261
1578	-108.9579	-108.9579	-76.5872	0.7029	77.4748	0.7112	2.3e-04	0.5250
1579	-108.9625	-108.9625	-75.5732	0.6936	78.4590	0.7202	2.3e-04	0.5250
1580	-108.9564	-108.9564	-76.4077	0.7013	77.6412	0.7129	2.3e-04	0.5247
1581	-108.9712	-108.9712	-76.0158	0.6976	78.0342	0.7164	2.3e-04	0.5258
1582	-108.9691	-108.9691	-76.3974	0.7011	77.6768	0.7131	2.3e-04	0.5263
1583	-108.9717	-108.9718	-75.5074	0.6929	78.5373	0.7210	2.3e-04	0.5253
1584	-108.9635	-108.9638	-74.3045	0.6819	79.6660	0.7314	2.3e-04	0.5273
1585	-108.9734	-108.9736	-74.8000	0.6864	79.2149	0.7272	2.3e-04	0.5264
1586	-108.9741	-108.9741	-76.4467	0.7015	77.6183	0.7126	2.3e-04	0.5275
1587	-108.9653	-108.9653	-76.4536	0.7016	77.6124	0.7125	2.3e-04	0.5266
1588	-108.9621	-108.9621	-76.4805	0.7019	77.5691	0.7122	2.3e-04	0.5258
1589	-108.9625	-108.9625	-76.8189	0.7050	77.2361	0.7091	2.3e-04	0.5254
1590	-108.9641	-108.9641	-76.2253	0.6995	77.8362	0.7146	2.3e-04	0.5250
1591	-108.9804	-108.9804	-76.2513	0.6997	77.8028	0.7142	2.3e-04	0.5260
1592	-108.9653	-108.9653	-76.5436	0.7025	77.4853	0.7114	2.3e-04	0.5252
1593	-108.9714	-108.9714	-77.0223	0.7068	77.0579	0.7074	2.3e-04	0.5261
1594	-108.9613	-108.9613	-76.2296	0.6996	77.8176	0.7145	2.3e-04	0.5248
1595	-108.9697	-108.9697	-76.5405	0.7024	77.5309	0.7118	2.3e-04	0.5270
1596	-108.9627	-108.9627	-77.2951	0.7094	76.7673	0.7048	2.3e-04	0.5251
1597	-108.9576	-108.9576	-76.9638	0.7064	77.0876	0.7078	2.3e-04	0.5258
1598	-108.9579	-108.9579	-76.7498	0.7044	77.3030	0.7097	2.3e-04	0.5244
1599	-108.9762	-108.9762	-77.3724	0.7100	76.7045	0.7042	2.3e-04	0.5250
1600	-108.9593	-108.9593	-77.2099	0.7086	76.8584	0.7056	2.3e-04	0.5273
1601	-108.9608	-108.9608	-76.3443	0.7007	77.6923	0.7133	2.3e-04	0.5240
1602	-108.9816	-108.9816	-77.1155	0.7076	76.9583	0.7065	2.3e-04	0.5252
1603	-108.9702	-108.9702	-76.9405	0.7061	77.1101	0.7079	2.3e-04	0.5265
1604	-108.9719	-108.9719	-76.0749	0.6981	77.9809	0.7160	2.3e-04	0.5254
1605	-108.9522	-108.9522	-77.2021	0.7086	76.8391	0.7055	2.3e-04	0.5273
1606	-108.9583	-108.9583	-77.1736	0.7083	76.8663	0.7057	2.3e-04	0.5253
1607	-108.9758	-108.9758	-76.0227	0.6976	78.0463	0.7165	2.3e-04	0.5273
1608	-108.9674	-108.9674	-75.8690	0.6963	78.1670	0.7176	2.3e-04	0.5253
1609	-108.9654	-108.9654	-76.5357	0.7024	77.5226	0.7117	2.3e-04	0.5272
1610	-108.9704	-108.9704	-76.2931	0.7001	77.7686	0.7140	2.3e-04	0.5253
1611	-108.9563	-108.9563	-77.3355	0.7098	76.7056	0.7043	2.3e-04	0.5270
1612	-108.9692	-108.9692	-75.8710	0.6963	78.1721	0.7176	2.3e-04	0.5261
1613	-108.9530	-108.9530	-76.2691	0.7000	77.7775	0.7141	2.3e-04	0.5258
1614	-108.9563	-108.9563	-76.8696	0.7055	77.1781	0.7086	2.3e-04	0.5262
1615	-108.9641	-108.9641	-76.8179	0.7050	77.2526	0.7092	2.3e-04	0.5252
1616	-108.9628	-108.9628	-76.5327	0.7024	77.4880	0.7114	2.3e-04	0.5255
1617	-108.9657	-108.9657	-75.8058	0.6957	78.2346	0.7182	2.3e-04	0.5272
1618	-108.9592	-108.9593	-75.9255	0.6968	78.1214	0.7172	2.3e-04	0.5261
1619	-108.9555	-108.9555	-76.0375	0.6979	78.0024	0.7162	2.3e-04	0.5256
1620	-108.9702	-108.9702	-76.5727	0.7027	77.4931	0.7115	2.3e-04	0.5271
1621	-108.9588	-108.9588	-76.6966	0.7039	77.3510	0.7103	2.3e-04	0.5267
1622	-108.9597	-108.9597	-76.4032	0.7012	77.6510	0.7129	2.3e-04	0.5241
1623	-108.9589	-108.9589	-76.5564	0.7026	77.5074	0.7116	2.3e-04	0.5249
1624	-108.9614	-108.9615	-75.6963	0.6947	78.3466	0.7193	2.3e-04	0.5279
1625	-108.9354	-108.9354	-76.0520	0.6981	77.9225	0.7155	2.3e-04	0.5260
1626	-108.9542	-108.9542	-75.7003	0.6948	78.3303	0.7192	2.3e-04	0.5278
1627	-108.9646	-108.9646	-76.3092	0.7003	77.7531	0.7138	2.3e-04	0.5259
1628	-108.9500	-108.9500	-76.4388	0.7016	77.6054	0.7126	2.3e-04	0.5271
1629	-108.9682	-108.9682	-76.3948	0.7011	77.6650	0.7131	2.3e-04	0.5247
1630	-108.9696	-108.9696	-76.7711	0.7045	77.2944	0.7096	2.3e-04	0.5256
1631	-108.9540	-108.9540	-75.8727	0.6964	78.1612	0.7176	2.3e-04	0.5257
1632	-108.9562	-108.9562	-75.4191	0.6922	78.5984	0.7217	2.3e-04	0.5271
1633	-108.9575	-108.9575	-76.5413	0.7025	77.5193	0.7117	2.3e-04	0.5249
1634	-108.9539	-108.9540	-75.5189	0.6931	78.5055	0.7208	2.3e-04	0.5274
1635	-108.9606	-108.9606	-75.6042	0.6939	78.4314	0.7201	2.3e-04	0.5249
1636	-108.9654	-108.9654	-75.6001	0.6938	78.4442	0.7202	2.3e-04	0.5256
1637	-108.9585	-108.9585	-76.0698	0.6982	77.9746	0.7159	2.3e-04	0.5257
1638	-108.9679	-108.9680	-75.5660	0.6935	78.4791	0.7205	2.3e-04	0.5260
1639	-108.9595	-108.9595	-75.5816	0.6937	78.4391	0.7202	2.3e-04	0.5259
1640	-108.9554	-108.9554	-76.3874	0.7011	77.6636	0.7131	2.3e-04	0.5267
1641	-108.9499	-108.9499	-76.9038	0.7059	77.1436	0.7083	2.3e-04	0.5258
1642	-108.9595	-108.9595	-76.7413	0.7043	77.3171	0.7099	2.3e-04	0.5264
1643	-108.9625	-108.9625	-76.4728	0.7018	77.5804	0.7123	2.3e-04	0.5259
1644	-108.9662	-108.9662	-76.2221	0.6995	77.8293	0.7146	2.3e-04	0.5270
1645	-108.9816	-108.9816	-76.5168	0.7021	77.5696	0.7121	2.3e-04	0.5248
1646	-108.9802	-108.9802	-76.4377	0.7014	77.6250	0.7126	2.3e-04	0.5262
1647	-108.9695	-108.9695	-76.1230	0.6986	77.9276	0.7155	2.3e-04	0.5257
1648	-108.9507	-108.9507	-76.9474	0.7063	77.0717	0.7077	2.3e-04	0.5272
1649	-108.9476	-108.9476	-76.8591	0.7055	77.1061	0.7080	2.3e-04	0.5263
1650	-108.9582	-108.9582	-75.9111	0.6967	78.1280	0.7174	2.3e-04	0.5254
1651	-108.9633	-108.9634	-75.4534	0.6925	78.5806	0.7214	2.3e-04	0.5259
1652	-108.9586	-108.9586	-76.0415	0.6979	77.9995	0.7161	2.3e-04	0.5253
1653	-108.9632	-108.9632	-75.7477	0.6952	78.2910	0.7188	2.3e-04	0.5257
1654	-108.9678	-108.9678	-75.8029	0.6956	78.2403	0.7184	2.3e-04	0.5250
1655	-108.9425	-108.9426	-75.2613	0.6908	78.7275	0.7230	2.3e-04	0.5268
1656	-108.9843	-108.9844	-75.9022	0.6965	78.1655	0.7176	2.3e-04	0.5250
1657	-108.9629	-108.9630	-75.3463	0.6915	78.6860	0.7224	2.3e-04	0.5276
1658	-108.9499	-108.9499	-76.2718	0.7001	77.7599	0.7140	2.3e-04	0.5252
1659	-108.9633	-108.9633	-75.9830	0.6973	78.0546	0.7167	2.3e-04	0.5259
1660	-108.9727	-108.9727	-75.7182	0.6948	78.3296	0.7191	2.3e-04	0.5257
1661	-108.9684	-108.9685	-75.7316	0.6950	78.3055	0.7189	2.3e-04	0.5263
1662	-108.9691	-108.9692	-75.7631	0.6953	78.2832	0.7187	2.3e-04	0.5255
1663	-108.9681	-108.9681	-75.8778	0.6963	78.1692	0.7176	2.3e-04	0.5250
1664	-108.9768	-108.9768	-75.9367	0.6968	78.1206	0.7172	2.3e-04	0.5254
1665	-108.9511	-108.9511	-76.2032	0.6994	77.8524	0.7147	2.3e-04	0.5256
1666	-108.9688	-108.9688	-76.9057	0.7058	77.1566	0.7084	2.2e-04	0.5266
1667	-108.9553	-108.9553	-76.4247	0.7014	77.6240	0.7127	2.2e-04	0.5342
1668	-108.9726	-108.9726	-76.3360	0.7005	77.7272	0.7136	2.2e-04	0.5255
1669	-108.9707	-108.9707	-76.6969	0.7038	77.3726	0.7104	2.2e-04	0.5271
1670	-108.9633	-108.9633	-76.5555	0.7026	77.5035	0.7116	2.2e-04	0.5251
1671	-108.9594	-108.9594	-76.4336	0.7015	77.6189	0.7127	2.2e-04	0.5276
1672	-108.9652	-108.9652	-76.6925	0.7038	77.2960	0.7097	2.2e-04	0.5247
1673	-108.9525	-108.9525	-76.8805	0.7056	77.1384	0.7082	2.2e-04	0.5274
1674	-108.9418	-108.9418	-76.8467	0.7054	77.1813	0.7088	2.2e-04	0.5246
1675	-108.9536	-108.9536	-76.2142	0.6995	77.8309	0.7146	2.2e-04	0.5268
1676	-108.9485	-108.9485	-77.2055	0.7086	76.8356	0.7056	2.2e-04	0.5244
1677	-108.9435	-108.9435	-76.7179	0.7042	77.3147	0.7099	2.2e-04	0.5275
1678	-108.9400	-108.9400	-77.0919	0.7077	76.9299	0.7064	2.2e-04	0.5246
1679	-108.9586	-108.9586	-76.6090	0.7031	77.4401	0.7111	2.2e-04	0.5267
1680	-108.9500	-108.9500	-75.8636	0.6963	78.1619	0.7177	2.2e-04	0.5254
1681	-108.9751	-108.9751	-75.3847	0.6918	78.6599	0.7221	2.2e-04	0.5261
1682	-108.9501	-108.9501	-75.7806	0.6956	78.2350	0.7185	2.2e-04	0.5247
1683	-108.9508	-108.9508	-76.1462	0.6989	77.8796	0.7151	2.2e-04	0.5264
1684	-108.9770	-108.9770	-76.1809	0.6991	77.8799	0.7150	2.2e-04	0.5253
1685	-108.9654	-108.9654	-76.4077	0.7012	77.6410	0.7129	2.2e-04	0.5257
1686	-108.9482	-108.9483	-75.1290	0.6896	78.8666	0.7242	2.2e-04	0.5241
1687	-108.9520	-108.9520	-76.4366	0.7016	77.5955	0.7125	2.2e-04	0.5257
1688	-108.9689	-108.9689	-75.6619	0.6943	78.3760	0.7196	2.2e-04	0.5260
1689	-108.9754	-108.9754	-76.1348	0.6986	77.9277	0.7155	2.2e-04	0.5248
1690	-108.9696	-108.9696	-75.6838	0.6945	78.3138	0.7191	2.2e-04	0.5253
1691	-108.9684	-108.9684	-76.2027	0.6993	77.8390	0.7147	2.2e-04	0.5246
1692	-108.9565	-108.9566	-75.6048	0.6939	78.4077	0.7200	2.2e-04	0.5273
1693	-108.9629	-108.9629	-76.1809	0.6991	77.8495	0.7148	2.2e-04	0.5255
1694	-108.9660	-108.9661	-74.9729	0.6880	79.0245	0.7256	2.2e-04	0.5269
1695	-108.9570	-108.9571	-75.5189	0.6931	78.4990	0.7208	2.2e-04	0.5251
1696	-108.9746	-108.9746	-76.2934	0.7001	77.7424	0.7138	2.2e-04	0.5272
1697	-108.9601	-108.9601	-76.1789	0.6991	77.8635	0.7150	2.2e-04	0.5269
1698	-108.9619	-108.9619	-75.5288	0.6932	78.4806	0.7206	2.2e-04	0.5250
1699	-108.9637	-108.9637	-76.1279	0.6987	77.9278	0.7155	2.2e-04	0.5264
1700	-108.9731	-108.9731	-76.5312	0.7023	77.5272	0.7118	2.2e-04	0.5256
1701	-108.9675	-108.9675	-75.9453	0.6970	78.1041	0.7171	2.2e-04	0.5234
1702	-108.9634	-108.9634	-75.9462	0.6970	78.0906	0.7170	2.2e-04	0.5256
1703	-108.9597	-108.9597	-77.4321	0.7106	76.6135	0.7035	2.2e-04	0.5255
1704	-108.9487	-108.9487	-76.9662	0.7064	77.0744	0.7077	2.2e-04	0.5280
1705	-108.9470	-108.9470	-76.5462	0.7026	77.4723	0.7114	2.2e-04	0.5262
1706	-108.9770	-108.9770	-75.9172	0.6966	78.1358	0.7174	2.2e-04	0.5252
1707	-108.9572	-108.9572	-76.5036	0.7021	77.5526	0.7120	2.2e-04	0.5249
1708	-108.9532	-108.9532	-77.7210	0.7133	76.3205	0.7008	2.2e-04	0.5272
1709	-108.9617	-108.9617	-76.4570	0.7017	77.5834	0.7123	2.2e-04	0.5250
1710	-108.9550	-108.9550	-76.2063	0.6994	77.8356	0.7147	2.2e-04	0.5250
1711	-108.9458	-108.9458	-76.6270	0.7034	77.4126	0.7108	2.2e-04	0.5240
1712	-108.9573	-108.9573	-77.3141	0.7096	76.7179	0.7044	2.2e-04	0.5257
1713	-108.9709	-108.9709	-76.2953	0.7001	77.7650	0.7140	2.2e-04	0.5237
1714	-108.9708	-108.9708	-75.7794	0.6954	78.2627	0.7185	2.2e-04	0.5238
1715	-108.9595	-108.9596	-75.4492	0.6925	78.5765	0.7215	2.2e-04	0.5265
1716	-108.9584	-108.9584	-76.0376	0.6979	77.9501	0.7157	2.2e-04	0.5250
1717	-108.9758	-108.9758	-76.2934	0.7001	77.7793	0.7140	2.2e-04	0.5261
1718	-108.9742	-108.9742	-77.0798	0.7073	76.9867	0.7068	2.2e-04	0.5238
1719	-108.9533	-108.9533	-77.1986	0.7085	76.8089	0.7053	2.2e-04	0.5272
1720	-108.9510	-108.9510	-76.5255	0.7024	77.5207	0.7118	2.2e-04	0.5236
1721	-108.9635	-108.9635	-77.4090	0.7104	76.6506	0.7038	2.2e-04	0.5263
1722	-108.9616	-108.9616	-76.9554	0.7063	77.1022	0.7079	2.2e-04	0.5248
1723	-108.9555	-108.9555	-76.4664	0.7018	77.5773	0.7123	2.2e-04	0.5276
1724	-108.9907	-108.9907	-77.0667	0.7071	77.0247	0.7071	2.2e-04	0.5257
1725	-108.9598	-108.9598	-76.3277	0.7005	77.7253	0.7136	2.2e-04	0.5258
1726	-108.9654	-108.9654	-76.2701	0.6999	77.7928	0.7142	2.2e-04	0.5260
1727	-108.9619	-108.9619	-76.3493	0.7007	77.7114	0.7135	2.2e-04	0.5265
1728	-108.9602	-108.9602	-76.2754	0.7000	77.7792	0.7141	2.2e-04	0.5246
1729	-108.9730	-108.9730	-76.3565	0.7007	77.7080	0.7135	2.2e-04	0.5275
1730	-108.9733	-108.9733	-77.6026	0.7121	76.4656	0.7020	2.2e-04	0.5245
1731	-108.9609	-108.9609	-76.9672	0.7064	77.0881	0.7078	2.2e-04	0.5268
1732	-108.9753	-108.9753	-76.6146	0.7030	77.4058	0.7107	2.2e-04	0.5261
1733	-108.9560	-108.9560	-77.3252	0.7097	76.7322	0.7045	2.2e-04	0.5268
1734	-108.9724	-108.9724	-77.2232	0.7086	76.8414	0.7055	2.2e-04	0.5250
1735	-108.9649	-108.9649	-78.0452	0.7162	76.0070	0.6978	2.2e-04	0.5274
1736	-108.9823	-108.9823	-76.4498	0.7015	77.6109	0.7124	2.2e-04	0.5260
1737	-108.9602	-108.9602	-76.7271	0.7042	77.3198	0.7099	2.2e-04	0.5266
1738	-108.9693	-108.9693	-77.2234	0.7087	76.8087	0.7051	2.2e-04	0.5241
1739	-108.9523	-108.9523	-77.6720	0.7129	76.3719	0.7013	2.2e-04	0.5259
1740	-108.9549	-108.9549	-79.0984	0.7260	74.8990	0.6877	2.2e-04	0.5274
1741	-108.9659	-108.9659	-78.8357	0.7235	75.1581	0.6900	2.2e-04	0.5253
1742	-108.9662	-108.9662	-78.0466	0.7162	76.0128	0.6978	2.2e-04	0.5255
1743	-108.9628	-108.9628	-77.9115	0.7150	76.1374	0.6991	2.2e-04	0.5252
1744	-108.9670	-108.9670	-79.1848	0.7267	74.8231	0.6870	2.2e-04	0.5266
1745	-108.9673	-108.9673	-78.8228	0.7234	75.2014	0.6904	2.2e-04	0.5253
1746	-108.9628	-108.9628	-78.9131	0.7242	75.0777	0.6894	2.2e-04	0.5265
1747	-108.9612	-108.9612	-79.0927	0.7259	74.9138	0.6878	2.2e-04	0.5259
1748	-108.9565	-108.9565	-78.6960	0.7223	75.3233	0.6916	2.2e-04	0.5250
1749	-108.9582	-108.9582	-79.4667	0.7293	74.5035	0.6841	2.2e-04	0.5255
1750	-108.9450	-108.9450	-79.1696	0.7267	74.8095	0.6870	2.2e-04	0.5257
1751	-108.9637	-108.9637	-77.4711	0.7110	76.5874	0.7032	2.2e-04	0.5253
1752	-108.9616	-108.9616	-79.3216	0.7280	74.6695	0.6856	2.2e-04	0.5271
1753	-108.9601	-108.9601	-78.6085	0.7214	75.3922	0.6922	2.2e-04	0.5243
1754	-108.9514	-108.9514	-78.4994	0.7205	75.5289	0.6935	2.2e-04	0.5267
1755	-108.9717	-108.9717	-78.6163	0.7214	75.4312	0.6925	2.2e-04	0.5249
1756	-108.9669	-108.9669	-78.4222	0.7197	75.6247	0.6943	2.2e-04	0.5262
1757	-108.9574	-108.9574	-78.4913	0.7204	75.5429	0.6936	2.2e-04	0.5258
1758	-108.9633	-108.9633	-78.1924	0.7176	75.8558	0.6964	2.2e-04	0.5267
1759	-108.9630	-108.9630	-78.9857	0.7249	75.0097	0.6887	2.2e-04	0.5262
1760	-108.9507	-108.9507	-77.9290	0.7153	76.1120	0.6988	2.2e-04	0.5277
1761	-108.9572	-108.9572	-78.3624	0.7192	75.6686	0.6947	2.2e-04	0.5262
1762	-108.9728	-108.9728	-78.9909	0.7249	75.0289	0.6889	2.2e-04	0.5255
1763	-108.9570	-108.9570	-78.9994	0.7251	75.0072	0.6887	2.2e-04	0.5265
1764	-108.9768	-108.9768	-78.7697	0.7228	75.2692	0.6910	2.2e-04	0.5239
1765	-108.9759	-108.9759	-78.7086	0.7223	75.3296	0.6916	2.2e-04	0.5279
1766	-108.9808	-108.9808	-79.0054	0.7249	75.0266	0.6888	2.2e-04	0.5258
1767	-108.9576	-108.9576	-79.8518	0.7329	74.0796	0.6802	2.2e-04	0.5282
1768	-108.9890	-108.9890	-80.4567	0.7382	73.4764	0.6745	2.2e-04	0.5256
1769	-108.9667	-108.9667	-79.3784	0.7285	74.6162	0.6851	2.2e-04	0.5265
1770	-108.9569	-108.9569	-79.2305	0.7272	74.7557	0.6864	2.2e-04	0.5248
1771	-108.9675	-108.9675	-80.8485	0.7420	73.0226	0.6705	2.2e-04	0.5277
1772	-108.9660	-108.9660	-79.4334	0.7290	74.5578	0.6845	2.2e-04	0.5259
1773	-108.9600	-108.9600	-78.7986	0.7232	75.2191	0.6906	2.2e-04	0.5283
1774	-108.9597	-108.9597	-79.5464	0.7301	74.4177	0.6832	2.2e-04	0.5261
1775	-108.9685	-108.9685	-79.9788	0.7340	73.9706	0.6792	2.2e-04	0.5235
1776	-108.9658	-108.9658	-80.0054	0.7342	73.9413	0.6789	2.2e-04	0.5277
1777	-108.9514	-108.9514	-80.8940	0.7425	72.9513	0.6699	2.2e-04	0.5254
1778	-108.9597	-108.9597	-79.3793	0.7285	74.5450	0.6845	2.2e-04	0.5270
1779	-108.9722	-108.9722	-79.3633	0.7283	74.6083	0.6851	2.2e-04	0.5256
1780	-108.9625	-108.9625	-79.2955	0.7277	74.7010	0.6858	2.2e-04	0.5251
1781	-108.9605	-108.9605	-79.9166	0.7334	74.0349	0.6797	2.2e-04	0.5256
1782	-108.9658	-108.9658	-79.7111	0.7315	74.2575	0.6818	2.2e-04	0.5255
1783	-108.9673	-108.9673	-79.6820	0.7312	74.2874	0.6821	2.2e-04	0.5263
1784	-108.9684	-108.9684	-80.0962	0.7350	73.8457	0.6780	2.2e-04	0.5272
1785	-108.9410	-108.9410	-80.4750	0.7387	73.3992	0.6740	2.2e-04	0.5255
1786	-108.9568	-108.9568	-79.9119	0.7334	74.0343	0.6798	2.2e-04	0.5252
1787	-108.9606	-108.9606	-79.9546	0.7338	73.9863	0.6794	2.2e-04	0.5276
1788	-108.9721	-108.9721	-80.0027	0.7342	73.9575	0.6790	2.2e-04	0.5260
1789	-108.9541	-108.9541	-79.6440	0.7310	74.3127	0.6824	2.2e-04	0.5256
1790	-108.9634	-108.9634	-79.7196	0.7316	74.2426	0.6817	2.2e-04	0.5246
1791	-108.9698	-108.9698	-79.6975	0.7314	74.2559	0.6817	2.2e-04	0.5246
1792	-108.9737	-108.9737	-79.1913	0.7267	74.8241	0.6870	2.2e-04	0.5272
1793	-108.9540	-108.9540	-79.1785	0.7267	74.8118	0.6869	2.2e-04	0.5257
1794	-108.9675	-108.9675	-80.3943	0.7378	73.4994	0.6749	2.2e-04	0.5252
1795	-108.9693	-108.9693	-80.2484	0.7364	73.6812	0.6765	2.2e-04	0.5251
1796	-108.9602	-108.9602	-79.9512	0.7338	73.9894	0.6794	2.2e-04	0.5273
1797	-108.9620	-108.9620	-80.3054	0.7370	73.5913	0.6758	2.2e-04	0.5264
1798	-108.9584	-108.9584	-79.4935	0.7296	74.4642	0.6838	2.2e-04	0.5279
1799	-108.9693	-108.9693	-80.7086	0.7407	73.1728	0.6719	2.2e-04	0.5262
1800	-108.9644	-108.9644	-79.7637	0.7320	74.1958	0.6812	2.2e-04	0.5265
1801	-108.9564	-108.9564	-79.8352	0.7327	74.0967	0.6804	2.2e-04	0.5244
1802	-108.9635	-108.9635	-80.0651	0.7348	73.8512	0.6781	2.2e-04	0.5247
1803	-108.9532	-108.9532	-79.7344	0.7318	74.2034	0.6814	2.2e-04	0.5259
1804	-108.9782	-108.9782	-78.9810	0.7247	75.0453	0.6890	2.2e-04	0.5243
1805	-108.9817	-108.9817	-79.2010	0.7267	74.8018	0.6868	2.2e-04	0.5255
1806	-108.9561	-108.9561	-79.4917	0.7296	74.4793	0.6839	2.2e-04	0.5244
1807	-108.9715	-108.9715	-78.5857	0.7212	75.4499	0.6927	2.2e-04	0.5252
1808	-108.9777	-108.9777	-79.5142	0.7296	74.4789	0.6838	2.2e-04	0.5258
1809	-108.9544	-108.9544	-79.3133	0.7279	74.6632	0.6856	2.2e-04	0.5262
1810	-108.9673	-108.9673	-78.6698	0.7220	75.3481	0.6917	2.2e-04	0.5265
1811	-108.9537	-108.9537	-78.6111	0.7215	75.4059	0.6924	2.2e-04	0.5258
1812	-108.9795	-108.9795	-80.0661	0.7347	73.8856	0.6783	2.2e-04	0.5256
1813	-108.9585	-108.9585	-80.3299	0.7373	73.5687	0.6756	2.2e-04	0.5255
1814	-108.9584	-108.9584	-79.4429	0.7291	74.5298	0.6843	2.2e-04	0.5258
1815	-108.9694	-108.9694	-79.1096	0.7260	74.8963	0.6876	2.2e-04	0.5257
1816	-108.9511	-108.9511	-80.0248	0.7345	73.9005	0.6786	2.2e-04	0.5259
1817	-108.9508	-108.9508	-79.5459	0.7301	74.4215	0.6833	2.2e-04	0.5258
1818	-108.9584	-108.9584	-80.1606	0.7357	73.7583	0.6773	2.2e-04	0.5265
1819	-108.9623	-108.9623	-79.4316	0.7290	74.5538	0.6845	2.2e-04	0.5257
1820	-108.9623	-108.9623	-80.6639	0.7403	73.2137	0.6723	2.2e-04	0.5266
1821	-108.9684	-108.9684	-80.8331	0.7418	73.0351	0.6706	2.2e-04	0.5256
1822	-108.9649	-108.9649	-79.4764	0.7294	74.4901	0.6839	2.2e-04	0.5252
1823	-108.9635	-108.9635	-80.2889	0.7368	73.6098	0.6759	2.2e-04	0.5269
1824	-108.9659	-108.9659	-79.3163	0.7279	74.6665	0.6855	2.2e-04	0.5254
1825	-108.9714	-108.9714	-79.2757	0.7275	74.7226	0.6861	2.2e-04	0.5264
1826	-108.9666	-108.9666	-80.2834	0.7368	73.6345	0.6761	2.2e-04	0.5262
1827	-108.9515	-108.9515	-80.0448	0.7347	73.8750	0.6783	2.2e-04	0.5258
1828	-108.9642	-108.9642	-79.4436	0.7291	74.5425	0.6844	2.2e-04	0.5242
1829	-108.9654	-108.9654	-79.5788	0.7303	74.3871	0.6830	2.2e-04	0.5271
1830	-108.9572	-108.9572	-80.9235	0.7427	72.9259	0.6696	2.2e-04	0.5259
1831	-108.9618	-108.9618	-79.3896	0.7286	74.6002	0.6849	2.2e-04	0.5244
1832	-108.9675	-108.9675	-80.2061	0.7361	73.7202	0.6769	2.2e-04	0.5258
1833	-108.9506	-108.9506	-79.4976	0.7297	74.4695	0.6838	2.2e-04	0.5243
1834	-108.9461	-108.9461	-79.7280	0.7318	74.2069	0.6814	2.2e-04	0.5272
1835	-108.9521	-108.9521	-79.6542	0.7311	74.2987	0.6822	2.2e-04	0.5262
1836	-108.9625	-108.9625	-80.2186	0.7362	73.7090	0.6767	2.2e-04	0.5271
1837	-108.9672	-108.9672	-79.1992	0.7268	74.7876	0.6867	2.2e-04	0.5253
1838	-108.9531	-108.9531	-79.5900	0.7305	74.3521	0.6828	2.2e-04	0.5277
1839	-108.9570	-108.9570	-79.8122	0.7325	74.0817	0.6802	2.2e-04	0.5260
1840	-108.9619	-108.9619	-80.1979	0.7360	73.7223	0.6769	2.2e-04	0.5266
1841	-108.9644	-108.9644	-79.4391	0.7290	74.5328	0.6844	2.2e-04	0.5246
1842	-108.9523	-108.9523	-79.1185	0.7262	74.8492	0.6873	2.2e-04	0.5248
1843	-108.9559	-108.9559	-77.9763	0.7157	76.0605	0.6984	2.2e-04	0.5247
1844	-108.9733	-108.9733	-77.8656	0.7145	76.2012	0.6996	2.2e-04	0.5249
1845	-108.9557	-108.9557	-78.5360	0.7208	75.4854	0.6931	2.2e-04	0.5271
1846	-108.9456	-108.9456	-78.2494	0.7182	75.7725	0.6958	2.2e-04	0.5253
1847	-108.9725	-108.9725	-77.6590	0.7126	76.4016	0.7015	2.2e-04	0.5278
1848	-108.9647	-108.9647	-78.4202	0.7197	75.6118	0.6942	2.2e-04	0.5255
1849	-108.9605	-108.9605	-78.4674	0.7201	75.5664	0.6938	2.2e-04	0.5269
1850	-108.9563	-108.9563	-77.5049	0.7113	76.5405	0.7027	2.2e-04	0.5248
1851	-108.9693	-108.9693	-78.8063	0.7232	75.2228	0.6906	2.2e-04	0.5270
1852	-108.9660	-108.9660	-76.8402	0.7052	77.2185	0.7089	2.2e-04	0.5345
1853	-108.9610	-108.9610	-77.8071	0.7141	76.2347	0.7000	2.2e-04	0.5250
1854	-108.9711	-108.9711	-78.2316	0.7179	75.8206	0.6961	2.2e-04	0.5277
1855	-108.9624	-108.9624	-77.3116	0.7095	76.7437	0.7047	2.2e-04	0.5250
1856	-108.9595	-108.9595	-78.3113	0.7187	75.7259	0.6953	2.2e-04	0.5275
1857	-108.9706	-108.9706	-77.3649	0.7100	76.7040	0.7042	2.2e-04	0.5255
1858	-108.9544	-108.9544	-77.8636	0.7146	76.1659	0.6994	2.2e-04	0.5254
1859	-108.9573	-108.9573	-78.2445	0.7181	75.7842	0.6958	2.2e-04	0.5267
1860	-108.9646	-108.9646	-78.3386	0.7189	75.6943	0.6950	2.2e-04	0.5275
1861	-108.9762	-108.9762	-77.7998	0.7139	76.2566	0.7000	2.2e-04	0.5251
1862	-108.9698	-108.9698	-77.9960	0.7158	76.0587	0.6983	2.2e-04	0.5255
1863	-108.9532	-108.9532	-78.0228	0.7161	76.0178	0.6980	2.2e-04	0.5264
1864	-108.9697	-108.9697	-78.2767	0.7183	75.7658	0.6956	2.2e-04	0.5243
1865	-108.9473	-108.9473	-78.5598	0.7211	75.4486	0.6928	2.2e-04	0.5251
1866	-108.9475	-108.9475	-78.2923	0.7186	75.7295	0.6954	2.2e-04	0.5269
1867	-108.9711	-108.9711	-78.8952	0.7240	75.0905	0.6895	2.2e-04	0.5262
1868	-108.9489	-108.9489	-78.1734	0.7175	75.8128	0.6961	2.2e-04	0.5257
1869	-108.9595	-108.9595	-77.6716	0.7128	76.3750	0.7012	2.2e-04	0.5260
1870	-108.9747	-108.9747	-78.0844	0.7165	75.9743	0.6975	2.2e-04	0.5267
1871	-108.9596	-108.9596	-78.2477	0.7181	75.7896	0.6959	2.2e-04	0.5256
1872	-108.9513	-108.9513	-78.7806	0.7231	75.2232	0.6907	2.2e-04	0.5245
1873	-108.9508	-108.9508	-78.7294	0.7226	75.2566	0.6911	2.2e-04	0.5254
1874	-108.9718	-108.9718	-78.5128	0.7205	75.5119	0.6933	2.2e-04	0.5280
1875	-108.9534	-108.9534	-79.1620	0.7266	74.8227	0.6870	2.2e-04	0.5266
1876	-108.9577	-108.9577	-78.9604	0.7247	75.0338	0.6890	2.2e-04	0.5245
1877	-108.9446	-108.9446	-78.6632	0.7220	75.3492	0.6918	2.2e-04	0.5264
1878	-108.9463	-108.9463	-77.9792	0.7158	76.0536	0.6983	2.2e-04	0.5260
1879	-108.9634	-108.9634	-78.0573	0.7164	75.9767	0.6976	2.2e-04	0.5269
1880	-108.9562	-108.9562	-78.3784	0.7194	75.6397	0.6945	2.2e-04	0.5245
1881	-108.9622	-108.9622	-78.2819	0.7184	75.7545	0.6956	2.2e-04	0.5273
1882	-108.9602	-108.9602	-77.8326	0.7143	76.2245	0.6998	2.2e-04	0.5266
1883	-108.9619	-108.9619	-77.8187	0.7142	76.2364	0.6999	2.2e-04	0.5255
1884	-108.9708	-108.9708	-77.1797	0.7083	76.8985	0.7059	2.2e-04	0.5253
1885	-108.9614	-108.9614	-78.6047	0.7214	75.4142	0.6925	2.2e-04	0.5274
1886	-108.9591	-108.9591	-78.6005	0.7214	75.4146	0.6925	2.2e-04	0.5253
1887	-108.9721	-108.9721	-78.1392	0.7171	75.9191	0.6970	2.2e-04	0.5272
1888	-108.9600	-108.9600	-78.3302	0.7189	75.7048	0.6951	2.2e-04	0.5256
1889	-108.9643	-108.9643	-78.8319	0.7235	75.1816	0.6903	2.2e-04	0.5272
1890	-108.9666	-108.9666	-78.8960	0.7240	75.1184	0.6897	2.2e-04	0.5250
1891	-108.9614	-108.9614	-78.8998	0.7241	75.1151	0.6897	2.2e-04	0.5260
1892	-108.9752	-108.9752	-77.9345	0.7152	76.1381	0.6990	2.2e-04	0.5248
1893	-108.9652	-108.9652	-79.1243	0.7261	74.8707	0.6874	2.2e-04	0.5267
1894	-108.9625	-108.9625	-78.5178	0.7206	75.5095	0.6933	2.2e-04	0.5252
1895	-108.9698	-108.9698	-78.8435	0.7235	75.1807	0.6903	2.2e-04	0.5272
1896	-108.9611	-108.9611	-78.4351	0.7198	75.5885	0.6941	2.2e-04	0.5252
1897	-108.9584	-108.9584	-78.4272	0.7198	75.5984	0.6942	2.2e-04	0.5279
1898	-108.9689	-108.9689	-79.0361	0.7253	74.9542	0.6883	2.2e-04	0.5248
1899	-108.9622	-108.9622	-78.3478	0.7190	75.6792	0.6949	2.2e-04	0.5268
1900	-108.9558	-108.9558	-78.9733	0.7248	75.0260	0.6889	2.2e-04	0.5253
1901	-108.9686	-108.9686	-78.9096	0.7241	75.1037	0.6896	2.2e-04	0.5238
1902	-108.9606	-108.9606	-78.0276	0.7161	76.0191	0.6980	2.2e-04	0.5246
1903	-108.9556	-108.9556	-78.1655	0.7174	75.8587	0.6966	2.2e-04	0.5252
1904	-108.9479	-108.9479	-77.7141	0.7133	76.3257	0.7008	2.2e-04	0.5246
1905	-108.9483	-108.9483	-78.3033	0.7187	75.7052	0.6951	2.2e-04	0.5279
1906	-108.9695	-108.9695	-77.6348	0.7124	76.4302	0.7017	2.2e-04	0.5246
1907	-108.9672	-108.9672	-77.3901	0.7102	76.6635	0.7040	2.2e-04	0.5269
1908	-108.9742	-108.9742	-77.6400	0.7125	76.4168	0.7016	2.2e-04	0.5247
1909	-108.9550	-108.9550	-77.6673	0.7128	76.3490	0.7010	2.2e-04	0.5242
1910	-108.9700	-108.9700	-76.3604	0.7007	77.7043	0.7134	2.2e-04	0.5276
1911	-108.9605	-108.9605	-77.6357	0.7125	76.4170	0.7017	2.2e-04	0.5262
1912	-108.9573	-108.9573	-77.2663	0.7091	76.7864	0.7051	2.2e-04	0.5257
1913	-108.9656	-108.9656	-77.7134	0.7132	76.3370	0.7009	2.2e-04	0.5254
1914	-108.9618	-108.9618	-76.8387	0.7052	77.2197	0.7090	2.2e-04	0.5281
1915	-108.9579	-108.9579	-77.4927	0.7112	76.5551	0.7030	2.2e-04	0.5274
1916	-108.9534	-108.9534	-77.3701	0.7101	76.6741	0.7041	2.2e-04	0.5269
1917	-108.9541	-108.9541	-77.1164	0.7078	76.9028	0.7062	2.2e-04	0.5248
1918	-108.9683	-108.9683	-77.3191	0.7096	76.7354	0.7046	2.2e-04	0.5268
1919	-108.9541	-108.9541	-77.8552	0.7146	76.1801	0.6995	2.2e-04	0.5258
1920	-108.9636	-108.9636	-77.5335	0.7116	76.5306	0.7026	2.2e-04	0.5274
1921	-108.9798	-108.9798	-75.7480	0.6951	78.3117	0.7189	2.2e-04	0.5259
1922	-108.9595	-108.9595	-77.3280	0.7097	76.7280	0.7045	2.2e-04	0.5269
1923	-108.9685	-108.9685	-77.5394	0.7116	76.5202	0.7026	2.2e-04	0.5254
1924	-108.9623	-108.9623	-78.3390	0.7190	75.6948	0.6950	2.2e-04	0.5271
1925	-108.9618	-108.9618	-77.6509	0.7126	76.3775	0.7014	2.2e-04	0.5248
1926	-108.9673	-108.9673	-77.4484	0.7107	76.5992	0.7033	2.2e-04	0.5265
1927	-108.9758	-108.9758	-78.1001	0.7167	75.9635	0.6974	2.2e-04	0.5249
1928	-108.9549	-108.9549	-77.6519	0.7127	76.3953	0.7015	2.2e-04	0.5237
1929	-108.9714	-108.9714	-78.0640	0.7164	75.9984	0.6977	2.2e-04	0.5260
1930	-108.9576	-108.9576	-78.4882	0.7204	75.5339	0.6936	2.2e-04	0.5241
1931	-108.9653	-108.9653	-77.3797	0.7101	76.6685	0.7040	2.2e-04	0.5251
1932	-108.9577	-108.9577	-77.8036	0.7141	76.2203	0.6999	2.2e-04	0.5247
1933	-108.9751	-108.9751	-77.2055	0.7085	76.8705	0.7057	2.2e-04	0.5270
1934	-108.9584	-108.9584	-78.3087	0.7187	75.7266	0.6953	2.2e-04	0.5255
1935	-108.9696	-108.9696	-78.0411	0.7162	76.0073	0.6979	2.2e-04	0.5267
1936	-108.9702	-108.9702	-78.0823	0.7165	75.9603	0.6974	2.2e-04	0.5250
1937	-108.9625	-108.9625	-77.3383	0.7098	76.7219	0.7044	2.2e-04	0.5260
1938	-108.9563	-108.9563	-76.7320	0.7042	77.3098	0.7099	2.2e-04	0.5254
1939	-108.9692	-108.9692	-77.8598	0.7145	76.1978	0.6996	2.2e-04	0.5256
1940	-108.9541	-108.9541	-76.9205	0.7060	77.1247	0.7082	2.2e-04	0.5267
1941	-108.9598	-108.9598	-77.9568	0.7155	76.0839	0.6986	2.2e-04	0.5255
1942	-108.9618	-108.9618	-78.2910	0.7185	75.7389	0.6954	2.2e-04	0.5246
1943	-108.9611	-108.9611	-77.5837	0.7120	76.4738	0.7021	2.2e-04	0.5241
1944	-108.9498	-108.9498	-77.2015	0.7086	76.8387	0.7055	2.2e-04	0.5264
1945	-108.9549	-108.9549	-76.7732	0.7046	77.2503	0.7093	2.2e-04	0.5261
1946	-108.9640	-108.9640	-77.3102	0.7095	76.7425	0.7047	2.2e-04	0.5267
1947	-108.9596	-108.9596	-77.8566	0.7145	76.1873	0.6996	2.2e-04	0.5259
1948	-108.9673	-108.9673	-78.0720	0.7165	75.9721	0.6976	2.2e-04	0.5253
1949	-108.9783	-108.9783	-77.6871	0.7129	76.3856	0.7013	2.2e-04	0.5267
1950	-108.9629	-108.9629	-76.2818	0.7001	77.7789	0.7141	2.2e-04	0.5271
1951	-108.9464	-108.9464	-76.4087	0.7013	77.6221	0.7128	2.2e-04	0.5256
1952	-108.9696	-108.9696	-76.6849	0.7037	77.3550	0.7103	2.2e-04	0.5258
1953	-108.9781	-108.9781	-77.5129	0.7113	76.5624	0.7028	2.2e-04	0.5247
1954	-108.9683	-108.9683	-76.9812	0.7065	77.0856	0.7078	2.2e-04	0.5259
1955	-108.9684	-108.9684	-76.5988	0.7029	77.4460	0.7111	2.2e-04	0.5247
1956	-108.9719	-108.9719	-76.5924	0.7029	77.4356	0.7110	2.2e-04	0.5257
1957	-108.9698	-108.9698	-76.4479	0.7016	77.6154	0.7126	2.2e-04	0.5274
1958	-108.9611	-108.9611	-77.5713	0.7119	76.4779	0.7022	2.2e-04	0.5243
1959	-108.9632	-108.9632	-77.0098	0.7068	77.0197	0.7071	2.2e-04	0.5239
1960	-108.9540	-108.9540	-77.6830	0.7130	76.3593	0.7012	2.2e-04	0.5248
1961	-108.9525	-108.9525	-77.7046	0.7132	76.3331	0.7009	2.2e-04	0.5268
1962	-108.9617	-108.9617	-77.5003	0.7113	76.5233	0.7027	2.2e-04	0.5254
1963	-108.9669	-108.9669	-77.0686	0.7073	76.9942	0.7069	2.2e-04	0.5276
1964	-108.9633	-108.9633	-77.7988	0.7140	76.2522	0.7001	2.2e-04	0.5259
1965	-108.9542	-108.9542	-77.1666	0.7082	76.8793	0.7059	2.2e-04	0.5260
1966	-108.9632	-108.9632	-77.3276	0.7097	76.7163	0.7044	2.2e-04	0.5255
1967	-108.9668	-108.9668	-77.0215	0.7068	77.0333	0.7073	2.2e-04	0.5275
1968	-108.9618	-108.9618	-77.0232	0.7069	77.0248	0.7072	2.2e-04	0.5251
1969	-108.9660	-108.9660	-76.2138	0.6994	77.8393	0.7147	2.2e-04	0.5271
1970	-108.9554	-108.9554	-76.4180	0.7014	77.6318	0.7128	2.2e-04	0.5254
1971	-108.9626	-108.9626	-76.1520	0.6989	77.8760	0.7150	2.2e-04	0.5267
1972	-108.9582	-108.9582	-76.2832	0.7001	77.7609	0.7140	2.2e-04	0.5246
1973	-108.9684	-108.9684	-76.1887	0.6992	77.8684	0.7149	2.2e-04	0.5279
1974	-108.9625	-108.9625	-75.5024	0.6929	78.5261	0.7210	2.2e-04	0.5271
1975	-108.9538	-108.9538	-76.7988	0.7049	77.2261	0.7091	2.2e-04	0.5275
1976	-108.9700	-108.9700	-76.4533	0.7016	77.5996	0.7124	2.1e-04	0.5253
1977	-108.9537	-108.9537	-76.9856	0.7066	77.0629	0.7076	2.1e-04	0.5270
1978	-108.9538	-108.9538	-76.2665	0.7000	77.7686	0.7140	2.1e-04	0.5241
1979	-108.9598	-108.9598	-75.7377	0.6951	78.2823	0.7188	2.1e-04	0.5264
1980	-108.9619	-108.9619	-76.3750	0.7009	77.6628	0.7131	2.1e-04	0.5249
1981	-108.9577	-108.9577	-75.7522	0.6952	78.2703	0.7187	2.1e-04	0.5254
1982	-108.9590	-108.9590	-76.4491	0.7016	77.5562	0.7121	2.1e-04	0.5241
1983	-108.9867	-108.9867	-76.5219	0.7021	77.5641	0.7120	2.1e-04	0.5243
1984	-108.9728	-108.9728	-76.1798	0.6991	77.8572	0.7148	2.1e-04	0.5266
1985	-108.9592	-108.9592	-75.8351	0.6960	78.2001	0.7180	2.1e-04	0.5248
1986	-108.9608	-108.9608	-76.6640	0.7036	77.3846	0.7105	2.1e-04	0.5249
1987	-108.9648	-108.9648	-75.8880	0.6964	78.1462	0.7175	2.1e-04	0.5261
1988	-108.9630	-108.9630	-75.7749	0.6954	78.2630	0.7186	2.1e-04	0.5246
1989	-108.9622	-108.9622	-76.3965	0.7011	77.6452	0.7130	2.1e-04	0.5259
1990	-108.9655	-108.9655	-76.5511	0.7025	77.4885	0.7115	2.1e-04	0.5251
1991	-108.9599	-108.9599	-76.3532	0.7007	77.6922	0.7134	2.1e-04	0.5263
1992	-108.9611	-108.9611	-76.1735	0.6991	77.8762	0.7150	2.1e-04	0.5235
1993	-108.9788	-108.9790	-74.8101	0.6865	79.2005	0.7272	2.1e-04	0.5253
1994	-108.9608	-108.9608	-76.0178	0.6977	78.0150	0.7164	2.1e-04	0.5240
1995	-108.9498	-108.9498	-76.3824	0.7011	77.6592	0.7131	2.1e-04	0.5264
1996	-108.9647	-108.9649	-74.8077	0.6865	79.1983	0.7271	2.1e-04	0.5247
1997	-108.9461	-108.9462	-75.3955	0.6920	78.6037	0.7218	2.1e-04	0.5244
1998	-108.9582	-108.9583	-75.3243	0.6913	78.6921	0.7226	2.1e-04	0.5237
1999	-108.9625	-108.9627	-74.6346	0.6850	79.3537	0.7286	2.1e-04	0.5247
2000	-108.9593	-108.9593	-75.2894	0.6910	78.7280	0.7229	2.1e-04	0.5271
2001	-108.9779	-108.9779	-75.6479	0.6942	78.3918	0.7197	2.1e-04	0.5265
2002	-108.9764	-108.9764	-76.5779	0.7027	77.4890	0.7115	2.1e-04	0.5267
2003	-108.9733	-108.9735	-74.9596	0.6879	79.0624	0.7258	2.1e-04	0.5258
2004	-108.9546	-108.9546	-76.2612	0.6999	77.7696	0.7141	2.1e-04	0.5268
2005	-108.9725	-108.9725	-75.6981	0.6947	78.3330	0.7192	2.1e-04	0.5248
2006	-108.9769	-108.9769	-75.7956	0.6955	78.2559	0.7185	2.1e-04	0.5266
2007	-108.9665	-108.9665	-77.3564	0.7099	76.6848	0.7041	2.1e-04	0.5252
2008	-108.9554	-108.9554	-76.7662	0.7046	77.2804	0.7096	2.1e-04	0.5268
2009	-108.9672	-108.9672	-76.3029	0.7002	77.7363	0.7137	2.1e-04	0.5248
2010	-108.9718	-108.9718	-76.6224	0.7031	77.4354	0.7110	2.1e-04	0.5267
2011	-108.9632	-108.9632	-75.7555	0.6952	78.2752	0.7188	2.1e-04	0.5244
2012	-108.9704	-108.9704	-76.9251	0.7059	77.1458	0.7083	2.1e-04	0.5233
2013	-108.9650	-108.9651	-75.2454	0.6905	78.7789	0.7233	2.1e-04	0.5261
2014	-108.9786	-108.9786	-76.8416	0.7051	77.2319	0.7091	2.1e-04	0.5246
2015	-108.9632	-108.9632	-75.8505	0.6961	78.1920	0.7179	2.1e-04	0.5270
2016	-108.9657	-108.9657	-75.7237	0.6949	78.3034	0.7190	2.1e-04	0.5230
2017	-108.9559	-108.9559	-76.3116	0.7004	77.7336	0.7137	2.1e-04	0.5245
2018	-108.9589	-108.9589	-76.9020	0.7058	77.1543	0.7084	2.1e-04	0.5244
2019	-108.9666	-108.9666	-76.6704	0.7036	77.3786	0.7105	2.1e-04	0.5248
2020	-108.9690	-108.9690	-76.3606	0.7008	77.6939	0.7133	2.1e-04	0.5268
2021	-108.9773	-108.9773	-76.9456	0.7061	77.1260	0.7080	2.1e-04	0.5249
2022	-108.9771	-108.9771	-76.2375	0.6996	77.8150	0.7144	2.1e-04	0.5275
2023	-108.9520	-108.9520	-76.9849	0.7066	77.0660	0.7076	2.1e-04	0.5265
2024	-108.9594	-108.9594	-76.4276	0.7014	77.6039	0.7126	2.1e-04	0.5282
2025	-108.9616	-108.9616	-76.2300	0.6996	77.8183	0.7145	2.1e-04	0.5265
2026	-108.9603	-108.9603	-76.4593	0.7017	77.5882	0.7124	2.1e-04	0.5268
2027	-108.9554	-108.9554	-76.6601	0.7036	77.3944	0.7106	2.1e-04	0.5251
2028	-108.9530	-108.9530	-77.4574	0.7109	76.5847	0.7032	2.1e-04	0.5272
2029	-108.9610	-108.9610	-77.4252	0.7106	76.6298	0.7036	2.1e-04	0.5257
2030	-108.9611	-108.9611	-77.3523	0.7099	76.6991	0.7042	2.1e-04	0.5265
2031	-108.9587	-108.9587	-76.3396	0.7006	77.6962	0.7134	2.1e-04	0.5261
2032	-108.9489	-108.9489	-77.4399	0.7108	76.5967	0.7034	2.1e-04	0.5258
2033	-108.9581	-108.9581	-76.8503	0.7053	77.2080	0.7089	2.1e-04	0.5253
2034	-108.9600	-108.9600	-76.6820	0.7038	77.3624	0.7103	2.1e-04	0.5244
2035	-108.9580	-108.9581	-75.9789	0.6973	78.0630	0.7167	2.1e-04	0.5242
2036	-108.9634	-108.9635	-75.9049	0.6966	78.1246	0.7173	2.1e-04	0.5259
2037	-108.9870	-108.9870	-77.2259	0.7086	76.8628	0.7056	2.1e-04	0.5243
2038	-108.9615	-108.9615	-77.4320	0.7106	76.6210	0.7035	2.1e-04	0.5232
2039	-108.9641	-108.9641	-77.0698	0.7073	76.9818	0.7069	2.1e-04	0.5268
2040	-108.9612	-108.9612	-76.4812	0.7019	77.5781	0.7123	2.1e-04	0.5247
2041	-108.9639	-108.9639	-75.7931	0.6956	78.2454	0.7184	2.1e-04	0.5229
2042	-108.9631	-108.9631	-76.6107	0.7031	77.4488	0.7111	2.1e-04	0.5247
2043	-108.9630	-108.9631	-76.0372	0.6978	78.0056	0.7163	2.1e-04	0.5243
2044	-108.9591	-108.9591	-76.4782	0.7019	77.5745	0.7123	2.1e-04	0.5269
2045	-108.9540	-108.9540	-76.1321	0.6988	77.8989	0.7153	2.1e-04	0.5255
2046	-108.9540	-108.9541	-75.2085	0.6903	78.7921	0.7235	2.1e-04	0.5259
2047	-108.9623	-108.9623	-75.8808	0.6964	78.1543	0.7176	2.1e-04	0.5257
2048	-108.9703	-108.9703	-75.3931	0.6919	78.6296	0.7220	2.1e-04	0.5247
2049	-108.9635	-108.9635	-76.6049	0.7030	77.4243	0.7110	2.1e-04	0.5252
2050	-108.9502	-108.9502	-75.5184	0.6931	78.5041	0.7208	2.1e-04	0.5253
2051	-108.9627	-108.9627	-75.9934	0.6974	78.0478	0.7166	2.1e-04	0.5259
2052	-108.9841	-108.9841	-76.0529	0.6978	78.0142	0.7162	2.1e-04	0.5267
2053	-108.9709	-108.9710	-75.0815	0.6890	78.9304	0.7246	2.1e-04	0.5256
2054	-108.9705	-108.9705	-75.7223	0.6949	78.3262	0.7191	2.1e-04	0.5261
2055	-108.9550	-108.9550	-75.4316	0.6923	78.5857	0.7216	2.1e-04	0.5237
2056	-108.9618	-108.9618	-76.0559	0.6980	78.0009	0.7161	2.1e-04	0.5254
2057	-108.9607	-108.9607	-75.9863	0.6974	78.0505	0.7166	2.1e-04	0.5251
2058	-108.9564	-108.9564	-75.7779	0.6955	78.2551	0.7185	2.1e-04	0.5240
2059	-108.9632	-108.9632	-76.1766	0.6991	77.8723	0.7150	2.1e-04	0.5253
2060	-108.9639	-108.9639	-76.5072	0.7021	77.5480	0.7120	2.1e-04	0.5250
2061	-108.9561	-108.9561	-76.4627	0.7018	77.5778	0.7122	2.1e-04	0.5264
2062	-108.9793	-108.9793	-76.5304	0.7022	77.5478	0.7119	2.1e-04	0.5252
2063	-108.9482	-108.9482	-76.3620	0.7009	77.6656	0.7132	2.1e-04	0.5276
2064	-108.9635	-108.9635	-76.2090	0.6994	77.8226	0.7146	2.1e-04	0.5245
2065	-108.9568	-108.9568	-77.1020	0.7076	76.9520	0.7066	2.1e-04	0.5265
2066	-108.9552	-108.9552	-77.0727	0.7074	76.9445	0.7065	2.1e-04	0.5258
2067	-108.9658	-108.9658	-76.8785	0.7055	77.1922	0.7087	2.1e-04	0.5270
2068	-108.9684	-108.9684	-77.2888	0.7093	76.7781	0.7049	2.1e-04	0.5256
2069	-108.9457	-108.9457	-76.1218	0.6987	77.9076	0.7154	2.1e-04	0.5252
2070	-108.9598	-108.9598	-77.1244	0.7078	76.9369	0.7064	2.1e-04	0.5257
2071	-108.9557	-108.9557	-76.5313	0.7024	77.5135	0.7117	2.1e-04	0.5260
2072	-108.9423	-108.9423	-76.9414	0.7063	77.0820	0.7079	2.1e-04	0.5265
2073	-108.9560	-108.9560	-76.1700	0.6991	77.8691	0.7150	2.1e-04	0.5251
2074	-108.9469	-108.9469	-77.3495	0.7100	76.7008	0.7042	2.1e-04	0.5275
2075	-108.9641	-108.9641	-76.3777	0.7009	77.6668	0.7131	2.1e-04	0.5251
2076	-108.9649	-108.9649	-76.5635	0.7026	77.4942	0.7115	2.1e-04	0.5243
2077	-108.9598	-108.9598	-76.3602	0.7008	77.6804	0.7133	2.1e-04	0.5252
2078	-108.9628	-108.9629	-75.2859	0.6909	78.7364	0.7229	2.1e-04	0.5268
2079	-108.9570	-108.9570	-76.4114	0.7013	77.6151	0.7126	2.1e-04	0.5235
2080	-108.9585	-108.9585	-75.7232	0.6950	78.2905	0.7189	2.1e-04	0.5257
2081	-108.9581	-108.9581	-76.3992	0.7012	77.6476	0.7130	2.1e-04	0.5245
2082	-108.9543	-108.9543	-76.7836	0.7047	77.2522	0.7094	2.1e-04	0.5251
2083	-108.9625	-108.9625	-75.8348	0.6960	78.2067	0.7181	2.1e-04	0.5274
2084	-108.9647	-108.9648	-75.4668	0.6926	78.5577	0.7213	2.1e-04	0.5263
2085	-108.9686	-108.9686	-75.7360	0.6950	78.3057	0.7189	2.1e-04	0.5254
2086	-108.9715	-108.9715	-76.2703	0.6999	77.7820	0.7142	2.1e-04	0.5267
2087	-108.9575	-108.9575	-76.2786	0.7001	77.7638	0.7140	2.1e-04	0.5262
2088	-108.9758	-108.9758	-75.7257	0.6949	78.3272	0.7191	2.1e-04	0.5258
2089	-108.9577	-108.9577	-75.7718	0.6954	78.2501	0.7185	2.1e-04	0.5255
2090	-108.9590	-108.9591	-75.3831	0.6918	78.5976	0.7217	2.1e-04	0.5261
2091	-108.9499	-108.9501	-74.7368	0.6860	79.2418	0.7276	2.1e-04	0.5265
2092	-108.9675	-108.9675	-76.1531	0.6989	77.8887	0.7152	2.1e-04	0.5259
2093	-108.9568	-108.9568	-76.4785	0.7019	77.5424	0.7120	2.1e-04	0.5257
2094	-108.9760	-108.9760	-75.7680	0.6953	78.2772	0.7187	2.1e-04	0.5249
2095	-108.9672	-108.9672	-75.9792	0.6973	78.0666	0.7168	2.1e-04	0.5255
2096	-108.9568	-108.9568	-76.0566	0.6980	77.9834	0.7160	2.1e-04	0.5245
2097	-108.9582	-108.9582	-75.9360	0.6969	78.1047	0.7171	2.1e-04	0.5272
2098	-108.9715	-108.9715	-76.1458	0.6988	77.9151	0.7153	2.1e-04	0.5240
2099	-108.9436	-108.9436	-75.8697	0.6964	78.1352	0.7175	2.1e-04	0.5258
2100	-108.9617	-108.9617	-76.4270	0.7014	77.6205	0.7127	2.1e-04	0.5252
2101	-108.9494	-108.9494	-75.8978	0.6966	78.1343	0.7174	2.1e-04	0.5243
2102	-108.9686	-108.9686	-76.6244	0.7032	77.4368	0.7110	2.1e-04	0.5245
2103	-108.9731	-108.9731	-76.9700	0.7063	77.0961	0.7078	2.1e-04	0.5254
2104	-108.9624	-108.9624	-75.9119	0.6967	78.1271	0.7173	2.1e-04	0.5250
2105	-108.9792	-108.9792	-76.5575	0.7025	77.5203	0.7117	2.1e-04	0.5244
2106	-108.9658	-108.9658	-77.2365	0.7088	76.8152	0.7053	2.1e-04	0.5254
2107	-108.9634	-108.9634	-75.7184	0.6949	78.3110	0.7190	2.1e-04	0.5252
2108	-108.9640	-108.9640	-76.8935	0.7057	77.1055	0.7079	2.1e-04	0.5257
2109	-108.9504	-108.9504	-76.3994	0.7012	77.6371	0.7129	2.1e-04	0.5249
2110	-108.9477	-108.9477	-76.1440	0.6989	77.8865	0.7152	2.1e-04	0.5273
2111	-108.9552	-108.9552	-76.6623	0.7036	77.3904	0.7106	2.1e-04	0.5255
2112	-108.9554	-108.9554	-76.4687	0.7018	77.5793	0.7123	2.1e-04	0.5268
2113	-108.9736	-108.9736	-76.1728	0.6990	77.8866	0.7151	2.1e-04	0.5260
2114	-108.9567	-108.9567	-77.1649	0.7082	76.8870	0.7060	2.1e-04	0.5260
2115	-108.9545	-108.9545	-77.1235	0.7079	76.9324	0.7064	2.1e-04	0.5248
2116	-108.9765	-108.9765	-76.0625	0.6980	77.9810	0.7159	2.1e-04	0.5253
2117	-108.9812	-108.9812	-76.3273	0.7004	77.7516	0.7138	2.1e-04	0.5265
2118	-108.9674	-108.9674	-76.7649	0.7045	77.3084	0.7097	2.1e-04	0.5255
2119	-108.9675	-108.9675	-76.3238	0.7004	77.7330	0.7137	2.1e-04	0.5250
2120	-108.9753	-108.9753	-77.2849	0.7092	76.7953	0.7050	2.1e-04	0.5269
2121	-108.9689	-108.9690	-75.8907	0.6964	78.1435	0.7175	2.1e-04	0.5260
2122	-108.9626	-108.9626	-76.4914	0.7020	77.5625	0.7122	2.1e-04	0.5257
2123	-108.9661	-108.9661	-76.9443	0.7061	77.0847	0.7077	2.1e-04	0.5234
2124	-108.9698	-108.9698	-77.2607	0.7090	76.8074	0.7052	2.1e-04	0.5245
2125	-108.9602	-108.9602	-76.5745	0.7028	77.4673	0.7113	2.1e-04	0.5272
2126	-108.9704	-108.9704	-75.5755	0.6935	78.4395	0.7202	2.1e-04	0.5271
2127	-108.9504	-108.9504	-76.5900	0.7030	77.4564	0.7112	2.1e-04	0.5260
2128	-108.9552	-108.9552	-77.1493	0.7081	76.8607	0.7057	2.1e-04	0.5248
2129	-108.9579	-108.9579	-76.6075	0.7031	77.4451	0.7111	2.1e-04	0.5261
2130	-108.9726	-108.9726	-76.0136	0.6975	78.0404	0.7165	2.1e-04	0.5246
2131	-108.9690	-108.9690	-76.4481	0.7016	77.6178	0.7126	2.1e-04	0.5266
2132	-108.9670	-108.9670	-76.8191	0.7050	77.2491	0.7092	2.1e-04	0.5249
2133	-108.9374	-108.9374	-77.0015	0.7068	77.0293	0.7074	2.1e-04	0.5268
2134	-108.9517	-108.9517	-76.6842	0.7038	77.3619	0.7104	2.1e-04	0.5261
2135	-108.9651	-108.9651	-76.9215	0.7059	77.1148	0.7081	2.1e-04	0.5251
2136	-108.9592	-108.9592	-76.7558	0.7044	77.2933	0.7097	2.1e-04	0.5248
2137	-108.9499	-108.9499	-76.7481	0.7044	77.2839	0.7097	2.1e-04	0.5247
2138	-108.9832	-108.9832	-75.9977	0.6973	78.0255	0.7163	2.1e-04	0.5260
2139	-108.9579	-108.9579	-76.2062	0.6994	77.8286	0.7147	2.1e-04	0.5245
2140	-108.9630	-108.9630	-76.7672	0.7045	77.2670	0.7095	2.1e-04	0.5266
2141	-108.9614	-108.9614	-77.3390	0.7098	76.7156	0.7044	2.1e-04	0.5250
2142	-108.9888	-108.9888	-76.5169	0.7021	77.5686	0.7121	2.1e-04	0.5252
2143	-108.9722	-108.9722	-78.0379	0.7161	76.0268	0.6980	2.1e-04	0.5266
2144	-108.9658	-108.9658	-76.7031	0.7039	77.3579	0.7103	2.1e-04	0.5267
2145	-108.9622	-108.9622	-75.8766	0.6964	78.1581	0.7177	2.1e-04	0.5256
2146	-108.9546	-108.9546	-76.3712	0.7009	77.6762	0.7132	2.1e-04	0.5283
2147	-108.9489	-108.9489	-75.7451	0.6952	78.2737	0.7187	2.1e-04	0.5256
2148	-108.9572	-108.9572	-76.5738	0.7028	77.4673	0.7113	2.1e-04	0.5272
2149	-108.9703	-108.9703	-75.9953	0.6974	78.0458	0.7166	2.1e-04	0.5253
2150	-108.9627	-108.9627	-75.8435	0.6960	78.1958	0.7180	2.1e-04	0.5269
2151	-108.9559	-108.9559	-76.7370	0.7043	77.3112	0.7099	2.1e-04	0.5249
2152	-108.9658	-108.9658	-75.9143	0.6967	78.1315	0.7173	2.1e-04	0.5261
2153	-108.9593	-108.9593	-75.9201	0.6968	78.1119	0.7172	2.1e-04	0.5265
2154	-108.9716	-108.9716	-75.8334	0.6959	78.2087	0.7181	2.1e-04	0.5253
2155	-108.9577	-108.9577	-77.1916	0.7085	76.8661	0.7057	2.1e-04	0.5248
2156	-108.9641	-108.9641	-75.5220	0.6931	78.5100	0.7208	2.1e-04	0.5250
2157	-108.9523	-108.9523	-75.9352	0.6970	78.0692	0.7169	2.1e-04	0.5243
2158	-108.9583	-108.9583	-76.6285	0.7033	77.4262	0.7109	2.1e-04	0.5250
2159	-108.9764	-108.9764	-76.0053	0.6974	78.0618	0.7166	2.1e-04	0.5246
2160	-108.9595	-108.9595	-76.0923	0.6984	77.9180	0.7154	2.1e-04	0.5275
2161	-108.9612	-108.9612	-76.0405	0.6979	77.9363	0.7156	2.1e-04	0.5254
2162	-108.9647	-108.9647	-75.6539	0.6943	78.3918	0.7197	2.1e-04	0.5249
2163	-108.9553	-108.9554	-75.8428	0.6961	78.1906	0.7179	2.1e-04	0.5246
2164	-108.9592	-108.9593	-75.7680	0.6954	78.2706	0.7186	2.1e-04	0.5273
2165	-108.9657	-108.9657	-75.7658	0.6953	78.2329	0.7183	2.1e-04	0.5253
2166	-108.9518	-108.9518	-76.9069	0.7059	77.1112	0.7081	2.1e-04	0.5258
2167	-108.9589	-108.9589	-76.6860	0.7038	77.3753	0.7104	2.1e-04	0.5258
2168	-108.9655	-108.9655	-76.6381	0.7033	77.4122	0.7107	2.1e-04	0.5255
2169	-108.9724	-108.9724	-76.4145	0.7012	77.6542	0.7129	2.1e-04	0.5261
2170	-108.9548	-108.9548	-75.9348	0.6969	78.0682	0.7167	2.1e-04	0.5260
2171	-108.9588	-108.9588	-76.4886	0.7020	77.5581	0.7122	2.1e-04	0.5257
2172	-108.9625	-108.9625	-77.4925	0.7112	76.5694	0.7030	2.1e-04	0.5260
2173	-108.9750	-108.9750	-76.6069	0.7030	77.4644	0.7112	2.1e-04	0.5254
2174	-108.9739	-108.9739	-76.7662	0.7044	77.2863	0.7097	2.1e-04	0.5252
2175	-108.9587	-108.9587	-76.7797	0.7047	77.2131	0.7089	2.1e-04	0.5241
2176	-108.9590	-108.9590	-77.0041	0.7067	77.0493	0.7075	2.1e-04	0.5261
2177	-108.9570	-108.9570	-77.4397	0.7107	76.6172	0.7034	2.1e-04	0.5250
2178	-108.9627	-108.9627	-77.6376	0.7125	76.4172	0.7016	2.1e-04	0.5264
2179	-108.9647	-108.9647	-77.2342	0.7088	76.8340	0.7054	2.1e-04	0.5251
2180	-108.9619	-108.9619	-77.6942	0.7130	76.3523	0.7010	2.1e-04	0.5268
2181	-108.9648	-108.9648	-77.5833	0.7120	76.4769	0.7021	2.1e-04	0.5250
2182	-108.9694	-108.9694	-77.0731	0.7073	76.9987	0.7069	2.1e-04	0.5265
2183	-108.9443	-108.9443	-77.3381	0.7099	76.6904	0.7042	2.1e-04	0.5256
2184	-108.9477	-108.9477	-76.7018	0.7040	77.3401	0.7101	2.1e-04	0.5251
2185	-108.9589	-108.9589	-77.1027	0.7076	76.9371	0.7064	2.1e-04	0.5254
2186	-108.9566	-108.9566	-77.9077	0.7150	76.1306	0.6991	2.1e-04	0.5268
2187	-108.9578	-108.9578	-78.0613	0.7164	75.9861	0.6976	2.1e-04	0.5246
2188	-108.9676	-108.9676	-77.1952	0.7084	76.8636	0.7056	2.1e-04	0.5269
2189	-108.9565	-108.9565	-76.8468	0.7053	77.2021	0.7088	2.1e-04	0.5243
2190	-108.9621	-108.9621	-77.3116	0.7095	76.7458	0.7047	2.1e-04	0.5264
2191	-108.9791	-108.9791	-76.5586	0.7025	77.5167	0.7117	2.1e-04	0.5251
2192	-108.9669	-108.9669	-77.3785	0.7101	76.6955	0.7041	2.1e-04	0.5256
2193	-108.9693	-108.9693	-77.4682	0.7109	76.5775	0.7031	2.1e-04	0.5252
2194	-108.9457	-108.9457	-77.1569	0.7082	76.8661	0.7058	2.1e-04	0.5251
2195	-108.9612	-108.9612	-77.5681	0.7119	76.4879	0.7023	2.1e-04	0.5258
2196	-108.9564	-108.9564	-77.7194	0.7133	76.3327	0.7008	2.1e-04	0.5237
2197	-108.9638	-108.9638	-76.5533	0.7026	77.5100	0.7116	2.1e-04	0.5267
2198	-108.9415	-108.9415	-76.4688	0.7019	77.5634	0.7122	2.1e-04	0.5257
2199	-108.9687	-108.9687	-76.7851	0.7047	77.2862	0.7096	2.1e-04	0.5248
2200	-108.9604	-108.9604	-76.9472	0.7062	77.1047	0.7080	2.1e-04	0.5247
2201	-108.9593	-108.9593	-77.1699	0.7082	76.8654	0.7057	2.1e-04	0.5234
2202	-108.9602	-108.9602	-77.0397	0.7070	77.0219	0.7072	2.1e-04	0.5269
2203	-108.9708	-108.9708	-76.2026	0.6993	77.8270	0.7145	2.1e-04	0.5260
2204	-108.9688	-108.9688	-76.3224	0.7004	77.7398	0.7137	2.1e-04	0.5245
2205	-108.9669	-108.9669	-75.9504	0.6970	78.1004	0.7170	2.1e-04	0.5260
2206	-108.9614	-108.9614	-76.4729	0.7018	77.5772	0.7123	2.1e-04	0.5246
2207	-108.9599	-108.9599	-76.4004	0.7012	77.6448	0.7129	2.1e-04	0.5250
2208	-108.9666	-108.9666	-77.5458	0.7116	76.5081	0.7024	2.1e-04	0.5245
2209	-108.9722	-108.9722	-75.9816	0.6973	78.0809	0.7168	2.1e-04	0.5250
2210	-108.9626	-108.9626	-76.4183	0.7013	77.6497	0.7128	2.1e-04	0.5273
2211	-108.9590	-108.9590	-76.9315	0.7061	77.1364	0.7082	2.1e-04	0.5254
2212	-108.9498	-108.9498	-76.4897	0.7021	77.5602	0.7121	2.1e-04	0.5246
2213	-108.9644	-108.9644	-76.6182	0.7031	77.4346	0.7110	2.1e-04	0.5261
2214	-108.9479	-108.9479	-76.3783	0.7011	77.6438	0.7130	2.1e-04	0.5248
2215	-108.9685	-108.9685	-76.5743	0.7027	77.5008	0.7115	2.1e-04	0.5267
2216	-108.9685	-108.9685	-76.4090	0.7012	77.6516	0.7129	2.1e-04	0.5253
2217	-108.9468	-108.9468	-76.5300	0.7025	77.5117	0.7117	2.1e-04	0.5260
2218	-108.9591	-108.9591	-75.9997	0.6975	78.0010	0.7162	2.1e-04	0.5245
2219	-108.9489	-108.9489	-77.2293	0.7089	76.8113	0.7053	2.1e-04	0.5236
2220	-108.9537	-108.9537	-76.6660	0.7037	77.3832	0.7105	2.1e-04	0.5257
2221	-108.9489	-108.9489	-77.0457	0.7072	76.9991	0.7070	2.1e-04	0.5246
2222	-108.9665	-108.9665	-75.7704	0.6954	78.2592	0.7184	2.1e-04	0.5271
2223	-108.9724	-108.9724	-76.1856	0.6991	77.8510	0.7147	2.1e-04	0.5236
2224	-108.9747	-108.9747	-76.7313	0.7041	77.3519	0.7101	2.1e-04	0.5258
2225	-108.9534	-108.9534	-76.1173	0.6986	77.9264	0.7155	2.1e-04	0.5240
2226	-108.9665	-108.9665	-77.0940	0.7075	76.9687	0.7067	2.1e-04	0.5254
2227	-108.9547	-108.9547	-76.7780	0.7047	77.2745	0.7095	2.1e-04	0.5239
2228	-108.9665	-108.9665	-77.0851	0.7074	76.9946	0.7068	2.1e-04	0.5264
2229	-108.9640	-108.9640	-76.6645	0.7036	77.4029	0.7106	2.1e-04	0.5250
2230	-108.9613	-108.9613	-76.8399	0.7052	77.2171	0.7090	2.1e-04	0.5274
2231	-108.9591	-108.9591	-76.9763	0.7065	77.0834	0.7077	2.1e-04	0.5259
2232	-108.9613	-108.9613	-76.3886	0.7011	77.6717	0.7131	2.1e-04	0.5267
2233	-108.9577	-108.9577	-76.7636	0.7045	77.2749	0.7095	2.1e-04	0.5262
2234	-108.9515	-108.9515	-76.4721	0.7019	77.5805	0.7123	2.1e-04	0.5272
2235	-108.9522	-108.9522	-76.5171	0.7023	77.5069	0.7117	2.1e-04	0.5248
2236	-108.9543	-108.9543	-77.6175	0.7124	76.4368	0.7018	2.1e-04	0.5248
2237	-108.9649	-108.9649	-77.2639	0.7091	76.7975	0.7051	2.1e-04	0.5264
2238	-108.9577	-108.9577	-77.7648	0.7137	76.2874	0.7004	2.1e-04	0.5260
2239	-108.9688	-108.9688	-76.5003	0.7020	77.5143	0.7117	2.1e-04	0.5255
2240	-108.9641	-108.9641	-77.5363	0.7116	76.5281	0.7026	2.1e-04	0.5266
2241	-108.9741	-108.9741	-78.3099	0.7186	75.7153	0.6951	2.1e-04	0.5250
2242	-108.9697	-108.9697	-77.4324	0.7106	76.6515	0.7036	2.1e-04	0.5263
2243	-108.9607	-108.9607	-76.9950	0.7066	77.0701	0.7076	2.1e-04	0.5251
2244	-108.9387	-108.9387	-77.5500	0.7119	76.4837	0.7023	2.1e-04	0.5250
2245	-108.9707	-108.9707	-76.9388	0.7061	77.1297	0.7081	2.1e-04	0.5250
2246	-108.9537	-108.9537	-77.4534	0.7109	76.5938	0.7033	2.1e-04	0.5278
2247	-108.9753	-108.9753	-76.6379	0.7033	77.4321	0.7109	2.1e-04	0.5257
2248	-108.9504	-108.9504	-77.3817	0.7102	76.6671	0.7039	2.1e-04	0.5238
2249	-108.9535	-108.9535	-77.3455	0.7099	76.7098	0.7043	2.1e-04	0.5246
2250	-108.9627	-108.9627	-76.7162	0.7041	77.3519	0.7101	2.1e-04	0.5257
2251	-108.9600	-108.9600	-77.1714	0.7083	76.8884	0.7059	2.1e-04	0.5280
2252	-108.9683	-108.9683	-77.2071	0.7085	76.8643	0.7057	2.1e-04	0.5257
2253	-108.9654	-108.9654	-76.2343	0.6996	77.8245	0.7145	2.1e-04	0.5251
2254	-108.9499	-108.9499	-76.9513	0.7063	77.0999	0.7079	2.1e-04	0.5264
2255	-108.9640	-108.9640	-77.4230	0.7105	76.6268	0.7036	2.1e-04	0.5249
2256	-108.9431	-108.9431	-77.3053	0.7096	76.7219	0.7045	2.1e-04	0.5243
2257	-108.9478	-108.9478	-77.2497	0.7091	76.7971	0.7052	2.1e-04	0.5263
2258	-108.9532	-108.9532	-78.2542	0.7182	75.7817	0.6958	2.1e-04	0.5240
2259	-108.9604	-108.9604	-77.0711	0.7073	76.9762	0.7067	2.1e-04	0.5250
2260	-108.9640	-108.9640	-77.1490	0.7080	76.9064	0.7061	2.1e-04	0.5258
2261	-108.9659	-108.9659	-77.4033	0.7103	76.6466	0.7038	2.1e-04	0.5259
2262	-108.9671	-108.9671	-77.2815	0.7092	76.7706	0.7048	2.1e-04	0.5264
2263	-108.9557	-108.9557	-77.2600	0.7091	76.7866	0.7051	2.1e-04	0.5253
2264	-108.9632	-108.9632	-76.5225	0.7023	77.5319	0.7118	2.1e-04	0.5259
2265	-108.9577	-108.9577	-76.0634	0.6981	77.9740	0.7160	2.1e-04	0.5243
2266	-108.9654	-108.9654	-77.2609	0.7090	76.7867	0.7051	2.1e-04	0.5257
2267	-108.9680	-108.9680	-76.6706	0.7036	77.4033	0.7106	2.1e-04	0.5260
2268	-108.9738	-108.9738	-76.6019	0.7029	77.4673	0.7112	2.1e-04	0.5254
2269	-108.9765	-108.9765	-75.9697	0.6971	78.0993	0.7169	2.1e-04	0.5245
2270	-108.9631	-108.9631	-76.4304	0.7014	77.6081	0.7125	2.1e-04	0.5262
2271	-108.9567	-108.9568	-75.4612	0.6926	78.5533	0.7212	2.1e-04	0.5250
2272	-108.9804	-108.9804	-76.4026	0.7011	77.6699	0.7131	2.1e-04	0.5264
2273	-108.9660	-108.9660	-76.2865	0.7001	77.7558	0.7138	2.1e-04	0.5247
2274	-108.9724	-108.9724	-76.5594	0.7026	77.5162	0.7116	2.1e-04	0.5253
2275	-108.9684	-108.9684	-75.6434	0.6942	78.4010	0.7198	2.1e-04	0.5234
2276	-108.9577	-108.9578	-75.1199	0.6894	78.8931	0.7243	2.1e-04	0.5242
2277	-108.9549	-108.9549	-77.3867	0.7103	76.6663	0.7039	2.1e-04	0.5261
2278	-108.9623	-108.9623	-76.8409	0.7052	77.2175	0.7090	2.1e-04	0.5243
2279	-108.9425	-108.9425	-75.6902	0.6948	78.3026	0.7191	2.1e-04	0.5268
2280	-108.9607	-108.9607	-76.6127	0.7031	77.4450	0.7110	2.1e-04	0.5266
2281	-108.9484	-108.9484	-76.8683	0.7055	77.1825	0.7086	2.1e-04	0.5269
2282	-108.9591	-108.9591	-76.5709	0.7027	77.4883	0.7114	2.1e-04	0.5240
2283	-108.9679	-108.9679	-76.5822	0.7028	77.4811	0.7114	2.1e-04	0.5245
2284	-108.9634	-108.9634	-76.4205	0.7013	77.6189	0.7127	2.1e-04	0.5250
2285	-108.9579	-108.9579	-76.1840	0.6992	77.8651	0.7149	2.1e-04	0.5242
2286	-108.9734	-108.9734	-76.9096	0.7058	77.1708	0.7084	2.1e-04	0.5259
2287	-108.9704	-108.9704	-77.0447	0.7070	77.0233	0.7071	2.1e-04	0.5262
2288	-108.9752	-108.9752	-76.4498	0.7015	77.5958	0.7123	2.1e-04	0.5255
2289	-108.9779	-108.9779	-76.5001	0.7020	77.5809	0.7122	2.1e-04	0.5254
2290	-108.9620	-108.9620	-76.7316	0.7042	77.3220	0.7100	2.1e-04	0.5264
2291	-108.9568	-108.9568	-76.5251	0.7023	77.5195	0.7118	2.1e-04	0.5258
2292	-108.9599	-108.9599	-77.2284	0.7088	76.8039	0.7052	2.1e-04	0.5245
2293	-108.9654	-108.9654	-77.6425	0.7125	76.4152	0.7016	2.1e-04	0.5254
2294	-108.9597	-108.9597	-77.3883	0.7102	76.6629	0.7039	2.1e-04	0.5228
2295	-108.9752	-108.9752	-76.1574	0.6989	77.9071	0.7153	2.1e-04	0.5247
2296	-108.9627	-108.9627	-76.8995	0.7057	77.1576	0.7084	2.1e-04	0.5264
2297	-108.9682	-108.9682	-77.3776	0.7101	76.6911	0.7041	2.1e-04	0.5253
2298	-108.9564	-108.9564	-75.6764	0.6946	78.3460	0.7194	2.1e-04	0.5259
2299	-108.9526	-108.9526	-77.1055	0.7077	76.9253	0.7064	2.1e-04	0.5241
2300	-108.9667	-108.9667	-75.3647	0.6916	78.6710	0.7223	2.1e-04	0.5271
2301	-108.9656	-108.9656	-76.3103	0.7003	77.7454	0.7138	2.1e-04	0.5249
2302	-108.9661	-108.9661	-76.0689	0.6981	77.9661	0.7159	2.1e-04	0.5246
2303	-108.9545	-108.9545	-77.1518	0.7081	76.9025	0.7061	2.1e-04	0.5250
2304	-108.9642	-108.9642	-76.0950	0.6983	77.9478	0.7157	2.1e-04	0.5259
2305	-108.9609	-108.9609	-76.1778	0.6991	77.8743	0.7150	2.1e-04	0.5242
2306	-108.9651	-108.9651	-76.7726	0.7046	77.2607	0.7094	2.1e-04	0.5252
2307	-108.9555	-108.9555	-76.8798	0.7056	77.1690	0.7086	2.1e-04	0.5268
2308	-108.9748	-108.9748	-76.9778	0.7064	77.0987	0.7078	2.1e-04	0.5251
2309	-108.9464	-108.9464	-76.6717	0.7038	77.3566	0.7103	2.1e-04	0.5245
2310	-108.9745	-108.9745	-76.4778	0.7018	77.5870	0.7124	2.1e-04	0.5255
2311	-108.9765	-108.9765	-75.8778	0.6963	78.1599	0.7175	2.1e-04	0.5259
2312	-108.9632	-108.9633	-75.3130	0.6912	78.7031	0.7226	2.1e-04	0.5248
2313	-108.9715	-108.9715	-76.4429	0.7015	77.6076	0.7125	2.1e-04	0.5236
2314	-108.9596	-108.9596	-76.2193	0.6995	77.8281	0.7146	2.1e-04	0.5252
2315	-108.9652	-108.9652	-76.2492	0.6998	77.8035	0.7143	2.1e-04	0.5262
2316	-108.9695	-108.9695	-75.8475	0.6960	78.1943	0.7180	2.1e-04	0.5251
2317	-108.9594	-108.9594	-76.5123	0.7022	77.5336	0.7119	2.0e-04	0.5233
2318	-108.9675	-108.9675	-76.3900	0.7010	77.6623	0.7131	2.0e-04	0.5259
2319	-108.9570	-108.9570	-76.5569	0.7026	77.4920	0.7116	2.0e-04	0.5238
2320	-108.9630	-108.9630	-75.9877	0.6974	78.0409	0.7165	2.0e-04	0.5253
2321	-108.9550	-108.9550	-76.4689	0.7018	77.5692	0.7122	2.0e-04	0.5262
2322	-108.9629	-108.9629	-75.5758	0.6936	78.4484	0.7204	2.0e-04	0.5256
2323	-108.9560	-108.9560	-76.0712	0.6982	77.9634	0.7159	2.0e-04	0.5260
2324	-108.9469	-108.9469	-76.4958	0.7021	77.5367	0.7120	2.0e-04	0.5246
2325	-108.9609	-108.9609	-76.3747	0.7009	77.6376	0.7129	2.0e-04	0.5256
2326	-108.9571	-108.9571	-76.6450	0.7034	77.3699	0.7105	2.0e-04	0.5257
2327	-108.9651	-108.9651	-76.8834	0.7056	77.1691	0.7086	2.0e-04	0.5259
2328	-108.9501	-108.9501	-76.2678	0.7000	77.7562	0.7139	2.0e-04	0.5242
2329	-108.9460	-108.9460	-76.0298	0.6979	77.9896	0.7162	2.0e-04	0.5251
2330	-108.9634	-108.9634	-76.3954	0.7011	77.6501	0.7130	2.0e-04	0.5269
2331	-108.9641	-108.9641	-76.6640	0.7036	77.3965	0.7106	2.0e-04	0.5253
2332	-108.9487	-108.9487	-75.6527	0.6944	78.3590	0.7196	2.0e-04	0.5257
2333	-108.9720	-108.9720	-76.5147	0.7021	77.5456	0.7120	2.0e-04	0.5250
2334	-108.9482	-108.9482	-76.8241	0.7051	77.2129	0.7091	2.0e-04	0.5280
2335	-108.9627	-108.9628	-75.0548	0.6888	78.9418	0.7248	2.0e-04	0.5277
2336	-108.9766	-108.9767	-75.4139	0.6920	78.6139	0.7219	2.0e-04	0.5238
2337	-108.9669	-108.9669	-76.2918	0.7001	77.7230	0.7137	2.0e-04	0.5251
2338	-108.9525	-108.9526	-75.8314	0.6960	78.1700	0.7178	2.0e-04	0.5248
2339	-108.9582	-108.9582	-75.9747	0.6973	78.0639	0.7168	2.0e-04	0.5244
2340	-108.9656	-108.9657	-75.2550	0.6906	78.7523	0.7232	2.0e-04	0.5245
2341	-108.9523	-108.9523	-75.4620	0.6926	78.5614	0.7213	2.0e-04	0.5260
2342	-108.9586	-108.9586	-75.5441	0.6933	78.4883	0.7206	2.0e-04	0.5243
2343	-108.9680	-108.9680	-75.9527	0.6970	78.0964	0.7170	2.0e-04	0.5265
2344	-108.9535	-108.9535	-75.4672	0.6927	78.5448	0.7211	2.0e-04	0.5250
2345	-108.9766	-108.9766	-75.8244	0.6958	78.2247	0.7182	2.0e-04	0.5258
2346	-108.9908	-108.9908	-76.2583	0.6997	77.8115	0.7144	2.0e-04	0.5247
2347	-108.9783	-108.9784	-75.7542	0.6951	78.2856	0.7187	2.0e-04	0.5243
2348	-108.9539	-108.9542	-74.2916	0.6819	79.6691	0.7314	2.0e-04	0.5254
2349	-108.9634	-108.9634	-76.8746	0.7055	77.1810	0.7087	2.0e-04	0.5248
2350	-108.9692	-108.9692	-76.0764	0.6981	77.9719	0.7160	2.0e-04	0.5271
2351	-108.9475	-108.9475	-76.3869	0.7011	77.6399	0.7130	2.0e-04	0.5250
2352	-108.9622	-108.9622	-76.6358	0.7033	77.4149	0.7108	2.0e-04	0.5276
2353	-108.9811	-108.9811	-76.4684	0.7017	77.6045	0.7125	2.0e-04	0.5254
2354	-108.9580	-108.9580	-76.7627	0.7045	77.2892	0.7096	2.0e-04	0.5263
2355	-108.9707	-108.9707	-76.6243	0.7032	77.4317	0.7109	2.0e-04	0.5243
2356	-108.9471	-108.9471	-76.5654	0.7028	77.4716	0.7113	2.0e-04	0.5263
2357	-108.9690	-108.9690	-76.6236	0.7032	77.4356	0.7109	2.0e-04	0.5266
2358	-108.9616	-108.9616	-77.4048	0.7104	76.6413	0.7038	2.0e-04	0.5258
2359	-108.9580	-108.9580	-77.5805	0.7120	76.4518	0.7020	2.0e-04	0.5247
2360	-108.9541	-108.9541	-76.5170	0.7023	77.5264	0.7119	2.0e-04	0.5248
2361	-108.9678	-108.9678	-76.2349	0.6996	77.8157	0.7145	2.0e-04	0.5254
2362	-108.9768	-108.9768	-76.4036	0.7011	77.6635	0.7130	2.0e-04	0.5250
2363	-108.9659	-108.9659	-76.7012	0.7039	77.3219	0.7100	2.0e-04	0.5252
2364	-108.9557	-108.9557	-77.1030	0.7077	76.9423	0.7065	2.0e-04	0.5264
2365	-108.9417	-108.9417	-76.8972	0.7059	77.1426	0.7084	2.0e-04	0.5266
2366	-108.9572	-108.9572	-77.0734	0.7074	76.9772	0.7068	2.0e-04	0.5269
2367	-108.9465	-108.9465	-76.9836	0.7066	77.0514	0.7076	2.0e-04	0.5259
2368	-108.9556	-108.9556	-77.8494	0.7145	76.1942	0.6996	2.0e-04	0.5267
2369	-108.9696	-108.9696	-76.6546	0.7034	77.4023	0.7106	2.0e-04	0.5255
2370	-108.9660	-108.9660	-77.1421	0.7079	76.9125	0.7062	2.0e-04	0.5252
2371	-108.9503	-108.9503	-77.2222	0.7088	76.8114	0.7054	2.0e-04	0.5263
2372	-108.9595	-108.9595	-77.6225	0.7124	76.4388	0.7018	2.0e-04	0.5244
2373	-108.9604	-108.9604	-77.1958	0.7085	76.8385	0.7056	2.0e-04	0.5246
2374	-108.9642	-108.9642	-78.3930	0.7194	75.6295	0.6945	2.0e-04	0.5256
2375	-108.9530	-108.9530	-77.4422	0.7108	76.5960	0.7033	2.0e-04	0.5249
2376	-108.9558	-108.9558	-76.1136	0.6986	77.8748	0.7151	2.0e-04	0.5264
2377	-108.9541	-108.9541	-77.1012	0.7076	76.9392	0.7064	2.0e-04	0.5268
2378	-108.9629	-108.9629	-76.3986	0.7011	77.6426	0.7129	2.0e-04	0.5252
2379	-108.9716	-108.9716	-76.5923	0.7029	77.4755	0.7113	2.0e-04	0.5253
2380	-108.9680	-108.9680	-77.2410	0.7088	76.8169	0.7053	2.0e-04	0.5248
2381	-108.9761	-108.9761	-77.3135	0.7095	76.7560	0.7048	2.0e-04	0.5259
2382	-108.9634	-108.9634	-77.0438	0.7071	77.0120	0.7071	2.0e-04	0.5244
2383	-108.9703	-108.9703	-77.2145	0.7086	76.8359	0.7055	2.0e-04	0.5268
2384	-108.9595	-108.9595	-76.8220	0.7051	77.2195	0.7091	2.0e-04	0.5253
2385	-108.9620	-108.9620	-77.0466	0.7071	77.0016	0.7071	2.0e-04	0.5257
2386	-108.9559	-108.9559	-77.4336	0.7107	76.6034	0.7035	2.0e-04	0.5251
2387	-108.9687	-108.9687	-76.6061	0.7030	77.4314	0.7110	2.0e-04	0.5260
2388	-108.9682	-108.9682	-77.0549	0.7071	77.0065	0.7071	2.0e-04	0.5262
2389	-108.9694	-108.9694	-75.6390	0.6941	78.3982	0.7198	2.0e-04	0.5266
2390	-108.9636	-108.9636	-75.6810	0.6946	78.3484	0.7194	2.0e-04	0.5270
2391	-108.9718	-108.9718	-76.0204	0.6976	78.0312	0.7165	2.0e-04	0.5248
2392	-108.9543	-108.9544	-75.6909	0.6947	78.3411	0.7193	2.0e-04	0.5266
2393	-108.9522	-108.9522	-75.7357	0.6951	78.2816	0.7188	2.0e-04	0.5255
2394	-108.9650	-108.9650	-75.3973	0.6919	78.6226	0.7219	2.0e-04	0.5247
2395	-108.9604	-108.9604	-75.9136	0.6967	78.1149	0.7173	2.0e-04	0.5247
2396	-108.9573	-108.9574	-75.0224	0.6885	78.9779	0.7252	2.0e-04	0.5253
2397	-108.9783	-108.9783	-75.6637	0.6943	78.3840	0.7197	2.0e-04	0.5236
2398	-108.9590	-108.9591	-75.3770	0.6918	78.6261	0.7220	2.0e-04	0.5249
2399	-108.9496	-108.9496	-77.0421	0.7071	77.0047	0.7070	2.0e-04	0.5243
2400	-108.9515	-108.9515	-76.0312	0.6978	77.9724	0.7160	2.0e-04	0.5248
2401	-108.9590	-108.9590	-76.5054	0.7021	77.5407	0.7120	2.0e-04	0.5242
2402	-108.9711	-108.9711	-77.0240	0.7068	77.0432	0.7074	2.0e-04	0.5248
2403	-108.9685	-108.9685	-76.2354	0.6996	77.8116	0.7145	2.0e-04	0.5248
2404	-108.9486	-108.9486	-76.7082	0.7041	77.3323	0.7101	2.0e-04	0.5262
2405	-108.9610	-108.9610	-77.9244	0.7152	76.1201	0.6989	2.0e-04	0.5252
2406	-108.9646	-108.9646	-76.5887	0.7029	77.4694	0.7113	2.0e-04	0.5251
2407	-108.9648	-108.9648	-77.5685	0.7119	76.4876	0.7023	2.0e-04	0.5249
2408	-108.9623	-108.9623	-76.3123	0.7004	77.7170	0.7136	2.0e-04	0.5254
2409	-108.9622	-108.9622	-76.8518	0.7053	77.2024	0.7089	2.0e-04	0.5256
2410	-108.9633	-108.9633	-76.7890	0.7047	77.2575	0.7094	2.0e-04	0.5263
2411	-108.9568	-108.9568	-77.9819	0.7157	76.0476	0.6984	2.0e-04	0.5246
2412	-108.9519	-108.9519	-77.9321	0.7153	76.0949	0.6988	2.0e-04	0.5245
2413	-108.9648	-108.9648	-77.2822	0.7092	76.7538	0.7048	2.0e-04	0.5261
2414	-108.9615	-108.9615	-77.2401	0.7089	76.8072	0.7053	2.0e-04	0.5244
2415	-108.9497	-108.9497	-76.9691	0.7065	77.0683	0.7077	2.0e-04	0.5249
2416	-108.9536	-108.9536	-77.1594	0.7082	76.8792	0.7060	2.0e-04	0.5255
2417	-108.9747	-108.9747	-77.3517	0.7098	76.7183	0.7044	2.0e-04	0.5276
2418	-108.9797	-108.9797	-77.1612	0.7080	76.9154	0.7062	2.0e-04	0.5260
2419	-108.9498	-108.9498	-76.7079	0.7041	77.3303	0.7101	2.0e-04	0.5239
2420	-108.9791	-108.9791	-76.7501	0.7043	77.3077	0.7098	2.0e-04	0.5247
2421	-108.9742	-108.9742	-76.9418	0.7061	77.1268	0.7082	2.0e-04	0.5252
2422	-108.9752	-108.9752	-77.1520	0.7080	76.8994	0.7061	2.0e-04	0.5247
2423	-108.9537	-108.9537	-77.2016	0.7086	76.8465	0.7056	2.0e-04	0.5254
2424	-108.9682	-108.9682	-76.8209	0.7050	77.2249	0.7091	2.0e-04	0.5264
2425	-108.9696	-108.9696	-77.1700	0.7082	76.8853	0.7060	2.0e-04	0.5256
2426	-108.9590	-108.9590	-77.2180	0.7087	76.7980	0.7052	2.0e-04	0.5267
2427	-108.9805	-108.9805	-76.2226	0.6994	77.8398	0.7147	2.0e-04	0.5250
2428	-108.9668	-108.9668	-76.9636	0.7063	77.1051	0.7079	2.0e-04	0.5265
2429	-108.9591	-108.9591	-77.7472	0.7135	76.2996	0.7006	2.0e-04	0.5257
2430	-108.9624	-108.9624	-78.1484	0.7172	75.8859	0.6969	2.0e-04	0.5269
2431	-108.9592	-108.9592	-77.1576	0.7081	76.8903	0.7061	2.0e-04	0.5260
2432	-108.9721	-108.9721	-77.3925	0.7102	76.6362	0.7037	2.0e-04	0.5251
2433	-108.9712	-108.9712	-77.3001	0.7094	76.7569	0.7048	2.0e-04	0.5250
2434	-108.9665	-108.9665	-76.3142	0.7003	77.7380	0.7138	2.0e-04	0.5246
2435	-108.9701	-108.9701	-76.7448	0.7043	77.2796	0.7097	2.0e-04	0.5271
2436	-108.9486	-108.9486	-77.2300	0.7089	76.8110	0.7053	2.0e-04	0.5239
2437	-108.9854	-108.9854	-78.0356	0.7160	76.0292	0.6981	2.0e-04	0.5259
2438	-108.9567	-108.9567	-77.2979	0.7094	76.7432	0.7047	2.0e-04	0.5250
2439	-108.9557	-108.9557	-77.7621	0.7137	76.2736	0.7004	2.0e-04	0.5249
2440	-108.9732	-108.9732	-76.1288	0.6986	77.9217	0.7155	2.0e-04	0.5246
2441	-108.9749	-108.9749	-77.0946	0.7075	76.8840	0.7059	2.0e-04	0.5252
2442	-108.9710	-108.9710	-76.7281	0.7041	77.3335	0.7101	2.0e-04	0.5268
2443	-108.9660	-108.9660	-77.3424	0.7098	76.7082	0.7044	2.0e-04	0.5248
2444	-108.9695	-108.9695	-77.1941	0.7084	76.8579	0.7057	2.0e-04	0.5260
2445	-108.9619	-108.9619	-77.7271	0.7133	76.2648	0.7004	2.0e-04	0.5251
2446	-108.9710	-108.9710	-78.4113	0.7196	75.6256	0.6944	2.0e-04	0.5275
2447	-108.9809	-108.9809	-77.1803	0.7082	76.8957	0.7060	2.0e-04	0.5256
2448	-108.9696	-108.9696	-78.0078	0.7159	76.0419	0.6982	2.0e-04	0.5276
2449	-108.9595	-108.9595	-76.6787	0.7037	77.3695	0.7105	2.0e-04	0.5247
2450	-108.9650	-108.9650	-77.8375	0.7143	76.2122	0.6998	2.0e-04	0.5267
2451	-108.9574	-108.9574	-77.3731	0.7101	76.6744	0.7040	2.0e-04	0.5249
2452	-108.9802	-108.9802	-77.4377	0.7106	76.6292	0.7036	2.0e-04	0.5261
2453	-108.9677	-108.9677	-77.1598	0.7081	76.8916	0.7060	2.0e-04	0.5253
2454	-108.9535	-108.9535	-76.7659	0.7046	77.2746	0.7096	2.0e-04	0.5252
2455	-108.9775	-108.9775	-77.6578	0.7126	76.3995	0.7016	2.0e-04	0.5246
2456	-108.9691	-108.9691	-78.0762	0.7165	75.9581	0.6975	2.0e-04	0.5264
2457	-108.9770	-108.9770	-77.5425	0.7115	76.5296	0.7026	2.0e-04	0.5238
2458	-108.9659	-108.9659	-77.1980	0.7085	76.8631	0.7057	2.0e-04	0.5253
2459	-108.9660	-108.9660	-77.2890	0.7093	76.7682	0.7049	2.0e-04	0.5244
2460	-108.9634	-108.9634	-77.4159	0.7105	76.6376	0.7037	2.0e-04	0.5256
2461	-108.9618	-108.9618	-77.4809	0.7111	76.5717	0.7031	2.0e-04	0.5268
2462	-108.9560	-108.9560	-77.5302	0.7116	76.5132	0.7026	2.0e-04	0.5251
2463	-108.9668	-108.9668	-78.3405	0.7189	75.6871	0.6950	2.0e-04	0.5250
2464	-108.9588	-108.9588	-77.2178	0.7087	76.8076	0.7053	2.0e-04	0.5250
2465	-108.9681	-108.9681	-75.9911	0.6974	78.0508	0.7166	2.0e-04	0.5255
2466	-108.9494	-108.9494	-76.4284	0.7015	77.6037	0.7127	2.0e-04	0.5255
2467	-108.9648	-108.9648	-77.6933	0.7130	76.3532	0.7012	2.0e-04	0.5257
2468	-108.9843	-108.9843	-77.6146	0.7122	76.4374	0.7018	2.0e-04	0.5250
2469	-108.9683	-108.9683	-77.6335	0.7124	76.4151	0.7016	2.0e-04	0.5263
2470	-108.9565	-108.9565	-77.6904	0.7130	76.3222	0.7008	2.0e-04	0.5244
2471	-108.9718	-108.9718	-77.7577	0.7136	76.2891	0.7006	2.0e-04	0.5259
2472	-108.9652	-108.9652	-78.3077	0.7186	75.7270	0.6954	2.0e-04	0.5253
2473	-108.9643	-108.9643	-76.5921	0.7029	77.4498	0.7112	2.0e-04	0.5276
2474	-108.9519	-108.9519	-76.5796	0.7029	77.4454	0.7112	2.0e-04	0.5232
2475	-108.9723	-108.9723	-77.3392	0.7097	76.7135	0.7044	2.0e-04	0.5254
2476	-108.9611	-108.9611	-77.5088	0.7113	76.5346	0.7028	2.0e-04	0.5249
2477	-108.9604	-108.9604	-76.7757	0.7046	77.2613	0.7095	2.0e-04	0.5252
2478	-108.9554	-108.9554	-77.2688	0.7092	76.7714	0.7050	2.0e-04	0.5248
2479	-108.9635	-108.9635	-76.7310	0.7042	77.2829	0.7096	2.0e-04	0.5242
2480	-108.9548	-108.9548	-76.7418	0.7043	77.2982	0.7098	2.0e-04	0.5262
2481	-108.9578	-108.9578	-76.9855	0.7066	77.0675	0.7077	2.0e-04	0.5248
2482	-108.9669	-108.9669	-76.3510	0.7007	77.6474	0.7130	2.0e-04	0.5271
2483	-108.9636	-108.9636	-76.5176	0.7022	77.5171	0.7118	2.0e-04	0.5245
2484	-108.9530	-108.9530	-76.1862	0.6993	77.8474	0.7148	2.0e-04	0.5264
2485	-108.9467	-108.9467	-76.8750	0.7056	77.1638	0.7086	2.0e-04	0.5260
2486	-108.9497	-108.9497	-77.0710	0.7074	76.9550	0.7067	2.0e-04	0.5275
2487	-108.9551	-108.9551	-76.5830	0.7029	77.4569	0.7113	2.0e-04	0.5251
2488	-108.9673	-108.9673	-77.0334	0.7069	76.9740	0.7068	2.0e-04	0.5273
2489	-108.9519	-108.9519	-76.3560	0.7008	77.6625	0.7131	2.0e-04	0.5251
2490	-108.9633	-108.9633	-76.3267	0.7005	77.7215	0.7136	2.0e-04	0.5263
2491	-108.9683	-108.9683	-76.5600	0.7026	77.4928	0.7116	2.0e-04	0.5256
2492	-108.9592	-108.9592	-77.1456	0.7080	76.8949	0.7062	2.0e-04	0.5246
2493	-108.9499	-108.9499	-76.7001	0.7040	77.3378	0.7102	2.0e-04	0.5240
2494	-108.9704	-108.9704	-75.8131	0.6957	78.2315	0.7183	2.0e-04	0.5248
2495	-108.9640	-108.9640	-75.7587	0.6953	78.2823	0.7188	2.0e-04	0.5266
2496	-108.9610	-108.9610	-76.6591	0.7035	77.3871	0.7106	2.0e-04	0.5257
2497	-108.9495	-108.9495	-76.9503	0.7063	77.0906	0.7079	2.0e-04	0.5235
2498	-108.9731	-108.9731	-76.7106	0.7039	77.3505	0.7102	2.0e-04	0.5244
2499	-108.9621	-108.9621	-76.4646	0.7018	77.5781	0.7124	2.0e-04	0.5269
2500	-108.9576	-108.9576	-76.4368	0.7015	77.6014	0.7126	2.0e-04	0.5255
2501	-108.9743	-108.9743	-77.2473	0.7089	76.8198	0.7054	2.0e-04	0.5231
2502	-108.9607	-108.9607	-76.8086	0.7049	77.2463	0.7093	2.0e-04	0.5260
2503	-108.9614	-108.9614	-76.6913	0.7038	77.3396	0.7102	2.0e-04	0.5250
2504	-108.9559	-108.9559	-76.6755	0.7037	77.3699	0.7105	2.0e-04	0.5273
2505	-108.9570	-108.9570	-75.8905	0.6965	78.1358	0.7175	2.0e-04	0.5259
2506	-108.9657	-108.9657	-76.5862	0.7028	77.4600	0.7113	2.0e-04	0.5259
2507	-108.9642	-108.9642	-77.0267	0.7069	77.0296	0.7073	2.0e-04	0.5253
2508	-108.9508	-108.9508	-76.9431	0.7062	77.0821	0.7079	2.0e-04	0.5268
2509	-108.9589	-108.9589	-75.9595	0.6971	78.0718	0.7169	2.0e-04	0.5262
2510	-108.9726	-108.9726	-76.6380	0.7033	77.4073	0.7108	2.0e-04	0.5275
2511	-108.9592	-108.9592	-76.5987	0.7030	77.3961	0.7108	2.0e-04	0.5248
2512	-108.9534	-108.9534	-77.5086	0.7114	76.5261	0.7028	2.0e-04	0.5265
2513	-108.9588	-108.9588	-75.9410	0.6970	78.0535	0.7167	2.0e-04	0.5246
2514	-108.9558	-108.9558	-75.3695	0.6917	78.6327	0.7220	2.0e-04	0.5260
2515	-108.9652	-108.9653	-75.5883	0.6937	78.4386	0.7203	2.0e-04	0.5253
2516	-108.9726	-108.9727	-75.2845	0.6909	78.7319	0.7230	2.0e-04	0.5249
2517	-108.9674	-108.9674	-76.0654	0.6981	77.9752	0.7160	2.0e-04	0.5240
2518	-108.9674	-108.9674	-75.9383	0.6969	78.0992	0.7171	2.0e-04	0.5252
2519	-108.9802	-108.9802	-76.2576	0.6997	77.8103	0.7144	2.0e-04	0.5245
2520	-108.9630	-108.9630	-75.7597	0.6953	78.2688	0.7187	2.0e-04	0.5254
2521	-108.9465	-108.9465	-76.4333	0.7016	77.5823	0.7124	2.0e-04	0.5252
2522	-108.9604	-108.9604	-76.4063	0.7012	77.6482	0.7129	2.0e-04	0.5249
2523	-108.9598	-108.9598	-76.2478	0.6998	77.7868	0.7144	2.0e-04	0.5252
2524	-108.9640	-108.9640	-76.9136	0.7059	77.1419	0.7083	2.0e-04	0.5256
2525	-108.9497	-108.9497	-76.5767	0.7029	77.4542	0.7113	2.0e-04	0.5257
2526	-108.9654	-108.9654	-76.4768	0.7018	77.5652	0.7123	2.0e-04	0.5253
2527	-108.9654	-108.9654	-76.4987	0.7020	77.5397	0.7120	2.0e-04	0.5244
2528	-108.9693	-108.9693	-77.0488	0.7071	77.0087	0.7071	2.0e-04	0.5240
2529	-108.9554	-108.9554	-76.1920	0.6993	77.8384	0.7148	2.0e-04	0.5269
2530	-108.9522	-108.9522	-76.7990	0.7049	77.2257	0.7092	2.0e-04	0.5241
2531	-108.9596	-108.9596	-75.9689	0.6972	78.0712	0.7169	2.0e-04	0.5263
2532	-108.9631	-108.9631	-76.2584	0.6999	77.7694	0.7142	2.0e-04	0.5245
2533	-108.9682	-108.9682	-76.0724	0.6981	77.9622	0.7159	2.0e-04	0.5251
2534	-108.9579	-108.9579	-76.0410	0.6979	77.9929	0.7162	2.0e-04	0.5240
2535	-108.9855	-108.9855	-76.8572	0.7052	77.2218	0.7090	2.0e-04	0.5241
2536	-108.9609	-108.9610	-76.1140	0.6985	77.9371	0.7155	2.0e-04	0.5269
2537	-108.9479	-108.9479	-76.3381	0.7007	77.6943	0.7135	2.0e-04	0.5261
2538	-108.9666	-108.9667	-75.3894	0.6919	78.6286	0.7220	2.0e-04	0.5243
2539	-108.9540	-108.9540	-76.3372	0.7006	77.6802	0.7134	2.0e-04	0.5265
2540	-108.9470	-108.9470	-76.3692	0.7010	77.6512	0.7131	2.0e-04	0.5258
2541	-108.9854	-108.9854	-75.8624	0.6961	78.1946	0.7179	2.0e-04	0.5249
2542	-108.9564	-108.9564	-75.9856	0.6974	78.0549	0.7167	2.0e-04	0.5247
2543	-108.9590	-108.9590	-76.2679	0.7000	77.7667	0.7142	2.0e-04	0.5274
2544	-108.9742	-108.9742	-76.3871	0.7010	77.6508	0.7130	2.0e-04	0.5260
2545	-108.9729	-108.9729	-75.7709	0.6953	78.2752	0.7187	2.0e-04	0.5250
2546	-108.9594	-108.9594	-76.1962	0.6993	77.8267	0.7147	2.0e-04	0.5249
2547	-108.9654	-108.9654	-77.0992	0.7076	76.9527	0.7066	2.0e-04	0.5260
2548	-108.9493	-108.9494	-75.4840	0.6928	78.5228	0.7211	2.0e-04	0.5252
2549	-108.9770	-108.9770	-76.0734	0.6981	77.9883	0.7160	2.0e-04	0.5238
2550	-108.9538	-108.9539	-75.5077	0.6930	78.4895	0.7207	2.0e-04	0.5270
2551	-108.9552	-108.9552	-76.5687	0.7028	77.4648	0.7114	2.0e-04	0.5252
2552	-108.9753	-108.9753	-76.4489	0.7015	77.5960	0.7125	2.0e-04	0.5262
2553	-108.9489	-108.9489	-75.7350	0.6951	78.2684	0.7188	2.0e-04	0.5247
2554	-108.9814	-108.9814	-75.7269	0.6949	78.3255	0.7191	2.0e-04	0.5266
2555	-108.9634	-108.9634	-76.9148	0.7059	77.1396	0.7083	2.0e-04	0.5243
2556	-108.9584	-108.9584	-76.4490	0.7016	77.5899	0.7125	2.0e-04	0.5246
2557	-108.9699	-108.9699	-76.6508	0.7034	77.3990	0.7108	2.0e-04	0.5249
2558	-108.9547	-108.9547	-76.2066	0.6994	77.8342	0.7147	2.0e-04	0.5230
2559	-108.9425	-108.9425	-76.1497	0.6990	77.8475	0.7150	2.0e-04	0.5268
2560	-108.9636	-108.9636	-77.0181	0.7068	77.0303	0.7074	2.0e-04	0.5237
2561	-108.9686	-108.9686	-75.7833	0.6955	78.2623	0.7186	2.0e-04	0.5268
2562	-108.9530	-108.9530	-75.6249	0.6941	78.3891	0.7199	2.0e-04	0.5257
2563	-108.9643	-108.9643	-76.4638	0.7017	77.5814	0.7124	2.0e-04	0.5267
2564	-108.9563	-108.9563	-77.1535	0.7081	76.8951	0.7061	2.0e-04	0.5260
2565	-108.9566	-108.9566	-76.5380	0.7025	77.4948	0.7116	2.0e-04	0.5261
2566	-108.9581	-108.9581	-76.2165	0.6995	77.8230	0.7146	2.0e-04	0.5242
2567	-108.9483	-108.9483	-76.5462	0.7026	77.4887	0.7116	2.0e-04	0.5260
2568	-108.9644	-108.9644	-76.4102	0.7012	77.6343	0.7128	2.0e-04	0.5259
2569	-108.9558	-108.9558	-77.0681	0.7073	76.9707	0.7068	2.0e-04	0.5260
2570	-108.9639	-108.9639	-75.8881	0.6965	78.1513	0.7176	2.0e-04	0.5244
2571	-108.9549	-108.9549	-76.5976	0.7030	77.4188	0.7109	2.0e-04	0.5256
2572	-108.9477	-108.9477	-77.3445	0.7099	76.6780	0.7042	2.0e-04	0.5252
2573	-108.9766	-108.9766	-75.6619	0.6943	78.3851	0.7197	2.0e-04	0.5248
2574	-108.9703	-108.9703	-76.4949	0.7020	77.5643	0.7122	2.0e-04	0.5252
2575	-108.9578	-108.9578	-76.5932	0.7030	77.4414	0.7112	2.0e-04	0.5245
2576	-108.9610	-108.9610	-75.6705	0.6945	78.3643	0.7195	2.0e-04	0.5264
2577	-108.9673	-108.9673	-76.6348	0.7033	77.4283	0.7109	2.0e-04	0.5235
2578	-108.9525	-108.9525	-76.9789	0.7065	77.0501	0.7076	2.0e-04	0.5247
2579	-108.9467	-108.9467	-77.3497	0.7100	76.6822	0.7042	2.0e-04	0.5266
2580	-108.9517	-108.9517	-77.4562	0.7109	76.5758	0.7032	2.0e-04	0.5241
2581	-108.9682	-108.9682	-76.3514	0.7007	77.6859	0.7134	2.0e-04	0.5251
2582	-108.9651	-108.9651	-76.3931	0.7011	77.6580	0.7131	2.0e-04	0.5244
2583	-108.9868	-108.9868	-76.7047	0.7038	77.3472	0.7101	2.0e-04	0.5253
2584	-108.9660	-108.9660	-76.1200	0.6986	77.9183	0.7155	2.0e-04	0.5259
2585	-108.9641	-108.9641	-76.6215	0.7032	77.4198	0.7110	2.0e-04	0.5251
2586	-108.9582	-108.9582	-76.5729	0.7028	77.4500	0.7112	2.0e-04	0.5261
2587	-108.9703	-108.9703	-76.8480	0.7052	77.2084	0.7089	2.0e-04	0.5248
2588	-108.9696	-108.9696	-76.7546	0.7044	77.2977	0.7098	2.0e-04	0.5241
2589	-108.9506	-108.9506	-76.6832	0.7038	77.3512	0.7104	2.0e-04	0.5264
2590	-108.9585	-108.9585	-76.8855	0.7056	77.1535	0.7084	2.0e-04	0.5255
2591	-108.9762	-108.9762	-76.6160	0.7031	77.4355	0.7111	2.0e-04	0.5263
2592	-108.9666	-108.9666	-76.1432	0.6988	77.9064	0.7153	2.0e-04	0.5246
2593	-108.9682	-108.9682	-75.5898	0.6937	78.4173	0.7201	2.0e-04	0.5253
2594	-108.9583	-108.9583	-75.4170	0.6922	78.6020	0.7217	2.0e-04	0.5248
2595	-108.9713	-108.9713	-76.3958	0.7011	77.6538	0.7131	2.0e-04	0.5247
2596	-108.9786	-108.9786	-76.7114	0.7039	77.3172	0.7099	2.0e-04	0.5247
2597	-108.9703	-108.9703	-76.7953	0.7047	77.2035	0.7090	2.0e-04	0.5268
2598	-108.9519	-108.9519	-76.8621	0.7055	77.1721	0.7086	2.0e-04	0.5259
2599	-108.9512	-108.9512	-76.4300	0.7015	77.6042	0.7127	2.0e-04	0.5272
2600	-108.9733	-108.9733	-76.3940	0.7010	77.6653	0.7131	2.0e-04	0.5270
2601	-108.9648	-108.9648	-76.7507	0.7044	77.2936	0.7098	2.0e-04	0.5246
2602	-108.9655	-108.9655	-75.8071	0.6957	78.2345	0.7183	2.0e-04	0.5255
2603	-108.9622	-108.9622	-77.1063	0.7076	76.9279	0.7065	2.0e-04	0.5265
2604	-108.9693	-108.9693	-76.1539	0.6989	77.9015	0.7152	2.0e-04	0.5243
2605	-108.9700	-108.9700	-77.7276	0.7133	76.3263	0.7008	2.0e-04	0.5264
2606	-108.9752	-108.9752	-76.1914	0.6992	77.8447	0.7148	2.0e-04	0.5252
2607	-108.9766	-108.9766	-76.5030	0.7020	77.5505	0.7122	2.0e-04	0.5252
2608	-108.9687	-108.9687	-77.3354	0.7097	76.7185	0.7045	2.0e-04	0.5241
2609	-108.9608	-108.9608	-76.4145	0.7013	77.6347	0.7128	2.0e-04	0.5242
2610	-108.9787	-108.9787	-77.7033	0.7130	76.3346	0.7010	2.0e-04	0.5265
2611	-108.9621	-108.9621	-77.0125	0.7068	77.0357	0.7074	2.0e-04	0.5247
2612	-108.9724	-108.9724	-78.0200	0.7160	76.0240	0.6981	2.0e-04	0.5265
2613	-108.9493	-108.9493	-77.4553	0.7109	76.5749	0.7032	2.0e-04	0.5238
2614	-108.9622	-108.9622	-78.7021	0.7223	75.2977	0.6915	2.0e-04	0.5271
2615	-108.9599	-108.9599	-77.6706	0.7128	76.3481	0.7011	2.0e-04	0.5244
2616	-108.9393	-108.9393	-78.0206	0.7162	75.9846	0.6979	2.0e-04	0.5249
2617	-108.9788	-108.9788	-77.8694	0.7145	76.1667	0.6995	2.0e-04	0.5247
2618	-108.9749	-108.9749	-77.2768	0.7091	76.7879	0.7051	2.0e-04	0.5237
2619	-108.9722	-108.9722	-78.2327	0.7179	75.8107	0.6961	2.0e-04	0.5255
2620	-108.9499	-108.9499	-77.2051	0.7086	76.8294	0.7055	2.0e-04	0.5251
2621	-108.9827	-108.9827	-78.5036	0.7203	75.5368	0.6936	2.0e-04	0.5247
2622	-108.9735	-108.9735	-78.0182	0.7159	76.0267	0.6982	2.0e-04	0.5249
2623	-108.9639	-108.9639	-78.5226	0.7206	75.4777	0.6932	2.0e-04	0.5259
2624	-108.9739	-108.9739	-78.0416	0.7161	76.0010	0.6979	2.0e-04	0.5255
2625	-108.9639	-108.9639	-78.5323	0.7207	75.4522	0.6929	2.0e-04	0.5252
2626	-108.9631	-108.9631	-77.9659	0.7155	76.0653	0.6986	2.0e-04	0.5276
2627	-108.9597	-108.9597	-77.8133	0.7141	76.2174	0.7000	2.0e-04	0.5280
2628	-108.9573	-108.9573	-78.0935	0.7167	75.9412	0.6973	2.0e-04	0.5261
2629	-108.9569	-108.9569	-78.3634	0.7192	75.6519	0.6948	2.0e-04	0.5250
2630	-108.9559	-108.9559	-78.0534	0.7164	75.9691	0.6976	2.0e-04	0.5239
2631	-108.9519	-108.9519	-77.2469	0.7090	76.7890	0.7052	2.0e-04	0.5249
2632	-108.9601	-108.9601	-78.1829	0.7175	75.8466	0.6965	2.0e-04	0.5262
2633	-108.9586	-108.9586	-78.0855	0.7167	75.9412	0.6974	2.0e-04	0.5251
2634	-108.9547	-108.9547	-77.5693	0.7119	76.4312	0.7019	2.0e-04	0.5258
2635	-108.9736	-108.9736	-78.2059	0.7177	75.8236	0.6964	2.0e-04	0.5247
2636	-108.9691	-108.9691	-78.5636	0.7210	75.4668	0.6930	2.0e-04	0.5263
2637	-108.9633	-108.9633	-77.5811	0.7120	76.4720	0.7022	2.0e-04	0.5256
2638	-108.9664	-108.9664	-77.8054	0.7140	76.2291	0.7000	2.0e-04	0.5246
2639	-108.9702	-108.9702	-77.8809	0.7147	76.1744	0.6994	2.0e-04	0.5245
2640	-108.9710	-108.9710	-78.5438	0.7208	75.4779	0.6932	2.0e-04	0.5242
2641	-108.9605	-108.9605	-78.2818	0.7184	75.6998	0.6951	2.0e-04	0.5264
2642	-108.9567	-108.9567	-77.7901	0.7140	76.2360	0.7001	2.0e-04	0.5242
2643	-108.9710	-108.9710	-77.9946	0.7157	76.0510	0.6984	2.0e-04	0.5255
2644	-108.9627	-108.9627	-77.6609	0.7127	76.3781	0.7014	2.0e-04	0.5260
2645	-108.9544	-108.9544	-77.6790	0.7129	76.3517	0.7012	2.0e-04	0.5241
2646	-108.9663	-108.9663	-76.6875	0.7038	77.3459	0.7103	2.0e-04	0.5262
2647	-108.9383	-108.9383	-78.3710	0.7194	75.6233	0.6945	2.0e-04	0.5265
2648	-108.9631	-108.9631	-78.4210	0.7197	75.5766	0.6940	2.0e-04	0.5263
2649	-108.9536	-108.9536	-76.4342	0.7015	77.5858	0.7126	2.0e-04	0.5257
2650	-108.9488	-108.9488	-78.1747	0.7175	75.8378	0.6965	2.0e-04	0.5254
2651	-108.9691	-108.9691	-77.9893	0.7157	76.0415	0.6983	2.0e-04	0.5246
2652	-108.9741	-108.9741	-77.5339	0.7115	76.5251	0.7027	2.0e-04	0.5267
2653	-108.9570	-108.9570	-77.6587	0.7127	76.3818	0.7014	2.0e-04	0.5238
2654	-108.9621	-108.9621	-78.0845	0.7166	75.9417	0.6974	2.0e-04	0.5250
2655	-108.9664	-108.9664	-77.6007	0.7122	76.4309	0.7019	2.0e-04	0.5237
2656	-108.9506	-108.9506	-77.4434	0.7108	76.5866	0.7033	2.0e-04	0.5257
2657	-108.9520	-108.9520	-78.4408	0.7200	75.5688	0.6940	2.0e-04	0.5260
2658	-108.9728	-108.9728	-77.5503	0.7116	76.5086	0.7025	2.0e-04	0.5264
2659	-108.9615	-108.9615	-77.1606	0.7081	76.8778	0.7060	2.0e-04	0.5255
2660	-108.9607	-108.9607	-75.9009	0.6966	78.1336	0.7175	2.0e-04	0.5262
2661	-108.9591	-108.9591	-76.9245	0.7060	77.0954	0.7080	2.0e-04	0.5249
2662	-108.9614	-108.9614	-76.7514	0.7044	77.3047	0.7098	2.0e-04	0.5242
2663	-108.9573	-108.9573	-76.5485	0.7026	77.4791	0.7115	2.0e-04	0.5256
2664	-108.9726	-108.9726	-76.4209	0.7013	77.6291	0.7129	2.0e-04	0.5251
2665	-108.9762	-108.9762	-76.8773	0.7055	77.1573	0.7085	2.0e-04	0.5240
2666	-108.9608	-108.9608	-76.5825	0.7028	77.4623	0.7113	2.0e-04	0.5269
2667	-108.9680	-108.9680	-77.3119	0.7095	76.7376	0.7047	2.0e-04	0.5254
2668	-108.9845	-108.9845	-77.3071	0.7093	76.7657	0.7049	2.0e-04	0.5247
2669	-108.9800	-108.9800	-77.2371	0.7087	76.8236	0.7055	2.0e-04	0.5244
2670	-108.9375	-108.9375	-78.0949	0.7169	75.8654	0.6968	2.0e-04	0.5250
2671	-108.9625	-108.9625	-77.6983	0.7131	76.3362	0.7011	2.0e-04	0.5259
2672	-108.9529	-108.9529	-77.5240	0.7115	76.5037	0.7026	2.0e-04	0.5267
2673	-108.9510	-108.9510	-77.7963	0.7140	76.2238	0.7000	2.0e-04	0.5247
2674	-108.9623	-108.9623	-77.2119	0.7086	76.8221	0.7056	2.0e-04	0.5242
2675	-108.9705	-108.9705	-77.3273	0.7096	76.7274	0.7046	2.0e-04	0.5282
2676	-108.9652	-108.9652	-77.0268	0.7069	77.0140	0.7073	2.0e-04	0.5239
2677	-108.9575	-108.9575	-77.2930	0.7094	76.7401	0.7048	2.0e-04	0.5269
2678	-108.9635	-108.9635	-76.7873	0.7047	77.2438	0.7094	2.0e-04	0.5248
2679	-108.9511	-108.9511	-76.9276	0.7061	77.1053	0.7081	2.0e-04	0.5270
2680	-108.9555	-108.9555	-78.1470	0.7172	75.8856	0.6968	2.0e-04	0.5257
2681	-108.9632	-108.9632	-76.9996	0.7067	77.0296	0.7074	2.0e-04	0.5270
2682	-108.9594	-108.9594	-77.3231	0.7097	76.6969	0.7044	2.0e-04	0.5251
2683	-108.9582	-108.9582	-76.6369	0.7034	77.4017	0.7108	2.0e-04	0.5262
2684	-108.9608	-108.9608	-77.9275	0.7152	76.0991	0.6989	2.0e-04	0.5254
2685	-108.9705	-108.9705	-77.1916	0.7084	76.8665	0.7058	2.0e-04	0.5271
2686	-108.9485	-108.9485	-77.5295	0.7116	76.4704	0.7023	2.0e-04	0.5256
2687	-108.9658	-108.9658	-77.5056	0.7113	76.5419	0.7029	2.0e-04	0.5270
2688	-108.9530	-108.9530	-76.2514	0.6999	77.7605	0.7142	2.0e-04	0.5255
2689	-108.9704	-108.9704	-76.7223	0.7041	77.3275	0.7101	2.0e-04	0.5271
2690	-108.9513	-108.9513	-76.5561	0.7027	77.4803	0.7115	2.0e-04	0.5258
2691	-108.9581	-108.9581	-77.6215	0.7124	76.4097	0.7016	2.0e-04	0.5263
2692	-108.9707	-108.9707	-76.9994	0.7066	77.0507	0.7076	1.9e-04	0.5255
2693	-108.9443	-108.9443	-77.1023	0.7077	76.9270	0.7065	1.9e-04	0.5271
2694	-108.9696	-108.9696	-75.7629	0.6953	78.2370	0.7184	1.9e-04	0.5254
2695	-108.9651	-108.9651	-76.8720	0.7055	77.1679	0.7087	1.9e-04	0.5252
2696	-108.9575	-108.9575	-76.8259	0.7051	77.2182	0.7091	1.9e-04	0.5245
2697	-108.9610	-108.9610	-75.6427	0.6942	78.3767	0.7198	1.9e-04	0.5245
2698	-108.9585	-108.9585	-76.2965	0.7002	77.7244	0.7137	1.9e-04	0.5242
2699	-108.9582	-108.9582	-77.3502	0.7099	76.6939	0.7043	1.9e-04	0.5237
2700	-108.9722	-108.9722	-76.6117	0.7030	77.4437	0.7112	1.9e-04	0.5259
2701	-108.9702	-108.9702	-76.2755	0.7000	77.7425	0.7138	1.9e-04	0.5236
2702	-108.9607	-108.9607	-77.0439	0.7071	76.9688	0.7068	1.9e-04	0.5242
2703	-108.9579	-108.9579	-76.5854	0.7029	77.4475	0.7112	1.9e-04	0.5240
2704	-108.9598	-108.9598	-77.2744	0.7092	76.7527	0.7049	1.9e-04	0.5249
2705	-108.9666	-108.9666	-76.8992	0.7057	77.1471	0.7084	1.9e-04	0.5251
2706	-108.9481	-108.9481	-76.5313	0.7025	77.4993	0.7117	1.9e-04	0.5255
2707	-108.9516	-108.9516	-76.9166	0.7060	77.1200	0.7082	1.9e-04	0.5255
2708	-108.9585	-108.9585	-76.3015	0.7003	77.7274	0.7139	1.9e-04	0.5267
2709	-108.9555	-108.9555	-77.2281	0.7088	76.8088	0.7054	1.9e-04	0.5262
2710	-108.9511	-108.9511	-75.7062	0.6949	78.2997	0.7191	1.9e-04	0.5262
2711	-108.9718	-108.9718	-76.4283	0.7014	77.6206	0.7128	1.9e-04	0.5255
2712	-108.9543	-108.9543	-75.8002	0.6957	78.2175	0.7183	1.9e-04	0.5248
2713	-108.9691	-108.9691	-75.8596	0.6962	78.1739	0.7179	1.9e-04	0.5273
2714	-108.9604	-108.9604	-76.2604	0.6999	77.7701	0.7142	1.9e-04	0.5241
2715	-108.9519	-108.9519	-76.2856	0.7002	77.7428	0.7140	1.9e-04	0.5243
2716	-108.9686	-108.9686	-76.1825	0.6991	77.8615	0.7150	1.9e-04	0.5254
2717	-108.9701	-108.9701	-76.5504	0.7025	77.5086	0.7117	1.9e-04	0.5259
2718	-108.9640	-108.9640	-75.7692	0.6954	78.2549	0.7186	1.9e-04	0.5246
2719	-108.9587	-108.9587	-76.3217	0.7005	77.7136	0.7136	1.9e-04	0.5246
2720	-108.9608	-108.9608	-76.5025	0.7021	77.5394	0.7121	1.9e-04	0.5254
2721	-108.9718	-108.9718	-75.3861	0.6918	78.6359	0.7221	1.9e-04	0.5260
2722	-108.9611	-108.9611	-76.2791	0.7001	77.7660	0.7141	1.9e-04	0.5257
2723	-108.9641	-108.9641	-77.0939	0.7075	76.9402	0.7065	1.9e-04	0.5242
2724	-108.9588	-108.9588	-76.8005	0.7049	77.2475	0.7093	1.9e-04	0.5255
2725	-108.9674	-108.9674	-76.1797	0.6991	77.8667	0.7150	1.9e-04	0.5258
2726	-108.9739	-108.9739	-75.9368	0.6968	78.0853	0.7171	1.9e-04	0.5257
2727	-108.9665	-108.9665	-76.6300	0.7032	77.4073	0.7109	1.9e-04	0.5258
2728	-108.9732	-108.9732	-76.9349	0.7060	77.1203	0.7082	1.9e-04	0.5246
2729	-108.9656	-108.9656	-76.8949	0.7057	77.1618	0.7085	1.9e-04	0.5239
2730	-108.9672	-108.9672	-76.6780	0.7037	77.3599	0.7105	1.9e-04	0.5266
2731	-108.9492	-108.9492	-76.0967	0.6985	77.9200	0.7156	1.9e-04	0.5250
2732	-108.9634	-108.9634	-76.1581	0.6989	77.8710	0.7151	1.9e-04	0.5251
2733	-108.9579	-108.9579	-76.9569	0.7063	77.0825	0.7079	1.9e-04	0.5235
2734	-108.9544	-108.9544	-76.4613	0.7018	77.5645	0.7124	1.9e-04	0.5267
2735	-108.9623	-108.9623	-76.2838	0.7001	77.7354	0.7138	1.9e-04	0.5250
2736	-108.9683	-108.9683	-76.3877	0.7010	77.6557	0.7131	1.9e-04	0.5236
2737	-108.9763	-108.9763	-76.1013	0.6983	77.9478	0.7158	1.9e-04	0.5248
2738	-108.9688	-108.9688	-76.2861	0.7001	77.7608	0.7141	1.9e-04	0.5236
2739	-108.9691	-108.9691	-77.1492	0.7080	76.8946	0.7062	1.9e-04	0.5257
2740	-108.9758	-108.9758	-77.5786	0.7119	76.4803	0.7023	1.9e-04	0.5250
2741	-108.9653	-108.9653	-77.0911	0.7075	76.9611	0.7067	1.9e-04	0.5264
2742	-108.9785	-108.9785	-76.5309	0.7023	77.5229	0.7119	1.9e-04	0.5249
2743	-108.9735	-108.9735	-76.6770	0.7036	77.3685	0.7105	1.9e-04	0.5260
2744	-108.9783	-108.9783	-77.3578	0.7098	76.7081	0.7044	1.9e-04	0.5254
2745	-108.9678	-108.9678	-76.5465	0.7025	77.5100	0.7117	1.9e-04	0.5261
2746	-108.9586	-108.9586	-77.5525	0.7118	76.4795	0.7024	1.9e-04	0.5263
2747	-108.9624	-108.9624	-75.8127	0.6958	78.1613	0.7178	1.9e-04	0.5259
2748	-108.9799	-108.9799	-77.2513	0.7089	76.7986	0.7053	1.9e-04	0.5270
2749	-108.9560	-108.9560	-76.4571	0.7017	77.5429	0.7122	1.9e-04	0.5252
2750	-108.9610	-108.9610	-76.1779	0.6991	77.8566	0.7150	1.9e-04	0.5257
2751	-108.9652	-108.9652	-76.0037	0.6975	78.0115	0.7165	1.9e-04	0.5276
2752	-108.9785	-108.9785	-76.8772	0.7054	77.1837	0.7088	1.9e-04	0.5270
2753	-108.9635	-108.9635	-75.9920	0.6974	78.0514	0.7167	1.9e-04	0.5269
2754	-108.9570	-108.9570	-75.7276	0.6950	78.2839	0.7190	1.9e-04	0.5259
2755	-108.9590	-108.9590	-76.4952	0.7021	77.5451	0.7121	1.9e-04	0.5246
2756	-108.9726	-108.9726	-76.2270	0.6995	77.8085	0.7145	1.9e-04	0.5257
2757	-108.9631	-108.9631	-77.0796	0.7074	76.9544	0.7067	1.9e-04	0.5254
2758	-108.9723	-108.9723	-76.5325	0.7023	77.5147	0.7119	1.9e-04	0.5250
2759	-108.9680	-108.9680	-76.4560	0.7016	77.5919	0.7125	1.9e-04	0.5269
2760	-108.9553	-108.9553	-75.8420	0.6961	78.1734	0.7180	1.9e-04	0.5244
2761	-108.9751	-108.9751	-77.0784	0.7073	76.9645	0.7068	1.9e-04	0.5265
2762	-108.9600	-108.9600	-77.6098	0.7123	76.4183	0.7019	1.9e-04	0.5242
2763	-108.9560	-108.9560	-76.9454	0.7062	77.0888	0.7080	1.9e-04	0.5271
2764	-108.9744	-108.9744	-77.1154	0.7076	76.9233	0.7064	1.9e-04	0.5245
2765	-108.9643	-108.9643	-76.8394	0.7052	77.2048	0.7090	1.9e-04	0.5243
2766	-108.9574	-108.9574	-77.2495	0.7090	76.7747	0.7050	1.9e-04	0.5267
2767	-108.9573	-108.9573	-77.3250	0.7097	76.7038	0.7045	1.9e-04	0.5251
2768	-108.9457	-108.9457	-77.5466	0.7118	76.4623	0.7022	1.9e-04	0.5270
2769	-108.9457	-108.9457	-77.6475	0.7127	76.3704	0.7014	1.9e-04	0.5256
2770	-108.9630	-108.9630	-76.9010	0.7058	77.1608	0.7085	1.9e-04	0.5265
2771	-108.9566	-108.9566	-76.9025	0.7058	77.1296	0.7084	1.9e-04	0.5251
2772	-108.9580	-108.9580	-76.9129	0.7059	77.1197	0.7083	1.9e-04	0.5269
2773	-108.9650	-108.9650	-77.2456	0.7089	76.7997	0.7052	1.9e-04	0.5243
2774	-108.9810	-108.9810	-77.2200	0.7086	76.8480	0.7056	1.9e-04	0.5265
2775	-108.9602	-108.9602	-76.9728	0.7064	77.0760	0.7078	1.9e-04	0.5233
2776	-108.9330	-108.9330	-77.7771	0.7140	76.2209	0.7001	1.9e-04	0.5254
2777	-108.9485	-108.9485	-77.7295	0.7135	76.2902	0.7007	1.9e-04	0.5254
2778	-108.9679	-108.9679	-77.2331	0.7088	76.8211	0.7054	1.9e-04	0.5333
2779	-108.9632	-108.9632	-76.8218	0.7050	77.2159	0.7091	1.9e-04	0.5244
2780	-108.9580	-108.9580	-76.8684	0.7055	77.1246	0.7083	1.9e-04	0.5253
2781	-108.9678	-108.9678	-78.1001	0.7167	75.9384	0.6973	1.9e-04	0.5269
2782	-108.9770	-108.9770	-76.8800	0.7055	77.1802	0.7087	1.9e-04	0.5258
2783	-108.9542	-108.9542	-77.1648	0.7082	76.8668	0.7060	1.9e-04	0.5257
2784	-108.9631	-108.9631	-76.2950	0.7002	77.7357	0.7139	1.9e-04	0.5249
2785	-108.9521	-108.9521	-76.4623	0.7018	77.5661	0.7124	1.9e-04	0.5254
2786	-108.9627	-108.9627	-77.1455	0.7080	76.9009	0.7062	1.9e-04	0.5268
2787	-108.9701	-108.9701	-76.1629	0.6989	77.8461	0.7150	1.9e-04	0.5254
2788	-108.9504	-108.9504	-76.4982	0.7021	77.5185	0.7119	1.9e-04	0.5266
2789	-108.9627	-108.9627	-76.9031	0.7058	77.1254	0.7083	1.9e-04	0.5252
2790	-108.9705	-108.9706	-75.7957	0.6956	78.2369	0.7185	1.9e-04	0.5255
2791	-108.9636	-108.9636	-76.0228	0.6977	77.9961	0.7164	1.9e-04	0.5274
2792	-108.9543	-108.9543	-76.8829	0.7056	77.1405	0.7083	1.9e-04	0.5251
2793	-108.9670	-108.9670	-75.6972	0.6947	78.3339	0.7193	1.9e-04	0.5244
2794	-108.9565	-108.9565	-76.5806	0.7029	77.4156	0.7109	1.9e-04	0.5259
2795	-108.9572	-108.9573	-75.2869	0.6910	78.7139	0.7228	1.9e-04	0.5274
2796	-108.9596	-108.9599	-74.4351	0.6831	79.5172	0.7303	1.9e-04	0.5270
2797	-108.9470	-108.9470	-75.3924	0.6920	78.5977	0.7218	1.9e-04	0.5257
2798	-108.9529	-108.9531	-74.6881	0.6855	79.2780	0.7281	1.9e-04	0.5246
2799	-108.9671	-108.9672	-75.2403	0.6905	78.7739	0.7233	1.9e-04	0.5247
2800	-108.9585	-108.9586	-75.2856	0.6910	78.7136	0.7229	1.9e-04	0.5277
2801	-108.9473	-108.9473	-75.3561	0.6917	78.6262	0.7221	1.9e-04	0.5244
2802	-108.9611	-108.9612	-75.4714	0.6926	78.5347	0.7212	1.9e-04	0.5256
2803	-108.9552	-108.9552	-75.7455	0.6952	78.2645	0.7188	1.9e-04	0.5264
2804	-108.9586	-108.9586	-75.9625	0.6972	78.0596	0.7169	1.9e-04	0.5263
2805	-108.9743	-108.9743	-75.8159	0.6957	78.2292	0.7183	1.9e-04	0.5252
2806	-108.9670	-108.9670	-76.6919	0.7038	77.3540	0.7104	1.9e-04	0.5251
2807	-108.9594	-108.9594	-77.4095	0.7104	76.6258	0.7037	1.9e-04	0.5276
2808	-108.9711	-108.9711	-76.2216	0.6995	77.8301	0.7147	1.9e-04	0.5257
2809	-108.9557	-108.9557	-76.1171	0.6986	77.8930	0.7154	1.9e-04	0.5267
2810	-108.9662	-108.9663	-75.7783	0.6954	78.2501	0.7186	1.9e-04	0.5249
2811	-108.9704	-108.9704	-76.0341	0.6977	78.0074	0.7163	1.9e-04	0.5261
2812	-108.9766	-108.9767	-75.4657	0.6925	78.5354	0.7211	1.9e-04	0.5262
2813	-108.9506	-108.9506	-76.4641	0.7018	77.5587	0.7124	1.9e-04	0.5249
2814	-108.9713	-108.9714	-75.6036	0.6938	78.4310	0.7202	1.9e-04	0.5260
2815	-108.9664	-108.9664	-77.2930	0.7093	76.7562	0.7049	1.9e-04	0.5254
2816	-108.9593	-108.9593	-77.0193	0.7069	77.0145	0.7073	1.9e-04	0.5261
2817	-108.9656	-108.9656	-75.6200	0.6940	78.4073	0.7199	1.9e-04	0.5251
2818	-108.9558	-108.9558	-77.2508	0.7090	76.7791	0.7051	1.9e-04	0.5263
2819	-108.9487	-108.9487	-76.8047	0.7050	77.2217	0.7092	1.9e-04	0.5251
2820	-108.9730	-108.9730	-76.2621	0.6998	77.7846	0.7143	1.9e-04	0.5254
2821	-108.9675	-108.9675	-76.5736	0.7027	77.4768	0.7114	1.9e-04	0.5248
2822	-108.9677	-108.9677	-77.1357	0.7079	76.9009	0.7062	1.9e-04	0.5243
2823	-108.9911	-108.9911	-76.7336	0.7040	77.3403	0.7100	1.9e-04	0.5271
2824	-108.9566	-108.9566	-77.5762	0.7120	76.4419	0.7021	1.9e-04	0.5230
2825	-108.9614	-108.9614	-76.4930	0.7020	77.5472	0.7121	1.9e-04	0.5242
2826	-108.9761	-108.9761	-76.4176	0.7012	77.6401	0.7129	1.9e-04	0.5273
2827	-108.9758	-108.9758	-76.7519	0.7043	77.3099	0.7099	1.9e-04	0.5238
2828	-108.9617	-108.9617	-77.1240	0.7078	76.9229	0.7064	1.9e-04	0.5265
2829	-108.9618	-108.9618	-78.1624	0.7173	75.8554	0.6967	1.9e-04	0.5254
2830	-108.9461	-108.9461	-78.4473	0.7201	75.5453	0.6938	1.9e-04	0.5240
2831	-108.9583	-108.9583	-78.4228	0.7198	75.5990	0.6942	1.9e-04	0.5275
2832	-108.9673	-108.9673	-77.4008	0.7103	76.6352	0.7038	1.9e-04	0.5248
2833	-108.9593	-108.9593	-77.7709	0.7138	76.2475	0.7003	1.9e-04	0.5247
2834	-108.9593	-108.9593	-77.2665	0.7091	76.7645	0.7050	1.9e-04	0.5248
2835	-108.9783	-108.9783	-76.9797	0.7064	77.0921	0.7078	1.9e-04	0.5270
2836	-108.9626	-108.9626	-77.8173	0.7142	76.2149	0.7000	1.9e-04	0.5246
2837	-108.9592	-108.9592	-76.6121	0.7031	77.4271	0.7110	1.9e-04	0.5250
2838	-108.9676	-108.9676	-77.4124	0.7104	76.6260	0.7037	1.9e-04	0.5254
2839	-108.9563	-108.9563	-77.4858	0.7112	76.5498	0.7030	1.9e-04	0.5267
2840	-108.9784	-108.9784	-77.2787	0.7091	76.7847	0.7051	1.9e-04	0.5277
2841	-108.9617	-108.9617	-77.2160	0.7087	76.8242	0.7056	1.9e-04	0.5260
2842	-108.9737	-108.9737	-77.1678	0.7081	76.8931	0.7060	1.9e-04	0.5259
2843	-108.9686	-108.9686	-77.3107	0.7095	76.7040	0.7044	1.9e-04	0.5241
2844	-108.9683	-108.9683	-77.4769	0.7110	76.5659	0.7032	1.9e-04	0.5245
2845	-108.9653	-108.9653	-78.3143	0.7187	75.6893	0.6952	1.9e-04	0.5270
2846	-108.9632	-108.9632	-78.0346	0.7162	76.0068	0.6979	1.9e-04	0.5248
2847	-108.9458	-108.9458	-77.2855	0.7094	76.7441	0.7048	1.9e-04	0.5270
2848	-108.9668	-108.9668	-77.5743	0.7119	76.4670	0.7022	1.9e-04	0.5237
2849	-108.9592	-108.9592	-76.6324	0.7033	77.3832	0.7107	1.9e-04	0.5253
2850	-108.9746	-108.9746	-77.5885	0.7120	76.4637	0.7022	1.9e-04	0.5255
2851	-108.9564	-108.9564	-78.4833	0.7203	75.5239	0.6935	1.9e-04	0.5261
2852	-108.9671	-108.9671	-77.8225	0.7142	76.1999	0.6997	1.9e-04	0.5241
2853	-108.9670	-108.9670	-77.7498	0.7135	76.2989	0.7006	1.9e-04	0.5244
2854	-108.9557	-108.9557	-78.1625	0.7174	75.8533	0.6967	1.9e-04	0.5279
2855	-108.9685	-108.9685	-78.2039	0.7177	75.8365	0.6964	1.9e-04	0.5251
2856	-108.9502	-108.9502	-78.1164	0.7170	75.8875	0.6970	1.9e-04	0.5251
2857	-108.9491	-108.9491	-77.9757	0.7157	76.0388	0.6984	1.9e-04	0.5242
2858	-108.9690	-108.9690	-78.4100	0.7196	75.6238	0.6944	1.9e-04	0.5244
2859	-108.9539	-108.9539	-77.2896	0.7094	76.7500	0.7048	1.9e-04	0.5253
2860	-108.9557	-108.9557	-78.0570	0.7164	75.9725	0.6977	1.9e-04	0.5247
2861	-108.9592	-108.9592	-77.5450	0.7117	76.4799	0.7024	1.9e-04	0.5272
2862	-108.9762	-108.9762	-77.8326	0.7142	76.2157	0.6999	1.9e-04	0.5265
2863	-108.9486	-108.9486	-77.9290	0.7153	76.0987	0.6988	1.9e-04	0.5281
2864	-108.9548	-108.9548	-77.9096	0.7151	76.1187	0.6990	1.9e-04	0.5244
2865	-108.9833	-108.9833	-77.7640	0.7135	76.2779	0.7004	1.9e-04	0.5267
2866	-108.9577	-108.9577	-76.7885	0.7048	77.2530	0.7094	1.9e-04	0.5262
2867	-108.9685	-108.9685	-77.7371	0.7134	76.2596	0.7004	1.9e-04	0.5271
2868	-108.9578	-108.9578	-77.7910	0.7140	76.2445	0.7002	1.9e-04	0.5252
2869	-108.9567	-108.9567	-77.7073	0.7132	76.3183	0.7010	1.9e-04	0.5242
2870	-108.9697	-108.9697	-77.3528	0.7099	76.6932	0.7042	1.9e-04	0.5264
2871	-108.9786	-108.9786	-77.1265	0.7077	76.9434	0.7065	1.9e-04	0.5245
2872	-108.9535	-108.9535	-76.4910	0.7021	77.5387	0.7121	1.9e-04	0.5268
2873	-108.9534	-108.9534	-77.9061	0.7150	76.1104	0.6991	1.9e-04	0.5252
2874	-108.9529	-108.9529	-77.3225	0.7097	76.7144	0.7045	1.9e-04	0.5247
2875	-108.9598	-108.9598	-77.7360	0.7134	76.2914	0.7007	1.9e-04	0.5252
2876	-108.9594	-108.9594	-77.4044	0.7104	76.6264	0.7038	1.9e-04	0.5255
2877	-108.9662	-108.9662	-77.9182	0.7151	76.1021	0.6989	1.9e-04	0.5245
2878	-108.9631	-108.9631	-77.1799	0.7083	76.8555	0.7058	1.9e-04	0.5255
2879	-108.9532	-108.9532	-77.9932	0.7158	76.0244	0.6981	1.9e-04	0.5245
2880	-108.9669	-108.9669	-78.3887	0.7194	75.6438	0.6946	1.9e-04	0.5241
2881	-108.9553	-108.9553	-77.7395	0.7135	76.2916	0.7006	1.9e-04	0.5243
2882	-108.9558	-108.9558	-77.7316	0.7134	76.3024	0.7007	1.9e-04	0.5252
2883	-108.9467	-108.9467	-78.2288	0.7180	75.7807	0.6960	1.9e-04	0.5271
2884	-108.9566	-108.9566	-78.4144	0.7197	75.6014	0.6943	1.9e-04	0.5249
2885	-108.9425	-108.9425	-77.9145	0.7152	76.0876	0.6988	1.9e-04	0.5264
2886	-108.9544	-108.9544	-77.1420	0.7080	76.8989	0.7062	1.9e-04	0.5249
2887	-108.9715	-108.9715	-77.6082	0.7122	76.4345	0.7020	1.9e-04	0.5266
2888	-108.9627	-108.9627	-76.8252	0.7051	77.1800	0.7088	1.9e-04	0.5245
2889	-108.9618	-108.9618	-78.2063	0.7177	75.8215	0.6963	1.9e-04	0.5256
2890	-108.9613	-108.9613	-78.5642	0.7210	75.4497	0.6929	1.9e-04	0.5260
2891	-108.9606	-108.9606	-77.9765	0.7156	76.0615	0.6985	1.9e-04	0.5241
2892	-108.9558	-108.9558	-77.9360	0.7153	76.1008	0.6988	1.9e-04	0.5262
2893	-108.9607	-108.9607	-78.5564	0.7210	75.4500	0.6929	1.9e-04	0.5254
2894	-108.9639	-108.9639	-78.1040	0.7168	75.9281	0.6972	1.9e-04	0.5246
2895	-108.9672	-108.9672	-77.7157	0.7132	76.3251	0.7009	1.9e-04	0.5253
2896	-108.9574	-108.9574	-77.9234	0.7152	76.0833	0.6987	1.9e-04	0.5261
2897	-108.9622	-108.9622	-77.9492	0.7154	76.0658	0.6985	1.9e-04	0.5262
2898	-108.9682	-108.9682	-78.5932	0.7212	75.4262	0.6926	1.9e-04	0.5257
2899	-108.9710	-108.9710	-77.4414	0.7107	76.5998	0.7035	1.9e-04	0.5271
2900	-108.9360	-108.9360	-77.8841	0.7150	76.1222	0.6992	1.9e-04	0.5242
2901	-108.9519	-108.9519	-78.3203	0.7189	75.7001	0.6952	1.9e-04	0.5260
2902	-108.9544	-108.9544	-78.5709	0.7211	75.4375	0.6928	1.9e-04	0.5246
2903	-108.9667	-108.9667	-78.0280	0.7161	76.0069	0.6980	1.9e-04	0.5269
2904	-108.9660	-108.9660	-78.0731	0.7165	75.9494	0.6974	1.9e-04	0.5248
2905	-108.9657	-108.9657	-77.9906	0.7157	76.0213	0.6981	1.9e-04	0.5263
2906	-108.9480	-108.9480	-77.5173	0.7115	76.5114	0.7026	1.9e-04	0.5250
2907	-108.9577	-108.9577	-77.6507	0.7127	76.3879	0.7014	1.9e-04	0.5274
2908	-108.9560	-108.9560	-78.8408	0.7236	75.1506	0.6902	1.9e-04	0.5253
2909	-108.9771	-108.9771	-77.8971	0.7148	76.1624	0.6993	1.9e-04	0.5275
2910	-108.9584	-108.9584	-78.2144	0.7178	75.7923	0.6960	1.9e-04	0.5253
2911	-108.9564	-108.9564	-78.0131	0.7160	76.0181	0.6981	1.9e-04	0.5282
2912	-108.9676	-108.9676	-78.9066	0.7241	75.0904	0.6896	1.9e-04	0.5245
2913	-108.9572	-108.9572	-78.2222	0.7179	75.8059	0.6961	1.9e-04	0.5246
2914	-108.9590	-108.9590	-76.9141	0.7059	77.1297	0.7083	1.9e-04	0.5273
2915	-108.9502	-108.9502	-79.2873	0.7277	74.6752	0.6858	1.9e-04	0.5269
2916	-108.9688	-108.9688	-78.2055	0.7177	75.8176	0.6964	1.9e-04	0.5240
2917	-108.9680	-108.9680	-77.9104	0.7150	76.0838	0.6988	1.9e-04	0.5266
2918	-108.9374	-108.9374	-78.0152	0.7161	75.9942	0.6979	1.9e-04	0.5247
2919	-108.9604	-108.9604	-78.8174	0.7234	75.1811	0.6905	1.9e-04	0.5252
2920	-108.9585	-108.9585	-79.0248	0.7253	74.9443	0.6883	1.9e-04	0.5244
2921	-108.9714	-108.9714	-78.0211	0.7160	76.0273	0.6981	1.9e-04	0.5243
2922	-108.9602	-108.9602	-78.5496	0.7209	75.4542	0.6930	1.9e-04	0.5261
2923	-108.9795	-108.9795	-79.3106	0.7278	74.6807	0.6857	1.9e-04	0.5268
2924	-108.9505	-108.9505	-77.8748	0.7148	76.1558	0.6993	1.9e-04	0.5242
2925	-108.9685	-108.9685	-78.2098	0.7177	75.8266	0.6963	1.9e-04	0.5258
2926	-108.9678	-108.9678	-78.4951	0.7204	75.5305	0.6936	1.9e-04	0.5261
2927	-108.9482	-108.9482	-78.9363	0.7245	75.0420	0.6892	1.9e-04	0.5247
2928	-108.9757	-108.9757	-79.6852	0.7312	74.2838	0.6821	1.9e-04	0.5273
2929	-108.9735	-108.9735	-77.9820	0.7156	76.0557	0.6984	1.9e-04	0.5265
2930	-108.9581	-108.9581	-77.9646	0.7155	76.0604	0.6986	1.9e-04	0.5276
2931	-108.9646	-108.9646	-78.2055	0.7177	75.7857	0.6960	1.9e-04	0.5258
2932	-108.9644	-108.9644	-78.2784	0.7184	75.7470	0.6956	1.9e-04	0.5274
2933	-108.9644	-108.9644	-77.7840	0.7138	76.2586	0.7003	1.9e-04	0.5252
2934	-108.9624	-108.9624	-78.0434	0.7162	75.9799	0.6977	1.9e-04	0.5264
2935	-108.9777	-108.9777	-78.6515	0.7217	75.3854	0.6922	1.9e-04	0.5255
2936	-108.9729	-108.9729	-78.2474	0.7180	75.7838	0.6960	1.9e-04	0.5246
2937	-108.9609	-108.9609	-78.4998	0.7204	75.5244	0.6935	1.9e-04	0.5271
2938	-108.9732	-108.9732	-78.3824	0.7193	75.6544	0.6947	1.9e-04	0.5242
2939	-108.9736	-108.9736	-78.2835	0.7184	75.7298	0.6954	1.9e-04	0.5250
2940	-108.9781	-108.9781	-78.9431	0.7244	75.0637	0.6894	1.9e-04	0.5254
2941	-108.9768	-108.9768	-78.7841	0.7229	75.2109	0.6908	1.9e-04	0.5251
2942	-108.9572	-108.9572	-78.4051	0.7196	75.6185	0.6944	1.9e-04	0.5267
2943	-108.9802	-108.9802	-78.5397	0.7207	75.4912	0.6932	1.9e-04	0.5252
2944	-108.9556	-108.9556	-79.2848	0.7277	74.6905	0.6859	1.9e-04	0.5245
2945	-108.9749	-108.9749	-80.0874	0.7349	73.8464	0.6781	1.9e-04	0.5269
2946	-108.9597	-108.9597	-79.3921	0.7286	74.5766	0.6849	1.9e-04	0.5259
2947	-108.9590	-108.9590	-79.2441	0.7273	74.7248	0.6862	1.9e-04	0.5242
2948	-108.9629	-108.9629	-79.6492	0.7310	74.2972	0.6824	1.9e-04	0.5272
2949	-108.9583	-108.9583	-79.1100	0.7261	74.8607	0.6875	1.9e-04	0.5262
2950	-108.9632	-108.9632	-79.2030	0.7269	74.7749	0.6867	1.9e-04	0.5260
2951	-108.9592	-108.9592	-79.3870	0.7286	74.5768	0.6849	1.9e-04	0.5255
2952	-108.9604	-108.9604	-79.0957	0.7259	74.8846	0.6877	1.9e-04	0.5239
2953	-108.9564	-108.9564	-79.7097	0.7316	74.2307	0.6817	1.9e-04	0.5257
2954	-108.9542	-108.9542	-80.1784	0.7359	73.7276	0.6771	1.9e-04	0.5252
2955	-108.9630	-108.9630	-79.3631	0.7283	74.6070	0.6852	1.9e-04	0.5243
2956	-108.9653	-108.9653	-78.9410	0.7245	75.0548	0.6893	1.9e-04	0.5265
2957	-108.9618	-108.9618	-79.2991	0.7278	74.6667	0.6858	1.9e-04	0.5273
2958	-108.9622	-108.9622	-79.4972	0.7296	74.4629	0.6839	1.9e-04	0.5257
2959	-108.9494	-108.9494	-80.0760	0.7350	73.8152	0.6780	1.9e-04	0.5236
2960	-108.9563	-108.9563	-78.8652	0.7238	75.1291	0.6899	1.9e-04	0.5253
2961	-108.9556	-108.9556	-79.0165	0.7252	74.9645	0.6885	1.9e-04	0.5268
2962	-108.9575	-108.9575	-79.1581	0.7265	74.8079	0.6870	1.9e-04	0.5264
2963	-108.9625	-108.9625	-79.2655	0.7275	74.7146	0.6862	1.9e-04	0.5285
2964	-108.9566	-108.9566	-78.5863	0.7213	75.4273	0.6927	1.9e-04	0.5256
2965	-108.9606	-108.9606	-79.4427	0.7291	74.5167	0.6844	1.9e-04	0.5255
2966	-108.9623	-108.9623	-79.5843	0.7304	74.3345	0.6826	1.9e-04	0.5262
2967	-108.9652	-108.9652	-79.5585	0.7301	74.3307	0.6827	1.9e-04	0.5257
2968	-108.9529	-108.9529	-78.4062	0.7196	75.5980	0.6943	1.9e-04	0.5262
2969	-108.9676	-108.9676	-79.6689	0.7311	74.2805	0.6822	1.9e-04	0.5232
2970	-108.9488	-108.9488	-79.2906	0.7278	74.6771	0.6858	1.9e-04	0.5269
2971	-108.9459	-108.9459	-78.6705	0.7221	75.3218	0.6918	1.9e-04	0.5254
2972	-108.9670	-108.9670	-78.4428	0.7199	75.5825	0.6941	1.9e-04	0.5234
2973	-108.9539	-108.9539	-78.9878	0.7250	74.9910	0.6887	1.9e-04	0.5245
2974	-108.9483	-108.9483	-78.9174	0.7244	75.0627	0.6894	1.9e-04	0.5269
2975	-108.9627	-108.9627	-79.2739	0.7275	74.7002	0.6860	1.9e-04	0.5250
2976	-108.9654	-108.9654	-79.2478	0.7273	74.7211	0.6862	1.9e-04	0.5265
2977	-108.9703	-108.9703	-78.2033	0.7177	75.7785	0.6959	1.9e-04	0.5253
2978	-108.9524	-108.9524	-78.8456	0.7237	75.1555	0.6901	1.9e-04	0.5255
2979	-108.9616	-108.9616	-78.2654	0.7183	75.7563	0.6957	1.9e-04	0.5260
2980	-108.9538	-108.9538	-78.2188	0.7179	75.8026	0.6961	1.9e-04	0.5267
2981	-108.9698	-108.9698	-78.6565	0.7218	75.3487	0.6920	1.9e-04	0.5253
2982	-108.9698	-108.9698	-78.5527	0.7209	75.4743	0.6930	1.9e-04	0.5255
2983	-108.9605	-108.9605	-78.4824	0.7203	75.5390	0.6937	1.9e-04	0.5256
2984	-108.9485	-108.9485	-78.1793	0.7176	75.8415	0.6965	1.9e-04	0.5256
2985	-108.9538	-108.9538	-78.7805	0.7231	75.2138	0.6908	1.9e-04	0.5273
2986	-108.9608	-108.9608	-77.5971	0.7122	76.4387	0.7020	1.9e-04	0.5252
2987	-108.9567	-108.9567	-78.1276	0.7171	75.8707	0.6968	1.9e-04	0.5257
2988	-108.9815	-108.9815	-77.7013	0.7130	76.3653	0.7012	1.9e-04	0.5250
2989	-108.9638	-108.9638	-78.3645	0.7192	75.6598	0.6948	1.9e-04	0.5271
2990	-108.9574	-108.9574	-78.5322	0.7208	75.4789	0.6932	1.9e-04	0.5258
2991	-108.9631	-108.9631	-78.0649	0.7164	75.9534	0.6975	1.9e-04	0.5253
2992	-108.9643	-108.9643	-78.0355	0.7162	76.0046	0.6979	1.9e-04	0.5263
2993	-108.9797	-108.9797	-78.0675	0.7163	75.9782	0.6977	1.9e-04	0.5256
2994	-108.9803	-108.9803	-78.1252	0.7169	75.9235	0.6972	1.9e-04	0.5245
2995	-108.9577	-108.9577	-78.4805	0.7203	75.5270	0.6936	1.9e-04	0.5262
2996	-108.9520	-108.9520	-78.1812	0.7176	75.8386	0.6965	1.9e-04	0.5254
2997	-108.9652	-108.9652	-77.5522	0.7117	76.4451	0.7020	1.9e-04	0.5249
2998	-108.9636	-108.9636	-77.6787	0.7129	76.3442	0.7012	1.9e-04	0.5252
2999	-108.9694	-108.9694	-78.4850	0.7202	75.5352	0.6936	1.9e-04	0.5257
3000	-108.9558	-108.9558	-77.8774	0.7148	76.1494	0.6993	1.9e-04	0.5252
3001	-108.9651	-108.9651	-78.1906	0.7176	75.8484	0.6964	1.9e-04	0.5227
3002	-108.9535	-108.9535	-78.6345	0.7217	75.3736	0.6922	1.9e-04	0.5254
3003	-108.9495	-108.9495	-78.3616	0.7192	75.6383	0.6947	1.9e-04	0.5253
3004	-108.9669	-108.9669	-77.9136	0.7150	76.1094	0.6989	1.9e-04	0.5256
3005	-108.9626	-108.9626	-78.6058	0.7214	75.4174	0.6925	1.9e-04	0.5246
3006	-108.9562	-108.9562	-78.7806	0.7230	75.2170	0.6908	1.9e-04	0.5231
3007	-108.9528	-108.9528	-79.0086	0.7252	74.9595	0.6884	1.9e-04	0.5257
3008	-108.9597	-108.9597	-78.0593	0.7164	75.9698	0.6977	1.9e-04	0.5244
3009	-108.9525	-108.9525	-78.5323	0.7208	75.4690	0.6931	1.9e-04	0.5248
3010	-108.9503	-108.9503	-80.1113	0.7353	73.7871	0.6777	1.9e-04	0.5273
3011	-108.9531	-108.9531	-78.5378	0.7208	75.4659	0.6931	1.9e-04	0.5247
3012	-108.9626	-108.9626	-79.5524	0.7301	74.4093	0.6833	1.9e-04	0.5256
3013	-108.9656	-108.9656	-79.1216	0.7261	74.8628	0.6875	1.9e-04	0.5257
3014	-108.9456	-108.9456	-79.2680	0.7276	74.6999	0.6860	1.9e-04	0.5244
3015	-108.9702	-108.9702	-79.4268	0.7289	74.5462	0.6845	1.9e-04	0.5259
3016	-108.9690	-108.9690	-79.1839	0.7267	74.8072	0.6870	1.9e-04	0.5256
3017	-108.9802	-108.9802	-78.1495	0.7171	75.8806	0.6967	1.9e-04	0.5250
3018	-108.9698	-108.9698	-78.0819	0.7165	75.9587	0.6975	1.9e-04	0.5245
3019	-108.9605	-108.9605	-78.3224	0.7188	75.6940	0.6951	1.9e-04	0.5251
3020	-108.9649	-108.9649	-79.4573	0.7292	74.5169	0.6842	1.9e-04	0.5258
3021	-108.9654	-108.9654	-80.1041	0.7351	73.8215	0.6779	1.9e-04	0.5257
3022	-108.9725	-108.9725	-79.2317	0.7271	74.7578	0.6866	1.9e-04	0.5261
3023	-108.9661	-108.9661	-79.1473	0.7263	74.8072	0.6871	1.9e-04	0.5276
3024	-108.9721	-108.9721	-78.5259	0.7206	75.4735	0.6930	1.9e-04	0.5251
3025	-108.9609	-108.9609	-79.7401	0.7318	74.1961	0.6814	1.9e-04	0.5252
3026	-108.9634	-108.9634	-79.2378	0.7272	74.7530	0.6864	1.9e-04	0.5251
3027	-108.9731	-108.9731	-77.6999	0.7130	76.3536	0.7011	1.9e-04	0.5264
3028	-108.9680	-108.9680	-79.8232	0.7325	74.1264	0.6807	1.9e-04	0.5279
3029	-108.9564	-108.9564	-79.7353	0.7318	74.2100	0.6815	1.9e-04	0.5241
3030	-108.9832	-108.9832	-78.3305	0.7187	75.7209	0.6953	1.9e-04	0.5276
3031	-108.9596	-108.9596	-79.9998	0.7342	73.9025	0.6787	1.9e-04	0.5266
3032	-108.9591	-108.9591	-78.5499	0.7209	75.4465	0.6929	1.9e-04	0.5239
3033	-108.9743	-108.9743	-79.3595	0.7282	74.6156	0.6853	1.9e-04	0.5271
3034	-108.9672	-108.9672	-79.2194	0.7270	74.7634	0.6866	1.9e-04	0.5250
3035	-108.9719	-108.9719	-79.4961	0.7295	74.4819	0.6839	1.9e-04	0.5258
3036	-108.9607	-108.9607	-79.1759	0.7266	74.7796	0.6867	1.9e-04	0.5282
3037	-108.9507	-108.9507	-79.5744	0.7304	74.3763	0.6830	1.9e-04	0.5263
3038	-108.9640	-108.9640	-78.9134	0.7242	75.0820	0.6894	1.9e-04	0.5244
3039	-108.9630	-108.9630	-78.8630	0.7238	75.1478	0.6901	1.9e-04	0.5266
3040	-108.9591	-108.9591	-79.1987	0.7269	74.7716	0.6867	1.9e-04	0.5266
3041	-108.9644	-108.9644	-80.0680	0.7348	73.8654	0.6783	1.9e-04	0.5258
3042	-108.9744	-108.9744	-80.0764	0.7348	73.8461	0.6782	1.9e-04	0.5270
3043	-108.9530	-108.9530	-78.9984	0.7251	74.9708	0.6886	1.9e-04	0.5255
3044	-108.9679	-108.9679	-80.4219	0.7380	73.4806	0.6747	1.9e-04	0.5256
3045	-108.9659	-108.9659	-78.9655	0.7247	75.0276	0.6890	1.9e-04	0.5265
3046	-108.9696	-108.9696	-79.6217	0.7307	74.3339	0.6827	1.9e-04	0.5275
3047	-108.9719	-108.9719	-79.9626	0.7338	73.9593	0.6792	1.9e-04	0.5263
3048	-108.9773	-108.9773	-79.0318	0.7252	74.9581	0.6885	1.9e-04	0.5260
3049	-108.9510	-108.9510	-79.5049	0.7297	74.4334	0.6837	1.9e-04	0.5268
3050	-108.9603	-108.9603	-79.4251	0.7289	74.5429	0.6846	1.9e-04	0.5255
3051	-108.9840	-108.9840	-78.9377	0.7243	75.0615	0.6893	1.9e-04	0.5248
3052	-108.9641	-108.9641	-79.6446	0.7309	74.3109	0.6824	1.9e-04	0.5280
3053	-108.9706	-108.9706	-79.1138	0.7260	74.8808	0.6877	1.9e-04	0.5262
3054	-108.9668	-108.9668	-79.3043	0.7278	74.6678	0.6858	1.9e-04	0.5258
3055	-108.9673	-108.9673	-79.0757	0.7257	74.9118	0.6880	1.9e-04	0.5256
3056	-108.9694	-108.9694	-78.5022	0.7204	75.5162	0.6935	1.9e-04	0.5251
3057	-108.9514	-108.9514	-79.3480	0.7283	74.5756	0.6849	1.9e-04	0.5267
3058	-108.9639	-108.9639	-79.9640	0.7339	73.9617	0.6793	1.9e-04	0.5249
3059	-108.9534	-108.9534	-78.6341	0.7217	75.3659	0.6921	1.9e-04	0.5260
3060	-108.9586	-108.9586	-78.6194	0.7216	75.3927	0.6924	1.9e-04	0.5258
3061	-108.9582	-108.9582	-80.2094	0.7361	73.6980	0.6768	1.9e-04	0.5248
3062	-108.9539	-108.9539	-78.9456	0.7246	75.0304	0.6892	1.9e-04	0.5244
3063	-108.9518	-108.9518	-79.2044	0.7270	74.7480	0.6865	1.9e-04	0.5261
3064	-108.9686	-108.9686	-78.4566	0.7200	75.5539	0.6940	1.9e-04	0.5244
3065	-108.9686	-108.9686	-78.1965	0.7176	75.8224	0.6963	1.9e-04	0.5243
3066	-108.9572	-108.9572	-78.2514	0.7182	75.7576	0.6958	1.9e-04	0.5280
3067	-108.9675	-108.9675	-79.1363	0.7262	74.8477	0.6874	1.9e-04	0.5261
3068	-108.9590	-108.9590	-79.2282	0.7271	74.7541	0.6865	1.9e-04	0.5275
3069	-108.9706	-108.9706	-79.8095	0.7324	74.0963	0.6805	1.9e-04	0.5258
3070	-108.9659	-108.9659	-78.8608	0.7237	75.1389	0.6900	1.9e-04	0.5257
3071	-108.9627	-108.9627	-79.1956	0.7268	74.7891	0.6868	1.9e-04	0.5265
3072	-108.9695	-108.9695	-79.6700	0.7311	74.2909	0.6822	1.9e-04	0.5252
3073	-108.9546	-108.9546	-77.8389	0.7144	76.1731	0.6996	1.9e-04	0.5279
3074	-108.9771	-108.9771	-78.8294	0.7234	75.1651	0.6903	1.9e-04	0.5240
3075	-108.9500	-108.9500	-80.0618	0.7348	73.8395	0.6782	1.9e-04	0.5246
3076	-108.9558	-108.9558	-79.3090	0.7279	74.6467	0.6856	1.9e-04	0.5255
3077	-108.9687	-108.9687	-78.5413	0.7208	75.4686	0.6932	1.9e-04	0.5254
3078	-108.9619	-108.9619	-78.8225	0.7234	75.1707	0.6904	1.9e-04	0.5256
3079	-108.9614	-108.9614	-77.4700	0.7110	76.5547	0.7032	1.9e-04	0.5268
3080	-108.9567	-108.9567	-78.6432	0.7218	75.3549	0.6921	1.9e-04	0.5265
3081	-108.9594	-108.9594	-78.4396	0.7199	75.5667	0.6941	1.9e-04	0.5257
3082	-108.9687	-108.9687	-77.9431	0.7153	76.0846	0.6988	1.9e-04	0.5270
3083	-108.9569	-108.9569	-77.6248	0.7124	76.3832	0.7015	1.9e-04	0.5258
3084	-108.9638	-108.9638	-78.3733	0.7193	75.6478	0.6947	1.9e-04	0.5260
3085	-108.9714	-108.9714	-77.8983	0.7149	76.1412	0.6992	1.9e-04	0.5256
3086	-108.9726	-108.9726	-78.3584	0.7191	75.6774	0.6949	1.9e-04	0.5274
3087	-108.9673	-108.9673	-78.4076	0.7196	75.6067	0.6944	1.9e-04	0.5261
3088	-108.9483	-108.9483	-78.4508	0.7201	75.5582	0.6939	1.9e-04	0.5251
3089	-108.9629	-108.9629	-77.6781	0.7129	76.3566	0.7013	1.9e-04	0.5248
3090	-108.9669	-108.9669	-77.4600	0.7109	76.5850	0.7033	1.9e-04	0.5269
3091	-108.9576	-108.9576	-78.0186	0.7160	76.0032	0.6980	1.9e-04	0.5265
3092	-108.9612	-108.9612	-77.5054	0.7113	76.5168	0.7029	1.9e-04	0.5276
3093	-108.9789	-108.9789	-78.2868	0.7184	75.7551	0.6957	1.9e-04	0.5275
3094	-108.9605	-108.9605	-78.0028	0.7159	76.0227	0.6982	1.9e-04	0.5305
3095	-108.9549	-108.9549	-78.8613	0.7238	75.1179	0.6900	1.9e-04	0.5306
3096	-108.9623	-108.9623	-78.0027	0.7159	76.0292	0.6982	1.9e-04	0.5257
3097	-108.9667	-108.9667	-78.9112	0.7242	75.0473	0.6893	1.9e-04	0.5271
3098	-108.9600	-108.9600	-77.5546	0.7118	76.4709	0.7023	1.9e-04	0.5250
3099	-108.9645	-108.9645	-77.8905	0.7148	76.1425	0.6993	1.9e-04	0.5251
3100	-108.9633	-108.9633	-77.7643	0.7137	76.2640	0.7004	1.9e-04	0.5285
3101	-108.9677	-108.9677	-77.9825	0.7156	76.0472	0.6984	1.9e-04	0.5249
3102	-108.9551	-108.9551	-77.9067	0.7150	76.1048	0.6990	1.9e-04	0.5254
3103	-108.9734	-108.9734	-77.1527	0.7080	76.8925	0.7062	1.9e-04	0.5265
3104	-108.9611	-108.9611	-76.8090	0.7049	77.2255	0.7092	1.9e-04	0.5260
3105	-108.9596	-108.9596	-76.5998	0.7030	77.4282	0.7112	1.9e-04	0.5256
3106	-108.9597	-108.9597	-78.3309	0.7189	75.6783	0.6951	1.9e-04	0.5258
3107	-108.9796	-108.9796	-77.1191	0.7076	76.9281	0.7065	1.9e-04	0.5265
3108	-108.9631	-108.9631	-77.4150	0.7105	76.6278	0.7037	1.8e-04	0.5280
3109	-108.9638	-108.9638	-77.2014	0.7085	76.8357	0.7057	1.8e-04	0.5257
3110	-108.9643	-108.9643	-77.7835	0.7138	76.2509	0.7003	1.8e-04	0.5265
3111	-108.9576	-108.9576	-77.5153	0.7114	76.5138	0.7027	1.8e-04	0.5254
3112	-108.9665	-108.9665	-77.1423	0.7079	76.9034	0.7062	1.8e-04	0.5263
3113	-108.9470	-108.9470	-77.3502	0.7100	76.6670	0.7042	1.8e-04	0.5267
3114	-108.9627	-108.9627	-77.7012	0.7131	76.3185	0.7009	1.8e-04	0.5236
3115	-108.9656	-108.9656	-76.3466	0.7006	77.6875	0.7135	1.8e-04	0.5258
3116	-108.9480	-108.9480	-77.1360	0.7080	76.8782	0.7062	1.8e-04	0.5244
3117	-108.9454	-108.9454	-77.2917	0.7095	76.7289	0.7048	1.8e-04	0.5251
3118	-108.9657	-108.9657	-77.1976	0.7085	76.8397	0.7057	1.8e-04	0.5280
3119	-108.9813	-108.9813	-75.6282	0.6940	78.3934	0.7200	1.8e-04	0.5250
3120	-108.9524	-108.9524	-76.1519	0.6989	77.8610	0.7152	1.8e-04	0.5250
3121	-108.9662	-108.9662	-76.9143	0.7059	77.1259	0.7084	1.8e-04	0.5259
3122	-108.9661	-108.9661	-76.2755	0.7000	77.7606	0.7141	1.8e-04	0.5258
3123	-108.9798	-108.9798	-76.8822	0.7055	77.1856	0.7087	1.8e-04	0.5250
3124	-108.9600	-108.9600	-76.8995	0.7058	77.1358	0.7084	1.8e-04	0.5275
3125	-108.9601	-108.9601	-76.4098	0.7013	77.6072	0.7129	1.8e-04	0.5257
3126	-108.9513	-108.9513	-76.4857	0.7020	77.5356	0.7122	1.8e-04	0.5267
3127	-108.9566	-108.9567	-75.8051	0.6957	78.1920	0.7181	1.8e-04	0.5252
3128	-108.9595	-108.9596	-75.6654	0.6944	78.3304	0.7194	1.8e-04	0.5245
3129	-108.9695	-108.9695	-75.4981	0.6928	78.5065	0.7211	1.8e-04	0.5278
3130	-108.9641	-108.9641	-76.0314	0.6978	77.9982	0.7163	1.8e-04	0.5273
3131	-108.9516	-108.9516	-76.2348	0.6997	77.7727	0.7144	1.8e-04	0.5258
3132	-108.9562	-108.9563	-75.4953	0.6929	78.5018	0.7210	1.8e-04	0.5258
3133	-108.9465	-108.9466	-75.2367	0.6906	78.7475	0.7233	1.8e-04	0.5254
3134	-108.9673	-108.9673	-75.6930	0.6946	78.3282	0.7194	1.8e-04	0.5249
3135	-108.9692	-108.9693	-75.2237	0.6903	78.7664	0.7234	1.8e-04	0.5241
3136	-108.9591	-108.9592	-75.4801	0.6927	78.5204	0.7212	1.8e-04	0.5277
3137	-108.9622	-108.9623	-75.6441	0.6942	78.3602	0.7196	1.8e-04	0.5257
3138	-108.9670	-108.9670	-75.6810	0.6945	78.3433	0.7194	1.8e-04	0.5253
3139	-108.9644	-108.9644	-75.9582	0.6971	78.0642	0.7169	1.8e-04	0.5259
3140	-108.9515	-108.9516	-75.3157	0.6913	78.6720	0.7226	1.8e-04	0.5254
3141	-108.9558	-108.9559	-76.1310	0.6987	77.8682	0.7154	1.8e-04	0.5276
3142	-108.9677	-108.9678	-75.6780	0.6945	78.3445	0.7195	1.8e-04	0.5259
3143	-108.9751	-108.9751	-75.8831	0.6963	78.1460	0.7176	1.8e-04	0.5242
3144	-108.9542	-108.9542	-76.6478	0.7035	77.3655	0.7105	1.8e-04	0.5265
3145	-108.9538	-108.9539	-75.7196	0.6950	78.2806	0.7189	1.8e-04	0.5255
3146	-108.9631	-108.9632	-75.9435	0.6970	78.0765	0.7171	1.8e-04	0.5269
3147	-108.9664	-108.9664	-76.4750	0.7018	77.5642	0.7123	1.8e-04	0.5266
3148	-108.9628	-108.9628	-77.5562	0.7118	76.4749	0.7024	1.8e-04	0.5254
3149	-108.9510	-108.9510	-77.5086	0.7114	76.5076	0.7028	1.8e-04	0.5259
3150	-108.9450	-108.9450	-76.7533	0.7045	77.2586	0.7097	1.8e-04	0.5274
3151	-108.9613	-108.9613	-77.0355	0.7070	77.0026	0.7072	1.8e-04	0.5259
3152	-108.9675	-108.9675	-75.9867	0.6973	78.0423	0.7167	1.8e-04	0.5271
3153	-108.9622	-108.9622	-76.4443	0.7016	77.5994	0.7126	1.8e-04	0.5257
3154	-108.9665	-108.9665	-76.4499	0.7016	77.5841	0.7126	1.8e-04	0.5261
3155	-108.9599	-108.9599	-77.0577	0.7072	76.9647	0.7070	1.8e-04	0.5271
3156	-108.9683	-108.9683	-76.5735	0.7027	77.4476	0.7113	1.8e-04	0.5234
3157	-108.9571	-108.9571	-76.3455	0.7007	77.6701	0.7133	1.8e-04	0.5264
3158	-108.9582	-108.9582	-77.4456	0.7108	76.5690	0.7033	1.8e-04	0.5259
3159	-108.9578	-108.9578	-76.6861	0.7038	77.3391	0.7104	1.8e-04	0.5296
3160	-108.9753	-108.9753	-77.1840	0.7083	76.8728	0.7059	1.8e-04	0.5270
3161	-108.9709	-108.9709	-76.6103	0.7030	77.4310	0.7111	1.8e-04	0.5257
3162	-108.9532	-108.9532	-77.4881	0.7112	76.5274	0.7029	1.8e-04	0.5275
3163	-108.9558	-108.9558	-77.7054	0.7132	76.3192	0.7010	1.8e-04	0.5259
3164	-108.9444	-108.9444	-78.5418	0.7209	75.4269	0.6929	1.8e-04	0.5276
3165	-108.9567	-108.9567	-77.2196	0.7087	76.8132	0.7055	1.8e-04	0.5246
3166	-108.9801	-108.9801	-77.3614	0.7099	76.6811	0.7043	1.8e-04	0.5270
3167	-108.9777	-108.9777	-76.6323	0.7032	77.4082	0.7110	1.8e-04	0.5272
3168	-108.9556	-108.9556	-76.9364	0.7061	77.0929	0.7081	1.8e-04	0.5262
3169	-108.9636	-108.9636	-76.8908	0.7057	77.1537	0.7085	1.8e-04	0.5249
3170	-108.9583	-108.9583	-76.8626	0.7054	77.1709	0.7088	1.8e-04	0.5258
3171	-108.9628	-108.9628	-77.5995	0.7122	76.4338	0.7020	1.8e-04	0.5268
3172	-108.9580	-108.9580	-75.5340	0.6932	78.4639	0.7206	1.8e-04	0.5257
3173	-108.9608	-108.9608	-76.8108	0.7049	77.1993	0.7091	1.8e-04	0.5257
3174	-108.9676	-108.9676	-76.7817	0.7046	77.2470	0.7095	1.8e-04	0.5251
3175	-108.9569	-108.9569	-76.4323	0.7015	77.6025	0.7127	1.8e-04	0.5229
3176	-108.9618	-108.9618	-76.9783	0.7065	77.0286	0.7075	1.8e-04	0.5236
3177	-108.9616	-108.9616	-76.7626	0.7045	77.2592	0.7095	1.8e-04	0.5258
3178	-108.9660	-108.9660	-76.8381	0.7052	77.1648	0.7087	1.8e-04	0.5251
3179	-108.9598	-108.9598	-75.9899	0.6974	78.0144	0.7166	1.8e-04	0.5265
3180	-108.9569	-108.9569	-77.2330	0.7088	76.8062	0.7054	1.8e-04	0.5263
3181	-108.9736	-108.9736	-76.3806	0.7009	77.6619	0.7132	1.8e-04	0.5244
3182	-108.9763	-108.9763	-76.8078	0.7048	77.2365	0.7094	1.8e-04	0.5263
3183	-108.9764	-108.9764	-77.2227	0.7086	76.8305	0.7056	1.8e-04	0.5237
3184	-108.9594	-108.9594	-75.7139	0.6949	78.2921	0.7191	1.8e-04	0.5255
3185	-108.9589	-108.9589	-76.4386	0.7015	77.5907	0.7126	1.8e-04	0.5270
3186	-108.9683	-108.9683	-75.6447	0.6942	78.3383	0.7195	1.8e-04	0.5247
3187	-108.9727	-108.9727	-76.5976	0.7029	77.4303	0.7112	1.8e-04	0.5249
3188	-108.9687	-108.9687	-76.7607	0.7044	77.2767	0.7097	1.8e-04	0.5272
3189	-108.9695	-108.9695	-76.2718	0.6999	77.7639	0.7142	1.8e-04	0.5257
3190	-108.9665	-108.9665	-76.2128	0.6994	77.8269	0.7147	1.8e-04	0.5274
3191	-108.9679	-108.9679	-76.5984	0.7029	77.4128	0.7110	1.8e-04	0.5271
3192	-108.9707	-108.9707	-76.7304	0.7041	77.3171	0.7101	1.8e-04	0.5252
3193	-108.9604	-108.9604	-77.2419	0.7089	76.7831	0.7052	1.8e-04	0.5260
3194	-108.9567	-108.9567	-76.4405	0.7016	77.5714	0.7125	1.8e-04	0.5241
3195	-108.9794	-108.9794	-76.5015	0.7020	77.5515	0.7122	1.8e-04	0.5264
3196	-108.9530	-108.9530	-76.6073	0.7031	77.3749	0.7107	1.8e-04	0.5255
3197	-108.9656	-108.9656	-76.6798	0.7037	77.3531	0.7105	1.8e-04	0.5256
3198	-108.9613	-108.9613	-77.1254	0.7078	76.9006	0.7063	1.8e-04	0.5252
3199	-108.9590	-108.9590	-77.3444	0.7098	76.6581	0.7041	1.8e-04	0.5257
3200	-108.9558	-108.9558	-76.1338	0.6988	77.8716	0.7153	1.8e-04	0.5270
3201	-108.9687	-108.9687	-77.1641	0.7081	76.8810	0.7061	1.8e-04	0.5233
3202	-108.9644	-108.9644	-76.7485	0.7043	77.2588	0.7096	1.8e-04	0.5274
3203	-108.9649	-108.9649	-76.7854	0.7047	77.2526	0.7095	1.8e-04	0.5250
3204	-108.9703	-108.9703	-76.2581	0.6998	77.7737	0.7143	1.8e-04	0.5262
3205	-108.9727	-108.9727	-77.1305	0.7078	76.9068	0.7063	1.8e-04	0.5259
3206	-108.9471	-108.9471	-76.7152	0.7042	77.2886	0.7099	1.8e-04	0.5263
3207	-108.9573	-108.9573	-76.1252	0.6987	77.8746	0.7152	1.8e-04	0.5277
3208	-108.9557	-108.9557	-76.8977	0.7058	77.1218	0.7084	1.8e-04	0.5249
3209	-108.9666	-108.9666	-76.8043	0.7048	77.2402	0.7094	1.8e-04	0.5254
3210	-108.9753	-108.9753	-76.1113	0.6984	77.9144	0.7157	1.8e-04	0.5257
3211	-108.9651	-108.9651	-75.9261	0.6968	78.0885	0.7172	1.8e-04	0.5280
3212	-108.9544	-108.9544	-76.7200	0.7041	77.2967	0.7100	1.8e-04	0.5267
3213	-108.9788	-108.9790	-74.9138	0.6874	79.0649	0.7261	1.8e-04	0.5255
3214	-108.9595	-108.9596	-75.8301	0.6959	78.1659	0.7179	1.8e-04	0.5261
3215	-108.9561	-108.9561	-76.2404	0.6997	77.7726	0.7144	1.8e-04	0.5250
3216	-108.9677	-108.9677	-76.5514	0.7025	77.4576	0.7114	1.8e-04	0.5246
3217	-108.9555	-108.9555	-76.4718	0.7019	77.5548	0.7123	1.8e-04	0.5250
3218	-108.9516	-108.9516	-76.6316	0.7034	77.3944	0.7108	1.8e-04	0.5266
3219	-108.9554	-108.9554	-75.8208	0.6959	78.1639	0.7179	1.8e-04	0.5250
3220	-108.9860	-108.9860	-76.8885	0.7055	77.1670	0.7087	1.8e-04	0.5286
3221	-108.9724	-108.9724	-76.6676	0.7036	77.3751	0.7106	1.8e-04	0.5263
3222	-108.9648	-108.9648	-76.2810	0.7001	77.7456	0.7140	1.8e-04	0.5259
3223	-108.9576	-108.9577	-75.4015	0.6920	78.6014	0.7219	1.8e-04	0.5262
3224	-108.9585	-108.9585	-76.6305	0.7033	77.3994	0.7109	1.8e-04	0.5245
3225	-108.9737	-108.9737	-76.5374	0.7023	77.5041	0.7117	1.8e-04	0.5289
3226	-108.9616	-108.9616	-76.3548	0.7007	77.6677	0.7133	1.8e-04	0.5273
3227	-108.9680	-108.9680	-76.9382	0.7061	77.1128	0.7081	1.8e-04	0.5266
3228	-108.9558	-108.9558	-77.2353	0.7089	76.7901	0.7053	1.8e-04	0.5243
3229	-108.9449	-108.9449	-76.9776	0.7066	77.0400	0.7076	1.8e-04	0.5297
3230	-108.9554	-108.9554	-76.9093	0.7059	77.1228	0.7083	1.8e-04	0.5327
3231	-108.9740	-108.9740	-76.5377	0.7023	77.5016	0.7117	1.8e-04	0.5252
3232	-108.9546	-108.9546	-76.6936	0.7039	77.3315	0.7102	1.8e-04	0.5273
3233	-108.9598	-108.9598	-76.1486	0.6989	77.8543	0.7151	1.8e-04	0.5262
3234	-108.9776	-108.9776	-76.5169	0.7021	77.4893	0.7117	1.8e-04	0.5251
3235	-108.9669	-108.9669	-77.4332	0.7106	76.5722	0.7033	1.8e-04	0.5267
3236	-108.9837	-108.9837	-77.2294	0.7086	76.8384	0.7056	1.8e-04	0.5251
3237	-108.9644	-108.9644	-77.5537	0.7117	76.4849	0.7024	1.8e-04	0.5255
3238	-108.9627	-108.9627	-78.2517	0.7182	75.7700	0.6959	1.8e-04	0.5255
3239	-108.9606	-108.9606	-77.6443	0.7126	76.3847	0.7016	1.8e-04	0.5249
3240	-108.9798	-108.9798	-76.5876	0.7028	77.4596	0.7114	1.8e-04	0.5256
3241	-108.9675	-108.9675	-78.2631	0.7182	75.7510	0.6958	1.8e-04	0.5245
3242	-108.9426	-108.9426	-77.7875	0.7140	76.2166	0.7000	1.8e-04	0.5247
3243	-108.9529	-108.9529	-77.4283	0.7107	76.5870	0.7034	1.8e-04	0.5247
3244	-108.9581	-108.9581	-78.4521	0.7200	75.5495	0.6939	1.8e-04	0.5250
3245	-108.9639	-108.9639	-77.1472	0.7080	76.8951	0.7062	1.8e-04	0.5255
3246	-108.9694	-108.9694	-77.0850	0.7074	76.9557	0.7068	1.8e-04	0.5271
3247	-108.9472	-108.9472	-77.9282	0.7153	76.0798	0.6988	1.8e-04	0.5255
3248	-108.9642	-108.9642	-78.0997	0.7167	75.9341	0.6973	1.8e-04	0.5247
3249	-108.9657	-108.9657	-77.6347	0.7125	76.3985	0.7016	1.8e-04	0.5288
3250	-108.9740	-108.9740	-77.5845	0.7120	76.4538	0.7021	1.8e-04	0.5267
3251	-108.9760	-108.9760	-78.0471	0.7162	75.9923	0.6979	1.8e-04	0.5254
3252	-108.9594	-108.9594	-77.9020	0.7150	76.1225	0.6991	1.8e-04	0.5260
3253	-108.9531	-108.9531	-77.7732	0.7138	76.2414	0.7003	1.8e-04	0.5259
3254	-108.9662	-108.9662	-77.3060	0.7094	76.7327	0.7048	1.8e-04	0.5239
3255	-108.9609	-108.9609	-77.8364	0.7144	76.1853	0.6998	1.8e-04	0.5241
3256	-108.9529	-108.9529	-78.4733	0.7203	75.4924	0.6933	1.8e-04	0.5258
3257	-108.9751	-108.9751	-78.4969	0.7203	75.5252	0.6936	1.8e-04	0.5251
3258	-108.9650	-108.9650	-77.9898	0.7157	76.0372	0.6984	1.8e-04	0.5249
3259	-108.9561	-108.9561	-77.3660	0.7101	76.6613	0.7041	1.8e-04	0.5249
3260	-108.9641	-108.9641	-78.2131	0.7178	75.7901	0.6962	1.8e-04	0.5260
3261	-108.9630	-108.9630	-77.8480	0.7144	76.1811	0.6997	1.8e-04	0.5283
3262	-108.9373	-108.9373	-78.1197	0.7171	75.8523	0.6968	1.8e-04	0.5256
3263	-108.9793	-108.9793	-77.8731	0.7146	76.1437	0.6993	1.8e-04	0.5256
3264	-108.9521	-108.9521	-77.8536	0.7146	76.1646	0.6996	1.8e-04	0.5271
3265	-108.9786	-108.9786	-78.1824	0.7174	75.8609	0.6967	1.8e-04	0.5265
3266	-108.9544	-108.9544	-78.2110	0.7178	75.8071	0.6962	1.8e-04	0.5262
3267	-108.9532	-108.9532	-76.8709	0.7055	77.1435	0.7086	1.8e-04	0.5275
3268	-108.9617	-108.9617	-77.3412	0.7098	76.6945	0.7044	1.8e-04	0.5261
3269	-108.9572	-108.9572	-78.2067	0.7178	75.7953	0.6962	1.8e-04	0.5264
3270	-108.9657	-108.9657	-77.5029	0.7113	76.5280	0.7028	1.8e-04	0.5265
3271	-108.9719	-108.9719	-78.0171	0.7159	76.0211	0.6982	1.8e-04	0.5255
3272	-108.9627	-108.9627	-77.8526	0.7145	76.1731	0.6996	1.8e-04	0.5245
3273	-108.9742	-108.9742	-77.7625	0.7136	76.2659	0.7005	1.8e-04	0.5258
3274	-108.9499	-108.9499	-77.9121	0.7151	76.0958	0.6989	1.8e-04	0.5258
3275	-108.9686	-108.9686	-77.2412	0.7088	76.7875	0.7053	1.8e-04	0.5255
3276	-108.9600	-108.9600	-78.4188	0.7197	75.5544	0.6940	1.8e-04	0.5260
3277	-108.9748	-108.9748	-77.6491	0.7125	76.3911	0.7016	1.8e-04	0.5253
3278	-108.9607	-108.9607	-77.8753	0.7147	76.1521	0.6994	1.8e-04	0.5246
3279	-108.9650	-108.9650	-78.3656	0.7192	75.6497	0.6948	1.8e-04	0.5269
3280	-108.9495	-108.9495	-76.8690	0.7055	77.1532	0.7087	1.8e-04	0.5254
3281	-108.9621	-108.9621	-77.6868	0.7130	76.3418	0.7012	1.8e-04	0.5253
3282	-108.9560	-108.9560	-76.8419	0.7053	77.1803	0.7088	1.8e-04	0.5261
3283	-108.9559	-108.9559	-76.8679	0.7055	77.1631	0.7087	1.8e-04	0.5253
3284	-108.9505	-108.9505	-77.2222	0.7088	76.8111	0.7054	1.8e-04	0.5268
3285	-108.9684	-108.9684	-77.7710	0.7137	76.2704	0.7004	1.8e-04	0.5261
3286	-108.9682	-108.9682	-77.4842	0.7111	76.5626	0.7031	1.8e-04	0.5251
3287	-108.9696	-108.9696	-77.5043	0.7112	76.5369	0.7029	1.8e-04	0.5285
3288	-108.9624	-108.9624	-76.9799	0.7065	77.0652	0.7077	1.8e-04	0.5244
3289	-108.9576	-108.9576	-77.9692	0.7156	76.0476	0.6985	1.8e-04	0.5262
3290	-108.9704	-108.9704	-77.4619	0.7109	76.5934	0.7033	1.8e-04	0.5262
3291	-108.9728	-108.9728	-76.4975	0.7020	77.5434	0.7122	1.8e-04	0.5258
3292	-108.9705	-108.9705	-77.2005	0.7085	76.8489	0.7057	1.8e-04	0.5258
3293	-108.9675	-108.9675	-77.2329	0.7088	76.8105	0.7054	1.8e-04	0.5260
3294	-108.9573	-108.9573	-76.6515	0.7035	77.3787	0.7107	1.8e-04	0.5256
3295	-108.9596	-108.9596	-77.4046	0.7104	76.6098	0.7036	1.8e-04	0.5255
3296	-108.9644	-108.9644	-77.2364	0.7088	76.7986	0.7054	1.8e-04	0.5257
3297	-108.9606	-108.9606	-76.8211	0.7050	77.1994	0.7090	1.8e-04	0.5250
3298	-108.9557	-108.9557	-77.3308	0.7097	76.7060	0.7044	1.8e-04	0.5250
3299	-108.9562	-108.9562	-77.4645	0.7110	76.5565	0.7032	1.8e-04	0.5244
3300	-108.9693	-108.9693	-76.4591	0.7017	77.5741	0.7125	1.8e-04	0.5280
3301	-108.9616	-108.9616	-77.2835	0.7093	76.7420	0.7049	1.8e-04	0.5247
3302	-108.9600	-108.9600	-76.0576	0.6980	77.9284	0.7158	1.8e-04	0.5262
3303	-108.9756	-108.9757	-75.9697	0.6971	78.0468	0.7168	1.8e-04	0.5253
3304	-108.9691	-108.9691	-75.7807	0.6954	78.2446	0.7185	1.8e-04	0.5247
3305	-108.9495	-108.9495	-76.2141	0.6995	77.8011	0.7146	1.8e-04	0.5253
3306	-108.9667	-108.9668	-75.6012	0.6938	78.3991	0.7200	1.8e-04	0.5266
3307	-108.9717	-108.9718	-74.9378	0.6877	79.0425	0.7260	1.8e-04	0.5266
3308	-108.9645	-108.9645	-76.0030	0.6975	78.0362	0.7166	1.8e-04	0.5251
3309	-108.9585	-108.9585	-76.4692	0.7018	77.5608	0.7123	1.8e-04	0.5269
3310	-108.9605	-108.9605	-75.9923	0.6974	78.0201	0.7166	1.8e-04	0.5255
3311	-108.9591	-108.9591	-75.8281	0.6959	78.1802	0.7181	1.8e-04	0.5275
3312	-108.9676	-108.9676	-76.0425	0.6978	77.9660	0.7162	1.8e-04	0.5247
3313	-108.9349	-108.9349	-75.1875	0.6902	78.7680	0.7235	1.8e-04	0.5248
3314	-108.9568	-108.9568	-75.7053	0.6948	78.2904	0.7191	1.8e-04	0.5272
3315	-108.9563	-108.9563	-75.7374	0.6951	78.2709	0.7189	1.8e-04	0.5248
3316	-108.9513	-108.9514	-75.3536	0.6916	78.6417	0.7223	1.8e-04	0.5243
3317	-108.9565	-108.9565	-76.1380	0.6988	77.8714	0.7152	1.8e-04	0.5269
3318	-108.9659	-108.9659	-75.3262	0.6913	78.6751	0.7226	1.8e-04	0.5253
3319	-108.9667	-108.9667	-75.6348	0.6941	78.3691	0.7199	1.8e-04	0.5261
3320	-108.9639	-108.9639	-75.7779	0.6954	78.2434	0.7186	1.8e-04	0.5253
3321	-108.9632	-108.9632	-75.9917	0.6974	78.0086	0.7165	1.8e-04	0.5253
3322	-108.9812	-108.9814	-74.7517	0.6859	79.2431	0.7277	1.8e-04	0.5271
3323	-108.9618	-108.9619	-75.0244	0.6885	78.9427	0.7250	1.8e-04	0.5248
3324	-108.9488	-108.9488	-76.9974	0.7067	77.0226	0.7075	1.8e-04	0.5248
3325	-108.9680	-108.9681	-75.6464	0.6942	78.3667	0.7197	1.8e-04	0.5279
3326	-108.9575	-108.9576	-76.0528	0.6980	77.9700	0.7160	1.8e-04	0.5262
3327	-108.9649	-108.9650	-74.9280	0.6876	79.0251	0.7258	1.8e-04	0.5258
3328	-108.9659	-108.9659	-76.7190	0.7041	77.2967	0.7099	1.8e-04	0.5263
3329	-108.9555	-108.9555	-76.4154	0.7013	77.6216	0.7128	1.8e-04	0.5247
3330	-108.9499	-108.9499	-77.2737	0.7093	76.7421	0.7049	1.8e-04	0.5274
3331	-108.9443	-108.9443	-77.1718	0.7084	76.8404	0.7058	1.8e-04	0.5263
3332	-108.9530	-108.9530	-77.6013	0.7122	76.4193	0.7019	1.8e-04	0.5258
3333	-108.9636	-108.9636	-77.3100	0.7095	76.7086	0.7045	1.8e-04	0.5255
3334	-108.9698	-108.9698	-77.3605	0.7099	76.6686	0.7041	1.8e-04	0.5270
3335	-108.9609	-108.9609	-76.9168	0.7059	77.1002	0.7081	1.8e-04	0.5271
3336	-108.9542	-108.9542	-77.5873	0.7121	76.4346	0.7020	1.8e-04	0.5249
3337	-108.9487	-108.9487	-77.8202	0.7143	76.1919	0.6998	1.8e-04	0.5246
3338	-108.9703	-108.9703	-78.1772	0.7174	75.8606	0.6966	1.8e-04	0.5248
3339	-108.9629	-108.9629	-77.5624	0.7118	76.4740	0.7023	1.8e-04	0.5248
3340	-108.9663	-108.9663	-77.3720	0.7101	76.6581	0.7040	1.8e-04	0.5268
3341	-108.9768	-108.9768	-77.7885	0.7138	76.2564	0.7003	1.8e-04	0.5268
3342	-108.9759	-108.9759	-78.5263	0.7206	75.5014	0.6933	1.8e-04	0.5269
3343	-108.9563	-108.9563	-78.1527	0.7173	75.8401	0.6966	1.8e-04	0.5269
3344	-108.9466	-108.9466	-78.1267	0.7171	75.8914	0.6970	1.8e-04	0.5255
3345	-108.9619	-108.9619	-79.0174	0.7252	74.9740	0.6886	1.8e-04	0.5267
3346	-108.9626	-108.9626	-77.4771	0.7110	76.5624	0.7031	1.8e-04	0.5269
3347	-108.9768	-108.9768	-77.4872	0.7110	76.5600	0.7031	1.8e-04	0.5265
3348	-108.9504	-108.9504	-77.8065	0.7141	76.2124	0.7000	1.8e-04	0.5262
3349	-108.9714	-108.9714	-77.4668	0.7109	76.5807	0.7033	1.8e-04	0.5268
3350	-108.9623	-108.9623	-78.1336	0.7171	75.8850	0.6969	1.8e-04	0.5243
3351	-108.9611	-108.9611	-78.4850	0.7203	75.5235	0.6936	1.8e-04	0.5267
3352	-108.9550	-108.9550	-77.9054	0.7150	76.1022	0.6990	1.8e-04	0.5251
3353	-108.9590	-108.9590	-78.1476	0.7172	75.8778	0.6968	1.8e-04	0.5253
3354	-108.9676	-108.9676	-78.1906	0.7176	75.8365	0.6965	1.8e-04	0.5270
3355	-108.9668	-108.9668	-78.2380	0.7180	75.7904	0.6960	1.8e-04	0.5264
3356	-108.9569	-108.9569	-78.2012	0.7177	75.8156	0.6963	1.8e-04	0.5240
3357	-108.9688	-108.9688	-77.9694	0.7155	76.0164	0.6981	1.8e-04	0.5277
3358	-108.9539	-108.9539	-78.1839	0.7176	75.8295	0.6965	1.8e-04	0.5238
3359	-108.9809	-108.9809	-78.3966	0.7194	75.6150	0.6944	1.8e-04	0.5248
3360	-108.9678	-108.9678	-78.6523	0.7218	75.3558	0.6921	1.8e-04	0.5283
3361	-108.9770	-108.9770	-78.8319	0.7234	75.1816	0.6904	1.8e-04	0.5267
3362	-108.9699	-108.9699	-77.6764	0.7128	76.3433	0.7011	1.8e-04	0.5270
3363	-108.9570	-108.9570	-78.7038	0.7223	75.2908	0.6915	1.8e-04	0.5265
3364	-108.9596	-108.9596	-78.4749	0.7202	75.5248	0.6937	1.8e-04	0.5250
3365	-108.9615	-108.9615	-78.9147	0.7242	75.0626	0.6894	1.8e-04	0.5261
3366	-108.9630	-108.9630	-78.8378	0.7235	75.1397	0.6900	1.8e-04	0.5249
3367	-108.9614	-108.9614	-79.5595	0.7302	74.3874	0.6832	1.8e-04	0.5257
3368	-108.9604	-108.9604	-79.3805	0.7285	74.5851	0.6850	1.8e-04	0.5271
3369	-108.9541	-108.9541	-78.0729	0.7166	75.9503	0.6975	1.8e-04	0.5275
3370	-108.9707	-108.9707	-77.8444	0.7144	76.1978	0.6997	1.8e-04	0.5275
3371	-108.9559	-108.9559	-79.0590	0.7256	74.9270	0.6881	1.8e-04	0.5260
3372	-108.9415	-108.9415	-78.5310	0.7209	75.4632	0.6931	1.8e-04	0.5271
3373	-108.9617	-108.9617	-78.7667	0.7229	75.2378	0.6909	1.8e-04	0.5257
3374	-108.9585	-108.9585	-79.4610	0.7293	74.4959	0.6842	1.8e-04	0.5251
3375	-108.9614	-108.9614	-79.0268	0.7253	74.9600	0.6885	1.8e-04	0.5263
3376	-108.9688	-108.9688	-78.9571	0.7246	75.0324	0.6892	1.8e-04	0.5261
3377	-108.9617	-108.9617	-79.9252	0.7335	73.9946	0.6796	1.8e-04	0.5265
3378	-108.9575	-108.9575	-79.5124	0.7298	74.4364	0.6837	1.8e-04	0.5246
3379	-108.9753	-108.9753	-78.9810	0.7248	75.0145	0.6890	1.8e-04	0.5271
3380	-108.9836	-108.9836	-79.3186	0.7278	74.6653	0.6858	1.8e-04	0.5259
3381	-108.9729	-108.9729	-79.9330	0.7335	73.9939	0.6795	1.8e-04	0.5260
3382	-108.9591	-108.9591	-79.8477	0.7328	74.0823	0.6803	1.8e-04	0.5252
3383	-108.9659	-108.9659	-79.5051	0.7296	74.4606	0.6838	1.8e-04	0.5246
3384	-108.9632	-108.9632	-79.0718	0.7257	74.9086	0.6880	1.8e-04	0.5254
3385	-108.9463	-108.9463	-79.2567	0.7275	74.7080	0.6861	1.8e-04	0.5266
3386	-108.9652	-108.9652	-79.6708	0.7312	74.2762	0.6821	1.8e-04	0.5290
3387	-108.9773	-108.9773	-79.4925	0.7294	74.4837	0.6840	1.8e-04	0.5261
3388	-108.9838	-108.9838	-80.8466	0.7418	73.0262	0.6706	1.8e-04	0.5263
3389	-108.9680	-108.9680	-80.4769	0.7385	73.4014	0.6741	1.8e-04	0.5255
3390	-108.9653	-108.9653	-79.3310	0.7280	74.6202	0.6853	1.8e-04	0.5247
3391	-108.9681	-108.9681	-79.7493	0.7319	74.1937	0.6813	1.8e-04	0.5280
3392	-108.9752	-108.9752	-79.7374	0.7317	74.2213	0.6816	1.8e-04	0.5254
3393	-108.9752	-108.9752	-80.1634	0.7356	73.7405	0.6772	1.8e-04	0.5253
3394	-108.9582	-108.9582	-79.5440	0.7300	74.4124	0.6834	1.8e-04	0.5271
3395	-108.9522	-108.9522	-79.2992	0.7278	74.6609	0.6857	1.8e-04	0.5268
3396	-108.9646	-108.9646	-80.3063	0.7370	73.5918	0.6758	1.8e-04	0.5259
3397	-108.9760	-108.9760	-80.0012	0.7341	73.9232	0.6788	1.8e-04	0.5248
3398	-108.9550	-108.9550	-79.8422	0.7328	74.0726	0.6803	1.8e-04	0.5253
3399	-108.9677	-108.9677	-81.0152	0.7435	72.8016	0.6686	1.8e-04	0.5260
3400	-108.9674	-108.9674	-79.8223	0.7325	74.1154	0.6807	1.8e-04	0.5254
3401	-108.9640	-108.9640	-79.9877	0.7341	73.9351	0.6790	1.8e-04	0.5251
3402	-108.9710	-108.9710	-79.8219	0.7325	74.1201	0.6807	1.8e-04	0.5267
3403	-108.9715	-108.9715	-79.5951	0.7304	74.3718	0.6829	1.8e-04	0.5267
3404	-108.9692	-108.9692	-79.8950	0.7332	74.0483	0.6800	1.8e-04	0.5251
3405	-108.9707	-108.9707	-80.4224	0.7380	73.4737	0.6748	1.8e-04	0.5243
3406	-108.9615	-108.9615	-80.2786	0.7368	73.6220	0.6761	1.8e-04	0.5264
3407	-108.9636	-108.9636	-80.1389	0.7355	73.7790	0.6775	1.8e-04	0.5252
3408	-108.9573	-108.9573	-80.7224	0.7409	73.1209	0.6716	1.8e-04	0.5281
3409	-108.9731	-108.9731	-80.2485	0.7364	73.6767	0.6765	1.8e-04	0.5260
3410	-108.9606	-108.9606	-80.8677	0.7422	72.9757	0.6702	1.8e-04	0.5256
3411	-108.9548	-108.9548	-80.9143	0.7426	72.8646	0.6692	1.8e-04	0.5267
3412	-108.9647	-108.9647	-80.8644	0.7421	72.9883	0.6702	1.8e-04	0.5268
3413	-108.9688	-108.9688	-80.2271	0.7362	73.6881	0.6767	1.8e-04	0.5258
3414	-108.9516	-108.9516	-80.8637	0.7422	72.9755	0.6701	1.8e-04	0.5255
3415	-108.9634	-108.9634	-80.2960	0.7369	73.5812	0.6758	1.8e-04	0.5242
3416	-108.9619	-108.9619	-80.5103	0.7389	73.3682	0.6738	1.8e-04	0.5275
3417	-108.9758	-108.9758	-81.1698	0.7448	72.6591	0.6672	1.8e-04	0.5252
3418	-108.9679	-108.9679	-80.6939	0.7405	73.1812	0.6720	1.8e-04	0.5260
3419	-108.9685	-108.9685	-80.6650	0.7403	73.2095	0.6723	1.8e-04	0.5247
3420	-108.9475	-108.9475	-81.1544	0.7449	72.6252	0.6670	1.8e-04	0.5269
3421	-108.9617	-108.9617	-80.6879	0.7405	73.1786	0.6720	1.8e-04	0.5273
3422	-108.9528	-108.9528	-80.3559	0.7375	73.5277	0.6753	1.8e-04	0.5256
3423	-108.9578	-108.9578	-81.1179	0.7445	72.6550	0.6674	1.8e-04	0.5246
3424	-108.9430	-108.9430	-81.1247	0.7447	72.6572	0.6674	1.8e-04	0.5247
3425	-108.9707	-108.9707	-80.4884	0.7386	73.3819	0.6739	1.8e-04	0.5247
3426	-108.9518	-108.9518	-80.5826	0.7396	73.2797	0.6730	1.8e-04	0.5266
3427	-108.9661	-108.9661	-81.5861	0.7487	72.1554	0.6628	1.8e-04	0.5271
3428	-108.9652	-108.9652	-80.6582	0.7402	73.2126	0.6724	1.8e-04	0.5276
3429	-108.9425	-108.9425	-79.9046	0.7335	74.0044	0.6797	1.8e-04	0.5259
3430	-108.9579	-108.9579	-80.2536	0.7366	73.5980	0.6759	1.8e-04	0.5249
3431	-108.9759	-108.9759	-79.8931	0.7331	74.0435	0.6799	1.8e-04	0.5278
3432	-108.9624	-108.9624	-80.1578	0.7356	73.7479	0.6772	1.8e-04	0.5256
3433	-108.9547	-108.9547	-79.2296	0.7272	74.7466	0.6864	1.8e-04	0.5273
3434	-108.9647	-108.9647	-80.5952	0.7396	73.2772	0.6730	1.8e-04	0.5239
3435	-108.9735	-108.9735	-80.5391	0.7391	73.3488	0.6736	1.8e-04	0.5251
3436	-108.9812	-108.9812	-79.9983	0.7341	73.9374	0.6789	1.8e-04	0.5268
3437	-108.9689	-108.9689	-80.6468	0.7401	73.2197	0.6724	1.8e-04	0.5264
3438	-108.9635	-108.9635	-80.9697	0.7431	72.8651	0.6692	1.8e-04	0.5258
3439	-108.9560	-108.9560	-80.5399	0.7392	73.3205	0.6734	1.8e-04	0.5254
3440	-108.9515	-108.9515	-79.9588	0.7339	73.9560	0.6792	1.8e-04	0.5264
3441	-108.9593	-108.9593	-80.5650	0.7394	73.3064	0.6733	1.8e-04	0.5282
3442	-108.9605	-108.9605	-80.5936	0.7397	73.2697	0.6729	1.8e-04	0.5249
3443	-108.9691	-108.9691	-80.7743	0.7413	73.0541	0.6709	1.8e-04	0.5257
3444	-108.9543	-108.9543	-80.3828	0.7378	73.5028	0.6751	1.8e-04	0.5276
3445	-108.9720	-108.9720	-80.6343	0.7400	73.2459	0.6726	1.8e-04	0.5248
3446	-108.9517	-108.9517	-81.1722	0.7450	72.6166	0.6670	1.8e-04	0.5278
3447	-108.9509	-108.9509	-80.5841	0.7396	73.2649	0.6730	1.8e-04	0.5252
3448	-108.9651	-108.9651	-80.3595	0.7375	73.5400	0.6754	1.8e-04	0.5262
3449	-108.9569	-108.9569	-80.5009	0.7388	73.3752	0.6739	1.8e-04	0.5264
3450	-108.9739	-108.9739	-80.1714	0.7357	73.7594	0.6773	1.8e-04	0.5271
3451	-108.9663	-108.9663	-80.4334	0.7381	73.4085	0.6742	1.8e-04	0.5283
3452	-108.9641	-108.9641	-80.5452	0.7392	73.3242	0.6734	1.8e-04	0.5258
3453	-108.9571	-108.9571	-80.4905	0.7387	73.3794	0.6739	1.8e-04	0.5245
3454	-108.9773	-108.9773	-80.8426	0.7418	73.0177	0.6706	1.8e-04	0.5273
3455	-108.9577	-108.9577	-79.9655	0.7339	73.9622	0.6792	1.8e-04	0.5255
3456	-108.9630	-108.9630	-79.5603	0.7302	74.4025	0.6833	1.8e-04	0.5249
3457	-108.9556	-108.9556	-80.1369	0.7355	73.7625	0.6775	1.8e-04	0.5261
3458	-108.9563	-108.9563	-80.0532	0.7347	73.8638	0.6784	1.8e-04	0.5249
3459	-108.9735	-108.9735	-80.0107	0.7342	73.9091	0.6787	1.8e-04	0.5244
3460	-108.9534	-108.9534	-79.2612	0.7275	74.6999	0.6861	1.8e-04	0.5268
3461	-108.9582	-108.9582	-79.9851	0.7341	73.9398	0.6790	1.8e-04	0.5256
3462	-108.9613	-108.9613	-79.8426	0.7328	74.0847	0.6804	1.8e-04	0.5249
3463	-108.9547	-108.9547	-80.0532	0.7347	73.8506	0.6783	1.8e-04	0.5258
3464	-108.9690	-108.9690	-80.1653	0.7357	73.7619	0.6773	1.8e-04	0.5279
3465	-108.9500	-108.9500	-79.8423	0.7328	74.0660	0.6803	1.8e-04	0.5269
3466	-108.9762	-108.9762	-79.7119	0.7315	74.2411	0.6818	1.8e-04	0.5268
3467	-108.9615	-108.9615	-79.4906	0.7295	74.4609	0.6839	1.8e-04	0.5254
3468	-108.9709	-108.9709	-79.2931	0.7277	74.6983	0.6859	1.8e-04	0.5260
3469	-108.9527	-108.9527	-78.8831	0.7240	75.1030	0.6897	1.8e-04	0.5255
3470	-108.9790	-108.9790	-78.9832	0.7248	75.0293	0.6889	1.8e-04	0.5254
3471	-108.9609	-108.9609	-78.9607	0.7247	75.0320	0.6891	1.8e-04	0.5285
3472	-108.9556	-108.9556	-79.1270	0.7262	74.8420	0.6874	1.8e-04	0.5251
3473	-108.9633	-108.9633	-78.7613	0.7228	75.2493	0.6910	1.8e-04	0.5254
3474	-108.9741	-108.9741	-79.0760	0.7256	74.9050	0.6879	1.8e-04	0.5262
3475	-108.9482	-108.9482	-79.4292	0.7291	74.4917	0.6842	1.8e-04	0.5245
3476	-108.9681	-108.9681	-78.3316	0.7188	75.7073	0.6952	1.8e-04	0.5263
3477	-108.9512	-108.9512	-78.7808	0.7231	75.2131	0.6908	1.8e-04	0.5239
3478	-108.9379	-108.9379	-78.6022	0.7215	75.3358	0.6919	1.8e-04	0.5255
3479	-108.9659	-108.9659	-78.5710	0.7211	75.4391	0.6929	1.8e-04	0.5241
3480	-108.9601	-108.9601	-77.7057	0.7132	76.2968	0.7008	1.8e-04	0.5260
3481	-108.9619	-108.9619	-79.0200	0.7252	74.9671	0.6885	1.8e-04	0.5252
3482	-108.9486	-108.9486	-78.4640	0.7202	75.5316	0.6937	1.8e-04	0.5247
3483	-108.9642	-108.9642	-77.6993	0.7131	76.3337	0.7011	1.8e-04	0.5272
3484	-108.9745	-108.9745	-78.6726	0.7219	75.3412	0.6918	1.8e-04	0.5240
3485	-108.9491	-108.9491	-78.8506	0.7237	75.1255	0.6899	1.8e-04	0.5265
3486	-108.9558	-108.9558	-78.2220	0.7179	75.7679	0.6959	1.8e-04	0.5254
3487	-108.9598	-108.9598	-78.2490	0.7181	75.7729	0.6959	1.8e-04	0.5250
3488	-108.9779	-108.9779	-77.5757	0.7118	76.4672	0.7022	1.8e-04	0.5266
3489	-108.9579	-108.9579	-77.7454	0.7135	76.2484	0.7002	1.8e-04	0.5250
3490	-108.9454	-108.9454	-78.1528	0.7174	75.8523	0.6966	1.8e-04	0.5247
3491	-108.9798	-108.9798	-78.3309	0.7188	75.7057	0.6952	1.8e-04	0.5271
3492	-108.9625	-108.9625	-78.2956	0.7186	75.7236	0.6954	1.8e-04	0.5252
3493	-108.9574	-108.9574	-78.0218	0.7161	76.0004	0.6980	1.8e-04	0.5267
3494	-108.9718	-108.9718	-78.3008	0.7185	75.7299	0.6955	1.8e-04	0.5263
3495	-108.9653	-108.9653	-77.3351	0.7097	76.7100	0.7045	1.8e-04	0.5260
3496	-108.9550	-108.9550	-77.7789	0.7139	76.2443	0.7003	1.8e-04	0.5266
3497	-108.9585	-108.9585	-76.8756	0.7055	77.1611	0.7086	1.8e-04	0.5243
3498	-108.9557	-108.9557	-77.6966	0.7131	76.3215	0.7010	1.8e-04	0.5275
3499	-108.9701	-108.9701	-77.9743	0.7156	76.0699	0.6986	1.8e-04	0.5262
3500	-108.9685	-108.9685	-77.2083	0.7085	76.8324	0.7056	1.8e-04	0.5265
3501	-108.9566	-108.9566	-78.4514	0.7200	75.5573	0.6939	1.8e-04	0.5253
3502	-108.9624	-108.9624	-77.6245	0.7124	76.4082	0.7018	1.8e-04	0.5249
3503	-108.9492	-108.9492	-77.3397	0.7099	76.6846	0.7043	1.8e-04	0.5271
3504	-108.9621	-108.9621	-77.4845	0.7111	76.5180	0.7028	1.8e-04	0.5263
3505	-108.9686	-108.9686	-76.9361	0.7060	77.1078	0.7081	1.8e-04	0.5268
3506	-108.9516	-108.9516	-76.9643	0.7064	77.0650	0.7078	1.8e-04	0.5249
3507	-108.9547	-108.9547	-77.4000	0.7104	76.6215	0.7037	1.8e-04	0.5242
3508	-108.9802	-108.9802	-76.6506	0.7033	77.4123	0.7108	1.8e-04	0.5244
3509	-108.9530	-108.9530	-76.7740	0.7047	77.2435	0.7094	1.8e-04	0.5250
3510	-108.9714	-108.9715	-75.8020	0.6956	78.2289	0.7184	1.8e-04	0.5244
3511	-108.9621	-108.9621	-76.8615	0.7054	77.1897	0.7088	1.8e-04	0.5245
3512	-108.9653	-108.9653	-76.1705	0.6990	77.8443	0.7149	1.8e-04	0.5253
3513	-108.9646	-108.9646	-76.7884	0.7047	77.2596	0.7095	1.8e-04	0.5244
3514	-108.9643	-108.9644	-75.3697	0.6917	78.6410	0.7222	1.8e-04	0.5274
3515	-108.9581	-108.9581	-76.3119	0.7004	77.7272	0.7138	1.8e-04	0.5239
3516	-108.9573	-108.9573	-76.5351	0.7024	77.4917	0.7117	1.8e-04	0.5246
3517	-108.9695	-108.9695	-75.9553	0.6970	78.0802	0.7170	1.8e-04	0.5263
3518	-108.9827	-108.9827	-76.1080	0.6983	77.9464	0.7158	1.8e-04	0.5256
3519	-108.9656	-108.9656	-76.2367	0.6996	77.7919	0.7144	1.8e-04	0.5247
3520	-108.9540	-108.9540	-77.1671	0.7083	76.8593	0.7059	1.8e-04	0.5252
3521	-108.9418	-108.9418	-77.2694	0.7093	76.7492	0.7049	1.8e-04	0.5255
3522	-108.9545	-108.9545	-76.8411	0.7053	77.1925	0.7089	1.8e-04	0.5254
3523	-108.9714	-108.9714	-76.0001	0.6974	78.0281	0.7166	1.8e-04	0.5255
3524	-108.9582	-108.9582	-76.7931	0.7048	77.1949	0.7090	1.8e-04	0.5269
3525	-108.9511	-108.9511	-76.6466	0.7035	77.3768	0.7107	1.8e-04	0.5244
3526	-108.9583	-108.9583	-77.7288	0.7134	76.3002	0.7008	1.8e-04	0.5239
3527	-108.9657	-108.9657	-76.5797	0.7028	77.4735	0.7114	1.8e-04	0.5273
3528	-108.9689	-108.9689	-76.9166	0.7059	77.1249	0.7082	1.8e-04	0.5261
3529	-108.9571	-108.9571	-76.2613	0.6999	77.7658	0.7142	1.8e-04	0.5253
3530	-108.9569	-108.9569	-76.7567	0.7045	77.2742	0.7097	1.8e-04	0.5264
3531	-108.9663	-108.9663	-76.2628	0.6999	77.7676	0.7142	1.8e-04	0.5244
3532	-108.9537	-108.9537	-76.5215	0.7023	77.5021	0.7118	1.8e-04	0.5257
3533	-108.9656	-108.9657	-75.5339	0.6932	78.4725	0.7206	1.8e-04	0.5267
3534	-108.9595	-108.9595	-77.0943	0.7076	76.9367	0.7066	1.8e-04	0.5253
3535	-108.9648	-108.9648	-75.8929	0.6965	78.1376	0.7176	1.8e-04	0.5270
3536	-108.9518	-108.9518	-76.3938	0.7012	77.6343	0.7130	1.8e-04	0.5258
3537	-108.9556	-108.9556	-76.9748	0.7065	77.0427	0.7075	1.8e-04	0.5259
3538	-108.9520	-108.9520	-76.7499	0.7044	77.2718	0.7097	1.8e-04	0.5282
3539	-108.9709	-108.9709	-76.4290	0.7014	77.6219	0.7128	1.8e-04	0.5259
3540	-108.9777	-108.9777	-76.7297	0.7041	77.3171	0.7101	1.8e-04	0.5244
3541	-108.9658	-108.9658	-75.7704	0.6954	78.2476	0.7186	1.8e-04	0.5261
3542	-108.9653	-108.9653	-76.1381	0.6987	77.8956	0.7153	1.8e-04	0.5254
3543	-108.9506	-108.9506	-76.5676	0.7028	77.4559	0.7114	1.8e-04	0.5268
3544	-108.9391	-108.9391	-76.2426	0.6999	77.7307	0.7139	1.8e-04	0.5243
3545	-108.9695	-108.9695	-76.4126	0.7012	77.6305	0.7129	1.8e-04	0.5252
3546	-108.9786	-108.9786	-76.2700	0.6999	77.7524	0.7141	1.8e-04	0.5259
3547	-108.9790	-108.9790	-76.6743	0.7036	77.3783	0.7106	1.8e-04	0.5270
3548	-108.9707	-108.9707	-75.8362	0.6959	78.1967	0.7181	1.8e-04	0.5252
3549	-108.9637	-108.9637	-75.9598	0.6971	78.0427	0.7167	1.8e-04	0.5220
3550	-108.9585	-108.9585	-76.3900	0.7011	77.6387	0.7130	1.8e-04	0.5244
3551	-108.9570	-108.9570	-75.9056	0.6967	78.1078	0.7174	1.8e-04	0.5251
3552	-108.9502	-108.9502	-75.9943	0.6975	78.0206	0.7166	1.8e-04	0.5244
3553	-108.9579	-108.9579	-76.2058	0.6994	77.8132	0.7147	1.8e-04	0.5252
3554	-108.9612	-108.9612	-76.2431	0.6997	77.7852	0.7144	1.8e-04	0.5258
3555	-108.9570	-108.9571	-75.2022	0.6902	78.7919	0.7236	1.8e-04	0.5259
3556	-108.9620	-108.9621	-75.5125	0.6930	78.4815	0.7207	1.8e-04	0.5258
3557	-108.9817	-108.9818	-75.3983	0.6918	78.5886	0.7217	1.8e-04	0.5261
3558	-108.9521	-108.9522	-75.2939	0.6911	78.6568	0.7224	1.8e-04	0.5246
3559	-108.9702	-108.9702	-75.7323	0.6950	78.2875	0.7190	1.8e-04	0.5278
3560	-108.9682	-108.9682	-75.7238	0.6949	78.3100	0.7191	1.8e-04	0.5266
3561	-108.9604	-108.9604	-76.2929	0.7002	77.7053	0.7136	1.8e-04	0.5262
3562	-108.9556	-108.9556	-76.2017	0.6994	77.8116	0.7146	1.8e-04	0.5252
3563	-108.9678	-108.9678	-75.7960	0.6956	78.2204	0.7184	1.8e-04	0.5259
3564	-108.9651	-108.9651	-76.2076	0.6994	77.8244	0.7148	1.8e-04	0.5256
3565	-108.9576	-108.9576	-76.7112	0.7040	77.3140	0.7100	1.8e-04	0.5284
3566	-108.9759	-108.9760	-75.8204	0.6958	78.2192	0.7183	1.8e-04	0.5256
3567	-108.9565	-108.9565	-77.4683	0.7110	76.5470	0.7031	1.8e-04	0.5250
3568	-108.9828	-108.9828	-77.0868	0.7073	76.9827	0.7069	1.8e-04	0.5267
3569	-108.9660	-108.9660	-75.6841	0.6946	78.3108	0.7192	1.8e-04	0.5252
3570	-108.9603	-108.9603	-76.7002	0.7039	77.3422	0.7103	1.8e-04	0.5266
3571	-108.9465	-108.9465	-77.2051	0.7087	76.8250	0.7056	1.7e-04	0.5249
3572	-108.9669	-108.9669	-77.4546	0.7108	76.5871	0.7034	1.7e-04	0.5250
3573	-108.9651	-108.9651	-77.2326	0.7088	76.8133	0.7054	1.7e-04	0.5265
3574	-108.9600	-108.9600	-76.9734	0.7064	77.0543	0.7077	1.7e-04	0.5237
3575	-108.9610	-108.9610	-77.7480	0.7135	76.2970	0.7006	1.7e-04	0.5241
3576	-108.9658	-108.9658	-76.7772	0.7046	77.2676	0.7096	1.7e-04	0.5274
3577	-108.9767	-108.9767	-77.4257	0.7105	76.5736	0.7032	1.7e-04	0.5242
3578	-108.9673	-108.9673	-76.3422	0.7006	77.6544	0.7131	1.7e-04	0.5250
3579	-108.9621	-108.9621	-76.5778	0.7028	77.4595	0.7113	1.7e-04	0.5271
3580	-108.9643	-108.9643	-76.8349	0.7051	77.2051	0.7091	1.7e-04	0.5257
3581	-108.9560	-108.9560	-77.7194	0.7133	76.2853	0.7007	1.7e-04	0.5261
3582	-108.9557	-108.9557	-77.9467	0.7154	76.0774	0.6987	1.7e-04	0.5244
3583	-108.9620	-108.9620	-77.6261	0.7124	76.4077	0.7017	1.7e-04	0.5244
3584	-108.9678	-108.9678	-77.6172	0.7123	76.4267	0.7019	1.7e-04	0.5254
3585	-108.9652	-108.9652	-77.1725	0.7082	76.8687	0.7060	1.7e-04	0.5264
3586	-108.9481	-108.9481	-77.8414	0.7145	76.1660	0.6996	1.7e-04	0.5250
3587	-108.9758	-108.9758	-77.7049	0.7130	76.3495	0.7011	1.7e-04	0.5249
3588	-108.9647	-108.9647	-78.1097	0.7168	75.9176	0.6972	1.7e-04	0.5278
3589	-108.9570	-108.9570	-77.4387	0.7107	76.5922	0.7035	1.7e-04	0.5261
3590	-108.9534	-108.9534	-78.4631	0.7202	75.5294	0.6937	1.7e-04	0.5253
3591	-108.9531	-108.9531	-78.2423	0.7181	75.7684	0.6959	1.7e-04	0.5250
3592	-108.9527	-108.9527	-78.0617	0.7165	75.9550	0.6976	1.7e-04	0.5259
3593	-108.9829	-108.9829	-78.0578	0.7162	75.9971	0.6978	1.7e-04	0.5250
3594	-108.9658	-108.9658	-77.9759	0.7156	76.0314	0.6983	1.7e-04	0.5242
3595	-108.9711	-108.9711	-77.7200	0.7132	76.3298	0.7009	1.7e-04	0.5249
3596	-108.9614	-108.9614	-78.3491	0.7191	75.6593	0.6950	1.7e-04	0.5257
3597	-108.9561	-108.9561	-77.5739	0.7120	76.4610	0.7022	1.7e-04	0.5256
3598	-108.9755	-108.9755	-77.8619	0.7145	76.1819	0.6996	1.7e-04	0.5263
3599	-108.9549	-108.9549	-78.2771	0.7184	75.7316	0.6956	1.7e-04	0.5261
3600	-108.9835	-108.9835	-76.9890	0.7064	77.0701	0.7076	1.7e-04	0.5267
3601	-108.9664	-108.9664	-78.2567	0.7182	75.7685	0.6959	1.7e-04	0.5237
3602	-108.9754	-108.9754	-78.0302	0.7160	76.0063	0.6980	1.7e-04	0.5266
3603	-108.9614	-108.9614	-78.1480	0.7172	75.8354	0.6965	1.7e-04	0.5241
3604	-108.9628	-108.9628	-77.6744	0.7129	76.3644	0.7013	1.7e-04	0.5248
3605	-108.9424	-108.9424	-77.9054	0.7151	76.1005	0.6990	1.7e-04	0.5255
3606	-108.9580	-108.9580	-77.0816	0.7074	76.9572	0.7068	1.7e-04	0.5257
3607	-108.9601	-108.9601	-77.2537	0.7090	76.7868	0.7052	1.7e-04	0.5244
3608	-108.9590	-108.9590	-78.4302	0.7198	75.5846	0.6942	1.7e-04	0.5234
3609	-108.9654	-108.9654	-77.7253	0.7133	76.3048	0.7008	1.7e-04	0.5249
3610	-108.9630	-108.9630	-77.1946	0.7084	76.8402	0.7057	1.7e-04	0.5254
3611	-108.9649	-108.9649	-77.3187	0.7096	76.7189	0.7046	1.7e-04	0.5251
3612	-108.9701	-108.9701	-77.6314	0.7124	76.4073	0.7017	1.7e-04	0.5248
3613	-108.9647	-108.9647	-77.7469	0.7135	76.2932	0.7006	1.7e-04	0.5257
3614	-108.9650	-108.9650	-77.5439	0.7116	76.5000	0.7025	1.7e-04	0.5267
3615	-108.9563	-108.9563	-77.4407	0.7107	76.5877	0.7034	1.7e-04	0.5252
3616	-108.9469	-108.9469	-77.5104	0.7115	76.5115	0.7027	1.7e-04	0.5276
3617	-108.9612	-108.9612	-76.7196	0.7041	77.3087	0.7101	1.7e-04	0.5251
3618	-108.9610	-108.9610	-77.1960	0.7085	76.8357	0.7057	1.7e-04	0.5255
3619	-108.9599	-108.9599	-78.0876	0.7167	75.9396	0.6974	1.7e-04	0.5267
3620	-108.9698	-108.9698	-76.6908	0.7038	77.3562	0.7104	1.7e-04	0.5248
3621	-108.9583	-108.9583	-77.4473	0.7108	76.5861	0.7033	1.7e-04	0.5278
3622	-108.9473	-108.9473	-77.3814	0.7103	76.6349	0.7039	1.7e-04	0.5245
3623	-108.9680	-108.9680	-77.9674	0.7155	76.0728	0.6986	1.7e-04	0.5260
3624	-108.9651	-108.9651	-77.0445	0.7071	76.9969	0.7071	1.7e-04	0.5266
3625	-108.9530	-108.9530	-77.7496	0.7136	76.2709	0.7005	1.7e-04	0.5259
3626	-108.9593	-108.9593	-77.3436	0.7098	76.6966	0.7044	1.7e-04	0.5263
3627	-108.9708	-108.9708	-76.3949	0.7011	77.6342	0.7130	1.7e-04	0.5247
3628	-108.9770	-108.9770	-77.6046	0.7121	76.4394	0.7020	1.7e-04	0.5250
3629	-108.9711	-108.9711	-76.6377	0.7033	77.4078	0.7109	1.7e-04	0.5245
3630	-108.9645	-108.9645	-76.8257	0.7051	77.2124	0.7092	1.7e-04	0.5266
3631	-108.9718	-108.9718	-77.3540	0.7099	76.6998	0.7043	1.7e-04	0.5265
3632	-108.9568	-108.9568	-77.6988	0.7131	76.2969	0.7007	1.7e-04	0.5249
3633	-108.9664	-108.9664	-76.7982	0.7048	77.2487	0.7094	1.7e-04	0.5263
3634	-108.9681	-108.9681	-76.8349	0.7051	77.2085	0.7091	1.7e-04	0.5253
3635	-108.9749	-108.9749	-76.7945	0.7047	77.2604	0.7095	1.7e-04	0.5243
3636	-108.9589	-108.9589	-77.3742	0.7101	76.6521	0.7039	1.7e-04	0.5255
3637	-108.9583	-108.9583	-77.4399	0.7107	76.5901	0.7035	1.7e-04	0.5248
3638	-108.9538	-108.9538	-77.8263	0.7143	76.1945	0.6997	1.7e-04	0.5250
3639	-108.9642	-108.9642	-76.5315	0.7024	77.4814	0.7117	1.7e-04	0.5274
3640	-108.9754	-108.9754	-76.6426	0.7033	77.3992	0.7108	1.7e-04	0.5254
3641	-108.9507	-108.9507	-76.9891	0.7066	77.0368	0.7076	1.7e-04	0.5256
3642	-108.9732	-108.9732	-77.4507	0.7107	76.6056	0.7035	1.7e-04	0.5262
3643	-108.9581	-108.9581	-77.6101	0.7123	76.4104	0.7018	1.7e-04	0.5255
3644	-108.9632	-108.9632	-78.4625	0.7201	75.5434	0.6939	1.7e-04	0.5287
3645	-108.9605	-108.9605	-78.1632	0.7174	75.8607	0.6967	1.7e-04	0.5272
3646	-108.9579	-108.9579	-77.0955	0.7076	76.9400	0.7066	1.7e-04	0.5243
3647	-108.9480	-108.9480	-77.4869	0.7112	76.5318	0.7030	1.7e-04	0.5261
3648	-108.9583	-108.9583	-77.5985	0.7122	76.4397	0.7020	1.7e-04	0.5260
3649	-108.9632	-108.9632	-77.2966	0.7094	76.7397	0.7048	1.7e-04	0.5253
3650	-108.9460	-108.9460	-78.4099	0.7197	75.5789	0.6942	1.7e-04	0.5268
3651	-108.9686	-108.9686	-77.7248	0.7133	76.3230	0.7009	1.7e-04	0.5239
3652	-108.9569	-108.9569	-78.3739	0.7193	75.6383	0.6947	1.7e-04	0.5249
3653	-108.9581	-108.9581	-77.8251	0.7143	76.2114	0.6999	1.7e-04	0.5265
3654	-108.9603	-108.9603	-78.9024	0.7241	75.0838	0.6896	1.7e-04	0.5262
3655	-108.9619	-108.9619	-77.1432	0.7080	76.8958	0.7062	1.7e-04	0.5271
3656	-108.9564	-108.9564	-78.2143	0.7178	75.7886	0.6962	1.7e-04	0.5255
3657	-108.9675	-108.9675	-77.1839	0.7083	76.8540	0.7058	1.7e-04	0.5263
3658	-108.9525	-108.9525	-76.9671	0.7064	77.0702	0.7078	1.7e-04	0.5252
3659	-108.9544	-108.9544	-78.4306	0.7198	75.5720	0.6941	1.7e-04	0.5258
3660	-108.9582	-108.9582	-77.3626	0.7100	76.6726	0.7042	1.7e-04	0.5270
3661	-108.9665	-108.9665	-78.0264	0.7161	76.0011	0.6980	1.7e-04	0.5246
3662	-108.9574	-108.9574	-78.5294	0.7207	75.4797	0.6932	1.7e-04	0.5259
3663	-108.9655	-108.9655	-77.2183	0.7086	76.8210	0.7055	1.7e-04	0.5264
3664	-108.9649	-108.9649	-77.2975	0.7094	76.7386	0.7048	1.7e-04	0.5251
3665	-108.9667	-108.9667	-76.9515	0.7062	77.0902	0.7080	1.7e-04	0.5255
3666	-108.9737	-108.9737	-77.2451	0.7088	76.7925	0.7053	1.7e-04	0.5268
3667	-108.9499	-108.9499	-78.0525	0.7164	75.9524	0.6976	1.7e-04	0.5257
3668	-108.9593	-108.9593	-78.0443	0.7163	75.9721	0.6978	1.7e-04	0.5261
3669	-108.9540	-108.9540	-78.0136	0.7160	75.9821	0.6978	1.7e-04	0.5251
3670	-108.9609	-108.9609	-78.1397	0.7171	75.8893	0.6969	1.7e-04	0.5248
3671	-108.9664	-108.9664	-77.5854	0.7120	76.4576	0.7022	1.7e-04	0.5260
3672	-108.9595	-108.9595	-78.4417	0.7199	75.5738	0.6941	1.7e-04	0.5268
3673	-108.9548	-108.9548	-77.6285	0.7125	76.3730	0.7014	1.7e-04	0.5259
3674	-108.9542	-108.9542	-79.1053	0.7260	74.8679	0.6876	1.7e-04	0.5261
3675	-108.9664	-108.9664	-77.3586	0.7099	76.6819	0.7042	1.7e-04	0.5249
3676	-108.9714	-108.9714	-78.7089	0.7223	75.2359	0.6910	1.7e-04	0.5253
3677	-108.9528	-108.9528	-78.5047	0.7205	75.4928	0.6934	1.7e-04	0.5264
3678	-108.9558	-108.9558	-77.7990	0.7140	76.2078	0.7000	1.7e-04	0.5283
3679	-108.9552	-108.9552	-77.6776	0.7129	76.3420	0.7011	1.7e-04	0.5274
3680	-108.9546	-108.9546	-77.4696	0.7110	76.5617	0.7032	1.7e-04	0.5263
3681	-108.9673	-108.9673	-78.2521	0.7181	75.7753	0.6959	1.7e-04	0.5266
3682	-108.9737	-108.9737	-77.6425	0.7125	76.4069	0.7017	1.7e-04	0.5269
3683	-108.9691	-108.9691	-78.1603	0.7173	75.8737	0.6968	1.7e-04	0.5264
3684	-108.9555	-108.9555	-77.7537	0.7136	76.2661	0.7004	1.7e-04	0.5253
3685	-108.9679	-108.9679	-78.7148	0.7224	75.2962	0.6915	1.7e-04	0.5274
3686	-108.9652	-108.9652	-78.5260	0.7207	75.4887	0.6933	1.7e-04	0.5259
3687	-108.9634	-108.9634	-78.6694	0.7220	75.3381	0.6919	1.7e-04	0.5238
3688	-108.9764	-108.9764	-77.9667	0.7154	76.0750	0.6987	1.7e-04	0.5269
3689	-108.9724	-108.9724	-77.7234	0.7132	76.3139	0.7009	1.7e-04	0.5265
3690	-108.9722	-108.9722	-77.7012	0.7130	76.3287	0.7011	1.7e-04	0.5245
3691	-108.9552	-108.9552	-78.4419	0.7199	75.5703	0.6940	1.7e-04	0.5266
3692	-108.9610	-108.9610	-78.3405	0.7190	75.6773	0.6950	1.7e-04	0.5251
3693	-108.9704	-108.9704	-78.5697	0.7210	75.4449	0.6929	1.7e-04	0.5246
3694	-108.9703	-108.9703	-78.0676	0.7164	75.9425	0.6975	1.7e-04	0.5264
3695	-108.9634	-108.9634	-78.2950	0.7185	75.7199	0.6954	1.7e-04	0.5250
3696	-108.9479	-108.9479	-77.8236	0.7143	76.1919	0.6998	1.7e-04	0.5249
3697	-108.9690	-108.9690	-78.1455	0.7171	75.9047	0.6969	1.7e-04	0.5263
3698	-108.9600	-108.9600	-77.9137	0.7151	76.1120	0.6990	1.7e-04	0.5258
3699	-108.9622	-108.9622	-78.2689	0.7183	75.7454	0.6957	1.7e-04	0.5263
3700	-108.9572	-108.9572	-78.4634	0.7201	75.5406	0.6938	1.7e-04	0.5260
3701	-108.9601	-108.9601	-77.7204	0.7133	76.3049	0.7008	1.7e-04	0.5244
3702	-108.9325	-108.9325	-77.9458	0.7155	76.0505	0.6986	1.7e-04	0.5270
3703	-108.9602	-108.9602	-78.0627	0.7164	75.9587	0.6977	1.7e-04	0.5258
3704	-108.9645	-108.9645	-77.2928	0.7093	76.7427	0.7048	1.7e-04	0.5347
3705	-108.9531	-108.9531	-76.9291	0.7061	77.0972	0.7080	1.7e-04	0.5257
3706	-108.9603	-108.9603	-77.6527	0.7127	76.3831	0.7015	1.7e-04	0.5267
3707	-108.9632	-108.9632	-77.6986	0.7131	76.3329	0.7011	1.7e-04	0.5229
3708	-108.9648	-108.9648	-77.9427	0.7153	76.0830	0.6987	1.7e-04	0.5258
3709	-108.9757	-108.9757	-77.7434	0.7134	76.2972	0.7006	1.7e-04	0.5275
3710	-108.9745	-108.9745	-77.4493	0.7107	76.5969	0.7035	1.7e-04	0.5250
3711	-108.9686	-108.9686	-78.1060	0.7168	75.9341	0.6973	1.7e-04	0.5249
3712	-108.9583	-108.9583	-77.7926	0.7140	76.2313	0.7001	1.7e-04	0.5275
3713	-108.9579	-108.9579	-77.9813	0.7157	76.0430	0.6984	1.7e-04	0.5263
3714	-108.9571	-108.9571	-77.8669	0.7147	76.1541	0.6994	1.7e-04	0.5258
3715	-108.9649	-108.9649	-77.9913	0.7157	76.0396	0.6984	1.7e-04	0.5269
3716	-108.9693	-108.9693	-78.4022	0.7195	75.6167	0.6945	1.7e-04	0.5251
3717	-108.9719	-108.9719	-78.0186	0.7160	76.0190	0.6981	1.7e-04	0.5254
3718	-108.9683	-108.9683	-78.0171	0.7160	76.0137	0.6981	1.7e-04	0.5256
3719	-108.9536	-108.9536	-77.9642	0.7156	76.0492	0.6985	1.7e-04	0.5263
3720	-108.9713	-108.9713	-78.7271	0.7225	75.2529	0.6911	1.7e-04	0.5270
3721	-108.9588	-108.9588	-78.2281	0.7180	75.7817	0.6960	1.7e-04	0.5265
3722	-108.9629	-108.9629	-77.0829	0.7074	76.9385	0.7066	1.7e-04	0.5260
3723	-108.9594	-108.9594	-77.4403	0.7107	76.5779	0.7033	1.7e-04	0.5259
3724	-108.9604	-108.9604	-77.6126	0.7123	76.4254	0.7019	1.7e-04	0.5250
3725	-108.9620	-108.9620	-77.8292	0.7143	76.1909	0.6997	1.7e-04	0.5270
3726	-108.9492	-108.9492	-78.7110	0.7225	75.2691	0.6914	1.7e-04	0.5259
3727	-108.9698	-108.9698	-77.8005	0.7140	76.2355	0.7002	1.7e-04	0.5246
3728	-108.9758	-108.9758	-77.9998	0.7158	76.0468	0.6984	1.7e-04	0.5268
3729	-108.9718	-108.9718	-77.7929	0.7139	76.2587	0.7003	1.7e-04	0.5252
3730	-108.9551	-108.9551	-78.3357	0.7190	75.6515	0.6948	1.7e-04	0.5254
3731	-108.9513	-108.9513	-77.6728	0.7129	76.3473	0.7013	1.7e-04	0.5250
3732	-108.9577	-108.9577	-78.2350	0.7180	75.7813	0.6960	1.7e-04	0.5253
3733	-108.9646	-108.9646	-77.6526	0.7126	76.3902	0.7015	1.7e-04	0.5260
3734	-108.9636	-108.9636	-77.5359	0.7116	76.5063	0.7026	1.7e-04	0.5256
3735	-108.9731	-108.9731	-77.8373	0.7143	76.2034	0.6998	1.7e-04	0.5250
3736	-108.9589	-108.9589	-77.8158	0.7142	76.2137	0.7000	1.7e-04	0.5276
3737	-108.9650	-108.9650	-77.9745	0.7156	76.0616	0.6985	1.7e-04	0.5266
3738	-108.9733	-108.9733	-77.6561	0.7126	76.3727	0.7013	1.7e-04	0.5268
3739	-108.9522	-108.9522	-77.6379	0.7126	76.3771	0.7016	1.7e-04	0.5262
3740	-108.9544	-108.9544	-77.5387	0.7117	76.4893	0.7025	1.7e-04	0.5280
3741	-108.9556	-108.9556	-77.2276	0.7088	76.8002	0.7054	1.7e-04	0.5265
3742	-108.9648	-108.9648	-76.7135	0.7040	77.3115	0.7101	1.7e-04	0.5257
3743	-108.9595	-108.9595	-76.5814	0.7028	77.4583	0.7113	1.7e-04	0.5263
3744	-108.9770	-108.9770	-76.7015	0.7038	77.3606	0.7104	1.7e-04	0.5248
3745	-108.9682	-108.9682	-76.8319	0.7051	77.2139	0.7091	1.7e-04	0.5267
3746	-108.9591	-108.9591	-77.5298	0.7115	76.4984	0.7026	1.7e-04	0.5261
3747	-108.9536	-108.9536	-76.8660	0.7055	77.1520	0.7086	1.7e-04	0.5267
3748	-108.9752	-108.9752	-77.9164	0.7150	76.1356	0.6991	1.7e-04	0.5246
3749	-108.9573	-108.9573	-76.4099	0.7013	77.6235	0.7129	1.7e-04	0.5248
3750	-108.9635	-108.9635	-77.1570	0.7081	76.8726	0.7060	1.7e-04	0.5267
3751	-108.9454	-108.9454	-77.4615	0.7110	76.5567	0.7032	1.7e-04	0.5245
3752	-108.9684	-108.9684	-77.2161	0.7086	76.7975	0.7053	1.7e-04	0.5246
3753	-108.9729	-108.9729	-76.7856	0.7046	77.2765	0.7096	1.7e-04	0.5266
3754	-108.9616	-108.9616	-77.2379	0.7089	76.8129	0.7054	1.7e-04	0.5257
3755	-108.9707	-108.9707	-77.4369	0.7106	76.5919	0.7034	1.7e-04	0.5244
3756	-108.9697	-108.9697	-76.9216	0.7059	77.1209	0.7083	1.7e-04	0.5254
3757	-108.9773	-108.9773	-76.4961	0.7019	77.5482	0.7122	1.7e-04	0.5265
3758	-108.9788	-108.9788	-76.4828	0.7018	77.5668	0.7123	1.7e-04	0.5255
3759	-108.9586	-108.9586	-77.4514	0.7108	76.5825	0.7033	1.7e-04	0.5258
3760	-108.9446	-108.9446	-77.4938	0.7113	76.5318	0.7029	1.7e-04	0.5250
3761	-108.9638	-108.9638	-77.8654	0.7146	76.1632	0.6995	1.7e-04	0.5251
3762	-108.9701	-108.9701	-78.2046	0.7177	75.8319	0.6963	1.7e-04	0.5249
3763	-108.9602	-108.9602	-78.2939	0.7186	75.6764	0.6950	1.7e-04	0.5258
3764	-108.9587	-108.9587	-77.1623	0.7082	76.8789	0.7060	1.7e-04	0.5249
3765	-108.9592	-108.9592	-77.6750	0.7129	76.3522	0.7013	1.7e-04	0.5270
3766	-108.9660	-108.9660	-77.1858	0.7083	76.8605	0.7058	1.7e-04	0.5265
3767	-108.9663	-108.9663	-77.0602	0.7072	76.9716	0.7069	1.7e-04	0.5251
3768	-108.9659	-108.9659	-77.0619	0.7072	76.9821	0.7070	1.7e-04	0.5252
3769	-108.9646	-108.9646	-77.5185	0.7114	76.5221	0.7027	1.7e-04	0.5256
3770	-108.9493	-108.9493	-77.1121	0.7078	76.8912	0.7062	1.7e-04	0.5249
3771	-108.9552	-108.9552	-76.5685	0.7028	77.4394	0.7112	1.7e-04	0.5268
3772	-108.9611	-108.9611	-76.8071	0.7049	77.2286	0.7092	1.7e-04	0.5264
3773	-108.9464	-108.9464	-77.1471	0.7081	76.8388	0.7058	1.7e-04	0.5270
3774	-108.9571	-108.9571	-77.4505	0.7108	76.5504	0.7030	1.7e-04	0.5256
3775	-108.9512	-108.9512	-76.9333	0.7061	77.0991	0.7081	1.7e-04	0.5253
3776	-108.9567	-108.9567	-75.9993	0.6975	78.0254	0.7166	1.7e-04	0.5263
3777	-108.9571	-108.9571	-77.4365	0.7107	76.5918	0.7034	1.7e-04	0.5257
3778	-108.9772	-108.9772	-77.8005	0.7139	76.2485	0.7002	1.7e-04	0.5263
3779	-108.9635	-108.9635	-77.2696	0.7091	76.7768	0.7050	1.7e-04	0.5263
3780	-108.9582	-108.9582	-77.1991	0.7085	76.8363	0.7057	1.7e-04	0.5244
3781	-108.9647	-108.9647	-77.6950	0.7130	76.3480	0.7011	1.7e-04	0.5259
3782	-108.9553	-108.9553	-76.5672	0.7027	77.4705	0.7114	1.7e-04	0.5254
3783	-108.9647	-108.9647	-77.6146	0.7123	76.4266	0.7019	1.7e-04	0.5278
3784	-108.9726	-108.9726	-76.5913	0.7028	77.4546	0.7113	1.7e-04	0.5250
3785	-108.9594	-108.9594	-77.3495	0.7099	76.6889	0.7043	1.7e-04	0.5255
3786	-108.9669	-108.9669	-76.8762	0.7055	77.1558	0.7085	1.7e-04	0.5279
3787	-108.9572	-108.9572	-77.1540	0.7081	76.8832	0.7060	1.7e-04	0.5242
3788	-108.9546	-108.9546	-77.4711	0.7110	76.5492	0.7032	1.7e-04	0.5265
3789	-108.9639	-108.9639	-77.5439	0.7116	76.4935	0.7025	1.7e-04	0.5253
3790	-108.9613	-108.9613	-76.9872	0.7066	77.0462	0.7075	1.7e-04	0.5254
3791	-108.9790	-108.9790	-76.7025	0.7038	77.3489	0.7103	1.7e-04	0.5260
3792	-108.9559	-108.9559	-76.6588	0.7036	77.3769	0.7106	1.7e-04	0.5263
3793	-108.9561	-108.9561	-76.9159	0.7059	77.1117	0.7082	1.7e-04	0.5251
3794	-108.9780	-108.9780	-76.0497	0.6978	77.9974	0.7162	1.7e-04	0.5257
3795	-108.9621	-108.9621	-77.4515	0.7108	76.5802	0.7033	1.7e-04	0.5256
3796	-108.9870	-108.9870	-77.2115	0.7084	76.8619	0.7057	1.7e-04	0.5266
3797	-108.9575	-108.9575	-76.4137	0.7013	77.6031	0.7128	1.7e-04	0.5262
3798	-108.9567	-108.9567	-76.8868	0.7057	77.1406	0.7085	1.7e-04	0.5260
3799	-108.9704	-108.9704	-77.2502	0.7089	76.8034	0.7053	1.7e-04	0.5256
3800	-108.9597	-108.9597	-76.5960	0.7030	77.4152	0.7110	1.7e-04	0.5273
3801	-108.9759	-108.9759	-76.4987	0.7020	77.5504	0.7122	1.7e-04	0.5245
3802	-108.9724	-108.9724	-76.9958	0.7066	77.0464	0.7076	1.7e-04	0.5256
3803	-108.9786	-108.9786	-77.7797	0.7137	76.2721	0.7004	1.7e-04	0.5260
3804	-108.9737	-108.9737	-77.6081	0.7122	76.4332	0.7019	1.7e-04	0.5255
3805	-108.9683	-108.9683	-77.2180	0.7086	76.8238	0.7055	1.7e-04	0.5258
3806	-108.9581	-108.9581	-76.4894	0.7020	77.5519	0.7122	1.7e-04	0.5257
3807	-108.9645	-108.9645	-77.1369	0.7079	76.8852	0.7061	1.7e-04	0.5266
3808	-108.9670	-108.9670	-76.9871	0.7065	77.0503	0.7077	1.7e-04	0.5256
3809	-108.9580	-108.9580	-77.2959	0.7094	76.7245	0.7047	1.7e-04	0.5245
3810	-108.9590	-108.9590	-77.4553	0.7109	76.5816	0.7033	1.7e-04	0.5259
3811	-108.9528	-108.9528	-76.7359	0.7043	77.2582	0.7096	1.7e-04	0.5254
3812	-108.9747	-108.9747	-77.6049	0.7121	76.4379	0.7020	1.7e-04	0.5248
3813	-108.9603	-108.9603	-76.9254	0.7060	77.1035	0.7081	1.7e-04	0.5261
3814	-108.9706	-108.9706	-77.0092	0.7067	77.0530	0.7075	1.7e-04	0.5246
3815	-108.9446	-108.9446	-76.6105	0.7032	77.4084	0.7110	1.7e-04	0.5242
3816	-108.9741	-108.9741	-76.9725	0.7063	77.0837	0.7078	1.7e-04	0.5258
3817	-108.9612	-108.9612	-76.4901	0.7020	77.5498	0.7122	1.7e-04	0.5249
3818	-108.9642	-108.9642	-76.7417	0.7043	77.2774	0.7097	1.7e-04	0.5253
3819	-108.9731	-108.9731	-77.1118	0.7076	76.9344	0.7064	1.7e-04	0.5274
3820	-108.9639	-108.9639	-77.3729	0.7101	76.6721	0.7041	1.7e-04	0.5249
3821	-108.9642	-108.9642	-76.5977	0.7030	77.4110	0.7109	1.7e-04	0.5251
3822	-108.9743	-108.9743	-77.2855	0.7092	76.7799	0.7050	1.7e-04	0.5256
3823	-108.9670	-108.9670	-77.2941	0.7093	76.7595	0.7049	1.7e-04	0.5255
3824	-108.9754	-108.9754	-77.6479	0.7125	76.3705	0.7013	1.7e-04	0.5264
3825	-108.9511	-108.9511	-77.0652	0.7073	76.9568	0.7069	1.7e-04	0.5259
3826	-108.9590	-108.9590	-76.8993	0.7058	77.1407	0.7084	1.7e-04	0.5242
3827	-108.9625	-108.9625	-76.9628	0.7063	77.0685	0.7078	1.7e-04	0.5267
3828	-108.9661	-108.9661	-76.9038	0.7058	77.1289	0.7084	1.7e-04	0.5249
3829	-108.9845	-108.9845	-76.5791	0.7027	77.4871	0.7115	1.7e-04	0.5255
3830	-108.9760	-108.9760	-76.3949	0.7010	77.6560	0.7131	1.7e-04	0.5261
3831	-108.9664	-108.9664	-76.7017	0.7039	77.3338	0.7102	1.7e-04	0.5253
3832	-108.9540	-108.9540	-76.2683	0.7000	77.7481	0.7141	1.7e-04	0.5265
3833	-108.9477	-108.9477	-76.4489	0.7017	77.5658	0.7124	1.7e-04	0.5257
3834	-108.9626	-108.9626	-77.2929	0.7094	76.7380	0.7047	1.7e-04	0.5242
3835	-108.9614	-108.9614	-76.4449	0.7016	77.5871	0.7126	1.7e-04	0.5267
3836	-108.9536	-108.9536	-77.5456	0.7117	76.4721	0.7023	1.7e-04	0.5254
3837	-108.9653	-108.9653	-77.1272	0.7078	76.9158	0.7063	1.7e-04	0.5260
3838	-108.9714	-108.9714	-75.7676	0.6953	78.2561	0.7187	1.7e-04	0.5286
3839	-108.9744	-108.9744	-76.9923	0.7065	77.0603	0.7076	1.7e-04	0.5256
3840	-108.9676	-108.9676	-76.4998	0.7020	77.5496	0.7121	1.7e-04	0.5248
3841	-108.9609	-108.9609	-77.0569	0.7072	76.9920	0.7070	1.7e-04	0.5243
3842	-108.9621	-108.9621	-77.7795	0.7138	76.2522	0.7003	1.7e-04	0.5274
3843	-108.9616	-108.9616	-76.0837	0.6983	77.9066	0.7155	1.7e-04	0.5260
3844	-108.9684	-108.9684	-77.5064	0.7113	76.5354	0.7029	1.7e-04	0.5247
3845	-108.9801	-108.9801	-77.0783	0.7073	76.9856	0.7069	1.7e-04	0.5250
3846	-108.9611	-108.9611	-75.9472	0.6970	78.0497	0.7168	1.7e-04	0.5255
3847	-108.9546	-108.9546	-77.6209	0.7124	76.4065	0.7017	1.7e-04	0.5247
3848	-108.9709	-108.9709	-76.2878	0.7001	77.7509	0.7140	1.7e-04	0.5241
3849	-108.9745	-108.9745	-76.1657	0.6989	77.8689	0.7152	1.7e-04	0.5239
3850	-108.9746	-108.9746	-76.3912	0.7010	77.6628	0.7131	1.7e-04	0.5239
3851	-108.9676	-108.9676	-77.0705	0.7073	76.9816	0.7069	1.7e-04	0.5261
3852	-108.9372	-108.9372	-77.2667	0.7093	76.7372	0.7048	1.7e-04	0.5250
3853	-108.9797	-108.9797	-77.4416	0.7106	76.5920	0.7034	1.7e-04	0.5252
3854	-108.9769	-108.9769	-77.4932	0.7111	76.5648	0.7031	1.7e-04	0.5266
3855	-108.9602	-108.9602	-76.8007	0.7049	77.2409	0.7093	1.7e-04	0.5265
3856	-108.9476	-108.9476	-77.4149	0.7106	76.6176	0.7036	1.7e-04	0.5270
3857	-108.9607	-108.9607	-77.1552	0.7081	76.8873	0.7061	1.7e-04	0.5265
3858	-108.9644	-108.9644	-75.7548	0.6952	78.2582	0.7188	1.7e-04	0.5269
3859	-108.9437	-108.9437	-77.5431	0.7118	76.4641	0.7023	1.7e-04	0.5262
3860	-108.9521	-108.9521	-78.0059	0.7160	75.9922	0.6979	1.7e-04	0.5254
3861	-108.9558	-108.9558	-76.6846	0.7038	77.3453	0.7104	1.7e-04	0.5275
3862	-108.9528	-108.9528	-76.5232	0.7024	77.5097	0.7118	1.7e-04	0.5254
3863	-108.9695	-108.9695	-77.3077	0.7094	76.7428	0.7048	1.7e-04	0.5248
3864	-108.9724	-108.9724	-76.6884	0.7037	77.3662	0.7105	1.7e-04	0.5273
3865	-108.9605	-108.9605	-77.8834	0.7148	76.1517	0.6993	1.7e-04	0.5256
3866	-108.9644	-108.9644	-76.3882	0.7010	77.6300	0.7130	1.7e-04	0.5271
3867	-108.9581	-108.9581	-77.2963	0.7094	76.7350	0.7048	1.7e-04	0.5252
3868	-108.9531	-108.9531	-76.7244	0.7042	77.3019	0.7099	1.7e-04	0.5250
3869	-108.9608	-108.9608	-76.9095	0.7058	77.1350	0.7083	1.7e-04	0.5253
3870	-108.9627	-108.9627	-76.7620	0.7045	77.2639	0.7095	1.7e-04	0.5254
3871	-108.9851	-108.9851	-77.3749	0.7100	76.6871	0.7042	1.7e-04	0.5244
3872	-108.9736	-108.9736	-76.8550	0.7053	77.1963	0.7089	1.7e-04	0.5251
3873	-108.9565	-108.9565	-77.0873	0.7075	76.9304	0.7065	1.7e-04	0.5250
3874	-108.9576	-108.9576	-78.0134	0.7160	75.9917	0.6979	1.7e-04	0.5269
3875	-108.9738	-108.9738	-77.4294	0.7105	76.6238	0.7036	1.7e-04	0.5255
3876	-108.9609	-108.9609	-77.0757	0.7074	76.9708	0.7068	1.7e-04	0.5233
3877	-108.9647	-108.9647	-76.7820	0.7047	77.2325	0.7093	1.7e-04	0.5245
3878	-108.9509	-108.9509	-77.3315	0.7098	76.6932	0.7044	1.7e-04	0.5251
3879	-108.9533	-108.9533	-77.0493	0.7072	76.9697	0.7070	1.7e-04	0.5259
3880	-108.9665	-108.9665	-77.0673	0.7073	76.9665	0.7068	1.7e-04	0.5246
3881	-108.9583	-108.9583	-77.4297	0.7106	76.6047	0.7035	1.7e-04	0.5263
3882	-108.9659	-108.9659	-76.5285	0.7023	77.5116	0.7118	1.7e-04	0.5262
3883	-108.9693	-108.9693	-76.6827	0.7037	77.3553	0.7104	1.7e-04	0.5255
3884	-108.9594	-108.9594	-77.3709	0.7101	76.6680	0.7041	1.7e-04	0.5246
3885	-108.9588	-108.9588	-77.2123	0.7086	76.8284	0.7056	1.7e-04	0.5271
3886	-108.9513	-108.9513	-76.6789	0.7038	77.3316	0.7101	1.7e-04	0.5243
3887	-108.9469	-108.9469	-77.5688	0.7120	76.4485	0.7021	1.7e-04	0.5228
3888	-108.9629	-108.9629	-76.2946	0.7002	77.7223	0.7138	1.7e-04	0.5259
3889	-108.9579	-108.9579	-77.7470	0.7136	76.2858	0.7006	1.7e-04	0.5348
3890	-108.9812	-108.9812	-76.9933	0.7065	77.0692	0.7077	1.7e-04	0.5274
3891	-108.9615	-108.9615	-77.4044	0.7104	76.5778	0.7033	1.7e-04	0.5249
3892	-108.9689	-108.9689	-76.7002	0.7039	77.3171	0.7101	1.7e-04	0.5254
3893	-108.9542	-108.9542	-75.7303	0.6951	78.2738	0.7189	1.7e-04	0.5273
3894	-108.9718	-108.9718	-77.3562	0.7099	76.6961	0.7043	1.7e-04	0.5268
3895	-108.9583	-108.9583	-77.9239	0.7152	76.1037	0.6989	1.7e-04	0.5260
3896	-108.9737	-108.9737	-77.8490	0.7144	76.1943	0.6997	1.7e-04	0.5251
3897	-108.9558	-108.9558	-77.7471	0.7136	76.2781	0.7005	1.7e-04	0.5262
3898	-108.9641	-108.9641	-77.4106	0.7104	76.5702	0.7032	1.7e-04	0.5276
3899	-108.9601	-108.9601	-77.4947	0.7112	76.5411	0.7029	1.7e-04	0.5255
3900	-108.9675	-108.9675	-77.7092	0.7131	76.3290	0.7010	1.7e-04	0.5251
3901	-108.9745	-108.9745	-77.5772	0.7119	76.3727	0.7014	1.7e-04	0.5253
3902	-108.9690	-108.9690	-77.8019	0.7140	76.2389	0.7001	1.7e-04	0.5275
3903	-108.9770	-108.9770	-76.6411	0.7033	77.4106	0.7109	1.7e-04	0.5272
3904	-108.9621	-108.9621	-77.5881	0.7121	76.4498	0.7021	1.7e-04	0.5239
3905	-108.9650	-108.9650	-78.1308	0.7170	75.8904	0.6970	1.7e-04	0.5252
3906	-108.9581	-108.9581	-78.2588	0.7182	75.7563	0.6957	1.7e-04	0.5253
3907	-108.9734	-108.9734	-78.1951	0.7176	75.8378	0.6964	1.7e-04	0.5260
3908	-108.9667	-108.9667	-77.6557	0.7127	76.3844	0.7015	1.7e-04	0.5246
3909	-108.9610	-108.9610	-77.7930	0.7140	76.2395	0.7002	1.7e-04	0.5238
3910	-108.9710	-108.9710	-78.0389	0.7161	75.9903	0.6979	1.7e-04	0.5264
3911	-108.9720	-108.9720	-77.4046	0.7103	76.6490	0.7039	1.7e-04	0.5240
3912	-108.9792	-108.9792	-77.8316	0.7142	76.2227	0.6999	1.7e-04	0.5245
3913	-108.9650	-108.9650	-77.8012	0.7140	76.2258	0.7000	1.7e-04	0.5264
3914	-108.9678	-108.9678	-77.7777	0.7138	76.2500	0.7003	1.7e-04	0.5252
3915	-108.9492	-108.9492	-78.6695	0.7221	75.3147	0.6917	1.7e-04	0.5259
3916	-108.9643	-108.9643	-77.0888	0.7075	76.9590	0.7067	1.7e-04	0.5245
3917	-108.9601	-108.9601	-77.4300	0.7106	76.6058	0.7035	1.7e-04	0.5267
3918	-108.9795	-108.9795	-77.0964	0.7074	76.9520	0.7066	1.7e-04	0.5280
3919	-108.9664	-108.9664	-78.0562	0.7163	75.9700	0.6978	1.7e-04	0.5269
3920	-108.9530	-108.9530	-78.5389	0.7209	75.4692	0.6931	1.7e-04	0.5264
3921	-108.9702	-108.9702	-77.2729	0.7091	76.7750	0.7051	1.7e-04	0.5267
3922	-108.9593	-108.9593	-77.4263	0.7106	76.5837	0.7034	1.7e-04	0.5255
3923	-108.9658	-108.9658	-76.4431	0.7015	77.5837	0.7125	1.7e-04	0.5250
3924	-108.9713	-108.9713	-77.4821	0.7110	76.5632	0.7032	1.7e-04	0.5273
3925	-108.9551	-108.9551	-78.0541	0.7164	75.9633	0.6977	1.7e-04	0.5258
3926	-108.9528	-108.9528	-78.1286	0.7171	75.8845	0.6969	1.7e-04	0.5265
3927	-108.9747	-108.9747	-76.9293	0.7059	77.1195	0.7082	1.7e-04	0.5253
3928	-108.9631	-108.9631	-77.9455	0.7153	76.0834	0.6987	1.7e-04	0.5268
3929	-108.9781	-108.9781	-77.8291	0.7142	76.2110	0.6999	1.7e-04	0.5268
3930	-108.9468	-108.9468	-78.1149	0.7170	75.8960	0.6970	1.7e-04	0.5259
3931	-108.9459	-108.9459	-78.2772	0.7185	75.7267	0.6955	1.7e-04	0.5262
3932	-108.9480	-108.9480	-77.7741	0.7139	76.2463	0.7003	1.7e-04	0.5254
3933	-108.9644	-108.9644	-77.6105	0.7123	76.4207	0.7018	1.7e-04	0.5254
3934	-108.9592	-108.9592	-77.2394	0.7089	76.7798	0.7052	1.7e-04	0.5255
3935	-108.9540	-108.9540	-77.4722	0.7111	76.5578	0.7031	1.7e-04	0.5278
3936	-108.9626	-108.9626	-78.3124	0.7187	75.7003	0.6952	1.7e-04	0.5258
3937	-108.9489	-108.9489	-77.5364	0.7117	76.4875	0.7025	1.7e-04	0.5247
3938	-108.9515	-108.9515	-77.3691	0.7101	76.6527	0.7040	1.7e-04	0.5268
3939	-108.9709	-108.9709	-77.0008	0.7066	77.0446	0.7076	1.7e-04	0.5258
3940	-108.9769	-108.9769	-77.4547	0.7107	76.5851	0.7033	1.7e-04	0.5270
3941	-108.9657	-108.9657	-76.7590	0.7044	77.2829	0.7098	1.7e-04	0.5259
3942	-108.9623	-108.9623	-77.9287	0.7152	76.1120	0.6989	1.7e-04	0.5259
3943	-108.9700	-108.9700	-77.3748	0.7101	76.6783	0.7041	1.7e-04	0.5256
3944	-108.9588	-108.9588	-77.0175	0.7068	77.0154	0.7073	1.7e-04	0.5251
3945	-108.9573	-108.9573	-76.8958	0.7057	77.1431	0.7085	1.7e-04	0.5259
3946	-108.9694	-108.9694	-76.6175	0.7031	77.4259	0.7111	1.7e-04	0.5249
3947	-108.9769	-108.9769	-77.1928	0.7083	76.8534	0.7058	1.7e-04	0.5241
3948	-108.9575	-108.9575	-76.9592	0.7063	77.0650	0.7078	1.7e-04	0.5271
3949	-108.9612	-108.9612	-77.5068	0.7113	76.5422	0.7028	1.7e-04	0.5256
3950	-108.9748	-108.9748	-78.0452	0.7162	75.9891	0.6979	1.7e-04	0.5249
3951	-108.9556	-108.9556	-77.4672	0.7110	76.5654	0.7032	1.7e-04	0.5270
3952	-108.9801	-108.9801	-77.5068	0.7112	76.5495	0.7029	1.7e-04	0.5246
3953	-108.9438	-108.9438	-77.4556	0.7110	76.5730	0.7032	1.7e-04	0.5259
3954	-108.9509	-108.9509	-77.6657	0.7129	76.3606	0.7013	1.7e-04	0.5257
3955	-108.9646	-108.9646	-76.6356	0.7033	77.4018	0.7109	1.7e-04	0.5248
3956	-108.9633	-108.9633	-78.2928	0.7185	75.7353	0.6954	1.7e-04	0.5272
3957	-108.9527	-108.9527	-76.9485	0.7063	77.0721	0.7080	1.7e-04	0.5248
3958	-108.9531	-108.9531	-77.1488	0.7081	76.8729	0.7061	1.7e-04	0.5275
3959	-108.9551	-108.9551	-76.4557	0.7017	77.5631	0.7124	1.7e-04	0.5259
3960	-108.9545	-108.9545	-76.9793	0.7065	77.0361	0.7076	1.7e-04	0.5248
3961	-108.9524	-108.9524	-77.0159	0.7069	77.0207	0.7073	1.7e-04	0.5269
3962	-108.9657	-108.9657	-77.1169	0.7077	76.9330	0.7065	1.7e-04	0.5260
3963	-108.9641	-108.9641	-77.6123	0.7123	76.4258	0.7019	1.7e-04	0.5258
3964	-108.9491	-108.9491	-76.9879	0.7066	77.0343	0.7075	1.7e-04	0.5248
3965	-108.9693	-108.9693	-76.4634	0.7017	77.5910	0.7125	1.7e-04	0.5253
3966	-108.9574	-108.9574	-76.8981	0.7058	77.1363	0.7084	1.7e-04	0.5249
3967	-108.9675	-108.9675	-78.2960	0.7185	75.7195	0.6953	1.7e-04	0.5275
3968	-108.9667	-108.9667	-77.5874	0.7120	76.4510	0.7021	1.7e-04	0.5254
3969	-108.9619	-108.9619	-76.8534	0.7053	77.1915	0.7089	1.7e-04	0.5252
3970	-108.9528	-108.9528	-76.9245	0.7060	77.1099	0.7082	1.7e-04	0.5253
3971	-108.9572	-108.9572	-77.4654	0.7110	76.5776	0.7032	1.7e-04	0.5249
3972	-108.9511	-108.9511	-77.0109	0.7068	76.9903	0.7072	1.7e-04	0.5262
3973	-108.9717	-108.9717	-76.4328	0.7014	77.6052	0.7127	1.7e-04	0.5259
3974	-108.9728	-108.9728	-76.8758	0.7055	77.1636	0.7086	1.7e-04	0.5255
3975	-108.9556	-108.9556	-76.6166	0.7032	77.4243	0.7110	1.7e-04	0.5257
3976	-108.9705	-108.9705	-76.5749	0.7027	77.4558	0.7113	1.7e-04	0.5272
3977	-108.9773	-108.9773	-76.9093	0.7057	77.1539	0.7084	1.7e-04	0.5261
3978	-108.9652	-108.9652	-76.2427	0.6997	77.7976	0.7144	1.7e-04	0.5270
3979	-108.9662	-108.9662	-76.8139	0.7049	77.2376	0.7092	1.7e-04	0.5253
3980	-108.9776	-108.9776	-76.3905	0.7010	77.6642	0.7132	1.7e-04	0.5265
3981	-108.9661	-108.9661	-76.6557	0.7035	77.3914	0.7107	1.7e-04	0.5270
3982	-108.9564	-108.9564	-77.7815	0.7139	76.2378	0.7002	1.7e-04	0.5248
3983	-108.9540	-108.9540	-76.4011	0.7012	77.6156	0.7128	1.7e-04	0.5280
3984	-108.9678	-108.9678	-77.3306	0.7097	76.6953	0.7044	1.7e-04	0.5248
3985	-108.9536	-108.9536	-77.3237	0.7097	76.7065	0.7045	1.7e-04	0.5257
3986	-108.9694	-108.9694	-76.1780	0.6991	77.8578	0.7150	1.7e-04	0.5265
3987	-108.9750	-108.9750	-77.3031	0.7094	76.7464	0.7047	1.7e-04	0.5258
3988	-108.9616	-108.9616	-77.4613	0.7109	76.5632	0.7031	1.7e-04	0.5251
3989	-108.9675	-108.9675	-77.7294	0.7133	76.3062	0.7008	1.7e-04	0.5262
3990	-108.9505	-108.9505	-77.2612	0.7091	76.7778	0.7051	1.7e-04	0.5259
3991	-108.9616	-108.9616	-77.2891	0.7093	76.7526	0.7049	1.7e-04	0.5250
3992	-108.9494	-108.9494	-77.4814	0.7112	76.5383	0.7030	1.7e-04	0.5265
3993	-108.9644	-108.9644	-76.9014	0.7057	77.1445	0.7085	1.7e-04	0.5247
3994	-108.9804	-108.9804	-76.3461	0.7005	77.6952	0.7135	1.7e-04	0.5257
3995	-108.9687	-108.9687	-77.2725	0.7091	76.7839	0.7051	1.7e-04	0.5246
3996	-108.9698	-108.9698	-77.4037	0.7103	76.6520	0.7039	1.7e-04	0.5247
3997	-108.9909	-108.9909	-78.2452	0.7179	75.8248	0.6961	1.7e-04	0.5255
3998	-108.9554	-108.9554	-77.2192	0.7087	76.8229	0.7055	1.7e-04	0.5255
3999	-108.9747	-108.9747	-77.3186	0.7095	76.7207	0.7047	1.7e-04	0.5252
4000	-108.9680	-108.9680	-77.8023	0.7140	76.2275	0.7002	1.7e-04	0.5266
4001	-108.9695	-108.9695	-76.6909	0.7038	77.3587	0.7104	1.7e-04	0.5256
4002	-108.9638	-108.9638	-77.6225	0.7124	76.4186	0.7018	1.7e-04	0.5257
4003	-108.9689	-108.9689	-77.1169	0.7077	76.9197	0.7064	1.7e-04	0.5261
4004	-108.9522	-108.9522	-77.9112	0.7151	76.1059	0.6990	1.7e-04	0.5252
4005	-108.9600	-108.9600	-77.7717	0.7138	76.2649	0.7004	1.7e-04	0.5248
4006	-108.9527	-108.9527	-78.3021	0.7187	75.6915	0.6952	1.7e-04	0.5273
4007	-108.9562	-108.9562	-77.9678	0.7156	76.0222	0.6984	1.7e-04	0.5260
4008	-108.9788	-108.9788	-77.5204	0.7113	76.5188	0.7026	1.7e-04	0.5272
4009	-108.9615	-108.9615	-77.4741	0.7110	76.5666	0.7032	1.7e-04	0.5263
4010	-108.9628	-108.9628	-77.7844	0.7139	76.2574	0.7003	1.7e-04	0.5269
4011	-108.9661	-108.9661	-77.1955	0.7084	76.8431	0.7057	1.7e-04	0.5262
4012	-108.9578	-108.9578	-77.3022	0.7095	76.7149	0.7046	1.7e-04	0.5257
4013	-108.9408	-108.9408	-77.7248	0.7135	76.2708	0.7006	1.7e-04	0.5262
4014	-108.9595	-108.9595	-77.6869	0.7130	76.3458	0.7012	1.7e-04	0.5261
4015	-108.9612	-108.9612	-78.2087	0.7178	75.8100	0.6963	1.7e-04	0.5251
4016	-108.9733	-108.9733	-77.0998	0.7075	76.9474	0.7067	1.7e-04	0.5252
4017	-108.9675	-108.9675	-77.1261	0.7078	76.9215	0.7064	1.7e-04	0.5266
4018	-108.9797	-108.9797	-76.7118	0.7039	77.3374	0.7102	1.7e-04	0.5276
4019	-108.9514	-108.9514	-77.4221	0.7106	76.5982	0.7035	1.7e-04	0.5255
4020	-108.9471	-108.9471	-77.2636	0.7092	76.7592	0.7050	1.7e-04	0.5276
4021	-108.9730	-108.9730	-76.6535	0.7034	77.3954	0.7107	1.7e-04	0.5245
4022	-108.9641	-108.9641	-76.7526	0.7044	77.2895	0.7098	1.7e-04	0.5259
4023	-108.9735	-108.9735	-77.9152	0.7150	76.1315	0.6991	1.7e-04	0.5273
4024	-108.9593	-108.9593	-77.6844	0.7130	76.3118	0.7009	1.7e-04	0.5250
4025	-108.9807	-108.9807	-77.5079	0.7112	76.5545	0.7029	1.7e-04	0.5254
4026	-108.9580	-108.9580	-76.4981	0.7021	77.5447	0.7120	1.7e-04	0.5267
4027	-108.9658	-108.9658	-77.8369	0.7143	76.2053	0.6998	1.7e-04	0.5261
4028	-108.9625	-108.9625	-77.2274	0.7088	76.7726	0.7051	1.7e-04	0.5242
4029	-108.9592	-108.9592	-76.7184	0.7041	77.2946	0.7098	1.7e-04	0.5260
4030	-108.9688	-108.9688	-77.7738	0.7137	76.2675	0.7004	1.7e-04	0.5258
4031	-108.9603	-108.9603	-78.5135	0.7206	75.5006	0.6934	1.7e-04	0.5256
4032	-108.9703	-108.9703	-78.1429	0.7171	75.8837	0.6969	1.7e-04	0.5253
4033	-108.9610	-108.9610	-77.6350	0.7125	76.3896	0.7017	1.7e-04	0.5257
4034	-108.9612	-108.9612	-77.3461	0.7098	76.6937	0.7043	1.7e-04	0.5272
4035	-108.9639	-108.9639	-77.3207	0.7096	76.7112	0.7044	1.7e-04	0.5260
4036	-108.9643	-108.9643	-77.5934	0.7121	76.4286	0.7020	1.7e-04	0.5278
4037	-108.9718	-108.9718	-76.8581	0.7053	77.1872	0.7088	1.7e-04	0.5265
4038	-108.9524	-108.9524	-77.2922	0.7094	76.7364	0.7048	1.7e-04	0.5264
4039	-108.9703	-108.9703	-77.0662	0.7072	76.9778	0.7070	1.7e-04	0.5269
4040	-108.9545	-108.9545	-76.9967	0.7067	77.0324	0.7075	1.7e-04	0.5274
4041	-108.9571	-108.9571	-76.5119	0.7022	77.5188	0.7119	1.7e-04	0.5263
4042	-108.9505	-108.9505	-77.4930	0.7113	76.5149	0.7028	1.7e-04	0.5251
4043	-108.9724	-108.9724	-76.3273	0.7004	77.7267	0.7137	1.7e-04	0.5276
4044	-108.9613	-108.9613	-76.7309	0.7042	77.2887	0.7098	1.7e-04	0.5263
4045	-108.9596	-108.9596	-77.4761	0.7111	76.5371	0.7030	1.7e-04	0.5264
4046	-108.9691	-108.9691	-78.4961	0.7204	75.5281	0.6936	1.7e-04	0.5263
4047	-108.9618	-108.9618	-76.5938	0.7029	77.4349	0.7112	1.7e-04	0.5255
4048	-108.9727	-108.9727	-76.8407	0.7051	77.1786	0.7088	1.7e-04	0.5270
4049	-108.9670	-108.9670	-77.2079	0.7085	76.8388	0.7056	1.7e-04	0.5251
4050	-108.9663	-108.9663	-76.5935	0.7029	77.4237	0.7111	1.7e-04	0.5259
4051	-108.9602	-108.9602	-76.5414	0.7025	77.5078	0.7117	1.7e-04	0.5243
4052	-108.9548	-108.9548	-76.4157	0.7014	77.6217	0.7128	1.7e-04	0.5269
4053	-108.9753	-108.9753	-76.4437	0.7015	77.6042	0.7127	1.7e-04	0.5272
4054	-108.9485	-108.9485	-76.3071	0.7004	77.7180	0.7137	1.7e-04	0.5258
4055	-108.9731	-108.9731	-77.3257	0.7096	76.7192	0.7046	1.7e-04	0.5255
4056	-108.9607	-108.9607	-76.0945	0.6984	77.9270	0.7157	1.7e-04	0.5248
4057	-108.9727	-108.9727	-76.9812	0.7064	77.0795	0.7078	1.7e-04	0.5254
4058	-108.9666	-108.9666	-77.5761	0.7119	76.4718	0.7022	1.7e-04	0.5248
4059	-108.9650	-108.9650	-77.2476	0.7089	76.7978	0.7053	1.7e-04	0.5250
4060	-108.9761	-108.9761	-76.1167	0.6985	77.9256	0.7156	1.7e-04	0.5273
4061	-108.9605	-108.9605	-76.6597	0.7036	77.3659	0.7106	1.7e-04	0.5257
4062	-108.9681	-108.9681	-76.9378	0.7061	77.1156	0.7081	1.7e-04	0.5257
4063	-108.9678	-108.9678	-77.2525	0.7089	76.7913	0.7053	1.7e-04	0.5270
4064	-108.9745	-108.9745	-76.9421	0.7061	77.0865	0.7079	1.7e-04	0.5251
4065	-108.9716	-108.9716	-77.7324	0.7133	76.3187	0.7008	1.7e-04	0.5278
4066	-108.9757	-108.9757	-77.0595	0.7071	76.9961	0.7071	1.7e-04	0.5260
4067	-108.9435	-108.9435	-76.9848	0.7066	77.0351	0.7075	1.7e-04	0.5257
4068	-108.9657	-108.9657	-76.7939	0.7048	77.2534	0.7095	1.7e-04	0.5267
4069	-108.9510	-108.9510	-76.7489	0.7044	77.2737	0.7097	1.7e-04	0.5249
4070	-108.9638	-108.9638	-76.9019	0.7058	77.1322	0.7084	1.7e-04	0.5270
4071	-108.9748	-108.9748	-76.2286	0.6995	77.8061	0.7145	1.7e-04	0.5251
4072	-108.9569	-108.9569	-77.2732	0.7092	76.7668	0.7050	1.7e-04	0.5250
4073	-108.9602	-108.9602	-76.6030	0.7030	77.4262	0.7111	1.7e-04	0.5265
4074	-108.9806	-108.9806	-77.4536	0.7107	76.5839	0.7033	1.7e-04	0.5246
4075	-108.9622	-108.9622	-77.3043	0.7095	76.7252	0.7047	1.7e-04	0.5253
4076	-108.9350	-108.9350	-77.8067	0.7142	76.1979	0.6999	1.7e-04	0.5257
4077	-108.9523	-108.9523	-76.0661	0.6982	77.9445	0.7159	1.7e-04	0.5252
4078	-108.9715	-108.9715	-76.9008	0.7057	77.1398	0.7084	1.7e-04	0.5248
4079	-108.9663	-108.9663	-77.0457	0.7071	76.9588	0.7068	1.7e-04	0.5277
4080	-108.9604	-108.9604	-76.7374	0.7043	77.3011	0.7099	1.7e-04	0.5257
4081	-108.9688	-108.9688	-76.8294	0.7051	77.2044	0.7089	1.7e-04	0.5259
4082	-108.9659	-108.9659	-77.0346	0.7070	77.0062	0.7072	1.7e-04	0.5255
4083	-108.9523	-108.9523	-77.2056	0.7086	76.8275	0.7056	1.7e-04	0.5260
4084	-108.9611	-108.9611	-76.5781	0.7028	77.4588	0.7114	1.7e-04	0.5264
4085	-108.9543	-108.9543	-77.7304	0.7134	76.2917	0.7007	1.7e-04	0.5253
4086	-108.9668	-108.9668	-75.8916	0.6965	78.1355	0.7176	1.7e-04	0.5245
4087	-108.9667	-108.9667	-76.0894	0.6983	77.9252	0.7157	1.7e-04	0.5269
4088	-108.9644	-108.9644	-76.4838	0.7019	77.5543	0.7122	1.7e-04	0.5256
4089	-108.9573	-108.9573	-77.0882	0.7075	76.9442	0.7067	1.7e-04	0.5239
4090	-108.9687	-108.9687	-76.4100	0.7012	77.6369	0.7129	1.6e-04	0.5263
4091	-108.9609	-108.9609	-77.6400	0.7125	76.3937	0.7016	1.6e-04	0.5252
4092	-108.9628	-108.9628	-76.7713	0.7046	77.2683	0.7096	1.6e-04	0.5246
4093	-108.9490	-108.9490	-77.0758	0.7074	76.9459	0.7067	1.6e-04	0.5253
4094	-108.9677	-108.9677	-77.1635	0.7081	76.8829	0.7061	1.6e-04	0.5247
4095	-108.9682	-108.9682	-75.9713	0.6972	78.0624	0.7169	1.6e-04	0.5256
4096	-108.9565	-108.9565	-76.7940	0.7048	77.2436	0.7094	1.6e-04	0.5273
4097	-108.9665	-108.9665	-77.5089	0.7113	76.5207	0.7027	1.6e-04	0.5270
4098	-108.9699	-108.9699	-76.5123	0.7021	77.5309	0.7119	1.6e-04	0.5260
4099	-108.9628	-108.9628	-76.1038	0.6984	77.9246	0.7157	1.6e-04	0.5252
4100	-108.9748	-108.9748	-76.7280	0.7041	77.3295	0.7101	1.6e-04	0.5250
4101	-108.9631	-108.9631	-76.8277	0.7051	77.1434	0.7085	1.6e-04	0.5243
4102	-108.9508	-108.9508	-77.6369	0.7126	76.3629	0.7013	1.6e-04	0.5274
4103	-108.9561	-108.9561	-77.0845	0.7075	76.9459	0.7067	1.6e-04	0.5253
4104	-108.9686	-108.9686	-77.2047	0.7085	76.8411	0.7057	1.6e-04	0.5251
4105	-108.9637	-108.9637	-77.8424	0.7144	76.1939	0.6997	1.6e-04	0.5272
4106	-108.9722	-108.9722	-78.0566	0.7163	75.9799	0.6977	1.6e-04	0.5229
4107	-108.9682	-108.9682	-76.9309	0.7060	77.1066	0.7081	1.6e-04	0.5250
4108	-108.9575	-108.9575	-76.7134	0.7041	77.3203	0.7101	1.6e-04	0.5268
4109	-108.9384	-108.9384	-78.1267	0.7172	75.8717	0.6969	1.6e-04	0.5258
4110	-108.9760	-108.9760	-77.9375	0.7152	76.1054	0.6989	1.6e-04	0.5246
4111	-108.9657	-108.9657	-77.7561	0.7136	76.2711	0.7005	1.6e-04	0.5268
4112	-108.9763	-108.9763	-77.4835	0.7110	76.5777	0.7032	1.6e-04	0.5246
4113	-108.9598	-108.9598	-77.7981	0.7140	76.2272	0.7001	1.6e-04	0.5245
4114	-108.9569	-108.9569	-76.8227	0.7051	77.2116	0.7091	1.6e-04	0.5270
4115	-108.9577	-108.9577	-77.1276	0.7079	76.9103	0.7063	1.6e-04	0.5256
4116	-108.9774	-108.9774	-78.7377	0.7225	75.2694	0.6913	1.6e-04	0.5249
4117	-108.9725	-108.9725	-77.2447	0.7088	76.8028	0.7053	1.6e-04	0.5265
4118	-108.9507	-108.9507	-77.9485	0.7154	76.0429	0.6984	1.6e-04	0.5255
4119	-108.9699	-108.9699	-78.7926	0.7231	75.1985	0.6906	1.6e-04	0.5254
4120	-108.9681	-108.9681	-77.9997	0.7158	76.0389	0.6983	1.6e-04	0.5243
4121	-108.9538	-108.9538	-78.1180	0.7170	75.9041	0.6971	1.6e-04	0.5258
4122	-108.9649	-108.9649	-77.8156	0.7141	76.2205	0.7000	1.6e-04	0.5253
4123	-108.9677	-108.9677	-77.9668	0.7155	76.0782	0.6986	1.6e-04	0.5273
4124	-108.9673	-108.9673	-77.9352	0.7152	76.0921	0.6989	1.6e-04	0.5269
4125	-108.9534	-108.9534	-78.4764	0.7203	75.5254	0.6936	1.6e-04	0.5246
4126	-108.9645	-108.9645	-78.3819	0.7193	75.6356	0.6946	1.6e-04	0.5265
4127	-108.9599	-108.9599	-78.0044	0.7159	76.0279	0.6982	1.6e-04	0.5264
4128	-108.9520	-108.9520	-78.2885	0.7186	75.7172	0.6954	1.6e-04	0.5264
4129	-108.9743	-108.9743	-77.9348	0.7152	76.0845	0.6987	1.6e-04	0.5248
4130	-108.9811	-108.9811	-77.9009	0.7148	76.1380	0.6992	1.6e-04	0.5251
4131	-108.9686	-108.9686	-79.3008	0.7277	74.6763	0.6858	1.6e-04	0.5236
4132	-108.9671	-108.9671	-77.9428	0.7153	76.0885	0.6988	1.6e-04	0.5269
4133	-108.9554	-108.9554	-77.6879	0.7130	76.3316	0.7011	1.6e-04	0.5265
4134	-108.9405	-108.9405	-78.3755	0.7194	75.6155	0.6946	1.6e-04	0.5259
4135	-108.9662	-108.9662	-78.2792	0.7184	75.7566	0.6956	1.6e-04	0.5272
4136	-108.9634	-108.9634	-78.3980	0.7195	75.6244	0.6945	1.6e-04	0.5261
4137	-108.9619	-108.9619	-77.9169	0.7151	76.1005	0.6990	1.6e-04	0.5256
4138	-108.9582	-108.9582	-77.6174	0.7124	76.4118	0.7018	1.6e-04	0.5249
4139	-108.9475	-108.9475	-78.2738	0.7185	75.7196	0.6954	1.6e-04	0.5258
4140	-108.9489	-108.9489	-77.8211	0.7143	76.1913	0.6998	1.6e-04	0.5254
4141	-108.9560	-108.9560	-77.2026	0.7086	76.8239	0.7056	1.6e-04	0.5250
4142	-108.9723	-108.9723	-79.1113	0.7260	74.8809	0.6877	1.6e-04	0.5251
4143	-108.9734	-108.9734	-78.1186	0.7169	75.8884	0.6969	1.6e-04	0.5242
4144	-108.9606	-108.9606	-78.0230	0.7161	75.9855	0.6979	1.6e-04	0.5252
4145	-108.9731	-108.9731	-78.4188	0.7196	75.6058	0.6943	1.6e-04	0.5262
4146	-108.9727	-108.9727	-78.1294	0.7170	75.9010	0.6971	1.6e-04	0.5253
4147	-108.9640	-108.9640	-77.6217	0.7124	76.4138	0.7017	1.6e-04	0.5254
4148	-108.9599	-108.9599	-77.5852	0.7121	76.4500	0.7021	1.6e-04	0.5253
4149	-108.9566	-108.9566	-78.1220	0.7170	75.8984	0.6970	1.6e-04	0.5246
4150	-108.9591	-108.9591	-77.5266	0.7115	76.4648	0.7023	1.6e-04	0.5271
4151	-108.9759	-108.9759	-78.0629	0.7163	75.9749	0.6978	1.6e-04	0.5242
4152	-108.9677	-108.9677	-77.8620	0.7145	76.1784	0.6996	1.6e-04	0.5254
4153	-108.9526	-108.9526	-77.5637	0.7119	76.4553	0.7023	1.6e-04	0.5244
4154	-108.9784	-108.9784	-77.5954	0.7120	76.4568	0.7021	1.6e-04	0.5273
4155	-108.9680	-108.9680	-77.2275	0.7087	76.8120	0.7054	1.6e-04	0.5257
4156	-108.9593	-108.9593	-77.5934	0.7121	76.4351	0.7020	1.6e-04	0.5268
4157	-108.9719	-108.9719	-77.4552	0.7108	76.5984	0.7034	1.6e-04	0.5261
4158	-108.9582	-108.9582	-77.8445	0.7144	76.1758	0.6997	1.6e-04	0.5254
4159	-108.9638	-108.9638	-77.9506	0.7154	76.0822	0.6987	1.6e-04	0.5252
4160	-108.9543	-108.9543	-77.8669	0.7147	76.1594	0.6995	1.6e-04	0.5246
4161	-108.9535	-108.9535	-77.9551	0.7155	76.0344	0.6984	1.6e-04	0.5259
4162	-108.9604	-108.9604	-77.5159	0.7114	76.5242	0.7027	1.6e-04	0.5272
4163	-108.9715	-108.9715	-77.8735	0.7146	76.1629	0.6995	1.6e-04	0.5254
4164	-108.9580	-108.9580	-77.2232	0.7087	76.8108	0.7054	1.6e-04	0.5266
4165	-108.9513	-108.9513	-77.6991	0.7132	76.3174	0.7010	1.6e-04	0.5253
4166	-108.9619	-108.9619	-77.6841	0.7129	76.3401	0.7012	1.6e-04	0.5252
4167	-108.9548	-108.9548	-76.8454	0.7053	77.1713	0.7088	1.6e-04	0.5262
4168	-108.9830	-108.9830	-77.6284	0.7123	76.4090	0.7016	1.6e-04	0.5245
4169	-108.9602	-108.9602	-77.0909	0.7075	76.9420	0.7067	1.6e-04	0.5264
4170	-108.9611	-108.9611	-77.1369	0.7079	76.8736	0.7060	1.6e-04	0.5257
4171	-108.9652	-108.9652	-78.0552	0.7163	75.9670	0.6977	1.6e-04	0.5241
4172	-108.9616	-108.9616	-76.6843	0.7038	77.3587	0.7104	1.6e-04	0.5253
4173	-108.9649	-108.9649	-76.8918	0.7057	77.1309	0.7084	1.6e-04	0.5251
4174	-108.9775	-108.9775	-76.9602	0.7062	77.0941	0.7080	1.6e-04	0.5251
4175	-108.9640	-108.9640	-76.2666	0.6999	77.7262	0.7139	1.6e-04	0.5258
4176	-108.9689	-108.9689	-76.7409	0.7042	77.3103	0.7099	1.6e-04	0.5264
4177	-108.9515	-108.9515	-76.4763	0.7019	77.5268	0.7120	1.6e-04	0.5249
4178	-108.9596	-108.9596	-77.7054	0.7132	76.3193	0.7010	1.6e-04	0.5252
4179	-108.9623	-108.9623	-77.5622	0.7118	76.4745	0.7023	1.6e-04	0.5245
4180	-108.9676	-108.9676	-77.1150	0.7077	76.9169	0.7065	1.6e-04	0.5261
4181	-108.9539	-108.9539	-77.6794	0.7130	76.3436	0.7012	1.6e-04	0.5270
4182	-108.9608	-108.9608	-76.4476	0.7016	77.5873	0.7125	1.6e-04	0.5264
4183	-108.9735	-108.9735	-77.5693	0.7118	76.4750	0.7023	1.6e-04	0.5261
4184	-108.9811	-108.9811	-76.0200	0.6976	78.0181	0.7164	1.6e-04	0.5252
4185	-108.9660	-108.9660	-77.0511	0.7071	76.9826	0.7070	1.6e-04	0.5250
4186	-108.9575	-108.9575	-77.0888	0.7075	76.9352	0.7066	1.6e-04	0.5242
4187	-108.9599	-108.9599	-76.8151	0.7050	77.2117	0.7092	1.6e-04	0.5268
4188	-108.9572	-108.9572	-76.6556	0.7035	77.3743	0.7106	1.6e-04	0.5254
4189	-108.9512	-108.9512	-76.8622	0.7055	77.1477	0.7085	1.6e-04	0.5256
4190	-108.9615	-108.9615	-77.2134	0.7086	76.8201	0.7056	1.6e-04	0.5251
4191	-108.9635	-108.9635	-76.4248	0.7014	77.6179	0.7128	1.6e-04	0.5237
4192	-108.9588	-108.9588	-77.4080	0.7104	76.6183	0.7037	1.6e-04	0.5259
4193	-108.9642	-108.9642	-76.3273	0.7005	77.6854	0.7135	1.6e-04	0.5255
4194	-108.9561	-108.9561	-76.7307	0.7042	77.2936	0.7100	1.6e-04	0.5247
4195	-108.9659	-108.9659	-76.5228	0.7023	77.5048	0.7118	1.6e-04	0.5271
4196	-108.9660	-108.9661	-75.6513	0.6943	78.3469	0.7196	1.6e-04	0.5263
4197	-108.9683	-108.9683	-76.2795	0.7000	77.7558	0.7141	1.6e-04	0.5250
4198	-108.9588	-108.9588	-76.2403	0.6997	77.7792	0.7143	1.6e-04	0.5273
4199	-108.9752	-108.9752	-76.7096	0.7039	77.3334	0.7103	1.6e-04	0.5251
4200	-108.9649	-108.9649	-76.5736	0.7027	77.4556	0.7113	1.6e-04	0.5271
4201	-108.9674	-108.9674	-76.1560	0.6989	77.8689	0.7152	1.6e-04	0.5253
4202	-108.9725	-108.9725	-76.7808	0.7046	77.2649	0.7096	1.6e-04	0.5270
4203	-108.9638	-108.9638	-76.3487	0.7007	77.6827	0.7135	1.6e-04	0.5250
4204	-108.9555	-108.9555	-76.0237	0.6978	77.9892	0.7163	1.6e-04	0.5249
4205	-108.9611	-108.9611	-76.7661	0.7045	77.2354	0.7093	1.6e-04	0.5263
4206	-108.9642	-108.9642	-75.9713	0.6972	78.0472	0.7168	1.6e-04	0.5254
4207	-108.9606	-108.9606	-75.6203	0.6940	78.3819	0.7199	1.6e-04	0.5266
4208	-108.9578	-108.9578	-77.0238	0.7069	77.0079	0.7073	1.6e-04	0.5261
4209	-108.9374	-108.9374	-77.0181	0.7070	76.9894	0.7072	1.6e-04	0.5243
4210	-108.9584	-108.9584	-75.7162	0.6949	78.2790	0.7191	1.6e-04	0.5255
4211	-108.9624	-108.9624	-76.0344	0.6978	77.9844	0.7162	1.6e-04	0.5254
4212	-108.9785	-108.9785	-76.0427	0.6978	77.9968	0.7163	1.6e-04	0.5259
4213	-108.9582	-108.9582	-76.4850	0.7020	77.5232	0.7120	1.6e-04	0.5272
4214	-108.9697	-108.9698	-75.5840	0.6936	78.4273	0.7203	1.6e-04	0.5271
4215	-108.9522	-108.9522	-76.7624	0.7046	77.2445	0.7095	1.6e-04	0.5256
4216	-108.9539	-108.9539	-75.9019	0.6966	78.1015	0.7174	1.6e-04	0.5284
4217	-108.9571	-108.9571	-76.3501	0.7007	77.6679	0.7133	1.6e-04	0.5258
4218	-108.9634	-108.9634	-75.9342	0.6969	78.0545	0.7168	1.6e-04	0.5250
4219	-108.9449	-108.9449	-77.1960	0.7086	76.8132	0.7055	1.6e-04	0.5247
4220	-108.9709	-108.9709	-76.8633	0.7054	77.1590	0.7087	1.6e-04	0.5266
4221	-108.9720	-108.9720	-76.0898	0.6983	77.9198	0.7157	1.6e-04	0.5247
4222	-108.9481	-108.9481	-76.3326	0.7006	77.6587	0.7133	1.6e-04	0.5257
4223	-108.9306	-108.9308	-74.8679	0.6873	79.0767	0.7264	1.6e-04	0.5253
4224	-108.9604	-108.9605	-75.3895	0.6919	78.6102	0.7219	1.6e-04	0.5250
4225	-108.9730	-108.9730	-76.3763	0.7009	77.6685	0.7133	1.6e-04	0.5245
4226	-108.9693	-108.9694	-75.3741	0.6917	78.6200	0.7220	1.6e-04	0.5243
4227	-108.9660	-108.9661	-75.9089	0.6966	78.1167	0.7174	1.6e-04	0.5234
4228	-108.9441	-108.9441	-76.5455	0.7026	77.4725	0.7116	1.6e-04	0.5242
4229	-108.9590	-108.9590	-76.4115	0.7013	77.6155	0.7129	1.6e-04	0.5266
4230	-108.9763	-108.9763	-75.9580	0.6970	78.0771	0.7170	1.6e-04	0.5251
4231	-108.9662	-108.9662	-76.2686	0.6999	77.7605	0.7142	1.6e-04	0.5245
4232	-108.9662	-108.9663	-75.5164	0.6930	78.5144	0.7209	1.6e-04	0.5266
4233	-108.9676	-108.9676	-75.7885	0.6955	78.2298	0.7184	1.6e-04	0.5249
4234	-108.9416	-108.9416	-76.4941	0.7022	77.5066	0.7120	1.6e-04	0.5249
4235	-108.9652	-108.9653	-75.6080	0.6939	78.4115	0.7201	1.6e-04	0.5266
4236	-108.9551	-108.9551	-76.6475	0.7035	77.3591	0.7105	1.6e-04	0.5254
4237	-108.9562	-108.9562	-77.0471	0.7071	76.9729	0.7070	1.6e-04	0.5252
4238	-108.9688	-108.9688	-76.0601	0.6980	77.9686	0.7161	1.6e-04	0.5258
4239	-108.9607	-108.9607	-76.5490	0.7025	77.4857	0.7116	1.6e-04	0.5243
4240	-108.9541	-108.9541	-76.9023	0.7058	77.1274	0.7083	1.6e-04	0.5243
4241	-108.9537	-108.9537	-76.9790	0.7065	77.0411	0.7077	1.6e-04	0.5269
4242	-108.9691	-108.9691	-76.7484	0.7043	77.2839	0.7098	1.6e-04	0.5259
4243	-108.9678	-108.9678	-76.7451	0.7043	77.2981	0.7099	1.6e-04	0.5286
4244	-108.9698	-108.9698	-76.4831	0.7019	77.5520	0.7123	1.6e-04	0.5263
4245	-108.9660	-108.9660	-75.9926	0.6974	78.0339	0.7167	1.6e-04	0.5248
4246	-108.9621	-108.9621	-76.9926	0.7066	77.0444	0.7076	1.6e-04	0.5270
4247	-108.9482	-108.9482	-76.8673	0.7055	77.1524	0.7087	1.6e-04	0.5253
4248	-108.9607	-108.9607	-76.8191	0.7050	77.2129	0.7091	1.6e-04	0.5259
4249	-108.9666	-108.9666	-77.0279	0.7069	76.9991	0.7072	1.6e-04	0.5254
4250	-108.9789	-108.9789	-76.8803	0.7055	77.1839	0.7087	1.6e-04	0.5248
4251	-108.9661	-108.9661	-76.2592	0.6998	77.7861	0.7143	1.6e-04	0.5258
4252	-108.9571	-108.9571	-76.7834	0.7047	77.2506	0.7095	1.6e-04	0.5257
4253	-108.9565	-108.9565	-76.9890	0.7066	77.0396	0.7076	1.6e-04	0.5254
4254	-108.9695	-108.9695	-76.8040	0.7048	77.2364	0.7093	1.6e-04	0.5256
4255	-108.9443	-108.9443	-77.0064	0.7068	76.9979	0.7072	1.6e-04	0.5257
4256	-108.9609	-108.9609	-77.3614	0.7100	76.6831	0.7042	1.6e-04	0.5261
4257	-108.9685	-108.9685	-77.6427	0.7125	76.4016	0.7016	1.6e-04	0.5249
4258	-108.9594	-108.9594	-77.4455	0.7108	76.5857	0.7034	1.6e-04	0.5254
4259	-108.9760	-108.9760	-77.8543	0.7144	76.1363	0.6992	1.6e-04	0.5251
4260	-108.9806	-108.9806	-77.0492	0.7070	77.0107	0.7072	1.6e-04	0.5259
4261	-108.9738	-108.9738	-78.0654	0.7164	75.9680	0.6977	1.6e-04	0.5251
4262	-108.9517	-108.9517	-77.7314	0.7134	76.2899	0.7007	1.6e-04	0.5252
4263	-108.9540	-108.9540	-78.1072	0.7169	75.9063	0.6972	1.6e-04	0.5247
4264	-108.9626	-108.9626	-77.3472	0.7099	76.6857	0.7043	1.6e-04	0.5250
4265	-108.9522	-108.9522	-78.6849	0.7222	75.3054	0.6917	1.6e-04	0.5275
4266	-108.9631	-108.9631	-78.0832	0.7166	75.9352	0.6974	1.6e-04	0.5270
4267	-108.9697	-108.9697	-77.9020	0.7149	76.1249	0.6992	1.6e-04	0.5256
4268	-108.9575	-108.9575	-77.2950	0.7094	76.7351	0.7048	1.6e-04	0.5263
4269	-108.9724	-108.9724	-77.6847	0.7129	76.3347	0.7010	1.6e-04	0.5251
4270	-108.9682	-108.9682	-77.0836	0.7074	76.9308	0.7065	1.6e-04	0.5256
4271	-108.9778	-108.9778	-77.7124	0.7131	76.3448	0.7010	1.6e-04	0.5249
4272	-108.9578	-108.9578	-77.1773	0.7083	76.8525	0.7058	1.6e-04	0.5276
4273	-108.9682	-108.9682	-76.7487	0.7043	77.2775	0.7097	1.6e-04	0.5256
4274	-108.9508	-108.9508	-77.4095	0.7105	76.6261	0.7037	1.6e-04	0.5254
4275	-108.9649	-108.9649	-77.9461	0.7153	76.0892	0.6988	1.6e-04	0.5262
4276	-108.9630	-108.9630	-76.2348	0.6996	77.7988	0.7145	1.6e-04	0.5252
4277	-108.9673	-108.9673	-76.3851	0.7010	77.6544	0.7132	1.6e-04	0.5265
4278	-108.9727	-108.9727	-77.0167	0.7068	77.0360	0.7075	1.6e-04	0.5257
4279	-108.9702	-108.9702	-77.6939	0.7130	76.3443	0.7011	1.6e-04	0.5254
4280	-108.9615	-108.9615	-77.8244	0.7142	76.1969	0.6999	1.6e-04	0.5271
4281	-108.9578	-108.9578	-76.1681	0.6991	77.8493	0.7150	1.6e-04	0.5256
4282	-108.9677	-108.9677	-76.4917	0.7020	77.5434	0.7122	1.6e-04	0.5247
4283	-108.9551	-108.9551	-76.7664	0.7046	77.2698	0.7096	1.6e-04	0.5257
4284	-108.9604	-108.9604	-76.4730	0.7018	77.5590	0.7123	1.6e-04	0.5262
4285	-108.9611	-108.9611	-78.3124	0.7187	75.6891	0.6952	1.6e-04	0.5270
4286	-108.9730	-108.9730	-78.1752	0.7174	75.8583	0.6967	1.6e-04	0.5257
4287	-108.9680	-108.9680	-78.2405	0.7180	75.7899	0.6960	1.6e-04	0.5242
4288	-108.9628	-108.9628	-78.2524	0.7182	75.7667	0.6958	1.6e-04	0.5263
4289	-108.9575	-108.9575	-78.1311	0.7171	75.8814	0.6970	1.6e-04	0.5253
4290	-108.9616	-108.9616	-77.9432	0.7153	76.0714	0.6987	1.6e-04	0.5251
4291	-108.9662	-108.9662	-76.8393	0.7052	77.1828	0.7089	1.6e-04	0.5253
4292	-108.9540	-108.9540	-77.6181	0.7124	76.4082	0.7017	1.6e-04	0.5253
4293	-108.9674	-108.9674	-77.9479	0.7153	76.0832	0.6987	1.6e-04	0.5258
4294	-108.9699	-108.9699	-78.1748	0.7174	75.8548	0.6966	1.6e-04	0.5253
4295	-108.9647	-108.9647	-77.4517	0.7108	76.5837	0.7034	1.6e-04	0.5247
4296	-108.9526	-108.9526	-76.8737	0.7056	77.1568	0.7086	1.6e-04	0.5267
4297	-108.9740	-108.9740	-78.0137	0.7159	76.0329	0.6982	1.6e-04	0.5254
4298	-108.9608	-108.9608	-77.1520	0.7081	76.8786	0.7061	1.6e-04	0.5237
4299	-108.9431	-108.9431	-78.1991	0.7178	75.7778	0.6960	1.6e-04	0.5255
4300	-108.9649	-108.9649	-77.0250	0.7069	76.9845	0.7070	1.6e-04	0.5260
4301	-108.9537	-108.9537	-77.4985	0.7113	76.4989	0.7027	1.6e-04	0.5253
4302	-108.9640	-108.9640	-76.8693	0.7055	77.1725	0.7088	1.6e-04	0.5254
4303	-108.9672	-108.9672	-77.9645	0.7155	76.0480	0.6984	1.6e-04	0.5247
4304	-108.9867	-108.9867	-77.4424	0.7106	76.6043	0.7035	1.6e-04	0.5251
4305	-108.9834	-108.9834	-77.8635	0.7145	76.1966	0.6997	1.6e-04	0.5254
4306	-108.9636	-108.9636	-77.5397	0.7116	76.5030	0.7026	1.6e-04	0.5256
4307	-108.9468	-108.9468	-77.6850	0.7131	76.3332	0.7011	1.6e-04	0.5255
4308	-108.9759	-108.9759	-76.7814	0.7046	77.2644	0.7096	1.6e-04	0.5256
4309	-108.9531	-108.9531	-77.5381	0.7117	76.4807	0.7024	1.6e-04	0.5253
4310	-108.9678	-108.9678	-77.5036	0.7113	76.5365	0.7029	1.6e-04	0.5246
4311	-108.9668	-108.9668	-77.9960	0.7158	76.0349	0.6983	1.6e-04	0.5248
4312	-108.9704	-108.9704	-77.5726	0.7119	76.4632	0.7022	1.6e-04	0.5254
4313	-108.9687	-108.9687	-76.8848	0.7056	77.1567	0.7086	1.6e-04	0.5255
4314	-108.9619	-108.9619	-77.1187	0.7078	76.9217	0.7065	1.6e-04	0.5253
4315	-108.9661	-108.9661	-77.6350	0.7125	76.3841	0.7015	1.6e-04	0.5277
4316	-108.9783	-108.9783	-77.5923	0.7120	76.4513	0.7021	1.6e-04	0.5246
4317	-108.9717	-108.9717	-77.7281	0.7133	76.3125	0.7008	1.6e-04	0.5243
4318	-108.9608	-108.9608	-78.1502	0.7172	75.8699	0.6967	1.6e-04	0.5271
4319	-108.9665	-108.9665	-77.9810	0.7156	76.0643	0.6985	1.6e-04	0.5237
4320	-108.9782	-108.9782	-76.8218	0.7049	77.2353	0.7093	1.6e-04	0.5246
4321	-108.9784	-108.9784	-76.8912	0.7056	77.1637	0.7086	1.6e-04	0.5258
4322	-108.9551	-108.9551	-77.2312	0.7088	76.8003	0.7054	1.6e-04	0.5244
4323	-108.9684	-108.9684	-76.6770	0.7037	77.3677	0.7105	1.6e-04	0.5238
4324	-108.9630	-108.9630	-77.8014	0.7140	76.2253	0.7001	1.6e-04	0.5269
4325	-108.9617	-108.9617	-78.0157	0.7160	76.0170	0.6981	1.6e-04	0.5249
4326	-108.9765	-108.9765	-78.7889	0.7230	75.2325	0.6908	1.6e-04	0.5240
4327	-108.9586	-108.9586	-77.7788	0.7138	76.2609	0.7003	1.6e-04	0.5268
4328	-108.9469	-108.9469	-77.2284	0.7089	76.7956	0.7053	1.6e-04	0.5255
4329	-108.9575	-108.9575	-77.5047	0.7113	76.5204	0.7028	1.6e-04	0.5249
4330	-108.9574	-108.9574	-77.3627	0.7100	76.6709	0.7041	1.6e-04	0.5252
4331	-108.9712	-108.9712	-76.6441	0.7033	77.4067	0.7108	1.6e-04	0.5251
4332	-108.9825	-108.9825	-76.9372	0.7060	77.1180	0.7081	1.6e-04	0.5275
4333	-108.9572	-108.9572	-77.5134	0.7114	76.5151	0.7027	1.6e-04	0.5252
4334	-108.9430	-108.9430	-78.0768	0.7167	75.9335	0.6974	1.6e-04	0.5248
4335	-108.9614	-108.9614	-77.7644	0.7137	76.2681	0.7004	1.6e-04	0.5269
4336	-108.9704	-108.9704	-76.6237	0.7032	77.3980	0.7108	1.6e-04	0.5255
4337	-108.9648	-108.9648	-77.0781	0.7074	76.9653	0.7068	1.6e-04	0.5235
4338	-108.9549	-108.9549	-77.5715	0.7120	76.4472	0.7022	1.6e-04	0.5267
4339	-108.9560	-108.9560	-77.8713	0.7147	76.1588	0.6994	1.6e-04	0.5249
4340	-108.9675	-108.9675	-77.6784	0.7129	76.3591	0.7013	1.6e-04	0.5239
4341	-108.9509	-108.9509	-77.0347	0.7071	76.9964	0.7071	1.6e-04	0.5262
4342	-108.9566	-108.9566	-76.7846	0.7047	77.2405	0.7093	1.6e-04	0.5247
4343	-108.9682	-108.9682	-77.0436	0.7070	77.0039	0.7071	1.6e-04	0.5250
4344	-108.9662	-108.9662	-77.3041	0.7094	76.7282	0.7047	1.6e-04	0.5260
4345	-108.9500	-108.9500	-77.4707	0.7111	76.5571	0.7031	1.6e-04	0.5253
4346	-108.9553	-108.9553	-77.1374	0.7080	76.8923	0.7062	1.6e-04	0.5250
4347	-108.9638	-108.9638	-77.6706	0.7128	76.3628	0.7013	1.6e-04	0.5247
4348	-108.9690	-108.9690	-77.4647	0.7109	76.5519	0.7030	1.6e-04	0.5242
4349	-108.9494	-108.9494	-78.2439	0.7182	75.7618	0.6958	1.6e-04	0.5246
4350	-108.9708	-108.9708	-77.0690	0.7072	76.9682	0.7069	1.6e-04	0.5247
4351	-108.9683	-108.9683	-77.4427	0.7107	76.6148	0.7035	1.6e-04	0.5260
4352	-108.9724	-108.9724	-77.5957	0.7121	76.4474	0.7020	1.6e-04	0.5250
4353	-108.9578	-108.9578	-77.6883	0.7130	76.3193	0.7009	1.6e-04	0.5245
4354	-108.9615	-108.9615	-77.1690	0.7082	76.8729	0.7060	1.6e-04	0.5248
4355	-108.9708	-108.9708	-77.6642	0.7127	76.3854	0.7015	1.6e-04	0.5263
4356	-108.9690	-108.9690	-77.0239	0.7068	77.0295	0.7073	1.6e-04	0.5247
4357	-108.9667	-108.9667	-77.4659	0.7109	76.5833	0.7033	1.6e-04	0.5261
4358	-108.9658	-108.9658	-77.3403	0.7098	76.7099	0.7044	1.6e-04	0.5254
4359	-108.9743	-108.9743	-77.8544	0.7144	76.1908	0.6997	1.6e-04	0.5243
4360	-108.9443	-108.9443	-77.9411	0.7154	76.0557	0.6985	1.6e-04	0.5257
4361	-108.9510	-108.9510	-78.7493	0.7228	75.2376	0.6910	1.6e-04	0.5249
4362	-108.9542	-108.9542	-78.1371	0.7172	75.8617	0.6967	1.6e-04	0.5244
4363	-108.9669	-108.9669	-77.8190	0.7142	76.2156	0.6999	1.6e-04	0.5270
4364	-108.9629	-108.9629	-77.6342	0.7125	76.3826	0.7015	1.6e-04	0.5249
4365	-108.9618	-108.9618	-77.8471	0.7144	76.1779	0.6996	1.6e-04	0.5240
4366	-108.9577	-108.9577	-77.6579	0.7127	76.3693	0.7014	1.6e-04	0.5262
4367	-108.9699	-108.9699	-77.4609	0.7108	76.5882	0.7033	1.6e-04	0.5252
4368	-108.9505	-108.9505	-78.0605	0.7165	75.9507	0.6976	1.6e-04	0.5246
4369	-108.9723	-108.9723	-77.5874	0.7120	76.4574	0.7021	1.6e-04	0.5275
4370	-108.9564	-108.9564	-77.3738	0.7101	76.6200	0.7037	1.6e-04	0.5252
4371	-108.9479	-108.9479	-78.0342	0.7163	75.9730	0.6978	1.6e-04	0.5247
4372	-108.9561	-108.9561	-78.0902	0.7167	75.9361	0.6974	1.6e-04	0.5272
4373	-108.9544	-108.9544	-77.8045	0.7141	76.2241	0.7000	1.6e-04	0.5256
4374	-108.9453	-108.9453	-77.7636	0.7138	76.2341	0.7002	1.6e-04	0.5248
4375	-108.9624	-108.9624	-78.4265	0.7198	75.5848	0.6941	1.6e-04	0.5263
4376	-108.9744	-108.9744	-78.4445	0.7198	75.5822	0.6941	1.6e-04	0.5248
4377	-108.9550	-108.9550	-77.9448	0.7154	76.0548	0.6985	1.6e-04	0.5249
4378	-108.9533	-108.9533	-77.6963	0.7131	76.2952	0.7006	1.6e-04	0.5279
4379	-108.9808	-108.9808	-78.1905	0.7175	75.8283	0.6964	1.6e-04	0.5255
4380	-108.9599	-108.9599	-77.3291	0.7097	76.7065	0.7045	1.6e-04	0.5268
4381	-108.9687	-108.9687	-77.7934	0.7139	76.2457	0.7002	1.6e-04	0.5248
4382	-108.9668	-108.9668	-77.8567	0.7145	76.1810	0.6996	1.6e-04	0.5249
4383	-108.9660	-108.9660	-78.1242	0.7170	75.8996	0.6971	1.6e-04	0.5254
4384	-108.9801	-108.9801	-77.6837	0.7128	76.3703	0.7013	1.6e-04	0.5261
4385	-108.9539	-108.9539	-78.2139	0.7179	75.7757	0.6960	1.6e-04	0.5263
4386	-108.9663	-108.9663	-77.2251	0.7087	76.8153	0.7055	1.6e-04	0.5247
4387	-108.9556	-108.9556	-77.3938	0.7103	76.6471	0.7039	1.6e-04	0.5259
4388	-108.9516	-108.9516	-77.6272	0.7125	76.3955	0.7017	1.6e-04	0.5268
4389	-108.9593	-108.9593	-77.2815	0.7093	76.7554	0.7049	1.6e-04	0.5259
4390	-108.9582	-108.9582	-78.3030	0.7187	75.7069	0.6954	1.6e-04	0.5255
4391	-108.9741	-108.9741	-77.9401	0.7152	76.0986	0.6988	1.6e-04	0.5246
4392	-108.9588	-108.9588	-77.5782	0.7120	76.4526	0.7022	1.6e-04	0.5250
4393	-108.9715	-108.9715	-77.1789	0.7082	76.8611	0.7060	1.6e-04	0.5254
4394	-108.9655	-108.9655	-77.7219	0.7133	76.2603	0.7004	1.6e-04	0.5241
4395	-108.9604	-108.9604	-77.4349	0.7107	76.6035	0.7035	1.6e-04	0.5243
4396	-108.9646	-108.9646	-77.3144	0.7095	76.7298	0.7047	1.6e-04	0.5251
4397	-108.9609	-108.9609	-78.0630	0.7164	75.9602	0.6977	1.6e-04	0.5273
4398	-108.9711	-108.9711	-76.1272	0.6986	77.9129	0.7155	1.6e-04	0.5244
4399	-108.9482	-108.9482	-77.3282	0.7098	76.6885	0.7044	1.6e-04	0.5247
4400	-108.9659	-108.9659	-76.9109	0.7058	77.1336	0.7084	1.6e-04	0.5255
4401	-108.9449	-108.9449	-77.4905	0.7113	76.5209	0.7028	1.6e-04	0.5244
4402	-108.9602	-108.9602	-77.5386	0.7116	76.4950	0.7026	1.6e-04	0.5246
4403	-108.9604	-108.9604	-77.3151	0.7096	76.7209	0.7046	1.6e-04	0.5260
4404	-108.9620	-108.9620	-77.6557	0.7127	76.3906	0.7015	1.6e-04	0.5259
4405	-108.9590	-108.9590	-77.6016	0.7122	76.4296	0.7020	1.6e-04	0.5246
4406	-108.9640	-108.9640	-77.8836	0.7148	76.1259	0.6992	1.6e-04	0.5266
4407	-108.9616	-108.9616	-77.6550	0.7127	76.3835	0.7015	1.6e-04	0.5253
4408	-108.9777	-108.9777	-76.6378	0.7032	77.3995	0.7108	1.6e-04	0.5254
4409	-108.9611	-108.9611	-77.7692	0.7137	76.2659	0.7004	1.6e-04	0.5256
4410	-108.9747	-108.9747	-76.7829	0.7046	77.2350	0.7092	1.6e-04	0.5244
4411	-108.9681	-108.9681	-77.2444	0.7089	76.8034	0.7053	1.6e-04	0.5275
4412	-108.9648	-108.9648	-77.7837	0.7138	76.2423	0.7003	1.6e-04	0.5248
4413	-108.9607	-108.9607	-77.7376	0.7134	76.2891	0.7007	1.6e-04	0.5249
4414	-108.9589	-108.9589	-76.1948	0.6993	77.8330	0.7148	1.6e-04	0.5272
4415	-108.9629	-108.9629	-78.1128	0.7169	75.9122	0.6972	1.6e-04	0.5256
4416	-108.9708	-108.9708	-77.0075	0.7067	77.0429	0.7075	1.6e-04	0.5252
4417	-108.9610	-108.9610	-77.3823	0.7102	76.6524	0.7040	1.6e-04	0.5254
4418	-108.9607	-108.9607	-77.1691	0.7082	76.8476	0.7057	1.6e-04	0.5258
4419	-108.9709	-108.9709	-76.7955	0.7047	77.2609	0.7095	1.6e-04	0.5245
4420	-108.9702	-108.9702	-77.0940	0.7075	76.9387	0.7066	1.6e-04	0.5273
4421	-108.9595	-108.9595	-76.7417	0.7043	77.2827	0.7097	1.6e-04	0.5253
4422	-108.9589	-108.9589	-77.2337	0.7088	76.8003	0.7053	1.6e-04	0.5248
4423	-108.9692	-108.9692	-77.4005	0.7103	76.6479	0.7039	1.6e-04	0.5269
4424	-108.9572	-108.9572	-77.2737	0.7092	76.7612	0.7050	1.6e-04	0.5251
4425	-108.9641	-108.9641	-77.6700	0.7128	76.3571	0.7013	1.6e-04	0.5247
4426	-108.9695	-108.9695	-77.9762	0.7156	76.0581	0.6985	1.6e-04	0.5268
4427	-108.9529	-108.9529	-77.5628	0.7119	76.4491	0.7023	1.6e-04	0.5256
4428	-108.9665	-108.9665	-76.7431	0.7043	77.3040	0.7099	1.6e-04	0.5261
4429	-108.9741	-108.9741	-77.4183	0.7104	76.6267	0.7037	1.6e-04	0.5249
4430	-108.9454	-108.9454	-77.1231	0.7079	76.8924	0.7063	1.6e-04	0.5270
4431	-108.9797	-108.9797	-77.2754	0.7091	76.7995	0.7051	1.6e-04	0.5265
4432	-108.9604	-108.9604	-77.6038	0.7122	76.4306	0.7019	1.6e-04	0.5257
4433	-108.9678	-108.9678	-77.2336	0.7088	76.8186	0.7054	1.6e-04	0.5253
4434	-108.9589	-108.9589	-77.9427	0.7153	76.0681	0.6986	1.6e-04	0.5255
4435	-108.9608	-108.9608	-77.4944	0.7112	76.5456	0.7030	1.6e-04	0.5252
4436	-108.9646	-108.9646	-76.3768	0.7009	77.6362	0.7132	1.6e-04	0.5252
4437	-108.9665	-108.9665	-77.8519	0.7145	76.1758	0.6997	1.6e-04	0.5248
4438	-108.9711	-108.9711	-77.6105	0.7122	76.4249	0.7020	1.6e-04	0.5271
4439	-108.9590	-108.9590	-76.9093	0.7059	77.1355	0.7084	1.6e-04	0.5255
4440	-108.9658	-108.9658	-76.3510	0.7007	77.6809	0.7134	1.6e-04	0.5250
4441	-108.9537	-108.9537	-77.4037	0.7104	76.6216	0.7038	1.6e-04	0.5248
4442	-108.9594	-108.9594	-76.3241	0.7005	77.6846	0.7135	1.6e-04	0.5243
4443	-108.9765	-108.9765	-75.8874	0.6964	78.1403	0.7177	1.6e-04	0.5263
4444	-108.9776	-108.9776	-76.0999	0.6983	77.9348	0.7157	1.6e-04	0.5245
4445	-108.9648	-108.9648	-76.5307	0.7023	77.5063	0.7118	1.6e-04	0.5250
4446	-108.9632	-108.9632	-75.5893	0.6937	78.4132	0.7202	1.6e-04	0.5254
4447	-108.9596	-108.9596	-76.6304	0.7033	77.4020	0.7109	1.6e-04	0.5255
4448	-108.9599	-108.9599	-77.4797	0.7111	76.5472	0.7031	1.6e-04	0.5258
4449	-108.9586	-108.9587	-75.8796	0.6964	78.1230	0.7175	1.6e-04	0.5251
4450	-108.9587	-108.9587	-76.7182	0.7041	77.3017	0.7100	1.6e-04	0.5244
4451	-108.9609	-108.9609	-76.6427	0.7034	77.3979	0.7108	1.6e-04	0.5269
4452	-108.9572	-108.9572	-76.8683	0.7055	77.1436	0.7086	1.6e-04	0.5252
4453	-108.9798	-108.9798	-76.1094	0.6984	77.9361	0.7157	1.6e-04	0.5251
4454	-108.9649	-108.9649	-76.4877	0.7019	77.5504	0.7122	1.6e-04	0.5258
4455	-108.9562	-108.9562	-77.6312	0.7125	76.3765	0.7015	1.6e-04	0.5261
4456	-108.9631	-108.9631	-77.3809	0.7102	76.6419	0.7040	1.6e-04	0.5253
4457	-108.9661	-108.9661	-75.5889	0.6937	78.4115	0.7202	1.6e-04	0.5267
4458	-108.9440	-108.9440	-76.2185	0.6996	77.7965	0.7145	1.6e-04	0.5253
4459	-108.9496	-108.9496	-76.7491	0.7044	77.2499	0.7096	1.6e-04	0.5255
4460	-108.9550	-108.9550	-76.9985	0.7067	77.0163	0.7073	1.6e-04	0.5267
4461	-108.9515	-108.9515	-76.7367	0.7043	77.2877	0.7099	1.6e-04	0.5249
4462	-108.9525	-108.9525	-77.8013	0.7141	76.2045	0.7000	1.6e-04	0.5270
4463	-108.9629	-108.9629	-76.2903	0.7001	77.7267	0.7140	1.6e-04	0.5258
4464	-108.9703	-108.9703	-76.2301	0.6995	77.8105	0.7146	1.6e-04	0.5251
4465	-108.9587	-108.9588	-75.1564	0.6898	78.8299	0.7240	1.6e-04	0.5262
4466	-108.9536	-108.9536	-76.6115	0.7032	77.3935	0.7109	1.6e-04	0.5241
4467	-108.9601	-108.9601	-77.3153	0.7096	76.7162	0.7046	1.6e-04	0.5276
4468	-108.9625	-108.9626	-75.5545	0.6934	78.4462	0.7205	1.6e-04	0.5263
4469	-108.9616	-108.9616	-76.1485	0.6989	77.8664	0.7152	1.6e-04	0.5251
4470	-108.9678	-108.9678	-76.2369	0.6996	77.7911	0.7145	1.6e-04	0.5257
4471	-108.9557	-108.9557	-77.0888	0.7075	76.9356	0.7067	1.6e-04	0.5264
4472	-108.9642	-108.9642	-77.1513	0.7080	76.8793	0.7062	1.6e-04	0.5258
4473	-108.9584	-108.9584	-76.4943	0.7020	77.5319	0.7121	1.6e-04	0.5254
4474	-108.9721	-108.9721	-75.7903	0.6955	78.2148	0.7185	1.6e-04	0.5250
4475	-108.9584	-108.9584	-77.1855	0.7084	76.8479	0.7058	1.6e-04	0.5250
4476	-108.9650	-108.9650	-76.7357	0.7042	77.3070	0.7100	1.6e-04	0.5239
4477	-108.9557	-108.9557	-76.8010	0.7049	77.2228	0.7093	1.6e-04	0.5260
4478	-108.9622	-108.9622	-76.9459	0.7062	77.0847	0.7080	1.6e-04	0.5264
4479	-108.9396	-108.9396	-76.3677	0.7010	77.6386	0.7131	1.6e-04	0.5256
4480	-108.9853	-108.9853	-76.1132	0.6984	77.9314	0.7157	1.6e-04	0.5254
4481	-108.9764	-108.9764	-76.6742	0.7036	77.3383	0.7103	1.6e-04	0.5251
4482	-108.9742	-108.9742	-76.3585	0.7007	77.6777	0.7134	1.6e-04	0.5251
4483	-108.9792	-108.9792	-76.2525	0.6997	77.7894	0.7144	1.6e-04	0.5260
4484	-108.9675	-108.9675	-76.1091	0.6985	77.9294	0.7156	1.6e-04	0.5247
4485	-108.9582	-108.9582	-76.4441	0.7016	77.5855	0.7126	1.6e-04	0.5242
4486	-108.9797	-108.9797	-76.6826	0.7036	77.3685	0.7105	1.6e-04	0.5252
4487	-108.9624	-108.9624	-77.0542	0.7072	76.9844	0.7070	1.6e-04	0.5248
4488	-108.9651	-108.9651	-76.0647	0.6981	77.9506	0.7160	1.6e-04	0.5282
4489	-108.9642	-108.9642	-76.1414	0.6988	77.8817	0.7153	1.6e-04	0.5247
4490	-108.9662	-108.9662	-76.4841	0.7019	77.5470	0.7122	1.6e-04	0.5245
4491	-108.9543	-108.9543	-76.5877	0.7029	77.4367	0.7112	1.6e-04	0.5255
4492	-108.9500	-108.9500	-76.3370	0.7007	77.6751	0.7135	1.6e-04	0.5255
4493	-108.9618	-108.9618	-76.2324	0.6996	77.7901	0.7144	1.6e-04	0.5253
4494	-108.9458	-108.9458	-76.3289	0.7006	77.6903	0.7135	1.6e-04	0.5243
4495	-108.9654	-108.9654	-76.1335	0.6987	77.8979	0.7154	1.6e-04	0.5248
4496	-108.9709	-108.9709	-76.7317	0.7041	77.3213	0.7101	1.6e-04	0.5260
4497	-108.9588	-108.9588	-75.8188	0.6958	78.1952	0.7182	1.6e-04	0.5254
4498	-108.9622	-108.9622	-76.5229	0.7023	77.5063	0.7118	1.6e-04	0.5257
4499	-108.9721	-108.9721	-77.3034	0.7094	76.7333	0.7047	1.6e-04	0.5253
4500	-108.9571	-108.9571	-76.7209	0.7041	77.3109	0.7101	1.6e-04	0.5253
4501	-108.9606	-108.9606	-76.8692	0.7055	77.1630	0.7087	1.6e-04	0.5243
4502	-108.9736	-108.9736	-76.4106	0.7012	77.6228	0.7128	1.6e-04	0.5247
4503	-108.9570	-108.9570	-76.7385	0.7043	77.2837	0.7099	1.6e-04	0.5241
4504	-108.9752	-108.9752	-76.6602	0.7035	77.3928	0.7107	1.6e-04	0.5264
4505	-108.9649	-108.9649	-77.2230	0.7087	76.7700	0.7051	1.6e-04	0.5254
4506	-108.9646	-108.9646	-77.7979	0.7140	76.2320	0.7001	1.6e-04	0.5249
4507	-108.9430	-108.9430	-76.8554	0.7055	77.1541	0.7087	1.6e-04	0.5261
4508	-108.9683	-108.9683	-76.9670	0.7063	77.0508	0.7076	1.6e-04	0.5250
4509	-108.9458	-108.9458	-77.6553	0.7128	76.3612	0.7014	1.6e-04	0.5239
4510	-108.9608	-108.9608	-77.4889	0.7112	76.5360	0.7030	1.6e-04	0.5256
4511	-108.9451	-108.9451	-76.9958	0.7067	77.0041	0.7073	1.6e-04	0.5258
4512	-108.9677	-108.9677	-76.1878	0.6992	77.8432	0.7149	1.6e-04	0.5257
4513	-108.9523	-108.9523	-76.7902	0.7048	77.2311	0.7094	1.6e-04	0.5249
4514	-108.9681	-108.9681	-75.9753	0.6972	78.0601	0.7168	1.6e-04	0.5249
4515	-108.9515	-108.9515	-76.5083	0.7022	77.5150	0.7120	1.6e-04	0.5263
4516	-108.9501	-108.9501	-76.9822	0.7066	77.0293	0.7075	1.6e-04	0.5258
4517	-108.9606	-108.9606	-76.5696	0.7027	77.4648	0.7115	1.6e-04	0.5255
4518	-108.9725	-108.9725	-76.6017	0.7029	77.4350	0.7112	1.6e-04	0.5253
4519	-108.9477	-108.9477	-75.9619	0.6972	78.0406	0.7168	1.6e-04	0.5256
4520	-108.9708	-108.9708	-75.7613	0.6952	78.2646	0.7187	1.6e-04	0.5254
4521	-108.9618	-108.9618	-76.3458	0.7007	77.6714	0.7133	1.6e-04	0.5257
4522	-108.9652	-108.9652	-76.7791	0.7046	77.2604	0.7096	1.6e-04	0.5266
4523	-108.9533	-108.9533	-75.5668	0.6936	78.4344	0.7204	1.6e-04	0.5255
4524	-108.9587	-108.9587	-76.5910	0.7029	77.4300	0.7112	1.6e-04	0.5245
4525	-108.9645	-108.9645	-75.5232	0.6931	78.4935	0.7208	1.6e-04	0.5273
4526	-108.9663	-108.9663	-76.0075	0.6975	78.0222	0.7165	1.6e-04	0.5244
4527	-108.9594	-108.9595	-75.2309	0.6904	78.7609	0.7233	1.6e-04	0.5261
4528	-108.9655	-108.9655	-75.7417	0.6951	78.2806	0.7189	1.6e-04	0.5249
4529	-108.9767	-108.9769	-74.7909	0.6863	79.1948	0.7273	1.6e-04	0.5250
4530	-108.9729	-108.9729	-75.9657	0.6971	78.0633	0.7169	1.6e-04	0.5264
4531	-108.9648	-108.9648	-76.3622	0.7008	77.6709	0.7134	1.6e-04	0.5241
4532	-108.9544	-108.9544	-76.0841	0.6983	77.9236	0.7158	1.6e-04	0.5249
4533	-108.9620	-108.9621	-75.4464	0.6924	78.5680	0.7215	1.6e-04	0.5240
4534	-108.9477	-108.9479	-74.7183	0.6858	79.2397	0.7278	1.6e-04	0.5255
4535	-108.9656	-108.9656	-76.0827	0.6982	77.9512	0.7159	1.6e-04	0.5250
4536	-108.9720	-108.9720	-75.7558	0.6952	78.2613	0.7188	1.6e-04	0.5254
4537	-108.9672	-108.9674	-74.6704	0.6853	79.3081	0.7283	1.6e-04	0.5252
4538	-108.9635	-108.9636	-75.1537	0.6897	78.8188	0.7239	1.6e-04	0.5238
4539	-108.9628	-108.9628	-75.6431	0.6942	78.3689	0.7198	1.6e-04	0.5247
4540	-108.9574	-108.9574	-75.6825	0.6946	78.3294	0.7194	1.6e-04	0.5253
4541	-108.9650	-108.9651	-75.6932	0.6947	78.3213	0.7193	1.6e-04	0.5253
4542	-108.9611	-108.9611	-76.1884	0.6992	77.8250	0.7149	1.6e-04	0.5263
4543	-108.9769	-108.9769	-76.2362	0.6996	77.8038	0.7146	1.6e-04	0.5243
4544	-108.9672	-108.9672	-75.5942	0.6937	78.4141	0.7201	1.6e-04	0.5249
4545	-108.9648	-108.9648	-76.1199	0.6986	77.8670	0.7151	1.6e-04	0.5256
4546	-108.9776	-108.9776	-76.4638	0.7016	77.5682	0.7124	1.6e-04	0.5246
4547	-108.9691	-108.9691	-75.9416	0.6969	78.0789	0.7171	1.6e-04	0.5248
4548	-108.9445	-108.9445	-77.1253	0.7079	76.8780	0.7063	1.6e-04	0.5248
4549	-108.9544	-108.9544	-75.7932	0.6956	78.2211	0.7184	1.6e-04	0.5256
4550	-108.9717	-108.9717	-76.8642	0.7054	77.1775	0.7088	1.6e-04	0.5248
4551	-108.9645	-108.9645	-76.2263	0.6996	77.7928	0.7146	1.6e-04	0.5239
4552	-108.9776	-108.9776	-76.1700	0.6990	77.8760	0.7152	1.6e-04	0.5255
4553	-108.9760	-108.9761	-75.2114	0.6902	78.7877	0.7236	1.6e-04	0.5252
4554	-108.9727	-108.9727	-76.0811	0.6982	77.9473	0.7159	1.6e-04	0.5241
4555	-108.9571	-108.9571	-76.1281	0.6987	77.8459	0.7150	1.6e-04	0.5237
4556	-108.9752	-108.9752	-76.6371	0.7033	77.3922	0.7108	1.6e-04	0.5280
4557	-108.9649	-108.9650	-75.6534	0.6943	78.3436	0.7196	1.6e-04	0.5262
4558	-108.9557	-108.9557	-76.4428	0.7016	77.5664	0.7125	1.6e-04	0.5243
4559	-108.9770	-108.9770	-76.2827	0.7000	77.7315	0.7140	1.6e-04	0.5249
4560	-108.9671	-108.9671	-76.4351	0.7015	77.5932	0.7126	1.6e-04	0.5252
4561	-108.9538	-108.9538	-76.3191	0.7005	77.7017	0.7137	1.6e-04	0.5252
4562	-108.9548	-108.9548	-76.3838	0.7011	77.6378	0.7131	1.6e-04	0.5242
4563	-108.9583	-108.9583	-76.2945	0.7002	77.7369	0.7139	1.6e-04	0.5239
4564	-108.9665	-108.9665	-76.3495	0.7007	77.6828	0.7135	1.6e-04	0.5244
4565	-108.9472	-108.9472	-76.4131	0.7014	77.5969	0.7127	1.6e-04	0.5269
4566	-108.9583	-108.9583	-76.7078	0.7040	77.3164	0.7102	1.6e-04	0.5244
4567	-108.9546	-108.9546	-75.4586	0.6926	78.5301	0.7213	1.6e-04	0.5238
4568	-108.9615	-108.9617	-74.7700	0.6862	79.2042	0.7274	1.6e-04	0.5247
4569	-108.9488	-108.9488	-75.3198	0.6913	78.6612	0.7225	1.6e-04	0.5235
4570	-108.9825	-108.9826	-75.2825	0.6908	78.7149	0.7229	1.6e-04	0.5247
4571	-108.9669	-108.9669	-75.8881	0.6964	78.1115	0.7176	1.6e-04	0.5263
4572	-108.9739	-108.9739	-76.6101	0.7030	77.4328	0.7111	1.6e-04	0.5247
4573	-108.9513	-108.9514	-75.3467	0.6916	78.6189	0.7221	1.6e-04	0.5242
4574	-108.9747	-108.9747	-76.6233	0.7031	77.4234	0.7110	1.6e-04	0.5265
4575	-108.9706	-108.9706	-75.6655	0.6944	78.3274	0.7194	1.6e-04	0.5242
4576	-108.9670	-108.9670	-75.2943	0.6910	78.6993	0.7227	1.6e-04	0.5245
4577	-108.9514	-108.9514	-76.3678	0.7009	77.6475	0.7132	1.6e-04	0.5262
4578	-108.9715	-108.9715	-76.3564	0.7007	77.6702	0.7134	1.6e-04	0.5247
4579	-108.9594	-108.9594	-76.8263	0.7051	77.1734	0.7088	1.6e-04	0.5243
4580	-108.9673	-108.9673	-77.1487	0.7080	76.8921	0.7062	1.6e-04	0.5265
4581	-108.9564	-108.9564	-76.2362	0.6997	77.7653	0.7142	1.6e-04	0.5242
4582	-108.9632	-108.9632	-75.9871	0.6974	78.0304	0.7166	1.6e-04	0.5247
4583	-108.9722	-108.9722	-76.5766	0.7027	77.4593	0.7115	1.6e-04	0.5263
4584	-108.9533	-108.9533	-76.7551	0.7045	77.2580	0.7097	1.6e-04	0.5247
4585	-108.9547	-108.9548	-75.8910	0.6965	78.1206	0.7175	1.6e-04	0.5252
4586	-108.9532	-108.9532	-77.1014	0.7077	76.9019	0.7064	1.6e-04	0.5248
4587	-108.9536	-108.9536	-77.1578	0.7082	76.8685	0.7060	1.6e-04	0.5244
4588	-108.9548	-108.9548	-76.1316	0.6987	77.8750	0.7153	1.6e-04	0.5252
4589	-108.9511	-108.9511	-76.2155	0.6995	77.7794	0.7144	1.6e-04	0.5243
4590	-108.9716	-108.9716	-77.7547	0.7135	76.2781	0.7006	1.6e-04	0.5243
4591	-108.9700	-108.9700	-77.3913	0.7102	76.6498	0.7039	1.6e-04	0.5268
4592	-108.9535	-108.9535	-76.5673	0.7028	77.4448	0.7114	1.6e-04	0.5247
4593	-108.9734	-108.9734	-77.3956	0.7102	76.6379	0.7039	1.6e-04	0.5246
4594	-108.9623	-108.9623	-77.0721	0.7073	76.9564	0.7069	1.6e-04	0.5257
4595	-108.9642	-108.9642	-76.1879	0.6992	77.8348	0.7149	1.6e-04	0.5257
4596	-109.0187	-109.0187	-76.2309	0.6992	77.7657	0.7149	1.6e-04	0.5257
4597	-108.9753	-108.9753	-76.6018	0.7029	77.4417	0.7113	1.6e-04	0.5250
4598	-108.9633	-108.9633	-76.5227	0.7023	77.4782	0.7116	1.6e-04	0.5267
4599	-108.9707	-108.9707	-76.7480	0.7043	77.2905	0.7099	1.6e-04	0.5263
4600	-108.9673	-108.9673	-76.6096	0.7031	77.4349	0.7111	1.6e-04	0.5254
4601	-108.9561	-108.9561	-76.6698	0.7037	77.3479	0.7105	1.6e-04	0.5240
4602	-108.9702	-108.9702	-76.7955	0.7047	77.2456	0.7094	1.6e-04	0.5248
4603	-108.9595	-108.9595	-76.6772	0.7037	77.3406	0.7104	1.6e-04	0.5246
4604	-108.9574	-108.9574	-75.9679	0.6972	78.0473	0.7168	1.6e-04	0.5250
4605	-108.9719	-108.9719	-76.7056	0.7039	77.3318	0.7103	1.6e-04	0.5250
4606	-108.9642	-108.9642	-76.4575	0.7017	77.5767	0.7125	1.6e-04	0.5259
4607	-108.9323	-108.9323	-77.2889	0.7095	76.7127	0.7047	1.6e-04	0.5254
4608	-108.9569	-108.9569	-76.9310	0.7061	77.0984	0.7081	1.6e-04	0.5255
4609	-108.9589	-108.9589	-76.7594	0.7045	77.2533	0.7096	1.6e-04	0.5257
4610	-108.9752	-108.9752	-77.2324	0.7087	76.7938	0.7053	1.6e-04	0.5270
4611	-108.9613	-108.9613	-76.2323	0.6996	77.7761	0.7144	1.6e-04	0.5254
4612	-108.9470	-108.9470	-76.3845	0.7011	77.6318	0.7130	1.6e-04	0.5270
4613	-108.9693	-108.9693	-76.5870	0.7028	77.4483	0.7113	1.6e-04	0.5253
4614	-108.9595	-108.9595	-76.3235	0.7005	77.6927	0.7136	1.6e-04	0.5251
4615	-108.9563	-108.9563	-76.3859	0.7011	77.6134	0.7129	1.6e-04	0.5257
4616	-108.9651	-108.9651	-76.2752	0.7000	77.7575	0.7141	1.6e-04	0.5249
4617	-108.9581	-108.9581	-75.9538	0.6971	78.0471	0.7169	1.6e-04	0.5241
4618	-108.9726	-108.9726	-75.9618	0.6971	78.0626	0.7170	1.6e-04	0.5266
4619	-108.9591	-108.9591	-76.4497	0.7016	77.5599	0.7123	1.6e-04	0.5247
4620	-108.9426	-108.9426	-76.8587	0.7055	77.1442	0.7086	1.6e-04	0.5244
4621	-108.9697	-108.9697	-76.4863	0.7019	77.5309	0.7121	1.6e-04	0.5266
4622	-108.9602	-108.9602	-76.1901	0.6992	77.8323	0.7148	1.6e-04	0.5250
4623	-108.9656	-108.9656	-76.0085	0.6975	78.0202	0.7165	1.6e-04	0.5252
4624	-108.9629	-108.9629	-75.7746	0.6954	78.2224	0.7185	1.6e-04	0.5238
4625	-108.9512	-108.9512	-76.6404	0.7034	77.3778	0.7107	1.6e-04	0.5245
4626	-108.9722	-108.9722	-76.0705	0.6981	77.9585	0.7160	1.6e-04	0.5266
4627	-108.9773	-108.9773	-76.4365	0.7014	77.6076	0.7128	1.6e-04	0.5247
4628	-108.9590	-108.9590	-76.6404	0.7034	77.3917	0.7108	1.6e-04	0.5245
4629	-108.9539	-108.9539	-75.5792	0.6937	78.4346	0.7203	1.6e-04	0.5259
4630	-108.9608	-108.9608	-75.8198	0.6958	78.1960	0.7182	1.6e-04	0.5248
4631	-108.9595	-108.9595	-75.7549	0.6953	78.2523	0.7188	1.6e-04	0.5257
4632	-108.9576	-108.9576	-75.8789	0.6964	78.1323	0.7176	1.6e-04	0.5248
4633	-108.9612	-108.9612	-76.2124	0.6994	77.8063	0.7147	1.6e-04	0.5268
4634	-108.9394	-108.9394	-76.5180	0.7024	77.4769	0.7117	1.6e-04	0.5245
4635	-108.9720	-108.9720	-76.3505	0.7006	77.6735	0.7135	1.6e-04	0.5241
4636	-108.9493	-108.9493	-75.8840	0.6965	78.1170	0.7175	1.6e-04	0.5265
4637	-108.9790	-108.9790	-76.2661	0.6998	77.7797	0.7143	1.6e-04	0.5251
4638	-108.9617	-108.9617	-77.2259	0.7087	76.8091	0.7055	1.6e-04	0.5246
4639	-108.9697	-108.9697	-76.4896	0.7019	77.5241	0.7120	1.6e-04	0.5249
4640	-108.9630	-108.9630	-75.8079	0.6957	78.2200	0.7183	1.6e-04	0.5247
4641	-108.9428	-108.9428	-77.5168	0.7115	76.4758	0.7026	1.6e-04	0.5245
4642	-108.9612	-108.9612	-76.1423	0.6988	77.8741	0.7153	1.6e-04	0.5266
4643	-108.9645	-108.9645	-76.5268	0.7023	77.5072	0.7119	1.6e-04	0.5273
4644	-108.9672	-108.9672	-76.1017	0.6984	77.9161	0.7157	1.6e-04	0.5257
4645	-108.9664	-108.9664	-77.2049	0.7085	76.8326	0.7057	1.6e-04	0.5266
4646	-108.9827	-108.9827	-77.0807	0.7073	76.9600	0.7069	1.6e-04	0.5262
4647	-108.9709	-108.9709	-76.4180	0.7013	77.6141	0.7129	1.6e-04	0.5257
4648	-108.9478	-108.9478	-76.7414	0.7044	77.2745	0.7098	1.6e-04	0.5252
4649	-108.9626	-108.9626	-75.6655	0.6944	78.3275	0.7195	1.6e-04	0.5246
4650	-108.9760	-108.9760	-76.2087	0.6993	77.8320	0.7148	1.6e-04	0.5272
4651	-108.9605	-108.9605	-76.8232	0.7051	77.2097	0.7091	1.6e-04	0.5255
4652	-108.9679	-108.9680	-75.6706	0.6944	78.3431	0.7195	1.6e-04	0.5239
4653	-108.9645	-108.9645	-76.7827	0.7047	77.2479	0.7095	1.6e-04	0.5258
4654	-108.9617	-108.9617	-76.2397	0.6997	77.7953	0.7144	1.6e-04	0.5250
4655	-108.9567	-108.9567	-75.9897	0.6974	78.0183	0.7166	1.6e-04	0.5253
4656	-108.9655	-108.9655	-76.3385	0.7006	77.6863	0.7135	1.6e-04	0.5266
4657	-108.9723	-108.9723	-76.1152	0.6985	77.9081	0.7156	1.6e-04	0.5242
4658	-108.9545	-108.9545	-76.8781	0.7056	77.1383	0.7085	1.6e-04	0.5245
4659	-108.9641	-108.9641	-76.4424	0.7015	77.5949	0.7126	1.6e-04	0.5267
4660	-108.9600	-108.9600	-75.9522	0.6971	78.0454	0.7169	1.6e-04	0.5250
4661	-108.9707	-108.9707	-76.2296	0.6995	77.7950	0.7145	1.6e-04	0.5244
4662	-108.9664	-108.9664	-76.1091	0.6985	77.9078	0.7156	1.6e-04	0.5273
4663	-108.9526	-108.9526	-76.6999	0.7040	77.2694	0.7098	1.6e-04	0.5250
4664	-108.9538	-108.9538	-77.3994	0.7104	76.6011	0.7036	1.6e-04	0.5244
4665	-108.9681	-108.9681	-76.5070	0.7021	77.5281	0.7120	1.6e-04	0.5254
4666	-108.9523	-108.9523	-76.2851	0.7002	77.7166	0.7138	1.6e-04	0.5245
4667	-108.9669	-108.9669	-76.2401	0.6997	77.7831	0.7145	1.6e-04	0.5260
4668	-108.9700	-108.9700	-76.4238	0.7013	77.6078	0.7128	1.6e-04	0.5256
4669	-108.9590	-108.9590	-76.9533	0.7063	77.0747	0.7079	1.6e-04	0.5253
4670	-108.9597	-108.9597	-76.4456	0.7016	77.5403	0.7121	1.6e-04	0.5251
4671	-108.9596	-108.9596	-75.8878	0.6965	78.1416	0.7176	1.6e-04	0.5261
4672	-108.9582	-108.9582	-76.7501	0.7044	77.2740	0.7098	1.6e-04	0.5253
4673	-108.9491	-108.9491	-76.6193	0.7033	77.3732	0.7107	1.6e-04	0.5256
4674	-108.9640	-108.9640	-76.8556	0.7053	77.1638	0.7088	1.6e-04	0.5256
4675	-108.9551	-108.9551	-76.0237	0.6978	77.9782	0.7162	1.6e-04	0.5247
4676	-108.9573	-108.9573	-76.4490	0.7016	77.5542	0.7124	1.6e-04	0.5270
4677	-108.9670	-108.9670	-76.3472	0.7006	77.6827	0.7135	1.5e-04	0.5232
4678	-108.9550	-108.9550	-77.2262	0.7088	76.7985	0.7053	1.5e-04	0.5244
4679	-108.9663	-108.9663	-76.7392	0.7042	77.2920	0.7098	1.5e-04	0.5245
4680	-108.9516	-108.9516	-75.5121	0.6931	78.4870	0.7209	1.5e-04	0.5268
4681	-108.9648	-108.9649	-75.5916	0.6937	78.4137	0.7202	1.5e-04	0.5264
4682	-108.9582	-108.9582	-76.2044	0.6994	77.8189	0.7147	1.5e-04	0.5241
4683	-108.9703	-108.9703	-76.8849	0.7056	77.1620	0.7086	1.5e-04	0.5250
4684	-108.9470	-108.9470	-76.8103	0.7050	77.2076	0.7092	1.5e-04	0.5255
4685	-108.9666	-108.9667	-75.8090	0.6957	78.2029	0.7183	1.5e-04	0.5254
4686	-108.9654	-108.9654	-77.3297	0.7097	76.7046	0.7045	1.5e-04	0.5251
4687	-108.9646	-108.9646	-77.9950	0.7158	76.0311	0.6983	1.5e-04	0.5258
4688	-108.9513	-108.9513	-76.5412	0.7025	77.4807	0.7117	1.5e-04	0.5267
4689	-108.9840	-108.9840	-77.3018	0.7093	76.7396	0.7048	1.5e-04	0.5268
4690	-108.9604	-108.9604	-77.3590	0.7100	76.6750	0.7042	1.5e-04	0.5251
4691	-108.9379	-108.9379	-76.6194	0.7033	77.3940	0.7109	1.5e-04	0.5245
4692	-108.9507	-108.9507	-76.0039	0.6976	78.0008	0.7165	1.5e-04	0.5270
4693	-108.9654	-108.9654	-77.3308	0.7097	76.7083	0.7045	1.5e-04	0.5252
4694	-108.9556	-108.9556	-77.7377	0.7135	76.2818	0.7006	1.5e-04	0.5248
4695	-108.9525	-108.9525	-77.5553	0.7118	76.4620	0.7023	1.5e-04	0.5250
4696	-108.9643	-108.9643	-76.0499	0.6979	77.9688	0.7162	1.5e-04	0.5246
4697	-108.9580	-108.9580	-78.4170	0.7197	75.5548	0.6941	1.5e-04	0.5265
4698	-108.9647	-108.9647	-76.7284	0.7042	77.2876	0.7099	1.5e-04	0.5249
4699	-108.9648	-108.9648	-77.4561	0.7108	76.5727	0.7033	1.5e-04	0.5247
4700	-108.9589	-108.9589	-77.2431	0.7089	76.7917	0.7053	1.5e-04	0.5242
4701	-108.9634	-108.9634	-76.8995	0.7057	77.1388	0.7085	1.5e-04	0.5245
4702	-108.9798	-108.9798	-76.7417	0.7042	77.3031	0.7099	1.5e-04	0.5251
4703	-108.9614	-108.9614	-77.1635	0.7082	76.8667	0.7060	1.5e-04	0.5257
4704	-108.9757	-108.9757	-78.2769	0.7183	75.7439	0.6957	1.5e-04	0.5242
4705	-108.9775	-108.9775	-76.7591	0.7044	77.2955	0.7098	1.5e-04	0.5255
4706	-108.9816	-108.9816	-77.1244	0.7077	76.9357	0.7065	1.5e-04	0.5248
4707	-108.9683	-108.9683	-76.4552	0.7016	77.5750	0.7125	1.5e-04	0.5239
4708	-108.9540	-108.9540	-76.9308	0.7061	77.0827	0.7080	1.5e-04	0.5267
4709	-108.9741	-108.9741	-76.2984	0.7002	77.7437	0.7140	1.5e-04	0.5249
4710	-108.9656	-108.9656	-76.9211	0.7059	77.1079	0.7083	1.5e-04	0.5240
4711	-108.9583	-108.9583	-76.4900	0.7020	77.5118	0.7119	1.5e-04	0.5261
4712	-108.9732	-108.9732	-76.4723	0.7018	77.5568	0.7124	1.5e-04	0.5249
4713	-108.9633	-108.9633	-76.6382	0.7033	77.3922	0.7108	1.5e-04	0.5236
4714	-108.9758	-108.9758	-77.0127	0.7067	77.0050	0.7074	1.5e-04	0.5263
4715	-108.9712	-108.9712	-76.0646	0.6980	77.9661	0.7161	1.5e-04	0.5247
4716	-108.9809	-108.9809	-77.6329	0.7124	76.4111	0.7018	1.5e-04	0.5247
4717	-108.9437	-108.9437	-77.5750	0.7121	76.4206	0.7021	1.5e-04	0.5248
4718	-108.9669	-108.9670	-75.9177	0.6967	78.0912	0.7173	1.5e-04	0.5246
4719	-108.9740	-108.9740	-76.9032	0.7057	77.1483	0.7085	1.5e-04	0.5245
4720	-108.9663	-108.9663	-76.3538	0.7007	77.6559	0.7132	1.5e-04	0.5265
4721	-108.9561	-108.9561	-76.4312	0.7015	77.5608	0.7124	1.5e-04	0.5247
4722	-108.9656	-108.9656	-76.0339	0.6978	77.9864	0.7163	1.5e-04	0.5243
4723	-108.9432	-108.9432	-76.4069	0.7013	77.5918	0.7127	1.5e-04	0.5245
4724	-108.9580	-108.9580	-76.0960	0.6984	77.9211	0.7157	1.5e-04	0.5263
4725	-108.9442	-108.9442	-76.7456	0.7044	77.2594	0.7097	1.5e-04	0.5240
4726	-108.9536	-108.9536	-76.4524	0.7017	77.5624	0.7125	1.5e-04	0.5242
4727	-108.9660	-108.9660	-76.8171	0.7050	77.2219	0.7092	1.5e-04	0.5249
4728	-108.9616	-108.9616	-77.4012	0.7104	76.6210	0.7038	1.5e-04	0.5245
4729	-108.9588	-108.9588	-76.2787	0.7001	77.7394	0.7140	1.5e-04	0.5252
4730	-108.9673	-108.9673	-75.9874	0.6973	78.0354	0.7167	1.5e-04	0.5246
4731	-108.9508	-108.9508	-77.4079	0.7105	76.5937	0.7037	1.5e-04	0.5249
4732	-108.9660	-108.9660	-77.3578	0.7099	76.6615	0.7041	1.5e-04	0.5273
4733	-108.9666	-108.9666	-76.8996	0.7057	77.1331	0.7085	1.5e-04	0.5250
4734	-108.9658	-108.9658	-76.3935	0.7011	77.6139	0.7128	1.5e-04	0.5240
4735	-108.9661	-108.9661	-76.8170	0.7050	77.2110	0.7092	1.5e-04	0.5265
4736	-108.9635	-108.9635	-76.1773	0.6991	77.8309	0.7149	1.5e-04	0.5248
4737	-108.9623	-108.9623	-76.3661	0.7008	77.6546	0.7133	1.5e-04	0.5249
4738	-108.9738	-108.9738	-76.2581	0.6998	77.7759	0.7144	1.5e-04	0.5260
4739	-108.9533	-108.9533	-75.9626	0.6972	78.0404	0.7168	1.5e-04	0.5265
4740	-108.9544	-108.9544	-76.4327	0.7015	77.5890	0.7127	1.5e-04	0.5255
4741	-108.9751	-108.9751	-76.5681	0.7026	77.4594	0.7114	1.5e-04	0.5264
4742	-108.9617	-108.9617	-76.1235	0.6986	77.8900	0.7155	1.5e-04	0.5249
4743	-108.9687	-108.9687	-76.1470	0.6988	77.8697	0.7152	1.5e-04	0.5264
4744	-108.9739	-108.9739	-76.3275	0.7004	77.7172	0.7137	1.5e-04	0.5248
4745	-108.9631	-108.9631	-77.4013	0.7103	76.6308	0.7038	1.5e-04	0.5244
4746	-108.9679	-108.9679	-76.9649	0.7063	77.0775	0.7079	1.5e-04	0.5270
4747	-108.9677	-108.9677	-76.8072	0.7049	77.2204	0.7092	1.5e-04	0.5259
4748	-108.9669	-108.9669	-76.3434	0.7006	77.6874	0.7135	1.5e-04	0.5242
4749	-108.9571	-108.9571	-76.3469	0.7007	77.6712	0.7134	1.5e-04	0.5257
4750	-108.9608	-108.9608	-76.3795	0.7010	77.6257	0.7131	1.5e-04	0.5254
4751	-108.9657	-108.9657	-76.2035	0.6993	77.8246	0.7148	1.5e-04	0.5249
4752	-108.9507	-108.9507	-76.5186	0.7023	77.4913	0.7118	1.5e-04	0.5261
4753	-108.9630	-108.9630	-76.2928	0.7002	77.7318	0.7140	1.5e-04	0.5249
4754	-108.9621	-108.9621	-77.5747	0.7119	76.4572	0.7022	1.5e-04	0.5270
4755	-108.9466	-108.9466	-77.1184	0.7079	76.8797	0.7062	1.5e-04	0.5249
4756	-108.9723	-108.9723	-76.7857	0.7046	77.2540	0.7096	1.5e-04	0.5264
4757	-108.9669	-108.9669	-77.3484	0.7098	76.6886	0.7044	1.5e-04	0.5251
4758	-108.9635	-108.9635	-77.4425	0.7107	76.5926	0.7035	1.5e-04	0.5243
4759	-108.9762	-108.9762	-77.6875	0.7129	76.3659	0.7013	1.5e-04	0.5268
4760	-108.9591	-108.9591	-76.6056	0.7031	77.4194	0.7111	1.5e-04	0.5250
4761	-108.9540	-108.9540	-76.9507	0.7063	77.0594	0.7077	1.5e-04	0.5243
4762	-108.9646	-108.9646	-77.3639	0.7100	76.6673	0.7042	1.5e-04	0.5264
4763	-108.9667	-108.9667	-76.7047	0.7039	77.3162	0.7102	1.5e-04	0.5263
4764	-108.9558	-108.9558	-76.7713	0.7046	77.2586	0.7096	1.5e-04	0.5253
4765	-108.9470	-108.9470	-77.7894	0.7140	76.2198	0.7001	1.5e-04	0.5249
4766	-108.9458	-108.9458	-76.6866	0.7039	77.3338	0.7103	1.5e-04	0.5246
4767	-108.9797	-108.9797	-77.6437	0.7125	76.3959	0.7017	1.5e-04	0.5266
4768	-108.9650	-108.9650	-77.0144	0.7068	77.0255	0.7074	1.5e-04	0.5269
4769	-108.9600	-108.9600	-77.6983	0.7131	76.3173	0.7011	1.5e-04	0.5254
4770	-108.9734	-108.9734	-77.3501	0.7098	76.6865	0.7043	1.5e-04	0.5246
4771	-108.9855	-108.9855	-77.1815	0.7082	76.8668	0.7060	1.5e-04	0.5245
4772	-108.9699	-108.9699	-76.9602	0.7063	77.0775	0.7080	1.5e-04	0.5244
4773	-108.9701	-108.9701	-77.2953	0.7093	76.7502	0.7049	1.5e-04	0.5247
4774	-108.9553	-108.9553	-78.6373	0.7217	75.3637	0.6922	1.5e-04	0.5248
4775	-108.9668	-108.9668	-77.8263	0.7142	76.1980	0.6999	1.5e-04	0.5260
4776	-108.9686	-108.9686	-78.4544	0.7200	75.5479	0.6940	1.5e-04	0.5252
4777	-108.9665	-108.9665	-78.1991	0.7176	75.7988	0.6962	1.5e-04	0.5255
4778	-108.9714	-108.9714	-78.1941	0.7176	75.8301	0.6965	1.5e-04	0.5268
4779	-108.9756	-108.9756	-78.2402	0.7180	75.7480	0.6957	1.5e-04	0.5236
4780	-108.9452	-108.9452	-77.9920	0.7159	76.0096	0.6982	1.5e-04	0.5259
4781	-108.9625	-108.9625	-78.8518	0.7237	75.1390	0.6901	1.5e-04	0.5235
4782	-108.9623	-108.9623	-78.0406	0.7162	75.9805	0.6979	1.5e-04	0.5250
4783	-108.9533	-108.9533	-78.1038	0.7169	75.9058	0.6972	1.5e-04	0.5266
4784	-108.9541	-108.9541	-78.4351	0.7199	75.5550	0.6939	1.5e-04	0.5242
4785	-108.9605	-108.9605	-77.7776	0.7138	76.2205	0.7001	1.5e-04	0.5249
4786	-108.9626	-108.9626	-77.9397	0.7153	76.0847	0.6988	1.5e-04	0.5271
4787	-108.9639	-108.9639	-78.3846	0.7194	75.6132	0.6946	1.5e-04	0.5254
4788	-108.9489	-108.9489	-78.5775	0.7212	75.4099	0.6927	1.5e-04	0.5270
4789	-108.9627	-108.9627	-78.7678	0.7229	75.2274	0.6910	1.5e-04	0.5251
4790	-108.9600	-108.9600	-78.4572	0.7201	75.5479	0.6939	1.5e-04	0.5251
4791	-108.9711	-108.9711	-78.6196	0.7215	75.3941	0.6924	1.5e-04	0.5275
4792	-108.9699	-108.9699	-78.5743	0.7211	75.4414	0.6929	1.5e-04	0.5257
4793	-108.9564	-108.9564	-78.5421	0.7209	75.4508	0.6931	1.5e-04	0.5243
4794	-108.9516	-108.9516	-78.9752	0.7249	74.9881	0.6889	1.5e-04	0.5266
4795	-108.9625	-108.9625	-78.8770	0.7239	75.0946	0.6898	1.5e-04	0.5253
4796	-108.9611	-108.9611	-79.1550	0.7265	74.8160	0.6871	1.5e-04	0.5242
4797	-108.9594	-108.9594	-77.7523	0.7136	76.2580	0.7005	1.5e-04	0.5266
4798	-108.9637	-108.9637	-78.4907	0.7203	75.5160	0.6936	1.5e-04	0.5255
4799	-108.9684	-108.9684	-78.0384	0.7162	75.9853	0.6979	1.5e-04	0.5240
4800	-108.9524	-108.9524	-78.4916	0.7204	75.4995	0.6935	1.5e-04	0.5273
4801	-108.9768	-108.9768	-77.5609	0.7117	76.4836	0.7024	1.5e-04	0.5247
4802	-108.9669	-108.9669	-78.5713	0.7211	75.4381	0.6928	1.5e-04	0.5243
4803	-108.9557	-108.9557	-77.4116	0.7105	76.6011	0.7036	1.5e-04	0.5267
4804	-108.9712	-108.9712	-77.0318	0.7069	77.0156	0.7073	1.5e-04	0.5249
4805	-108.9679	-108.9679	-77.6522	0.7126	76.3394	0.7011	1.5e-04	0.5249
4806	-108.9766	-108.9766	-77.9821	0.7156	76.0539	0.6985	1.5e-04	0.5274
4807	-108.9559	-108.9559	-77.1555	0.7081	76.8541	0.7059	1.5e-04	0.5244
4808	-108.9552	-108.9552	-78.0130	0.7160	75.9965	0.6980	1.5e-04	0.5248
4809	-108.9570	-108.9570	-78.0531	0.7164	75.9683	0.6977	1.5e-04	0.5247
4810	-108.9707	-108.9707	-77.1617	0.7081	76.8795	0.7061	1.5e-04	0.5256
4811	-108.9606	-108.9606	-77.0826	0.7074	76.9423	0.7067	1.5e-04	0.5275
4812	-108.9639	-108.9639	-77.6481	0.7126	76.3870	0.7016	1.5e-04	0.5265
4813	-108.9611	-108.9611	-78.2314	0.7180	75.7795	0.6961	1.5e-04	0.5271
4814	-108.9857	-108.9857	-77.5568	0.7116	76.4939	0.7025	1.5e-04	0.5248
4815	-108.9639	-108.9639	-77.6376	0.7125	76.3935	0.7016	1.5e-04	0.5343
4816	-108.9700	-108.9700	-78.2360	0.7180	75.7877	0.6961	1.5e-04	0.5242
4817	-108.9778	-108.9778	-78.1441	0.7171	75.8650	0.6967	1.5e-04	0.5266
4818	-108.9609	-108.9609	-77.6660	0.7128	76.3178	0.7010	1.5e-04	0.5247
4819	-108.9715	-108.9715	-77.9723	0.7155	76.0396	0.6984	1.5e-04	0.5256
4820	-108.9588	-108.9588	-77.7861	0.7139	76.2324	0.7002	1.5e-04	0.5247
4821	-108.9794	-108.9794	-77.7754	0.7137	76.2604	0.7004	1.5e-04	0.5241
4822	-108.9676	-108.9676	-77.3630	0.7100	76.6720	0.7042	1.5e-04	0.5263
4823	-108.9586	-108.9586	-77.7838	0.7139	76.2326	0.7002	1.5e-04	0.5250
4824	-108.9523	-108.9523	-77.7279	0.7134	76.2495	0.7004	1.5e-04	0.5242
4825	-108.9620	-108.9620	-76.8975	0.7057	77.1361	0.7085	1.5e-04	0.5264
4826	-108.9562	-108.9562	-77.5294	0.7116	76.4948	0.7026	1.5e-04	0.5239
4827	-108.9588	-108.9588	-78.2353	0.7180	75.7828	0.6960	1.5e-04	0.5249
4828	-108.9563	-108.9563	-77.0787	0.7074	76.9558	0.7068	1.5e-04	0.5266
4829	-108.9621	-108.9621	-77.9263	0.7152	76.0994	0.6989	1.5e-04	0.5252
4830	-108.9604	-108.9604	-77.2689	0.7091	76.7569	0.7050	1.5e-04	0.5243
4831	-108.9595	-108.9595	-77.3074	0.7095	76.7214	0.7047	1.5e-04	0.5260
4832	-108.9667	-108.9667	-77.3772	0.7101	76.6598	0.7041	1.5e-04	0.5247
4833	-108.9750	-108.9750	-77.6513	0.7126	76.3393	0.7012	1.5e-04	0.5265
4834	-108.9627	-108.9627	-76.9752	0.7064	77.0536	0.7078	1.5e-04	0.5256
4835	-108.9692	-108.9692	-76.9900	0.7065	77.0547	0.7076	1.5e-04	0.5242
4836	-108.9784	-108.9784	-77.1432	0.7079	76.8824	0.7061	1.5e-04	0.5269
4837	-108.9747	-108.9747	-77.5026	0.7112	76.5290	0.7030	1.5e-04	0.5257
4838	-108.9733	-108.9733	-78.0984	0.7167	75.9240	0.6974	1.5e-04	0.5241
4839	-108.9471	-108.9471	-76.6160	0.7032	77.3944	0.7110	1.5e-04	0.5252
4840	-108.9664	-108.9664	-76.5537	0.7025	77.4800	0.7116	1.5e-04	0.5255
4841	-108.9500	-108.9500	-76.9503	0.7063	77.0710	0.7079	1.5e-04	0.5241
4842	-108.9706	-108.9706	-77.5778	0.7119	76.4533	0.7022	1.5e-04	0.5267
4843	-108.9504	-108.9504	-76.8819	0.7057	77.1268	0.7085	1.5e-04	0.5247
4844	-108.9605	-108.9605	-77.2668	0.7091	76.7625	0.7051	1.5e-04	0.5265
4845	-108.9641	-108.9641	-77.0579	0.7072	76.9783	0.7070	1.5e-04	0.5252
4846	-108.9495	-108.9495	-77.2758	0.7093	76.7251	0.7048	1.5e-04	0.5252
4847	-108.9726	-108.9726	-77.1461	0.7079	76.8992	0.7063	1.5e-04	0.5255
4848	-108.9605	-108.9605	-76.6970	0.7039	77.3410	0.7103	1.5e-04	0.5264
4849	-108.9611	-108.9611	-77.2215	0.7087	76.8099	0.7055	1.5e-04	0.5250
4850	-108.9715	-108.9715	-77.1861	0.7083	76.8465	0.7059	1.5e-04	0.5251
4851	-108.9783	-108.9783	-76.3328	0.7004	77.7106	0.7137	1.5e-04	0.5240
4852	-108.9727	-108.9727	-76.6729	0.7036	77.3597	0.7105	1.5e-04	0.5267
4853	-108.9593	-108.9593	-77.2195	0.7087	76.7959	0.7054	1.5e-04	0.5263
4854	-108.9684	-108.9684	-76.3839	0.7010	77.6403	0.7131	1.5e-04	0.5254
4855	-108.9622	-108.9622	-77.0176	0.7068	77.0154	0.7074	1.5e-04	0.5251
4856	-108.9615	-108.9615	-76.4137	0.7013	77.6163	0.7129	1.5e-04	0.5250
4857	-108.9588	-108.9588	-76.1873	0.6992	77.8238	0.7149	1.5e-04	0.5246
4858	-108.9576	-108.9576	-76.7836	0.7047	77.2182	0.7093	1.5e-04	0.5253
4859	-108.9628	-108.9628	-76.3417	0.7006	77.6647	0.7134	1.5e-04	0.5245
4860	-108.9615	-108.9615	-76.2634	0.6999	77.7592	0.7142	1.5e-04	0.5259
4861	-108.9841	-108.9842	-75.3064	0.6910	78.7131	0.7228	1.5e-04	0.5244
4862	-108.9692	-108.9692	-76.4308	0.7014	77.5961	0.7128	1.5e-04	0.5258
4863	-108.9635	-108.9635	-75.7620	0.6953	78.2519	0.7187	1.5e-04	0.5242
4864	-108.9641	-108.9641	-75.8758	0.6963	78.1449	0.7177	1.5e-04	0.5246
4865	-108.9508	-108.9508	-77.3082	0.7096	76.7185	0.7046	1.5e-04	0.5269
4866	-108.9688	-108.9688	-75.8573	0.6961	78.1408	0.7177	1.5e-04	0.5250
4867	-108.9698	-108.9698	-75.9365	0.6969	78.0751	0.7171	1.5e-04	0.5254
4868	-108.9691	-108.9691	-77.0356	0.7069	77.0037	0.7073	1.5e-04	0.5258
4869	-108.9600	-108.9600	-77.0217	0.7069	76.9892	0.7071	1.5e-04	0.5249
4870	-108.9770	-108.9771	-75.6414	0.6941	78.3806	0.7198	1.5e-04	0.5255
4871	-108.9614	-108.9614	-77.3140	0.7096	76.7160	0.7046	1.5e-04	0.5253
4872	-108.9658	-108.9658	-76.9950	0.7066	77.0360	0.7076	1.5e-04	0.5256
4873	-108.9756	-108.9756	-77.5587	0.7117	76.4914	0.7025	1.5e-04	0.5267
4874	-108.9600	-108.9600	-76.3095	0.7003	77.7137	0.7138	1.5e-04	0.5242
4875	-108.9594	-108.9594	-76.9914	0.7066	77.0481	0.7076	1.5e-04	0.5245
4876	-108.9543	-108.9543	-77.0765	0.7074	76.9542	0.7068	1.5e-04	0.5270
4877	-108.9485	-108.9485	-77.6333	0.7126	76.3795	0.7016	1.5e-04	0.5272
4878	-108.9479	-108.9479	-76.6898	0.7039	77.3317	0.7103	1.5e-04	0.5249
4879	-108.9648	-108.9648	-76.4078	0.7012	77.6029	0.7128	1.5e-04	0.5264
4880	-108.9512	-108.9512	-77.2182	0.7087	76.7995	0.7055	1.5e-04	0.5252
4881	-108.9564	-108.9564	-77.3911	0.7103	76.6390	0.7039	1.5e-04	0.5246
4882	-108.9687	-108.9687	-76.7640	0.7045	77.2745	0.7097	1.5e-04	0.5260
4883	-108.9749	-108.9749	-77.4867	0.7111	76.5560	0.7031	1.5e-04	0.5248
4884	-108.9614	-108.9614	-76.3956	0.7011	77.6245	0.7130	1.5e-04	0.5258
4885	-108.9773	-108.9773	-76.4505	0.7015	77.5582	0.7123	1.5e-04	0.5260
4886	-108.9753	-108.9753	-76.5711	0.7026	77.4694	0.7115	1.5e-04	0.5251
4887	-108.9698	-108.9698	-76.7462	0.7043	77.2972	0.7099	1.5e-04	0.5243
4888	-108.9643	-108.9643	-76.7162	0.7040	77.3295	0.7101	1.5e-04	0.5267
4889	-108.9613	-108.9613	-76.4821	0.7019	77.5498	0.7123	1.5e-04	0.5260
4890	-108.9669	-108.9669	-77.0983	0.7075	76.9500	0.7067	1.5e-04	0.5241
4891	-108.9488	-108.9488	-76.9912	0.7067	77.0167	0.7075	1.5e-04	0.5247
4892	-108.9669	-108.9669	-76.6132	0.7031	77.4296	0.7111	1.5e-04	0.5268
4893	-108.9628	-108.9628	-77.0859	0.7075	76.9452	0.7068	1.5e-04	0.5252
4894	-108.9591	-108.9591	-76.5455	0.7025	77.4740	0.7116	1.5e-04	0.5257
4895	-108.9537	-108.9537	-76.9528	0.7063	77.0594	0.7078	1.5e-04	0.5252
4896	-108.9558	-108.9558	-77.2233	0.7088	76.8090	0.7054	1.5e-04	0.5251
4897	-108.9626	-108.9626	-76.5909	0.7029	77.4328	0.7111	1.5e-04	0.5319
4898	-108.9620	-108.9621	-75.6052	0.6939	78.4060	0.7201	1.5e-04	0.5273
4899	-108.9680	-108.9680	-76.2439	0.6997	77.7859	0.7144	1.5e-04	0.5262
4900	-108.9524	-108.9524	-76.7535	0.7045	77.2370	0.7095	1.5e-04	0.5246
4901	-108.9598	-108.9598	-77.3245	0.7097	76.6938	0.7044	1.5e-04	0.5244
4902	-108.9574	-108.9574	-77.3678	0.7101	76.6456	0.7041	1.5e-04	0.5274
4903	-108.9702	-108.9702	-76.9905	0.7065	77.0577	0.7076	1.5e-04	0.5254
4904	-108.9585	-108.9585	-77.4466	0.7108	76.5792	0.7034	1.5e-04	0.5239
4905	-108.9600	-108.9600	-77.3698	0.7101	76.6550	0.7041	1.5e-04	0.5266
4906	-108.9645	-108.9645	-77.3194	0.7096	76.7020	0.7045	1.5e-04	0.5248
4907	-108.9600	-108.9600	-76.8668	0.7055	77.1656	0.7087	1.5e-04	0.5249
4908	-108.9748	-108.9748	-77.2623	0.7090	76.7839	0.7052	1.5e-04	0.5246
4909	-108.9682	-108.9682	-77.1862	0.7083	76.8581	0.7059	1.5e-04	0.5248
4910	-108.9810	-108.9810	-76.4217	0.7012	77.6292	0.7129	1.5e-04	0.5262
4911	-108.9519	-108.9519	-76.9088	0.7059	77.0995	0.7082	1.5e-04	0.5258
4912	-108.9762	-108.9762	-76.5362	0.7023	77.4985	0.7118	1.5e-04	0.5244
4913	-108.9553	-108.9553	-77.4026	0.7104	76.6246	0.7038	1.5e-04	0.5274
4914	-108.9593	-108.9593	-76.6058	0.7031	77.4201	0.7111	1.5e-04	0.5256
4915	-108.9728	-108.9728	-75.4268	0.6922	78.5755	0.7217	1.5e-04	0.5251
4916	-108.9570	-108.9570	-76.6487	0.7035	77.3765	0.7107	1.5e-04	0.5259
4917	-108.9872	-108.9873	-75.8369	0.6958	78.2046	0.7182	1.5e-04	0.5263
4918	-108.9737	-108.9737	-77.1504	0.7080	76.8961	0.7062	1.5e-04	0.5265
4919	-108.9689	-108.9689	-76.3238	0.7004	77.7015	0.7137	1.5e-04	0.5251
4920	-108.9663	-108.9663	-76.8012	0.7048	77.2357	0.7094	1.5e-04	0.5252
4921	-108.9689	-108.9689	-76.2531	0.6998	77.7818	0.7144	1.5e-04	0.5267
4922	-108.9653	-108.9653	-76.4075	0.7012	77.6251	0.7130	1.5e-04	0.5251
4923	-108.9719	-108.9719	-76.5674	0.7026	77.4796	0.7115	1.5e-04	0.5241
4924	-108.9680	-108.9680	-76.4855	0.7019	77.5412	0.7123	1.5e-04	0.5270
4925	-108.9649	-108.9649	-76.0024	0.6975	77.9959	0.7164	1.5e-04	0.5254
4926	-108.9679	-108.9679	-76.5300	0.7023	77.5016	0.7118	1.5e-04	0.5254
4927	-108.9631	-108.9631	-76.1869	0.6992	77.8385	0.7149	1.5e-04	0.5271
4928	-108.9526	-108.9526	-77.3621	0.7101	76.6616	0.7041	1.5e-04	0.5246
4929	-108.9638	-108.9638	-76.3149	0.7004	77.7101	0.7137	1.5e-04	0.5243
4930	-108.9625	-108.9625	-76.1844	0.6992	77.8362	0.7149	1.5e-04	0.5245
4931	-108.9654	-108.9655	-75.1868	0.6900	78.7996	0.7237	1.5e-04	0.5263
4932	-108.9710	-108.9710	-76.9987	0.7066	77.0409	0.7076	1.5e-04	0.5249
4933	-108.9517	-108.9517	-76.3986	0.7012	77.6185	0.7129	1.5e-04	0.5258
4934	-108.9672	-108.9672	-76.4559	0.7016	77.5586	0.7124	1.5e-04	0.5246
4935	-108.9586	-108.9586	-76.7967	0.7048	77.2205	0.7093	1.5e-04	0.5261
4936	-108.9687	-108.9687	-76.2723	0.6999	77.7609	0.7142	1.5e-04	0.5269
4937	-108.9727	-108.9728	-75.6156	0.6939	78.3897	0.7200	1.5e-04	0.5241
4938	-108.9511	-108.9511	-76.5950	0.7030	77.4219	0.7112	1.5e-04	0.5246
4939	-108.9522	-108.9522	-76.8783	0.7056	77.1401	0.7086	1.5e-04	0.5244
4940	-108.9789	-108.9789	-76.8576	0.7053	77.2037	0.7090	1.5e-04	0.5250
4941	-108.9601	-108.9601	-76.8261	0.7051	77.1967	0.7090	1.5e-04	0.5253
4942	-108.9434	-108.9434	-76.5488	0.7026	77.4667	0.7115	1.5e-04	0.5248
4943	-108.9685	-108.9685	-76.7363	0.7042	77.3152	0.7100	1.5e-04	0.5241
4944	-108.9746	-108.9746	-76.8033	0.7048	77.2344	0.7094	1.5e-04	0.5271
4945	-108.9747	-108.9747	-76.3287	0.7004	77.6948	0.7136	1.5e-04	0.5253
4946	-108.9561	-108.9561	-76.3830	0.7010	77.6408	0.7131	1.5e-04	0.5247
4947	-108.9674	-108.9674	-77.3063	0.7094	76.7117	0.7046	1.5e-04	0.5269
4948	-108.9700	-108.9700	-76.4339	0.7014	77.5967	0.7127	1.5e-04	0.5248
4949	-108.9554	-108.9554	-75.8817	0.6964	78.1270	0.7176	1.5e-04	0.5245
4950	-108.9691	-108.9691	-76.6752	0.7036	77.3670	0.7106	1.5e-04	0.5266
4951	-108.9614	-108.9614	-76.0773	0.6982	77.9507	0.7159	1.5e-04	0.5248
4952	-108.9680	-108.9680	-77.5453	0.7116	76.4802	0.7024	1.5e-04	0.5250
4953	-108.9732	-108.9732	-75.8310	0.6959	78.1969	0.7182	1.5e-04	0.5258
4954	-108.9630	-108.9630	-76.9527	0.7062	77.0713	0.7080	1.5e-04	0.5249
4955	-108.9692	-108.9692	-76.7938	0.7047	77.2440	0.7095	1.5e-04	0.5248
4956	-108.9666	-108.9666	-76.9645	0.7063	77.0687	0.7079	1.5e-04	0.5260
4957	-108.9713	-108.9713	-77.2226	0.7087	76.8214	0.7056	1.5e-04	0.5254
4958	-108.9599	-108.9599	-76.9545	0.7063	77.0673	0.7079	1.5e-04	0.5273
4959	-108.9625	-108.9625	-76.7286	0.7042	77.3173	0.7100	1.5e-04	0.5243
4960	-108.9892	-108.9892	-76.8502	0.7051	77.2065	0.7091	1.5e-04	0.5245
4961	-108.9791	-108.9791	-76.8826	0.7055	77.1701	0.7087	1.5e-04	0.5259
4962	-108.9718	-108.9718	-75.7411	0.6951	78.2505	0.7186	1.5e-04	0.5249
4963	-108.9760	-108.9760	-76.9350	0.7060	77.1171	0.7082	1.5e-04	0.5245
4964	-108.9656	-108.9656	-76.2496	0.6998	77.7793	0.7143	1.5e-04	0.5269
4965	-108.9628	-108.9628	-76.0630	0.6981	77.9652	0.7160	1.5e-04	0.5250
4966	-108.9632	-108.9632	-77.6131	0.7123	76.4183	0.7019	1.5e-04	0.5267
4967	-108.9594	-108.9594	-77.1469	0.7080	76.8827	0.7062	1.5e-04	0.5261
4968	-108.9564	-108.9564	-77.8532	0.7145	76.1661	0.6995	1.5e-04	0.5252
4969	-108.9774	-108.9774	-77.2901	0.7092	76.7567	0.7049	1.5e-04	0.5262
4970	-108.9724	-108.9724	-76.0627	0.6980	77.9600	0.7161	1.5e-04	0.5251
4971	-108.9663	-108.9663	-77.3201	0.7096	76.7123	0.7045	1.5e-04	0.5246
4972	-108.9611	-108.9611	-77.3056	0.7095	76.7258	0.7047	1.5e-04	0.5265
4973	-108.9767	-108.9767	-77.1958	0.7084	76.8394	0.7057	1.5e-04	0.5255
4974	-108.9715	-108.9715	-76.7126	0.7040	77.3341	0.7102	1.5e-04	0.5254
4975	-108.9604	-108.9604	-76.7987	0.7048	77.2303	0.7094	1.5e-04	0.5267
4976	-108.9664	-108.9664	-76.9229	0.7059	77.1082	0.7083	1.5e-04	0.5257
4977	-108.9753	-108.9753	-76.5530	0.7025	77.4897	0.7117	1.5e-04	0.5245
4978	-108.9504	-108.9504	-76.3566	0.7008	77.6631	0.7133	1.5e-04	0.5253
4979	-108.9503	-108.9503	-76.8968	0.7058	77.1309	0.7084	1.5e-04	0.5246
4980	-108.9600	-108.9600	-76.5493	0.7025	77.4784	0.7116	1.5e-04	0.5245
4981	-108.9548	-108.9548	-77.0155	0.7069	77.0113	0.7074	1.5e-04	0.5241
4982	-108.9661	-108.9661	-75.9415	0.6969	78.0671	0.7171	1.5e-04	0.5264
4983	-108.9607	-108.9607	-77.2191	0.7087	76.8117	0.7055	1.5e-04	0.5266
4984	-108.9767	-108.9767	-77.8329	0.7142	76.1860	0.6998	1.5e-04	0.5256
4985	-108.9546	-108.9546	-77.7049	0.7132	76.3212	0.7010	1.5e-04	0.5252
4986	-108.9442	-108.9442	-77.9308	0.7153	76.0810	0.6988	1.5e-04	0.5247
4987	-108.9646	-108.9646	-77.9135	0.7150	76.1246	0.6991	1.5e-04	0.5258
4988	-108.9534	-108.9534	-76.8742	0.7056	77.1374	0.7086	1.5e-04	0.5249
4989	-108.9713	-108.9713	-78.3505	0.7190	75.6485	0.6948	1.5e-04	0.5257
4990	-108.9604	-108.9604	-76.1614	0.6990	77.8587	0.7151	1.5e-04	0.5255
4991	-108.9734	-108.9734	-77.2306	0.7087	76.8127	0.7055	1.5e-04	0.5244
4992	-108.9611	-108.9611	-77.7733	0.7138	76.2368	0.7003	1.5e-04	0.5259
4993	-108.9701	-108.9701	-78.1576	0.7172	75.8727	0.6968	1.5e-04	0.5257
4994	-108.9441	-108.9441	-78.0072	0.7160	75.9860	0.6980	1.5e-04	0.5256
4995	-108.9789	-108.9789	-77.1405	0.7078	76.9104	0.7064	1.5e-04	0.5251
4996	-108.9742	-108.9742	-77.8716	0.7146	76.1529	0.6995	1.5e-04	0.5253
4997	-108.9835	-108.9835	-77.3052	0.7093	76.7491	0.7048	1.5e-04	0.5242
4998	-108.9694	-108.9694	-77.6236	0.7123	76.4053	0.7018	1.5e-04	0.5276
4999	-108.9727	-108.9727	-77.2119	0.7085	76.8307	0.7057	1.5e-04	0.5265
5000	-108.9694	-108.9694	-77.2714	0.7091	76.7642	0.7050	1.5e-04	0.5343
5001	-108.9655	-108.9655	-78.2308	0.7179	75.7474	0.6958	1.5e-04	0.5239
5002	-108.9617	-108.9617	-77.9973	0.7158	76.0151	0.6983	1.5e-04	0.5254
5003	-108.9709	-108.9709	-77.4040	0.7103	76.6376	0.7039	1.5e-04	0.5248
5004	-108.9596	-108.9596	-77.5284	0.7115	76.4939	0.7026	1.5e-04	0.5240
5005	-108.9607	-108.9607	-78.6427	0.7218	75.3443	0.6921	1.5e-04	0.5265
5006	-108.9604	-108.9604	-77.1286	0.7079	76.8955	0.7063	1.5e-04	0.5256
5007	-108.9828	-108.9828	-77.3967	0.7102	76.6583	0.7040	1.5e-04	0.5247
5008	-108.9631	-108.9631	-77.2576	0.7090	76.7738	0.7052	1.5e-04	0.5270
5009	-108.9675	-108.9675	-77.9720	0.7156	76.0454	0.6985	1.5e-04	0.5253
5010	-108.9553	-108.9553	-77.2064	0.7086	76.8231	0.7056	1.5e-04	0.5249
5011	-108.9673	-108.9673	-78.2619	0.7182	75.7601	0.6958	1.5e-04	0.5259
5012	-108.9620	-108.9620	-77.2036	0.7085	76.8004	0.7054	1.5e-04	0.5250
5013	-108.9671	-108.9671	-76.8726	0.7055	77.1697	0.7087	1.5e-04	0.5246
5014	-108.9653	-108.9653	-77.3344	0.7097	76.7094	0.7045	1.5e-04	0.5263
5015	-108.9535	-108.9535	-76.8188	0.7051	77.2025	0.7091	1.5e-04	0.5254
5016	-108.9708	-108.9708	-76.6849	0.7037	77.3558	0.7105	1.5e-04	0.5252
5017	-108.9791	-108.9791	-76.5193	0.7021	77.4920	0.7117	1.5e-04	0.5268
5018	-108.9664	-108.9664	-77.5744	0.7119	76.4142	0.7018	1.5e-04	0.5260
5019	-108.9732	-108.9732	-76.3801	0.7009	77.6599	0.7133	1.5e-04	0.5252
5020	-108.9492	-108.9492	-76.7261	0.7042	77.2932	0.7100	1.5e-04	0.5251
5021	-108.9675	-108.9675	-77.6862	0.7129	76.3500	0.7012	1.5e-04	0.5244
5022	-108.9751	-108.9751	-77.0766	0.7073	76.9581	0.7069	1.5e-04	0.5256
5023	-108.9439	-108.9439	-78.1200	0.7171	75.8654	0.6969	1.5e-04	0.5267
5024	-108.9605	-108.9605	-77.1069	0.7077	76.9230	0.7065	1.5e-04	0.5254
5025	-108.9705	-108.9705	-77.4319	0.7106	76.6004	0.7035	1.5e-04	0.5251
5026	-108.9643	-108.9643	-77.1960	0.7085	76.8337	0.7057	1.5e-04	0.5246
5027	-108.9668	-108.9668	-77.2637	0.7091	76.7812	0.7052	1.5e-04	0.5248
5028	-108.9655	-108.9655	-77.2836	0.7092	76.7476	0.7050	1.5e-04	0.5264
5029	-108.9638	-108.9638	-76.7333	0.7042	77.2992	0.7100	1.5e-04	0.5252
5030	-108.9625	-108.9625	-76.3617	0.7008	77.6617	0.7133	1.5e-04	0.5239
5031	-108.9711	-108.9711	-78.0835	0.7166	75.9386	0.6975	1.5e-04	0.5261
5032	-108.9584	-108.9584	-76.8920	0.7057	77.1079	0.7082	1.5e-04	0.5248
5033	-108.9513	-108.9513	-77.8843	0.7149	76.1375	0.6992	1.5e-04	0.5269
5034	-108.9668	-108.9668	-78.1686	0.7174	75.8419	0.6965	1.5e-04	0.5247
5035	-108.9538	-108.9538	-77.2070	0.7086	76.8198	0.7056	1.5e-04	0.5248
5036	-108.9624	-108.9624	-76.7927	0.7048	77.2307	0.7094	1.5e-04	0.5270
5037	-108.9665	-108.9665	-77.4404	0.7107	76.5973	0.7035	1.5e-04	0.5242
5038	-108.9644	-108.9644	-78.0690	0.7165	75.9259	0.6975	1.5e-04	0.5248
5039	-108.9586	-108.9586	-78.0767	0.7166	75.9383	0.6975	1.5e-04	0.5260
5040	-108.9612	-108.9612	-76.8335	0.7051	77.1847	0.7089	1.5e-04	0.5252
5041	-108.9733	-108.9733	-76.6663	0.7035	77.3787	0.7107	1.5e-04	0.5253
5042	-108.9730	-108.9730	-78.0496	0.7162	75.9965	0.6979	1.5e-04	0.5263
5043	-108.9663	-108.9663	-77.4036	0.7103	76.6221	0.7038	1.5e-04	0.5246
5044	-108.9660	-108.9660	-76.7978	0.7048	77.2179	0.7093	1.5e-04	0.5249
5045	-108.9558	-108.9558	-78.4627	0.7201	75.5259	0.6938	1.5e-04	0.5247
5046	-108.9621	-108.9621	-77.5294	0.7115	76.5091	0.7027	1.5e-04	0.5245
5047	-108.9473	-108.9473	-77.4623	0.7110	76.5491	0.7032	1.5e-04	0.5263
5048	-108.9630	-108.9630	-76.8715	0.7055	77.1443	0.7086	1.5e-04	0.5248
5049	-108.9556	-108.9556	-78.0940	0.7168	75.9112	0.6973	1.5e-04	0.5253
5050	-108.9479	-108.9479	-78.4352	0.7199	75.5548	0.6939	1.5e-04	0.5266
5051	-108.9694	-108.9694	-77.1328	0.7078	76.9042	0.7064	1.5e-04	0.5251
5052	-108.9627	-108.9627	-77.7432	0.7135	76.2891	0.7007	1.5e-04	0.5254
5053	-108.9471	-108.9471	-77.7984	0.7141	76.1920	0.6998	1.5e-04	0.5258
5054	-108.9684	-108.9684	-76.9055	0.7058	77.1335	0.7084	1.5e-04	0.5253
5055	-108.9509	-108.9509	-77.8704	0.7147	76.1291	0.6992	1.5e-04	0.5249
5056	-108.9602	-108.9602	-76.4083	0.7012	77.5964	0.7126	1.5e-04	0.5244
5057	-108.9640	-108.9640	-76.9242	0.7060	77.0620	0.7078	1.5e-04	0.5265
5058	-108.9657	-108.9657	-77.3674	0.7100	76.6588	0.7042	1.5e-04	0.5249
5059	-108.9478	-108.9478	-77.3469	0.7099	76.6751	0.7042	1.5e-04	0.5258
5060	-108.9688	-108.9688	-78.0781	0.7165	75.9531	0.6976	1.5e-04	0.5245
5061	-108.9717	-108.9717	-77.0078	0.7067	77.0250	0.7074	1.5e-04	0.5250
5062	-108.9685	-108.9685	-77.0887	0.7074	76.9472	0.7067	1.5e-04	0.5275
5063	-108.9562	-108.9562	-77.1048	0.7077	76.9175	0.7065	1.5e-04	0.5256
5064	-108.9612	-108.9612	-77.8575	0.7145	76.1772	0.6996	1.5e-04	0.5247
5065	-108.9577	-108.9577	-77.9462	0.7154	76.0429	0.6985	1.5e-04	0.5251
5066	-108.9750	-108.9750	-76.8458	0.7052	77.2136	0.7090	1.5e-04	0.5253
5067	-108.9688	-108.9688	-77.3098	0.7095	76.7242	0.7047	1.5e-04	0.5247
5068	-108.9644	-108.9644	-77.8769	0.7147	76.1471	0.6994	1.5e-04	0.5248
5069	-108.9628	-108.9628	-77.4006	0.7103	76.6232	0.7037	1.5e-04	0.5270
5070	-108.9736	-108.9736	-77.0220	0.7068	77.0222	0.7074	1.5e-04	0.5263
5071	-108.9615	-108.9615	-77.0787	0.7074	76.9522	0.7068	1.5e-04	0.5252
5072	-108.9730	-108.9730	-77.4257	0.7105	76.6184	0.7037	1.5e-04	0.5250
5073	-108.9506	-108.9506	-77.3422	0.7099	76.6655	0.7042	1.5e-04	0.5248
5074	-108.9551	-108.9551	-76.8479	0.7053	77.1791	0.7088	1.5e-04	0.5269
5075	-108.9623	-108.9623	-77.2043	0.7085	76.8367	0.7057	1.5e-04	0.5258
5076	-108.9634	-108.9634	-78.0614	0.7164	75.9622	0.6977	1.5e-04	0.5249
5077	-108.9741	-108.9741	-77.2089	0.7085	76.8294	0.7057	1.5e-04	0.5264
5078	-108.9574	-108.9574	-77.2767	0.7092	76.7509	0.7050	1.5e-04	0.5251
5079	-108.9595	-108.9595	-77.0541	0.7072	76.9681	0.7070	1.5e-04	0.5266
5080	-108.9530	-108.9530	-77.4616	0.7110	76.5614	0.7032	1.5e-04	0.5260
5081	-108.9510	-108.9510	-78.1582	0.7174	75.8477	0.6967	1.5e-04	0.5247
5082	-108.9598	-108.9598	-77.9359	0.7153	76.0728	0.6988	1.5e-04	0.5265
5083	-108.9644	-108.9644	-77.7620	0.7136	76.2672	0.7005	1.5e-04	0.5255
5084	-108.9812	-108.9812	-76.9639	0.7062	77.0898	0.7079	1.5e-04	0.5260
5085	-108.9732	-108.9732	-77.1100	0.7076	76.9370	0.7066	1.5e-04	0.5252
5086	-108.9750	-108.9750	-76.6073	0.7030	77.4171	0.7110	1.5e-04	0.5250
5087	-108.9797	-108.9797	-77.3526	0.7098	76.6918	0.7044	1.5e-04	0.5270
5088	-108.9744	-108.9744	-76.7471	0.7043	77.2890	0.7098	1.5e-04	0.5255
5089	-108.9578	-108.9578	-77.8804	0.7148	76.1275	0.6993	1.5e-04	0.5254
5090	-108.9537	-108.9537	-77.9116	0.7151	76.0969	0.6989	1.5e-04	0.5263
5091	-108.9489	-108.9489	-77.9869	0.7158	75.9802	0.6980	1.5e-04	0.5248
5092	-108.9635	-108.9635	-77.4723	0.7110	76.5619	0.7032	1.5e-04	0.5259
5093	-108.9804	-108.9804	-77.8106	0.7140	76.2375	0.7001	1.5e-04	0.5261
5094	-108.9632	-108.9632	-77.0822	0.7074	76.9475	0.7067	1.5e-04	0.5245
5095	-108.9588	-108.9588	-77.7823	0.7139	76.2152	0.7001	1.5e-04	0.5269
5096	-108.9492	-108.9492	-77.2366	0.7089	76.7925	0.7053	1.5e-04	0.5252
5097	-108.9750	-108.9750	-77.4244	0.7105	76.6259	0.7037	1.5e-04	0.5243
5098	-108.9755	-108.9755	-77.5670	0.7118	76.4656	0.7023	1.5e-04	0.5268
5099	-108.9576	-108.9576	-77.4511	0.7108	76.5650	0.7032	1.5e-04	0.5248
5100	-108.9535	-108.9535	-77.2774	0.7093	76.7455	0.7049	1.5e-04	0.5249
5101	-108.9431	-108.9431	-77.4069	0.7105	76.6002	0.7037	1.5e-04	0.5238
5102	-108.9650	-108.9650	-77.9004	0.7149	76.1306	0.6992	1.5e-04	0.5242
5103	-108.9677	-108.9677	-77.8522	0.7145	76.1818	0.6997	1.5e-04	0.5276
5104	-108.9583	-108.9583	-77.1888	0.7084	76.8130	0.7056	1.5e-04	0.5258
5105	-108.9563	-108.9563	-77.9415	0.7153	76.0782	0.6987	1.5e-04	0.5245
5106	-108.9819	-108.9819	-77.0375	0.7069	77.0132	0.7073	1.5e-04	0.5253
5107	-108.9755	-108.9755	-77.6185	0.7123	76.4150	0.7018	1.5e-04	0.5247
5108	-108.9641	-108.9641	-77.0770	0.7074	76.9694	0.7068	1.5e-04	0.5252
5109	-108.9692	-108.9692	-77.5288	0.7115	76.5130	0.7027	1.5e-04	0.5251
5110	-108.9579	-108.9579	-77.9466	0.7154	76.0683	0.6987	1.5e-04	0.5265
5111	-108.9605	-108.9605	-78.2341	0.7180	75.7826	0.6960	1.5e-04	0.5265
5112	-108.9559	-108.9559	-78.6411	0.7218	75.3507	0.6921	1.5e-04	0.5249
5113	-108.9636	-108.9636	-77.5468	0.7117	76.4828	0.7025	1.5e-04	0.5277
5114	-108.9658	-108.9658	-77.8016	0.7140	76.2190	0.7001	1.5e-04	0.5254
5115	-108.9657	-108.9657	-77.8980	0.7149	76.1086	0.6991	1.5e-04	0.5243
5116	-108.9518	-108.9518	-77.9819	0.7157	76.0238	0.6983	1.5e-04	0.5262
5117	-108.9600	-108.9600	-77.9513	0.7154	76.0662	0.6987	1.5e-04	0.5253
5118	-108.9714	-108.9714	-77.9118	0.7150	76.1179	0.6991	1.5e-04	0.5249
5119	-108.9475	-108.9475	-78.4477	0.7201	75.5337	0.6939	1.5e-04	0.5271
5120	-108.9714	-108.9714	-77.2909	0.7093	76.7147	0.7047	1.5e-04	0.5259
5121	-108.9639	-108.9639	-78.4640	0.7201	75.5351	0.6938	1.5e-04	0.5246
5122	-108.9536	-108.9536	-78.3722	0.7193	75.6241	0.6947	1.5e-04	0.5256
5123	-108.9702	-108.9702	-78.3006	0.7186	75.6916	0.6952	1.5e-04	0.5261
5124	-108.9585	-108.9585	-78.2806	0.7184	75.7098	0.6955	1.5e-04	0.5255
5125	-108.9595	-108.9595	-77.5235	0.7115	76.4945	0.7027	1.5e-04	0.5264
5126	-108.9686	-108.9686	-78.0674	0.7164	75.9586	0.6977	1.5e-04	0.5250
5127	-108.9665	-108.9665	-77.1072	0.7076	76.9087	0.7065	1.5e-04	0.5261
5128	-108.9501	-108.9501	-78.1502	0.7173	75.8479	0.6968	1.5e-04	0.5255
5129	-108.9556	-108.9556	-77.9178	0.7151	76.0800	0.6988	1.5e-04	0.5253
5130	-108.9551	-108.9551	-78.8612	0.7238	75.1113	0.6900	1.5e-04	0.5265
5131	-108.9635	-108.9635	-77.6649	0.7128	76.3577	0.7014	1.5e-04	0.5262
5132	-108.9659	-108.9659	-77.8920	0.7148	76.1214	0.6992	1.5e-04	0.5249
5133	-108.9701	-108.9701	-76.3594	0.7007	77.6615	0.7133	1.5e-04	0.5270
5134	-108.9579	-108.9579	-77.7187	0.7133	76.3040	0.7009	1.5e-04	0.5246
5135	-108.9447	-108.9447	-77.5823	0.7121	76.4160	0.7020	1.5e-04	0.5262
5136	-108.9557	-108.9557	-77.9786	0.7157	76.0067	0.6982	1.5e-04	0.5272
5137	-108.9664	-108.9664	-77.7378	0.7134	76.2908	0.7007	1.5e-04	0.5245
5138	-108.9740	-108.9740	-76.9012	0.7057	77.1396	0.7085	1.5e-04	0.5259
5139	-108.9657	-108.9657	-76.2788	0.7000	77.7525	0.7141	1.5e-04	0.5256
5140	-108.9679	-108.9679	-76.4658	0.7017	77.5089	0.7120	1.5e-04	0.5268
5141	-108.9585	-108.9585	-77.2848	0.7093	76.7397	0.7049	1.5e-04	0.5252
5142	-108.9509	-108.9509	-77.0918	0.7076	76.9166	0.7066	1.5e-04	0.5252
5143	-108.9634	-108.9634	-76.8883	0.7056	77.1391	0.7086	1.5e-04	0.5243
5144	-108.9542	-108.9542	-77.3878	0.7103	76.6293	0.7039	1.5e-04	0.5271
5145	-108.9532	-108.9532	-76.0274	0.6978	77.9716	0.7162	1.5e-04	0.5250
5146	-108.9502	-108.9502	-76.2866	0.7002	77.7288	0.7139	1.5e-04	0.5255
5147	-108.9646	-108.9646	-76.3502	0.7007	77.6711	0.7135	1.5e-04	0.5252
5148	-108.9671	-108.9671	-76.1886	0.6992	77.8198	0.7148	1.5e-04	0.5249
5149	-108.9489	-108.9489	-77.5130	0.7115	76.4980	0.7027	1.5e-04	0.5274
5150	-108.9607	-108.9607	-76.9817	0.7065	77.0348	0.7077	1.5e-04	0.5271
5151	-108.9520	-108.9520	-76.3588	0.7008	77.6467	0.7132	1.5e-04	0.5257
5152	-108.9707	-108.9707	-76.9456	0.7061	77.0940	0.7081	1.5e-04	0.5245
5153	-108.9568	-108.9568	-76.2657	0.7000	77.7408	0.7141	1.5e-04	0.5256
5154	-108.9709	-108.9710	-75.4099	0.6920	78.5911	0.7219	1.5e-04	0.5247
5155	-108.9527	-108.9527	-76.8260	0.7051	77.1995	0.7091	1.5e-04	0.5266
5156	-108.9633	-108.9633	-76.9517	0.7062	77.0406	0.7076	1.5e-04	0.5257
5157	-108.9636	-108.9636	-75.2931	0.6910	78.6973	0.7228	1.5e-04	0.5240
5158	-108.9674	-108.9674	-75.8220	0.6958	78.1468	0.7178	1.5e-04	0.5250
5159	-108.9416	-108.9419	-74.3139	0.6821	79.6032	0.7312	1.5e-04	0.5253
5160	-108.9641	-108.9642	-75.7861	0.6955	78.2322	0.7185	1.5e-04	0.5258
5161	-108.9526	-108.9526	-76.7008	0.7040	77.3146	0.7102	1.5e-04	0.5256
5162	-108.9513	-108.9513	-76.4181	0.7014	77.5950	0.7128	1.5e-04	0.5239
5163	-108.9616	-108.9616	-76.3298	0.7005	77.6815	0.7135	1.5e-04	0.5270
5164	-108.9647	-108.9648	-75.4653	0.6926	78.5074	0.7211	1.5e-04	0.5251
5165	-108.9447	-108.9447	-76.2090	0.6995	77.8098	0.7146	1.5e-04	0.5245
5166	-108.9629	-108.9629	-76.2723	0.7000	77.7561	0.7141	1.5e-04	0.5265
5167	-108.9469	-108.9469	-76.3917	0.7012	77.6080	0.7129	1.5e-04	0.5247
5168	-108.9491	-108.9491	-75.7689	0.6955	78.2154	0.7185	1.5e-04	0.5257
5169	-108.9577	-108.9577	-76.7528	0.7044	77.2487	0.7096	1.5e-04	0.5253
5170	-108.9680	-108.9680	-77.0485	0.7071	76.9896	0.7071	1.5e-04	0.5273
5171	-108.9617	-108.9617	-76.7604	0.7045	77.2628	0.7097	1.5e-04	0.5248
5172	-108.9695	-108.9695	-76.6360	0.7033	77.3944	0.7109	1.5e-04	0.5250
5173	-108.9634	-108.9635	-75.3049	0.6911	78.6797	0.7227	1.5e-04	0.5259
5174	-108.9579	-108.9579	-76.4042	0.7012	77.6181	0.7129	1.5e-04	0.5254
5175	-108.9559	-108.9559	-75.4094	0.6921	78.5829	0.7217	1.5e-04	0.5241
5176	-108.9523	-108.9523	-76.7585	0.7045	77.2531	0.7097	1.5e-04	0.5272
5177	-108.9684	-108.9684	-76.7643	0.7045	77.2786	0.7097	1.5e-04	0.5256
5178	-108.9639	-108.9639	-76.6379	0.7033	77.3707	0.7106	1.5e-04	0.5247
5179	-108.9726	-108.9726	-76.4084	0.7012	77.6244	0.7129	1.5e-04	0.5274
5180	-108.9576	-108.9577	-75.2898	0.6910	78.6923	0.7228	1.5e-04	0.5243
5181	-108.9675	-108.9675	-76.3641	0.7008	77.6574	0.7133	1.5e-04	0.5248
5182	-108.9499	-108.9499	-77.2528	0.7091	76.7571	0.7051	1.5e-04	0.5259
5183	-108.9481	-108.9481	-76.1061	0.6986	77.9054	0.7155	1.5e-04	0.5256
5184	-108.9691	-108.9693	-74.8281	0.6867	79.1553	0.7269	1.5e-04	0.5244
5185	-108.9733	-108.9734	-75.5385	0.6932	78.4726	0.7207	1.5e-04	0.5252
5186	-108.9684	-108.9684	-76.2925	0.7001	77.7143	0.7138	1.5e-04	0.5240
5187	-108.9533	-108.9534	-75.4938	0.6929	78.4683	0.7208	1.5e-04	0.5248
5188	-108.9587	-108.9587	-75.6432	0.6942	78.3536	0.7197	1.5e-04	0.5252
5189	-108.9530	-108.9530	-76.9724	0.7065	77.0590	0.7077	1.5e-04	0.5253
5190	-108.9625	-108.9625	-76.0110	0.6976	78.0096	0.7165	1.5e-04	0.5247
5191	-108.9506	-108.9506	-76.1924	0.6993	77.8111	0.7147	1.5e-04	0.5259
5192	-108.9691	-108.9691	-77.2324	0.7088	76.8062	0.7054	1.5e-04	0.5272
5193	-108.9632	-108.9632	-76.4231	0.7014	77.6025	0.7128	1.5e-04	0.5269
5194	-108.9569	-108.9570	-75.7737	0.6954	78.2237	0.7185	1.5e-04	0.5251
5195	-108.9482	-108.9482	-76.3659	0.7009	77.6349	0.7132	1.5e-04	0.5253
5196	-108.9566	-108.9566	-75.7822	0.6955	78.2247	0.7185	1.5e-04	0.5268
5197	-108.9799	-108.9799	-76.5793	0.7027	77.4583	0.7114	1.5e-04	0.5250
5198	-108.9684	-108.9685	-75.6267	0.6940	78.3728	0.7198	1.5e-04	0.5241
5199	-108.9710	-108.9710	-75.8894	0.6964	78.1289	0.7175	1.5e-04	0.5267
5200	-108.9708	-108.9708	-75.7852	0.6955	78.2274	0.7185	1.5e-04	0.5258
5201	-108.9572	-108.9572	-76.9402	0.7062	77.0419	0.7076	1.5e-04	0.5250
5202	-108.9607	-108.9607	-76.5965	0.7030	77.4260	0.7112	1.5e-04	0.5252
5203	-108.9617	-108.9617	-76.5712	0.7027	77.4475	0.7114	1.5e-04	0.5265
5204	-108.9591	-108.9591	-76.5484	0.7025	77.4812	0.7116	1.5e-04	0.5250
5205	-108.9746	-108.9746	-76.4592	0.7016	77.5824	0.7125	1.5e-04	0.5246
5206	-108.9597	-108.9597	-76.3432	0.7007	77.6728	0.7135	1.5e-04	0.5263
5207	-108.9640	-108.9640	-76.6867	0.7038	77.3467	0.7104	1.5e-04	0.5251
5208	-108.9623	-108.9623	-76.1245	0.6986	77.8686	0.7153	1.5e-04	0.5248
5209	-108.9539	-108.9539	-75.7980	0.6957	78.1916	0.7182	1.5e-04	0.5257
5210	-108.9605	-108.9605	-76.5640	0.7027	77.4394	0.7113	1.5e-04	0.5243
5211	-108.9593	-108.9593	-76.1977	0.6993	77.8262	0.7148	1.5e-04	0.5256
5212	-108.9718	-108.9718	-76.9259	0.7059	77.1167	0.7083	1.5e-04	0.5251
5213	-108.9680	-108.9680	-76.0629	0.6980	77.9488	0.7160	1.5e-04	0.5252
5214	-108.9590	-108.9590	-75.8615	0.6962	78.0628	0.7170	1.5e-04	0.5271
5215	-108.9779	-108.9779	-76.0334	0.6977	78.0010	0.7164	1.5e-04	0.5253
5216	-108.9690	-108.9690	-76.1223	0.6986	77.9083	0.7155	1.5e-04	0.5265
5217	-108.9626	-108.9626	-75.7433	0.6951	78.2740	0.7189	1.5e-04	0.5264
5218	-108.9763	-108.9763	-75.8753	0.6963	78.1533	0.7177	1.5e-04	0.5258
5219	-108.9570	-108.9570	-76.8409	0.7052	77.1847	0.7089	1.5e-04	0.5252
5220	-108.9662	-108.9662	-76.4356	0.7015	77.5771	0.7125	1.5e-04	0.5264
5221	-108.9717	-108.9717	-76.2402	0.6996	77.7826	0.7145	1.5e-04	0.5263
5222	-108.9503	-108.9503	-76.4309	0.7015	77.5680	0.7125	1.5e-04	0.5262
5223	-108.9634	-108.9634	-76.9957	0.7066	77.0321	0.7076	1.5e-04	0.5256
5224	-108.9478	-108.9478	-76.6991	0.7040	77.3091	0.7101	1.5e-04	0.5255
5225	-108.9567	-108.9567	-77.2743	0.7092	76.7555	0.7050	1.5e-04	0.5274
5226	-108.9807	-108.9807	-76.8751	0.7054	77.1606	0.7087	1.5e-04	0.5252
5227	-108.9668	-108.9668	-76.3218	0.7004	77.7067	0.7137	1.5e-04	0.5252
5228	-108.9586	-108.9586	-76.2288	0.6996	77.7824	0.7145	1.5e-04	0.5247
5229	-108.9784	-108.9784	-76.0055	0.6974	78.0107	0.7165	1.5e-04	0.5265
5230	-108.9707	-108.9707	-76.0883	0.6982	77.9378	0.7159	1.5e-04	0.5275
5231	-108.9626	-108.9626	-76.3557	0.7008	77.6652	0.7134	1.5e-04	0.5248
5232	-108.9627	-108.9627	-75.7978	0.6956	78.2240	0.7184	1.5e-04	0.5245
5233	-108.9489	-108.9489	-76.7356	0.7043	77.2649	0.7098	1.5e-04	0.5250
5234	-108.9398	-108.9398	-76.5191	0.7024	77.4717	0.7116	1.5e-04	0.5242
5235	-108.9598	-108.9599	-75.3174	0.6912	78.6813	0.7226	1.5e-04	0.5251
5236	-108.9665	-108.9666	-75.3358	0.6914	78.6620	0.7225	1.5e-04	0.5250
5237	-108.9502	-108.9502	-76.5675	0.7028	77.4266	0.7113	1.5e-04	0.5257
5238	-108.9614	-108.9614	-77.2692	0.7091	76.7474	0.7050	1.5e-04	0.5247
5239	-108.9725	-108.9726	-76.1444	0.6987	77.8735	0.7153	1.5e-04	0.5250
5240	-108.9498	-108.9498	-77.2892	0.7094	76.7214	0.7048	1.5e-04	0.5261
5241	-108.9732	-108.9732	-76.2984	0.7002	77.7353	0.7140	1.5e-04	0.5249
5242	-108.9746	-108.9746	-75.6517	0.6942	78.3407	0.7196	1.5e-04	0.5243
5243	-108.9674	-108.9675	-76.1933	0.6992	77.8220	0.7148	1.5e-04	0.5250
5244	-108.9661	-108.9662	-75.5827	0.6936	78.4058	0.7202	1.5e-04	0.5254
5245	-108.9561	-108.9561	-76.1826	0.6992	77.7391	0.7141	1.5e-04	0.5243
5246	-108.9598	-108.9598	-76.8943	0.7057	77.1138	0.7083	1.5e-04	0.5262
5247	-108.9868	-108.9868	-76.4969	0.7019	77.5576	0.7123	1.5e-04	0.5256
5248	-108.9661	-108.9661	-76.0405	0.6978	77.9772	0.7163	1.5e-04	0.5251
5249	-108.9694	-108.9695	-75.3148	0.6912	78.6852	0.7227	1.5e-04	0.5269
5250	-108.9692	-108.9692	-76.5700	0.7027	77.4627	0.7115	1.5e-04	0.5246
5251	-108.9608	-108.9608	-76.3865	0.7010	77.6327	0.7131	1.5e-04	0.5251
5252	-108.9683	-108.9683	-76.2563	0.6998	77.7635	0.7143	1.5e-04	0.5247
5253	-108.9647	-108.9647	-76.3487	0.7007	77.6739	0.7135	1.5e-04	0.5249
5254	-108.9592	-108.9592	-76.1102	0.6985	77.9058	0.7156	1.5e-04	0.5265
5255	-108.9729	-108.9729	-76.5903	0.7028	77.4474	0.7113	1.5e-04	0.5256
5256	-108.9608	-108.9609	-75.5527	0.6934	78.4025	0.7201	1.5e-04	0.5262
5257	-108.9708	-108.9709	-75.4949	0.6928	78.5066	0.7211	1.5e-04	0.5258
5258	-108.9759	-108.9759	-76.9674	0.7063	77.0793	0.7079	1.5e-04	0.5243
5259	-108.9685	-108.9685	-75.9642	0.6971	78.0614	0.7170	1.5e-04	0.5241
5260	-108.9630	-108.9630	-75.2454	0.6906	78.7457	0.7233	1.5e-04	0.5269
5261	-108.9513	-108.9513	-77.1097	0.7077	76.9117	0.7065	1.5e-04	0.5247
5262	-108.9552	-108.9552	-76.0331	0.6978	77.9848	0.7162	1.5e-04	0.5243
5263	-108.9725	-108.9725	-76.8274	0.7050	77.2157	0.7092	1.5e-04	0.5265
5264	-108.9601	-108.9601	-76.0572	0.6980	77.9498	0.7161	1.5e-04	0.5257
5265	-108.9692	-108.9692	-77.0754	0.7073	76.9488	0.7067	1.5e-04	0.5247
5266	-108.9640	-108.9640	-76.1121	0.6985	77.8870	0.7153	1.5e-04	0.5262
5267	-108.9827	-108.9827	-75.7763	0.6953	78.2487	0.7187	1.5e-04	0.5249
5268	-108.9730	-108.9730	-76.3900	0.7010	77.6501	0.7131	1.5e-04	0.5245
5269	-108.9649	-108.9649	-77.7313	0.7134	76.2980	0.7008	1.5e-04	0.5247
5270	-108.9631	-108.9631	-77.0445	0.7071	76.9947	0.7071	1.5e-04	0.5243
5271	-108.9622	-108.9622	-77.1781	0.7083	76.8316	0.7058	1.5e-04	0.5266
5272	-108.9652	-108.9652	-77.1375	0.7079	76.8849	0.7063	1.5e-04	0.5258
5273	-108.9608	-108.9608	-77.2616	0.7091	76.7506	0.7051	1.5e-04	0.5251
5274	-108.9414	-108.9414	-78.1606	0.7175	75.8273	0.6965	1.5e-04	0.5253
5275	-108.9582	-108.9582	-76.6738	0.7037	77.3613	0.7105	1.5e-04	0.5256
5276	-108.9562	-108.9562	-78.0695	0.7165	75.9432	0.6975	1.5e-04	0.5253
5277	-108.9631	-108.9631	-77.3819	0.7102	76.6486	0.7040	1.5e-04	0.5239
5278	-108.9526	-108.9526	-77.6665	0.7128	76.3465	0.7013	1.5e-04	0.5248
5279	-108.9646	-108.9646	-76.9821	0.7065	77.0466	0.7077	1.5e-04	0.5269
5280	-108.9706	-108.9706	-78.1776	0.7174	75.8491	0.6966	1.5e-04	0.5253
5281	-108.9586	-108.9586	-77.5240	0.7115	76.4965	0.7027	1.5e-04	0.5251
5282	-108.9570	-108.9570	-77.8412	0.7144	76.1518	0.6995	1.5e-04	0.5267
5283	-108.9583	-108.9583	-77.5507	0.7117	76.4757	0.7024	1.5e-04	0.5250
5284	-108.9670	-108.9670	-77.0187	0.7068	77.0063	0.7074	1.5e-04	0.5271
5285	-108.9514	-108.9514	-77.2056	0.7086	76.8121	0.7056	1.5e-04	0.5246
5286	-108.9590	-108.9590	-77.2247	0.7088	76.7651	0.7050	1.5e-04	0.5256
5287	-108.9638	-108.9638	-77.1817	0.7083	76.8475	0.7059	1.5e-04	0.5271
5288	-108.9746	-108.9746	-77.1260	0.7077	76.9145	0.7064	1.5e-04	0.5258
5289	-108.9550	-108.9550	-76.9543	0.7063	77.0689	0.7079	1.5e-04	0.5254
5290	-108.9591	-108.9591	-77.2619	0.7091	76.7640	0.7050	1.5e-04	0.5262
5291	-108.9713	-108.9713	-78.1027	0.7167	75.9311	0.6974	1.5e-04	0.5258
5292	-108.9786	-108.9786	-76.9111	0.7057	77.1395	0.7084	1.5e-04	0.5238
5293	-108.9765	-108.9765	-77.2846	0.7092	76.7543	0.7050	1.5e-04	0.5258
5294	-108.9611	-108.9611	-76.5527	0.7026	77.4490	0.7115	1.5e-04	0.5250
5295	-108.9558	-108.9558	-77.7552	0.7136	76.2633	0.7005	1.5e-04	0.5246
5296	-108.9601	-108.9601	-75.9702	0.6972	78.0446	0.7168	1.5e-04	0.5258
5297	-108.9660	-108.9660	-77.6022	0.7122	76.4327	0.7020	1.5e-04	0.5245
5298	-108.9659	-108.9659	-78.0258	0.7161	75.9919	0.6980	1.5e-04	0.5247
5299	-108.9547	-108.9547	-76.7056	0.7040	77.3090	0.7101	1.5e-04	0.5272
5300	-108.9547	-108.9547	-77.3929	0.7103	76.6067	0.7036	1.5e-04	0.5250
5301	-108.9545	-108.9545	-77.8190	0.7142	76.1874	0.6999	1.5e-04	0.5241
5302	-108.9691	-108.9691	-77.3784	0.7101	76.6232	0.7037	1.5e-04	0.5249
5303	-108.9736	-108.9736	-75.4933	0.6928	78.5093	0.7212	1.5e-04	0.5265
5304	-108.9614	-108.9614	-76.8510	0.7053	77.1739	0.7089	1.5e-04	0.5254
5305	-108.9714	-108.9714	-76.7571	0.7044	77.2642	0.7096	1.5e-04	0.5251
5306	-108.9542	-108.9542	-77.0011	0.7067	77.0181	0.7075	1.5e-04	0.5254
5307	-108.9559	-108.9559	-77.6185	0.7124	76.3841	0.7016	1.5e-04	0.5244
5308	-108.9556	-108.9556	-77.2797	0.7093	76.7426	0.7049	1.5e-04	0.5268
5309	-108.9595	-108.9595	-76.7775	0.7046	77.2547	0.7096	1.5e-04	0.5259
5310	-108.9689	-108.9689	-77.1384	0.7079	76.8970	0.7063	1.5e-04	0.5250
5311	-108.9539	-108.9539	-77.1377	0.7080	76.8678	0.7061	1.5e-04	0.5253
5312	-108.9497	-108.9497	-77.3275	0.7098	76.6818	0.7044	1.5e-04	0.5255
5313	-108.9497	-108.9497	-78.1495	0.7173	75.8167	0.6964	1.5e-04	0.5251
5314	-108.9665	-108.9665	-76.0226	0.6977	77.9926	0.7164	1.5e-04	0.5251
5315	-108.9770	-108.9770	-77.1457	0.7079	76.9027	0.7063	1.5e-04	0.5247
5316	-108.9668	-108.9668	-77.2066	0.7085	76.8324	0.7056	1.5e-04	0.5249
5317	-108.9647	-108.9647	-77.4072	0.7104	76.6215	0.7038	1.5e-04	0.5252
5318	-108.9596	-108.9596	-77.4539	0.7108	76.5677	0.7033	1.5e-04	0.5242
5319	-108.9739	-108.9739	-76.6976	0.7038	77.3244	0.7102	1.5e-04	0.5245
5320	-108.9689	-108.9689	-77.3675	0.7100	76.6659	0.7042	1.5e-04	0.5251
5321	-108.9417	-108.9417	-77.0628	0.7074	76.9275	0.7066	1.5e-04	0.5264
5322	-108.9555	-108.9555	-76.9234	0.7060	77.1040	0.7082	1.5e-04	0.5247
5323	-108.9688	-108.9688	-77.5221	0.7114	76.5003	0.7027	1.5e-04	0.5252
5324	-108.9689	-108.9689	-77.2868	0.7093	76.7371	0.7048	1.5e-04	0.5269
5325	-108.9527	-108.9527	-77.9099	0.7151	76.0809	0.6989	1.5e-04	0.5251
5326	-108.9612	-108.9612	-78.1306	0.7170	75.8767	0.6970	1.5e-04	0.5248
5327	-108.9541	-108.9541	-77.0815	0.7075	76.9309	0.7067	1.5e-04	0.5265
5328	-108.9665	-108.9665	-77.2516	0.7089	76.7756	0.7053	1.5e-04	0.5255
5329	-108.9480	-108.9480	-77.7646	0.7138	76.2382	0.7004	1.5e-04	0.5255
5330	-108.9556	-108.9556	-78.9507	0.7246	75.0205	0.6891	1.5e-04	0.5268
5331	-108.9602	-108.9602	-77.5605	0.7118	76.4675	0.7024	1.5e-04	0.5248
5332	-108.9478	-108.9478	-77.6393	0.7126	76.3611	0.7015	1.5e-04	0.5249
5333	-108.9606	-108.9606	-78.3117	0.7187	75.6522	0.6949	1.5e-04	0.5272
5334	-108.9512	-108.9512	-77.9761	0.7157	76.0258	0.6984	1.5e-04	0.5262
5335	-108.9688	-108.9688	-78.0895	0.7166	75.9426	0.6975	1.5e-04	0.5253
5336	-108.9595	-108.9595	-77.0843	0.7075	76.9420	0.7067	1.5e-04	0.5271
5337	-108.9626	-108.9626	-78.1469	0.7172	75.8484	0.6967	1.5e-04	0.5255
5338	-108.9469	-108.9469	-77.4949	0.7113	76.5197	0.7029	1.5e-04	0.5249
5339	-108.9599	-108.9599	-77.0746	0.7074	76.9542	0.7068	1.5e-04	0.5255
5340	-108.9702	-108.9702	-76.9390	0.7061	77.1023	0.7082	1.5e-04	0.5249
5341	-108.9680	-108.9680	-77.5354	0.7115	76.5055	0.7026	1.5e-04	0.5276
5342	-108.9502	-108.9502	-78.0535	0.7164	75.9511	0.6976	1.5e-04	0.5247
5343	-108.9587	-108.9587	-76.6708	0.7037	77.3530	0.7105	1.5e-04	0.5256
5344	-108.9596	-108.9596	-77.9983	0.7158	76.0198	0.6982	1.4e-04	0.5242
5345	-108.9754	-108.9754	-76.8523	0.7052	77.1960	0.7090	1.4e-04	0.5269
5346	-108.9563	-108.9563	-77.7339	0.7134	76.2952	0.7007	1.4e-04	0.5242
5347	-108.9693	-108.9693	-77.4897	0.7111	76.5504	0.7030	1.4e-04	0.5251
5348	-108.9487	-108.9487	-78.3298	0.7190	75.6596	0.6950	1.4e-04	0.5274
5349	-108.9624	-108.9624	-77.8097	0.7141	76.2126	0.7000	1.4e-04	0.5255
5350	-108.9652	-108.9652	-79.1850	0.7267	74.7705	0.6869	1.4e-04	0.5254
5351	-108.9484	-108.9484	-78.1097	0.7169	75.8953	0.6971	1.4e-04	0.5263
5352	-108.9671	-108.9671	-78.4466	0.7199	75.5691	0.6941	1.4e-04	0.5249
5353	-108.9619	-108.9619	-78.6450	0.7218	75.3516	0.6920	1.4e-04	0.5263
5354	-108.9535	-108.9535	-78.2470	0.7182	75.7531	0.6958	1.4e-04	0.5248
5355	-108.9620	-108.9620	-76.9960	0.7066	77.0280	0.7074	1.4e-04	0.5247
5356	-108.9628	-108.9628	-78.2796	0.7184	75.7378	0.6956	1.4e-04	0.5243
5357	-108.9594	-108.9594	-78.4532	0.7200	75.5417	0.6939	1.4e-04	0.5265
5358	-108.9644	-108.9644	-78.2037	0.7177	75.8112	0.6963	1.4e-04	0.5267
5359	-108.9621	-108.9621	-78.7939	0.7231	75.1822	0.6906	1.4e-04	0.5253
5360	-108.9529	-108.9529	-78.3440	0.7191	75.6384	0.6948	1.4e-04	0.5272
5361	-108.9595	-108.9595	-77.9528	0.7154	76.0594	0.6987	1.4e-04	0.5256
5362	-108.9675	-108.9675	-78.7202	0.7224	75.2433	0.6912	1.4e-04	0.5251
5363	-108.9732	-108.9732	-77.2969	0.7093	76.7293	0.7048	1.4e-04	0.5247
5364	-108.9773	-108.9773	-78.3691	0.7191	75.6522	0.6948	1.4e-04	0.5272
5365	-108.9519	-108.9519	-78.5025	0.7205	75.4759	0.6932	1.4e-04	0.5260
5366	-108.9473	-108.9473	-79.2140	0.7271	74.7335	0.6865	1.4e-04	0.5245
5367	-108.9545	-108.9545	-78.4107	0.7197	75.5861	0.6943	1.4e-04	0.5270
5368	-108.9751	-108.9751	-77.9127	0.7150	76.1231	0.6991	1.4e-04	0.5250
5369	-108.9654	-108.9654	-78.1448	0.7172	75.8628	0.6968	1.4e-04	0.5265
5370	-108.9473	-108.9473	-77.4146	0.7106	76.5800	0.7035	1.4e-04	0.5254
5371	-108.9629	-108.9629	-78.0300	0.7161	75.9853	0.6980	1.4e-04	0.5252
5372	-108.9638	-108.9638	-78.3864	0.7194	75.6185	0.6946	1.4e-04	0.5260
5373	-108.9725	-108.9725	-77.6680	0.7127	76.3609	0.7014	1.4e-04	0.5243
5374	-108.9660	-108.9660	-78.5850	0.7212	75.4165	0.6927	1.4e-04	0.5262
5375	-108.9639	-108.9639	-78.2858	0.7185	75.7245	0.6955	1.4e-04	0.5256
5376	-108.9695	-108.9695	-78.7727	0.7229	75.2304	0.6909	1.4e-04	0.5261
5377	-108.9645	-108.9645	-77.1290	0.7078	76.8768	0.7062	1.4e-04	0.5256
5378	-108.9703	-108.9703	-78.4666	0.7201	75.5455	0.6939	1.4e-04	0.5245
5379	-108.9750	-108.9750	-77.0044	0.7066	77.0302	0.7075	1.4e-04	0.5269
5380	-108.9658	-108.9658	-77.3744	0.7101	76.6435	0.7040	1.4e-04	0.5258
5381	-108.9543	-108.9543	-76.4083	0.7013	77.6110	0.7128	1.4e-04	0.5252
5382	-108.9419	-108.9419	-77.1259	0.7080	76.8792	0.7062	1.4e-04	0.5260
5383	-108.9625	-108.9625	-77.6591	0.7127	76.3326	0.7011	1.4e-04	0.5245
5384	-108.9633	-108.9633	-77.8763	0.7147	76.1474	0.6994	1.4e-04	0.5248
5385	-108.9653	-108.9653	-77.3212	0.7096	76.7042	0.7046	1.4e-04	0.5261
5386	-108.9540	-108.9540	-77.2061	0.7086	76.7979	0.7054	1.4e-04	0.5254
5387	-108.9672	-108.9672	-76.5416	0.7024	77.4857	0.7117	1.4e-04	0.5269
5388	-108.9739	-108.9739	-77.1075	0.7076	76.9166	0.7065	1.4e-04	0.5252
5389	-108.9681	-108.9681	-77.0708	0.7073	76.9700	0.7069	1.4e-04	0.5250
5390	-108.9636	-108.9636	-77.4349	0.7106	76.5915	0.7035	1.4e-04	0.5268
5391	-108.9642	-108.9642	-77.6690	0.7128	76.3510	0.7012	1.4e-04	0.5250
5392	-108.9684	-108.9684	-77.6733	0.7128	76.3479	0.7012	1.4e-04	0.5252
5393	-108.9740	-108.9740	-76.4370	0.7014	77.6042	0.7127	1.4e-04	0.5267
5394	-108.9782	-108.9782	-76.2352	0.6995	77.8126	0.7146	1.4e-04	0.5256
5395	-108.9567	-108.9567	-77.2776	0.7093	76.7444	0.7049	1.4e-04	0.5241
5396	-108.9480	-108.9480	-77.2306	0.7089	76.7809	0.7053	1.4e-04	0.5259
5397	-108.9723	-108.9723	-76.9710	0.7063	77.0736	0.7078	1.4e-04	0.5267
5398	-108.9706	-108.9706	-76.9055	0.7057	77.1344	0.7084	1.4e-04	0.5261
5399	-108.9543	-108.9543	-77.5319	0.7116	76.4905	0.7026	1.4e-04	0.5253
5400	-108.9613	-108.9613	-77.1858	0.7084	76.8464	0.7058	1.4e-04	0.5241
5401	-108.9701	-108.9701	-77.7015	0.7131	76.3207	0.7010	1.4e-04	0.5227
5402	-108.9599	-108.9599	-76.9523	0.7062	77.0723	0.7079	1.4e-04	0.5278
5403	-108.9566	-108.9566	-77.6266	0.7125	76.3938	0.7016	1.4e-04	0.5250
5404	-108.9590	-108.9590	-78.1011	0.7168	75.9140	0.6973	1.4e-04	0.5274
5405	-108.9680	-108.9680	-77.3523	0.7099	76.6830	0.7043	1.4e-04	0.5264
5406	-108.9591	-108.9591	-77.9755	0.7156	76.0352	0.6984	1.4e-04	0.5254
5407	-108.9672	-108.9672	-77.5794	0.7120	76.4387	0.7021	1.4e-04	0.5272
5408	-108.9581	-108.9581	-77.5208	0.7115	76.5049	0.7027	1.4e-04	0.5245
5409	-108.9505	-108.9505	-77.5158	0.7115	76.5016	0.7027	1.4e-04	0.5255
5410	-108.9580	-108.9580	-76.4528	0.7017	77.5678	0.7124	1.4e-04	0.5243
5411	-108.9739	-108.9739	-78.1885	0.7175	75.8369	0.6965	1.4e-04	0.5245
5412	-108.9675	-108.9675	-77.1091	0.7076	76.9294	0.7065	1.4e-04	0.5263
5413	-108.9777	-108.9777	-76.6923	0.7037	77.3520	0.7104	1.4e-04	0.5253
5414	-108.9684	-108.9684	-77.8334	0.7143	76.1688	0.6995	1.4e-04	0.5248
5415	-108.9679	-108.9679	-77.7589	0.7136	76.2818	0.7006	1.4e-04	0.5259
5416	-108.9720	-108.9720	-77.9256	0.7151	76.1093	0.6990	1.4e-04	0.5260
5417	-108.9572	-108.9572	-77.6138	0.7123	76.4175	0.7018	1.4e-04	0.5242
5418	-108.9472	-108.9472	-77.4731	0.7111	76.5360	0.7031	1.4e-04	0.5260
5419	-108.9719	-108.9719	-77.8623	0.7145	76.1702	0.6996	1.4e-04	0.5249
5420	-108.9642	-108.9642	-77.1015	0.7076	76.9366	0.7066	1.4e-04	0.5267
5421	-108.9580	-108.9580	-77.9444	0.7154	76.0808	0.6987	1.4e-04	0.5248
5422	-108.9627	-108.9627	-78.2695	0.7183	75.7454	0.6957	1.4e-04	0.5254
5423	-108.9669	-108.9669	-77.5477	0.7117	76.4702	0.7023	1.4e-04	0.5262
5424	-108.9467	-108.9467	-78.7785	0.7231	75.1762	0.6905	1.4e-04	0.5252
5425	-108.9737	-108.9737	-77.8771	0.7146	76.1489	0.6995	1.4e-04	0.5242
5426	-108.9488	-108.9488	-78.0242	0.7162	75.9694	0.6979	1.4e-04	0.5266
5427	-108.9632	-108.9632	-78.2361	0.7180	75.7704	0.6960	1.4e-04	0.5246
5428	-108.9535	-108.9535	-79.2628	0.7275	74.6899	0.6860	1.4e-04	0.5245
5429	-108.9575	-108.9575	-78.3637	0.7192	75.6420	0.6948	1.4e-04	0.5267
5430	-108.9644	-108.9644	-77.7868	0.7139	76.2394	0.7002	1.4e-04	0.5255
5431	-108.9666	-108.9666	-77.8716	0.7146	76.1603	0.6995	1.4e-04	0.5249
5432	-108.9632	-108.9632	-78.0093	0.7159	76.0037	0.6981	1.4e-04	0.5262
5433	-108.9642	-108.9642	-78.6927	0.7222	75.3006	0.6916	1.4e-04	0.5258
5434	-108.9594	-108.9594	-76.9763	0.7065	77.0567	0.7077	1.4e-04	0.5271
5435	-108.9635	-108.9635	-78.8921	0.7240	75.1046	0.6898	1.4e-04	0.5248
5436	-108.9617	-108.9617	-78.7008	0.7223	75.2801	0.6914	1.4e-04	0.5250
5437	-108.9680	-108.9680	-78.8363	0.7235	75.1662	0.6903	1.4e-04	0.5248
5438	-108.9604	-108.9604	-77.9103	0.7150	76.1014	0.6990	1.4e-04	0.5274
5439	-108.9720	-108.9720	-78.7571	0.7227	75.2239	0.6909	1.4e-04	0.5251
5440	-108.9564	-108.9564	-78.0396	0.7162	75.9655	0.6978	1.4e-04	0.5242
5441	-108.9761	-108.9761	-78.3774	0.7192	75.6532	0.6948	1.4e-04	0.5249
5442	-108.9707	-108.9707	-77.5955	0.7121	76.4095	0.7017	1.4e-04	0.5249
5443	-108.9623	-108.9623	-76.6937	0.7039	77.3360	0.7103	1.4e-04	0.5253
5444	-108.9691	-108.9691	-77.9920	0.7157	76.0052	0.6980	1.4e-04	0.5249
5445	-108.9597	-108.9597	-78.8130	0.7233	75.1807	0.6905	1.4e-04	0.5249
5446	-108.9769	-108.9769	-78.8167	0.7232	75.1958	0.6906	1.4e-04	0.5267
5447	-108.9641	-108.9641	-78.2622	0.7182	75.7572	0.6958	1.4e-04	0.5258
5448	-108.9683	-108.9683	-77.7590	0.7136	76.2734	0.7005	1.4e-04	0.5240
5449	-108.9660	-108.9660	-78.6641	0.7219	75.3300	0.6919	1.4e-04	0.5247
5450	-108.9629	-108.9629	-79.0848	0.7258	74.8875	0.6878	1.4e-04	0.5249
5451	-108.9653	-108.9653	-78.3517	0.7191	75.6370	0.6946	1.4e-04	0.5252
5452	-108.9643	-108.9643	-78.4101	0.7196	75.5980	0.6944	1.4e-04	0.5262
5453	-108.9623	-108.9623	-79.0720	0.7257	74.9137	0.6880	1.4e-04	0.5255
5454	-108.9529	-108.9529	-79.0389	0.7254	74.9311	0.6883	1.4e-04	0.5247
5455	-108.9670	-108.9670	-79.4824	0.7294	74.4807	0.6840	1.4e-04	0.5262
5456	-108.9690	-108.9690	-77.7870	0.7138	76.2390	0.7002	1.4e-04	0.5253
5457	-108.9708	-108.9708	-78.5436	0.7208	75.4737	0.6932	1.4e-04	0.5244
5458	-108.9665	-108.9665	-78.2756	0.7183	75.7524	0.6957	1.4e-04	0.5255
5459	-108.9862	-108.9862	-77.7893	0.7138	76.2651	0.7004	1.4e-04	0.5252
5460	-108.9656	-108.9656	-78.9885	0.7249	75.0072	0.6888	1.4e-04	0.5267
5461	-108.9628	-108.9628	-78.2834	0.7184	75.7359	0.6956	1.4e-04	0.5253
5462	-108.9476	-108.9476	-79.0531	0.7256	74.9154	0.6881	1.4e-04	0.5247
5463	-108.9495	-108.9495	-78.9738	0.7249	74.9952	0.6888	1.4e-04	0.5263
5464	-108.9783	-108.9783	-78.9353	0.7243	75.0659	0.6894	1.4e-04	0.5262
5465	-108.9500	-108.9500	-79.1634	0.7266	74.7959	0.6870	1.4e-04	0.5249
5466	-108.9617	-108.9617	-79.0086	0.7251	74.9794	0.6886	1.4e-04	0.5265
5467	-108.9571	-108.9571	-79.5482	0.7301	74.3983	0.6833	1.4e-04	0.5252
5468	-108.9621	-108.9621	-78.6634	0.7219	75.3409	0.6919	1.4e-04	0.5236
5469	-108.9412	-108.9412	-78.7057	0.7225	75.2565	0.6914	1.4e-04	0.5270
5470	-108.9627	-108.9627	-79.7718	0.7321	74.1637	0.6812	1.4e-04	0.5252
5471	-108.9759	-108.9759	-79.3927	0.7285	74.5903	0.6850	1.4e-04	0.5252
5472	-108.9666	-108.9666	-79.1286	0.7262	74.8431	0.6874	1.4e-04	0.5263
5473	-108.9600	-108.9600	-79.1033	0.7260	74.8587	0.6877	1.4e-04	0.5253
5474	-108.9594	-108.9594	-78.7109	0.7224	75.2664	0.6913	1.4e-04	0.5245
5475	-108.9615	-108.9615	-79.0077	0.7251	74.9686	0.6886	1.4e-04	0.5257
5476	-108.9839	-108.9839	-78.5172	0.7204	75.5153	0.6935	1.4e-04	0.5255
5477	-108.9564	-108.9564	-79.4418	0.7291	74.4971	0.6843	1.4e-04	0.5246
5478	-108.9821	-108.9821	-79.2372	0.7271	74.7371	0.6864	1.4e-04	0.5271
5479	-108.9572	-108.9572	-78.6866	0.7222	75.3002	0.6917	1.4e-04	0.5248
5480	-108.9496	-108.9496	-79.1230	0.7262	74.8288	0.6874	1.4e-04	0.5249
5481	-108.9574	-108.9574	-79.2153	0.7270	74.7031	0.6862	1.4e-04	0.5242
5482	-108.9466	-108.9466	-79.0209	0.7253	74.9167	0.6881	1.4e-04	0.5276
5483	-108.9681	-108.9681	-79.1435	0.7263	74.8317	0.6873	1.4e-04	0.5259
5484	-108.9591	-108.9591	-79.1863	0.7268	74.7747	0.6868	1.4e-04	0.5259
5485	-108.9659	-108.9659	-79.6003	0.7305	74.3433	0.6829	1.4e-04	0.5267
5486	-108.9632	-108.9632	-79.1117	0.7260	74.8550	0.6875	1.4e-04	0.5247
5487	-108.9640	-108.9640	-79.3634	0.7283	74.5994	0.6852	1.4e-04	0.5248
5488	-108.9602	-108.9602	-79.2061	0.7269	74.7526	0.6867	1.4e-04	0.5249
5489	-108.9465	-108.9465	-79.9618	0.7340	73.9338	0.6792	1.4e-04	0.5271
5490	-108.9636	-108.9636	-79.0495	0.7255	74.9280	0.6882	1.4e-04	0.5243
5491	-108.9653	-108.9653	-79.6797	0.7312	74.2642	0.6821	1.4e-04	0.5237
5492	-108.9721	-108.9721	-78.5738	0.7210	75.4330	0.6929	1.4e-04	0.5255
5493	-108.9628	-108.9628	-79.8141	0.7325	74.1214	0.6808	1.4e-04	0.5252
5494	-108.9527	-108.9527	-79.3618	0.7284	74.5811	0.6851	1.4e-04	0.5252
5495	-108.9702	-108.9702	-79.7752	0.7321	74.1691	0.6812	1.4e-04	0.5251
5496	-108.9550	-108.9550	-79.0110	0.7252	74.9677	0.6886	1.4e-04	0.5262
5497	-108.9501	-108.9501	-78.7189	0.7225	75.2430	0.6913	1.4e-04	0.5259
5498	-108.9608	-108.9608	-78.7025	0.7223	75.2849	0.6915	1.4e-04	0.5259
5499	-108.9690	-108.9690	-78.4332	0.7198	75.5779	0.6941	1.4e-04	0.5251
5500	-108.9593	-108.9593	-78.4342	0.7198	75.5625	0.6941	1.4e-04	0.5249
5501	-108.9673	-108.9673	-77.7373	0.7134	76.3035	0.7008	1.4e-04	0.5251
5502	-108.9363	-108.9363	-77.7794	0.7140	76.2252	0.7002	1.4e-04	0.5250
5503	-108.9678	-108.9678	-77.4936	0.7112	76.5395	0.7030	1.4e-04	0.5250
5504	-108.9711	-108.9711	-77.3403	0.7097	76.6902	0.7044	1.4e-04	0.5249
5505	-108.9776	-108.9776	-77.6082	0.7121	76.4315	0.7020	1.4e-04	0.5242
5506	-108.9495	-108.9495	-78.2218	0.7180	75.7779	0.6961	1.4e-04	0.5270
5507	-108.9691	-108.9691	-77.8920	0.7148	76.1344	0.6993	1.4e-04	0.5249
5508	-108.9586	-108.9586	-77.2230	0.7087	76.7992	0.7055	1.4e-04	0.5249
5509	-108.9660	-108.9660	-78.7760	0.7229	75.2270	0.6909	1.4e-04	0.5262
5510	-108.9735	-108.9735	-77.4868	0.7111	76.5176	0.7028	1.4e-04	0.5260
5511	-108.9735	-108.9735	-77.8615	0.7145	76.1765	0.6996	1.4e-04	0.5255
5512	-108.9623	-108.9623	-78.1890	0.7176	75.8299	0.6965	1.4e-04	0.5243
5513	-108.9651	-108.9651	-78.0887	0.7166	75.9277	0.6974	1.4e-04	0.5253
5514	-108.9591	-108.9591	-77.9701	0.7156	76.0395	0.6985	1.4e-04	0.5264
5515	-108.9544	-108.9544	-77.0425	0.7071	76.9878	0.7071	1.4e-04	0.5256
5516	-108.9726	-108.9726	-77.7613	0.7136	76.2835	0.7006	1.4e-04	0.5257
5517	-108.9680	-108.9680	-77.3592	0.7099	76.6739	0.7042	1.4e-04	0.5262
5518	-108.9663	-108.9663	-77.7324	0.7134	76.2957	0.7008	1.4e-04	0.5261
5519	-108.9549	-108.9549	-77.5078	0.7114	76.5040	0.7028	1.4e-04	0.5253
5520	-108.9618	-108.9618	-78.0798	0.7166	75.9370	0.6975	1.4e-04	0.5268
5521	-108.9745	-108.9745	-77.7310	0.7133	76.2739	0.7006	1.4e-04	0.5258
5522	-108.9791	-108.9791	-78.3109	0.7186	75.7082	0.6954	1.4e-04	0.5250
5523	-108.9757	-108.9757	-78.8614	0.7237	75.1434	0.6902	1.4e-04	0.5246
5524	-108.9557	-108.9557	-77.5077	0.7114	76.5022	0.7028	1.4e-04	0.5254
5525	-108.9424	-108.9424	-78.1118	0.7170	75.8860	0.6971	1.4e-04	0.5268
5526	-108.9745	-108.9745	-77.3838	0.7101	76.6687	0.7041	1.4e-04	0.5255
5527	-108.9502	-108.9502	-78.2288	0.7180	75.7767	0.6960	1.4e-04	0.5248
5528	-108.9696	-108.9696	-77.3717	0.7100	76.6556	0.7041	1.4e-04	0.5242
5529	-108.9647	-108.9647	-77.6343	0.7125	76.3899	0.7016	1.4e-04	0.5255
5530	-108.9640	-108.9640	-76.6523	0.7035	77.3770	0.7107	1.4e-04	0.5247
5531	-108.9590	-108.9590	-76.9074	0.7058	77.0836	0.7080	1.4e-04	0.5264
5532	-108.9617	-108.9617	-77.6998	0.7131	76.3296	0.7011	1.4e-04	0.5260
5533	-108.9569	-108.9569	-77.6392	0.7126	76.3741	0.7016	1.4e-04	0.5250
5534	-108.9501	-108.9501	-78.0091	0.7160	76.0045	0.6981	1.4e-04	0.5272
5535	-108.9720	-108.9720	-77.0598	0.7072	76.9720	0.7070	1.4e-04	0.5244
5536	-108.9666	-108.9666	-76.9909	0.7066	77.0523	0.7077	1.4e-04	0.5252
5537	-108.9612	-108.9612	-77.3445	0.7098	76.6838	0.7043	1.4e-04	0.5255
5538	-108.9427	-108.9427	-77.3835	0.7103	76.6223	0.7039	1.4e-04	0.5248
5539	-108.9671	-108.9671	-77.1616	0.7081	76.8824	0.7061	1.4e-04	0.5252
5540	-108.9771	-108.9771	-76.5739	0.7027	77.4706	0.7115	1.4e-04	0.5254
5541	-108.9527	-108.9527	-77.2832	0.7093	76.7374	0.7049	1.4e-04	0.5245
5542	-108.9632	-108.9632	-77.5029	0.7113	76.5257	0.7029	1.4e-04	0.5257
5543	-108.9737	-108.9737	-76.0933	0.6983	77.9420	0.7158	1.4e-04	0.5261
5544	-108.9660	-108.9660	-76.2639	0.6999	77.7642	0.7143	1.4e-04	0.5248
5545	-108.9571	-108.9571	-77.1435	0.7080	76.8610	0.7061	1.4e-04	0.5263
5546	-108.9546	-108.9546	-77.5891	0.7121	76.4290	0.7020	1.4e-04	0.5248
5547	-108.9534	-108.9534	-76.8544	0.7054	77.1608	0.7088	1.4e-04	0.5248
5548	-108.9540	-108.9540	-77.1406	0.7080	76.8553	0.7060	1.4e-04	0.5256
5549	-108.9637	-108.9637	-77.3823	0.7102	76.6354	0.7040	1.4e-04	0.5253
5550	-108.9728	-108.9728	-77.3918	0.7102	76.6491	0.7040	1.4e-04	0.5253
5551	-108.9688	-108.9688	-77.6620	0.7127	76.3694	0.7015	1.4e-04	0.5266
5552	-108.9569	-108.9569	-77.7059	0.7132	76.3052	0.7009	1.4e-04	0.5257
5553	-108.9578	-108.9578	-77.3364	0.7098	76.6811	0.7044	1.4e-04	0.5248
5554	-108.9762	-108.9762	-77.1415	0.7079	76.9014	0.7063	1.4e-04	0.5273
5555	-108.9604	-108.9604	-76.8488	0.7053	77.1739	0.7089	1.4e-04	0.5254
5556	-108.9558	-108.9558	-77.0620	0.7073	76.9377	0.7067	1.4e-04	0.5240
5557	-108.9648	-108.9648	-77.4214	0.7105	76.6163	0.7037	1.4e-04	0.5255
5558	-108.9597	-108.9597	-77.1758	0.7083	76.8234	0.7057	1.4e-04	0.5268
5559	-108.9790	-108.9790	-76.6863	0.7037	77.3662	0.7105	1.4e-04	0.5248
5560	-108.9664	-108.9664	-76.7332	0.7042	77.2962	0.7099	1.4e-04	0.5247
5561	-108.9641	-108.9641	-76.7414	0.7043	77.2921	0.7099	1.4e-04	0.5271
5562	-108.9724	-108.9724	-76.8657	0.7054	77.1750	0.7088	1.4e-04	0.5257
5563	-108.9567	-108.9567	-76.3423	0.7007	77.6813	0.7135	1.4e-04	0.5259
5564	-108.9650	-108.9650	-76.8700	0.7055	77.1681	0.7088	1.4e-04	0.5236
5565	-108.9611	-108.9611	-76.9546	0.7063	77.0716	0.7079	1.4e-04	0.5254
5566	-108.9584	-108.9584	-76.5852	0.7029	77.4347	0.7113	1.4e-04	0.5265
5567	-108.9641	-108.9641	-76.4786	0.7019	77.5486	0.7123	1.4e-04	0.5244
5568	-108.9595	-108.9595	-76.4612	0.7017	77.5591	0.7124	1.4e-04	0.5239
5569	-108.9518	-108.9518	-77.5822	0.7121	76.4210	0.7021	1.4e-04	0.5264
5570	-108.9641	-108.9641	-75.4761	0.6927	78.5245	0.7212	1.4e-04	0.5252
5571	-108.9594	-108.9594	-76.4125	0.7013	77.6159	0.7129	1.4e-04	0.5255
5572	-108.9658	-108.9658	-76.3367	0.7006	77.6969	0.7136	1.4e-04	0.5255
5573	-108.9614	-108.9614	-76.3905	0.7011	77.6278	0.7131	1.4e-04	0.5264
5574	-108.9701	-108.9702	-75.3957	0.6919	78.5829	0.7217	1.4e-04	0.5256
5575	-108.9719	-108.9720	-75.5232	0.6931	78.4888	0.7209	1.4e-04	0.5246
5576	-108.9661	-108.9661	-76.3832	0.7010	77.6452	0.7132	1.4e-04	0.5269
5577	-108.9737	-108.9737	-76.4082	0.7012	77.6283	0.7130	1.4e-04	0.5249
5578	-108.9626	-108.9626	-77.1431	0.7080	76.8807	0.7062	1.4e-04	0.5268
5579	-108.9565	-108.9565	-76.0466	0.6980	77.9667	0.7161	1.4e-04	0.5251
5580	-108.9630	-108.9630	-76.1460	0.6988	77.8776	0.7152	1.4e-04	0.5240
5581	-108.9614	-108.9614	-75.9989	0.6975	78.0124	0.7166	1.4e-04	0.5246
5582	-108.9686	-108.9686	-77.1145	0.7077	76.8949	0.7063	1.4e-04	0.5256
5583	-108.9548	-108.9548	-76.4976	0.7021	77.5236	0.7121	1.4e-04	0.5261
5584	-108.9897	-108.9897	-76.1052	0.6983	77.9449	0.7158	1.4e-04	0.5277
5585	-108.9641	-108.9641	-76.1046	0.6984	77.9255	0.7157	1.4e-04	0.5257
5586	-108.9501	-108.9501	-76.5846	0.7029	77.4247	0.7112	1.4e-04	0.5246
5587	-108.9663	-108.9663	-76.4365	0.7015	77.5453	0.7123	1.4e-04	0.5272
5588	-108.9707	-108.9707	-76.3208	0.7004	77.6925	0.7136	1.4e-04	0.5250
5589	-108.9495	-108.9495	-77.0535	0.7072	76.9569	0.7069	1.4e-04	0.5251
5590	-108.9635	-108.9635	-77.1041	0.7076	76.8964	0.7063	1.4e-04	0.5259
5591	-108.9733	-108.9733	-76.3884	0.7010	77.6405	0.7131	1.4e-04	0.5254
5592	-108.9620	-108.9620	-76.6434	0.7034	77.3674	0.7106	1.4e-04	0.5257
5593	-108.9513	-108.9513	-76.3565	0.7008	77.6537	0.7132	1.4e-04	0.5250
5594	-108.9562	-108.9562	-77.0657	0.7073	76.9656	0.7069	1.4e-04	0.5245
5595	-108.9761	-108.9761	-76.4153	0.7012	77.6080	0.7129	1.4e-04	0.5264
5596	-108.9669	-108.9669	-76.2605	0.6999	77.7657	0.7142	1.4e-04	0.5248
5597	-108.9532	-108.9532	-77.1432	0.7080	76.8712	0.7062	1.4e-04	0.5240
5598	-108.9671	-108.9671	-76.2993	0.7002	77.7242	0.7138	1.4e-04	0.5265
5599	-108.9641	-108.9641	-76.8541	0.7053	77.1576	0.7088	1.4e-04	0.5251
5600	-108.9750	-108.9750	-76.8690	0.7054	77.1726	0.7088	1.4e-04	0.5244
5601	-108.9493	-108.9493	-76.8192	0.7051	77.2007	0.7091	1.4e-04	0.5245
5602	-108.9789	-108.9789	-76.4128	0.7012	77.6356	0.7130	1.4e-04	0.5256
5603	-108.9495	-108.9495	-77.0948	0.7076	76.9240	0.7065	1.4e-04	0.5257
5604	-108.9617	-108.9617	-76.6390	0.7034	77.3811	0.7108	1.4e-04	0.5273
5605	-108.9702	-108.9703	-75.7294	0.6950	78.2564	0.7187	1.4e-04	0.5254
5606	-108.9738	-108.9738	-75.6254	0.6940	78.3921	0.7200	1.4e-04	0.5250
5607	-108.9598	-108.9598	-76.4274	0.7014	77.5974	0.7127	1.4e-04	0.5253
5608	-108.9527	-108.9527	-76.6595	0.7036	77.3645	0.7106	1.4e-04	0.5248
5609	-108.9575	-108.9575	-76.7731	0.7046	77.2532	0.7096	1.4e-04	0.5249
5610	-108.9670	-108.9670	-76.6829	0.7037	77.3513	0.7104	1.4e-04	0.5263
5611	-108.9698	-108.9698	-76.2710	0.6999	77.7605	0.7142	1.4e-04	0.5276
5612	-108.9781	-108.9781	-76.3162	0.7003	77.7222	0.7139	1.4e-04	0.5269
5613	-108.9758	-108.9758	-78.1452	0.7171	75.8837	0.6970	1.4e-04	0.5264
5614	-108.9640	-108.9640	-75.7765	0.6954	78.2374	0.7186	1.4e-04	0.5253
5615	-108.9630	-108.9630	-75.9548	0.6971	78.0509	0.7168	1.4e-04	0.5259
5616	-108.9802	-108.9802	-76.7504	0.7043	77.2869	0.7099	1.4e-04	0.5257
5617	-108.9618	-108.9618	-76.7708	0.7046	77.2411	0.7095	1.4e-04	0.5258
5618	-108.9843	-108.9843	-76.6063	0.7029	77.4160	0.7110	1.4e-04	0.5260
5619	-108.9640	-108.9640	-76.5207	0.7023	77.4872	0.7119	1.4e-04	0.5248
5620	-108.9695	-108.9695	-76.4682	0.7017	77.5650	0.7124	1.4e-04	0.5251
5621	-108.9708	-108.9708	-76.8680	0.7054	77.1647	0.7088	1.4e-04	0.5272
5622	-108.9636	-108.9636	-76.6232	0.7032	77.3839	0.7108	1.4e-04	0.5254
5623	-108.9648	-108.9648	-76.6247	0.7032	77.4033	0.7109	1.4e-04	0.5248
5624	-108.9643	-108.9643	-75.7850	0.6955	78.2301	0.7185	1.4e-04	0.5263
5625	-108.9570	-108.9570	-76.1450	0.6989	77.8577	0.7151	1.4e-04	0.5249
5626	-108.9569	-108.9569	-76.3713	0.7009	77.6467	0.7132	1.4e-04	0.5247
5627	-108.9528	-108.9528	-76.5050	0.7022	77.4927	0.7118	1.4e-04	0.5254
5628	-108.9615	-108.9615	-77.0086	0.7068	77.0161	0.7074	1.4e-04	0.5247
5629	-108.9622	-108.9622	-76.8555	0.7053	77.1641	0.7089	1.4e-04	0.5267
5630	-108.9539	-108.9539	-76.6277	0.7033	77.3867	0.7107	1.4e-04	0.5237
5631	-108.9497	-108.9497	-77.1274	0.7079	76.8907	0.7063	1.4e-04	0.5245
5632	-108.9772	-108.9772	-76.7465	0.7042	77.2794	0.7098	1.4e-04	0.5261
5633	-108.9626	-108.9626	-76.2405	0.6997	77.7741	0.7144	1.4e-04	0.5256
5634	-108.9736	-108.9736	-76.5467	0.7024	77.4907	0.7117	1.4e-04	0.5249
5635	-108.9645	-108.9645	-77.1224	0.7078	76.9080	0.7064	1.4e-04	0.5259
5636	-108.9800	-108.9800	-76.6768	0.7036	77.3518	0.7104	1.4e-04	0.5245
5637	-108.9714	-108.9714	-76.0142	0.6976	78.0088	0.7165	1.4e-04	0.5267
5638	-108.9720	-108.9720	-76.7709	0.7045	77.2681	0.7097	1.4e-04	0.5256
5639	-108.9676	-108.9676	-76.6122	0.7031	77.4177	0.7111	1.4e-04	0.5253
5640	-108.9700	-108.9700	-76.4448	0.7015	77.5790	0.7126	1.4e-04	0.5263
5641	-108.9633	-108.9633	-76.6173	0.7031	77.4100	0.7110	1.4e-04	0.5251
5642	-108.9569	-108.9569	-77.4829	0.7111	76.5365	0.7031	1.4e-04	0.5239
5643	-108.9654	-108.9654	-76.5697	0.7027	77.4532	0.7114	1.4e-04	0.5257
5644	-108.9718	-108.9718	-77.1386	0.7079	76.9032	0.7063	1.4e-04	0.5254
5645	-108.9565	-108.9565	-77.0384	0.7071	76.9889	0.7072	1.4e-04	0.5251
5646	-108.9644	-108.9644	-75.8282	0.6959	78.1729	0.7180	1.4e-04	0.5252
5647	-108.9525	-108.9525	-76.1835	0.6992	77.8108	0.7148	1.4e-04	0.5261
5648	-108.9558	-108.9558	-77.6247	0.7124	76.3916	0.7017	1.4e-04	0.5252
5649	-108.9761	-108.9761	-77.5591	0.7117	76.4863	0.7025	1.4e-04	0.5238
5650	-108.9542	-108.9542	-76.0008	0.6975	78.0051	0.7165	1.4e-04	0.5260
5651	-108.9630	-108.9630	-77.5315	0.7115	76.4933	0.7026	1.4e-04	0.5269
5652	-108.9605	-108.9605	-77.2455	0.7089	76.7790	0.7052	1.4e-04	0.5259
5653	-108.9441	-108.9441	-76.6979	0.7040	77.3015	0.7101	1.4e-04	0.5258
5654	-108.9665	-108.9665	-76.5226	0.7023	77.5018	0.7119	1.4e-04	0.5257
5655	-108.9593	-108.9593	-76.5381	0.7024	77.4839	0.7117	1.4e-04	0.5242
5656	-108.9793	-108.9793	-77.0688	0.7072	76.9636	0.7068	1.4e-04	0.5248
5657	-108.9705	-108.9705	-77.0227	0.7068	77.0110	0.7073	1.4e-04	0.5249
5658	-108.9626	-108.9626	-76.0863	0.6983	77.9196	0.7158	1.4e-04	0.5268
5659	-108.9694	-108.9694	-76.3412	0.7006	77.6902	0.7136	1.4e-04	0.5254
5660	-108.9666	-108.9666	-76.4178	0.7013	77.6127	0.7129	1.4e-04	0.5243
5661	-108.9513	-108.9513	-76.7301	0.7043	77.2835	0.7098	1.4e-04	0.5267
5662	-108.9617	-108.9617	-76.7482	0.7044	77.2798	0.7098	1.4e-04	0.5251
5663	-108.9544	-108.9544	-77.4960	0.7113	76.5198	0.7028	1.4e-04	0.5259
5664	-108.9586	-108.9586	-77.2338	0.7088	76.7752	0.7052	1.4e-04	0.5261
5665	-108.9733	-108.9733	-77.1452	0.7079	76.8842	0.7062	1.4e-04	0.5244
5666	-108.9569	-108.9569	-77.0033	0.7067	77.0219	0.7075	1.4e-04	0.5270
5667	-108.9586	-108.9586	-76.9278	0.7060	77.0967	0.7082	1.4e-04	0.5253
5668	-108.9517	-108.9517	-76.4985	0.7021	77.5164	0.7120	1.4e-04	0.5250
5669	-108.9682	-108.9682	-76.7817	0.7046	77.2374	0.7094	1.4e-04	0.5269
5670	-108.9584	-108.9584	-76.2131	0.6995	77.8116	0.7147	1.4e-04	0.5251
5671	-108.9723	-108.9723	-76.9186	0.7059	77.1264	0.7084	1.4e-04	0.5254
5672	-108.9617	-108.9617	-76.9967	0.7066	77.0305	0.7076	1.4e-04	0.5245
5673	-108.9485	-108.9485	-76.4376	0.7016	77.5578	0.7124	1.4e-04	0.5242
5674	-108.9584	-108.9584	-76.1808	0.6992	77.8427	0.7149	1.4e-04	0.5269
5675	-108.9559	-108.9559	-76.8593	0.7054	77.1708	0.7088	1.4e-04	0.5254
5676	-108.9660	-108.9660	-76.0751	0.6982	77.9593	0.7159	1.4e-04	0.5249
5677	-108.9554	-108.9554	-76.1763	0.6992	77.8363	0.7149	1.4e-04	0.5262
5678	-108.9667	-108.9667	-75.9602	0.6971	78.0610	0.7170	1.4e-04	0.5248
5679	-108.9646	-108.9646	-76.9433	0.7061	77.0814	0.7080	1.4e-04	0.5263
5680	-108.9665	-108.9666	-75.1989	0.6901	78.7822	0.7236	1.4e-04	0.5253
5681	-108.9614	-108.9614	-75.7431	0.6951	78.2629	0.7188	1.4e-04	0.5250
5682	-108.9568	-108.9568	-75.3123	0.6912	78.6766	0.7226	1.4e-04	0.5272
5683	-108.9723	-108.9723	-77.1674	0.7081	76.8832	0.7061	1.4e-04	0.5252
5684	-108.9574	-108.9575	-75.8650	0.6963	78.1500	0.7178	1.4e-04	0.5252
5685	-108.9679	-108.9679	-77.2754	0.7092	76.7606	0.7050	1.4e-04	0.5264
5686	-108.9609	-108.9609	-76.0118	0.6976	77.9970	0.7164	1.4e-04	0.5259
5687	-108.9642	-108.9642	-77.1732	0.7082	76.8464	0.7058	1.4e-04	0.5248
5688	-108.9549	-108.9549	-76.4799	0.7019	77.5307	0.7122	1.4e-04	0.5266
5689	-108.9622	-108.9622	-76.2975	0.7002	77.7236	0.7139	1.4e-04	0.5251
5690	-108.9512	-108.9512	-77.3342	0.7098	76.6860	0.7043	1.4e-04	0.5251
5691	-108.9671	-108.9671	-76.2107	0.6994	77.7918	0.7145	1.4e-04	0.5243
5692	-108.9615	-108.9615	-76.5157	0.7022	77.5167	0.7119	1.4e-04	0.5267
5693	-108.9535	-108.9535	-75.5185	0.6931	78.4459	0.7205	1.4e-04	0.5256
5694	-108.9771	-108.9771	-77.0471	0.7070	76.9963	0.7072	1.4e-04	0.5254
5695	-108.9745	-108.9745	-76.4819	0.7018	77.5615	0.7123	1.4e-04	0.5252
5696	-108.9826	-108.9826	-75.9321	0.6967	78.1041	0.7172	1.4e-04	0.5247
5697	-108.9609	-108.9609	-77.1436	0.7080	76.8787	0.7061	1.4e-04	0.5245
5698	-108.9764	-108.9764	-76.9733	0.7063	77.0791	0.7079	1.4e-04	0.5263
5699	-108.9711	-108.9712	-75.6038	0.6938	78.4239	0.7202	1.4e-04	0.5259
5700	-108.9675	-108.9675	-76.4328	0.7014	77.6007	0.7127	1.4e-04	0.5270
5701	-108.9648	-108.9648	-76.9146	0.7059	77.1172	0.7083	1.4e-04	0.5253
5702	-108.9702	-108.9702	-77.1437	0.7079	76.9005	0.7063	1.4e-04	0.5250
5703	-108.9652	-108.9652	-76.5875	0.7029	77.4482	0.7113	1.4e-04	0.5248
5704	-108.9549	-108.9549	-76.4625	0.7018	77.5562	0.7124	1.4e-04	0.5262
5705	-108.9579	-108.9579	-77.2764	0.7092	76.7520	0.7049	1.4e-04	0.5251
5706	-108.9530	-108.9530	-76.3820	0.7011	77.6432	0.7131	1.4e-04	0.5269
5707	-108.9742	-108.9742	-76.1107	0.6984	77.9128	0.7157	1.4e-04	0.5256
5708	-108.9655	-108.9655	-76.7872	0.7047	77.2469	0.7095	1.4e-04	0.5254
5709	-108.9616	-108.9616	-77.7870	0.7139	76.2423	0.7002	1.4e-04	0.5257
5710	-108.9575	-108.9575	-77.0936	0.7076	76.9368	0.7066	1.4e-04	0.5253
5711	-108.9477	-108.9477	-76.7451	0.7044	77.2757	0.7098	1.4e-04	0.5274
5712	-108.9616	-108.9616	-77.0524	0.7072	76.9852	0.7071	1.4e-04	0.5255
5713	-108.9463	-108.9463	-76.6473	0.7035	77.3674	0.7107	1.4e-04	0.5245
5714	-108.9932	-108.9932	-76.7349	0.7040	77.3385	0.7101	1.4e-04	0.5269
5715	-108.9643	-108.9643	-76.8818	0.7056	77.1622	0.7086	1.4e-04	0.5250
5716	-108.9571	-108.9571	-75.7740	0.6954	78.2307	0.7185	1.4e-04	0.5240
5717	-108.9752	-108.9752	-77.2801	0.7092	76.7775	0.7051	1.4e-04	0.5268
5718	-108.9798	-108.9798	-77.0342	0.7069	77.0154	0.7073	1.4e-04	0.5257
5719	-108.9624	-108.9624	-77.1070	0.7076	76.9242	0.7066	1.4e-04	0.5256
5720	-108.9398	-108.9398	-77.1671	0.7083	76.8450	0.7059	1.4e-04	0.5266
5721	-108.9671	-108.9671	-78.1137	0.7169	75.9102	0.6972	1.4e-04	0.5247
5722	-108.9660	-108.9660	-77.3865	0.7102	76.6552	0.7040	1.4e-04	0.5252
5723	-108.9468	-108.9468	-77.6808	0.7130	76.3373	0.7011	1.4e-04	0.5269
5724	-108.9605	-108.9605	-77.4945	0.7112	76.5298	0.7030	1.4e-04	0.5257
5725	-108.9719	-108.9719	-77.2264	0.7087	76.8203	0.7055	1.4e-04	0.5256
5726	-108.9807	-108.9807	-77.9901	0.7156	76.0461	0.6985	1.4e-04	0.5264
5727	-108.9625	-108.9625	-78.2716	0.7183	75.7420	0.6957	1.4e-04	0.5253
5728	-108.9633	-108.9633	-77.6599	0.7127	76.3721	0.7014	1.4e-04	0.5259
5729	-108.9645	-108.9645	-77.4530	0.7108	76.5871	0.7034	1.4e-04	0.5269
5730	-108.9625	-108.9625	-77.7880	0.7139	76.1632	0.6996	1.4e-04	0.5252
5731	-108.9643	-108.9643	-77.5331	0.7115	76.4941	0.7026	1.4e-04	0.5257
5732	-108.9566	-108.9566	-78.0304	0.7162	75.9829	0.6979	1.4e-04	0.5250
5733	-108.9682	-108.9682	-75.9160	0.6967	78.0957	0.7173	1.4e-04	0.5243
5734	-108.9577	-108.9577	-77.2828	0.7093	76.7348	0.7048	1.4e-04	0.5281
5735	-108.9800	-108.9800	-77.4935	0.7111	76.5607	0.7031	1.4e-04	0.5259
5736	-108.9686	-108.9686	-77.1060	0.7076	76.9313	0.7065	1.4e-04	0.5245
5737	-108.9506	-108.9506	-76.9801	0.7066	77.0375	0.7077	1.4e-04	0.5252
5738	-108.9792	-108.9792	-76.7961	0.7047	77.2516	0.7095	1.4e-04	0.5249
5739	-108.9768	-108.9768	-76.9180	0.7058	77.1373	0.7084	1.4e-04	0.5253
5740	-108.9719	-108.9719	-76.2629	0.6998	77.7456	0.7140	1.4e-04	0.5252
5741	-108.9569	-108.9569	-77.5494	0.7117	76.4745	0.7023	1.4e-04	0.5349
5742	-108.9780	-108.9780	-76.7106	0.7039	77.3229	0.7102	1.4e-04	0.5258
5743	-108.9700	-108.9700	-77.6084	0.7122	76.4317	0.7020	1.4e-04	0.5246
5744	-108.9488	-108.9488	-77.7496	0.7136	76.2587	0.7005	1.4e-04	0.5264
5745	-108.9600	-108.9600	-77.1929	0.7085	76.8287	0.7057	1.4e-04	0.5253
5746	-108.9554	-108.9554	-76.4086	0.7013	77.6082	0.7129	1.4e-04	0.5252
5747	-108.9666	-108.9666	-77.7394	0.7134	76.2889	0.7007	1.4e-04	0.5266
5748	-108.9660	-108.9660	-77.5132	0.7114	76.4851	0.7025	1.4e-04	0.5245
5749	-108.9584	-108.9584	-76.9013	0.7058	77.1162	0.7083	1.4e-04	0.5251
5750	-108.9454	-108.9454	-76.2588	0.7000	77.7453	0.7141	1.4e-04	0.5266
5751	-108.9656	-108.9656	-77.2259	0.7087	76.8038	0.7054	1.4e-04	0.5247
5752	-108.9623	-108.9623	-77.2400	0.7089	76.7764	0.7052	1.4e-04	0.5250
5753	-108.9777	-108.9777	-77.2140	0.7085	76.8352	0.7057	1.4e-04	0.5258
5754	-108.9629	-108.9629	-76.2450	0.6997	77.7623	0.7143	1.4e-04	0.5252
5755	-108.9581	-108.9581	-76.8116	0.7050	77.2208	0.7092	1.4e-04	0.5242
5756	-108.9597	-108.9597	-76.9240	0.7060	77.1044	0.7082	1.4e-04	0.5263
5757	-108.9608	-108.9608	-77.0694	0.7073	76.9582	0.7069	1.4e-04	0.5253
5758	-108.9656	-108.9656	-76.9238	0.7059	77.1213	0.7083	1.4e-04	0.5243
5759	-108.9503	-108.9503	-76.4018	0.7013	77.6040	0.7128	1.4e-04	0.5253
5760	-108.9726	-108.9726	-76.4001	0.7011	77.6371	0.7130	1.4e-04	0.5259
5761	-108.9695	-108.9695	-76.6505	0.7034	77.3843	0.7108	1.4e-04	0.5259
5762	-108.9654	-108.9654	-76.5288	0.7023	77.5067	0.7119	1.4e-04	0.5260
5763	-108.9722	-108.9722	-76.6608	0.7035	77.3866	0.7107	1.4e-04	0.5252
5764	-108.9693	-108.9693	-76.3430	0.7006	77.6865	0.7135	1.4e-04	0.5258
5765	-108.9724	-108.9724	-76.6712	0.7036	77.3577	0.7105	1.4e-04	0.5254
5766	-108.9717	-108.9717	-76.3122	0.7003	77.7037	0.7137	1.4e-04	0.5252
5767	-108.9763	-108.9763	-76.0578	0.6979	77.9653	0.7162	1.4e-04	0.5268
5768	-108.9636	-108.9636	-76.2221	0.6995	77.8036	0.7146	1.4e-04	0.5254
5769	-108.9686	-108.9686	-77.1917	0.7084	76.7983	0.7054	1.4e-04	0.5241
5770	-108.9537	-108.9537	-76.2026	0.6994	77.8025	0.7146	1.4e-04	0.5253
5771	-108.9623	-108.9623	-76.5360	0.7024	77.5001	0.7118	1.4e-04	0.5271
5772	-108.9646	-108.9646	-76.6076	0.7031	77.4229	0.7111	1.4e-04	0.5237
5773	-108.9647	-108.9647	-76.0873	0.6983	77.9252	0.7158	1.4e-04	0.5249
5774	-108.9759	-108.9759	-76.5193	0.7022	77.4823	0.7116	1.4e-04	0.5249
5775	-108.9462	-108.9462	-75.4835	0.6929	78.4969	0.7211	1.4e-04	0.5240
5776	-108.9578	-108.9578	-76.7388	0.7043	77.2881	0.7098	1.4e-04	0.5266
5777	-108.9561	-108.9561	-75.7105	0.6949	78.2972	0.7191	1.4e-04	0.5255
5778	-108.9645	-108.9645	-75.6656	0.6944	78.3481	0.7195	1.4e-04	0.5250
5779	-108.9491	-108.9491	-75.7576	0.6953	78.1988	0.7183	1.4e-04	0.5253
5780	-108.9535	-108.9535	-76.1826	0.6992	77.8165	0.7148	1.4e-04	0.5254
5781	-108.9716	-108.9716	-76.1529	0.6988	77.8549	0.7151	1.4e-04	0.5250
5782	-108.9623	-108.9623	-76.2432	0.6997	77.7826	0.7144	1.4e-04	0.5250
5783	-108.9524	-108.9524	-76.0718	0.6982	77.9408	0.7159	1.4e-04	0.5250
5784	-108.9653	-108.9653	-76.3514	0.7007	77.6750	0.7135	1.4e-04	0.5268
5785	-108.9521	-108.9521	-76.6212	0.7033	77.3773	0.7108	1.4e-04	0.5253
5786	-108.9735	-108.9735	-75.7844	0.6954	78.2456	0.7186	1.4e-04	0.5246
5787	-108.9615	-108.9615	-76.2638	0.6999	77.7633	0.7142	1.4e-04	0.5252
5788	-108.9590	-108.9590	-75.9841	0.6974	78.0272	0.7167	1.4e-04	0.5249
5789	-108.9671	-108.9671	-76.5781	0.7028	77.4411	0.7113	1.4e-04	0.5259
5790	-108.9565	-108.9565	-75.8441	0.6961	78.1510	0.7178	1.4e-04	0.5251
5791	-108.9493	-108.9493	-75.9685	0.6973	78.0372	0.7168	1.4e-04	0.5245
5792	-108.9677	-108.9677	-76.8271	0.7050	77.2088	0.7091	1.4e-04	0.5263
5793	-108.9674	-108.9674	-75.4728	0.6926	78.5365	0.7213	1.4e-04	0.5245
5794	-108.9445	-108.9445	-76.2613	0.7000	77.7433	0.7141	1.4e-04	0.5250
5795	-108.9569	-108.9569	-77.1199	0.7078	76.9104	0.7064	1.4e-04	0.5250
5796	-108.9682	-108.9682	-76.3233	0.7004	77.6606	0.7133	1.4e-04	0.5255
5797	-108.9665	-108.9665	-76.4256	0.7014	77.5953	0.7128	1.4e-04	0.5252
5798	-108.9633	-108.9633	-76.3291	0.7005	77.6943	0.7136	1.4e-04	0.5245
5799	-108.9603	-108.9603	-75.9071	0.6966	78.0805	0.7172	1.4e-04	0.5260
5800	-108.9502	-108.9502	-76.7910	0.7048	77.2361	0.7094	1.4e-04	0.5246
5801	-108.9639	-108.9639	-76.3772	0.7009	77.6462	0.7131	1.4e-04	0.5244
5802	-108.9611	-108.9611	-77.2660	0.7091	76.7686	0.7051	1.4e-04	0.5256
5803	-108.9597	-108.9597	-75.5671	0.6935	78.4406	0.7204	1.4e-04	0.5253
5804	-108.9738	-108.9738	-76.2864	0.7000	77.7547	0.7141	1.4e-04	0.5255
5805	-108.9686	-108.9686	-76.0709	0.6981	77.9638	0.7160	1.4e-04	0.5247
5806	-108.9605	-108.9605	-76.2881	0.7001	77.7356	0.7140	1.4e-04	0.5257
5807	-108.9646	-108.9646	-75.4405	0.6923	78.5667	0.7215	1.4e-04	0.5244
5808	-108.9640	-108.9640	-76.7253	0.7041	77.3109	0.7101	1.4e-04	0.5252
5809	-108.9607	-108.9607	-75.7696	0.6954	78.2360	0.7186	1.4e-04	0.5268
5810	-108.9711	-108.9711	-75.7558	0.6952	78.2666	0.7188	1.4e-04	0.5244
5811	-108.9739	-108.9739	-76.3227	0.7004	77.7023	0.7137	1.4e-04	0.5239
5812	-108.9566	-108.9566	-77.0877	0.7075	76.9383	0.7067	1.4e-04	0.5269
5813	-108.9645	-108.9645	-75.9275	0.6968	78.0293	0.7167	1.4e-04	0.5256
5814	-108.9564	-108.9564	-76.6286	0.7033	77.3707	0.7107	1.4e-04	0.5251
5815	-108.9615	-108.9616	-75.5660	0.6935	78.4391	0.7204	1.4e-04	0.5249
5816	-108.9767	-108.9767	-76.1783	0.6990	77.8406	0.7149	1.4e-04	0.5267
5817	-108.9667	-108.9667	-77.5485	0.7117	76.4879	0.7025	1.4e-04	0.5249
5818	-108.9717	-108.9717	-77.1481	0.7080	76.9042	0.7062	1.4e-04	0.5254
5819	-108.9593	-108.9593	-77.2480	0.7090	76.7759	0.7052	1.4e-04	0.5249
5820	-108.9793	-108.9793	-76.8894	0.7055	77.1617	0.7087	1.4e-04	0.5246
5821	-108.9677	-108.9677	-76.7117	0.7040	77.2736	0.7097	1.4e-04	0.5262
5822	-108.9654	-108.9654	-77.0471	0.7071	76.9871	0.7071	1.4e-04	0.5263
5823	-108.9613	-108.9613	-76.5066	0.7021	77.5181	0.7120	1.4e-04	0.5258
5824	-108.9598	-108.9598	-76.1362	0.6988	77.8839	0.7153	1.4e-04	0.5252
5825	-108.9675	-108.9675	-76.1984	0.6993	77.8375	0.7148	1.4e-04	0.5248
5826	-108.9628	-108.9628	-76.9355	0.7061	77.0981	0.7081	1.4e-04	0.5247
5827	-108.9564	-108.9564	-77.1098	0.7077	76.9136	0.7065	1.4e-04	0.5267
5828	-108.9521	-108.9521	-77.4238	0.7106	76.5926	0.7036	1.4e-04	0.5248
5829	-108.9581	-108.9581	-76.9554	0.7063	77.0687	0.7079	1.4e-04	0.5248
5830	-108.9683	-108.9683	-76.8804	0.7055	77.1501	0.7086	1.4e-04	0.5259
5831	-108.9503	-108.9503	-76.9955	0.7067	77.0173	0.7074	1.4e-04	0.5259
5832	-108.9671	-108.9671	-76.5845	0.7028	77.4422	0.7113	1.4e-04	0.5253
5833	-108.9636	-108.9636	-77.4196	0.7105	76.6029	0.7036	1.4e-04	0.5258
5834	-108.9641	-108.9641	-77.3151	0.7095	76.6833	0.7044	1.4e-04	0.5260
5835	-108.9645	-108.9645	-76.2377	0.6997	77.7707	0.7144	1.4e-04	0.5258
5836	-108.9614	-108.9614	-77.4132	0.7105	76.6151	0.7037	1.4e-04	0.5268
5837	-108.9574	-108.9574	-77.9299	0.7152	76.0868	0.6989	1.4e-04	0.5251
5838	-108.9697	-108.9697	-77.1455	0.7080	76.8964	0.7062	1.4e-04	0.5251
5839	-108.9555	-108.9555	-76.6403	0.7034	77.3935	0.7108	1.4e-04	0.5271
5840	-108.9641	-108.9641	-76.0976	0.6984	77.9226	0.7157	1.4e-04	0.5247
5841	-108.9721	-108.9721	-76.0090	0.6975	78.0223	0.7166	1.4e-04	0.5241
5842	-108.9723	-108.9724	-75.9484	0.6970	78.0781	0.7171	1.4e-04	0.5259
5843	-108.9480	-108.9481	-75.3979	0.6921	78.5926	0.7218	1.4e-04	0.5254
5844	-108.9550	-108.9551	-75.7181	0.6949	78.2710	0.7189	1.4e-04	0.5251
5845	-108.9788	-108.9788	-75.9148	0.6966	78.1178	0.7174	1.4e-04	0.5256
5846	-108.9671	-108.9671	-76.3663	0.7008	77.6498	0.7132	1.4e-04	0.5246
5847	-108.9611	-108.9611	-76.4377	0.7015	77.5906	0.7127	1.4e-04	0.5253
5848	-108.9638	-108.9638	-76.1671	0.6990	77.8525	0.7151	1.4e-04	0.5250
5849	-108.9619	-108.9619	-76.3312	0.7005	77.6889	0.7136	1.4e-04	0.5249
5850	-108.9600	-108.9600	-77.5978	0.7122	76.4353	0.7020	1.4e-04	0.5262
5851	-108.9652	-108.9652	-76.4431	0.7015	77.5869	0.7126	1.4e-04	0.5246
5852	-108.9596	-108.9596	-76.6681	0.7036	77.3447	0.7104	1.4e-04	0.5243
5853	-108.9704	-108.9704	-76.2315	0.6996	77.7950	0.7145	1.4e-04	0.5260
5854	-108.9600	-108.9600	-77.0941	0.7075	76.9283	0.7067	1.4e-04	0.5263
5855	-108.9627	-108.9627	-76.7162	0.7041	77.3137	0.7101	1.4e-04	0.5254
5856	-108.9472	-108.9472	-76.0720	0.6982	77.9235	0.7157	1.4e-04	0.5248
5857	-108.9433	-108.9433	-76.0445	0.6980	77.9391	0.7159	1.4e-04	0.5267
5858	-108.9494	-108.9494	-77.1804	0.7084	76.8372	0.7058	1.4e-04	0.5256
5859	-108.9433	-108.9433	-76.3629	0.7009	77.6518	0.7132	1.4e-04	0.5250
5860	-108.9596	-108.9596	-76.5186	0.7023	77.4922	0.7118	1.4e-04	0.5255
5861	-108.9714	-108.9714	-76.6456	0.7034	77.3846	0.7107	1.4e-04	0.5244
5862	-108.9762	-108.9762	-76.5421	0.7024	77.5014	0.7118	1.4e-04	0.5251
5863	-108.9508	-108.9508	-76.5180	0.7023	77.4912	0.7118	1.4e-04	0.5270
5864	-108.9536	-108.9536	-76.4424	0.7016	77.5779	0.7126	1.4e-04	0.5265
5865	-108.9684	-108.9684	-77.2341	0.7088	76.8049	0.7054	1.4e-04	0.5263
5866	-108.9639	-108.9639	-76.9632	0.7063	77.0476	0.7077	1.4e-04	0.5267
5867	-108.9570	-108.9570	-76.0408	0.6979	77.9704	0.7161	1.4e-04	0.5248
5868	-108.9639	-108.9639	-76.3332	0.7005	77.6926	0.7136	1.4e-04	0.5246
5869	-108.9676	-108.9676	-76.4863	0.7019	77.5374	0.7121	1.4e-04	0.5262
5870	-108.9678	-108.9678	-76.0141	0.6976	78.0096	0.7165	1.4e-04	0.5247
5871	-108.9675	-108.9675	-76.4437	0.7015	77.5803	0.7126	1.4e-04	0.5244
5872	-108.9714	-108.9714	-76.7612	0.7044	77.2795	0.7097	1.4e-04	0.5264
5873	-108.9562	-108.9562	-76.6090	0.7031	77.4173	0.7111	1.4e-04	0.5251
5874	-108.9661	-108.9661	-77.0918	0.7075	76.9237	0.7066	1.4e-04	0.5246
5875	-108.9774	-108.9774	-77.2192	0.7086	76.8273	0.7056	1.4e-04	0.5250
5876	-108.9523	-108.9523	-76.7896	0.7048	77.2149	0.7093	1.4e-04	0.5252
5877	-108.9635	-108.9635	-77.2587	0.7090	76.7698	0.7052	1.4e-04	0.5239
5878	-108.9659	-108.9659	-76.4717	0.7018	77.5305	0.7121	1.4e-04	0.5263
5879	-108.9664	-108.9664	-77.0330	0.7069	76.9799	0.7070	1.4e-04	0.5251
5880	-108.9498	-108.9498	-76.3550	0.7008	77.6395	0.7132	1.4e-04	0.5249
5881	-108.9601	-108.9601	-75.9689	0.6972	78.0412	0.7168	1.4e-04	0.5249
5882	-108.9715	-108.9715	-77.2974	0.7093	76.7357	0.7049	1.4e-04	0.5253
5883	-108.9647	-108.9647	-77.1986	0.7085	76.8292	0.7057	1.4e-04	0.5245
5884	-108.9649	-108.9649	-75.6392	0.6942	78.3672	0.7198	1.4e-04	0.5270
5885	-108.9568	-108.9568	-76.3257	0.7005	77.6861	0.7135	1.4e-04	0.5254
5886	-108.9542	-108.9542	-76.8157	0.7050	77.2083	0.7091	1.4e-04	0.5248
5887	-108.9469	-108.9469	-75.7458	0.6953	78.2421	0.7187	1.4e-04	0.5257
5888	-108.9775	-108.9775	-76.9893	0.7065	77.0606	0.7077	1.4e-04	0.5236
5889	-108.9553	-108.9553	-75.3113	0.6912	78.5735	0.7216	1.4e-04	0.5254
5890	-108.9595	-108.9595	-76.4835	0.7019	77.5295	0.7120	1.4e-04	0.5253
5891	-108.9580	-108.9580	-76.1234	0.6986	77.8829	0.7153	1.4e-04	0.5249
5892	-108.9539	-108.9539	-76.8664	0.7055	77.1526	0.7086	1.4e-04	0.5248
5893	-108.9618	-108.9619	-75.5924	0.6938	78.4138	0.7202	1.4e-04	0.5272
5894	-108.9553	-108.9553	-76.5102	0.7022	77.4974	0.7119	1.4e-04	0.5250
5895	-108.9590	-108.9590	-76.5211	0.7023	77.4942	0.7119	1.4e-04	0.5246
5896	-108.9567	-108.9567	-76.0416	0.6979	77.9651	0.7162	1.4e-04	0.5275
5897	-108.9704	-108.9705	-75.3672	0.6916	78.6360	0.7223	1.4e-04	0.5253
5898	-108.9447	-108.9447	-76.1392	0.6989	77.8658	0.7152	1.4e-04	0.5244
5899	-108.9465	-108.9465	-76.1298	0.6988	77.8830	0.7153	1.4e-04	0.5243
5900	-108.9696	-108.9696	-76.0079	0.6975	78.0046	0.7165	1.4e-04	0.5245
5901	-108.9565	-108.9565	-76.0737	0.6982	77.9414	0.7159	1.4e-04	0.5245
5902	-108.9564	-108.9566	-74.6825	0.6854	79.2728	0.7281	1.4e-04	0.5250
5903	-108.9789	-108.9789	-76.2144	0.6993	77.8199	0.7147	1.4e-04	0.5274
5904	-108.9872	-108.9872	-75.6956	0.6945	78.3192	0.7193	1.4e-04	0.5259
5905	-108.9768	-108.9768	-76.0952	0.6983	77.9415	0.7158	1.4e-04	0.5259
5906	-108.9523	-108.9523	-77.1396	0.7080	76.8859	0.7062	1.4e-04	0.5260
5907	-108.9685	-108.9685	-77.0866	0.7074	76.9380	0.7066	1.4e-04	0.5260
5908	-108.9561	-108.9561	-77.5866	0.7121	76.4360	0.7021	1.4e-04	0.5257
5909	-108.9390	-108.9390	-76.6340	0.7035	77.3694	0.7107	1.4e-04	0.5255
5910	-108.9479	-108.9479	-76.3594	0.7009	77.6621	0.7133	1.4e-04	0.5246
5911	-108.9571	-108.9571	-76.2015	0.6994	77.8156	0.7147	1.4e-04	0.5270
5912	-108.9482	-108.9482	-76.5108	0.7023	77.5014	0.7119	1.4e-04	0.5246
5913	-108.9617	-108.9617	-75.9493	0.6970	78.0761	0.7170	1.4e-04	0.5239
5914	-108.9670	-108.9670	-76.2882	0.7001	77.7063	0.7137	1.4e-04	0.5267
5915	-108.9429	-108.9429	-77.2177	0.7088	76.7991	0.7054	1.4e-04	0.5243
5916	-108.9679	-108.9679	-76.5390	0.7024	77.4869	0.7117	1.4e-04	0.5251
5917	-108.9640	-108.9640	-76.7360	0.7042	77.2978	0.7100	1.4e-04	0.5264
5918	-108.9756	-108.9756	-76.1623	0.6989	77.8651	0.7151	1.4e-04	0.5247
5919	-108.9729	-108.9729	-76.2180	0.6994	77.8050	0.7146	1.4e-04	0.5246
5920	-108.9697	-108.9697	-77.2983	0.7094	76.7143	0.7046	1.4e-04	0.5241
5921	-108.9608	-108.9608	-76.4262	0.7014	77.6061	0.7128	1.4e-04	0.5268
5922	-108.9624	-108.9624	-76.3197	0.7004	77.7043	0.7137	1.4e-04	0.5240
5923	-108.9741	-108.9741	-76.6237	0.7031	77.4207	0.7110	1.4e-04	0.5246
5924	-108.9430	-108.9430	-76.9350	0.7062	77.0586	0.7079	1.4e-04	0.5270
5925	-108.9581	-108.9581	-76.8434	0.7053	77.1837	0.7089	1.4e-04	0.5249
5926	-108.9638	-108.9638	-77.0697	0.7073	76.9654	0.7069	1.4e-04	0.5311
5927	-108.9625	-108.9625	-77.5461	0.7117	76.4844	0.7025	1.4e-04	0.5259
5928	-108.9699	-108.9699	-76.6282	0.7032	77.4026	0.7110	1.4e-04	0.5256
5929	-108.9717	-108.9717	-77.2866	0.7092	76.7573	0.7049	1.4e-04	0.5255
5930	-108.9484	-108.9484	-78.0833	0.7167	75.9248	0.6974	1.4e-04	0.5245
5931	-108.9512	-108.9512	-77.4449	0.7108	76.5805	0.7034	1.4e-04	0.5236
5932	-108.9600	-108.9600	-76.1678	0.6990	77.8055	0.7146	1.4e-04	0.5259
5933	-108.9713	-108.9713	-76.7934	0.7047	77.2414	0.7095	1.4e-04	0.5250
5934	-108.9633	-108.9633	-77.2248	0.7087	76.8137	0.7055	1.4e-04	0.5248
5935	-108.9715	-108.9715	-77.0299	0.7069	77.0176	0.7073	1.4e-04	0.5251
5936	-108.9679	-108.9679	-77.4510	0.7108	76.5919	0.7034	1.4e-04	0.5250
5937	-108.9747	-108.9747	-77.2415	0.7088	76.8025	0.7054	1.4e-04	0.5240
5938	-108.9661	-108.9661	-76.4883	0.7019	77.5404	0.7121	1.4e-04	0.5271
5939	-108.9547	-108.9547	-78.2949	0.7186	75.7059	0.6954	1.4e-04	0.5240
5940	-108.9638	-108.9638	-77.3511	0.7099	76.6844	0.7043	1.4e-04	0.5249
5941	-108.9406	-108.9406	-77.9033	0.7151	76.0887	0.6990	1.4e-04	0.5252
5942	-108.9722	-108.9722	-77.7439	0.7134	76.2909	0.7006	1.4e-04	0.5260
5943	-108.9602	-108.9602	-77.5107	0.7114	76.5227	0.7028	1.4e-04	0.5251
5944	-108.9677	-108.9677	-78.5597	0.7209	75.4446	0.6929	1.4e-04	0.5256
5945	-108.9628	-108.9628	-77.5699	0.7119	76.4397	0.7020	1.4e-04	0.5250
5946	-108.9723	-108.9723	-77.4845	0.7110	76.5503	0.7030	1.4e-04	0.5248
5947	-108.9503	-108.9503	-77.7981	0.7141	76.2081	0.7000	1.4e-04	0.5248
5948	-108.9544	-108.9544	-77.6914	0.7131	76.3192	0.7010	1.4e-04	0.5245
5949	-108.9546	-108.9546	-77.3337	0.7098	76.6876	0.7044	1.4e-04	0.5245
5950	-108.9707	-108.9707	-77.9385	0.7152	76.0752	0.6988	1.4e-04	0.5251
5951	-108.9626	-108.9626	-77.0080	0.7067	77.0306	0.7075	1.4e-04	0.5277
5952	-108.9551	-108.9551	-77.4786	0.7111	76.5464	0.7031	1.4e-04	0.5252
5953	-108.9527	-108.9527	-77.7436	0.7136	76.2709	0.7006	1.4e-04	0.5244
5954	-108.9744	-108.9744	-77.3295	0.7096	76.7234	0.7046	1.4e-04	0.5249
5955	-108.9597	-108.9597	-77.4323	0.7107	76.6085	0.7035	1.4e-04	0.5257
5956	-108.9706	-108.9706	-78.2894	0.7184	75.7253	0.6956	1.4e-04	0.5250
5957	-108.9700	-108.9700	-78.2229	0.7178	75.7933	0.6962	1.4e-04	0.5247
5958	-108.9591	-108.9591	-78.1436	0.7172	75.8659	0.6969	1.4e-04	0.5259
5959	-108.9669	-108.9669	-77.7913	0.7139	76.2388	0.7002	1.4e-04	0.5249
5960	-108.9529	-108.9529	-78.2922	0.7186	75.7063	0.6954	1.4e-04	0.5251
5961	-108.9593	-108.9593	-78.3809	0.7194	75.6230	0.6946	1.4e-04	0.5246
5962	-108.9591	-108.9591	-78.3464	0.7190	75.6618	0.6949	1.4e-04	0.5272
5963	-108.9584	-108.9584	-77.2509	0.7090	76.7691	0.7052	1.4e-04	0.5253
5964	-108.9736	-108.9736	-77.9737	0.7155	76.0567	0.6986	1.4e-04	0.5249
5965	-108.9651	-108.9651	-77.1678	0.7082	76.8620	0.7060	1.4e-04	0.5260
5966	-108.9617	-108.9617	-78.0454	0.7163	75.9664	0.6977	1.4e-04	0.5240
5967	-108.9631	-108.9631	-78.4061	0.7196	75.6013	0.6944	1.4e-04	0.5252
5968	-108.9596	-108.9596	-78.3371	0.7190	75.6158	0.6945	1.4e-04	0.5276
5969	-108.9549	-108.9549	-78.3389	0.7190	75.6712	0.6950	1.4e-04	0.5239
5970	-108.9638	-108.9638	-78.4478	0.7199	75.5659	0.6940	1.4e-04	0.5247
5971	-108.9591	-108.9591	-77.5122	0.7114	76.5087	0.7027	1.4e-04	0.5271
5972	-108.9734	-108.9734	-77.6783	0.7128	76.3561	0.7013	1.4e-04	0.5245
5973	-108.9563	-108.9563	-78.0309	0.7162	75.9735	0.6978	1.4e-04	0.5241
5974	-108.9632	-108.9632	-76.6506	0.7035	77.3657	0.7107	1.4e-04	0.5261
5975	-108.9551	-108.9551	-78.3271	0.7189	75.6554	0.6949	1.4e-04	0.5256
5976	-108.9751	-108.9751	-78.5752	0.7210	75.4335	0.6929	1.4e-04	0.5245
5977	-108.9680	-108.9680	-77.8237	0.7142	76.1612	0.6996	1.4e-04	0.5261
5978	-108.9544	-108.9544	-78.3137	0.7188	75.6927	0.6952	1.4e-04	0.5248
5979	-108.9732	-108.9732	-78.0482	0.7162	75.9840	0.6979	1.4e-04	0.5238
5980	-108.9829	-108.9829	-78.9869	0.7248	75.0238	0.6890	1.4e-04	0.5269
5981	-108.9772	-108.9772	-78.5192	0.7205	75.5070	0.6934	1.4e-04	0.5245
5982	-108.9732	-108.9732	-77.5439	0.7116	76.4979	0.7026	1.4e-04	0.5246
5983	-108.9566	-108.9566	-77.8182	0.7142	76.2039	0.6999	1.4e-04	0.5250
5984	-108.9719	-108.9719	-78.5316	0.7207	75.4864	0.6933	1.4e-04	0.5265
5985	-108.9683	-108.9683	-77.6914	0.7130	76.3415	0.7012	1.4e-04	0.5248
5986	-108.9780	-108.9780	-78.2408	0.7179	75.7899	0.6961	1.4e-04	0.5250
5987	-108.9687	-108.9687	-78.2300	0.7179	75.7948	0.6961	1.4e-04	0.5249
5988	-108.9597	-108.9597	-78.1610	0.7173	75.8551	0.6967	1.4e-04	0.5243
5989	-108.9570	-108.9570	-78.5599	0.7210	75.4332	0.6929	1.4e-04	0.5252
5990	-108.9705	-108.9705	-78.4442	0.7199	75.5616	0.6940	1.4e-04	0.5270
5991	-108.9719	-108.9719	-78.0472	0.7162	75.9909	0.6979	1.4e-04	0.5264
5992	-108.9622	-108.9622	-77.7347	0.7134	76.2951	0.7007	1.4e-04	0.5266
5993	-108.9672	-108.9672	-77.9027	0.7149	76.1147	0.6992	1.4e-04	0.5249
5994	-108.9493	-108.9493	-77.9293	0.7153	76.0812	0.6988	1.4e-04	0.5256
5995	-108.9596	-108.9596	-79.2802	0.7276	74.6736	0.6860	1.4e-04	0.5243
5996	-108.9720	-108.9720	-78.1737	0.7174	75.8481	0.6967	1.4e-04	0.5266
5997	-108.9506	-108.9506	-78.2216	0.7180	75.7798	0.6961	1.4e-04	0.5251
5998	-108.9553	-108.9553	-78.1795	0.7175	75.8198	0.6965	1.4e-04	0.5267
5999	-108.9577	-108.9577	-78.3303	0.7189	75.6818	0.6951	1.4e-04	0.5246
6000	-108.9732	-108.9732	-78.0266	0.7160	76.0131	0.6981	1.4e-04	0.5248
6001	-108.9597	-108.9597	-78.6006	0.7214	75.3831	0.6924	1.4e-04	0.5250
6002	-108.9610	-108.9610	-78.7006	0.7223	75.2660	0.6913	1.4e-04	0.5254
6003	-108.9640	-108.9640	-78.9764	0.7248	75.0028	0.6889	1.4e-04	0.5252
6004	-108.9608	-108.9608	-78.3380	0.7190	75.6738	0.6949	1.4e-04	0.5272
6005	-108.9634	-108.9634	-78.1896	0.7176	75.8148	0.6963	1.4e-04	0.5254
6006	-108.9593	-108.9593	-78.3438	0.7190	75.6550	0.6949	1.4e-04	0.5242
6007	-108.9746	-108.9746	-78.3395	0.7189	75.6697	0.6950	1.4e-04	0.5265
6008	-108.9771	-108.9771	-78.4763	0.7201	75.5400	0.6938	1.4e-04	0.5246
6009	-108.9648	-108.9648	-78.1288	0.7170	75.8991	0.6970	1.4e-04	0.5250
6010	-108.9717	-108.9717	-78.2541	0.7181	75.7634	0.6959	1.4e-04	0.5264
6011	-108.9504	-108.9504	-78.8477	0.7237	75.1356	0.6901	1.4e-04	0.5257
6012	-108.9460	-108.9460	-79.0580	0.7257	74.8776	0.6879	1.4e-04	0.5245
6013	-108.9561	-108.9561	-78.4950	0.7204	75.5047	0.6935	1.4e-04	0.5268
6014	-108.9533	-108.9533	-78.5142	0.7206	75.4816	0.6933	1.4e-04	0.5265
6015	-108.9462	-108.9462	-78.7671	0.7230	75.2030	0.6908	1.4e-04	0.5242
6016	-108.9600	-108.9600	-78.9270	0.7244	75.0619	0.6894	1.4e-04	0.5267
6017	-108.9568	-108.9568	-78.9704	0.7248	75.0034	0.6890	1.4e-04	0.5251
6018	-108.9686	-108.9686	-78.2662	0.7182	75.7285	0.6956	1.4e-04	0.5250
6019	-108.9607	-108.9607	-78.8665	0.7238	75.1245	0.6900	1.4e-04	0.5264
6020	-108.9528	-108.9528	-78.7794	0.7231	75.2080	0.6908	1.4e-04	0.5253
6021	-108.9631	-108.9631	-78.3726	0.7193	75.6458	0.6947	1.4e-04	0.5249
6022	-108.9627	-108.9627	-78.3297	0.7189	75.6645	0.6950	1.4e-04	0.5273
6023	-108.9731	-108.9731	-78.0417	0.7162	75.9845	0.6978	1.4e-04	0.5254
6024	-108.9759	-108.9759	-78.5278	0.7206	75.4944	0.6934	1.4e-04	0.5248
6025	-108.9527	-108.9527	-76.9492	0.7063	77.0699	0.7078	1.4e-04	0.5249
6026	-108.9562	-108.9562	-77.6929	0.7131	76.3307	0.7011	1.4e-04	0.5262
6027	-108.9624	-108.9624	-78.3604	0.7192	75.6342	0.6947	1.4e-04	0.5252
6028	-108.9628	-108.9628	-77.5778	0.7120	76.4431	0.7022	1.4e-04	0.5242
6029	-108.9606	-108.9606	-77.8164	0.7142	76.2084	0.6999	1.4e-04	0.5259
6030	-108.9755	-108.9755	-78.0437	0.7162	75.9893	0.6978	1.4e-04	0.5266
6031	-108.9566	-108.9566	-78.3378	0.7190	75.6700	0.6950	1.4e-04	0.5256
6032	-108.9634	-108.9634	-78.4110	0.7196	75.6014	0.6944	1.4e-04	0.5244
6033	-108.9628	-108.9628	-77.7750	0.7138	76.2435	0.7003	1.4e-04	0.5254
6034	-108.9761	-108.9761	-78.7950	0.7230	75.2237	0.6908	1.4e-04	0.5272
6035	-108.9562	-108.9562	-77.9503	0.7154	76.0607	0.6986	1.4e-04	0.5251
6036	-108.9603	-108.9603	-77.3034	0.7095	76.7388	0.7047	1.4e-04	0.5242
6037	-108.9480	-108.9480	-77.7715	0.7138	76.1972	0.6999	1.4e-04	0.5245
6038	-108.9545	-108.9545	-77.8582	0.7146	76.1503	0.6994	1.4e-04	0.5260
6039	-108.9405	-108.9405	-77.5529	0.7119	76.4419	0.7022	1.4e-04	0.5239
6040	-108.9607	-108.9607	-77.8061	0.7141	76.2295	0.7001	1.4e-04	0.5262
6041	-108.9726	-108.9726	-77.5580	0.7117	76.4792	0.7024	1.4e-04	0.5255
6042	-108.9585	-108.9585	-78.9634	0.7247	75.0135	0.6890	1.4e-04	0.5248
6043	-108.9783	-108.9783	-78.4421	0.7198	75.5910	0.6942	1.4e-04	0.5258
6044	-108.9643	-108.9643	-77.3273	0.7097	76.7088	0.7045	1.4e-04	0.5250
6045	-108.9659	-108.9659	-78.3581	0.7191	75.6658	0.6949	1.4e-04	0.5245
6046	-108.9579	-108.9579	-78.4768	0.7202	75.5194	0.6937	1.4e-04	0.5255
6047	-108.9470	-108.9470	-77.2106	0.7087	76.8177	0.7055	1.4e-04	0.5253
6048	-108.9725	-108.9725	-78.1663	0.7173	75.8654	0.6968	1.4e-04	0.5253
6049	-108.9583	-108.9583	-77.3342	0.7098	76.6700	0.7042	1.4e-04	0.5259
6050	-108.9646	-108.9646	-78.5179	0.7206	75.4724	0.6932	1.4e-04	0.5249
6051	-108.9713	-108.9713	-78.4764	0.7202	75.5407	0.6938	1.4e-04	0.5246
6052	-108.9570	-108.9570	-78.2457	0.7181	75.7628	0.6959	1.4e-04	0.5268
6053	-108.9783	-108.9783	-77.6319	0.7124	76.4098	0.7017	1.4e-04	0.5244
6054	-108.9711	-108.9711	-77.5699	0.7118	76.4600	0.7022	1.4e-04	0.5263
6055	-108.9561	-108.9561	-77.4827	0.7111	76.5340	0.7031	1.4e-04	0.5250
6056	-108.9629	-108.9629	-77.9759	0.7156	76.0506	0.6985	1.4e-04	0.5248
6057	-108.9639	-108.9639	-77.7675	0.7137	76.2639	0.7004	1.4e-04	0.5256
6058	-108.9770	-108.9770	-77.3334	0.7096	76.7136	0.7046	1.4e-04	0.5254
6059	-108.9720	-108.9720	-78.2002	0.7176	75.8323	0.6964	1.4e-04	0.5247
6060	-108.9596	-108.9596	-77.7228	0.7133	76.3056	0.7008	1.4e-04	0.5265
6061	-108.9584	-108.9584	-78.0144	0.7160	75.9994	0.6981	1.4e-04	0.5248
6062	-108.9664	-108.9664	-77.5797	0.7120	76.4484	0.7022	1.4e-04	0.5249
6063	-108.9449	-108.9449	-77.4366	0.7108	76.5745	0.7034	1.4e-04	0.5256
6064	-108.9665	-108.9665	-78.6828	0.7221	75.3237	0.6918	1.4e-04	0.5253
6065	-108.9665	-108.9665	-76.9948	0.7066	77.0391	0.7076	1.4e-04	0.5253
6066	-108.9527	-108.9527	-77.5640	0.7119	76.4485	0.7022	1.4e-04	0.5246
6067	-108.9681	-108.9681	-77.7107	0.7132	76.3220	0.7010	1.4e-04	0.5265
6068	-108.9636	-108.9636	-76.5587	0.7026	77.4423	0.7113	1.4e-04	0.5248
6069	-108.9846	-108.9846	-76.9330	0.7059	77.1147	0.7082	1.4e-04	0.5246
6070	-108.9761	-108.9761	-77.3757	0.7100	76.6763	0.7041	1.4e-04	0.5250
6071	-108.9506	-108.9506	-77.4729	0.7111	76.5408	0.7031	1.4e-04	0.5275
6072	-108.9436	-108.9436	-77.3250	0.7098	76.6837	0.7044	1.4e-04	0.5257
6073	-108.9559	-108.9559	-77.4265	0.7106	76.5947	0.7036	1.4e-04	0.5250
6074	-108.9590	-108.9590	-77.0665	0.7073	76.9635	0.7069	1.4e-04	0.5241
6075	-108.9663	-108.9664	-75.3419	0.6914	78.6348	0.7223	1.4e-04	0.5256
6076	-108.9646	-108.9646	-77.0031	0.7067	77.0308	0.7075	1.4e-04	0.5257
6077	-108.9659	-108.9659	-76.5934	0.7029	77.4231	0.7113	1.4e-04	0.5261
6078	-108.9531	-108.9531	-77.3752	0.7102	76.6391	0.7040	1.4e-04	0.5242
6079	-108.9744	-108.9744	-76.5871	0.7028	77.4388	0.7113	1.4e-04	0.5265
6080	-108.9532	-108.9532	-76.6699	0.7037	77.3443	0.7105	1.4e-04	0.5247
6081	-108.9637	-108.9637	-76.9992	0.7066	77.0304	0.7075	1.4e-04	0.5245
6082	-108.9635	-108.9635	-78.4604	0.7201	75.5374	0.6939	1.4e-04	0.5262
6083	-108.9568	-108.9568	-77.4282	0.7106	76.5960	0.7036	1.4e-04	0.5250
6084	-108.9585	-108.9585	-76.1506	0.6989	77.8570	0.7152	1.4e-04	0.5253
6085	-108.9665	-108.9665	-77.6566	0.7127	76.3726	0.7015	1.4e-04	0.5246
6086	-108.9629	-108.9629	-76.6089	0.7031	77.4309	0.7111	1.4e-04	0.5249
6087	-108.9602	-108.9602	-77.6645	0.7128	76.3612	0.7014	1.4e-04	0.5246
6088	-108.9553	-108.9553	-76.9881	0.7066	77.0207	0.7076	1.4e-04	0.5245
6089	-108.9647	-108.9647	-76.9544	0.7062	77.0788	0.7080	1.4e-04	0.5244
6090	-108.9588	-108.9588	-77.7116	0.7132	76.2995	0.7009	1.4e-04	0.5255
6091	-108.9746	-108.9746	-77.3516	0.7098	76.6936	0.7044	1.4e-04	0.5249
6092	-108.9641	-108.9641	-77.0921	0.7075	76.9155	0.7065	1.4e-04	0.5248
6093	-108.9796	-108.9796	-77.1370	0.7078	76.8539	0.7059	1.4e-04	0.5242
6094	-108.9639	-108.9639	-77.2183	0.7087	76.8082	0.7055	1.4e-04	0.5242
6095	-108.9674	-108.9674	-77.8864	0.7148	76.1318	0.6993	1.4e-04	0.5248
6096	-108.9512	-108.9512	-77.6301	0.7125	76.3847	0.7016	1.4e-04	0.5260
6097	-108.9612	-108.9612	-77.3697	0.7101	76.6598	0.7041	1.4e-04	0.5250
6098	-108.9501	-108.9501	-77.4723	0.7111	76.5497	0.7031	1.4e-04	0.5244
6099	-108.9610	-108.9610	-77.6940	0.7130	76.3129	0.7010	1.4e-04	0.5257
6100	-108.9637	-108.9637	-77.1756	0.7083	76.8605	0.7059	1.4e-04	0.5252
6101	-108.9766	-108.9766	-76.5283	0.7022	77.5190	0.7119	1.4e-04	0.5241
6102	-108.9514	-108.9514	-77.5836	0.7121	76.4276	0.7021	1.4e-04	0.5265
6103	-108.9889	-108.9889	-77.3875	0.7100	76.6418	0.7041	1.4e-04	0.5251
6104	-108.9697	-108.9697	-77.1208	0.7077	76.9037	0.7062	1.4e-04	0.5249
6105	-108.9535	-108.9535	-77.1859	0.7084	76.8333	0.7058	1.4e-04	0.5256
6106	-108.9604	-108.9604	-77.9400	0.7153	76.0739	0.6988	1.4e-04	0.5250
6107	-108.9607	-108.9607	-78.2508	0.7182	75.7579	0.6959	1.4e-04	0.5252
6108	-108.9484	-108.9484	-77.4403	0.7108	76.5800	0.7034	1.4e-04	0.5273
6109	-108.9803	-108.9803	-77.3330	0.7096	76.6944	0.7044	1.4e-04	0.5247
6110	-108.9604	-108.9604	-77.9088	0.7150	76.1025	0.6990	1.4e-04	0.5249
6111	-108.9952	-108.9952	-76.5902	0.7027	77.4790	0.7114	1.3e-04	0.5240
6112	-108.9805	-108.9805	-77.1615	0.7080	76.8638	0.7060	1.3e-04	0.5245
6113	-108.9539	-108.9539	-77.3382	0.7098	76.6688	0.7043	1.3e-04	0.5250
6114	-108.9700	-108.9700	-76.9141	0.7058	77.1262	0.7084	1.3e-04	0.5246
6115	-108.9585	-108.9585	-77.1442	0.7080	76.8725	0.7061	1.3e-04	0.5256
6116	-108.9480	-108.9480	-77.9065	0.7151	76.0915	0.6990	1.3e-04	0.5257
6117	-108.9636	-108.9636	-77.5726	0.7119	76.4618	0.7023	1.3e-04	0.5244
6118	-108.9563	-108.9563	-76.8088	0.7050	77.2188	0.7092	1.3e-04	0.5253
6119	-108.9484	-108.9484	-78.6490	0.7219	75.3244	0.6920	1.3e-04	0.5258
6120	-108.9690	-108.9690	-77.9901	0.7157	76.0203	0.6982	1.3e-04	0.5245
6121	-108.9620	-108.9620	-77.8394	0.7144	76.1707	0.6997	1.3e-04	0.5243
6122	-108.9655	-108.9655	-78.1498	0.7172	75.8722	0.6969	1.3e-04	0.5264
6123	-108.9647	-108.9647	-78.2382	0.7180	75.7688	0.6960	1.3e-04	0.5244
6124	-108.9554	-108.9554	-78.1593	0.7174	75.8333	0.6967	1.3e-04	0.5246
6125	-108.9591	-108.9591	-77.1464	0.7080	76.8779	0.7061	1.3e-04	0.5254
6126	-108.9808	-108.9808	-77.2765	0.7091	76.7690	0.7051	1.3e-04	0.5249
6127	-108.9745	-108.9745	-77.1560	0.7080	76.8828	0.7062	1.3e-04	0.5248
6128	-108.9754	-108.9754	-77.8895	0.7147	76.1522	0.6994	1.3e-04	0.5258
6129	-108.9662	-108.9662	-77.8257	0.7142	76.2010	0.6999	1.3e-04	0.5247
6130	-108.9560	-108.9560	-77.2200	0.7087	76.8078	0.7055	1.3e-04	0.5251
6131	-108.9629	-108.9629	-77.7058	0.7131	76.3215	0.7010	1.3e-04	0.5265
6132	-108.9499	-108.9499	-78.7904	0.7232	75.1815	0.6906	1.3e-04	0.5249
6133	-108.9780	-108.9780	-78.1991	0.7176	75.8289	0.6965	1.3e-04	0.5254
6134	-108.9770	-108.9770	-77.8585	0.7144	76.1785	0.6997	1.3e-04	0.5244
6135	-108.9777	-108.9777	-77.7808	0.7137	76.2546	0.7004	1.3e-04	0.5235
6136	-108.9537	-108.9537	-78.1795	0.7175	75.8168	0.6965	1.3e-04	0.5265
6137	-108.9680	-108.9680	-77.8366	0.7143	76.1775	0.6997	1.3e-04	0.5246
6138	-108.9583	-108.9583	-78.1926	0.7176	75.8279	0.6964	1.3e-04	0.5245
6139	-108.9652	-108.9652	-78.7563	0.7228	75.2503	0.6911	1.3e-04	0.5267
6140	-108.9673	-108.9673	-78.8489	0.7236	75.1363	0.6902	1.3e-04	0.5242
6141	-108.9672	-108.9672	-78.3922	0.7194	75.6139	0.6945	1.3e-04	0.5238
6142	-108.9655	-108.9655	-78.9628	0.7247	75.0183	0.6891	1.3e-04	0.5263
6143	-108.9686	-108.9686	-78.7433	0.7226	75.2530	0.6912	1.3e-04	0.5247
6144	-108.9633	-108.9633	-78.4936	0.7204	75.4995	0.6935	1.3e-04	0.5264
6145	-108.9528	-108.9528	-79.0119	0.7252	74.9524	0.6885	1.3e-04	0.5248
6146	-108.9711	-108.9711	-78.5015	0.7204	75.4832	0.6933	1.3e-04	0.5249
6147	-108.9556	-108.9556	-78.8602	0.7238	75.1226	0.6900	1.3e-04	0.5237
6148	-108.9665	-108.9665	-78.8987	0.7241	75.0946	0.6897	1.3e-04	0.5264
6149	-108.9588	-108.9588	-78.6503	0.7218	75.3344	0.6920	1.3e-04	0.5256
6150	-108.9686	-108.9686	-78.3302	0.7188	75.6811	0.6952	1.3e-04	0.5241
6151	-108.9663	-108.9663	-79.2084	0.7269	74.7529	0.6867	1.3e-04	0.5271
6152	-108.9815	-108.9815	-78.7435	0.7225	75.2619	0.6913	1.3e-04	0.5242
6153	-108.9573	-108.9573	-79.2867	0.7277	74.6678	0.6859	1.3e-04	0.5236
6154	-108.9531	-108.9531	-78.7710	0.7230	75.2100	0.6908	1.3e-04	0.5248
6155	-108.9634	-108.9634	-80.3403	0.7373	73.5392	0.6755	1.3e-04	0.5245
6156	-108.9550	-108.9550	-78.7858	0.7231	75.2030	0.6907	1.3e-04	0.5252
6157	-108.9488	-108.9488	-79.2364	0.7273	74.7248	0.6863	1.3e-04	0.5270
6158	-108.9590	-108.9590	-79.3531	0.7283	74.6061	0.6852	1.3e-04	0.5266
6159	-108.9686	-108.9686	-79.7808	0.7321	74.1501	0.6811	1.3e-04	0.5255
6160	-108.9659	-108.9659	-79.1113	0.7260	74.8552	0.6877	1.3e-04	0.5247
6161	-108.9545	-108.9545	-79.9596	0.7339	73.9373	0.6792	1.3e-04	0.5252
6162	-108.9403	-108.9403	-78.9753	0.7249	74.9860	0.6888	1.3e-04	0.5247
6163	-108.9487	-108.9487	-78.8448	0.7237	75.1252	0.6901	1.3e-04	0.5274
6164	-108.9506	-108.9506	-79.0576	0.7256	74.8856	0.6879	1.3e-04	0.5251
6165	-108.9756	-108.9756	-78.2512	0.7181	75.7747	0.6959	1.3e-04	0.5245
6166	-108.9493	-108.9493	-78.7906	0.7232	75.1785	0.6905	1.3e-04	0.5267
6167	-108.9623	-108.9623	-79.9378	0.7336	73.9700	0.6795	1.3e-04	0.5242
6168	-108.9513	-108.9513	-79.6707	0.7313	74.2301	0.6819	1.3e-04	0.5246
6169	-108.9662	-108.9662	-79.0157	0.7251	74.9708	0.6886	1.3e-04	0.5263
6170	-108.9565	-108.9565	-79.0695	0.7257	74.8997	0.6879	1.3e-04	0.5243
6171	-108.9538	-108.9538	-78.9033	0.7242	75.0647	0.6895	1.3e-04	0.5246
6172	-108.9614	-108.9614	-79.2289	0.7271	74.7341	0.6865	1.3e-04	0.5260
6173	-108.9798	-108.9798	-78.9516	0.7245	75.0444	0.6893	1.3e-04	0.5250
6174	-108.9570	-108.9570	-79.1234	0.7262	74.8312	0.6875	1.3e-04	0.5248
6175	-108.9619	-108.9619	-79.2213	0.7271	74.7480	0.6866	1.3e-04	0.5249
6176	-108.9564	-108.9564	-78.7467	0.7227	75.2433	0.6911	1.3e-04	0.5245
6177	-108.9814	-108.9814	-79.6653	0.7310	74.2979	0.6824	1.3e-04	0.5238
6178	-108.9734	-108.9734	-79.2272	0.7270	74.7589	0.6866	1.3e-04	0.5248
6179	-108.9685	-108.9685	-80.1602	0.7356	73.7225	0.6772	1.3e-04	0.5266
6180	-108.9626	-108.9626	-79.2270	0.7271	74.7390	0.6865	1.3e-04	0.5246
6181	-108.9556	-108.9556	-79.1634	0.7266	74.7938	0.6870	1.3e-04	0.5256
6182	-108.9659	-108.9659	-79.0937	0.7259	74.8527	0.6877	1.3e-04	0.5255
6183	-108.9893	-108.9893	-79.2262	0.7269	74.7766	0.6867	1.3e-04	0.5245
6184	-108.9696	-108.9696	-78.4119	0.7196	75.5979	0.6944	1.3e-04	0.5266
6185	-108.9522	-108.9522	-79.7148	0.7316	74.2173	0.6817	1.3e-04	0.5247
6186	-108.9665	-108.9665	-79.1628	0.7265	74.8009	0.6871	1.3e-04	0.5252
6187	-108.9558	-108.9558	-79.4875	0.7295	74.4476	0.6838	1.3e-04	0.5259
6188	-108.9597	-108.9597	-79.3119	0.7279	74.6501	0.6857	1.3e-04	0.5247
6189	-108.9625	-108.9625	-79.0383	0.7254	74.9462	0.6884	1.3e-04	0.5239
6190	-108.9494	-108.9494	-79.0729	0.7258	74.8916	0.6879	1.3e-04	0.5265
6191	-108.9625	-108.9625	-77.8125	0.7141	76.2112	0.7000	1.3e-04	0.5248
6192	-108.9574	-108.9574	-79.5040	0.7297	74.4422	0.6837	1.3e-04	0.5245
6193	-108.9643	-108.9643	-78.8700	0.7238	75.1259	0.6900	1.3e-04	0.5260
6194	-108.9582	-108.9582	-78.2404	0.7181	75.7583	0.6958	1.3e-04	0.5258
6195	-108.9694	-108.9694	-79.5690	0.7302	74.3860	0.6832	1.3e-04	0.5249
6196	-108.9564	-108.9564	-79.2683	0.7275	74.6627	0.6858	1.3e-04	0.5252
6197	-108.9666	-108.9666	-78.9571	0.7246	75.0255	0.6891	1.3e-04	0.5248
6198	-108.9659	-108.9659	-79.8304	0.7326	74.1014	0.6806	1.3e-04	0.5253
6199	-108.9679	-108.9679	-78.9048	0.7241	75.0697	0.6895	1.3e-04	0.5272
6200	-108.9648	-108.9648	-79.4287	0.7289	74.5269	0.6845	1.3e-04	0.5263
6201	-108.9711	-108.9711	-78.8432	0.7235	75.1116	0.6899	1.3e-04	0.5244
6202	-108.9519	-108.9519	-78.6702	0.7221	75.3126	0.6918	1.3e-04	0.5254
6203	-108.9662	-108.9662	-78.3495	0.7190	75.6409	0.6948	1.3e-04	0.5253
6204	-108.9647	-108.9647	-79.2412	0.7272	74.7310	0.6864	1.3e-04	0.5241
6205	-108.9796	-108.9796	-78.7538	0.7226	75.2425	0.6911	1.3e-04	0.5280
6206	-108.9635	-108.9635	-78.0920	0.7167	75.8990	0.6971	1.3e-04	0.5254
6207	-108.9645	-108.9645	-78.2579	0.7182	75.7574	0.6958	1.3e-04	0.5244
6208	-108.9522	-108.9522	-79.5134	0.7298	74.4119	0.6837	1.3e-04	0.5265
6209	-108.9614	-108.9614	-78.5887	0.7213	75.3843	0.6925	1.3e-04	0.5247
6210	-108.9718	-108.9718	-77.9639	0.7155	76.0637	0.6986	1.3e-04	0.5251
6211	-108.9538	-108.9538	-78.2343	0.7181	75.7640	0.6960	1.3e-04	0.5251
6212	-108.9663	-108.9663	-78.3914	0.7194	75.6338	0.6946	1.3e-04	0.5244
6213	-108.9679	-108.9679	-79.1427	0.7263	74.8383	0.6874	1.3e-04	0.5251
6214	-108.9670	-108.9670	-78.4934	0.7203	75.5054	0.6935	1.3e-04	0.5251
6215	-108.9668	-108.9668	-78.8191	0.7233	75.1683	0.6904	1.3e-04	0.5251
6216	-108.9666	-108.9666	-79.2501	0.7273	74.7160	0.6863	1.3e-04	0.5269
6217	-108.9640	-108.9640	-78.9613	0.7247	75.0161	0.6891	1.3e-04	0.5249
6218	-108.9571	-108.9571	-77.8591	0.7146	76.1546	0.6995	1.3e-04	0.5245
6219	-108.9604	-108.9604	-78.4210	0.7197	75.5826	0.6943	1.3e-04	0.5268
6220	-108.9723	-108.9723	-78.6850	0.7221	75.3129	0.6917	1.3e-04	0.5249
6221	-108.9596	-108.9596	-78.4858	0.7203	75.5114	0.6936	1.3e-04	0.5248
6222	-108.9627	-108.9627	-78.8739	0.7239	75.1055	0.6899	1.3e-04	0.5266
6223	-108.9705	-108.9705	-78.3202	0.7187	75.6946	0.6952	1.3e-04	0.5254
6224	-108.9689	-108.9689	-78.9879	0.7249	74.9955	0.6888	1.3e-04	0.5267
6225	-108.9694	-108.9694	-78.1633	0.7173	75.8449	0.6966	1.3e-04	0.5245
6226	-108.9615	-108.9615	-78.6358	0.7217	75.3645	0.6922	1.3e-04	0.5245
6227	-108.9622	-108.9622	-78.9700	0.7247	75.0039	0.6890	1.3e-04	0.5272
6228	-108.9622	-108.9622	-78.8655	0.7238	75.1155	0.6900	1.3e-04	0.5252
6229	-108.9631	-108.9631	-78.5527	0.7209	75.4497	0.6930	1.3e-04	0.5237
6230	-108.9584	-108.9584	-78.3200	0.7188	75.6794	0.6952	1.3e-04	0.5266
6231	-108.9653	-108.9653	-78.4744	0.7202	75.5311	0.6938	1.3e-04	0.5249
6232	-108.9732	-108.9732	-78.8961	0.7240	75.0990	0.6898	1.3e-04	0.5251
6233	-108.9444	-108.9444	-78.9860	0.7250	74.9532	0.6886	1.3e-04	0.5254
6234	-108.9733	-108.9733	-78.4807	0.7202	75.5326	0.6937	1.3e-04	0.5245
6235	-108.9561	-108.9561	-78.1629	0.7174	75.8331	0.6966	1.3e-04	0.5247
6236	-108.9614	-108.9614	-79.2867	0.7277	74.6850	0.6859	1.3e-04	0.5258
6237	-108.9804	-108.9804	-78.9798	0.7247	75.0266	0.6890	1.3e-04	0.5257
6238	-108.9647	-108.9647	-78.4626	0.7201	75.5519	0.6939	1.3e-04	0.5253
6239	-108.9636	-108.9636	-78.8471	0.7236	75.1184	0.6899	1.3e-04	0.5251
6240	-108.9653	-108.9653	-78.7991	0.7232	75.1975	0.6906	1.3e-04	0.5246
6241	-108.9569	-108.9569	-78.4615	0.7201	75.5060	0.6936	1.3e-04	0.5239
6242	-108.9577	-108.9577	-79.2332	0.7272	74.7329	0.6864	1.3e-04	0.5259
6243	-108.9586	-108.9586	-78.1434	0.7172	75.8741	0.6969	1.3e-04	0.5269
6244	-108.9617	-108.9617	-79.1629	0.7265	74.7919	0.6871	1.3e-04	0.5265
6245	-108.9378	-108.9378	-78.6271	0.7218	75.3503	0.6921	1.3e-04	0.5253
6246	-108.9604	-108.9604	-79.2606	0.7274	74.6806	0.6859	1.3e-04	0.5259
6247	-108.9524	-108.9524	-78.5045	0.7205	75.4864	0.6934	1.3e-04	0.5269
6248	-108.9753	-108.9753	-78.4841	0.7202	75.5290	0.6937	1.3e-04	0.5247
6249	-108.9721	-108.9721	-78.6670	0.7219	75.3421	0.6919	1.3e-04	0.5239
6250	-108.9394	-108.9394	-78.8727	0.7240	75.0973	0.6898	1.3e-04	0.5267
6251	-108.9800	-108.9800	-78.4923	0.7202	75.5407	0.6937	1.3e-04	0.5256
6252	-108.9749	-108.9749	-78.3344	0.7188	75.6785	0.6951	1.3e-04	0.5254
6253	-108.9702	-108.9702	-79.1164	0.7260	74.8685	0.6877	1.3e-04	0.5259
6254	-108.9722	-108.9722	-79.0425	0.7253	74.9419	0.6884	1.3e-04	0.5247
6255	-108.9618	-108.9618	-78.9525	0.7246	75.0146	0.6891	1.3e-04	0.5262
6256	-108.9778	-108.9778	-78.4402	0.7198	75.5843	0.6941	1.3e-04	0.5244
6257	-108.9717	-108.9717	-79.0661	0.7256	74.9328	0.6881	1.3e-04	0.5250
6258	-108.9675	-108.9675	-79.9208	0.7334	74.0015	0.6797	1.3e-04	0.5267
6259	-108.9567	-108.9567	-78.9365	0.7245	75.0293	0.6891	1.3e-04	0.5247
6260	-108.9549	-108.9549	-79.0467	0.7255	74.9209	0.6882	1.3e-04	0.5245
6261	-108.9736	-108.9736	-79.4233	0.7288	74.5216	0.6845	1.3e-04	0.5271
6262	-108.9728	-108.9728	-78.9354	0.7244	75.0679	0.6894	1.3e-04	0.5249
6263	-108.9621	-108.9621	-78.6608	0.7219	75.3309	0.6920	1.3e-04	0.5251
6264	-108.9429	-108.9429	-79.1980	0.7270	74.7557	0.6867	1.3e-04	0.5260
6265	-108.9750	-108.9750	-78.9448	0.7244	75.0553	0.6893	1.3e-04	0.5240
6266	-108.9508	-108.9508	-79.5693	0.7303	74.3474	0.6829	1.3e-04	0.5268
6267	-108.9671	-108.9671	-79.4213	0.7289	74.5397	0.6847	1.3e-04	0.5250
6268	-108.9605	-108.9605	-79.4806	0.7294	74.4591	0.6840	1.3e-04	0.5248
6269	-108.9642	-108.9642	-79.6833	0.7313	74.2564	0.6821	1.3e-04	0.5263
6270	-108.9601	-108.9601	-79.7193	0.7316	74.2050	0.6817	1.3e-04	0.5252
6271	-108.9625	-108.9625	-78.2508	0.7181	75.7623	0.6959	1.3e-04	0.5250
6272	-108.9519	-108.9519	-78.9798	0.7249	74.9936	0.6888	1.3e-04	0.5249
6273	-108.9794	-108.9794	-79.4228	0.7288	74.5510	0.6847	1.3e-04	0.5254
6274	-108.9488	-108.9488	-79.3058	0.7279	74.6402	0.6856	1.3e-04	0.5249
6275	-108.9631	-108.9631	-79.7118	0.7315	74.2022	0.6815	1.3e-04	0.5264
6276	-108.9684	-108.9684	-79.1100	0.7260	74.8462	0.6875	1.3e-04	0.5249
6277	-108.9528	-108.9528	-80.0806	0.7350	73.8112	0.6780	1.3e-04	0.5243
6278	-108.9497	-108.9497	-79.4957	0.7297	74.4359	0.6837	1.3e-04	0.5258
6279	-108.9681	-108.9681	-79.6041	0.7305	74.3472	0.6829	1.3e-04	0.5263
6280	-108.9502	-108.9502	-79.8954	0.7333	74.0028	0.6798	1.3e-04	0.5255
6281	-108.9535	-108.9535	-79.5425	0.7301	74.3983	0.6834	1.3e-04	0.5249
6282	-108.9682	-108.9682	-79.1174	0.7261	74.8644	0.6876	1.3e-04	0.5249
6283	-108.9607	-108.9607	-79.5103	0.7297	74.4348	0.6836	1.3e-04	0.5244
6284	-108.9698	-108.9698	-78.6294	0.7216	75.3815	0.6923	1.3e-04	0.5243
6285	-108.9728	-108.9728	-79.0476	0.7254	74.9359	0.6882	1.3e-04	0.5262
6286	-108.9461	-108.9461	-79.9245	0.7336	73.9808	0.6796	1.3e-04	0.5262
6287	-108.9721	-108.9721	-79.7054	0.7314	74.2465	0.6819	1.3e-04	0.5253
6288	-108.9696	-108.9696	-79.2301	0.7271	74.7535	0.6865	1.3e-04	0.5244
6289	-108.9633	-108.9633	-80.3230	0.7372	73.5536	0.6756	1.3e-04	0.5258
6290	-108.9554	-108.9554	-79.3878	0.7286	74.5283	0.6846	1.3e-04	0.5252
6291	-108.9615	-108.9615	-79.3164	0.7279	74.6455	0.6856	1.3e-04	0.5248
6292	-108.9665	-108.9665	-79.3566	0.7283	74.6068	0.6853	1.3e-04	0.5253
6293	-108.9625	-108.9625	-79.5507	0.7301	74.3904	0.6832	1.3e-04	0.5249
6294	-108.9701	-108.9701	-79.5479	0.7300	74.4098	0.6834	1.3e-04	0.5261
6295	-108.9773	-108.9773	-79.0015	0.7249	74.9949	0.6887	1.3e-04	0.5254
6296	-108.9605	-108.9605	-79.4216	0.7289	74.5256	0.6846	1.3e-04	0.5238
6297	-108.9619	-108.9619	-80.1152	0.7353	73.7871	0.6778	1.3e-04	0.5242
6298	-108.9565	-108.9565	-80.6771	0.7405	73.1690	0.6721	1.3e-04	0.5244
6299	-108.9550	-108.9550	-79.9630	0.7339	73.9472	0.6792	1.3e-04	0.5272
6300	-108.9704	-108.9704	-79.8835	0.7331	74.0411	0.6800	1.3e-04	0.5253
6301	-108.9682	-108.9682	-80.4866	0.7386	73.3952	0.6741	1.3e-04	0.5246
6302	-108.9671	-108.9671	-79.3553	0.7282	74.6167	0.6853	1.3e-04	0.5246
6303	-108.9648	-108.9648	-80.0723	0.7348	73.8338	0.6782	1.3e-04	0.5239
6304	-108.9691	-108.9691	-79.9371	0.7336	73.9921	0.6796	1.3e-04	0.5265
6305	-108.9593	-108.9593	-80.0568	0.7347	73.8181	0.6781	1.3e-04	0.5247
6306	-108.9713	-108.9713	-80.0466	0.7346	73.8820	0.6785	1.3e-04	0.5245
6307	-108.9619	-108.9619	-80.3191	0.7371	73.5649	0.6757	1.3e-04	0.5267
6308	-108.9570	-108.9570	-79.7473	0.7319	74.1863	0.6814	1.3e-04	0.5250
6309	-108.9648	-108.9648	-79.8601	0.7329	74.0788	0.6803	1.3e-04	0.5247
6310	-108.9516	-108.9516	-80.5882	0.7397	73.2592	0.6729	1.3e-04	0.5264
6311	-108.9430	-108.9430	-80.3214	0.7373	73.5285	0.6755	1.3e-04	0.5259
6312	-108.9636	-108.9636	-80.4880	0.7387	73.3897	0.6740	1.3e-04	0.5242
6313	-108.9701	-108.9701	-80.3986	0.7378	73.4923	0.6750	1.3e-04	0.5261
6314	-108.9607	-108.9607	-80.5330	0.7391	73.3378	0.6736	1.3e-04	0.5249
6315	-108.9731	-108.9731	-79.8668	0.7329	74.0391	0.6800	1.3e-04	0.5236
6316	-108.9607	-108.9607	-80.9748	0.7432	72.8569	0.6691	1.3e-04	0.5265
6317	-108.9589	-108.9589	-80.5340	0.7391	73.3366	0.6736	1.3e-04	0.5250
6318	-108.9727	-108.9727	-80.7852	0.7413	73.0631	0.6711	1.3e-04	0.5242
6319	-108.9626	-108.9626	-81.1856	0.7451	72.6018	0.6669	1.3e-04	0.5252
6320	-108.9709	-108.9709	-80.9648	0.7430	72.8726	0.6693	1.3e-04	0.5257
6321	-108.9660	-108.9660	-80.6721	0.7403	73.1781	0.6721	1.3e-04	0.5246
6322	-108.9683	-108.9683	-80.7082	0.7407	73.1412	0.6718	1.3e-04	0.5252
6323	-108.9735	-108.9735	-80.9289	0.7426	72.9104	0.6696	1.3e-04	0.5245
6324	-108.9644	-108.9644	-81.4391	0.7474	72.3241	0.6643	1.3e-04	0.5244
6325	-108.9567	-108.9567	-81.1057	0.7444	72.6904	0.6677	1.3e-04	0.5258
6326	-108.9610	-108.9610	-81.0698	0.7440	72.7281	0.6680	1.3e-04	0.5269
6327	-108.9645	-108.9645	-81.3047	0.7462	72.4858	0.6658	1.3e-04	0.5269
6328	-108.9617	-108.9617	-81.0995	0.7443	72.7152	0.6679	1.3e-04	0.5261
6329	-108.9782	-108.9782	-80.5592	0.7392	73.3221	0.6735	1.3e-04	0.5250
6330	-108.9612	-108.9612	-81.2473	0.7457	72.5329	0.6663	1.3e-04	0.5247
6331	-108.9745	-108.9745	-81.5558	0.7484	72.2181	0.6633	1.3e-04	0.5256
6332	-108.9571	-108.9571	-81.2359	0.7456	72.5326	0.6663	1.3e-04	0.5245
6333	-108.9538	-108.9538	-81.4031	0.7471	72.3386	0.6644	1.3e-04	0.5246
6334	-108.9593	-108.9593	-81.8886	0.7516	71.8124	0.6596	1.3e-04	0.5248
6335	-108.9676	-108.9676	-81.6562	0.7494	72.0870	0.6622	1.3e-04	0.5247
6336	-108.9806	-108.9806	-81.1823	0.7449	72.6455	0.6671	1.3e-04	0.5262
6337	-108.9636	-108.9636	-81.5092	0.7480	72.2506	0.6636	1.3e-04	0.5249
6338	-108.9588	-108.9588	-81.4559	0.7476	72.2692	0.6639	1.3e-04	0.5245
6339	-108.9544	-108.9544	-81.4694	0.7477	72.2928	0.6639	1.3e-04	0.5255
6340	-108.9511	-108.9511	-81.0558	0.7440	72.7491	0.6682	1.3e-04	0.5249
6341	-108.9633	-108.9633	-81.6991	0.7498	72.0369	0.6617	1.3e-04	0.5243
6342	-108.9611	-108.9611	-81.9863	0.7524	71.6947	0.6586	1.3e-04	0.5263
6343	-108.9629	-108.9629	-81.2726	0.7459	72.5121	0.6660	1.3e-04	0.5246
6344	-108.9656	-108.9656	-81.8084	0.7508	71.9113	0.6605	1.3e-04	0.5263
6345	-108.9615	-108.9615	-82.0385	0.7529	71.6479	0.6581	1.3e-04	0.5244
6346	-108.9487	-108.9487	-81.2836	0.7461	72.4685	0.6657	1.3e-04	0.5248
6347	-108.9602	-108.9602	-81.6375	0.7492	72.0986	0.6622	1.3e-04	0.5263
6348	-108.9492	-108.9492	-81.5806	0.7488	72.1335	0.6626	1.3e-04	0.5251
6349	-108.9760	-108.9760	-81.2345	0.7454	72.5690	0.6666	1.3e-04	0.5262
6350	-108.9539	-108.9539	-81.5517	0.7485	72.1893	0.6631	1.3e-04	0.5239
6351	-108.9557	-108.9557	-81.3883	0.7470	72.3906	0.6648	1.3e-04	0.5243
6352	-108.9452	-108.9452	-80.7958	0.7416	73.0296	0.6708	1.3e-04	0.5258
6353	-108.9677	-108.9677	-80.8197	0.7417	73.0300	0.6707	1.3e-04	0.5253
6354	-108.9635	-108.9635	-82.2639	0.7550	71.4022	0.6558	1.3e-04	0.5244
6355	-108.9691	-108.9691	-82.7757	0.7596	70.7978	0.6503	1.3e-04	0.5268
6356	-108.9620	-108.9620	-81.5978	0.7489	72.1554	0.6627	1.3e-04	0.5246
6357	-108.9505	-108.9505	-81.2499	0.7458	72.5331	0.6662	1.3e-04	0.5247
6358	-108.9840	-108.9840	-81.5748	0.7485	72.2022	0.6631	1.3e-04	0.5250
6359	-108.9569	-108.9569	-81.7929	0.7507	71.9177	0.6606	1.3e-04	0.5242
6360	-108.9608	-108.9608	-81.4634	0.7476	72.3050	0.6641	1.3e-04	0.5243
6361	-108.9587	-108.9587	-81.1898	0.7451	72.5920	0.6668	1.3e-04	0.5268
6362	-108.9773	-108.9773	-81.8682	0.7512	71.8545	0.6600	1.3e-04	0.5252
6363	-108.9655	-108.9655	-81.6622	0.7494	72.0742	0.6620	1.3e-04	0.5252
6364	-108.9548	-108.9548	-82.1709	0.7542	71.4863	0.6566	1.3e-04	0.5242
6365	-108.9691	-108.9691	-81.4394	0.7474	72.3387	0.6644	1.3e-04	0.5245
6366	-108.9734	-108.9734	-81.9449	0.7520	71.7772	0.6592	1.3e-04	0.5246
6367	-108.9657	-108.9657	-81.2739	0.7459	72.5255	0.6661	1.3e-04	0.5265
6368	-108.9765	-108.9765	-81.4337	0.7473	72.3521	0.6645	1.3e-04	0.5262
6369	-108.9545	-108.9545	-81.8201	0.7510	71.8958	0.6603	1.3e-04	0.5258
6370	-108.9475	-108.9475	-81.9444	0.7521	71.7340	0.6590	1.3e-04	0.5263
6371	-108.9559	-108.9559	-82.1386	0.7539	71.5298	0.6569	1.3e-04	0.5247
6372	-108.9694	-108.9694	-82.2608	0.7549	71.3528	0.6554	1.3e-04	0.5246
6373	-108.9599	-108.9599	-81.7437	0.7502	71.9722	0.6612	1.3e-04	0.5266
6374	-108.9658	-108.9658	-81.1783	0.7450	72.6208	0.6671	1.3e-04	0.5245
6375	-108.9760	-108.9760	-81.7817	0.7505	71.9607	0.6609	1.3e-04	0.5238
6376	-108.9750	-108.9750	-82.5394	0.7574	71.0772	0.6527	1.3e-04	0.5273
6377	-108.9651	-108.9651	-81.5557	0.7485	72.1913	0.6632	1.3e-04	0.5262
6378	-108.9513	-108.9513	-81.9794	0.7524	71.7093	0.6586	1.3e-04	0.5261
6379	-108.9827	-108.9827	-81.3775	0.7467	72.4153	0.6651	1.3e-04	0.5250
6380	-108.9572	-108.9572	-81.7495	0.7503	71.9457	0.6608	1.3e-04	0.5248
6381	-108.9682	-108.9682	-81.8738	0.7514	71.8464	0.6599	1.3e-04	0.5269
6382	-108.9690	-108.9690	-81.1860	0.7450	72.6221	0.6670	1.3e-04	0.5243
6383	-108.9558	-108.9558	-82.4099	0.7564	71.2110	0.6541	1.3e-04	0.5247
6384	-108.9610	-108.9610	-82.8585	0.7604	70.6963	0.6494	1.3e-04	0.5262
6385	-108.9757	-108.9757	-81.8630	0.7512	71.8697	0.6601	1.3e-04	0.5255
6386	-108.9642	-108.9642	-81.2458	0.7456	72.5385	0.6663	1.3e-04	0.5263
6387	-108.9696	-108.9696	-82.4016	0.7562	71.2258	0.6541	1.3e-04	0.5240
6388	-108.9693	-108.9693	-82.3895	0.7561	71.2381	0.6543	1.3e-04	0.5246
6389	-108.9520	-108.9520	-82.0793	0.7534	71.5775	0.6574	1.3e-04	0.5256
6390	-108.9573	-108.9573	-81.8853	0.7515	71.8162	0.6597	1.3e-04	0.5252
6391	-108.9608	-108.9608	-82.3128	0.7554	71.3302	0.6552	1.3e-04	0.5237
6392	-108.9640	-108.9640	-81.5595	0.7485	72.1896	0.6631	1.3e-04	0.5264
6393	-108.9687	-108.9687	-81.3784	0.7468	72.4026	0.6650	1.3e-04	0.5251
6394	-108.9790	-108.9790	-81.6948	0.7496	72.0506	0.6617	1.3e-04	0.5240
6395	-108.9575	-108.9575	-82.1263	0.7537	71.5255	0.6571	1.3e-04	0.5264
6396	-108.9793	-108.9793	-80.4998	0.7387	73.3897	0.6740	1.3e-04	0.5248
6397	-108.9674	-108.9674	-81.5227	0.7481	72.2349	0.6635	1.3e-04	0.5248
6398	-108.9568	-108.9568	-82.1182	0.7537	71.5517	0.6572	1.3e-04	0.5249
6399	-108.9708	-108.9708	-81.7633	0.7503	71.9798	0.6611	1.3e-04	0.5249
6400	-108.9671	-108.9671	-81.5502	0.7484	72.2053	0.6632	1.3e-04	0.5244
6401	-108.9721	-108.9721	-81.9615	0.7521	71.7626	0.6590	1.3e-04	0.5253
6402	-108.9596	-108.9596	-81.7063	0.7499	72.0266	0.6616	1.3e-04	0.5257
6403	-108.9684	-108.9684	-81.6124	0.7490	72.1469	0.6626	1.3e-04	0.5248
6404	-108.9679	-108.9679	-82.3161	0.7554	71.3289	0.6552	1.3e-04	0.5249
6405	-108.9662	-108.9662	-81.7146	0.7499	72.0201	0.6615	1.3e-04	0.5262
6406	-108.9542	-108.9542	-81.9986	0.7526	71.6858	0.6585	1.3e-04	0.5249
6407	-108.9635	-108.9635	-81.6087	0.7490	72.1309	0.6626	1.3e-04	0.5252
6408	-108.9626	-108.9626	-82.3081	0.7554	71.3425	0.6553	1.3e-04	0.5245
6409	-108.9607	-108.9607	-81.9072	0.7517	71.7913	0.6595	1.3e-04	0.5256
6410	-108.9751	-108.9751	-82.0547	0.7530	71.6290	0.6580	1.3e-04	0.5248
6411	-108.9667	-108.9667	-82.4687	0.7568	71.1287	0.6534	1.3e-04	0.5250
6412	-108.9746	-108.9746	-83.0330	0.7619	70.5001	0.6476	1.3e-04	0.5249
6413	-108.9524	-108.9524	-82.1832	0.7543	71.4661	0.6564	1.3e-04	0.5255
6414	-108.9538	-108.9538	-82.8469	0.7604	70.6923	0.6494	1.3e-04	0.5258
6415	-108.9559	-108.9559	-82.6993	0.7590	70.8801	0.6511	1.3e-04	0.5246
6416	-108.9557	-108.9557	-82.5230	0.7574	71.0456	0.6525	1.3e-04	0.5243
6417	-108.9620	-108.9620	-81.6315	0.7492	72.1094	0.6624	1.3e-04	0.5258
6418	-108.9525	-108.9525	-82.1370	0.7539	71.5228	0.6570	1.3e-04	0.5249
6419	-108.9704	-108.9704	-82.9294	0.7610	70.6292	0.6487	1.3e-04	0.5246
6420	-108.9769	-108.9769	-81.7817	0.7504	71.9600	0.6609	1.3e-04	0.5262
6421	-108.9588	-108.9588	-81.6226	0.7491	72.1133	0.6624	1.3e-04	0.5244
6422	-108.9574	-108.9574	-82.4098	0.7563	71.2107	0.6541	1.3e-04	0.5263
6423	-108.9574	-108.9574	-82.6403	0.7585	70.9478	0.6517	1.3e-04	0.5247
6424	-108.9529	-108.9529	-82.2063	0.7545	71.4452	0.6563	1.3e-04	0.5250
6425	-108.9499	-108.9499	-82.2583	0.7550	71.3789	0.6557	1.3e-04	0.5264
6426	-108.9698	-108.9698	-81.9419	0.7520	71.7723	0.6592	1.3e-04	0.5250
6427	-108.9711	-108.9711	-81.2367	0.7455	72.5661	0.6665	1.3e-04	0.5245
6428	-108.9637	-108.9637	-82.8545	0.7604	70.6955	0.6494	1.3e-04	0.5254
6429	-108.9623	-108.9623	-82.6905	0.7589	70.8992	0.6512	1.3e-04	0.5246
6430	-108.9641	-108.9641	-82.9506	0.7613	70.5985	0.6484	1.3e-04	0.5269
6431	-108.9768	-108.9768	-81.7611	0.7503	71.9658	0.6611	1.3e-04	0.5241
6432	-108.9719	-108.9719	-82.1293	0.7537	71.5532	0.6572	1.3e-04	0.5243
6433	-108.9656	-108.9656	-82.4384	0.7566	71.1861	0.6539	1.3e-04	0.5260
6434	-108.9626	-108.9626	-82.4504	0.7567	71.1692	0.6537	1.3e-04	0.5252
6435	-108.9578	-108.9578	-82.4036	0.7563	71.2262	0.6542	1.3e-04	0.5261
6436	-108.9603	-108.9603	-82.6873	0.7589	70.8986	0.6512	1.3e-04	0.5239
6437	-108.9700	-108.9700	-83.1452	0.7630	70.3349	0.6460	1.3e-04	0.5250
6438	-108.9671	-108.9671	-82.1379	0.7538	71.5398	0.6570	1.3e-04	0.5262
6439	-108.9549	-108.9549	-81.5623	0.7486	72.1814	0.6630	1.3e-04	0.5250
6440	-108.9576	-108.9576	-82.0660	0.7532	71.6164	0.6578	1.3e-04	0.5245
6441	-108.9584	-108.9584	-82.5778	0.7579	71.0126	0.6523	1.3e-04	0.5267
6442	-108.9461	-108.9461	-82.2603	0.7551	71.3721	0.6557	1.3e-04	0.5252
6443	-108.9721	-108.9721	-82.3346	0.7556	71.3249	0.6551	1.3e-04	0.5246
6444	-108.9784	-108.9784	-81.9722	0.7522	71.7452	0.6589	1.3e-04	0.5262
6445	-108.9601	-108.9601	-82.9600	0.7614	70.5685	0.6482	1.3e-04	0.5241
6446	-108.9793	-108.9793	-83.1892	0.7633	70.3169	0.6458	1.3e-04	0.5235
6447	-108.9543	-108.9543	-82.2204	0.7546	71.4306	0.6561	1.3e-04	0.5246
6448	-108.9707	-108.9707	-82.6299	0.7583	70.9806	0.6519	1.3e-04	0.5242
6449	-108.9711	-108.9711	-82.3033	0.7553	71.3598	0.6554	1.3e-04	0.5264
6450	-108.9701	-108.9701	-82.1784	0.7541	71.5012	0.6567	1.3e-04	0.5265
6451	-108.9571	-108.9571	-82.2576	0.7550	71.3901	0.6558	1.3e-04	0.5265
6452	-108.9696	-108.9696	-82.0944	0.7534	71.5900	0.6576	1.3e-04	0.5262
6453	-108.9547	-108.9547	-81.7693	0.7505	71.9361	0.6608	1.3e-04	0.5251
6454	-108.9543	-108.9543	-82.4460	0.7567	71.1548	0.6536	1.3e-04	0.5255
6455	-108.9826	-108.9826	-81.3866	0.7468	72.4163	0.6651	1.3e-04	0.5255
6456	-108.9751	-108.9751	-81.3784	0.7468	72.4076	0.6651	1.3e-04	0.5246
6457	-108.9534	-108.9534	-82.3119	0.7555	71.2898	0.6548	1.3e-04	0.5272
6458	-108.9560	-108.9560	-82.0854	0.7534	71.5979	0.6576	1.3e-04	0.5256
6459	-108.9666	-108.9666	-82.0460	0.7529	71.6480	0.6581	1.3e-04	0.5249
6460	-108.9586	-108.9586	-82.3999	0.7562	71.2167	0.6542	1.3e-04	0.5259
6461	-108.9526	-108.9526	-81.9621	0.7523	71.7213	0.6588	1.3e-04	0.5250
6462	-108.9582	-108.9582	-81.8732	0.7514	71.8282	0.6598	1.3e-04	0.5247
6463	-108.9699	-108.9699	-82.6670	0.7586	70.9253	0.6514	1.3e-04	0.5263
6464	-108.9592	-108.9592	-82.0076	0.7526	71.6775	0.6584	1.3e-04	0.5245
6465	-108.9536	-108.9536	-80.9914	0.7434	72.8216	0.6688	1.3e-04	0.5240
6466	-108.9639	-108.9639	-82.0813	0.7533	71.6018	0.6577	1.3e-04	0.5268
6467	-108.9685	-108.9685	-81.4361	0.7473	72.3282	0.6644	1.3e-04	0.5251
6468	-108.9709	-108.9709	-82.1902	0.7542	71.4843	0.6565	1.3e-04	0.5245
6469	-108.9670	-108.9670	-81.9243	0.7518	71.7886	0.6594	1.3e-04	0.5253
6470	-108.9734	-108.9734	-80.8356	0.7418	73.0123	0.6706	1.3e-04	0.5247
6471	-108.9353	-108.9353	-81.4675	0.7479	72.2762	0.6639	1.3e-04	0.5266
6472	-108.9783	-108.9783	-80.8803	0.7422	72.9704	0.6702	1.3e-04	0.5250
6473	-108.9430	-108.9430	-81.8206	0.7510	71.8744	0.6603	1.3e-04	0.5247
6474	-108.9700	-108.9700	-81.2230	0.7454	72.5835	0.6666	1.3e-04	0.5269
6475	-108.9637	-108.9637	-80.9819	0.7432	72.8415	0.6691	1.3e-04	0.5255
6476	-108.9625	-108.9625	-82.0393	0.7529	71.6459	0.6581	1.3e-04	0.5250
6477	-108.9605	-108.9605	-81.3740	0.7468	72.3750	0.6648	1.3e-04	0.5249
6478	-108.9814	-108.9814	-81.6155	0.7489	72.1592	0.6627	1.3e-04	0.5243
6479	-108.9656	-108.9656	-81.5589	0.7485	72.1943	0.6631	1.3e-04	0.5267
6480	-108.9647	-108.9647	-81.5366	0.7483	72.2223	0.6633	1.3e-04	0.5248
6481	-108.9615	-108.9615	-81.5309	0.7483	72.2227	0.6634	1.3e-04	0.5247
6482	-108.9693	-108.9693	-82.0718	0.7532	71.6155	0.6578	1.3e-04	0.5264
6483	-108.9616	-108.9616	-81.9424	0.7520	71.7555	0.6591	1.3e-04	0.5248
6484	-108.9499	-108.9499	-82.3104	0.7555	71.3038	0.6551	1.3e-04	0.5255
6485	-108.9589	-108.9589	-81.7626	0.7504	71.9597	0.6610	1.3e-04	0.5250
6486	-108.9714	-108.9714	-81.3253	0.7463	72.4534	0.6655	1.3e-04	0.5243
6487	-108.9584	-108.9584	-81.3145	0.7463	72.4727	0.6656	1.3e-04	0.5263
6488	-108.9705	-108.9705	-81.6711	0.7495	72.0753	0.6620	1.3e-04	0.5255
6489	-108.9730	-108.9730	-82.6235	0.7582	70.9812	0.6520	1.3e-04	0.5247
6490	-108.9444	-108.9444	-82.0558	0.7532	71.6061	0.6578	1.3e-04	0.5256
6491	-108.9520	-108.9520	-82.0730	0.7533	71.5985	0.6577	1.3e-04	0.5249
6492	-108.9582	-108.9582	-82.4515	0.7567	71.1640	0.6537	1.3e-04	0.5272
6493	-108.9664	-108.9664	-81.6319	0.7491	72.1030	0.6623	1.3e-04	0.5270
6494	-108.9772	-108.9772	-81.7076	0.7498	72.0324	0.6616	1.3e-04	0.5258
6495	-108.9653	-108.9653	-81.9076	0.7517	71.8042	0.6595	1.3e-04	0.5260
6496	-108.9575	-108.9575	-81.9912	0.7525	71.6974	0.6586	1.3e-04	0.5251
6497	-108.9790	-108.9790	-82.2248	0.7545	71.4416	0.6561	1.3e-04	0.5255
6498	-108.9522	-108.9522	-82.2632	0.7550	71.3778	0.6557	1.3e-04	0.5248
6499	-108.9688	-108.9688	-81.7329	0.7501	71.9930	0.6613	1.3e-04	0.5249
6500	-108.9563	-108.9563	-81.0971	0.7443	72.6967	0.6678	1.3e-04	0.5263
6501	-108.9604	-108.9604	-81.5127	0.7481	72.1978	0.6632	1.3e-04	0.5242
6502	-108.9551	-108.9551	-82.0552	0.7531	71.6223	0.6579	1.3e-04	0.5265
6503	-108.9643	-108.9643	-82.8794	0.7606	70.6722	0.6491	1.3e-04	0.5252
6504	-108.9654	-108.9654	-81.7465	0.7502	71.9726	0.6610	1.3e-04	0.5244
6505	-108.9719	-108.9719	-82.4378	0.7565	71.1825	0.6539	1.3e-04	0.5259
6506	-108.9585	-108.9585	-83.0158	0.7619	70.5094	0.6477	1.3e-04	0.5258
6507	-108.9648	-108.9648	-82.4967	0.7571	71.1204	0.6533	1.3e-04	0.5251
6508	-108.9710	-108.9710	-82.9282	0.7610	70.6277	0.6487	1.3e-04	0.5259
6509	-108.9675	-108.9675	-81.9809	0.7523	71.7117	0.6588	1.3e-04	0.5249
6510	-108.9651	-108.9651	-81.9017	0.7516	71.8175	0.6596	1.3e-04	0.5245
6511	-108.9559	-108.9559	-82.3161	0.7555	71.3103	0.6550	1.3e-04	0.5268
6512	-108.9527	-108.9527	-83.0051	0.7618	70.5112	0.6478	1.3e-04	0.5247
6513	-108.9661	-108.9661	-82.7092	0.7590	70.8771	0.6510	1.3e-04	0.5267
6514	-108.9571	-108.9571	-82.4425	0.7567	71.1651	0.6537	1.3e-04	0.5250
6515	-108.9717	-108.9717	-82.5329	0.7574	71.0891	0.6530	1.3e-04	0.5249
6516	-108.9592	-108.9592	-82.6737	0.7588	70.9090	0.6514	1.3e-04	0.5259
6517	-108.9494	-108.9494	-82.9258	0.7611	70.6006	0.6486	1.3e-04	0.5248
6518	-108.9548	-108.9548	-82.7856	0.7598	70.7738	0.6501	1.3e-04	0.5263
6519	-108.9762	-108.9762	-83.0965	0.7625	70.4340	0.6469	1.3e-04	0.5253
6520	-108.9620	-108.9620	-83.1757	0.7633	70.3296	0.6460	1.3e-04	0.5247
6521	-108.9698	-108.9698	-82.2557	0.7548	71.4101	0.6559	1.3e-04	0.5268
6522	-108.9641	-108.9641	-82.3933	0.7562	71.2438	0.6544	1.3e-04	0.5249
6523	-108.9539	-108.9539	-83.0911	0.7626	70.4155	0.6468	1.3e-04	0.5248
6524	-108.9627	-108.9627	-82.1309	0.7538	71.5515	0.6572	1.3e-04	0.5256
6525	-108.9500	-108.9500	-82.4224	0.7565	71.1758	0.6538	1.3e-04	0.5248
6526	-108.9625	-108.9625	-82.6264	0.7583	70.9658	0.6518	1.3e-04	0.5263
6527	-108.9538	-108.9538	-82.0329	0.7529	71.6398	0.6581	1.3e-04	0.5247
6528	-108.9728	-108.9728	-81.7791	0.7505	71.9526	0.6609	1.3e-04	0.5252
6529	-108.9813	-108.9813	-82.3739	0.7559	71.2571	0.6545	1.3e-04	0.5258
6530	-108.9672	-108.9672	-82.1733	0.7541	71.4839	0.6566	1.3e-04	0.5260
6531	-108.9733	-108.9733	-82.1136	0.7535	71.5719	0.6574	1.3e-04	0.5244
6532	-108.9803	-108.9803	-82.6514	0.7584	70.9675	0.6517	1.3e-04	0.5250
6533	-108.9619	-108.9619	-82.4396	0.7566	71.1342	0.6534	1.3e-04	0.5252
6534	-108.9682	-108.9682	-82.3059	0.7553	71.3450	0.6553	1.3e-04	0.5244
6535	-108.9645	-108.9645	-82.9229	0.7610	70.6398	0.6487	1.3e-04	0.5250
6536	-108.9706	-108.9706	-82.2487	0.7548	71.4108	0.6560	1.3e-04	0.5253
6537	-108.9651	-108.9651	-81.9693	0.7523	71.7342	0.6588	1.3e-04	0.5267
6538	-108.9576	-108.9576	-81.9760	0.7524	71.7178	0.6587	1.3e-04	0.5262
6539	-108.9509	-108.9509	-82.5706	0.7579	71.0090	0.6523	1.3e-04	0.5245
6540	-108.9621	-108.9621	-82.4749	0.7569	71.1517	0.6535	1.3e-04	0.5253
6541	-108.9759	-108.9759	-82.8613	0.7604	70.7125	0.6495	1.3e-04	0.5241
6542	-108.9625	-108.9625	-82.7716	0.7596	70.7921	0.6503	1.3e-04	0.5250
6543	-108.9613	-108.9613	-82.3381	0.7557	71.3110	0.6549	1.3e-04	0.5242
6544	-108.9723	-108.9723	-82.9134	0.7609	70.6473	0.6489	1.3e-04	0.5258
6545	-108.9851	-108.9851	-82.5810	0.7577	71.0438	0.6525	1.3e-04	0.5255
6546	-108.9693	-108.9693	-83.3123	0.7645	70.1184	0.6441	1.3e-04	0.5247
6547	-108.9664	-108.9664	-82.7359	0.7593	70.8503	0.6508	1.3e-04	0.5268
6548	-108.9618	-108.9618	-82.2882	0.7552	71.3543	0.6555	1.3e-04	0.5252
6549	-108.9632	-108.9632	-82.8340	0.7602	70.7229	0.6497	1.3e-04	0.5244
6550	-108.9544	-108.9544	-82.9079	0.7609	70.5814	0.6484	1.3e-04	0.5268
6551	-108.9589	-108.9589	-82.3447	0.7557	71.2855	0.6548	1.3e-04	0.5258
6552	-108.9578	-108.9578	-82.6211	0.7583	70.9597	0.6518	1.3e-04	0.5265
6553	-108.9569	-108.9569	-82.7202	0.7592	70.8481	0.6508	1.3e-04	0.5249
6554	-108.9703	-108.9703	-82.4058	0.7562	71.2327	0.6543	1.3e-04	0.5239
6555	-108.9701	-108.9701	-82.3318	0.7555	71.3180	0.6551	1.3e-04	0.5247
6556	-108.9561	-108.9561	-81.9508	0.7521	71.7334	0.6590	1.3e-04	0.5256
6557	-108.9534	-108.9534	-81.9398	0.7521	71.7512	0.6591	1.3e-04	0.5244
6558	-108.9688	-108.9688	-82.2068	0.7544	71.4608	0.6564	1.3e-04	0.5257
6559	-108.9583	-108.9583	-81.5942	0.7489	72.1407	0.6626	1.3e-04	0.5249
6560	-108.9590	-108.9590	-82.5708	0.7578	71.0237	0.6524	1.3e-04	0.5248
6561	-108.9479	-108.9479	-82.4042	0.7564	71.2089	0.6541	1.3e-04	0.5242
6562	-108.9713	-108.9713	-81.7594	0.7503	71.9626	0.6610	1.3e-04	0.5258
6563	-108.9584	-108.9584	-82.2076	0.7545	71.4612	0.6563	1.3e-04	0.5249
6564	-108.9688	-108.9688	-82.3439	0.7557	71.3011	0.6550	1.3e-04	0.5266
6565	-108.9533	-108.9533	-82.1594	0.7541	71.5014	0.6568	1.3e-04	0.5253
6566	-108.9482	-108.9482	-82.1675	0.7542	71.4838	0.6567	1.3e-04	0.5248
6567	-108.9662	-108.9662	-82.5430	0.7575	71.0512	0.6526	1.3e-04	0.5265
6568	-108.9708	-108.9708	-81.2497	0.7456	72.5566	0.6664	1.3e-04	0.5256
6569	-108.9605	-108.9605	-81.8236	0.7509	71.8756	0.6602	1.3e-04	0.5246
6570	-108.9590	-108.9590	-81.9286	0.7519	71.7661	0.6591	1.3e-04	0.5271
6571	-108.9705	-108.9705	-81.6734	0.7495	72.0638	0.6618	1.3e-04	0.5255
6572	-108.9643	-108.9643	-82.2856	0.7552	71.3674	0.6555	1.3e-04	0.5253
6573	-108.9659	-108.9659	-82.3652	0.7559	71.2814	0.6547	1.3e-04	0.5243
6574	-108.9636	-108.9636	-82.8808	0.7606	70.6728	0.6492	1.3e-04	0.5255
6575	-108.9613	-108.9613	-82.2686	0.7550	71.3706	0.6555	1.3e-04	0.5268
6576	-108.9676	-108.9676	-82.6515	0.7585	70.9392	0.6516	1.3e-04	0.5256
6577	-108.9657	-108.9657	-82.5353	0.7574	71.0864	0.6529	1.3e-04	0.5251
6578	-108.9533	-108.9533	-82.0679	0.7532	71.5940	0.6577	1.3e-04	0.5238
6579	-108.9707	-108.9707	-82.2118	0.7544	71.4489	0.6562	1.3e-04	0.5255
6580	-108.9532	-108.9532	-82.2383	0.7548	71.4059	0.6559	1.3e-04	0.5254
6581	-108.9495	-108.9495	-82.2324	0.7548	71.4103	0.6560	1.3e-04	0.5246
6582	-108.9504	-108.9504	-82.5649	0.7578	71.0184	0.6524	1.3e-04	0.5259
6583	-108.9445	-108.9445	-82.7530	0.7596	70.8045	0.6504	1.3e-04	0.5252
6584	-108.9676	-108.9676	-83.3184	0.7646	70.1568	0.6444	1.3e-04	0.5248
6585	-108.9588	-108.9588	-82.4647	0.7568	71.1565	0.6536	1.3e-04	0.5253
6586	-108.9771	-108.9771	-82.4942	0.7570	71.1423	0.6534	1.3e-04	0.5246
6587	-108.9665	-108.9665	-82.6958	0.7589	70.8962	0.6512	1.3e-04	0.5267
6588	-108.9580	-108.9580	-82.1553	0.7540	71.5112	0.6569	1.3e-04	0.5250
6589	-108.9608	-108.9608	-82.8249	0.7601	70.7412	0.6497	1.3e-04	0.5250
6590	-108.9660	-108.9660	-82.7471	0.7594	70.8306	0.6506	1.3e-04	0.5262
6591	-108.9430	-108.9430	-82.6279	0.7585	70.9535	0.6517	1.3e-04	0.5244
6592	-108.9572	-108.9572	-83.1762	0.7634	70.3149	0.6459	1.3e-04	0.5238
6593	-108.9569	-108.9569	-82.7487	0.7595	70.8310	0.6505	1.3e-04	0.5273
6594	-108.9633	-108.9633	-82.6009	0.7581	70.9819	0.6520	1.3e-04	0.5256
6595	-108.9682	-108.9682	-82.5250	0.7573	71.0891	0.6529	1.3e-04	0.5244
6596	-108.9548	-108.9548	-82.9971	0.7618	70.5140	0.6478	1.3e-04	0.5244
6597	-108.9700	-108.9700	-83.1465	0.7630	70.3711	0.6464	1.3e-04	0.5251
6598	-108.9878	-108.9878	-82.2285	0.7545	71.4617	0.6562	1.3e-04	0.5247
6599	-108.9499	-108.9499	-82.1918	0.7544	71.4550	0.6564	1.3e-04	0.5241
6600	-108.9577	-108.9577	-82.9610	0.7614	70.5743	0.6482	1.3e-04	0.5250
6601	-108.9590	-108.9590	-82.2971	0.7553	71.3558	0.6554	1.3e-04	0.5240
6602	-108.9655	-108.9655	-81.7770	0.7505	71.9463	0.6609	1.3e-04	0.5267
6603	-108.9720	-108.9720	-81.9996	0.7525	71.7008	0.6586	1.3e-04	0.5244
6604	-108.9790	-108.9790	-82.7198	0.7590	70.8823	0.6510	1.3e-04	0.5242
6605	-108.9582	-108.9582	-82.7469	0.7594	70.8221	0.6505	1.3e-04	0.5256
6606	-108.9637	-108.9637	-82.6738	0.7587	70.9184	0.6514	1.3e-04	0.5245
6607	-108.9710	-108.9710	-82.4302	0.7564	71.2056	0.6541	1.3e-04	0.5244
6608	-108.9709	-108.9709	-82.9343	0.7611	70.6174	0.6487	1.3e-04	0.5259
6609	-108.9621	-108.9621	-81.8826	0.7515	71.8282	0.6597	1.3e-04	0.5250
6610	-108.9607	-108.9607	-82.8603	0.7605	70.6950	0.6493	1.3e-04	0.5239
6611	-108.9520	-108.9520	-82.2724	0.7551	71.3675	0.6556	1.3e-04	0.5267
6612	-108.9549	-108.9549	-83.0785	0.7625	70.4297	0.6469	1.3e-04	0.5241
6613	-108.9697	-108.9697	-82.1033	0.7535	71.5518	0.6573	1.3e-04	0.5242
6614	-108.9606	-108.9606	-82.7249	0.7592	70.8548	0.6508	1.3e-04	0.5233
6615	-108.9659	-108.9659	-82.9540	0.7613	70.5985	0.6484	1.3e-04	0.5249
6616	-108.9665	-108.9665	-82.4628	0.7568	71.1615	0.6537	1.3e-04	0.5270
6617	-108.9659	-108.9659	-82.6145	0.7582	71.0004	0.6520	1.3e-04	0.5250
6618	-108.9497	-108.9497	-82.0660	0.7532	71.5890	0.6576	1.3e-04	0.5248
6619	-108.9570	-108.9570	-82.4268	0.7565	71.1948	0.6540	1.3e-04	0.5253
6620	-108.9511	-108.9511	-82.6021	0.7582	70.9735	0.6519	1.3e-04	0.5253
6621	-108.9780	-108.9780	-81.5957	0.7487	72.1647	0.6628	1.3e-04	0.5243
6622	-108.9609	-108.9609	-82.2043	0.7544	71.4551	0.6563	1.3e-04	0.5245
6623	-108.9686	-108.9686	-82.2529	0.7548	71.4159	0.6559	1.3e-04	0.5242
6624	-108.9742	-108.9742	-82.6015	0.7580	71.0225	0.6523	1.3e-04	0.5258
6625	-108.9601	-108.9601	-82.1105	0.7536	71.5632	0.6573	1.3e-04	0.5250
6626	-108.9573	-108.9573	-82.2928	0.7553	71.3548	0.6554	1.3e-04	0.5247
6627	-108.9445	-108.9445	-83.4189	0.7657	70.0075	0.6432	1.3e-04	0.5251
6628	-108.9659	-108.9659	-82.0884	0.7533	71.6078	0.6576	1.3e-04	0.5245
6629	-108.9629	-108.9629	-81.8685	0.7513	71.8369	0.6599	1.3e-04	0.5240
6630	-108.9782	-108.9782	-81.7621	0.7503	71.9956	0.6611	1.3e-04	0.5268
6631	-108.9646	-108.9646	-82.5741	0.7578	71.0308	0.6524	1.3e-04	0.5251
6632	-108.9587	-108.9587	-82.2377	0.7548	71.4158	0.6560	1.3e-04	0.5241
6633	-108.9671	-108.9671	-81.5627	0.7485	72.1863	0.6631	1.3e-04	0.5246
6634	-108.9631	-108.9631	-81.5236	0.7482	72.2193	0.6634	1.3e-04	0.5260
6635	-108.9733	-108.9733	-82.0577	0.7530	71.6310	0.6580	1.3e-04	0.5245
6636	-108.9640	-108.9640	-82.3209	0.7555	71.3193	0.6551	1.3e-04	0.5268
6637	-108.9687	-108.9687	-82.4829	0.7569	71.1434	0.6535	1.3e-04	0.5252
6638	-108.9534	-108.9534	-82.0356	0.7529	71.6426	0.6581	1.3e-04	0.5248
6639	-108.9568	-108.9568	-81.3964	0.7471	72.3547	0.6646	1.3e-04	0.5255
6640	-108.9571	-108.9571	-81.9645	0.7523	71.7197	0.6587	1.3e-04	0.5246
6641	-108.9673	-108.9673	-81.2640	0.7458	72.5289	0.6661	1.3e-04	0.5243
6642	-108.9500	-108.9500	-82.2018	0.7545	71.4471	0.6563	1.3e-04	0.5257
6643	-108.9685	-108.9685	-82.1643	0.7540	71.5196	0.6568	1.3e-04	0.5244
6644	-108.9690	-108.9690	-81.9275	0.7518	71.7892	0.6593	1.3e-04	0.5243
6645	-108.9783	-108.9783	-81.5945	0.7487	72.1689	0.6628	1.3e-04	0.5263
6646	-108.9632	-108.9632	-82.0741	0.7532	71.6077	0.6578	1.3e-04	0.5248
6647	-108.9583	-108.9583	-82.3649	0.7559	71.2680	0.6547	1.3e-04	0.5265
6648	-108.9631	-108.9631	-82.0362	0.7529	71.6391	0.6581	1.3e-04	0.5248
6649	-108.9659	-108.9659	-81.4531	0.7475	72.3209	0.6642	1.3e-04	0.5250
6650	-108.9613	-108.9613	-81.8954	0.7516	71.8008	0.6596	1.3e-04	0.5264
6651	-108.9649	-108.9649	-82.2336	0.7547	71.4295	0.6561	1.3e-04	0.5243
6652	-108.9579	-108.9579	-82.2946	0.7553	71.3496	0.6554	1.3e-04	0.5246
6653	-108.9622	-108.9622	-82.0506	0.7530	71.5990	0.6576	1.3e-04	0.5250
6654	-108.9656	-108.9656	-81.5503	0.7484	72.2052	0.6632	1.3e-04	0.5266
6655	-108.9645	-108.9645	-82.2375	0.7547	71.4244	0.6560	1.3e-04	0.5255
6656	-108.9864	-108.9864	-81.0760	0.7439	72.7638	0.6682	1.3e-04	0.5240
6657	-108.9485	-108.9485	-81.9290	0.7520	71.7636	0.6592	1.3e-04	0.5246
6658	-108.9666	-108.9666	-81.2125	0.7453	72.5831	0.6666	1.3e-04	0.5268
6659	-108.9719	-108.9719	-81.5180	0.7481	72.2525	0.6636	1.3e-04	0.5262
6660	-108.9587	-108.9587	-81.8658	0.7513	71.8540	0.6599	1.3e-04	0.5252
6661	-108.9553	-108.9553	-81.6507	0.7494	72.0849	0.6621	1.3e-04	0.5243
6662	-108.9558	-108.9558	-82.5170	0.7573	71.0843	0.6529	1.3e-04	0.5247
6663	-108.9632	-108.9632	-81.8199	0.7509	71.8978	0.6604	1.3e-04	0.5246
6664	-108.9678	-108.9678	-81.2746	0.7459	72.5165	0.6660	1.3e-04	0.5248
6665	-108.9676	-108.9676	-81.3379	0.7464	72.4615	0.6654	1.3e-04	0.5242
6666	-108.9600	-108.9600	-81.4724	0.7477	72.2900	0.6639	1.3e-04	0.5255
6667	-108.9590	-108.9590	-82.0134	0.7527	71.6684	0.6584	1.3e-04	0.5326
6668	-108.9708	-108.9708	-81.8531	0.7511	71.8543	0.6601	1.3e-04	0.5258
6669	-108.9534	-108.9534	-82.2101	0.7545	71.4385	0.6562	1.3e-04	0.5257
6670	-108.9697	-108.9697	-81.5519	0.7484	72.2084	0.6633	1.3e-04	0.5261
6671	-108.9718	-108.9718	-81.6496	0.7493	72.0947	0.6621	1.3e-04	0.5259
6672	-108.9568	-108.9568	-82.3866	0.7561	71.2477	0.6544	1.3e-04	0.5255
6673	-108.9704	-108.9704	-81.6976	0.7497	72.0473	0.6617	1.3e-04	0.5240
6674	-108.9679	-108.9679	-81.5093	0.7480	72.2526	0.6637	1.3e-04	0.5265
6675	-108.9658	-108.9658	-82.0201	0.7527	71.6749	0.6583	1.3e-04	0.5249
6676	-108.9674	-108.9674	-81.3523	0.7466	72.4190	0.6653	1.3e-04	0.5249
6677	-108.9570	-108.9570	-81.8599	0.7513	71.8432	0.6599	1.3e-04	0.5266
6678	-108.9619	-108.9619	-80.8833	0.7423	72.9369	0.6699	1.3e-04	0.5251
6679	-108.9740	-108.9740	-81.5460	0.7483	72.2334	0.6633	1.3e-04	0.5259
6680	-108.9714	-108.9714	-81.9357	0.7519	71.7655	0.6592	1.3e-04	0.5251
6681	-108.9545	-108.9545	-81.9698	0.7523	71.7112	0.6587	1.3e-04	0.5243
6682	-108.9619	-108.9619	-81.2124	0.7453	72.5682	0.6665	1.3e-04	0.5264
6683	-108.9717	-108.9717	-81.4262	0.7472	72.3501	0.6645	1.3e-04	0.5250
6684	-108.9540	-108.9540	-81.0339	0.7437	72.7480	0.6682	1.3e-04	0.5247
6685	-108.9578	-108.9578	-81.8636	0.7513	71.8557	0.6599	1.3e-04	0.5262
6686	-108.9729	-108.9729	-81.3406	0.7464	72.4490	0.6655	1.3e-04	0.5250
6687	-108.9524	-108.9524	-82.2870	0.7553	71.3532	0.6554	1.3e-04	0.5252
6688	-108.9646	-108.9646	-81.7380	0.7501	72.0009	0.6613	1.3e-04	0.5257
6689	-108.9559	-108.9559	-82.3973	0.7562	71.2254	0.6542	1.3e-04	0.5253
6690	-108.9588	-108.9588	-81.0237	0.7436	72.7948	0.6686	1.3e-04	0.5267
6691	-108.9587	-108.9587	-82.2562	0.7549	71.3953	0.6558	1.3e-04	0.5259
6692	-108.9500	-108.9500	-82.3735	0.7561	71.2487	0.6545	1.3e-04	0.5239
6693	-108.9606	-108.9606	-80.9230	0.7427	72.9054	0.6696	1.3e-04	0.5265
6694	-108.9675	-108.9675	-81.8725	0.7513	71.8485	0.6599	1.3e-04	0.5246
6695	-108.9685	-108.9685	-82.1929	0.7543	71.4749	0.6565	1.3e-04	0.5253
6696	-108.9737	-108.9737	-81.5338	0.7482	72.2207	0.6633	1.3e-04	0.5249
6697	-108.9641	-108.9641	-82.2189	0.7546	71.4533	0.6562	1.3e-04	0.5255
6698	-108.9563	-108.9563	-80.9533	0.7430	72.8617	0.6693	1.3e-04	0.5244
6699	-108.9666	-108.9666	-81.2496	0.7456	72.5112	0.6661	1.3e-04	0.5251
6700	-108.9582	-108.9582	-81.6542	0.7494	72.0696	0.6620	1.3e-04	0.5263
6701	-108.9700	-108.9700	-81.5237	0.7481	72.2451	0.6635	1.3e-04	0.5246
6702	-108.9772	-108.9772	-80.9126	0.7425	72.9324	0.6698	1.3e-04	0.5248
6703	-108.9859	-108.9859	-80.4040	0.7377	73.5030	0.6751	1.3e-04	0.5245
6704	-108.9639	-108.9639	-81.9256	0.7519	71.7811	0.6593	1.3e-04	0.5241
6705	-108.9617	-108.9617	-81.8470	0.7512	71.8635	0.6600	1.3e-04	0.5243
6706	-108.9770	-108.9770	-81.6592	0.7493	72.0911	0.6621	1.3e-04	0.5257
6707	-108.9522	-108.9522	-81.7497	0.7503	71.9548	0.6609	1.3e-04	0.5264
6708	-108.9561	-108.9561	-81.1802	0.7451	72.6054	0.6669	1.3e-04	0.5252
6709	-108.9661	-108.9661	-81.6595	0.7494	72.0810	0.6620	1.3e-04	0.5242
6710	-108.9650	-108.9650	-82.2402	0.7547	71.4248	0.6560	1.3e-04	0.5270
6711	-108.9704	-108.9704	-81.0535	0.7438	72.7687	0.6684	1.3e-04	0.5252
6712	-108.9491	-108.9491	-82.0707	0.7533	71.5939	0.6576	1.3e-04	0.5256
6713	-108.9516	-108.9516	-82.0341	0.7529	71.6515	0.6581	1.3e-04	0.5250
6714	-108.9691	-108.9691	-81.6306	0.7491	72.1183	0.6624	1.3e-04	0.5254
6715	-108.9652	-108.9652	-81.7333	0.7501	72.0042	0.6613	1.3e-04	0.5245
6716	-108.9666	-108.9666	-80.7290	0.7409	73.1245	0.6717	1.3e-04	0.5255
6717	-108.9703	-108.9703	-81.6261	0.7491	72.1147	0.6624	1.3e-04	0.5248
6718	-108.9654	-108.9654	-81.0437	0.7438	72.7637	0.6684	1.3e-04	0.5247
6719	-108.9684	-108.9684	-81.5102	0.7480	72.2566	0.6637	1.3e-04	0.5246
6720	-108.9593	-108.9593	-82.0123	0.7527	71.6698	0.6583	1.3e-04	0.5243
6721	-108.9689	-108.9689	-80.8077	0.7416	73.0329	0.6708	1.3e-04	0.5251
6722	-108.9788	-108.9788	-80.8920	0.7423	72.9632	0.6701	1.3e-04	0.5244
6723	-108.9632	-108.9632	-81.3457	0.7465	72.3889	0.6649	1.3e-04	0.5241
6724	-108.9761	-108.9761	-81.3103	0.7461	72.4859	0.6658	1.3e-04	0.5265
6725	-108.9548	-108.9548	-80.6485	0.7402	73.1948	0.6724	1.3e-04	0.5248
6726	-108.9722	-108.9722	-80.6075	0.7397	73.2604	0.6729	1.3e-04	0.5245
6727	-108.9598	-108.9598	-81.1807	0.7451	72.6246	0.6670	1.3e-04	0.5265
6728	-108.9581	-108.9581	-82.3340	0.7556	71.2854	0.6548	1.3e-04	0.5238
6729	-108.9684	-108.9684	-81.8918	0.7515	71.8327	0.6597	1.3e-04	0.5239
6730	-108.9729	-108.9729	-81.4787	0.7477	72.2972	0.6640	1.3e-04	0.5264
6731	-108.9807	-108.9807	-81.7842	0.7504	71.9560	0.6609	1.3e-04	0.5247
6732	-108.9528	-108.9528	-81.4939	0.7480	72.2453	0.6637	1.3e-04	0.5250
6733	-108.9607	-108.9607	-81.3634	0.7467	72.4105	0.6651	1.3e-04	0.5264
6734	-108.9723	-108.9723	-80.4871	0.7386	73.3903	0.6740	1.3e-04	0.5245
6735	-108.9838	-108.9838	-81.6825	0.7495	72.0425	0.6617	1.3e-04	0.5241
6736	-108.9678	-108.9678	-81.1953	0.7451	72.5787	0.6666	1.3e-04	0.5260
6737	-108.9711	-108.9711	-80.7931	0.7414	73.0631	0.6710	1.3e-04	0.5248
6738	-108.9397	-108.9397	-81.7916	0.7508	71.8803	0.6603	1.3e-04	0.5244
6739	-108.9707	-108.9707	-80.9043	0.7424	72.9168	0.6698	1.3e-04	0.5266
6740	-108.9630	-108.9630	-81.2321	0.7455	72.5293	0.6662	1.3e-04	0.5257
6741	-108.9557	-108.9557	-81.5322	0.7483	72.1979	0.6633	1.3e-04	0.5243
6742	-108.9611	-108.9611	-81.2621	0.7458	72.5210	0.6662	1.3e-04	0.5252
6743	-108.9713	-108.9713	-81.1937	0.7451	72.6168	0.6670	1.3e-04	0.5253
6744	-108.9709	-108.9709	-80.9818	0.7432	72.8421	0.6691	1.3e-04	0.5250
6745	-108.9746	-108.9746	-81.1197	0.7444	72.6843	0.6677	1.3e-04	0.5249
6746	-108.9565	-108.9565	-80.5412	0.7392	73.3149	0.6735	1.3e-04	0.5245
6747	-108.9704	-108.9704	-81.1534	0.7447	72.6656	0.6674	1.3e-04	0.5240
6748	-108.9655	-108.9655	-80.6111	0.7398	73.2520	0.6728	1.3e-04	0.5270
6749	-108.9789	-108.9789	-80.3419	0.7372	73.5605	0.6755	1.3e-04	0.5254
6750	-108.9606	-108.9606	-79.9336	0.7336	73.9709	0.6795	1.3e-04	0.5247
6751	-108.9815	-108.9815	-79.7331	0.7316	74.2343	0.6817	1.3e-04	0.5242
6752	-108.9741	-108.9741	-80.6729	0.7403	73.2002	0.6723	1.3e-04	0.5263
6753	-108.9665	-108.9665	-80.4630	0.7384	73.4055	0.6743	1.3e-04	0.5245
6754	-108.9459	-108.9459	-81.3967	0.7471	72.3552	0.6646	1.3e-04	0.5249
6755	-108.9590	-108.9590	-80.5411	0.7392	73.3192	0.6735	1.3e-04	0.5267
6756	-108.9605	-108.9605	-80.4159	0.7380	73.4278	0.6745	1.3e-04	0.5248
6757	-108.9670	-108.9670	-81.1380	0.7446	72.6526	0.6674	1.3e-04	0.5252
6758	-108.9664	-108.9664	-80.7049	0.7406	73.1516	0.6718	1.3e-04	0.5258
6759	-108.9669	-108.9669	-80.7744	0.7413	73.0779	0.6712	1.3e-04	0.5248
6760	-108.9782	-108.9782	-79.8197	0.7324	74.1250	0.6808	1.3e-04	0.5266
6761	-108.9507	-108.9507	-80.7937	0.7416	73.0392	0.6709	1.3e-04	0.5249
6762	-108.9720	-108.9720	-79.9514	0.7337	73.9824	0.6795	1.3e-04	0.5248
6763	-108.9643	-108.9643	-79.9681	0.7339	73.9532	0.6793	1.3e-04	0.5267
6764	-108.9721	-108.9721	-80.7043	0.7406	73.1588	0.6719	1.3e-04	0.5247
6765	-108.9532	-108.9532	-80.5287	0.7391	73.3184	0.6735	1.3e-04	0.5261
6766	-108.9644	-108.9644	-79.9809	0.7340	73.9040	0.6789	1.3e-04	0.5253
6767	-108.9591	-108.9591	-79.7529	0.7320	74.1819	0.6813	1.3e-04	0.5243
6768	-108.9695	-108.9695	-80.0193	0.7343	73.8905	0.6787	1.3e-04	0.5264
6769	-108.9498	-108.9498	-80.1268	0.7354	73.7364	0.6775	1.3e-04	0.5251
6770	-108.9806	-108.9806	-79.9684	0.7338	73.9724	0.6793	1.3e-04	0.5254
6771	-108.9825	-108.9825	-79.6088	0.7305	74.3632	0.6829	1.3e-04	0.5246
6772	-108.9579	-108.9579	-80.4260	0.7381	73.4255	0.6744	1.3e-04	0.5255
6773	-108.9625	-108.9625	-79.8267	0.7326	74.0979	0.6806	1.3e-04	0.5258
6774	-108.9597	-108.9597	-80.5909	0.7396	73.2594	0.6729	1.3e-04	0.5251
6775	-108.9637	-108.9637	-80.0294	0.7345	73.8515	0.6783	1.3e-04	0.5236
6776	-108.9762	-108.9762	-80.2833	0.7367	73.6066	0.6761	1.3e-04	0.5262
6777	-108.9637	-108.9637	-80.5202	0.7390	73.3529	0.6737	1.3e-04	0.5243
6778	-108.9565	-108.9565	-80.2642	0.7367	73.5990	0.6761	1.3e-04	0.5256
6779	-108.9516	-108.9516	-80.1329	0.7355	73.7542	0.6775	1.3e-04	0.5256
6780	-108.9729	-108.9729	-79.8647	0.7329	74.0706	0.6803	1.3e-04	0.5252
6781	-108.9754	-108.9754	-79.3550	0.7282	74.6169	0.6853	1.3e-04	0.5246
6782	-108.9462	-108.9462	-80.1938	0.7361	73.6877	0.6768	1.3e-04	0.5262
6783	-108.9646	-108.9646	-79.4365	0.7290	74.5125	0.6845	1.3e-04	0.5253
6784	-108.9472	-108.9472	-79.1808	0.7268	74.7690	0.6868	1.3e-04	0.5252
6785	-108.9531	-108.9531	-79.1868	0.7268	74.7739	0.6868	1.3e-04	0.5246
6786	-108.9740	-108.9740	-79.4669	0.7292	74.5051	0.6843	1.3e-04	0.5238
6787	-108.9529	-108.9529	-79.5611	0.7302	74.3738	0.6832	1.3e-04	0.5248
6788	-108.9590	-108.9590	-79.6146	0.7307	74.3208	0.6826	1.3e-04	0.5251
6789	-108.9558	-108.9558	-79.5323	0.7300	74.4041	0.6835	1.3e-04	0.5258
6790	-108.9572	-108.9572	-79.6786	0.7313	74.2576	0.6820	1.3e-04	0.5255
6791	-108.9662	-108.9662	-79.3535	0.7282	74.6122	0.6853	1.3e-04	0.5265
6792	-108.9561	-108.9561	-78.2592	0.7183	75.7194	0.6956	1.3e-04	0.5245
6793	-108.9730	-108.9730	-79.4075	0.7287	74.5570	0.6848	1.3e-04	0.5251
6794	-108.9675	-108.9675	-79.2433	0.7272	74.7397	0.6864	1.3e-04	0.5258
6795	-108.9700	-108.9700	-80.2064	0.7360	73.7025	0.6769	1.3e-04	0.5244
6796	-108.9547	-108.9547	-79.3369	0.7282	74.6085	0.6853	1.3e-04	0.5245
6797	-108.9725	-108.9725	-78.5657	0.7210	75.4403	0.6929	1.3e-04	0.5250
6798	-108.9693	-108.9693	-78.8151	0.7233	75.1758	0.6905	1.3e-04	0.5241
6799	-108.9778	-108.9778	-78.4787	0.7201	75.5423	0.6938	1.3e-04	0.5276
6800	-108.9606	-108.9606	-78.6881	0.7222	75.3033	0.6917	1.3e-04	0.5244
6801	-108.9609	-108.9609	-79.1094	0.7260	74.8653	0.6876	1.3e-04	0.5242
6802	-108.9477	-108.9477	-79.1784	0.7268	74.7806	0.6869	1.3e-04	0.5263
6803	-108.9595	-108.9595	-79.5620	0.7302	74.3872	0.6832	1.3e-04	0.5251
6804	-108.9608	-108.9608	-78.6929	0.7222	75.3006	0.6916	1.3e-04	0.5247
6805	-108.9647	-108.9647	-78.6148	0.7215	75.3772	0.6923	1.3e-04	0.5266
6806	-108.9597	-108.9597	-79.4687	0.7293	74.4668	0.6840	1.3e-04	0.5250
6807	-108.9737	-108.9737	-79.0479	0.7254	74.9487	0.6883	1.3e-04	0.5252
6808	-108.9572	-108.9572	-79.2870	0.7277	74.6459	0.6856	1.3e-04	0.5247
6809	-108.9517	-108.9517	-79.4794	0.7295	74.4593	0.6839	1.3e-04	0.5255
6810	-108.9533	-108.9533	-79.2310	0.7272	74.7270	0.6864	1.3e-04	0.5257
6811	-108.9500	-108.9500	-78.9649	0.7248	74.9870	0.6887	1.3e-04	0.5261
6812	-108.9701	-108.9701	-79.0959	0.7258	74.8908	0.6878	1.3e-04	0.5245
6813	-108.9615	-108.9615	-78.6319	0.7216	75.3688	0.6922	1.3e-04	0.5247
6814	-108.9657	-108.9657	-79.1681	0.7265	74.8158	0.6871	1.3e-04	0.5248
6815	-108.9628	-108.9628	-79.2685	0.7275	74.6880	0.6859	1.3e-04	0.5255
6816	-108.9572	-108.9572	-79.4599	0.7293	74.4999	0.6842	1.3e-04	0.5266
6817	-108.9738	-108.9738	-78.2051	0.7177	75.8111	0.6964	1.3e-04	0.5253
6818	-108.9651	-108.9651	-78.9781	0.7248	74.9961	0.6888	1.3e-04	0.5244
6819	-108.9718	-108.9718	-78.9658	0.7246	75.0426	0.6891	1.3e-04	0.5262
6820	-108.9686	-108.9686	-79.7894	0.7322	74.1469	0.6810	1.3e-04	0.5246
6821	-108.9752	-108.9752	-79.8818	0.7330	74.0598	0.6801	1.3e-04	0.5248
6822	-108.9612	-108.9612	-79.3088	0.7279	74.6070	0.6852	1.3e-04	0.5276
6823	-108.9673	-108.9673	-78.8760	0.7238	75.1079	0.6899	1.3e-04	0.5243
6824	-108.9603	-108.9603	-78.9071	0.7242	75.0831	0.6896	1.3e-04	0.5260
6825	-108.9694	-108.9694	-78.6301	0.7216	75.3885	0.6923	1.3e-04	0.5253
6826	-108.9666	-108.9666	-79.1155	0.7261	74.8628	0.6876	1.3e-04	0.5270
6827	-108.9460	-108.9460	-79.6551	0.7311	74.2711	0.6822	1.3e-04	0.5256
6828	-108.9684	-108.9684	-78.8633	0.7237	75.1193	0.6900	1.3e-04	0.5253
6829	-108.9851	-108.9851	-79.7154	0.7314	74.1954	0.6815	1.3e-04	0.5257
6830	-108.9478	-108.9478	-79.8378	0.7328	74.0834	0.6804	1.3e-04	0.5263
6831	-108.9732	-108.9732	-79.8506	0.7328	74.0909	0.6804	1.3e-04	0.5246
6832	-108.9774	-108.9774	-79.6375	0.7308	74.3184	0.6826	1.3e-04	0.5253
6833	-108.9554	-108.9554	-79.1238	0.7262	74.8478	0.6875	1.3e-04	0.5247
6834	-108.9672	-108.9672	-79.6586	0.7310	74.2819	0.6823	1.3e-04	0.5247
6835	-108.9648	-108.9648	-79.8327	0.7326	74.0921	0.6805	1.3e-04	0.5270
6836	-108.9687	-108.9687	-79.5113	0.7297	74.4528	0.6838	1.3e-04	0.5251
6837	-108.9532	-108.9532	-78.9944	0.7250	74.9734	0.6887	1.3e-04	0.5241
6838	-108.9608	-108.9608	-79.4820	0.7295	74.4661	0.6840	1.3e-04	0.5268
6839	-108.9630	-108.9630	-79.9654	0.7339	73.9603	0.6793	1.3e-04	0.5250
6840	-108.9713	-108.9713	-79.4729	0.7293	74.4970	0.6842	1.3e-04	0.5273
6841	-108.9726	-108.9726	-79.5195	0.7297	74.4308	0.6836	1.3e-04	0.5254
6842	-108.9564	-108.9564	-79.3662	0.7284	74.5866	0.6851	1.3e-04	0.5250
6843	-108.9644	-108.9644	-79.1847	0.7267	74.7921	0.6870	1.3e-04	0.5266
6844	-108.9815	-108.9815	-79.5862	0.7303	74.3849	0.6830	1.3e-04	0.5250
6845	-108.9550	-108.9550	-79.1635	0.7266	74.7805	0.6869	1.3e-04	0.5249
6846	-108.9659	-108.9659	-79.0895	0.7258	74.8820	0.6878	1.3e-04	0.5270
6847	-108.9571	-108.9571	-80.1715	0.7358	73.7256	0.6772	1.3e-04	0.5246
6848	-108.9377	-108.9377	-79.9802	0.7342	73.9066	0.6789	1.3e-04	0.5266
6849	-108.9701	-108.9701	-79.8173	0.7325	74.1270	0.6808	1.3e-04	0.5255
6850	-108.9873	-108.9873	-79.1589	0.7263	74.8544	0.6873	1.3e-04	0.5244
6851	-108.9625	-108.9625	-79.1202	0.7261	74.8453	0.6875	1.3e-04	0.5263
6852	-108.9557	-108.9557	-79.0159	0.7252	74.9635	0.6885	1.3e-04	0.5336
6853	-108.9729	-108.9729	-79.1294	0.7261	74.8653	0.6875	1.3e-04	0.5271
6854	-108.9550	-108.9550	-80.0653	0.7348	73.8105	0.6780	1.3e-04	0.5254
6855	-108.9759	-108.9759	-79.9096	0.7333	74.0267	0.6799	1.3e-04	0.5270
6856	-108.9591	-108.9591	-79.6197	0.7307	74.3182	0.6826	1.3e-04	0.5251
6857	-108.9707	-108.9707	-79.9229	0.7334	74.0133	0.6797	1.3e-04	0.5251
6858	-108.9441	-108.9441	-79.1839	0.7268	74.7673	0.6867	1.3e-04	0.5269
6859	-108.9638	-108.9638	-79.1245	0.7262	74.8384	0.6874	1.3e-04	0.5251
6860	-108.9701	-108.9701	-79.0636	0.7256	74.9165	0.6881	1.3e-04	0.5243
6861	-108.9764	-108.9764	-79.8462	0.7327	74.0975	0.6806	1.3e-04	0.5266
6862	-108.9696	-108.9696	-80.1421	0.7355	73.7682	0.6775	1.3e-04	0.5252
6863	-108.9499	-108.9499	-79.0053	0.7252	74.9643	0.6886	1.3e-04	0.5247
6864	-108.9619	-108.9619	-79.8666	0.7330	74.0460	0.6802	1.3e-04	0.5254
6865	-108.9520	-108.9520	-79.6011	0.7306	74.3419	0.6828	1.3e-04	0.5269
6866	-108.9566	-108.9566	-79.5844	0.7304	74.3613	0.6830	1.3e-04	0.5250
6867	-108.9613	-108.9613	-79.4367	0.7290	74.5111	0.6844	1.3e-04	0.5250
6868	-108.9678	-108.9678	-79.2432	0.7272	74.7375	0.6864	1.3e-04	0.5251
6869	-108.9559	-108.9559	-79.8227	0.7326	74.0810	0.6805	1.3e-04	0.5249
6870	-108.9553	-108.9553	-78.9338	0.7245	75.0485	0.6893	1.3e-04	0.5252
6871	-108.9711	-108.9711	-80.1738	0.7357	73.7416	0.6773	1.3e-04	0.5271
6872	-108.9620	-108.9620	-79.4573	0.7292	74.4933	0.6843	1.3e-04	0.5269
6873	-108.9656	-108.9656	-79.5036	0.7296	74.4558	0.6838	1.3e-04	0.5263
6874	-108.9612	-108.9612	-79.0996	0.7259	74.8879	0.6878	1.3e-04	0.5261
6875	-108.9687	-108.9687	-79.4256	0.7289	74.5329	0.6845	1.3e-04	0.5243
6876	-108.9462	-108.9462	-80.1644	0.7358	73.7189	0.6771	1.3e-04	0.5249
6877	-108.9634	-108.9634	-78.8675	0.7238	75.1224	0.6900	1.3e-04	0.5234
6878	-108.9692	-108.9692	-78.3697	0.7192	75.6500	0.6948	1.3e-04	0.5265
6879	-108.9653	-108.9653	-79.0133	0.7251	74.9699	0.6886	1.3e-04	0.5243
6880	-108.9484	-108.9484	-79.8945	0.7333	74.0137	0.6799	1.3e-04	0.5245
6881	-108.9636	-108.9636	-78.8299	0.7235	75.1687	0.6904	1.3e-04	0.5270
6882	-108.9629	-108.9629	-79.2731	0.7275	74.6934	0.6861	1.3e-04	0.5248
6883	-108.9597	-108.9597	-79.4627	0.7293	74.4916	0.6842	1.3e-04	0.5250
6884	-108.9584	-108.9584	-79.0634	0.7256	74.9137	0.6880	1.3e-04	0.5258
6885	-108.9648	-108.9648	-78.8295	0.7234	75.1511	0.6902	1.3e-04	0.5247
6886	-108.9715	-108.9715	-80.1827	0.7358	73.7093	0.6771	1.3e-04	0.5247
6887	-108.9692	-108.9692	-79.2344	0.7271	74.7344	0.6865	1.3e-04	0.5262
6888	-108.9598	-108.9598	-78.8841	0.7240	75.0979	0.6897	1.3e-04	0.5252
6889	-108.9577	-108.9577	-78.7368	0.7226	75.2425	0.6912	1.3e-04	0.5244
6890	-108.9671	-108.9671	-79.2828	0.7276	74.6844	0.6860	1.3e-04	0.5254
6891	-108.9619	-108.9619	-79.1860	0.7267	74.7880	0.6869	1.3e-04	0.5247
6892	-108.9803	-108.9803	-78.4104	0.7195	75.6283	0.6945	1.3e-04	0.5249
6893	-108.9621	-108.9621	-78.5245	0.7207	75.4820	0.6933	1.3e-04	0.5269
6894	-108.9658	-108.9658	-78.2492	0.7181	75.7692	0.6959	1.3e-04	0.5248
6895	-108.9608	-108.9608	-79.1616	0.7265	74.8035	0.6871	1.3e-04	0.5266
6896	-108.9669	-108.9669	-78.1230	0.7169	75.9027	0.6971	1.3e-04	0.5255
6897	-108.9701	-108.9701	-78.9867	0.7248	75.0034	0.6889	1.3e-04	0.5238
6898	-108.9549	-108.9549	-79.4352	0.7291	74.4972	0.6843	1.3e-04	0.5261
6899	-108.9559	-108.9559	-78.4050	0.7196	75.5764	0.6942	1.3e-04	0.5247
6900	-108.9782	-108.9782	-78.7142	0.7223	75.2980	0.6915	1.3e-04	0.5257
6901	-108.9578	-108.9578	-79.2658	0.7275	74.7007	0.6861	1.3e-04	0.5247
6902	-108.9589	-108.9589	-79.4149	0.7289	74.5358	0.6847	1.3e-04	0.5251
6903	-108.9399	-108.9399	-79.5048	0.7298	74.4346	0.6837	1.3e-04	0.5259
6904	-108.9576	-108.9576	-79.4680	0.7293	74.4791	0.6841	1.3e-04	0.5249
6905	-108.9531	-108.9531	-78.6224	0.7216	75.3494	0.6921	1.3e-04	0.5265
6906	-108.9608	-108.9608	-78.9497	0.7246	75.0458	0.6892	1.3e-04	0.5250
6907	-108.9537	-108.9537	-78.4539	0.7201	75.5143	0.6937	1.3e-04	0.5248
6908	-108.9528	-108.9528	-80.0799	0.7350	73.8197	0.6781	1.3e-04	0.5246
6909	-108.9728	-108.9728	-78.6820	0.7220	75.3345	0.6919	1.3e-04	0.5255
6910	-108.9765	-108.9765	-78.4974	0.7203	75.5361	0.6936	1.3e-04	0.5251
6911	-108.9597	-108.9597	-78.9481	0.7246	75.0385	0.6892	1.3e-04	0.5248
6912	-108.9637	-108.9637	-79.0493	0.7255	74.9291	0.6883	1.3e-04	0.5254
6913	-108.9580	-108.9580	-78.3405	0.7190	75.6457	0.6949	1.3e-04	0.5245
6914	-108.9614	-108.9614	-78.8025	0.7232	75.1841	0.6906	1.3e-04	0.5239
6915	-108.9803	-108.9803	-78.0719	0.7164	75.9521	0.6976	1.3e-04	0.5241
6916	-108.9554	-108.9554	-78.9624	0.7247	75.0125	0.6890	1.3e-04	0.5250
6917	-108.9657	-108.9657	-79.2323	0.7271	74.7262	0.6863	1.3e-04	0.5247
6918	-108.9675	-108.9675	-79.4390	0.7290	74.5037	0.6843	1.3e-04	0.5252
6919	-108.9500	-108.9500	-78.4070	0.7197	75.5914	0.6943	1.3e-04	0.5257
6920	-108.9741	-108.9741	-79.4146	0.7287	74.5604	0.6848	1.3e-04	0.5248
6921	-108.9463	-108.9463	-79.8628	0.7330	74.0422	0.6801	1.3e-04	0.5244
6922	-108.9477	-108.9477	-79.7295	0.7318	74.1850	0.6814	1.3e-04	0.5256
6923	-108.9787	-108.9787	-79.0968	0.7258	74.8540	0.6875	1.3e-04	0.5250
6924	-108.9616	-108.9616	-78.6500	0.7218	75.3565	0.6920	1.3e-04	0.5243
6925	-108.9658	-108.9658	-77.9902	0.7157	76.0443	0.6984	1.3e-04	0.5261
6926	-108.9796	-108.9796	-78.0796	0.7165	75.9542	0.6975	1.3e-04	0.5252
6927	-108.9631	-108.9631	-78.9917	0.7249	75.0016	0.6888	1.3e-04	0.5242
6928	-108.9527	-108.9527	-79.2481	0.7274	74.7140	0.6863	1.3e-04	0.5267
6929	-108.9571	-108.9571	-79.3512	0.7283	74.6117	0.6853	1.3e-04	0.5253
6930	-108.9604	-108.9604	-79.0068	0.7251	74.9692	0.6886	1.3e-04	0.5250
6931	-108.9730	-108.9730	-78.6705	0.7219	75.3353	0.6920	1.3e-04	0.5269
6932	-108.9674	-108.9674	-77.3375	0.7097	76.6998	0.7045	1.3e-04	0.5250
6933	-108.9622	-108.9622	-79.1796	0.7267	74.7954	0.6869	1.3e-04	0.5242
6934	-108.9680	-108.9680	-78.2123	0.7178	75.8166	0.6963	1.3e-04	0.5265
6935	-108.9771	-108.9771	-79.6016	0.7304	74.3579	0.6829	1.3e-04	0.5253
6936	-108.9559	-108.9559	-79.2384	0.7273	74.7203	0.6863	1.3e-04	0.5252
6937	-108.9624	-108.9624	-78.9833	0.7249	74.9831	0.6887	1.3e-04	0.5255
6938	-108.9584	-108.9584	-79.1955	0.7268	74.7816	0.6868	1.3e-04	0.5245
6939	-108.9690	-108.9690	-79.0339	0.7253	74.9552	0.6884	1.3e-04	0.5242
6940	-108.9552	-108.9552	-78.8416	0.7236	75.1450	0.6902	1.3e-04	0.5263
6941	-108.9753	-108.9753	-79.3156	0.7278	74.6710	0.6858	1.3e-04	0.5246
6942	-108.9685	-108.9685	-78.9754	0.7248	75.0149	0.6890	1.3e-04	0.5260
6943	-108.9680	-108.9680	-78.6589	0.7219	75.3515	0.6920	1.3e-04	0.5251
6944	-108.9557	-108.9557	-79.4254	0.7290	74.5032	0.6844	1.3e-04	0.5253
6945	-108.9635	-108.9635	-79.3904	0.7286	74.5393	0.6847	1.3e-04	0.5245
6946	-108.9642	-108.9642	-79.2679	0.7275	74.7059	0.6861	1.3e-04	0.5247
6947	-108.9661	-108.9661	-78.4404	0.7199	75.5795	0.6941	1.3e-04	0.5249
6948	-108.9632	-108.9632	-78.0647	0.7164	75.9497	0.6976	1.3e-04	0.5247
6949	-108.9670	-108.9670	-78.9617	0.7246	75.0241	0.6891	1.3e-04	0.5267
6950	-108.9551	-108.9551	-78.7333	0.7226	75.2414	0.6912	1.3e-04	0.5254
6951	-108.9437	-108.9437	-79.2749	0.7277	74.6751	0.6859	1.3e-04	0.5255
6952	-108.9599	-108.9599	-79.3525	0.7283	74.6078	0.6853	1.3e-04	0.5250
6953	-108.9738	-108.9738	-79.1423	0.7263	74.8523	0.6874	1.3e-04	0.5264
6954	-108.9662	-108.9662	-78.0396	0.7162	75.9902	0.6979	1.3e-04	0.5262
6955	-108.9693	-108.9693	-79.0481	0.7254	74.9149	0.6881	1.3e-04	0.5256
6956	-108.9473	-108.9473	-79.0943	0.7260	74.8557	0.6877	1.3e-04	0.5256
6957	-108.9567	-108.9567	-79.1482	0.7264	74.8197	0.6872	1.3e-04	0.5252
6958	-108.9530	-108.9530	-78.6013	0.7214	75.3865	0.6925	1.3e-04	0.5251
6959	-108.9569	-108.9569	-78.9013	0.7242	75.0638	0.6895	1.3e-04	0.5244
6960	-108.9544	-108.9544	-79.3829	0.7286	74.5713	0.6849	1.3e-04	0.5259
6961	-108.9519	-108.9519	-78.9062	0.7242	75.0601	0.6895	1.3e-04	0.5250
6962	-108.9639	-108.9639	-79.2527	0.7273	74.7011	0.6861	1.3e-04	0.5244
6963	-108.9511	-108.9511	-78.7663	0.7230	75.2134	0.6908	1.3e-04	0.5263
6964	-108.9381	-108.9381	-77.4880	0.7113	76.5167	0.7029	1.3e-04	0.5251
6965	-108.9543	-108.9543	-78.0410	0.7163	75.9792	0.6978	1.3e-04	0.5250
6966	-108.9599	-108.9599	-79.3610	0.7284	74.5965	0.6852	1.3e-04	0.5249
6967	-108.9552	-108.9552	-79.4865	0.7295	74.4660	0.6839	1.3e-04	0.5244
6968	-108.9635	-108.9635	-78.1403	0.7171	75.8752	0.6969	1.3e-04	0.5263
6969	-108.9502	-108.9502	-79.2170	0.7271	74.7242	0.6865	1.3e-04	0.5250
6970	-108.9632	-108.9632	-78.2012	0.7177	75.8103	0.6964	1.3e-04	0.5242
6971	-108.9621	-108.9621	-78.9600	0.7247	75.0067	0.6890	1.3e-04	0.5266
6972	-108.9543	-108.9543	-78.5631	0.7211	75.4244	0.6928	1.3e-04	0.5236
6973	-108.9686	-108.9686	-78.0291	0.7161	75.9968	0.6980	1.3e-04	0.5243
6974	-108.9593	-108.9593	-77.8220	0.7142	76.1950	0.6999	1.3e-04	0.5259
6975	-108.9656	-108.9656	-79.1152	0.7261	74.8677	0.6876	1.3e-04	0.5249
6976	-108.9591	-108.9591	-76.9401	0.7061	77.0861	0.7081	1.3e-04	0.5250
6977	-108.9623	-108.9623	-77.9131	0.7150	76.1106	0.6991	1.3e-04	0.5270
6978	-108.9470	-108.9470	-78.3273	0.7189	75.6342	0.6948	1.3e-04	0.5253
6979	-108.9782	-108.9782	-77.4022	0.7103	76.6513	0.7039	1.3e-04	0.5247
6980	-108.9498	-108.9498	-77.9923	0.7159	76.0131	0.6982	1.3e-04	0.5261
6981	-108.9676	-108.9676	-77.7233	0.7133	76.3161	0.7009	1.3e-04	0.5251
6982	-108.9628	-108.9628	-78.3662	0.7192	75.6466	0.6948	1.3e-04	0.5252
6983	-108.9636	-108.9636	-77.6638	0.7128	76.3664	0.7014	1.3e-04	0.5244
6984	-108.9631	-108.9631	-76.2277	0.6996	77.8006	0.7146	1.3e-04	0.5248
6985	-108.9666	-108.9666	-78.3228	0.7188	75.6996	0.6952	1.3e-04	0.5263
6986	-108.9561	-108.9561	-78.1697	0.7174	75.8312	0.6965	1.3e-04	0.5254
6987	-108.9606	-108.9606	-78.1651	0.7174	75.8582	0.6967	1.3e-04	0.5242
6988	-108.9855	-108.9855	-77.7562	0.7135	76.2824	0.7005	1.3e-04	0.5264
6989	-108.9540	-108.9540	-78.3890	0.7195	75.6119	0.6945	1.3e-04	0.5256
6990	-108.9528	-108.9528	-77.4490	0.7108	76.5779	0.7033	1.3e-04	0.5239
6991	-108.9705	-108.9705	-77.5656	0.7118	76.4814	0.7023	1.3e-04	0.5265
6992	-108.9470	-108.9470	-77.6762	0.7130	76.3391	0.7012	1.3e-04	0.5249
6993	-108.9711	-108.9711	-77.5902	0.7120	76.4324	0.7021	1.3e-04	0.5250
6994	-108.9388	-108.9388	-77.4508	0.7110	76.5411	0.7031	1.3e-04	0.5243
6995	-108.9598	-108.9598	-77.5218	0.7115	76.4754	0.7024	1.3e-04	0.5249
6996	-108.9564	-108.9564	-78.0202	0.7161	75.9905	0.6979	1.3e-04	0.5248
6997	-108.9687	-108.9687	-77.0407	0.7070	76.9930	0.7071	1.3e-04	0.5269
6998	-108.9547	-108.9547	-77.0938	0.7076	76.9303	0.7066	1.3e-04	0.5263
6999	-108.9716	-108.9716	-77.0219	0.7068	76.9838	0.7071	1.3e-04	0.5247
7000	-108.9628	-108.9628	-77.9541	0.7154	76.0693	0.6987	1.2e-04	0.5254
7001	-108.9640	-108.9640	-77.6061	0.7122	76.4330	0.7020	1.2e-04	0.5248
7002	-108.9460	-108.9460	-78.2688	0.7184	75.7206	0.6956	1.2e-04	0.5251
7003	-108.9552	-108.9552	-76.9817	0.7065	77.0414	0.7077	1.2e-04	0.5274
7004	-108.9553	-108.9553	-77.7226	0.7133	76.3004	0.7008	1.2e-04	0.5249
7005	-108.9726	-108.9726	-76.5729	0.7027	77.4632	0.7115	1.2e-04	0.5237
7006	-108.9607	-108.9607	-78.1920	0.7176	75.8277	0.6964	1.2e-04	0.5268
7007	-108.9682	-108.9682	-77.7423	0.7134	76.2783	0.7006	1.2e-04	0.5257
7008	-108.9601	-108.9601	-77.3806	0.7102	76.6468	0.7040	1.2e-04	0.5251
7009	-108.9654	-108.9654	-77.6151	0.7123	76.4266	0.7019	1.2e-04	0.5264
7010	-108.9655	-108.9655	-77.4810	0.7111	76.5578	0.7031	1.2e-04	0.5251
7011	-108.9595	-108.9595	-77.7374	0.7135	76.2784	0.7007	1.2e-04	0.5240
7012	-108.9658	-108.9658	-77.6907	0.7130	76.3453	0.7012	1.2e-04	0.5266
7013	-108.9664	-108.9664	-76.9503	0.7062	77.0818	0.7079	1.2e-04	0.5255
7014	-108.9592	-108.9592	-78.0946	0.7167	75.9318	0.6973	1.2e-04	0.5244
7015	-108.9577	-108.9577	-77.2157	0.7087	76.8079	0.7055	1.2e-04	0.5260
7016	-108.9656	-108.9656	-76.7169	0.7040	77.3155	0.7101	1.2e-04	0.5251
7017	-108.9630	-108.9630	-77.2760	0.7092	76.7426	0.7049	1.2e-04	0.5255
7018	-108.9739	-108.9739	-77.0414	0.7070	77.0042	0.7072	1.2e-04	0.5266
7019	-108.9595	-108.9595	-77.0171	0.7068	77.0051	0.7073	1.2e-04	0.5254
7020	-108.9496	-108.9496	-77.5600	0.7119	76.4481	0.7022	1.2e-04	0.5259
7021	-108.9648	-108.9648	-76.7652	0.7045	77.2746	0.7097	1.2e-04	0.5250
7022	-108.9611	-108.9611	-76.4722	0.7018	77.5394	0.7123	1.2e-04	0.5267
7023	-108.9705	-108.9705	-76.1868	0.6992	77.8445	0.7150	1.2e-04	0.5247
7024	-108.9517	-108.9517	-77.0648	0.7073	76.9575	0.7069	1.2e-04	0.5246
7025	-108.9563	-108.9563	-76.8329	0.7052	77.1717	0.7088	1.2e-04	0.5264
7026	-108.9668	-108.9668	-76.3981	0.7011	77.6271	0.7129	1.2e-04	0.5255
7027	-108.9731	-108.9731	-76.9283	0.7059	77.1049	0.7081	1.2e-04	0.5240
7028	-108.9664	-108.9664	-76.7510	0.7044	77.2802	0.7098	1.2e-04	0.5268
7029	-108.9637	-108.9637	-77.4737	0.7110	76.5566	0.7032	1.2e-04	0.5250
7030	-108.9609	-108.9609	-76.3436	0.7007	77.6809	0.7134	1.2e-04	0.5250
7031	-108.9686	-108.9686	-77.4320	0.7106	76.6007	0.7036	1.2e-04	0.5268
7032	-108.9553	-108.9553	-76.0105	0.6976	77.9950	0.7164	1.2e-04	0.5255
7033	-108.9625	-108.9625	-76.0726	0.6982	77.9531	0.7159	1.2e-04	0.5255
7034	-108.9730	-108.9730	-76.5092	0.7021	77.5188	0.7119	1.2e-04	0.5265
7035	-108.9597	-108.9597	-77.9929	0.7158	76.0241	0.6983	1.2e-04	0.5262
7036	-108.9642	-108.9642	-76.8551	0.7053	77.1824	0.7089	1.2e-04	0.5252
7037	-108.9731	-108.9731	-77.5741	0.7119	76.4783	0.7023	1.2e-04	0.5254
7038	-108.9642	-108.9642	-76.6934	0.7038	77.3322	0.7102	1.2e-04	0.5249
7039	-108.9483	-108.9483	-76.6468	0.7035	77.3660	0.7106	1.2e-04	0.5269
7040	-108.9548	-108.9548	-77.1303	0.7079	76.9053	0.7063	1.2e-04	0.5263
7041	-108.9455	-108.9455	-77.0360	0.7071	76.9882	0.7071	1.2e-04	0.5257
7042	-108.9539	-108.9539	-75.9787	0.6973	78.0395	0.7167	1.2e-04	0.5259
7043	-108.9697	-108.9697	-77.1612	0.7081	76.8576	0.7060	1.2e-04	0.5256
7044	-108.9646	-108.9646	-77.4097	0.7104	76.6252	0.7037	1.2e-04	0.5252
7045	-108.9712	-108.9712	-78.2169	0.7178	75.8237	0.6963	1.2e-04	0.5267
7046	-108.9644	-108.9644	-76.9880	0.7065	77.0416	0.7076	1.2e-04	0.5260
7047	-108.9556	-108.9556	-76.7287	0.7042	77.3012	0.7099	1.2e-04	0.5248
7048	-108.9540	-108.9540	-76.5026	0.7022	77.5211	0.7120	1.2e-04	0.5274
7049	-108.9676	-108.9676	-76.6577	0.7035	77.3874	0.7107	1.2e-04	0.5258
7050	-108.9536	-108.9536	-77.1934	0.7085	76.8302	0.7057	1.2e-04	0.5249
7051	-108.9738	-108.9738	-77.6001	0.7121	76.4403	0.7021	1.2e-04	0.5261
7052	-108.9690	-108.9690	-76.8128	0.7049	77.2360	0.7093	1.2e-04	0.5252
7053	-108.9663	-108.9663	-77.2123	0.7086	76.8130	0.7055	1.2e-04	0.5248
7054	-108.9610	-108.9610	-76.6977	0.7039	77.3425	0.7103	1.2e-04	0.5268
7055	-108.9765	-108.9765	-76.9110	0.7058	77.1381	0.7085	1.2e-04	0.5259
7056	-108.9622	-108.9622	-76.7604	0.7045	77.2568	0.7097	1.2e-04	0.5246
7057	-108.9689	-108.9689	-76.5770	0.7027	77.4319	0.7112	1.2e-04	0.5257
7058	-108.9785	-108.9786	-75.7147	0.6948	78.3203	0.7192	1.2e-04	0.5249
7059	-108.9467	-108.9467	-76.7245	0.7042	77.2703	0.7097	1.2e-04	0.5264
7060	-108.9508	-108.9508	-77.1300	0.7079	76.8752	0.7062	1.2e-04	0.5253
7061	-108.9579	-108.9579	-75.9061	0.6967	78.1166	0.7174	1.2e-04	0.5252
7062	-108.9907	-108.9907	-76.7054	0.7038	77.3636	0.7104	1.2e-04	0.5271
7063	-108.9581	-108.9581	-75.8523	0.6962	78.1595	0.7178	1.2e-04	0.5257
7064	-108.9687	-108.9687	-77.0178	0.7068	77.0359	0.7074	1.2e-04	0.5249
7065	-108.9574	-108.9574	-77.8333	0.7143	76.1840	0.6998	1.2e-04	0.5269
7066	-108.9658	-108.9658	-77.1058	0.7076	76.9382	0.7066	1.2e-04	0.5255
7067	-108.9526	-108.9526	-76.5993	0.7031	77.4267	0.7110	1.2e-04	0.5251
7068	-108.9568	-108.9568	-76.9954	0.7067	77.0368	0.7075	1.2e-04	0.5269
7069	-108.9555	-108.9555	-76.5911	0.7030	77.4266	0.7112	1.2e-04	0.5255
7070	-108.9806	-108.9806	-76.7134	0.7039	77.3416	0.7103	1.2e-04	0.5266
7071	-108.9642	-108.9642	-76.3216	0.7004	77.7070	0.7136	1.2e-04	0.5255
7072	-108.9609	-108.9609	-76.8873	0.7056	77.1013	0.7081	1.2e-04	0.5253
7073	-108.9653	-108.9653	-77.2483	0.7089	76.7964	0.7053	1.2e-04	0.5269
7074	-108.9700	-108.9700	-77.3398	0.7097	76.7061	0.7045	1.2e-04	0.5256
7075	-108.9719	-108.9719	-76.3878	0.7010	77.6497	0.7132	1.2e-04	0.5253
7076	-108.9490	-108.9490	-77.1492	0.7081	76.8812	0.7061	1.2e-04	0.5263
7077	-108.9612	-108.9612	-76.6684	0.7036	77.3602	0.7105	1.2e-04	0.5258
7078	-108.9739	-108.9739	-77.9282	0.7151	76.1037	0.6989	1.2e-04	0.5250
7079	-108.9608	-108.9608	-76.8049	0.7049	77.2150	0.7091	1.2e-04	0.5259
7080	-108.9520	-108.9520	-76.3349	0.7006	77.6810	0.7135	1.2e-04	0.5243
7081	-108.9541	-108.9541	-75.8594	0.6963	78.1378	0.7177	1.2e-04	0.5253
7082	-108.9655	-108.9655	-76.2937	0.7002	77.7447	0.7140	1.2e-04	0.5249
7083	-108.9732	-108.9732	-76.8487	0.7052	77.1998	0.7090	1.2e-04	0.5253
7084	-108.9742	-108.9742	-76.5519	0.7025	77.4966	0.7117	1.2e-04	0.5281
7085	-108.9677	-108.9677	-76.8694	0.7054	77.1705	0.7088	1.2e-04	0.5267
7086	-108.9775	-108.9775	-76.8775	0.7054	77.1789	0.7087	1.2e-04	0.5246
7087	-108.9592	-108.9592	-76.7947	0.7048	77.2363	0.7094	1.2e-04	0.5253
7088	-108.9682	-108.9682	-77.7731	0.7137	76.2588	0.7004	1.2e-04	0.5256
7089	-108.9633	-108.9633	-76.8132	0.7049	77.2257	0.7093	1.2e-04	0.5252
7090	-108.9469	-108.9469	-76.5865	0.7030	77.4081	0.7110	1.2e-04	0.5259
7091	-108.9543	-108.9543	-77.5475	0.7117	76.4717	0.7024	1.2e-04	0.5278
7092	-108.9463	-108.9463	-78.2692	0.7184	75.7342	0.6956	1.2e-04	0.5253
7093	-108.9736	-108.9736	-76.1359	0.6987	77.9079	0.7154	1.2e-04	0.5249
7094	-108.9582	-108.9582	-77.0771	0.7074	76.9620	0.7068	1.2e-04	0.5266
7095	-108.9621	-108.9621	-78.1584	0.7173	75.8588	0.6968	1.2e-04	0.5248
7096	-108.9755	-108.9755	-77.5970	0.7121	76.4523	0.7021	1.2e-04	0.5248
7097	-108.9751	-108.9751	-77.0948	0.7075	76.9481	0.7067	1.2e-04	0.5268
7098	-108.9694	-108.9694	-76.5853	0.7028	77.4544	0.7114	1.2e-04	0.5249
7099	-108.9572	-108.9572	-77.5135	0.7114	76.5161	0.7027	1.2e-04	0.5237
7100	-108.9609	-108.9609	-77.8537	0.7145	76.1601	0.6995	1.2e-04	0.5271
7101	-108.9567	-108.9567	-77.9805	0.7157	76.0228	0.6983	1.2e-04	0.5239
7102	-108.9693	-108.9693	-77.8336	0.7143	76.1767	0.6997	1.2e-04	0.5245
7103	-108.9589	-108.9589	-76.9774	0.7065	77.0567	0.7077	1.2e-04	0.5268
7104	-108.9604	-108.9604	-77.7656	0.7137	76.2644	0.7004	1.2e-04	0.5245
7105	-108.9700	-108.9700	-77.1851	0.7083	76.8573	0.7059	1.2e-04	0.5253
7106	-108.9695	-108.9695	-76.9663	0.7063	77.0887	0.7079	1.2e-04	0.5245
7107	-108.9751	-108.9751	-77.1239	0.7077	76.9101	0.7063	1.2e-04	0.5243
7108	-108.9638	-108.9638	-77.2354	0.7088	76.7996	0.7054	1.2e-04	0.5265
7109	-108.9721	-108.9721	-78.4080	0.7195	75.6140	0.6945	1.2e-04	0.5259
7110	-108.9580	-108.9580	-77.3920	0.7103	76.6379	0.7039	1.2e-04	0.5250
7111	-108.9652	-108.9652	-77.8538	0.7145	76.1806	0.6997	1.2e-04	0.5257
7112	-108.9703	-108.9703	-77.8729	0.7146	76.1622	0.6995	1.2e-04	0.5259
7113	-108.9590	-108.9590	-78.0402	0.7162	75.9857	0.6978	1.2e-04	0.5276
7114	-108.9759	-108.9759	-77.4732	0.7109	76.5748	0.7033	1.2e-04	0.5260
7115	-108.9700	-108.9700	-77.3627	0.7099	76.6811	0.7042	1.2e-04	0.5253
7116	-108.9697	-108.9697	-78.0612	0.7164	75.9354	0.6974	1.2e-04	0.5273
7117	-108.9626	-108.9626	-78.0842	0.7166	75.9431	0.6975	1.2e-04	0.5283
7118	-108.9764	-108.9764	-78.7502	0.7226	75.2625	0.6912	1.2e-04	0.5256
7119	-108.9673	-108.9673	-77.0545	0.7071	76.9965	0.7071	1.2e-04	0.5272
7120	-108.9560	-108.9560	-77.4297	0.7107	76.6020	0.7035	1.2e-04	0.5267
7121	-108.9639	-108.9639	-78.0731	0.7165	75.9479	0.6975	1.2e-04	0.5249
7122	-108.9745	-108.9745	-77.7456	0.7134	76.2901	0.7007	1.2e-04	0.5251
7123	-108.9424	-108.9424	-77.6126	0.7124	76.3865	0.7017	1.2e-04	0.5262
7124	-108.9660	-108.9660	-79.2800	0.7276	74.6895	0.6860	1.2e-04	0.5272
7125	-108.9596	-108.9596	-77.8797	0.7148	76.1214	0.6992	1.2e-04	0.5266
7126	-108.9737	-108.9737	-78.2718	0.7183	75.7475	0.6957	1.2e-04	0.5251
7127	-108.9589	-108.9589	-77.8138	0.7142	76.2123	0.7000	1.2e-04	0.5250
7128	-108.9648	-108.9648	-78.3718	0.7192	75.6353	0.6946	1.2e-04	0.5255
7129	-108.9465	-108.9465	-78.2297	0.7181	75.7719	0.6960	1.2e-04	0.5273
7130	-108.9718	-108.9718	-78.0821	0.7165	75.9489	0.6975	1.2e-04	0.5251
7131	-108.9849	-108.9849	-78.2860	0.7183	75.7544	0.6957	1.2e-04	0.5241
7132	-108.9653	-108.9653	-78.4184	0.7197	75.5621	0.6940	1.2e-04	0.5267
7133	-108.9497	-108.9497	-78.6276	0.7217	75.3636	0.6922	1.2e-04	0.5252
7134	-108.9510	-108.9510	-78.2345	0.7181	75.7710	0.6960	1.2e-04	0.5273
7135	-108.9560	-108.9560	-78.6062	0.7214	75.3762	0.6923	1.2e-04	0.5254
7136	-108.9633	-108.9633	-78.6111	0.7214	75.3980	0.6925	1.2e-04	0.5248
7137	-108.9554	-108.9554	-77.8861	0.7148	76.1327	0.6993	1.2e-04	0.5263
7138	-108.9548	-108.9548	-77.8175	0.7142	76.1990	0.6999	1.2e-04	0.5255
7139	-108.9481	-108.9481	-77.4825	0.7112	76.5239	0.7029	1.2e-04	0.5272
7140	-108.9725	-108.9725	-77.5339	0.7115	76.4852	0.7025	1.2e-04	0.5256
7141	-108.9732	-108.9732	-78.2842	0.7184	75.7449	0.6956	1.2e-04	0.5258
7142	-108.9661	-108.9661	-77.8102	0.7141	76.2140	0.7000	1.2e-04	0.5253
7143	-108.9929	-108.9929	-78.5193	0.7204	75.5268	0.6935	1.2e-04	0.5258
7144	-108.9679	-108.9679	-77.1975	0.7084	76.8455	0.7057	1.2e-04	0.5245
7145	-108.9665	-108.9665	-78.4618	0.7201	75.5554	0.6939	1.2e-04	0.5272
7146	-108.9479	-108.9479	-78.0824	0.7167	75.8787	0.6970	1.2e-04	0.5260
7147	-108.9611	-108.9611	-77.7656	0.7137	76.2739	0.7004	1.2e-04	0.5253
7148	-108.9632	-108.9632	-77.8039	0.7140	76.2277	0.7001	1.2e-04	0.5264
7149	-108.9698	-108.9698	-78.2050	0.7177	75.8198	0.6963	1.2e-04	0.5259
7150	-108.9555	-108.9555	-78.7945	0.7232	75.1994	0.6907	1.2e-04	0.5270
7151	-108.9698	-108.9698	-77.6678	0.7127	76.3537	0.7013	1.2e-04	0.5256
7152	-108.9643	-108.9643	-78.1619	0.7173	75.8535	0.6967	1.2e-04	0.5249
7153	-108.9652	-108.9652	-78.8320	0.7235	75.1734	0.6904	1.2e-04	0.5266
7154	-108.9583	-108.9583	-77.7400	0.7135	76.2668	0.7004	1.2e-04	0.5255
7155	-108.9498	-108.9498	-77.5472	0.7118	76.4672	0.7023	1.2e-04	0.5243
7156	-108.9507	-108.9507	-78.3914	0.7195	75.5977	0.6944	1.2e-04	0.5254
7157	-108.9614	-108.9614	-78.0927	0.7167	75.9301	0.6974	1.2e-04	0.5255
7158	-108.9647	-108.9647	-78.0752	0.7165	75.9474	0.6975	1.2e-04	0.5260
7159	-108.9607	-108.9607	-78.5473	0.7209	75.4615	0.6930	1.2e-04	0.5260
7160	-108.9536	-108.9536	-78.2179	0.7179	75.7932	0.6961	1.2e-04	0.5258
7161	-108.9688	-108.9688	-77.4520	0.7108	76.5630	0.7033	1.2e-04	0.5244
7162	-108.9741	-108.9741	-77.1981	0.7084	76.8473	0.7057	1.2e-04	0.5253
7163	-108.9805	-108.9805	-78.1463	0.7171	75.8663	0.6968	1.2e-04	0.5280
7164	-108.9597	-108.9597	-78.7633	0.7229	75.2246	0.6910	1.2e-04	0.5252
7165	-108.9548	-108.9548	-77.2920	0.7094	76.7448	0.7048	1.2e-04	0.5253
7166	-108.9674	-108.9674	-77.0755	0.7073	76.9576	0.7068	1.2e-04	0.5254
7167	-108.9725	-108.9725	-78.2518	0.7181	75.7735	0.6959	1.2e-04	0.5254
7168	-108.9629	-108.9629	-77.2162	0.7086	76.8248	0.7056	1.2e-04	0.5246
7169	-108.9569	-108.9569	-77.8033	0.7141	76.2249	0.7001	1.2e-04	0.5253
7170	-108.9789	-108.9789	-77.7952	0.7139	76.2486	0.7002	1.2e-04	0.5249
7171	-108.9584	-108.9584	-77.3928	0.7103	76.6448	0.7039	1.2e-04	0.5270
7172	-108.9538	-108.9538	-77.0575	0.7072	76.9792	0.7070	1.2e-04	0.5252
7173	-108.9591	-108.9591	-77.3789	0.7102	76.6523	0.7040	1.2e-04	0.5242
7174	-108.9502	-108.9502	-77.4748	0.7111	76.5494	0.7031	1.2e-04	0.5266
7175	-108.9550	-108.9550	-76.0232	0.6977	77.9975	0.7163	1.2e-04	0.5255
7176	-108.9737	-108.9737	-77.2061	0.7085	76.8467	0.7057	1.2e-04	0.5252
7177	-108.9577	-108.9577	-76.7367	0.7043	77.2815	0.7098	1.2e-04	0.5268
7178	-108.9808	-108.9808	-77.9729	0.7155	76.0809	0.6986	1.2e-04	0.5249
7179	-108.9722	-108.9722	-77.4500	0.7107	76.6036	0.7035	1.2e-04	0.5253
7180	-108.9573	-108.9573	-76.6291	0.7033	77.3972	0.7108	1.2e-04	0.5256
7181	-108.9541	-108.9541	-76.7644	0.7046	77.2524	0.7096	1.2e-04	0.5250
7182	-108.9724	-108.9724	-76.9318	0.7060	77.1103	0.7082	1.2e-04	0.5265
7183	-108.9612	-108.9612	-76.7552	0.7044	77.2779	0.7098	1.2e-04	0.5249
7184	-108.9612	-108.9612	-77.6033	0.7122	76.4209	0.7019	1.2e-04	0.5251
7185	-108.9682	-108.9682	-76.1692	0.6990	77.8675	0.7151	1.2e-04	0.5249
7186	-108.9768	-108.9768	-76.9618	0.7062	77.0775	0.7079	1.2e-04	0.5246
7187	-108.9587	-108.9587	-77.0426	0.7071	76.9862	0.7070	1.2e-04	0.5270
7188	-108.9720	-108.9720	-76.3306	0.7005	77.6908	0.7134	1.2e-04	0.5250
7189	-108.9658	-108.9658	-77.4106	0.7104	76.6377	0.7038	1.2e-04	0.5259
7190	-108.9574	-108.9574	-77.1809	0.7084	76.8418	0.7058	1.2e-04	0.5245
7191	-108.9622	-108.9622	-77.9593	0.7155	76.0655	0.6986	1.2e-04	0.5251
7192	-108.9682	-108.9682	-78.1425	0.7171	75.8856	0.6969	1.2e-04	0.5261
7193	-108.9719	-108.9719	-76.6722	0.7036	77.3822	0.7106	1.2e-04	0.5261
7194	-108.9690	-108.9690	-77.7245	0.7133	76.3161	0.7008	1.2e-04	0.5252
7195	-108.9557	-108.9557	-77.0335	0.7070	76.9792	0.7070	1.2e-04	0.5272
7196	-108.9574	-108.9574	-76.7678	0.7046	77.2628	0.7096	1.2e-04	0.5258
7197	-108.9678	-108.9678	-76.4647	0.7017	77.5638	0.7124	1.2e-04	0.5254
7198	-108.9711	-108.9711	-76.4569	0.7016	77.5857	0.7125	1.2e-04	0.5269
7199	-108.9624	-108.9624	-77.4491	0.7108	76.5846	0.7034	1.2e-04	0.5260
7200	-108.9720	-108.9720	-77.5061	0.7112	76.5460	0.7029	1.2e-04	0.5248
7201	-108.9746	-108.9746	-77.6901	0.7129	76.3588	0.7012	1.2e-04	0.5242
7202	-108.9583	-108.9583	-76.9615	0.7063	77.0662	0.7078	1.2e-04	0.5247
7203	-108.9566	-108.9566	-76.6440	0.7034	77.3839	0.7107	1.2e-04	0.5257
7204	-108.9725	-108.9725	-76.8578	0.7053	77.1732	0.7086	1.2e-04	0.5255
7205	-108.9505	-108.9505	-77.7048	0.7132	76.3142	0.7009	1.2e-04	0.5247
7206	-108.9567	-108.9567	-76.5664	0.7027	77.4590	0.7114	1.2e-04	0.5253
7207	-108.9703	-108.9703	-77.2187	0.7086	76.8315	0.7056	1.2e-04	0.5257
7208	-108.9777	-108.9777	-76.8940	0.7056	77.1628	0.7086	1.2e-04	0.5239
7209	-108.9685	-108.9685	-76.7132	0.7040	77.3298	0.7101	1.2e-04	0.5244
7210	-108.9723	-108.9723	-77.4796	0.7110	76.5520	0.7030	1.2e-04	0.5249
7211	-108.9729	-108.9729	-76.7947	0.7047	77.1834	0.7088	1.2e-04	0.5267
7212	-108.9692	-108.9692	-76.8532	0.7053	77.1932	0.7089	1.2e-04	0.5262
7213	-108.9599	-108.9599	-77.1703	0.7082	76.8699	0.7060	1.2e-04	0.5252
7214	-108.9824	-108.9824	-77.2204	0.7086	76.8322	0.7056	1.2e-04	0.5249
7215	-108.9763	-108.9763	-77.0583	0.7071	76.9999	0.7071	1.2e-04	0.5245
7216	-108.9450	-108.9450	-77.0675	0.7074	76.9525	0.7068	1.2e-04	0.5252
7217	-108.9664	-108.9664	-77.6569	0.7127	76.3846	0.7015	1.2e-04	0.5276
7218	-108.9549	-108.9549	-77.6099	0.7123	76.4160	0.7018	1.2e-04	0.5246
7219	-108.9632	-108.9632	-77.1410	0.7080	76.8842	0.7061	1.2e-04	0.5252
7220	-108.9526	-108.9526	-77.2585	0.7091	76.7711	0.7051	1.2e-04	0.5265
7221	-108.9809	-108.9809	-77.0372	0.7069	77.0199	0.7073	1.2e-04	0.5248
7222	-108.9417	-108.9417	-77.6163	0.7125	76.3826	0.7017	1.2e-04	0.5251
7223	-108.9609	-108.9609	-77.6405	0.7126	76.3861	0.7016	1.2e-04	0.5246
7224	-108.9577	-108.9577	-77.1394	0.7080	76.8860	0.7061	1.2e-04	0.5248
7225	-108.9663	-108.9663	-77.0886	0.7075	76.9544	0.7067	1.2e-04	0.5268
7226	-108.9677	-108.9677	-77.4804	0.7110	76.5692	0.7032	1.2e-04	0.5251
7227	-108.9676	-108.9676	-77.1728	0.7082	76.8529	0.7060	1.2e-04	0.5257
7228	-108.9578	-108.9578	-77.2815	0.7093	76.7501	0.7049	1.2e-04	0.5260
7229	-108.9606	-108.9606	-77.9969	0.7158	76.0132	0.6982	1.2e-04	0.5255
7230	-108.9540	-108.9540	-76.8229	0.7051	77.2023	0.7090	1.2e-04	0.5273
7231	-108.9675	-108.9675	-77.9409	0.7153	76.0905	0.6988	1.2e-04	0.5247
7232	-108.9564	-108.9564	-78.4901	0.7204	75.5023	0.6935	1.2e-04	0.5243
7233	-108.9722	-108.9722	-77.4877	0.7111	76.5613	0.7031	1.2e-04	0.5264
7234	-108.9620	-108.9620	-78.2279	0.7179	75.7835	0.6960	1.2e-04	0.5261
7235	-108.9574	-108.9574	-76.9431	0.7062	77.0938	0.7080	1.2e-04	0.5244
7236	-108.9639	-108.9639	-77.6249	0.7124	76.4144	0.7018	1.2e-04	0.5263
7237	-108.9654	-108.9654	-76.7187	0.7041	77.3235	0.7101	1.2e-04	0.5248
7238	-108.9621	-108.9621	-77.1135	0.7077	76.9157	0.7064	1.2e-04	0.5248
7239	-108.9731	-108.9731	-77.6940	0.7130	76.3508	0.7012	1.2e-04	0.5263
7240	-108.9639	-108.9639	-76.8024	0.7048	77.2361	0.7094	1.2e-04	0.5255
7241	-108.9467	-108.9467	-76.8940	0.7058	77.1126	0.7083	1.2e-04	0.5248
7242	-108.9523	-108.9523	-76.8737	0.7056	77.1432	0.7085	1.2e-04	0.5268
7243	-108.9586	-108.9586	-77.5322	0.7116	76.4832	0.7024	1.2e-04	0.5253
7244	-108.9606	-108.9606	-76.8965	0.7057	77.1256	0.7084	1.2e-04	0.5252
7245	-108.9705	-108.9705	-76.4244	0.7013	77.6048	0.7127	1.2e-04	0.5244
7246	-108.9597	-108.9597	-77.3957	0.7103	76.6313	0.7039	1.2e-04	0.5247
7247	-108.9643	-108.9643	-77.0486	0.7071	76.9858	0.7071	1.2e-04	0.5258
7248	-108.9724	-108.9724	-77.3664	0.7100	76.6818	0.7042	1.2e-04	0.5261
7249	-108.9785	-108.9785	-76.3924	0.7010	77.6550	0.7132	1.2e-04	0.5246
7250	-108.9594	-108.9594	-77.0446	0.7071	76.9825	0.7071	1.2e-04	0.5251
7251	-108.9680	-108.9680	-76.3796	0.7009	77.6440	0.7131	1.2e-04	0.5249
7252	-108.9546	-108.9546	-76.3388	0.7006	77.6798	0.7135	1.2e-04	0.5253
7253	-108.9479	-108.9479	-77.2097	0.7087	76.7889	0.7053	1.2e-04	0.5252
7254	-108.9697	-108.9697	-76.5922	0.7029	77.4541	0.7113	1.2e-04	0.5248
7255	-108.9516	-108.9516	-75.8413	0.6961	78.1598	0.7179	1.2e-04	0.5269
7256	-108.9707	-108.9707	-76.8304	0.7051	77.2093	0.7091	1.2e-04	0.5251
7257	-108.9630	-108.9630	-75.9002	0.6966	78.1199	0.7175	1.2e-04	0.5247
7258	-108.9576	-108.9576	-75.8397	0.6960	78.1735	0.7179	1.2e-04	0.5249
7259	-108.9383	-108.9384	-75.3995	0.6921	78.5889	0.7218	1.2e-04	0.5255
7260	-108.9728	-108.9728	-76.8919	0.7056	77.1383	0.7084	1.2e-04	0.5263
7261	-108.9728	-108.9728	-75.6253	0.6940	78.3703	0.7198	1.2e-04	0.5258
7262	-108.9702	-108.9702	-76.7426	0.7043	77.2972	0.7099	1.2e-04	0.5248
7263	-108.9652	-108.9652	-76.4280	0.7014	77.5798	0.7125	1.2e-04	0.5271
7264	-108.9631	-108.9631	-77.2829	0.7093	76.7588	0.7049	1.2e-04	0.5262
7265	-108.9596	-108.9596	-76.0663	0.6981	77.9461	0.7159	1.2e-04	0.5248
7266	-108.9449	-108.9449	-76.0624	0.6982	77.9320	0.7159	1.2e-04	0.5271
7267	-108.9595	-108.9595	-76.4500	0.7016	77.5722	0.7125	1.2e-04	0.5253
7268	-108.9688	-108.9688	-76.6974	0.7038	77.3462	0.7104	1.2e-04	0.5264
7269	-108.9664	-108.9664	-76.2154	0.6994	77.8094	0.7145	1.2e-04	0.5248
7270	-108.9557	-108.9557	-75.6674	0.6945	78.3414	0.7195	1.2e-04	0.5249
7271	-108.9851	-108.9851	-75.9938	0.6973	78.0483	0.7168	1.2e-04	0.5272
7272	-108.9646	-108.9646	-75.9351	0.6969	78.0882	0.7171	1.2e-04	0.5250
7273	-108.9548	-108.9548	-76.1258	0.6987	77.8890	0.7154	1.2e-04	0.5254
7274	-108.9548	-108.9549	-75.2955	0.6911	78.6861	0.7227	1.2e-04	0.5246
7275	-108.9704	-108.9704	-76.4591	0.7017	77.5739	0.7124	1.2e-04	0.5245
7276	-108.9687	-108.9687	-75.8572	0.6961	78.1229	0.7175	1.2e-04	0.5253
7277	-108.9635	-108.9635	-76.9974	0.7066	77.0304	0.7075	1.2e-04	0.5264
7278	-108.9645	-108.9645	-75.9868	0.6974	78.0379	0.7167	1.2e-04	0.5257
7279	-108.9624	-108.9625	-75.8046	0.6957	78.1847	0.7181	1.2e-04	0.5247
7280	-108.9655	-108.9655	-75.4931	0.6928	78.5139	0.7210	1.2e-04	0.5264
7281	-108.9628	-108.9628	-76.5908	0.7029	77.4157	0.7111	1.2e-04	0.5244
7282	-108.9772	-108.9772	-75.7699	0.6953	78.2553	0.7187	1.2e-04	0.5243
7283	-108.9593	-108.9593	-76.9746	0.7065	77.0662	0.7078	1.2e-04	0.5271
7284	-108.9742	-108.9743	-75.5751	0.6935	78.4545	0.7204	1.2e-04	0.5254
7285	-108.9615	-108.9615	-75.7203	0.6949	78.2746	0.7188	1.2e-04	0.5258
7286	-108.9706	-108.9706	-76.6535	0.7034	77.3951	0.7108	1.2e-04	0.5248
7287	-108.9670	-108.9670	-76.4905	0.7020	77.5451	0.7122	1.2e-04	0.5240
7288	-108.9711	-108.9711	-77.1383	0.7079	76.9100	0.7063	1.2e-04	0.5265
7289	-108.9631	-108.9631	-76.1835	0.6992	77.8439	0.7149	1.2e-04	0.5272
7290	-108.9680	-108.9680	-76.5823	0.7028	77.4631	0.7114	1.2e-04	0.5257
7291	-108.9739	-108.9739	-76.1979	0.6992	77.8309	0.7148	1.2e-04	0.5252
7292	-108.9502	-108.9502	-76.1429	0.6989	77.8723	0.7152	1.2e-04	0.5246
7293	-108.9676	-108.9676	-75.4391	0.6923	78.5666	0.7216	1.2e-04	0.5256
7294	-108.9614	-108.9614	-77.1145	0.7077	76.9004	0.7063	1.2e-04	0.5256
7295	-108.9504	-108.9504	-76.7263	0.7042	77.3103	0.7100	1.2e-04	0.5257
7296	-108.9568	-108.9568	-76.9126	0.7059	77.1207	0.7083	1.2e-04	0.5252
7297	-108.9657	-108.9657	-77.1318	0.7079	76.9041	0.7063	1.2e-04	0.5262
7298	-108.9691	-108.9691	-76.5626	0.7026	77.4728	0.7116	1.2e-04	0.5250
7299	-108.9544	-108.9544	-76.4915	0.7021	77.5371	0.7121	1.2e-04	0.5250
7300	-108.9561	-108.9561	-76.3611	0.7008	77.6614	0.7133	1.2e-04	0.5261
7301	-108.9656	-108.9656	-76.1936	0.6992	77.8355	0.7149	1.2e-04	0.5235
7302	-108.9585	-108.9585	-76.6932	0.7039	77.3249	0.7102	1.2e-04	0.5262
7303	-108.9633	-108.9633	-76.9118	0.7059	77.1311	0.7084	1.2e-04	0.5261
7304	-108.9788	-108.9788	-76.9734	0.7063	77.0830	0.7079	1.2e-04	0.5247
7305	-108.9702	-108.9702	-76.4047	0.7012	77.6274	0.7130	1.2e-04	0.5270
7306	-108.9676	-108.9676	-76.7252	0.7041	77.3172	0.7101	1.2e-04	0.5254
7307	-108.9533	-108.9533	-77.5674	0.7119	76.4603	0.7022	1.2e-04	0.5247
7308	-108.9555	-108.9555	-77.0441	0.7071	76.9718	0.7070	1.2e-04	0.5266
7309	-108.9761	-108.9761	-76.0992	0.6983	77.9268	0.7157	1.2e-04	0.5255
7310	-108.9541	-108.9541	-76.4987	0.7021	77.5230	0.7121	1.2e-04	0.5247
7311	-108.9617	-108.9617	-76.6531	0.7035	77.3699	0.7106	1.2e-04	0.5260
7312	-108.9732	-108.9732	-76.8952	0.7056	77.1228	0.7084	1.2e-04	0.5253
7313	-108.9674	-108.9674	-76.1970	0.6993	77.8335	0.7148	1.2e-04	0.5262
7314	-108.9641	-108.9642	-75.6775	0.6945	78.3342	0.7194	1.2e-04	0.5250
7315	-108.9779	-108.9779	-76.3306	0.7004	77.7027	0.7136	1.2e-04	0.5250
7316	-108.9628	-108.9628	-76.8667	0.7054	77.1347	0.7084	1.2e-04	0.5269
7317	-108.9683	-108.9683	-77.0490	0.7071	76.9847	0.7071	1.2e-04	0.5249
7318	-108.9563	-108.9563	-76.2364	0.6997	77.7472	0.7141	1.2e-04	0.5250
7319	-108.9516	-108.9516	-77.5564	0.7118	76.4438	0.7021	1.2e-04	0.5265
7320	-108.9645	-108.9645	-76.8316	0.7051	77.2011	0.7091	1.2e-04	0.5263
7321	-108.9661	-108.9661	-77.1385	0.7079	76.8916	0.7062	1.2e-04	0.5253
7322	-108.9562	-108.9562	-75.8833	0.6965	78.1375	0.7176	1.2e-04	0.5264
7323	-108.9671	-108.9671	-76.9017	0.7057	77.1424	0.7084	1.2e-04	0.5251
7324	-108.9747	-108.9747	-76.2387	0.6996	77.7819	0.7143	1.2e-04	0.5269
7325	-108.9631	-108.9631	-76.1582	0.6989	77.8628	0.7151	1.2e-04	0.5251
7326	-108.9625	-108.9626	-75.6664	0.6944	78.3355	0.7194	1.2e-04	0.5255
7327	-108.9666	-108.9666	-76.7207	0.7041	77.3233	0.7101	1.2e-04	0.5270
7328	-108.9486	-108.9486	-76.2287	0.6997	77.7764	0.7144	1.2e-04	0.5259
7329	-108.9634	-108.9634	-77.1507	0.7080	76.8634	0.7060	1.2e-04	0.5255
7330	-108.9674	-108.9674	-76.2488	0.6997	77.7414	0.7140	1.2e-04	0.5252
7331	-108.9758	-108.9758	-76.7560	0.7043	77.2795	0.7097	1.2e-04	0.5256
7332	-108.9541	-108.9541	-76.4745	0.7019	77.5548	0.7122	1.2e-04	0.5264
7333	-108.9504	-108.9504	-77.0117	0.7069	77.0075	0.7072	1.2e-04	0.5270
7334	-108.9610	-108.9610	-75.5385	0.6933	78.4352	0.7204	1.2e-04	0.5264
7335	-108.9475	-108.9475	-75.7161	0.6950	78.2731	0.7190	1.2e-04	0.5251
7336	-108.9608	-108.9608	-76.2732	0.7000	77.7643	0.7141	1.2e-04	0.5257
7337	-108.9714	-108.9714	-75.8969	0.6965	78.1245	0.7176	1.2e-04	0.5256
7338	-108.9731	-108.9732	-75.3489	0.6914	78.6661	0.7224	1.2e-04	0.5251
7339	-108.9671	-108.9671	-76.3439	0.7006	77.6903	0.7135	1.2e-04	0.5253
7340	-108.9538	-108.9538	-76.7944	0.7048	77.2335	0.7094	1.2e-04	0.5263
7341	-108.9522	-108.9522	-77.0689	0.7074	76.9577	0.7068	1.2e-04	0.5256
7342	-108.9639	-108.9640	-75.7895	0.6955	78.2244	0.7184	1.2e-04	0.5263
7343	-108.9562	-108.9562	-76.7207	0.7041	77.2995	0.7101	1.2e-04	0.5259
7344	-108.9612	-108.9612	-77.1864	0.7084	76.8086	0.7055	1.2e-04	0.5249
7345	-108.9762	-108.9762	-76.5045	0.7020	77.5504	0.7121	1.2e-04	0.5266
7346	-108.9673	-108.9673	-76.9515	0.7062	77.0870	0.7079	1.2e-04	0.5254
7347	-108.9541	-108.9541	-77.4430	0.7108	76.5780	0.7034	1.2e-04	0.5243
7348	-108.9509	-108.9509	-76.4186	0.7014	77.5659	0.7125	1.2e-04	0.5256
7349	-108.9617	-108.9617	-76.3726	0.7009	77.6543	0.7132	1.2e-04	0.5240
7350	-108.9689	-108.9689	-77.2749	0.7091	76.7123	0.7046	1.2e-04	0.5265
7351	-108.9596	-108.9596	-76.2493	0.6998	77.7827	0.7143	1.2e-04	0.5254
7352	-108.9623	-108.9623	-76.6383	0.7033	77.3856	0.7108	1.2e-04	0.5246
7353	-108.9815	-108.9815	-76.2300	0.6995	77.8080	0.7144	1.2e-04	0.5260
7354	-108.9622	-108.9622	-76.6324	0.7033	77.3976	0.7109	1.2e-04	0.5259
7355	-108.9645	-108.9645	-76.9686	0.7064	77.0603	0.7077	1.2e-04	0.5258
7356	-108.9638	-108.9638	-76.6834	0.7038	77.3435	0.7104	1.2e-04	0.5251
7357	-108.9581	-108.9581	-76.7118	0.7040	77.2670	0.7096	1.2e-04	0.5246
7358	-108.9673	-108.9673	-76.4548	0.7016	77.5542	0.7123	1.2e-04	0.5265
7359	-108.9726	-108.9726	-76.0019	0.6974	78.0206	0.7165	1.2e-04	0.5246
7360	-108.9693	-108.9693	-76.5233	0.7022	77.5018	0.7118	1.2e-04	0.5254
7361	-108.9621	-108.9621	-76.5380	0.7024	77.5000	0.7118	1.2e-04	0.5276
7362	-108.9520	-108.9520	-76.7212	0.7042	77.3098	0.7100	1.2e-04	0.5252
7363	-108.9594	-108.9594	-77.0062	0.7067	77.0232	0.7075	1.2e-04	0.5248
7364	-108.9525	-108.9525	-76.7718	0.7046	77.2517	0.7095	1.2e-04	0.5260
7365	-108.9564	-108.9564	-77.0268	0.7070	76.9943	0.7072	1.2e-04	0.5249
7366	-108.9711	-108.9711	-76.1467	0.6988	77.8831	0.7152	1.2e-04	0.5255
7367	-108.9529	-108.9529	-76.3891	0.7011	77.6244	0.7130	1.2e-04	0.5279
7368	-108.9642	-108.9642	-77.1981	0.7085	76.8435	0.7057	1.2e-04	0.5246
7369	-108.9576	-108.9576	-76.6664	0.7036	77.3635	0.7106	1.2e-04	0.5248
7370	-108.9519	-108.9519	-76.7776	0.7047	77.2333	0.7095	1.2e-04	0.5267
7371	-108.9671	-108.9671	-76.6614	0.7035	77.3724	0.7106	1.2e-04	0.5251
7372	-108.9680	-108.9680	-77.0639	0.7072	76.9831	0.7070	1.2e-04	0.5255
7373	-108.9682	-108.9682	-77.3341	0.7097	76.7003	0.7044	1.2e-04	0.5254
7374	-108.9581	-108.9581	-77.2014	0.7085	76.8254	0.7056	1.2e-04	0.5244
7375	-108.9652	-108.9652	-76.0065	0.6975	78.0116	0.7166	1.2e-04	0.5257
7376	-108.9614	-108.9614	-76.5265	0.7023	77.5080	0.7119	1.2e-04	0.5273
7377	-108.9781	-108.9781	-76.3153	0.7003	77.7311	0.7139	1.2e-04	0.5255
7378	-108.9691	-108.9691	-76.0854	0.6982	77.9270	0.7157	1.2e-04	0.5271
7379	-108.9720	-108.9720	-76.5819	0.7028	77.4204	0.7110	1.2e-04	0.5271
7380	-108.9609	-108.9609	-76.7200	0.7041	77.3136	0.7101	1.2e-04	0.5242
7381	-108.9683	-108.9683	-77.1196	0.7077	76.9258	0.7065	1.2e-04	0.5254
7382	-108.9682	-108.9682	-76.7215	0.7041	77.3192	0.7101	1.2e-04	0.5251
7383	-108.9572	-108.9572	-77.0111	0.7068	77.0104	0.7073	1.2e-04	0.5259
7384	-108.9471	-108.9471	-75.8958	0.6966	78.1088	0.7174	1.2e-04	0.5254
7385	-108.9663	-108.9663	-76.3968	0.7011	77.6387	0.7131	1.2e-04	0.5271
7386	-108.9618	-108.9618	-77.0098	0.7068	77.0208	0.7074	1.2e-04	0.5252
7387	-108.9772	-108.9772	-76.0144	0.6975	78.0300	0.7166	1.2e-04	0.5241
7388	-108.9671	-108.9671	-76.3466	0.7006	77.6772	0.7135	1.2e-04	0.5266
7389	-108.9518	-108.9518	-75.6591	0.6944	78.3345	0.7195	1.2e-04	0.5250
7390	-108.9510	-108.9510	-76.6905	0.7039	77.3026	0.7100	1.2e-04	0.5249
7391	-108.9531	-108.9531	-75.9667	0.6972	78.0106	0.7165	1.2e-04	0.5261
7392	-108.9618	-108.9618	-76.3546	0.7007	77.6757	0.7134	1.2e-04	0.5267
7393	-108.9546	-108.9546	-76.4874	0.7020	77.5284	0.7121	1.2e-04	0.5250
7394	-108.9617	-108.9617	-76.6014	0.7030	77.4193	0.7111	1.2e-04	0.5261
7395	-108.9648	-108.9648	-76.3451	0.7006	77.6809	0.7135	1.2e-04	0.5255
7396	-108.9692	-108.9694	-74.8603	0.6870	79.1129	0.7266	1.2e-04	0.5258
7397	-108.9619	-108.9619	-76.4044	0.7012	77.6284	0.7129	1.2e-04	0.5253
7398	-108.9744	-108.9744	-76.6538	0.7034	77.4030	0.7108	1.2e-04	0.5252
7399	-108.9643	-108.9643	-76.0459	0.6979	77.9753	0.7162	1.2e-04	0.5272
7400	-108.9693	-108.9694	-75.6164	0.6939	78.3820	0.7200	1.2e-04	0.5255
7401	-108.9815	-108.9815	-75.7563	0.6951	78.2753	0.7189	1.2e-04	0.5237
7402	-108.9432	-108.9432	-77.1582	0.7082	76.8537	0.7060	1.2e-04	0.5269
7403	-108.9577	-108.9577	-77.3147	0.7096	76.7200	0.7046	1.2e-04	0.5249
7404	-108.9680	-108.9680	-78.0950	0.7167	75.9414	0.6974	1.2e-04	0.5248
7405	-108.9741	-108.9741	-76.8316	0.7050	77.2257	0.7092	1.2e-04	0.5267
7406	-108.9777	-108.9777	-76.2866	0.7000	77.7642	0.7141	1.2e-04	0.5251
7407	-108.9534	-108.9534	-76.7006	0.7040	77.3310	0.7102	1.2e-04	0.5245
7408	-108.9736	-108.9736	-77.5426	0.7116	76.4945	0.7025	1.2e-04	0.5254
7409	-108.9808	-108.9808	-76.8868	0.7055	77.1712	0.7087	1.2e-04	0.5266
7410	-108.9664	-108.9664	-77.0615	0.7072	76.9743	0.7070	1.2e-04	0.5253
7411	-108.9626	-108.9626	-77.5320	0.7115	76.4977	0.7026	1.2e-04	0.5251
7412	-108.9529	-108.9529	-77.9993	0.7159	76.0164	0.6982	1.2e-04	0.5277
7413	-108.9624	-108.9624	-77.7640	0.7137	76.2716	0.7005	1.2e-04	0.5260
7414	-108.9592	-108.9592	-78.2995	0.7186	75.7121	0.6954	1.2e-04	0.5259
7415	-108.9575	-108.9575	-78.0829	0.7166	75.9342	0.6974	1.2e-04	0.5255
7416	-108.9722	-108.9722	-77.3566	0.7099	76.6889	0.7043	1.2e-04	0.5250
7417	-108.9731	-108.9731	-77.2676	0.7091	76.7577	0.7049	1.2e-04	0.5244
7418	-108.9518	-108.9518	-77.7390	0.7135	76.2097	0.7000	1.2e-04	0.5249
7419	-108.9571	-108.9571	-78.1437	0.7172	75.8497	0.6967	1.2e-04	0.5249
7420	-108.9670	-108.9670	-77.8900	0.7148	76.1295	0.6991	1.2e-04	0.5257
7421	-108.9476	-108.9476	-78.9274	0.7245	75.0446	0.6893	1.2e-04	0.5253
7422	-108.9732	-108.9732	-77.7461	0.7134	76.3005	0.7007	1.2e-04	0.5272
7423	-108.9750	-108.9750	-78.8109	0.7232	75.1996	0.6906	1.2e-04	0.5261
7424	-108.9730	-108.9730	-78.6283	0.7215	75.3918	0.6924	1.2e-04	0.5250
7425	-108.9702	-108.9702	-78.6866	0.7221	75.3254	0.6917	1.2e-04	0.5274
7426	-108.9651	-108.9651	-78.2315	0.7179	75.7898	0.6961	1.2e-04	0.5259
7427	-108.9717	-108.9717	-77.8331	0.7143	76.2080	0.6999	1.2e-04	0.5252
7428	-108.9686	-108.9686	-78.5303	0.7207	75.4675	0.6931	1.2e-04	0.5265
7429	-108.9596	-108.9596	-79.4037	0.7287	74.5581	0.6848	1.2e-04	0.5250
7430	-108.9668	-108.9668	-78.7221	0.7224	75.2835	0.6914	1.2e-04	0.5247
7431	-108.9520	-108.9520	-78.6434	0.7218	75.3522	0.6921	1.2e-04	0.5265
7432	-108.9846	-108.9846	-78.5192	0.7205	75.5104	0.6934	1.2e-04	0.5251
7433	-108.9574	-108.9574	-78.9294	0.7244	75.0599	0.6894	1.2e-04	0.5247
7434	-108.9553	-108.9553	-79.4920	0.7296	74.4549	0.6839	1.2e-04	0.5267
7435	-108.9615	-108.9615	-78.3557	0.7191	75.6627	0.6949	1.2e-04	0.5259
7436	-108.9774	-108.9774	-77.9819	0.7156	76.0598	0.6985	1.2e-04	0.5250
7437	-108.9717	-108.9717	-78.2060	0.7177	75.7872	0.6960	1.2e-04	0.5257
7438	-108.9622	-108.9622	-78.8668	0.7238	75.1279	0.6900	1.2e-04	0.5253
7439	-108.9388	-108.9388	-78.6827	0.7223	75.2992	0.6916	1.2e-04	0.5273
7440	-108.9642	-108.9642	-79.6872	0.7313	74.2577	0.6820	1.2e-04	0.5257
7441	-108.9733	-108.9733	-78.7865	0.7230	75.2219	0.6908	1.2e-04	0.5252
7442	-108.9579	-108.9579	-78.4272	0.7198	75.5799	0.6942	1.2e-04	0.5255
7443	-108.9510	-108.9510	-79.6046	0.7306	74.3160	0.6827	1.2e-04	0.5248
7444	-108.9500	-108.9500	-79.5400	0.7301	74.3992	0.6834	1.2e-04	0.5254
7445	-108.9463	-108.9463	-78.4324	0.7199	75.5504	0.6939	1.2e-04	0.5264
7446	-108.9677	-108.9677	-78.4198	0.7197	75.6066	0.6943	1.2e-04	0.5252
7447	-108.9684	-108.9684	-79.3919	0.7286	74.5772	0.6849	1.2e-04	0.5251
7448	-108.9616	-108.9616	-79.0015	0.7250	74.9797	0.6887	1.2e-04	0.5260
7449	-108.9583	-108.9583	-79.5963	0.7305	74.3497	0.6829	1.2e-04	0.5242
7450	-108.9611	-108.9611	-78.5379	0.7208	75.4632	0.6931	1.2e-04	0.5268
7451	-108.9599	-108.9599	-78.2150	0.7178	75.7746	0.6960	1.2e-04	0.5261
7452	-108.9623	-108.9623	-78.6197	0.7215	75.3693	0.6922	1.2e-04	0.5254
7453	-108.9592	-108.9592	-78.8440	0.7236	75.1451	0.6902	1.2e-04	0.5255
7454	-108.9543	-108.9543	-78.6981	0.7223	75.3021	0.6916	1.2e-04	0.5269
7455	-108.9731	-108.9731	-79.6690	0.7311	74.2927	0.6823	1.2e-04	0.5265
7456	-108.9561	-108.9561	-78.5814	0.7212	75.4187	0.6927	1.2e-04	0.5250
7457	-108.9664	-108.9664	-78.4718	0.7201	75.5460	0.6938	1.2e-04	0.5252
7458	-108.9623	-108.9623	-78.8425	0.7236	75.1428	0.6901	1.2e-04	0.5254
7459	-108.9606	-108.9606	-79.0471	0.7255	74.9206	0.6882	1.2e-04	0.5242
7460	-108.9586	-108.9586	-77.8301	0.7143	76.1961	0.6998	1.2e-04	0.5246
7461	-108.9643	-108.9643	-78.9383	0.7244	75.0433	0.6893	1.2e-04	0.5249
7462	-108.9820	-108.9820	-78.9541	0.7245	75.0498	0.6893	1.2e-04	0.5244
7463	-108.9612	-108.9612	-78.7242	0.7225	75.2638	0.6913	1.2e-04	0.5250
7464	-108.9677	-108.9677	-77.5389	0.7116	76.4839	0.7025	1.2e-04	0.5260
7465	-108.9811	-108.9811	-78.2998	0.7185	75.7233	0.6954	1.2e-04	0.5254
7466	-108.9718	-108.9718	-78.4980	0.7204	75.5127	0.6935	1.2e-04	0.5251
7467	-108.9641	-108.9641	-78.9791	0.7248	75.0126	0.6889	1.2e-04	0.5262
7468	-108.9545	-108.9545	-78.6453	0.7218	75.3518	0.6921	1.2e-04	0.5251
7469	-108.9473	-108.9473	-78.2873	0.7186	75.7107	0.6954	1.2e-04	0.5247
7470	-108.9533	-108.9533	-78.2328	0.7180	75.7731	0.6959	1.2e-04	0.5272
7471	-108.9626	-108.9626	-79.4367	0.7290	74.5158	0.6843	1.2e-04	0.5251
7472	-108.9549	-108.9549	-78.6930	0.7223	75.2981	0.6916	1.2e-04	0.5251
7473	-108.9726	-108.9726	-78.3307	0.7188	75.6821	0.6951	1.2e-04	0.5257
7474	-108.9710	-108.9710	-78.6680	0.7219	75.3408	0.6920	1.2e-04	0.5251
7475	-108.9558	-108.9558	-77.7524	0.7136	76.2740	0.7005	1.2e-04	0.5248
7476	-108.9618	-108.9618	-77.7713	0.7137	76.2576	0.7004	1.2e-04	0.5271
7477	-108.9787	-108.9787	-77.1921	0.7083	76.8720	0.7059	1.2e-04	0.5248
7478	-108.9741	-108.9741	-77.7799	0.7137	76.2570	0.7003	1.2e-04	0.5243
7479	-108.9537	-108.9537	-78.3640	0.7192	75.6212	0.6946	1.2e-04	0.5258
7480	-108.9565	-108.9565	-78.0796	0.7166	75.9430	0.6975	1.2e-04	0.5261
7481	-108.9452	-108.9452	-77.9128	0.7152	76.1043	0.6990	1.2e-04	0.5262
7482	-108.9728	-108.9728	-78.2115	0.7177	75.8047	0.6962	1.2e-04	0.5254
7483	-108.9603	-108.9603	-77.9324	0.7152	76.0904	0.6989	1.2e-04	0.5245
7484	-108.9637	-108.9637	-78.4704	0.7202	75.5543	0.6938	1.2e-04	0.5263
7485	-108.9528	-108.9528	-78.6360	0.7217	75.3447	0.6920	1.2e-04	0.5263
7486	-108.9578	-108.9578	-77.6819	0.7130	76.3482	0.7012	1.2e-04	0.5246
7487	-108.9662	-108.9662	-77.6188	0.7123	76.4199	0.7018	1.2e-04	0.5266
7488	-108.9564	-108.9564	-79.0873	0.7259	74.8933	0.6878	1.2e-04	0.5250
7489	-108.9599	-108.9599	-78.1193	0.7170	75.8757	0.6969	1.2e-04	0.5253
7490	-108.9525	-108.9525	-78.0945	0.7168	75.9140	0.6973	1.2e-04	0.5254
7491	-108.9658	-108.9658	-77.4398	0.7107	76.5960	0.7035	1.2e-04	0.5243
7492	-108.9615	-108.9615	-78.2208	0.7179	75.7957	0.6961	1.2e-04	0.5268
7493	-108.9755	-108.9755	-77.4708	0.7109	76.5885	0.7033	1.2e-04	0.5256
7494	-108.9516	-108.9516	-77.7140	0.7133	76.3065	0.7009	1.2e-04	0.5244
7495	-108.9737	-108.9737	-78.0383	0.7161	75.9877	0.6979	1.2e-04	0.5272
7496	-108.9770	-108.9770	-77.8742	0.7146	76.1611	0.6994	1.2e-04	0.5245
7497	-108.9803	-108.9803	-78.2186	0.7177	75.8175	0.6963	1.2e-04	0.5254
7498	-108.9484	-108.9484	-78.2121	0.7179	75.7878	0.6962	1.2e-04	0.5252
7499	-108.9598	-108.9598	-78.4308	0.7198	75.5777	0.6942	1.2e-04	0.5248
7500	-108.9508	-108.9508	-77.9070	0.7151	76.0756	0.6987	1.2e-04	0.5270
7501	-108.9672	-108.9672	-77.9273	0.7151	76.1045	0.6990	1.2e-04	0.5244
7502	-108.9551	-108.9551	-77.9599	0.7155	76.0549	0.6985	1.2e-04	0.5253
7503	-108.9660	-108.9660	-78.7806	0.7230	75.2238	0.6909	1.2e-04	0.5238
7504	-108.9701	-108.9701	-79.2852	0.7276	74.6880	0.6859	1.2e-04	0.5245
7505	-108.9821	-108.9821	-78.3599	0.7190	75.6667	0.6949	1.2e-04	0.5253
7506	-108.9589	-108.9589	-78.6867	0.7222	75.2930	0.6915	1.2e-04	0.5248
7507	-108.9655	-108.9655	-78.6128	0.7214	75.3778	0.6923	1.2e-04	0.5263
7508	-108.9658	-108.9658	-78.2022	0.7177	75.8284	0.6964	1.2e-04	0.5254
7509	-108.9850	-108.9850	-78.7134	0.7222	75.3101	0.6916	1.2e-04	0.5254
7510	-108.9708	-108.9708	-78.7421	0.7226	75.2693	0.6913	1.2e-04	0.5262
7511	-108.9653	-108.9653	-77.9737	0.7156	76.0589	0.6985	1.2e-04	0.5244
7512	-108.9686	-108.9686	-78.3357	0.7189	75.6960	0.6951	1.2e-04	0.5247
7513	-108.9705	-108.9705	-77.5586	0.7117	76.4831	0.7024	1.2e-04	0.5267
7514	-108.9642	-108.9642	-77.9207	0.7151	76.0997	0.6990	1.2e-04	0.5252
7515	-108.9570	-108.9570	-78.8216	0.7234	75.1482	0.6902	1.2e-04	0.5241
7516	-108.9675	-108.9675	-77.8078	0.7140	76.2309	0.7001	1.2e-04	0.5261
7517	-108.9669	-108.9669	-78.2446	0.7181	75.7858	0.6960	1.2e-04	0.5250
7518	-108.9705	-108.9705	-78.4590	0.7200	75.5501	0.6938	1.2e-04	0.5243
7519	-108.9656	-108.9656	-78.5114	0.7205	75.4871	0.6933	1.2e-04	0.5260
7520	-108.9638	-108.9638	-77.9925	0.7158	76.0364	0.6983	1.2e-04	0.5251
7521	-108.9621	-108.9621	-77.8677	0.7146	76.1335	0.6992	1.2e-04	0.5243
7522	-108.9736	-108.9736	-78.7187	0.7224	75.2716	0.6912	1.2e-04	0.5253
7523	-108.9693	-108.9693	-77.7299	0.7133	76.2992	0.7008	1.2e-04	0.5243
7524	-108.9690	-108.9690	-77.6615	0.7127	76.3675	0.7014	1.2e-04	0.5249
7525	-108.9612	-108.9612	-78.5982	0.7213	75.4039	0.6926	1.2e-04	0.5249
7526	-108.9764	-108.9764	-77.8659	0.7145	76.1723	0.6995	1.2e-04	0.5241
7527	-108.9583	-108.9583	-78.3362	0.7190	75.6796	0.6950	1.2e-04	0.5267
7528	-108.9618	-108.9618	-78.4004	0.7195	75.6070	0.6944	1.2e-04	0.5243
7529	-108.9432	-108.9432	-78.7878	0.7232	75.1895	0.6906	1.2e-04	0.5247
7530	-108.9690	-108.9690	-77.8058	0.7140	76.2165	0.7000	1.2e-04	0.5260
7531	-108.9607	-108.9607	-78.0632	0.7164	75.9110	0.6973	1.2e-04	0.5237
7532	-108.9700	-108.9700	-78.3122	0.7187	75.6805	0.6952	1.2e-04	0.5244
7533	-108.9666	-108.9666	-78.1519	0.7172	75.8703	0.6968	1.2e-04	0.5269
7534	-108.9606	-108.9606	-78.7552	0.7228	75.2290	0.6909	1.2e-04	0.5255
7535	-108.9741	-108.9741	-79.1222	0.7261	74.8788	0.6876	1.2e-04	0.5253
7536	-108.9699	-108.9699	-77.3455	0.7098	76.6892	0.7043	1.2e-04	0.5268
7537	-108.9544	-108.9544	-79.2347	0.7272	74.7328	0.6864	1.2e-04	0.5253
7538	-108.9747	-108.9747	-79.2988	0.7277	74.6804	0.6859	1.2e-04	0.5247
7539	-108.9693	-108.9693	-78.3830	0.7193	75.6346	0.6947	1.2e-04	0.5238
7540	-108.9656	-108.9656	-78.2523	0.7181	75.7604	0.6959	1.2e-04	0.5243
7541	-108.9595	-108.9595	-78.4221	0.7197	75.5902	0.6942	1.2e-04	0.5247
7542	-108.9529	-108.9529	-78.2667	0.7184	75.7390	0.6957	1.2e-04	0.5258
7543	-108.9584	-108.9584	-78.4520	0.7200	75.5385	0.6939	1.2e-04	0.5268
7544	-108.9816	-108.9816	-78.6637	0.7218	75.3566	0.6921	1.2e-04	0.5268
7545	-108.9794	-108.9794	-79.0081	0.7250	74.9760	0.6886	1.2e-04	0.5250
7546	-108.9588	-108.9588	-77.6867	0.7130	76.3484	0.7012	1.2e-04	0.5258
7547	-108.9756	-108.9756	-78.7159	0.7223	75.2980	0.6916	1.2e-04	0.5262
7548	-108.9876	-108.9876	-77.6734	0.7127	76.3782	0.7014	1.2e-04	0.5253
7549	-108.9740	-108.9740	-77.9878	0.7157	76.0471	0.6984	1.2e-04	0.5255
7550	-108.9588	-108.9588	-77.5837	0.7120	76.4488	0.7021	1.2e-04	0.5245
7551	-108.9619	-108.9619	-77.7722	0.7138	76.2415	0.7003	1.2e-04	0.5245
7552	-108.9710	-108.9710	-77.9704	0.7155	76.0637	0.6985	1.2e-04	0.5240
7553	-108.9641	-108.9641	-79.0715	0.7257	74.8950	0.6879	1.2e-04	0.5243
7554	-108.9622	-108.9622	-79.1192	0.7261	74.8575	0.6876	1.2e-04	0.5269
7555	-108.9444	-108.9444	-77.5252	0.7116	76.4608	0.7022	1.2e-04	0.5245
7556	-108.9480	-108.9480	-77.2984	0.7095	76.7145	0.7047	1.2e-04	0.5245
7557	-108.9813	-108.9813	-78.3781	0.7192	75.6470	0.6946	1.2e-04	0.5262
7558	-108.9524	-108.9524	-78.3016	0.7187	75.7031	0.6953	1.2e-04	0.5254
7559	-108.9535	-108.9535	-79.3949	0.7287	74.5508	0.6848	1.2e-04	0.5249
7560	-108.9649	-108.9649	-78.0794	0.7166	75.9442	0.6975	1.2e-04	0.5270
7561	-108.9787	-108.9787	-78.2666	0.7182	75.7564	0.6958	1.2e-04	0.5255
7562	-108.9585	-108.9585	-78.9119	0.7242	75.0575	0.6894	1.2e-04	0.5261
7563	-108.9617	-108.9617	-78.2666	0.7183	75.7499	0.6957	1.2e-04	0.5264
7564	-108.9676	-108.9676	-78.4261	0.7197	75.5778	0.6942	1.2e-04	0.5250
7565	-108.9597	-108.9597	-78.1136	0.7169	75.9060	0.6972	1.2e-04	0.5266
7566	-108.9715	-108.9715	-77.8552	0.7145	76.1802	0.6997	1.2e-04	0.5255
7567	-108.9693	-108.9693	-77.8794	0.7147	76.1597	0.6994	1.2e-04	0.5265
7568	-108.9734	-108.9734	-78.2855	0.7184	75.7454	0.6956	1.2e-04	0.5245
7569	-108.9767	-108.9767	-77.1561	0.7080	76.8876	0.7062	1.2e-04	0.5244
7570	-108.9772	-108.9772	-78.0781	0.7165	75.9669	0.6976	1.2e-04	0.5263
7571	-108.9505	-108.9505	-77.4969	0.7113	76.5164	0.7029	1.2e-04	0.5255
7572	-108.9611	-108.9611	-78.4266	0.7198	75.5759	0.6942	1.2e-04	0.5248
7573	-108.9562	-108.9562	-77.8980	0.7149	76.1184	0.6992	1.2e-04	0.5276
7574	-108.9528	-108.9528	-78.1257	0.7171	75.8476	0.6967	1.2e-04	0.5251
7575	-108.9769	-108.9769	-77.7247	0.7132	76.3121	0.7008	1.2e-04	0.5253
7576	-108.9395	-108.9395	-77.9435	0.7155	76.0304	0.6984	1.2e-04	0.5258
7577	-108.9458	-108.9458	-77.8727	0.7148	76.1132	0.6991	1.2e-04	0.5252
7578	-108.9541	-108.9541	-78.8793	0.7240	75.0960	0.6897	1.2e-04	0.5271
7579	-108.9755	-108.9755	-78.4134	0.7196	75.6112	0.6944	1.2e-04	0.5247
7580	-108.9656	-108.9656	-78.1070	0.7168	75.9217	0.6973	1.2e-04	0.5255
7581	-108.9543	-108.9543	-77.8701	0.7147	76.1431	0.6994	1.2e-04	0.5235
7582	-108.9812	-108.9812	-77.9739	0.7155	76.0673	0.6986	1.2e-04	0.5251
7583	-108.9755	-108.9755	-78.5836	0.7211	75.4176	0.6927	1.2e-04	0.5269
7584	-108.9514	-108.9514	-78.1319	0.7171	75.8668	0.6968	1.2e-04	0.5257
7585	-108.9563	-108.9563	-78.5209	0.7207	75.4877	0.6933	1.2e-04	0.5259
7586	-108.9576	-108.9576	-77.9876	0.7158	76.0328	0.6983	1.2e-04	0.5252
7587	-108.9604	-108.9604	-78.0448	0.7163	75.9776	0.6978	1.2e-04	0.5243
7588	-108.9384	-108.9384	-78.2087	0.7179	75.7939	0.6961	1.2e-04	0.5247
7589	-108.9661	-108.9661	-77.7698	0.7137	76.2621	0.7004	1.2e-04	0.5245
7590	-108.9681	-108.9681	-78.2645	0.7182	75.7571	0.6957	1.2e-04	0.5253
7591	-108.9585	-108.9585	-77.6978	0.7131	76.2939	0.7009	1.2e-04	0.5264
7592	-108.9571	-108.9571	-78.4640	0.7201	75.5402	0.6938	1.2e-04	0.5251
7593	-108.9635	-108.9635	-78.4383	0.7199	75.5731	0.6941	1.2e-04	0.5328
7594	-108.9572	-108.9572	-78.6355	0.7217	75.3705	0.6922	1.2e-04	0.5246
7595	-108.9705	-108.9705	-78.1811	0.7175	75.8405	0.6965	1.2e-04	0.5260
7596	-108.9628	-108.9628	-78.1024	0.7168	75.9286	0.6973	1.2e-04	0.5248
7597	-108.9712	-108.9712	-78.7551	0.7227	75.2123	0.6908	1.2e-04	0.5257
7598	-108.9575	-108.9575	-79.1577	0.7265	74.8103	0.6871	1.2e-04	0.5250
7599	-108.9653	-108.9653	-77.3370	0.7097	76.6856	0.7043	1.2e-04	0.5251
7600	-108.9536	-108.9536	-78.7785	0.7230	75.2138	0.6908	1.2e-04	0.5268
7601	-108.9738	-108.9738	-78.1056	0.7167	75.9162	0.6972	1.2e-04	0.5241
7602	-108.9566	-108.9566	-77.9250	0.7152	76.0907	0.6988	1.2e-04	0.5267
7603	-108.9536	-108.9536	-78.8642	0.7238	75.0985	0.6897	1.2e-04	0.5246
7604	-108.9546	-108.9546	-78.0046	0.7159	76.0027	0.6980	1.2e-04	0.5243
7605	-108.9664	-108.9664	-78.7819	0.7230	75.1952	0.6907	1.2e-04	0.5265
7606	-108.9699	-108.9699	-78.7206	0.7224	75.2763	0.6913	1.2e-04	0.5248
7607	-108.9679	-108.9679	-78.5606	0.7210	75.4460	0.6929	1.2e-04	0.5245
7608	-108.9498	-108.9498	-78.8629	0.7238	75.0977	0.6898	1.2e-04	0.5263
7609	-108.9543	-108.9543	-78.2096	0.7178	75.8072	0.6962	1.2e-04	0.5254
7610	-108.9602	-108.9602	-78.4377	0.7199	75.5716	0.6941	1.2e-04	0.5248
7611	-108.9686	-108.9686	-78.8941	0.7240	75.0856	0.6896	1.2e-04	0.5252
7612	-108.9538	-108.9538	-78.3232	0.7189	75.6631	0.6950	1.2e-04	0.5251
7613	-108.9472	-108.9472	-79.4978	0.7297	74.4250	0.6836	1.2e-04	0.5261
7614	-108.9740	-108.9740	-78.4722	0.7201	75.5486	0.6938	1.2e-04	0.5250
7615	-108.9582	-108.9582	-78.7450	0.7227	75.2463	0.6911	1.2e-04	0.5247
7616	-108.9656	-108.9656	-78.5909	0.7212	75.4187	0.6927	1.2e-04	0.5264
7617	-108.9622	-108.9622	-79.2587	0.7274	74.7189	0.6862	1.2e-04	0.5246
7618	-108.9763	-108.9763	-78.8471	0.7235	75.1609	0.6903	1.2e-04	0.5258
7619	-108.9502	-108.9502	-78.3636	0.7193	75.6449	0.6947	1.2e-04	0.5259
7620	-108.9734	-108.9734	-78.2296	0.7179	75.8012	0.6962	1.2e-04	0.5252
7621	-108.9579	-108.9579	-78.7716	0.7230	75.2201	0.6909	1.2e-04	0.5253
7622	-108.9654	-108.9654	-78.9544	0.7246	75.0300	0.6891	1.2e-04	0.5262
7623	-108.9607	-108.9607	-78.0298	0.7161	75.9865	0.6978	1.2e-04	0.5249
7624	-108.9676	-108.9676	-78.4079	0.7196	75.6108	0.6944	1.2e-04	0.5252
7625	-108.9499	-108.9499	-79.3273	0.7281	74.6138	0.6853	1.2e-04	0.5240
7626	-108.9671	-108.9671	-78.3151	0.7187	75.6900	0.6951	1.2e-04	0.5250
7627	-108.9603	-108.9603	-79.0165	0.7252	74.9505	0.6884	1.2e-04	0.5241
7628	-108.9646	-108.9646	-78.2160	0.7178	75.8112	0.6962	1.2e-04	0.5255
7629	-108.9523	-108.9523	-78.7824	0.7231	75.1881	0.6905	1.2e-04	0.5271
7630	-108.9736	-108.9736	-78.6241	0.7215	75.3950	0.6924	1.2e-04	0.5265
7631	-108.9640	-108.9640	-79.0354	0.7253	74.9516	0.6884	1.2e-04	0.5275
7632	-108.9695	-108.9695	-77.6245	0.7124	76.4162	0.7018	1.2e-04	0.5252
7633	-108.9658	-108.9658	-78.3581	0.7191	75.6383	0.6947	1.2e-04	0.5249
7634	-108.9691	-108.9691	-77.9928	0.7157	76.0397	0.6984	1.2e-04	0.5268
7635	-108.9701	-108.9701	-78.2296	0.7179	75.7908	0.6961	1.2e-04	0.5246
7636	-108.9746	-108.9746	-78.4289	0.7197	75.5869	0.6941	1.2e-04	0.5247
7637	-108.9723	-108.9723	-77.7558	0.7135	76.2835	0.7006	1.2e-04	0.5259
7638	-108.9634	-108.9634	-78.1515	0.7172	75.8610	0.6968	1.2e-04	0.5251
7639	-108.9689	-108.9689	-78.6249	0.7215	75.3761	0.6923	1.2e-04	0.5250
7640	-108.9678	-108.9678	-78.5316	0.7207	75.5020	0.6933	1.2e-04	0.5261
7641	-108.9708	-108.9708	-79.0045	0.7250	74.9897	0.6887	1.2e-04	0.5253
7642	-108.9673	-108.9673	-78.3900	0.7194	75.6203	0.6945	1.2e-04	0.5248
7643	-108.9508	-108.9508	-78.1331	0.7171	75.8891	0.6969	1.2e-04	0.5271
7644	-108.9592	-108.9592	-78.1506	0.7172	75.8768	0.6968	1.2e-04	0.5250
7645	-108.9614	-108.9614	-78.0974	0.7167	75.9280	0.6973	1.2e-04	0.5248
7646	-108.9442	-108.9442	-78.3413	0.7191	75.6618	0.6949	1.2e-04	0.5259
7647	-108.9505	-108.9505	-78.0483	0.7164	75.9462	0.6976	1.2e-04	0.5252
7648	-108.9634	-108.9634	-78.4158	0.7197	75.5924	0.6943	1.2e-04	0.5265
7649	-108.9677	-108.9677	-78.2859	0.7184	75.7379	0.6956	1.2e-04	0.5241
7650	-108.9750	-108.9750	-78.4003	0.7194	75.6385	0.6946	1.2e-04	0.5253
7651	-108.9640	-108.9640	-78.6615	0.7219	75.3364	0.6919	1.2e-04	0.5248
7652	-108.9626	-108.9626	-78.5800	0.7212	75.4234	0.6927	1.2e-04	0.5253
7653	-108.9746	-108.9746	-78.6765	0.7220	75.3169	0.6917	1.2e-04	0.5245
7654	-108.9620	-108.9620	-78.4617	0.7201	75.5444	0.6939	1.2e-04	0.5267
7655	-108.9482	-108.9482	-78.6366	0.7218	75.3507	0.6921	1.2e-04	0.5242
7656	-108.9618	-108.9618	-79.1046	0.7260	74.8770	0.6877	1.2e-04	0.5245
7657	-108.9557	-108.9557	-78.8496	0.7237	75.1434	0.6901	1.2e-04	0.5269
7658	-108.9604	-108.9604	-79.0177	0.7252	74.9567	0.6885	1.2e-04	0.5251
7659	-108.9484	-108.9484	-79.7323	0.7318	74.2033	0.6815	1.2e-04	0.5252
7660	-108.9630	-108.9630	-79.5478	0.7300	74.4113	0.6834	1.2e-04	0.5257
7661	-108.9610	-108.9610	-78.9998	0.7250	74.9701	0.6885	1.2e-04	0.5249
7662	-108.9709	-108.9709	-78.3555	0.7190	75.6689	0.6949	1.2e-04	0.5249
7663	-108.9810	-108.9810	-78.8411	0.7234	75.1688	0.6903	1.2e-04	0.5266
7664	-108.9812	-108.9812	-79.2420	0.7271	74.7691	0.6865	1.2e-04	0.5247
7665	-108.9671	-108.9671	-77.9842	0.7157	76.0440	0.6984	1.2e-04	0.5249
7666	-108.9697	-108.9697	-77.9019	0.7149	76.0807	0.6988	1.2e-04	0.5242
7667	-108.9645	-108.9645	-78.8819	0.7239	75.1176	0.6898	1.2e-04	0.5265
7668	-108.9571	-108.9571	-78.2284	0.7180	75.7379	0.6956	1.2e-04	0.5271
7669	-108.9714	-108.9714	-78.2060	0.7177	75.8316	0.6964	1.2e-04	0.5258
7670	-108.9707	-108.9707	-78.4932	0.7203	75.5265	0.6936	1.2e-04	0.5253
7671	-108.9495	-108.9495	-78.7320	0.7226	75.2614	0.6912	1.2e-04	0.5248
7672	-108.9607	-108.9607	-78.4611	0.7201	75.5541	0.6939	1.2e-04	0.5250
7673	-108.9714	-108.9714	-78.3162	0.7187	75.7186	0.6953	1.2e-04	0.5259
7674	-108.9732	-108.9732	-77.7927	0.7139	76.2480	0.7003	1.2e-04	0.5253
7675	-108.9666	-108.9666	-78.2994	0.7186	75.7375	0.6955	1.2e-04	0.5268
7676	-108.9720	-108.9720	-79.0821	0.7257	74.9121	0.6880	1.2e-04	0.5245
7677	-108.9631	-108.9631	-78.1994	0.7177	75.8212	0.6964	1.2e-04	0.5242
7678	-108.9717	-108.9717	-78.3014	0.7185	75.7298	0.6955	1.2e-04	0.5272
7679	-108.9635	-108.9635	-78.6807	0.7221	75.3306	0.6918	1.2e-04	0.5261
7680	-108.9672	-108.9672	-77.7588	0.7136	76.2751	0.7005	1.2e-04	0.5254
7681	-108.9601	-108.9601	-78.5695	0.7211	75.4430	0.6928	1.2e-04	0.5266
7682	-108.9611	-108.9611	-77.8083	0.7141	76.2209	0.7001	1.2e-04	0.5247
7683	-108.9597	-108.9597	-77.9219	0.7151	76.1018	0.6990	1.2e-04	0.5265
7684	-108.9611	-108.9611	-78.8072	0.7233	75.1871	0.6905	1.2e-04	0.5244
7685	-108.9681	-108.9681	-78.0265	0.7160	75.9959	0.6979	1.2e-04	0.5246
7686	-108.9613	-108.9613	-77.8669	0.7146	76.1607	0.6994	1.2e-04	0.5269
7687	-108.9588	-108.9588	-78.0382	0.7162	75.9888	0.6979	1.2e-04	0.5257
7688	-108.9595	-108.9595	-78.3377	0.7190	75.6782	0.6950	1.2e-04	0.5249
7689	-108.9673	-108.9673	-78.1549	0.7172	75.8712	0.6968	1.2e-04	0.5248
7690	-108.9647	-108.9647	-78.6323	0.7216	75.3860	0.6922	1.2e-04	0.5248
7691	-108.9665	-108.9665	-77.9730	0.7156	76.0542	0.6985	1.2e-04	0.5270
7692	-108.9722	-108.9722	-78.6757	0.7220	75.3364	0.6919	1.2e-04	0.5256
7693	-108.9609	-108.9609	-77.8837	0.7148	76.1554	0.6993	1.2e-04	0.5247
7694	-108.9670	-108.9670	-77.5799	0.7120	76.4454	0.7021	1.2e-04	0.5262
7695	-108.9606	-108.9606	-78.7247	0.7225	75.2728	0.6913	1.2e-04	0.5251
7696	-108.9631	-108.9631	-78.7790	0.7230	75.2009	0.6907	1.2e-04	0.5249
7697	-108.9737	-108.9737	-78.2294	0.7179	75.8072	0.6962	1.2e-04	0.5261
7698	-108.9599	-108.9599	-78.5119	0.7206	75.4930	0.6934	1.2e-04	0.5249
7699	-108.9609	-108.9609	-78.4614	0.7201	75.5513	0.6939	1.2e-04	0.5247
7700	-108.9511	-108.9511	-78.3163	0.7188	75.6961	0.6952	1.2e-04	0.5262
7701	-108.9622	-108.9622	-77.9130	0.7150	76.1053	0.6990	1.2e-04	0.5243
7702	-108.9768	-108.9768	-77.7879	0.7138	76.2551	0.7003	1.2e-04	0.5262
7703	-108.9660	-108.9660	-78.5729	0.7211	75.4392	0.6928	1.2e-04	0.5261
7704	-108.9643	-108.9643	-78.7748	0.7229	75.2179	0.6908	1.2e-04	0.5248
7705	-108.9736	-108.9736	-78.6540	0.7218	75.3622	0.6921	1.2e-04	0.5283
7706	-108.9710	-108.9710	-78.5114	0.7205	75.5095	0.6934	1.2e-04	0.5256
7707	-108.9615	-108.9615	-77.7585	0.7136	76.2451	0.7002	1.2e-04	0.5250
7708	-108.9641	-108.9641	-78.1078	0.7168	75.9204	0.6972	1.2e-04	0.5245
7709	-108.9674	-108.9674	-78.2365	0.7180	75.7949	0.6960	1.2e-04	0.5239
7710	-108.9685	-108.9685	-78.2522	0.7181	75.7630	0.6958	1.2e-04	0.5249
7711	-108.9621	-108.9621	-78.5133	0.7206	75.5121	0.6934	1.2e-04	0.5271
7712	-108.9692	-108.9692	-78.2668	0.7182	75.7612	0.6958	1.2e-04	0.5260
7713	-108.9783	-108.9783	-77.9141	0.7150	76.1318	0.6990	1.2e-04	0.5260
7714	-108.9938	-108.9938	-78.5190	0.7204	75.5237	0.6935	1.2e-04	0.5255
7715	-108.9485	-108.9485	-78.0189	0.7161	76.0007	0.6980	1.2e-04	0.5245
7716	-108.9479	-108.9479	-78.2074	0.7178	75.7722	0.6960	1.2e-04	0.5259
7717	-108.9632	-108.9632	-78.5635	0.7210	75.4078	0.6925	1.2e-04	0.5246
7718	-108.9567	-108.9567	-78.7374	0.7226	75.2516	0.6910	1.2e-04	0.5260
7719	-108.9744	-108.9744	-78.2385	0.7180	75.7739	0.6960	1.2e-04	0.5251
7720	-108.9600	-108.9600	-78.5667	0.7211	75.4014	0.6925	1.2e-04	0.5267
7721	-108.9644	-108.9644	-78.7798	0.7230	75.2313	0.6909	1.2e-04	0.5245
7722	-108.9704	-108.9704	-79.2804	0.7275	74.6865	0.6860	1.2e-04	0.5240
7723	-108.9580	-108.9580	-78.7149	0.7224	75.2837	0.6914	1.2e-04	0.5268
7724	-108.9583	-108.9583	-79.3842	0.7286	74.5846	0.6849	1.2e-04	0.5245
7725	-108.9570	-108.9570	-79.8192	0.7326	74.1189	0.6807	1.2e-04	0.5249
7726	-108.9605	-108.9605	-79.4166	0.7289	74.5390	0.6846	1.2e-04	0.5256
7727	-108.9606	-108.9606	-79.8014	0.7324	74.1333	0.6808	1.2e-04	0.5256
7728	-108.9693	-108.9693	-79.2695	0.7274	74.7188	0.6862	1.2e-04	0.5260
7729	-108.9535	-108.9535	-79.0001	0.7251	74.9811	0.6887	1.2e-04	0.5261
7730	-108.9590	-108.9590	-79.0405	0.7254	74.9357	0.6883	1.2e-04	0.5246
7731	-108.9389	-108.9389	-79.3325	0.7282	74.6011	0.6853	1.2e-04	0.5266
7732	-108.9460	-108.9460	-78.3726	0.7194	75.6199	0.6946	1.2e-04	0.5258
7733	-108.9657	-108.9657	-78.7295	0.7225	75.2820	0.6913	1.2e-04	0.5265
7734	-108.9692	-108.9692	-78.9174	0.7242	75.0851	0.6895	1.2e-04	0.5258
7735	-108.9469	-108.9469	-78.8227	0.7235	75.1614	0.6903	1.2e-04	0.5278
7736	-108.9750	-108.9750	-78.3459	0.7189	75.6904	0.6950	1.2e-04	0.5273
7737	-108.9769	-108.9769	-78.7687	0.7228	75.2434	0.6909	1.2e-04	0.5264
7738	-108.9697	-108.9697	-79.2793	0.7275	74.6975	0.6860	1.2e-04	0.5252
7739	-108.9641	-108.9641	-79.1560	0.7264	74.8130	0.6871	1.2e-04	0.5257
7740	-108.9738	-108.9738	-78.8395	0.7235	75.1659	0.6903	1.2e-04	0.5247
7741	-108.9606	-108.9606	-79.0878	0.7258	74.8834	0.6877	1.2e-04	0.5248
7742	-108.9569	-108.9569	-77.8588	0.7146	76.1280	0.6991	1.2e-04	0.5267
7743	-108.9546	-108.9546	-78.3637	0.7192	75.6445	0.6948	1.2e-04	0.5260
7744	-108.9757	-108.9757	-78.2591	0.7181	75.7754	0.6959	1.2e-04	0.5242
7745	-108.9702	-108.9702	-79.0540	0.7255	74.9459	0.6882	1.2e-04	0.5264
7746	-108.9876	-108.9876	-79.3515	0.7281	74.6466	0.6855	1.2e-04	0.5257
7747	-108.9711	-108.9711	-78.9420	0.7244	75.0636	0.6893	1.2e-04	0.5256
7748	-108.9793	-108.9793	-78.2239	0.7178	75.8110	0.6963	1.2e-04	0.5271
7749	-108.9647	-108.9647	-79.4027	0.7287	74.5681	0.6848	1.2e-04	0.5259
7750	-108.9570	-108.9570	-78.5696	0.7211	75.4162	0.6927	1.2e-04	0.5249
7751	-108.9571	-108.9571	-79.4922	0.7296	74.4597	0.6839	1.2e-04	0.5257
7752	-108.9619	-108.9619	-79.4896	0.7295	74.4779	0.6840	1.2e-04	0.5254
7753	-108.9707	-108.9707	-79.2553	0.7273	74.7280	0.6863	1.2e-04	0.5272
7754	-108.9572	-108.9572	-78.8396	0.7236	75.1611	0.6902	1.2e-04	0.5260
7755	-108.9565	-108.9565	-77.8935	0.7149	76.1341	0.6992	1.2e-04	0.5263
7756	-108.9537	-108.9537	-78.9466	0.7246	75.0340	0.6892	1.2e-04	0.5269
7757	-108.9675	-108.9675	-78.8403	0.7235	75.1592	0.6902	1.2e-04	0.5267
7758	-108.9586	-108.9586	-79.4210	0.7289	74.5270	0.6845	1.2e-04	0.5243
7759	-108.9765	-108.9765	-78.6923	0.7221	75.3298	0.6917	1.2e-04	0.5251
7760	-108.9512	-108.9512	-78.5363	0.7208	75.4649	0.6931	1.2e-04	0.5259
7761	-108.9809	-108.9809	-78.4717	0.7201	75.5611	0.6939	1.2e-04	0.5259
7762	-108.9651	-108.9651	-78.3939	0.7194	75.6220	0.6945	1.2e-04	0.5253
7763	-108.9602	-108.9602	-79.4624	0.7293	74.4972	0.6841	1.2e-04	0.5261
7764	-108.9601	-108.9601	-77.9665	0.7156	76.0551	0.6985	1.2e-04	0.5257
7765	-108.9744	-108.9744	-78.3117	0.7186	75.7185	0.6953	1.2e-04	0.5264
7766	-108.9774	-108.9774	-78.0610	0.7163	75.9826	0.6978	1.2e-04	0.5244
7767	-108.9713	-108.9713	-78.3352	0.7189	75.6961	0.6952	1.2e-04	0.5249
7768	-108.9575	-108.9575	-78.8362	0.7236	75.1616	0.6903	1.2e-04	0.5269
7769	-108.9542	-108.9542	-78.2017	0.7177	75.8222	0.6963	1.2e-04	0.5255
7770	-108.9589	-108.9589	-78.5803	0.7212	75.4053	0.6926	1.2e-04	0.5242
7771	-108.9745	-108.9745	-79.0059	0.7250	74.9996	0.6888	1.2e-04	0.5260
7772	-108.9586	-108.9586	-79.1965	0.7268	74.7835	0.6868	1.2e-04	0.5254
7773	-108.9671	-108.9671	-78.5186	0.7206	75.5005	0.6934	1.2e-04	0.5245
7774	-108.9850	-108.9850	-78.3832	0.7192	75.6644	0.6948	1.2e-04	0.5257
7775	-108.9790	-108.9790	-78.0546	0.7162	75.9687	0.6976	1.2e-04	0.5256
7776	-108.9610	-108.9610	-78.1561	0.7173	75.8628	0.6968	1.2e-04	0.5266
7777	-108.9797	-108.9797	-78.4607	0.7200	75.5757	0.6940	1.2e-04	0.5254
7778	-108.9668	-108.9668	-77.8444	0.7144	76.1971	0.6997	1.2e-04	0.5343
7779	-108.9552	-108.9552	-79.7959	0.7324	74.1323	0.6809	1.2e-04	0.5241
7780	-108.9654	-108.9654	-77.4767	0.7110	76.5603	0.7031	1.2e-04	0.5265
7781	-108.9644	-108.9644	-78.2916	0.7185	75.7348	0.6955	1.2e-04	0.5257
7782	-108.9579	-108.9579	-78.1310	0.7171	75.8624	0.6968	1.2e-04	0.5269
7783	-108.9569	-108.9569	-78.5897	0.7213	75.4138	0.6926	1.2e-04	0.5254
7784	-108.9672	-108.9672	-78.2504	0.7181	75.7466	0.6957	1.2e-04	0.5245
7785	-108.9741	-108.9741	-78.7278	0.7224	75.2887	0.6914	1.2e-04	0.5264
7786	-108.9782	-108.9782	-79.0238	0.7251	74.9665	0.6885	1.2e-04	0.5247
7787	-108.9665	-108.9665	-78.3022	0.7186	75.7260	0.6954	1.2e-04	0.5258
7788	-108.9737	-108.9737	-79.1659	0.7265	74.7882	0.6869	1.2e-04	0.5253
7789	-108.9473	-108.9473	-78.2574	0.7183	75.7360	0.6957	1.2e-04	0.5254
7790	-108.9589	-108.9589	-78.4450	0.7200	75.5612	0.6940	1.2e-04	0.5252
7791	-108.9641	-108.9641	-78.2045	0.7177	75.8167	0.6963	1.2e-04	0.5272
7792	-108.9605	-108.9605	-78.2437	0.7181	75.7615	0.6958	1.2e-04	0.5267
7793	-108.9539	-108.9539	-77.4226	0.7106	76.5997	0.7035	1.2e-04	0.5267
7794	-108.9806	-108.9806	-76.7578	0.7043	77.2830	0.7098	1.2e-04	0.5260
7795	-108.9617	-108.9617	-77.3131	0.7095	76.7286	0.7047	1.2e-04	0.5251
7796	-108.9601	-108.9601	-77.9991	0.7158	76.0317	0.6982	1.2e-04	0.5245
7797	-108.9508	-108.9508	-77.2966	0.7095	76.7413	0.7047	1.2e-04	0.5241
7798	-108.9723	-108.9723	-77.2063	0.7085	76.8435	0.7057	1.2e-04	0.5250
7799	-108.9634	-108.9634	-76.4285	0.7014	77.6046	0.7128	1.2e-04	0.5275
7800	-108.9593	-108.9593	-77.4230	0.7106	76.6175	0.7036	1.2e-04	0.5275
7801	-108.9725	-108.9725	-76.3510	0.7006	77.7032	0.7135	1.2e-04	0.5245
7802	-108.9582	-108.9582	-77.0807	0.7074	76.9584	0.7068	1.2e-04	0.5280
7803	-108.9667	-108.9667	-76.8365	0.7051	77.2219	0.7091	1.2e-04	0.5251
7804	-108.9767	-108.9767	-76.1538	0.6988	77.8915	0.7153	1.2e-04	0.5240
7805	-108.9604	-108.9604	-76.5301	0.7024	77.5114	0.7118	1.2e-04	0.5270
7806	-108.9466	-108.9466	-77.5128	0.7115	76.5105	0.7027	1.2e-04	0.5246
7807	-108.9559	-108.9559	-77.3478	0.7099	76.6895	0.7043	1.2e-04	0.5253
7808	-108.9686	-108.9686	-76.9751	0.7064	77.0560	0.7076	1.2e-04	0.5276
7809	-108.9694	-108.9694	-77.1415	0.7079	76.8951	0.7062	1.2e-04	0.5257
7810	-108.9603	-108.9603	-76.7973	0.7048	77.2312	0.7092	1.2e-04	0.5247
7811	-108.9676	-108.9676	-77.6397	0.7125	76.3950	0.7016	1.2e-04	0.5256
7812	-108.9744	-108.9744	-77.4240	0.7105	76.6322	0.7037	1.2e-04	0.5247
7813	-108.9475	-108.9475	-76.9564	0.7064	77.0697	0.7078	1.2e-04	0.5245
7814	-108.9551	-108.9551	-76.6873	0.7038	77.3413	0.7103	1.2e-04	0.5250
7815	-108.9706	-108.9706	-76.7953	0.7047	77.2221	0.7091	1.2e-04	0.5250
7816	-108.9672	-108.9672	-76.8464	0.7052	77.2030	0.7090	1.2e-04	0.5265
7817	-108.9620	-108.9620	-77.1820	0.7083	76.8558	0.7058	1.2e-04	0.5250
7818	-108.9610	-108.9610	-76.3135	0.7004	77.7238	0.7138	1.2e-04	0.5269
7819	-108.9521	-108.9521	-77.0492	0.7072	76.9779	0.7070	1.2e-04	0.5268
7820	-108.9709	-108.9709	-76.6703	0.7036	77.3655	0.7105	1.2e-04	0.5263
7821	-108.9769	-108.9769	-76.7996	0.7047	77.1994	0.7090	1.2e-04	0.5252
7822	-108.9592	-108.9592	-77.3598	0.7100	76.6806	0.7042	1.2e-04	0.5265
7823	-108.9694	-108.9694	-76.6223	0.7032	77.4218	0.7110	1.2e-04	0.5258
7824	-108.9796	-108.9796	-76.7585	0.7043	77.2676	0.7095	1.2e-04	0.5241
7825	-108.9682	-108.9682	-77.1278	0.7078	76.9266	0.7064	1.2e-04	0.5268
7826	-108.9589	-108.9589	-77.1076	0.7077	76.9171	0.7064	1.2e-04	0.5264
7827	-108.9508	-108.9508	-77.1769	0.7084	76.8449	0.7058	1.2e-04	0.5257
7828	-108.9723	-108.9723	-76.7796	0.7046	77.2706	0.7096	1.2e-04	0.5263
7829	-108.9660	-108.9660	-77.6915	0.7130	76.3470	0.7011	1.2e-04	0.5248
7830	-108.9656	-108.9656	-76.9640	0.7063	77.0887	0.7079	1.2e-04	0.5271
7831	-108.9501	-108.9501	-77.3467	0.7099	76.6836	0.7042	1.2e-04	0.5253
7832	-108.9459	-108.9459	-76.9482	0.7063	77.0720	0.7079	1.2e-04	0.5249
7833	-108.9616	-108.9616	-76.9629	0.7063	77.0777	0.7078	1.2e-04	0.5255
7834	-108.9676	-108.9676	-76.6367	0.7033	77.4066	0.7108	1.2e-04	0.5269
7835	-108.9604	-108.9604	-76.2830	0.7001	77.7495	0.7140	1.2e-04	0.5266
7836	-108.9806	-108.9806	-77.0024	0.7066	77.0611	0.7076	1.2e-04	0.5244
7837	-108.9590	-108.9590	-77.1561	0.7081	76.8782	0.7061	1.2e-04	0.5263
7838	-108.9642	-108.9642	-77.6657	0.7128	76.3771	0.7014	1.2e-04	0.5258
7839	-108.9628	-108.9628	-76.8491	0.7053	77.1715	0.7089	1.2e-04	0.5245
7840	-108.9515	-108.9515	-77.3492	0.7099	76.6892	0.7042	1.2e-04	0.5258
7841	-108.9544	-108.9544	-77.2490	0.7090	76.7802	0.7052	1.2e-04	0.5253
7842	-108.9620	-108.9620	-76.5754	0.7028	77.4559	0.7113	1.2e-04	0.5253
7843	-108.9601	-108.9601	-76.6995	0.7039	77.3514	0.7103	1.2e-04	0.5244
7844	-108.9547	-108.9547	-77.1102	0.7077	76.9008	0.7063	1.2e-04	0.5251
7845	-108.9599	-108.9599	-77.0212	0.7069	77.0117	0.7073	1.2e-04	0.5272
7846	-108.9688	-108.9688	-77.0427	0.7070	77.0055	0.7072	1.2e-04	0.5255
7847	-108.9686	-108.9686	-76.1999	0.6993	77.8380	0.7148	1.2e-04	0.5269
7848	-108.9640	-108.9640	-76.9842	0.7065	77.0555	0.7077	1.2e-04	0.5258
7849	-108.9507	-108.9507	-76.3065	0.7004	77.7155	0.7137	1.2e-04	0.5260
7850	-108.9703	-108.9703	-77.3210	0.7096	76.7312	0.7046	1.2e-04	0.5265
7851	-108.9582	-108.9582	-76.9393	0.7061	77.0765	0.7080	1.2e-04	0.5261
7852	-108.9659	-108.9659	-77.6133	0.7123	76.4302	0.7019	1.2e-04	0.5283
7853	-108.9772	-108.9772	-76.5715	0.7026	77.4781	0.7115	1.2e-04	0.5259
7854	-108.9563	-108.9563	-77.2484	0.7090	76.7841	0.7052	1.2e-04	0.5251
7855	-108.9713	-108.9713	-76.5128	0.7021	77.5380	0.7120	1.2e-04	0.5263
7856	-108.9636	-108.9636	-76.8759	0.7055	77.1652	0.7087	1.2e-04	0.5252
7857	-108.9623	-108.9623	-76.2500	0.6998	77.7785	0.7143	1.2e-04	0.5258
7858	-108.9540	-108.9540	-77.4915	0.7112	76.5369	0.7029	1.2e-04	0.5256
7859	-108.9654	-108.9654	-76.4532	0.7016	77.5901	0.7125	1.2e-04	0.5243
7860	-108.9580	-108.9580	-77.2703	0.7092	76.7581	0.7050	1.2e-04	0.5271
7861	-108.9620	-108.9621	-75.7076	0.6948	78.3097	0.7192	1.2e-04	0.5252
7862	-108.9637	-108.9638	-75.5741	0.6936	78.4378	0.7204	1.2e-04	0.5258
7863	-108.9657	-108.9657	-76.2632	0.6999	77.7636	0.7142	1.2e-04	0.5261
7864	-108.9702	-108.9702	-76.4395	0.7015	77.6073	0.7127	1.2e-04	0.5265
7865	-108.9690	-108.9690	-76.4595	0.7017	77.5873	0.7125	1.2e-04	0.5258
7866	-108.9676	-108.9676	-75.6545	0.6943	78.3704	0.7196	1.2e-04	0.5247
7867	-108.9694	-108.9694	-75.9771	0.6972	78.0580	0.7168	1.2e-04	0.5273
7868	-108.9721	-108.9721	-77.2877	0.7092	76.7461	0.7047	1.2e-04	0.5261
7869	-108.9679	-108.9679	-76.8046	0.7048	77.2530	0.7094	1.2e-04	0.5255
7870	-108.9578	-108.9578	-76.6964	0.7039	77.3211	0.7101	1.2e-04	0.5266
7871	-108.9469	-108.9469	-77.2292	0.7089	76.7975	0.7053	1.2e-04	0.5252
7872	-108.9774	-108.9774	-77.0538	0.7071	77.0016	0.7071	1.2e-04	0.5272
7873	-108.9697	-108.9697	-76.9253	0.7059	77.1213	0.7083	1.2e-04	0.5260
7874	-108.9618	-108.9618	-77.2390	0.7089	76.8025	0.7053	1.2e-04	0.5247
7875	-108.9609	-108.9609	-76.5576	0.7026	77.4662	0.7115	1.2e-04	0.5252
7876	-108.9558	-108.9558	-77.5369	0.7116	76.5016	0.7025	1.2e-04	0.5283
7877	-108.9685	-108.9685	-76.8074	0.7049	77.2411	0.7093	1.2e-04	0.5259
7878	-108.9678	-108.9678	-77.3093	0.7095	76.7315	0.7047	1.2e-04	0.5260
7879	-108.9474	-108.9474	-76.8698	0.7056	77.1606	0.7086	1.2e-04	0.5248
7880	-108.9635	-108.9635	-76.8171	0.7050	77.2154	0.7092	1.2e-04	0.5250
7881	-108.9668	-108.9668	-77.2487	0.7089	76.7986	0.7052	1.2e-04	0.5265
7882	-108.9692	-108.9692	-77.3121	0.7095	76.7284	0.7047	1.2e-04	0.5276
7883	-108.9694	-108.9694	-77.4883	0.7111	76.5605	0.7031	1.2e-04	0.5278
7884	-108.9614	-108.9614	-77.0660	0.7073	76.9609	0.7068	1.2e-04	0.5255
7885	-108.9609	-108.9609	-77.1921	0.7084	76.8474	0.7057	1.2e-04	0.5253
7886	-108.9593	-108.9593	-77.4612	0.7109	76.5737	0.7033	1.2e-04	0.5275
7887	-108.9671	-108.9671	-77.4565	0.7108	76.5799	0.7033	1.2e-04	0.5264
7888	-108.9640	-108.9640	-76.9741	0.7064	77.0737	0.7078	1.2e-04	0.5271
7889	-108.9549	-108.9549	-77.1088	0.7077	76.9270	0.7065	1.2e-04	0.5260
7890	-108.9572	-108.9572	-76.3722	0.7009	77.6603	0.7132	1.2e-04	0.5257
7891	-108.9588	-108.9588	-77.3788	0.7102	76.6538	0.7039	1.2e-04	0.5255
7892	-108.9664	-108.9664	-77.8191	0.7142	76.2057	0.6998	1.2e-04	0.5253
7893	-108.9432	-108.9432	-77.6191	0.7125	76.3942	0.7017	1.2e-04	0.5280
7894	-108.9681	-108.9681	-76.6389	0.7033	77.4114	0.7109	1.2e-04	0.5261
7895	-108.9823	-108.9823	-77.0732	0.7072	76.9867	0.7069	1.2e-04	0.5251
7896	-108.9583	-108.9583	-77.2670	0.7091	76.7786	0.7051	1.2e-04	0.5272
7897	-108.9583	-108.9583	-77.0196	0.7069	76.9993	0.7072	1.2e-04	0.5257
7898	-108.9452	-108.9452	-77.3266	0.7098	76.6854	0.7044	1.2e-04	0.5251
7899	-108.9642	-108.9642	-78.3407	0.7190	75.6805	0.6951	1.2e-04	0.5260
7900	-108.9649	-108.9649	-77.0812	0.7074	76.9509	0.7066	1.2e-04	0.5256
7901	-108.9598	-108.9598	-77.8562	0.7145	76.1778	0.6996	1.2e-04	0.5239
7902	-108.9706	-108.9706	-77.5672	0.7118	76.4665	0.7023	1.2e-04	0.5256
7903	-108.9735	-108.9735	-77.1497	0.7080	76.9037	0.7062	1.2e-04	0.5268
7904	-108.9614	-108.9614	-77.4166	0.7105	76.6107	0.7036	1.2e-04	0.5252
7905	-108.9647	-108.9647	-76.6476	0.7034	77.3980	0.7108	1.2e-04	0.5253
7906	-108.9694	-108.9694	-77.2570	0.7090	76.7844	0.7052	1.2e-04	0.5267
7907	-108.9836	-108.9836	-77.1130	0.7076	76.9531	0.7066	1.2e-04	0.5251
7908	-108.9744	-108.9744	-77.5089	0.7113	76.5458	0.7029	1.2e-04	0.5280
7909	-108.9703	-108.9703	-77.7193	0.7132	76.3119	0.7009	1.2e-04	0.5261
7910	-108.9737	-108.9737	-77.0525	0.7071	76.9959	0.7071	1.2e-04	0.5263
7911	-108.9633	-108.9633	-76.9786	0.7065	77.0590	0.7077	1.2e-04	0.5256
7912	-108.9722	-108.9722	-77.0747	0.7073	76.9794	0.7069	1.2e-04	0.5260
7913	-108.9723	-108.9723	-76.5462	0.7024	77.4883	0.7117	1.2e-04	0.5269
7914	-108.9668	-108.9668	-76.3021	0.7002	77.7244	0.7138	1.2e-04	0.5270
7915	-108.9819	-108.9819	-77.4431	0.7106	76.6283	0.7036	1.2e-04	0.5274
7916	-108.9589	-108.9589	-76.6748	0.7037	77.3636	0.7105	1.2e-04	0.5269
7917	-108.9764	-108.9764	-76.6734	0.7036	77.3655	0.7105	1.2e-04	0.5260
7918	-108.9629	-108.9629	-77.0155	0.7068	77.0267	0.7073	1.2e-04	0.5281
7919	-108.9579	-108.9579	-77.6268	0.7124	76.3976	0.7017	1.2e-04	0.5269
7920	-108.9689	-108.9689	-77.1091	0.7076	76.9407	0.7066	1.2e-04	0.5255
7921	-108.9586	-108.9586	-77.8820	0.7148	76.1500	0.6993	1.2e-04	0.5259
7922	-108.9576	-108.9576	-78.2352	0.7180	75.7866	0.6960	1.2e-04	0.5260
7923	-108.9522	-108.9522	-76.7604	0.7045	77.2581	0.7095	1.2e-04	0.5260
7924	-108.9806	-108.9806	-76.5226	0.7022	77.5147	0.7118	1.2e-04	0.5280
7925	-108.9656	-108.9656	-76.5137	0.7022	77.5265	0.7120	1.2e-04	0.5268
7926	-108.9762	-108.9762	-76.7773	0.7045	77.2611	0.7096	1.2e-04	0.5250
7927	-108.9487	-108.9487	-77.2731	0.7093	76.7424	0.7049	1.2e-04	0.5259
7928	-108.9566	-108.9566	-76.4674	0.7018	77.5592	0.7123	1.2e-04	0.5263
7929	-108.9639	-108.9639	-75.8973	0.6965	78.1371	0.7175	1.2e-04	0.5274
7930	-108.9623	-108.9623	-76.8682	0.7055	77.1817	0.7088	1.2e-04	0.5270
7931	-108.9578	-108.9578	-76.6644	0.7036	77.3682	0.7106	1.2e-04	0.5263
7932	-108.9644	-108.9644	-77.0698	0.7073	76.9758	0.7068	1.2e-04	0.5257
7933	-108.9604	-108.9604	-76.6193	0.7032	77.4228	0.7110	1.2e-04	0.5278
7934	-108.9436	-108.9436	-76.6361	0.7034	77.3873	0.7107	1.2e-04	0.5265
7935	-108.9449	-108.9449	-76.4379	0.7016	77.5737	0.7125	1.2e-04	0.5253
7936	-108.9892	-108.9892	-76.5696	0.7025	77.5016	0.7116	1.2e-04	0.5263
7937	-108.9669	-108.9669	-76.9142	0.7058	77.1315	0.7083	1.2e-04	0.5253
7938	-108.9585	-108.9585	-77.5269	0.7115	76.4671	0.7023	1.2e-04	0.5264
7939	-108.9734	-108.9734	-75.9704	0.6971	78.0564	0.7169	1.2e-04	0.5270
7940	-108.9646	-108.9646	-76.9958	0.7066	77.0462	0.7076	1.2e-04	0.5277
7941	-108.9731	-108.9731	-75.8310	0.6959	78.1907	0.7180	1.2e-04	0.5264
7942	-108.9734	-108.9734	-76.6939	0.7038	77.3633	0.7104	1.2e-04	0.5281
7943	-108.9713	-108.9713	-76.0767	0.6981	77.9547	0.7159	1.2e-04	0.5253
7944	-108.9490	-108.9490	-76.6526	0.7036	77.3745	0.7106	1.2e-04	0.5262
7945	-108.9511	-108.9511	-76.0141	0.6977	78.0055	0.7163	1.2e-04	0.5254
7946	-108.9583	-108.9583	-77.5175	0.7114	76.5131	0.7027	1.2e-04	0.5263
7947	-108.9604	-108.9604	-76.4266	0.7014	77.6071	0.7127	1.2e-04	0.5258
7948	-108.9614	-108.9614	-77.0134	0.7068	77.0265	0.7074	1.2e-04	0.5260
7949	-108.9587	-108.9587	-77.2154	0.7087	76.8317	0.7055	1.2e-04	0.5259
7950	-108.9547	-108.9547	-77.8149	0.7142	76.2141	0.6999	1.2e-04	0.5258
7951	-108.9631	-108.9631	-77.1486	0.7080	76.8969	0.7061	1.2e-04	0.5265
7952	-108.9501	-108.9501	-77.3919	0.7103	76.6294	0.7038	1.2e-04	0.5260
7953	-108.9632	-108.9632	-76.8379	0.7052	77.1937	0.7090	1.2e-04	0.5256
7954	-108.9708	-108.9708	-77.0332	0.7069	77.0225	0.7073	1.2e-04	0.5275
7955	-108.9646	-108.9646	-76.7277	0.7042	77.3191	0.7100	1.2e-04	0.5252
7956	-108.9548	-108.9548	-76.8201	0.7051	77.1899	0.7089	1.2e-04	0.5262
7957	-108.9712	-108.9712	-76.7635	0.7044	77.2870	0.7098	1.2e-04	0.5256
7958	-108.9715	-108.9715	-76.5195	0.7022	77.5321	0.7120	1.2e-04	0.5250
7959	-108.9507	-108.9507	-77.5229	0.7115	76.5105	0.7026	1.2e-04	0.5255
7960	-108.9659	-108.9659	-76.3687	0.7009	77.6659	0.7132	1.2e-04	0.5274
7961	-108.9558	-108.9558	-76.7687	0.7046	77.2574	0.7095	1.2e-04	0.5253
7962	-108.9833	-108.9833	-77.4880	0.7110	76.5774	0.7032	1.2e-04	0.5252
7963	-108.9636	-108.9636	-76.8173	0.7050	77.2195	0.7092	1.2e-04	0.5333
7964	-108.9620	-108.9620	-77.1500	0.7080	76.8635	0.7059	1.2e-04	0.5268
7965	-108.9590	-108.9590	-76.6825	0.7038	77.3478	0.7104	1.2e-04	0.5259
7966	-108.9673	-108.9673	-76.7147	0.7040	77.3399	0.7102	1.2e-04	0.5264
7967	-108.9573	-108.9573	-78.0219	0.7161	76.0062	0.6980	1.2e-04	0.5258
7968	-108.9555	-108.9555	-76.0901	0.6984	77.9415	0.7157	1.2e-04	0.5238
7969	-108.9650	-108.9650	-77.6503	0.7126	76.3700	0.7014	1.2e-04	0.5269
7970	-108.9554	-108.9554	-76.4264	0.7014	77.6034	0.7127	1.2e-04	0.5251
7971	-108.9515	-108.9515	-77.1650	0.7083	76.8689	0.7060	1.2e-04	0.5266
7972	-108.9420	-108.9420	-77.5425	0.7118	76.4692	0.7023	1.2e-04	0.5261
7973	-108.9649	-108.9649	-76.5162	0.7022	77.5046	0.7117	1.2e-04	0.5256
7974	-108.9677	-108.9677	-77.7276	0.7133	76.2999	0.7007	1.2e-04	0.5261
7975	-108.9792	-108.9792	-76.9860	0.7064	77.0706	0.7077	1.2e-04	0.5253
7976	-108.9552	-108.9552	-77.6925	0.7131	76.3155	0.7009	1.2e-04	0.5269
7977	-108.9756	-108.9756	-77.1634	0.7081	76.9003	0.7061	1.2e-04	0.5257
7978	-108.9626	-108.9626	-76.7430	0.7043	77.2918	0.7098	1.2e-04	0.5282
7979	-108.9749	-108.9749	-77.1287	0.7078	76.9289	0.7064	1.2e-04	0.5252
7980	-108.9605	-108.9605	-77.1754	0.7083	76.8625	0.7059	1.2e-04	0.5269
7981	-108.9613	-108.9613	-77.6527	0.7127	76.3857	0.7015	1.2e-04	0.5255
7982	-108.9564	-108.9564	-77.0780	0.7074	76.9481	0.7067	1.2e-04	0.5257
7983	-108.9601	-108.9601	-76.5993	0.7030	77.4161	0.7109	1.2e-04	0.5266
7984	-108.9498	-108.9498	-76.4943	0.7021	77.5155	0.7119	1.2e-04	0.5254
7985	-108.9553	-108.9553	-77.6779	0.7129	76.3509	0.7012	1.2e-04	0.5290
7986	-108.9718	-108.9718	-76.2220	0.6995	77.8171	0.7146	1.2e-04	0.5260
7987	-108.9641	-108.9641	-76.6651	0.7036	77.3736	0.7105	1.2e-04	0.5249
7988	-108.9734	-108.9734	-76.7514	0.7043	77.2949	0.7098	1.2e-04	0.5269
7989	-108.9662	-108.9662	-77.0939	0.7075	76.9521	0.7067	1.2e-04	0.5252
7990	-108.9690	-108.9690	-76.5460	0.7025	77.4781	0.7115	1.2e-04	0.5264
7991	-108.9671	-108.9671	-77.3929	0.7102	76.6452	0.7038	1.2e-04	0.5257
7992	-108.9712	-108.9712	-76.2099	0.6994	77.8337	0.7148	1.2e-04	0.5259
7993	-108.9566	-108.9566	-76.4349	0.7015	77.5927	0.7126	1.2e-04	0.5248
7994	-108.9619	-108.9619	-76.3678	0.7009	77.6572	0.7132	1.2e-04	0.5257
7995	-108.9579	-108.9579	-76.1780	0.6992	77.8529	0.7150	1.2e-04	0.5277
7996	-108.9704	-108.9704	-75.7174	0.6948	78.2951	0.7190	1.2e-04	0.5262
7997	-108.9568	-108.9568	-76.5227	0.7023	77.5087	0.7119	1.2e-04	0.5249
7998	-108.9640	-108.9640	-76.2100	0.6994	77.8289	0.7147	1.2e-04	0.5272
7999	-108.9635	-108.9635	-76.0618	0.6980	77.9676	0.7160	1.2e-04	0.5251
8000	-108.9646	-108.9646	-76.9867	0.7065	77.0568	0.7076	1.2e-04	0.5249
8001	-108.9552	-108.9552	-77.6597	0.7128	76.3682	0.7014	1.2e-04	0.5254
8002	-108.9642	-108.9642	-76.5308	0.7023	77.4927	0.7117	1.2e-04	0.5268
8003	-108.9658	-108.9658	-76.9693	0.7064	77.0784	0.7078	1.2e-04	0.5264
8004	-108.9702	-108.9702	-75.9270	0.6968	78.0983	0.7173	1.2e-04	0.5249
8005	-108.9686	-108.9686	-76.0555	0.6980	77.9662	0.7160	1.2e-04	0.5249
8006	-108.9663	-108.9663	-76.1331	0.6987	77.8943	0.7152	1.2e-04	0.5242
8007	-108.9770	-108.9770	-76.2648	0.6998	77.7652	0.7142	1.2e-04	0.5276
8008	-108.9720	-108.9720	-76.7238	0.7041	77.3196	0.7100	1.2e-04	0.5282
8009	-108.9627	-108.9627	-77.5265	0.7115	76.5113	0.7027	1.2e-04	0.5250
8010	-108.9652	-108.9652	-76.6173	0.7031	77.4335	0.7111	1.2e-04	0.5258
8011	-108.9668	-108.9668	-76.4518	0.7016	77.5915	0.7126	1.2e-04	0.5260
8012	-108.9560	-108.9560	-76.4403	0.7016	77.5945	0.7126	1.2e-04	0.5277
8013	-108.9790	-108.9790	-76.8800	0.7055	77.1839	0.7087	1.2e-04	0.5259
8014	-108.9589	-108.9589	-76.1438	0.6988	77.8807	0.7152	1.2e-04	0.5265
8015	-108.9672	-108.9672	-76.8813	0.7055	77.1470	0.7085	1.2e-04	0.5250
8016	-108.9657	-108.9657	-75.9292	0.6968	78.0829	0.7171	1.2e-04	0.5259
8017	-108.9545	-108.9545	-76.3286	0.7006	77.7024	0.7136	1.2e-04	0.5273
8018	-108.9691	-108.9691	-76.9217	0.7059	77.1336	0.7083	1.2e-04	0.5257
8019	-108.9751	-108.9751	-75.7338	0.6950	78.2968	0.7190	1.2e-04	0.5256
8020	-108.9565	-108.9565	-77.3951	0.7103	76.6474	0.7039	1.2e-04	0.5277
8021	-108.9599	-108.9599	-76.9318	0.7061	77.0510	0.7077	1.2e-04	0.5250
8022	-108.9463	-108.9463	-76.5859	0.7030	77.4150	0.7110	1.2e-04	0.5271
8023	-108.9608	-108.9608	-76.9048	0.7058	77.1289	0.7084	1.2e-04	0.5259
8024	-108.9488	-108.9488	-76.6944	0.7039	77.3231	0.7102	1.2e-04	0.5256
8025	-108.9679	-108.9679	-77.5599	0.7118	76.4869	0.7024	1.2e-04	0.5253
8026	-108.9644	-108.9644	-77.6562	0.7127	76.3709	0.7013	1.2e-04	0.5265
8027	-108.9743	-108.9743	-77.1270	0.7078	76.9159	0.7064	1.2e-04	0.5266
8028	-108.9642	-108.9642	-76.7569	0.7044	77.2960	0.7098	1.2e-04	0.5254
8029	-108.9536	-108.9536	-77.2895	0.7094	76.7471	0.7048	1.2e-04	0.5268
8030	-108.9625	-108.9625	-76.6622	0.7036	77.3722	0.7106	1.2e-04	0.5261
8031	-108.9734	-108.9734	-77.2457	0.7088	76.7937	0.7053	1.2e-04	0.5255
8032	-108.9660	-108.9660	-76.5073	0.7021	77.5220	0.7119	1.2e-04	0.5254
8033	-108.9508	-108.9508	-77.3454	0.7099	76.6854	0.7043	1.2e-04	0.5254
8034	-108.9640	-108.9640	-76.5723	0.7027	77.4541	0.7114	1.2e-04	0.5267
8035	-108.9761	-108.9761	-76.6544	0.7034	77.3953	0.7108	1.2e-04	0.5256
8036	-108.9689	-108.9689	-77.7827	0.7138	76.2664	0.7003	1.2e-04	0.5257
8037	-108.9786	-108.9786	-76.6783	0.7036	77.3590	0.7104	1.2e-04	0.5268
8038	-108.9624	-108.9624	-75.9848	0.6973	78.0481	0.7167	1.2e-04	0.5264
8039	-108.9595	-108.9595	-76.5702	0.7027	77.4687	0.7114	1.2e-04	0.5272
8040	-108.9638	-108.9638	-76.9983	0.7066	77.0169	0.7073	1.2e-04	0.5257
8041	-108.9623	-108.9623	-76.1651	0.6990	77.8601	0.7150	1.2e-04	0.5253
8042	-108.9700	-108.9700	-75.7526	0.6952	78.2747	0.7188	1.2e-04	0.5270
8043	-108.9521	-108.9521	-76.8860	0.7057	77.1505	0.7085	1.1e-04	0.5254
8044	-108.9706	-108.9706	-76.9989	0.7066	77.0238	0.7074	1.1e-04	0.5264
8045	-108.9620	-108.9620	-77.2721	0.7092	76.7687	0.7050	1.1e-04	0.6841
8046	-108.9669	-108.9669	-77.1267	0.7078	76.8852	0.7062	1.1e-04	0.5276
8047	-108.9581	-108.9581	-77.5752	0.7120	76.4523	0.7022	1.1e-04	0.5256
8048	-108.9546	-108.9546	-77.8838	0.7148	76.1413	0.6993	1.1e-04	0.5257
8049	-108.9666	-108.9666	-77.1437	0.7080	76.8900	0.7062	1.1e-04	0.5268
8050	-108.9602	-108.9602	-77.2801	0.7093	76.7360	0.7047	1.1e-04	0.5261
8051	-108.9576	-108.9576	-76.5817	0.7029	77.4519	0.7113	1.1e-04	0.5256
8052	-108.9581	-108.9581	-77.3019	0.7095	76.7315	0.7047	1.1e-04	0.5256
8053	-108.9601	-108.9601	-77.1749	0.7083	76.8687	0.7059	1.1e-04	0.5268
8054	-108.9726	-108.9726	-77.3058	0.7094	76.7434	0.7048	1.1e-04	0.5266
8055	-108.9821	-108.9821	-77.0410	0.7069	77.0276	0.7072	1.1e-04	0.5272
8056	-108.9570	-108.9570	-76.6905	0.7039	77.3378	0.7103	1.1e-04	0.5268
8057	-108.9630	-108.9630	-77.5565	0.7118	76.4914	0.7024	1.1e-04	0.5249
8058	-108.9722	-108.9722	-77.3146	0.7095	76.7417	0.7047	1.1e-04	0.5278
8059	-108.9701	-108.9701	-77.8150	0.7141	76.2267	0.7000	1.1e-04	0.5265
8060	-108.9626	-108.9626	-77.1303	0.7079	76.9222	0.7064	1.1e-04	0.5261
8061	-108.9536	-108.9536	-76.6167	0.7032	77.4099	0.7109	1.1e-04	0.5271
8062	-108.9411	-108.9411	-76.8271	0.7052	77.1994	0.7090	1.1e-04	0.5263
8063	-108.9587	-108.9587	-76.9285	0.7060	77.1061	0.7081	1.1e-04	0.5284
8064	-108.9737	-108.9737	-76.7056	0.7039	77.3473	0.7102	1.1e-04	0.5253
8065	-108.9804	-108.9805	-75.8731	0.6962	78.1634	0.7178	1.1e-04	0.5245
8066	-108.9630	-108.9630	-77.4045	0.7104	76.6134	0.7035	1.1e-04	0.5275
8067	-108.9645	-108.9645	-75.6694	0.6944	78.3603	0.7195	1.1e-04	0.5256
8068	-108.9628	-108.9628	-76.6380	0.7033	77.4023	0.7108	1.1e-04	0.5277
8069	-108.9553	-108.9553	-77.1250	0.7079	76.8850	0.7061	1.1e-04	0.5253
8070	-108.9598	-108.9598	-77.6431	0.7126	76.3914	0.7016	1.1e-04	0.5254
8071	-108.9646	-108.9646	-77.2565	0.7090	76.7938	0.7052	1.1e-04	0.5271
8072	-108.9637	-108.9637	-76.8671	0.7054	77.1769	0.7088	1.1e-04	0.5257
8073	-108.9651	-108.9651	-77.5527	0.7117	76.4955	0.7025	1.1e-04	0.5248
8074	-108.9589	-108.9589	-77.0986	0.7076	76.9447	0.7066	1.1e-04	0.5273
8075	-108.9557	-108.9557	-77.0991	0.7076	76.9154	0.7064	1.1e-04	0.5260
8076	-108.9653	-108.9653	-76.5618	0.7026	77.4736	0.7116	1.1e-04	0.5264
8077	-108.9594	-108.9594	-76.9406	0.7061	77.1020	0.7080	1.1e-04	0.5264
8078	-108.9549	-108.9549	-76.5229	0.7023	77.5103	0.7118	1.1e-04	0.5254
8079	-108.9651	-108.9651	-77.0494	0.7071	77.0035	0.7071	1.1e-04	0.5283
8080	-108.9836	-108.9836	-77.6923	0.7129	76.3731	0.7013	1.1e-04	0.5273
8081	-108.9516	-108.9516	-77.4028	0.7104	76.6275	0.7038	1.1e-04	0.5255
8082	-108.9672	-108.9672	-77.0468	0.7071	76.9716	0.7068	1.1e-04	0.5275
8083	-108.9525	-108.9525	-77.6161	0.7124	76.3884	0.7015	1.1e-04	0.5263
8084	-108.9527	-108.9527	-77.3761	0.7102	76.6579	0.7040	1.1e-04	0.5249
8085	-108.9717	-108.9717	-76.7031	0.7039	77.3359	0.7102	1.1e-04	0.5273
8086	-108.9802	-108.9802	-76.9081	0.7057	77.1540	0.7085	1.1e-04	0.5260
8087	-108.9634	-108.9634	-77.2554	0.7090	76.7963	0.7052	1.1e-04	0.5251
8088	-108.9756	-108.9756	-77.4114	0.7104	76.6211	0.7037	1.1e-04	0.5251
8089	-108.9638	-108.9638	-76.3210	0.7004	77.7009	0.7136	1.1e-04	0.5277
8090	-108.9582	-108.9582	-77.2491	0.7090	76.7409	0.7048	1.1e-04	0.5273
8091	-108.9614	-108.9614	-77.1372	0.7079	76.9097	0.7063	1.1e-04	0.5259
8092	-108.9667	-108.9667	-76.6576	0.7035	77.3727	0.7106	1.1e-04	0.5266
8093	-108.9690	-108.9690	-77.3510	0.7098	76.7001	0.7043	1.1e-04	0.5252
8094	-108.9750	-108.9750	-76.0537	0.6979	77.9815	0.7161	1.1e-04	0.5254
8095	-108.9787	-108.9787	-76.8222	0.7049	77.2350	0.7093	1.1e-04	0.5265
8096	-108.9656	-108.9656	-77.0170	0.7068	77.0337	0.7074	1.1e-04	0.5252
8097	-108.9441	-108.9441	-76.8108	0.7050	77.2163	0.7092	1.1e-04	0.5263
8098	-108.9563	-108.9563	-76.9608	0.7063	77.0549	0.7077	1.1e-04	0.5272
8099	-108.9671	-108.9671	-76.1164	0.6985	77.9218	0.7156	1.1e-04	0.5254
8100	-108.9743	-108.9743	-77.7797	0.7137	76.2494	0.7002	1.1e-04	0.5275
8101	-108.9475	-108.9475	-77.1122	0.7078	76.9073	0.7064	1.1e-04	0.5246
8102	-108.9723	-108.9723	-76.9841	0.7065	77.0601	0.7077	1.1e-04	0.5269
8103	-108.9658	-108.9658	-77.1083	0.7076	76.9401	0.7066	1.1e-04	0.5252
8104	-108.9433	-108.9433	-76.5987	0.7031	77.3888	0.7108	1.1e-04	0.5265
8105	-108.9581	-108.9581	-77.4097	0.7105	76.6173	0.7037	1.1e-04	0.5272
8106	-108.9558	-108.9558	-77.2152	0.7087	76.8207	0.7055	1.1e-04	0.5251
8107	-108.9763	-108.9763	-76.8798	0.7055	77.1864	0.7087	1.1e-04	0.5273
8108	-108.9708	-108.9708	-76.5378	0.7024	77.5082	0.7118	1.1e-04	0.5260
8109	-108.9694	-108.9694	-77.1102	0.7076	76.9204	0.7064	1.1e-04	0.5257
8110	-108.9707	-108.9707	-76.8378	0.7051	77.1996	0.7089	1.1e-04	0.5281
8111	-108.9617	-108.9617	-76.3501	0.7007	77.6617	0.7132	1.1e-04	0.5261
8112	-108.9757	-108.9757	-76.1520	0.6988	77.8950	0.7153	1.1e-04	0.5292
8113	-108.9557	-108.9557	-77.3183	0.7096	76.7135	0.7046	1.1e-04	0.5249
8114	-108.9852	-108.9852	-76.5090	0.7020	77.5517	0.7121	1.1e-04	0.5262
8115	-108.9719	-108.9719	-75.7772	0.6954	78.2491	0.7186	1.1e-04	0.5272
8116	-108.9813	-108.9813	-76.6777	0.7036	77.3873	0.7106	1.1e-04	0.5276
8117	-108.9782	-108.9782	-76.6134	0.7030	77.4436	0.7112	1.1e-04	0.5264
8118	-108.9572	-108.9572	-76.2494	0.6998	77.7656	0.7143	1.1e-04	0.5263
8119	-108.9416	-108.9416	-76.6779	0.7038	77.3394	0.7103	1.1e-04	0.5277
8120	-108.9605	-108.9605	-75.8832	0.6964	78.1426	0.7176	1.1e-04	0.5269
8121	-108.9710	-108.9710	-77.1312	0.7078	76.9285	0.7064	1.1e-04	0.5263
8122	-108.9683	-108.9683	-76.6323	0.7033	77.4185	0.7109	1.1e-04	0.5271
8123	-108.9727	-108.9727	-76.3161	0.7003	77.7385	0.7138	1.1e-04	0.5255
8124	-108.9564	-108.9564	-76.5005	0.7021	77.5386	0.7121	1.1e-04	0.5272
8125	-108.9554	-108.9554	-76.9786	0.7065	77.0472	0.7076	1.1e-04	0.5248
8126	-108.9721	-108.9721	-76.1440	0.6987	77.9003	0.7154	1.1e-04	0.5250
8127	-108.9676	-108.9676	-76.1410	0.6987	77.8567	0.7150	1.1e-04	0.5261
8128	-108.9643	-108.9643	-76.6220	0.7032	77.4120	0.7109	1.1e-04	0.5276
8129	-108.9612	-108.9612	-77.2917	0.7094	76.7555	0.7048	1.1e-04	0.5257
8130	-108.9756	-108.9756	-76.4456	0.7015	77.5999	0.7125	1.1e-04	0.5259
8131	-108.9609	-108.9609	-76.0692	0.6981	77.9566	0.7160	1.1e-04	0.5259
8132	-108.9628	-108.9628	-76.6022	0.7030	77.4043	0.7108	1.1e-04	0.5254
8133	-108.9759	-108.9759	-75.8150	0.6957	78.2054	0.7181	1.1e-04	0.5257
8134	-108.9662	-108.9662	-77.1671	0.7082	76.8736	0.7059	1.1e-04	0.5273
8135	-108.9589	-108.9589	-77.4523	0.7108	76.5836	0.7033	1.1e-04	0.5272
8136	-108.9537	-108.9537	-76.5816	0.7029	77.4439	0.7112	1.1e-04	0.5263
8137	-108.9431	-108.9431	-77.3270	0.7098	76.6861	0.7043	1.1e-04	0.5256
8138	-108.9615	-108.9615	-76.7589	0.7045	77.2713	0.7096	1.1e-04	0.5280
8139	-108.9659	-108.9659	-76.1652	0.6990	77.8729	0.7151	1.1e-04	0.5259
8140	-108.9495	-108.9495	-77.0378	0.7071	76.9874	0.7071	1.1e-04	0.5269
8141	-108.9807	-108.9807	-76.3541	0.7006	77.7032	0.7135	1.1e-04	0.5262
8142	-108.9736	-108.9736	-77.5575	0.7117	76.5043	0.7025	1.1e-04	0.5253
8143	-108.9541	-108.9541	-76.3459	0.7007	77.6626	0.7133	1.1e-04	0.5259
8144	-108.9656	-108.9656	-76.5419	0.7024	77.4992	0.7117	1.1e-04	0.5259
8145	-108.9621	-108.9621	-77.2151	0.7086	76.7933	0.7052	1.1e-04	0.5266
8146	-108.9618	-108.9618	-76.7984	0.7048	77.2417	0.7093	1.1e-04	0.5269
8147	-108.9711	-108.9711	-76.6545	0.7034	77.3953	0.7107	1.1e-04	0.5253
8148	-108.9470	-108.9470	-76.7678	0.7046	77.2642	0.7096	1.1e-04	0.5276
8149	-108.9641	-108.9641	-77.2916	0.7093	76.7449	0.7048	1.1e-04	0.5252
8150	-108.9690	-108.9690	-77.2562	0.7090	76.7877	0.7052	1.1e-04	0.5251
8151	-108.9757	-108.9757	-77.0586	0.7071	76.9904	0.7071	1.1e-04	0.5259
8152	-108.9852	-108.9852	-77.0436	0.7069	77.0052	0.7072	1.1e-04	0.5265
8153	-108.9657	-108.9657	-77.5176	0.7114	76.5312	0.7028	1.1e-04	0.5251
8154	-108.9589	-108.9589	-76.6596	0.7036	77.3816	0.7106	1.1e-04	0.5251
8155	-108.9611	-108.9611	-77.5125	0.7114	76.5222	0.7027	1.1e-04	0.5259
8156	-108.9550	-108.9550	-77.9981	0.7159	76.0287	0.6982	1.1e-04	0.5250
8157	-108.9592	-108.9592	-76.8356	0.7052	77.2008	0.7090	1.1e-04	0.5278
8158	-108.9531	-108.9531	-76.5186	0.7023	77.5209	0.7118	1.1e-04	0.5255
8159	-108.9768	-108.9768	-76.9337	0.7060	77.1350	0.7082	1.1e-04	0.5250
8160	-108.9594	-108.9594	-76.6039	0.7030	77.4003	0.7108	1.1e-04	0.5276
8161	-108.9618	-108.9618	-77.9041	0.7150	76.0946	0.6989	1.1e-04	0.5265
8162	-108.9613	-108.9613	-77.9538	0.7154	76.0771	0.6986	1.1e-04	0.5259
8163	-108.9653	-108.9653	-77.0661	0.7073	76.9856	0.7069	1.1e-04	0.5267
8164	-108.9548	-108.9548	-76.8818	0.7056	77.1607	0.7086	1.1e-04	0.5259
8165	-108.9670	-108.9670	-76.9268	0.7060	77.1094	0.7081	1.1e-04	0.5274
8166	-108.9523	-108.9523	-78.0044	0.7160	76.0174	0.6981	1.1e-04	0.5254
8167	-108.9633	-108.9633	-77.0596	0.7072	76.9669	0.7068	1.1e-04	0.5253
8168	-108.9616	-108.9616	-77.0779	0.7074	76.9708	0.7068	1.1e-04	0.5273
8169	-108.9659	-108.9659	-77.3371	0.7097	76.7122	0.7045	1.1e-04	0.5256
8170	-108.9479	-108.9479	-77.7304	0.7135	76.2647	0.7005	1.1e-04	0.5265
8171	-108.9829	-108.9829	-76.7833	0.7045	77.2702	0.7095	1.1e-04	0.5240
8172	-108.9558	-108.9558	-77.4752	0.7111	76.5644	0.7031	1.1e-04	0.5248
8173	-108.9652	-108.9652	-77.3949	0.7103	76.6337	0.7039	1.1e-04	0.5241
8174	-108.9677	-108.9677	-77.7429	0.7134	76.3071	0.7007	1.1e-04	0.5253
8175	-108.9644	-108.9644	-77.2266	0.7087	76.7973	0.7053	1.1e-04	0.5272
8176	-108.9599	-108.9599	-76.9037	0.7058	77.1379	0.7084	1.1e-04	0.5282
8177	-108.9667	-108.9667	-77.9823	0.7157	76.0568	0.6984	1.1e-04	0.5268
8178	-108.9694	-108.9694	-77.9936	0.7157	76.0431	0.6983	1.1e-04	0.5269
8179	-108.9613	-108.9613	-77.7590	0.7136	76.2653	0.7004	1.1e-04	0.5255
8180	-108.9729	-108.9729	-76.8954	0.7056	77.1698	0.7085	1.1e-04	0.5277
8181	-108.9757	-108.9757	-77.2849	0.7092	76.7719	0.7050	1.1e-04	0.5250
8182	-108.9605	-108.9605	-77.1532	0.7081	76.8944	0.7061	1.1e-04	0.5267
8183	-108.9663	-108.9663	-78.0789	0.7165	75.9208	0.6972	1.1e-04	0.5261
8184	-108.9645	-108.9645	-77.7450	0.7135	76.2954	0.7006	1.1e-04	0.5252
8185	-108.9567	-108.9567	-77.4087	0.7105	76.6225	0.7037	1.1e-04	0.5269
8186	-108.9562	-108.9562	-77.6578	0.7127	76.3767	0.7013	1.1e-04	0.5267
8187	-108.9689	-108.9689	-78.0672	0.7164	75.9827	0.6977	1.1e-04	0.5261
8188	-108.9713	-108.9713	-77.8331	0.7143	76.2055	0.6998	1.1e-04	0.5263
8189	-108.9853	-108.9853	-77.3943	0.7101	76.6713	0.7040	1.1e-04	0.5254
8190	-108.9627	-108.9627	-77.2885	0.7093	76.7569	0.7048	1.1e-04	0.5268
8191	-108.9535	-108.9535	-77.4584	0.7109	76.5602	0.7031	1.1e-04	0.5253
8192	-108.9804	-108.9804	-78.2284	0.7178	75.8240	0.6962	1.1e-04	0.5251
8193	-108.9571	-108.9571	-77.2569	0.7091	76.7894	0.7051	1.1e-04	0.5261
8194	-108.9644	-108.9644	-78.5417	0.7208	75.4711	0.6931	1.1e-04	0.5262
8195	-108.9642	-108.9642	-77.2249	0.7087	76.8258	0.7055	1.1e-04	0.5266
8196	-108.9605	-108.9605	-77.9502	0.7154	76.0793	0.6987	1.1e-04	0.5249
8197	-108.9624	-108.9624	-78.6318	0.7216	75.3783	0.6923	1.1e-04	0.5278
8198	-108.9703	-108.9703	-78.1706	0.7174	75.8682	0.6967	1.1e-04	0.5262
8199	-108.9666	-108.9666	-77.8020	0.7140	76.2354	0.7000	1.1e-04	0.5260
8200	-108.9633	-108.9633	-78.2421	0.7181	75.7798	0.6959	1.1e-04	0.5276
8201	-108.9603	-108.9603	-77.7612	0.7137	76.2772	0.7005	1.1e-04	0.5246
8202	-108.9691	-108.9691	-78.7580	0.7228	75.2326	0.6908	1.1e-04	0.5260
8203	-108.9507	-108.9507	-77.4849	0.7112	76.5347	0.7029	1.1e-04	0.5252
8204	-108.9765	-108.9765	-78.2787	0.7183	75.7672	0.6957	1.1e-04	0.5268
8205	-108.9580	-108.9580	-78.2137	0.7178	75.8101	0.6962	1.1e-04	0.5255
8206	-108.9636	-108.9636	-77.9246	0.7151	76.0985	0.6988	1.1e-04	0.5282
8207	-108.9607	-108.9607	-78.5786	0.7212	75.4340	0.6927	1.1e-04	0.5256
8208	-108.9611	-108.9611	-77.7961	0.7140	76.2292	0.7001	1.1e-04	0.5245
8209	-108.9435	-108.9435	-78.2165	0.7180	75.7914	0.6961	1.1e-04	0.5267
8210	-108.9702	-108.9702	-78.4991	0.7204	75.5285	0.6936	1.1e-04	0.5245
8211	-108.9585	-108.9585	-77.9675	0.7156	76.0589	0.6985	1.1e-04	0.5263
8212	-108.9703	-108.9703	-78.6004	0.7213	75.4173	0.6926	1.1e-04	0.5265
8213	-108.9518	-108.9518	-78.7148	0.7225	75.2793	0.6914	1.1e-04	0.5256
8214	-108.9558	-108.9558	-78.0198	0.7161	76.0196	0.6980	1.1e-04	0.5277
8215	-108.9615	-108.9615	-77.8832	0.7148	76.1530	0.6993	1.1e-04	0.5264
8216	-108.9638	-108.9638	-78.6352	0.7217	75.3675	0.6922	1.1e-04	0.5246
8217	-108.9645	-108.9645	-78.1806	0.7175	75.8545	0.6966	1.1e-04	0.5259
8218	-108.9758	-108.9758	-77.8599	0.7145	76.1730	0.6994	1.1e-04	0.5259
8219	-108.9674	-108.9674	-78.8290	0.7234	75.1876	0.6904	1.1e-04	0.5244
8220	-108.9559	-108.9559	-78.8644	0.7238	75.1066	0.6898	1.1e-04	0.5247
8221	-108.9567	-108.9567	-78.2176	0.7179	75.7988	0.6961	1.1e-04	0.5279
8222	-108.9615	-108.9615	-78.4693	0.7202	75.5442	0.6938	1.1e-04	0.5253
8223	-108.9567	-108.9567	-78.4332	0.7199	75.5822	0.6941	1.1e-04	0.5255
8224	-108.9573	-108.9573	-78.0582	0.7164	75.9638	0.6976	1.1e-04	0.5271
8225	-108.9504	-108.9504	-79.0524	0.7256	74.9284	0.6881	1.1e-04	0.5249
8226	-108.9505	-108.9505	-78.3737	0.7194	75.6326	0.6946	1.1e-04	0.5265
8227	-108.9687	-108.9687	-77.8682	0.7146	76.1744	0.6995	1.1e-04	0.5253
8228	-108.9698	-108.9698	-78.4653	0.7201	75.5649	0.6939	1.1e-04	0.5260
8229	-108.9597	-108.9597	-78.5484	0.7209	75.4612	0.6929	1.1e-04	0.5276
8230	-108.9533	-108.9533	-77.6819	0.7130	76.3537	0.7011	1.1e-04	0.5266
8231	-108.9716	-108.9716	-78.2730	0.7183	75.7688	0.6957	1.1e-04	0.5270
8232	-108.9585	-108.9585	-78.7498	0.7228	75.2505	0.6910	1.1e-04	0.5265
8233	-108.9689	-108.9689	-77.3528	0.7099	76.7054	0.7043	1.1e-04	0.5250
8234	-108.9603	-108.9603	-78.5140	0.7206	75.4937	0.6933	1.1e-04	0.5270
8235	-108.9655	-108.9655	-78.3288	0.7188	75.7027	0.6952	1.1e-04	0.5258
8236	-108.9558	-108.9558	-77.4822	0.7111	76.5511	0.7030	1.1e-04	0.5276
8237	-108.9709	-108.9709	-78.3626	0.7191	75.6816	0.6949	1.1e-04	0.5261
8238	-108.9673	-108.9673	-77.3815	0.7101	76.6747	0.7041	1.1e-04	0.5262
8239	-108.9593	-108.9593	-77.2415	0.7089	76.8029	0.7053	1.1e-04	0.5253
8240	-108.9595	-108.9595	-77.9601	0.7155	76.0687	0.6985	1.1e-04	0.5256
8241	-108.9606	-108.9606	-78.6617	0.7219	75.3386	0.6919	1.1e-04	0.5272
8242	-108.9590	-108.9590	-77.7396	0.7135	76.3005	0.7007	1.1e-04	0.5258
8243	-108.9771	-108.9771	-78.2541	0.7181	75.7818	0.6959	1.1e-04	0.5254
8244	-108.9564	-108.9564	-77.9702	0.7156	76.0340	0.6983	1.1e-04	0.5257
8245	-108.9533	-108.9533	-78.3010	0.7187	75.7173	0.6954	1.1e-04	0.5249
8246	-108.9626	-108.9626	-77.5630	0.7118	76.4806	0.7023	1.1e-04	0.5275
8247	-108.9693	-108.9693	-77.4384	0.7106	76.6132	0.7035	1.1e-04	0.5259
8248	-108.9560	-108.9560	-77.4379	0.7107	76.6018	0.7034	1.1e-04	0.5251
8249	-108.9582	-108.9582	-77.8229	0.7142	76.2161	0.6999	1.1e-04	0.5263
8250	-108.9585	-108.9585	-78.3351	0.7189	75.6857	0.6950	1.1e-04	0.5252
8251	-108.9737	-108.9737	-77.7938	0.7139	76.2585	0.7002	1.1e-04	0.5253
8252	-108.9591	-108.9591	-78.5396	0.7208	75.4706	0.6931	1.1e-04	0.5269
8253	-108.9627	-108.9627	-77.7460	0.7135	76.3000	0.7006	1.1e-04	0.5256
8254	-108.9573	-108.9573	-77.2020	0.7086	76.8426	0.7057	1.1e-04	0.5249
8255	-108.9695	-108.9695	-77.3878	0.7102	76.6522	0.7039	1.1e-04	0.5248
8256	-108.9681	-108.9681	-77.9570	0.7154	76.0870	0.6987	1.1e-04	0.5273
8257	-108.9730	-108.9730	-77.4470	0.7107	76.6073	0.7035	1.1e-04	0.5267
8258	-108.9481	-108.9481	-77.8074	0.7142	76.2079	0.6999	1.1e-04	0.5254
8259	-108.9648	-108.9648	-77.8962	0.7149	76.1427	0.6992	1.1e-04	0.5255
8260	-108.9768	-108.9768	-77.7475	0.7134	76.2950	0.7006	1.1e-04	0.5258
8261	-108.9596	-108.9596	-78.8279	0.7235	75.1693	0.6903	1.1e-04	0.5255
8262	-108.9634	-108.9634	-77.8599	0.7146	76.1779	0.6996	1.1e-04	0.5245
8263	-108.9389	-108.9389	-77.7072	0.7133	76.3157	0.7008	1.1e-04	0.5273
8264	-108.9730	-108.9730	-77.9788	0.7156	76.0737	0.6985	1.1e-04	0.5257
8265	-108.9620	-108.9620	-77.6961	0.7131	76.3465	0.7011	1.1e-04	0.5264
8266	-108.9688	-108.9688	-77.6611	0.7127	76.3863	0.7014	1.1e-04	0.5279
8267	-108.9555	-108.9555	-77.6088	0.7123	76.4255	0.7019	1.1e-04	0.5257
8268	-108.9735	-108.9735	-77.6445	0.7125	76.4123	0.7017	1.1e-04	0.5264
8269	-108.9633	-108.9633	-77.7520	0.7136	76.2807	0.7005	1.1e-04	0.5254
8270	-108.9639	-108.9639	-78.2333	0.7180	75.7688	0.6959	1.1e-04	0.5251
8271	-108.9533	-108.9533	-78.0430	0.7163	75.9801	0.6977	1.1e-04	0.5261
8272	-108.9713	-108.9713	-78.7150	0.7223	75.3075	0.6915	1.1e-04	0.5264
8273	-108.9709	-108.9709	-78.4228	0.7197	75.6095	0.6943	1.1e-04	0.5245
8274	-108.9583	-108.9583	-78.1299	0.7171	75.8923	0.6970	1.1e-04	0.5269
8275	-108.9658	-108.9658	-77.9685	0.7155	76.0693	0.6985	1.1e-04	0.5253
8276	-108.9642	-108.9642	-78.7689	0.7229	75.2425	0.6910	1.1e-04	0.5270
8277	-108.9741	-108.9741	-79.4092	0.7287	74.5763	0.6848	1.1e-04	0.5262
8278	-108.9727	-108.9727	-78.8203	0.7233	75.2031	0.6905	1.1e-04	0.5272
8279	-108.9506	-108.9506	-78.8033	0.7233	75.1944	0.6905	1.1e-04	0.5257
8280	-108.9596	-108.9596	-78.8954	0.7241	75.0875	0.6896	1.1e-04	0.5252
8281	-108.9599	-108.9599	-77.8261	0.7143	76.1901	0.6997	1.1e-04	0.5270
8282	-108.9676	-108.9676	-79.2229	0.7270	74.7593	0.6866	1.1e-04	0.5257
8283	-108.9717	-108.9717	-78.7245	0.7224	75.2810	0.6914	1.1e-04	0.5266
8284	-108.9574	-108.9574	-78.8498	0.7237	75.1389	0.6900	1.1e-04	0.5265
8285	-108.9584	-108.9584	-79.3162	0.7279	74.6676	0.6856	1.1e-04	0.5244
8286	-108.9558	-108.9558	-79.7253	0.7317	74.2190	0.6816	1.1e-04	0.5276
8287	-108.9570	-108.9570	-78.7253	0.7225	75.2760	0.6913	1.1e-04	0.5248
8288	-108.9668	-108.9668	-78.4631	0.7201	75.5628	0.6939	1.1e-04	0.5253
8289	-108.9729	-108.9729	-78.5636	0.7209	75.4573	0.6929	1.1e-04	0.5270
8290	-108.9649	-108.9649	-78.7432	0.7226	75.2679	0.6912	1.1e-04	0.5254
8291	-108.9665	-108.9665	-78.5663	0.7210	75.4234	0.6926	1.1e-04	0.5254
8292	-108.9730	-108.9730	-78.2815	0.7184	75.7654	0.6957	1.1e-04	0.5261
8293	-108.9608	-108.9608	-77.9268	0.7152	76.0908	0.6988	1.1e-04	0.5252
8294	-108.9708	-108.9708	-78.6902	0.7221	75.3330	0.6917	1.1e-04	0.5249
8295	-108.9673	-108.9673	-78.3901	0.7194	75.6393	0.6945	1.1e-04	0.5270
8296	-108.9690	-108.9690	-78.6337	0.7216	75.3782	0.6922	1.1e-04	0.5272
8297	-108.9762	-108.9762	-78.7736	0.7229	75.2555	0.6910	1.1e-04	0.5251
8298	-108.9764	-108.9764	-79.4530	0.7291	74.5298	0.6844	1.1e-04	0.5251
8299	-108.9520	-108.9520	-79.0953	0.7260	74.8695	0.6875	1.1e-04	0.5271
8300	-108.9500	-108.9500	-79.2310	0.7272	74.6790	0.6858	1.1e-04	0.5270
8301	-108.9618	-108.9618	-78.5218	0.7206	75.4940	0.6933	1.1e-04	0.5248
8302	-108.9644	-108.9644	-79.4307	0.7290	74.5442	0.6846	1.1e-04	0.5262
8303	-108.9783	-108.9783	-78.9718	0.7247	75.0403	0.6891	1.1e-04	0.5260
8304	-108.9730	-108.9730	-79.1698	0.7265	74.8303	0.6871	1.1e-04	0.5249
8305	-108.9623	-108.9623	-78.8822	0.7239	75.1164	0.6898	1.1e-04	0.5249
8306	-108.9557	-108.9557	-79.4349	0.7291	74.5292	0.6845	1.1e-04	0.5256
8307	-108.9656	-108.9656	-79.4212	0.7289	74.5542	0.6847	1.1e-04	0.5251
8308	-108.9672	-108.9672	-79.0527	0.7255	74.9374	0.6882	1.1e-04	0.5279
8309	-108.9685	-108.9685	-78.9042	0.7241	75.0775	0.6895	1.1e-04	0.5242
8310	-108.9662	-108.9662	-79.1386	0.7263	74.8441	0.6874	1.1e-04	0.5254
8311	-108.9629	-108.9629	-78.9093	0.7242	75.0913	0.6896	1.1e-04	0.5250
8312	-108.9600	-108.9600	-79.3261	0.7280	74.6521	0.6855	1.1e-04	0.5253
8313	-108.9533	-108.9533	-78.4757	0.7203	75.5399	0.6937	1.1e-04	0.5273
8314	-108.9850	-108.9850	-79.1499	0.7262	74.8578	0.6873	1.1e-04	0.5265
8315	-108.9726	-108.9726	-79.2456	0.7272	74.7518	0.6864	1.1e-04	0.5242
8316	-108.9544	-108.9544	-78.9867	0.7250	75.0052	0.6888	1.1e-04	0.5267
8317	-108.9611	-108.9611	-78.9954	0.7250	74.9977	0.6888	1.1e-04	0.5247
8318	-108.9540	-108.9540	-78.7673	0.7229	75.2136	0.6907	1.1e-04	0.5272
8319	-108.9605	-108.9605	-78.7198	0.7225	75.2824	0.6914	1.1e-04	0.5263
8320	-108.9706	-108.9706	-78.7195	0.7224	75.3045	0.6915	1.1e-04	0.5262
8321	-108.9595	-108.9595	-78.1969	0.7177	75.8330	0.6964	1.1e-04	0.5261
8322	-108.9796	-108.9796	-78.8697	0.7237	75.1498	0.6900	1.1e-04	0.5255
8323	-108.9802	-108.9802	-78.4153	0.7195	75.6176	0.6944	1.1e-04	0.5267
8324	-108.9612	-108.9612	-78.1764	0.7175	75.8624	0.6966	1.1e-04	0.5256
8325	-108.9709	-108.9709	-78.5229	0.7206	75.5089	0.6934	1.1e-04	0.5258
8326	-108.9585	-108.9585	-77.0806	0.7074	76.9600	0.7068	1.1e-04	0.5280
8327	-108.9752	-108.9752	-79.0005	0.7249	75.0023	0.6888	1.1e-04	0.5251
8328	-108.9564	-108.9564	-79.0091	0.7251	74.9831	0.6885	1.1e-04	0.5261
8329	-108.9633	-108.9633	-77.7654	0.7137	76.2541	0.7002	1.1e-04	0.5254
8330	-108.9530	-108.9530	-77.4914	0.7112	76.5554	0.7030	1.1e-04	0.5255
8331	-108.9591	-108.9591	-78.4115	0.7196	75.6027	0.6943	1.1e-04	0.5266
8332	-108.9737	-108.9737	-78.4767	0.7201	75.5627	0.6938	1.1e-04	0.5270
8333	-108.9640	-108.9640	-78.0349	0.7162	75.9951	0.6979	1.1e-04	0.5253
8334	-108.9651	-108.9651	-78.0852	0.7166	75.9586	0.6974	1.1e-04	0.5257
8335	-108.9646	-108.9646	-77.5232	0.7115	76.5283	0.7027	1.1e-04	0.5264
8336	-108.9568	-108.9568	-78.4823	0.7203	75.5390	0.6936	1.1e-04	0.5254
8337	-108.9659	-108.9659	-78.0647	0.7164	75.9511	0.6974	1.1e-04	0.5250
8338	-108.9660	-108.9660	-78.2828	0.7184	75.7571	0.6956	1.1e-04	0.5263
8339	-108.9551	-108.9551	-77.8700	0.7147	76.1605	0.6994	1.1e-04	0.5267
8340	-108.9675	-108.9675	-79.5152	0.7297	74.4417	0.6836	1.1e-04	0.5256
8341	-108.9704	-108.9704	-78.9956	0.7249	74.9856	0.6886	1.1e-04	0.5249
8342	-108.9718	-108.9718	-79.2675	0.7274	74.7215	0.6862	1.1e-04	0.5253
8343	-108.9893	-108.9893	-77.9715	0.7154	76.0914	0.6987	1.1e-04	0.5251
8344	-108.9612	-108.9612	-78.8016	0.7232	75.1812	0.6904	1.1e-04	0.5250
8345	-108.9668	-108.9668	-78.1953	0.7176	75.8239	0.6962	1.1e-04	0.5246
8346	-108.9574	-108.9574	-78.5598	0.7210	75.4450	0.6929	1.1e-04	0.5255
8347	-108.9620	-108.9620	-78.7538	0.7228	75.2580	0.6911	1.1e-04	0.5258
8348	-108.9815	-108.9815	-78.8032	0.7231	75.2281	0.6907	1.1e-04	0.5255
8349	-108.9778	-108.9778	-78.3211	0.7187	75.7046	0.6952	1.1e-04	0.5261
8350	-108.9628	-108.9628	-78.9702	0.7247	75.0212	0.6890	1.1e-04	0.5259
8351	-108.9695	-108.9695	-78.6584	0.7218	75.3721	0.6921	1.1e-04	0.5243
8352	-108.9604	-108.9604	-78.9401	0.7245	75.0688	0.6893	1.1e-04	0.5278
8353	-108.9529	-108.9529	-79.2635	0.7275	74.6996	0.6860	1.1e-04	0.5257
8354	-108.9619	-108.9619	-79.4432	0.7291	74.5370	0.6844	1.1e-04	0.5239
8355	-108.9683	-108.9683	-79.2743	0.7275	74.6994	0.6860	1.1e-04	0.5284
8356	-108.9632	-108.9632	-79.1203	0.7261	74.8596	0.6875	1.1e-04	0.5268
8357	-108.9464	-108.9464	-78.2379	0.7181	75.7807	0.6959	1.1e-04	0.5263
8358	-108.9643	-108.9643	-79.3139	0.7279	74.6720	0.6857	1.1e-04	0.5254
8359	-108.9669	-108.9669	-79.4051	0.7287	74.5764	0.6848	1.1e-04	0.5257
8360	-108.9590	-108.9590	-79.4389	0.7291	74.5311	0.6844	1.1e-04	0.5256
8361	-108.9569	-108.9569	-80.1141	0.7353	73.7645	0.6774	1.1e-04	0.5256
8362	-108.9651	-108.9651	-79.1336	0.7262	74.8522	0.6874	1.1e-04	0.5262
8363	-108.9731	-108.9731	-79.0755	0.7256	74.9035	0.6878	1.1e-04	0.5251
8364	-108.9661	-108.9661	-79.6212	0.7307	74.3467	0.6827	1.1e-04	0.5271
8365	-108.9715	-108.9715	-79.0298	0.7252	74.9692	0.6885	1.1e-04	0.5247
8366	-108.9659	-108.9659	-79.3345	0.7281	74.6312	0.6854	1.1e-04	0.5267
8367	-108.9589	-108.9589	-78.7793	0.7230	75.2238	0.6908	1.1e-04	0.5253
8368	-108.9743	-108.9743	-79.6589	0.7310	74.3112	0.6824	1.1e-04	0.5266
8369	-108.9570	-108.9570	-79.8623	0.7330	74.0784	0.6803	1.1e-04	0.5252
8370	-108.9785	-108.9785	-80.0014	0.7341	73.9506	0.6790	1.1e-04	0.5255
8371	-108.9675	-108.9675	-79.6868	0.7313	74.2786	0.6821	1.1e-04	0.5255
8372	-108.9676	-108.9676	-79.4768	0.7294	74.5043	0.6841	1.1e-04	0.5252
8373	-108.9747	-108.9747	-79.5259	0.7298	74.4550	0.6837	1.1e-04	0.5249
8374	-108.9674	-108.9674	-79.2991	0.7277	74.6809	0.6858	1.1e-04	0.5279
8375	-108.9630	-108.9630	-79.3779	0.7285	74.6033	0.6850	1.1e-04	0.5254
8376	-108.9578	-108.9578	-78.5979	0.7214	75.3934	0.6924	1.1e-04	0.5259
8377	-108.9709	-108.9709	-79.8569	0.7328	74.0986	0.6804	1.1e-04	0.5262
8378	-108.9667	-108.9667	-80.0785	0.7349	73.8052	0.6778	1.1e-04	0.5253
8379	-108.9572	-108.9572	-79.2204	0.7271	74.7527	0.6865	1.1e-04	0.5251
8380	-108.9658	-108.9658	-79.1959	0.7268	74.7975	0.6869	1.1e-04	0.5288
8381	-108.9643	-108.9643	-80.2686	0.7367	73.6444	0.6762	1.1e-04	0.5259
8382	-108.9489	-108.9489	-79.9950	0.7342	73.9099	0.6787	1.1e-04	0.5252
8383	-108.9667	-108.9667	-79.3685	0.7284	74.6081	0.6851	1.1e-04	0.5253
8384	-108.9656	-108.9656	-79.8858	0.7331	74.0647	0.6801	1.1e-04	0.5255
8385	-108.9779	-108.9779	-79.0634	0.7255	74.9413	0.6882	1.1e-04	0.5250
8386	-108.9437	-108.9437	-80.5446	0.7393	73.3026	0.6733	1.1e-04	0.5251
8387	-108.9575	-108.9575	-78.9077	0.7242	75.0869	0.6895	1.1e-04	0.5260
8388	-108.9699	-108.9699	-79.7170	0.7316	74.2453	0.6817	1.1e-04	0.5269
8389	-108.9653	-108.9653	-79.1689	0.7266	74.8016	0.6869	1.1e-04	0.5250
8390	-108.9572	-108.9572	-80.1320	0.7354	73.7710	0.6775	1.1e-04	0.5252
8391	-108.9707	-108.9707	-79.7759	0.7321	74.1752	0.6812	1.1e-04	0.5274
8392	-108.9601	-108.9601	-79.6336	0.7309	74.3181	0.6825	1.1e-04	0.5253
8393	-108.9686	-108.9686	-79.7776	0.7321	74.1654	0.6812	1.1e-04	0.5257
8394	-108.9719	-108.9719	-80.4381	0.7382	73.4573	0.6744	1.1e-04	0.5255
8395	-108.9658	-108.9658	-79.9831	0.7340	73.9457	0.6791	1.1e-04	0.5242
8396	-108.9554	-108.9554	-79.1724	0.7266	74.7956	0.6869	1.1e-04	0.5275
8397	-108.9740	-108.9740	-79.9116	0.7333	74.0434	0.6799	1.1e-04	0.5246
8398	-108.9627	-108.9627	-79.3929	0.7286	74.5892	0.6849	1.1e-04	0.5260
8399	-108.9474	-108.9474	-79.6791	0.7314	74.2539	0.6820	1.1e-04	0.5271
8400	-108.9685	-108.9685	-80.1579	0.7356	73.7375	0.6771	1.1e-04	0.5252
8401	-108.9665	-108.9665	-78.8989	0.7241	75.1087	0.6897	1.1e-04	0.5240
8402	-108.9642	-108.9642	-79.5030	0.7296	74.4612	0.6838	1.1e-04	0.5247
8403	-108.9712	-108.9712	-79.5031	0.7296	74.4693	0.6838	1.1e-04	0.5255
8404	-108.9718	-108.9718	-80.5847	0.7395	73.3129	0.6731	1.1e-04	0.5265
8405	-108.9643	-108.9643	-79.5045	0.7296	74.4655	0.6838	1.1e-04	0.5251
8406	-108.9564	-108.9564	-78.9636	0.7247	75.0284	0.6890	1.1e-04	0.5246
8407	-108.9609	-108.9609	-79.9647	0.7339	73.9568	0.6792	1.1e-04	0.5247
8408	-108.9620	-108.9620	-79.9569	0.7338	73.9510	0.6791	1.1e-04	0.5247
8409	-108.9731	-108.9731	-79.2558	0.7273	74.7126	0.6861	1.1e-04	0.5273
8410	-108.9590	-108.9590	-79.7090	0.7316	74.2168	0.6816	1.1e-04	0.5250
8411	-108.9577	-108.9577	-79.9657	0.7339	73.9101	0.6788	1.1e-04	0.5247
8412	-108.9718	-108.9718	-79.0607	0.7255	74.9428	0.6882	1.1e-04	0.5267
8413	-108.9692	-108.9692	-79.3456	0.7281	74.6404	0.6854	1.1e-04	0.5257
8414	-108.9630	-108.9630	-79.6650	0.7311	74.2883	0.6822	1.1e-04	0.5260
8415	-108.9675	-108.9675	-79.2152	0.7270	74.7734	0.6867	1.1e-04	0.5262
8416	-108.9717	-108.9717	-79.4140	0.7288	74.5529	0.6846	1.1e-04	0.5263
8417	-108.9564	-108.9564	-80.1114	0.7353	73.7962	0.6778	1.1e-04	0.5268
8418	-108.9639	-108.9639	-80.2157	0.7362	73.7043	0.6768	1.1e-04	0.5253
8419	-108.9402	-108.9402	-80.1257	0.7355	73.7645	0.6774	1.1e-04	0.5247
8420	-108.9570	-108.9570	-79.9447	0.7337	73.9551	0.6791	1.1e-04	0.5271
8421	-108.9849	-108.9849	-79.1330	0.7261	74.8684	0.6875	1.1e-04	0.5257
8422	-108.9572	-108.9572	-79.5783	0.7304	74.3856	0.6831	1.1e-04	0.5260
8423	-108.9739	-108.9739	-79.4191	0.7288	74.5673	0.6847	1.1e-04	0.5243
8424	-108.9654	-108.9654	-79.3926	0.7286	74.5853	0.6849	1.1e-04	0.5268
8425	-108.9542	-108.9542	-79.0741	0.7258	74.9137	0.6879	1.1e-04	0.5263
8426	-108.9692	-108.9692	-78.9458	0.7245	75.0678	0.6893	1.1e-04	0.5258
8427	-108.9618	-108.9618	-79.4736	0.7294	74.4908	0.6841	1.1e-04	0.5260
8428	-108.9550	-108.9550	-78.8353	0.7236	75.1569	0.6902	1.1e-04	0.5261
8429	-108.9717	-108.9717	-80.0905	0.7350	73.8453	0.6781	1.1e-04	0.5261
8430	-108.9642	-108.9642	-78.8024	0.7232	75.2028	0.6906	1.1e-04	0.5247
8431	-108.9638	-108.9638	-79.0703	0.7257	74.9319	0.6881	1.1e-04	0.5256
8432	-108.9646	-108.9646	-79.5530	0.7301	74.3827	0.6831	1.1e-04	0.5252
8433	-108.9671	-108.9671	-79.6915	0.7313	74.2615	0.6820	1.1e-04	0.5248
8434	-108.9342	-108.9342	-79.3177	0.7281	74.6141	0.6854	1.1e-04	0.5262
8435	-108.9553	-108.9553	-79.1376	0.7263	74.8447	0.6873	1.1e-04	0.5254
8436	-108.9671	-108.9671	-80.5425	0.7391	73.3236	0.6733	1.1e-04	0.5264
8437	-108.9685	-108.9685	-80.4124	0.7379	73.4829	0.6748	1.1e-04	0.5253
8438	-108.9675	-108.9675	-79.5981	0.7305	74.3695	0.6829	1.1e-04	0.5255
8439	-108.9692	-108.9692	-79.4481	0.7291	74.5215	0.6844	1.1e-04	0.5273
8440	-108.9825	-108.9825	-78.7876	0.7229	75.2372	0.6908	1.1e-04	0.5264
8441	-108.9764	-108.9764	-79.7414	0.7317	74.2184	0.6816	1.1e-04	0.5243
8442	-108.9640	-108.9640	-79.9507	0.7337	73.9764	0.6794	1.1e-04	0.5272
8443	-108.9620	-108.9620	-78.7846	0.7230	75.2097	0.6907	1.1e-04	0.5247
8444	-108.9495	-108.9495	-79.9964	0.7343	73.9167	0.6789	1.1e-04	0.5247
8445	-108.9639	-108.9639	-79.2161	0.7270	74.7629	0.6866	1.1e-04	0.5269
8446	-108.9560	-108.9560	-80.2231	0.7363	73.6794	0.6766	1.1e-04	0.5263
8447	-108.9574	-108.9574	-79.0918	0.7259	74.8883	0.6878	1.1e-04	0.5244
8448	-108.9663	-108.9663	-79.5411	0.7300	74.4200	0.6835	1.1e-04	0.5261
8449	-108.9650	-108.9650	-79.9723	0.7339	73.9683	0.6792	1.1e-04	0.5247
8450	-108.9760	-108.9760	-80.6983	0.7405	73.1743	0.6720	1.1e-04	0.5272
8451	-108.9552	-108.9552	-78.8802	0.7240	75.1120	0.6898	1.1e-04	0.5262
8452	-108.9696	-108.9696	-78.9276	0.7243	75.0867	0.6895	1.1e-04	0.5253
8453	-108.9548	-108.9548	-79.6895	0.7314	74.2420	0.6818	1.1e-04	0.5267
8454	-108.9536	-108.9536	-79.2579	0.7274	74.7162	0.6862	1.1e-04	0.5258
8455	-108.9707	-108.9707	-79.3768	0.7284	74.6083	0.6851	1.1e-04	0.5247
8456	-108.9601	-108.9601	-79.0426	0.7254	74.9516	0.6883	1.1e-04	0.5264
8457	-108.9563	-108.9563	-80.2475	0.7365	73.6584	0.6764	1.1e-04	0.5243
8458	-108.9701	-108.9701	-79.7056	0.7314	74.2329	0.6819	1.1e-04	0.5261
8459	-108.9677	-108.9677	-79.2655	0.7274	74.7224	0.6862	1.1e-04	0.5253
8460	-108.9563	-108.9563	-79.4444	0.7291	74.5258	0.6843	1.1e-04	0.5250
8461	-108.9529	-108.9529	-79.5104	0.7298	74.4270	0.6835	1.1e-04	0.5245
8462	-108.9754	-108.9754	-79.1244	0.7261	74.8800	0.6876	1.1e-04	0.5259
8463	-108.9694	-108.9694	-78.9497	0.7245	75.0496	0.6892	1.1e-04	0.5267
8464	-108.9717	-108.9717	-79.3373	0.7281	74.6337	0.6854	1.1e-04	0.5262
8465	-108.9542	-108.9542	-79.5784	0.7304	74.3754	0.6830	1.1e-04	0.5251
8466	-108.9862	-108.9862	-78.3249	0.7187	75.7234	0.6953	1.1e-04	0.5243
8467	-108.9537	-108.9537	-79.0567	0.7256	74.9117	0.6881	1.1e-04	0.5248
8468	-108.9592	-108.9592	-79.7101	0.7316	74.2382	0.6817	1.1e-04	0.5259
8469	-108.9618	-108.9618	-78.9854	0.7249	75.0119	0.6888	1.1e-04	0.5267
8470	-108.9494	-108.9494	-79.2003	0.7269	74.7419	0.6865	1.1e-04	0.5276
8471	-108.9599	-108.9599	-78.9476	0.7246	75.0443	0.6892	1.1e-04	0.5262
8472	-108.9557	-108.9557	-79.3438	0.7282	74.6206	0.6853	1.1e-04	0.5246
8473	-108.9641	-108.9641	-78.5950	0.7213	75.4213	0.6926	1.1e-04	0.5250
8474	-108.9568	-108.9568	-78.7748	0.7230	75.2231	0.6908	1.1e-04	0.5280
8475	-108.9729	-108.9729	-79.3762	0.7284	74.6129	0.6851	1.1e-04	0.5264
8476	-108.9439	-108.9439	-79.2688	0.7276	74.6993	0.6860	1.1e-04	0.5265
8477	-108.9653	-108.9653	-78.5326	0.7207	75.4842	0.6932	1.1e-04	0.5249
8478	-108.9513	-108.9513	-79.6676	0.7312	74.2697	0.6821	1.1e-04	0.5246
8479	-108.9642	-108.9642	-79.1675	0.7265	74.8030	0.6870	1.1e-04	0.5261
8480	-108.9689	-108.9689	-79.4399	0.7290	74.5302	0.6844	1.1e-04	0.5253
8481	-108.9607	-108.9607	-78.8422	0.7236	75.1623	0.6902	1.1e-04	0.5257
8482	-108.9478	-108.9478	-78.8040	0.7233	75.1845	0.6905	1.1e-04	0.5264
8483	-108.9806	-108.9806	-79.2693	0.7274	74.7251	0.6862	1.1e-04	0.5253
8484	-108.9638	-108.9638	-79.7801	0.7322	74.1639	0.6811	1.1e-04	0.5270
8485	-108.9595	-108.9595	-79.0791	0.7258	74.9109	0.6879	1.1e-04	0.5254
8486	-108.9694	-108.9694	-77.6962	0.7130	76.3571	0.7012	1.1e-04	0.5253
8487	-108.9790	-108.9790	-79.1632	0.7264	74.8494	0.6873	1.1e-04	0.5266
8488	-108.9665	-108.9665	-79.0251	0.7252	74.9648	0.6885	1.1e-04	0.5259
8489	-108.9651	-108.9651	-78.8223	0.7234	75.1672	0.6903	1.1e-04	0.5269
8490	-108.9726	-108.9726	-78.7414	0.7226	75.2664	0.6912	1.1e-04	0.5258
8491	-108.9531	-108.9531	-78.9260	0.7244	75.0576	0.6893	1.1e-04	0.5256
8492	-108.9694	-108.9694	-78.3069	0.7186	75.7265	0.6954	1.1e-04	0.5256
8493	-108.9601	-108.9601	-78.8966	0.7241	75.1103	0.6897	1.1e-04	0.5256
8494	-108.9660	-108.9660	-78.3015	0.7186	75.7170	0.6953	1.1e-04	0.5275
8495	-108.9736	-108.9736	-78.9427	0.7244	75.0753	0.6894	1.1e-04	0.5246
8496	-108.9518	-108.9518	-79.2786	0.7276	74.6905	0.6859	1.1e-04	0.5245
8497	-108.9722	-108.9722	-78.5350	0.7207	75.4785	0.6931	1.1e-04	0.5245
8498	-108.9668	-108.9668	-79.6300	0.7308	74.3279	0.6826	1.1e-04	0.5249
8499	-108.9694	-108.9694	-78.7764	0.7229	75.2414	0.6909	1.1e-04	0.5262
8500	-108.9732	-108.9732	-78.5887	0.7212	75.4302	0.6927	1.1e-04	0.5264
8501	-108.9673	-108.9673	-78.4544	0.7200	75.5714	0.6940	1.1e-04	0.5245
8502	-108.9599	-108.9599	-78.7234	0.7225	75.2788	0.6913	1.1e-04	0.5266
8503	-108.9595	-108.9595	-78.9693	0.7248	75.0195	0.6889	1.1e-04	0.5253
8504	-108.9617	-108.9617	-78.8756	0.7239	75.1256	0.6898	1.1e-04	0.5253
8505	-108.9566	-108.9566	-79.3612	0.7284	74.6132	0.6852	1.1e-04	0.5272
8506	-108.9657	-108.9657	-78.4806	0.7202	75.5294	0.6935	1.1e-04	0.5259
8507	-108.9541	-108.9541	-79.0851	0.7259	74.8584	0.6875	1.1e-04	0.5251
8508	-108.9744	-108.9744	-77.8377	0.7143	76.2060	0.6998	1.1e-04	0.5245
8509	-108.9692	-108.9692	-78.8485	0.7236	75.1714	0.6902	1.1e-04	0.5247
8510	-108.9648	-108.9648	-78.4013	0.7195	75.6202	0.6945	1.1e-04	0.5253
8511	-108.9602	-108.9602	-79.1710	0.7266	74.8021	0.6870	1.1e-04	0.5246
8512	-108.9814	-108.9814	-78.6833	0.7220	75.3363	0.6918	1.1e-04	0.5274
8513	-108.9553	-108.9553	-79.4300	0.7290	74.5382	0.6845	1.1e-04	0.5262
8514	-108.9677	-108.9677	-78.4646	0.7201	75.5517	0.6939	1.1e-04	0.5255
8515	-108.9668	-108.9668	-79.1632	0.7265	74.8230	0.6872	1.1e-04	0.5250
8516	-108.9644	-108.9644	-79.5940	0.7305	74.3703	0.6830	1.1e-04	0.5269
8517	-108.9740	-108.9740	-78.9522	0.7245	75.0674	0.6892	1.1e-04	0.5259
8518	-108.9655	-108.9655	-79.2876	0.7276	74.6960	0.6859	1.1e-04	0.5255
8519	-108.9591	-108.9591	-79.5560	0.7301	74.3827	0.6831	1.1e-04	0.5257
8520	-108.9581	-108.9581	-79.0917	0.7259	74.8861	0.6878	1.1e-04	0.5262
8521	-108.9608	-108.9608	-79.4918	0.7295	74.4678	0.6839	1.1e-04	0.5247
8522	-108.9594	-108.9594	-79.0804	0.7258	74.8714	0.6876	1.1e-04	0.5246
8523	-108.9717	-108.9717	-79.4191	0.7288	74.5672	0.6847	1.1e-04	0.5267
8524	-108.9616	-108.9616	-79.2682	0.7275	74.7121	0.6861	1.1e-04	0.5254
8525	-108.9471	-108.9471	-79.1355	0.7264	74.8388	0.6873	1.1e-04	0.5254
8526	-108.9683	-108.9683	-79.0836	0.7257	74.9125	0.6880	1.1e-04	0.5249
8527	-108.9460	-108.9460	-78.8773	0.7240	75.1081	0.6898	1.1e-04	0.5254
8528	-108.9615	-108.9615	-79.5286	0.7299	74.4336	0.6835	1.1e-04	0.5267
8529	-108.9548	-108.9548	-79.3242	0.7280	74.6454	0.6855	1.1e-04	0.5256
8530	-108.9562	-108.9562	-78.7158	0.7225	75.2855	0.6914	1.1e-04	0.5258
8531	-108.9645	-108.9645	-79.5327	0.7299	74.4201	0.6835	1.1e-04	0.5255
8532	-108.9567	-108.9567	-78.6069	0.7215	75.3975	0.6924	1.1e-04	0.5251
8533	-108.9680	-108.9680	-78.5700	0.7210	75.4524	0.6929	1.1e-04	0.5245
8534	-108.9774	-108.9774	-79.0436	0.7253	74.9765	0.6884	1.1e-04	0.5257
8535	-108.9650	-108.9650	-78.7141	0.7224	75.2834	0.6914	1.1e-04	0.5251
8536	-108.9612	-108.9612	-78.8582	0.7237	75.1359	0.6900	1.1e-04	0.5265
8537	-108.9586	-108.9586	-78.9589	0.7247	75.0323	0.6891	1.1e-04	0.5258
8538	-108.9682	-108.9682	-79.0645	0.7256	74.9217	0.6881	1.1e-04	0.5262
8539	-108.9659	-108.9659	-78.4719	0.7202	75.5473	0.6937	1.1e-04	0.5254
8540	-108.9648	-108.9648	-79.2113	0.7269	74.7619	0.6867	1.1e-04	0.5269
8541	-108.9688	-108.9688	-79.1082	0.7260	74.8760	0.6876	1.1e-04	0.5258
8542	-108.9591	-108.9591	-78.9061	0.7242	75.0761	0.6895	1.1e-04	0.5264
8543	-108.9526	-108.9526	-78.9066	0.7242	75.0812	0.6895	1.1e-04	0.5254
8544	-108.9469	-108.9469	-78.9074	0.7243	75.0478	0.6893	1.1e-04	0.5254
8545	-108.9651	-108.9651	-78.7521	0.7227	75.2586	0.6911	1.1e-04	0.5270
8546	-108.9586	-108.9586	-79.0271	0.7253	74.9399	0.6882	1.1e-04	0.5252
8547	-108.9649	-108.9649	-79.2590	0.7274	74.7089	0.6860	1.1e-04	0.5267
8548	-108.9735	-108.9735	-79.0324	0.7252	74.9776	0.6884	1.1e-04	0.5253
8549	-108.9640	-108.9640	-78.1174	0.7169	75.9181	0.6972	1.1e-04	0.5267
8550	-108.9549	-108.9549	-78.6273	0.7216	75.3675	0.6922	1.1e-04	0.5264
8551	-108.9657	-108.9657	-78.4191	0.7197	75.5812	0.6940	1.1e-04	0.5255
8552	-108.9675	-108.9675	-78.7351	0.7226	75.2734	0.6913	1.1e-04	0.5243
8553	-108.9640	-108.9640	-79.2380	0.7272	74.7474	0.6864	1.1e-04	0.5250
8554	-108.9679	-108.9679	-77.9255	0.7151	76.1061	0.6989	1.1e-04	0.5267
8555	-108.9523	-108.9523	-78.7267	0.7226	75.2716	0.6913	1.1e-04	0.5246
8556	-108.9636	-108.9636	-78.4774	0.7202	75.5374	0.6937	1.1e-04	0.5249
8557	-108.9587	-108.9587	-78.4319	0.7198	75.5396	0.6937	1.1e-04	0.5264
8558	-108.9712	-108.9712	-78.7048	0.7223	75.3064	0.6915	1.1e-04	0.5248
8559	-108.9577	-108.9577	-79.3816	0.7286	74.5937	0.6850	1.1e-04	0.5254
8560	-108.9699	-108.9699	-78.6713	0.7220	75.3464	0.6919	1.1e-04	0.5257
8561	-108.9526	-108.9526	-78.8131	0.7234	75.1774	0.6903	1.1e-04	0.5248
8562	-108.9715	-108.9715	-77.0740	0.7073	76.9567	0.7067	1.1e-04	0.5258
8563	-108.9438	-108.9438	-79.2592	0.7275	74.6954	0.6861	1.1e-04	0.5246
8564	-108.9625	-108.9625	-78.7040	0.7223	75.3044	0.6916	1.1e-04	0.5254
8565	-108.9677	-108.9677	-78.4322	0.7198	75.5735	0.6940	1.1e-04	0.5267
8566	-108.9633	-108.9633	-78.9119	0.7242	75.0686	0.6894	1.1e-04	0.5254
8567	-108.9621	-108.9621	-77.9878	0.7157	76.0516	0.6984	1.1e-04	0.5268
8568	-108.9544	-108.9544	-78.4906	0.7204	75.5168	0.6935	1.1e-04	0.5261
8569	-108.9652	-108.9652	-77.6715	0.7128	76.3683	0.7013	1.1e-04	0.5240
8570	-108.9543	-108.9543	-78.5877	0.7213	75.4098	0.6925	1.1e-04	0.5266
8571	-108.9655	-108.9655	-78.4834	0.7203	75.5358	0.6937	1.1e-04	0.5252
8572	-108.9643	-108.9643	-78.2456	0.7181	75.7496	0.6957	1.1e-04	0.5258
8573	-108.9624	-108.9624	-78.4160	0.7197	75.6081	0.6943	1.1e-04	0.5248
8574	-108.9575	-108.9575	-78.7472	0.7227	75.2452	0.6910	1.1e-04	0.5248
8575	-108.9808	-108.9808	-78.3418	0.7189	75.6956	0.6951	1.1e-04	0.5260
8576	-108.9574	-108.9574	-78.3514	0.7191	75.6400	0.6947	1.1e-04	0.5255
8577	-108.9537	-108.9537	-78.5054	0.7205	75.5066	0.6933	1.1e-04	0.5254
8578	-108.9711	-108.9711	-78.2251	0.7179	75.8069	0.6962	1.1e-04	0.5262
8579	-108.9644	-108.9644	-76.9270	0.7060	77.1271	0.7082	1.1e-04	0.5255
8580	-108.9679	-108.9679	-78.5696	0.7210	75.4413	0.6928	1.1e-04	0.5258
8581	-108.9681	-108.9681	-78.3256	0.7188	75.7060	0.6952	1.1e-04	0.5267
8582	-108.9759	-108.9759	-78.2853	0.7184	75.7480	0.6956	1.1e-04	0.5249
8583	-108.9563	-108.9563	-78.0837	0.7167	75.8885	0.6971	1.1e-04	0.5260
8584	-108.9645	-108.9645	-78.4959	0.7204	75.5246	0.6936	1.1e-04	0.5267
8585	-108.9544	-108.9544	-78.1581	0.7173	75.8662	0.6967	1.1e-04	0.5254
8586	-108.9594	-108.9594	-78.4406	0.7199	75.5668	0.6940	1.1e-04	0.5259
8587	-108.9613	-108.9613	-78.5191	0.7206	75.4974	0.6933	1.1e-04	0.5255
8588	-108.9697	-108.9697	-78.1662	0.7173	75.8653	0.6966	1.1e-04	0.5255
8589	-108.9661	-108.9661	-77.9927	0.7158	76.0403	0.6983	1.1e-04	0.5254
8590	-108.9630	-108.9630	-77.9622	0.7155	76.0722	0.6986	1.1e-04	0.5275
8591	-108.9569	-108.9569	-78.8546	0.7237	75.1428	0.6900	1.1e-04	0.5248
8592	-108.9593	-108.9593	-78.3917	0.7195	75.6258	0.6945	1.1e-04	0.5261
8593	-108.9571	-108.9571	-78.5368	0.7208	75.4685	0.6931	1.1e-04	0.5252
8594	-108.9599	-108.9599	-78.2017	0.7177	75.8228	0.6963	1.1e-04	0.5254
8595	-108.9615	-108.9615	-78.4936	0.7204	75.5290	0.6935	1.1e-04	0.5255
8596	-108.9516	-108.9516	-78.4789	0.7203	75.5278	0.6936	1.1e-04	0.5252
8597	-108.9731	-108.9731	-77.5654	0.7118	76.4932	0.7024	1.1e-04	0.5250
8598	-108.9648	-108.9648	-77.8912	0.7148	76.1425	0.6993	1.1e-04	0.5253
8599	-108.9706	-108.9706	-77.9035	0.7149	76.1393	0.6992	1.1e-04	0.5252
8600	-108.9581	-108.9581	-78.3530	0.7191	75.6400	0.6947	1.1e-04	0.5269
8601	-108.9492	-108.9492	-77.4067	0.7105	76.6205	0.7037	1.1e-04	0.5241
8602	-108.9701	-108.9701	-78.6054	0.7213	75.3912	0.6923	1.1e-04	0.5268
8603	-108.9642	-108.9642	-77.8159	0.7141	76.2244	0.7000	1.1e-04	0.5255
8604	-108.9686	-108.9686	-77.3725	0.7100	76.6715	0.7041	1.1e-04	0.5252
8605	-108.9721	-108.9721	-77.3601	0.7099	76.6929	0.7043	1.1e-04	0.5267
8606	-108.9586	-108.9586	-77.6665	0.7128	76.3760	0.7013	1.1e-04	0.5262
8607	-108.9760	-108.9760	-77.4518	0.7107	76.5882	0.7033	1.1e-04	0.5274
8608	-108.9724	-108.9724	-78.2089	0.7177	75.8245	0.6964	1.1e-04	0.5263
8609	-108.9787	-108.9787	-77.9642	0.7154	76.0993	0.6987	1.1e-04	0.5249
8610	-108.9613	-108.9613	-78.5594	0.7210	75.4507	0.6928	1.1e-04	0.5266
8611	-108.9655	-108.9655	-78.1688	0.7174	75.8414	0.6964	1.1e-04	0.5253
8612	-108.9666	-108.9666	-77.9984	0.7158	76.0386	0.6983	1.1e-04	0.5256
8613	-108.9665	-108.9665	-78.3322	0.7189	75.6822	0.6950	1.1e-04	0.5266
8614	-108.9627	-108.9627	-77.5103	0.7113	76.5309	0.7028	1.1e-04	0.5261
8615	-108.9581	-108.9581	-76.7302	0.7042	77.3090	0.7099	1.1e-04	0.5265
8616	-108.9629	-108.9629	-78.0330	0.7161	75.9893	0.6978	1.1e-04	0.5261
8617	-108.9547	-108.9547	-77.2371	0.7089	76.7999	0.7053	1.1e-04	0.5251
8618	-108.9694	-108.9694	-77.2662	0.7091	76.7827	0.7051	1.1e-04	0.5263
8619	-108.9766	-108.9766	-77.6022	0.7121	76.4590	0.7021	1.1e-04	0.5255
8620	-108.9549	-108.9549	-78.3937	0.7195	75.6178	0.6945	1.1e-04	0.5277
8621	-108.9550	-108.9550	-77.8239	0.7143	76.2153	0.6998	1.1e-04	0.5255
8622	-108.9743	-108.9743	-78.1414	0.7171	75.8959	0.6970	1.1e-04	0.5249
8623	-108.9579	-108.9579	-77.9321	0.7152	76.1068	0.6989	1.1e-04	0.5257
8624	-108.9699	-108.9699	-77.8691	0.7146	76.1723	0.6995	1.1e-04	0.5256
8625	-108.9667	-108.9667	-78.3993	0.7195	75.6211	0.6945	1.1e-04	0.5269
8626	-108.9629	-108.9629	-77.4260	0.7106	76.6077	0.7035	1.1e-04	0.5258
8627	-108.9711	-108.9711	-77.7481	0.7135	76.2816	0.7004	1.1e-04	0.5253
8628	-108.9679	-108.9679	-76.9775	0.7064	77.0693	0.7078	1.1e-04	0.5266
8629	-108.9592	-108.9592	-77.9291	0.7152	76.0892	0.6989	1.1e-04	0.5252
8630	-108.9612	-108.9612	-78.7556	0.7228	75.2516	0.6911	1.1e-04	0.5249
8631	-108.9609	-108.9609	-77.3720	0.7101	76.6518	0.7039	1.1e-04	0.5280
8632	-108.9565	-108.9565	-77.9661	0.7156	76.0650	0.6985	1.1e-04	0.5258
8633	-108.9653	-108.9653	-77.9021	0.7149	76.1228	0.6990	1.1e-04	0.5254
8634	-108.9668	-108.9668	-77.8564	0.7145	76.1913	0.6996	1.1e-04	0.5244
8635	-108.9603	-108.9603	-77.8561	0.7145	76.1775	0.6996	1.1e-04	0.5248
8636	-108.9598	-108.9598	-77.5297	0.7115	76.5033	0.7026	1.1e-04	0.5262
8637	-108.9571	-108.9571	-78.0417	0.7163	75.9870	0.6978	1.1e-04	0.5268
8638	-108.9647	-108.9647	-77.5637	0.7118	76.4760	0.7023	1.1e-04	0.5266
8639	-108.9553	-108.9553	-76.9806	0.7065	77.0405	0.7076	1.1e-04	0.5260
8640	-108.9777	-108.9777	-77.6034	0.7121	76.4575	0.7021	1.1e-04	0.5255
8641	-108.9758	-108.9758	-76.7201	0.7040	77.3268	0.7102	1.1e-04	0.5250
8642	-108.9760	-108.9760	-77.2709	0.7091	76.7959	0.7051	1.1e-04	0.5271
8643	-108.9564	-108.9564	-77.9938	0.7158	76.0363	0.6983	1.1e-04	0.5261
8644	-108.9749	-108.9749	-77.0988	0.7075	76.9728	0.7067	1.1e-04	0.5281
8645	-108.9722	-108.9722	-78.0821	0.7165	75.9352	0.6974	1.1e-04	0.5242
8646	-108.9624	-108.9624	-78.4892	0.7203	75.5158	0.6935	1.1e-04	0.5250
8647	-108.9698	-108.9698	-76.7646	0.7045	77.2816	0.7097	1.1e-04	0.5265
8648	-108.9685	-108.9685	-78.4952	0.7203	75.5355	0.6936	1.1e-04	0.5251
8649	-108.9831	-108.9831	-77.7344	0.7133	76.3268	0.7008	1.1e-04	0.5261
8650	-108.9739	-108.9739	-78.3072	0.7186	75.7126	0.6953	1.1e-04	0.5253
8651	-108.9767	-108.9767	-77.2495	0.7089	76.7945	0.7052	1.1e-04	0.5244
8652	-108.9648	-108.9648	-77.6156	0.7123	76.4335	0.7019	1.1e-04	0.5266
8653	-108.9679	-108.9679	-77.4885	0.7111	76.5572	0.7031	1.1e-04	0.5250
8654	-108.9648	-108.9648	-78.2712	0.7183	75.7552	0.6957	1.1e-04	0.5274
8655	-108.9698	-108.9698	-77.8871	0.7148	76.1554	0.6993	1.1e-04	0.5261
8656	-108.9764	-108.9764	-78.3763	0.7192	75.6668	0.6948	1.1e-04	0.5266
8657	-108.9743	-108.9743	-77.3208	0.7095	76.7399	0.7047	1.1e-04	0.5249
8658	-108.9656	-108.9656	-77.3817	0.7101	76.6668	0.7040	1.1e-04	0.5253
8659	-108.9552	-108.9552	-77.8609	0.7146	76.1725	0.6995	1.1e-04	0.5265
8660	-108.9701	-108.9701	-78.2389	0.7180	75.7782	0.6959	1.1e-04	0.5257
8661	-108.9918	-108.9918	-78.2619	0.7181	75.7889	0.6960	1.1e-04	0.5258
8662	-108.9765	-108.9765	-77.1632	0.7081	76.8941	0.7060	1.1e-04	0.5265
8663	-108.9875	-108.9875	-77.6799	0.7127	76.3810	0.7014	1.1e-04	0.5248
8664	-108.9523	-108.9523	-77.6664	0.7128	76.3573	0.7012	1.1e-04	0.5265
8665	-108.9605	-108.9605	-77.4289	0.7106	76.6131	0.7036	1.1e-04	0.5241
8666	-108.9578	-108.9578	-76.9659	0.7064	77.0648	0.7078	1.1e-04	0.5243
8667	-108.9537	-108.9537	-77.2240	0.7088	76.7916	0.7053	1.1e-04	0.5267
8668	-108.9697	-108.9697	-78.4441	0.7199	75.5727	0.6941	1.1e-04	0.5252
8669	-108.9682	-108.9682	-78.2883	0.7185	75.7325	0.6956	1.1e-04	0.5269
8670	-108.9550	-108.9550	-77.9009	0.7150	76.1148	0.6991	1.1e-04	0.5245
8671	-108.9680	-108.9680	-77.7569	0.7136	76.2759	0.7005	1.1e-04	0.5243
8672	-108.9581	-108.9581	-77.2837	0.7093	76.7574	0.7049	1.1e-04	0.5275
8673	-108.9737	-108.9737	-77.4207	0.7105	76.6260	0.7037	1.1e-04	0.5253
8674	-108.9567	-108.9567	-77.7086	0.7132	76.3012	0.7008	1.1e-04	0.5260
8675	-108.9734	-108.9734	-77.1819	0.7083	76.8687	0.7059	1.1e-04	0.5249
8676	-108.9702	-108.9702	-77.7765	0.7137	76.2655	0.7003	1.1e-04	0.5248
8677	-108.9660	-108.9660	-77.6078	0.7122	76.4287	0.7019	1.1e-04	0.5269
8678	-108.9630	-108.9630	-77.4741	0.7110	76.5664	0.7031	1.1e-04	0.5263
8679	-108.9605	-108.9605	-77.4552	0.7109	76.5755	0.7033	1.1e-04	0.5254
8680	-108.9697	-108.9697	-76.3732	0.7009	77.6643	0.7132	1.1e-04	0.5255
8681	-108.9603	-108.9603	-77.7561	0.7136	76.2857	0.7005	1.1e-04	0.5254
8682	-108.9671	-108.9671	-77.2656	0.7091	76.7800	0.7051	1.1e-04	0.5252
8683	-108.9561	-108.9561	-77.4652	0.7110	76.5662	0.7032	1.1e-04	0.5274
8684	-108.9538	-108.9538	-77.5340	0.7116	76.4920	0.7026	1.1e-04	0.5251
8685	-108.9690	-108.9690	-76.3314	0.7005	77.7024	0.7135	1.1e-04	0.5251
8686	-108.9819	-108.9819	-77.0610	0.7071	76.9799	0.7069	1.1e-04	0.5281
8687	-108.9576	-108.9576	-76.7901	0.7048	77.2472	0.7094	1.1e-04	0.5255
8688	-108.9580	-108.9580	-76.4033	0.7012	77.6341	0.7129	1.1e-04	0.5249
8689	-108.9792	-108.9792	-76.2095	0.6993	77.8411	0.7148	1.1e-04	0.5266
8690	-108.9547	-108.9547	-76.8294	0.7052	77.2006	0.7090	1.1e-04	0.5253
8691	-108.9598	-108.9598	-76.8500	0.7053	77.1879	0.7089	1.1e-04	0.5254
8692	-108.9750	-108.9750	-75.5842	0.6936	78.4378	0.7204	1.1e-04	0.5267
8693	-108.9768	-108.9768	-76.7410	0.7042	77.3025	0.7099	1.1e-04	0.5256
8694	-108.9595	-108.9595	-77.2537	0.7090	76.7812	0.7052	1.1e-04	0.5267
8695	-108.9671	-108.9671	-76.8366	0.7051	77.2148	0.7091	1.1e-04	0.5249
8696	-108.9668	-108.9668	-76.2728	0.7000	77.7460	0.7140	1.1e-04	0.5257
8697	-108.9620	-108.9620	-76.2686	0.7000	77.7594	0.7141	1.1e-04	0.5275
8698	-108.9612	-108.9612	-76.0150	0.6976	78.0145	0.7164	1.1e-04	0.5261
8699	-108.9537	-108.9537	-76.5517	0.7026	77.4545	0.7114	1.1e-04	0.5252
8700	-108.9845	-108.9845	-76.7928	0.7046	77.2623	0.7094	1.1e-04	0.5265
8701	-108.9662	-108.9662	-76.8731	0.7055	77.1657	0.7087	1.1e-04	0.5250
8702	-108.9612	-108.9612	-76.7755	0.7046	77.2607	0.7096	1.1e-04	0.5255
8703	-108.9731	-108.9731	-76.8696	0.7054	77.1792	0.7088	1.1e-04	0.5256
8704	-108.9488	-108.9488	-75.7915	0.6957	78.2293	0.7184	1.1e-04	0.5356
8705	-108.9573	-108.9573	-76.1243	0.6987	77.9012	0.7154	1.1e-04	0.5263
8706	-108.9672	-108.9672	-76.5064	0.7021	77.5491	0.7121	1.1e-04	0.5255
8707	-108.9575	-108.9575	-76.4344	0.7015	77.6059	0.7126	1.1e-04	0.5262
8708	-108.9924	-108.9924	-76.6341	0.7031	77.4361	0.7111	1.1e-04	0.5251
8709	-108.9473	-108.9473	-76.6828	0.7039	77.3459	0.7103	1.1e-04	0.5257
8710	-108.9649	-108.9649	-76.4732	0.7018	77.5637	0.7124	1.1e-04	0.5252
8711	-108.9668	-108.9668	-76.7503	0.7043	77.3033	0.7098	1.1e-04	0.5251
8712	-108.9696	-108.9696	-77.8620	0.7145	76.1874	0.6996	1.1e-04	0.5255
8713	-108.9682	-108.9682	-75.8039	0.6957	78.2359	0.7184	1.1e-04	0.5267
8714	-108.9787	-108.9787	-76.4606	0.7016	77.5814	0.7125	1.1e-04	0.5253
8715	-108.9653	-108.9653	-76.1923	0.6992	77.8320	0.7147	1.1e-04	0.5244
8716	-108.9559	-108.9559	-77.3955	0.7103	76.6192	0.7036	1.1e-04	0.5253
8717	-108.9598	-108.9598	-77.2457	0.7089	76.7983	0.7053	1.1e-04	0.5267
8718	-108.9647	-108.9647	-76.3342	0.7005	77.7013	0.7136	1.1e-04	0.5257
8719	-108.9608	-108.9608	-77.4335	0.7107	76.6023	0.7035	1.1e-04	0.5248
8720	-108.9643	-108.9643	-76.7710	0.7046	77.2793	0.7096	1.1e-04	0.5262
8721	-108.9706	-108.9706	-76.5019	0.7020	77.5440	0.7121	1.1e-04	0.5248
8722	-108.9595	-108.9595	-77.1772	0.7083	76.8563	0.7059	1.1e-04	0.5250
8723	-108.9736	-108.9736	-77.0265	0.7068	77.0262	0.7073	1.1e-04	0.5244
8724	-108.9796	-108.9796	-76.6335	0.7032	77.4125	0.7109	1.1e-04	0.5253
8725	-108.9605	-108.9605	-76.8123	0.7050	77.2292	0.7092	1.1e-04	0.5267
8726	-108.9735	-108.9735	-76.7052	0.7039	77.3526	0.7103	1.1e-04	0.5264
8727	-108.9711	-108.9711	-77.3246	0.7096	76.7260	0.7046	1.1e-04	0.5255
8728	-108.9573	-108.9573	-76.8285	0.7051	77.1952	0.7089	1.1e-04	0.5260
8729	-108.9513	-108.9513	-76.4886	0.7020	77.5353	0.7121	1.1e-04	0.5249
8730	-108.9523	-108.9523	-76.7648	0.7046	77.2564	0.7094	1.1e-04	0.5246
8731	-108.9608	-108.9608	-77.1025	0.7076	76.9308	0.7064	1.1e-04	0.5271
8732	-108.9679	-108.9679	-76.6960	0.7038	77.3530	0.7103	1.1e-04	0.5250
8733	-108.9534	-108.9534	-76.3758	0.7010	77.6572	0.7132	1.1e-04	0.5262
8734	-108.9602	-108.9602	-77.1289	0.7079	76.9233	0.7063	1.1e-04	0.5256
8735	-108.9584	-108.9584	-76.3154	0.7004	77.6779	0.7133	1.1e-04	0.5248
8736	-108.9698	-108.9698	-76.0342	0.6978	78.0028	0.7163	1.1e-04	0.5265
8737	-108.9781	-108.9781	-76.5909	0.7028	77.4671	0.7113	1.1e-04	0.5247
8738	-108.9735	-108.9735	-76.2203	0.6994	77.8194	0.7147	1.1e-04	0.5257
8739	-108.9714	-108.9714	-77.0134	0.7067	77.0497	0.7075	1.1e-04	0.5261
8740	-108.9563	-108.9563	-76.6356	0.7034	77.3883	0.7108	1.1e-04	0.5253
8741	-108.9658	-108.9658	-77.2402	0.7088	76.7995	0.7052	1.1e-04	0.5261
8742	-108.9625	-108.9625	-76.0242	0.6977	78.0147	0.7164	1.1e-04	0.5254
8743	-108.9529	-108.9529	-75.7657	0.6954	78.2527	0.7186	1.1e-04	0.5274
8744	-108.9688	-108.9689	-76.0311	0.6977	78.0155	0.7163	1.1e-04	0.5248
8745	-108.9605	-108.9605	-76.3678	0.7009	77.6672	0.7132	1.1e-04	0.5248
8746	-108.9591	-108.9591	-76.3604	0.7008	77.6727	0.7133	1.1e-04	0.5269
8747	-108.9652	-108.9652	-76.4787	0.7019	77.5639	0.7123	1.1e-04	0.5259
8748	-108.9665	-108.9666	-75.9779	0.6973	78.0597	0.7168	1.1e-04	0.5263
8749	-108.9651	-108.9651	-75.9500	0.6970	78.0864	0.7170	1.1e-04	0.5251
8750	-108.9505	-108.9505	-76.1108	0.6986	77.8660	0.7151	1.1e-04	0.5254
8751	-108.9765	-108.9766	-75.7588	0.6952	78.2811	0.7188	1.1e-04	0.5263
8752	-108.9601	-108.9601	-77.2237	0.7087	76.7905	0.7051	1.1e-04	0.5251
8753	-108.9582	-108.9582	-76.3811	0.7010	77.6450	0.7131	1.1e-04	0.5249
8754	-108.9736	-108.9736	-76.6973	0.7038	77.3596	0.7103	1.1e-04	0.5276
8755	-108.9544	-108.9544	-76.7151	0.7041	77.3279	0.7101	1.1e-04	0.5247
8756	-108.9669	-108.9669	-76.0736	0.6981	77.9371	0.7157	1.1e-04	0.5256
8757	-108.9759	-108.9760	-75.7415	0.6950	78.2949	0.7189	1.1e-04	0.5257
8758	-108.9558	-108.9558	-76.7237	0.7042	77.3046	0.7099	1.1e-04	0.5273
8759	-108.9474	-108.9474	-76.5652	0.7028	77.4594	0.7113	1.1e-04	0.5262
8760	-108.9673	-108.9673	-76.7602	0.7044	77.2995	0.7098	1.1e-04	0.5261
8761	-108.9611	-108.9611	-76.8859	0.7056	77.1610	0.7086	1.1e-04	0.5248
8762	-108.9483	-108.9483	-76.1865	0.6993	77.8457	0.7148	1.1e-04	0.5257
8763	-108.9710	-108.9710	-76.3900	0.7010	77.6731	0.7131	1.1e-04	0.5259
8764	-108.9563	-108.9563	-76.4363	0.7015	77.5998	0.7126	1.1e-04	0.5260
8765	-108.9477	-108.9477	-76.6467	0.7035	77.3727	0.7106	1.1e-04	0.5247
8766	-108.9680	-108.9680	-76.2136	0.6994	77.8248	0.7147	1.1e-04	0.5254
8767	-108.9536	-108.9536	-76.2098	0.6995	77.8156	0.7146	1.1e-04	0.5253
8768	-108.9627	-108.9627	-77.1221	0.7078	76.9261	0.7064	1.1e-04	0.5272
8769	-108.9591	-108.9591	-76.7516	0.7044	77.2797	0.7096	1.1e-04	0.5262
8770	-108.9733	-108.9733	-77.3362	0.7097	76.7220	0.7045	1.1e-04	0.5264
8771	-108.9713	-108.9713	-75.7294	0.6949	78.2824	0.7188	1.1e-04	0.5262
8772	-108.9619	-108.9619	-75.8457	0.6961	78.1838	0.7179	1.1e-04	0.5256
8773	-108.9557	-108.9557	-76.3028	0.7003	77.7357	0.7138	1.1e-04	0.5267
8774	-108.9672	-108.9672	-77.0791	0.7074	76.9846	0.7068	1.1e-04	0.5258
8775	-108.9538	-108.9538	-75.9939	0.6975	78.0326	0.7166	1.1e-04	0.5256
8776	-108.9650	-108.9650	-76.0992	0.6984	77.9412	0.7157	1.1e-04	0.5280
8777	-108.9614	-108.9614	-76.2476	0.6998	77.7865	0.7143	1.1e-04	0.5258
8778	-108.9724	-108.9724	-75.9053	0.6966	78.1351	0.7174	1.1e-04	0.5248
8779	-108.9631	-108.9631	-76.5142	0.7022	77.5246	0.7120	1.1e-04	0.5245
8780	-108.9662	-108.9662	-77.0749	0.7073	76.9744	0.7068	1.1e-04	0.5252
8781	-108.9678	-108.9678	-76.7660	0.7045	77.2872	0.7097	1.1e-04	0.5272
8782	-108.9555	-108.9555	-76.2737	0.7000	77.7528	0.7141	1.1e-04	0.5261
8783	-108.9620	-108.9620	-75.9987	0.6975	78.0462	0.7166	1.1e-04	0.5243
8784	-108.9838	-108.9838	-76.0891	0.6982	77.9522	0.7158	1.1e-04	0.5273
8785	-108.9699	-108.9699	-76.3101	0.7003	77.7305	0.7137	1.1e-04	0.5255
8786	-108.9558	-108.9558	-76.7918	0.7048	77.2484	0.7094	1.1e-04	0.5254
8787	-108.9783	-108.9783	-76.3951	0.7010	77.6682	0.7131	1.1e-04	0.5256
8788	-108.9809	-108.9809	-76.1295	0.6986	77.9332	0.7156	1.1e-04	0.5250
8789	-108.9514	-108.9514	-76.7477	0.7044	77.2786	0.7097	1.1e-04	0.5272
8790	-108.9657	-108.9657	-77.1696	0.7082	76.8953	0.7060	1.1e-04	0.5249
8791	-108.9546	-108.9546	-76.7308	0.7042	77.3085	0.7099	1.1e-04	0.5248
8792	-108.9433	-108.9433	-76.6131	0.7032	77.4009	0.7109	1.1e-04	0.5279
8793	-108.9737	-108.9737	-76.4708	0.7017	77.5956	0.7124	1.1e-04	0.5261
8794	-108.9635	-108.9635	-76.3183	0.7004	77.7148	0.7134	1.1e-04	0.5260
8795	-108.9643	-108.9643	-77.0482	0.7071	77.0002	0.7071	1.1e-04	0.5251
8796	-108.9675	-108.9675	-76.4638	0.7017	77.5888	0.7125	1.1e-04	0.5252
8797	-108.9565	-108.9565	-76.6314	0.7033	77.3953	0.7108	1.1e-04	0.5257
8798	-108.9472	-108.9472	-77.6564	0.7128	76.3763	0.7014	1.1e-04	0.5256
8799	-108.9503	-108.9503	-76.8745	0.7056	77.1588	0.7086	1.1e-04	0.5257
8800	-108.9392	-108.9392	-77.2377	0.7090	76.7917	0.7052	1.1e-04	0.5250
8801	-108.9677	-108.9677	-77.0092	0.7067	77.0390	0.7075	1.1e-04	0.5249
8802	-108.9727	-108.9727	-76.5654	0.7026	77.5003	0.7116	1.1e-04	0.5257
8803	-108.9688	-108.9688	-76.0905	0.6983	77.9276	0.7155	1.1e-04	0.5259
8804	-108.9743	-108.9743	-76.6361	0.7032	77.4232	0.7109	1.1e-04	0.5256
8805	-108.9591	-108.9591	-77.1676	0.7082	76.8818	0.7059	1.1e-04	0.5247
8806	-108.9692	-108.9692	-76.6814	0.7037	77.3752	0.7105	1.1e-04	0.5253
8807	-108.9536	-108.9536	-76.9854	0.7066	77.0572	0.7076	1.1e-04	0.5250
8808	-108.9632	-108.9632	-76.8073	0.7049	77.2410	0.7093	1.1e-04	0.5252
8809	-108.9641	-108.9641	-77.4552	0.7108	76.5940	0.7033	1.1e-04	0.5249
8810	-108.9588	-108.9588	-77.7491	0.7136	76.2941	0.7006	1.1e-04	0.5265
8811	-108.9632	-108.9633	-75.9590	0.6971	78.0699	0.7169	1.1e-04	0.5268
8812	-108.9551	-108.9551	-76.3768	0.7010	77.6565	0.7132	1.1e-04	0.5271
8813	-108.9548	-108.9548	-77.6851	0.7130	76.3236	0.7010	1.1e-04	0.5257
8814	-108.9647	-108.9647	-76.3018	0.7002	77.7442	0.7139	1.1e-04	0.5252
8815	-108.9533	-108.9533	-77.2799	0.7093	76.7545	0.7049	1.1e-04	0.5253
8816	-108.9679	-108.9679	-76.1928	0.6992	77.8498	0.7149	1.1e-04	0.5254
8817	-108.9797	-108.9797	-76.9701	0.7063	77.0855	0.7078	1.1e-04	0.5274
8818	-108.9847	-108.9847	-76.6458	0.7033	77.3928	0.7106	1.1e-04	0.5260
8819	-108.9675	-108.9675	-77.0127	0.7067	77.0417	0.7074	1.1e-04	0.5248
8820	-108.9593	-108.9593	-76.8654	0.7054	77.1677	0.7087	1.1e-04	0.5269
8821	-108.9595	-108.9595	-76.8220	0.7051	77.2097	0.7090	1.1e-04	0.5253
8822	-108.9750	-108.9750	-77.0765	0.7073	76.9734	0.7069	1.1e-04	0.5259
8823	-108.9563	-108.9563	-76.2342	0.6997	77.8072	0.7145	1.1e-04	0.5257
8824	-108.9586	-108.9586	-77.3397	0.7098	76.7007	0.7044	1.1e-04	0.5260
8825	-108.9608	-108.9608	-76.4878	0.7020	77.5645	0.7122	1.1e-04	0.5271
8826	-108.9552	-108.9552	-76.8403	0.7052	77.1940	0.7089	1.1e-04	0.5262
8827	-108.9816	-108.9816	-77.3069	0.7094	76.7615	0.7048	1.1e-04	0.5243
8828	-108.9591	-108.9591	-77.1108	0.7077	76.9363	0.7065	1.1e-04	0.5269
8829	-108.9557	-108.9557	-76.8150	0.7050	77.2206	0.7092	1.1e-04	0.5244
8830	-108.9631	-108.9631	-76.1792	0.6991	77.8621	0.7150	1.1e-04	0.5277
8831	-108.9675	-108.9675	-76.4942	0.7020	77.5483	0.7122	1.1e-04	0.5257
8832	-108.9696	-108.9696	-76.3766	0.7009	77.6576	0.7132	1.1e-04	0.5271
8833	-108.9622	-108.9622	-77.1368	0.7079	76.8957	0.7061	1.1e-04	0.5257
8834	-108.9649	-108.9649	-76.5966	0.7029	77.4315	0.7111	1.1e-04	0.5247
8835	-108.9577	-108.9577	-76.4922	0.7020	77.5518	0.7121	1.1e-04	0.5272
8836	-108.9521	-108.9521	-76.0123	0.6977	78.0027	0.7164	1.1e-04	0.5264
8837	-108.9666	-108.9666	-76.5620	0.7026	77.4832	0.7114	1.1e-04	0.5251
8838	-108.9491	-108.9491	-76.2153	0.6995	77.8139	0.7146	1.1e-04	0.5264
8839	-108.9550	-108.9550	-76.6365	0.7034	77.3965	0.7108	1.1e-04	0.5251
8840	-108.9624	-108.9624	-76.0985	0.6984	77.9422	0.7157	1.1e-04	0.5255
8841	-108.9673	-108.9673	-75.6009	0.6938	78.4140	0.7201	1.1e-04	0.5267
8842	-108.9624	-108.9624	-75.8849	0.6964	78.1420	0.7176	1.1e-04	0.5264
8843	-108.9585	-108.9585	-76.3756	0.7010	77.6590	0.7131	1.1e-04	0.5253
8844	-108.9774	-108.9774	-76.8619	0.7053	77.2030	0.7089	1.1e-04	0.5263
8845	-108.9758	-108.9758	-76.3824	0.7009	77.6660	0.7132	1.1e-04	0.5267
8846	-108.9651	-108.9652	-75.2688	0.6908	78.7348	0.7230	1.1e-04	0.5263
8847	-108.9542	-108.9542	-76.8295	0.7052	77.2018	0.7090	1.1e-04	0.5255
8848	-108.9652	-108.9652	-76.2599	0.6999	77.7611	0.7140	1.1e-04	0.5265
8849	-108.9750	-108.9750	-76.2989	0.7002	77.7532	0.7139	1.1e-04	0.5252
8850	-108.9693	-108.9693	-76.4741	0.7018	77.5798	0.7124	1.1e-04	0.5249
8851	-108.9587	-108.9587	-76.6469	0.7034	77.3934	0.7106	1.1e-04	0.5261
8852	-108.9619	-108.9619	-76.6112	0.7031	77.4348	0.7111	1.1e-04	0.5249
8853	-108.9630	-108.9631	-75.8285	0.6959	78.2007	0.7181	1.1e-04	0.5255
8854	-108.9619	-108.9619	-76.2868	0.7001	77.7182	0.7137	1.1e-04	0.5272
8855	-108.9727	-108.9727	-77.4578	0.7108	76.5963	0.7034	1.1e-04	0.5250
8856	-108.9505	-108.9505	-76.8376	0.7053	77.1945	0.7089	1.1e-04	0.5270
8857	-108.9850	-108.9850	-76.1052	0.6983	77.9530	0.7157	1.1e-04	0.5251
8858	-108.9576	-108.9576	-77.4913	0.7112	76.5592	0.7030	1.1e-04	0.5250
8859	-108.9810	-108.9810	-76.5798	0.7027	77.4949	0.7115	1.1e-04	0.5266
8860	-108.9716	-108.9716	-76.3695	0.7008	77.6889	0.7133	1.1e-04	0.5246
8861	-108.9479	-108.9479	-76.5186	0.7023	77.5066	0.7118	1.1e-04	0.5269
8862	-108.9619	-108.9619	-77.4593	0.7109	76.5901	0.7033	1.1e-04	0.5261
8863	-108.9632	-108.9632	-77.2288	0.7088	76.8219	0.7054	1.1e-04	0.5247
8864	-108.9687	-108.9687	-77.1107	0.7076	76.9350	0.7065	1.1e-04	0.5261
8865	-108.9615	-108.9615	-76.9256	0.7060	77.1155	0.7081	1.1e-04	0.5258
8866	-108.9780	-108.9780	-77.1348	0.7078	76.9204	0.7063	1.1e-04	0.5275
8867	-108.9852	-108.9852	-77.4724	0.7109	76.5976	0.7033	1.1e-04	0.5252
8868	-108.9536	-108.9536	-76.9829	0.7066	77.0541	0.7076	1.1e-04	0.5255
8869	-108.9701	-108.9701	-77.2807	0.7092	76.7672	0.7049	1.1e-04	0.5259
8870	-108.9637	-108.9637	-77.2036	0.7085	76.8448	0.7056	1.1e-04	0.5251
8871	-108.9605	-108.9605	-77.1457	0.7080	76.8831	0.7061	1.1e-04	0.5278
8872	-108.9640	-108.9640	-76.6079	0.7031	77.4406	0.7111	1.1e-04	0.5263
8873	-108.9591	-108.9591	-76.9026	0.7058	77.1467	0.7084	1.1e-04	0.5252
8874	-108.9564	-108.9564	-77.3995	0.7104	76.6413	0.7038	1.1e-04	0.5267
8875	-108.9605	-108.9605	-75.3542	0.6916	78.6405	0.7222	1.1e-04	0.5250
8876	-108.9685	-108.9685	-77.5456	0.7116	76.5035	0.7025	1.1e-04	0.5268
8877	-108.9584	-108.9584	-76.2286	0.6996	77.8128	0.7145	1.1e-04	0.5246
8878	-108.9700	-108.9700	-77.6893	0.7129	76.3568	0.7012	1.1e-04	0.5248
8879	-108.9628	-108.9628	-77.2272	0.7087	76.8197	0.7054	1.1e-04	0.5269
8880	-108.9577	-108.9577	-77.3490	0.7099	76.6559	0.7039	1.1e-04	0.5259
8881	-108.9619	-108.9619	-76.1447	0.6988	77.8919	0.7153	1.1e-04	0.5251
8882	-108.9675	-108.9675	-76.9297	0.7060	77.1328	0.7082	1.1e-04	0.5268
8883	-108.9425	-108.9425	-77.0175	0.7070	77.0053	0.7072	1.1e-04	0.5252
8884	-108.9619	-108.9619	-76.3395	0.7006	77.6682	0.7131	1.1e-04	0.5250
8885	-108.9596	-108.9596	-77.1712	0.7083	76.8771	0.7059	1.1e-04	0.5250
8886	-108.9704	-108.9704	-76.9252	0.7059	77.1231	0.7082	1.1e-04	0.5246
8887	-108.9488	-108.9488	-77.7479	0.7136	76.2806	0.7005	1.1e-04	0.5269
8888	-108.9665	-108.9665	-76.9264	0.7060	77.1166	0.7082	1.1e-04	0.5260
8889	-108.9767	-108.9767	-76.8655	0.7053	77.1827	0.7087	1.1e-04	0.5321
8890	-108.9646	-108.9646	-76.7785	0.7046	77.2674	0.7095	1.1e-04	0.5256
8891	-108.9671	-108.9671	-77.3429	0.7098	76.7069	0.7044	1.1e-04	0.5264
8892	-108.9520	-108.9520	-77.9753	0.7157	76.0342	0.6983	1.1e-04	0.5261
8893	-108.9653	-108.9653	-77.2609	0.7090	76.7858	0.7051	1.1e-04	0.5253
8894	-108.9578	-108.9578	-76.8031	0.7049	77.2423	0.7093	1.1e-04	0.5244
8895	-108.9652	-108.9652	-76.4244	0.7014	77.6141	0.7128	1.1e-04	0.5260
8896	-108.9491	-108.9491	-77.1315	0.7080	76.9066	0.7062	1.1e-04	0.5248
8897	-108.9631	-108.9631	-77.0869	0.7075	76.9580	0.7068	1.1e-04	0.5268
8898	-108.9675	-108.9675	-76.3858	0.7010	77.6611	0.7131	1.1e-04	0.5261
8899	-108.9596	-108.9596	-76.8945	0.7057	77.1372	0.7083	1.1e-04	0.5254
8900	-108.9646	-108.9646	-77.4225	0.7105	76.6199	0.7037	1.1e-04	0.5262
8901	-108.9585	-108.9585	-78.5049	0.7205	75.4916	0.6934	1.1e-04	0.5258
8902	-108.9708	-108.9708	-76.1060	0.6984	77.9305	0.7156	1.1e-04	0.5264
8903	-108.9542	-108.9542	-76.8765	0.7056	77.1432	0.7084	1.1e-04	0.5240
8904	-108.9456	-108.9456	-76.4882	0.7021	77.5263	0.7121	1.1e-04	0.5266
8905	-108.9664	-108.9664	-76.9392	0.7061	77.1168	0.7081	1.1e-04	0.5248
8906	-108.9635	-108.9635	-77.1688	0.7082	76.8733	0.7060	1.1e-04	0.5246
8907	-108.9575	-108.9575	-76.3665	0.7009	77.6463	0.7130	1.1e-04	0.5259
8908	-108.9593	-108.9593	-76.3747	0.7009	77.6624	0.7132	1.1e-04	0.5257
8909	-108.9511	-108.9511	-76.8139	0.7050	77.1954	0.7089	1.1e-04	0.5266
8910	-108.9808	-108.9808	-76.1229	0.6985	77.9406	0.7156	1.1e-04	0.5249
8911	-108.9768	-108.9768	-77.0674	0.7072	77.0017	0.7070	1.1e-04	0.5249
8912	-108.9645	-108.9645	-76.1482	0.6988	77.8921	0.7153	1.1e-04	0.5272
8913	-108.9645	-108.9645	-76.7933	0.7048	77.2532	0.7095	1.1e-04	0.5262
8914	-108.9503	-108.9503	-77.0686	0.7074	76.9726	0.7068	1.1e-04	0.5263
8915	-108.9545	-108.9545	-76.7310	0.7042	77.3080	0.7099	1.1e-04	0.5247
8916	-108.9696	-108.9696	-76.7121	0.7040	77.3412	0.7101	1.1e-04	0.5245
8917	-108.9622	-108.9622	-75.8946	0.6965	78.1356	0.7174	1.1e-04	0.5275
8918	-108.9688	-108.9688	-76.5185	0.7022	77.5408	0.7120	1.1e-04	0.5247
8919	-108.9535	-108.9535	-76.6444	0.7035	77.3954	0.7107	1.1e-04	0.5250
8920	-108.9674	-108.9675	-75.1905	0.6900	78.8166	0.7237	1.1e-04	0.5272
8921	-108.9653	-108.9653	-76.1422	0.6988	77.8941	0.7153	1.1e-04	0.5248
8922	-108.9625	-108.9626	-75.2970	0.6910	78.7058	0.7227	1.1e-04	0.5250
8923	-108.9540	-108.9540	-76.5892	0.7029	77.4552	0.7112	1.1e-04	0.5266
8924	-108.9661	-108.9661	-77.1309	0.7078	76.9190	0.7063	1.1e-04	0.5253
8925	-108.9669	-108.9669	-76.7007	0.7039	77.3252	0.7101	1.1e-04	0.5265
8926	-108.9668	-108.9668	-76.6021	0.7030	77.4385	0.7111	1.1e-04	0.5261
8927	-108.9681	-108.9681	-76.3859	0.7010	77.6611	0.7131	1.1e-04	0.5258
8928	-108.9654	-108.9654	-76.9368	0.7061	77.1018	0.7081	1.1e-04	0.5248
8929	-108.9594	-108.9594	-77.3498	0.7099	76.6964	0.7043	1.1e-04	0.5254
8930	-108.9680	-108.9680	-77.2039	0.7085	76.8521	0.7057	1.1e-04	0.5256
8931	-108.9624	-108.9624	-77.0724	0.7073	76.9677	0.7067	1.1e-04	0.5259
8932	-108.9649	-108.9649	-76.5174	0.7022	77.5093	0.7118	1.1e-04	0.5258
8933	-108.9795	-108.9795	-76.6906	0.7037	77.3701	0.7105	1.1e-04	0.5266
8934	-108.9724	-108.9724	-76.9401	0.7061	77.1177	0.7082	1.1e-04	0.5257
8935	-108.9637	-108.9637	-76.9876	0.7065	77.0713	0.7077	1.1e-04	0.5251
8936	-108.9822	-108.9822	-76.8349	0.7050	77.2338	0.7092	1.1e-04	0.5244
8937	-108.9569	-108.9569	-77.2897	0.7094	76.7511	0.7048	1.1e-04	0.5257
8938	-108.9612	-108.9612	-76.4258	0.7014	77.6140	0.7127	1.1e-04	0.5250
8939	-108.9428	-108.9428	-76.9173	0.7060	77.1142	0.7081	1.1e-04	0.5262
8940	-108.9802	-108.9802	-76.6319	0.7032	77.4317	0.7110	1.1e-04	0.5257
8941	-108.9675	-108.9675	-77.5421	0.7116	76.5154	0.7026	1.1e-04	0.5246
8942	-108.9557	-108.9557	-76.3985	0.7012	77.6342	0.7129	1.1e-04	0.5279
8943	-108.9564	-108.9564	-77.4032	0.7104	76.6352	0.7038	1.1e-04	0.5247
8944	-108.9699	-108.9699	-77.7284	0.7133	76.3244	0.7007	1.1e-04	0.5270
8945	-108.9609	-108.9609	-76.7107	0.7040	77.3405	0.7101	1.1e-04	0.5244
8946	-108.9642	-108.9642	-78.3762	0.7193	75.6501	0.6947	1.1e-04	0.5247
8947	-108.9614	-108.9614	-77.4561	0.7109	76.5895	0.7033	1.1e-04	0.5270
8948	-108.9714	-108.9714	-77.4720	0.7109	76.5877	0.7033	1.1e-04	0.5245
8949	-108.9637	-108.9637	-77.7421	0.7135	76.3048	0.7007	1.1e-04	0.5257
8950	-108.9630	-108.9630	-77.5693	0.7119	76.4792	0.7023	1.1e-04	0.5262
8951	-108.9637	-108.9637	-78.1703	0.7174	75.8544	0.6966	1.1e-04	0.5247
8952	-108.9376	-108.9376	-77.6091	0.7124	76.3889	0.7016	1.1e-04	0.5266
8953	-108.9638	-108.9638	-78.5151	0.7206	75.5009	0.6934	1.1e-04	0.5255
8954	-108.9610	-108.9610	-77.4866	0.7111	76.5600	0.7030	1.1e-04	0.5254
8955	-108.9539	-108.9539	-77.4585	0.7109	76.5653	0.7032	1.1e-04	0.5256
8956	-108.9515	-108.9515	-78.1934	0.7177	75.8184	0.6963	1.1e-04	0.5250
8957	-108.9603	-108.9603	-77.5559	0.7118	76.4835	0.7024	1.1e-04	0.5273
8958	-108.9674	-108.9674	-77.0335	0.7069	77.0204	0.7073	1.1e-04	0.5250
8959	-108.9594	-108.9594	-77.6243	0.7124	76.3885	0.7015	1.1e-04	0.5246
8960	-108.9773	-108.9773	-78.2882	0.7184	75.7638	0.6956	1.1e-04	0.5267
8961	-108.9714	-108.9714	-77.4435	0.7107	76.6112	0.7035	1.1e-04	0.5243
8962	-108.9651	-108.9651	-77.6000	0.7122	76.4520	0.7020	1.1e-04	0.5278
8963	-108.9616	-108.9616	-77.3831	0.7102	76.6543	0.7040	1.1e-04	0.5249
8964	-108.9722	-108.9722	-77.5486	0.7116	76.5019	0.7025	1.1e-04	0.5243
8965	-108.9534	-108.9534	-76.1273	0.6987	77.8942	0.7153	1.1e-04	0.5258
8966	-108.9558	-108.9558	-77.3025	0.7095	76.7377	0.7047	1.1e-04	0.5262
8967	-108.9762	-108.9762	-76.5193	0.7022	77.5401	0.7120	1.1e-04	0.5266
8968	-108.9611	-108.9611	-76.3883	0.7011	77.6520	0.7131	1.1e-04	0.5251
8969	-108.9713	-108.9713	-77.0604	0.7072	76.9931	0.7069	1.1e-04	0.5251
8970	-108.9767	-108.9767	-76.1409	0.6987	77.9136	0.7154	1.1e-04	0.5263
8971	-108.9499	-108.9499	-77.4719	0.7111	76.5594	0.7031	1.1e-04	0.5262
8972	-108.9615	-108.9615	-77.1708	0.7082	76.8769	0.7059	1.1e-04	0.5256
8973	-108.9631	-108.9631	-77.7770	0.7138	76.2688	0.7003	1.1e-04	0.5256
8974	-108.9556	-108.9556	-76.8082	0.7049	77.2066	0.7090	1.1e-04	0.5250
8975	-108.9574	-108.9574	-77.2974	0.7094	76.7411	0.7048	1.1e-04	0.5239
8976	-108.9659	-108.9659	-77.0723	0.7073	76.9775	0.7069	1.1e-04	0.5250
8977	-108.9749	-108.9749	-77.1830	0.7083	76.8728	0.7058	1.1e-04	0.5275
8978	-108.9689	-108.9689	-76.8421	0.7052	77.2053	0.7090	1.1e-04	0.5256
8979	-108.9566	-108.9566	-76.3303	0.7006	77.7063	0.7136	1.1e-04	0.5253
8980	-108.9720	-108.9720	-76.2113	0.6994	77.8313	0.7147	1.1e-04	0.5271
8981	-108.9708	-108.9708	-76.7952	0.7047	77.2667	0.7095	1.1e-04	0.5250
8982	-108.9547	-108.9547	-77.5385	0.7117	76.5048	0.7025	1.1e-04	0.5268
8983	-108.9572	-108.9572	-77.2175	0.7087	76.8161	0.7054	1.1e-04	0.5250
8984	-108.9830	-108.9830	-77.1772	0.7082	76.8878	0.7061	1.1e-04	0.5249
8985	-108.9582	-108.9582	-75.8727	0.6963	78.1500	0.7177	1.1e-04	0.5267
8986	-108.9857	-108.9857	-76.9988	0.7065	77.0243	0.7072	1.1e-04	0.5260
8987	-108.9621	-108.9621	-76.9344	0.7061	77.1176	0.7081	1.1e-04	0.5264
8988	-108.9561	-108.9561	-77.7559	0.7136	76.2745	0.7005	1.1e-04	0.5254
8989	-108.9671	-108.9671	-76.9773	0.7064	77.0586	0.7076	1.1e-04	0.5248
8990	-108.9644	-108.9644	-76.1690	0.6990	77.8641	0.7150	1.1e-04	0.5262
8991	-108.9788	-108.9788	-76.8587	0.7053	77.2036	0.7089	1.1e-04	0.5257
8992	-108.9554	-108.9554	-76.6262	0.7033	77.4008	0.7109	1.1e-04	0.5279
8993	-108.9809	-108.9809	-77.2468	0.7088	76.8236	0.7054	1.1e-04	0.5252
8994	-108.9623	-108.9623	-77.2927	0.7094	76.7500	0.7048	1.1e-04	0.5252
8995	-108.9644	-108.9644	-76.7930	0.7048	77.2610	0.7094	1.1e-04	0.5265
8996	-108.9627	-108.9627	-76.8768	0.7055	77.1681	0.7087	1.1e-04	0.5263
8997	-108.9486	-108.9486	-76.8894	0.7057	77.1438	0.7085	1.1e-04	0.5247
8998	-108.9633	-108.9633	-76.4604	0.7017	77.5869	0.7125	1.1e-04	0.5272
8999	-108.9559	-108.9559	-77.7074	0.7132	76.3364	0.7010	1.1e-04	0.5245
9000	-108.9546	-108.9546	-77.4129	0.7105	76.6232	0.7037	1.1e-04	0.5272
9001	-108.9719	-108.9719	-76.7818	0.7046	77.2534	0.7094	1.1e-04	0.5252
9002	-108.9816	-108.9816	-77.9456	0.7152	76.1040	0.6989	1.1e-04	0.5255
9003	-108.9747	-108.9747	-77.1700	0.7081	76.9045	0.7061	1.1e-04	0.5244
9004	-108.9599	-108.9599	-77.9949	0.7158	76.0450	0.6983	1.1e-04	0.5266
9005	-108.9720	-108.9720	-77.6414	0.7125	76.4010	0.7016	1.1e-04	0.5255
9006	-108.9641	-108.9641	-78.8904	0.7240	75.0975	0.6896	1.1e-04	0.5262
9007	-108.9567	-108.9567	-77.6446	0.7126	76.3875	0.7015	1.1e-04	0.5258
9008	-108.9617	-108.9617	-77.3464	0.7098	76.6751	0.7042	1.1e-04	0.5251
9009	-108.9620	-108.9620	-77.6250	0.7124	76.4201	0.7018	1.1e-04	0.5260
9010	-108.9552	-108.9552	-77.4738	0.7111	76.5634	0.7031	1.1e-04	0.5267
9011	-108.9613	-108.9613	-76.8288	0.7051	77.2064	0.7091	1.1e-04	0.5253
9012	-108.9627	-108.9627	-77.2388	0.7089	76.8058	0.7054	1.1e-04	0.5256
9013	-108.9469	-108.9469	-78.6570	0.7220	75.3394	0.6919	1.1e-04	0.5249
9014	-108.9712	-108.9712	-77.1053	0.7076	76.9559	0.7066	1.1e-04	0.5263
9015	-108.9682	-108.9682	-77.2870	0.7093	76.7551	0.7048	1.1e-04	0.5280
9016	-108.9635	-108.9635	-78.3052	0.7186	75.7187	0.6954	1.1e-04	0.5279
9017	-108.9560	-108.9560	-78.1704	0.7174	75.8313	0.6964	1.1e-04	0.5267
9018	-108.9592	-108.9592	-78.9518	0.7246	75.0444	0.6892	1.1e-04	0.5260
9019	-108.9651	-108.9651	-78.3608	0.7191	75.6577	0.6947	1.1e-04	0.5245
9020	-108.9451	-108.9451	-77.2879	0.7094	76.7384	0.7047	1.1e-04	0.5268
9021	-108.9560	-108.9560	-76.4537	0.7017	77.5431	0.7121	1.1e-04	0.5266
9022	-108.9502	-108.9502	-77.6500	0.7127	76.3729	0.7014	1.1e-04	0.5262
9023	-108.9536	-108.9536	-76.9229	0.7060	77.1152	0.7081	1.1e-04	0.5261
9024	-108.9628	-108.9628	-77.4694	0.7110	76.5622	0.7031	1.1e-04	0.5250
9025	-108.9711	-108.9711	-78.3114	0.7186	75.7220	0.6953	1.1e-04	0.5270
9026	-108.9758	-108.9758	-76.5479	0.7024	77.5051	0.7117	1.1e-04	0.5256
9027	-108.9709	-108.9709	-77.8690	0.7146	76.1692	0.6995	1.1e-04	0.5261
9028	-108.9773	-108.9773	-78.6685	0.7219	75.3579	0.6920	1.1e-04	0.5272
9029	-108.9658	-108.9658	-77.3440	0.7098	76.7044	0.7044	1.1e-04	0.5249
9030	-108.9793	-108.9793	-77.7762	0.7137	76.2833	0.7004	1.1e-04	0.5253
9031	-108.9466	-108.9466	-77.3539	0.7100	76.6768	0.7042	1.1e-04	0.5257
9032	-108.9726	-108.9726	-77.5173	0.7113	76.4983	0.7024	1.1e-04	0.5256
9033	-108.9839	-108.9839	-77.7292	0.7132	76.3131	0.7007	1.1e-04	0.5274
9034	-108.9492	-108.9492	-76.9739	0.7065	77.0544	0.7076	1.1e-04	0.5257
9035	-108.9580	-108.9580	-77.4021	0.7104	76.6457	0.7038	1.1e-04	0.5248
9036	-108.9581	-108.9581	-78.4992	0.7205	75.4715	0.6931	1.1e-04	0.5259
9037	-108.9544	-108.9544	-77.4203	0.7106	76.6212	0.7036	1.1e-04	0.5254
9038	-108.9514	-108.9514	-77.1412	0.7080	76.8817	0.7060	1.1e-04	0.5271
9039	-108.9472	-108.9472	-78.3008	0.7187	75.7093	0.6953	1.1e-04	0.5252
9040	-108.9618	-108.9618	-77.3600	0.7100	76.6938	0.7042	1.1e-04	0.5262
9041	-108.9634	-108.9634	-78.0985	0.7167	75.9468	0.6973	1.1e-04	0.5255
9042	-108.9586	-108.9586	-78.2516	0.7182	75.7740	0.6957	1.1e-04	0.5250
9043	-108.9509	-108.9509	-77.3556	0.7100	76.6676	0.7041	1.1e-04	0.5278
9044	-108.9666	-108.9666	-77.4997	0.7112	76.5440	0.7029	1.1e-04	0.5258
9045	-108.9626	-108.9626	-78.0654	0.7164	75.9713	0.6976	1.1e-04	0.5260
9046	-108.9514	-108.9514	-78.2669	0.7184	75.7415	0.6956	1.1e-04	0.5281
9047	-108.9593	-108.9593	-76.9607	0.7063	77.0823	0.7079	1.1e-04	0.5257
9048	-108.9530	-108.9530	-76.7633	0.7046	77.2726	0.7096	1.1e-04	0.5250
9049	-108.9771	-108.9771	-77.9729	0.7155	76.0967	0.6986	1.1e-04	0.5263
9050	-108.9749	-108.9749	-77.4150	0.7104	76.6426	0.7038	1.1e-04	0.5252
9051	-108.9572	-108.9572	-77.5465	0.7117	76.4936	0.7025	1.1e-04	0.5266
9052	-108.9685	-108.9685	-78.3372	0.7189	75.6841	0.6950	1.1e-04	0.5268
9053	-108.9905	-108.9905	-77.1850	0.7082	76.8910	0.7060	1.1e-04	0.5257
9054	-108.9593	-108.9593	-77.9443	0.7154	76.0830	0.6987	1.1e-04	0.5264
9055	-108.9728	-108.9728	-77.2176	0.7086	76.8316	0.7055	1.1e-04	0.5247
9056	-108.9561	-108.9561	-77.2683	0.7092	76.7723	0.7050	1.1e-04	0.5256
9057	-108.9602	-108.9602	-78.4361	0.7199	75.5951	0.6941	1.1e-04	0.5256
9058	-108.9702	-108.9702	-77.0479	0.7071	77.0097	0.7072	1.1e-04	0.5276
9059	-108.9636	-108.9636	-77.2317	0.7088	76.8062	0.7053	1.1e-04	0.5259
9060	-108.9595	-108.9595	-78.1761	0.7175	75.8505	0.6965	1.1e-04	0.5251
9061	-108.9686	-108.9686	-77.7005	0.7131	76.3535	0.7011	1.1e-04	0.5257
9062	-108.9601	-108.9601	-77.3143	0.7096	76.7412	0.7046	1.1e-04	0.5243
9063	-108.9478	-108.9478	-78.5490	0.7210	75.4438	0.6928	1.1e-04	0.5272
9064	-108.9640	-108.9640	-77.3401	0.7098	76.7104	0.7044	1.1e-04	0.5263
9065	-108.9580	-108.9580	-78.1144	0.7169	75.9094	0.6971	1.1e-04	0.5265
9066	-108.9578	-108.9578	-77.5412	0.7117	76.4963	0.7025	1.1e-04	0.5258
9067	-108.9623	-108.9623	-77.5134	0.7114	76.5012	0.7024	1.1e-04	0.5249
9068	-108.9699	-108.9699	-77.4489	0.7107	76.6095	0.7035	1.1e-04	0.5269
9069	-108.9521	-108.9521	-77.5105	0.7114	76.5251	0.7027	1.1e-04	0.5256
9070	-108.9466	-108.9466	-77.6753	0.7130	76.3624	0.7012	1.1e-04	0.5273
9071	-108.9567	-108.9567	-78.0599	0.7164	75.9772	0.6976	1.1e-04	0.5252
9072	-108.9727	-108.9727	-76.7116	0.7040	77.3172	0.7099	1.1e-04	0.5238
9073	-108.9657	-108.9657	-77.6736	0.7128	76.3776	0.7013	1.1e-04	0.5258
9074	-108.9771	-108.9771	-78.0624	0.7163	75.9951	0.6978	1.1e-04	0.5255
9075	-108.9831	-108.9831	-76.8411	0.7051	77.2382	0.7091	1.1e-04	0.5263
9076	-108.9428	-108.9428	-77.5533	0.7119	76.4766	0.7023	1.1e-04	0.5264
9077	-108.9743	-108.9743	-76.6089	0.7030	77.4435	0.7112	1.1e-04	0.5246
9078	-108.9714	-108.9714	-77.9187	0.7150	76.1365	0.6990	1.1e-04	0.5265
9079	-108.9691	-108.9691	-77.0152	0.7068	77.0350	0.7074	1.1e-04	0.5252
9080	-108.9589	-108.9589	-77.4484	0.7108	76.5941	0.7034	1.1e-04	0.5281
9081	-108.9522	-108.9522	-77.2003	0.7086	76.8480	0.7056	1.1e-04	0.5258
9082	-108.9533	-108.9533	-76.9664	0.7064	77.0779	0.7078	1.1e-04	0.5258
9083	-108.9708	-108.9708	-77.1718	0.7082	76.8755	0.7059	1.1e-04	0.5279
9084	-108.9605	-108.9605	-78.3443	0.7190	75.6896	0.6950	1.1e-04	0.5249
9085	-108.9721	-108.9721	-77.8066	0.7140	76.2486	0.7001	1.1e-04	0.5240
9086	-108.9525	-108.9525	-77.3962	0.7104	76.6353	0.7037	1.1e-04	0.5263
9087	-108.9648	-108.9648	-78.0838	0.7166	75.9463	0.6974	1.1e-04	0.5254
9088	-108.9580	-108.9580	-76.9256	0.7060	77.1206	0.7082	1.1e-04	0.5251
9089	-108.9756	-108.9756	-77.6455	0.7125	76.3884	0.7014	1.1e-04	0.5258
9090	-108.9549	-108.9549	-78.0672	0.7165	75.9634	0.6975	1.1e-04	0.5250
9091	-108.9668	-108.9668	-77.6789	0.7129	76.3700	0.7013	1.1e-04	0.5246
9092	-108.9680	-108.9680	-78.0225	0.7160	76.0128	0.6981	1.1e-04	0.5264
9093	-108.9593	-108.9593	-77.3182	0.7096	76.7170	0.7044	1.1e-04	0.5258
9094	-108.9611	-108.9611	-76.6298	0.7033	77.4200	0.7109	1.1e-04	0.5262
9095	-108.9704	-108.9704	-77.2494	0.7089	76.7922	0.7051	1.1e-04	0.5244
9096	-108.9600	-108.9600	-77.9245	0.7152	76.0974	0.6988	1.1e-04	0.5273
9097	-108.9564	-108.9564	-77.5200	0.7115	76.5214	0.7027	1.1e-04	0.5267
9098	-108.9657	-108.9657	-78.2877	0.7185	75.7380	0.6955	1.1e-04	0.5253
9099	-108.9749	-108.9749	-76.8650	0.7053	77.1981	0.7089	1.1e-04	0.5252
9100	-108.9760	-108.9760	-77.2710	0.7091	76.7821	0.7050	1.1e-04	0.5259
9101	-108.9695	-108.9695	-77.7789	0.7138	76.2729	0.7004	1.1e-04	0.5247
9102	-108.9619	-108.9619	-76.9812	0.7065	77.0506	0.7075	1.1e-04	0.5272
9103	-108.9551	-108.9551	-77.8684	0.7147	76.1580	0.6994	1.1e-04	0.5264
9104	-108.9832	-108.9832	-76.9514	0.7061	77.1143	0.7081	1.1e-04	0.5255
9105	-108.9553	-108.9553	-76.6648	0.7036	77.3681	0.7105	1.1e-04	0.5263
9106	-108.9874	-108.9874	-76.6961	0.7037	77.3816	0.7105	1.1e-04	0.5264
9107	-108.9539	-108.9539	-77.7939	0.7140	76.2443	0.7001	1.1e-04	0.5244
9108	-108.9640	-108.9640	-76.9592	0.7063	77.0963	0.7079	1.1e-04	0.5269
9109	-108.9541	-108.9541	-77.4120	0.7105	76.6312	0.7037	1.1e-04	0.5252
9110	-108.9732	-108.9732	-77.2306	0.7087	76.8295	0.7055	1.1e-04	0.5246
9111	-108.9652	-108.9652	-77.9704	0.7156	76.0785	0.6986	1.1e-04	0.5267
9112	-108.9593	-108.9593	-77.3516	0.7099	76.6915	0.7042	1.1e-04	0.5257
9113	-108.9717	-108.9717	-76.4741	0.7018	77.5771	0.7124	1.1e-04	0.5245
9114	-108.9736	-108.9736	-76.4860	0.7019	77.5710	0.7123	1.1e-04	0.5266
9115	-108.9624	-108.9624	-77.6002	0.7122	76.4456	0.7020	1.1e-04	0.5255
9116	-108.9567	-108.9567	-77.3710	0.7101	76.6692	0.7041	1.1e-04	0.5275
9117	-108.9643	-108.9643	-77.3063	0.7095	76.7428	0.7047	1.1e-04	0.5255
9118	-108.9732	-108.9732	-77.8528	0.7144	76.2059	0.6997	1.1e-04	0.5244
9119	-108.9544	-108.9544	-77.2419	0.7089	76.7972	0.7052	1.1e-04	0.5259
9120	-108.9592	-108.9592	-76.4396	0.7015	77.5882	0.7125	1.1e-04	0.5257
9121	-108.9602	-108.9602	-76.8434	0.7052	77.2052	0.7089	1.1e-04	0.5269
9122	-108.9674	-108.9674	-77.2155	0.7086	76.8418	0.7055	1.1e-04	0.5252
9123	-108.9663	-108.9663	-77.2093	0.7086	76.8447	0.7056	1.1e-04	0.5257
9124	-108.9704	-108.9704	-77.0914	0.7075	76.9457	0.7065	1.1e-04	0.5270
9125	-108.9703	-108.9703	-77.5845	0.7120	76.4731	0.7022	1.1e-04	0.5248
9126	-108.9600	-108.9600	-77.1799	0.7083	76.8677	0.7059	1.1e-04	0.5270
9127	-108.9626	-108.9626	-77.6201	0.7124	76.3886	0.7015	1.1e-04	0.5245
9128	-108.9708	-108.9708	-77.8287	0.7142	76.2081	0.6998	1.1e-04	0.5252
9129	-108.9540	-108.9540	-77.1775	0.7083	76.8575	0.7058	1.1e-04	0.5276
9130	-108.9669	-108.9669	-77.1143	0.7077	76.9475	0.7065	1.1e-04	0.5258
9131	-108.9799	-108.9799	-77.5302	0.7114	76.5453	0.7028	1.1e-04	0.5246
9132	-108.9661	-108.9661	-76.4376	0.7015	77.5765	0.7124	1.1e-04	0.5266
9133	-108.9648	-108.9648	-77.2301	0.7088	76.8273	0.7054	1.1e-04	0.5256
9134	-108.9665	-108.9665	-77.8517	0.7145	76.1909	0.6997	1.1e-04	0.5248
9135	-108.9495	-108.9495	-77.6800	0.7130	76.3510	0.7012	1.1e-04	0.5255
9136	-108.9659	-108.9659	-76.9374	0.7061	77.1157	0.7081	1.1e-04	0.5274
9137	-108.9582	-108.9582	-78.0170	0.7160	76.0150	0.6981	1.1e-04	0.5248
9138	-108.9391	-108.9391	-78.0102	0.7161	75.9835	0.6978	1.1e-04	0.5257
9139	-108.9462	-108.9462	-78.1971	0.7178	75.8098	0.6962	1.1e-04	0.5247
9140	-108.9574	-108.9574	-77.9358	0.7153	76.0928	0.6988	1.1e-04	0.5262
9141	-108.9542	-108.9542	-77.8023	0.7141	76.2354	0.7001	1.1e-04	0.5274
9142	-108.9506	-108.9506	-77.8851	0.7149	76.1378	0.6992	1.1e-04	0.5271
9143	-108.9694	-108.9694	-77.9543	0.7154	76.0751	0.6986	1.1e-04	0.5248
9144	-108.9784	-108.9784	-77.6552	0.7126	76.3978	0.7015	1.1e-04	0.5253
9145	-108.9699	-108.9699	-77.4689	0.7109	76.5892	0.7032	1.1e-04	0.5245
9146	-108.9684	-108.9684	-77.8382	0.7143	76.2159	0.6998	1.1e-04	0.5263
9147	-108.9661	-108.9661	-78.2743	0.7183	75.7536	0.6957	1.1e-04	0.5258
9148	-108.9651	-108.9651	-76.7768	0.7046	77.2808	0.7096	1.1e-04	0.5267
9149	-108.9493	-108.9493	-77.5443	0.7117	76.4905	0.7024	1.1e-04	0.5244
9150	-108.9587	-108.9587	-77.7249	0.7133	76.2985	0.7006	1.1e-04	0.5245
9151	-108.9535	-108.9535	-77.5957	0.7122	76.4555	0.7020	1.1e-04	0.5257
9152	-108.9499	-108.9499	-77.4192	0.7106	76.6157	0.7036	1.1e-04	0.5256
9153	-108.9561	-108.9561	-76.2441	0.6998	77.7946	0.7144	1.1e-04	0.5261
9154	-108.9639	-108.9639	-78.0651	0.7164	75.9747	0.6976	1.1e-04	0.5257
9155	-108.9702	-108.9702	-76.8004	0.7048	77.2699	0.7094	1.1e-04	0.5255
9156	-108.9607	-108.9607	-77.0969	0.7076	76.9478	0.7066	1.1e-04	0.5269
9157	-108.9695	-108.9695	-76.9689	0.7063	77.0940	0.7078	1.1e-04	0.5255
9158	-108.9687	-108.9687	-76.9816	0.7065	77.0760	0.7077	1.1e-04	0.5253
9159	-108.9663	-108.9663	-76.6100	0.7031	77.4499	0.7111	1.1e-04	0.5277
9160	-108.9687	-108.9687	-77.2186	0.7086	76.8323	0.7054	1.1e-04	0.5258
9161	-108.9805	-108.9805	-76.5534	0.7025	77.4989	0.7116	1.1e-04	0.5271
9162	-108.9625	-108.9625	-77.8122	0.7141	76.2175	0.6999	1.1e-04	0.5255
9163	-108.9894	-108.9894	-76.7379	0.7041	77.3564	0.7101	1.1e-04	0.5252
9164	-108.9776	-108.9776	-77.5705	0.7118	76.5013	0.7024	1.1e-04	0.5260
9165	-108.9653	-108.9653	-77.2675	0.7091	76.7934	0.7051	1.1e-04	0.5250
9166	-108.9608	-108.9608	-77.5146	0.7114	76.5198	0.7027	1.1e-04	0.5284
9167	-108.9566	-108.9566	-77.4470	0.7108	76.5763	0.7033	1.1e-04	0.5269
9168	-108.9744	-108.9744	-77.8906	0.7148	76.1674	0.6994	1.1e-04	0.5251
9169	-108.9749	-108.9749	-77.7025	0.7130	76.3619	0.7011	1.1e-04	0.5265
9170	-108.9646	-108.9646	-77.2117	0.7086	76.8383	0.7056	1.1e-04	0.5250
9171	-108.9659	-108.9659	-77.3603	0.7099	76.6987	0.7042	1.1e-04	0.5281
9172	-108.9548	-108.9548	-77.3918	0.7103	76.6438	0.7038	1.1e-04	0.5260
9173	-108.9649	-108.9649	-77.6018	0.7122	76.4432	0.7020	1.1e-04	0.5246
9174	-108.9631	-108.9631	-78.3308	0.7189	75.6974	0.6951	1.1e-04	0.5269
9175	-108.9547	-108.9547	-77.2395	0.7089	76.7956	0.7053	1.1e-04	0.5257
9176	-108.9568	-108.9568	-77.2215	0.7087	76.8224	0.7054	1.1e-04	0.5260
9177	-108.9631	-108.9631	-78.2261	0.7179	75.7962	0.6961	1.1e-04	0.5269
9178	-108.9584	-108.9584	-76.4028	0.7012	77.5776	0.7125	1.1e-04	0.5263
9179	-108.9576	-108.9576	-76.7541	0.7044	77.2803	0.7097	1.1e-04	0.5250
9180	-108.9565	-108.9565	-77.3427	0.7098	76.6824	0.7041	1.1e-04	0.5261
9181	-108.9703	-108.9703	-77.8256	0.7142	76.2280	0.6999	1.1e-04	0.5273
9182	-108.9605	-108.9605	-76.7885	0.7047	77.2520	0.7094	1.1e-04	0.5259
9183	-108.9615	-108.9615	-77.7979	0.7140	76.2398	0.7001	1.1e-04	0.5258
9184	-108.9625	-108.9625	-77.3894	0.7102	76.6555	0.7040	1.1e-04	0.5257
9185	-108.9738	-108.9738	-77.0043	0.7066	77.0502	0.7075	1.1e-04	0.5258
9186	-108.9697	-108.9697	-77.0511	0.7071	77.0088	0.7071	1.1e-04	0.5260
9187	-108.9648	-108.9648	-77.0668	0.7073	76.9776	0.7069	1.1e-04	0.5251
9188	-108.9774	-108.9774	-76.1781	0.6990	77.8830	0.7151	1.1e-04	0.5267
9189	-108.9658	-108.9658	-76.9751	0.7064	77.0762	0.7078	1.1e-04	0.5262
9190	-108.9662	-108.9662	-77.2438	0.7089	76.7927	0.7052	1.1e-04	0.5265
9191	-108.9646	-108.9646	-76.8909	0.7057	77.1619	0.7086	1.1e-04	0.5245
9192	-108.9726	-108.9726	-76.6191	0.7031	77.4391	0.7111	1.1e-04	0.5250
9193	-108.9499	-108.9499	-76.6312	0.7034	77.3998	0.7107	1.1e-04	0.5272
9194	-108.9783	-108.9783	-77.0783	0.7073	76.9872	0.7069	1.1e-04	0.5255
9195	-108.9675	-108.9675	-76.7717	0.7045	77.2694	0.7096	1.1e-04	0.5251
9196	-108.9556	-108.9556	-76.3941	0.7011	77.6324	0.7129	1.1e-04	0.5274
9197	-108.9778	-108.9778	-76.9824	0.7064	77.0873	0.7078	1.1e-04	0.5250
9198	-108.9587	-108.9587	-76.7467	0.7044	77.3041	0.7098	1.1e-04	0.5250
9199	-108.9727	-108.9727	-77.1381	0.7079	76.9178	0.7063	1.1e-04	0.5256
9200	-108.9627	-108.9627	-77.1030	0.7076	76.9431	0.7065	1.1e-04	0.5260
9201	-108.9469	-108.9469	-76.3334	0.7006	77.6931	0.7135	1.1e-04	0.5260
9202	-108.9674	-108.9674	-77.1043	0.7076	76.9426	0.7066	1.1e-04	0.5266
9203	-108.9668	-108.9668	-76.9165	0.7059	77.1369	0.7083	1.1e-04	0.5253
9204	-108.9635	-108.9635	-77.2525	0.7090	76.7988	0.7052	1.1e-04	0.5257
9205	-108.9719	-108.9719	-76.9312	0.7060	77.1329	0.7082	1.1e-04	0.5250
9206	-108.9637	-108.9637	-77.0954	0.7075	76.9585	0.7067	1.1e-04	0.5273
9207	-108.9672	-108.9672	-77.5056	0.7113	76.5490	0.7029	1.1e-04	0.5248
9208	-108.9630	-108.9630	-76.9478	0.7062	77.0971	0.7079	1.1e-04	0.5258
9209	-108.9703	-108.9703	-77.3573	0.7099	76.7052	0.7043	1.1e-04	0.5265
9210	-108.9660	-108.9660	-76.4144	0.7013	77.6271	0.7128	1.1e-04	0.5256
9211	-108.9550	-108.9550	-76.9719	0.7065	77.0760	0.7078	1.1e-04	0.5266
9212	-108.9565	-108.9565	-77.1915	0.7085	76.8425	0.7056	1.1e-04	0.5249
9213	-108.9700	-108.9700	-77.5199	0.7114	76.5323	0.7028	1.1e-04	0.5259
9214	-108.9595	-108.9595	-76.4047	0.7012	77.6410	0.7129	1.1e-04	0.5260
9215	-108.9607	-108.9607	-76.5745	0.7028	77.4669	0.7113	1.1e-04	0.5251
9216	-108.9825	-108.9825	-76.4194	0.7012	77.6470	0.7129	1.1e-04	0.5266
9217	-108.9680	-108.9680	-77.2408	0.7088	76.8221	0.7054	1.1e-04	0.5255
9218	-108.9879	-108.9879	-77.0420	0.7069	77.0461	0.7073	1.1e-04	0.5249
9219	-108.9754	-108.9754	-76.4981	0.7020	77.5697	0.7122	1.1e-04	0.5252
9220	-108.9569	-108.9569	-76.8832	0.7056	77.1656	0.7086	1.1e-04	0.5280
9221	-108.9663	-108.9663	-77.1784	0.7083	76.8783	0.7059	1.1e-04	0.5247
9222	-108.9483	-108.9483	-77.2140	0.7087	76.8317	0.7055	1.1e-04	0.5245
9223	-108.9544	-108.9544	-77.6148	0.7124	76.4002	0.7016	1.1e-04	0.5248
9224	-108.9776	-108.9776	-77.1943	0.7084	76.8780	0.7058	1.1e-04	0.5250
9225	-108.9682	-108.9682	-76.6153	0.7031	77.4343	0.7111	1.1e-04	0.5250
9226	-108.9599	-108.9599	-77.5566	0.7118	76.4894	0.7024	1.1e-04	0.5248
9227	-108.9693	-108.9693	-76.4276	0.7014	77.6205	0.7128	1.1e-04	0.5268
9228	-108.9665	-108.9665	-77.3213	0.7096	76.7285	0.7046	1.1e-04	0.5271
9229	-108.9803	-108.9803	-76.6331	0.7032	77.4226	0.7110	1.1e-04	0.5254
9230	-108.9571	-108.9571	-77.1857	0.7084	76.8291	0.7055	1.1e-04	0.5259
9231	-108.9537	-108.9537	-77.5215	0.7115	76.5189	0.7027	1.1e-04	0.5253
9232	-108.9637	-108.9637	-76.9489	0.7062	77.1003	0.7079	1.1e-04	0.5258
9233	-108.9597	-108.9597	-77.0695	0.7073	76.9793	0.7068	1.1e-04	0.5254
9234	-108.9636	-108.9636	-77.5767	0.7120	76.4757	0.7022	1.1e-04	0.5254
9235	-108.9623	-108.9623	-77.7511	0.7136	76.2852	0.7006	1.1e-04	0.5254
9236	-108.9686	-108.9686	-77.6037	0.7122	76.4478	0.7020	1.1e-04	0.5256
9237	-108.9846	-108.9847	-75.6860	0.6945	78.3590	0.7194	1.1e-04	0.5247
9238	-108.9638	-108.9638	-77.5540	0.7117	76.4745	0.7022	1.1e-04	0.5262
9239	-108.9616	-108.9616	-76.6905	0.7038	77.3462	0.7104	1.1e-04	0.5251
9240	-108.9777	-108.9777	-76.3662	0.7008	77.6878	0.7134	1.1e-04	0.5268
9241	-108.9505	-108.9505	-77.0265	0.7070	76.9845	0.7070	1.1e-04	0.5244
9242	-108.9604	-108.9604	-77.0747	0.7074	76.9646	0.7068	1.1e-04	0.5252
9243	-108.9647	-108.9647	-77.1619	0.7081	76.8803	0.7060	1.1e-04	0.5258
9244	-108.9625	-108.9625	-76.5473	0.7025	77.5023	0.7117	1.1e-04	0.5254
9245	-108.9668	-108.9668	-76.8448	0.7052	77.2016	0.7089	1.1e-04	0.5255
9246	-108.9629	-108.9629	-76.9422	0.7061	77.1029	0.7081	1.1e-04	0.5263
9247	-108.9631	-108.9631	-78.2719	0.7183	75.7577	0.6957	1.1e-04	0.5251
9248	-108.9718	-108.9718	-76.6551	0.7034	77.3771	0.7105	1.1e-04	0.5257
9249	-108.9744	-108.9744	-76.8163	0.7049	77.2079	0.7090	1.1e-04	0.5263
9250	-108.9654	-108.9655	-75.7686	0.6953	78.2598	0.7186	1.1e-04	0.5249
9251	-108.9602	-108.9602	-77.1379	0.7079	76.8978	0.7062	1.1e-04	0.5265
9252	-108.9789	-108.9789	-75.8404	0.6959	78.1974	0.7180	1.1e-04	0.5257
9253	-108.9474	-108.9474	-77.3861	0.7103	76.6306	0.7038	1.1e-04	0.5247
9254	-108.9643	-108.9643	-77.1858	0.7084	76.8449	0.7056	1.1e-04	0.5266
9255	-108.9574	-108.9574	-77.3108	0.7096	76.7322	0.7046	1.1e-04	0.5246
9256	-108.9409	-108.9409	-76.2199	0.6996	77.7782	0.7143	1.1e-04	0.5277
9257	-108.9544	-108.9545	-75.6679	0.6945	78.3561	0.7195	1.1e-04	0.5252
9258	-108.9651	-108.9651	-76.3463	0.7006	77.6906	0.7134	1.1e-04	0.5250
9259	-108.9592	-108.9592	-76.2273	0.6996	77.7975	0.7144	1.1e-04	0.5263
9260	-108.9675	-108.9675	-76.7087	0.7040	77.3446	0.7102	1.1e-04	0.5245
9261	-108.9630	-108.9630	-76.4110	0.7013	77.6290	0.7129	1.1e-04	0.5264
9262	-108.9604	-108.9604	-76.5885	0.7029	77.4396	0.7111	1.1e-04	0.5261
9263	-108.9604	-108.9604	-75.7650	0.6953	78.2591	0.7186	1.1e-04	0.5251
9264	-108.9646	-108.9647	-75.5984	0.6938	78.4284	0.7202	1.1e-04	0.5247
9265	-108.9657	-108.9658	-75.6403	0.6942	78.3864	0.7198	1.1e-04	0.5257
9266	-108.9633	-108.9633	-76.3061	0.7003	77.7453	0.7138	1.1e-04	0.5267
9267	-108.9545	-108.9545	-76.3577	0.7008	77.6797	0.7132	1.1e-04	0.5271
9268	-108.9630	-108.9630	-76.6641	0.7036	77.3929	0.7106	1.1e-04	0.5255
9269	-108.9652	-108.9653	-75.5732	0.6936	78.4585	0.7204	1.1e-04	0.5255
9270	-108.9656	-108.9656	-77.1973	0.7085	76.8497	0.7057	1.1e-04	0.5252
9271	-108.9732	-108.9732	-76.9231	0.7059	77.1258	0.7083	1.1e-04	0.5242
9272	-108.9714	-108.9714	-76.0080	0.6975	78.0288	0.7165	1.1e-04	0.5266
9273	-108.9587	-108.9587	-76.8659	0.7055	77.1781	0.7088	1.1e-04	0.5256
9274	-108.9689	-108.9689	-75.9077	0.6966	78.1256	0.7174	1.1e-04	0.5255
9275	-108.9731	-108.9731	-76.6881	0.7037	77.3738	0.7104	1.1e-04	0.5262
9276	-108.9553	-108.9553	-76.2466	0.6998	77.7883	0.7143	1.1e-04	0.5251
9277	-108.9648	-108.9648	-76.6900	0.7038	77.3460	0.7103	1.1e-04	0.5259
9278	-108.9652	-108.9652	-77.2129	0.7086	76.8377	0.7056	1.1e-04	0.5249
9279	-108.9644	-108.9644	-76.3552	0.7007	77.6747	0.7132	1.1e-04	0.5250
9280	-108.9616	-108.9617	-75.6879	0.6946	78.3133	0.7191	1.1e-04	0.5275
9281	-108.9555	-108.9555	-76.8520	0.7054	77.1754	0.7087	1.1e-04	0.5253
9282	-108.9674	-108.9674	-75.9460	0.6970	78.0883	0.7170	1.1e-04	0.5246
9283	-108.9659	-108.9659	-76.6957	0.7039	77.3500	0.7103	1.1e-04	0.5269
9284	-108.9711	-108.9711	-76.0789	0.6982	77.9714	0.7159	1.1e-04	0.5252
9285	-108.9442	-108.9442	-76.3859	0.7011	77.6316	0.7130	1.0e-04	0.5261
9286	-108.9580	-108.9580	-76.9355	0.7061	77.0940	0.7080	1.0e-04	0.5257
9287	-108.9708	-108.9708	-76.5360	0.7024	77.5287	0.7118	1.0e-04	0.5251
9288	-108.9657	-108.9657	-76.2567	0.6998	77.7669	0.7142	1.0e-04	0.5268
9289	-108.9587	-108.9588	-75.8955	0.6966	78.1308	0.7174	1.0e-04	0.5251
9290	-108.9480	-108.9481	-75.2460	0.6907	78.7484	0.7232	1.0e-04	0.5266
9291	-108.9837	-108.9837	-76.9270	0.7059	77.1426	0.7083	1.0e-04	0.5259
9292	-108.9801	-108.9801	-76.2073	0.6993	77.8482	0.7148	1.0e-04	0.5266
9293	-108.9669	-108.9669	-77.0851	0.7074	76.9719	0.7067	1.0e-04	0.5256
9294	-108.9824	-108.9824	-75.8485	0.6960	78.2016	0.7180	1.0e-04	0.5256
9295	-108.9706	-108.9706	-76.1465	0.6988	77.8772	0.7152	1.0e-04	0.5263
9296	-108.9729	-108.9729	-76.3776	0.7009	77.6788	0.7133	1.0e-04	0.5253
9297	-108.9654	-108.9654	-76.8700	0.7055	77.1779	0.7087	1.0e-04	0.5264
9298	-108.9597	-108.9597	-76.8458	0.7053	77.1587	0.7086	1.0e-04	0.5262
9299	-108.9493	-108.9493	-76.2502	0.6999	77.7770	0.7142	1.0e-04	0.5268
9300	-108.9687	-108.9687	-76.0679	0.6981	77.9800	0.7160	1.0e-04	0.5261
9301	-108.9731	-108.9731	-76.6313	0.7032	77.3947	0.7107	1.0e-04	0.5245
9302	-108.9582	-108.9582	-75.7680	0.6954	78.2570	0.7186	1.0e-04	0.5270
9303	-108.9641	-108.9641	-76.0263	0.6977	78.0075	0.7163	1.0e-04	0.5258
9304	-108.9844	-108.9844	-75.8169	0.6957	78.2349	0.7184	1.0e-04	0.5256
9305	-108.9520	-108.9520	-76.3924	0.7012	77.6335	0.7129	1.0e-04	0.5240
9306	-108.9620	-108.9620	-75.7644	0.6953	78.2624	0.7187	1.0e-04	0.5264
9307	-108.9543	-108.9543	-77.0683	0.7073	76.9732	0.7069	1.0e-04	0.5264
9308	-108.9742	-108.9742	-75.8692	0.6962	78.1762	0.7178	1.0e-04	0.5252
9309	-108.9573	-108.9573	-76.8458	0.7053	77.1979	0.7089	1.0e-04	0.5267
9310	-108.9708	-108.9708	-76.2681	0.6999	77.7864	0.7142	1.0e-04	0.5245
9311	-108.9610	-108.9612	-74.9632	0.6880	79.0260	0.7257	1.0e-04	0.5240
9312	-108.9497	-108.9497	-75.5232	0.6932	78.4836	0.7207	1.0e-04	0.5247
9313	-108.9630	-108.9630	-75.5115	0.6930	78.5040	0.7208	1.0e-04	0.5269
9314	-108.9736	-108.9736	-75.8872	0.6964	78.1539	0.7177	1.0e-04	0.5258
9315	-108.9562	-108.9562	-77.1702	0.7083	76.8776	0.7059	1.0e-04	0.5258
9316	-108.9798	-108.9798	-76.7787	0.7045	77.2982	0.7097	1.0e-04	0.5275
9317	-108.9774	-108.9774	-76.5556	0.7025	77.5127	0.7117	1.0e-04	0.5249
9318	-108.9730	-108.9730	-75.5688	0.6935	78.4565	0.7205	1.0e-04	0.5263
9319	-108.9661	-108.9661	-77.0230	0.7069	77.0126	0.7072	1.0e-04	0.5251
9320	-108.9718	-108.9718	-76.9757	0.7064	77.0840	0.7078	1.0e-04	0.5257
9321	-108.9613	-108.9613	-76.7672	0.7045	77.2650	0.7095	1.0e-04	0.5258
9322	-108.9676	-108.9676	-76.7473	0.7043	77.2971	0.7098	1.0e-04	0.5253
9323	-108.9679	-108.9679	-77.2544	0.7090	76.7994	0.7052	1.0e-04	0.5268
9324	-108.9570	-108.9570	-76.8993	0.7058	77.1424	0.7084	1.0e-04	0.5259
9325	-108.9626	-108.9626	-77.4693	0.7110	76.5770	0.7031	1.0e-04	0.5254
9326	-108.9661	-108.9661	-77.1517	0.7080	76.9026	0.7061	1.0e-04	0.5264
9327	-108.9640	-108.9640	-76.5064	0.7021	77.5420	0.7121	1.0e-04	0.5257
9328	-108.9720	-108.9720	-77.2878	0.7092	76.7777	0.7049	1.0e-04	0.5276
9329	-108.9597	-108.9597	-77.0400	0.7071	77.0018	0.7072	1.0e-04	0.5258
9330	-108.9534	-108.9534	-76.2890	0.7002	77.7412	0.7139	1.0e-04	0.5272
9331	-108.9616	-108.9616	-77.8772	0.7147	76.1579	0.6994	1.0e-04	0.5253
9332	-108.9763	-108.9763	-77.1666	0.7081	76.8997	0.7061	1.0e-04	0.5250
9333	-108.9767	-108.9767	-76.7108	0.7039	77.3450	0.7102	1.0e-04	0.5276
9334	-108.9704	-108.9704	-77.3351	0.7097	76.7218	0.7045	1.0e-04	0.5265
9335	-108.9647	-108.9647	-76.9522	0.7062	77.0993	0.7080	1.0e-04	0.5243
9336	-108.9562	-108.9562	-77.1242	0.7078	76.9021	0.7062	1.0e-04	0.5260
9337	-108.9587	-108.9587	-77.1241	0.7078	76.9282	0.7064	1.0e-04	0.5251
9338	-108.9694	-108.9694	-77.4825	0.7110	76.5741	0.7031	1.0e-04	0.5267
9339	-108.9649	-108.9650	-75.4384	0.6923	78.5779	0.7216	1.0e-04	0.5262
9340	-108.9650	-108.9650	-76.8534	0.7053	77.2021	0.7089	1.0e-04	0.5277
9341	-108.9696	-108.9696	-76.5339	0.7023	77.5139	0.7117	1.0e-04	0.5250
9342	-108.9823	-108.9823	-77.1373	0.7078	76.9396	0.7064	1.0e-04	0.5252
9343	-108.9651	-108.9651	-77.1204	0.7078	76.9127	0.7063	1.0e-04	0.5269
9344	-108.9496	-108.9496	-77.1433	0.7081	76.8862	0.7061	1.0e-04	0.5255
9345	-108.9452	-108.9452	-77.7052	0.7133	76.3290	0.7009	1.0e-04	0.5254
9346	-108.9724	-108.9724	-77.8798	0.7147	76.1644	0.6994	1.0e-04	0.5266
9347	-108.9635	-108.9635	-77.2101	0.7086	76.8271	0.7055	1.0e-04	0.5267
9348	-108.9559	-108.9559	-77.0927	0.7076	76.9516	0.7067	1.0e-04	0.5259
9349	-108.9684	-108.9684	-77.1259	0.7078	76.9405	0.7064	1.0e-04	0.5263
9350	-108.9834	-108.9834	-77.6215	0.7122	76.4493	0.7019	1.0e-04	0.5256
9351	-108.9694	-108.9694	-77.4141	0.7104	76.6309	0.7037	1.0e-04	0.5264
9352	-108.9840	-108.9840	-77.8444	0.7143	76.2184	0.6998	1.0e-04	0.5258
9353	-108.9683	-108.9683	-76.2020	0.6993	77.8436	0.7148	1.0e-04	0.5247
9354	-108.9638	-108.9638	-76.5928	0.7029	77.4586	0.7113	1.0e-04	0.5258
9355	-108.9701	-108.9701	-77.3132	0.7095	76.7143	0.7044	1.0e-04	0.5271
9356	-108.9681	-108.9681	-76.8300	0.7051	77.2233	0.7091	1.0e-04	0.5247
9357	-108.9569	-108.9569	-77.6066	0.7123	76.4153	0.7019	1.0e-04	0.5254
9358	-108.9702	-108.9702	-77.4194	0.7105	76.6341	0.7037	1.0e-04	0.5268
9359	-108.9598	-108.9598	-77.7498	0.7136	76.2896	0.7005	1.0e-04	0.5245
9360	-108.9733	-108.9733	-77.5323	0.7115	76.5291	0.7027	1.0e-04	0.5266
9361	-108.9705	-108.9705	-77.2084	0.7085	76.8470	0.7056	1.0e-04	0.5251
9362	-108.9524	-108.9524	-78.0254	0.7161	75.9993	0.6979	1.0e-04	0.5248
9363	-108.9679	-108.9679	-77.9265	0.7151	76.0996	0.6987	1.0e-04	0.5276
9364	-108.9662	-108.9662	-78.1221	0.7169	75.9169	0.6971	1.0e-04	0.5252
9365	-108.9597	-108.9597	-77.3556	0.7099	76.6884	0.7042	1.0e-04	0.5266
9366	-108.9513	-108.9513	-77.6642	0.7128	76.3694	0.7013	1.0e-04	0.5261
9367	-108.9701	-108.9701	-78.2411	0.7180	75.7739	0.6958	1.0e-04	0.5251
9368	-108.9626	-108.9626	-77.8352	0.7143	76.1884	0.6996	1.0e-04	0.5264
9369	-108.9561	-108.9561	-76.5771	0.7028	77.4586	0.7113	1.0e-04	0.5253
9370	-108.9629	-108.9629	-78.0377	0.7162	75.9861	0.6978	1.0e-04	0.5276
9371	-108.9635	-108.9635	-78.0552	0.7163	75.9601	0.6976	1.0e-04	0.5259
9372	-108.9568	-108.9568	-77.2126	0.7087	76.8307	0.7055	1.0e-04	0.5277
9373	-108.9579	-108.9579	-78.0296	0.7161	76.0090	0.6979	1.0e-04	0.5260
9374	-108.9661	-108.9661	-78.3144	0.7187	75.7116	0.6953	1.0e-04	0.5259
9375	-108.9519	-108.9519	-77.2243	0.7088	76.7934	0.7052	1.0e-04	0.5257
9376	-108.9579	-108.9579	-77.4890	0.7112	76.5546	0.7030	1.0e-04	0.5273
9377	-108.9432	-108.9432	-76.5545	0.7027	77.4661	0.7114	1.0e-04	0.5262
9378	-108.9478	-108.9478	-77.0479	0.7072	76.9900	0.7070	1.0e-04	0.5250
9379	-108.9723	-108.9723	-78.0227	0.7160	76.0152	0.6981	1.0e-04	0.5268
9380	-108.9623	-108.9623	-78.8063	0.7232	75.2119	0.6906	1.0e-04	0.5250
9381	-108.9632	-108.9632	-77.1323	0.7079	76.9175	0.7063	1.0e-04	0.5259
9382	-108.9657	-108.9657	-78.0953	0.7167	75.9448	0.6974	1.0e-04	0.5275
9383	-108.9629	-108.9629	-77.9821	0.7157	76.0525	0.6984	1.0e-04	0.5247
9384	-108.9620	-108.9620	-77.9435	0.7153	76.1006	0.6988	1.0e-04	0.5273
9385	-108.9671	-108.9671	-78.0712	0.7165	75.9527	0.6974	1.0e-04	0.5254
9386	-108.9822	-108.9822	-76.5210	0.7021	77.5492	0.7120	1.0e-04	0.5251
9387	-108.9709	-108.9709	-77.8262	0.7142	76.1911	0.6997	1.0e-04	0.5259
9388	-108.9647	-108.9647	-77.3309	0.7097	76.7085	0.7044	1.0e-04	0.5282
9389	-108.9754	-108.9754	-77.8767	0.7146	76.1596	0.6993	1.0e-04	0.5258
9390	-108.9578	-108.9578	-76.9620	0.7063	77.0864	0.7078	1.0e-04	0.5249
9391	-108.9646	-108.9646	-77.8823	0.7147	76.1613	0.6994	1.0e-04	0.5267
9392	-108.9481	-108.9481	-78.0256	0.7162	75.9911	0.6979	1.0e-04	0.5267
9393	-108.9771	-108.9771	-77.9846	0.7156	76.0564	0.6984	1.0e-04	0.5265
9394	-108.9577	-108.9577	-78.6049	0.7214	75.4074	0.6925	1.0e-04	0.5262
9395	-108.9479	-108.9479	-77.9322	0.7153	76.0882	0.6988	1.0e-04	0.5249
9396	-108.9650	-108.9650	-77.9037	0.7149	76.1366	0.6991	1.0e-04	0.5253
9397	-108.9629	-108.9629	-77.2866	0.7093	76.7571	0.7048	1.0e-04	0.5272
9398	-108.9705	-108.9705	-77.6456	0.7125	76.3905	0.7014	1.0e-04	0.5250
9399	-108.9569	-108.9569	-77.5890	0.7121	76.4560	0.7021	1.0e-04	0.5243
9400	-108.9542	-108.9542	-77.6923	0.7131	76.3514	0.7011	1.0e-04	0.5260
9401	-108.9647	-108.9647	-77.6495	0.7126	76.3897	0.7016	1.0e-04	0.5244
9402	-108.9587	-108.9587	-77.2824	0.7093	76.7627	0.7049	1.0e-04	0.5254
9403	-108.9629	-108.9629	-77.4455	0.7108	76.5993	0.7034	1.0e-04	0.5267
9404	-108.9721	-108.9721	-78.6154	0.7214	75.4111	0.6925	1.0e-04	0.5257
9405	-108.9621	-108.9621	-77.3750	0.7101	76.6665	0.7041	1.0e-04	0.5260
9406	-108.9636	-108.9636	-77.5040	0.7113	76.5419	0.7029	1.0e-04	0.5260
9407	-108.9610	-108.9610	-77.0049	0.7067	77.0474	0.7075	1.0e-04	0.5249
9408	-108.9598	-108.9598	-77.2043	0.7086	76.8492	0.7056	1.0e-04	0.5264
9409	-108.9613	-108.9613	-77.3157	0.7096	76.7174	0.7045	1.0e-04	0.5254
9410	-108.9727	-108.9727	-77.5298	0.7115	76.5256	0.7027	1.0e-04	0.5247
9411	-108.9666	-108.9666	-77.6586	0.7127	76.3935	0.7015	1.0e-04	0.5268
9412	-108.9560	-108.9560	-77.1403	0.7080	76.8923	0.7061	1.0e-04	0.5261
9413	-108.9857	-108.9857	-77.3658	0.7099	76.7056	0.7043	1.0e-04	0.5266
9414	-108.9716	-108.9716	-77.3928	0.7102	76.6369	0.7036	1.0e-04	0.5251
9415	-108.9590	-108.9590	-76.7533	0.7044	77.2947	0.7097	1.0e-04	0.5245
9416	-108.9630	-108.9630	-77.7866	0.7139	76.2494	0.7002	1.0e-04	0.5273
9417	-108.9617	-108.9617	-77.0775	0.7074	76.9584	0.7067	1.0e-04	0.5254
9418	-108.9598	-108.9598	-77.5607	0.7118	76.4823	0.7023	1.0e-04	0.5271
9419	-108.9668	-108.9668	-77.3079	0.7095	76.7408	0.7047	1.0e-04	0.5261
9420	-108.9636	-108.9636	-77.1807	0.7083	76.8603	0.7058	1.0e-04	0.5257
9421	-108.9625	-108.9625	-76.6073	0.7031	77.4406	0.7111	1.0e-04	0.5250
9422	-108.9816	-108.9816	-77.3932	0.7101	76.6751	0.7041	1.0e-04	0.5258
9423	-108.9656	-108.9656	-76.9619	0.7063	77.1022	0.7079	1.0e-04	0.5281
9424	-108.9830	-108.9830	-77.2259	0.7086	76.8570	0.7056	1.0e-04	0.5259
9425	-108.9590	-108.9590	-76.8972	0.7057	77.1410	0.7084	1.0e-04	0.5265
9426	-108.9562	-108.9562	-77.8466	0.7145	76.1905	0.6996	1.0e-04	0.5259
9427	-108.9563	-108.9563	-77.6226	0.7124	76.3987	0.7017	1.0e-04	0.5244
9428	-108.9643	-108.9643	-76.9916	0.7066	77.0576	0.7076	1.0e-04	0.5267
9429	-108.9594	-108.9594	-77.8428	0.7144	76.1958	0.6996	1.0e-04	0.5247
9430	-108.9753	-108.9753	-77.7303	0.7133	76.3344	0.7009	1.0e-04	0.5253
9431	-108.9675	-108.9675	-76.1312	0.6987	77.9126	0.7154	1.0e-04	0.5262
9432	-108.9804	-108.9804	-76.6932	0.7037	77.3791	0.7105	1.0e-04	0.5251
9433	-108.9731	-108.9731	-77.3412	0.7097	76.7211	0.7044	1.0e-04	0.5251
9434	-108.9638	-108.9638	-77.4904	0.7112	76.5617	0.7030	1.0e-04	0.5248
9435	-108.9770	-108.9770	-78.3936	0.7194	75.6495	0.6946	1.0e-04	0.5255
9436	-108.9720	-108.9720	-76.9016	0.7057	77.1523	0.7084	1.0e-04	0.5275
9437	-108.9559	-108.9559	-76.5263	0.7024	77.5118	0.7118	1.0e-04	0.5261
9438	-108.9536	-108.9536	-78.5731	0.7212	75.4361	0.6928	1.0e-04	0.5258
9439	-108.9767	-108.9767	-78.3740	0.7192	75.6654	0.6948	1.0e-04	0.5253
9440	-108.9572	-108.9572	-76.6826	0.7038	77.3694	0.7104	1.0e-04	0.5261
9441	-108.9686	-108.9686	-77.4569	0.7108	76.5956	0.7033	1.0e-04	0.5257
9442	-108.9633	-108.9633	-76.5811	0.7028	77.4598	0.7113	1.0e-04	0.5260
9443	-108.9528	-108.9528	-76.8724	0.7056	77.1645	0.7085	1.0e-04	0.5268
9444	-108.9587	-108.9587	-77.8984	0.7149	76.1388	0.6992	1.0e-04	0.5257
9445	-108.9728	-108.9728	-77.8198	0.7141	76.2086	0.6999	1.0e-04	0.5239
9446	-108.9766	-108.9766	-77.3050	0.7094	76.7386	0.7046	1.0e-04	0.5252
9447	-108.9749	-108.9749	-77.7552	0.7135	76.2925	0.7006	1.0e-04	0.5257
9448	-108.9690	-108.9690	-77.5100	0.7113	76.5311	0.7028	1.0e-04	0.5255
9449	-108.9522	-108.9522	-77.9172	0.7152	76.1131	0.6989	1.0e-04	0.5244
9450	-108.9445	-108.9445	-77.9726	0.7157	76.0003	0.6980	1.0e-04	0.5271
9451	-108.9719	-108.9719	-76.9717	0.7063	77.0663	0.7077	1.0e-04	0.5249
9452	-108.9617	-108.9617	-77.1942	0.7085	76.8582	0.7058	1.0e-04	0.5269
9453	-108.9689	-108.9689	-76.2434	0.6997	77.8117	0.7145	1.0e-04	0.5258
9454	-108.9646	-108.9646	-77.0046	0.7067	77.0171	0.7073	1.0e-04	0.5262
9455	-108.9607	-108.9607	-76.6536	0.7035	77.3867	0.7107	1.0e-04	0.5253
9456	-108.9648	-108.9648	-77.3518	0.7099	76.7017	0.7043	1.0e-04	0.5247
9457	-108.9777	-108.9777	-76.5960	0.7029	77.4728	0.7113	1.0e-04	0.5260
9458	-108.9668	-108.9668	-76.0666	0.6981	77.9540	0.7158	1.0e-04	0.5255
9459	-108.9703	-108.9703	-76.7186	0.7040	77.3439	0.7102	1.0e-04	0.5269
9460	-108.9707	-108.9707	-76.3911	0.7010	77.6658	0.7131	1.0e-04	0.5260
9461	-108.9616	-108.9616	-76.9879	0.7066	77.0566	0.7076	1.0e-04	0.5250
9462	-108.9472	-108.9472	-77.6395	0.7126	76.3872	0.7015	1.0e-04	0.5274
9463	-108.9676	-108.9676	-76.4893	0.7019	77.5489	0.7121	1.0e-04	0.5255
9464	-108.9717	-108.9717	-76.6957	0.7038	77.3647	0.7104	1.0e-04	0.5255
9465	-108.9757	-108.9757	-77.2219	0.7086	76.8409	0.7056	1.0e-04	0.5256
9466	-108.9726	-108.9726	-76.4580	0.7016	77.5906	0.7124	1.0e-04	0.5255
9467	-108.9594	-108.9594	-77.1317	0.7079	76.9191	0.7063	1.0e-04	0.5265
9468	-108.9670	-108.9670	-76.7945	0.7048	77.2567	0.7094	1.0e-04	0.5255
9469	-108.9546	-108.9546	-76.3835	0.7011	77.6373	0.7129	1.0e-04	0.5241
9470	-108.9661	-108.9661	-76.7204	0.7041	77.3086	0.7099	1.0e-04	0.5270
9471	-108.9591	-108.9591	-76.4014	0.7012	77.6114	0.7127	1.0e-04	0.5254
9472	-108.9632	-108.9632	-77.1949	0.7084	76.8566	0.7058	1.0e-04	0.5253
9473	-108.9633	-108.9633	-76.8370	0.7052	77.2116	0.7090	1.0e-04	0.5248
9474	-108.9843	-108.9843	-75.6423	0.6941	78.4044	0.7199	1.0e-04	0.5263
9475	-108.9692	-108.9692	-76.4511	0.7016	77.6024	0.7126	1.0e-04	0.5260
9476	-108.9530	-108.9530	-77.0230	0.7069	77.0130	0.7073	1.0e-04	0.5253
9477	-108.9726	-108.9726	-77.5134	0.7113	76.4942	0.7024	1.0e-04	0.5251
9478	-108.9727	-108.9727	-76.5301	0.7023	77.5239	0.7119	1.0e-04	0.5255
9479	-108.9489	-108.9489	-76.6390	0.7034	77.3925	0.7108	1.0e-04	0.5250
9480	-108.9751	-108.9751	-76.3828	0.7009	77.6463	0.7129	1.0e-04	0.5273
9481	-108.9522	-108.9522	-76.8718	0.7056	77.1565	0.7086	1.0e-04	0.5254
9482	-108.9527	-108.9527	-77.3272	0.7097	76.7126	0.7044	1.0e-04	0.5255
9483	-108.9544	-108.9544	-77.0063	0.7068	77.0324	0.7074	1.0e-04	0.5273
9484	-108.9682	-108.9682	-77.2351	0.7088	76.8261	0.7054	1.0e-04	0.5254
9485	-108.9656	-108.9656	-77.0522	0.7071	77.0024	0.7071	1.0e-04	0.5253
9486	-108.9688	-108.9688	-76.9884	0.7065	77.0731	0.7077	1.0e-04	0.5252
9487	-108.9562	-108.9562	-75.9193	0.6968	78.1089	0.7173	1.0e-04	0.5240
9488	-108.9656	-108.9656	-76.3308	0.7005	77.7183	0.7136	1.0e-04	0.5261
9489	-108.9553	-108.9553	-77.1744	0.7083	76.8610	0.7059	1.0e-04	0.5255
9490	-108.9675	-108.9675	-76.9784	0.7064	77.0688	0.7078	1.0e-04	0.5269
9491	-108.9600	-108.9600	-76.8591	0.7054	77.1895	0.7088	1.0e-04	0.5253
9492	-108.9610	-108.9610	-76.6392	0.7034	77.4010	0.7108	1.0e-04	0.5248
9493	-108.9730	-108.9730	-76.7373	0.7042	77.3136	0.7099	1.0e-04	0.5265
9494	-108.9715	-108.9715	-76.7067	0.7039	77.3482	0.7103	1.0e-04	0.5260
9495	-108.9605	-108.9605	-76.6160	0.7032	77.4021	0.7108	1.0e-04	0.5258
9496	-108.9708	-108.9708	-77.3190	0.7095	76.7433	0.7047	1.0e-04	0.5260
9497	-108.9571	-108.9571	-77.4084	0.7104	76.6335	0.7037	1.0e-04	0.5247
9498	-108.9720	-108.9720	-76.5422	0.7024	77.5087	0.7117	1.0e-04	0.5261
9499	-108.9780	-108.9780	-76.4370	0.7014	77.6249	0.7128	1.0e-04	0.5251
9500	-108.9762	-108.9762	-75.9999	0.6974	78.0481	0.7167	1.0e-04	0.5251
9501	-108.9722	-108.9722	-76.5471	0.7024	77.5081	0.7117	1.0e-04	0.5248
9502	-108.9536	-108.9536	-77.2478	0.7090	76.7925	0.7051	1.0e-04	0.5252
9503	-108.9731	-108.9731	-77.1172	0.7077	76.9426	0.7065	1.0e-04	0.5261
9504	-108.9657	-108.9657	-76.0483	0.6979	77.9610	0.7159	1.0e-04	0.5255
9505	-108.9604	-108.9604	-76.2209	0.6995	77.8175	0.7146	1.0e-04	0.5246
9506	-108.9570	-108.9570	-76.7266	0.7042	77.3159	0.7100	1.0e-04	0.5262
9507	-108.9720	-108.9720	-77.0807	0.7073	76.9833	0.7069	1.0e-04	0.5266
9508	-108.9810	-108.9810	-77.0695	0.7072	77.0005	0.7070	1.0e-04	0.5269
9509	-108.9650	-108.9650	-76.8439	0.7052	77.2121	0.7090	1.0e-04	0.5253
9510	-108.9593	-108.9593	-77.3204	0.7096	76.7143	0.7045	1.0e-04	0.5245
9511	-108.9781	-108.9781	-77.1801	0.7082	76.8837	0.7060	1.0e-04	0.5265
9512	-108.9697	-108.9697	-77.0066	0.7067	77.0310	0.7073	1.0e-04	0.5252
9513	-108.9622	-108.9622	-76.6267	0.7032	77.4190	0.7109	1.0e-04	0.5252
9514	-108.9570	-108.9570	-77.2563	0.7091	76.7874	0.7052	1.0e-04	0.5261
9515	-108.9624	-108.9624	-77.0164	0.7068	77.0001	0.7071	1.0e-04	0.5278
9516	-108.9574	-108.9574	-76.6080	0.7031	77.4366	0.7111	1.0e-04	0.5266
9517	-108.9823	-108.9823	-77.2460	0.7088	76.8269	0.7054	1.0e-04	0.5254
9518	-108.9682	-108.9682	-76.4206	0.7013	77.6411	0.7129	1.0e-04	0.5259
9519	-108.9482	-108.9482	-77.3323	0.7098	76.6941	0.7044	1.0e-04	0.5257
9520	-108.9936	-108.9936	-77.2555	0.7088	76.8191	0.7053	1.0e-04	0.5261
9521	-108.9712	-108.9712	-76.3027	0.7002	77.7546	0.7139	1.0e-04	0.5250
9522	-108.9690	-108.9690	-77.1553	0.7080	76.9030	0.7061	1.0e-04	0.5281
9523	-108.9645	-108.9645	-77.5500	0.7117	76.4903	0.7024	1.0e-04	0.5259
9524	-108.9646	-108.9646	-76.6927	0.7038	77.3615	0.7103	1.0e-04	0.5263
9525	-108.9571	-108.9571	-77.0952	0.7076	76.9460	0.7066	1.0e-04	0.5261
9526	-108.9686	-108.9686	-76.9175	0.7059	77.1158	0.7081	1.0e-04	0.5273
9527	-108.9621	-108.9621	-77.1062	0.7076	76.9113	0.7063	1.0e-04	0.5246
9528	-108.9618	-108.9618	-77.4046	0.7104	76.6541	0.7038	1.0e-04	0.5265
9529	-108.9619	-108.9619	-76.9182	0.7059	77.0378	0.7075	1.0e-04	0.5247
9530	-108.9527	-108.9527	-77.7346	0.7135	76.2815	0.7006	1.0e-04	0.5246
9531	-108.9814	-108.9814	-78.1064	0.7167	75.9534	0.6974	1.0e-04	0.5273
9532	-108.9562	-108.9562	-76.7107	0.7041	77.3320	0.7101	1.0e-04	0.5262
9533	-108.9582	-108.9582	-77.2938	0.7094	76.7464	0.7048	1.0e-04	0.5243
9534	-108.9614	-108.9614	-77.0593	0.7072	76.9929	0.7070	1.0e-04	0.5274
9535	-108.9591	-108.9591	-77.4786	0.7111	76.5738	0.7031	1.0e-04	0.5262
9536	-108.9626	-108.9626	-77.4040	0.7104	76.6475	0.7038	1.0e-04	0.5273
9537	-108.9792	-108.9792	-77.4437	0.7106	76.6267	0.7036	1.0e-04	0.5250
9538	-108.9735	-108.9735	-77.7020	0.7130	76.3478	0.7011	1.0e-04	0.5255
9539	-108.9613	-108.9613	-76.3288	0.7005	77.7042	0.7136	1.0e-04	0.5274
9540	-108.9684	-108.9684	-77.2129	0.7086	76.8372	0.7056	1.0e-04	0.5249
9541	-108.9518	-108.9518	-77.5309	0.7116	76.4829	0.7023	1.0e-04	0.5249
9542	-108.9473	-108.9473	-77.2858	0.7094	76.7513	0.7048	1.0e-04	0.5261
9543	-108.9804	-108.9804	-78.3004	0.7185	75.7338	0.6954	1.0e-04	0.5252
9544	-108.9645	-108.9645	-76.9794	0.7065	77.0684	0.7077	1.0e-04	0.5275
9545	-108.9674	-108.9674	-77.4382	0.7107	76.6194	0.7035	1.0e-04	0.5244
9546	-108.9660	-108.9660	-77.1138	0.7077	76.9392	0.7065	1.0e-04	0.5249
9547	-108.9694	-108.9694	-77.9340	0.7152	76.1026	0.6989	1.0e-04	0.5267
9548	-108.9677	-108.9677	-77.4464	0.7107	76.6040	0.7035	1.0e-04	0.5239
9549	-108.9549	-108.9549	-77.2939	0.7094	76.7372	0.7047	1.0e-04	0.5246
9550	-108.9705	-108.9705	-77.1939	0.7084	76.8441	0.7056	1.0e-04	0.5249
9551	-108.9606	-108.9606	-76.4845	0.7019	77.5500	0.7121	1.0e-04	0.5247
9552	-108.9696	-108.9696	-75.8012	0.6956	78.2485	0.7184	1.0e-04	0.5249
9553	-108.9568	-108.9568	-76.6711	0.7037	77.3657	0.7105	1.0e-04	0.5265
9554	-108.9814	-108.9814	-76.8938	0.7056	77.1705	0.7086	1.0e-04	0.5259
9555	-108.9519	-108.9519	-77.0021	0.7068	77.0187	0.7073	1.0e-04	0.5258
9556	-108.9707	-108.9707	-77.4884	0.7111	76.5595	0.7030	1.0e-04	0.5255
9557	-108.9556	-108.9556	-77.4911	0.7112	76.5374	0.7028	1.0e-04	0.5261
9558	-108.9713	-108.9713	-76.1189	0.6985	77.9301	0.7156	1.0e-04	0.5254
9559	-108.9575	-108.9575	-76.2729	0.7000	77.7614	0.7141	1.0e-04	0.5256
9560	-108.9646	-108.9646	-77.0020	0.7067	77.0414	0.7075	1.0e-04	0.5257
9561	-108.9645	-108.9645	-77.3846	0.7102	76.6680	0.7040	1.0e-04	0.5253
9562	-108.9644	-108.9644	-76.9007	0.7057	77.1324	0.7084	1.0e-04	0.5261
9563	-108.9746	-108.9746	-77.4224	0.7105	76.6406	0.7037	1.0e-04	0.5250
9564	-108.9727	-108.9727	-77.3381	0.7097	76.7088	0.7044	1.0e-04	0.5251
9565	-108.9791	-108.9791	-76.7352	0.7041	77.2989	0.7099	1.0e-04	0.5268
9566	-108.9557	-108.9557	-76.4128	0.7013	77.6237	0.7128	1.0e-04	0.5253
9567	-108.9505	-108.9505	-76.4897	0.7021	77.5317	0.7121	1.0e-04	0.5249
9568	-108.9603	-108.9603	-76.9644	0.7064	77.0952	0.7079	1.0e-04	0.5261
9569	-108.9574	-108.9574	-76.6469	0.7035	77.3924	0.7107	1.0e-04	0.5246
9570	-108.9536	-108.9536	-76.9835	0.7066	77.0413	0.7075	1.0e-04	0.5270
9571	-108.9824	-108.9824	-77.1169	0.7076	76.9342	0.7064	1.0e-04	0.5256
9572	-108.9514	-108.9514	-77.0601	0.7073	76.9763	0.7069	1.0e-04	0.5253
9573	-108.9481	-108.9481	-76.8016	0.7049	77.2251	0.7092	1.0e-04	0.5269
9574	-108.9643	-108.9643	-76.5622	0.7026	77.4902	0.7115	1.0e-04	0.5251
9575	-108.9537	-108.9537	-77.9495	0.7154	76.0754	0.6986	1.0e-04	0.5254
9576	-108.9709	-108.9709	-76.3627	0.7008	77.6843	0.7134	1.0e-04	0.5257
9577	-108.9549	-108.9549	-76.6584	0.7036	77.3644	0.7105	1.0e-04	0.5238
9578	-108.9689	-108.9689	-76.7487	0.7043	77.2953	0.7098	1.0e-04	0.5266
9579	-108.9718	-108.9718	-76.4724	0.7018	77.5792	0.7124	1.0e-04	0.5248
9580	-108.9446	-108.9446	-76.5556	0.7027	77.4645	0.7115	1.0e-04	0.5255
9581	-108.9765	-108.9765	-76.4078	0.7011	77.6345	0.7129	1.0e-04	0.5268
9582	-108.9451	-108.9451	-76.9879	0.7067	77.0345	0.7075	1.0e-04	0.5242
9583	-108.9536	-108.9536	-76.4307	0.7015	77.5999	0.7126	1.0e-04	0.5247
9584	-108.9591	-108.9591	-76.7519	0.7044	77.2825	0.7097	1.0e-04	0.5268
9585	-108.9550	-108.9550	-76.0731	0.6982	77.9561	0.7159	1.0e-04	0.5251
9586	-108.9682	-108.9682	-76.6915	0.7038	77.3636	0.7104	1.0e-04	0.5272
9587	-108.9577	-108.9578	-75.7466	0.6952	78.2764	0.7188	1.0e-04	0.5267
9588	-108.9690	-108.9690	-76.8128	0.7049	77.2474	0.7093	1.0e-04	0.5258
9589	-108.9463	-108.9463	-76.7297	0.7043	77.2984	0.7099	1.0e-04	0.5265
9590	-108.9513	-108.9513	-75.7653	0.6954	78.2456	0.7186	1.0e-04	0.5263
9591	-108.9559	-108.9560	-75.7564	0.6953	78.2638	0.7187	1.0e-04	0.5268
9592	-108.9716	-108.9716	-76.1140	0.6985	77.9379	0.7156	1.0e-04	0.5257
9593	-108.9612	-108.9612	-76.4415	0.7015	77.6042	0.7126	1.0e-04	0.5249
9594	-108.9519	-108.9519	-75.8161	0.6959	78.1970	0.7182	1.0e-04	0.5259
9595	-108.9472	-108.9472	-76.0309	0.6979	77.9827	0.7161	1.0e-04	0.5254
9596	-108.9586	-108.9586	-76.4325	0.7015	77.5715	0.7123	1.0e-04	0.5252
9597	-108.9591	-108.9592	-75.4745	0.6927	78.5405	0.7212	1.0e-04	0.5268
9598	-108.9510	-108.9511	-75.2226	0.6904	78.7737	0.7234	1.0e-04	0.5247
9599	-108.9732	-108.9732	-76.7280	0.7041	77.3221	0.7101	1.0e-04	0.5254
9600	-108.9576	-108.9576	-76.1507	0.6989	77.8730	0.7152	1.0e-04	0.5244
9601	-108.9653	-108.9653	-75.6313	0.6941	78.3891	0.7199	1.0e-04	0.5242
9602	-108.9640	-108.9640	-75.7999	0.6956	78.2154	0.7182	1.0e-04	0.5241
9603	-108.9603	-108.9603	-76.2892	0.7002	77.7544	0.7140	1.0e-04	0.5243
9604	-108.9551	-108.9551	-75.9824	0.6974	78.0254	0.7166	1.0e-04	0.5251
9605	-108.9578	-108.9578	-75.9910	0.6974	78.0374	0.7166	1.0e-04	0.5239
9606	-108.9716	-108.9716	-75.4305	0.6922	78.6057	0.7217	1.0e-04	0.5262
9607	-108.9596	-108.9597	-75.3217	0.6913	78.6920	0.7226	1.0e-04	0.5265
9608	-108.9695	-108.9697	-74.7778	0.6862	79.2200	0.7274	1.0e-04	0.5261
9609	-108.9639	-108.9640	-75.5515	0.6934	78.4600	0.7205	1.0e-04	0.5259
9610	-108.9748	-108.9748	-76.0875	0.6982	77.9505	0.7157	1.0e-04	0.5261
9611	-108.9569	-108.9569	-75.8928	0.6965	78.1172	0.7174	1.0e-04	0.5245
9612	-108.9535	-108.9535	-75.9550	0.6971	78.0642	0.7169	1.0e-04	0.5262
9613	-108.9607	-108.9608	-75.1897	0.6901	78.7946	0.7236	1.0e-04	0.5250
9614	-108.9795	-108.9795	-75.5712	0.6934	78.4248	0.7201	1.0e-04	0.5259
9615	-108.9755	-108.9755	-75.8937	0.6964	78.1422	0.7176	1.0e-04	0.5255
9616	-108.9796	-108.9797	-75.5764	0.6935	78.4604	0.7204	1.0e-04	0.5255
9617	-108.9625	-108.9625	-76.2238	0.6995	77.8101	0.7146	1.0e-04	0.5271
9618	-108.9539	-108.9539	-75.8784	0.6964	78.1372	0.7176	1.0e-04	0.5250
9619	-108.9549	-108.9549	-76.5071	0.7022	77.5163	0.7118	1.0e-04	0.5253
9620	-108.9557	-108.9558	-74.9088	0.6875	79.0754	0.7261	1.0e-04	0.5269
9621	-108.9577	-108.9578	-75.5889	0.6937	78.4236	0.7202	1.0e-04	0.5250
9622	-108.9710	-108.9710	-75.8576	0.6961	78.1516	0.7177	1.0e-04	0.5272
9623	-108.9580	-108.9580	-76.3663	0.7009	77.6655	0.7133	1.0e-04	0.5254
9624	-108.9583	-108.9583	-76.0501	0.6980	77.9758	0.7161	1.0e-04	0.5252
9625	-108.9719	-108.9722	-74.2226	0.6811	79.7260	0.7321	1.0e-04	0.5250
9626	-108.9512	-108.9512	-77.0020	0.7068	77.0361	0.7075	1.0e-04	0.5248
9627	-108.9670	-108.9670	-76.4331	0.7014	77.6179	0.7127	1.0e-04	0.5254
9628	-108.9659	-108.9659	-76.4362	0.7015	77.6082	0.7127	1.0e-04	0.5253
9629	-108.9636	-108.9637	-75.6260	0.6940	78.3954	0.7199	1.0e-04	0.5258
9630	-108.9727	-108.9727	-76.8179	0.7049	77.2374	0.7093	1.0e-04	0.5250
9631	-108.9509	-108.9509	-75.5108	0.6931	78.4994	0.7209	1.0e-04	0.5262
9632	-108.9743	-108.9744	-75.2532	0.6906	78.7587	0.7232	1.0e-04	0.5255
9633	-108.9557	-108.9557	-75.9898	0.6974	78.0369	0.7166	1.0e-04	0.5260
9634	-108.9694	-108.9695	-75.7762	0.6954	78.2560	0.7185	1.0e-04	0.5272
9635	-108.9631	-108.9631	-75.8698	0.6963	78.1248	0.7175	1.0e-04	0.5252
9636	-108.9764	-108.9765	-75.8999	0.6965	78.1397	0.7176	1.0e-04	0.5255
9637	-108.9600	-108.9601	-75.5507	0.6934	78.4667	0.7206	1.0e-04	0.5263
9638	-108.9596	-108.9597	-75.1413	0.6896	78.8333	0.7239	1.0e-04	0.5254
9639	-108.9713	-108.9713	-76.1124	0.6985	77.9231	0.7155	1.0e-04	0.5243
9640	-108.9575	-108.9575	-76.0026	0.6975	78.0197	0.7164	1.0e-04	0.5262
9641	-108.9695	-108.9696	-75.2022	0.6901	78.7976	0.7236	1.0e-04	0.5263
9642	-108.9634	-108.9635	-75.6979	0.6947	78.2836	0.7189	1.0e-04	0.5259
9643	-108.9575	-108.9575	-75.7827	0.6955	78.2220	0.7183	1.0e-04	0.5254
9644	-108.9717	-108.9717	-76.1417	0.6987	77.8798	0.7152	1.0e-04	0.5249
9645	-108.9747	-108.9747	-76.0100	0.6975	78.0362	0.7166	1.0e-04	0.5254
9646	-108.9700	-108.9701	-75.9086	0.6966	78.1358	0.7175	1.0e-04	0.5277
9647	-108.9602	-108.9602	-76.1595	0.6990	77.8778	0.7151	1.0e-04	0.5281
9648	-108.9695	-108.9695	-76.3994	0.7011	77.6575	0.7131	1.0e-04	0.5255
9649	-108.9691	-108.9692	-75.6546	0.6943	78.3651	0.7196	1.0e-04	0.5261
9650	-108.9597	-108.9597	-75.8633	0.6963	78.1663	0.7178	1.0e-04	0.5251
9651	-108.9720	-108.9720	-76.5206	0.7022	77.5308	0.7119	1.0e-04	0.5251
9652	-108.9710	-108.9710	-76.5190	0.7022	77.5324	0.7120	1.0e-04	0.5253
9653	-108.9517	-108.9517	-76.4419	0.7016	77.5901	0.7126	1.0e-04	0.5260
9654	-108.9707	-108.9707	-76.0508	0.6979	77.9892	0.7162	1.0e-04	0.5250
9655	-108.9751	-108.9752	-75.6264	0.6940	78.4055	0.7199	1.0e-04	0.5255
9656	-108.9602	-108.9602	-76.2862	0.7001	77.7454	0.7140	1.0e-04	0.5258
9657	-108.9653	-108.9653	-76.9180	0.7059	77.1324	0.7083	1.0e-04	0.5245
9658	-108.9624	-108.9624	-77.1165	0.7077	76.9270	0.7065	1.0e-04	0.5279
9659	-108.9737	-108.9738	-75.5952	0.6937	78.4400	0.7202	1.0e-04	0.5261
9660	-108.9604	-108.9604	-76.9656	0.7064	77.0822	0.7078	1.0e-04	0.5249
9661	-108.9757	-108.9757	-76.1843	0.6991	77.8544	0.7149	1.0e-04	0.5264
9662	-108.9603	-108.9603	-76.9104	0.7059	77.1346	0.7084	1.0e-04	0.5255
9663	-108.9702	-108.9702	-75.9223	0.6967	78.1044	0.7173	1.0e-04	0.5263
9664	-108.9531	-108.9531	-76.5221	0.7023	77.4997	0.7118	1.0e-04	0.5258
9665	-108.9745	-108.9745	-76.7709	0.7045	77.2903	0.7096	1.0e-04	0.5251
9666	-108.9640	-108.9640	-76.1660	0.6990	77.8769	0.7151	1.0e-04	0.5261
9667	-108.9677	-108.9677	-76.4674	0.7017	77.5787	0.7124	1.0e-04	0.5251
9668	-108.9830	-108.9830	-76.4480	0.7015	77.6121	0.7127	1.0e-04	0.5254
9669	-108.9631	-108.9631	-76.6270	0.7032	77.4091	0.7109	1.0e-04	0.5258
9670	-108.9574	-108.9574	-77.0393	0.7071	77.0071	0.7071	1.0e-04	0.5249
9671	-108.9661	-108.9661	-75.7778	0.6954	78.2404	0.7186	1.0e-04	0.5276
9672	-108.9625	-108.9625	-76.9290	0.7060	77.1155	0.7082	1.0e-04	0.5255
9673	-108.9629	-108.9629	-76.0585	0.6980	77.9812	0.7161	1.0e-04	0.5250
9674	-108.9620	-108.9621	-75.7546	0.6952	78.2713	0.7187	1.0e-04	0.5259
9675	-108.9702	-108.9702	-76.1792	0.6991	77.8640	0.7150	1.0e-04	0.5262
9676	-108.9713	-108.9713	-76.4692	0.7017	77.5861	0.7124	1.0e-04	0.5270
9677	-108.9500	-108.9500	-76.6728	0.7037	77.3525	0.7104	1.0e-04	0.5253
9678	-108.9578	-108.9578	-77.3739	0.7101	76.6647	0.7041	1.0e-04	0.5258
9679	-108.9611	-108.9611	-76.1606	0.6990	77.8737	0.7151	1.0e-04	0.5259
9680	-108.9683	-108.9683	-77.0524	0.7071	76.9942	0.7071	1.0e-04	0.5257
9681	-108.9668	-108.9668	-76.3553	0.7007	77.6949	0.7134	1.0e-04	0.5252
9682	-108.9637	-108.9637	-75.9451	0.6970	78.0886	0.7171	1.0e-04	0.5268
9683	-108.9518	-108.9518	-77.2348	0.7089	76.7877	0.7052	1.0e-04	0.5279
9684	-108.9581	-108.9581	-76.2855	0.7001	77.7509	0.7140	1.0e-04	0.5261
9685	-108.9571	-108.9571	-76.1140	0.6986	77.9196	0.7155	1.0e-04	0.5251
9686	-108.9734	-108.9734	-76.3272	0.7004	77.7245	0.7137	1.0e-04	0.5268
9687	-108.9489	-108.9489	-76.2230	0.6996	77.8069	0.7145	1.0e-04	0.5276
9688	-108.9755	-108.9755	-76.6768	0.7036	77.3866	0.7106	1.0e-04	0.5276
9689	-108.9602	-108.9602	-76.4424	0.7016	77.6000	0.7126	1.0e-04	0.5265
9690	-108.9645	-108.9645	-75.8138	0.6958	78.2182	0.7183	1.0e-04	0.5259
9691	-108.9654	-108.9654	-77.6860	0.7129	76.3457	0.7011	1.0e-04	0.5253
9692	-108.9498	-108.9498	-76.0469	0.6980	77.9588	0.7159	1.0e-04	0.5266
9693	-108.9647	-108.9647	-76.2236	0.6995	77.8020	0.7144	1.0e-04	0.5255
9694	-108.9553	-108.9553	-76.8035	0.7049	77.2268	0.7092	1.0e-04	0.5262
9695	-108.9819	-108.9819	-76.5465	0.7024	77.5225	0.7118	1.0e-04	0.5270
9696	-108.9685	-108.9685	-76.5591	0.7026	77.4823	0.7116	1.0e-04	0.5254
9697	-108.9759	-108.9759	-76.5377	0.7023	77.5158	0.7118	1.0e-04	0.5260
9698	-108.9738	-108.9738	-77.4075	0.7103	76.6211	0.7036	1.0e-04	0.5258
9699	-108.9684	-108.9684	-77.3151	0.7095	76.7391	0.7047	1.0e-04	0.5250
9700	-108.9477	-108.9477	-77.5554	0.7119	76.4811	0.7023	1.0e-04	0.5268
9701	-108.9445	-108.9445	-76.4306	0.7016	77.5875	0.7126	1.0e-04	0.5242
9702	-108.9583	-108.9583	-75.9662	0.6972	78.0694	0.7169	1.0e-04	0.5276
9703	-108.9568	-108.9568	-77.0577	0.7072	76.9725	0.7069	1.0e-04	0.5253
9704	-108.9570	-108.9570	-76.4248	0.7014	77.6095	0.7127	1.0e-04	0.5261
9705	-108.9728	-108.9728	-76.5882	0.7028	77.4704	0.7114	1.0e-04	0.5260
9706	-108.9759	-108.9759	-77.3179	0.7095	76.7473	0.7047	1.0e-04	0.5255
9707	-108.9705	-108.9705	-76.2915	0.7001	77.7566	0.7140	1.0e-04	0.5268
9708	-108.9548	-108.9548	-76.4523	0.7017	77.5902	0.7125	1.0e-04	0.5249
9709	-108.9595	-108.9595	-77.4482	0.7108	76.5990	0.7033	1.0e-04	0.5260
9710	-108.9594	-108.9594	-77.2363	0.7089	76.7838	0.7051	1.0e-04	0.5269
9711	-108.9782	-108.9782	-76.3064	0.7002	77.7439	0.7139	1.0e-04	0.5254
9712	-108.9575	-108.9575	-76.3867	0.7011	77.6418	0.7130	1.0e-04	0.5266
9713	-108.9675	-108.9675	-77.2330	0.7088	76.8210	0.7054	1.0e-04	0.5254
9714	-108.9563	-108.9563	-77.1177	0.7078	76.9179	0.7063	1.0e-04	0.5256
9715	-108.9647	-108.9647	-76.4213	0.7013	77.5734	0.7123	1.0e-04	0.5265
9716	-108.9658	-108.9658	-77.0435	0.7070	77.0078	0.7072	1.0e-04	0.5247
9717	-108.9676	-108.9676	-77.0039	0.7067	77.0497	0.7075	1.0e-04	0.5257
9718	-108.9707	-108.9707	-77.3912	0.7102	76.6624	0.7040	1.0e-04	0.5281
9719	-108.9571	-108.9571	-77.1949	0.7085	76.8410	0.7057	1.0e-04	0.5249
9720	-108.9657	-108.9657	-76.3918	0.7011	77.6480	0.7131	1.0e-04	0.5257
9721	-108.9579	-108.9579	-76.5216	0.7023	77.5118	0.7118	1.0e-04	0.5274
9722	-108.9706	-108.9706	-77.1146	0.7077	76.9313	0.7065	1.0e-04	0.5253
9723	-108.9648	-108.9648	-77.9039	0.7149	76.1010	0.6989	1.0e-04	0.5251
9724	-108.9704	-108.9704	-76.4409	0.7015	77.6026	0.7127	1.0e-04	0.5251
9725	-108.9771	-108.9771	-77.0021	0.7066	77.0386	0.7075	1.0e-04	0.5269
9726	-108.9783	-108.9783	-77.0366	0.7069	77.0202	0.7073	1.0e-04	0.5260
9727	-108.9727	-108.9727	-77.5433	0.7116	76.5074	0.7026	1.0e-04	0.5248
9728	-108.9729	-108.9729	-76.7781	0.7046	77.2710	0.7096	1.0e-04	0.5250
9729	-108.9726	-108.9726	-76.6806	0.7037	77.3789	0.7105	1.0e-04	0.5262
9730	-108.9583	-108.9583	-76.9534	0.7063	77.0663	0.7077	1.0e-04	0.5253
9731	-108.9529	-108.9529	-76.6628	0.7036	77.3706	0.7105	1.0e-04	0.5251
9732	-108.9696	-108.9696	-76.4645	0.7017	77.5750	0.7123	1.0e-04	0.5256
9733	-108.9676	-108.9676	-75.8410	0.6960	78.2082	0.7180	1.0e-04	0.5271
9734	-108.9697	-108.9697	-76.5970	0.7029	77.4597	0.7113	1.0e-04	0.5262
9735	-108.9633	-108.9633	-76.4019	0.7012	77.6258	0.7129	1.0e-04	0.5260
9736	-108.9657	-108.9657	-76.5056	0.7021	77.5421	0.7121	1.0e-04	0.5263
9737	-108.9622	-108.9622	-77.0033	0.7067	77.0342	0.7074	1.0e-04	0.5252
9738	-108.9775	-108.9775	-76.3895	0.7010	77.6455	0.7130	1.0e-04	0.5264
9739	-108.9816	-108.9816	-76.1343	0.6986	77.9269	0.7155	1.0e-04	0.5244
9740	-108.9569	-108.9569	-76.6593	0.7036	77.3750	0.7105	1.0e-04	0.5250
9741	-108.9531	-108.9531	-76.9343	0.7061	77.0977	0.7080	1.0e-04	0.5276
9742	-108.9485	-108.9485	-77.2749	0.7093	76.7631	0.7049	1.0e-04	0.5261
9743	-108.9823	-108.9823	-76.6214	0.7031	77.4502	0.7111	1.0e-04	0.5273
9744	-108.9500	-108.9500	-77.2965	0.7095	76.7376	0.7047	1.0e-04	0.5260
9745	-108.9555	-108.9555	-78.1475	0.7172	75.8723	0.6967	1.0e-04	0.5252
9746	-108.9722	-108.9722	-76.3649	0.7008	77.6869	0.7134	1.0e-04	0.5270
9747	-108.9550	-108.9550	-77.1236	0.7078	76.9143	0.7064	1.0e-04	0.5248
9748	-108.9832	-108.9832	-75.9922	0.6973	78.0643	0.7168	1.0e-04	0.5279
9749	-108.9715	-108.9715	-77.0082	0.7067	77.0409	0.7074	1.0e-04	0.5262
9750	-108.9582	-108.9582	-76.5511	0.7026	77.4810	0.7115	1.0e-04	0.5257
9751	-108.9579	-108.9579	-77.0977	0.7076	76.9141	0.7064	1.0e-04	0.5264
9752	-108.9620	-108.9620	-77.0008	0.7067	77.0455	0.7075	1.0e-04	0.5258
9753	-108.9812	-108.9812	-76.6446	0.7033	77.4303	0.7109	1.0e-04	0.5277
9754	-108.9830	-108.9830	-76.9898	0.7064	77.0471	0.7074	1.0e-04	0.5257
9755	-108.9512	-108.9512	-76.4736	0.7019	77.5542	0.7122	1.0e-04	0.5248
9756	-108.9731	-108.9731	-76.6019	0.7029	77.4522	0.7112	1.0e-04	0.5259
9757	-108.9736	-108.9736	-77.7163	0.7132	76.3071	0.7007	1.0e-04	0.5244
9758	-108.9511	-108.9511	-76.5304	0.7024	77.5023	0.7118	1.0e-04	0.5272
9759	-108.9637	-108.9637	-77.1669	0.7082	76.8778	0.7060	1.0e-04	0.5264
9760	-108.9783	-108.9783	-76.4184	0.7012	77.6357	0.7129	1.0e-04	0.5262
9761	-108.9629	-108.9629	-76.6109	0.7031	77.4405	0.7111	1.0e-04	0.5257
9762	-108.9581	-108.9581	-78.7107	0.7224	75.2906	0.6915	1.0e-04	0.5257
9763	-108.9753	-108.9753	-76.9442	0.7061	77.1251	0.7081	1.0e-04	0.5272
9764	-108.9628	-108.9628	-77.2250	0.7087	76.7800	0.7051	1.0e-04	0.5250
9765	-108.9631	-108.9631	-77.6579	0.7127	76.3840	0.7014	1.0e-04	0.5253
9766	-108.9659	-108.9659	-76.9103	0.7058	77.1372	0.7084	1.0e-04	0.5271
9767	-108.9646	-108.9646	-77.1263	0.7078	76.9294	0.7064	1.0e-04	0.5265
9768	-108.9487	-108.9487	-77.1427	0.7081	76.8823	0.7061	1.0e-04	0.5285
9769	-108.9794	-108.9794	-77.0880	0.7074	76.9707	0.7068	1.0e-04	0.5264
9770	-108.9787	-108.9787	-77.2665	0.7090	76.7858	0.7051	1.0e-04	0.5245
9771	-108.9570	-108.9570	-77.1430	0.7080	76.8959	0.7061	1.0e-04	0.5252
9772	-108.9715	-108.9715	-77.6560	0.7126	76.4040	0.7015	1.0e-04	0.5254
9773	-108.9638	-108.9638	-77.5475	0.7117	76.4959	0.7025	1.0e-04	0.5252
9774	-108.9735	-108.9735	-76.4340	0.7014	77.6226	0.7128	1.0e-04	0.5273
9775	-108.9772	-108.9772	-75.6807	0.6945	78.3629	0.7195	1.0e-04	0.5243
9776	-108.9531	-108.9531	-76.6881	0.7039	77.3511	0.7103	1.0e-04	0.5245
9777	-108.9635	-108.9635	-76.9636	0.7063	77.0442	0.7076	1.0e-04	0.5276
9778	-108.9648	-108.9648	-76.5300	0.7023	77.5193	0.7118	1.0e-04	0.5257
9779	-108.9716	-108.9716	-77.7807	0.7138	76.2733	0.7004	1.0e-04	0.5253
9780	-108.9579	-108.9579	-77.7165	0.7133	76.3163	0.7009	1.0e-04	0.5268
9781	-108.9547	-108.9547	-77.7264	0.7134	76.2879	0.7005	1.0e-04	0.5263
9782	-108.9801	-108.9801	-77.0509	0.7070	77.0184	0.7071	1.0e-04	0.5257
9783	-108.9534	-108.9534	-77.1826	0.7084	76.8620	0.7058	1.0e-04	0.5257
9784	-108.9712	-108.9712	-76.9941	0.7066	77.0616	0.7077	1.0e-04	0.5253
9785	-108.9720	-108.9720	-76.9457	0.7061	77.1086	0.7081	1.0e-04	0.5272
9786	-108.9546	-108.9546	-76.8927	0.7057	77.1418	0.7085	1.0e-04	0.5253
9787	-108.9670	-108.9670	-77.2488	0.7089	76.7999	0.7053	1.0e-04	0.5259
9788	-108.9512	-108.9512	-77.4541	0.7109	76.5760	0.7032	1.0e-04	0.5258
9789	-108.9676	-108.9676	-77.7385	0.7134	76.3019	0.7007	1.0e-04	0.5257
9790	-108.9673	-108.9673	-77.3251	0.7096	76.7245	0.7045	1.0e-04	0.5282
9791	-108.9769	-108.9769	-76.8340	0.7050	77.2449	0.7092	1.0e-04	0.5248
9792	-108.9676	-108.9676	-76.8398	0.7052	77.2217	0.7090	1.0e-04	0.5270
9793	-108.9639	-108.9639	-77.8535	0.7145	76.1678	0.6995	1.0e-04	0.5250
9794	-108.9652	-108.9652	-76.7444	0.7043	77.3033	0.7099	1.0e-04	0.5277
9795	-108.9621	-108.9621	-77.1955	0.7085	76.8447	0.7057	1.0e-04	0.5263
9796	-108.9701	-108.9701	-76.9173	0.7059	77.1273	0.7084	1.0e-04	0.5263
9797	-108.9480	-108.9480	-76.8755	0.7056	77.1623	0.7086	1.0e-04	0.5259
9798	-108.9836	-108.9836	-76.4402	0.7014	77.6160	0.7128	1.0e-04	0.5249
9799	-108.9640	-108.9640	-76.2276	0.6996	77.7989	0.7145	1.0e-04	0.5249
9800	-108.9772	-108.9772	-76.0582	0.6979	77.9806	0.7161	1.0e-04	0.5257
9801	-108.9740	-108.9740	-77.0068	0.7067	77.0558	0.7075	1.0e-04	0.5253
9802	-108.9472	-108.9472	-77.0984	0.7077	76.9352	0.7065	1.0e-04	0.5270
9803	-108.9782	-108.9782	-76.9462	0.7061	77.1250	0.7081	1.0e-04	0.5263
9804	-108.9672	-108.9672	-76.7228	0.7041	77.3235	0.7101	1.0e-04	0.5248
9805	-108.9561	-108.9561	-77.6312	0.7125	76.3964	0.7017	1.0e-04	0.5264
9806	-108.9751	-108.9751	-76.3393	0.7005	77.7215	0.7136	1.0e-04	0.5260
9807	-108.9691	-108.9691	-76.8346	0.7051	77.1983	0.7089	1.0e-04	0.5260
9808	-108.9828	-108.9828	-76.9234	0.7058	77.1431	0.7084	1.0e-04	0.5285
9809	-108.9646	-108.9646	-76.9964	0.7066	77.0627	0.7076	1.0e-04	0.5260
9810	-108.9734	-108.9734	-76.8609	0.7053	77.1894	0.7089	1.0e-04	0.5253
9811	-108.9700	-108.9700	-76.3835	0.7010	77.6601	0.7132	1.0e-04	0.5249
9812	-108.9780	-108.9780	-76.0754	0.6981	77.9728	0.7160	1.0e-04	0.5250
9813	-108.9575	-108.9575	-77.7788	0.7138	76.2554	0.7003	1.0e-04	0.5253
9814	-108.9480	-108.9480	-76.9646	0.7064	77.0668	0.7077	1.0e-04	0.5254
9815	-108.9555	-108.9555	-76.4141	0.7013	77.6123	0.7127	1.0e-04	0.5341
9816	-108.9598	-108.9598	-77.2878	0.7093	76.7551	0.7049	1.0e-04	0.5258
9817	-108.9763	-108.9763	-77.3727	0.7100	76.6919	0.7042	1.0e-04	0.5251
9818	-108.9567	-108.9567	-77.3186	0.7096	76.7185	0.7046	1.0e-04	0.5267
9819	-108.9681	-108.9681	-77.2744	0.7091	76.7825	0.7051	1.0e-04	0.5262
9820	-108.9603	-108.9603	-76.0364	0.6978	77.9701	0.7159	1.0e-04	0.5273
9821	-108.9489	-108.9489	-77.2308	0.7089	76.8027	0.7053	1.0e-04	0.5247
9822	-108.9590	-108.9590	-77.3266	0.7097	76.7137	0.7045	1.0e-04	0.5247
9823	-108.9617	-108.9617	-76.3025	0.7003	77.7313	0.7139	1.0e-04	0.5270
9824	-108.9589	-108.9589	-77.2360	0.7089	76.8065	0.7053	1.0e-04	0.5257
9825	-108.9731	-108.9731	-76.9471	0.7061	77.1115	0.7080	1.0e-04	0.5264
9826	-108.9674	-108.9674	-76.4529	0.7016	77.5896	0.7125	1.0e-04	0.5264
9827	-108.9550	-108.9550	-77.5459	0.7117	76.4767	0.7023	1.0e-04	0.5252
9828	-108.9634	-108.9634	-77.0569	0.7072	76.9836	0.7069	1.0e-04	0.5264
9829	-108.9751	-108.9751	-76.5837	0.7028	77.4689	0.7114	1.0e-04	0.5257
9830	-108.9572	-108.9572	-76.4376	0.7015	77.6072	0.7126	1.0e-04	0.5258
9831	-108.9645	-108.9645	-76.7165	0.7041	77.3276	0.7101	1.0e-04	0.5263
9832	-108.9765	-108.9765	-76.1136	0.6984	77.9371	0.7156	1.0e-04	0.5261
9833	-108.9609	-108.9609	-76.6074	0.7031	77.4343	0.7111	1.0e-04	0.5267
9834	-108.9643	-108.9643	-77.1536	0.7081	76.8790	0.7060	1.0e-04	0.5250
9835	-108.9698	-108.9698	-76.5437	0.7024	77.4992	0.7116	1.0e-04	0.5248
9836	-108.9642	-108.9642	-76.6530	0.7035	77.3885	0.7107	1.0e-04	0.5260
9837	-108.9722	-108.9722	-76.1926	0.6992	77.8563	0.7149	1.0e-04	0.5253
9838	-108.9662	-108.9662	-76.3381	0.7006	77.7200	0.7136	1.0e-04	0.5278
9839	-108.9665	-108.9665	-76.2016	0.6993	77.8375	0.7148	1.0e-04	0.5258
9840	-108.9671	-108.9671	-76.3632	0.7008	77.6772	0.7133	1.0e-04	0.5254
9841	-108.9706	-108.9706	-75.9646	0.6971	78.0729	0.7169	1.0e-04	0.5259
9842	-108.9572	-108.9572	-75.5301	0.6932	78.4454	0.7204	1.0e-04	0.5258
9843	-108.9537	-108.9537	-75.7775	0.6955	78.1872	0.7180	1.0e-04	0.5273
9844	-108.9657	-108.9657	-76.6267	0.7032	77.3939	0.7106	1.0e-04	0.5259
9845	-108.9764	-108.9764	-76.9225	0.7059	77.1314	0.7083	1.0e-04	0.5260
9846	-108.9670	-108.9670	-77.1955	0.7084	76.8541	0.7057	1.0e-04	0.5260
9847	-108.9837	-108.9837	-76.8509	0.7052	77.2176	0.7090	1.0e-04	0.5251
9848	-108.9548	-108.9548	-76.7547	0.7045	77.2639	0.7096	1.0e-04	0.5266
9849	-108.9587	-108.9587	-76.6728	0.7037	77.3722	0.7105	1.0e-04	0.5261
9850	-108.9650	-108.9650	-76.5447	0.7025	77.5059	0.7117	1.0e-04	0.5254
9851	-108.9632	-108.9632	-76.0945	0.6984	77.9437	0.7157	1.0e-04	0.5251
9852	-108.9544	-108.9544	-76.7020	0.7040	77.3393	0.7102	1.0e-04	0.5271
9853	-108.9673	-108.9673	-76.3484	0.7007	77.6931	0.7134	1.0e-04	0.5265
9854	-108.9676	-108.9676	-76.5188	0.7022	77.5252	0.7119	1.0e-04	0.5266
9855	-108.9550	-108.9550	-76.6130	0.7032	77.4257	0.7110	1.0e-04	0.5250
9856	-108.9652	-108.9653	-75.4005	0.6920	78.6082	0.7219	1.0e-04	0.5266
9857	-108.9750	-108.9750	-76.6167	0.7031	77.4397	0.7111	1.0e-04	0.5255
9858	-108.9623	-108.9623	-76.7317	0.7042	77.2938	0.7098	1.0e-04	0.5259
9859	-108.9771	-108.9771	-76.1153	0.6985	77.9198	0.7155	1.0e-04	0.5275
9860	-108.9543	-108.9543	-76.6814	0.7038	77.3584	0.7104	1.0e-04	0.5260
9861	-108.9629	-108.9629	-76.3198	0.7004	77.7097	0.7137	1.0e-04	0.5257
9862	-108.9805	-108.9805	-77.0085	0.7066	77.0372	0.7074	1.0e-04	0.5263
9863	-108.9633	-108.9633	-76.3809	0.7010	77.6614	0.7131	1.0e-04	0.5256
9864	-108.9566	-108.9566	-76.8544	0.7054	77.1866	0.7088	1.0e-04	0.5269
9865	-108.9703	-108.9703	-76.3000	0.7002	77.7423	0.7139	1.0e-04	0.5257
9866	-108.9546	-108.9546	-76.0786	0.6983	77.9529	0.7158	1.0e-04	0.5264
9867	-108.9565	-108.9565	-76.2312	0.6996	77.7933	0.7144	1.0e-04	0.5278
9868	-108.9475	-108.9475	-76.4342	0.7016	77.5967	0.7126	1.0e-04	0.5261
9869	-108.9524	-108.9524	-76.5868	0.7029	77.4508	0.7112	1.0e-04	0.5268
9870	-108.9742	-108.9742	-76.7647	0.7044	77.2762	0.7096	1.0e-04	0.5243
9871	-108.9650	-108.9650	-76.1810	0.6991	77.8535	0.7149	1.0e-04	0.5253
9872	-108.9523	-108.9523	-76.3776	0.7010	77.6614	0.7131	1.0e-04	0.5266
9873	-108.9667	-108.9667	-76.0449	0.6979	77.9937	0.7162	1.0e-04	0.5250
9874	-108.9566	-108.9566	-76.7806	0.7047	77.2533	0.7094	1.0e-04	0.5268
9875	-108.9553	-108.9553	-77.3248	0.7097	76.6662	0.7040	1.0e-04	0.5249
9876	-108.9644	-108.9644	-76.3590	0.7008	77.6902	0.7134	1.0e-04	0.5251
9877	-108.9655	-108.9655	-77.2807	0.7092	76.7411	0.7048	1.0e-04	0.5271
9878	-108.9667	-108.9667	-76.4687	0.7018	77.5891	0.7124	1.0e-04	0.5242
9879	-108.9624	-108.9624	-76.3345	0.7006	77.6983	0.7136	1.0e-04	0.5275
9880	-108.9648	-108.9648	-75.8263	0.6959	78.1978	0.7181	1.0e-04	0.5257
9881	-108.9587	-108.9587	-76.9297	0.7060	77.1184	0.7082	1.0e-04	0.5253
9882	-108.9509	-108.9509	-76.1820	0.6992	77.8134	0.7145	1.0e-04	0.5266
9883	-108.9495	-108.9495	-76.6874	0.7039	77.3309	0.7102	1.0e-04	0.5250
9884	-108.9700	-108.9701	-75.6959	0.6946	78.3154	0.7192	1.0e-04	0.5248
9885	-108.9527	-108.9527	-76.6093	0.7031	77.4206	0.7110	1.0e-04	0.5263
9886	-108.9809	-108.9809	-75.9746	0.6971	78.0820	0.7169	1.0e-04	0.5260
9887	-108.9549	-108.9549	-76.4392	0.7016	77.5939	0.7126	1.0e-04	0.5260
9888	-108.9727	-108.9727	-76.3437	0.7006	77.7047	0.7135	1.0e-04	0.5259
9889	-108.9597	-108.9597	-76.5367	0.7024	77.5020	0.7117	1.0e-04	0.5251
9890	-108.9747	-108.9747	-76.0710	0.6981	77.9484	0.7158	1.0e-04	0.5270
9891	-108.9717	-108.9717	-76.0793	0.6982	77.9578	0.7159	1.0e-04	0.5250
9892	-108.9608	-108.9609	-75.1614	0.6898	78.8246	0.7238	1.0e-04	0.5257
9893	-108.9575	-108.9575	-76.1649	0.6990	77.8760	0.7151	1.0e-04	0.5253
9894	-108.9812	-108.9812	-76.6774	0.7036	77.3897	0.7106	1.0e-04	0.5271
9895	-108.9706	-108.9706	-75.5063	0.6929	78.5218	0.7210	1.0e-04	0.5263
9896	-108.9559	-108.9559	-77.0277	0.7070	77.0155	0.7072	1.0e-04	0.5258
9897	-108.9818	-108.9818	-76.5099	0.7020	77.4960	0.7116	1.0e-04	0.5266
9898	-108.9745	-108.9745	-76.5413	0.7024	77.5114	0.7118	1.0e-04	0.5269
9899	-108.9762	-108.9762	-76.5681	0.7026	77.4240	0.7110	1.0e-04	0.5251
9900	-108.9780	-108.9780	-76.5027	0.7020	77.5554	0.7121	1.0e-04	0.5263
9901	-108.9817	-108.9817	-77.0395	0.7069	77.0292	0.7073	1.0e-04	0.5248
9902	-108.9679	-108.9679	-76.7029	0.7039	77.3299	0.7102	1.0e-04	0.5267
9903	-108.9672	-108.9672	-77.3600	0.7099	76.6925	0.7042	1.0e-04	0.5265
9904	-108.9706	-108.9706	-77.4470	0.7107	76.6089	0.7034	1.0e-04	0.5267
9905	-108.9726	-108.9726	-77.1835	0.7083	76.8749	0.7059	1.0e-04	0.5280
9906	-108.9710	-108.9710	-76.7565	0.7044	77.3052	0.7098	1.0e-04	0.5251
9907	-108.9654	-108.9654	-77.4012	0.7103	76.6485	0.7038	1.0e-04	0.5266
9908	-108.9486	-108.9486	-76.9650	0.7064	77.0690	0.7078	1.0e-04	0.5265
9909	-108.9689	-108.9689	-76.4707	0.7018	77.5730	0.7123	1.0e-04	0.5254
9910	-108.9781	-108.9781	-76.8395	0.7051	77.2234	0.7091	1.0e-04	0.5272
9911	-108.9609	-108.9609	-77.8589	0.7146	76.1787	0.6996	1.0e-04	0.5260
9912	-108.9533	-108.9533	-77.0509	0.7072	76.9903	0.7070	1.0e-04	0.5266
9913	-108.9597	-108.9597	-77.2924	0.7094	76.7510	0.7048	1.0e-04	0.5251
9914	-108.9494	-108.9494	-77.2547	0.7091	76.7638	0.7051	1.0e-04	0.5253
9915	-108.9608	-108.9608	-76.9603	0.7063	77.0846	0.7078	1.0e-04	0.5257
9916	-108.9685	-108.9685	-78.5370	0.7207	75.4899	0.6932	1.0e-04	0.5257
9917	-108.9688	-108.9688	-77.7486	0.7135	76.3054	0.7007	1.0e-04	0.5271
9918	-108.9560	-108.9560	-77.6313	0.7125	76.3975	0.7016	1.0e-04	0.5264
9919	-108.9566	-108.9566	-77.0467	0.7071	76.9911	0.7070	1.0e-04	0.5247
9920	-108.9685	-108.9685	-76.7468	0.7043	77.3079	0.7099	1.0e-04	0.5255
9921	-108.9506	-108.9506	-76.7543	0.7045	77.2740	0.7096	1.0e-04	0.5261
9922	-108.9619	-108.9619	-76.4533	0.7017	77.5903	0.7125	1.0e-04	0.5286
9923	-108.9568	-108.9568	-78.3370	0.7190	75.6866	0.6950	1.0e-04	0.5256
9924	-108.9657	-108.9657	-76.4892	0.7020	77.5569	0.7122	1.0e-04	0.5250
9925	-108.9675	-108.9675	-77.3310	0.7097	76.7122	0.7044	1.0e-04	0.5265
9926	-108.9571	-108.9571	-77.8096	0.7141	76.2188	0.7000	1.0e-04	0.5257
9927	-108.9649	-108.9649	-76.9869	0.7065	77.0725	0.7077	1.0e-04	0.5276
9928	-108.9612	-108.9612	-76.5176	0.7022	77.5296	0.7119	1.0e-04	0.5254
9929	-108.9739	-108.9739	-77.3188	0.7095	76.7355	0.7047	1.0e-04	0.5254
9930	-108.9707	-108.9707	-77.6059	0.7122	76.4206	0.7018	1.0e-04	0.5260
9931	-108.9637	-108.9637	-76.6945	0.7039	77.3481	0.7103	1.0e-04	0.5252
9932	-108.9785	-108.9785	-76.6833	0.7037	77.3740	0.7105	1.0e-04	0.5256
9933	-108.9653	-108.9653	-77.2002	0.7085	76.8446	0.7056	1.0e-04	0.5268
9934	-108.9728	-108.9728	-77.7514	0.7135	76.2994	0.7006	1.0e-04	0.5270
9935	-108.9848	-108.9848	-77.5621	0.7117	76.4998	0.7025	1.0e-04	0.5250
9936	-108.9550	-108.9550	-77.7777	0.7139	76.2436	0.7003	1.0e-04	0.5258
9937	-108.9665	-108.9665	-77.4799	0.7110	76.5635	0.7031	1.0e-04	0.5267
9938	-108.9613	-108.9613	-78.6131	0.7215	75.4035	0.6924	1.0e-04	0.5269
9939	-108.9643	-108.9643	-77.0811	0.7074	76.9667	0.7068	1.0e-04	0.5270
9940	-108.9756	-108.9756	-77.2620	0.7090	76.7935	0.7052	1.0e-04	0.5261
9941	-108.9615	-108.9615	-76.9102	0.7058	77.1313	0.7084	1.0e-04	0.5258
9942	-108.9605	-108.9605	-77.2587	0.7091	76.7447	0.7048	1.0e-04	0.5253
9943	-108.9639	-108.9639	-77.4616	0.7109	76.5867	0.7033	1.0e-04	0.5256
9944	-108.9620	-108.9620	-76.7827	0.7047	77.2627	0.7095	1.0e-04	0.5265
9945	-108.9824	-108.9824	-76.7797	0.7045	77.2692	0.7096	1.0e-04	0.5256
9946	-108.9470	-108.9470	-76.5529	0.7027	77.4774	0.7115	1.0e-04	0.5261
9947	-108.9621	-108.9621	-77.1002	0.7076	76.9400	0.7066	1.0e-04	0.5257
9948	-108.9695	-108.9695	-76.8799	0.7055	77.1765	0.7087	1.0e-04	0.5256
9949	-108.9746	-108.9746	-77.1472	0.7079	76.9017	0.7062	1.0e-04	0.5267
9950	-108.9737	-108.9737	-76.1566	0.6989	77.8795	0.7152	1.0e-04	0.5264
9951	-108.9518	-108.9518	-77.8934	0.7149	76.1427	0.6992	1.0e-04	0.5259
9952	-108.9482	-108.9482	-76.8264	0.7052	77.1679	0.7087	1.0e-04	0.5261
9953	-108.9613	-108.9613	-76.5472	0.7025	77.4946	0.7117	1.0e-04	0.5251
9954	-108.9635	-108.9635	-76.8921	0.7057	77.1505	0.7084	1.0e-04	0.5269
9955	-108.9731	-108.9731	-76.9949	0.7065	77.0657	0.7077	1.0e-04	0.5249
9956	-108.9712	-108.9712	-77.3666	0.7100	76.6795	0.7041	1.0e-04	0.5252
9957	-108.9637	-108.9637	-77.9286	0.7152	76.1032	0.6989	1.0e-04	0.5257
9958	-108.9626	-108.9626	-76.9822	0.7065	77.0452	0.7076	1.0e-04	0.5265
9959	-108.9726	-108.9726	-76.2660	0.6999	77.7730	0.7142	1.0e-04	0.5259
9960	-108.9607	-108.9607	-76.1504	0.6989	77.8876	0.7152	1.0e-04	0.5248
9961	-108.9506	-108.9506	-77.4266	0.7107	76.5956	0.7035	1.0e-04	0.5273
9962	-108.9604	-108.9604	-76.5537	0.7026	77.4962	0.7116	1.0e-04	0.5266
9963	-108.9761	-108.9761	-77.9640	0.7154	76.0876	0.6987	1.0e-04	0.5276
9964	-108.9523	-108.9523	-77.4683	0.7110	76.5559	0.7031	1.0e-04	0.5267
9965	-108.9672	-108.9672	-76.2709	0.6999	77.7688	0.7142	1.0e-04	0.5245
9966	-108.9704	-108.9704	-76.3381	0.7005	77.6691	0.7132	1.0e-04	0.5282
9967	-108.9596	-108.9596	-76.4354	0.7015	77.5812	0.7126	1.0e-04	0.5265
9968	-108.9765	-108.9765	-76.5490	0.7024	77.5084	0.7117	1.0e-04	0.5265
9969	-108.9718	-108.9718	-76.5956	0.7029	77.4601	0.7113	1.0e-04	0.5258
9970	-108.9642	-108.9642	-77.1152	0.7077	76.9392	0.7065	1.0e-04	0.5263
9971	-108.9671	-108.9671	-76.1982	0.6993	77.8330	0.7148	1.0e-04	0.5262
9972	-108.9677	-108.9677	-76.5506	0.7025	77.4971	0.7117	1.0e-04	0.5248
9973	-108.9713	-108.9713	-76.0971	0.6983	77.9452	0.7158	1.0e-04	0.5246
9974	-108.9538	-108.9538	-76.4653	0.7018	77.5375	0.7121	1.0e-04	0.5271
9975	-108.9553	-108.9553	-76.5195	0.7023	77.4903	0.7116	1.0e-04	0.5258
9976	-108.9465	-108.9466	-75.8459	0.6962	78.1637	0.7179	1.0e-04	0.5260
9977	-108.9682	-108.9683	-75.7004	0.6947	78.3079	0.7191	1.0e-04	0.5274
9978	-108.9590	-108.9591	-75.3568	0.6916	78.6490	0.7223	1.0e-04	0.5250
9979	-108.9585	-108.9585	-75.7065	0.6948	78.2656	0.7187	1.0e-04	0.5264
9980	-108.9708	-108.9709	-75.8165	0.6958	78.2260	0.7183	1.0e-04	0.5262
9981	-108.9804	-108.9805	-75.2571	0.6906	78.7709	0.7233	1.0e-04	0.5256
9982	-108.9739	-108.9739	-75.9960	0.6974	78.0500	0.7167	1.0e-04	0.5261
9983	-108.9468	-108.9468	-76.1129	0.6986	77.9033	0.7155	1.0e-04	0.5257
9984	-108.9451	-108.9451	-75.5610	0.6936	78.4435	0.7204	1.0e-04	0.5272
9985	-108.9677	-108.9677	-76.9476	0.7062	77.0952	0.7079	1.0e-04	0.5259
9986	-108.9633	-108.9633	-76.4343	0.7015	77.6066	0.7127	1.0e-04	0.5258
9987	-108.9672	-108.9672	-77.1508	0.7080	76.8987	0.7061	1.0e-04	0.5274
9988	-108.9617	-108.9617	-76.2058	0.6994	77.8315	0.7147	1.0e-04	0.5263
9989	-108.9790	-108.9790	-75.5822	0.6935	78.4491	0.7204	1.0e-04	0.5255
9990	-108.9572	-108.9572	-76.3235	0.7005	77.7098	0.7136	1.0e-04	0.5258
9991	-108.9671	-108.9671	-76.0347	0.6978	77.9157	0.7155	1.0e-04	0.5268
9992	-108.9687	-108.9687	-76.9800	0.7064	77.0765	0.7078	1.0e-04	0.5259
9993	-108.9513	-108.9513	-76.5912	0.7030	77.4162	0.7111	1.0e-04	0.5257
9994	-108.9682	-108.9682	-76.7935	0.7047	77.2448	0.7095	1.0e-04	0.5274
9995	-108.9477	-108.9477	-76.6581	0.7036	77.3716	0.7106	1.0e-04	0.5251
9996	-108.9769	-108.9769	-76.1149	0.6984	77.9276	0.7156	1.0e-04	0.5249
9997	-108.9661	-108.9661	-76.2072	0.6994	77.8280	0.7147	1.0e-04	0.5260
9998	-108.9648	-108.9648	-76.0478	0.6979	77.9585	0.7160	1.0e-04	0.5253
9999	-108.9553	-108.9553	-76.4117	0.7013	77.6007	0.7128	1.0e-04	0.5276
10000	-108.9677	-108.9677	-76.4208	0.7013	77.6203	0.7128	1.0e-04	0.5337
