  0.000000000000000000e+00   0.000000000000000000e+00 
                         2 
                       152                         22 
  6.545782554894226044e-03   0.000000000000000000e+00 
 -4.562044516205427704e-03   0.000000000000000000e+00 
  1.159736048430218963e-02   0.000000000000000000e+00 
  9.593333234078577163e-04   0.000000000000000000e+00 
 -1.750194584019564969e-03   0.000000000000000000e+00 
  1.798778958618715840e-02   0.000000000000000000e+00 
  3.666357137263334676e-03   0.000000000000000000e+00 
  3.306384314782341246e-04   0.000000000000000000e+00 
  1.703559246379670949e-04   0.000000000000000000e+00 
 -6.266637146472914255e-02   0.000000000000000000e+00 
  5.556136020458792360e-04   0.000000000000000000e+00 
 -1.177158905193104481e-03   0.000000000000000000e+00 
 -1.236801501363512168e-03   0.000000000000000000e+00 
  3.928945443476332763e-05   0.000000000000000000e+00 
 -2.043387852609177512e-03   0.000000000000000000e+00 
 -4.083070904016498220e-03   0.000000000000000000e+00 
  4.812403768300930335e-02   0.000000000000000000e+00 
  2.077552722766487590e-03   0.000000000000000000e+00 
 -4.574701935052848806e-02   0.000000000000000000e+00 
 -1.914674503495916182e-04   0.000000000000000000e+00 
 -1.361831091344357187e-03   0.000000000000000000e+00 
  1.511065056547521894e-03   0.000000000000000000e+00 
 -9.753979393281037155e-04   0.000000000000000000e+00 
 -2.908848458901048140e-03   0.000000000000000000e+00 
  3.548452514223750611e-04   0.000000000000000000e+00 
 -7.160181412473325298e-04   0.000000000000000000e+00 
  3.808223991654812205e-04   0.000000000000000000e+00 
 -2.281146682798836783e-02   0.000000000000000000e+00 
 -5.049965111538766730e-04   0.000000000000000000e+00 
 -1.196840661577881033e-03   0.000000000000000000e+00 
  1.729023456573471756e-02   0.000000000000000000e+00 
  1.512811635620892915e-03   0.000000000000000000e+00 
 -6.977571174502369272e-03   0.000000000000000000e+00 
 -8.661610633134836368e-02   0.000000000000000000e+00 
 -1.021833973936736801e-03   0.000000000000000000e+00 
  3.856550029013297771e-04   0.000000000000000000e+00 
  1.332740783691405140e-01   0.000000000000000000e+00 
  2.013911260291934881e-03   0.000000000000000000e+00 
  5.725753493607043353e-03   0.000000000000000000e+00 
  7.228434085845947266e-03   0.000000000000000000e+00 
  1.412702840752903713e-04   0.000000000000000000e+00 
  4.743152111768734330e-02   0.000000000000000000e+00 
 -6.005513668060301624e-01   0.000000000000000000e+00 
 -2.864059060811996460e-03   0.000000000000000000e+00 
 -1.939012203365563913e-03   0.000000000000000000e+00 
  1.790225952863694070e-01   0.000000000000000000e+00 
 -1.300722477026283524e-03   0.000000000000000000e+00 
 -2.132243535015731779e-04   0.000000000000000000e+00 
 -2.477248199284076257e-03   0.000000000000000000e+00 
  2.685083774849772887e-03   0.000000000000000000e+00 
 -5.112825036048891381e-01   0.000000000000000000e+00 
  3.984984457492828369e-01   0.000000000000000000e+00 
  2.651009126566348292e-04   0.000000000000000000e+00 
  4.813394625671207905e-04   0.000000000000000000e+00 
  2.445550868287682533e-03   0.000000000000000000e+00 
 -5.466302973218263280e-04   0.000000000000000000e+00 
 -9.391207247972491179e-02   0.000000000000000000e+00 
  1.749703777022660429e-03   0.000000000000000000e+00 
  8.856339263729753278e-04   0.000000000000000000e+00 
  3.804047591984272003e-03   0.000000000000000000e+00 
 -1.894248853204772147e-04   0.000000000000000000e+00 
  1.334662083536386490e-03   0.000000000000000000e+00 
 -2.391847781836986108e-03   0.000000000000000000e+00 
  9.309068322181831764e-03   0.000000000000000000e+00 
  9.515087585896254670e-04   0.000000000000000000e+00 
 -1.995958620682358742e-03   0.000000000000000000e+00 
 -1.426257425919174714e-03   0.000000000000000000e+00 
 -4.141803365200758848e-03   0.000000000000000000e+00 
 -1.634477525949478427e-01   0.000000000000000000e+00 
  1.371092279441655116e-03   0.000000000000000000e+00 
  2.503200201317668395e-03   0.000000000000000000e+00 
  7.862915098667153102e-02   0.000000000000000000e+00 
 -3.133827447891233686e-01   0.000000000000000000e+00 
 -2.708920044824481444e-03   0.000000000000000000e+00 
 -1.971928635612130599e-03   0.000000000000000000e+00 
 -1.230717226862906577e-01   0.000000000000000000e+00 
  0.000000000000000000e+00   0.000000000000000000e+00 
  0.000000000000000000e+00   0.000000000000000000e+00 
  0.000000000000000000e+00   0.000000000000000000e+00 
  0.000000000000000000e+00   0.000000000000000000e+00 
  0.000000000000000000e+00   0.000000000000000000e+00 
  0.000000000000000000e+00   0.000000000000000000e+00 
  0.000000000000000000e+00   0.000000000000000000e+00 
  0.000000000000000000e+00   0.000000000000000000e+00 
  0.000000000000000000e+00   0.000000000000000000e+00 
  0.000000000000000000e+00   0.000000000000000000e+00 
  0.000000000000000000e+00   0.000000000000000000e+00 
  0.000000000000000000e+00   0.000000000000000000e+00 
  0.000000000000000000e+00   0.000000000000000000e+00 
  0.000000000000000000e+00   0.000000000000000000e+00 
  0.000000000000000000e+00   0.000000000000000000e+00 
  0.000000000000000000e+00   0.000000000000000000e+00 
  0.000000000000000000e+00   0.000000000000000000e+00 
  0.000000000000000000e+00   0.000000000000000000e+00 
  0.000000000000000000e+00   0.000000000000000000e+00 
  0.000000000000000000e+00   0.000000000000000000e+00 
  0.000000000000000000e+00   0.000000000000000000e+00 
  0.000000000000000000e+00   0.000000000000000000e+00 
  0.000000000000000000e+00   0.000000000000000000e+00 
  0.000000000000000000e+00   0.000000000000000000e+00 
  0.000000000000000000e+00   0.000000000000000000e+00 
  0.000000000000000000e+00   0.000000000000000000e+00 
  0.000000000000000000e+00   0.000000000000000000e+00 
  0.000000000000000000e+00   0.000000000000000000e+00 
  0.000000000000000000e+00   0.000000000000000000e+00 
  0.000000000000000000e+00   0.000000000000000000e+00 
  0.000000000000000000e+00   0.000000000000000000e+00 
  0.000000000000000000e+00   0.000000000000000000e+00 
  0.000000000000000000e+00   0.000000000000000000e+00 
  0.000000000000000000e+00   0.000000000000000000e+00 
  0.000000000000000000e+00   0.000000000000000000e+00 
  0.000000000000000000e+00   0.000000000000000000e+00 
  0.000000000000000000e+00   0.000000000000000000e+00 
  0.000000000000000000e+00   0.000000000000000000e+00 
  0.000000000000000000e+00   0.000000000000000000e+00 
  0.000000000000000000e+00   0.000000000000000000e+00 
  0.000000000000000000e+00   0.000000000000000000e+00 
  0.000000000000000000e+00   0.000000000000000000e+00 
  0.000000000000000000e+00   0.000000000000000000e+00 
  0.000000000000000000e+00   0.000000000000000000e+00 
  0.000000000000000000e+00   0.000000000000000000e+00 
  0.000000000000000000e+00   0.000000000000000000e+00 
  0.000000000000000000e+00   0.000000000000000000e+00 
  0.000000000000000000e+00   0.000000000000000000e+00 
  0.000000000000000000e+00   0.000000000000000000e+00 
  0.000000000000000000e+00   0.000000000000000000e+00 
  0.000000000000000000e+00   0.000000000000000000e+00 
  0.000000000000000000e+00   0.000000000000000000e+00 
  0.000000000000000000e+00   0.000000000000000000e+00 
  0.000000000000000000e+00   0.000000000000000000e+00 
  0.000000000000000000e+00   0.000000000000000000e+00 
  0.000000000000000000e+00   0.000000000000000000e+00 
  0.000000000000000000e+00   0.000000000000000000e+00 
  0.000000000000000000e+00   0.000000000000000000e+00 
  0.000000000000000000e+00   0.000000000000000000e+00 
  0.000000000000000000e+00   0.000000000000000000e+00 
  0.000000000000000000e+00   0.000000000000000000e+00 
  0.000000000000000000e+00   0.000000000000000000e+00 
  0.000000000000000000e+00   0.000000000000000000e+00 
  0.000000000000000000e+00   0.000000000000000000e+00 
  0.000000000000000000e+00   0.000000000000000000e+00 
  0.000000000000000000e+00   0.000000000000000000e+00 
  0.000000000000000000e+00   0.000000000000000000e+00 
  0.000000000000000000e+00   0.000000000000000000e+00 
  0.000000000000000000e+00   0.000000000000000000e+00 
  0.000000000000000000e+00   0.000000000000000000e+00 
  0.000000000000000000e+00   0.000000000000000000e+00 
  0.000000000000000000e+00   0.000000000000000000e+00 
  0.000000000000000000e+00   0.000000000000000000e+00 
  0.000000000000000000e+00   0.000000000000000000e+00 
  0.000000000000000000e+00   0.000000000000000000e+00 
  0.000000000000000000e+00   0.000000000000000000e+00 
  3.191898344085002982e-03   0.000000000000000000e+00 
 -1.109929569065600669e-02   0.000000000000000000e+00 
  1.148950215429038815e-02   0.000000000000000000e+00 
 -5.671731196342260544e-04   0.000000000000000000e+00 
 -1.383194932713863092e-03   0.000000000000000000e+00 
 -1.000391435809306609e-03   0.000000000000000000e+00 
  1.661987230181674949e-02   0.000000000000000000e+00 
 -1.172555377706884687e-03   0.000000000000000000e+00 
  8.840050431899833727e-04   0.000000000000000000e+00 
 -3.442581370472898306e-02   0.000000000000000000e+00 
 -3.128341923002725010e-04   0.000000000000000000e+00 
 -6.979197496549343445e-04   0.000000000000000000e+00 
 -5.600745207630625873e-04   0.000000000000000000e+00 
 -3.410284989517134977e-05   0.000000000000000000e+00 
  1.531259506009522136e-03   0.000000000000000000e+00 
 -1.937555847689512428e-03   0.000000000000000000e+00 
  3.771345317363743177e-02   0.000000000000000000e+00 
 -3.571328148245823952e-02   0.000000000000000000e+00 
 -1.874940469861011497e-02   0.000000000000000000e+00 
  2.133200759999454293e-04   0.000000000000000000e+00 
 -1.372547470964491801e-03   0.000000000000000000e+00 
 -2.971919020637869835e-04   0.000000000000000000e+00 
  4.733873356599256350e-05   0.000000000000000000e+00 
  9.218436898663636770e-04   0.000000000000000000e+00 
  1.170173272839746285e-04   0.000000000000000000e+00 
 -1.028881408274173737e-03   0.000000000000000000e+00 
 -5.656433640979229320e-04   0.000000000000000000e+00 
  8.597872219979768452e-04   0.000000000000000000e+00 
  1.391816767863930627e-04   0.000000000000000000e+00 
  8.248628582805392958e-04   0.000000000000000000e+00 
 -1.318815536797056029e-02   0.000000000000000000e+00 
  2.627319423481822014e-03   0.000000000000000000e+00 
  1.396907144226133173e-03   0.000000000000000000e+00 
 -1.266500651836395819e-01   0.000000000000000000e+00 
 -1.088648059521797433e-04   0.000000000000000000e+00 
  7.589576998725550833e-04   0.000000000000000000e+00 
  8.349537104368209839e-02   0.000000000000000000e+00 
 -5.890017491765321385e-04   0.000000000000000000e+00 
 -3.430357202887534662e-03   0.000000000000000000e+00 
  1.639268244616687515e-03   0.000000000000000000e+00 
 -6.995112053118650482e-04   0.000000000000000000e+00 
  4.210227131843566895e-01   0.000000000000000000e+00 
 -2.455202490091323853e-01   0.000000000000000000e+00 
  1.479965285398069296e-04   0.000000000000000000e+00 
  1.083446084521710656e-03   0.000000000000000000e+00 
 -4.826447069644929644e-01   0.000000000000000000e+00 
 -1.943939249031246142e-03   0.000000000000000000e+00 
 -3.576473682187497616e-04   0.000000000000000000e+00 
  4.526899429038167542e-04   0.000000000000000000e+00 
 -1.896514557301998138e-03   0.000000000000000000e+00 
  5.642102956771851696e-01   0.000000000000000000e+00 
  1.763622313737868708e-01   0.000000000000000000e+00 
 -8.575576357543466307e-04   0.000000000000000000e+00 
 -3.539977769833060829e-04   0.000000000000000000e+00 
 -1.392539939843117974e-03   0.000000000000000000e+00 
 -4.894961602985860001e-04   0.000000000000000000e+00 
 -1.533229798078537820e-01   0.000000000000000000e+00 
 -2.695386763662100272e-03   0.000000000000000000e+00 
  1.262819510884583430e-03   0.000000000000000000e+00 
  3.353417559992522543e-04   0.000000000000000000e+00 
 -1.895103021524846554e-03   0.000000000000000000e+00 
 -1.619276823475956917e-03   0.000000000000000000e+00 
 -1.789237139746546745e-03   0.000000000000000000e+00 
  7.496295869350431962e-02   0.000000000000000000e+00 
 -3.812585491687059402e-03   0.000000000000000000e+00 
  1.276987954042851708e-03   0.000000000000000000e+00 
  1.564991311170160554e-03   0.000000000000000000e+00 
 -5.128092016093436156e-04   0.000000000000000000e+00 
 -2.449918389320373258e-01   0.000000000000000000e+00 
  9.905941551551220633e-04   0.000000000000000000e+00 
 -3.172185039147734208e-03   0.000000000000000000e+00 
  1.428445130586624146e-01   0.000000000000000000e+00 
 -1.327393651008606790e-01   0.000000000000000000e+00 
 -3.077882865909485925e-04   0.000000000000000000e+00 
  6.621736683882769670e-04   0.000000000000000000e+00 
 -1.057948172092438438e-01   0.000000000000000000e+00 
  0.000000000000000000e+00   0.000000000000000000e+00 
  0.000000000000000000e+00   0.000000000000000000e+00 
  0.000000000000000000e+00   0.000000000000000000e+00 
  0.000000000000000000e+00   0.000000000000000000e+00 
  0.000000000000000000e+00   0.000000000000000000e+00 
  0.000000000000000000e+00   0.000000000000000000e+00 
  0.000000000000000000e+00   0.000000000000000000e+00 
  0.000000000000000000e+00   0.000000000000000000e+00 
  0.000000000000000000e+00   0.000000000000000000e+00 
  0.000000000000000000e+00   0.000000000000000000e+00 
  0.000000000000000000e+00   0.000000000000000000e+00 
  0.000000000000000000e+00   0.000000000000000000e+00 
  0.000000000000000000e+00   0.000000000000000000e+00 
  0.000000000000000000e+00   0.000000000000000000e+00 
  0.000000000000000000e+00   0.000000000000000000e+00 
  0.000000000000000000e+00   0.000000000000000000e+00 
  0.000000000000000000e+00   0.000000000000000000e+00 
  0.000000000000000000e+00   0.000000000000000000e+00 
  0.000000000000000000e+00   0.000000000000000000e+00 
  0.000000000000000000e+00   0.000000000000000000e+00 
  0.000000000000000000e+00   0.000000000000000000e+00 
  0.000000000000000000e+00   0.000000000000000000e+00 
  0.000000000000000000e+00   0.000000000000000000e+00 
  0.000000000000000000e+00   0.000000000000000000e+00 
  0.000000000000000000e+00   0.000000000000000000e+00 
  0.000000000000000000e+00   0.000000000000000000e+00 
  0.000000000000000000e+00   0.000000000000000000e+00 
  0.000000000000000000e+00   0.000000000000000000e+00 
  0.000000000000000000e+00   0.000000000000000000e+00 
  0.000000000000000000e+00   0.000000000000000000e+00 
  0.000000000000000000e+00   0.000000000000000000e+00 
  0.000000000000000000e+00   0.000000000000000000e+00 
  0.000000000000000000e+00   0.000000000000000000e+00 
  0.000000000000000000e+00   0.000000000000000000e+00 
  0.000000000000000000e+00   0.000000000000000000e+00 
  0.000000000000000000e+00   0.000000000000000000e+00 
  0.000000000000000000e+00   0.000000000000000000e+00 
  0.000000000000000000e+00   0.000000000000000000e+00 
  0.000000000000000000e+00   0.000000000000000000e+00 
  0.000000000000000000e+00   0.000000000000000000e+00 
  0.000000000000000000e+00   0.000000000000000000e+00 
  0.000000000000000000e+00   0.000000000000000000e+00 
  0.000000000000000000e+00   0.000000000000000000e+00 
  0.000000000000000000e+00   0.000000000000000000e+00 
  0.000000000000000000e+00   0.000000000000000000e+00 
  0.000000000000000000e+00   0.000000000000000000e+00 
  0.000000000000000000e+00   0.000000000000000000e+00 
  0.000000000000000000e+00   0.000000000000000000e+00 
  0.000000000000000000e+00   0.000000000000000000e+00 
  0.000000000000000000e+00   0.000000000000000000e+00 
  0.000000000000000000e+00   0.000000000000000000e+00 
  0.000000000000000000e+00   0.000000000000000000e+00 
  0.000000000000000000e+00   0.000000000000000000e+00 
  0.000000000000000000e+00   0.000000000000000000e+00 
  0.000000000000000000e+00   0.000000000000000000e+00 
  0.000000000000000000e+00   0.000000000000000000e+00 
  0.000000000000000000e+00   0.000000000000000000e+00 
  0.000000000000000000e+00   0.000000000000000000e+00 
  0.000000000000000000e+00   0.000000000000000000e+00 
  0.000000000000000000e+00   0.000000000000000000e+00 
  0.000000000000000000e+00   0.000000000000000000e+00 
  0.000000000000000000e+00   0.000000000000000000e+00 
  0.000000000000000000e+00   0.000000000000000000e+00 
  0.000000000000000000e+00   0.000000000000000000e+00 
  0.000000000000000000e+00   0.000000000000000000e+00 
  0.000000000000000000e+00   0.000000000000000000e+00 
  0.000000000000000000e+00   0.000000000000000000e+00 
  0.000000000000000000e+00   0.000000000000000000e+00 
  0.000000000000000000e+00   0.000000000000000000e+00 
  0.000000000000000000e+00   0.000000000000000000e+00 
  0.000000000000000000e+00   0.000000000000000000e+00 
  0.000000000000000000e+00   0.000000000000000000e+00 
  0.000000000000000000e+00   0.000000000000000000e+00 
  0.000000000000000000e+00   0.000000000000000000e+00 
  0.000000000000000000e+00   0.000000000000000000e+00 
  0.000000000000000000e+00   0.000000000000000000e+00 
 -3.672229358938217526e-04   0.000000000000000000e+00 
 -2.396762283751455635e-04   0.000000000000000000e+00 
  2.474790439009685091e-03   0.000000000000000000e+00 
  3.124072682113495660e-04   0.000000000000000000e+00 
  3.234016010537535402e-03   0.000000000000000000e+00 
 -7.895301096141895628e-04   0.000000000000000000e+00 
  9.172624559141655384e-04   0.000000000000000000e+00 
 -1.095695886760953731e-02   0.000000000000000000e+00 
  1.767829619347997816e-02   0.000000000000000000e+00 
 -1.023785443976655283e-03   0.000000000000000000e+00 
 -5.761637818068386478e-03   0.000000000000000000e+00 
 -8.970974013209339487e-03   0.000000000000000000e+00 
 -2.035810239613038836e-02   0.000000000000000000e+00 
 -6.743758916854869674e-03   0.000000000000000000e+00 
  6.308092735707889961e-03   0.000000000000000000e+00 
 -1.645377022214249921e-03   0.000000000000000000e+00 
  3.279558441136050774e-04   0.000000000000000000e+00 
 -6.197597249411044337e-04   0.000000000000000000e+00 
  4.300522778066714338e-05   0.000000000000000000e+00 
 -1.997521612793213132e-04   0.000000000000000000e+00 
  1.702055451460182884e-03   0.000000000000000000e+00 
 -1.244604238308956619e-03   0.000000000000000000e+00 
  1.235237251967189961e-02   0.000000000000000000e+00 
 -1.614631502889096954e-03   0.000000000000000000e+00 
  2.668603556230662085e-04   0.000000000000000000e+00 
  1.395837520249187296e-03   0.000000000000000000e+00 
 -1.944260555319488482e-03   0.000000000000000000e+00 
 -3.738642262760569841e-04   0.000000000000000000e+00 
  8.229577913880349940e-03   0.000000000000000000e+00 
 -2.222716575488456817e-03   0.000000000000000000e+00 
  9.865077445283542985e-04   0.000000000000000000e+00 
 -3.206734731793400850e-02   0.000000000000000000e+00 
 -5.332145839929573750e-03   0.000000000000000000e+00 
  3.524456697050477698e-04   0.000000000000000000e+00 
  8.525659143924708971e-02   0.000000000000000000e+00 
 -6.940238643437638723e-03   0.000000000000000000e+00 
 -7.712060469202695109e-04   0.000000000000000000e+00 
 -8.049608021974560823e-02   0.000000000000000000e+00 
  3.082248941063882308e-02   0.000000000000000000e+00 
  8.384599932469422165e-04   0.000000000000000000e+00 
 -7.611338980495930585e-03   0.000000000000000000e+00 
 -3.898667870089413037e-03   0.000000000000000000e+00 
 -5.705117364414046032e-04   0.000000000000000000e+00 
 -4.905495643615722101e-01   0.000000000000000000e+00 
  3.296525776386258211e-02   0.000000000000000000e+00 
 -2.929905196651816802e-03   0.000000000000000000e+00 
  5.422845482826233778e-03   0.000000000000000000e+00 
 -6.207150872796773911e-03   0.000000000000000000e+00 
  8.368192315101623535e-01   0.000000000000000000e+00 
  1.409323187544900919e-03   0.000000000000000000e+00 
  6.307930452749138531e-04   0.000000000000000000e+00 
 -2.943726722151037778e-04   0.000000000000000000e+00 
 -7.876121997833250565e-02   0.000000000000000000e+00 
  1.026343181729316573e-01   0.000000000000000000e+00 
 -1.628976780921220346e-03   0.000000000000000000e+00 
 -3.029830113518985294e-04   0.000000000000000000e+00 
 -3.095016814768313494e-03   0.000000000000000000e+00 
  4.678791761398316817e-02   0.000000000000000000e+00 
  5.851523205637931824e-02   0.000000000000000000e+00 
  1.974282553419470787e-03   0.000000000000000000e+00 
 -3.936795692425221205e-04   0.000000000000000000e+00 
  3.890429623425006866e-03   0.000000000000000000e+00 
 -1.035381574183702252e-03   0.000000000000000000e+00 
 -3.127396339550616092e-03   0.000000000000000000e+00 
  1.370622310787438479e-02   0.000000000000000000e+00 
  6.612770259380340576e-02   0.000000000000000000e+00 
  7.251205388456583023e-03   0.000000000000000000e+00 
 -2.810482168570161299e-03   0.000000000000000000e+00 
  1.599369134055446222e-04   0.000000000000000000e+00 
  1.938172802329063416e-02   0.000000000000000000e+00 
 -3.457186976447689311e-03   0.000000000000000000e+00 
  7.003723876550795816e-04   0.000000000000000000e+00 
  2.601967426016926332e-03   0.000000000000000000e+00 
  2.312357351183891643e-02   0.000000000000000000e+00 
  8.091618865728376908e-02   0.000000000000000000e+00 
  1.833603018894791386e-03   0.000000000000000000e+00 
  0.000000000000000000e+00   0.000000000000000000e+00 
  0.000000000000000000e+00   0.000000000000000000e+00 
  0.000000000000000000e+00   0.000000000000000000e+00 
  0.000000000000000000e+00   0.000000000000000000e+00 
  0.000000000000000000e+00   0.000000000000000000e+00 
  0.000000000000000000e+00   0.000000000000000000e+00 
  0.000000000000000000e+00   0.000000000000000000e+00 
  0.000000000000000000e+00   0.000000000000000000e+00 
  0.000000000000000000e+00   0.000000000000000000e+00 
  0.000000000000000000e+00   0.000000000000000000e+00 
  0.000000000000000000e+00   0.000000000000000000e+00 
  0.000000000000000000e+00   0.000000000000000000e+00 
  0.000000000000000000e+00   0.000000000000000000e+00 
  0.000000000000000000e+00   0.000000000000000000e+00 
  0.000000000000000000e+00   0.000000000000000000e+00 
  0.000000000000000000e+00   0.000000000000000000e+00 
  0.000000000000000000e+00   0.000000000000000000e+00 
  0.000000000000000000e+00   0.000000000000000000e+00 
  0.000000000000000000e+00   0.000000000000000000e+00 
  0.000000000000000000e+00   0.000000000000000000e+00 
  0.000000000000000000e+00   0.000000000000000000e+00 
  0.000000000000000000e+00   0.000000000000000000e+00 
  0.000000000000000000e+00   0.000000000000000000e+00 
  0.000000000000000000e+00   0.000000000000000000e+00 
  0.000000000000000000e+00   0.000000000000000000e+00 
  0.000000000000000000e+00   0.000000000000000000e+00 
  0.000000000000000000e+00   0.000000000000000000e+00 
  0.000000000000000000e+00   0.000000000000000000e+00 
  0.000000000000000000e+00   0.000000000000000000e+00 
  0.000000000000000000e+00   0.000000000000000000e+00 
  0.000000000000000000e+00   0.000000000000000000e+00 
  0.000000000000000000e+00   0.000000000000000000e+00 
  0.000000000000000000e+00   0.000000000000000000e+00 
  0.000000000000000000e+00   0.000000000000000000e+00 
  0.000000000000000000e+00   0.000000000000000000e+00 
  0.000000000000000000e+00   0.000000000000000000e+00 
  0.000000000000000000e+00   0.000000000000000000e+00 
  0.000000000000000000e+00   0.000000000000000000e+00 
  0.000000000000000000e+00   0.000000000000000000e+00 
  0.000000000000000000e+00   0.000000000000000000e+00 
  0.000000000000000000e+00   0.000000000000000000e+00 
  0.000000000000000000e+00   0.000000000000000000e+00 
  0.000000000000000000e+00   0.000000000000000000e+00 
  0.000000000000000000e+00   0.000000000000000000e+00 
  0.000000000000000000e+00   0.000000000000000000e+00 
  0.000000000000000000e+00   0.000000000000000000e+00 
  0.000000000000000000e+00   0.000000000000000000e+00 
  0.000000000000000000e+00   0.000000000000000000e+00 
  0.000000000000000000e+00   0.000000000000000000e+00 
  0.000000000000000000e+00   0.000000000000000000e+00 
  0.000000000000000000e+00   0.000000000000000000e+00 
  0.000000000000000000e+00   0.000000000000000000e+00 
  0.000000000000000000e+00   0.000000000000000000e+00 
  0.000000000000000000e+00   0.000000000000000000e+00 
  0.000000000000000000e+00   0.000000000000000000e+00 
  0.000000000000000000e+00   0.000000000000000000e+00 
  0.000000000000000000e+00   0.000000000000000000e+00 
  0.000000000000000000e+00   0.000000000000000000e+00 
  0.000000000000000000e+00   0.000000000000000000e+00 
  0.000000000000000000e+00   0.000000000000000000e+00 
  0.000000000000000000e+00   0.000000000000000000e+00 
  0.000000000000000000e+00   0.000000000000000000e+00 
  0.000000000000000000e+00   0.000000000000000000e+00 
  0.000000000000000000e+00   0.000000000000000000e+00 
  0.000000000000000000e+00   0.000000000000000000e+00 
  0.000000000000000000e+00   0.000000000000000000e+00 
  0.000000000000000000e+00   0.000000000000000000e+00 
  0.000000000000000000e+00   0.000000000000000000e+00 
  0.000000000000000000e+00   0.000000000000000000e+00 
  0.000000000000000000e+00   0.000000000000000000e+00 
  0.000000000000000000e+00   0.000000000000000000e+00 
  0.000000000000000000e+00   0.000000000000000000e+00 
  0.000000000000000000e+00   0.000000000000000000e+00 
  0.000000000000000000e+00   0.000000000000000000e+00 
  0.000000000000000000e+00   0.000000000000000000e+00 
  0.000000000000000000e+00   0.000000000000000000e+00 
 -8.254263666452294574e-04   0.000000000000000000e+00 
  1.160243526101166793e-03   0.000000000000000000e+00 
  1.508610323071538127e-03   0.000000000000000000e+00 
  2.784270094707250436e-03   0.000000000000000000e+00 
 -4.189524799585388377e-03   0.000000000000000000e+00 
  1.502970466389820384e-03   0.000000000000000000e+00 
 -1.760613522492448352e-04   0.000000000000000000e+00 
 -1.964982971549010179e-02   0.000000000000000000e+00 
 -4.468095954507774088e-03   0.000000000000000000e+00 
 -2.662512415553657257e-04   0.000000000000000000e+00 
 -1.018365472555131553e-02   0.000000000000000000e+00 
  4.105729516595622852e-03   0.000000000000000000e+00 
  1.105228438973448676e-02   0.000000000000000000e+00 
 -2.108961902558791415e-02   0.000000000000000000e+00 
  2.113765105605135836e-03   0.000000000000000000e+00 
 -1.818103715777201349e-03   0.000000000000000000e+00 
  1.348527614027259349e-03   0.000000000000000000e+00 
  1.751299569150434571e-04   0.000000000000000000e+00 
  5.580236902460459147e-04   0.000000000000000000e+00 
  1.799680903786788743e-04   0.000000000000000000e+00 
 -8.012920152395963669e-04   0.000000000000000000e+00 
  1.635953411459924178e-02   0.000000000000000000e+00 
  3.954354615416325741e-04   0.000000000000000000e+00 
  1.018697977997362614e-03   0.000000000000000000e+00 
 -8.622332243248817052e-04   0.000000000000000000e+00 
 -1.033573644235730171e-03   0.000000000000000000e+00 
 -9.850730421021587201e-04   0.000000000000000000e+00 
 -4.420790064614259652e-04   0.000000000000000000e+00 
 -4.878739360719930480e-03   0.000000000000000000e+00 
 -1.059014350175858411e-02   0.000000000000000000e+00 
  2.508589532226323214e-03   0.000000000000000000e+00 
 -1.015275530517100594e-02   0.000000000000000000e+00 
  3.510277718305583605e-02   0.000000000000000000e+00 
 -5.177808343432845854e-04   0.000000000000000000e+00 
 -1.515137683600187822e-02   0.000000000000000000e+00 
 -7.216037809848788176e-02   0.000000000000000000e+00 
  1.418982137693090601e-04   0.000000000000000000e+00 
 -3.642112761735911974e-02   0.000000000000000000e+00 
 -8.216598629951472887e-02   0.000000000000000000e+00 
 -1.431302982382476330e-03   0.000000000000000000e+00 
 -6.979894358664751920e-03   0.000000000000000000e+00 
  4.255418200045824918e-03   0.000000000000000000e+00 
  3.519709920510650982e-03   0.000000000000000000e+00 
  3.245669603347783178e-02   0.000000000000000000e+00 
  4.804927706718444824e-01   0.000000000000000000e+00 
  1.517745200544596369e-03   0.000000000000000000e+00 
 -5.896394213777976284e-05   0.000000000000000000e+00 
 -5.462116561830043793e-03   0.000000000000000000e+00 
  3.189934883266716883e-03   0.000000000000000000e+00 
  8.494680523872374378e-01   0.000000000000000000e+00 
 -5.740203429013491544e-03   0.000000000000000000e+00 
  6.724175182171212022e-05   0.000000000000000000e+00 
 -1.072731465101242065e-01   0.000000000000000000e+00 
 -7.649578154087068038e-02   0.000000000000000000e+00 
  3.358118003234267235e-03   0.000000000000000000e+00 
  1.300375326536595821e-03   0.000000000000000000e+00 
  6.868761847726999629e-04   0.000000000000000000e+00 
 -5.876816436648370917e-02   0.000000000000000000e+00 
  3.735833242535591125e-02   0.000000000000000000e+00 
 -2.423836151137948036e-03   0.000000000000000000e+00 
 -7.567520369775593281e-04   0.000000000000000000e+00 
  7.065960671752691269e-03   0.000000000000000000e+00 
 -2.134437090717254443e-04   0.000000000000000000e+00 
  5.300670745782562823e-04   0.000000000000000000e+00 
  5.320385098457334344e-02   0.000000000000000000e+00 
 -2.432150952517986298e-02   0.000000000000000000e+00 
  2.461915835738182502e-03   0.000000000000000000e+00 
 -8.968343609012664449e-04   0.000000000000000000e+00 
 -7.063252851367005439e-04   0.000000000000000000e+00 
  2.298905747011305636e-03   0.000000000000000000e+00 
 -5.250895861536248807e-03   0.000000000000000000e+00 
  2.107371576130391035e-03   0.000000000000000000e+00 
 -4.176066431682553073e-04   0.000000000000000000e+00 
 -8.324624598026277023e-02   0.000000000000000000e+00 
  2.778868936002254139e-02   0.000000000000000000e+00 
  6.609951960854229059e-04   0.000000000000000000e+00 
  0.000000000000000000e+00   0.000000000000000000e+00 
  0.000000000000000000e+00   0.000000000000000000e+00 
  0.000000000000000000e+00   0.000000000000000000e+00 
  0.000000000000000000e+00   0.000000000000000000e+00 
  0.000000000000000000e+00   0.000000000000000000e+00 
  0.000000000000000000e+00   0.000000000000000000e+00 
  0.000000000000000000e+00   0.000000000000000000e+00 
  0.000000000000000000e+00   0.000000000000000000e+00 
  0.000000000000000000e+00   0.000000000000000000e+00 
  0.000000000000000000e+00   0.000000000000000000e+00 
  0.000000000000000000e+00   0.000000000000000000e+00 
  0.000000000000000000e+00   0.000000000000000000e+00 
  0.000000000000000000e+00   0.000000000000000000e+00 
  0.000000000000000000e+00   0.000000000000000000e+00 
  0.000000000000000000e+00   0.000000000000000000e+00 
  0.000000000000000000e+00   0.000000000000000000e+00 
  0.000000000000000000e+00   0.000000000000000000e+00 
  0.000000000000000000e+00   0.000000000000000000e+00 
  0.000000000000000000e+00   0.000000000000000000e+00 
  0.000000000000000000e+00   0.000000000000000000e+00 
  0.000000000000000000e+00   0.000000000000000000e+00 
  0.000000000000000000e+00   0.000000000000000000e+00 
  0.000000000000000000e+00   0.000000000000000000e+00 
  0.000000000000000000e+00   0.000000000000000000e+00 
  0.000000000000000000e+00   0.000000000000000000e+00 
  0.000000000000000000e+00   0.000000000000000000e+00 
  0.000000000000000000e+00   0.000000000000000000e+00 
  0.000000000000000000e+00   0.000000000000000000e+00 
  0.000000000000000000e+00   0.000000000000000000e+00 
  0.000000000000000000e+00   0.000000000000000000e+00 
  0.000000000000000000e+00   0.000000000000000000e+00 
  0.000000000000000000e+00   0.000000000000000000e+00 
  0.000000000000000000e+00   0.000000000000000000e+00 
  0.000000000000000000e+00   0.000000000000000000e+00 
  0.000000000000000000e+00   0.000000000000000000e+00 
  0.000000000000000000e+00   0.000000000000000000e+00 
  0.000000000000000000e+00   0.000000000000000000e+00 
  0.000000000000000000e+00   0.000000000000000000e+00 
  0.000000000000000000e+00   0.000000000000000000e+00 
  0.000000000000000000e+00   0.000000000000000000e+00 
  0.000000000000000000e+00   0.000000000000000000e+00 
  0.000000000000000000e+00   0.000000000000000000e+00 
  0.000000000000000000e+00   0.000000000000000000e+00 
  0.000000000000000000e+00   0.000000000000000000e+00 
  0.000000000000000000e+00   0.000000000000000000e+00 
  0.000000000000000000e+00   0.000000000000000000e+00 
  0.000000000000000000e+00   0.000000000000000000e+00 
  0.000000000000000000e+00   0.000000000000000000e+00 
  0.000000000000000000e+00   0.000000000000000000e+00 
  0.000000000000000000e+00   0.000000000000000000e+00 
  0.000000000000000000e+00   0.000000000000000000e+00 
  0.000000000000000000e+00   0.000000000000000000e+00 
  0.000000000000000000e+00   0.000000000000000000e+00 
  0.000000000000000000e+00   0.000000000000000000e+00 
  0.000000000000000000e+00   0.000000000000000000e+00 
  0.000000000000000000e+00   0.000000000000000000e+00 
  0.000000000000000000e+00   0.000000000000000000e+00 
  0.000000000000000000e+00   0.000000000000000000e+00 
  0.000000000000000000e+00   0.000000000000000000e+00 
  0.000000000000000000e+00   0.000000000000000000e+00 
  0.000000000000000000e+00   0.000000000000000000e+00 
  0.000000000000000000e+00   0.000000000000000000e+00 
  0.000000000000000000e+00   0.000000000000000000e+00 
  0.000000000000000000e+00   0.000000000000000000e+00 
  0.000000000000000000e+00   0.000000000000000000e+00 
  0.000000000000000000e+00   0.000000000000000000e+00 
  0.000000000000000000e+00   0.000000000000000000e+00 
  0.000000000000000000e+00   0.000000000000000000e+00 
  0.000000000000000000e+00   0.000000000000000000e+00 
  0.000000000000000000e+00   0.000000000000000000e+00 
  0.000000000000000000e+00   0.000000000000000000e+00 
  0.000000000000000000e+00   0.000000000000000000e+00 
  0.000000000000000000e+00   0.000000000000000000e+00 
  0.000000000000000000e+00   0.000000000000000000e+00 
  0.000000000000000000e+00   0.000000000000000000e+00 
  0.000000000000000000e+00   0.000000000000000000e+00 
  8.978900499645508723e-03   0.000000000000000000e+00 
 -2.339373528957403719e-02   0.000000000000000000e+00 
  1.886743120849001046e-02   0.000000000000000000e+00 
 -9.502078755760655403e-04   0.000000000000000000e+00 
 -1.286541810259402095e-03   0.000000000000000000e+00 
 -1.746118254959554139e-02   0.000000000000000000e+00 
 -8.066727966070180722e-02   0.000000000000000000e+00 
  3.381439018994971367e-03   0.000000000000000000e+00 
  2.544082468375513315e-03   0.000000000000000000e+00 
 -5.499550327658685178e-02   0.000000000000000000e+00 
  6.596852326764778267e-04   0.000000000000000000e+00 
 -6.828950718046009885e-04   0.000000000000000000e+00 
 -1.845310791395704357e-03   0.000000000000000000e+00 
  2.648759633302813065e-03   0.000000000000000000e+00 
 -3.564749145880297294e-03   0.000000000000000000e+00 
 -1.647206954658073748e-03   0.000000000000000000e+00 
 -1.335469447076329322e-02   0.000000000000000000e+00 
  1.312305927276609385e-01   0.000000000000000000e+00 
  1.789222508668899814e-01   0.000000000000000000e+00 
 -1.367373741231858730e-03   0.000000000000000000e+00 
  3.866582119371743636e-04   0.000000000000000000e+00 
  5.936876186751641280e-05   0.000000000000000000e+00 
  3.398139597266747703e-06   0.000000000000000000e+00 
  8.376222103834154932e-05   0.000000000000000000e+00 
 -2.450372994644563982e-05   0.000000000000000000e+00 
 -1.090603531338273612e-03   0.000000000000000000e+00 
 -2.853659447282552719e-03   0.000000000000000000e+00 
 -1.675327867269515714e-01   0.000000000000000000e+00 
  5.520282429642977499e-04   0.000000000000000000e+00 
  3.702791407704351598e-03   0.000000000000000000e+00 
 -3.709696978330632999e-02   0.000000000000000000e+00 
  3.018786897882818308e-03   0.000000000000000000e+00 
  1.032595173455774350e-03   0.000000000000000000e+00 
  1.502017676830292858e-01   0.000000000000000000e+00 
  2.892655029427265581e-04   0.000000000000000000e+00 
 -4.272406455129385862e-03   0.000000000000000000e+00 
  1.187611818313598772e-01   0.000000000000000000e+00 
  1.369300647638738806e-03   0.000000000000000000e+00 
  1.402016147039830468e-03   0.000000000000000000e+00 
  3.372119041159748597e-03   0.000000000000000000e+00 
  4.297447390854358673e-03   0.000000000000000000e+00 
 -8.010957390069955997e-02   0.000000000000000000e+00 
 -5.966899171471591601e-02   0.000000000000000000e+00 
 -4.369959933683271298e-04   0.000000000000000000e+00 
 -7.527265697717665542e-04   0.000000000000000000e+00 
  1.220404058694839616e-01   0.000000000000000000e+00 
  4.869679454714060697e-03   0.000000000000000000e+00 
 -1.270144362933933735e-03   0.000000000000000000e+00 
 -7.000567275099453058e-04   0.000000000000000000e+00 
  4.303893074393272400e-03   0.000000000000000000e+00 
  6.339501589536665482e-02   0.000000000000000000e+00 
 -3.967410922050477740e-01   0.000000000000000000e+00 
 -1.886620186269283078e-03   0.000000000000000000e+00 
 -3.042567055672407150e-03   0.000000000000000000e+00 
  4.506740719079972181e-03   0.000000000000000000e+00 
  3.591118613258004189e-03   0.000000000000000000e+00 
  1.042104437947273532e-01   0.000000000000000000e+00 
  2.945750020444392724e-03   0.000000000000000000e+00 
 -3.182133194059134831e-03   0.000000000000000000e+00 
 -2.541959111113101244e-04   0.000000000000000000e+00 
  1.269329077331349254e-04   0.000000000000000000e+00 
 -5.536802927963435650e-04   0.000000000000000000e+00 
 -5.925369914621116899e-04   0.000000000000000000e+00 
 -1.662395149469375055e-01   0.000000000000000000e+00 
 -6.209116429090498143e-03   0.000000000000000000e+00 
  2.632865915074945364e-03   0.000000000000000000e+00 
  7.695571985095744786e-04   0.000000000000000000e+00 
  2.074351534247399244e-03   0.000000000000000000e+00 
 -2.858223617076873779e-01   0.000000000000000000e+00 
  4.799462622031568397e-04   0.000000000000000000e+00 
  1.609208295121788979e-03   0.000000000000000000e+00 
  7.270121574401851305e-02   0.000000000000000000e+00 
 -6.022062152624197903e-03   0.000000000000000000e+00 
 -5.307353567332042353e-04   0.000000000000000000e+00 
  1.549046370200813467e-03   0.000000000000000000e+00 
 -7.367004156112670898e-01   0.000000000000000000e+00 
  0.000000000000000000e+00   0.000000000000000000e+00 
  0.000000000000000000e+00   0.000000000000000000e+00 
  0.000000000000000000e+00   0.000000000000000000e+00 
  0.000000000000000000e+00   0.000000000000000000e+00 
  0.000000000000000000e+00   0.000000000000000000e+00 
  0.000000000000000000e+00   0.000000000000000000e+00 
  0.000000000000000000e+00   0.000000000000000000e+00 
  0.000000000000000000e+00   0.000000000000000000e+00 
  0.000000000000000000e+00   0.000000000000000000e+00 
  0.000000000000000000e+00   0.000000000000000000e+00 
  0.000000000000000000e+00   0.000000000000000000e+00 
  0.000000000000000000e+00   0.000000000000000000e+00 
  0.000000000000000000e+00   0.000000000000000000e+00 
  0.000000000000000000e+00   0.000000000000000000e+00 
  0.000000000000000000e+00   0.000000000000000000e+00 
  0.000000000000000000e+00   0.000000000000000000e+00 
  0.000000000000000000e+00   0.000000000000000000e+00 
  0.000000000000000000e+00   0.000000000000000000e+00 
  0.000000000000000000e+00   0.000000000000000000e+00 
  0.000000000000000000e+00   0.000000000000000000e+00 
  0.000000000000000000e+00   0.000000000000000000e+00 
  0.000000000000000000e+00   0.000000000000000000e+00 
  0.000000000000000000e+00   0.000000000000000000e+00 
  0.000000000000000000e+00   0.000000000000000000e+00 
  0.000000000000000000e+00   0.000000000000000000e+00 
  0.000000000000000000e+00   0.000000000000000000e+00 
  0.000000000000000000e+00   0.000000000000000000e+00 
  0.000000000000000000e+00   0.000000000000000000e+00 
  0.000000000000000000e+00   0.000000000000000000e+00 
  0.000000000000000000e+00   0.000000000000000000e+00 
  0.000000000000000000e+00   0.000000000000000000e+00 
  0.000000000000000000e+00   0.000000000000000000e+00 
  0.000000000000000000e+00   0.000000000000000000e+00 
  0.000000000000000000e+00   0.000000000000000000e+00 
  0.000000000000000000e+00   0.000000000000000000e+00 
  0.000000000000000000e+00   0.000000000000000000e+00 
  0.000000000000000000e+00   0.000000000000000000e+00 
  0.000000000000000000e+00   0.000000000000000000e+00 
  0.000000000000000000e+00   0.000000000000000000e+00 
  0.000000000000000000e+00   0.000000000000000000e+00 
  0.000000000000000000e+00   0.000000000000000000e+00 
  0.000000000000000000e+00   0.000000000000000000e+00 
  0.000000000000000000e+00   0.000000000000000000e+00 
  0.000000000000000000e+00   0.000000000000000000e+00 
  0.000000000000000000e+00   0.000000000000000000e+00 
  0.000000000000000000e+00   0.000000000000000000e+00 
  0.000000000000000000e+00   0.000000000000000000e+00 
  0.000000000000000000e+00   0.000000000000000000e+00 
  0.000000000000000000e+00   0.000000000000000000e+00 
  0.000000000000000000e+00   0.000000000000000000e+00 
  0.000000000000000000e+00   0.000000000000000000e+00 
  0.000000000000000000e+00   0.000000000000000000e+00 
  0.000000000000000000e+00   0.000000000000000000e+00 
  0.000000000000000000e+00   0.000000000000000000e+00 
  0.000000000000000000e+00   0.000000000000000000e+00 
  0.000000000000000000e+00   0.000000000000000000e+00 
  0.000000000000000000e+00   0.000000000000000000e+00 
  0.000000000000000000e+00   0.000000000000000000e+00 
  0.000000000000000000e+00   0.000000000000000000e+00 
  0.000000000000000000e+00   0.000000000000000000e+00 
  0.000000000000000000e+00   0.000000000000000000e+00 
  0.000000000000000000e+00   0.000000000000000000e+00 
  0.000000000000000000e+00   0.000000000000000000e+00 
  0.000000000000000000e+00   0.000000000000000000e+00 
  0.000000000000000000e+00   0.000000000000000000e+00 
  0.000000000000000000e+00   0.000000000000000000e+00 
  0.000000000000000000e+00   0.000000000000000000e+00 
  0.000000000000000000e+00   0.000000000000000000e+00 
  0.000000000000000000e+00   0.000000000000000000e+00 
  0.000000000000000000e+00   0.000000000000000000e+00 
  0.000000000000000000e+00   0.000000000000000000e+00 
  0.000000000000000000e+00   0.000000000000000000e+00 
  0.000000000000000000e+00   0.000000000000000000e+00 
  0.000000000000000000e+00   0.000000000000000000e+00 
  0.000000000000000000e+00   0.000000000000000000e+00 
  0.000000000000000000e+00   0.000000000000000000e+00 
 -2.399919612817041123e-04   0.000000000000000000e+00 
  9.390435297978212562e-04   0.000000000000000000e+00 
  2.295213751494953186e-02   0.000000000000000000e+00 
  2.343036612729323769e-04   0.000000000000000000e+00 
  4.355523269622806753e-04   0.000000000000000000e+00 
 -1.219152472913248055e-02   0.000000000000000000e+00 
  5.969386175274856571e-02   0.000000000000000000e+00 
  1.766236237008707549e-04   0.000000000000000000e+00 
  1.937059103511628612e-03   0.000000000000000000e+00 
 -2.239416725933558033e-02   0.000000000000000000e+00 
 -2.803671872243322042e-03   0.000000000000000000e+00 
 -5.179672734811615817e-04   0.000000000000000000e+00 
  2.441810443997491538e-03   0.000000000000000000e+00 
  3.061046823859187461e-03   0.000000000000000000e+00 
 -2.776572480797863916e-03   0.000000000000000000e+00 
  4.420481622219106510e-03   0.000000000000000000e+00 
  1.213213801383960025e-02   0.000000000000000000e+00 
  1.222370937466626256e-02   0.000000000000000000e+00 
 -8.556981384754169806e-02   0.000000000000000000e+00 
 -3.930378297809511423e-04   0.000000000000000000e+00 
 -5.847115535289051317e-04   0.000000000000000000e+00 
  4.499257775023595861e-04   0.000000000000000000e+00 
  2.461490919813513756e-03   0.000000000000000000e+00 
  4.032925353385508603e-04   0.000000000000000000e+00 
  3.800839476753027873e-04   0.000000000000000000e+00 
  9.872693335637443713e-04   0.000000000000000000e+00 
 -5.330230924300849438e-04   0.000000000000000000e+00 
  8.112060837447790732e-03   0.000000000000000000e+00 
 -3.905811347067354375e-03   0.000000000000000000e+00 
  4.351019859313964844e-03   0.000000000000000000e+00 
  9.870675206184389983e-02   0.000000000000000000e+00 
 -3.628827165812256120e-03   0.000000000000000000e+00 
  1.085375063121318470e-02   0.000000000000000000e+00 
 -1.040211170911788940e-01   0.000000000000000000e+00 
 -1.122912764549255198e-02   0.000000000000000000e+00 
  8.698615245521070308e-03   0.000000000000000000e+00 
 -5.888399481773384098e-02   0.000000000000000000e+00 
 -4.961169324815274152e-03   0.000000000000000000e+00 
 -3.579898504540325078e-03   0.000000000000000000e+00 
 -4.165281075984239578e-03   0.000000000000000000e+00 
  6.949787493795157346e-03   0.000000000000000000e+00 
 -9.320288896560668945e-02   0.000000000000000000e+00 
 -1.211953815072774714e-02   0.000000000000000000e+00 
  2.336331084370613098e-02   0.000000000000000000e+00 
 -2.033839933574198636e-02   0.000000000000000000e+00 
  7.039035558700562634e-01   0.000000000000000000e+00 
 -1.470549032092094855e-03   0.000000000000000000e+00 
 -5.602892953902482986e-03   0.000000000000000000e+00 
  2.726234123110771179e-02   0.000000000000000000e+00 
  1.709436252713203777e-02   0.000000000000000000e+00 
  4.648979604244232733e-01   0.000000000000000000e+00 
  1.071986481547355652e-01   0.000000000000000000e+00 
 -8.329398930072782689e-03   0.000000000000000000e+00 
  3.303694073110819297e-03   0.000000000000000000e+00 
  1.346360513707621802e-04   0.000000000000000000e+00 
 -2.714304719120264053e-03   0.000000000000000000e+00 
 -2.624207362532616009e-02   0.000000000000000000e+00 
 -1.401237677782773755e-03   0.000000000000000000e+00 
 -9.486429393291473389e-03   0.000000000000000000e+00 
 -1.564781880006194115e-03   0.000000000000000000e+00 
 -3.948071389459073001e-04   0.000000000000000000e+00 
 -3.778723475988959727e-05   0.000000000000000000e+00 
  8.037117659114302289e-04   0.000000000000000000e+00 
 -5.703437328338623047e-02   0.000000000000000000e+00 
 -2.413872396573423472e-03   0.000000000000000000e+00 
 -4.895231686532496539e-03   0.000000000000000000e+00 
 -5.190035328269004822e-03   0.000000000000000000e+00 
  9.483567737333859195e-06   0.000000000000000000e+00 
 -3.128158748149872381e-01   0.000000000000000000e+00 
  3.886500606313346515e-03   0.000000000000000000e+00 
  2.307479968294500437e-03   0.000000000000000000e+00 
  1.906056106090546209e-01   0.000000000000000000e+00 
 -1.036180034279823303e-01   0.000000000000000000e+00 
 -3.589991945773363547e-03   0.000000000000000000e+00 
  1.627030782401561737e-02   0.000000000000000000e+00 
  2.560430169105529785e-01   0.000000000000000000e+00 
  0.000000000000000000e+00   0.000000000000000000e+00 
  0.000000000000000000e+00   0.000000000000000000e+00 
  0.000000000000000000e+00   0.000000000000000000e+00 
  0.000000000000000000e+00   0.000000000000000000e+00 
  0.000000000000000000e+00   0.000000000000000000e+00 
  0.000000000000000000e+00   0.000000000000000000e+00 
  0.000000000000000000e+00   0.000000000000000000e+00 
  0.000000000000000000e+00   0.000000000000000000e+00 
  0.000000000000000000e+00   0.000000000000000000e+00 
  0.000000000000000000e+00   0.000000000000000000e+00 
  0.000000000000000000e+00   0.000000000000000000e+00 
  0.000000000000000000e+00   0.000000000000000000e+00 
  0.000000000000000000e+00   0.000000000000000000e+00 
  0.000000000000000000e+00   0.000000000000000000e+00 
  0.000000000000000000e+00   0.000000000000000000e+00 
  0.000000000000000000e+00   0.000000000000000000e+00 
  0.000000000000000000e+00   0.000000000000000000e+00 
  0.000000000000000000e+00   0.000000000000000000e+00 
  0.000000000000000000e+00   0.000000000000000000e+00 
  0.000000000000000000e+00   0.000000000000000000e+00 
  0.000000000000000000e+00   0.000000000000000000e+00 
  0.000000000000000000e+00   0.000000000000000000e+00 
  0.000000000000000000e+00   0.000000000000000000e+00 
  0.000000000000000000e+00   0.000000000000000000e+00 
  0.000000000000000000e+00   0.000000000000000000e+00 
  0.000000000000000000e+00   0.000000000000000000e+00 
  0.000000000000000000e+00   0.000000000000000000e+00 
  0.000000000000000000e+00   0.000000000000000000e+00 
  0.000000000000000000e+00   0.000000000000000000e+00 
  0.000000000000000000e+00   0.000000000000000000e+00 
  0.000000000000000000e+00   0.000000000000000000e+00 
  0.000000000000000000e+00   0.000000000000000000e+00 
  0.000000000000000000e+00   0.000000000000000000e+00 
  0.000000000000000000e+00   0.000000000000000000e+00 
  0.000000000000000000e+00   0.000000000000000000e+00 
  0.000000000000000000e+00   0.000000000000000000e+00 
  0.000000000000000000e+00   0.000000000000000000e+00 
  0.000000000000000000e+00   0.000000000000000000e+00 
  0.000000000000000000e+00   0.000000000000000000e+00 
  0.000000000000000000e+00   0.000000000000000000e+00 
  0.000000000000000000e+00   0.000000000000000000e+00 
  0.000000000000000000e+00   0.000000000000000000e+00 
  0.000000000000000000e+00   0.000000000000000000e+00 
  0.000000000000000000e+00   0.000000000000000000e+00 
  0.000000000000000000e+00   0.000000000000000000e+00 
  0.000000000000000000e+00   0.000000000000000000e+00 
  0.000000000000000000e+00   0.000000000000000000e+00 
  0.000000000000000000e+00   0.000000000000000000e+00 
  0.000000000000000000e+00   0.000000000000000000e+00 
  0.000000000000000000e+00   0.000000000000000000e+00 
  0.000000000000000000e+00   0.000000000000000000e+00 
  0.000000000000000000e+00   0.000000000000000000e+00 
  0.000000000000000000e+00   0.000000000000000000e+00 
  0.000000000000000000e+00   0.000000000000000000e+00 
  0.000000000000000000e+00   0.000000000000000000e+00 
  0.000000000000000000e+00   0.000000000000000000e+00 
  0.000000000000000000e+00   0.000000000000000000e+00 
  0.000000000000000000e+00   0.000000000000000000e+00 
  0.000000000000000000e+00   0.000000000000000000e+00 
  0.000000000000000000e+00   0.000000000000000000e+00 
  0.000000000000000000e+00   0.000000000000000000e+00 
  0.000000000000000000e+00   0.000000000000000000e+00 
  0.000000000000000000e+00   0.000000000000000000e+00 
  0.000000000000000000e+00   0.000000000000000000e+00 
  0.000000000000000000e+00   0.000000000000000000e+00 
  0.000000000000000000e+00   0.000000000000000000e+00 
  0.000000000000000000e+00   0.000000000000000000e+00 
  0.000000000000000000e+00   0.000000000000000000e+00 
  0.000000000000000000e+00   0.000000000000000000e+00 
  0.000000000000000000e+00   0.000000000000000000e+00 
  0.000000000000000000e+00   0.000000000000000000e+00 
  0.000000000000000000e+00   0.000000000000000000e+00 
  0.000000000000000000e+00   0.000000000000000000e+00 
  0.000000000000000000e+00   0.000000000000000000e+00 
  0.000000000000000000e+00   0.000000000000000000e+00 
  0.000000000000000000e+00   0.000000000000000000e+00 
  8.827397832646301365e-04   0.000000000000000000e+00 
 -1.174930599518107278e-03   0.000000000000000000e+00 
 -1.151197007857271328e-03   0.000000000000000000e+00 
 -2.064879285171454526e-03   0.000000000000000000e+00 
 -3.308116924017770986e-03   0.000000000000000000e+00 
  2.689001848921225308e-03   0.000000000000000000e+00 
 -1.402396941557528323e-03   0.000000000000000000e+00 
  2.574577461928389838e-03   0.000000000000000000e+00 
  2.595245838165287713e-02   0.000000000000000000e+00 
 -3.990842742497416936e-05   0.000000000000000000e+00 
  2.328282222151884222e-03   0.000000000000000000e+00 
 -2.160316519439215224e-02   0.000000000000000000e+00 
  4.270259663462677019e-02   0.000000000000000000e+00 
 -4.163225647061920102e-03   0.000000000000000000e+00 
 -2.073210105299937503e-02   0.000000000000000000e+00 
 -7.443094998598136225e-02   0.000000000000000000e+00 
 -4.053761585965584286e-05   0.000000000000000000e+00 
  2.994443988427521533e-03   0.000000000000000000e+00 
 -2.694342751055960224e-03   0.000000000000000000e+00 
  2.222452167188760372e-04   0.000000000000000000e+00 
 -2.786129340529443221e-02   0.000000000000000000e+00 
 -1.501013152301312707e-02   0.000000000000000000e+00 
  2.312398701906204571e-02   0.000000000000000000e+00 
  1.539853634312748909e-03   0.000000000000000000e+00 
 -3.729216696228834175e-04   0.000000000000000000e+00 
  4.697819426655766573e-02   0.000000000000000000e+00 
  1.603821059688927261e-03   0.000000000000000000e+00 
 -1.022456097416574086e-03   0.000000000000000000e+00 
 -5.313745886087413439e-02   0.000000000000000000e+00 
 -8.132615126669415564e-03   0.000000000000000000e+00 
 -4.266019444912672043e-03   0.000000000000000000e+00 
 -2.521258406341077979e-02   0.000000000000000000e+00 
 -1.412015222012997888e-02   0.000000000000000000e+00 
  1.751249423250551655e-03   0.000000000000000000e+00 
 -1.577799767255783359e-01   0.000000000000000000e+00 
 -6.707329303026204892e-02   0.000000000000000000e+00 
 -4.750065272673975885e-04   0.000000000000000000e+00 
 -3.990419954061510260e-02   0.000000000000000000e+00 
  4.956047236919404464e-02   0.000000000000000000e+00 
  2.880202531814574640e-01   0.000000000000000000e+00 
  2.036637067794800152e-02   0.000000000000000000e+00 
  1.576723181642590869e-03   0.000000000000000000e+00 
  6.558858323842290533e-03   0.000000000000000000e+00 
  2.043316811323165894e-01   0.000000000000000000e+00 
  1.051939874887466431e-01   0.000000000000000000e+00 
 -1.569236256182194103e-02   0.000000000000000000e+00 
  8.302696347236635521e-01   0.000000000000000000e+00 
 -3.930909559130668640e-02   0.000000000000000000e+00 
  2.116918712854385376e-01   0.000000000000000000e+00 
 -1.257169842720032016e-01   0.000000000000000000e+00 
 -1.335010398179292852e-02   0.000000000000000000e+00 
  1.649690209887923111e-03   0.000000000000000000e+00 
 -7.776874583214528347e-03   0.000000000000000000e+00 
  9.954567998647689819e-02   0.000000000000000000e+00 
  6.627764087170360738e-03   0.000000000000000000e+00 
  4.896038770675657792e-02   0.000000000000000000e+00 
  1.156572718173264590e-03   0.000000000000000000e+00 
 -6.173976883292200263e-02   0.000000000000000000e+00 
 -2.787406370043755272e-02   0.000000000000000000e+00 
  2.113979076966643333e-03   0.000000000000000000e+00 
  1.575331669300794385e-03   0.000000000000000000e+00 
 -5.345595069229602814e-03   0.000000000000000000e+00 
 -4.050256684422490899e-02   0.000000000000000000e+00 
  1.876590307801962332e-03   0.000000000000000000e+00 
  1.540096662938595339e-02   0.000000000000000000e+00 
 -6.464161723852157593e-02   0.000000000000000000e+00 
 -2.311695180833339691e-02   0.000000000000000000e+00 
 -2.293039858341217319e-01   0.000000000000000000e+00 
  6.985781714320183668e-03   0.000000000000000000e+00 
  3.386146947741506402e-02   0.000000000000000000e+00 
  1.524821482598782106e-02   0.000000000000000000e+00 
 -7.545410655438900861e-03   0.000000000000000000e+00 
 -1.744771748781203877e-02   0.000000000000000000e+00 
  1.284460872411727905e-01   0.000000000000000000e+00 
  1.081324443221092640e-01   0.000000000000000000e+00 
 -8.201535791158674413e-03   0.000000000000000000e+00 
  0.000000000000000000e+00   0.000000000000000000e+00 
  0.000000000000000000e+00   0.000000000000000000e+00 
  0.000000000000000000e+00   0.000000000000000000e+00 
  0.000000000000000000e+00   0.000000000000000000e+00 
  0.000000000000000000e+00   0.000000000000000000e+00 
  0.000000000000000000e+00   0.000000000000000000e+00 
  0.000000000000000000e+00   0.000000000000000000e+00 
  0.000000000000000000e+00   0.000000000000000000e+00 
  0.000000000000000000e+00   0.000000000000000000e+00 
  0.000000000000000000e+00   0.000000000000000000e+00 
  0.000000000000000000e+00   0.000000000000000000e+00 
  0.000000000000000000e+00   0.000000000000000000e+00 
  0.000000000000000000e+00   0.000000000000000000e+00 
  0.000000000000000000e+00   0.000000000000000000e+00 
  0.000000000000000000e+00   0.000000000000000000e+00 
  0.000000000000000000e+00   0.000000000000000000e+00 
  0.000000000000000000e+00   0.000000000000000000e+00 
  0.000000000000000000e+00   0.000000000000000000e+00 
  0.000000000000000000e+00   0.000000000000000000e+00 
  0.000000000000000000e+00   0.000000000000000000e+00 
  0.000000000000000000e+00   0.000000000000000000e+00 
  0.000000000000000000e+00   0.000000000000000000e+00 
  0.000000000000000000e+00   0.000000000000000000e+00 
  0.000000000000000000e+00   0.000000000000000000e+00 
  0.000000000000000000e+00   0.000000000000000000e+00 
  0.000000000000000000e+00   0.000000000000000000e+00 
  0.000000000000000000e+00   0.000000000000000000e+00 
  0.000000000000000000e+00   0.000000000000000000e+00 
  0.000000000000000000e+00   0.000000000000000000e+00 
  0.000000000000000000e+00   0.000000000000000000e+00 
  0.000000000000000000e+00   0.000000000000000000e+00 
  0.000000000000000000e+00   0.000000000000000000e+00 
  0.000000000000000000e+00   0.000000000000000000e+00 
  0.000000000000000000e+00   0.000000000000000000e+00 
  0.000000000000000000e+00   0.000000000000000000e+00 
  0.000000000000000000e+00   0.000000000000000000e+00 
  0.000000000000000000e+00   0.000000000000000000e+00 
  0.000000000000000000e+00   0.000000000000000000e+00 
  0.000000000000000000e+00   0.000000000000000000e+00 
  0.000000000000000000e+00   0.000000000000000000e+00 
  0.000000000000000000e+00   0.000000000000000000e+00 
  0.000000000000000000e+00   0.000000000000000000e+00 
  0.000000000000000000e+00   0.000000000000000000e+00 
  0.000000000000000000e+00   0.000000000000000000e+00 
  0.000000000000000000e+00   0.000000000000000000e+00 
  0.000000000000000000e+00   0.000000000000000000e+00 
  0.000000000000000000e+00   0.000000000000000000e+00 
  0.000000000000000000e+00   0.000000000000000000e+00 
  0.000000000000000000e+00   0.000000000000000000e+00 
  0.000000000000000000e+00   0.000000000000000000e+00 
  0.000000000000000000e+00   0.000000000000000000e+00 
  0.000000000000000000e+00   0.000000000000000000e+00 
  0.000000000000000000e+00   0.000000000000000000e+00 
  0.000000000000000000e+00   0.000000000000000000e+00 
  0.000000000000000000e+00   0.000000000000000000e+00 
  0.000000000000000000e+00   0.000000000000000000e+00 
  0.000000000000000000e+00   0.000000000000000000e+00 
  0.000000000000000000e+00   0.000000000000000000e+00 
  0.000000000000000000e+00   0.000000000000000000e+00 
  0.000000000000000000e+00   0.000000000000000000e+00 
  0.000000000000000000e+00   0.000000000000000000e+00 
  0.000000000000000000e+00   0.000000000000000000e+00 
  0.000000000000000000e+00   0.000000000000000000e+00 
  0.000000000000000000e+00   0.000000000000000000e+00 
  0.000000000000000000e+00   0.000000000000000000e+00 
  0.000000000000000000e+00   0.000000000000000000e+00 
  0.000000000000000000e+00   0.000000000000000000e+00 
  0.000000000000000000e+00   0.000000000000000000e+00 
  0.000000000000000000e+00   0.000000000000000000e+00 
  0.000000000000000000e+00   0.000000000000000000e+00 
  0.000000000000000000e+00   0.000000000000000000e+00 
  0.000000000000000000e+00   0.000000000000000000e+00 
  0.000000000000000000e+00   0.000000000000000000e+00 
  0.000000000000000000e+00   0.000000000000000000e+00 
  0.000000000000000000e+00   0.000000000000000000e+00 
  0.000000000000000000e+00   0.000000000000000000e+00 
 -2.747658872978061412e-04   0.000000000000000000e+00 
 -1.610343228094305787e-03   0.000000000000000000e+00 
 -3.515581134706758162e-03   0.000000000000000000e+00 
  6.902312394232189285e-03   0.000000000000000000e+00 
  3.482899861409848204e-03   0.000000000000000000e+00 
  2.566934563219594109e-03   0.000000000000000000e+00 
  1.810580492019667849e-03   0.000000000000000000e+00 
  3.140779212117186803e-02   0.000000000000000000e+00 
 -8.268682286143318530e-03   0.000000000000000000e+00 
  1.463198917917905720e-03   0.000000000000000000e+00 
  2.677847445011143773e-02   0.000000000000000000e+00 
  6.043274421244762551e-03   0.000000000000000000e+00 
 -9.143710136413640138e-03   0.000000000000000000e+00 
 -4.065421968698471750e-02   0.000000000000000000e+00 
 -6.577823311090465197e-02   0.000000000000000000e+00 
  9.167356416583068157e-03   0.000000000000000000e+00 
  1.776799093931927904e-03   0.000000000000000000e+00 
 -2.880046609789133506e-03   0.000000000000000000e+00 
  3.497882280498749562e-03   0.000000000000000000e+00 
  2.649988792836665413e-02   0.000000000000000000e+00 
 -1.505809021182358699e-03   0.000000000000000000e+00 
 -2.209953591227531780e-02   0.000000000000000000e+00 
 -2.206932194530963898e-02   0.000000000000000000e+00 
 -2.457685186527671598e-04   0.000000000000000000e+00 
  4.930424038320777632e-04   0.000000000000000000e+00 
  1.142828841693700010e-03   0.000000000000000000e+00 
  4.407749697566033104e-02   0.000000000000000000e+00 
  1.160684390924864246e-03   0.000000000000000000e+00 
  1.579785160720347664e-02   0.000000000000000000e+00 
 -5.729624629020690918e-02   0.000000000000000000e+00 
  5.366847850382329768e-03   0.000000000000000000e+00 
  2.199574559926986347e-02   0.000000000000000000e+00 
 -1.322855148464436789e-02   0.000000000000000000e+00 
  6.504106801003222034e-03   0.000000000000000000e+00 
  7.507985830307004060e-02   0.000000000000000000e+00 
 -1.508322209119797308e-01   0.000000000000000000e+00 
 -2.983993617817759514e-03   0.000000000000000000e+00 
  5.297373607754706643e-02   0.000000000000000000e+00 
  3.779954463243485885e-02   0.000000000000000000e+00 
 -3.732426193891957372e-05   0.000000000000000000e+00 
  2.790081799030303955e-01   0.000000000000000000e+00 
 -6.340488325804471970e-03   0.000000000000000000e+00 
 -1.426692586392164924e-02   0.000000000000000000e+00 
 -1.211219727993011475e-01   0.000000000000000000e+00 
  2.156806141138075950e-01   0.000000000000000000e+00 
  2.215125411748886455e-02   0.000000000000000000e+00 
 -1.032119523733854467e-02   0.000000000000000000e+00 
 -8.261716961860656738e-01   0.000000000000000000e+00 
 -1.436137557029724121e-01   0.000000000000000000e+00 
 -2.134748548269272406e-01   0.000000000000000000e+00 
  2.411626465618610729e-02   0.000000000000000000e+00 
  7.589874439872781788e-04   0.000000000000000000e+00 
  1.001046970486640653e-01   0.000000000000000000e+00 
  4.597940482199194649e-03   0.000000000000000000e+00 
  3.941721096634864113e-02   0.000000000000000000e+00 
  3.439771942794322968e-03   0.000000000000000000e+00 
 -1.397078856825827468e-03   0.000000000000000000e+00 
 -2.110706083476543773e-02   0.000000000000000000e+00 
  6.371321529150009155e-02   0.000000000000000000e+00 
  1.667627249844372272e-03   0.000000000000000000e+00 
 -5.836654454469680786e-04   0.000000000000000000e+00 
 -3.838227316737175682e-02   0.000000000000000000e+00 
 -6.494135013781491194e-04   0.000000000000000000e+00 
 -2.281203866004945149e-03   0.000000000000000000e+00 
  5.809833481907843156e-02   0.000000000000000000e+00 
  1.832023262977600098e-02   0.000000000000000000e+00 
 -2.332262545824050903e-01   0.000000000000000000e+00 
  8.502941927872598171e-04   0.000000000000000000e+00 
 -1.083598565310239965e-02   0.000000000000000000e+00 
 -2.374377660453318856e-02   0.000000000000000000e+00 
  3.551789745688437722e-02   0.000000000000000000e+00 
  1.910704001784324993e-02   0.000000000000000000e+00 
  2.977617830038069985e-02   0.000000000000000000e+00 
  1.112466081976890564e-01   0.000000000000000000e+00 
 -1.266609579324722290e-01   0.000000000000000000e+00 
  1.559939328581094568e-02   0.000000000000000000e+00 
  0.000000000000000000e+00   0.000000000000000000e+00 
  0.000000000000000000e+00   0.000000000000000000e+00 
  0.000000000000000000e+00   0.000000000000000000e+00 
  0.000000000000000000e+00   0.000000000000000000e+00 
  0.000000000000000000e+00   0.000000000000000000e+00 
  0.000000000000000000e+00   0.000000000000000000e+00 
  0.000000000000000000e+00   0.000000000000000000e+00 
  0.000000000000000000e+00   0.000000000000000000e+00 
  0.000000000000000000e+00   0.000000000000000000e+00 
  0.000000000000000000e+00   0.000000000000000000e+00 
  0.000000000000000000e+00   0.000000000000000000e+00 
  0.000000000000000000e+00   0.000000000000000000e+00 
  0.000000000000000000e+00   0.000000000000000000e+00 
  0.000000000000000000e+00   0.000000000000000000e+00 
  0.000000000000000000e+00   0.000000000000000000e+00 
  0.000000000000000000e+00   0.000000000000000000e+00 
  0.000000000000000000e+00   0.000000000000000000e+00 
  0.000000000000000000e+00   0.000000000000000000e+00 
  0.000000000000000000e+00   0.000000000000000000e+00 
  0.000000000000000000e+00   0.000000000000000000e+00 
  0.000000000000000000e+00   0.000000000000000000e+00 
  0.000000000000000000e+00   0.000000000000000000e+00 
  0.000000000000000000e+00   0.000000000000000000e+00 
  0.000000000000000000e+00   0.000000000000000000e+00 
  0.000000000000000000e+00   0.000000000000000000e+00 
  0.000000000000000000e+00   0.000000000000000000e+00 
  0.000000000000000000e+00   0.000000000000000000e+00 
  0.000000000000000000e+00   0.000000000000000000e+00 
  0.000000000000000000e+00   0.000000000000000000e+00 
  0.000000000000000000e+00   0.000000000000000000e+00 
  0.000000000000000000e+00   0.000000000000000000e+00 
  0.000000000000000000e+00   0.000000000000000000e+00 
  0.000000000000000000e+00   0.000000000000000000e+00 
  0.000000000000000000e+00   0.000000000000000000e+00 
  0.000000000000000000e+00   0.000000000000000000e+00 
  0.000000000000000000e+00   0.000000000000000000e+00 
  0.000000000000000000e+00   0.000000000000000000e+00 
  0.000000000000000000e+00   0.000000000000000000e+00 
  0.000000000000000000e+00   0.000000000000000000e+00 
  0.000000000000000000e+00   0.000000000000000000e+00 
  0.000000000000000000e+00   0.000000000000000000e+00 
  0.000000000000000000e+00   0.000000000000000000e+00 
  0.000000000000000000e+00   0.000000000000000000e+00 
  0.000000000000000000e+00   0.000000000000000000e+00 
  0.000000000000000000e+00   0.000000000000000000e+00 
  0.000000000000000000e+00   0.000000000000000000e+00 
  0.000000000000000000e+00   0.000000000000000000e+00 
  0.000000000000000000e+00   0.000000000000000000e+00 
  0.000000000000000000e+00   0.000000000000000000e+00 
  0.000000000000000000e+00   0.000000000000000000e+00 
  0.000000000000000000e+00   0.000000000000000000e+00 
  0.000000000000000000e+00   0.000000000000000000e+00 
  0.000000000000000000e+00   0.000000000000000000e+00 
  0.000000000000000000e+00   0.000000000000000000e+00 
  0.000000000000000000e+00   0.000000000000000000e+00 
  0.000000000000000000e+00   0.000000000000000000e+00 
  0.000000000000000000e+00   0.000000000000000000e+00 
  0.000000000000000000e+00   0.000000000000000000e+00 
  0.000000000000000000e+00   0.000000000000000000e+00 
  0.000000000000000000e+00   0.000000000000000000e+00 
  0.000000000000000000e+00   0.000000000000000000e+00 
  0.000000000000000000e+00   0.000000000000000000e+00 
  0.000000000000000000e+00   0.000000000000000000e+00 
  0.000000000000000000e+00   0.000000000000000000e+00 
  0.000000000000000000e+00   0.000000000000000000e+00 
  0.000000000000000000e+00   0.000000000000000000e+00 
  0.000000000000000000e+00   0.000000000000000000e+00 
  0.000000000000000000e+00   0.000000000000000000e+00 
  0.000000000000000000e+00   0.000000000000000000e+00 
  0.000000000000000000e+00   0.000000000000000000e+00 
  0.000000000000000000e+00   0.000000000000000000e+00 
  0.000000000000000000e+00   0.000000000000000000e+00 
  0.000000000000000000e+00   0.000000000000000000e+00 
  0.000000000000000000e+00   0.000000000000000000e+00 
  0.000000000000000000e+00   0.000000000000000000e+00 
  0.000000000000000000e+00   0.000000000000000000e+00 
 -2.540680579840938523e-04   0.000000000000000000e+00 
  6.211177096702419744e-04   0.000000000000000000e+00 
 -7.510573486797894301e-04   0.000000000000000000e+00 
  1.233480125665818543e-02   0.000000000000000000e+00 
 -2.159116975963128529e-02   0.000000000000000000e+00 
  1.453096745535783140e-03   0.000000000000000000e+00 
 -1.330081024207172610e-03   0.000000000000000000e+00 
  2.824092842638498135e-02   0.000000000000000000e+00 
  2.728338725864912565e-02   0.000000000000000000e+00 
 -1.500000071246161508e-04   0.000000000000000000e+00 
  8.141183108091348819e-02   0.000000000000000000e+00 
 -8.957222849130638820e-02   0.000000000000000000e+00 
 -2.396679855883112123e-02   0.000000000000000000e+00 
  2.500424906611465117e-02   0.000000000000000000e+00 
 -1.068178913555614109e-03   0.000000000000000000e+00 
  4.757166025232831079e-04   0.000000000000000000e+00 
  3.643020681920464745e-05   0.000000000000000000e+00 
 -3.750675823539495468e-04   0.000000000000000000e+00 
  3.448758507147431374e-04   0.000000000000000000e+00 
  5.060599651187659394e-04   0.000000000000000000e+00 
 -8.629231597296893597e-04   0.000000000000000000e+00 
 -1.105928421020508645e-01   0.000000000000000000e+00 
  4.290389642119411123e-02   0.000000000000000000e+00 
 -6.480008596554399621e-04   0.000000000000000000e+00 
 -9.987123776227235794e-04   0.000000000000000000e+00 
 -8.033944177441296793e-04   0.000000000000000000e+00 
 -1.591321924934164232e-04   0.000000000000000000e+00 
 -5.658628651872277260e-04   0.000000000000000000e+00 
 -1.083625629544257701e-01   0.000000000000000000e+00 
 -1.071340739727021374e-01   0.000000000000000000e+00 
  5.372292944230138171e-04   0.000000000000000000e+00 
 -2.755682729184631002e-02   0.000000000000000000e+00 
 -1.275315284729002518e-01   0.000000000000000000e+00 
 -1.439387910068035343e-03   0.000000000000000000e+00 
 -6.314555555582060387e-02   0.000000000000000000e+00 
 -9.295728057622909546e-02   0.000000000000000000e+00 
 -6.428425549529489602e-04   0.000000000000000000e+00 
  1.084697432816024085e-02   0.000000000000000000e+00 
 -1.002300083637236022e-01   0.000000000000000000e+00 
  5.170304328203201294e-03   0.000000000000000000e+00 
  6.049209740012885875e-03   0.000000000000000000e+00 
 -9.676329791545873341e-04   0.000000000000000000e+00 
  2.353674266487360868e-03   0.000000000000000000e+00 
 -9.366085380315784803e-02   0.000000000000000000e+00 
 -1.465279608964918379e-01   0.000000000000000000e+00 
  3.120893379673362320e-04   0.000000000000000000e+00 
  4.090554080903530988e-03   0.000000000000000000e+00 
 -9.388145990669727325e-03   0.000000000000000000e+00 
 -1.282741576433182040e-01   0.000000000000000000e+00 
  2.423650622367858887e-01   0.000000000000000000e+00 
 -2.744246739894152121e-03   0.000000000000000000e+00 
 -1.306926948018371625e-03   0.000000000000000000e+00 
  2.277774363756178977e-01   0.000000000000000000e+00 
  4.395740330219268799e-01   0.000000000000000000e+00 
 -1.803372171707451777e-03   0.000000000000000000e+00 
  2.717608353123068810e-03   0.000000000000000000e+00 
 -1.040817354805767536e-03   0.000000000000000000e+00 
  2.451989986002445221e-02   0.000000000000000000e+00 
 -5.086988676339423456e-03   0.000000000000000000e+00 
 -5.856553907506167889e-04   0.000000000000000000e+00 
 -5.796581390313804150e-04   0.000000000000000000e+00 
  5.070033948868512023e-04   0.000000000000000000e+00 
  6.219531642273069512e-04   0.000000000000000000e+00 
  1.314438297413288463e-03   0.000000000000000000e+00 
 -4.544201120734214783e-02   0.000000000000000000e+00 
  5.753830820322036049e-02   0.000000000000000000e+00 
 -7.513233926147222519e-03   0.000000000000000000e+00 
 -2.996988361701369719e-03   0.000000000000000000e+00 
 -3.256798954680562887e-03   0.000000000000000000e+00 
 -1.178836822509765903e-01   0.000000000000000000e+00 
 -2.435788661241530539e-01   0.000000000000000000e+00 
 -6.851599900983275067e-04   0.000000000000000000e+00 
  7.506748079322286631e-05   0.000000000000000000e+00 
  6.650010347366334118e-01   0.000000000000000000e+00 
  7.962597906589523322e-02   0.000000000000000000e+00 
  1.502265920862555287e-03   0.000000000000000000e+00 
  0.000000000000000000e+00   0.000000000000000000e+00 
  0.000000000000000000e+00   0.000000000000000000e+00 
  0.000000000000000000e+00   0.000000000000000000e+00 
  0.000000000000000000e+00   0.000000000000000000e+00 
  0.000000000000000000e+00   0.000000000000000000e+00 
  0.000000000000000000e+00   0.000000000000000000e+00 
  0.000000000000000000e+00   0.000000000000000000e+00 
  0.000000000000000000e+00   0.000000000000000000e+00 
  0.000000000000000000e+00   0.000000000000000000e+00 
  0.000000000000000000e+00   0.000000000000000000e+00 
  0.000000000000000000e+00   0.000000000000000000e+00 
  0.000000000000000000e+00   0.000000000000000000e+00 
  0.000000000000000000e+00   0.000000000000000000e+00 
  0.000000000000000000e+00   0.000000000000000000e+00 
  0.000000000000000000e+00   0.000000000000000000e+00 
  0.000000000000000000e+00   0.000000000000000000e+00 
  0.000000000000000000e+00   0.000000000000000000e+00 
  0.000000000000000000e+00   0.000000000000000000e+00 
  0.000000000000000000e+00   0.000000000000000000e+00 
  0.000000000000000000e+00   0.000000000000000000e+00 
  0.000000000000000000e+00   0.000000000000000000e+00 
  0.000000000000000000e+00   0.000000000000000000e+00 
  0.000000000000000000e+00   0.000000000000000000e+00 
  0.000000000000000000e+00   0.000000000000000000e+00 
  0.000000000000000000e+00   0.000000000000000000e+00 
  0.000000000000000000e+00   0.000000000000000000e+00 
  0.000000000000000000e+00   0.000000000000000000e+00 
  0.000000000000000000e+00   0.000000000000000000e+00 
  0.000000000000000000e+00   0.000000000000000000e+00 
  0.000000000000000000e+00   0.000000000000000000e+00 
  0.000000000000000000e+00   0.000000000000000000e+00 
  0.000000000000000000e+00   0.000000000000000000e+00 
  0.000000000000000000e+00   0.000000000000000000e+00 
  0.000000000000000000e+00   0.000000000000000000e+00 
  0.000000000000000000e+00   0.000000000000000000e+00 
  0.000000000000000000e+00   0.000000000000000000e+00 
  0.000000000000000000e+00   0.000000000000000000e+00 
  0.000000000000000000e+00   0.000000000000000000e+00 
  0.000000000000000000e+00   0.000000000000000000e+00 
  0.000000000000000000e+00   0.000000000000000000e+00 
  0.000000000000000000e+00   0.000000000000000000e+00 
  0.000000000000000000e+00   0.000000000000000000e+00 
  0.000000000000000000e+00   0.000000000000000000e+00 
  0.000000000000000000e+00   0.000000000000000000e+00 
  0.000000000000000000e+00   0.000000000000000000e+00 
  0.000000000000000000e+00   0.000000000000000000e+00 
  0.000000000000000000e+00   0.000000000000000000e+00 
  0.000000000000000000e+00   0.000000000000000000e+00 
  0.000000000000000000e+00   0.000000000000000000e+00 
  0.000000000000000000e+00   0.000000000000000000e+00 
  0.000000000000000000e+00   0.000000000000000000e+00 
  0.000000000000000000e+00   0.000000000000000000e+00 
  0.000000000000000000e+00   0.000000000000000000e+00 
  0.000000000000000000e+00   0.000000000000000000e+00 
  0.000000000000000000e+00   0.000000000000000000e+00 
  0.000000000000000000e+00   0.000000000000000000e+00 
  0.000000000000000000e+00   0.000000000000000000e+00 
  0.000000000000000000e+00   0.000000000000000000e+00 
  0.000000000000000000e+00   0.000000000000000000e+00 
  0.000000000000000000e+00   0.000000000000000000e+00 
  0.000000000000000000e+00   0.000000000000000000e+00 
  0.000000000000000000e+00   0.000000000000000000e+00 
  0.000000000000000000e+00   0.000000000000000000e+00 
  0.000000000000000000e+00   0.000000000000000000e+00 
  0.000000000000000000e+00   0.000000000000000000e+00 
  0.000000000000000000e+00   0.000000000000000000e+00 
  0.000000000000000000e+00   0.000000000000000000e+00 
  0.000000000000000000e+00   0.000000000000000000e+00 
  0.000000000000000000e+00   0.000000000000000000e+00 
  0.000000000000000000e+00   0.000000000000000000e+00 
  0.000000000000000000e+00   0.000000000000000000e+00 
  0.000000000000000000e+00   0.000000000000000000e+00 
  0.000000000000000000e+00   0.000000000000000000e+00 
  0.000000000000000000e+00   0.000000000000000000e+00 
  0.000000000000000000e+00   0.000000000000000000e+00 
  0.000000000000000000e+00   0.000000000000000000e+00 
 -1.060400245478379728e-04   0.000000000000000000e+00 
 -4.546892014332226239e-04   0.000000000000000000e+00 
  1.024733530357471592e-03   0.000000000000000000e+00 
 -1.773909479379797219e-02   0.000000000000000000e+00 
 -1.114785484969593211e-02   0.000000000000000000e+00 
 -5.734618171118662780e-04   0.000000000000000000e+00 
 -1.058433437719940055e-03   0.000000000000000000e+00 
 -2.630923502147162682e-02   0.000000000000000000e+00 
  2.461340650916125916e-02   0.000000000000000000e+00 
 -1.277754927286857357e-04   0.000000000000000000e+00 
 -9.193203598260929477e-02   0.000000000000000000e+00 
 -7.249549776315687699e-02   0.000000000000000000e+00 
 -1.459380052983768813e-02   0.000000000000000000e+00 
 -2.182856574654560775e-02   0.000000000000000000e+00 
 -1.977162202820293303e-03   0.000000000000000000e+00 
  2.051255287368615704e-04   0.000000000000000000e+00 
  4.631367046386008915e-04   0.000000000000000000e+00 
  3.646339755505329373e-04   0.000000000000000000e+00 
  1.143136993050575473e-03   0.000000000000000000e+00 
  8.896708022803065993e-04   0.000000000000000000e+00 
  3.916616842616350543e-04   0.000000000000000000e+00 
  4.222085699439048767e-02   0.000000000000000000e+00 
  1.047595962882042209e-01   0.000000000000000000e+00 
  2.906879235524683107e-04   0.000000000000000000e+00 
 -2.939342812169343775e-04   0.000000000000000000e+00 
 -1.339248847216367288e-03   0.000000000000000000e+00 
  9.480298613198100436e-04   0.000000000000000000e+00 
 -3.188221307937059079e-04   0.000000000000000000e+00 
 -1.058978140354156355e-01   0.000000000000000000e+00 
  1.071450710296631137e-01   0.000000000000000000e+00 
  5.992638180032375727e-04   0.000000000000000000e+00 
 -1.234367042779923179e-01   0.000000000000000000e+00 
  3.002752549946296340e-02   0.000000000000000000e+00 
  1.482577878050506332e-03   0.000000000000000000e+00 
 -9.095375239849096127e-02   0.000000000000000000e+00 
  6.935048848390573673e-02   0.000000000000000000e+00 
 -9.206631511915465643e-05   0.000000000000000000e+00 
  1.089591085910796286e-01   0.000000000000000000e+00 
  4.713051021099127873e-03   0.000000000000000000e+00 
  3.875386435538529916e-03   0.000000000000000000e+00 
 -9.463051101192839583e-04   0.000000000000000000e+00 
 -6.165556842461229455e-04   0.000000000000000000e+00 
  1.018611597828566594e-03   0.000000000000000000e+00 
 -1.380349546670913419e-01   0.000000000000000000e+00 
  9.290095418691624030e-02   0.000000000000000000e+00 
  2.805808326229453521e-03   0.000000000000000000e+00 
  5.141228437423707789e-03   0.000000000000000000e+00 
 -1.644476084038615444e-03   0.000000000000000000e+00 
 -2.331546097993850430e-01   0.000000000000000000e+00 
 -1.248138770461082597e-01   0.000000000000000000e+00 
  3.680208174046129530e-04   0.000000000000000000e+00 
 -1.218208693899214268e-03   0.000000000000000000e+00 
 -4.418238103389738880e-01   0.000000000000000000e+00 
  2.259699404239654819e-01   0.000000000000000000e+00 
  5.396167282015086088e-03   0.000000000000000000e+00 
  2.248204546049237251e-03   0.000000000000000000e+00 
 -1.668247859925031011e-03   0.000000000000000000e+00 
  1.864930731244375485e-03   0.000000000000000000e+00 
  1.420687325298786684e-02   0.000000000000000000e+00 
  3.524808271322399378e-04   0.000000000000000000e+00 
 -7.679761038161814213e-04   0.000000000000000000e+00 
  3.885957412421704423e-04   0.000000000000000000e+00 
 -5.364302196539939534e-04   0.000000000000000000e+00 
 -6.351742777042097398e-04   0.000000000000000000e+00 
  4.511669650673864884e-02   0.000000000000000000e+00 
  6.130161136388777299e-02   0.000000000000000000e+00 
  5.764278117567301664e-03   0.000000000000000000e+00 
 -3.822185681201516498e-04   0.000000000000000000e+00 
 -8.028525626286867533e-04   0.000000000000000000e+00 
 -2.470733970403671542e-01   0.000000000000000000e+00 
  1.112196594476699552e-01   0.000000000000000000e+00 
  4.037244070786985485e-04   0.000000000000000000e+00 
  1.015513902530073903e-03   0.000000000000000000e+00 
 -6.851053982973094592e-02   0.000000000000000000e+00 
  6.722673177719117321e-01   0.000000000000000000e+00 
  1.834855880588293076e-03   0.000000000000000000e+00 
  0.000000000000000000e+00   0.000000000000000000e+00 
  0.000000000000000000e+00   0.000000000000000000e+00 
  0.000000000000000000e+00   0.000000000000000000e+00 
  0.000000000000000000e+00   0.000000000000000000e+00 
  0.000000000000000000e+00   0.000000000000000000e+00 
  0.000000000000000000e+00   0.000000000000000000e+00 
  0.000000000000000000e+00   0.000000000000000000e+00 
  0.000000000000000000e+00   0.000000000000000000e+00 
  0.000000000000000000e+00   0.000000000000000000e+00 
  0.000000000000000000e+00   0.000000000000000000e+00 
  0.000000000000000000e+00   0.000000000000000000e+00 
  0.000000000000000000e+00   0.000000000000000000e+00 
  0.000000000000000000e+00   0.000000000000000000e+00 
  0.000000000000000000e+00   0.000000000000000000e+00 
  0.000000000000000000e+00   0.000000000000000000e+00 
  0.000000000000000000e+00   0.000000000000000000e+00 
  0.000000000000000000e+00   0.000000000000000000e+00 
  0.000000000000000000e+00   0.000000000000000000e+00 
  0.000000000000000000e+00   0.000000000000000000e+00 
  0.000000000000000000e+00   0.000000000000000000e+00 
  0.000000000000000000e+00   0.000000000000000000e+00 
  0.000000000000000000e+00   0.000000000000000000e+00 
  0.000000000000000000e+00   0.000000000000000000e+00 
  0.000000000000000000e+00   0.000000000000000000e+00 
  0.000000000000000000e+00   0.000000000000000000e+00 
  0.000000000000000000e+00   0.000000000000000000e+00 
  0.000000000000000000e+00   0.000000000000000000e+00 
  0.000000000000000000e+00   0.000000000000000000e+00 
  0.000000000000000000e+00   0.000000000000000000e+00 
  0.000000000000000000e+00   0.000000000000000000e+00 
  0.000000000000000000e+00   0.000000000000000000e+00 
  0.000000000000000000e+00   0.000000000000000000e+00 
  0.000000000000000000e+00   0.000000000000000000e+00 
  0.000000000000000000e+00   0.000000000000000000e+00 
  0.000000000000000000e+00   0.000000000000000000e+00 
  0.000000000000000000e+00   0.000000000000000000e+00 
  0.000000000000000000e+00   0.000000000000000000e+00 
  0.000000000000000000e+00   0.000000000000000000e+00 
  0.000000000000000000e+00   0.000000000000000000e+00 
  0.000000000000000000e+00   0.000000000000000000e+00 
  0.000000000000000000e+00   0.000000000000000000e+00 
  0.000000000000000000e+00   0.000000000000000000e+00 
  0.000000000000000000e+00   0.000000000000000000e+00 
  0.000000000000000000e+00   0.000000000000000000e+00 
  0.000000000000000000e+00   0.000000000000000000e+00 
  0.000000000000000000e+00   0.000000000000000000e+00 
  0.000000000000000000e+00   0.000000000000000000e+00 
  0.000000000000000000e+00   0.000000000000000000e+00 
  0.000000000000000000e+00   0.000000000000000000e+00 
  0.000000000000000000e+00   0.000000000000000000e+00 
  0.000000000000000000e+00   0.000000000000000000e+00 
  0.000000000000000000e+00   0.000000000000000000e+00 
  0.000000000000000000e+00   0.000000000000000000e+00 
  0.000000000000000000e+00   0.000000000000000000e+00 
  0.000000000000000000e+00   0.000000000000000000e+00 
  0.000000000000000000e+00   0.000000000000000000e+00 
  0.000000000000000000e+00   0.000000000000000000e+00 
  0.000000000000000000e+00   0.000000000000000000e+00 
  0.000000000000000000e+00   0.000000000000000000e+00 
  0.000000000000000000e+00   0.000000000000000000e+00 
  0.000000000000000000e+00   0.000000000000000000e+00 
  0.000000000000000000e+00   0.000000000000000000e+00 
  0.000000000000000000e+00   0.000000000000000000e+00 
  0.000000000000000000e+00   0.000000000000000000e+00 
  0.000000000000000000e+00   0.000000000000000000e+00 
  0.000000000000000000e+00   0.000000000000000000e+00 
  0.000000000000000000e+00   0.000000000000000000e+00 
  0.000000000000000000e+00   0.000000000000000000e+00 
  0.000000000000000000e+00   0.000000000000000000e+00 
  0.000000000000000000e+00   0.000000000000000000e+00 
  0.000000000000000000e+00   0.000000000000000000e+00 
  0.000000000000000000e+00   0.000000000000000000e+00 
  0.000000000000000000e+00   0.000000000000000000e+00 
  0.000000000000000000e+00   0.000000000000000000e+00 
  0.000000000000000000e+00   0.000000000000000000e+00 
  0.000000000000000000e+00   0.000000000000000000e+00 
 -3.652251139283282932e-02   0.000000000000000000e+00 
  9.660381823778010218e-03   0.000000000000000000e+00 
  5.363989248871696425e-02   0.000000000000000000e+00 
 -9.303784463536772065e-05   0.000000000000000000e+00 
  1.209054375067562066e-03   0.000000000000000000e+00 
  2.965968847274705333e-02   0.000000000000000000e+00 
 -1.820058561861506025e-02   0.000000000000000000e+00 
  3.382942173629875128e-03   0.000000000000000000e+00 
  3.467308823019423555e-03   0.000000000000000000e+00 
  5.400434602051826759e-03   0.000000000000000000e+00 
 -3.023929661139956870e-03   0.000000000000000000e+00 
 -5.609028739858790613e-04   0.000000000000000000e+00 
  1.914323656819649777e-03   0.000000000000000000e+00 
  3.011469729244738939e-03   0.000000000000000000e+00 
 -1.758644240908283302e-03   0.000000000000000000e+00 
  1.185059198178358515e-03   0.000000000000000000e+00 
 -1.723363436758495321e-02   0.000000000000000000e+00 
 -2.187205851078036778e-01   0.000000000000000000e+00 
  1.811646521091462847e-01   0.000000000000000000e+00 
 -1.013424829579889557e-03   0.000000000000000000e+00 
  3.157992032356562399e-04   0.000000000000000000e+00 
 -2.481969422660765864e-04   0.000000000000000000e+00 
  2.863476984202862220e-03   0.000000000000000000e+00 
  5.015748320147394050e-04   0.000000000000000000e+00 
  3.276149509474634582e-04   0.000000000000000000e+00 
 -1.504487940110265124e-03   0.000000000000000000e+00 
 -6.326889852061866630e-04   0.000000000000000000e+00 
  1.042524874210354474e-01   0.000000000000000000e+00 
 -2.471469575539228265e-03   0.000000000000000000e+00 
  5.197629332542421168e-03   0.000000000000000000e+00 
  1.231755409389731146e-02   0.000000000000000000e+00 
 -5.328026134520769987e-03   0.000000000000000000e+00 
  9.518769569694994145e-03   0.000000000000000000e+00 
 -8.972953259944890791e-02   0.000000000000000000e+00 
 -1.192139741033315312e-02   0.000000000000000000e+00 
  7.088888902217149734e-03   0.000000000000000000e+00 
  1.810003668069840865e-01   0.000000000000000000e+00 
 -5.742907524108885851e-03   0.000000000000000000e+00 
  4.236543551087379456e-03   0.000000000000000000e+00 
  7.861318299546838891e-04   0.000000000000000000e+00 
  6.165564525872469816e-03   0.000000000000000000e+00 
  1.675985455513001876e-01   0.000000000000000000e+00 
 -4.043668806552888073e-01   0.000000000000000000e+00 
  2.337707951664924622e-02   0.000000000000000000e+00 
 -1.982651650905608437e-02   0.000000000000000000e+00 
  1.671238243579865057e-01   0.000000000000000000e+00 
  1.349016209132969813e-03   0.000000000000000000e+00 
 -7.019590586423873901e-03   0.000000000000000000e+00 
  2.337821573019027710e-02   0.000000000000000000e+00 
  2.069353312253952373e-02   0.000000000000000000e+00 
  5.964929237961737012e-03   0.000000000000000000e+00 
 -1.242279335856438655e-01   0.000000000000000000e+00 
 -9.983630850911138707e-03   0.000000000000000000e+00 
 -2.176345733460039714e-04   0.000000000000000000e+00 
 -1.275050919502973773e-03   0.000000000000000000e+00 
  3.482347121462225914e-03   0.000000000000000000e+00 
 -1.303215771913528720e-01   0.000000000000000000e+00 
  2.940820064395666122e-03   0.000000000000000000e+00 
 -8.256635628640651703e-03   0.000000000000000000e+00 
  6.618227926082909107e-04   0.000000000000000000e+00 
 -9.136823355220258236e-04   0.000000000000000000e+00 
 -2.228478551842273095e-04   0.000000000000000000e+00 
 -8.722989005036654257e-04   0.000000000000000000e+00 
  1.214146763086318970e-01   0.000000000000000000e+00 
 -6.277324166148898384e-03   0.000000000000000000e+00 
 -2.464130287989972721e-03   0.000000000000000000e+00 
 -6.171881221234798431e-03   0.000000000000000000e+00 
  3.110213670879603300e-03   0.000000000000000000e+00 
 -1.112196408212183865e-02   0.000000000000000000e+00 
  6.029408425092695409e-03   0.000000000000000000e+00 
  5.395010113716124621e-03   0.000000000000000000e+00 
 -1.189221888780594427e-01   0.000000000000000000e+00 
  7.537985444068907581e-01   0.000000000000000000e+00 
 -7.208799070213187912e-05   0.000000000000000000e+00 
  1.247688662260770971e-02   0.000000000000000000e+00 
  6.164148822426798041e-02   0.000000000000000000e+00 
  0.000000000000000000e+00   0.000000000000000000e+00 
  0.000000000000000000e+00   0.000000000000000000e+00 
  0.000000000000000000e+00   0.000000000000000000e+00 
  0.000000000000000000e+00   0.000000000000000000e+00 
  0.000000000000000000e+00   0.000000000000000000e+00 
  0.000000000000000000e+00   0.000000000000000000e+00 
  0.000000000000000000e+00   0.000000000000000000e+00 
  0.000000000000000000e+00   0.000000000000000000e+00 
  0.000000000000000000e+00   0.000000000000000000e+00 
  0.000000000000000000e+00   0.000000000000000000e+00 
  0.000000000000000000e+00   0.000000000000000000e+00 
  0.000000000000000000e+00   0.000000000000000000e+00 
  0.000000000000000000e+00   0.000000000000000000e+00 
  0.000000000000000000e+00   0.000000000000000000e+00 
  0.000000000000000000e+00   0.000000000000000000e+00 
  0.000000000000000000e+00   0.000000000000000000e+00 
  0.000000000000000000e+00   0.000000000000000000e+00 
  0.000000000000000000e+00   0.000000000000000000e+00 
  0.000000000000000000e+00   0.000000000000000000e+00 
  0.000000000000000000e+00   0.000000000000000000e+00 
  0.000000000000000000e+00   0.000000000000000000e+00 
  0.000000000000000000e+00   0.000000000000000000e+00 
  0.000000000000000000e+00   0.000000000000000000e+00 
  0.000000000000000000e+00   0.000000000000000000e+00 
  0.000000000000000000e+00   0.000000000000000000e+00 
  0.000000000000000000e+00   0.000000000000000000e+00 
  0.000000000000000000e+00   0.000000000000000000e+00 
  0.000000000000000000e+00   0.000000000000000000e+00 
  0.000000000000000000e+00   0.000000000000000000e+00 
  0.000000000000000000e+00   0.000000000000000000e+00 
  0.000000000000000000e+00   0.000000000000000000e+00 
  0.000000000000000000e+00   0.000000000000000000e+00 
  0.000000000000000000e+00   0.000000000000000000e+00 
  0.000000000000000000e+00   0.000000000000000000e+00 
  0.000000000000000000e+00   0.000000000000000000e+00 
  0.000000000000000000e+00   0.000000000000000000e+00 
  0.000000000000000000e+00   0.000000000000000000e+00 
  0.000000000000000000e+00   0.000000000000000000e+00 
  0.000000000000000000e+00   0.000000000000000000e+00 
  0.000000000000000000e+00   0.000000000000000000e+00 
  0.000000000000000000e+00   0.000000000000000000e+00 
  0.000000000000000000e+00   0.000000000000000000e+00 
  0.000000000000000000e+00   0.000000000000000000e+00 
  0.000000000000000000e+00   0.000000000000000000e+00 
  0.000000000000000000e+00   0.000000000000000000e+00 
  0.000000000000000000e+00   0.000000000000000000e+00 
  0.000000000000000000e+00   0.000000000000000000e+00 
  0.000000000000000000e+00   0.000000000000000000e+00 
  0.000000000000000000e+00   0.000000000000000000e+00 
  0.000000000000000000e+00   0.000000000000000000e+00 
  0.000000000000000000e+00   0.000000000000000000e+00 
  0.000000000000000000e+00   0.000000000000000000e+00 
  0.000000000000000000e+00   0.000000000000000000e+00 
  0.000000000000000000e+00   0.000000000000000000e+00 
  0.000000000000000000e+00   0.000000000000000000e+00 
  0.000000000000000000e+00   0.000000000000000000e+00 
  0.000000000000000000e+00   0.000000000000000000e+00 
  0.000000000000000000e+00   0.000000000000000000e+00 
  0.000000000000000000e+00   0.000000000000000000e+00 
  0.000000000000000000e+00   0.000000000000000000e+00 
  0.000000000000000000e+00   0.000000000000000000e+00 
  0.000000000000000000e+00   0.000000000000000000e+00 
  0.000000000000000000e+00   0.000000000000000000e+00 
  0.000000000000000000e+00   0.000000000000000000e+00 
  0.000000000000000000e+00   0.000000000000000000e+00 
  0.000000000000000000e+00   0.000000000000000000e+00 
  0.000000000000000000e+00   0.000000000000000000e+00 
  0.000000000000000000e+00   0.000000000000000000e+00 
  0.000000000000000000e+00   0.000000000000000000e+00 
  0.000000000000000000e+00   0.000000000000000000e+00 
  0.000000000000000000e+00   0.000000000000000000e+00 
  0.000000000000000000e+00   0.000000000000000000e+00 
  0.000000000000000000e+00   0.000000000000000000e+00 
  0.000000000000000000e+00   0.000000000000000000e+00 
  0.000000000000000000e+00   0.000000000000000000e+00 
  0.000000000000000000e+00   0.000000000000000000e+00 
  0.000000000000000000e+00   0.000000000000000000e+00 
  0.000000000000000000e+00   0.000000000000000000e+00 
  0.000000000000000000e+00   0.000000000000000000e+00 
  0.000000000000000000e+00   0.000000000000000000e+00 
  0.000000000000000000e+00   0.000000000000000000e+00 
  0.000000000000000000e+00   0.000000000000000000e+00 
  0.000000000000000000e+00   0.000000000000000000e+00 
  0.000000000000000000e+00   0.000000000000000000e+00 
  0.000000000000000000e+00   0.000000000000000000e+00 
  0.000000000000000000e+00   0.000000000000000000e+00 
  0.000000000000000000e+00   0.000000000000000000e+00 
  0.000000000000000000e+00   0.000000000000000000e+00 
  0.000000000000000000e+00   0.000000000000000000e+00 
  0.000000000000000000e+00   0.000000000000000000e+00 
  0.000000000000000000e+00   0.000000000000000000e+00 
  0.000000000000000000e+00   0.000000000000000000e+00 
  0.000000000000000000e+00   0.000000000000000000e+00 
  0.000000000000000000e+00   0.000000000000000000e+00 
  0.000000000000000000e+00   0.000000000000000000e+00 
  0.000000000000000000e+00   0.000000000000000000e+00 
  0.000000000000000000e+00   0.000000000000000000e+00 
  0.000000000000000000e+00   0.000000000000000000e+00 
  0.000000000000000000e+00   0.000000000000000000e+00 
  0.000000000000000000e+00   0.000000000000000000e+00 
  0.000000000000000000e+00   0.000000000000000000e+00 
  0.000000000000000000e+00   0.000000000000000000e+00 
  0.000000000000000000e+00   0.000000000000000000e+00 
  0.000000000000000000e+00   0.000000000000000000e+00 
  0.000000000000000000e+00   0.000000000000000000e+00 
  0.000000000000000000e+00   0.000000000000000000e+00 
  0.000000000000000000e+00   0.000000000000000000e+00 
  0.000000000000000000e+00   0.000000000000000000e+00 
  0.000000000000000000e+00   0.000000000000000000e+00 
  0.000000000000000000e+00   0.000000000000000000e+00 
  0.000000000000000000e+00   0.000000000000000000e+00 
  0.000000000000000000e+00   0.000000000000000000e+00 
  0.000000000000000000e+00   0.000000000000000000e+00 
  0.000000000000000000e+00   0.000000000000000000e+00 
  0.000000000000000000e+00   0.000000000000000000e+00 
  0.000000000000000000e+00   0.000000000000000000e+00 
  0.000000000000000000e+00   0.000000000000000000e+00 
  0.000000000000000000e+00   0.000000000000000000e+00 
  0.000000000000000000e+00   0.000000000000000000e+00 
  0.000000000000000000e+00   0.000000000000000000e+00 
  0.000000000000000000e+00   0.000000000000000000e+00 
  0.000000000000000000e+00   0.000000000000000000e+00 
  0.000000000000000000e+00   0.000000000000000000e+00 
  0.000000000000000000e+00   0.000000000000000000e+00 
  0.000000000000000000e+00   0.000000000000000000e+00 
  0.000000000000000000e+00   0.000000000000000000e+00 
  0.000000000000000000e+00   0.000000000000000000e+00 
  0.000000000000000000e+00   0.000000000000000000e+00 
  0.000000000000000000e+00   0.000000000000000000e+00 
  0.000000000000000000e+00   0.000000000000000000e+00 
  0.000000000000000000e+00   0.000000000000000000e+00 
  0.000000000000000000e+00   0.000000000000000000e+00 
  0.000000000000000000e+00   0.000000000000000000e+00 
  0.000000000000000000e+00   0.000000000000000000e+00 
  0.000000000000000000e+00   0.000000000000000000e+00 
  0.000000000000000000e+00   0.000000000000000000e+00 
  0.000000000000000000e+00   0.000000000000000000e+00 
  0.000000000000000000e+00   0.000000000000000000e+00 
  0.000000000000000000e+00   0.000000000000000000e+00 
  0.000000000000000000e+00   0.000000000000000000e+00 
  0.000000000000000000e+00   0.000000000000000000e+00 
  0.000000000000000000e+00   0.000000000000000000e+00 
  0.000000000000000000e+00   0.000000000000000000e+00 
  0.000000000000000000e+00   0.000000000000000000e+00 
  0.000000000000000000e+00   0.000000000000000000e+00 
  0.000000000000000000e+00   0.000000000000000000e+00 
  0.000000000000000000e+00   0.000000000000000000e+00 
  0.000000000000000000e+00   0.000000000000000000e+00 
  0.000000000000000000e+00   0.000000000000000000e+00 
  0.000000000000000000e+00   0.000000000000000000e+00 
  0.000000000000000000e+00   0.000000000000000000e+00 
  0.000000000000000000e+00   0.000000000000000000e+00 
  6.202844902872475460e-03   0.000000000000000000e+00 
 -4.384632222354029572e-03   0.000000000000000000e+00 
 -8.225598721763548431e-04   0.000000000000000000e+00 
  4.998791846445996886e-04   0.000000000000000000e+00 
 -1.088452874682920013e-03   0.000000000000000000e+00 
  1.177120115608052027e-02   0.000000000000000000e+00 
  4.262942355126684603e-03   0.000000000000000000e+00 
 -4.757313290611593051e-04   0.000000000000000000e+00 
 -2.722448843997106829e-04   0.000000000000000000e+00 
 -6.732295453548414743e-02   0.000000000000000000e+00 
  6.418971224725888269e-06   0.000000000000000000e+00 
 -1.413521473295886038e-03   0.000000000000000000e+00 
 -9.692794992588446351e-04   0.000000000000000000e+00 
  1.045331009663632779e-03   0.000000000000000000e+00 
  7.838774763511169069e-05   0.000000000000000000e+00 
 -4.209932812955208790e-04   0.000000000000000000e+00 
  4.785616695880812177e-02   0.000000000000000000e+00 
  2.409500069915737445e-03   0.000000000000000000e+00 
 -4.460373148322081815e-02   0.000000000000000000e+00 
 -1.923694435390648519e-05   0.000000000000000000e+00 
 -1.067852601408959302e-03   0.000000000000000000e+00 
  1.936786924488842487e-03   0.000000000000000000e+00 
 -2.473788626957683129e-04   0.000000000000000000e+00 
 -2.120628952980041938e-03   0.000000000000000000e+00 
  3.418216656427824495e-04   0.000000000000000000e+00 
 -8.885824936442081497e-04   0.000000000000000000e+00 
  6.062521133571859922e-04   0.000000000000000000e+00 
 -2.808497846126530723e-02   0.000000000000000000e+00 
 -1.466421526856720881e-03   0.000000000000000000e+00 
 -6.640470237471161104e-04   0.000000000000000000e+00 
  2.553635276854023667e-02   0.000000000000000000e+00 
  4.874569422099750155e-04   0.000000000000000000e+00 
 -5.400315392762421694e-03   0.000000000000000000e+00 
 -8.796291798353189639e-02   0.000000000000000000e+00 
 -9.912743698805570602e-04   0.000000000000000000e+00 
  4.262685775756836805e-03   0.000000000000000000e+00 
  1.434838324785231434e-01   0.000000000000000000e+00 
  1.545463688671589765e-03   0.000000000000000000e+00 
  3.695656778290866938e-03   0.000000000000000000e+00 
  4.975431133061647415e-03   0.000000000000000000e+00 
 -1.705045695416629314e-03   0.000000000000000000e+00 
  4.839626327157032365e-02   0.000000000000000000e+00 
 -5.876598358154295765e-01   0.000000000000000000e+00 
 -2.584843197837471962e-03   0.000000000000000000e+00 
 -4.827302880585192767e-03   0.000000000000000000e+00 
  1.758853048086167215e-01   0.000000000000000000e+00 
 -5.695336498320103559e-03   0.000000000000000000e+00 
  1.944501069374382496e-03   0.000000000000000000e+00 
 -1.670090714469551390e-03   0.000000000000000000e+00 
  5.857787560671569652e-03   0.000000000000000000e+00 
 -5.232644081115724877e-01   0.000000000000000000e+00 
  3.951579928398132324e-01   0.000000000000000000e+00 
 -1.425634138286113739e-03   0.000000000000000000e+00 
  4.328562063165011732e-04   0.000000000000000000e+00 
  2.082393271848559380e-03   0.000000000000000000e+00 
 -1.940978574566543102e-03   0.000000000000000000e+00 
 -1.004937365651130954e-01   0.000000000000000000e+00 
  1.764227519743145163e-03   0.000000000000000000e+00 
  4.778089642059062288e-04   0.000000000000000000e+00 
  4.603657405823469162e-03   0.000000000000000000e+00 
 -1.366178970783948898e-03   0.000000000000000000e+00 
  2.064851345494389534e-03   0.000000000000000000e+00 
 -1.289627049118280411e-03   0.000000000000000000e+00 
  1.842888258397592030e-02   0.000000000000000000e+00 
 -1.531304005766287175e-04   0.000000000000000000e+00 
 -2.482492243871092796e-03   0.000000000000000000e+00 
 -7.062587974360185579e-05   0.000000000000000000e+00 
 -2.207049867138267431e-03   0.000000000000000000e+00 
 -1.836144179105758945e-01   0.000000000000000000e+00 
  2.838389482349160044e-04   0.000000000000000000e+00 
  1.776547287590801499e-03   0.000000000000000000e+00 
  6.539627909660347682e-02   0.000000000000000000e+00 
 -3.142378628253935102e-01   0.000000000000000000e+00 
 -4.786069504916667938e-03   0.000000000000000000e+00 
 -9.247354464605453883e-04   0.000000000000000000e+00 
 -1.129338443279265525e-01   0.000000000000000000e+00 
  0.000000000000000000e+00   0.000000000000000000e+00 
  0.000000000000000000e+00   0.000000000000000000e+00 
  0.000000000000000000e+00   0.000000000000000000e+00 
  0.000000000000000000e+00   0.000000000000000000e+00 
  0.000000000000000000e+00   0.000000000000000000e+00 
  0.000000000000000000e+00   0.000000000000000000e+00 
  0.000000000000000000e+00   0.000000000000000000e+00 
  0.000000000000000000e+00   0.000000000000000000e+00 
  0.000000000000000000e+00   0.000000000000000000e+00 
  0.000000000000000000e+00   0.000000000000000000e+00 
  0.000000000000000000e+00   0.000000000000000000e+00 
  0.000000000000000000e+00   0.000000000000000000e+00 
  0.000000000000000000e+00   0.000000000000000000e+00 
  0.000000000000000000e+00   0.000000000000000000e+00 
  0.000000000000000000e+00   0.000000000000000000e+00 
  0.000000000000000000e+00   0.000000000000000000e+00 
  0.000000000000000000e+00   0.000000000000000000e+00 
  0.000000000000000000e+00   0.000000000000000000e+00 
  0.000000000000000000e+00   0.000000000000000000e+00 
  0.000000000000000000e+00   0.000000000000000000e+00 
  0.000000000000000000e+00   0.000000000000000000e+00 
  0.000000000000000000e+00   0.000000000000000000e+00 
  0.000000000000000000e+00   0.000000000000000000e+00 
  0.000000000000000000e+00   0.000000000000000000e+00 
  0.000000000000000000e+00   0.000000000000000000e+00 
  0.000000000000000000e+00   0.000000000000000000e+00 
  0.000000000000000000e+00   0.000000000000000000e+00 
  0.000000000000000000e+00   0.000000000000000000e+00 
  0.000000000000000000e+00   0.000000000000000000e+00 
  0.000000000000000000e+00   0.000000000000000000e+00 
  0.000000000000000000e+00   0.000000000000000000e+00 
  0.000000000000000000e+00   0.000000000000000000e+00 
  0.000000000000000000e+00   0.000000000000000000e+00 
  0.000000000000000000e+00   0.000000000000000000e+00 
  0.000000000000000000e+00   0.000000000000000000e+00 
  0.000000000000000000e+00   0.000000000000000000e+00 
  0.000000000000000000e+00   0.000000000000000000e+00 
  0.000000000000000000e+00   0.000000000000000000e+00 
  0.000000000000000000e+00   0.000000000000000000e+00 
  0.000000000000000000e+00   0.000000000000000000e+00 
  0.000000000000000000e+00   0.000000000000000000e+00 
  0.000000000000000000e+00   0.000000000000000000e+00 
  0.000000000000000000e+00   0.000000000000000000e+00 
  0.000000000000000000e+00   0.000000000000000000e+00 
  0.000000000000000000e+00   0.000000000000000000e+00 
  0.000000000000000000e+00   0.000000000000000000e+00 
  0.000000000000000000e+00   0.000000000000000000e+00 
  0.000000000000000000e+00   0.000000000000000000e+00 
  0.000000000000000000e+00   0.000000000000000000e+00 
  0.000000000000000000e+00   0.000000000000000000e+00 
  0.000000000000000000e+00   0.000000000000000000e+00 
  0.000000000000000000e+00   0.000000000000000000e+00 
  0.000000000000000000e+00   0.000000000000000000e+00 
  0.000000000000000000e+00   0.000000000000000000e+00 
  0.000000000000000000e+00   0.000000000000000000e+00 
  0.000000000000000000e+00   0.000000000000000000e+00 
  0.000000000000000000e+00   0.000000000000000000e+00 
  0.000000000000000000e+00   0.000000000000000000e+00 
  0.000000000000000000e+00   0.000000000000000000e+00 
  0.000000000000000000e+00   0.000000000000000000e+00 
  0.000000000000000000e+00   0.000000000000000000e+00 
  0.000000000000000000e+00   0.000000000000000000e+00 
  0.000000000000000000e+00   0.000000000000000000e+00 
  0.000000000000000000e+00   0.000000000000000000e+00 
  0.000000000000000000e+00   0.000000000000000000e+00 
  0.000000000000000000e+00   0.000000000000000000e+00 
  0.000000000000000000e+00   0.000000000000000000e+00 
  0.000000000000000000e+00   0.000000000000000000e+00 
  0.000000000000000000e+00   0.000000000000000000e+00 
  0.000000000000000000e+00   0.000000000000000000e+00 
  0.000000000000000000e+00   0.000000000000000000e+00 
  0.000000000000000000e+00   0.000000000000000000e+00 
  0.000000000000000000e+00   0.000000000000000000e+00 
  0.000000000000000000e+00   0.000000000000000000e+00 
  0.000000000000000000e+00   0.000000000000000000e+00 
  0.000000000000000000e+00   0.000000000000000000e+00 
  2.408202504739528297e-03   0.000000000000000000e+00 
 -9.627285413444257312e-03   0.000000000000000000e+00 
  1.512955874204608558e-02   0.000000000000000000e+00 
 -8.123018778843948181e-05   0.000000000000000000e+00 
 -7.892564171922770424e-04   0.000000000000000000e+00 
 -5.484165623783919530e-03   0.000000000000000000e+00 
  1.979386433958988181e-02   0.000000000000000000e+00 
 -1.219036523252739696e-03   0.000000000000000000e+00 
 -4.610225732901405439e-05   0.000000000000000000e+00 
 -3.485219180583944143e-02   0.000000000000000000e+00 
 -1.958314242074834740e-04   0.000000000000000000e+00 
 -4.354807315395223971e-04   0.000000000000000000e+00 
 -8.796391193755464339e-04   0.000000000000000000e+00 
 -6.944526103325575220e-04   0.000000000000000000e+00 
  3.713016922120023866e-04   0.000000000000000000e+00 
 -5.868623265996587282e-04   0.000000000000000000e+00 
  3.534394502639774671e-02   0.000000000000000000e+00 
 -3.767554834485065118e-02   0.000000000000000000e+00 
 -1.404079329222421117e-02   0.000000000000000000e+00 
  1.540940284030511975e-04   0.000000000000000000e+00 
 -1.003217999823391871e-03   0.000000000000000000e+00 
 -5.667918594554067742e-04   0.000000000000000000e+00 
 -2.298949548276152128e-04   0.000000000000000000e+00 
 -5.955162341706452585e-04   0.000000000000000000e+00 
 -1.860560150817034189e-04   0.000000000000000000e+00 
 -1.113445614464581446e-03   0.000000000000000000e+00 
 -8.178460411727425184e-04   0.000000000000000000e+00 
  2.207515994086864212e-03   0.000000000000000000e+00 
  2.872754121199250763e-04   0.000000000000000000e+00 
  1.092962687835097313e-03   0.000000000000000000e+00 
 -1.867715455591687987e-02   0.000000000000000000e+00 
  2.502534305676818328e-03   0.000000000000000000e+00 
 -4.569310112856329572e-04   0.000000000000000000e+00 
 -1.237356886267662465e-01   0.000000000000000000e+00 
  4.341539170127360929e-04   0.000000000000000000e+00 
  4.307444905862230070e-04   0.000000000000000000e+00 
  8.639620244503021240e-02   0.000000000000000000e+00 
  1.273565576411783695e-03   0.000000000000000000e+00 
 -2.553745172917842865e-03   0.000000000000000000e+00 
  1.492188312113286691e-04   0.000000000000000000e+00 
  3.362748248036948116e-04   0.000000000000000000e+00 
  4.121997058391571045e-01   0.000000000000000000e+00 
 -2.556613981723786511e-01   0.000000000000000000e+00 
 -1.644846750423311537e-03   0.000000000000000000e+00 
  2.626890782266854373e-03   0.000000000000000000e+00 
 -4.864506125450135943e-01   0.000000000000000000e+00 
 -1.691987388767302470e-03   0.000000000000000000e+00 
 -4.275021608918905258e-03   0.000000000000000000e+00 
 -1.796185737475752614e-03   0.000000000000000000e+00 
 -3.367659170180559592e-03   0.000000000000000000e+00 
  5.739350318908692516e-01   0.000000000000000000e+00 
  1.660382449626922052e-01   0.000000000000000000e+00 
  3.532113623805344647e-04   0.000000000000000000e+00 
 -7.419098983518779278e-04   0.000000000000000000e+00 
 -1.147680683061480522e-03   0.000000000000000000e+00 
 -8.388931746594608914e-04   0.000000000000000000e+00 
 -1.530530750751496194e-01   0.000000000000000000e+00 
 -2.823862014338374572e-03   0.000000000000000000e+00 
  1.138371764682233550e-03   0.000000000000000000e+00 
 -2.187728183344006538e-03   0.000000000000000000e+00 
  3.912745742127300393e-04   0.000000000000000000e+00 
 -1.654576510190963745e-03   0.000000000000000000e+00 
 -1.980200642719864845e-03   0.000000000000000000e+00 
  7.796818763017653031e-02   0.000000000000000000e+00 
 -3.574348520487546921e-03   0.000000000000000000e+00 
  1.664945040829479478e-03   0.000000000000000000e+00 
  7.497046026401220668e-04   0.000000000000000000e+00 
  3.335920919198541749e-04   0.000000000000000000e+00 
 -2.431502044200896939e-01   0.000000000000000000e+00 
 -3.284482518211008202e-04   0.000000000000000000e+00 
 -3.275322029367088404e-03   0.000000000000000000e+00 
  1.316705346107482633e-01   0.000000000000000000e+00 
 -1.454272717237473089e-01   0.000000000000000000e+00 
  3.418796113692227820e-04   0.000000000000000000e+00 
 -1.638771733269095638e-03   0.000000000000000000e+00 
 -9.937863051891332455e-02   0.000000000000000000e+00 
  0.000000000000000000e+00   0.000000000000000000e+00 
  0.000000000000000000e+00   0.000000000000000000e+00 
  0.000000000000000000e+00   0.000000000000000000e+00 
  0.000000000000000000e+00   0.000000000000000000e+00 
  0.000000000000000000e+00   0.000000000000000000e+00 
  0.000000000000000000e+00   0.000000000000000000e+00 
  0.000000000000000000e+00   0.000000000000000000e+00 
  0.000000000000000000e+00   0.000000000000000000e+00 
  0.000000000000000000e+00   0.000000000000000000e+00 
  0.000000000000000000e+00   0.000000000000000000e+00 
  0.000000000000000000e+00   0.000000000000000000e+00 
  0.000000000000000000e+00   0.000000000000000000e+00 
  0.000000000000000000e+00   0.000000000000000000e+00 
  0.000000000000000000e+00   0.000000000000000000e+00 
  0.000000000000000000e+00   0.000000000000000000e+00 
  0.000000000000000000e+00   0.000000000000000000e+00 
  0.000000000000000000e+00   0.000000000000000000e+00 
  0.000000000000000000e+00   0.000000000000000000e+00 
  0.000000000000000000e+00   0.000000000000000000e+00 
  0.000000000000000000e+00   0.000000000000000000e+00 
  0.000000000000000000e+00   0.000000000000000000e+00 
  0.000000000000000000e+00   0.000000000000000000e+00 
  0.000000000000000000e+00   0.000000000000000000e+00 
  0.000000000000000000e+00   0.000000000000000000e+00 
  0.000000000000000000e+00   0.000000000000000000e+00 
  0.000000000000000000e+00   0.000000000000000000e+00 
  0.000000000000000000e+00   0.000000000000000000e+00 
  0.000000000000000000e+00   0.000000000000000000e+00 
  0.000000000000000000e+00   0.000000000000000000e+00 
  0.000000000000000000e+00   0.000000000000000000e+00 
  0.000000000000000000e+00   0.000000000000000000e+00 
  0.000000000000000000e+00   0.000000000000000000e+00 
  0.000000000000000000e+00   0.000000000000000000e+00 
  0.000000000000000000e+00   0.000000000000000000e+00 
  0.000000000000000000e+00   0.000000000000000000e+00 
  0.000000000000000000e+00   0.000000000000000000e+00 
  0.000000000000000000e+00   0.000000000000000000e+00 
  0.000000000000000000e+00   0.000000000000000000e+00 
  0.000000000000000000e+00   0.000000000000000000e+00 
  0.000000000000000000e+00   0.000000000000000000e+00 
  0.000000000000000000e+00   0.000000000000000000e+00 
  0.000000000000000000e+00   0.000000000000000000e+00 
  0.000000000000000000e+00   0.000000000000000000e+00 
  0.000000000000000000e+00   0.000000000000000000e+00 
  0.000000000000000000e+00   0.000000000000000000e+00 
  0.000000000000000000e+00   0.000000000000000000e+00 
  0.000000000000000000e+00   0.000000000000000000e+00 
  0.000000000000000000e+00   0.000000000000000000e+00 
  0.000000000000000000e+00   0.000000000000000000e+00 
  0.000000000000000000e+00   0.000000000000000000e+00 
  0.000000000000000000e+00   0.000000000000000000e+00 
  0.000000000000000000e+00   0.000000000000000000e+00 
  0.000000000000000000e+00   0.000000000000000000e+00 
  0.000000000000000000e+00   0.000000000000000000e+00 
  0.000000000000000000e+00   0.000000000000000000e+00 
  0.000000000000000000e+00   0.000000000000000000e+00 
  0.000000000000000000e+00   0.000000000000000000e+00 
  0.000000000000000000e+00   0.000000000000000000e+00 
  0.000000000000000000e+00   0.000000000000000000e+00 
  0.000000000000000000e+00   0.000000000000000000e+00 
  0.000000000000000000e+00   0.000000000000000000e+00 
  0.000000000000000000e+00   0.000000000000000000e+00 
  0.000000000000000000e+00   0.000000000000000000e+00 
  0.000000000000000000e+00   0.000000000000000000e+00 
  0.000000000000000000e+00   0.000000000000000000e+00 
  0.000000000000000000e+00   0.000000000000000000e+00 
  0.000000000000000000e+00   0.000000000000000000e+00 
  0.000000000000000000e+00   0.000000000000000000e+00 
  0.000000000000000000e+00   0.000000000000000000e+00 
  0.000000000000000000e+00   0.000000000000000000e+00 
  0.000000000000000000e+00   0.000000000000000000e+00 
  0.000000000000000000e+00   0.000000000000000000e+00 
  0.000000000000000000e+00   0.000000000000000000e+00 
  0.000000000000000000e+00   0.000000000000000000e+00 
  0.000000000000000000e+00   0.000000000000000000e+00 
  0.000000000000000000e+00   0.000000000000000000e+00 
 -4.533543542504986151e-04   0.000000000000000000e+00 
  7.287014159377072382e-05   0.000000000000000000e+00 
  1.418138970620952746e-03   0.000000000000000000e+00 
  2.231235848739862929e-03   0.000000000000000000e+00 
  4.015949089079874114e-03   0.000000000000000000e+00 
 -5.616982816719046740e-04   0.000000000000000000e+00 
  2.630506351124457321e-04   0.000000000000000000e+00 
 -6.115866824984579099e-03   0.000000000000000000e+00 
  1.888613216578910112e-02   0.000000000000000000e+00 
 -1.025311532430484788e-03   0.000000000000000000e+00 
 -4.724097438156733136e-03   0.000000000000000000e+00 
 -1.160606183111667807e-02   0.000000000000000000e+00 
 -1.741991192102415945e-02   0.000000000000000000e+00 
 -9.867556393146518362e-03   0.000000000000000000e+00 
  4.019919782877098488e-03   0.000000000000000000e+00 
  7.111072045516312690e-05   0.000000000000000000e+00 
  1.802501355996373033e-04   0.000000000000000000e+00 
 -5.089041078463190249e-04   0.000000000000000000e+00 
 -4.955548211000870579e-04   0.000000000000000000e+00 
 -1.353492611087858677e-03   0.000000000000000000e+00 
 -8.632943499833337824e-04   0.000000000000000000e+00 
 -3.366302698850619571e-03   0.000000000000000000e+00 
  1.055801846086977178e-02   0.000000000000000000e+00 
 -1.443521585315465927e-03   0.000000000000000000e+00 
  1.073963721864854611e-04   0.000000000000000000e+00 
 -6.250668666325503043e-04   0.000000000000000000e+00 
  3.536362200975419175e-04   0.000000000000000000e+00 
 -9.664736571721748879e-04   0.000000000000000000e+00 
  1.082418207079173002e-02   0.000000000000000000e+00 
 -1.076679793186490321e-03   0.000000000000000000e+00 
  1.606292644282812426e-04   0.000000000000000000e+00 
 -4.189761728048321116e-02   0.000000000000000000e+00 
 -1.202772255055593355e-03   0.000000000000000000e+00 
 -8.364709792658689890e-04   0.000000000000000000e+00 
  7.576961815357204089e-02   0.000000000000000000e+00 
 -1.949594356119635150e-02   0.000000000000000000e+00 
 -5.692678969353434171e-04   0.000000000000000000e+00 
 -8.691714704036709871e-02   0.000000000000000000e+00 
  2.979541011154652683e-02   0.000000000000000000e+00 
 -3.524314146488904953e-03   0.000000000000000000e+00 
 -5.049268715083599958e-03   0.000000000000000000e+00 
 -3.614285960793496913e-03   0.000000000000000000e+00 
  3.490255403448771999e-05   0.000000000000000000e+00 
 -4.805104434490203302e-01   0.000000000000000000e+00 
  3.948853537440297212e-02   0.000000000000000000e+00 
 -4.014861769974232587e-03   0.000000000000000000e+00 
  1.637327135540545204e-03   0.000000000000000000e+00 
 -7.165004964917898178e-03   0.000000000000000000e+00 
  8.472164869308471680e-01   0.000000000000000000e+00 
 -9.156757034361404091e-03   0.000000000000000000e+00 
 -1.404398208251218631e-04   0.000000000000000000e+00 
 -7.304251539607694642e-06   0.000000000000000000e+00 
 -8.046033233404158158e-02   0.000000000000000000e+00 
  1.079267412424087386e-01   0.000000000000000000e+00 
 -3.264490282163023515e-03   0.000000000000000000e+00 
  3.255081130191684203e-03   0.000000000000000000e+00 
 -1.717872451990842386e-03   0.000000000000000000e+00 
  4.588550701737405257e-02   0.000000000000000000e+00 
  5.531983077526092529e-02   0.000000000000000000e+00 
  1.862430712208151817e-03   0.000000000000000000e+00 
 -2.522983704693615437e-04   0.000000000000000000e+00 
 -1.377924694679677486e-03   0.000000000000000000e+00 
  5.914246663451194763e-03   0.000000000000000000e+00 
 -1.745943329297007214e-03   0.000000000000000000e+00 
  2.092125825583934090e-02   0.000000000000000000e+00 
  6.118561699986457825e-02   0.000000000000000000e+00 
  5.269986111670732498e-03   0.000000000000000000e+00 
  9.910160588333437413e-05   0.000000000000000000e+00 
 -1.879968112916725282e-05   0.000000000000000000e+00 
  4.612241871654985600e-03   0.000000000000000000e+00 
 -6.754128262400534979e-04   0.000000000000000000e+00 
 -2.888400631491094286e-04   0.000000000000000000e+00 
  1.615216373465955041e-03   0.000000000000000000e+00 
  3.216711804270745018e-02   0.000000000000000000e+00 
  7.835824787616729736e-02   0.000000000000000000e+00 
  1.426996081136166833e-03   0.000000000000000000e+00 
  0.000000000000000000e+00   0.000000000000000000e+00 
  0.000000000000000000e+00   0.000000000000000000e+00 
  0.000000000000000000e+00   0.000000000000000000e+00 
  0.000000000000000000e+00   0.000000000000000000e+00 
  0.000000000000000000e+00   0.000000000000000000e+00 
  0.000000000000000000e+00   0.000000000000000000e+00 
  0.000000000000000000e+00   0.000000000000000000e+00 
  0.000000000000000000e+00   0.000000000000000000e+00 
  0.000000000000000000e+00   0.000000000000000000e+00 
  0.000000000000000000e+00   0.000000000000000000e+00 
  0.000000000000000000e+00   0.000000000000000000e+00 
  0.000000000000000000e+00   0.000000000000000000e+00 
  0.000000000000000000e+00   0.000000000000000000e+00 
  0.000000000000000000e+00   0.000000000000000000e+00 
  0.000000000000000000e+00   0.000000000000000000e+00 
  0.000000000000000000e+00   0.000000000000000000e+00 
  0.000000000000000000e+00   0.000000000000000000e+00 
  0.000000000000000000e+00   0.000000000000000000e+00 
  0.000000000000000000e+00   0.000000000000000000e+00 
  0.000000000000000000e+00   0.000000000000000000e+00 
  0.000000000000000000e+00   0.000000000000000000e+00 
  0.000000000000000000e+00   0.000000000000000000e+00 
  0.000000000000000000e+00   0.000000000000000000e+00 
  0.000000000000000000e+00   0.000000000000000000e+00 
  0.000000000000000000e+00   0.000000000000000000e+00 
  0.000000000000000000e+00   0.000000000000000000e+00 
  0.000000000000000000e+00   0.000000000000000000e+00 
  0.000000000000000000e+00   0.000000000000000000e+00 
  0.000000000000000000e+00   0.000000000000000000e+00 
  0.000000000000000000e+00   0.000000000000000000e+00 
  0.000000000000000000e+00   0.000000000000000000e+00 
  0.000000000000000000e+00   0.000000000000000000e+00 
  0.000000000000000000e+00   0.000000000000000000e+00 
  0.000000000000000000e+00   0.000000000000000000e+00 
  0.000000000000000000e+00   0.000000000000000000e+00 
  0.000000000000000000e+00   0.000000000000000000e+00 
  0.000000000000000000e+00   0.000000000000000000e+00 
  0.000000000000000000e+00   0.000000000000000000e+00 
  0.000000000000000000e+00   0.000000000000000000e+00 
  0.000000000000000000e+00   0.000000000000000000e+00 
  0.000000000000000000e+00   0.000000000000000000e+00 
  0.000000000000000000e+00   0.000000000000000000e+00 
  0.000000000000000000e+00   0.000000000000000000e+00 
  0.000000000000000000e+00   0.000000000000000000e+00 
  0.000000000000000000e+00   0.000000000000000000e+00 
  0.000000000000000000e+00   0.000000000000000000e+00 
  0.000000000000000000e+00   0.000000000000000000e+00 
  0.000000000000000000e+00   0.000000000000000000e+00 
  0.000000000000000000e+00   0.000000000000000000e+00 
  0.000000000000000000e+00   0.000000000000000000e+00 
  0.000000000000000000e+00   0.000000000000000000e+00 
  0.000000000000000000e+00   0.000000000000000000e+00 
  0.000000000000000000e+00   0.000000000000000000e+00 
  0.000000000000000000e+00   0.000000000000000000e+00 
  0.000000000000000000e+00   0.000000000000000000e+00 
  0.000000000000000000e+00   0.000000000000000000e+00 
  0.000000000000000000e+00   0.000000000000000000e+00 
  0.000000000000000000e+00   0.000000000000000000e+00 
  0.000000000000000000e+00   0.000000000000000000e+00 
  0.000000000000000000e+00   0.000000000000000000e+00 
  0.000000000000000000e+00   0.000000000000000000e+00 
  0.000000000000000000e+00   0.000000000000000000e+00 
  0.000000000000000000e+00   0.000000000000000000e+00 
  0.000000000000000000e+00   0.000000000000000000e+00 
  0.000000000000000000e+00   0.000000000000000000e+00 
  0.000000000000000000e+00   0.000000000000000000e+00 
  0.000000000000000000e+00   0.000000000000000000e+00 
  0.000000000000000000e+00   0.000000000000000000e+00 
  0.000000000000000000e+00   0.000000000000000000e+00 
  0.000000000000000000e+00   0.000000000000000000e+00 
  0.000000000000000000e+00   0.000000000000000000e+00 
  0.000000000000000000e+00   0.000000000000000000e+00 
  0.000000000000000000e+00   0.000000000000000000e+00 
  0.000000000000000000e+00   0.000000000000000000e+00 
  0.000000000000000000e+00   0.000000000000000000e+00 
  0.000000000000000000e+00   0.000000000000000000e+00 
 -7.076683687039970767e-04   0.000000000000000000e+00 
  1.106550800614114699e-03   0.000000000000000000e+00 
  1.114085200242759342e-03   0.000000000000000000e+00 
  4.399747587740100371e-03   0.000000000000000000e+00 
 -2.780309878289751162e-03   0.000000000000000000e+00 
  1.408384880050582476e-03   0.000000000000000000e+00 
 -6.056384299881856052e-04   0.000000000000000000e+00 
 -2.171045914292311918e-02   0.000000000000000000e+00 
 -7.032750174403392708e-03   0.000000000000000000e+00 
 -5.991509169682160201e-05   0.000000000000000000e+00 
 -1.126174908131332558e-02   0.000000000000000000e+00 
  5.325767211616065297e-03   0.000000000000000000e+00 
  8.772525936365351343e-03   0.000000000000000000e+00 
 -1.830991357564911576e-02   0.000000000000000000e+00 
  9.794703219085942620e-04   0.000000000000000000e+00 
 -1.871219952590567762e-03   0.000000000000000000e+00 
  1.174592529423532702e-03   0.000000000000000000e+00 
  3.023136196134187977e-05   0.000000000000000000e+00 
  3.381811548024414886e-04   0.000000000000000000e+00 
 -1.701493049040436094e-03   0.000000000000000000e+00 
  2.912899944931264355e-04   0.000000000000000000e+00 
  1.261716242879631564e-02   0.000000000000000000e+00 
  1.377858105115586842e-03   0.000000000000000000e+00 
  7.871526759117842805e-04   0.000000000000000000e+00 
 -1.384467585012316270e-03   0.000000000000000000e+00 
  3.129653050564225152e-04   0.000000000000000000e+00 
  1.601056312210858085e-03   0.000000000000000000e+00 
 -6.365841836668542295e-04   0.000000000000000000e+00 
 -4.790513776242744277e-03   0.000000000000000000e+00 
 -5.866773892194044812e-03   0.000000000000000000e+00 
  1.627167221158742254e-03   0.000000000000000000e+00 
 -1.185704302042721835e-02   0.000000000000000000e+00 
  4.355407506227489817e-02   0.000000000000000000e+00 
 -2.722885692492129045e-04   0.000000000000000000e+00 
 -8.965690620243552816e-03   0.000000000000000000e+00 
 -8.897793292999273129e-02   0.000000000000000000e+00 
  1.320766459684818441e-04   0.000000000000000000e+00 
 -3.717415779829021105e-02   0.000000000000000000e+00 
 -8.339640498161311755e-02   0.000000000000000000e+00 
 -4.654858785215763069e-04   0.000000000000000000e+00 
 -5.608396604657173157e-03   0.000000000000000000e+00 
  4.646441899240017805e-03   0.000000000000000000e+00 
  3.634875174611808171e-03   0.000000000000000000e+00 
  3.111306205391889054e-02   0.000000000000000000e+00 
  4.724501371383666992e-01   0.000000000000000000e+00 
  2.015825593844056997e-03   0.000000000000000000e+00 
 -4.021915607154370222e-03   0.000000000000000000e+00 
 -4.189222119748592377e-03   0.000000000000000000e+00 
 -2.532369922846526653e-03   0.000000000000000000e+00 
  8.504519462585448109e-01   0.000000000000000000e+00 
 -5.881182383745909605e-03   0.000000000000000000e+00 
 -4.993416368961332060e-04   0.000000000000000000e+00 
 -1.137593910098075728e-01   0.000000000000000000e+00 
 -8.144669234752656417e-02   0.000000000000000000e+00 
  4.178169474471359361e-04   0.000000000000000000e+00 
 -6.398861296474936877e-04   0.000000000000000000e+00 
  9.913754183799028397e-04   0.000000000000000000e+00 
 -5.915446579456331427e-02   0.000000000000000000e+00 
  4.834733903408050537e-02   0.000000000000000000e+00 
 -3.273048670962452888e-03   0.000000000000000000e+00 
 -6.384355947375296462e-04   0.000000000000000000e+00 
  5.371631705202162266e-04   0.000000000000000000e+00 
 -3.554828930646181107e-03   0.000000000000000000e+00 
  1.027563237585128221e-03   0.000000000000000000e+00 
  7.300824671983716097e-02   0.000000000000000000e+00 
 -2.004373259842396129e-02   0.000000000000000000e+00 
  1.432406948879361369e-03   0.000000000000000000e+00 
 -1.275360700674355681e-03   0.000000000000000000e+00 
 -2.233780978713191371e-04   0.000000000000000000e+00 
 -1.401075714966281164e-04   0.000000000000000000e+00 
 -1.059185434132812499e-02   0.000000000000000000e+00 
  1.646210439503193552e-03   0.000000000000000000e+00 
 -7.979018846526737645e-04   0.000000000000000000e+00 
 -8.502800017595292525e-02   0.000000000000000000e+00 
  2.499149926006793629e-02   0.000000000000000000e+00 
  6.145897204987701501e-04   0.000000000000000000e+00 
  0.000000000000000000e+00   0.000000000000000000e+00 
  0.000000000000000000e+00   0.000000000000000000e+00 
  0.000000000000000000e+00   0.000000000000000000e+00 
  0.000000000000000000e+00   0.000000000000000000e+00 
  0.000000000000000000e+00   0.000000000000000000e+00 
  0.000000000000000000e+00   0.000000000000000000e+00 
  0.000000000000000000e+00   0.000000000000000000e+00 
  0.000000000000000000e+00   0.000000000000000000e+00 
  0.000000000000000000e+00   0.000000000000000000e+00 
  0.000000000000000000e+00   0.000000000000000000e+00 
  0.000000000000000000e+00   0.000000000000000000e+00 
  0.000000000000000000e+00   0.000000000000000000e+00 
  0.000000000000000000e+00   0.000000000000000000e+00 
  0.000000000000000000e+00   0.000000000000000000e+00 
  0.000000000000000000e+00   0.000000000000000000e+00 
  0.000000000000000000e+00   0.000000000000000000e+00 
  0.000000000000000000e+00   0.000000000000000000e+00 
  0.000000000000000000e+00   0.000000000000000000e+00 
  0.000000000000000000e+00   0.000000000000000000e+00 
  0.000000000000000000e+00   0.000000000000000000e+00 
  0.000000000000000000e+00   0.000000000000000000e+00 
  0.000000000000000000e+00   0.000000000000000000e+00 
  0.000000000000000000e+00   0.000000000000000000e+00 
  0.000000000000000000e+00   0.000000000000000000e+00 
  0.000000000000000000e+00   0.000000000000000000e+00 
  0.000000000000000000e+00   0.000000000000000000e+00 
  0.000000000000000000e+00   0.000000000000000000e+00 
  0.000000000000000000e+00   0.000000000000000000e+00 
  0.000000000000000000e+00   0.000000000000000000e+00 
  0.000000000000000000e+00   0.000000000000000000e+00 
  0.000000000000000000e+00   0.000000000000000000e+00 
  0.000000000000000000e+00   0.000000000000000000e+00 
  0.000000000000000000e+00   0.000000000000000000e+00 
  0.000000000000000000e+00   0.000000000000000000e+00 
  0.000000000000000000e+00   0.000000000000000000e+00 
  0.000000000000000000e+00   0.000000000000000000e+00 
  0.000000000000000000e+00   0.000000000000000000e+00 
  0.000000000000000000e+00   0.000000000000000000e+00 
  0.000000000000000000e+00   0.000000000000000000e+00 
  0.000000000000000000e+00   0.000000000000000000e+00 
  0.000000000000000000e+00   0.000000000000000000e+00 
  0.000000000000000000e+00   0.000000000000000000e+00 
  0.000000000000000000e+00   0.000000000000000000e+00 
  0.000000000000000000e+00   0.000000000000000000e+00 
  0.000000000000000000e+00   0.000000000000000000e+00 
  0.000000000000000000e+00   0.000000000000000000e+00 
  0.000000000000000000e+00   0.000000000000000000e+00 
  0.000000000000000000e+00   0.000000000000000000e+00 
  0.000000000000000000e+00   0.000000000000000000e+00 
  0.000000000000000000e+00   0.000000000000000000e+00 
  0.000000000000000000e+00   0.000000000000000000e+00 
  0.000000000000000000e+00   0.000000000000000000e+00 
  0.000000000000000000e+00   0.000000000000000000e+00 
  0.000000000000000000e+00   0.000000000000000000e+00 
  0.000000000000000000e+00   0.000000000000000000e+00 
  0.000000000000000000e+00   0.000000000000000000e+00 
  0.000000000000000000e+00   0.000000000000000000e+00 
  0.000000000000000000e+00   0.000000000000000000e+00 
  0.000000000000000000e+00   0.000000000000000000e+00 
  0.000000000000000000e+00   0.000000000000000000e+00 
  0.000000000000000000e+00   0.000000000000000000e+00 
  0.000000000000000000e+00   0.000000000000000000e+00 
  0.000000000000000000e+00   0.000000000000000000e+00 
  0.000000000000000000e+00   0.000000000000000000e+00 
  0.000000000000000000e+00   0.000000000000000000e+00 
  0.000000000000000000e+00   0.000000000000000000e+00 
  0.000000000000000000e+00   0.000000000000000000e+00 
  0.000000000000000000e+00   0.000000000000000000e+00 
  0.000000000000000000e+00   0.000000000000000000e+00 
  0.000000000000000000e+00   0.000000000000000000e+00 
  0.000000000000000000e+00   0.000000000000000000e+00 
  0.000000000000000000e+00   0.000000000000000000e+00 
  0.000000000000000000e+00   0.000000000000000000e+00 
  0.000000000000000000e+00   0.000000000000000000e+00 
  0.000000000000000000e+00   0.000000000000000000e+00 
  0.000000000000000000e+00   0.000000000000000000e+00 
  7.723526097837698536e-03   0.000000000000000000e+00 
 -1.923712529242073074e-02   0.000000000000000000e+00 
  2.330618165433277419e-02   0.000000000000000000e+00 
 -1.447525457479247046e-03   0.000000000000000000e+00 
 -1.472119125537755570e-03   0.000000000000000000e+00 
 -1.804636977612940688e-02   0.000000000000000000e+00 
 -8.347541838884359189e-02   0.000000000000000000e+00 
  3.556499257684154688e-03   0.000000000000000000e+00 
  2.165191341191482956e-03   0.000000000000000000e+00 
 -4.949276894331008231e-02   0.000000000000000000e+00 
  8.941138512454085627e-04   0.000000000000000000e+00 
 -7.655425579287826248e-04   0.000000000000000000e+00 
 -1.570641878061097797e-03   0.000000000000000000e+00 
  2.956529147923117173e-03   0.000000000000000000e+00 
 -3.172991331666665492e-03   0.000000000000000000e+00 
  3.494862758088462828e-04   0.000000000000000000e+00 
  4.879320040344311583e-04   0.000000000000000000e+00 
  1.264246851205824140e-01   0.000000000000000000e+00 
  1.910932660102844516e-01   0.000000000000000000e+00 
 -1.875513116829097054e-03   0.000000000000000000e+00 
  1.152268960140645938e-03   0.000000000000000000e+00 
  2.892189368139938869e-04   0.000000000000000000e+00 
 -3.407991898711763726e-04   0.000000000000000000e+00 
 -1.511832815594970638e-04   0.000000000000000000e+00 
  7.492356962757190523e-05   0.000000000000000000e+00 
 -1.921309623867272030e-03   0.000000000000000000e+00 
 -3.298979252576827569e-03   0.000000000000000000e+00 
 -1.688980907201766413e-01   0.000000000000000000e+00 
  1.015738933347165585e-03   0.000000000000000000e+00 
  2.673560986295340711e-03   0.000000000000000000e+00 
 -3.661420941352866443e-02   0.000000000000000000e+00 
  3.232135204598308043e-03   0.000000000000000000e+00 
  2.248889795737343215e-04   0.000000000000000000e+00 
  1.567962169647217907e-01   0.000000000000000000e+00 
  2.260049106553196907e-03   0.000000000000000000e+00 
 -7.468532770872118691e-03   0.000000000000000000e+00 
  1.219657808542251726e-01   0.000000000000000000e+00 
  1.843440346419811682e-03   0.000000000000000000e+00 
  1.903019263409078338e-03   0.000000000000000000e+00 
  9.723207913339141284e-04   0.000000000000000000e+00 
  4.214600194245576859e-03   0.000000000000000000e+00 
 -7.666167616844171695e-02   0.000000000000000000e+00 
 -6.795957684516903963e-02   0.000000000000000000e+00 
 -3.403336508199572129e-03   0.000000000000000000e+00 
  4.810472484678028279e-03   0.000000000000000000e+00 
  1.247730627655983110e-01   0.000000000000000000e+00 
  2.742359938565641642e-04   0.000000000000000000e+00 
  3.061614188482055611e-05   0.000000000000000000e+00 
 -3.168260678648948669e-03   0.000000000000000000e+00 
 -4.608487652149066607e-04   0.000000000000000000e+00 
  7.335855811834333939e-02   0.000000000000000000e+00 
 -3.955301642417909380e-01   0.000000000000000000e+00 
 -5.332209984771907330e-04   0.000000000000000000e+00 
 -2.930655842646957311e-03   0.000000000000000000e+00 
  5.453920457512141141e-03   0.000000000000000000e+00 
  3.428856143727899031e-03   0.000000000000000000e+00 
  1.230970621109009067e-01   0.000000000000000000e+00 
  2.619971055537461801e-03   0.000000000000000000e+00 
 -1.736862817779184472e-03   0.000000000000000000e+00 
 -5.182112217880785465e-04   0.000000000000000000e+00 
  1.963688409887254509e-04   0.000000000000000000e+00 
 -1.956251682713627815e-03   0.000000000000000000e+00 
 -5.501876003108921919e-04   0.000000000000000000e+00 
 -1.667200326919555109e-01   0.000000000000000000e+00 
 -5.584924481809137517e-03   0.000000000000000000e+00 
  3.338935552164913091e-03   0.000000000000000000e+00 
  1.276964554563165362e-03   0.000000000000000000e+00 
  4.219434689730406675e-03   0.000000000000000000e+00 
 -2.812130451202392578e-01   0.000000000000000000e+00 
  4.572435573209077120e-04   0.000000000000000000e+00 
  1.361920149065554576e-03   0.000000000000000000e+00 
  7.699489593505855212e-02   0.000000000000000000e+00 
 -1.207153871655470764e-02   0.000000000000000000e+00 
  1.186436624266205917e-03   0.000000000000000000e+00 
 -5.491966148838397588e-04   0.000000000000000000e+00 
 -7.339138984680175781e-01   0.000000000000000000e+00 
  0.000000000000000000e+00   0.000000000000000000e+00 
  0.000000000000000000e+00   0.000000000000000000e+00 
  0.000000000000000000e+00   0.000000000000000000e+00 
  0.000000000000000000e+00   0.000000000000000000e+00 
  0.000000000000000000e+00   0.000000000000000000e+00 
  0.000000000000000000e+00   0.000000000000000000e+00 
  0.000000000000000000e+00   0.000000000000000000e+00 
  0.000000000000000000e+00   0.000000000000000000e+00 
  0.000000000000000000e+00   0.000000000000000000e+00 
  0.000000000000000000e+00   0.000000000000000000e+00 
  0.000000000000000000e+00   0.000000000000000000e+00 
  0.000000000000000000e+00   0.000000000000000000e+00 
  0.000000000000000000e+00   0.000000000000000000e+00 
  0.000000000000000000e+00   0.000000000000000000e+00 
  0.000000000000000000e+00   0.000000000000000000e+00 
  0.000000000000000000e+00   0.000000000000000000e+00 
  0.000000000000000000e+00   0.000000000000000000e+00 
  0.000000000000000000e+00   0.000000000000000000e+00 
  0.000000000000000000e+00   0.000000000000000000e+00 
  0.000000000000000000e+00   0.000000000000000000e+00 
  0.000000000000000000e+00   0.000000000000000000e+00 
  0.000000000000000000e+00   0.000000000000000000e+00 
  0.000000000000000000e+00   0.000000000000000000e+00 
  0.000000000000000000e+00   0.000000000000000000e+00 
  0.000000000000000000e+00   0.000000000000000000e+00 
  0.000000000000000000e+00   0.000000000000000000e+00 
  0.000000000000000000e+00   0.000000000000000000e+00 
  0.000000000000000000e+00   0.000000000000000000e+00 
  0.000000000000000000e+00   0.000000000000000000e+00 
  0.000000000000000000e+00   0.000000000000000000e+00 
  0.000000000000000000e+00   0.000000000000000000e+00 
  0.000000000000000000e+00   0.000000000000000000e+00 
  0.000000000000000000e+00   0.000000000000000000e+00 
  0.000000000000000000e+00   0.000000000000000000e+00 
  0.000000000000000000e+00   0.000000000000000000e+00 
  0.000000000000000000e+00   0.000000000000000000e+00 
  0.000000000000000000e+00   0.000000000000000000e+00 
  0.000000000000000000e+00   0.000000000000000000e+00 
  0.000000000000000000e+00   0.000000000000000000e+00 
  0.000000000000000000e+00   0.000000000000000000e+00 
  0.000000000000000000e+00   0.000000000000000000e+00 
  0.000000000000000000e+00   0.000000000000000000e+00 
  0.000000000000000000e+00   0.000000000000000000e+00 
  0.000000000000000000e+00   0.000000000000000000e+00 
  0.000000000000000000e+00   0.000000000000000000e+00 
  0.000000000000000000e+00   0.000000000000000000e+00 
  0.000000000000000000e+00   0.000000000000000000e+00 
  0.000000000000000000e+00   0.000000000000000000e+00 
  0.000000000000000000e+00   0.000000000000000000e+00 
  0.000000000000000000e+00   0.000000000000000000e+00 
  0.000000000000000000e+00   0.000000000000000000e+00 
  0.000000000000000000e+00   0.000000000000000000e+00 
  0.000000000000000000e+00   0.000000000000000000e+00 
  0.000000000000000000e+00   0.000000000000000000e+00 
  0.000000000000000000e+00   0.000000000000000000e+00 
  0.000000000000000000e+00   0.000000000000000000e+00 
  0.000000000000000000e+00   0.000000000000000000e+00 
  0.000000000000000000e+00   0.000000000000000000e+00 
  0.000000000000000000e+00   0.000000000000000000e+00 
  0.000000000000000000e+00   0.000000000000000000e+00 
  0.000000000000000000e+00   0.000000000000000000e+00 
  0.000000000000000000e+00   0.000000000000000000e+00 
  0.000000000000000000e+00   0.000000000000000000e+00 
  0.000000000000000000e+00   0.000000000000000000e+00 
  0.000000000000000000e+00   0.000000000000000000e+00 
  0.000000000000000000e+00   0.000000000000000000e+00 
  0.000000000000000000e+00   0.000000000000000000e+00 
  0.000000000000000000e+00   0.000000000000000000e+00 
  0.000000000000000000e+00   0.000000000000000000e+00 
  0.000000000000000000e+00   0.000000000000000000e+00 
  0.000000000000000000e+00   0.000000000000000000e+00 
  0.000000000000000000e+00   0.000000000000000000e+00 
  0.000000000000000000e+00   0.000000000000000000e+00 
  0.000000000000000000e+00   0.000000000000000000e+00 
  0.000000000000000000e+00   0.000000000000000000e+00 
  0.000000000000000000e+00   0.000000000000000000e+00 
 -8.776423055697133964e-04   0.000000000000000000e+00 
 -2.309857809445401398e-04   0.000000000000000000e+00 
  2.846476063132354767e-02   0.000000000000000000e+00 
 -1.104498631320722244e-03   0.000000000000000000e+00 
  3.429182242972791809e-06   0.000000000000000000e+00 
 -1.724204607307892184e-02   0.000000000000000000e+00 
  5.972035601735123378e-02   0.000000000000000000e+00 
  2.434280002488804773e-03   0.000000000000000000e+00 
 -1.059269183314952029e-03   0.000000000000000000e+00 
 -2.355731278657917718e-02   0.000000000000000000e+00 
  1.006764709018184711e-03   0.000000000000000000e+00 
  2.292747143656040983e-03   0.000000000000000000e+00 
 -1.764149288646786173e-03   0.000000000000000000e+00 
 -3.295273985713717720e-03   0.000000000000000000e+00 
 -5.222808104008516000e-03   0.000000000000000000e+00 
  1.463465509004904146e-03   0.000000000000000000e+00 
  1.237699668854463399e-02   0.000000000000000000e+00 
  1.638151519000535794e-02   0.000000000000000000e+00 
 -8.777655661106098517e-02   0.000000000000000000e+00 
  5.937793757766485214e-04   0.000000000000000000e+00 
 -7.511223666369919345e-04   0.000000000000000000e+00 
 -2.146915066987274776e-03   0.000000000000000000e+00 
 -4.685466643422841158e-03   0.000000000000000000e+00 
  2.501066774129869722e-04   0.000000000000000000e+00 
 -2.514671068638560446e-04   0.000000000000000000e+00 
  1.527939806692301143e-03   0.000000000000000000e+00 
  4.421397752594203299e-04   0.000000000000000000e+00 
  6.946818437427432387e-03   0.000000000000000000e+00 
  4.532371647655961296e-03   0.000000000000000000e+00 
 -5.363958422094580042e-03   0.000000000000000000e+00 
  9.557600319385531340e-02   0.000000000000000000e+00 
  5.387514247559009898e-04   0.000000000000000000e+00 
  7.969366386532786978e-03   0.000000000000000000e+00 
 -1.060911342501640320e-01   0.000000000000000000e+00 
  1.277988962829113007e-02   0.000000000000000000e+00 
 -1.292023714631796404e-02   0.000000000000000000e+00 
 -6.346315145492562038e-02   0.000000000000000000e+00 
  6.691329181194303685e-03   0.000000000000000000e+00 
 -2.457633381709456444e-03   0.000000000000000000e+00 
 -1.392157166264951663e-03   0.000000000000000000e+00 
  8.673626929521562404e-03   0.000000000000000000e+00 
 -9.027874469757080078e-02   0.000000000000000000e+00 
 -1.270372048020363201e-02   0.000000000000000000e+00 
 -2.327753044664859772e-02   0.000000000000000000e+00 
  1.795059069991110715e-02   0.000000000000000000e+00 
  7.011552453041077770e-01   0.000000000000000000e+00 
  5.290594417601824674e-03   0.000000000000000000e+00 
 -9.145843796432018280e-03   0.000000000000000000e+00 
 -2.329605445265769958e-02   0.000000000000000000e+00 
 -1.865204796195030559e-02   0.000000000000000000e+00 
  4.762392342090607245e-01   0.000000000000000000e+00 
  1.072840765118598938e-01   0.000000000000000000e+00 
  8.599118329584596807e-03   0.000000000000000000e+00 
 -3.450955497100948854e-03   0.000000000000000000e+00 
  1.175104989670212836e-04   0.000000000000000000e+00 
 -2.209322294220328331e-03   0.000000000000000000e+00 
 -2.173549495637417187e-02   0.000000000000000000e+00 
  1.053681899065870293e-05   0.000000000000000000e+00 
  4.245027434080838290e-03   0.000000000000000000e+00 
 -2.282826229929924011e-03   0.000000000000000000e+00 
  7.700123824179173600e-04   0.000000000000000000e+00 
 -3.352352941874415224e-04   0.000000000000000000e+00 
  1.858819305198269542e-04   0.000000000000000000e+00 
 -6.562688946723937988e-02   0.000000000000000000e+00 
  7.742630783468483144e-03   0.000000000000000000e+00 
  5.326372571289538470e-03   0.000000000000000000e+00 
 -8.362913504242897034e-03   0.000000000000000000e+00 
 -2.405423903837800460e-03   0.000000000000000000e+00 
 -3.076802492141724188e-01   0.000000000000000000e+00 
 -4.991752095520494634e-03   0.000000000000000000e+00 
  5.659285467118023091e-03   0.000000000000000000e+00 
  1.843480914831162054e-01   0.000000000000000000e+00 
 -1.036719083786010742e-01   0.000000000000000000e+00 
  6.238869391381739703e-03   0.000000000000000000e+00 
 -1.548966206610202963e-02   0.000000000000000000e+00 
  2.635070681571960449e-01   0.000000000000000000e+00 
  0.000000000000000000e+00   0.000000000000000000e+00 
  0.000000000000000000e+00   0.000000000000000000e+00 
  0.000000000000000000e+00   0.000000000000000000e+00 
  0.000000000000000000e+00   0.000000000000000000e+00 
  0.000000000000000000e+00   0.000000000000000000e+00 
  0.000000000000000000e+00   0.000000000000000000e+00 
  0.000000000000000000e+00   0.000000000000000000e+00 
  0.000000000000000000e+00   0.000000000000000000e+00 
  0.000000000000000000e+00   0.000000000000000000e+00 
  0.000000000000000000e+00   0.000000000000000000e+00 
  0.000000000000000000e+00   0.000000000000000000e+00 
  0.000000000000000000e+00   0.000000000000000000e+00 
  0.000000000000000000e+00   0.000000000000000000e+00 
  0.000000000000000000e+00   0.000000000000000000e+00 
  0.000000000000000000e+00   0.000000000000000000e+00 
  0.000000000000000000e+00   0.000000000000000000e+00 
  0.000000000000000000e+00   0.000000000000000000e+00 
  0.000000000000000000e+00   0.000000000000000000e+00 
  0.000000000000000000e+00   0.000000000000000000e+00 
  0.000000000000000000e+00   0.000000000000000000e+00 
  0.000000000000000000e+00   0.000000000000000000e+00 
  0.000000000000000000e+00   0.000000000000000000e+00 
  0.000000000000000000e+00   0.000000000000000000e+00 
  0.000000000000000000e+00   0.000000000000000000e+00 
  0.000000000000000000e+00   0.000000000000000000e+00 
  0.000000000000000000e+00   0.000000000000000000e+00 
  0.000000000000000000e+00   0.000000000000000000e+00 
  0.000000000000000000e+00   0.000000000000000000e+00 
  0.000000000000000000e+00   0.000000000000000000e+00 
  0.000000000000000000e+00   0.000000000000000000e+00 
  0.000000000000000000e+00   0.000000000000000000e+00 
  0.000000000000000000e+00   0.000000000000000000e+00 
  0.000000000000000000e+00   0.000000000000000000e+00 
  0.000000000000000000e+00   0.000000000000000000e+00 
  0.000000000000000000e+00   0.000000000000000000e+00 
  0.000000000000000000e+00   0.000000000000000000e+00 
  0.000000000000000000e+00   0.000000000000000000e+00 
  0.000000000000000000e+00   0.000000000000000000e+00 
  0.000000000000000000e+00   0.000000000000000000e+00 
  0.000000000000000000e+00   0.000000000000000000e+00 
  0.000000000000000000e+00   0.000000000000000000e+00 
  0.000000000000000000e+00   0.000000000000000000e+00 
  0.000000000000000000e+00   0.000000000000000000e+00 
  0.000000000000000000e+00   0.000000000000000000e+00 
  0.000000000000000000e+00   0.000000000000000000e+00 
  0.000000000000000000e+00   0.000000000000000000e+00 
  0.000000000000000000e+00   0.000000000000000000e+00 
  0.000000000000000000e+00   0.000000000000000000e+00 
  0.000000000000000000e+00   0.000000000000000000e+00 
  0.000000000000000000e+00   0.000000000000000000e+00 
  0.000000000000000000e+00   0.000000000000000000e+00 
  0.000000000000000000e+00   0.000000000000000000e+00 
  0.000000000000000000e+00   0.000000000000000000e+00 
  0.000000000000000000e+00   0.000000000000000000e+00 
  0.000000000000000000e+00   0.000000000000000000e+00 
  0.000000000000000000e+00   0.000000000000000000e+00 
  0.000000000000000000e+00   0.000000000000000000e+00 
  0.000000000000000000e+00   0.000000000000000000e+00 
  0.000000000000000000e+00   0.000000000000000000e+00 
  0.000000000000000000e+00   0.000000000000000000e+00 
  0.000000000000000000e+00   0.000000000000000000e+00 
  0.000000000000000000e+00   0.000000000000000000e+00 
  0.000000000000000000e+00   0.000000000000000000e+00 
  0.000000000000000000e+00   0.000000000000000000e+00 
  0.000000000000000000e+00   0.000000000000000000e+00 
  0.000000000000000000e+00   0.000000000000000000e+00 
  0.000000000000000000e+00   0.000000000000000000e+00 
  0.000000000000000000e+00   0.000000000000000000e+00 
  0.000000000000000000e+00   0.000000000000000000e+00 
  0.000000000000000000e+00   0.000000000000000000e+00 
  0.000000000000000000e+00   0.000000000000000000e+00 
  0.000000000000000000e+00   0.000000000000000000e+00 
  0.000000000000000000e+00   0.000000000000000000e+00 
  0.000000000000000000e+00   0.000000000000000000e+00 
  0.000000000000000000e+00   0.000000000000000000e+00 
  0.000000000000000000e+00   0.000000000000000000e+00 
  1.374934217892795352e-03   0.000000000000000000e+00 
  1.103121321648359299e-03   0.000000000000000000e+00 
 -1.034585875458981542e-03   0.000000000000000000e+00 
  1.302853110246153870e-03   0.000000000000000000e+00 
  9.385671583003676747e-04   0.000000000000000000e+00 
  7.243938744067965774e-04   0.000000000000000000e+00 
 -1.481984974816440885e-03   0.000000000000000000e+00 
 -6.350817624479559997e-03   0.000000000000000000e+00 
 -2.468925155699242327e-02   0.000000000000000000e+00 
 -4.998248186893568170e-04   0.000000000000000000e+00 
 -6.623727735131651993e-03   0.000000000000000000e+00 
  1.966394297778606415e-02   0.000000000000000000e+00 
 -3.456815704703303238e-02   0.000000000000000000e+00 
  1.331587508320810145e-02   0.000000000000000000e+00 
 -2.563819661736490077e-02   0.000000000000000000e+00 
 -7.629355043172869610e-02   0.000000000000000000e+00 
 -1.715031103231103081e-04   0.000000000000000000e+00 
  2.697119954973460545e-03   0.000000000000000000e+00 
 -3.525976557284598353e-03   0.000000000000000000e+00 
  8.957872050814335999e-04   0.000000000000000000e+00 
 -2.806507609784604507e-02   0.000000000000000000e+00 
  1.937319897115232295e-02   0.000000000000000000e+00 
 -2.530415914952754974e-02   0.000000000000000000e+00 
  1.835038070566952012e-03   0.000000000000000000e+00 
 -5.158188287168743395e-04   0.000000000000000000e+00 
  4.399149492383000459e-02   0.000000000000000000e+00 
  2.148054772987963070e-03   0.000000000000000000e+00 
 -1.024752273224289198e-03   0.000000000000000000e+00 
  5.344088748097414882e-02   0.000000000000000000e+00 
  1.470866426825524591e-02   0.000000000000000000e+00 
 -4.641921725124120712e-03   0.000000000000000000e+00 
  9.493458084762113752e-03   0.000000000000000000e+00 
  2.238553762435914127e-02   0.000000000000000000e+00 
  4.938218044117051887e-04   0.000000000000000000e+00 
  1.372514218091964999e-01   0.000000000000000000e+00 
  9.057695418596271864e-02   0.000000000000000000e+00 
  2.062307205051181966e-03   0.000000000000000000e+00 
  3.468402847647667625e-02   0.000000000000000000e+00 
 -5.708225443959236839e-02   0.000000000000000000e+00 
  2.907321751117705744e-01   0.000000000000000000e+00 
  2.829214930534362793e-02   0.000000000000000000e+00 
  3.330352716147898760e-03   0.000000000000000000e+00 
  8.793759159743791062e-03   0.000000000000000000e+00 
 -1.893840879201889038e-01   0.000000000000000000e+00 
 -1.329639554023742398e-01   0.000000000000000000e+00 
 -1.627221144735813488e-02   0.000000000000000000e+00 
  8.286018371582033470e-01   0.000000000000000000e+00 
 -8.298974484205245972e-02   0.000000000000000000e+00 
 -1.868754625320434570e-01   0.000000000000000000e+00 
  1.576553732156753818e-01   0.000000000000000000e+00 
 -1.416941452771425421e-02   0.000000000000000000e+00 
  2.499104011803867167e-03   0.000000000000000000e+00 
 -1.424945984035729321e-02   0.000000000000000000e+00 
 -9.839436411857603593e-02   0.000000000000000000e+00 
  8.074077777564523870e-03   0.000000000000000000e+00 
  5.220033973455427689e-02   0.000000000000000000e+00 
  1.684074290096759362e-03   0.000000000000000000e+00 
  6.506581604480746184e-02   0.000000000000000000e+00 
  1.230481266975403179e-02   0.000000000000000000e+00 
  1.933363382704555988e-03   0.000000000000000000e+00 
 -6.051241653040052544e-04   0.000000000000000000e+00 
 -4.602469969540835294e-03   0.000000000000000000e+00 
 -4.136099293828008477e-02   0.000000000000000000e+00 
  5.079510738141847746e-04   0.000000000000000000e+00 
 -2.662869542837142944e-02   0.000000000000000000e+00 
  5.946413055062294006e-02   0.000000000000000000e+00 
 -2.642736211419105530e-02   0.000000000000000000e+00 
 -2.294890284538269321e-01   0.000000000000000000e+00 
  8.925016038119794673e-03   0.000000000000000000e+00 
 -2.837418764829633885e-02   0.000000000000000000e+00 
 -2.289353869855404247e-02   0.000000000000000000e+00 
 -9.023950435221196956e-03   0.000000000000000000e+00 
 -1.973083615303039204e-02   0.000000000000000000e+00 
 -1.376546025276184082e-01   0.000000000000000000e+00 
 -9.125635772943500867e-02   0.000000000000000000e+00 
 -9.104410186409948522e-03   0.000000000000000000e+00 
  0.000000000000000000e+00   0.000000000000000000e+00 
  0.000000000000000000e+00   0.000000000000000000e+00 
  0.000000000000000000e+00   0.000000000000000000e+00 
  0.000000000000000000e+00   0.000000000000000000e+00 
  0.000000000000000000e+00   0.000000000000000000e+00 
  0.000000000000000000e+00   0.000000000000000000e+00 
  0.000000000000000000e+00   0.000000000000000000e+00 
  0.000000000000000000e+00   0.000000000000000000e+00 
  0.000000000000000000e+00   0.000000000000000000e+00 
  0.000000000000000000e+00   0.000000000000000000e+00 
  0.000000000000000000e+00   0.000000000000000000e+00 
  0.000000000000000000e+00   0.000000000000000000e+00 
  0.000000000000000000e+00   0.000000000000000000e+00 
  0.000000000000000000e+00   0.000000000000000000e+00 
  0.000000000000000000e+00   0.000000000000000000e+00 
  0.000000000000000000e+00   0.000000000000000000e+00 
  0.000000000000000000e+00   0.000000000000000000e+00 
  0.000000000000000000e+00   0.000000000000000000e+00 
  0.000000000000000000e+00   0.000000000000000000e+00 
  0.000000000000000000e+00   0.000000000000000000e+00 
  0.000000000000000000e+00   0.000000000000000000e+00 
  0.000000000000000000e+00   0.000000000000000000e+00 
  0.000000000000000000e+00   0.000000000000000000e+00 
  0.000000000000000000e+00   0.000000000000000000e+00 
  0.000000000000000000e+00   0.000000000000000000e+00 
  0.000000000000000000e+00   0.000000000000000000e+00 
  0.000000000000000000e+00   0.000000000000000000e+00 
  0.000000000000000000e+00   0.000000000000000000e+00 
  0.000000000000000000e+00   0.000000000000000000e+00 
  0.000000000000000000e+00   0.000000000000000000e+00 
  0.000000000000000000e+00   0.000000000000000000e+00 
  0.000000000000000000e+00   0.000000000000000000e+00 
  0.000000000000000000e+00   0.000000000000000000e+00 
  0.000000000000000000e+00   0.000000000000000000e+00 
  0.000000000000000000e+00   0.000000000000000000e+00 
  0.000000000000000000e+00   0.000000000000000000e+00 
  0.000000000000000000e+00   0.000000000000000000e+00 
  0.000000000000000000e+00   0.000000000000000000e+00 
  0.000000000000000000e+00   0.000000000000000000e+00 
  0.000000000000000000e+00   0.000000000000000000e+00 
  0.000000000000000000e+00   0.000000000000000000e+00 
  0.000000000000000000e+00   0.000000000000000000e+00 
  0.000000000000000000e+00   0.000000000000000000e+00 
  0.000000000000000000e+00   0.000000000000000000e+00 
  0.000000000000000000e+00   0.000000000000000000e+00 
  0.000000000000000000e+00   0.000000000000000000e+00 
  0.000000000000000000e+00   0.000000000000000000e+00 
  0.000000000000000000e+00   0.000000000000000000e+00 
  0.000000000000000000e+00   0.000000000000000000e+00 
  0.000000000000000000e+00   0.000000000000000000e+00 
  0.000000000000000000e+00   0.000000000000000000e+00 
  0.000000000000000000e+00   0.000000000000000000e+00 
  0.000000000000000000e+00   0.000000000000000000e+00 
  0.000000000000000000e+00   0.000000000000000000e+00 
  0.000000000000000000e+00   0.000000000000000000e+00 
  0.000000000000000000e+00   0.000000000000000000e+00 
  0.000000000000000000e+00   0.000000000000000000e+00 
  0.000000000000000000e+00   0.000000000000000000e+00 
  0.000000000000000000e+00   0.000000000000000000e+00 
  0.000000000000000000e+00   0.000000000000000000e+00 
  0.000000000000000000e+00   0.000000000000000000e+00 
  0.000000000000000000e+00   0.000000000000000000e+00 
  0.000000000000000000e+00   0.000000000000000000e+00 
  0.000000000000000000e+00   0.000000000000000000e+00 
  0.000000000000000000e+00   0.000000000000000000e+00 
  0.000000000000000000e+00   0.000000000000000000e+00 
  0.000000000000000000e+00   0.000000000000000000e+00 
  0.000000000000000000e+00   0.000000000000000000e+00 
  0.000000000000000000e+00   0.000000000000000000e+00 
  0.000000000000000000e+00   0.000000000000000000e+00 
  0.000000000000000000e+00   0.000000000000000000e+00 
  0.000000000000000000e+00   0.000000000000000000e+00 
  0.000000000000000000e+00   0.000000000000000000e+00 
  0.000000000000000000e+00   0.000000000000000000e+00 
  0.000000000000000000e+00   0.000000000000000000e+00 
  0.000000000000000000e+00   0.000000000000000000e+00 
  3.442114684729158706e-04   0.000000000000000000e+00 
 -4.074326425325376991e-04   0.000000000000000000e+00 
 -4.379141610115764791e-03   0.000000000000000000e+00 
 -3.721772460267483776e-03   0.000000000000000000e+00 
 -2.077642828226349252e-03   0.000000000000000000e+00 
 -2.181712305173378469e-03   0.000000000000000000e+00 
  9.752986952662605650e-04   0.000000000000000000e+00 
 -2.142014168202891616e-02   0.000000000000000000e+00 
  1.376449316740018490e-02   0.000000000000000000e+00 
  1.853928435593836521e-03   0.000000000000000000e+00 
 -2.208791300654448092e-02   0.000000000000000000e+00 
 -9.779848158359565752e-03   0.000000000000000000e+00 
  1.257498562335976344e-02   0.000000000000000000e+00 
  3.566094487905500238e-02   0.000000000000000000e+00 
 -6.340779364109047633e-02   0.000000000000000000e+00 
  1.008713804185398452e-02   0.000000000000000000e+00 
  1.566294522490486291e-04   0.000000000000000000e+00 
 -3.297557821497322430e-03   0.000000000000000000e+00 
  3.109160810709005705e-03   0.000000000000000000e+00 
  2.325571514666079781e-02   0.000000000000000000e+00 
 -1.403347472660243078e-03   0.000000000000000000e+00 
  2.383777685463428844e-02   0.000000000000000000e+00 
  2.904728613793849598e-02   0.000000000000000000e+00 
 -4.649529000744230642e-04   0.000000000000000000e+00 
  3.343245247378945351e-03   0.000000000000000000e+00 
 -8.220112649723866844e-04   0.000000000000000000e+00 
  4.162352159619332054e-02   0.000000000000000000e+00 
  5.315012531354956164e-04   0.000000000000000000e+00 
 -2.391071617603300614e-02   0.000000000000000000e+00 
  5.532987043261529403e-02   0.000000000000000000e+00 
  4.723131656646730250e-03   0.000000000000000000e+00 
 -2.136921882629394878e-02   0.000000000000000000e+00 
  2.387807890772815356e-02   0.000000000000000000e+00 
  3.459360217675571877e-03   0.000000000000000000e+00 
 -9.536709636449811067e-02   0.000000000000000000e+00 
  1.433531641960144598e-01   0.000000000000000000e+00 
 -3.905551275238387148e-04   0.000000000000000000e+00 
 -6.688040494918824630e-02   0.000000000000000000e+00 
 -3.324558213353157737e-02   0.000000000000000000e+00 
 -2.055747061967849385e-02   0.000000000000000000e+00 
  2.787076234817504883e-01   0.000000000000000000e+00 
 -3.145970636978743726e-03   0.000000000000000000e+00 
 -1.195027679204941663e-02   0.000000000000000000e+00 
  1.524973213672637939e-01   0.000000000000000000e+00 
 -1.899461001157759787e-01   0.000000000000000000e+00 
  2.339094690978527416e-02   0.000000000000000000e+00 
 -5.818352475762368636e-02   0.000000000000000000e+00 
 -8.299552798271179199e-01   0.000000000000000000e+00 
  1.753293126821517944e-01   0.000000000000000000e+00 
  1.858247965574265081e-01   0.000000000000000000e+00 
  2.183317765593529095e-02   0.000000000000000000e+00 
 -1.265330472961070539e-03   0.000000000000000000e+00 
 -1.027945205569266995e-01   0.000000000000000000e+00 
  9.018189273774620401e-03   0.000000000000000000e+00 
  4.474164545536040566e-02   0.000000000000000000e+00 
  1.978341722860933218e-03   0.000000000000000000e+00 
 -4.878762701991938458e-04   0.000000000000000000e+00 
  1.437503099441528841e-02   0.000000000000000000e+00 
 -6.085456907749176025e-02   0.000000000000000000e+00 
  4.480151692405344682e-04   0.000000000000000000e+00 
 -5.242934916168451309e-03   0.000000000000000000e+00 
 -3.881336003541947105e-02   0.000000000000000000e+00 
  2.560491207987068783e-03   0.000000000000000000e+00 
 -8.981232531368740042e-04   0.000000000000000000e+00 
 -6.199618428945539994e-02   0.000000000000000000e+00 
 -2.957049384713172913e-02   0.000000000000000000e+00 
 -2.263958007097244263e-01   0.000000000000000000e+00 
  1.526399794965982611e-02   0.000000000000000000e+00 
 -1.150005683302879507e-02   0.000000000000000000e+00 
  2.829430438578127774e-02   0.000000000000000000e+00 
 -2.818101085722446442e-02   0.000000000000000000e+00 
  1.568013057112694134e-02   0.000000000000000000e+00 
  2.802738361060618660e-02   0.000000000000000000e+00 
 -8.917617052793502808e-02   0.000000000000000000e+00 
  1.421925574541091919e-01   0.000000000000000000e+00 
  1.446236670017242258e-02   0.000000000000000000e+00 
  0.000000000000000000e+00   0.000000000000000000e+00 
  0.000000000000000000e+00   0.000000000000000000e+00 
  0.000000000000000000e+00   0.000000000000000000e+00 
  0.000000000000000000e+00   0.000000000000000000e+00 
  0.000000000000000000e+00   0.000000000000000000e+00 
  0.000000000000000000e+00   0.000000000000000000e+00 
  0.000000000000000000e+00   0.000000000000000000e+00 
  0.000000000000000000e+00   0.000000000000000000e+00 
  0.000000000000000000e+00   0.000000000000000000e+00 
  0.000000000000000000e+00   0.000000000000000000e+00 
  0.000000000000000000e+00   0.000000000000000000e+00 
  0.000000000000000000e+00   0.000000000000000000e+00 
  0.000000000000000000e+00   0.000000000000000000e+00 
  0.000000000000000000e+00   0.000000000000000000e+00 
  0.000000000000000000e+00   0.000000000000000000e+00 
  0.000000000000000000e+00   0.000000000000000000e+00 
  0.000000000000000000e+00   0.000000000000000000e+00 
  0.000000000000000000e+00   0.000000000000000000e+00 
  0.000000000000000000e+00   0.000000000000000000e+00 
  0.000000000000000000e+00   0.000000000000000000e+00 
  0.000000000000000000e+00   0.000000000000000000e+00 
  0.000000000000000000e+00   0.000000000000000000e+00 
  0.000000000000000000e+00   0.000000000000000000e+00 
  0.000000000000000000e+00   0.000000000000000000e+00 
  0.000000000000000000e+00   0.000000000000000000e+00 
  0.000000000000000000e+00   0.000000000000000000e+00 
  0.000000000000000000e+00   0.000000000000000000e+00 
  0.000000000000000000e+00   0.000000000000000000e+00 
  0.000000000000000000e+00   0.000000000000000000e+00 
  0.000000000000000000e+00   0.000000000000000000e+00 
  0.000000000000000000e+00   0.000000000000000000e+00 
  0.000000000000000000e+00   0.000000000000000000e+00 
  0.000000000000000000e+00   0.000000000000000000e+00 
  0.000000000000000000e+00   0.000000000000000000e+00 
  0.000000000000000000e+00   0.000000000000000000e+00 
  0.000000000000000000e+00   0.000000000000000000e+00 
  0.000000000000000000e+00   0.000000000000000000e+00 
  0.000000000000000000e+00   0.000000000000000000e+00 
  0.000000000000000000e+00   0.000000000000000000e+00 
  0.000000000000000000e+00   0.000000000000000000e+00 
  0.000000000000000000e+00   0.000000000000000000e+00 
  0.000000000000000000e+00   0.000000000000000000e+00 
  0.000000000000000000e+00   0.000000000000000000e+00 
  0.000000000000000000e+00   0.000000000000000000e+00 
  0.000000000000000000e+00   0.000000000000000000e+00 
  0.000000000000000000e+00   0.000000000000000000e+00 
  0.000000000000000000e+00   0.000000000000000000e+00 
  0.000000000000000000e+00   0.000000000000000000e+00 
  0.000000000000000000e+00   0.000000000000000000e+00 
  0.000000000000000000e+00   0.000000000000000000e+00 
  0.000000000000000000e+00   0.000000000000000000e+00 
  0.000000000000000000e+00   0.000000000000000000e+00 
  0.000000000000000000e+00   0.000000000000000000e+00 
  0.000000000000000000e+00   0.000000000000000000e+00 
  0.000000000000000000e+00   0.000000000000000000e+00 
  0.000000000000000000e+00   0.000000000000000000e+00 
  0.000000000000000000e+00   0.000000000000000000e+00 
  0.000000000000000000e+00   0.000000000000000000e+00 
  0.000000000000000000e+00   0.000000000000000000e+00 
  0.000000000000000000e+00   0.000000000000000000e+00 
  0.000000000000000000e+00   0.000000000000000000e+00 
  0.000000000000000000e+00   0.000000000000000000e+00 
  0.000000000000000000e+00   0.000000000000000000e+00 
  0.000000000000000000e+00   0.000000000000000000e+00 
  0.000000000000000000e+00   0.000000000000000000e+00 
  0.000000000000000000e+00   0.000000000000000000e+00 
  0.000000000000000000e+00   0.000000000000000000e+00 
  0.000000000000000000e+00   0.000000000000000000e+00 
  0.000000000000000000e+00   0.000000000000000000e+00 
  0.000000000000000000e+00   0.000000000000000000e+00 
  0.000000000000000000e+00   0.000000000000000000e+00 
  0.000000000000000000e+00   0.000000000000000000e+00 
  0.000000000000000000e+00   0.000000000000000000e+00 
  0.000000000000000000e+00   0.000000000000000000e+00 
  0.000000000000000000e+00   0.000000000000000000e+00 
  0.000000000000000000e+00   0.000000000000000000e+00 
 -4.441172059159471659e-04   0.000000000000000000e+00 
  1.730418734951178969e-04   0.000000000000000000e+00 
 -1.068254583515262836e-03   0.000000000000000000e+00 
  1.154011674225482141e-02   0.000000000000000000e+00 
 -1.882942765951167025e-02   0.000000000000000000e+00 
  9.057555580512200930e-04   0.000000000000000000e+00 
 -2.076349686831234585e-03   0.000000000000000000e+00 
  2.393605746328836270e-02   0.000000000000000000e+00 
  2.777140773832822984e-02   0.000000000000000000e+00 
  1.152699333033551017e-04   0.000000000000000000e+00 
  7.224871963262551045e-02   0.000000000000000000e+00 
 -8.915612101554878932e-02   0.000000000000000000e+00 
 -2.229826897382727185e-02   0.000000000000000000e+00 
  1.152093429118415148e-02   0.000000000000000000e+00 
  1.878411392681728900e-03   0.000000000000000000e+00 
  2.765887649730255568e-03   0.000000000000000000e+00 
 -2.516933454899103459e-05   0.000000000000000000e+00 
  1.380340690957390182e-04   0.000000000000000000e+00 
  3.773567004827728302e-05   0.000000000000000000e+00 
 -7.572809408884487365e-05   0.000000000000000000e+00 
  6.022148299962288686e-04   0.000000000000000000e+00 
 -1.120654717087746360e-01   0.000000000000000000e+00 
  4.750041663646701467e-02   0.000000000000000000e+00 
 -1.431796263204886425e-04   0.000000000000000000e+00 
 -1.865787489805370298e-04   0.000000000000000000e+00 
 -6.121067563071828531e-04   0.000000000000000000e+00 
  1.599398819962516698e-04   0.000000000000000000e+00 
 -5.616831476800140466e-04   0.000000000000000000e+00 
 -1.193045228719710749e-01   0.000000000000000000e+00 
 -1.136597022414208569e-01   0.000000000000000000e+00 
  2.934511867351832174e-04   0.000000000000000000e+00 
 -3.144808113574985853e-02   0.000000000000000000e+00 
 -1.266968101263045154e-01   0.000000000000000000e+00 
 -2.071764174615972154e-04   0.000000000000000000e+00 
 -6.438241153955472085e-02   0.000000000000000000e+00 
 -1.002416461706161360e-01   0.000000000000000000e+00 
 -9.620396303944288600e-04   0.000000000000000000e+00 
  8.609902113676031268e-03   0.000000000000000000e+00 
 -1.009972020983694457e-01   0.000000000000000000e+00 
 -8.073469623923301697e-03   0.000000000000000000e+00 
 -3.624093253165483475e-03   0.000000000000000000e+00 
 -1.038574962876737768e-03   0.000000000000000000e+00 
  2.719261683523655805e-03   0.000000000000000000e+00 
 -9.579175710678104749e-02   0.000000000000000000e+00 
 -1.492453515529630903e-01   0.000000000000000000e+00 
 -1.453417935408652046e-03   0.000000000000000000e+00 
 -8.906092494726182765e-03   0.000000000000000000e+00 
  1.569918938912451267e-03   0.000000000000000000e+00 
 -1.289527416229248324e-01   0.000000000000000000e+00 
  2.447286248207092285e-01   0.000000000000000000e+00 
 -3.070341190323233604e-03   0.000000000000000000e+00 
 -7.402406190522008590e-04   0.000000000000000000e+00 
  2.191278189420699241e-01   0.000000000000000000e+00 
  4.325162172317504883e-01   0.000000000000000000e+00 
 -4.918121267110111498e-04   0.000000000000000000e+00 
  3.905372694134712653e-03   0.000000000000000000e+00 
 -7.299477001652122628e-04   0.000000000000000000e+00 
  1.769393496215343128e-02   0.000000000000000000e+00 
 -6.312146782875094862e-03   0.000000000000000000e+00 
 -9.479140862822534009e-05   0.000000000000000000e+00 
  6.457515410147607327e-04   0.000000000000000000e+00 
  6.029560463503003120e-04   0.000000000000000000e+00 
  7.908292463980607550e-04   0.000000000000000000e+00 
  1.211814931593834270e-03   0.000000000000000000e+00 
 -6.299334764480589433e-02   0.000000000000000000e+00 
  5.250320956110953591e-02   0.000000000000000000e+00 
  2.834176120813935995e-04   0.000000000000000000e+00 
  1.013842690736055548e-02   0.000000000000000000e+00 
 -2.281078137457371625e-03   0.000000000000000000e+00 
 -1.130296438932419101e-01   0.000000000000000000e+00 
 -2.415731400251387717e-01   0.000000000000000000e+00 
 -4.622044070856626730e-05   0.000000000000000000e+00 
 -7.880211342126128889e-04   0.000000000000000000e+00 
  6.617841124534608044e-01   0.000000000000000000e+00 
  7.435652613639846809e-02   0.000000000000000000e+00 
  1.283812802284955762e-03   0.000000000000000000e+00 
  0.000000000000000000e+00   0.000000000000000000e+00 
  0.000000000000000000e+00   0.000000000000000000e+00 
  0.000000000000000000e+00   0.000000000000000000e+00 
  0.000000000000000000e+00   0.000000000000000000e+00 
  0.000000000000000000e+00   0.000000000000000000e+00 
  0.000000000000000000e+00   0.000000000000000000e+00 
  0.000000000000000000e+00   0.000000000000000000e+00 
  0.000000000000000000e+00   0.000000000000000000e+00 
  0.000000000000000000e+00   0.000000000000000000e+00 
  0.000000000000000000e+00   0.000000000000000000e+00 
  0.000000000000000000e+00   0.000000000000000000e+00 
  0.000000000000000000e+00   0.000000000000000000e+00 
  0.000000000000000000e+00   0.000000000000000000e+00 
  0.000000000000000000e+00   0.000000000000000000e+00 
  0.000000000000000000e+00   0.000000000000000000e+00 
  0.000000000000000000e+00   0.000000000000000000e+00 
  0.000000000000000000e+00   0.000000000000000000e+00 
  0.000000000000000000e+00   0.000000000000000000e+00 
  0.000000000000000000e+00   0.000000000000000000e+00 
  0.000000000000000000e+00   0.000000000000000000e+00 
  0.000000000000000000e+00   0.000000000000000000e+00 
  0.000000000000000000e+00   0.000000000000000000e+00 
  0.000000000000000000e+00   0.000000000000000000e+00 
  0.000000000000000000e+00   0.000000000000000000e+00 
  0.000000000000000000e+00   0.000000000000000000e+00 
  0.000000000000000000e+00   0.000000000000000000e+00 
  0.000000000000000000e+00   0.000000000000000000e+00 
  0.000000000000000000e+00   0.000000000000000000e+00 
  0.000000000000000000e+00   0.000000000000000000e+00 
  0.000000000000000000e+00   0.000000000000000000e+00 
  0.000000000000000000e+00   0.000000000000000000e+00 
  0.000000000000000000e+00   0.000000000000000000e+00 
  0.000000000000000000e+00   0.000000000000000000e+00 
  0.000000000000000000e+00   0.000000000000000000e+00 
  0.000000000000000000e+00   0.000000000000000000e+00 
  0.000000000000000000e+00   0.000000000000000000e+00 
  0.000000000000000000e+00   0.000000000000000000e+00 
  0.000000000000000000e+00   0.000000000000000000e+00 
  0.000000000000000000e+00   0.000000000000000000e+00 
  0.000000000000000000e+00   0.000000000000000000e+00 
  0.000000000000000000e+00   0.000000000000000000e+00 
  0.000000000000000000e+00   0.000000000000000000e+00 
  0.000000000000000000e+00   0.000000000000000000e+00 
  0.000000000000000000e+00   0.000000000000000000e+00 
  0.000000000000000000e+00   0.000000000000000000e+00 
  0.000000000000000000e+00   0.000000000000000000e+00 
  0.000000000000000000e+00   0.000000000000000000e+00 
  0.000000000000000000e+00   0.000000000000000000e+00 
  0.000000000000000000e+00   0.000000000000000000e+00 
  0.000000000000000000e+00   0.000000000000000000e+00 
  0.000000000000000000e+00   0.000000000000000000e+00 
  0.000000000000000000e+00   0.000000000000000000e+00 
  0.000000000000000000e+00   0.000000000000000000e+00 
  0.000000000000000000e+00   0.000000000000000000e+00 
  0.000000000000000000e+00   0.000000000000000000e+00 
  0.000000000000000000e+00   0.000000000000000000e+00 
  0.000000000000000000e+00   0.000000000000000000e+00 
  0.000000000000000000e+00   0.000000000000000000e+00 
  0.000000000000000000e+00   0.000000000000000000e+00 
  0.000000000000000000e+00   0.000000000000000000e+00 
  0.000000000000000000e+00   0.000000000000000000e+00 
  0.000000000000000000e+00   0.000000000000000000e+00 
  0.000000000000000000e+00   0.000000000000000000e+00 
  0.000000000000000000e+00   0.000000000000000000e+00 
  0.000000000000000000e+00   0.000000000000000000e+00 
  0.000000000000000000e+00   0.000000000000000000e+00 
  0.000000000000000000e+00   0.000000000000000000e+00 
  0.000000000000000000e+00   0.000000000000000000e+00 
  0.000000000000000000e+00   0.000000000000000000e+00 
  0.000000000000000000e+00   0.000000000000000000e+00 
  0.000000000000000000e+00   0.000000000000000000e+00 
  0.000000000000000000e+00   0.000000000000000000e+00 
  0.000000000000000000e+00   0.000000000000000000e+00 
  0.000000000000000000e+00   0.000000000000000000e+00 
  0.000000000000000000e+00   0.000000000000000000e+00 
  0.000000000000000000e+00   0.000000000000000000e+00 
  3.263719554525112672e-04   0.000000000000000000e+00 
 -1.127658877521764153e-03   0.000000000000000000e+00 
  6.032451638020526257e-04   0.000000000000000000e+00 
 -1.953699812293196308e-02   0.000000000000000000e+00 
 -1.184914633631682992e-02   0.000000000000000000e+00 
 -8.792784647085190005e-04   0.000000000000000000e+00 
 -6.269118166528623746e-04   0.000000000000000000e+00 
 -2.734906040132012439e-02   0.000000000000000000e+00 
  2.507520653307465305e-02   0.000000000000000000e+00 
 -9.746014839038228978e-04   0.000000000000000000e+00 
 -8.428759872913410556e-02   0.000000000000000000e+00 
 -7.577554881572723389e-02   0.000000000000000000e+00 
 -2.327569946646699042e-02   0.000000000000000000e+00 
 -1.774775236844997744e-02   0.000000000000000000e+00 
 -1.374167739413798125e-03   0.000000000000000000e+00 
 -5.590736982413805050e-04   0.000000000000000000e+00 
 -2.094540541293119309e-04   0.000000000000000000e+00 
  6.917149294167768961e-04   0.000000000000000000e+00 
  1.904232049128026577e-04   0.000000000000000000e+00 
  1.092759543098509095e-03   0.000000000000000000e+00 
  1.711356599116698178e-04   0.000000000000000000e+00 
  4.229095205664634011e-02   0.000000000000000000e+00 
  1.167097315192222873e-01   0.000000000000000000e+00 
  1.456594443880021572e-03   0.000000000000000000e+00 
 -1.119057647883892059e-03   0.000000000000000000e+00 
  7.842394406907270176e-04   0.000000000000000000e+00 
 -1.522996462881565094e-03   0.000000000000000000e+00 
  4.610313335433613717e-04   0.000000000000000000e+00 
 -1.168643981218337874e-01   0.000000000000000000e+00 
  1.207085102796554704e-01   0.000000000000000000e+00 
 -1.366827520541845885e-03   0.000000000000000000e+00 
 -1.260472536087036688e-01   0.000000000000000000e+00 
  2.713846974074828750e-02   0.000000000000000000e+00 
  1.135833212174473892e-03   0.000000000000000000e+00 
 -9.398818761110309949e-02   0.000000000000000000e+00 
  6.978730112314217304e-02   0.000000000000000000e+00 
  6.242089439183470334e-04   0.000000000000000000e+00 
  1.194773167371749045e-01   0.000000000000000000e+00 
  2.952722599729928551e-03   0.000000000000000000e+00 
 -7.258584373630581118e-04   0.000000000000000000e+00 
  7.723587565124035749e-03   0.000000000000000000e+00 
 -6.646408000960955841e-04   0.000000000000000000e+00 
  4.634395707398654765e-03   0.000000000000000000e+00 
 -1.401552706956863126e-01   0.000000000000000000e+00 
  9.503000229597079185e-02   0.000000000000000000e+00 
 -1.270362525247037844e-03   0.000000000000000000e+00 
  3.927495796233416471e-03   0.000000000000000000e+00 
 -5.368083249777555466e-03   0.000000000000000000e+00 
 -2.340773642063140592e-01   0.000000000000000000e+00 
 -1.278025358915329257e-01   0.000000000000000000e+00 
 -3.596546826884150505e-03   0.000000000000000000e+00 
 -1.475389464758336110e-03   0.000000000000000000e+00 
 -4.375220835208891712e-01   0.000000000000000000e+00 
  2.230169624090194980e-01   0.000000000000000000e+00 
  5.498170852661132812e-03   0.000000000000000000e+00 
  2.853730460628867583e-03   0.000000000000000000e+00 
 -1.925217453390359662e-03   0.000000000000000000e+00 
  6.033269688487045979e-03   0.000000000000000000e+00 
  2.526463381946087577e-02   0.000000000000000000e+00 
 -3.383120347280055285e-04   0.000000000000000000e+00 
 -2.800433685479223730e-05   0.000000000000000000e+00 
  2.229062840342521667e-03   0.000000000000000000e+00 
 -1.811623806133866744e-03   0.000000000000000000e+00 
 -4.317455750424424631e-04   0.000000000000000000e+00 
  5.730146914720533891e-02   0.000000000000000000e+00 
  5.348095670342443986e-02   0.000000000000000000e+00 
 -4.821778275072574615e-03   0.000000000000000000e+00 
  5.351508967578412837e-03   0.000000000000000000e+00 
  2.720353368204086477e-04   0.000000000000000000e+00 
 -2.437203228473663608e-01   0.000000000000000000e+00 
  1.124089211225509366e-01   0.000000000000000000e+00 
 -2.147791907191276984e-03   0.000000000000000000e+00 
 -5.382127128541468707e-03   0.000000000000000000e+00 
 -7.656549662351604113e-02   0.000000000000000000e+00 
  6.675532460212708630e-01   0.000000000000000000e+00 
 -1.028381753712892316e-03   0.000000000000000000e+00 
  0.000000000000000000e+00   0.000000000000000000e+00 
  0.000000000000000000e+00   0.000000000000000000e+00 
  0.000000000000000000e+00   0.000000000000000000e+00 
  0.000000000000000000e+00   0.000000000000000000e+00 
  0.000000000000000000e+00   0.000000000000000000e+00 
  0.000000000000000000e+00   0.000000000000000000e+00 
  0.000000000000000000e+00   0.000000000000000000e+00 
  0.000000000000000000e+00   0.000000000000000000e+00 
  0.000000000000000000e+00   0.000000000000000000e+00 
  0.000000000000000000e+00   0.000000000000000000e+00 
  0.000000000000000000e+00   0.000000000000000000e+00 
  0.000000000000000000e+00   0.000000000000000000e+00 
  0.000000000000000000e+00   0.000000000000000000e+00 
  0.000000000000000000e+00   0.000000000000000000e+00 
  0.000000000000000000e+00   0.000000000000000000e+00 
  0.000000000000000000e+00   0.000000000000000000e+00 
  0.000000000000000000e+00   0.000000000000000000e+00 
  0.000000000000000000e+00   0.000000000000000000e+00 
  0.000000000000000000e+00   0.000000000000000000e+00 
  0.000000000000000000e+00   0.000000000000000000e+00 
  0.000000000000000000e+00   0.000000000000000000e+00 
  0.000000000000000000e+00   0.000000000000000000e+00 
  0.000000000000000000e+00   0.000000000000000000e+00 
  0.000000000000000000e+00   0.000000000000000000e+00 
  0.000000000000000000e+00   0.000000000000000000e+00 
  0.000000000000000000e+00   0.000000000000000000e+00 
  0.000000000000000000e+00   0.000000000000000000e+00 
  0.000000000000000000e+00   0.000000000000000000e+00 
  0.000000000000000000e+00   0.000000000000000000e+00 
  0.000000000000000000e+00   0.000000000000000000e+00 
  0.000000000000000000e+00   0.000000000000000000e+00 
  0.000000000000000000e+00   0.000000000000000000e+00 
  0.000000000000000000e+00   0.000000000000000000e+00 
  0.000000000000000000e+00   0.000000000000000000e+00 
  0.000000000000000000e+00   0.000000000000000000e+00 
  0.000000000000000000e+00   0.000000000000000000e+00 
  0.000000000000000000e+00   0.000000000000000000e+00 
  0.000000000000000000e+00   0.000000000000000000e+00 
  0.000000000000000000e+00   0.000000000000000000e+00 
  0.000000000000000000e+00   0.000000000000000000e+00 
  0.000000000000000000e+00   0.000000000000000000e+00 
  0.000000000000000000e+00   0.000000000000000000e+00 
  0.000000000000000000e+00   0.000000000000000000e+00 
  0.000000000000000000e+00   0.000000000000000000e+00 
  0.000000000000000000e+00   0.000000000000000000e+00 
  0.000000000000000000e+00   0.000000000000000000e+00 
  0.000000000000000000e+00   0.000000000000000000e+00 
  0.000000000000000000e+00   0.000000000000000000e+00 
  0.000000000000000000e+00   0.000000000000000000e+00 
  0.000000000000000000e+00   0.000000000000000000e+00 
  0.000000000000000000e+00   0.000000000000000000e+00 
  0.000000000000000000e+00   0.000000000000000000e+00 
  0.000000000000000000e+00   0.000000000000000000e+00 
  0.000000000000000000e+00   0.000000000000000000e+00 
  0.000000000000000000e+00   0.000000000000000000e+00 
  0.000000000000000000e+00   0.000000000000000000e+00 
  0.000000000000000000e+00   0.000000000000000000e+00 
  0.000000000000000000e+00   0.000000000000000000e+00 
  0.000000000000000000e+00   0.000000000000000000e+00 
  0.000000000000000000e+00   0.000000000000000000e+00 
  0.000000000000000000e+00   0.000000000000000000e+00 
  0.000000000000000000e+00   0.000000000000000000e+00 
  0.000000000000000000e+00   0.000000000000000000e+00 
  0.000000000000000000e+00   0.000000000000000000e+00 
  0.000000000000000000e+00   0.000000000000000000e+00 
  0.000000000000000000e+00   0.000000000000000000e+00 
  0.000000000000000000e+00   0.000000000000000000e+00 
  0.000000000000000000e+00   0.000000000000000000e+00 
  0.000000000000000000e+00   0.000000000000000000e+00 
  0.000000000000000000e+00   0.000000000000000000e+00 
  0.000000000000000000e+00   0.000000000000000000e+00 
  0.000000000000000000e+00   0.000000000000000000e+00 
  0.000000000000000000e+00   0.000000000000000000e+00 
  0.000000000000000000e+00   0.000000000000000000e+00 
  0.000000000000000000e+00   0.000000000000000000e+00 
  0.000000000000000000e+00   0.000000000000000000e+00 
 -3.725687414407838349e-02   0.000000000000000000e+00 
  5.703597795218124343e-03   0.000000000000000000e+00 
  5.069668591022386678e-02   0.000000000000000000e+00 
 -6.495065754276791370e-04   0.000000000000000000e+00 
  1.156695070676703324e-03   0.000000000000000000e+00 
  3.382095322012826366e-02   0.000000000000000000e+00 
 -1.307363621890534136e-02   0.000000000000000000e+00 
  5.740676075219970122e-03   0.000000000000000000e+00 
 -9.374752989968335908e-04   0.000000000000000000e+00 
 -2.490462502464793441e-03   0.000000000000000000e+00 
  5.791689036413373440e-04   0.000000000000000000e+00 
  1.999647123738707011e-03   0.000000000000000000e+00 
 -9.511542739347934221e-04   0.000000000000000000e+00 
 -2.480030292645037365e-03   0.000000000000000000e+00 
 -5.273977760225482397e-03   0.000000000000000000e+00 
 -1.258452393813013197e-04   0.000000000000000000e+00 
 -2.403696812689281800e-02   0.000000000000000000e+00 
 -2.126572430133822911e-01   0.000000000000000000e+00 
  1.756524592638017135e-01   0.000000000000000000e+00 
 -1.621951378183437206e-04   0.000000000000000000e+00 
  5.366560653783380985e-04   0.000000000000000000e+00 
 -2.684207400307059288e-03   0.000000000000000000e+00 
 -4.444156773388383171e-03   0.000000000000000000e+00 
  4.865413939114673577e-05   0.000000000000000000e+00 
 -5.209422670304774154e-04   0.000000000000000000e+00 
 -1.108917058445512598e-03   0.000000000000000000e+00 
 -4.149396845605222203e-04   0.000000000000000000e+00 
  9.607449918985334902e-02   0.000000000000000000e+00 
  5.414292681962248194e-03   0.000000000000000000e+00 
 -4.224975127726789820e-03   0.000000000000000000e+00 
  1.637668721377846456e-02   0.000000000000000000e+00 
 -1.254701637662947178e-03   0.000000000000000000e+00 
  7.082693744450811908e-03   0.000000000000000000e+00 
 -9.288532286882376920e-02   0.000000000000000000e+00 
  9.977458044886587316e-03   0.000000000000000000e+00 
 -1.312702801078558662e-02   0.000000000000000000e+00 
  1.824924349784852462e-01   0.000000000000000000e+00 
  6.324938032776117325e-03   0.000000000000000000e+00 
  5.858311895281075564e-03   0.000000000000000000e+00 
  3.184112254530190988e-03   0.000000000000000000e+00 
  8.283428847789766139e-03   0.000000000000000000e+00 
  1.676460504531861739e-01   0.000000000000000000e+00 
 -4.008098244667054333e-01   0.000000000000000000e+00 
 -2.222640253603458405e-02   0.000000000000000000e+00 
  1.971326954662798794e-02   0.000000000000000000e+00 
  1.661956012248993475e-01   0.000000000000000000e+00 
  5.623506847769023723e-03   0.000000000000000000e+00 
 -1.031267177313566208e-02   0.000000000000000000e+00 
 -2.613631449639797211e-02   0.000000000000000000e+00 
 -1.366621907800436540e-02   0.000000000000000000e+00 
  1.010852400213448554e-03   0.000000000000000000e+00 
 -1.234989017248154658e-01   0.000000000000000000e+00 
  6.550230551511048403e-03   0.000000000000000000e+00 
 -6.134422961622476578e-03   0.000000000000000000e+00 
  1.116403494961559339e-03   0.000000000000000000e+00 
  3.429080825299024582e-03   0.000000000000000000e+00 
 -1.360736489295959750e-01   0.000000000000000000e+00 
  3.793864510953427228e-03   0.000000000000000000e+00 
  5.391879938542841130e-03   0.000000000000000000e+00 
 -1.027804100885987282e-03   0.000000000000000000e+00 
  5.852838512510061264e-04   0.000000000000000000e+00 
 -8.188190986402333867e-04   0.000000000000000000e+00 
 -1.602982170879840851e-03   0.000000000000000000e+00 
  1.326106637716293335e-01   0.000000000000000000e+00 
  5.458768922835587588e-03   0.000000000000000000e+00 
  7.759128231555223465e-03   0.000000000000000000e+00 
 -8.366545662283897400e-03   0.000000000000000000e+00 
  7.287444313988092814e-04   0.000000000000000000e+00 
 -1.629288680851458462e-02   0.000000000000000000e+00 
 -4.331382922828194877e-03   0.000000000000000000e+00 
  1.071539055556058537e-02   0.000000000000000000e+00 
 -1.329858601093292514e-01   0.000000000000000000e+00 
  7.560111284255980335e-01   0.000000000000000000e+00 
  8.361201733350750315e-03   0.000000000000000000e+00 
 -1.779025793075561523e-02   0.000000000000000000e+00 
  7.220904529094698820e-02   0.000000000000000000e+00 
