# [2025-02-11 09:29:54,800] INFO: Loading Hamiltonian from saved file
# [2025-02-11 09:29:58,229] INFO: Setting up the training loop
# [2025-02-11 09:29:59,598] INFO: Initializing parameters and states
# [2025-02-11 09:30:09,130] INFO: Burning in the sampler for 100 steps
# [2025-02-11 09:30:17,099] INFO: Start training
# HF energy from loaded: -108.94937785719046
# step	loss	e_tot	exp_es	exp_s	std_es	std_s	lr	time
0	-108.9706	-108.9706	-108.9574	0.9999	1.6990	0.0156	3.0e-04	10.7621
1	-108.9713	-108.9713	-108.9572	0.9999	1.7543	0.0161	3.0e-04	0.7777
2	-108.9714	-108.9714	-108.9550	0.9998	1.8925	0.0174	3.0e-04	0.5409
3	-108.9726	-108.9726	-108.9519	0.9998	2.1216	0.0195	3.0e-04	0.5393
4	-108.9741	-108.9741	-108.9508	0.9998	2.2516	0.0207	3.0e-04	0.5412
5	-108.9733	-108.9733	-108.9464	0.9998	2.4201	0.0222	3.0e-04	0.5385
6	-108.9734	-108.9734	-108.9414	0.9997	2.6387	0.0242	3.0e-04	0.5394
7	-108.9745	-108.9745	-108.9369	0.9997	2.8638	0.0263	3.0e-04	0.5388
8	-108.9751	-108.9751	-108.9337	0.9996	3.0038	0.0276	3.0e-04	0.5422
9	-108.9778	-108.9778	-108.9304	0.9996	3.2151	0.0295	3.0e-04	0.5428
10	-108.9774	-108.9774	-108.9249	0.9995	3.3812	0.0310	3.0e-04	0.5414
11	-108.9785	-108.9785	-108.9248	0.9995	3.4191	0.0314	3.0e-04	0.5409
12	-108.9781	-108.9781	-108.9162	0.9994	3.6732	0.0337	3.0e-04	0.5403
13	-108.9794	-108.9794	-108.9162	0.9994	3.7106	0.0340	3.0e-04	0.5392
14	-108.9793	-108.9793	-108.9101	0.9994	3.8855	0.0356	3.0e-04	0.5416
15	-108.9818	-108.9818	-108.9064	0.9993	4.0526	0.0372	3.0e-04	0.5404
16	-108.9824	-108.9824	-108.9028	0.9993	4.1645	0.0382	3.0e-04	0.5412
17	-108.9840	-108.9840	-108.9022	0.9992	4.2219	0.0387	3.0e-04	0.5409
18	-108.9880	-108.9880	-108.8981	0.9992	4.4272	0.0406	3.0e-04	0.5409
19	-108.9846	-108.9846	-108.8889	0.9991	4.5676	0.0419	3.0e-04	0.5402
20	-108.9890	-108.9890	-108.8836	0.9990	4.7914	0.0440	3.0e-04	0.5424
21	-108.9899	-108.9899	-108.8804	0.9990	4.8845	0.0448	3.0e-04	0.5402
22	-108.9914	-108.9914	-108.8729	0.9989	5.0814	0.0466	3.0e-04	0.5407
23	-108.9928	-108.9928	-108.8660	0.9988	5.2560	0.0482	3.0e-04	0.5433
24	-108.9972	-108.9972	-108.8555	0.9987	5.5532	0.0509	3.0e-04	0.5418
25	-108.9955	-108.9955	-108.8413	0.9986	5.7975	0.0532	3.0e-04	0.5412
26	-108.9951	-108.9951	-108.8280	0.9985	6.0330	0.0553	3.0e-04	0.5438
27	-109.0018	-109.0018	-108.8214	0.9983	6.2680	0.0575	3.0e-04	0.5421
28	-109.0033	-109.0033	-108.8053	0.9982	6.5674	0.0602	3.0e-04	0.5418
29	-109.0032	-109.0032	-108.7905	0.9980	6.8081	0.0624	3.0e-04	0.5411
30	-109.0071	-109.0071	-108.7824	0.9979	6.9949	0.0642	3.0e-04	0.5395
31	-109.0146	-109.0146	-108.7656	0.9977	7.3628	0.0675	3.0e-04	0.5443
32	-109.0180	-109.0180	-108.7452	0.9975	7.7085	0.0707	3.0e-04	0.5429
33	-109.0139	-109.0139	-108.7278	0.9974	7.8941	0.0724	3.0e-04	0.5421
34	-109.0183	-109.0183	-108.7178	0.9972	8.0859	0.0742	3.0e-04	0.5433
35	-109.0265	-109.0265	-108.6983	0.9970	8.4538	0.0775	3.0e-04	0.5439
36	-109.0243	-109.0243	-108.6847	0.9969	8.5971	0.0789	3.0e-04	0.5415
37	-109.0341	-109.0341	-108.6702	0.9967	8.8983	0.0816	3.0e-04	0.5445
38	-109.0314	-109.0314	-108.6450	0.9965	9.1718	0.0841	3.0e-04	0.5438
39	-109.0401	-109.0401	-108.6243	0.9962	9.5125	0.0872	3.0e-04	0.5435
40	-109.0415	-109.0415	-108.5964	0.9959	9.8445	0.0903	3.0e-04	0.5436
41	-109.0458	-109.0458	-108.5843	0.9958	10.0223	0.0919	3.0e-04	0.5426
42	-109.0454	-109.0454	-108.5591	0.9955	10.2863	0.0943	3.0e-04	0.5435
43	-109.0592	-109.0592	-108.5434	0.9953	10.5963	0.0971	3.0e-04	0.5439
44	-109.0633	-109.0633	-108.5196	0.9950	10.8779	0.0997	3.0e-04	0.5428
45	-109.0709	-109.0709	-108.4874	0.9947	11.2651	0.1033	3.0e-04	0.5408
46	-109.0745	-109.0745	-108.5086	0.9948	11.0978	0.1017	3.0e-04	0.5436
47	-109.0911	-109.0911	-108.4756	0.9944	11.5700	0.1061	3.0e-04	0.5431
48	-109.0875	-109.0875	-108.4882	0.9945	11.4215	0.1047	3.0e-04	0.5437
49	-109.0840	-109.0840	-108.4615	0.9943	11.6355	0.1066	3.0e-04	0.5441
50	-109.1012	-109.1012	-108.4577	0.9941	11.8347	0.1084	3.0e-04	0.5460
51	-109.1060	-109.1060	-108.4297	0.9938	12.1301	0.1112	3.0e-04	0.5460
52	-109.0969	-109.0969	-108.4153	0.9938	12.1782	0.1116	3.0e-04	0.5457
53	-109.1070	-109.1070	-108.4158	0.9937	12.2634	0.1124	3.0e-04	0.5440
54	-109.1235	-109.1235	-108.4298	0.9936	12.2851	0.1126	3.0e-04	0.5441
55	-109.1262	-109.1262	-108.4189	0.9935	12.4073	0.1137	3.0e-04	0.5464
56	-109.1309	-109.1309	-108.4216	0.9935	12.4267	0.1138	3.0e-04	0.5443
57	-109.1419	-109.1419	-108.4190	0.9934	12.5434	0.1149	3.0e-04	0.5438
58	-109.1386	-109.1386	-108.4618	0.9938	12.1415	0.1112	3.0e-04	0.5460
59	-109.1537	-109.1537	-108.4355	0.9934	12.5034	0.1145	3.0e-04	0.5445
60	-109.1563	-109.1563	-108.4693	0.9937	12.2290	0.1120	3.0e-04	0.5442
61	-109.1734	-109.1734	-108.5002	0.9938	12.1089	0.1109	3.0e-04	0.5463
62	-109.1512	-109.1512	-108.4678	0.9937	12.2003	0.1117	3.0e-04	0.5435
63	-109.1727	-109.1727	-108.4982	0.9938	12.1176	0.1110	3.0e-04	0.5444
64	-109.1660	-109.1660	-108.4668	0.9936	12.3410	0.1130	3.0e-04	0.5459
65	-109.1826	-109.1826	-108.5272	0.9940	11.9526	0.1094	3.0e-04	0.5427
66	-109.1994	-109.1994	-108.5234	0.9938	12.1375	0.1111	3.0e-04	0.5428
67	-109.1834	-109.1834	-108.4989	0.9937	12.2141	0.1118	3.0e-04	0.5458
68	-109.1889	-109.1889	-108.5172	0.9938	12.0996	0.1107	3.0e-04	0.5450
69	-109.1768	-109.1768	-108.4935	0.9937	12.2019	0.1117	3.0e-04	0.5434
70	-109.1889	-109.1889	-108.5285	0.9940	11.9956	0.1098	3.0e-04	0.5455
71	-109.2134	-109.2134	-108.5489	0.9939	12.0325	0.1101	3.0e-04	0.5459
72	-109.1894	-109.1894	-108.5261	0.9939	12.0221	0.1101	3.0e-04	0.5459
73	-109.2121	-109.2121	-108.5336	0.9938	12.1627	0.1113	3.0e-04	0.5445
74	-109.2060	-109.2060	-108.5632	0.9941	11.8333	0.1083	3.0e-04	0.5469
75	-109.1997	-109.1997	-108.5558	0.9941	11.8459	0.1084	3.0e-04	0.5458
76	-109.1798	-109.1798	-108.5501	0.9942	11.7126	0.1072	3.0e-04	0.5441
77	-109.2132	-109.2132	-108.5524	0.9939	11.9900	0.1098	3.0e-04	0.5461
78	-109.2213	-109.2213	-108.5569	0.9939	12.0305	0.1101	3.0e-04	0.5454
79	-109.2116	-109.2116	-108.5679	0.9941	11.8456	0.1084	3.0e-04	0.5438
80	-109.2191	-109.2191	-108.5521	0.9939	12.0531	0.1103	3.0e-04	0.5450
81	-109.2241	-109.2241	-108.5529	0.9939	12.0886	0.1107	3.0e-04	0.5437
82	-109.1984	-109.1984	-108.5300	0.9939	12.0658	0.1105	3.0e-04	0.5443
83	-109.2101	-109.2101	-108.5228	0.9937	12.2331	0.1120	3.0e-04	0.5446
84	-109.2271	-109.2271	-108.5549	0.9938	12.1025	0.1108	2.9e-04	0.5452
85	-109.2331	-109.2331	-108.5564	0.9938	12.1417	0.1111	2.9e-04	0.5442
86	-109.2058	-109.2058	-108.5059	0.9936	12.3477	0.1130	2.9e-04	0.5446
87	-109.2058	-109.2058	-108.5200	0.9937	12.2171	0.1119	2.9e-04	0.5431
88	-109.2330	-109.2330	-108.5347	0.9936	12.3321	0.1129	2.9e-04	0.5461
89	-109.2491	-109.2491	-108.5426	0.9935	12.4027	0.1135	2.9e-04	0.5436
90	-109.2239	-109.2239	-108.5381	0.9937	12.2197	0.1119	2.9e-04	0.5458
91	-109.2427	-109.2427	-108.5555	0.9937	12.2316	0.1120	2.9e-04	0.5452
92	-109.2293	-109.2293	-108.5239	0.9935	12.3883	0.1134	2.9e-04	0.5449
93	-109.2243	-109.2243	-108.4965	0.9933	12.5775	0.1152	2.9e-04	0.5425
94	-109.2419	-109.2419	-108.4998	0.9932	12.7092	0.1163	2.9e-04	0.5438
95	-109.2435	-109.2435	-108.4735	0.9930	12.9445	0.1185	2.9e-04	0.5457
96	-109.2379	-109.2379	-108.4725	0.9930	12.9111	0.1182	2.9e-04	0.5447
97	-109.2334	-109.2334	-108.4646	0.9930	12.9339	0.1184	2.9e-04	0.5465
98	-109.2312	-109.2312	-108.4486	0.9928	13.0520	0.1195	2.9e-04	0.5440
99	-109.2272	-109.2272	-108.4809	0.9932	12.7458	0.1167	2.9e-04	0.5439
100	-109.2273	-109.2273	-108.4887	0.9932	12.6787	0.1161	2.9e-04	0.5448
101	-109.2358	-109.2358	-108.4786	0.9931	12.8298	0.1175	2.9e-04	0.5415
102	-109.2321	-109.2321	-108.4777	0.9931	12.8170	0.1173	2.9e-04	0.5468
103	-109.2405	-109.2405	-108.4335	0.9926	13.2499	0.1213	2.9e-04	0.5456
104	-109.2500	-109.2500	-108.4628	0.9928	13.0878	0.1198	2.9e-04	0.5449
105	-109.2204	-109.2204	-108.4273	0.9927	13.1350	0.1203	2.9e-04	0.5441
106	-109.2471	-109.2471	-108.4531	0.9927	13.1454	0.1203	2.9e-04	0.5470
107	-109.2313	-109.2313	-108.4187	0.9926	13.2974	0.1217	2.9e-04	0.5453
108	-109.2416	-109.2416	-108.4017	0.9923	13.5216	0.1238	2.9e-04	0.5432
109	-109.2533	-109.2533	-108.4297	0.9925	13.3876	0.1225	2.9e-04	0.5446
110	-109.2475	-109.2475	-108.4181	0.9924	13.4353	0.1230	2.9e-04	0.5453
111	-109.2259	-109.2259	-108.4015	0.9925	13.3890	0.1226	2.9e-04	0.5438
112	-109.2494	-109.2494	-108.4199	0.9924	13.4258	0.1229	2.9e-04	0.5436
113	-109.2490	-109.2490	-108.4218	0.9924	13.4138	0.1228	2.9e-04	0.5459
114	-109.2517	-109.2517	-108.3925	0.9921	13.6651	0.1251	2.9e-04	0.5457
115	-109.2554	-109.2554	-108.4042	0.9922	13.6107	0.1246	2.9e-04	0.5437
116	-109.2456	-109.2456	-108.3853	0.9921	13.6783	0.1252	2.9e-04	0.5457
117	-109.2547	-109.2547	-108.3740	0.9919	13.8422	0.1267	2.9e-04	0.5443
118	-109.2594	-109.2594	-108.3457	0.9916	14.0955	0.1290	2.9e-04	0.5452
119	-109.2524	-109.2524	-108.3512	0.9918	13.9968	0.1281	2.9e-04	0.5440
120	-109.2484	-109.2484	-108.3540	0.9918	13.9494	0.1277	2.9e-04	0.5456
121	-109.2558	-109.2558	-108.3495	0.9917	14.0388	0.1285	2.9e-04	0.5437
122	-109.2429	-109.2429	-108.3467	0.9918	13.9596	0.1278	2.9e-04	0.5457
123	-109.2439	-109.2439	-108.3338	0.9917	14.0664	0.1288	2.9e-04	0.5437
124	-109.2400	-109.2400	-108.3431	0.9918	13.9646	0.1279	2.9e-04	0.5454
125	-109.2404	-109.2404	-108.3170	0.9915	14.1720	0.1298	2.9e-04	0.5468
126	-109.2502	-109.2502	-108.3180	0.9915	14.2340	0.1304	2.9e-04	0.5440
127	-109.2528	-109.2528	-108.3239	0.9915	14.2113	0.1301	2.9e-04	0.5451
128	-109.2491	-109.2491	-108.3265	0.9916	14.1602	0.1296	2.9e-04	0.5448
129	-109.2425	-109.2425	-108.3102	0.9915	14.2370	0.1304	2.9e-04	0.5458
130	-109.2410	-109.2410	-108.3216	0.9916	14.1412	0.1295	2.9e-04	0.5459
131	-109.2469	-109.2469	-108.3117	0.9914	14.2565	0.1306	2.9e-04	0.5436
132	-109.2500	-109.2500	-108.2839	0.9912	14.4851	0.1327	2.9e-04	0.5454
133	-109.2429	-109.2429	-108.2841	0.9912	14.4334	0.1322	2.9e-04	0.5454
134	-109.2483	-109.2483	-108.3212	0.9915	14.1943	0.1300	2.9e-04	0.5466
135	-109.2494	-109.2494	-108.2933	0.9912	14.4184	0.1320	2.9e-04	0.5454
136	-109.2550	-109.2550	-108.2593	0.9909	14.7072	0.1347	2.9e-04	0.5436
137	-109.2606	-109.2606	-108.2500	0.9908	14.8166	0.1357	2.9e-04	0.5423
138	-109.2577	-109.2577	-108.2670	0.9909	14.6728	0.1344	2.9e-04	0.5456
139	-109.2571	-109.2571	-108.2772	0.9910	14.5911	0.1336	2.9e-04	0.5426
140	-109.2508	-109.2508	-108.2300	0.9907	14.8919	0.1364	2.9e-04	0.5454
141	-109.2449	-109.2449	-108.2669	0.9910	14.5787	0.1335	2.9e-04	0.5472
142	-109.2723	-109.2723	-108.2520	0.9907	14.8877	0.1363	2.9e-04	0.5464
143	-109.2476	-109.2476	-108.2360	0.9907	14.8265	0.1358	2.9e-04	0.5446
144	-109.2553	-109.2553	-108.2483	0.9908	14.7893	0.1354	2.9e-04	0.5448
145	-109.2543	-109.2543	-108.2323	0.9906	14.9006	0.1365	2.9e-04	0.5440
146	-109.2560	-109.2560	-108.2450	0.9907	14.8230	0.1357	2.9e-04	0.5466
147	-109.2553	-109.2553	-108.2206	0.9905	14.9935	0.1373	2.9e-04	0.5461
148	-109.2483	-109.2483	-108.2041	0.9904	15.0582	0.1379	2.9e-04	0.5453
149	-109.2643	-109.2643	-108.2291	0.9905	14.9994	0.1373	2.9e-04	0.5443
150	-109.2763	-109.2763	-108.2406	0.9905	14.9905	0.1373	2.9e-04	0.5463
151	-109.2642	-109.2642	-108.2119	0.9904	15.1236	0.1384	2.9e-04	0.5446
152	-109.2543	-109.2543	-108.1870	0.9902	15.2258	0.1394	2.9e-04	0.5444
153	-109.2602	-109.2602	-108.1981	0.9903	15.1883	0.1391	2.9e-04	0.5451
154	-109.2524	-109.2524	-108.1782	0.9902	15.2718	0.1399	2.9e-04	0.5461
155	-109.2733	-109.2733	-108.1880	0.9901	15.3490	0.1406	2.9e-04	0.5447
156	-109.2554	-109.2554	-108.1891	0.9902	15.2209	0.1394	2.9e-04	0.5451
157	-109.2505	-109.2505	-108.1997	0.9904	15.1044	0.1383	2.9e-04	0.5442
158	-109.2581	-109.2581	-108.1776	0.9901	15.3049	0.1402	2.9e-04	0.5442
159	-109.2643	-109.2643	-108.1384	0.9897	15.6357	0.1432	2.9e-04	0.5461
160	-109.2636	-109.2636	-108.1569	0.9899	15.5027	0.1420	2.9e-04	0.5449
161	-109.2693	-109.2693	-108.1665	0.9899	15.4735	0.1417	2.9e-04	0.5452
162	-109.2968	-109.2968	-108.1762	0.9897	15.5940	0.1427	2.9e-04	0.5466
163	-109.2513	-109.2513	-108.1524	0.9899	15.4487	0.1415	2.9e-04	0.5443
164	-109.2562	-109.2562	-108.1289	0.9897	15.6475	0.1433	2.9e-04	0.5439
165	-109.2646	-109.2646	-108.1466	0.9898	15.5813	0.1427	2.9e-04	0.5446
166	-109.2600	-109.2600	-108.1376	0.9897	15.6087	0.1430	2.9e-04	0.5457
167	-109.2612	-109.2612	-108.1263	0.9896	15.6958	0.1438	2.9e-04	0.5434
168	-109.2431	-109.2431	-108.1586	0.9901	15.3455	0.1406	2.9e-04	0.5459
169	-109.2707	-109.2707	-108.1346	0.9896	15.6918	0.1437	2.9e-04	0.5440
170	-109.2454	-109.2454	-108.0822	0.9894	15.8884	0.1455	2.9e-04	0.5453
171	-109.2588	-109.2588	-108.1000	0.9894	15.8519	0.1452	2.9e-04	0.5435
172	-109.2640	-109.2640	-108.1059	0.9894	15.8530	0.1452	2.9e-04	0.5469
173	-109.2525	-109.2525	-108.0866	0.9893	15.9105	0.1457	2.9e-04	0.5448
174	-109.2410	-109.2410	-108.0472	0.9891	16.0981	0.1474	2.9e-04	0.5447
175	-109.2678	-109.2678	-108.0414	0.9888	16.3133	0.1494	2.9e-04	0.5442
176	-109.2846	-109.2846	-108.0432	0.9886	16.4107	0.1503	2.9e-04	0.5455
177	-109.2528	-109.2528	-108.0806	0.9893	15.9532	0.1461	2.9e-04	0.5442
178	-109.2585	-109.2585	-107.9751	0.9883	16.6856	0.1528	2.9e-04	0.5447
179	-109.2677	-109.2677	-108.0323	0.9887	16.3702	0.1499	2.9e-04	0.5448
180	-109.2571	-109.2571	-107.9986	0.9885	16.5264	0.1513	2.9e-04	0.5458
181	-109.2634	-109.2634	-108.0026	0.9885	16.5364	0.1515	2.9e-04	0.5447
182	-109.2640	-109.2640	-107.9979	0.9884	16.5693	0.1518	2.9e-04	0.5447
183	-109.2647	-109.2647	-108.0356	0.9888	16.3328	0.1496	2.9e-04	0.5441
184	-109.2559	-109.2559	-108.0367	0.9888	16.2639	0.1490	2.9e-04	0.5452
185	-109.2633	-109.2633	-108.0078	0.9885	16.5050	0.1511	2.9e-04	0.5444
186	-109.2702	-109.2702	-108.0362	0.9887	16.3597	0.1498	2.9e-04	0.5447
187	-109.2701	-109.2701	-108.0314	0.9887	16.3953	0.1501	2.9e-04	0.5440
188	-109.2692	-109.2692	-107.9916	0.9883	16.6445	0.1524	2.9e-04	0.5448
189	-109.2702	-109.2702	-107.9810	0.9882	16.7235	0.1531	2.9e-04	0.5448
190	-109.2689	-109.2689	-107.9895	0.9883	16.6594	0.1526	2.9e-04	0.5426
191	-109.2718	-109.2718	-108.0260	0.9886	16.4351	0.1505	2.9e-04	0.5470
192	-109.2899	-109.2899	-108.0385	0.9886	16.4767	0.1509	2.9e-04	0.5455
193	-109.2771	-109.2771	-107.9946	0.9883	16.6785	0.1528	2.9e-04	0.5466
194	-109.2670	-109.2670	-108.0269	0.9887	16.4011	0.1502	2.9e-04	0.5449
195	-109.2751	-109.2751	-107.9836	0.9882	16.7179	0.1531	2.9e-04	0.5452
196	-109.2506	-109.2506	-108.0219	0.9888	16.3245	0.1495	2.9e-04	0.5441
197	-109.2759	-109.2759	-107.9861	0.9882	16.7268	0.1532	2.9e-04	0.5460
198	-109.2659	-109.2659	-107.9544	0.9880	16.8670	0.1545	2.9e-04	0.5447
199	-109.2718	-109.2718	-107.9496	0.9879	16.9323	0.1551	2.9e-04	0.5452
200	-109.2688	-109.2688	-107.9275	0.9877	17.0563	0.1562	2.9e-04	0.5461
201	-109.2711	-109.2711	-107.9409	0.9878	16.9795	0.1555	2.9e-04	0.5412
202	-109.2641	-109.2641	-107.9194	0.9877	17.0766	0.1564	2.9e-04	0.5450
203	-109.2743	-109.2743	-107.9250	0.9877	17.1092	0.1567	2.9e-04	0.5446
204	-109.2717	-109.2717	-107.9607	0.9880	16.8608	0.1544	2.9e-04	0.5440
205	-109.2760	-109.2760	-107.9157	0.9876	17.1751	0.1573	2.9e-04	0.5456
206	-109.2672	-109.2672	-107.9148	0.9876	17.1224	0.1568	2.9e-04	0.5462
207	-109.2679	-109.2679	-107.8819	0.9873	17.3280	0.1587	2.9e-04	0.5435
208	-109.2823	-109.2823	-107.8563	0.9870	17.5813	0.1610	2.9e-04	0.5433
209	-109.2694	-109.2694	-107.9040	0.9875	17.2022	0.1575	2.9e-04	0.5448
210	-109.2652	-109.2652	-107.8720	0.9872	17.3788	0.1592	2.9e-04	0.5461
211	-109.2630	-109.2630	-107.8708	0.9873	17.3705	0.1591	2.9e-04	0.5454
212	-109.2580	-109.2580	-107.8435	0.9871	17.5102	0.1604	2.9e-04	0.5463
213	-109.2489	-109.2489	-107.8286	0.9870	17.5422	0.1607	2.9e-04	0.5435
214	-109.2724	-109.2724	-107.8620	0.9871	17.4825	0.1601	2.9e-04	0.5462
215	-109.2545	-109.2545	-107.7733	0.9864	17.9151	0.1641	2.9e-04	0.5447
216	-109.2677	-109.2677	-107.8029	0.9866	17.8170	0.1632	2.9e-04	0.5436
217	-109.2669	-109.2669	-107.8013	0.9866	17.8141	0.1632	2.9e-04	0.5456
218	-109.2849	-109.2849	-107.7719	0.9862	18.1070	0.1658	2.9e-04	0.5465
219	-109.2768	-109.2768	-107.7425	0.9860	18.2316	0.1669	2.9e-04	0.5455
220	-109.2783	-109.2783	-107.7356	0.9859	18.2829	0.1674	2.9e-04	0.5444
221	-109.2781	-109.2781	-107.7265	0.9858	18.3343	0.1679	2.9e-04	0.5464
222	-109.2784	-109.2784	-107.7300	0.9858	18.3197	0.1677	2.9e-04	0.5452
223	-109.2717	-109.2717	-107.7254	0.9858	18.3013	0.1676	2.9e-04	0.5464
224	-109.2792	-109.2792	-107.7118	0.9857	18.4246	0.1687	2.9e-04	0.5442
225	-109.2884	-109.2884	-107.7011	0.9855	18.5442	0.1698	2.9e-04	0.5454
226	-109.2817	-109.2817	-107.6867	0.9854	18.5898	0.1702	2.9e-04	0.5467
227	-109.2813	-109.2813	-107.6479	0.9851	18.8089	0.1722	2.9e-04	0.5450
228	-109.2612	-109.2612	-107.7245	0.9859	18.2415	0.1671	2.9e-04	0.5448
229	-109.2871	-109.2871	-107.6651	0.9852	18.7420	0.1716	2.9e-04	0.5439
230	-109.2678	-109.2678	-107.6489	0.9852	18.7253	0.1715	2.9e-04	0.5452
231	-109.2781	-109.2781	-107.6619	0.9852	18.7103	0.1713	2.9e-04	0.5432
232	-109.2741	-109.2741	-107.6613	0.9852	18.6896	0.1711	2.9e-04	0.5462
233	-109.2552	-109.2552	-107.6116	0.9850	18.8615	0.1728	2.9e-04	0.5439
234	-109.2725	-109.2725	-107.6395	0.9851	18.7998	0.1721	2.9e-04	0.5462
235	-109.2858	-109.2858	-107.5914	0.9845	19.1528	0.1754	2.9e-04	0.5445
236	-109.2756	-109.2756	-107.6580	0.9852	18.7209	0.1714	2.9e-04	0.5455
237	-109.2733	-109.2733	-107.6005	0.9847	19.0250	0.1742	2.9e-04	0.5462
238	-109.2646	-109.2646	-107.5949	0.9847	19.0128	0.1741	2.9e-04	0.5441
239	-109.2721	-109.2721	-107.5731	0.9845	19.1863	0.1756	2.9e-04	0.5432
240	-109.2755	-109.2755	-107.5497	0.9842	19.3342	0.1770	2.9e-04	0.5439
241	-109.2756	-109.2756	-107.5193	0.9839	19.4929	0.1785	2.9e-04	0.5455
242	-109.2760	-109.2760	-107.4783	0.9835	19.7249	0.1806	2.9e-04	0.5444
243	-109.2555	-109.2555	-107.5914	0.9848	18.9849	0.1739	2.9e-04	0.5442
244	-109.2573	-109.2573	-107.4563	0.9835	19.7446	0.1808	2.9e-04	0.5449
245	-109.2597	-109.2597	-107.4620	0.9835	19.7275	0.1807	2.9e-04	0.5461
246	-109.2660	-109.2660	-107.4542	0.9834	19.8012	0.1813	2.9e-04	0.5453
247	-109.2648	-109.2648	-107.4357	0.9833	19.8966	0.1822	2.9e-04	0.5432
248	-109.2721	-109.2721	-107.3511	0.9824	20.3827	0.1867	2.9e-04	0.5440
249	-109.2651	-109.2651	-107.3779	0.9827	20.2014	0.1850	2.9e-04	0.5461
250	-109.2860	-109.2860	-107.3418	0.9822	20.5098	0.1878	2.9e-04	0.5452
251	-109.2686	-109.2686	-107.2657	0.9817	20.8105	0.1906	2.9e-04	0.5435
252	-109.2633	-109.2633	-107.2541	0.9816	20.8458	0.1909	2.9e-04	0.5463
253	-109.2615	-109.2615	-107.2086	0.9812	21.0691	0.1929	2.9e-04	0.5445
254	-109.2656	-109.2656	-107.2406	0.9815	20.9262	0.1916	2.9e-04	0.5441
255	-109.2584	-109.2584	-107.1267	0.9805	21.4611	0.1965	2.9e-04	0.5438
256	-109.2779	-109.2779	-107.1816	0.9808	21.2784	0.1949	2.9e-04	0.5477
257	-109.2811	-109.2811	-107.0404	0.9795	21.9971	0.2014	2.9e-04	0.5441
258	-109.2724	-109.2724	-107.1141	0.9802	21.5919	0.1977	2.9e-04	0.5449
259	-109.2717	-109.2717	-107.0545	0.9797	21.8904	0.2004	2.9e-04	0.5443
260	-109.2794	-109.2794	-106.9662	0.9788	22.3500	0.2047	2.9e-04	0.5456
261	-109.2723	-109.2723	-106.9683	0.9789	22.3028	0.2042	2.9e-04	0.5430
262	-109.2678	-109.2678	-106.9072	0.9784	22.5783	0.2067	2.9e-04	0.5447
263	-109.2854	-109.2854	-106.9224	0.9784	22.5878	0.2068	2.8e-04	0.5457
264	-109.2738	-109.2738	-106.9137	0.9784	22.5783	0.2067	2.8e-04	0.5443
265	-109.2712	-109.2712	-106.8773	0.9781	22.7332	0.2081	2.8e-04	0.5442
266	-109.2680	-109.2680	-106.8607	0.9780	22.7993	0.2087	2.8e-04	0.5440
267	-109.2714	-109.2714	-106.8864	0.9782	22.6943	0.2078	2.8e-04	0.5460
268	-109.2511	-109.2511	-106.7973	0.9775	23.0084	0.2107	2.8e-04	0.5442
269	-109.2753	-109.2753	-106.7542	0.9769	23.3189	0.2135	2.8e-04	0.5453
270	-109.2638	-109.2638	-106.7831	0.9773	23.1212	0.2117	2.8e-04	0.5442
271	-109.2660	-109.2660	-106.7853	0.9773	23.1376	0.2119	2.8e-04	0.5463
272	-109.2587	-109.2587	-106.8239	0.9777	22.9176	0.2099	2.8e-04	0.5429
273	-109.2683	-109.2683	-106.7957	0.9774	23.0964	0.2115	2.8e-04	0.5434
274	-109.2684	-109.2684	-106.8983	0.9783	22.6203	0.2071	2.8e-04	0.5461
275	-109.2702	-109.2702	-106.7969	0.9774	23.1036	0.2116	2.8e-04	0.5448
276	-109.2730	-109.2730	-106.7713	0.9771	23.2329	0.2127	2.8e-04	0.5432
277	-109.2660	-109.2660	-106.7737	0.9772	23.1886	0.2123	2.8e-04	0.5452
278	-109.2692	-109.2692	-106.7060	0.9765	23.5176	0.2153	2.8e-04	0.5464
279	-109.2849	-109.2849	-106.6925	0.9763	23.6385	0.2164	2.8e-04	0.5441
280	-109.2620	-109.2620	-106.6597	0.9762	23.6914	0.2169	2.8e-04	0.5435
281	-109.2667	-109.2667	-106.6733	0.9763	23.6433	0.2165	2.8e-04	0.5444
282	-109.2793	-109.2793	-106.6580	0.9760	23.7738	0.2177	2.8e-04	0.5455
283	-109.2611	-109.2611	-106.6948	0.9765	23.5321	0.2155	2.8e-04	0.5750
284	-109.2657	-109.2657	-106.6556	0.9761	23.7273	0.2173	2.8e-04	0.5443
285	-109.2797	-109.2797	-106.6894	0.9763	23.6391	0.2164	2.8e-04	0.5429
286	-109.2669	-109.2669	-106.5962	0.9756	23.9907	0.2197	2.8e-04	0.5439
287	-109.2727	-109.2727	-106.5773	0.9753	24.1089	0.2207	2.8e-04	0.5450
288	-109.2429	-109.2429	-106.5684	0.9755	24.0146	0.2199	2.8e-04	0.5448
289	-109.2780	-109.2780	-106.6180	0.9757	23.9513	0.2193	2.8e-04	0.5430
290	-109.2738	-109.2738	-106.5752	0.9753	24.1050	0.2207	2.8e-04	0.5443
291	-109.2709	-109.2709	-106.5882	0.9754	24.0547	0.2202	2.8e-04	0.5450
292	-109.2682	-109.2682	-106.5523	0.9751	24.1956	0.2215	2.8e-04	0.5462
293	-109.2753	-109.2753	-106.5131	0.9747	24.4025	0.2234	2.8e-04	0.5433
294	-109.2821	-109.2821	-106.4991	0.9745	24.4932	0.2242	2.8e-04	0.5433
295	-109.2594	-109.2594	-106.4934	0.9747	24.4168	0.2236	2.8e-04	0.5452
296	-109.2761	-109.2761	-106.5039	0.9746	24.4143	0.2236	2.8e-04	0.5456
297	-109.2683	-109.2683	-106.4886	0.9746	24.4744	0.2241	2.8e-04	0.5440
298	-109.2661	-109.2661	-106.4197	0.9739	24.7659	0.2268	2.8e-04	0.5441
299	-109.2731	-109.2731	-106.4634	0.9743	24.6104	0.2253	2.8e-04	0.5461
300	-109.2757	-109.2757	-106.4126	0.9738	24.8349	0.2274	2.8e-04	0.5429
301	-109.2791	-109.2791	-106.4553	0.9742	24.6676	0.2259	2.8e-04	0.5418
302	-109.2769	-109.2769	-106.4615	0.9742	24.6323	0.2255	2.8e-04	0.5443
303	-109.2724	-109.2724	-106.3686	0.9734	25.0110	0.2290	2.8e-04	0.5449
304	-109.2765	-109.2765	-106.3275	0.9730	25.2021	0.2307	2.8e-04	0.5425
305	-109.2871	-109.2871	-106.3184	0.9728	25.2867	0.2315	2.8e-04	0.5439
306	-109.2726	-109.2726	-106.2633	0.9725	25.4580	0.2331	2.8e-04	0.5459
307	-109.2756	-109.2756	-106.3265	0.9730	25.1944	0.2307	2.8e-04	0.5432
308	-109.2695	-109.2695	-106.2769	0.9726	25.3852	0.2324	2.8e-04	0.5455
309	-109.2863	-109.2863	-106.2734	0.9724	25.4677	0.2332	2.8e-04	0.5433
310	-109.2739	-109.2739	-106.2525	0.9723	25.5074	0.2335	2.8e-04	0.5439
311	-109.2740	-109.2740	-106.1414	0.9713	25.9567	0.2376	2.8e-04	0.5448
312	-109.2869	-109.2869	-106.2690	0.9724	25.4822	0.2333	2.8e-04	0.5438
313	-109.2857	-109.2857	-106.2154	0.9719	25.7053	0.2353	2.8e-04	0.5447
314	-109.2709	-109.2709	-106.2529	0.9724	25.4857	0.2333	2.8e-04	0.5474
315	-109.2692	-109.2692	-106.2600	0.9725	25.4522	0.2330	2.8e-04	0.5459
316	-109.2745	-109.2745	-106.2289	0.9721	25.6022	0.2344	2.8e-04	0.5435
317	-109.2629	-109.2629	-106.1606	0.9716	25.8394	0.2366	2.8e-04	0.5433
318	-109.2892	-109.2892	-106.3505	0.9731	25.1647	0.2303	2.8e-04	0.5440
319	-109.2679	-109.2679	-106.2378	0.9723	25.5415	0.2339	2.8e-04	0.5456
320	-109.2578	-109.2578	-106.3019	0.9729	25.2295	0.2310	2.8e-04	0.5453
321	-109.2775	-109.2775	-106.2212	0.9720	25.6454	0.2348	2.8e-04	0.5457
322	-109.2744	-109.2744	-106.3007	0.9728	25.3080	0.2317	2.8e-04	0.5457
323	-109.2708	-109.2708	-106.3007	0.9728	25.2868	0.2315	2.8e-04	0.5438
324	-109.2733	-109.2733	-106.2715	0.9725	25.4171	0.2327	2.8e-04	0.5453
325	-109.2787	-109.2787	-106.3078	0.9728	25.2926	0.2316	2.8e-04	0.5453
326	-109.2766	-109.2766	-106.1807	0.9717	25.8126	0.2363	2.8e-04	0.5445
327	-109.2722	-109.2722	-106.1554	0.9715	25.9009	0.2371	2.8e-04	0.5462
328	-109.2596	-109.2596	-106.3030	0.9729	25.2334	0.2311	2.8e-04	0.5449
329	-109.2666	-109.2666	-106.2055	0.9720	25.6642	0.2350	2.8e-04	0.5450
330	-109.2737	-109.2737	-106.2147	0.9720	25.6619	0.2350	2.8e-04	0.5433
331	-109.2700	-109.2700	-106.1615	0.9716	25.8623	0.2368	2.8e-04	0.5446
332	-109.2681	-109.2681	-106.0818	0.9708	26.1822	0.2397	2.8e-04	0.5458
333	-109.2755	-109.2755	-105.9829	0.9699	26.6005	0.2436	2.8e-04	0.5466
334	-109.2828	-109.2828	-106.0912	0.9708	26.2002	0.2399	2.8e-04	0.5433
335	-109.2861	-109.2861	-106.1084	0.9709	26.1496	0.2394	2.8e-04	0.5442
336	-109.2680	-109.2680	-106.1149	0.9711	26.0444	0.2385	2.8e-04	0.5451
337	-109.2826	-109.2826	-106.1372	0.9712	26.0157	0.2382	2.8e-04	0.5449
338	-109.2742	-109.2742	-106.0346	0.9704	26.3861	0.2416	2.8e-04	0.5459
339	-109.2636	-109.2636	-106.1747	0.9717	25.7750	0.2361	2.8e-04	0.5432
340	-109.2874	-109.2874	-106.0764	0.9706	26.2813	0.2406	2.8e-04	0.5460
341	-109.2796	-109.2796	-105.9972	0.9700	26.5663	0.2432	2.8e-04	0.5447
342	-109.2642	-109.2642	-105.9488	0.9697	26.6997	0.2445	2.8e-04	0.5476
343	-109.2797	-109.2797	-106.0353	0.9703	26.4147	0.2418	2.8e-04	0.5451
344	-109.2773	-109.2773	-105.9693	0.9697	26.6682	0.2442	2.8e-04	0.5456
345	-109.2690	-109.2690	-105.9859	0.9700	26.5669	0.2433	2.8e-04	0.5443
346	-109.2816	-109.2816	-106.0096	0.9701	26.5279	0.2428	2.8e-04	0.5448
347	-109.2760	-109.2760	-105.9087	0.9692	26.9017	0.2463	2.8e-04	0.5445
348	-109.2612	-109.2612	-105.8888	0.9691	26.9270	0.2465	2.8e-04	0.5440
349	-109.2766	-109.2766	-105.9134	0.9692	26.8847	0.2462	2.8e-04	0.5461
350	-109.2793	-109.2793	-105.8439	0.9686	27.1650	0.2487	2.8e-04	0.5475
351	-109.2714	-109.2714	-105.9631	0.9697	26.6642	0.2441	2.8e-04	0.5469
352	-109.2644	-109.2644	-105.7578	0.9679	27.4442	0.2513	2.8e-04	0.5450
353	-109.2601	-109.2601	-105.7847	0.9682	27.3232	0.2502	2.8e-04	0.5440
354	-109.2668	-109.2668	-105.8438	0.9687	27.1212	0.2483	2.8e-04	0.5447
355	-109.2957	-109.2957	-105.6968	0.9671	27.8043	0.2545	2.8e-04	0.5456
356	-109.2634	-109.2634	-105.6430	0.9669	27.8676	0.2552	2.8e-04	0.5445
357	-109.2808	-109.2808	-105.7326	0.9675	27.6012	0.2527	2.8e-04	0.5451
358	-109.2611	-109.2611	-105.6837	0.9673	27.7152	0.2538	2.8e-04	0.5455
359	-109.2771	-109.2771	-105.7801	0.9680	27.4059	0.2509	2.8e-04	0.5469
360	-109.2721	-109.2721	-105.6587	0.9669	27.8488	0.2550	2.8e-04	0.5458
361	-109.2735	-109.2735	-105.6909	0.9672	27.7369	0.2540	2.8e-04	0.5465
362	-109.2631	-109.2631	-105.6641	0.9671	27.7976	0.2545	2.8e-04	0.5457
363	-109.2614	-109.2614	-105.4979	0.9656	28.4127	0.2602	2.8e-04	0.5435
364	-109.2552	-109.2552	-105.6140	0.9667	27.9573	0.2560	2.8e-04	0.5468
365	-109.2883	-109.2883	-105.4565	0.9649	28.6730	0.2625	2.8e-04	0.5461
366	-109.2710	-109.2710	-105.4101	0.9647	28.7790	0.2635	2.8e-04	0.5448
367	-109.2956	-109.2956	-105.5793	0.9660	28.2413	0.2585	2.8e-04	0.5452
368	-109.2619	-109.2619	-105.4715	0.9653	28.5029	0.2611	2.8e-04	0.5462
369	-109.2953	-109.2953	-105.4699	0.9650	28.6510	0.2623	2.8e-04	0.5455
370	-109.2656	-109.2656	-105.4746	0.9653	28.5157	0.2611	2.8e-04	0.5475
371	-109.2739	-109.2739	-105.3529	0.9641	28.9893	0.2654	2.8e-04	0.5440
372	-109.2869	-109.2869	-105.2427	0.9630	29.4359	0.2695	2.8e-04	0.5454
373	-109.2859	-109.2859	-105.1795	0.9624	29.6655	0.2715	2.8e-04	0.5450
374	-109.2823	-109.2823	-105.1643	0.9623	29.7023	0.2719	2.8e-04	0.5457
375	-109.2538	-109.2538	-105.1226	0.9622	29.7452	0.2724	2.8e-04	0.5474
376	-109.2686	-109.2686	-105.1469	0.9623	29.6943	0.2719	2.8e-04	0.5443
377	-109.2813	-109.2813	-105.1946	0.9626	29.5881	0.2709	2.8e-04	0.5455
378	-109.2689	-109.2689	-105.0046	0.9610	30.2103	0.2766	2.8e-04	0.5458
379	-109.2831	-109.2831	-105.1487	0.9622	29.7595	0.2725	2.8e-04	0.5441
380	-109.2797	-109.2797	-105.0548	0.9613	30.0810	0.2754	2.8e-04	0.5433
381	-109.2769	-109.2769	-105.1091	0.9619	29.8766	0.2735	2.8e-04	0.5453
382	-109.2699	-109.2699	-104.9702	0.9607	30.3368	0.2777	2.8e-04	0.5458
383	-109.2772	-109.2772	-104.7173	0.9583	31.2228	0.2858	2.8e-04	0.5452
384	-109.2640	-109.2640	-104.9843	0.9608	30.2667	0.2771	2.8e-04	0.5470
385	-109.2754	-109.2754	-104.8105	0.9591	30.9028	0.2829	2.8e-04	0.5440
386	-109.2733	-109.2733	-104.7768	0.9589	31.0080	0.2839	2.8e-04	0.5447
387	-109.2615	-109.2615	-104.8109	0.9593	30.8494	0.2825	2.8e-04	0.5469
388	-109.2669	-109.2669	-104.6948	0.9582	31.2407	0.2860	2.8e-04	0.5431
389	-109.2769	-109.2769	-104.6261	0.9574	31.5274	0.2886	2.8e-04	0.5456
390	-109.2665	-109.2665	-104.5062	0.9564	31.8767	0.2919	2.8e-04	0.5473
391	-109.2881	-109.2881	-104.6199	0.9573	31.5583	0.2889	2.8e-04	0.5465
392	-109.2819	-109.2819	-104.6555	0.9577	31.4440	0.2879	2.8e-04	0.5472
393	-109.2615	-109.2615	-104.5283	0.9567	31.7975	0.2911	2.8e-04	0.5475
394	-109.2743	-109.2743	-104.3381	0.9548	32.4575	0.2972	2.8e-04	0.5482
395	-109.2860	-109.2860	-104.3819	0.9551	32.3553	0.2962	2.8e-04	0.5457
396	-109.2648	-109.2648	-104.2684	0.9543	32.6522	0.2989	2.8e-04	0.5446
397	-109.2916	-109.2916	-104.2559	0.9539	32.7814	0.3000	2.8e-04	0.5446
398	-109.2620	-109.2620	-104.3585	0.9551	32.3501	0.2962	2.8e-04	0.5446
399	-109.2750	-109.2750	-104.2384	0.9539	32.7779	0.3001	2.8e-04	0.5472
400	-109.2513	-109.2513	-104.2664	0.9544	32.6124	0.2986	2.8e-04	0.5474
401	-109.2596	-109.2596	-104.3480	0.9550	32.3755	0.2964	2.8e-04	0.5431
402	-109.2792	-109.2792	-104.1568	0.9531	33.0481	0.3025	2.8e-04	0.5439
403	-109.2741	-109.2741	-104.1062	0.9527	33.1940	0.3039	2.8e-04	0.5423
404	-109.2585	-109.2585	-104.0296	0.9521	33.3647	0.3055	2.8e-04	0.5447
405	-109.2807	-109.2807	-104.1404	0.9530	33.1087	0.3031	2.8e-04	0.5467
406	-109.2683	-109.2683	-104.0686	0.9524	33.2883	0.3048	2.8e-04	0.5462
407	-109.2862	-109.2862	-103.8883	0.9506	33.9097	0.3104	2.8e-04	0.5451
408	-109.2742	-109.2742	-104.0359	0.9521	33.4131	0.3059	2.8e-04	0.5451
409	-109.2732	-109.2732	-104.0756	0.9524	33.2823	0.3047	2.8e-04	0.5458
410	-109.2702	-109.2702	-103.9023	0.9509	33.7941	0.3094	2.8e-04	0.5468
411	-109.2862	-109.2862	-103.8351	0.9501	34.0748	0.3119	2.8e-04	0.5452
412	-109.2837	-109.2837	-103.7935	0.9498	34.1810	0.3129	2.8e-04	0.5434
413	-109.2847	-109.2847	-103.7896	0.9497	34.1997	0.3131	2.8e-04	0.5447
414	-109.2634	-109.2634	-103.7892	0.9499	34.1354	0.3126	2.8e-04	0.5453
415	-109.2830	-109.2830	-104.0152	0.9518	33.5003	0.3067	2.8e-04	0.5453
416	-109.2814	-109.2814	-103.8160	0.9500	34.1115	0.3123	2.8e-04	0.5468
417	-109.2666	-109.2666	-103.5532	0.9477	34.8561	0.3191	2.8e-04	0.5461
418	-109.2750	-109.2750	-103.6422	0.9485	34.6183	0.3169	2.8e-04	0.5452
419	-109.2776	-109.2776	-103.8346	0.9502	34.0414	0.3117	2.8e-04	0.5438
420	-109.2693	-109.2693	-103.5548	0.9477	34.8486	0.3190	2.8e-04	0.5465
421	-109.2631	-109.2631	-103.6656	0.9488	34.4899	0.3158	2.8e-04	0.5460
422	-109.2740	-109.2740	-103.7250	0.9492	34.3656	0.3146	2.8e-04	0.5456
423	-109.2612	-109.2612	-103.6610	0.9487	34.5029	0.3159	2.8e-04	0.5465
424	-109.2855	-109.2855	-103.4623	0.9467	35.1785	0.3220	2.8e-04	0.5456
425	-109.2687	-109.2687	-103.3591	0.9459	35.4161	0.3243	2.8e-04	0.5462
426	-109.2656	-109.2656	-103.4845	0.9471	35.0528	0.3210	2.8e-04	0.5449
427	-109.2857	-109.2857	-103.2816	0.9451	35.7060	0.3269	2.8e-04	0.5448
428	-109.2700	-109.2700	-103.4456	0.9467	35.1820	0.3221	2.8e-04	0.5452
429	-109.2758	-109.2758	-103.3765	0.9460	35.3945	0.3240	2.8e-04	0.5473
430	-109.2834	-109.2834	-103.3742	0.9459	35.4226	0.3243	2.8e-04	0.5473
431	-109.2711	-109.2711	-103.4221	0.9465	35.2538	0.3227	2.8e-04	0.5458
432	-109.2780	-109.2780	-103.2205	0.9446	35.8633	0.3283	2.8e-04	0.5463
433	-109.2582	-109.2582	-103.2166	0.9447	35.8124	0.3279	2.8e-04	0.5434
434	-109.2818	-109.2818	-103.2704	0.9450	35.6910	0.3267	2.8e-04	0.5447
435	-109.2691	-109.2691	-103.3076	0.9454	35.5784	0.3258	2.8e-04	0.5432
436	-109.2623	-109.2623	-102.8794	0.9416	36.7804	0.3368	2.8e-04	0.5461
437	-109.2999	-109.2999	-102.7941	0.9405	37.1291	0.3399	2.8e-04	0.5498
438	-109.2602	-109.2602	-102.8877	0.9417	36.7412	0.3364	2.8e-04	0.5449
439	-109.2717	-109.2717	-102.6491	0.9394	37.4467	0.3428	2.8e-04	0.5444
440	-109.2600	-109.2600	-102.7141	0.9401	37.2317	0.3409	2.8e-04	0.5446
441	-109.2942	-109.2942	-102.7358	0.9400	37.2734	0.3412	2.8e-04	0.5454
442	-109.2702	-109.2702	-102.6074	0.9390	37.5509	0.3438	2.8e-04	0.5467
443	-109.2649	-109.2649	-102.5174	0.9382	37.7842	0.3460	2.8e-04	0.5457
444	-109.2612	-109.2612	-102.6433	0.9394	37.4305	0.3427	2.8e-04	0.5445
445	-109.2803	-109.2803	-102.2595	0.9358	38.5244	0.3527	2.8e-04	0.5448
446	-109.2681	-109.2681	-102.2219	0.9355	38.5859	0.3533	2.8e-04	0.5450
447	-109.2796	-109.2796	-101.8736	0.9322	39.5225	0.3618	2.8e-04	0.5465
448	-109.2532	-109.2532	-101.8864	0.9326	39.4231	0.3610	2.8e-04	0.5452
449	-109.2647	-109.2647	-101.7130	0.9309	39.9036	0.3653	2.8e-04	0.5446
450	-109.2684	-109.2684	-101.8427	0.9320	39.5753	0.3623	2.8e-04	0.5458
451	-109.2600	-109.2600	-101.6959	0.9308	39.9335	0.3656	2.8e-04	0.5456
452	-109.2779	-109.2779	-101.5446	0.9292	40.3487	0.3694	2.8e-04	0.5443
453	-109.2744	-109.2744	-101.4872	0.9287	40.4998	0.3707	2.8e-04	0.5469
454	-109.2608	-109.2608	-101.7242	0.9310	39.8403	0.3648	2.7e-04	0.5443
455	-109.2597	-109.2597	-101.6487	0.9303	40.0483	0.3667	2.7e-04	0.5477
456	-109.2753	-109.2753	-101.6428	0.9302	40.1066	0.3671	2.7e-04	0.5468
457	-109.2991	-109.2991	-101.2480	0.9263	41.1578	0.3767	2.7e-04	0.5444
458	-109.2808	-109.2808	-101.3051	0.9270	40.9694	0.3750	2.7e-04	0.5458
459	-109.2964	-109.2964	-101.4483	0.9282	40.6417	0.3720	2.7e-04	0.5451
460	-109.2768	-109.2768	-101.3246	0.9272	40.8935	0.3743	2.7e-04	0.5438
461	-109.2915	-109.2915	-101.3535	0.9274	40.8761	0.3742	2.7e-04	0.5459
462	-109.2694	-109.2694	-101.1877	0.9260	41.2081	0.3773	2.7e-04	0.5475
463	-109.2711	-109.2711	-101.1767	0.9259	41.2518	0.3776	2.7e-04	0.5455
464	-109.2655	-109.2655	-101.7163	0.9309	39.8958	0.3652	2.7e-04	0.5452
465	-109.2660	-109.2660	-101.4656	0.9286	40.4890	0.3707	2.7e-04	0.5448
466	-109.2635	-109.2635	-101.5265	0.9292	40.3660	0.3696	2.7e-04	0.5445
467	-109.2784	-109.2784	-101.1756	0.9259	41.2780	0.3779	2.7e-04	0.5436
468	-109.2806	-109.2806	-101.1591	0.9257	41.3206	0.3782	2.7e-04	0.5454
469	-109.2690	-109.2690	-101.0242	0.9245	41.6222	0.3811	2.7e-04	0.5451
470	-109.2743	-109.2743	-101.0428	0.9247	41.5918	0.3807	2.7e-04	0.5452
471	-109.2634	-109.2634	-101.0566	0.9249	41.5328	0.3802	2.7e-04	0.5454
472	-109.2857	-109.2857	-101.0236	0.9244	41.6233	0.3810	2.7e-04	0.5455
473	-109.2681	-109.2681	-100.9127	0.9235	41.8905	0.3835	2.7e-04	0.5470
474	-109.2606	-109.2606	-100.8997	0.9235	41.9047	0.3837	2.7e-04	0.5474
475	-109.2747	-109.2747	-100.9938	0.9242	41.7110	0.3819	2.7e-04	0.5450
476	-109.2664	-109.2664	-100.9512	0.9239	41.7933	0.3826	2.7e-04	0.5446
477	-109.2869	-109.2869	-100.7768	0.9221	42.2392	0.3866	2.7e-04	0.5467
478	-109.2581	-109.2581	-100.9463	0.9239	41.7855	0.3826	2.7e-04	0.5457
479	-109.2775	-109.2775	-100.8765	0.9231	41.9855	0.3844	2.7e-04	0.5459
480	-109.2711	-109.2711	-100.6396	0.9210	42.5489	0.3895	2.7e-04	0.5474
481	-109.2671	-109.2671	-100.9426	0.9238	41.8095	0.3828	2.7e-04	0.5461
482	-109.2880	-109.2880	-100.5949	0.9205	42.6861	0.3907	2.7e-04	0.5443
483	-109.2847	-109.2847	-100.6346	0.9208	42.5922	0.3899	2.7e-04	0.5450
484	-109.2739	-109.2739	-100.8251	0.9227	42.1203	0.3856	2.7e-04	0.5454
485	-109.2734	-109.2734	-101.1433	0.9256	41.3365	0.3784	2.7e-04	0.5474
486	-109.3008	-109.3008	-100.6639	0.9210	42.5618	0.3896	2.7e-04	0.5449
487	-109.2744	-109.2744	-100.8602	0.9230	42.0340	0.3848	2.7e-04	0.5462
488	-109.2830	-109.2830	-101.0192	0.9244	41.6738	0.3815	2.7e-04	0.5477
489	-109.2740	-109.2740	-100.9251	0.9236	41.8630	0.3833	2.7e-04	0.5454
490	-109.2660	-109.2660	-100.7606	0.9222	42.2462	0.3868	2.7e-04	0.5470
491	-109.2745	-109.2745	-100.7901	0.9224	42.1840	0.3862	2.7e-04	0.5443
492	-109.2595	-109.2595	-100.7227	0.9219	42.3136	0.3874	2.7e-04	0.5448
493	-109.2813	-109.2813	-100.8402	0.9228	42.0955	0.3854	2.7e-04	0.5452
494	-109.2682	-109.2682	-100.7805	0.9223	42.1968	0.3864	2.7e-04	0.5467
495	-109.2642	-109.2642	-100.7258	0.9219	42.3140	0.3874	2.7e-04	0.5463
496	-109.2708	-109.2708	-100.5793	0.9205	42.6887	0.3908	2.7e-04	0.5455
497	-109.2679	-109.2679	-100.6586	0.9212	42.4892	0.3890	2.7e-04	0.5456
498	-109.2896	-109.2896	-100.5501	0.9200	42.8079	0.3918	2.7e-04	0.5468
499	-109.2824	-109.2824	-100.4522	0.9192	43.0193	0.3938	2.7e-04	0.5449
500	-109.2770	-109.2770	-100.1364	0.9164	43.7329	0.4004	2.7e-04	0.5432
501	-109.2784	-109.2784	-100.5978	0.9206	42.6603	0.3906	2.7e-04	0.5442
502	-109.2629	-109.2629	-100.5226	0.9200	42.7882	0.3918	2.7e-04	0.5462
503	-109.2827	-109.2827	-100.7468	0.9219	42.3181	0.3874	2.7e-04	0.5455
504	-109.2662	-109.2662	-100.2805	0.9178	43.3699	0.3971	2.7e-04	0.5479
505	-109.2671	-109.2671	-100.4147	0.9190	43.0610	0.3942	2.7e-04	0.5439
506	-109.2625	-109.2625	-100.1447	0.9166	43.6737	0.3999	2.7e-04	0.5458
507	-109.2554	-109.2554	-100.3450	0.9184	43.2028	0.3955	2.7e-04	0.5457
508	-109.2660	-109.2660	-100.3384	0.9183	43.2367	0.3958	2.7e-04	0.5467
509	-109.2543	-109.2543	-100.0715	0.9160	43.8224	0.4012	2.7e-04	0.5449
510	-109.2718	-109.2718	-99.8423	0.9137	44.3851	0.4064	2.7e-04	0.5455
511	-109.2707	-109.2707	-99.6085	0.9116	44.9061	0.4111	2.7e-04	0.5454
512	-109.2677	-109.2677	-99.6409	0.9119	44.8290	0.4104	2.7e-04	0.5468
513	-109.2754	-109.2754	-99.5347	0.9109	45.0760	0.4126	2.7e-04	0.5468
514	-109.2840	-109.2840	-99.1155	0.9070	46.0074	0.4211	2.7e-04	0.5457
515	-109.2707	-109.2707	-99.3429	0.9091	45.4858	0.4164	2.7e-04	0.5433
516	-109.2726	-109.2726	-99.2929	0.9087	45.6007	0.4175	2.7e-04	0.5428
517	-109.2799	-109.2799	-99.6337	0.9117	44.8662	0.4108	2.7e-04	0.5475
518	-109.2796	-109.2796	-99.4866	0.9104	45.1955	0.4138	2.7e-04	0.5485
519	-109.2494	-109.2494	-99.2480	0.9085	45.6497	0.4180	2.7e-04	0.5476
520	-109.3079	-109.3079	-98.8660	0.9045	46.6029	0.4265	2.7e-04	0.5462
521	-109.2780	-109.2780	-99.6513	0.9119	44.7981	0.4101	2.7e-04	0.5447
522	-109.2804	-109.2804	-99.1369	0.9072	45.9621	0.4207	2.7e-04	0.5446
523	-109.2872	-109.2872	-98.9728	0.9056	46.3216	0.4240	2.7e-04	0.5461
524	-109.2713	-109.2713	-98.5136	0.9016	47.2634	0.4327	2.7e-04	0.5453
525	-109.2599	-109.2599	-98.8075	0.9043	46.6044	0.4267	2.7e-04	0.5463
526	-109.2795	-109.2795	-98.7343	0.9035	46.8153	0.4286	2.7e-04	0.5466
527	-109.2739	-109.2739	-98.9049	0.9051	46.4402	0.4252	2.7e-04	0.5443
528	-109.2816	-109.2816	-99.0517	0.9064	46.1485	0.4224	2.7e-04	0.5479
529	-109.2753	-109.2753	-99.0004	0.9060	46.2358	0.4232	2.7e-04	0.5445
530	-109.2846	-109.2846	-98.9364	0.9053	46.4072	0.4247	2.7e-04	0.5447
531	-109.2648	-109.2648	-98.9322	0.9054	46.3634	0.4245	2.7e-04	0.5450
532	-109.2665	-109.2665	-98.9929	0.9060	46.2378	0.4233	2.7e-04	0.5456
533	-109.2741	-109.2741	-98.9924	0.9059	46.2549	0.4235	2.7e-04	0.5470
534	-109.3042	-109.3042	-99.0180	0.9059	46.2668	0.4235	2.7e-04	0.5455
535	-109.2729	-109.2729	-99.1215	0.9071	45.9663	0.4208	2.7e-04	0.5442
536	-109.2806	-109.2806	-99.1671	0.9075	45.8891	0.4201	2.7e-04	0.5473
537	-109.2962	-109.2962	-99.1494	0.9072	45.9753	0.4208	2.7e-04	0.5467
538	-109.2648	-109.2648	-98.7940	0.9042	46.6536	0.4271	2.7e-04	0.5476
539	-109.2853	-109.2853	-99.1380	0.9071	45.9677	0.4208	2.7e-04	0.5439
540	-109.2623	-109.2623	-99.2835	0.9087	45.6079	0.4175	2.7e-04	0.5443
541	-109.2783	-109.2783	-99.0339	0.9063	46.1700	0.4227	2.7e-04	0.5464
542	-109.2852	-109.2852	-99.4225	0.9098	45.3493	0.4151	2.7e-04	0.5461
543	-109.2816	-109.2816	-99.1695	0.9075	45.8945	0.4201	2.7e-04	0.5469
544	-109.2733	-109.2733	-99.6047	0.9115	44.9114	0.4112	2.7e-04	0.5470
545	-109.2947	-109.2947	-99.7299	0.9125	44.6899	0.4091	2.7e-04	0.5471
546	-109.2825	-109.2825	-99.9500	0.9146	44.1694	0.4044	2.7e-04	0.5440
547	-109.2713	-109.2713	-99.7764	0.9131	44.5202	0.4076	2.7e-04	0.5436
548	-109.2841	-109.2841	-99.9674	0.9147	44.1380	0.4040	2.7e-04	0.5453
549	-109.2897	-109.2897	-99.9369	0.9144	44.2156	0.4048	2.7e-04	0.5471
550	-109.2741	-109.2741	-100.0297	0.9154	43.9675	0.4025	2.7e-04	0.5472
551	-109.2819	-109.2819	-99.9709	0.9148	44.1209	0.4039	2.7e-04	0.5448
552	-109.2734	-109.2734	-100.2142	0.9171	43.5412	0.3986	2.7e-04	0.5448
553	-109.2665	-109.2665	-100.4805	0.9196	42.9052	0.3928	2.7e-04	0.5445
554	-109.2743	-109.2743	-100.0112	0.9152	44.0073	0.4029	2.7e-04	0.5456
555	-109.2843	-109.2843	-100.1948	0.9168	43.6131	0.3993	2.7e-04	0.5470
556	-109.2737	-109.2737	-100.1028	0.9161	43.7971	0.4010	2.7e-04	0.5440
557	-109.2710	-109.2710	-100.3146	0.9180	43.3043	0.3964	2.7e-04	0.5479
558	-109.2736	-109.2736	-100.1787	0.9168	43.6120	0.3993	2.7e-04	0.5450
559	-109.2836	-109.2836	-100.2368	0.9172	43.5171	0.3984	2.7e-04	0.5454
560	-109.2718	-109.2718	-100.4207	0.9190	43.0594	0.3942	2.7e-04	0.5493
561	-109.2800	-109.2800	-100.1039	0.9160	43.8092	0.4011	2.7e-04	0.5467
562	-109.2870	-109.2870	-100.4406	0.9191	43.0443	0.3940	2.7e-04	0.5460
563	-109.2951	-109.2951	-100.4375	0.9190	43.0898	0.3944	2.7e-04	0.5445
564	-109.2672	-109.2672	-100.3557	0.9184	43.1967	0.3955	2.7e-04	0.5444
565	-109.2705	-109.2705	-100.3783	0.9186	43.1422	0.3950	2.7e-04	0.5478
566	-109.2744	-109.2744	-100.5760	0.9204	42.7070	0.3910	2.7e-04	0.5462
567	-109.2618	-109.2618	-100.4332	0.9192	43.0026	0.3937	2.7e-04	0.5454
568	-109.2680	-109.2680	-100.2267	0.9173	43.4804	0.3981	2.7e-04	0.5478
569	-109.2544	-109.2544	-100.1951	0.9171	43.5264	0.3986	2.7e-04	0.5479
570	-109.2807	-109.2807	-100.3442	0.9182	43.2600	0.3960	2.7e-04	0.5450
571	-109.2690	-109.2690	-100.2628	0.9176	43.4233	0.3976	2.7e-04	0.5438
572	-109.2599	-109.2599	-100.3806	0.9187	43.1238	0.3948	2.7e-04	0.5451
573	-109.2826	-109.2826	-99.9227	0.9144	44.2353	0.4049	2.7e-04	0.5447
574	-109.2819	-109.2819	-100.0662	0.9157	43.9043	0.4019	2.7e-04	0.5454
575	-109.2710	-109.2710	-99.8522	0.9138	44.3647	0.4061	2.7e-04	0.5459
576	-109.2780	-109.2780	-100.2879	0.9177	43.3903	0.3972	2.7e-04	0.5477
577	-109.2717	-109.2717	-99.8437	0.9137	44.3844	0.4063	2.7e-04	0.5464
578	-109.2750	-109.2750	-100.0426	0.9155	43.9446	0.4023	2.7e-04	0.5465
579	-109.2846	-109.2846	-99.8772	0.9139	44.3395	0.4058	2.7e-04	0.5427
580	-109.2823	-109.2823	-99.9188	0.9143	44.2326	0.4050	2.7e-04	0.5444
581	-109.2862	-109.2862	-99.5051	0.9105	45.1483	0.4133	2.7e-04	0.5471
582	-109.2690	-109.2690	-100.3195	0.9181	43.2818	0.3963	2.7e-04	0.5462
583	-109.2689	-109.2689	-99.9598	0.9148	44.1139	0.4039	2.7e-04	0.5463
584	-109.2497	-109.2497	-100.1146	0.9164	43.7159	0.4003	2.7e-04	0.5445
585	-109.2740	-109.2740	-100.0853	0.9159	43.8483	0.4014	2.7e-04	0.5446
586	-109.2903	-109.2903	-100.2484	0.9173	43.5022	0.3982	2.7e-04	0.5448
587	-109.2820	-109.2820	-100.1336	0.9163	43.7470	0.4005	2.7e-04	0.5458
588	-109.2648	-109.2648	-100.1529	0.9166	43.6594	0.3997	2.7e-04	0.5449
589	-109.2845	-109.2845	-99.7035	0.9123	44.7292	0.4094	2.7e-04	0.5455
590	-109.2801	-109.2801	-100.1819	0.9167	43.6424	0.3995	2.7e-04	0.5448
591	-109.2742	-109.2742	-100.0951	0.9160	43.8233	0.4012	2.7e-04	0.5446
592	-109.2778	-109.2778	-100.2544	0.9174	43.4659	0.3979	2.7e-04	0.5456
593	-109.2656	-109.2656	-100.3196	0.9181	43.2487	0.3959	2.7e-04	0.5463
594	-109.2470	-109.2470	-100.5153	0.9201	42.7767	0.3917	2.7e-04	0.5477
595	-109.2879	-109.2879	-100.6518	0.9210	42.5646	0.3896	2.7e-04	0.5452
596	-109.2797	-109.2797	-100.2698	0.9176	43.4274	0.3976	2.7e-04	0.5438
597	-109.2680	-109.2680	-100.2710	0.9177	43.4048	0.3974	2.7e-04	0.5490
598	-109.2710	-109.2710	-100.5707	0.9204	42.7027	0.3909	2.7e-04	0.5476
599	-109.2851	-109.2851	-100.2454	0.9173	43.5097	0.3982	2.7e-04	0.5464
600	-109.2726	-109.2726	-100.5219	0.9199	42.8225	0.3920	2.7e-04	0.5468
601	-109.2755	-109.2755	-100.4664	0.9194	42.9728	0.3934	2.7e-04	0.5438
602	-109.2698	-109.2698	-100.4485	0.9193	42.9852	0.3935	2.7e-04	0.5473
603	-109.2870	-109.2870	-100.5455	0.9200	42.8091	0.3919	2.7e-04	0.5446
604	-109.2630	-109.2630	-100.7804	0.9224	42.1899	0.3863	2.7e-04	0.5439
605	-109.2769	-109.2769	-100.2951	0.9178	43.3570	0.3969	2.7e-04	0.5454
606	-109.2917	-109.2917	-100.1244	0.9161	43.7950	0.4009	2.7e-04	0.5471
607	-109.2823	-109.2823	-100.7327	0.9218	42.3578	0.3877	2.7e-04	0.5464
608	-109.2682	-109.2682	-100.6095	0.9208	42.6122	0.3901	2.7e-04	0.5453
609	-109.2558	-109.2558	-100.4438	0.9193	42.9718	0.3934	2.7e-04	0.5469
610	-109.2825	-109.2825	-100.5104	0.9197	42.8840	0.3925	2.7e-04	0.5480
611	-109.2661	-109.2661	-100.5485	0.9202	42.7550	0.3914	2.7e-04	0.5469
612	-109.2815	-109.2815	-100.5831	0.9204	42.7051	0.3909	2.7e-04	0.5449
613	-109.2707	-109.2707	-100.5224	0.9199	42.8300	0.3921	2.7e-04	0.5453
614	-109.2801	-109.2801	-100.5994	0.9206	42.6533	0.3904	2.7e-04	0.5448
615	-109.2805	-109.2805	-100.5724	0.9203	42.7336	0.3912	2.7e-04	0.5471
616	-109.2890	-109.2890	-100.4368	0.9190	43.0309	0.3939	2.7e-04	0.5474
617	-109.2800	-109.2800	-100.8244	0.9226	42.1325	0.3857	2.7e-04	0.5460
618	-109.2664	-109.2664	-100.3869	0.9187	43.1288	0.3948	2.7e-04	0.5455
619	-109.2650	-109.2650	-100.6103	0.9208	42.6077	0.3900	2.7e-04	0.5438
620	-109.2631	-109.2631	-100.7338	0.9219	42.2997	0.3873	2.7e-04	0.5449
621	-109.2768	-109.2768	-100.6549	0.9211	42.5149	0.3892	2.7e-04	0.5475
622	-109.2675	-109.2675	-100.6960	0.9216	42.4047	0.3882	2.7e-04	0.5450
623	-109.2785	-109.2785	-100.8174	0.9226	42.1411	0.3858	2.7e-04	0.5444
624	-109.2802	-109.2802	-100.6461	0.9210	42.5491	0.3895	2.7e-04	0.5449
625	-109.2849	-109.2849	-100.6411	0.9209	42.5789	0.3897	2.7e-04	0.5471
626	-109.2900	-109.2900	-100.9650	0.9238	41.8063	0.3827	2.7e-04	0.5458
627	-109.2856	-109.2856	-100.6257	0.9208	42.6222	0.3901	2.7e-04	0.5443
628	-109.2769	-109.2769	-100.6763	0.9213	42.4767	0.3889	2.7e-04	0.5436
629	-109.2627	-109.2627	-100.6793	0.9214	42.4299	0.3885	2.7e-04	0.5461
630	-109.3050	-109.3050	-100.8205	0.9224	42.1971	0.3862	2.7e-04	0.5475
631	-109.2853	-109.2853	-100.9170	0.9234	41.9190	0.3837	2.7e-04	0.5459
632	-109.2702	-109.2702	-100.7342	0.9219	42.3223	0.3875	2.7e-04	0.5463
633	-109.2794	-109.2794	-100.7643	0.9221	42.2754	0.3870	2.7e-04	0.5458
634	-109.2773	-109.2773	-100.8926	0.9233	41.9647	0.3841	2.7e-04	0.5475
635	-109.2912	-109.2912	-100.8652	0.9229	42.0625	0.3850	2.7e-04	0.5452
636	-109.2732	-109.2732	-100.8416	0.9228	42.0686	0.3851	2.7e-04	0.5458
637	-109.2777	-109.2777	-100.7923	0.9224	42.2049	0.3863	2.7e-04	0.5469
638	-109.2698	-109.2698	-100.8774	0.9232	41.9713	0.3842	2.7e-04	0.5458
639	-109.2900	-109.2900	-100.8958	0.9232	41.9809	0.3843	2.7e-04	0.5452
640	-109.2696	-109.2696	-101.1934	0.9261	41.2087	0.3773	2.7e-04	0.5476
641	-109.2721	-109.2721	-100.4491	0.9193	42.9963	0.3936	2.7e-04	0.5450
642	-109.2759	-109.2759	-100.5756	0.9204	42.7099	0.3910	2.7e-04	0.5467
643	-109.2771	-109.2771	-100.8988	0.9233	41.9435	0.3840	2.7e-04	0.5454
644	-109.2704	-109.2704	-100.8392	0.9228	42.0555	0.3851	2.7e-04	0.5446
645	-109.2602	-109.2602	-100.9316	0.9238	41.8223	0.3829	2.7e-04	0.5473
646	-109.2748	-109.2748	-100.9193	0.9235	41.8892	0.3835	2.7e-04	0.5442
647	-109.2770	-109.2770	-100.6338	0.9209	42.5764	0.3898	2.7e-04	0.5443
648	-109.2784	-109.2784	-100.9976	0.9242	41.7005	0.3817	2.7e-04	0.5465
649	-109.2854	-109.2854	-100.5497	0.9201	42.7950	0.3917	2.7e-04	0.5477
650	-109.2777	-109.2777	-100.6498	0.9210	42.5390	0.3895	2.7e-04	0.5457
651	-109.2528	-109.2528	-100.8316	0.9229	42.0475	0.3850	2.7e-04	0.5438
652	-109.2610	-109.2610	-100.5710	0.9205	42.6802	0.3908	2.7e-04	0.5443
653	-109.2769	-109.2769	-100.3547	0.9184	43.2262	0.3957	2.7e-04	0.5444
654	-109.2700	-109.2700	-100.4522	0.9193	42.9838	0.3935	2.7e-04	0.5467
655	-109.2785	-109.2785	-100.6208	0.9208	42.6167	0.3901	2.7e-04	0.5458
656	-109.3032	-109.3032	-100.4340	0.9189	43.1086	0.3946	2.7e-04	0.5466
657	-109.2817	-109.2817	-100.5625	0.9202	42.7579	0.3914	2.7e-04	0.5444
658	-109.2739	-109.2739	-100.5214	0.9199	42.8274	0.3921	2.7e-04	0.5448
659	-109.2877	-109.2877	-100.3506	0.9182	43.2681	0.3960	2.7e-04	0.5459
660	-109.2778	-109.2778	-100.4636	0.9193	42.9795	0.3935	2.6e-04	0.5467
661	-109.2713	-109.2713	-100.3823	0.9187	43.1568	0.3951	2.6e-04	0.5458
662	-109.2717	-109.2717	-100.6498	0.9211	42.5282	0.3893	2.6e-04	0.5469
663	-109.2892	-109.2892	-100.3666	0.9184	43.2324	0.3957	2.6e-04	0.5450
664	-109.2729	-109.2729	-100.3700	0.9185	43.1860	0.3954	2.6e-04	0.5434
665	-109.2682	-109.2682	-100.4481	0.9193	42.9934	0.3936	2.6e-04	0.5467
666	-109.2793	-109.2793	-100.1325	0.9163	43.7527	0.4005	2.6e-04	0.5469
667	-109.2838	-109.2838	-100.4466	0.9191	43.0194	0.3938	2.6e-04	0.5445
668	-109.2497	-109.2497	-100.3942	0.9189	43.0705	0.3944	2.6e-04	0.5435
669	-109.2940	-109.2940	-100.4934	0.9195	42.9401	0.3930	2.6e-04	0.5470
670	-109.2840	-109.2840	-100.2357	0.9172	43.5170	0.3984	2.6e-04	0.5475
671	-109.2692	-109.2692	-100.3823	0.9187	43.1490	0.3950	2.6e-04	0.5462
672	-109.2721	-109.2721	-100.3706	0.9185	43.1823	0.3953	2.6e-04	0.5449
673	-109.2456	-109.2456	-100.6745	0.9215	42.4013	0.3883	2.6e-04	0.5446
674	-109.2689	-109.2689	-100.4803	0.9196	42.9192	0.3929	2.6e-04	0.5771
675	-109.2786	-109.2786	-100.3811	0.9186	43.1680	0.3952	2.6e-04	0.5459
676	-109.2758	-109.2758	-100.4961	0.9197	42.8922	0.3926	2.6e-04	0.5447
677	-109.2656	-109.2656	-100.5169	0.9199	42.8267	0.3921	2.6e-04	0.5483
678	-109.2670	-109.2670	-100.4033	0.9189	43.0884	0.3945	2.6e-04	0.5443
679	-109.2831	-109.2831	-100.2947	0.9178	43.3848	0.3971	2.6e-04	0.5450
680	-109.2797	-109.2797	-100.3029	0.9179	43.3545	0.3969	2.6e-04	0.5802
681	-109.2821	-109.2821	-100.3788	0.9185	43.1763	0.3952	2.6e-04	0.5461
682	-109.2716	-109.2716	-100.2451	0.9174	43.4721	0.3980	2.6e-04	0.5467
683	-109.2702	-109.2702	-100.3309	0.9182	43.2680	0.3961	2.6e-04	0.5469
684	-109.2853	-109.2853	-100.1120	0.9161	43.8006	0.4009	2.6e-04	0.5440
685	-109.2830	-109.2830	-99.9256	0.9144	44.2342	0.4049	2.6e-04	0.5455
686	-109.2873	-109.2873	-100.2244	0.9171	43.5538	0.3987	2.6e-04	0.5474
687	-109.2774	-109.2774	-100.2753	0.9176	43.4151	0.3974	2.6e-04	0.5474
688	-109.2815	-109.2815	-100.2703	0.9175	43.4206	0.3975	2.6e-04	0.5456
689	-109.2879	-109.2879	-100.0056	0.9151	44.0588	0.4033	2.6e-04	0.5445
690	-109.2745	-109.2745	-100.0774	0.9158	43.8516	0.4015	2.6e-04	0.5466
691	-109.2766	-109.2766	-100.3981	0.9188	43.1241	0.3948	2.6e-04	0.5453
692	-109.2856	-109.2856	-100.1776	0.9167	43.6572	0.3997	2.6e-04	0.5454
693	-109.2788	-109.2788	-100.0721	0.9158	43.8880	0.4017	2.6e-04	0.5449
694	-109.2705	-109.2705	-99.9315	0.9145	44.1802	0.4044	2.6e-04	0.5446
695	-109.2831	-109.2831	-100.1610	0.9165	43.6750	0.3998	2.6e-04	0.5448
696	-109.2650	-109.2650	-99.5638	0.9112	44.9859	0.4119	2.6e-04	0.5463
697	-109.2769	-109.2769	-99.6885	0.9123	44.7422	0.4096	2.6e-04	0.5458
698	-109.2703	-109.2703	-99.9399	0.9146	44.1616	0.4043	2.6e-04	0.5466
699	-109.2736	-109.2736	-99.3480	0.9092	45.4841	0.4164	2.6e-04	0.5435
700	-109.2671	-109.2671	-99.5824	0.9114	44.9605	0.4116	2.6e-04	0.5438
701	-109.2767	-109.2767	-99.3140	0.9088	45.5670	0.4171	2.6e-04	0.5443
702	-109.2678	-109.2678	-99.7164	0.9126	44.6575	0.4088	2.6e-04	0.5458
703	-109.2890	-109.2890	-99.5178	0.9106	45.1507	0.4133	2.6e-04	0.5446
704	-109.2583	-109.2583	-99.3025	0.9089	45.5496	0.4170	2.6e-04	0.5464
705	-109.2785	-109.2785	-99.5870	0.9113	44.9742	0.4117	2.6e-04	0.5436
706	-109.2736	-109.2736	-99.1304	0.9072	45.9597	0.4207	2.6e-04	0.5447
707	-109.3053	-109.3053	-99.2880	0.9084	45.6848	0.4181	2.6e-04	0.5453
708	-109.2814	-109.2814	-99.3250	0.9089	45.5580	0.4170	2.6e-04	0.5451
709	-109.2644	-109.2644	-99.2236	0.9081	45.7355	0.4187	2.6e-04	0.5452
710	-109.2910	-109.2910	-99.2111	0.9078	45.8300	0.4195	2.6e-04	0.5464
711	-109.2826	-109.2826	-99.2416	0.9081	45.7218	0.4185	2.6e-04	0.5459
712	-109.2888	-109.2888	-99.4703	0.9102	45.2467	0.4141	2.6e-04	0.5450
713	-109.2851	-109.2851	-99.6881	0.9122	44.7645	0.4097	2.6e-04	0.5464
714	-109.2697	-109.2697	-99.5474	0.9110	45.0135	0.4121	2.6e-04	0.5448
715	-109.2854	-109.2854	-99.6651	0.9120	44.7912	0.4100	2.6e-04	0.5445
716	-109.2851	-109.2851	-99.6093	0.9115	44.9393	0.4114	2.6e-04	0.5473
717	-109.2784	-109.2784	-99.4118	0.9097	45.3603	0.4152	2.6e-04	0.5447
718	-109.2897	-109.2897	-99.9390	0.9144	44.2113	0.4047	2.6e-04	0.5448
719	-109.2709	-109.2709	-99.8965	0.9142	44.2597	0.4052	2.6e-04	0.5465
720	-109.2487	-109.2487	-99.8381	0.9139	44.3419	0.4060	2.6e-04	0.5454
721	-109.2792	-109.2792	-100.1041	0.9160	43.8109	0.4011	2.6e-04	0.5441
722	-109.2840	-109.2840	-100.0326	0.9153	43.9904	0.4027	2.6e-04	0.5457
723	-109.2908	-109.2908	-99.6620	0.9119	44.8297	0.4104	2.6e-04	0.5454
724	-109.2788	-109.2788	-100.0161	0.9152	44.0154	0.4029	2.6e-04	0.5454
725	-109.2753	-109.2753	-99.3938	0.9096	45.3900	0.4155	2.6e-04	0.5446
726	-109.2670	-109.2670	-99.8996	0.9143	44.2342	0.4049	2.6e-04	0.5450
727	-109.2965	-109.2965	-99.5286	0.9106	45.1429	0.4132	2.6e-04	0.5463
728	-109.2783	-109.2783	-100.1295	0.9163	43.7423	0.4005	2.6e-04	0.5466
729	-109.2774	-109.2774	-99.5956	0.9114	44.9505	0.4115	2.6e-04	0.5453
730	-109.2952	-109.2952	-99.7224	0.9124	44.7135	0.4093	2.6e-04	0.5464
731	-109.2603	-109.2603	-99.4682	0.9104	45.1997	0.4138	2.6e-04	0.5435
732	-109.2718	-109.2718	-99.5355	0.9109	45.0746	0.4126	2.6e-04	0.5444
733	-109.2864	-109.2864	-99.7404	0.9127	44.6514	0.4087	2.6e-04	0.5463
734	-109.2770	-109.2770	-99.6029	0.9115	44.9268	0.4113	2.6e-04	0.5444
735	-109.2903	-109.2903	-99.7579	0.9128	44.6261	0.4084	2.6e-04	0.5441
736	-109.2899	-109.2899	-99.8863	0.9140	44.3396	0.4058	2.6e-04	0.5467
737	-109.2859	-109.2859	-99.9207	0.9143	44.2436	0.4050	2.6e-04	0.5472
738	-109.2899	-109.2899	-99.8975	0.9141	44.3109	0.4056	2.6e-04	0.5464
739	-109.2762	-109.2762	-100.0440	0.9155	43.9375	0.4023	2.6e-04	0.5458
740	-109.2777	-109.2777	-99.4869	0.9104	45.1914	0.4137	2.6e-04	0.5450
741	-109.2794	-109.2794	-99.9435	0.9146	44.1771	0.4044	2.6e-04	0.5555
742	-109.2749	-109.2749	-99.6886	0.9123	44.7358	0.4096	2.6e-04	0.5470
743	-109.2887	-109.2887	-99.7382	0.9126	44.6638	0.4088	2.6e-04	0.5449
744	-109.2767	-109.2767	-99.7661	0.9130	44.5722	0.4080	2.6e-04	0.5449
745	-109.2670	-109.2670	-100.1092	0.9162	43.7737	0.4007	2.6e-04	0.5461
746	-109.2812	-109.2812	-99.8742	0.9139	44.3409	0.4059	2.6e-04	0.5472
747	-109.2625	-109.2625	-100.1267	0.9164	43.7200	0.4002	2.6e-04	0.5430
748	-109.2671	-109.2671	-100.0279	0.9154	43.9419	0.4023	2.6e-04	0.5444
749	-109.2797	-109.2797	-100.1539	0.9165	43.6627	0.3997	2.6e-04	0.5454
750	-109.2721	-109.2721	-100.1308	0.9163	43.7359	0.4004	2.6e-04	0.5470
751	-109.2690	-109.2690	-100.0141	0.9153	43.9926	0.4028	2.6e-04	0.5442
752	-109.2709	-109.2709	-99.8178	0.9135	44.4386	0.4068	2.6e-04	0.5461
753	-109.2722	-109.2722	-99.9259	0.9145	44.1944	0.4046	2.6e-04	0.5457
754	-109.2842	-109.2842	-99.7481	0.9127	44.6229	0.4085	2.6e-04	0.5455
755	-109.2729	-109.2729	-100.0343	0.9155	43.9396	0.4023	2.6e-04	0.5442
756	-109.2782	-109.2782	-99.6768	0.9121	44.7666	0.4098	2.6e-04	0.5452
757	-109.2824	-109.2824	-99.8106	0.9133	44.4882	0.4072	2.6e-04	0.5446
758	-109.2658	-109.2658	-99.6152	0.9117	44.8837	0.4109	2.6e-04	0.5448
759	-109.2828	-109.2828	-99.7274	0.9126	44.6763	0.4089	2.6e-04	0.5457
760	-109.2815	-109.2815	-99.5485	0.9109	45.0689	0.4125	2.6e-04	0.5474
761	-109.2891	-109.2891	-99.5695	0.9111	45.0330	0.4122	2.6e-04	0.5446
762	-109.2848	-109.2848	-99.8548	0.9137	44.3937	0.4064	2.6e-04	0.5447
763	-109.2800	-109.2800	-99.7440	0.9127	44.6219	0.4085	2.6e-04	0.5429
764	-109.2871	-109.2871	-99.3472	0.9090	45.5163	0.4166	2.6e-04	0.5461
765	-109.2737	-109.2737	-99.4397	0.9100	45.2911	0.4146	2.6e-04	0.5455
766	-109.2681	-109.2681	-99.6204	0.9117	44.8719	0.4108	2.6e-04	0.5445
767	-109.2745	-109.2745	-99.3703	0.9094	45.4509	0.4160	2.6e-04	0.5447
768	-109.2754	-109.2754	-99.4359	0.9100	45.2920	0.4146	2.6e-04	0.5452
769	-109.2824	-109.2824	-99.7328	0.9126	44.6573	0.4088	2.6e-04	0.5459
770	-109.2920	-109.2920	-99.4929	0.9103	45.1813	0.4136	2.6e-04	0.5461
771	-109.2570	-109.2570	-99.2378	0.9083	45.6888	0.4183	2.6e-04	0.5450
772	-109.2675	-109.2675	-99.2046	0.9079	45.7788	0.4191	2.6e-04	0.5431
773	-109.2856	-109.2856	-99.2841	0.9085	45.6615	0.4179	2.6e-04	0.5439
774	-109.2787	-109.2787	-99.3375	0.9090	45.5225	0.4167	2.6e-04	0.5460
775	-109.2801	-109.2801	-99.1508	0.9073	45.9287	0.4205	2.6e-04	0.5475
776	-109.2789	-109.2789	-99.0827	0.9067	46.0754	0.4218	2.6e-04	0.5462
777	-109.2890	-109.2890	-99.3718	0.9093	45.4581	0.4161	2.6e-04	0.5446
778	-109.3009	-109.3009	-99.0412	0.9061	46.2066	0.4230	2.6e-04	0.5451
779	-109.2859	-109.2859	-99.0866	0.9067	46.0677	0.4217	2.6e-04	0.5441
780	-109.2878	-109.2878	-99.0259	0.9061	46.2266	0.4231	2.6e-04	0.5451
781	-109.2805	-109.2805	-99.1190	0.9070	46.0069	0.4211	2.6e-04	0.5464
782	-109.2860	-109.2860	-99.1752	0.9075	45.8878	0.4200	2.6e-04	0.5459
783	-109.2921	-109.2921	-99.2572	0.9082	45.7175	0.4185	2.6e-04	0.5459
784	-109.2804	-109.2804	-99.4176	0.9097	45.3347	0.4150	2.6e-04	0.5437
785	-109.2721	-109.2721	-99.7054	0.9125	44.6899	0.4092	2.6e-04	0.5460
786	-109.2823	-109.2823	-99.5327	0.9108	45.0854	0.4127	2.6e-04	0.5447
787	-109.2839	-109.2839	-99.3390	0.9090	45.5235	0.4167	2.6e-04	0.5450
788	-109.2670	-109.2670	-99.2446	0.9083	45.6971	0.4184	2.6e-04	0.5442
789	-109.2811	-109.2811	-99.4060	0.9096	45.3764	0.4154	2.6e-04	0.5462
790	-109.2727	-109.2727	-99.2825	0.9086	45.6295	0.4177	2.6e-04	0.5453
791	-109.2877	-109.2877	-99.2103	0.9078	45.8238	0.4194	2.6e-04	0.5452
792	-109.2616	-109.2616	-99.3344	0.9091	45.4830	0.4165	2.6e-04	0.5462
793	-109.2830	-109.2830	-99.2282	0.9080	45.7727	0.4190	2.6e-04	0.5443
794	-109.2908	-109.2908	-99.2011	0.9077	45.8067	0.4193	2.6e-04	0.5450
795	-109.2841	-109.2841	-99.1801	0.9075	45.8766	0.4200	2.6e-04	0.5459
796	-109.2920	-109.2920	-99.2469	0.9081	45.7504	0.4188	2.6e-04	0.5436
797	-109.2835	-109.2835	-99.1870	0.9076	45.8334	0.4196	2.6e-04	0.5445
798	-109.2733	-109.2733	-99.3076	0.9088	45.5779	0.4172	2.6e-04	0.5460
799	-109.2820	-109.2820	-99.1952	0.9077	45.8357	0.4196	2.6e-04	0.5462
800	-109.2734	-109.2734	-99.2228	0.9080	45.7570	0.4189	2.6e-04	0.5462
801	-109.2748	-109.2748	-99.0059	0.9060	46.2323	0.4232	2.6e-04	0.5438
802	-109.2737	-109.2737	-99.3135	0.9089	45.5437	0.4169	2.6e-04	0.5472
803	-109.2676	-109.2676	-99.3849	0.9096	45.3865	0.4155	2.6e-04	0.5459
804	-109.2678	-109.2678	-99.2570	0.9084	45.6707	0.4181	2.6e-04	0.5437
805	-109.2846	-109.2846	-99.1454	0.9072	45.9524	0.4206	2.6e-04	0.5447
806	-109.2838	-109.2838	-99.1992	0.9077	45.8359	0.4196	2.6e-04	0.5458
807	-109.2816	-109.2816	-99.2059	0.9078	45.8081	0.4194	2.6e-04	0.5463
808	-109.2630	-109.2630	-99.6318	0.9119	44.8360	0.4105	2.6e-04	0.5478
809	-109.2738	-109.2738	-99.1609	0.9075	45.8881	0.4201	2.6e-04	0.5435
810	-109.2882	-109.2882	-99.0399	0.9062	46.1832	0.4228	2.6e-04	0.5452
811	-109.2874	-109.2874	-98.8466	0.9045	46.5978	0.4265	2.6e-04	0.5443
812	-109.2774	-109.2774	-98.9997	0.9059	46.2376	0.4233	2.6e-04	0.5447
813	-109.2707	-109.2707	-98.9924	0.9059	46.2509	0.4234	2.6e-04	0.5452
814	-109.2872	-109.2872	-99.0079	0.9059	46.2490	0.4233	2.6e-04	0.5449
815	-109.2955	-109.2955	-98.7039	0.9031	46.9205	0.4294	2.6e-04	0.5439
816	-109.2555	-109.2555	-98.9329	0.9055	46.3423	0.4243	2.6e-04	0.5471
817	-109.2905	-109.2905	-98.7799	0.9038	46.7476	0.4279	2.6e-04	0.5466
818	-109.2685	-109.2685	-98.9304	0.9054	46.3809	0.4246	2.6e-04	0.5453
819	-109.2756	-109.2756	-98.9079	0.9051	46.4212	0.4250	2.6e-04	0.5435
820	-109.2833	-109.2833	-98.7024	0.9032	46.8927	0.4293	2.6e-04	0.5442
821	-109.2683	-109.2683	-98.7138	0.9034	46.8314	0.4287	2.6e-04	0.5481
822	-109.2526	-109.2526	-98.5287	0.9018	47.1912	0.4321	2.6e-04	0.5458
823	-109.2833	-109.2833	-98.6570	0.9028	46.9746	0.4300	2.6e-04	0.5447
824	-109.2883	-109.2883	-98.6023	0.9022	47.1053	0.4312	2.6e-04	0.5462
825	-109.2938	-109.2938	-98.1109	0.8977	48.1461	0.4406	2.6e-04	0.5440
826	-109.2710	-109.2710	-98.9881	0.9059	46.2589	0.4235	2.6e-04	0.5464
827	-109.2817	-109.2817	-98.4665	0.9010	47.3780	0.4337	2.6e-04	0.5453
828	-109.2892	-109.2892	-98.8407	0.9044	46.6081	0.4266	2.6e-04	0.5426
829	-109.2926	-109.2926	-98.2852	0.8993	47.7800	0.4373	2.6e-04	0.5475
830	-109.2675	-109.2675	-98.2772	0.8994	47.7398	0.4370	2.6e-04	0.5458
831	-109.2847	-109.2847	-98.4556	0.9009	47.4156	0.4340	2.6e-04	0.5437
832	-109.2865	-109.2865	-98.1681	0.8983	48.0105	0.4394	2.6e-04	0.5462
833	-109.2826	-109.2826	-98.3242	0.8997	47.6810	0.4364	2.6e-04	0.5465
834	-109.2821	-109.2821	-98.1329	0.8980	48.0642	0.4400	2.6e-04	0.5458
835	-109.2810	-109.2810	-98.6216	0.9025	47.0631	0.4307	2.6e-04	0.5434
836	-109.2821	-109.2821	-97.9556	0.8964	48.4255	0.4433	2.6e-04	0.5432
837	-109.2656	-109.2656	-97.8609	0.8956	48.5771	0.4448	2.6e-04	0.5476
838	-109.2661	-109.2661	-98.1288	0.8981	48.0405	0.4398	2.6e-04	0.5459
839	-109.2660	-109.2660	-98.2571	0.8992	47.7818	0.4374	2.6e-04	0.5445
840	-109.2913	-109.2913	-97.8386	0.8952	48.6825	0.4456	2.6e-04	0.5444
841	-109.3003	-109.3003	-97.9307	0.8960	48.5162	0.4441	2.6e-04	0.5439
842	-109.2777	-109.2777	-98.0322	0.8971	48.2657	0.4418	2.6e-04	0.5441
843	-109.2823	-109.2823	-98.0955	0.8976	48.1220	0.4405	2.6e-04	0.5452
844	-109.2842	-109.2842	-98.2664	0.8992	47.7839	0.4374	2.6e-04	0.5456
845	-109.2702	-109.2702	-97.9971	0.8968	48.2923	0.4420	2.6e-04	0.5451
846	-109.2750	-109.2750	-97.8733	0.8957	48.5683	0.4446	2.6e-04	0.5446
847	-109.2873	-109.2873	-98.3505	0.8999	47.6364	0.4360	2.6e-04	0.5453
848	-109.2831	-109.2831	-97.5542	0.8927	49.2330	0.4507	2.6e-04	0.5484
849	-109.2802	-109.2802	-97.7436	0.8944	48.8580	0.4472	2.6e-04	0.5450
850	-109.2764	-109.2764	-98.2052	0.8987	47.9104	0.4386	2.6e-04	0.5469
851	-109.2844	-109.2844	-98.0841	0.8975	48.1723	0.4410	2.6e-04	0.5432
852	-109.2670	-109.2670	-97.8943	0.8959	48.5154	0.4442	2.6e-04	0.5433
853	-109.2698	-109.2698	-97.8113	0.8951	48.6989	0.4458	2.6e-04	0.5458
854	-109.2751	-109.2751	-97.6909	0.8940	48.9282	0.4479	2.6e-04	0.5457
855	-109.2797	-109.2797	-97.5870	0.8930	49.1458	0.4499	2.6e-04	0.5432
856	-109.2907	-109.2907	-97.7099	0.8940	48.9485	0.4480	2.6e-04	0.5441
857	-109.2909	-109.2909	-97.4879	0.8920	49.3663	0.4519	2.6e-04	0.5458
858	-109.2767	-109.2767	-97.4341	0.8916	49.4616	0.4528	2.6e-04	0.5456
859	-109.2768	-109.2768	-97.4170	0.8915	49.4959	0.4531	2.6e-04	0.5424
860	-109.2759	-109.2759	-97.3512	0.8909	49.6143	0.4542	2.6e-04	0.5465
861	-109.2825	-109.2825	-97.3328	0.8907	49.6400	0.4544	2.6e-04	0.5454
862	-109.2807	-109.2807	-97.3238	0.8906	49.6694	0.4546	2.6e-04	0.5468
863	-109.2626	-109.2626	-97.5017	0.8924	49.2866	0.4512	2.6e-04	0.5444
864	-109.2684	-109.2684	-96.9782	0.8875	50.3355	0.4608	2.6e-04	0.5447
865	-109.2786	-109.2786	-97.1778	0.8893	49.9648	0.4574	2.6e-04	0.5461
866	-109.2726	-109.2726	-97.1459	0.8890	50.0173	0.4579	2.6e-04	0.5448
867	-109.2839	-109.2839	-96.9989	0.8876	50.3232	0.4606	2.6e-04	0.5433
868	-109.2743	-109.2743	-97.1572	0.8891	49.9878	0.4576	2.6e-04	0.5457
869	-109.2734	-109.2734	-96.9244	0.8870	50.4143	0.4615	2.6e-04	0.5450
870	-109.2854	-109.2854	-96.9189	0.8868	50.4728	0.4620	2.6e-04	0.5440
871	-109.2922	-109.2922	-96.8960	0.8866	50.5374	0.4626	2.6e-04	0.5435
872	-109.2801	-109.2801	-96.9786	0.8874	50.3576	0.4609	2.6e-04	0.5469
873	-109.2721	-109.2721	-96.9010	0.8868	50.4894	0.4622	2.6e-04	0.5462
874	-109.2587	-109.2587	-96.7746	0.8857	50.7024	0.4642	2.6e-04	0.5457
875	-109.2992	-109.2992	-97.1473	0.8888	50.0667	0.4582	2.6e-04	0.5448
876	-109.2771	-109.2771	-96.9900	0.8876	50.3325	0.4607	2.6e-04	0.5432
877	-109.2831	-109.2831	-97.1347	0.8888	50.0469	0.4581	2.6e-04	0.5478
878	-109.2766	-109.2766	-96.9146	0.8869	50.4638	0.4620	2.6e-04	0.5457
879	-109.2846	-109.2846	-96.9998	0.8876	50.3275	0.4606	2.6e-04	0.5446
880	-109.2717	-109.2717	-97.0177	0.8879	50.2518	0.4600	2.6e-04	0.5453
881	-109.2806	-109.2806	-96.9427	0.8871	50.4204	0.4615	2.6e-04	0.5448
882	-109.2832	-109.2832	-97.2663	0.8900	49.7954	0.4559	2.5e-04	0.5459
883	-109.3003	-109.3003	-96.9997	0.8875	50.3542	0.4609	2.5e-04	0.5471
884	-109.2840	-109.2840	-96.7929	0.8857	50.6745	0.4638	2.5e-04	0.5468
885	-109.2688	-109.2688	-97.0081	0.8878	50.2474	0.4600	2.5e-04	0.5452
886	-109.2749	-109.2749	-96.5337	0.8834	51.1896	0.4686	2.5e-04	0.5450
887	-109.2899	-109.2899	-96.8263	0.8860	50.6652	0.4638	2.5e-04	0.5455
888	-109.2648	-109.2648	-96.7559	0.8855	50.7398	0.4645	2.5e-04	0.5461
889	-109.2698	-109.2698	-96.9360	0.8871	50.4168	0.4615	2.5e-04	0.5455
890	-109.2748	-109.2748	-96.5066	0.8832	51.2279	0.4690	2.5e-04	0.5462
891	-109.2858	-109.2858	-96.6472	0.8844	50.9971	0.4668	2.5e-04	0.5432
892	-109.2695	-109.2695	-96.3779	0.8820	51.4698	0.4712	2.5e-04	0.5434
893	-109.2711	-109.2711	-96.2362	0.8807	51.7410	0.4737	2.5e-04	0.5455
894	-109.2971	-109.2971	-96.3866	0.8819	51.5123	0.4715	2.5e-04	0.5473
895	-109.2743	-109.2743	-96.6355	0.8843	50.9940	0.4668	2.5e-04	0.5473
896	-109.2593	-109.2593	-96.5465	0.8836	51.1343	0.4681	2.5e-04	0.5452
897	-109.2715	-109.2715	-96.2024	0.8804	51.7933	0.4741	2.5e-04	0.5464
898	-109.2754	-109.2754	-95.9677	0.8782	52.2509	0.4783	2.5e-04	0.5454
899	-109.2755	-109.2755	-96.2610	0.8809	51.6963	0.4733	2.5e-04	0.5451
900	-109.2919	-109.2919	-96.2419	0.8806	51.7667	0.4738	2.5e-04	0.5433
901	-109.2602	-109.2602	-96.2037	0.8805	51.7773	0.4740	2.5e-04	0.5435
902	-109.2948	-109.2948	-95.8857	0.8773	52.4355	0.4799	2.5e-04	0.5444
903	-109.2859	-109.2859	-96.0194	0.8786	52.1711	0.4775	2.5e-04	0.5458
904	-109.2732	-109.2732	-96.5244	0.8833	51.2042	0.4687	2.5e-04	0.5445
905	-109.2774	-109.2774	-96.3150	0.8814	51.6033	0.4724	2.5e-04	0.5457
906	-109.2695	-109.2695	-95.8449	0.8771	52.4557	0.4802	2.5e-04	0.5469
907	-109.2642	-109.2642	-95.9073	0.8778	52.3195	0.4790	2.5e-04	0.5442
908	-109.2859	-109.2859	-95.8510	0.8771	52.4698	0.4803	2.5e-04	0.5449
909	-109.2885	-109.2885	-95.8678	0.8772	52.4091	0.4797	2.5e-04	0.5448
910	-109.2885	-109.2885	-95.8462	0.8770	52.4919	0.4805	2.5e-04	0.5450
911	-109.2749	-109.2749	-95.9519	0.8781	52.2509	0.4783	2.5e-04	0.5466
912	-109.2664	-109.2664	-95.8363	0.8771	52.4652	0.4803	2.5e-04	0.5462
913	-109.2748	-109.2748	-95.8058	0.8767	52.5409	0.4810	2.5e-04	0.5449
914	-109.2862	-109.2862	-96.0288	0.8787	52.1513	0.4773	2.5e-04	0.5460
915	-109.2752	-109.2752	-95.9064	0.8777	52.3418	0.4792	2.5e-04	0.5427
916	-109.2843	-109.2843	-95.9717	0.8782	52.2587	0.4783	2.5e-04	0.5430
917	-109.2947	-109.2947	-95.9457	0.8779	52.3069	0.4787	2.5e-04	0.5460
918	-109.2740	-109.2740	-95.6366	0.8752	52.8469	0.4837	2.5e-04	0.5478
919	-109.2711	-109.2711	-95.8463	0.8771	52.4629	0.4802	2.5e-04	0.5464
920	-109.2972	-109.2972	-95.9518	0.8779	52.3198	0.4788	2.5e-04	0.5470
921	-109.2824	-109.2824	-95.7216	0.8759	52.7095	0.4825	2.5e-04	0.5441
922	-109.2956	-109.2956	-95.8010	0.8765	52.5793	0.4813	2.5e-04	0.5445
923	-109.2694	-109.2694	-95.7242	0.8760	52.6788	0.4822	2.5e-04	0.5445
924	-109.2718	-109.2718	-95.7374	0.8761	52.6584	0.4821	2.5e-04	0.5460
925	-109.2688	-109.2688	-95.9913	0.8785	52.1866	0.4777	2.5e-04	0.5465
926	-109.2720	-109.2720	-95.7749	0.8765	52.5630	0.4813	2.5e-04	0.5546
927	-109.2884	-109.2884	-95.6532	0.8752	52.8451	0.4836	2.5e-04	0.5453
928	-109.2750	-109.2750	-95.9887	0.8784	52.2089	0.4779	2.5e-04	0.5436
929	-109.2963	-109.2963	-95.8345	0.8768	52.5275	0.4807	2.5e-04	0.5447
930	-109.2760	-109.2760	-96.4044	0.8822	51.4311	0.4708	2.5e-04	0.5463
931	-109.2923	-109.2923	-96.2872	0.8810	51.6915	0.4731	2.5e-04	0.5428
932	-109.2712	-109.2712	-95.5914	0.8748	52.9248	0.4845	2.5e-04	0.5427
933	-109.2840	-109.2840	-96.2245	0.8805	51.7888	0.4740	2.5e-04	0.5469
934	-109.2804	-109.2804	-96.1963	0.8803	51.8223	0.4743	2.5e-04	0.5448
935	-109.2893	-109.2893	-96.0892	0.8792	52.0536	0.4764	2.5e-04	0.5437
936	-109.2769	-109.2769	-96.6104	0.8841	51.0332	0.4671	2.5e-04	0.5458
937	-109.2920	-109.2920	-96.2200	0.8804	51.8115	0.4742	2.5e-04	0.5442
938	-109.2778	-109.2778	-96.7274	0.8852	50.8223	0.4653	2.5e-04	0.5460
939	-109.2805	-109.2805	-96.4758	0.8828	51.3060	0.4697	2.5e-04	0.5422
940	-109.2664	-109.2664	-96.6824	0.8848	50.8909	0.4659	2.5e-04	0.5439
941	-109.2792	-109.2792	-97.3536	0.8909	49.6259	0.4543	2.5e-04	0.5458
942	-109.3059	-109.3059	-96.5141	0.8830	51.2921	0.4694	2.5e-04	0.5443
943	-109.2835	-109.2835	-97.1474	0.8889	50.0349	0.4580	2.5e-04	0.5443
944	-109.2650	-109.2650	-96.8301	0.8862	50.6093	0.4633	2.5e-04	0.5468
945	-109.2778	-109.2778	-97.2015	0.8895	49.9187	0.4569	2.5e-04	0.5450
946	-109.2715	-109.2715	-97.2890	0.8903	49.7362	0.4553	2.5e-04	0.5444
947	-109.2542	-109.2542	-96.9495	0.8874	50.3332	0.4609	2.5e-04	0.5429
948	-109.2754	-109.2754	-97.0797	0.8884	50.1486	0.4591	2.5e-04	0.5453
949	-109.2654	-109.2654	-96.9722	0.8875	50.3237	0.4607	2.5e-04	0.5451
950	-109.2724	-109.2724	-97.1185	0.8888	50.0613	0.4583	2.5e-04	0.5441
951	-109.2791	-109.2791	-96.9333	0.8870	50.4329	0.4617	2.5e-04	0.5443
952	-109.2814	-109.2814	-96.7597	0.8854	50.7686	0.4648	2.5e-04	0.5475
953	-109.2886	-109.2886	-96.8873	0.8865	50.5515	0.4627	2.5e-04	0.5469
954	-109.2691	-109.2691	-97.1667	0.8892	49.9613	0.4574	2.5e-04	0.5456
955	-109.2670	-109.2670	-96.7867	0.8858	50.6963	0.4641	2.5e-04	0.5432
956	-109.2827	-109.2827	-97.0514	0.8881	50.2139	0.4597	2.5e-04	0.5435
957	-109.2843	-109.2843	-96.7411	0.8852	50.8189	0.4652	2.5e-04	0.5472
958	-109.2804	-109.2804	-96.8767	0.8865	50.5363	0.4626	2.5e-04	0.5471
959	-109.2787	-109.2787	-96.4157	0.8823	51.4230	0.4707	2.5e-04	0.5454
960	-109.2805	-109.2805	-96.5237	0.8833	51.2166	0.4689	2.5e-04	0.5461
961	-109.2628	-109.2628	-96.8443	0.8863	50.5771	0.4630	2.5e-04	0.5433
962	-109.2824	-109.2824	-96.3419	0.8816	51.5595	0.4720	2.5e-04	0.5438
963	-109.2723	-109.2723	-96.8695	0.8865	50.5465	0.4627	2.5e-04	0.5437
964	-109.2848	-109.2848	-96.1634	0.8799	51.9007	0.4751	2.5e-04	0.5462
965	-109.2698	-109.2698	-96.5210	0.8833	51.1991	0.4687	2.5e-04	0.5458
966	-109.2863	-109.2863	-96.3246	0.8814	51.6008	0.4724	2.5e-04	0.5450
967	-109.2872	-109.2872	-96.4172	0.8822	51.4308	0.4708	2.5e-04	0.5459
968	-109.2771	-109.2771	-96.7092	0.8850	50.8587	0.4655	2.5e-04	0.5464
969	-109.2815	-109.2815	-96.3727	0.8819	51.5069	0.4715	2.5e-04	0.5459
970	-109.2820	-109.2820	-96.3181	0.8814	51.6082	0.4724	2.5e-04	0.5440
971	-109.2798	-109.2798	-96.2359	0.8806	51.7481	0.4737	2.5e-04	0.5448
972	-109.2793	-109.2793	-96.3171	0.8814	51.6068	0.4724	2.5e-04	0.5441
973	-109.2876	-109.2876	-96.6124	0.8840	51.0579	0.4674	2.5e-04	0.5474
974	-109.2753	-109.2753	-96.4020	0.8822	51.4320	0.4708	2.5e-04	0.5445
975	-109.2880	-109.2880	-96.2248	0.8805	51.7530	0.4738	2.5e-04	0.5444
976	-109.2691	-109.2691	-96.5306	0.8834	51.1733	0.4686	2.5e-04	0.5452
977	-109.2803	-109.2803	-96.2223	0.8805	51.7820	0.4740	2.5e-04	0.5448
978	-109.2664	-109.2664	-96.2369	0.8808	51.7289	0.4735	2.5e-04	0.5458
979	-109.2653	-109.2653	-96.2145	0.8806	51.7696	0.4739	2.5e-04	0.5458
980	-109.2915	-109.2915	-96.1281	0.8796	51.9629	0.4756	2.5e-04	0.5434
981	-109.2760	-109.2760	-95.9259	0.8778	52.3125	0.4788	2.5e-04	0.5449
982	-109.2753	-109.2753	-96.3089	0.8813	51.5970	0.4723	2.5e-04	0.5452
983	-109.2791	-109.2791	-96.4785	0.8829	51.3048	0.4696	2.5e-04	0.5462
984	-109.2903	-109.2903	-95.8597	0.8771	52.4722	0.4803	2.5e-04	0.5461
985	-109.2861	-109.2861	-95.6603	0.8753	52.8191	0.4835	2.5e-04	0.5438
986	-109.2736	-109.2736	-96.2787	0.8811	51.6634	0.4730	2.5e-04	0.5463
987	-109.2852	-109.2852	-96.1225	0.8796	51.9717	0.4757	2.5e-04	0.5455
988	-109.2755	-109.2755	-96.2741	0.8810	51.6770	0.4731	2.5e-04	0.5448
989	-109.2744	-109.2744	-96.4356	0.8825	51.3675	0.4703	2.5e-04	0.5457
990	-109.2667	-109.2667	-96.1220	0.8797	51.9431	0.4755	2.5e-04	0.5450
991	-109.2921	-109.2921	-96.2644	0.8808	51.7176	0.4734	2.5e-04	0.5450
992	-109.2835	-109.2835	-95.9092	0.8776	52.3444	0.4792	2.5e-04	0.5460
993	-109.2898	-109.2898	-96.2919	0.8811	51.6605	0.4729	2.5e-04	0.5471
994	-109.2701	-109.2701	-95.9681	0.8783	52.2369	0.4782	2.5e-04	0.5458
995	-109.2710	-109.2710	-96.3743	0.8820	51.4529	0.4711	2.5e-04	0.5443
996	-109.2864	-109.2864	-95.9308	0.8778	52.3085	0.4788	2.5e-04	0.5434
997	-109.2796	-109.2796	-95.8299	0.8769	52.5022	0.4806	2.5e-04	0.5469
998	-109.2983	-109.2983	-96.2382	0.8805	51.7853	0.4740	2.5e-04	0.5455
999	-109.2712	-109.2712	-95.4916	0.8739	53.0986	0.4861	2.5e-04	0.5445
1000	-109.2958	-109.2958	-95.6771	0.8754	52.8114	0.4834	2.5e-04	0.5432
1001	-109.2750	-109.2750	-95.6398	0.8752	52.8409	0.4837	2.5e-04	0.5427
1002	-109.2817	-109.2817	-95.7896	0.8765	52.5796	0.4813	2.5e-04	0.5452
1003	-109.2788	-109.2788	-95.6808	0.8756	52.7730	0.4830	2.5e-04	0.5445
1004	-109.2685	-109.2685	-95.8966	0.8776	52.3687	0.4793	2.5e-04	0.5444
1005	-109.3010	-109.3010	-95.8433	0.8769	52.5060	0.4806	2.5e-04	0.5458
1006	-109.2863	-109.2863	-95.9304	0.8778	52.3311	0.4790	2.5e-04	0.5454
1007	-109.2900	-109.2900	-96.0751	0.8791	52.0297	0.4763	2.5e-04	0.5461
1008	-109.2929	-109.2929	-96.3775	0.8818	51.5230	0.4716	2.5e-04	0.5431
1009	-109.2750	-109.2750	-95.8967	0.8776	52.3709	0.4794	2.5e-04	0.5464
1010	-109.2666	-109.2666	-96.1952	0.8804	51.8043	0.4743	2.5e-04	0.5445
1011	-109.2841	-109.2841	-96.1067	0.8794	52.0063	0.4760	2.5e-04	0.5433
1012	-109.2755	-109.2755	-96.2450	0.8808	51.6995	0.4732	2.5e-04	0.5445
1013	-109.2687	-109.2687	-96.5429	0.8835	51.1539	0.4684	2.5e-04	0.5819
1014	-109.2723	-109.2723	-96.0030	0.8786	52.1684	0.4776	2.5e-04	0.5448
1015	-109.2751	-109.2751	-96.4152	0.8823	51.4085	0.4706	2.5e-04	0.5433
1016	-109.2990	-109.2990	-95.9986	0.8783	52.2380	0.4781	2.5e-04	0.5455
1017	-109.2668	-109.2668	-96.1451	0.8799	51.8943	0.4751	2.5e-04	0.5457
1018	-109.2775	-109.2775	-96.3637	0.8818	51.5071	0.4714	2.5e-04	0.5452
1019	-109.2964	-109.2964	-96.4140	0.8821	51.4241	0.4707	2.5e-04	0.5425
1020	-109.2973	-109.2973	-96.2207	0.8804	51.8177	0.4743	2.5e-04	0.5437
1021	-109.2757	-109.2757	-96.1253	0.8797	51.9474	0.4755	2.5e-04	0.5461
1022	-109.2678	-109.2678	-96.3957	0.8822	51.4110	0.4708	2.5e-04	0.5438
1023	-109.2890	-109.2890	-96.1100	0.8794	52.0113	0.4761	2.5e-04	0.5438
1024	-109.2883	-109.2883	-96.5614	0.8835	51.1681	0.4683	2.5e-04	0.5448
1025	-109.2704	-109.2704	-96.6807	0.8848	50.8991	0.4660	2.5e-04	0.5460
1026	-109.2869	-109.2869	-96.4221	0.8823	51.4221	0.4707	2.5e-04	0.5461
1027	-109.2809	-109.2809	-96.4007	0.8821	51.4463	0.4710	2.5e-04	0.5455
1028	-109.2874	-109.2874	-96.7562	0.8853	50.7854	0.4649	2.5e-04	0.5430
1029	-109.2770	-109.2770	-96.3563	0.8818	51.5208	0.4716	2.5e-04	0.5450
1030	-109.2791	-109.2791	-96.4254	0.8824	51.3984	0.4705	2.5e-04	0.5458
1031	-109.2863	-109.2863	-96.2218	0.8805	51.7868	0.4741	2.5e-04	0.5462
1032	-109.2789	-109.2789	-96.9480	0.8872	50.3976	0.4614	2.5e-04	0.5455
1033	-109.2804	-109.2804	-96.1963	0.8803	51.8169	0.4744	2.5e-04	0.5447
1034	-109.2876	-109.2876	-96.6463	0.8843	51.0001	0.4668	2.5e-04	0.5441
1035	-109.2702	-109.2702	-96.1057	0.8795	51.9785	0.4758	2.5e-04	0.5457
1036	-109.2645	-109.2645	-96.3775	0.8821	51.4519	0.4711	2.5e-04	0.5449
1037	-109.2819	-109.2819	-96.8261	0.8860	50.6478	0.4636	2.5e-04	0.5458
1038	-109.2881	-109.2881	-96.1964	0.8802	51.8294	0.4745	2.5e-04	0.5442
1039	-109.2791	-109.2791	-95.9274	0.8778	52.3192	0.4790	2.5e-04	0.5446
1040	-109.2746	-109.2746	-96.3714	0.8819	51.4760	0.4713	2.5e-04	0.5461
1041	-109.2777	-109.2777	-96.5403	0.8834	51.1491	0.4683	2.5e-04	0.5459
1042	-109.2913	-109.2913	-96.3192	0.8813	51.6148	0.4725	2.5e-04	0.5455
1043	-109.2804	-109.2804	-96.6257	0.8842	51.0227	0.4671	2.5e-04	0.5424
1044	-109.2641	-109.2641	-96.2321	0.8807	51.7352	0.4736	2.5e-04	0.5471
1045	-109.2867	-109.2867	-96.2787	0.8810	51.6877	0.4732	2.5e-04	0.5439
1046	-109.2704	-109.2704	-96.3447	0.8817	51.5291	0.4718	2.5e-04	0.5457
1047	-109.2606	-109.2606	-96.4020	0.8823	51.3909	0.4706	2.5e-04	0.5424
1048	-109.2827	-109.2827	-96.0024	0.8785	52.1922	0.4778	2.5e-04	0.5452
1049	-109.2726	-109.2726	-95.9096	0.8777	52.3365	0.4791	2.5e-04	0.5439
1050	-109.2788	-109.2788	-95.5377	0.8743	53.0250	0.4854	2.5e-04	0.5428
1051	-109.2901	-109.2901	-95.7959	0.8765	52.5879	0.4813	2.5e-04	0.5447
1052	-109.2797	-109.2797	-95.8268	0.8769	52.4939	0.4805	2.5e-04	0.5458
1053	-109.2869	-109.2869	-95.9736	0.8782	52.2513	0.4783	2.5e-04	0.5435
1054	-109.2960	-109.2960	-95.8703	0.8772	52.4547	0.4802	2.5e-04	0.5448
1055	-109.2914	-109.2914	-95.3869	0.8728	53.3089	0.4880	2.5e-04	0.5435
1056	-109.2813	-109.2813	-96.1947	0.8802	51.8319	0.4745	2.5e-04	0.5444
1057	-109.2892	-109.2892	-96.1254	0.8796	51.9787	0.4758	2.5e-04	0.5448
1058	-109.2958	-109.2958	-96.3152	0.8812	51.6381	0.4727	2.5e-04	0.5468
1059	-109.2892	-109.2892	-96.1322	0.8796	51.9638	0.4757	2.5e-04	0.5443
1060	-109.2690	-109.2690	-96.6325	0.8844	50.9898	0.4668	2.5e-04	0.5437
1061	-109.2749	-109.2749	-95.5105	0.8740	53.0626	0.4858	2.5e-04	0.5428
1062	-109.2813	-109.2813	-96.0024	0.8785	52.1783	0.4777	2.5e-04	0.5455
1063	-109.2931	-109.2931	-95.7378	0.8760	52.6983	0.4824	2.5e-04	0.5451
1064	-109.2833	-109.2833	-95.9070	0.8776	52.3667	0.4794	2.5e-04	0.5448
1065	-109.2680	-109.2680	-95.7037	0.8759	52.7115	0.4826	2.5e-04	0.5437
1066	-109.2779	-109.2779	-95.6729	0.8755	52.7921	0.4832	2.5e-04	0.5456
1067	-109.2698	-109.2698	-95.7442	0.8762	52.6290	0.4819	2.5e-04	0.5426
1068	-109.2792	-109.2792	-95.8699	0.8773	52.4295	0.4799	2.5e-04	0.5436
1069	-109.2794	-109.2794	-95.8519	0.8771	52.4596	0.4803	2.5e-04	0.5459
1070	-109.2795	-109.2795	-95.7626	0.8763	52.6248	0.4817	2.5e-04	0.5464
1071	-109.2713	-109.2713	-95.6988	0.8758	52.7274	0.4827	2.5e-04	0.5425
1072	-109.2685	-109.2685	-96.3501	0.8818	51.5117	0.4716	2.5e-04	0.5443
1073	-109.2791	-109.2791	-95.8351	0.8770	52.4859	0.4805	2.5e-04	0.5443
1074	-109.2738	-109.2738	-95.9724	0.8783	52.2271	0.4781	2.5e-04	0.5417
1075	-109.2608	-109.2608	-95.4103	0.8732	53.1900	0.4871	2.5e-04	0.5448
1076	-109.2894	-109.2894	-95.7912	0.8765	52.5784	0.4814	2.5e-04	0.5461
1077	-109.2800	-109.2800	-95.8450	0.8771	52.4693	0.4803	2.5e-04	0.5447
1078	-109.2776	-109.2776	-95.3500	0.8725	53.3404	0.4883	2.5e-04	0.5428
1079	-109.2719	-109.2719	-95.8946	0.8776	52.3588	0.4794	2.5e-04	0.5450
1080	-109.2766	-109.2766	-95.3165	0.8722	53.4183	0.4891	2.5e-04	0.5440
1081	-109.2652	-109.2652	-95.4671	0.8737	53.1264	0.4864	2.5e-04	0.5434
1082	-109.2750	-109.2750	-95.8443	0.8771	52.4707	0.4803	2.5e-04	0.5455
1083	-109.2523	-109.2523	-94.9712	0.8693	53.9898	0.4943	2.5e-04	0.5451
1084	-109.2864	-109.2864	-95.0164	0.8694	53.9713	0.4940	2.5e-04	0.5441
1085	-109.2676	-109.2676	-94.9981	0.8694	53.9607	0.4940	2.5e-04	0.5436
1086	-109.2746	-109.2746	-95.1756	0.8710	53.6645	0.4913	2.5e-04	0.5454
1087	-109.2679	-109.2679	-95.2740	0.8719	53.4749	0.4896	2.5e-04	0.5429
1088	-109.2710	-109.2710	-95.3334	0.8724	53.3812	0.4887	2.5e-04	0.5479
1089	-109.2714	-109.2714	-94.9345	0.8688	54.0830	0.4952	2.5e-04	0.5483
1090	-109.2652	-109.2652	-95.2612	0.8718	53.4918	0.4898	2.5e-04	0.5459
1091	-109.2846	-109.2846	-95.1749	0.8709	53.6782	0.4914	2.5e-04	0.5447
1092	-109.2770	-109.2770	-94.2192	0.8622	55.3267	0.5065	2.5e-04	0.5449
1093	-109.2880	-109.2880	-94.6352	0.8659	54.6284	0.5001	2.5e-04	0.5475
1094	-109.2814	-109.2814	-94.4682	0.8644	54.9162	0.5027	2.5e-04	0.5466
1095	-109.2610	-109.2610	-94.5267	0.8651	54.7620	0.5014	2.5e-04	0.5453
1096	-109.2895	-109.2895	-94.3294	0.8631	55.1358	0.5047	2.5e-04	0.5795
1097	-109.2730	-109.2730	-94.2821	0.8628	55.2106	0.5055	2.5e-04	0.5472
1098	-109.2840	-109.2840	-94.5564	0.8652	54.7674	0.5014	2.5e-04	0.5457
1099	-109.2768	-109.2768	-94.3200	0.8631	55.1373	0.5047	2.5e-04	0.5448
1100	-109.2777	-109.2777	-94.1017	0.8611	55.5070	0.5082	2.5e-04	0.5446
1101	-109.2808	-109.2808	-93.8306	0.8586	55.9807	0.5124	2.5e-04	0.5444
1102	-109.2701	-109.2701	-94.4047	0.8640	54.9912	0.5035	2.5e-04	0.5453
1103	-109.2902	-109.2902	-94.4918	0.8646	54.8843	0.5025	2.5e-04	0.5437
1104	-109.2687	-109.2687	-93.6905	0.8574	56.2084	0.5146	2.5e-04	0.5455
1105	-109.2767	-109.2767	-94.3433	0.8633	55.1151	0.5046	2.5e-04	0.5467
1106	-109.2921	-109.2921	-94.2632	0.8625	55.2626	0.5059	2.5e-04	0.5455
1107	-109.2654	-109.2654	-93.8951	0.8593	55.8612	0.5114	2.5e-04	0.5446
1108	-109.2674	-109.2674	-93.7148	0.8577	56.1427	0.5141	2.5e-04	0.5446
1109	-109.2751	-109.2751	-93.9546	0.8598	55.7700	0.5106	2.5e-04	0.5458
1110	-109.2666	-109.2666	-93.9136	0.8595	55.8251	0.5111	2.5e-04	0.5463
1111	-109.2760	-109.2760	-93.7541	0.8580	56.1053	0.5137	2.5e-04	0.5441
1112	-109.2716	-109.2716	-94.3666	0.8636	55.0629	0.5042	2.5e-04	0.5434
1113	-109.3012	-109.3012	-93.7084	0.8573	56.2328	0.5147	2.5e-04	0.5453
1114	-109.2788	-109.2788	-94.0810	0.8609	55.5680	0.5087	2.5e-04	0.5446
1115	-109.2695	-109.2695	-93.6769	0.8573	56.2333	0.5148	2.5e-04	0.5445
1116	-109.2678	-109.2678	-93.9898	0.8602	55.6894	0.5099	2.5e-04	0.5469
1117	-109.2666	-109.2666	-93.7963	0.8584	56.0236	0.5129	2.5e-04	0.5456
1118	-109.2733	-109.2733	-93.5500	0.8561	56.4438	0.5168	2.5e-04	0.5432
1119	-109.2713	-109.2713	-93.6225	0.8568	56.3263	0.5157	2.5e-04	0.5453
1120	-109.2965	-109.2965	-93.3467	0.8541	56.8200	0.5202	2.5e-04	0.5447
1121	-109.2790	-109.2790	-93.9756	0.8600	55.7401	0.5103	2.5e-04	0.5458
1122	-109.2862	-109.2862	-93.4215	0.8548	56.6582	0.5187	2.4e-04	0.5453
1123	-109.2628	-109.2628	-93.0515	0.8516	57.2503	0.5241	2.4e-04	0.5434
1124	-109.2876	-109.2876	-93.6712	0.8571	56.2584	0.5150	2.4e-04	0.5457
1125	-109.2623	-109.2623	-93.5822	0.8565	56.3666	0.5160	2.4e-04	0.5446
1126	-109.2711	-109.2711	-93.7197	0.8577	56.1638	0.5142	2.4e-04	0.5470
1127	-109.3041	-109.3041	-93.9330	0.8594	55.8689	0.5113	2.4e-04	0.5436
1128	-109.2568	-109.2568	-94.0341	0.8607	55.6034	0.5091	2.4e-04	0.5438
1129	-109.2701	-109.2701	-94.0592	0.8608	55.5816	0.5089	2.4e-04	0.5458
1130	-109.2661	-109.2661	-93.7518	0.8580	56.0965	0.5136	2.4e-04	0.5449
1131	-109.2598	-109.2598	-93.6606	0.8572	56.2377	0.5149	2.4e-04	0.5444
1132	-109.2746	-109.2746	-93.4611	0.8553	56.5946	0.5181	2.4e-04	0.5459
1133	-109.2711	-109.2711	-93.4477	0.8552	56.6017	0.5182	2.4e-04	0.5463
1134	-109.2805	-109.2805	-93.2940	0.8537	56.8674	0.5206	2.4e-04	0.5456
1135	-109.3000	-109.3000	-93.8626	0.8588	55.9804	0.5123	2.4e-04	0.5434
1136	-109.2857	-109.2857	-93.3067	0.8538	56.8683	0.5206	2.4e-04	0.5444
1137	-109.2706	-109.2706	-93.3883	0.8547	56.7093	0.5191	2.4e-04	0.5467
1138	-109.2770	-109.2770	-93.4434	0.8551	56.6261	0.5184	2.4e-04	0.5506
1139	-109.2979	-109.2979	-93.1840	0.8526	57.0892	0.5226	2.4e-04	0.5470
1140	-109.2696	-109.2696	-93.8386	0.8588	55.9472	0.5122	2.4e-04	0.5470
1141	-109.2967	-109.2967	-93.1308	0.8521	57.1745	0.5234	2.4e-04	0.5456
1142	-109.2873	-109.2873	-93.3736	0.8544	56.7677	0.5196	2.4e-04	0.5445
1143	-109.2772	-109.2772	-93.7737	0.8581	56.0726	0.5134	2.4e-04	0.5434
1144	-109.2792	-109.2792	-93.5308	0.8559	56.4888	0.5172	2.4e-04	0.5450
1145	-109.2679	-109.2679	-93.5495	0.8561	56.4331	0.5167	2.4e-04	0.5446
1146	-109.2560	-109.2560	-93.5204	0.8560	56.4731	0.5170	2.4e-04	0.5446
1147	-109.2632	-109.2632	-93.6060	0.8567	56.3297	0.5157	2.4e-04	0.5446
1148	-109.2739	-109.2739	-93.2599	0.8535	56.8851	0.5208	2.4e-04	0.5454
1149	-109.2919	-109.2919	-92.9320	0.8503	57.4959	0.5263	2.4e-04	0.5467
1150	-109.2749	-109.2749	-93.1921	0.8528	57.0362	0.5222	2.4e-04	0.5453
1151	-109.2634	-109.2634	-93.5507	0.8562	56.4259	0.5166	2.4e-04	0.5429
1152	-109.2672	-109.2672	-93.7573	0.8581	56.0923	0.5136	2.4e-04	0.5454
1153	-109.3024	-109.3024	-93.5605	0.8560	56.4860	0.5170	2.4e-04	0.5459
1154	-109.2804	-109.2804	-93.6145	0.8566	56.3602	0.5159	2.4e-04	0.5441
1155	-109.2735	-109.2735	-93.0041	0.8511	57.3409	0.5249	2.4e-04	0.5439
1156	-109.2635	-109.2635	-93.2554	0.8535	56.9136	0.5211	2.4e-04	0.5455
1157	-109.2831	-109.2831	-93.6961	0.8574	56.2114	0.5147	2.4e-04	0.5458
1158	-109.2776	-109.2776	-93.2407	0.8532	56.9595	0.5215	2.4e-04	0.5456
1159	-109.2929	-109.2929	-93.6689	0.8570	56.2865	0.5152	2.4e-04	0.5444
1160	-109.2864	-109.2864	-93.6535	0.8570	56.2937	0.5154	2.4e-04	0.5442
1161	-109.2727	-109.2727	-93.4207	0.8549	56.6531	0.5187	2.4e-04	0.5461
1162	-109.2733	-109.2733	-92.8231	0.8495	57.6200	0.5276	2.4e-04	0.5446
1163	-109.2642	-109.2642	-93.4628	0.8554	56.5735	0.5180	2.4e-04	0.5451
1164	-109.2712	-109.2712	-92.8626	0.8498	57.5385	0.5268	2.4e-04	0.5473
1165	-109.2743	-109.2743	-93.5304	0.8559	56.4765	0.5171	2.4e-04	0.5459
1166	-109.2891	-109.2891	-93.1435	0.8523	57.1294	0.5231	2.4e-04	0.5452
1167	-109.2833	-109.2833	-92.8668	0.8498	57.5848	0.5271	2.4e-04	0.5464
1168	-109.2820	-109.2820	-92.7261	0.8485	57.8080	0.5292	2.4e-04	0.5439
1169	-109.2645	-109.2645	-92.5045	0.8466	58.1272	0.5322	2.4e-04	0.5442
1170	-109.2932	-109.2932	-92.8817	0.8498	57.5748	0.5270	2.4e-04	0.5450
1171	-109.2765	-109.2765	-92.6850	0.8482	57.8258	0.5294	2.4e-04	0.5462
1172	-109.2855	-109.2855	-92.8358	0.8495	57.6352	0.5276	2.4e-04	0.5456
1173	-109.2804	-109.2804	-93.0424	0.8514	57.2914	0.5245	2.4e-04	0.5434
1174	-109.2766	-109.2766	-93.0333	0.8514	57.2979	0.5246	2.4e-04	0.5438
1175	-109.2769	-109.2769	-92.4975	0.8464	58.1473	0.5324	2.4e-04	0.5440
1176	-109.2861	-109.2861	-92.9172	0.8502	57.4918	0.5263	2.4e-04	0.5448
1177	-109.2877	-109.2877	-92.7681	0.8488	57.7486	0.5286	2.4e-04	0.5447
1178	-109.2826	-109.2826	-92.6922	0.8482	57.8537	0.5296	2.4e-04	0.5444
1179	-109.2728	-109.2728	-92.7246	0.8486	57.7890	0.5291	2.4e-04	0.5442
1180	-109.2831	-109.2831	-93.1686	0.8525	57.0886	0.5226	2.4e-04	0.5466
1181	-109.2817	-109.2817	-93.1300	0.8522	57.1562	0.5232	2.4e-04	0.5454
1182	-109.2705	-109.2705	-92.9585	0.8507	57.4071	0.5256	2.4e-04	0.5436
1183	-109.2867	-109.2867	-92.7659	0.8488	57.7451	0.5286	2.4e-04	0.5440
1184	-109.2788	-109.2788	-92.6815	0.8481	57.8629	0.5297	2.4e-04	0.5444
1185	-109.2798	-109.2798	-92.6790	0.8481	57.8585	0.5297	2.4e-04	0.5452
1186	-109.2649	-109.2649	-93.4499	0.8553	56.5905	0.5182	2.4e-04	0.5442
1187	-109.2897	-109.2897	-92.8167	0.8493	57.6709	0.5279	2.4e-04	0.5439
1188	-109.2948	-109.2948	-92.5297	0.8466	58.1261	0.5322	2.4e-04	0.5459
1189	-109.2768	-109.2768	-93.8040	0.8584	56.0175	0.5129	2.4e-04	0.5466
1190	-109.2896	-109.2896	-92.6109	0.8474	57.9763	0.5308	2.4e-04	0.5449
1191	-109.2803	-109.2803	-93.2572	0.8534	56.9356	0.5213	2.4e-04	0.5450
1192	-109.2884	-109.2884	-93.1491	0.8523	57.1251	0.5230	2.4e-04	0.5461
1193	-109.2824	-109.2824	-92.9784	0.8508	57.3922	0.5255	2.4e-04	0.5443
1194	-109.2779	-109.2779	-92.9349	0.8504	57.4486	0.5260	2.4e-04	0.5460
1195	-109.2885	-109.2885	-92.7486	0.8487	57.7802	0.5289	2.4e-04	0.5434
1196	-109.2713	-109.2713	-92.2435	0.8442	58.5462	0.5360	2.4e-04	0.5463
1197	-109.2717	-109.2717	-92.7013	0.8484	57.8324	0.5294	2.4e-04	0.5465
1198	-109.2779	-109.2779	-92.7782	0.8490	57.7052	0.5284	2.4e-04	0.5442
1199	-109.2699	-109.2699	-92.1972	0.8438	58.6299	0.5367	2.4e-04	0.5453
1200	-109.2694	-109.2694	-92.6834	0.8482	57.8444	0.5297	2.4e-04	0.5426
1201	-109.2799	-109.2799	-92.2588	0.8442	58.5458	0.5360	2.4e-04	0.5433
1202	-109.2954	-109.2954	-92.6961	0.8481	57.8761	0.5297	2.4e-04	0.5445
1203	-109.2743	-109.2743	-92.3166	0.8448	58.4276	0.5350	2.4e-04	0.5453
1204	-109.2783	-109.2783	-92.4551	0.8461	58.2234	0.5330	2.4e-04	0.5438
1205	-109.2873	-109.2873	-92.6591	0.8478	57.9171	0.5302	2.4e-04	0.5435
1206	-109.2729	-109.2729	-92.5831	0.8473	58.0148	0.5312	2.4e-04	0.5451
1207	-109.2780	-109.2780	-92.5728	0.8471	58.0383	0.5314	2.4e-04	0.5453
1208	-109.2786	-109.2786	-92.3353	0.8450	58.4056	0.5348	2.4e-04	0.5439
1209	-109.2798	-109.2798	-92.5085	0.8465	58.1468	0.5323	2.4e-04	0.5446
1210	-109.2981	-109.2981	-92.6149	0.8474	58.0052	0.5310	2.4e-04	0.5446
1211	-109.2828	-109.2828	-92.4360	0.8458	58.2659	0.5334	2.4e-04	0.5473
1212	-109.2981	-109.2981	-92.4951	0.8463	58.1868	0.5327	2.4e-04	0.5459
1213	-109.2953	-109.2953	-92.7329	0.8485	57.8046	0.5292	2.4e-04	0.5460
1214	-109.2686	-109.2686	-92.9830	0.8510	57.3603	0.5252	2.4e-04	0.5449
1215	-109.2905	-109.2905	-92.1330	0.8430	58.7579	0.5379	2.4e-04	0.5421
1216	-109.2724	-109.2724	-92.0283	0.8422	58.8839	0.5392	2.4e-04	0.5451
1217	-109.2765	-109.2765	-92.1644	0.8434	58.6892	0.5373	2.4e-04	0.5472
1218	-109.2663	-109.2663	-92.2320	0.8441	58.5511	0.5361	2.4e-04	0.5455
1219	-109.2909	-109.2909	-91.8626	0.8405	59.1684	0.5417	2.4e-04	0.5439
1220	-109.2658	-109.2658	-92.4075	0.8457	58.2766	0.5336	2.4e-04	0.5442
1221	-109.2858	-109.2858	-92.2658	0.8443	58.5138	0.5357	2.4e-04	0.5463
1222	-109.2738	-109.2738	-91.7801	0.8399	59.2835	0.5427	2.4e-04	0.5472
1223	-109.2799	-109.2799	-91.9613	0.8415	59.0009	0.5402	2.4e-04	0.5437
1224	-109.2788	-109.2788	-92.4125	0.8457	58.2961	0.5337	2.4e-04	0.5459
1225	-109.2777	-109.2777	-92.0094	0.8420	58.9267	0.5395	2.4e-04	0.5461
1226	-109.2675	-109.2675	-91.5705	0.8380	59.5980	0.5456	2.4e-04	0.5452
1227	-109.2841	-109.2841	-91.9501	0.8414	59.0288	0.5404	2.4e-04	0.5453
1228	-109.2890	-109.2890	-92.0802	0.8425	58.8325	0.5386	2.4e-04	0.5457
1229	-109.2921	-109.2921	-91.9595	0.8414	59.0297	0.5404	2.4e-04	0.5455
1230	-109.2653	-109.2653	-92.5880	0.8474	57.9900	0.5310	2.4e-04	0.5464
1231	-109.2839	-109.2839	-92.4177	0.8457	58.2859	0.5336	2.4e-04	0.5438
1232	-109.2770	-109.2770	-92.2377	0.8441	58.5650	0.5362	2.4e-04	0.5444
1233	-109.2694	-109.2694	-91.9953	0.8419	58.9305	0.5396	2.4e-04	0.5456
1234	-109.2756	-109.2756	-92.2196	0.8439	58.5922	0.5365	2.4e-04	0.5445
1235	-109.2828	-109.2828	-91.7218	0.8393	59.3715	0.5436	2.4e-04	0.5466
1236	-109.2724	-109.2724	-92.0648	0.8425	58.8313	0.5386	2.4e-04	0.5448
1237	-109.2690	-109.2690	-92.0060	0.8420	58.9136	0.5395	2.4e-04	0.5441
1238	-109.2916	-109.2916	-90.7884	0.8307	60.8092	0.5567	2.4e-04	0.5465
1239	-109.2840	-109.2840	-91.8676	0.8406	59.1420	0.5415	2.4e-04	0.5424
1240	-109.2864	-109.2864	-91.8449	0.8404	59.1779	0.5419	2.4e-04	0.5441
1241	-109.2828	-109.2828	-91.4343	0.8367	59.8182	0.5476	2.4e-04	0.5469
1242	-109.2720	-109.2720	-91.1106	0.8338	60.2625	0.5518	2.4e-04	0.5467
1243	-109.2535	-109.2535	-91.6461	0.8388	59.4013	0.5440	2.4e-04	0.5443
1244	-109.2827	-109.2827	-91.9138	0.8411	59.0811	0.5409	2.4e-04	0.5440
1245	-109.2912	-109.2912	-91.0007	0.8326	60.4619	0.5535	2.4e-04	0.5443
1246	-109.2648	-109.2648	-91.2099	0.8348	60.1328	0.5506	2.4e-04	0.5462
1247	-109.2721	-109.2721	-90.8803	0.8317	60.6414	0.5552	2.4e-04	0.5443
1248	-109.2683	-109.2683	-90.5178	0.8284	61.1693	0.5601	2.4e-04	0.5435
1249	-109.2730	-109.2730	-90.4970	0.8282	61.2019	0.5603	2.4e-04	0.5449
1250	-109.2713	-109.2713	-90.7041	0.8301	60.8964	0.5576	2.4e-04	0.5460
1251	-109.2740	-109.2740	-90.6101	0.8292	61.0407	0.5589	2.4e-04	0.5462
1252	-109.2876	-109.2876	-90.4355	0.8275	61.3159	0.5613	2.4e-04	0.5457
1253	-109.2860	-109.2860	-89.8231	0.8219	62.2182	0.5696	2.4e-04	0.5441
1254	-109.2755	-109.2755	-90.1496	0.8250	61.7250	0.5652	2.4e-04	0.5441
1255	-109.2929	-109.2929	-89.8228	0.8219	62.2349	0.5697	2.4e-04	0.5443
1256	-109.2917	-109.2917	-89.9085	0.8226	62.1021	0.5685	2.4e-04	0.5452
1257	-109.2743	-109.2743	-89.8615	0.8223	62.1128	0.5687	2.4e-04	0.5454
1258	-109.2879	-109.2879	-89.8198	0.8219	62.2151	0.5696	2.4e-04	0.5448
1259	-109.2714	-109.2714	-89.3995	0.8181	62.8038	0.5750	2.4e-04	0.5440
1260	-109.2668	-109.2668	-89.1497	0.8159	63.1345	0.5781	2.4e-04	0.5449
1261	-109.2657	-109.2657	-89.5237	0.8193	62.6148	0.5733	2.4e-04	0.5464
1262	-109.2831	-109.2831	-89.3838	0.8179	62.8340	0.5753	2.4e-04	0.5448
1263	-109.2680	-109.2680	-89.3328	0.8176	62.8913	0.5758	2.4e-04	0.5419
1264	-109.2805	-109.2805	-88.7451	0.8121	63.7306	0.5835	2.4e-04	0.5445
1265	-109.2712	-109.2712	-88.0909	0.8062	64.6167	0.5917	2.4e-04	0.5462
1266	-109.2863	-109.2863	-89.3821	0.8179	62.8505	0.5754	2.4e-04	0.5445
1267	-109.2847	-109.2847	-88.3106	0.8081	64.3420	0.5891	2.4e-04	0.5445
1268	-109.2950	-109.2950	-88.6964	0.8115	63.8219	0.5842	2.4e-04	0.5455
1269	-109.2821	-109.2821	-87.9689	0.8050	64.8064	0.5933	2.4e-04	0.5439
1270	-109.2572	-109.2572	-88.4219	0.8093	64.1404	0.5873	2.4e-04	0.5470
1271	-109.2811	-109.2811	-88.3933	0.8089	64.2182	0.5879	2.4e-04	0.5429
1272	-109.2874	-109.2874	-87.9832	0.8051	64.7900	0.5932	2.4e-04	0.5465
1273	-109.2668	-109.2668	-87.7648	0.8032	65.0494	0.5956	2.4e-04	0.5462
1274	-109.2640	-109.2640	-88.0579	0.8059	64.6591	0.5920	2.4e-04	0.5448
1275	-109.2937	-109.2937	-88.2361	0.8073	64.4564	0.5901	2.4e-04	0.5452
1276	-109.2784	-109.2784	-87.5887	0.8015	65.3137	0.5979	2.4e-04	0.5456
1277	-109.2837	-109.2837	-88.2089	0.8072	64.4815	0.5903	2.4e-04	0.5448
1278	-109.2859	-109.2859	-87.2189	0.7981	65.7766	0.6022	2.4e-04	0.5448
1279	-109.2749	-109.2749	-88.4774	0.8097	64.0853	0.5868	2.4e-04	0.5451
1280	-109.2630	-109.2630	-88.2943	0.8081	64.3224	0.5889	2.4e-04	0.5449
1281	-109.2690	-109.2690	-88.3578	0.8086	64.2544	0.5883	2.4e-04	0.5446
1282	-109.2748	-109.2748	-88.4274	0.8092	64.1619	0.5875	2.4e-04	0.5438
1283	-109.3045	-109.3045	-88.0852	0.8059	64.6710	0.5921	2.4e-04	0.5448
1284	-109.2829	-109.2829	-88.2139	0.8072	64.4599	0.5902	2.4e-04	0.5450
1285	-109.2781	-109.2781	-87.8633	0.8040	64.9174	0.5944	2.4e-04	0.5456
1286	-109.2903	-109.2903	-88.4515	0.8093	64.1478	0.5873	2.4e-04	0.5476
1287	-109.2575	-109.2575	-87.6593	0.8023	65.1772	0.5969	2.4e-04	0.5448
1288	-109.2999	-109.2999	-87.5314	0.8008	65.4127	0.5988	2.4e-04	0.5435
1289	-109.2826	-109.2826	-87.5532	0.8012	65.3638	0.5984	2.4e-04	0.5445
1290	-109.2880	-109.2880	-88.0298	0.8055	64.7239	0.5926	2.4e-04	0.5440
1291	-109.2940	-109.2940	-87.7966	0.8033	65.0554	0.5956	2.4e-04	0.5464
1292	-109.2794	-109.2794	-87.5390	0.8011	65.3563	0.5984	2.4e-04	0.5437
1293	-109.2983	-109.2983	-87.8362	0.8036	64.9619	0.5947	2.4e-04	0.5440
1294	-109.3000	-109.3000	-87.9083	0.8043	64.9033	0.5942	2.4e-04	0.5442
1295	-109.2845	-109.2845	-87.9505	0.8048	64.8285	0.5935	2.4e-04	0.5445
1296	-109.2843	-109.2843	-87.7457	0.8029	65.0974	0.5961	2.4e-04	0.5456
1297	-109.2605	-109.2605	-87.5276	0.8011	65.3529	0.5985	2.4e-04	0.5445
1298	-109.2677	-109.2677	-87.6895	0.8025	65.1616	0.5966	2.4e-04	0.5463
1299	-109.2644	-109.2644	-87.7872	0.8034	65.0268	0.5954	2.4e-04	0.5459
1300	-109.2580	-109.2580	-87.9486	0.8050	64.7969	0.5933	2.4e-04	0.5449
1301	-109.2762	-109.2762	-87.7297	0.8028	65.1212	0.5962	2.4e-04	0.5440
1302	-109.2578	-109.2578	-87.5589	0.8014	65.3058	0.5980	2.4e-04	0.5435
1303	-109.2606	-109.2606	-88.1304	0.8066	64.5465	0.5911	2.4e-04	0.5432
1304	-109.2652	-109.2652	-87.2738	0.7987	65.7075	0.6017	2.4e-04	0.5447
1305	-109.2761	-109.2761	-87.4409	0.8002	65.5096	0.5998	2.4e-04	0.5441
1306	-109.2802	-109.2802	-88.0160	0.8054	64.7308	0.5927	2.4e-04	0.5457
1307	-109.2826	-109.2826	-87.8716	0.8041	64.9302	0.5945	2.4e-04	0.5439
1308	-109.2554	-109.2554	-87.6580	0.8023	65.1672	0.5967	2.4e-04	0.5456
1309	-109.2707	-109.2707	-87.8679	0.8041	64.9320	0.5944	2.4e-04	0.5459
1310	-109.2864	-109.2864	-87.3317	0.7991	65.6633	0.6012	2.4e-04	0.5442
1311	-109.2991	-109.2991	-87.2270	0.7981	65.8246	0.6026	2.4e-04	0.5458
1312	-109.2746	-109.2746	-86.4237	0.7909	66.8387	0.6120	2.4e-04	0.5435
1313	-109.2872	-109.2872	-87.2204	0.7981	65.8106	0.6025	2.4e-04	0.5449
1314	-109.2849	-109.2849	-87.1314	0.7973	65.9231	0.6036	2.4e-04	0.5466
1315	-109.2834	-109.2834	-87.5543	0.8012	65.3509	0.5983	2.4e-04	0.5447
1316	-109.2782	-109.2782	-86.9630	0.7958	66.1301	0.6055	2.4e-04	0.5446
1317	-109.2656	-109.2656	-86.8996	0.7953	66.2017	0.6062	2.4e-04	0.5482
1318	-109.2596	-109.2596	-87.9833	0.8053	64.7412	0.5929	2.4e-04	0.5482
1319	-109.2743	-109.2743	-87.8129	0.8036	64.9973	0.5951	2.4e-04	0.5452
1320	-109.2652	-109.2652	-86.9228	0.7955	66.1585	0.6058	2.4e-04	0.5432
1321	-109.2863	-109.2863	-87.5106	0.8007	65.4012	0.5987	2.4e-04	0.5448
1322	-109.2729	-109.2729	-86.5513	0.7921	66.6686	0.6104	2.4e-04	0.5462
1323	-109.2855	-109.2855	-87.0857	0.7969	65.9855	0.6041	2.4e-04	0.5451
1324	-109.2738	-109.2738	-86.6696	0.7931	66.5193	0.6090	2.4e-04	0.5438
1325	-109.2730	-109.2730	-87.1450	0.7975	65.8808	0.6032	2.4e-04	0.5441
1326	-109.2897	-109.2897	-87.2822	0.7986	65.7364	0.6018	2.4e-04	0.5454
1327	-109.2773	-109.2773	-87.4828	0.8006	65.4180	0.5990	2.4e-04	0.5452
1328	-109.2742	-109.2742	-86.3711	0.7904	66.8984	0.6124	2.4e-04	0.5435
1329	-109.2617	-109.2617	-87.0176	0.7964	66.0347	0.6047	2.4e-04	0.5450
1330	-109.2879	-109.2879	-86.6496	0.7929	66.5553	0.6094	2.4e-04	0.5451
1331	-109.2687	-109.2687	-87.9337	0.8047	64.8062	0.5934	2.4e-04	0.5466
1332	-109.2640	-109.2640	-86.2432	0.7893	67.0564	0.6140	2.4e-04	0.5442
1333	-109.2516	-109.2516	-87.4736	0.8007	65.4218	0.5991	2.4e-04	0.5434
1334	-109.3016	-109.3016	-87.2249	0.7980	65.8137	0.6025	2.4e-04	0.5444
1335	-109.2686	-109.2686	-87.1062	0.7972	65.9359	0.6037	2.4e-04	0.5451
1336	-109.2948	-109.2948	-86.4572	0.7910	66.8240	0.6117	2.4e-04	0.5447
1337	-109.2745	-109.2745	-86.6639	0.7931	66.5246	0.6090	2.4e-04	0.5531
1338	-109.2789	-109.2789	-85.8022	0.7852	67.6412	0.6193	2.4e-04	0.5468
1339	-109.2755	-109.2755	-86.5392	0.7919	66.6915	0.6106	2.4e-04	0.5440
1340	-109.2816	-109.2816	-86.1504	0.7883	67.2064	0.6152	2.4e-04	0.5459
1341	-109.2750	-109.2750	-86.1238	0.7881	67.2291	0.6154	2.4e-04	0.5478
1342	-109.2641	-109.2641	-86.3722	0.7905	66.8903	0.6125	2.4e-04	0.5448
1343	-109.2861	-109.2861	-86.2454	0.7892	67.0822	0.6141	2.4e-04	0.5430
1344	-109.2890	-109.2890	-86.4414	0.7909	66.8393	0.6119	2.4e-04	0.5455
1345	-109.2860	-109.2860	-86.6731	0.7931	66.5202	0.6089	2.4e-04	0.5463
1346	-109.2868	-109.2868	-86.3947	0.7905	66.8560	0.6120	2.4e-04	0.5447
1347	-109.2896	-109.2896	-86.1688	0.7884	67.1993	0.6151	2.4e-04	0.5440
1348	-109.2669	-109.2669	-86.6232	0.7928	66.5732	0.6095	2.4e-04	0.5467
1349	-109.2930	-109.2930	-86.0449	0.7873	67.3612	0.6166	2.4e-04	0.5453
1350	-109.2607	-109.2607	-86.0261	0.7873	67.3291	0.6165	2.4e-04	0.5449
1351	-109.2676	-109.2676	-86.5500	0.7921	66.6653	0.6104	2.4e-04	0.5461
1352	-109.2874	-109.2874	-86.2473	0.7892	67.0689	0.6140	2.4e-04	0.5438
1353	-109.2701	-109.2701	-87.2659	0.7986	65.7334	0.6018	2.4e-04	0.5461
1354	-109.2656	-109.2656	-86.2797	0.7896	67.0158	0.6136	2.4e-04	0.5455
1355	-109.2663	-109.2663	-85.6755	0.7841	67.7658	0.6204	2.4e-04	0.5454
1356	-109.2792	-109.2792	-86.8560	0.7948	66.2894	0.6069	2.4e-04	0.5471
1357	-109.2784	-109.2784	-86.7094	0.7935	66.4779	0.6086	2.4e-04	0.5440
1358	-109.2851	-109.2851	-85.9484	0.7865	67.4532	0.6175	2.4e-04	0.5447
1359	-109.2784	-109.2784	-86.1150	0.7880	67.2413	0.6156	2.4e-04	0.5439
1360	-109.2846	-109.2846	-85.9887	0.7868	67.4126	0.6172	2.4e-04	0.5452
1361	-109.2852	-109.2852	-86.5065	0.7916	66.7471	0.6111	2.4e-04	0.5473
1362	-109.2611	-109.2611	-86.0074	0.7872	67.3598	0.6167	2.4e-04	0.5472
1363	-109.2759	-109.2759	-85.9654	0.7867	67.4262	0.6174	2.4e-04	0.5453
1364	-109.2710	-109.2710	-86.3921	0.7906	66.8760	0.6123	2.4e-04	0.5459
1365	-109.2671	-109.2671	-86.1198	0.7882	67.2099	0.6154	2.4e-04	0.5460
1366	-109.2778	-109.2778	-85.8834	0.7859	67.5350	0.6183	2.4e-04	0.5467
1367	-109.2671	-109.2671	-85.9051	0.7862	67.4706	0.6176	2.4e-04	0.5457
1368	-109.2796	-109.2796	-85.1840	0.7795	68.3547	0.6258	2.4e-04	0.5450
1369	-109.2935	-109.2935	-85.9807	0.7867	67.4439	0.6173	2.4e-04	0.5452
1370	-109.2646	-109.2646	-85.0936	0.7788	68.5187	0.6273	2.4e-04	0.5453
1371	-109.2888	-109.2888	-85.4755	0.7821	68.0611	0.6230	2.4e-04	0.5464
1372	-109.2957	-109.2957	-85.7281	0.7844	67.7469	0.6201	2.4e-04	0.5453
1373	-109.2787	-109.2787	-85.3565	0.7811	68.2038	0.6244	2.4e-04	0.5447
1374	-109.2777	-109.2777	-86.1033	0.7879	67.2535	0.6158	2.4e-04	0.5447
1375	-109.2885	-109.2885	-86.2296	0.7890	67.0990	0.6143	2.4e-04	0.5435
1376	-109.2916	-109.2916	-85.5587	0.7828	67.9490	0.6221	2.4e-04	0.5462
1377	-109.2738	-109.2738	-86.1579	0.7885	67.1889	0.6151	2.4e-04	0.5456
1378	-109.2931	-109.2931	-85.5573	0.7828	67.9682	0.6222	2.4e-04	0.5448
1379	-109.2826	-109.2826	-85.9391	0.7864	67.4642	0.6177	2.4e-04	0.5438
1380	-109.2776	-109.2776	-85.8001	0.7852	67.6428	0.6193	2.4e-04	0.5456
1381	-109.2665	-109.2665	-86.1563	0.7885	67.1803	0.6150	2.4e-04	0.5449
1382	-109.2751	-109.2751	-86.0231	0.7872	67.3137	0.6163	2.3e-04	0.5457
1383	-109.2805	-109.2805	-85.4915	0.7823	68.0389	0.6228	2.3e-04	0.5426
1384	-109.2633	-109.2633	-85.2051	0.7798	68.3850	0.6260	2.3e-04	0.5441
1385	-109.2813	-109.2813	-86.1144	0.7880	67.2382	0.6156	2.3e-04	0.5458
1386	-109.2649	-109.2649	-85.5709	0.7832	67.9128	0.6217	2.3e-04	0.5450
1387	-109.2960	-109.2960	-86.2639	0.7893	67.0820	0.6140	2.3e-04	0.5473
1388	-109.2625	-109.2625	-86.0058	0.7871	67.3678	0.6167	2.3e-04	0.5446
1389	-109.2665	-109.2665	-85.8701	0.7859	67.5362	0.6184	2.3e-04	0.5438
1390	-109.2678	-109.2678	-86.1699	0.7886	67.1583	0.6149	2.3e-04	0.5458
1391	-109.2794	-109.2794	-86.7414	0.7938	66.4212	0.6081	2.3e-04	0.5463
1392	-109.2805	-109.2805	-85.8157	0.7853	67.6266	0.6191	2.3e-04	0.5444
1393	-109.2999	-109.2999	-84.9868	0.7776	68.6772	0.6286	2.3e-04	0.5450
1394	-109.2549	-109.2549	-86.3829	0.7907	66.8172	0.6118	2.3e-04	0.5456
1395	-109.2825	-109.2825	-85.9372	0.7864	67.4752	0.6177	2.3e-04	0.5473
1396	-109.2949	-109.2949	-85.2153	0.7797	68.4041	0.6261	2.3e-04	0.5495
1397	-109.2970	-109.2970	-86.0708	0.7875	67.3326	0.6163	2.3e-04	0.5475
1398	-109.2753	-109.2753	-85.5295	0.7827	67.9559	0.6221	2.3e-04	0.5484
1399	-109.2680	-109.2680	-86.1252	0.7882	67.2158	0.6154	2.3e-04	0.5459
1400	-109.2754	-109.2754	-85.9357	0.7864	67.4609	0.6177	2.3e-04	0.5460
1401	-109.2728	-109.2728	-86.0829	0.7878	67.2729	0.6159	2.3e-04	0.5438
1402	-109.2730	-109.2730	-85.4793	0.7823	68.0417	0.6230	2.3e-04	0.5460
1403	-109.2916	-109.2916	-85.4820	0.7821	68.0725	0.6231	2.3e-04	0.5469
1404	-109.3059	-109.3059	-84.8644	0.7764	68.8489	0.6302	2.3e-04	0.5486
1405	-109.2655	-109.2655	-85.4521	0.7821	68.0616	0.6231	2.3e-04	0.5467
1406	-109.2671	-109.2671	-85.2503	0.7802	68.3106	0.6254	2.3e-04	0.5472
1407	-109.2588	-109.2588	-85.1353	0.7792	68.4377	0.6266	2.3e-04	0.5449
1408	-109.2665	-109.2665	-84.8480	0.7765	68.8301	0.6301	2.3e-04	0.5439
1409	-109.2690	-109.2690	-84.6711	0.7749	69.0466	0.6321	2.3e-04	0.5446
1410	-109.2819	-109.2819	-85.3648	0.7811	68.1921	0.6243	2.3e-04	0.5463
1411	-109.2804	-109.2804	-83.9479	0.7682	69.9104	0.6399	2.3e-04	0.5460
1412	-109.2735	-109.2735	-84.6388	0.7746	69.0843	0.6325	2.3e-04	0.5449
1413	-109.2788	-109.2788	-84.9931	0.7778	68.6516	0.6285	2.3e-04	0.5449
1414	-109.2873	-109.2873	-85.2827	0.7804	68.2897	0.6251	2.3e-04	0.5457
1415	-109.2787	-109.2787	-84.9135	0.7770	68.7418	0.6293	2.3e-04	0.5455
1416	-109.2799	-109.2799	-84.1548	0.7701	69.6681	0.6378	2.3e-04	0.5439
1417	-109.2775	-109.2775	-84.1641	0.7702	69.6708	0.6378	2.3e-04	0.5460
1418	-109.2763	-109.2763	-85.4413	0.7819	68.1015	0.6234	2.3e-04	0.5447
1419	-109.2802	-109.2802	-85.0151	0.7780	68.6282	0.6283	2.3e-04	0.5446
1420	-109.2888	-109.2888	-84.3027	0.7714	69.5164	0.6364	2.3e-04	0.5448
1421	-109.2793	-109.2793	-84.8744	0.7767	68.7921	0.6299	2.3e-04	0.5448
1422	-109.2917	-109.2917	-85.1618	0.7792	68.4635	0.6266	2.3e-04	0.5472
1423	-109.2806	-109.2806	-84.4915	0.7732	69.2680	0.6342	2.3e-04	0.5447
1424	-109.2736	-109.2736	-85.3431	0.7810	68.2093	0.6245	2.3e-04	0.5427
1425	-109.2870	-109.2870	-85.0393	0.7781	68.6023	0.6280	2.3e-04	0.5445
1426	-109.2799	-109.2799	-84.8513	0.7765	68.8334	0.6301	2.3e-04	0.5463
1427	-109.2755	-109.2755	-84.8032	0.7760	68.9008	0.6307	2.3e-04	0.5460
1428	-109.2863	-109.2863	-83.7375	0.7662	70.1941	0.6425	2.3e-04	0.5457
1429	-109.2859	-109.2859	-84.3586	0.7719	69.4427	0.6357	2.3e-04	0.5441
1430	-109.2530	-109.2530	-85.3454	0.7812	68.1817	0.6243	2.3e-04	0.5458
1431	-109.2715	-109.2715	-84.5253	0.7735	69.2308	0.6337	2.3e-04	0.5453
1432	-109.2935	-109.2935	-83.6662	0.7655	70.2798	0.6433	2.3e-04	0.5468
1433	-109.2760	-109.2760	-84.9033	0.7770	68.7631	0.6295	2.3e-04	0.5471
1434	-109.2961	-109.2961	-84.6171	0.7742	69.1430	0.6329	2.3e-04	0.5439
1435	-109.2787	-109.2787	-85.6250	0.7835	67.8593	0.6212	2.3e-04	0.5438
1436	-109.2778	-109.2778	-85.1042	0.7788	68.5177	0.6272	2.3e-04	0.5445
1437	-109.2805	-109.2805	-83.9637	0.7683	69.9151	0.6400	2.3e-04	0.5457
1438	-109.2771	-109.2771	-84.8875	0.7768	68.7779	0.6297	2.3e-04	0.5467
1439	-109.2769	-109.2769	-84.6683	0.7748	69.0589	0.6322	2.3e-04	0.5472
1440	-109.2732	-109.2732	-84.8958	0.7769	68.7502	0.6294	2.3e-04	0.5438
1441	-109.2566	-109.2566	-84.2113	0.7708	69.5796	0.6371	2.3e-04	0.5441
1442	-109.2688	-109.2688	-84.7465	0.7756	68.9566	0.6313	2.3e-04	0.5446
1443	-109.2716	-109.2716	-85.0450	0.7783	68.5880	0.6279	2.3e-04	0.5466
1444	-109.2649	-109.2649	-85.1427	0.7792	68.4261	0.6265	2.3e-04	0.5463
1445	-109.2857	-109.2857	-84.9910	0.7777	68.6632	0.6286	2.3e-04	0.5456
1446	-109.2734	-109.2734	-85.1404	0.7792	68.4630	0.6268	2.3e-04	0.5452
1447	-109.2748	-109.2748	-84.3867	0.7722	69.3926	0.6353	2.3e-04	0.5428
1448	-109.2840	-109.2840	-84.3622	0.7720	69.4364	0.6357	2.3e-04	0.5434
1449	-109.2836	-109.2836	-84.5905	0.7740	69.1611	0.6331	2.3e-04	0.5473
1450	-109.2841	-109.2841	-84.9740	0.7776	68.7009	0.6288	2.3e-04	0.5442
1451	-109.2780	-109.2780	-84.0047	0.7687	69.8652	0.6395	2.3e-04	0.5455
1452	-109.2744	-109.2744	-85.0996	0.7788	68.5271	0.6273	2.3e-04	0.5442
1453	-109.3051	-109.3051	-84.5880	0.7739	69.1936	0.6333	2.3e-04	0.5462
1454	-109.2589	-109.2589	-84.9319	0.7773	68.7173	0.6291	2.3e-04	0.5446
1455	-109.2990	-109.2990	-84.9541	0.7773	68.6897	0.6288	2.3e-04	0.5462
1456	-109.2660	-109.2660	-85.1270	0.7791	68.4787	0.6269	2.3e-04	0.5431
1457	-109.2766	-109.2766	-85.2712	0.7803	68.2854	0.6251	2.3e-04	0.5472
1458	-109.2859	-109.2859	-85.3851	0.7813	68.1709	0.6241	2.3e-04	0.5446
1459	-109.2724	-109.2724	-84.8601	0.7766	68.8089	0.6299	2.3e-04	0.5443
1460	-109.2847	-109.2847	-84.7409	0.7754	68.9800	0.6314	2.3e-04	0.5472
1461	-109.2909	-109.2909	-84.3707	0.7720	69.4405	0.6356	2.3e-04	0.5475
1462	-109.2648	-109.2648	-84.7778	0.7759	68.9104	0.6309	2.3e-04	0.5438
1463	-109.3043	-109.3043	-84.3622	0.7718	69.4612	0.6359	2.3e-04	0.5444
1464	-109.2855	-109.2855	-85.4245	0.7817	68.1271	0.6237	2.3e-04	0.5466
1465	-109.2849	-109.2849	-84.6757	0.7748	69.0618	0.6322	2.3e-04	0.5452
1466	-109.2775	-109.2775	-85.2212	0.7799	68.3591	0.6258	2.3e-04	0.5450
1467	-109.2741	-109.2741	-84.5471	0.7737	69.1776	0.6333	2.3e-04	0.5458
1468	-109.2938	-109.2938	-84.0108	0.7687	69.8576	0.6395	2.3e-04	0.5480
1469	-109.2644	-109.2644	-84.5005	0.7734	69.2398	0.6338	2.3e-04	0.5477
1470	-109.2752	-109.2752	-84.7081	0.7752	69.0041	0.6317	2.3e-04	0.5448
1471	-109.2931	-109.2931	-84.6173	0.7742	69.1425	0.6329	2.3e-04	0.5420
1472	-109.2735	-109.2735	-85.4261	0.7818	68.1058	0.6236	2.3e-04	0.5445
1473	-109.2715	-109.2715	-86.1515	0.7884	67.1922	0.6151	2.3e-04	0.5485
1474	-109.2544	-109.2544	-85.3333	0.7811	68.2079	0.6245	2.3e-04	0.5460
1475	-109.2881	-109.2881	-85.2837	0.7804	68.3044	0.6253	2.3e-04	0.5446
1476	-109.2720	-109.2720	-85.5730	0.7831	67.9369	0.6219	2.3e-04	0.5447
1477	-109.2655	-109.2655	-85.3459	0.7811	68.2009	0.6244	2.3e-04	0.5443
1478	-109.2685	-109.2685	-85.1933	0.7797	68.3909	0.6261	2.3e-04	0.5458
1479	-109.2747	-109.2747	-85.7246	0.7845	67.7430	0.6201	2.3e-04	0.5451
1480	-109.2819	-109.2819	-84.3113	0.7715	69.4957	0.6362	2.3e-04	0.5434
1481	-109.2792	-109.2792	-85.6338	0.7836	67.8629	0.6212	2.3e-04	0.5441
1482	-109.2828	-109.2828	-84.7408	0.7754	68.8599	0.6304	2.3e-04	0.5450
1483	-109.2708	-109.2708	-85.7535	0.7848	67.7018	0.6198	2.3e-04	0.5451
1484	-109.2832	-109.2832	-85.7358	0.7845	67.7122	0.6199	2.3e-04	0.5450
1485	-109.2660	-109.2660	-85.5093	0.7826	67.9927	0.6225	2.3e-04	0.5449
1486	-109.2862	-109.2862	-85.4528	0.7819	68.0941	0.6233	2.3e-04	0.5466
1487	-109.2808	-109.2808	-84.5777	0.7739	69.1778	0.6332	2.3e-04	0.5442
1488	-109.2827	-109.2827	-84.4825	0.7731	69.2836	0.6342	2.3e-04	0.5430
1489	-109.2811	-109.2811	-85.3270	0.7808	68.2424	0.6248	2.3e-04	0.5456
1490	-109.2746	-109.2746	-85.7836	0.7850	67.6556	0.6194	2.3e-04	0.5472
1491	-109.2773	-109.2773	-84.8993	0.7769	68.7507	0.6295	2.3e-04	0.5442
1492	-109.2888	-109.2888	-84.9552	0.7773	68.7196	0.6291	2.3e-04	0.5458
1493	-109.2666	-109.2666	-85.6914	0.7842	67.7768	0.6205	2.3e-04	0.5450
1494	-109.2834	-109.2834	-84.8940	0.7768	68.7921	0.6297	2.3e-04	0.5450
1495	-109.2764	-109.2764	-84.6627	0.7748	69.0678	0.6323	2.3e-04	0.5465
1496	-109.2738	-109.2738	-84.9534	0.7774	68.6843	0.6288	2.3e-04	0.5440
1497	-109.2741	-109.2741	-84.7570	0.7756	68.9375	0.6311	2.3e-04	0.5457
1498	-109.2912	-109.2912	-85.0820	0.7785	68.5412	0.6274	2.3e-04	0.5486
1499	-109.2598	-109.2598	-84.9575	0.7776	68.6784	0.6288	2.3e-04	0.5444
1500	-109.2827	-109.2827	-84.4108	0.7724	69.3651	0.6351	2.3e-04	0.5444
1501	-109.2799	-109.2799	-85.6481	0.7837	67.8389	0.6211	2.3e-04	0.5436
1502	-109.2807	-109.2807	-84.8001	0.7760	68.9023	0.6307	2.3e-04	0.5456
1503	-109.2784	-109.2784	-84.6297	0.7744	69.0957	0.6326	2.3e-04	0.5450
1504	-109.2652	-109.2652	-84.7212	0.7754	68.9776	0.6315	2.3e-04	0.5427
1505	-109.2633	-109.2633	-83.9284	0.7681	69.9099	0.6402	2.3e-04	0.5462
1506	-109.2851	-109.2851	-84.4159	0.7724	69.3732	0.6350	2.3e-04	0.5447
1507	-109.2886	-109.2886	-84.4849	0.7730	69.2932	0.6343	2.3e-04	0.5448
1508	-109.2638	-109.2638	-83.7333	0.7663	70.1589	0.6424	2.3e-04	0.5464
1509	-109.2758	-109.2758	-84.3058	0.7715	69.4995	0.6362	2.3e-04	0.5454
1510	-109.2623	-109.2623	-84.5170	0.7735	69.2280	0.6338	2.3e-04	0.5453
1511	-109.2847	-109.2847	-83.9440	0.7681	69.9436	0.6403	2.3e-04	0.5432
1512	-109.2710	-109.2710	-83.9739	0.7685	69.8893	0.6398	2.3e-04	0.5446
1513	-109.2733	-109.2733	-83.2562	0.7619	70.7293	0.6476	2.3e-04	0.5468
1514	-109.2889	-109.2889	-83.5748	0.7647	70.3852	0.6444	2.3e-04	0.5442
1515	-109.3083	-109.3083	-84.1219	0.7696	69.7538	0.6385	2.3e-04	0.5442
1516	-109.2852	-109.2852	-82.8184	0.7578	71.2761	0.6524	2.3e-04	0.5450
1517	-109.2604	-109.2604	-83.4031	0.7633	70.5460	0.6459	2.3e-04	0.5450
1518	-109.2858	-109.2858	-83.6045	0.7650	70.3295	0.6439	2.3e-04	0.5467
1519	-109.2844	-109.2844	-81.8695	0.7491	72.3663	0.6624	2.3e-04	0.5446
1520	-109.2915	-109.2915	-82.9629	0.7591	71.1097	0.6509	2.3e-04	0.5435
1521	-109.2665	-109.2665	-83.4568	0.7638	70.5076	0.6455	2.3e-04	0.5457
1522	-109.2697	-109.2697	-83.8046	0.7670	70.0929	0.6417	2.3e-04	0.5464
1523	-109.2934	-109.2934	-83.2049	0.7613	70.8211	0.6483	2.3e-04	0.5452
1524	-109.2543	-109.2543	-83.2278	0.7618	70.7606	0.6478	2.3e-04	0.5442
1525	-109.2784	-109.2784	-83.5727	0.7648	70.3898	0.6443	2.3e-04	0.5458
1526	-109.2873	-109.2873	-83.1396	0.7607	70.8922	0.6490	2.3e-04	0.5475
1527	-109.2787	-109.2787	-82.9759	0.7593	71.0740	0.6507	2.3e-04	0.5445
1528	-109.2845	-109.2845	-83.6148	0.7651	70.3406	0.6438	2.3e-04	0.5453
1529	-109.2613	-109.2613	-84.2722	0.7713	69.5159	0.6364	2.3e-04	0.5472
1530	-109.2648	-109.2648	-83.9556	0.7684	69.8502	0.6396	2.3e-04	0.5460
1531	-109.2687	-109.2687	-83.0020	0.7596	71.0387	0.6503	2.3e-04	0.5470
1532	-109.2606	-109.2606	-83.2397	0.7618	70.7489	0.6478	2.3e-04	0.5439
1533	-109.2854	-109.2854	-83.5898	0.7649	70.3699	0.6442	2.3e-04	0.5455
1534	-109.2803	-109.2803	-82.8316	0.7580	71.2569	0.6522	2.3e-04	0.5465
1535	-109.2643	-109.2643	-82.6384	0.7563	71.4567	0.6541	2.3e-04	0.5434
1536	-109.2834	-109.2834	-83.7581	0.7664	70.1500	0.6423	2.3e-04	0.5440
1537	-109.2732	-109.2732	-83.2833	0.7622	70.6919	0.6471	2.3e-04	0.5475
1538	-109.2804	-109.2804	-83.6451	0.7654	70.2719	0.6433	2.3e-04	0.5454
1539	-109.2695	-109.2695	-83.9092	0.7679	69.9609	0.6405	2.3e-04	0.5438
1540	-109.2866	-109.2866	-84.0204	0.7688	69.8603	0.6395	2.3e-04	0.5455
1541	-109.2761	-109.2761	-83.6996	0.7659	70.2266	0.6429	2.3e-04	0.5466
1542	-109.2872	-109.2872	-83.7019	0.7659	70.2324	0.6428	2.3e-04	0.5470
1543	-109.2909	-109.2909	-82.8098	0.7577	71.2953	0.6526	2.3e-04	0.5437
1544	-109.2810	-109.2810	-83.3737	0.7629	70.6151	0.6465	2.3e-04	0.5466
1545	-109.2862	-109.2862	-83.2052	0.7614	70.7955	0.6480	2.3e-04	0.5463
1546	-109.2987	-109.2987	-84.1241	0.7697	69.7572	0.6384	2.3e-04	0.5451
1547	-109.2900	-109.2900	-84.1143	0.7696	69.7567	0.6385	2.3e-04	0.5478
1548	-109.2652	-109.2652	-83.6398	0.7655	70.2822	0.6434	2.3e-04	0.5463
1549	-109.2817	-109.2817	-83.8406	0.7672	70.0565	0.6414	2.3e-04	0.5465
1550	-109.2799	-109.2799	-83.6599	0.7656	70.2688	0.6433	2.3e-04	0.5446
1551	-109.2774	-109.2774	-83.4800	0.7639	70.4921	0.6453	2.3e-04	0.5433
1552	-109.2859	-109.2859	-83.4688	0.7638	70.4939	0.6453	2.3e-04	0.5450
1553	-109.2852	-109.2852	-83.9575	0.7682	69.9398	0.6402	2.3e-04	0.5472
1554	-109.2725	-109.2725	-84.0325	0.7690	69.8155	0.6391	2.3e-04	0.5463
1555	-109.2936	-109.2936	-83.9781	0.7684	69.9004	0.6398	2.3e-04	0.5444
1556	-109.2947	-109.2947	-83.3951	0.7630	70.6208	0.6464	2.3e-04	0.5447
1557	-109.2657	-109.2657	-83.5221	0.7644	70.4291	0.6447	2.3e-04	0.5452
1558	-109.2712	-109.2712	-83.5690	0.7648	70.3748	0.6443	2.3e-04	0.5471
1559	-109.2816	-109.2816	-83.9483	0.7682	69.9324	0.6401	2.3e-04	0.5445
1560	-109.2893	-109.2893	-84.2624	0.7710	69.5410	0.6366	2.3e-04	0.5443
1561	-109.2639	-109.2639	-84.4704	0.7731	69.2817	0.6343	2.3e-04	0.5486
1562	-109.2937	-109.2937	-83.7740	0.7665	70.1771	0.6422	2.3e-04	0.5465
1563	-109.2911	-109.2911	-83.7624	0.7664	70.1679	0.6422	2.3e-04	0.5481
1564	-109.2924	-109.2924	-84.0571	0.7691	69.8067	0.6390	2.3e-04	0.5504
1565	-109.2874	-109.2874	-84.0926	0.7695	69.7747	0.6387	2.3e-04	0.5448
1566	-109.2782	-109.2782	-84.0674	0.7693	69.7940	0.6389	2.3e-04	0.5467
1567	-109.2875	-109.2875	-84.4203	0.7725	69.3829	0.6351	2.3e-04	0.5424
1568	-109.2806	-109.2806	-84.8488	0.7764	68.8395	0.6302	2.3e-04	0.5453
1569	-109.2780	-109.2780	-83.7839	0.7667	70.1348	0.6420	2.3e-04	0.5446
1570	-109.2564	-109.2564	-84.4847	0.7733	69.2547	0.6341	2.3e-04	0.5455
1571	-109.2711	-109.2711	-84.3632	0.7721	69.4135	0.6354	2.3e-04	0.5459
1572	-109.2852	-109.2852	-85.0181	0.7779	68.6447	0.6283	2.3e-04	0.5440
1573	-109.2740	-109.2740	-84.3811	0.7722	69.4014	0.6354	2.3e-04	0.5464
1574	-109.3060	-109.3060	-84.6813	0.7747	69.0803	0.6323	2.3e-04	0.5446
1575	-109.2806	-109.2806	-84.1119	0.7697	69.7341	0.6384	2.3e-04	0.5448
1576	-109.2904	-109.2904	-84.7041	0.7750	69.0302	0.6319	2.3e-04	0.5454
1577	-109.2835	-109.2835	-84.5030	0.7732	69.2688	0.6341	2.3e-04	0.5466
1578	-109.2853	-109.2853	-85.3917	0.7814	68.1693	0.6241	2.3e-04	0.5448
1579	-109.2798	-109.2798	-84.7425	0.7755	68.9743	0.6314	2.3e-04	0.5437
1580	-109.2709	-109.2709	-85.2910	0.7805	68.2787	0.6251	2.3e-04	0.5449
1581	-109.2908	-109.2908	-85.4660	0.7820	68.0926	0.6233	2.3e-04	0.5458
1582	-109.2804	-109.2804	-84.5124	0.7734	69.2488	0.6339	2.3e-04	0.5476
1583	-109.2880	-109.2880	-84.8291	0.7762	68.8821	0.6305	2.3e-04	0.5436
1584	-109.2706	-109.2706	-85.2710	0.7804	68.3106	0.6253	2.3e-04	0.5443
1585	-109.2972	-109.2972	-84.9584	0.7773	68.7270	0.6291	2.3e-04	0.5442
1586	-109.2810	-109.2810	-85.1971	0.7796	68.4091	0.6262	2.3e-04	0.5476
1587	-109.2872	-109.2872	-84.0186	0.7688	69.8532	0.6394	2.3e-04	0.5468
1588	-109.2846	-109.2846	-85.1445	0.7791	68.4760	0.6269	2.3e-04	0.5469
1589	-109.2757	-109.2757	-85.0558	0.7784	68.5728	0.6277	2.3e-04	0.5437
1590	-109.2750	-109.2750	-84.1586	0.7702	69.6829	0.6379	2.3e-04	0.5456
1591	-109.3003	-109.3003	-84.8734	0.7765	68.8408	0.6301	2.3e-04	0.5440
1592	-109.2797	-109.2797	-84.8236	0.7762	68.8530	0.6303	2.3e-04	0.5465
1593	-109.2826	-109.2826	-84.3595	0.7719	69.4218	0.6355	2.3e-04	0.5467
1594	-109.2556	-109.2556	-84.8911	0.7770	68.7508	0.6295	2.3e-04	0.5459
1595	-109.2842	-109.2842	-84.3102	0.7715	69.4929	0.6360	2.3e-04	0.5433
1596	-109.2664	-109.2664	-84.9610	0.7776	68.6799	0.6287	2.3e-04	0.5452
1597	-109.2799	-109.2799	-85.2766	0.7804	68.3145	0.6253	2.3e-04	0.5454
1598	-109.2811	-109.2811	-84.9376	0.7772	68.7227	0.6290	2.3e-04	0.5464
1599	-109.2823	-109.2823	-84.9677	0.7775	68.7027	0.6289	2.3e-04	0.5437
1600	-109.2834	-109.2834	-85.4938	0.7823	68.0428	0.6229	2.3e-04	0.5450
1601	-109.2632	-109.2632	-85.3638	0.7813	68.1779	0.6242	2.3e-04	0.5441
1602	-109.2961	-109.2961	-84.9585	0.7773	68.7289	0.6291	2.3e-04	0.5472
1603	-109.2848	-109.2848	-85.0069	0.7778	68.6472	0.6284	2.3e-04	0.5447
1604	-109.2869	-109.2869	-86.0725	0.7876	67.3103	0.6161	2.3e-04	0.5447
1605	-109.2795	-109.2795	-85.4431	0.7819	68.0899	0.6234	2.3e-04	0.5455
1606	-109.2767	-109.2767	-85.7988	0.7852	67.6582	0.6193	2.3e-04	0.5452
1607	-109.2973	-109.2973	-85.5767	0.7830	67.9588	0.6220	2.3e-04	0.5439
1608	-109.2816	-109.2816	-86.5262	0.7918	66.7242	0.6108	2.3e-04	0.5461
1609	-109.2672	-109.2672	-86.0932	0.7879	67.2613	0.6158	2.3e-04	0.5459
1610	-109.2825	-109.2825	-86.1793	0.7886	67.1682	0.6149	2.3e-04	0.5450
1611	-109.2660	-109.2660	-86.4971	0.7916	66.7178	0.6108	2.3e-04	0.5456
1612	-109.2827	-109.2827	-85.7425	0.7846	67.7293	0.6200	2.3e-04	0.5464
1613	-109.2805	-109.2805	-85.7656	0.7848	67.6924	0.6197	2.3e-04	0.5458
1614	-109.2818	-109.2818	-86.1159	0.7880	67.2410	0.6156	2.3e-04	0.5454
1615	-109.2822	-109.2822	-86.4129	0.7907	66.8762	0.6122	2.3e-04	0.5437
1616	-109.2666	-109.2666	-86.2818	0.7896	67.0150	0.6135	2.3e-04	0.5448
1617	-109.2817	-109.2817	-86.1962	0.7888	67.1563	0.6147	2.3e-04	0.5462
1618	-109.2770	-109.2770	-86.1602	0.7885	67.1692	0.6149	2.3e-04	0.5455
1619	-109.2621	-109.2621	-86.3354	0.7902	66.9424	0.6129	2.3e-04	0.5442
1620	-109.2651	-109.2651	-86.2309	0.7892	67.0789	0.6141	2.3e-04	0.5449
1621	-109.2726	-109.2726	-85.5992	0.7834	67.8912	0.6216	2.3e-04	0.5457
1622	-109.2660	-109.2660	-86.1043	0.7880	67.2395	0.6156	2.3e-04	0.5481
1623	-109.2831	-109.2831	-85.3587	0.7811	68.2252	0.6244	2.3e-04	0.5446
1624	-109.2835	-109.2835	-86.1083	0.7879	67.2701	0.6157	2.3e-04	0.5456
1625	-109.2563	-109.2563	-86.2774	0.7897	66.9947	0.6134	2.3e-04	0.5457
1626	-109.2627	-109.2627	-85.6212	0.7836	67.8178	0.6209	2.3e-04	0.5447
1627	-109.2845	-109.2845	-85.3035	0.7806	68.2863	0.6250	2.3e-04	0.5456
1628	-109.2832	-109.2832	-85.9564	0.7865	67.4611	0.6175	2.3e-04	0.5470
1629	-109.2832	-109.2832	-86.0900	0.7878	67.2945	0.6160	2.3e-04	0.5464
1630	-109.2613	-109.2613	-85.9017	0.7862	67.5021	0.6179	2.3e-04	0.5452
1631	-109.2732	-109.2732	-86.0198	0.7872	67.3662	0.6167	2.3e-04	0.5433
1632	-109.2710	-109.2710	-85.9840	0.7869	67.3882	0.6169	2.3e-04	0.5448
1633	-109.2846	-109.2846	-86.5498	0.7920	66.6981	0.6105	2.3e-04	0.5470
1634	-109.2796	-109.2796	-86.5823	0.7923	66.6535	0.6101	2.3e-04	0.5454
1635	-109.2798	-109.2798	-86.5240	0.7918	66.7242	0.6108	2.3e-04	0.5442
1636	-109.2898	-109.2898	-86.2362	0.7891	67.1043	0.6143	2.3e-04	0.5460
1637	-109.2696	-109.2696	-86.8019	0.7944	66.3416	0.6074	2.3e-04	0.5459
1638	-109.2896	-109.2896	-86.1915	0.7887	67.1598	0.6148	2.3e-04	0.5447
1639	-109.2704	-109.2704	-85.8458	0.7856	67.5900	0.6187	2.3e-04	0.5444
1640	-109.2677	-109.2677	-86.3377	0.7901	66.9135	0.6126	2.3e-04	0.5429
1641	-109.2671	-109.2671	-86.3214	0.7900	66.9569	0.6130	2.3e-04	0.5473
1642	-109.2733	-109.2733	-85.7137	0.7844	67.7494	0.6202	2.3e-04	0.5446
1643	-109.2783	-109.2783	-85.7843	0.7850	67.6715	0.6195	2.3e-04	0.5460
1644	-109.2872	-109.2872	-85.9518	0.7865	67.4676	0.6176	2.3e-04	0.5455
1645	-109.2942	-109.2942	-87.0396	0.7964	66.0599	0.6047	2.3e-04	0.5443
1646	-109.3048	-109.3048	-86.1425	0.7881	67.2612	0.6155	2.3e-04	0.5463
1647	-109.2957	-109.2957	-86.2066	0.7887	67.0983	0.6142	2.3e-04	0.5461
1648	-109.2707	-109.2707	-85.8678	0.7858	67.5300	0.6183	2.3e-04	0.5451
1649	-109.2622	-109.2622	-86.7464	0.7939	66.4077	0.6080	2.3e-04	0.5480
1650	-109.2745	-109.2745	-86.1525	0.7884	67.1983	0.6151	2.3e-04	0.5471
1651	-109.2892	-109.2892	-85.6786	0.7840	67.8217	0.6208	2.3e-04	0.5461
1652	-109.2878	-109.2878	-85.6772	0.7840	67.8182	0.6208	2.3e-04	0.5447
1653	-109.2854	-109.2854	-86.1769	0.7885	67.1891	0.6150	2.3e-04	0.5444
1654	-109.2784	-109.2784	-86.2044	0.7889	67.1273	0.6145	2.3e-04	0.5450
1655	-109.2484	-109.2484	-86.0680	0.7878	67.2643	0.6159	2.3e-04	0.5456
1656	-109.2959	-109.2959	-85.8837	0.7858	67.5718	0.6185	2.3e-04	0.5444
1657	-109.2823	-109.2823	-85.7901	0.7850	67.6594	0.6193	2.3e-04	0.5450
1658	-109.2809	-109.2809	-86.0273	0.7872	67.3569	0.6166	2.3e-04	0.5446
1659	-109.2724	-109.2724	-86.5803	0.7923	66.6174	0.6099	2.3e-04	0.5457
1660	-109.2845	-109.2845	-86.2526	0.7892	67.0776	0.6141	2.3e-04	0.5470
1661	-109.2904	-109.2904	-86.2089	0.7888	67.1443	0.6146	2.3e-04	0.5451
1662	-109.2785	-109.2785	-86.5350	0.7919	66.7056	0.6106	2.3e-04	0.5458
1663	-109.2729	-109.2729	-86.3419	0.7901	66.9522	0.6129	2.3e-04	0.5436
1664	-109.2900	-109.2900	-86.2913	0.7896	67.0286	0.6136	2.3e-04	0.5450
1665	-109.2586	-109.2586	-86.4816	0.7915	66.7385	0.6110	2.3e-04	0.5473
1666	-109.2945	-109.2945	-86.2898	0.7895	67.0394	0.6136	2.2e-04	0.5454
1667	-109.2775	-109.2775	-87.0266	0.7964	66.0638	0.6048	2.2e-04	0.5592
1668	-109.2941	-109.2941	-86.4516	0.7910	66.8426	0.6118	2.2e-04	0.5473
1669	-109.2829	-109.2829	-86.9665	0.7958	66.1354	0.6054	2.2e-04	0.5450
1670	-109.2903	-109.2903	-86.2407	0.7891	67.0962	0.6142	2.2e-04	0.5448
1671	-109.2848	-109.2848	-86.4318	0.7909	66.8428	0.6120	2.2e-04	0.5446
1672	-109.2866	-109.2866	-86.2701	0.7894	67.0622	0.6139	2.2e-04	0.5471
1673	-109.2709	-109.2709	-86.5158	0.7918	66.7298	0.6108	2.2e-04	0.5465
1674	-109.2640	-109.2640	-86.7769	0.7942	66.3536	0.6075	2.2e-04	0.5459
1675	-109.2613	-109.2613	-86.7162	0.7937	66.4417	0.6083	2.2e-04	0.5447
1676	-109.2700	-109.2700	-86.8973	0.7953	66.2307	0.6063	2.2e-04	0.5463
1677	-109.2626	-109.2626	-86.2024	0.7889	67.1110	0.6145	2.2e-04	0.5467
1678	-109.2555	-109.2555	-86.8441	0.7949	66.2757	0.6068	2.2e-04	0.5454
1679	-109.2720	-109.2720	-86.3626	0.7903	66.9096	0.6125	2.2e-04	0.5452
1680	-109.2591	-109.2591	-86.9943	0.7962	66.0795	0.6050	2.2e-04	0.5459
1681	-109.2795	-109.2795	-86.1595	0.7884	67.1805	0.6150	2.2e-04	0.5463
1682	-109.2676	-109.2676	-85.7597	0.7849	67.6897	0.6197	2.2e-04	0.5450
1683	-109.2690	-109.2690	-86.5885	0.7924	66.6027	0.6098	2.2e-04	0.5469
1684	-109.2960	-109.2960	-86.2245	0.7889	67.1419	0.6145	2.2e-04	0.5449
1685	-109.2756	-109.2756	-87.1438	0.7975	65.8916	0.6032	2.2e-04	0.5442
1686	-109.2831	-109.2831	-86.3265	0.7899	66.9832	0.6132	2.2e-04	0.5470
1687	-109.2667	-109.2667	-85.8540	0.7857	67.5525	0.6185	2.2e-04	0.5449
1688	-109.2911	-109.2911	-86.3569	0.7902	66.9163	0.6126	2.2e-04	0.5436
1689	-109.2757	-109.2757	-86.8865	0.7951	66.2292	0.6063	2.2e-04	0.5457
1690	-109.2836	-109.2836	-86.4848	0.7914	66.7633	0.6111	2.2e-04	0.5464
1691	-109.2693	-109.2693	-86.6969	0.7934	66.4873	0.6086	2.2e-04	0.5453
1692	-109.2696	-109.2696	-86.3353	0.7901	66.9555	0.6130	2.2e-04	0.5450
1693	-109.2883	-109.2883	-85.0984	0.7787	68.5438	0.6274	2.2e-04	0.5447
1694	-109.2791	-109.2791	-85.4402	0.7819	68.1055	0.6235	2.2e-04	0.5445
1695	-109.2712	-109.2712	-86.1695	0.7886	67.1659	0.6149	2.2e-04	0.5440
1696	-109.2932	-109.2932	-85.8322	0.7853	67.6313	0.6190	2.2e-04	0.5453
1697	-109.2888	-109.2888	-85.9536	0.7865	67.4528	0.6174	2.2e-04	0.5454
1698	-109.2796	-109.2796	-86.0062	0.7870	67.3747	0.6167	2.2e-04	0.5440
1699	-109.2870	-109.2870	-86.5594	0.7920	66.6943	0.6105	2.2e-04	0.5450
1700	-109.3009	-109.3009	-85.0857	0.7785	68.5683	0.6276	2.2e-04	0.5466
1701	-109.2807	-109.2807	-85.0475	0.7782	68.5893	0.6279	2.2e-04	0.5431
1702	-109.2659	-109.2659	-86.0504	0.7875	67.3200	0.6163	2.2e-04	0.5469
1703	-109.2814	-109.2814	-85.4011	0.7815	68.1500	0.6238	2.2e-04	0.5451
1704	-109.2659	-109.2659	-84.9866	0.7778	68.6542	0.6285	2.2e-04	0.5434
1705	-109.2560	-109.2560	-85.4088	0.7817	68.1124	0.6236	2.2e-04	0.5443
1706	-109.2976	-109.2976	-86.0793	0.7876	67.3228	0.6162	2.2e-04	0.5468
1707	-109.2811	-109.2811	-86.1321	0.7882	67.2335	0.6154	2.2e-04	0.5441
1708	-109.2623	-109.2623	-85.4570	0.7821	68.0473	0.6230	2.2e-04	0.5440
1709	-109.2789	-109.2789	-85.3725	0.7812	68.1893	0.6242	2.2e-04	0.5451
1710	-109.2710	-109.2710	-84.8647	0.7766	68.8091	0.6299	2.2e-04	0.5468
1711	-109.2574	-109.2574	-85.4002	0.7816	68.1357	0.6237	2.2e-04	0.5445
1712	-109.2700	-109.2700	-85.1058	0.7789	68.5099	0.6272	2.2e-04	0.5443
1713	-109.2896	-109.2896	-84.4284	0.7725	69.3660	0.6349	2.2e-04	0.5471
1714	-109.2699	-109.2699	-85.0751	0.7786	68.5165	0.6273	2.2e-04	0.5459
1715	-109.2586	-109.2586	-84.8777	0.7769	68.7794	0.6297	2.2e-04	0.5444
1716	-109.2915	-109.2915	-85.6943	0.7841	67.7995	0.6206	2.2e-04	0.5466
1717	-109.2980	-109.2980	-84.5471	0.7735	69.2466	0.6337	2.2e-04	0.5446
1718	-109.2780	-109.2780	-84.8058	0.7761	68.8838	0.6305	2.2e-04	0.5454
1719	-109.2521	-109.2521	-85.2068	0.7799	68.3524	0.6259	2.2e-04	0.5450
1720	-109.2663	-109.2663	-85.3827	0.7814	68.1480	0.6240	2.2e-04	0.5437
1721	-109.2757	-109.2757	-84.1755	0.7703	69.6313	0.6374	2.2e-04	0.5464
1722	-109.2801	-109.2801	-84.2207	0.7707	69.6147	0.6372	2.2e-04	0.5469
1723	-109.2760	-109.2760	-84.7554	0.7756	68.9271	0.6309	2.2e-04	0.5455
1724	-109.2915	-109.2915	-84.1744	0.7702	69.6783	0.6378	2.2e-04	0.5454
1725	-109.2763	-109.2763	-84.2922	0.7714	69.5030	0.6363	2.2e-04	0.5454
1726	-109.2895	-109.2895	-84.9832	0.7776	68.6954	0.6288	2.2e-04	0.5453
1727	-109.2841	-109.2841	-85.3665	0.7811	68.2086	0.6243	2.2e-04	0.5451
1728	-109.2819	-109.2819	-84.2634	0.7711	69.5600	0.6367	2.2e-04	0.5448
1729	-109.2815	-109.2815	-85.0419	0.7782	68.5903	0.6280	2.2e-04	0.5446
1730	-109.2691	-109.2691	-84.4866	0.7732	69.2803	0.6342	2.2e-04	0.5444
1731	-109.2702	-109.2702	-84.9893	0.7778	68.6503	0.6285	2.2e-04	0.5465
1732	-109.2881	-109.2881	-84.5393	0.7735	69.2353	0.6337	2.2e-04	0.5460
1733	-109.2756	-109.2756	-84.3140	0.7716	69.4895	0.6361	2.2e-04	0.5450
1734	-109.2892	-109.2892	-84.9721	0.7775	68.7176	0.6289	2.2e-04	0.5447
1735	-109.2864	-109.2864	-84.9129	0.7770	68.7774	0.6295	2.2e-04	0.5422
1736	-109.2866	-109.2866	-84.6459	0.7745	69.1078	0.6325	2.2e-04	0.5445
1737	-109.2833	-109.2833	-84.6437	0.7745	69.0982	0.6325	2.2e-04	0.5460
1738	-109.2931	-109.2931	-84.6549	0.7746	69.0999	0.6325	2.2e-04	0.5448
1739	-109.2685	-109.2685	-85.1375	0.7792	68.4619	0.6268	2.2e-04	0.5441
1740	-109.2743	-109.2743	-84.9694	0.7776	68.6941	0.6288	2.2e-04	0.5438
1741	-109.2840	-109.2840	-85.0461	0.7782	68.6033	0.6280	2.2e-04	0.5451
1742	-109.2811	-109.2811	-84.9991	0.7778	68.6495	0.6284	2.2e-04	0.5465
1743	-109.2860	-109.2860	-85.2477	0.7800	68.3532	0.6257	2.2e-04	0.5443
1744	-109.2830	-109.2830	-84.8083	0.7760	68.8824	0.6305	2.2e-04	0.5466
1745	-109.2805	-109.2805	-85.3046	0.7806	68.2484	0.6248	2.2e-04	0.5445
1746	-109.2836	-109.2836	-84.7912	0.7759	68.9149	0.6309	2.2e-04	0.5453
1747	-109.2945	-109.2945	-84.9532	0.7773	68.7377	0.6291	2.2e-04	0.5468
1748	-109.2556	-109.2556	-84.8281	0.7764	68.8315	0.6302	2.2e-04	0.5457
1749	-109.2608	-109.2608	-84.9437	0.7774	68.6972	0.6290	2.2e-04	0.5443
1750	-109.2809	-109.2809	-84.8614	0.7765	68.8186	0.6300	2.2e-04	0.5443
1751	-109.2926	-109.2926	-84.7902	0.7758	68.9168	0.6309	2.2e-04	0.5433
1752	-109.2913	-109.2913	-85.0895	0.7786	68.5586	0.6275	2.2e-04	0.5441
1753	-109.2683	-109.2683	-84.8901	0.7769	68.7560	0.6295	2.2e-04	0.5445
1754	-109.2806	-109.2806	-84.8808	0.7767	68.7612	0.6295	2.2e-04	0.5469
1755	-109.2861	-109.2861	-84.7160	0.7752	69.0164	0.6317	2.2e-04	0.5456
1756	-109.2970	-109.2970	-84.9253	0.7770	68.7638	0.6293	2.2e-04	0.5447
1757	-109.2754	-109.2754	-84.7279	0.7754	68.9859	0.6315	2.2e-04	0.5446
1758	-109.2709	-109.2709	-84.7272	0.7754	68.9741	0.6314	2.2e-04	0.5468
1759	-109.2786	-109.2786	-84.5844	0.7740	69.1549	0.6331	2.2e-04	0.5446
1760	-109.2668	-109.2668	-85.1302	0.7791	68.4431	0.6266	2.2e-04	0.5436
1761	-109.2869	-109.2869	-84.9735	0.7775	68.6969	0.6288	2.2e-04	0.5448
1762	-109.2859	-109.2859	-84.2110	0.7706	69.6042	0.6371	2.2e-04	0.5463
1763	-109.2827	-109.2827	-85.0678	0.7784	68.5799	0.6277	2.2e-04	0.5478
1764	-109.3022	-109.3022	-84.4840	0.7729	69.3227	0.6345	2.2e-04	0.5470
1765	-109.2797	-109.2797	-85.0036	0.7779	68.6577	0.6284	2.2e-04	0.5469
1766	-109.2933	-109.2933	-85.0475	0.7782	68.6147	0.6279	2.2e-04	0.5460
1767	-109.2762	-109.2762	-85.0030	0.7779	68.6490	0.6284	2.2e-04	0.5435
1768	-109.3036	-109.3036	-84.5905	0.7739	69.1689	0.6330	2.2e-04	0.5439
1769	-109.2850	-109.2850	-84.9219	0.7771	68.7575	0.6294	2.2e-04	0.5453
1770	-109.2763	-109.2763	-85.1473	0.7792	68.4677	0.6267	2.2e-04	0.5462
1771	-109.2875	-109.2875	-85.1884	0.7795	68.4279	0.6264	2.2e-04	0.5467
1772	-109.2785	-109.2785	-85.5772	0.7831	67.9277	0.6218	2.2e-04	0.5474
1773	-109.2770	-109.2770	-86.4801	0.7914	66.7673	0.6112	2.2e-04	0.5451
1774	-109.2759	-109.2759	-85.5418	0.7828	67.9725	0.6222	2.2e-04	0.5451
1775	-109.2889	-109.2889	-85.7940	0.7850	67.6797	0.6195	2.2e-04	0.5448
1776	-109.2758	-109.2758	-85.2127	0.7798	68.3839	0.6260	2.2e-04	0.5459
1777	-109.2615	-109.2615	-85.6679	0.7841	67.7717	0.6204	2.2e-04	0.5464
1778	-109.2714	-109.2714	-86.8580	0.7949	66.2676	0.6067	2.2e-04	0.5464
1779	-109.2877	-109.2877	-85.1485	0.7791	68.4889	0.6269	2.2e-04	0.5455
1780	-109.2748	-109.2748	-85.7555	0.7848	67.7065	0.6198	2.2e-04	0.5443
1781	-109.2740	-109.2740	-85.7843	0.7850	67.6764	0.6194	2.2e-04	0.5459
1782	-109.3013	-109.3013	-85.2743	0.7802	68.3471	0.6255	2.2e-04	0.5461
1783	-109.2822	-109.2822	-85.8366	0.7855	67.6125	0.6189	2.2e-04	0.5447
1784	-109.2794	-109.2794	-86.3799	0.7904	66.9056	0.6125	2.2e-04	0.5439
1785	-109.2534	-109.2534	-85.9838	0.7870	67.3800	0.6169	2.2e-04	0.5455
1786	-109.2838	-109.2838	-85.4684	0.7821	68.0753	0.6232	2.2e-04	0.5471
1787	-109.2794	-109.2794	-85.7069	0.7843	67.7639	0.6204	2.2e-04	0.5431
1788	-109.2889	-109.2889	-86.4434	0.7910	66.8379	0.6118	2.2e-04	0.5455
1789	-109.2862	-109.2862	-86.2724	0.7894	67.0653	0.6139	2.2e-04	0.5465
1790	-109.2810	-109.2810	-85.7635	0.7848	67.7020	0.6198	2.2e-04	0.5447
1791	-109.2963	-109.2963	-85.7612	0.7847	67.6890	0.6195	2.2e-04	0.5449
1792	-109.2797	-109.2797	-85.3303	0.7808	68.2454	0.6247	2.2e-04	0.5433
1793	-109.2591	-109.2591	-85.6384	0.7838	67.8186	0.6208	2.2e-04	0.5460
1794	-109.2761	-109.2761	-85.6613	0.7839	67.8164	0.6208	2.2e-04	0.5458
1795	-109.3037	-109.3037	-86.6409	0.7927	66.6050	0.6097	2.2e-04	0.5452
1796	-109.2738	-109.2738	-86.1696	0.7886	67.1715	0.6149	2.2e-04	0.5486
1797	-109.2826	-109.2826	-86.1320	0.7882	67.2297	0.6155	2.2e-04	0.5462
1798	-109.2706	-109.2706	-85.7122	0.7844	67.7178	0.6200	2.2e-04	0.5441
1799	-109.2835	-109.2835	-85.5599	0.7829	67.9619	0.6221	2.2e-04	0.5433
1800	-109.2777	-109.2777	-85.9433	0.7865	67.4734	0.6176	2.2e-04	0.5446
1801	-109.2802	-109.2802	-85.5396	0.7828	67.9670	0.6222	2.2e-04	0.5451
1802	-109.2615	-109.2615	-85.9038	0.7862	67.4998	0.6179	2.2e-04	0.5457
1803	-109.2823	-109.2823	-85.7504	0.7847	67.7154	0.6199	2.2e-04	0.5461
1804	-109.2985	-109.2985	-85.6989	0.7841	67.7947	0.6206	2.2e-04	0.5474
1805	-109.2938	-109.2938	-86.0776	0.7876	67.3184	0.6161	2.2e-04	0.5469
1806	-109.2849	-109.2849	-86.7367	0.7937	66.4553	0.6083	2.2e-04	0.5470
1807	-109.2930	-109.2930	-85.9905	0.7868	67.4272	0.6172	2.2e-04	0.5446
1808	-109.2962	-109.2962	-86.2528	0.7892	67.0807	0.6141	2.2e-04	0.5436
1809	-109.2828	-109.2828	-85.8418	0.7855	67.5848	0.6187	2.2e-04	0.5437
1810	-109.2829	-109.2829	-85.9988	0.7869	67.4004	0.6170	2.2e-04	0.5449
1811	-109.2831	-109.2831	-86.5294	0.7918	66.7157	0.6108	2.2e-04	0.5444
1812	-109.2911	-109.2911	-85.8674	0.7857	67.5849	0.6186	2.2e-04	0.5433
1813	-109.2628	-109.2628	-86.2540	0.7894	67.0534	0.6138	2.2e-04	0.5438
1814	-109.2717	-109.2717	-85.8506	0.7857	67.5754	0.6186	2.2e-04	0.5454
1815	-109.2976	-109.2976	-86.2955	0.7895	67.0138	0.6134	2.2e-04	0.5432
1816	-109.2744	-109.2744	-86.2179	0.7890	67.1087	0.6144	2.2e-04	0.5453
1817	-109.2751	-109.2751	-85.6674	0.7840	67.8153	0.6208	2.2e-04	0.5453
1818	-109.2657	-109.2657	-86.1626	0.7886	67.1418	0.6147	2.2e-04	0.5436
1819	-109.2651	-109.2651	-85.7346	0.7846	67.7057	0.6198	2.2e-04	0.5443
1820	-109.2838	-109.2838	-86.3769	0.7904	66.9079	0.6125	2.2e-04	0.5466
1821	-109.2811	-109.2811	-86.4180	0.7908	66.8589	0.6121	2.2e-04	0.5444
1822	-109.2819	-109.2819	-84.9758	0.7776	68.6888	0.6288	2.2e-04	0.5450
1823	-109.2689	-109.2689	-86.3895	0.7906	66.8627	0.6121	2.2e-04	0.5446
1824	-109.2851	-109.2851	-85.4516	0.7819	68.0972	0.6233	2.2e-04	0.5435
1825	-109.2877	-109.2877	-85.6494	0.7837	67.8488	0.6211	2.2e-04	0.5438
1826	-109.2929	-109.2929	-85.2367	0.7799	68.3654	0.6258	2.2e-04	0.5427
1827	-109.2835	-109.2835	-86.3833	0.7905	66.8980	0.6124	2.2e-04	0.5462
1828	-109.2831	-109.2831	-84.9707	0.7775	68.6947	0.6288	2.2e-04	0.5445
1829	-109.2879	-109.2879	-86.7064	0.7934	66.4935	0.6087	2.2e-04	0.5444
1830	-109.2815	-109.2815	-85.4673	0.7821	68.0628	0.6231	2.2e-04	0.5453
1831	-109.2790	-109.2790	-85.2589	0.7802	68.3354	0.6255	2.2e-04	0.5435
1832	-109.2569	-109.2569	-84.8821	0.7769	68.7190	0.6291	2.2e-04	0.5473
1833	-109.2796	-109.2796	-84.9383	0.7773	68.7182	0.6291	2.2e-04	0.5468
1834	-109.2684	-109.2684	-85.2852	0.7805	68.2818	0.6251	2.2e-04	0.5456
1835	-109.2678	-109.2678	-85.7289	0.7846	67.7124	0.6199	2.2e-04	0.5442
1836	-109.2720	-109.2720	-85.0609	0.7784	68.5580	0.6277	2.2e-04	0.5452
1837	-109.2914	-109.2914	-84.7217	0.7752	69.0271	0.6317	2.2e-04	0.5452
1838	-109.2728	-109.2728	-84.6522	0.7747	69.0648	0.6323	2.2e-04	0.5433
1839	-109.2814	-109.2814	-85.3267	0.7808	68.1994	0.6243	2.2e-04	0.5455
1840	-109.2856	-109.2856	-84.4855	0.7731	69.2631	0.6341	2.2e-04	0.5466
1841	-109.2911	-109.2911	-84.0572	0.7691	69.8178	0.6390	2.2e-04	0.5450
1842	-109.2859	-109.2859	-84.0287	0.7689	69.8427	0.6394	2.2e-04	0.5434
1843	-109.2639	-109.2639	-84.8770	0.7768	68.7660	0.6296	2.2e-04	0.5422
1844	-109.2873	-109.2873	-84.9410	0.7772	68.7190	0.6291	2.2e-04	0.5433
1845	-109.2889	-109.2889	-83.6480	0.7654	70.2903	0.6435	2.2e-04	0.5457
1846	-109.2694	-109.2694	-84.6954	0.7751	69.0177	0.6318	2.2e-04	0.5447
1847	-109.2750	-109.2750	-84.4372	0.7727	69.3224	0.6346	2.2e-04	0.5443
1848	-109.2856	-109.2856	-84.6635	0.7747	69.0703	0.6323	2.2e-04	0.5455
1849	-109.2677	-109.2677	-83.8835	0.7677	69.9843	0.6407	2.2e-04	0.5468
1850	-109.2920	-109.2920	-84.5630	0.7737	69.1974	0.6334	2.2e-04	0.5464
1851	-109.2816	-109.2816	-84.0394	0.7690	69.8350	0.6392	2.2e-04	0.5428
1852	-109.2806	-109.2806	-84.2404	0.7709	69.5494	0.6368	2.2e-04	0.5529
1853	-109.2678	-109.2678	-83.6843	0.7659	70.2423	0.6430	2.2e-04	0.5445
1854	-109.2939	-109.2939	-84.2013	0.7704	69.6508	0.6375	2.2e-04	0.5451
1855	-109.2809	-109.2809	-83.8314	0.7671	70.0750	0.6415	2.2e-04	0.5444
1856	-109.2711	-109.2711	-84.0789	0.7695	69.7595	0.6387	2.2e-04	0.5453
1857	-109.2779	-109.2779	-84.0808	0.7694	69.7767	0.6387	2.2e-04	0.5481
1858	-109.2827	-109.2827	-83.2491	0.7618	70.7648	0.6477	2.2e-04	0.5461
1859	-109.2738	-109.2738	-83.6689	0.7657	70.2618	0.6432	2.2e-04	0.5428
1860	-109.2855	-109.2855	-83.8408	0.7672	70.0642	0.6413	2.2e-04	0.5441
1861	-109.2795	-109.2795	-83.3169	0.7624	70.6859	0.6471	2.2e-04	0.5468
1862	-109.2801	-109.2801	-83.8808	0.7676	70.0077	0.6409	2.2e-04	0.5448
1863	-109.2888	-109.2888	-83.3787	0.7629	70.6199	0.6465	2.2e-04	0.5463
1864	-109.2821	-109.2821	-83.1493	0.7609	70.8876	0.6489	2.2e-04	0.5446
1865	-109.2828	-109.2828	-83.5720	0.7647	70.3577	0.6441	2.2e-04	0.5456
1866	-109.2859	-109.2859	-83.5958	0.7649	70.3403	0.6439	2.2e-04	0.5456
1867	-109.2966	-109.2966	-83.1691	0.7609	70.8647	0.6487	2.2e-04	0.5429
1868	-109.2765	-109.2765	-83.1063	0.7605	70.9299	0.6493	2.2e-04	0.5455
1869	-109.2778	-109.2778	-82.9098	0.7587	71.1079	0.6510	2.2e-04	0.5466
1870	-109.3017	-109.3017	-84.0624	0.7691	69.8229	0.6391	2.2e-04	0.5444
1871	-109.2866	-109.2866	-83.5553	0.7646	70.4047	0.6446	2.2e-04	0.5471
1872	-109.2742	-109.2742	-83.6031	0.7651	70.3439	0.6439	2.2e-04	0.5454
1873	-109.2641	-109.2641	-83.2627	0.7620	70.7344	0.6475	2.2e-04	0.5448
1874	-109.2872	-109.2872	-83.0215	0.7597	71.0413	0.6502	2.2e-04	0.5463
1875	-109.2737	-109.2737	-83.4858	0.7640	70.4840	0.6452	2.2e-04	0.5438
1876	-109.2717	-109.2717	-83.8064	0.7670	70.0987	0.6417	2.2e-04	0.5460
1877	-109.2593	-109.2593	-82.3241	0.7535	71.8141	0.6574	2.2e-04	0.5476
1878	-109.2754	-109.2754	-83.2470	0.7618	70.7666	0.6478	2.2e-04	0.5475
1879	-109.2844	-109.2844	-83.3177	0.7624	70.6870	0.6470	2.2e-04	0.5464
1880	-109.2767	-109.2767	-82.8137	0.7578	71.2547	0.6523	2.2e-04	0.5477
1881	-109.2751	-109.2751	-82.9506	0.7591	71.1112	0.6509	2.2e-04	0.5453
1882	-109.2861	-109.2861	-83.4161	0.7633	70.5745	0.6461	2.2e-04	0.5465
1883	-109.2918	-109.2918	-82.9766	0.7592	71.1036	0.6508	2.2e-04	0.5456
1884	-109.2809	-109.2809	-84.3285	0.7717	69.4704	0.6359	2.2e-04	0.5457
1885	-109.2836	-109.2836	-83.2802	0.7621	70.7224	0.6475	2.2e-04	0.5469
1886	-109.2715	-109.2715	-83.5872	0.7650	70.3530	0.6441	2.2e-04	0.5464
1887	-109.2741	-109.2741	-84.1782	0.7703	69.6561	0.6376	2.2e-04	0.5456
1888	-109.2726	-109.2726	-83.5661	0.7647	70.3519	0.6442	2.2e-04	0.5451
1889	-109.2683	-109.2683	-83.5140	0.7643	70.4367	0.6449	2.2e-04	0.5446
1890	-109.2867	-109.2867	-83.9131	0.7678	69.9822	0.6406	2.2e-04	0.5462
1891	-109.2901	-109.2901	-84.3482	0.7718	69.4641	0.6358	2.2e-04	0.5462
1892	-109.2852	-109.2852	-83.8844	0.7676	70.0169	0.6410	2.2e-04	0.5453
1893	-109.2864	-109.2864	-84.1909	0.7704	69.6454	0.6376	2.2e-04	0.5451
1894	-109.2639	-109.2639	-83.7329	0.7663	70.1742	0.6424	2.2e-04	0.5449
1895	-109.2854	-109.2854	-83.3776	0.7629	70.6132	0.6464	2.2e-04	0.5457
1896	-109.2702	-109.2702	-83.2032	0.7614	70.8127	0.6482	2.2e-04	0.5472
1897	-109.2822	-109.2822	-83.8076	0.7669	70.1105	0.6417	2.2e-04	0.5454
1898	-109.2893	-109.2893	-83.0475	0.7599	71.0045	0.6500	2.2e-04	0.5439
1899	-109.2783	-109.2783	-82.9363	0.7589	71.1391	0.6511	2.2e-04	0.5440
1900	-109.2783	-109.2783	-83.5456	0.7645	70.4139	0.6446	2.2e-04	0.5429
1901	-109.2781	-109.2781	-84.2473	0.7709	69.5703	0.6369	2.2e-04	0.5429
1902	-109.2758	-109.2758	-83.9182	0.7679	69.9682	0.6405	2.2e-04	0.5450
1903	-109.2831	-109.2831	-84.0513	0.7691	69.8043	0.6391	2.2e-04	0.5440
1904	-109.2679	-109.2679	-83.7855	0.7668	70.0993	0.6418	2.2e-04	0.5469
1905	-109.2805	-109.2805	-83.3079	0.7623	70.6787	0.6470	2.2e-04	0.5456
1906	-109.2876	-109.2876	-83.0329	0.7598	71.0180	0.6502	2.2e-04	0.5454
1907	-109.2884	-109.2884	-83.9079	0.7678	69.9949	0.6407	2.2e-04	0.5450
1908	-109.2813	-109.2813	-83.6494	0.7655	70.3022	0.6435	2.2e-04	0.5435
1909	-109.2635	-109.2635	-83.7263	0.7663	70.1735	0.6425	2.2e-04	0.5455
1910	-109.2925	-109.2925	-83.4906	0.7639	70.5087	0.6453	2.2e-04	0.5469
1911	-109.2918	-109.2918	-83.6191	0.7651	70.3509	0.6439	2.2e-04	0.5452
1912	-109.2607	-109.2607	-83.0690	0.7603	70.9525	0.6496	2.2e-04	0.5439
1913	-109.2772	-109.2772	-83.7063	0.7660	70.2266	0.6428	2.2e-04	0.5442
1914	-109.2767	-109.2767	-83.7453	0.7664	70.1831	0.6424	2.2e-04	0.5456
1915	-109.2690	-109.2690	-83.9461	0.7683	69.9240	0.6401	2.2e-04	0.5444
1916	-109.2809	-109.2809	-83.4221	0.7634	70.5616	0.6459	2.2e-04	0.5453
1917	-109.2685	-109.2685	-83.6542	0.7656	70.2700	0.6433	2.2e-04	0.5448
1918	-109.2600	-109.2600	-84.0631	0.7694	69.7687	0.6388	2.2e-04	0.5448
1919	-109.2667	-109.2667	-84.3794	0.7722	69.3736	0.6351	2.2e-04	0.5445
1920	-109.2848	-109.2848	-84.2385	0.7708	69.5912	0.6370	2.2e-04	0.5450
1921	-109.2890	-109.2890	-83.6541	0.7654	70.3026	0.6435	2.2e-04	0.5454
1922	-109.2791	-109.2791	-83.7686	0.7666	70.1468	0.6422	2.2e-04	0.5468
1923	-109.2886	-109.2886	-84.3982	0.7723	69.4123	0.6353	2.2e-04	0.5462
1924	-109.2772	-109.2772	-84.7449	0.7755	68.9522	0.6313	2.2e-04	0.5432
1925	-109.2836	-109.2836	-84.9388	0.7772	68.7203	0.6291	2.2e-04	0.5453
1926	-109.2878	-109.2878	-84.2210	0.7706	69.6159	0.6373	2.2e-04	0.5455
1927	-109.3021	-109.3021	-83.8216	0.7669	70.1055	0.6417	2.2e-04	0.5460
1928	-109.2571	-109.2571	-84.5625	0.7740	69.1533	0.6332	2.2e-04	0.5472
1929	-109.2811	-109.2811	-84.7942	0.7759	68.9141	0.6308	2.2e-04	0.5456
1930	-109.2832	-109.2832	-84.2163	0.7706	69.6099	0.6372	2.2e-04	0.5449
1931	-109.2819	-109.2819	-84.1826	0.7703	69.6507	0.6376	2.2e-04	0.5429
1932	-109.2786	-109.2786	-82.9261	0.7589	71.1339	0.6512	2.2e-04	0.5460
1933	-109.2862	-109.2862	-83.9138	0.7678	69.9770	0.6406	2.2e-04	0.5452
1934	-109.2763	-109.2763	-84.5405	0.7736	69.1955	0.6335	2.2e-04	0.5490
1935	-109.2840	-109.2840	-83.9109	0.7678	69.9850	0.6406	2.2e-04	0.5452
1936	-109.3028	-109.3028	-84.4749	0.7729	69.3299	0.6346	2.2e-04	0.5459
1937	-109.2895	-109.2895	-84.4329	0.7726	69.3518	0.6349	2.2e-04	0.5442
1938	-109.2701	-109.2701	-83.9151	0.7680	69.9224	0.6401	2.2e-04	0.5473
1939	-109.2860	-109.2860	-83.5765	0.7647	70.3813	0.6443	2.2e-04	0.5436
1940	-109.2688	-109.2688	-84.3303	0.7718	69.4554	0.6359	2.2e-04	0.5461
1941	-109.2814	-109.2814	-83.6351	0.7653	70.2972	0.6436	2.2e-04	0.5443
1942	-109.2960	-109.2960	-84.3351	0.7716	69.4890	0.6361	2.2e-04	0.5449
1943	-109.2822	-109.2822	-83.1031	0.7604	70.9282	0.6494	2.2e-04	0.5469
1944	-109.2723	-109.2723	-83.9708	0.7685	69.8927	0.6399	2.2e-04	0.5452
1945	-109.2626	-109.2626	-84.2327	0.7709	69.5593	0.6369	2.2e-04	0.5433
1946	-109.2676	-109.2676	-83.3269	0.7626	70.6503	0.6469	2.2e-04	0.5452
1947	-109.2621	-109.2621	-83.5946	0.7651	70.3047	0.6436	2.2e-04	0.5457
1948	-109.2827	-109.2827	-83.2424	0.7617	70.7750	0.6479	2.2e-04	0.5469
1949	-109.2864	-109.2864	-84.2748	0.7711	69.5468	0.6365	2.2e-04	0.5444
1950	-109.2954	-109.2954	-83.7825	0.7666	70.1542	0.6422	2.2e-04	0.5451
1951	-109.2679	-109.2679	-83.8517	0.7674	70.0246	0.6411	2.2e-04	0.5458
1952	-109.2975	-109.2975	-83.7141	0.7659	70.2451	0.6429	2.2e-04	0.5482
1953	-109.3012	-109.3012	-84.1442	0.7698	69.7373	0.6382	2.2e-04	0.5462
1954	-109.2866	-109.2866	-83.8673	0.7674	70.0383	0.6412	2.2e-04	0.5462
1955	-109.2788	-109.2788	-83.3856	0.7631	70.5711	0.6460	2.2e-04	0.5453
1956	-109.2752	-109.2752	-83.3132	0.7624	70.6638	0.6469	2.2e-04	0.5453
1957	-109.3045	-109.3045	-83.1893	0.7611	70.8571	0.6485	2.2e-04	0.5468
1958	-109.2854	-109.2854	-84.1398	0.7699	69.6849	0.6379	2.2e-04	0.5459
1959	-109.2811	-109.2811	-83.0827	0.7603	70.9549	0.6496	2.2e-04	0.5444
1960	-109.2724	-109.2724	-83.8077	0.7670	70.0888	0.6417	2.2e-04	0.5438
1961	-109.2778	-109.2778	-83.8373	0.7672	70.0505	0.6412	2.2e-04	0.5442
1962	-109.2629	-109.2629	-82.8964	0.7587	71.1434	0.6513	2.2e-04	0.5460
1963	-109.2762	-109.2762	-83.3957	0.7632	70.5756	0.6461	2.2e-04	0.5448
1964	-109.2729	-109.2729	-84.3835	0.7722	69.3788	0.6351	2.2e-04	0.5442
1965	-109.2753	-109.2753	-83.1304	0.7607	70.8948	0.6490	2.2e-04	0.5446
1966	-109.2719	-109.2719	-83.1809	0.7612	70.8376	0.6485	2.2e-04	0.5448
1967	-109.2722	-109.2722	-84.4106	0.7725	69.3607	0.6350	2.2e-04	0.5474
1968	-109.2826	-109.2826	-82.9572	0.7591	71.1100	0.6510	2.2e-04	0.5459
1969	-109.2857	-109.2857	-82.9994	0.7595	71.0716	0.6505	2.2e-04	0.5435
1970	-109.2687	-109.2687	-83.9159	0.7680	69.9573	0.6404	2.2e-04	0.5461
1971	-109.2891	-109.2891	-83.4222	0.7633	70.5477	0.6459	2.2e-04	0.5435
1972	-109.2684	-109.2684	-83.6453	0.7655	70.2735	0.6434	2.2e-04	0.5463
1973	-109.2744	-109.2744	-84.1655	0.7702	69.6530	0.6376	2.2e-04	0.5462
1974	-109.2800	-109.2800	-83.2916	0.7622	70.7133	0.6474	2.2e-04	0.5458
1975	-109.2706	-109.2706	-83.9764	0.7685	69.8847	0.6398	2.2e-04	0.5446
1976	-109.2720	-109.2720	-83.7571	0.7665	70.1535	0.6422	2.1e-04	0.5457
1977	-109.2934	-109.2934	-82.9554	0.7590	71.1189	0.6511	2.1e-04	0.5439
1978	-109.2902	-109.2902	-83.2646	0.7619	70.7445	0.6477	2.1e-04	0.5480
1979	-109.2887	-109.2887	-83.3854	0.7630	70.5878	0.6462	2.1e-04	0.5438
1980	-109.2728	-109.2728	-83.1344	0.7608	70.8911	0.6490	2.1e-04	0.5432
1981	-109.2728	-109.2728	-82.8099	0.7578	71.2684	0.6524	2.1e-04	0.5471
1982	-109.2718	-109.2718	-82.1074	0.7514	72.0825	0.6598	2.1e-04	0.5450
1983	-109.3111	-109.3111	-82.4386	0.7542	71.7477	0.6566	2.1e-04	0.5452
1984	-109.2835	-109.2835	-82.9899	0.7594	71.0500	0.6504	2.1e-04	0.5466
1985	-109.2810	-109.2810	-82.9293	0.7589	71.1370	0.6512	2.1e-04	0.5480
1986	-109.2805	-109.2805	-82.0098	0.7505	72.1943	0.6609	2.1e-04	0.5494
1987	-109.2844	-109.2844	-81.6454	0.7471	72.6099	0.6647	2.1e-04	0.5430
1988	-109.2846	-109.2846	-81.0789	0.7419	73.2128	0.6702	2.1e-04	0.5437
1989	-109.2790	-109.2790	-81.9506	0.7499	72.2660	0.6615	2.1e-04	0.5443
1990	-109.2818	-109.2818	-81.8753	0.7492	72.3483	0.6623	2.1e-04	0.5473
1991	-109.2780	-109.2780	-82.6042	0.7559	71.5034	0.6546	2.1e-04	0.5480
1992	-109.2697	-109.2697	-82.2580	0.7528	71.8968	0.6582	2.1e-04	0.5469
1993	-109.2904	-109.2904	-82.8399	0.7580	71.2478	0.6522	2.1e-04	0.5447
1994	-109.2674	-109.2674	-81.4891	0.7458	72.7539	0.6661	2.1e-04	0.5442
1995	-109.2747	-109.2747	-82.2966	0.7531	71.8454	0.6578	2.1e-04	0.5427
1996	-109.2813	-109.2813	-82.2575	0.7527	71.9048	0.6583	2.1e-04	0.5447
1997	-109.2715	-109.2715	-82.1494	0.7518	72.0216	0.6594	2.1e-04	0.5463
1998	-109.2954	-109.2954	-81.8739	0.7491	72.3630	0.6624	2.1e-04	0.5445
1999	-109.2868	-109.2868	-81.3256	0.7441	72.9801	0.6680	2.1e-04	0.5443
2000	-109.2764	-109.2764	-80.9232	0.7405	73.3874	0.6719	2.1e-04	0.5451
2001	-109.2757	-109.2757	-81.9871	0.7503	72.2176	0.6611	2.1e-04	0.5434
2002	-109.2859	-109.2859	-82.1788	0.7520	71.9827	0.6590	2.1e-04	0.5451
2003	-109.2668	-109.2668	-81.5310	0.7462	72.7168	0.6657	2.1e-04	0.5427
2004	-109.2663	-109.2663	-82.0566	0.7510	72.1341	0.6603	2.1e-04	0.5438
2005	-109.2787	-109.2787	-81.8419	0.7489	72.3942	0.6626	2.1e-04	0.5485
2006	-109.2720	-109.2720	-81.6358	0.7471	72.5951	0.6647	2.1e-04	0.5480
2007	-109.2706	-109.2706	-81.0251	0.7415	73.2820	0.6709	2.1e-04	0.5468
2008	-109.2813	-109.2813	-81.5227	0.7460	72.7312	0.6658	2.1e-04	0.5446
2009	-109.2880	-109.2880	-80.3909	0.7356	74.0039	0.6774	2.1e-04	0.5449
2010	-109.2961	-109.2961	-82.0670	0.7509	72.1454	0.6604	2.1e-04	0.5460
2011	-109.2754	-109.2754	-81.6747	0.7474	72.5557	0.6643	2.1e-04	0.5437
2012	-109.2861	-109.2861	-81.9408	0.7498	72.2733	0.6616	2.1e-04	0.5447
2013	-109.2844	-109.2844	-81.0680	0.7418	73.2398	0.6705	2.1e-04	0.5454
2014	-109.2701	-109.2701	-81.5285	0.7461	72.7220	0.6657	2.1e-04	0.5458
2015	-109.2809	-109.2809	-81.8909	0.7494	72.3216	0.6620	2.1e-04	0.5441
2016	-109.2679	-109.2679	-81.1048	0.7423	73.1911	0.6701	2.1e-04	0.5471
2017	-109.2731	-109.2731	-81.9562	0.7500	72.2490	0.6614	2.1e-04	0.5455
2018	-109.2841	-109.2841	-81.2297	0.7433	73.0655	0.6689	2.1e-04	0.5439
2019	-109.2734	-109.2734	-81.5064	0.7459	72.7541	0.6660	2.1e-04	0.5439
2020	-109.2810	-109.2810	-81.3655	0.7446	72.9046	0.6674	2.1e-04	0.5447
2021	-109.2910	-109.2910	-80.7140	0.7385	73.6471	0.6742	2.1e-04	0.5459
2022	-109.2850	-109.2850	-81.2785	0.7437	73.0229	0.6684	2.1e-04	0.5456
2023	-109.2839	-109.2839	-80.3907	0.7356	74.0084	0.6774	2.1e-04	0.5437
2024	-109.2907	-109.2907	-81.0268	0.7414	73.3011	0.6711	2.1e-04	0.5457
2025	-109.2631	-109.2631	-80.8825	0.7403	73.4350	0.6723	2.1e-04	0.5461
2026	-109.2830	-109.2830	-80.3381	0.7351	74.0259	0.6777	2.1e-04	0.5456
2027	-109.2907	-109.2907	-80.9173	0.7404	73.4285	0.6721	2.1e-04	0.5448
2028	-109.2794	-109.2794	-80.6259	0.7378	73.7244	0.6749	2.1e-04	0.5432
2029	-109.2760	-109.2760	-81.2197	0.7433	73.0747	0.6690	2.1e-04	0.5441
2030	-109.2777	-109.2777	-81.5667	0.7464	72.6890	0.6655	2.1e-04	0.5458
2031	-109.2901	-109.2901	-81.5226	0.7459	72.7570	0.6660	2.1e-04	0.5467
2032	-109.2783	-109.2783	-81.9878	0.7503	72.2025	0.6611	2.1e-04	0.5468
2033	-109.2736	-109.2736	-80.7025	0.7385	73.6396	0.6741	2.1e-04	0.5454
2034	-109.2806	-109.2806	-81.6960	0.7476	72.5338	0.6641	2.1e-04	0.5443
2035	-109.2649	-109.2649	-80.7787	0.7393	73.5449	0.6733	2.1e-04	0.5432
2036	-109.2778	-109.2778	-80.8513	0.7399	73.4889	0.6727	2.1e-04	0.5458
2037	-109.2976	-109.2976	-78.9995	0.7228	75.4959	0.6910	2.1e-04	0.5455
2038	-109.2838	-109.2838	-81.2271	0.7433	73.0757	0.6690	2.1e-04	0.5441
2039	-109.2718	-109.2718	-80.3626	0.7354	74.0101	0.6776	2.1e-04	0.5470
2040	-109.2791	-109.2791	-80.1177	0.7331	74.2804	0.6800	2.1e-04	0.5455
2041	-109.2786	-109.2786	-80.1507	0.7335	74.2521	0.6797	2.1e-04	0.5445
2042	-109.2807	-109.2807	-80.1123	0.7331	74.2919	0.6801	2.1e-04	0.5439
2043	-109.2791	-109.2791	-80.1211	0.7332	74.2796	0.6800	2.1e-04	0.5444
2044	-109.2623	-109.2623	-80.1359	0.7334	74.2453	0.6797	2.1e-04	0.5454
2045	-109.2790	-109.2790	-79.6447	0.7288	74.7736	0.6846	2.1e-04	0.5458
2046	-109.2766	-109.2766	-80.2980	0.7348	74.0783	0.6782	2.1e-04	0.5456
2047	-109.2764	-109.2764	-79.9025	0.7312	74.4807	0.6819	2.1e-04	0.5460
2048	-109.2633	-109.2633	-80.0915	0.7330	74.2822	0.6802	2.1e-04	0.5437
2049	-109.2765	-109.2765	-79.9038	0.7312	74.4763	0.6819	2.1e-04	0.5477
2050	-109.2848	-109.2848	-80.0481	0.7325	74.3614	0.6808	2.1e-04	0.5452
2051	-109.2890	-109.2890	-79.6352	0.7287	74.8066	0.6848	2.1e-04	0.5438
2052	-109.2813	-109.2813	-80.0970	0.7329	74.3119	0.6802	2.1e-04	0.5444
2053	-109.2855	-109.2855	-79.0263	0.7231	75.4452	0.6907	2.1e-04	0.5451
2054	-109.2847	-109.2847	-79.7383	0.7296	74.6963	0.6838	2.1e-04	0.5475
2055	-109.2629	-109.2629	-78.8728	0.7219	75.5737	0.6919	2.1e-04	0.5468
2056	-109.2743	-109.2743	-78.7022	0.7202	75.7857	0.6937	2.1e-04	0.5451
2057	-109.2713	-109.2713	-79.7032	0.7294	74.7122	0.6840	2.1e-04	0.5457
2058	-109.2596	-109.2596	-77.5240	0.7095	76.9609	0.7046	2.1e-04	0.5447
2059	-109.2873	-109.2873	-78.3888	0.7173	76.1160	0.6968	2.1e-04	0.5439
2060	-109.2873	-109.2873	-78.3149	0.7166	76.1786	0.6975	2.1e-04	0.5438
2061	-109.2788	-109.2788	-78.5164	0.7185	75.9703	0.6955	2.1e-04	0.5476
2062	-109.2890	-109.2890	-77.7778	0.7117	76.7456	0.7025	2.1e-04	0.5465
2063	-109.2704	-109.2704	-78.1751	0.7154	76.2994	0.6986	2.1e-04	0.5470
2064	-109.2767	-109.2767	-78.4819	0.7182	75.9955	0.6958	2.1e-04	0.5480
2065	-109.2898	-109.2898	-79.2449	0.7251	75.2216	0.6886	2.1e-04	0.5464
2066	-109.2756	-109.2756	-78.4804	0.7182	75.9745	0.6957	2.1e-04	0.5458
2067	-109.2984	-109.2984	-78.0016	0.7137	76.5282	0.7005	2.1e-04	0.5433
2068	-109.2827	-109.2827	-77.7413	0.7114	76.7679	0.7028	2.1e-04	0.5441
2069	-109.2752	-109.2752	-77.6916	0.7110	76.7492	0.7028	2.1e-04	0.5493
2070	-109.2782	-109.2782	-78.2469	0.7160	76.2388	0.6980	2.1e-04	0.5468
2071	-109.2792	-109.2792	-77.3870	0.7082	77.0924	0.7058	2.1e-04	0.5478
2072	-109.2625	-109.2625	-77.6301	0.7105	76.8507	0.7037	2.1e-04	0.5459
2073	-109.2762	-109.2762	-77.8500	0.7124	76.6271	0.7015	2.1e-04	0.5451
2074	-109.2828	-109.2828	-77.2712	0.7071	77.2425	0.7071	2.1e-04	0.5435
2075	-109.2787	-109.2787	-77.7198	0.7112	76.7992	0.7030	2.1e-04	0.5439
2076	-109.2828	-109.2828	-77.4222	0.7085	77.0771	0.7057	2.1e-04	0.5476
2077	-109.2590	-109.2590	-77.1849	0.7064	77.2913	0.7078	2.1e-04	0.5458
2078	-109.2731	-109.2731	-76.5967	0.7010	77.8982	0.7132	2.1e-04	0.5459
2079	-109.2690	-109.2690	-76.0666	0.6961	78.4004	0.7178	2.1e-04	0.5446
2080	-109.2857	-109.2857	-76.6934	0.7018	77.8151	0.7124	2.1e-04	0.5472
2081	-109.2712	-109.2712	-76.7684	0.7025	77.7164	0.7116	2.1e-04	0.5475
2082	-109.2717	-109.2717	-77.0768	0.7054	77.4135	0.7087	2.1e-04	0.5444
2083	-109.2647	-109.2648	-75.6823	0.6926	78.7744	0.7212	2.1e-04	0.5449
2084	-109.2799	-109.2799	-76.6371	0.7013	77.8632	0.7128	2.1e-04	0.5458
2085	-109.2955	-109.2955	-77.1907	0.7063	77.3408	0.7079	2.1e-04	0.5447
2086	-109.2833	-109.2833	-75.8468	0.6940	78.6334	0.7199	2.1e-04	0.5452
2087	-109.2779	-109.2779	-76.3371	0.6986	78.1555	0.7156	2.1e-04	0.5453
2088	-109.2860	-109.2860	-76.3626	0.6987	78.1424	0.7154	2.1e-04	0.5459
2089	-109.2756	-109.2756	-76.7536	0.7024	77.7528	0.7118	2.1e-04	0.5462
2090	-109.2724	-109.2724	-76.4358	0.6995	78.0531	0.7146	2.1e-04	0.5451
2091	-109.2739	-109.2739	-76.7114	0.7020	77.7763	0.7121	2.1e-04	0.5446
2092	-109.2819	-109.2819	-76.1407	0.6967	78.3486	0.7173	2.1e-04	0.5453
2093	-109.2938	-109.2939	-76.3159	0.6983	78.1982	0.7158	2.1e-04	0.5454
2094	-109.2874	-109.2875	-75.6955	0.6926	78.7849	0.7213	2.1e-04	0.5464
2095	-109.2662	-109.2663	-75.3642	0.6897	79.0796	0.7241	2.1e-04	0.5461
2096	-109.2694	-109.2694	-76.2372	0.6977	78.2543	0.7164	2.1e-04	0.5475
2097	-109.2659	-109.2659	-76.7146	0.7021	77.7709	0.7120	2.1e-04	0.5471
2098	-109.2765	-109.2765	-76.3587	0.6988	78.1266	0.7153	2.1e-04	0.5455
2099	-109.2761	-109.2761	-76.7815	0.7026	77.7074	0.7115	2.1e-04	0.5459
2100	-109.2797	-109.2797	-76.2233	0.6975	78.2761	0.7166	2.1e-04	0.5450
2101	-109.2709	-109.2709	-76.2904	0.6982	78.1991	0.7158	2.1e-04	0.5441
2102	-109.2889	-109.2890	-75.3871	0.6898	79.0875	0.7240	2.1e-04	0.5489
2103	-109.2827	-109.2827	-75.8922	0.6945	78.5914	0.7195	2.1e-04	0.5458
2104	-109.2774	-109.2775	-75.4113	0.6901	79.0492	0.7237	2.1e-04	0.5451
2105	-109.2918	-109.2918	-76.1787	0.6970	78.2936	0.7167	2.1e-04	0.5451
2106	-109.2863	-109.2863	-75.6782	0.6925	78.7587	0.7211	2.1e-04	0.5449
2107	-109.2777	-109.2777	-76.6110	0.7011	77.8738	0.7129	2.1e-04	0.5461
2108	-109.2885	-109.2886	-75.9555	0.6950	78.5391	0.7190	2.1e-04	0.5449
2109	-109.2870	-109.2871	-75.4894	0.6907	78.9699	0.7231	2.1e-04	0.5455
2110	-109.2638	-109.2638	-76.7330	0.7023	77.7411	0.7118	2.1e-04	0.5449
2111	-109.2744	-109.2744	-76.2741	0.6980	78.2122	0.7161	2.1e-04	0.5451
2112	-109.2701	-109.2701	-76.9344	0.7041	77.5565	0.7100	2.1e-04	0.5476
2113	-109.2868	-109.2868	-76.6502	0.7014	77.8640	0.7128	2.1e-04	0.5469
2114	-109.2671	-109.2671	-77.7060	0.7112	76.7431	0.7027	2.1e-04	0.5460
2115	-109.2800	-109.2800	-77.7026	0.7110	76.7775	0.7029	2.1e-04	0.5442
2116	-109.3010	-109.3011	-75.7415	0.6930	78.7713	0.7210	2.1e-04	0.5443
2117	-109.2824	-109.2824	-77.1775	0.7062	77.3348	0.7079	2.1e-04	0.5466
2118	-109.3071	-109.3071	-77.0762	0.7051	77.4620	0.7090	2.1e-04	0.5463
2119	-109.2975	-109.2975	-76.8357	0.7030	77.6876	0.7112	2.1e-04	0.5459
2120	-109.2907	-109.2907	-77.3215	0.7075	77.2001	0.7067	2.1e-04	0.5455
2121	-109.3042	-109.3042	-77.3069	0.7073	77.2121	0.7068	2.1e-04	0.5461
2122	-109.2786	-109.2786	-76.8128	0.7029	77.6921	0.7113	2.1e-04	0.5440
2123	-109.2898	-109.2898	-78.0127	0.7138	76.5030	0.7003	2.1e-04	0.5471
2124	-109.2718	-109.2718	-77.4362	0.7087	77.0608	0.7056	2.1e-04	0.5442
2125	-109.2704	-109.2704	-77.1827	0.7063	77.3210	0.7079	2.1e-04	0.5472
2126	-109.2791	-109.2791	-77.3185	0.7075	77.1704	0.7065	2.1e-04	0.5452
2127	-109.2745	-109.2745	-77.3473	0.7078	77.1496	0.7063	2.1e-04	0.5451
2128	-109.2845	-109.2845	-78.5285	0.7186	75.9636	0.6954	2.1e-04	0.5465
2129	-109.2627	-109.2627	-76.9436	0.7042	77.5420	0.7099	2.1e-04	0.5458
2130	-109.2870	-109.2870	-77.6750	0.7107	76.8344	0.7035	2.1e-04	0.5457
2131	-109.2626	-109.2626	-77.1133	0.7058	77.3805	0.7085	2.1e-04	0.5458
2132	-109.2748	-109.2748	-77.3336	0.7077	77.1542	0.7064	2.1e-04	0.5445
2133	-109.2762	-109.2762	-77.0902	0.7055	77.3927	0.7085	2.1e-04	0.5442
2134	-109.2619	-109.2619	-77.0961	0.7056	77.3884	0.7086	2.1e-04	0.5470
2135	-109.2665	-109.2665	-77.7351	0.7114	76.7555	0.7027	2.1e-04	0.5457
2136	-109.2639	-109.2639	-77.2980	0.7074	77.1884	0.7067	2.1e-04	0.5468
2137	-109.2702	-109.2702	-77.8098	0.7121	76.6658	0.7020	2.1e-04	0.5468
2138	-109.2832	-109.2832	-78.4683	0.7180	76.0259	0.6960	2.1e-04	0.5459
2139	-109.2738	-109.2738	-76.7130	0.7020	77.7782	0.7121	2.1e-04	0.5442
2140	-109.2774	-109.2774	-77.4568	0.7088	77.0438	0.7054	2.1e-04	0.5429
2141	-109.2719	-109.2719	-77.5710	0.7099	76.9310	0.7043	2.1e-04	0.5479
2142	-109.3036	-109.3036	-78.0414	0.7140	76.4691	0.6999	2.1e-04	0.5481
2143	-109.2761	-109.2761	-77.2116	0.7066	77.3039	0.7076	2.1e-04	0.5475
2144	-109.2823	-109.2823	-77.4723	0.7089	76.9858	0.7049	2.1e-04	0.5470
2145	-109.2720	-109.2720	-77.4299	0.7086	77.0621	0.7056	2.1e-04	0.5454
2146	-109.2753	-109.2753	-76.8685	0.7034	77.6369	0.7107	2.1e-04	0.5453
2147	-109.2820	-109.2820	-76.5170	0.7002	77.9765	0.7139	2.1e-04	0.5436
2148	-109.2690	-109.2690	-77.3021	0.7074	77.1633	0.7065	2.1e-04	0.5454
2149	-109.2703	-109.2703	-77.1880	0.7064	77.2936	0.7077	2.1e-04	0.5463
2150	-109.2601	-109.2601	-76.8809	0.7036	77.6168	0.7105	2.1e-04	0.5463
2151	-109.2718	-109.2718	-76.9187	0.7039	77.5815	0.7103	2.1e-04	0.5435
2152	-109.2856	-109.2856	-76.6396	0.7013	77.8725	0.7129	2.1e-04	0.5445
2153	-109.2837	-109.2837	-76.8049	0.7028	77.6861	0.7112	2.1e-04	0.5446
2154	-109.2849	-109.2849	-76.6942	0.7018	77.8325	0.7124	2.1e-04	0.5453
2155	-109.2688	-109.2688	-76.8523	0.7033	77.6436	0.7109	2.1e-04	0.5450
2156	-109.2764	-109.2764	-75.6810	0.6926	78.7951	0.7214	2.1e-04	0.5443
2157	-109.2716	-109.2716	-77.5652	0.7098	76.9217	0.7043	2.1e-04	0.5439
2158	-109.2909	-109.2909	-76.8667	0.7033	77.6440	0.7109	2.1e-04	0.5454
2159	-109.2836	-109.2836	-77.0198	0.7048	77.4939	0.7094	2.1e-04	0.5461
2160	-109.2835	-109.2835	-77.7872	0.7118	76.7186	0.7024	2.1e-04	0.5440
2161	-109.2647	-109.2647	-75.9523	0.6951	78.5147	0.7189	2.1e-04	0.5477
2162	-109.2854	-109.2854	-77.1433	0.7059	77.3832	0.7083	2.1e-04	0.5453
2163	-109.2927	-109.2928	-76.2829	0.6980	78.2330	0.7161	2.1e-04	0.5435
2164	-109.2684	-109.2684	-76.8297	0.7031	77.6614	0.7111	2.1e-04	0.5450
2165	-109.2769	-109.2770	-75.7630	0.6933	78.7250	0.7206	2.1e-04	0.5448
2166	-109.2720	-109.2720	-76.2029	0.6974	78.2628	0.7166	2.1e-04	0.5449
2167	-109.2684	-109.2684	-76.5477	0.7005	77.9030	0.7132	2.1e-04	0.5449
2168	-109.2715	-109.2715	-76.4589	0.6997	78.0383	0.7144	2.1e-04	0.5433
2169	-109.3053	-109.3053	-76.3552	0.6985	78.1742	0.7155	2.1e-04	0.5454
2170	-109.2860	-109.2860	-76.5480	0.7004	77.8967	0.7132	2.1e-04	0.5482
2171	-109.2632	-109.2632	-76.4920	0.7001	77.9959	0.7141	2.1e-04	0.5462
2172	-109.2871	-109.2871	-76.0830	0.6962	78.4162	0.7178	2.1e-04	0.5434
2173	-109.2827	-109.2827	-76.1399	0.6967	78.3630	0.7173	2.1e-04	0.5445
2174	-109.2786	-109.2786	-77.5101	0.7093	76.9952	0.7049	2.1e-04	0.5441
2175	-109.2897	-109.2897	-76.4680	0.6997	78.0440	0.7144	2.1e-04	0.5455
2176	-109.2693	-109.2693	-76.7215	0.7021	77.7668	0.7120	2.1e-04	0.5472
2177	-109.2897	-109.2897	-75.8305	0.6938	78.6640	0.7201	2.1e-04	0.5464
2178	-109.2720	-109.2720	-77.1339	0.7059	77.3669	0.7083	2.1e-04	0.5450
2179	-109.2806	-109.2806	-76.3669	0.6988	78.1331	0.7153	2.1e-04	0.5428
2180	-109.2915	-109.2915	-77.0749	0.7052	77.4540	0.7090	2.1e-04	0.5441
2181	-109.2811	-109.2811	-76.5529	0.7005	77.9605	0.7136	2.1e-04	0.5492
2182	-109.2983	-109.2983	-76.0223	0.6955	78.4891	0.7185	2.1e-04	0.5471
2183	-109.2739	-109.2739	-76.1688	0.6970	78.3144	0.7170	2.1e-04	0.5455
2184	-109.2582	-109.2582	-75.7378	0.6932	78.7172	0.7207	2.1e-04	0.5458
2185	-109.2677	-109.2677	-76.3348	0.6986	78.1572	0.7155	2.1e-04	0.5453
2186	-109.2697	-109.2697	-76.2583	0.6979	78.1658	0.7156	2.1e-04	0.5447
2187	-109.2818	-109.2818	-76.4233	0.6993	78.0793	0.7148	2.1e-04	0.5431
2188	-109.2796	-109.2796	-77.1169	0.7057	77.3724	0.7083	2.1e-04	0.5448
2189	-109.2975	-109.2976	-75.3650	0.6895	79.1114	0.7241	2.1e-04	0.5473
2190	-109.2898	-109.2898	-76.5955	0.7008	77.9307	0.7133	2.1e-04	0.5434
2191	-109.2957	-109.2957	-76.8723	0.7033	77.6426	0.7108	2.1e-04	0.5442
2192	-109.2978	-109.2978	-77.4854	0.7089	77.0258	0.7051	2.1e-04	0.5452
2193	-109.2727	-109.2727	-76.8243	0.7031	77.6532	0.7109	2.1e-04	0.5464
2194	-109.2656	-109.2656	-77.0591	0.7052	77.4240	0.7089	2.1e-04	0.5452
2195	-109.2873	-109.2873	-78.0326	0.7140	76.4480	0.6999	2.1e-04	0.5429
2196	-109.2887	-109.2887	-77.2488	0.7068	77.2888	0.7074	2.1e-04	0.5447
2197	-109.2833	-109.2833	-77.7159	0.7111	76.7990	0.7030	2.1e-04	0.5467
2198	-109.2653	-109.2653	-76.9319	0.7041	77.5574	0.7101	2.1e-04	0.5473
2199	-109.2796	-109.2796	-77.4182	0.7084	77.0891	0.7058	2.1e-04	0.5460
2200	-109.2800	-109.2800	-78.0794	0.7145	76.4280	0.6996	2.1e-04	0.5450
2201	-109.2834	-109.2834	-78.0709	0.7144	76.4291	0.6997	2.1e-04	0.5429
2202	-109.2809	-109.2809	-77.1627	0.7061	77.3444	0.7081	2.1e-04	0.5459
2203	-109.2818	-109.2818	-77.7833	0.7118	76.7299	0.7024	2.1e-04	0.5442
2204	-109.2932	-109.2932	-76.8705	0.7033	77.6422	0.7108	2.1e-04	0.5447
2205	-109.2825	-109.2825	-77.7502	0.7115	76.7671	0.7027	2.1e-04	0.5463
2206	-109.2826	-109.2826	-78.7715	0.7208	75.7089	0.6931	2.1e-04	0.5468
2207	-109.2729	-109.2729	-78.6175	0.7195	75.8484	0.6945	2.1e-04	0.5464
2208	-109.2838	-109.2838	-77.1587	0.7060	77.3318	0.7080	2.1e-04	0.5454
2209	-109.2941	-109.2941	-77.6385	0.7104	76.8954	0.7038	2.1e-04	0.5446
2210	-109.2871	-109.2871	-77.2730	0.7071	77.2411	0.7071	2.1e-04	0.5447
2211	-109.2866	-109.2866	-77.3634	0.7079	77.1621	0.7063	2.1e-04	0.5436
2212	-109.2749	-109.2749	-77.7181	0.7112	76.7846	0.7030	2.1e-04	0.5458
2213	-109.2871	-109.2871	-77.7758	0.7117	76.7349	0.7025	2.1e-04	0.5456
2214	-109.2742	-109.2742	-77.2901	0.7073	77.2222	0.7069	2.1e-04	0.5447
2215	-109.2775	-109.2775	-78.1492	0.7151	76.3412	0.6989	2.1e-04	0.5449
2216	-109.2980	-109.2980	-77.4012	0.7082	77.1275	0.7060	2.1e-04	0.5452
2217	-109.2730	-109.2730	-77.8979	0.7129	76.5925	0.7013	2.1e-04	0.5468
2218	-109.2697	-109.2697	-77.7682	0.7117	76.7250	0.7025	2.1e-04	0.5475
2219	-109.2707	-109.2707	-76.9899	0.7046	77.4926	0.7094	2.1e-04	0.5448
2220	-109.2610	-109.2610	-77.1646	0.7062	77.3268	0.7080	2.1e-04	0.5447
2221	-109.2650	-109.2650	-77.4663	0.7090	77.0103	0.7052	2.1e-04	0.5443
2222	-109.2972	-109.2972	-77.1813	0.7062	77.3339	0.7080	2.1e-04	0.5478
2223	-109.2879	-109.2879	-78.5580	0.7188	75.9397	0.6952	2.1e-04	0.5456
2224	-109.2852	-109.2852	-77.8137	0.7120	76.7126	0.7021	2.1e-04	0.5458
2225	-109.2944	-109.2944	-75.8717	0.6942	78.6269	0.7198	2.1e-04	0.5466
2226	-109.2667	-109.2667	-76.8724	0.7035	77.6158	0.7106	2.1e-04	0.5469
2227	-109.2759	-109.2759	-77.0537	0.7051	77.4107	0.7088	2.1e-04	0.5464
2228	-109.3131	-109.3131	-77.3064	0.7072	77.2201	0.7069	2.1e-04	0.5444
2229	-109.2794	-109.2794	-77.5434	0.7096	76.9697	0.7046	2.1e-04	0.5444
2230	-109.2829	-109.2829	-77.6267	0.7103	76.8784	0.7039	2.1e-04	0.5459
2231	-109.2778	-109.2778	-77.9273	0.7131	76.5608	0.7009	2.1e-04	0.5455
2232	-109.2913	-109.2913	-77.4620	0.7088	77.0525	0.7054	2.1e-04	0.5462
2233	-109.2735	-109.2735	-77.9974	0.7138	76.4860	0.7004	2.1e-04	0.5442
2234	-109.2715	-109.2715	-77.4061	0.7084	77.0534	0.7055	2.1e-04	0.5465
2235	-109.2744	-109.2744	-76.7025	0.7019	77.7595	0.7119	2.1e-04	0.5429
2236	-109.2932	-109.2932	-76.8439	0.7031	77.6643	0.7110	2.1e-04	0.5446
2237	-109.2825	-109.2825	-76.8731	0.7034	77.6438	0.7108	2.1e-04	0.5447
2238	-109.2755	-109.2755	-77.2112	0.7066	77.2966	0.7076	2.1e-04	0.5450
2239	-109.2978	-109.2978	-77.5696	0.7097	76.9593	0.7045	2.1e-04	0.5456
2240	-109.2897	-109.2897	-76.0807	0.6961	78.4216	0.7179	2.1e-04	0.5456
2241	-109.2954	-109.2954	-76.0675	0.6960	78.4349	0.7181	2.1e-04	0.5444
2242	-109.2950	-109.2950	-76.2381	0.6975	78.2806	0.7165	2.1e-04	0.5469
2243	-109.2767	-109.2767	-76.6595	0.7015	77.8335	0.7126	2.1e-04	0.5445
2244	-109.2718	-109.2718	-77.6399	0.7105	76.8521	0.7037	2.1e-04	0.5445
2245	-109.2639	-109.2639	-76.2822	0.6981	78.1713	0.7157	2.1e-04	0.5453
2246	-109.2488	-109.2488	-76.9893	0.7047	77.4744	0.7095	2.1e-04	0.5473
2247	-109.2924	-109.2924	-77.3709	0.7079	77.1577	0.7063	2.1e-04	0.5467
2248	-109.2761	-109.2761	-76.1008	0.6964	78.3851	0.7176	2.1e-04	0.5457
2249	-109.2750	-109.2750	-76.4203	0.6993	78.0701	0.7148	2.1e-04	0.5451
2250	-109.2872	-109.2872	-76.3289	0.6984	78.1671	0.7156	2.1e-04	0.5453
2251	-109.2844	-109.2844	-76.6220	0.7011	77.8752	0.7130	2.1e-04	0.5451
2252	-109.2929	-109.2929	-76.5426	0.7003	77.9768	0.7138	2.1e-04	0.5476
2253	-109.2765	-109.2765	-76.9114	0.7038	77.5799	0.7104	2.1e-04	0.5484
2254	-109.2822	-109.2822	-76.6922	0.7018	77.8077	0.7124	2.1e-04	0.5460
2255	-109.2675	-109.2675	-76.1540	0.6969	78.3265	0.7171	2.1e-04	0.5443
2256	-109.2629	-109.2629	-76.8393	0.7033	77.6471	0.7109	2.1e-04	0.5449
2257	-109.2508	-109.2509	-75.2410	0.6887	79.1514	0.7249	2.1e-04	0.5440
2258	-109.2700	-109.2701	-76.2291	0.6976	78.2384	0.7164	2.1e-04	0.5468
2259	-109.2915	-109.2915	-76.5619	0.7005	77.9431	0.7135	2.1e-04	0.5456
2260	-109.2880	-109.2880	-76.2514	0.6977	78.2424	0.7162	2.1e-04	0.5454
2261	-109.2637	-109.2637	-76.6452	0.7015	77.8440	0.7127	2.1e-04	0.5445
2262	-109.3012	-109.3012	-75.9984	0.6953	78.5011	0.7186	2.1e-04	0.5457
2263	-109.2672	-109.2672	-76.2200	0.6976	78.2520	0.7165	2.1e-04	0.5466
2264	-109.2758	-109.2758	-75.9977	0.6955	78.4890	0.7185	2.1e-04	0.5481
2265	-109.2589	-109.2589	-75.4177	0.6903	79.0225	0.7235	2.1e-04	0.5481
2266	-109.2557	-109.2557	-76.4979	0.7002	77.9774	0.7139	2.1e-04	0.5458
2267	-109.2767	-109.2767	-77.0134	0.7048	77.4974	0.7094	2.1e-04	0.5426
2268	-109.2865	-109.2865	-76.5378	0.7003	77.9572	0.7137	2.1e-04	0.5448
2269	-109.2928	-109.2928	-75.7032	0.6927	78.7641	0.7210	2.1e-04	0.5447
2270	-109.2875	-109.2875	-76.6429	0.7013	77.8608	0.7128	2.1e-04	0.5443
2271	-109.2680	-109.2682	-74.7951	0.6845	79.6180	0.7289	2.1e-04	0.5461
2272	-109.2917	-109.2917	-76.7331	0.7021	77.7751	0.7121	2.1e-04	0.5453
2273	-109.3010	-109.3010	-76.5640	0.7005	77.9600	0.7137	2.1e-04	0.5467
2274	-109.2642	-109.2642	-76.7873	0.7028	77.7190	0.7114	2.1e-04	0.5449
2275	-109.2787	-109.2788	-75.4761	0.6907	78.9947	0.7232	2.1e-04	0.5437
2276	-109.2719	-109.2719	-76.0086	0.6956	78.4696	0.7184	2.1e-04	0.5455
2277	-109.2786	-109.2786	-75.7827	0.6935	78.6913	0.7205	2.1e-04	0.5457
2278	-109.2695	-109.2695	-76.0619	0.6961	78.4141	0.7179	2.1e-04	0.5459
2279	-109.2636	-109.2636	-76.3688	0.6989	78.0959	0.7151	2.1e-04	0.5451
2280	-109.2977	-109.2977	-76.6866	0.7016	77.8310	0.7125	2.1e-04	0.5467
2281	-109.2693	-109.2693	-76.3434	0.6987	78.1478	0.7154	2.1e-04	0.5464
2282	-109.2809	-109.2809	-76.0908	0.6963	78.4032	0.7177	2.1e-04	0.5454
2283	-109.2799	-109.2799	-76.8213	0.7030	77.6760	0.7111	2.1e-04	0.5433
2284	-109.2757	-109.2757	-76.1789	0.6971	78.3042	0.7169	2.1e-04	0.5451
2285	-109.2843	-109.2844	-75.6075	0.6918	78.8627	0.7219	2.1e-04	0.5466
2286	-109.2726	-109.2728	-75.0982	0.6873	79.3439	0.7264	2.1e-04	0.5449
2287	-109.2736	-109.2736	-76.9023	0.7038	77.6052	0.7104	2.1e-04	0.5440
2288	-109.2824	-109.2824	-76.9430	0.7041	77.5692	0.7101	2.1e-04	0.5450
2289	-109.2893	-109.2893	-77.0656	0.7052	77.4495	0.7089	2.1e-04	0.5453
2290	-109.2699	-109.2699	-75.9850	0.6954	78.4725	0.7183	2.1e-04	0.5466
2291	-109.2719	-109.2719	-76.5391	0.7004	77.9562	0.7137	2.1e-04	0.5445
2292	-109.2735	-109.2735	-76.5089	0.7002	77.9809	0.7139	2.1e-04	0.5438
2293	-109.3040	-109.3040	-75.6650	0.6922	78.8284	0.7216	2.1e-04	0.5453
2294	-109.2803	-109.2803	-76.0481	0.6959	78.4524	0.7181	2.1e-04	0.5466
2295	-109.2817	-109.2817	-76.7078	0.7019	77.7966	0.7122	2.1e-04	0.5473
2296	-109.2814	-109.2814	-76.5066	0.7001	77.9838	0.7139	2.1e-04	0.5471
2297	-109.2601	-109.2601	-77.8801	0.7128	76.6007	0.7014	2.1e-04	0.5460
2298	-109.2813	-109.2813	-76.9632	0.7043	77.5329	0.7099	2.1e-04	0.5466
2299	-109.2804	-109.2804	-77.1162	0.7057	77.3871	0.7085	2.1e-04	0.5451
2300	-109.2791	-109.2791	-76.7873	0.7027	77.7101	0.7114	2.1e-04	0.5438
2301	-109.2842	-109.2842	-76.9815	0.7044	77.5336	0.7098	2.1e-04	0.5430
2302	-109.2757	-109.2757	-76.9701	0.7044	77.5310	0.7098	2.1e-04	0.5447
2303	-109.2746	-109.2746	-77.1253	0.7058	77.3593	0.7082	2.1e-04	0.5438
2304	-109.2768	-109.2768	-77.0205	0.7048	77.4741	0.7094	2.1e-04	0.5450
2305	-109.2653	-109.2653	-76.2891	0.6982	78.1879	0.7158	2.1e-04	0.5465
2306	-109.2898	-109.2898	-76.4933	0.6999	78.0301	0.7142	2.1e-04	0.5460
2307	-109.2874	-109.2874	-76.6099	0.7010	77.8930	0.7132	2.1e-04	0.5436
2308	-109.2932	-109.2932	-76.3181	0.6983	78.1967	0.7158	2.1e-04	0.5449
2309	-109.2641	-109.2641	-77.1526	0.7061	77.3324	0.7081	2.1e-04	0.5458
2310	-109.2924	-109.2924	-77.1683	0.7061	77.3270	0.7080	2.1e-04	0.5453
2311	-109.2905	-109.2905	-76.4939	0.6999	78.0331	0.7142	2.1e-04	0.5484
2312	-109.2988	-109.2988	-77.0239	0.7047	77.5092	0.7095	2.1e-04	0.5449
2313	-109.3024	-109.3024	-76.4415	0.6994	78.0695	0.7147	2.1e-04	0.5469
2314	-109.2776	-109.2776	-77.3917	0.7082	77.1180	0.7060	2.1e-04	0.5461
2315	-109.2852	-109.2852	-78.5216	0.7185	75.9711	0.6955	2.1e-04	0.5465
2316	-109.2748	-109.2748	-78.2477	0.7161	76.2506	0.6980	2.1e-04	0.5450
2317	-109.2850	-109.2850	-78.3677	0.7171	76.1284	0.6970	2.0e-04	0.5449
2318	-109.2664	-109.2664	-77.8546	0.7125	76.6343	0.7016	2.0e-04	0.5451
2319	-109.2698	-109.2698	-77.0163	0.7048	77.4568	0.7092	2.0e-04	0.5453
2320	-109.2780	-109.2780	-76.4066	0.6992	78.0755	0.7149	2.0e-04	0.5467
2321	-109.2729	-109.2729	-77.9080	0.7130	76.5880	0.7011	2.0e-04	0.5467
2322	-109.2862	-109.2862	-77.8447	0.7123	76.6582	0.7019	2.0e-04	0.5464
2323	-109.2682	-109.2682	-77.7249	0.7113	76.7697	0.7029	2.0e-04	0.5433
2324	-109.2497	-109.2497	-76.8494	0.7034	77.6203	0.7108	2.0e-04	0.5439
2325	-109.2879	-109.2879	-76.6600	0.7014	77.8483	0.7127	2.0e-04	0.5457
2326	-109.2800	-109.2800	-76.8309	0.7031	77.6686	0.7111	2.0e-04	0.5465
2327	-109.2715	-109.2715	-77.5904	0.7101	76.9016	0.7041	2.0e-04	0.5462
2328	-109.2824	-109.2824	-77.9293	0.7131	76.5662	0.7011	2.0e-04	0.5465
2329	-109.2652	-109.2652	-77.4784	0.7091	77.0162	0.7051	2.0e-04	0.5460
2330	-109.2884	-109.2884	-78.0026	0.7137	76.5139	0.7004	2.0e-04	0.5453
2331	-109.2866	-109.2866	-77.0189	0.7047	77.5025	0.7095	2.0e-04	0.5437
2332	-109.2743	-109.2743	-77.8883	0.7128	76.6028	0.7014	2.0e-04	0.5447
2333	-109.2834	-109.2834	-76.0652	0.6960	78.4183	0.7179	2.0e-04	0.5470
2334	-109.2747	-109.2747	-76.3521	0.6987	78.1345	0.7154	2.0e-04	0.5460
2335	-109.2597	-109.2597	-76.2583	0.6980	78.1942	0.7160	2.0e-04	0.5451
2336	-109.2836	-109.2836	-77.4652	0.7088	77.0306	0.7053	2.0e-04	0.5447
2337	-109.2867	-109.2867	-76.4895	0.6999	78.0097	0.7142	2.0e-04	0.5440
2338	-109.2559	-109.2559	-76.3608	0.6989	78.1174	0.7152	2.0e-04	0.5464
2339	-109.2810	-109.2812	-74.9717	0.6860	79.4772	0.7276	2.0e-04	0.5441
2340	-109.2659	-109.2659	-77.6477	0.7106	76.8380	0.7036	2.0e-04	0.5438
2341	-109.2768	-109.2768	-76.4251	0.6994	78.0896	0.7148	2.0e-04	0.5444
2342	-109.2812	-109.2812	-76.8761	0.7035	77.6233	0.7107	2.0e-04	0.5474
2343	-109.2768	-109.2768	-76.1280	0.6967	78.3735	0.7174	2.0e-04	0.5463
2344	-109.2672	-109.2673	-75.6746	0.6926	78.7888	0.7213	2.0e-04	0.5457
2345	-109.2943	-109.2944	-75.7166	0.6928	78.7767	0.7211	2.0e-04	0.5455
2346	-109.2890	-109.2890	-76.3016	0.6982	78.1689	0.7156	2.0e-04	0.5466
2347	-109.2856	-109.2856	-76.4428	0.6995	78.0597	0.7146	2.0e-04	0.5429
2348	-109.2765	-109.2765	-76.1609	0.6970	78.3316	0.7171	2.0e-04	0.5461
2349	-109.2657	-109.2657	-76.6347	0.7014	77.8453	0.7127	2.0e-04	0.5436
2350	-109.2851	-109.2851	-77.4696	0.7089	77.0213	0.7051	2.0e-04	0.5463
2351	-109.2695	-109.2695	-76.4367	0.6995	78.0613	0.7146	2.0e-04	0.5467
2352	-109.2910	-109.2910	-77.4284	0.7085	77.0827	0.7056	2.0e-04	0.5447
2353	-109.2757	-109.2757	-76.5439	0.7005	77.9553	0.7136	2.0e-04	0.5442
2354	-109.2844	-109.2845	-75.9562	0.6950	78.5391	0.7190	2.0e-04	0.5457
2355	-109.3000	-109.3000	-76.7015	0.7018	77.8228	0.7124	2.0e-04	0.5444
2356	-109.2467	-109.2467	-76.9044	0.7040	77.5634	0.7102	2.0e-04	0.5441
2357	-109.2884	-109.2884	-76.6216	0.7011	77.9007	0.7131	2.0e-04	0.5453
2358	-109.2806	-109.2806	-76.1262	0.6966	78.3587	0.7174	2.0e-04	0.5456
2359	-109.2678	-109.2678	-78.2536	0.7162	76.2221	0.6978	2.0e-04	0.5468
2360	-109.2823	-109.2823	-76.9650	0.7043	77.5478	0.7099	2.0e-04	0.5464
2361	-109.2895	-109.2895	-76.5315	0.7003	77.9877	0.7139	2.0e-04	0.5457
2362	-109.3014	-109.3015	-76.0499	0.6958	78.4655	0.7183	2.0e-04	0.5450
2363	-109.2679	-109.2679	-77.0431	0.7051	77.4535	0.7091	2.0e-04	0.5439
2364	-109.2763	-109.2763	-76.7248	0.7021	77.7727	0.7121	2.0e-04	0.5446
2365	-109.2520	-109.2520	-76.7535	0.7025	77.7093	0.7116	2.0e-04	0.5461
2366	-109.2672	-109.2672	-76.9973	0.7047	77.4872	0.7095	2.0e-04	0.5474
2367	-109.2631	-109.2631	-76.6618	0.7016	77.8173	0.7125	2.0e-04	0.5458
2368	-109.2715	-109.2715	-76.3746	0.6989	78.1061	0.7152	2.0e-04	0.5436
2369	-109.2879	-109.2879	-76.3418	0.6985	78.1680	0.7156	2.0e-04	0.5434
2370	-109.2793	-109.2793	-77.5842	0.7100	76.9153	0.7042	2.0e-04	0.5462
2371	-109.2716	-109.2716	-76.4528	0.6997	78.0403	0.7144	2.0e-04	0.5463
2372	-109.2794	-109.2794	-75.4866	0.6908	78.9637	0.7228	2.0e-04	0.5445
2373	-109.2732	-109.2732	-76.9158	0.7039	77.5683	0.7103	2.0e-04	0.5453
2374	-109.2782	-109.2782	-76.6321	0.7013	77.8396	0.7126	2.0e-04	0.5441
2375	-109.2756	-109.2756	-76.9453	0.7041	77.5500	0.7099	2.0e-04	0.5451
2376	-109.2862	-109.2862	-75.8685	0.6942	78.5961	0.7196	2.0e-04	0.5484
2377	-109.2778	-109.2778	-76.0274	0.6957	78.4388	0.7182	2.0e-04	0.5460
2378	-109.2882	-109.2883	-75.2740	0.6888	79.1686	0.7248	2.0e-04	0.5454
2379	-109.2694	-109.2694	-76.1862	0.6972	78.2907	0.7167	2.0e-04	0.5435
2380	-109.2647	-109.2647	-75.8602	0.6943	78.6100	0.7197	2.0e-04	0.5442
2381	-109.3012	-109.3013	-75.6761	0.6924	78.8343	0.7215	2.0e-04	0.5459
2382	-109.2806	-109.2808	-74.6434	0.6830	79.7790	0.7303	2.0e-04	0.5442
2383	-109.2680	-109.2681	-75.3488	0.6896	79.1024	0.7242	2.0e-04	0.5444
2384	-109.2759	-109.2759	-75.5141	0.6910	78.9611	0.7228	2.0e-04	0.5456
2385	-109.2778	-109.2778	-76.5754	0.7007	77.9007	0.7132	2.0e-04	0.5441
2386	-109.2694	-109.2694	-76.1692	0.6971	78.2920	0.7169	2.0e-04	0.5472
2387	-109.2780	-109.2780	-76.7295	0.7021	77.7707	0.7120	2.0e-04	0.5432
2388	-109.2802	-109.2802	-75.7955	0.6936	78.6846	0.7204	2.0e-04	0.5428
2389	-109.2805	-109.2805	-76.5437	0.7004	77.9679	0.7137	2.0e-04	0.5469
2390	-109.2749	-109.2749	-75.7785	0.6935	78.6961	0.7205	2.0e-04	0.5445
2391	-109.2792	-109.2792	-75.9079	0.6946	78.5787	0.7194	2.0e-04	0.5453
2392	-109.2656	-109.2656	-76.3324	0.6986	78.1407	0.7154	2.0e-04	0.5450
2393	-109.2706	-109.2706	-76.2538	0.6978	78.2365	0.7162	2.0e-04	0.5458
2394	-109.2925	-109.2926	-75.4639	0.6905	79.0241	0.7233	2.0e-04	0.5467
2395	-109.2494	-109.2494	-76.6114	0.7013	77.8619	0.7129	2.0e-04	0.5456
2396	-109.2704	-109.2704	-76.3537	0.6988	78.1256	0.7154	2.0e-04	0.5433
2397	-109.2993	-109.2993	-77.0575	0.7050	77.4724	0.7092	2.0e-04	0.5448
2398	-109.2714	-109.2714	-76.0860	0.6963	78.3862	0.7177	2.0e-04	0.5446
2399	-109.2830	-109.2830	-76.7749	0.7025	77.7334	0.7116	2.0e-04	0.5436
2400	-109.2770	-109.2770	-76.7993	0.7028	77.7042	0.7114	2.0e-04	0.5456
2401	-109.2583	-109.2584	-75.7703	0.6935	78.6945	0.7204	2.0e-04	0.5433
2402	-109.2827	-109.2827	-76.4955	0.7000	78.0076	0.7141	2.0e-04	0.5467
2403	-109.2894	-109.2894	-76.9913	0.7045	77.5268	0.7097	2.0e-04	0.5450
2404	-109.2785	-109.2785	-76.4572	0.6997	78.0462	0.7145	2.0e-04	0.5427
2405	-109.2892	-109.2892	-76.0320	0.6957	78.4559	0.7182	2.0e-04	0.5447
2406	-109.2796	-109.2796	-75.8460	0.6941	78.6436	0.7199	2.0e-04	0.5442
2407	-109.2783	-109.2783	-76.6775	0.7017	77.7983	0.7121	2.0e-04	0.5444
2408	-109.2644	-109.2644	-76.8843	0.7037	77.6191	0.7105	2.0e-04	0.5447
2409	-109.2894	-109.2894	-76.7753	0.7025	77.7214	0.7115	2.0e-04	0.5448
2410	-109.2686	-109.2686	-76.8069	0.7029	77.6811	0.7112	2.0e-04	0.5459
2411	-109.2691	-109.2691	-76.9162	0.7039	77.5811	0.7102	2.0e-04	0.5452
2412	-109.2692	-109.2692	-77.5677	0.7099	76.9263	0.7043	2.0e-04	0.5439
2413	-109.2755	-109.2755	-76.4012	0.6992	78.0868	0.7148	2.0e-04	0.5456
2414	-109.2648	-109.2648	-76.7620	0.7025	77.7166	0.7114	2.0e-04	0.5479
2415	-109.2663	-109.2663	-76.6412	0.7014	77.8071	0.7125	2.0e-04	0.5460
2416	-109.2717	-109.2717	-76.6940	0.7019	77.8013	0.7123	2.0e-04	0.5459
2417	-109.2686	-109.2686	-76.7231	0.7022	77.7798	0.7120	2.0e-04	0.5446
2418	-109.2975	-109.2975	-76.9545	0.7041	77.5705	0.7101	2.0e-04	0.5475
2419	-109.2882	-109.2882	-77.2773	0.7071	77.2306	0.7071	2.0e-04	0.5426
2420	-109.3067	-109.3067	-76.2715	0.6978	78.2265	0.7161	2.0e-04	0.5460
2421	-109.2746	-109.2746	-76.8747	0.7035	77.6188	0.7106	2.0e-04	0.5448
2422	-109.2960	-109.2960	-76.5431	0.7003	77.9798	0.7138	2.0e-04	0.5463
2423	-109.2634	-109.2634	-76.2318	0.6977	78.2474	0.7163	2.0e-04	0.5449
2424	-109.2826	-109.2826	-76.8273	0.7030	77.6939	0.7112	2.0e-04	0.5456
2425	-109.2847	-109.2847	-76.4037	0.6991	78.1083	0.7150	2.0e-04	0.5454
2426	-109.2719	-109.2719	-75.8363	0.6940	78.6423	0.7199	2.0e-04	0.5451
2427	-109.2925	-109.2925	-76.3644	0.6987	78.1478	0.7154	2.0e-04	0.5436
2428	-109.2904	-109.2905	-75.8272	0.6938	78.6622	0.7201	2.0e-04	0.5452
2429	-109.2775	-109.2775	-76.5519	0.7005	77.9347	0.7135	2.0e-04	0.5441
2430	-109.2788	-109.2788	-76.0014	0.6955	78.4891	0.7185	2.0e-04	0.5447
2431	-109.2769	-109.2770	-75.3749	0.6898	79.0799	0.7239	2.0e-04	0.5439
2432	-109.2860	-109.2860	-76.7920	0.7027	77.7131	0.7114	2.0e-04	0.5445
2433	-109.2871	-109.2871	-75.9659	0.6951	78.5246	0.7189	2.0e-04	0.5455
2434	-109.2804	-109.2804	-76.0300	0.6957	78.4569	0.7182	2.0e-04	0.5465
2435	-109.2707	-109.2707	-76.0035	0.6956	78.4767	0.7185	2.0e-04	0.5452
2436	-109.2594	-109.2595	-75.9136	0.6948	78.5511	0.7191	2.0e-04	0.5448
2437	-109.3089	-109.3089	-76.5236	0.7001	77.9933	0.7138	2.0e-04	0.5451
2438	-109.2793	-109.2793	-75.8734	0.6943	78.5987	0.7195	2.0e-04	0.5453
2439	-109.2900	-109.2901	-76.3121	0.6983	78.1889	0.7156	2.0e-04	0.5457
2440	-109.2897	-109.2897	-76.3976	0.6990	78.1284	0.7151	2.0e-04	0.5456
2441	-109.2855	-109.2855	-77.4521	0.7087	77.0497	0.7053	2.0e-04	0.5445
2442	-109.2944	-109.2944	-77.7113	0.7110	76.8120	0.7031	2.0e-04	0.5448
2443	-109.2865	-109.2865	-76.9750	0.7043	77.5121	0.7097	2.0e-04	0.5429
2444	-109.2925	-109.2925	-77.3033	0.7073	77.2304	0.7069	2.0e-04	0.5461
2445	-109.2750	-109.2750	-78.3983	0.7174	76.0807	0.6966	2.0e-04	0.5463
2446	-109.2756	-109.2756	-77.4958	0.7092	77.0164	0.7050	2.0e-04	0.5458
2447	-109.3018	-109.3018	-77.0602	0.7050	77.4730	0.7091	2.0e-04	0.5436
2448	-109.2705	-109.2705	-77.5504	0.7097	76.9515	0.7045	2.0e-04	0.5440
2449	-109.2813	-109.2813	-77.9364	0.7132	76.5614	0.7009	2.0e-04	0.5441
2450	-109.2846	-109.2846	-77.1280	0.7058	77.3917	0.7084	2.0e-04	0.5464
2451	-109.2886	-109.2886	-77.5492	0.7096	76.9702	0.7046	2.0e-04	0.5466
2452	-109.2762	-109.2762	-78.2803	0.7164	76.2187	0.6977	2.0e-04	0.5454
2453	-109.2872	-109.2872	-77.9885	0.7136	76.5227	0.7004	2.0e-04	0.5451
2454	-109.2690	-109.2690	-78.0699	0.7145	76.4065	0.6995	2.0e-04	0.5446
2455	-109.2878	-109.2878	-78.1959	0.7155	76.3151	0.6986	2.0e-04	0.5474
2456	-109.2763	-109.2763	-79.0105	0.7230	75.4468	0.6907	2.0e-04	0.5454
2457	-109.2869	-109.2869	-79.1771	0.7245	75.2789	0.6890	2.0e-04	0.5449
2458	-109.2828	-109.2828	-78.5187	0.7185	75.9775	0.6955	2.0e-04	0.5457
2459	-109.2880	-109.2880	-78.3901	0.7173	76.1140	0.6968	2.0e-04	0.5427
2460	-109.2923	-109.2923	-79.3310	0.7259	75.1193	0.6877	2.0e-04	0.5461
2461	-109.2779	-109.2779	-78.7108	0.7203	75.7529	0.6935	2.0e-04	0.5444
2462	-109.2911	-109.2911	-79.0666	0.7234	75.4162	0.6904	2.0e-04	0.5448
2463	-109.2863	-109.2863	-78.7798	0.7209	75.7135	0.6931	2.0e-04	0.5453
2464	-109.2735	-109.2735	-78.2327	0.7159	76.2654	0.6982	2.0e-04	0.5455
2465	-109.3000	-109.3000	-78.8446	0.7214	75.6646	0.6926	2.0e-04	0.5444
2466	-109.2785	-109.2785	-78.9535	0.7225	75.5157	0.6914	2.0e-04	0.5467
2467	-109.2766	-109.2766	-78.5260	0.7186	75.9671	0.6954	2.0e-04	0.5457
2468	-109.2802	-109.2802	-78.5633	0.7189	75.9210	0.6951	2.0e-04	0.5428
2469	-109.2948	-109.2948	-78.4338	0.7176	76.0713	0.6964	2.0e-04	0.5444
2470	-109.2698	-109.2698	-79.1205	0.7241	75.3195	0.6895	2.0e-04	0.5443
2471	-109.2798	-109.2798	-79.4431	0.7270	75.0126	0.6867	2.0e-04	0.5458
2472	-109.2763	-109.2763	-79.4754	0.7273	74.9440	0.6861	2.0e-04	0.5469
2473	-109.2893	-109.2893	-79.0654	0.7235	75.3891	0.6902	2.0e-04	0.5468
2474	-109.2744	-109.2744	-79.1694	0.7245	75.2798	0.6891	2.0e-04	0.5474
2475	-109.2910	-109.2910	-79.1959	0.7246	75.2859	0.6891	2.0e-04	0.5450
2476	-109.2777	-109.2777	-79.1343	0.7242	75.3311	0.6896	2.0e-04	0.5443
2477	-109.2735	-109.2735	-79.1323	0.7242	75.3232	0.6895	2.0e-04	0.5445
2478	-109.2577	-109.2577	-79.1358	0.7243	75.3067	0.6895	2.0e-04	0.5461
2479	-109.2756	-109.2756	-78.5232	0.7186	75.9646	0.6954	2.0e-04	0.5469
2480	-109.2808	-109.2808	-78.6298	0.7195	75.8554	0.6944	2.0e-04	0.5461
2481	-109.2776	-109.2776	-78.8548	0.7216	75.6093	0.6921	2.0e-04	0.5447
2482	-109.2835	-109.2835	-79.5424	0.7279	74.9054	0.6857	2.0e-04	0.5443
2483	-109.2724	-109.2724	-77.8111	0.7121	76.6734	0.7019	2.0e-04	0.5431
2484	-109.2757	-109.2757	-79.0061	0.7230	75.4657	0.6908	2.0e-04	0.5447
2485	-109.2718	-109.2718	-78.3540	0.7171	76.1147	0.6968	2.0e-04	0.5464
2486	-109.2677	-109.2677	-80.1523	0.7335	74.2281	0.6796	2.0e-04	0.5460
2487	-109.2929	-109.2929	-79.4500	0.7269	75.0088	0.6867	2.0e-04	0.5441
2488	-109.2750	-109.2750	-78.9516	0.7225	75.4861	0.6911	2.0e-04	0.5443
2489	-109.2894	-109.2894	-79.2086	0.7248	75.2338	0.6887	2.0e-04	0.5462
2490	-109.2745	-109.2745	-79.0678	0.7236	75.4064	0.6902	2.0e-04	0.5462
2491	-109.2849	-109.2849	-79.6360	0.7287	74.8095	0.6848	2.0e-04	0.5429
2492	-109.2665	-109.2665	-78.8296	0.7214	75.6232	0.6924	2.0e-04	0.5454
2493	-109.2638	-109.2638	-79.3460	0.7262	75.0772	0.6875	2.0e-04	0.5468
2494	-109.2756	-109.2756	-78.8893	0.7219	75.5786	0.6919	2.0e-04	0.5451
2495	-109.2788	-109.2788	-80.0993	0.7330	74.2934	0.6801	2.0e-04	0.5466
2496	-109.2700	-109.2700	-78.8635	0.7217	75.6052	0.6922	2.0e-04	0.5435
2497	-109.2691	-109.2691	-79.7568	0.7299	74.6487	0.6835	2.0e-04	0.5466
2498	-109.2803	-109.2803	-78.9011	0.7220	75.5728	0.6918	2.0e-04	0.5448
2499	-109.2887	-109.2887	-79.9071	0.7312	74.5170	0.6822	2.0e-04	0.5451
2500	-109.2865	-109.2865	-79.8822	0.7309	74.5342	0.6823	2.0e-04	0.5465
2501	-109.2918	-109.2918	-79.6403	0.7287	74.8180	0.6848	2.0e-04	0.5433
2502	-109.2794	-109.2794	-78.6128	0.7194	75.8732	0.6945	2.0e-04	0.5448
2503	-109.2551	-109.2551	-79.4902	0.7276	74.9268	0.6859	2.0e-04	0.5450
2504	-109.2765	-109.2765	-79.6651	0.7290	74.7486	0.6844	2.0e-04	0.5471
2505	-109.2621	-109.2621	-78.6249	0.7196	75.8052	0.6941	2.0e-04	0.5459
2506	-109.2799	-109.2799	-78.9766	0.7227	75.4982	0.6911	2.0e-04	0.5449
2507	-109.2683	-109.2683	-78.9874	0.7229	75.4724	0.6910	2.0e-04	0.5422
2508	-109.2694	-109.2694	-79.5118	0.7277	74.8922	0.6857	2.0e-04	0.5445
2509	-109.2648	-109.2648	-78.2895	0.7165	76.1925	0.6976	2.0e-04	0.5471
2510	-109.2787	-109.2787	-78.2376	0.7159	76.2586	0.6981	2.0e-04	0.5468
2511	-109.2799	-109.2799	-79.1179	0.7240	75.3432	0.6897	2.0e-04	0.5442
2512	-109.2841	-109.2841	-77.8970	0.7128	76.5839	0.7011	2.0e-04	0.5440
2513	-109.2784	-109.2784	-78.5833	0.7191	75.8892	0.6948	2.0e-04	0.5454
2514	-109.2686	-109.2686	-78.1000	0.7148	76.3763	0.6992	2.0e-04	0.5463
2515	-109.2762	-109.2762	-78.2734	0.7163	76.2022	0.6977	2.0e-04	0.5456
2516	-109.2763	-109.2763	-78.1333	0.7150	76.3623	0.6991	2.0e-04	0.5438
2517	-109.3007	-109.3007	-77.1589	0.7059	77.3761	0.7083	2.0e-04	0.5442
2518	-109.2958	-109.2958	-78.4435	0.7177	76.0507	0.6962	2.0e-04	0.5445
2519	-109.2770	-109.2770	-77.4661	0.7089	77.0521	0.7053	2.0e-04	0.5462
2520	-109.2846	-109.2846	-78.2912	0.7164	76.1983	0.6976	2.0e-04	0.5472
2521	-109.2537	-109.2537	-78.6700	0.7201	75.7824	0.6939	2.0e-04	0.5460
2522	-109.2794	-109.2794	-78.0758	0.7145	76.4142	0.6995	2.0e-04	0.5463
2523	-109.2784	-109.2784	-77.6462	0.7105	76.8553	0.7036	2.0e-04	0.5428
2524	-109.2856	-109.2856	-77.2260	0.7066	77.2954	0.7076	2.0e-04	0.5430
2525	-109.2921	-109.2921	-78.0639	0.7143	76.4486	0.6999	2.0e-04	0.5458
2526	-109.2696	-109.2696	-77.0734	0.7054	77.4323	0.7089	2.0e-04	0.5465
2527	-109.2821	-109.2821	-77.9085	0.7129	76.5829	0.7011	2.0e-04	0.5448
2528	-109.2641	-109.2641	-77.4520	0.7089	77.0466	0.7053	2.0e-04	0.5446
2529	-109.2714	-109.2714	-77.2972	0.7074	77.1844	0.7066	2.0e-04	0.5452
2530	-109.2668	-109.2668	-77.5434	0.7097	76.9188	0.7042	2.0e-04	0.5452
2531	-109.2698	-109.2698	-77.4609	0.7089	77.0484	0.7053	2.0e-04	0.5438
2532	-109.2689	-109.2689	-78.1521	0.7152	76.3381	0.6989	2.0e-04	0.5437
2533	-109.2727	-109.2727	-76.8540	0.7033	77.6550	0.7109	2.0e-04	0.5460
2534	-109.3035	-109.3035	-77.8800	0.7125	76.6308	0.7014	2.0e-04	0.5445
2535	-109.2889	-109.2889	-76.9967	0.7045	77.5329	0.7097	2.0e-04	0.5449
2536	-109.3061	-109.3061	-76.4416	0.6993	78.0409	0.7143	2.0e-04	0.5454
2537	-109.2639	-109.2639	-77.1448	0.7060	77.3559	0.7082	2.0e-04	0.5433
2538	-109.2784	-109.2784	-76.7724	0.7025	77.7394	0.7116	2.0e-04	0.5443
2539	-109.2679	-109.2679	-77.3363	0.7078	77.1469	0.7064	2.0e-04	0.5443
2540	-109.2606	-109.2606	-77.8237	0.7123	76.6521	0.7019	2.0e-04	0.5437
2541	-109.2968	-109.2968	-77.5453	0.7095	76.9973	0.7047	2.0e-04	0.5447
2542	-109.2772	-109.2772	-78.2231	0.7158	76.2332	0.6979	2.0e-04	0.5457
2543	-109.2608	-109.2608	-77.8650	0.7127	76.5881	0.7013	2.0e-04	0.5460
2544	-109.2941	-109.2941	-77.8775	0.7125	76.6479	0.7016	2.0e-04	0.5480
2545	-109.2848	-109.2848	-77.0612	0.7051	77.4494	0.7090	2.0e-04	0.5459
2546	-109.2733	-109.2733	-77.5562	0.7097	76.9440	0.7044	2.0e-04	0.5447
2547	-109.2695	-109.2695	-76.4107	0.6993	78.0577	0.7146	2.0e-04	0.5424
2548	-109.2969	-109.2969	-77.7638	0.7115	76.7659	0.7027	2.0e-04	0.5436
2549	-109.2723	-109.2723	-76.7457	0.7023	77.7270	0.7116	2.0e-04	0.5467
2550	-109.2652	-109.2652	-78.0308	0.7141	76.4400	0.6998	2.0e-04	0.5474
2551	-109.2845	-109.2845	-77.5270	0.7094	76.9869	0.7048	2.0e-04	0.5479
2552	-109.3128	-109.3128	-76.4609	0.6995	78.0934	0.7147	2.0e-04	0.5462
2553	-109.2774	-109.2774	-76.9067	0.7038	77.5820	0.7102	2.0e-04	0.5454
2554	-109.2989	-109.2990	-76.3122	0.6982	78.1974	0.7159	2.0e-04	0.5444
2555	-109.2958	-109.2958	-76.5371	0.7003	77.9778	0.7138	2.0e-04	0.5430
2556	-109.2765	-109.2765	-77.2105	0.7066	77.2735	0.7076	2.0e-04	0.5438
2557	-109.2679	-109.2679	-77.3953	0.7083	77.0874	0.7058	2.0e-04	0.5468
2558	-109.2642	-109.2642	-76.8108	0.7030	77.6770	0.7112	2.0e-04	0.5461
2559	-109.2642	-109.2642	-76.9512	0.7043	77.5341	0.7099	2.0e-04	0.5446
2560	-109.2784	-109.2784	-76.2590	0.6978	78.2477	0.7162	2.0e-04	0.5444
2561	-109.2818	-109.2818	-77.7631	0.7116	76.7496	0.7026	2.0e-04	0.5449
2562	-109.2763	-109.2763	-76.2907	0.6981	78.1997	0.7159	2.0e-04	0.5457
2563	-109.2808	-109.2808	-77.4080	0.7083	77.1067	0.7058	2.0e-04	0.5453
2564	-109.2828	-109.2828	-76.4416	0.6995	78.0591	0.7146	2.0e-04	0.5443
2565	-109.2709	-109.2709	-77.2955	0.7074	77.1882	0.7067	2.0e-04	0.5442
2566	-109.2738	-109.2738	-75.9032	0.6946	78.5788	0.7194	2.0e-04	0.5467
2567	-109.2645	-109.2645	-76.2649	0.6980	78.2074	0.7161	2.0e-04	0.5455
2568	-109.2966	-109.2967	-75.8786	0.6942	78.6263	0.7197	2.0e-04	0.5444
2569	-109.2552	-109.2552	-76.7012	0.7020	77.7592	0.7120	2.0e-04	0.5463
2570	-109.2769	-109.2770	-76.0937	0.6963	78.3786	0.7176	2.0e-04	0.5447
2571	-109.2715	-109.2715	-75.8114	0.6938	78.6675	0.7202	2.0e-04	0.5433
2572	-109.2761	-109.2761	-75.8822	0.6944	78.5881	0.7195	2.0e-04	0.5470
2573	-109.2859	-109.2859	-76.6186	0.7011	77.8919	0.7131	2.0e-04	0.5445
2574	-109.2703	-109.2703	-75.7486	0.6932	78.7292	0.7207	2.0e-04	0.5442
2575	-109.2717	-109.2717	-76.6021	0.7010	77.8838	0.7131	2.0e-04	0.5464
2576	-109.2822	-109.2823	-75.6286	0.6920	78.8469	0.7218	2.0e-04	0.5431
2577	-109.2786	-109.2786	-76.4125	0.6992	78.0877	0.7149	2.0e-04	0.5427
2578	-109.2575	-109.2575	-76.1218	0.6967	78.3069	0.7169	2.0e-04	0.5446
2579	-109.2649	-109.2649	-76.6022	0.7011	77.8766	0.7130	2.0e-04	0.5452
2580	-109.2684	-109.2685	-75.9788	0.6953	78.4891	0.7187	2.0e-04	0.5437
2581	-109.2877	-109.2877	-76.1992	0.6972	78.3017	0.7167	2.0e-04	0.5440
2582	-109.2741	-109.2741	-76.1237	0.6966	78.3551	0.7174	2.0e-04	0.5452
2583	-109.3059	-109.3059	-76.1472	0.6966	78.3816	0.7174	2.0e-04	0.5435
2584	-109.2902	-109.2902	-76.3187	0.6983	78.1964	0.7158	2.0e-04	0.5445
2585	-109.2945	-109.2947	-74.9386	0.6857	79.5308	0.7279	2.0e-04	0.5438
2586	-109.2651	-109.2651	-76.4869	0.7000	78.0014	0.7141	2.0e-04	0.5442
2587	-109.2720	-109.2720	-76.9331	0.7041	77.5339	0.7099	2.0e-04	0.5431
2588	-109.2703	-109.2703	-76.2522	0.6978	78.2287	0.7162	2.0e-04	0.5449
2589	-109.2588	-109.2588	-76.9777	0.7045	77.4930	0.7095	2.0e-04	0.5442
2590	-109.2843	-109.2843	-75.8498	0.6941	78.6342	0.7199	2.0e-04	0.5429
2591	-109.2947	-109.2947	-76.9732	0.7043	77.5383	0.7098	2.0e-04	0.5440
2592	-109.2815	-109.2815	-76.4295	0.6994	78.0773	0.7147	2.0e-04	0.5446
2593	-109.2805	-109.2805	-77.3675	0.7080	77.1524	0.7062	2.0e-04	0.5534
2594	-109.2731	-109.2731	-76.4991	0.7001	77.9841	0.7140	2.0e-04	0.5444
2595	-109.2886	-109.2886	-77.1557	0.7060	77.3558	0.7082	2.0e-04	0.5460
2596	-109.2691	-109.2691	-76.8654	0.7035	77.6385	0.7107	2.0e-04	0.5429
2597	-109.2710	-109.2710	-77.5018	0.7093	77.0009	0.7049	2.0e-04	0.5439
2598	-109.2624	-109.2624	-76.5815	0.7009	77.8988	0.7133	2.0e-04	0.5448
2599	-109.2651	-109.2651	-76.9843	0.7046	77.5191	0.7096	2.0e-04	0.5462
2600	-109.2641	-109.2641	-77.9374	0.7133	76.5500	0.7009	2.0e-04	0.5453
2601	-109.3095	-109.3095	-76.4896	0.6998	78.0448	0.7144	2.0e-04	0.5423
2602	-109.2691	-109.2691	-77.0394	0.7050	77.4455	0.7090	2.0e-04	0.5436
2603	-109.2787	-109.2787	-76.9554	0.7042	77.5207	0.7097	2.0e-04	0.5450
2604	-109.2813	-109.2813	-76.8303	0.7031	77.6629	0.7109	2.0e-04	0.5439
2605	-109.2923	-109.2923	-78.2372	0.7159	76.2044	0.6976	2.0e-04	0.5451
2606	-109.2893	-109.2893	-77.5087	0.7092	77.0233	0.7049	2.0e-04	0.5439
2607	-109.2908	-109.2908	-77.6435	0.7104	76.8784	0.7038	2.0e-04	0.5442
2608	-109.2971	-109.2971	-78.0590	0.7142	76.4611	0.6999	2.0e-04	0.5428
2609	-109.2704	-109.2704	-77.2466	0.7069	77.2461	0.7072	2.0e-04	0.5456
2610	-109.2822	-109.2822	-76.7523	0.7023	77.7563	0.7118	2.0e-04	0.5446
2611	-109.2768	-109.2768	-77.8111	0.7121	76.6781	0.7020	2.0e-04	0.5448
2612	-109.2970	-109.2970	-77.5274	0.7093	77.0004	0.7048	2.0e-04	0.5474
2613	-109.2764	-109.2764	-77.7732	0.7117	76.7226	0.7024	2.0e-04	0.5461
2614	-109.2956	-109.2956	-76.5886	0.7007	77.9294	0.7134	2.0e-04	0.5446
2615	-109.2710	-109.2710	-77.8257	0.7122	76.6716	0.7019	2.0e-04	0.5430
2616	-109.2622	-109.2622	-77.9030	0.7130	76.5534	0.7009	2.0e-04	0.5452
2617	-109.2862	-109.2862	-77.2630	0.7070	77.2608	0.7072	2.0e-04	0.5467
2618	-109.2853	-109.2853	-77.4069	0.7083	77.1106	0.7059	2.0e-04	0.5468
2619	-109.2887	-109.2887	-76.6591	0.7014	77.8551	0.7127	2.0e-04	0.5448
2620	-109.2877	-109.2877	-76.8815	0.7035	77.6262	0.7107	2.0e-04	0.5446
2621	-109.2717	-109.2717	-77.6032	0.7102	76.9010	0.7040	2.0e-04	0.5449
2622	-109.2791	-109.2791	-76.5500	0.7005	77.9325	0.7134	2.0e-04	0.5466
2623	-109.2748	-109.2750	-75.0523	0.6868	79.3942	0.7268	2.0e-04	0.5447
2624	-109.2839	-109.2839	-77.5004	0.7092	77.0133	0.7049	2.0e-04	0.5448
2625	-109.2919	-109.2919	-77.6154	0.7102	76.9177	0.7040	2.0e-04	0.5451
2626	-109.2771	-109.2771	-77.2817	0.7072	77.2403	0.7070	2.0e-04	0.5445
2627	-109.2568	-109.2568	-76.4116	0.6994	78.0565	0.7147	2.0e-04	0.5462
2628	-109.2931	-109.2931	-77.5221	0.7093	76.9923	0.7048	2.0e-04	0.5471
2629	-109.2713	-109.2713	-77.7267	0.7113	76.7533	0.7027	2.0e-04	0.5456
2630	-109.2693	-109.2693	-78.0653	0.7144	76.4309	0.6997	2.0e-04	0.5451
2631	-109.2818	-109.2818	-78.4987	0.7183	75.9830	0.6957	2.0e-04	0.5432
2632	-109.2714	-109.2714	-77.8247	0.7122	76.6787	0.7019	2.0e-04	0.5434
2633	-109.2744	-109.2744	-77.7117	0.7112	76.7928	0.7030	2.0e-04	0.5458
2634	-109.2661	-109.2661	-78.1666	0.7154	76.3207	0.6987	2.0e-04	0.5466
2635	-109.2821	-109.2821	-77.0942	0.7055	77.4177	0.7087	2.0e-04	0.5440
2636	-109.2776	-109.2776	-77.5524	0.7097	76.9631	0.7045	2.0e-04	0.5448
2637	-109.2852	-109.2852	-77.5631	0.7097	76.8995	0.7040	2.0e-04	0.5447
2638	-109.2862	-109.2862	-77.9674	0.7134	76.5588	0.7007	2.0e-04	0.5458
2639	-109.2842	-109.2842	-78.1221	0.7149	76.3744	0.6991	2.0e-04	0.5447
2640	-109.2849	-109.2849	-77.6345	0.7104	76.8779	0.7038	2.0e-04	0.5437
2641	-109.2812	-109.2812	-77.0428	0.7050	77.4587	0.7090	2.0e-04	0.5456
2642	-109.2674	-109.2674	-77.7093	0.7112	76.7784	0.7029	2.0e-04	0.5452
2643	-109.2643	-109.2643	-78.0480	0.7143	76.4154	0.6995	2.0e-04	0.5439
2644	-109.2853	-109.2853	-78.7755	0.7208	75.7114	0.6931	2.0e-04	0.5457
2645	-109.2628	-109.2628	-77.8077	0.7121	76.6870	0.7020	2.0e-04	0.5444
2646	-109.2961	-109.2961	-77.4382	0.7085	77.0949	0.7057	2.0e-04	0.5467
2647	-109.2720	-109.2720	-77.7007	0.7111	76.8084	0.7031	2.0e-04	0.5426
2648	-109.2804	-109.2804	-77.9091	0.7129	76.5982	0.7012	2.0e-04	0.5437
2649	-109.2686	-109.2686	-78.3630	0.7172	76.1173	0.6969	2.0e-04	0.5447
2650	-109.2704	-109.2704	-77.5718	0.7099	76.9225	0.7043	2.0e-04	0.5443
2651	-109.2831	-109.2831	-78.2993	0.7165	76.1838	0.6975	2.0e-04	0.5456
2652	-109.2878	-109.2878	-77.9569	0.7133	76.5555	0.7008	2.0e-04	0.5462
2653	-109.2720	-109.2720	-78.4174	0.7176	76.0759	0.6964	2.0e-04	0.5448
2654	-109.2693	-109.2693	-77.2567	0.7070	77.2388	0.7072	2.0e-04	0.5452
2655	-109.2876	-109.2876	-78.0983	0.7146	76.4145	0.6994	2.0e-04	0.5437
2656	-109.2784	-109.2784	-78.5930	0.7192	75.8879	0.6948	2.0e-04	0.5456
2657	-109.2697	-109.2697	-78.6282	0.7196	75.8513	0.6944	2.0e-04	0.5467
2658	-109.2767	-109.2767	-78.2465	0.7160	76.2515	0.6980	2.0e-04	0.5453
2659	-109.2719	-109.2719	-77.6044	0.7102	76.9016	0.7040	2.0e-04	0.5463
2660	-109.2756	-109.2756	-77.8934	0.7128	76.6110	0.7013	2.0e-04	0.5457
2661	-109.2901	-109.2901	-77.8618	0.7124	76.6527	0.7017	2.0e-04	0.5444
2662	-109.2892	-109.2892	-78.7168	0.7203	75.7769	0.6937	2.0e-04	0.5442
2663	-109.2818	-109.2818	-77.1994	0.7064	77.2834	0.7075	2.0e-04	0.5453
2664	-109.2833	-109.2833	-77.8505	0.7124	76.6406	0.7016	2.0e-04	0.5468
2665	-109.2842	-109.2842	-77.6605	0.7106	76.8379	0.7033	2.0e-04	0.5472
2666	-109.2832	-109.2832	-77.7049	0.7110	76.7799	0.7028	2.0e-04	0.5463
2667	-109.2929	-109.2929	-78.4445	0.7177	76.0733	0.6962	2.0e-04	0.5458
2668	-109.3103	-109.3103	-77.1181	0.7055	77.3850	0.7083	2.0e-04	0.5442
2669	-109.2956	-109.2956	-77.9530	0.7132	76.5771	0.7009	2.0e-04	0.5430
2670	-109.2642	-109.2642	-77.5271	0.7095	76.9534	0.7046	2.0e-04	0.5437
2671	-109.2840	-109.2840	-77.8870	0.7127	76.5896	0.7010	2.0e-04	0.5467
2672	-109.2807	-109.2807	-77.3477	0.7078	77.1665	0.7064	2.0e-04	0.5463
2673	-109.2882	-109.2882	-77.1330	0.7058	77.3897	0.7084	2.0e-04	0.5430
2674	-109.2780	-109.2780	-78.0300	0.7141	76.4600	0.7000	2.0e-04	0.5444
2675	-109.2843	-109.2843	-78.1494	0.7151	76.3552	0.6989	2.0e-04	0.5443
2676	-109.2713	-109.2713	-77.2404	0.7069	77.2499	0.7072	2.0e-04	0.5472
2677	-109.2939	-109.2939	-78.5045	0.7183	76.0072	0.6957	2.0e-04	0.5465
2678	-109.2883	-109.2883	-77.9639	0.7134	76.5515	0.7007	2.0e-04	0.5452
2679	-109.2713	-109.2713	-77.3296	0.7077	77.1718	0.7065	2.0e-04	0.5829
2680	-109.2940	-109.2940	-78.7412	0.7205	75.7471	0.6935	2.0e-04	0.5441
2681	-109.2800	-109.2800	-77.7105	0.7111	76.7972	0.7031	2.0e-04	0.5476
2682	-109.2639	-109.2639	-78.1301	0.7151	76.3322	0.6990	2.0e-04	0.5468
2683	-109.2819	-109.2819	-78.2486	0.7160	76.2428	0.6980	2.0e-04	0.5461
2684	-109.2826	-109.2826	-78.1669	0.7153	76.3359	0.6988	2.0e-04	0.5473
2685	-109.2821	-109.2821	-77.9885	0.7136	76.5239	0.7005	2.0e-04	0.5442
2686	-109.2609	-109.2609	-78.6221	0.7196	75.8330	0.6944	2.0e-04	0.5436
2687	-109.2721	-109.2721	-78.5067	0.7185	75.9637	0.6955	2.0e-04	0.5466
2688	-109.2697	-109.2697	-78.2243	0.7159	76.2400	0.6980	2.0e-04	0.5453
2689	-109.2883	-109.2883	-77.6540	0.7105	76.8716	0.7036	2.0e-04	0.5440
2690	-109.2723	-109.2723	-78.2019	0.7157	76.2815	0.6984	2.0e-04	0.5448
2691	-109.2745	-109.2745	-78.5737	0.7190	75.9169	0.6950	2.0e-04	0.5444
2692	-109.2957	-109.2957	-77.9168	0.7129	76.5970	0.7012	1.9e-04	0.5465
2693	-109.2677	-109.2677	-78.2653	0.7163	76.2132	0.6977	1.9e-04	0.5463
2694	-109.2900	-109.2900	-78.9154	0.7221	75.5692	0.6917	1.9e-04	0.5450
2695	-109.2825	-109.2825	-77.8403	0.7123	76.6652	0.7019	1.9e-04	0.5450
2696	-109.2741	-109.2741	-77.2874	0.7073	77.2095	0.7069	1.9e-04	0.5443
2697	-109.2912	-109.2912	-77.0131	0.7047	77.4971	0.7095	1.9e-04	0.5440
2698	-109.2763	-109.2763	-77.1515	0.7060	77.3379	0.7081	1.9e-04	0.5449
2699	-109.2784	-109.2784	-77.6280	0.7104	76.8644	0.7037	1.9e-04	0.5453
2700	-109.2668	-109.2668	-76.9213	0.7040	77.5794	0.7102	1.9e-04	0.5463
2701	-109.2845	-109.2845	-77.1846	0.7063	77.3401	0.7079	1.9e-04	0.5427
2702	-109.2668	-109.2668	-76.8947	0.7037	77.6107	0.7105	1.9e-04	0.5440
2703	-109.2859	-109.2859	-76.5364	0.7003	77.9759	0.7138	1.9e-04	0.5442
2704	-109.2586	-109.2586	-77.5385	0.7097	76.9368	0.7045	1.9e-04	0.5461
2705	-109.2957	-109.2957	-76.2662	0.6978	78.2511	0.7163	1.9e-04	0.5474
2706	-109.2661	-109.2661	-77.4632	0.7089	77.0290	0.7053	1.9e-04	0.5468
2707	-109.2797	-109.2797	-77.4937	0.7091	77.0187	0.7050	1.9e-04	0.5460
2708	-109.2954	-109.2954	-77.7679	0.7115	76.7634	0.7026	1.9e-04	0.5456
2709	-109.2745	-109.2745	-77.1157	0.7057	77.4004	0.7085	1.9e-04	0.5433
2710	-109.2845	-109.2845	-78.2593	0.7161	76.2325	0.6980	1.9e-04	0.5442
2711	-109.2778	-109.2778	-76.6671	0.7016	77.8321	0.7125	1.9e-04	0.5457
2712	-109.2664	-109.2664	-77.9919	0.7138	76.5020	0.7003	1.9e-04	0.5443
2713	-109.3001	-109.3001	-77.4868	0.7089	77.0600	0.7053	1.9e-04	0.5439
2714	-109.2762	-109.2762	-76.5291	0.7003	77.9531	0.7137	1.9e-04	0.5467
2715	-109.2796	-109.2796	-78.1818	0.7154	76.3111	0.6986	1.9e-04	0.5448
2716	-109.2727	-109.2727	-77.1822	0.7063	77.3253	0.7078	1.9e-04	0.5440
2717	-109.2782	-109.2782	-76.7019	0.7019	77.7992	0.7122	1.9e-04	0.5446
2718	-109.2691	-109.2691	-77.4289	0.7086	77.0846	0.7056	1.9e-04	0.5440
2719	-109.2648	-109.2648	-76.3724	0.6990	78.1112	0.7151	1.9e-04	0.5451
2720	-109.2859	-109.2859	-77.4618	0.7088	77.0310	0.7052	1.9e-04	0.5440
2721	-109.2968	-109.2968	-76.7594	0.7023	77.7731	0.7119	1.9e-04	0.5455
2722	-109.2736	-109.2736	-78.0616	0.7144	76.4329	0.6997	1.9e-04	0.5456
2723	-109.2819	-109.2819	-77.8574	0.7124	76.6430	0.7017	1.9e-04	0.5437
2724	-109.2794	-109.2794	-77.4204	0.7085	77.0854	0.7057	1.9e-04	0.5448
2725	-109.2844	-109.2844	-77.8968	0.7128	76.6131	0.7014	1.9e-04	0.5448
2726	-109.2889	-109.2889	-76.9436	0.7040	77.5645	0.7101	1.9e-04	0.5460
2727	-109.2831	-109.2831	-78.7267	0.7204	75.7657	0.6936	1.9e-04	0.5451
2728	-109.2922	-109.2922	-77.9043	0.7128	76.6060	0.7013	1.9e-04	0.5449
2729	-109.2993	-109.2993	-77.5187	0.7092	77.0172	0.7050	1.9e-04	0.5440
2730	-109.2799	-109.2799	-78.0800	0.7145	76.4246	0.6996	1.9e-04	0.5455
2731	-109.2656	-109.2656	-77.3990	0.7084	77.0719	0.7056	1.9e-04	0.5467
2732	-109.2879	-109.2879	-77.7081	0.7110	76.8032	0.7031	1.9e-04	0.5463
2733	-109.2791	-109.2791	-77.1501	0.7060	77.3638	0.7082	1.9e-04	0.5457
2734	-109.2734	-109.2734	-77.2995	0.7074	77.1888	0.7067	1.9e-04	0.5444
2735	-109.2649	-109.2649	-77.7327	0.7114	76.7468	0.7027	1.9e-04	0.5447
2736	-109.2931	-109.2931	-78.1513	0.7151	76.3430	0.6989	1.9e-04	0.5460
2737	-109.2912	-109.2912	-77.4940	0.7091	77.0332	0.7051	1.9e-04	0.5451
2738	-109.2905	-109.2905	-76.9572	0.7042	77.5221	0.7097	1.9e-04	0.5466
2739	-109.2871	-109.2871	-76.7207	0.7020	77.7967	0.7122	1.9e-04	0.5463
2740	-109.2896	-109.2896	-77.7686	0.7116	76.7444	0.7026	1.9e-04	0.5452
2741	-109.2884	-109.2884	-76.7411	0.7022	77.7755	0.7120	1.9e-04	0.5435
2742	-109.3031	-109.3031	-77.2377	0.7066	77.2880	0.7075	1.9e-04	0.5445
2743	-109.2876	-109.2876	-76.9438	0.7040	77.5336	0.7099	1.9e-04	0.5485
2744	-109.3015	-109.3015	-77.3557	0.7077	77.1775	0.7065	1.9e-04	0.5470
2745	-109.2683	-109.2683	-76.6745	0.7017	77.8304	0.7125	1.9e-04	0.5464
2746	-109.2878	-109.2878	-75.6450	0.6922	78.8249	0.7216	1.9e-04	0.5455
2747	-109.2889	-109.2889	-78.1578	0.7151	76.3518	0.6989	1.9e-04	0.5449
2748	-109.2839	-109.2839	-77.1812	0.7062	77.3305	0.7079	1.9e-04	0.5448
2749	-109.2799	-109.2799	-76.5214	0.7002	77.9687	0.7138	1.9e-04	0.5457
2750	-109.2813	-109.2813	-76.6986	0.7018	77.7971	0.7122	1.9e-04	0.5455
2751	-109.2832	-109.2832	-76.7651	0.7024	77.7237	0.7115	1.9e-04	0.5448
2752	-109.2850	-109.2850	-76.3992	0.6991	78.0842	0.7147	1.9e-04	0.5448
2753	-109.2955	-109.2955	-75.8219	0.6937	78.6388	0.7198	1.9e-04	0.5470
2754	-109.2883	-109.2883	-77.3119	0.7074	77.2017	0.7066	1.9e-04	0.5462
2755	-109.2802	-109.2802	-76.4355	0.6994	78.0650	0.7146	1.9e-04	0.5441
2756	-109.2760	-109.2760	-77.4576	0.7088	77.0526	0.7054	1.9e-04	0.5485
2757	-109.2986	-109.2986	-76.2169	0.6973	78.2943	0.7167	1.9e-04	0.5438
2758	-109.2860	-109.2860	-76.8486	0.7032	77.6656	0.7110	1.9e-04	0.5440
2759	-109.2974	-109.2974	-76.0751	0.6960	78.4379	0.7179	1.9e-04	0.5477
2760	-109.2747	-109.2747	-76.4886	0.7000	78.0145	0.7142	1.9e-04	0.5452
2761	-109.2776	-109.2776	-77.5729	0.7099	76.9292	0.7043	1.9e-04	0.5444
2762	-109.2612	-109.2612	-77.2730	0.7072	77.2135	0.7070	1.9e-04	0.5472
2763	-109.2786	-109.2786	-77.3208	0.7076	77.1869	0.7067	1.9e-04	0.5464
2764	-109.2874	-109.2874	-77.8289	0.7121	76.6951	0.7020	1.9e-04	0.5467
2765	-109.2913	-109.2913	-77.4876	0.7090	77.0315	0.7052	1.9e-04	0.5450
2766	-109.2841	-109.2841	-77.2714	0.7071	77.2460	0.7071	1.9e-04	0.5440
2767	-109.2644	-109.2644	-77.8009	0.7120	76.6810	0.7021	1.9e-04	0.5444
2768	-109.2764	-109.2764	-78.2265	0.7159	76.2458	0.6981	1.9e-04	0.5446
2769	-109.2715	-109.2715	-77.8996	0.7129	76.5893	0.7013	1.9e-04	0.5463
2770	-109.2814	-109.2814	-77.5553	0.7097	76.9528	0.7045	1.9e-04	0.5461
2771	-109.2788	-109.2788	-77.7901	0.7118	76.7051	0.7023	1.9e-04	0.5460
2772	-109.2804	-109.2804	-77.4667	0.7089	77.0422	0.7053	1.9e-04	0.5453
2773	-109.2690	-109.2690	-77.9760	0.7136	76.5137	0.7005	1.9e-04	0.5439
2774	-109.2778	-109.2778	-76.8380	0.7031	77.6305	0.7106	1.9e-04	0.5439
2775	-109.2869	-109.2869	-77.0774	0.7053	77.4422	0.7089	1.9e-04	0.5446
2776	-109.2619	-109.2619	-77.9851	0.7137	76.4911	0.7003	1.9e-04	0.5462
2777	-109.2648	-109.2648	-76.8767	0.7036	77.6014	0.7106	1.9e-04	0.5453
2778	-109.2765	-109.2765	-76.7714	0.7025	77.7299	0.7116	1.9e-04	0.5534
2779	-109.2843	-109.2843	-77.4985	0.7091	77.0196	0.7050	1.9e-04	0.5468
2780	-109.2794	-109.2794	-75.8943	0.6945	78.5714	0.7193	1.9e-04	0.5470
2781	-109.2721	-109.2721	-75.9887	0.6954	78.4863	0.7186	1.9e-04	0.5455
2782	-109.2945	-109.2945	-77.0064	0.7046	77.5230	0.7096	1.9e-04	0.5450
2783	-109.2625	-109.2625	-76.8449	0.7033	77.6515	0.7109	1.9e-04	0.5444
2784	-109.2749	-109.2749	-77.3454	0.7078	77.1481	0.7064	1.9e-04	0.5460
2785	-109.2850	-109.2850	-76.8487	0.7032	77.6504	0.7110	1.9e-04	0.5462
2786	-109.2850	-109.2850	-76.1416	0.6967	78.3566	0.7173	1.9e-04	0.5461
2787	-109.2916	-109.2916	-77.3208	0.7075	77.1835	0.7066	1.9e-04	0.5448
2788	-109.2519	-109.2519	-76.9535	0.7044	77.5185	0.7098	1.9e-04	0.5440
2789	-109.2991	-109.2991	-76.0477	0.6958	78.4283	0.7180	1.9e-04	0.5452
2790	-109.2941	-109.2941	-75.9742	0.6951	78.5151	0.7187	1.9e-04	0.5455
2791	-109.2727	-109.2727	-76.3983	0.6992	78.0777	0.7149	1.9e-04	0.5501
2792	-109.2723	-109.2725	-75.2726	0.6889	79.1782	0.7249	1.9e-04	0.5510
2793	-109.2747	-109.2747	-75.8837	0.6944	78.5707	0.7193	1.9e-04	0.5456
2794	-109.2808	-109.2808	-77.1088	0.7056	77.3861	0.7085	1.9e-04	0.5449
2795	-109.2855	-109.2856	-75.6607	0.6923	78.8185	0.7215	1.9e-04	0.5461
2796	-109.2630	-109.2630	-76.9351	0.7041	77.5611	0.7100	1.9e-04	0.5451
2797	-109.2714	-109.2714	-76.5168	0.7002	77.9529	0.7138	1.9e-04	0.5436
2798	-109.2713	-109.2714	-75.2032	0.6882	79.2184	0.7254	1.9e-04	0.5436
2799	-109.2766	-109.2766	-76.3555	0.6987	78.1367	0.7154	1.9e-04	0.5446
2800	-109.2855	-109.2855	-75.9875	0.6953	78.5025	0.7186	1.9e-04	0.5461
2801	-109.2537	-109.2537	-76.3271	0.6986	78.1358	0.7155	1.9e-04	0.5438
2802	-109.2786	-109.2786	-76.0395	0.6958	78.4462	0.7182	1.9e-04	0.5451
2803	-109.2725	-109.2725	-76.0699	0.6961	78.4088	0.7179	1.9e-04	0.5445
2804	-109.2821	-109.2821	-76.2433	0.6977	78.2338	0.7163	1.9e-04	0.5454
2805	-109.2939	-109.2939	-77.1084	0.7055	77.4174	0.7087	1.9e-04	0.5434
2806	-109.2628	-109.2628	-76.4824	0.7000	77.9585	0.7138	1.9e-04	0.5471
2807	-109.2718	-109.2718	-76.1822	0.6972	78.2877	0.7168	1.9e-04	0.5463
2808	-109.2700	-109.2700	-76.5967	0.7010	77.8992	0.7131	1.9e-04	0.5456
2809	-109.2774	-109.2774	-76.8866	0.7036	77.5981	0.7104	1.9e-04	0.5441
2810	-109.2847	-109.2847	-77.0701	0.7052	77.4420	0.7089	1.9e-04	0.5439
2811	-109.2877	-109.2877	-76.2548	0.6977	78.2541	0.7163	1.9e-04	0.5454
2812	-109.3022	-109.3022	-75.6610	0.6922	78.8356	0.7217	1.9e-04	0.5468
2813	-109.2650	-109.2650	-76.5098	0.7002	77.9652	0.7139	1.9e-04	0.5460
2814	-109.2829	-109.2830	-75.7759	0.6934	78.7126	0.7205	1.9e-04	0.5437
2815	-109.2751	-109.2752	-75.6218	0.6920	78.8400	0.7219	1.9e-04	0.5447
2816	-109.2891	-109.2891	-75.8188	0.6937	78.6551	0.7201	1.9e-04	0.5450
2817	-109.2698	-109.2698	-76.4298	0.6995	78.0532	0.7146	1.9e-04	0.5461
2818	-109.2729	-109.2729	-76.6300	0.7013	77.8507	0.7128	1.9e-04	0.5473
2819	-109.2706	-109.2707	-75.3921	0.6900	79.0616	0.7238	1.9e-04	0.5459
2820	-109.2794	-109.2794	-75.7521	0.6932	78.7234	0.7207	1.9e-04	0.5438
2821	-109.2760	-109.2760	-76.5158	0.7002	77.9924	0.7139	1.9e-04	0.5435
2822	-109.2793	-109.2793	-75.8796	0.6944	78.6046	0.7196	1.9e-04	0.5460
2823	-109.2802	-109.2802	-76.8867	0.7036	77.6030	0.7104	1.9e-04	0.5462
2824	-109.2667	-109.2667	-76.2000	0.6974	78.2782	0.7167	1.9e-04	0.5443
2825	-109.2815	-109.2816	-75.4275	0.6902	79.0142	0.7234	1.9e-04	0.5447
2826	-109.2963	-109.2963	-76.8800	0.7034	77.6428	0.7108	1.9e-04	0.5443
2827	-109.2790	-109.2790	-76.4368	0.6995	78.0510	0.7146	1.9e-04	0.5470
2828	-109.2872	-109.2872	-76.4896	0.6999	78.0208	0.7142	1.9e-04	0.5448
2829	-109.2646	-109.2646	-77.3409	0.7078	77.1423	0.7064	1.9e-04	0.5438
2830	-109.2784	-109.2784	-77.0130	0.7047	77.4754	0.7093	1.9e-04	0.5435
2831	-109.2894	-109.2894	-76.5970	0.7009	77.9120	0.7133	1.9e-04	0.5455
2832	-109.2976	-109.2976	-76.1419	0.6966	78.3487	0.7172	1.9e-04	0.5473
2833	-109.2758	-109.2758	-76.4106	0.6992	78.0923	0.7149	1.9e-04	0.5459
2834	-109.2719	-109.2719	-76.3058	0.6983	78.1635	0.7156	1.9e-04	0.5447
2835	-109.2818	-109.2818	-76.1929	0.6972	78.2900	0.7165	1.9e-04	0.5462
2836	-109.2797	-109.2797	-75.7518	0.6932	78.7305	0.7207	1.9e-04	0.5459
2837	-109.2908	-109.2909	-76.1603	0.6969	78.3433	0.7171	1.9e-04	0.5450
2838	-109.2809	-109.2809	-77.1868	0.7063	77.3086	0.7078	1.9e-04	0.5433
2839	-109.2812	-109.2812	-76.3646	0.6988	78.1319	0.7153	1.9e-04	0.5454
2840	-109.2910	-109.2910	-76.1805	0.6970	78.3389	0.7170	1.9e-04	0.5468
2841	-109.2857	-109.2858	-76.0910	0.6963	78.4158	0.7178	1.9e-04	0.5462
2842	-109.2867	-109.2867	-76.9512	0.7041	77.5721	0.7101	1.9e-04	0.5472
2843	-109.2715	-109.2715	-76.7102	0.7020	77.7076	0.7115	1.9e-04	0.5459
2844	-109.2726	-109.2726	-76.8642	0.7034	77.6277	0.7107	1.9e-04	0.5465
2845	-109.2590	-109.2590	-77.3618	0.7081	77.1142	0.7061	1.9e-04	0.5455
2846	-109.3062	-109.3062	-77.2267	0.7065	77.2936	0.7075	1.9e-04	0.5437
2847	-109.2917	-109.2917	-77.0363	0.7049	77.4671	0.7093	1.9e-04	0.5461
2848	-109.2880	-109.2880	-76.8940	0.7036	77.6165	0.7106	1.9e-04	0.5464
2849	-109.2944	-109.2944	-75.9571	0.6950	78.5372	0.7189	1.9e-04	0.5456
2850	-109.3057	-109.3057	-76.3166	0.6982	78.2015	0.7159	1.9e-04	0.5447
2851	-109.2780	-109.2780	-76.9180	0.7039	77.5944	0.7103	1.9e-04	0.5437
2852	-109.2841	-109.2841	-76.6136	0.7010	77.8939	0.7131	1.9e-04	0.5453
2853	-109.2840	-109.2840	-76.6578	0.7015	77.8558	0.7127	1.9e-04	0.5444
2854	-109.2844	-109.2844	-77.0122	0.7047	77.5046	0.7095	1.9e-04	0.5447
2855	-109.2887	-109.2887	-77.0648	0.7051	77.4383	0.7088	1.9e-04	0.5446
2856	-109.2857	-109.2857	-77.5814	0.7099	76.9355	0.7042	1.9e-04	0.5440
2857	-109.2731	-109.2731	-77.5656	0.7098	76.9325	0.7044	1.9e-04	0.5440
2858	-109.2764	-109.2764	-78.1890	0.7155	76.3048	0.6986	1.9e-04	0.5461
2859	-109.2636	-109.2636	-77.3903	0.7083	77.0958	0.7059	1.9e-04	0.5466
2860	-109.2845	-109.2845	-77.5982	0.7101	76.9089	0.7041	1.9e-04	0.5459
2861	-109.2573	-109.2573	-77.0148	0.7049	77.4749	0.7093	1.9e-04	0.5444
2862	-109.2832	-109.2832	-77.2835	0.7072	77.2323	0.7070	1.9e-04	0.5439
2863	-109.2741	-109.2741	-78.0024	0.7138	76.4824	0.7002	1.9e-04	0.5462
2864	-109.2847	-109.2847	-77.9350	0.7131	76.5593	0.7010	1.9e-04	0.5462
2865	-109.3075	-109.3075	-76.4411	0.6993	78.0949	0.7148	1.9e-04	0.5443
2866	-109.2678	-109.2678	-77.2322	0.7068	77.2618	0.7074	1.9e-04	0.5464
2867	-109.2840	-109.2840	-77.0910	0.7054	77.4336	0.7088	1.9e-04	0.5439
2868	-109.2696	-109.2696	-77.1384	0.7059	77.3541	0.7081	1.9e-04	0.5464
2869	-109.2747	-109.2747	-77.3257	0.7076	77.1724	0.7066	1.9e-04	0.5442
2870	-109.2714	-109.2714	-75.9497	0.6951	78.5331	0.7189	1.9e-04	0.5452
2871	-109.2794	-109.2794	-77.6172	0.7103	76.8855	0.7039	1.9e-04	0.5457
2872	-109.2667	-109.2667	-77.0606	0.7053	77.4284	0.7089	1.9e-04	0.5445
2873	-109.2689	-109.2689	-77.0297	0.7050	77.4744	0.7092	1.9e-04	0.5461
2874	-109.2793	-109.2793	-76.8863	0.7036	77.6191	0.7106	1.9e-04	0.5470
2875	-109.2671	-109.2671	-76.7021	0.7020	77.7836	0.7121	1.9e-04	0.5446
2876	-109.2812	-109.2812	-76.6892	0.7018	77.8095	0.7124	1.9e-04	0.5443
2877	-109.2850	-109.2850	-76.8808	0.7035	77.6391	0.7107	1.9e-04	0.5438
2878	-109.2751	-109.2751	-78.2491	0.7161	76.2262	0.6979	1.9e-04	0.5432
2879	-109.2598	-109.2598	-76.9523	0.7043	77.5370	0.7099	1.9e-04	0.5464
2880	-109.2910	-109.2910	-77.3202	0.7075	77.2066	0.7067	1.9e-04	0.5463
2881	-109.2803	-109.2803	-77.3823	0.7081	77.1239	0.7060	1.9e-04	0.5458
2882	-109.2753	-109.2753	-76.8054	0.7029	77.6945	0.7113	1.9e-04	0.5471
2883	-109.2616	-109.2616	-77.1064	0.7057	77.3725	0.7085	1.9e-04	0.5460
2884	-109.2680	-109.2680	-76.2874	0.6982	78.1961	0.7159	1.9e-04	0.5448
2885	-109.2667	-109.2667	-76.9298	0.7041	77.5650	0.7101	1.9e-04	0.5427
2886	-109.3008	-109.3008	-76.3214	0.6983	78.1476	0.7153	1.9e-04	0.5436
2887	-109.2984	-109.2985	-75.8815	0.6943	78.6273	0.7197	1.9e-04	0.5459
2888	-109.2917	-109.2917	-77.1070	0.7055	77.4034	0.7085	1.9e-04	0.5470
2889	-109.2773	-109.2773	-76.5409	0.7004	77.9428	0.7136	1.9e-04	0.5468
2890	-109.2707	-109.2707	-76.3682	0.6989	78.1287	0.7152	1.9e-04	0.5474
2891	-109.2850	-109.2850	-76.3492	0.6986	78.1515	0.7155	1.9e-04	0.5450
2892	-109.2865	-109.2865	-77.1951	0.7064	77.3262	0.7078	1.9e-04	0.5442
2893	-109.2812	-109.2812	-76.6963	0.7018	77.8095	0.7123	1.9e-04	0.5437
2894	-109.2803	-109.2803	-76.8825	0.7035	77.6248	0.7106	1.9e-04	0.5458
2895	-109.2749	-109.2749	-75.8288	0.6939	78.6547	0.7200	1.9e-04	0.5472
2896	-109.2711	-109.2711	-76.3885	0.6991	78.0944	0.7150	1.9e-04	0.5456
2897	-109.2813	-109.2813	-76.4302	0.6994	78.0774	0.7147	1.9e-04	0.5441
2898	-109.2917	-109.2917	-76.7786	0.7025	77.7149	0.7114	1.9e-04	0.5461
2899	-109.2801	-109.2801	-77.1677	0.7061	77.3439	0.7081	1.9e-04	0.5459
2900	-109.2596	-109.2596	-77.5029	0.7093	76.9490	0.7046	1.9e-04	0.5460
2901	-109.2767	-109.2767	-76.0547	0.6960	78.4290	0.7180	1.9e-04	0.5423
2902	-109.2867	-109.2867	-75.9953	0.6954	78.5053	0.7186	1.9e-04	0.5445
2903	-109.2878	-109.2878	-77.0189	0.7047	77.4934	0.7094	1.9e-04	0.5463
2904	-109.2995	-109.2995	-75.9557	0.6949	78.5336	0.7189	1.9e-04	0.5455
2905	-109.2824	-109.2824	-76.2605	0.6978	78.2486	0.7163	1.9e-04	0.5455
2906	-109.2763	-109.2763	-76.6968	0.7019	77.7893	0.7122	1.9e-04	0.5441
2907	-109.2786	-109.2786	-76.0252	0.6957	78.4650	0.7183	1.9e-04	0.5456
2908	-109.2769	-109.2769	-76.1724	0.6971	78.3263	0.7170	1.9e-04	0.5451
2909	-109.2909	-109.2910	-75.4880	0.6907	78.9932	0.7231	1.9e-04	0.5434
2910	-109.2732	-109.2732	-76.5228	0.7003	77.9644	0.7138	1.9e-04	0.5440
2911	-109.2734	-109.2734	-76.0212	0.6957	78.4580	0.7183	1.9e-04	0.5466
2912	-109.2851	-109.2851	-77.2006	0.7064	77.3188	0.7078	1.9e-04	0.5442
2913	-109.2781	-109.2781	-77.0333	0.7049	77.4760	0.7093	1.9e-04	0.5434
2914	-109.2611	-109.2611	-77.0405	0.7051	77.4366	0.7090	1.9e-04	0.5443
2915	-109.2697	-109.2697	-76.5669	0.7007	77.9072	0.7134	1.9e-04	0.5449
2916	-109.2642	-109.2642	-77.3550	0.7080	77.1372	0.7062	1.9e-04	0.5460
2917	-109.2851	-109.2851	-76.0621	0.6960	78.4351	0.7180	1.9e-04	0.5466
2918	-109.2682	-109.2682	-76.5414	0.7005	77.9462	0.7137	1.9e-04	0.5482
2919	-109.2791	-109.2791	-77.2717	0.7071	77.2173	0.7069	1.9e-04	0.5483
2920	-109.2874	-109.2874	-76.9309	0.7039	77.5906	0.7103	1.9e-04	0.5453
2921	-109.2747	-109.2747	-76.5477	0.7005	77.9540	0.7136	1.9e-04	0.5449
2922	-109.2828	-109.2828	-76.3308	0.6985	78.1677	0.7155	1.9e-04	0.5450
2923	-109.2866	-109.2866	-77.6982	0.7110	76.8268	0.7032	1.9e-04	0.5448
2924	-109.2614	-109.2614	-77.3523	0.7080	77.1054	0.7060	1.9e-04	0.5465
2925	-109.2921	-109.2921	-77.0961	0.7054	77.4335	0.7088	1.9e-04	0.5452
2926	-109.3047	-109.3047	-76.8296	0.7029	77.6767	0.7110	1.9e-04	0.5432
2927	-109.2711	-109.2711	-77.7602	0.7116	76.7127	0.7023	1.9e-04	0.5451
2928	-109.3002	-109.3002	-77.0522	0.7050	77.4699	0.7091	1.9e-04	0.5439
2929	-109.2951	-109.2951	-77.1160	0.7056	77.4211	0.7086	1.9e-04	0.5437
2930	-109.2838	-109.2838	-77.6952	0.7109	76.8112	0.7032	1.9e-04	0.5469
2931	-109.2722	-109.2722	-77.7756	0.7118	76.7282	0.7024	1.9e-04	0.5463
2932	-109.3005	-109.3005	-77.1622	0.7060	77.3597	0.7082	1.9e-04	0.5460
2933	-109.2765	-109.2765	-77.0678	0.7053	77.4451	0.7089	1.9e-04	0.5430
2934	-109.2968	-109.2968	-77.1752	0.7061	77.3491	0.7080	1.9e-04	0.5435
2935	-109.3061	-109.3061	-77.4770	0.7088	77.0703	0.7054	1.9e-04	0.5471
2936	-109.2810	-109.2810	-77.4021	0.7083	77.1034	0.7059	1.9e-04	0.5460
2937	-109.2887	-109.2887	-78.2350	0.7159	76.2692	0.6982	1.9e-04	0.5441
2938	-109.2798	-109.2798	-78.3075	0.7166	76.1930	0.6975	1.9e-04	0.5448
2939	-109.2952	-109.2952	-76.7438	0.7022	77.7886	0.7120	1.9e-04	0.5461
2940	-109.2905	-109.2905	-77.0686	0.7052	77.4479	0.7090	1.9e-04	0.5453
2941	-109.2819	-109.2819	-77.7559	0.7115	76.7518	0.7026	1.9e-04	0.5433
2942	-109.2833	-109.2833	-77.8535	0.7124	76.6531	0.7018	1.9e-04	0.5446
2943	-109.2896	-109.2896	-77.8387	0.7122	76.6857	0.7019	1.9e-04	0.5461
2944	-109.2728	-109.2728	-78.6475	0.7197	75.8028	0.6939	1.9e-04	0.5448
2945	-109.2791	-109.2791	-79.0086	0.7230	75.4608	0.6908	1.9e-04	0.5462
2946	-109.2752	-109.2752	-77.5926	0.7101	76.9219	0.7041	1.9e-04	0.5452
2947	-109.2777	-109.2777	-78.0353	0.7141	76.4527	0.7000	1.9e-04	0.5442
2948	-109.2808	-109.2808	-78.2106	0.7157	76.2756	0.6984	1.9e-04	0.5449
2949	-109.2730	-109.2730	-77.2121	0.7066	77.2434	0.7072	1.9e-04	0.5449
2950	-109.2703	-109.2703	-78.0185	0.7140	76.4748	0.7001	1.9e-04	0.5453
2951	-109.2674	-109.2674	-77.3226	0.7076	77.1760	0.7066	1.9e-04	0.5457
2952	-109.2499	-109.2499	-77.0178	0.7050	77.4630	0.7092	1.9e-04	0.5441
2953	-109.2603	-109.2603	-77.8013	0.7121	76.6754	0.7020	1.9e-04	0.5444
2954	-109.2847	-109.2847	-78.2726	0.7162	76.2356	0.6979	1.9e-04	0.5468
2955	-109.2809	-109.2809	-78.2440	0.7160	76.2566	0.6981	1.9e-04	0.5458
2956	-109.2846	-109.2846	-77.7463	0.7114	76.7564	0.7026	1.9e-04	0.5441
2957	-109.2815	-109.2815	-77.1115	0.7056	77.3940	0.7086	1.9e-04	0.5440
2958	-109.2702	-109.2702	-77.4325	0.7086	77.0670	0.7056	1.9e-04	0.5438
2959	-109.2652	-109.2652	-78.2896	0.7165	76.1935	0.6976	1.9e-04	0.5470
2960	-109.2767	-109.2767	-78.3093	0.7166	76.1776	0.6974	1.9e-04	0.5458
2961	-109.2908	-109.2908	-78.1795	0.7153	76.3334	0.6988	1.9e-04	0.5461
2962	-109.2745	-109.2745	-78.0860	0.7146	76.3978	0.6995	1.9e-04	0.5440
2963	-109.2742	-109.2742	-78.5817	0.7191	75.9014	0.6949	1.9e-04	0.5524
2964	-109.2660	-109.2660	-78.6055	0.7194	75.8677	0.6946	1.9e-04	0.5447
2965	-109.2923	-109.2923	-77.9605	0.7133	76.5489	0.7008	1.9e-04	0.5436
2966	-109.2940	-109.2940	-77.2219	0.7066	77.3044	0.7076	1.9e-04	0.5473
2967	-109.2834	-109.2834	-77.7595	0.7115	76.7527	0.7026	1.9e-04	0.5466
2968	-109.2604	-109.2604	-78.6672	0.7200	75.7966	0.6940	1.9e-04	0.5461
2969	-109.2800	-109.2800	-79.2442	0.7251	75.2150	0.6886	1.9e-04	0.5442
2970	-109.2672	-109.2672	-78.4570	0.7180	76.0200	0.6960	1.9e-04	0.5447
2971	-109.2608	-109.2608	-78.0460	0.7143	76.4312	0.6998	1.9e-04	0.5452
2972	-109.2885	-109.2885	-77.6505	0.7105	76.8457	0.7036	1.9e-04	0.5483
2973	-109.2711	-109.2711	-78.5806	0.7191	75.8953	0.6949	1.9e-04	0.5434
2974	-109.2709	-109.2709	-77.6378	0.7105	76.8615	0.7036	1.9e-04	0.5444
2975	-109.2834	-109.2834	-78.1653	0.7153	76.3320	0.6988	1.9e-04	0.5457
2976	-109.2798	-109.2798	-77.2046	0.7065	77.2989	0.7077	1.9e-04	0.5447
2977	-109.2961	-109.2961	-76.6588	0.7014	77.8551	0.7127	1.9e-04	0.5462
2978	-109.2826	-109.2826	-77.4064	0.7083	77.0878	0.7058	1.9e-04	0.5450
2979	-109.2764	-109.2764	-77.0254	0.7049	77.4697	0.7092	1.9e-04	0.5465
2980	-109.2812	-109.2812	-77.6104	0.7102	76.8904	0.7039	1.9e-04	0.5463
2981	-109.2709	-109.2709	-76.4705	0.6998	78.0115	0.7143	1.9e-04	0.5432
2982	-109.2820	-109.2820	-77.1672	0.7061	77.3267	0.7079	1.9e-04	0.5453
2983	-109.2893	-109.2893	-77.4069	0.7083	77.1104	0.7059	1.9e-04	0.5439
2984	-109.2666	-109.2666	-76.0249	0.6958	78.4443	0.7181	1.9e-04	0.5463
2985	-109.2807	-109.2808	-75.7650	0.6933	78.7104	0.7206	1.9e-04	0.5473
2986	-109.2759	-109.2759	-76.3699	0.6989	78.1255	0.7152	1.9e-04	0.5477
2987	-109.2806	-109.2806	-76.6921	0.7018	77.8203	0.7124	1.9e-04	0.5460
2988	-109.3122	-109.3122	-76.0412	0.6956	78.4742	0.7183	1.9e-04	0.5467
2989	-109.2805	-109.2805	-76.2840	0.6981	78.2087	0.7160	1.9e-04	0.5436
2990	-109.2764	-109.2765	-75.6891	0.6926	78.7774	0.7211	1.9e-04	0.5438
2991	-109.2647	-109.2647	-76.2530	0.6979	78.2184	0.7162	1.9e-04	0.5477
2992	-109.2728	-109.2728	-76.0570	0.6960	78.4049	0.7179	1.9e-04	0.5469
2993	-109.2738	-109.2738	-76.5370	0.7004	77.9523	0.7137	1.9e-04	0.5466
2994	-109.2856	-109.2856	-76.6849	0.7017	77.8211	0.7125	1.9e-04	0.5472
2995	-109.2754	-109.2754	-77.1881	0.7064	77.3020	0.7078	1.9e-04	0.5468
2996	-109.2571	-109.2571	-76.6643	0.7017	77.8127	0.7125	1.9e-04	0.5460
2997	-109.2606	-109.2606	-76.6845	0.7018	77.7968	0.7123	1.9e-04	0.5433
2998	-109.2580	-109.2580	-76.2321	0.6977	78.2300	0.7163	1.9e-04	0.5442
2999	-109.2720	-109.2721	-76.0219	0.6957	78.4660	0.7183	1.9e-04	0.5458
3000	-109.2744	-109.2744	-76.7356	0.7022	77.7577	0.7119	1.9e-04	0.5474
3001	-109.2872	-109.2872	-76.1356	0.6967	78.3625	0.7174	1.9e-04	0.5428
3002	-109.2835	-109.2835	-77.0426	0.7050	77.4626	0.7092	1.9e-04	0.5465
3003	-109.2839	-109.2839	-75.8267	0.6939	78.6599	0.7201	1.9e-04	0.5467
3004	-109.2782	-109.2782	-75.8097	0.6937	78.6652	0.7202	1.9e-04	0.5466
3005	-109.2785	-109.2786	-75.8370	0.6940	78.6415	0.7200	1.9e-04	0.5441
3006	-109.2659	-109.2659	-76.7579	0.7025	77.7117	0.7115	1.9e-04	0.5431
3007	-109.2736	-109.2736	-76.1136	0.6965	78.3255	0.7171	1.9e-04	0.5462
3008	-109.2915	-109.2915	-76.8644	0.7033	77.6387	0.7107	1.9e-04	0.5469
3009	-109.2955	-109.2955	-76.7824	0.7025	77.7489	0.7117	1.9e-04	0.5456
3010	-109.2771	-109.2771	-76.5891	0.7009	77.8740	0.7130	1.9e-04	0.5451
3011	-109.2790	-109.2790	-76.5663	0.7006	77.9206	0.7134	1.9e-04	0.5451
3012	-109.2747	-109.2747	-76.6435	0.7014	77.8299	0.7126	1.9e-04	0.5470
3013	-109.2768	-109.2768	-77.4809	0.7090	77.0098	0.7050	1.9e-04	0.5458
3014	-109.2809	-109.2809	-76.5519	0.7005	77.9235	0.7134	1.9e-04	0.5459
3015	-109.3017	-109.3017	-76.8198	0.7028	77.7099	0.7113	1.9e-04	0.5472
3016	-109.2912	-109.2912	-77.3994	0.7082	77.1169	0.7060	1.9e-04	0.5448
3017	-109.3113	-109.3113	-76.3299	0.6983	78.2116	0.7158	1.9e-04	0.5461
3018	-109.2891	-109.2891	-76.8824	0.7035	77.6340	0.7107	1.9e-04	0.5454
3019	-109.2723	-109.2723	-77.3215	0.7076	77.1747	0.7066	1.9e-04	0.5445
3020	-109.2962	-109.2962	-77.5582	0.7096	76.9644	0.7046	1.9e-04	0.5449
3021	-109.2765	-109.2766	-75.9516	0.6950	78.5194	0.7188	1.9e-04	0.5455
3022	-109.2795	-109.2796	-75.7010	0.6927	78.7575	0.7211	1.9e-04	0.5465
3023	-109.2725	-109.2725	-76.4571	0.6997	78.0164	0.7143	1.9e-04	0.5436
3024	-109.2871	-109.2871	-76.7513	0.7023	77.7616	0.7119	1.9e-04	0.5438
3025	-109.2710	-109.2710	-76.9623	0.7043	77.5357	0.7099	1.9e-04	0.5452
3026	-109.2809	-109.2810	-76.1397	0.6967	78.3630	0.7173	1.9e-04	0.5468
3027	-109.2922	-109.2922	-76.8234	0.7029	77.6991	0.7113	1.9e-04	0.5464
3028	-109.2853	-109.2853	-76.5723	0.7007	77.9361	0.7135	1.9e-04	0.5450
3029	-109.2767	-109.2767	-76.1408	0.6968	78.3312	0.7172	1.9e-04	0.5439
3030	-109.3147	-109.3148	-75.1300	0.6873	79.3570	0.7263	1.9e-04	0.5453
3031	-109.2697	-109.2697	-77.0000	0.7047	77.4774	0.7094	1.9e-04	0.5467
3032	-109.2855	-109.2855	-77.0464	0.7050	77.4639	0.7092	1.9e-04	0.5469
3033	-109.2909	-109.2909	-77.4000	0.7082	77.0868	0.7058	1.9e-04	0.5463
3034	-109.2757	-109.2757	-76.3506	0.6987	78.1504	0.7154	1.9e-04	0.5457
3035	-109.2993	-109.2993	-76.3238	0.6983	78.1974	0.7158	1.9e-04	0.5441
3036	-109.2783	-109.2783	-76.9153	0.7038	77.5927	0.7103	1.9e-04	0.5445
3037	-109.2705	-109.2705	-76.9932	0.7046	77.5073	0.7096	1.9e-04	0.5457
3038	-109.2831	-109.2831	-77.7533	0.7115	76.7361	0.7025	1.9e-04	0.5452
3039	-109.3000	-109.3000	-75.9453	0.6948	78.5464	0.7190	1.9e-04	0.5454
3040	-109.2659	-109.2659	-76.4984	0.7001	77.9786	0.7140	1.9e-04	0.5446
3041	-109.2977	-109.2977	-76.9732	0.7043	77.5455	0.7099	1.9e-04	0.5449
3042	-109.2923	-109.2923	-77.5763	0.7098	76.9369	0.7042	1.9e-04	0.5449
3043	-109.2839	-109.2839	-76.7742	0.7025	77.7302	0.7116	1.9e-04	0.5471
3044	-109.2832	-109.2832	-77.7515	0.7115	76.7429	0.7025	1.9e-04	0.5467
3045	-109.2739	-109.2739	-77.3355	0.7077	77.1718	0.7065	1.9e-04	0.5433
3046	-109.2842	-109.2842	-76.5327	0.7003	77.9717	0.7138	1.9e-04	0.5441
3047	-109.2865	-109.2865	-76.6029	0.7009	77.9080	0.7132	1.9e-04	0.5462
3048	-109.2758	-109.2758	-76.7603	0.7024	77.7335	0.7117	1.9e-04	0.5463
3049	-109.2651	-109.2651	-76.9219	0.7040	77.5770	0.7102	1.9e-04	0.5449
3050	-109.2841	-109.2841	-77.2628	0.7070	77.2482	0.7072	1.9e-04	0.5447
3051	-109.2918	-109.2918	-76.6133	0.7010	77.9012	0.7132	1.9e-04	0.5462
3052	-109.2698	-109.2698	-77.3009	0.7074	77.1959	0.7067	1.9e-04	0.5442
3053	-109.2973	-109.2973	-76.7951	0.7026	77.7294	0.7115	1.9e-04	0.5442
3054	-109.2938	-109.2938	-77.8523	0.7123	76.6625	0.7018	1.9e-04	0.5450
3055	-109.2923	-109.2923	-77.1253	0.7057	77.3983	0.7085	1.9e-04	0.5462
3056	-109.2860	-109.2860	-78.0513	0.7142	76.4496	0.6999	1.9e-04	0.5462
3057	-109.2733	-109.2733	-77.6394	0.7105	76.8518	0.7037	1.9e-04	0.5451
3058	-109.2725	-109.2725	-77.1838	0.7063	77.3194	0.7078	1.9e-04	0.5449
3059	-109.2786	-109.2786	-77.8162	0.7121	76.6814	0.7021	1.9e-04	0.5451
3060	-109.2924	-109.2924	-77.3926	0.7081	77.1142	0.7059	1.9e-04	0.5465
3061	-109.2838	-109.2838	-77.1401	0.7059	77.3665	0.7083	1.9e-04	0.5453
3062	-109.2847	-109.2847	-77.3963	0.7082	77.1196	0.7060	1.9e-04	0.5441
3063	-109.2705	-109.2705	-77.3737	0.7081	77.1224	0.7061	1.9e-04	0.5453
3064	-109.2723	-109.2723	-77.8632	0.7126	76.6296	0.7016	1.9e-04	0.5446
3065	-109.2916	-109.2916	-75.9362	0.6948	78.5480	0.7190	1.9e-04	0.5443
3066	-109.2667	-109.2667	-77.6824	0.7109	76.7976	0.7032	1.9e-04	0.5467
3067	-109.2663	-109.2663	-77.3541	0.7079	77.1389	0.7062	1.9e-04	0.5464
3068	-109.2672	-109.2672	-78.2915	0.7165	76.1790	0.6975	1.9e-04	0.5443
3069	-109.2780	-109.2780	-77.5211	0.7094	76.9440	0.7045	1.9e-04	0.5428
3070	-109.2732	-109.2732	-78.0310	0.7141	76.4471	0.7000	1.9e-04	0.5437
3071	-109.2705	-109.2705	-77.1097	0.7057	77.3625	0.7084	1.9e-04	0.5467
3072	-109.2730	-109.2730	-76.7396	0.7023	77.7504	0.7118	1.9e-04	0.5474
3073	-109.2829	-109.2829	-77.5908	0.7100	76.8997	0.7041	1.9e-04	0.5455
3074	-109.2971	-109.2971	-77.2752	0.7070	77.2530	0.7072	1.9e-04	0.5467
3075	-109.2720	-109.2721	-75.5686	0.6916	78.8681	0.7220	1.9e-04	0.5488
3076	-109.2818	-109.2818	-76.6679	0.7016	77.8162	0.7124	1.9e-04	0.5452
3077	-109.2739	-109.2739	-76.1106	0.6965	78.3724	0.7175	1.9e-04	0.5434
3078	-109.2945	-109.2945	-76.4993	0.6999	78.0218	0.7142	1.9e-04	0.5473
3079	-109.2735	-109.2735	-76.7329	0.7022	77.7656	0.7120	1.9e-04	0.5469
3080	-109.2682	-109.2682	-75.6394	0.6922	78.8293	0.7216	1.9e-04	0.5459
3081	-109.2760	-109.2760	-76.7993	0.7028	77.6946	0.7114	1.9e-04	0.5454
3082	-109.2699	-109.2699	-76.2790	0.6981	78.2003	0.7160	1.9e-04	0.5452
3083	-109.2625	-109.2625	-76.1884	0.6973	78.2774	0.7167	1.9e-04	0.5447
3084	-109.2640	-109.2641	-76.1802	0.6972	78.3049	0.7169	1.9e-04	0.5458
3085	-109.2842	-109.2842	-76.3760	0.6989	78.1154	0.7152	1.9e-04	0.5419
3086	-109.2998	-109.2998	-75.9667	0.6950	78.5285	0.7188	1.9e-04	0.5431
3087	-109.2702	-109.2702	-77.0194	0.7049	77.4843	0.7094	1.9e-04	0.5469
3088	-109.2780	-109.2780	-76.3209	0.6984	78.1718	0.7157	1.9e-04	0.5441
3089	-109.2723	-109.2724	-75.8765	0.6944	78.5938	0.7195	1.9e-04	0.5473
3090	-109.2904	-109.2904	-76.2147	0.6974	78.2899	0.7166	1.9e-04	0.5490
3091	-109.2812	-109.2812	-76.4377	0.6995	78.0463	0.7147	1.9e-04	0.5452
3092	-109.2758	-109.2759	-76.0183	0.6957	78.4491	0.7182	1.9e-04	0.5447
3093	-109.2915	-109.2915	-76.2859	0.6980	78.2070	0.7159	1.9e-04	0.5451
3094	-109.2779	-109.2779	-76.0066	0.6955	78.4669	0.7184	1.9e-04	0.5440
3095	-109.2701	-109.2702	-75.7201	0.6930	78.7449	0.7210	1.9e-04	0.5455
3096	-109.2776	-109.2777	-75.5956	0.6918	78.8753	0.7220	1.9e-04	0.5467
3097	-109.2808	-109.2808	-76.3630	0.6988	78.1151	0.7152	1.9e-04	0.5438
3098	-109.2766	-109.2766	-75.8402	0.6940	78.5864	0.7195	1.9e-04	0.5434
3099	-109.2805	-109.2805	-76.3304	0.6985	78.1652	0.7156	1.9e-04	0.5445
3100	-109.2860	-109.2860	-77.3714	0.7080	77.1320	0.7062	1.9e-04	0.5460
3101	-109.2982	-109.2983	-76.0227	0.6956	78.4883	0.7185	1.9e-04	0.5429
3102	-109.2555	-109.2555	-76.9701	0.7045	77.5107	0.7097	1.9e-04	0.5450
3103	-109.2825	-109.2825	-76.6805	0.7017	77.8090	0.7124	1.9e-04	0.5444
3104	-109.2786	-109.2786	-75.7094	0.6928	78.7677	0.7211	1.9e-04	0.5434
3105	-109.2936	-109.2938	-74.8037	0.6844	79.6444	0.7291	1.9e-04	0.5451
3106	-109.2767	-109.2767	-75.7514	0.6932	78.7267	0.7207	1.9e-04	0.5456
3107	-109.2734	-109.2734	-75.7616	0.6933	78.7160	0.7206	1.9e-04	0.5467
3108	-109.2732	-109.2732	-76.7181	0.7021	77.7572	0.7119	1.8e-04	0.5460
3109	-109.2852	-109.2852	-76.1129	0.6965	78.3823	0.7175	1.8e-04	0.5448
3110	-109.2742	-109.2742	-76.7985	0.7028	77.7045	0.7114	1.8e-04	0.5441
3111	-109.2856	-109.2857	-75.6403	0.6921	78.8442	0.7217	1.8e-04	0.5461
3112	-109.2824	-109.2824	-76.2917	0.6981	78.2182	0.7160	1.8e-04	0.5470
3113	-109.2617	-109.2617	-75.9601	0.6952	78.5053	0.7188	1.8e-04	0.5469
3114	-109.2675	-109.2675	-76.0944	0.6964	78.3796	0.7176	1.8e-04	0.5460
3115	-109.2775	-109.2775	-76.6170	0.7011	77.8802	0.7130	1.8e-04	0.5446
3116	-109.2687	-109.2687	-75.9580	0.6951	78.5131	0.7189	1.8e-04	0.5442
3117	-109.2862	-109.2862	-76.4574	0.6996	78.0426	0.7145	1.8e-04	0.5444
3118	-109.2752	-109.2752	-76.7482	0.7023	77.7343	0.7117	1.8e-04	0.5452
3119	-109.2889	-109.2889	-76.6660	0.7015	77.8582	0.7127	1.8e-04	0.5474
3120	-109.2672	-109.2672	-76.4701	0.6998	78.0039	0.7142	1.8e-04	0.5454
3121	-109.2783	-109.2783	-76.6458	0.7014	77.8640	0.7128	1.8e-04	0.5439
3122	-109.2840	-109.2840	-75.8593	0.6941	78.6223	0.7198	1.8e-04	0.5447
3123	-109.2871	-109.2871	-77.3734	0.7080	77.1479	0.7062	1.8e-04	0.5462
3124	-109.2711	-109.2711	-76.3596	0.6988	78.1225	0.7153	1.8e-04	0.5443
3125	-109.2714	-109.2714	-77.1508	0.7060	77.3468	0.7082	1.8e-04	0.5442
3126	-109.2605	-109.2605	-77.2646	0.7072	77.2333	0.7071	1.8e-04	0.5442
3127	-109.2895	-109.2895	-77.4118	0.7083	77.1067	0.7059	1.8e-04	0.5454
3128	-109.2686	-109.2686	-77.0486	0.7051	77.4213	0.7087	1.8e-04	0.5462
3129	-109.2803	-109.2803	-75.9697	0.6952	78.5057	0.7187	1.8e-04	0.5443
3130	-109.2832	-109.2832	-76.9827	0.7044	77.5300	0.7098	1.8e-04	0.5436
3131	-109.2731	-109.2731	-76.4659	0.6998	78.0193	0.7144	1.8e-04	0.5476
3132	-109.2719	-109.2719	-77.5569	0.7098	76.9326	0.7044	1.8e-04	0.5464
3133	-109.2921	-109.2921	-78.0403	0.7141	76.4524	0.7000	1.8e-04	0.5428
3134	-109.2757	-109.2757	-76.9223	0.7039	77.5708	0.7102	1.8e-04	0.5431
3135	-109.2878	-109.2878	-76.9665	0.7043	77.5414	0.7099	1.8e-04	0.5461
3136	-109.2692	-109.2692	-76.6298	0.7013	77.8303	0.7126	1.8e-04	0.5458
3137	-109.2864	-109.2864	-76.2681	0.6979	78.2406	0.7162	1.8e-04	0.5442
3138	-109.2770	-109.2770	-77.6955	0.7110	76.7944	0.7031	1.8e-04	0.5444
3139	-109.2851	-109.2851	-77.3525	0.7078	77.1602	0.7064	1.8e-04	0.5445
3140	-109.2731	-109.2731	-77.1340	0.7059	77.3615	0.7082	1.8e-04	0.5439
3141	-109.2612	-109.2612	-76.8531	0.7034	77.6166	0.7107	1.8e-04	0.5434
3142	-109.2943	-109.2943	-75.8176	0.6937	78.6354	0.7199	1.8e-04	0.5455
3143	-109.2994	-109.2995	-75.7506	0.6931	78.7563	0.7208	1.8e-04	0.5481
3144	-109.2716	-109.2716	-76.1021	0.6964	78.3741	0.7176	1.8e-04	0.5467
3145	-109.2703	-109.2703	-76.7833	0.7027	77.6979	0.7113	1.8e-04	0.5439
3146	-109.2703	-109.2703	-76.4803	0.6999	77.9989	0.7141	1.8e-04	0.5447
3147	-109.2725	-109.2725	-76.9450	0.7042	77.5523	0.7100	1.8e-04	0.5475
3148	-109.2674	-109.2674	-76.5492	0.7006	77.9361	0.7136	1.8e-04	0.5468
3149	-109.2820	-109.2820	-76.4660	0.6997	78.0266	0.7144	1.8e-04	0.5430
3150	-109.2603	-109.2603	-75.9049	0.6947	78.5482	0.7193	1.8e-04	0.5455
3151	-109.2855	-109.2855	-77.4714	0.7089	77.0235	0.7051	1.8e-04	0.5460
3152	-109.2668	-109.2668	-76.0365	0.6959	78.4566	0.7181	1.8e-04	0.5451
3153	-109.2828	-109.2828	-76.0095	0.6955	78.4559	0.7183	1.8e-04	0.5451
3154	-109.2803	-109.2804	-75.3857	0.6898	79.0773	0.7239	1.8e-04	0.5438
3155	-109.2481	-109.2481	-76.8447	0.7034	77.6314	0.7108	1.8e-04	0.5459
3156	-109.2860	-109.2861	-75.8076	0.6937	78.6819	0.7203	1.8e-04	0.5466
3157	-109.2817	-109.2818	-76.1416	0.6967	78.3440	0.7172	1.8e-04	0.5439
3158	-109.2602	-109.2602	-76.4177	0.6994	78.0591	0.7147	1.8e-04	0.5426
3159	-109.2589	-109.2589	-76.2477	0.6979	78.2111	0.7161	1.8e-04	0.5471
3160	-109.3051	-109.3051	-76.3013	0.6981	78.2199	0.7160	1.8e-04	0.5459
3161	-109.2798	-109.2798	-75.8967	0.6945	78.5872	0.7195	1.8e-04	0.5445
3162	-109.2698	-109.2698	-77.3537	0.7079	77.1423	0.7063	1.8e-04	0.5449
3163	-109.2815	-109.2815	-76.4394	0.6995	78.0573	0.7146	1.8e-04	0.5454
3164	-109.2521	-109.2522	-75.4002	0.6901	79.0029	0.7234	1.8e-04	0.5437
3165	-109.2672	-109.2672	-76.9245	0.7040	77.5707	0.7102	1.8e-04	0.5453
3166	-109.2756	-109.2756	-76.1960	0.6973	78.3018	0.7168	1.8e-04	0.5425
3167	-109.2905	-109.2905	-76.3635	0.6987	78.1469	0.7154	1.8e-04	0.5479
3168	-109.2747	-109.2747	-75.8683	0.6943	78.6079	0.7197	1.8e-04	0.5454
3169	-109.2713	-109.2713	-76.1502	0.6969	78.3310	0.7172	1.8e-04	0.5446
3170	-109.2794	-109.2794	-75.9210	0.6947	78.5539	0.7192	1.8e-04	0.5465
3171	-109.2810	-109.2810	-76.6827	0.7017	77.8149	0.7125	1.8e-04	0.5445
3172	-109.2682	-109.2682	-77.4782	0.7091	77.0208	0.7051	1.8e-04	0.5461
3173	-109.2783	-109.2783	-76.6411	0.7013	77.8622	0.7128	1.8e-04	0.5435
3174	-109.2703	-109.2703	-76.0476	0.6960	78.4330	0.7181	1.8e-04	0.5441
3175	-109.2796	-109.2797	-75.5541	0.6914	78.9044	0.7223	1.8e-04	0.5462
3176	-109.2523	-109.2523	-76.3753	0.6991	78.0859	0.7150	1.8e-04	0.5458
3177	-109.2883	-109.2884	-75.6436	0.6921	78.8562	0.7217	1.8e-04	0.5442
3178	-109.2754	-109.2754	-77.1138	0.7057	77.3785	0.7085	1.8e-04	0.5454
3179	-109.2658	-109.2658	-77.4313	0.7087	77.0454	0.7055	1.8e-04	0.5449
3180	-109.2916	-109.2916	-76.1635	0.6969	78.3374	0.7172	1.8e-04	0.5463
3181	-109.2855	-109.2856	-75.8010	0.6936	78.6946	0.7204	1.8e-04	0.5435
3182	-109.2704	-109.2704	-76.5519	0.7006	77.9180	0.7133	1.8e-04	0.5433
3183	-109.2822	-109.2822	-76.8924	0.7036	77.6280	0.7106	1.8e-04	0.5463
3184	-109.2875	-109.2875	-76.9800	0.7044	77.5338	0.7098	1.8e-04	0.5471
3185	-109.2857	-109.2857	-76.2733	0.6979	78.2133	0.7160	1.8e-04	0.5440
3186	-109.2875	-109.2875	-77.2982	0.7073	77.2208	0.7069	1.8e-04	0.5445
3187	-109.2910	-109.2910	-77.7704	0.7116	76.7533	0.7026	1.8e-04	0.5461
3188	-109.2757	-109.2757	-77.8667	0.7126	76.6298	0.7016	1.8e-04	0.5460
3189	-109.2822	-109.2822	-78.4815	0.7182	76.0118	0.6959	1.8e-04	0.5441
3190	-109.2936	-109.2936	-77.6451	0.7104	76.8671	0.7036	1.8e-04	0.5436
3191	-109.2923	-109.2923	-77.6516	0.7105	76.8774	0.7037	1.8e-04	0.5449
3192	-109.2875	-109.2875	-77.4090	0.7083	77.1014	0.7058	1.8e-04	0.5450
3193	-109.2639	-109.2639	-76.9008	0.7038	77.5749	0.7102	1.8e-04	0.5455
3194	-109.2820	-109.2820	-76.6729	0.7016	77.8351	0.7125	1.8e-04	0.5436
3195	-109.2822	-109.2822	-76.8472	0.7032	77.6761	0.7110	1.8e-04	0.5438
3196	-109.2561	-109.2561	-76.6757	0.7018	77.7974	0.7123	1.8e-04	0.5452
3197	-109.2790	-109.2790	-77.0440	0.7050	77.4658	0.7092	1.8e-04	0.5454
3198	-109.2825	-109.2825	-78.2507	0.7160	76.2375	0.6980	1.8e-04	0.5433
3199	-109.2684	-109.2684	-76.8889	0.7037	77.6106	0.7105	1.8e-04	0.5457
3200	-109.2762	-109.2762	-78.5926	0.7192	75.8864	0.6948	1.8e-04	0.5447
3201	-109.2840	-109.2840	-78.4465	0.7178	76.0421	0.6962	1.8e-04	0.5424
3202	-109.2733	-109.2733	-77.7554	0.7116	76.7374	0.7025	1.8e-04	0.5446
3203	-109.2843	-109.2843	-77.9575	0.7133	76.5137	0.7005	1.8e-04	0.5442
3204	-109.2893	-109.2893	-77.4230	0.7084	77.0868	0.7056	1.8e-04	0.5472
3205	-109.2888	-109.2888	-78.1603	0.7152	76.3384	0.6989	1.8e-04	0.5429
3206	-109.2815	-109.2815	-78.2725	0.7162	76.2283	0.6978	1.8e-04	0.5440
3207	-109.2795	-109.2795	-79.5999	0.7284	74.8309	0.6850	1.8e-04	0.5474
3208	-109.2658	-109.2658	-78.4992	0.7184	75.9577	0.6954	1.8e-04	0.5446
3209	-109.2813	-109.2813	-78.3500	0.7170	76.1368	0.6971	1.8e-04	0.5439
3210	-109.2843	-109.2843	-78.6876	0.7200	75.7918	0.6939	1.8e-04	0.5447
3211	-109.2668	-109.2668	-77.9221	0.7131	76.5723	0.7010	1.8e-04	0.5462
3212	-109.2832	-109.2832	-78.1396	0.7150	76.3564	0.6991	1.8e-04	0.5467
3213	-109.2940	-109.2940	-77.7140	0.7111	76.7909	0.7031	1.8e-04	0.5447
3214	-109.2792	-109.2792	-78.1732	0.7154	76.3239	0.6988	1.8e-04	0.5425
3215	-109.2767	-109.2767	-78.1073	0.7148	76.3602	0.6992	1.8e-04	0.5446
3216	-109.2824	-109.2824	-79.0825	0.7237	75.3860	0.6901	1.8e-04	0.5459
3217	-109.2852	-109.2852	-78.2701	0.7162	76.1867	0.6975	1.8e-04	0.5456
3218	-109.2720	-109.2720	-77.9628	0.7135	76.5295	0.7007	1.8e-04	0.5462
3219	-109.2791	-109.2791	-77.9452	0.7133	76.5409	0.7009	1.8e-04	0.5455
3220	-109.2841	-109.2841	-77.6421	0.7105	76.8798	0.7037	1.8e-04	0.5443
3221	-109.2696	-109.2696	-77.5699	0.7099	76.9247	0.7043	1.8e-04	0.5430
3222	-109.2744	-109.2744	-77.4580	0.7088	77.0397	0.7053	1.8e-04	0.5456
3223	-109.2602	-109.2602	-78.8691	0.7218	75.5868	0.6920	1.8e-04	0.5464
3224	-109.2841	-109.2841	-77.5674	0.7098	76.9352	0.7044	1.8e-04	0.5443
3225	-109.3011	-109.3011	-78.4484	0.7177	76.0633	0.6963	1.8e-04	0.5440
3226	-109.2685	-109.2685	-77.6340	0.7105	76.8593	0.7037	1.8e-04	0.5441
3227	-109.2895	-109.2895	-77.7595	0.7115	76.7641	0.7027	1.8e-04	0.5450
3228	-109.2779	-109.2779	-77.2305	0.7067	77.2512	0.7073	1.8e-04	0.5462
3229	-109.2749	-109.2749	-78.6507	0.7198	75.8125	0.6941	1.8e-04	0.5448
3230	-109.2882	-109.2882	-78.3390	0.7168	76.1579	0.6972	1.8e-04	0.5432
3231	-109.2948	-109.2948	-77.6343	0.7103	76.8918	0.7039	1.8e-04	0.5440
3232	-109.2686	-109.2686	-78.4355	0.7178	76.0319	0.6961	1.8e-04	0.5465
3233	-109.2881	-109.2881	-78.4747	0.7181	76.0355	0.6960	1.8e-04	0.5459
3234	-109.2871	-109.2871	-78.1861	0.7154	76.3113	0.6987	1.8e-04	0.5443
3235	-109.2897	-109.2897	-78.0044	0.7137	76.4947	0.7003	1.8e-04	0.5449
3236	-109.3180	-109.3180	-78.1988	0.7153	76.3415	0.6988	1.8e-04	0.5471
3237	-109.2783	-109.2783	-77.3429	0.7078	77.1646	0.7065	1.8e-04	0.5433
3238	-109.2841	-109.2841	-77.4140	0.7084	77.1023	0.7058	1.8e-04	0.5434
3239	-109.2765	-109.2765	-77.4881	0.7091	77.0077	0.7050	1.8e-04	0.5449
3240	-109.3031	-109.3031	-78.3724	0.7170	76.1388	0.6971	1.8e-04	0.5463
3241	-109.2728	-109.2728	-78.3050	0.7166	76.1591	0.6972	1.8e-04	0.5445
3242	-109.2827	-109.2827	-78.2219	0.7158	76.2659	0.6983	1.8e-04	0.5446
3243	-109.2832	-109.2832	-78.2455	0.7160	76.2543	0.6981	1.8e-04	0.5460
3244	-109.2766	-109.2766	-78.3375	0.7169	76.1494	0.6972	1.8e-04	0.5458
3245	-109.2753	-109.2753	-76.8822	0.7036	77.6168	0.7106	1.8e-04	0.5433
3246	-109.2944	-109.2944	-77.3369	0.7076	77.1754	0.7066	1.8e-04	0.5455
3247	-109.2435	-109.2435	-77.9385	0.7134	76.5160	0.7007	1.8e-04	0.5464
3248	-109.2871	-109.2871	-77.6715	0.7107	76.8526	0.7034	1.8e-04	0.5469
3249	-109.2845	-109.2845	-78.5241	0.7185	75.9566	0.6955	1.8e-04	0.5462
3250	-109.2900	-109.2900	-77.5717	0.7098	76.9412	0.7044	1.8e-04	0.5460
3251	-109.2888	-109.2888	-77.5667	0.7097	76.9509	0.7044	1.8e-04	0.5451
3252	-109.2757	-109.2757	-78.1572	0.7152	76.3326	0.6989	1.8e-04	0.5440
3253	-109.2771	-109.2771	-78.8319	0.7214	75.6251	0.6925	1.8e-04	0.5432
3254	-109.2909	-109.2909	-77.5336	0.7094	76.9875	0.7048	1.8e-04	0.5450
3255	-109.2799	-109.2799	-77.8973	0.7128	76.6024	0.7013	1.8e-04	0.5463
3256	-109.2680	-109.2680	-78.2314	0.7160	76.2498	0.6981	1.8e-04	0.5444
3257	-109.2890	-109.2890	-77.9777	0.7135	76.5211	0.7005	1.8e-04	0.5439
3258	-109.2839	-109.2839	-78.4211	0.7176	76.0662	0.6964	1.8e-04	0.5446
3259	-109.2765	-109.2765	-78.1217	0.7149	76.3792	0.6992	1.8e-04	0.5464
3260	-109.2799	-109.2799	-78.3233	0.7167	76.1535	0.6973	1.8e-04	0.5463
3261	-109.2575	-109.2575	-77.2096	0.7067	77.2445	0.7072	1.8e-04	0.5443
3262	-109.2662	-109.2662	-78.2216	0.7159	76.2485	0.6982	1.8e-04	0.5433
3263	-109.2868	-109.2868	-76.9480	0.7041	77.5650	0.7100	1.8e-04	0.5450
3264	-109.2660	-109.2660	-78.9973	0.7230	75.4424	0.6908	1.8e-04	0.5457
3265	-109.2870	-109.2870	-77.7365	0.7113	76.7744	0.7029	1.8e-04	0.5463
3266	-109.2736	-109.2736	-77.5349	0.7095	76.9488	0.7045	1.8e-04	0.5467
3267	-109.2799	-109.2799	-78.1166	0.7148	76.3812	0.6993	1.8e-04	0.5440
3268	-109.2533	-109.2533	-77.4180	0.7086	77.0579	0.7055	1.8e-04	0.5446
3269	-109.2851	-109.2851	-78.6335	0.7195	75.8560	0.6944	1.8e-04	0.5438
3270	-109.2820	-109.2820	-76.6731	0.7016	77.8376	0.7126	1.8e-04	0.5453
3271	-109.2976	-109.2976	-78.5553	0.7187	75.9543	0.6952	1.8e-04	0.5437
3272	-109.2855	-109.2855	-78.0867	0.7145	76.4235	0.6996	1.8e-04	0.5437
3273	-109.2750	-109.2750	-78.5992	0.7193	75.8846	0.6947	1.8e-04	0.5462
3274	-109.2835	-109.2835	-78.1379	0.7150	76.3532	0.6991	1.8e-04	0.5450
3275	-109.2702	-109.2702	-77.8914	0.7128	76.6054	0.7013	1.8e-04	0.5462
3276	-109.2784	-109.2784	-77.5380	0.7095	76.9579	0.7046	1.8e-04	0.5451
3277	-109.2738	-109.2738	-78.2525	0.7161	76.2252	0.6980	1.8e-04	0.5440
3278	-109.2639	-109.2639	-78.8913	0.7220	75.5524	0.6918	1.8e-04	0.5451
3279	-109.2778	-109.2778	-79.3906	0.7265	75.0493	0.6871	1.8e-04	0.5452
3280	-109.2883	-109.2883	-78.2148	0.7157	76.2737	0.6984	1.8e-04	0.5476
3281	-109.2752	-109.2752	-78.3030	0.7166	76.1559	0.6973	1.8e-04	0.5472
3282	-109.2778	-109.2778	-77.5590	0.7097	76.9397	0.7044	1.8e-04	0.5455
3283	-109.2781	-109.2781	-78.3067	0.7166	76.1834	0.6975	1.8e-04	0.5443
3284	-109.2564	-109.2564	-77.7959	0.7120	76.6869	0.7021	1.8e-04	0.5460
3285	-109.2794	-109.2794	-79.3691	0.7263	75.0743	0.6873	1.8e-04	0.5451
3286	-109.2800	-109.2800	-78.1184	0.7148	76.3764	0.6992	1.8e-04	0.5458
3287	-109.2921	-109.2921	-78.4052	0.7174	76.0863	0.6965	1.8e-04	0.5467
3288	-109.2663	-109.2663	-78.6246	0.7196	75.8430	0.6944	1.8e-04	0.5461
3289	-109.2738	-109.2738	-77.9157	0.7130	76.5704	0.7011	1.8e-04	0.5448
3290	-109.2846	-109.2846	-77.6396	0.7104	76.8766	0.7038	1.8e-04	0.5441
3291	-109.2760	-109.2760	-77.2554	0.7070	77.2598	0.7072	1.8e-04	0.5441
3292	-109.2959	-109.2959	-77.9743	0.7134	76.5480	0.7007	1.8e-04	0.5467
3293	-109.2657	-109.2657	-78.8564	0.7217	75.5970	0.6922	1.8e-04	0.5447
3294	-109.2750	-109.2750	-77.8919	0.7128	76.5884	0.7013	1.8e-04	0.5465
3295	-109.2591	-109.2591	-78.7236	0.7205	75.7370	0.6934	1.8e-04	0.5461
3296	-109.2795	-109.2795	-77.0852	0.7054	77.4158	0.7088	1.8e-04	0.5454
3297	-109.2833	-109.2833	-77.2630	0.7070	77.2154	0.7070	1.8e-04	0.5437
3298	-109.2760	-109.2760	-77.9391	0.7132	76.5508	0.7009	1.8e-04	0.5448
3299	-109.2656	-109.2656	-77.5094	0.7094	76.9756	0.7048	1.8e-04	0.5456
3300	-109.2680	-109.2680	-76.6287	0.7013	77.8534	0.7129	1.8e-04	0.5473
3301	-109.2619	-109.2619	-77.9952	0.7138	76.4726	0.7002	1.8e-04	0.5417
3302	-109.2678	-109.2678	-77.7819	0.7118	76.6957	0.7023	1.8e-04	0.5444
3303	-109.2827	-109.2827	-77.4584	0.7088	77.0394	0.7052	1.8e-04	0.5453
3304	-109.2740	-109.2740	-77.2029	0.7065	77.2680	0.7074	1.8e-04	0.5445
3305	-109.2639	-109.2639	-77.4038	0.7084	77.0905	0.7058	1.8e-04	0.5457
3306	-109.2778	-109.2778	-77.1753	0.7062	77.3239	0.7080	1.8e-04	0.5471
3307	-109.2731	-109.2731	-77.7552	0.7116	76.7409	0.7026	1.8e-04	0.5458
3308	-109.2926	-109.2926	-78.0110	0.7138	76.4917	0.7003	1.8e-04	0.5441
3309	-109.2959	-109.2959	-77.8963	0.7127	76.6151	0.7014	1.8e-04	0.5454
3310	-109.2815	-109.2815	-77.3779	0.7081	77.1290	0.7062	1.8e-04	0.5443
3311	-109.2675	-109.2675	-77.7259	0.7113	76.7657	0.7029	1.8e-04	0.5467
3312	-109.2740	-109.2740	-76.6909	0.7018	77.7932	0.7123	1.8e-04	0.5459
3313	-109.2547	-109.2547	-77.5113	0.7095	76.9684	0.7047	1.8e-04	0.5442
3314	-109.2475	-109.2475	-76.7150	0.7022	77.7406	0.7120	1.8e-04	0.5465
3315	-109.2703	-109.2703	-77.0499	0.7051	77.4508	0.7091	1.8e-04	0.5463
3316	-109.2755	-109.2755	-77.0196	0.7048	77.4807	0.7093	1.8e-04	0.5439
3317	-109.2761	-109.2761	-76.7887	0.7027	77.6921	0.7113	1.8e-04	0.5452
3318	-109.2757	-109.2757	-78.1700	0.7153	76.3076	0.6986	1.8e-04	0.5456
3319	-109.2901	-109.2901	-76.6353	0.7012	77.7880	0.7122	1.8e-04	0.5450
3320	-109.2921	-109.2921	-77.6782	0.7107	76.8413	0.7035	1.8e-04	0.5463
3321	-109.2771	-109.2771	-77.4223	0.7085	77.0686	0.7056	1.8e-04	0.5443
3322	-109.2793	-109.2793	-77.0273	0.7049	77.4766	0.7093	1.8e-04	0.5439
3323	-109.2633	-109.2633	-76.7235	0.7022	77.7512	0.7119	1.8e-04	0.5464
3324	-109.2708	-109.2708	-78.2383	0.7160	76.2300	0.6981	1.8e-04	0.5476
3325	-109.2962	-109.2962	-76.9372	0.7039	77.5722	0.7101	1.8e-04	0.5463
3326	-109.2891	-109.2891	-77.9760	0.7135	76.5379	0.7007	1.8e-04	0.5460
3327	-109.2987	-109.2987	-76.8836	0.7034	77.6207	0.7107	1.8e-04	0.5503
3328	-109.3069	-109.3069	-76.6284	0.7010	77.8993	0.7131	1.8e-04	0.5467
3329	-109.2791	-109.2791	-77.5983	0.7101	76.8944	0.7041	1.8e-04	0.5453
3330	-109.2538	-109.2538	-78.3911	0.7175	76.0378	0.6964	1.8e-04	0.5442
3331	-109.2667	-109.2667	-77.1175	0.7058	77.3531	0.7083	1.8e-04	0.5451
3332	-109.2788	-109.2788	-77.4503	0.7087	77.0573	0.7054	1.8e-04	0.5453
3333	-109.2792	-109.2792	-77.3854	0.7081	77.1015	0.7058	1.8e-04	0.5436
3334	-109.2814	-109.2814	-77.4474	0.7087	77.0509	0.7055	1.8e-04	0.5434
3335	-109.2864	-109.2864	-76.5715	0.7006	77.9298	0.7135	1.8e-04	0.5454
3336	-109.2926	-109.2926	-76.6087	0.7010	77.8988	0.7132	1.8e-04	0.5471
3337	-109.2887	-109.2887	-77.2693	0.7070	77.2355	0.7072	1.8e-04	0.5468
3338	-109.2969	-109.2969	-76.8687	0.7033	77.6319	0.7107	1.8e-04	0.5461
3339	-109.2886	-109.2886	-77.0611	0.7051	77.4553	0.7091	1.8e-04	0.5443
3340	-109.2776	-109.2776	-77.7472	0.7115	76.7537	0.7027	1.8e-04	0.5450
3341	-109.2798	-109.2798	-76.8036	0.7028	77.6842	0.7111	1.8e-04	0.5432
3342	-109.2894	-109.2894	-77.1974	0.7064	77.3135	0.7078	1.8e-04	0.5465
3343	-109.2608	-109.2608	-77.6753	0.7109	76.7831	0.7031	1.8e-04	0.5447
3344	-109.2703	-109.2703	-77.3822	0.7082	77.1055	0.7060	1.8e-04	0.5449
3345	-109.2797	-109.2797	-76.8224	0.7030	77.6823	0.7112	1.8e-04	0.5447
3346	-109.2789	-109.2789	-76.3781	0.6989	78.1076	0.7152	1.8e-04	0.5463
3347	-109.2995	-109.2995	-75.8970	0.6944	78.6066	0.7196	1.8e-04	0.5434
3348	-109.2783	-109.2783	-76.7081	0.7020	77.7912	0.7122	1.8e-04	0.5455
3349	-109.2824	-109.2824	-77.8668	0.7125	76.6165	0.7015	1.8e-04	0.5445
3350	-109.2790	-109.2790	-77.8167	0.7121	76.6830	0.7020	1.8e-04	0.5459
3351	-109.2702	-109.2702	-78.0560	0.7143	76.4376	0.6998	1.8e-04	0.5432
3352	-109.2848	-109.2848	-77.5578	0.7097	76.9357	0.7045	1.8e-04	0.5439
3353	-109.2866	-109.2866	-76.9853	0.7044	77.5097	0.7097	1.8e-04	0.5435
3354	-109.2805	-109.2805	-76.7669	0.7025	77.7299	0.7117	1.8e-04	0.5432
3355	-109.2981	-109.2981	-77.3238	0.7075	77.1969	0.7067	1.8e-04	0.5460
3356	-109.2636	-109.2636	-77.1199	0.7058	77.3653	0.7084	1.8e-04	0.5433
3357	-109.3065	-109.3065	-76.8348	0.7029	77.6931	0.7112	1.8e-04	0.5438
3358	-109.2660	-109.2660	-77.3908	0.7083	77.0653	0.7056	1.8e-04	0.5450
3359	-109.2705	-109.2705	-77.8949	0.7129	76.5995	0.7013	1.8e-04	0.5449
3360	-109.2837	-109.2837	-77.3198	0.7075	77.1781	0.7066	1.8e-04	0.5431
3361	-109.2868	-109.2868	-77.9598	0.7134	76.5540	0.7008	1.8e-04	0.5441
3362	-109.2784	-109.2784	-77.5953	0.7101	76.9107	0.7041	1.8e-04	0.5452
3363	-109.2827	-109.2827	-77.4607	0.7088	77.0469	0.7054	1.8e-04	0.5456
3364	-109.2671	-109.2671	-77.5140	0.7094	76.9759	0.7048	1.8e-04	0.5464
3365	-109.2847	-109.2847	-77.5484	0.7096	76.9325	0.7044	1.8e-04	0.5430
3366	-109.3008	-109.3008	-77.8425	0.7122	76.6863	0.7020	1.8e-04	0.5431
3367	-109.2902	-109.2902	-77.8515	0.7123	76.6319	0.7016	1.8e-04	0.5439
3368	-109.2764	-109.2764	-77.3162	0.7075	77.1433	0.7063	1.8e-04	0.5458
3369	-109.2733	-109.2733	-77.3594	0.7079	77.1341	0.7062	1.8e-04	0.5470
3370	-109.2683	-109.2683	-77.1054	0.7057	77.3963	0.7085	1.8e-04	0.5464
3371	-109.2785	-109.2785	-76.8651	0.7034	77.5684	0.7102	1.8e-04	0.5426
3372	-109.2814	-109.2814	-78.1811	0.7154	76.3065	0.6987	1.8e-04	0.5443
3373	-109.2939	-109.2939	-77.1561	0.7060	77.3686	0.7083	1.8e-04	0.5457
3374	-109.2694	-109.2694	-77.1751	0.7063	77.3071	0.7079	1.8e-04	0.5456
3375	-109.2735	-109.2735	-77.5448	0.7096	76.9225	0.7043	1.8e-04	0.5432
3376	-109.2846	-109.2846	-78.1881	0.7155	76.3093	0.6986	1.8e-04	0.5440
3377	-109.2666	-109.2666	-77.5238	0.7095	76.9688	0.7047	1.8e-04	0.5449
3378	-109.2702	-109.2702	-78.7796	0.7210	75.6820	0.6930	1.8e-04	0.5433
3379	-109.3021	-109.3021	-77.9100	0.7128	76.6054	0.7013	1.8e-04	0.5442
3380	-109.2915	-109.2915	-77.8067	0.7119	76.7035	0.7022	1.8e-04	0.5457
3381	-109.2818	-109.2818	-78.1868	0.7155	76.3039	0.6986	1.8e-04	0.5463
3382	-109.2759	-109.2759	-78.5625	0.7189	75.9132	0.6950	1.8e-04	0.5449
3383	-109.2765	-109.2765	-78.4971	0.7183	75.9842	0.6957	1.8e-04	0.5445
3384	-109.2665	-109.2665	-78.8816	0.7219	75.5625	0.6919	1.8e-04	0.5469
3385	-109.2678	-109.2678	-78.3964	0.7175	76.0722	0.6966	1.8e-04	0.5432
3386	-109.2931	-109.2931	-77.7151	0.7111	76.7794	0.7030	1.8e-04	0.5460
3387	-109.2870	-109.2870	-77.4982	0.7091	77.0240	0.7051	1.8e-04	0.5449
3388	-109.2941	-109.2941	-78.0432	0.7141	76.4759	0.7000	1.8e-04	0.5471
3389	-109.2817	-109.2817	-77.9804	0.7136	76.5187	0.7006	1.8e-04	0.5445
3390	-109.2988	-109.2988	-79.0487	0.7232	75.3995	0.6903	1.8e-04	0.5451
3391	-109.2953	-109.2953	-78.0457	0.7141	76.4610	0.6999	1.8e-04	0.5443
3392	-109.2992	-109.2992	-78.5400	0.7186	75.9655	0.6954	1.8e-04	0.5445
3393	-109.2800	-109.2800	-78.2025	0.7156	76.2957	0.6984	1.8e-04	0.5452
3394	-109.2602	-109.2602	-78.6184	0.7196	75.8285	0.6944	1.8e-04	0.5453
3395	-109.2740	-109.2740	-78.6852	0.7201	75.7796	0.6939	1.8e-04	0.5466
3396	-109.2689	-109.2689	-78.9796	0.7228	75.4762	0.6910	1.8e-04	0.5442
3397	-109.2870	-109.2870	-78.4792	0.7181	76.0053	0.6958	1.8e-04	0.5440
3398	-109.2651	-109.2651	-78.1089	0.7149	76.3619	0.6992	1.8e-04	0.5477
3399	-109.2823	-109.2823	-77.8346	0.7122	76.6593	0.7019	1.8e-04	0.5465
3400	-109.2865	-109.2865	-78.8261	0.7213	75.6642	0.6926	1.8e-04	0.5444
3401	-109.2821	-109.2821	-78.1994	0.7156	76.2981	0.6985	1.8e-04	0.5419
3402	-109.2796	-109.2796	-78.1388	0.7150	76.3245	0.6989	1.8e-04	0.5443
3403	-109.3009	-109.3009	-77.6725	0.7106	76.8304	0.7034	1.8e-04	0.5460
3404	-109.2730	-109.2730	-78.6748	0.7200	75.7811	0.6938	1.8e-04	0.5466
3405	-109.2542	-109.2542	-78.8782	0.7220	75.5243	0.6915	1.8e-04	0.5468
3406	-109.2886	-109.2886	-79.3085	0.7257	75.1569	0.6880	1.8e-04	0.5468
3407	-109.2869	-109.2869	-78.5807	0.7190	75.9074	0.6950	1.8e-04	0.5450
3408	-109.2739	-109.2739	-78.3934	0.7174	76.0819	0.6966	1.8e-04	0.5443
3409	-109.2827	-109.2827	-77.9163	0.7130	76.5822	0.7012	1.8e-04	0.5439
3410	-109.2833	-109.2833	-78.8988	0.7220	75.5695	0.6919	1.8e-04	0.5461
3411	-109.2744	-109.2744	-79.4808	0.7274	74.9469	0.6863	1.8e-04	0.5468
3412	-109.2782	-109.2782	-79.5758	0.7282	74.8707	0.6854	1.8e-04	0.5470
3413	-109.2795	-109.2795	-79.1226	0.7240	75.3350	0.6898	1.8e-04	0.5440
3414	-109.2754	-109.2754	-79.1933	0.7247	75.2373	0.6889	1.8e-04	0.5446
3415	-109.2888	-109.2888	-78.0231	0.7139	76.4913	0.7002	1.8e-04	0.5443
3416	-109.2872	-109.2872	-78.7296	0.7204	75.7614	0.6935	1.8e-04	0.5470
3417	-109.2742	-109.2742	-78.6819	0.7200	75.7761	0.6938	1.8e-04	0.5454
3418	-109.2722	-109.2722	-78.6553	0.7198	75.8347	0.6941	1.8e-04	0.5437
3419	-109.2999	-109.2999	-78.5264	0.7184	75.9805	0.6956	1.8e-04	0.5453
3420	-109.2652	-109.2652	-79.0375	0.7234	75.4068	0.6905	1.8e-04	0.5462
3421	-109.2679	-109.2679	-78.7564	0.7208	75.6977	0.6931	1.8e-04	0.5443
3422	-109.2786	-109.2786	-78.6215	0.7195	75.8340	0.6943	1.8e-04	0.5469
3423	-109.2644	-109.2644	-78.0207	0.7141	76.4430	0.6999	1.8e-04	0.5438
3424	-109.2735	-109.2735	-77.9431	0.7133	76.5253	0.7006	1.8e-04	0.5447
3425	-109.2721	-109.2721	-79.1568	0.7244	75.2903	0.6894	1.8e-04	0.5454
3426	-109.2636	-109.2636	-78.7475	0.7207	75.7050	0.6932	1.8e-04	0.5433
3427	-109.2894	-109.2894	-79.4361	0.7268	75.0231	0.6868	1.8e-04	0.5461
3428	-109.2815	-109.2815	-78.3686	0.7171	76.1107	0.6969	1.8e-04	0.5466
3429	-109.2734	-109.2734	-77.5319	0.7095	76.9596	0.7047	1.8e-04	0.5450
3430	-109.2691	-109.2691	-77.8164	0.7122	76.6628	0.7019	1.8e-04	0.5457
3431	-109.2955	-109.2955	-79.4701	0.7271	74.9883	0.6865	1.8e-04	0.5432
3432	-109.2794	-109.2794	-78.2664	0.7162	76.2122	0.6978	1.8e-04	0.5450
3433	-109.2690	-109.2690	-78.3647	0.7172	76.1037	0.6968	1.8e-04	0.5463
3434	-109.2714	-109.2714	-78.7521	0.7207	75.7117	0.6932	1.8e-04	0.5446
3435	-109.2818	-109.2818	-78.8210	0.7213	75.6524	0.6927	1.8e-04	0.5445
3436	-109.2878	-109.2878	-77.7798	0.7117	76.7298	0.7025	1.8e-04	0.5448
3437	-109.2803	-109.2803	-78.3993	0.7174	76.0847	0.6966	1.8e-04	0.5447
3438	-109.2872	-109.2872	-78.6074	0.7193	75.8825	0.6947	1.8e-04	0.5461
3439	-109.2779	-109.2779	-78.4756	0.7181	76.0172	0.6959	1.8e-04	0.5490
3440	-109.2794	-109.2794	-78.6073	0.7193	75.8746	0.6946	1.8e-04	0.5477
3441	-109.2589	-109.2589	-78.4218	0.7178	76.0354	0.6962	1.8e-04	0.5444
3442	-109.2781	-109.2781	-77.9432	0.7133	76.5511	0.7009	1.8e-04	0.5424
3443	-109.2786	-109.2786	-77.9593	0.7134	76.5406	0.7008	1.8e-04	0.5445
3444	-109.2669	-109.2669	-78.1538	0.7153	76.3318	0.6988	1.8e-04	0.5457
3445	-109.2844	-109.2844	-78.3040	0.7165	76.2010	0.6976	1.8e-04	0.5469
3446	-109.2490	-109.2490	-78.0102	0.7141	76.4441	0.7000	1.8e-04	0.5465
3447	-109.2757	-109.2757	-78.5201	0.7186	75.9473	0.6955	1.8e-04	0.5479
3448	-109.2663	-109.2663	-78.6669	0.7200	75.7941	0.6939	1.8e-04	0.5472
3449	-109.2873	-109.2873	-78.5530	0.7188	75.9390	0.6952	1.8e-04	0.5463
3450	-109.2933	-109.2933	-78.4022	0.7174	76.0987	0.6966	1.8e-04	0.5436
3451	-109.2895	-109.2895	-78.4685	0.7180	75.9981	0.6958	1.8e-04	0.5464
3452	-109.2775	-109.2775	-78.9570	0.7225	75.4788	0.6911	1.8e-04	0.5466
3453	-109.2772	-109.2772	-78.2360	0.7159	76.2630	0.6982	1.8e-04	0.5451
3454	-109.2767	-109.2767	-79.0638	0.7235	75.3996	0.6903	1.8e-04	0.5472
3455	-109.2813	-109.2813	-78.4453	0.7178	76.0443	0.6962	1.8e-04	0.5460
3456	-109.2742	-109.2742	-78.7743	0.7209	75.6719	0.6929	1.8e-04	0.5450
3457	-109.2691	-109.2691	-78.2766	0.7164	76.2112	0.6977	1.8e-04	0.5444
3458	-109.2981	-109.2981	-78.8465	0.7214	75.6511	0.6925	1.8e-04	0.5455
3459	-109.2872	-109.2872	-79.2965	0.7256	75.1548	0.6881	1.8e-04	0.5451
3460	-109.2583	-109.2583	-78.3853	0.7174	76.0799	0.6966	1.8e-04	0.5464
3461	-109.2799	-109.2799	-79.5755	0.7282	74.8592	0.6854	1.8e-04	0.5451
3462	-109.2762	-109.2762	-79.3314	0.7260	75.1096	0.6877	1.8e-04	0.5458
3463	-109.2480	-109.2480	-78.6736	0.7201	75.7523	0.6936	1.8e-04	0.5438
3464	-109.2898	-109.2898	-78.3181	0.7166	76.1952	0.6975	1.8e-04	0.5450
3465	-109.2754	-109.2754	-79.2310	0.7251	75.2184	0.6887	1.8e-04	0.5452
3466	-109.2683	-109.2683	-79.1488	0.7244	75.2987	0.6894	1.8e-04	0.5460
3467	-109.2682	-109.2682	-78.4686	0.7181	76.0066	0.6959	1.8e-04	0.5438
3468	-109.2774	-109.2774	-78.3613	0.7171	76.1294	0.6970	1.8e-04	0.5452
3469	-109.2568	-109.2568	-79.8255	0.7306	74.5563	0.6826	1.8e-04	0.5466
3470	-109.2831	-109.2831	-79.0298	0.7232	75.4380	0.6907	1.8e-04	0.5474
3471	-109.2773	-109.2773	-78.5772	0.7191	75.8977	0.6949	1.8e-04	0.5460
3472	-109.2801	-109.2801	-78.9489	0.7224	75.5098	0.6913	1.8e-04	0.5737
3473	-109.2783	-109.2783	-78.4323	0.7177	76.0318	0.6961	1.8e-04	0.5452
3474	-109.2855	-109.2855	-78.7598	0.7207	75.7287	0.6933	1.8e-04	0.5439
3475	-109.2707	-109.2707	-79.9884	0.7320	74.3927	0.6813	1.8e-04	0.5469
3476	-109.2689	-109.2689	-79.3767	0.7264	74.9996	0.6867	1.8e-04	0.5780
3477	-109.2686	-109.2686	-79.1667	0.7245	75.2691	0.6892	1.8e-04	0.5472
3478	-109.2745	-109.2745	-79.4262	0.7268	75.0104	0.6868	1.8e-04	0.5473
3479	-109.2830	-109.2830	-79.5724	0.7281	74.8649	0.6853	1.8e-04	0.5462
3480	-109.2787	-109.2787	-79.9112	0.7313	74.5159	0.6821	1.8e-04	0.5758
3481	-109.2837	-109.2837	-79.7688	0.7299	74.6443	0.6835	1.8e-04	0.5454
3482	-109.2542	-109.2542	-79.6656	0.7292	74.7233	0.6843	1.8e-04	0.5454
3483	-109.2812	-109.2812	-78.5317	0.7186	75.9486	0.6954	1.8e-04	0.5440
3484	-109.2721	-109.2721	-79.6720	0.7291	74.7072	0.6840	1.8e-04	0.5449
3485	-109.2816	-109.2816	-79.6972	0.7293	74.7223	0.6841	1.8e-04	0.5446
3486	-109.2829	-109.2829	-80.8623	0.7399	73.4692	0.6727	1.8e-04	0.5466
3487	-109.2842	-109.2842	-79.4568	0.7271	75.0012	0.6866	1.8e-04	0.5452
3488	-109.2891	-109.2891	-78.6069	0.7193	75.8823	0.6946	1.8e-04	0.5441
3489	-109.2881	-109.2881	-79.7786	0.7300	74.6555	0.6835	1.8e-04	0.5437
3490	-109.2840	-109.2840	-80.0965	0.7329	74.2949	0.6802	1.8e-04	0.5810
3491	-109.2831	-109.2831	-79.4581	0.7271	74.9926	0.6865	1.8e-04	0.5459
3492	-109.2779	-109.2779	-79.4936	0.7274	74.9310	0.6860	1.8e-04	0.5441
3493	-109.2896	-109.2896	-80.1165	0.7331	74.2968	0.6801	1.8e-04	0.5442
3494	-109.2923	-109.2923	-79.8615	0.7307	74.4901	0.6819	1.8e-04	0.5468
3495	-109.2771	-109.2771	-80.4351	0.7361	73.9203	0.6768	1.8e-04	0.5471
3496	-109.2734	-109.2734	-79.4168	0.7268	75.0210	0.6869	1.8e-04	0.5440
3497	-109.2738	-109.2738	-79.6265	0.7287	74.7936	0.6848	1.8e-04	0.5448
3498	-109.2707	-109.2707	-79.9146	0.7313	74.4789	0.6819	1.8e-04	0.5452
3499	-109.2922	-109.2922	-80.1171	0.7331	74.3006	0.6802	1.8e-04	0.5455
3500	-109.2914	-109.2914	-79.9950	0.7319	74.4265	0.6814	1.8e-04	0.5470
3501	-109.2776	-109.2776	-80.0734	0.7328	74.3233	0.6804	1.8e-04	0.5423
3502	-109.2610	-109.2610	-79.9066	0.7313	74.4211	0.6814	1.8e-04	0.5476
3503	-109.2645	-109.2645	-78.7230	0.7205	75.7238	0.6934	1.8e-04	0.5445
3504	-109.2892	-109.2892	-79.3937	0.7265	75.0574	0.6871	1.8e-04	0.5820
3505	-109.2819	-109.2819	-79.7842	0.7301	74.6403	0.6834	1.8e-04	0.5466
3506	-109.2624	-109.2624	-78.5912	0.7193	75.8771	0.6947	1.8e-04	0.5443
3507	-109.2802	-109.2802	-79.4879	0.7274	74.9318	0.6860	1.8e-04	0.5451
3508	-109.2908	-109.2908	-79.2239	0.7249	75.2396	0.6888	1.8e-04	0.5454
3509	-109.2840	-109.2840	-79.7524	0.7298	74.6702	0.6837	1.8e-04	0.5447
3510	-109.2827	-109.2827	-79.5482	0.7279	74.8971	0.6857	1.8e-04	0.5799
3511	-109.2706	-109.2706	-79.7671	0.7300	74.6437	0.6834	1.8e-04	0.5440
3512	-109.2705	-109.2705	-79.7951	0.7303	74.5947	0.6830	1.8e-04	0.5444
3513	-109.2816	-109.2816	-79.9947	0.7320	74.3708	0.6809	1.8e-04	0.5437
3514	-109.2748	-109.2748	-79.0014	0.7230	75.4101	0.6904	1.8e-04	0.5442
3515	-109.2679	-109.2679	-78.9387	0.7224	75.5127	0.6914	1.8e-04	0.5462
3516	-109.2743	-109.2743	-79.9788	0.7319	74.4179	0.6813	1.8e-04	0.5447
3517	-109.2768	-109.2768	-79.5647	0.7281	74.8627	0.6855	1.8e-04	0.5436
3518	-109.2897	-109.2897	-78.9936	0.7228	75.4981	0.6911	1.8e-04	0.5466
3519	-109.2788	-109.2788	-79.4083	0.7267	75.0381	0.6870	1.8e-04	0.5440
3520	-109.2814	-109.2814	-80.3700	0.7354	73.9881	0.6774	1.8e-04	0.5464
3521	-109.2753	-109.2753	-79.2022	0.7248	75.2483	0.6890	1.8e-04	0.5443
3522	-109.2716	-109.2716	-78.9839	0.7228	75.4655	0.6909	1.8e-04	0.5430
3523	-109.2899	-109.2899	-79.1401	0.7241	75.3411	0.6896	1.8e-04	0.5454
3524	-109.2727	-109.2727	-79.0303	0.7232	75.4282	0.6905	1.8e-04	0.5449
3525	-109.2808	-109.2808	-78.8965	0.7220	75.5706	0.6919	1.8e-04	0.5769
3526	-109.2795	-109.2795	-79.8082	0.7303	74.6048	0.6830	1.8e-04	0.5446
3527	-109.3027	-109.3027	-79.6869	0.7290	74.7530	0.6843	1.8e-04	0.5462
3528	-109.2874	-109.2874	-79.0945	0.7237	75.3542	0.6898	1.8e-04	0.5446
3529	-109.2726	-109.2726	-80.3343	0.7352	74.0316	0.6778	1.8e-04	0.5439
3530	-109.2533	-109.2533	-79.7088	0.7296	74.6914	0.6839	1.8e-04	0.5454
3531	-109.2822	-109.2822	-79.5017	0.7275	74.9401	0.6861	1.8e-04	0.5794
3532	-109.2554	-109.2554	-79.0990	0.7240	75.3209	0.6897	1.8e-04	0.5483
3533	-109.2878	-109.2878	-78.6696	0.7198	75.8211	0.6941	1.8e-04	0.5442
3534	-109.2912	-109.2912	-79.5717	0.7281	74.8720	0.6855	1.8e-04	0.5444
3535	-109.2772	-109.2772	-79.9558	0.7317	74.4578	0.6816	1.8e-04	0.5441
3536	-109.2689	-109.2689	-79.6328	0.7288	74.7867	0.6847	1.8e-04	0.5471
3537	-109.2735	-109.2735	-78.7836	0.7210	75.6814	0.6929	1.8e-04	0.5458
3538	-109.2718	-109.2718	-80.0234	0.7323	74.3724	0.6809	1.8e-04	0.5435
3539	-109.2974	-109.2974	-78.6790	0.7199	75.8226	0.6940	1.8e-04	0.5452
3540	-109.2800	-109.2800	-80.1018	0.7330	74.2948	0.6802	1.8e-04	0.5474
3541	-109.2904	-109.2904	-79.1091	0.7238	75.3552	0.6899	1.8e-04	0.5446
3542	-109.2862	-109.2862	-78.8370	0.7214	75.6490	0.6925	1.8e-04	0.5449
3543	-109.2806	-109.2806	-78.6506	0.7197	75.8273	0.6943	1.8e-04	0.5453
3544	-109.2602	-109.2602	-79.7288	0.7297	74.6673	0.6837	1.8e-04	0.5466
3545	-109.2704	-109.2704	-78.7714	0.7209	75.7025	0.6930	1.8e-04	0.5451
3546	-109.2800	-109.2800	-79.4852	0.7274	74.9578	0.6863	1.8e-04	0.5746
3547	-109.2922	-109.2922	-80.0944	0.7328	74.2896	0.6803	1.8e-04	0.5461
3548	-109.2725	-109.2725	-80.0277	0.7324	74.3425	0.6807	1.8e-04	0.5465
3549	-109.2925	-109.2925	-79.5866	0.7282	74.8527	0.6852	1.8e-04	0.5457
3550	-109.2984	-109.2984	-79.5754	0.7281	74.8839	0.6855	1.8e-04	0.5446
3551	-109.2899	-109.2899	-79.4802	0.7272	74.9711	0.6864	1.8e-04	0.5447
3552	-109.2836	-109.2836	-78.1933	0.7155	76.3059	0.6986	1.8e-04	0.5448
3553	-109.2614	-109.2614	-78.6177	0.7195	75.8488	0.6944	1.8e-04	0.5455
3554	-109.2890	-109.2890	-78.6544	0.7197	75.8394	0.6943	1.8e-04	0.5441
3555	-109.2863	-109.2863	-80.0004	0.7320	74.4167	0.6813	1.8e-04	0.5454
3556	-109.2580	-109.2580	-79.4754	0.7274	74.9131	0.6860	1.8e-04	0.5451
3557	-109.2822	-109.2822	-78.9940	0.7228	75.4686	0.6910	1.8e-04	0.5806
3558	-109.2669	-109.2669	-78.9598	0.7226	75.4856	0.6912	1.8e-04	0.5448
3559	-109.2572	-109.2572	-79.1285	0.7242	75.3089	0.6895	1.8e-04	0.5461
3560	-109.2794	-109.2794	-78.3214	0.7167	76.1819	0.6974	1.8e-04	0.5446
3561	-109.2959	-109.2959	-78.8079	0.7211	75.6893	0.6929	1.8e-04	0.5444
3562	-109.2664	-109.2664	-78.8439	0.7216	75.6123	0.6923	1.8e-04	0.5479
3563	-109.2992	-109.2992	-78.7638	0.7206	75.7345	0.6933	1.8e-04	0.5464
3564	-109.2735	-109.2735	-79.2241	0.7250	75.2239	0.6887	1.8e-04	0.5459
3565	-109.2740	-109.2740	-78.8141	0.7213	75.5998	0.6922	1.8e-04	0.5450
3566	-109.2827	-109.2827	-78.0244	0.7140	76.4836	0.7002	1.8e-04	0.5460
3567	-109.2641	-109.2641	-79.4258	0.7269	74.9940	0.6867	1.8e-04	0.5456
3568	-109.2967	-109.2967	-79.0838	0.7236	75.4019	0.6902	1.8e-04	0.5471
3569	-109.2908	-109.2908	-79.4347	0.7268	75.0228	0.6868	1.8e-04	0.5429
3570	-109.2641	-109.2641	-78.7961	0.7212	75.6621	0.6928	1.8e-04	0.5453
3571	-109.2558	-109.2558	-79.3341	0.7261	75.0777	0.6875	1.7e-04	0.5437
3572	-109.2829	-109.2829	-78.8920	0.7219	75.5641	0.6918	1.7e-04	0.5475
3573	-109.2758	-109.2758	-79.1884	0.7247	75.2603	0.6891	1.7e-04	0.5438
3574	-109.2821	-109.2821	-79.5447	0.7279	74.8828	0.6856	1.7e-04	0.5460
3575	-109.2795	-109.2795	-79.6752	0.7291	74.7456	0.6843	1.7e-04	0.5457
3576	-109.2702	-109.2702	-79.2473	0.7252	75.2007	0.6885	1.7e-04	0.5449
3577	-109.2994	-109.2994	-78.8569	0.7215	75.6383	0.6924	1.7e-04	0.5440
3578	-109.2844	-109.2844	-78.9837	0.7227	75.4826	0.6910	1.7e-04	0.5469
3579	-109.2818	-109.2818	-79.3056	0.7257	75.1491	0.6880	1.7e-04	0.5452
3580	-109.2581	-109.2581	-78.9956	0.7230	75.4391	0.6907	1.7e-04	0.5442
3581	-109.2654	-109.2654	-78.9406	0.7225	75.5024	0.6913	1.7e-04	0.5451
3582	-109.2749	-109.2749	-77.6465	0.7106	76.8566	0.7036	1.7e-04	0.5444
3583	-109.2836	-109.2836	-77.7021	0.7110	76.7727	0.7028	1.7e-04	0.5449
3584	-109.2789	-109.2789	-79.7203	0.7295	74.7024	0.6840	1.7e-04	0.5447
3585	-109.2784	-109.2784	-79.1495	0.7243	75.3134	0.6895	1.7e-04	0.5444
3586	-109.2648	-109.2648	-79.7247	0.7296	74.6852	0.6838	1.7e-04	0.5759
3587	-109.2810	-109.2810	-78.3562	0.7170	76.1360	0.6970	1.7e-04	0.5453
3588	-109.2823	-109.2823	-78.5130	0.7184	75.9843	0.6956	1.7e-04	0.5455
3589	-109.2681	-109.2681	-78.5019	0.7184	75.9494	0.6954	1.7e-04	0.5466
3590	-109.2871	-109.2871	-78.9705	0.7226	75.4939	0.6911	1.7e-04	0.5453
3591	-109.2619	-109.2619	-79.3812	0.7265	75.0314	0.6870	1.7e-04	0.5449
3592	-109.2721	-109.2721	-79.0463	0.7234	75.4127	0.6904	1.7e-04	0.5442
3593	-109.2924	-109.2924	-79.7333	0.7295	74.7156	0.6839	1.7e-04	0.5438
3594	-109.2736	-109.2736	-79.5121	0.7276	74.9166	0.6859	1.7e-04	0.5457
3595	-109.2881	-109.2881	-78.1348	0.7149	76.3334	0.6989	1.7e-04	0.5481
3596	-109.2815	-109.2815	-78.5414	0.7187	75.9419	0.6952	1.7e-04	0.5471
3597	-109.2760	-109.2760	-79.6349	0.7288	74.7926	0.6847	1.7e-04	0.5436
3598	-109.2868	-109.2868	-78.4139	0.7175	76.0898	0.6966	1.7e-04	0.5462
3599	-109.2835	-109.2835	-79.2308	0.7250	75.2156	0.6886	1.7e-04	0.5460
3600	-109.2905	-109.2905	-78.5552	0.7188	75.9445	0.6951	1.7e-04	0.5490
3601	-109.2853	-109.2853	-79.1333	0.7241	75.3146	0.6895	1.7e-04	0.5435
3602	-109.2872	-109.2872	-79.6430	0.7287	74.7801	0.6846	1.7e-04	0.5466
3603	-109.2893	-109.2893	-78.9711	0.7226	75.5081	0.6913	1.7e-04	0.5444
3604	-109.2813	-109.2813	-78.6596	0.7198	75.8209	0.6942	1.7e-04	0.5446
3605	-109.2717	-109.2717	-79.5150	0.7277	74.9014	0.6859	1.7e-04	0.5469
3606	-109.2842	-109.2842	-79.2308	0.7250	75.2339	0.6887	1.7e-04	0.5767
3607	-109.2951	-109.2951	-78.6132	0.7193	75.8716	0.6946	1.7e-04	0.5455
3608	-109.2864	-109.2864	-79.5988	0.7284	74.8365	0.6852	1.7e-04	0.5435
3609	-109.2872	-109.2872	-79.1810	0.7245	75.2832	0.6892	1.7e-04	0.5467
3610	-109.2894	-109.2894	-78.8361	0.7214	75.6202	0.6924	1.7e-04	0.5465
3611	-109.2942	-109.2942	-79.2909	0.7255	75.1736	0.6882	1.7e-04	0.5454
3612	-109.2648	-109.2648	-79.3743	0.7264	75.0399	0.6870	1.7e-04	0.5463
3613	-109.2693	-109.2693	-78.7357	0.7206	75.7382	0.6934	1.7e-04	0.5473
3614	-109.2899	-109.2899	-79.7269	0.7295	74.7142	0.6840	1.7e-04	0.5774
3615	-109.2882	-109.2882	-79.9395	0.7315	74.4810	0.6819	1.7e-04	0.5442
3616	-109.2845	-109.2845	-79.3999	0.7265	75.0103	0.6868	1.7e-04	0.5447
3617	-109.2501	-109.2501	-78.8369	0.7216	75.5726	0.6919	1.7e-04	0.5443
3618	-109.2945	-109.2945	-78.7096	0.7202	75.7874	0.6938	1.7e-04	0.5445
3619	-109.2647	-109.2647	-79.8936	0.7312	74.4983	0.6821	1.7e-04	0.5446
3620	-109.2792	-109.2792	-78.7791	0.7209	75.6870	0.6930	1.7e-04	0.5452
3621	-109.2705	-109.2705	-79.2569	0.7253	75.1896	0.6884	1.7e-04	0.5466
3622	-109.2649	-109.2649	-79.5972	0.7285	74.7890	0.6849	1.7e-04	0.5469
3623	-109.2954	-109.2954	-78.8733	0.7217	75.6156	0.6922	1.7e-04	0.5446
3624	-109.2822	-109.2822	-78.6669	0.7199	75.8230	0.6941	1.7e-04	0.5433
3625	-109.2808	-109.2808	-79.8069	0.7303	74.6212	0.6831	1.7e-04	0.5446
3626	-109.2716	-109.2716	-79.8234	0.7305	74.5834	0.6829	1.7e-04	0.5454
3627	-109.2835	-109.2835	-78.9962	0.7229	75.4797	0.6910	1.7e-04	0.5447
3628	-109.2868	-109.2868	-79.2108	0.7248	75.2424	0.6889	1.7e-04	0.5462
3629	-109.2865	-109.2865	-79.8185	0.7304	74.6027	0.6831	1.7e-04	0.5447
3630	-109.2773	-109.2773	-79.8040	0.7303	74.6071	0.6831	1.7e-04	0.5472
3631	-109.2904	-109.2904	-78.4148	0.7175	76.0822	0.6965	1.7e-04	0.5460
3632	-109.2786	-109.2786	-80.1730	0.7337	74.2092	0.6795	1.7e-04	0.5427
3633	-109.2719	-109.2719	-79.1855	0.7247	75.2607	0.6891	1.7e-04	0.5453
3634	-109.2807	-109.2807	-78.7459	0.7206	75.7263	0.6932	1.7e-04	0.5460
3635	-109.2959	-109.2959	-79.8512	0.7306	74.5824	0.6827	1.7e-04	0.5438
3636	-109.2862	-109.2862	-78.8412	0.7214	75.6439	0.6924	1.7e-04	0.5440
3637	-109.2696	-109.2696	-79.4714	0.7273	74.9504	0.6863	1.7e-04	0.5466
3638	-109.2808	-109.2808	-78.8206	0.7213	75.6460	0.6926	1.7e-04	0.5458
3639	-109.2769	-109.2769	-79.0950	0.7238	75.3526	0.6900	1.7e-04	0.5431
3640	-109.2872	-109.2872	-79.2972	0.7256	75.1531	0.6881	1.7e-04	0.5441
3641	-109.2653	-109.2653	-79.3863	0.7265	75.0345	0.6871	1.7e-04	0.5461
3642	-109.2756	-109.2756	-78.8642	0.7217	75.5989	0.6922	1.7e-04	0.5442
3643	-109.2645	-109.2645	-79.0559	0.7235	75.3539	0.6900	1.7e-04	0.5609
3644	-109.2651	-109.2651	-78.6267	0.7196	75.8262	0.6943	1.7e-04	0.5447
3645	-109.2890	-109.2890	-79.6487	0.7288	74.8026	0.6847	1.7e-04	0.5434
3646	-109.2825	-109.2825	-79.4285	0.7268	75.0210	0.6868	1.7e-04	0.5459
3647	-109.2665	-109.2665	-79.2908	0.7257	75.1409	0.6880	1.7e-04	0.5445
3648	-109.2779	-109.2779	-79.4286	0.7268	75.0040	0.6868	1.7e-04	0.5452
3649	-109.2795	-109.2795	-78.7431	0.7206	75.7408	0.6934	1.7e-04	0.5423
3650	-109.2830	-109.2830	-80.3212	0.7350	74.0502	0.6781	1.7e-04	0.5443
3651	-109.2872	-109.2872	-79.9030	0.7311	74.5143	0.6822	1.7e-04	0.5448
3652	-109.2617	-109.2617	-79.0742	0.7237	75.3644	0.6901	1.7e-04	0.5766
3653	-109.2775	-109.2775	-79.1784	0.7246	75.2817	0.6892	1.7e-04	0.5438
3654	-109.2735	-109.2735	-78.4510	0.7179	76.0384	0.6961	1.7e-04	0.5428
3655	-109.2887	-109.2887	-78.4619	0.7179	76.0241	0.6961	1.7e-04	0.5440
3656	-109.2608	-109.2608	-78.5370	0.7188	75.8861	0.6949	1.7e-04	0.5712
3657	-109.2778	-109.2778	-78.4058	0.7175	76.0718	0.6964	1.7e-04	0.5455
3658	-109.2638	-109.2638	-78.8898	0.7220	75.5599	0.6919	1.7e-04	0.5462
3659	-109.2726	-109.2726	-78.5760	0.7191	75.8881	0.6949	1.7e-04	0.5458
3660	-109.2666	-109.2666	-79.1074	0.7240	75.3411	0.6898	1.7e-04	0.5474
3661	-109.2712	-109.2712	-79.0309	0.7233	75.4257	0.6906	1.7e-04	0.5785
3662	-109.2769	-109.2769	-78.1642	0.7153	76.3240	0.6988	1.7e-04	0.5445
3663	-109.2767	-109.2767	-78.2183	0.7158	76.2532	0.6982	1.7e-04	0.5439
3664	-109.2648	-109.2648	-77.6983	0.7111	76.7897	0.7031	1.7e-04	0.5448
3665	-109.3015	-109.3015	-78.0384	0.7140	76.4718	0.7001	1.7e-04	0.5452
3666	-109.2768	-109.2768	-78.0952	0.7147	76.4014	0.6995	1.7e-04	0.5446
3667	-109.2683	-109.2683	-78.4378	0.7178	76.0244	0.6961	1.7e-04	0.5452
3668	-109.2759	-109.2759	-78.5426	0.7188	75.9283	0.6952	1.7e-04	0.5454
3669	-109.2866	-109.2866	-77.4727	0.7089	77.0274	0.7052	1.7e-04	0.5764
3670	-109.2835	-109.2835	-78.1435	0.7151	76.3512	0.6989	1.7e-04	0.5452
3671	-109.2677	-109.2677	-77.2414	0.7069	77.2431	0.7073	1.7e-04	0.5464
3672	-109.2760	-109.2760	-78.5758	0.7191	75.8963	0.6950	1.7e-04	0.5776
3673	-109.2730	-109.2730	-78.6071	0.7194	75.8530	0.6945	1.7e-04	0.5462
3674	-109.2719	-109.2719	-77.9773	0.7136	76.5134	0.7005	1.7e-04	0.5443
3675	-109.2714	-109.2714	-79.1482	0.7243	75.2898	0.6894	1.7e-04	0.5761
3676	-109.2780	-109.2780	-77.9042	0.7129	76.5785	0.7010	1.7e-04	0.5452
3677	-109.2642	-109.2642	-79.0384	0.7234	75.3991	0.6904	1.7e-04	0.5450
3678	-109.2670	-109.2670	-78.3982	0.7175	76.0773	0.6966	1.7e-04	0.5445
3679	-109.2616	-109.2616	-77.9888	0.7138	76.4640	0.7002	1.7e-04	0.5451
3680	-109.2705	-109.2705	-78.4725	0.7181	75.9800	0.6957	1.7e-04	0.5464
3681	-109.2815	-109.2815	-77.7012	0.7110	76.7978	0.7031	1.7e-04	0.5429
3682	-109.3003	-109.3003	-77.4351	0.7085	77.0777	0.7056	1.7e-04	0.5437
3683	-109.2927	-109.2927	-77.0169	0.7047	77.5047	0.7095	1.7e-04	0.5427
3684	-109.2731	-109.2731	-76.8665	0.7034	77.6328	0.7108	1.7e-04	0.5440
3685	-109.3029	-109.3029	-77.6332	0.7103	76.8877	0.7039	1.7e-04	0.5451
3686	-109.2687	-109.2687	-77.2301	0.7068	77.2652	0.7074	1.7e-04	0.5429
3687	-109.2747	-109.2747	-78.1687	0.7153	76.3284	0.6988	1.7e-04	0.5774
3688	-109.2901	-109.2901	-77.5833	0.7099	76.9417	0.7043	1.7e-04	0.5447
3689	-109.2862	-109.2862	-77.5081	0.7092	77.0013	0.7049	1.7e-04	0.5436
3690	-109.2647	-109.2647	-77.6963	0.7111	76.7676	0.7030	1.7e-04	0.5460
3691	-109.2575	-109.2575	-77.5969	0.7102	76.8876	0.7040	1.7e-04	0.5429
3692	-109.2751	-109.2751	-78.1283	0.7150	76.3550	0.6990	1.7e-04	0.5440
3693	-109.2828	-109.2828	-77.7021	0.7110	76.8034	0.7032	1.7e-04	0.5460
3694	-109.2762	-109.2762	-78.1153	0.7148	76.3687	0.6991	1.7e-04	0.5469
3695	-109.2784	-109.2784	-78.4317	0.7177	76.0450	0.6963	1.7e-04	0.5456
3696	-109.2582	-109.2582	-77.5142	0.7095	76.9616	0.7047	1.7e-04	0.5445
3697	-109.2875	-109.2875	-77.4807	0.7090	77.0242	0.7051	1.7e-04	0.5433
3698	-109.2908	-109.2908	-77.7717	0.7116	76.7391	0.7025	1.7e-04	0.5443
3699	-109.2811	-109.2811	-78.2363	0.7159	76.2493	0.6980	1.7e-04	0.5466
3700	-109.2798	-109.2798	-78.3443	0.7169	76.1412	0.6970	1.7e-04	0.5459
3701	-109.2652	-109.2652	-77.1382	0.7060	77.3458	0.7082	1.7e-04	0.5435
3702	-109.2436	-109.2436	-77.2896	0.7075	77.1748	0.7067	1.7e-04	0.5456
3703	-109.2881	-109.2881	-77.6217	0.7102	76.8815	0.7039	1.7e-04	0.5763
3704	-109.2719	-109.2719	-78.2108	0.7157	76.2618	0.6982	1.7e-04	0.5525
3705	-109.2738	-109.2738	-77.6882	0.7109	76.8040	0.7032	1.7e-04	0.5438
3706	-109.2776	-109.2776	-76.9397	0.7041	77.5591	0.7101	1.7e-04	0.5699
3707	-109.2837	-109.2837	-77.5241	0.7094	76.9862	0.7048	1.7e-04	0.5460
3708	-109.2887	-109.2887	-77.8401	0.7122	76.6745	0.7019	1.7e-04	0.5433
3709	-109.2860	-109.2860	-77.2826	0.7072	77.2330	0.7070	1.7e-04	0.5437
3710	-109.2710	-109.2710	-78.1994	0.7156	76.2837	0.6984	1.7e-04	0.5443
3711	-109.2804	-109.2804	-77.8151	0.7121	76.6840	0.7020	1.7e-04	0.5461
3712	-109.2791	-109.2791	-77.5702	0.7098	76.9233	0.7044	1.7e-04	0.5473
3713	-109.2972	-109.2972	-77.7846	0.7117	76.7260	0.7024	1.7e-04	0.5467
3714	-109.2744	-109.2744	-77.5146	0.7094	76.9680	0.7048	1.7e-04	0.5446
3715	-109.2764	-109.2764	-77.5389	0.7096	76.9549	0.7046	1.7e-04	0.5441
3716	-109.3059	-109.3059	-76.7674	0.7023	77.7608	0.7119	1.7e-04	0.5765
3717	-109.2978	-109.2978	-77.9417	0.7131	76.5626	0.7009	1.7e-04	0.5452
3718	-109.2956	-109.2956	-77.1042	0.7055	77.4193	0.7087	1.7e-04	0.5453
3719	-109.2644	-109.2644	-76.8825	0.7036	77.5960	0.7104	1.7e-04	0.5456
3720	-109.2827	-109.2827	-76.6714	0.7016	77.8234	0.7126	1.7e-04	0.5442
3721	-109.2657	-109.2657	-76.5193	0.7003	77.9406	0.7136	1.7e-04	0.5459
3722	-109.3041	-109.3041	-77.1895	0.7062	77.3236	0.7079	1.7e-04	0.5461
3723	-109.2629	-109.2629	-77.7165	0.7113	76.7663	0.7029	1.7e-04	0.5448
3724	-109.2920	-109.2920	-77.1393	0.7058	77.3611	0.7082	1.7e-04	0.5438
3725	-109.2832	-109.2832	-76.3668	0.6988	78.1079	0.7152	1.7e-04	0.5473
3726	-109.2733	-109.2733	-77.0140	0.7048	77.4660	0.7093	1.7e-04	0.5450
3727	-109.2821	-109.2821	-76.8307	0.7030	77.6713	0.7111	1.7e-04	0.5448
3728	-109.2955	-109.2955	-77.0930	0.7054	77.4385	0.7088	1.7e-04	0.5457
3729	-109.2586	-109.2586	-77.2759	0.7073	77.2044	0.7068	1.7e-04	0.5484
3730	-109.2739	-109.2739	-77.9310	0.7132	76.5631	0.7010	1.7e-04	0.5461
3731	-109.2794	-109.2794	-77.2485	0.7069	77.2415	0.7073	1.7e-04	0.5443
3732	-109.2655	-109.2655	-77.1673	0.7062	77.3069	0.7078	1.7e-04	0.5434
3733	-109.2679	-109.2679	-77.5378	0.7096	76.9512	0.7046	1.7e-04	0.5438
3734	-109.2688	-109.2688	-77.8023	0.7120	76.6850	0.7021	1.7e-04	0.5747
3735	-109.2703	-109.2703	-76.5585	0.7006	77.9251	0.7135	1.7e-04	0.5454
3736	-109.2664	-109.2664	-77.1200	0.7058	77.3611	0.7083	1.7e-04	0.5452
3737	-109.2800	-109.2800	-76.7500	0.7023	77.7579	0.7118	1.7e-04	0.5443
3738	-109.2737	-109.2737	-77.8720	0.7126	76.5987	0.7014	1.7e-04	0.5441
3739	-109.2923	-109.2923	-77.6461	0.7104	76.8492	0.7036	1.7e-04	0.5446
3740	-109.2778	-109.2778	-77.8376	0.7123	76.6443	0.7017	1.7e-04	0.5444
3741	-109.2674	-109.2674	-77.1637	0.7062	77.3209	0.7079	1.7e-04	0.5431
3742	-109.2647	-109.2647	-76.6896	0.7019	77.7819	0.7123	1.7e-04	0.5428
3743	-109.2728	-109.2728	-76.8717	0.7035	77.5825	0.7103	1.7e-04	0.5453
3744	-109.2977	-109.2977	-77.1893	0.7062	77.3331	0.7080	1.7e-04	0.5432
3745	-109.2793	-109.2793	-77.1271	0.7058	77.3809	0.7084	1.7e-04	0.5430
3746	-109.2804	-109.2804	-76.4704	0.6998	78.0310	0.7144	1.7e-04	0.5434
3747	-109.2870	-109.2870	-76.5934	0.7008	77.8868	0.7130	1.7e-04	0.5456
3748	-109.2954	-109.2954	-76.4560	0.6995	78.0168	0.7142	1.7e-04	0.5467
3749	-109.2662	-109.2662	-76.9441	0.7042	77.5353	0.7100	1.7e-04	0.5451
3750	-109.2786	-109.2786	-76.5291	0.7003	77.9759	0.7138	1.7e-04	0.5424
3751	-109.2728	-109.2728	-76.9851	0.7045	77.4794	0.7094	1.7e-04	0.5436
3752	-109.2916	-109.2916	-77.6721	0.7107	76.8461	0.7035	1.7e-04	0.5442
3753	-109.2853	-109.2853	-77.0067	0.7046	77.4949	0.7095	1.7e-04	0.5757
3754	-109.2795	-109.2795	-77.1210	0.7057	77.3674	0.7082	1.7e-04	0.5439
3755	-109.2953	-109.2953	-76.3708	0.6988	78.1414	0.7153	1.7e-04	0.5447
3756	-109.2853	-109.2853	-78.1255	0.7149	76.3785	0.6992	1.7e-04	0.5424
3757	-109.2809	-109.2809	-77.0898	0.7054	77.4159	0.7088	1.7e-04	0.5436
3758	-109.2875	-109.2875	-76.6259	0.7011	77.8842	0.7130	1.7e-04	0.5426
3759	-109.2736	-109.2736	-77.5239	0.7094	76.9658	0.7047	1.7e-04	0.5435
3760	-109.2691	-109.2691	-77.5895	0.7101	76.8992	0.7041	1.7e-04	0.5443
3761	-109.2808	-109.2808	-77.0252	0.7048	77.4741	0.7094	1.7e-04	0.5446
3762	-109.2960	-109.2960	-77.7632	0.7115	76.7658	0.7027	1.7e-04	0.5465
3763	-109.2851	-109.2851	-77.6742	0.7107	76.8339	0.7034	1.7e-04	0.5470
3764	-109.2765	-109.2765	-77.4125	0.7084	77.0860	0.7058	1.7e-04	0.5435
3765	-109.2719	-109.2719	-76.9645	0.7043	77.5299	0.7099	1.7e-04	0.5463
3766	-109.2903	-109.2903	-77.5272	0.7094	76.9953	0.7048	1.7e-04	0.5423
3767	-109.2719	-109.2719	-77.5524	0.7097	76.9361	0.7045	1.7e-04	0.5432
3768	-109.2761	-109.2761	-77.9857	0.7137	76.5097	0.7005	1.7e-04	0.5431
3769	-109.2664	-109.2664	-77.4377	0.7087	77.0550	0.7055	1.7e-04	0.5432
3770	-109.2779	-109.2779	-77.0366	0.7050	77.4652	0.7092	1.7e-04	0.5433
3771	-109.2785	-109.2785	-77.4466	0.7087	77.0549	0.7055	1.7e-04	0.5444
3772	-109.2847	-109.2847	-77.3777	0.7080	77.1308	0.7062	1.7e-04	0.5419
3773	-109.2706	-109.2706	-77.9802	0.7136	76.5015	0.7005	1.7e-04	0.5429
3774	-109.2772	-109.2772	-77.6975	0.7110	76.7850	0.7031	1.7e-04	0.5452
3775	-109.2557	-109.2557	-78.2168	0.7159	76.2369	0.6981	1.7e-04	0.5453
3776	-109.2669	-109.2669	-77.6105	0.7103	76.8754	0.7038	1.7e-04	0.5431
3777	-109.2921	-109.2921	-77.8268	0.7121	76.6819	0.7020	1.7e-04	0.5458
3778	-109.2948	-109.2948	-76.4345	0.6993	78.0792	0.7148	1.7e-04	0.5454
3779	-109.2817	-109.2817	-77.2107	0.7065	77.2937	0.7077	1.7e-04	0.5441
3780	-109.2870	-109.2870	-76.9226	0.7039	77.5772	0.7103	1.7e-04	0.5458
3781	-109.2925	-109.2925	-78.1392	0.7150	76.3526	0.6990	1.7e-04	0.5446
3782	-109.2533	-109.2533	-77.2386	0.7070	77.2484	0.7072	1.7e-04	0.5435
3783	-109.2786	-109.2786	-77.3533	0.7079	77.1309	0.7062	1.7e-04	0.5472
3784	-109.2762	-109.2762	-76.8039	0.7028	77.6938	0.7113	1.7e-04	0.5463
3785	-109.2730	-109.2730	-76.5144	0.7002	77.9692	0.7139	1.7e-04	0.5433
3786	-109.2762	-109.2762	-76.2303	0.6976	78.2678	0.7165	1.7e-04	0.5465
3787	-109.2706	-109.2706	-77.0627	0.7052	77.4214	0.7089	1.7e-04	0.5476
3788	-109.2666	-109.2666	-76.9290	0.7040	77.5626	0.7101	1.7e-04	0.5451
3789	-109.2797	-109.2797	-76.8935	0.7036	77.5976	0.7106	1.7e-04	0.5437
3790	-109.2724	-109.2724	-77.2490	0.7069	77.2341	0.7071	1.7e-04	0.5456
3791	-109.2939	-109.2939	-77.6011	0.7100	76.9274	0.7042	1.7e-04	0.5435
3792	-109.2786	-109.2786	-78.0719	0.7144	76.3938	0.6995	1.7e-04	0.5459
3793	-109.2610	-109.2610	-77.8164	0.7122	76.6593	0.7020	1.7e-04	0.5793
3794	-109.2881	-109.2881	-77.6147	0.7102	76.8941	0.7040	1.7e-04	0.5447
3795	-109.2772	-109.2772	-77.3535	0.7079	77.1581	0.7063	1.7e-04	0.5450
3796	-109.3011	-109.3011	-77.2915	0.7071	77.2488	0.7071	1.7e-04	0.5727
3797	-109.2747	-109.2747	-77.8182	0.7121	76.6670	0.7020	1.7e-04	0.5459
3798	-109.2835	-109.2835	-76.4013	0.6991	78.0949	0.7150	1.7e-04	0.5445
3799	-109.2966	-109.2966	-77.5586	0.7096	76.9430	0.7044	1.7e-04	0.5429
3800	-109.2822	-109.2822	-77.4596	0.7088	77.0417	0.7054	1.7e-04	0.5423
3801	-109.2895	-109.2895	-78.2131	0.7157	76.2959	0.6985	1.7e-04	0.5412
3802	-109.2956	-109.2956	-77.5287	0.7093	76.9895	0.7048	1.7e-04	0.5429
3803	-109.3054	-109.3054	-77.6616	0.7105	76.8311	0.7033	1.7e-04	0.5461
3804	-109.2757	-109.2757	-77.2707	0.7071	77.2085	0.7068	1.7e-04	0.5426
3805	-109.2822	-109.2822	-77.5298	0.7094	76.9748	0.7047	1.7e-04	0.5437
3806	-109.2835	-109.2835	-78.0471	0.7142	76.4438	0.7000	1.7e-04	0.5458
3807	-109.2601	-109.2601	-77.0743	0.7054	77.4085	0.7087	1.7e-04	0.5427
3808	-109.2820	-109.2820	-77.2623	0.7070	77.2272	0.7071	1.7e-04	0.5433
3809	-109.2788	-109.2788	-78.4539	0.7179	76.0253	0.6961	1.7e-04	0.5437
3810	-109.2930	-109.2930	-76.8755	0.7034	77.6256	0.7108	1.7e-04	0.5465
3811	-109.2774	-109.2774	-77.1426	0.7059	77.3605	0.7083	1.7e-04	0.5436
3812	-109.2969	-109.2969	-77.9655	0.7133	76.5502	0.7008	1.7e-04	0.5431
3813	-109.2808	-109.2808	-76.6214	0.7011	77.8833	0.7130	1.7e-04	0.5445
3814	-109.2982	-109.2982	-76.6653	0.7014	77.8525	0.7127	1.7e-04	0.5451
3815	-109.2626	-109.2626	-77.6733	0.7109	76.8073	0.7033	1.7e-04	0.5436
3816	-109.2795	-109.2795	-77.4496	0.7087	77.0597	0.7054	1.7e-04	0.5456
3817	-109.2821	-109.2821	-77.8543	0.7124	76.6338	0.7016	1.7e-04	0.5460
3818	-109.2981	-109.2981	-76.9806	0.7043	77.5350	0.7099	1.7e-04	0.5464
3819	-109.2987	-109.2987	-76.9302	0.7039	77.6027	0.7103	1.7e-04	0.5443
3820	-109.2978	-109.2978	-77.1964	0.7063	77.3302	0.7079	1.7e-04	0.5446
3821	-109.2778	-109.2778	-76.8875	0.7036	77.6018	0.7105	1.7e-04	0.5451
3822	-109.3007	-109.3007	-77.8887	0.7126	76.6316	0.7016	1.7e-04	0.5461
3823	-109.2972	-109.2972	-76.7002	0.7018	77.8183	0.7124	1.7e-04	0.5434
3824	-109.2876	-109.2876	-77.9530	0.7133	76.5548	0.7009	1.7e-04	0.5451
3825	-109.2835	-109.2835	-78.4407	0.7178	76.0374	0.6963	1.7e-04	0.5463
3826	-109.2713	-109.2713	-78.6123	0.7194	75.8522	0.6946	1.7e-04	0.5777
3827	-109.2761	-109.2761	-78.4167	0.7176	76.0651	0.6964	1.7e-04	0.5472
3828	-109.2801	-109.2801	-77.2582	0.7070	77.2176	0.7069	1.7e-04	0.5446
3829	-109.3093	-109.3093	-77.3894	0.7080	77.1495	0.7062	1.7e-04	0.5444
3830	-109.2976	-109.2976	-77.4866	0.7090	77.0337	0.7051	1.7e-04	0.5440
3831	-109.2786	-109.2786	-77.9630	0.7134	76.5283	0.7007	1.7e-04	0.5445
3832	-109.2660	-109.2660	-77.9519	0.7134	76.5245	0.7006	1.7e-04	0.5439
3833	-109.2731	-109.2731	-78.3808	0.7173	76.1091	0.6967	1.7e-04	0.5445
3834	-109.2711	-109.2711	-77.6246	0.7104	76.8756	0.7038	1.7e-04	0.5456
3835	-109.2749	-109.2749	-77.3410	0.7078	77.1573	0.7064	1.7e-04	0.5439
3836	-109.2702	-109.2702	-77.3881	0.7082	77.0820	0.7058	1.7e-04	0.5441
3837	-109.2641	-109.2641	-77.4855	0.7092	77.0044	0.7049	1.7e-04	0.5446
3838	-109.2512	-109.2512	-78.2529	0.7163	76.2029	0.6978	1.7e-04	0.5441
3839	-109.2786	-109.2786	-78.1800	0.7154	76.3229	0.6987	1.7e-04	0.5451
3840	-109.2900	-109.2900	-78.5747	0.7190	75.9158	0.6950	1.7e-04	0.5433
3841	-109.2862	-109.2862	-77.6692	0.7107	76.8345	0.7035	1.7e-04	0.5442
3842	-109.2789	-109.2789	-78.5762	0.7190	75.9049	0.6949	1.7e-04	0.5463
3843	-109.2843	-109.2843	-78.2729	0.7162	76.2381	0.6979	1.7e-04	0.5462
3844	-109.2960	-109.2960	-77.7052	0.7110	76.8217	0.7032	1.7e-04	0.5459
3845	-109.2828	-109.2828	-78.5665	0.7189	75.9185	0.6950	1.7e-04	0.5440
3846	-109.2812	-109.2812	-78.7655	0.7208	75.7252	0.6932	1.7e-04	0.5736
3847	-109.2784	-109.2784	-78.4104	0.7175	76.0714	0.6965	1.7e-04	0.5457
3848	-109.2858	-109.2858	-79.3119	0.7257	75.1353	0.6880	1.7e-04	0.5424
3849	-109.2858	-109.2858	-80.0575	0.7326	74.3467	0.6807	1.7e-04	0.5436
3850	-109.2787	-109.2787	-78.9053	0.7221	75.5452	0.6916	1.7e-04	0.5446
3851	-109.2693	-109.2693	-79.5867	0.7284	74.8458	0.6852	1.7e-04	0.5454
3852	-109.2676	-109.2676	-78.2169	0.7158	76.2629	0.6983	1.7e-04	0.5448
3853	-109.2892	-109.2892	-79.4126	0.7266	75.0341	0.6870	1.7e-04	0.5457
3854	-109.2935	-109.2935	-79.1052	0.7238	75.3730	0.6900	1.7e-04	0.5433
3855	-109.2867	-109.2867	-79.8476	0.7306	74.5811	0.6828	1.7e-04	0.5456
3856	-109.2711	-109.2711	-78.7251	0.7205	75.7340	0.6934	1.7e-04	0.5450
3857	-109.2873	-109.2873	-79.1177	0.7239	75.3392	0.6898	1.7e-04	0.5436
3858	-109.2846	-109.2846	-78.6917	0.7201	75.7786	0.6938	1.7e-04	0.5433
3859	-109.2737	-109.2737	-80.1082	0.7331	74.2785	0.6801	1.7e-04	0.5456
3860	-109.2931	-109.2931	-79.2178	0.7248	75.2506	0.6889	1.7e-04	0.5441
3861	-109.2579	-109.2579	-79.5159	0.7278	74.8835	0.6857	1.7e-04	0.5450
3862	-109.2676	-109.2676	-77.8769	0.7127	76.5997	0.7014	1.7e-04	0.5433
3863	-109.2877	-109.2877	-79.1207	0.7240	75.3448	0.6897	1.7e-04	0.5446
3864	-109.2884	-109.2884	-78.3961	0.7173	76.0955	0.6967	1.7e-04	0.5439
3865	-109.2728	-109.2728	-78.5614	0.7189	75.9135	0.6950	1.7e-04	0.5426
3866	-109.2776	-109.2776	-78.8012	0.7211	75.6469	0.6926	1.7e-04	0.5436
3867	-109.2838	-109.2838	-78.8111	0.7212	75.6579	0.6927	1.7e-04	0.5438
3868	-109.2653	-109.2653	-79.2405	0.7252	75.1965	0.6885	1.7e-04	0.5445
3869	-109.2648	-109.2648	-79.4510	0.7271	74.9676	0.6864	1.7e-04	0.5703
3870	-109.2774	-109.2774	-78.9376	0.7224	75.5282	0.6915	1.7e-04	0.5455
3871	-109.2956	-109.2956	-78.6470	0.7196	75.8682	0.6944	1.7e-04	0.5439
3872	-109.2932	-109.2932	-78.2966	0.7164	76.2041	0.6977	1.7e-04	0.5455
3873	-109.2783	-109.2783	-79.3512	0.7261	75.0956	0.6875	1.7e-04	0.5444
3874	-109.2546	-109.2546	-79.1484	0.7244	75.2751	0.6893	1.7e-04	0.5752
3875	-109.2810	-109.2810	-79.0811	0.7236	75.3893	0.6901	1.7e-04	0.5435
3876	-109.2811	-109.2811	-79.0747	0.7236	75.3745	0.6901	1.7e-04	0.5451
3877	-109.2919	-109.2919	-78.3531	0.7169	76.1519	0.6971	1.7e-04	0.5441
3878	-109.2877	-109.2877	-79.3320	0.7259	75.0901	0.6875	1.7e-04	0.5473
3879	-109.2674	-109.2674	-78.2118	0.7158	76.2508	0.6982	1.7e-04	0.5449
3880	-109.2894	-109.2894	-79.0094	0.7229	75.4609	0.6908	1.7e-04	0.5813
3881	-109.2624	-109.2624	-78.6104	0.7195	75.8588	0.6945	1.7e-04	0.5446
3882	-109.2748	-109.2748	-78.9921	0.7229	75.4747	0.6910	1.7e-04	0.5466
3883	-109.2740	-109.2740	-79.3195	0.7259	75.1207	0.6878	1.7e-04	0.5461
3884	-109.2846	-109.2846	-80.1245	0.7332	74.2849	0.6800	1.7e-04	0.5460
3885	-109.2757	-109.2757	-79.0596	0.7235	75.3911	0.6902	1.7e-04	0.5433
3886	-109.2745	-109.2745	-79.3131	0.7258	75.1306	0.6879	1.7e-04	0.5446
3887	-109.2792	-109.2792	-79.0758	0.7236	75.3905	0.6902	1.7e-04	0.5725
3888	-109.2890	-109.2890	-78.6555	0.7197	75.8360	0.6943	1.7e-04	0.5452
3889	-109.2865	-109.2865	-78.3119	0.7166	76.1592	0.6972	1.7e-04	0.5545
3890	-109.2846	-109.2846	-79.6971	0.7293	74.7161	0.6841	1.7e-04	0.5449
3891	-109.2745	-109.2745	-79.3389	0.7261	75.0939	0.6875	1.7e-04	0.5423
3892	-109.2802	-109.2802	-79.8055	0.7303	74.6086	0.6831	1.7e-04	0.5455
3893	-109.2757	-109.2757	-80.1620	0.7336	74.2238	0.6796	1.7e-04	0.5457
3894	-109.2845	-109.2845	-78.6100	0.7193	75.8612	0.6946	1.7e-04	0.5475
3895	-109.2792	-109.2792	-79.1867	0.7246	75.2583	0.6891	1.7e-04	0.5457
3896	-109.2854	-109.2854	-79.2308	0.7250	75.2215	0.6886	1.7e-04	0.5771
3897	-109.2697	-109.2697	-78.9067	0.7221	75.5456	0.6918	1.7e-04	0.5455
3898	-109.2843	-109.2843	-78.9894	0.7228	75.4770	0.6911	1.7e-04	0.5445
3899	-109.2691	-109.2691	-79.7038	0.7294	74.6972	0.6839	1.7e-04	0.5432
3900	-109.2743	-109.2743	-78.9622	0.7226	75.4986	0.6912	1.7e-04	0.5467
3901	-109.2930	-109.2930	-77.9281	0.7130	76.5843	0.7011	1.7e-04	0.5420
3902	-109.2935	-109.2935	-79.2009	0.7247	75.2663	0.6891	1.7e-04	0.5446
3903	-109.3012	-109.3012	-78.5463	0.7186	75.9510	0.6953	1.7e-04	0.5775
3904	-109.2801	-109.2801	-78.8131	0.7212	75.6618	0.6927	1.7e-04	0.5455
3905	-109.2833	-109.2833	-78.3145	0.7166	76.1724	0.6974	1.7e-04	0.5448
3906	-109.2937	-109.2937	-78.0246	0.7139	76.4665	0.7000	1.7e-04	0.5432
3907	-109.2820	-109.2820	-79.3999	0.7266	75.0469	0.6871	1.7e-04	0.5419
3908	-109.2685	-109.2685	-78.8566	0.7217	75.6018	0.6922	1.7e-04	0.5482
3909	-109.2715	-109.2715	-77.7321	0.7114	76.7432	0.7026	1.7e-04	0.5448
3910	-109.2895	-109.2895	-78.0619	0.7143	76.4261	0.6997	1.7e-04	0.5446
3911	-109.2960	-109.2960	-77.8789	0.7125	76.6484	0.7016	1.7e-04	0.5448
3912	-109.2937	-109.2937	-78.2503	0.7160	76.2420	0.6980	1.7e-04	0.5451
3913	-109.2747	-109.2747	-77.1731	0.7062	77.3332	0.7080	1.7e-04	0.5447
3914	-109.2636	-109.2636	-77.9266	0.7132	76.5395	0.7009	1.7e-04	0.5428
3915	-109.2650	-109.2650	-78.4641	0.7181	75.9940	0.6958	1.7e-04	0.5441
3916	-109.2753	-109.2753	-78.1061	0.7148	76.3768	0.6993	1.7e-04	0.5464
3917	-109.2724	-109.2724	-78.0072	0.7139	76.4732	0.7002	1.7e-04	0.5438
3918	-109.2982	-109.2982	-77.5063	0.7091	76.9899	0.7048	1.7e-04	0.5444
3919	-109.2836	-109.2836	-76.9690	0.7043	77.5418	0.7099	1.7e-04	0.5452
3920	-109.2898	-109.2898	-76.9988	0.7045	77.5072	0.7096	1.7e-04	0.5467
3921	-109.2915	-109.2915	-77.5462	0.7095	76.9661	0.7047	1.7e-04	0.5458
3922	-109.2628	-109.2628	-78.1728	0.7155	76.3012	0.6987	1.7e-04	0.5427
3923	-109.3048	-109.3048	-78.0934	0.7145	76.4293	0.6997	1.7e-04	0.5433
3924	-109.2894	-109.2894	-76.6038	0.7009	77.9014	0.7132	1.7e-04	0.5471
3925	-109.2603	-109.2603	-77.4367	0.7087	77.0341	0.7054	1.7e-04	0.5455
3926	-109.2697	-109.2697	-78.1562	0.7153	76.3196	0.6988	1.7e-04	0.5436
3927	-109.2671	-109.2671	-77.7112	0.7112	76.7563	0.7028	1.7e-04	0.5443
3928	-109.2756	-109.2756	-78.8706	0.7218	75.5886	0.6921	1.7e-04	0.5447
3929	-109.2695	-109.2695	-77.6966	0.7111	76.7889	0.7031	1.7e-04	0.5440
3930	-109.2783	-109.2783	-76.7952	0.7027	77.7072	0.7114	1.7e-04	0.5638
3931	-109.2685	-109.2685	-76.1674	0.6971	78.3050	0.7169	1.7e-04	0.5436
3932	-109.2642	-109.2642	-77.5646	0.7099	76.9156	0.7043	1.7e-04	0.5460
3933	-109.2682	-109.2682	-77.4718	0.7090	77.0287	0.7052	1.7e-04	0.5464
3934	-109.2741	-109.2741	-77.6653	0.7107	76.8304	0.7035	1.7e-04	0.5768
3935	-109.2722	-109.2722	-76.3383	0.6986	78.1429	0.7155	1.7e-04	0.5455
3936	-109.2814	-109.2814	-76.5920	0.7009	77.9063	0.7133	1.7e-04	0.5461
3937	-109.2572	-109.2572	-77.2579	0.7071	77.2075	0.7069	1.7e-04	0.5800
3938	-109.2768	-109.2768	-76.9841	0.7045	77.5055	0.7097	1.7e-04	0.5486
3939	-109.2712	-109.2712	-77.1457	0.7060	77.3554	0.7082	1.7e-04	0.5440
3940	-109.2760	-109.2760	-77.6018	0.7101	76.8982	0.7040	1.7e-04	0.5452
3941	-109.2805	-109.2805	-77.2905	0.7073	77.2211	0.7069	1.7e-04	0.5434
3942	-109.2767	-109.2767	-76.4577	0.6997	78.0312	0.7145	1.7e-04	0.5461
3943	-109.2746	-109.2746	-77.2276	0.7067	77.2465	0.7073	1.7e-04	0.5441
3944	-109.2633	-109.2633	-76.8475	0.7033	77.6392	0.7109	1.7e-04	0.5450
3945	-109.2731	-109.2731	-76.7247	0.7021	77.7760	0.7120	1.7e-04	0.5441
3946	-109.2877	-109.2877	-76.3478	0.6986	78.1656	0.7155	1.7e-04	0.5440
3947	-109.2900	-109.2900	-77.6769	0.7107	76.8451	0.7034	1.7e-04	0.5452
3948	-109.2667	-109.2667	-77.3171	0.7076	77.1640	0.7065	1.7e-04	0.5448
3949	-109.2776	-109.2776	-77.2867	0.7073	77.2109	0.7069	1.7e-04	0.5430
3950	-109.2853	-109.2853	-77.0961	0.7055	77.4139	0.7087	1.7e-04	0.5464
3951	-109.2862	-109.2862	-77.0806	0.7053	77.4018	0.7087	1.7e-04	0.5450
3952	-109.2883	-109.2883	-76.9709	0.7043	77.5461	0.7099	1.7e-04	0.5438
3953	-109.2689	-109.2689	-76.8677	0.7035	77.5982	0.7105	1.7e-04	0.5429
3954	-109.2639	-109.2639	-76.7414	0.7023	77.7405	0.7117	1.7e-04	0.5741
3955	-109.2820	-109.2820	-77.3045	0.7074	77.1736	0.7067	1.7e-04	0.5443
3956	-109.2918	-109.2918	-77.0545	0.7050	77.4603	0.7092	1.7e-04	0.5442
3957	-109.2698	-109.2698	-77.0110	0.7048	77.4836	0.7094	1.7e-04	0.5435
3958	-109.2588	-109.2588	-78.0531	0.7144	76.4093	0.6996	1.7e-04	0.5447
3959	-109.2608	-109.2608	-76.7402	0.7024	77.7325	0.7118	1.7e-04	0.5470
3960	-109.2728	-109.2728	-76.9811	0.7045	77.5114	0.7097	1.7e-04	0.5735
3961	-109.2829	-109.2829	-77.2971	0.7073	77.1895	0.7067	1.7e-04	0.5455
3962	-109.2973	-109.2973	-77.5162	0.7092	77.0091	0.7050	1.7e-04	0.5447
3963	-109.2933	-109.2933	-77.4717	0.7088	77.0511	0.7054	1.7e-04	0.5442
3964	-109.2778	-109.2778	-77.3366	0.7077	77.1576	0.7064	1.7e-04	0.5433
3965	-109.2954	-109.2954	-77.8209	0.7120	76.6963	0.7021	1.7e-04	0.5440
3966	-109.2710	-109.2710	-77.2439	0.7069	77.2240	0.7071	1.7e-04	0.5446
3967	-109.2926	-109.2926	-77.7981	0.7118	76.7183	0.7023	1.7e-04	0.5444
3968	-109.2733	-109.2733	-76.1941	0.6973	78.2828	0.7167	1.7e-04	0.5466
3969	-109.2750	-109.2751	-75.9794	0.6953	78.5001	0.7187	1.7e-04	0.5463
3970	-109.2787	-109.2787	-77.6034	0.7101	76.8723	0.7039	1.7e-04	0.5426
3971	-109.2941	-109.2941	-77.0075	0.7046	77.5031	0.7096	1.7e-04	0.5431
3972	-109.2886	-109.2886	-77.0253	0.7048	77.4849	0.7093	1.7e-04	0.5448
3973	-109.2816	-109.2816	-76.3271	0.6984	78.1701	0.7157	1.7e-04	0.5450
3974	-109.2807	-109.2807	-76.5130	0.7002	77.9929	0.7140	1.7e-04	0.5441
3975	-109.2766	-109.2766	-76.3583	0.6988	78.1219	0.7153	1.7e-04	0.5448
3976	-109.2781	-109.2781	-76.6028	0.7010	77.9061	0.7132	1.7e-04	0.5458
3977	-109.2870	-109.2870	-77.2017	0.7064	77.3146	0.7078	1.7e-04	0.5437
3978	-109.2912	-109.2912	-76.7350	0.7021	77.7678	0.7119	1.7e-04	0.5446
3979	-109.2932	-109.2932	-76.6432	0.7013	77.8599	0.7128	1.7e-04	0.5445
3980	-109.2744	-109.2744	-76.0534	0.6960	78.4241	0.7180	1.7e-04	0.5434
3981	-109.2793	-109.2794	-75.5071	0.6910	78.9487	0.7227	1.7e-04	0.5448
3982	-109.2803	-109.2803	-76.9651	0.7043	77.5428	0.7098	1.7e-04	0.5457
3983	-109.2647	-109.2647	-76.9744	0.7045	77.4949	0.7096	1.7e-04	0.5440
3984	-109.2783	-109.2783	-76.6059	0.7010	77.8898	0.7131	1.7e-04	0.5738
3985	-109.2719	-109.2719	-77.0870	0.7055	77.4174	0.7087	1.7e-04	0.5459
3986	-109.2627	-109.2627	-76.5655	0.7007	77.9014	0.7132	1.7e-04	0.5447
3987	-109.2944	-109.2944	-76.8763	0.7034	77.6356	0.7106	1.7e-04	0.5446
3988	-109.2747	-109.2747	-77.4029	0.7083	77.1063	0.7059	1.7e-04	0.5469
3989	-109.2898	-109.2898	-77.5104	0.7092	77.0069	0.7049	1.7e-04	0.5448
3990	-109.2773	-109.2773	-77.6419	0.7105	76.8571	0.7037	1.7e-04	0.5445
3991	-109.2751	-109.2751	-76.9251	0.7040	77.5503	0.7100	1.7e-04	0.5445
3992	-109.2658	-109.2658	-77.5154	0.7094	76.9686	0.7048	1.7e-04	0.5451
3993	-109.3037	-109.3037	-77.8462	0.7122	76.6799	0.7019	1.7e-04	0.5459
3994	-109.3012	-109.3012	-77.8221	0.7120	76.6965	0.7021	1.7e-04	0.5459
3995	-109.2809	-109.2809	-78.8320	0.7214	75.6526	0.6925	1.7e-04	0.5438
3996	-109.3019	-109.3019	-77.8802	0.7125	76.6475	0.7016	1.7e-04	0.5438
3997	-109.2849	-109.2849	-77.8660	0.7125	76.6370	0.7016	1.7e-04	0.5441
3998	-109.2791	-109.2791	-77.7882	0.7118	76.7026	0.7022	1.7e-04	0.5456
3999	-109.2732	-109.2732	-78.7345	0.7205	75.7382	0.6934	1.7e-04	0.5465
4000	-109.2747	-109.2747	-76.3855	0.6990	78.0890	0.7148	1.7e-04	0.5449
4001	-109.2806	-109.2806	-77.6700	0.7107	76.8133	0.7033	1.7e-04	0.5420
4002	-109.2821	-109.2821	-77.9986	0.7137	76.4914	0.7002	1.7e-04	0.5443
4003	-109.3080	-109.3080	-77.7525	0.7113	76.7756	0.7028	1.7e-04	0.5804
4004	-109.2797	-109.2797	-78.2988	0.7165	76.1741	0.6974	1.7e-04	0.5445
4005	-109.2725	-109.2725	-78.7099	0.7203	75.7284	0.6933	1.7e-04	0.5447
4006	-109.2609	-109.2609	-78.0963	0.7148	76.3757	0.6993	1.7e-04	0.5449
4007	-109.2744	-109.2744	-78.1103	0.7148	76.3793	0.6993	1.7e-04	0.5460
4008	-109.2928	-109.2928	-78.8034	0.7210	75.6925	0.6929	1.7e-04	0.5464
4009	-109.2626	-109.2626	-78.5265	0.7187	75.9406	0.6953	1.7e-04	0.5441
4010	-109.2800	-109.2800	-78.9466	0.7224	75.5187	0.6914	1.7e-04	0.5455
4011	-109.2795	-109.2795	-78.9234	0.7222	75.5465	0.6916	1.7e-04	0.5455
4012	-109.2761	-109.2761	-78.5430	0.7188	75.9299	0.6952	1.7e-04	0.5461
4013	-109.2508	-109.2508	-78.9563	0.7227	75.4794	0.6911	1.7e-04	0.5453
4014	-109.2811	-109.2811	-78.3798	0.7172	76.1083	0.6968	1.7e-04	0.5443
4015	-109.2878	-109.2878	-78.8108	0.7211	75.6853	0.6928	1.7e-04	0.5467
4016	-109.2846	-109.2846	-78.3107	0.7166	76.1835	0.6975	1.7e-04	0.5442
4017	-109.2885	-109.2885	-78.6436	0.7196	75.8407	0.6943	1.7e-04	0.5466
4018	-109.2946	-109.2946	-78.2700	0.7161	76.2296	0.6978	1.7e-04	0.5444
4019	-109.2765	-109.2765	-78.2114	0.7157	76.2624	0.6982	1.7e-04	0.5433
4020	-109.2681	-109.2681	-78.3467	0.7170	76.1240	0.6970	1.7e-04	0.5443
4021	-109.2864	-109.2864	-79.0678	0.7235	75.3966	0.6902	1.7e-04	0.5474
4022	-109.2807	-109.2807	-79.5505	0.7279	74.8878	0.6856	1.7e-04	0.5444
4023	-109.2919	-109.2919	-79.3718	0.7262	75.0862	0.6874	1.7e-04	0.5451
4024	-109.2741	-109.2741	-78.9395	0.7224	75.5192	0.6914	1.7e-04	0.5453
4025	-109.2902	-109.2902	-78.3787	0.7172	76.1227	0.6968	1.7e-04	0.5767
4026	-109.3012	-109.3012	-78.4837	0.7180	76.0342	0.6959	1.7e-04	0.5470
4027	-109.2685	-109.2685	-78.6792	0.7201	75.7923	0.6939	1.7e-04	0.5462
4028	-109.2728	-109.2728	-78.9022	0.7221	75.5497	0.6917	1.7e-04	0.5445
4029	-109.2747	-109.2747	-78.2589	0.7162	76.2379	0.6979	1.7e-04	0.5445
4030	-109.2672	-109.2672	-77.2710	0.7072	77.1760	0.7066	1.7e-04	0.5770
4031	-109.2839	-109.2839	-78.4523	0.7179	76.0477	0.6962	1.7e-04	0.5455
4032	-109.2718	-109.2718	-77.8167	0.7121	76.6879	0.7020	1.7e-04	0.5436
4033	-109.2497	-109.2497	-77.4335	0.7088	77.0389	0.7054	1.7e-04	0.5436
4034	-109.2827	-109.2827	-78.5589	0.7189	75.9297	0.6951	1.7e-04	0.5778
4035	-109.2994	-109.2994	-79.1783	0.7244	75.3099	0.6894	1.7e-04	0.5461
4036	-109.2745	-109.2745	-79.0711	0.7236	75.3869	0.6902	1.7e-04	0.5440
4037	-109.2994	-109.2994	-78.4035	0.7173	76.1091	0.6967	1.7e-04	0.5445
4038	-109.2637	-109.2637	-78.4718	0.7182	76.0022	0.6958	1.7e-04	0.5468
4039	-109.2791	-109.2791	-78.5155	0.7185	75.9706	0.6955	1.7e-04	0.5764
4040	-109.2680	-109.2680	-79.2333	0.7251	75.2112	0.6886	1.7e-04	0.5440
4041	-109.2938	-109.2938	-79.2880	0.7255	75.1774	0.6881	1.7e-04	0.5456
4042	-109.2689	-109.2689	-78.3104	0.7167	76.1153	0.6970	1.7e-04	0.5454
4043	-109.3035	-109.3035	-78.9834	0.7226	75.4508	0.6906	1.7e-04	0.5441
4044	-109.2844	-109.2844	-78.9758	0.7227	75.4739	0.6909	1.7e-04	0.5440
4045	-109.2665	-109.2665	-79.3032	0.7258	75.1364	0.6879	1.7e-04	0.5442
4046	-109.2939	-109.2939	-78.3954	0.7173	76.1088	0.6967	1.7e-04	0.5442
4047	-109.2940	-109.2940	-78.7637	0.7207	75.7244	0.6933	1.7e-04	0.5464
4048	-109.2692	-109.2692	-78.9654	0.7227	75.4931	0.6912	1.7e-04	0.5455
4049	-109.2825	-109.2825	-79.1298	0.7241	75.3322	0.6897	1.7e-04	0.5540
4050	-109.2776	-109.2776	-79.7215	0.7295	74.6916	0.6838	1.7e-04	0.5435
4051	-109.2792	-109.2792	-78.6854	0.7200	75.8005	0.6939	1.7e-04	0.5448
4052	-109.2793	-109.2793	-78.6975	0.7202	75.7746	0.6937	1.7e-04	0.5778
4053	-109.2971	-109.2971	-78.7061	0.7201	75.7788	0.6937	1.7e-04	0.5459
4054	-109.2462	-109.2462	-79.9377	0.7317	74.4344	0.6816	1.7e-04	0.5446
4055	-109.2840	-109.2840	-79.5076	0.7275	74.9294	0.6861	1.7e-04	0.5470
4056	-109.2551	-109.2551	-79.2409	0.7253	75.1900	0.6884	1.7e-04	0.5434
4057	-109.2859	-109.2859	-79.0238	0.7231	75.4579	0.6907	1.7e-04	0.5777
4058	-109.2759	-109.2759	-79.5036	0.7275	74.9376	0.6860	1.7e-04	0.5442
4059	-109.2808	-109.2808	-79.2045	0.7248	75.2594	0.6890	1.7e-04	0.5449
4060	-109.2760	-109.2760	-79.6219	0.7286	74.7935	0.6848	1.7e-04	0.5457
4061	-109.2680	-109.2680	-80.5023	0.7367	73.8446	0.6762	1.7e-04	0.5767
4062	-109.2680	-109.2680	-78.5614	0.7190	75.8966	0.6949	1.7e-04	0.5458
4063	-109.2885	-109.2885	-79.9325	0.7314	74.4917	0.6820	1.7e-04	0.5484
4064	-109.2750	-109.2750	-79.8699	0.7309	74.5354	0.6824	1.7e-04	0.5455
4065	-109.2689	-109.2689	-79.1798	0.7246	75.2619	0.6891	1.7e-04	0.5776
4066	-109.3058	-109.3058	-79.8629	0.7306	74.5820	0.6827	1.7e-04	0.5459
4067	-109.2589	-109.2589	-79.8094	0.7305	74.5673	0.6828	1.7e-04	0.5442
4068	-109.3032	-109.3032	-80.2538	0.7342	74.1510	0.6788	1.7e-04	0.5442
4069	-109.2676	-109.2676	-79.3136	0.7259	75.1071	0.6877	1.7e-04	0.5460
4070	-109.2805	-109.2805	-79.5973	0.7284	74.8333	0.6852	1.7e-04	0.5452
4071	-109.2802	-109.2802	-79.5723	0.7281	74.8557	0.6854	1.7e-04	0.5461
4072	-109.2846	-109.2846	-80.0332	0.7323	74.3815	0.6809	1.7e-04	0.5449
4073	-109.2756	-109.2756	-79.6485	0.7289	74.7569	0.6845	1.7e-04	0.5439
4074	-109.2807	-109.2807	-79.0526	0.7234	75.3919	0.6902	1.7e-04	0.5441
4075	-109.2673	-109.2673	-79.5168	0.7277	74.9035	0.6858	1.7e-04	0.5444
4076	-109.2710	-109.2710	-80.3601	0.7354	73.9999	0.6776	1.7e-04	0.5726
4077	-109.2880	-109.2880	-79.8288	0.7304	74.5726	0.6827	1.7e-04	0.5455
4078	-109.2835	-109.2835	-79.2393	0.7251	75.2282	0.6887	1.7e-04	0.5442
4079	-109.2748	-109.2748	-79.2133	0.7249	75.2378	0.6889	1.7e-04	0.5446
4080	-109.2688	-109.2688	-79.5874	0.7284	74.8394	0.6852	1.7e-04	0.5449
4081	-109.2860	-109.2860	-79.1913	0.7246	75.2658	0.6891	1.7e-04	0.5470
4082	-109.2795	-109.2795	-79.5768	0.7282	74.8607	0.6854	1.7e-04	0.5440
4083	-109.2873	-109.2873	-78.6510	0.7197	75.8309	0.6942	1.7e-04	0.5460
4084	-109.2745	-109.2745	-79.0614	0.7235	75.3937	0.6903	1.7e-04	0.5459
4085	-109.2895	-109.2895	-79.4498	0.7270	74.9964	0.6867	1.7e-04	0.5454
4086	-109.2782	-109.2782	-78.6656	0.7199	75.8135	0.6940	1.7e-04	0.5433
4087	-109.2929	-109.2929	-80.0535	0.7325	74.3671	0.6808	1.7e-04	0.5453
4088	-109.2847	-109.2847	-79.3630	0.7262	75.0831	0.6874	1.7e-04	0.5451
4089	-109.2931	-109.2931	-79.2965	0.7255	75.1741	0.6882	1.7e-04	0.5442
4090	-109.2846	-109.2846	-79.3521	0.7261	75.0966	0.6876	1.6e-04	0.5478
4091	-109.2561	-109.2561	-79.5529	0.7281	74.8371	0.6853	1.6e-04	0.5448
4092	-109.2604	-109.2604	-79.0324	0.7233	75.4072	0.6905	1.6e-04	0.5460
4093	-109.2779	-109.2779	-79.5007	0.7275	74.9422	0.6861	1.6e-04	0.5446
4094	-109.2874	-109.2874	-78.5780	0.7190	75.9073	0.6950	1.6e-04	0.5448
4095	-109.2835	-109.2835	-78.7870	0.7209	75.6861	0.6929	1.6e-04	0.5461
4096	-109.2642	-109.2642	-78.7941	0.7211	75.6600	0.6928	1.6e-04	0.5441
4097	-109.2801	-109.2801	-78.7704	0.7208	75.6830	0.6929	1.6e-04	0.5445
4098	-109.2886	-109.2886	-79.1337	0.7241	75.3369	0.6897	1.6e-04	0.5470
4099	-109.2822	-109.2822	-78.3085	0.7166	76.1844	0.6975	1.6e-04	0.5789
4100	-109.2882	-109.2882	-78.5427	0.7187	75.9307	0.6952	1.6e-04	0.5447
4101	-109.2823	-109.2823	-78.8015	0.7211	75.6731	0.6928	1.6e-04	0.5430
4102	-109.2671	-109.2671	-78.7076	0.7203	75.7424	0.6935	1.6e-04	0.5472
4103	-109.2814	-109.2814	-78.9970	0.7229	75.4801	0.6910	1.6e-04	0.5775
4104	-109.2711	-109.2711	-78.0486	0.7143	76.4308	0.6998	1.6e-04	0.5439
4105	-109.2819	-109.2819	-78.8903	0.7219	75.5585	0.6918	1.6e-04	0.5459
4106	-109.2882	-109.2882	-78.6692	0.7198	75.8294	0.6941	1.6e-04	0.5451
4107	-109.2744	-109.2744	-77.6239	0.7104	76.8652	0.7037	1.6e-04	0.5439
4108	-109.2725	-109.2725	-79.1125	0.7240	75.3300	0.6897	1.6e-04	0.5450
4109	-109.2736	-109.2736	-79.7504	0.7298	74.6570	0.6836	1.6e-04	0.5471
4110	-109.2893	-109.2893	-78.0077	0.7138	76.5064	0.7004	1.6e-04	0.5425
4111	-109.2855	-109.2855	-78.4441	0.7178	76.0412	0.6962	1.6e-04	0.5456
4112	-109.2821	-109.2821	-79.1956	0.7247	75.2637	0.6890	1.6e-04	0.5456
4113	-109.2774	-109.2774	-78.9978	0.7229	75.4716	0.6909	1.6e-04	0.5453
4114	-109.2910	-109.2910	-78.5390	0.7186	75.9539	0.6954	1.6e-04	0.5782
4115	-109.2811	-109.2811	-79.1355	0.7241	75.3257	0.6896	1.6e-04	0.5465
4116	-109.2923	-109.2923	-79.3012	0.7256	75.1595	0.6881	1.6e-04	0.5464
4117	-109.2792	-109.2792	-78.4067	0.7175	76.0864	0.6966	1.6e-04	0.5446
4118	-109.2835	-109.2835	-78.4883	0.7182	75.9929	0.6957	1.6e-04	0.5456
4119	-109.2889	-109.2889	-79.3469	0.7260	75.1084	0.6876	1.6e-04	0.5442
4120	-109.2946	-109.2946	-78.7038	0.7201	75.7860	0.6937	1.6e-04	0.5443
4121	-109.2784	-109.2784	-78.6057	0.7193	75.8714	0.6947	1.6e-04	0.5788
4122	-109.2945	-109.2945	-78.5136	0.7184	75.9803	0.6956	1.6e-04	0.5457
4123	-109.2954	-109.2954	-78.5433	0.7186	75.9642	0.6954	1.6e-04	0.5462
4124	-109.2769	-109.2769	-79.4066	0.7267	75.0451	0.6870	1.6e-04	0.5743
4125	-109.2734	-109.2734	-79.0673	0.7236	75.3802	0.6902	1.6e-04	0.5452
4126	-109.2881	-109.2881	-78.8584	0.7216	75.6069	0.6922	1.6e-04	0.5449
4127	-109.2727	-109.2727	-79.5959	0.7284	74.8279	0.6850	1.6e-04	0.5446
4128	-109.2764	-109.2764	-78.9813	0.7228	75.4659	0.6910	1.6e-04	0.5733
4129	-109.2734	-109.2734	-79.5881	0.7283	74.8393	0.6852	1.6e-04	0.5480
4130	-109.2805	-109.2805	-79.6224	0.7286	74.8122	0.6849	1.6e-04	0.5454
4131	-109.2819	-109.2819	-79.3231	0.7259	75.1118	0.6876	1.6e-04	0.5441
4132	-109.2797	-109.2797	-79.0552	0.7234	75.4086	0.6904	1.6e-04	0.5744
4133	-109.2669	-109.2669	-79.6331	0.7288	74.7820	0.6847	1.6e-04	0.5449
4134	-109.2654	-109.2654	-79.0931	0.7239	75.3463	0.6899	1.6e-04	0.5467
4135	-109.2832	-109.2832	-79.6668	0.7290	74.7560	0.6844	1.6e-04	0.5427
4136	-109.2789	-109.2789	-79.4581	0.7271	74.9870	0.6865	1.6e-04	0.5447
4137	-109.2902	-109.2902	-78.8088	0.7211	75.6697	0.6928	1.6e-04	0.5462
4138	-109.2808	-109.2808	-79.2494	0.7252	75.2013	0.6885	1.6e-04	0.5470
4139	-109.2591	-109.2591	-78.8321	0.7215	75.6083	0.6924	1.6e-04	0.5752
4140	-109.2820	-109.2820	-79.0593	0.7234	75.3974	0.6903	1.6e-04	0.5467
4141	-109.2776	-109.2776	-78.9902	0.7228	75.4500	0.6908	1.6e-04	0.5460
4142	-109.2749	-109.2749	-78.9760	0.7227	75.4647	0.6910	1.6e-04	0.5437
4143	-109.2890	-109.2890	-78.9678	0.7226	75.5047	0.6913	1.6e-04	0.5440
4144	-109.2963	-109.2963	-78.3850	0.7172	76.1090	0.6968	1.6e-04	0.5454
4145	-109.2801	-109.2801	-77.2427	0.7068	77.2719	0.7074	1.6e-04	0.5461
4146	-109.2779	-109.2779	-78.2404	0.7160	76.2548	0.6981	1.6e-04	0.5465
4147	-109.2842	-109.2842	-78.1275	0.7149	76.3605	0.6992	1.6e-04	0.5438
4148	-109.2821	-109.2821	-78.9738	0.7227	75.4753	0.6910	1.6e-04	0.5437
4149	-109.2818	-109.2818	-79.7144	0.7294	74.7130	0.6840	1.6e-04	0.5443
4150	-109.2764	-109.2764	-79.0668	0.7235	75.3946	0.6903	1.6e-04	0.5776
4151	-109.2850	-109.2850	-78.1109	0.7147	76.3765	0.6993	1.6e-04	0.5441
4152	-109.2768	-109.2768	-78.4049	0.7175	76.0795	0.6966	1.6e-04	0.5430
4153	-109.2784	-109.2784	-77.8966	0.7128	76.5892	0.7012	1.6e-04	0.5774
4154	-109.2900	-109.2900	-78.0618	0.7143	76.4484	0.6998	1.6e-04	0.5449
4155	-109.2886	-109.2886	-78.0945	0.7146	76.4042	0.6995	1.6e-04	0.5440
4156	-109.2826	-109.2826	-78.0693	0.7144	76.4011	0.6996	1.6e-04	0.5442
4157	-109.2903	-109.2903	-77.7281	0.7112	76.7759	0.7029	1.6e-04	0.5447
4158	-109.2786	-109.2786	-78.6911	0.7201	75.7841	0.6939	1.6e-04	0.5469
4159	-109.2854	-109.2854	-78.9217	0.7222	75.5565	0.6917	1.6e-04	0.5768
4160	-109.2698	-109.2698	-78.8506	0.7216	75.6067	0.6923	1.6e-04	0.5474
4161	-109.2692	-109.2692	-79.1208	0.7241	75.3092	0.6897	1.6e-04	0.5458
4162	-109.2880	-109.2880	-78.1282	0.7149	76.3813	0.6992	1.6e-04	0.5446
4163	-109.2710	-109.2710	-78.2188	0.7158	76.2576	0.6982	1.6e-04	0.5459
4164	-109.2783	-109.2783	-78.0146	0.7139	76.4756	0.7002	1.6e-04	0.5444
4165	-109.2715	-109.2715	-78.0346	0.7141	76.4566	0.7000	1.6e-04	0.5455
4166	-109.2740	-109.2740	-78.7811	0.7210	75.6771	0.6929	1.6e-04	0.5460
4167	-109.2648	-109.2648	-78.7001	0.7203	75.7523	0.6936	1.6e-04	0.5443
4168	-109.2904	-109.2904	-77.8940	0.7127	76.6048	0.7014	1.6e-04	0.5461
4169	-109.2797	-109.2797	-78.3730	0.7172	76.1170	0.6969	1.6e-04	0.5448
4170	-109.2783	-109.2783	-78.5630	0.7189	75.9111	0.6950	1.6e-04	0.5444
4171	-109.2906	-109.2906	-78.5042	0.7183	75.9461	0.6953	1.6e-04	0.5452
4172	-109.2815	-109.2815	-78.1050	0.7147	76.3952	0.6994	1.6e-04	0.5771
4173	-109.2691	-109.2691	-77.7791	0.7118	76.7189	0.7024	1.6e-04	0.5451
4174	-109.2820	-109.2820	-77.1707	0.7062	77.3283	0.7080	1.6e-04	0.5450
4175	-109.2669	-109.2669	-78.3160	0.7167	76.1481	0.6973	1.6e-04	0.5458
4176	-109.2843	-109.2843	-76.9020	0.7037	77.6113	0.7105	1.6e-04	0.5434
4177	-109.2769	-109.2769	-77.1319	0.7058	77.3505	0.7084	1.6e-04	0.5472
4178	-109.2592	-109.2592	-78.5811	0.7192	75.8729	0.6948	1.6e-04	0.5440
4179	-109.2795	-109.2795	-77.7591	0.7116	76.7368	0.7026	1.6e-04	0.5443
4180	-109.2782	-109.2782	-77.5742	0.7099	76.9204	0.7043	1.6e-04	0.5438
4181	-109.2632	-109.2632	-78.0000	0.7139	76.4746	0.7002	1.6e-04	0.5459
4182	-109.2894	-109.2894	-77.1426	0.7059	77.3500	0.7082	1.6e-04	0.5465
4183	-109.2970	-109.2970	-77.1103	0.7055	77.3754	0.7084	1.6e-04	0.5459
4184	-109.3013	-109.3013	-77.6043	0.7100	76.8988	0.7040	1.6e-04	0.5600
4185	-109.3013	-109.3013	-76.8922	0.7035	77.6308	0.7106	1.6e-04	0.5448
4186	-109.2786	-109.2786	-77.0346	0.7049	77.4651	0.7093	1.6e-04	0.5462
4187	-109.2767	-109.2767	-77.4765	0.7090	77.0153	0.7051	1.6e-04	0.5473
4188	-109.2763	-109.2763	-77.5447	0.7096	76.9539	0.7046	1.6e-04	0.5455
4189	-109.2756	-109.2756	-76.6531	0.7015	77.7825	0.7122	1.6e-04	0.5433
4190	-109.2611	-109.2611	-76.6768	0.7018	77.7795	0.7122	1.6e-04	0.5778
4191	-109.2509	-109.2509	-76.7996	0.7030	77.6582	0.7110	1.6e-04	0.5456
4192	-109.2671	-109.2671	-76.9437	0.7042	77.5381	0.7100	1.6e-04	0.5443
4193	-109.2760	-109.2760	-76.6594	0.7015	77.8162	0.7125	1.6e-04	0.5443
4194	-109.2893	-109.2893	-76.9744	0.7043	77.5437	0.7099	1.6e-04	0.5447
4195	-109.2691	-109.2691	-76.0554	0.6960	78.3991	0.7179	1.6e-04	0.5457
4196	-109.2722	-109.2722	-76.9685	0.7044	77.5146	0.7098	1.6e-04	0.5466
4197	-109.2761	-109.2761	-76.3765	0.6989	78.0782	0.7148	1.6e-04	0.5449
4198	-109.2769	-109.2769	-76.9900	0.7045	77.5011	0.7097	1.6e-04	0.5462
4199	-109.2921	-109.2921	-76.6342	0.7012	77.8721	0.7130	1.6e-04	0.5446
4200	-109.2977	-109.2977	-76.3940	0.6990	78.1139	0.7151	1.6e-04	0.5767
4201	-109.2743	-109.2743	-75.9955	0.6955	78.4954	0.7186	1.6e-04	0.5429
4202	-109.3024	-109.3024	-76.6702	0.7015	77.8494	0.7126	1.6e-04	0.5465
4203	-109.2868	-109.2868	-76.1179	0.6965	78.3745	0.7175	1.6e-04	0.5769
4204	-109.2798	-109.2798	-77.3359	0.7077	77.1508	0.7065	1.6e-04	0.5461
4205	-109.2725	-109.2725	-77.3283	0.7077	77.1302	0.7062	1.6e-04	0.5444
4206	-109.2852	-109.2852	-76.7591	0.7024	77.7435	0.7118	1.6e-04	0.5765
4207	-109.2611	-109.2611	-77.1738	0.7063	77.3145	0.7079	1.6e-04	0.5441
4208	-109.2713	-109.2713	-76.9261	0.7040	77.5616	0.7102	1.6e-04	0.5439
4209	-109.2823	-109.2823	-76.4559	0.6996	78.0197	0.7144	1.6e-04	0.5467
4210	-109.2679	-109.2679	-75.9026	0.6946	78.5528	0.7193	1.6e-04	0.5445
4211	-109.2822	-109.2822	-76.2145	0.6974	78.2793	0.7167	1.6e-04	0.5451
4212	-109.2780	-109.2780	-76.1560	0.6969	78.3377	0.7172	1.6e-04	0.5444
4213	-109.2752	-109.2752	-76.5960	0.7009	77.9030	0.7132	1.6e-04	0.5446
4214	-109.2765	-109.2765	-76.7481	0.7023	77.7338	0.7118	1.6e-04	0.5471
4215	-109.2813	-109.2814	-76.2716	0.6979	78.2214	0.7162	1.6e-04	0.5470
4216	-109.2823	-109.2823	-76.6992	0.7018	77.7908	0.7123	1.6e-04	0.5453
4217	-109.2893	-109.2893	-76.9920	0.7045	77.5176	0.7097	1.6e-04	0.5441
4218	-109.2844	-109.2844	-76.3677	0.6988	78.1030	0.7151	1.6e-04	0.5445
4219	-109.2606	-109.2606	-75.6885	0.6927	78.7625	0.7212	1.6e-04	0.5446
4220	-109.2757	-109.2757	-76.3232	0.6984	78.1665	0.7157	1.6e-04	0.5442
4221	-109.2703	-109.2703	-76.2706	0.6980	78.1962	0.7160	1.6e-04	0.5465
4222	-109.2651	-109.2651	-75.8967	0.6946	78.5669	0.7194	1.6e-04	0.5459
4223	-109.2569	-109.2569	-76.1828	0.6973	78.2721	0.7168	1.6e-04	0.5457
4224	-109.2539	-109.2540	-75.7968	0.6938	78.6563	0.7202	1.6e-04	0.5439
4225	-109.2695	-109.2696	-75.7499	0.6932	78.7180	0.7207	1.6e-04	0.5433
4226	-109.2923	-109.2923	-76.3141	0.6983	78.1923	0.7158	1.6e-04	0.5441
4227	-109.3018	-109.3018	-76.2523	0.6976	78.2617	0.7165	1.6e-04	0.5453
4228	-109.2623	-109.2623	-76.2387	0.6978	78.2148	0.7162	1.6e-04	0.5434
4229	-109.2702	-109.2702	-77.3647	0.7080	77.1199	0.7062	1.6e-04	0.5443
4230	-109.2907	-109.2907	-77.6894	0.7109	76.7871	0.7030	1.6e-04	0.5469
4231	-109.2748	-109.2748	-76.2215	0.6975	78.2706	0.7166	1.6e-04	0.5460
4232	-109.3044	-109.3044	-76.7888	0.7025	77.7392	0.7116	1.6e-04	0.5442
4233	-109.2876	-109.2876	-77.5732	0.7098	76.9244	0.7042	1.6e-04	0.5439
4234	-109.2553	-109.2553	-77.3595	0.7081	77.1160	0.7061	1.6e-04	0.5472
4235	-109.2910	-109.2910	-76.5697	0.7006	77.9391	0.7135	1.6e-04	0.5467
4236	-109.2811	-109.2811	-76.8812	0.7035	77.5949	0.7105	1.6e-04	0.5435
4237	-109.2805	-109.2805	-77.3996	0.7083	77.1057	0.7059	1.6e-04	0.5456
4238	-109.2843	-109.2843	-77.0829	0.7053	77.4123	0.7087	1.6e-04	0.5435
4239	-109.2758	-109.2758	-77.0504	0.7051	77.4341	0.7090	1.6e-04	0.5477
4240	-109.2741	-109.2741	-76.6446	0.7014	77.8335	0.7127	1.6e-04	0.5765
4241	-109.2718	-109.2718	-77.1094	0.7057	77.3813	0.7085	1.6e-04	0.5455
4242	-109.2672	-109.2672	-76.5055	0.7002	77.9566	0.7138	1.6e-04	0.5448
4243	-109.2779	-109.2779	-75.9704	0.6952	78.5169	0.7188	1.6e-04	0.5474
4244	-109.2625	-109.2625	-76.7989	0.7029	77.6842	0.7112	1.6e-04	0.5473
4245	-109.2972	-109.2972	-76.1458	0.6967	78.3533	0.7174	1.6e-04	0.5448
4246	-109.2646	-109.2646	-76.7840	0.7027	77.7088	0.7114	1.6e-04	0.5446
4247	-109.2554	-109.2554	-77.0921	0.7056	77.3794	0.7086	1.6e-04	0.5450
4248	-109.2757	-109.2757	-76.9363	0.7041	77.5517	0.7101	1.6e-04	0.5445
4249	-109.2817	-109.2817	-77.0221	0.7048	77.4724	0.7092	1.6e-04	0.5466
4250	-109.2928	-109.2928	-76.8075	0.7028	77.7032	0.7113	1.6e-04	0.5463
4251	-109.3052	-109.3052	-76.7952	0.7026	77.7414	0.7115	1.6e-04	0.5462
4252	-109.2526	-109.2526	-76.3373	0.6987	78.1231	0.7154	1.6e-04	0.5438
4253	-109.2641	-109.2641	-76.5690	0.7008	77.9010	0.7134	1.6e-04	0.5432
4254	-109.2911	-109.2911	-77.4778	0.7089	77.0225	0.7051	1.6e-04	0.5445
4255	-109.2653	-109.2653	-77.2474	0.7070	77.2452	0.7072	1.6e-04	0.5455
4256	-109.2816	-109.2816	-77.3938	0.7082	77.1175	0.7060	1.6e-04	0.5461
4257	-109.2800	-109.2800	-77.1573	0.7061	77.3437	0.7082	1.6e-04	0.5443
4258	-109.2823	-109.2823	-76.1851	0.6971	78.3009	0.7168	1.6e-04	0.5445
4259	-109.2855	-109.2855	-76.7666	0.7024	77.7413	0.7117	1.6e-04	0.5445
4260	-109.2890	-109.2890	-76.1412	0.6967	78.3651	0.7174	1.6e-04	0.5775
4261	-109.2917	-109.2917	-76.5867	0.7008	77.9244	0.7134	1.6e-04	0.5464
4262	-109.2647	-109.2648	-76.2395	0.6978	78.2348	0.7163	1.6e-04	0.5457
4263	-109.2742	-109.2742	-76.8469	0.7032	77.6479	0.7109	1.6e-04	0.5438
4264	-109.2735	-109.2735	-76.9296	0.7040	77.5397	0.7100	1.6e-04	0.5432
4265	-109.2608	-109.2608	-77.4856	0.7092	76.9990	0.7050	1.6e-04	0.5451
4266	-109.2833	-109.2833	-77.5071	0.7092	76.9975	0.7049	1.6e-04	0.5761
4267	-109.2841	-109.2841	-76.8200	0.7029	77.6766	0.7112	1.6e-04	0.5451
4268	-109.2840	-109.2840	-76.8021	0.7028	77.6964	0.7113	1.6e-04	0.5454
4269	-109.2994	-109.2994	-76.8886	0.7035	77.6379	0.7107	1.6e-04	0.5444
4270	-109.2713	-109.2713	-76.5850	0.7009	77.8833	0.7130	1.6e-04	0.5438
4271	-109.2830	-109.2830	-77.7703	0.7116	76.7336	0.7025	1.6e-04	0.5474
4272	-109.2812	-109.2812	-77.8640	0.7125	76.6426	0.7016	1.6e-04	0.5454
4273	-109.2821	-109.2821	-77.0107	0.7047	77.5039	0.7095	1.6e-04	0.5735
4274	-109.2819	-109.2819	-76.7282	0.7021	77.7763	0.7121	1.6e-04	0.5443
4275	-109.2842	-109.2842	-77.8478	0.7123	76.6496	0.7018	1.6e-04	0.5462
4276	-109.2871	-109.2871	-77.2219	0.7066	77.2826	0.7075	1.6e-04	0.5438
4277	-109.2976	-109.2976	-77.1797	0.7061	77.3490	0.7081	1.6e-04	0.5775
4278	-109.2901	-109.2901	-77.3766	0.7080	77.1209	0.7061	1.6e-04	0.5452
4279	-109.2740	-109.2740	-77.4947	0.7092	77.0067	0.7050	1.6e-04	0.5448
4280	-109.2840	-109.2840	-78.2835	0.7163	76.2114	0.6978	1.6e-04	0.5439
4281	-109.2638	-109.2638	-77.8439	0.7124	76.6330	0.7017	1.6e-04	0.5465
4282	-109.2881	-109.2881	-77.5403	0.7095	76.9765	0.7047	1.6e-04	0.5476
4283	-109.2746	-109.2746	-77.3033	0.7074	77.2023	0.7068	1.6e-04	0.5449
4284	-109.2865	-109.2865	-78.2943	0.7164	76.1986	0.6977	1.6e-04	0.5438
4285	-109.2842	-109.2842	-77.6057	0.7101	76.8875	0.7040	1.6e-04	0.5456
4286	-109.2823	-109.2823	-78.4110	0.7175	76.0819	0.6965	1.6e-04	0.5772
4287	-109.2741	-109.2741	-77.2764	0.7072	77.2224	0.7070	1.6e-04	0.5457
4288	-109.2689	-109.2689	-78.8077	0.7212	75.6494	0.6926	1.6e-04	0.5449
4289	-109.2640	-109.2640	-77.5877	0.7101	76.8381	0.7036	1.6e-04	0.5448
4290	-109.2874	-109.2874	-77.8967	0.7128	76.6004	0.7014	1.6e-04	0.5465
4291	-109.2826	-109.2826	-77.8780	0.7126	76.6025	0.7015	1.6e-04	0.5460
4292	-109.2814	-109.2814	-77.7248	0.7112	76.7826	0.7030	1.6e-04	0.5451
4293	-109.2846	-109.2846	-77.7688	0.7116	76.7499	0.7026	1.6e-04	0.5440
4294	-109.2852	-109.2852	-78.5157	0.7184	75.9705	0.6956	1.6e-04	0.5439
4295	-109.2744	-109.2744	-78.1336	0.7150	76.3453	0.6991	1.6e-04	0.5723
4296	-109.2854	-109.2854	-77.4508	0.7087	77.0547	0.7055	1.6e-04	0.5448
4297	-109.2814	-109.2814	-77.8011	0.7119	76.6853	0.7021	1.6e-04	0.5452
4298	-109.2769	-109.2769	-76.8280	0.7031	77.6565	0.7111	1.6e-04	0.5469
4299	-109.2710	-109.2710	-78.3254	0.7168	76.1480	0.6972	1.6e-04	0.5461
4300	-109.2888	-109.2888	-77.2384	0.7067	77.2749	0.7075	1.6e-04	0.5450
4301	-109.2695	-109.2695	-77.3439	0.7078	77.1408	0.7064	1.6e-04	0.5416
4302	-109.2847	-109.2847	-78.1112	0.7147	76.3834	0.6993	1.6e-04	0.5438
4303	-109.2801	-109.2801	-77.7612	0.7116	76.7379	0.7026	1.6e-04	0.5468
4304	-109.2920	-109.2920	-77.4484	0.7086	77.0648	0.7056	1.6e-04	0.5453
4305	-109.2965	-109.2965	-77.0085	0.7046	77.4978	0.7096	1.6e-04	0.5443
4306	-109.2671	-109.2671	-77.6134	0.7103	76.8667	0.7038	1.6e-04	0.5451
4307	-109.2849	-109.2849	-77.4665	0.7088	77.0376	0.7053	1.6e-04	0.5461
4308	-109.2710	-109.2710	-77.9576	0.7134	76.5285	0.7007	1.6e-04	0.5454
4309	-109.2769	-109.2769	-78.1455	0.7151	76.3483	0.6990	1.6e-04	0.5436
4310	-109.2907	-109.2907	-76.7284	0.7021	77.7772	0.7121	1.6e-04	0.5466
4311	-109.2935	-109.2935	-77.6502	0.7105	76.8459	0.7036	1.6e-04	0.5778
4312	-109.2840	-109.2840	-76.7718	0.7025	77.7255	0.7117	1.6e-04	0.5466
4313	-109.2778	-109.2778	-78.3960	0.7174	76.0687	0.6966	1.6e-04	0.5461
4314	-109.2674	-109.2674	-76.7974	0.7028	77.6677	0.7112	1.6e-04	0.5453
4315	-109.2707	-109.2707	-76.9636	0.7043	77.5257	0.7099	1.6e-04	0.5456
4316	-109.2943	-109.2943	-77.4382	0.7085	77.0626	0.7055	1.6e-04	0.5770
4317	-109.2847	-109.2847	-77.2806	0.7071	77.2441	0.7070	1.6e-04	0.5470
4318	-109.2948	-109.2948	-78.0984	0.7146	76.4128	0.6995	1.6e-04	0.5448
4319	-109.3009	-109.3009	-77.0336	0.7048	77.4941	0.7094	1.6e-04	0.5576
4320	-109.2812	-109.2812	-77.2274	0.7067	77.2704	0.7075	1.6e-04	0.5437
4321	-109.2796	-109.2796	-77.2278	0.7067	77.2818	0.7075	1.6e-04	0.5449
4322	-109.2679	-109.2679	-76.6392	0.7014	77.8364	0.7127	1.6e-04	0.5464
4323	-109.2936	-109.2936	-77.4942	0.7090	77.0103	0.7050	1.6e-04	0.5456
4324	-109.2693	-109.2693	-76.6194	0.7012	77.8657	0.7130	1.6e-04	0.5448
4325	-109.2911	-109.2911	-77.6490	0.7105	76.8665	0.7037	1.6e-04	0.5437
4326	-109.2916	-109.2916	-77.2863	0.7072	77.2191	0.7070	1.6e-04	0.5444
4327	-109.2869	-109.2869	-77.2787	0.7071	77.2194	0.7071	1.6e-04	0.5453
4328	-109.2665	-109.2665	-77.4102	0.7085	77.0627	0.7057	1.6e-04	0.5441
4329	-109.2693	-109.2693	-77.4168	0.7085	77.0725	0.7057	1.6e-04	0.5440
4330	-109.2722	-109.2722	-77.1354	0.7059	77.3537	0.7083	1.6e-04	0.5789
4331	-109.2897	-109.2897	-76.7861	0.7026	77.7233	0.7116	1.6e-04	0.5440
4332	-109.2995	-109.2995	-76.4573	0.6995	78.0502	0.7145	1.6e-04	0.5452
4333	-109.2882	-109.2882	-76.4769	0.6998	78.0234	0.7144	1.6e-04	0.5446
4334	-109.2804	-109.2804	-76.6422	0.7013	77.8509	0.7128	1.6e-04	0.5470
4335	-109.2681	-109.2681	-76.6365	0.7014	77.8399	0.7127	1.6e-04	0.5539
4336	-109.2822	-109.2822	-76.6099	0.7010	77.8888	0.7131	1.6e-04	0.5454
4337	-109.2897	-109.2897	-77.7345	0.7113	76.7282	0.7024	1.6e-04	0.5456
4338	-109.2781	-109.2781	-76.4888	0.6999	78.0066	0.7142	1.6e-04	0.5437
4339	-109.2638	-109.2638	-77.5226	0.7095	76.9555	0.7047	1.6e-04	0.5541
4340	-109.2765	-109.2765	-76.9718	0.7044	77.5261	0.7098	1.6e-04	0.5447
4341	-109.2801	-109.2801	-77.1235	0.7057	77.3805	0.7084	1.6e-04	0.5452
4342	-109.2733	-109.2733	-76.8241	0.7030	77.6610	0.7111	1.6e-04	0.5447
4343	-109.2847	-109.2847	-77.2787	0.7071	77.2286	0.7071	1.6e-04	0.5440
4344	-109.2850	-109.2850	-77.2584	0.7069	77.2049	0.7068	1.6e-04	0.5426
4345	-109.2770	-109.2770	-77.3178	0.7075	77.1831	0.7067	1.6e-04	0.5456
4346	-109.2762	-109.2762	-77.4740	0.7090	77.0200	0.7052	1.6e-04	0.5460
4347	-109.2801	-109.2801	-77.1100	0.7056	77.3951	0.7086	1.6e-04	0.5446
4348	-109.3017	-109.3017	-76.2349	0.6975	78.2628	0.7165	1.6e-04	0.5478
4349	-109.2696	-109.2696	-77.4162	0.7085	77.0611	0.7056	1.6e-04	0.5436
4350	-109.2994	-109.2994	-77.4070	0.7082	77.0822	0.7058	1.6e-04	0.5769
4351	-109.2794	-109.2794	-77.0707	0.7053	77.4207	0.7088	1.6e-04	0.5457
4352	-109.2777	-109.2777	-77.0643	0.7052	77.4328	0.7089	1.6e-04	0.5455
4353	-109.2820	-109.2820	-77.5842	0.7099	76.9115	0.7043	1.6e-04	0.5769
4354	-109.2910	-109.2910	-77.5232	0.7093	76.9788	0.7048	1.6e-04	0.5446
4355	-109.3023	-109.3023	-77.4253	0.7084	77.0976	0.7058	1.6e-04	0.5436
4356	-109.2883	-109.2883	-77.3907	0.7081	77.1120	0.7061	1.6e-04	0.5464
4357	-109.2842	-109.2842	-77.1783	0.7062	77.3307	0.7080	1.6e-04	0.5442
4358	-109.2783	-109.2783	-76.5032	0.7001	77.9878	0.7140	1.6e-04	0.5454
4359	-109.2815	-109.2815	-77.2281	0.7067	77.2757	0.7075	1.6e-04	0.5462
4360	-109.2720	-109.2720	-76.9661	0.7044	77.5067	0.7097	1.6e-04	0.5463
4361	-109.2722	-109.2722	-76.8063	0.7029	77.6764	0.7113	1.6e-04	0.5442
4362	-109.2775	-109.2775	-76.9535	0.7042	77.4964	0.7096	1.6e-04	0.5768
4363	-109.2619	-109.2620	-75.1477	0.6878	79.2694	0.7257	1.6e-04	0.5485
4364	-109.2819	-109.2819	-76.2432	0.6977	78.2357	0.7164	1.6e-04	0.5439
4365	-109.2749	-109.2749	-76.7385	0.7023	77.7573	0.7119	1.6e-04	0.5441
4366	-109.2828	-109.2828	-75.4813	0.6907	78.9510	0.7229	1.6e-04	0.5770
4367	-109.2880	-109.2880	-76.9507	0.7041	77.5561	0.7100	1.6e-04	0.5446
4368	-109.2709	-109.2709	-76.6711	0.7017	77.8126	0.7125	1.6e-04	0.5447
4369	-109.2887	-109.2887	-77.0682	0.7052	77.4419	0.7090	1.6e-04	0.5444
4370	-109.2877	-109.2877	-76.7642	0.7024	77.7466	0.7118	1.6e-04	0.5461
4371	-109.2615	-109.2615	-77.6598	0.7108	76.8014	0.7033	1.6e-04	0.5458
4372	-109.2926	-109.2926	-76.6070	0.7009	77.8966	0.7132	1.6e-04	0.5452
4373	-109.2743	-109.2743	-77.3109	0.7075	77.1781	0.7067	1.6e-04	0.5774
4374	-109.2437	-109.2437	-77.1223	0.7060	77.3199	0.7081	1.6e-04	0.5465
4375	-109.2734	-109.2734	-77.4681	0.7089	77.0232	0.7052	1.6e-04	0.5437
4376	-109.3015	-109.3015	-76.4893	0.6998	78.0233	0.7143	1.6e-04	0.5762
4377	-109.2884	-109.2884	-77.0127	0.7047	77.4899	0.7095	1.6e-04	0.5470
4378	-109.2727	-109.2727	-77.2801	0.7072	77.1969	0.7069	1.6e-04	0.5450
4379	-109.2832	-109.2832	-78.0873	0.7145	76.3942	0.6995	1.6e-04	0.5440
4380	-109.2834	-109.2834	-76.1914	0.6972	78.2906	0.7168	1.6e-04	0.5436
4381	-109.2844	-109.2844	-76.2376	0.6976	78.2474	0.7165	1.6e-04	0.5444
4382	-109.2791	-109.2791	-76.3420	0.6986	78.1345	0.7154	1.6e-04	0.5443
4383	-109.2989	-109.2989	-76.7228	0.7020	77.7942	0.7122	1.6e-04	0.5445
4384	-109.2968	-109.2968	-77.2315	0.7066	77.2907	0.7076	1.6e-04	0.5768
4385	-109.2821	-109.2821	-76.5972	0.7009	77.8940	0.7132	1.6e-04	0.5462
4386	-109.2639	-109.2639	-77.3932	0.7083	77.0633	0.7058	1.6e-04	0.5436
4387	-109.2806	-109.2806	-76.5636	0.7006	77.9286	0.7135	1.6e-04	0.5463
4388	-109.2838	-109.2839	-75.9048	0.6946	78.5699	0.7194	1.6e-04	0.5439
4389	-109.2704	-109.2704	-76.7128	0.7020	77.7554	0.7119	1.6e-04	0.5464
4390	-109.2462	-109.2462	-77.0317	0.7051	77.4327	0.7091	1.6e-04	0.5443
4391	-109.2851	-109.2851	-76.3861	0.6990	78.1024	0.7150	1.6e-04	0.5768
4392	-109.2653	-109.2653	-76.9555	0.7043	77.5205	0.7099	1.6e-04	0.5435
4393	-109.2789	-109.2790	-75.5613	0.6915	78.8760	0.7222	1.6e-04	0.5437
4394	-109.2709	-109.2709	-76.8682	0.7035	77.6208	0.7107	1.6e-04	0.5473
4395	-109.2767	-109.2767	-75.9708	0.6952	78.5021	0.7188	1.6e-04	0.5462
4396	-109.2693	-109.2693	-77.2335	0.7068	77.2726	0.7074	1.6e-04	0.5439
4397	-109.2856	-109.2857	-75.2053	0.6882	79.2355	0.7255	1.6e-04	0.5447
4398	-109.2863	-109.2863	-76.5041	0.7000	77.9886	0.7141	1.6e-04	0.5444
4399	-109.2638	-109.2638	-76.1302	0.6968	78.3322	0.7173	1.6e-04	0.5458
4400	-109.2669	-109.2669	-76.0475	0.6960	78.4129	0.7180	1.6e-04	0.5459
4401	-109.2691	-109.2691	-76.3460	0.6987	78.1190	0.7154	1.6e-04	0.5425
4402	-109.2678	-109.2678	-76.8372	0.7032	77.6302	0.7109	1.6e-04	0.5448
4403	-109.2741	-109.2742	-75.8166	0.6938	78.6470	0.7201	1.6e-04	0.5760
4404	-109.2798	-109.2799	-75.6925	0.6926	78.7437	0.7209	1.6e-04	0.5454
4405	-109.2835	-109.2835	-77.3597	0.7079	77.1450	0.7063	1.6e-04	0.5449
4406	-109.2730	-109.2731	-75.8548	0.6942	78.6087	0.7198	1.6e-04	0.5447
4407	-109.2895	-109.2896	-75.6467	0.6922	78.7930	0.7214	1.6e-04	0.5431
4408	-109.2813	-109.2813	-75.7402	0.6931	78.7311	0.7208	1.6e-04	0.5448
4409	-109.3046	-109.3046	-76.0493	0.6958	78.4613	0.7183	1.6e-04	0.5469
4410	-109.2895	-109.2895	-75.9940	0.6953	78.4912	0.7185	1.6e-04	0.5450
4411	-109.2681	-109.2681	-75.8701	0.6943	78.5875	0.7196	1.6e-04	0.5436
4412	-109.2779	-109.2779	-76.3210	0.6984	78.1443	0.7156	1.6e-04	0.5440
4413	-109.2769	-109.2770	-75.3479	0.6895	79.1011	0.7242	1.6e-04	0.5443
4414	-109.2617	-109.2618	-75.7467	0.6933	78.7015	0.7207	1.6e-04	0.5446
4415	-109.2666	-109.2666	-75.8706	0.6944	78.5892	0.7196	1.6e-04	0.5459
4416	-109.2783	-109.2783	-75.5889	0.6917	78.8850	0.7222	1.6e-04	0.5453
4417	-109.2770	-109.2772	-74.8906	0.6853	79.5191	0.7280	1.6e-04	0.5444
4418	-109.2704	-109.2705	-75.2111	0.6883	79.2226	0.7254	1.6e-04	0.5441
4419	-109.2762	-109.2763	-75.3375	0.6894	79.1151	0.7243	1.6e-04	0.5460
4420	-109.2853	-109.2853	-76.7129	0.7020	77.7792	0.7122	1.6e-04	0.5456
4421	-109.2759	-109.2759	-76.7376	0.7022	77.7471	0.7119	1.6e-04	0.5432
4422	-109.2734	-109.2734	-77.0392	0.7050	77.4265	0.7089	1.6e-04	0.5463
4423	-109.2701	-109.2701	-77.0345	0.7050	77.4467	0.7092	1.6e-04	0.5441
4424	-109.2842	-109.2842	-76.3957	0.6991	78.0968	0.7151	1.6e-04	0.5457
4425	-109.2798	-109.2798	-76.3247	0.6984	78.1718	0.7157	1.6e-04	0.5445
4426	-109.2757	-109.2757	-76.6025	0.7010	77.8899	0.7132	1.6e-04	0.5461
4427	-109.2542	-109.2542	-76.2308	0.6977	78.2299	0.7164	1.6e-04	0.5732
4428	-109.2981	-109.2981	-76.0297	0.6956	78.4718	0.7184	1.6e-04	0.5453
4429	-109.2692	-109.2692	-76.3961	0.6992	78.0854	0.7148	1.6e-04	0.5444
4430	-109.2677	-109.2677	-76.1379	0.6968	78.3307	0.7173	1.6e-04	0.5468
4431	-109.2984	-109.2985	-75.4234	0.6901	79.0538	0.7237	1.6e-04	0.5457
4432	-109.2569	-109.2569	-76.5786	0.7009	77.8738	0.7131	1.6e-04	0.5442
4433	-109.2699	-109.2699	-77.0580	0.7052	77.4353	0.7090	1.6e-04	0.5440
4434	-109.2749	-109.2750	-76.1058	0.6965	78.3638	0.7175	1.6e-04	0.5804
4435	-109.2809	-109.2810	-75.6781	0.6925	78.7936	0.7214	1.6e-04	0.5446
4436	-109.2779	-109.2779	-77.3415	0.7078	77.1603	0.7065	1.6e-04	0.5446
4437	-109.2700	-109.2700	-76.6817	0.7018	77.7897	0.7124	1.6e-04	0.5447
4438	-109.2710	-109.2710	-77.4587	0.7089	77.0293	0.7053	1.6e-04	0.5460
4439	-109.2700	-109.2700	-77.4886	0.7091	77.0084	0.7050	1.6e-04	0.5464
4440	-109.2583	-109.2583	-76.7876	0.7028	77.6903	0.7113	1.6e-04	0.5450
4441	-109.2689	-109.2689	-76.7944	0.7028	77.6817	0.7113	1.6e-04	0.5451
4442	-109.2789	-109.2789	-76.9379	0.7041	77.5631	0.7101	1.6e-04	0.5446
4443	-109.2811	-109.2811	-76.6901	0.7018	77.8078	0.7124	1.6e-04	0.5447
4444	-109.2784	-109.2784	-77.5465	0.7096	76.9260	0.7044	1.6e-04	0.5446
4445	-109.2769	-109.2769	-77.8838	0.7127	76.6103	0.7014	1.6e-04	0.5446
4446	-109.2765	-109.2765	-77.4136	0.7084	77.0815	0.7058	1.6e-04	0.5466
4447	-109.2869	-109.2869	-76.7185	0.7020	77.7821	0.7122	1.6e-04	0.5456
4448	-109.2707	-109.2707	-77.3502	0.7079	77.1252	0.7062	1.6e-04	0.5443
4449	-109.2756	-109.2756	-77.0595	0.7052	77.4366	0.7090	1.6e-04	0.5464
4450	-109.2944	-109.2944	-77.4780	0.7089	77.0441	0.7053	1.6e-04	0.5448
4451	-109.2804	-109.2804	-76.6739	0.7016	77.7882	0.7122	1.6e-04	0.5490
4452	-109.2802	-109.2802	-76.6194	0.7011	77.8559	0.7127	1.6e-04	0.5450
4453	-109.2981	-109.2981	-76.9482	0.7040	77.5648	0.7101	1.6e-04	0.5467
4454	-109.2886	-109.2886	-76.8425	0.7031	77.6671	0.7110	1.6e-04	0.5461
4455	-109.2699	-109.2699	-76.7052	0.7020	77.7724	0.7121	1.6e-04	0.5447
4456	-109.2710	-109.2710	-77.0312	0.7050	77.4649	0.7093	1.6e-04	0.5440
4457	-109.2698	-109.2698	-76.8185	0.7030	77.6875	0.7112	1.6e-04	0.5443
4458	-109.2700	-109.2700	-76.5824	0.7009	77.8977	0.7133	1.6e-04	0.5451
4459	-109.2684	-109.2684	-76.9768	0.7045	77.4996	0.7097	1.6e-04	0.5757
4460	-109.2857	-109.2857	-75.9840	0.6953	78.4879	0.7186	1.6e-04	0.5455
4461	-109.2641	-109.2641	-76.4752	0.6999	77.9842	0.7141	1.6e-04	0.5450
4462	-109.2654	-109.2654	-77.8879	0.7128	76.5927	0.7013	1.6e-04	0.5804
4463	-109.2900	-109.2900	-75.8124	0.6937	78.6761	0.7203	1.6e-04	0.5462
4464	-109.2940	-109.2940	-76.8239	0.7029	77.6983	0.7113	1.6e-04	0.5452
4465	-109.2744	-109.2744	-76.7640	0.7025	77.7217	0.7116	1.6e-04	0.5762
4466	-109.2736	-109.2737	-75.5798	0.6917	78.8808	0.7222	1.6e-04	0.5450
4467	-109.2805	-109.2805	-76.3307	0.6985	78.1395	0.7154	1.6e-04	0.5455
4468	-109.2885	-109.2885	-77.2272	0.7066	77.2780	0.7074	1.6e-04	0.5469
4469	-109.2755	-109.2755	-76.6590	0.7015	77.7765	0.7121	1.6e-04	0.5464
4470	-109.2870	-109.2870	-76.2439	0.6976	78.2410	0.7164	1.6e-04	0.5443
4471	-109.2886	-109.2886	-75.8488	0.6940	78.6309	0.7199	1.6e-04	0.5439
4472	-109.2795	-109.2795	-76.4199	0.6993	78.0734	0.7148	1.6e-04	0.5447
4473	-109.2859	-109.2860	-75.8780	0.6943	78.6067	0.7196	1.6e-04	0.5451
4474	-109.2763	-109.2763	-77.0360	0.7050	77.4639	0.7092	1.6e-04	0.5458
4475	-109.2818	-109.2818	-77.2114	0.7065	77.2962	0.7077	1.6e-04	0.5468
4476	-109.2904	-109.2904	-76.0657	0.6960	78.4360	0.7180	1.6e-04	0.5457
4477	-109.2814	-109.2814	-76.8107	0.7029	77.6964	0.7113	1.6e-04	0.5457
4478	-109.2762	-109.2762	-76.3661	0.6988	78.1196	0.7153	1.6e-04	0.5438
4479	-109.2618	-109.2618	-76.5222	0.7004	77.9319	0.7136	1.6e-04	0.5447
4480	-109.2959	-109.2959	-76.5824	0.7007	77.9394	0.7135	1.6e-04	0.5443
4481	-109.2781	-109.2781	-76.8856	0.7036	77.6091	0.7106	1.6e-04	0.5810
4482	-109.2914	-109.2915	-76.2073	0.6973	78.2866	0.7168	1.6e-04	0.5435
4483	-109.2868	-109.2868	-77.0378	0.7049	77.4777	0.7093	1.6e-04	0.5441
4484	-109.2851	-109.2851	-76.7146	0.7020	77.7950	0.7122	1.6e-04	0.5461
4485	-109.2729	-109.2729	-76.8578	0.7034	77.6361	0.7108	1.6e-04	0.5461
4486	-109.2899	-109.2899	-76.0009	0.6954	78.5042	0.7186	1.6e-04	0.5819
4487	-109.2797	-109.2797	-76.5005	0.7000	77.9851	0.7139	1.6e-04	0.5456
4488	-109.2738	-109.2738	-76.2406	0.6977	78.2403	0.7164	1.6e-04	0.5447
4489	-109.2829	-109.2829	-77.0964	0.7055	77.4007	0.7087	1.6e-04	0.5647
4490	-109.2819	-109.2819	-77.1306	0.7058	77.3826	0.7084	1.6e-04	0.5444
4491	-109.2815	-109.2815	-76.5164	0.7002	77.9772	0.7140	1.6e-04	0.5448
4492	-109.2675	-109.2675	-76.9368	0.7041	77.5469	0.7101	1.6e-04	0.5683
4493	-109.2697	-109.2697	-76.0926	0.6964	78.3783	0.7176	1.6e-04	0.5464
4494	-109.2725	-109.2725	-77.4265	0.7086	77.0486	0.7055	1.6e-04	0.5451
4495	-109.2906	-109.2906	-77.2110	0.7065	77.3063	0.7077	1.6e-04	0.5650
4496	-109.2958	-109.2958	-77.0181	0.7047	77.5039	0.7095	1.6e-04	0.5570
4497	-109.2898	-109.2898	-77.1964	0.7063	77.3147	0.7078	1.6e-04	0.5476
4498	-109.2832	-109.2832	-76.5662	0.7006	77.9297	0.7134	1.6e-04	0.5445
4499	-109.2803	-109.2803	-76.9101	0.7038	77.5913	0.7104	1.6e-04	0.5822
4500	-109.2763	-109.2763	-77.3115	0.7075	77.1919	0.7067	1.6e-04	0.5448
4501	-109.2832	-109.2832	-77.0487	0.7050	77.4551	0.7092	1.6e-04	0.5426
4502	-109.2759	-109.2759	-77.1072	0.7056	77.3943	0.7086	1.6e-04	0.5754
4503	-109.2882	-109.2882	-77.8295	0.7121	76.6676	0.7020	1.6e-04	0.5460
4504	-109.2845	-109.2845	-76.7703	0.7025	77.7372	0.7116	1.6e-04	0.5440
4505	-109.2614	-109.2614	-76.6600	0.7016	77.8319	0.7126	1.6e-04	0.5459
4506	-109.2800	-109.2800	-77.9389	0.7132	76.5427	0.7008	1.6e-04	0.5452
4507	-109.2595	-109.2595	-77.3489	0.7079	77.1395	0.7062	1.6e-04	0.5444
4508	-109.2667	-109.2667	-77.9538	0.7134	76.5164	0.7006	1.6e-04	0.5766
4509	-109.2749	-109.2749	-77.5586	0.7098	76.9319	0.7043	1.6e-04	0.5468
4510	-109.2735	-109.2735	-77.2542	0.7070	77.2412	0.7072	1.6e-04	0.5462
4511	-109.2682	-109.2682	-77.4191	0.7085	77.0441	0.7055	1.6e-04	0.5454
4512	-109.2857	-109.2857	-78.1922	0.7155	76.2981	0.6985	1.6e-04	0.5721
4513	-109.2830	-109.2830	-77.8868	0.7127	76.6158	0.7014	1.6e-04	0.5456
4514	-109.2814	-109.2814	-77.5172	0.7093	76.9879	0.7049	1.6e-04	0.5438
4515	-109.2779	-109.2779	-77.2803	0.7072	77.2039	0.7069	1.6e-04	0.5451
4516	-109.2713	-109.2713	-78.2361	0.7160	76.2437	0.6981	1.6e-04	0.5468
4517	-109.2657	-109.2657	-77.6154	0.7103	76.8461	0.7037	1.6e-04	0.5481
4518	-109.2823	-109.2823	-78.2666	0.7162	76.1939	0.6977	1.6e-04	0.5458
4519	-109.2861	-109.2861	-77.8186	0.7121	76.6318	0.7016	1.6e-04	0.5466
4520	-109.2745	-109.2745	-77.0876	0.7054	77.4049	0.7086	1.6e-04	0.5433
4521	-109.2862	-109.2862	-78.0805	0.7145	76.4078	0.6997	1.6e-04	0.5445
4522	-109.2729	-109.2729	-77.9500	0.7134	76.5313	0.7008	1.6e-04	0.5475
4523	-109.2728	-109.2728	-77.8073	0.7120	76.6859	0.7021	1.6e-04	0.5464
4524	-109.2815	-109.2815	-78.3007	0.7165	76.1777	0.6975	1.6e-04	0.5473
4525	-109.2643	-109.2643	-77.5317	0.7096	76.9427	0.7045	1.6e-04	0.5464
4526	-109.2984	-109.2984	-77.7964	0.7118	76.7180	0.7024	1.6e-04	0.5449
4527	-109.2742	-109.2742	-77.6920	0.7110	76.7845	0.7030	1.6e-04	0.5433
4528	-109.2848	-109.2848	-77.7241	0.7112	76.7758	0.7030	1.6e-04	0.5452
4529	-109.2930	-109.2930	-75.9077	0.6945	78.5694	0.7193	1.6e-04	0.5464
4530	-109.2810	-109.2810	-76.8081	0.7028	77.6923	0.7113	1.6e-04	0.5446
4531	-109.2872	-109.2872	-77.3755	0.7080	77.1387	0.7062	1.6e-04	0.5434
4532	-109.2647	-109.2647	-77.0862	0.7055	77.3901	0.7087	1.6e-04	0.5438
4533	-109.2744	-109.2744	-77.2102	0.7066	77.2936	0.7076	1.6e-04	0.5454
4534	-109.2710	-109.2710	-76.6859	0.7018	77.7842	0.7123	1.6e-04	0.5448
4535	-109.2884	-109.2884	-76.9656	0.7042	77.5395	0.7099	1.6e-04	0.5445
4536	-109.2759	-109.2759	-76.9079	0.7038	77.6051	0.7104	1.6e-04	0.5443
4537	-109.2848	-109.2848	-77.6367	0.7104	76.8708	0.7037	1.6e-04	0.5441
4538	-109.2865	-109.2865	-77.1932	0.7063	77.3200	0.7079	1.6e-04	0.5455
4539	-109.2790	-109.2790	-76.9338	0.7040	77.5501	0.7100	1.6e-04	0.5442
4540	-109.2755	-109.2755	-77.3212	0.7076	77.1846	0.7066	1.6e-04	0.5451
4541	-109.2807	-109.2807	-78.2230	0.7158	76.2711	0.6983	1.6e-04	0.5463
4542	-109.2967	-109.2967	-76.7853	0.7025	77.7117	0.7115	1.6e-04	0.5442
4543	-109.2884	-109.2884	-76.9741	0.7043	77.5379	0.7099	1.6e-04	0.5434
4544	-109.2952	-109.2952	-77.4140	0.7083	77.0905	0.7058	1.6e-04	0.5767
4545	-109.2809	-109.2809	-77.7867	0.7118	76.7144	0.7024	1.6e-04	0.5450
4546	-109.2940	-109.2940	-77.0699	0.7052	77.4537	0.7090	1.6e-04	0.5446
4547	-109.2660	-109.2660	-76.6973	0.7019	77.7890	0.7122	1.6e-04	0.5456
4548	-109.2793	-109.2793	-77.4000	0.7083	77.0986	0.7059	1.6e-04	0.5459
4549	-109.2907	-109.2907	-76.8710	0.7034	77.5790	0.7102	1.6e-04	0.5462
4550	-109.2780	-109.2780	-77.6005	0.7101	76.8901	0.7040	1.6e-04	0.5449
4551	-109.2821	-109.2821	-77.7152	0.7111	76.7847	0.7030	1.6e-04	0.5433
4552	-109.2904	-109.2904	-77.7673	0.7116	76.7407	0.7026	1.6e-04	0.5449
4553	-109.2853	-109.2853	-76.4273	0.6993	78.0717	0.7148	1.6e-04	0.5469
4554	-109.2894	-109.2894	-76.6979	0.7018	77.8009	0.7124	1.6e-04	0.5779
4555	-109.2842	-109.2842	-77.3437	0.7077	77.1528	0.7064	1.6e-04	0.5447
4556	-109.2879	-109.2879	-76.5435	0.7004	77.9480	0.7136	1.6e-04	0.5459
4557	-109.2864	-109.2864	-77.5616	0.7097	76.9340	0.7045	1.6e-04	0.5761
4558	-109.2627	-109.2627	-76.5707	0.7008	77.8987	0.7133	1.6e-04	0.5443
4559	-109.2827	-109.2827	-77.7081	0.7111	76.7940	0.7031	1.6e-04	0.5461
4560	-109.3032	-109.3032	-76.8462	0.7031	77.6865	0.7111	1.6e-04	0.5462
4561	-109.2770	-109.2770	-76.4918	0.7000	77.9927	0.7141	1.6e-04	0.5431
4562	-109.2733	-109.2733	-76.8095	0.7029	77.6873	0.7113	1.6e-04	0.5467
4563	-109.2707	-109.2707	-76.5250	0.7003	77.9458	0.7136	1.6e-04	0.5481
4564	-109.2936	-109.2936	-76.7891	0.7026	77.7201	0.7116	1.6e-04	0.5448
4565	-109.2567	-109.2567	-77.2637	0.7072	77.1949	0.7069	1.6e-04	0.5446
4566	-109.2694	-109.2694	-77.6995	0.7111	76.7559	0.7029	1.6e-04	0.5452
4567	-109.2750	-109.2750	-77.5332	0.7095	76.9569	0.7047	1.6e-04	0.5462
4568	-109.3044	-109.3044	-76.8779	0.7033	77.6439	0.7108	1.6e-04	0.5451
4569	-109.2737	-109.2737	-76.7970	0.7028	77.6986	0.7114	1.6e-04	0.5454
4570	-109.2938	-109.2938	-76.8492	0.7031	77.6409	0.7107	1.6e-04	0.5458
4571	-109.2759	-109.2759	-77.2166	0.7066	77.2620	0.7074	1.6e-04	0.5438
4572	-109.2833	-109.2833	-76.8105	0.7029	77.7019	0.7113	1.6e-04	0.5455
4573	-109.2693	-109.2693	-76.6100	0.7011	77.8749	0.7130	1.6e-04	0.5433
4574	-109.2810	-109.2810	-78.6129	0.7194	75.8670	0.6946	1.6e-04	0.5466
4575	-109.2753	-109.2753	-78.0549	0.7143	76.4347	0.6998	1.6e-04	0.5476
4576	-109.2879	-109.2879	-77.7122	0.7111	76.8021	0.7031	1.6e-04	0.5773
4577	-109.2850	-109.2850	-77.7621	0.7116	76.7211	0.7025	1.6e-04	0.5457
4578	-109.2924	-109.2924	-78.0822	0.7144	76.4190	0.6996	1.6e-04	0.5473
4579	-109.2733	-109.2733	-78.2417	0.7160	76.1946	0.6977	1.6e-04	0.5435
4580	-109.2882	-109.2882	-78.4300	0.7176	76.0576	0.6964	1.6e-04	0.5443
4581	-109.2940	-109.2940	-77.9437	0.7132	76.5561	0.7009	1.6e-04	0.5454
4582	-109.2854	-109.2854	-77.4511	0.7087	77.0484	0.7053	1.6e-04	0.5445
4583	-109.2985	-109.2985	-77.5182	0.7092	77.0153	0.7050	1.6e-04	0.5781
4584	-109.2839	-109.2839	-78.5073	0.7184	75.9768	0.6957	1.6e-04	0.5447
4585	-109.2818	-109.2818	-78.2789	0.7163	76.2065	0.6978	1.6e-04	0.5442
4586	-109.2659	-109.2659	-78.3106	0.7167	76.1567	0.6973	1.6e-04	0.5436
4587	-109.2855	-109.2855	-77.5423	0.7095	76.9655	0.7047	1.6e-04	0.5469
4588	-109.2735	-109.2735	-78.6064	0.7194	75.8345	0.6944	1.6e-04	0.5460
4589	-109.2561	-109.2561	-78.2298	0.7160	76.2359	0.6981	1.6e-04	0.5468
4590	-109.2755	-109.2755	-77.7625	0.7116	76.7039	0.7022	1.6e-04	0.5436
4591	-109.2782	-109.2782	-77.5024	0.7092	76.9951	0.7049	1.6e-04	0.5440
4592	-109.2868	-109.2868	-77.9141	0.7129	76.5867	0.7012	1.6e-04	0.5443
4593	-109.2791	-109.2791	-78.8148	0.7212	75.6274	0.6925	1.6e-04	0.5462
4594	-109.3002	-109.3002	-78.2821	0.7162	76.2204	0.6978	1.6e-04	0.5457
4595	-109.2732	-109.2732	-76.9600	0.7043	77.5255	0.7098	1.6e-04	0.5459
4596	-109.2746	-109.2746	-77.3752	0.7081	77.1269	0.7061	1.6e-04	0.5443
4597	-109.2902	-109.2902	-77.3551	0.7078	77.1697	0.7064	1.6e-04	0.5444
4598	-109.2864	-109.2864	-78.0104	0.7138	76.4836	0.7003	1.6e-04	0.5446
4599	-109.2884	-109.2884	-77.6159	0.7102	76.8822	0.7039	1.6e-04	0.5456
4600	-109.2847	-109.2847	-77.6459	0.7105	76.8619	0.7037	1.6e-04	0.5459
4601	-109.2664	-109.2664	-77.4838	0.7091	76.9865	0.7050	1.6e-04	0.5427
4602	-109.2731	-109.2731	-77.6088	0.7102	76.8754	0.7039	1.6e-04	0.5431
4603	-109.2730	-109.2730	-77.1328	0.7059	77.3457	0.7082	1.6e-04	0.5456
4604	-109.2705	-109.2705	-77.3064	0.7075	77.1792	0.7067	1.6e-04	0.5452
4605	-109.2816	-109.2816	-77.0367	0.7049	77.4716	0.7093	1.6e-04	0.5448
4606	-109.2774	-109.2774	-78.5396	0.7187	75.9333	0.6953	1.6e-04	0.5446
4607	-109.2618	-109.2618	-77.4130	0.7085	77.0539	0.7056	1.6e-04	0.5448
4608	-109.2812	-109.2812	-77.1833	0.7063	77.2965	0.7077	1.6e-04	0.5439
4609	-109.2794	-109.2794	-77.3334	0.7077	77.1583	0.7065	1.6e-04	0.5782
4610	-109.2942	-109.2942	-77.1603	0.7060	77.3435	0.7082	1.6e-04	0.5455
4611	-109.2880	-109.2880	-77.6881	0.7109	76.8078	0.7033	1.6e-04	0.5451
4612	-109.2713	-109.2713	-76.1590	0.6970	78.3221	0.7171	1.6e-04	0.5457
4613	-109.2609	-109.2609	-77.7102	0.7112	76.7554	0.7029	1.6e-04	0.5461
4614	-109.2822	-109.2822	-76.9215	0.7039	77.5697	0.7103	1.6e-04	0.5444
4615	-109.2652	-109.2652	-77.4342	0.7087	77.0014	0.7052	1.6e-04	0.5446
4616	-109.2887	-109.2887	-76.7365	0.7021	77.7653	0.7120	1.6e-04	0.5452
4617	-109.2587	-109.2587	-77.2666	0.7072	77.1989	0.7070	1.6e-04	0.5465
4618	-109.2810	-109.2810	-76.1046	0.6964	78.3659	0.7175	1.6e-04	0.5456
4619	-109.2837	-109.2837	-75.4702	0.6906	78.9898	0.7232	1.6e-04	0.5453
4620	-109.2800	-109.2801	-75.4629	0.6905	78.9895	0.7233	1.6e-04	0.5442
4621	-109.2801	-109.2801	-76.2513	0.6978	78.2424	0.7163	1.6e-04	0.5738
4622	-109.2740	-109.2740	-75.6217	0.6920	78.8425	0.7218	1.6e-04	0.5443
4623	-109.2731	-109.2731	-75.7194	0.6929	78.7446	0.7210	1.6e-04	0.5448
4624	-109.2697	-109.2697	-76.5230	0.7003	77.9430	0.7137	1.6e-04	0.5441
4625	-109.2766	-109.2767	-76.0403	0.6959	78.4375	0.7181	1.6e-04	0.5446
4626	-109.2888	-109.2888	-76.5544	0.7005	77.9404	0.7136	1.6e-04	0.5465
4627	-109.2955	-109.2955	-76.6050	0.7009	77.9014	0.7132	1.6e-04	0.5453
4628	-109.2755	-109.2756	-76.0735	0.6962	78.3527	0.7174	1.6e-04	0.5432
4629	-109.2781	-109.2781	-76.3723	0.6989	78.1113	0.7152	1.6e-04	0.5438
4630	-109.2948	-109.2948	-75.5809	0.6915	78.9054	0.7223	1.6e-04	0.5438
4631	-109.2817	-109.2817	-76.8766	0.7035	77.6256	0.7107	1.6e-04	0.5439
4632	-109.2853	-109.2853	-76.3524	0.6987	78.1441	0.7155	1.6e-04	0.5438
4633	-109.2817	-109.2817	-75.4981	0.6909	78.9510	0.7230	1.6e-04	0.5451
4634	-109.2721	-109.2721	-76.6075	0.7011	77.8718	0.7131	1.6e-04	0.5470
4635	-109.2799	-109.2799	-76.7155	0.7020	77.7788	0.7121	1.6e-04	0.5466
4636	-109.2594	-109.2594	-76.1279	0.6968	78.3238	0.7173	1.6e-04	0.5740
4637	-109.2915	-109.2915	-76.7023	0.7018	77.8060	0.7123	1.6e-04	0.5460
4638	-109.2763	-109.2763	-76.3262	0.6985	78.1462	0.7156	1.6e-04	0.5455
4639	-109.2800	-109.2800	-76.6770	0.7017	77.8157	0.7125	1.6e-04	0.5449
4640	-109.2746	-109.2746	-76.9219	0.7039	77.5681	0.7103	1.6e-04	0.5441
4641	-109.2515	-109.2515	-76.3942	0.6993	78.0647	0.7149	1.6e-04	0.5472
4642	-109.2817	-109.2817	-76.8732	0.7034	77.5724	0.7102	1.6e-04	0.5448
4643	-109.2861	-109.2861	-75.9363	0.6948	78.5404	0.7191	1.6e-04	0.5440
4644	-109.2682	-109.2682	-75.9746	0.6953	78.4649	0.7185	1.6e-04	0.5466
4645	-109.2648	-109.2649	-75.3719	0.6898	79.0515	0.7238	1.6e-04	0.5441
4646	-109.2837	-109.2838	-75.4961	0.6908	78.9635	0.7230	1.6e-04	0.5444
4647	-109.2742	-109.2742	-76.8348	0.7031	77.6569	0.7110	1.6e-04	0.5747
4648	-109.2601	-109.2601	-76.3948	0.6992	78.0719	0.7149	1.6e-04	0.5458
4649	-109.2961	-109.2961	-76.4117	0.6991	78.0894	0.7149	1.6e-04	0.5444
4650	-109.3048	-109.3049	-75.3637	0.6895	79.0839	0.7241	1.6e-04	0.5466
4651	-109.2648	-109.2648	-75.6510	0.6924	78.7825	0.7213	1.6e-04	0.5455
4652	-109.2680	-109.2681	-75.4130	0.6902	79.0306	0.7237	1.6e-04	0.5442
4653	-109.2788	-109.2790	-75.2469	0.6886	79.1933	0.7251	1.6e-04	0.5462
4654	-109.2757	-109.2759	-75.1697	0.6879	79.2393	0.7256	1.6e-04	0.5455
4655	-109.2639	-109.2639	-75.4861	0.6909	78.9508	0.7230	1.6e-04	0.5465
4656	-109.2832	-109.2833	-75.3661	0.6896	79.0787	0.7240	1.6e-04	0.5455
4657	-109.2822	-109.2823	-75.4042	0.6900	79.0596	0.7238	1.6e-04	0.5437
4658	-109.2709	-109.2709	-76.1714	0.6971	78.3034	0.7170	1.6e-04	0.5443
4659	-109.2746	-109.2746	-75.6561	0.6923	78.7975	0.7215	1.6e-04	0.5458
4660	-109.2771	-109.2771	-75.6265	0.6921	78.8410	0.7218	1.6e-04	0.5463
4661	-109.2830	-109.2830	-76.4238	0.6993	78.0725	0.7147	1.6e-04	0.5457
4662	-109.2840	-109.2841	-75.6198	0.6920	78.8440	0.7219	1.6e-04	0.5438
4663	-109.2661	-109.2662	-75.4620	0.6906	78.9573	0.7230	1.6e-04	0.5438
4664	-109.2759	-109.2759	-76.5440	0.7005	77.8901	0.7132	1.6e-04	0.5440
4665	-109.2657	-109.2657	-76.0105	0.6956	78.4443	0.7183	1.6e-04	0.5775
4666	-109.2722	-109.2722	-76.5455	0.7005	77.9113	0.7134	1.6e-04	0.5452
4667	-109.2856	-109.2856	-76.8290	0.7030	77.6753	0.7111	1.6e-04	0.5446
4668	-109.2686	-109.2686	-76.2450	0.6978	78.2353	0.7163	1.6e-04	0.5458
4669	-109.2663	-109.2663	-76.7303	0.7022	77.7466	0.7119	1.6e-04	0.5456
4670	-109.2588	-109.2588	-76.9758	0.7045	77.4986	0.7097	1.6e-04	0.5441
4671	-109.2911	-109.2911	-76.0576	0.6959	78.3693	0.7175	1.6e-04	0.5437
4672	-109.2719	-109.2719	-77.1133	0.7057	77.3755	0.7085	1.6e-04	0.5427
4673	-109.2554	-109.2554	-77.5397	0.7097	76.9206	0.7045	1.6e-04	0.5453
4674	-109.2763	-109.2763	-77.2645	0.7071	77.2096	0.7070	1.6e-04	0.5451
4675	-109.2706	-109.2706	-76.4062	0.6992	78.0731	0.7149	1.6e-04	0.5439
4676	-109.2549	-109.2549	-76.4697	0.6999	77.9862	0.7141	1.6e-04	0.5474
4677	-109.2831	-109.2831	-75.8732	0.6943	78.6069	0.7197	1.5e-04	0.5778
4678	-109.2781	-109.2781	-76.4472	0.6996	78.0444	0.7145	1.5e-04	0.5461
4679	-109.2721	-109.2721	-76.0443	0.6959	78.4262	0.7181	1.5e-04	0.5451
4680	-109.2860	-109.2860	-76.5160	0.7001	77.9599	0.7138	1.5e-04	0.5438
4681	-109.2701	-109.2701	-77.1026	0.7056	77.3688	0.7084	1.5e-04	0.5453
4682	-109.2701	-109.2701	-76.8182	0.7030	77.6568	0.7111	1.5e-04	0.5447
4683	-109.3075	-109.3075	-76.9882	0.7043	77.5502	0.7098	1.5e-04	0.5440
4684	-109.2867	-109.2867	-76.3695	0.6988	78.1125	0.7153	1.5e-04	0.5454
4685	-109.2875	-109.2875	-76.1368	0.6967	78.3391	0.7172	1.5e-04	0.5445
4686	-109.2805	-109.2806	-75.4254	0.6902	79.0257	0.7236	1.5e-04	0.5461
4687	-109.2696	-109.2696	-76.5136	0.7002	77.9525	0.7139	1.5e-04	0.5445
4688	-109.2670	-109.2670	-76.5815	0.7009	77.8849	0.7133	1.5e-04	0.5781
4689	-109.2752	-109.2752	-76.4446	0.6996	78.0384	0.7145	1.5e-04	0.5448
4690	-109.2902	-109.2902	-76.3041	0.6982	78.1969	0.7158	1.5e-04	0.5446
4691	-109.2679	-109.2679	-76.4165	0.6994	78.0581	0.7148	1.5e-04	0.5459
4692	-109.2589	-109.2589	-76.5164	0.7003	77.9427	0.7137	1.5e-04	0.5444
4693	-109.2800	-109.2800	-76.0909	0.6963	78.3887	0.7177	1.5e-04	0.5449
4694	-109.2821	-109.2821	-77.0876	0.7054	77.4097	0.7087	1.5e-04	0.5453
4695	-109.2748	-109.2749	-75.3145	0.6892	79.1304	0.7246	1.5e-04	0.5444
4696	-109.2718	-109.2718	-76.4195	0.6994	78.0650	0.7148	1.5e-04	0.5444
4697	-109.2661	-109.2661	-76.0104	0.6956	78.4459	0.7183	1.5e-04	0.5443
4698	-109.2761	-109.2761	-76.4969	0.7000	77.9626	0.7140	1.5e-04	0.5472
4699	-109.2919	-109.2919	-76.9499	0.7041	77.5444	0.7100	1.5e-04	0.5461
4700	-109.2780	-109.2780	-76.3996	0.6991	78.0926	0.7150	1.5e-04	0.5457
4701	-109.2722	-109.2722	-76.3140	0.6984	78.1727	0.7157	1.5e-04	0.5425
4702	-109.2826	-109.2826	-76.6015	0.7009	77.9133	0.7132	1.5e-04	0.5440
4703	-109.2693	-109.2693	-76.3830	0.6990	78.1019	0.7151	1.5e-04	0.5464
4704	-109.2875	-109.2875	-76.8284	0.7030	77.6718	0.7111	1.5e-04	0.5456
4705	-109.2867	-109.2868	-75.5330	0.6911	78.9479	0.7227	1.5e-04	0.5438
4706	-109.2973	-109.2973	-76.4348	0.6993	78.0738	0.7148	1.5e-04	0.5788
4707	-109.2914	-109.2914	-77.1415	0.7058	77.3733	0.7084	1.5e-04	0.5471
4708	-109.2852	-109.2852	-76.7569	0.7024	77.7409	0.7118	1.5e-04	0.5444
4709	-109.2895	-109.2895	-76.2881	0.6980	78.2164	0.7160	1.5e-04	0.5446
4710	-109.2708	-109.2708	-77.2344	0.7068	77.2544	0.7074	1.5e-04	0.5445
4711	-109.2815	-109.2815	-77.1711	0.7062	77.3150	0.7079	1.5e-04	0.5447
4712	-109.2789	-109.2789	-75.8817	0.6944	78.5903	0.7196	1.5e-04	0.5425
4713	-109.2702	-109.2702	-76.7223	0.7021	77.7669	0.7120	1.5e-04	0.5446
4714	-109.2715	-109.2715	-76.8415	0.7032	77.6006	0.7105	1.5e-04	0.5481
4715	-109.2910	-109.2910	-77.8827	0.7126	76.6198	0.7015	1.5e-04	0.5453
4716	-109.2830	-109.2830	-77.5400	0.7095	76.9444	0.7045	1.5e-04	0.5445
4717	-109.2584	-109.2584	-77.3138	0.7076	77.1470	0.7066	1.5e-04	0.5455
4718	-109.2834	-109.2834	-77.2933	0.7073	77.2008	0.7068	1.5e-04	0.5452
4719	-109.2956	-109.2956	-77.2976	0.7072	77.2217	0.7070	1.5e-04	0.5453
4720	-109.2979	-109.2979	-76.7561	0.7023	77.7612	0.7119	1.5e-04	0.5455
4721	-109.2934	-109.2934	-76.5220	0.7002	77.9706	0.7139	1.5e-04	0.5444
4722	-109.2726	-109.2726	-77.1134	0.7057	77.3739	0.7084	1.5e-04	0.5462
4723	-109.2621	-109.2621	-77.3105	0.7076	77.1667	0.7066	1.5e-04	0.5693
4724	-109.2808	-109.2808	-77.4505	0.7087	77.0489	0.7055	1.5e-04	0.5443
4725	-109.2696	-109.2696	-77.0584	0.7052	77.3736	0.7086	1.5e-04	0.5450
4726	-109.2690	-109.2690	-77.8947	0.7129	76.5724	0.7011	1.5e-04	0.5460
4727	-109.2778	-109.2778	-77.4451	0.7087	77.0566	0.7055	1.5e-04	0.5468
4728	-109.2738	-109.2738	-78.4836	0.7182	75.9771	0.6958	1.5e-04	0.5773
4729	-109.2621	-109.2621	-77.8981	0.7129	76.5645	0.7012	1.5e-04	0.5441
4730	-109.2979	-109.2979	-76.5802	0.7007	77.9115	0.7133	1.5e-04	0.5462
4731	-109.2666	-109.2666	-77.1435	0.7060	77.3551	0.7082	1.5e-04	0.5456
4732	-109.2818	-109.2818	-76.6732	0.7016	77.8197	0.7125	1.5e-04	0.5452
4733	-109.2787	-109.2787	-77.4901	0.7091	77.0119	0.7051	1.5e-04	0.5449
4734	-109.2936	-109.2936	-77.4300	0.7085	77.0751	0.7057	1.5e-04	0.5768
4735	-109.2783	-109.2783	-77.2489	0.7069	77.2408	0.7072	1.5e-04	0.5475
4736	-109.2717	-109.2717	-76.5650	0.7007	77.9238	0.7135	1.5e-04	0.5461
4737	-109.2907	-109.2907	-77.0383	0.7049	77.4851	0.7093	1.5e-04	0.5470
4738	-109.2775	-109.2775	-77.5294	0.7095	76.9683	0.7047	1.5e-04	0.5462
4739	-109.2776	-109.2776	-77.3065	0.7074	77.1899	0.7068	1.5e-04	0.5446
4740	-109.2775	-109.2775	-77.6782	0.7108	76.7978	0.7032	1.5e-04	0.5444
4741	-109.2843	-109.2843	-77.2540	0.7069	77.2570	0.7072	1.5e-04	0.5488
4742	-109.2623	-109.2623	-78.0363	0.7142	76.4322	0.6999	1.5e-04	0.5464
4743	-109.2863	-109.2863	-77.0308	0.7049	77.4575	0.7092	1.5e-04	0.5450
4744	-109.2879	-109.2879	-77.4457	0.7086	77.0688	0.7055	1.5e-04	0.5436
4745	-109.2906	-109.2906	-77.7332	0.7113	76.7730	0.7029	1.5e-04	0.5468
4746	-109.2752	-109.2752	-77.2922	0.7073	77.1991	0.7069	1.5e-04	0.5460
4747	-109.2727	-109.2727	-77.1207	0.7058	77.3651	0.7084	1.5e-04	0.5460
4748	-109.2832	-109.2832	-78.6338	0.7195	75.8461	0.6944	1.5e-04	0.5760
4749	-109.2785	-109.2785	-76.9404	0.7041	77.5649	0.7101	1.5e-04	0.5470
4750	-109.2667	-109.2667	-77.3040	0.7075	77.1756	0.7066	1.5e-04	0.5457
4751	-109.2833	-109.2833	-78.3773	0.7172	76.1027	0.6969	1.5e-04	0.5454
4752	-109.3025	-109.3025	-76.9668	0.7042	77.5464	0.7099	1.5e-04	0.5441
4753	-109.2784	-109.2784	-76.5041	0.7001	77.9814	0.7140	1.5e-04	0.5463
4754	-109.2824	-109.2824	-76.9576	0.7042	77.5576	0.7100	1.5e-04	0.5450
4755	-109.2757	-109.2757	-76.5168	0.7002	77.9750	0.7139	1.5e-04	0.5449
4756	-109.2774	-109.2774	-77.2478	0.7069	77.2355	0.7073	1.5e-04	0.5440
4757	-109.2883	-109.2883	-77.5862	0.7099	76.9096	0.7042	1.5e-04	0.5454
4758	-109.2792	-109.2792	-77.3822	0.7081	77.1001	0.7061	1.5e-04	0.5739
4759	-109.2887	-109.2887	-76.4081	0.6991	78.0849	0.7150	1.5e-04	0.5483
4760	-109.2782	-109.2782	-77.4468	0.7087	77.0186	0.7051	1.5e-04	0.5463
4761	-109.2680	-109.2680	-78.7331	0.7206	75.7256	0.6934	1.5e-04	0.5456
4762	-109.2681	-109.2681	-78.4198	0.7177	76.0133	0.6961	1.5e-04	0.5763
4763	-109.2828	-109.2828	-77.7305	0.7113	76.7396	0.7026	1.5e-04	0.5440
4764	-109.2788	-109.2788	-78.0017	0.7138	76.4711	0.7002	1.5e-04	0.5443
4765	-109.2719	-109.2719	-77.2940	0.7074	77.1969	0.7069	1.5e-04	0.5438
4766	-109.2739	-109.2739	-77.4978	0.7092	76.9935	0.7050	1.5e-04	0.5443
4767	-109.2813	-109.2813	-76.5342	0.7003	77.9662	0.7138	1.5e-04	0.5438
4768	-109.2826	-109.2826	-76.8889	0.7036	77.6096	0.7106	1.5e-04	0.5443
4769	-109.2706	-109.2706	-77.0985	0.7056	77.3895	0.7086	1.5e-04	0.5450
4770	-109.2773	-109.2773	-77.3713	0.7080	77.1250	0.7061	1.5e-04	0.5793
4771	-109.3062	-109.3062	-77.4913	0.7089	77.0195	0.7050	1.5e-04	0.5444
4772	-109.2603	-109.2603	-78.0079	0.7140	76.4576	0.7002	1.5e-04	0.5448
4773	-109.2879	-109.2879	-77.8394	0.7122	76.6489	0.7017	1.5e-04	0.5452
4774	-109.2830	-109.2830	-76.6703	0.7016	77.7757	0.7121	1.5e-04	0.5470
4775	-109.2785	-109.2785	-77.3449	0.7078	77.1461	0.7064	1.5e-04	0.5457
4776	-109.2747	-109.2747	-78.1593	0.7153	76.3332	0.6988	1.5e-04	0.5498
4777	-109.2775	-109.2775	-77.1913	0.7064	77.2949	0.7077	1.5e-04	0.5459
4778	-109.2831	-109.2831	-78.3415	0.7169	76.1433	0.6972	1.5e-04	0.5437
4779	-109.2777	-109.2777	-78.2668	0.7162	76.2143	0.6979	1.5e-04	0.5608
4780	-109.2822	-109.2822	-77.1419	0.7059	77.3507	0.7083	1.5e-04	0.5448
4781	-109.2845	-109.2845	-78.4224	0.7176	76.0556	0.6964	1.5e-04	0.5443
4782	-109.2752	-109.2752	-77.4750	0.7090	76.9461	0.7046	1.5e-04	0.5449
4783	-109.2674	-109.2674	-78.4331	0.7178	76.0286	0.6962	1.5e-04	0.5457
4784	-109.2700	-109.2700	-77.5862	0.7100	76.8955	0.7041	1.5e-04	0.5456
4785	-109.2775	-109.2775	-77.5659	0.7098	76.9199	0.7043	1.5e-04	0.5442
4786	-109.2648	-109.2648	-77.2550	0.7070	77.2326	0.7071	1.5e-04	0.5446
4787	-109.2685	-109.2685	-77.7537	0.7116	76.7220	0.7026	1.5e-04	0.5459
4788	-109.2692	-109.2692	-77.0380	0.7050	77.3955	0.7087	1.5e-04	0.5462
4789	-109.2781	-109.2781	-76.3143	0.6983	78.1649	0.7156	1.5e-04	0.5775
4790	-109.2837	-109.2837	-77.2977	0.7073	77.1954	0.7068	1.5e-04	0.5466
4791	-109.2947	-109.2947	-77.6201	0.7102	76.8679	0.7037	1.5e-04	0.5459
4792	-109.2766	-109.2766	-76.4433	0.6995	78.0194	0.7144	1.5e-04	0.5515
4793	-109.2598	-109.2598	-77.3066	0.7075	77.1569	0.7067	1.5e-04	0.5452
4794	-109.2769	-109.2769	-77.1430	0.7059	77.3497	0.7083	1.5e-04	0.5470
4795	-109.2653	-109.2653	-77.2381	0.7069	77.2420	0.7073	1.5e-04	0.5451
4796	-109.2829	-109.2829	-77.4145	0.7084	77.0958	0.7058	1.5e-04	0.5777
4797	-109.2790	-109.2790	-76.8602	0.7033	77.6267	0.7108	1.5e-04	0.5445
4798	-109.2715	-109.2715	-76.4727	0.6998	77.9974	0.7143	1.5e-04	0.5436
4799	-109.2885	-109.2885	-77.4167	0.7084	77.0940	0.7058	1.5e-04	0.5467
4800	-109.2662	-109.2662	-77.0299	0.7050	77.4493	0.7092	1.5e-04	0.5440
4801	-109.2781	-109.2781	-77.7491	0.7115	76.7379	0.7027	1.5e-04	0.5424
4802	-109.2655	-109.2655	-77.6108	0.7103	76.8768	0.7039	1.5e-04	0.5456
4803	-109.2888	-109.2888	-77.2806	0.7071	77.2281	0.7071	1.5e-04	0.5452
4804	-109.2863	-109.2864	-75.9402	0.6949	78.5143	0.7189	1.5e-04	0.5448
4805	-109.2744	-109.2744	-76.8933	0.7037	77.5529	0.7101	1.5e-04	0.5764
4806	-109.2830	-109.2830	-76.4363	0.6994	78.0557	0.7147	1.5e-04	0.5463
4807	-109.2870	-109.2870	-76.8416	0.7031	77.6348	0.7109	1.5e-04	0.5461
4808	-109.2840	-109.2840	-76.7177	0.7020	77.7757	0.7121	1.5e-04	0.5457
4809	-109.2694	-109.2694	-77.1197	0.7058	77.3566	0.7083	1.5e-04	0.5441
4810	-109.2760	-109.2760	-77.0174	0.7048	77.4798	0.7094	1.5e-04	0.5443
4811	-109.2798	-109.2798	-76.7691	0.7025	77.7264	0.7117	1.5e-04	0.5441
4812	-109.2678	-109.2678	-76.0149	0.6957	78.4524	0.7183	1.5e-04	0.5759
4813	-109.2593	-109.2593	-76.2020	0.6974	78.2536	0.7166	1.5e-04	0.5436
4814	-109.3003	-109.3003	-75.9236	0.6946	78.5771	0.7193	1.5e-04	0.5449
4815	-109.2840	-109.2840	-75.5468	0.6913	78.9033	0.7226	1.5e-04	0.5863
4816	-109.2841	-109.2841	-76.2966	0.6981	78.1924	0.7159	1.5e-04	0.5465
4817	-109.2676	-109.2676	-76.7481	0.7024	77.7431	0.7118	1.5e-04	0.5466
4818	-109.2842	-109.2842	-76.4217	0.6993	78.0653	0.7148	1.5e-04	0.5759
4819	-109.2879	-109.2879	-76.4616	0.6996	78.0265	0.7145	1.5e-04	0.5443
4820	-109.2709	-109.2709	-75.6719	0.6925	78.7887	0.7213	1.5e-04	0.5449
4821	-109.2829	-109.2829	-77.2102	0.7065	77.2889	0.7077	1.5e-04	0.5470
4822	-109.2831	-109.2831	-75.7466	0.6931	78.7029	0.7206	1.5e-04	0.5765
4823	-109.2739	-109.2739	-75.8018	0.6937	78.6764	0.7203	1.5e-04	0.5441
4824	-109.2688	-109.2689	-76.0493	0.6960	78.3946	0.7179	1.5e-04	0.5451
4825	-109.2785	-109.2785	-75.9932	0.6954	78.4795	0.7185	1.5e-04	0.5467
4826	-109.2853	-109.2853	-75.9979	0.6954	78.4791	0.7186	1.5e-04	0.5449
4827	-109.2724	-109.2724	-76.2163	0.6975	78.2541	0.7166	1.5e-04	0.5776
4828	-109.3023	-109.3023	-76.9813	0.7043	77.5434	0.7099	1.5e-04	0.5454
4829	-109.2771	-109.2771	-76.5654	0.7007	77.9136	0.7134	1.5e-04	0.5445
4830	-109.2912	-109.2912	-75.9490	0.6949	78.5275	0.7190	1.5e-04	0.5457
4831	-109.2908	-109.2908	-76.5391	0.7003	77.9629	0.7138	1.5e-04	0.5443
4832	-109.2639	-109.2639	-76.7377	0.7023	77.7550	0.7119	1.5e-04	0.5431
4833	-109.2803	-109.2803	-76.1130	0.6965	78.3647	0.7175	1.5e-04	0.5471
4834	-109.2772	-109.2772	-76.7328	0.7022	77.7543	0.7120	1.5e-04	0.5452
4835	-109.2795	-109.2795	-77.3561	0.7079	77.1261	0.7062	1.5e-04	0.5447
4836	-109.2936	-109.2936	-77.5517	0.7096	76.9286	0.7043	1.5e-04	0.5454
4837	-109.2819	-109.2819	-76.7119	0.7020	77.7817	0.7122	1.5e-04	0.5448
4838	-109.2909	-109.2909	-77.9683	0.7134	76.5302	0.7007	1.5e-04	0.5469
4839	-109.2542	-109.2542	-77.8140	0.7122	76.6477	0.7019	1.5e-04	0.5462
4840	-109.2952	-109.2952	-77.2243	0.7066	77.2601	0.7073	1.5e-04	0.5435
4841	-109.2813	-109.2813	-77.6984	0.7110	76.7963	0.7031	1.5e-04	0.5441
4842	-109.2742	-109.2742	-76.9262	0.7040	77.5707	0.7102	1.5e-04	0.5441
4843	-109.2652	-109.2652	-77.2738	0.7072	77.2033	0.7070	1.5e-04	0.5451
4844	-109.2832	-109.2832	-76.4975	0.7000	77.9778	0.7140	1.5e-04	0.5474
4845	-109.2929	-109.2929	-77.2293	0.7066	77.2495	0.7072	1.5e-04	0.5458
4846	-109.2736	-109.2736	-77.3522	0.7079	77.1279	0.7063	1.5e-04	0.5467
4847	-109.2690	-109.2690	-76.9462	0.7042	77.5431	0.7100	1.5e-04	0.5452
4848	-109.2586	-109.2586	-77.4048	0.7085	77.0725	0.7058	1.5e-04	0.5452
4849	-109.2783	-109.2783	-77.2602	0.7070	77.2385	0.7072	1.5e-04	0.5438
4850	-109.2665	-109.2666	-75.9572	0.6952	78.5073	0.7188	1.5e-04	0.5463
4851	-109.2804	-109.2804	-77.4424	0.7087	77.0407	0.7054	1.5e-04	0.5455
4852	-109.2718	-109.2718	-76.5661	0.7007	77.9237	0.7134	1.5e-04	0.5466
4853	-109.2896	-109.2896	-77.3960	0.7082	77.1152	0.7060	1.5e-04	0.5441
4854	-109.3139	-109.3139	-76.9177	0.7036	77.6052	0.7104	1.5e-04	0.5443
4855	-109.2960	-109.2960	-77.7283	0.7112	76.7851	0.7030	1.5e-04	0.5436
4856	-109.2648	-109.2648	-77.2752	0.7072	77.2157	0.7070	1.5e-04	0.5450
4857	-109.2778	-109.2778	-76.5817	0.7008	77.8952	0.7133	1.5e-04	0.5461
4858	-109.2872	-109.2872	-78.1767	0.7153	76.3120	0.6988	1.5e-04	0.5767
4859	-109.2790	-109.2790	-76.7057	0.7019	77.7948	0.7122	1.5e-04	0.5458
4860	-109.2764	-109.2764	-77.4493	0.7087	77.0422	0.7054	1.5e-04	0.5468
4861	-109.2888	-109.2888	-77.7503	0.7114	76.7629	0.7028	1.5e-04	0.5460
4862	-109.2899	-109.2899	-76.8232	0.7029	77.6879	0.7112	1.5e-04	0.5444
4863	-109.2760	-109.2760	-77.7144	0.7112	76.7700	0.7029	1.5e-04	0.5784
4864	-109.2744	-109.2744	-77.8901	0.7128	76.5913	0.7013	1.5e-04	0.5449
4865	-109.2795	-109.2795	-78.3473	0.7169	76.1190	0.6970	1.5e-04	0.5447
4866	-109.2886	-109.2886	-77.5663	0.7097	76.9414	0.7045	1.5e-04	0.5450
4867	-109.2952	-109.2952	-76.6667	0.7015	77.8313	0.7126	1.5e-04	0.5450
4868	-109.2816	-109.2816	-77.5710	0.7098	76.9249	0.7044	1.5e-04	0.5774
4869	-109.2723	-109.2723	-76.7418	0.7023	77.7298	0.7117	1.5e-04	0.5456
4870	-109.2867	-109.2867	-77.7989	0.7119	76.7109	0.7023	1.5e-04	0.5444
4871	-109.2706	-109.2706	-77.9241	0.7131	76.5575	0.7010	1.5e-04	0.5448
4872	-109.2802	-109.2802	-77.9314	0.7131	76.5525	0.7010	1.5e-04	0.5453
4873	-109.2947	-109.2947	-77.1106	0.7055	77.3969	0.7086	1.5e-04	0.5442
4874	-109.2636	-109.2636	-77.4751	0.7091	76.9988	0.7051	1.5e-04	0.5454
4875	-109.2900	-109.2900	-77.3695	0.7079	77.1213	0.7061	1.5e-04	0.5455
4876	-109.2928	-109.2928	-78.1839	0.7154	76.3059	0.6986	1.5e-04	0.5462
4877	-109.2685	-109.2685	-76.8874	0.7037	77.5542	0.7102	1.5e-04	0.5451
4878	-109.2755	-109.2755	-76.9514	0.7042	77.5387	0.7099	1.5e-04	0.5446
4879	-109.2845	-109.2845	-76.5393	0.7004	77.9687	0.7138	1.5e-04	0.5792
4880	-109.2871	-109.2871	-77.6090	0.7101	76.8939	0.7041	1.5e-04	0.5448
4881	-109.2899	-109.2899	-78.4710	0.7180	76.0215	0.6960	1.5e-04	0.5445
4882	-109.2776	-109.2776	-76.7235	0.7021	77.7520	0.7119	1.5e-04	0.5444
4883	-109.3011	-109.3011	-77.0978	0.7054	77.4085	0.7086	1.5e-04	0.5455
4884	-109.2844	-109.2844	-77.9122	0.7129	76.5871	0.7012	1.5e-04	0.5470
4885	-109.2753	-109.2753	-77.2612	0.7070	77.2056	0.7068	1.5e-04	0.5470
4886	-109.2868	-109.2868	-77.6168	0.7102	76.8810	0.7039	1.5e-04	0.5764
4887	-109.3049	-109.3049	-77.2417	0.7067	77.2829	0.7075	1.5e-04	0.5448
4888	-109.2907	-109.2907	-77.4535	0.7087	77.0679	0.7055	1.5e-04	0.5454
4889	-109.2787	-109.2787	-76.8762	0.7035	77.6102	0.7107	1.5e-04	0.5458
4890	-109.2791	-109.2791	-77.5629	0.7098	76.9314	0.7044	1.5e-04	0.5439
4891	-109.2712	-109.2712	-77.8701	0.7126	76.6063	0.7015	1.5e-04	0.5439
4892	-109.2849	-109.2849	-77.6187	0.7102	76.8807	0.7040	1.5e-04	0.5442
4893	-109.2813	-109.2813	-77.7203	0.7112	76.7801	0.7030	1.5e-04	0.5449
4894	-109.2989	-109.2989	-77.1968	0.7063	77.2711	0.7075	1.5e-04	0.5465
4895	-109.2744	-109.2744	-78.1100	0.7148	76.3715	0.6992	1.5e-04	0.5448
4896	-109.2803	-109.2803	-78.6886	0.7201	75.7693	0.6938	1.5e-04	0.5430
4897	-109.2819	-109.2819	-77.8060	0.7120	76.6795	0.7021	1.5e-04	0.5441
4898	-109.2927	-109.2927	-77.4180	0.7084	77.0912	0.7058	1.5e-04	0.5453
4899	-109.2714	-109.2714	-77.6055	0.7102	76.8773	0.7039	1.5e-04	0.5468
4900	-109.2727	-109.2727	-77.3977	0.7083	77.0935	0.7058	1.5e-04	0.5459
4901	-109.2771	-109.2771	-77.7402	0.7114	76.7411	0.7027	1.5e-04	0.5447
4902	-109.2600	-109.2600	-78.2093	0.7158	76.2542	0.6982	1.5e-04	0.5787
4903	-109.2916	-109.2916	-78.3879	0.7172	76.1143	0.6968	1.5e-04	0.5467
4904	-109.2649	-109.2649	-78.1109	0.7149	76.3636	0.6992	1.5e-04	0.5443
4905	-109.2739	-109.2739	-77.4718	0.7090	77.0365	0.7052	1.5e-04	0.5453
4906	-109.2871	-109.2871	-78.1174	0.7148	76.3769	0.6992	1.5e-04	0.5445
4907	-109.2750	-109.2750	-77.4552	0.7088	77.0290	0.7054	1.5e-04	0.5767
4908	-109.2932	-109.2932	-77.0839	0.7053	77.4281	0.7089	1.5e-04	0.5459
4909	-109.2843	-109.2843	-77.8844	0.7127	76.6129	0.7015	1.5e-04	0.5440
4910	-109.2978	-109.2978	-77.0441	0.7049	77.4700	0.7093	1.5e-04	0.5460
4911	-109.2672	-109.2672	-78.6317	0.7196	75.8252	0.6944	1.5e-04	0.5442
4912	-109.2965	-109.2965	-76.8908	0.7035	77.6075	0.7105	1.5e-04	0.5436
4913	-109.2670	-109.2670	-78.0532	0.7143	76.4306	0.6998	1.5e-04	0.5769
4914	-109.2654	-109.2654	-78.2533	0.7162	76.2000	0.6978	1.5e-04	0.5440
4915	-109.2747	-109.2747	-77.4338	0.7086	77.0528	0.7055	1.5e-04	0.5447
4916	-109.2800	-109.2800	-76.4236	0.6993	78.0634	0.7148	1.5e-04	0.5779
4917	-109.3079	-109.3079	-77.6208	0.7101	76.9021	0.7041	1.5e-04	0.5438
4918	-109.2876	-109.2876	-76.5028	0.7000	78.0060	0.7141	1.5e-04	0.5463
4919	-109.2944	-109.2944	-77.6988	0.7109	76.8133	0.7032	1.5e-04	0.5458
4920	-109.2739	-109.2739	-78.0957	0.7147	76.3748	0.6994	1.5e-04	0.5467
4921	-109.3002	-109.3002	-77.5317	0.7093	76.9742	0.7048	1.5e-04	0.5461
4922	-109.3015	-109.3015	-76.9015	0.7036	77.6175	0.7106	1.5e-04	0.5594
4923	-109.2630	-109.2630	-77.6216	0.7104	76.8629	0.7037	1.5e-04	0.5445
4924	-109.2674	-109.2674	-77.5369	0.7096	76.9411	0.7045	1.5e-04	0.5463
4925	-109.2641	-109.2641	-76.3629	0.6989	78.1069	0.7152	1.5e-04	0.5765
4926	-109.2844	-109.2844	-76.7230	0.7020	77.7770	0.7121	1.5e-04	0.5448
4927	-109.2787	-109.2787	-77.3734	0.7080	77.1180	0.7061	1.5e-04	0.5452
4928	-109.2865	-109.2865	-77.1660	0.7061	77.3470	0.7081	1.5e-04	0.5466
4929	-109.2747	-109.2747	-77.5623	0.7098	76.9213	0.7044	1.5e-04	0.5443
4930	-109.2868	-109.2868	-78.1886	0.7154	76.3099	0.6987	1.5e-04	0.5776
4931	-109.2942	-109.2942	-76.9585	0.7041	77.5431	0.7099	1.5e-04	0.5464
4932	-109.2883	-109.2883	-77.6529	0.7105	76.8434	0.7036	1.5e-04	0.5453
4933	-109.2763	-109.2763	-78.0198	0.7140	76.4603	0.7002	1.5e-04	0.5440
4934	-109.2690	-109.2690	-77.7839	0.7119	76.6976	0.7023	1.5e-04	0.5492
4935	-109.2829	-109.2829	-78.5104	0.7184	75.9656	0.6956	1.5e-04	0.5443
4936	-109.2718	-109.2718	-77.5582	0.7098	76.9343	0.7044	1.5e-04	0.5454
4937	-109.2842	-109.2842	-77.2500	0.7069	77.2622	0.7073	1.5e-04	0.5456
4938	-109.2818	-109.2818	-78.0936	0.7146	76.3434	0.6990	1.5e-04	0.5445
4939	-109.2616	-109.2616	-77.9746	0.7137	76.4895	0.7005	1.5e-04	0.5457
4940	-109.2755	-109.2755	-77.4303	0.7086	77.0735	0.7056	1.5e-04	0.5462
4941	-109.2830	-109.2830	-77.2057	0.7065	77.3021	0.7077	1.5e-04	0.5450
4942	-109.2528	-109.2528	-77.3512	0.7080	77.1077	0.7061	1.5e-04	0.5466
4943	-109.2972	-109.2972	-77.0827	0.7053	77.4370	0.7089	1.5e-04	0.5452
4944	-109.3115	-109.3115	-77.4002	0.7081	77.1259	0.7061	1.5e-04	0.5449
4945	-109.2840	-109.2840	-77.6196	0.7103	76.8769	0.7039	1.5e-04	0.5450
4946	-109.2810	-109.2810	-77.7224	0.7112	76.7735	0.7029	1.5e-04	0.5440
4947	-109.2749	-109.2749	-76.7673	0.7025	77.6995	0.7115	1.5e-04	0.5462
4948	-109.2756	-109.2756	-77.2762	0.7072	77.2179	0.7070	1.5e-04	0.5463
4949	-109.2745	-109.2745	-77.8676	0.7126	76.6220	0.7016	1.5e-04	0.5445
4950	-109.2873	-109.2873	-78.0529	0.7142	76.4409	0.6999	1.5e-04	0.5444
4951	-109.2881	-109.2881	-77.6558	0.7106	76.8465	0.7036	1.5e-04	0.5448
4952	-109.2799	-109.2799	-77.5482	0.7096	76.9498	0.7045	1.5e-04	0.5468
4953	-109.2593	-109.2593	-77.7357	0.7115	76.7373	0.7027	1.5e-04	0.5462
4954	-109.2797	-109.2797	-78.0832	0.7145	76.3983	0.6996	1.5e-04	0.5452
4955	-109.2789	-109.2789	-77.5487	0.7096	76.9074	0.7043	1.5e-04	0.5445
4956	-109.2843	-109.2843	-77.5280	0.7094	76.9532	0.7046	1.5e-04	0.5771
4957	-109.2960	-109.2960	-77.8428	0.7122	76.6769	0.7019	1.5e-04	0.5446
4958	-109.2669	-109.2669	-77.5588	0.7098	76.9139	0.7044	1.5e-04	0.5450
4959	-109.2944	-109.2944	-77.1462	0.7059	77.3617	0.7083	1.5e-04	0.5443
4960	-109.2999	-109.2999	-76.9701	0.7042	77.5389	0.7098	1.5e-04	0.5778
4961	-109.2876	-109.2876	-76.7230	0.7020	77.7620	0.7120	1.5e-04	0.5460
4962	-109.2854	-109.2854	-77.6717	0.7107	76.8222	0.7034	1.5e-04	0.5446
4963	-109.2890	-109.2890	-77.4190	0.7084	77.1012	0.7058	1.5e-04	0.5437
4964	-109.2916	-109.2916	-77.3450	0.7077	77.1493	0.7064	1.5e-04	0.5442
4965	-109.2848	-109.2848	-77.0244	0.7048	77.4656	0.7093	1.5e-04	0.5452
4966	-109.2784	-109.2784	-76.4659	0.6997	78.0216	0.7144	1.5e-04	0.5443
4967	-109.2759	-109.2759	-76.8288	0.7031	77.6606	0.7110	1.5e-04	0.5437
4968	-109.2709	-109.2709	-77.3088	0.7075	77.1759	0.7067	1.5e-04	0.5439
4969	-109.2894	-109.2894	-78.0042	0.7137	76.4970	0.7004	1.5e-04	0.5449
4970	-109.2858	-109.2858	-77.2596	0.7070	77.2522	0.7072	1.5e-04	0.5438
4971	-109.2825	-109.2825	-77.4124	0.7084	77.0779	0.7057	1.5e-04	0.5446
4972	-109.2833	-109.2833	-76.9900	0.7045	77.4979	0.7095	1.5e-04	0.5777
4973	-109.2829	-109.2829	-77.9793	0.7136	76.5123	0.7005	1.5e-04	0.5447
4974	-109.3091	-109.3091	-77.0086	0.7045	77.5175	0.7097	1.5e-04	0.5475
4975	-109.2836	-109.2836	-77.1309	0.7058	77.3518	0.7083	1.5e-04	0.5462
4976	-109.2807	-109.2807	-77.4443	0.7087	77.0517	0.7055	1.5e-04	0.5440
4977	-109.2855	-109.2855	-76.9830	0.7044	77.5117	0.7098	1.5e-04	0.5460
4978	-109.2754	-109.2754	-76.9086	0.7038	77.5831	0.7104	1.5e-04	0.5442
4979	-109.2644	-109.2644	-77.2650	0.7071	77.2252	0.7071	1.5e-04	0.5464
4980	-109.2830	-109.2831	-75.9841	0.6953	78.5021	0.7187	1.5e-04	0.5447
4981	-109.2816	-109.2816	-76.9968	0.7046	77.5101	0.7096	1.5e-04	0.5769
4982	-109.2695	-109.2695	-77.0015	0.7047	77.4829	0.7095	1.5e-04	0.5450
4983	-109.2861	-109.2861	-76.9973	0.7045	77.4856	0.7095	1.5e-04	0.5465
4984	-109.2866	-109.2866	-76.4507	0.6995	78.0324	0.7144	1.5e-04	0.5441
4985	-109.2787	-109.2787	-77.7823	0.7118	76.6988	0.7024	1.5e-04	0.5450
4986	-109.2903	-109.2903	-77.4518	0.7087	77.0609	0.7055	1.5e-04	0.5457
4987	-109.2988	-109.2988	-76.5956	0.7008	77.8909	0.7131	1.5e-04	0.5448
4988	-109.2735	-109.2735	-76.8154	0.7030	77.6586	0.7112	1.5e-04	0.5442
4989	-109.2973	-109.2973	-77.3343	0.7076	77.1833	0.7066	1.5e-04	0.5445
4990	-109.2832	-109.2832	-77.9806	0.7136	76.4892	0.7004	1.5e-04	0.5768
4991	-109.2982	-109.2982	-77.9035	0.7128	76.5923	0.7012	1.5e-04	0.5442
4992	-109.2711	-109.2711	-77.4931	0.7092	76.9977	0.7050	1.5e-04	0.5442
4993	-109.2817	-109.2817	-77.5023	0.7092	76.9525	0.7046	1.5e-04	0.5457
4994	-109.2737	-109.2737	-77.0402	0.7050	77.4065	0.7088	1.5e-04	0.5467
4995	-109.2896	-109.2896	-77.2270	0.7066	77.2725	0.7075	1.5e-04	0.5770
4996	-109.2550	-109.2550	-77.1103	0.7058	77.3455	0.7084	1.5e-04	0.5450
4997	-109.2855	-109.2855	-77.0393	0.7049	77.4646	0.7093	1.5e-04	0.5462
4998	-109.2946	-109.2946	-77.4663	0.7088	77.0424	0.7054	1.5e-04	0.5461
4999	-109.2887	-109.2887	-78.1516	0.7151	76.3445	0.6990	1.5e-04	0.5467
5000	-109.2807	-109.2807	-76.6664	0.7016	77.8317	0.7126	1.5e-04	0.5526
5001	-109.2840	-109.2840	-77.4812	0.7090	77.0169	0.7052	1.5e-04	0.5434
5002	-109.2622	-109.2622	-77.1430	0.7060	77.3357	0.7082	1.5e-04	0.5440
5003	-109.2757	-109.2757	-77.3196	0.7076	77.1770	0.7066	1.5e-04	0.5443
5004	-109.2821	-109.2821	-77.4494	0.7087	77.0347	0.7053	1.5e-04	0.5444
5005	-109.2690	-109.2690	-77.4181	0.7085	77.0694	0.7057	1.5e-04	0.5446
5006	-109.2520	-109.2520	-77.1166	0.7059	77.3519	0.7083	1.5e-04	0.5467
5007	-109.2802	-109.2802	-77.2564	0.7070	77.2421	0.7072	1.5e-04	0.5464
5008	-109.2650	-109.2650	-77.9200	0.7131	76.5425	0.7009	1.5e-04	0.5725
5009	-109.2756	-109.2756	-77.8012	0.7120	76.6958	0.7022	1.5e-04	0.5468
5010	-109.2736	-109.2736	-76.3758	0.6989	78.0945	0.7151	1.5e-04	0.5462
5011	-109.2916	-109.2916	-77.9924	0.7136	76.4993	0.7004	1.5e-04	0.5437
5012	-109.2843	-109.2843	-76.7657	0.7024	77.7221	0.7117	1.5e-04	0.5446
5013	-109.2898	-109.2898	-77.1045	0.7055	77.4008	0.7086	1.5e-04	0.5455
5014	-109.2809	-109.2809	-77.6369	0.7104	76.8632	0.7037	1.5e-04	0.5452
5015	-109.2709	-109.2709	-76.9813	0.7045	77.4930	0.7095	1.5e-04	0.5783
5016	-109.2900	-109.2900	-77.7836	0.7117	76.7229	0.7024	1.5e-04	0.5451
5017	-109.2879	-109.2879	-76.1692	0.6970	78.2948	0.7168	1.5e-04	0.5461
5018	-109.2909	-109.2909	-77.9788	0.7135	76.4735	0.7002	1.5e-04	0.5472
5019	-109.2932	-109.2932	-77.4447	0.7086	77.0643	0.7056	1.5e-04	0.5460
5020	-109.2828	-109.2828	-77.4249	0.7085	77.0776	0.7057	1.5e-04	0.5475
5021	-109.2806	-109.2806	-77.8770	0.7126	76.6275	0.7015	1.5e-04	0.5472
5022	-109.2876	-109.2876	-76.8008	0.7027	77.6930	0.7114	1.5e-04	0.5455
5023	-109.2686	-109.2686	-78.1116	0.7149	76.3455	0.6991	1.5e-04	0.5773
5024	-109.2755	-109.2755	-78.0449	0.7142	76.4410	0.6999	1.5e-04	0.5458
5025	-109.2844	-109.2844	-77.4263	0.7085	77.0753	0.7057	1.5e-04	0.5441
5026	-109.2934	-109.2934	-77.1848	0.7062	77.3307	0.7080	1.5e-04	0.5444
5027	-109.2984	-109.2984	-77.3679	0.7079	77.1409	0.7062	1.5e-04	0.5452
5028	-109.2981	-109.2981	-77.8260	0.7121	76.6895	0.7021	1.5e-04	0.5462
5029	-109.2648	-109.2648	-77.6330	0.7105	76.8503	0.7037	1.5e-04	0.5773
5030	-109.2891	-109.2891	-77.1314	0.7058	77.3618	0.7083	1.5e-04	0.5438
5031	-109.2671	-109.2671	-77.9633	0.7135	76.5026	0.7005	1.5e-04	0.5466
5032	-109.2638	-109.2638	-77.2545	0.7070	77.2175	0.7071	1.5e-04	0.5773
5033	-109.2768	-109.2768	-78.1231	0.7149	76.3646	0.6992	1.5e-04	0.5446
5034	-109.2937	-109.2937	-76.9820	0.7044	77.5263	0.7098	1.5e-04	0.5455
5035	-109.2636	-109.2636	-78.0605	0.7144	76.4051	0.6996	1.5e-04	0.5457
5036	-109.2622	-109.2622	-77.9037	0.7130	76.5651	0.7012	1.5e-04	0.5462
5037	-109.2817	-109.2817	-77.1632	0.7061	77.3172	0.7080	1.5e-04	0.5445
5038	-109.2841	-109.2841	-75.8582	0.6941	78.6017	0.7197	1.5e-04	0.5815
5039	-109.2957	-109.2957	-77.6782	0.7107	76.8425	0.7035	1.5e-04	0.5467
5040	-109.2732	-109.2732	-77.3751	0.7081	77.0891	0.7059	1.5e-04	0.5460
5041	-109.2731	-109.2731	-77.2155	0.7066	77.2729	0.7075	1.5e-04	0.5463
5042	-109.2861	-109.2861	-77.2547	0.7069	77.2632	0.7073	1.5e-04	0.5445
5043	-109.2718	-109.2718	-77.3004	0.7074	77.1971	0.7068	1.5e-04	0.5817
5044	-109.2828	-109.2828	-76.4735	0.6998	78.0366	0.7144	1.5e-04	0.5462
5045	-109.2757	-109.2757	-76.5803	0.7008	77.9077	0.7133	1.5e-04	0.5482
5046	-109.2871	-109.2871	-78.1389	0.7150	76.3625	0.6991	1.5e-04	0.5468
5047	-109.2683	-109.2683	-78.1097	0.7148	76.3566	0.6992	1.5e-04	0.5443
5048	-109.2850	-109.2850	-77.2177	0.7066	77.2925	0.7076	1.5e-04	0.5443
5049	-109.2669	-109.2669	-77.1621	0.7062	77.3021	0.7079	1.5e-04	0.5667
5050	-109.2792	-109.2792	-78.0601	0.7143	76.4289	0.6998	1.5e-04	0.5458
5051	-109.2752	-109.2752	-76.4377	0.6995	78.0527	0.7146	1.5e-04	0.5452
5052	-109.2933	-109.2933	-77.6807	0.7108	76.8184	0.7033	1.5e-04	0.5454
5053	-109.2844	-109.2844	-76.9833	0.7044	77.5182	0.7098	1.5e-04	0.5461
5054	-109.2944	-109.2944	-77.3603	0.7078	77.1567	0.7064	1.5e-04	0.5452
5055	-109.2713	-109.2713	-78.0921	0.7147	76.3866	0.6995	1.5e-04	0.5442
5056	-109.2832	-109.2832	-77.2423	0.7068	77.2344	0.7071	1.5e-04	0.5463
5057	-109.2815	-109.2815	-77.3232	0.7076	77.1837	0.7066	1.5e-04	0.5446
5058	-109.2718	-109.2718	-77.1746	0.7063	77.3167	0.7079	1.5e-04	0.5447
5059	-109.2423	-109.2423	-77.8254	0.7124	76.6310	0.7017	1.5e-04	0.5461
5060	-109.3025	-109.3025	-77.3820	0.7080	77.1526	0.7062	1.5e-04	0.5770
5061	-109.2875	-109.2875	-77.4728	0.7089	77.0267	0.7052	1.5e-04	0.5447
5062	-109.2676	-109.2676	-76.5457	0.7005	77.9294	0.7135	1.5e-04	0.5461
5063	-109.2743	-109.2743	-76.7532	0.7024	77.7426	0.7118	1.5e-04	0.5444
5064	-109.2847	-109.2847	-77.5707	0.7098	76.9261	0.7043	1.5e-04	0.5772
5065	-109.2616	-109.2616	-77.2740	0.7072	77.1944	0.7070	1.5e-04	0.5466
5066	-109.2911	-109.2911	-77.4479	0.7086	77.0639	0.7056	1.5e-04	0.5468
5067	-109.2856	-109.2856	-77.8605	0.7124	76.6344	0.7017	1.5e-04	0.5460
5068	-109.2778	-109.2778	-76.8752	0.7035	77.6215	0.7107	1.5e-04	0.5441
5069	-109.2688	-109.2688	-76.6809	0.7018	77.7899	0.7123	1.5e-04	0.5437
5070	-109.3026	-109.3026	-76.8517	0.7031	77.6755	0.7111	1.5e-04	0.5465
5071	-109.2693	-109.2693	-77.5527	0.7097	76.9274	0.7044	1.5e-04	0.5476
5072	-109.2776	-109.2776	-77.3783	0.7081	77.1159	0.7061	1.5e-04	0.5450
5073	-109.2714	-109.2714	-77.3617	0.7080	77.1329	0.7062	1.5e-04	0.5438
5074	-109.2993	-109.2993	-78.1192	0.7147	76.3688	0.6992	1.5e-04	0.5467
5075	-109.2951	-109.2951	-77.7394	0.7113	76.7677	0.7028	1.5e-04	0.5472
5076	-109.2874	-109.2874	-78.1480	0.7151	76.3429	0.6989	1.5e-04	0.5445
5077	-109.2817	-109.2817	-78.0134	0.7139	76.4783	0.7002	1.5e-04	0.5440
5078	-109.2809	-109.2809	-77.4423	0.7087	77.0707	0.7055	1.5e-04	0.5436
5079	-109.2721	-109.2721	-77.7048	0.7111	76.7480	0.7028	1.5e-04	0.5454
5080	-109.2800	-109.2800	-76.6129	0.7011	77.8740	0.7130	1.5e-04	0.5461
5081	-109.2787	-109.2787	-77.4908	0.7091	77.0070	0.7051	1.5e-04	0.5456
5082	-109.2818	-109.2818	-78.3353	0.7168	76.1420	0.6972	1.5e-04	0.5448
5083	-109.2673	-109.2673	-78.2475	0.7161	76.2324	0.6980	1.5e-04	0.5765
5084	-109.2794	-109.2794	-79.2097	0.7248	75.2359	0.6889	1.5e-04	0.5447
5085	-109.2808	-109.2808	-78.0151	0.7139	76.4647	0.7002	1.5e-04	0.5439
5086	-109.3030	-109.3030	-77.7351	0.7112	76.7558	0.7027	1.5e-04	0.5451
5087	-109.2858	-109.2858	-77.8286	0.7122	76.6754	0.7020	1.5e-04	0.5457
5088	-109.2884	-109.2884	-77.4478	0.7087	77.0546	0.7055	1.5e-04	0.5452
5089	-109.2625	-109.2625	-77.7128	0.7112	76.7647	0.7029	1.5e-04	0.5471
5090	-109.3015	-109.3015	-78.1127	0.7147	76.3978	0.6995	1.5e-04	0.5463
5091	-109.2500	-109.2500	-77.8964	0.7130	76.5459	0.7010	1.5e-04	0.5450
5092	-109.2657	-109.2657	-77.6764	0.7109	76.8089	0.7033	1.5e-04	0.5462
5093	-109.3021	-109.3021	-77.2566	0.7068	77.2621	0.7074	1.5e-04	0.5805
5094	-109.2778	-109.2778	-77.6748	0.7108	76.8130	0.7032	1.5e-04	0.5471
5095	-109.2866	-109.2866	-77.0314	0.7049	77.4671	0.7092	1.5e-04	0.5445
5096	-109.2891	-109.2891	-77.8203	0.7121	76.6622	0.7019	1.5e-04	0.5448
5097	-109.2875	-109.2875	-77.4011	0.7082	77.0781	0.7056	1.5e-04	0.5455
5098	-109.3050	-109.3050	-77.2734	0.7070	77.2467	0.7073	1.5e-04	0.5452
5099	-109.2838	-109.2838	-76.8295	0.7030	77.6825	0.7112	1.5e-04	0.5442
5100	-109.2883	-109.2883	-76.3572	0.6987	78.1471	0.7154	1.5e-04	0.5474
5101	-109.2544	-109.2544	-78.1410	0.7152	76.3230	0.6989	1.5e-04	0.5444
5102	-109.2814	-109.2814	-77.0535	0.7051	77.4456	0.7091	1.5e-04	0.5440
5103	-109.2823	-109.2823	-76.8757	0.7035	77.6170	0.7106	1.5e-04	0.5446
5104	-109.2732	-109.2732	-76.7182	0.7021	77.7629	0.7121	1.5e-04	0.5463
5105	-109.2728	-109.2728	-76.9863	0.7045	77.5035	0.7097	1.5e-04	0.5469
5106	-109.2935	-109.2935	-76.1128	0.6964	78.3943	0.7176	1.5e-04	0.5465
5107	-109.2835	-109.2835	-78.0861	0.7145	76.4157	0.6996	1.5e-04	0.5447
5108	-109.2821	-109.2821	-77.9120	0.7129	76.5688	0.7012	1.5e-04	0.5448
5109	-109.3036	-109.3036	-77.5539	0.7095	76.9690	0.7047	1.5e-04	0.5451
5110	-109.2980	-109.2980	-77.3843	0.7080	77.1261	0.7062	1.5e-04	0.5466
5111	-109.2973	-109.2973	-77.7024	0.7109	76.7913	0.7029	1.5e-04	0.5465
5112	-109.2871	-109.2871	-77.6815	0.7108	76.8160	0.7034	1.5e-04	0.5443
5113	-109.2929	-109.2929	-78.2902	0.7163	76.1996	0.6977	1.5e-04	0.5457
5114	-109.2932	-109.2932	-77.1442	0.7058	77.3669	0.7084	1.5e-04	0.5442
5115	-109.2751	-109.2751	-77.9644	0.7135	76.5198	0.7007	1.5e-04	0.5433
5116	-109.2649	-109.2649	-77.6946	0.7111	76.7492	0.7029	1.5e-04	0.5456
5117	-109.2645	-109.2645	-77.2203	0.7067	77.2441	0.7074	1.5e-04	0.5455
5118	-109.2800	-109.2800	-77.2356	0.7068	77.2626	0.7074	1.5e-04	0.5443
5119	-109.2626	-109.2626	-77.1192	0.7058	77.3618	0.7084	1.5e-04	0.5443
5120	-109.2789	-109.2789	-77.2766	0.7071	77.2037	0.7069	1.5e-04	0.5459
5121	-109.2857	-109.2857	-78.1640	0.7152	76.3317	0.6989	1.5e-04	0.5778
5122	-109.2640	-109.2640	-76.6922	0.7019	77.7693	0.7122	1.5e-04	0.5450
5123	-109.2775	-109.2775	-76.7085	0.7020	77.7681	0.7121	1.5e-04	0.5470
5124	-109.2787	-109.2787	-77.4260	0.7085	77.0612	0.7057	1.5e-04	0.5455
5125	-109.2966	-109.2966	-76.8500	0.7031	77.6597	0.7111	1.5e-04	0.5453
5126	-109.2829	-109.2829	-76.8930	0.7036	77.6026	0.7105	1.5e-04	0.5459
5127	-109.2812	-109.2812	-76.7660	0.7025	77.7198	0.7117	1.5e-04	0.5446
5128	-109.2742	-109.2742	-76.1879	0.6972	78.3011	0.7168	1.5e-04	0.5464
5129	-109.2881	-109.2881	-77.1874	0.7063	77.2958	0.7077	1.5e-04	0.5447
5130	-109.2710	-109.2710	-77.6614	0.7107	76.8188	0.7034	1.5e-04	0.5451
5131	-109.2932	-109.2932	-77.3160	0.7074	77.1731	0.7067	1.5e-04	0.5759
5132	-109.2915	-109.2915	-77.3438	0.7077	77.1553	0.7064	1.5e-04	0.5447
5133	-109.2852	-109.2852	-76.8974	0.7036	77.5773	0.7103	1.5e-04	0.5487
5134	-109.2985	-109.2985	-77.1665	0.7060	77.3472	0.7081	1.5e-04	0.5458
5135	-109.2802	-109.2802	-76.8272	0.7030	77.6636	0.7111	1.5e-04	0.5446
5136	-109.2627	-109.2627	-76.8536	0.7034	77.6115	0.7107	1.5e-04	0.5440
5137	-109.2844	-109.2844	-76.4750	0.6998	78.0274	0.7144	1.5e-04	0.5818
5138	-109.2840	-109.2840	-77.2128	0.7065	77.2965	0.7077	1.5e-04	0.5468
5139	-109.2826	-109.2826	-76.0489	0.6959	78.4376	0.7181	1.5e-04	0.5451
5140	-109.2886	-109.2886	-77.4149	0.7084	77.0724	0.7058	1.5e-04	0.5785
5141	-109.2748	-109.2748	-76.6636	0.7016	77.8150	0.7126	1.5e-04	0.5468
5142	-109.2842	-109.2842	-78.0272	0.7140	76.4537	0.7001	1.5e-04	0.5467
5143	-109.2633	-109.2633	-76.7963	0.7029	77.6770	0.7113	1.5e-04	0.5463
5144	-109.2737	-109.2737	-76.0195	0.6957	78.4497	0.7184	1.5e-04	0.5469
5145	-109.2779	-109.2779	-77.4064	0.7083	77.0990	0.7059	1.5e-04	0.5476
5146	-109.2882	-109.2882	-76.8546	0.7032	77.6430	0.7109	1.5e-04	0.5447
5147	-109.2784	-109.2784	-76.4395	0.6995	78.0520	0.7146	1.5e-04	0.5442
5148	-109.2741	-109.2741	-76.1065	0.6965	78.3517	0.7174	1.5e-04	0.5458
5149	-109.2759	-109.2759	-75.9902	0.6954	78.4852	0.7186	1.5e-04	0.5460
5150	-109.2637	-109.2637	-77.4145	0.7085	77.0560	0.7056	1.5e-04	0.5814
5151	-109.2832	-109.2832	-76.4633	0.6997	78.0237	0.7145	1.5e-04	0.5450
5152	-109.2840	-109.2840	-76.7915	0.7027	77.7157	0.7115	1.5e-04	0.5447
5153	-109.2818	-109.2818	-76.5962	0.7009	77.8964	0.7133	1.5e-04	0.5454
5154	-109.2865	-109.2865	-76.0180	0.6956	78.4558	0.7182	1.5e-04	0.5473
5155	-109.2720	-109.2720	-76.8454	0.7032	77.6329	0.7109	1.5e-04	0.5468
5156	-109.2681	-109.2681	-76.4653	0.6998	78.0002	0.7143	1.5e-04	0.5455
5157	-109.2881	-109.2881	-77.6293	0.7103	76.8668	0.7038	1.5e-04	0.5809
5158	-109.2860	-109.2860	-76.0751	0.6961	78.3925	0.7178	1.5e-04	0.5465
5159	-109.2833	-109.2833	-77.4959	0.7091	76.9841	0.7050	1.5e-04	0.5483
5160	-109.2897	-109.2898	-75.5893	0.6916	78.8888	0.7222	1.5e-04	0.5478
5161	-109.2734	-109.2734	-76.1312	0.6967	78.3293	0.7172	1.5e-04	0.5452
5162	-109.2706	-109.2706	-76.7877	0.7027	77.6786	0.7113	1.5e-04	0.5453
5163	-109.2776	-109.2776	-76.4320	0.6994	78.0565	0.7146	1.5e-04	0.5760
5164	-109.2856	-109.2856	-77.0700	0.7052	77.4275	0.7089	1.5e-04	0.5456
5165	-109.2822	-109.2822	-76.8391	0.7031	77.6210	0.7108	1.5e-04	0.5450
5166	-109.2767	-109.2767	-77.3861	0.7082	77.1049	0.7060	1.5e-04	0.5454
5167	-109.2862	-109.2862	-77.9146	0.7129	76.5805	0.7012	1.5e-04	0.5471
5168	-109.2585	-109.2585	-77.9844	0.7138	76.4591	0.7002	1.5e-04	0.5446
5169	-109.2892	-109.2892	-77.1800	0.7062	77.3171	0.7080	1.5e-04	0.5454
5170	-109.2918	-109.2918	-76.8383	0.7031	77.6645	0.7111	1.5e-04	0.5824
5171	-109.2802	-109.2802	-77.0068	0.7047	77.4730	0.7094	1.5e-04	0.5453
5172	-109.2735	-109.2735	-76.4235	0.6994	78.0553	0.7147	1.5e-04	0.5464
5173	-109.2778	-109.2778	-76.8451	0.7032	77.6446	0.7109	1.5e-04	0.5455
5174	-109.2867	-109.2867	-76.0526	0.6959	78.4242	0.7181	1.5e-04	0.5449
5175	-109.2808	-109.2808	-77.1685	0.7061	77.3224	0.7081	1.5e-04	0.5453
5176	-109.2751	-109.2751	-75.8820	0.6944	78.5797	0.7195	1.5e-04	0.5439
5177	-109.2939	-109.2940	-75.7990	0.6935	78.6811	0.7204	1.5e-04	0.5455
5178	-109.2906	-109.2906	-76.3019	0.6982	78.1800	0.7158	1.5e-04	0.5455
5179	-109.2870	-109.2870	-76.3882	0.6990	78.1028	0.7151	1.5e-04	0.5439
5180	-109.2771	-109.2771	-75.9852	0.6953	78.4752	0.7186	1.5e-04	0.5441
5181	-109.2969	-109.2969	-75.9732	0.6951	78.5134	0.7189	1.5e-04	0.5455
5182	-109.2650	-109.2650	-76.5496	0.7006	77.9132	0.7136	1.5e-04	0.5471
5183	-109.2824	-109.2824	-77.0907	0.7054	77.4027	0.7088	1.5e-04	0.5453
5184	-109.2759	-109.2759	-76.5869	0.7009	77.8966	0.7133	1.5e-04	0.5456
5185	-109.2806	-109.2807	-75.9306	0.6948	78.5473	0.7192	1.5e-04	0.5447
5186	-109.2763	-109.2763	-76.1658	0.6970	78.3056	0.7171	1.5e-04	0.5448
5187	-109.2741	-109.2741	-76.2360	0.6977	78.2325	0.7164	1.5e-04	0.5447
5188	-109.2808	-109.2809	-75.4762	0.6907	78.9668	0.7232	1.5e-04	0.5451
5189	-109.2868	-109.2869	-75.8265	0.6938	78.6350	0.7201	1.5e-04	0.5457
5190	-109.2763	-109.2763	-75.7556	0.6932	78.7098	0.7207	1.5e-04	0.5460
5191	-109.2762	-109.2763	-75.5404	0.6913	78.9140	0.7226	1.5e-04	0.5460
5192	-109.2764	-109.2764	-75.8482	0.6941	78.6137	0.7199	1.5e-04	0.5446
5193	-109.2605	-109.2605	-76.4884	0.7001	77.9584	0.7139	1.5e-04	0.5436
5194	-109.2949	-109.2949	-75.7926	0.6935	78.6773	0.7204	1.5e-04	0.5445
5195	-109.2725	-109.2725	-76.4449	0.6996	78.0270	0.7145	1.5e-04	0.5448
5196	-109.2886	-109.2886	-76.0465	0.6958	78.4346	0.7182	1.5e-04	0.5465
5197	-109.2783	-109.2784	-75.9249	0.6948	78.5522	0.7192	1.5e-04	0.5444
5198	-109.2736	-109.2736	-75.9321	0.6949	78.5407	0.7191	1.5e-04	0.5449
5199	-109.3015	-109.3015	-75.9973	0.6953	78.4986	0.7187	1.5e-04	0.5466
5200	-109.2784	-109.2784	-75.8561	0.6942	78.5952	0.7197	1.5e-04	0.5441
5201	-109.2876	-109.2876	-76.2899	0.6981	78.2055	0.7160	1.5e-04	0.5439
5202	-109.2824	-109.2825	-75.8314	0.6939	78.6233	0.7199	1.5e-04	0.5461
5203	-109.2728	-109.2729	-75.5113	0.6910	78.9331	0.7228	1.5e-04	0.5437
5204	-109.2864	-109.2864	-76.3863	0.6990	78.1014	0.7152	1.5e-04	0.5488
5205	-109.2812	-109.2813	-75.3057	0.6891	79.0525	0.7238	1.5e-04	0.5474
5206	-109.2602	-109.2603	-75.5110	0.6911	78.9250	0.7227	1.5e-04	0.5462
5207	-109.2846	-109.2847	-75.7851	0.6935	78.6907	0.7205	1.5e-04	0.5448
5208	-109.2908	-109.2910	-75.3825	0.6897	79.0800	0.7240	1.5e-04	0.5450
5209	-109.2855	-109.2855	-76.1793	0.6971	78.3017	0.7170	1.5e-04	0.5463
5210	-109.2850	-109.2852	-75.3167	0.6892	79.1320	0.7246	1.5e-04	0.5446
5211	-109.2913	-109.2913	-76.0076	0.6955	78.4666	0.7184	1.5e-04	0.5453
5212	-109.2934	-109.2935	-75.3222	0.6892	79.1217	0.7243	1.5e-04	0.5469
5213	-109.2761	-109.2761	-76.3117	0.6983	78.1684	0.7158	1.5e-04	0.5469
5214	-109.2858	-109.2858	-75.8634	0.6942	78.6075	0.7198	1.5e-04	0.5471
5215	-109.2791	-109.2791	-76.3387	0.6986	78.1322	0.7155	1.5e-04	0.5464
5216	-109.2834	-109.2834	-76.6372	0.7013	77.8593	0.7128	1.5e-04	0.5450
5217	-109.2709	-109.2709	-77.1603	0.7061	77.3317	0.7081	1.5e-04	0.5775
5218	-109.2764	-109.2764	-75.7370	0.6931	78.6703	0.7203	1.5e-04	0.5470
5219	-109.3055	-109.3055	-76.2910	0.6980	78.2184	0.7161	1.5e-04	0.5451
5220	-109.2757	-109.2757	-76.8049	0.7029	77.6793	0.7113	1.5e-04	0.5463
5221	-109.2817	-109.2817	-75.9523	0.6950	78.5164	0.7190	1.5e-04	0.5466
5222	-109.2724	-109.2724	-77.5285	0.7095	76.9610	0.7047	1.5e-04	0.5451
5223	-109.2827	-109.2827	-77.5375	0.7095	76.9022	0.7042	1.5e-04	0.5444
5224	-109.2655	-109.2655	-76.6697	0.7017	77.8065	0.7125	1.5e-04	0.5442
5225	-109.2757	-109.2757	-76.7413	0.7023	77.7517	0.7119	1.5e-04	0.5776
5226	-109.2957	-109.2957	-77.0816	0.7053	77.4193	0.7088	1.5e-04	0.5440
5227	-109.2783	-109.2783	-76.4174	0.6993	78.0774	0.7148	1.5e-04	0.5445
5228	-109.2854	-109.2854	-77.7207	0.7112	76.7721	0.7030	1.5e-04	0.5476
5229	-109.3146	-109.3146	-76.4132	0.6990	78.1116	0.7151	1.5e-04	0.5461
5230	-109.2896	-109.2896	-76.0939	0.6963	78.3929	0.7177	1.5e-04	0.5775
5231	-109.2883	-109.2883	-76.8734	0.7034	77.6307	0.7108	1.5e-04	0.5475
5232	-109.2874	-109.2874	-77.8799	0.7126	76.6045	0.7014	1.5e-04	0.5452
5233	-109.2807	-109.2807	-76.7276	0.7021	77.7406	0.7118	1.5e-04	0.5774
5234	-109.2597	-109.2597	-76.5960	0.7010	77.8737	0.7131	1.5e-04	0.5462
5235	-109.2854	-109.2854	-76.2863	0.6980	78.2131	0.7160	1.5e-04	0.5472
5236	-109.2997	-109.2997	-76.8418	0.7030	77.6618	0.7110	1.5e-04	0.5437
5237	-109.2799	-109.2799	-76.6714	0.7016	77.8242	0.7126	1.5e-04	0.5772
5238	-109.2794	-109.2794	-76.7164	0.7020	77.7642	0.7120	1.5e-04	0.5478
5239	-109.2743	-109.2743	-76.4896	0.7000	77.9590	0.7139	1.5e-04	0.5449
5240	-109.2665	-109.2665	-75.7699	0.6934	78.6685	0.7204	1.5e-04	0.5842
5241	-109.2825	-109.2825	-76.8763	0.7035	77.6346	0.7107	1.5e-04	0.5464
5242	-109.2921	-109.2922	-76.1514	0.6968	78.3517	0.7172	1.5e-04	0.5452
5243	-109.3072	-109.3073	-75.9319	0.6947	78.5804	0.7193	1.5e-04	0.5472
5244	-109.2736	-109.2736	-77.5155	0.7094	76.9738	0.7047	1.5e-04	0.5453
5245	-109.2767	-109.2767	-76.6533	0.7015	77.8240	0.7125	1.5e-04	0.5443
5246	-109.2843	-109.2843	-76.4425	0.6995	78.0450	0.7146	1.5e-04	0.5449
5247	-109.3049	-109.3049	-77.3607	0.7078	77.1694	0.7064	1.5e-04	0.5459
5248	-109.2876	-109.2876	-77.3207	0.7075	77.1929	0.7067	1.5e-04	0.5488
5249	-109.2864	-109.2864	-77.0358	0.7049	77.4601	0.7092	1.5e-04	0.5458
5250	-109.2937	-109.2937	-76.0763	0.6961	78.4241	0.7180	1.5e-04	0.5452
5251	-109.2856	-109.2856	-77.3247	0.7075	77.1499	0.7065	1.5e-04	0.5444
5252	-109.2860	-109.2860	-77.1409	0.7059	77.3484	0.7082	1.5e-04	0.5447
5253	-109.2816	-109.2816	-76.3495	0.6986	78.1485	0.7155	1.5e-04	0.5444
5254	-109.2722	-109.2722	-76.6200	0.7012	77.8593	0.7130	1.5e-04	0.5447
5255	-109.2933	-109.2933	-77.3533	0.7078	77.1611	0.7064	1.5e-04	0.5479
5256	-109.2794	-109.2794	-77.4317	0.7086	77.0651	0.7056	1.5e-04	0.5473
5257	-109.2953	-109.2953	-77.0252	0.7047	77.4896	0.7094	1.5e-04	0.5467
5258	-109.2934	-109.2934	-77.3323	0.7076	77.1831	0.7066	1.5e-04	0.5477
5259	-109.2856	-109.2856	-75.8549	0.6941	78.6274	0.7199	1.5e-04	0.5467
5260	-109.2772	-109.2772	-77.2578	0.7070	77.2319	0.7072	1.5e-04	0.5443
5261	-109.2536	-109.2536	-77.9368	0.7134	76.5184	0.7007	1.5e-04	0.5461
5262	-109.2849	-109.2849	-76.6684	0.7015	77.8357	0.7126	1.5e-04	0.5451
5263	-109.2754	-109.2754	-77.5016	0.7092	77.0003	0.7050	1.5e-04	0.5444
5264	-109.2862	-109.2862	-77.2776	0.7071	77.2228	0.7071	1.5e-04	0.5460
5265	-109.2885	-109.2885	-77.8922	0.7127	76.6190	0.7014	1.5e-04	0.5471
5266	-109.2919	-109.2919	-76.6693	0.7015	77.8406	0.7126	1.5e-04	0.5445
5267	-109.2816	-109.2816	-76.9924	0.7045	77.4992	0.7097	1.5e-04	0.5459
5268	-109.2911	-109.2911	-78.1001	0.7146	76.4091	0.6995	1.5e-04	0.5448
5269	-109.2799	-109.2800	-76.2352	0.6976	78.2459	0.7164	1.5e-04	0.5448
5270	-109.2758	-109.2758	-76.6195	0.7012	77.8780	0.7130	1.5e-04	0.5475
5271	-109.2827	-109.2827	-77.5906	0.7100	76.9033	0.7041	1.5e-04	0.5464
5272	-109.2667	-109.2667	-76.1091	0.6965	78.3476	0.7174	1.5e-04	0.5763
5273	-109.2875	-109.2875	-77.3415	0.7077	77.1716	0.7065	1.5e-04	0.5469
5274	-109.2613	-109.2613	-77.8810	0.7128	76.5844	0.7013	1.5e-04	0.5450
5275	-109.2813	-109.2813	-77.3904	0.7082	77.0732	0.7057	1.5e-04	0.5462
5276	-109.2547	-109.2547	-77.9804	0.7137	76.4805	0.7003	1.5e-04	0.5464
5277	-109.2800	-109.2800	-78.2065	0.7157	76.2950	0.6984	1.5e-04	0.5758
5278	-109.2850	-109.2850	-78.4069	0.7175	76.0794	0.6966	1.5e-04	0.5461
5279	-109.2807	-109.2807	-77.3475	0.7078	77.1422	0.7063	1.5e-04	0.5450
5280	-109.2924	-109.2924	-77.2040	0.7064	77.3150	0.7078	1.5e-04	0.5468
5281	-109.2778	-109.2778	-77.8315	0.7122	76.6622	0.7019	1.5e-04	0.5434
5282	-109.2811	-109.2811	-76.7374	0.7022	77.7548	0.7120	1.5e-04	0.5453
5283	-109.2836	-109.2836	-76.8365	0.7031	77.6590	0.7110	1.5e-04	0.5467
5284	-109.2764	-109.2764	-78.0567	0.7143	76.4154	0.6996	1.5e-04	0.5475
5285	-109.2646	-109.2646	-77.8150	0.7122	76.6596	0.7020	1.5e-04	0.5468
5286	-109.2891	-109.2891	-77.4611	0.7088	77.0291	0.7053	1.5e-04	0.5466
5287	-109.2908	-109.2908	-77.0549	0.7050	77.4610	0.7091	1.5e-04	0.5459
5288	-109.2805	-109.2805	-77.8455	0.7123	76.6475	0.7018	1.5e-04	0.5451
5289	-109.2737	-109.2737	-77.6744	0.7108	76.8029	0.7033	1.5e-04	0.5451
5290	-109.2811	-109.2811	-76.8888	0.7036	77.6119	0.7106	1.5e-04	0.5442
5291	-109.2971	-109.2971	-77.3938	0.7081	77.1273	0.7061	1.5e-04	0.5447
5292	-109.2829	-109.2829	-77.2456	0.7068	77.2588	0.7074	1.5e-04	0.5455
5293	-109.2759	-109.2759	-77.1053	0.7056	77.3977	0.7086	1.5e-04	0.5480
5294	-109.2760	-109.2760	-76.6759	0.7017	77.8172	0.7125	1.5e-04	0.5465
5295	-109.2797	-109.2797	-77.4024	0.7083	77.0857	0.7058	1.5e-04	0.5464
5296	-109.2943	-109.2943	-78.2680	0.7161	76.2198	0.6978	1.5e-04	0.5471
5297	-109.2878	-109.2878	-77.1345	0.7058	77.3837	0.7084	1.5e-04	0.5448
5298	-109.3005	-109.3005	-77.7922	0.7117	76.7309	0.7024	1.5e-04	0.5453
5299	-109.2776	-109.2776	-78.1267	0.7149	76.3608	0.6992	1.5e-04	0.5454
5300	-109.2745	-109.2745	-77.5838	0.7100	76.9010	0.7042	1.5e-04	0.5442
5301	-109.2905	-109.2905	-77.1736	0.7061	77.3206	0.7080	1.5e-04	0.5434
5302	-109.2857	-109.2857	-77.1350	0.7058	77.3664	0.7083	1.5e-04	0.5471
5303	-109.2770	-109.2770	-77.7761	0.7117	76.7245	0.7024	1.5e-04	0.5465
5304	-109.2725	-109.2725	-78.0980	0.7147	76.3712	0.6993	1.5e-04	0.5455
5305	-109.2868	-109.2868	-77.3931	0.7082	77.1103	0.7059	1.5e-04	0.5446
5306	-109.2708	-109.2708	-77.3081	0.7075	77.1842	0.7067	1.5e-04	0.5444
5307	-109.2854	-109.2854	-77.1221	0.7057	77.3771	0.7085	1.5e-04	0.5471
5308	-109.2987	-109.2987	-76.6227	0.7010	77.8940	0.7131	1.5e-04	0.5477
5309	-109.2852	-109.2852	-77.7302	0.7113	76.7796	0.7029	1.5e-04	0.5443
5310	-109.2854	-109.2854	-77.7592	0.7115	76.7470	0.7026	1.5e-04	0.5453
5311	-109.2879	-109.2879	-77.8031	0.7119	76.6961	0.7023	1.5e-04	0.5457
5312	-109.2795	-109.2795	-76.6717	0.7016	77.8333	0.7126	1.5e-04	0.5438
5313	-109.2735	-109.2735	-77.2618	0.7070	77.2189	0.7071	1.5e-04	0.5455
5314	-109.2982	-109.2982	-77.4137	0.7083	77.1082	0.7059	1.5e-04	0.5443
5315	-109.3080	-109.3080	-77.2634	0.7068	77.2652	0.7074	1.5e-04	0.5454
5316	-109.2999	-109.2999	-76.9369	0.7039	77.5922	0.7102	1.5e-04	0.5455
5317	-109.2733	-109.2733	-76.8129	0.7029	77.6450	0.7110	1.5e-04	0.5458
5318	-109.2867	-109.2867	-77.8228	0.7121	76.6776	0.7021	1.5e-04	0.5463
5319	-109.2965	-109.2965	-77.3915	0.7081	77.1208	0.7061	1.5e-04	0.5450
5320	-109.2829	-109.2829	-77.6768	0.7108	76.8177	0.7034	1.5e-04	0.5448
5321	-109.2672	-109.2672	-77.0543	0.7052	77.4234	0.7090	1.5e-04	0.5449
5322	-109.2646	-109.2646	-76.8277	0.7031	77.6518	0.7110	1.5e-04	0.5821
5323	-109.2660	-109.2660	-77.2843	0.7073	77.2070	0.7069	1.5e-04	0.5436
5324	-109.2825	-109.2825	-77.7276	0.7113	76.7701	0.7029	1.5e-04	0.5439
5325	-109.2605	-109.2605	-77.6290	0.7105	76.8436	0.7037	1.5e-04	0.5454
5326	-109.2788	-109.2788	-77.7444	0.7114	76.7465	0.7028	1.5e-04	0.5471
5327	-109.2937	-109.2937	-76.8457	0.7031	77.6798	0.7111	1.5e-04	0.5458
5328	-109.2865	-109.2865	-78.2846	0.7163	76.2036	0.6978	1.5e-04	0.5444
5329	-109.2590	-109.2590	-77.3192	0.7077	77.1471	0.7065	1.5e-04	0.5442
5330	-109.2930	-109.2930	-77.7132	0.7111	76.7914	0.7031	1.5e-04	0.5454
5331	-109.2878	-109.2878	-77.5822	0.7099	76.9073	0.7042	1.5e-04	0.5455
5332	-109.2784	-109.2784	-76.4825	0.6999	77.9934	0.7142	1.5e-04	0.5451
5333	-109.2749	-109.2749	-76.9874	0.7045	77.5081	0.7097	1.5e-04	0.5441
5334	-109.2675	-109.2675	-76.8642	0.7035	77.6200	0.7107	1.5e-04	0.5445
5335	-109.2970	-109.2970	-76.9350	0.7039	77.5793	0.7103	1.5e-04	0.5468
5336	-109.2782	-109.2782	-77.3869	0.7082	77.1057	0.7060	1.5e-04	0.5465
5337	-109.2764	-109.2764	-76.9010	0.7037	77.5451	0.7101	1.5e-04	0.5455
5338	-109.2813	-109.2813	-76.3581	0.6987	78.1253	0.7153	1.5e-04	0.5464
5339	-109.2698	-109.2698	-77.9881	0.7137	76.4816	0.7004	1.5e-04	0.5450
5340	-109.2797	-109.2797	-75.9969	0.6954	78.4718	0.7185	1.5e-04	0.5440
5341	-109.2959	-109.2959	-77.2753	0.7070	77.2367	0.7071	1.5e-04	0.5451
5342	-109.2744	-109.2744	-76.9539	0.7042	77.5430	0.7100	1.5e-04	0.5474
5343	-109.2868	-109.2868	-76.4095	0.6992	78.0905	0.7150	1.5e-04	0.5474
5344	-109.2906	-109.2906	-76.1873	0.6971	78.3156	0.7169	1.4e-04	0.5447
5345	-109.2836	-109.2836	-76.3085	0.6983	78.1879	0.7158	1.4e-04	0.5444
5346	-109.2719	-109.2719	-76.1262	0.6967	78.3427	0.7174	1.4e-04	0.5449
5347	-109.3029	-109.3030	-75.2197	0.6882	79.2526	0.7255	1.4e-04	0.5464
5348	-109.2755	-109.2755	-76.9629	0.7043	77.5203	0.7099	1.4e-04	0.5448
5349	-109.2594	-109.2594	-76.7092	0.7021	77.7646	0.7121	1.4e-04	0.5461
5350	-109.2849	-109.2849	-76.1188	0.6965	78.3549	0.7175	1.4e-04	0.5451
5351	-109.2805	-109.2805	-77.1356	0.7059	77.3569	0.7083	1.4e-04	0.5445
5352	-109.2895	-109.2895	-76.2628	0.6978	78.2281	0.7163	1.4e-04	0.5455
5353	-109.2933	-109.2933	-75.9548	0.6950	78.5209	0.7190	1.4e-04	0.5463
5354	-109.2654	-109.2654	-76.2336	0.6977	78.2284	0.7164	1.4e-04	0.5437
5355	-109.2838	-109.2838	-77.4376	0.7086	77.0575	0.7056	1.4e-04	0.5460
5356	-109.2837	-109.2837	-77.1259	0.7057	77.3782	0.7085	1.4e-04	0.5439
5357	-109.2832	-109.2832	-76.4460	0.6995	77.9966	0.7142	1.4e-04	0.5821
5358	-109.2866	-109.2866	-76.2435	0.6976	78.2350	0.7164	1.4e-04	0.5457
5359	-109.2677	-109.2677	-77.2691	0.7072	77.2223	0.7071	1.4e-04	0.5450
5360	-109.2675	-109.2675	-76.5111	0.7002	77.9567	0.7139	1.4e-04	0.5742
5361	-109.2912	-109.2912	-76.3653	0.6987	78.1196	0.7152	1.4e-04	0.5468
5362	-109.2852	-109.2852	-77.1557	0.7060	77.3238	0.7082	1.4e-04	0.5458
5363	-109.2656	-109.2656	-75.6687	0.6925	78.7765	0.7214	1.4e-04	0.5448
5364	-109.2834	-109.2834	-76.2183	0.6974	78.2163	0.7161	1.4e-04	0.5810
5365	-109.2779	-109.2779	-76.6664	0.7016	77.8282	0.7126	1.4e-04	0.5468
5366	-109.2701	-109.2701	-77.1086	0.7057	77.3703	0.7085	1.4e-04	0.5465
5367	-109.2633	-109.2633	-76.0722	0.6962	78.3710	0.7177	1.4e-04	0.5459
5368	-109.2906	-109.2906	-75.9332	0.6948	78.5507	0.7192	1.4e-04	0.5804
5369	-109.2832	-109.2832	-76.7005	0.7019	77.7944	0.7123	1.4e-04	0.5457
5370	-109.2595	-109.2597	-74.9534	0.6860	79.4257	0.7274	1.4e-04	0.5472
5371	-109.2859	-109.2859	-76.7699	0.7025	77.7225	0.7117	1.4e-04	0.5448
5372	-109.2861	-109.2861	-76.8227	0.7030	77.6779	0.7112	1.4e-04	0.5461
5373	-109.2847	-109.2847	-76.0377	0.6958	78.4565	0.7182	1.4e-04	0.5455
5374	-109.2804	-109.2804	-76.5999	0.7009	77.8806	0.7132	1.4e-04	0.5818
5375	-109.2749	-109.2750	-75.5546	0.6914	78.9127	0.7225	1.4e-04	0.5443
5376	-109.2898	-109.2898	-76.3048	0.6982	78.1825	0.7159	1.4e-04	0.5453
5377	-109.2819	-109.2820	-75.3482	0.6895	79.0964	0.7243	1.4e-04	0.5473
5378	-109.2827	-109.2827	-77.3572	0.7079	77.1407	0.7063	1.4e-04	0.5449
5379	-109.2788	-109.2788	-76.1422	0.6968	78.3477	0.7173	1.4e-04	0.5446
5380	-109.2818	-109.2818	-76.2402	0.6976	78.2350	0.7164	1.4e-04	0.5445
5381	-109.2874	-109.2874	-76.1226	0.6965	78.3569	0.7175	1.4e-04	0.5450
5382	-109.2624	-109.2624	-76.4404	0.6996	78.0121	0.7143	1.4e-04	0.5451
5383	-109.2838	-109.2838	-76.0816	0.6962	78.3990	0.7179	1.4e-04	0.5696
5384	-109.2848	-109.2848	-77.2839	0.7072	77.2007	0.7070	1.4e-04	0.5444
5385	-109.2783	-109.2783	-76.9145	0.7038	77.5740	0.7104	1.4e-04	0.5459
5386	-109.2826	-109.2826	-76.3989	0.6991	78.0933	0.7150	1.4e-04	0.5461
5387	-109.2903	-109.2903	-76.5608	0.7005	77.9319	0.7136	1.4e-04	0.5449
5388	-109.2684	-109.2685	-75.9211	0.6948	78.5315	0.7191	1.4e-04	0.5459
5389	-109.2904	-109.2904	-76.1183	0.6965	78.3584	0.7175	1.4e-04	0.5442
5390	-109.2925	-109.2925	-76.0881	0.6962	78.4035	0.7178	1.4e-04	0.5468
5391	-109.2909	-109.2909	-76.7636	0.7024	77.7382	0.7117	1.4e-04	0.5453
5392	-109.2778	-109.2779	-75.4280	0.6902	78.9915	0.7233	1.4e-04	0.5445
5393	-109.2913	-109.2913	-76.3761	0.6988	78.1133	0.7152	1.4e-04	0.5460
5394	-109.2860	-109.2860	-76.3148	0.6983	78.1749	0.7157	1.4e-04	0.5475
5395	-109.2622	-109.2622	-76.3864	0.6991	78.0786	0.7150	1.4e-04	0.5454
5396	-109.2577	-109.2577	-76.2354	0.6978	78.2199	0.7163	1.4e-04	0.5443
5397	-109.2803	-109.2803	-76.0894	0.6963	78.3958	0.7178	1.4e-04	0.5444
5398	-109.2894	-109.2894	-77.0210	0.7047	77.4839	0.7095	1.4e-04	0.5455
5399	-109.2717	-109.2717	-76.7770	0.7026	77.7141	0.7115	1.4e-04	0.5450
5400	-109.2893	-109.2893	-76.3805	0.6989	78.1178	0.7152	1.4e-04	0.5439
5401	-109.2904	-109.2904	-76.7362	0.7021	77.7712	0.7120	1.4e-04	0.5427
5402	-109.2936	-109.2936	-76.5114	0.7001	77.9821	0.7140	1.4e-04	0.5453
5403	-109.2700	-109.2700	-76.2973	0.6982	78.1751	0.7158	1.4e-04	0.5463
5404	-109.2657	-109.2657	-76.4752	0.6999	78.0027	0.7142	1.4e-04	0.5446
5405	-109.2893	-109.2894	-75.8679	0.6942	78.6012	0.7196	1.4e-04	0.5453
5406	-109.2882	-109.2882	-77.0199	0.7047	77.4783	0.7095	1.4e-04	0.5448
5407	-109.2818	-109.2818	-76.7917	0.7027	77.7014	0.7114	1.4e-04	0.5450
5408	-109.2639	-109.2639	-76.4070	0.6993	78.0636	0.7148	1.4e-04	0.5463
5409	-109.2647	-109.2647	-76.7416	0.7023	77.7336	0.7118	1.4e-04	0.5468
5410	-109.2720	-109.2720	-76.5561	0.7006	77.9204	0.7135	1.4e-04	0.5470
5411	-109.2879	-109.2880	-76.2161	0.6974	78.2446	0.7164	1.4e-04	0.5451
5412	-109.2887	-109.2887	-76.4198	0.6992	78.0762	0.7149	1.4e-04	0.5770
5413	-109.2998	-109.2998	-75.8463	0.6939	78.6451	0.7200	1.4e-04	0.5469
5414	-109.2850	-109.2850	-76.7976	0.7027	77.7062	0.7115	1.4e-04	0.5465
5415	-109.2848	-109.2848	-76.4935	0.6999	78.0031	0.7141	1.4e-04	0.5443
5416	-109.2817	-109.2817	-77.4105	0.7084	77.0975	0.7059	1.4e-04	0.5446
5417	-109.2847	-109.2847	-77.3195	0.7075	77.1815	0.7067	1.4e-04	0.5452
5418	-109.2898	-109.2898	-77.2248	0.7066	77.2725	0.7076	1.4e-04	0.5466
5419	-109.2722	-109.2722	-76.9715	0.7044	77.5024	0.7096	1.4e-04	0.5450
5420	-109.2716	-109.2716	-76.7901	0.7027	77.6971	0.7114	1.4e-04	0.5452
5421	-109.2851	-109.2852	-75.7840	0.6935	78.6872	0.7205	1.4e-04	0.5464
5422	-109.2965	-109.2965	-76.6215	0.7010	77.8911	0.7131	1.4e-04	0.5448
5423	-109.2844	-109.2844	-77.0153	0.7047	77.4872	0.7095	1.4e-04	0.5456
5424	-109.2680	-109.2680	-76.5509	0.7006	77.8637	0.7130	1.4e-04	0.5449
5425	-109.3032	-109.3032	-76.4777	0.6997	78.0330	0.7144	1.4e-04	0.5452
5426	-109.2738	-109.2738	-76.6851	0.7018	77.7865	0.7123	1.4e-04	0.5459
5427	-109.2810	-109.2810	-76.5257	0.7003	77.9615	0.7139	1.4e-04	0.5443
5428	-109.2825	-109.2825	-76.5081	0.7001	77.9747	0.7140	1.4e-04	0.5466
5429	-109.2757	-109.2758	-75.5493	0.6914	78.9004	0.7225	1.4e-04	0.5465
5430	-109.2650	-109.2650	-76.8836	0.7036	77.5903	0.7105	1.4e-04	0.5453
5431	-109.2959	-109.2960	-76.0146	0.6955	78.4641	0.7184	1.4e-04	0.5449
5432	-109.2821	-109.2821	-77.1784	0.7062	77.3010	0.7078	1.4e-04	0.5442
5433	-109.2851	-109.2851	-76.0576	0.6960	78.4260	0.7181	1.4e-04	0.5465
5434	-109.2730	-109.2730	-76.4728	0.6998	77.9963	0.7142	1.4e-04	0.5470
5435	-109.2801	-109.2801	-75.8395	0.6940	78.6266	0.7200	1.4e-04	0.5470
5436	-109.2812	-109.2813	-75.5708	0.6915	78.8706	0.7221	1.4e-04	0.5470
5437	-109.2715	-109.2715	-76.5787	0.7008	77.9066	0.7133	1.4e-04	0.5459
5438	-109.2837	-109.2837	-76.0912	0.6963	78.3895	0.7177	1.4e-04	0.5461
5439	-109.2908	-109.2908	-76.4675	0.6997	78.0342	0.7144	1.4e-04	0.5442
5440	-109.2766	-109.2766	-76.3442	0.6986	78.1318	0.7155	1.4e-04	0.5444
5441	-109.2783	-109.2784	-76.3776	0.6989	78.1103	0.7151	1.4e-04	0.5448
5442	-109.2887	-109.2887	-76.9258	0.7039	77.5586	0.7100	1.4e-04	0.5455
5443	-109.2822	-109.2823	-76.0554	0.6960	78.4247	0.7181	1.4e-04	0.5469
5444	-109.2863	-109.2863	-76.6691	0.7015	77.8176	0.7124	1.4e-04	0.5469
5445	-109.2751	-109.2751	-75.9455	0.6950	78.5000	0.7187	1.4e-04	0.5466
5446	-109.2963	-109.2963	-76.8649	0.7033	77.6455	0.7108	1.4e-04	0.5461
5447	-109.2727	-109.2727	-77.0550	0.7052	77.3903	0.7086	1.4e-04	0.5441
5448	-109.2966	-109.2966	-76.0949	0.6962	78.3903	0.7178	1.4e-04	0.5441
5449	-109.2800	-109.2800	-77.1478	0.7060	77.3498	0.7082	1.4e-04	0.5445
5450	-109.2833	-109.2833	-77.2921	0.7073	77.1934	0.7069	1.4e-04	0.5460
5451	-109.2842	-109.2842	-77.0597	0.7051	77.4392	0.7090	1.4e-04	0.5450
5452	-109.2633	-109.2633	-77.5271	0.7095	76.9547	0.7046	1.4e-04	0.5462
5453	-109.2758	-109.2758	-77.4369	0.7086	77.0389	0.7056	1.4e-04	0.5463
5454	-109.2718	-109.2718	-76.8244	0.7031	77.6599	0.7111	1.4e-04	0.5433
5455	-109.2650	-109.2650	-76.3435	0.6987	78.1170	0.7153	1.4e-04	0.5445
5456	-109.2814	-109.2814	-77.5139	0.7093	76.9954	0.7049	1.4e-04	0.5449
5457	-109.2833	-109.2833	-77.6733	0.7108	76.8246	0.7034	1.4e-04	0.5454
5458	-109.2886	-109.2886	-77.8487	0.7123	76.6543	0.7018	1.4e-04	0.5464
5459	-109.2828	-109.2828	-77.0932	0.7054	77.3938	0.7086	1.4e-04	0.5460
5460	-109.2810	-109.2810	-77.3018	0.7074	77.1981	0.7068	1.4e-04	0.5452
5461	-109.2732	-109.2732	-77.2337	0.7068	77.2467	0.7074	1.4e-04	0.5451
5462	-109.2772	-109.2772	-76.9776	0.7044	77.5147	0.7098	1.4e-04	0.5473
5463	-109.2716	-109.2716	-77.3644	0.7080	77.1229	0.7062	1.4e-04	0.5441
5464	-109.2826	-109.2826	-77.5011	0.7092	76.9617	0.7047	1.4e-04	0.5445
5465	-109.2776	-109.2776	-77.4346	0.7086	77.0577	0.7056	1.4e-04	0.5486
5466	-109.2745	-109.2745	-76.4775	0.6999	78.0196	0.7143	1.4e-04	0.5469
5467	-109.2722	-109.2722	-76.7429	0.7023	77.7447	0.7119	1.4e-04	0.5458
5468	-109.2940	-109.2940	-78.0857	0.7145	76.4170	0.6997	1.4e-04	0.5445
5469	-109.2464	-109.2464	-77.1056	0.7058	77.3498	0.7084	1.4e-04	0.5444
5470	-109.2689	-109.2689	-77.1481	0.7060	77.3429	0.7081	1.4e-04	0.5448
5471	-109.2926	-109.2926	-76.5747	0.7006	77.9324	0.7135	1.4e-04	0.5459
5472	-109.2618	-109.2618	-77.3335	0.7078	77.1449	0.7064	1.4e-04	0.5477
5473	-109.2532	-109.2532	-78.2470	0.7162	76.1959	0.6978	1.4e-04	0.5451
5474	-109.2884	-109.2884	-76.4116	0.6992	78.0867	0.7150	1.4e-04	0.5443
5475	-109.2880	-109.2880	-77.3908	0.7081	77.0720	0.7057	1.4e-04	0.5446
5476	-109.2953	-109.2953	-77.6294	0.7103	76.9037	0.7039	1.4e-04	0.5447
5477	-109.2823	-109.2823	-77.0414	0.7050	77.4525	0.7092	1.4e-04	0.5455
5478	-109.2895	-109.2895	-77.3090	0.7074	77.1869	0.7067	1.4e-04	0.5468
5479	-109.2792	-109.2792	-76.9327	0.7040	77.5463	0.7101	1.4e-04	0.5455
5480	-109.2763	-109.2763	-77.0412	0.7050	77.4464	0.7091	1.4e-04	0.5438
5481	-109.2943	-109.2943	-76.7361	0.7021	77.7800	0.7120	1.4e-04	0.5446
5482	-109.2675	-109.2675	-76.5003	0.7001	77.9871	0.7140	1.4e-04	0.5456
5483	-109.2736	-109.2736	-77.4376	0.7087	77.0513	0.7055	1.4e-04	0.5462
5484	-109.2824	-109.2824	-77.2884	0.7072	77.1896	0.7069	1.4e-04	0.5469
5485	-109.2727	-109.2727	-77.3798	0.7081	77.1156	0.7060	1.4e-04	0.5452
5486	-109.3021	-109.3021	-77.4624	0.7087	77.0591	0.7055	1.4e-04	0.5458
5487	-109.2739	-109.2739	-77.4915	0.7091	76.9921	0.7050	1.4e-04	0.5445
5488	-109.2601	-109.2601	-78.1516	0.7153	76.3064	0.6988	1.4e-04	0.5439
5489	-109.2640	-109.2640	-77.0799	0.7054	77.3718	0.7087	1.4e-04	0.5782
5490	-109.2764	-109.2764	-77.1680	0.7062	77.3170	0.7080	1.4e-04	0.5450
5491	-109.2909	-109.2909	-76.5873	0.7008	77.9111	0.7134	1.4e-04	0.5451
5492	-109.2849	-109.2849	-77.2716	0.7071	77.2175	0.7071	1.4e-04	0.5467
5493	-109.2704	-109.2704	-77.8380	0.7123	76.6300	0.7017	1.4e-04	0.5764
5494	-109.2700	-109.2700	-77.0836	0.7054	77.3939	0.7088	1.4e-04	0.5463
5495	-109.2751	-109.2751	-76.2685	0.6980	78.2158	0.7161	1.4e-04	0.5474
5496	-109.2788	-109.2788	-76.2381	0.6976	78.2378	0.7164	1.4e-04	0.5752
5497	-109.2791	-109.2791	-76.6144	0.7011	77.8548	0.7130	1.4e-04	0.5455
5498	-109.2942	-109.2942	-75.7496	0.6931	78.6855	0.7205	1.4e-04	0.5455
5499	-109.2928	-109.2928	-77.1231	0.7057	77.3786	0.7085	1.4e-04	0.5463
5500	-109.2571	-109.2571	-77.3316	0.7078	77.1176	0.7063	1.4e-04	0.5444
5501	-109.2933	-109.2933	-76.3053	0.6982	78.1908	0.7159	1.4e-04	0.5433
5502	-109.2609	-109.2609	-76.3869	0.6991	78.0823	0.7150	1.4e-04	0.5777
5503	-109.2782	-109.2782	-76.4963	0.7000	77.9895	0.7140	1.4e-04	0.5453
5504	-109.2822	-109.2822	-76.4955	0.7000	77.9914	0.7141	1.4e-04	0.5448
5505	-109.2849	-109.2849	-76.7882	0.7026	77.7043	0.7115	1.4e-04	0.5474
5506	-109.2658	-109.2658	-77.2400	0.7069	77.2286	0.7072	1.4e-04	0.5760
5507	-109.2940	-109.2940	-76.5975	0.7008	77.9051	0.7133	1.4e-04	0.5445
5508	-109.2783	-109.2783	-77.1926	0.7064	77.2643	0.7075	1.4e-04	0.5478
5509	-109.2896	-109.2896	-76.0926	0.6962	78.3848	0.7176	1.4e-04	0.5463
5510	-109.2843	-109.2843	-76.5520	0.7005	77.9421	0.7137	1.4e-04	0.5447
5511	-109.2848	-109.2848	-77.3399	0.7077	77.1597	0.7065	1.4e-04	0.5770
5512	-109.2895	-109.2895	-76.8198	0.7029	77.6949	0.7113	1.4e-04	0.5457
5513	-109.2848	-109.2848	-76.1991	0.6973	78.2653	0.7167	1.4e-04	0.5455
5514	-109.2761	-109.2761	-77.9582	0.7134	76.5171	0.7008	1.4e-04	0.5770
5515	-109.2652	-109.2652	-77.0328	0.7050	77.4426	0.7092	1.4e-04	0.5462
5516	-109.2734	-109.2734	-76.9406	0.7041	77.5398	0.7100	1.4e-04	0.5466
5517	-109.2882	-109.2882	-77.0410	0.7049	77.4557	0.7092	1.4e-04	0.5457
5518	-109.2821	-109.2821	-77.4292	0.7085	77.0706	0.7057	1.4e-04	0.5466
5519	-109.2689	-109.2689	-77.7268	0.7113	76.7110	0.7025	1.4e-04	0.5465
5520	-109.2967	-109.2967	-76.7482	0.7022	77.7510	0.7118	1.4e-04	0.5472
5521	-109.2828	-109.2828	-76.6014	0.7009	77.8814	0.7132	1.4e-04	0.5769
5522	-109.2861	-109.2861	-76.9237	0.7039	77.5598	0.7102	1.4e-04	0.5474
5523	-109.3034	-109.3035	-75.2390	0.6883	79.2326	0.7254	1.4e-04	0.5463
5524	-109.2625	-109.2625	-76.5632	0.7007	77.8973	0.7134	1.4e-04	0.5483
5525	-109.2754	-109.2754	-76.2054	0.6974	78.2651	0.7167	1.4e-04	0.5461
5526	-109.2966	-109.2966	-76.4714	0.6997	78.0372	0.7144	1.4e-04	0.5442
5527	-109.2823	-109.2823	-77.0678	0.7052	77.4225	0.7090	1.4e-04	0.5446
5528	-109.2907	-109.2907	-76.6145	0.7010	77.8586	0.7128	1.4e-04	0.5445
5529	-109.2846	-109.2846	-76.6241	0.7011	77.8720	0.7130	1.4e-04	0.5453
5530	-109.2897	-109.2897	-75.9720	0.6951	78.5088	0.7188	1.4e-04	0.5442
5531	-109.2775	-109.2775	-76.4596	0.6997	78.0023	0.7143	1.4e-04	0.5447
5532	-109.2869	-109.2869	-76.9004	0.7037	77.5641	0.7102	1.4e-04	0.5470
5533	-109.2710	-109.2710	-77.0660	0.7053	77.4123	0.7089	1.4e-04	0.5454
5534	-109.2842	-109.2842	-77.4946	0.7091	76.9924	0.7050	1.4e-04	0.5450
5535	-109.2877	-109.2877	-76.8789	0.7035	77.6239	0.7107	1.4e-04	0.5459
5536	-109.2882	-109.2882	-76.7976	0.7027	77.7040	0.7115	1.4e-04	0.5431
5537	-109.2915	-109.2915	-77.9898	0.7136	76.5102	0.7005	1.4e-04	0.5452
5538	-109.2711	-109.2711	-77.7491	0.7115	76.7291	0.7026	1.4e-04	0.5457
5539	-109.2903	-109.2903	-76.8412	0.7031	77.6713	0.7111	1.4e-04	0.5448
5540	-109.3005	-109.3005	-76.5001	0.6999	78.0247	0.7142	1.4e-04	0.5442
5541	-109.2826	-109.2826	-77.7300	0.7113	76.7387	0.7027	1.4e-04	0.5461
5542	-109.2759	-109.2759	-76.6532	0.7015	77.7963	0.7123	1.4e-04	0.5471
5543	-109.2974	-109.2974	-77.0960	0.7054	77.4171	0.7088	1.4e-04	0.5460
5544	-109.2772	-109.2772	-76.6253	0.7012	77.8566	0.7130	1.4e-04	0.5442
5545	-109.2861	-109.2861	-76.7457	0.7022	77.7418	0.7118	1.4e-04	0.5438
5546	-109.2767	-109.2767	-76.8137	0.7029	77.6429	0.7110	1.4e-04	0.5441
5547	-109.2588	-109.2588	-77.9833	0.7137	76.4755	0.7004	1.4e-04	0.5466
5548	-109.2643	-109.2643	-77.6545	0.7107	76.8181	0.7035	1.4e-04	0.5467
5549	-109.2862	-109.2862	-77.0537	0.7051	77.4481	0.7091	1.4e-04	0.5467
5550	-109.2750	-109.2750	-77.6743	0.7108	76.8142	0.7033	1.4e-04	0.5435
5551	-109.2789	-109.2789	-77.5141	0.7093	76.9719	0.7047	1.4e-04	0.5462
5552	-109.2751	-109.2751	-76.4261	0.6994	78.0369	0.7146	1.4e-04	0.5455
5553	-109.2744	-109.2744	-76.3113	0.6983	78.1579	0.7157	1.4e-04	0.5461
5554	-109.2814	-109.2814	-76.9111	0.7038	77.5869	0.7104	1.4e-04	0.5451
5555	-109.2926	-109.2926	-77.1973	0.7063	77.2965	0.7078	1.4e-04	0.5445
5556	-109.2867	-109.2867	-77.1028	0.7055	77.3929	0.7087	1.4e-04	0.5541
5557	-109.2820	-109.2820	-76.1754	0.6971	78.3062	0.7170	1.4e-04	0.5457
5558	-109.2704	-109.2704	-76.4513	0.6997	78.0218	0.7144	1.4e-04	0.5450
5559	-109.2856	-109.2856	-76.2096	0.6973	78.2707	0.7167	1.4e-04	0.5446
5560	-109.2725	-109.2725	-76.6294	0.7013	77.8512	0.7129	1.4e-04	0.5435
5561	-109.2810	-109.2810	-76.9786	0.7044	77.5040	0.7097	1.4e-04	0.5454
5562	-109.2846	-109.2846	-76.1720	0.6970	78.3165	0.7170	1.4e-04	0.5469
5563	-109.2563	-109.2563	-77.0239	0.7050	77.4424	0.7092	1.4e-04	0.5452
5564	-109.2703	-109.2703	-76.5942	0.7010	77.8826	0.7132	1.4e-04	0.5461
5565	-109.2760	-109.2760	-77.9381	0.7132	76.5483	0.7009	1.4e-04	0.5441
5566	-109.2817	-109.2817	-77.1499	0.7060	77.3299	0.7082	1.4e-04	0.5444
5567	-109.2785	-109.2785	-77.5211	0.7094	76.9684	0.7047	1.4e-04	0.5456
5568	-109.2839	-109.2839	-76.6180	0.7011	77.8669	0.7130	1.4e-04	0.5458
5569	-109.2779	-109.2779	-77.4094	0.7084	77.0843	0.7058	1.4e-04	0.5438
5570	-109.2568	-109.2568	-77.0299	0.7050	77.4454	0.7092	1.4e-04	0.5456
5571	-109.2747	-109.2747	-76.8641	0.7034	77.6224	0.7108	1.4e-04	0.5444
5572	-109.2751	-109.2751	-76.2373	0.6977	78.2260	0.7164	1.4e-04	0.5453
5573	-109.2769	-109.2769	-76.8819	0.7036	77.6160	0.7106	1.4e-04	0.5447
5574	-109.2944	-109.2944	-77.5637	0.7097	76.9362	0.7044	1.4e-04	0.5461
5575	-109.2773	-109.2773	-77.6136	0.7102	76.8724	0.7039	1.4e-04	0.5459
5576	-109.2713	-109.2713	-76.9515	0.7042	77.5257	0.7099	1.4e-04	0.5443
5577	-109.2943	-109.2943	-76.6896	0.7017	77.7982	0.7123	1.4e-04	0.5464
5578	-109.2636	-109.2636	-76.6683	0.7017	77.8150	0.7125	1.4e-04	0.5442
5579	-109.2753	-109.2753	-76.6291	0.7012	77.8490	0.7129	1.4e-04	0.5447
5580	-109.2842	-109.2842	-76.9406	0.7040	77.5593	0.7102	1.4e-04	0.5457
5581	-109.2857	-109.2857	-77.1017	0.7055	77.3924	0.7087	1.4e-04	0.5465
5582	-109.2730	-109.2731	-75.8105	0.6938	78.6504	0.7202	1.4e-04	0.5455
5583	-109.2723	-109.2723	-76.0091	0.6956	78.4393	0.7183	1.4e-04	0.5440
5584	-109.2935	-109.2935	-76.6834	0.7016	77.8177	0.7124	1.4e-04	0.5459
5585	-109.2871	-109.2871	-77.3020	0.7073	77.2016	0.7069	1.4e-04	0.5432
5586	-109.2662	-109.2665	-74.9033	0.6855	79.5067	0.7281	1.4e-04	0.5443
5587	-109.2713	-109.2713	-75.8471	0.6941	78.6104	0.7199	1.4e-04	0.5449
5588	-109.2901	-109.2901	-77.6877	0.7108	76.8170	0.7033	1.4e-04	0.5450
5589	-109.2706	-109.2706	-76.6082	0.7011	77.8598	0.7130	1.4e-04	0.5468
5590	-109.2839	-109.2840	-75.5205	0.6910	78.9363	0.7228	1.4e-04	0.5466
5591	-109.2963	-109.2963	-76.7148	0.7019	77.7799	0.7121	1.4e-04	0.5455
5592	-109.2628	-109.2628	-77.0022	0.7047	77.4740	0.7094	1.4e-04	0.5448
5593	-109.2829	-109.2829	-77.6476	0.7105	76.8398	0.7037	1.4e-04	0.5454
5594	-109.2661	-109.2661	-77.3454	0.7079	77.1303	0.7063	1.4e-04	0.5447
5595	-109.3103	-109.3103	-76.6825	0.7015	77.8205	0.7125	1.4e-04	0.5445
5596	-109.2943	-109.2943	-76.6636	0.7014	77.8501	0.7127	1.4e-04	0.5466
5597	-109.2694	-109.2694	-75.9228	0.6948	78.5461	0.7192	1.4e-04	0.5469
5598	-109.2843	-109.2843	-76.7813	0.7026	77.7164	0.7115	1.4e-04	0.5464
5599	-109.2651	-109.2651	-76.9043	0.7038	77.5782	0.7104	1.4e-04	0.5463
5600	-109.2744	-109.2744	-77.8853	0.7128	76.6059	0.7014	1.4e-04	0.5433
5601	-109.2871	-109.2871	-77.3675	0.7079	77.1247	0.7062	1.4e-04	0.5440
5602	-109.2817	-109.2817	-76.7136	0.7020	77.7774	0.7122	1.4e-04	0.5767
5603	-109.2707	-109.2707	-77.3839	0.7082	77.0718	0.7058	1.4e-04	0.5454
5604	-109.2807	-109.2807	-77.1567	0.7060	77.3325	0.7081	1.4e-04	0.5470
5605	-109.2917	-109.2917	-76.3359	0.6985	78.1547	0.7156	1.4e-04	0.5761
5606	-109.2833	-109.2833	-77.3851	0.7081	77.1069	0.7061	1.4e-04	0.5454
5607	-109.2617	-109.2617	-76.9632	0.7044	77.5003	0.7098	1.4e-04	0.5451
5608	-109.2748	-109.2748	-77.5166	0.7094	76.9801	0.7048	1.4e-04	0.5461
5609	-109.2776	-109.2776	-77.0575	0.7052	77.4313	0.7090	1.4e-04	0.5445
5610	-109.2771	-109.2771	-77.5079	0.7093	76.9260	0.7044	1.4e-04	0.5445
5611	-109.2851	-109.2851	-76.6782	0.7016	77.8129	0.7125	1.4e-04	0.5455
5612	-109.2868	-109.2868	-77.1079	0.7056	77.3962	0.7086	1.4e-04	0.5454
5613	-109.2880	-109.2880	-77.2438	0.7068	77.2520	0.7073	1.4e-04	0.5781
5614	-109.2775	-109.2775	-78.4481	0.7179	76.0212	0.6961	1.4e-04	0.5451
5615	-109.2892	-109.2892	-77.1270	0.7057	77.3807	0.7085	1.4e-04	0.5439
5616	-109.2847	-109.2847	-76.9914	0.7045	77.5161	0.7097	1.4e-04	0.5454
5617	-109.2597	-109.2597	-78.1496	0.7153	76.2977	0.6987	1.4e-04	0.5462
5618	-109.2959	-109.2959	-76.6201	0.7010	77.8927	0.7131	1.4e-04	0.5455
5619	-109.2789	-109.2789	-77.0570	0.7051	77.3909	0.7086	1.4e-04	0.5458
5620	-109.2886	-109.2886	-76.1849	0.6971	78.3080	0.7170	1.4e-04	0.5443
5621	-109.2880	-109.2880	-76.6469	0.7013	77.8628	0.7128	1.4e-04	0.5779
5622	-109.2754	-109.2754	-76.9904	0.7046	77.5033	0.7096	1.4e-04	0.5468
5623	-109.2771	-109.2771	-76.8983	0.7037	77.5851	0.7104	1.4e-04	0.5436
5624	-109.2699	-109.2699	-77.7644	0.7117	76.7211	0.7025	1.4e-04	0.5440
5625	-109.2914	-109.2914	-77.6278	0.7103	76.8531	0.7038	1.4e-04	0.5444
5626	-109.2747	-109.2747	-78.5169	0.7185	75.9320	0.6954	1.4e-04	0.5443
5627	-109.2698	-109.2698	-78.1559	0.7153	76.3273	0.6988	1.4e-04	0.5464
5628	-109.2763	-109.2763	-77.1004	0.7056	77.3841	0.7087	1.4e-04	0.5472
5629	-109.2776	-109.2776	-77.9304	0.7131	76.5399	0.7008	1.4e-04	0.5773
5630	-109.2837	-109.2837	-77.2561	0.7069	77.2442	0.7073	1.4e-04	0.5466
5631	-109.2741	-109.2741	-78.0066	0.7139	76.4244	0.6999	1.4e-04	0.5460
5632	-109.2804	-109.2804	-77.1895	0.7063	77.3188	0.7079	1.4e-04	0.5465
5633	-109.2826	-109.2826	-76.9864	0.7045	77.5108	0.7097	1.4e-04	0.5461
5634	-109.2803	-109.2803	-76.9828	0.7045	77.5201	0.7097	1.4e-04	0.5787
5635	-109.2995	-109.2995	-77.4044	0.7082	77.0804	0.7058	1.4e-04	0.5441
5636	-109.2914	-109.2914	-77.4774	0.7089	77.0090	0.7050	1.4e-04	0.5449
5637	-109.2681	-109.2681	-76.5034	0.7001	77.9647	0.7139	1.4e-04	0.5462
5638	-109.2926	-109.2926	-77.5760	0.7098	76.9301	0.7044	1.4e-04	0.5460
5639	-109.2775	-109.2775	-77.6387	0.7105	76.8618	0.7037	1.4e-04	0.5779
5640	-109.2759	-109.2759	-77.6278	0.7104	76.8711	0.7038	1.4e-04	0.5464
5641	-109.2666	-109.2666	-77.0745	0.7054	77.3959	0.7088	1.4e-04	0.5435
5642	-109.2758	-109.2758	-76.5655	0.7007	77.9119	0.7134	1.4e-04	0.5456
5643	-109.2868	-109.2868	-77.6518	0.7105	76.8584	0.7037	1.4e-04	0.5461
5644	-109.2746	-109.2746	-77.4323	0.7086	77.0582	0.7056	1.4e-04	0.5445
5645	-109.2554	-109.2554	-77.6303	0.7105	76.8384	0.7037	1.4e-04	0.5460
5646	-109.2839	-109.2839	-77.6920	0.7109	76.8150	0.7033	1.4e-04	0.5438
5647	-109.2790	-109.2790	-77.9487	0.7133	76.5334	0.7008	1.4e-04	0.5459
5648	-109.2790	-109.2790	-77.3903	0.7082	77.0675	0.7056	1.4e-04	0.5462
5649	-109.2717	-109.2717	-77.5892	0.7101	76.8918	0.7040	1.4e-04	0.5442
5650	-109.2925	-109.2925	-77.7198	0.7111	76.7914	0.7030	1.4e-04	0.5471
5651	-109.2710	-109.2710	-77.9068	0.7130	76.5833	0.7012	1.4e-04	0.5779
5652	-109.2816	-109.2816	-77.2139	0.7066	77.2805	0.7076	1.4e-04	0.5458
5653	-109.2647	-109.2647	-77.9365	0.7133	76.5363	0.7009	1.4e-04	0.5466
5654	-109.2735	-109.2735	-78.0546	0.7143	76.4239	0.6998	1.4e-04	0.5462
5655	-109.2895	-109.2895	-78.2452	0.7159	76.2414	0.6981	1.4e-04	0.5453
5656	-109.2879	-109.2879	-78.2424	0.7159	76.2280	0.6979	1.4e-04	0.5460
5657	-109.2856	-109.2856	-77.7460	0.7114	76.7632	0.7028	1.4e-04	0.5455
5658	-109.2581	-109.2581	-78.3604	0.7172	76.0909	0.6968	1.4e-04	0.5460
5659	-109.2813	-109.2813	-77.9376	0.7132	76.5661	0.7010	1.4e-04	0.5462
5660	-109.2585	-109.2585	-78.5749	0.7192	75.8642	0.6948	1.4e-04	0.5470
5661	-109.2697	-109.2697	-77.2233	0.7067	77.2638	0.7075	1.4e-04	0.5476
5662	-109.2683	-109.2683	-78.4453	0.7179	76.0265	0.6961	1.4e-04	0.5465
5663	-109.2740	-109.2740	-77.9558	0.7134	76.5348	0.7007	1.4e-04	0.5455
5664	-109.2801	-109.2801	-78.4135	0.7175	76.0634	0.6965	1.4e-04	0.5439
5665	-109.2857	-109.2857	-78.8177	0.7212	75.6445	0.6927	1.4e-04	0.5441
5666	-109.2715	-109.2715	-78.2559	0.7162	76.1931	0.6977	1.4e-04	0.5464
5667	-109.2939	-109.2939	-77.6485	0.7105	76.8223	0.7035	1.4e-04	0.5457
5668	-109.2754	-109.2754	-78.5174	0.7185	75.9316	0.6954	1.4e-04	0.5467
5669	-109.2807	-109.2807	-78.4447	0.7178	76.0267	0.6962	1.4e-04	0.5464
5670	-109.2791	-109.2791	-78.4609	0.7180	75.9936	0.6959	1.4e-04	0.5453
5671	-109.2786	-109.2786	-77.5005	0.7092	76.9953	0.7050	1.4e-04	0.5448
5672	-109.2659	-109.2659	-77.7191	0.7113	76.7552	0.7029	1.4e-04	0.5434
5673	-109.2517	-109.2517	-78.0222	0.7142	76.4342	0.6999	1.4e-04	0.5459
5674	-109.2805	-109.2805	-78.1444	0.7151	76.3150	0.6988	1.4e-04	0.5467
5675	-109.2788	-109.2788	-78.2389	0.7160	76.2458	0.6981	1.4e-04	0.5771
5676	-109.2864	-109.2864	-77.3549	0.7078	77.1519	0.7064	1.4e-04	0.5465
5677	-109.2822	-109.2822	-77.2669	0.7070	77.2415	0.7072	1.4e-04	0.5458
5678	-109.2966	-109.2966	-77.6642	0.7106	76.8425	0.7036	1.4e-04	0.5471
5679	-109.2885	-109.2885	-77.6582	0.7106	76.8460	0.7036	1.4e-04	0.5440
5680	-109.2892	-109.2892	-77.4315	0.7085	77.0722	0.7056	1.4e-04	0.5820
5681	-109.2643	-109.2643	-77.2645	0.7071	77.2110	0.7071	1.4e-04	0.5458
5682	-109.2733	-109.2733	-77.7991	0.7120	76.6727	0.7021	1.4e-04	0.5452
5683	-109.2921	-109.2921	-77.5582	0.7096	76.9531	0.7045	1.4e-04	0.5767
5684	-109.2785	-109.2785	-77.4450	0.7087	77.0495	0.7055	1.4e-04	0.5475
5685	-109.2677	-109.2677	-77.1570	0.7061	77.3298	0.7081	1.4e-04	0.5444
5686	-109.2829	-109.2829	-77.7604	0.7116	76.7239	0.7026	1.4e-04	0.5445
5687	-109.2763	-109.2763	-76.8692	0.7034	77.6163	0.7107	1.4e-04	0.5467
5688	-109.2793	-109.2793	-77.4803	0.7090	77.0157	0.7052	1.4e-04	0.5457
5689	-109.2961	-109.2961	-76.8348	0.7030	77.6789	0.7112	1.4e-04	0.5445
5690	-109.2742	-109.2742	-77.8013	0.7120	76.6867	0.7022	1.4e-04	0.5448
5691	-109.2935	-109.2935	-77.4667	0.7088	77.0371	0.7054	1.4e-04	0.5458
5692	-109.2667	-109.2667	-77.5564	0.7098	76.9201	0.7044	1.4e-04	0.5802
5693	-109.2456	-109.2456	-76.8679	0.7036	77.5720	0.7104	1.4e-04	0.5446
5694	-109.3006	-109.3006	-77.1121	0.7055	77.4089	0.7087	1.4e-04	0.5447
5695	-109.2824	-109.2824	-76.9931	0.7045	77.5048	0.7097	1.4e-04	0.5457
5696	-109.3094	-109.3094	-77.9865	0.7134	76.5209	0.7006	1.4e-04	0.5808
5697	-109.2842	-109.2842	-77.5645	0.7098	76.9265	0.7044	1.4e-04	0.5450
5698	-109.2730	-109.2730	-77.8367	0.7123	76.6376	0.7017	1.4e-04	0.5443
5699	-109.2998	-109.2998	-77.3346	0.7075	77.1828	0.7067	1.4e-04	0.5454
5700	-109.2808	-109.2808	-77.2576	0.7070	77.1930	0.7068	1.4e-04	0.5454
5701	-109.2855	-109.2855	-77.5352	0.7095	76.9677	0.7047	1.4e-04	0.5439
5702	-109.2960	-109.2960	-77.1700	0.7061	77.3424	0.7081	1.4e-04	0.5461
5703	-109.2889	-109.2889	-77.4616	0.7088	77.0288	0.7053	1.4e-04	0.5448
5704	-109.2736	-109.2736	-76.8976	0.7037	77.6016	0.7105	1.4e-04	0.5452
5705	-109.2756	-109.2756	-77.7839	0.7118	76.7022	0.7024	1.4e-04	0.5446
5706	-109.2602	-109.2602	-77.2241	0.7068	77.2233	0.7072	1.4e-04	0.5815
5707	-109.2878	-109.2878	-77.1087	0.7056	77.3924	0.7086	1.4e-04	0.5474
5708	-109.2821	-109.2821	-78.0265	0.7140	76.4415	0.6999	1.4e-04	0.5470
5709	-109.2686	-109.2686	-77.1080	0.7057	77.3738	0.7085	1.4e-04	0.5454
5710	-109.2807	-109.2807	-77.0229	0.7048	77.4838	0.7094	1.4e-04	0.5456
5711	-109.2670	-109.2670	-76.8551	0.7034	77.6023	0.7107	1.4e-04	0.5441
5712	-109.2744	-109.2744	-76.9663	0.7043	77.5221	0.7098	1.4e-04	0.5791
5713	-109.2852	-109.2852	-76.1861	0.6971	78.3096	0.7169	1.4e-04	0.5459
5714	-109.3098	-109.3098	-77.8275	0.7120	76.7025	0.7022	1.4e-04	0.5456
5715	-109.2802	-109.2802	-77.5474	0.7096	76.9476	0.7045	1.4e-04	0.5437
5716	-109.2839	-109.2839	-77.2086	0.7065	77.2863	0.7077	1.4e-04	0.5447
5717	-109.3022	-109.3022	-77.7999	0.7118	76.7094	0.7023	1.4e-04	0.5448
5718	-109.2911	-109.2911	-77.7084	0.7110	76.8014	0.7031	1.4e-04	0.5469
5719	-109.2773	-109.2773	-77.4163	0.7084	77.0610	0.7057	1.4e-04	0.5457
5720	-109.2726	-109.2726	-76.8227	0.7030	77.6613	0.7111	1.4e-04	0.5451
5721	-109.2861	-109.2861	-77.3844	0.7081	77.1261	0.7061	1.4e-04	0.5472
5722	-109.2821	-109.2821	-77.4838	0.7090	77.0096	0.7051	1.4e-04	0.5453
5723	-109.2795	-109.2795	-77.3888	0.7082	77.1006	0.7059	1.4e-04	0.5454
5724	-109.2834	-109.2834	-77.4475	0.7087	77.0550	0.7055	1.4e-04	0.5475
5725	-109.3058	-109.3058	-76.7759	0.7024	77.7095	0.7115	1.4e-04	0.5469
5726	-109.2961	-109.2961	-77.6344	0.7103	76.8628	0.7037	1.4e-04	0.5455
5727	-109.2791	-109.2791	-76.9706	0.7043	77.5146	0.7097	1.4e-04	0.5782
5728	-109.2668	-109.2668	-77.2838	0.7073	77.2004	0.7069	1.4e-04	0.5455
5729	-109.2971	-109.2971	-77.0581	0.7050	77.4648	0.7092	1.4e-04	0.5450
5730	-109.2733	-109.2733	-78.2314	0.7159	76.2428	0.6981	1.4e-04	0.5449
5731	-109.2824	-109.2824	-78.3327	0.7168	76.1473	0.6972	1.4e-04	0.5446
5732	-109.2705	-109.2705	-76.6232	0.7012	77.8497	0.7129	1.4e-04	0.5780
5733	-109.2698	-109.2698	-77.5856	0.7100	76.9074	0.7042	1.4e-04	0.5447
5734	-109.2871	-109.2871	-77.1628	0.7061	77.3312	0.7081	1.4e-04	0.5462
5735	-109.2902	-109.2902	-76.9526	0.7041	77.5360	0.7100	1.4e-04	0.5438
5736	-109.2882	-109.2882	-77.4596	0.7088	77.0466	0.7054	1.4e-04	0.5767
5737	-109.2793	-109.2793	-78.2033	0.7156	76.2640	0.6984	1.4e-04	0.5452
5738	-109.2969	-109.2969	-77.6699	0.7106	76.8429	0.7036	1.4e-04	0.5457
5739	-109.2866	-109.2866	-77.1506	0.7059	77.3494	0.7083	1.4e-04	0.5450
5740	-109.2860	-109.2860	-77.3423	0.7077	77.1420	0.7064	1.4e-04	0.5462
5741	-109.2713	-109.2713	-77.3035	0.7074	77.1802	0.7068	1.4e-04	0.5553
5742	-109.2930	-109.2930	-77.5932	0.7100	76.9180	0.7042	1.4e-04	0.5466
5743	-109.3049	-109.3049	-78.1853	0.7153	76.3337	0.6988	1.4e-04	0.5468
5744	-109.2729	-109.2729	-77.5028	0.7093	76.9897	0.7049	1.4e-04	0.5458
5745	-109.2659	-109.2659	-77.6390	0.7106	76.8362	0.7036	1.4e-04	0.5803
5746	-109.2743	-109.2743	-78.3429	0.7169	76.1098	0.6970	1.4e-04	0.5463
5747	-109.2845	-109.2845	-78.1654	0.7152	76.3250	0.6989	1.4e-04	0.5464
5748	-109.2793	-109.2793	-77.3289	0.7076	77.1107	0.7061	1.4e-04	0.5470
5749	-109.2676	-109.2676	-77.2507	0.7070	77.2182	0.7072	1.4e-04	0.5466
5750	-109.2794	-109.2794	-77.8699	0.7126	76.6269	0.7016	1.4e-04	0.5449
5751	-109.2920	-109.2920	-77.1017	0.7055	77.3953	0.7087	1.4e-04	0.5450
5752	-109.2902	-109.2902	-77.3413	0.7077	77.1578	0.7065	1.4e-04	0.5453
5753	-109.2867	-109.2867	-77.2206	0.7066	77.2826	0.7076	1.4e-04	0.5482
5754	-109.2770	-109.2770	-77.7972	0.7119	76.6839	0.7022	1.4e-04	0.5446
5755	-109.2782	-109.2782	-77.4464	0.7087	77.0416	0.7055	1.4e-04	0.5450
5756	-109.2854	-109.2854	-78.3830	0.7172	76.1048	0.6968	1.4e-04	0.5454
5757	-109.3008	-109.3008	-77.7955	0.7118	76.7094	0.7024	1.4e-04	0.5449
5758	-109.2890	-109.2890	-77.9390	0.7131	76.5621	0.7009	1.4e-04	0.5452
5759	-109.2594	-109.2594	-77.9424	0.7134	76.5127	0.7008	1.4e-04	0.5439
5760	-109.2823	-109.2823	-77.1685	0.7061	77.3342	0.7081	1.4e-04	0.5475
5761	-109.2987	-109.2987	-77.0705	0.7051	77.4337	0.7089	1.4e-04	0.5455
5762	-109.2735	-109.2735	-77.1029	0.7056	77.3831	0.7086	1.4e-04	0.5786
5763	-109.2938	-109.2938	-77.7515	0.7114	76.7647	0.7028	1.4e-04	0.5464
5764	-109.2905	-109.2905	-77.7116	0.7111	76.7878	0.7031	1.4e-04	0.5443
5765	-109.2819	-109.2819	-77.8128	0.7120	76.6709	0.7021	1.4e-04	0.5444
5766	-109.2703	-109.2703	-78.2229	0.7159	76.2228	0.6980	1.4e-04	0.5482
5767	-109.2841	-109.2841	-76.8712	0.7034	77.6281	0.7107	1.4e-04	0.5481
5768	-109.2769	-109.2769	-78.3064	0.7166	76.0890	0.6968	1.4e-04	0.5804
5769	-109.2775	-109.2775	-77.1750	0.7062	77.3251	0.7080	1.4e-04	0.5457
5770	-109.2815	-109.2815	-77.6971	0.7110	76.7917	0.7032	1.4e-04	0.5451
5771	-109.2776	-109.2776	-78.2508	0.7161	76.2245	0.6980	1.4e-04	0.5446
5772	-109.2890	-109.2890	-78.2477	0.7160	76.2416	0.6981	1.4e-04	0.5454
5773	-109.2738	-109.2738	-78.7536	0.7207	75.6998	0.6932	1.4e-04	0.5474
5774	-109.2628	-109.2628	-78.4074	0.7176	76.0537	0.6964	1.4e-04	0.5457
5775	-109.2648	-109.2648	-78.3821	0.7174	76.0730	0.6967	1.4e-04	0.5451
5776	-109.2784	-109.2784	-78.3856	0.7173	76.0881	0.6967	1.4e-04	0.5444
5777	-109.2804	-109.2804	-78.6926	0.7201	75.7721	0.6938	1.4e-04	0.5464
5778	-109.2874	-109.2874	-77.6967	0.7109	76.8136	0.7033	1.4e-04	0.5452
5779	-109.2802	-109.2802	-77.8210	0.7121	76.6599	0.7020	1.4e-04	0.5469
5780	-109.2599	-109.2599	-78.2839	0.7165	76.1719	0.6975	1.4e-04	0.5473
5781	-109.2985	-109.2985	-78.2877	0.7163	76.2246	0.6978	1.4e-04	0.5458
5782	-109.3031	-109.3031	-77.2300	0.7066	77.2905	0.7076	1.4e-04	0.5446
5783	-109.2737	-109.2737	-78.7118	0.7203	75.7523	0.6936	1.4e-04	0.5445
5784	-109.2655	-109.2655	-77.7837	0.7119	76.6863	0.7023	1.4e-04	0.5444
5785	-109.2635	-109.2635	-78.5233	0.7187	75.9225	0.6953	1.4e-04	0.5452
5786	-109.2965	-109.2965	-78.4878	0.7181	76.0140	0.6959	1.4e-04	0.5474
5787	-109.2902	-109.2902	-77.8874	0.7127	76.6076	0.7015	1.4e-04	0.5774
5788	-109.2850	-109.2850	-77.5414	0.7095	76.9346	0.7046	1.4e-04	0.5449
5789	-109.2826	-109.2826	-78.2949	0.7164	76.1827	0.6976	1.4e-04	0.5471
5790	-109.2658	-109.2658	-78.4981	0.7184	75.9612	0.6956	1.4e-04	0.5482
5791	-109.3093	-109.3093	-77.9778	0.7134	76.5482	0.7008	1.4e-04	0.5775
5792	-109.2758	-109.2758	-77.8218	0.7122	76.6787	0.7020	1.4e-04	0.5459
5793	-109.2858	-109.2858	-76.8213	0.7029	77.6555	0.7111	1.4e-04	0.5454
5794	-109.2708	-109.2708	-77.7543	0.7116	76.7163	0.7026	1.4e-04	0.5451
5795	-109.2810	-109.2810	-78.0866	0.7145	76.4026	0.6996	1.4e-04	0.5448
5796	-109.2812	-109.2812	-78.7917	0.7210	75.6579	0.6928	1.4e-04	0.5465
5797	-109.2811	-109.2811	-77.9895	0.7137	76.5176	0.7005	1.4e-04	0.5771
5798	-109.2727	-109.2727	-78.0190	0.7140	76.4179	0.6998	1.4e-04	0.5460
5799	-109.2835	-109.2835	-77.5308	0.7094	76.9357	0.7044	1.4e-04	0.5436
5800	-109.2881	-109.2881	-78.5324	0.7186	75.9517	0.6954	1.4e-04	0.5768
5801	-109.2831	-109.2831	-78.8320	0.7214	75.6349	0.6926	1.4e-04	0.5440
5802	-109.2591	-109.2591	-78.6010	0.7194	75.8448	0.6945	1.4e-04	0.5447
5803	-109.2814	-109.2814	-78.1603	0.7152	76.3087	0.6988	1.4e-04	0.5443
5804	-109.2888	-109.2888	-78.0144	0.7138	76.4799	0.7003	1.4e-04	0.5449
5805	-109.2945	-109.2945	-78.0022	0.7137	76.4973	0.7004	1.4e-04	0.5471
5806	-109.2625	-109.2625	-77.4387	0.7087	77.0458	0.7055	1.4e-04	0.5468
5807	-109.2771	-109.2771	-78.3599	0.7171	76.1143	0.6969	1.4e-04	0.5463
5808	-109.2832	-109.2832	-78.4848	0.7182	75.9982	0.6959	1.4e-04	0.5471
5809	-109.2842	-109.2842	-77.4532	0.7087	77.0419	0.7055	1.4e-04	0.5439
5810	-109.2849	-109.2849	-77.6138	0.7102	76.8811	0.7040	1.4e-04	0.5445
5811	-109.2742	-109.2742	-77.4533	0.7088	77.0377	0.7054	1.4e-04	0.5448
5812	-109.2880	-109.2880	-77.2727	0.7071	77.2274	0.7071	1.4e-04	0.5472
5813	-109.2715	-109.2715	-77.3579	0.7079	77.1374	0.7063	1.4e-04	0.5456
5814	-109.2780	-109.2780	-78.3829	0.7173	76.0974	0.6968	1.4e-04	0.5478
5815	-109.2664	-109.2664	-77.4195	0.7085	77.0639	0.7057	1.4e-04	0.5463
5816	-109.2845	-109.2845	-77.2119	0.7065	77.2874	0.7077	1.4e-04	0.5458
5817	-109.2828	-109.2828	-78.4258	0.7176	76.0411	0.6964	1.4e-04	0.5446
5818	-109.2905	-109.2905	-78.2599	0.7161	76.2320	0.6980	1.4e-04	0.5457
5819	-109.2776	-109.2776	-77.4069	0.7084	77.0908	0.7058	1.4e-04	0.5443
5820	-109.3076	-109.3076	-78.0757	0.7143	76.4466	0.6998	1.4e-04	0.5478
5821	-109.2911	-109.2911	-78.4721	0.7180	76.0171	0.6960	1.4e-04	0.5466
5822	-109.2891	-109.2891	-77.9954	0.7137	76.4955	0.7005	1.4e-04	0.5470
5823	-109.2997	-109.2997	-78.2087	0.7155	76.2811	0.6986	1.4e-04	0.5457
5824	-109.2892	-109.2892	-78.8036	0.7211	75.6440	0.6927	1.4e-04	0.5444
5825	-109.2865	-109.2865	-78.1161	0.7148	76.3818	0.6993	1.4e-04	0.5431
5826	-109.2824	-109.2824	-77.2120	0.7065	77.2800	0.7076	1.4e-04	0.5471
5827	-109.2644	-109.2644	-78.2963	0.7166	76.1648	0.6975	1.4e-04	0.5459
5828	-109.2824	-109.2824	-78.4344	0.7177	76.0266	0.6962	1.4e-04	0.5454
5829	-109.2620	-109.2620	-78.5229	0.7187	75.9170	0.6953	1.4e-04	0.5461
5830	-109.2721	-109.2721	-78.1464	0.7152	76.3278	0.6990	1.4e-04	0.5443
5831	-109.2703	-109.2703	-78.6536	0.7198	75.7977	0.6942	1.4e-04	0.5779
5832	-109.2750	-109.2750	-78.2987	0.7165	76.1772	0.6975	1.4e-04	0.5443
5833	-109.2705	-109.2705	-77.4706	0.7090	77.0105	0.7052	1.4e-04	0.5458
5834	-109.2695	-109.2695	-77.8166	0.7122	76.6567	0.7020	1.4e-04	0.5488
5835	-109.2923	-109.2923	-78.4569	0.7179	76.0312	0.6962	1.4e-04	0.5462
5836	-109.2687	-109.2687	-78.2919	0.7165	76.1818	0.6976	1.4e-04	0.5776
5837	-109.2705	-109.2705	-78.1484	0.7152	76.3267	0.6988	1.4e-04	0.5464
5838	-109.2803	-109.2803	-78.7058	0.7202	75.7567	0.6937	1.4e-04	0.5455
5839	-109.2782	-109.2782	-77.4213	0.7085	77.0665	0.7057	1.4e-04	0.5470
5840	-109.2703	-109.2703	-77.8452	0.7124	76.6226	0.7016	1.4e-04	0.5445
5841	-109.2868	-109.2868	-78.1492	0.7151	76.3301	0.6990	1.4e-04	0.5449
5842	-109.2838	-109.2838	-78.8095	0.7211	75.6516	0.6927	1.4e-04	0.5451
5843	-109.2674	-109.2674	-78.6037	0.7194	75.8669	0.6946	1.4e-04	0.5448
5844	-109.2729	-109.2729	-78.0449	0.7142	76.4281	0.6999	1.4e-04	0.5469
5845	-109.2976	-109.2976	-79.0119	0.7229	75.4541	0.6909	1.4e-04	0.5478
5846	-109.2823	-109.2823	-78.4575	0.7179	76.0217	0.6961	1.4e-04	0.5483
5847	-109.2759	-109.2759	-78.4184	0.7176	76.0548	0.6964	1.4e-04	0.5468
5848	-109.2776	-109.2776	-77.9048	0.7129	76.5721	0.7011	1.4e-04	0.5481
5849	-109.2676	-109.2676	-77.2985	0.7074	77.1894	0.7068	1.4e-04	0.5463
5850	-109.2825	-109.2825	-77.9085	0.7129	76.5681	0.7011	1.4e-04	0.5474
5851	-109.2773	-109.2773	-77.4628	0.7089	77.0270	0.7053	1.4e-04	0.5449
5852	-109.2736	-109.2736	-78.3784	0.7173	76.0801	0.6967	1.4e-04	0.5449
5853	-109.2853	-109.2853	-77.4087	0.7083	77.0932	0.7059	1.4e-04	0.5776
5854	-109.2855	-109.2855	-77.5556	0.7097	76.9362	0.7045	1.4e-04	0.5468
5855	-109.2854	-109.2854	-78.6533	0.7197	75.8180	0.6942	1.4e-04	0.5459
5856	-109.2556	-109.2556	-77.5074	0.7094	76.9436	0.7047	1.4e-04	0.5448
5857	-109.2581	-109.2581	-78.5418	0.7189	75.9074	0.6951	1.4e-04	0.5448
5858	-109.2519	-109.2519	-77.7065	0.7113	76.7690	0.7029	1.4e-04	0.5436
5859	-109.2751	-109.2751	-77.6336	0.7104	76.8582	0.7037	1.4e-04	0.5446
5860	-109.2670	-109.2670	-78.2572	0.7162	76.2101	0.6979	1.4e-04	0.5455
5861	-109.2945	-109.2945	-77.8034	0.7119	76.7036	0.7023	1.4e-04	0.5469
5862	-109.2889	-109.2889	-77.8035	0.7119	76.6923	0.7022	1.4e-04	0.5463
5863	-109.2579	-109.2579	-78.5465	0.7189	75.8995	0.6951	1.4e-04	0.5779
5864	-109.2677	-109.2677	-78.4015	0.7175	76.0583	0.6965	1.4e-04	0.5454
5865	-109.2745	-109.2745	-79.0409	0.7233	75.4070	0.6905	1.4e-04	0.5437
5866	-109.2909	-109.2909	-78.1716	0.7153	76.3201	0.6988	1.4e-04	0.5451
5867	-109.2771	-109.2771	-78.2437	0.7160	76.2323	0.6981	1.4e-04	0.5460
5868	-109.2777	-109.2777	-77.7351	0.7114	76.7476	0.7028	1.4e-04	0.5441
5869	-109.2851	-109.2851	-77.9823	0.7136	76.5059	0.7006	1.4e-04	0.5770
5870	-109.2819	-109.2819	-78.5731	0.7190	75.8594	0.6947	1.4e-04	0.5473
5871	-109.2845	-109.2845	-78.1119	0.7148	76.3673	0.6992	1.4e-04	0.5460
5872	-109.2780	-109.2780	-78.5456	0.7188	75.9179	0.6952	1.4e-04	0.5772
5873	-109.2969	-109.2969	-77.0339	0.7048	77.4750	0.7094	1.4e-04	0.5452
5874	-109.2820	-109.2820	-77.3411	0.7077	77.1507	0.7065	1.4e-04	0.5446
5875	-109.3163	-109.3163	-77.2312	0.7065	77.2911	0.7077	1.4e-04	0.5773
5876	-109.2813	-109.2813	-77.7489	0.7115	76.7096	0.7024	1.4e-04	0.5451
5877	-109.2744	-109.2744	-77.5480	0.7097	76.9255	0.7044	1.4e-04	0.5445
5878	-109.2860	-109.2860	-78.2365	0.7159	76.2550	0.6982	1.4e-04	0.5773
5879	-109.2811	-109.2811	-78.9957	0.7229	75.4536	0.6909	1.4e-04	0.5469
5880	-109.2600	-109.2600	-78.1245	0.7150	76.3357	0.6991	1.4e-04	0.5476
5881	-109.2521	-109.2521	-77.4661	0.7091	76.9849	0.7051	1.4e-04	0.5449
5882	-109.2809	-109.2809	-77.5741	0.7099	76.9258	0.7043	1.4e-04	0.5440
5883	-109.2697	-109.2697	-77.1791	0.7063	77.2897	0.7078	1.4e-04	0.5452
5884	-109.2848	-109.2848	-77.1218	0.7057	77.3691	0.7084	1.4e-04	0.5459
5885	-109.2763	-109.2763	-77.1569	0.7061	77.3384	0.7081	1.4e-04	0.5453
5886	-109.2851	-109.2851	-76.5049	0.7000	77.9876	0.7141	1.4e-04	0.5462
5887	-109.2820	-109.2820	-77.6687	0.7107	76.8178	0.7035	1.4e-04	0.5473
5888	-109.2848	-109.2848	-77.1735	0.7062	77.3146	0.7079	1.4e-04	0.5461
5889	-109.2803	-109.2803	-76.5414	0.7004	77.9373	0.7136	1.4e-04	0.5456
5890	-109.2784	-109.2784	-77.7160	0.7112	76.7598	0.7030	1.4e-04	0.5449
5891	-109.2917	-109.2917	-77.2829	0.7071	77.2156	0.7070	1.4e-04	0.5458
5892	-109.2866	-109.2866	-76.3741	0.6988	78.1213	0.7153	1.4e-04	0.5790
5893	-109.2784	-109.2784	-77.3598	0.7079	77.1269	0.7063	1.4e-04	0.5462
5894	-109.2682	-109.2682	-77.3756	0.7081	77.1088	0.7061	1.4e-04	0.5470
5895	-109.2838	-109.2838	-77.4931	0.7091	76.9995	0.7051	1.4e-04	0.5443
5896	-109.2841	-109.2841	-76.8297	0.7030	77.6667	0.7111	1.4e-04	0.5796
5897	-109.2966	-109.2966	-75.8506	0.6940	78.6349	0.7200	1.4e-04	0.5470
5898	-109.2706	-109.2706	-77.0870	0.7055	77.3695	0.7085	1.4e-04	0.5455
5899	-109.2673	-109.2673	-75.8685	0.6943	78.5451	0.7193	1.4e-04	0.5436
5900	-109.2868	-109.2868	-76.3944	0.6990	78.0980	0.7150	1.4e-04	0.5452
5901	-109.2635	-109.2635	-77.4978	0.7093	76.9747	0.7049	1.4e-04	0.5438
5902	-109.2863	-109.2863	-77.9841	0.7136	76.5019	0.7006	1.4e-04	0.5471
5903	-109.2968	-109.2968	-76.3381	0.6984	78.1684	0.7156	1.4e-04	0.5443
5904	-109.2940	-109.2940	-77.4769	0.7089	77.0321	0.7052	1.4e-04	0.5478
5905	-109.2967	-109.2967	-77.3606	0.7078	77.1601	0.7064	1.4e-04	0.5463
5906	-109.2610	-109.2610	-77.7022	0.7112	76.7423	0.7029	1.4e-04	0.5449
5907	-109.2672	-109.2672	-77.3645	0.7080	77.1173	0.7062	1.4e-04	0.5437
5908	-109.2810	-109.2810	-77.8233	0.7121	76.6372	0.7018	1.4e-04	0.5448
5909	-109.2499	-109.2499	-77.6453	0.7107	76.8170	0.7035	1.4e-04	0.5466
5910	-109.2784	-109.2784	-77.9809	0.7136	76.5088	0.7005	1.4e-04	0.5812
5911	-109.2975	-109.2975	-76.1375	0.6966	78.3528	0.7173	1.4e-04	0.5448
5912	-109.2666	-109.2666	-77.1418	0.7060	77.3102	0.7080	1.4e-04	0.5469
5913	-109.2975	-109.2975	-77.6035	0.7100	76.9012	0.7041	1.4e-04	0.5452
5914	-109.2752	-109.2752	-76.9102	0.7038	77.5885	0.7104	1.4e-04	0.5446
5915	-109.2649	-109.2649	-76.6830	0.7018	77.7835	0.7124	1.4e-04	0.5449
5916	-109.2982	-109.2982	-77.0984	0.7054	77.4059	0.7088	1.4e-04	0.5447
5917	-109.2753	-109.2753	-78.1586	0.7152	76.3131	0.6988	1.4e-04	0.5457
5918	-109.2852	-109.2852	-77.1145	0.7056	77.3810	0.7086	1.4e-04	0.5458
5919	-109.2818	-109.2818	-77.4629	0.7088	77.0260	0.7054	1.4e-04	0.5439
5920	-109.2894	-109.2894	-76.8121	0.7028	77.7023	0.7113	1.4e-04	0.5441
5921	-109.2861	-109.2861	-76.7530	0.7023	77.7580	0.7118	1.4e-04	0.5444
5922	-109.2685	-109.2685	-77.7958	0.7120	76.6740	0.7021	1.4e-04	0.5459
5923	-109.2796	-109.2796	-76.7099	0.7020	77.7908	0.7122	1.4e-04	0.5454
5924	-109.2716	-109.2716	-77.7276	0.7113	76.7543	0.7028	1.4e-04	0.5447
5925	-109.2732	-109.2732	-76.9219	0.7039	77.5660	0.7102	1.4e-04	0.5440
5926	-109.2893	-109.2893	-77.6308	0.7103	76.8704	0.7038	1.4e-04	0.5532
5927	-109.2735	-109.2735	-76.9596	0.7043	77.5124	0.7097	1.4e-04	0.5805
5928	-109.2773	-109.2773	-76.5032	0.7001	77.9768	0.7141	1.4e-04	0.5456
5929	-109.2859	-109.2859	-77.2155	0.7065	77.2239	0.7071	1.4e-04	0.5458
5930	-109.2779	-109.2779	-77.1631	0.7061	77.3202	0.7080	1.4e-04	0.5794
5931	-109.2888	-109.2888	-77.5394	0.7095	76.9521	0.7046	1.4e-04	0.5450
5932	-109.2812	-109.2812	-77.2765	0.7071	77.2275	0.7071	1.4e-04	0.5468
5933	-109.2666	-109.2666	-76.5659	0.7007	77.8991	0.7134	1.4e-04	0.5468
5934	-109.2968	-109.2968	-78.0365	0.7140	76.4628	0.7002	1.4e-04	0.5453
5935	-109.2905	-109.2905	-77.7519	0.7114	76.7299	0.7025	1.4e-04	0.5771
5936	-109.2975	-109.2975	-77.5097	0.7092	77.0020	0.7050	1.4e-04	0.5470
5937	-109.2974	-109.2974	-76.9177	0.7037	77.6012	0.7104	1.4e-04	0.5454
5938	-109.2950	-109.2950	-76.8823	0.7034	77.6108	0.7106	1.4e-04	0.5449
5939	-109.2975	-109.2975	-77.6251	0.7102	76.8847	0.7040	1.4e-04	0.5439
5940	-109.2732	-109.2732	-77.7298	0.7113	76.7570	0.7028	1.4e-04	0.5458
5941	-109.2674	-109.2674	-78.1673	0.7154	76.2857	0.6987	1.4e-04	0.5441
5942	-109.2902	-109.2902	-76.5624	0.7005	77.9501	0.7136	1.4e-04	0.5464
5943	-109.2920	-109.2920	-76.9262	0.7039	77.5720	0.7102	1.4e-04	0.5440
5944	-109.2824	-109.2824	-77.1548	0.7060	77.3355	0.7082	1.4e-04	0.5460
5945	-109.2727	-109.2727	-77.1571	0.7061	77.3099	0.7078	1.4e-04	0.5458
5946	-109.2709	-109.2709	-77.2056	0.7066	77.2760	0.7077	1.4e-04	0.5447
5947	-109.2707	-109.2707	-76.7560	0.7024	77.6969	0.7116	1.4e-04	0.5452
5948	-109.2566	-109.2566	-77.7105	0.7113	76.7458	0.7029	1.4e-04	0.5781
5949	-109.2705	-109.2705	-77.6266	0.7104	76.8459	0.7036	1.4e-04	0.5448
5950	-109.2789	-109.2789	-76.9111	0.7038	77.5680	0.7103	1.4e-04	0.5464
5951	-109.2676	-109.2676	-76.5369	0.7005	77.9398	0.7137	1.4e-04	0.5471
5952	-109.2767	-109.2767	-77.2121	0.7066	77.2818	0.7076	1.4e-04	0.5429
5953	-109.2812	-109.2812	-77.0352	0.7049	77.4239	0.7090	1.4e-04	0.5443
5954	-109.2888	-109.2888	-75.9075	0.6946	78.5740	0.7194	1.4e-04	0.5468
5955	-109.2918	-109.2918	-77.6553	0.7105	76.8525	0.7036	1.4e-04	0.5457
5956	-109.2816	-109.2816	-76.9880	0.7045	77.4962	0.7097	1.4e-04	0.5442
5957	-109.2778	-109.2778	-76.8469	0.7032	77.6391	0.7110	1.4e-04	0.5433
5958	-109.2756	-109.2756	-77.0299	0.7049	77.4477	0.7091	1.4e-04	0.5439
5959	-109.2922	-109.2922	-77.1924	0.7063	77.3050	0.7078	1.4e-04	0.5444
5960	-109.2739	-109.2739	-76.4165	0.6993	78.0606	0.7148	1.4e-04	0.5449
5961	-109.2781	-109.2781	-76.4487	0.6996	77.9934	0.7142	1.4e-04	0.5464
5962	-109.2934	-109.2934	-76.7121	0.7019	77.7888	0.7122	1.4e-04	0.5458
5963	-109.2652	-109.2652	-77.1633	0.7062	77.3171	0.7080	1.4e-04	0.5445
5964	-109.2946	-109.2946	-76.4446	0.6994	78.0649	0.7147	1.4e-04	0.5444
5965	-109.2828	-109.2828	-76.7131	0.7020	77.7781	0.7122	1.4e-04	0.5444
5966	-109.2766	-109.2766	-77.2242	0.7067	77.2288	0.7072	1.4e-04	0.5476
5967	-109.2927	-109.2927	-77.4299	0.7085	77.0714	0.7056	1.4e-04	0.5449
5968	-109.2676	-109.2677	-76.0824	0.6963	78.3696	0.7177	1.4e-04	0.5769
5969	-109.2727	-109.2727	-76.2807	0.6981	78.1954	0.7160	1.4e-04	0.5457
5970	-109.2786	-109.2786	-76.6049	0.7010	77.8681	0.7130	1.4e-04	0.5461
5971	-109.2693	-109.2693	-76.8003	0.7029	77.6770	0.7113	1.4e-04	0.5452
5972	-109.2729	-109.2729	-76.2951	0.6982	78.1535	0.7156	1.4e-04	0.5457
5973	-109.2597	-109.2597	-77.0925	0.7056	77.3739	0.7086	1.4e-04	0.5447
5974	-109.2757	-109.2757	-76.6418	0.7014	77.8441	0.7128	1.4e-04	0.5459
5975	-109.2738	-109.2738	-76.7818	0.7027	77.6741	0.7114	1.4e-04	0.5467
5976	-109.2896	-109.2896	-77.1337	0.7058	77.3689	0.7084	1.4e-04	0.5440
5977	-109.2801	-109.2801	-76.9520	0.7042	77.5290	0.7099	1.4e-04	0.5453
5978	-109.2598	-109.2598	-76.6034	0.7011	77.8576	0.7130	1.4e-04	0.5458
5979	-109.2894	-109.2894	-76.7839	0.7026	77.7154	0.7115	1.4e-04	0.5437
5980	-109.2980	-109.2980	-76.2479	0.6976	78.2624	0.7164	1.4e-04	0.5457
5981	-109.2884	-109.2884	-75.6828	0.6925	78.7884	0.7214	1.4e-04	0.5446
5982	-109.2655	-109.2655	-76.3562	0.6988	78.1075	0.7153	1.4e-04	0.5453
5983	-109.2751	-109.2751	-76.6281	0.7012	77.8584	0.7129	1.4e-04	0.5458
5984	-109.2806	-109.2806	-76.8916	0.7036	77.6001	0.7106	1.4e-04	0.5462
5985	-109.2711	-109.2713	-75.3684	0.6897	79.0546	0.7239	1.4e-04	0.5451
5986	-109.2818	-109.2818	-76.7612	0.7024	77.7397	0.7118	1.4e-04	0.5467
5987	-109.2775	-109.2775	-77.3520	0.7078	77.1470	0.7063	1.4e-04	0.5455
5988	-109.2665	-109.2665	-76.5762	0.7008	77.9050	0.7133	1.4e-04	0.5442
5989	-109.2587	-109.2587	-76.3287	0.6986	78.1226	0.7154	1.4e-04	0.5443
5990	-109.2977	-109.2977	-76.6479	0.7013	77.8708	0.7129	1.4e-04	0.5447
5991	-109.2837	-109.2837	-76.9690	0.7043	77.5369	0.7099	1.4e-04	0.5447
5992	-109.2750	-109.2750	-76.4616	0.6997	78.0266	0.7144	1.4e-04	0.5454
5993	-109.2799	-109.2799	-77.1542	0.7060	77.3247	0.7080	1.4e-04	0.5461
5994	-109.2631	-109.2631	-76.3812	0.6991	78.0785	0.7150	1.4e-04	0.5461
5995	-109.2791	-109.2791	-77.2477	0.7069	77.2445	0.7073	1.4e-04	0.5440
5996	-109.2771	-109.2771	-77.3366	0.7077	77.1606	0.7065	1.4e-04	0.5450
5997	-109.2499	-109.2499	-77.3881	0.7084	77.0661	0.7058	1.4e-04	0.5446
5998	-109.2692	-109.2692	-76.4436	0.6996	77.9932	0.7143	1.4e-04	0.5442
5999	-109.2691	-109.2691	-77.3458	0.7078	77.1507	0.7063	1.4e-04	0.5451
6000	-109.2871	-109.2871	-76.7591	0.7024	77.7428	0.7118	1.4e-04	0.5455
6001	-109.2877	-109.2877	-76.7952	0.7027	77.6696	0.7111	1.4e-04	0.5434
6002	-109.2830	-109.2830	-76.3782	0.6989	78.1083	0.7151	1.4e-04	0.5441
6003	-109.2749	-109.2749	-76.9640	0.7043	77.5288	0.7099	1.4e-04	0.5450
6004	-109.2757	-109.2757	-77.1883	0.7064	77.2987	0.7078	1.4e-04	0.5454
6005	-109.2998	-109.2998	-77.1248	0.7056	77.3826	0.7086	1.4e-04	0.5475
6006	-109.2663	-109.2663	-77.8021	0.7120	76.6750	0.7021	1.4e-04	0.5471
6007	-109.2838	-109.2838	-78.0172	0.7139	76.4655	0.7002	1.4e-04	0.5460
6008	-109.2787	-109.2787	-77.3255	0.7076	77.1762	0.7066	1.4e-04	0.5453
6009	-109.2922	-109.2922	-78.7593	0.7206	75.7190	0.6933	1.4e-04	0.5732
6010	-109.2785	-109.2785	-78.3104	0.7166	76.1811	0.6975	1.4e-04	0.5447
6011	-109.2681	-109.2681	-77.7943	0.7120	76.6562	0.7020	1.4e-04	0.5438
6012	-109.2661	-109.2661	-77.0184	0.7049	77.4529	0.7093	1.4e-04	0.5821
6013	-109.2731	-109.2731	-77.9176	0.7131	76.5738	0.7011	1.4e-04	0.5462
6014	-109.2665	-109.2665	-76.8944	0.7037	77.5787	0.7105	1.4e-04	0.5450
6015	-109.2622	-109.2622	-77.8177	0.7122	76.6512	0.7019	1.4e-04	0.5438
6016	-109.2661	-109.2661	-77.4869	0.7092	76.9972	0.7050	1.4e-04	0.5453
6017	-109.3027	-109.3027	-76.9797	0.7043	77.5410	0.7099	1.4e-04	0.5443
6018	-109.2737	-109.2737	-77.5776	0.7099	76.8937	0.7042	1.4e-04	0.5444
6019	-109.2682	-109.2682	-77.8359	0.7123	76.6181	0.7016	1.4e-04	0.5458
6020	-109.2768	-109.2768	-77.7316	0.7113	76.7707	0.7028	1.4e-04	0.5443
6021	-109.2862	-109.2862	-77.1984	0.7064	77.3068	0.7078	1.4e-04	0.5811
6022	-109.2917	-109.2917	-77.8407	0.7122	76.6565	0.7019	1.4e-04	0.5447
6023	-109.2822	-109.2822	-78.9549	0.7225	75.5136	0.6914	1.4e-04	0.5446
6024	-109.2995	-109.2995	-76.7863	0.7025	77.7238	0.7117	1.4e-04	0.5461
6025	-109.2773	-109.2773	-77.0440	0.7050	77.4312	0.7090	1.4e-04	0.5460
6026	-109.2958	-109.2958	-77.5926	0.7099	76.9246	0.7043	1.4e-04	0.5454
6027	-109.2909	-109.2909	-77.6188	0.7102	76.8636	0.7038	1.4e-04	0.5818
6028	-109.2913	-109.2913	-77.9510	0.7132	76.5613	0.7009	1.4e-04	0.5452
6029	-109.2759	-109.2759	-77.5757	0.7099	76.9137	0.7043	1.4e-04	0.5455
6030	-109.2992	-109.2992	-77.5039	0.7091	77.0028	0.7050	1.4e-04	0.5833
6031	-109.2677	-109.2677	-77.6023	0.7102	76.8748	0.7040	1.4e-04	0.5465
6032	-109.2765	-109.2765	-76.6858	0.7018	77.7833	0.7123	1.4e-04	0.5449
6033	-109.2744	-109.2744	-77.0355	0.7050	77.4583	0.7092	1.4e-04	0.5449
6034	-109.2900	-109.2900	-77.2997	0.7073	77.2140	0.7069	1.4e-04	0.5806
6035	-109.2802	-109.2802	-77.5777	0.7099	76.8916	0.7042	1.4e-04	0.5467
6036	-109.2828	-109.2828	-77.6954	0.7110	76.7924	0.7031	1.4e-04	0.5471
6037	-109.2664	-109.2664	-77.8848	0.7128	76.5872	0.7013	1.4e-04	0.5462
6038	-109.2817	-109.2817	-77.0932	0.7055	77.3474	0.7082	1.4e-04	0.5451
6039	-109.2646	-109.2646	-78.2677	0.7163	76.1957	0.6977	1.4e-04	0.5444
6040	-109.2580	-109.2580	-77.7916	0.7120	76.6721	0.7021	1.4e-04	0.5441
6041	-109.2692	-109.2692	-77.2599	0.7071	77.2087	0.7070	1.4e-04	0.5445
6042	-109.2732	-109.2732	-76.8882	0.7036	77.6079	0.7106	1.4e-04	0.5819
6043	-109.2973	-109.2973	-77.0272	0.7047	77.4840	0.7094	1.4e-04	0.5468
6044	-109.2877	-109.2877	-77.1325	0.7058	77.3757	0.7084	1.4e-04	0.5439
6045	-109.2858	-109.2858	-77.8319	0.7122	76.6598	0.7019	1.4e-04	0.5444
6046	-109.2612	-109.2612	-76.6494	0.7015	77.8217	0.7126	1.4e-04	0.5813
6047	-109.2841	-109.2841	-77.1308	0.7058	77.3666	0.7084	1.4e-04	0.5454
6048	-109.2649	-109.2649	-78.2735	0.7164	76.1878	0.6977	1.4e-04	0.5448
6049	-109.2769	-109.2769	-77.9217	0.7131	76.5430	0.7009	1.4e-04	0.5458
6050	-109.2780	-109.2780	-77.2092	0.7065	77.2747	0.7077	1.4e-04	0.5459
6051	-109.2864	-109.2864	-77.1835	0.7063	77.3141	0.7079	1.4e-04	0.5455
6052	-109.2911	-109.2911	-77.0161	0.7047	77.4696	0.7093	1.4e-04	0.5461
6053	-109.2984	-109.2984	-77.2688	0.7070	77.2508	0.7073	1.4e-04	0.5450
6054	-109.2886	-109.2886	-76.8640	0.7033	77.6327	0.7108	1.4e-04	0.5447
6055	-109.2820	-109.2820	-77.3941	0.7082	77.1001	0.7059	1.4e-04	0.5462
6056	-109.2849	-109.2849	-76.0606	0.6960	78.4261	0.7181	1.4e-04	0.5801
6057	-109.2819	-109.2819	-77.4510	0.7087	77.0432	0.7055	1.4e-04	0.5465
6058	-109.2806	-109.2806	-77.6346	0.7104	76.8669	0.7037	1.4e-04	0.5440
6059	-109.2867	-109.2867	-76.9798	0.7044	77.5116	0.7098	1.4e-04	0.5441
6060	-109.2749	-109.2749	-76.8979	0.7037	77.6020	0.7104	1.4e-04	0.5815
6061	-109.2940	-109.2940	-76.9488	0.7041	77.5354	0.7099	1.4e-04	0.5447
6062	-109.2939	-109.2939	-77.7235	0.7111	76.7791	0.7030	1.4e-04	0.5449
6063	-109.2694	-109.2694	-77.3777	0.7081	77.0877	0.7060	1.4e-04	0.5444
6064	-109.2930	-109.2930	-76.5530	0.7004	77.9354	0.7136	1.4e-04	0.5810
6065	-109.2958	-109.2958	-77.0874	0.7053	77.4315	0.7089	1.4e-04	0.5457
6066	-109.2929	-109.2929	-76.5378	0.7003	77.9655	0.7138	1.4e-04	0.5457
6067	-109.2785	-109.2785	-77.4828	0.7090	77.0016	0.7051	1.4e-04	0.5440
6068	-109.2734	-109.2734	-77.8449	0.7124	76.6312	0.7018	1.4e-04	0.5449
6069	-109.2814	-109.2814	-77.1795	0.7062	77.3117	0.7080	1.4e-04	0.5822
6070	-109.2813	-109.2813	-77.4725	0.7089	77.0283	0.7052	1.4e-04	0.5469
6071	-109.2647	-109.2647	-77.9867	0.7137	76.4789	0.7004	1.4e-04	0.5462
6072	-109.2727	-109.2727	-77.1101	0.7057	77.3522	0.7084	1.4e-04	0.5449
6073	-109.2752	-109.2752	-77.3259	0.7076	77.1624	0.7065	1.4e-04	0.5445
6074	-109.2789	-109.2789	-76.9821	0.7045	77.4787	0.7095	1.4e-04	0.5441
6075	-109.2799	-109.2799	-76.8908	0.7036	77.6049	0.7105	1.4e-04	0.5812
6076	-109.2713	-109.2714	-75.5742	0.6916	78.8799	0.7223	1.4e-04	0.5474
6077	-109.2814	-109.2814	-76.5198	0.7002	77.9583	0.7138	1.4e-04	0.5482
6078	-109.2749	-109.2749	-77.8543	0.7125	76.6220	0.7016	1.4e-04	0.5842
6079	-109.2669	-109.2669	-75.6766	0.6926	78.7591	0.7212	1.4e-04	0.5446
6080	-109.2669	-109.2669	-76.8990	0.7038	77.5691	0.7103	1.4e-04	0.5443
6081	-109.2736	-109.2736	-75.8460	0.6941	78.6071	0.7198	1.4e-04	0.5450
6082	-109.2779	-109.2779	-77.3067	0.7074	77.1816	0.7067	1.4e-04	0.5450
6083	-109.2727	-109.2727	-76.2787	0.6981	78.2036	0.7160	1.4e-04	0.5460
6084	-109.2731	-109.2731	-76.9701	0.7044	77.4987	0.7097	1.4e-04	0.5450
6085	-109.2758	-109.2758	-76.0215	0.6957	78.4503	0.7182	1.4e-04	0.5445
6086	-109.2806	-109.2806	-77.1711	0.7062	77.3201	0.7080	1.4e-04	0.5463
6087	-109.2773	-109.2773	-77.5663	0.7098	76.9262	0.7044	1.4e-04	0.5467
6088	-109.2768	-109.2768	-76.7834	0.7026	77.6842	0.7113	1.4e-04	0.5809
6089	-109.2774	-109.2774	-76.5983	0.7010	77.8932	0.7132	1.4e-04	0.5452
6090	-109.2759	-109.2759	-76.5912	0.7009	77.9011	0.7133	1.4e-04	0.5451
6091	-109.3022	-109.3022	-77.0738	0.7051	77.4139	0.7087	1.4e-04	0.5457
6092	-109.2818	-109.2818	-77.2917	0.7073	77.2073	0.7069	1.4e-04	0.5439
6093	-109.2929	-109.2929	-76.5689	0.7006	77.9392	0.7136	1.4e-04	0.5458
6094	-109.2771	-109.2771	-77.6287	0.7104	76.8658	0.7038	1.4e-04	0.5467
6095	-109.2880	-109.2880	-77.1132	0.7056	77.3548	0.7083	1.4e-04	0.5448
6096	-109.2589	-109.2589	-76.7575	0.7025	77.7150	0.7116	1.4e-04	0.5765
6097	-109.2859	-109.2859	-77.3069	0.7074	77.2088	0.7068	1.4e-04	0.5461
6098	-109.2883	-109.2883	-77.7981	0.7119	76.7050	0.7023	1.4e-04	0.5446
6099	-109.2675	-109.2675	-77.8288	0.7123	76.6453	0.7019	1.4e-04	0.5443
6100	-109.2862	-109.2862	-76.6508	0.7014	77.8266	0.7127	1.4e-04	0.5786
6101	-109.3033	-109.3033	-77.4044	0.7082	77.1280	0.7060	1.4e-04	0.5432
6102	-109.2661	-109.2661	-76.9529	0.7043	77.5341	0.7099	1.4e-04	0.5457
6103	-109.2875	-109.2875	-76.9200	0.7038	77.5710	0.7103	1.4e-04	0.5482
6104	-109.2939	-109.2939	-77.7022	0.7109	76.8053	0.7032	1.4e-04	0.5464
6105	-109.2839	-109.2839	-77.0660	0.7052	77.4342	0.7090	1.4e-04	0.5477
6106	-109.2632	-109.2632	-76.6543	0.7016	77.8116	0.7126	1.4e-04	0.5461
6107	-109.2790	-109.2790	-76.5384	0.7004	77.9513	0.7138	1.4e-04	0.5776
6108	-109.2815	-109.2815	-76.7337	0.7022	77.7504	0.7119	1.4e-04	0.5465
6109	-109.2957	-109.2957	-77.4804	0.7089	77.0388	0.7053	1.4e-04	0.5458
6110	-109.2862	-109.2862	-77.4379	0.7086	77.0657	0.7056	1.4e-04	0.5468
6111	-109.3092	-109.3092	-77.4905	0.7089	77.0586	0.7053	1.3e-04	0.5442
6112	-109.3203	-109.3203	-77.3735	0.7078	77.1729	0.7064	1.3e-04	0.5443
6113	-109.2682	-109.2682	-78.0063	0.7139	76.4487	0.7002	1.3e-04	0.5443
6114	-109.2857	-109.2857	-77.2579	0.7069	77.2427	0.7073	1.3e-04	0.5449
6115	-109.2734	-109.2734	-77.0518	0.7051	77.4207	0.7089	1.3e-04	0.5450
6116	-109.2796	-109.2796	-76.9396	0.7041	77.5242	0.7098	1.3e-04	0.5479
6117	-109.2717	-109.2717	-77.1234	0.7058	77.3557	0.7083	1.3e-04	0.5770
6118	-109.2780	-109.2780	-76.3742	0.6989	78.0951	0.7150	1.3e-04	0.5440
6119	-109.2686	-109.2686	-77.2367	0.7069	77.2379	0.7074	1.3e-04	0.5459
6120	-109.2799	-109.2799	-76.9632	0.7043	77.5170	0.7097	1.3e-04	0.5467
6121	-109.2709	-109.2709	-76.0681	0.6961	78.4068	0.7179	1.3e-04	0.5433
6122	-109.2719	-109.2719	-76.0799	0.6962	78.3961	0.7178	1.3e-04	0.5441
6123	-109.2788	-109.2788	-77.1856	0.7063	77.3112	0.7078	1.3e-04	0.5453
6124	-109.2671	-109.2671	-76.7718	0.7026	77.7002	0.7115	1.3e-04	0.5466
6125	-109.2961	-109.2961	-76.6588	0.7014	77.8579	0.7128	1.3e-04	0.5467
6126	-109.2949	-109.2949	-76.4715	0.6997	78.0352	0.7144	1.3e-04	0.5437
6127	-109.2941	-109.2941	-76.6815	0.7016	77.8224	0.7126	1.3e-04	0.5438
6128	-109.2785	-109.2785	-76.5615	0.7006	77.9166	0.7135	1.3e-04	0.5457
6129	-109.2711	-109.2711	-77.9311	0.7132	76.5440	0.7008	1.3e-04	0.5463
6130	-109.2789	-109.2789	-76.9338	0.7040	77.5589	0.7102	1.3e-04	0.5438
6131	-109.2802	-109.2802	-77.1319	0.7058	77.3550	0.7083	1.3e-04	0.5447
6132	-109.2692	-109.2692	-77.1281	0.7059	77.3555	0.7084	1.3e-04	0.5470
6133	-109.2950	-109.2950	-76.5434	0.7003	77.9628	0.7138	1.3e-04	0.5443
6134	-109.2903	-109.2903	-76.4555	0.6996	78.0087	0.7141	1.3e-04	0.5438
6135	-109.2842	-109.2842	-77.0660	0.7052	77.4406	0.7090	1.3e-04	0.5451
6136	-109.2797	-109.2797	-76.9032	0.7037	77.5798	0.7104	1.3e-04	0.5458
6137	-109.2888	-109.2888	-76.5968	0.7009	77.9076	0.7133	1.3e-04	0.5451
6138	-109.2817	-109.2817	-77.0294	0.7049	77.4798	0.7093	1.3e-04	0.5461
6139	-109.2863	-109.2863	-76.5109	0.7001	77.9919	0.7140	1.3e-04	0.5470
6140	-109.2753	-109.2753	-77.5680	0.7098	76.9174	0.7043	1.3e-04	0.5464
6141	-109.2970	-109.2970	-76.7563	0.7023	77.7527	0.7119	1.3e-04	0.5463
6142	-109.2495	-109.2495	-76.8702	0.7036	77.5932	0.7104	1.3e-04	0.5461
6143	-109.2872	-109.2872	-77.2016	0.7064	77.3167	0.7078	1.3e-04	0.5770
6144	-109.2700	-109.2700	-76.8434	0.7032	77.6330	0.7109	1.3e-04	0.5483
6145	-109.2726	-109.2726	-75.7885	0.6936	78.6700	0.7204	1.3e-04	0.5459
6146	-109.3062	-109.3063	-76.0476	0.6957	78.4466	0.7183	1.3e-04	0.5451
6147	-109.2751	-109.2751	-76.9840	0.7045	77.4855	0.7097	1.3e-04	0.5447
6148	-109.2651	-109.2651	-76.9817	0.7045	77.5036	0.7096	1.3e-04	0.5467
6149	-109.2755	-109.2755	-76.4619	0.6997	78.0127	0.7144	1.3e-04	0.5464
6150	-109.2916	-109.2916	-76.7368	0.7021	77.7750	0.7120	1.3e-04	0.5467
6151	-109.2826	-109.2826	-76.1523	0.6968	78.3134	0.7171	1.3e-04	0.5460
6152	-109.2930	-109.2930	-76.3190	0.6983	78.1779	0.7158	1.3e-04	0.5480
6153	-109.2704	-109.2704	-76.1231	0.6966	78.3447	0.7174	1.3e-04	0.5473
6154	-109.2789	-109.2789	-76.2157	0.6974	78.2621	0.7166	1.3e-04	0.5476
6155	-109.2895	-109.2895	-76.4846	0.6998	78.0243	0.7143	1.3e-04	0.5444
6156	-109.2893	-109.2893	-76.1398	0.6967	78.3567	0.7174	1.3e-04	0.5437
6157	-109.2655	-109.2655	-76.9914	0.7046	77.4764	0.7095	1.3e-04	0.5450
6158	-109.2702	-109.2702	-76.7418	0.7023	77.7403	0.7119	1.3e-04	0.5467
6159	-109.2857	-109.2857	-76.1292	0.6966	78.3565	0.7174	1.3e-04	0.5455
6160	-109.2709	-109.2709	-76.9388	0.7041	77.5502	0.7100	1.3e-04	0.5463
6161	-109.2692	-109.2692	-77.0302	0.7050	77.4600	0.7092	1.3e-04	0.5441
6162	-109.2631	-109.2631	-76.2072	0.6975	78.2425	0.7164	1.3e-04	0.5459
6163	-109.2753	-109.2754	-75.5364	0.6912	78.8948	0.7225	1.3e-04	0.5750
6164	-109.2815	-109.2816	-75.4378	0.6903	79.0114	0.7235	1.3e-04	0.5466
6165	-109.2732	-109.2733	-76.1080	0.6965	78.3586	0.7175	1.3e-04	0.5462
6166	-109.2701	-109.2701	-76.4623	0.6998	78.0135	0.7144	1.3e-04	0.5452
6167	-109.2837	-109.2837	-76.8085	0.7028	77.6748	0.7112	1.3e-04	0.5782
6168	-109.2737	-109.2737	-76.1351	0.6967	78.3393	0.7173	1.3e-04	0.5432
6169	-109.2721	-109.2721	-76.0842	0.6963	78.3702	0.7176	1.3e-04	0.5438
6170	-109.2756	-109.2756	-76.2353	0.6976	78.2461	0.7164	1.3e-04	0.5763
6171	-109.2645	-109.2645	-76.4265	0.6995	78.0423	0.7147	1.3e-04	0.5448
6172	-109.3111	-109.3112	-75.5629	0.6913	78.9104	0.7225	1.3e-04	0.5459
6173	-109.2948	-109.2948	-76.3283	0.6984	78.1711	0.7157	1.3e-04	0.5465
6174	-109.2684	-109.2684	-76.0668	0.6961	78.3949	0.7179	1.3e-04	0.5488
6175	-109.2882	-109.2882	-75.8980	0.6945	78.5867	0.7195	1.3e-04	0.5470
6176	-109.2747	-109.2747	-76.5629	0.7006	77.9180	0.7135	1.3e-04	0.5469
6177	-109.3058	-109.3059	-76.1444	0.6966	78.3713	0.7174	1.3e-04	0.5474
6178	-109.2873	-109.2873	-76.3239	0.6984	78.1719	0.7157	1.3e-04	0.5449
6179	-109.2887	-109.2888	-75.4175	0.6901	79.0513	0.7237	1.3e-04	0.5448
6180	-109.2737	-109.2738	-75.2953	0.6891	79.1416	0.7247	1.3e-04	0.5446
6181	-109.2767	-109.2770	-74.7651	0.6842	79.6374	0.7293	1.3e-04	0.5452
6182	-109.2744	-109.2744	-76.0996	0.6964	78.3702	0.7176	1.3e-04	0.5461
6183	-109.2930	-109.2930	-76.9084	0.7037	77.6082	0.7104	1.3e-04	0.5777
6184	-109.2829	-109.2829	-76.4961	0.7000	77.9929	0.7141	1.3e-04	0.5448
6185	-109.2916	-109.2916	-76.9662	0.7042	77.5435	0.7100	1.3e-04	0.5479
6186	-109.2571	-109.2571	-76.6692	0.7017	77.8000	0.7124	1.3e-04	0.5457
6187	-109.2594	-109.2594	-76.0540	0.6961	78.3596	0.7176	1.3e-04	0.5443
6188	-109.2797	-109.2797	-75.6091	0.6919	78.8435	0.7219	1.3e-04	0.5447
6189	-109.2760	-109.2760	-76.6663	0.7016	77.8110	0.7125	1.3e-04	0.5441
6190	-109.2809	-109.2809	-76.3660	0.6988	78.0975	0.7151	1.3e-04	0.5774
6191	-109.2819	-109.2819	-75.6000	0.6918	78.8530	0.7221	1.3e-04	0.5445
6192	-109.2646	-109.2646	-75.9438	0.6950	78.4938	0.7188	1.3e-04	0.5448
6193	-109.2769	-109.2769	-76.4412	0.6995	78.0089	0.7143	1.3e-04	0.5474
6194	-109.2700	-109.2701	-75.5310	0.6912	78.8952	0.7225	1.3e-04	0.5446
6195	-109.2952	-109.2952	-76.2776	0.6979	78.2171	0.7162	1.3e-04	0.5448
6196	-109.2732	-109.2732	-77.0727	0.7053	77.4197	0.7089	1.3e-04	0.5470
6197	-109.2904	-109.2904	-75.9020	0.6945	78.5806	0.7195	1.3e-04	0.5472
6198	-109.2932	-109.2933	-76.0011	0.6954	78.4735	0.7185	1.3e-04	0.5449
6199	-109.2882	-109.2882	-76.6707	0.7015	77.8227	0.7126	1.3e-04	0.5455
6200	-109.2871	-109.2871	-77.0524	0.7050	77.4305	0.7090	1.3e-04	0.5441
6201	-109.3121	-109.3121	-76.3216	0.6982	78.1737	0.7157	1.3e-04	0.5440
6202	-109.2744	-109.2744	-76.1448	0.6968	78.3348	0.7172	1.3e-04	0.5459
6203	-109.2736	-109.2736	-76.8739	0.7035	77.6054	0.7106	1.3e-04	0.5442
6204	-109.2780	-109.2780	-76.1668	0.6970	78.3106	0.7171	1.3e-04	0.5450
6205	-109.2826	-109.2827	-75.8937	0.6945	78.5843	0.7195	1.3e-04	0.5474
6206	-109.2624	-109.2624	-77.1483	0.7061	77.3017	0.7079	1.3e-04	0.5459
6207	-109.2673	-109.2675	-75.0178	0.6866	79.3863	0.7270	1.3e-04	0.5444
6208	-109.2679	-109.2679	-76.5274	0.7004	77.9447	0.7138	1.3e-04	0.5446
6209	-109.2761	-109.2761	-75.7395	0.6931	78.7186	0.7208	1.3e-04	0.5465
6210	-109.2874	-109.2874	-76.0750	0.6961	78.4186	0.7179	1.3e-04	0.5470
6211	-109.2752	-109.2752	-76.2782	0.6980	78.1874	0.7159	1.3e-04	0.5459
6212	-109.2873	-109.2873	-76.0563	0.6959	78.4357	0.7181	1.3e-04	0.5774
6213	-109.2890	-109.2890	-76.0006	0.6954	78.4487	0.7183	1.3e-04	0.5472
6214	-109.2763	-109.2763	-76.5399	0.7004	77.9334	0.7135	1.3e-04	0.5460
6215	-109.2691	-109.2691	-76.2655	0.6980	78.2116	0.7161	1.3e-04	0.5779
6216	-109.2757	-109.2757	-77.3319	0.7077	77.1665	0.7065	1.3e-04	0.5429
6217	-109.2729	-109.2729	-76.8584	0.7034	77.6311	0.7108	1.3e-04	0.5449
6218	-109.2656	-109.2656	-75.8984	0.6946	78.5498	0.7194	1.3e-04	0.5781
6219	-109.2870	-109.2871	-75.8794	0.6943	78.6071	0.7196	1.3e-04	0.5441
6220	-109.2773	-109.2773	-76.6364	0.7013	77.8194	0.7126	1.3e-04	0.5451
6221	-109.2677	-109.2677	-76.8980	0.7038	77.5895	0.7104	1.3e-04	0.5447
6222	-109.2727	-109.2727	-76.7135	0.7020	77.7378	0.7118	1.3e-04	0.5452
6223	-109.2745	-109.2746	-76.0093	0.6956	78.4611	0.7184	1.3e-04	0.5474
6224	-109.2702	-109.2702	-76.2032	0.6974	78.2699	0.7166	1.3e-04	0.5466
6225	-109.2673	-109.2673	-77.0626	0.7053	77.4078	0.7088	1.3e-04	0.5460
6226	-109.2816	-109.2816	-76.0144	0.6956	78.4670	0.7184	1.3e-04	0.5444
6227	-109.2895	-109.2895	-76.7772	0.7025	77.7332	0.7117	1.3e-04	0.5449
6228	-109.2775	-109.2775	-76.2625	0.6979	78.2256	0.7162	1.3e-04	0.5455
6229	-109.2714	-109.2714	-76.6029	0.7010	77.8826	0.7131	1.3e-04	0.5444
6230	-109.2740	-109.2740	-77.7344	0.7114	76.7540	0.7028	1.3e-04	0.5457
6231	-109.2910	-109.2910	-76.2166	0.6974	78.2760	0.7167	1.3e-04	0.5468
6232	-109.2837	-109.2837	-77.1753	0.7062	77.3174	0.7079	1.3e-04	0.5456
6233	-109.2598	-109.2598	-77.0217	0.7049	77.4490	0.7093	1.3e-04	0.5455
6234	-109.2795	-109.2795	-76.9436	0.7041	77.5438	0.7100	1.3e-04	0.5448
6235	-109.2945	-109.2945	-76.2345	0.6975	78.2614	0.7165	1.3e-04	0.5456
6236	-109.2811	-109.2811	-76.7823	0.7026	77.7038	0.7115	1.3e-04	0.5462
6237	-109.2747	-109.2747	-76.5685	0.7007	77.9098	0.7133	1.3e-04	0.5450
6238	-109.2921	-109.2921	-76.5134	0.7001	77.9969	0.7141	1.3e-04	0.5466
6239	-109.2710	-109.2710	-77.2155	0.7066	77.2819	0.7076	1.3e-04	0.5450
6240	-109.2959	-109.2959	-77.4683	0.7088	77.0541	0.7054	1.3e-04	0.5448
6241	-109.2826	-109.2826	-76.7505	0.7023	77.7517	0.7118	1.3e-04	0.5473
6242	-109.2742	-109.2742	-76.9408	0.7041	77.5387	0.7100	1.3e-04	0.5468
6243	-109.2820	-109.2820	-76.8067	0.7028	77.6930	0.7114	1.3e-04	0.5435
6244	-109.2742	-109.2742	-76.8154	0.7030	77.6673	0.7112	1.3e-04	0.5462
6245	-109.2543	-109.2543	-77.7741	0.7119	76.7045	0.7023	1.3e-04	0.5472
6246	-109.2906	-109.2906	-76.9257	0.7039	77.6015	0.7103	1.3e-04	0.5461
6247	-109.2699	-109.2699	-77.0003	0.7047	77.4764	0.7095	1.3e-04	0.5454
6248	-109.2953	-109.2953	-76.9973	0.7045	77.5199	0.7097	1.3e-04	0.5443
6249	-109.2937	-109.2937	-76.1743	0.6970	78.3152	0.7170	1.3e-04	0.5447
6250	-109.2724	-109.2724	-77.1132	0.7057	77.3707	0.7085	1.3e-04	0.5456
6251	-109.2875	-109.2875	-77.1950	0.7063	77.3172	0.7079	1.3e-04	0.5463
6252	-109.2778	-109.2778	-76.5511	0.7005	77.9418	0.7136	1.3e-04	0.5463
6253	-109.2904	-109.2904	-76.2428	0.6976	78.2497	0.7163	1.3e-04	0.5823
6254	-109.3140	-109.3140	-78.2436	0.7158	76.2790	0.6983	1.3e-04	0.5469
6255	-109.2761	-109.2761	-77.9682	0.7135	76.5134	0.7007	1.3e-04	0.5451
6256	-109.2959	-109.2959	-76.9560	0.7041	77.5551	0.7100	1.3e-04	0.5444
6257	-109.3042	-109.3042	-76.7459	0.7021	77.7934	0.7120	1.3e-04	0.5474
6258	-109.2884	-109.2884	-76.8669	0.7033	77.6378	0.7108	1.3e-04	0.5835
6259	-109.2598	-109.2598	-77.0114	0.7048	77.4737	0.7093	1.3e-04	0.5459
6260	-109.2737	-109.2737	-76.7783	0.7026	77.7091	0.7115	1.3e-04	0.5450
6261	-109.2879	-109.2879	-77.4801	0.7090	77.0357	0.7053	1.3e-04	0.5451
6262	-109.2988	-109.2988	-77.6203	0.7102	76.8984	0.7040	1.3e-04	0.5467
6263	-109.2681	-109.2681	-76.8084	0.7029	77.6825	0.7112	1.3e-04	0.5471
6264	-109.2607	-109.2607	-77.0822	0.7055	77.4022	0.7087	1.3e-04	0.5472
6265	-109.2990	-109.2990	-77.2043	0.7064	77.3187	0.7079	1.3e-04	0.5466
6266	-109.2800	-109.2800	-76.8512	0.7033	77.6519	0.7109	1.3e-04	0.5452
6267	-109.2823	-109.2823	-76.2209	0.6975	78.2732	0.7166	1.3e-04	0.5444
6268	-109.2738	-109.2738	-77.2279	0.7067	77.2551	0.7074	1.3e-04	0.5461
6269	-109.2676	-109.2676	-76.9013	0.7038	77.5876	0.7104	1.3e-04	0.5463
6270	-109.2599	-109.2599	-77.1993	0.7066	77.2257	0.7070	1.3e-04	0.5474
6271	-109.2874	-109.2874	-76.5786	0.7007	77.9027	0.7132	1.3e-04	0.5460
6272	-109.2604	-109.2604	-77.9284	0.7132	76.5461	0.7009	1.3e-04	0.5445
6273	-109.2797	-109.2797	-78.0357	0.7141	76.4434	0.6999	1.3e-04	0.5459
6274	-109.2747	-109.2747	-77.8590	0.7125	76.6202	0.7016	1.3e-04	0.5450
6275	-109.2755	-109.2755	-77.3282	0.7076	77.1639	0.7065	1.3e-04	0.5457
6276	-109.3031	-109.3031	-77.4120	0.7082	77.1140	0.7060	1.3e-04	0.5469
6277	-109.2842	-109.2842	-77.8906	0.7127	76.5883	0.7013	1.3e-04	0.5439
6278	-109.2752	-109.2752	-78.1670	0.7153	76.3167	0.6988	1.3e-04	0.5466
6279	-109.2993	-109.2993	-77.6834	0.7107	76.8441	0.7034	1.3e-04	0.5457
6280	-109.2692	-109.2692	-78.1255	0.7150	76.3430	0.6991	1.3e-04	0.5450
6281	-109.2662	-109.2662	-77.9777	0.7136	76.4815	0.7003	1.3e-04	0.5457
6282	-109.2914	-109.2914	-77.3912	0.7081	77.1206	0.7061	1.3e-04	0.5435
6283	-109.2788	-109.2788	-77.6344	0.7104	76.8581	0.7037	1.3e-04	0.5448
6284	-109.2888	-109.2888	-77.8783	0.7126	76.6338	0.7016	1.3e-04	0.5472
6285	-109.2743	-109.2743	-77.3985	0.7083	77.0989	0.7059	1.3e-04	0.5469
6286	-109.2549	-109.2549	-77.8694	0.7127	76.5910	0.7014	1.3e-04	0.5455
6287	-109.2936	-109.2936	-77.7893	0.7117	76.7256	0.7024	1.3e-04	0.5452
6288	-109.2926	-109.2926	-77.0631	0.7051	77.4465	0.7091	1.3e-04	0.5452
6289	-109.2907	-109.2907	-77.9083	0.7129	76.5942	0.7013	1.3e-04	0.5452
6290	-109.2787	-109.2787	-78.0631	0.7143	76.4175	0.6998	1.3e-04	0.5447
6291	-109.2767	-109.2767	-77.9578	0.7134	76.5370	0.7008	1.3e-04	0.5456
6292	-109.2822	-109.2822	-77.5303	0.7095	76.9604	0.7046	1.3e-04	0.5468
6293	-109.2759	-109.2759	-76.4853	0.6999	77.9979	0.7141	1.3e-04	0.5475
6294	-109.2730	-109.2730	-77.1734	0.7062	77.3204	0.7079	1.3e-04	0.5472
6295	-109.2882	-109.2882	-76.9828	0.7044	77.5332	0.7098	1.3e-04	0.5462
6296	-109.2692	-109.2692	-77.1059	0.7057	77.3738	0.7086	1.3e-04	0.5456
6297	-109.2762	-109.2762	-77.6244	0.7104	76.8718	0.7038	1.3e-04	0.5437
6298	-109.2820	-109.2820	-78.2417	0.7160	76.2429	0.6981	1.3e-04	0.5460
6299	-109.2783	-109.2783	-77.9217	0.7131	76.5599	0.7011	1.3e-04	0.5448
6300	-109.2812	-109.2812	-77.3630	0.7079	77.1343	0.7063	1.3e-04	0.5445
6301	-109.2811	-109.2811	-78.2473	0.7160	76.2362	0.6981	1.3e-04	0.5437
6302	-109.2791	-109.2791	-77.0178	0.7048	77.4572	0.7092	1.3e-04	0.5457
6303	-109.3018	-109.3018	-77.9838	0.7135	76.5009	0.7003	1.3e-04	0.5437
6304	-109.2775	-109.2775	-77.1307	0.7058	77.3728	0.7084	1.3e-04	0.5439
6305	-109.2798	-109.2798	-77.6053	0.7102	76.8889	0.7039	1.3e-04	0.5459
6306	-109.2819	-109.2819	-77.3211	0.7075	77.1823	0.7067	1.3e-04	0.5455
6307	-109.2758	-109.2758	-76.7887	0.7027	77.7028	0.7115	1.3e-04	0.5447
6308	-109.2814	-109.2814	-77.0679	0.7052	77.4350	0.7090	1.3e-04	0.5448
6309	-109.2764	-109.2764	-77.5958	0.7101	76.9042	0.7041	1.3e-04	0.5459
6310	-109.2752	-109.2752	-77.7774	0.7118	76.6972	0.7024	1.3e-04	0.5459
6311	-109.2638	-109.2638	-77.5572	0.7098	76.9101	0.7043	1.3e-04	0.5449
6312	-109.2837	-109.2837	-77.4254	0.7085	77.0877	0.7057	1.3e-04	0.5465
6313	-109.2848	-109.2848	-76.6667	0.7015	77.8286	0.7126	1.3e-04	0.5459
6314	-109.2769	-109.2769	-77.7173	0.7112	76.7689	0.7029	1.3e-04	0.5445
6315	-109.2774	-109.2774	-77.0711	0.7053	77.4416	0.7089	1.3e-04	0.5459
6316	-109.2891	-109.2891	-77.4897	0.7090	76.9978	0.7049	1.3e-04	0.5468
6317	-109.2762	-109.2762	-77.5455	0.7096	76.9495	0.7045	1.3e-04	0.5436
6318	-109.2901	-109.2901	-78.1703	0.7153	76.3314	0.6988	1.3e-04	0.5445
6319	-109.2797	-109.2797	-77.2872	0.7072	77.2163	0.7070	1.3e-04	0.5456
6320	-109.2911	-109.2911	-77.2332	0.7067	77.2492	0.7072	1.3e-04	0.5462
6321	-109.2867	-109.2867	-77.9660	0.7134	76.5299	0.7007	1.3e-04	0.5466
6322	-109.2650	-109.2650	-77.0585	0.7052	77.4024	0.7088	1.3e-04	0.5467
6323	-109.2981	-109.2981	-78.2861	0.7163	76.1814	0.6974	1.3e-04	0.5465
6324	-109.2735	-109.2735	-77.8232	0.7122	76.6709	0.7020	1.3e-04	0.5442
6325	-109.2830	-109.2830	-77.0798	0.7053	77.4268	0.7088	1.3e-04	0.5467
6326	-109.2755	-109.2755	-77.4590	0.7088	77.0420	0.7054	1.3e-04	0.5469
6327	-109.2879	-109.2879	-77.0699	0.7052	77.4383	0.7090	1.3e-04	0.5487
6328	-109.2748	-109.2748	-77.9113	0.7130	76.5866	0.7012	1.3e-04	0.5464
6329	-109.2929	-109.2929	-76.5347	0.7003	77.9553	0.7137	1.3e-04	0.5485
6330	-109.2728	-109.2728	-76.7281	0.7022	77.7566	0.7120	1.3e-04	0.5489
6331	-109.2743	-109.2743	-77.5125	0.7093	76.9926	0.7049	1.3e-04	0.5472
6332	-109.2716	-109.2716	-77.8108	0.7121	76.6772	0.7021	1.3e-04	0.5458
6333	-109.2714	-109.2714	-77.6421	0.7105	76.8325	0.7036	1.3e-04	0.5450
6334	-109.2880	-109.2880	-78.0578	0.7142	76.4528	0.6999	1.3e-04	0.5467
6335	-109.2894	-109.2894	-77.8171	0.7120	76.6873	0.7021	1.3e-04	0.5458
6336	-109.2960	-109.2960	-77.9432	0.7131	76.5802	0.7010	1.3e-04	0.5444
6337	-109.2692	-109.2692	-78.2166	0.7158	76.2535	0.6983	1.3e-04	0.5455
6338	-109.2841	-109.2841	-78.0261	0.7140	76.4627	0.7001	1.3e-04	0.5458
6339	-109.2755	-109.2755	-77.5863	0.7100	76.8863	0.7040	1.3e-04	0.5454
6340	-109.2610	-109.2610	-78.1742	0.7155	76.3029	0.6986	1.3e-04	0.5474
6341	-109.3025	-109.3025	-77.7220	0.7111	76.7915	0.7031	1.3e-04	0.5469
6342	-109.2718	-109.2718	-77.0243	0.7049	77.4350	0.7091	1.3e-04	0.5446
6343	-109.2802	-109.2802	-77.7289	0.7113	76.7664	0.7029	1.3e-04	0.5451
6344	-109.2877	-109.2877	-77.9088	0.7129	76.6026	0.7012	1.3e-04	0.5442
6345	-109.2798	-109.2798	-76.7148	0.7020	77.7883	0.7122	1.3e-04	0.5456
6346	-109.2462	-109.2462	-78.2598	0.7164	76.1892	0.6977	1.3e-04	0.5474
6347	-109.2720	-109.2720	-77.9056	0.7130	76.5769	0.7011	1.3e-04	0.5452
6348	-109.2727	-109.2727	-77.6506	0.7106	76.8177	0.7034	1.3e-04	0.5468
6349	-109.2807	-109.2807	-77.8674	0.7125	76.6317	0.7016	1.3e-04	0.5467
6350	-109.2799	-109.2799	-77.7847	0.7118	76.6917	0.7022	1.3e-04	0.5444
6351	-109.2728	-109.2728	-77.0519	0.7051	77.4340	0.7090	1.3e-04	0.5475
6352	-109.2598	-109.2598	-77.8063	0.7121	76.6571	0.7019	1.3e-04	0.5457
6353	-109.2795	-109.2795	-76.9264	0.7039	77.5750	0.7103	1.3e-04	0.5450
6354	-109.2719	-109.2719	-77.5635	0.7098	76.9101	0.7042	1.3e-04	0.5445
6355	-109.3040	-109.3040	-78.7260	0.7202	75.7690	0.6937	1.3e-04	0.5469
6356	-109.2854	-109.2854	-77.9030	0.7128	76.6005	0.7013	1.3e-04	0.5464
6357	-109.2775	-109.2775	-77.5615	0.7098	76.9259	0.7043	1.3e-04	0.5457
6358	-109.2891	-109.2891	-77.6358	0.7104	76.8827	0.7038	1.3e-04	0.5457
6359	-109.2746	-109.2746	-77.9194	0.7131	76.5635	0.7011	1.3e-04	0.5448
6360	-109.2604	-109.2604	-76.9352	0.7041	77.5546	0.7101	1.3e-04	0.5462
6361	-109.2847	-109.2847	-76.6926	0.7018	77.8056	0.7124	1.3e-04	0.5448
6362	-109.2850	-109.2850	-77.5167	0.7093	76.9853	0.7049	1.3e-04	0.5447
6363	-109.2772	-109.2772	-77.2411	0.7068	77.2552	0.7074	1.3e-04	0.5458
6364	-109.2673	-109.2673	-78.5502	0.7189	75.9121	0.6951	1.3e-04	0.5460
6365	-109.2804	-109.2804	-78.5853	0.7191	75.8885	0.6949	1.3e-04	0.5462
6366	-109.2949	-109.2949	-77.4591	0.7087	77.0462	0.7053	1.3e-04	0.5442
6367	-109.2951	-109.2951	-77.4839	0.7089	77.0277	0.7053	1.3e-04	0.5445
6368	-109.2879	-109.2879	-77.8801	0.7126	76.6232	0.7015	1.3e-04	0.5446
6369	-109.2848	-109.2848	-77.0850	0.7054	77.4081	0.7087	1.3e-04	0.5447
6370	-109.2781	-109.2781	-77.5791	0.7099	76.8858	0.7040	1.3e-04	0.5462
6371	-109.2929	-109.2929	-77.6372	0.7104	76.8748	0.7038	1.3e-04	0.5475
6372	-109.2751	-109.2751	-76.8592	0.7034	77.6223	0.7108	1.3e-04	0.5462
6373	-109.2703	-109.2703	-77.2499	0.7070	77.2317	0.7073	1.3e-04	0.5452
6374	-109.2841	-109.2841	-77.3578	0.7079	77.1492	0.7064	1.3e-04	0.5447
6375	-109.2700	-109.2700	-77.6462	0.7106	76.8202	0.7034	1.3e-04	0.5444
6376	-109.2954	-109.2954	-77.6942	0.7109	76.7979	0.7031	1.3e-04	0.5450
6377	-109.2696	-109.2696	-78.4646	0.7181	75.9908	0.6958	1.3e-04	0.5449
6378	-109.2744	-109.2744	-78.1052	0.7148	76.3741	0.6993	1.3e-04	0.5470
6379	-109.2894	-109.2894	-77.8698	0.7125	76.6050	0.7013	1.3e-04	0.5470
6380	-109.2937	-109.2937	-77.6985	0.7109	76.8132	0.7033	1.3e-04	0.5462
6381	-109.2800	-109.2800	-77.7211	0.7112	76.7836	0.7030	1.3e-04	0.5442
6382	-109.2664	-109.2664	-76.9080	0.7039	77.5777	0.7103	1.3e-04	0.5448
6383	-109.2755	-109.2755	-76.7643	0.7025	77.7257	0.7117	1.3e-04	0.5457
6384	-109.2843	-109.2843	-78.0985	0.7146	76.3803	0.6994	1.3e-04	0.5459
6385	-109.2817	-109.2817	-77.1469	0.7059	77.3352	0.7080	1.3e-04	0.5448
6386	-109.2595	-109.2595	-77.5613	0.7099	76.9183	0.7043	1.3e-04	0.5447
6387	-109.2845	-109.2845	-76.7416	0.7022	77.7684	0.7120	1.3e-04	0.5469
6388	-109.2855	-109.2855	-76.8896	0.7036	77.5872	0.7102	1.3e-04	0.5447
6389	-109.2733	-109.2733	-76.9178	0.7039	77.5688	0.7102	1.3e-04	0.5446
6390	-109.2724	-109.2724	-78.0687	0.7144	76.4179	0.6997	1.3e-04	0.5458
6391	-109.3032	-109.3032	-76.5162	0.7000	78.0091	0.7141	1.3e-04	0.5469
6392	-109.2808	-109.2808	-76.9382	0.7040	77.5561	0.7101	1.3e-04	0.5457
6393	-109.2928	-109.2928	-76.2014	0.6972	78.2994	0.7168	1.3e-04	0.5455
6394	-109.2910	-109.2910	-76.5557	0.7005	77.9605	0.7136	1.3e-04	0.5463
6395	-109.2803	-109.2803	-76.2666	0.6979	78.1965	0.7160	1.3e-04	0.5441
6396	-109.2814	-109.2814	-77.1667	0.7061	77.2948	0.7076	1.3e-04	0.5448
6397	-109.2726	-109.2726	-77.2762	0.7072	77.1927	0.7069	1.3e-04	0.5465
6398	-109.2720	-109.2720	-76.6049	0.7010	77.8702	0.7131	1.3e-04	0.5456
6399	-109.2993	-109.2993	-76.6635	0.7014	77.8611	0.7127	1.3e-04	0.5468
6400	-109.2934	-109.2934	-76.2701	0.6978	78.2233	0.7162	1.3e-04	0.5475
6401	-109.2987	-109.2987	-76.6857	0.7016	77.8333	0.7126	1.3e-04	0.5446
6402	-109.2793	-109.2793	-76.2835	0.6981	78.1957	0.7160	1.3e-04	0.5462
6403	-109.2886	-109.2886	-76.7291	0.7021	77.7794	0.7121	1.3e-04	0.5441
6404	-109.2843	-109.2843	-76.4945	0.7000	78.0064	0.7141	1.3e-04	0.5446
6405	-109.2874	-109.2874	-77.8493	0.7123	76.6352	0.7017	1.3e-04	0.5442
6406	-109.2833	-109.2833	-76.4275	0.6994	78.0581	0.7146	1.3e-04	0.5458
6407	-109.2731	-109.2731	-76.5173	0.7002	77.9623	0.7139	1.3e-04	0.5466
6408	-109.2829	-109.2829	-76.2985	0.6982	78.1949	0.7159	1.3e-04	0.5478
6409	-109.2810	-109.2810	-76.0176	0.6956	78.4752	0.7184	1.3e-04	0.5452
6410	-109.2728	-109.2728	-77.6018	0.7102	76.8873	0.7040	1.3e-04	0.5449
6411	-109.2845	-109.2845	-77.2872	0.7072	77.2184	0.7070	1.3e-04	0.5442
6412	-109.2973	-109.2974	-75.3165	0.6891	79.1657	0.7247	1.3e-04	0.5455
6413	-109.2987	-109.2987	-77.3573	0.7078	77.1542	0.7063	1.3e-04	0.5452
6414	-109.2765	-109.2765	-77.2198	0.7066	77.2830	0.7076	1.3e-04	0.5482
6415	-109.2944	-109.2944	-77.2595	0.7069	77.2412	0.7072	1.3e-04	0.5472
6416	-109.2986	-109.2986	-76.2695	0.6978	78.2433	0.7162	1.3e-04	0.5451
6417	-109.2876	-109.2876	-76.3007	0.6982	78.2000	0.7159	1.3e-04	0.5441
6418	-109.2864	-109.2864	-76.1623	0.6969	78.3232	0.7171	1.3e-04	0.5443
6419	-109.2919	-109.2919	-77.4903	0.7090	77.0238	0.7050	1.3e-04	0.5452
6420	-109.3043	-109.3043	-76.3006	0.6981	78.2112	0.7160	1.3e-04	0.5463
6421	-109.2762	-109.2762	-78.3602	0.7171	76.1147	0.6970	1.3e-04	0.5451
6422	-109.2783	-109.2783	-77.9350	0.7132	76.5560	0.7010	1.3e-04	0.5476
6423	-109.2818	-109.2818	-77.7568	0.7115	76.7421	0.7027	1.3e-04	0.5450
6424	-109.2788	-109.2788	-77.2034	0.7065	77.2905	0.7077	1.3e-04	0.5444
6425	-109.2617	-109.2617	-76.9888	0.7046	77.4763	0.7095	1.3e-04	0.5481
6426	-109.2997	-109.2997	-76.8021	0.7027	77.7249	0.7115	1.3e-04	0.5451
6427	-109.2846	-109.2846	-77.5676	0.7098	76.9300	0.7044	1.3e-04	0.5446
6428	-109.2803	-109.2803	-76.3242	0.6984	78.1634	0.7157	1.3e-04	0.5458
6429	-109.2765	-109.2765	-76.5650	0.7007	77.9186	0.7134	1.3e-04	0.5465
6430	-109.2742	-109.2742	-77.6851	0.7109	76.8044	0.7033	1.3e-04	0.5460
6431	-109.2844	-109.2844	-77.3161	0.7075	77.1941	0.7067	1.3e-04	0.5443
6432	-109.2769	-109.2769	-77.4248	0.7085	77.0809	0.7057	1.3e-04	0.5442
6433	-109.2922	-109.2922	-77.5089	0.7092	76.9721	0.7047	1.3e-04	0.5448
6434	-109.2804	-109.2804	-76.8341	0.7031	77.6813	0.7111	1.3e-04	0.5444
6435	-109.2635	-109.2635	-77.0699	0.7054	77.4156	0.7089	1.3e-04	0.5466
6436	-109.2774	-109.2774	-76.6096	0.7011	77.8815	0.7131	1.3e-04	0.5456
6437	-109.2749	-109.2749	-77.9915	0.7137	76.4796	0.7002	1.3e-04	0.5453
6438	-109.2870	-109.2870	-76.9243	0.7039	77.5879	0.7103	1.3e-04	0.5450
6439	-109.2795	-109.2795	-76.8493	0.7032	77.6588	0.7110	1.3e-04	0.5443
6440	-109.2807	-109.2807	-76.7833	0.7026	77.7094	0.7116	1.3e-04	0.5439
6441	-109.2682	-109.2682	-77.3104	0.7075	77.1725	0.7067	1.3e-04	0.5469
6442	-109.2632	-109.2632	-77.6496	0.7107	76.8225	0.7035	1.3e-04	0.5466
6443	-109.2716	-109.2716	-77.0985	0.7056	77.3731	0.7083	1.3e-04	0.5451
6444	-109.2904	-109.2904	-76.2091	0.6973	78.2838	0.7167	1.3e-04	0.5444
6445	-109.2621	-109.2621	-76.7923	0.7028	77.6956	0.7114	1.3e-04	0.5447
6446	-109.3071	-109.3071	-77.2059	0.7063	77.3314	0.7079	1.3e-04	0.5453
6447	-109.2734	-109.2735	-75.7466	0.6932	78.7247	0.7208	1.3e-04	0.5458
6448	-109.2715	-109.2715	-77.2116	0.7066	77.2842	0.7076	1.3e-04	0.5448
6449	-109.2813	-109.2813	-76.6596	0.7015	77.8377	0.7127	1.3e-04	0.5459
6450	-109.2858	-109.2858	-77.0060	0.7046	77.5075	0.7095	1.3e-04	0.5443
6451	-109.2732	-109.2732	-76.3921	0.6991	78.0956	0.7150	1.3e-04	0.5442
6452	-109.2981	-109.2981	-76.6550	0.7013	77.8672	0.7128	1.3e-04	0.5455
6453	-109.2838	-109.2838	-76.7902	0.7027	77.7097	0.7115	1.3e-04	0.5470
6454	-109.2786	-109.2786	-76.5178	0.7002	77.9735	0.7139	1.3e-04	0.5459
6455	-109.2969	-109.2969	-76.8155	0.7028	77.6935	0.7113	1.3e-04	0.5454
6456	-109.2810	-109.2810	-76.7267	0.7021	77.7661	0.7119	1.3e-04	0.5434
6457	-109.2884	-109.2884	-76.7823	0.7026	77.7307	0.7116	1.3e-04	0.5445
6458	-109.2831	-109.2831	-76.6924	0.7018	77.8006	0.7123	1.3e-04	0.5460
6459	-109.2797	-109.2797	-77.1952	0.7064	77.3111	0.7078	1.3e-04	0.5439
6460	-109.2839	-109.2839	-77.6903	0.7109	76.7928	0.7032	1.3e-04	0.5453
6461	-109.2804	-109.2804	-77.8532	0.7124	76.6368	0.7017	1.3e-04	0.5451
6462	-109.2894	-109.2894	-76.7422	0.7022	77.7721	0.7120	1.3e-04	0.5444
6463	-109.2912	-109.2912	-76.7670	0.7024	77.7313	0.7117	1.3e-04	0.5460
6464	-109.2602	-109.2602	-76.9970	0.7047	77.4922	0.7095	1.3e-04	0.5463
6465	-109.2708	-109.2708	-77.3055	0.7075	77.1736	0.7066	1.3e-04	0.5437
6466	-109.2887	-109.2887	-77.6242	0.7103	76.8923	0.7039	1.3e-04	0.5452
6467	-109.2877	-109.2877	-77.1531	0.7060	77.3585	0.7082	1.3e-04	0.5460
6468	-109.2781	-109.2781	-76.7817	0.7026	77.7123	0.7115	1.3e-04	0.5466
6469	-109.2973	-109.2973	-77.0008	0.7045	77.5265	0.7097	1.3e-04	0.5431
6470	-109.2883	-109.2883	-77.0213	0.7048	77.4900	0.7094	1.3e-04	0.5441
6471	-109.2647	-109.2647	-77.1507	0.7061	77.3394	0.7081	1.3e-04	0.5443
6472	-109.2853	-109.2853	-77.5181	0.7093	76.9662	0.7047	1.3e-04	0.5447
6473	-109.2445	-109.2445	-77.7971	0.7121	76.6316	0.7018	1.3e-04	0.5462
6474	-109.2875	-109.2875	-77.3611	0.7079	77.1495	0.7063	1.3e-04	0.5454
6475	-109.2685	-109.2685	-77.4941	0.7092	77.0030	0.7050	1.3e-04	0.5456
6476	-109.2662	-109.2662	-77.6223	0.7104	76.8653	0.7038	1.3e-04	0.5443
6477	-109.2766	-109.2766	-77.8104	0.7120	76.6890	0.7021	1.3e-04	0.5431
6478	-109.2904	-109.2904	-78.2769	0.7162	76.2229	0.6979	1.3e-04	0.5446
6479	-109.2862	-109.2862	-77.9409	0.7132	76.5446	0.7008	1.3e-04	0.5457
6480	-109.2929	-109.2929	-77.4462	0.7086	77.0760	0.7056	1.3e-04	0.5461
6481	-109.2795	-109.2795	-77.7878	0.7118	76.6967	0.7022	1.3e-04	0.5461
6482	-109.2865	-109.2865	-78.1886	0.7154	76.3185	0.6987	1.3e-04	0.5452
6483	-109.2812	-109.2812	-78.1334	0.7150	76.3721	0.6991	1.3e-04	0.5471
6484	-109.2763	-109.2763	-78.3790	0.7173	76.1049	0.6968	1.3e-04	0.5462
6485	-109.2758	-109.2758	-77.8130	0.7121	76.6876	0.7021	1.3e-04	0.5459
6486	-109.2937	-109.2937	-77.1759	0.7061	77.3448	0.7080	1.3e-04	0.5454
6487	-109.2865	-109.2865	-77.5399	0.7095	76.9758	0.7047	1.3e-04	0.5440
6488	-109.2829	-109.2829	-77.7913	0.7118	76.7123	0.7023	1.3e-04	0.5445
6489	-109.2698	-109.2698	-78.1380	0.7151	76.3501	0.6990	1.3e-04	0.5461
6490	-109.2777	-109.2777	-77.6895	0.7109	76.7719	0.7030	1.3e-04	0.5447
6491	-109.2894	-109.2894	-77.6512	0.7105	76.8570	0.7036	1.3e-04	0.5453
6492	-109.2831	-109.2831	-77.2619	0.7070	77.2254	0.7070	1.3e-04	0.5443
6493	-109.2768	-109.2768	-77.6275	0.7104	76.8466	0.7036	1.3e-04	0.5435
6494	-109.3040	-109.3040	-77.3114	0.7073	77.2204	0.7069	1.3e-04	0.5447
6495	-109.2814	-109.2814	-77.7112	0.7111	76.7848	0.7030	1.3e-04	0.5441
6496	-109.2778	-109.2778	-78.2648	0.7162	76.2196	0.6979	1.3e-04	0.5447
6497	-109.3008	-109.3008	-78.0695	0.7143	76.4536	0.6998	1.3e-04	0.5438
6498	-109.2816	-109.2816	-78.4810	0.7182	75.9661	0.6955	1.3e-04	0.5441
6499	-109.2846	-109.2846	-77.8969	0.7128	76.6185	0.7014	1.3e-04	0.5469
6500	-109.2636	-109.2636	-78.2616	0.7163	76.2082	0.6978	1.3e-04	0.5458
6501	-109.2633	-109.2633	-78.3998	0.7175	76.0629	0.6965	1.3e-04	0.5431
6502	-109.2690	-109.2690	-77.5652	0.7099	76.9296	0.7043	1.3e-04	0.5449
6503	-109.2714	-109.2714	-79.1421	0.7243	75.3021	0.6895	1.3e-04	0.5443
6504	-109.2774	-109.2774	-77.8664	0.7126	76.6252	0.7015	1.3e-04	0.5439
6505	-109.2959	-109.2959	-77.6702	0.7106	76.8539	0.7035	1.3e-04	0.5446
6506	-109.2717	-109.2717	-78.9716	0.7227	75.4721	0.6911	1.3e-04	0.5447
6507	-109.2949	-109.2949	-77.9567	0.7133	76.5637	0.7009	1.3e-04	0.5440
6508	-109.2742	-109.2742	-78.1973	0.7156	76.2959	0.6985	1.3e-04	0.5456
6509	-109.2754	-109.2754	-77.6010	0.7101	76.9022	0.7041	1.3e-04	0.5449
6510	-109.2825	-109.2825	-78.2082	0.7157	76.2838	0.6984	1.3e-04	0.5441
6511	-109.2749	-109.2749	-78.3602	0.7171	76.1042	0.6968	1.3e-04	0.5448
6512	-109.2832	-109.2832	-78.9711	0.7226	75.4956	0.6912	1.3e-04	0.5450
6513	-109.2736	-109.2736	-77.6802	0.7109	76.8183	0.7033	1.3e-04	0.5458
6514	-109.2702	-109.2702	-78.3628	0.7171	76.0775	0.6967	1.3e-04	0.5428
6515	-109.2777	-109.2777	-77.7297	0.7113	76.7629	0.7028	1.3e-04	0.5436
6516	-109.2692	-109.2692	-78.0744	0.7145	76.4023	0.6996	1.3e-04	0.5458
6517	-109.2630	-109.2630	-78.4342	0.7178	76.0279	0.6962	1.3e-04	0.5464
6518	-109.2737	-109.2737	-78.0377	0.7141	76.4351	0.6998	1.3e-04	0.5462
6519	-109.2884	-109.2884	-78.4013	0.7174	76.0956	0.6966	1.3e-04	0.5462
6520	-109.2709	-109.2709	-78.6988	0.7202	75.7622	0.6936	1.3e-04	0.5434
6521	-109.2766	-109.2766	-77.6817	0.7109	76.8044	0.7032	1.3e-04	0.5443
6522	-109.2831	-109.2831	-78.9120	0.7221	75.5616	0.6917	1.3e-04	0.5455
6523	-109.2849	-109.2849	-77.8943	0.7128	76.5889	0.7013	1.3e-04	0.5468
6524	-109.2855	-109.2855	-77.9571	0.7133	76.5437	0.7008	1.3e-04	0.5470
6525	-109.2702	-109.2702	-78.6295	0.7196	75.8388	0.6944	1.3e-04	0.5467
6526	-109.2866	-109.2866	-78.2911	0.7164	76.2112	0.6977	1.3e-04	0.5439
6527	-109.2656	-109.2656	-78.0542	0.7144	76.4223	0.6997	1.3e-04	0.5428
6528	-109.2829	-109.2829	-77.4376	0.7086	77.0705	0.7056	1.3e-04	0.5464
6529	-109.2917	-109.2917	-77.1269	0.7057	77.3894	0.7085	1.3e-04	0.5466
6530	-109.2875	-109.2875	-77.9747	0.7135	76.5319	0.7007	1.3e-04	0.5439
6531	-109.2800	-109.2800	-77.6228	0.7103	76.8730	0.7038	1.3e-04	0.5441
6532	-109.2985	-109.2985	-78.0334	0.7139	76.4478	0.6998	1.3e-04	0.5443
6533	-109.2830	-109.2830	-77.5195	0.7093	76.9756	0.7047	1.3e-04	0.5458
6534	-109.2900	-109.2900	-76.4147	0.6992	78.0643	0.7147	1.3e-04	0.5449
6535	-109.2689	-109.2689	-78.6381	0.7197	75.8362	0.6943	1.3e-04	0.5440
6536	-109.2841	-109.2841	-77.2006	0.7064	77.3082	0.7078	1.3e-04	0.5445
6537	-109.2761	-109.2761	-77.8744	0.7126	76.6167	0.7015	1.3e-04	0.5444
6538	-109.2755	-109.2755	-77.9391	0.7132	76.5440	0.7009	1.3e-04	0.5436
6539	-109.2597	-109.2597	-77.0683	0.7054	77.4126	0.7088	1.3e-04	0.5463
6540	-109.2733	-109.2733	-77.4057	0.7084	77.0637	0.7056	1.3e-04	0.5449
6541	-109.3007	-109.3007	-78.1600	0.7151	76.3544	0.6990	1.3e-04	0.5446
6542	-109.2832	-109.2832	-77.9633	0.7134	76.5428	0.7007	1.3e-04	0.5461
6543	-109.2834	-109.2834	-77.2769	0.7071	77.2359	0.7071	1.3e-04	0.5467
6544	-109.2781	-109.2781	-77.7811	0.7118	76.7152	0.7024	1.3e-04	0.5461
6545	-109.3125	-109.3125	-77.0281	0.7047	77.5158	0.7095	1.3e-04	0.5447
6546	-109.2848	-109.2848	-77.6519	0.7105	76.8531	0.7035	1.3e-04	0.5452
6547	-109.2824	-109.2824	-77.0222	0.7048	77.4785	0.7094	1.3e-04	0.5441
6548	-109.2721	-109.2721	-77.2642	0.7071	77.2221	0.7071	1.3e-04	0.5446
6549	-109.2680	-109.2680	-77.0517	0.7052	77.4504	0.7090	1.3e-04	0.5446
6550	-109.2618	-109.2618	-76.9055	0.7039	77.5793	0.7103	1.3e-04	0.5451
6551	-109.2649	-109.2649	-77.4864	0.7092	77.0065	0.7050	1.3e-04	0.5447
6552	-109.2795	-109.2795	-77.2644	0.7070	77.2329	0.7072	1.3e-04	0.5454
6553	-109.2796	-109.2796	-77.4772	0.7090	77.0233	0.7052	1.3e-04	0.5447
6554	-109.2820	-109.2820	-76.5725	0.7007	77.8886	0.7131	1.3e-04	0.5436
6555	-109.2695	-109.2695	-77.1609	0.7062	77.3335	0.7081	1.3e-04	0.5444
6556	-109.2773	-109.2773	-77.6500	0.7106	76.8381	0.7036	1.3e-04	0.5453
6557	-109.2787	-109.2787	-77.0733	0.7053	77.3968	0.7086	1.3e-04	0.5471
6558	-109.2878	-109.2878	-77.0021	0.7046	77.4798	0.7093	1.3e-04	0.5470
6559	-109.2788	-109.2788	-76.5987	0.7009	77.8845	0.7131	1.3e-04	0.5477
6560	-109.2804	-109.2804	-77.4268	0.7085	77.0649	0.7056	1.3e-04	0.5463
6561	-109.2753	-109.2753	-76.6657	0.7016	77.8153	0.7125	1.3e-04	0.5458
6562	-109.3002	-109.3002	-77.1190	0.7056	77.3401	0.7080	1.3e-04	0.5454
6563	-109.2681	-109.2681	-76.8820	0.7036	77.5825	0.7104	1.3e-04	0.5441
6564	-109.2944	-109.2944	-76.6387	0.7012	77.8724	0.7129	1.3e-04	0.5457
6565	-109.2651	-109.2651	-76.6417	0.7014	77.8336	0.7127	1.3e-04	0.5454
6566	-109.2780	-109.2780	-76.6287	0.7012	77.8646	0.7129	1.3e-04	0.5466
6567	-109.2654	-109.2654	-76.4527	0.6997	78.0163	0.7143	1.3e-04	0.5477
6568	-109.3086	-109.3086	-76.2867	0.6979	78.2276	0.7161	1.3e-04	0.5459
6569	-109.2940	-109.2940	-76.4244	0.6993	78.0779	0.7148	1.3e-04	0.5441
6570	-109.2774	-109.2774	-76.7505	0.7023	77.7387	0.7117	1.3e-04	0.5467
6571	-109.2978	-109.2978	-75.9910	0.6953	78.4981	0.7187	1.3e-04	0.5443
6572	-109.2954	-109.2954	-77.1799	0.7062	77.3256	0.7080	1.3e-04	0.5469
6573	-109.2825	-109.2825	-76.4795	0.6998	78.0172	0.7143	1.3e-04	0.5434
6574	-109.2772	-109.2772	-76.8429	0.7032	77.6433	0.7109	1.3e-04	0.5445
6575	-109.2795	-109.2795	-76.8970	0.7037	77.6052	0.7105	1.3e-04	0.5459
6576	-109.2930	-109.2930	-76.3629	0.6987	78.1445	0.7154	1.3e-04	0.5432
6577	-109.2810	-109.2810	-76.8265	0.7030	77.6753	0.7112	1.3e-04	0.5445
6578	-109.2611	-109.2611	-76.3559	0.6988	78.1149	0.7153	1.3e-04	0.5463
6579	-109.2798	-109.2799	-75.6959	0.6927	78.7569	0.7211	1.3e-04	0.5437
6580	-109.2606	-109.2606	-75.9956	0.6955	78.4605	0.7184	1.3e-04	0.5442
6581	-109.2700	-109.2700	-76.2632	0.6979	78.2212	0.7162	1.3e-04	0.5441
6582	-109.2643	-109.2643	-77.3034	0.7075	77.1691	0.7067	1.3e-04	0.5458
6583	-109.2817	-109.2817	-75.8806	0.6944	78.5915	0.7196	1.3e-04	0.5465
6584	-109.2902	-109.2902	-76.3194	0.6983	78.1914	0.7158	1.3e-04	0.5460
6585	-109.2754	-109.2754	-75.7387	0.6931	78.7295	0.7208	1.3e-04	0.5460
6586	-109.2848	-109.2849	-75.8271	0.6938	78.6245	0.7198	1.3e-04	0.5446
6587	-109.2859	-109.2859	-76.9355	0.7040	77.5599	0.7102	1.3e-04	0.5437
6588	-109.2654	-109.2654	-75.8664	0.6943	78.6007	0.7196	1.3e-04	0.5448
6589	-109.2955	-109.2955	-76.3737	0.6988	78.1324	0.7153	1.3e-04	0.5454
6590	-109.2860	-109.2860	-75.7363	0.6930	78.7386	0.7209	1.3e-04	0.5482
6591	-109.2671	-109.2671	-77.0421	0.7051	77.4439	0.7091	1.3e-04	0.5459
6592	-109.2928	-109.2928	-75.8738	0.6942	78.5984	0.7196	1.3e-04	0.5457
6593	-109.2710	-109.2710	-77.1122	0.7057	77.3774	0.7084	1.3e-04	0.5465
6594	-109.2670	-109.2670	-76.1527	0.6969	78.2954	0.7169	1.3e-04	0.5459
6595	-109.2717	-109.2717	-75.9485	0.6950	78.5229	0.7189	1.3e-04	0.5446
6596	-109.2514	-109.2515	-75.3133	0.6894	79.1112	0.7244	1.3e-04	0.5460
6597	-109.2993	-109.2993	-76.2451	0.6976	78.2475	0.7164	1.3e-04	0.5457
6598	-109.2910	-109.2910	-76.2269	0.6975	78.2841	0.7166	1.3e-04	0.5468
6599	-109.2847	-109.2847	-77.1188	0.7057	77.3893	0.7085	1.3e-04	0.5451
6600	-109.2592	-109.2593	-75.6206	0.6921	78.8265	0.7217	1.3e-04	0.5450
6601	-109.2692	-109.2692	-76.3846	0.6990	78.0774	0.7149	1.3e-04	0.5439
6602	-109.2951	-109.2951	-76.2757	0.6979	78.2305	0.7161	1.3e-04	0.5433
6603	-109.2841	-109.2841	-76.2682	0.6979	78.1988	0.7160	1.3e-04	0.5447
6604	-109.2851	-109.2851	-76.2039	0.6973	78.2939	0.7168	1.3e-04	0.5464
6605	-109.2789	-109.2789	-76.7710	0.7025	77.7213	0.7116	1.3e-04	0.5467
6606	-109.2956	-109.2956	-76.5124	0.7001	77.9890	0.7141	1.3e-04	0.5449
6607	-109.2812	-109.2812	-77.1747	0.7062	77.3111	0.7079	1.3e-04	0.5455
6608	-109.2827	-109.2827	-76.6590	0.7015	77.8414	0.7127	1.3e-04	0.5453
6609	-109.2696	-109.2696	-77.6210	0.7104	76.8772	0.7038	1.3e-04	0.5442
6610	-109.2754	-109.2754	-76.4753	0.6998	77.9968	0.7143	1.3e-04	0.5451
6611	-109.2727	-109.2727	-76.7855	0.7027	77.7073	0.7114	1.3e-04	0.5436
6612	-109.2729	-109.2729	-76.5172	0.7002	77.9833	0.7139	1.3e-04	0.5455
6613	-109.2677	-109.2677	-76.1205	0.6966	78.3555	0.7174	1.3e-04	0.5457
6614	-109.2831	-109.2831	-76.0244	0.6957	78.4578	0.7183	1.3e-04	0.5452
6615	-109.2692	-109.2692	-76.3412	0.6987	78.1439	0.7155	1.3e-04	0.5445
6616	-109.2926	-109.2927	-75.3173	0.6891	79.1528	0.7246	1.3e-04	0.5443
6617	-109.2919	-109.2919	-76.3455	0.6985	78.1594	0.7155	1.3e-04	0.5472
6618	-109.2765	-109.2765	-76.8010	0.7028	77.6977	0.7114	1.3e-04	0.5463
6619	-109.2875	-109.2875	-76.7052	0.7019	77.7912	0.7123	1.3e-04	0.5482
6620	-109.2624	-109.2624	-76.7811	0.7027	77.7002	0.7115	1.3e-04	0.5461
6621	-109.2861	-109.2861	-75.9586	0.6950	78.5432	0.7190	1.3e-04	0.5455
6622	-109.2880	-109.2880	-75.9101	0.6946	78.5759	0.7194	1.3e-04	0.5488
6623	-109.2929	-109.2929	-76.1201	0.6965	78.3330	0.7170	1.3e-04	0.5460
6624	-109.2943	-109.2943	-76.8897	0.7035	77.6236	0.7106	1.3e-04	0.5463
6625	-109.2849	-109.2849	-76.5777	0.7007	77.9111	0.7133	1.3e-04	0.5470
6626	-109.2878	-109.2878	-76.6665	0.7015	77.8175	0.7124	1.3e-04	0.5454
6627	-109.2600	-109.2600	-77.3702	0.7081	77.1054	0.7061	1.3e-04	0.5456
6628	-109.2950	-109.2950	-76.4416	0.6994	78.0709	0.7147	1.3e-04	0.5465
6629	-109.2823	-109.2823	-76.4111	0.6992	78.0878	0.7149	1.3e-04	0.5453
6630	-109.3072	-109.3072	-77.0756	0.7051	77.4523	0.7089	1.3e-04	0.5449
6631	-109.2905	-109.2905	-76.8024	0.7027	77.6899	0.7113	1.3e-04	0.5450
6632	-109.2744	-109.2744	-76.3712	0.6989	78.1087	0.7151	1.3e-04	0.5446
6633	-109.2603	-109.2603	-76.4364	0.6996	78.0389	0.7145	1.3e-04	0.5453
6634	-109.2833	-109.2833	-76.4309	0.6994	78.0625	0.7147	1.3e-04	0.5467
6635	-109.2758	-109.2758	-76.4138	0.6993	78.0753	0.7148	1.3e-04	0.5469
6636	-109.2829	-109.2830	-75.4554	0.6905	79.0048	0.7233	1.3e-04	0.5443
6637	-109.2924	-109.2924	-77.0948	0.7054	77.4223	0.7088	1.3e-04	0.5447
6638	-109.2654	-109.2654	-76.2850	0.6982	78.1933	0.7159	1.3e-04	0.5452
6639	-109.2860	-109.2860	-76.2219	0.6975	78.2642	0.7166	1.3e-04	0.5490
6640	-109.2714	-109.2714	-77.7077	0.7111	76.7913	0.7030	1.3e-04	0.5468
6641	-109.2788	-109.2788	-75.9110	0.6947	78.5604	0.7192	1.3e-04	0.5454
6642	-109.2892	-109.2892	-76.6789	0.7016	77.8243	0.7125	1.3e-04	0.5458
6643	-109.2944	-109.2944	-76.7622	0.7023	77.7570	0.7118	1.3e-04	0.5454
6644	-109.2875	-109.2875	-76.7961	0.7027	77.7286	0.7115	1.3e-04	0.5464
6645	-109.3034	-109.3034	-76.5138	0.7000	77.9954	0.7140	1.3e-04	0.5446
6646	-109.2782	-109.2782	-76.9474	0.7041	77.5501	0.7100	1.3e-04	0.5451
6647	-109.2863	-109.2863	-76.5627	0.7006	77.9452	0.7136	1.3e-04	0.5452
6648	-109.2850	-109.2850	-77.1921	0.7063	77.3169	0.7078	1.3e-04	0.5436
6649	-109.2751	-109.2751	-78.1516	0.7152	76.3432	0.6989	1.3e-04	0.5466
6650	-109.2683	-109.2683	-77.0398	0.7051	77.4487	0.7091	1.3e-04	0.5460
6651	-109.2712	-109.2712	-77.0002	0.7047	77.4880	0.7095	1.3e-04	0.5449
6652	-109.2692	-109.2692	-77.3566	0.7079	77.1322	0.7062	1.3e-04	0.5449
6653	-109.2589	-109.2589	-76.8137	0.7030	77.6326	0.7109	1.3e-04	0.5465
6654	-109.2731	-109.2731	-76.5783	0.7008	77.8890	0.7132	1.3e-04	0.5470
6655	-109.2724	-109.2724	-77.4724	0.7090	77.0184	0.7052	1.3e-04	0.5456
6656	-109.3007	-109.3007	-77.0163	0.7046	77.5030	0.7095	1.3e-04	0.5448
6657	-109.2847	-109.2847	-77.0172	0.7047	77.4768	0.7094	1.3e-04	0.5446
6658	-109.2761	-109.2761	-76.3960	0.6991	78.0713	0.7148	1.3e-04	0.5458
6659	-109.2909	-109.2909	-75.8908	0.6944	78.5910	0.7196	1.3e-04	0.5445
6660	-109.2899	-109.2899	-76.8256	0.7030	77.6993	0.7112	1.3e-04	0.5478
6661	-109.2726	-109.2726	-76.8464	0.7033	77.6423	0.7109	1.3e-04	0.5465
6662	-109.2819	-109.2819	-76.7306	0.7021	77.7630	0.7120	1.3e-04	0.5481
6663	-109.2854	-109.2854	-76.5817	0.7007	77.9218	0.7133	1.3e-04	0.5472
6664	-109.2875	-109.2875	-76.8808	0.7035	77.6206	0.7107	1.3e-04	0.5468
6665	-109.2833	-109.2833	-75.8938	0.6945	78.5876	0.7195	1.3e-04	0.5458
6666	-109.2741	-109.2741	-75.8952	0.6945	78.5828	0.7194	1.3e-04	0.5448
6667	-109.2706	-109.2706	-76.1865	0.6972	78.2928	0.7168	1.3e-04	0.5521
6668	-109.2821	-109.2821	-76.4096	0.6992	78.0634	0.7147	1.3e-04	0.5455
6669	-109.2830	-109.2830	-76.3014	0.6982	78.1929	0.7159	1.3e-04	0.5454
6670	-109.2746	-109.2746	-76.5634	0.7007	77.9264	0.7135	1.3e-04	0.5465
6671	-109.2932	-109.2932	-76.2039	0.6972	78.2909	0.7167	1.3e-04	0.5474
6672	-109.2855	-109.2855	-76.3158	0.6983	78.1775	0.7157	1.3e-04	0.5468
6673	-109.2803	-109.2803	-76.4541	0.6996	78.0452	0.7145	1.3e-04	0.5468
6674	-109.2885	-109.2885	-76.6549	0.7014	77.8499	0.7127	1.3e-04	0.5471
6675	-109.2908	-109.2908	-76.1668	0.6969	78.3315	0.7171	1.3e-04	0.5457
6676	-109.2692	-109.2692	-77.1751	0.7063	77.2845	0.7076	1.3e-04	0.5439
6677	-109.2751	-109.2751	-76.2212	0.6975	78.2483	0.7164	1.3e-04	0.5444
6678	-109.2719	-109.2720	-75.6994	0.6928	78.7668	0.7212	1.3e-04	0.5454
6679	-109.2849	-109.2849	-76.1688	0.6970	78.3379	0.7171	1.3e-04	0.5469
6680	-109.2859	-109.2860	-75.9604	0.6951	78.5230	0.7189	1.3e-04	0.5449
6681	-109.2771	-109.2772	-75.9317	0.6949	78.5450	0.7192	1.3e-04	0.5441
6682	-109.2920	-109.2920	-76.2843	0.6980	78.2070	0.7160	1.3e-04	0.5465
6683	-109.2646	-109.2647	-75.7650	0.6934	78.6879	0.7205	1.3e-04	0.5435
6684	-109.2598	-109.2598	-77.5114	0.7094	76.9567	0.7047	1.3e-04	0.5470
6685	-109.2596	-109.2596	-76.9118	0.7039	77.5710	0.7103	1.3e-04	0.5440
6686	-109.2847	-109.2847	-76.3266	0.6984	78.1693	0.7157	1.3e-04	0.5445
6687	-109.2709	-109.2709	-76.1509	0.6969	78.3239	0.7172	1.3e-04	0.5462
6688	-109.2868	-109.2868	-76.8909	0.7036	77.6183	0.7106	1.3e-04	0.5463
6689	-109.2685	-109.2685	-77.0873	0.7055	77.4004	0.7087	1.3e-04	0.5443
6690	-109.2706	-109.2706	-77.2488	0.7069	77.2492	0.7072	1.3e-04	0.5441
6691	-109.2763	-109.2764	-75.4295	0.6903	79.0257	0.7235	1.3e-04	0.5465
6692	-109.2770	-109.2770	-76.3951	0.6991	78.0900	0.7150	1.3e-04	0.5457
6693	-109.2767	-109.2767	-76.2992	0.6982	78.1824	0.7159	1.3e-04	0.5465
6694	-109.2890	-109.2890	-77.8082	0.7119	76.7081	0.7022	1.3e-04	0.5455
6695	-109.2686	-109.2687	-76.1909	0.6973	78.2775	0.7167	1.3e-04	0.5430
6696	-109.3139	-109.3139	-77.3027	0.7072	77.2350	0.7070	1.3e-04	0.5437
6697	-109.2795	-109.2795	-77.0706	0.7053	77.4358	0.7089	1.3e-04	0.5458
6698	-109.2567	-109.2567	-77.0040	0.7048	77.4696	0.7093	1.3e-04	0.5449
6699	-109.2906	-109.2906	-77.1103	0.7056	77.4036	0.7086	1.3e-04	0.5448
6700	-109.2692	-109.2692	-76.3197	0.6985	78.1542	0.7156	1.3e-04	0.5466
6701	-109.2895	-109.2895	-75.9977	0.6954	78.4962	0.7186	1.3e-04	0.5433
6702	-109.2759	-109.2759	-76.8415	0.7032	77.6599	0.7110	1.3e-04	0.5470
6703	-109.2902	-109.2902	-75.9423	0.6949	78.5570	0.7191	1.3e-04	0.5466
6704	-109.2925	-109.2925	-76.6248	0.7011	77.8755	0.7129	1.3e-04	0.5437
6705	-109.2816	-109.2816	-77.4334	0.7086	77.0693	0.7056	1.3e-04	0.5458
6706	-109.2904	-109.2904	-76.6796	0.7016	77.8125	0.7124	1.3e-04	0.5444
6707	-109.2700	-109.2700	-76.6722	0.7017	77.8008	0.7124	1.3e-04	0.5462
6708	-109.2731	-109.2731	-76.6521	0.7015	77.8215	0.7126	1.3e-04	0.5487
6709	-109.2846	-109.2846	-76.9344	0.7040	77.5725	0.7102	1.3e-04	0.5454
6710	-109.2803	-109.2803	-77.1698	0.7062	77.2917	0.7077	1.3e-04	0.5469
6711	-109.2860	-109.2860	-76.6770	0.7016	77.8192	0.7126	1.3e-04	0.5468
6712	-109.2775	-109.2775	-76.9415	0.7041	77.5643	0.7101	1.3e-04	0.5484
6713	-109.2729	-109.2729	-76.3646	0.6988	78.1248	0.7153	1.3e-04	0.5468
6714	-109.3000	-109.3000	-76.3137	0.6982	78.1288	0.7153	1.3e-04	0.5454
6715	-109.2713	-109.2713	-76.1976	0.6973	78.2700	0.7167	1.3e-04	0.5446
6716	-109.2828	-109.2828	-77.4356	0.7086	77.0736	0.7056	1.3e-04	0.5451
6717	-109.3146	-109.3146	-76.2758	0.6978	78.2416	0.7163	1.3e-04	0.5459
6718	-109.2796	-109.2796	-77.3043	0.7074	77.1864	0.7067	1.3e-04	0.5442
6719	-109.2876	-109.2876	-77.8055	0.7119	76.6940	0.7022	1.3e-04	0.5470
6720	-109.2763	-109.2763	-77.2887	0.7073	77.2163	0.7069	1.3e-04	0.5435
6721	-109.2774	-109.2774	-76.5117	0.7002	77.9616	0.7138	1.3e-04	0.5466
6722	-109.2771	-109.2771	-75.8061	0.6937	78.6178	0.7198	1.3e-04	0.5454
6723	-109.2696	-109.2696	-76.1261	0.6967	78.3471	0.7173	1.3e-04	0.5446
6724	-109.2876	-109.2876	-76.6714	0.7016	77.8312	0.7125	1.3e-04	0.5459
6725	-109.2711	-109.2711	-76.9560	0.7043	77.5228	0.7099	1.3e-04	0.5463
6726	-109.2729	-109.2729	-76.5634	0.7007	77.9137	0.7134	1.3e-04	0.5452
6727	-109.2793	-109.2793	-76.3107	0.6983	78.1766	0.7157	1.3e-04	0.5442
6728	-109.2675	-109.2675	-76.4458	0.6996	78.0358	0.7145	1.3e-04	0.5435
6729	-109.2853	-109.2853	-76.2392	0.6976	78.2595	0.7164	1.3e-04	0.5463
6730	-109.2899	-109.2899	-75.9770	0.6952	78.5095	0.7188	1.3e-04	0.5466
6731	-109.2848	-109.2848	-77.3709	0.7080	77.1417	0.7062	1.3e-04	0.5462
6732	-109.2816	-109.2816	-76.5308	0.7003	77.9597	0.7138	1.3e-04	0.5466
6733	-109.2876	-109.2876	-77.0348	0.7049	77.4699	0.7093	1.3e-04	0.5449
6734	-109.2842	-109.2842	-76.1825	0.6971	78.3103	0.7170	1.3e-04	0.5440
6735	-109.2799	-109.2799	-76.5793	0.7008	77.9227	0.7134	1.3e-04	0.5443
6736	-109.3134	-109.3134	-76.2541	0.6976	78.2821	0.7165	1.3e-04	0.5437
6737	-109.2650	-109.2650	-76.4207	0.6994	78.0562	0.7147	1.3e-04	0.5454
6738	-109.2643	-109.2643	-77.4260	0.7086	77.0560	0.7056	1.3e-04	0.5451
6739	-109.2843	-109.2843	-76.9583	0.7042	77.5319	0.7099	1.3e-04	0.5463
6740	-109.2717	-109.2717	-76.9932	0.7046	77.4932	0.7096	1.3e-04	0.5477
6741	-109.2583	-109.2583	-76.9379	0.7042	77.5347	0.7100	1.3e-04	0.5468
6742	-109.2871	-109.2871	-77.3229	0.7075	77.1730	0.7067	1.3e-04	0.5476
6743	-109.2946	-109.2946	-76.5720	0.7006	77.9398	0.7135	1.3e-04	0.5458
6744	-109.2892	-109.2892	-76.4216	0.6993	78.0696	0.7148	1.3e-04	0.5446
6745	-109.2904	-109.2904	-77.2528	0.7069	77.2580	0.7073	1.3e-04	0.5438
6746	-109.2780	-109.2780	-76.0385	0.6958	78.4363	0.7181	1.3e-04	0.5442
6747	-109.2880	-109.2880	-76.8691	0.7034	77.6334	0.7108	1.3e-04	0.5445
6748	-109.2922	-109.2922	-77.0835	0.7053	77.4288	0.7089	1.3e-04	0.5473
6749	-109.2827	-109.2828	-75.8686	0.6942	78.6181	0.7197	1.3e-04	0.5466
6750	-109.2753	-109.2753	-77.1371	0.7059	77.3435	0.7082	1.3e-04	0.5458
6751	-109.2878	-109.2878	-76.3179	0.6983	78.1946	0.7158	1.3e-04	0.5461
6752	-109.2796	-109.2796	-77.1137	0.7057	77.3891	0.7085	1.3e-04	0.5445
6753	-109.2598	-109.2598	-77.0642	0.7053	77.4123	0.7089	1.3e-04	0.5445
6754	-109.2566	-109.2566	-76.4000	0.6993	78.0732	0.7148	1.3e-04	0.5459
6755	-109.2677	-109.2677	-76.2267	0.6976	78.2407	0.7165	1.3e-04	0.5457
6756	-109.2786	-109.2786	-76.4739	0.6998	78.0083	0.7143	1.3e-04	0.5445
6757	-109.2768	-109.2768	-77.5244	0.7094	76.9745	0.7047	1.3e-04	0.5462
6758	-109.2860	-109.2860	-75.9936	0.6954	78.5066	0.7186	1.3e-04	0.5449
6759	-109.2752	-109.2752	-77.0338	0.7050	77.4061	0.7087	1.3e-04	0.5446
6760	-109.2944	-109.2944	-76.3230	0.6983	78.1853	0.7158	1.3e-04	0.5465
6761	-109.2698	-109.2698	-77.2617	0.7071	77.2212	0.7071	1.3e-04	0.5456
6762	-109.2812	-109.2812	-76.2147	0.6974	78.2705	0.7166	1.3e-04	0.5435
6763	-109.2873	-109.2873	-76.9053	0.7037	77.5932	0.7105	1.3e-04	0.5451
6764	-109.2803	-109.2803	-76.4775	0.6998	78.0210	0.7143	1.3e-04	0.5467
6765	-109.2673	-109.2673	-76.7846	0.7027	77.7072	0.7115	1.3e-04	0.5470
6766	-109.2720	-109.2720	-76.7066	0.7020	77.7797	0.7121	1.3e-04	0.5468
6767	-109.2572	-109.2572	-76.9406	0.7042	77.5254	0.7100	1.3e-04	0.5454
6768	-109.2726	-109.2727	-76.0904	0.6963	78.3752	0.7177	1.3e-04	0.5453
6769	-109.2693	-109.2694	-75.4494	0.6905	78.9900	0.7233	1.3e-04	0.5445
6770	-109.2846	-109.2846	-75.9605	0.6951	78.5178	0.7189	1.3e-04	0.5447
6771	-109.3148	-109.3148	-77.6634	0.7105	76.8612	0.7036	1.3e-04	0.5446
6772	-109.2685	-109.2685	-76.1814	0.6972	78.2863	0.7169	1.3e-04	0.5449
6773	-109.2859	-109.2859	-76.4263	0.6993	78.0280	0.7144	1.3e-04	0.5447
6774	-109.2922	-109.2922	-76.3132	0.6982	78.1947	0.7158	1.3e-04	0.5489
6775	-109.2868	-109.2868	-76.9122	0.7038	77.6041	0.7104	1.3e-04	0.5469
6776	-109.2943	-109.2943	-76.4079	0.6991	78.1017	0.7150	1.3e-04	0.5466
6777	-109.2773	-109.2773	-76.9421	0.7041	77.5635	0.7101	1.3e-04	0.5451
6778	-109.2691	-109.2691	-76.8237	0.7031	77.6733	0.7111	1.3e-04	0.5442
6779	-109.2760	-109.2760	-76.6374	0.7013	77.8491	0.7128	1.3e-04	0.5440
6780	-109.2861	-109.2861	-76.6056	0.7010	77.8989	0.7132	1.3e-04	0.5443
6781	-109.2920	-109.2920	-76.4882	0.6999	78.0176	0.7142	1.3e-04	0.5448
6782	-109.2832	-109.2832	-76.6148	0.7011	77.8742	0.7131	1.3e-04	0.5463
6783	-109.2808	-109.2808	-76.9867	0.7045	77.5196	0.7097	1.3e-04	0.5463
6784	-109.2671	-109.2671	-76.9725	0.7044	77.5151	0.7098	1.3e-04	0.5454
6785	-109.2790	-109.2790	-76.6974	0.7018	77.8050	0.7123	1.3e-04	0.5446
6786	-109.3008	-109.3008	-76.8852	0.7034	77.6489	0.7108	1.3e-04	0.5451
6787	-109.2714	-109.2715	-75.9634	0.6952	78.4954	0.7187	1.3e-04	0.5458
6788	-109.2644	-109.2644	-76.3413	0.6987	78.1342	0.7154	1.3e-04	0.5452
6789	-109.2661	-109.2661	-77.2250	0.7068	77.2265	0.7072	1.3e-04	0.5435
6790	-109.2728	-109.2728	-76.8513	0.7033	77.6420	0.7109	1.3e-04	0.5449
6791	-109.2833	-109.2833	-76.7042	0.7019	77.7947	0.7123	1.3e-04	0.5461
6792	-109.2544	-109.2544	-76.6919	0.7020	77.7565	0.7120	1.3e-04	0.5451
6793	-109.2973	-109.2973	-76.7996	0.7027	77.7155	0.7115	1.3e-04	0.5451
6794	-109.3000	-109.3000	-76.8663	0.7033	77.6548	0.7109	1.3e-04	0.5492
6795	-109.2954	-109.2954	-77.1165	0.7056	77.4034	0.7086	1.3e-04	0.5441
6796	-109.2856	-109.2856	-77.5522	0.7096	76.9461	0.7045	1.3e-04	0.5451
6797	-109.2918	-109.2918	-76.9232	0.7038	77.5943	0.7104	1.3e-04	0.5469
6798	-109.2648	-109.2648	-77.8578	0.7126	76.6182	0.7016	1.3e-04	0.5442
6799	-109.2856	-109.2856	-76.6858	0.7017	77.8226	0.7125	1.3e-04	0.5447
6800	-109.2987	-109.2987	-76.6905	0.7017	77.8284	0.7125	1.3e-04	0.5449
6801	-109.2774	-109.2774	-76.8328	0.7031	77.6641	0.7111	1.3e-04	0.5434
6802	-109.2778	-109.2778	-77.0484	0.7051	77.4439	0.7090	1.3e-04	0.5459
6803	-109.2987	-109.2987	-77.2025	0.7063	77.3139	0.7078	1.3e-04	0.5457
6804	-109.2755	-109.2755	-76.6858	0.7018	77.8100	0.7124	1.3e-04	0.5456
6805	-109.2806	-109.2806	-76.8495	0.7032	77.6498	0.7110	1.3e-04	0.5446
6806	-109.2744	-109.2744	-76.6843	0.7018	77.7708	0.7121	1.3e-04	0.5447
6807	-109.2888	-109.2888	-76.9302	0.7039	77.5761	0.7102	1.3e-04	0.5449
6808	-109.2856	-109.2856	-76.7377	0.7022	77.7696	0.7120	1.3e-04	0.5457
6809	-109.2619	-109.2619	-76.9365	0.7041	77.5268	0.7100	1.3e-04	0.5458
6810	-109.2799	-109.2799	-76.6352	0.7013	77.8591	0.7129	1.3e-04	0.5445
6811	-109.2789	-109.2789	-76.6543	0.7015	77.8462	0.7127	1.3e-04	0.5445
6812	-109.2790	-109.2791	-76.3817	0.6990	78.1108	0.7151	1.3e-04	0.5446
6813	-109.2786	-109.2786	-76.8088	0.7029	77.6864	0.7113	1.3e-04	0.5464
6814	-109.2808	-109.2808	-76.8138	0.7029	77.6907	0.7113	1.3e-04	0.5469
6815	-109.2684	-109.2684	-75.7656	0.6934	78.7055	0.7206	1.3e-04	0.5460
6816	-109.2807	-109.2807	-76.1833	0.6971	78.3067	0.7169	1.3e-04	0.5429
6817	-109.2701	-109.2701	-76.7336	0.7022	77.7560	0.7119	1.3e-04	0.5469
6818	-109.2894	-109.2894	-77.1775	0.7062	77.3313	0.7080	1.3e-04	0.5465
6819	-109.2828	-109.2828	-76.6689	0.7016	77.8259	0.7125	1.3e-04	0.5458
6820	-109.2762	-109.2762	-76.5141	0.7002	77.9807	0.7139	1.3e-04	0.5471
6821	-109.2859	-109.2859	-76.8681	0.7034	77.6388	0.7108	1.3e-04	0.5457
6822	-109.2822	-109.2822	-77.1750	0.7062	77.3272	0.7080	1.3e-04	0.5443
6823	-109.2775	-109.2775	-77.4176	0.7084	77.0761	0.7057	1.3e-04	0.5434
6824	-109.2787	-109.2787	-77.5347	0.7095	76.9318	0.7043	1.3e-04	0.5446
6825	-109.3000	-109.3000	-76.8199	0.7028	77.7000	0.7113	1.3e-04	0.5471
6826	-109.2887	-109.2887	-76.5156	0.7001	77.9915	0.7140	1.3e-04	0.5463
6827	-109.2633	-109.2633	-76.4773	0.6999	77.9940	0.7142	1.3e-04	0.5439
6828	-109.2892	-109.2892	-77.0670	0.7052	77.4280	0.7089	1.3e-04	0.5448
6829	-109.2891	-109.2891	-77.1169	0.7056	77.4099	0.7086	1.3e-04	0.5463
6830	-109.2783	-109.2783	-77.2230	0.7067	77.2839	0.7075	1.3e-04	0.5453
6831	-109.2805	-109.2805	-76.7866	0.7027	77.7024	0.7114	1.3e-04	0.5447
6832	-109.2843	-109.2843	-76.8074	0.7028	77.7060	0.7113	1.3e-04	0.5438
6833	-109.2775	-109.2775	-77.3416	0.7078	77.1619	0.7065	1.3e-04	0.5448
6834	-109.2958	-109.2958	-77.2354	0.7067	77.2766	0.7075	1.3e-04	0.5468
6835	-109.2937	-109.2937	-76.9104	0.7037	77.6057	0.7105	1.3e-04	0.5436
6836	-109.3100	-109.3100	-76.3389	0.6984	78.1880	0.7157	1.3e-04	0.5443
6837	-109.2629	-109.2629	-76.8826	0.7036	77.5912	0.7105	1.3e-04	0.5444
6838	-109.2632	-109.2632	-77.5751	0.7100	76.9050	0.7041	1.3e-04	0.5469
6839	-109.2760	-109.2760	-76.5867	0.7009	77.8466	0.7128	1.3e-04	0.5458
6840	-109.2825	-109.2825	-78.1390	0.7150	76.3576	0.6991	1.3e-04	0.5786
6841	-109.2823	-109.2823	-76.4519	0.6996	78.0563	0.7146	1.3e-04	0.5446
6842	-109.2827	-109.2827	-77.6763	0.7108	76.8160	0.7033	1.3e-04	0.5447
6843	-109.2891	-109.2891	-78.2119	0.7156	76.2617	0.6982	1.3e-04	0.5456
6844	-109.2924	-109.2924	-76.3190	0.6983	78.1893	0.7157	1.3e-04	0.5472
6845	-109.2619	-109.2619	-77.6614	0.7108	76.7957	0.7032	1.3e-04	0.5456
6846	-109.2800	-109.2800	-78.1283	0.7149	76.3617	0.6992	1.3e-04	0.5453
6847	-109.2932	-109.2932	-77.3758	0.7080	77.1372	0.7062	1.3e-04	0.5441
6848	-109.2674	-109.2674	-77.4432	0.7087	77.0211	0.7053	1.3e-04	0.5453
6849	-109.2799	-109.2799	-78.2819	0.7163	76.1949	0.6976	1.3e-04	0.5445
6850	-109.2963	-109.2963	-77.1849	0.7062	77.3495	0.7080	1.3e-04	0.5461
6851	-109.2998	-109.2998	-76.1847	0.6970	78.3253	0.7170	1.3e-04	0.5465
6852	-109.2922	-109.2922	-77.7598	0.7115	76.7422	0.7026	1.3e-04	0.5528
6853	-109.2992	-109.2992	-77.1755	0.7061	77.3506	0.7081	1.3e-04	0.5455
6854	-109.2877	-109.2877	-77.6469	0.7105	76.8623	0.7037	1.3e-04	0.5469
6855	-109.2775	-109.2775	-77.9214	0.7131	76.5572	0.7010	1.3e-04	0.5470
6856	-109.2806	-109.2806	-77.1222	0.7057	77.3903	0.7085	1.3e-04	0.5459
6857	-109.2970	-109.2970	-77.1320	0.7057	77.3916	0.7085	1.3e-04	0.5452
6858	-109.2782	-109.2782	-76.8986	0.7037	77.5967	0.7103	1.3e-04	0.5445
6859	-109.2931	-109.2931	-77.9300	0.7130	76.5782	0.7011	1.3e-04	0.5437
6860	-109.2829	-109.2829	-77.8318	0.7122	76.6698	0.7020	1.3e-04	0.5450
6861	-109.2922	-109.2922	-78.4475	0.7178	76.0469	0.6961	1.3e-04	0.5472
6862	-109.2651	-109.2651	-77.6704	0.7108	76.8200	0.7033	1.3e-04	0.5456
6863	-109.2710	-109.2710	-76.8429	0.7032	77.6516	0.7110	1.3e-04	0.5439
6864	-109.2716	-109.2716	-77.3794	0.7081	77.1159	0.7060	1.3e-04	0.5439
6865	-109.2686	-109.2686	-77.8551	0.7125	76.6190	0.7016	1.3e-04	0.5468
6866	-109.2782	-109.2782	-77.0948	0.7055	77.4066	0.7087	1.3e-04	0.5802
6867	-109.2860	-109.2860	-78.2223	0.7158	76.2560	0.6982	1.3e-04	0.5464
6868	-109.2966	-109.2966	-77.1499	0.7059	77.3742	0.7083	1.3e-04	0.5442
6869	-109.2757	-109.2757	-78.2161	0.7158	76.2406	0.6981	1.3e-04	0.5468
6870	-109.2607	-109.2607	-77.5498	0.7098	76.9345	0.7044	1.3e-04	0.5441
6871	-109.2929	-109.2929	-76.9094	0.7037	77.6121	0.7105	1.3e-04	0.5446
6872	-109.2744	-109.2744	-77.4172	0.7085	77.0666	0.7057	1.3e-04	0.5471
6873	-109.2906	-109.2906	-79.0147	0.7230	75.4372	0.6907	1.3e-04	0.5455
6874	-109.2908	-109.2908	-77.4524	0.7087	77.0701	0.7055	1.3e-04	0.5454
6875	-109.2727	-109.2727	-78.2394	0.7160	76.2442	0.6981	1.3e-04	0.5455
6876	-109.2645	-109.2645	-77.1028	0.7057	77.3882	0.7086	1.3e-04	0.5432
6877	-109.2964	-109.2964	-77.2861	0.7071	77.2323	0.7070	1.3e-04	0.5450
6878	-109.2962	-109.2962	-77.9743	0.7134	76.5374	0.7007	1.3e-04	0.5470
6879	-109.2896	-109.2896	-78.0646	0.7143	76.4425	0.6998	1.3e-04	0.5469
6880	-109.2706	-109.2706	-78.7048	0.7203	75.7598	0.6937	1.3e-04	0.5444
6881	-109.3052	-109.3052	-77.3823	0.7079	77.1573	0.7063	1.3e-04	0.5450
6882	-109.2727	-109.2727	-77.9278	0.7131	76.5599	0.7010	1.3e-04	0.5800
6883	-109.2754	-109.2754	-78.3832	0.7173	76.1122	0.6968	1.3e-04	0.5483
6884	-109.2858	-109.2858	-77.0221	0.7048	77.4844	0.7094	1.3e-04	0.5461
6885	-109.2889	-109.2889	-77.9640	0.7134	76.5444	0.7008	1.3e-04	0.5440
6886	-109.2718	-109.2718	-78.2609	0.7162	76.2185	0.6979	1.3e-04	0.5457
6887	-109.2779	-109.2779	-78.0034	0.7138	76.4857	0.7003	1.3e-04	0.5442
6888	-109.2929	-109.2929	-78.4715	0.7180	76.0302	0.6960	1.3e-04	0.5806
6889	-109.2834	-109.2834	-77.3371	0.7077	77.1742	0.7065	1.3e-04	0.5458
6890	-109.2734	-109.2734	-77.9406	0.7133	76.5455	0.7008	1.3e-04	0.5438
6891	-109.2942	-109.2942	-78.0326	0.7140	76.4780	0.7002	1.3e-04	0.5758
6892	-109.2913	-109.2913	-77.8405	0.7122	76.6742	0.7019	1.3e-04	0.5460
6893	-109.2801	-109.2801	-78.6498	0.7197	75.8332	0.6943	1.3e-04	0.5448
6894	-109.2770	-109.2770	-77.2086	0.7065	77.3068	0.7077	1.3e-04	0.5442
6895	-109.2920	-109.2920	-78.6681	0.7198	75.8069	0.6941	1.3e-04	0.5486
6896	-109.2971	-109.2971	-78.8041	0.7210	75.6742	0.6928	1.3e-04	0.5458
6897	-109.2620	-109.2620	-78.4522	0.7180	76.0107	0.6960	1.3e-04	0.5806
6898	-109.2746	-109.2746	-79.3269	0.7259	75.1112	0.6878	1.3e-04	0.5449
6899	-109.2687	-109.2687	-78.9077	0.7221	75.5220	0.6916	1.3e-04	0.5470
6900	-109.2780	-109.2780	-78.2699	0.7162	76.2139	0.6978	1.3e-04	0.5467
6901	-109.2703	-109.2703	-78.9210	0.7223	75.5257	0.6916	1.3e-04	0.5433
6902	-109.2711	-109.2711	-77.8971	0.7129	76.5782	0.7011	1.3e-04	0.5453
6903	-109.2732	-109.2732	-77.8186	0.7121	76.6530	0.7019	1.3e-04	0.5468
6904	-109.2715	-109.2715	-78.2968	0.7165	76.1788	0.6976	1.3e-04	0.5459
6905	-109.2831	-109.2831	-78.7403	0.7205	75.7378	0.6934	1.3e-04	0.5442
6906	-109.2878	-109.2878	-78.1573	0.7152	76.3328	0.6989	1.3e-04	0.5450
6907	-109.2691	-109.2691	-77.9608	0.7135	76.5219	0.7006	1.3e-04	0.5458
6908	-109.2668	-109.2668	-78.3127	0.7167	76.1666	0.6974	1.3e-04	0.5466
6909	-109.2858	-109.2858	-78.8842	0.7218	75.5867	0.6920	1.3e-04	0.5454
6910	-109.3016	-109.3016	-78.1911	0.7154	76.3296	0.6987	1.3e-04	0.5442
6911	-109.2912	-109.2912	-78.5899	0.7191	75.8977	0.6949	1.3e-04	0.5458
6912	-109.2862	-109.2862	-79.0689	0.7235	75.3987	0.6903	1.3e-04	0.5457
6913	-109.2870	-109.2870	-78.0710	0.7144	76.4196	0.6997	1.3e-04	0.5444
6914	-109.2807	-109.2807	-78.6701	0.7199	75.7970	0.6940	1.3e-04	0.5449
6915	-109.2888	-109.2888	-77.8288	0.7121	76.6883	0.7020	1.3e-04	0.5444
6916	-109.2624	-109.2624	-77.9519	0.7134	76.5248	0.7007	1.3e-04	0.5454
6917	-109.2882	-109.2882	-77.4492	0.7087	77.0429	0.7054	1.3e-04	0.5459
6918	-109.2672	-109.2672	-77.9208	0.7131	76.5641	0.7010	1.3e-04	0.5465
6919	-109.2617	-109.2617	-77.6786	0.7109	76.8025	0.7032	1.3e-04	0.5472
6920	-109.2806	-109.2806	-78.0774	0.7145	76.4074	0.6997	1.3e-04	0.5457
6921	-109.2676	-109.2676	-78.0299	0.7141	76.4436	0.7000	1.3e-04	0.5455
6922	-109.2635	-109.2635	-78.3117	0.7167	76.1556	0.6973	1.3e-04	0.5454
6923	-109.2847	-109.2847	-78.0989	0.7146	76.3990	0.6994	1.3e-04	0.5461
6924	-109.2787	-109.2787	-78.2483	0.7160	76.2395	0.6980	1.3e-04	0.5443
6925	-109.2877	-109.2877	-77.8691	0.7125	76.6390	0.7016	1.3e-04	0.5455
6926	-109.2688	-109.2688	-77.8989	0.7129	76.5844	0.7012	1.3e-04	0.5454
6927	-109.2671	-109.2671	-77.8549	0.7125	76.6009	0.7014	1.3e-04	0.5450
6928	-109.2761	-109.2761	-78.1333	0.7150	76.3440	0.6991	1.3e-04	0.5434
6929	-109.2924	-109.2924	-78.0639	0.7143	76.4482	0.6999	1.3e-04	0.5440
6930	-109.2785	-109.2785	-78.0655	0.7144	76.4397	0.6998	1.3e-04	0.5447
6931	-109.2738	-109.2738	-77.7453	0.7115	76.7513	0.7027	1.3e-04	0.5480
6932	-109.2806	-109.2806	-77.9340	0.7132	76.5332	0.7007	1.3e-04	0.5465
6933	-109.2819	-109.2819	-78.0893	0.7146	76.4118	0.6996	1.3e-04	0.5465
6934	-109.2893	-109.2893	-77.9321	0.7131	76.5745	0.7011	1.3e-04	0.5451
6935	-109.2880	-109.2880	-77.9816	0.7135	76.5094	0.7004	1.3e-04	0.5441
6936	-109.2903	-109.2903	-78.4428	0.7177	76.0358	0.6962	1.3e-04	0.5441
6937	-109.2983	-109.2983	-77.7993	0.7118	76.7165	0.7024	1.3e-04	0.5461
6938	-109.2685	-109.2685	-77.6827	0.7109	76.8111	0.7032	1.3e-04	0.5446
6939	-109.2791	-109.2791	-77.4375	0.7086	77.0662	0.7056	1.3e-04	0.5448
6940	-109.2840	-109.2840	-76.8647	0.7033	77.6257	0.7107	1.3e-04	0.5451
6941	-109.2791	-109.2791	-77.3380	0.7077	77.1566	0.7064	1.3e-04	0.5447
6942	-109.2842	-109.2842	-77.3773	0.7080	77.1249	0.7062	1.3e-04	0.5463
6943	-109.2756	-109.2756	-77.5571	0.7097	76.9424	0.7045	1.3e-04	0.5446
6944	-109.2785	-109.2785	-77.2359	0.7068	77.2570	0.7073	1.3e-04	0.5452
6945	-109.2819	-109.2819	-77.2193	0.7066	77.2856	0.7076	1.3e-04	0.5457
6946	-109.2968	-109.2968	-77.5113	0.7092	77.0099	0.7050	1.3e-04	0.5443
6947	-109.2807	-109.2807	-77.4171	0.7084	77.0875	0.7058	1.3e-04	0.5450
6948	-109.2949	-109.2949	-77.3551	0.7078	77.1587	0.7064	1.3e-04	0.5477
6949	-109.2657	-109.2657	-77.2770	0.7072	77.2015	0.7069	1.3e-04	0.5438
6950	-109.2774	-109.2774	-76.8443	0.7032	77.6410	0.7109	1.3e-04	0.5440
6951	-109.2633	-109.2633	-77.6190	0.7104	76.8616	0.7038	1.3e-04	0.5452
6952	-109.2905	-109.2905	-77.5550	0.7096	76.9650	0.7046	1.3e-04	0.5447
6953	-109.2936	-109.2936	-76.3774	0.6988	78.1310	0.7153	1.3e-04	0.5464
6954	-109.2876	-109.2876	-76.6833	0.7017	77.8368	0.7125	1.3e-04	0.5459
6955	-109.2741	-109.2741	-76.6876	0.7018	77.8153	0.7124	1.3e-04	0.5439
6956	-109.2898	-109.2898	-76.6076	0.7010	77.8915	0.7132	1.3e-04	0.5433
6957	-109.2920	-109.2920	-76.9006	0.7036	77.6035	0.7106	1.3e-04	0.5442
6958	-109.2727	-109.2727	-76.7055	0.7020	77.7708	0.7122	1.3e-04	0.5457
6959	-109.2593	-109.2593	-77.5190	0.7095	76.9577	0.7047	1.3e-04	0.5478
6960	-109.2715	-109.2715	-77.0055	0.7047	77.4714	0.7095	1.3e-04	0.5458
6961	-109.2584	-109.2584	-76.7863	0.7028	77.6769	0.7113	1.3e-04	0.5478
6962	-109.2663	-109.2663	-76.7933	0.7028	77.6906	0.7114	1.3e-04	0.5453
6963	-109.2727	-109.2727	-76.4925	0.7000	77.9926	0.7141	1.3e-04	0.5436
6964	-109.2581	-109.2581	-77.1418	0.7061	77.3237	0.7081	1.3e-04	0.5458
6965	-109.2781	-109.2781	-77.2211	0.7066	77.2731	0.7075	1.3e-04	0.5458
6966	-109.2746	-109.2746	-76.5067	0.7001	77.9898	0.7140	1.3e-04	0.5457
6967	-109.2743	-109.2743	-77.1860	0.7064	77.3079	0.7079	1.3e-04	0.5444
6968	-109.2688	-109.2688	-76.4998	0.7001	77.9754	0.7140	1.3e-04	0.5462
6969	-109.2755	-109.2755	-75.8607	0.6942	78.5899	0.7197	1.3e-04	0.5467
6970	-109.2747	-109.2747	-76.0826	0.6963	78.3927	0.7177	1.3e-04	0.5453
6971	-109.2673	-109.2673	-75.8631	0.6943	78.6070	0.7197	1.3e-04	0.5447
6972	-109.2727	-109.2727	-76.4449	0.6996	78.0269	0.7145	1.3e-04	0.5443
6973	-109.2826	-109.2826	-76.0240	0.6957	78.4643	0.7184	1.3e-04	0.5454
6974	-109.2851	-109.2851	-76.6605	0.7015	77.8368	0.7126	1.3e-04	0.5470
6975	-109.2779	-109.2779	-76.2503	0.6978	78.2391	0.7163	1.3e-04	0.5475
6976	-109.2844	-109.2845	-75.4274	0.6902	79.0286	0.7236	1.3e-04	0.5450
6977	-109.2710	-109.2710	-76.2182	0.6975	78.2518	0.7165	1.3e-04	0.5442
6978	-109.2717	-109.2717	-76.6201	0.7012	77.8587	0.7130	1.3e-04	0.5466
6979	-109.2862	-109.2863	-75.5615	0.6914	78.9067	0.7224	1.3e-04	0.5441
6980	-109.2667	-109.2667	-76.9374	0.7041	77.5492	0.7101	1.3e-04	0.5464
6981	-109.2981	-109.2981	-76.3288	0.6984	78.1667	0.7155	1.3e-04	0.5457
6982	-109.2858	-109.2859	-76.0557	0.6959	78.4354	0.7181	1.3e-04	0.5448
6983	-109.3028	-109.3028	-75.8239	0.6937	78.6658	0.7201	1.3e-04	0.5442
6984	-109.2883	-109.2883	-76.1567	0.6968	78.3272	0.7171	1.3e-04	0.5437
6985	-109.2730	-109.2730	-75.7885	0.6936	78.6713	0.7203	1.3e-04	0.5447
6986	-109.2772	-109.2772	-77.5713	0.7099	76.9191	0.7042	1.3e-04	0.5460
6987	-109.2931	-109.2931	-76.8788	0.7034	77.6383	0.7108	1.3e-04	0.5448
6988	-109.2877	-109.2877	-76.1680	0.6969	78.2867	0.7168	1.3e-04	0.5446
6989	-109.2880	-109.2880	-76.5447	0.7004	77.9416	0.7137	1.3e-04	0.5443
6990	-109.2648	-109.2648	-76.4288	0.6995	78.0496	0.7146	1.3e-04	0.5436
6991	-109.2841	-109.2841	-76.6983	0.7018	77.8115	0.7123	1.3e-04	0.5464
6992	-109.2788	-109.2788	-76.6406	0.7013	77.8245	0.7127	1.3e-04	0.5461
6993	-109.2690	-109.2690	-76.4322	0.6995	78.0236	0.7144	1.3e-04	0.5485
6994	-109.2615	-109.2615	-76.4253	0.6995	78.0391	0.7147	1.3e-04	0.5466
6995	-109.2760	-109.2760	-76.2946	0.6982	78.1590	0.7157	1.3e-04	0.5468
6996	-109.2750	-109.2750	-76.0815	0.6962	78.3953	0.7178	1.3e-04	0.5457
6997	-109.2905	-109.2905	-77.0372	0.7049	77.4768	0.7093	1.3e-04	0.5447
6998	-109.2614	-109.2614	-75.8055	0.6938	78.6483	0.7202	1.3e-04	0.5444
6999	-109.2692	-109.2692	-75.5771	0.6917	78.8753	0.7222	1.3e-04	0.5447
7000	-109.2739	-109.2739	-76.9887	0.7045	77.5045	0.7096	1.2e-04	0.5449
7001	-109.2823	-109.2823	-76.0910	0.6963	78.3822	0.7177	1.2e-04	0.5429
7002	-109.2816	-109.2816	-76.0827	0.6962	78.3541	0.7174	1.2e-04	0.5451
7003	-109.2828	-109.2828	-76.0891	0.6963	78.3822	0.7178	1.2e-04	0.5467
7004	-109.2926	-109.2926	-76.8445	0.7031	77.6558	0.7111	1.2e-04	0.5456
7005	-109.2874	-109.2874	-75.8889	0.6944	78.5878	0.7196	1.2e-04	0.5463
7006	-109.2835	-109.2835	-76.7753	0.7025	77.7199	0.7116	1.2e-04	0.5474
7007	-109.2813	-109.2814	-75.5288	0.6911	78.9360	0.7226	1.2e-04	0.5461
7008	-109.2753	-109.2754	-75.6393	0.6922	78.7975	0.7215	1.2e-04	0.5436
7009	-109.2831	-109.2831	-76.1348	0.6967	78.3476	0.7173	1.2e-04	0.5459
7010	-109.2840	-109.2840	-76.1545	0.6968	78.3185	0.7172	1.2e-04	0.5457
7011	-109.2713	-109.2713	-75.7308	0.6931	78.7317	0.7208	1.2e-04	0.5457
7012	-109.2760	-109.2760	-76.0883	0.6963	78.3912	0.7178	1.2e-04	0.5443
7013	-109.2859	-109.2860	-75.9324	0.6948	78.5438	0.7191	1.2e-04	0.5449
7014	-109.2483	-109.2483	-75.7996	0.6938	78.6424	0.7201	1.2e-04	0.5465
7015	-109.2496	-109.2496	-76.0240	0.6959	78.4233	0.7182	1.2e-04	0.5437
7016	-109.2808	-109.2808	-76.6400	0.7013	77.8042	0.7123	1.2e-04	0.5459
7017	-109.2784	-109.2784	-76.1896	0.6972	78.3023	0.7168	1.2e-04	0.5465
7018	-109.2851	-109.2851	-76.1654	0.6969	78.3227	0.7171	1.2e-04	0.5448
7019	-109.2719	-109.2720	-75.3483	0.6895	79.1032	0.7242	1.2e-04	0.5452
7020	-109.2542	-109.2542	-76.1129	0.6967	78.3304	0.7173	1.2e-04	0.5447
7021	-109.2886	-109.2886	-75.9495	0.6949	78.5372	0.7190	1.2e-04	0.5448
7022	-109.2722	-109.2723	-75.9677	0.6952	78.4991	0.7188	1.2e-04	0.5472
7023	-109.2891	-109.2891	-77.1988	0.7064	77.3131	0.7078	1.2e-04	0.5436
7024	-109.2547	-109.2548	-75.3851	0.6900	79.0364	0.7238	1.2e-04	0.5440
7025	-109.2914	-109.2914	-76.3181	0.6983	78.1879	0.7158	1.2e-04	0.5448
7026	-109.2896	-109.2896	-76.5703	0.7006	77.9338	0.7135	1.2e-04	0.5461
7027	-109.2876	-109.2877	-75.3598	0.6896	79.1049	0.7242	1.2e-04	0.5465
7028	-109.2843	-109.2843	-76.2800	0.6980	78.2153	0.7161	1.2e-04	0.5456
7029	-109.2906	-109.2906	-77.0548	0.7050	77.4448	0.7091	1.2e-04	0.5453
7030	-109.2692	-109.2693	-75.5668	0.6916	78.8819	0.7223	1.2e-04	0.5449
7031	-109.2741	-109.2742	-76.0048	0.6955	78.4688	0.7185	1.2e-04	0.5453
7032	-109.2790	-109.2790	-76.5143	0.7002	77.9747	0.7140	1.2e-04	0.5443
7033	-109.2731	-109.2731	-75.7410	0.6931	78.7281	0.7208	1.2e-04	0.5455
7034	-109.2890	-109.2891	-75.2620	0.6887	79.1558	0.7246	1.2e-04	0.5465
7035	-109.2787	-109.2787	-76.8481	0.7032	77.6510	0.7109	1.2e-04	0.5457
7036	-109.2777	-109.2777	-75.6326	0.6921	78.8444	0.7218	1.2e-04	0.5446
7037	-109.2897	-109.2897	-76.3411	0.6985	78.1461	0.7155	1.2e-04	0.5456
7038	-109.2699	-109.2699	-75.9828	0.6954	78.4755	0.7185	1.2e-04	0.5450
7039	-109.2713	-109.2713	-76.4242	0.6994	78.0457	0.7147	1.2e-04	0.5451
7040	-109.2768	-109.2768	-76.7145	0.7020	77.7764	0.7122	1.2e-04	0.5439
7041	-109.2818	-109.2818	-76.9249	0.7039	77.5549	0.7101	1.2e-04	0.5447
7042	-109.2672	-109.2672	-76.2528	0.6979	78.2188	0.7162	1.2e-04	0.5445
7043	-109.2777	-109.2777	-76.3896	0.6990	78.0898	0.7150	1.2e-04	0.5455
7044	-109.2729	-109.2729	-76.0348	0.6958	78.4352	0.7182	1.2e-04	0.5470
7045	-109.3000	-109.3000	-76.7219	0.7019	77.7986	0.7122	1.2e-04	0.5467
7046	-109.2773	-109.2773	-76.4766	0.6998	78.0091	0.7143	1.2e-04	0.5453
7047	-109.2766	-109.2767	-76.0936	0.6963	78.3872	0.7177	1.2e-04	0.5440
7048	-109.2751	-109.2751	-76.3531	0.6987	78.1355	0.7154	1.2e-04	0.5443
7049	-109.2795	-109.2796	-75.8762	0.6943	78.5821	0.7195	1.2e-04	0.5458
7050	-109.2892	-109.2893	-76.2238	0.6974	78.2751	0.7166	1.2e-04	0.5478
7051	-109.2943	-109.2943	-76.0812	0.6961	78.4145	0.7179	1.2e-04	0.5447
7052	-109.2723	-109.2724	-75.5128	0.6911	78.9427	0.7228	1.2e-04	0.5448
7053	-109.2781	-109.2782	-75.3452	0.6895	79.1147	0.7243	1.2e-04	0.5448
7054	-109.2741	-109.2741	-75.9921	0.6954	78.4701	0.7185	1.2e-04	0.5436
7055	-109.2669	-109.2669	-76.0614	0.6961	78.4110	0.7178	1.2e-04	0.5462
7056	-109.2699	-109.2699	-76.9604	0.7043	77.5280	0.7099	1.2e-04	0.5460
7057	-109.2847	-109.2847	-76.0704	0.6961	78.4207	0.7179	1.2e-04	0.5446
7058	-109.3086	-109.3086	-76.3501	0.6985	78.1627	0.7156	1.2e-04	0.5452
7059	-109.2866	-109.2866	-76.1949	0.6972	78.2864	0.7168	1.2e-04	0.5466
7060	-109.2716	-109.2716	-77.1787	0.7063	77.3132	0.7079	1.2e-04	0.5452
7061	-109.2705	-109.2705	-76.3704	0.6989	78.1092	0.7152	1.2e-04	0.5447
7062	-109.2883	-109.2883	-76.6324	0.7012	77.8504	0.7127	1.2e-04	0.5441
7063	-109.2843	-109.2843	-76.7956	0.7027	77.7143	0.7115	1.2e-04	0.5458
7064	-109.3112	-109.3112	-76.3608	0.6986	78.1630	0.7155	1.2e-04	0.5457
7065	-109.2876	-109.2876	-76.7873	0.7026	77.7210	0.7116	1.2e-04	0.5446
7066	-109.2886	-109.2886	-76.8318	0.7030	77.6820	0.7112	1.2e-04	0.5447
7067	-109.2843	-109.2843	-76.9297	0.7039	77.5734	0.7102	1.2e-04	0.5444
7068	-109.2779	-109.2779	-77.4084	0.7084	77.1020	0.7058	1.2e-04	0.5469
7069	-109.2736	-109.2736	-76.3179	0.6984	78.1524	0.7156	1.2e-04	0.5465
7070	-109.3069	-109.3069	-77.4007	0.7081	77.1351	0.7061	1.2e-04	0.5459
7071	-109.2775	-109.2775	-76.7245	0.7021	77.7926	0.7121	1.2e-04	0.5468
7072	-109.2895	-109.2895	-76.9647	0.7042	77.5440	0.7099	1.2e-04	0.5481
7073	-109.2759	-109.2760	-75.8452	0.6941	78.6289	0.7199	1.2e-04	0.5458
7074	-109.2720	-109.2720	-77.1305	0.7059	77.3488	0.7083	1.2e-04	0.5453
7075	-109.2954	-109.2954	-76.9049	0.7036	77.6043	0.7105	1.2e-04	0.5442
7076	-109.2731	-109.2731	-77.9622	0.7135	76.4886	0.7004	1.2e-04	0.5441
7077	-109.2781	-109.2781	-76.9381	0.7041	77.5478	0.7100	1.2e-04	0.5440
7078	-109.2957	-109.2957	-77.7651	0.7115	76.7447	0.7026	1.2e-04	0.5447
7079	-109.2950	-109.2950	-77.2414	0.7067	77.2757	0.7075	1.2e-04	0.5459
7080	-109.2718	-109.2718	-77.6628	0.7107	76.8280	0.7034	1.2e-04	0.5459
7081	-109.2765	-109.2765	-77.2330	0.7068	77.2396	0.7072	1.2e-04	0.5466
7082	-109.2785	-109.2785	-77.4223	0.7085	77.0684	0.7057	1.2e-04	0.5479
7083	-109.3017	-109.3017	-76.7762	0.7024	77.7508	0.7118	1.2e-04	0.5456
7084	-109.2874	-109.2874	-77.2573	0.7069	77.2605	0.7073	1.2e-04	0.5441
7085	-109.2652	-109.2652	-77.2174	0.7067	77.2533	0.7073	1.2e-04	0.5467
7086	-109.2949	-109.2949	-76.4815	0.6998	78.0305	0.7144	1.2e-04	0.5467
7087	-109.2631	-109.2631	-76.9472	0.7042	77.5372	0.7100	1.2e-04	0.5463
7088	-109.2900	-109.2900	-77.3916	0.7081	77.1067	0.7059	1.2e-04	0.5439
7089	-109.2737	-109.2737	-77.2823	0.7072	77.2075	0.7070	1.2e-04	0.5450
7090	-109.2613	-109.2613	-77.1028	0.7057	77.3756	0.7085	1.2e-04	0.5450
7091	-109.2717	-109.2717	-77.3348	0.7077	77.1445	0.7065	1.2e-04	0.5453
7092	-109.2679	-109.2679	-76.8675	0.7035	77.6027	0.7107	1.2e-04	0.5458
7093	-109.2854	-109.2854	-75.9889	0.6953	78.5029	0.7187	1.2e-04	0.5442
7094	-109.2735	-109.2735	-76.5460	0.7005	77.9477	0.7137	1.2e-04	0.5448
7095	-109.2773	-109.2773	-76.6602	0.7015	77.8292	0.7126	1.2e-04	0.5467
7096	-109.2865	-109.2865	-76.6644	0.7015	77.8359	0.7126	1.2e-04	0.5467
7097	-109.2814	-109.2814	-76.8011	0.7028	77.6877	0.7112	1.2e-04	0.5457
7098	-109.2745	-109.2745	-76.8782	0.7035	77.6014	0.7105	1.2e-04	0.5443
7099	-109.2876	-109.2876	-77.6858	0.7108	76.7867	0.7030	1.2e-04	0.5443
7100	-109.2698	-109.2698	-77.2200	0.7067	77.2593	0.7074	1.2e-04	0.5458
7101	-109.2756	-109.2756	-77.0428	0.7050	77.4520	0.7092	1.2e-04	0.5440
7102	-109.2943	-109.2943	-76.7866	0.7026	77.7101	0.7115	1.2e-04	0.5478
7103	-109.2978	-109.2978	-77.4428	0.7085	77.0779	0.7056	1.2e-04	0.5459
7104	-109.2909	-109.2909	-76.4497	0.6995	78.0641	0.7146	1.2e-04	0.5452
7105	-109.2963	-109.2963	-77.8129	0.7119	76.6993	0.7022	1.2e-04	0.5458
7106	-109.2807	-109.2807	-76.5420	0.7004	77.9554	0.7137	1.2e-04	0.5445
7107	-109.2922	-109.2922	-76.9666	0.7042	77.5240	0.7097	1.2e-04	0.5444
7108	-109.2742	-109.2742	-77.2398	0.7068	77.2424	0.7073	1.2e-04	0.5452
7109	-109.2837	-109.2837	-76.9454	0.7041	77.5257	0.7098	1.2e-04	0.5461
7110	-109.2771	-109.2771	-76.9764	0.7044	77.5124	0.7097	1.2e-04	0.5474
7111	-109.2852	-109.2852	-76.2231	0.6975	78.2522	0.7165	1.2e-04	0.5489
7112	-109.2785	-109.2785	-76.9737	0.7044	77.5280	0.7098	1.2e-04	0.5456
7113	-109.2878	-109.2878	-76.7293	0.7021	77.7698	0.7120	1.2e-04	0.5458
7114	-109.2854	-109.2854	-78.4473	0.7178	76.0549	0.6962	1.2e-04	0.5444
7115	-109.2803	-109.2803	-77.1802	0.7063	77.3070	0.7078	1.2e-04	0.5450
7116	-109.2821	-109.2821	-76.6685	0.7016	77.8370	0.7125	1.2e-04	0.5449
7117	-109.2752	-109.2752	-76.7996	0.7028	77.7004	0.7113	1.2e-04	0.5472
7118	-109.2891	-109.2891	-77.4200	0.7084	77.0829	0.7057	1.2e-04	0.5468
7119	-109.2873	-109.2873	-77.0564	0.7051	77.4472	0.7091	1.2e-04	0.5460
7120	-109.2750	-109.2750	-76.9245	0.7040	77.5650	0.7102	1.2e-04	0.5453
7121	-109.2886	-109.2886	-76.8931	0.7036	77.5824	0.7104	1.2e-04	0.5436
7122	-109.2815	-109.2815	-75.8727	0.6943	78.6087	0.7197	1.2e-04	0.5448
7123	-109.2660	-109.2660	-77.3142	0.7076	77.1720	0.7066	1.2e-04	0.5461
7124	-109.2846	-109.2846	-76.9958	0.7045	77.5079	0.7097	1.2e-04	0.5453
7125	-109.2779	-109.2779	-76.9690	0.7043	77.5315	0.7099	1.2e-04	0.5450
7126	-109.2905	-109.2905	-77.6259	0.7103	76.8690	0.7039	1.2e-04	0.5459
7127	-109.2716	-109.2716	-76.6418	0.7014	77.8483	0.7128	1.2e-04	0.5459
7128	-109.2841	-109.2841	-76.7282	0.7021	77.7476	0.7117	1.2e-04	0.5468
7129	-109.2688	-109.2688	-76.1381	0.6968	78.3336	0.7172	1.2e-04	0.5447
7130	-109.2696	-109.2696	-77.3012	0.7074	77.1927	0.7068	1.2e-04	0.5477
7131	-109.2993	-109.2993	-77.6507	0.7104	76.8792	0.7037	1.2e-04	0.5459
7132	-109.2762	-109.2762	-77.1790	0.7063	77.2999	0.7077	1.2e-04	0.5443
7133	-109.2959	-109.2959	-77.6463	0.7104	76.8598	0.7037	1.2e-04	0.5443
7134	-109.2643	-109.2643	-76.9935	0.7047	77.4437	0.7091	1.2e-04	0.5450
7135	-109.2635	-109.2635	-77.0023	0.7047	77.4789	0.7095	1.2e-04	0.5458
7136	-109.2745	-109.2745	-77.6744	0.7108	76.8190	0.7034	1.2e-04	0.5444
7137	-109.2875	-109.2875	-77.5172	0.7093	76.9857	0.7049	1.2e-04	0.5460
7138	-109.2791	-109.2791	-78.6707	0.7199	75.7733	0.6938	1.2e-04	0.5448
7139	-109.2617	-109.2617	-77.5313	0.7096	76.9502	0.7046	1.2e-04	0.5455
7140	-109.2926	-109.2926	-76.9958	0.7045	77.4968	0.7095	1.2e-04	0.5469
7141	-109.2746	-109.2746	-76.6034	0.7010	77.8912	0.7131	1.2e-04	0.5463
7142	-109.2799	-109.2799	-78.2074	0.7157	76.2838	0.6984	1.2e-04	0.5456
7143	-109.2983	-109.2983	-77.2923	0.7072	77.2303	0.7070	1.2e-04	0.5456
7144	-109.2833	-109.2833	-76.8982	0.7037	77.6143	0.7105	1.2e-04	0.5450
7145	-109.2900	-109.2900	-76.9599	0.7042	77.5586	0.7100	1.2e-04	0.5450
7146	-109.2461	-109.2461	-76.7747	0.7028	77.6911	0.7114	1.2e-04	0.5445
7147	-109.2971	-109.2971	-77.3341	0.7076	77.1885	0.7066	1.2e-04	0.5440
7148	-109.2878	-109.2878	-76.9151	0.7038	77.5973	0.7104	1.2e-04	0.5460
7149	-109.2990	-109.2990	-76.6563	0.7013	77.8433	0.7126	1.2e-04	0.5465
7150	-109.2660	-109.2660	-77.6087	0.7103	76.8766	0.7039	1.2e-04	0.5462
7151	-109.2715	-109.2715	-77.2770	0.7072	77.2243	0.7070	1.2e-04	0.5454
7152	-109.2740	-109.2740	-76.6059	0.7010	77.8761	0.7131	1.2e-04	0.5451
7153	-109.2623	-109.2623	-76.2673	0.6980	78.1960	0.7159	1.2e-04	0.5441
7154	-109.2919	-109.2919	-76.2085	0.6973	78.3039	0.7168	1.2e-04	0.5434
7155	-109.2815	-109.2815	-76.9430	0.7041	77.5603	0.7101	1.2e-04	0.5443
7156	-109.2534	-109.2534	-77.6122	0.7104	76.8591	0.7038	1.2e-04	0.5468
7157	-109.2783	-109.2783	-77.4510	0.7088	77.0578	0.7055	1.2e-04	0.5464
7158	-109.2848	-109.2848	-76.5455	0.7004	77.9506	0.7137	1.2e-04	0.5460
7159	-109.2917	-109.2917	-77.2428	0.7068	77.2703	0.7074	1.2e-04	0.5437
7160	-109.2590	-109.2590	-77.0421	0.7051	77.4315	0.7091	1.2e-04	0.5439
7161	-109.2633	-109.2633	-77.8260	0.7123	76.6449	0.7019	1.2e-04	0.5461
7162	-109.2923	-109.2923	-76.9930	0.7045	77.5335	0.7097	1.2e-04	0.5466
7163	-109.2770	-109.2770	-77.1586	0.7061	77.3411	0.7081	1.2e-04	0.5447
7164	-109.2787	-109.2787	-76.7412	0.7023	77.7547	0.7119	1.2e-04	0.5462
7165	-109.2675	-109.2675	-76.8504	0.7033	77.6382	0.7108	1.2e-04	0.5438
7166	-109.2967	-109.2967	-78.0952	0.7145	76.4186	0.6996	1.2e-04	0.5459
7167	-109.2839	-109.2839	-77.0098	0.7047	77.5020	0.7095	1.2e-04	0.5448
7168	-109.2777	-109.2777	-77.0657	0.7052	77.4076	0.7088	1.2e-04	0.5434
7169	-109.2692	-109.2692	-77.5402	0.7096	76.9339	0.7044	1.2e-04	0.5453
7170	-109.2966	-109.2966	-77.4060	0.7082	77.1155	0.7059	1.2e-04	0.5469
7171	-109.2746	-109.2746	-76.8332	0.7031	77.6530	0.7110	1.2e-04	0.5453
7172	-109.2782	-109.2782	-77.8364	0.7123	76.6517	0.7018	1.2e-04	0.5444
7173	-109.2688	-109.2688	-77.7482	0.7115	76.7394	0.7026	1.2e-04	0.5464
7174	-109.2658	-109.2658	-77.0215	0.7049	77.4581	0.7093	1.2e-04	0.5464
7175	-109.2708	-109.2708	-77.3616	0.7080	77.1153	0.7061	1.2e-04	0.5472
7176	-109.2816	-109.2816	-77.0522	0.7051	77.4542	0.7091	1.2e-04	0.5453
7177	-109.2638	-109.2638	-77.4921	0.7092	76.9897	0.7049	1.2e-04	0.5447
7178	-109.2694	-109.2694	-77.3325	0.7077	77.1681	0.7065	1.2e-04	0.5443
7179	-109.2773	-109.2773	-77.7492	0.7115	76.7485	0.7027	1.2e-04	0.5449
7180	-109.2825	-109.2825	-77.0379	0.7049	77.4521	0.7092	1.2e-04	0.5449
7181	-109.2795	-109.2795	-77.3107	0.7075	77.1962	0.7067	1.2e-04	0.5449
7182	-109.2886	-109.2886	-76.6763	0.7016	77.8197	0.7125	1.2e-04	0.5467
7183	-109.2882	-109.2882	-77.4536	0.7087	77.0579	0.7055	1.2e-04	0.5470
7184	-109.2693	-109.2693	-77.7829	0.7118	76.6657	0.7020	1.2e-04	0.5461
7185	-109.2846	-109.2846	-76.7848	0.7026	77.7261	0.7116	1.2e-04	0.5452
7186	-109.2921	-109.2921	-77.4705	0.7088	77.0380	0.7053	1.2e-04	0.5451
7187	-109.2879	-109.2880	-75.6155	0.6919	78.8616	0.7220	1.2e-04	0.5439
7188	-109.2876	-109.2876	-77.6543	0.7106	76.8506	0.7036	1.2e-04	0.5445
7189	-109.2888	-109.2888	-77.0754	0.7052	77.4396	0.7090	1.2e-04	0.5453
7190	-109.2647	-109.2647	-77.8462	0.7125	76.6410	0.7017	1.2e-04	0.5445
7191	-109.2725	-109.2725	-78.1350	0.7150	76.3442	0.6991	1.2e-04	0.5454
7192	-109.2903	-109.2903	-77.8884	0.7127	76.5980	0.7013	1.2e-04	0.5462
7193	-109.2767	-109.2767	-77.5492	0.7097	76.9560	0.7045	1.2e-04	0.5456
7194	-109.2847	-109.2847	-76.9634	0.7042	77.5514	0.7100	1.2e-04	0.5461
7195	-109.2705	-109.2705	-77.3967	0.7083	77.0850	0.7058	1.2e-04	0.5451
7196	-109.2754	-109.2754	-77.8003	0.7120	76.6941	0.7021	1.2e-04	0.5443
7197	-109.2699	-109.2699	-77.8138	0.7121	76.6660	0.7019	1.2e-04	0.5440
7198	-109.2706	-109.2706	-76.8035	0.7029	77.6816	0.7113	1.2e-04	0.5445
7199	-109.2780	-109.2780	-78.0945	0.7146	76.3994	0.6995	1.2e-04	0.5489
7200	-109.2828	-109.2828	-76.7745	0.7025	77.7229	0.7116	1.2e-04	0.5444
7201	-109.2723	-109.2723	-77.7508	0.7115	76.7443	0.7027	1.2e-04	0.5436
7202	-109.2743	-109.2743	-77.2243	0.7067	77.2594	0.7075	1.2e-04	0.5457
7203	-109.2650	-109.2650	-76.7143	0.7021	77.7571	0.7120	1.2e-04	0.5447
7204	-109.2814	-109.2814	-77.2930	0.7073	77.2232	0.7069	1.2e-04	0.5459
7205	-109.2829	-109.2829	-76.4926	0.7000	78.0015	0.7142	1.2e-04	0.5457
7206	-109.2668	-109.2668	-77.1693	0.7062	77.3177	0.7079	1.2e-04	0.5440
7207	-109.2895	-109.2895	-77.4031	0.7082	77.1187	0.7060	1.2e-04	0.5443
7208	-109.2885	-109.2885	-77.9644	0.7134	76.5400	0.7008	1.2e-04	0.5454
7209	-109.2833	-109.2833	-78.2301	0.7158	76.2547	0.6981	1.2e-04	0.5450
7210	-109.2789	-109.2789	-77.7671	0.7116	76.7357	0.7024	1.2e-04	0.5446
7211	-109.2908	-109.2908	-77.0890	0.7054	77.4258	0.7088	1.2e-04	0.5442
7212	-109.2774	-109.2774	-77.6005	0.7101	76.8893	0.7040	1.2e-04	0.5450
7213	-109.2821	-109.2821	-77.0934	0.7055	77.4090	0.7087	1.2e-04	0.5457
7214	-109.2838	-109.2838	-76.6378	0.7013	77.8618	0.7128	1.2e-04	0.5476
7215	-109.2852	-109.2852	-77.2812	0.7072	77.2185	0.7069	1.2e-04	0.5468
7216	-109.2664	-109.2664	-78.2930	0.7165	76.1817	0.6975	1.2e-04	0.5463
7217	-109.2642	-109.2642	-77.4751	0.7091	77.0085	0.7051	1.2e-04	0.5467
7218	-109.2612	-109.2612	-77.1930	0.7065	77.2814	0.7077	1.2e-04	0.5458
7219	-109.2644	-109.2644	-77.0169	0.7049	77.4839	0.7093	1.2e-04	0.5455
7220	-109.2701	-109.2701	-77.0696	0.7053	77.4292	0.7089	1.2e-04	0.5443
7221	-109.2976	-109.2976	-77.5347	0.7094	76.9824	0.7047	1.2e-04	0.5435
7222	-109.2712	-109.2712	-77.1694	0.7062	77.3200	0.7080	1.2e-04	0.5444
7223	-109.2677	-109.2677	-77.4651	0.7089	77.0294	0.7052	1.2e-04	0.5435
7224	-109.2885	-109.2885	-77.1814	0.7062	77.3285	0.7080	1.2e-04	0.5437
7225	-109.2933	-109.2933	-77.7512	0.7114	76.7724	0.7028	1.2e-04	0.5447
7226	-109.2849	-109.2849	-77.4042	0.7083	77.1109	0.7059	1.2e-04	0.5458
7227	-109.2829	-109.2829	-77.3035	0.7074	77.1827	0.7067	1.2e-04	0.5474
7228	-109.2802	-109.2802	-78.1002	0.7147	76.3991	0.6994	1.2e-04	0.5467
7229	-109.2759	-109.2759	-77.5771	0.7099	76.9233	0.7043	1.2e-04	0.5464
7230	-109.2777	-109.2777	-77.0591	0.7052	77.4447	0.7090	1.2e-04	0.5441
7231	-109.2760	-109.2760	-78.0176	0.7140	76.4784	0.7002	1.2e-04	0.5443
7232	-109.2877	-109.2877	-77.7464	0.7114	76.7625	0.7028	1.2e-04	0.5445
7233	-109.2817	-109.2817	-78.4332	0.7177	76.0610	0.6963	1.2e-04	0.5454
7234	-109.2643	-109.2643	-77.3189	0.7076	77.1624	0.7066	1.2e-04	0.5462
7235	-109.2720	-109.2720	-77.6575	0.7107	76.8417	0.7034	1.2e-04	0.5466
7236	-109.2834	-109.2834	-77.5463	0.7096	76.9539	0.7046	1.2e-04	0.5453
7237	-109.2723	-109.2723	-78.0697	0.7145	76.3838	0.6993	1.2e-04	0.5450
7238	-109.2841	-109.2841	-78.2575	0.7161	76.2412	0.6979	1.2e-04	0.5473
7239	-109.2846	-109.2846	-78.2967	0.7164	76.2006	0.6976	1.2e-04	0.5445
7240	-109.2791	-109.2791	-78.9471	0.7224	75.5240	0.6914	1.2e-04	0.5439
7241	-109.2670	-109.2670	-77.6632	0.7108	76.8050	0.7033	1.2e-04	0.5460
7242	-109.2917	-109.2917	-77.2499	0.7068	77.2614	0.7074	1.2e-04	0.5447
7243	-109.2737	-109.2737	-77.6062	0.7102	76.8791	0.7040	1.2e-04	0.5470
7244	-109.2780	-109.2780	-77.8493	0.7124	76.6490	0.7017	1.2e-04	0.5447
7245	-109.2817	-109.2817	-78.6581	0.7198	75.8070	0.6942	1.2e-04	0.5446
7246	-109.2754	-109.2754	-78.6872	0.7201	75.7795	0.6939	1.2e-04	0.5450
7247	-109.2725	-109.2725	-78.1127	0.7148	76.3502	0.6992	1.2e-04	0.5465
7248	-109.2876	-109.2876	-78.5640	0.7189	75.9352	0.6951	1.2e-04	0.5464
7249	-109.2809	-109.2809	-78.8035	0.7211	75.6841	0.6928	1.2e-04	0.5461
7250	-109.2846	-109.2846	-78.4063	0.7175	76.0839	0.6966	1.2e-04	0.5448
7251	-109.2874	-109.2874	-77.9744	0.7135	76.4947	0.7004	1.2e-04	0.5464
7252	-109.2486	-109.2486	-76.8348	0.7033	77.6349	0.7109	1.2e-04	0.5450
7253	-109.2639	-109.2639	-78.0787	0.7146	76.3949	0.6995	1.2e-04	0.5438
7254	-109.2824	-109.2824	-78.5950	0.7192	75.8853	0.6948	1.2e-04	0.5445
7255	-109.2685	-109.2685	-78.4724	0.7182	76.0013	0.6959	1.2e-04	0.5457
7256	-109.2932	-109.2932	-78.2090	0.7156	76.2894	0.6985	1.2e-04	0.5464
7257	-109.2802	-109.2802	-77.8874	0.7127	76.6215	0.7014	1.2e-04	0.5449
7258	-109.2833	-109.2833	-77.9598	0.7134	76.5522	0.7008	1.2e-04	0.5442
7259	-109.2772	-109.2772	-77.9463	0.7133	76.5503	0.7009	1.2e-04	0.5442
7260	-109.2807	-109.2807	-77.4941	0.7091	77.0045	0.7051	1.2e-04	0.5459
7261	-109.2810	-109.2810	-78.0760	0.7145	76.4139	0.6996	1.2e-04	0.5450
7262	-109.3015	-109.3015	-77.5696	0.7097	76.9565	0.7045	1.2e-04	0.5458
7263	-109.2774	-109.2774	-79.0650	0.7235	75.3948	0.6903	1.2e-04	0.5485
7264	-109.2646	-109.2646	-78.5897	0.7193	75.8508	0.6945	1.2e-04	0.5457
7265	-109.2747	-109.2747	-78.0873	0.7146	76.4020	0.6995	1.2e-04	0.5479
7266	-109.2573	-109.2573	-77.9166	0.7131	76.5472	0.7010	1.2e-04	0.5455
7267	-109.2842	-109.2842	-77.8775	0.7126	76.5903	0.7013	1.2e-04	0.5456
7268	-109.2882	-109.2882	-78.0641	0.7143	76.4268	0.6997	1.2e-04	0.5441
7269	-109.2858	-109.2858	-78.2234	0.7158	76.2697	0.6983	1.2e-04	0.5444
7270	-109.2613	-109.2613	-77.8512	0.7125	76.6256	0.7016	1.2e-04	0.5452
7271	-109.2946	-109.2946	-78.6200	0.7193	75.8810	0.6946	1.2e-04	0.5472
7272	-109.2901	-109.2901	-78.2149	0.7157	76.2829	0.6984	1.2e-04	0.5435
7273	-109.2766	-109.2766	-78.7686	0.7208	75.6953	0.6931	1.2e-04	0.5446
7274	-109.2835	-109.2835	-77.2490	0.7069	77.2530	0.7073	1.2e-04	0.5460
7275	-109.2708	-109.2708	-77.7215	0.7113	76.7724	0.7029	1.2e-04	0.5443
7276	-109.2786	-109.2786	-78.0022	0.7138	76.4921	0.7003	1.2e-04	0.5466
7277	-109.2859	-109.2859	-77.4054	0.7083	77.1054	0.7059	1.2e-04	0.5449
7278	-109.2794	-109.2794	-77.1450	0.7059	77.3485	0.7081	1.2e-04	0.5450
7279	-109.2809	-109.2809	-78.8362	0.7214	75.6349	0.6925	1.2e-04	0.5451
7280	-109.2798	-109.2798	-78.0171	0.7139	76.4754	0.7001	1.2e-04	0.5441
7281	-109.2577	-109.2577	-77.6930	0.7111	76.7856	0.7031	1.2e-04	0.5445
7282	-109.2846	-109.2846	-78.3952	0.7173	76.0791	0.6964	1.2e-04	0.5455
7283	-109.2675	-109.2675	-78.3025	0.7166	76.1824	0.6975	1.2e-04	0.5440
7284	-109.2832	-109.2832	-79.0031	0.7229	75.4730	0.6909	1.2e-04	0.5449
7285	-109.2738	-109.2738	-78.1737	0.7154	76.2885	0.6986	1.2e-04	0.5455
7286	-109.2846	-109.2846	-78.5253	0.7185	75.9691	0.6955	1.2e-04	0.5472
7287	-109.2806	-109.2806	-78.7456	0.7206	75.7240	0.6933	1.2e-04	0.5463
7288	-109.2897	-109.2897	-77.6652	0.7106	76.8374	0.7034	1.2e-04	0.5464
7289	-109.2836	-109.2836	-78.4824	0.7182	76.0069	0.6958	1.2e-04	0.5469
7290	-109.2736	-109.2736	-77.5765	0.7099	76.9184	0.7042	1.2e-04	0.5468
7291	-109.2673	-109.2673	-78.1495	0.7152	76.3391	0.6989	1.2e-04	0.5450
7292	-109.2658	-109.2658	-77.9710	0.7136	76.4969	0.7004	1.2e-04	0.5450
7293	-109.2894	-109.2894	-78.2543	0.7160	76.2322	0.6979	1.2e-04	0.5445
7294	-109.3033	-109.3033	-78.2332	0.7157	76.2797	0.6984	1.2e-04	0.5457
7295	-109.2711	-109.2711	-79.1816	0.7246	75.2650	0.6891	1.2e-04	0.5468
7296	-109.2783	-109.2783	-78.6015	0.7193	75.8889	0.6947	1.2e-04	0.5463
7297	-109.2853	-109.2853	-79.8970	0.7311	74.5239	0.6823	1.2e-04	0.5450
7298	-109.2793	-109.2793	-77.9780	0.7136	76.4887	0.7003	1.2e-04	0.5437
7299	-109.2634	-109.2634	-79.8042	0.7304	74.5959	0.6830	1.2e-04	0.5445
7300	-109.2655	-109.2655	-78.6567	0.7199	75.8029	0.6941	1.2e-04	0.5463
7301	-109.2516	-109.2516	-79.5517	0.7282	74.8310	0.6852	1.2e-04	0.5438
7302	-109.2765	-109.2765	-78.8369	0.7214	75.6335	0.6925	1.2e-04	0.5468
7303	-109.2754	-109.2754	-79.0256	0.7232	75.4307	0.6906	1.2e-04	0.5472
7304	-109.2953	-109.2953	-78.9969	0.7228	75.4886	0.6911	1.2e-04	0.5457
7305	-109.2769	-109.2769	-78.6681	0.7199	75.8127	0.6941	1.2e-04	0.5453
7306	-109.2774	-109.2774	-78.0474	0.7142	76.4179	0.6997	1.2e-04	0.5432
7307	-109.2813	-109.2813	-78.9152	0.7221	75.5597	0.6917	1.2e-04	0.5447
7308	-109.2577	-109.2577	-78.3024	0.7167	76.1605	0.6974	1.2e-04	0.5468
7309	-109.2951	-109.2951	-77.8162	0.7120	76.7058	0.7022	1.2e-04	0.5438
7310	-109.2783	-109.2783	-78.8942	0.7220	75.5691	0.6919	1.2e-04	0.5446
7311	-109.2746	-109.2746	-78.9655	0.7226	75.4874	0.6911	1.2e-04	0.5450
7312	-109.2831	-109.2831	-79.6207	0.7286	74.8091	0.6849	1.2e-04	0.5459
7313	-109.2700	-109.2700	-79.0828	0.7237	75.3694	0.6900	1.2e-04	0.5464
7314	-109.2982	-109.2982	-77.9943	0.7136	76.5266	0.7005	1.2e-04	0.5439
7315	-109.2998	-109.2998	-78.6197	0.7193	75.8616	0.6945	1.2e-04	0.5453
7316	-109.2832	-109.2832	-79.6342	0.7287	74.8084	0.6848	1.2e-04	0.5463
7317	-109.2765	-109.2765	-79.4744	0.7273	74.9580	0.6863	1.2e-04	0.5444
7318	-109.2867	-109.2867	-79.4599	0.7271	74.9539	0.6862	1.2e-04	0.5438
7319	-109.2648	-109.2648	-79.5470	0.7280	74.8638	0.6855	1.2e-04	0.5447
7320	-109.2776	-109.2776	-78.4357	0.7178	76.0338	0.6961	1.2e-04	0.5468
7321	-109.2589	-109.2589	-78.8754	0.7219	75.5584	0.6919	1.2e-04	0.5458
7322	-109.2746	-109.2746	-79.2861	0.7256	75.1586	0.6881	1.2e-04	0.5451
7323	-109.2823	-109.2823	-79.2604	0.7253	75.2010	0.6884	1.2e-04	0.5435
7324	-109.2840	-109.2840	-78.4453	0.7178	76.0458	0.6962	1.2e-04	0.5447
7325	-109.2868	-109.2868	-78.6490	0.7197	75.8330	0.6943	1.2e-04	0.5454
7326	-109.2961	-109.2961	-78.7202	0.7202	75.7818	0.6937	1.2e-04	0.5462
7327	-109.2748	-109.2748	-78.5626	0.7189	75.9214	0.6950	1.2e-04	0.5450
7328	-109.2569	-109.2569	-79.1843	0.7248	75.2441	0.6890	1.2e-04	0.5454
7329	-109.2745	-109.2745	-79.3440	0.7261	75.0829	0.6874	1.2e-04	0.5457
7330	-109.2891	-109.2891	-79.4841	0.7273	74.9557	0.6862	1.2e-04	0.5448
7331	-109.3062	-109.3062	-77.9587	0.7132	76.5789	0.7009	1.2e-04	0.5443
7332	-109.2695	-109.2695	-79.4213	0.7268	75.0048	0.6868	1.2e-04	0.5442
7333	-109.2705	-109.2705	-78.9253	0.7223	75.5197	0.6915	1.2e-04	0.5463
7334	-109.2727	-109.2727	-79.3131	0.7258	75.1249	0.6878	1.2e-04	0.5473
7335	-109.2610	-109.2610	-79.5260	0.7279	74.8841	0.6857	1.2e-04	0.5464
7336	-109.2879	-109.2879	-78.9792	0.7227	75.4944	0.6911	1.2e-04	0.5455
7337	-109.2863	-109.2863	-79.4583	0.7271	74.9856	0.6865	1.2e-04	0.5462
7338	-109.2865	-109.2865	-78.9277	0.7222	75.5514	0.6917	1.2e-04	0.5436
7339	-109.2697	-109.2697	-78.5765	0.7191	75.8887	0.6949	1.2e-04	0.5441
7340	-109.2835	-109.2835	-79.3095	0.7257	75.1316	0.6879	1.2e-04	0.5455
7341	-109.2616	-109.2616	-79.7460	0.7299	74.6561	0.6836	1.2e-04	0.5470
7342	-109.2843	-109.2843	-78.5748	0.7190	75.9101	0.6950	1.2e-04	0.5466
7343	-109.2730	-109.2730	-79.1742	0.7246	75.2634	0.6892	1.2e-04	0.5473
7344	-109.2875	-109.2875	-79.5014	0.7275	74.9449	0.6861	1.2e-04	0.5458
7345	-109.2975	-109.2975	-79.5048	0.7274	74.9584	0.6862	1.2e-04	0.5445
7346	-109.2814	-109.2814	-79.9351	0.7315	74.4603	0.6817	1.2e-04	0.5443
7347	-109.2820	-109.2820	-79.4940	0.7274	74.9459	0.6862	1.2e-04	0.5452
7348	-109.2582	-109.2582	-79.2032	0.7249	75.1594	0.6882	1.2e-04	0.5455
7349	-109.2782	-109.2782	-79.8682	0.7309	74.5281	0.6824	1.2e-04	0.5434
7350	-109.2727	-109.2727	-79.9864	0.7320	74.4160	0.6813	1.2e-04	0.5465
7351	-109.2904	-109.2904	-79.9054	0.7311	74.5102	0.6822	1.2e-04	0.5435
7352	-109.2803	-109.2803	-79.6998	0.7293	74.7328	0.6842	1.2e-04	0.5446
7353	-109.3044	-109.3044	-78.7260	0.7202	75.7654	0.6935	1.2e-04	0.5469
7354	-109.2864	-109.2864	-79.3900	0.7264	75.0566	0.6871	1.2e-04	0.5460
7355	-109.2969	-109.2969	-79.5713	0.7280	74.8730	0.6854	1.2e-04	0.5445
7356	-109.2770	-109.2770	-79.6525	0.7289	74.7684	0.6845	1.2e-04	0.5455
7357	-109.2727	-109.2727	-78.7187	0.7204	75.7126	0.6933	1.2e-04	0.5470
7358	-109.2778	-109.2778	-79.9372	0.7315	74.4714	0.6818	1.2e-04	0.5466
7359	-109.2787	-109.2787	-78.3860	0.7173	76.1037	0.6967	1.2e-04	0.5477
7360	-109.2855	-109.2855	-79.2867	0.7255	75.1650	0.6882	1.2e-04	0.5459
7361	-109.2612	-109.2612	-79.6355	0.7289	74.7376	0.6844	1.2e-04	0.5456
7362	-109.2756	-109.2756	-79.8358	0.7306	74.5743	0.6828	1.2e-04	0.5437
7363	-109.2706	-109.2706	-79.3979	0.7266	75.0375	0.6870	1.2e-04	0.5441
7364	-109.2836	-109.2836	-79.0765	0.7236	75.3763	0.6901	1.2e-04	0.5438
7365	-109.2706	-109.2706	-78.9489	0.7225	75.4806	0.6911	1.2e-04	0.5448
7366	-109.2896	-109.2896	-79.0494	0.7233	75.4261	0.6905	1.2e-04	0.5467
7367	-109.2816	-109.2816	-79.6480	0.7288	74.7768	0.6846	1.2e-04	0.5464
7368	-109.2768	-109.2768	-78.6017	0.7193	75.8516	0.6945	1.2e-04	0.5446
7369	-109.2706	-109.2706	-79.1834	0.7247	75.2581	0.6890	1.2e-04	0.5445
7370	-109.2888	-109.2888	-79.6249	0.7286	74.8129	0.6850	1.2e-04	0.5456
7371	-109.2857	-109.2857	-78.8529	0.7215	75.6428	0.6924	1.2e-04	0.5446
7372	-109.2896	-109.2896	-79.9415	0.7315	74.4748	0.6818	1.2e-04	0.5438
7373	-109.2815	-109.2815	-79.1022	0.7238	75.3532	0.6899	1.2e-04	0.5452
7374	-109.2762	-109.2762	-80.1425	0.7334	74.2297	0.6796	1.2e-04	0.5461
7375	-109.2712	-109.2712	-78.4757	0.7182	75.9988	0.6959	1.2e-04	0.5465
7376	-109.2657	-109.2657	-79.6903	0.7293	74.7139	0.6841	1.2e-04	0.5467
7377	-109.2916	-109.2916	-78.6858	0.7200	75.8129	0.6940	1.2e-04	0.5463
7378	-109.2908	-109.2908	-79.1563	0.7243	75.3100	0.6894	1.2e-04	0.5436
7379	-109.2739	-109.2739	-78.6303	0.7196	75.8439	0.6944	1.2e-04	0.5442
7380	-109.2765	-109.2765	-78.7396	0.7206	75.7298	0.6934	1.2e-04	0.5454
7381	-109.2853	-109.2853	-79.5820	0.7282	74.8417	0.6853	1.2e-04	0.5461
7382	-109.2787	-109.2787	-79.6653	0.7290	74.7643	0.6844	1.2e-04	0.5475
7383	-109.2674	-109.2674	-79.3555	0.7263	75.0734	0.6874	1.2e-04	0.5446
7384	-109.2836	-109.2836	-79.2503	0.7252	75.1997	0.6885	1.2e-04	0.5446
7385	-109.2942	-109.2942	-78.8395	0.7214	75.6246	0.6923	1.2e-04	0.5474
7386	-109.2715	-109.2715	-78.6433	0.7197	75.8251	0.6942	1.2e-04	0.5438
7387	-109.2829	-109.2829	-79.1398	0.7242	75.2829	0.6893	1.2e-04	0.5454
7388	-109.2716	-109.2716	-79.6756	0.7292	74.7321	0.6843	1.2e-04	0.5455
7389	-109.2656	-109.2656	-80.0306	0.7324	74.3401	0.6808	1.2e-04	0.5446
7390	-109.2694	-109.2694	-78.9369	0.7224	75.5245	0.6915	1.2e-04	0.5462
7391	-109.2506	-109.2506	-78.8960	0.7222	75.4778	0.6911	1.2e-04	0.5449
7392	-109.2806	-109.2806	-79.6956	0.7293	74.7192	0.6842	1.2e-04	0.5445
7393	-109.2404	-109.2404	-78.6091	0.7196	75.8086	0.6942	1.2e-04	0.5458
7394	-109.2702	-109.2702	-78.2390	0.7160	76.2180	0.6979	1.2e-04	0.5468
7395	-109.2902	-109.2902	-79.1547	0.7243	75.3153	0.6895	1.2e-04	0.5455
7396	-109.2883	-109.2883	-78.7474	0.7205	75.7409	0.6934	1.2e-04	0.5448
7397	-109.2803	-109.2803	-79.3995	0.7266	75.0162	0.6868	1.2e-04	0.5442
7398	-109.2973	-109.2973	-78.3658	0.7170	76.1390	0.6970	1.2e-04	0.5447
7399	-109.2556	-109.2556	-79.0824	0.7238	75.3409	0.6898	1.2e-04	0.5461
7400	-109.2741	-109.2741	-79.3484	0.7261	75.0885	0.6875	1.2e-04	0.5469
7401	-109.2955	-109.2955	-78.5667	0.7188	75.9525	0.6951	1.2e-04	0.5435
7402	-109.2652	-109.2652	-79.3921	0.7266	75.0440	0.6871	1.2e-04	0.5454
7403	-109.2590	-109.2590	-78.7154	0.7204	75.7217	0.6934	1.2e-04	0.5468
7404	-109.2781	-109.2781	-78.8552	0.7216	75.6054	0.6922	1.2e-04	0.5463
7405	-109.3024	-109.3024	-78.3004	0.7164	76.2214	0.6977	1.2e-04	0.5455
7406	-109.2900	-109.2900	-78.9023	0.7220	75.5849	0.6919	1.2e-04	0.5445
7407	-109.2795	-109.2795	-78.8356	0.7214	75.6332	0.6925	1.2e-04	0.5448
7408	-109.2956	-109.2956	-78.8843	0.7218	75.6117	0.6921	1.2e-04	0.5446
7409	-109.2924	-109.2924	-79.2610	0.7252	75.2136	0.6885	1.2e-04	0.5449
7410	-109.2934	-109.2934	-79.1493	0.7242	75.3263	0.6896	1.2e-04	0.5470
7411	-109.2691	-109.2691	-78.9792	0.7228	75.4555	0.6908	1.2e-04	0.5469
7412	-109.2957	-109.2957	-78.3281	0.7167	76.1839	0.6974	1.2e-04	0.5485
7413	-109.2824	-109.2824	-78.6280	0.7195	75.8238	0.6942	1.2e-04	0.5457
7414	-109.2741	-109.2741	-79.0886	0.7238	75.3661	0.6900	1.2e-04	0.5464
7415	-109.2725	-109.2725	-79.4762	0.7273	74.9512	0.6863	1.2e-04	0.5470
7416	-109.2793	-109.2793	-79.6216	0.7286	74.7850	0.6847	1.2e-04	0.5443
7417	-109.2651	-109.2651	-78.9038	0.7221	75.5540	0.6918	1.2e-04	0.5450
7418	-109.2722	-109.2722	-79.4676	0.7272	74.9662	0.6863	1.2e-04	0.5464
7419	-109.2884	-109.2884	-78.0037	0.7137	76.5151	0.7004	1.2e-04	0.5462
7420	-109.2867	-109.2867	-79.0111	0.7230	75.4609	0.6909	1.2e-04	0.5440
7421	-109.2815	-109.2815	-78.6438	0.7196	75.8405	0.6943	1.2e-04	0.5443
7422	-109.2631	-109.2631	-79.1959	0.7248	75.2275	0.6889	1.2e-04	0.5468
7423	-109.2976	-109.2976	-79.4271	0.7267	75.0461	0.6869	1.2e-04	0.5434
7424	-109.2892	-109.2892	-79.4722	0.7272	74.9835	0.6864	1.2e-04	0.5440
7425	-109.3009	-109.3009	-78.7058	0.7201	75.7883	0.6938	1.2e-04	0.5444
7426	-109.2803	-109.2803	-78.7974	0.7211	75.6853	0.6929	1.2e-04	0.5449
7427	-109.2818	-109.2818	-78.8186	0.7212	75.6529	0.6926	1.2e-04	0.5458
7428	-109.2893	-109.2893	-78.8710	0.7217	75.6045	0.6922	1.2e-04	0.5448
7429	-109.2651	-109.2651	-78.4212	0.7177	76.0558	0.6963	1.2e-04	0.5444
7430	-109.2863	-109.2863	-79.6635	0.7289	74.7742	0.6846	1.2e-04	0.5466
7431	-109.2623	-109.2623	-80.2882	0.7348	74.0706	0.6783	1.2e-04	0.5447
7432	-109.3016	-109.3016	-79.6265	0.7285	74.8295	0.6850	1.2e-04	0.5444
7433	-109.2732	-109.2732	-79.1222	0.7241	75.3287	0.6897	1.2e-04	0.5463
7434	-109.2810	-109.2810	-80.1896	0.7338	74.1895	0.6793	1.2e-04	0.5464
7435	-109.2839	-109.2839	-79.3288	0.7259	75.1281	0.6878	1.2e-04	0.5464
7436	-109.2760	-109.2760	-79.1725	0.7245	75.2801	0.6892	1.2e-04	0.5453
7437	-109.2975	-109.2975	-79.1126	0.7238	75.3576	0.6899	1.2e-04	0.5448
7438	-109.2862	-109.2862	-79.6326	0.7287	74.8033	0.6848	1.2e-04	0.5438
7439	-109.2735	-109.2735	-79.8453	0.7307	74.5628	0.6827	1.2e-04	0.5445
7440	-109.2744	-109.2744	-79.6255	0.7287	74.7978	0.6848	1.2e-04	0.5442
7441	-109.3048	-109.3048	-78.3557	0.7169	76.1448	0.6971	1.2e-04	0.5472
7442	-109.2789	-109.2789	-78.7872	0.7210	75.6910	0.6930	1.2e-04	0.5453
7443	-109.2786	-109.2786	-78.7313	0.7205	75.7287	0.6933	1.2e-04	0.5467
7444	-109.2664	-109.2664	-79.3142	0.7259	75.1119	0.6878	1.2e-04	0.5448
7445	-109.2713	-109.2713	-79.6801	0.7292	74.7389	0.6843	1.2e-04	0.5452
7446	-109.2812	-109.2812	-79.1305	0.7241	75.2620	0.6891	1.2e-04	0.5449
7447	-109.2752	-109.2752	-79.2159	0.7249	75.2464	0.6888	1.2e-04	0.5460
7448	-109.2838	-109.2838	-79.9011	0.7311	74.5003	0.6821	1.2e-04	0.5445
7449	-109.2749	-109.2749	-79.7552	0.7299	74.6528	0.6836	1.2e-04	0.5459
7450	-109.2620	-109.2620	-78.6282	0.7196	75.8132	0.6941	1.2e-04	0.5469
7451	-109.2952	-109.2952	-79.7080	0.7293	74.7509	0.6842	1.2e-04	0.5469
7452	-109.2854	-109.2854	-78.1632	0.7152	76.3467	0.6989	1.2e-04	0.5472
7453	-109.2752	-109.2752	-78.9267	0.7223	75.5407	0.6916	1.2e-04	0.5453
7454	-109.2603	-109.2603	-79.1167	0.7241	75.3192	0.6897	1.2e-04	0.5454
7455	-109.2997	-109.2997	-78.5255	0.7184	75.9843	0.6956	1.2e-04	0.5439
7456	-109.2701	-109.2701	-79.4470	0.7271	74.9767	0.6864	1.2e-04	0.5446
7457	-109.2864	-109.2864	-79.0464	0.7233	75.4139	0.6905	1.2e-04	0.5467
7458	-109.2720	-109.2720	-78.6617	0.7199	75.8165	0.6941	1.2e-04	0.5462
7459	-109.2634	-109.2634	-79.5141	0.7277	74.8839	0.6857	1.2e-04	0.5450
7460	-109.2746	-109.2746	-78.7501	0.7207	75.7219	0.6932	1.2e-04	0.5461
7461	-109.2660	-109.2660	-79.1063	0.7240	75.3296	0.6898	1.2e-04	0.5452
7462	-109.2919	-109.2919	-79.7683	0.7299	74.6374	0.6832	1.2e-04	0.5448
7463	-109.2886	-109.2886	-79.7883	0.7301	74.6493	0.6833	1.2e-04	0.5467
7464	-109.2710	-109.2710	-79.0484	0.7234	75.4036	0.6903	1.2e-04	0.5460
7465	-109.2696	-109.2696	-78.9294	0.7223	75.5403	0.6915	1.2e-04	0.5447
7466	-109.2787	-109.2787	-79.0329	0.7232	75.4376	0.6906	1.2e-04	0.5448
7467	-109.2547	-109.2547	-79.8255	0.7306	74.5562	0.6827	1.2e-04	0.5450
7468	-109.2846	-109.2846	-79.7244	0.7295	74.7034	0.6840	1.2e-04	0.5468
7469	-109.2841	-109.2841	-79.7234	0.7295	74.7122	0.6840	1.2e-04	0.5467
7470	-109.2635	-109.2635	-80.3182	0.7351	74.0335	0.6779	1.2e-04	0.5466
7471	-109.2770	-109.2770	-79.6949	0.7293	74.7245	0.6841	1.2e-04	0.5464
7472	-109.2799	-109.2799	-78.8765	0.7218	75.5593	0.6919	1.2e-04	0.5463
7473	-109.2922	-109.2922	-80.8185	0.7395	73.5078	0.6729	1.2e-04	0.5454
7474	-109.2824	-109.2824	-78.7736	0.7208	75.7022	0.6931	1.2e-04	0.5442
7475	-109.2712	-109.2712	-78.8285	0.7214	75.6267	0.6924	1.2e-04	0.5446
7476	-109.2835	-109.2835	-79.2789	0.7254	75.1773	0.6883	1.2e-04	0.5460
7477	-109.3214	-109.3214	-79.5430	0.7276	74.9522	0.6860	1.2e-04	0.5474
7478	-109.2955	-109.2955	-79.3145	0.7257	75.1518	0.6879	1.2e-04	0.5458
7479	-109.2707	-109.2707	-79.5725	0.7282	74.8546	0.6853	1.2e-04	0.5462
7480	-109.2836	-109.2836	-79.0180	0.7231	75.4473	0.6907	1.2e-04	0.5451
7481	-109.2882	-109.2882	-80.1337	0.7332	74.2707	0.6799	1.2e-04	0.5448
7482	-109.2805	-109.2805	-78.8104	0.7212	75.6705	0.6927	1.2e-04	0.5445
7483	-109.2764	-109.2764	-79.0453	0.7234	75.4015	0.6904	1.2e-04	0.5442
7484	-109.2903	-109.2903	-79.1119	0.7239	75.3644	0.6899	1.2e-04	0.5454
7485	-109.2620	-109.2620	-79.4307	0.7270	74.9713	0.6865	1.2e-04	0.5459
7486	-109.2798	-109.2798	-79.7501	0.7298	74.6705	0.6837	1.2e-04	0.5461
7487	-109.2822	-109.2822	-79.8958	0.7311	74.5177	0.6822	1.2e-04	0.5470
7488	-109.2926	-109.2926	-79.3545	0.7261	75.1083	0.6876	1.2e-04	0.5466
7489	-109.2573	-109.2573	-79.3905	0.7266	75.0239	0.6870	1.2e-04	0.5457
7490	-109.2633	-109.2633	-79.3120	0.7259	75.1169	0.6878	1.2e-04	0.5445
7491	-109.2881	-109.2881	-78.9574	0.7225	75.4989	0.6912	1.2e-04	0.5453
7492	-109.2735	-109.2735	-78.8397	0.7215	75.6332	0.6924	1.2e-04	0.5472
7493	-109.2937	-109.2937	-79.6997	0.7292	74.7337	0.6842	1.2e-04	0.5463
7494	-109.2745	-109.2745	-78.7745	0.7209	75.6883	0.6930	1.2e-04	0.5468
7495	-109.2888	-109.2888	-78.0401	0.7141	76.4340	0.6997	1.2e-04	0.5450
7496	-109.2808	-109.2808	-79.3349	0.7260	75.1171	0.6877	1.2e-04	0.5445
7497	-109.2943	-109.2943	-78.9346	0.7222	75.5526	0.6917	1.2e-04	0.5463
7498	-109.2607	-109.2607	-79.4589	0.7272	74.9612	0.6863	1.2e-04	0.5453
7499	-109.2745	-109.2745	-80.2854	0.7347	74.0726	0.6782	1.2e-04	0.5447
7500	-109.2942	-109.2942	-79.4212	0.7267	75.0384	0.6869	1.2e-04	0.5461
7501	-109.2831	-109.2831	-80.6890	0.7383	73.6469	0.6744	1.2e-04	0.5440
7502	-109.2703	-109.2703	-79.6794	0.7292	74.7346	0.6842	1.2e-04	0.5453
7503	-109.2909	-109.2909	-80.6282	0.7377	73.7436	0.6751	1.2e-04	0.5442
7504	-109.2847	-109.2847	-78.9054	0.7220	75.5499	0.6916	1.2e-04	0.5467
7505	-109.3055	-109.3055	-79.5087	0.7274	74.9538	0.6861	1.2e-04	0.5455
7506	-109.2801	-109.2801	-79.1633	0.7244	75.3091	0.6894	1.2e-04	0.5445
7507	-109.2793	-109.2793	-79.4948	0.7274	74.9289	0.6860	1.2e-04	0.5442
7508	-109.2822	-109.2822	-79.5370	0.7278	74.9083	0.6858	1.2e-04	0.5461
7509	-109.2988	-109.2988	-79.9138	0.7312	74.5177	0.6822	1.2e-04	0.5470
7510	-109.2937	-109.2937	-79.3299	0.7258	75.1359	0.6878	1.2e-04	0.5471
7511	-109.2682	-109.2682	-79.9850	0.7320	74.4088	0.6813	1.2e-04	0.5471
7512	-109.2914	-109.2914	-80.1207	0.7331	74.2929	0.6801	1.2e-04	0.5457
7513	-109.2883	-109.2883	-79.5370	0.7278	74.9091	0.6857	1.2e-04	0.5454
7514	-109.2784	-109.2784	-79.5565	0.7280	74.8866	0.6855	1.2e-04	0.5448
7515	-109.2844	-109.2844	-79.2812	0.7255	75.1763	0.6883	1.2e-04	0.5445
7516	-109.2891	-109.2891	-80.3973	0.7356	73.9902	0.6774	1.2e-04	0.5450
7517	-109.2895	-109.2895	-80.4135	0.7358	73.9690	0.6771	1.2e-04	0.5464
7518	-109.2770	-109.2770	-79.3705	0.7263	75.0898	0.6873	1.2e-04	0.5481
7519	-109.2874	-109.2874	-79.9153	0.7312	74.4988	0.6821	1.2e-04	0.5456
7520	-109.3014	-109.3014	-79.3949	0.7264	75.0798	0.6873	1.2e-04	0.5458
7521	-109.2695	-109.2695	-79.9950	0.7321	74.3608	0.6808	1.2e-04	0.5461
7522	-109.2818	-109.2818	-80.3745	0.7355	73.9942	0.6773	1.2e-04	0.5444
7523	-109.2655	-109.2655	-80.4550	0.7363	73.8959	0.6766	1.2e-04	0.5462
7524	-109.2859	-109.2859	-80.1967	0.7338	74.1948	0.6793	1.2e-04	0.5444
7525	-109.2932	-109.2932	-80.4461	0.7361	73.9316	0.6768	1.2e-04	0.5461
7526	-109.2986	-109.2986	-79.7273	0.7294	74.7268	0.6840	1.2e-04	0.5474
7527	-109.2793	-109.2793	-80.2497	0.7344	74.1166	0.6786	1.2e-04	0.5466
7528	-109.2748	-109.2748	-80.3027	0.7349	74.0737	0.6782	1.2e-04	0.5461
7529	-109.2678	-109.2678	-79.6051	0.7285	74.8023	0.6849	1.2e-04	0.5439
7530	-109.2830	-109.2830	-79.8732	0.7309	74.5455	0.6825	1.2e-04	0.5445
7531	-109.2908	-109.2908	-80.6345	0.7378	73.7199	0.6750	1.2e-04	0.5448
7532	-109.2945	-109.2945	-80.4712	0.7363	73.9156	0.6767	1.2e-04	0.5471
7533	-109.2873	-109.2873	-79.8368	0.7305	74.5865	0.6828	1.2e-04	0.5452
7534	-109.2786	-109.2786	-79.1456	0.7243	75.3067	0.6895	1.2e-04	0.5438
7535	-109.2928	-109.2928	-79.7463	0.7297	74.7026	0.6838	1.2e-04	0.5468
7536	-109.2872	-109.2872	-79.6509	0.7288	74.7762	0.6847	1.2e-04	0.5448
7537	-109.2581	-109.2581	-80.3786	0.7357	73.9721	0.6773	1.2e-04	0.5448
7538	-109.3055	-109.3055	-80.4254	0.7358	73.9693	0.6771	1.2e-04	0.5458
7539	-109.2786	-109.2786	-80.6511	0.7380	73.6999	0.6748	1.2e-04	0.5442
7540	-109.2685	-109.2685	-79.5373	0.7279	74.8524	0.6854	1.2e-04	0.5448
7541	-109.2515	-109.2515	-81.0227	0.7416	73.2214	0.6705	1.2e-04	0.5465
7542	-109.2708	-109.2708	-80.3749	0.7356	73.9775	0.6773	1.2e-04	0.5467
7543	-109.2838	-109.2838	-81.1209	0.7423	73.1855	0.6701	1.2e-04	0.5445
7544	-109.2984	-109.2984	-79.8987	0.7310	74.5364	0.6824	1.2e-04	0.5445
7545	-109.2932	-109.2932	-79.7619	0.7298	74.6788	0.6837	1.2e-04	0.5451
7546	-109.2819	-109.2819	-80.1804	0.7337	74.1935	0.6793	1.2e-04	0.5466
7547	-109.2913	-109.2913	-80.9254	0.7405	73.4129	0.6721	1.2e-04	0.5467
7548	-109.2953	-109.2953	-80.8649	0.7399	73.4933	0.6727	1.2e-04	0.5459
7549	-109.2950	-109.2950	-79.7735	0.7299	74.6699	0.6836	1.2e-04	0.5455
7550	-109.2830	-109.2830	-79.1773	0.7245	75.2750	0.6892	1.2e-04	0.5452
7551	-109.2919	-109.2919	-80.2413	0.7342	74.1683	0.6789	1.2e-04	0.5448
7552	-109.2916	-109.2916	-79.8459	0.7306	74.5742	0.6828	1.2e-04	0.5439
7553	-109.2596	-109.2596	-80.6418	0.7381	73.6753	0.6746	1.2e-04	0.5458
7554	-109.2776	-109.2776	-80.9204	0.7405	73.4104	0.6721	1.2e-04	0.5466
7555	-109.2778	-109.2778	-79.3166	0.7258	75.1322	0.6879	1.2e-04	0.5460
7556	-109.2596	-109.2596	-81.1778	0.7430	73.0969	0.6693	1.2e-04	0.5451
7557	-109.2902	-109.2902	-80.7302	0.7387	73.6363	0.6741	1.2e-04	0.5449
7558	-109.2675	-109.2675	-80.3683	0.7355	73.9860	0.6775	1.2e-04	0.5463
7559	-109.2710	-109.2710	-80.6871	0.7384	73.6304	0.6742	1.2e-04	0.5442
7560	-109.2707	-109.2707	-80.3258	0.7351	74.0435	0.6779	1.2e-04	0.5435
7561	-109.2910	-109.2910	-79.7992	0.7302	74.6388	0.6833	1.2e-04	0.5446
7562	-109.2721	-109.2721	-79.5033	0.7276	74.9243	0.6860	1.2e-04	0.5461
7563	-109.2980	-109.2980	-79.5274	0.7276	74.9030	0.6858	1.2e-04	0.5465
7564	-109.2808	-109.2808	-80.4794	0.7364	73.8827	0.6765	1.2e-04	0.5457
7565	-109.2709	-109.2709	-79.4727	0.7273	74.9605	0.6863	1.2e-04	0.5452
7566	-109.2861	-109.2861	-79.6219	0.7286	74.8191	0.6849	1.2e-04	0.5469
7567	-109.2736	-109.2736	-79.4505	0.7271	74.9754	0.6865	1.2e-04	0.5445
7568	-109.2881	-109.2881	-79.4114	0.7266	75.0397	0.6870	1.2e-04	0.5456
7569	-109.3054	-109.3054	-80.1494	0.7333	74.2612	0.6799	1.2e-04	0.5459
7570	-109.2965	-109.2965	-80.3850	0.7355	73.9989	0.6775	1.2e-04	0.5460
7571	-109.2756	-109.2756	-80.9407	0.7407	73.3754	0.6718	1.2e-04	0.5444
7572	-109.2614	-109.2614	-79.5584	0.7281	74.8478	0.6853	1.2e-04	0.5449
7573	-109.2687	-109.2687	-79.9234	0.7314	74.4764	0.6819	1.2e-04	0.5462
7574	-109.2771	-109.2771	-80.3426	0.7352	74.0140	0.6776	1.2e-04	0.5444
7575	-109.2809	-109.2809	-79.3035	0.7257	75.1496	0.6880	1.2e-04	0.5442
7576	-109.2700	-109.2700	-79.7827	0.7301	74.6243	0.6833	1.2e-04	0.5458
7577	-109.2758	-109.2758	-79.3975	0.7266	75.0389	0.6871	1.2e-04	0.5453
7578	-109.2729	-109.2729	-79.6894	0.7293	74.7085	0.6840	1.2e-04	0.5444
7579	-109.2854	-109.2854	-80.9359	0.7406	73.3462	0.6716	1.2e-04	0.5446
7580	-109.2959	-109.2959	-80.3239	0.7349	74.0775	0.6781	1.2e-04	0.5472
7581	-109.2688	-109.2688	-80.7117	0.7387	73.6190	0.6741	1.2e-04	0.5465
7582	-109.2869	-109.2869	-80.3242	0.7350	74.0642	0.6780	1.2e-04	0.5467
7583	-109.2779	-109.2779	-79.6539	0.7289	74.7765	0.6846	1.2e-04	0.5457
7584	-109.2737	-109.2737	-79.0606	0.7235	75.4019	0.6903	1.2e-04	0.5452
7585	-109.2831	-109.2831	-79.2241	0.7249	75.2039	0.6885	1.2e-04	0.5439
7586	-109.2728	-109.2728	-79.5148	0.7277	74.9190	0.6859	1.2e-04	0.5442
7587	-109.2843	-109.2843	-78.9705	0.7226	75.5121	0.6912	1.2e-04	0.5444
7588	-109.2701	-109.2701	-80.3143	0.7350	74.0507	0.6780	1.2e-04	0.5457
7589	-109.2931	-109.2931	-79.7504	0.7297	74.6748	0.6836	1.2e-04	0.5456
7590	-109.2698	-109.2698	-80.2772	0.7347	74.0961	0.6784	1.2e-04	0.5449
7591	-109.2614	-109.2614	-79.5893	0.7284	74.8103	0.6850	1.2e-04	0.5461
7592	-109.2902	-109.2902	-79.6783	0.7291	74.7384	0.6843	1.2e-04	0.5454
7593	-109.2788	-109.2788	-79.6818	0.7292	74.7514	0.6843	1.2e-04	0.5439
7594	-109.2882	-109.2882	-79.3397	0.7260	75.1200	0.6877	1.2e-04	0.5453
7595	-109.2846	-109.2846	-79.8453	0.7306	74.5841	0.6828	1.2e-04	0.5449
7596	-109.3002	-109.3002	-79.8909	0.7309	74.5389	0.6823	1.2e-04	0.5444
7597	-109.2697	-109.2697	-79.7579	0.7299	74.6516	0.6834	1.2e-04	0.5460
7598	-109.2709	-109.2709	-79.0770	0.7237	75.3610	0.6900	1.2e-04	0.5469
7599	-109.2757	-109.2757	-79.6172	0.7286	74.8034	0.6849	1.2e-04	0.5465
7600	-109.2693	-109.2693	-79.7812	0.7301	74.5916	0.6830	1.2e-04	0.5456
7601	-109.2732	-109.2732	-80.5225	0.7369	73.8266	0.6759	1.2e-04	0.5428
7602	-109.2831	-109.2831	-79.9792	0.7319	74.4238	0.6814	1.2e-04	0.5487
7603	-109.2865	-109.2865	-79.4158	0.7267	75.0276	0.6869	1.2e-04	0.5465
7604	-109.2681	-109.2681	-79.5908	0.7284	74.8269	0.6851	1.2e-04	0.5467
7605	-109.2680	-109.2680	-79.3030	0.7258	75.1071	0.6877	1.2e-04	0.5438
7606	-109.2929	-109.2929	-79.5754	0.7281	74.8700	0.6855	1.2e-04	0.5446
7607	-109.2676	-109.2676	-79.8731	0.7310	74.5214	0.6823	1.2e-04	0.5459
7608	-109.2732	-109.2732	-80.9657	0.7409	73.3422	0.6715	1.2e-04	0.5436
7609	-109.2740	-109.2740	-79.5124	0.7276	74.9136	0.6860	1.2e-04	0.5450
7610	-109.2946	-109.2946	-79.4707	0.7271	74.9826	0.6864	1.2e-04	0.5470
7611	-109.2894	-109.2894	-79.1925	0.7246	75.2749	0.6891	1.2e-04	0.5459
7612	-109.2628	-109.2628	-79.6732	0.7292	74.7223	0.6842	1.2e-04	0.5454
7613	-109.2712	-109.2712	-80.2844	0.7347	74.0871	0.6783	1.2e-04	0.5462
7614	-109.2952	-109.2952	-79.2334	0.7249	75.2343	0.6888	1.2e-04	0.5452
7615	-109.2726	-109.2726	-79.1670	0.7245	75.2653	0.6892	1.2e-04	0.5445
7616	-109.2670	-109.2670	-79.0682	0.7236	75.3739	0.6902	1.2e-04	0.5460
7617	-109.2798	-109.2798	-79.7738	0.7300	74.6322	0.6834	1.2e-04	0.5483
7618	-109.2893	-109.2893	-79.1073	0.7238	75.3576	0.6898	1.2e-04	0.5464
7619	-109.2807	-109.2807	-79.3750	0.7263	75.0759	0.6873	1.2e-04	0.5449
7620	-109.2656	-109.2656	-78.8132	0.7213	75.6458	0.6926	1.2e-04	0.5447
7621	-109.2773	-109.2773	-80.0047	0.7321	74.3876	0.6811	1.2e-04	0.5442
7622	-109.3032	-109.3032	-78.9996	0.7228	75.4889	0.6911	1.2e-04	0.5448
7623	-109.2867	-109.2867	-78.7707	0.7208	75.6937	0.6930	1.2e-04	0.5461
7624	-109.2774	-109.2774	-79.1420	0.7242	75.3038	0.6895	1.2e-04	0.5472
7625	-109.2672	-109.2672	-79.6177	0.7287	74.8053	0.6849	1.2e-04	0.5468
7626	-109.2926	-109.2926	-79.1115	0.7239	75.3569	0.6899	1.2e-04	0.5463
7627	-109.2629	-109.2629	-78.8593	0.7217	75.5760	0.6920	1.2e-04	0.5433
7628	-109.2840	-109.2840	-79.0043	0.7229	75.4735	0.6909	1.2e-04	0.5438
7629	-109.2719	-109.2719	-79.3010	0.7257	75.1408	0.6880	1.2e-04	0.5470
7630	-109.2975	-109.2975	-78.3574	0.7169	76.1571	0.6972	1.2e-04	0.5474
7631	-109.2798	-109.2798	-78.8003	0.7211	75.6739	0.6928	1.2e-04	0.5462
7632	-109.2765	-109.2765	-79.1440	0.7243	75.3067	0.6895	1.2e-04	0.5438
7633	-109.2983	-109.2983	-79.3059	0.7256	75.1622	0.6881	1.2e-04	0.5462
7634	-109.2870	-109.2870	-78.9833	0.7227	75.4928	0.6911	1.2e-04	0.5469
7635	-109.2747	-109.2747	-79.7411	0.7297	74.6649	0.6836	1.2e-04	0.5459
7636	-109.2804	-109.2804	-79.2665	0.7253	75.1933	0.6884	1.2e-04	0.5452
7637	-109.2854	-109.2854	-79.3857	0.7264	75.0703	0.6873	1.2e-04	0.5450
7638	-109.2778	-109.2778	-78.5267	0.7186	75.9596	0.6954	1.2e-04	0.5460
7639	-109.2906	-109.2906	-78.8397	0.7214	75.6163	0.6923	1.2e-04	0.5447
7640	-109.2886	-109.2886	-79.2414	0.7251	75.2155	0.6885	1.2e-04	0.5452
7641	-109.2961	-109.2961	-79.1445	0.7241	75.3078	0.6895	1.2e-04	0.5436
7642	-109.2742	-109.2742	-79.1220	0.7241	75.2878	0.6894	1.2e-04	0.5449
7643	-109.2776	-109.2776	-77.8447	0.7124	76.6230	0.7016	1.2e-04	0.5451
7644	-109.2772	-109.2772	-78.7692	0.7208	75.7072	0.6931	1.2e-04	0.5460
7645	-109.2914	-109.2914	-78.9899	0.7227	75.4793	0.6910	1.2e-04	0.5442
7646	-109.2713	-109.2713	-78.8620	0.7217	75.5948	0.6922	1.2e-04	0.5443
7647	-109.2781	-109.2781	-78.7704	0.7208	75.7062	0.6931	1.2e-04	0.5470
7648	-109.2632	-109.2632	-78.5074	0.7185	75.9649	0.6955	1.2e-04	0.5444
7649	-109.2710	-109.2710	-78.5023	0.7184	75.9601	0.6955	1.2e-04	0.5466
7650	-109.2934	-109.2934	-78.2493	0.7160	76.2673	0.6981	1.2e-04	0.5450
7651	-109.2897	-109.2897	-78.5472	0.7187	75.9418	0.6953	1.2e-04	0.5445
7652	-109.2781	-109.2781	-78.5245	0.7186	75.9525	0.6953	1.2e-04	0.5468
7653	-109.2696	-109.2696	-79.0620	0.7236	75.3960	0.6903	1.2e-04	0.5453
7654	-109.2760	-109.2760	-78.7843	0.7210	75.6831	0.6930	1.2e-04	0.5445
7655	-109.2536	-109.2536	-79.6823	0.7293	74.7102	0.6842	1.2e-04	0.5443
7656	-109.2707	-109.2707	-79.2342	0.7251	75.2155	0.6886	1.2e-04	0.5464
7657	-109.2569	-109.2569	-79.0648	0.7237	75.3809	0.6902	1.2e-04	0.5473
7658	-109.2753	-109.2753	-78.6166	0.7194	75.8637	0.6945	1.2e-04	0.5474
7659	-109.2683	-109.2683	-79.7636	0.7300	74.6423	0.6835	1.2e-04	0.5463
7660	-109.2780	-109.2780	-79.1119	0.7240	75.3400	0.6898	1.2e-04	0.5447
7661	-109.2762	-109.2762	-79.0870	0.7237	75.3670	0.6900	1.2e-04	0.5440
7662	-109.2911	-109.2911	-78.0235	0.7139	76.4917	0.7002	1.2e-04	0.5442
7663	-109.2878	-109.2878	-78.8487	0.7215	75.6418	0.6924	1.2e-04	0.5448
7664	-109.2790	-109.2790	-79.1933	0.7247	75.2766	0.6891	1.2e-04	0.5456
7665	-109.2871	-109.2871	-78.5161	0.7184	75.9817	0.6955	1.2e-04	0.5462
7666	-109.2683	-109.2683	-79.0033	0.7230	75.4441	0.6908	1.2e-04	0.5460
7667	-109.2762	-109.2762	-78.9430	0.7224	75.5243	0.6914	1.2e-04	0.5453
7668	-109.2711	-109.2711	-78.8466	0.7216	75.6180	0.6923	1.2e-04	0.5451
7669	-109.2834	-109.2834	-78.0210	0.7139	76.4850	0.7001	1.2e-04	0.5451
7670	-109.2833	-109.2833	-78.8541	0.7216	75.6237	0.6924	1.2e-04	0.5449
7671	-109.2811	-109.2811	-80.2350	0.7342	74.1439	0.6789	1.2e-04	0.5440
7672	-109.2681	-109.2681	-79.5404	0.7279	74.8668	0.6854	1.2e-04	0.5445
7673	-109.2701	-109.2701	-79.0341	0.7233	75.4208	0.6905	1.2e-04	0.5446
7674	-109.2948	-109.2948	-79.1650	0.7243	75.2926	0.6893	1.2e-04	0.5471
7675	-109.2918	-109.2918	-79.6745	0.7290	74.7686	0.6845	1.2e-04	0.5458
7676	-109.2613	-109.2613	-80.1955	0.7340	74.1680	0.6792	1.2e-04	0.5471
7677	-109.2697	-109.2697	-78.7819	0.7210	75.6673	0.6928	1.2e-04	0.5457
7678	-109.2766	-109.2766	-79.5645	0.7281	74.8790	0.6855	1.2e-04	0.5453
7679	-109.2837	-109.2837	-78.9178	0.7221	75.5416	0.6917	1.2e-04	0.5447
7680	-109.2818	-109.2818	-79.8082	0.7303	74.6060	0.6830	1.2e-04	0.5471
7681	-109.2686	-109.2686	-79.6504	0.7289	74.7584	0.6845	1.2e-04	0.5464
7682	-109.2650	-109.2650	-78.6760	0.7200	75.7840	0.6938	1.2e-04	0.5443
7683	-109.2645	-109.2645	-80.1386	0.7334	74.2360	0.6797	1.2e-04	0.5450
7684	-109.2773	-109.2773	-78.9822	0.7228	75.4818	0.6911	1.2e-04	0.5459
7685	-109.2753	-109.2753	-79.6290	0.7287	74.7917	0.6847	1.2e-04	0.5437
7686	-109.2886	-109.2886	-79.0716	0.7235	75.3902	0.6903	1.2e-04	0.5467
7687	-109.2722	-109.2722	-78.7103	0.7203	75.7628	0.6936	1.2e-04	0.5445
7688	-109.2727	-109.2727	-78.2485	0.7161	76.2234	0.6979	1.2e-04	0.5455
7689	-109.2592	-109.2592	-78.8846	0.7220	75.5774	0.6919	1.2e-04	0.5464
7690	-109.2623	-109.2623	-78.8348	0.7215	75.6231	0.6924	1.2e-04	0.5445
7691	-109.2880	-109.2880	-80.2658	0.7344	74.1260	0.6787	1.2e-04	0.5449
7692	-109.2819	-109.2819	-78.7101	0.7202	75.7799	0.6937	1.2e-04	0.5464
7693	-109.2810	-109.2810	-79.2192	0.7249	75.2386	0.6888	1.2e-04	0.5461
7694	-109.2818	-109.2818	-79.4048	0.7266	75.0381	0.6870	1.2e-04	0.5471
7695	-109.2897	-109.2897	-78.9991	0.7228	75.4720	0.6910	1.2e-04	0.5453
7696	-109.2663	-109.2663	-78.7543	0.7208	75.7032	0.6932	1.2e-04	0.5437
7697	-109.2995	-109.2995	-78.9047	0.7219	75.5351	0.6915	1.2e-04	0.5441
7698	-109.2466	-109.2466	-79.2012	0.7250	75.2171	0.6887	1.2e-04	0.5446
7699	-109.2689	-109.2689	-78.2057	0.7157	76.2659	0.6984	1.2e-04	0.5464
7700	-109.2862	-109.2862	-79.2764	0.7254	75.1808	0.6883	1.2e-04	0.5472
7701	-109.2840	-109.2840	-79.3846	0.7264	75.0646	0.6872	1.2e-04	0.5426
7702	-109.2821	-109.2821	-78.2278	0.7158	76.2635	0.6983	1.2e-04	0.5465
7703	-109.2849	-109.2849	-78.6555	0.7197	75.8292	0.6942	1.2e-04	0.5467
7704	-109.2732	-109.2732	-78.6945	0.7202	75.7601	0.6936	1.2e-04	0.5457
7705	-109.2909	-109.2909	-79.2760	0.7254	75.1902	0.6884	1.2e-04	0.5456
7706	-109.2821	-109.2821	-79.0020	0.7229	75.4475	0.6907	1.2e-04	0.5437
7707	-109.2816	-109.2816	-79.4818	0.7273	74.9646	0.6863	1.2e-04	0.5446
7708	-109.2902	-109.2902	-79.1864	0.7246	75.2886	0.6892	1.2e-04	0.5444
7709	-109.2910	-109.2910	-78.5141	0.7184	75.9836	0.6955	1.2e-04	0.5444
7710	-109.2860	-109.2860	-78.9008	0.7220	75.5635	0.6918	1.2e-04	0.5463
7711	-109.2831	-109.2831	-79.2562	0.7252	75.1790	0.6883	1.2e-04	0.5467
7712	-109.2817	-109.2817	-79.1580	0.7243	75.3011	0.6894	1.2e-04	0.5462
7713	-109.2854	-109.2854	-78.3221	0.7167	76.1837	0.6974	1.2e-04	0.5465
7714	-109.2913	-109.2913	-78.4080	0.7174	76.0913	0.6965	1.2e-04	0.5437
7715	-109.2849	-109.2849	-78.7193	0.7203	75.7552	0.6936	1.2e-04	0.5442
7716	-109.2756	-109.2756	-78.5024	0.7184	75.9740	0.6956	1.2e-04	0.5462
7717	-109.2873	-109.2873	-78.1701	0.7153	76.3059	0.6986	1.2e-04	0.5456
7718	-109.2679	-109.2679	-78.2436	0.7161	76.2183	0.6979	1.2e-04	0.5454
7719	-109.2821	-109.2821	-78.8021	0.7211	75.6743	0.6928	1.2e-04	0.5446
7720	-109.2711	-109.2711	-79.1182	0.7241	75.3194	0.6895	1.2e-04	0.5471
7721	-109.2807	-109.2807	-78.8856	0.7219	75.5860	0.6920	1.2e-04	0.5455
7722	-109.2779	-109.2779	-77.8461	0.7124	76.6584	0.7018	1.2e-04	0.5472
7723	-109.2744	-109.2744	-78.7046	0.7202	75.7646	0.6936	1.2e-04	0.5467
7724	-109.2583	-109.2583	-78.8176	0.7214	75.6297	0.6925	1.2e-04	0.5453
7725	-109.2795	-109.2795	-78.7275	0.7204	75.7517	0.6935	1.2e-04	0.5439
7726	-109.2661	-109.2661	-78.7954	0.7211	75.6512	0.6927	1.2e-04	0.5450
7727	-109.2917	-109.2917	-79.7223	0.7294	74.7181	0.6840	1.2e-04	0.5471
7728	-109.2772	-109.2772	-79.4860	0.7274	74.9541	0.6862	1.2e-04	0.5464
7729	-109.2586	-109.2586	-79.0816	0.7238	75.3558	0.6900	1.2e-04	0.5452
7730	-109.2593	-109.2593	-78.8032	0.7212	75.6538	0.6926	1.2e-04	0.5449
7731	-109.2610	-109.2610	-78.7150	0.7204	75.7375	0.6935	1.2e-04	0.5449
7732	-109.2746	-109.2746	-77.4880	0.7091	77.0086	0.7051	1.2e-04	0.5466
7733	-109.2759	-109.2759	-78.5734	0.7190	75.9160	0.6950	1.2e-04	0.5465
7734	-109.2918	-109.2918	-78.3423	0.7168	76.1714	0.6973	1.2e-04	0.5461
7735	-109.2770	-109.2770	-78.7672	0.7208	75.6926	0.6931	1.2e-04	0.5466
7736	-109.2779	-109.2779	-79.0626	0.7235	75.4032	0.6903	1.2e-04	0.5444
7737	-109.2843	-109.2843	-79.6303	0.7287	74.8159	0.6848	1.2e-04	0.5447
7738	-109.2703	-109.2703	-79.3205	0.7259	75.1204	0.6878	1.2e-04	0.5445
7739	-109.2850	-109.2850	-78.3756	0.7172	76.1135	0.6968	1.2e-04	0.5449
7740	-109.2825	-109.2825	-77.8294	0.7122	76.6753	0.7020	1.2e-04	0.5469
7741	-109.2716	-109.2716	-79.5705	0.7282	74.8513	0.6854	1.2e-04	0.5456
7742	-109.2702	-109.2702	-78.9130	0.7222	75.5436	0.6917	1.2e-04	0.5464
7743	-109.2802	-109.2802	-78.9487	0.7224	75.5028	0.6913	1.2e-04	0.5471
7744	-109.2830	-109.2830	-78.9508	0.7224	75.5102	0.6914	1.2e-04	0.5451
7745	-109.2794	-109.2794	-78.9299	0.7223	75.5447	0.6916	1.2e-04	0.5445
7746	-109.2958	-109.2958	-78.1589	0.7151	76.3677	0.6990	1.2e-04	0.5441
7747	-109.2782	-109.2782	-78.9041	0.7220	75.5627	0.6917	1.2e-04	0.5456
7748	-109.2672	-109.2672	-78.6872	0.7201	75.7619	0.6937	1.2e-04	0.5458
7749	-109.2856	-109.2856	-78.8949	0.7219	75.5916	0.6919	1.2e-04	0.5470
7750	-109.2703	-109.2703	-79.2496	0.7253	75.1883	0.6884	1.2e-04	0.5462
7751	-109.2687	-109.2687	-79.4019	0.7267	75.0298	0.6870	1.2e-04	0.5455
7752	-109.2918	-109.2918	-78.5498	0.7187	75.9564	0.6952	1.2e-04	0.5439
7753	-109.2870	-109.2870	-78.8192	0.7212	75.6704	0.6927	1.2e-04	0.5442
7754	-109.2759	-109.2759	-78.9995	0.7229	75.4662	0.6909	1.2e-04	0.5453
7755	-109.2863	-109.2863	-79.5119	0.7276	74.9311	0.6860	1.2e-04	0.5470
7756	-109.2696	-109.2696	-80.5264	0.7370	73.8260	0.6759	1.2e-04	0.5457
7757	-109.2848	-109.2848	-78.9020	0.7220	75.5664	0.6919	1.2e-04	0.5441
7758	-109.2694	-109.2694	-79.0120	0.7231	75.4293	0.6907	1.2e-04	0.5467
7759	-109.2760	-109.2760	-78.4885	0.7183	76.0012	0.6957	1.2e-04	0.5442
7760	-109.2738	-109.2738	-79.5054	0.7276	74.9318	0.6860	1.2e-04	0.5438
7761	-109.3066	-109.3066	-78.6628	0.7197	75.8361	0.6942	1.2e-04	0.5473
7762	-109.2950	-109.2950	-78.9820	0.7226	75.5034	0.6912	1.2e-04	0.5463
7763	-109.3020	-109.3020	-79.2604	0.7252	75.2216	0.6886	1.2e-04	0.5471
7764	-109.2709	-109.2709	-79.1140	0.7240	75.3339	0.6898	1.2e-04	0.5442
7765	-109.2754	-109.2754	-80.0774	0.7328	74.2964	0.6802	1.2e-04	0.5438
7766	-109.2866	-109.2866	-79.3490	0.7261	75.1081	0.6876	1.2e-04	0.5443
7767	-109.2743	-109.2743	-79.2422	0.7252	75.1892	0.6884	1.2e-04	0.5453
7768	-109.2949	-109.2949	-78.6360	0.7195	75.8558	0.6945	1.2e-04	0.5463
7769	-109.2852	-109.2852	-79.1406	0.7242	75.3221	0.6896	1.2e-04	0.5475
7770	-109.2727	-109.2727	-79.7934	0.7302	74.6205	0.6832	1.2e-04	0.5468
7771	-109.2846	-109.2846	-78.7768	0.7208	75.7055	0.6931	1.2e-04	0.5451
7772	-109.2609	-109.2609	-79.3872	0.7266	75.0460	0.6871	1.2e-04	0.5469
7773	-109.2798	-109.2798	-77.9057	0.7129	76.5893	0.7013	1.2e-04	0.5458
7774	-109.3012	-109.3012	-79.7512	0.7296	74.6967	0.6838	1.2e-04	0.5460
7775	-109.2941	-109.2941	-78.5251	0.7185	75.9886	0.6955	1.2e-04	0.5444
7776	-109.2904	-109.2904	-79.4411	0.7269	75.0137	0.6867	1.2e-04	0.5432
7777	-109.2827	-109.2827	-79.1498	0.7243	75.3149	0.6895	1.2e-04	0.5444
7778	-109.2850	-109.2850	-79.0887	0.7237	75.3699	0.6901	1.2e-04	0.5527
7779	-109.2644	-109.2644	-78.7685	0.7209	75.6692	0.6928	1.2e-04	0.5445
7780	-109.2754	-109.2754	-79.9268	0.7314	74.4833	0.6819	1.2e-04	0.5443
7781	-109.2751	-109.2751	-79.6411	0.7288	74.7710	0.6847	1.2e-04	0.5447
7782	-109.2719	-109.2719	-79.5198	0.7277	74.9093	0.6858	1.2e-04	0.5468
7783	-109.2760	-109.2760	-78.8674	0.7217	75.5943	0.6922	1.2e-04	0.5464
7784	-109.2734	-109.2734	-79.6279	0.7287	74.7833	0.6848	1.2e-04	0.5458
7785	-109.2966	-109.2966	-79.2814	0.7254	75.1893	0.6883	1.2e-04	0.5471
7786	-109.2723	-109.2723	-78.8589	0.7217	75.6098	0.6922	1.2e-04	0.5473
7787	-109.2763	-109.2763	-79.1349	0.7242	75.3269	0.6896	1.2e-04	0.5455
7788	-109.2832	-109.2832	-79.8648	0.7308	74.5528	0.6825	1.2e-04	0.5441
7789	-109.2745	-109.2745	-79.6099	0.7285	74.7745	0.6847	1.2e-04	0.5450
7790	-109.2785	-109.2785	-79.8753	0.7309	74.5215	0.6824	1.2e-04	0.5442
7791	-109.2827	-109.2827	-79.3795	0.7264	75.0568	0.6871	1.2e-04	0.5454
7792	-109.2735	-109.2735	-79.0454	0.7234	75.3967	0.6903	1.2e-04	0.5462
7793	-109.2792	-109.2792	-79.8580	0.7308	74.5670	0.6826	1.2e-04	0.5451
7794	-109.2829	-109.2829	-78.7203	0.7203	75.6733	0.6928	1.2e-04	0.5452
7795	-109.2796	-109.2796	-79.8670	0.7309	74.5466	0.6825	1.2e-04	0.5458
7796	-109.2837	-109.2837	-79.9781	0.7318	74.4344	0.6815	1.2e-04	0.5447
7797	-109.2770	-109.2770	-79.0998	0.7238	75.3473	0.6898	1.2e-04	0.5455
7798	-109.2913	-109.2913	-79.7054	0.7293	74.7344	0.6842	1.2e-04	0.5447
7799	-109.2809	-109.2809	-79.6144	0.7285	74.8212	0.6850	1.2e-04	0.5466
7800	-109.2592	-109.2592	-79.6927	0.7294	74.7103	0.6840	1.2e-04	0.5469
7801	-109.2869	-109.2869	-79.8300	0.7305	74.5985	0.6830	1.2e-04	0.5439
7802	-109.2845	-109.2845	-79.8598	0.7308	74.5677	0.6826	1.2e-04	0.5452
7803	-109.2829	-109.2829	-79.9944	0.7320	74.4230	0.6813	1.2e-04	0.5453
7804	-109.2808	-109.2808	-79.4127	0.7267	75.0406	0.6870	1.2e-04	0.5471
7805	-109.2913	-109.2913	-79.0208	0.7230	75.4485	0.6907	1.2e-04	0.5471
7806	-109.2642	-109.2642	-80.5953	0.7376	73.7398	0.6752	1.2e-04	0.5488
7807	-109.2776	-109.2776	-79.2066	0.7248	75.2273	0.6888	1.2e-04	0.5470
7808	-109.2959	-109.2959	-79.5230	0.7276	74.9311	0.6860	1.2e-04	0.5462
7809	-109.2866	-109.2866	-79.5575	0.7280	74.8523	0.6852	1.2e-04	0.5453
7810	-109.2764	-109.2764	-79.8369	0.7306	74.5875	0.6828	1.2e-04	0.5449
7811	-109.2792	-109.2792	-80.1072	0.7331	74.2815	0.6801	1.2e-04	0.5441
7812	-109.2975	-109.2975	-79.2535	0.7251	75.2082	0.6885	1.2e-04	0.5446
7813	-109.2771	-109.2771	-80.3718	0.7355	74.0043	0.6775	1.2e-04	0.5444
7814	-109.2805	-109.2805	-80.5555	0.7371	73.8062	0.6757	1.2e-04	0.5461
7815	-109.2806	-109.2806	-80.8166	0.7395	73.5146	0.6731	1.2e-04	0.5464
7816	-109.2889	-109.2889	-80.7260	0.7386	73.6314	0.6741	1.2e-04	0.5465
7817	-109.2809	-109.2809	-80.3325	0.7351	74.0511	0.6779	1.2e-04	0.5468
7818	-109.2767	-109.2767	-80.1604	0.7336	74.2381	0.6796	1.2e-04	0.5449
7819	-109.2683	-109.2683	-80.5082	0.7368	73.8431	0.6760	1.2e-04	0.5439
7820	-109.2856	-109.2856	-80.1718	0.7336	74.2165	0.6795	1.2e-04	0.5450
7821	-109.2946	-109.2946	-80.0379	0.7323	74.3688	0.6808	1.2e-04	0.5449
7822	-109.2899	-109.2899	-80.4960	0.7365	73.8819	0.6764	1.2e-04	0.5453
7823	-109.2900	-109.2900	-80.7750	0.7391	73.5796	0.6736	1.2e-04	0.5461
7824	-109.2922	-109.2922	-79.6801	0.7291	74.7625	0.6844	1.2e-04	0.5440
7825	-109.2823	-109.2823	-79.8959	0.7311	74.5398	0.6822	1.2e-04	0.5442
7826	-109.2795	-109.2795	-79.6031	0.7284	74.8302	0.6850	1.2e-04	0.5448
7827	-109.2657	-109.2657	-80.7754	0.7393	73.5421	0.6734	1.2e-04	0.5463
7828	-109.2868	-109.2868	-80.6761	0.7382	73.6746	0.6746	1.2e-04	0.5465
7829	-109.2937	-109.2937	-80.4852	0.7364	73.8849	0.6764	1.2e-04	0.5451
7830	-109.2905	-109.2905	-80.3663	0.7353	74.0195	0.6777	1.2e-04	0.5445
7831	-109.2692	-109.2692	-79.9192	0.7314	74.4827	0.6819	1.2e-04	0.5449
7832	-109.2569	-109.2569	-80.5445	0.7372	73.7857	0.6756	1.2e-04	0.5459
7833	-109.2947	-109.2947	-80.0823	0.7327	74.3393	0.6805	1.2e-04	0.5454
7834	-109.2833	-109.2833	-80.1608	0.7335	74.2370	0.6796	1.2e-04	0.5461
7835	-109.2808	-109.2808	-80.3403	0.7352	74.0167	0.6777	1.2e-04	0.5450
7836	-109.2972	-109.2972	-80.5266	0.7368	73.8551	0.6761	1.2e-04	0.5446
7837	-109.2766	-109.2766	-80.3345	0.7351	74.0475	0.6779	1.2e-04	0.5439
7838	-109.2850	-109.2850	-79.6247	0.7286	74.8174	0.6849	1.2e-04	0.5470
7839	-109.2688	-109.2688	-80.3467	0.7353	74.0245	0.6777	1.2e-04	0.5453
7840	-109.2773	-109.2773	-80.1447	0.7334	74.2432	0.6797	1.2e-04	0.5448
7841	-109.2677	-109.2677	-80.4978	0.7367	73.8585	0.6762	1.2e-04	0.5463
7842	-109.2671	-109.2671	-79.9996	0.7321	74.3991	0.6811	1.2e-04	0.5476
7843	-109.2894	-109.2894	-80.2390	0.7342	74.1570	0.6789	1.2e-04	0.5462
7844	-109.2700	-109.2700	-80.2202	0.7341	74.1642	0.6790	1.2e-04	0.5442
7845	-109.2654	-109.2654	-81.3167	0.7442	72.9475	0.6679	1.2e-04	0.5444
7846	-109.2831	-109.2831	-81.2039	0.7431	73.0807	0.6690	1.2e-04	0.5447
7847	-109.2799	-109.2799	-79.7993	0.7302	74.6137	0.6831	1.2e-04	0.5444
7848	-109.2824	-109.2824	-80.7372	0.7388	73.5852	0.6737	1.2e-04	0.5448
7849	-109.2552	-109.2552	-79.8413	0.7308	74.5464	0.6826	1.2e-04	0.5469
7850	-109.3012	-109.3012	-80.6241	0.7376	73.7605	0.6751	1.2e-04	0.5466
7851	-109.2888	-109.2888	-80.0329	0.7323	74.3813	0.6810	1.2e-04	0.5448
7852	-109.2735	-109.2735	-80.9291	0.7406	73.3905	0.6719	1.2e-04	0.5442
7853	-109.2794	-109.2794	-81.3366	0.7443	72.9367	0.6678	1.2e-04	0.5435
7854	-109.2684	-109.2684	-81.2385	0.7435	73.0447	0.6688	1.2e-04	0.5450
7855	-109.2764	-109.2764	-81.0677	0.7419	73.2317	0.6705	1.2e-04	0.5463
7856	-109.2758	-109.2758	-80.3883	0.7356	73.9562	0.6771	1.2e-04	0.5465
7857	-109.2701	-109.2701	-80.0886	0.7329	74.2981	0.6803	1.2e-04	0.5470
7858	-109.2808	-109.2808	-80.4502	0.7362	73.9207	0.6767	1.2e-04	0.5465
7859	-109.2764	-109.2764	-80.6150	0.7377	73.7093	0.6748	1.2e-04	0.5466
7860	-109.3039	-109.3039	-79.9655	0.7316	74.4590	0.6816	1.2e-04	0.5472
7861	-109.2673	-109.2673	-80.4848	0.7366	73.8622	0.6763	1.2e-04	0.5468
7862	-109.2812	-109.2812	-80.4868	0.7365	73.8864	0.6764	1.2e-04	0.5449
7863	-109.2771	-109.2771	-80.5890	0.7375	73.7462	0.6752	1.2e-04	0.5441
7864	-109.2893	-109.2893	-79.9778	0.7318	74.4324	0.6814	1.2e-04	0.5456
7865	-109.2667	-109.2667	-80.6902	0.7385	73.6519	0.6743	1.2e-04	0.5476
7866	-109.2895	-109.2895	-80.3298	0.7350	74.0328	0.6777	1.2e-04	0.5462
7867	-109.2980	-109.2980	-80.5455	0.7369	73.8299	0.6759	1.2e-04	0.5438
7868	-109.2785	-109.2785	-80.0780	0.7328	74.3232	0.6804	1.2e-04	0.5444
7869	-109.2885	-109.2885	-80.0112	0.7321	74.4027	0.6811	1.2e-04	0.5482
7870	-109.2610	-109.2610	-79.9625	0.7318	74.4239	0.6814	1.2e-04	0.5455
7871	-109.2742	-109.2742	-80.5068	0.7367	73.8514	0.6762	1.2e-04	0.5446
7872	-109.2862	-109.2862	-80.9946	0.7411	73.3343	0.6714	1.2e-04	0.5464
7873	-109.2741	-109.2741	-80.7318	0.7388	73.5968	0.6739	1.2e-04	0.5462
7874	-109.2884	-109.2884	-80.9776	0.7410	73.3571	0.6715	1.2e-04	0.5447
7875	-109.2766	-109.2766	-81.0985	0.7421	73.2118	0.6702	1.2e-04	0.5451
7876	-109.2774	-109.2774	-79.7963	0.7302	74.6287	0.6832	1.2e-04	0.5465
7877	-109.2807	-109.2807	-80.2714	0.7345	74.1129	0.6785	1.2e-04	0.5452
7878	-109.2790	-109.2790	-79.7593	0.7299	74.6771	0.6836	1.2e-04	0.5444
7879	-109.2625	-109.2625	-80.0487	0.7326	74.3305	0.6806	1.2e-04	0.5445
7880	-109.2806	-109.2806	-80.4553	0.7362	73.9174	0.6767	1.2e-04	0.5443
7881	-109.2778	-109.2778	-80.4617	0.7363	73.9111	0.6766	1.2e-04	0.5460
7882	-109.2744	-109.2744	-80.3029	0.7349	74.0666	0.6781	1.2e-04	0.5460
7883	-109.2881	-109.2881	-80.0427	0.7324	74.3657	0.6808	1.2e-04	0.5469
7884	-109.2933	-109.2933	-79.6821	0.7291	74.7502	0.6843	1.2e-04	0.5465
7885	-109.2758	-109.2758	-80.9481	0.7408	73.3700	0.6717	1.2e-04	0.5452
7886	-109.2733	-109.2733	-81.0587	0.7418	73.2458	0.6706	1.2e-04	0.5440
7887	-109.2733	-109.2733	-81.2111	0.7432	73.0828	0.6691	1.2e-04	0.5442
7888	-109.2930	-109.2930	-80.9247	0.7404	73.4204	0.6721	1.2e-04	0.5445
7889	-109.2854	-109.2854	-80.7129	0.7386	73.6432	0.6742	1.2e-04	0.5455
7890	-109.2752	-109.2752	-80.7667	0.7391	73.5665	0.6736	1.2e-04	0.5452
7891	-109.2780	-109.2780	-80.1018	0.7330	74.2958	0.6802	1.2e-04	0.5479
7892	-109.2841	-109.2841	-80.0310	0.7323	74.3871	0.6810	1.2e-04	0.5487
7893	-109.2707	-109.2707	-80.7157	0.7387	73.6214	0.6740	1.2e-04	0.5467
7894	-109.2853	-109.2853	-80.2303	0.7341	74.1648	0.6790	1.2e-04	0.5468
7895	-109.2941	-109.2941	-80.3545	0.7352	74.0488	0.6778	1.2e-04	0.5465
7896	-109.2714	-109.2714	-80.1059	0.7331	74.2823	0.6801	1.2e-04	0.5442
7897	-109.2728	-109.2728	-80.3594	0.7354	74.0307	0.6776	1.2e-04	0.5443
7898	-109.2616	-109.2616	-80.6016	0.7377	73.7361	0.6751	1.2e-04	0.5458
7899	-109.2813	-109.2813	-80.5212	0.7368	73.8280	0.6759	1.2e-04	0.5446
7900	-109.2835	-109.2835	-80.3124	0.7349	74.0551	0.6780	1.2e-04	0.5463
7901	-109.2671	-109.2671	-80.1717	0.7337	74.2108	0.6794	1.2e-04	0.5441
7902	-109.2851	-109.2851	-80.6302	0.7378	73.7339	0.6750	1.2e-04	0.5485
7903	-109.2874	-109.2874	-80.4574	0.7362	73.9166	0.6767	1.2e-04	0.5451
7904	-109.2700	-109.2700	-80.7309	0.7388	73.5922	0.6738	1.2e-04	0.5445
7905	-109.2779	-109.2779	-80.8358	0.7397	73.5072	0.6729	1.2e-04	0.5454
7906	-109.2830	-109.2830	-80.7485	0.7389	73.6044	0.6738	1.2e-04	0.5453
7907	-109.2856	-109.2856	-80.1584	0.7335	74.2488	0.6797	1.2e-04	0.5466
7908	-109.2967	-109.2967	-80.7741	0.7390	73.5688	0.6735	1.2e-04	0.5450
7909	-109.2761	-109.2761	-80.8491	0.7399	73.4898	0.6727	1.2e-04	0.5454
7910	-109.2793	-109.2793	-81.0407	0.7416	73.2675	0.6708	1.2e-04	0.5472
7911	-109.2784	-109.2784	-80.9345	0.7406	73.3690	0.6718	1.2e-04	0.5464
7912	-109.2684	-109.2684	-80.6761	0.7383	73.6568	0.6744	1.2e-04	0.5444
7913	-109.2885	-109.2885	-80.9497	0.7407	73.3995	0.6718	1.2e-04	0.5447
7914	-109.2865	-109.2865	-80.3129	0.7349	74.0756	0.6782	1.2e-04	0.5467
7915	-109.2943	-109.2943	-80.1515	0.7334	74.2410	0.6796	1.2e-04	0.5464
7916	-109.2839	-109.2839	-81.3005	0.7439	72.9966	0.6682	1.2e-04	0.5449
7917	-109.2943	-109.2943	-80.7937	0.7392	73.5742	0.6734	1.2e-04	0.5444
7918	-109.2578	-109.2578	-80.6453	0.7381	73.6849	0.6747	1.2e-04	0.5442
7919	-109.2748	-109.2748	-80.4069	0.7358	73.9632	0.6772	1.2e-04	0.5449
7920	-109.2972	-109.2972	-79.8499	0.7306	74.5947	0.6828	1.2e-04	0.5447
7921	-109.2771	-109.2771	-80.7454	0.7389	73.5914	0.6737	1.2e-04	0.5463
7922	-109.2696	-109.2696	-81.2364	0.7434	73.0456	0.6688	1.2e-04	0.5456
7923	-109.2797	-109.2797	-80.6661	0.7382	73.6893	0.6746	1.2e-04	0.5454
7924	-109.2915	-109.2915	-80.6197	0.7377	73.7570	0.6752	1.2e-04	0.5447
7925	-109.2932	-109.2932	-81.0952	0.7420	73.2277	0.6704	1.2e-04	0.5441
7926	-109.2834	-109.2834	-80.7426	0.7388	73.5965	0.6737	1.2e-04	0.5446
7927	-109.2692	-109.2692	-80.8777	0.7402	73.4305	0.6724	1.2e-04	0.5461
7928	-109.2792	-109.2792	-80.9120	0.7404	73.4132	0.6721	1.2e-04	0.5468
7929	-109.2858	-109.2858	-80.3476	0.7352	74.0339	0.6778	1.2e-04	0.5465
7930	-109.2804	-109.2804	-80.9615	0.7409	73.3612	0.6716	1.2e-04	0.5483
7931	-109.2675	-109.2675	-80.4367	0.7361	73.9216	0.6768	1.2e-04	0.5467
7932	-109.2966	-109.2966	-80.4134	0.7357	73.9792	0.6772	1.2e-04	0.5476
7933	-109.2829	-109.2829	-80.4679	0.7363	73.8961	0.6765	1.2e-04	0.5464
7934	-109.2480	-109.2480	-80.9095	0.7406	73.3723	0.6719	1.2e-04	0.5481
7935	-109.2713	-109.2713	-81.2770	0.7438	72.9991	0.6684	1.2e-04	0.5463
7936	-109.2999	-109.2999	-80.7105	0.7384	73.6703	0.6743	1.2e-04	0.5446
7937	-109.2831	-109.2831	-80.8940	0.7402	73.4434	0.6723	1.2e-04	0.5442
7938	-109.2747	-109.2747	-80.2255	0.7342	74.1555	0.6789	1.2e-04	0.5466
7939	-109.2943	-109.2943	-80.3995	0.7356	73.9920	0.6774	1.2e-04	0.5453
7940	-109.2793	-109.2793	-81.4629	0.7455	72.8073	0.6665	1.2e-04	0.5458
7941	-109.2907	-109.2907	-79.8866	0.7310	74.5471	0.6824	1.2e-04	0.5439
7942	-109.2980	-109.2980	-80.9336	0.7405	73.4087	0.6720	1.2e-04	0.5474
7943	-109.2977	-109.2977	-80.7057	0.7384	73.6575	0.6744	1.2e-04	0.5439
7944	-109.2760	-109.2760	-80.6199	0.7378	73.7250	0.6750	1.2e-04	0.5449
7945	-109.2829	-109.2829	-80.8228	0.7396	73.5169	0.6731	1.2e-04	0.5458
7946	-109.2810	-109.2810	-80.6249	0.7378	73.7423	0.6750	1.2e-04	0.5453
7947	-109.2807	-109.2807	-80.5920	0.7375	73.7791	0.6754	1.2e-04	0.5441
7948	-109.2752	-109.2752	-80.1262	0.7333	74.2680	0.6800	1.2e-04	0.5461
7949	-109.2785	-109.2785	-79.8437	0.7306	74.5682	0.6827	1.2e-04	0.5466
7950	-109.2777	-109.2777	-81.0029	0.7413	73.2901	0.6710	1.2e-04	0.5459
7951	-109.2608	-109.2608	-81.3235	0.7443	72.9393	0.6678	1.2e-04	0.5445
7952	-109.2666	-109.2666	-81.7555	0.7482	72.4639	0.6634	1.2e-04	0.5440
7953	-109.2718	-109.2718	-80.6499	0.7381	73.6899	0.6747	1.2e-04	0.5443
7954	-109.2946	-109.2946	-81.0515	0.7416	73.2553	0.6706	1.2e-04	0.5455
7955	-109.2968	-109.2968	-81.4776	0.7455	72.7954	0.6665	1.2e-04	0.5442
7956	-109.2722	-109.2722	-80.4597	0.7363	73.9074	0.6766	1.2e-04	0.5442
7957	-109.2954	-109.2954	-80.9534	0.7407	73.3832	0.6718	1.2e-04	0.5446
7958	-109.2791	-109.2791	-80.8904	0.7402	73.4188	0.6721	1.2e-04	0.5456
7959	-109.2796	-109.2796	-80.7279	0.7387	73.6104	0.6740	1.2e-04	0.5460
7960	-109.2833	-109.2833	-80.9327	0.7406	73.3895	0.6720	1.2e-04	0.5464
7961	-109.2757	-109.2757	-81.4268	0.7452	72.8440	0.6669	1.2e-04	0.5465
7962	-109.3007	-109.3007	-80.9800	0.7409	73.3571	0.6715	1.2e-04	0.5450
7963	-109.2650	-109.2650	-80.7772	0.7393	73.5101	0.6731	1.2e-04	0.5525
7964	-109.2775	-109.2775	-81.0044	0.7413	73.3145	0.6712	1.2e-04	0.5461
7965	-109.2791	-109.2791	-80.8859	0.7402	73.4505	0.6724	1.2e-04	0.5464
7966	-109.2807	-109.2807	-80.9439	0.7407	73.3791	0.6718	1.2e-04	0.5448
7967	-109.2818	-109.2818	-80.9584	0.7408	73.3677	0.6717	1.2e-04	0.5451
7968	-109.2821	-109.2821	-81.2402	0.7434	73.0407	0.6687	1.2e-04	0.5441
7969	-109.2770	-109.2770	-81.2811	0.7438	72.9567	0.6680	1.2e-04	0.5448
7970	-109.2647	-109.2647	-81.7796	0.7485	72.4211	0.6631	1.2e-04	0.5453
7971	-109.2628	-109.2628	-81.0641	0.7419	73.2247	0.6705	1.2e-04	0.5462
7972	-109.2787	-109.2787	-80.6208	0.7378	73.7374	0.6751	1.2e-04	0.5455
7973	-109.2820	-109.2820	-81.5464	0.7462	72.7172	0.6657	1.2e-04	0.5466
7974	-109.2951	-109.2951	-81.2736	0.7436	73.0231	0.6685	1.2e-04	0.5446
7975	-109.2880	-109.2880	-80.3917	0.7356	73.9685	0.6772	1.2e-04	0.5442
7976	-109.2593	-109.2593	-80.5860	0.7376	73.7391	0.6751	1.2e-04	0.5453
7977	-109.3028	-109.3028	-81.5151	0.7458	72.7574	0.6660	1.2e-04	0.5463
7978	-109.2766	-109.2766	-80.8217	0.7396	73.4971	0.6730	1.2e-04	0.5449
7979	-109.2902	-109.2902	-81.5034	0.7458	72.7711	0.6662	1.2e-04	0.5447
7980	-109.2918	-109.2918	-81.4998	0.7457	72.7908	0.6663	1.2e-04	0.5474
7981	-109.2728	-109.2728	-81.2930	0.7439	72.9625	0.6681	1.2e-04	0.5462
7982	-109.2785	-109.2785	-81.1767	0.7428	73.0850	0.6692	1.2e-04	0.5462
7983	-109.2767	-109.2767	-81.7622	0.7482	72.4560	0.6634	1.2e-04	0.5443
7984	-109.2875	-109.2875	-80.7827	0.7392	73.5511	0.6733	1.2e-04	0.5442
7985	-109.2800	-109.2800	-82.0807	0.7511	72.1125	0.6602	1.2e-04	0.5462
7986	-109.2740	-109.2740	-81.2008	0.7431	73.0878	0.6691	1.2e-04	0.5436
7987	-109.2859	-109.2859	-81.5497	0.7462	72.7184	0.6657	1.2e-04	0.5435
7988	-109.2797	-109.2797	-81.2704	0.7437	73.0054	0.6683	1.2e-04	0.5455
7989	-109.3093	-109.3093	-80.7791	0.7390	73.5902	0.6736	1.2e-04	0.5452
7990	-109.2943	-109.2943	-80.8850	0.7401	73.4549	0.6725	1.2e-04	0.5484
7991	-109.2639	-109.2639	-80.6768	0.7384	73.6369	0.6743	1.2e-04	0.5471
7992	-109.2887	-109.2887	-80.5720	0.7372	73.7873	0.6755	1.2e-04	0.5470
7993	-109.2751	-109.2751	-81.2046	0.7431	73.0900	0.6691	1.2e-04	0.5439
7994	-109.2654	-109.2654	-80.8224	0.7397	73.4910	0.6729	1.2e-04	0.5449
7995	-109.2709	-109.2709	-80.2336	0.7343	74.1469	0.6789	1.2e-04	0.5462
7996	-109.2861	-109.2861	-80.5539	0.7371	73.8002	0.6756	1.2e-04	0.5478
7997	-109.2851	-109.2851	-81.5564	0.7463	72.6973	0.6656	1.2e-04	0.5472
7998	-109.2743	-109.2743	-81.1394	0.7425	73.1610	0.6698	1.2e-04	0.5495
7999	-109.2824	-109.2824	-80.7815	0.7392	73.5517	0.6735	1.2e-04	0.5472
8000	-109.2732	-109.2732	-81.5761	0.7465	72.6583	0.6652	1.2e-04	0.5480
8001	-109.2814	-109.2814	-81.5985	0.7467	72.6415	0.6651	1.2e-04	0.5435
8002	-109.2748	-109.2748	-80.8737	0.7401	73.4604	0.6725	1.2e-04	0.5457
8003	-109.2873	-109.2873	-81.3901	0.7447	72.9067	0.6673	1.2e-04	0.5455
8004	-109.2750	-109.2750	-81.0254	0.7415	73.2764	0.6709	1.2e-04	0.5466
8005	-109.2984	-109.2984	-81.3551	0.7443	72.9582	0.6678	1.2e-04	0.5457
8006	-109.2874	-109.2874	-81.2691	0.7436	73.0236	0.6685	1.2e-04	0.5455
8007	-109.2866	-109.2866	-80.3034	0.7348	74.0970	0.6783	1.2e-04	0.5465
8008	-109.2759	-109.2759	-81.2816	0.7438	73.0138	0.6684	1.2e-04	0.5449
8009	-109.2911	-109.2911	-81.3451	0.7443	72.9574	0.6678	1.2e-04	0.5447
8010	-109.2830	-109.2830	-81.1580	0.7426	73.1567	0.6697	1.2e-04	0.5434
8011	-109.2861	-109.2861	-80.6962	0.7384	73.6472	0.6742	1.2e-04	0.5461
8012	-109.2724	-109.2724	-81.6805	0.7475	72.5216	0.6639	1.2e-04	0.5458
8013	-109.2988	-109.2988	-80.8557	0.7398	73.4891	0.6728	1.2e-04	0.5465
8014	-109.2765	-109.2765	-80.6694	0.7382	73.6576	0.6743	1.2e-04	0.5456
8015	-109.2759	-109.2759	-81.4596	0.7454	72.8113	0.6666	1.2e-04	0.5446
8016	-109.2667	-109.2667	-82.3965	0.7541	71.7331	0.6568	1.2e-04	0.5447
8017	-109.2696	-109.2696	-82.0045	0.7505	72.1446	0.6606	1.2e-04	0.5459
8018	-109.3066	-109.3066	-81.1825	0.7427	73.1622	0.6696	1.2e-04	0.5450
8019	-109.2859	-109.2859	-81.0727	0.7418	73.2349	0.6705	1.2e-04	0.5468
8020	-109.2787	-109.2787	-81.2173	0.7432	73.0692	0.6690	1.2e-04	0.5436
8021	-109.2754	-109.2754	-81.8548	0.7491	72.3597	0.6625	1.2e-04	0.5457
8022	-109.2703	-109.2703	-81.2338	0.7434	73.0380	0.6688	1.2e-04	0.5468
8023	-109.2782	-109.2782	-81.3803	0.7447	72.8864	0.6674	1.2e-04	0.5443
8024	-109.2656	-109.2656	-81.8612	0.7492	72.2677	0.6617	1.2e-04	0.5442
8025	-109.2878	-109.2878	-81.3914	0.7447	72.8724	0.6671	1.2e-04	0.5469
8026	-109.2780	-109.2780	-81.2704	0.7437	73.0124	0.6685	1.2e-04	0.5472
8027	-109.2789	-109.2789	-80.9739	0.7410	73.3434	0.6715	1.2e-04	0.5466
8028	-109.3004	-109.3004	-81.4889	0.7455	72.7902	0.6664	1.2e-04	0.5460
8029	-109.2680	-109.2680	-80.8897	0.7403	73.4218	0.6723	1.2e-04	0.5452
8030	-109.2762	-109.2762	-82.1228	0.7515	72.0558	0.6597	1.2e-04	0.5446
8031	-109.2711	-109.2711	-80.7774	0.7392	73.5558	0.6734	1.2e-04	0.5445
8032	-109.2737	-109.2737	-80.8979	0.7403	73.4282	0.6723	1.2e-04	0.5440
8033	-109.2722	-109.2722	-82.4999	0.7550	71.6154	0.6557	1.2e-04	0.5443
8034	-109.2841	-109.2841	-81.5716	0.7464	72.6598	0.6652	1.2e-04	0.5442
8035	-109.2924	-109.2924	-81.7379	0.7479	72.4883	0.6637	1.2e-04	0.5441
8036	-109.2864	-109.2864	-81.9869	0.7502	72.2108	0.6611	1.2e-04	0.5470
8037	-109.2944	-109.2944	-81.0832	0.7419	73.2306	0.6703	1.2e-04	0.5464
8038	-109.2765	-109.2765	-80.9021	0.7403	73.4191	0.6722	1.2e-04	0.5448
8039	-109.2865	-109.2865	-80.8379	0.7397	73.5072	0.6729	1.2e-04	0.5452
8040	-109.2955	-109.2955	-81.1454	0.7424	73.1713	0.6699	1.2e-04	0.5441
8041	-109.2783	-109.2783	-81.6635	0.7473	72.5698	0.6644	1.2e-04	0.5446
8042	-109.2944	-109.2944	-81.0292	0.7414	73.2982	0.6710	1.2e-04	0.5456
8043	-109.2655	-109.2655	-81.4429	0.7454	72.8033	0.6665	1.1e-04	0.5462
8044	-109.2746	-109.2746	-80.6095	0.7377	73.7343	0.6751	1.1e-04	0.5461
8045	-109.2826	-109.2826	-81.6689	0.7473	72.5641	0.6644	1.1e-04	0.7149
8046	-109.2612	-109.2612	-81.5166	0.7461	72.7275	0.6659	1.1e-04	0.5460
8047	-109.2746	-109.2746	-81.3595	0.7445	72.8994	0.6675	1.1e-04	0.5450
8048	-109.2661	-109.2661	-81.7327	0.7480	72.4710	0.6637	1.1e-04	0.5438
8049	-109.2742	-109.2742	-81.0234	0.7415	73.2818	0.6710	1.1e-04	0.5448
8050	-109.2724	-109.2724	-81.8105	0.7487	72.4120	0.6629	1.1e-04	0.5458
8051	-109.2695	-109.2695	-82.2707	0.7529	71.8600	0.6580	1.1e-04	0.5443
8052	-109.2607	-109.2607	-80.9209	0.7406	73.3817	0.6719	1.1e-04	0.5446
8053	-109.2763	-109.2763	-81.4914	0.7457	72.7452	0.6660	1.1e-04	0.5471
8054	-109.2792	-109.2792	-81.1862	0.7429	73.1121	0.6694	1.1e-04	0.5453
8055	-109.2917	-109.2917	-81.9503	0.7498	72.2535	0.6615	1.1e-04	0.5453
8056	-109.2727	-109.2727	-81.5340	0.7462	72.7126	0.6657	1.1e-04	0.5434
8057	-109.2770	-109.2770	-80.2899	0.7347	74.1032	0.6783	1.1e-04	0.5452
8058	-109.2953	-109.2953	-80.2237	0.7340	74.1831	0.6791	1.1e-04	0.5467
8059	-109.2981	-109.2981	-81.7852	0.7483	72.4700	0.6634	1.1e-04	0.5443
8060	-109.2878	-109.2878	-80.5564	0.7371	73.8216	0.6757	1.1e-04	0.5444
8061	-109.2674	-109.2674	-80.5983	0.7376	73.7521	0.6752	1.1e-04	0.5473
8062	-109.2503	-109.2503	-80.6501	0.7382	73.6741	0.6746	1.1e-04	0.5459
8063	-109.2847	-109.2847	-80.3222	0.7350	74.0655	0.6781	1.1e-04	0.5448
8064	-109.2819	-109.2819	-80.7790	0.7392	73.5657	0.6735	1.1e-04	0.5443
8065	-109.2892	-109.2892	-80.0036	0.7320	74.4192	0.6813	1.1e-04	0.5450
8066	-109.2752	-109.2752	-79.9503	0.7316	74.4548	0.6817	1.1e-04	0.5470
8067	-109.2856	-109.2856	-81.4322	0.7451	72.8333	0.6668	1.1e-04	0.5464
8068	-109.2684	-109.2684	-80.5868	0.7375	73.7560	0.6753	1.1e-04	0.5448
8069	-109.2658	-109.2658	-80.5172	0.7369	73.8292	0.6760	1.1e-04	0.5459
8070	-109.2813	-109.2813	-80.8635	0.7400	73.4648	0.6726	1.1e-04	0.5459
8071	-109.2901	-109.2901	-80.2311	0.7341	74.1585	0.6790	1.1e-04	0.5453
8072	-109.2797	-109.2797	-80.6094	0.7376	73.7237	0.6750	1.1e-04	0.5446
8073	-109.2704	-109.2704	-81.0333	0.7416	73.2617	0.6709	1.1e-04	0.5450
8074	-109.2761	-109.2761	-81.2412	0.7434	73.0424	0.6688	1.1e-04	0.5441
8075	-109.2656	-109.2656	-80.9453	0.7408	73.3501	0.6717	1.1e-04	0.5455
8076	-109.2799	-109.2799	-80.4823	0.7365	73.8709	0.6764	1.1e-04	0.5470
8077	-109.2761	-109.2761	-79.7221	0.7295	74.6941	0.6839	1.1e-04	0.5460
8078	-109.2799	-109.2799	-80.0454	0.7325	74.3382	0.6807	1.1e-04	0.5451
8079	-109.2933	-109.2933	-79.5697	0.7280	74.8693	0.6854	1.1e-04	0.5450
8080	-109.2969	-109.2969	-80.5583	0.7371	73.7980	0.6755	1.1e-04	0.5437
8081	-109.2560	-109.2560	-80.7127	0.7387	73.6105	0.6740	1.1e-04	0.5451
8082	-109.2966	-109.2966	-79.8410	0.7305	74.5992	0.6829	1.1e-04	0.5452
8083	-109.2764	-109.2764	-79.9537	0.7317	74.4290	0.6814	1.1e-04	0.5457
8084	-109.2641	-109.2641	-79.4950	0.7275	74.9286	0.6861	1.1e-04	0.5472
8085	-109.2722	-109.2722	-79.9369	0.7315	74.4712	0.6818	1.1e-04	0.5450
8086	-109.2851	-109.2851	-80.2739	0.7345	74.1109	0.6784	1.1e-04	0.5442
8087	-109.2861	-109.2861	-79.6758	0.7291	74.7536	0.6843	1.1e-04	0.5440
8088	-109.2918	-109.2918	-80.0521	0.7325	74.3661	0.6808	1.1e-04	0.5460
8089	-109.2712	-109.2712	-80.0169	0.7323	74.3920	0.6810	1.1e-04	0.5461
8090	-109.2767	-109.2767	-79.5978	0.7284	74.8108	0.6849	1.1e-04	0.5456
8091	-109.2776	-109.2776	-79.2943	0.7256	75.1641	0.6881	1.1e-04	0.5481
8092	-109.2708	-109.2708	-80.2316	0.7342	74.1345	0.6787	1.1e-04	0.5461
8093	-109.2790	-109.2790	-79.9080	0.7312	74.5063	0.6821	1.1e-04	0.5446
8094	-109.2955	-109.2955	-80.1878	0.7337	74.2183	0.6794	1.1e-04	0.5446
8095	-109.3075	-109.3075	-80.4309	0.7358	73.9756	0.6772	1.1e-04	0.5446
8096	-109.2873	-109.2873	-80.1476	0.7334	74.2523	0.6798	1.1e-04	0.5457
8097	-109.2696	-109.2696	-79.7927	0.7302	74.6264	0.6832	1.1e-04	0.5458
8098	-109.2778	-109.2778	-79.8379	0.7306	74.5756	0.6828	1.1e-04	0.5451
8099	-109.2780	-109.2780	-80.3242	0.7350	74.0538	0.6779	1.1e-04	0.5449
8100	-109.2779	-109.2779	-79.8804	0.7310	74.5383	0.6824	1.1e-04	0.5467
8101	-109.2782	-109.2782	-78.7797	0.7209	75.6960	0.6930	1.1e-04	0.5439
8102	-109.2913	-109.2913	-79.8938	0.7310	74.5397	0.6824	1.1e-04	0.5458
8103	-109.2770	-109.2770	-79.7739	0.7300	74.6331	0.6834	1.1e-04	0.5469
8104	-109.2772	-109.2772	-81.1458	0.7426	73.1409	0.6697	1.1e-04	0.5432
8105	-109.2748	-109.2748	-80.1342	0.7333	74.2493	0.6798	1.1e-04	0.5447
8106	-109.2727	-109.2727	-81.2066	0.7432	73.0825	0.6691	1.1e-04	0.5461
8107	-109.2931	-109.2931	-80.0669	0.7326	74.3593	0.6807	1.1e-04	0.5441
8108	-109.2857	-109.2857	-80.2958	0.7347	74.0987	0.6784	1.1e-04	0.5464
8109	-109.2921	-109.2921	-79.8407	0.7305	74.5982	0.6828	1.1e-04	0.5476
8110	-109.2734	-109.2734	-79.8522	0.7308	74.5655	0.6826	1.1e-04	0.5477
8111	-109.2821	-109.2821	-79.8851	0.7310	74.5269	0.6824	1.1e-04	0.5462
8112	-109.2651	-109.2651	-79.9763	0.7319	74.4047	0.6813	1.1e-04	0.5450
8113	-109.2721	-109.2721	-79.5610	0.7281	74.8636	0.6855	1.1e-04	0.5467
8114	-109.2903	-109.2903	-79.8692	0.7308	74.5574	0.6825	1.1e-04	0.5434
8115	-109.2920	-109.2920	-79.2445	0.7251	75.2300	0.6886	1.1e-04	0.5444
8116	-109.3014	-109.3014	-80.4584	0.7361	73.9446	0.6768	1.1e-04	0.5445
8117	-109.2791	-109.2791	-79.0774	0.7236	75.3549	0.6899	1.1e-04	0.5458
8118	-109.2590	-109.2590	-79.0471	0.7235	75.3912	0.6903	1.1e-04	0.5468
8119	-109.2599	-109.2599	-79.4127	0.7268	75.0093	0.6868	1.1e-04	0.5465
8120	-109.2801	-109.2801	-79.6075	0.7285	74.8203	0.6850	1.1e-04	0.5461
8121	-109.2870	-109.2870	-80.2663	0.7345	74.1358	0.6787	1.1e-04	0.5455
8122	-109.2928	-109.2928	-79.7046	0.7293	74.7360	0.6841	1.1e-04	0.5447
8123	-109.2916	-109.2916	-79.1778	0.7245	75.2995	0.6893	1.1e-04	0.5448
8124	-109.2611	-109.2611	-79.6689	0.7292	74.7365	0.6843	1.1e-04	0.5472
8125	-109.2711	-109.2711	-80.0239	0.7323	74.3756	0.6809	1.1e-04	0.5462
8126	-109.2820	-109.2820	-79.5246	0.7277	74.9167	0.6859	1.1e-04	0.5452
8127	-109.2836	-109.2836	-80.6303	0.7378	73.7189	0.6749	1.1e-04	0.5443
8128	-109.2804	-109.2804	-79.8944	0.7311	74.5258	0.6822	1.1e-04	0.5452
8129	-109.2842	-109.2842	-80.2782	0.7346	74.1174	0.6785	1.1e-04	0.5442
8130	-109.2981	-109.2981	-80.1692	0.7335	74.2485	0.6797	1.1e-04	0.5467
8131	-109.2887	-109.2887	-80.2694	0.7345	74.1049	0.6785	1.1e-04	0.5444
8132	-109.2691	-109.2691	-80.0643	0.7327	74.3259	0.6804	1.1e-04	0.5448
8133	-109.2822	-109.2822	-80.3237	0.7350	74.0627	0.6780	1.1e-04	0.5464
8134	-109.2858	-109.2858	-80.0544	0.7325	74.3656	0.6807	1.1e-04	0.5477
8135	-109.2735	-109.2735	-79.9203	0.7314	74.4865	0.6820	1.1e-04	0.5472
8136	-109.2980	-109.2980	-79.2863	0.7254	75.1880	0.6883	1.1e-04	0.5443
8137	-109.2581	-109.2581	-80.1578	0.7337	74.1718	0.6791	1.1e-04	0.5443
8138	-109.2911	-109.2911	-80.4175	0.7358	73.9718	0.6772	1.1e-04	0.5444
8139	-109.2853	-109.2853	-80.8910	0.7402	73.4452	0.6724	1.1e-04	0.5452
8140	-109.2790	-109.2790	-80.4403	0.7361	73.9253	0.6769	1.1e-04	0.5463
8141	-109.2963	-109.2963	-80.4274	0.7359	73.9529	0.6771	1.1e-04	0.5469
8142	-109.2894	-109.2894	-80.0407	0.7324	74.3843	0.6809	1.1e-04	0.5467
8143	-109.2870	-109.2870	-80.6195	0.7377	73.7444	0.6751	1.1e-04	0.5486
8144	-109.2778	-109.2778	-79.6904	0.7292	74.7240	0.6842	1.1e-04	0.5485
8145	-109.2668	-109.2668	-80.7014	0.7386	73.6332	0.6740	1.1e-04	0.5461
8146	-109.2827	-109.2827	-81.0383	0.7415	73.2783	0.6708	1.1e-04	0.5444
8147	-109.2954	-109.2954	-80.1655	0.7335	74.2448	0.6797	1.1e-04	0.5452
8148	-109.2613	-109.2613	-80.6371	0.7380	73.6938	0.6747	1.1e-04	0.5471
8149	-109.2839	-109.2839	-80.3957	0.7357	73.9744	0.6774	1.1e-04	0.5446
8150	-109.2758	-109.2758	-79.7602	0.7299	74.6521	0.6834	1.1e-04	0.5443
8151	-109.2746	-109.2746	-80.2999	0.7348	74.0755	0.6781	1.1e-04	0.5453
8152	-109.2881	-109.2881	-79.7514	0.7297	74.6770	0.6836	1.1e-04	0.5465
8153	-109.2838	-109.2838	-80.1856	0.7337	74.2136	0.6794	1.1e-04	0.5453
8154	-109.2837	-109.2837	-81.8915	0.7493	72.3339	0.6622	1.1e-04	0.5459
8155	-109.2913	-109.2913	-80.7627	0.7390	73.5908	0.6737	1.1e-04	0.5447
8156	-109.2739	-109.2739	-80.6866	0.7384	73.6460	0.6742	1.1e-04	0.5463
8157	-109.2741	-109.2741	-80.2313	0.7342	74.1412	0.6789	1.1e-04	0.5451
8158	-109.2818	-109.2818	-79.4679	0.7272	74.9777	0.6864	1.1e-04	0.5441
8159	-109.2872	-109.2872	-79.9778	0.7318	74.4500	0.6815	1.1e-04	0.5446
8160	-109.2782	-109.2782	-80.0303	0.7324	74.3549	0.6807	1.1e-04	0.5432
8161	-109.2758	-109.2758	-80.7946	0.7394	73.5191	0.6731	1.1e-04	0.5462
8162	-109.2834	-109.2834	-80.4103	0.7358	73.9305	0.6769	1.1e-04	0.5462
8163	-109.3027	-109.3027	-79.4265	0.7267	75.0419	0.6869	1.1e-04	0.5439
8164	-109.2776	-109.2776	-80.7742	0.7392	73.5704	0.6735	1.1e-04	0.5447
8165	-109.2916	-109.2916	-80.7470	0.7388	73.6131	0.6739	1.1e-04	0.5447
8166	-109.2675	-109.2675	-80.4936	0.7367	73.8398	0.6761	1.1e-04	0.5449
8167	-109.2714	-109.2714	-80.8214	0.7396	73.5002	0.6729	1.1e-04	0.5448
8168	-109.2788	-109.2788	-79.6238	0.7286	74.7863	0.6847	1.1e-04	0.5460
8169	-109.3034	-109.3034	-79.7173	0.7293	74.7326	0.6842	1.1e-04	0.5453
8170	-109.2604	-109.2604	-81.1169	0.7424	73.1641	0.6699	1.1e-04	0.5443
8171	-109.2787	-109.2787	-80.2900	0.7347	74.1021	0.6783	1.1e-04	0.5449
8172	-109.2775	-109.2775	-80.4515	0.7362	73.9175	0.6767	1.1e-04	0.5461
8173	-109.2882	-109.2882	-79.4649	0.7271	74.9872	0.6865	1.1e-04	0.5456
8174	-109.2716	-109.2716	-80.7386	0.7389	73.5779	0.6737	1.1e-04	0.5468
8175	-109.2658	-109.2658	-80.1702	0.7337	74.2044	0.6794	1.1e-04	0.5438
8176	-109.2926	-109.2926	-80.0217	0.7322	74.3961	0.6811	1.1e-04	0.5453
8177	-109.2918	-109.2918	-81.3057	0.7439	72.9956	0.6683	1.1e-04	0.5450
8178	-109.2777	-109.2777	-79.7615	0.7299	74.6656	0.6835	1.1e-04	0.5451
8179	-109.2874	-109.2874	-80.9677	0.7409	73.3214	0.6713	1.1e-04	0.5450
8180	-109.2892	-109.2892	-80.8298	0.7396	73.5126	0.6731	1.1e-04	0.5470
8181	-109.2735	-109.2735	-80.2211	0.7341	74.1632	0.6790	1.1e-04	0.5459
8182	-109.2763	-109.2763	-79.7619	0.7299	74.6565	0.6835	1.1e-04	0.5475
8183	-109.2755	-109.2755	-81.3451	0.7444	72.9307	0.6677	1.1e-04	0.5465
8184	-109.2954	-109.2954	-80.4168	0.7358	73.9783	0.6772	1.1e-04	0.5459
8185	-109.2636	-109.2636	-79.5402	0.7280	74.8745	0.6855	1.1e-04	0.5452
8186	-109.2787	-109.2787	-80.8708	0.7400	73.4511	0.6725	1.1e-04	0.5448
8187	-109.2934	-109.2934	-80.0312	0.7323	74.3942	0.6810	1.1e-04	0.5454
8188	-109.2726	-109.2726	-79.9510	0.7317	74.4491	0.6816	1.1e-04	0.5456
8189	-109.3029	-109.3029	-80.5580	0.7370	73.8111	0.6757	1.1e-04	0.5464
8190	-109.2623	-109.2623	-80.4913	0.7367	73.8365	0.6761	1.1e-04	0.5459
8191	-109.2693	-109.2693	-81.0436	0.7417	73.2411	0.6706	1.1e-04	0.5475
8192	-109.2768	-109.2768	-80.8239	0.7396	73.4999	0.6729	1.1e-04	0.5469
8193	-109.2767	-109.2767	-80.7236	0.7387	73.6029	0.6739	1.1e-04	0.5457
8194	-109.2766	-109.2766	-80.1469	0.7334	74.2392	0.6797	1.1e-04	0.5455
8195	-109.2784	-109.2784	-79.7112	0.7294	74.7176	0.6840	1.1e-04	0.5444
8196	-109.2877	-109.2877	-79.4850	0.7273	74.9654	0.6862	1.1e-04	0.5443
8197	-109.2890	-109.2890	-79.5573	0.7280	74.8899	0.6856	1.1e-04	0.5450
8198	-109.2801	-109.2801	-80.2634	0.7345	74.1144	0.6786	1.1e-04	0.5463
8199	-109.2736	-109.2736	-80.6855	0.7384	73.6398	0.6742	1.1e-04	0.5454
8200	-109.2771	-109.2771	-79.6786	0.7291	74.7405	0.6844	1.1e-04	0.5447
8201	-109.2829	-109.2829	-80.1803	0.7337	74.2180	0.6794	1.1e-04	0.5438
8202	-109.2901	-109.2901	-80.3676	0.7354	74.0162	0.6776	1.1e-04	0.5449
8203	-109.2743	-109.2743	-80.1893	0.7338	74.2081	0.6793	1.1e-04	0.5472
8204	-109.2710	-109.2710	-80.4967	0.7367	73.8572	0.6762	1.1e-04	0.5451
8205	-109.2772	-109.2772	-79.7769	0.7300	74.6411	0.6834	1.1e-04	0.5449
8206	-109.2814	-109.2814	-80.7029	0.7385	73.6437	0.6742	1.1e-04	0.5469
8207	-109.2853	-109.2853	-79.4485	0.7270	75.0018	0.6867	1.1e-04	0.5462
8208	-109.2987	-109.2987	-80.2694	0.7344	74.1239	0.6786	1.1e-04	0.5445
8209	-109.2784	-109.2784	-79.3350	0.7260	75.1032	0.6876	1.1e-04	0.5451
8210	-109.2757	-109.2757	-79.9914	0.7320	74.4218	0.6813	1.1e-04	0.5450
8211	-109.2672	-109.2672	-80.4596	0.7364	73.8943	0.6766	1.1e-04	0.5468
8212	-109.2930	-109.2930	-79.6468	0.7287	74.8009	0.6848	1.1e-04	0.5458
8213	-109.2454	-109.2454	-80.4591	0.7365	73.8646	0.6764	1.1e-04	0.5473
8214	-109.2611	-109.2611	-79.8578	0.7309	74.5295	0.6825	1.1e-04	0.5462
8215	-109.2875	-109.2875	-80.3338	0.7351	74.0566	0.6780	1.1e-04	0.5457
8216	-109.2799	-109.2799	-79.6171	0.7286	74.8192	0.6850	1.1e-04	0.5441
8217	-109.2783	-109.2783	-79.7841	0.7301	74.6388	0.6833	1.1e-04	0.5451
8218	-109.2855	-109.2855	-79.4655	0.7271	74.9798	0.6864	1.1e-04	0.5454
8219	-109.2749	-109.2749	-79.5693	0.7282	74.8560	0.6853	1.1e-04	0.5462
8220	-109.2557	-109.2557	-80.3117	0.7351	74.0246	0.6778	1.1e-04	0.5473
8221	-109.2774	-109.2774	-80.3823	0.7356	73.9869	0.6774	1.1e-04	0.5468
8222	-109.2853	-109.2853	-79.6448	0.7288	74.7735	0.6845	1.1e-04	0.5470
8223	-109.2753	-109.2753	-79.2021	0.7248	75.2559	0.6889	1.1e-04	0.5473
8224	-109.2804	-109.2804	-79.9066	0.7312	74.5096	0.6822	1.1e-04	0.5461
8225	-109.2825	-109.2825	-79.3557	0.7262	75.0954	0.6875	1.1e-04	0.5462
8226	-109.2731	-109.2731	-79.5326	0.7278	74.8878	0.6856	1.1e-04	0.5462
8227	-109.2694	-109.2694	-80.0564	0.7327	74.3338	0.6806	1.1e-04	0.5440
8228	-109.2827	-109.2827	-80.0371	0.7324	74.3736	0.6808	1.1e-04	0.5443
8229	-109.2792	-109.2792	-79.7758	0.7300	74.6508	0.6834	1.1e-04	0.5449
8230	-109.2742	-109.2742	-78.4968	0.7183	75.9886	0.6957	1.1e-04	0.5463
8231	-109.2907	-109.2907	-79.8405	0.7305	74.5882	0.6828	1.1e-04	0.5469
8232	-109.2601	-109.2601	-79.4532	0.7272	74.9627	0.6864	1.1e-04	0.5476
8233	-109.2827	-109.2827	-79.9953	0.7320	74.4193	0.6813	1.1e-04	0.5471
8234	-109.2677	-109.2677	-79.2516	0.7253	75.1879	0.6884	1.1e-04	0.5436
8235	-109.2723	-109.2723	-80.2363	0.7343	74.1512	0.6788	1.1e-04	0.5450
8236	-109.2693	-109.2693	-80.3978	0.7358	73.9650	0.6772	1.1e-04	0.5467
8237	-109.2875	-109.2875	-79.1805	0.7245	75.2845	0.6892	1.1e-04	0.5470
8238	-109.2978	-109.2978	-80.0994	0.7329	74.3243	0.6804	1.1e-04	0.5462
8239	-109.2672	-109.2672	-80.0229	0.7324	74.3712	0.6809	1.1e-04	0.5444
8240	-109.2866	-109.2866	-79.8544	0.7307	74.5702	0.6827	1.1e-04	0.5468
8241	-109.2880	-109.2880	-80.9107	0.7403	73.4137	0.6722	1.1e-04	0.5443
8242	-109.2748	-109.2748	-79.8261	0.7305	74.5859	0.6829	1.1e-04	0.5477
8243	-109.2873	-109.2873	-80.0131	0.7321	74.3978	0.6811	1.1e-04	0.5475
8244	-109.2684	-109.2684	-79.7815	0.7301	74.5962	0.6831	1.1e-04	0.5459
8245	-109.2743	-109.2743	-79.6848	0.7292	74.7256	0.6843	1.1e-04	0.5769
8246	-109.2741	-109.2741	-79.8062	0.7303	74.6077	0.6831	1.1e-04	0.5453
8247	-109.2995	-109.2995	-78.7515	0.7205	75.7507	0.6934	1.1e-04	0.5454
8248	-109.2797	-109.2797	-78.5278	0.7186	75.9552	0.6954	1.1e-04	0.5441
8249	-109.2845	-109.2845	-80.2499	0.7343	74.1417	0.6788	1.1e-04	0.5448
8250	-109.2700	-109.2700	-79.7207	0.7296	74.6927	0.6839	1.1e-04	0.5453
8251	-109.2915	-109.2915	-80.5209	0.7368	73.8506	0.6761	1.1e-04	0.5450
8252	-109.2715	-109.2715	-79.5086	0.7276	74.9144	0.6860	1.1e-04	0.5466
8253	-109.2582	-109.2582	-79.3759	0.7265	75.0621	0.6872	1.1e-04	0.5461
8254	-109.2801	-109.2801	-79.3284	0.7259	75.1290	0.6878	1.1e-04	0.5478
8255	-109.2863	-109.2863	-79.8374	0.7305	74.5892	0.6829	1.1e-04	0.5478
8256	-109.2781	-109.2781	-79.3410	0.7260	75.0987	0.6875	1.1e-04	0.5464
8257	-109.2845	-109.2845	-79.4886	0.7274	74.9399	0.6861	1.1e-04	0.5478
8258	-109.2660	-109.2660	-79.5358	0.7279	74.8948	0.6857	1.1e-04	0.5758
8259	-109.2739	-109.2739	-79.8941	0.7311	74.4964	0.6820	1.1e-04	0.5446
8260	-109.2849	-109.2849	-79.8648	0.7308	74.5531	0.6825	1.1e-04	0.5471
8261	-109.2732	-109.2732	-79.7818	0.7301	74.6177	0.6831	1.1e-04	0.5451
8262	-109.2700	-109.2700	-79.4459	0.7271	74.9988	0.6866	1.1e-04	0.5452
8263	-109.2817	-109.2817	-80.1096	0.7331	74.2716	0.6800	1.1e-04	0.5465
8264	-109.2833	-109.2833	-80.4861	0.7365	73.8720	0.6764	1.1e-04	0.5442
8265	-109.2880	-109.2880	-79.7322	0.7296	74.6993	0.6838	1.1e-04	0.5474
8266	-109.2945	-109.2945	-79.6656	0.7289	74.7858	0.6846	1.1e-04	0.5465
8267	-109.2710	-109.2710	-79.2538	0.7253	75.1905	0.6884	1.1e-04	0.5457
8268	-109.2737	-109.2737	-80.3151	0.7350	74.0475	0.6779	1.1e-04	0.5465
8269	-109.2857	-109.2857	-79.6187	0.7285	74.8009	0.6848	1.1e-04	0.5465
8270	-109.2767	-109.2767	-78.9793	0.7227	75.4511	0.6907	1.1e-04	0.5453
8271	-109.2650	-109.2650	-80.3275	0.7352	74.0263	0.6778	1.1e-04	0.5458
8272	-109.2736	-109.2736	-80.0180	0.7323	74.3825	0.6810	1.1e-04	0.5446
8273	-109.3031	-109.3031	-79.9416	0.7314	74.4968	0.6820	1.1e-04	0.5457
8274	-109.2704	-109.2704	-79.6966	0.7294	74.7287	0.6841	1.1e-04	0.5466
8275	-109.2694	-109.2694	-79.5145	0.7277	74.9014	0.6858	1.1e-04	0.5443
8276	-109.2734	-109.2734	-79.8386	0.7306	74.5615	0.6828	1.1e-04	0.5464
8277	-109.2882	-109.2882	-80.4245	0.7359	73.9730	0.6771	1.1e-04	0.5464
8278	-109.3005	-109.3005	-79.1271	0.7239	75.3565	0.6899	1.1e-04	0.5787
8279	-109.2895	-109.2895	-80.0724	0.7327	74.3316	0.6804	1.1e-04	0.5470
8280	-109.2768	-109.2768	-80.2080	0.7340	74.1753	0.6791	1.1e-04	0.5444
8281	-109.2709	-109.2709	-79.5486	0.7280	74.8788	0.6856	1.1e-04	0.5468
8282	-109.2764	-109.2764	-79.7015	0.7294	74.7213	0.6841	1.1e-04	0.5475
8283	-109.2874	-109.2874	-80.2365	0.7342	74.1622	0.6789	1.1e-04	0.5463
8284	-109.2688	-109.2688	-79.9584	0.7318	74.4315	0.6815	1.1e-04	0.5440
8285	-109.2811	-109.2811	-80.0796	0.7328	74.3186	0.6804	1.1e-04	0.5451
8286	-109.2771	-109.2771	-80.2945	0.7348	74.0861	0.6783	1.1e-04	0.5451
8287	-109.2845	-109.2845	-80.3014	0.7348	74.0832	0.6782	1.1e-04	0.5450
8288	-109.2876	-109.2876	-79.3417	0.7260	75.0981	0.6875	1.1e-04	0.5457
8289	-109.2842	-109.2842	-79.9814	0.7319	74.4372	0.6814	1.1e-04	0.5474
8290	-109.2825	-109.2825	-79.9353	0.7315	74.4582	0.6817	1.1e-04	0.5788
8291	-109.2969	-109.2969	-80.1261	0.7331	74.2973	0.6801	1.1e-04	0.5444
8292	-109.2982	-109.2982	-79.6710	0.7289	74.7740	0.6845	1.1e-04	0.5458
8293	-109.2892	-109.2892	-80.8412	0.7397	73.4902	0.6728	1.1e-04	0.5460
8294	-109.2792	-109.2792	-80.2325	0.7342	74.1528	0.6789	1.1e-04	0.5463
8295	-109.2797	-109.2797	-80.1457	0.7334	74.2441	0.6798	1.1e-04	0.5462
8296	-109.2854	-109.2854	-80.1004	0.7329	74.3206	0.6803	1.1e-04	0.5462
8297	-109.2827	-109.2827	-79.6315	0.7287	74.8116	0.6849	1.1e-04	0.5441
8298	-109.2737	-109.2737	-79.9305	0.7315	74.4622	0.6817	1.1e-04	0.5455
8299	-109.2797	-109.2797	-79.7639	0.7299	74.6531	0.6835	1.1e-04	0.5456
8300	-109.2720	-109.2720	-79.6520	0.7289	74.7266	0.6842	1.1e-04	0.5451
8301	-109.2611	-109.2611	-80.8188	0.7397	73.4829	0.6729	1.1e-04	0.5431
8302	-109.2890	-109.2890	-79.9855	0.7319	74.4275	0.6814	1.1e-04	0.5456
8303	-109.2649	-109.2649	-79.9854	0.7320	74.3977	0.6812	1.1e-04	0.5445
8304	-109.2860	-109.2860	-79.7412	0.7297	74.6939	0.6837	1.1e-04	0.5448
8305	-109.2733	-109.2733	-79.8193	0.7305	74.5982	0.6830	1.1e-04	0.5455
8306	-109.2711	-109.2711	-79.7601	0.7299	74.6609	0.6835	1.1e-04	0.5455
8307	-109.2787	-109.2787	-79.9582	0.7317	74.4279	0.6815	1.1e-04	0.5459
8308	-109.2693	-109.2693	-79.0736	0.7237	75.3654	0.6901	1.1e-04	0.5487
8309	-109.2722	-109.2722	-79.9483	0.7316	74.4412	0.6815	1.1e-04	0.5464
8310	-109.2723	-109.2723	-79.6521	0.7289	74.7669	0.6845	1.1e-04	0.5672
8311	-109.2821	-109.2821	-79.6540	0.7289	74.7913	0.6846	1.1e-04	0.5445
8312	-109.2860	-109.2860	-79.1485	0.7242	75.3082	0.6895	1.1e-04	0.5448
8313	-109.2707	-109.2707	-80.3580	0.7354	73.9891	0.6774	1.1e-04	0.5476
8314	-109.2977	-109.2977	-79.8754	0.7308	74.5626	0.6826	1.1e-04	0.5453
8315	-109.2779	-109.2779	-79.9677	0.7318	74.4238	0.6814	1.1e-04	0.5447
8316	-109.2813	-109.2813	-79.7733	0.7300	74.6031	0.6830	1.1e-04	0.5465
8317	-109.2713	-109.2713	-79.5575	0.7281	74.8635	0.6854	1.1e-04	0.5450
8318	-109.2732	-109.2732	-80.0144	0.7322	74.3766	0.6810	1.1e-04	0.5471
8319	-109.2832	-109.2832	-81.0075	0.7413	73.3014	0.6712	1.1e-04	0.5452
8320	-109.2751	-109.2751	-79.7480	0.7298	74.6763	0.6836	1.1e-04	0.5444
8321	-109.2831	-109.2831	-79.6320	0.7287	74.8078	0.6848	1.1e-04	0.5459
8322	-109.2880	-109.2880	-79.7398	0.7296	74.6961	0.6838	1.1e-04	0.5469
8323	-109.2723	-109.2723	-79.8054	0.7303	74.6032	0.6830	1.1e-04	0.5474
8324	-109.2734	-109.2734	-80.1211	0.7332	74.2709	0.6800	1.1e-04	0.5448
8325	-109.2845	-109.2845	-79.2897	0.7255	75.1636	0.6882	1.1e-04	0.5462
8326	-109.2716	-109.2716	-79.9230	0.7314	74.4347	0.6816	1.1e-04	0.5470
8327	-109.2877	-109.2877	-79.3424	0.7260	75.1144	0.6877	1.1e-04	0.5572
8328	-109.2785	-109.2785	-79.7174	0.7295	74.7026	0.6840	1.1e-04	0.5461
8329	-109.2832	-109.2832	-79.6674	0.7290	74.7554	0.6844	1.1e-04	0.5470
8330	-109.2925	-109.2925	-79.1377	0.7241	75.3252	0.6897	1.1e-04	0.5472
8331	-109.2769	-109.2769	-79.1880	0.7247	75.2644	0.6890	1.1e-04	0.5449
8332	-109.3046	-109.3046	-79.6397	0.7286	74.8166	0.6849	1.1e-04	0.5468
8333	-109.2777	-109.2777	-80.0565	0.7326	74.3515	0.6807	1.1e-04	0.5469
8334	-109.2891	-109.2891	-78.8208	0.7212	75.6652	0.6927	1.1e-04	0.5452
8335	-109.2928	-109.2928	-79.6489	0.7288	74.7865	0.6846	1.1e-04	0.5447
8336	-109.2764	-109.2764	-79.7319	0.7296	74.6907	0.6838	1.1e-04	0.5462
8337	-109.2925	-109.2925	-79.5812	0.7281	74.8802	0.6854	1.1e-04	0.5464
8338	-109.2841	-109.2841	-80.2085	0.7339	74.1639	0.6790	1.1e-04	0.5472
8339	-109.2711	-109.2711	-79.1086	0.7240	75.3285	0.6897	1.1e-04	0.5455
8340	-109.2899	-109.2899	-79.3690	0.7262	75.0782	0.6873	1.1e-04	0.5446
8341	-109.2808	-109.2808	-79.1448	0.7242	75.3187	0.6896	1.1e-04	0.5448
8342	-109.2796	-109.2796	-79.6140	0.7285	74.8190	0.6850	1.1e-04	0.5448
8343	-109.2958	-109.2958	-80.1313	0.7332	74.2832	0.6800	1.1e-04	0.5467
8344	-109.2782	-109.2782	-79.3714	0.7263	75.0808	0.6873	1.1e-04	0.5467
8345	-109.2888	-109.2888	-79.9230	0.7313	74.5064	0.6820	1.1e-04	0.5483
8346	-109.2833	-109.2833	-79.7957	0.7302	74.6287	0.6832	1.1e-04	0.5462
8347	-109.2810	-109.2810	-79.8428	0.7306	74.5748	0.6827	1.1e-04	0.5454
8348	-109.2788	-109.2788	-79.5184	0.7277	74.9168	0.6859	1.1e-04	0.5444
8349	-109.3015	-109.3015	-79.5239	0.7276	74.9391	0.6860	1.1e-04	0.5458
8350	-109.2767	-109.2767	-79.0099	0.7230	75.4472	0.6907	1.1e-04	0.5474
8351	-109.2801	-109.2801	-79.7596	0.7299	74.6712	0.6836	1.1e-04	0.5448
8352	-109.2883	-109.2883	-80.0204	0.7322	74.3940	0.6810	1.1e-04	0.5455
8353	-109.2859	-109.2859	-79.3521	0.7261	75.1043	0.6876	1.1e-04	0.5462
8354	-109.2825	-109.2825	-79.5708	0.7281	74.8666	0.6854	1.1e-04	0.5442
8355	-109.2862	-109.2862	-80.0189	0.7322	74.3864	0.6810	1.1e-04	0.5460
8356	-109.2925	-109.2925	-79.5684	0.7280	74.8708	0.6855	1.1e-04	0.5479
8357	-109.2725	-109.2725	-79.5646	0.7281	74.8678	0.6854	1.1e-04	0.5478
8358	-109.2838	-109.2838	-80.2112	0.7340	74.1854	0.6791	1.1e-04	0.5468
8359	-109.2722	-109.2722	-79.9265	0.7314	74.4824	0.6819	1.1e-04	0.5453
8360	-109.2771	-109.2771	-79.5399	0.7279	74.8685	0.6853	1.1e-04	0.5444
8361	-109.2700	-109.2700	-79.7198	0.7296	74.6897	0.6839	1.1e-04	0.5451
8362	-109.2821	-109.2821	-79.6966	0.7293	74.7292	0.6841	1.1e-04	0.5451
8363	-109.2902	-109.2902	-79.7805	0.7300	74.6552	0.6834	1.1e-04	0.5443
8364	-109.2768	-109.2768	-79.4182	0.7268	75.0153	0.6868	1.1e-04	0.5450
8365	-109.2881	-109.2881	-79.5504	0.7279	74.8821	0.6855	1.1e-04	0.5441
8366	-109.2921	-109.2921	-79.3725	0.7262	75.0931	0.6874	1.1e-04	0.5457
8367	-109.2878	-109.2878	-80.2791	0.7346	74.1180	0.6785	1.1e-04	0.5466
8368	-109.2751	-109.2751	-80.7502	0.7390	73.5914	0.6737	1.1e-04	0.5476
8369	-109.2869	-109.2869	-80.6313	0.7378	73.6899	0.6747	1.1e-04	0.5477
8370	-109.2976	-109.2976	-80.0320	0.7322	74.3978	0.6810	1.1e-04	0.5474
8371	-109.2794	-109.2794	-79.8164	0.7304	74.6117	0.6830	1.1e-04	0.5473
8372	-109.2905	-109.2905	-79.8572	0.7307	74.5637	0.6826	1.1e-04	0.5456
8373	-109.2746	-109.2746	-80.3211	0.7350	74.0601	0.6780	1.1e-04	0.5446
8374	-109.2836	-109.2836	-79.7957	0.7302	74.6266	0.6833	1.1e-04	0.5453
8375	-109.2761	-109.2761	-79.6110	0.7285	74.8236	0.6850	1.1e-04	0.5449
8376	-109.2721	-109.2721	-80.1388	0.7334	74.2178	0.6796	1.1e-04	0.5445
8377	-109.2963	-109.2963	-80.1976	0.7338	74.2303	0.6794	1.1e-04	0.5473
8378	-109.2939	-109.2939	-79.9410	0.7314	74.4843	0.6819	1.1e-04	0.5477
8379	-109.2836	-109.2836	-80.4486	0.7361	73.9250	0.6768	1.1e-04	0.5475
8380	-109.2896	-109.2896	-80.5005	0.7366	73.8931	0.6763	1.1e-04	0.5473
8381	-109.2946	-109.2946	-80.8412	0.7397	73.5048	0.6729	1.1e-04	0.5468
8382	-109.2637	-109.2637	-80.4656	0.7364	73.8722	0.6764	1.1e-04	0.5471
8383	-109.2824	-109.2824	-80.5007	0.7366	73.8734	0.6763	1.1e-04	0.5467
8384	-109.2787	-109.2787	-80.3879	0.7356	73.9822	0.6774	1.1e-04	0.5463
8385	-109.2913	-109.2913	-81.1457	0.7425	73.1709	0.6699	1.1e-04	0.5460
8386	-109.2687	-109.2687	-80.7740	0.7392	73.5440	0.6734	1.1e-04	0.5457
8387	-109.2728	-109.2728	-80.9512	0.7408	73.3449	0.6715	1.1e-04	0.5467
8388	-109.2795	-109.2795	-81.4232	0.7451	72.8368	0.6669	1.1e-04	0.5455
8389	-109.2802	-109.2802	-80.9453	0.7407	73.3850	0.6718	1.1e-04	0.5471
8390	-109.2767	-109.2767	-80.9899	0.7411	73.3245	0.6713	1.1e-04	0.5476
8391	-109.2791	-109.2791	-80.3313	0.7351	74.0467	0.6780	1.1e-04	0.5449
8392	-109.2775	-109.2775	-80.3824	0.7356	73.9833	0.6773	1.1e-04	0.5449
8393	-109.2864	-109.2864	-81.1194	0.7423	73.1950	0.6701	1.1e-04	0.5476
8394	-109.3026	-109.3026	-80.7654	0.7389	73.6019	0.6738	1.1e-04	0.5468
8395	-109.2732	-109.2732	-80.9664	0.7410	73.3522	0.6715	1.1e-04	0.5449
8396	-109.2750	-109.2750	-80.4199	0.7359	73.9405	0.6770	1.1e-04	0.5452
8397	-109.2938	-109.2938	-80.6782	0.7382	73.6786	0.6745	1.1e-04	0.5450
8398	-109.2790	-109.2790	-81.0072	0.7413	73.2950	0.6710	1.1e-04	0.5449
8399	-109.2640	-109.2640	-81.6352	0.7471	72.5815	0.6646	1.1e-04	0.5451
8400	-109.2758	-109.2758	-80.8282	0.7397	73.5127	0.6730	1.1e-04	0.5457
8401	-109.2857	-109.2857	-80.9843	0.7410	73.3223	0.6712	1.1e-04	0.5434
8402	-109.2870	-109.2870	-80.1334	0.7332	74.2733	0.6799	1.1e-04	0.5472
8403	-109.2604	-109.2604	-80.2469	0.7345	74.0604	0.6781	1.1e-04	0.5469
8404	-109.2854	-109.2854	-80.8582	0.7399	73.4780	0.6727	1.1e-04	0.5462
8405	-109.2783	-109.2783	-80.2718	0.7346	74.1181	0.6785	1.1e-04	0.5488
8406	-109.2830	-109.2830	-81.0940	0.7421	73.2195	0.6703	1.1e-04	0.5455
8407	-109.2701	-109.2701	-80.5612	0.7373	73.7887	0.6756	1.1e-04	0.5453
8408	-109.2747	-109.2747	-80.5862	0.7375	73.7788	0.6754	1.1e-04	0.5441
8409	-109.2826	-109.2826	-80.3381	0.7351	74.0479	0.6779	1.1e-04	0.5442
8410	-109.2751	-109.2751	-81.2698	0.7437	73.0031	0.6684	1.1e-04	0.5455
8411	-109.2747	-109.2747	-81.2713	0.7437	72.9820	0.6683	1.1e-04	0.5467
8412	-109.2979	-109.2979	-81.6189	0.7468	72.6503	0.6651	1.1e-04	0.5468
8413	-109.2948	-109.2948	-81.2306	0.7432	73.0781	0.6690	1.1e-04	0.5462
8414	-109.2700	-109.2700	-80.7727	0.7392	73.5552	0.6734	1.1e-04	0.5458
8415	-109.2947	-109.2947	-80.6508	0.7379	73.7185	0.6749	1.1e-04	0.5476
8416	-109.2992	-109.2992	-79.7168	0.7293	74.7318	0.6841	1.1e-04	0.5452
8417	-109.2775	-109.2775	-80.7754	0.7392	73.5557	0.6735	1.1e-04	0.5461
8418	-109.2866	-109.2866	-80.5393	0.7370	73.8267	0.6759	1.1e-04	0.5449
8419	-109.2637	-109.2637	-80.1834	0.7339	74.1868	0.6793	1.1e-04	0.5447
8420	-109.2792	-109.2792	-80.3210	0.7350	74.0578	0.6781	1.1e-04	0.5452
8421	-109.2916	-109.2916	-79.5176	0.7276	74.9295	0.6860	1.1e-04	0.5474
8422	-109.2738	-109.2738	-80.4991	0.7367	73.8721	0.6762	1.1e-04	0.5471
8423	-109.2901	-109.2901	-81.1216	0.7423	73.1958	0.6701	1.1e-04	0.5468
8424	-109.2924	-109.2924	-81.0775	0.7418	73.2473	0.6706	1.1e-04	0.5453
8425	-109.2730	-109.2730	-80.8846	0.7402	73.4355	0.6723	1.1e-04	0.5470
8426	-109.2770	-109.2770	-81.0985	0.7421	73.2095	0.6702	1.1e-04	0.5465
8427	-109.2581	-109.2581	-80.8159	0.7397	73.4782	0.6729	1.1e-04	0.5449
8428	-109.2779	-109.2779	-80.9633	0.7409	73.3538	0.6716	1.1e-04	0.5479
8429	-109.2654	-109.2654	-80.3138	0.7350	74.0542	0.6780	1.1e-04	0.5486
8430	-109.2795	-109.2795	-79.9449	0.7316	74.4693	0.6818	1.1e-04	0.5451
8431	-109.2910	-109.2910	-80.9658	0.7408	73.3700	0.6717	1.1e-04	0.5450
8432	-109.2763	-109.2763	-80.8800	0.7401	73.4447	0.6724	1.1e-04	0.5465
8433	-109.2611	-109.2611	-80.6416	0.7381	73.6955	0.6747	1.1e-04	0.5462
8434	-109.2466	-109.2466	-81.4946	0.7460	72.7117	0.6660	1.1e-04	0.5464
8435	-109.2841	-109.2841	-80.6562	0.7380	73.6923	0.6747	1.1e-04	0.5469
8436	-109.2921	-109.2921	-80.6747	0.7382	73.6945	0.6746	1.1e-04	0.5462
8437	-109.2721	-109.2721	-80.3001	0.7349	74.0753	0.6782	1.1e-04	0.5450
8438	-109.2848	-109.2848	-81.1566	0.7426	73.1510	0.6697	1.1e-04	0.5456
8439	-109.2697	-109.2697	-81.0008	0.7413	73.2941	0.6711	1.1e-04	0.5447
8440	-109.2879	-109.2879	-80.9338	0.7406	73.3837	0.6718	1.1e-04	0.5435
8441	-109.2795	-109.2795	-79.9694	0.7318	74.4378	0.6815	1.1e-04	0.5465
8442	-109.2714	-109.2714	-81.2991	0.7440	72.9729	0.6682	1.1e-04	0.5461
8443	-109.2886	-109.2886	-80.8798	0.7401	73.4222	0.6721	1.1e-04	0.5475
8444	-109.2585	-109.2585	-80.9971	0.7413	73.2817	0.6711	1.1e-04	0.5482
8445	-109.2918	-109.2918	-80.2601	0.7344	74.1306	0.6786	1.1e-04	0.5470
8446	-109.2908	-109.2908	-81.3832	0.7446	72.8577	0.6670	1.1e-04	0.5479
8447	-109.2791	-109.2791	-81.3365	0.7443	72.9367	0.6678	1.1e-04	0.5473
8448	-109.2709	-109.2709	-80.3131	0.7350	74.0632	0.6781	1.1e-04	0.5458
8449	-109.2756	-109.2756	-80.8070	0.7395	73.5326	0.6732	1.1e-04	0.5457
8450	-109.2872	-109.2872	-79.8912	0.7310	74.5286	0.6823	1.1e-04	0.5470
8451	-109.2854	-109.2854	-80.1482	0.7334	74.2477	0.6797	1.1e-04	0.5459
8452	-109.2866	-109.2866	-80.3594	0.7353	74.0105	0.6776	1.1e-04	0.5450
8453	-109.2768	-109.2768	-80.7252	0.7387	73.6174	0.6740	1.1e-04	0.5449
8454	-109.2683	-109.2683	-80.1027	0.7331	74.2949	0.6801	1.1e-04	0.5454
8455	-109.2967	-109.2967	-80.2031	0.7338	74.1938	0.6792	1.1e-04	0.5467
8456	-109.2734	-109.2734	-80.2556	0.7344	74.1138	0.6786	1.1e-04	0.5468
8457	-109.2773	-109.2773	-79.7189	0.7295	74.7012	0.6839	1.1e-04	0.5457
8458	-109.2780	-109.2780	-80.1744	0.7337	74.2087	0.6795	1.1e-04	0.5452
8459	-109.2845	-109.2845	-80.8308	0.7396	73.5126	0.6730	1.1e-04	0.5445
8460	-109.2667	-109.2667	-79.9530	0.7317	74.4464	0.6816	1.1e-04	0.5475
8461	-109.2742	-109.2742	-80.3616	0.7354	74.0037	0.6776	1.1e-04	0.5469
8462	-109.2807	-109.2807	-79.6774	0.7291	74.7403	0.6842	1.1e-04	0.5455
8463	-109.2895	-109.2895	-80.3042	0.7348	74.0880	0.6783	1.1e-04	0.5461
8464	-109.2781	-109.2781	-79.7620	0.7299	74.6587	0.6836	1.1e-04	0.5818
8465	-109.2820	-109.2820	-80.0127	0.7322	74.3922	0.6811	1.1e-04	0.5453
8466	-109.2935	-109.2935	-79.9102	0.7312	74.5260	0.6822	1.1e-04	0.5457
8467	-109.2719	-109.2719	-80.5430	0.7371	73.8092	0.6758	1.1e-04	0.5472
8468	-109.2704	-109.2704	-79.8331	0.7306	74.5693	0.6828	1.1e-04	0.5446
8469	-109.2862	-109.2862	-79.6392	0.7287	74.7897	0.6848	1.1e-04	0.5459
8470	-109.2697	-109.2697	-80.0554	0.7326	74.3278	0.6806	1.1e-04	0.5471
8471	-109.2807	-109.2807	-79.9417	0.7315	74.4747	0.6817	1.1e-04	0.5455
8472	-109.2824	-109.2824	-79.5519	0.7279	74.8882	0.6856	1.1e-04	0.5448
8473	-109.2781	-109.2781	-80.2895	0.7347	74.0996	0.6783	1.1e-04	0.5462
8474	-109.2806	-109.2806	-80.7247	0.7387	73.6029	0.6739	1.1e-04	0.5452
8475	-109.2925	-109.2925	-80.6876	0.7383	73.6528	0.6744	1.1e-04	0.5449
8476	-109.2663	-109.2663	-80.1288	0.7333	74.2445	0.6798	1.1e-04	0.5458
8477	-109.2780	-109.2780	-79.9673	0.7318	74.4428	0.6815	1.1e-04	0.5460
8478	-109.2697	-109.2697	-80.0250	0.7324	74.3636	0.6809	1.1e-04	0.5464
8479	-109.2536	-109.2536	-79.3716	0.7265	75.0121	0.6869	1.1e-04	0.5463
8480	-109.2806	-109.2806	-79.1274	0.7241	75.3291	0.6897	1.1e-04	0.5462
8481	-109.2822	-109.2822	-80.3420	0.7352	74.0419	0.6779	1.1e-04	0.5449
8482	-109.2743	-109.2743	-79.7405	0.7297	74.5882	0.6829	1.1e-04	0.5439
8483	-109.3113	-109.3113	-78.6481	0.7195	75.8632	0.6944	1.1e-04	0.5455
8484	-109.2758	-109.2758	-80.2673	0.7345	74.1262	0.6785	1.1e-04	0.5453
8485	-109.2735	-109.2735	-79.3901	0.7265	75.0368	0.6870	1.1e-04	0.5463
8486	-109.2802	-109.2802	-78.7612	0.7207	75.7117	0.6932	1.1e-04	0.5480
8487	-109.2863	-109.2863	-79.6151	0.7285	74.7974	0.6848	1.1e-04	0.5465
8488	-109.2936	-109.2936	-80.2979	0.7347	74.1049	0.6784	1.1e-04	0.5462
8489	-109.2814	-109.2814	-79.3429	0.7260	75.1034	0.6876	1.1e-04	0.5475
8490	-109.2917	-109.2917	-79.5169	0.7276	74.9313	0.6860	1.1e-04	0.5471
8491	-109.2697	-109.2697	-79.2953	0.7257	75.1383	0.6880	1.1e-04	0.5460
8492	-109.2794	-109.2794	-80.7969	0.7394	73.5416	0.6733	1.1e-04	0.5443
8493	-109.2776	-109.2776	-80.2558	0.7344	74.1332	0.6787	1.1e-04	0.5451
8494	-109.2766	-109.2766	-79.3350	0.7260	75.1078	0.6876	1.1e-04	0.5710
8495	-109.2838	-109.2838	-79.6800	0.7291	74.7590	0.6844	1.1e-04	0.5441
8496	-109.2644	-109.2644	-79.9827	0.7320	74.4045	0.6813	1.1e-04	0.5453
8497	-109.2894	-109.2894	-79.5415	0.7278	74.9130	0.6857	1.1e-04	0.5472
8498	-109.2735	-109.2735	-79.5013	0.7275	74.9245	0.6861	1.1e-04	0.5446
8499	-109.2785	-109.2785	-79.4887	0.7274	74.9462	0.6862	1.1e-04	0.5466
8500	-109.2850	-109.2850	-78.8712	0.7217	75.6000	0.6922	1.1e-04	0.5756
8501	-109.2951	-109.2951	-79.1316	0.7240	75.3362	0.6897	1.1e-04	0.5436
8502	-109.2740	-109.2740	-79.4526	0.7271	74.9842	0.6865	1.1e-04	0.5475
8503	-109.2832	-109.2832	-79.0485	0.7233	75.3761	0.6901	1.1e-04	0.5465
8504	-109.2811	-109.2811	-79.1163	0.7240	75.3396	0.6898	1.1e-04	0.5448
8505	-109.2753	-109.2753	-78.8829	0.7219	75.5736	0.6919	1.1e-04	0.5453
8506	-109.2876	-109.2876	-79.1331	0.7241	75.3335	0.6897	1.1e-04	0.5809
8507	-109.2911	-109.2911	-78.8275	0.7213	75.6566	0.6926	1.1e-04	0.5461
8508	-109.2807	-109.2807	-78.5516	0.7188	75.9374	0.6952	1.1e-04	0.5466
8509	-109.3062	-109.3062	-79.5983	0.7282	74.8701	0.6853	1.1e-04	0.5472
8510	-109.2668	-109.2668	-79.1477	0.7244	75.2850	0.6894	1.1e-04	0.5452
8511	-109.3001	-109.3001	-79.2826	0.7254	75.1837	0.6883	1.1e-04	0.5443
8512	-109.2956	-109.2956	-78.3811	0.7171	76.1367	0.6969	1.1e-04	0.5447
8513	-109.2907	-109.2907	-79.1448	0.7242	75.3267	0.6896	1.1e-04	0.5448
8514	-109.2592	-109.2592	-78.7880	0.7211	75.6708	0.6928	1.1e-04	0.5477
8515	-109.2603	-109.2603	-78.7207	0.7205	75.7402	0.6935	1.1e-04	0.5468
8516	-109.2903	-109.2903	-79.5728	0.7281	74.8706	0.6855	1.1e-04	0.5468
8517	-109.3045	-109.3045	-78.6806	0.7198	75.8168	0.6941	1.1e-04	0.5459
8518	-109.2951	-109.2951	-79.3925	0.7264	75.0738	0.6872	1.1e-04	0.5461
8519	-109.2799	-109.2799	-79.3386	0.7260	75.1220	0.6877	1.1e-04	0.5448
8520	-109.2727	-109.2727	-79.5596	0.7281	74.8645	0.6855	1.1e-04	0.5470
8521	-109.2694	-109.2694	-79.0409	0.7234	75.4180	0.6905	1.1e-04	0.5467
8522	-109.2901	-109.2901	-77.9370	0.7131	76.5742	0.7010	1.1e-04	0.5471
8523	-109.3011	-109.3011	-79.5368	0.7277	74.9195	0.6858	1.1e-04	0.5451
8524	-109.2690	-109.2690	-78.7042	0.7203	75.7656	0.6937	1.1e-04	0.5445
8525	-109.2842	-109.2842	-78.7937	0.7210	75.6697	0.6929	1.1e-04	0.5450
8526	-109.2829	-109.2829	-79.0799	0.7236	75.3863	0.6902	1.1e-04	0.5451
8527	-109.2777	-109.2777	-78.7892	0.7210	75.6804	0.6929	1.1e-04	0.5838
8528	-109.2779	-109.2779	-79.0411	0.7233	75.4286	0.6905	1.1e-04	0.5471
8529	-109.2563	-109.2563	-79.9105	0.7314	74.4746	0.6819	1.1e-04	0.5472
8530	-109.2844	-109.2844	-79.1020	0.7238	75.3478	0.6898	1.1e-04	0.5470
8531	-109.2814	-109.2814	-78.7139	0.7203	75.7682	0.6936	1.1e-04	0.5454
8532	-109.2685	-109.2685	-79.9103	0.7313	74.4867	0.6820	1.1e-04	0.5454
8533	-109.2728	-109.2728	-78.9886	0.7229	75.4725	0.6910	1.1e-04	0.5444
8534	-109.2889	-109.2889	-79.9634	0.7317	74.4557	0.6817	1.1e-04	0.5764
8535	-109.2790	-109.2790	-79.1356	0.7242	75.3156	0.6896	1.1e-04	0.5467
8536	-109.2806	-109.2806	-79.7037	0.7293	74.7168	0.6840	1.1e-04	0.5469
8537	-109.2660	-109.2660	-79.0652	0.7236	75.3791	0.6902	1.1e-04	0.5448
8538	-109.2872	-109.2872	-79.1565	0.7243	75.2967	0.6894	1.1e-04	0.5451
8539	-109.2889	-109.2889	-78.4143	0.7175	76.0909	0.6965	1.1e-04	0.5448
8540	-109.2682	-109.2682	-78.8978	0.7221	75.5531	0.6918	1.1e-04	0.5469
8541	-109.2951	-109.2951	-79.0678	0.7234	75.4255	0.6904	1.1e-04	0.5463
8542	-109.2958	-109.2958	-78.5744	0.7189	75.9244	0.6951	1.1e-04	0.5763
8543	-109.2787	-109.2787	-78.5809	0.7191	75.8970	0.6949	1.1e-04	0.5450
8544	-109.2696	-109.2696	-78.5771	0.7191	75.8892	0.6949	1.1e-04	0.5437
8545	-109.2737	-109.2737	-79.0391	0.7233	75.4009	0.6904	1.1e-04	0.5470
8546	-109.2772	-109.2772	-79.1284	0.7241	75.3096	0.6895	1.1e-04	0.5468
8547	-109.2868	-109.2868	-78.0877	0.7145	76.4288	0.6996	1.1e-04	0.5782
8548	-109.2998	-109.2998	-78.7735	0.7207	75.7221	0.6932	1.1e-04	0.5442
8549	-109.2869	-109.2869	-79.1054	0.7238	75.3322	0.6897	1.1e-04	0.5439
8550	-109.2694	-109.2694	-79.6129	0.7286	74.8059	0.6849	1.1e-04	0.5785
8551	-109.2901	-109.2901	-78.8532	0.7215	75.6227	0.6923	1.1e-04	0.5464
8552	-109.2943	-109.2943	-78.4893	0.7181	76.0037	0.6958	1.1e-04	0.5452
8553	-109.2903	-109.2903	-78.7395	0.7205	75.7545	0.6935	1.1e-04	0.5449
8554	-109.2836	-109.2836	-78.8912	0.7219	75.5906	0.6920	1.1e-04	0.5456
8555	-109.2830	-109.2830	-78.5881	0.7191	75.8570	0.6946	1.1e-04	0.5457
8556	-109.2614	-109.2614	-79.2485	0.7253	75.1746	0.6884	1.1e-04	0.5476
8557	-109.2827	-109.2827	-78.3368	0.7168	76.1651	0.6972	1.1e-04	0.5467
8558	-109.2781	-109.2781	-78.2219	0.7158	76.2564	0.6982	1.1e-04	0.5458
8559	-109.3000	-109.3000	-79.1389	0.7241	75.3407	0.6897	1.1e-04	0.5449
8560	-109.2886	-109.2886	-78.2979	0.7164	76.1964	0.6976	1.1e-04	0.5440
8561	-109.2697	-109.2697	-79.3381	0.7261	75.0672	0.6874	1.1e-04	0.5449
8562	-109.2754	-109.2754	-78.8164	0.7213	75.6334	0.6925	1.1e-04	0.5466
8563	-109.2714	-109.2714	-79.1174	0.7240	75.3119	0.6897	1.1e-04	0.5479
8564	-109.2811	-109.2811	-77.9961	0.7137	76.4972	0.7004	1.1e-04	0.5442
8565	-109.2847	-109.2847	-78.3283	0.7167	76.1359	0.6970	1.1e-04	0.5460
8566	-109.2774	-109.2774	-78.2538	0.7161	76.2323	0.6980	1.1e-04	0.5478
8567	-109.2704	-109.2704	-78.7970	0.7211	75.6650	0.6928	1.1e-04	0.5467
8568	-109.2831	-109.2831	-78.4627	0.7180	76.0025	0.6959	1.1e-04	0.5480
8569	-109.2792	-109.2792	-78.4732	0.7181	76.0076	0.6959	1.1e-04	0.5458
8570	-109.2867	-109.2867	-77.4404	0.7086	77.0540	0.7055	1.1e-04	0.5451
8571	-109.3009	-109.3009	-77.7843	0.7117	76.6954	0.7022	1.1e-04	0.5447
8572	-109.2705	-109.2705	-77.9814	0.7137	76.4713	0.7002	1.1e-04	0.5468
8573	-109.2934	-109.2934	-78.3564	0.7169	76.1556	0.6971	1.1e-04	0.5460
8574	-109.3001	-109.3001	-78.7172	0.7202	75.7755	0.6938	1.1e-04	0.5443
8575	-109.2954	-109.2954	-78.4619	0.7179	76.0401	0.6960	1.1e-04	0.5475
8576	-109.2849	-109.2849	-77.9076	0.7129	76.5879	0.7012	1.1e-04	0.5461
8577	-109.2717	-109.2717	-77.5524	0.7097	76.9505	0.7044	1.1e-04	0.5453
8578	-109.2676	-109.2676	-78.9209	0.7223	75.5408	0.6916	1.1e-04	0.5470
8579	-109.2782	-109.2782	-78.8120	0.7212	75.6510	0.6927	1.1e-04	0.5459
8580	-109.2836	-109.2836	-77.6335	0.7104	76.8651	0.7037	1.1e-04	0.5436
8581	-109.2781	-109.2781	-77.6058	0.7102	76.8947	0.7040	1.1e-04	0.5456
8582	-109.2829	-109.2829	-78.0232	0.7140	76.4774	0.7001	1.1e-04	0.5451
8583	-109.2684	-109.2684	-78.8167	0.7213	75.6338	0.6926	1.1e-04	0.5445
8584	-109.2775	-109.2775	-78.6205	0.7195	75.8530	0.6945	1.1e-04	0.5444
8585	-109.2611	-109.2611	-78.2568	0.7162	76.2099	0.6979	1.1e-04	0.5444
8586	-109.2554	-109.2554	-79.1419	0.7244	75.2839	0.6894	1.1e-04	0.5464
8587	-109.2784	-109.2784	-77.2745	0.7071	77.2366	0.7071	1.1e-04	0.5470
8588	-109.2938	-109.2938	-78.1206	0.7148	76.3868	0.6993	1.1e-04	0.5748
8589	-109.2810	-109.2810	-77.8031	0.7120	76.7094	0.7021	1.1e-04	0.5461
8590	-109.2730	-109.2730	-78.1536	0.7152	76.3288	0.6989	1.1e-04	0.5466
8591	-109.2689	-109.2689	-77.4612	0.7089	77.0237	0.7053	1.1e-04	0.5458
8592	-109.2940	-109.2940	-77.8120	0.7120	76.6953	0.7022	1.1e-04	0.5455
8593	-109.2782	-109.2782	-78.1135	0.7148	76.3671	0.6992	1.1e-04	0.5454
8594	-109.2871	-109.2871	-77.9506	0.7133	76.5467	0.7008	1.1e-04	0.5456
8595	-109.2977	-109.2977	-77.7872	0.7117	76.7306	0.7024	1.1e-04	0.5447
8596	-109.2753	-109.2753	-79.0156	0.7231	75.4515	0.6908	1.1e-04	0.5758
8597	-109.2882	-109.2882	-77.9827	0.7136	76.5106	0.7005	1.1e-04	0.5449
8598	-109.2866	-109.2866	-78.6033	0.7192	75.8744	0.6947	1.1e-04	0.5457
8599	-109.2647	-109.2647	-78.5957	0.7193	75.8647	0.6946	1.1e-04	0.5441
8600	-109.2751	-109.2751	-77.8796	0.7127	76.5756	0.7012	1.1e-04	0.5443
8601	-109.2664	-109.2664	-78.0956	0.7147	76.3802	0.6994	1.1e-04	0.5440
8602	-109.2767	-109.2767	-78.4246	0.7177	76.0595	0.6964	1.1e-04	0.5450
8603	-109.2796	-109.2796	-78.0502	0.7142	76.4425	0.6999	1.1e-04	0.5776
8604	-109.3024	-109.3024	-77.5190	0.7092	77.0104	0.7050	1.1e-04	0.5473
8605	-109.2710	-109.2710	-78.0221	0.7140	76.4652	0.7000	1.1e-04	0.5453
8606	-109.2723	-109.2723	-77.4086	0.7084	77.0887	0.7058	1.1e-04	0.5456
8607	-109.2700	-109.2700	-77.2174	0.7067	77.2655	0.7074	1.1e-04	0.5435
8608	-109.2873	-109.2873	-77.8482	0.7123	76.6576	0.7018	1.1e-04	0.5440
8609	-109.3009	-109.3009	-77.4899	0.7090	77.0423	0.7052	1.1e-04	0.5452
8610	-109.2880	-109.2880	-77.0783	0.7053	77.4426	0.7089	1.1e-04	0.5458
8611	-109.2913	-109.2913	-77.5295	0.7094	76.9850	0.7048	1.1e-04	0.5473
8612	-109.2854	-109.2854	-77.5794	0.7099	76.9274	0.7042	1.1e-04	0.5441
8613	-109.2826	-109.2826	-78.1528	0.7151	76.3451	0.6989	1.1e-04	0.5469
8614	-109.2827	-109.2827	-78.1780	0.7154	76.3182	0.6987	1.1e-04	0.5461
8615	-109.2875	-109.2875	-77.8886	0.7127	76.6090	0.7014	1.1e-04	0.5451
8616	-109.2725	-109.2725	-78.0025	0.7138	76.4579	0.7001	1.1e-04	0.5449
8617	-109.2724	-109.2724	-77.6336	0.7105	76.8603	0.7036	1.1e-04	0.5445
8618	-109.2971	-109.2971	-77.4613	0.7087	77.0729	0.7055	1.1e-04	0.5467
8619	-109.2926	-109.2926	-78.3442	0.7168	76.1636	0.6972	1.1e-04	0.5470
8620	-109.2795	-109.2795	-77.8388	0.7123	76.6647	0.7019	1.1e-04	0.5470
8621	-109.2760	-109.2760	-77.1422	0.7059	77.3124	0.7078	1.1e-04	0.5472
8622	-109.2568	-109.2568	-78.9969	0.7230	75.4444	0.6908	1.1e-04	0.5460
8623	-109.2734	-109.2734	-77.3644	0.7080	77.1180	0.7062	1.1e-04	0.5446
8624	-109.2815	-109.2815	-77.8845	0.7127	76.6236	0.7015	1.1e-04	0.5450
8625	-109.2954	-109.2954	-77.5549	0.7096	76.9640	0.7046	1.1e-04	0.5442
8626	-109.2858	-109.2858	-77.6073	0.7101	76.8727	0.7038	1.1e-04	0.5448
8627	-109.2845	-109.2845	-78.4093	0.7175	76.0820	0.6966	1.1e-04	0.5453
8628	-109.2790	-109.2790	-77.9199	0.7130	76.5796	0.7011	1.1e-04	0.5472
8629	-109.2700	-109.2700	-78.0974	0.7147	76.3825	0.6993	1.1e-04	0.5777
8630	-109.2801	-109.2801	-78.0850	0.7145	76.4006	0.6995	1.1e-04	0.5447
8631	-109.2962	-109.2962	-77.8306	0.7121	76.6738	0.7020	1.1e-04	0.5452
8632	-109.2805	-109.2805	-77.8773	0.7126	76.6145	0.7014	1.1e-04	0.5452
8633	-109.2906	-109.2906	-78.3995	0.7173	76.0890	0.6965	1.1e-04	0.5466
8634	-109.2876	-109.2876	-78.0434	0.7141	76.4530	0.6999	1.1e-04	0.5455
8635	-109.2897	-109.2897	-77.8783	0.7126	76.6286	0.7015	1.1e-04	0.5458
8636	-109.2752	-109.2752	-77.8082	0.7120	76.6753	0.7021	1.1e-04	0.5446
8637	-109.2901	-109.2901	-77.7414	0.7113	76.7840	0.7029	1.1e-04	0.5447
8638	-109.2779	-109.2779	-77.4095	0.7084	77.0917	0.7057	1.1e-04	0.5446
8639	-109.2836	-109.2836	-78.4275	0.7177	76.0563	0.6964	1.1e-04	0.5433
8640	-109.3037	-109.3037	-76.8652	0.7032	77.6672	0.7110	1.1e-04	0.5445
8641	-109.2789	-109.2789	-78.4516	0.7179	76.0385	0.6961	1.1e-04	0.5453
8642	-109.2997	-109.2997	-78.1040	0.7146	76.4270	0.6995	1.1e-04	0.5467
8643	-109.2744	-109.2744	-78.6668	0.7199	75.7966	0.6939	1.1e-04	0.5465
8644	-109.3049	-109.3049	-78.6172	0.7192	75.9040	0.6948	1.1e-04	0.5473
8645	-109.2752	-109.2752	-77.0996	0.7056	77.3742	0.7084	1.1e-04	0.5445
8646	-109.2872	-109.2872	-78.1320	0.7149	76.3575	0.6991	1.1e-04	0.5452
8647	-109.2852	-109.2852	-77.4937	0.7091	76.9982	0.7050	1.1e-04	0.5461
8648	-109.2884	-109.2884	-77.1153	0.7056	77.4060	0.7086	1.1e-04	0.5439
8649	-109.2979	-109.2979	-78.0890	0.7145	76.4292	0.6997	1.1e-04	0.5483
8650	-109.2846	-109.2846	-77.8841	0.7127	76.6173	0.7015	1.1e-04	0.5466
8651	-109.2828	-109.2828	-77.1769	0.7062	77.3238	0.7079	1.1e-04	0.5453
8652	-109.2784	-109.2784	-78.0563	0.7143	76.4212	0.6996	1.1e-04	0.5450
8653	-109.2913	-109.2913	-79.2041	0.7247	75.2594	0.6890	1.1e-04	0.5769
8654	-109.2891	-109.2891	-78.8364	0.7214	75.6452	0.6925	1.1e-04	0.5445
8655	-109.2865	-109.2865	-77.8336	0.7122	76.6758	0.7020	1.1e-04	0.5444
8656	-109.2911	-109.2911	-78.4476	0.7178	76.0347	0.6961	1.1e-04	0.5459
8657	-109.2689	-109.2689	-78.9619	0.7226	75.4898	0.6912	1.1e-04	0.5477
8658	-109.2716	-109.2716	-77.9648	0.7135	76.5272	0.7007	1.1e-04	0.5471
8659	-109.2936	-109.2936	-78.0501	0.7141	76.4547	0.7000	1.1e-04	0.5459
8660	-109.2921	-109.2921	-78.7006	0.7201	75.7964	0.6939	1.1e-04	0.5451
8661	-109.2940	-109.2940	-78.2675	0.7161	76.2388	0.6980	1.1e-04	0.5446
8662	-109.2892	-109.2892	-78.6885	0.7200	75.7975	0.6940	1.1e-04	0.5443
8663	-109.2696	-109.2696	-78.1712	0.7154	76.3091	0.6987	1.1e-04	0.5462
8664	-109.2871	-109.2871	-78.3938	0.7173	76.0895	0.6967	1.1e-04	0.5457
8665	-109.2798	-109.2798	-77.8865	0.7127	76.6162	0.7014	1.1e-04	0.5451
8666	-109.2904	-109.2904	-78.1004	0.7146	76.4108	0.6995	1.1e-04	0.5445
8667	-109.2742	-109.2742	-78.4739	0.7181	75.9725	0.6957	1.1e-04	0.5448
8668	-109.2868	-109.2868	-78.0715	0.7144	76.4318	0.6998	1.1e-04	0.5481
8669	-109.2757	-109.2757	-78.6738	0.7200	75.7913	0.6939	1.1e-04	0.5457
8670	-109.2592	-109.2592	-78.0748	0.7146	76.3990	0.6996	1.1e-04	0.5466
8671	-109.2587	-109.2587	-77.5036	0.7094	76.9745	0.7048	1.1e-04	0.5454
8672	-109.2938	-109.2938	-77.6327	0.7103	76.8851	0.7039	1.1e-04	0.5773
8673	-109.2943	-109.2943	-77.8639	0.7124	76.6516	0.7017	1.1e-04	0.5460
8674	-109.2744	-109.2744	-78.1939	0.7156	76.2937	0.6985	1.1e-04	0.5471
8675	-109.2920	-109.2920	-77.5128	0.7092	76.9740	0.7046	1.1e-04	0.5472
8676	-109.2696	-109.2696	-77.1785	0.7063	77.3258	0.7079	1.1e-04	0.5477
8677	-109.2999	-109.2999	-76.7999	0.7027	77.7229	0.7115	1.1e-04	0.5468
8678	-109.2782	-109.2782	-78.5201	0.7185	75.9635	0.6955	1.1e-04	0.5459
8679	-109.2783	-109.2783	-78.0033	0.7138	76.4763	0.7002	1.1e-04	0.5446
8680	-109.2729	-109.2729	-77.6509	0.7106	76.8298	0.7034	1.1e-04	0.5440
8681	-109.2768	-109.2768	-77.3881	0.7082	77.1062	0.7060	1.1e-04	0.5464
8682	-109.2772	-109.2772	-78.2307	0.7159	76.2577	0.6982	1.1e-04	0.5769
8683	-109.2697	-109.2697	-78.2503	0.7161	76.2333	0.6980	1.1e-04	0.5481
8684	-109.2882	-109.2882	-78.1870	0.7154	76.3006	0.6987	1.1e-04	0.5467
8685	-109.2849	-109.2849	-77.9459	0.7132	76.5542	0.7009	1.1e-04	0.5450
8686	-109.3050	-109.3050	-77.2268	0.7065	77.2785	0.7075	1.1e-04	0.5778
8687	-109.2638	-109.2638	-77.7339	0.7114	76.7442	0.7027	1.1e-04	0.5462
8688	-109.2642	-109.2642	-78.7982	0.7212	75.6585	0.6927	1.1e-04	0.5471
8689	-109.2888	-109.2888	-77.3869	0.7081	77.1255	0.7061	1.1e-04	0.5450
8690	-109.2798	-109.2798	-77.8809	0.7127	76.6003	0.7013	1.1e-04	0.5453
8691	-109.2464	-109.2464	-77.7604	0.7118	76.6809	0.7022	1.1e-04	0.5474
8692	-109.2739	-109.2739	-77.5606	0.7098	76.9340	0.7044	1.1e-04	0.5459
8693	-109.2844	-109.2844	-77.4886	0.7091	77.0285	0.7052	1.1e-04	0.5453
8694	-109.2806	-109.2806	-77.6991	0.7110	76.8030	0.7032	1.1e-04	0.5457
8695	-109.2758	-109.2758	-77.1133	0.7057	77.3872	0.7085	1.1e-04	0.5451
8696	-109.2735	-109.2735	-77.3068	0.7075	77.1869	0.7068	1.1e-04	0.5781
8697	-109.2800	-109.2800	-77.4894	0.7091	77.0088	0.7051	1.1e-04	0.5471
8698	-109.2663	-109.2663	-77.4086	0.7084	77.0813	0.7058	1.1e-04	0.5482
8699	-109.2755	-109.2755	-77.3181	0.7076	77.1837	0.7066	1.1e-04	0.5459
8700	-109.3001	-109.3001	-77.2373	0.7067	77.3033	0.7076	1.1e-04	0.5451
8701	-109.3114	-109.3114	-77.2394	0.7066	77.2747	0.7074	1.1e-04	0.5437
8702	-109.2802	-109.2802	-77.1246	0.7058	77.3671	0.7084	1.1e-04	0.5446
8703	-109.2803	-109.2803	-77.2379	0.7068	77.2640	0.7074	1.1e-04	0.5450
8704	-109.2830	-109.2830	-77.7531	0.7115	76.7563	0.7027	1.1e-04	0.5539
8705	-109.2874	-109.2874	-77.4881	0.7090	76.9903	0.7048	1.1e-04	0.5463
8706	-109.3004	-109.3004	-78.6312	0.7194	75.8732	0.6946	1.1e-04	0.5455
8707	-109.2792	-109.2792	-77.5107	0.7093	77.0024	0.7049	1.1e-04	0.5446
8708	-109.2908	-109.2908	-76.9179	0.7038	77.5899	0.7103	1.1e-04	0.5453
8709	-109.2567	-109.2567	-77.4325	0.7087	77.0541	0.7055	1.1e-04	0.5443
8710	-109.2728	-109.2728	-77.4646	0.7089	77.0252	0.7053	1.1e-04	0.5448
8711	-109.2862	-109.2862	-77.5873	0.7099	76.9216	0.7042	1.1e-04	0.5465
8712	-109.2795	-109.2795	-77.0125	0.7047	77.4888	0.7095	1.1e-04	0.5471
8713	-109.2911	-109.2911	-76.7797	0.7025	77.7308	0.7116	1.1e-04	0.5473
8714	-109.2703	-109.2703	-76.5994	0.7010	77.8902	0.7131	1.1e-04	0.5467
8715	-109.2664	-109.2664	-76.4206	0.6994	78.0724	0.7147	1.1e-04	0.5467
8716	-109.2864	-109.2864	-77.4320	0.7085	77.0764	0.7057	1.1e-04	0.5441
8717	-109.2754	-109.2754	-76.3371	0.6986	78.1567	0.7155	1.1e-04	0.5448
8718	-109.2622	-109.2622	-76.2905	0.6982	78.1750	0.7157	1.1e-04	0.5451
8719	-109.2878	-109.2878	-76.8742	0.7034	77.6405	0.7108	1.1e-04	0.5467
8720	-109.2872	-109.2872	-76.9034	0.7037	77.6075	0.7105	1.1e-04	0.5455
8721	-109.2748	-109.2748	-77.0375	0.7050	77.4582	0.7092	1.1e-04	0.5443
8722	-109.2631	-109.2631	-77.1657	0.7062	77.3164	0.7079	1.1e-04	0.5456
8723	-109.3079	-109.3079	-77.0793	0.7052	77.4524	0.7090	1.1e-04	0.5468
8724	-109.2725	-109.2725	-77.4792	0.7090	77.0277	0.7051	1.1e-04	0.5445
8725	-109.2866	-109.2866	-76.4116	0.6992	78.0976	0.7149	1.1e-04	0.5443
8726	-109.3117	-109.3117	-76.6058	0.7008	77.9078	0.7133	1.1e-04	0.5454
8727	-109.2830	-109.2830	-76.1979	0.6973	78.2860	0.7167	1.1e-04	0.5475
8728	-109.2767	-109.2767	-77.1274	0.7058	77.3655	0.7084	1.1e-04	0.5434
8729	-109.2732	-109.2732	-76.9807	0.7045	77.5107	0.7097	1.1e-04	0.5444
8730	-109.2811	-109.2811	-77.5630	0.7098	76.9274	0.7044	1.1e-04	0.5459
8731	-109.2899	-109.2899	-77.2288	0.7066	77.2796	0.7075	1.1e-04	0.5466
8732	-109.2812	-109.2812	-77.4805	0.7090	77.0217	0.7052	1.1e-04	0.5467
8733	-109.2790	-109.2790	-76.4060	0.6992	78.0504	0.7146	1.1e-04	0.5478
8734	-109.2817	-109.2817	-76.9229	0.7039	77.5731	0.7102	1.1e-04	0.5466
8735	-109.2590	-109.2590	-77.4275	0.7087	77.0519	0.7055	1.1e-04	0.5461
8736	-109.2795	-109.2795	-76.3928	0.6991	78.0929	0.7150	1.1e-04	0.5451
8737	-109.3013	-109.3013	-76.7966	0.7026	77.7340	0.7115	1.1e-04	0.5453
8738	-109.2772	-109.2772	-77.3123	0.7075	77.1867	0.7067	1.1e-04	0.5453
8739	-109.2878	-109.2878	-76.2884	0.6981	78.2129	0.7160	1.1e-04	0.5445
8740	-109.2567	-109.2567	-78.0317	0.7142	76.4383	0.6999	1.1e-04	0.5468
8741	-109.2775	-109.2775	-76.2163	0.6975	78.2773	0.7166	1.1e-04	0.5467
8742	-109.2655	-109.2655	-76.0690	0.6962	78.4083	0.7178	1.1e-04	0.5475
8743	-109.2695	-109.2695	-76.5759	0.7008	77.9018	0.7133	1.1e-04	0.5455
8744	-109.2727	-109.2727	-76.6222	0.7012	77.8648	0.7129	1.1e-04	0.5454
8745	-109.2876	-109.2876	-76.0330	0.6957	78.4590	0.7183	1.1e-04	0.5455
8746	-109.2779	-109.2779	-77.5566	0.7097	76.9412	0.7044	1.1e-04	0.5448
8747	-109.2779	-109.2779	-76.5111	0.7002	77.9928	0.7140	1.1e-04	0.5445
8748	-109.2701	-109.2701	-76.6100	0.7011	77.8821	0.7130	1.1e-04	0.5454
8749	-109.2949	-109.2949	-76.8172	0.7028	77.6914	0.7113	1.1e-04	0.5451
8750	-109.2574	-109.2574	-77.0466	0.7052	77.4227	0.7089	1.1e-04	0.5462
8751	-109.2749	-109.2749	-76.1412	0.6968	78.3340	0.7171	1.1e-04	0.5473
8752	-109.2806	-109.2806	-76.8734	0.7034	77.6242	0.7107	1.1e-04	0.5461
8753	-109.2884	-109.2884	-76.7733	0.7025	77.7236	0.7116	1.1e-04	0.5456
8754	-109.2819	-109.2819	-76.4196	0.6993	78.0962	0.7148	1.1e-04	0.5448
8755	-109.2678	-109.2679	-75.7283	0.6931	78.7346	0.7208	1.1e-04	0.5446
8756	-109.2695	-109.2695	-76.8593	0.7034	77.6382	0.7108	1.1e-04	0.5489
8757	-109.2926	-109.2926	-77.1290	0.7057	77.3762	0.7084	1.1e-04	0.5470
8758	-109.2700	-109.2700	-77.1907	0.7064	77.2956	0.7077	1.1e-04	0.5448
8759	-109.2778	-109.2778	-76.6957	0.7018	77.8021	0.7123	1.1e-04	0.5462
8760	-109.3039	-109.3039	-75.8610	0.6940	78.6448	0.7199	1.1e-04	0.5457
8761	-109.2751	-109.2751	-76.9115	0.7038	77.5602	0.7102	1.1e-04	0.5451
8762	-109.2818	-109.2818	-76.2682	0.6979	78.2083	0.7160	1.1e-04	0.5462
8763	-109.2772	-109.2772	-76.5292	0.7003	77.9685	0.7138	1.1e-04	0.5457
8764	-109.2688	-109.2688	-76.5602	0.7007	77.9339	0.7135	1.1e-04	0.5452
8765	-109.2754	-109.2754	-76.4777	0.6999	77.9930	0.7142	1.1e-04	0.5457
8766	-109.2653	-109.2653	-77.2094	0.7066	77.2814	0.7076	1.1e-04	0.5467
8767	-109.2613	-109.2613	-77.2342	0.7069	77.2373	0.7072	1.1e-04	0.5455
8768	-109.2897	-109.2897	-76.1163	0.6965	78.3737	0.7175	1.1e-04	0.5447
8769	-109.2799	-109.2799	-76.3457	0.6986	78.1450	0.7155	1.1e-04	0.5460
8770	-109.2892	-109.2892	-76.8016	0.7027	77.7003	0.7114	1.1e-04	0.5465
8771	-109.2816	-109.2816	-76.2988	0.6982	78.1867	0.7159	1.1e-04	0.5481
8772	-109.2667	-109.2667	-76.1051	0.6965	78.3543	0.7175	1.1e-04	0.5471
8773	-109.2817	-109.2817	-76.2967	0.6982	78.1785	0.7158	1.1e-04	0.5465
8774	-109.2824	-109.2824	-76.6106	0.7010	77.8673	0.7129	1.1e-04	0.5459
8775	-109.2778	-109.2779	-75.8895	0.6945	78.5599	0.7193	1.1e-04	0.5472
8776	-109.2855	-109.2855	-76.9181	0.7038	77.5933	0.7104	1.1e-04	0.5468
8777	-109.2758	-109.2758	-76.7512	0.7024	77.7388	0.7118	1.1e-04	0.5457
8778	-109.2721	-109.2721	-76.8224	0.7030	77.6770	0.7112	1.1e-04	0.5444
8779	-109.2795	-109.2795	-76.4061	0.6992	78.0675	0.7148	1.1e-04	0.5453
8780	-109.2982	-109.2982	-76.3076	0.6982	78.1857	0.7157	1.1e-04	0.5465
8781	-109.2902	-109.2903	-75.8196	0.6937	78.6716	0.7202	1.1e-04	0.5464
8782	-109.2647	-109.2647	-75.8970	0.6946	78.5645	0.7194	1.1e-04	0.5474
8783	-109.2853	-109.2853	-77.1587	0.7060	77.3465	0.7081	1.1e-04	0.5472
8784	-109.2808	-109.2809	-75.1647	0.6878	79.2705	0.7258	1.1e-04	0.5454
8785	-109.2790	-109.2790	-76.6654	0.7016	77.8240	0.7125	1.1e-04	0.5438
8786	-109.2774	-109.2774	-76.6485	0.7014	77.8430	0.7127	1.1e-04	0.5451
8787	-109.2821	-109.2821	-76.3883	0.6990	78.0906	0.7149	1.1e-04	0.5454
8788	-109.3012	-109.3012	-76.2212	0.6974	78.3044	0.7167	1.1e-04	0.5457
8789	-109.2622	-109.2624	-74.6801	0.6835	79.7038	0.7298	1.1e-04	0.5473
8790	-109.2768	-109.2768	-76.3066	0.6983	78.1846	0.7158	1.1e-04	0.5488
8791	-109.2885	-109.2885	-76.0925	0.6963	78.3975	0.7177	1.1e-04	0.5474
8792	-109.2727	-109.2727	-76.6145	0.7011	77.8484	0.7128	1.1e-04	0.5458
8793	-109.2775	-109.2775	-76.6636	0.7016	77.8401	0.7126	1.1e-04	0.5454
8794	-109.2948	-109.2949	-75.6323	0.6920	78.8155	0.7214	1.1e-04	0.5462
8795	-109.2820	-109.2820	-76.0016	0.6955	78.4938	0.7185	1.1e-04	0.5481
8796	-109.2930	-109.2930	-77.1765	0.7061	77.3357	0.7081	1.1e-04	0.5461
8797	-109.2715	-109.2715	-75.9480	0.6950	78.5212	0.7190	1.1e-04	0.5467
8798	-109.2604	-109.2604	-75.7607	0.6934	78.6705	0.7205	1.1e-04	0.5475
8799	-109.2684	-109.2684	-76.5116	0.7002	77.9647	0.7139	1.1e-04	0.5448
8800	-109.2637	-109.2637	-76.9537	0.7043	77.5225	0.7098	1.1e-04	0.5445
8801	-109.2746	-109.2746	-76.1470	0.6968	78.3326	0.7172	1.1e-04	0.5441
8802	-109.2964	-109.2964	-75.9834	0.6952	78.5143	0.7188	1.1e-04	0.5463
8803	-109.2938	-109.2938	-76.4509	0.6995	78.0395	0.7145	1.1e-04	0.5461
8804	-109.2864	-109.2864	-75.8595	0.6941	78.6334	0.7198	1.1e-04	0.5457
8805	-109.2919	-109.2919	-76.7065	0.7018	77.8071	0.7123	1.1e-04	0.5459
8806	-109.2827	-109.2827	-76.4241	0.6993	78.0473	0.7146	1.1e-04	0.5450
8807	-109.2871	-109.2871	-76.7351	0.7021	77.7663	0.7119	1.1e-04	0.5445
8808	-109.2714	-109.2714	-76.6829	0.7018	77.8075	0.7123	1.1e-04	0.5446
8809	-109.2853	-109.2854	-76.0282	0.6957	78.4415	0.7182	1.1e-04	0.5473
8810	-109.2843	-109.2844	-76.2290	0.6975	78.2670	0.7165	1.1e-04	0.5806
8811	-109.2785	-109.2785	-77.1339	0.7058	77.3737	0.7084	1.1e-04	0.5452
8812	-109.2728	-109.2728	-76.0412	0.6959	78.4333	0.7182	1.1e-04	0.5449
8813	-109.2763	-109.2763	-76.2512	0.6978	78.2334	0.7163	1.1e-04	0.5460
8814	-109.2669	-109.2669	-76.4230	0.6994	78.0294	0.7145	1.1e-04	0.5465
8815	-109.2570	-109.2570	-76.2306	0.6977	78.2121	0.7162	1.1e-04	0.5474
8816	-109.2931	-109.2931	-76.6923	0.7017	77.8000	0.7123	1.1e-04	0.5467
8817	-109.2869	-109.2869	-76.1295	0.6966	78.3723	0.7175	1.1e-04	0.5464
8818	-109.2943	-109.2943	-76.4862	0.6998	78.0228	0.7142	1.1e-04	0.5461
8819	-109.2874	-109.2874	-76.2308	0.6975	78.2785	0.7166	1.1e-04	0.5449
8820	-109.2850	-109.2850	-75.7572	0.6932	78.7135	0.7207	1.1e-04	0.5444
8821	-109.2765	-109.2765	-76.6934	0.7018	77.7925	0.7122	1.1e-04	0.5442
8822	-109.2855	-109.2855	-76.3042	0.6982	78.1388	0.7154	1.1e-04	0.5457
8823	-109.2930	-109.2930	-76.6851	0.7016	77.8252	0.7125	1.1e-04	0.5469
8824	-109.2934	-109.2934	-76.3487	0.6986	78.1543	0.7154	1.1e-04	0.5468
8825	-109.2793	-109.2793	-76.8631	0.7034	77.6304	0.7107	1.1e-04	0.5478
8826	-109.2778	-109.2778	-76.3835	0.6990	78.0976	0.7151	1.1e-04	0.5465
8827	-109.2901	-109.2901	-76.3463	0.6986	78.1551	0.7155	1.1e-04	0.5452
8828	-109.2808	-109.2809	-75.8209	0.6938	78.6454	0.7200	1.1e-04	0.5445
8829	-109.2962	-109.2962	-76.5715	0.7006	77.9473	0.7136	1.1e-04	0.5454
8830	-109.2794	-109.2794	-77.5015	0.7092	76.9935	0.7049	1.1e-04	0.5457
8831	-109.2485	-109.2485	-76.7970	0.7030	77.6547	0.7110	1.1e-04	0.5477
8832	-109.2753	-109.2753	-76.5631	0.7006	77.9213	0.7135	1.1e-04	0.5449
8833	-109.2744	-109.2744	-76.7794	0.7026	77.7068	0.7115	1.1e-04	0.5454
8834	-109.2778	-109.2778	-75.8755	0.6943	78.5936	0.7195	1.1e-04	0.5462
8835	-109.2728	-109.2728	-77.5497	0.7097	76.9438	0.7045	1.1e-04	0.5449
8836	-109.2766	-109.2766	-77.2468	0.7069	77.2419	0.7073	1.1e-04	0.5455
8837	-109.2731	-109.2731	-76.6665	0.7016	77.8268	0.7125	1.1e-04	0.5461
8838	-109.2894	-109.2894	-76.8009	0.7027	77.7109	0.7115	1.1e-04	0.5468
8839	-109.2852	-109.2852	-76.5566	0.7005	77.9502	0.7136	1.1e-04	0.5458
8840	-109.2639	-109.2639	-76.5940	0.7010	77.8799	0.7130	1.1e-04	0.5445
8841	-109.2731	-109.2731	-76.8916	0.7037	77.6103	0.7105	1.1e-04	0.5463
8842	-109.2773	-109.2773	-76.0347	0.6958	78.4443	0.7181	1.1e-04	0.5445
8843	-109.2774	-109.2774	-77.2557	0.7070	77.2394	0.7072	1.1e-04	0.5448
8844	-109.2729	-109.2729	-77.7343	0.7114	76.7582	0.7027	1.1e-04	0.5455
8845	-109.2795	-109.2795	-77.7905	0.7118	76.7028	0.7023	1.1e-04	0.5477
8846	-109.2857	-109.2857	-77.3522	0.7078	77.1692	0.7064	1.1e-04	0.5475
8847	-109.2796	-109.2796	-76.5717	0.7007	77.9176	0.7135	1.1e-04	0.5459
8848	-109.2797	-109.2797	-76.4026	0.6991	78.0930	0.7150	1.1e-04	0.5460
8849	-109.2966	-109.2966	-77.0045	0.7045	77.5069	0.7096	1.1e-04	0.5479
8850	-109.2799	-109.2799	-76.9015	0.7037	77.5999	0.7105	1.1e-04	0.5469
8851	-109.2796	-109.2796	-77.2019	0.7065	77.2929	0.7077	1.1e-04	0.5475
8852	-109.2813	-109.2813	-76.9293	0.7040	77.5633	0.7101	1.1e-04	0.5460
8853	-109.2930	-109.2930	-77.0105	0.7046	77.5006	0.7095	1.1e-04	0.5471
8854	-109.2769	-109.2769	-77.6718	0.7108	76.8090	0.7033	1.1e-04	0.5452
8855	-109.2718	-109.2718	-76.2522	0.6978	78.2305	0.7162	1.1e-04	0.5444
8856	-109.2638	-109.2638	-76.2352	0.6977	78.2368	0.7164	1.1e-04	0.5450
8857	-109.2923	-109.2923	-75.9428	0.6949	78.5625	0.7191	1.1e-04	0.5453
8858	-109.2743	-109.2743	-77.5754	0.7099	76.9381	0.7043	1.1e-04	0.5485
8859	-109.2900	-109.2900	-77.2174	0.7065	77.3059	0.7077	1.1e-04	0.5470
8860	-109.2771	-109.2771	-76.5247	0.7003	77.9700	0.7138	1.1e-04	0.5472
8861	-109.2744	-109.2744	-76.8012	0.7028	77.6791	0.7113	1.1e-04	0.5477
8862	-109.2704	-109.2704	-76.4130	0.6993	78.0584	0.7146	1.1e-04	0.5469
8863	-109.2652	-109.2652	-76.9637	0.7044	77.4968	0.7096	1.1e-04	0.5442
8864	-109.2776	-109.2776	-76.4221	0.6993	78.0231	0.7143	1.1e-04	0.5450
8865	-109.2952	-109.2952	-77.1128	0.7055	77.4044	0.7086	1.1e-04	0.5452
8866	-109.3082	-109.3082	-76.1755	0.6969	78.3440	0.7172	1.1e-04	0.5480
8867	-109.2960	-109.2960	-76.5032	0.7000	78.0069	0.7140	1.1e-04	0.5467
8868	-109.2612	-109.2612	-76.6586	0.7016	77.8189	0.7125	1.1e-04	0.5466
8869	-109.2749	-109.2749	-77.4285	0.7086	77.0649	0.7056	1.1e-04	0.5457
8870	-109.2704	-109.2704	-77.4928	0.7092	77.0137	0.7050	1.1e-04	0.5458
8871	-109.2635	-109.2635	-76.7125	0.7021	77.7698	0.7121	1.1e-04	0.5454
8872	-109.2737	-109.2737	-76.7566	0.7024	77.7426	0.7117	1.1e-04	0.5443
8873	-109.2873	-109.2873	-77.1938	0.7063	77.3089	0.7078	1.1e-04	0.5467
8874	-109.2745	-109.2745	-76.5530	0.7006	77.9390	0.7136	1.1e-04	0.5474
8875	-109.2804	-109.2804	-77.4301	0.7085	77.0518	0.7054	1.1e-04	0.5452
8876	-109.2836	-109.2836	-76.7966	0.7027	77.7016	0.7114	1.1e-04	0.5448
8877	-109.2998	-109.2998	-76.7291	0.7020	77.7210	0.7115	1.1e-04	0.5459
8878	-109.2879	-109.2879	-77.8012	0.7119	76.7090	0.7023	1.1e-04	0.5471
8879	-109.2886	-109.2886	-76.9993	0.7045	77.5103	0.7096	1.1e-04	0.5469
8880	-109.2896	-109.2896	-76.6777	0.7016	77.8352	0.7126	1.1e-04	0.5464
8881	-109.2899	-109.2899	-77.1822	0.7062	77.3352	0.7080	1.1e-04	0.5476
8882	-109.2726	-109.2726	-76.8158	0.7030	77.6835	0.7112	1.1e-04	0.5471
8883	-109.2683	-109.2683	-77.1691	0.7062	77.2988	0.7078	1.1e-04	0.5481
8884	-109.2568	-109.2568	-76.7255	0.7022	77.7509	0.7119	1.1e-04	0.5458
8885	-109.2766	-109.2766	-76.0268	0.6957	78.4538	0.7182	1.1e-04	0.5455
8886	-109.2755	-109.2755	-75.9042	0.6946	78.5582	0.7194	1.1e-04	0.5439
8887	-109.2845	-109.2845	-76.4535	0.6996	78.0466	0.7146	1.1e-04	0.5438
8888	-109.2666	-109.2666	-77.0539	0.7052	77.4317	0.7089	1.1e-04	0.5446
8889	-109.2844	-109.2844	-77.8506	0.7124	76.6513	0.7017	1.1e-04	0.5529
8890	-109.2595	-109.2596	-75.8038	0.6938	78.6556	0.7202	1.1e-04	0.5437
8891	-109.2884	-109.2884	-76.8669	0.7033	77.6393	0.7108	1.1e-04	0.5454
8892	-109.2745	-109.2746	-75.3300	0.6894	79.0984	0.7242	1.1e-04	0.5457
8893	-109.2928	-109.2928	-76.0834	0.6961	78.4062	0.7177	1.1e-04	0.5451
8894	-109.2628	-109.2628	-77.1013	0.7057	77.3722	0.7085	1.1e-04	0.5476
8895	-109.2648	-109.2648	-77.5650	0.7099	76.9288	0.7043	1.1e-04	0.5468
8896	-109.2721	-109.2721	-76.0370	0.6959	78.4385	0.7182	1.1e-04	0.5458
8897	-109.2786	-109.2786	-76.2751	0.6980	78.2091	0.7160	1.1e-04	0.5468
8898	-109.2766	-109.2766	-76.8521	0.7033	77.6491	0.7109	1.1e-04	0.5460
8899	-109.2765	-109.2765	-76.7785	0.7026	77.7158	0.7115	1.1e-04	0.5465
8900	-109.2871	-109.2871	-77.3202	0.7075	77.1791	0.7067	1.1e-04	0.5453
8901	-109.2735	-109.2735	-76.5865	0.7009	77.8982	0.7133	1.1e-04	0.5431
8902	-109.2928	-109.2928	-76.9074	0.7037	77.6184	0.7105	1.1e-04	0.5448
8903	-109.2651	-109.2651	-77.8789	0.7128	76.6128	0.7014	1.1e-04	0.5457
8904	-109.2552	-109.2552	-77.0669	0.7054	77.3978	0.7087	1.1e-04	0.5471
8905	-109.2988	-109.2988	-76.2789	0.6979	78.2343	0.7162	1.1e-04	0.5458
8906	-109.2671	-109.2671	-76.2016	0.6974	78.2682	0.7167	1.1e-04	0.5442
8907	-109.2623	-109.2623	-76.2717	0.6981	78.1938	0.7160	1.1e-04	0.5470
8908	-109.3012	-109.3012	-75.9448	0.6948	78.5559	0.7191	1.1e-04	0.5456
8909	-109.2733	-109.2733	-76.5112	0.7002	77.9794	0.7140	1.1e-04	0.5448
8910	-109.2936	-109.2936	-75.9533	0.6949	78.5470	0.7191	1.1e-04	0.5471
8911	-109.2947	-109.2947	-76.8480	0.7031	77.6649	0.7110	1.1e-04	0.5466
8912	-109.2807	-109.2807	-77.0076	0.7047	77.5042	0.7095	1.1e-04	0.5482
8913	-109.2843	-109.2843	-77.1107	0.7056	77.4015	0.7086	1.1e-04	0.5457
8914	-109.2862	-109.2862	-78.1907	0.7155	76.2988	0.6985	1.1e-04	0.5441
8915	-109.2640	-109.2640	-77.4305	0.7087	77.0562	0.7055	1.1e-04	0.5443
8916	-109.2879	-109.2879	-76.1247	0.6966	78.3496	0.7173	1.1e-04	0.5451
8917	-109.2941	-109.2941	-76.7427	0.7022	77.7613	0.7120	1.1e-04	0.5475
8918	-109.2824	-109.2824	-77.3337	0.7076	77.1590	0.7064	1.1e-04	0.5471
8919	-109.2861	-109.2861	-77.1456	0.7059	77.3694	0.7083	1.1e-04	0.5469
8920	-109.2734	-109.2734	-76.1383	0.6968	78.3439	0.7173	1.1e-04	0.5463
8921	-109.2869	-109.2869	-76.5479	0.7004	77.9534	0.7137	1.1e-04	0.5450
8922	-109.2794	-109.2794	-76.7239	0.7021	77.7742	0.7121	1.1e-04	0.5450
8923	-109.2815	-109.2815	-76.8026	0.7028	77.7041	0.7114	1.1e-04	0.5451
8924	-109.2821	-109.2821	-77.1869	0.7063	77.3044	0.7079	1.1e-04	0.5462
8925	-109.2713	-109.2713	-76.5908	0.7009	77.8863	0.7132	1.1e-04	0.5446
8926	-109.2777	-109.2777	-76.7728	0.7025	77.7100	0.7114	1.1e-04	0.5452
8927	-109.2842	-109.2842	-76.9260	0.7039	77.5775	0.7103	1.1e-04	0.5452
8928	-109.2814	-109.2814	-76.2106	0.6974	78.2711	0.7166	1.1e-04	0.5461
8929	-109.2785	-109.2785	-77.4645	0.7089	77.0366	0.7053	1.1e-04	0.5464
8930	-109.2738	-109.2738	-76.8000	0.7028	77.6972	0.7114	1.1e-04	0.5489
8931	-109.2805	-109.2805	-76.8262	0.7030	77.6780	0.7111	1.1e-04	0.5462
8932	-109.2907	-109.2907	-76.3935	0.6990	78.1030	0.7151	1.1e-04	0.5460
8933	-109.2786	-109.2786	-76.8886	0.7036	77.6072	0.7106	1.1e-04	0.5458
8934	-109.2848	-109.2848	-76.9000	0.7037	77.6156	0.7105	1.1e-04	0.5465
8935	-109.2742	-109.2742	-77.4021	0.7083	77.0962	0.7059	1.1e-04	0.5451
8936	-109.3075	-109.3075	-76.4504	0.6994	78.0798	0.7147	1.1e-04	0.5442
8937	-109.2609	-109.2609	-76.5660	0.7008	77.9046	0.7134	1.1e-04	0.5460
8938	-109.2892	-109.2892	-76.7190	0.7020	77.7877	0.7122	1.1e-04	0.5476
8939	-109.2663	-109.2663	-76.1519	0.6969	78.3187	0.7171	1.1e-04	0.5457
8940	-109.2768	-109.2769	-75.7818	0.6935	78.7001	0.7205	1.1e-04	0.5455
8941	-109.2711	-109.2711	-76.6371	0.7013	77.8543	0.7128	1.1e-04	0.5446
8942	-109.2612	-109.2612	-76.6623	0.7016	77.8119	0.7125	1.1e-04	0.5458
8943	-109.2871	-109.2871	-76.9664	0.7043	77.5314	0.7099	1.1e-04	0.5476
8944	-109.2764	-109.2764	-76.9396	0.7041	77.5696	0.7101	1.1e-04	0.5435
8945	-109.2939	-109.2939	-76.6156	0.7010	77.8938	0.7131	1.1e-04	0.5452
8946	-109.2735	-109.2735	-76.5322	0.7004	77.9576	0.7138	1.1e-04	0.5489
8947	-109.2876	-109.2876	-75.9994	0.6954	78.4585	0.7183	1.1e-04	0.5444
8948	-109.2885	-109.2885	-77.0799	0.7053	77.4265	0.7089	1.1e-04	0.5458
8949	-109.2914	-109.2914	-76.8778	0.7034	77.6328	0.7108	1.1e-04	0.5472
8950	-109.2621	-109.2621	-76.7399	0.7023	77.7321	0.7118	1.1e-04	0.5475
8951	-109.2823	-109.2823	-76.0429	0.6958	78.4428	0.7182	1.1e-04	0.5453
8952	-109.2696	-109.2696	-76.4157	0.6993	78.0557	0.7148	1.1e-04	0.5442
8953	-109.2704	-109.2704	-76.2163	0.6975	78.2588	0.7166	1.1e-04	0.5452
8954	-109.2784	-109.2784	-75.8312	0.6939	78.6453	0.7200	1.1e-04	0.5455
8955	-109.2650	-109.2650	-76.3410	0.6987	78.1357	0.7154	1.1e-04	0.5457
8956	-109.2716	-109.2716	-77.2922	0.7073	77.1954	0.7068	1.1e-04	0.5475
8957	-109.2537	-109.2538	-75.6910	0.6928	78.7550	0.7211	1.1e-04	0.5464
8958	-109.2773	-109.2773	-76.8831	0.7036	77.5884	0.7104	1.1e-04	0.5468
8959	-109.2797	-109.2797	-76.3107	0.6983	78.1711	0.7157	1.1e-04	0.5456
8960	-109.2812	-109.2812	-76.4315	0.6994	78.0577	0.7146	1.1e-04	0.5468
8961	-109.2967	-109.2969	-75.1108	0.6872	79.3455	0.7264	1.1e-04	0.5459
8962	-109.2848	-109.2848	-75.8728	0.6943	78.6160	0.7197	1.1e-04	0.5455
8963	-109.2674	-109.2674	-75.9336	0.6949	78.5371	0.7191	1.1e-04	0.5442
8964	-109.2890	-109.2890	-76.3806	0.6989	78.1276	0.7152	1.1e-04	0.5449
8965	-109.2704	-109.2704	-76.1708	0.6971	78.3088	0.7170	1.1e-04	0.5446
8966	-109.2688	-109.2688	-76.7888	0.7028	77.6960	0.7114	1.1e-04	0.5470
8967	-109.2830	-109.2830	-77.0186	0.7048	77.4870	0.7094	1.1e-04	0.5474
8968	-109.2737	-109.2737	-76.8429	0.7032	77.6514	0.7110	1.1e-04	0.5468
8969	-109.2837	-109.2837	-76.7949	0.7027	77.6997	0.7115	1.1e-04	0.5457
8970	-109.2968	-109.2968	-76.3107	0.6982	78.2007	0.7159	1.1e-04	0.5450
8971	-109.2789	-109.2789	-75.9444	0.6950	78.5316	0.7190	1.1e-04	0.5440
8972	-109.2789	-109.2789	-76.6495	0.7014	77.8165	0.7124	1.1e-04	0.5449
8973	-109.2840	-109.2841	-75.5673	0.6915	78.9147	0.7224	1.1e-04	0.5448
8974	-109.2816	-109.2816	-76.6061	0.7010	77.8566	0.7127	1.1e-04	0.5465
8975	-109.2752	-109.2752	-76.9274	0.7040	77.5686	0.7102	1.1e-04	0.5449
8976	-109.2783	-109.2783	-77.2832	0.7072	77.2256	0.7070	1.1e-04	0.5446
8977	-109.2822	-109.2822	-77.1970	0.7064	77.3028	0.7077	1.1e-04	0.5469
8978	-109.2800	-109.2800	-76.1387	0.6967	78.3508	0.7173	1.1e-04	0.5462
8979	-109.2595	-109.2595	-76.5643	0.7008	77.9060	0.7133	1.1e-04	0.5458
8980	-109.2879	-109.2879	-76.4669	0.6997	78.0470	0.7144	1.1e-04	0.5459
8981	-109.3007	-109.3007	-76.1896	0.6971	78.3338	0.7170	1.1e-04	0.5453
8982	-109.2738	-109.2738	-76.3522	0.6987	78.1348	0.7154	1.1e-04	0.5465
8983	-109.2748	-109.2748	-76.9532	0.7042	77.5453	0.7100	1.1e-04	0.5447
8984	-109.2903	-109.2903	-76.0335	0.6957	78.4678	0.7183	1.1e-04	0.5448
8985	-109.2792	-109.2792	-76.0240	0.6957	78.4655	0.7183	1.1e-04	0.5457
8986	-109.3201	-109.3201	-76.5769	0.7005	77.9573	0.7136	1.1e-04	0.5446
8987	-109.2772	-109.2772	-76.9613	0.7043	77.5451	0.7099	1.1e-04	0.5446
8988	-109.2792	-109.2793	-75.4796	0.6907	78.9872	0.7231	1.1e-04	0.5468
8989	-109.2866	-109.2866	-76.3261	0.6984	78.1511	0.7155	1.1e-04	0.5465
8990	-109.2675	-109.2675	-77.1694	0.7062	77.3129	0.7078	1.1e-04	0.5465
8991	-109.2738	-109.2738	-76.5713	0.7007	77.8994	0.7132	1.1e-04	0.5456
8992	-109.2640	-109.2640	-77.1342	0.7059	77.3569	0.7083	1.1e-04	0.5449
8993	-109.2980	-109.2980	-76.9919	0.7044	77.5374	0.7098	1.1e-04	0.5449
8994	-109.2882	-109.2882	-77.6475	0.7105	76.8588	0.7037	1.1e-04	0.5451
8995	-109.2759	-109.2759	-76.6722	0.7016	77.8121	0.7124	1.1e-04	0.5453
8996	-109.2820	-109.2820	-76.4975	0.7000	77.9761	0.7139	1.1e-04	0.5443
8997	-109.2674	-109.2674	-76.7158	0.7021	77.7416	0.7117	1.1e-04	0.5459
8998	-109.2923	-109.2923	-76.4607	0.6996	78.0304	0.7145	1.1e-04	0.5447
8999	-109.2668	-109.2668	-76.6550	0.7015	77.8168	0.7124	1.1e-04	0.5462
9000	-109.2736	-109.2736	-76.1407	0.6968	78.3283	0.7171	1.1e-04	0.5468
9001	-109.2904	-109.2904	-75.8051	0.6936	78.6690	0.7203	1.1e-04	0.5436
9002	-109.2776	-109.2776	-76.6626	0.7015	77.8387	0.7126	1.1e-04	0.5464
9003	-109.3065	-109.3065	-77.5302	0.7093	77.0021	0.7049	1.1e-04	0.5459
9004	-109.2744	-109.2744	-76.3711	0.6989	78.1141	0.7152	1.1e-04	0.5469
9005	-109.2720	-109.2720	-76.7939	0.7028	77.6784	0.7113	1.1e-04	0.5457
9006	-109.2748	-109.2748	-77.3586	0.7079	77.1489	0.7063	1.1e-04	0.5465
9007	-109.2742	-109.2742	-76.9421	0.7041	77.5479	0.7101	1.1e-04	0.5460
9008	-109.2667	-109.2667	-76.6737	0.7017	77.8073	0.7125	1.1e-04	0.5448
9009	-109.2767	-109.2767	-76.2572	0.6978	78.2251	0.7162	1.1e-04	0.5816
9010	-109.2840	-109.2840	-76.8428	0.7031	77.6694	0.7110	1.1e-04	0.5453
9011	-109.2664	-109.2664	-76.8080	0.7029	77.6796	0.7112	1.1e-04	0.5443
9012	-109.2789	-109.2789	-76.7876	0.7027	77.7190	0.7115	1.1e-04	0.5468
9013	-109.2840	-109.2840	-76.5951	0.7009	77.8859	0.7131	1.1e-04	0.5467
9014	-109.2921	-109.2921	-76.7504	0.7023	77.7629	0.7119	1.1e-04	0.5457
9015	-109.2766	-109.2766	-76.4235	0.6994	78.0671	0.7148	1.1e-04	0.5455
9016	-109.2852	-109.2852	-76.3771	0.6989	78.0994	0.7150	1.1e-04	0.5441
9017	-109.2564	-109.2564	-75.8007	0.6938	78.6445	0.7201	1.1e-04	0.5463
9018	-109.2728	-109.2729	-76.0182	0.6957	78.4536	0.7183	1.1e-04	0.5454
9019	-109.2914	-109.2914	-76.5708	0.7006	77.9423	0.7135	1.1e-04	0.5807
9020	-109.2763	-109.2763	-76.2828	0.6981	78.1740	0.7158	1.1e-04	0.5445
9021	-109.2654	-109.2655	-75.7507	0.6933	78.7052	0.7206	1.1e-04	0.5466
9022	-109.2762	-109.2762	-77.2184	0.7066	77.2669	0.7074	1.1e-04	0.5458
9023	-109.2882	-109.2882	-76.4447	0.6995	78.0413	0.7145	1.1e-04	0.5446
9024	-109.2724	-109.2724	-77.4000	0.7083	77.0798	0.7057	1.1e-04	0.5445
9025	-109.2927	-109.2928	-75.5055	0.6909	78.9782	0.7230	1.1e-04	0.5471
9026	-109.3082	-109.3082	-76.4889	0.6998	78.0398	0.7143	1.1e-04	0.5447
9027	-109.2928	-109.2928	-75.9369	0.6948	78.5483	0.7192	1.1e-04	0.5451
9028	-109.2972	-109.2972	-75.8129	0.6936	78.6897	0.7203	1.1e-04	0.5449
9029	-109.2719	-109.2719	-76.2456	0.6978	78.2337	0.7163	1.1e-04	0.5472
9030	-109.2896	-109.2896	-77.2244	0.7066	77.2950	0.7076	1.1e-04	0.5457
9031	-109.2570	-109.2571	-76.0768	0.6963	78.3736	0.7176	1.1e-04	0.5449
9032	-109.2760	-109.2760	-77.6959	0.7110	76.7704	0.7029	1.1e-04	0.5450
9033	-109.2904	-109.2904	-77.2635	0.7070	77.2571	0.7072	1.1e-04	0.5458
9034	-109.2765	-109.2765	-76.1954	0.6973	78.2717	0.7167	1.1e-04	0.5454
9035	-109.2561	-109.2561	-76.7433	0.7024	77.7378	0.7117	1.1e-04	0.5455
9036	-109.2600	-109.2600	-77.0217	0.7049	77.4612	0.7092	1.1e-04	0.5455
9037	-109.2904	-109.2904	-76.6219	0.7011	77.8859	0.7130	1.1e-04	0.5447
9038	-109.2794	-109.2794	-77.6034	0.7101	76.8975	0.7041	1.1e-04	0.5450
9039	-109.2665	-109.2665	-76.4405	0.6996	78.0261	0.7144	1.1e-04	0.5451
9040	-109.2808	-109.2808	-77.0422	0.7050	77.4444	0.7091	1.1e-04	0.5465
9041	-109.2846	-109.2846	-76.6286	0.7012	77.8742	0.7129	1.1e-04	0.5819
9042	-109.2999	-109.2999	-76.8494	0.7031	77.6699	0.7111	1.1e-04	0.5461
9043	-109.2707	-109.2707	-75.9720	0.6953	78.4976	0.7188	1.1e-04	0.5440
9044	-109.2931	-109.2932	-76.1735	0.6970	78.3179	0.7171	1.1e-04	0.5449
9045	-109.2789	-109.2789	-76.7279	0.7021	77.7679	0.7119	1.1e-04	0.5451
9046	-109.2702	-109.2702	-76.4047	0.6992	78.0877	0.7149	1.1e-04	0.5452
9047	-109.2439	-109.2439	-76.4909	0.7002	77.9660	0.7140	1.1e-04	0.5455
9048	-109.2756	-109.2756	-75.9162	0.6947	78.5648	0.7193	1.1e-04	0.5468
9049	-109.2867	-109.2867	-76.7412	0.7022	77.7738	0.7119	1.1e-04	0.5468
9050	-109.2866	-109.2866	-76.5814	0.7007	77.9289	0.7134	1.1e-04	0.5474
9051	-109.2913	-109.2914	-75.7081	0.6927	78.7876	0.7212	1.1e-04	0.5449
9052	-109.2769	-109.2769	-76.7450	0.7023	77.7604	0.7119	1.1e-04	0.5448
9053	-109.3073	-109.3073	-77.5561	0.7095	76.9495	0.7045	1.1e-04	0.5451
9054	-109.2628	-109.2628	-77.0380	0.7051	77.4388	0.7090	1.1e-04	0.5470
9055	-109.2807	-109.2807	-77.6516	0.7106	76.8644	0.7036	1.1e-04	0.5460
9056	-109.2741	-109.2741	-76.1261	0.6967	78.3491	0.7174	1.1e-04	0.5455
9057	-109.2673	-109.2673	-76.6703	0.7017	77.8014	0.7123	1.1e-04	0.5454
9058	-109.2868	-109.2868	-76.9245	0.7039	77.5738	0.7102	1.1e-04	0.5440
9059	-109.2863	-109.2863	-76.0606	0.6960	78.4425	0.7181	1.1e-04	0.5460
9060	-109.2768	-109.2768	-76.1920	0.6972	78.2760	0.7166	1.1e-04	0.5469
9061	-109.2798	-109.2798	-76.9468	0.7041	77.5602	0.7100	1.1e-04	0.5473
9062	-109.2879	-109.2879	-76.6044	0.7009	77.9105	0.7132	1.1e-04	0.5449
9063	-109.2742	-109.2742	-76.4118	0.6993	78.0782	0.7149	1.1e-04	0.5449
9064	-109.2670	-109.2670	-76.6041	0.7011	77.8832	0.7131	1.1e-04	0.5447
9065	-109.2828	-109.2828	-76.2367	0.6976	78.2502	0.7165	1.1e-04	0.5472
9066	-109.2659	-109.2659	-77.1120	0.7057	77.3734	0.7085	1.1e-04	0.5465
9067	-109.2899	-109.2899	-77.4226	0.7084	77.0903	0.7058	1.1e-04	0.5472
9068	-109.2900	-109.2900	-76.4225	0.6993	78.0836	0.7149	1.1e-04	0.5475
9069	-109.2825	-109.2825	-76.2247	0.6975	78.2657	0.7165	1.1e-04	0.5466
9070	-109.2713	-109.2713	-76.9368	0.7041	77.5370	0.7100	1.1e-04	0.5466
9071	-109.2580	-109.2580	-76.1974	0.6974	78.2459	0.7166	1.1e-04	0.5470
9072	-109.2936	-109.2936	-75.8463	0.6940	78.6383	0.7200	1.1e-04	0.5467
9073	-109.2798	-109.2798	-76.5814	0.7008	77.9215	0.7134	1.1e-04	0.5725
9074	-109.2918	-109.2918	-76.9156	0.7038	77.5844	0.7103	1.1e-04	0.5459
9075	-109.3073	-109.3073	-76.8517	0.7031	77.6681	0.7110	1.1e-04	0.5454
9076	-109.2739	-109.2739	-76.6406	0.7014	77.8473	0.7127	1.1e-04	0.5452
9077	-109.2826	-109.2826	-77.8694	0.7126	76.6366	0.7016	1.1e-04	0.5443
9078	-109.2852	-109.2852	-76.8201	0.7029	77.6854	0.7112	1.1e-04	0.5450
9079	-109.2805	-109.2805	-76.6755	0.7016	77.8069	0.7125	1.1e-04	0.5481
9080	-109.2644	-109.2644	-77.4394	0.7087	77.0233	0.7053	1.1e-04	0.5460
9081	-109.2757	-109.2757	-77.1095	0.7056	77.3904	0.7086	1.1e-04	0.5807
9082	-109.2692	-109.2692	-76.7421	0.7023	77.7408	0.7118	1.1e-04	0.5449
9083	-109.3010	-109.3010	-76.8258	0.7029	77.6938	0.7113	1.1e-04	0.5457
9084	-109.2893	-109.2893	-76.2207	0.6974	78.2621	0.7164	1.1e-04	0.5470
9085	-109.2807	-109.2807	-77.0190	0.7048	77.4803	0.7094	1.1e-04	0.5470
9086	-109.2749	-109.2749	-75.8521	0.6941	78.6178	0.7198	1.1e-04	0.5448
9087	-109.2880	-109.2880	-76.4635	0.6997	78.0519	0.7145	1.1e-04	0.5447
9088	-109.2665	-109.2665	-76.1938	0.6973	78.3003	0.7167	1.1e-04	0.5795
9089	-109.2882	-109.2882	-76.9600	0.7042	77.5572	0.7100	1.1e-04	0.5442
9090	-109.2729	-109.2729	-76.1830	0.6972	78.2544	0.7165	1.1e-04	0.5451
9091	-109.2912	-109.2912	-76.2157	0.6974	78.2277	0.7161	1.1e-04	0.5468
9092	-109.2931	-109.2931	-76.6159	0.7010	77.8957	0.7131	1.1e-04	0.5824
9093	-109.2822	-109.2822	-76.8516	0.7032	77.6546	0.7110	1.1e-04	0.5441
9094	-109.2722	-109.2722	-75.9991	0.6955	78.4567	0.7183	1.1e-04	0.5468
9095	-109.2855	-109.2855	-77.1202	0.7057	77.3927	0.7085	1.1e-04	0.5436
9096	-109.2810	-109.2810	-77.1698	0.7062	77.3445	0.7080	1.1e-04	0.5443
9097	-109.2756	-109.2756	-77.6316	0.7104	76.8762	0.7038	1.1e-04	0.5481
9098	-109.2851	-109.2851	-77.8625	0.7125	76.6447	0.7017	1.1e-04	0.5467
9099	-109.2779	-109.2779	-76.7677	0.7025	77.7348	0.7117	1.1e-04	0.5460
9100	-109.2722	-109.2722	-77.2105	0.7066	77.2739	0.7075	1.1e-04	0.5444
9101	-109.2841	-109.2841	-77.0708	0.7052	77.4158	0.7087	1.1e-04	0.5440
9102	-109.2704	-109.2704	-76.7703	0.7026	77.7128	0.7116	1.1e-04	0.5472
9103	-109.2630	-109.2630	-76.6505	0.7015	77.8252	0.7126	1.1e-04	0.5467
9104	-109.2862	-109.2862	-76.4630	0.6997	78.0251	0.7143	1.1e-04	0.5449
9105	-109.2818	-109.2818	-75.9408	0.6949	78.5420	0.7191	1.1e-04	0.5459
9106	-109.2889	-109.2889	-77.1312	0.7058	77.3910	0.7084	1.1e-04	0.5463
9107	-109.2613	-109.2613	-77.5105	0.7094	76.9782	0.7048	1.1e-04	0.5459
9108	-109.2870	-109.2870	-77.3422	0.7077	77.1774	0.7065	1.1e-04	0.5467
9109	-109.2919	-109.2919	-77.2522	0.7068	77.2557	0.7073	1.1e-04	0.5448
9110	-109.2906	-109.2906	-77.5710	0.7098	76.9421	0.7044	1.1e-04	0.5445
9111	-109.2708	-109.2708	-76.7750	0.7026	77.7056	0.7115	1.1e-04	0.5447
9112	-109.2680	-109.2680	-77.3588	0.7080	77.1202	0.7062	1.1e-04	0.5445
9113	-109.2819	-109.2819	-76.2115	0.6974	78.2851	0.7167	1.1e-04	0.5449
9114	-109.2848	-109.2848	-76.8069	0.7028	77.7026	0.7114	1.1e-04	0.5455
9115	-109.2596	-109.2596	-76.9346	0.7041	77.5480	0.7101	1.1e-04	0.5474
9116	-109.2754	-109.2754	-76.9490	0.7042	77.5477	0.7099	1.1e-04	0.5465
9117	-109.2864	-109.2864	-77.0682	0.7052	77.4222	0.7089	1.1e-04	0.5468
9118	-109.2921	-109.2921	-77.5272	0.7094	76.9728	0.7047	1.1e-04	0.5472
9119	-109.2776	-109.2776	-77.1222	0.7057	77.3892	0.7085	1.1e-04	0.5477
9120	-109.2736	-109.2736	-77.0739	0.7053	77.4205	0.7089	1.1e-04	0.5474
9121	-109.2737	-109.2737	-78.1083	0.7148	76.3882	0.6993	1.1e-04	0.5469
9122	-109.2947	-109.2947	-76.1602	0.6968	78.3385	0.7172	1.1e-04	0.5470
9123	-109.2883	-109.2883	-77.1748	0.7062	77.3440	0.7080	1.1e-04	0.5455
9124	-109.2788	-109.2788	-77.4571	0.7088	77.0440	0.7054	1.1e-04	0.5447
9125	-109.2736	-109.2736	-76.8952	0.7037	77.5864	0.7104	1.1e-04	0.5446
9126	-109.2641	-109.2641	-77.1645	0.7062	77.3123	0.7079	1.1e-04	0.5441
9127	-109.3053	-109.3053	-76.5963	0.7008	77.8929	0.7131	1.1e-04	0.5456
9128	-109.2836	-109.2836	-76.5898	0.7008	77.9098	0.7132	1.1e-04	0.5468
9129	-109.2780	-109.2780	-77.4077	0.7084	77.0956	0.7059	1.1e-04	0.5455
9130	-109.2981	-109.2981	-76.9077	0.7037	77.6213	0.7105	1.1e-04	0.5449
9131	-109.3014	-109.3014	-77.1572	0.7059	77.3872	0.7083	1.1e-04	0.5469
9132	-109.2910	-109.2910	-76.9722	0.7043	77.5246	0.7098	1.1e-04	0.5446
9133	-109.2977	-109.2977	-76.6058	0.7009	77.9090	0.7133	1.1e-04	0.5452
9134	-109.2724	-109.2724	-77.1984	0.7065	77.3033	0.7077	1.1e-04	0.5473
9135	-109.2755	-109.2755	-76.9333	0.7040	77.5490	0.7101	1.1e-04	0.5467
9136	-109.2626	-109.2626	-76.6548	0.7016	77.8251	0.7125	1.1e-04	0.5459
9137	-109.2737	-109.2737	-76.4662	0.6998	78.0296	0.7144	1.1e-04	0.5453
9138	-109.2454	-109.2454	-77.1622	0.7063	77.2813	0.7076	1.1e-04	0.5453
9139	-109.2690	-109.2690	-77.5276	0.7095	76.9518	0.7046	1.1e-04	0.5442
9140	-109.2611	-109.2611	-76.9822	0.7046	77.4853	0.7095	1.1e-04	0.5775
9141	-109.2734	-109.2734	-76.8864	0.7036	77.5970	0.7104	1.1e-04	0.5465
9142	-109.2664	-109.2664	-78.0038	0.7139	76.4814	0.7003	1.1e-04	0.5483
9143	-109.2846	-109.2846	-77.1670	0.7061	77.3304	0.7080	1.1e-04	0.5774
9144	-109.2899	-109.2899	-77.2732	0.7070	77.2418	0.7072	1.1e-04	0.5442
9145	-109.2868	-109.2868	-77.5184	0.7093	76.9864	0.7049	1.1e-04	0.5451
9146	-109.2645	-109.2645	-76.8121	0.7030	77.6777	0.7112	1.1e-04	0.5450
9147	-109.2811	-109.2811	-76.7368	0.7022	77.7440	0.7117	1.1e-04	0.5456
9148	-109.2740	-109.2740	-76.9979	0.7046	77.4992	0.7096	1.1e-04	0.5472
9149	-109.2623	-109.2623	-77.2388	0.7069	77.2414	0.7072	1.1e-04	0.5472
9150	-109.2770	-109.2770	-76.9325	0.7040	77.5616	0.7102	1.1e-04	0.5473
9151	-109.2689	-109.2689	-77.1514	0.7061	77.3491	0.7081	1.1e-04	0.5465
9152	-109.2622	-109.2622	-76.9082	0.7039	77.5678	0.7103	1.1e-04	0.5468
9153	-109.2844	-109.2844	-76.3348	0.6985	78.1435	0.7154	1.1e-04	0.5467
9154	-109.2903	-109.2903	-77.3277	0.7075	77.1882	0.7067	1.1e-04	0.5455
9155	-109.2870	-109.2870	-76.5280	0.7002	77.9741	0.7139	1.1e-04	0.5455
9156	-109.2836	-109.2836	-77.0546	0.7051	77.4537	0.7091	1.1e-04	0.5457
9157	-109.3046	-109.3046	-77.2390	0.7066	77.2994	0.7076	1.1e-04	0.5454
9158	-109.2824	-109.2824	-76.7892	0.7027	77.7271	0.7115	1.1e-04	0.5443
9159	-109.2869	-109.2869	-76.4831	0.6998	78.0191	0.7142	1.1e-04	0.5448
9160	-109.2805	-109.2805	-76.8624	0.7033	77.6489	0.7108	1.1e-04	0.5450
9161	-109.2937	-109.2937	-76.2913	0.6980	78.2207	0.7161	1.1e-04	0.5468
9162	-109.2834	-109.2834	-76.2950	0.6981	78.1857	0.7158	1.1e-04	0.5476
9163	-109.3059	-109.3059	-77.4563	0.7086	77.0614	0.7055	1.1e-04	0.5458
9164	-109.2905	-109.2905	-77.2622	0.7069	77.2590	0.7072	1.1e-04	0.5451
9165	-109.2825	-109.2825	-76.9967	0.7046	77.5055	0.7096	1.1e-04	0.5461
9166	-109.2700	-109.2700	-77.4638	0.7089	77.0202	0.7053	1.1e-04	0.5469
9167	-109.2656	-109.2656	-76.9833	0.7046	77.4949	0.7095	1.1e-04	0.5449
9168	-109.2922	-109.2922	-77.5729	0.7098	76.9418	0.7044	1.1e-04	0.5447
9169	-109.2695	-109.2695	-76.4931	0.7000	77.9891	0.7141	1.1e-04	0.5483
9170	-109.2895	-109.2895	-77.2409	0.7068	77.2793	0.7075	1.1e-04	0.5446
9171	-109.2826	-109.2826	-76.6411	0.7013	77.8650	0.7129	1.1e-04	0.5448
9172	-109.2825	-109.2825	-76.3796	0.6989	78.1041	0.7151	1.1e-04	0.5472
9173	-109.2817	-109.2817	-76.3527	0.6987	78.1382	0.7154	1.1e-04	0.5467
9174	-109.2720	-109.2720	-76.2149	0.6975	78.2536	0.7165	1.1e-04	0.5477
9175	-109.2929	-109.2929	-76.7713	0.7024	77.7346	0.7117	1.1e-04	0.5461
9176	-109.2856	-109.2856	-77.1183	0.7057	77.4036	0.7085	1.1e-04	0.5454
9177	-109.2705	-109.2705	-76.4220	0.6994	78.0298	0.7145	1.1e-04	0.5446
9178	-109.2427	-109.2427	-77.2169	0.7068	77.2268	0.7073	1.1e-04	0.5451
9179	-109.2642	-109.2642	-76.5755	0.7008	77.9026	0.7133	1.1e-04	0.5450
9180	-109.2783	-109.2783	-76.5509	0.7005	77.9462	0.7136	1.1e-04	0.5459
9181	-109.2888	-109.2888	-75.9491	0.6949	78.5413	0.7189	1.1e-04	0.5459
9182	-109.2510	-109.2510	-76.7992	0.7030	77.6696	0.7112	1.1e-04	0.5468
9183	-109.2873	-109.2873	-76.4942	0.6999	78.0002	0.7141	1.1e-04	0.5463
9184	-109.2849	-109.2849	-76.9865	0.7045	77.5167	0.7097	1.1e-04	0.5471
9185	-109.2836	-109.2836	-76.5445	0.7004	77.9637	0.7137	1.1e-04	0.5472
9186	-109.2812	-109.2812	-76.9232	0.7039	77.5744	0.7103	1.1e-04	0.5455
9187	-109.2890	-109.2890	-76.5890	0.7008	77.9171	0.7133	1.1e-04	0.5448
9188	-109.2819	-109.2819	-77.1262	0.7058	77.3930	0.7085	1.1e-04	0.5451
9189	-109.2829	-109.2829	-76.1870	0.6972	78.2873	0.7168	1.1e-04	0.5450
9190	-109.2642	-109.2642	-75.9759	0.6953	78.4910	0.7186	1.1e-04	0.5463
9191	-109.2695	-109.2695	-77.1859	0.7064	77.2924	0.7078	1.1e-04	0.5462
9192	-109.2742	-109.2742	-77.1205	0.7058	77.3666	0.7084	1.1e-04	0.5469
9193	-109.2677	-109.2677	-77.4012	0.7084	77.0920	0.7058	1.1e-04	0.5475
9194	-109.2842	-109.2842	-77.0446	0.7050	77.4551	0.7092	1.1e-04	0.5469
9195	-109.2789	-109.2789	-76.7033	0.7019	77.7879	0.7123	1.1e-04	0.5467
9196	-109.2674	-109.2674	-77.4560	0.7089	77.0366	0.7053	1.1e-04	0.5469
9197	-109.2978	-109.2978	-76.0459	0.6958	78.4639	0.7182	1.1e-04	0.5473
9198	-109.2771	-109.2771	-76.8755	0.7035	77.6265	0.7107	1.1e-04	0.5457
9199	-109.2787	-109.2787	-76.2895	0.6981	78.1938	0.7160	1.1e-04	0.5444
9200	-109.2920	-109.2920	-76.3419	0.6985	78.1682	0.7156	1.1e-04	0.5444
9201	-109.2682	-109.2682	-77.4376	0.7087	77.0430	0.7055	1.1e-04	0.5440
9202	-109.2746	-109.2746	-77.1134	0.7057	77.3827	0.7085	1.1e-04	0.5436
9203	-109.2713	-109.2713	-77.5241	0.7095	76.9673	0.7047	1.1e-04	0.5444
9204	-109.2751	-109.2751	-76.4767	0.6999	78.0300	0.7143	1.1e-04	0.5459
9205	-109.2855	-109.2855	-76.5024	0.7000	77.9941	0.7141	1.1e-04	0.5458
9206	-109.2828	-109.2828	-76.2923	0.6981	78.1834	0.7158	1.1e-04	0.5449
9207	-109.2891	-109.2891	-76.6157	0.7010	77.8965	0.7131	1.1e-04	0.5464
9208	-109.2837	-109.2837	-76.8320	0.7031	77.6773	0.7111	1.1e-04	0.5464
9209	-109.2805	-109.2805	-76.1043	0.6964	78.3566	0.7175	1.1e-04	0.5455
9210	-109.2799	-109.2799	-76.4922	0.7000	77.9509	0.7136	1.1e-04	0.5453
9211	-109.2843	-109.2843	-76.5331	0.7003	77.9483	0.7136	1.1e-04	0.5480
9212	-109.2826	-109.2826	-76.6722	0.7016	77.8247	0.7125	1.1e-04	0.5459
9213	-109.2799	-109.2799	-76.4329	0.6994	78.0547	0.7147	1.1e-04	0.5457
9214	-109.2731	-109.2731	-76.8543	0.7033	77.6359	0.7108	1.1e-04	0.5777
9215	-109.2979	-109.2979	-76.8479	0.7031	77.6770	0.7111	1.1e-04	0.5466
9216	-109.2818	-109.2818	-76.5669	0.7006	77.9386	0.7135	1.1e-04	0.5455
9217	-109.2691	-109.2691	-76.5393	0.7005	77.9274	0.7135	1.1e-04	0.5471
9218	-109.2939	-109.2939	-76.4802	0.6998	78.0327	0.7144	1.1e-04	0.5473
9219	-109.2862	-109.2862	-76.6774	0.7016	77.8219	0.7124	1.1e-04	0.5443
9220	-109.2885	-109.2886	-76.2001	0.6972	78.3078	0.7168	1.1e-04	0.5445
9221	-109.2766	-109.2766	-76.8196	0.7030	77.6795	0.7112	1.1e-04	0.5448
9222	-109.2793	-109.2793	-75.9865	0.6953	78.4977	0.7187	1.1e-04	0.5731
9223	-109.2659	-109.2660	-75.7308	0.6931	78.6982	0.7206	1.1e-04	0.5447
9224	-109.3041	-109.3041	-77.0664	0.7051	77.4648	0.7091	1.1e-04	0.5451
9225	-109.2799	-109.2799	-77.3222	0.7076	77.1896	0.7066	1.1e-04	0.5451
9226	-109.2686	-109.2686	-76.0300	0.6958	78.4341	0.7182	1.1e-04	0.5460
9227	-109.2759	-109.2759	-76.7883	0.7027	77.6900	0.7113	1.1e-04	0.5476
9228	-109.2806	-109.2806	-76.9204	0.7039	77.5891	0.7103	1.1e-04	0.5478
9229	-109.2964	-109.2964	-77.7529	0.7114	76.7434	0.7026	1.1e-04	0.5475
9230	-109.2719	-109.2719	-75.7799	0.6935	78.6801	0.7204	1.1e-04	0.5812
9231	-109.2690	-109.2690	-77.3378	0.7078	77.1485	0.7064	1.1e-04	0.5445
9232	-109.3020	-109.3020	-76.5200	0.7001	77.9878	0.7140	1.1e-04	0.5445
9233	-109.2760	-109.2760	-76.5618	0.7006	77.9256	0.7135	1.1e-04	0.5810
9234	-109.3008	-109.3008	-76.3928	0.6989	78.1233	0.7151	1.1e-04	0.5469
9235	-109.2753	-109.2753	-77.0331	0.7049	77.4656	0.7093	1.1e-04	0.5466
9236	-109.2778	-109.2778	-78.2951	0.7165	76.1745	0.6974	1.1e-04	0.5447
9237	-109.3070	-109.3070	-77.0653	0.7050	77.4816	0.7092	1.1e-04	0.5446
9238	-109.2861	-109.2861	-77.1982	0.7064	77.3148	0.7078	1.1e-04	0.5452
9239	-109.2647	-109.2647	-76.3303	0.6986	78.1327	0.7154	1.1e-04	0.5449
9240	-109.2792	-109.2792	-77.1603	0.7061	77.3357	0.7081	1.1e-04	0.5808
9241	-109.2750	-109.2750	-76.9737	0.7044	77.5059	0.7098	1.1e-04	0.5463
9242	-109.2643	-109.2643	-76.8250	0.7031	77.6358	0.7109	1.1e-04	0.5456
9243	-109.2720	-109.2720	-76.6505	0.7015	77.8164	0.7125	1.1e-04	0.5454
9244	-109.2831	-109.2831	-77.3566	0.7079	77.1444	0.7063	1.1e-04	0.5471
9245	-109.2892	-109.2892	-76.9537	0.7041	77.5582	0.7101	1.1e-04	0.5458
9246	-109.2953	-109.2953	-77.7320	0.7112	76.7840	0.7029	1.1e-04	0.5454
9247	-109.2850	-109.2851	-76.0948	0.6963	78.3840	0.7177	1.1e-04	0.5450
9248	-109.2889	-109.2889	-75.7996	0.6936	78.6788	0.7204	1.1e-04	0.5458
9249	-109.2683	-109.2683	-76.4509	0.6997	78.0474	0.7145	1.1e-04	0.5453
9250	-109.2886	-109.2886	-76.7138	0.7019	77.8010	0.7122	1.1e-04	0.5443
9251	-109.2740	-109.2740	-76.5293	0.7003	77.9489	0.7137	1.1e-04	0.5456
9252	-109.2831	-109.2831	-76.2496	0.6977	78.2540	0.7163	1.1e-04	0.5443
9253	-109.2741	-109.2741	-76.3138	0.6984	78.1696	0.7157	1.1e-04	0.5443
9254	-109.2755	-109.2755	-76.8839	0.7036	77.6151	0.7106	1.1e-04	0.5470
9255	-109.2610	-109.2610	-77.0965	0.7056	77.3815	0.7086	1.1e-04	0.5461
9256	-109.2545	-109.2545	-76.8614	0.7035	77.5931	0.7105	1.1e-04	0.5792
9257	-109.2799	-109.2799	-76.2536	0.6978	78.2234	0.7163	1.1e-04	0.5462
9258	-109.2846	-109.2846	-77.2175	0.7066	77.2893	0.7076	1.1e-04	0.5452
9259	-109.2722	-109.2722	-76.7707	0.7026	77.7152	0.7116	1.1e-04	0.5467
9260	-109.2708	-109.2708	-76.8716	0.7035	77.6180	0.7107	1.1e-04	0.5452
9261	-109.2822	-109.2822	-77.1169	0.7057	77.3823	0.7085	1.1e-04	0.5453
9262	-109.2681	-109.2681	-76.8948	0.7037	77.5817	0.7103	1.1e-04	0.5469
9263	-109.2702	-109.2702	-76.7838	0.7027	77.7034	0.7114	1.1e-04	0.5831
9264	-109.2753	-109.2753	-76.1629	0.6970	78.3136	0.7170	1.1e-04	0.5457
9265	-109.2796	-109.2797	-75.4014	0.6900	79.0495	0.7237	1.1e-04	0.5446
9266	-109.2808	-109.2808	-77.4846	0.7090	76.9928	0.7049	1.1e-04	0.5449
9267	-109.2815	-109.2815	-76.0894	0.6963	78.3770	0.7176	1.1e-04	0.5449
9268	-109.2868	-109.2868	-77.1048	0.7055	77.3857	0.7085	1.1e-04	0.5453
9269	-109.2869	-109.2869	-77.8437	0.7123	76.6330	0.7016	1.1e-04	0.5454
9270	-109.2760	-109.2760	-76.0818	0.6962	78.3794	0.7177	1.1e-04	0.5464
9271	-109.2830	-109.2830	-76.8561	0.7033	77.6096	0.7106	1.1e-04	0.5474
9272	-109.2704	-109.2704	-76.5028	0.7001	77.9937	0.7140	1.1e-04	0.5809
9273	-109.2700	-109.2701	-75.4793	0.6908	78.9740	0.7231	1.1e-04	0.5445
9274	-109.2876	-109.2876	-76.3816	0.6989	78.1070	0.7152	1.1e-04	0.5468
9275	-109.2891	-109.2891	-76.7921	0.7027	77.7161	0.7115	1.1e-04	0.5503
9276	-109.2756	-109.2756	-76.7710	0.7025	77.7191	0.7116	1.1e-04	0.5459
9277	-109.2788	-109.2788	-76.4850	0.6999	78.0006	0.7142	1.1e-04	0.5454
9278	-109.2743	-109.2743	-76.4275	0.6994	78.0596	0.7147	1.1e-04	0.5465
9279	-109.2747	-109.2747	-76.8294	0.7031	77.6546	0.7110	1.1e-04	0.5460
9280	-109.2765	-109.2765	-75.8387	0.6940	78.6322	0.7200	1.1e-04	0.5441
9281	-109.2681	-109.2681	-76.6523	0.7015	77.8193	0.7125	1.1e-04	0.5458
9282	-109.2634	-109.2634	-76.9820	0.7046	77.4966	0.7096	1.1e-04	0.5777
9283	-109.2893	-109.2893	-75.8024	0.6936	78.6909	0.7204	1.1e-04	0.5477
9284	-109.2929	-109.2929	-75.7256	0.6929	78.7664	0.7211	1.1e-04	0.5466
9285	-109.2809	-109.2809	-76.2817	0.6980	78.1990	0.7160	1.0e-04	0.5452
9286	-109.2545	-109.2545	-76.8977	0.7038	77.5739	0.7103	1.0e-04	0.5446
9287	-109.2898	-109.2898	-77.1709	0.7061	77.3427	0.7081	1.0e-04	0.5453
9288	-109.2702	-109.2702	-76.4922	0.7000	77.9925	0.7141	1.0e-04	0.5461
9289	-109.2586	-109.2586	-76.1477	0.6969	78.3121	0.7171	1.0e-04	0.5479
9290	-109.2797	-109.2797	-76.6779	0.7017	77.8066	0.7125	1.0e-04	0.5462
9291	-109.2907	-109.2907	-76.1191	0.6965	78.3776	0.7175	1.0e-04	0.5448
9292	-109.2880	-109.2880	-76.8792	0.7035	77.6385	0.7107	1.0e-04	0.5451
9293	-109.2885	-109.2885	-76.2055	0.6973	78.3009	0.7168	1.0e-04	0.5447
9294	-109.2852	-109.2852	-76.4395	0.6995	78.0590	0.7147	1.0e-04	0.5447
9295	-109.2678	-109.2678	-77.0698	0.7053	77.4187	0.7089	1.0e-04	0.5442
9296	-109.2828	-109.2828	-76.6962	0.7018	77.8134	0.7124	1.0e-04	0.5452
9297	-109.2685	-109.2685	-76.2870	0.6982	78.1691	0.7157	1.0e-04	0.5465
9298	-109.2788	-109.2788	-76.9808	0.7044	77.5059	0.7096	1.0e-04	0.5476
9299	-109.2755	-109.2755	-76.7274	0.7021	77.7581	0.7119	1.0e-04	0.5474
9300	-109.2806	-109.2807	-75.2579	0.6887	79.1920	0.7250	1.0e-04	0.5462
9301	-109.2926	-109.2927	-76.2975	0.6981	78.2009	0.7160	1.0e-04	0.5443
9302	-109.2724	-109.2724	-76.2187	0.6975	78.2368	0.7163	1.0e-04	0.5460
9303	-109.2824	-109.2824	-76.3358	0.6985	78.1677	0.7156	1.0e-04	0.5458
9304	-109.2797	-109.2797	-76.1487	0.6968	78.3288	0.7171	1.0e-04	0.5472
9305	-109.2877	-109.2877	-76.6438	0.7013	77.8609	0.7129	1.0e-04	0.5475
9306	-109.2852	-109.2852	-76.1975	0.6972	78.2540	0.7165	1.0e-04	0.5473
9307	-109.2703	-109.2703	-76.8862	0.7036	77.5634	0.7102	1.0e-04	0.5459
9308	-109.2881	-109.2881	-77.2635	0.7070	77.2545	0.7072	1.0e-04	0.5815
9309	-109.2627	-109.2627	-76.6912	0.7019	77.7830	0.7123	1.0e-04	0.5457
9310	-109.2923	-109.2923	-76.7828	0.7025	77.7262	0.7116	1.0e-04	0.5468
9311	-109.2725	-109.2725	-76.0619	0.6961	78.4050	0.7179	1.0e-04	0.5475
9312	-109.2558	-109.2558	-77.1317	0.7060	77.3419	0.7082	1.0e-04	0.5478
9313	-109.2906	-109.2906	-77.1939	0.7063	77.3320	0.7079	1.0e-04	0.5455
9314	-109.2757	-109.2757	-76.2921	0.6982	78.1977	0.7159	1.0e-04	0.5463
9315	-109.2905	-109.2905	-76.3595	0.6987	78.1435	0.7154	1.0e-04	0.5451
9316	-109.3055	-109.3055	-76.5999	0.7008	77.9245	0.7134	1.0e-04	0.5457
9317	-109.2728	-109.2728	-76.1060	0.6965	78.3592	0.7174	1.0e-04	0.5453
9318	-109.2755	-109.2755	-75.9304	0.6949	78.5460	0.7191	1.0e-04	0.5455
9319	-109.2756	-109.2756	-77.3652	0.7080	77.1361	0.7062	1.0e-04	0.5700
9320	-109.2847	-109.2847	-76.6634	0.7015	77.8440	0.7127	1.0e-04	0.5451
9321	-109.2893	-109.2893	-76.5388	0.7003	77.9572	0.7137	1.0e-04	0.5463
9322	-109.2659	-109.2659	-77.3587	0.7080	77.1262	0.7062	1.0e-04	0.5454
9323	-109.2761	-109.2761	-76.6614	0.7015	77.8338	0.7126	1.0e-04	0.5451
9324	-109.2833	-109.2833	-77.0093	0.7047	77.4925	0.7095	1.0e-04	0.5456
9325	-109.2986	-109.2986	-76.8875	0.7035	77.6125	0.7105	1.0e-04	0.5449
9326	-109.2896	-109.2896	-76.4425	0.6994	78.0437	0.7145	1.0e-04	0.5452
9327	-109.2938	-109.2938	-77.1141	0.7056	77.4007	0.7086	1.0e-04	0.5466
9328	-109.2851	-109.2851	-76.9753	0.7044	77.5262	0.7098	1.0e-04	0.5471
9329	-109.2687	-109.2687	-77.8210	0.7122	76.6486	0.7019	1.0e-04	0.5469
9330	-109.2678	-109.2678	-76.6505	0.7015	77.8266	0.7127	1.0e-04	0.5454
9331	-109.2732	-109.2732	-77.3049	0.7074	77.1921	0.7068	1.0e-04	0.5459
9332	-109.2888	-109.2888	-76.4332	0.6994	78.0449	0.7145	1.0e-04	0.5473
9333	-109.2810	-109.2810	-76.6592	0.7015	77.8506	0.7126	1.0e-04	0.5457
9334	-109.2852	-109.2852	-78.0537	0.7142	76.4359	0.6998	1.0e-04	0.5465
9335	-109.2816	-109.2816	-76.2213	0.6975	78.2611	0.7165	1.0e-04	0.5442
9336	-109.2812	-109.2812	-77.1512	0.7060	77.3365	0.7082	1.0e-04	0.5443
9337	-109.2784	-109.2784	-76.8030	0.7028	77.6982	0.7114	1.0e-04	0.5454
9338	-109.2867	-109.2867	-76.6813	0.7017	77.8054	0.7124	1.0e-04	0.5457
9339	-109.2818	-109.2818	-77.1827	0.7063	77.3172	0.7079	1.0e-04	0.5457
9340	-109.2838	-109.2838	-77.3111	0.7074	77.2036	0.7068	1.0e-04	0.5463
9341	-109.2882	-109.2882	-77.4169	0.7084	77.1071	0.7058	1.0e-04	0.5479
9342	-109.2810	-109.2810	-76.9159	0.7038	77.5953	0.7103	1.0e-04	0.5475
9343	-109.2661	-109.2661	-77.1994	0.7065	77.2938	0.7077	1.0e-04	0.5462
9344	-109.2692	-109.2692	-76.9369	0.7041	77.5483	0.7101	1.0e-04	0.5455
9345	-109.2725	-109.2725	-77.5172	0.7094	76.9558	0.7047	1.0e-04	0.5453
9346	-109.2762	-109.2762	-77.5456	0.7096	76.9524	0.7045	1.0e-04	0.5446
9347	-109.2823	-109.2823	-78.1625	0.7152	76.3326	0.6988	1.0e-04	0.5459
9348	-109.2859	-109.2859	-77.3392	0.7077	77.1733	0.7065	1.0e-04	0.5447
9349	-109.2884	-109.2884	-77.1483	0.7059	77.3670	0.7083	1.0e-04	0.5473
9350	-109.2852	-109.2852	-77.2467	0.7068	77.2756	0.7074	1.0e-04	0.5464
9351	-109.2716	-109.2717	-76.0411	0.6959	78.4456	0.7181	1.0e-04	0.5445
9352	-109.2774	-109.2774	-76.7809	0.7026	77.7203	0.7116	1.0e-04	0.5465
9353	-109.2706	-109.2706	-77.2254	0.7067	77.2783	0.7075	1.0e-04	0.5463
9354	-109.2677	-109.2677	-76.5386	0.7005	77.9497	0.7137	1.0e-04	0.5454
9355	-109.2919	-109.2919	-77.0358	0.7049	77.4738	0.7092	1.0e-04	0.5476
9356	-109.2778	-109.2778	-77.1771	0.7062	77.3204	0.7080	1.0e-04	0.5453
9357	-109.2740	-109.2740	-77.0138	0.7048	77.4768	0.7094	1.0e-04	0.5445
9358	-109.2760	-109.2760	-77.1795	0.7063	77.3107	0.7079	1.0e-04	0.5461
9359	-109.2851	-109.2851	-77.7245	0.7112	76.7780	0.7029	1.0e-04	0.5460
9360	-109.2818	-109.2818	-77.7305	0.7113	76.7722	0.7029	1.0e-04	0.5453
9361	-109.3034	-109.3034	-77.3016	0.7072	77.2311	0.7070	1.0e-04	0.5463
9362	-109.2747	-109.2747	-77.4508	0.7088	77.0324	0.7053	1.0e-04	0.5446
9363	-109.2822	-109.2822	-77.6029	0.7101	76.9133	0.7041	1.0e-04	0.5450
9364	-109.2849	-109.2849	-77.7668	0.7116	76.7169	0.7024	1.0e-04	0.5447
9365	-109.2936	-109.2936	-78.1738	0.7153	76.3330	0.6988	1.0e-04	0.5450
9366	-109.2726	-109.2726	-77.4689	0.7090	77.0182	0.7052	1.0e-04	0.5449
9367	-109.2920	-109.2920	-77.1166	0.7056	77.3997	0.7086	1.0e-04	0.5448
9368	-109.2807	-109.2807	-77.1513	0.7060	77.3505	0.7082	1.0e-04	0.5460
9369	-109.2637	-109.2637	-78.2836	0.7165	76.1952	0.6976	1.0e-04	0.5462
9370	-109.2670	-109.2670	-77.8991	0.7129	76.5481	0.7010	1.0e-04	0.5481
9371	-109.2902	-109.2902	-76.6886	0.7017	77.8037	0.7123	1.0e-04	0.5481
9372	-109.2948	-109.2948	-77.7959	0.7118	76.7090	0.7023	1.0e-04	0.5462
9373	-109.2751	-109.2751	-77.3630	0.7080	77.1205	0.7062	1.0e-04	0.5466
9374	-109.2800	-109.2800	-77.4565	0.7088	77.0437	0.7054	1.0e-04	0.5469
9375	-109.2716	-109.2716	-77.8456	0.7124	76.6225	0.7015	1.0e-04	0.5456
9376	-109.2771	-109.2771	-77.2916	0.7073	77.2038	0.7068	1.0e-04	0.5457
9377	-109.2656	-109.2656	-76.5036	0.7002	77.9738	0.7140	1.0e-04	0.5461
9378	-109.2679	-109.2679	-77.5791	0.7100	76.9128	0.7042	1.0e-04	0.5449
9379	-109.2873	-109.2873	-77.5918	0.7100	76.8983	0.7040	1.0e-04	0.5457
9380	-109.2724	-109.2724	-78.1224	0.7149	76.3762	0.6992	1.0e-04	0.5466
9381	-109.2804	-109.2804	-77.6442	0.7105	76.8515	0.7037	1.0e-04	0.5448
9382	-109.2610	-109.2610	-76.8208	0.7031	77.6694	0.7111	1.0e-04	0.5446
9383	-109.2995	-109.2995	-77.5956	0.7099	76.9123	0.7042	1.0e-04	0.5444
9384	-109.2792	-109.2792	-77.2899	0.7073	77.2201	0.7069	1.0e-04	0.5456
9385	-109.2818	-109.2818	-76.9159	0.7038	77.5811	0.7104	1.0e-04	0.5471
9386	-109.2898	-109.2899	-76.0174	0.6956	78.4595	0.7183	1.0e-04	0.5470
9387	-109.2834	-109.2834	-76.9774	0.7044	77.5235	0.7098	1.0e-04	0.5447
9388	-109.2908	-109.2908	-77.7821	0.7117	76.7205	0.7024	1.0e-04	0.5440
9389	-109.2888	-109.2888	-77.3218	0.7075	77.1749	0.7065	1.0e-04	0.5475
9390	-109.2817	-109.2817	-77.1593	0.7061	77.3367	0.7081	1.0e-04	0.5467
9391	-109.2724	-109.2724	-77.6481	0.7106	76.8540	0.7036	1.0e-04	0.5458
9392	-109.2808	-109.2808	-77.6431	0.7105	76.8476	0.7037	1.0e-04	0.5469
9393	-109.2874	-109.2874	-77.0329	0.7049	77.4745	0.7093	1.0e-04	0.5455
9394	-109.2681	-109.2681	-77.2290	0.7068	77.2680	0.7074	1.0e-04	0.5449
9395	-109.2699	-109.2699	-78.2774	0.7164	76.1667	0.6974	1.0e-04	0.5457
9396	-109.2854	-109.2854	-77.1715	0.7061	77.3299	0.7080	1.0e-04	0.5469
9397	-109.2712	-109.2712	-77.2121	0.7066	77.2873	0.7076	1.0e-04	0.5467
9398	-109.3024	-109.3024	-77.9906	0.7135	76.5151	0.7005	1.0e-04	0.5470
9399	-109.2861	-109.2861	-77.1924	0.7063	77.3083	0.7078	1.0e-04	0.5461
9400	-109.2851	-109.2851	-77.0542	0.7051	77.4460	0.7091	1.0e-04	0.5447
9401	-109.2732	-109.2732	-77.3405	0.7078	77.1595	0.7064	1.0e-04	0.5444
9402	-109.2932	-109.2932	-78.2022	0.7155	76.2892	0.6985	1.0e-04	0.5462
9403	-109.2682	-109.2682	-77.5147	0.7094	76.9852	0.7048	1.0e-04	0.5464
9404	-109.2892	-109.2892	-76.9127	0.7038	77.6010	0.7104	1.0e-04	0.5472
9405	-109.2984	-109.2984	-77.2175	0.7065	77.2966	0.7077	1.0e-04	0.5458
9406	-109.2822	-109.2822	-77.4783	0.7090	77.0103	0.7052	1.0e-04	0.5465
9407	-109.2785	-109.2785	-77.4347	0.7086	77.0535	0.7055	1.0e-04	0.5463
9408	-109.2805	-109.2805	-76.9083	0.7038	77.6097	0.7104	1.0e-04	0.5481
9409	-109.2737	-109.2737	-77.2606	0.7070	77.2376	0.7071	1.0e-04	0.5475
9410	-109.2778	-109.2778	-78.0011	0.7138	76.4808	0.7004	1.0e-04	0.5479
9411	-109.2961	-109.2961	-77.2222	0.7065	77.2856	0.7075	1.0e-04	0.5470
9412	-109.2569	-109.2569	-76.5448	0.7006	77.9326	0.7135	1.0e-04	0.5461
9413	-109.3100	-109.3100	-77.0181	0.7046	77.5143	0.7096	1.0e-04	0.5471
9414	-109.2954	-109.2954	-76.4398	0.6994	78.0147	0.7142	1.0e-04	0.5506
9415	-109.2888	-109.2888	-76.8175	0.7029	77.6890	0.7112	1.0e-04	0.5461
9416	-109.2669	-109.2669	-77.5159	0.7094	76.9693	0.7048	1.0e-04	0.5470
9417	-109.2719	-109.2719	-77.2878	0.7073	77.2023	0.7069	1.0e-04	0.5461
9418	-109.2688	-109.2688	-76.9633	0.7043	77.5237	0.7098	1.0e-04	0.5471
9419	-109.2843	-109.2843	-77.3396	0.7077	77.1488	0.7063	1.0e-04	0.5459
9420	-109.2846	-109.2846	-77.0655	0.7052	77.4330	0.7090	1.0e-04	0.5446
9421	-109.2695	-109.2695	-78.1016	0.7148	76.3812	0.6994	1.0e-04	0.5445
9422	-109.2912	-109.2912	-77.1373	0.7058	77.3825	0.7084	1.0e-04	0.5444
9423	-109.2670	-109.2670	-77.7298	0.7114	76.7586	0.7028	1.0e-04	0.5470
9424	-109.2807	-109.2807	-77.4522	0.7087	77.0539	0.7055	1.0e-04	0.5460
9425	-109.2816	-109.2816	-77.7878	0.7118	76.7178	0.7024	1.0e-04	0.5453
9426	-109.2747	-109.2747	-77.5503	0.7097	76.9452	0.7045	1.0e-04	0.5470
9427	-109.2814	-109.2814	-77.5258	0.7094	76.9663	0.7047	1.0e-04	0.5470
9428	-109.2746	-109.2746	-77.5864	0.7100	76.9059	0.7041	1.0e-04	0.5444
9429	-109.2708	-109.2708	-77.5512	0.7097	76.9454	0.7045	1.0e-04	0.5449
9430	-109.2898	-109.2898	-77.4669	0.7088	77.0367	0.7052	1.0e-04	0.5474
9431	-109.2815	-109.2815	-78.2917	0.7164	76.1648	0.6974	1.0e-04	0.5471
9432	-109.2887	-109.2887	-77.1858	0.7063	77.3205	0.7078	1.0e-04	0.5458
9433	-109.2670	-109.2670	-76.6930	0.7019	77.8011	0.7122	1.0e-04	0.5449
9434	-109.2903	-109.2903	-77.0807	0.7053	77.4209	0.7089	1.0e-04	0.5445
9435	-109.2950	-109.2950	-77.5253	0.7093	76.9931	0.7048	1.0e-04	0.5464
9436	-109.2649	-109.2649	-77.4490	0.7088	77.0486	0.7054	1.0e-04	0.5463
9437	-109.2753	-109.2753	-78.1152	0.7148	76.3656	0.6993	1.0e-04	0.5463
9438	-109.2834	-109.2834	-77.4592	0.7088	77.0401	0.7054	1.0e-04	0.5467
9439	-109.2942	-109.2942	-78.5507	0.7187	75.9500	0.6953	1.0e-04	0.5480
9440	-109.2855	-109.2855	-77.9139	0.7129	76.5829	0.7011	1.0e-04	0.5464
9441	-109.3032	-109.3032	-77.5279	0.7093	77.0073	0.7049	1.0e-04	0.5458
9442	-109.2810	-109.2810	-77.7192	0.7112	76.7767	0.7029	1.0e-04	0.5479
9443	-109.2805	-109.2805	-77.7263	0.7113	76.7789	0.7029	1.0e-04	0.5467
9444	-109.2721	-109.2721	-77.0825	0.7054	77.4154	0.7087	1.0e-04	0.5454
9445	-109.2799	-109.2799	-76.4833	0.6999	77.9861	0.7140	1.0e-04	0.5452
9446	-109.3033	-109.3033	-77.4335	0.7084	77.1033	0.7058	1.0e-04	0.5476
9447	-109.2775	-109.2775	-77.5299	0.7095	76.9650	0.7047	1.0e-04	0.5472
9448	-109.3036	-109.3036	-78.1846	0.7153	76.3410	0.6988	1.0e-04	0.5474
9449	-109.2727	-109.2727	-76.9098	0.7038	77.5463	0.7100	1.0e-04	0.5471
9450	-109.2551	-109.2551	-77.0502	0.7052	77.4222	0.7089	1.0e-04	0.5476
9451	-109.2800	-109.2800	-76.5514	0.7005	77.9445	0.7136	1.0e-04	0.5464
9452	-109.2804	-109.2804	-78.5367	0.7187	75.9094	0.6950	1.0e-04	0.5457
9453	-109.2862	-109.2862	-77.1816	0.7062	77.3309	0.7080	1.0e-04	0.5462
9454	-109.2748	-109.2748	-77.2638	0.7071	77.2303	0.7071	1.0e-04	0.5452
9455	-109.2869	-109.2869	-77.8211	0.7121	76.6929	0.7021	1.0e-04	0.5445
9456	-109.2942	-109.2942	-77.7986	0.7118	76.7227	0.7024	1.0e-04	0.5436
9457	-109.2976	-109.2976	-78.0340	0.7140	76.4864	0.7002	1.0e-04	0.5471
9458	-109.2740	-109.2740	-77.7247	0.7113	76.7511	0.7028	1.0e-04	0.5463
9459	-109.2836	-109.2836	-77.2421	0.7068	77.2762	0.7074	1.0e-04	0.5452
9460	-109.2879	-109.2879	-77.6491	0.7105	76.8596	0.7036	1.0e-04	0.5448
9461	-109.2750	-109.2750	-77.5801	0.7100	76.9159	0.7042	1.0e-04	0.5464
9462	-109.2601	-109.2601	-77.2476	0.7070	77.2295	0.7072	1.0e-04	0.5466
9463	-109.2893	-109.2893	-78.1905	0.7154	76.3057	0.6986	1.0e-04	0.5445
9464	-109.2970	-109.2970	-76.3633	0.6987	78.1523	0.7154	1.0e-04	0.5444
9465	-109.2846	-109.2846	-78.4255	0.7176	76.0686	0.6963	1.0e-04	0.5463
9466	-109.2870	-109.2870	-77.0802	0.7053	77.4338	0.7089	1.0e-04	0.5458
9467	-109.2795	-109.2795	-77.1519	0.7060	77.3360	0.7081	1.0e-04	0.5467
9468	-109.2785	-109.2785	-77.1201	0.7057	77.3826	0.7084	1.0e-04	0.5445
9469	-109.2837	-109.2837	-77.1936	0.7064	77.3176	0.7078	1.0e-04	0.5460
9470	-109.2938	-109.2938	-78.1636	0.7152	76.3577	0.6990	1.0e-04	0.5475
9471	-109.2857	-109.2857	-77.8066	0.7120	76.6869	0.7022	1.0e-04	0.5467
9472	-109.2696	-109.2696	-77.6973	0.7111	76.7960	0.7031	1.0e-04	0.5442
9473	-109.2837	-109.2837	-77.5207	0.7094	76.9954	0.7049	1.0e-04	0.5452
9474	-109.2881	-109.2881	-77.2754	0.7071	77.2394	0.7071	1.0e-04	0.5442
9475	-109.2792	-109.2792	-77.8200	0.7121	76.6797	0.7021	1.0e-04	0.5821
9476	-109.2699	-109.2699	-77.1912	0.7064	77.3008	0.7078	1.0e-04	0.5461
9477	-109.2839	-109.2839	-77.5897	0.7100	76.9150	0.7041	1.0e-04	0.5455
9478	-109.2718	-109.2718	-78.6894	0.7201	75.7707	0.6938	1.0e-04	0.5772
9479	-109.2535	-109.2535	-77.7891	0.7120	76.6741	0.7021	1.0e-04	0.5476
9480	-109.2974	-109.2974	-77.5787	0.7098	76.9528	0.7044	1.0e-04	0.5463
9481	-109.2617	-109.2617	-78.4473	0.7180	76.0137	0.6960	1.0e-04	0.5651
9482	-109.2925	-109.2925	-77.6476	0.7105	76.8498	0.7036	1.0e-04	0.5447
9483	-109.2807	-109.2807	-77.6794	0.7108	76.8124	0.7033	1.0e-04	0.5442
9484	-109.2942	-109.2942	-78.2021	0.7155	76.2761	0.6983	1.0e-04	0.5807
9485	-109.2866	-109.2866	-78.0778	0.7144	76.4171	0.6996	1.0e-04	0.5457
9486	-109.2806	-109.2806	-77.4860	0.7091	77.0341	0.7051	1.0e-04	0.5469
9487	-109.2807	-109.2807	-78.1511	0.7151	76.3434	0.6990	1.0e-04	0.5469
9488	-109.2885	-109.2885	-78.4081	0.7174	76.0676	0.6964	1.0e-04	0.5469
9489	-109.2785	-109.2785	-77.5871	0.7100	76.9146	0.7042	1.0e-04	0.5472
9490	-109.2908	-109.2908	-78.2199	0.7157	76.2951	0.6984	1.0e-04	0.5455
9491	-109.2768	-109.2768	-77.8908	0.7128	76.6105	0.7014	1.0e-04	0.5462
9492	-109.2647	-109.2647	-78.1663	0.7154	76.3144	0.6987	1.0e-04	0.5449
9493	-109.2772	-109.2772	-77.4012	0.7083	77.0959	0.7058	1.0e-04	0.5442
9494	-109.3034	-109.3034	-78.7000	0.7200	75.8099	0.6940	1.0e-04	0.5448
9495	-109.2828	-109.2828	-78.4135	0.7175	76.0799	0.6965	1.0e-04	0.5455
9496	-109.2755	-109.2755	-78.2571	0.7161	76.2339	0.6979	1.0e-04	0.5472
9497	-109.2628	-109.2628	-78.3946	0.7175	76.0701	0.6965	1.0e-04	0.5475
9498	-109.2788	-109.2788	-77.6271	0.7104	76.8733	0.7038	1.0e-04	0.5446
9499	-109.2924	-109.2924	-77.8677	0.7125	76.6443	0.7016	1.0e-04	0.5441
9500	-109.2782	-109.2782	-78.1013	0.7147	76.3933	0.6994	1.0e-04	0.5457
9501	-109.2575	-109.2575	-76.9591	0.7044	77.5201	0.7097	1.0e-04	0.5440
9502	-109.2814	-109.2814	-78.5507	0.7188	75.9321	0.6952	1.0e-04	0.5443
9503	-109.2799	-109.2799	-78.0141	0.7139	76.4771	0.7002	1.0e-04	0.5450
9504	-109.2940	-109.2940	-78.3288	0.7167	76.1764	0.6974	1.0e-04	0.5461
9505	-109.2637	-109.2637	-78.4562	0.7180	76.0281	0.6960	1.0e-04	0.5461
9506	-109.2581	-109.2581	-78.0034	0.7139	76.4645	0.7002	1.0e-04	0.5457
9507	-109.2812	-109.2812	-78.2831	0.7163	76.2091	0.6977	1.0e-04	0.5443
9508	-109.2989	-109.2989	-77.6643	0.7106	76.8600	0.7036	1.0e-04	0.5452
9509	-109.2860	-109.2860	-78.5770	0.7190	75.9112	0.6949	1.0e-04	0.5462
9510	-109.2946	-109.2946	-77.8805	0.7126	76.6405	0.7016	1.0e-04	0.5471
9511	-109.2799	-109.2799	-77.7902	0.7118	76.6685	0.7020	1.0e-04	0.5462
9512	-109.2902	-109.2902	-78.1135	0.7147	76.3953	0.6994	1.0e-04	0.5466
9513	-109.2833	-109.2833	-78.4033	0.7174	76.0978	0.6966	1.0e-04	0.5474
9514	-109.2743	-109.2743	-78.7535	0.7207	75.7025	0.6931	1.0e-04	0.5455
9515	-109.2832	-109.2832	-77.8943	0.7128	76.6167	0.7013	1.0e-04	0.5447
9516	-109.2728	-109.2728	-77.7023	0.7111	76.7992	0.7031	1.0e-04	0.5446
9517	-109.2891	-109.2891	-78.4287	0.7176	76.0696	0.6964	1.0e-04	0.5447
9518	-109.2961	-109.2961	-77.9242	0.7130	76.5931	0.7012	1.0e-04	0.5454
9519	-109.2776	-109.2776	-77.6071	0.7102	76.9010	0.7040	1.0e-04	0.5449
9520	-109.3024	-109.3024	-77.4997	0.7090	77.0362	0.7051	1.0e-04	0.5455
9521	-109.2912	-109.2912	-77.8366	0.7122	76.6844	0.7020	1.0e-04	0.5470
9522	-109.2892	-109.2892	-77.5013	0.7091	77.0071	0.7049	1.0e-04	0.5461
9523	-109.2813	-109.2813	-78.8336	0.7214	75.6281	0.6924	1.0e-04	0.5468
9524	-109.2637	-109.2637	-78.3516	0.7171	76.1261	0.6970	1.0e-04	0.5457
9525	-109.2625	-109.2625	-78.7300	0.7206	75.7143	0.6934	1.0e-04	0.5448
9526	-109.2936	-109.2936	-79.1981	0.7246	75.2732	0.6891	1.0e-04	0.5440
9527	-109.2814	-109.2814	-78.8343	0.7214	75.6389	0.6924	1.0e-04	0.5448
9528	-109.2829	-109.2829	-77.6054	0.7101	76.8947	0.7040	1.0e-04	0.5459
9529	-109.2840	-109.2840	-78.6321	0.7195	75.8535	0.6944	1.0e-04	0.5452
9530	-109.2900	-109.2900	-78.6249	0.7194	75.8595	0.6946	1.0e-04	0.5472
9531	-109.2984	-109.2984	-78.2653	0.7161	76.2456	0.6980	1.0e-04	0.5469
9532	-109.2583	-109.2583	-78.2117	0.7158	76.2534	0.6982	1.0e-04	0.5467
9533	-109.2760	-109.2760	-78.9256	0.7223	75.5399	0.6916	1.0e-04	0.5465
9534	-109.2854	-109.2854	-78.5156	0.7184	75.9595	0.6954	1.0e-04	0.5451
9535	-109.2699	-109.2699	-78.5046	0.7184	75.9626	0.6955	1.0e-04	0.5456
9536	-109.2932	-109.2932	-78.5894	0.7191	75.8845	0.6946	1.0e-04	0.5456
9537	-109.2906	-109.2906	-78.9281	0.7222	75.5513	0.6915	1.0e-04	0.5476
9538	-109.3053	-109.3053	-78.3790	0.7171	76.1388	0.6970	1.0e-04	0.5449
9539	-109.2790	-109.2790	-78.2313	0.7159	76.2550	0.6982	1.0e-04	0.5453
9540	-109.2894	-109.2894	-77.6045	0.7101	76.9157	0.7041	1.0e-04	0.5466
9541	-109.2752	-109.2752	-78.4806	0.7182	75.9954	0.6958	1.0e-04	0.5454
9542	-109.2585	-109.2585	-78.5076	0.7185	75.9575	0.6954	1.0e-04	0.5450
9543	-109.2875	-109.2875	-77.8519	0.7124	76.6501	0.7017	1.0e-04	0.5452
9544	-109.2742	-109.2742	-77.9496	0.7133	76.5336	0.7008	1.0e-04	0.5462
9545	-109.2701	-109.2701	-78.3591	0.7171	76.1097	0.6969	1.0e-04	0.5461
9546	-109.2706	-109.2706	-79.2366	0.7251	75.2046	0.6885	1.0e-04	0.5463
9547	-109.2821	-109.2821	-77.9568	0.7134	76.5451	0.7008	1.0e-04	0.5443
9548	-109.2642	-109.2642	-78.4163	0.7177	76.0116	0.6960	1.0e-04	0.5449
9549	-109.2626	-109.2626	-77.9768	0.7137	76.4880	0.7003	1.0e-04	0.5448
9550	-109.2841	-109.2841	-78.2107	0.7157	76.2918	0.6984	1.0e-04	0.5449
9551	-109.2876	-109.2876	-77.8057	0.7119	76.7097	0.7022	1.0e-04	0.5452
9552	-109.2887	-109.2887	-78.2964	0.7164	76.1947	0.6976	1.0e-04	0.5452
9553	-109.2704	-109.2704	-78.3206	0.7168	76.1562	0.6973	1.0e-04	0.5472
9554	-109.2965	-109.2965	-78.1599	0.7151	76.3628	0.6990	1.0e-04	0.5471
9555	-109.2919	-109.2919	-78.3117	0.7165	76.1844	0.6975	1.0e-04	0.5461
9556	-109.2880	-109.2880	-79.1579	0.7243	75.2992	0.6894	1.0e-04	0.5445
9557	-109.2578	-109.2578	-77.8955	0.7130	76.5834	0.7012	1.0e-04	0.5443
9558	-109.2838	-109.2838	-78.4802	0.7181	75.9971	0.6958	1.0e-04	0.5452
9559	-109.2763	-109.2763	-78.4605	0.7180	76.0148	0.6960	1.0e-04	0.5451
9560	-109.2911	-109.2911	-78.2555	0.7160	76.2470	0.6981	1.0e-04	0.5456
9561	-109.2958	-109.2958	-79.0908	0.7236	75.3943	0.6902	1.0e-04	0.5481
9562	-109.2765	-109.2765	-79.8057	0.7303	74.6087	0.6831	1.0e-04	0.5475
9563	-109.2914	-109.2914	-77.8155	0.7120	76.7005	0.7022	1.0e-04	0.5473
9564	-109.2958	-109.2958	-77.8528	0.7123	76.6712	0.7019	1.0e-04	0.5443
9565	-109.2774	-109.2774	-78.0843	0.7146	76.3696	0.6992	1.0e-04	0.5452
9566	-109.2704	-109.2704	-77.6736	0.7108	76.7932	0.7032	1.0e-04	0.5483
9567	-109.2573	-109.2573	-78.9074	0.7222	75.5285	0.6916	1.0e-04	0.5456
9568	-109.2779	-109.2779	-78.5490	0.7188	75.9337	0.6952	1.0e-04	0.5463
9569	-109.2844	-109.2844	-78.8016	0.7211	75.6789	0.6928	1.0e-04	0.5465
9570	-109.2896	-109.2896	-78.3925	0.7173	76.1029	0.6968	1.0e-04	0.5461
9571	-109.3032	-109.3032	-78.4279	0.7175	76.0893	0.6965	1.0e-04	0.5455
9572	-109.2749	-109.2749	-78.3358	0.7169	76.1477	0.6972	1.0e-04	0.5442
9573	-109.2661	-109.2661	-78.9667	0.7227	75.4854	0.6912	1.0e-04	0.5461
9574	-109.2949	-109.2949	-78.7299	0.7203	75.7587	0.6936	1.0e-04	0.5470
9575	-109.2740	-109.2740	-78.3581	0.7171	76.1319	0.6970	1.0e-04	0.5443
9576	-109.2752	-109.2752	-78.7278	0.7205	75.7432	0.6934	1.0e-04	0.5465
9577	-109.2765	-109.2765	-78.7491	0.7206	75.7054	0.6932	1.0e-04	0.5450
9578	-109.2881	-109.2881	-78.0813	0.7145	76.4208	0.6996	1.0e-04	0.5449
9579	-109.2728	-109.2728	-79.1908	0.7247	75.2485	0.6890	1.0e-04	0.5454
9580	-109.2759	-109.2759	-78.5488	0.7188	75.9132	0.6951	1.0e-04	0.5460
9581	-109.2841	-109.2841	-78.7327	0.7204	75.7501	0.6935	1.0e-04	0.5455
9582	-109.2759	-109.2759	-78.3490	0.7170	76.1335	0.6971	1.0e-04	0.5460
9583	-109.2734	-109.2734	-78.9218	0.7222	75.5395	0.6916	1.0e-04	0.5462
9584	-109.2765	-109.2765	-79.2245	0.7250	75.2187	0.6887	1.0e-04	0.5460
9585	-109.2765	-109.2765	-78.3070	0.7166	76.1713	0.6973	1.0e-04	0.5472
9586	-109.2921	-109.2921	-77.3036	0.7073	77.2164	0.7069	1.0e-04	0.5442
9587	-109.2736	-109.2736	-79.0166	0.7231	75.4333	0.6907	1.0e-04	0.5451
9588	-109.2895	-109.2895	-78.5131	0.7184	75.9742	0.6956	1.0e-04	0.5449
9589	-109.2596	-109.2596	-78.5117	0.7186	75.9373	0.6953	1.0e-04	0.5482
9590	-109.2665	-109.2665	-76.5771	0.7008	77.9181	0.7133	1.0e-04	0.5480
9591	-109.2668	-109.2668	-78.7049	0.7203	75.7505	0.6936	1.0e-04	0.5453
9592	-109.2852	-109.2852	-78.8634	0.7216	75.6235	0.6923	1.0e-04	0.5442
9593	-109.2843	-109.2843	-78.4444	0.7178	76.0319	0.6960	1.0e-04	0.5446
9594	-109.2716	-109.2716	-77.9981	0.7138	76.4898	0.7003	1.0e-04	0.5446
9595	-109.2581	-109.2581	-78.3297	0.7169	76.1466	0.6971	1.0e-04	0.5440
9596	-109.2765	-109.2765	-78.6819	0.7200	75.7892	0.6939	1.0e-04	0.5459
9597	-109.2734	-109.2734	-78.4422	0.7179	76.0384	0.6962	1.0e-04	0.5467
9598	-109.2739	-109.2739	-78.9821	0.7228	75.4717	0.6910	1.0e-04	0.5471
9599	-109.2762	-109.2762	-78.3155	0.7167	76.1755	0.6974	1.0e-04	0.5467
9600	-109.2775	-109.2775	-78.6184	0.7194	75.8620	0.6946	1.0e-04	0.5465
9601	-109.2812	-109.2812	-77.8847	0.7127	76.6112	0.7014	1.0e-04	0.5443
9602	-109.2724	-109.2724	-78.1056	0.7148	76.3878	0.6993	1.0e-04	0.5454
9603	-109.2743	-109.2743	-78.8356	0.7214	75.6331	0.6924	1.0e-04	0.5444
9604	-109.2739	-109.2739	-77.3542	0.7079	77.1361	0.7063	1.0e-04	0.5451
9605	-109.2862	-109.2862	-78.6390	0.7196	75.8416	0.6943	1.0e-04	0.5453
9606	-109.2821	-109.2821	-78.3652	0.7171	76.1515	0.6970	1.0e-04	0.5458
9607	-109.2761	-109.2761	-78.4183	0.7176	76.0614	0.6964	1.0e-04	0.5462
9608	-109.2952	-109.2952	-77.6020	0.7100	76.9237	0.7042	1.0e-04	0.5466
9609	-109.2796	-109.2796	-78.3546	0.7170	76.1394	0.6970	1.0e-04	0.5445
9610	-109.3098	-109.3098	-77.9283	0.7129	76.6066	0.7013	1.0e-04	0.5456
9611	-109.2838	-109.2838	-79.2825	0.7255	75.1728	0.6882	1.0e-04	0.5477
9612	-109.2639	-109.2639	-78.4299	0.7178	75.9908	0.6959	1.0e-04	0.5457
9613	-109.2815	-109.2815	-78.6340	0.7196	75.8345	0.6943	1.0e-04	0.5450
9614	-109.2782	-109.2782	-78.1533	0.7152	76.3313	0.6989	1.0e-04	0.5460
9615	-109.2902	-109.2902	-78.9002	0.7219	75.5801	0.6920	1.0e-04	0.5468
9616	-109.2859	-109.2859	-78.4771	0.7181	76.0279	0.6959	1.0e-04	0.5433
9617	-109.2862	-109.2862	-79.2663	0.7253	75.1989	0.6884	1.0e-04	0.5445
9618	-109.2577	-109.2577	-79.4610	0.7273	74.9519	0.6863	1.0e-04	0.5450
9619	-109.2788	-109.2788	-78.8180	0.7213	75.6448	0.6926	1.0e-04	0.5473
9620	-109.2923	-109.2923	-78.2458	0.7159	76.2548	0.6981	1.0e-04	0.5469
9621	-109.2711	-109.2711	-78.2974	0.7165	76.1801	0.6975	1.0e-04	0.5458
9622	-109.2884	-109.2884	-77.9963	0.7137	76.4810	0.7002	1.0e-04	0.5452
9623	-109.2633	-109.2633	-78.4560	0.7180	76.0138	0.6959	1.0e-04	0.5448
9624	-109.2845	-109.2845	-78.7023	0.7202	75.7684	0.6937	1.0e-04	0.5440
9625	-109.2873	-109.2873	-78.1488	0.7151	76.3500	0.6990	1.0e-04	0.5443
9626	-109.2654	-109.2654	-78.1732	0.7154	76.3080	0.6987	1.0e-04	0.5466
9627	-109.2760	-109.2760	-78.6153	0.7194	75.8576	0.6945	1.0e-04	0.5471
9628	-109.2723	-109.2723	-78.1985	0.7156	76.2744	0.6984	1.0e-04	0.5474
9629	-109.2868	-109.2868	-78.5193	0.7185	75.9679	0.6955	1.0e-04	0.5472
9630	-109.2826	-109.2826	-78.3906	0.7173	76.1089	0.6967	1.0e-04	0.5452
9631	-109.2698	-109.2698	-78.7377	0.7206	75.7034	0.6932	1.0e-04	0.5472
9632	-109.3080	-109.3080	-78.2821	0.7162	76.2421	0.6979	1.0e-04	0.5469
9633	-109.2621	-109.2621	-78.3558	0.7171	76.0988	0.6968	1.0e-04	0.5459
9634	-109.2763	-109.2763	-78.4520	0.7179	76.0379	0.6961	1.0e-04	0.5444
9635	-109.2755	-109.2755	-78.8072	0.7212	75.6586	0.6927	1.0e-04	0.5449
9636	-109.2747	-109.2747	-78.4025	0.7175	76.0792	0.6965	1.0e-04	0.5452
9637	-109.2692	-109.2692	-78.5117	0.7185	75.9594	0.6954	1.0e-04	0.5463
9638	-109.2780	-109.2780	-78.5719	0.7190	75.9095	0.6950	1.0e-04	0.5472
9639	-109.2764	-109.2764	-78.5646	0.7190	75.9104	0.6949	1.0e-04	0.5472
9640	-109.2856	-109.2856	-78.5158	0.7184	75.9770	0.6956	1.0e-04	0.5459
9641	-109.2951	-109.2951	-78.9774	0.7226	75.4981	0.6912	1.0e-04	0.5459
9642	-109.2648	-109.2648	-79.2764	0.7255	75.1523	0.6882	1.0e-04	0.5448
9643	-109.2826	-109.2826	-78.5081	0.7184	75.9787	0.6956	1.0e-04	0.5458
9644	-109.2809	-109.2809	-78.1299	0.7149	76.3654	0.6991	1.0e-04	0.5450
9645	-109.2886	-109.2886	-78.3011	0.7165	76.2019	0.6976	1.0e-04	0.5447
9646	-109.2819	-109.2819	-78.0867	0.7145	76.4160	0.6996	1.0e-04	0.5471
9647	-109.2761	-109.2761	-78.7524	0.7207	75.7160	0.6933	1.0e-04	0.5458
9648	-109.2817	-109.2817	-78.0168	0.7139	76.4873	0.7002	1.0e-04	0.5444
9649	-109.2951	-109.2951	-77.8604	0.7124	76.6471	0.7018	1.0e-04	0.5475
9650	-109.2727	-109.2727	-78.3444	0.7170	76.1343	0.6971	1.0e-04	0.5444
9651	-109.2775	-109.2775	-79.3219	0.7259	75.1328	0.6878	1.0e-04	0.5470
9652	-109.2679	-109.2679	-78.3490	0.7170	76.1194	0.6970	1.0e-04	0.5460
9653	-109.2627	-109.2627	-78.8425	0.7216	75.6003	0.6922	1.0e-04	0.5440
9654	-109.2792	-109.2792	-79.2762	0.7254	75.1578	0.6882	1.0e-04	0.5445
9655	-109.2989	-109.2989	-78.5947	0.7191	75.8790	0.6946	1.0e-04	0.5451
9656	-109.2904	-109.2904	-78.6055	0.7192	75.8770	0.6948	1.0e-04	0.5468
9657	-109.2870	-109.2870	-76.8637	0.7033	77.6607	0.7109	1.0e-04	0.5478
9658	-109.2738	-109.2738	-78.2902	0.7165	76.2029	0.6976	1.0e-04	0.5468
9659	-109.2877	-109.2877	-79.2244	0.7249	75.2426	0.6888	1.0e-04	0.5451
9660	-109.2879	-109.2879	-79.0508	0.7233	75.4285	0.6905	1.0e-04	0.5449
9661	-109.3078	-109.3078	-78.8246	0.7211	75.6893	0.6928	1.0e-04	0.5458
9662	-109.2813	-109.2813	-78.3579	0.7170	76.1231	0.6970	1.0e-04	0.5452
9663	-109.2799	-109.2799	-78.2599	0.7161	76.2252	0.6979	1.0e-04	0.5446
9664	-109.2613	-109.2613	-78.2772	0.7164	76.1740	0.6976	1.0e-04	0.5472
9665	-109.2891	-109.2891	-78.5778	0.7190	75.9286	0.6950	1.0e-04	0.5470
9666	-109.2894	-109.2894	-79.0157	0.7230	75.4596	0.6908	1.0e-04	0.5474
9667	-109.2770	-109.2770	-78.9789	0.7227	75.4882	0.6911	1.0e-04	0.5470
9668	-109.2967	-109.2967	-77.9321	0.7130	76.5888	0.7011	1.0e-04	0.5464
9669	-109.2783	-109.2783	-78.6906	0.7201	75.7838	0.6939	1.0e-04	0.5459
9670	-109.2645	-109.2645	-78.7618	0.7208	75.6976	0.6931	1.0e-04	0.5442
9671	-109.2805	-109.2805	-78.6355	0.7196	75.8388	0.6944	1.0e-04	0.5448
9672	-109.2806	-109.2806	-78.7648	0.7208	75.7067	0.6932	1.0e-04	0.5449
9673	-109.2898	-109.2898	-77.8674	0.7125	76.6367	0.7017	1.0e-04	0.5459
9674	-109.2757	-109.2757	-79.1141	0.7240	75.3302	0.6898	1.0e-04	0.5464
9675	-109.2748	-109.2748	-77.2733	0.7071	77.2200	0.7070	1.0e-04	0.5470
9676	-109.2984	-109.2984	-78.5380	0.7186	75.9372	0.6952	1.0e-04	0.5459
9677	-109.2852	-109.2852	-78.5508	0.7188	75.9282	0.6952	1.0e-04	0.5448
9678	-109.2769	-109.2769	-78.1960	0.7156	76.2685	0.6983	1.0e-04	0.5455
9679	-109.2846	-109.2846	-77.7372	0.7113	76.7726	0.7028	1.0e-04	0.5451
9680	-109.2776	-109.2776	-78.0500	0.7142	76.4487	0.6999	1.0e-04	0.5464
9681	-109.2748	-109.2748	-78.4966	0.7183	75.9842	0.6956	1.0e-04	0.5467
9682	-109.2775	-109.2775	-78.0896	0.7146	76.3931	0.6995	1.0e-04	0.5443
9683	-109.2805	-109.2805	-78.8498	0.7215	75.6143	0.6923	1.0e-04	0.5450
9684	-109.2771	-109.2771	-79.1346	0.7242	75.3133	0.6896	1.0e-04	0.5480
9685	-109.2773	-109.2773	-78.7380	0.7205	75.7414	0.6934	1.0e-04	0.5470
9686	-109.2840	-109.2840	-78.9752	0.7227	75.4924	0.6911	1.0e-04	0.5437
9687	-109.2671	-109.2671	-79.4747	0.7273	74.9348	0.6862	1.0e-04	0.5472
9688	-109.2937	-109.2937	-78.7036	0.7201	75.7966	0.6938	1.0e-04	0.5439
9689	-109.2774	-109.2774	-78.3676	0.7171	76.1161	0.6969	1.0e-04	0.5442
9690	-109.2915	-109.2915	-78.4067	0.7174	76.0936	0.6966	1.0e-04	0.5451
9691	-109.2780	-109.2780	-78.9068	0.7221	75.5435	0.6915	1.0e-04	0.5465
9692	-109.2755	-109.2755	-79.3041	0.7257	75.1367	0.6880	1.0e-04	0.5444
9693	-109.2775	-109.2775	-78.5634	0.7189	75.9244	0.6950	1.0e-04	0.5444
9694	-109.2761	-109.2761	-79.0949	0.7238	75.3515	0.6899	1.0e-04	0.5443
9695	-109.3138	-109.3138	-79.6128	0.7283	74.8580	0.6852	1.0e-04	0.5463
9696	-109.2789	-109.2789	-79.0962	0.7238	75.3534	0.6900	1.0e-04	0.5448
9697	-109.2978	-109.2978	-79.4173	0.7266	75.0497	0.6870	1.0e-04	0.5460
9698	-109.2786	-109.2786	-78.5077	0.7184	75.9778	0.6956	1.0e-04	0.5464
9699	-109.3006	-109.3006	-79.2790	0.7253	75.2038	0.6884	1.0e-04	0.5478
9700	-109.2796	-109.2796	-79.0871	0.7237	75.3630	0.6901	1.0e-04	0.5454
9701	-109.2878	-109.2878	-78.8356	0.7214	75.6386	0.6926	1.0e-04	0.5440
9702	-109.2800	-109.2800	-78.7266	0.7204	75.7509	0.6935	1.0e-04	0.5471
9703	-109.2768	-109.2768	-78.4294	0.7177	76.0581	0.6963	1.0e-04	0.5457
9704	-109.2677	-109.2677	-78.4185	0.7177	76.0465	0.6964	1.0e-04	0.5444
9705	-109.2853	-109.2853	-78.6455	0.7196	75.8313	0.6943	1.0e-04	0.5449
9706	-109.2877	-109.2877	-78.4479	0.7178	76.0439	0.6962	1.0e-04	0.5443
9707	-109.2731	-109.2731	-78.4611	0.7180	76.0100	0.6960	1.0e-04	0.5446
9708	-109.2768	-109.2768	-78.4687	0.7181	76.0047	0.6959	1.0e-04	0.5453
9709	-109.2810	-109.2810	-79.3040	0.7257	75.1484	0.6880	1.0e-04	0.5456
9710	-109.2944	-109.2944	-78.5074	0.7183	75.9869	0.6957	1.0e-04	0.5487
9711	-109.2756	-109.2756	-78.9757	0.7227	75.4735	0.6910	1.0e-04	0.5487
9712	-109.2691	-109.2691	-79.1238	0.7241	75.2929	0.6894	1.0e-04	0.5452
9713	-109.2889	-109.2889	-78.4368	0.7177	76.0689	0.6963	1.0e-04	0.5488
9714	-109.2572	-109.2572	-79.5789	0.7284	74.8294	0.6852	1.0e-04	0.5459
9715	-109.2735	-109.2735	-78.0957	0.7147	76.3861	0.6994	1.0e-04	0.5449
9716	-109.2879	-109.2879	-78.6368	0.7195	75.8544	0.6945	1.0e-04	0.5463
9717	-109.2990	-109.2990	-79.3801	0.7263	75.0882	0.6874	1.0e-04	0.5450
9718	-109.2763	-109.2763	-78.6643	0.7199	75.8124	0.6941	1.0e-04	0.5453
9719	-109.2615	-109.2615	-78.7502	0.7207	75.6698	0.6930	1.0e-04	0.5479
9720	-109.2815	-109.2815	-77.9273	0.7131	76.5591	0.7011	1.0e-04	0.5461
9721	-109.2690	-109.2690	-78.3760	0.7173	76.0911	0.6968	1.0e-04	0.5446
9722	-109.2864	-109.2864	-78.9913	0.7228	75.4822	0.6910	1.0e-04	0.5455
9723	-109.2723	-109.2723	-78.5605	0.7189	75.9249	0.6950	1.0e-04	0.5471
9724	-109.2774	-109.2774	-78.4964	0.7183	75.9698	0.6957	1.0e-04	0.5444
9725	-109.2710	-109.2710	-78.2530	0.7161	76.2258	0.6979	1.0e-04	0.5465
9726	-109.2797	-109.2797	-78.4709	0.7181	76.0267	0.6959	1.0e-04	0.5447
9727	-109.2857	-109.2857	-79.0985	0.7238	75.3630	0.6900	1.0e-04	0.5447
9728	-109.2783	-109.2783	-78.2264	0.7158	76.2662	0.6982	1.0e-04	0.5769
9729	-109.2848	-109.2848	-78.6858	0.7200	75.7677	0.6937	1.0e-04	0.5459
9730	-109.2785	-109.2785	-78.5872	0.7191	75.8870	0.6948	1.0e-04	0.5470
9731	-109.2840	-109.2840	-78.6212	0.7194	75.8643	0.6945	1.0e-04	0.5462
9732	-109.2901	-109.2901	-78.4117	0.7175	76.0753	0.6965	1.0e-04	0.5455
9733	-109.3027	-109.3027	-78.1768	0.7152	76.3100	0.6986	1.0e-04	0.5455
9734	-109.2941	-109.2941	-78.5440	0.7186	75.9565	0.6954	1.0e-04	0.5780
9735	-109.2779	-109.2779	-79.1151	0.7240	75.3308	0.6897	1.0e-04	0.5469
9736	-109.2677	-109.2677	-78.1722	0.7154	76.3049	0.6987	1.0e-04	0.5466
9737	-109.2772	-109.2772	-77.4113	0.7084	77.0931	0.7058	1.0e-04	0.5461
9738	-109.2908	-109.2908	-77.5284	0.7094	76.9915	0.7048	1.0e-04	0.5453
9739	-109.2890	-109.2890	-78.8019	0.7210	75.6774	0.6928	1.0e-04	0.5461
9740	-109.2775	-109.2775	-78.2165	0.7158	76.2675	0.6983	1.0e-04	0.5472
9741	-109.2797	-109.2797	-78.4365	0.7178	75.9948	0.6958	1.0e-04	0.5441
9742	-109.2829	-109.2829	-78.4682	0.7180	76.0111	0.6960	1.0e-04	0.5449
9743	-109.2796	-109.2796	-77.4310	0.7086	77.0674	0.7057	1.0e-04	0.5448
9744	-109.2685	-109.2685	-78.9758	0.7228	75.4673	0.6910	1.0e-04	0.5771
9745	-109.2810	-109.2810	-79.5877	0.7283	74.8442	0.6852	1.0e-04	0.5458
9746	-109.2672	-109.2672	-79.0170	0.7232	75.4291	0.6906	1.0e-04	0.5476
9747	-109.2797	-109.2797	-78.9318	0.7223	75.5219	0.6916	1.0e-04	0.5474
9748	-109.3038	-109.3038	-78.8836	0.7217	75.6122	0.6922	1.0e-04	0.5459
9749	-109.2864	-109.2864	-77.8914	0.7127	76.6087	0.7014	1.0e-04	0.5450
9750	-109.2820	-109.2820	-79.7884	0.7301	74.6311	0.6833	1.0e-04	0.5778
9751	-109.2767	-109.2767	-78.5751	0.7190	75.8859	0.6949	1.0e-04	0.5463
9752	-109.2861	-109.2861	-78.8782	0.7218	75.5925	0.6921	1.0e-04	0.5454
9753	-109.3081	-109.3081	-78.2511	0.7159	76.2528	0.6980	1.0e-04	0.5456
9754	-109.2815	-109.2815	-78.4382	0.7178	76.0611	0.6963	1.0e-04	0.5453
9755	-109.2885	-109.2885	-78.5708	0.7189	75.9019	0.6949	1.0e-04	0.5448
9756	-109.2965	-109.2965	-78.3090	0.7165	76.1867	0.6974	1.0e-04	0.5464
9757	-109.2849	-109.2849	-78.5170	0.7185	75.9692	0.6955	1.0e-04	0.5446
9758	-109.2683	-109.2683	-78.2091	0.7158	76.2404	0.6981	1.0e-04	0.5439
9759	-109.2712	-109.2712	-77.6198	0.7103	76.8758	0.7039	1.0e-04	0.5444
9760	-109.2813	-109.2813	-78.2459	0.7160	76.2451	0.6981	1.0e-04	0.5454
9761	-109.2823	-109.2823	-78.1020	0.7147	76.3954	0.6994	1.0e-04	0.5462
9762	-109.2768	-109.2768	-78.2288	0.7159	76.2258	0.6980	1.0e-04	0.5442
9763	-109.3161	-109.3161	-78.0281	0.7138	76.5189	0.7004	1.0e-04	0.5462
9764	-109.2899	-109.2899	-77.7591	0.7115	76.7491	0.7027	1.0e-04	0.5468
9765	-109.2778	-109.2778	-78.4968	0.7183	75.9546	0.6955	1.0e-04	0.5449
9766	-109.2873	-109.2873	-78.3661	0.7171	76.1375	0.6969	1.0e-04	0.5450
9767	-109.2725	-109.2725	-78.5534	0.7189	75.9290	0.6951	1.0e-04	0.5464
9768	-109.2660	-109.2660	-79.2682	0.7255	75.1648	0.6882	1.0e-04	0.5472
9769	-109.2960	-109.2960	-78.3998	0.7173	76.0992	0.6967	1.0e-04	0.5470
9770	-109.2851	-109.2851	-78.6776	0.7199	75.8123	0.6940	1.0e-04	0.5441
9771	-109.2862	-109.2862	-78.1699	0.7153	76.3174	0.6987	1.0e-04	0.5442
9772	-109.2805	-109.2805	-78.4188	0.7176	76.0760	0.6965	1.0e-04	0.5455
9773	-109.2873	-109.2873	-78.6014	0.7192	75.8835	0.6948	1.0e-04	0.5449
9774	-109.2872	-109.2872	-78.5038	0.7183	75.9880	0.6957	1.0e-04	0.5463
9775	-109.2800	-109.2800	-79.4339	0.7269	75.0075	0.6867	1.0e-04	0.5456
9776	-109.2611	-109.2611	-78.3198	0.7168	76.1527	0.6973	1.0e-04	0.5458
9777	-109.2814	-109.2814	-79.2509	0.7252	75.1976	0.6885	1.0e-04	0.5439
9778	-109.2900	-109.2900	-78.4230	0.7176	76.0741	0.6965	1.0e-04	0.5456
9779	-109.2419	-109.2419	-79.3458	0.7263	75.0553	0.6873	1.0e-04	0.5778
9780	-109.2780	-109.2780	-78.5610	0.7189	75.9260	0.6951	1.0e-04	0.5468
9781	-109.2673	-109.2673	-79.5300	0.7278	74.8888	0.6857	1.0e-04	0.5448
9782	-109.2999	-109.2999	-79.0429	0.7232	75.4504	0.6907	1.0e-04	0.5452
9783	-109.2811	-109.2811	-79.0203	0.7231	75.4306	0.6907	1.0e-04	0.5440
9784	-109.2972	-109.2972	-78.6303	0.7194	75.8685	0.6946	1.0e-04	0.5448
9785	-109.2911	-109.2911	-79.5039	0.7275	74.9421	0.6862	1.0e-04	0.5443
9786	-109.2674	-109.2674	-78.8077	0.7212	75.6486	0.6926	1.0e-04	0.5454
9787	-109.2944	-109.2944	-79.1010	0.7237	75.3684	0.6900	1.0e-04	0.5471
9788	-109.2752	-109.2752	-78.9153	0.7222	75.5100	0.6914	1.0e-04	0.5469
9789	-109.2838	-109.2838	-79.9780	0.7318	74.4286	0.6815	1.0e-04	0.5477
9790	-109.2821	-109.2821	-79.1175	0.7240	75.3442	0.6898	1.0e-04	0.5472
9791	-109.2881	-109.2881	-79.5197	0.7276	74.9326	0.6860	1.0e-04	0.5461
9792	-109.2737	-109.2737	-79.1990	0.7248	75.2303	0.6888	1.0e-04	0.5450
9793	-109.2817	-109.2817	-79.0836	0.7237	75.3449	0.6898	1.0e-04	0.5458
9794	-109.2741	-109.2741	-79.3444	0.7261	75.0916	0.6876	1.0e-04	0.5766
9795	-109.2821	-109.2821	-79.4115	0.7267	75.0223	0.6870	1.0e-04	0.5448
9796	-109.2690	-109.2690	-79.1604	0.7245	75.2855	0.6893	1.0e-04	0.5450
9797	-109.2695	-109.2695	-78.5754	0.7191	75.8899	0.6949	1.0e-04	0.5481
9798	-109.2766	-109.2766	-78.0926	0.7146	76.3993	0.6995	1.0e-04	0.5452
9799	-109.2682	-109.2682	-78.1879	0.7156	76.2891	0.6985	1.0e-04	0.5442
9800	-109.3019	-109.3019	-78.2891	0.7163	76.1954	0.6976	1.0e-04	0.5447
9801	-109.2764	-109.2764	-79.5671	0.7281	74.8735	0.6854	1.0e-04	0.5432
9802	-109.2697	-109.2697	-78.9087	0.7221	75.5300	0.6916	1.0e-04	0.5766
9803	-109.3062	-109.3062	-79.1665	0.7243	75.3178	0.6895	1.0e-04	0.5442
9804	-109.3052	-109.3052	-79.3421	0.7259	75.1150	0.6878	1.0e-04	0.5464
9805	-109.2804	-109.2804	-78.6115	0.7194	75.8602	0.6946	1.0e-04	0.5468
9806	-109.3015	-109.3015	-78.6159	0.7193	75.8835	0.6947	1.0e-04	0.5656
9807	-109.2931	-109.2931	-77.6658	0.7106	76.8199	0.7034	1.0e-04	0.5465
9808	-109.2845	-109.2845	-78.8062	0.7211	75.6842	0.6928	1.0e-04	0.5467
9809	-109.2867	-109.2867	-78.6972	0.7201	75.7788	0.6937	1.0e-04	0.5807
9810	-109.2904	-109.2904	-78.7494	0.7206	75.7334	0.6933	1.0e-04	0.5453
9811	-109.2822	-109.2822	-78.7365	0.7205	75.7027	0.6931	1.0e-04	0.5448
9812	-109.2864	-109.2864	-77.6201	0.7102	76.8932	0.7040	1.0e-04	0.5440
9813	-109.2895	-109.2895	-77.5183	0.7093	76.9773	0.7048	1.0e-04	0.5465
9814	-109.2719	-109.2719	-78.4510	0.7179	76.0074	0.6960	1.0e-04	0.5449
9815	-109.2645	-109.2645	-78.5047	0.7185	75.9533	0.6954	1.0e-04	0.5515
9816	-109.2782	-109.2782	-78.0875	0.7146	76.3705	0.6993	1.0e-04	0.5477
9817	-109.2917	-109.2917	-79.1854	0.7245	75.2881	0.6892	1.0e-04	0.5471
9818	-109.2624	-109.2624	-78.4228	0.7177	76.0298	0.6963	1.0e-04	0.5479
9819	-109.2844	-109.2844	-78.6593	0.7198	75.8236	0.6942	1.0e-04	0.5472
9820	-109.2903	-109.2903	-78.2541	0.7160	76.2348	0.6980	1.0e-04	0.5447
9821	-109.2831	-109.2831	-77.8815	0.7127	76.6202	0.7015	1.0e-04	0.5444
9822	-109.2794	-109.2794	-78.4217	0.7176	76.0636	0.6964	1.0e-04	0.5452
9823	-109.2789	-109.2789	-78.7820	0.7209	75.6872	0.6929	1.0e-04	0.5448
9824	-109.2675	-109.2675	-78.3424	0.7170	76.1358	0.6971	1.0e-04	0.5446
9825	-109.2857	-109.2857	-78.4958	0.7183	75.9806	0.6956	1.0e-04	0.5468
9826	-109.2895	-109.2895	-78.5709	0.7189	75.9204	0.6951	1.0e-04	0.5466
9827	-109.2713	-109.2713	-77.8888	0.7128	76.5940	0.7014	1.0e-04	0.5447
9828	-109.2940	-109.2940	-79.1819	0.7245	75.2845	0.6892	1.0e-04	0.5446
9829	-109.2885	-109.2885	-78.5675	0.7189	75.9132	0.6950	1.0e-04	0.5448
9830	-109.2789	-109.2789	-77.8976	0.7128	76.6065	0.7013	1.0e-04	0.5442
9831	-109.2787	-109.2787	-78.3684	0.7171	76.1026	0.6968	1.0e-04	0.5463
9832	-109.2727	-109.2727	-78.3103	0.7167	76.1670	0.6974	1.0e-04	0.5459
9833	-109.2804	-109.2804	-78.1936	0.7155	76.2995	0.6986	1.0e-04	0.5452
9834	-109.2926	-109.2926	-78.7454	0.7205	75.7376	0.6934	1.0e-04	0.5450
9835	-109.2755	-109.2755	-78.2168	0.7158	76.2770	0.6983	1.0e-04	0.5455
9836	-109.2939	-109.2939	-78.3909	0.7172	76.0989	0.6967	1.0e-04	0.5449
9837	-109.2764	-109.2764	-77.6211	0.7103	76.8709	0.7038	1.0e-04	0.5466
9838	-109.2871	-109.2871	-78.9578	0.7225	75.5229	0.6914	1.0e-04	0.5454
9839	-109.2780	-109.2780	-79.7211	0.7295	74.6888	0.6839	1.0e-04	0.5459
9840	-109.2915	-109.2915	-79.0649	0.7234	75.4096	0.6904	1.0e-04	0.5463
9841	-109.2803	-109.2803	-78.9073	0.7221	75.5555	0.6918	1.0e-04	0.5479
9842	-109.2759	-109.2759	-77.9508	0.7133	76.5365	0.7008	1.0e-04	0.5466
9843	-109.2766	-109.2766	-78.0340	0.7141	76.4604	0.7000	1.0e-04	0.5467
9844	-109.3029	-109.3029	-78.6434	0.7195	75.8436	0.6943	1.0e-04	0.5464
9845	-109.2941	-109.2941	-78.2949	0.7164	76.2043	0.6977	1.0e-04	0.5444
9846	-109.2769	-109.2769	-78.2019	0.7156	76.2849	0.6985	1.0e-04	0.5454
9847	-109.2840	-109.2840	-78.3259	0.7167	76.1561	0.6972	1.0e-04	0.5457
9848	-109.2534	-109.2534	-78.1609	0.7154	76.2744	0.6985	1.0e-04	0.5440
9849	-109.2865	-109.2865	-78.8887	0.7219	75.5778	0.6920	1.0e-04	0.5468
9850	-109.2803	-109.2803	-78.4013	0.7174	76.0992	0.6966	1.0e-04	0.5477
9851	-109.2797	-109.2797	-78.7044	0.7202	75.7746	0.6937	1.0e-04	0.5476
9852	-109.2847	-109.2847	-78.4991	0.7183	75.9608	0.6956	1.0e-04	0.5455
9853	-109.2900	-109.2900	-78.8391	0.7214	75.6333	0.6925	1.0e-04	0.5462
9854	-109.2898	-109.2898	-78.6889	0.7200	75.7866	0.6939	1.0e-04	0.5448
9855	-109.2967	-109.2967	-78.5554	0.7187	75.9478	0.6953	1.0e-04	0.5445
9856	-109.2796	-109.2796	-78.2942	0.7165	76.1964	0.6976	1.0e-04	0.5440
9857	-109.2869	-109.2869	-78.5531	0.7188	75.9317	0.6951	1.0e-04	0.5472
9858	-109.2779	-109.2779	-78.6645	0.7199	75.8165	0.6941	1.0e-04	0.5474
9859	-109.2726	-109.2726	-77.6409	0.7105	76.8264	0.7034	1.0e-04	0.5465
9860	-109.2769	-109.2769	-77.6512	0.7106	76.8328	0.7035	1.0e-04	0.5811
9861	-109.2677	-109.2677	-78.7441	0.7207	75.6863	0.6931	1.0e-04	0.5444
9862	-109.2708	-109.2708	-78.1232	0.7150	76.3638	0.6992	1.0e-04	0.5451
9863	-109.2869	-109.2869	-77.9617	0.7134	76.5349	0.7007	1.0e-04	0.5453
9864	-109.2768	-109.2768	-78.2331	0.7159	76.2558	0.6982	1.0e-04	0.5469
9865	-109.2925	-109.2925	-78.0785	0.7144	76.4318	0.6997	1.0e-04	0.5470
9866	-109.2748	-109.2748	-79.2247	0.7250	75.2116	0.6887	1.0e-04	0.5458
9867	-109.2868	-109.2868	-78.0632	0.7143	76.4296	0.6998	1.0e-04	0.5452
9868	-109.2847	-109.2847	-77.9110	0.7129	76.5928	0.7012	1.0e-04	0.5456
9869	-109.2805	-109.2805	-77.9486	0.7133	76.5398	0.7008	1.0e-04	0.5476
9870	-109.2915	-109.2915	-77.5556	0.7096	76.9531	0.7045	1.0e-04	0.5455
9871	-109.2733	-109.2733	-77.0918	0.7055	77.3942	0.7086	1.0e-04	0.5450
9872	-109.2797	-109.2797	-77.7259	0.7113	76.7553	0.7029	1.0e-04	0.5461
9873	-109.2745	-109.2745	-77.9411	0.7133	76.5377	0.7009	1.0e-04	0.5455
9874	-109.2670	-109.2670	-77.5914	0.7101	76.9012	0.7041	1.0e-04	0.5473
9875	-109.2779	-109.2779	-77.2135	0.7066	77.2733	0.7076	1.0e-04	0.5460
9876	-109.2866	-109.2866	-77.6632	0.7106	76.8374	0.7035	1.0e-04	0.5451
9877	-109.2724	-109.2724	-77.5700	0.7099	76.9180	0.7043	1.0e-04	0.5450
9878	-109.2642	-109.2642	-78.1137	0.7149	76.3564	0.6992	1.0e-04	0.5454
9879	-109.2624	-109.2624	-77.0479	0.7052	77.4364	0.7090	1.0e-04	0.5479
9880	-109.2827	-109.2827	-77.4962	0.7091	77.0039	0.7051	1.0e-04	0.5468
9881	-109.2679	-109.2679	-79.0555	0.7235	75.3791	0.6903	1.0e-04	0.5464
9882	-109.2782	-109.2782	-77.3487	0.7078	77.1446	0.7064	1.0e-04	0.5465
9883	-109.2808	-109.2808	-78.3042	0.7165	76.1864	0.6975	1.0e-04	0.5453
9884	-109.2947	-109.2947	-77.7941	0.7118	76.7307	0.7024	1.0e-04	0.5456
9885	-109.2598	-109.2598	-77.9837	0.7137	76.4740	0.7004	1.0e-04	0.5453
9886	-109.3046	-109.3046	-77.8722	0.7124	76.6488	0.7017	1.0e-04	0.5457
9887	-109.2747	-109.2747	-76.9221	0.7039	77.5379	0.7101	1.0e-04	0.5448
9888	-109.2889	-109.2889	-76.7837	0.7026	77.7308	0.7116	1.0e-04	0.5457
9889	-109.2700	-109.2700	-77.8086	0.7121	76.6654	0.7020	1.0e-04	0.5470
9890	-109.2788	-109.2788	-78.5169	0.7185	75.9498	0.6954	1.0e-04	0.5457
9891	-109.2954	-109.2954	-77.1103	0.7055	77.4027	0.7087	1.0e-04	0.5449
9892	-109.2692	-109.2692	-77.0605	0.7052	77.4274	0.7089	1.0e-04	0.5451
9893	-109.2901	-109.2901	-78.0035	0.7137	76.5064	0.7004	1.0e-04	0.5452
9894	-109.3154	-109.3154	-77.9365	0.7130	76.6013	0.7012	1.0e-04	0.5448
9895	-109.2917	-109.2917	-77.4012	0.7082	77.1131	0.7060	1.0e-04	0.5451
9896	-109.2900	-109.2900	-77.7884	0.7118	76.7140	0.7024	1.0e-04	0.5445
9897	-109.2876	-109.2876	-77.5872	0.7099	76.9104	0.7041	1.0e-04	0.5475
9898	-109.2879	-109.2879	-78.0670	0.7143	76.4338	0.6998	1.0e-04	0.5481
9899	-109.2853	-109.2853	-78.3004	0.7165	76.1855	0.6975	1.0e-04	0.5454
9900	-109.2880	-109.2880	-78.2090	0.7156	76.2722	0.6983	1.0e-04	0.5459
9901	-109.2973	-109.2973	-77.9314	0.7130	76.5695	0.7010	1.0e-04	0.5448
9902	-109.2858	-109.2858	-77.9713	0.7135	76.5145	0.7006	1.0e-04	0.5476
9903	-109.2767	-109.2767	-77.0507	0.7051	77.4522	0.7091	1.0e-04	0.5439
9904	-109.2973	-109.2973	-78.3803	0.7171	76.0900	0.6967	1.0e-04	0.5449
9905	-109.2779	-109.2779	-78.4646	0.7180	76.0226	0.6960	1.0e-04	0.5461
9906	-109.2842	-109.2842	-78.1994	0.7156	76.2879	0.6985	1.0e-04	0.5461
9907	-109.2858	-109.2858	-77.9571	0.7133	76.5525	0.7008	1.0e-04	0.5451
9908	-109.2631	-109.2631	-78.0155	0.7140	76.4535	0.7001	1.0e-04	0.5475
9909	-109.2801	-109.2801	-77.9115	0.7130	76.5451	0.7008	1.0e-04	0.5460
9910	-109.2769	-109.2769	-77.2707	0.7071	77.2176	0.7070	1.0e-04	0.5441
9911	-109.2787	-109.2787	-77.6199	0.7103	76.8482	0.7036	1.0e-04	0.5487
9912	-109.2849	-109.2849	-77.9685	0.7134	76.5168	0.7007	1.0e-04	0.5463
9913	-109.2728	-109.2728	-77.6241	0.7104	76.8733	0.7038	1.0e-04	0.5450
9914	-109.2676	-109.2676	-76.6795	0.7018	77.7956	0.7124	1.0e-04	0.5455
9915	-109.2885	-109.2885	-78.1325	0.7149	76.3760	0.6992	1.0e-04	0.5460
9916	-109.2746	-109.2746	-77.6420	0.7105	76.8446	0.7036	1.0e-04	0.5473
9917	-109.2741	-109.2741	-77.1424	0.7060	77.3484	0.7082	1.0e-04	0.5471
9918	-109.2712	-109.2712	-76.4992	0.7001	77.9818	0.7140	1.0e-04	0.5463
9919	-109.2842	-109.2842	-78.4225	0.7176	76.0572	0.6964	1.0e-04	0.5452
9920	-109.2852	-109.2852	-76.4921	0.6999	77.9998	0.7141	1.0e-04	0.5442
9921	-109.2600	-109.2600	-76.9814	0.7046	77.4874	0.7096	1.0e-04	0.5450
9922	-109.2758	-109.2758	-77.4487	0.7087	77.0505	0.7055	1.0e-04	0.5468
9923	-109.2855	-109.2855	-77.1634	0.7061	77.3228	0.7079	1.0e-04	0.5464
9924	-109.2767	-109.2767	-77.5468	0.7096	76.9429	0.7046	1.0e-04	0.5475
9925	-109.2779	-109.2779	-77.9477	0.7133	76.5510	0.7008	1.0e-04	0.5476
9926	-109.2723	-109.2723	-77.4825	0.7091	77.0082	0.7051	1.0e-04	0.5482
9927	-109.2747	-109.2747	-77.2246	0.7067	77.2716	0.7075	1.0e-04	0.5462
9928	-109.2630	-109.2630	-78.1500	0.7152	76.3204	0.6988	1.0e-04	0.5472
9929	-109.2774	-109.2774	-77.3761	0.7081	77.1287	0.7061	1.0e-04	0.5467
9930	-109.2581	-109.2581	-77.2744	0.7073	77.2011	0.7069	1.0e-04	0.5464
9931	-109.2670	-109.2670	-76.6459	0.7015	77.8377	0.7127	1.0e-04	0.5452
9932	-109.2845	-109.2845	-76.8787	0.7035	77.6236	0.7107	1.0e-04	0.5449
9933	-109.2723	-109.2723	-77.9593	0.7134	76.5248	0.7006	1.0e-04	0.5457
9934	-109.2692	-109.2692	-76.5666	0.7007	77.9156	0.7133	1.0e-04	0.5450
9935	-109.3085	-109.3085	-77.2282	0.7065	77.3004	0.7077	1.0e-04	0.5451
9936	-109.2683	-109.2683	-77.4889	0.7092	76.9895	0.7049	1.0e-04	0.5465
9937	-109.2693	-109.2693	-77.2596	0.7071	77.1958	0.7068	1.0e-04	0.5474
9938	-109.2598	-109.2598	-77.3322	0.7078	77.1071	0.7061	1.0e-04	0.5471
9939	-109.2772	-109.2772	-77.9666	0.7135	76.5208	0.7007	1.0e-04	0.5466
9940	-109.2885	-109.2885	-77.9930	0.7136	76.5065	0.7005	1.0e-04	0.5458
9941	-109.2728	-109.2728	-77.5387	0.7096	76.9436	0.7046	1.0e-04	0.5448
9942	-109.2649	-109.2649	-77.5862	0.7101	76.8734	0.7039	1.0e-04	0.5444
9943	-109.2683	-109.2683	-77.2868	0.7073	77.1850	0.7068	1.0e-04	0.5462
9944	-109.2945	-109.2945	-78.1207	0.7148	76.3916	0.6993	1.0e-04	0.5476
9945	-109.2701	-109.2701	-78.1934	0.7156	76.2680	0.6983	1.0e-04	0.5441
9946	-109.2647	-109.2647	-77.7937	0.7120	76.6769	0.7022	1.0e-04	0.5450
9947	-109.2824	-109.2824	-77.5330	0.7095	76.9609	0.7047	1.0e-04	0.5467
9948	-109.2829	-109.2829	-78.5854	0.7191	75.8864	0.6947	1.0e-04	0.5449
9949	-109.2840	-109.2840	-77.6280	0.7103	76.8779	0.7038	1.0e-04	0.5444
9950	-109.2852	-109.2852	-78.1119	0.7148	76.3716	0.6993	1.0e-04	0.5456
9951	-109.2722	-109.2722	-77.5059	0.7093	76.9863	0.7049	1.0e-04	0.5446
9952	-109.2698	-109.2698	-77.2721	0.7072	77.2057	0.7070	1.0e-04	0.5444
9953	-109.2698	-109.2698	-77.2724	0.7072	77.2261	0.7070	1.0e-04	0.5454
9954	-109.2874	-109.2874	-77.8348	0.7122	76.6679	0.7020	1.0e-04	0.5468
9955	-109.2972	-109.2972	-77.2485	0.7068	77.2666	0.7074	1.0e-04	0.5479
9956	-109.2872	-109.2872	-77.7049	0.7110	76.7984	0.7032	1.0e-04	0.5470
9957	-109.2682	-109.2682	-77.0357	0.7050	77.4506	0.7091	1.0e-04	0.5473
9958	-109.2894	-109.2894	-77.1795	0.7062	77.3090	0.7079	1.0e-04	0.5468
9959	-109.2835	-109.2835	-77.3864	0.7081	77.1108	0.7060	1.0e-04	0.5454
9960	-109.2939	-109.2939	-76.8990	0.7036	77.6105	0.7105	1.0e-04	0.5458
9961	-109.2717	-109.2717	-77.3992	0.7083	77.0759	0.7058	1.0e-04	0.5479
9962	-109.2849	-109.2849	-77.0404	0.7049	77.4667	0.7093	1.0e-04	0.5460
9963	-109.2853	-109.2853	-77.5993	0.7101	76.9084	0.7041	1.0e-04	0.5453
9964	-109.2605	-109.2605	-77.7374	0.7115	76.7289	0.7026	1.0e-04	0.5452
9965	-109.2803	-109.2803	-77.5635	0.7098	76.9246	0.7043	1.0e-04	0.5446
9966	-109.2919	-109.2919	-76.9189	0.7038	77.5718	0.7102	1.0e-04	0.5457
9967	-109.2689	-109.2689	-77.7919	0.7119	76.6838	0.7021	1.0e-04	0.5443
9968	-109.2845	-109.2845	-77.3710	0.7080	77.1308	0.7062	1.0e-04	0.5465
9969	-109.2739	-109.2739	-76.7996	0.7028	77.6854	0.7114	1.0e-04	0.5481
9970	-109.2846	-109.2846	-76.7016	0.7019	77.7904	0.7122	1.0e-04	0.5472
9971	-109.2812	-109.2812	-77.1138	0.7056	77.3705	0.7083	1.0e-04	0.5462
9972	-109.2801	-109.2801	-76.9336	0.7040	77.5468	0.7100	1.0e-04	0.5474
9973	-109.2785	-109.2785	-77.4348	0.7086	77.0498	0.7056	1.0e-04	0.5468
9974	-109.2773	-109.2773	-76.8322	0.7031	77.6473	0.7109	1.0e-04	0.5447
9975	-109.2757	-109.2757	-77.1671	0.7062	77.3202	0.7080	1.0e-04	0.5445
9976	-109.2694	-109.2694	-77.1054	0.7056	77.3827	0.7086	1.0e-04	0.5449
9977	-109.2824	-109.2824	-76.9498	0.7041	77.5623	0.7101	1.0e-04	0.5476
9978	-109.2812	-109.2812	-75.9750	0.6952	78.5070	0.7188	1.0e-04	0.5462
9979	-109.2825	-109.2825	-76.8088	0.7028	77.6847	0.7113	1.0e-04	0.5451
9980	-109.2778	-109.2778	-77.3169	0.7075	77.1867	0.7066	1.0e-04	0.5450
9981	-109.3019	-109.3019	-78.0095	0.7137	76.5095	0.7004	1.0e-04	0.5465
9982	-109.2802	-109.2802	-78.0542	0.7143	76.4416	0.6999	1.0e-04	0.5442
9983	-109.2890	-109.2890	-77.5041	0.7092	76.9953	0.7050	1.0e-04	0.5439
9984	-109.2606	-109.2606	-76.8333	0.7032	77.6482	0.7110	1.0e-04	0.5472
9985	-109.2926	-109.2926	-77.0537	0.7050	77.4535	0.7092	1.0e-04	0.5445
9986	-109.2776	-109.2776	-77.7939	0.7119	76.6837	0.7021	1.0e-04	0.5443
9987	-109.2863	-109.2863	-76.9630	0.7042	77.5495	0.7099	1.0e-04	0.5453
9988	-109.2720	-109.2720	-77.1490	0.7060	77.3071	0.7078	1.0e-04	0.5472
9989	-109.2900	-109.2900	-76.9763	0.7043	77.5282	0.7099	1.0e-04	0.5450
9990	-109.2775	-109.2775	-77.2344	0.7068	77.2483	0.7074	1.0e-04	0.5460
9991	-109.2696	-109.2696	-76.4792	0.6999	77.9546	0.7138	1.0e-04	0.5452
9992	-109.2827	-109.2827	-77.5434	0.7096	76.9179	0.7043	1.0e-04	0.5443
9993	-109.2704	-109.2704	-77.3305	0.7077	77.1567	0.7065	1.0e-04	0.5451
9994	-109.2819	-109.2819	-77.3813	0.7081	77.1135	0.7061	1.0e-04	0.5463
9995	-109.2901	-109.2901	-76.5668	0.7006	77.9154	0.7135	1.0e-04	0.5474
9996	-109.2759	-109.2759	-77.4295	0.7086	77.0654	0.7056	1.0e-04	0.5478
9997	-109.2707	-109.2707	-77.5564	0.7098	76.9346	0.7044	1.0e-04	0.5482
9998	-109.2728	-109.2728	-76.6100	0.7011	77.8676	0.7130	1.0e-04	0.5469
9999	-109.2506	-109.2506	-77.5851	0.7102	76.8661	0.7040	1.0e-04	0.5476
10000	-109.2836	-109.2836	-76.9169	0.7038	77.5671	0.7103	1.0e-04	0.5536
