  0.000000000000000000e+00   0.000000000000000000e+00 
                         2 
                       152                         25 
  1.545314677059706106e-02   0.000000000000000000e+00 
 -4.742653109132737022e-03   0.000000000000000000e+00 
 -5.146984476596305237e-03   0.000000000000000000e+00 
 -7.377042784354953054e-04   0.000000000000000000e+00 
  2.687398518901144297e-04   0.000000000000000000e+00 
  7.618734147399800101e-03   0.000000000000000000e+00 
  1.076916814781574703e-03   0.000000000000000000e+00 
 -1.723689783829283580e-04   0.000000000000000000e+00 
 -3.950310871005095585e-03   0.000000000000000000e+00 
 -2.139893174171433529e-02   0.000000000000000000e+00 
  6.991254631430007154e-04   0.000000000000000000e+00 
 -1.386977615766200357e-03   0.000000000000000000e+00 
  1.644181553274394600e-03   0.000000000000000000e+00 
 -2.839893102645871421e-03   0.000000000000000000e+00 
  9.226936381310293922e-04   0.000000000000000000e+00 
 -7.000570185482407658e-04   0.000000000000000000e+00 
  6.413865089416499743e-02   0.000000000000000000e+00 
 -3.710651397705105187e-02   0.000000000000000000e+00 
 -5.321245989762228177e-04   0.000000000000000000e+00 
  1.924159703776239265e-03   0.000000000000000000e+00 
  1.242849510162999166e-03   0.000000000000000000e+00 
  1.740094157867132967e-03   0.000000000000000000e+00 
 -8.926184382289631793e-04   0.000000000000000000e+00 
 -3.520749742165202984e-04   0.000000000000000000e+00 
 -1.104270457290112755e-03   0.000000000000000000e+00 
  2.497167093679307157e-03   0.000000000000000000e+00 
  5.203321925364435803e-04   0.000000000000000000e+00 
  1.596883521415292783e-03   0.000000000000000000e+00 
 -8.705797954462468624e-04   0.000000000000000000e+00 
  3.160635009407988111e-02   0.000000000000000000e+00 
 -7.345307385548597960e-04   0.000000000000000000e+00 
 -1.061940798535943899e-03   0.000000000000000000e+00 
  1.125278510153293957e-02   0.000000000000000000e+00 
 -4.751266911625860040e-02   0.000000000000000000e+00 
  3.410215722396938570e-03   0.000000000000000000e+00 
  5.402922630310058594e-03   0.000000000000000000e+00 
 -2.112835412845015526e-03   0.000000000000000000e+00 
 -4.673569463193417463e-03   0.000000000000000000e+00 
  2.162283984944225659e-03   0.000000000000000000e+00 
 -5.133718717843295011e-03   0.000000000000000000e+00 
  8.892540936358267608e-04   0.000000000000000000e+00 
  4.125131666660312307e-02   0.000000000000000000e+00 
 -2.812367677688598078e-01   0.000000000000000000e+00 
  3.127205651253461838e-03   0.000000000000000000e+00 
  1.094117993488907597e-03   0.000000000000000000e+00 
  2.302306005731225014e-03   0.000000000000000000e+00 
 -4.496096167713403702e-03   0.000000000000000000e+00 
  3.524679243564606268e-01   0.000000000000000000e+00 
 -1.273858710192143700e-03   0.000000000000000000e+00 
 -4.254103638231752568e-03   0.000000000000000000e+00 
 -8.308555483818053089e-01   0.000000000000000000e+00 
  3.937972337007517726e-02   0.000000000000000000e+00 
  3.587714163586497741e-03   0.000000000000000000e+00 
  1.540836092317490150e-04   0.000000000000000000e+00 
 -2.681273501366377311e-03   0.000000000000000000e+00 
  2.037174534052610397e-03   0.000000000000000000e+00 
 -6.852643191814423995e-02   0.000000000000000000e+00 
 -3.067309269681571613e-03   0.000000000000000000e+00 
 -3.602473996579647498e-03   0.000000000000000000e+00 
  4.896548925898965921e-04   0.000000000000000000e+00 
  5.105462390929460526e-03   0.000000000000000000e+00 
  3.836642485111950961e-03   0.000000000000000000e+00 
  4.387688357383012772e-03   0.000000000000000000e+00 
  5.013101175427439604e-02   0.000000000000000000e+00 
 -1.996997976675629616e-03   0.000000000000000000e+00 
 -4.540726542472839355e-03   0.000000000000000000e+00 
 -3.006964689120650725e-03   0.000000000000000000e+00 
 -2.724018122535200553e-04   0.000000000000000000e+00 
 -9.268039464950555972e-02   0.000000000000000000e+00 
  4.897709004580975663e-04   0.000000000000000000e+00 
 -3.063703887164592743e-03   0.000000000000000000e+00 
  3.007943555712697115e-02   0.000000000000000000e+00 
 -2.607386708259583630e-01   0.000000000000000000e+00 
  3.110806690528988838e-03   0.000000000000000000e+00 
  7.404182688333088699e-04   0.000000000000000000e+00 
 -1.022816449403763511e-01   0.000000000000000000e+00 
  0.000000000000000000e+00   0.000000000000000000e+00 
  0.000000000000000000e+00   0.000000000000000000e+00 
  0.000000000000000000e+00   0.000000000000000000e+00 
  0.000000000000000000e+00   0.000000000000000000e+00 
  0.000000000000000000e+00   0.000000000000000000e+00 
  0.000000000000000000e+00   0.000000000000000000e+00 
  0.000000000000000000e+00   0.000000000000000000e+00 
  0.000000000000000000e+00   0.000000000000000000e+00 
  0.000000000000000000e+00   0.000000000000000000e+00 
  0.000000000000000000e+00   0.000000000000000000e+00 
  0.000000000000000000e+00   0.000000000000000000e+00 
  0.000000000000000000e+00   0.000000000000000000e+00 
  0.000000000000000000e+00   0.000000000000000000e+00 
  0.000000000000000000e+00   0.000000000000000000e+00 
  0.000000000000000000e+00   0.000000000000000000e+00 
  0.000000000000000000e+00   0.000000000000000000e+00 
  0.000000000000000000e+00   0.000000000000000000e+00 
  0.000000000000000000e+00   0.000000000000000000e+00 
  0.000000000000000000e+00   0.000000000000000000e+00 
  0.000000000000000000e+00   0.000000000000000000e+00 
  0.000000000000000000e+00   0.000000000000000000e+00 
  0.000000000000000000e+00   0.000000000000000000e+00 
  0.000000000000000000e+00   0.000000000000000000e+00 
  0.000000000000000000e+00   0.000000000000000000e+00 
  0.000000000000000000e+00   0.000000000000000000e+00 
  0.000000000000000000e+00   0.000000000000000000e+00 
  0.000000000000000000e+00   0.000000000000000000e+00 
  0.000000000000000000e+00   0.000000000000000000e+00 
  0.000000000000000000e+00   0.000000000000000000e+00 
  0.000000000000000000e+00   0.000000000000000000e+00 
  0.000000000000000000e+00   0.000000000000000000e+00 
  0.000000000000000000e+00   0.000000000000000000e+00 
  0.000000000000000000e+00   0.000000000000000000e+00 
  0.000000000000000000e+00   0.000000000000000000e+00 
  0.000000000000000000e+00   0.000000000000000000e+00 
  0.000000000000000000e+00   0.000000000000000000e+00 
  0.000000000000000000e+00   0.000000000000000000e+00 
  0.000000000000000000e+00   0.000000000000000000e+00 
  0.000000000000000000e+00   0.000000000000000000e+00 
  0.000000000000000000e+00   0.000000000000000000e+00 
  0.000000000000000000e+00   0.000000000000000000e+00 
  0.000000000000000000e+00   0.000000000000000000e+00 
  0.000000000000000000e+00   0.000000000000000000e+00 
  0.000000000000000000e+00   0.000000000000000000e+00 
  0.000000000000000000e+00   0.000000000000000000e+00 
  0.000000000000000000e+00   0.000000000000000000e+00 
  0.000000000000000000e+00   0.000000000000000000e+00 
  0.000000000000000000e+00   0.000000000000000000e+00 
  0.000000000000000000e+00   0.000000000000000000e+00 
  0.000000000000000000e+00   0.000000000000000000e+00 
  0.000000000000000000e+00   0.000000000000000000e+00 
  0.000000000000000000e+00   0.000000000000000000e+00 
  0.000000000000000000e+00   0.000000000000000000e+00 
  0.000000000000000000e+00   0.000000000000000000e+00 
  0.000000000000000000e+00   0.000000000000000000e+00 
  0.000000000000000000e+00   0.000000000000000000e+00 
  0.000000000000000000e+00   0.000000000000000000e+00 
  0.000000000000000000e+00   0.000000000000000000e+00 
  0.000000000000000000e+00   0.000000000000000000e+00 
  0.000000000000000000e+00   0.000000000000000000e+00 
  0.000000000000000000e+00   0.000000000000000000e+00 
  0.000000000000000000e+00   0.000000000000000000e+00 
  0.000000000000000000e+00   0.000000000000000000e+00 
  0.000000000000000000e+00   0.000000000000000000e+00 
  0.000000000000000000e+00   0.000000000000000000e+00 
  0.000000000000000000e+00   0.000000000000000000e+00 
  0.000000000000000000e+00   0.000000000000000000e+00 
  0.000000000000000000e+00   0.000000000000000000e+00 
  0.000000000000000000e+00   0.000000000000000000e+00 
  0.000000000000000000e+00   0.000000000000000000e+00 
  0.000000000000000000e+00   0.000000000000000000e+00 
  0.000000000000000000e+00   0.000000000000000000e+00 
  0.000000000000000000e+00   0.000000000000000000e+00 
  0.000000000000000000e+00   0.000000000000000000e+00 
  0.000000000000000000e+00   0.000000000000000000e+00 
  0.000000000000000000e+00   0.000000000000000000e+00 
  9.606119245287821073e-03   0.000000000000000000e+00 
 -6.034861318766892094e-03   0.000000000000000000e+00 
  1.105670537799548214e-02   0.000000000000000000e+00 
 -2.630096241785377764e-05   0.000000000000000000e+00 
 -5.780849096485861821e-05   0.000000000000000000e+00 
 -6.299298722296745034e-03   0.000000000000000000e+00 
  1.718959212303191458e-02   0.000000000000000000e+00 
  1.088074408471050676e-03   0.000000000000000000e+00 
 -1.413180958479662817e-03   0.000000000000000000e+00 
 -9.259880520403038218e-03   0.000000000000000000e+00 
 -4.056153993588601753e-04   0.000000000000000000e+00 
 -3.644557436928798138e-04   0.000000000000000000e+00 
  1.141335669671955227e-04   0.000000000000000000e+00 
  1.028957311063979311e-03   0.000000000000000000e+00 
  5.297112511470710057e-04   0.000000000000000000e+00 
  1.375510328216397727e-04   0.000000000000000000e+00 
  4.170219600200672505e-02   0.000000000000000000e+00 
 -3.671985119581326618e-03   0.000000000000000000e+00 
  4.811656544916335021e-04   0.000000000000000000e+00 
  1.974664482986561822e-04   0.000000000000000000e+00 
  5.278774071484764255e-03   0.000000000000000000e+00 
 -6.834000814706090365e-04   0.000000000000000000e+00 
 -9.542930056340989198e-04   0.000000000000000000e+00 
  1.756860183377266600e-05   0.000000000000000000e+00 
  3.487883950583634592e-04   0.000000000000000000e+00 
  7.491058931918817489e-05   0.000000000000000000e+00 
 -2.808994322549543594e-04   0.000000000000000000e+00 
  1.498068595537915013e-04   0.000000000000000000e+00 
  1.078658737242221615e-03   0.000000000000000000e+00 
 -1.357445865869531983e-02   0.000000000000000000e+00 
 -1.334342546761021521e-02   0.000000000000000000e+00 
  7.661038544028993084e-04   0.000000000000000000e+00 
  4.782014526426793012e-03   0.000000000000000000e+00 
 -8.964796364307416054e-02   0.000000000000000000e+00 
 -1.608140021562586355e-02   0.000000000000000000e+00 
 -1.509799854829907417e-03   0.000000000000000000e+00 
  3.099184716120362282e-03   0.000000000000000000e+00 
 -1.847515115514398272e-03   0.000000000000000000e+00 
  2.162993419915438566e-03   0.000000000000000000e+00 
 -3.183934837579727607e-03   0.000000000000000000e+00 
  5.359766655601557817e-04   0.000000000000000000e+00 
  8.952057361602795693e-02   0.000000000000000000e+00 
 -5.087589621543884277e-01   0.000000000000000000e+00 
  2.563997637480497360e-03   0.000000000000000000e+00 
 -1.947061391547324171e-04   0.000000000000000000e+00 
  8.669947856105864048e-04   0.000000000000000000e+00 
 -2.326814690604805946e-03   0.000000000000000000e+00 
 -6.185272932052616746e-01   0.000000000000000000e+00 
  2.934272866696118875e-03   0.000000000000000000e+00 
  1.403161906637250943e-03   0.000000000000000000e+00 
  2.486527524888507493e-02   0.000000000000000000e+00 
  5.421868562698362037e-01   0.000000000000000000e+00 
  1.344372984021902301e-03   0.000000000000000000e+00 
  1.004276913590729670e-03   0.000000000000000000e+00 
  2.089025365421547944e-04   0.000000000000000000e+00 
  1.162938657216727734e-03   0.000000000000000000e+00 
 -1.062091514468193332e-01   0.000000000000000000e+00 
  2.329814247786998315e-03   0.000000000000000000e+00 
 -2.148976316675544219e-03   0.000000000000000000e+00 
 -5.379648064263163913e-04   0.000000000000000000e+00 
 -1.539431861601769924e-03   0.000000000000000000e+00 
  4.975278861820696700e-04   0.000000000000000000e+00 
 -3.288414096459745927e-03   0.000000000000000000e+00 
  9.281270951032642713e-02   0.000000000000000000e+00 
  1.751459320075809956e-03   0.000000000000000000e+00 
 -2.377520577283579112e-04   0.000000000000000000e+00 
  1.463117776438594081e-03   0.000000000000000000e+00 
  2.317306352779269218e-03   0.000000000000000000e+00 
 -1.245565563440322598e-01   0.000000000000000000e+00 
  1.873271539807320454e-04   0.000000000000000000e+00 
 -1.114580314606428363e-03   0.000000000000000000e+00 
  9.280432760715488782e-02   0.000000000000000000e+00 
 -8.459098637104038587e-02   0.000000000000000000e+00 
  1.501218066550791264e-03   0.000000000000000000e+00 
  4.655871598515658486e-04   0.000000000000000000e+00 
 -6.324215233325965191e-02   0.000000000000000000e+00 
  0.000000000000000000e+00   0.000000000000000000e+00 
  0.000000000000000000e+00   0.000000000000000000e+00 
  0.000000000000000000e+00   0.000000000000000000e+00 
  0.000000000000000000e+00   0.000000000000000000e+00 
  0.000000000000000000e+00   0.000000000000000000e+00 
  0.000000000000000000e+00   0.000000000000000000e+00 
  0.000000000000000000e+00   0.000000000000000000e+00 
  0.000000000000000000e+00   0.000000000000000000e+00 
  0.000000000000000000e+00   0.000000000000000000e+00 
  0.000000000000000000e+00   0.000000000000000000e+00 
  0.000000000000000000e+00   0.000000000000000000e+00 
  0.000000000000000000e+00   0.000000000000000000e+00 
  0.000000000000000000e+00   0.000000000000000000e+00 
  0.000000000000000000e+00   0.000000000000000000e+00 
  0.000000000000000000e+00   0.000000000000000000e+00 
  0.000000000000000000e+00   0.000000000000000000e+00 
  0.000000000000000000e+00   0.000000000000000000e+00 
  0.000000000000000000e+00   0.000000000000000000e+00 
  0.000000000000000000e+00   0.000000000000000000e+00 
  0.000000000000000000e+00   0.000000000000000000e+00 
  0.000000000000000000e+00   0.000000000000000000e+00 
  0.000000000000000000e+00   0.000000000000000000e+00 
  0.000000000000000000e+00   0.000000000000000000e+00 
  0.000000000000000000e+00   0.000000000000000000e+00 
  0.000000000000000000e+00   0.000000000000000000e+00 
  0.000000000000000000e+00   0.000000000000000000e+00 
  0.000000000000000000e+00   0.000000000000000000e+00 
  0.000000000000000000e+00   0.000000000000000000e+00 
  0.000000000000000000e+00   0.000000000000000000e+00 
  0.000000000000000000e+00   0.000000000000000000e+00 
  0.000000000000000000e+00   0.000000000000000000e+00 
  0.000000000000000000e+00   0.000000000000000000e+00 
  0.000000000000000000e+00   0.000000000000000000e+00 
  0.000000000000000000e+00   0.000000000000000000e+00 
  0.000000000000000000e+00   0.000000000000000000e+00 
  0.000000000000000000e+00   0.000000000000000000e+00 
  0.000000000000000000e+00   0.000000000000000000e+00 
  0.000000000000000000e+00   0.000000000000000000e+00 
  0.000000000000000000e+00   0.000000000000000000e+00 
  0.000000000000000000e+00   0.000000000000000000e+00 
  0.000000000000000000e+00   0.000000000000000000e+00 
  0.000000000000000000e+00   0.000000000000000000e+00 
  0.000000000000000000e+00   0.000000000000000000e+00 
  0.000000000000000000e+00   0.000000000000000000e+00 
  0.000000000000000000e+00   0.000000000000000000e+00 
  0.000000000000000000e+00   0.000000000000000000e+00 
  0.000000000000000000e+00   0.000000000000000000e+00 
  0.000000000000000000e+00   0.000000000000000000e+00 
  0.000000000000000000e+00   0.000000000000000000e+00 
  0.000000000000000000e+00   0.000000000000000000e+00 
  0.000000000000000000e+00   0.000000000000000000e+00 
  0.000000000000000000e+00   0.000000000000000000e+00 
  0.000000000000000000e+00   0.000000000000000000e+00 
  0.000000000000000000e+00   0.000000000000000000e+00 
  0.000000000000000000e+00   0.000000000000000000e+00 
  0.000000000000000000e+00   0.000000000000000000e+00 
  0.000000000000000000e+00   0.000000000000000000e+00 
  0.000000000000000000e+00   0.000000000000000000e+00 
  0.000000000000000000e+00   0.000000000000000000e+00 
  0.000000000000000000e+00   0.000000000000000000e+00 
  0.000000000000000000e+00   0.000000000000000000e+00 
  0.000000000000000000e+00   0.000000000000000000e+00 
  0.000000000000000000e+00   0.000000000000000000e+00 
  0.000000000000000000e+00   0.000000000000000000e+00 
  0.000000000000000000e+00   0.000000000000000000e+00 
  0.000000000000000000e+00   0.000000000000000000e+00 
  0.000000000000000000e+00   0.000000000000000000e+00 
  0.000000000000000000e+00   0.000000000000000000e+00 
  0.000000000000000000e+00   0.000000000000000000e+00 
  0.000000000000000000e+00   0.000000000000000000e+00 
  0.000000000000000000e+00   0.000000000000000000e+00 
  0.000000000000000000e+00   0.000000000000000000e+00 
  0.000000000000000000e+00   0.000000000000000000e+00 
  0.000000000000000000e+00   0.000000000000000000e+00 
  0.000000000000000000e+00   0.000000000000000000e+00 
  0.000000000000000000e+00   0.000000000000000000e+00 
 -1.423378009349775828e-03   0.000000000000000000e+00 
  1.120582455768383821e-04   0.000000000000000000e+00 
 -4.464944649952659497e-04   0.000000000000000000e+00 
 -3.264069528068155206e-05   0.000000000000000000e+00 
 -1.348422490991673262e-03   0.000000000000000000e+00 
  4.052303847857553092e-04   0.000000000000000000e+00 
 -8.461462566629083604e-04   0.000000000000000000e+00 
 -1.313145272433763854e-02   0.000000000000000000e+00 
 -7.120484486222113628e-03   0.000000000000000000e+00 
  1.391304424032353392e-03   0.000000000000000000e+00 
 -8.081975392997257923e-03   0.000000000000000000e+00 
  6.127222906797596957e-03   0.000000000000000000e+00 
  2.701381454244494110e-03   0.000000000000000000e+00 
  1.176356221549260637e-03   0.000000000000000000e+00 
 -1.233883481472727341e-02   0.000000000000000000e+00 
  1.231753733009095103e-02   0.000000000000000000e+00 
 -1.290459040319528897e-04   0.000000000000000000e+00 
  5.955538363195919975e-04   0.000000000000000000e+00 
  2.683964848984000885e-04   0.000000000000000000e+00 
  4.019246553070733715e-04   0.000000000000000000e+00 
  1.284667087020357904e-04   0.000000000000000000e+00 
 -1.479737809859215129e-03   0.000000000000000000e+00 
  1.117659703595543712e-04   0.000000000000000000e+00 
  7.371964165940878607e-04   0.000000000000000000e+00 
  5.665681674145158853e-04   0.000000000000000000e+00 
  4.290394950658082962e-03   0.000000000000000000e+00 
 -4.924091044813397799e-04   0.000000000000000000e+00 
 -1.854832051321863694e-03   0.000000000000000000e+00 
  9.158983593806628749e-04   0.000000000000000000e+00 
  2.970005443785329294e-04   0.000000000000000000e+00 
 -1.707394490949809118e-03   0.000000000000000000e+00 
  1.346230413764715889e-02   0.000000000000000000e+00 
 -1.056855078786597462e-03   0.000000000000000000e+00 
  2.963159000501037511e-03   0.000000000000000000e+00 
 -1.576213981024921591e-03   0.000000000000000000e+00 
  4.925720393657684326e-03   0.000000000000000000e+00 
  5.604928825050592422e-03   0.000000000000000000e+00 
 -7.884773425757858958e-03   0.000000000000000000e+00 
 -3.976874426007273589e-02   0.000000000000000000e+00 
 -2.733870642259373296e-04   0.000000000000000000e+00 
 -1.258029937744140070e-01   0.000000000000000000e+00 
  4.351065028458835429e-03   0.000000000000000000e+00 
 -3.171170828863977952e-03   0.000000000000000000e+00 
  8.043910861015319824e-01   0.000000000000000000e+00 
  3.902445137500760719e-01   0.000000000000000000e+00 
  2.654153704643250067e-01   0.000000000000000000e+00 
  2.520449757575988214e-01   0.000000000000000000e+00 
  3.664933377876879519e-03   0.000000000000000000e+00 
  4.083345644176005450e-03   0.000000000000000000e+00 
 -3.616927424445747028e-03   0.000000000000000000e+00 
  2.791893901303410096e-03   0.000000000000000000e+00 
 -2.221045317128300667e-03   0.000000000000000000e+00 
 -3.848613798618315957e-02   0.000000000000000000e+00 
  2.168372571468352994e-01   0.000000000000000000e+00 
  2.584221074357631533e-04   0.000000000000000000e+00 
 -2.750169485807418390e-03   0.000000000000000000e+00 
 -2.651978516951204214e-03   0.000000000000000000e+00 
  9.438108652830122167e-03   0.000000000000000000e+00 
  1.817238517105579723e-02   0.000000000000000000e+00 
 -1.737630111165344715e-03   0.000000000000000000e+00 
  2.984357706736772168e-04   0.000000000000000000e+00 
 -5.190785974264144030e-03   0.000000000000000000e+00 
 -3.077799454331398010e-03   0.000000000000000000e+00 
 -2.328810514882207784e-03   0.000000000000000000e+00 
  2.390249632298955488e-03   0.000000000000000000e+00 
 -3.002442978322506298e-02   0.000000000000000000e+00 
 -2.238336252048611641e-03   0.000000000000000000e+00 
  3.900949144735932784e-03   0.000000000000000000e+00 
  3.481732215732336478e-03   0.000000000000000000e+00 
  2.939675934612752048e-02   0.000000000000000000e+00 
 -9.643486700952047866e-03   0.000000000000000000e+00 
 -6.467312341555953026e-04   0.000000000000000000e+00 
 -2.435716800391674909e-03   0.000000000000000000e+00 
 -1.737721264362336246e-02   0.000000000000000000e+00 
 -6.186489760875703292e-02   0.000000000000000000e+00 
 -7.996609929250631855e-05   0.000000000000000000e+00 
  0.000000000000000000e+00   0.000000000000000000e+00 
  0.000000000000000000e+00   0.000000000000000000e+00 
  0.000000000000000000e+00   0.000000000000000000e+00 
  0.000000000000000000e+00   0.000000000000000000e+00 
  0.000000000000000000e+00   0.000000000000000000e+00 
  0.000000000000000000e+00   0.000000000000000000e+00 
  0.000000000000000000e+00   0.000000000000000000e+00 
  0.000000000000000000e+00   0.000000000000000000e+00 
  0.000000000000000000e+00   0.000000000000000000e+00 
  0.000000000000000000e+00   0.000000000000000000e+00 
  0.000000000000000000e+00   0.000000000000000000e+00 
  0.000000000000000000e+00   0.000000000000000000e+00 
  0.000000000000000000e+00   0.000000000000000000e+00 
  0.000000000000000000e+00   0.000000000000000000e+00 
  0.000000000000000000e+00   0.000000000000000000e+00 
  0.000000000000000000e+00   0.000000000000000000e+00 
  0.000000000000000000e+00   0.000000000000000000e+00 
  0.000000000000000000e+00   0.000000000000000000e+00 
  0.000000000000000000e+00   0.000000000000000000e+00 
  0.000000000000000000e+00   0.000000000000000000e+00 
  0.000000000000000000e+00   0.000000000000000000e+00 
  0.000000000000000000e+00   0.000000000000000000e+00 
  0.000000000000000000e+00   0.000000000000000000e+00 
  0.000000000000000000e+00   0.000000000000000000e+00 
  0.000000000000000000e+00   0.000000000000000000e+00 
  0.000000000000000000e+00   0.000000000000000000e+00 
  0.000000000000000000e+00   0.000000000000000000e+00 
  0.000000000000000000e+00   0.000000000000000000e+00 
  0.000000000000000000e+00   0.000000000000000000e+00 
  0.000000000000000000e+00   0.000000000000000000e+00 
  0.000000000000000000e+00   0.000000000000000000e+00 
  0.000000000000000000e+00   0.000000000000000000e+00 
  0.000000000000000000e+00   0.000000000000000000e+00 
  0.000000000000000000e+00   0.000000000000000000e+00 
  0.000000000000000000e+00   0.000000000000000000e+00 
  0.000000000000000000e+00   0.000000000000000000e+00 
  0.000000000000000000e+00   0.000000000000000000e+00 
  0.000000000000000000e+00   0.000000000000000000e+00 
  0.000000000000000000e+00   0.000000000000000000e+00 
  0.000000000000000000e+00   0.000000000000000000e+00 
  0.000000000000000000e+00   0.000000000000000000e+00 
  0.000000000000000000e+00   0.000000000000000000e+00 
  0.000000000000000000e+00   0.000000000000000000e+00 
  0.000000000000000000e+00   0.000000000000000000e+00 
  0.000000000000000000e+00   0.000000000000000000e+00 
  0.000000000000000000e+00   0.000000000000000000e+00 
  0.000000000000000000e+00   0.000000000000000000e+00 
  0.000000000000000000e+00   0.000000000000000000e+00 
  0.000000000000000000e+00   0.000000000000000000e+00 
  0.000000000000000000e+00   0.000000000000000000e+00 
  0.000000000000000000e+00   0.000000000000000000e+00 
  0.000000000000000000e+00   0.000000000000000000e+00 
  0.000000000000000000e+00   0.000000000000000000e+00 
  0.000000000000000000e+00   0.000000000000000000e+00 
  0.000000000000000000e+00   0.000000000000000000e+00 
  0.000000000000000000e+00   0.000000000000000000e+00 
  0.000000000000000000e+00   0.000000000000000000e+00 
  0.000000000000000000e+00   0.000000000000000000e+00 
  0.000000000000000000e+00   0.000000000000000000e+00 
  0.000000000000000000e+00   0.000000000000000000e+00 
  0.000000000000000000e+00   0.000000000000000000e+00 
  0.000000000000000000e+00   0.000000000000000000e+00 
  0.000000000000000000e+00   0.000000000000000000e+00 
  0.000000000000000000e+00   0.000000000000000000e+00 
  0.000000000000000000e+00   0.000000000000000000e+00 
  0.000000000000000000e+00   0.000000000000000000e+00 
  0.000000000000000000e+00   0.000000000000000000e+00 
  0.000000000000000000e+00   0.000000000000000000e+00 
  0.000000000000000000e+00   0.000000000000000000e+00 
  0.000000000000000000e+00   0.000000000000000000e+00 
  0.000000000000000000e+00   0.000000000000000000e+00 
  0.000000000000000000e+00   0.000000000000000000e+00 
  0.000000000000000000e+00   0.000000000000000000e+00 
  0.000000000000000000e+00   0.000000000000000000e+00 
  0.000000000000000000e+00   0.000000000000000000e+00 
  0.000000000000000000e+00   0.000000000000000000e+00 
 -1.223876257426194771e-03   0.000000000000000000e+00 
  6.448801723308259523e-04   0.000000000000000000e+00 
  2.717087976634567463e-03   0.000000000000000000e+00 
 -5.170797812753053424e-04   0.000000000000000000e+00 
 -1.906178891658701644e-03   0.000000000000000000e+00 
  1.708620926365167188e-03   0.000000000000000000e+00 
  2.893148339353503965e-04   0.000000000000000000e+00 
  5.262661259621401709e-03   0.000000000000000000e+00 
 -1.241266913712051057e-02   0.000000000000000000e+00 
  1.206765649840438673e-03   0.000000000000000000e+00 
  4.075418226420880231e-03   0.000000000000000000e+00 
  1.002865284681371538e-02   0.000000000000000000e+00 
 -9.272915776820021784e-04   0.000000000000000000e+00 
 -3.075625747442246784e-03   0.000000000000000000e+00 
  1.264033373445276956e-02   0.000000000000000000e+00 
  1.036096550524231996e-02   0.000000000000000000e+00 
  1.081697992049159354e-03   0.000000000000000000e+00 
  1.001929747872052842e-03   0.000000000000000000e+00 
 -1.506063621491202445e-03   0.000000000000000000e+00 
 -5.273972637951470548e-04   0.000000000000000000e+00 
  9.902726160362330336e-04   0.000000000000000000e+00 
 -5.165514885447909611e-04   0.000000000000000000e+00 
  7.341749733313904019e-04   0.000000000000000000e+00 
  1.272656954824924035e-03   0.000000000000000000e+00 
  9.690246079117055371e-04   0.000000000000000000e+00 
  3.012876026332404842e-03   0.000000000000000000e+00 
  5.202388856559992704e-03   0.000000000000000000e+00 
 -4.021124914288524066e-04   0.000000000000000000e+00 
 -7.687087054364384305e-04   0.000000000000000000e+00 
 -4.918930062558523643e-05   0.000000000000000000e+00 
  1.078166184015572505e-03   0.000000000000000000e+00 
 -1.216708566062167998e-03   0.000000000000000000e+00 
 -2.011747099459172336e-02   0.000000000000000000e+00 
  2.229102654382587347e-03   0.000000000000000000e+00 
 -1.239206409081817107e-03   0.000000000000000000e+00 
 -6.105552311055362225e-04   0.000000000000000000e+00 
 -9.357688017189502716e-03   0.000000000000000000e+00 
 -3.896834701299670828e-02   0.000000000000000000e+00 
  6.345651578158166203e-03   0.000000000000000000e+00 
  1.302874982357025146e-01   0.000000000000000000e+00 
 -8.860578760504686166e-03   0.000000000000000000e+00 
  7.222004700452091912e-03   0.000000000000000000e+00 
 -2.714412519708275795e-03   0.000000000000000000e+00 
 -3.955209851264954724e-01   0.000000000000000000e+00 
  7.965984344482420765e-01   0.000000000000000000e+00 
  2.490459084510803778e-01   0.000000000000000000e+00 
 -2.602776885032653809e-01   0.000000000000000000e+00 
  3.055098000913859715e-03   0.000000000000000000e+00 
 -7.343838922679424286e-03   0.000000000000000000e+00 
  1.369672099826856363e-04   0.000000000000000000e+00 
  2.927941270172595978e-03   0.000000000000000000e+00 
 -3.801735583692789511e-03   0.000000000000000000e+00 
 -2.330374717712402344e-01   0.000000000000000000e+00 
 -3.539397940039632623e-02   0.000000000000000000e+00 
 -8.078466053120794080e-04   0.000000000000000000e+00 
  5.849314038641749728e-04   0.000000000000000000e+00 
  2.884750254452229414e-03   0.000000000000000000e+00 
  1.693269982933998455e-02   0.000000000000000000e+00 
 -6.613374222069987388e-03   0.000000000000000000e+00 
 -6.373883807100352373e-04   0.000000000000000000e+00 
 -5.259982775896787643e-03   0.000000000000000000e+00 
 -3.371651517227291193e-03   0.000000000000000000e+00 
  1.443888293579220555e-03   0.000000000000000000e+00 
  3.494728123769165820e-03   0.000000000000000000e+00 
 -2.632731944322585713e-02   0.000000000000000000e+00 
 -6.055755540728559490e-03   0.000000000000000000e+00 
  2.649206726346164400e-04   0.000000000000000000e+00 
 -5.352049600332975388e-03   0.000000000000000000e+00 
  9.839118138188521982e-05   0.000000000000000000e+00 
  8.425842970609682264e-03   0.000000000000000000e+00 
  2.474140375852584145e-02   0.000000000000000000e+00 
  4.011348937638107215e-04   0.000000000000000000e+00 
 -2.753572305664420995e-03   0.000000000000000000e+00 
  4.366350173950195312e-02   0.000000000000000000e+00 
 -1.064702775329352293e-02   0.000000000000000000e+00 
 -1.363483490422368266e-03   0.000000000000000000e+00 
  0.000000000000000000e+00   0.000000000000000000e+00 
  0.000000000000000000e+00   0.000000000000000000e+00 
  0.000000000000000000e+00   0.000000000000000000e+00 
  0.000000000000000000e+00   0.000000000000000000e+00 
  0.000000000000000000e+00   0.000000000000000000e+00 
  0.000000000000000000e+00   0.000000000000000000e+00 
  0.000000000000000000e+00   0.000000000000000000e+00 
  0.000000000000000000e+00   0.000000000000000000e+00 
  0.000000000000000000e+00   0.000000000000000000e+00 
  0.000000000000000000e+00   0.000000000000000000e+00 
  0.000000000000000000e+00   0.000000000000000000e+00 
  0.000000000000000000e+00   0.000000000000000000e+00 
  0.000000000000000000e+00   0.000000000000000000e+00 
  0.000000000000000000e+00   0.000000000000000000e+00 
  0.000000000000000000e+00   0.000000000000000000e+00 
  0.000000000000000000e+00   0.000000000000000000e+00 
  0.000000000000000000e+00   0.000000000000000000e+00 
  0.000000000000000000e+00   0.000000000000000000e+00 
  0.000000000000000000e+00   0.000000000000000000e+00 
  0.000000000000000000e+00   0.000000000000000000e+00 
  0.000000000000000000e+00   0.000000000000000000e+00 
  0.000000000000000000e+00   0.000000000000000000e+00 
  0.000000000000000000e+00   0.000000000000000000e+00 
  0.000000000000000000e+00   0.000000000000000000e+00 
  0.000000000000000000e+00   0.000000000000000000e+00 
  0.000000000000000000e+00   0.000000000000000000e+00 
  0.000000000000000000e+00   0.000000000000000000e+00 
  0.000000000000000000e+00   0.000000000000000000e+00 
  0.000000000000000000e+00   0.000000000000000000e+00 
  0.000000000000000000e+00   0.000000000000000000e+00 
  0.000000000000000000e+00   0.000000000000000000e+00 
  0.000000000000000000e+00   0.000000000000000000e+00 
  0.000000000000000000e+00   0.000000000000000000e+00 
  0.000000000000000000e+00   0.000000000000000000e+00 
  0.000000000000000000e+00   0.000000000000000000e+00 
  0.000000000000000000e+00   0.000000000000000000e+00 
  0.000000000000000000e+00   0.000000000000000000e+00 
  0.000000000000000000e+00   0.000000000000000000e+00 
  0.000000000000000000e+00   0.000000000000000000e+00 
  0.000000000000000000e+00   0.000000000000000000e+00 
  0.000000000000000000e+00   0.000000000000000000e+00 
  0.000000000000000000e+00   0.000000000000000000e+00 
  0.000000000000000000e+00   0.000000000000000000e+00 
  0.000000000000000000e+00   0.000000000000000000e+00 
  0.000000000000000000e+00   0.000000000000000000e+00 
  0.000000000000000000e+00   0.000000000000000000e+00 
  0.000000000000000000e+00   0.000000000000000000e+00 
  0.000000000000000000e+00   0.000000000000000000e+00 
  0.000000000000000000e+00   0.000000000000000000e+00 
  0.000000000000000000e+00   0.000000000000000000e+00 
  0.000000000000000000e+00   0.000000000000000000e+00 
  0.000000000000000000e+00   0.000000000000000000e+00 
  0.000000000000000000e+00   0.000000000000000000e+00 
  0.000000000000000000e+00   0.000000000000000000e+00 
  0.000000000000000000e+00   0.000000000000000000e+00 
  0.000000000000000000e+00   0.000000000000000000e+00 
  0.000000000000000000e+00   0.000000000000000000e+00 
  0.000000000000000000e+00   0.000000000000000000e+00 
  0.000000000000000000e+00   0.000000000000000000e+00 
  0.000000000000000000e+00   0.000000000000000000e+00 
  0.000000000000000000e+00   0.000000000000000000e+00 
  0.000000000000000000e+00   0.000000000000000000e+00 
  0.000000000000000000e+00   0.000000000000000000e+00 
  0.000000000000000000e+00   0.000000000000000000e+00 
  0.000000000000000000e+00   0.000000000000000000e+00 
  0.000000000000000000e+00   0.000000000000000000e+00 
  0.000000000000000000e+00   0.000000000000000000e+00 
  0.000000000000000000e+00   0.000000000000000000e+00 
  0.000000000000000000e+00   0.000000000000000000e+00 
  0.000000000000000000e+00   0.000000000000000000e+00 
  0.000000000000000000e+00   0.000000000000000000e+00 
  0.000000000000000000e+00   0.000000000000000000e+00 
  0.000000000000000000e+00   0.000000000000000000e+00 
  0.000000000000000000e+00   0.000000000000000000e+00 
  0.000000000000000000e+00   0.000000000000000000e+00 
  0.000000000000000000e+00   0.000000000000000000e+00 
  4.570973105728215989e-03   0.000000000000000000e+00 
 -1.776021718978935612e-02   0.000000000000000000e+00 
  3.165317326784056889e-02   0.000000000000000000e+00 
  5.313632078469307865e-03   0.000000000000000000e+00 
 -6.455924012700202039e-04   0.000000000000000000e+00 
 -2.821840718388582761e-02   0.000000000000000000e+00 
 -7.798083126544914923e-02   0.000000000000000000e+00 
  9.187624091288630005e-04   0.000000000000000000e+00 
  3.001814766324276498e-04   0.000000000000000000e+00 
 -8.900454640388444361e-02   0.000000000000000000e+00 
 -1.015911460854027233e-03   0.000000000000000000e+00 
  7.472317083737712098e-04   0.000000000000000000e+00 
 -2.854480990208825802e-04   0.000000000000000000e+00 
 -1.917567278723857755e-04   0.000000000000000000e+00 
 -4.771456122398230748e-03   0.000000000000000000e+00 
  4.123469348996882874e-03   0.000000000000000000e+00 
 -3.287983592599884059e-03   0.000000000000000000e+00 
  4.523065686225859888e-02   0.000000000000000000e+00 
  8.969415212050083552e-04   0.000000000000000000e+00 
  1.740199280902743556e-03   0.000000000000000000e+00 
  6.260843575000761552e-02   0.000000000000000000e+00 
  3.230437287129461223e-04   0.000000000000000000e+00 
 -2.900914696510882812e-04   0.000000000000000000e+00 
 -6.117767770774667916e-05   0.000000000000000000e+00 
 -2.358538622502238100e-04   0.000000000000000000e+00 
 -1.733163371682166620e-03   0.000000000000000000e+00 
  1.437230268493294065e-03   0.000000000000000000e+00 
 -3.476837882772090653e-03   0.000000000000000000e+00 
  2.655949676409362012e-03   0.000000000000000000e+00 
  2.330564707517623346e-01   0.000000000000000000e+00 
 -1.151937320828436140e-01   0.000000000000000000e+00 
  1.094132196158170917e-03   0.000000000000000000e+00 
 -2.332629868760704994e-03   0.000000000000000000e+00 
  1.235582903027532958e-01   0.000000000000000000e+00 
  2.944899201393126331e-01   0.000000000000000000e+00 
 -1.798865385353565216e-03   0.000000000000000000e+00 
  5.609849467873571135e-04   0.000000000000000000e+00 
  1.247031148523092270e-03   0.000000000000000000e+00 
 -2.714775269851088524e-03   0.000000000000000000e+00 
 -1.280565047636627934e-03   0.000000000000000000e+00 
 -4.961266531608993354e-04   0.000000000000000000e+00 
 -1.338984817266463956e-01   0.000000000000000000e+00 
 -1.355793327093123557e-01   0.000000000000000000e+00 
  3.553515765815972848e-03   0.000000000000000000e+00 
 -1.787530258297920227e-03   0.000000000000000000e+00 
 -3.585939120966937866e-04   0.000000000000000000e+00 
 -3.434420330449938340e-03   0.000000000000000000e+00 
  6.142028793692590194e-02   0.000000000000000000e+00 
 -1.144142472185194492e-03   0.000000000000000000e+00 
 -1.043034251779317856e-03   0.000000000000000000e+00 
  1.545716375112532459e-01   0.000000000000000000e+00 
 -1.339322328567504883e-01   0.000000000000000000e+00 
 -1.951041980646550655e-03   0.000000000000000000e+00 
 -5.968196201138194039e-04   0.000000000000000000e+00 
 -9.934131987392904109e-03   0.000000000000000000e+00 
  8.591830730438232422e-03   0.000000000000000000e+00 
  5.216107144951822455e-02   0.000000000000000000e+00 
  7.270365022122855618e-04   0.000000000000000000e+00 
 -3.744167974218726158e-03   0.000000000000000000e+00 
  5.585827238974166189e-05   0.000000000000000000e+00 
 -9.019248536787927151e-04   0.000000000000000000e+00 
 -7.806558278389275074e-04   0.000000000000000000e+00 
 -9.120031609199943327e-04   0.000000000000000000e+00 
 -5.871226638555528121e-02   0.000000000000000000e+00 
 -3.267938503995537758e-03   0.000000000000000000e+00 
  3.950076643377541628e-03   0.000000000000000000e+00 
  4.315106198191642761e-03   0.000000000000000000e+00 
  3.063458018004893823e-03   0.000000000000000000e+00 
 -2.854244112968445379e-01   0.000000000000000000e+00 
  5.494148936122658037e-04   0.000000000000000000e+00 
 -1.473781769163906574e-03   0.000000000000000000e+00 
  2.535131946206091100e-02   0.000000000000000000e+00 
  8.443781733512871479e-02   0.000000000000000000e+00 
  1.395907369442284541e-03   0.000000000000000000e+00 
  3.188342787325382233e-03   0.000000000000000000e+00 
 -7.863803505897524193e-01   0.000000000000000000e+00 
  0.000000000000000000e+00   0.000000000000000000e+00 
  0.000000000000000000e+00   0.000000000000000000e+00 
  0.000000000000000000e+00   0.000000000000000000e+00 
  0.000000000000000000e+00   0.000000000000000000e+00 
  0.000000000000000000e+00   0.000000000000000000e+00 
  0.000000000000000000e+00   0.000000000000000000e+00 
  0.000000000000000000e+00   0.000000000000000000e+00 
  0.000000000000000000e+00   0.000000000000000000e+00 
  0.000000000000000000e+00   0.000000000000000000e+00 
  0.000000000000000000e+00   0.000000000000000000e+00 
  0.000000000000000000e+00   0.000000000000000000e+00 
  0.000000000000000000e+00   0.000000000000000000e+00 
  0.000000000000000000e+00   0.000000000000000000e+00 
  0.000000000000000000e+00   0.000000000000000000e+00 
  0.000000000000000000e+00   0.000000000000000000e+00 
  0.000000000000000000e+00   0.000000000000000000e+00 
  0.000000000000000000e+00   0.000000000000000000e+00 
  0.000000000000000000e+00   0.000000000000000000e+00 
  0.000000000000000000e+00   0.000000000000000000e+00 
  0.000000000000000000e+00   0.000000000000000000e+00 
  0.000000000000000000e+00   0.000000000000000000e+00 
  0.000000000000000000e+00   0.000000000000000000e+00 
  0.000000000000000000e+00   0.000000000000000000e+00 
  0.000000000000000000e+00   0.000000000000000000e+00 
  0.000000000000000000e+00   0.000000000000000000e+00 
  0.000000000000000000e+00   0.000000000000000000e+00 
  0.000000000000000000e+00   0.000000000000000000e+00 
  0.000000000000000000e+00   0.000000000000000000e+00 
  0.000000000000000000e+00   0.000000000000000000e+00 
  0.000000000000000000e+00   0.000000000000000000e+00 
  0.000000000000000000e+00   0.000000000000000000e+00 
  0.000000000000000000e+00   0.000000000000000000e+00 
  0.000000000000000000e+00   0.000000000000000000e+00 
  0.000000000000000000e+00   0.000000000000000000e+00 
  0.000000000000000000e+00   0.000000000000000000e+00 
  0.000000000000000000e+00   0.000000000000000000e+00 
  0.000000000000000000e+00   0.000000000000000000e+00 
  0.000000000000000000e+00   0.000000000000000000e+00 
  0.000000000000000000e+00   0.000000000000000000e+00 
  0.000000000000000000e+00   0.000000000000000000e+00 
  0.000000000000000000e+00   0.000000000000000000e+00 
  0.000000000000000000e+00   0.000000000000000000e+00 
  0.000000000000000000e+00   0.000000000000000000e+00 
  0.000000000000000000e+00   0.000000000000000000e+00 
  0.000000000000000000e+00   0.000000000000000000e+00 
  0.000000000000000000e+00   0.000000000000000000e+00 
  0.000000000000000000e+00   0.000000000000000000e+00 
  0.000000000000000000e+00   0.000000000000000000e+00 
  0.000000000000000000e+00   0.000000000000000000e+00 
  0.000000000000000000e+00   0.000000000000000000e+00 
  0.000000000000000000e+00   0.000000000000000000e+00 
  0.000000000000000000e+00   0.000000000000000000e+00 
  0.000000000000000000e+00   0.000000000000000000e+00 
  0.000000000000000000e+00   0.000000000000000000e+00 
  0.000000000000000000e+00   0.000000000000000000e+00 
  0.000000000000000000e+00   0.000000000000000000e+00 
  0.000000000000000000e+00   0.000000000000000000e+00 
  0.000000000000000000e+00   0.000000000000000000e+00 
  0.000000000000000000e+00   0.000000000000000000e+00 
  0.000000000000000000e+00   0.000000000000000000e+00 
  0.000000000000000000e+00   0.000000000000000000e+00 
  0.000000000000000000e+00   0.000000000000000000e+00 
  0.000000000000000000e+00   0.000000000000000000e+00 
  0.000000000000000000e+00   0.000000000000000000e+00 
  0.000000000000000000e+00   0.000000000000000000e+00 
  0.000000000000000000e+00   0.000000000000000000e+00 
  0.000000000000000000e+00   0.000000000000000000e+00 
  0.000000000000000000e+00   0.000000000000000000e+00 
  0.000000000000000000e+00   0.000000000000000000e+00 
  0.000000000000000000e+00   0.000000000000000000e+00 
  0.000000000000000000e+00   0.000000000000000000e+00 
  0.000000000000000000e+00   0.000000000000000000e+00 
  0.000000000000000000e+00   0.000000000000000000e+00 
  0.000000000000000000e+00   0.000000000000000000e+00 
  0.000000000000000000e+00   0.000000000000000000e+00 
  0.000000000000000000e+00   0.000000000000000000e+00 
 -1.607961021363815159e-04   0.000000000000000000e+00 
 -4.526997799985104797e-04   0.000000000000000000e+00 
  2.291530836373557607e-03   0.000000000000000000e+00 
  4.857271909714105072e-03   0.000000000000000000e+00 
  1.860015676357203987e-03   0.000000000000000000e+00 
 -2.410864690318686846e-04   0.000000000000000000e+00 
 -3.087875084020164323e-04   0.000000000000000000e+00 
  4.479670897126148375e-03   0.000000000000000000e+00 
  2.906659618019997830e-03   0.000000000000000000e+00 
 -1.000866526737812217e-03   0.000000000000000000e+00 
  1.866815425455597977e-02   0.000000000000000000e+00 
 -1.151172071695374076e-02   0.000000000000000000e+00 
  2.179825678467694604e-03   0.000000000000000000e+00 
 -6.876444094811608437e-04   0.000000000000000000e+00 
 -4.533277079463005760e-02   0.000000000000000000e+00 
  5.744896829128275789e-02   0.000000000000000000e+00 
  8.124816813506184924e-04   0.000000000000000000e+00 
 -6.258521807466182686e-06   0.000000000000000000e+00 
 -1.598858740180760310e-03   0.000000000000000000e+00 
 -5.669379141181666616e-03   0.000000000000000000e+00 
  4.892918241238619962e-06   0.000000000000000000e+00 
 -6.493751425296072528e-04   0.000000000000000000e+00 
 -1.006823949865058874e-04   0.000000000000000000e+00 
 -1.143258268712087924e-04   0.000000000000000000e+00 
  1.971395104192197052e-04   0.000000000000000000e+00 
  4.563875123858447680e-02   0.000000000000000000e+00 
 -1.032718643546106513e-02   0.000000000000000000e+00 
 -9.936749702319504999e-04   0.000000000000000000e+00 
  4.421476915013050494e-04   0.000000000000000000e+00 
  1.481252023950219588e-03   0.000000000000000000e+00 
  2.216144057456406410e-04   0.000000000000000000e+00 
  1.484329719096423236e-02   0.000000000000000000e+00 
 -3.508354537188980351e-03   0.000000000000000000e+00 
 -1.187308924272656224e-03   0.000000000000000000e+00 
 -6.013934580550930350e-06   0.000000000000000000e+00 
  3.299611154943704605e-03   0.000000000000000000e+00 
 -2.386346692219376564e-03   0.000000000000000000e+00 
 -4.373881593346591601e-02   0.000000000000000000e+00 
 -2.292943298816681463e-01   0.000000000000000000e+00 
  9.957255795598026621e-03   0.000000000000000000e+00 
  4.821104183793068626e-02   0.000000000000000000e+00 
 -4.362228792160752688e-04   0.000000000000000000e+00 
  4.621161206159739602e-04   0.000000000000000000e+00 
  2.830700278282164972e-01   0.000000000000000000e+00 
  1.289853900671005527e-01   0.000000000000000000e+00 
 -6.126002073287964977e-01   0.000000000000000000e+00 
 -5.799176692962646484e-01   0.000000000000000000e+00 
 -3.326834994368255680e-04   0.000000000000000000e+00 
 -1.390530378557741642e-03   0.000000000000000000e+00 
 -2.002309542149304476e-03   0.000000000000000000e+00 
  8.657751459395522425e-05   0.000000000000000000e+00 
 -1.102878013625738972e-04   0.000000000000000000e+00 
 -9.442052803933663821e-03   0.000000000000000000e+00 
  5.837376788258545612e-02   0.000000000000000000e+00 
  1.520624035038054423e-03   0.000000000000000000e+00 
 -9.017661795951424945e-04   0.000000000000000000e+00 
  1.920511946082115824e-03   0.000000000000000000e+00 
  4.313705861568451622e-02   0.000000000000000000e+00 
  7.497246563434604993e-02   0.000000000000000000e+00 
 -1.182898879051208713e-03   0.000000000000000000e+00 
  2.777287038043141365e-03   0.000000000000000000e+00 
  1.931970706209539933e-03   0.000000000000000000e+00 
 -2.075841766782103072e-04   0.000000000000000000e+00 
  1.338677713647485213e-03   0.000000000000000000e+00 
  2.018013503402490624e-03   0.000000000000000000e+00 
 -1.091757044196128984e-01   0.000000000000000000e+00 
 -1.302984892390668392e-03   0.000000000000000000e+00 
 -2.588408300653100014e-03   0.000000000000000000e+00 
 -9.330264292657375336e-04   0.000000000000000000e+00 
 -2.239991277456283569e-01   0.000000000000000000e+00 
  6.544052809476852417e-02   0.000000000000000000e+00 
  2.955522213596852260e-04   0.000000000000000000e+00 
 -3.548321910784562873e-05   0.000000000000000000e+00 
 -5.502407252788545089e-02   0.000000000000000000e+00 
 -2.164392471313476562e-01   0.000000000000000000e+00 
  1.623880816623568969e-03   0.000000000000000000e+00 
  0.000000000000000000e+00   0.000000000000000000e+00 
  0.000000000000000000e+00   0.000000000000000000e+00 
  0.000000000000000000e+00   0.000000000000000000e+00 
  0.000000000000000000e+00   0.000000000000000000e+00 
  0.000000000000000000e+00   0.000000000000000000e+00 
  0.000000000000000000e+00   0.000000000000000000e+00 
  0.000000000000000000e+00   0.000000000000000000e+00 
  0.000000000000000000e+00   0.000000000000000000e+00 
  0.000000000000000000e+00   0.000000000000000000e+00 
  0.000000000000000000e+00   0.000000000000000000e+00 
  0.000000000000000000e+00   0.000000000000000000e+00 
  0.000000000000000000e+00   0.000000000000000000e+00 
  0.000000000000000000e+00   0.000000000000000000e+00 
  0.000000000000000000e+00   0.000000000000000000e+00 
  0.000000000000000000e+00   0.000000000000000000e+00 
  0.000000000000000000e+00   0.000000000000000000e+00 
  0.000000000000000000e+00   0.000000000000000000e+00 
  0.000000000000000000e+00   0.000000000000000000e+00 
  0.000000000000000000e+00   0.000000000000000000e+00 
  0.000000000000000000e+00   0.000000000000000000e+00 
  0.000000000000000000e+00   0.000000000000000000e+00 
  0.000000000000000000e+00   0.000000000000000000e+00 
  0.000000000000000000e+00   0.000000000000000000e+00 
  0.000000000000000000e+00   0.000000000000000000e+00 
  0.000000000000000000e+00   0.000000000000000000e+00 
  0.000000000000000000e+00   0.000000000000000000e+00 
  0.000000000000000000e+00   0.000000000000000000e+00 
  0.000000000000000000e+00   0.000000000000000000e+00 
  0.000000000000000000e+00   0.000000000000000000e+00 
  0.000000000000000000e+00   0.000000000000000000e+00 
  0.000000000000000000e+00   0.000000000000000000e+00 
  0.000000000000000000e+00   0.000000000000000000e+00 
  0.000000000000000000e+00   0.000000000000000000e+00 
  0.000000000000000000e+00   0.000000000000000000e+00 
  0.000000000000000000e+00   0.000000000000000000e+00 
  0.000000000000000000e+00   0.000000000000000000e+00 
  0.000000000000000000e+00   0.000000000000000000e+00 
  0.000000000000000000e+00   0.000000000000000000e+00 
  0.000000000000000000e+00   0.000000000000000000e+00 
  0.000000000000000000e+00   0.000000000000000000e+00 
  0.000000000000000000e+00   0.000000000000000000e+00 
  0.000000000000000000e+00   0.000000000000000000e+00 
  0.000000000000000000e+00   0.000000000000000000e+00 
  0.000000000000000000e+00   0.000000000000000000e+00 
  0.000000000000000000e+00   0.000000000000000000e+00 
  0.000000000000000000e+00   0.000000000000000000e+00 
  0.000000000000000000e+00   0.000000000000000000e+00 
  0.000000000000000000e+00   0.000000000000000000e+00 
  0.000000000000000000e+00   0.000000000000000000e+00 
  0.000000000000000000e+00   0.000000000000000000e+00 
  0.000000000000000000e+00   0.000000000000000000e+00 
  0.000000000000000000e+00   0.000000000000000000e+00 
  0.000000000000000000e+00   0.000000000000000000e+00 
  0.000000000000000000e+00   0.000000000000000000e+00 
  0.000000000000000000e+00   0.000000000000000000e+00 
  0.000000000000000000e+00   0.000000000000000000e+00 
  0.000000000000000000e+00   0.000000000000000000e+00 
  0.000000000000000000e+00   0.000000000000000000e+00 
  0.000000000000000000e+00   0.000000000000000000e+00 
  0.000000000000000000e+00   0.000000000000000000e+00 
  0.000000000000000000e+00   0.000000000000000000e+00 
  0.000000000000000000e+00   0.000000000000000000e+00 
  0.000000000000000000e+00   0.000000000000000000e+00 
  0.000000000000000000e+00   0.000000000000000000e+00 
  0.000000000000000000e+00   0.000000000000000000e+00 
  0.000000000000000000e+00   0.000000000000000000e+00 
  0.000000000000000000e+00   0.000000000000000000e+00 
  0.000000000000000000e+00   0.000000000000000000e+00 
  0.000000000000000000e+00   0.000000000000000000e+00 
  0.000000000000000000e+00   0.000000000000000000e+00 
  0.000000000000000000e+00   0.000000000000000000e+00 
  0.000000000000000000e+00   0.000000000000000000e+00 
  0.000000000000000000e+00   0.000000000000000000e+00 
  0.000000000000000000e+00   0.000000000000000000e+00 
  0.000000000000000000e+00   0.000000000000000000e+00 
  0.000000000000000000e+00   0.000000000000000000e+00 
  3.549322136677673673e-04   0.000000000000000000e+00 
  2.225786738564085551e-05   0.000000000000000000e+00 
  1.358174602501116676e-03   0.000000000000000000e+00 
 -1.892931060865726128e-03   0.000000000000000000e+00 
  3.498039674013850905e-03   0.000000000000000000e+00 
  1.445846632122989783e-03   0.000000000000000000e+00 
  2.174554625526010313e-03   0.000000000000000000e+00 
 -1.223136321641141340e-03   0.000000000000000000e+00 
  5.638022907078303440e-03   0.000000000000000000e+00 
  6.109411478973961977e-04   0.000000000000000000e+00 
 -5.185746587813100036e-03   0.000000000000000000e+00 
 -2.161283232271668867e-02   0.000000000000000000e+00 
  9.338693926111263756e-04   0.000000000000000000e+00 
 -1.666208961978646015e-03   0.000000000000000000e+00 
  5.242990329861639542e-02   0.000000000000000000e+00 
  4.504752531647689823e-02   0.000000000000000000e+00 
 -1.807324588298799125e-03   0.000000000000000000e+00 
  9.557750890962758922e-04   0.000000000000000000e+00 
  5.532512906938799949e-03   0.000000000000000000e+00 
  1.477078069001442956e-03   0.000000000000000000e+00 
  3.688723954837757344e-04   0.000000000000000000e+00 
  7.714593812124842965e-05   0.000000000000000000e+00 
  1.149724121205508058e-03   0.000000000000000000e+00 
 -2.787819539662446757e-04   0.000000000000000000e+00 
  4.601539112627510593e-04   0.000000000000000000e+00 
  9.277472272515295201e-03   0.000000000000000000e+00 
  4.997484013438224792e-02   0.000000000000000000e+00 
 -1.033489475958049080e-03   0.000000000000000000e+00 
 -2.230616286396980286e-03   0.000000000000000000e+00 
 -2.248863456770778136e-03   0.000000000000000000e+00 
  3.494334639981387311e-03   0.000000000000000000e+00 
 -7.128083147108579994e-03   0.000000000000000000e+00 
 -1.547983754426237625e-02   0.000000000000000000e+00 
  3.347927704453469190e-03   0.000000000000000000e+00 
  6.259987276280325934e-05   0.000000000000000000e+00 
  1.237374148331582546e-03   0.000000000000000000e+00 
 -2.988283522427082062e-03   0.000000000000000000e+00 
 -2.367832660675049938e-01   0.000000000000000000e+00 
  3.531677648425109867e-02   0.000000000000000000e+00 
 -4.543235525488850679e-02   0.000000000000000000e+00 
  8.887575007975132696e-03   0.000000000000000000e+00 
  1.223711878992616913e-03   0.000000000000000000e+00 
 -6.253301980905231561e-04   0.000000000000000000e+00 
 -1.417825371026992243e-01   0.000000000000000000e+00 
  2.755152285099029541e-01   0.000000000000000000e+00 
 -5.756559371948243298e-01   0.000000000000000000e+00 
  6.171925663948057972e-01   0.000000000000000000e+00 
  2.278204337926582586e-04   0.000000000000000000e+00 
 -1.867837854661047025e-03   0.000000000000000000e+00 
 -7.141619571484623171e-04   0.000000000000000000e+00 
  1.847140993049864078e-05   0.000000000000000000e+00 
 -2.020546671701595187e-04   0.000000000000000000e+00 
 -6.435004621744151720e-02   0.000000000000000000e+00 
 -1.216372940689319782e-02   0.000000000000000000e+00 
 -1.264240592718124606e-03   0.000000000000000000e+00 
 -3.231398528441786766e-03   0.000000000000000000e+00 
  1.885209494503217395e-04   0.000000000000000000e+00 
  7.426209747791293059e-02   0.000000000000000000e+00 
 -3.538219258189204824e-02   0.000000000000000000e+00 
  1.961187226697802544e-03   0.000000000000000000e+00 
  1.953286351636052132e-03   0.000000000000000000e+00 
 -1.099460991099476597e-03   0.000000000000000000e+00 
  6.722572143189606882e-04   0.000000000000000000e+00 
  5.749370902776723561e-04   0.000000000000000000e+00 
 -1.023297980427742143e-01   0.000000000000000000e+00 
 -8.978711441159218862e-03   0.000000000000000000e+00 
  8.049939788179466668e-05   0.000000000000000000e+00 
 -2.090744907036423249e-03   0.000000000000000000e+00 
 -7.613192428834737431e-04   0.000000000000000000e+00 
 -7.493953406810760498e-02   0.000000000000000000e+00 
 -2.231052666902542114e-01   0.000000000000000000e+00 
  3.198511432856322202e-03   0.000000000000000000e+00 
 -9.410245693288748917e-04   0.000000000000000000e+00 
  2.095528841018677590e-01   0.000000000000000000e+00 
 -4.736717045307159424e-02   0.000000000000000000e+00 
 -2.374056959524750710e-03   0.000000000000000000e+00 
  0.000000000000000000e+00   0.000000000000000000e+00 
  0.000000000000000000e+00   0.000000000000000000e+00 
  0.000000000000000000e+00   0.000000000000000000e+00 
  0.000000000000000000e+00   0.000000000000000000e+00 
  0.000000000000000000e+00   0.000000000000000000e+00 
  0.000000000000000000e+00   0.000000000000000000e+00 
  0.000000000000000000e+00   0.000000000000000000e+00 
  0.000000000000000000e+00   0.000000000000000000e+00 
  0.000000000000000000e+00   0.000000000000000000e+00 
  0.000000000000000000e+00   0.000000000000000000e+00 
  0.000000000000000000e+00   0.000000000000000000e+00 
  0.000000000000000000e+00   0.000000000000000000e+00 
  0.000000000000000000e+00   0.000000000000000000e+00 
  0.000000000000000000e+00   0.000000000000000000e+00 
  0.000000000000000000e+00   0.000000000000000000e+00 
  0.000000000000000000e+00   0.000000000000000000e+00 
  0.000000000000000000e+00   0.000000000000000000e+00 
  0.000000000000000000e+00   0.000000000000000000e+00 
  0.000000000000000000e+00   0.000000000000000000e+00 
  0.000000000000000000e+00   0.000000000000000000e+00 
  0.000000000000000000e+00   0.000000000000000000e+00 
  0.000000000000000000e+00   0.000000000000000000e+00 
  0.000000000000000000e+00   0.000000000000000000e+00 
  0.000000000000000000e+00   0.000000000000000000e+00 
  0.000000000000000000e+00   0.000000000000000000e+00 
  0.000000000000000000e+00   0.000000000000000000e+00 
  0.000000000000000000e+00   0.000000000000000000e+00 
  0.000000000000000000e+00   0.000000000000000000e+00 
  0.000000000000000000e+00   0.000000000000000000e+00 
  0.000000000000000000e+00   0.000000000000000000e+00 
  0.000000000000000000e+00   0.000000000000000000e+00 
  0.000000000000000000e+00   0.000000000000000000e+00 
  0.000000000000000000e+00   0.000000000000000000e+00 
  0.000000000000000000e+00   0.000000000000000000e+00 
  0.000000000000000000e+00   0.000000000000000000e+00 
  0.000000000000000000e+00   0.000000000000000000e+00 
  0.000000000000000000e+00   0.000000000000000000e+00 
  0.000000000000000000e+00   0.000000000000000000e+00 
  0.000000000000000000e+00   0.000000000000000000e+00 
  0.000000000000000000e+00   0.000000000000000000e+00 
  0.000000000000000000e+00   0.000000000000000000e+00 
  0.000000000000000000e+00   0.000000000000000000e+00 
  0.000000000000000000e+00   0.000000000000000000e+00 
  0.000000000000000000e+00   0.000000000000000000e+00 
  0.000000000000000000e+00   0.000000000000000000e+00 
  0.000000000000000000e+00   0.000000000000000000e+00 
  0.000000000000000000e+00   0.000000000000000000e+00 
  0.000000000000000000e+00   0.000000000000000000e+00 
  0.000000000000000000e+00   0.000000000000000000e+00 
  0.000000000000000000e+00   0.000000000000000000e+00 
  0.000000000000000000e+00   0.000000000000000000e+00 
  0.000000000000000000e+00   0.000000000000000000e+00 
  0.000000000000000000e+00   0.000000000000000000e+00 
  0.000000000000000000e+00   0.000000000000000000e+00 
  0.000000000000000000e+00   0.000000000000000000e+00 
  0.000000000000000000e+00   0.000000000000000000e+00 
  0.000000000000000000e+00   0.000000000000000000e+00 
  0.000000000000000000e+00   0.000000000000000000e+00 
  0.000000000000000000e+00   0.000000000000000000e+00 
  0.000000000000000000e+00   0.000000000000000000e+00 
  0.000000000000000000e+00   0.000000000000000000e+00 
  0.000000000000000000e+00   0.000000000000000000e+00 
  0.000000000000000000e+00   0.000000000000000000e+00 
  0.000000000000000000e+00   0.000000000000000000e+00 
  0.000000000000000000e+00   0.000000000000000000e+00 
  0.000000000000000000e+00   0.000000000000000000e+00 
  0.000000000000000000e+00   0.000000000000000000e+00 
  0.000000000000000000e+00   0.000000000000000000e+00 
  0.000000000000000000e+00   0.000000000000000000e+00 
  0.000000000000000000e+00   0.000000000000000000e+00 
  0.000000000000000000e+00   0.000000000000000000e+00 
  0.000000000000000000e+00   0.000000000000000000e+00 
  0.000000000000000000e+00   0.000000000000000000e+00 
  0.000000000000000000e+00   0.000000000000000000e+00 
  0.000000000000000000e+00   0.000000000000000000e+00 
  0.000000000000000000e+00   0.000000000000000000e+00 
  1.967489486560222885e-03   0.000000000000000000e+00 
 -6.449409993363786108e-04   0.000000000000000000e+00 
 -7.183546549640607839e-04   0.000000000000000000e+00 
 -6.420922582037673181e-04   0.000000000000000000e+00 
  5.275912699290106729e-04   0.000000000000000000e+00 
 -9.076701826415975536e-04   0.000000000000000000e+00 
  4.141735553275833364e-04   0.000000000000000000e+00 
  4.455092828720771600e-03   0.000000000000000000e+00 
  2.145638456568284107e-03   0.000000000000000000e+00 
 -8.904360001906738492e-04   0.000000000000000000e+00 
 -8.283544593729940482e-05   0.000000000000000000e+00 
  1.377811189740941761e-03   0.000000000000000000e+00 
 -2.886433154344568430e-02   0.000000000000000000e+00 
  1.413552835583679369e-02   0.000000000000000000e+00 
  2.560292195994948498e-04   0.000000000000000000e+00 
 -4.471857391763163015e-04   0.000000000000000000e+00 
 -5.466997972689580923e-04   0.000000000000000000e+00 
 -7.987726712599377190e-04   0.000000000000000000e+00 
 -4.003830545116215944e-04   0.000000000000000000e+00 
 -6.347661255858838558e-04   0.000000000000000000e+00 
 -4.551898164208991425e-04   0.000000000000000000e+00 
  1.057655666954817556e-03   0.000000000000000000e+00 
  1.340312883257861298e-04   0.000000000000000000e+00 
 -9.647554252296685088e-04   0.000000000000000000e+00 
 -2.968775806948543137e-04   0.000000000000000000e+00 
 -4.568826407194135947e-04   0.000000000000000000e+00 
 -9.491046657785772193e-04   0.000000000000000000e+00 
 -4.153891466557975247e-03   0.000000000000000000e+00 
  1.292276382446286287e-02   0.000000000000000000e+00 
 -5.722360219806426219e-04   0.000000000000000000e+00 
 -6.198380287969498478e-05   0.000000000000000000e+00 
  5.675715859979391098e-03   0.000000000000000000e+00 
 -3.051246749237181057e-03   0.000000000000000000e+00 
 -1.480677630752325058e-03   0.000000000000000000e+00 
  1.101582893170416572e-03   0.000000000000000000e+00 
 -2.443826347589493075e-01   0.000000000000000000e+00 
  6.341159343719483810e-02   0.000000000000000000e+00 
  1.928332378156483607e-03   0.000000000000000000e+00 
  2.619201783090831150e-03   0.000000000000000000e+00 
  9.457867708988485552e-04   0.000000000000000000e+00 
  1.522389811725645436e-05   0.000000000000000000e+00 
 -2.821962349116803083e-03   0.000000000000000000e+00 
  1.119643566198646589e-03   0.000000000000000000e+00 
  1.319699804298579476e-03   0.000000000000000000e+00 
  1.203398569487035058e-03   0.000000000000000000e+00 
 -2.283144742250442505e-03   0.000000000000000000e+00 
 -9.210168500430880893e-04   0.000000000000000000e+00 
 -1.194326207041741285e-03   0.000000000000000000e+00 
 -2.188591659069061002e-01   0.000000000000000000e+00 
 -8.936600089073178932e-01   0.000000000000000000e+00 
 -1.168453251011669636e-03   0.000000000000000000e+00 
  1.920853508636355400e-03   0.000000000000000000e+00 
 -1.085829804651438973e-03   0.000000000000000000e+00 
  6.909516523592176222e-04   0.000000000000000000e+00 
  7.616054266691207886e-02   0.000000000000000000e+00 
 -1.839380711317062725e-02   0.000000000000000000e+00 
  2.716785762459040989e-03   0.000000000000000000e+00 
  4.715394170489162749e-04   0.000000000000000000e+00 
 -1.027439720928669193e-03   0.000000000000000000e+00 
 -1.281027449294924953e-03   0.000000000000000000e+00 
  3.011316293850541115e-03   0.000000000000000000e+00 
  2.333235606783996656e-04   0.000000000000000000e+00 
  6.659168284386395541e-03   0.000000000000000000e+00 
  2.512529026716948423e-03   0.000000000000000000e+00 
  3.053426626138391279e-04   0.000000000000000000e+00 
  6.977514713071286678e-04   0.000000000000000000e+00 
  2.753653526306152899e-01   0.000000000000000000e+00 
  7.499190419912339645e-02   0.000000000000000000e+00 
 -1.206044224090874195e-03   0.000000000000000000e+00 
 -1.530221081338823058e-03   0.000000000000000000e+00 
  8.675564895384012569e-04   0.000000000000000000e+00 
  1.686224859440697864e-04   0.000000000000000000e+00 
  1.229573506861925559e-03   0.000000000000000000e+00 
  9.761952678672973678e-04   0.000000000000000000e+00 
  3.188413102179766135e-03   0.000000000000000000e+00 
 -4.802441690117120201e-04   0.000000000000000000e+00 
  0.000000000000000000e+00   0.000000000000000000e+00 
  0.000000000000000000e+00   0.000000000000000000e+00 
  0.000000000000000000e+00   0.000000000000000000e+00 
  0.000000000000000000e+00   0.000000000000000000e+00 
  0.000000000000000000e+00   0.000000000000000000e+00 
  0.000000000000000000e+00   0.000000000000000000e+00 
  0.000000000000000000e+00   0.000000000000000000e+00 
  0.000000000000000000e+00   0.000000000000000000e+00 
  0.000000000000000000e+00   0.000000000000000000e+00 
  0.000000000000000000e+00   0.000000000000000000e+00 
  0.000000000000000000e+00   0.000000000000000000e+00 
  0.000000000000000000e+00   0.000000000000000000e+00 
  0.000000000000000000e+00   0.000000000000000000e+00 
  0.000000000000000000e+00   0.000000000000000000e+00 
  0.000000000000000000e+00   0.000000000000000000e+00 
  0.000000000000000000e+00   0.000000000000000000e+00 
  0.000000000000000000e+00   0.000000000000000000e+00 
  0.000000000000000000e+00   0.000000000000000000e+00 
  0.000000000000000000e+00   0.000000000000000000e+00 
  0.000000000000000000e+00   0.000000000000000000e+00 
  0.000000000000000000e+00   0.000000000000000000e+00 
  0.000000000000000000e+00   0.000000000000000000e+00 
  0.000000000000000000e+00   0.000000000000000000e+00 
  0.000000000000000000e+00   0.000000000000000000e+00 
  0.000000000000000000e+00   0.000000000000000000e+00 
  0.000000000000000000e+00   0.000000000000000000e+00 
  0.000000000000000000e+00   0.000000000000000000e+00 
  0.000000000000000000e+00   0.000000000000000000e+00 
  0.000000000000000000e+00   0.000000000000000000e+00 
  0.000000000000000000e+00   0.000000000000000000e+00 
  0.000000000000000000e+00   0.000000000000000000e+00 
  0.000000000000000000e+00   0.000000000000000000e+00 
  0.000000000000000000e+00   0.000000000000000000e+00 
  0.000000000000000000e+00   0.000000000000000000e+00 
  0.000000000000000000e+00   0.000000000000000000e+00 
  0.000000000000000000e+00   0.000000000000000000e+00 
  0.000000000000000000e+00   0.000000000000000000e+00 
  0.000000000000000000e+00   0.000000000000000000e+00 
  0.000000000000000000e+00   0.000000000000000000e+00 
  0.000000000000000000e+00   0.000000000000000000e+00 
  0.000000000000000000e+00   0.000000000000000000e+00 
  0.000000000000000000e+00   0.000000000000000000e+00 
  0.000000000000000000e+00   0.000000000000000000e+00 
  0.000000000000000000e+00   0.000000000000000000e+00 
  0.000000000000000000e+00   0.000000000000000000e+00 
  0.000000000000000000e+00   0.000000000000000000e+00 
  0.000000000000000000e+00   0.000000000000000000e+00 
  0.000000000000000000e+00   0.000000000000000000e+00 
  0.000000000000000000e+00   0.000000000000000000e+00 
  0.000000000000000000e+00   0.000000000000000000e+00 
  0.000000000000000000e+00   0.000000000000000000e+00 
  0.000000000000000000e+00   0.000000000000000000e+00 
  0.000000000000000000e+00   0.000000000000000000e+00 
  0.000000000000000000e+00   0.000000000000000000e+00 
  0.000000000000000000e+00   0.000000000000000000e+00 
  0.000000000000000000e+00   0.000000000000000000e+00 
  0.000000000000000000e+00   0.000000000000000000e+00 
  0.000000000000000000e+00   0.000000000000000000e+00 
  0.000000000000000000e+00   0.000000000000000000e+00 
  0.000000000000000000e+00   0.000000000000000000e+00 
  0.000000000000000000e+00   0.000000000000000000e+00 
  0.000000000000000000e+00   0.000000000000000000e+00 
  0.000000000000000000e+00   0.000000000000000000e+00 
  0.000000000000000000e+00   0.000000000000000000e+00 
  0.000000000000000000e+00   0.000000000000000000e+00 
  0.000000000000000000e+00   0.000000000000000000e+00 
  0.000000000000000000e+00   0.000000000000000000e+00 
  0.000000000000000000e+00   0.000000000000000000e+00 
  0.000000000000000000e+00   0.000000000000000000e+00 
  0.000000000000000000e+00   0.000000000000000000e+00 
  0.000000000000000000e+00   0.000000000000000000e+00 
  0.000000000000000000e+00   0.000000000000000000e+00 
  0.000000000000000000e+00   0.000000000000000000e+00 
  0.000000000000000000e+00   0.000000000000000000e+00 
  0.000000000000000000e+00   0.000000000000000000e+00 
  0.000000000000000000e+00   0.000000000000000000e+00 
 -1.172429299913343298e-03   0.000000000000000000e+00 
  9.013838134699651752e-04   0.000000000000000000e+00 
  8.764195372350509598e-04   0.000000000000000000e+00 
  2.264465874755387494e-04   0.000000000000000000e+00 
  7.579764933325519420e-04   0.000000000000000000e+00 
  8.968201582320030167e-04   0.000000000000000000e+00 
  1.013953005894937127e-04   0.000000000000000000e+00 
  3.937870264053319573e-03   0.000000000000000000e+00 
 -5.273888818919633507e-03   0.000000000000000000e+00 
  1.114993356168269677e-03   0.000000000000000000e+00 
 -2.478268834240960244e-05   0.000000000000000000e+00 
  3.696196654348427664e-04   0.000000000000000000e+00 
 -1.189595274627208189e-02   0.000000000000000000e+00 
 -2.957612089812768075e-02   0.000000000000000000e+00 
  4.378218000067289752e-05   0.000000000000000000e+00 
  4.055608587804729629e-04   0.000000000000000000e+00 
  6.605400121770795907e-04   0.000000000000000000e+00 
  7.339618168771266937e-04   0.000000000000000000e+00 
 -8.267536759376526963e-04   0.000000000000000000e+00 
  3.913641266990464389e-04   0.000000000000000000e+00 
  2.153490822820545636e-05   0.000000000000000000e+00 
 -3.900753508787605981e-04   0.000000000000000000e+00 
  6.738982046954321856e-04   0.000000000000000000e+00 
  6.986681255511936273e-04   0.000000000000000000e+00 
 -7.997562643140559849e-04   0.000000000000000000e+00 
 -6.080075399950151012e-04   0.000000000000000000e+00 
 -1.784522755770016531e-04   0.000000000000000000e+00 
  1.672939769923685246e-02   0.000000000000000000e+00 
  2.268091542646281499e-03   0.000000000000000000e+00 
  9.466060437262060426e-04   0.000000000000000000e+00 
  1.735996629577128724e-04   0.000000000000000000e+00 
  6.200381554663180438e-03   0.000000000000000000e+00 
  8.037628605961801356e-03   0.000000000000000000e+00 
 -8.191767847165447737e-05   0.000000000000000000e+00 
 -1.113928621634840965e-03   0.000000000000000000e+00 
 -5.834593251347542503e-02   0.000000000000000000e+00 
 -2.448048442602158148e-01   0.000000000000000000e+00 
 -1.386807416565716267e-03   0.000000000000000000e+00 
 -1.892837579362094619e-03   0.000000000000000000e+00 
 -1.854919246397913153e-03   0.000000000000000000e+00 
 -1.473471405915915966e-03   0.000000000000000000e+00 
 -1.456268480978907022e-03   0.000000000000000000e+00 
  4.497887857723982768e-04   0.000000000000000000e+00 
 -2.945605432614684105e-03   0.000000000000000000e+00 
 -1.015825197100639126e-03   0.000000000000000000e+00 
  2.123165410012007193e-03   0.000000000000000000e+00 
  8.325298549607396126e-04   0.000000000000000000e+00 
 -4.812782281078400938e-04   0.000000000000000000e+00 
  8.923323154449461780e-01   0.000000000000000000e+00 
 -2.234132140874862116e-01   0.000000000000000000e+00 
 -9.138715686276551809e-04   0.000000000000000000e+00 
  3.135777951683852891e-04   0.000000000000000000e+00 
  1.227543223649263382e-03   0.000000000000000000e+00 
 -3.287870276835719280e-05   0.000000000000000000e+00 
  1.822570711374282837e-02   0.000000000000000000e+00 
  7.510980963706971603e-02   0.000000000000000000e+00 
 -7.930865394882861052e-04   0.000000000000000000e+00 
  1.021022675558924241e-03   0.000000000000000000e+00 
  2.509186277166009383e-03   0.000000000000000000e+00 
 -2.484128577634692192e-03   0.000000000000000000e+00 
 -1.879737828858196952e-03   0.000000000000000000e+00 
 -8.292284794151781255e-03   0.000000000000000000e+00 
  1.428921939805150032e-03   0.000000000000000000e+00 
 -9.695806074887517367e-04   0.000000000000000000e+00 
 -1.666088937781750722e-03   0.000000000000000000e+00 
  1.618918031454086521e-03   0.000000000000000000e+00 
  7.257052510976792770e-02   0.000000000000000000e+00 
 -2.758673727512360174e-01   0.000000000000000000e+00 
 -7.770671509206295013e-04   0.000000000000000000e+00 
 -3.993115969933568889e-04   0.000000000000000000e+00 
  1.949084224179386876e-03   0.000000000000000000e+00 
  1.113114529289305427e-03   0.000000000000000000e+00 
  3.791012568399312280e-04   0.000000000000000000e+00 
  2.354330616071820259e-03   0.000000000000000000e+00 
 -1.781304483301937363e-03   0.000000000000000000e+00 
  1.290007261559367614e-03   0.000000000000000000e+00 
  0.000000000000000000e+00   0.000000000000000000e+00 
  0.000000000000000000e+00   0.000000000000000000e+00 
  0.000000000000000000e+00   0.000000000000000000e+00 
  0.000000000000000000e+00   0.000000000000000000e+00 
  0.000000000000000000e+00   0.000000000000000000e+00 
  0.000000000000000000e+00   0.000000000000000000e+00 
  0.000000000000000000e+00   0.000000000000000000e+00 
  0.000000000000000000e+00   0.000000000000000000e+00 
  0.000000000000000000e+00   0.000000000000000000e+00 
  0.000000000000000000e+00   0.000000000000000000e+00 
  0.000000000000000000e+00   0.000000000000000000e+00 
  0.000000000000000000e+00   0.000000000000000000e+00 
  0.000000000000000000e+00   0.000000000000000000e+00 
  0.000000000000000000e+00   0.000000000000000000e+00 
  0.000000000000000000e+00   0.000000000000000000e+00 
  0.000000000000000000e+00   0.000000000000000000e+00 
  0.000000000000000000e+00   0.000000000000000000e+00 
  0.000000000000000000e+00   0.000000000000000000e+00 
  0.000000000000000000e+00   0.000000000000000000e+00 
  0.000000000000000000e+00   0.000000000000000000e+00 
  0.000000000000000000e+00   0.000000000000000000e+00 
  0.000000000000000000e+00   0.000000000000000000e+00 
  0.000000000000000000e+00   0.000000000000000000e+00 
  0.000000000000000000e+00   0.000000000000000000e+00 
  0.000000000000000000e+00   0.000000000000000000e+00 
  0.000000000000000000e+00   0.000000000000000000e+00 
  0.000000000000000000e+00   0.000000000000000000e+00 
  0.000000000000000000e+00   0.000000000000000000e+00 
  0.000000000000000000e+00   0.000000000000000000e+00 
  0.000000000000000000e+00   0.000000000000000000e+00 
  0.000000000000000000e+00   0.000000000000000000e+00 
  0.000000000000000000e+00   0.000000000000000000e+00 
  0.000000000000000000e+00   0.000000000000000000e+00 
  0.000000000000000000e+00   0.000000000000000000e+00 
  0.000000000000000000e+00   0.000000000000000000e+00 
  0.000000000000000000e+00   0.000000000000000000e+00 
  0.000000000000000000e+00   0.000000000000000000e+00 
  0.000000000000000000e+00   0.000000000000000000e+00 
  0.000000000000000000e+00   0.000000000000000000e+00 
  0.000000000000000000e+00   0.000000000000000000e+00 
  0.000000000000000000e+00   0.000000000000000000e+00 
  0.000000000000000000e+00   0.000000000000000000e+00 
  0.000000000000000000e+00   0.000000000000000000e+00 
  0.000000000000000000e+00   0.000000000000000000e+00 
  0.000000000000000000e+00   0.000000000000000000e+00 
  0.000000000000000000e+00   0.000000000000000000e+00 
  0.000000000000000000e+00   0.000000000000000000e+00 
  0.000000000000000000e+00   0.000000000000000000e+00 
  0.000000000000000000e+00   0.000000000000000000e+00 
  0.000000000000000000e+00   0.000000000000000000e+00 
  0.000000000000000000e+00   0.000000000000000000e+00 
  0.000000000000000000e+00   0.000000000000000000e+00 
  0.000000000000000000e+00   0.000000000000000000e+00 
  0.000000000000000000e+00   0.000000000000000000e+00 
  0.000000000000000000e+00   0.000000000000000000e+00 
  0.000000000000000000e+00   0.000000000000000000e+00 
  0.000000000000000000e+00   0.000000000000000000e+00 
  0.000000000000000000e+00   0.000000000000000000e+00 
  0.000000000000000000e+00   0.000000000000000000e+00 
  0.000000000000000000e+00   0.000000000000000000e+00 
  0.000000000000000000e+00   0.000000000000000000e+00 
  0.000000000000000000e+00   0.000000000000000000e+00 
  0.000000000000000000e+00   0.000000000000000000e+00 
  0.000000000000000000e+00   0.000000000000000000e+00 
  0.000000000000000000e+00   0.000000000000000000e+00 
  0.000000000000000000e+00   0.000000000000000000e+00 
  0.000000000000000000e+00   0.000000000000000000e+00 
  0.000000000000000000e+00   0.000000000000000000e+00 
  0.000000000000000000e+00   0.000000000000000000e+00 
  0.000000000000000000e+00   0.000000000000000000e+00 
  0.000000000000000000e+00   0.000000000000000000e+00 
  0.000000000000000000e+00   0.000000000000000000e+00 
  0.000000000000000000e+00   0.000000000000000000e+00 
  0.000000000000000000e+00   0.000000000000000000e+00 
  0.000000000000000000e+00   0.000000000000000000e+00 
  0.000000000000000000e+00   0.000000000000000000e+00 
  1.463098730891916090e-02   0.000000000000000000e+00 
  1.061998773366788990e-03   0.000000000000000000e+00 
 -6.540703121572717313e-03   0.000000000000000000e+00 
  1.093120547011678084e-03   0.000000000000000000e+00 
 -4.949336289428782733e-04   0.000000000000000000e+00 
 -2.488731965422578615e-02   0.000000000000000000e+00 
  4.966044425964290243e-02   0.000000000000000000e+00 
 -1.168857445008823119e-03   0.000000000000000000e+00 
  2.381178317591312044e-03   0.000000000000000000e+00 
  2.479430846869964955e-02   0.000000000000000000e+00 
 -1.666703028604464782e-03   0.000000000000000000e+00 
 -1.636918896110811325e-04   0.000000000000000000e+00 
 -1.031776540912737001e-03   0.000000000000000000e+00 
  4.940954968332972189e-04   0.000000000000000000e+00 
 -1.947885612025857839e-03   0.000000000000000000e+00 
  8.705267100595211020e-04   0.000000000000000000e+00 
  5.451163277029967558e-02   0.000000000000000000e+00 
 -1.532067209482196046e-01   0.000000000000000000e+00 
  5.224019405432038955e-04   0.000000000000000000e+00 
  3.031061787623921854e-04   0.000000000000000000e+00 
 -2.400349639356150200e-02   0.000000000000000000e+00 
  2.686750485736417164e-05   0.000000000000000000e+00 
 -1.237066171597690203e-04   0.000000000000000000e+00 
 -2.004329435294495388e-04   0.000000000000000000e+00 
 -2.330040006199852716e-04   0.000000000000000000e+00 
  5.332615692168449261e-04   0.000000000000000000e+00 
 -1.832399517297744751e-03   0.000000000000000000e+00 
  1.525847823359072859e-03   0.000000000000000000e+00 
 -6.032632081769402459e-04   0.000000000000000000e+00 
  6.703813374042501272e-02   0.000000000000000000e+00 
  7.283911108970646253e-02   0.000000000000000000e+00 
  2.738122595474125256e-03   0.000000000000000000e+00 
 -4.674785304814578837e-03   0.000000000000000000e+00 
 -7.162318564951271511e-03   0.000000000000000000e+00 
 -1.035866886377335150e-01   0.000000000000000000e+00 
 -2.426092280074954033e-03   0.000000000000000000e+00 
 -8.393629686906932700e-04   0.000000000000000000e+00 
  2.790217404253790058e-04   0.000000000000000000e+00 
  1.633225823752581640e-03   0.000000000000000000e+00 
  1.670325174927711920e-03   0.000000000000000000e+00 
  1.574434107169508934e-03   0.000000000000000000e+00 
  6.707476079463944862e-02   0.000000000000000000e+00 
  1.446657776832581399e-01   0.000000000000000000e+00 
 -1.870395382866262739e-03   0.000000000000000000e+00 
 -4.842153750360010320e-03   0.000000000000000000e+00 
  2.444384619593619867e-03   0.000000000000000000e+00 
  9.156097657978535783e-04   0.000000000000000000e+00 
  4.408120512962342974e-01   0.000000000000000000e+00 
  1.736199250444769642e-03   0.000000000000000000e+00 
  3.122091060504316416e-03   0.000000000000000000e+00 
  3.570294976234435480e-01   0.000000000000000000e+00 
  4.326418936252595104e-01   0.000000000000000000e+00 
 -9.916177950799478190e-04   0.000000000000000000e+00 
  4.736983682960270101e-03   0.000000000000000000e+00 
  2.871561329811811881e-03   0.000000000000000000e+00 
 -2.791043603792786598e-03   0.000000000000000000e+00 
  5.128444172441929023e-03   0.000000000000000000e+00 
  1.596943824552000219e-03   0.000000000000000000e+00 
  1.995303027797488461e-04   0.000000000000000000e+00 
  9.896310075419034475e-05   0.000000000000000000e+00 
 -2.093075076118111610e-03   0.000000000000000000e+00 
 -2.998839190695433725e-04   0.000000000000000000e+00 
 -4.284273309167473424e-04   0.000000000000000000e+00 
 -3.112355060875404700e-02   0.000000000000000000e+00 
 -1.257876632735133171e-03   0.000000000000000000e+00 
 -4.827232914976777815e-04   0.000000000000000000e+00 
 -5.038673043600284918e-05   0.000000000000000000e+00 
 -2.525395713746547699e-03   0.000000000000000000e+00 
 -3.864328265190122846e-01   0.000000000000000000e+00 
 -2.964702434837813267e-04   0.000000000000000000e+00 
  3.119769971817725352e-04   0.000000000000000000e+00 
  1.527355611324310580e-01   0.000000000000000000e+00 
 -4.204803109169006903e-01   0.000000000000000000e+00 
 -2.767350524663925605e-03   0.000000000000000000e+00 
 -8.014694787561893463e-03   0.000000000000000000e+00 
  8.711045980453493986e-02   0.000000000000000000e+00 
  0.000000000000000000e+00   0.000000000000000000e+00 
  0.000000000000000000e+00   0.000000000000000000e+00 
  0.000000000000000000e+00   0.000000000000000000e+00 
  0.000000000000000000e+00   0.000000000000000000e+00 
  0.000000000000000000e+00   0.000000000000000000e+00 
  0.000000000000000000e+00   0.000000000000000000e+00 
  0.000000000000000000e+00   0.000000000000000000e+00 
  0.000000000000000000e+00   0.000000000000000000e+00 
  0.000000000000000000e+00   0.000000000000000000e+00 
  0.000000000000000000e+00   0.000000000000000000e+00 
  0.000000000000000000e+00   0.000000000000000000e+00 
  0.000000000000000000e+00   0.000000000000000000e+00 
  0.000000000000000000e+00   0.000000000000000000e+00 
  0.000000000000000000e+00   0.000000000000000000e+00 
  0.000000000000000000e+00   0.000000000000000000e+00 
  0.000000000000000000e+00   0.000000000000000000e+00 
  0.000000000000000000e+00   0.000000000000000000e+00 
  0.000000000000000000e+00   0.000000000000000000e+00 
  0.000000000000000000e+00   0.000000000000000000e+00 
  0.000000000000000000e+00   0.000000000000000000e+00 
  0.000000000000000000e+00   0.000000000000000000e+00 
  0.000000000000000000e+00   0.000000000000000000e+00 
  0.000000000000000000e+00   0.000000000000000000e+00 
  0.000000000000000000e+00   0.000000000000000000e+00 
  0.000000000000000000e+00   0.000000000000000000e+00 
  0.000000000000000000e+00   0.000000000000000000e+00 
  0.000000000000000000e+00   0.000000000000000000e+00 
  0.000000000000000000e+00   0.000000000000000000e+00 
  0.000000000000000000e+00   0.000000000000000000e+00 
  0.000000000000000000e+00   0.000000000000000000e+00 
  0.000000000000000000e+00   0.000000000000000000e+00 
  0.000000000000000000e+00   0.000000000000000000e+00 
  0.000000000000000000e+00   0.000000000000000000e+00 
  0.000000000000000000e+00   0.000000000000000000e+00 
  0.000000000000000000e+00   0.000000000000000000e+00 
  0.000000000000000000e+00   0.000000000000000000e+00 
  0.000000000000000000e+00   0.000000000000000000e+00 
  0.000000000000000000e+00   0.000000000000000000e+00 
  0.000000000000000000e+00   0.000000000000000000e+00 
  0.000000000000000000e+00   0.000000000000000000e+00 
  0.000000000000000000e+00   0.000000000000000000e+00 
  0.000000000000000000e+00   0.000000000000000000e+00 
  0.000000000000000000e+00   0.000000000000000000e+00 
  0.000000000000000000e+00   0.000000000000000000e+00 
  0.000000000000000000e+00   0.000000000000000000e+00 
  0.000000000000000000e+00   0.000000000000000000e+00 
  0.000000000000000000e+00   0.000000000000000000e+00 
  0.000000000000000000e+00   0.000000000000000000e+00 
  0.000000000000000000e+00   0.000000000000000000e+00 
  0.000000000000000000e+00   0.000000000000000000e+00 
  0.000000000000000000e+00   0.000000000000000000e+00 
  0.000000000000000000e+00   0.000000000000000000e+00 
  0.000000000000000000e+00   0.000000000000000000e+00 
  0.000000000000000000e+00   0.000000000000000000e+00 
  0.000000000000000000e+00   0.000000000000000000e+00 
  0.000000000000000000e+00   0.000000000000000000e+00 
  0.000000000000000000e+00   0.000000000000000000e+00 
  0.000000000000000000e+00   0.000000000000000000e+00 
  0.000000000000000000e+00   0.000000000000000000e+00 
  0.000000000000000000e+00   0.000000000000000000e+00 
  0.000000000000000000e+00   0.000000000000000000e+00 
  0.000000000000000000e+00   0.000000000000000000e+00 
  0.000000000000000000e+00   0.000000000000000000e+00 
  0.000000000000000000e+00   0.000000000000000000e+00 
  0.000000000000000000e+00   0.000000000000000000e+00 
  0.000000000000000000e+00   0.000000000000000000e+00 
  0.000000000000000000e+00   0.000000000000000000e+00 
  0.000000000000000000e+00   0.000000000000000000e+00 
  0.000000000000000000e+00   0.000000000000000000e+00 
  0.000000000000000000e+00   0.000000000000000000e+00 
  0.000000000000000000e+00   0.000000000000000000e+00 
  0.000000000000000000e+00   0.000000000000000000e+00 
  0.000000000000000000e+00   0.000000000000000000e+00 
  0.000000000000000000e+00   0.000000000000000000e+00 
  0.000000000000000000e+00   0.000000000000000000e+00 
  0.000000000000000000e+00   0.000000000000000000e+00 
 -3.760766703634759746e-04   0.000000000000000000e+00 
 -4.143844358623104997e-03   0.000000000000000000e+00 
  3.564865095540848197e-03   0.000000000000000000e+00 
  4.486382752656953993e-02   0.000000000000000000e+00 
  1.446843147277817460e-02   0.000000000000000000e+00 
 -2.513236366212357169e-03   0.000000000000000000e+00 
 -5.199905019253505366e-03   0.000000000000000000e+00 
 -5.421887617558540130e-03   0.000000000000000000e+00 
 -3.009134670719797091e-03   0.000000000000000000e+00 
 -2.831017598509743410e-03   0.000000000000000000e+00 
 -1.916539482772351699e-02   0.000000000000000000e+00 
  6.082945968956383204e-03   0.000000000000000000e+00 
 -1.116642146371172499e-03   0.000000000000000000e+00 
 -4.033049844967441370e-05   0.000000000000000000e+00 
 -1.180863454937934875e-01   0.000000000000000000e+00 
  1.386179327964785213e-01   0.000000000000000000e+00 
 -2.933844458311796188e-03   0.000000000000000000e+00 
 -1.406012452207550426e-04   0.000000000000000000e+00 
  2.695118822157378108e-02   0.000000000000000000e+00 
  1.003024876117707825e-01   0.000000000000000000e+00 
  2.668520319275542816e-04   0.000000000000000000e+00 
  6.377722020260991834e-04   0.000000000000000000e+00 
 -3.989677352365106344e-04   0.000000000000000000e+00 
 -1.250164496013894135e-04   0.000000000000000000e+00 
 -4.010003176517784053e-04   0.000000000000000000e+00 
 -1.514727622270586049e-01   0.000000000000000000e+00 
  3.684490546584126558e-02   0.000000000000000000e+00 
 -4.706869367510080338e-03   0.000000000000000000e+00 
  1.132005127146840746e-03   0.000000000000000000e+00 
  2.736096270382402159e-03   0.000000000000000000e+00 
 -1.766313798725601758e-03   0.000000000000000000e+00 
  8.436886966228492046e-02   0.000000000000000000e+00 
 -2.175669930875298586e-02   0.000000000000000000e+00 
  2.340374630875871934e-04   0.000000000000000000e+00 
  2.497097011655566908e-03   0.000000000000000000e+00 
 -1.045695273205637932e-03   0.000000000000000000e+00 
 -7.374350680038330771e-04   0.000000000000000000e+00 
  6.880708970129523726e-03   0.000000000000000000e+00 
  2.848406881093971943e-02   0.000000000000000000e+00 
  2.565960958600048761e-02   0.000000000000000000e+00 
  3.175438940525054932e-01   0.000000000000000000e+00 
  9.779190877452484040e-04   0.000000000000000000e+00 
  8.724338840693244071e-04   0.000000000000000000e+00 
 -1.581520736217498779e-01   0.000000000000000000e+00 
 -7.499819248914717240e-02   0.000000000000000000e+00 
  1.090318635106086453e-01   0.000000000000000000e+00 
  1.036105677485466142e-01   0.000000000000000000e+00 
 -5.861291429027903075e-04   0.000000000000000000e+00 
  1.764435437507926605e-04   0.000000000000000000e+00 
 -8.444962440989916977e-05   0.000000000000000000e+00 
  3.552989102900028229e-03   0.000000000000000000e+00 
 -3.243690123781561852e-03   0.000000000000000000e+00 
 -7.347975671291361033e-02   0.000000000000000000e+00 
  5.034830570220946155e-01   0.000000000000000000e+00 
  3.625112120062113676e-03   0.000000000000000000e+00 
 -4.392069764435291290e-03   0.000000000000000000e+00 
 -1.468272181227803664e-03   0.000000000000000000e+00 
 -5.643910169601442511e-02   0.000000000000000000e+00 
 -9.685502201318743620e-02   0.000000000000000000e+00 
  6.560322945006191730e-04   0.000000000000000000e+00 
 -9.241576772183178771e-04   0.000000000000000000e+00 
 -3.279347729403523965e-04   0.000000000000000000e+00 
  5.453107878565788269e-04   0.000000000000000000e+00 
  7.202712586149580916e-04   0.000000000000000000e+00 
 -4.302591551095248136e-03   0.000000000000000000e+00 
  1.183865964412688654e-01   0.000000000000000000e+00 
 -2.663741121068597274e-03   0.000000000000000000e+00 
 -3.472732845693826675e-03   0.000000000000000000e+00 
 -1.647054887143876328e-04   0.000000000000000000e+00 
 -9.387478232383723864e-02   0.000000000000000000e+00 
  3.226584196090694079e-02   0.000000000000000000e+00 
 -2.654680982232094245e-03   0.000000000000000000e+00 
 -8.306605741381646937e-03   0.000000000000000000e+00 
 -1.442685723304748535e-01   0.000000000000000000e+00 
 -6.797367930412292480e-01   0.000000000000000000e+00 
  1.591273583471773754e-03   0.000000000000000000e+00 
  0.000000000000000000e+00   0.000000000000000000e+00 
  0.000000000000000000e+00   0.000000000000000000e+00 
  0.000000000000000000e+00   0.000000000000000000e+00 
  0.000000000000000000e+00   0.000000000000000000e+00 
  0.000000000000000000e+00   0.000000000000000000e+00 
  0.000000000000000000e+00   0.000000000000000000e+00 
  0.000000000000000000e+00   0.000000000000000000e+00 
  0.000000000000000000e+00   0.000000000000000000e+00 
  0.000000000000000000e+00   0.000000000000000000e+00 
  0.000000000000000000e+00   0.000000000000000000e+00 
  0.000000000000000000e+00   0.000000000000000000e+00 
  0.000000000000000000e+00   0.000000000000000000e+00 
  0.000000000000000000e+00   0.000000000000000000e+00 
  0.000000000000000000e+00   0.000000000000000000e+00 
  0.000000000000000000e+00   0.000000000000000000e+00 
  0.000000000000000000e+00   0.000000000000000000e+00 
  0.000000000000000000e+00   0.000000000000000000e+00 
  0.000000000000000000e+00   0.000000000000000000e+00 
  0.000000000000000000e+00   0.000000000000000000e+00 
  0.000000000000000000e+00   0.000000000000000000e+00 
  0.000000000000000000e+00   0.000000000000000000e+00 
  0.000000000000000000e+00   0.000000000000000000e+00 
  0.000000000000000000e+00   0.000000000000000000e+00 
  0.000000000000000000e+00   0.000000000000000000e+00 
  0.000000000000000000e+00   0.000000000000000000e+00 
  0.000000000000000000e+00   0.000000000000000000e+00 
  0.000000000000000000e+00   0.000000000000000000e+00 
  0.000000000000000000e+00   0.000000000000000000e+00 
  0.000000000000000000e+00   0.000000000000000000e+00 
  0.000000000000000000e+00   0.000000000000000000e+00 
  0.000000000000000000e+00   0.000000000000000000e+00 
  0.000000000000000000e+00   0.000000000000000000e+00 
  0.000000000000000000e+00   0.000000000000000000e+00 
  0.000000000000000000e+00   0.000000000000000000e+00 
  0.000000000000000000e+00   0.000000000000000000e+00 
  0.000000000000000000e+00   0.000000000000000000e+00 
  0.000000000000000000e+00   0.000000000000000000e+00 
  0.000000000000000000e+00   0.000000000000000000e+00 
  0.000000000000000000e+00   0.000000000000000000e+00 
  0.000000000000000000e+00   0.000000000000000000e+00 
  0.000000000000000000e+00   0.000000000000000000e+00 
  0.000000000000000000e+00   0.000000000000000000e+00 
  0.000000000000000000e+00   0.000000000000000000e+00 
  0.000000000000000000e+00   0.000000000000000000e+00 
  0.000000000000000000e+00   0.000000000000000000e+00 
  0.000000000000000000e+00   0.000000000000000000e+00 
  0.000000000000000000e+00   0.000000000000000000e+00 
  0.000000000000000000e+00   0.000000000000000000e+00 
  0.000000000000000000e+00   0.000000000000000000e+00 
  0.000000000000000000e+00   0.000000000000000000e+00 
  0.000000000000000000e+00   0.000000000000000000e+00 
  0.000000000000000000e+00   0.000000000000000000e+00 
  0.000000000000000000e+00   0.000000000000000000e+00 
  0.000000000000000000e+00   0.000000000000000000e+00 
  0.000000000000000000e+00   0.000000000000000000e+00 
  0.000000000000000000e+00   0.000000000000000000e+00 
  0.000000000000000000e+00   0.000000000000000000e+00 
  0.000000000000000000e+00   0.000000000000000000e+00 
  0.000000000000000000e+00   0.000000000000000000e+00 
  0.000000000000000000e+00   0.000000000000000000e+00 
  0.000000000000000000e+00   0.000000000000000000e+00 
  0.000000000000000000e+00   0.000000000000000000e+00 
  0.000000000000000000e+00   0.000000000000000000e+00 
  0.000000000000000000e+00   0.000000000000000000e+00 
  0.000000000000000000e+00   0.000000000000000000e+00 
  0.000000000000000000e+00   0.000000000000000000e+00 
  0.000000000000000000e+00   0.000000000000000000e+00 
  0.000000000000000000e+00   0.000000000000000000e+00 
  0.000000000000000000e+00   0.000000000000000000e+00 
  0.000000000000000000e+00   0.000000000000000000e+00 
  0.000000000000000000e+00   0.000000000000000000e+00 
  0.000000000000000000e+00   0.000000000000000000e+00 
  0.000000000000000000e+00   0.000000000000000000e+00 
  0.000000000000000000e+00   0.000000000000000000e+00 
  0.000000000000000000e+00   0.000000000000000000e+00 
  0.000000000000000000e+00   0.000000000000000000e+00 
 -5.212213145569751828e-04   0.000000000000000000e+00 
  7.630443433299543589e-04   0.000000000000000000e+00 
 -1.567193772643725620e-03   0.000000000000000000e+00 
 -1.600047573447255234e-02   0.000000000000000000e+00 
  4.319712892174670110e-02   0.000000000000000000e+00 
 -2.992911904584646780e-04   0.000000000000000000e+00 
  1.839492586441150929e-03   0.000000000000000000e+00 
  3.935042768717072342e-03   0.000000000000000000e+00 
 -1.160043664276628333e-02   0.000000000000000000e+00 
  1.538390526547965976e-03   0.000000000000000000e+00 
  1.036821305751794986e-02   0.000000000000000000e+00 
  2.076288312673583991e-02   0.000000000000000000e+00 
 -3.823211300185889680e-04   0.000000000000000000e+00 
  1.275203190743812382e-03   0.000000000000000000e+00 
  1.437145322561266536e-01   0.000000000000000000e+00 
  1.161990091204643666e-01   0.000000000000000000e+00 
  5.996245890855796774e-04   0.000000000000000000e+00 
 -1.556008472107350609e-03   0.000000000000000000e+00 
 -9.763349592685702238e-02   0.000000000000000000e+00 
  2.058878354728228138e-02   0.000000000000000000e+00 
 -6.235872278921301796e-04   0.000000000000000000e+00 
 -5.525405285879971765e-04   0.000000000000000000e+00 
 -5.421355599537488546e-04   0.000000000000000000e+00 
 -2.786045370157808608e-04   0.000000000000000000e+00 
 -7.086908590281390335e-05   0.000000000000000000e+00 
 -3.078112564980991367e-02   0.000000000000000000e+00 
 -1.558095663785935003e-01   0.000000000000000000e+00 
  6.228412967175256127e-04   0.000000000000000000e+00 
 -7.112489547580480576e-03   0.000000000000000000e+00 
 -7.076762849465003877e-04   0.000000000000000000e+00 
  6.862911395728569673e-04   0.000000000000000000e+00 
 -3.046590089797974674e-02   0.000000000000000000e+00 
 -7.511923462152464426e-02   0.000000000000000000e+00 
 -1.437465427443385124e-03   0.000000000000000000e+00 
 -9.134328574873502686e-04   0.000000000000000000e+00 
 -8.936714730225503445e-04   0.000000000000000000e+00 
  1.173231401480734782e-03   0.000000000000000000e+00 
  2.693714946508399960e-02   0.000000000000000000e+00 
 -8.566415635867535459e-04   0.000000000000000000e+00 
 -3.110149800777435303e-01   0.000000000000000000e+00 
  1.585516519844539993e-02   0.000000000000000000e+00 
  4.196982481516907978e-04   0.000000000000000000e+00 
 -1.362744951620698843e-03   0.000000000000000000e+00 
  7.940173894166945023e-02   0.000000000000000000e+00 
 -1.627624630928039551e-01   0.000000000000000000e+00 
  1.079318225383758545e-01   0.000000000000000000e+00 
 -1.159955784678458890e-01   0.000000000000000000e+00 
  6.650849827565245191e-04   0.000000000000000000e+00 
 -3.966910298913718354e-04   0.000000000000000000e+00 
  3.709910379257052053e-04   0.000000000000000000e+00 
 -1.192552503198385672e-03   0.000000000000000000e+00 
  1.911769388243555155e-03   0.000000000000000000e+00 
 -4.915758669376372181e-01   0.000000000000000000e+00 
 -7.777719199657423532e-02   0.000000000000000000e+00 
 -1.618125243112445311e-03   0.000000000000000000e+00 
 -7.381814997643232346e-03   0.000000000000000000e+00 
  2.791438018903136253e-03   0.000000000000000000e+00 
 -9.048150479793544421e-02   0.000000000000000000e+00 
  4.140857607126234574e-02   0.000000000000000000e+00 
 -5.129831261001527309e-04   0.000000000000000000e+00 
 -1.810163812479004806e-04   0.000000000000000000e+00 
  1.164932269603013775e-03   0.000000000000000000e+00 
 -2.332204603590070659e-04   0.000000000000000000e+00 
 -3.139832057058812055e-03   0.000000000000000000e+00 
  1.174464896321296553e-01   0.000000000000000000e+00 
  3.281725803390180430e-03   0.000000000000000000e+00 
  2.475507324561477141e-03   0.000000000000000000e+00 
 -4.594207741320133209e-03   0.000000000000000000e+00 
  2.450831234455108209e-03   0.000000000000000000e+00 
 -1.707342825829981370e-02   0.000000000000000000e+00 
 -8.830088376998899979e-02   0.000000000000000000e+00 
 -4.964520921930673991e-04   0.000000000000000000e+00 
  3.049894236028194427e-03   0.000000000000000000e+00 
  6.832060217857361950e-01   0.000000000000000000e+00 
 -1.609423309564590454e-01   0.000000000000000000e+00 
 -2.094229683279991584e-03   0.000000000000000000e+00 
  0.000000000000000000e+00   0.000000000000000000e+00 
  0.000000000000000000e+00   0.000000000000000000e+00 
  0.000000000000000000e+00   0.000000000000000000e+00 
  0.000000000000000000e+00   0.000000000000000000e+00 
  0.000000000000000000e+00   0.000000000000000000e+00 
  0.000000000000000000e+00   0.000000000000000000e+00 
  0.000000000000000000e+00   0.000000000000000000e+00 
  0.000000000000000000e+00   0.000000000000000000e+00 
  0.000000000000000000e+00   0.000000000000000000e+00 
  0.000000000000000000e+00   0.000000000000000000e+00 
  0.000000000000000000e+00   0.000000000000000000e+00 
  0.000000000000000000e+00   0.000000000000000000e+00 
  0.000000000000000000e+00   0.000000000000000000e+00 
  0.000000000000000000e+00   0.000000000000000000e+00 
  0.000000000000000000e+00   0.000000000000000000e+00 
  0.000000000000000000e+00   0.000000000000000000e+00 
  0.000000000000000000e+00   0.000000000000000000e+00 
  0.000000000000000000e+00   0.000000000000000000e+00 
  0.000000000000000000e+00   0.000000000000000000e+00 
  0.000000000000000000e+00   0.000000000000000000e+00 
  0.000000000000000000e+00   0.000000000000000000e+00 
  0.000000000000000000e+00   0.000000000000000000e+00 
  0.000000000000000000e+00   0.000000000000000000e+00 
  0.000000000000000000e+00   0.000000000000000000e+00 
  0.000000000000000000e+00   0.000000000000000000e+00 
  0.000000000000000000e+00   0.000000000000000000e+00 
  0.000000000000000000e+00   0.000000000000000000e+00 
  0.000000000000000000e+00   0.000000000000000000e+00 
  0.000000000000000000e+00   0.000000000000000000e+00 
  0.000000000000000000e+00   0.000000000000000000e+00 
  0.000000000000000000e+00   0.000000000000000000e+00 
  0.000000000000000000e+00   0.000000000000000000e+00 
  0.000000000000000000e+00   0.000000000000000000e+00 
  0.000000000000000000e+00   0.000000000000000000e+00 
  0.000000000000000000e+00   0.000000000000000000e+00 
  0.000000000000000000e+00   0.000000000000000000e+00 
  0.000000000000000000e+00   0.000000000000000000e+00 
  0.000000000000000000e+00   0.000000000000000000e+00 
  0.000000000000000000e+00   0.000000000000000000e+00 
  0.000000000000000000e+00   0.000000000000000000e+00 
  0.000000000000000000e+00   0.000000000000000000e+00 
  0.000000000000000000e+00   0.000000000000000000e+00 
  0.000000000000000000e+00   0.000000000000000000e+00 
  0.000000000000000000e+00   0.000000000000000000e+00 
  0.000000000000000000e+00   0.000000000000000000e+00 
  0.000000000000000000e+00   0.000000000000000000e+00 
  0.000000000000000000e+00   0.000000000000000000e+00 
  0.000000000000000000e+00   0.000000000000000000e+00 
  0.000000000000000000e+00   0.000000000000000000e+00 
  0.000000000000000000e+00   0.000000000000000000e+00 
  0.000000000000000000e+00   0.000000000000000000e+00 
  0.000000000000000000e+00   0.000000000000000000e+00 
  0.000000000000000000e+00   0.000000000000000000e+00 
  0.000000000000000000e+00   0.000000000000000000e+00 
  0.000000000000000000e+00   0.000000000000000000e+00 
  0.000000000000000000e+00   0.000000000000000000e+00 
  0.000000000000000000e+00   0.000000000000000000e+00 
  0.000000000000000000e+00   0.000000000000000000e+00 
  0.000000000000000000e+00   0.000000000000000000e+00 
  0.000000000000000000e+00   0.000000000000000000e+00 
  0.000000000000000000e+00   0.000000000000000000e+00 
  0.000000000000000000e+00   0.000000000000000000e+00 
  0.000000000000000000e+00   0.000000000000000000e+00 
  0.000000000000000000e+00   0.000000000000000000e+00 
  0.000000000000000000e+00   0.000000000000000000e+00 
  0.000000000000000000e+00   0.000000000000000000e+00 
  0.000000000000000000e+00   0.000000000000000000e+00 
  0.000000000000000000e+00   0.000000000000000000e+00 
  0.000000000000000000e+00   0.000000000000000000e+00 
  0.000000000000000000e+00   0.000000000000000000e+00 
  0.000000000000000000e+00   0.000000000000000000e+00 
  0.000000000000000000e+00   0.000000000000000000e+00 
  0.000000000000000000e+00   0.000000000000000000e+00 
  0.000000000000000000e+00   0.000000000000000000e+00 
  0.000000000000000000e+00   0.000000000000000000e+00 
  0.000000000000000000e+00   0.000000000000000000e+00 
 -2.811035141348931440e-02   0.000000000000000000e+00 
  7.374696899203603100e-03   0.000000000000000000e+00 
  3.077328205108657844e-02   0.000000000000000000e+00 
  5.590306953017239655e-07   0.000000000000000000e+00 
 -6.781455595046954020e-04   0.000000000000000000e+00 
  1.007024571299476763e-02   0.000000000000000000e+00 
 -9.423085139124418898e-04   0.000000000000000000e+00 
 -3.461531130597601206e-03   0.000000000000000000e+00 
  6.321673747152357220e-03   0.000000000000000000e+00 
 -4.587227106094350637e-02   0.000000000000000000e+00 
 -1.429781783372100672e-03   0.000000000000000000e+00 
 -1.202249317429938740e-03   0.000000000000000000e+00 
 -7.652072818018922128e-04   0.000000000000000000e+00 
  1.150834141299205944e-03   0.000000000000000000e+00 
  4.785514320246552736e-04   0.000000000000000000e+00 
 -6.807134486735266082e-04   0.000000000000000000e+00 
  1.360672898590574269e-02   0.000000000000000000e+00 
  1.258096545934682120e-01   0.000000000000000000e+00 
  1.690331147983669801e-03   0.000000000000000000e+00 
  8.019667002372453434e-04   0.000000000000000000e+00 
  1.064240094274296160e-02   0.000000000000000000e+00 
  1.122435787692666189e-04   0.000000000000000000e+00 
  1.092607199097982997e-04   0.000000000000000000e+00 
 -8.491183689329779964e-05   0.000000000000000000e+00 
 -1.617759407963604006e-04   0.000000000000000000e+00 
 -1.153287594206631184e-03   0.000000000000000000e+00 
  1.831491594202816920e-03   0.000000000000000000e+00 
 -4.574580234475437079e-04   0.000000000000000000e+00 
  1.377321677864544270e-05   0.000000000000000000e+00 
 -1.371244043111800592e-01   0.000000000000000000e+00 
  3.006850928068143664e-02   0.000000000000000000e+00 
 -1.607950776815413128e-03   0.000000000000000000e+00 
 -7.961646653711799276e-03   0.000000000000000000e+00 
 -1.888811290264128806e-01   0.000000000000000000e+00 
  1.895147413015366711e-01   0.000000000000000000e+00 
 -1.508117187768220901e-03   0.000000000000000000e+00 
 -2.580028667580334706e-04   0.000000000000000000e+00 
  9.872945956885821172e-04   0.000000000000000000e+00 
 -2.679760800674558553e-03   0.000000000000000000e+00 
 -3.522237529978156523e-03   0.000000000000000000e+00 
 -1.137342071160674312e-03   0.000000000000000000e+00 
 -8.254027925431657239e-03   0.000000000000000000e+00 
 -3.066651821136475720e-01   0.000000000000000000e+00 
 -2.799001056700945334e-03   0.000000000000000000e+00 
  3.065298311412334008e-03   0.000000000000000000e+00 
  9.001032449305059694e-04   0.000000000000000000e+00 
  1.628998783417046070e-03   0.000000000000000000e+00 
  4.885909259319306530e-01   0.000000000000000000e+00 
 -1.280938740819692612e-03   0.000000000000000000e+00 
  7.046684040687975015e-04   0.000000000000000000e+00 
  1.375815719366072221e-01   0.000000000000000000e+00 
  3.410723805427550714e-01   0.000000000000000000e+00 
 -1.362931565381587419e-03   0.000000000000000000e+00 
 -5.145337199792264808e-04   0.000000000000000000e+00 
  1.154896919615566947e-03   0.000000000000000000e+00 
  5.016419454477728497e-04   0.000000000000000000e+00 
 -9.514552354812622070e-02   0.000000000000000000e+00 
 -9.131761034950618312e-04   0.000000000000000000e+00 
  2.161893935408441315e-04   0.000000000000000000e+00 
  3.858207783196121996e-04   0.000000000000000000e+00 
 -1.455802004784345627e-03   0.000000000000000000e+00 
 -1.417553721694275195e-04   0.000000000000000000e+00 
 -1.449856208637356487e-04   0.000000000000000000e+00 
  8.518261462450020527e-02   0.000000000000000000e+00 
  3.412546124309300943e-03   0.000000000000000000e+00 
  2.144342870451509681e-04   0.000000000000000000e+00 
 -2.350149006815628301e-04   0.000000000000000000e+00 
 -2.148030558601022200e-03   0.000000000000000000e+00 
 -1.704999245703234245e-02   0.000000000000000000e+00 
 -1.796577358618378422e-03   0.000000000000000000e+00 
 -5.704278592020272341e-03   0.000000000000000000e+00 
 -1.605456173419952670e-01   0.000000000000000000e+00 
  5.912743806838990368e-01   0.000000000000000000e+00 
 -4.802185110747814178e-03   0.000000000000000000e+00 
 -8.618143037892879140e-04   0.000000000000000000e+00 
  1.425659805536270974e-01   0.000000000000000000e+00 
  0.000000000000000000e+00   0.000000000000000000e+00 
  0.000000000000000000e+00   0.000000000000000000e+00 
  0.000000000000000000e+00   0.000000000000000000e+00 
  0.000000000000000000e+00   0.000000000000000000e+00 
  0.000000000000000000e+00   0.000000000000000000e+00 
  0.000000000000000000e+00   0.000000000000000000e+00 
  0.000000000000000000e+00   0.000000000000000000e+00 
  0.000000000000000000e+00   0.000000000000000000e+00 
  0.000000000000000000e+00   0.000000000000000000e+00 
  0.000000000000000000e+00   0.000000000000000000e+00 
  0.000000000000000000e+00   0.000000000000000000e+00 
  0.000000000000000000e+00   0.000000000000000000e+00 
  0.000000000000000000e+00   0.000000000000000000e+00 
  0.000000000000000000e+00   0.000000000000000000e+00 
  0.000000000000000000e+00   0.000000000000000000e+00 
  0.000000000000000000e+00   0.000000000000000000e+00 
  0.000000000000000000e+00   0.000000000000000000e+00 
  0.000000000000000000e+00   0.000000000000000000e+00 
  0.000000000000000000e+00   0.000000000000000000e+00 
  0.000000000000000000e+00   0.000000000000000000e+00 
  0.000000000000000000e+00   0.000000000000000000e+00 
  0.000000000000000000e+00   0.000000000000000000e+00 
  0.000000000000000000e+00   0.000000000000000000e+00 
  0.000000000000000000e+00   0.000000000000000000e+00 
  0.000000000000000000e+00   0.000000000000000000e+00 
  0.000000000000000000e+00   0.000000000000000000e+00 
  0.000000000000000000e+00   0.000000000000000000e+00 
  0.000000000000000000e+00   0.000000000000000000e+00 
  0.000000000000000000e+00   0.000000000000000000e+00 
  0.000000000000000000e+00   0.000000000000000000e+00 
  0.000000000000000000e+00   0.000000000000000000e+00 
  0.000000000000000000e+00   0.000000000000000000e+00 
  0.000000000000000000e+00   0.000000000000000000e+00 
  0.000000000000000000e+00   0.000000000000000000e+00 
  0.000000000000000000e+00   0.000000000000000000e+00 
  0.000000000000000000e+00   0.000000000000000000e+00 
  0.000000000000000000e+00   0.000000000000000000e+00 
  0.000000000000000000e+00   0.000000000000000000e+00 
  0.000000000000000000e+00   0.000000000000000000e+00 
  0.000000000000000000e+00   0.000000000000000000e+00 
  0.000000000000000000e+00   0.000000000000000000e+00 
  0.000000000000000000e+00   0.000000000000000000e+00 
  0.000000000000000000e+00   0.000000000000000000e+00 
  0.000000000000000000e+00   0.000000000000000000e+00 
  0.000000000000000000e+00   0.000000000000000000e+00 
  0.000000000000000000e+00   0.000000000000000000e+00 
  0.000000000000000000e+00   0.000000000000000000e+00 
  0.000000000000000000e+00   0.000000000000000000e+00 
  0.000000000000000000e+00   0.000000000000000000e+00 
  0.000000000000000000e+00   0.000000000000000000e+00 
  0.000000000000000000e+00   0.000000000000000000e+00 
  0.000000000000000000e+00   0.000000000000000000e+00 
  0.000000000000000000e+00   0.000000000000000000e+00 
  0.000000000000000000e+00   0.000000000000000000e+00 
  0.000000000000000000e+00   0.000000000000000000e+00 
  0.000000000000000000e+00   0.000000000000000000e+00 
  0.000000000000000000e+00   0.000000000000000000e+00 
  0.000000000000000000e+00   0.000000000000000000e+00 
  0.000000000000000000e+00   0.000000000000000000e+00 
  0.000000000000000000e+00   0.000000000000000000e+00 
  0.000000000000000000e+00   0.000000000000000000e+00 
  0.000000000000000000e+00   0.000000000000000000e+00 
  0.000000000000000000e+00   0.000000000000000000e+00 
  0.000000000000000000e+00   0.000000000000000000e+00 
  0.000000000000000000e+00   0.000000000000000000e+00 
  0.000000000000000000e+00   0.000000000000000000e+00 
  0.000000000000000000e+00   0.000000000000000000e+00 
  0.000000000000000000e+00   0.000000000000000000e+00 
  0.000000000000000000e+00   0.000000000000000000e+00 
  0.000000000000000000e+00   0.000000000000000000e+00 
  0.000000000000000000e+00   0.000000000000000000e+00 
  0.000000000000000000e+00   0.000000000000000000e+00 
  0.000000000000000000e+00   0.000000000000000000e+00 
  0.000000000000000000e+00   0.000000000000000000e+00 
  0.000000000000000000e+00   0.000000000000000000e+00 
  0.000000000000000000e+00   0.000000000000000000e+00 
  0.000000000000000000e+00   0.000000000000000000e+00 
  0.000000000000000000e+00   0.000000000000000000e+00 
  0.000000000000000000e+00   0.000000000000000000e+00 
  0.000000000000000000e+00   0.000000000000000000e+00 
  0.000000000000000000e+00   0.000000000000000000e+00 
  0.000000000000000000e+00   0.000000000000000000e+00 
  0.000000000000000000e+00   0.000000000000000000e+00 
  0.000000000000000000e+00   0.000000000000000000e+00 
  0.000000000000000000e+00   0.000000000000000000e+00 
  0.000000000000000000e+00   0.000000000000000000e+00 
  0.000000000000000000e+00   0.000000000000000000e+00 
  0.000000000000000000e+00   0.000000000000000000e+00 
  0.000000000000000000e+00   0.000000000000000000e+00 
  0.000000000000000000e+00   0.000000000000000000e+00 
  0.000000000000000000e+00   0.000000000000000000e+00 
  0.000000000000000000e+00   0.000000000000000000e+00 
  0.000000000000000000e+00   0.000000000000000000e+00 
  0.000000000000000000e+00   0.000000000000000000e+00 
  0.000000000000000000e+00   0.000000000000000000e+00 
  0.000000000000000000e+00   0.000000000000000000e+00 
  0.000000000000000000e+00   0.000000000000000000e+00 
  0.000000000000000000e+00   0.000000000000000000e+00 
  0.000000000000000000e+00   0.000000000000000000e+00 
  0.000000000000000000e+00   0.000000000000000000e+00 
  0.000000000000000000e+00   0.000000000000000000e+00 
  0.000000000000000000e+00   0.000000000000000000e+00 
  0.000000000000000000e+00   0.000000000000000000e+00 
  0.000000000000000000e+00   0.000000000000000000e+00 
  0.000000000000000000e+00   0.000000000000000000e+00 
  0.000000000000000000e+00   0.000000000000000000e+00 
  0.000000000000000000e+00   0.000000000000000000e+00 
  0.000000000000000000e+00   0.000000000000000000e+00 
  0.000000000000000000e+00   0.000000000000000000e+00 
  0.000000000000000000e+00   0.000000000000000000e+00 
  0.000000000000000000e+00   0.000000000000000000e+00 
  0.000000000000000000e+00   0.000000000000000000e+00 
  0.000000000000000000e+00   0.000000000000000000e+00 
  0.000000000000000000e+00   0.000000000000000000e+00 
  0.000000000000000000e+00   0.000000000000000000e+00 
  0.000000000000000000e+00   0.000000000000000000e+00 
  0.000000000000000000e+00   0.000000000000000000e+00 
  0.000000000000000000e+00   0.000000000000000000e+00 
  0.000000000000000000e+00   0.000000000000000000e+00 
  0.000000000000000000e+00   0.000000000000000000e+00 
  0.000000000000000000e+00   0.000000000000000000e+00 
  0.000000000000000000e+00   0.000000000000000000e+00 
  0.000000000000000000e+00   0.000000000000000000e+00 
  0.000000000000000000e+00   0.000000000000000000e+00 
  0.000000000000000000e+00   0.000000000000000000e+00 
  0.000000000000000000e+00   0.000000000000000000e+00 
  0.000000000000000000e+00   0.000000000000000000e+00 
  0.000000000000000000e+00   0.000000000000000000e+00 
  0.000000000000000000e+00   0.000000000000000000e+00 
  0.000000000000000000e+00   0.000000000000000000e+00 
  0.000000000000000000e+00   0.000000000000000000e+00 
  0.000000000000000000e+00   0.000000000000000000e+00 
  0.000000000000000000e+00   0.000000000000000000e+00 
  0.000000000000000000e+00   0.000000000000000000e+00 
  0.000000000000000000e+00   0.000000000000000000e+00 
  0.000000000000000000e+00   0.000000000000000000e+00 
  0.000000000000000000e+00   0.000000000000000000e+00 
  0.000000000000000000e+00   0.000000000000000000e+00 
  0.000000000000000000e+00   0.000000000000000000e+00 
  0.000000000000000000e+00   0.000000000000000000e+00 
  0.000000000000000000e+00   0.000000000000000000e+00 
  0.000000000000000000e+00   0.000000000000000000e+00 
  0.000000000000000000e+00   0.000000000000000000e+00 
  0.000000000000000000e+00   0.000000000000000000e+00 
  0.000000000000000000e+00   0.000000000000000000e+00 
  0.000000000000000000e+00   0.000000000000000000e+00 
  0.000000000000000000e+00   0.000000000000000000e+00 
  0.000000000000000000e+00   0.000000000000000000e+00 
  0.000000000000000000e+00   0.000000000000000000e+00 
  0.000000000000000000e+00   0.000000000000000000e+00 
  0.000000000000000000e+00   0.000000000000000000e+00 
  0.000000000000000000e+00   0.000000000000000000e+00 
  1.365737803280408016e-02   0.000000000000000000e+00 
 -3.116928739472714111e-03   0.000000000000000000e+00 
 -6.156748160720062341e-03   0.000000000000000000e+00 
  3.625719109550731021e-04   0.000000000000000000e+00 
  5.377120396585318340e-05   0.000000000000000000e+00 
  1.296212058514368236e-02   0.000000000000000000e+00 
  3.134706290438646348e-03   0.000000000000000000e+00 
 -1.850756816565905880e-03   0.000000000000000000e+00 
 -3.708091797307168803e-03   0.000000000000000000e+00 
 -2.151461318135245923e-02   0.000000000000000000e+00 
 -1.869252417236557436e-03   0.000000000000000000e+00 
 -4.490449209697244793e-04   0.000000000000000000e+00 
  1.628705416806043279e-03   0.000000000000000000e+00 
 -2.578324172645797292e-03   0.000000000000000000e+00 
 -1.162008731625967023e-03   0.000000000000000000e+00 
  6.455046241171797901e-04   0.000000000000000000e+00 
  6.402178108692166414e-02   0.000000000000000000e+00 
 -3.372943773865724054e-02   0.000000000000000000e+00 
  2.812937891576453779e-04   0.000000000000000000e+00 
  2.528327284380792270e-03   0.000000000000000000e+00 
  1.463805674575207640e-03   0.000000000000000000e+00 
  2.186719328165053888e-03   0.000000000000000000e+00 
 -7.891930872574433407e-04   0.000000000000000000e+00 
 -3.085132339037950470e-04   0.000000000000000000e+00 
 -1.964970724657177491e-03   0.000000000000000000e+00 
  1.334206317551411814e-04   0.000000000000000000e+00 
  1.647464581765234254e-03   0.000000000000000000e+00 
  1.761137973517179489e-03   0.000000000000000000e+00 
 -1.082498929463326931e-03   0.000000000000000000e+00 
  2.266236580908288778e-02   0.000000000000000000e+00 
  2.447541570290951308e-03   0.000000000000000000e+00 
 -4.935698816552762554e-04   0.000000000000000000e+00 
  1.080502010881900961e-02   0.000000000000000000e+00 
 -6.058228760957715120e-02   0.000000000000000000e+00 
  5.829510744661068472e-03   0.000000000000000000e+00 
  5.533681716769933701e-03   0.000000000000000000e+00 
 -1.985874725505709648e-03   0.000000000000000000e+00 
 -5.231692455708980560e-03   0.000000000000000000e+00 
  3.578808857128024969e-03   0.000000000000000000e+00 
 -3.341587958857416673e-03   0.000000000000000000e+00 
  4.155061673372982198e-03   0.000000000000000000e+00 
  4.291419684886936536e-02   0.000000000000000000e+00 
 -2.729421555995940607e-01   0.000000000000000000e+00 
 -3.580948105081916398e-04   0.000000000000000000e+00 
 -5.166034679859873380e-04   0.000000000000000000e+00 
  3.300842596217989922e-03   0.000000000000000000e+00 
 -2.746154787018895149e-03   0.000000000000000000e+00 
  3.453291952610016424e-01   0.000000000000000000e+00 
 -1.141059678047895215e-03   0.000000000000000000e+00 
 -3.742251312360166202e-03   0.000000000000000000e+00 
 -8.428906798362730823e-01   0.000000000000000000e+00 
  4.815773293375963382e-02   0.000000000000000000e+00 
  5.375300534069538116e-03   0.000000000000000000e+00 
  3.627607366070151329e-03   0.000000000000000000e+00 
 -2.713627181947231726e-03   0.000000000000000000e+00 
  1.549137639813124917e-03   0.000000000000000000e+00 
 -7.053097337484361129e-02   0.000000000000000000e+00 
 -2.775239991024135676e-03   0.000000000000000000e+00 
 -5.001110956072808179e-03   0.000000000000000000e+00 
  1.367318909615275262e-04   0.000000000000000000e+00 
  5.413071718066930771e-03   0.000000000000000000e+00 
  3.383139148354529467e-03   0.000000000000000000e+00 
  4.125582054257392016e-03   0.000000000000000000e+00 
  5.331833660602572356e-02   0.000000000000000000e+00 
 -2.361610764637589455e-03   0.000000000000000000e+00 
 -2.853806130588055524e-03   0.000000000000000000e+00 
 -3.235031384974718528e-03   0.000000000000000000e+00 
 -5.997397238388659738e-04   0.000000000000000000e+00 
 -1.068011745810508312e-01   0.000000000000000000e+00 
 -9.966666402760840252e-05   0.000000000000000000e+00 
 -3.043433418497444067e-03   0.000000000000000000e+00 
  2.965795248746869173e-02   0.000000000000000000e+00 
 -2.347832024097443737e-01   0.000000000000000000e+00 
 -4.587057046592236649e-04   0.000000000000000000e+00 
 -4.963830113410949707e-03   0.000000000000000000e+00 
 -1.064021065831184942e-01   0.000000000000000000e+00 
  0.000000000000000000e+00   0.000000000000000000e+00 
  0.000000000000000000e+00   0.000000000000000000e+00 
  0.000000000000000000e+00   0.000000000000000000e+00 
  0.000000000000000000e+00   0.000000000000000000e+00 
  0.000000000000000000e+00   0.000000000000000000e+00 
  0.000000000000000000e+00   0.000000000000000000e+00 
  0.000000000000000000e+00   0.000000000000000000e+00 
  0.000000000000000000e+00   0.000000000000000000e+00 
  0.000000000000000000e+00   0.000000000000000000e+00 
  0.000000000000000000e+00   0.000000000000000000e+00 
  0.000000000000000000e+00   0.000000000000000000e+00 
  0.000000000000000000e+00   0.000000000000000000e+00 
  0.000000000000000000e+00   0.000000000000000000e+00 
  0.000000000000000000e+00   0.000000000000000000e+00 
  0.000000000000000000e+00   0.000000000000000000e+00 
  0.000000000000000000e+00   0.000000000000000000e+00 
  0.000000000000000000e+00   0.000000000000000000e+00 
  0.000000000000000000e+00   0.000000000000000000e+00 
  0.000000000000000000e+00   0.000000000000000000e+00 
  0.000000000000000000e+00   0.000000000000000000e+00 
  0.000000000000000000e+00   0.000000000000000000e+00 
  0.000000000000000000e+00   0.000000000000000000e+00 
  0.000000000000000000e+00   0.000000000000000000e+00 
  0.000000000000000000e+00   0.000000000000000000e+00 
  0.000000000000000000e+00   0.000000000000000000e+00 
  0.000000000000000000e+00   0.000000000000000000e+00 
  0.000000000000000000e+00   0.000000000000000000e+00 
  0.000000000000000000e+00   0.000000000000000000e+00 
  0.000000000000000000e+00   0.000000000000000000e+00 
  0.000000000000000000e+00   0.000000000000000000e+00 
  0.000000000000000000e+00   0.000000000000000000e+00 
  0.000000000000000000e+00   0.000000000000000000e+00 
  0.000000000000000000e+00   0.000000000000000000e+00 
  0.000000000000000000e+00   0.000000000000000000e+00 
  0.000000000000000000e+00   0.000000000000000000e+00 
  0.000000000000000000e+00   0.000000000000000000e+00 
  0.000000000000000000e+00   0.000000000000000000e+00 
  0.000000000000000000e+00   0.000000000000000000e+00 
  0.000000000000000000e+00   0.000000000000000000e+00 
  0.000000000000000000e+00   0.000000000000000000e+00 
  0.000000000000000000e+00   0.000000000000000000e+00 
  0.000000000000000000e+00   0.000000000000000000e+00 
  0.000000000000000000e+00   0.000000000000000000e+00 
  0.000000000000000000e+00   0.000000000000000000e+00 
  0.000000000000000000e+00   0.000000000000000000e+00 
  0.000000000000000000e+00   0.000000000000000000e+00 
  0.000000000000000000e+00   0.000000000000000000e+00 
  0.000000000000000000e+00   0.000000000000000000e+00 
  0.000000000000000000e+00   0.000000000000000000e+00 
  0.000000000000000000e+00   0.000000000000000000e+00 
  0.000000000000000000e+00   0.000000000000000000e+00 
  0.000000000000000000e+00   0.000000000000000000e+00 
  0.000000000000000000e+00   0.000000000000000000e+00 
  0.000000000000000000e+00   0.000000000000000000e+00 
  0.000000000000000000e+00   0.000000000000000000e+00 
  0.000000000000000000e+00   0.000000000000000000e+00 
  0.000000000000000000e+00   0.000000000000000000e+00 
  0.000000000000000000e+00   0.000000000000000000e+00 
  0.000000000000000000e+00   0.000000000000000000e+00 
  0.000000000000000000e+00   0.000000000000000000e+00 
  0.000000000000000000e+00   0.000000000000000000e+00 
  0.000000000000000000e+00   0.000000000000000000e+00 
  0.000000000000000000e+00   0.000000000000000000e+00 
  0.000000000000000000e+00   0.000000000000000000e+00 
  0.000000000000000000e+00   0.000000000000000000e+00 
  0.000000000000000000e+00   0.000000000000000000e+00 
  0.000000000000000000e+00   0.000000000000000000e+00 
  0.000000000000000000e+00   0.000000000000000000e+00 
  0.000000000000000000e+00   0.000000000000000000e+00 
  0.000000000000000000e+00   0.000000000000000000e+00 
  0.000000000000000000e+00   0.000000000000000000e+00 
  0.000000000000000000e+00   0.000000000000000000e+00 
  0.000000000000000000e+00   0.000000000000000000e+00 
  0.000000000000000000e+00   0.000000000000000000e+00 
  0.000000000000000000e+00   0.000000000000000000e+00 
  0.000000000000000000e+00   0.000000000000000000e+00 
  1.157903391867583405e-02   0.000000000000000000e+00 
 -4.117273725569059982e-03   0.000000000000000000e+00 
  7.922047749161248431e-03   0.000000000000000000e+00 
  1.543402206152567598e-03   0.000000000000000000e+00 
  6.355958612399232384e-05   0.000000000000000000e+00 
 -3.784519154578220093e-03   0.000000000000000000e+00 
  1.616889052093054696e-02   0.000000000000000000e+00 
  4.766584897874380673e-04   0.000000000000000000e+00 
 -1.669632969424150433e-03   0.000000000000000000e+00 
 -8.893993683159007874e-03   0.000000000000000000e+00 
 -1.638481509871847659e-03   0.000000000000000000e+00 
  1.034211527439038268e-04   0.000000000000000000e+00 
  1.975721352208148631e-05   0.000000000000000000e+00 
  1.194756361655853645e-03   0.000000000000000000e+00 
  1.265905448235554037e-03   0.000000000000000000e+00 
 -9.635164315114858947e-05   0.000000000000000000e+00 
  3.600620105862635534e-02   0.000000000000000000e+00 
 -4.018431995064136383e-03   0.000000000000000000e+00 
 -1.473932497901832511e-04   0.000000000000000000e+00 
 -9.481628076173373790e-04   0.000000000000000000e+00 
  5.676332861185029617e-03   0.000000000000000000e+00 
 -8.785492973402147946e-04   0.000000000000000000e+00 
 -5.545875173993403259e-04   0.000000000000000000e+00 
  5.203737600822914045e-05   0.000000000000000000e+00 
  6.652201409451661326e-04   0.000000000000000000e+00 
  1.036483910866083883e-03   0.000000000000000000e+00 
 -7.816602592356492168e-04   0.000000000000000000e+00 
  1.257410767721013590e-04   0.000000000000000000e+00 
  1.273490954190492630e-03   0.000000000000000000e+00 
 -1.746297068893919863e-02   0.000000000000000000e+00 
 -1.440023444592937636e-02   0.000000000000000000e+00 
  1.000886899419127594e-03   0.000000000000000000e+00 
  4.990214947611095256e-03   0.000000000000000000e+00 
 -8.183916658163083169e-02   0.000000000000000000e+00 
 -1.339923124760400257e-02   0.000000000000000000e+00 
 -2.157860435545444489e-03   0.000000000000000000e+00 
  3.336257068440318108e-03   0.000000000000000000e+00 
 -1.886737300083043143e-03   0.000000000000000000e+00 
  1.674988656304778837e-03   0.000000000000000000e+00 
 -3.058683127164840698e-03   0.000000000000000000e+00 
 -2.203545591328289832e-04   0.000000000000000000e+00 
  8.808648586273204462e-02   0.000000000000000000e+00 
 -5.075659751892089844e-01   0.000000000000000000e+00 
  6.722993217408657074e-03   0.000000000000000000e+00 
  1.100505818612873121e-03   0.000000000000000000e+00 
 -1.011225278489291234e-03   0.000000000000000000e+00 
 -4.735715221613645554e-03   0.000000000000000000e+00 
 -6.194254755973820359e-01   0.000000000000000000e+00 
  2.864610869437455697e-03   0.000000000000000000e+00 
  5.665741628035900809e-04   0.000000000000000000e+00 
  3.368911147117607807e-02   0.000000000000000000e+00 
  5.233812928199765846e-01   0.000000000000000000e+00 
  1.135416445322336501e-03   0.000000000000000000e+00 
 -1.968933269381520097e-03   0.000000000000000000e+00 
  7.862524362280964851e-04   0.000000000000000000e+00 
 -2.616490528453141451e-04   0.000000000000000000e+00 
 -1.119416132569313327e-01   0.000000000000000000e+00 
  2.218206878751516776e-03   0.000000000000000000e+00 
 -1.749195274896920378e-03   0.000000000000000000e+00 
 -4.955937038175760615e-04   0.000000000000000000e+00 
 -1.531255897134542465e-03   0.000000000000000000e+00 
  1.496249344199895642e-03   0.000000000000000000e+00 
 -3.212413983419537111e-03   0.000000000000000000e+00 
  9.478233754634861341e-02   0.000000000000000000e+00 
  2.598020713776350455e-03   0.000000000000000000e+00 
 -2.558051375672220316e-03   0.000000000000000000e+00 
  2.130818553268909888e-03   0.000000000000000000e+00 
  2.224062336608767509e-03   0.000000000000000000e+00 
 -1.248443126678466519e-01   0.000000000000000000e+00 
  4.871558121521924693e-05   0.000000000000000000e+00 
 -9.315001079812642660e-04   0.000000000000000000e+00 
  9.064935147762302747e-02   0.000000000000000000e+00 
 -1.062455773353577076e-01   0.000000000000000000e+00 
  8.038992062211038417e-03   0.000000000000000000e+00 
  8.811438456177711487e-03   0.000000000000000000e+00 
 -6.131112575531012798e-02   0.000000000000000000e+00 
  0.000000000000000000e+00   0.000000000000000000e+00 
  0.000000000000000000e+00   0.000000000000000000e+00 
  0.000000000000000000e+00   0.000000000000000000e+00 
  0.000000000000000000e+00   0.000000000000000000e+00 
  0.000000000000000000e+00   0.000000000000000000e+00 
  0.000000000000000000e+00   0.000000000000000000e+00 
  0.000000000000000000e+00   0.000000000000000000e+00 
  0.000000000000000000e+00   0.000000000000000000e+00 
  0.000000000000000000e+00   0.000000000000000000e+00 
  0.000000000000000000e+00   0.000000000000000000e+00 
  0.000000000000000000e+00   0.000000000000000000e+00 
  0.000000000000000000e+00   0.000000000000000000e+00 
  0.000000000000000000e+00   0.000000000000000000e+00 
  0.000000000000000000e+00   0.000000000000000000e+00 
  0.000000000000000000e+00   0.000000000000000000e+00 
  0.000000000000000000e+00   0.000000000000000000e+00 
  0.000000000000000000e+00   0.000000000000000000e+00 
  0.000000000000000000e+00   0.000000000000000000e+00 
  0.000000000000000000e+00   0.000000000000000000e+00 
  0.000000000000000000e+00   0.000000000000000000e+00 
  0.000000000000000000e+00   0.000000000000000000e+00 
  0.000000000000000000e+00   0.000000000000000000e+00 
  0.000000000000000000e+00   0.000000000000000000e+00 
  0.000000000000000000e+00   0.000000000000000000e+00 
  0.000000000000000000e+00   0.000000000000000000e+00 
  0.000000000000000000e+00   0.000000000000000000e+00 
  0.000000000000000000e+00   0.000000000000000000e+00 
  0.000000000000000000e+00   0.000000000000000000e+00 
  0.000000000000000000e+00   0.000000000000000000e+00 
  0.000000000000000000e+00   0.000000000000000000e+00 
  0.000000000000000000e+00   0.000000000000000000e+00 
  0.000000000000000000e+00   0.000000000000000000e+00 
  0.000000000000000000e+00   0.000000000000000000e+00 
  0.000000000000000000e+00   0.000000000000000000e+00 
  0.000000000000000000e+00   0.000000000000000000e+00 
  0.000000000000000000e+00   0.000000000000000000e+00 
  0.000000000000000000e+00   0.000000000000000000e+00 
  0.000000000000000000e+00   0.000000000000000000e+00 
  0.000000000000000000e+00   0.000000000000000000e+00 
  0.000000000000000000e+00   0.000000000000000000e+00 
  0.000000000000000000e+00   0.000000000000000000e+00 
  0.000000000000000000e+00   0.000000000000000000e+00 
  0.000000000000000000e+00   0.000000000000000000e+00 
  0.000000000000000000e+00   0.000000000000000000e+00 
  0.000000000000000000e+00   0.000000000000000000e+00 
  0.000000000000000000e+00   0.000000000000000000e+00 
  0.000000000000000000e+00   0.000000000000000000e+00 
  0.000000000000000000e+00   0.000000000000000000e+00 
  0.000000000000000000e+00   0.000000000000000000e+00 
  0.000000000000000000e+00   0.000000000000000000e+00 
  0.000000000000000000e+00   0.000000000000000000e+00 
  0.000000000000000000e+00   0.000000000000000000e+00 
  0.000000000000000000e+00   0.000000000000000000e+00 
  0.000000000000000000e+00   0.000000000000000000e+00 
  0.000000000000000000e+00   0.000000000000000000e+00 
  0.000000000000000000e+00   0.000000000000000000e+00 
  0.000000000000000000e+00   0.000000000000000000e+00 
  0.000000000000000000e+00   0.000000000000000000e+00 
  0.000000000000000000e+00   0.000000000000000000e+00 
  0.000000000000000000e+00   0.000000000000000000e+00 
  0.000000000000000000e+00   0.000000000000000000e+00 
  0.000000000000000000e+00   0.000000000000000000e+00 
  0.000000000000000000e+00   0.000000000000000000e+00 
  0.000000000000000000e+00   0.000000000000000000e+00 
  0.000000000000000000e+00   0.000000000000000000e+00 
  0.000000000000000000e+00   0.000000000000000000e+00 
  0.000000000000000000e+00   0.000000000000000000e+00 
  0.000000000000000000e+00   0.000000000000000000e+00 
  0.000000000000000000e+00   0.000000000000000000e+00 
  0.000000000000000000e+00   0.000000000000000000e+00 
  0.000000000000000000e+00   0.000000000000000000e+00 
  0.000000000000000000e+00   0.000000000000000000e+00 
  0.000000000000000000e+00   0.000000000000000000e+00 
  0.000000000000000000e+00   0.000000000000000000e+00 
  0.000000000000000000e+00   0.000000000000000000e+00 
  0.000000000000000000e+00   0.000000000000000000e+00 
 -4.516987130046584697e-03   0.000000000000000000e+00 
  1.305947196669718065e-03   0.000000000000000000e+00 
  2.700158162042587927e-03   0.000000000000000000e+00 
 -1.652792911045077853e-03   0.000000000000000000e+00 
 -9.424940799363106013e-04   0.000000000000000000e+00 
  2.049490576610002099e-03   0.000000000000000000e+00 
  1.385133364237883758e-03   0.000000000000000000e+00 
 -1.662452705204498643e-02   0.000000000000000000e+00 
 -5.906162317842109793e-03   0.000000000000000000e+00 
 -1.165464054793333669e-03   0.000000000000000000e+00 
 -8.897455409169188409e-03   0.000000000000000000e+00 
  3.044317243620235473e-03   0.000000000000000000e+00 
  2.713018795475594450e-03   0.000000000000000000e+00 
  1.455108984373572334e-03   0.000000000000000000e+00 
 -1.409387495368717540e-02   0.000000000000000000e+00 
  1.416879054158921673e-02   0.000000000000000000e+00 
  7.117883069440807033e-04   0.000000000000000000e+00 
  8.128896355628993306e-03   0.000000000000000000e+00 
  1.003663055598732990e-03   0.000000000000000000e+00 
  1.885390840470782189e-03   0.000000000000000000e+00 
  2.452652552165165848e-04   0.000000000000000000e+00 
 -1.748610171489416469e-03   0.000000000000000000e+00 
 -7.389653183054386307e-05   0.000000000000000000e+00 
  6.780163967050610889e-04   0.000000000000000000e+00 
  3.824657760560510916e-04   0.000000000000000000e+00 
 -2.129483502358204237e-03   0.000000000000000000e+00 
  5.034813657402997670e-04   0.000000000000000000e+00 
 -1.751985168084501570e-03   0.000000000000000000e+00 
  1.100861700251698928e-03   0.000000000000000000e+00 
 -5.962014198303217452e-03   0.000000000000000000e+00 
  2.461772412061681310e-03   0.000000000000000000e+00 
  4.379662871360778115e-02   0.000000000000000000e+00 
 -1.417326275259255322e-02   0.000000000000000000e+00 
 -2.925173612311477659e-03   0.000000000000000000e+00 
  4.919390659779315431e-03   0.000000000000000000e+00 
  5.243562627583742142e-03   0.000000000000000000e+00 
  5.935851950198411942e-03   0.000000000000000000e+00 
 -2.250730758532850945e-03   0.000000000000000000e+00 
 -2.830435335636142732e-02   0.000000000000000000e+00 
 -1.027792505919930717e-02   0.000000000000000000e+00 
 -1.128954067826270780e-01   0.000000000000000000e+00 
  2.840069588273767126e-03   0.000000000000000000e+00 
 -1.382272131741047252e-02   0.000000000000000000e+00 
  7.889499068260192871e-01   0.000000000000000000e+00 
  4.014009535312650367e-01   0.000000000000000000e+00 
  2.686897218227387030e-01   0.000000000000000000e+00 
  2.570922076702117365e-01   0.000000000000000000e+00 
  1.890616491436959007e-02   0.000000000000000000e+00 
  4.432544112205504504e-03   0.000000000000000000e+00 
 -2.894381759688256870e-03   0.000000000000000000e+00 
  6.667207460850473749e-03   0.000000000000000000e+00 
  6.818172056227920705e-03   0.000000000000000000e+00 
 -1.959905959665775646e-02   0.000000000000000000e+00 
  2.282848656177520474e-01   0.000000000000000000e+00 
  2.946173253804087230e-06   0.000000000000000000e+00 
 -2.905954839661716981e-03   0.000000000000000000e+00 
 -3.988530486822128296e-03   0.000000000000000000e+00 
  9.645080193877214950e-03   0.000000000000000000e+00 
  1.380404178053140814e-02   0.000000000000000000e+00 
 -1.113463891670107841e-03   0.000000000000000000e+00 
 -5.560241334023958274e-06   0.000000000000000000e+00 
 -5.433224141597746068e-03   0.000000000000000000e+00 
 -3.125130664557218552e-03   0.000000000000000000e+00 
  1.928739133290942147e-03   0.000000000000000000e+00 
  5.676132859662273841e-04   0.000000000000000000e+00 
 -3.028218261897564281e-02   0.000000000000000000e+00 
 -2.551857382059097724e-03   0.000000000000000000e+00 
  3.708257107064128356e-03   0.000000000000000000e+00 
  7.210814859718077396e-03   0.000000000000000000e+00 
  2.591773495078087547e-02   0.000000000000000000e+00 
 -4.880785942077633249e-03   0.000000000000000000e+00 
 -3.930287435650825500e-03   0.000000000000000000e+00 
  2.877353876829148380e-02   0.000000000000000000e+00 
 -3.437118232250215011e-02   0.000000000000000000e+00 
 -7.481668144464494186e-02   0.000000000000000000e+00 
  1.721951551735401847e-02   0.000000000000000000e+00 
  0.000000000000000000e+00   0.000000000000000000e+00 
  0.000000000000000000e+00   0.000000000000000000e+00 
  0.000000000000000000e+00   0.000000000000000000e+00 
  0.000000000000000000e+00   0.000000000000000000e+00 
  0.000000000000000000e+00   0.000000000000000000e+00 
  0.000000000000000000e+00   0.000000000000000000e+00 
  0.000000000000000000e+00   0.000000000000000000e+00 
  0.000000000000000000e+00   0.000000000000000000e+00 
  0.000000000000000000e+00   0.000000000000000000e+00 
  0.000000000000000000e+00   0.000000000000000000e+00 
  0.000000000000000000e+00   0.000000000000000000e+00 
  0.000000000000000000e+00   0.000000000000000000e+00 
  0.000000000000000000e+00   0.000000000000000000e+00 
  0.000000000000000000e+00   0.000000000000000000e+00 
  0.000000000000000000e+00   0.000000000000000000e+00 
  0.000000000000000000e+00   0.000000000000000000e+00 
  0.000000000000000000e+00   0.000000000000000000e+00 
  0.000000000000000000e+00   0.000000000000000000e+00 
  0.000000000000000000e+00   0.000000000000000000e+00 
  0.000000000000000000e+00   0.000000000000000000e+00 
  0.000000000000000000e+00   0.000000000000000000e+00 
  0.000000000000000000e+00   0.000000000000000000e+00 
  0.000000000000000000e+00   0.000000000000000000e+00 
  0.000000000000000000e+00   0.000000000000000000e+00 
  0.000000000000000000e+00   0.000000000000000000e+00 
  0.000000000000000000e+00   0.000000000000000000e+00 
  0.000000000000000000e+00   0.000000000000000000e+00 
  0.000000000000000000e+00   0.000000000000000000e+00 
  0.000000000000000000e+00   0.000000000000000000e+00 
  0.000000000000000000e+00   0.000000000000000000e+00 
  0.000000000000000000e+00   0.000000000000000000e+00 
  0.000000000000000000e+00   0.000000000000000000e+00 
  0.000000000000000000e+00   0.000000000000000000e+00 
  0.000000000000000000e+00   0.000000000000000000e+00 
  0.000000000000000000e+00   0.000000000000000000e+00 
  0.000000000000000000e+00   0.000000000000000000e+00 
  0.000000000000000000e+00   0.000000000000000000e+00 
  0.000000000000000000e+00   0.000000000000000000e+00 
  0.000000000000000000e+00   0.000000000000000000e+00 
  0.000000000000000000e+00   0.000000000000000000e+00 
  0.000000000000000000e+00   0.000000000000000000e+00 
  0.000000000000000000e+00   0.000000000000000000e+00 
  0.000000000000000000e+00   0.000000000000000000e+00 
  0.000000000000000000e+00   0.000000000000000000e+00 
  0.000000000000000000e+00   0.000000000000000000e+00 
  0.000000000000000000e+00   0.000000000000000000e+00 
  0.000000000000000000e+00   0.000000000000000000e+00 
  0.000000000000000000e+00   0.000000000000000000e+00 
  0.000000000000000000e+00   0.000000000000000000e+00 
  0.000000000000000000e+00   0.000000000000000000e+00 
  0.000000000000000000e+00   0.000000000000000000e+00 
  0.000000000000000000e+00   0.000000000000000000e+00 
  0.000000000000000000e+00   0.000000000000000000e+00 
  0.000000000000000000e+00   0.000000000000000000e+00 
  0.000000000000000000e+00   0.000000000000000000e+00 
  0.000000000000000000e+00   0.000000000000000000e+00 
  0.000000000000000000e+00   0.000000000000000000e+00 
  0.000000000000000000e+00   0.000000000000000000e+00 
  0.000000000000000000e+00   0.000000000000000000e+00 
  0.000000000000000000e+00   0.000000000000000000e+00 
  0.000000000000000000e+00   0.000000000000000000e+00 
  0.000000000000000000e+00   0.000000000000000000e+00 
  0.000000000000000000e+00   0.000000000000000000e+00 
  0.000000000000000000e+00   0.000000000000000000e+00 
  0.000000000000000000e+00   0.000000000000000000e+00 
  0.000000000000000000e+00   0.000000000000000000e+00 
  0.000000000000000000e+00   0.000000000000000000e+00 
  0.000000000000000000e+00   0.000000000000000000e+00 
  0.000000000000000000e+00   0.000000000000000000e+00 
  0.000000000000000000e+00   0.000000000000000000e+00 
  0.000000000000000000e+00   0.000000000000000000e+00 
  0.000000000000000000e+00   0.000000000000000000e+00 
  0.000000000000000000e+00   0.000000000000000000e+00 
  0.000000000000000000e+00   0.000000000000000000e+00 
  0.000000000000000000e+00   0.000000000000000000e+00 
  0.000000000000000000e+00   0.000000000000000000e+00 
 -8.898794767438380875e-04   0.000000000000000000e+00 
  4.769186780321831368e-04   0.000000000000000000e+00 
  2.091814996674724956e-03   0.000000000000000000e+00 
  4.203662101644281579e-04   0.000000000000000000e+00 
  3.762436099351075839e-04   0.000000000000000000e+00 
  1.474191900342616346e-03   0.000000000000000000e+00 
 -3.381469286978315797e-04   0.000000000000000000e+00 
  6.879563443362734544e-03   0.000000000000000000e+00 
 -1.603006012737777375e-02   0.000000000000000000e+00 
  1.407818403095207954e-03   0.000000000000000000e+00 
  6.731438916176554939e-03   0.000000000000000000e+00 
  7.991142570972942227e-03   0.000000000000000000e+00 
 -9.412529179827434835e-04   0.000000000000000000e+00 
 -3.573628142476093558e-03   0.000000000000000000e+00 
  1.091329380869872703e-02   0.000000000000000000e+00 
  9.501133114099474808e-03   0.000000000000000000e+00 
  5.713221617043028099e-04   0.000000000000000000e+00 
  5.890173997613267994e-05   0.000000000000000000e+00 
  2.512870356440535888e-03   0.000000000000000000e+00 
  3.743271226994567512e-04   0.000000000000000000e+00 
  1.149418181739743838e-03   0.000000000000000000e+00 
 -6.087812944315364140e-04   0.000000000000000000e+00 
  3.500580205582069803e-04   0.000000000000000000e+00 
  1.021969947032629793e-03   0.000000000000000000e+00 
  1.672024838626384085e-03   0.000000000000000000e+00 
  3.343605494592603346e-04   0.000000000000000000e+00 
  8.025660179555412638e-03   0.000000000000000000e+00 
 -4.003986541647466205e-04   0.000000000000000000e+00 
 -4.712443915195764195e-04   0.000000000000000000e+00 
  4.424758371897036919e-04   0.000000000000000000e+00 
  6.464396137744201319e-04   0.000000000000000000e+00 
 -2.236368693411351638e-02   0.000000000000000000e+00 
 -3.242860734462738731e-02   0.000000000000000000e+00 
  2.708507701754570441e-03   0.000000000000000000e+00 
 -2.087763277813793096e-03   0.000000000000000000e+00 
 -5.479234969243407249e-04   0.000000000000000000e+00 
 -9.773408994078636169e-03   0.000000000000000000e+00 
 -2.861033007502558623e-02   0.000000000000000000e+00 
  7.177174091339142553e-03   0.000000000000000000e+00 
  1.202060431241989413e-01   0.000000000000000000e+00 
  5.431197583675419216e-03   0.000000000000000000e+00 
  7.527497131377460307e-03   0.000000000000000000e+00 
 -1.772598479874431653e-03   0.000000000000000000e+00 
 -3.860501348972321667e-01   0.000000000000000000e+00 
  8.049816489219664417e-01   0.000000000000000000e+00 
  2.477477639913559515e-01   0.000000000000000000e+00 
 -2.704166769981384277e-01   0.000000000000000000e+00 
  1.705029048025609797e-03   0.000000000000000000e+00 
 -7.495739031583070755e-03   0.000000000000000000e+00 
  1.246489409822969816e-04   0.000000000000000000e+00 
  2.183034084737301306e-03   0.000000000000000000e+00 
 -4.388866946101188660e-03   0.000000000000000000e+00 
 -2.146776616573333740e-01   0.000000000000000000e+00 
 -2.964493259787556734e-02   0.000000000000000000e+00 
 -7.596356444992127203e-04   0.000000000000000000e+00 
  3.617568581830709631e-04   0.000000000000000000e+00 
  2.652241848409176740e-03   0.000000000000000000e+00 
  1.695727184414864280e-02   0.000000000000000000e+00 
 -9.336990304291256995e-03   0.000000000000000000e+00 
 -1.438099658116698048e-03   0.000000000000000000e+00 
 -5.523025523871183395e-03   0.000000000000000000e+00 
 -3.453961806371807185e-03   0.000000000000000000e+00 
  1.384400180540978692e-03   0.000000000000000000e+00 
  2.946036634966732806e-03   0.000000000000000000e+00 
 -3.865753114223480225e-02   0.000000000000000000e+00 
 -2.092135138809670964e-03   0.000000000000000000e+00 
  4.088026762474328279e-04   0.000000000000000000e+00 
 -5.545967258512973785e-03   0.000000000000000000e+00 
 -3.044766199309371815e-04   0.000000000000000000e+00 
  1.719360798597337203e-02   0.000000000000000000e+00 
  2.339117415249347687e-02   0.000000000000000000e+00 
  3.305837744846943293e-04   0.000000000000000000e+00 
 -4.261005204170943174e-03   0.000000000000000000e+00 
  6.562060862779618697e-02   0.000000000000000000e+00 
 -1.742599532008181056e-03   0.000000000000000000e+00 
 -2.700772834941745238e-03   0.000000000000000000e+00 
  0.000000000000000000e+00   0.000000000000000000e+00 
  0.000000000000000000e+00   0.000000000000000000e+00 
  0.000000000000000000e+00   0.000000000000000000e+00 
  0.000000000000000000e+00   0.000000000000000000e+00 
  0.000000000000000000e+00   0.000000000000000000e+00 
  0.000000000000000000e+00   0.000000000000000000e+00 
  0.000000000000000000e+00   0.000000000000000000e+00 
  0.000000000000000000e+00   0.000000000000000000e+00 
  0.000000000000000000e+00   0.000000000000000000e+00 
  0.000000000000000000e+00   0.000000000000000000e+00 
  0.000000000000000000e+00   0.000000000000000000e+00 
  0.000000000000000000e+00   0.000000000000000000e+00 
  0.000000000000000000e+00   0.000000000000000000e+00 
  0.000000000000000000e+00   0.000000000000000000e+00 
  0.000000000000000000e+00   0.000000000000000000e+00 
  0.000000000000000000e+00   0.000000000000000000e+00 
  0.000000000000000000e+00   0.000000000000000000e+00 
  0.000000000000000000e+00   0.000000000000000000e+00 
  0.000000000000000000e+00   0.000000000000000000e+00 
  0.000000000000000000e+00   0.000000000000000000e+00 
  0.000000000000000000e+00   0.000000000000000000e+00 
  0.000000000000000000e+00   0.000000000000000000e+00 
  0.000000000000000000e+00   0.000000000000000000e+00 
  0.000000000000000000e+00   0.000000000000000000e+00 
  0.000000000000000000e+00   0.000000000000000000e+00 
  0.000000000000000000e+00   0.000000000000000000e+00 
  0.000000000000000000e+00   0.000000000000000000e+00 
  0.000000000000000000e+00   0.000000000000000000e+00 
  0.000000000000000000e+00   0.000000000000000000e+00 
  0.000000000000000000e+00   0.000000000000000000e+00 
  0.000000000000000000e+00   0.000000000000000000e+00 
  0.000000000000000000e+00   0.000000000000000000e+00 
  0.000000000000000000e+00   0.000000000000000000e+00 
  0.000000000000000000e+00   0.000000000000000000e+00 
  0.000000000000000000e+00   0.000000000000000000e+00 
  0.000000000000000000e+00   0.000000000000000000e+00 
  0.000000000000000000e+00   0.000000000000000000e+00 
  0.000000000000000000e+00   0.000000000000000000e+00 
  0.000000000000000000e+00   0.000000000000000000e+00 
  0.000000000000000000e+00   0.000000000000000000e+00 
  0.000000000000000000e+00   0.000000000000000000e+00 
  0.000000000000000000e+00   0.000000000000000000e+00 
  0.000000000000000000e+00   0.000000000000000000e+00 
  0.000000000000000000e+00   0.000000000000000000e+00 
  0.000000000000000000e+00   0.000000000000000000e+00 
  0.000000000000000000e+00   0.000000000000000000e+00 
  0.000000000000000000e+00   0.000000000000000000e+00 
  0.000000000000000000e+00   0.000000000000000000e+00 
  0.000000000000000000e+00   0.000000000000000000e+00 
  0.000000000000000000e+00   0.000000000000000000e+00 
  0.000000000000000000e+00   0.000000000000000000e+00 
  0.000000000000000000e+00   0.000000000000000000e+00 
  0.000000000000000000e+00   0.000000000000000000e+00 
  0.000000000000000000e+00   0.000000000000000000e+00 
  0.000000000000000000e+00   0.000000000000000000e+00 
  0.000000000000000000e+00   0.000000000000000000e+00 
  0.000000000000000000e+00   0.000000000000000000e+00 
  0.000000000000000000e+00   0.000000000000000000e+00 
  0.000000000000000000e+00   0.000000000000000000e+00 
  0.000000000000000000e+00   0.000000000000000000e+00 
  0.000000000000000000e+00   0.000000000000000000e+00 
  0.000000000000000000e+00   0.000000000000000000e+00 
  0.000000000000000000e+00   0.000000000000000000e+00 
  0.000000000000000000e+00   0.000000000000000000e+00 
  0.000000000000000000e+00   0.000000000000000000e+00 
  0.000000000000000000e+00   0.000000000000000000e+00 
  0.000000000000000000e+00   0.000000000000000000e+00 
  0.000000000000000000e+00   0.000000000000000000e+00 
  0.000000000000000000e+00   0.000000000000000000e+00 
  0.000000000000000000e+00   0.000000000000000000e+00 
  0.000000000000000000e+00   0.000000000000000000e+00 
  0.000000000000000000e+00   0.000000000000000000e+00 
  0.000000000000000000e+00   0.000000000000000000e+00 
  0.000000000000000000e+00   0.000000000000000000e+00 
  0.000000000000000000e+00   0.000000000000000000e+00 
  0.000000000000000000e+00   0.000000000000000000e+00 
  7.427488919347075350e-03   0.000000000000000000e+00 
 -1.759344525635303177e-02   0.000000000000000000e+00 
  3.303764760494154462e-02   0.000000000000000000e+00 
  6.006280425936484126e-03   0.000000000000000000e+00 
 -6.469856016339858894e-04   0.000000000000000000e+00 
 -2.271718718111543495e-02   0.000000000000000000e+00 
 -7.578869163989977731e-02   0.000000000000000000e+00 
 -1.595088979223490419e-04   0.000000000000000000e+00 
  7.860172190706610999e-04   0.000000000000000000e+00 
 -8.962403982877686914e-02   0.000000000000000000e+00 
 -1.367260469123633519e-03   0.000000000000000000e+00 
  6.343103596008440193e-04   0.000000000000000000e+00 
 -3.939275629818586935e-04   0.000000000000000000e+00 
 -1.689328491920226644e-04   0.000000000000000000e+00 
 -5.645790137350411783e-03   0.000000000000000000e+00 
  4.275775514543059090e-03   0.000000000000000000e+00 
 -5.552186165005211504e-03   0.000000000000000000e+00 
  5.193904042243928376e-02   0.000000000000000000e+00 
  1.597923226654530005e-03   0.000000000000000000e+00 
  2.742367563769222607e-03   0.000000000000000000e+00 
  6.231527402997017601e-02   0.000000000000000000e+00 
  6.428629276342688907e-04   0.000000000000000000e+00 
 -3.138723550364374030e-04   0.000000000000000000e+00 
 -1.329231745330617374e-04   0.000000000000000000e+00 
 -4.062759689986706322e-04   0.000000000000000000e+00 
 -3.728023497387766838e-03   0.000000000000000000e+00 
  2.852502977475523515e-03   0.000000000000000000e+00 
 -7.277509663254025200e-03   0.000000000000000000e+00 
  5.231074057519435015e-03   0.000000000000000000e+00 
  2.235479354858397882e-01   0.000000000000000000e+00 
 -1.031669601798056030e-01   0.000000000000000000e+00 
  2.186104189604521231e-03   0.000000000000000000e+00 
 -2.513525774702431072e-03   0.000000000000000000e+00 
  1.200419962406156921e-01   0.000000000000000000e+00 
  3.026418685913084827e-01   0.000000000000000000e+00 
 -9.030021610669790614e-04   0.000000000000000000e+00 
  5.610081716440616954e-04   0.000000000000000000e+00 
  4.327476781327281217e-04   0.000000000000000000e+00 
  1.780644175596534989e-03   0.000000000000000000e+00 
 -4.042395157739515736e-04   0.000000000000000000e+00 
  3.261719364672899246e-03   0.000000000000000000e+00 
 -1.256652176380156638e-01   0.000000000000000000e+00 
 -1.615598350763320090e-01   0.000000000000000000e+00 
 -6.245356053113936511e-03   0.000000000000000000e+00 
 -3.227658336982130137e-03   0.000000000000000000e+00 
  4.899022635072470579e-03   0.000000000000000000e+00 
  6.311762612313032150e-03   0.000000000000000000e+00 
  7.860925048589709196e-02   0.000000000000000000e+00 
 -8.404357358813285828e-04   0.000000000000000000e+00 
  1.439605141058563752e-03   0.000000000000000000e+00 
  1.596533656120299183e-01   0.000000000000000000e+00 
 -1.252129822969436646e-01   0.000000000000000000e+00 
 -1.927353208884597258e-03   0.000000000000000000e+00 
  2.123796613886951533e-03   0.000000000000000000e+00 
 -8.265638723969461268e-03   0.000000000000000000e+00 
  5.173715297132730484e-03   0.000000000000000000e+00 
  6.094068288803102668e-02   0.000000000000000000e+00 
  7.628155290149154447e-04   0.000000000000000000e+00 
 -1.923885894939304049e-03   0.000000000000000000e+00 
  5.773916200269020420e-05   0.000000000000000000e+00 
 -1.195340300910174847e-03   0.000000000000000000e+00 
  3.284217018517654723e-05   0.000000000000000000e+00 
 -4.650418413802983003e-04   0.000000000000000000e+00 
 -6.598024070262911711e-02   0.000000000000000000e+00 
 -1.831442932598293478e-03   0.000000000000000000e+00 
  1.094761886633932374e-03   0.000000000000000000e+00 
  2.856213133782148795e-03   0.000000000000000000e+00 
  1.185636036098002954e-03   0.000000000000000000e+00 
 -2.741709053516388495e-01   0.000000000000000000e+00 
  1.334021799266338782e-03   0.000000000000000000e+00 
 -2.513891551643610868e-03   0.000000000000000000e+00 
  6.830169819295382055e-03   0.000000000000000000e+00 
  1.038887798786162636e-01   0.000000000000000000e+00 
 -1.998670632019639015e-03   0.000000000000000000e+00 
 -3.750528674572705789e-03   0.000000000000000000e+00 
 -7.876437306404115990e-01   0.000000000000000000e+00 
  0.000000000000000000e+00   0.000000000000000000e+00 
  0.000000000000000000e+00   0.000000000000000000e+00 
  0.000000000000000000e+00   0.000000000000000000e+00 
  0.000000000000000000e+00   0.000000000000000000e+00 
  0.000000000000000000e+00   0.000000000000000000e+00 
  0.000000000000000000e+00   0.000000000000000000e+00 
  0.000000000000000000e+00   0.000000000000000000e+00 
  0.000000000000000000e+00   0.000000000000000000e+00 
  0.000000000000000000e+00   0.000000000000000000e+00 
  0.000000000000000000e+00   0.000000000000000000e+00 
  0.000000000000000000e+00   0.000000000000000000e+00 
  0.000000000000000000e+00   0.000000000000000000e+00 
  0.000000000000000000e+00   0.000000000000000000e+00 
  0.000000000000000000e+00   0.000000000000000000e+00 
  0.000000000000000000e+00   0.000000000000000000e+00 
  0.000000000000000000e+00   0.000000000000000000e+00 
  0.000000000000000000e+00   0.000000000000000000e+00 
  0.000000000000000000e+00   0.000000000000000000e+00 
  0.000000000000000000e+00   0.000000000000000000e+00 
  0.000000000000000000e+00   0.000000000000000000e+00 
  0.000000000000000000e+00   0.000000000000000000e+00 
  0.000000000000000000e+00   0.000000000000000000e+00 
  0.000000000000000000e+00   0.000000000000000000e+00 
  0.000000000000000000e+00   0.000000000000000000e+00 
  0.000000000000000000e+00   0.000000000000000000e+00 
  0.000000000000000000e+00   0.000000000000000000e+00 
  0.000000000000000000e+00   0.000000000000000000e+00 
  0.000000000000000000e+00   0.000000000000000000e+00 
  0.000000000000000000e+00   0.000000000000000000e+00 
  0.000000000000000000e+00   0.000000000000000000e+00 
  0.000000000000000000e+00   0.000000000000000000e+00 
  0.000000000000000000e+00   0.000000000000000000e+00 
  0.000000000000000000e+00   0.000000000000000000e+00 
  0.000000000000000000e+00   0.000000000000000000e+00 
  0.000000000000000000e+00   0.000000000000000000e+00 
  0.000000000000000000e+00   0.000000000000000000e+00 
  0.000000000000000000e+00   0.000000000000000000e+00 
  0.000000000000000000e+00   0.000000000000000000e+00 
  0.000000000000000000e+00   0.000000000000000000e+00 
  0.000000000000000000e+00   0.000000000000000000e+00 
  0.000000000000000000e+00   0.000000000000000000e+00 
  0.000000000000000000e+00   0.000000000000000000e+00 
  0.000000000000000000e+00   0.000000000000000000e+00 
  0.000000000000000000e+00   0.000000000000000000e+00 
  0.000000000000000000e+00   0.000000000000000000e+00 
  0.000000000000000000e+00   0.000000000000000000e+00 
  0.000000000000000000e+00   0.000000000000000000e+00 
  0.000000000000000000e+00   0.000000000000000000e+00 
  0.000000000000000000e+00   0.000000000000000000e+00 
  0.000000000000000000e+00   0.000000000000000000e+00 
  0.000000000000000000e+00   0.000000000000000000e+00 
  0.000000000000000000e+00   0.000000000000000000e+00 
  0.000000000000000000e+00   0.000000000000000000e+00 
  0.000000000000000000e+00   0.000000000000000000e+00 
  0.000000000000000000e+00   0.000000000000000000e+00 
  0.000000000000000000e+00   0.000000000000000000e+00 
  0.000000000000000000e+00   0.000000000000000000e+00 
  0.000000000000000000e+00   0.000000000000000000e+00 
  0.000000000000000000e+00   0.000000000000000000e+00 
  0.000000000000000000e+00   0.000000000000000000e+00 
  0.000000000000000000e+00   0.000000000000000000e+00 
  0.000000000000000000e+00   0.000000000000000000e+00 
  0.000000000000000000e+00   0.000000000000000000e+00 
  0.000000000000000000e+00   0.000000000000000000e+00 
  0.000000000000000000e+00   0.000000000000000000e+00 
  0.000000000000000000e+00   0.000000000000000000e+00 
  0.000000000000000000e+00   0.000000000000000000e+00 
  0.000000000000000000e+00   0.000000000000000000e+00 
  0.000000000000000000e+00   0.000000000000000000e+00 
  0.000000000000000000e+00   0.000000000000000000e+00 
  0.000000000000000000e+00   0.000000000000000000e+00 
  0.000000000000000000e+00   0.000000000000000000e+00 
  0.000000000000000000e+00   0.000000000000000000e+00 
  0.000000000000000000e+00   0.000000000000000000e+00 
  0.000000000000000000e+00   0.000000000000000000e+00 
  0.000000000000000000e+00   0.000000000000000000e+00 
 -8.679738268256319278e-03   0.000000000000000000e+00 
 -3.313163761049907167e-03   0.000000000000000000e+00 
  1.343885716050865695e-02   0.000000000000000000e+00 
 -4.711381159722468487e-03   0.000000000000000000e+00 
 -9.368848986920353100e-04   0.000000000000000000e+00 
  1.071667298674417118e-03   0.000000000000000000e+00 
  1.487464876845677421e-03   0.000000000000000000e+00 
  6.122587714344031491e-03   0.000000000000000000e+00 
  5.112214945256690103e-03   0.000000000000000000e+00 
 -1.397543679922817229e-02   0.000000000000000000e+00 
  2.482771687209633579e-02   0.000000000000000000e+00 
 -7.695965468883879564e-03   0.000000000000000000e+00 
  1.990196295082511876e-03   0.000000000000000000e+00 
 -1.688393764197475104e-03   0.000000000000000000e+00 
 -6.007155030965807135e-02   0.000000000000000000e+00 
  5.011228471994412514e-02   0.000000000000000000e+00 
  2.883751876652265907e-03   0.000000000000000000e+00 
  2.522374875843536729e-02   0.000000000000000000e+00 
  5.957733374088970517e-03   0.000000000000000000e+00 
 -7.832781411707352703e-03   0.000000000000000000e+00 
  2.335977507755190256e-03   0.000000000000000000e+00 
 -5.758855841122571990e-04   0.000000000000000000e+00 
  2.649764610396289038e-05   0.000000000000000000e+00 
 -2.167543134419246966e-04   0.000000000000000000e+00 
 -2.378442295594140616e-04   0.000000000000000000e+00 
  4.060862958431237651e-02   0.000000000000000000e+00 
  3.293705172836763201e-03   0.000000000000000000e+00 
 -2.131653949618340406e-03   0.000000000000000000e+00 
 -9.509097253611822304e-06   0.000000000000000000e+00 
 -2.317930012941358392e-02   0.000000000000000000e+00 
  1.147564221173520520e-02   0.000000000000000000e+00 
  2.587852627038957770e-02   0.000000000000000000e+00 
 -5.296911112964141147e-03   0.000000000000000000e+00 
 -4.545849189162252252e-02   0.000000000000000000e+00 
  3.892149031162264738e-02   0.000000000000000000e+00 
  4.600916057825088501e-03   0.000000000000000000e+00 
 -3.975221887230873108e-03   0.000000000000000000e+00 
 -3.629645705223077945e-02   0.000000000000000000e+00 
 -2.315797656774521707e-01   0.000000000000000000e+00 
  2.952017076313494942e-02   0.000000000000000000e+00 
  8.584755659103392167e-02   0.000000000000000000e+00 
 -6.171858869492995517e-03   0.000000000000000000e+00 
 -5.744853988289834457e-02   0.000000000000000000e+00 
  2.192012667655944547e-01   0.000000000000000000e+00 
  1.142113581299782216e-01   0.000000000000000000e+00 
 -5.929740667343140759e-01   0.000000000000000000e+00 
 -5.419437885284423828e-01   0.000000000000000000e+00 
  9.417087584733964400e-02   0.000000000000000000e+00 
 -6.006509647704663061e-04   0.000000000000000000e+00 
  4.187529440969227877e-03   0.000000000000000000e+00 
  2.760090120136735395e-02   0.000000000000000000e+00 
  5.318292230367659829e-02   0.000000000000000000e+00 
  1.991163566708558513e-02   0.000000000000000000e+00 
  1.205662488937376958e-01   0.000000000000000000e+00 
  1.058777561411262209e-03   0.000000000000000000e+00 
 -6.539667374454436518e-04   0.000000000000000000e+00 
 -9.801832959055897104e-03   0.000000000000000000e+00 
  3.468716517090796730e-02   0.000000000000000000e+00 
  5.921914055943492544e-02   0.000000000000000000e+00 
 -6.070583476684988629e-04   0.000000000000000000e+00 
  1.724795438349246979e-03   0.000000000000000000e+00 
  1.735368627123534246e-03   0.000000000000000000e+00 
 -2.668695815373209931e-04   0.000000000000000000e+00 
  1.401300262659786397e-02   0.000000000000000000e+00 
 -2.442626515403370849e-03   0.000000000000000000e+00 
 -9.698121249675752120e-02   0.000000000000000000e+00 
 -4.933440126478672895e-03   0.000000000000000000e+00 
 -4.372218623757363233e-03   0.000000000000000000e+00 
  5.908266641199556683e-03   0.000000000000000000e+00 
 -2.238856554031372070e-01   0.000000000000000000e+00 
  7.452395558357237382e-02   0.000000000000000000e+00 
 -3.295934945344925621e-02   0.000000000000000000e+00 
  1.334284245967865268e-01   0.000000000000000000e+00 
 -1.265912503004074374e-01   0.000000000000000000e+00 
 -2.791394591331481934e-01   0.000000000000000000e+00 
  4.683806374669077094e-02   0.000000000000000000e+00 
  0.000000000000000000e+00   0.000000000000000000e+00 
  0.000000000000000000e+00   0.000000000000000000e+00 
  0.000000000000000000e+00   0.000000000000000000e+00 
  0.000000000000000000e+00   0.000000000000000000e+00 
  0.000000000000000000e+00   0.000000000000000000e+00 
  0.000000000000000000e+00   0.000000000000000000e+00 
  0.000000000000000000e+00   0.000000000000000000e+00 
  0.000000000000000000e+00   0.000000000000000000e+00 
  0.000000000000000000e+00   0.000000000000000000e+00 
  0.000000000000000000e+00   0.000000000000000000e+00 
  0.000000000000000000e+00   0.000000000000000000e+00 
  0.000000000000000000e+00   0.000000000000000000e+00 
  0.000000000000000000e+00   0.000000000000000000e+00 
  0.000000000000000000e+00   0.000000000000000000e+00 
  0.000000000000000000e+00   0.000000000000000000e+00 
  0.000000000000000000e+00   0.000000000000000000e+00 
  0.000000000000000000e+00   0.000000000000000000e+00 
  0.000000000000000000e+00   0.000000000000000000e+00 
  0.000000000000000000e+00   0.000000000000000000e+00 
  0.000000000000000000e+00   0.000000000000000000e+00 
  0.000000000000000000e+00   0.000000000000000000e+00 
  0.000000000000000000e+00   0.000000000000000000e+00 
  0.000000000000000000e+00   0.000000000000000000e+00 
  0.000000000000000000e+00   0.000000000000000000e+00 
  0.000000000000000000e+00   0.000000000000000000e+00 
  0.000000000000000000e+00   0.000000000000000000e+00 
  0.000000000000000000e+00   0.000000000000000000e+00 
  0.000000000000000000e+00   0.000000000000000000e+00 
  0.000000000000000000e+00   0.000000000000000000e+00 
  0.000000000000000000e+00   0.000000000000000000e+00 
  0.000000000000000000e+00   0.000000000000000000e+00 
  0.000000000000000000e+00   0.000000000000000000e+00 
  0.000000000000000000e+00   0.000000000000000000e+00 
  0.000000000000000000e+00   0.000000000000000000e+00 
  0.000000000000000000e+00   0.000000000000000000e+00 
  0.000000000000000000e+00   0.000000000000000000e+00 
  0.000000000000000000e+00   0.000000000000000000e+00 
  0.000000000000000000e+00   0.000000000000000000e+00 
  0.000000000000000000e+00   0.000000000000000000e+00 
  0.000000000000000000e+00   0.000000000000000000e+00 
  0.000000000000000000e+00   0.000000000000000000e+00 
  0.000000000000000000e+00   0.000000000000000000e+00 
  0.000000000000000000e+00   0.000000000000000000e+00 
  0.000000000000000000e+00   0.000000000000000000e+00 
  0.000000000000000000e+00   0.000000000000000000e+00 
  0.000000000000000000e+00   0.000000000000000000e+00 
  0.000000000000000000e+00   0.000000000000000000e+00 
  0.000000000000000000e+00   0.000000000000000000e+00 
  0.000000000000000000e+00   0.000000000000000000e+00 
  0.000000000000000000e+00   0.000000000000000000e+00 
  0.000000000000000000e+00   0.000000000000000000e+00 
  0.000000000000000000e+00   0.000000000000000000e+00 
  0.000000000000000000e+00   0.000000000000000000e+00 
  0.000000000000000000e+00   0.000000000000000000e+00 
  0.000000000000000000e+00   0.000000000000000000e+00 
  0.000000000000000000e+00   0.000000000000000000e+00 
  0.000000000000000000e+00   0.000000000000000000e+00 
  0.000000000000000000e+00   0.000000000000000000e+00 
  0.000000000000000000e+00   0.000000000000000000e+00 
  0.000000000000000000e+00   0.000000000000000000e+00 
  0.000000000000000000e+00   0.000000000000000000e+00 
  0.000000000000000000e+00   0.000000000000000000e+00 
  0.000000000000000000e+00   0.000000000000000000e+00 
  0.000000000000000000e+00   0.000000000000000000e+00 
  0.000000000000000000e+00   0.000000000000000000e+00 
  0.000000000000000000e+00   0.000000000000000000e+00 
  0.000000000000000000e+00   0.000000000000000000e+00 
  0.000000000000000000e+00   0.000000000000000000e+00 
  0.000000000000000000e+00   0.000000000000000000e+00 
  0.000000000000000000e+00   0.000000000000000000e+00 
  0.000000000000000000e+00   0.000000000000000000e+00 
  0.000000000000000000e+00   0.000000000000000000e+00 
  0.000000000000000000e+00   0.000000000000000000e+00 
  0.000000000000000000e+00   0.000000000000000000e+00 
  0.000000000000000000e+00   0.000000000000000000e+00 
  0.000000000000000000e+00   0.000000000000000000e+00 
  2.436531707644471259e-03   0.000000000000000000e+00 
  1.405419781804234831e-03   0.000000000000000000e+00 
 -1.698156469501544124e-03   0.000000000000000000e+00 
  1.059624832123319147e-03   0.000000000000000000e+00 
  3.685384057462202413e-03   0.000000000000000000e+00 
  1.189416390843747989e-03   0.000000000000000000e+00 
  2.112373011186587969e-03   0.000000000000000000e+00 
 -1.086171483620587512e-03   0.000000000000000000e+00 
  4.820215515792390659e-03   0.000000000000000000e+00 
  4.764439538121213909e-03   0.000000000000000000e+00 
 -1.061652228236217854e-02   0.000000000000000000e+00 
 -1.664295792579652614e-02   0.000000000000000000e+00 
  9.065000340342920654e-04   0.000000000000000000e+00 
 -1.552678411826615172e-03   0.000000000000000000e+00 
  5.884195864200591347e-02   0.000000000000000000e+00 
  3.845307603478438641e-02   0.000000000000000000e+00 
 -1.609972678124914824e-03   0.000000000000000000e+00 
 -6.700451485812706533e-03   0.000000000000000000e+00 
  5.602588877081879706e-03   0.000000000000000000e+00 
 -5.799722392112019280e-03   0.000000000000000000e+00 
 -2.369166468270254735e-04   0.000000000000000000e+00 
 -1.985743074328599650e-05   0.000000000000000000e+00 
  8.044480928219847242e-04   0.000000000000000000e+00 
 -2.265592192998152699e-04   0.000000000000000000e+00 
  2.615625562611971120e-04   0.000000000000000000e+00 
  1.755636557936668743e-02   0.000000000000000000e+00 
  4.258492588996886513e-02   0.000000000000000000e+00 
 -3.522559127304698660e-04   0.000000000000000000e+00 
 -1.694551086984575228e-03   0.000000000000000000e+00 
  5.809001624584188457e-03   0.000000000000000000e+00 
  1.451930584153297875e-04   0.000000000000000000e+00 
 -1.191681809723379656e-02   0.000000000000000000e+00 
 -2.221340686082836149e-02   0.000000000000000000e+00 
  1.754367351531982075e-02   0.000000000000000000e+00 
 -1.340293698012830041e-02   0.000000000000000000e+00 
  1.020840252749621868e-03   0.000000000000000000e+00 
 -2.435457659885287285e-03   0.000000000000000000e+00 
 -2.383929342031479992e-01   0.000000000000000000e+00 
  3.719130158424386462e-02   0.000000000000000000e+00 
 -5.878476798534391229e-02   0.000000000000000000e+00 
 -9.404530748724902744e-03   0.000000000000000000e+00 
  2.722272416576736621e-03   0.000000000000000000e+00 
  1.718413084745407798e-02   0.000000000000000000e+00 
 -1.058744564652442377e-01   0.000000000000000000e+00 
  2.833804786205291748e-01   0.000000000000000000e+00 
 -5.826746225357056774e-01   0.000000000000000000e+00 
  6.022337079048155628e-01   0.000000000000000000e+00 
 -3.066788613796234825e-02   0.000000000000000000e+00 
 -1.904550241306423924e-03   0.000000000000000000e+00 
 -2.151422668248414560e-03   0.000000000000000000e+00 
 -1.076475903391837206e-02   0.000000000000000000e+00 
 -1.473551895469427109e-02   0.000000000000000000e+00 
 -6.322108209133144030e-02   0.000000000000000000e+00 
 -3.591691330075257038e-02   0.000000000000000000e+00 
 -1.415148726664483764e-03   0.000000000000000000e+00 
 -2.552381018176674843e-03   0.000000000000000000e+00 
  3.904723562300204363e-03   0.000000000000000000e+00 
  6.980807334184649382e-02   0.000000000000000000e+00 
 -3.626703098416331900e-02   0.000000000000000000e+00 
  1.676235930062830448e-03   0.000000000000000000e+00 
  1.790703390724957206e-03   0.000000000000000000e+00 
 -1.221045269630848928e-03   0.000000000000000000e+00 
  3.556656301952896876e-04   0.000000000000000000e+00 
 -3.338058711960903511e-03   0.000000000000000000e+00 
 -1.087429225444793701e-01   0.000000000000000000e+00 
 -8.701158687472310485e-03   0.000000000000000000e+00 
  1.190719078294933059e-03   0.000000000000000000e+00 
 -1.191608724184334061e-03   0.000000000000000000e+00 
 -4.825589712709175451e-03   0.000000000000000000e+00 
 -6.791794300079345703e-02   0.000000000000000000e+00 
 -2.189048975706100464e-01   0.000000000000000000e+00 
  1.636679656803608635e-02   0.000000000000000000e+00 
 -5.144749954342843490e-02   0.000000000000000000e+00 
  2.295907437801361917e-01   0.000000000000000000e+00 
 -1.648643054068088185e-02   0.000000000000000000e+00 
 -1.587585173547268608e-02   0.000000000000000000e+00 
  0.000000000000000000e+00   0.000000000000000000e+00 
  0.000000000000000000e+00   0.000000000000000000e+00 
  0.000000000000000000e+00   0.000000000000000000e+00 
  0.000000000000000000e+00   0.000000000000000000e+00 
  0.000000000000000000e+00   0.000000000000000000e+00 
  0.000000000000000000e+00   0.000000000000000000e+00 
  0.000000000000000000e+00   0.000000000000000000e+00 
  0.000000000000000000e+00   0.000000000000000000e+00 
  0.000000000000000000e+00   0.000000000000000000e+00 
  0.000000000000000000e+00   0.000000000000000000e+00 
  0.000000000000000000e+00   0.000000000000000000e+00 
  0.000000000000000000e+00   0.000000000000000000e+00 
  0.000000000000000000e+00   0.000000000000000000e+00 
  0.000000000000000000e+00   0.000000000000000000e+00 
  0.000000000000000000e+00   0.000000000000000000e+00 
  0.000000000000000000e+00   0.000000000000000000e+00 
  0.000000000000000000e+00   0.000000000000000000e+00 
  0.000000000000000000e+00   0.000000000000000000e+00 
  0.000000000000000000e+00   0.000000000000000000e+00 
  0.000000000000000000e+00   0.000000000000000000e+00 
  0.000000000000000000e+00   0.000000000000000000e+00 
  0.000000000000000000e+00   0.000000000000000000e+00 
  0.000000000000000000e+00   0.000000000000000000e+00 
  0.000000000000000000e+00   0.000000000000000000e+00 
  0.000000000000000000e+00   0.000000000000000000e+00 
  0.000000000000000000e+00   0.000000000000000000e+00 
  0.000000000000000000e+00   0.000000000000000000e+00 
  0.000000000000000000e+00   0.000000000000000000e+00 
  0.000000000000000000e+00   0.000000000000000000e+00 
  0.000000000000000000e+00   0.000000000000000000e+00 
  0.000000000000000000e+00   0.000000000000000000e+00 
  0.000000000000000000e+00   0.000000000000000000e+00 
  0.000000000000000000e+00   0.000000000000000000e+00 
  0.000000000000000000e+00   0.000000000000000000e+00 
  0.000000000000000000e+00   0.000000000000000000e+00 
  0.000000000000000000e+00   0.000000000000000000e+00 
  0.000000000000000000e+00   0.000000000000000000e+00 
  0.000000000000000000e+00   0.000000000000000000e+00 
  0.000000000000000000e+00   0.000000000000000000e+00 
  0.000000000000000000e+00   0.000000000000000000e+00 
  0.000000000000000000e+00   0.000000000000000000e+00 
  0.000000000000000000e+00   0.000000000000000000e+00 
  0.000000000000000000e+00   0.000000000000000000e+00 
  0.000000000000000000e+00   0.000000000000000000e+00 
  0.000000000000000000e+00   0.000000000000000000e+00 
  0.000000000000000000e+00   0.000000000000000000e+00 
  0.000000000000000000e+00   0.000000000000000000e+00 
  0.000000000000000000e+00   0.000000000000000000e+00 
  0.000000000000000000e+00   0.000000000000000000e+00 
  0.000000000000000000e+00   0.000000000000000000e+00 
  0.000000000000000000e+00   0.000000000000000000e+00 
  0.000000000000000000e+00   0.000000000000000000e+00 
  0.000000000000000000e+00   0.000000000000000000e+00 
  0.000000000000000000e+00   0.000000000000000000e+00 
  0.000000000000000000e+00   0.000000000000000000e+00 
  0.000000000000000000e+00   0.000000000000000000e+00 
  0.000000000000000000e+00   0.000000000000000000e+00 
  0.000000000000000000e+00   0.000000000000000000e+00 
  0.000000000000000000e+00   0.000000000000000000e+00 
  0.000000000000000000e+00   0.000000000000000000e+00 
  0.000000000000000000e+00   0.000000000000000000e+00 
  0.000000000000000000e+00   0.000000000000000000e+00 
  0.000000000000000000e+00   0.000000000000000000e+00 
  0.000000000000000000e+00   0.000000000000000000e+00 
  0.000000000000000000e+00   0.000000000000000000e+00 
  0.000000000000000000e+00   0.000000000000000000e+00 
  0.000000000000000000e+00   0.000000000000000000e+00 
  0.000000000000000000e+00   0.000000000000000000e+00 
  0.000000000000000000e+00   0.000000000000000000e+00 
  0.000000000000000000e+00   0.000000000000000000e+00 
  0.000000000000000000e+00   0.000000000000000000e+00 
  0.000000000000000000e+00   0.000000000000000000e+00 
  0.000000000000000000e+00   0.000000000000000000e+00 
  0.000000000000000000e+00   0.000000000000000000e+00 
  0.000000000000000000e+00   0.000000000000000000e+00 
  0.000000000000000000e+00   0.000000000000000000e+00 
  9.672448504715958420e-04   0.000000000000000000e+00 
  7.306917541440708145e-05   0.000000000000000000e+00 
  1.132920151576400454e-03   0.000000000000000000e+00 
 -2.955191594082789497e-04   0.000000000000000000e+00 
  1.808447705116653407e-04   0.000000000000000000e+00 
  3.720995737239452266e-04   0.000000000000000000e+00 
  1.772045623511100260e-03   0.000000000000000000e+00 
  4.129095003008789559e-03   0.000000000000000000e+00 
  2.750477520749133355e-03   0.000000000000000000e+00 
 -4.390961257740860638e-04   0.000000000000000000e+00 
 -2.157278941013579499e-04   0.000000000000000000e+00 
  1.035793102346413809e-03   0.000000000000000000e+00 
 -2.656886912882337401e-02   0.000000000000000000e+00 
  1.345487311482422739e-02   0.000000000000000000e+00 
 -2.011877804761328021e-04   0.000000000000000000e+00 
 -3.302458499092295898e-04   0.000000000000000000e+00 
 -3.076232969760923507e-04   0.000000000000000000e+00 
  3.039373550564064986e-03   0.000000000000000000e+00 
  1.449824485462157292e-04   0.000000000000000000e+00 
 -2.576282422523940691e-04   0.000000000000000000e+00 
  2.274685539305226648e-04   0.000000000000000000e+00 
  8.359642233699580765e-04   0.000000000000000000e+00 
  1.557056093588469786e-04   0.000000000000000000e+00 
 -9.570710826665161956e-04   0.000000000000000000e+00 
 -7.104774122126400471e-04   0.000000000000000000e+00 
 -7.554178009741015871e-04   0.000000000000000000e+00 
 -3.534690476953981681e-04   0.000000000000000000e+00 
 -3.481867024675006431e-03   0.000000000000000000e+00 
  1.411676779389378633e-02   0.000000000000000000e+00 
 -2.399837132543320220e-03   0.000000000000000000e+00 
  2.755671739578241432e-03   0.000000000000000000e+00 
  5.522086750715970993e-03   0.000000000000000000e+00 
 -3.446847200393678493e-03   0.000000000000000000e+00 
  1.009694300591949334e-03   0.000000000000000000e+00 
  1.717496081255381326e-03   0.000000000000000000e+00 
 -2.460177838802337924e-01   0.000000000000000000e+00 
  5.658204108476640182e-02   0.000000000000000000e+00 
  1.705715199932456450e-03   0.000000000000000000e+00 
  3.381650662049651580e-03   0.000000000000000000e+00 
  1.255751587450504086e-03   0.000000000000000000e+00 
  1.086557283997535706e-03   0.000000000000000000e+00 
 -7.287106942385437706e-03   0.000000000000000000e+00 
 -3.270690795034170151e-03   0.000000000000000000e+00 
 -2.056956524029374123e-03   0.000000000000000000e+00 
  4.239139379933479159e-04   0.000000000000000000e+00 
 -1.431970740668475845e-03   0.000000000000000000e+00 
  6.938892765901983868e-04   0.000000000000000000e+00 
  8.778607472777368373e-03   0.000000000000000000e+00 
 -2.216493636369704923e-01   0.000000000000000000e+00 
 -8.879200220108030006e-01   0.000000000000000000e+00 
  9.792498312890507949e-04   0.000000000000000000e+00 
  1.044502109289169312e-02   0.000000000000000000e+00 
 -5.146787734702237089e-04   0.000000000000000000e+00 
  3.366009797900914712e-03   0.000000000000000000e+00 
  7.793395221233367920e-02   0.000000000000000000e+00 
 -2.019725181162357677e-02   0.000000000000000000e+00 
  2.784360898658634967e-03   0.000000000000000000e+00 
  1.749898219713940945e-04   0.000000000000000000e+00 
 -1.008556573651731448e-03   0.000000000000000000e+00 
 -1.299069263041019657e-03   0.000000000000000000e+00 
  2.828811062499880791e-03   0.000000000000000000e+00 
  1.089531346224247759e-03   0.000000000000000000e+00 
  7.043176330626010027e-03   0.000000000000000000e+00 
  2.931414404883979450e-03   0.000000000000000000e+00 
  2.341155632166193833e-04   0.000000000000000000e+00 
  1.160781597718596025e-03   0.000000000000000000e+00 
  2.856844663619995672e-01   0.000000000000000000e+00 
  7.511645555496217208e-02   0.000000000000000000e+00 
 -1.396354637108747528e-03   0.000000000000000000e+00 
 -1.483537489548325539e-03   0.000000000000000000e+00 
  3.488887450657782770e-04   0.000000000000000000e+00 
  4.361079074442388362e-03   0.000000000000000000e+00 
  1.910736970603466381e-02   0.000000000000000000e+00 
 -2.535923384130001068e-03   0.000000000000000000e+00 
 -1.119289663620292924e-03   0.000000000000000000e+00 
  8.973911404609685380e-03   0.000000000000000000e+00 
  0.000000000000000000e+00   0.000000000000000000e+00 
  0.000000000000000000e+00   0.000000000000000000e+00 
  0.000000000000000000e+00   0.000000000000000000e+00 
  0.000000000000000000e+00   0.000000000000000000e+00 
  0.000000000000000000e+00   0.000000000000000000e+00 
  0.000000000000000000e+00   0.000000000000000000e+00 
  0.000000000000000000e+00   0.000000000000000000e+00 
  0.000000000000000000e+00   0.000000000000000000e+00 
  0.000000000000000000e+00   0.000000000000000000e+00 
  0.000000000000000000e+00   0.000000000000000000e+00 
  0.000000000000000000e+00   0.000000000000000000e+00 
  0.000000000000000000e+00   0.000000000000000000e+00 
  0.000000000000000000e+00   0.000000000000000000e+00 
  0.000000000000000000e+00   0.000000000000000000e+00 
  0.000000000000000000e+00   0.000000000000000000e+00 
  0.000000000000000000e+00   0.000000000000000000e+00 
  0.000000000000000000e+00   0.000000000000000000e+00 
  0.000000000000000000e+00   0.000000000000000000e+00 
  0.000000000000000000e+00   0.000000000000000000e+00 
  0.000000000000000000e+00   0.000000000000000000e+00 
  0.000000000000000000e+00   0.000000000000000000e+00 
  0.000000000000000000e+00   0.000000000000000000e+00 
  0.000000000000000000e+00   0.000000000000000000e+00 
  0.000000000000000000e+00   0.000000000000000000e+00 
  0.000000000000000000e+00   0.000000000000000000e+00 
  0.000000000000000000e+00   0.000000000000000000e+00 
  0.000000000000000000e+00   0.000000000000000000e+00 
  0.000000000000000000e+00   0.000000000000000000e+00 
  0.000000000000000000e+00   0.000000000000000000e+00 
  0.000000000000000000e+00   0.000000000000000000e+00 
  0.000000000000000000e+00   0.000000000000000000e+00 
  0.000000000000000000e+00   0.000000000000000000e+00 
  0.000000000000000000e+00   0.000000000000000000e+00 
  0.000000000000000000e+00   0.000000000000000000e+00 
  0.000000000000000000e+00   0.000000000000000000e+00 
  0.000000000000000000e+00   0.000000000000000000e+00 
  0.000000000000000000e+00   0.000000000000000000e+00 
  0.000000000000000000e+00   0.000000000000000000e+00 
  0.000000000000000000e+00   0.000000000000000000e+00 
  0.000000000000000000e+00   0.000000000000000000e+00 
  0.000000000000000000e+00   0.000000000000000000e+00 
  0.000000000000000000e+00   0.000000000000000000e+00 
  0.000000000000000000e+00   0.000000000000000000e+00 
  0.000000000000000000e+00   0.000000000000000000e+00 
  0.000000000000000000e+00   0.000000000000000000e+00 
  0.000000000000000000e+00   0.000000000000000000e+00 
  0.000000000000000000e+00   0.000000000000000000e+00 
  0.000000000000000000e+00   0.000000000000000000e+00 
  0.000000000000000000e+00   0.000000000000000000e+00 
  0.000000000000000000e+00   0.000000000000000000e+00 
  0.000000000000000000e+00   0.000000000000000000e+00 
  0.000000000000000000e+00   0.000000000000000000e+00 
  0.000000000000000000e+00   0.000000000000000000e+00 
  0.000000000000000000e+00   0.000000000000000000e+00 
  0.000000000000000000e+00   0.000000000000000000e+00 
  0.000000000000000000e+00   0.000000000000000000e+00 
  0.000000000000000000e+00   0.000000000000000000e+00 
  0.000000000000000000e+00   0.000000000000000000e+00 
  0.000000000000000000e+00   0.000000000000000000e+00 
  0.000000000000000000e+00   0.000000000000000000e+00 
  0.000000000000000000e+00   0.000000000000000000e+00 
  0.000000000000000000e+00   0.000000000000000000e+00 
  0.000000000000000000e+00   0.000000000000000000e+00 
  0.000000000000000000e+00   0.000000000000000000e+00 
  0.000000000000000000e+00   0.000000000000000000e+00 
  0.000000000000000000e+00   0.000000000000000000e+00 
  0.000000000000000000e+00   0.000000000000000000e+00 
  0.000000000000000000e+00   0.000000000000000000e+00 
  0.000000000000000000e+00   0.000000000000000000e+00 
  0.000000000000000000e+00   0.000000000000000000e+00 
  0.000000000000000000e+00   0.000000000000000000e+00 
  0.000000000000000000e+00   0.000000000000000000e+00 
  0.000000000000000000e+00   0.000000000000000000e+00 
  0.000000000000000000e+00   0.000000000000000000e+00 
  0.000000000000000000e+00   0.000000000000000000e+00 
  0.000000000000000000e+00   0.000000000000000000e+00 
 -1.065122894942751794e-03   0.000000000000000000e+00 
  5.641327588812554287e-04   0.000000000000000000e+00 
  3.399496490601452373e-04   0.000000000000000000e+00 
  5.935709486907150942e-05   0.000000000000000000e+00 
  3.135199658572899854e-04   0.000000000000000000e+00 
  3.411071666050733233e-04   0.000000000000000000e+00 
 -8.235440473072319720e-04   0.000000000000000000e+00 
  4.213023930788009803e-03   0.000000000000000000e+00 
 -4.580268170684545677e-03   0.000000000000000000e+00 
  9.103491320274770260e-04   0.000000000000000000e+00 
 -2.398922879367539141e-05   0.000000000000000000e+00 
  3.106873482468354777e-04   0.000000000000000000e+00 
 -1.395587902516126112e-02   0.000000000000000000e+00 
 -1.996571943163884602e-02   0.000000000000000000e+00 
  1.872278517113222529e-04   0.000000000000000000e+00 
 -9.451808000453737002e-05   0.000000000000000000e+00 
  6.048876675777142701e-04   0.000000000000000000e+00 
 -6.090363604016723334e-05   0.000000000000000000e+00 
 -6.777615053579211235e-04   0.000000000000000000e+00 
  8.371637522941550113e-05   0.000000000000000000e+00 
 -2.749540726654223959e-04   0.000000000000000000e+00 
 -1.926582044688989089e-04   0.000000000000000000e+00 
  7.352551328949619418e-04   0.000000000000000000e+00 
  6.620223866775628652e-04   0.000000000000000000e+00 
 -8.205689373426143692e-04   0.000000000000000000e+00 
  1.072397390089432102e-05   0.000000000000000000e+00 
 -1.040771385305565191e-04   0.000000000000000000e+00 
  1.501006167381999969e-02   0.000000000000000000e+00 
  2.310673473402849974e-03   0.000000000000000000e+00 
  1.181129249744116393e-03   0.000000000000000000e+00 
 -8.029055316001170329e-04   0.000000000000000000e+00 
  6.620736327022313204e-03   0.000000000000000000e+00 
  7.004542276263239602e-03   0.000000000000000000e+00 
 -1.029929379001260237e-03   0.000000000000000000e+00 
 -3.494069969747222557e-04   0.000000000000000000e+00 
 -5.886355042457581260e-02   0.000000000000000000e+00 
 -2.293512374162674505e-01   0.000000000000000000e+00 
 -1.606757286936045127e-03   0.000000000000000000e+00 
 -2.156468806788326177e-03   0.000000000000000000e+00 
 -1.205104752443731265e-03   0.000000000000000000e+00 
 -1.999727217480540276e-03   0.000000000000000000e+00 
  2.662932965904476427e-04   0.000000000000000000e+00 
  3.850821813102811033e-04   0.000000000000000000e+00 
 -2.400962868705391884e-03   0.000000000000000000e+00 
 -1.973163016373290256e-04   0.000000000000000000e+00 
  1.602666336111724594e-03   0.000000000000000000e+00 
  4.380054597277195346e-04   0.000000000000000000e+00 
 -7.908167899586262487e-04   0.000000000000000000e+00 
  8.983624577522276722e-01   0.000000000000000000e+00 
 -2.211118489503859919e-01   0.000000000000000000e+00 
 -2.533193910494445670e-04   0.000000000000000000e+00 
 -3.299283562228085779e-04   0.000000000000000000e+00 
  1.389231416396796920e-03   0.000000000000000000e+00 
 -2.206491481047121231e-04   0.000000000000000000e+00 
  1.873455941677093506e-02   0.000000000000000000e+00 
  8.123669773340226608e-02   0.000000000000000000e+00 
 -8.047552546486262844e-04   0.000000000000000000e+00 
  6.134900031611320104e-04   0.000000000000000000e+00 
  2.259570639580488639e-03   0.000000000000000000e+00 
 -2.203385811299085617e-03   0.000000000000000000e+00 
 -1.530245644971728542e-03   0.000000000000000000e+00 
 -8.279512636363504582e-03   0.000000000000000000e+00 
  1.305469544604420445e-03   0.000000000000000000e+00 
 -1.116725150495767810e-03   0.000000000000000000e+00 
 -1.481308951042592092e-03   0.000000000000000000e+00 
  1.822962425649166324e-03   0.000000000000000000e+00 
  7.521015405654908614e-02   0.000000000000000000e+00 
 -2.801952064037323553e-01   0.000000000000000000e+00 
  1.525728002889086173e-04   0.000000000000000000e+00 
 -6.310538738034665585e-04   0.000000000000000000e+00 
  2.132742432877421379e-03   0.000000000000000000e+00 
 -1.302719465456903198e-03   0.000000000000000000e+00 
 -1.288557657971978404e-03   0.000000000000000000e+00 
  2.237905748188495636e-03   0.000000000000000000e+00 
 -8.882809779606758464e-04   0.000000000000000000e+00 
 -3.642667143139991979e-04   0.000000000000000000e+00 
  0.000000000000000000e+00   0.000000000000000000e+00 
  0.000000000000000000e+00   0.000000000000000000e+00 
  0.000000000000000000e+00   0.000000000000000000e+00 
  0.000000000000000000e+00   0.000000000000000000e+00 
  0.000000000000000000e+00   0.000000000000000000e+00 
  0.000000000000000000e+00   0.000000000000000000e+00 
  0.000000000000000000e+00   0.000000000000000000e+00 
  0.000000000000000000e+00   0.000000000000000000e+00 
  0.000000000000000000e+00   0.000000000000000000e+00 
  0.000000000000000000e+00   0.000000000000000000e+00 
  0.000000000000000000e+00   0.000000000000000000e+00 
  0.000000000000000000e+00   0.000000000000000000e+00 
  0.000000000000000000e+00   0.000000000000000000e+00 
  0.000000000000000000e+00   0.000000000000000000e+00 
  0.000000000000000000e+00   0.000000000000000000e+00 
  0.000000000000000000e+00   0.000000000000000000e+00 
  0.000000000000000000e+00   0.000000000000000000e+00 
  0.000000000000000000e+00   0.000000000000000000e+00 
  0.000000000000000000e+00   0.000000000000000000e+00 
  0.000000000000000000e+00   0.000000000000000000e+00 
  0.000000000000000000e+00   0.000000000000000000e+00 
  0.000000000000000000e+00   0.000000000000000000e+00 
  0.000000000000000000e+00   0.000000000000000000e+00 
  0.000000000000000000e+00   0.000000000000000000e+00 
  0.000000000000000000e+00   0.000000000000000000e+00 
  0.000000000000000000e+00   0.000000000000000000e+00 
  0.000000000000000000e+00   0.000000000000000000e+00 
  0.000000000000000000e+00   0.000000000000000000e+00 
  0.000000000000000000e+00   0.000000000000000000e+00 
  0.000000000000000000e+00   0.000000000000000000e+00 
  0.000000000000000000e+00   0.000000000000000000e+00 
  0.000000000000000000e+00   0.000000000000000000e+00 
  0.000000000000000000e+00   0.000000000000000000e+00 
  0.000000000000000000e+00   0.000000000000000000e+00 
  0.000000000000000000e+00   0.000000000000000000e+00 
  0.000000000000000000e+00   0.000000000000000000e+00 
  0.000000000000000000e+00   0.000000000000000000e+00 
  0.000000000000000000e+00   0.000000000000000000e+00 
  0.000000000000000000e+00   0.000000000000000000e+00 
  0.000000000000000000e+00   0.000000000000000000e+00 
  0.000000000000000000e+00   0.000000000000000000e+00 
  0.000000000000000000e+00   0.000000000000000000e+00 
  0.000000000000000000e+00   0.000000000000000000e+00 
  0.000000000000000000e+00   0.000000000000000000e+00 
  0.000000000000000000e+00   0.000000000000000000e+00 
  0.000000000000000000e+00   0.000000000000000000e+00 
  0.000000000000000000e+00   0.000000000000000000e+00 
  0.000000000000000000e+00   0.000000000000000000e+00 
  0.000000000000000000e+00   0.000000000000000000e+00 
  0.000000000000000000e+00   0.000000000000000000e+00 
  0.000000000000000000e+00   0.000000000000000000e+00 
  0.000000000000000000e+00   0.000000000000000000e+00 
  0.000000000000000000e+00   0.000000000000000000e+00 
  0.000000000000000000e+00   0.000000000000000000e+00 
  0.000000000000000000e+00   0.000000000000000000e+00 
  0.000000000000000000e+00   0.000000000000000000e+00 
  0.000000000000000000e+00   0.000000000000000000e+00 
  0.000000000000000000e+00   0.000000000000000000e+00 
  0.000000000000000000e+00   0.000000000000000000e+00 
  0.000000000000000000e+00   0.000000000000000000e+00 
  0.000000000000000000e+00   0.000000000000000000e+00 
  0.000000000000000000e+00   0.000000000000000000e+00 
  0.000000000000000000e+00   0.000000000000000000e+00 
  0.000000000000000000e+00   0.000000000000000000e+00 
  0.000000000000000000e+00   0.000000000000000000e+00 
  0.000000000000000000e+00   0.000000000000000000e+00 
  0.000000000000000000e+00   0.000000000000000000e+00 
  0.000000000000000000e+00   0.000000000000000000e+00 
  0.000000000000000000e+00   0.000000000000000000e+00 
  0.000000000000000000e+00   0.000000000000000000e+00 
  0.000000000000000000e+00   0.000000000000000000e+00 
  0.000000000000000000e+00   0.000000000000000000e+00 
  0.000000000000000000e+00   0.000000000000000000e+00 
  0.000000000000000000e+00   0.000000000000000000e+00 
  0.000000000000000000e+00   0.000000000000000000e+00 
  0.000000000000000000e+00   0.000000000000000000e+00 
  5.087858531623673693e-03   0.000000000000000000e+00 
  7.620492950082171334e-03   0.000000000000000000e+00 
  3.567626699805336900e-03   0.000000000000000000e+00 
  3.541001817211640156e-03   0.000000000000000000e+00 
  1.191105809993957135e-03   0.000000000000000000e+00 
 -2.356122061610181617e-02   0.000000000000000000e+00 
  5.246950313448851821e-02   0.000000000000000000e+00 
 -2.417886629700521928e-03   0.000000000000000000e+00 
  4.241032991558080049e-03   0.000000000000000000e+00 
  2.843673713505287179e-02   0.000000000000000000e+00 
 -6.471259985119181581e-03   0.000000000000000000e+00 
  3.382091235835162643e-04   0.000000000000000000e+00 
  3.964307252317225195e-04   0.000000000000000000e+00 
 -9.240512008547448978e-05   0.000000000000000000e+00 
 -3.137910971418037421e-03   0.000000000000000000e+00 
  7.437766529619718910e-03   0.000000000000000000e+00 
  5.112291127443290700e-02   0.000000000000000000e+00 
 -1.259752511978151635e-01   0.000000000000000000e+00 
  1.476799836382267908e-03   0.000000000000000000e+00 
  5.177768878638750426e-03   0.000000000000000000e+00 
 -1.871914044022571222e-02   0.000000000000000000e+00 
 -1.688736665528267893e-04   0.000000000000000000e+00 
  2.605554182082411374e-04   0.000000000000000000e+00 
 -9.360274998471158480e-05   0.000000000000000000e+00 
  3.239186844439231530e-05   0.000000000000000000e+00 
 -6.204447709023959423e-03   0.000000000000000000e+00 
 -4.491444851737491661e-04   0.000000000000000000e+00 
  4.053286276757718000e-03   0.000000000000000000e+00 
 -3.222914412617682110e-03   0.000000000000000000e+00 
  4.210873693227762393e-02   0.000000000000000000e+00 
  8.906655013561248779e-02   0.000000000000000000e+00 
  8.020805194973943883e-03   0.000000000000000000e+00 
 -8.554100990295406687e-03   0.000000000000000000e+00 
 -2.276243828237039038e-02   0.000000000000000000e+00 
 -9.643993526697161589e-02   0.000000000000000000e+00 
  7.348627317696811503e-03   0.000000000000000000e+00 
 -2.691376022994518714e-03   0.000000000000000000e+00 
  3.387154138181351529e-04   0.000000000000000000e+00 
  2.517706016078593515e-03   0.000000000000000000e+00 
 -3.002216573804615193e-03   0.000000000000000000e+00 
  6.901408080011607951e-03   0.000000000000000000e+00 
  6.157035753130898209e-02   0.000000000000000000e+00 
  1.244012117385865368e-01   0.000000000000000000e+00 
  2.023068256676198353e-03   0.000000000000000000e+00 
 -6.119821220636368665e-03   0.000000000000000000e+00 
  1.455883588641882116e-02   0.000000000000000000e+00 
  9.550800547003746033e-03   0.000000000000000000e+00 
  4.863058626651765581e-01   0.000000000000000000e+00 
  9.303433820605276280e-03   0.000000000000000000e+00 
  3.873387351632117531e-02   0.000000000000000000e+00 
  3.787583410739898127e-01   0.000000000000000000e+00 
  4.679370820522309460e-01   0.000000000000000000e+00 
 -1.199728064239025116e-02   0.000000000000000000e+00 
  1.366484910249710083e-02   0.000000000000000000e+00 
 -5.973513470962639287e-04   0.000000000000000000e+00 
 -1.455834833905100822e-03   0.000000000000000000e+00 
 -1.447723805904391377e-02   0.000000000000000000e+00 
 -1.817732467316091711e-03   0.000000000000000000e+00 
 -5.802347324788572139e-03   0.000000000000000000e+00 
  8.467169391224175698e-05   0.000000000000000000e+00 
 -2.653224160894751549e-03   0.000000000000000000e+00 
 -6.061340682208535887e-04   0.000000000000000000e+00 
 -1.261038938537240028e-03   0.000000000000000000e+00 
 -1.171064190566529876e-02   0.000000000000000000e+00 
 -5.300681368680718969e-05   0.000000000000000000e+00 
  8.319961838424204045e-03   0.000000000000000000e+00 
 -1.120514236390590841e-02   0.000000000000000000e+00 
 -3.911895677447319031e-03   0.000000000000000000e+00 
 -3.992403447628020130e-01   0.000000000000000000e+00 
 -5.130408331751822558e-03   0.000000000000000000e+00 
 -8.308453288919858415e-06   0.000000000000000000e+00 
  1.465342789888382236e-01   0.000000000000000000e+00 
 -3.159044086933136541e-01   0.000000000000000000e+00 
  1.233632396906614651e-02   0.000000000000000000e+00 
 -1.990671642124652863e-02   0.000000000000000000e+00 
  1.598220914602280218e-01   0.000000000000000000e+00 
  0.000000000000000000e+00   0.000000000000000000e+00 
  0.000000000000000000e+00   0.000000000000000000e+00 
  0.000000000000000000e+00   0.000000000000000000e+00 
  0.000000000000000000e+00   0.000000000000000000e+00 
  0.000000000000000000e+00   0.000000000000000000e+00 
  0.000000000000000000e+00   0.000000000000000000e+00 
  0.000000000000000000e+00   0.000000000000000000e+00 
  0.000000000000000000e+00   0.000000000000000000e+00 
  0.000000000000000000e+00   0.000000000000000000e+00 
  0.000000000000000000e+00   0.000000000000000000e+00 
  0.000000000000000000e+00   0.000000000000000000e+00 
  0.000000000000000000e+00   0.000000000000000000e+00 
  0.000000000000000000e+00   0.000000000000000000e+00 
  0.000000000000000000e+00   0.000000000000000000e+00 
  0.000000000000000000e+00   0.000000000000000000e+00 
  0.000000000000000000e+00   0.000000000000000000e+00 
  0.000000000000000000e+00   0.000000000000000000e+00 
  0.000000000000000000e+00   0.000000000000000000e+00 
  0.000000000000000000e+00   0.000000000000000000e+00 
  0.000000000000000000e+00   0.000000000000000000e+00 
  0.000000000000000000e+00   0.000000000000000000e+00 
  0.000000000000000000e+00   0.000000000000000000e+00 
  0.000000000000000000e+00   0.000000000000000000e+00 
  0.000000000000000000e+00   0.000000000000000000e+00 
  0.000000000000000000e+00   0.000000000000000000e+00 
  0.000000000000000000e+00   0.000000000000000000e+00 
  0.000000000000000000e+00   0.000000000000000000e+00 
  0.000000000000000000e+00   0.000000000000000000e+00 
  0.000000000000000000e+00   0.000000000000000000e+00 
  0.000000000000000000e+00   0.000000000000000000e+00 
  0.000000000000000000e+00   0.000000000000000000e+00 
  0.000000000000000000e+00   0.000000000000000000e+00 
  0.000000000000000000e+00   0.000000000000000000e+00 
  0.000000000000000000e+00   0.000000000000000000e+00 
  0.000000000000000000e+00   0.000000000000000000e+00 
  0.000000000000000000e+00   0.000000000000000000e+00 
  0.000000000000000000e+00   0.000000000000000000e+00 
  0.000000000000000000e+00   0.000000000000000000e+00 
  0.000000000000000000e+00   0.000000000000000000e+00 
  0.000000000000000000e+00   0.000000000000000000e+00 
  0.000000000000000000e+00   0.000000000000000000e+00 
  0.000000000000000000e+00   0.000000000000000000e+00 
  0.000000000000000000e+00   0.000000000000000000e+00 
  0.000000000000000000e+00   0.000000000000000000e+00 
  0.000000000000000000e+00   0.000000000000000000e+00 
  0.000000000000000000e+00   0.000000000000000000e+00 
  0.000000000000000000e+00   0.000000000000000000e+00 
  0.000000000000000000e+00   0.000000000000000000e+00 
  0.000000000000000000e+00   0.000000000000000000e+00 
  0.000000000000000000e+00   0.000000000000000000e+00 
  0.000000000000000000e+00   0.000000000000000000e+00 
  0.000000000000000000e+00   0.000000000000000000e+00 
  0.000000000000000000e+00   0.000000000000000000e+00 
  0.000000000000000000e+00   0.000000000000000000e+00 
  0.000000000000000000e+00   0.000000000000000000e+00 
  0.000000000000000000e+00   0.000000000000000000e+00 
  0.000000000000000000e+00   0.000000000000000000e+00 
  0.000000000000000000e+00   0.000000000000000000e+00 
  0.000000000000000000e+00   0.000000000000000000e+00 
  0.000000000000000000e+00   0.000000000000000000e+00 
  0.000000000000000000e+00   0.000000000000000000e+00 
  0.000000000000000000e+00   0.000000000000000000e+00 
  0.000000000000000000e+00   0.000000000000000000e+00 
  0.000000000000000000e+00   0.000000000000000000e+00 
  0.000000000000000000e+00   0.000000000000000000e+00 
  0.000000000000000000e+00   0.000000000000000000e+00 
  0.000000000000000000e+00   0.000000000000000000e+00 
  0.000000000000000000e+00   0.000000000000000000e+00 
  0.000000000000000000e+00   0.000000000000000000e+00 
  0.000000000000000000e+00   0.000000000000000000e+00 
  0.000000000000000000e+00   0.000000000000000000e+00 
  0.000000000000000000e+00   0.000000000000000000e+00 
  0.000000000000000000e+00   0.000000000000000000e+00 
  0.000000000000000000e+00   0.000000000000000000e+00 
  0.000000000000000000e+00   0.000000000000000000e+00 
  0.000000000000000000e+00   0.000000000000000000e+00 
  2.910660579800669265e-02   0.000000000000000000e+00 
 -3.180897037950523171e-04   0.000000000000000000e+00 
 -2.032805234193817839e-02   0.000000000000000000e+00 
  6.243601441383388878e-02   0.000000000000000000e+00 
  2.172454260289660710e-02   0.000000000000000000e+00 
 -6.071305833756311318e-03   0.000000000000000000e+00 
 -6.007977295667673787e-03   0.000000000000000000e+00 
 -2.615395560860599156e-02   0.000000000000000000e+00 
 -1.260223798453851546e-02   0.000000000000000000e+00 
  3.742757812142363805e-02   0.000000000000000000e+00 
 -4.184603318572042985e-02   0.000000000000000000e+00 
  1.705695502460027532e-02   0.000000000000000000e+00 
 -2.743129152804461759e-03   0.000000000000000000e+00 
  1.254650531336997787e-03   0.000000000000000000e+00 
 -7.789593189954749364e-02   0.000000000000000000e+00 
  1.285076141357424095e-01   0.000000000000000000e+00 
 -6.083864718675720089e-03   0.000000000000000000e+00 
 -1.037051603198055616e-01   0.000000000000000000e+00 
  9.611918590962852116e-03   0.000000000000000000e+00 
  8.392648398876202676e-02   0.000000000000000000e+00 
 -2.728684339672449340e-03   0.000000000000000000e+00 
 -5.335354362614452839e-04   0.000000000000000000e+00 
  1.441105123376475140e-04   0.000000000000000000e+00 
 -1.753902615746482936e-04   0.000000000000000000e+00 
 -4.587884468492121046e-04   0.000000000000000000e+00 
 -1.142435669898987927e-01   0.000000000000000000e+00 
  9.840415790677039393e-03   0.000000000000000000e+00 
  2.030668401857849148e-04   0.000000000000000000e+00 
  6.458138232119371670e-04   0.000000000000000000e+00 
  1.182109490036963861e-01   0.000000000000000000e+00 
 -4.128074645996079178e-02   0.000000000000000000e+00 
  6.546732038259509001e-02   0.000000000000000000e+00 
 -1.751814410090439880e-02   0.000000000000000000e+00 
  1.689601093530654352e-01   0.000000000000000000e+00 
 -1.493110358715058483e-01   0.000000000000000000e+00 
 -8.607309311628343410e-03   0.000000000000000000e+00 
  3.815338946878910498e-03   0.000000000000000000e+00 
  4.646212793886679744e-03   0.000000000000000000e+00 
 -3.013583645224575044e-02   0.000000000000000000e+00 
 -4.653800651431079516e-02   0.000000000000000000e+00 
  1.990344971418380460e-01   0.000000000000000000e+00 
  5.846882704645331962e-03   0.000000000000000000e+00 
  2.170059829950333197e-01   0.000000000000000000e+00 
  9.342133253812789917e-02   0.000000000000000000e+00 
 -2.351116575300694206e-02   0.000000000000000000e+00 
 -1.593281328678135267e-02   0.000000000000000000e+00 
 -8.986519277095793290e-02   0.000000000000000000e+00 
 -3.101253509521484375e-01   0.000000000000000000e+00 
 -1.075531821697950190e-02   0.000000000000000000e+00 
 -3.390771895647048256e-02   0.000000000000000000e+00 
 -9.237166494131078542e-02   0.000000000000000000e+00 
 -2.313271164894103726e-01   0.000000000000000000e+00 
 -1.528402864933014194e-01   0.000000000000000000e+00 
  3.182564973831176203e-01   0.000000000000000000e+00 
  3.279461525380611420e-03   0.000000000000000000e+00 
 -5.968535318970680237e-03   0.000000000000000000e+00 
  7.391444593667984009e-02   0.000000000000000000e+00 
 -4.185245931148529053e-02   0.000000000000000000e+00 
 -4.240087047219277122e-02   0.000000000000000000e+00 
 -7.952416781336070191e-04   0.000000000000000000e+00 
  1.034920220263302326e-03   0.000000000000000000e+00 
  9.458299609832464564e-04   0.000000000000000000e+00 
  9.994085412472486496e-04   0.000000000000000000e+00 
 -7.416609674692148380e-02   0.000000000000000000e+00 
  1.925109140574932098e-02   0.000000000000000000e+00 
  6.641142815351482043e-02   0.000000000000000000e+00 
  1.023022551089525396e-02   0.000000000000000000e+00 
  2.218401990830899152e-03   0.000000000000000000e+00 
 -1.063809171318996077e-02   0.000000000000000000e+00 
 -9.189154207706448640e-02   0.000000000000000000e+00 
  2.228751033544537283e-02   0.000000000000000000e+00 
  1.469675302505493442e-01   0.000000000000000000e+00 
 -4.931998848915101208e-01   0.000000000000000000e+00 
  3.884383291006088951e-02   0.000000000000000000e+00 
 -5.214450955390930176e-01   0.000000000000000000e+00 
 -1.456318199634552835e-01   0.000000000000000000e+00 
  0.000000000000000000e+00   0.000000000000000000e+00 
  0.000000000000000000e+00   0.000000000000000000e+00 
  0.000000000000000000e+00   0.000000000000000000e+00 
  0.000000000000000000e+00   0.000000000000000000e+00 
  0.000000000000000000e+00   0.000000000000000000e+00 
  0.000000000000000000e+00   0.000000000000000000e+00 
  0.000000000000000000e+00   0.000000000000000000e+00 
  0.000000000000000000e+00   0.000000000000000000e+00 
  0.000000000000000000e+00   0.000000000000000000e+00 
  0.000000000000000000e+00   0.000000000000000000e+00 
  0.000000000000000000e+00   0.000000000000000000e+00 
  0.000000000000000000e+00   0.000000000000000000e+00 
  0.000000000000000000e+00   0.000000000000000000e+00 
  0.000000000000000000e+00   0.000000000000000000e+00 
  0.000000000000000000e+00   0.000000000000000000e+00 
  0.000000000000000000e+00   0.000000000000000000e+00 
  0.000000000000000000e+00   0.000000000000000000e+00 
  0.000000000000000000e+00   0.000000000000000000e+00 
  0.000000000000000000e+00   0.000000000000000000e+00 
  0.000000000000000000e+00   0.000000000000000000e+00 
  0.000000000000000000e+00   0.000000000000000000e+00 
  0.000000000000000000e+00   0.000000000000000000e+00 
  0.000000000000000000e+00   0.000000000000000000e+00 
  0.000000000000000000e+00   0.000000000000000000e+00 
  0.000000000000000000e+00   0.000000000000000000e+00 
  0.000000000000000000e+00   0.000000000000000000e+00 
  0.000000000000000000e+00   0.000000000000000000e+00 
  0.000000000000000000e+00   0.000000000000000000e+00 
  0.000000000000000000e+00   0.000000000000000000e+00 
  0.000000000000000000e+00   0.000000000000000000e+00 
  0.000000000000000000e+00   0.000000000000000000e+00 
  0.000000000000000000e+00   0.000000000000000000e+00 
  0.000000000000000000e+00   0.000000000000000000e+00 
  0.000000000000000000e+00   0.000000000000000000e+00 
  0.000000000000000000e+00   0.000000000000000000e+00 
  0.000000000000000000e+00   0.000000000000000000e+00 
  0.000000000000000000e+00   0.000000000000000000e+00 
  0.000000000000000000e+00   0.000000000000000000e+00 
  0.000000000000000000e+00   0.000000000000000000e+00 
  0.000000000000000000e+00   0.000000000000000000e+00 
  0.000000000000000000e+00   0.000000000000000000e+00 
  0.000000000000000000e+00   0.000000000000000000e+00 
  0.000000000000000000e+00   0.000000000000000000e+00 
  0.000000000000000000e+00   0.000000000000000000e+00 
  0.000000000000000000e+00   0.000000000000000000e+00 
  0.000000000000000000e+00   0.000000000000000000e+00 
  0.000000000000000000e+00   0.000000000000000000e+00 
  0.000000000000000000e+00   0.000000000000000000e+00 
  0.000000000000000000e+00   0.000000000000000000e+00 
  0.000000000000000000e+00   0.000000000000000000e+00 
  0.000000000000000000e+00   0.000000000000000000e+00 
  0.000000000000000000e+00   0.000000000000000000e+00 
  0.000000000000000000e+00   0.000000000000000000e+00 
  0.000000000000000000e+00   0.000000000000000000e+00 
  0.000000000000000000e+00   0.000000000000000000e+00 
  0.000000000000000000e+00   0.000000000000000000e+00 
  0.000000000000000000e+00   0.000000000000000000e+00 
  0.000000000000000000e+00   0.000000000000000000e+00 
  0.000000000000000000e+00   0.000000000000000000e+00 
  0.000000000000000000e+00   0.000000000000000000e+00 
  0.000000000000000000e+00   0.000000000000000000e+00 
  0.000000000000000000e+00   0.000000000000000000e+00 
  0.000000000000000000e+00   0.000000000000000000e+00 
  0.000000000000000000e+00   0.000000000000000000e+00 
  0.000000000000000000e+00   0.000000000000000000e+00 
  0.000000000000000000e+00   0.000000000000000000e+00 
  0.000000000000000000e+00   0.000000000000000000e+00 
  0.000000000000000000e+00   0.000000000000000000e+00 
  0.000000000000000000e+00   0.000000000000000000e+00 
  0.000000000000000000e+00   0.000000000000000000e+00 
  0.000000000000000000e+00   0.000000000000000000e+00 
  0.000000000000000000e+00   0.000000000000000000e+00 
  0.000000000000000000e+00   0.000000000000000000e+00 
  0.000000000000000000e+00   0.000000000000000000e+00 
  0.000000000000000000e+00   0.000000000000000000e+00 
  0.000000000000000000e+00   0.000000000000000000e+00 
 -1.332567352801587376e-02   0.000000000000000000e+00 
  4.825072828674119144e-04   0.000000000000000000e+00 
  9.554360993206622438e-03   0.000000000000000000e+00 
 -2.068410441279442888e-02   0.000000000000000000e+00 
  4.498632997274339823e-02   0.000000000000000000e+00 
  1.522713457233935584e-03   0.000000000000000000e+00 
  1.695364830084254790e-03   0.000000000000000000e+00 
  1.113762333989145453e-02   0.000000000000000000e+00 
 -3.673510393128037992e-03   0.000000000000000000e+00 
 -1.478900667279959245e-02   0.000000000000000000e+00 
  1.936675794422618169e-02   0.000000000000000000e+00 
  1.378736179322039533e-02   0.000000000000000000e+00 
  4.294953032523279597e-05   0.000000000000000000e+00 
  1.183368498459442739e-03   0.000000000000000000e+00 
  1.175229847431185359e-01   0.000000000000000000e+00 
  1.205553337931633967e-01   0.000000000000000000e+00 
  2.807498676702417477e-03   0.000000000000000000e+00 
  3.985230252146737540e-02   0.000000000000000000e+00 
 -8.873895555734635787e-02   0.000000000000000000e+00 
  3.323037922382362369e-02   0.000000000000000000e+00 
  1.227302011102488280e-03   0.000000000000000000e+00 
 -1.358638692181559585e-04   0.000000000000000000e+00 
 -6.874167593196032263e-04   0.000000000000000000e+00 
 -2.049488466582264753e-05   0.000000000000000000e+00 
  7.057570473989470438e-05   0.000000000000000000e+00 
 -4.587643593549738802e-02   0.000000000000000000e+00 
 -1.358252465724945623e-01   0.000000000000000000e+00 
 -1.606472418643533750e-03   0.000000000000000000e+00 
 -7.005377206951379776e-03   0.000000000000000000e+00 
 -4.087750986218448290e-02   0.000000000000000000e+00 
  1.469989959150546678e-02   0.000000000000000000e+00 
 -1.869905553758144726e-02   0.000000000000000000e+00 
 -6.843790411949143837e-02   0.000000000000000000e+00 
 -6.817552447319030762e-02   0.000000000000000000e+00 
  6.117903068661693228e-02   0.000000000000000000e+00 
  1.914459164254367785e-03   0.000000000000000000e+00 
  2.248289529234174437e-04   0.000000000000000000e+00 
  2.850824780762187607e-02   0.000000000000000000e+00 
  2.876282110810293030e-02   0.000000000000000000e+00 
 -2.979366183280944824e-01   0.000000000000000000e+00 
  7.220595329999929257e-02   0.000000000000000000e+00 
 -5.867085419595213791e-03   0.000000000000000000e+00 
 -9.131096303462984953e-02   0.000000000000000000e+00 
 -5.145870521664618752e-02   0.000000000000000000e+00 
 -1.750857830047607699e-01   0.000000000000000000e+00 
  1.476402431726455688e-01   0.000000000000000000e+00 
 -2.539871819317339116e-02   0.000000000000000000e+00 
  1.372077316045761386e-01   0.000000000000000000e+00 
  2.680891426280140443e-03   0.000000000000000000e+00 
  1.109573803842067545e-02   0.000000000000000000e+00 
  3.179364278912540087e-02   0.000000000000000000e+00 
  7.828479260206221146e-02   0.000000000000000000e+00 
 -4.820508658885954700e-01   0.000000000000000000e+00 
  7.212617434561407852e-03   0.000000000000000000e+00 
 -1.987825380638242202e-03   0.000000000000000000e+00 
 -7.312100846320390701e-03   0.000000000000000000e+00 
 -2.329819090664386402e-02   0.000000000000000000e+00 
 -9.194245934486384997e-02   0.000000000000000000e+00 
  2.062735892832277818e-02   0.000000000000000000e+00 
  1.659607514739036831e-04   0.000000000000000000e+00 
 -7.011122070252895355e-04   0.000000000000000000e+00 
  9.343730052933095801e-04   0.000000000000000000e+00 
 -3.339771938044577295e-04   0.000000000000000000e+00 
  2.413291297852990236e-02   0.000000000000000000e+00 
  1.239449158310890059e-01   0.000000000000000000e+00 
  3.416296094655992682e-02   0.000000000000000000e+00 
 -1.365057076327502944e-03   0.000000000000000000e+00 
 -6.450978573411703977e-03   0.000000000000000000e+00 
  4.339043982326933231e-03   0.000000000000000000e+00 
 -1.534198131412265950e-02   0.000000000000000000e+00 
 -7.927767932415007157e-02   0.000000000000000000e+00 
 -5.779359489679337936e-02   0.000000000000000000e+00 
  2.090908735990524847e-01   0.000000000000000000e+00 
  6.510840058326722302e-01   0.000000000000000000e+00 
 -2.592073678970336914e-01   0.000000000000000000e+00 
  4.044168442487719450e-02   0.000000000000000000e+00 
