  0.000000000000000000e+00   0.000000000000000000e+00 
                         2 
                       152                         18 
  4.383729770784891046e-03   0.000000000000000000e+00 
 -6.692346185445461129e-03   0.000000000000000000e+00 
 -6.058745551854919330e-03   0.000000000000000000e+00 
 -6.082603707908834645e-03   0.000000000000000000e+00 
  4.176472721156197451e-04   0.000000000000000000e+00 
 -1.357676810585054959e-03   0.000000000000000000e+00 
  5.683170747942256499e-04   0.000000000000000000e+00 
 -1.661407295614448663e-03   0.000000000000000000e+00 
  2.626316994428593704e-02   0.000000000000000000e+00 
 -6.941507011652038595e-02   0.000000000000000000e+00 
 -2.438215451547588416e-04   0.000000000000000000e+00 
 -2.616605022922286611e-03   0.000000000000000000e+00 
  3.982257563620980080e-03   0.000000000000000000e+00 
 -9.453374077566232582e-04   0.000000000000000000e+00 
  1.826867810450451734e-04   0.000000000000000000e+00 
 -3.351404157001658521e-04   0.000000000000000000e+00 
 -3.104900533799086920e-04   0.000000000000000000e+00 
  2.298676595091738231e-02   0.000000000000000000e+00 
 -3.607303369790314327e-03   0.000000000000000000e+00 
 -1.768247922882437055e-03   0.000000000000000000e+00 
  4.623764008283669236e-02   0.000000000000000000e+00 
  9.911074303090565852e-04   0.000000000000000000e+00 
  3.740115324035289072e-03   0.000000000000000000e+00 
  1.491291564889252403e-03   0.000000000000000000e+00 
  2.448737155646085739e-03   0.000000000000000000e+00 
  1.166587928310037093e-03   0.000000000000000000e+00 
 -3.512109862640499201e-03   0.000000000000000000e+00 
 -5.795864388346722018e-02   0.000000000000000000e+00 
  8.227144135162234306e-04   0.000000000000000000e+00 
 -1.737123471684756063e-03   0.000000000000000000e+00 
  4.784677177667657350e-02   0.000000000000000000e+00 
 -4.263160284608602524e-03   0.000000000000000000e+00 
 -2.053345087915658951e-03   0.000000000000000000e+00 
 -7.053764164447781648e-02   0.000000000000000000e+00 
  1.332446485757828036e-01   0.000000000000000000e+00 
 -1.950770616531371637e-03   0.000000000000000000e+00 
  1.258525182493031675e-03   0.000000000000000000e+00 
 -3.192711854353544928e-03   0.000000000000000000e+00 
  3.767760936170819674e-04   0.000000000000000000e+00 
 -4.229797050356864929e-03   0.000000000000000000e+00 
  8.940574480220674384e-04   0.000000000000000000e+00 
  5.781383719295297985e-03   0.000000000000000000e+00 
 -5.467680748552073127e-04   0.000000000000000000e+00 
  1.295768073759972832e-03   0.000000000000000000e+00 
 -6.466901302337645374e-01   0.000000000000000000e+00 
  5.143452435731887817e-03   0.000000000000000000e+00 
 -1.948123099282383485e-03   0.000000000000000000e+00 
  8.781526237726215711e-02   0.000000000000000000e+00 
  5.911050247959790446e-04   0.000000000000000000e+00 
  6.031837547197937965e-04   0.000000000000000000e+00 
 -5.061234235763550915e-01   0.000000000000000000e+00 
  1.691490411758422574e-01   0.000000000000000000e+00 
  2.356691751629114585e-03   0.000000000000000000e+00 
 -6.232727901078755203e-04   0.000000000000000000e+00 
  1.289547886699437445e-03   0.000000000000000000e+00 
 -3.675902844406656782e-04   0.000000000000000000e+00 
 -1.630878895521163940e-01   0.000000000000000000e+00 
  4.713207308668641610e-04   0.000000000000000000e+00 
  3.558770753443241119e-03   0.000000000000000000e+00 
 -1.322712167166173675e-03   0.000000000000000000e+00 
 -4.941629245877265930e-03   0.000000000000000000e+00 
  3.904936602339102443e-05   0.000000000000000000e+00 
  9.563236380927269027e-04   0.000000000000000000e+00 
  1.435452233999947452e-02   0.000000000000000000e+00 
 -2.092971699312329292e-03   0.000000000000000000e+00 
  2.473508473485708237e-03   0.000000000000000000e+00 
  5.527281900867816533e-04   0.000000000000000000e+00 
 -3.505739849060773849e-03   0.000000000000000000e+00 
 -7.583111524581916119e-02   0.000000000000000000e+00 
 -2.469123573973775777e-03   0.000000000000000000e+00 
  1.574983005411922064e-03   0.000000000000000000e+00 
  1.858953237533568226e-01   0.000000000000000000e+00 
 -4.294514060020447888e-01   0.000000000000000000e+00 
  8.506755111739032916e-04   0.000000000000000000e+00 
 -2.023415639996526023e-03   0.000000000000000000e+00 
  1.893419027328490656e-01   0.000000000000000000e+00 
  0.000000000000000000e+00   0.000000000000000000e+00 
  0.000000000000000000e+00   0.000000000000000000e+00 
  0.000000000000000000e+00   0.000000000000000000e+00 
  0.000000000000000000e+00   0.000000000000000000e+00 
  0.000000000000000000e+00   0.000000000000000000e+00 
  0.000000000000000000e+00   0.000000000000000000e+00 
  0.000000000000000000e+00   0.000000000000000000e+00 
  0.000000000000000000e+00   0.000000000000000000e+00 
  0.000000000000000000e+00   0.000000000000000000e+00 
  0.000000000000000000e+00   0.000000000000000000e+00 
  0.000000000000000000e+00   0.000000000000000000e+00 
  0.000000000000000000e+00   0.000000000000000000e+00 
  0.000000000000000000e+00   0.000000000000000000e+00 
  0.000000000000000000e+00   0.000000000000000000e+00 
  0.000000000000000000e+00   0.000000000000000000e+00 
  0.000000000000000000e+00   0.000000000000000000e+00 
  0.000000000000000000e+00   0.000000000000000000e+00 
  0.000000000000000000e+00   0.000000000000000000e+00 
  0.000000000000000000e+00   0.000000000000000000e+00 
  0.000000000000000000e+00   0.000000000000000000e+00 
  0.000000000000000000e+00   0.000000000000000000e+00 
  0.000000000000000000e+00   0.000000000000000000e+00 
  0.000000000000000000e+00   0.000000000000000000e+00 
  0.000000000000000000e+00   0.000000000000000000e+00 
  0.000000000000000000e+00   0.000000000000000000e+00 
  0.000000000000000000e+00   0.000000000000000000e+00 
  0.000000000000000000e+00   0.000000000000000000e+00 
  0.000000000000000000e+00   0.000000000000000000e+00 
  0.000000000000000000e+00   0.000000000000000000e+00 
  0.000000000000000000e+00   0.000000000000000000e+00 
  0.000000000000000000e+00   0.000000000000000000e+00 
  0.000000000000000000e+00   0.000000000000000000e+00 
  0.000000000000000000e+00   0.000000000000000000e+00 
  0.000000000000000000e+00   0.000000000000000000e+00 
  0.000000000000000000e+00   0.000000000000000000e+00 
  0.000000000000000000e+00   0.000000000000000000e+00 
  0.000000000000000000e+00   0.000000000000000000e+00 
  0.000000000000000000e+00   0.000000000000000000e+00 
  0.000000000000000000e+00   0.000000000000000000e+00 
  0.000000000000000000e+00   0.000000000000000000e+00 
  0.000000000000000000e+00   0.000000000000000000e+00 
  0.000000000000000000e+00   0.000000000000000000e+00 
  0.000000000000000000e+00   0.000000000000000000e+00 
  0.000000000000000000e+00   0.000000000000000000e+00 
  0.000000000000000000e+00   0.000000000000000000e+00 
  0.000000000000000000e+00   0.000000000000000000e+00 
  0.000000000000000000e+00   0.000000000000000000e+00 
  0.000000000000000000e+00   0.000000000000000000e+00 
  0.000000000000000000e+00   0.000000000000000000e+00 
  0.000000000000000000e+00   0.000000000000000000e+00 
  0.000000000000000000e+00   0.000000000000000000e+00 
  0.000000000000000000e+00   0.000000000000000000e+00 
  0.000000000000000000e+00   0.000000000000000000e+00 
  0.000000000000000000e+00   0.000000000000000000e+00 
  0.000000000000000000e+00   0.000000000000000000e+00 
  0.000000000000000000e+00   0.000000000000000000e+00 
  0.000000000000000000e+00   0.000000000000000000e+00 
  0.000000000000000000e+00   0.000000000000000000e+00 
  0.000000000000000000e+00   0.000000000000000000e+00 
  0.000000000000000000e+00   0.000000000000000000e+00 
  0.000000000000000000e+00   0.000000000000000000e+00 
  0.000000000000000000e+00   0.000000000000000000e+00 
  0.000000000000000000e+00   0.000000000000000000e+00 
  0.000000000000000000e+00   0.000000000000000000e+00 
  0.000000000000000000e+00   0.000000000000000000e+00 
  0.000000000000000000e+00   0.000000000000000000e+00 
  0.000000000000000000e+00   0.000000000000000000e+00 
  0.000000000000000000e+00   0.000000000000000000e+00 
  0.000000000000000000e+00   0.000000000000000000e+00 
  0.000000000000000000e+00   0.000000000000000000e+00 
  0.000000000000000000e+00   0.000000000000000000e+00 
  0.000000000000000000e+00   0.000000000000000000e+00 
  0.000000000000000000e+00   0.000000000000000000e+00 
  0.000000000000000000e+00   0.000000000000000000e+00 
  0.000000000000000000e+00   0.000000000000000000e+00 
  0.000000000000000000e+00   0.000000000000000000e+00 
 -1.045610755676688094e-03   0.000000000000000000e+00 
 -1.031125057488728111e-02   0.000000000000000000e+00 
 -9.472874924541907493e-03   0.000000000000000000e+00 
  1.403125561773794008e-02   0.000000000000000000e+00 
  2.541665453463798439e-03   0.000000000000000000e+00 
 -2.082317834719931392e-03   0.000000000000000000e+00 
  1.945653348229687152e-03   0.000000000000000000e+00 
  3.266927960794268346e-04   0.000000000000000000e+00 
  9.777000173926291005e-03   0.000000000000000000e+00 
 -3.338351100683198402e-02   0.000000000000000000e+00 
 -4.756870912387427719e-04   0.000000000000000000e+00 
 -3.000586002601069932e-04   0.000000000000000000e+00 
  5.400496069341705410e-03   0.000000000000000000e+00 
 -3.198835111106343389e-05   0.000000000000000000e+00 
  8.339415653608754555e-04   0.000000000000000000e+00 
  1.521711004897946876e-03   0.000000000000000000e+00 
 -1.271504792384803512e-03   0.000000000000000000e+00 
  1.910307072103024223e-02   0.000000000000000000e+00 
  7.930890424177045170e-04   0.000000000000000000e+00 
  1.525021041743456884e-03   0.000000000000000000e+00 
  5.225769709795572045e-03   0.000000000000000000e+00 
 -1.348309218883516573e-03   0.000000000000000000e+00 
 -8.565106545574933819e-04   0.000000000000000000e+00 
  1.837390358559787273e-03   0.000000000000000000e+00 
  4.802799085155129433e-04   0.000000000000000000e+00 
 -1.334385015070437734e-03   0.000000000000000000e+00 
  4.584748530760405279e-04   0.000000000000000000e+00 
 -1.930295862257478193e-02   0.000000000000000000e+00 
  2.495157998055219650e-03   0.000000000000000000e+00 
 -1.155199948698282892e-03   0.000000000000000000e+00 
 -2.545757032930835023e-02   0.000000000000000000e+00 
 -1.561773009598253640e-03   0.000000000000000000e+00 
 -2.561416942626237869e-03   0.000000000000000000e+00 
 -3.107182867825032668e-02   0.000000000000000000e+00 
  1.537379175424575806e-01   0.000000000000000000e+00 
 -9.606947423890134106e-05   0.000000000000000000e+00 
  5.838193465024224191e-04   0.000000000000000000e+00 
 -7.896057795733212340e-04   0.000000000000000000e+00 
  2.568485215306282043e-03   0.000000000000000000e+00 
  1.170256873592734337e-03   0.000000000000000000e+00 
  8.950796473072845829e-05   0.000000000000000000e+00 
  3.664028942584992010e-01   0.000000000000000000e+00 
  2.828466007485986190e-03   0.000000000000000000e+00 
  3.383150906302039192e-04   0.000000000000000000e+00 
  3.208211064338679919e-02   0.000000000000000000e+00 
 -9.571958798915148866e-04   0.000000000000000000e+00 
  9.057663846760989320e-04   0.000000000000000000e+00 
  5.366414785385129615e-01   0.000000000000000000e+00 
 -2.507704310119152503e-03   0.000000000000000000e+00 
  1.033020787872374058e-03   0.000000000000000000e+00 
  5.516737699508668102e-01   0.000000000000000000e+00 
 -6.838316470384586676e-02   0.000000000000000000e+00 
 -9.846790926530970232e-04   0.000000000000000000e+00 
 -6.271201418712724334e-04   0.000000000000000000e+00 
 -5.604397738352417946e-04   0.000000000000000000e+00 
  2.183186588808893724e-03   0.000000000000000000e+00 
 -1.811743080615997592e-01   0.000000000000000000e+00 
 -7.559001678600906242e-04   0.000000000000000000e+00 
  2.285680966451764107e-03   0.000000000000000000e+00 
  1.751097152009605819e-04   0.000000000000000000e+00 
 -1.365749747492372990e-03   0.000000000000000000e+00 
  3.471355885267256606e-04   0.000000000000000000e+00 
 -6.142932397779092199e-05   0.000000000000000000e+00 
 -1.346729695796970022e-02   0.000000000000000000e+00 
 -3.446456394158304822e-04   0.000000000000000000e+00 
  6.126079242676494337e-04   0.000000000000000000e+00 
 -7.589294691570103168e-04   0.000000000000000000e+00 
 -5.241673905402421951e-03   0.000000000000000000e+00 
 -2.043294161558151523e-01   0.000000000000000000e+00 
  1.081165275536478433e-03   0.000000000000000000e+00 
  1.619328977540135384e-03   0.000000000000000000e+00 
  3.168815076351167437e-01   0.000000000000000000e+00 
 -2.222008705139160434e-01   0.000000000000000000e+00 
 -1.512590912170708396e-03   0.000000000000000000e+00 
  2.200916409492492676e-03   0.000000000000000000e+00 
  2.173002064228058139e-01   0.000000000000000000e+00 
  0.000000000000000000e+00   0.000000000000000000e+00 
  0.000000000000000000e+00   0.000000000000000000e+00 
  0.000000000000000000e+00   0.000000000000000000e+00 
  0.000000000000000000e+00   0.000000000000000000e+00 
  0.000000000000000000e+00   0.000000000000000000e+00 
  0.000000000000000000e+00   0.000000000000000000e+00 
  0.000000000000000000e+00   0.000000000000000000e+00 
  0.000000000000000000e+00   0.000000000000000000e+00 
  0.000000000000000000e+00   0.000000000000000000e+00 
  0.000000000000000000e+00   0.000000000000000000e+00 
  0.000000000000000000e+00   0.000000000000000000e+00 
  0.000000000000000000e+00   0.000000000000000000e+00 
  0.000000000000000000e+00   0.000000000000000000e+00 
  0.000000000000000000e+00   0.000000000000000000e+00 
  0.000000000000000000e+00   0.000000000000000000e+00 
  0.000000000000000000e+00   0.000000000000000000e+00 
  0.000000000000000000e+00   0.000000000000000000e+00 
  0.000000000000000000e+00   0.000000000000000000e+00 
  0.000000000000000000e+00   0.000000000000000000e+00 
  0.000000000000000000e+00   0.000000000000000000e+00 
  0.000000000000000000e+00   0.000000000000000000e+00 
  0.000000000000000000e+00   0.000000000000000000e+00 
  0.000000000000000000e+00   0.000000000000000000e+00 
  0.000000000000000000e+00   0.000000000000000000e+00 
  0.000000000000000000e+00   0.000000000000000000e+00 
  0.000000000000000000e+00   0.000000000000000000e+00 
  0.000000000000000000e+00   0.000000000000000000e+00 
  0.000000000000000000e+00   0.000000000000000000e+00 
  0.000000000000000000e+00   0.000000000000000000e+00 
  0.000000000000000000e+00   0.000000000000000000e+00 
  0.000000000000000000e+00   0.000000000000000000e+00 
  0.000000000000000000e+00   0.000000000000000000e+00 
  0.000000000000000000e+00   0.000000000000000000e+00 
  0.000000000000000000e+00   0.000000000000000000e+00 
  0.000000000000000000e+00   0.000000000000000000e+00 
  0.000000000000000000e+00   0.000000000000000000e+00 
  0.000000000000000000e+00   0.000000000000000000e+00 
  0.000000000000000000e+00   0.000000000000000000e+00 
  0.000000000000000000e+00   0.000000000000000000e+00 
  0.000000000000000000e+00   0.000000000000000000e+00 
  0.000000000000000000e+00   0.000000000000000000e+00 
  0.000000000000000000e+00   0.000000000000000000e+00 
  0.000000000000000000e+00   0.000000000000000000e+00 
  0.000000000000000000e+00   0.000000000000000000e+00 
  0.000000000000000000e+00   0.000000000000000000e+00 
  0.000000000000000000e+00   0.000000000000000000e+00 
  0.000000000000000000e+00   0.000000000000000000e+00 
  0.000000000000000000e+00   0.000000000000000000e+00 
  0.000000000000000000e+00   0.000000000000000000e+00 
  0.000000000000000000e+00   0.000000000000000000e+00 
  0.000000000000000000e+00   0.000000000000000000e+00 
  0.000000000000000000e+00   0.000000000000000000e+00 
  0.000000000000000000e+00   0.000000000000000000e+00 
  0.000000000000000000e+00   0.000000000000000000e+00 
  0.000000000000000000e+00   0.000000000000000000e+00 
  0.000000000000000000e+00   0.000000000000000000e+00 
  0.000000000000000000e+00   0.000000000000000000e+00 
  0.000000000000000000e+00   0.000000000000000000e+00 
  0.000000000000000000e+00   0.000000000000000000e+00 
  0.000000000000000000e+00   0.000000000000000000e+00 
  0.000000000000000000e+00   0.000000000000000000e+00 
  0.000000000000000000e+00   0.000000000000000000e+00 
  0.000000000000000000e+00   0.000000000000000000e+00 
  0.000000000000000000e+00   0.000000000000000000e+00 
  0.000000000000000000e+00   0.000000000000000000e+00 
  0.000000000000000000e+00   0.000000000000000000e+00 
  0.000000000000000000e+00   0.000000000000000000e+00 
  0.000000000000000000e+00   0.000000000000000000e+00 
  0.000000000000000000e+00   0.000000000000000000e+00 
  0.000000000000000000e+00   0.000000000000000000e+00 
  0.000000000000000000e+00   0.000000000000000000e+00 
  0.000000000000000000e+00   0.000000000000000000e+00 
  0.000000000000000000e+00   0.000000000000000000e+00 
  0.000000000000000000e+00   0.000000000000000000e+00 
  0.000000000000000000e+00   0.000000000000000000e+00 
  0.000000000000000000e+00   0.000000000000000000e+00 
  1.073215156793556630e-03   0.000000000000000000e+00 
  2.112412126734943430e-03   0.000000000000000000e+00 
  2.443073899484446052e-04   0.000000000000000000e+00 
  3.715128113981433933e-04   0.000000000000000000e+00 
 -9.281712584197552435e-03   0.000000000000000000e+00 
  8.073113858699791645e-03   0.000000000000000000e+00 
 -2.271781116724011507e-02   0.000000000000000000e+00 
 -2.726338105276119878e-03   0.000000000000000000e+00 
 -1.260712888324374116e-04   0.000000000000000000e+00 
  3.775274090005494715e-04   0.000000000000000000e+00 
  2.813574299216264202e-02   0.000000000000000000e+00 
 -1.712450012564650098e-02   0.000000000000000000e+00 
 -2.167065162211632284e-03   0.000000000000000000e+00 
  6.147440988570860264e-03   0.000000000000000000e+00 
  2.159048337489634980e-03   0.000000000000000000e+00 
 -3.261067322452701131e-04   0.000000000000000000e+00 
  1.856281422078609033e-03   0.000000000000000000e+00 
  1.472940057283279305e-04   0.000000000000000000e+00 
  4.714018141385165127e-04   0.000000000000000000e+00 
  2.094961935654280835e-03   0.000000000000000000e+00 
  1.829349668696521195e-03   0.000000000000000000e+00 
  2.066845446825028507e-02   0.000000000000000000e+00 
 -8.591698482632602329e-03   0.000000000000000000e+00 
 -3.619331400841474099e-03   0.000000000000000000e+00 
  1.578892581164837317e-03   0.000000000000000000e+00 
 -8.465676364721730351e-05   0.000000000000000000e+00 
 -8.813281892798847505e-04   0.000000000000000000e+00 
  1.369397155940533118e-03   0.000000000000000000e+00 
  8.267760276794591454e-03   0.000000000000000000e+00 
 -1.484467211412152598e-04   0.000000000000000000e+00 
 -2.391643123701215224e-03   0.000000000000000000e+00 
 -1.391402725130312309e-02   0.000000000000000000e+00 
 -5.201483145356180365e-02   0.000000000000000000e+00 
  4.453213769011192427e-04   0.000000000000000000e+00 
  2.912375843152402964e-03   0.000000000000000000e+00 
 -7.075664401054382324e-02   0.000000000000000000e+00 
  3.689610213041295828e-02   0.000000000000000000e+00 
 -3.408269956707947468e-02   0.000000000000000000e+00 
  7.461410015821456909e-02   0.000000000000000000e+00 
  1.885164063423871994e-03   0.000000000000000000e+00 
 -4.195337649434804049e-03   0.000000000000000000e+00 
  2.860743785277009444e-03   0.000000000000000000e+00 
  3.723961710929870050e-01   0.000000000000000000e+00 
 -1.067882496863601510e-02   0.000000000000000000e+00 
 -2.486683893948792978e-03   0.000000000000000000e+00 
 -3.322712727822364461e-04   0.000000000000000000e+00 
 -2.573729958385229544e-03   0.000000000000000000e+00 
 -2.105668885633350286e-03   0.000000000000000000e+00 
  8.887812495231630638e-01   0.000000000000000000e+00 
 -4.077539592981336419e-02   0.000000000000000000e+00 
  2.423561876639724645e-03   0.000000000000000000e+00 
 -1.652796403504907434e-03   0.000000000000000000e+00 
 -1.278312206268310547e-01   0.000000000000000000e+00 
 -1.214162483811379173e-01   0.000000000000000000e+00 
  3.876620205119374069e-03   0.000000000000000000e+00 
 -3.496786579489767795e-03   0.000000000000000000e+00 
  3.073324623983351208e-04   0.000000000000000000e+00 
 -1.013346132822334550e-03   0.000000000000000000e+00 
  9.353330824524165284e-04   0.000000000000000000e+00 
  6.650885567069055385e-03   0.000000000000000000e+00 
 -2.263541100546718077e-03   0.000000000000000000e+00 
  2.113839844241738319e-03   0.000000000000000000e+00 
 -2.021620981395244598e-03   0.000000000000000000e+00 
 -8.986644679680462315e-04   0.000000000000000000e+00 
  2.914539538323879242e-03   0.000000000000000000e+00 
 -1.176263671368360736e-03   0.000000000000000000e+00 
  8.224588632583616776e-02   0.000000000000000000e+00 
  4.641787335276605780e-02   0.000000000000000000e+00 
 -5.657342262566089630e-04   0.000000000000000000e+00 
 -3.577919676899914830e-02   0.000000000000000000e+00 
 -2.774439193308357240e-02   0.000000000000000000e+00 
 -3.340105526149272919e-03   0.000000000000000000e+00 
  1.886072335764765306e-03   0.000000000000000000e+00 
  1.012067496776580949e-01   0.000000000000000000e+00 
 -1.388566493988037942e-01   0.000000000000000000e+00 
  1.372206024825572534e-03   0.000000000000000000e+00 
  0.000000000000000000e+00   0.000000000000000000e+00 
  0.000000000000000000e+00   0.000000000000000000e+00 
  0.000000000000000000e+00   0.000000000000000000e+00 
  0.000000000000000000e+00   0.000000000000000000e+00 
  0.000000000000000000e+00   0.000000000000000000e+00 
  0.000000000000000000e+00   0.000000000000000000e+00 
  0.000000000000000000e+00   0.000000000000000000e+00 
  0.000000000000000000e+00   0.000000000000000000e+00 
  0.000000000000000000e+00   0.000000000000000000e+00 
  0.000000000000000000e+00   0.000000000000000000e+00 
  0.000000000000000000e+00   0.000000000000000000e+00 
  0.000000000000000000e+00   0.000000000000000000e+00 
  0.000000000000000000e+00   0.000000000000000000e+00 
  0.000000000000000000e+00   0.000000000000000000e+00 
  0.000000000000000000e+00   0.000000000000000000e+00 
  0.000000000000000000e+00   0.000000000000000000e+00 
  0.000000000000000000e+00   0.000000000000000000e+00 
  0.000000000000000000e+00   0.000000000000000000e+00 
  0.000000000000000000e+00   0.000000000000000000e+00 
  0.000000000000000000e+00   0.000000000000000000e+00 
  0.000000000000000000e+00   0.000000000000000000e+00 
  0.000000000000000000e+00   0.000000000000000000e+00 
  0.000000000000000000e+00   0.000000000000000000e+00 
  0.000000000000000000e+00   0.000000000000000000e+00 
  0.000000000000000000e+00   0.000000000000000000e+00 
  0.000000000000000000e+00   0.000000000000000000e+00 
  0.000000000000000000e+00   0.000000000000000000e+00 
  0.000000000000000000e+00   0.000000000000000000e+00 
  0.000000000000000000e+00   0.000000000000000000e+00 
  0.000000000000000000e+00   0.000000000000000000e+00 
  0.000000000000000000e+00   0.000000000000000000e+00 
  0.000000000000000000e+00   0.000000000000000000e+00 
  0.000000000000000000e+00   0.000000000000000000e+00 
  0.000000000000000000e+00   0.000000000000000000e+00 
  0.000000000000000000e+00   0.000000000000000000e+00 
  0.000000000000000000e+00   0.000000000000000000e+00 
  0.000000000000000000e+00   0.000000000000000000e+00 
  0.000000000000000000e+00   0.000000000000000000e+00 
  0.000000000000000000e+00   0.000000000000000000e+00 
  0.000000000000000000e+00   0.000000000000000000e+00 
  0.000000000000000000e+00   0.000000000000000000e+00 
  0.000000000000000000e+00   0.000000000000000000e+00 
  0.000000000000000000e+00   0.000000000000000000e+00 
  0.000000000000000000e+00   0.000000000000000000e+00 
  0.000000000000000000e+00   0.000000000000000000e+00 
  0.000000000000000000e+00   0.000000000000000000e+00 
  0.000000000000000000e+00   0.000000000000000000e+00 
  0.000000000000000000e+00   0.000000000000000000e+00 
  0.000000000000000000e+00   0.000000000000000000e+00 
  0.000000000000000000e+00   0.000000000000000000e+00 
  0.000000000000000000e+00   0.000000000000000000e+00 
  0.000000000000000000e+00   0.000000000000000000e+00 
  0.000000000000000000e+00   0.000000000000000000e+00 
  0.000000000000000000e+00   0.000000000000000000e+00 
  0.000000000000000000e+00   0.000000000000000000e+00 
  0.000000000000000000e+00   0.000000000000000000e+00 
  0.000000000000000000e+00   0.000000000000000000e+00 
  0.000000000000000000e+00   0.000000000000000000e+00 
  0.000000000000000000e+00   0.000000000000000000e+00 
  0.000000000000000000e+00   0.000000000000000000e+00 
  0.000000000000000000e+00   0.000000000000000000e+00 
  0.000000000000000000e+00   0.000000000000000000e+00 
  0.000000000000000000e+00   0.000000000000000000e+00 
  0.000000000000000000e+00   0.000000000000000000e+00 
  0.000000000000000000e+00   0.000000000000000000e+00 
  0.000000000000000000e+00   0.000000000000000000e+00 
  0.000000000000000000e+00   0.000000000000000000e+00 
  0.000000000000000000e+00   0.000000000000000000e+00 
  0.000000000000000000e+00   0.000000000000000000e+00 
  0.000000000000000000e+00   0.000000000000000000e+00 
  0.000000000000000000e+00   0.000000000000000000e+00 
  0.000000000000000000e+00   0.000000000000000000e+00 
  0.000000000000000000e+00   0.000000000000000000e+00 
  0.000000000000000000e+00   0.000000000000000000e+00 
  0.000000000000000000e+00   0.000000000000000000e+00 
  0.000000000000000000e+00   0.000000000000000000e+00 
 -1.235390082001647932e-03   0.000000000000000000e+00 
 -1.147687435150244713e-03   0.000000000000000000e+00 
 -3.626093675848936324e-04   0.000000000000000000e+00 
 -6.566127995029090751e-04   0.000000000000000000e+00 
 -1.020158827304861598e-02   0.000000000000000000e+00 
 -7.404841482639487951e-03   0.000000000000000000e+00 
 -2.641871338710479866e-03   0.000000000000000000e+00 
 -2.363539114594487289e-02   0.000000000000000000e+00 
  1.306486046812990882e-05   0.000000000000000000e+00 
  3.808951296377875565e-04   0.000000000000000000e+00 
 -1.719529367983333237e-02   0.000000000000000000e+00 
 -2.832009457051737691e-02   0.000000000000000000e+00 
 -1.362339826300798789e-04   0.000000000000000000e+00 
 -1.635020715184922835e-03   0.000000000000000000e+00 
  7.055526133626866848e-03   0.000000000000000000e+00 
 -9.315720526498193774e-04   0.000000000000000000e+00 
  1.134104444645345428e-03   0.000000000000000000e+00 
 -5.632681422866885231e-04   0.000000000000000000e+00 
  1.412779325619339076e-03   0.000000000000000000e+00 
  2.031239564530549807e-04   0.000000000000000000e+00 
  3.498821024550095865e-05   0.000000000000000000e+00 
 -5.806728731840913975e-03   0.000000000000000000e+00 
 -1.970754936337475172e-02   0.000000000000000000e+00 
  4.683598526753500924e-04   0.000000000000000000e+00 
  4.950250731781126153e-04   0.000000000000000000e+00 
  2.945059968624266170e-04   0.000000000000000000e+00 
  1.075385953299700130e-03   0.000000000000000000e+00 
  1.675529783824457905e-04   0.000000000000000000e+00 
  1.288144732825537847e-03   0.000000000000000000e+00 
  9.779729880392471625e-03   0.000000000000000000e+00 
 -3.054043918382373722e-04   0.000000000000000000e+00 
 -5.170495435595517247e-02   0.000000000000000000e+00 
  2.339708246290686869e-02   0.000000000000000000e+00 
  1.085147843696178090e-03   0.000000000000000000e+00 
 -1.137727987952529734e-03   0.000000000000000000e+00 
 -3.214251995086672004e-02   0.000000000000000000e+00 
 -7.549816370010363487e-02   0.000000000000000000e+00 
 -7.119689881801601061e-02   0.000000000000000000e+00 
 -4.104854911565782721e-02   0.000000000000000000e+00 
  8.164237369783222675e-04   0.000000000000000000e+00 
  5.601990502327679720e-03   0.000000000000000000e+00 
 -2.641468076035381231e-03   0.000000000000000000e+00 
 -8.943397551775027210e-03   0.000000000000000000e+00 
 -3.743327856063842773e-01   0.000000000000000000e+00 
 -2.059663645923136797e-03   0.000000000000000000e+00 
  3.297988325357437134e-03   0.000000000000000000e+00 
 -5.914857611060134928e-04   0.000000000000000000e+00 
  3.213089425116777854e-03   0.000000000000000000e+00 
  4.207461327314371280e-02   0.000000000000000000e+00 
  8.891774415969847523e-01   0.000000000000000000e+00 
  1.971216639503837065e-03   0.000000000000000000e+00 
  1.467792899347841306e-03   0.000000000000000000e+00 
  1.298467069864273071e-01   0.000000000000000000e+00 
 -1.251812279224394364e-01   0.000000000000000000e+00 
  6.577449385076705735e-03   0.000000000000000000e+00 
  4.179939627647430260e-03   0.000000000000000000e+00 
  4.333168268203735352e-03   0.000000000000000000e+00 
 -2.131668152287601991e-03   0.000000000000000000e+00 
 -9.429254569113255631e-04   0.000000000000000000e+00 
 -6.053992547094822797e-03   0.000000000000000000e+00 
 -1.276223454624414444e-02   0.000000000000000000e+00 
 -6.000024950481020592e-05   0.000000000000000000e+00 
 -3.302360419183969931e-03   0.000000000000000000e+00 
 -1.813358278013765812e-03   0.000000000000000000e+00 
 -1.623945427127182484e-03   0.000000000000000000e+00 
 -1.542737823911011002e-03   0.000000000000000000e+00 
 -4.323240369558335044e-02   0.000000000000000000e+00 
  8.537280559539797697e-02   0.000000000000000000e+00 
  2.406310668447979198e-04   0.000000000000000000e+00 
  2.514142915606496290e-02   0.000000000000000000e+00 
 -3.398818522691724603e-02   0.000000000000000000e+00 
 -5.048504681326444581e-04   0.000000000000000000e+00 
 -2.504181116819382148e-03   0.000000000000000000e+00 
  1.397597044706344049e-01   0.000000000000000000e+00 
  9.952756017446517944e-02   0.000000000000000000e+00 
  4.430786648299535292e-04   0.000000000000000000e+00 
  0.000000000000000000e+00   0.000000000000000000e+00 
  0.000000000000000000e+00   0.000000000000000000e+00 
  0.000000000000000000e+00   0.000000000000000000e+00 
  0.000000000000000000e+00   0.000000000000000000e+00 
  0.000000000000000000e+00   0.000000000000000000e+00 
  0.000000000000000000e+00   0.000000000000000000e+00 
  0.000000000000000000e+00   0.000000000000000000e+00 
  0.000000000000000000e+00   0.000000000000000000e+00 
  0.000000000000000000e+00   0.000000000000000000e+00 
  0.000000000000000000e+00   0.000000000000000000e+00 
  0.000000000000000000e+00   0.000000000000000000e+00 
  0.000000000000000000e+00   0.000000000000000000e+00 
  0.000000000000000000e+00   0.000000000000000000e+00 
  0.000000000000000000e+00   0.000000000000000000e+00 
  0.000000000000000000e+00   0.000000000000000000e+00 
  0.000000000000000000e+00   0.000000000000000000e+00 
  0.000000000000000000e+00   0.000000000000000000e+00 
  0.000000000000000000e+00   0.000000000000000000e+00 
  0.000000000000000000e+00   0.000000000000000000e+00 
  0.000000000000000000e+00   0.000000000000000000e+00 
  0.000000000000000000e+00   0.000000000000000000e+00 
  0.000000000000000000e+00   0.000000000000000000e+00 
  0.000000000000000000e+00   0.000000000000000000e+00 
  0.000000000000000000e+00   0.000000000000000000e+00 
  0.000000000000000000e+00   0.000000000000000000e+00 
  0.000000000000000000e+00   0.000000000000000000e+00 
  0.000000000000000000e+00   0.000000000000000000e+00 
  0.000000000000000000e+00   0.000000000000000000e+00 
  0.000000000000000000e+00   0.000000000000000000e+00 
  0.000000000000000000e+00   0.000000000000000000e+00 
  0.000000000000000000e+00   0.000000000000000000e+00 
  0.000000000000000000e+00   0.000000000000000000e+00 
  0.000000000000000000e+00   0.000000000000000000e+00 
  0.000000000000000000e+00   0.000000000000000000e+00 
  0.000000000000000000e+00   0.000000000000000000e+00 
  0.000000000000000000e+00   0.000000000000000000e+00 
  0.000000000000000000e+00   0.000000000000000000e+00 
  0.000000000000000000e+00   0.000000000000000000e+00 
  0.000000000000000000e+00   0.000000000000000000e+00 
  0.000000000000000000e+00   0.000000000000000000e+00 
  0.000000000000000000e+00   0.000000000000000000e+00 
  0.000000000000000000e+00   0.000000000000000000e+00 
  0.000000000000000000e+00   0.000000000000000000e+00 
  0.000000000000000000e+00   0.000000000000000000e+00 
  0.000000000000000000e+00   0.000000000000000000e+00 
  0.000000000000000000e+00   0.000000000000000000e+00 
  0.000000000000000000e+00   0.000000000000000000e+00 
  0.000000000000000000e+00   0.000000000000000000e+00 
  0.000000000000000000e+00   0.000000000000000000e+00 
  0.000000000000000000e+00   0.000000000000000000e+00 
  0.000000000000000000e+00   0.000000000000000000e+00 
  0.000000000000000000e+00   0.000000000000000000e+00 
  0.000000000000000000e+00   0.000000000000000000e+00 
  0.000000000000000000e+00   0.000000000000000000e+00 
  0.000000000000000000e+00   0.000000000000000000e+00 
  0.000000000000000000e+00   0.000000000000000000e+00 
  0.000000000000000000e+00   0.000000000000000000e+00 
  0.000000000000000000e+00   0.000000000000000000e+00 
  0.000000000000000000e+00   0.000000000000000000e+00 
  0.000000000000000000e+00   0.000000000000000000e+00 
  0.000000000000000000e+00   0.000000000000000000e+00 
  0.000000000000000000e+00   0.000000000000000000e+00 
  0.000000000000000000e+00   0.000000000000000000e+00 
  0.000000000000000000e+00   0.000000000000000000e+00 
  0.000000000000000000e+00   0.000000000000000000e+00 
  0.000000000000000000e+00   0.000000000000000000e+00 
  0.000000000000000000e+00   0.000000000000000000e+00 
  0.000000000000000000e+00   0.000000000000000000e+00 
  0.000000000000000000e+00   0.000000000000000000e+00 
  0.000000000000000000e+00   0.000000000000000000e+00 
  0.000000000000000000e+00   0.000000000000000000e+00 
  0.000000000000000000e+00   0.000000000000000000e+00 
  0.000000000000000000e+00   0.000000000000000000e+00 
  0.000000000000000000e+00   0.000000000000000000e+00 
  0.000000000000000000e+00   0.000000000000000000e+00 
  0.000000000000000000e+00   0.000000000000000000e+00 
  8.431168273095437926e-03   0.000000000000000000e+00 
 -1.217497792094947989e-02   0.000000000000000000e+00 
  1.693238504229873688e-03   0.000000000000000000e+00 
 -1.898600161075554571e-02   0.000000000000000000e+00 
  5.356467445381317503e-04   0.000000000000000000e+00 
  5.602958844976655816e-04   0.000000000000000000e+00 
 -5.277157179078953474e-04   0.000000000000000000e+00 
  2.876215148716984474e-04   0.000000000000000000e+00 
  1.056528389453887662e-01   0.000000000000000000e+00 
  2.318294532597119095e-02   0.000000000000000000e+00 
 -1.403491944074555711e-03   0.000000000000000000e+00 
  8.339835912921324994e-04   0.000000000000000000e+00 
  9.583112597465490157e-02   0.000000000000000000e+00 
 -2.150986110791539268e-03   0.000000000000000000e+00 
  7.857542368582737431e-05   0.000000000000000000e+00 
 -1.346934353932726812e-03   0.000000000000000000e+00 
 -9.219746571034196292e-04   0.000000000000000000e+00 
 -5.661420151591299577e-02   0.000000000000000000e+00 
  4.422579659149043665e-04   0.000000000000000000e+00 
 -5.217627040110520880e-04   0.000000000000000000e+00 
 -1.343613564968112184e-01   0.000000000000000000e+00 
 -5.740642664022752376e-04   0.000000000000000000e+00 
 -9.968205122277147123e-04   0.000000000000000000e+00 
 -6.921571330167352069e-04   0.000000000000000000e+00 
 -2.005840360652656176e-04   0.000000000000000000e+00 
  8.656276622787125547e-04   0.000000000000000000e+00 
  2.328621922060845656e-04   0.000000000000000000e+00 
 -8.979059010744069869e-02   0.000000000000000000e+00 
  4.660647362470625096e-03   0.000000000000000000e+00 
 -9.218366467393981347e-04   0.000000000000000000e+00 
 -1.872872412204739379e-01   0.000000000000000000e+00 
  1.447525108233094432e-03   0.000000000000000000e+00 
  3.371678059920668602e-03   0.000000000000000000e+00 
 -1.150137707591055297e-01   0.000000000000000000e+00 
 -1.331513822078704556e-01   0.000000000000000000e+00 
 -1.287419232539832809e-03   0.000000000000000000e+00 
  9.722319664433584424e-04   0.000000000000000000e+00 
  1.137440092861651290e-03   0.000000000000000000e+00 
 -2.623752516228704560e-04   0.000000000000000000e+00 
  1.366440439596772194e-03   0.000000000000000000e+00 
 -3.062804462388157411e-03   0.000000000000000000e+00 
 -1.295257210731506348e-01   0.000000000000000000e+00 
  7.998032378964128278e-04   0.000000000000000000e+00 
 -2.061317209154366146e-03   0.000000000000000000e+00 
  2.906068414449688303e-02   0.000000000000000000e+00 
  1.198756308440346777e-05   0.000000000000000000e+00 
 -8.705083746463060379e-04   0.000000000000000000e+00 
 -2.676828503608704168e-01   0.000000000000000000e+00 
 -4.792557563632727537e-03   0.000000000000000000e+00 
  1.870062784291803837e-03   0.000000000000000000e+00 
 -1.114658359438176934e-02   0.000000000000000000e+00 
 -4.362437129020690363e-01   0.000000000000000000e+00 
 -3.682277631014588097e-03   0.000000000000000000e+00 
 -3.382872091606249588e-04   0.000000000000000000e+00 
 -4.255412612110377225e-03   0.000000000000000000e+00 
  2.901314524933692324e-03   0.000000000000000000e+00 
  1.879109591245651245e-01   0.000000000000000000e+00 
 -1.738007878884672902e-03   0.000000000000000000e+00 
  5.611123051494359970e-03   0.000000000000000000e+00 
 -1.614349195733666637e-03   0.000000000000000000e+00 
  8.338103070855141770e-04   0.000000000000000000e+00 
 -2.987702144309878783e-03   0.000000000000000000e+00 
  1.084381015971302769e-03   0.000000000000000000e+00 
  1.554279774427413385e-01   0.000000000000000000e+00 
 -1.267653540708124854e-03   0.000000000000000000e+00 
 -3.160809574183078789e-04   0.000000000000000000e+00 
  7.600410841405392560e-03   0.000000000000000000e+00 
 -4.402962513267995011e-04   0.000000000000000000e+00 
 -2.164882868528366089e-01   0.000000000000000000e+00 
 -4.442359320819377899e-03   0.000000000000000000e+00 
 -2.707991516217575284e-04   0.000000000000000000e+00 
  1.030029430985451022e-01   0.000000000000000000e+00 
  4.164057224988945705e-02   0.000000000000000000e+00 
  5.755544989369809628e-04   0.000000000000000000e+00 
 -3.356153145432469193e-03   0.000000000000000000e+00 
  7.210785150527952991e-01   0.000000000000000000e+00 
  0.000000000000000000e+00   0.000000000000000000e+00 
  0.000000000000000000e+00   0.000000000000000000e+00 
  0.000000000000000000e+00   0.000000000000000000e+00 
  0.000000000000000000e+00   0.000000000000000000e+00 
  0.000000000000000000e+00   0.000000000000000000e+00 
  0.000000000000000000e+00   0.000000000000000000e+00 
  0.000000000000000000e+00   0.000000000000000000e+00 
  0.000000000000000000e+00   0.000000000000000000e+00 
  0.000000000000000000e+00   0.000000000000000000e+00 
  0.000000000000000000e+00   0.000000000000000000e+00 
  0.000000000000000000e+00   0.000000000000000000e+00 
  0.000000000000000000e+00   0.000000000000000000e+00 
  0.000000000000000000e+00   0.000000000000000000e+00 
  0.000000000000000000e+00   0.000000000000000000e+00 
  0.000000000000000000e+00   0.000000000000000000e+00 
  0.000000000000000000e+00   0.000000000000000000e+00 
  0.000000000000000000e+00   0.000000000000000000e+00 
  0.000000000000000000e+00   0.000000000000000000e+00 
  0.000000000000000000e+00   0.000000000000000000e+00 
  0.000000000000000000e+00   0.000000000000000000e+00 
  0.000000000000000000e+00   0.000000000000000000e+00 
  0.000000000000000000e+00   0.000000000000000000e+00 
  0.000000000000000000e+00   0.000000000000000000e+00 
  0.000000000000000000e+00   0.000000000000000000e+00 
  0.000000000000000000e+00   0.000000000000000000e+00 
  0.000000000000000000e+00   0.000000000000000000e+00 
  0.000000000000000000e+00   0.000000000000000000e+00 
  0.000000000000000000e+00   0.000000000000000000e+00 
  0.000000000000000000e+00   0.000000000000000000e+00 
  0.000000000000000000e+00   0.000000000000000000e+00 
  0.000000000000000000e+00   0.000000000000000000e+00 
  0.000000000000000000e+00   0.000000000000000000e+00 
  0.000000000000000000e+00   0.000000000000000000e+00 
  0.000000000000000000e+00   0.000000000000000000e+00 
  0.000000000000000000e+00   0.000000000000000000e+00 
  0.000000000000000000e+00   0.000000000000000000e+00 
  0.000000000000000000e+00   0.000000000000000000e+00 
  0.000000000000000000e+00   0.000000000000000000e+00 
  0.000000000000000000e+00   0.000000000000000000e+00 
  0.000000000000000000e+00   0.000000000000000000e+00 
  0.000000000000000000e+00   0.000000000000000000e+00 
  0.000000000000000000e+00   0.000000000000000000e+00 
  0.000000000000000000e+00   0.000000000000000000e+00 
  0.000000000000000000e+00   0.000000000000000000e+00 
  0.000000000000000000e+00   0.000000000000000000e+00 
  0.000000000000000000e+00   0.000000000000000000e+00 
  0.000000000000000000e+00   0.000000000000000000e+00 
  0.000000000000000000e+00   0.000000000000000000e+00 
  0.000000000000000000e+00   0.000000000000000000e+00 
  0.000000000000000000e+00   0.000000000000000000e+00 
  0.000000000000000000e+00   0.000000000000000000e+00 
  0.000000000000000000e+00   0.000000000000000000e+00 
  0.000000000000000000e+00   0.000000000000000000e+00 
  0.000000000000000000e+00   0.000000000000000000e+00 
  0.000000000000000000e+00   0.000000000000000000e+00 
  0.000000000000000000e+00   0.000000000000000000e+00 
  0.000000000000000000e+00   0.000000000000000000e+00 
  0.000000000000000000e+00   0.000000000000000000e+00 
  0.000000000000000000e+00   0.000000000000000000e+00 
  0.000000000000000000e+00   0.000000000000000000e+00 
  0.000000000000000000e+00   0.000000000000000000e+00 
  0.000000000000000000e+00   0.000000000000000000e+00 
  0.000000000000000000e+00   0.000000000000000000e+00 
  0.000000000000000000e+00   0.000000000000000000e+00 
  0.000000000000000000e+00   0.000000000000000000e+00 
  0.000000000000000000e+00   0.000000000000000000e+00 
  0.000000000000000000e+00   0.000000000000000000e+00 
  0.000000000000000000e+00   0.000000000000000000e+00 
  0.000000000000000000e+00   0.000000000000000000e+00 
  0.000000000000000000e+00   0.000000000000000000e+00 
  0.000000000000000000e+00   0.000000000000000000e+00 
  0.000000000000000000e+00   0.000000000000000000e+00 
  0.000000000000000000e+00   0.000000000000000000e+00 
  0.000000000000000000e+00   0.000000000000000000e+00 
  0.000000000000000000e+00   0.000000000000000000e+00 
  0.000000000000000000e+00   0.000000000000000000e+00 
 -1.376194227487404290e-02   0.000000000000000000e+00 
  3.165302798151442554e-03   0.000000000000000000e+00 
 -2.677031559869392889e-03   0.000000000000000000e+00 
 -3.283073753118452565e-02   0.000000000000000000e+00 
 -1.032068044878543074e-03   0.000000000000000000e+00 
 -3.588157414925866907e-04   0.000000000000000000e+00 
 -7.965497934476242466e-05   0.000000000000000000e+00 
 -6.962818442844651316e-04   0.000000000000000000e+00 
  2.326137572526906089e-02   0.000000000000000000e+00 
  2.903552167117576938e-02   0.000000000000000000e+00 
  1.541206147520370311e-04   0.000000000000000000e+00 
 -1.154933474026474454e-03   0.000000000000000000e+00 
 -3.893961757421497694e-02   0.000000000000000000e+00 
 -1.471361145377143072e-03   0.000000000000000000e+00 
 -9.077633148990557404e-04   0.000000000000000000e+00 
  5.649544182233594801e-04   0.000000000000000000e+00 
 -2.369858324527740912e-03   0.000000000000000000e+00 
  1.510906517505645474e-01   0.000000000000000000e+00 
  6.517924484796816650e-04   0.000000000000000000e+00 
 -1.546043786220252080e-03   0.000000000000000000e+00 
 -6.480054557323458586e-02   0.000000000000000000e+00 
 -2.216457156464456645e-03   0.000000000000000000e+00 
 -1.683158916421265779e-04   0.000000000000000000e+00 
 -9.323249832959822623e-05   0.000000000000000000e+00 
  2.902088919654488564e-03   0.000000000000000000e+00 
 -1.180064791697074472e-04   0.000000000000000000e+00 
  1.530156587250530286e-03   0.000000000000000000e+00 
  9.449544548988331183e-02   0.000000000000000000e+00 
  2.218476030975582384e-03   0.000000000000000000e+00 
  4.419314791448415952e-04   0.000000000000000000e+00 
 -1.029302775859833735e-01   0.000000000000000000e+00 
  5.046951700933288449e-04   0.000000000000000000e+00 
  1.842646859586236693e-03   0.000000000000000000e+00 
 -2.660552561283112682e-01   0.000000000000000000e+00 
  5.468435212969765397e-02   0.000000000000000000e+00 
 -1.750471070408825443e-03   0.000000000000000000e+00 
  1.678822562098501812e-03   0.000000000000000000e+00 
 -8.407111745327714358e-04   0.000000000000000000e+00 
  1.814645598642528924e-03   0.000000000000000000e+00 
 -4.580434761010110378e-04   0.000000000000000000e+00 
 -9.178194159176203339e-05   0.000000000000000000e+00 
  1.599114239215849997e-01   0.000000000000000000e+00 
 -3.411008510738623690e-04   0.000000000000000000e+00 
  7.918433984741573986e-04   0.000000000000000000e+00 
  3.488382697105406327e-02   0.000000000000000000e+00 
  2.275731414556503296e-03   0.000000000000000000e+00 
 -2.410747576504945755e-03   0.000000000000000000e+00 
  5.140151977539061390e-01   0.000000000000000000e+00 
 -5.396476015448571119e-03   0.000000000000000000e+00 
 -2.700415905565023422e-03   0.000000000000000000e+00 
 -4.135915338993073620e-01   0.000000000000000000e+00 
 -1.270252019166946689e-01   0.000000000000000000e+00 
 -4.540453664958477888e-03   0.000000000000000000e+00 
 -4.192968364804980537e-03   0.000000000000000000e+00 
 -9.069251827895641327e-03   0.000000000000000000e+00 
 -1.374976709485057702e-03   0.000000000000000000e+00 
 -1.047538518905640204e-01   0.000000000000000000e+00 
 -1.017800881527364037e-03   0.000000000000000000e+00 
  2.765838755294680595e-03   0.000000000000000000e+00 
 -2.654183481354265321e-04   0.000000000000000000e+00 
 -3.336612368002533913e-03   0.000000000000000000e+00 
 -2.977601252496244692e-04   0.000000000000000000e+00 
 -1.605074154213071303e-03   0.000000000000000000e+00 
 -1.396259069442748746e-01   0.000000000000000000e+00 
 -1.067531295120716095e-03   0.000000000000000000e+00 
 -1.050511491484939618e-03   0.000000000000000000e+00 
  4.378645680844785518e-03   0.000000000000000000e+00 
  1.326781790703535253e-02   0.000000000000000000e+00 
  1.042094975709915161e-01   0.000000000000000000e+00 
 -1.397684332914650874e-03   0.000000000000000000e+00 
 -6.324077025055883580e-03   0.000000000000000000e+00 
 -2.746270895004272461e-01   0.000000000000000000e+00 
  4.933733344078064520e-01   0.000000000000000000e+00 
  1.586963771842419884e-03   0.000000000000000000e+00 
 -3.445027861744163686e-03   0.000000000000000000e+00 
  1.905631124973297397e-01   0.000000000000000000e+00 
  0.000000000000000000e+00   0.000000000000000000e+00 
  0.000000000000000000e+00   0.000000000000000000e+00 
  0.000000000000000000e+00   0.000000000000000000e+00 
  0.000000000000000000e+00   0.000000000000000000e+00 
  0.000000000000000000e+00   0.000000000000000000e+00 
  0.000000000000000000e+00   0.000000000000000000e+00 
  0.000000000000000000e+00   0.000000000000000000e+00 
  0.000000000000000000e+00   0.000000000000000000e+00 
  0.000000000000000000e+00   0.000000000000000000e+00 
  0.000000000000000000e+00   0.000000000000000000e+00 
  0.000000000000000000e+00   0.000000000000000000e+00 
  0.000000000000000000e+00   0.000000000000000000e+00 
  0.000000000000000000e+00   0.000000000000000000e+00 
  0.000000000000000000e+00   0.000000000000000000e+00 
  0.000000000000000000e+00   0.000000000000000000e+00 
  0.000000000000000000e+00   0.000000000000000000e+00 
  0.000000000000000000e+00   0.000000000000000000e+00 
  0.000000000000000000e+00   0.000000000000000000e+00 
  0.000000000000000000e+00   0.000000000000000000e+00 
  0.000000000000000000e+00   0.000000000000000000e+00 
  0.000000000000000000e+00   0.000000000000000000e+00 
  0.000000000000000000e+00   0.000000000000000000e+00 
  0.000000000000000000e+00   0.000000000000000000e+00 
  0.000000000000000000e+00   0.000000000000000000e+00 
  0.000000000000000000e+00   0.000000000000000000e+00 
  0.000000000000000000e+00   0.000000000000000000e+00 
  0.000000000000000000e+00   0.000000000000000000e+00 
  0.000000000000000000e+00   0.000000000000000000e+00 
  0.000000000000000000e+00   0.000000000000000000e+00 
  0.000000000000000000e+00   0.000000000000000000e+00 
  0.000000000000000000e+00   0.000000000000000000e+00 
  0.000000000000000000e+00   0.000000000000000000e+00 
  0.000000000000000000e+00   0.000000000000000000e+00 
  0.000000000000000000e+00   0.000000000000000000e+00 
  0.000000000000000000e+00   0.000000000000000000e+00 
  0.000000000000000000e+00   0.000000000000000000e+00 
  0.000000000000000000e+00   0.000000000000000000e+00 
  0.000000000000000000e+00   0.000000000000000000e+00 
  0.000000000000000000e+00   0.000000000000000000e+00 
  0.000000000000000000e+00   0.000000000000000000e+00 
  0.000000000000000000e+00   0.000000000000000000e+00 
  0.000000000000000000e+00   0.000000000000000000e+00 
  0.000000000000000000e+00   0.000000000000000000e+00 
  0.000000000000000000e+00   0.000000000000000000e+00 
  0.000000000000000000e+00   0.000000000000000000e+00 
  0.000000000000000000e+00   0.000000000000000000e+00 
  0.000000000000000000e+00   0.000000000000000000e+00 
  0.000000000000000000e+00   0.000000000000000000e+00 
  0.000000000000000000e+00   0.000000000000000000e+00 
  0.000000000000000000e+00   0.000000000000000000e+00 
  0.000000000000000000e+00   0.000000000000000000e+00 
  0.000000000000000000e+00   0.000000000000000000e+00 
  0.000000000000000000e+00   0.000000000000000000e+00 
  0.000000000000000000e+00   0.000000000000000000e+00 
  0.000000000000000000e+00   0.000000000000000000e+00 
  0.000000000000000000e+00   0.000000000000000000e+00 
  0.000000000000000000e+00   0.000000000000000000e+00 
  0.000000000000000000e+00   0.000000000000000000e+00 
  0.000000000000000000e+00   0.000000000000000000e+00 
  0.000000000000000000e+00   0.000000000000000000e+00 
  0.000000000000000000e+00   0.000000000000000000e+00 
  0.000000000000000000e+00   0.000000000000000000e+00 
  0.000000000000000000e+00   0.000000000000000000e+00 
  0.000000000000000000e+00   0.000000000000000000e+00 
  0.000000000000000000e+00   0.000000000000000000e+00 
  0.000000000000000000e+00   0.000000000000000000e+00 
  0.000000000000000000e+00   0.000000000000000000e+00 
  0.000000000000000000e+00   0.000000000000000000e+00 
  0.000000000000000000e+00   0.000000000000000000e+00 
  0.000000000000000000e+00   0.000000000000000000e+00 
  0.000000000000000000e+00   0.000000000000000000e+00 
  0.000000000000000000e+00   0.000000000000000000e+00 
  0.000000000000000000e+00   0.000000000000000000e+00 
  0.000000000000000000e+00   0.000000000000000000e+00 
  0.000000000000000000e+00   0.000000000000000000e+00 
  0.000000000000000000e+00   0.000000000000000000e+00 
 -1.836790470406354531e-03   0.000000000000000000e+00 
  1.670158118940766670e-03   0.000000000000000000e+00 
 -1.235560863278840254e-03   0.000000000000000000e+00 
 -5.493436474353206216e-04   0.000000000000000000e+00 
 -1.836353621914133352e-04   0.000000000000000000e+00 
  5.213878117502188450e-03   0.000000000000000000e+00 
  3.138292580842950291e-02   0.000000000000000000e+00 
 -5.601007491350513089e-03   0.000000000000000000e+00 
 -1.368973404169101940e-03   0.000000000000000000e+00 
  2.140403492376244301e-03   0.000000000000000000e+00 
 -3.821458667516716007e-02   0.000000000000000000e+00 
  5.843732506036671687e-03   0.000000000000000000e+00 
 -2.625606488436459194e-03   0.000000000000000000e+00 
 -7.475435733795207649e-02   0.000000000000000000e+00 
  2.782255597412595580e-02   0.000000000000000000e+00 
 -3.158889943733864721e-03   0.000000000000000000e+00 
  9.087484795600174773e-04   0.000000000000000000e+00 
  2.068617148324847221e-03   0.000000000000000000e+00 
 -2.750105690211057229e-03   0.000000000000000000e+00 
  3.742045955732489185e-04   0.000000000000000000e+00 
 -9.897680720314370496e-04   0.000000000000000000e+00 
 -1.037414669990539828e-01   0.000000000000000000e+00 
 -1.446612831205139164e-02   0.000000000000000000e+00 
 -1.729233423247933171e-03   0.000000000000000000e+00 
  2.184474607929587364e-03   0.000000000000000000e+00 
  1.108083873987200044e-03   0.000000000000000000e+00 
  2.896983351092795897e-04   0.000000000000000000e+00 
  2.435667673125862208e-03   0.000000000000000000e+00 
  7.377192378044115928e-02   0.000000000000000000e+00 
 -6.194356828927984060e-02   0.000000000000000000e+00 
 -1.274887035833677110e-04   0.000000000000000000e+00 
 -2.250692248344431795e-02   0.000000000000000000e+00 
  1.865198761224748092e-01   0.000000000000000000e+00 
 -1.473331125453114943e-03   0.000000000000000000e+00 
  2.788584912195800000e-03   0.000000000000000000e+00 
 -1.024099364876746854e-01   0.000000000000000000e+00 
  1.373473256826399369e-01   0.000000000000000000e+00 
 -1.067712344229220130e-02   0.000000000000000000e+00 
  8.471328020095832134e-02   0.000000000000000000e+00 
 -1.019925111904740334e-03   0.000000000000000000e+00 
 -2.014488214626906568e-03   0.000000000000000000e+00 
  1.812899485230446946e-03   0.000000000000000000e+00 
 -1.647392064332962314e-01   0.000000000000000000e+00 
 -6.863993406295779143e-02   0.000000000000000000e+00 
 -1.484597800299524827e-03   0.000000000000000000e+00 
  1.466438756324350834e-03   0.000000000000000000e+00 
  8.847077377140522003e-03   0.000000000000000000e+00 
 -2.074693329632283124e-03   0.000000000000000000e+00 
  2.652904391288757879e-01   0.000000000000000000e+00 
 -1.316596865653992254e-01   0.000000000000000000e+00 
  1.541335717774927833e-03   0.000000000000000000e+00 
 -4.412529524415720046e-04   0.000000000000000000e+00 
  2.518417239189149059e-01   0.000000000000000000e+00 
  9.418277442455284809e-02   0.000000000000000000e+00 
 -2.713001072406768799e-01   0.000000000000000000e+00 
  1.872611790895462869e-01   0.000000000000000000e+00 
  7.416075095534320309e-04   0.000000000000000000e+00 
  3.802303108386692674e-04   0.000000000000000000e+00 
  1.201385259628295898e-02   0.000000000000000000e+00 
  1.822605147026479895e-03   0.000000000000000000e+00 
 -2.280708635225892501e-03   0.000000000000000000e+00 
 -9.351358748972415924e-03   0.000000000000000000e+00 
  3.725180169567466216e-03   0.000000000000000000e+00 
  1.749570015817881715e-03   0.000000000000000000e+00 
 -8.540863171219825745e-03   0.000000000000000000e+00 
  1.234160619787871621e-03   0.000000000000000000e+00 
 -1.999732479453087200e-02   0.000000000000000000e+00 
 -2.201924100518228792e-03   0.000000000000000000e+00 
  2.492502098903060393e-03   0.000000000000000000e+00 
  3.426957428455353893e-01   0.000000000000000000e+00 
  8.499407768249510331e-02   0.000000000000000000e+00 
 -6.385945016518235207e-04   0.000000000000000000e+00 
 -1.406743307597936067e-03   0.000000000000000000e+00 
 -1.444654166698456088e-01   0.000000000000000000e+00 
  6.715943813323972389e-01   0.000000000000000000e+00 
 -4.212846688460553232e-04   0.000000000000000000e+00 
  0.000000000000000000e+00   0.000000000000000000e+00 
  0.000000000000000000e+00   0.000000000000000000e+00 
  0.000000000000000000e+00   0.000000000000000000e+00 
  0.000000000000000000e+00   0.000000000000000000e+00 
  0.000000000000000000e+00   0.000000000000000000e+00 
  0.000000000000000000e+00   0.000000000000000000e+00 
  0.000000000000000000e+00   0.000000000000000000e+00 
  0.000000000000000000e+00   0.000000000000000000e+00 
  0.000000000000000000e+00   0.000000000000000000e+00 
  0.000000000000000000e+00   0.000000000000000000e+00 
  0.000000000000000000e+00   0.000000000000000000e+00 
  0.000000000000000000e+00   0.000000000000000000e+00 
  0.000000000000000000e+00   0.000000000000000000e+00 
  0.000000000000000000e+00   0.000000000000000000e+00 
  0.000000000000000000e+00   0.000000000000000000e+00 
  0.000000000000000000e+00   0.000000000000000000e+00 
  0.000000000000000000e+00   0.000000000000000000e+00 
  0.000000000000000000e+00   0.000000000000000000e+00 
  0.000000000000000000e+00   0.000000000000000000e+00 
  0.000000000000000000e+00   0.000000000000000000e+00 
  0.000000000000000000e+00   0.000000000000000000e+00 
  0.000000000000000000e+00   0.000000000000000000e+00 
  0.000000000000000000e+00   0.000000000000000000e+00 
  0.000000000000000000e+00   0.000000000000000000e+00 
  0.000000000000000000e+00   0.000000000000000000e+00 
  0.000000000000000000e+00   0.000000000000000000e+00 
  0.000000000000000000e+00   0.000000000000000000e+00 
  0.000000000000000000e+00   0.000000000000000000e+00 
  0.000000000000000000e+00   0.000000000000000000e+00 
  0.000000000000000000e+00   0.000000000000000000e+00 
  0.000000000000000000e+00   0.000000000000000000e+00 
  0.000000000000000000e+00   0.000000000000000000e+00 
  0.000000000000000000e+00   0.000000000000000000e+00 
  0.000000000000000000e+00   0.000000000000000000e+00 
  0.000000000000000000e+00   0.000000000000000000e+00 
  0.000000000000000000e+00   0.000000000000000000e+00 
  0.000000000000000000e+00   0.000000000000000000e+00 
  0.000000000000000000e+00   0.000000000000000000e+00 
  0.000000000000000000e+00   0.000000000000000000e+00 
  0.000000000000000000e+00   0.000000000000000000e+00 
  0.000000000000000000e+00   0.000000000000000000e+00 
  0.000000000000000000e+00   0.000000000000000000e+00 
  0.000000000000000000e+00   0.000000000000000000e+00 
  0.000000000000000000e+00   0.000000000000000000e+00 
  0.000000000000000000e+00   0.000000000000000000e+00 
  0.000000000000000000e+00   0.000000000000000000e+00 
  0.000000000000000000e+00   0.000000000000000000e+00 
  0.000000000000000000e+00   0.000000000000000000e+00 
  0.000000000000000000e+00   0.000000000000000000e+00 
  0.000000000000000000e+00   0.000000000000000000e+00 
  0.000000000000000000e+00   0.000000000000000000e+00 
  0.000000000000000000e+00   0.000000000000000000e+00 
  0.000000000000000000e+00   0.000000000000000000e+00 
  0.000000000000000000e+00   0.000000000000000000e+00 
  0.000000000000000000e+00   0.000000000000000000e+00 
  0.000000000000000000e+00   0.000000000000000000e+00 
  0.000000000000000000e+00   0.000000000000000000e+00 
  0.000000000000000000e+00   0.000000000000000000e+00 
  0.000000000000000000e+00   0.000000000000000000e+00 
  0.000000000000000000e+00   0.000000000000000000e+00 
  0.000000000000000000e+00   0.000000000000000000e+00 
  0.000000000000000000e+00   0.000000000000000000e+00 
  0.000000000000000000e+00   0.000000000000000000e+00 
  0.000000000000000000e+00   0.000000000000000000e+00 
  0.000000000000000000e+00   0.000000000000000000e+00 
  0.000000000000000000e+00   0.000000000000000000e+00 
  0.000000000000000000e+00   0.000000000000000000e+00 
  0.000000000000000000e+00   0.000000000000000000e+00 
  0.000000000000000000e+00   0.000000000000000000e+00 
  0.000000000000000000e+00   0.000000000000000000e+00 
  0.000000000000000000e+00   0.000000000000000000e+00 
  0.000000000000000000e+00   0.000000000000000000e+00 
  0.000000000000000000e+00   0.000000000000000000e+00 
  0.000000000000000000e+00   0.000000000000000000e+00 
  0.000000000000000000e+00   0.000000000000000000e+00 
  0.000000000000000000e+00   0.000000000000000000e+00 
 -2.447114675306042331e-04   0.000000000000000000e+00 
  1.554812886752287952e-03   0.000000000000000000e+00 
  2.576975384726668287e-04   0.000000000000000000e+00 
  1.794974668882775735e-03   0.000000000000000000e+00 
  6.756246555596512847e-03   0.000000000000000000e+00 
 -1.773373223840664066e-03   0.000000000000000000e+00 
 -4.149908199906299743e-03   0.000000000000000000e+00 
 -3.353077918291130777e-02   0.000000000000000000e+00 
 -3.813206567428826122e-04   0.000000000000000000e+00 
 -1.763034262694408022e-03   0.000000000000000000e+00 
 -5.460559856146600909e-03   0.000000000000000000e+00 
 -3.782814741134613024e-02   0.000000000000000000e+00 
  5.503281718119880242e-04   0.000000000000000000e+00 
  2.860450372099878485e-02   0.000000000000000000e+00 
  7.668432593345614334e-02   0.000000000000000000e+00 
 -2.782190218567949687e-03   0.000000000000000000e+00 
 -1.180526800453662872e-03   0.000000000000000000e+00 
 -2.222568495199083848e-03   0.000000000000000000e+00 
 -1.668261684244476926e-04   0.000000000000000000e+00 
 -5.448646261356753645e-04   0.000000000000000000e+00 
  1.241858466528353256e-03   0.000000000000000000e+00 
  1.256813295185562132e-02   0.000000000000000000e+00 
 -9.873224794864633724e-02   0.000000000000000000e+00 
  1.084387768059968298e-03   0.000000000000000000e+00 
 -1.278712530620396354e-03   0.000000000000000000e+00 
 -2.167252125218509760e-03   0.000000000000000000e+00 
 -5.253136041574183379e-04   0.000000000000000000e+00 
 -4.393370822072026512e-03   0.000000000000000000e+00 
 -6.825042515993105796e-02   0.000000000000000000e+00 
 -7.453080266714093294e-02   0.000000000000000000e+00 
 -1.214619376696646864e-03   0.000000000000000000e+00 
 -1.866715997457505105e-01   0.000000000000000000e+00 
 -2.693628333508968700e-02   0.000000000000000000e+00 
  3.303965553641319709e-03   0.000000000000000000e+00 
 -1.313596963882444771e-03   0.000000000000000000e+00 
  1.362239718437195934e-01   0.000000000000000000e+00 
  1.009059622883795443e-01   0.000000000000000000e+00 
  8.379712700843813811e-02   0.000000000000000000e+00 
  1.196400914341211145e-02   0.000000000000000000e+00 
 -5.773499142378563228e-04   0.000000000000000000e+00 
 -7.136007188819344475e-04   0.000000000000000000e+00 
 -3.623402211815120091e-03   0.000000000000000000e+00 
  6.311161071062092176e-02   0.000000000000000000e+00 
 -1.686289012432098389e-01   0.000000000000000000e+00 
 -8.072205819189547408e-04   0.000000000000000000e+00 
  1.730091171339154027e-03   0.000000000000000000e+00 
  2.091868780553341346e-03   0.000000000000000000e+00 
 -2.004404996114130980e-05   0.000000000000000000e+00 
 -1.268951147794724343e-01   0.000000000000000000e+00 
 -2.677810192108154297e-01   0.000000000000000000e+00 
 -1.164432032965123653e-03   0.000000000000000000e+00 
 -2.014437457546592192e-03   0.000000000000000000e+00 
  9.632132202386856079e-02   0.000000000000000000e+00 
 -2.443003058433532715e-01   0.000000000000000000e+00 
  1.858991682529449740e-01   0.000000000000000000e+00 
  2.725582122802733820e-01   0.000000000000000000e+00 
 -1.556026516482232917e-03   0.000000000000000000e+00 
  7.134778425097464648e-03   0.000000000000000000e+00 
  3.307747654616832733e-03   0.000000000000000000e+00 
  5.387304117903111197e-04   0.000000000000000000e+00 
  3.462362568825483322e-03   0.000000000000000000e+00 
 -4.672023933380842209e-03   0.000000000000000000e+00 
 -6.959944497793912020e-03   0.000000000000000000e+00 
 -5.469559226185085991e-03   0.000000000000000000e+00 
 -3.921384457498788834e-03   0.000000000000000000e+00 
 -5.948791746050118533e-03   0.000000000000000000e+00 
 -5.465659778565189197e-03   0.000000000000000000e+00 
  1.846227422356606571e-02   0.000000000000000000e+00 
 -3.688464174047112899e-03   0.000000000000000000e+00 
  8.457179367542268233e-02   0.000000000000000000e+00 
 -3.426272273063659668e-01   0.000000000000000000e+00 
 -2.759726485237478776e-03   0.000000000000000000e+00 
  1.884691184386611635e-03   0.000000000000000000e+00 
  6.732371449470520020e-01   0.000000000000000000e+00 
  1.369651407003402432e-01   0.000000000000000000e+00 
 -5.170630902284943328e-05   0.000000000000000000e+00 
  0.000000000000000000e+00   0.000000000000000000e+00 
  0.000000000000000000e+00   0.000000000000000000e+00 
  0.000000000000000000e+00   0.000000000000000000e+00 
  0.000000000000000000e+00   0.000000000000000000e+00 
  0.000000000000000000e+00   0.000000000000000000e+00 
  0.000000000000000000e+00   0.000000000000000000e+00 
  0.000000000000000000e+00   0.000000000000000000e+00 
  0.000000000000000000e+00   0.000000000000000000e+00 
  0.000000000000000000e+00   0.000000000000000000e+00 
  0.000000000000000000e+00   0.000000000000000000e+00 
  0.000000000000000000e+00   0.000000000000000000e+00 
  0.000000000000000000e+00   0.000000000000000000e+00 
  0.000000000000000000e+00   0.000000000000000000e+00 
  0.000000000000000000e+00   0.000000000000000000e+00 
  0.000000000000000000e+00   0.000000000000000000e+00 
  0.000000000000000000e+00   0.000000000000000000e+00 
  0.000000000000000000e+00   0.000000000000000000e+00 
  0.000000000000000000e+00   0.000000000000000000e+00 
  0.000000000000000000e+00   0.000000000000000000e+00 
  0.000000000000000000e+00   0.000000000000000000e+00 
  0.000000000000000000e+00   0.000000000000000000e+00 
  0.000000000000000000e+00   0.000000000000000000e+00 
  0.000000000000000000e+00   0.000000000000000000e+00 
  0.000000000000000000e+00   0.000000000000000000e+00 
  0.000000000000000000e+00   0.000000000000000000e+00 
  0.000000000000000000e+00   0.000000000000000000e+00 
  0.000000000000000000e+00   0.000000000000000000e+00 
  0.000000000000000000e+00   0.000000000000000000e+00 
  0.000000000000000000e+00   0.000000000000000000e+00 
  0.000000000000000000e+00   0.000000000000000000e+00 
  0.000000000000000000e+00   0.000000000000000000e+00 
  0.000000000000000000e+00   0.000000000000000000e+00 
  0.000000000000000000e+00   0.000000000000000000e+00 
  0.000000000000000000e+00   0.000000000000000000e+00 
  0.000000000000000000e+00   0.000000000000000000e+00 
  0.000000000000000000e+00   0.000000000000000000e+00 
  0.000000000000000000e+00   0.000000000000000000e+00 
  0.000000000000000000e+00   0.000000000000000000e+00 
  0.000000000000000000e+00   0.000000000000000000e+00 
  0.000000000000000000e+00   0.000000000000000000e+00 
  0.000000000000000000e+00   0.000000000000000000e+00 
  0.000000000000000000e+00   0.000000000000000000e+00 
  0.000000000000000000e+00   0.000000000000000000e+00 
  0.000000000000000000e+00   0.000000000000000000e+00 
  0.000000000000000000e+00   0.000000000000000000e+00 
  0.000000000000000000e+00   0.000000000000000000e+00 
  0.000000000000000000e+00   0.000000000000000000e+00 
  0.000000000000000000e+00   0.000000000000000000e+00 
  0.000000000000000000e+00   0.000000000000000000e+00 
  0.000000000000000000e+00   0.000000000000000000e+00 
  0.000000000000000000e+00   0.000000000000000000e+00 
  0.000000000000000000e+00   0.000000000000000000e+00 
  0.000000000000000000e+00   0.000000000000000000e+00 
  0.000000000000000000e+00   0.000000000000000000e+00 
  0.000000000000000000e+00   0.000000000000000000e+00 
  0.000000000000000000e+00   0.000000000000000000e+00 
  0.000000000000000000e+00   0.000000000000000000e+00 
  0.000000000000000000e+00   0.000000000000000000e+00 
  0.000000000000000000e+00   0.000000000000000000e+00 
  0.000000000000000000e+00   0.000000000000000000e+00 
  0.000000000000000000e+00   0.000000000000000000e+00 
  0.000000000000000000e+00   0.000000000000000000e+00 
  0.000000000000000000e+00   0.000000000000000000e+00 
  0.000000000000000000e+00   0.000000000000000000e+00 
  0.000000000000000000e+00   0.000000000000000000e+00 
  0.000000000000000000e+00   0.000000000000000000e+00 
  0.000000000000000000e+00   0.000000000000000000e+00 
  0.000000000000000000e+00   0.000000000000000000e+00 
  0.000000000000000000e+00   0.000000000000000000e+00 
  0.000000000000000000e+00   0.000000000000000000e+00 
  0.000000000000000000e+00   0.000000000000000000e+00 
  0.000000000000000000e+00   0.000000000000000000e+00 
  0.000000000000000000e+00   0.000000000000000000e+00 
  0.000000000000000000e+00   0.000000000000000000e+00 
  0.000000000000000000e+00   0.000000000000000000e+00 
  0.000000000000000000e+00   0.000000000000000000e+00 
  1.256935670972074946e-02   0.000000000000000000e+00 
 -6.003229878844599209e-03   0.000000000000000000e+00 
  3.426589444279931618e-02   0.000000000000000000e+00 
  4.829695913940180649e-03   0.000000000000000000e+00 
  4.369940725156254598e-04   0.000000000000000000e+00 
 -1.739107421599668957e-03   0.000000000000000000e+00 
  2.423092490062065101e-03   0.000000000000000000e+00 
  7.619052776137431957e-04   0.000000000000000000e+00 
  7.174764573574118898e-02   0.000000000000000000e+00 
  1.587487407959929349e-03   0.000000000000000000e+00 
  8.193805697374001397e-04   0.000000000000000000e+00 
  6.506431873243919205e-06   0.000000000000000000e+00 
 -1.317377295345056702e-02   0.000000000000000000e+00 
  3.515268443152287214e-03   0.000000000000000000e+00 
  2.005019923671764537e-04   0.000000000000000000e+00 
 -1.171974232420333302e-03   0.000000000000000000e+00 
  2.238475484773516655e-03   0.000000000000000000e+00 
 -1.078201979398724780e-01   0.000000000000000000e+00 
  6.747098523192102256e-04   0.000000000000000000e+00 
  5.029961466789243437e-04   0.000000000000000000e+00 
  2.107424587011335060e-01   0.000000000000000000e+00 
 -1.733796671032906012e-03   0.000000000000000000e+00 
 -8.717706659808762510e-04   0.000000000000000000e+00 
  1.884455210529267571e-03   0.000000000000000000e+00 
 -1.007363698590789841e-05   0.000000000000000000e+00 
  1.213409239426255009e-03   0.000000000000000000e+00 
  9.519061422906813837e-04   0.000000000000000000e+00 
 -1.670199260115625556e-02   0.000000000000000000e+00 
  2.186139579862355319e-03   0.000000000000000000e+00 
  2.510604972485443133e-04   0.000000000000000000e+00 
 -6.721132248640040996e-02   0.000000000000000000e+00 
 -4.106475040316579991e-03   0.000000000000000000e+00 
 -7.194157689809798327e-03   0.000000000000000000e+00 
 -3.914723545312885633e-02   0.000000000000000000e+00 
  1.796740293502806229e-01   0.000000000000000000e+00 
  9.737267391756175864e-04   0.000000000000000000e+00 
  3.032619133591651374e-04   0.000000000000000000e+00 
  1.528910477645694776e-03   0.000000000000000000e+00 
 -3.766869485843929921e-04   0.000000000000000000e+00 
  4.083889944013206525e-04   0.000000000000000000e+00 
 -2.061732811853289171e-03   0.000000000000000000e+00 
 -1.703700609505169952e-02   0.000000000000000000e+00 
  1.663812086917459965e-03   0.000000000000000000e+00 
 -1.717592705972492478e-03   0.000000000000000000e+00 
  4.414561986923216663e-01   0.000000000000000000e+00 
 -1.752225914970040321e-03   0.000000000000000000e+00 
 -2.211975079262631320e-04   0.000000000000000000e+00 
  1.102561354637145996e-01   0.000000000000000000e+00 
 -7.625104626640651702e-05   0.000000000000000000e+00 
 -7.047716644592592666e-05   0.000000000000000000e+00 
 -1.027301400899888056e-01   0.000000000000000000e+00 
  1.216257885098456781e-01   0.000000000000000000e+00 
  1.556705683469772556e-03   0.000000000000000000e+00 
  1.402357011102139516e-03   0.000000000000000000e+00 
  2.828766591846942902e-03   0.000000000000000000e+00 
  7.930013234727082468e-04   0.000000000000000000e+00 
  3.117813169956206928e-02   0.000000000000000000e+00 
 -1.088807941414415836e-03   0.000000000000000000e+00 
 -5.198598955757914889e-04   0.000000000000000000e+00 
 -7.056940812617543612e-04   0.000000000000000000e+00 
  6.854155217297376286e-04   0.000000000000000000e+00 
 -5.186732742004095424e-04   0.000000000000000000e+00 
  1.332031970378009026e-04   0.000000000000000000e+00 
 -6.090718880295751397e-02   0.000000000000000000e+00 
  1.471917959861457131e-03   0.000000000000000000e+00 
  1.306384219788013534e-04   0.000000000000000000e+00 
 -2.084014267893515937e-04   0.000000000000000000e+00 
 -3.539981844369326940e-04   0.000000000000000000e+00 
  1.548119187355040671e-01   0.000000000000000000e+00 
 -1.058174762874841473e-03   0.000000000000000000e+00 
 -2.110694302245973673e-03   0.000000000000000000e+00 
 -5.249541997909544788e-01   0.000000000000000000e+00 
 -6.120160222053528942e-01   0.000000000000000000e+00 
 -4.814876709133386612e-03   0.000000000000000000e+00 
  2.905146451666950746e-03   0.000000000000000000e+00 
  2.849778532981871448e-01   0.000000000000000000e+00 
  0.000000000000000000e+00   0.000000000000000000e+00 
  0.000000000000000000e+00   0.000000000000000000e+00 
  0.000000000000000000e+00   0.000000000000000000e+00 
  0.000000000000000000e+00   0.000000000000000000e+00 
  0.000000000000000000e+00   0.000000000000000000e+00 
  0.000000000000000000e+00   0.000000000000000000e+00 
  0.000000000000000000e+00   0.000000000000000000e+00 
  0.000000000000000000e+00   0.000000000000000000e+00 
  0.000000000000000000e+00   0.000000000000000000e+00 
  0.000000000000000000e+00   0.000000000000000000e+00 
  0.000000000000000000e+00   0.000000000000000000e+00 
  0.000000000000000000e+00   0.000000000000000000e+00 
  0.000000000000000000e+00   0.000000000000000000e+00 
  0.000000000000000000e+00   0.000000000000000000e+00 
  0.000000000000000000e+00   0.000000000000000000e+00 
  0.000000000000000000e+00   0.000000000000000000e+00 
  0.000000000000000000e+00   0.000000000000000000e+00 
  0.000000000000000000e+00   0.000000000000000000e+00 
  0.000000000000000000e+00   0.000000000000000000e+00 
  0.000000000000000000e+00   0.000000000000000000e+00 
  0.000000000000000000e+00   0.000000000000000000e+00 
  0.000000000000000000e+00   0.000000000000000000e+00 
  0.000000000000000000e+00   0.000000000000000000e+00 
  0.000000000000000000e+00   0.000000000000000000e+00 
  0.000000000000000000e+00   0.000000000000000000e+00 
  0.000000000000000000e+00   0.000000000000000000e+00 
  0.000000000000000000e+00   0.000000000000000000e+00 
  0.000000000000000000e+00   0.000000000000000000e+00 
  0.000000000000000000e+00   0.000000000000000000e+00 
  0.000000000000000000e+00   0.000000000000000000e+00 
  0.000000000000000000e+00   0.000000000000000000e+00 
  0.000000000000000000e+00   0.000000000000000000e+00 
  0.000000000000000000e+00   0.000000000000000000e+00 
  0.000000000000000000e+00   0.000000000000000000e+00 
  0.000000000000000000e+00   0.000000000000000000e+00 
  0.000000000000000000e+00   0.000000000000000000e+00 
  0.000000000000000000e+00   0.000000000000000000e+00 
  0.000000000000000000e+00   0.000000000000000000e+00 
  0.000000000000000000e+00   0.000000000000000000e+00 
  0.000000000000000000e+00   0.000000000000000000e+00 
  0.000000000000000000e+00   0.000000000000000000e+00 
  0.000000000000000000e+00   0.000000000000000000e+00 
  0.000000000000000000e+00   0.000000000000000000e+00 
  0.000000000000000000e+00   0.000000000000000000e+00 
  0.000000000000000000e+00   0.000000000000000000e+00 
  0.000000000000000000e+00   0.000000000000000000e+00 
  0.000000000000000000e+00   0.000000000000000000e+00 
  0.000000000000000000e+00   0.000000000000000000e+00 
  0.000000000000000000e+00   0.000000000000000000e+00 
  0.000000000000000000e+00   0.000000000000000000e+00 
  0.000000000000000000e+00   0.000000000000000000e+00 
  0.000000000000000000e+00   0.000000000000000000e+00 
  0.000000000000000000e+00   0.000000000000000000e+00 
  0.000000000000000000e+00   0.000000000000000000e+00 
  0.000000000000000000e+00   0.000000000000000000e+00 
  0.000000000000000000e+00   0.000000000000000000e+00 
  0.000000000000000000e+00   0.000000000000000000e+00 
  0.000000000000000000e+00   0.000000000000000000e+00 
  0.000000000000000000e+00   0.000000000000000000e+00 
  0.000000000000000000e+00   0.000000000000000000e+00 
  0.000000000000000000e+00   0.000000000000000000e+00 
  0.000000000000000000e+00   0.000000000000000000e+00 
  0.000000000000000000e+00   0.000000000000000000e+00 
  0.000000000000000000e+00   0.000000000000000000e+00 
  0.000000000000000000e+00   0.000000000000000000e+00 
  0.000000000000000000e+00   0.000000000000000000e+00 
  0.000000000000000000e+00   0.000000000000000000e+00 
  0.000000000000000000e+00   0.000000000000000000e+00 
  0.000000000000000000e+00   0.000000000000000000e+00 
  0.000000000000000000e+00   0.000000000000000000e+00 
  0.000000000000000000e+00   0.000000000000000000e+00 
  0.000000000000000000e+00   0.000000000000000000e+00 
  0.000000000000000000e+00   0.000000000000000000e+00 
  0.000000000000000000e+00   0.000000000000000000e+00 
  0.000000000000000000e+00   0.000000000000000000e+00 
  0.000000000000000000e+00   0.000000000000000000e+00 
  2.280725166201575012e-03   0.000000000000000000e+00 
 -1.813991577364508891e-03   0.000000000000000000e+00 
 -4.537975182756197735e-04   0.000000000000000000e+00 
 -8.718268363736585060e-04   0.000000000000000000e+00 
 -3.967321827075752610e-04   0.000000000000000000e+00 
  1.999504165723941553e-03   0.000000000000000000e+00 
 -1.775565324351120614e-03   0.000000000000000000e+00 
 -7.296124822458481063e-04   0.000000000000000000e+00 
  1.022896263748408014e-03   0.000000000000000000e+00 
 -3.255654009990415257e-04   0.000000000000000000e+00 
 -1.521188532933646573e-03   0.000000000000000000e+00 
  1.039406983181848966e-03   0.000000000000000000e+00 
 -4.365757340565318951e-04   0.000000000000000000e+00 
 -1.900254166685225394e-03   0.000000000000000000e+00 
  1.635734457522554364e-03   0.000000000000000000e+00 
  8.317497558891681284e-03   0.000000000000000000e+00 
  1.860494352877141433e-02   0.000000000000000000e+00 
  1.519116485724226724e-04   0.000000000000000000e+00 
 -3.803205443546184197e-03   0.000000000000000000e+00 
  1.454704534262421523e-02   0.000000000000000000e+00 
 -8.645110210636603549e-05   0.000000000000000000e+00 
  2.309118164703250799e-03   0.000000000000000000e+00 
  3.663729876279834727e-04   0.000000000000000000e+00 
 -4.455013200640677538e-03   0.000000000000000000e+00 
 -1.951869780896228551e-04   0.000000000000000000e+00 
  2.254030667245384909e-02   0.000000000000000000e+00 
  6.922245025634761288e-03   0.000000000000000000e+00 
 -4.385458305478102514e-04   0.000000000000000000e+00 
 -2.331657102331519127e-03   0.000000000000000000e+00 
 -2.364983665756902921e-04   0.000000000000000000e+00 
 -4.441307974047963730e-04   0.000000000000000000e+00 
 -7.957741036079828308e-04   0.000000000000000000e+00 
  6.474756170064210892e-03   0.000000000000000000e+00 
 -1.547551713883877017e-03   0.000000000000000000e+00 
  6.959905149415134299e-04   0.000000000000000000e+00 
  1.361382775940002312e-03   0.000000000000000000e+00 
  1.270736684091388746e-03   0.000000000000000000e+00 
  3.988384560216212812e-04   0.000000000000000000e+00 
 -1.513952272944152355e-03   0.000000000000000000e+00 
  8.015493303537368774e-02   0.000000000000000000e+00 
 -3.130574226379393976e-01   0.000000000000000000e+00 
 -1.955174184331627680e-06   0.000000000000000000e+00 
 -1.302157324971627375e-04   0.000000000000000000e+00 
  2.088048961013555093e-03   0.000000000000000000e+00 
  9.165864321403201058e-04   0.000000000000000000e+00 
  2.568373084068298340e-01   0.000000000000000000e+00 
  8.617942929267883301e-01   0.000000000000000000e+00 
  1.605701632797717831e-03   0.000000000000000000e+00 
 -1.502352650277317221e-03   0.000000000000000000e+00 
  2.823435235768556595e-03   0.000000000000000000e+00 
 -4.532893071882427823e-04   0.000000000000000000e+00 
 -1.270034990739077872e-04   0.000000000000000000e+00 
 -1.558448770083488335e-03   0.000000000000000000e+00 
 -2.775879402179266104e-04   0.000000000000000000e+00 
 -4.569687298499056430e-04   0.000000000000000000e+00 
  1.243132515810430267e-03   0.000000000000000000e+00 
 -7.469339470844721255e-05   0.000000000000000000e+00 
  1.318982429802418102e-02   0.000000000000000000e+00 
 -6.126259639859198830e-02   0.000000000000000000e+00 
  2.685115672647953901e-03   0.000000000000000000e+00 
 -2.247207332402468161e-03   0.000000000000000000e+00 
 -1.568421721458433671e-02   0.000000000000000000e+00 
  6.140252575278283900e-03   0.000000000000000000e+00 
 -1.083979150280356407e-03   0.000000000000000000e+00 
  2.270280867815017423e-01   0.000000000000000000e+00 
 -4.944195225834846497e-02   0.000000000000000000e+00 
  2.190319821238518195e-03   0.000000000000000000e+00 
 -2.365704625844955878e-03   0.000000000000000000e+00 
 -1.311220694333315112e-03   0.000000000000000000e+00 
 -1.223580795340240219e-03   0.000000000000000000e+00 
  1.194940647110342546e-03   0.000000000000000000e+00 
 -1.263966085389256477e-03   0.000000000000000000e+00 
 -1.860857446445157042e-04   0.000000000000000000e+00 
  1.866800885181877018e-04   0.000000000000000000e+00 
 -1.316151698119936856e-03   0.000000000000000000e+00 
 -1.576812006533145905e-03   0.000000000000000000e+00 
  0.000000000000000000e+00   0.000000000000000000e+00 
  0.000000000000000000e+00   0.000000000000000000e+00 
  0.000000000000000000e+00   0.000000000000000000e+00 
  0.000000000000000000e+00   0.000000000000000000e+00 
  0.000000000000000000e+00   0.000000000000000000e+00 
  0.000000000000000000e+00   0.000000000000000000e+00 
  0.000000000000000000e+00   0.000000000000000000e+00 
  0.000000000000000000e+00   0.000000000000000000e+00 
  0.000000000000000000e+00   0.000000000000000000e+00 
  0.000000000000000000e+00   0.000000000000000000e+00 
  0.000000000000000000e+00   0.000000000000000000e+00 
  0.000000000000000000e+00   0.000000000000000000e+00 
  0.000000000000000000e+00   0.000000000000000000e+00 
  0.000000000000000000e+00   0.000000000000000000e+00 
  0.000000000000000000e+00   0.000000000000000000e+00 
  0.000000000000000000e+00   0.000000000000000000e+00 
  0.000000000000000000e+00   0.000000000000000000e+00 
  0.000000000000000000e+00   0.000000000000000000e+00 
  0.000000000000000000e+00   0.000000000000000000e+00 
  0.000000000000000000e+00   0.000000000000000000e+00 
  0.000000000000000000e+00   0.000000000000000000e+00 
  0.000000000000000000e+00   0.000000000000000000e+00 
  0.000000000000000000e+00   0.000000000000000000e+00 
  0.000000000000000000e+00   0.000000000000000000e+00 
  0.000000000000000000e+00   0.000000000000000000e+00 
  0.000000000000000000e+00   0.000000000000000000e+00 
  0.000000000000000000e+00   0.000000000000000000e+00 
  0.000000000000000000e+00   0.000000000000000000e+00 
  0.000000000000000000e+00   0.000000000000000000e+00 
  0.000000000000000000e+00   0.000000000000000000e+00 
  0.000000000000000000e+00   0.000000000000000000e+00 
  0.000000000000000000e+00   0.000000000000000000e+00 
  0.000000000000000000e+00   0.000000000000000000e+00 
  0.000000000000000000e+00   0.000000000000000000e+00 
  0.000000000000000000e+00   0.000000000000000000e+00 
  0.000000000000000000e+00   0.000000000000000000e+00 
  0.000000000000000000e+00   0.000000000000000000e+00 
  0.000000000000000000e+00   0.000000000000000000e+00 
  0.000000000000000000e+00   0.000000000000000000e+00 
  0.000000000000000000e+00   0.000000000000000000e+00 
  0.000000000000000000e+00   0.000000000000000000e+00 
  0.000000000000000000e+00   0.000000000000000000e+00 
  0.000000000000000000e+00   0.000000000000000000e+00 
  0.000000000000000000e+00   0.000000000000000000e+00 
  0.000000000000000000e+00   0.000000000000000000e+00 
  0.000000000000000000e+00   0.000000000000000000e+00 
  0.000000000000000000e+00   0.000000000000000000e+00 
  0.000000000000000000e+00   0.000000000000000000e+00 
  0.000000000000000000e+00   0.000000000000000000e+00 
  0.000000000000000000e+00   0.000000000000000000e+00 
  0.000000000000000000e+00   0.000000000000000000e+00 
  0.000000000000000000e+00   0.000000000000000000e+00 
  0.000000000000000000e+00   0.000000000000000000e+00 
  0.000000000000000000e+00   0.000000000000000000e+00 
  0.000000000000000000e+00   0.000000000000000000e+00 
  0.000000000000000000e+00   0.000000000000000000e+00 
  0.000000000000000000e+00   0.000000000000000000e+00 
  0.000000000000000000e+00   0.000000000000000000e+00 
  0.000000000000000000e+00   0.000000000000000000e+00 
  0.000000000000000000e+00   0.000000000000000000e+00 
  0.000000000000000000e+00   0.000000000000000000e+00 
  0.000000000000000000e+00   0.000000000000000000e+00 
  0.000000000000000000e+00   0.000000000000000000e+00 
  0.000000000000000000e+00   0.000000000000000000e+00 
  0.000000000000000000e+00   0.000000000000000000e+00 
  0.000000000000000000e+00   0.000000000000000000e+00 
  0.000000000000000000e+00   0.000000000000000000e+00 
  0.000000000000000000e+00   0.000000000000000000e+00 
  0.000000000000000000e+00   0.000000000000000000e+00 
  0.000000000000000000e+00   0.000000000000000000e+00 
  0.000000000000000000e+00   0.000000000000000000e+00 
  0.000000000000000000e+00   0.000000000000000000e+00 
  0.000000000000000000e+00   0.000000000000000000e+00 
  0.000000000000000000e+00   0.000000000000000000e+00 
  0.000000000000000000e+00   0.000000000000000000e+00 
  0.000000000000000000e+00   0.000000000000000000e+00 
  0.000000000000000000e+00   0.000000000000000000e+00 
  0.000000000000000000e+00   0.000000000000000000e+00 
  0.000000000000000000e+00   0.000000000000000000e+00 
  0.000000000000000000e+00   0.000000000000000000e+00 
  0.000000000000000000e+00   0.000000000000000000e+00 
  0.000000000000000000e+00   0.000000000000000000e+00 
  0.000000000000000000e+00   0.000000000000000000e+00 
  0.000000000000000000e+00   0.000000000000000000e+00 
  0.000000000000000000e+00   0.000000000000000000e+00 
  0.000000000000000000e+00   0.000000000000000000e+00 
  0.000000000000000000e+00   0.000000000000000000e+00 
  0.000000000000000000e+00   0.000000000000000000e+00 
  0.000000000000000000e+00   0.000000000000000000e+00 
  0.000000000000000000e+00   0.000000000000000000e+00 
  0.000000000000000000e+00   0.000000000000000000e+00 
  0.000000000000000000e+00   0.000000000000000000e+00 
  0.000000000000000000e+00   0.000000000000000000e+00 
  0.000000000000000000e+00   0.000000000000000000e+00 
  0.000000000000000000e+00   0.000000000000000000e+00 
  0.000000000000000000e+00   0.000000000000000000e+00 
  0.000000000000000000e+00   0.000000000000000000e+00 
  0.000000000000000000e+00   0.000000000000000000e+00 
  0.000000000000000000e+00   0.000000000000000000e+00 
  0.000000000000000000e+00   0.000000000000000000e+00 
  0.000000000000000000e+00   0.000000000000000000e+00 
  0.000000000000000000e+00   0.000000000000000000e+00 
  0.000000000000000000e+00   0.000000000000000000e+00 
  0.000000000000000000e+00   0.000000000000000000e+00 
  0.000000000000000000e+00   0.000000000000000000e+00 
  0.000000000000000000e+00   0.000000000000000000e+00 
  0.000000000000000000e+00   0.000000000000000000e+00 
  0.000000000000000000e+00   0.000000000000000000e+00 
  0.000000000000000000e+00   0.000000000000000000e+00 
  0.000000000000000000e+00   0.000000000000000000e+00 
  0.000000000000000000e+00   0.000000000000000000e+00 
  0.000000000000000000e+00   0.000000000000000000e+00 
  0.000000000000000000e+00   0.000000000000000000e+00 
  0.000000000000000000e+00   0.000000000000000000e+00 
  0.000000000000000000e+00   0.000000000000000000e+00 
  0.000000000000000000e+00   0.000000000000000000e+00 
  0.000000000000000000e+00   0.000000000000000000e+00 
  0.000000000000000000e+00   0.000000000000000000e+00 
  0.000000000000000000e+00   0.000000000000000000e+00 
  0.000000000000000000e+00   0.000000000000000000e+00 
  0.000000000000000000e+00   0.000000000000000000e+00 
  0.000000000000000000e+00   0.000000000000000000e+00 
  0.000000000000000000e+00   0.000000000000000000e+00 
  0.000000000000000000e+00   0.000000000000000000e+00 
  0.000000000000000000e+00   0.000000000000000000e+00 
  0.000000000000000000e+00   0.000000000000000000e+00 
  0.000000000000000000e+00   0.000000000000000000e+00 
  0.000000000000000000e+00   0.000000000000000000e+00 
  0.000000000000000000e+00   0.000000000000000000e+00 
  0.000000000000000000e+00   0.000000000000000000e+00 
  0.000000000000000000e+00   0.000000000000000000e+00 
  0.000000000000000000e+00   0.000000000000000000e+00 
  0.000000000000000000e+00   0.000000000000000000e+00 
  0.000000000000000000e+00   0.000000000000000000e+00 
  0.000000000000000000e+00   0.000000000000000000e+00 
  0.000000000000000000e+00   0.000000000000000000e+00 
  0.000000000000000000e+00   0.000000000000000000e+00 
  0.000000000000000000e+00   0.000000000000000000e+00 
  0.000000000000000000e+00   0.000000000000000000e+00 
  0.000000000000000000e+00   0.000000000000000000e+00 
  0.000000000000000000e+00   0.000000000000000000e+00 
  0.000000000000000000e+00   0.000000000000000000e+00 
  0.000000000000000000e+00   0.000000000000000000e+00 
  0.000000000000000000e+00   0.000000000000000000e+00 
  0.000000000000000000e+00   0.000000000000000000e+00 
  0.000000000000000000e+00   0.000000000000000000e+00 
  0.000000000000000000e+00   0.000000000000000000e+00 
  0.000000000000000000e+00   0.000000000000000000e+00 
  0.000000000000000000e+00   0.000000000000000000e+00 
  0.000000000000000000e+00   0.000000000000000000e+00 
  0.000000000000000000e+00   0.000000000000000000e+00 
  0.000000000000000000e+00   0.000000000000000000e+00 
  4.970693495129863311e-03   0.000000000000000000e+00 
 -4.480006173252806118e-03   0.000000000000000000e+00 
 -1.166580244899274865e-03   0.000000000000000000e+00 
 -9.153360500930986937e-03   0.000000000000000000e+00 
 -1.613153835928126615e-05   0.000000000000000000e+00 
 -1.383371651172739638e-03   0.000000000000000000e+00 
 -6.967468652875188689e-04   0.000000000000000000e+00 
 -2.492228057235445094e-03   0.000000000000000000e+00 
  2.938053384423215675e-02   0.000000000000000000e+00 
 -6.925924122333571020e-02   0.000000000000000000e+00 
  7.503348751925201969e-04   0.000000000000000000e+00 
 -2.832596190273890986e-03   0.000000000000000000e+00 
  1.659905305132440730e-03   0.000000000000000000e+00 
 -1.246645751964956728e-05   0.000000000000000000e+00 
  6.404940504580684119e-04   0.000000000000000000e+00 
  7.306096958927677919e-04   0.000000000000000000e+00 
 -6.603011279366913710e-04   0.000000000000000000e+00 
  2.321495674550452804e-02   0.000000000000000000e+00 
 -3.842549864202736074e-03   0.000000000000000000e+00 
 -2.105017891153692332e-03   0.000000000000000000e+00 
  3.937279805541091943e-02   0.000000000000000000e+00 
 -3.228875284548856999e-04   0.000000000000000000e+00 
  3.754505421966316918e-03   0.000000000000000000e+00 
 -3.985209623351687190e-04   0.000000000000000000e+00 
  1.764663727954030037e-03   0.000000000000000000e+00 
  2.103011589497327805e-03   0.000000000000000000e+00 
 -3.276420291513204141e-03   0.000000000000000000e+00 
 -6.010898202657748157e-02   0.000000000000000000e+00 
 -2.135849645128469574e-04   0.000000000000000000e+00 
 -1.947000506334008304e-03   0.000000000000000000e+00 
  4.687619954347650025e-02   0.000000000000000000e+00 
 -4.670341033488512039e-03   0.000000000000000000e+00 
 -1.676706364378333525e-03   0.000000000000000000e+00 
 -7.349666208028790559e-02   0.000000000000000000e+00 
  1.374867856502533237e-01   0.000000000000000000e+00 
 -7.953411550261074844e-04   0.000000000000000000e+00 
  1.646960154175759012e-03   0.000000000000000000e+00 
 -2.655399264767763830e-03   0.000000000000000000e+00 
  5.219348822720353172e-04   0.000000000000000000e+00 
 -2.592917764559388161e-03   0.000000000000000000e+00 
 -4.453535075299440730e-04   0.000000000000000000e+00 
  2.469432074576652283e-03   0.000000000000000000e+00 
 -3.381382266525168848e-04   0.000000000000000000e+00 
  2.018245169892907143e-03   0.000000000000000000e+00 
 -6.435863375663756214e-01   0.000000000000000000e+00 
  6.462757010012865067e-03   0.000000000000000000e+00 
  2.124647609889507294e-03   0.000000000000000000e+00 
  8.996336907148365369e-02   0.000000000000000000e+00 
  4.550520970951765234e-04   0.000000000000000000e+00 
  1.656153588555753231e-03   0.000000000000000000e+00 
 -5.020994544029236950e-01   0.000000000000000000e+00 
  1.715961247682571134e-01   0.000000000000000000e+00 
  1.342484960332512639e-03   0.000000000000000000e+00 
 -4.079047357663502472e-04   0.000000000000000000e+00 
  6.932571996003386106e-04   0.000000000000000000e+00 
  3.355801745783542505e-04   0.000000000000000000e+00 
 -1.622224450111389160e-01   0.000000000000000000e+00 
  9.559422032907603003e-04   0.000000000000000000e+00 
  2.331493422389030457e-03   0.000000000000000000e+00 
 -2.757783280685544014e-03   0.000000000000000000e+00 
 -4.653625190258026123e-03   0.000000000000000000e+00 
 -3.078256268054250155e-04   0.000000000000000000e+00 
  9.279226651415234265e-04   0.000000000000000000e+00 
  1.012357138097266449e-02   0.000000000000000000e+00 
 -1.020393450744450092e-03   0.000000000000000000e+00 
  1.051552011631429412e-03   0.000000000000000000e+00 
  6.346984882839022983e-04   0.000000000000000000e+00 
 -2.999178599566221237e-03   0.000000000000000000e+00 
 -7.060655951499945904e-02   0.000000000000000000e+00 
 -1.480230130255222754e-03   0.000000000000000000e+00 
  2.142202341929076801e-03   0.000000000000000000e+00 
  1.701422929763792835e-01   0.000000000000000000e+00 
 -4.320749044418335516e-01   0.000000000000000000e+00 
 -1.049769562087026511e-04   0.000000000000000000e+00 
 -1.501055550761518911e-03   0.000000000000000000e+00 
  2.002515643835067194e-01   0.000000000000000000e+00 
  0.000000000000000000e+00   0.000000000000000000e+00 
  0.000000000000000000e+00   0.000000000000000000e+00 
  0.000000000000000000e+00   0.000000000000000000e+00 
  0.000000000000000000e+00   0.000000000000000000e+00 
  0.000000000000000000e+00   0.000000000000000000e+00 
  0.000000000000000000e+00   0.000000000000000000e+00 
  0.000000000000000000e+00   0.000000000000000000e+00 
  0.000000000000000000e+00   0.000000000000000000e+00 
  0.000000000000000000e+00   0.000000000000000000e+00 
  0.000000000000000000e+00   0.000000000000000000e+00 
  0.000000000000000000e+00   0.000000000000000000e+00 
  0.000000000000000000e+00   0.000000000000000000e+00 
  0.000000000000000000e+00   0.000000000000000000e+00 
  0.000000000000000000e+00   0.000000000000000000e+00 
  0.000000000000000000e+00   0.000000000000000000e+00 
  0.000000000000000000e+00   0.000000000000000000e+00 
  0.000000000000000000e+00   0.000000000000000000e+00 
  0.000000000000000000e+00   0.000000000000000000e+00 
  0.000000000000000000e+00   0.000000000000000000e+00 
  0.000000000000000000e+00   0.000000000000000000e+00 
  0.000000000000000000e+00   0.000000000000000000e+00 
  0.000000000000000000e+00   0.000000000000000000e+00 
  0.000000000000000000e+00   0.000000000000000000e+00 
  0.000000000000000000e+00   0.000000000000000000e+00 
  0.000000000000000000e+00   0.000000000000000000e+00 
  0.000000000000000000e+00   0.000000000000000000e+00 
  0.000000000000000000e+00   0.000000000000000000e+00 
  0.000000000000000000e+00   0.000000000000000000e+00 
  0.000000000000000000e+00   0.000000000000000000e+00 
  0.000000000000000000e+00   0.000000000000000000e+00 
  0.000000000000000000e+00   0.000000000000000000e+00 
  0.000000000000000000e+00   0.000000000000000000e+00 
  0.000000000000000000e+00   0.000000000000000000e+00 
  0.000000000000000000e+00   0.000000000000000000e+00 
  0.000000000000000000e+00   0.000000000000000000e+00 
  0.000000000000000000e+00   0.000000000000000000e+00 
  0.000000000000000000e+00   0.000000000000000000e+00 
  0.000000000000000000e+00   0.000000000000000000e+00 
  0.000000000000000000e+00   0.000000000000000000e+00 
  0.000000000000000000e+00   0.000000000000000000e+00 
  0.000000000000000000e+00   0.000000000000000000e+00 
  0.000000000000000000e+00   0.000000000000000000e+00 
  0.000000000000000000e+00   0.000000000000000000e+00 
  0.000000000000000000e+00   0.000000000000000000e+00 
  0.000000000000000000e+00   0.000000000000000000e+00 
  0.000000000000000000e+00   0.000000000000000000e+00 
  0.000000000000000000e+00   0.000000000000000000e+00 
  0.000000000000000000e+00   0.000000000000000000e+00 
  0.000000000000000000e+00   0.000000000000000000e+00 
  0.000000000000000000e+00   0.000000000000000000e+00 
  0.000000000000000000e+00   0.000000000000000000e+00 
  0.000000000000000000e+00   0.000000000000000000e+00 
  0.000000000000000000e+00   0.000000000000000000e+00 
  0.000000000000000000e+00   0.000000000000000000e+00 
  0.000000000000000000e+00   0.000000000000000000e+00 
  0.000000000000000000e+00   0.000000000000000000e+00 
  0.000000000000000000e+00   0.000000000000000000e+00 
  0.000000000000000000e+00   0.000000000000000000e+00 
  0.000000000000000000e+00   0.000000000000000000e+00 
  0.000000000000000000e+00   0.000000000000000000e+00 
  0.000000000000000000e+00   0.000000000000000000e+00 
  0.000000000000000000e+00   0.000000000000000000e+00 
  0.000000000000000000e+00   0.000000000000000000e+00 
  0.000000000000000000e+00   0.000000000000000000e+00 
  0.000000000000000000e+00   0.000000000000000000e+00 
  0.000000000000000000e+00   0.000000000000000000e+00 
  0.000000000000000000e+00   0.000000000000000000e+00 
  0.000000000000000000e+00   0.000000000000000000e+00 
  0.000000000000000000e+00   0.000000000000000000e+00 
  0.000000000000000000e+00   0.000000000000000000e+00 
  0.000000000000000000e+00   0.000000000000000000e+00 
  0.000000000000000000e+00   0.000000000000000000e+00 
  0.000000000000000000e+00   0.000000000000000000e+00 
  0.000000000000000000e+00   0.000000000000000000e+00 
  0.000000000000000000e+00   0.000000000000000000e+00 
  0.000000000000000000e+00   0.000000000000000000e+00 
 -3.949748352164757746e-03   0.000000000000000000e+00 
 -9.479699656367824093e-03   0.000000000000000000e+00 
 -1.148454472422736142e-02   0.000000000000000000e+00 
  1.590259186923520876e-02   0.000000000000000000e+00 
  1.945395255461338652e-03   0.000000000000000000e+00 
 -1.563376514241013055e-03   0.000000000000000000e+00 
  1.489595277234775960e-03   0.000000000000000000e+00 
 -2.877256774809365991e-04   0.000000000000000000e+00 
  6.855451036244582241e-03   0.000000000000000000e+00 
 -3.163018077611907952e-02   0.000000000000000000e+00 
 -8.153429953380904186e-04   0.000000000000000000e+00 
 -7.805511995700485715e-05   0.000000000000000000e+00 
  7.378893904387756608e-03   0.000000000000000000e+00 
  3.537038865033577807e-04   0.000000000000000000e+00 
  3.590712731238468133e-04   0.000000000000000000e+00 
  1.674245111644264350e-03   0.000000000000000000e+00 
 -1.490685855969786644e-03   0.000000000000000000e+00 
  2.464936673641206222e-02   0.000000000000000000e+00 
  1.476972363889216726e-03   0.000000000000000000e+00 
  1.439278246834874153e-03   0.000000000000000000e+00 
 -2.977656433358932472e-03   0.000000000000000000e+00 
 -9.515038109384502075e-04   0.000000000000000000e+00 
 -3.723917179740924709e-04   0.000000000000000000e+00 
  3.213894378859550845e-04   0.000000000000000000e+00 
  2.312450902536511421e-03   0.000000000000000000e+00 
 -1.210356480441987081e-03   0.000000000000000000e+00 
  1.307859900407492464e-03   0.000000000000000000e+00 
 -1.412249263375995982e-02   0.000000000000000000e+00 
  1.921186805702746348e-03   0.000000000000000000e+00 
 -1.088221208192407434e-03   0.000000000000000000e+00 
 -2.546695247292503003e-02   0.000000000000000000e+00 
 -1.393515383824704777e-03   0.000000000000000000e+00 
 -1.899385824799537442e-03   0.000000000000000000e+00 
 -3.700435906648637252e-02   0.000000000000000000e+00 
  1.516396850347518921e-01   0.000000000000000000e+00 
  9.539954044157720461e-05   0.000000000000000000e+00 
 -1.001177006401129883e-04   0.000000000000000000e+00 
 -1.454611541703343175e-03   0.000000000000000000e+00 
  2.655680058524012566e-03   0.000000000000000000e+00 
  1.220664358697831631e-03   0.000000000000000000e+00 
 -5.900424439460039139e-04   0.000000000000000000e+00 
  3.702856004238129217e-01   0.000000000000000000e+00 
  2.460106275975704627e-03   0.000000000000000000e+00 
  3.287828585598622129e-04   0.000000000000000000e+00 
  2.498195320367809641e-02   0.000000000000000000e+00 
  7.608016021549700606e-04   0.000000000000000000e+00 
  1.220247941091656468e-03   0.000000000000000000e+00 
  5.305320620536801979e-01   0.000000000000000000e+00 
 -2.447810489684343772e-03   0.000000000000000000e+00 
  7.984722615219653737e-04   0.000000000000000000e+00 
  5.583274364471436657e-01   0.000000000000000000e+00 
 -7.154890894889820441e-02   0.000000000000000000e+00 
 -1.481508021242917885e-03   0.000000000000000000e+00 
 -1.594300498254595669e-03   0.000000000000000000e+00 
 -1.126431743614375808e-03   0.000000000000000000e+00 
  2.023746958002447648e-03   0.000000000000000000e+00 
 -1.834232509136200229e-01   0.000000000000000000e+00 
 -1.109825097955763123e-03   0.000000000000000000e+00 
  1.303115044720470688e-03   0.000000000000000000e+00 
 -2.267997333547100154e-04   0.000000000000000000e+00 
 -2.682043006643652916e-03   0.000000000000000000e+00 
 -7.178526720963417400e-04   0.000000000000000000e+00 
 -7.192206685431304846e-04   0.000000000000000000e+00 
 -1.772028766572478556e-02   0.000000000000000000e+00 
 -1.338503439910709858e-03   0.000000000000000000e+00 
  2.483910939190535653e-04   0.000000000000000000e+00 
 -5.659508169628678668e-04   0.000000000000000000e+00 
 -5.773317068815231323e-03   0.000000000000000000e+00 
 -2.032635957002640048e-01   0.000000000000000000e+00 
  1.886451500467957150e-03   0.000000000000000000e+00 
  2.421171870082616372e-03   0.000000000000000000e+00 
  3.106895089149476763e-01   0.000000000000000000e+00 
 -2.175276726484298984e-01   0.000000000000000000e+00 
 -6.074067787267269872e-04   0.000000000000000000e+00 
  2.303916960954665704e-03   0.000000000000000000e+00 
  2.117301076650619784e-01   0.000000000000000000e+00 
  0.000000000000000000e+00   0.000000000000000000e+00 
  0.000000000000000000e+00   0.000000000000000000e+00 
  0.000000000000000000e+00   0.000000000000000000e+00 
  0.000000000000000000e+00   0.000000000000000000e+00 
  0.000000000000000000e+00   0.000000000000000000e+00 
  0.000000000000000000e+00   0.000000000000000000e+00 
  0.000000000000000000e+00   0.000000000000000000e+00 
  0.000000000000000000e+00   0.000000000000000000e+00 
  0.000000000000000000e+00   0.000000000000000000e+00 
  0.000000000000000000e+00   0.000000000000000000e+00 
  0.000000000000000000e+00   0.000000000000000000e+00 
  0.000000000000000000e+00   0.000000000000000000e+00 
  0.000000000000000000e+00   0.000000000000000000e+00 
  0.000000000000000000e+00   0.000000000000000000e+00 
  0.000000000000000000e+00   0.000000000000000000e+00 
  0.000000000000000000e+00   0.000000000000000000e+00 
  0.000000000000000000e+00   0.000000000000000000e+00 
  0.000000000000000000e+00   0.000000000000000000e+00 
  0.000000000000000000e+00   0.000000000000000000e+00 
  0.000000000000000000e+00   0.000000000000000000e+00 
  0.000000000000000000e+00   0.000000000000000000e+00 
  0.000000000000000000e+00   0.000000000000000000e+00 
  0.000000000000000000e+00   0.000000000000000000e+00 
  0.000000000000000000e+00   0.000000000000000000e+00 
  0.000000000000000000e+00   0.000000000000000000e+00 
  0.000000000000000000e+00   0.000000000000000000e+00 
  0.000000000000000000e+00   0.000000000000000000e+00 
  0.000000000000000000e+00   0.000000000000000000e+00 
  0.000000000000000000e+00   0.000000000000000000e+00 
  0.000000000000000000e+00   0.000000000000000000e+00 
  0.000000000000000000e+00   0.000000000000000000e+00 
  0.000000000000000000e+00   0.000000000000000000e+00 
  0.000000000000000000e+00   0.000000000000000000e+00 
  0.000000000000000000e+00   0.000000000000000000e+00 
  0.000000000000000000e+00   0.000000000000000000e+00 
  0.000000000000000000e+00   0.000000000000000000e+00 
  0.000000000000000000e+00   0.000000000000000000e+00 
  0.000000000000000000e+00   0.000000000000000000e+00 
  0.000000000000000000e+00   0.000000000000000000e+00 
  0.000000000000000000e+00   0.000000000000000000e+00 
  0.000000000000000000e+00   0.000000000000000000e+00 
  0.000000000000000000e+00   0.000000000000000000e+00 
  0.000000000000000000e+00   0.000000000000000000e+00 
  0.000000000000000000e+00   0.000000000000000000e+00 
  0.000000000000000000e+00   0.000000000000000000e+00 
  0.000000000000000000e+00   0.000000000000000000e+00 
  0.000000000000000000e+00   0.000000000000000000e+00 
  0.000000000000000000e+00   0.000000000000000000e+00 
  0.000000000000000000e+00   0.000000000000000000e+00 
  0.000000000000000000e+00   0.000000000000000000e+00 
  0.000000000000000000e+00   0.000000000000000000e+00 
  0.000000000000000000e+00   0.000000000000000000e+00 
  0.000000000000000000e+00   0.000000000000000000e+00 
  0.000000000000000000e+00   0.000000000000000000e+00 
  0.000000000000000000e+00   0.000000000000000000e+00 
  0.000000000000000000e+00   0.000000000000000000e+00 
  0.000000000000000000e+00   0.000000000000000000e+00 
  0.000000000000000000e+00   0.000000000000000000e+00 
  0.000000000000000000e+00   0.000000000000000000e+00 
  0.000000000000000000e+00   0.000000000000000000e+00 
  0.000000000000000000e+00   0.000000000000000000e+00 
  0.000000000000000000e+00   0.000000000000000000e+00 
  0.000000000000000000e+00   0.000000000000000000e+00 
  0.000000000000000000e+00   0.000000000000000000e+00 
  0.000000000000000000e+00   0.000000000000000000e+00 
  0.000000000000000000e+00   0.000000000000000000e+00 
  0.000000000000000000e+00   0.000000000000000000e+00 
  0.000000000000000000e+00   0.000000000000000000e+00 
  0.000000000000000000e+00   0.000000000000000000e+00 
  0.000000000000000000e+00   0.000000000000000000e+00 
  0.000000000000000000e+00   0.000000000000000000e+00 
  0.000000000000000000e+00   0.000000000000000000e+00 
  0.000000000000000000e+00   0.000000000000000000e+00 
  0.000000000000000000e+00   0.000000000000000000e+00 
  0.000000000000000000e+00   0.000000000000000000e+00 
  0.000000000000000000e+00   0.000000000000000000e+00 
  1.219230005517564453e-03   0.000000000000000000e+00 
  1.827445928938783342e-03   0.000000000000000000e+00 
  9.313863702117584692e-04   0.000000000000000000e+00 
 -2.403695834800497464e-04   0.000000000000000000e+00 
 -7.904665544629133414e-03   0.000000000000000000e+00 
  1.559664122760294133e-02   0.000000000000000000e+00 
 -2.753431536257264570e-02   0.000000000000000000e+00 
 -2.567735034972319988e-03   0.000000000000000000e+00 
 -3.031305968761195267e-04   0.000000000000000000e+00 
  1.300776377320519246e-03   0.000000000000000000e+00 
  3.449588641524308635e-02   0.000000000000000000e+00 
 -1.858171820640554250e-02   0.000000000000000000e+00 
 -3.440350294113134460e-03   0.000000000000000000e+00 
 -1.275210233866787301e-04   0.000000000000000000e+00 
  3.068879712373282810e-03   0.000000000000000000e+00 
  7.029864937067305079e-03   0.000000000000000000e+00 
 -2.325582550838589668e-03   0.000000000000000000e+00 
  8.152629598043868763e-04   0.000000000000000000e+00 
 -4.774808476213363083e-04   0.000000000000000000e+00 
  3.453489916864779319e-04   0.000000000000000000e+00 
  8.761142380535581970e-04   0.000000000000000000e+00 
  1.496935449540615429e-02   0.000000000000000000e+00 
 -9.558640420436819232e-03   0.000000000000000000e+00 
 -1.089679077267646139e-03   0.000000000000000000e+00 
  4.871150013059377670e-03   0.000000000000000000e+00 
  4.820227695745415986e-05   0.000000000000000000e+00 
 -1.297308597713709094e-03   0.000000000000000000e+00 
  2.539453096687794599e-03   0.000000000000000000e+00 
  1.259869616478697177e-02   0.000000000000000000e+00 
 -2.331827534362659448e-03   0.000000000000000000e+00 
 -3.081541974097492045e-03   0.000000000000000000e+00 
 -1.294664852321140112e-02   0.000000000000000000e+00 
 -5.813912302255631187e-02   0.000000000000000000e+00 
  1.139457104727625413e-03   0.000000000000000000e+00 
  2.753970678895711031e-03   0.000000000000000000e+00 
 -7.451215386390686035e-02   0.000000000000000000e+00 
  3.808202967047681631e-02   0.000000000000000000e+00 
 -3.515605628490440365e-02   0.000000000000000000e+00 
  7.644000649452209473e-02   0.000000000000000000e+00 
  6.525947246700528536e-04   0.000000000000000000e+00 
 -3.481482155621051355e-03   0.000000000000000000e+00 
  2.362598199397325949e-03   0.000000000000000000e+00 
  3.729761540889739435e-01   0.000000000000000000e+00 
 -7.528789807111000570e-03   0.000000000000000000e+00 
 -3.858540905639528361e-03   0.000000000000000000e+00 
  1.856169110396874763e-04   0.000000000000000000e+00 
  7.702704169787460021e-04   0.000000000000000000e+00 
 -2.767356345430016951e-03   0.000000000000000000e+00 
  8.912611007690431908e-01   0.000000000000000000e+00 
 -3.942825645208356683e-02   0.000000000000000000e+00 
  3.848383901640774554e-03   0.000000000000000000e+00 
 -2.386592561379074617e-03   0.000000000000000000e+00 
 -1.263277083635330200e-01   0.000000000000000000e+00 
 -1.266902685165405829e-01   0.000000000000000000e+00 
  5.287478677928572623e-03   0.000000000000000000e+00 
 -2.036881167441667671e-03   0.000000000000000000e+00 
  2.512981882318852706e-04   0.000000000000000000e+00 
 -6.301144603639837827e-04   0.000000000000000000e+00 
  2.588073257356880469e-04   0.000000000000000000e+00 
 -6.662462255917487360e-04   0.000000000000000000e+00 
 -5.550553090870380402e-03   0.000000000000000000e+00 
  2.050488023087382317e-03   0.000000000000000000e+00 
 -1.963722752407193618e-03   0.000000000000000000e+00 
 -9.017829434014855731e-04   0.000000000000000000e+00 
 -1.551966415718195112e-04   0.000000000000000000e+00 
 -3.718708176165817867e-03   0.000000000000000000e+00 
  8.304194360971449418e-02   0.000000000000000000e+00 
  4.458120092749597724e-02   0.000000000000000000e+00 
 -1.409395481459796212e-03   0.000000000000000000e+00 
 -3.469775617122655004e-02   0.000000000000000000e+00 
 -2.911205589771274568e-02   0.000000000000000000e+00 
 -1.756761455908417919e-03   0.000000000000000000e+00 
  3.623323980718851089e-03   0.000000000000000000e+00 
  1.027244031429290910e-01   0.000000000000000000e+00 
 -1.406059861183167337e-01   0.000000000000000000e+00 
  5.571662331931288674e-04   0.000000000000000000e+00 
  0.000000000000000000e+00   0.000000000000000000e+00 
  0.000000000000000000e+00   0.000000000000000000e+00 
  0.000000000000000000e+00   0.000000000000000000e+00 
  0.000000000000000000e+00   0.000000000000000000e+00 
  0.000000000000000000e+00   0.000000000000000000e+00 
  0.000000000000000000e+00   0.000000000000000000e+00 
  0.000000000000000000e+00   0.000000000000000000e+00 
  0.000000000000000000e+00   0.000000000000000000e+00 
  0.000000000000000000e+00   0.000000000000000000e+00 
  0.000000000000000000e+00   0.000000000000000000e+00 
  0.000000000000000000e+00   0.000000000000000000e+00 
  0.000000000000000000e+00   0.000000000000000000e+00 
  0.000000000000000000e+00   0.000000000000000000e+00 
  0.000000000000000000e+00   0.000000000000000000e+00 
  0.000000000000000000e+00   0.000000000000000000e+00 
  0.000000000000000000e+00   0.000000000000000000e+00 
  0.000000000000000000e+00   0.000000000000000000e+00 
  0.000000000000000000e+00   0.000000000000000000e+00 
  0.000000000000000000e+00   0.000000000000000000e+00 
  0.000000000000000000e+00   0.000000000000000000e+00 
  0.000000000000000000e+00   0.000000000000000000e+00 
  0.000000000000000000e+00   0.000000000000000000e+00 
  0.000000000000000000e+00   0.000000000000000000e+00 
  0.000000000000000000e+00   0.000000000000000000e+00 
  0.000000000000000000e+00   0.000000000000000000e+00 
  0.000000000000000000e+00   0.000000000000000000e+00 
  0.000000000000000000e+00   0.000000000000000000e+00 
  0.000000000000000000e+00   0.000000000000000000e+00 
  0.000000000000000000e+00   0.000000000000000000e+00 
  0.000000000000000000e+00   0.000000000000000000e+00 
  0.000000000000000000e+00   0.000000000000000000e+00 
  0.000000000000000000e+00   0.000000000000000000e+00 
  0.000000000000000000e+00   0.000000000000000000e+00 
  0.000000000000000000e+00   0.000000000000000000e+00 
  0.000000000000000000e+00   0.000000000000000000e+00 
  0.000000000000000000e+00   0.000000000000000000e+00 
  0.000000000000000000e+00   0.000000000000000000e+00 
  0.000000000000000000e+00   0.000000000000000000e+00 
  0.000000000000000000e+00   0.000000000000000000e+00 
  0.000000000000000000e+00   0.000000000000000000e+00 
  0.000000000000000000e+00   0.000000000000000000e+00 
  0.000000000000000000e+00   0.000000000000000000e+00 
  0.000000000000000000e+00   0.000000000000000000e+00 
  0.000000000000000000e+00   0.000000000000000000e+00 
  0.000000000000000000e+00   0.000000000000000000e+00 
  0.000000000000000000e+00   0.000000000000000000e+00 
  0.000000000000000000e+00   0.000000000000000000e+00 
  0.000000000000000000e+00   0.000000000000000000e+00 
  0.000000000000000000e+00   0.000000000000000000e+00 
  0.000000000000000000e+00   0.000000000000000000e+00 
  0.000000000000000000e+00   0.000000000000000000e+00 
  0.000000000000000000e+00   0.000000000000000000e+00 
  0.000000000000000000e+00   0.000000000000000000e+00 
  0.000000000000000000e+00   0.000000000000000000e+00 
  0.000000000000000000e+00   0.000000000000000000e+00 
  0.000000000000000000e+00   0.000000000000000000e+00 
  0.000000000000000000e+00   0.000000000000000000e+00 
  0.000000000000000000e+00   0.000000000000000000e+00 
  0.000000000000000000e+00   0.000000000000000000e+00 
  0.000000000000000000e+00   0.000000000000000000e+00 
  0.000000000000000000e+00   0.000000000000000000e+00 
  0.000000000000000000e+00   0.000000000000000000e+00 
  0.000000000000000000e+00   0.000000000000000000e+00 
  0.000000000000000000e+00   0.000000000000000000e+00 
  0.000000000000000000e+00   0.000000000000000000e+00 
  0.000000000000000000e+00   0.000000000000000000e+00 
  0.000000000000000000e+00   0.000000000000000000e+00 
  0.000000000000000000e+00   0.000000000000000000e+00 
  0.000000000000000000e+00   0.000000000000000000e+00 
  0.000000000000000000e+00   0.000000000000000000e+00 
  0.000000000000000000e+00   0.000000000000000000e+00 
  0.000000000000000000e+00   0.000000000000000000e+00 
  0.000000000000000000e+00   0.000000000000000000e+00 
  0.000000000000000000e+00   0.000000000000000000e+00 
  0.000000000000000000e+00   0.000000000000000000e+00 
  0.000000000000000000e+00   0.000000000000000000e+00 
 -9.581400663591899645e-04   0.000000000000000000e+00 
 -7.125431438908927427e-04   0.000000000000000000e+00 
  9.325912105850035121e-04   0.000000000000000000e+00 
 -4.950814764015241720e-05   0.000000000000000000e+00 
 -1.669372059404871864e-02   0.000000000000000000e+00 
 -8.002334274351765100e-03   0.000000000000000000e+00 
 -2.246052872863099588e-06   0.000000000000000000e+00 
 -2.828750200569656384e-02   0.000000000000000000e+00 
  1.112355457735057768e-04   0.000000000000000000e+00 
  2.761733485385710514e-04   0.000000000000000000e+00 
 -2.025341615080825455e-02   0.000000000000000000e+00 
 -3.532737866044027147e-02   0.000000000000000000e+00 
 -3.071537357755060654e-04   0.000000000000000000e+00 
 -1.328068203293214468e-03   0.000000000000000000e+00 
 -1.627583755180074879e-03   0.000000000000000000e+00 
  2.839184598997567064e-03   0.000000000000000000e+00 
  2.306886948645115332e-03   0.000000000000000000e+00 
 -1.216854434460401535e-03   0.000000000000000000e+00 
  2.293136436492202931e-03   0.000000000000000000e+00 
 -1.151659642346203110e-03   0.000000000000000000e+00 
 -8.257957961177475083e-05   0.000000000000000000e+00 
 -3.324627410620519495e-03   0.000000000000000000e+00 
 -1.899037882685664785e-02   0.000000000000000000e+00 
 -3.572926158085464130e-03   0.000000000000000000e+00 
  2.040201099589466615e-03   0.000000000000000000e+00 
  1.951392507180571122e-03   0.000000000000000000e+00 
  2.756963018327950130e-03   0.000000000000000000e+00 
 -1.066215118044053965e-04   0.000000000000000000e+00 
  4.738179035484869732e-03   0.000000000000000000e+00 
  1.559727173298589183e-02   0.000000000000000000e+00 
 -7.894392911112051170e-05   0.000000000000000000e+00 
 -6.306472420692449399e-02   0.000000000000000000e+00 
  2.525760792195801130e-02   0.000000000000000000e+00 
  7.882320787757642706e-04   0.000000000000000000e+00 
 -1.544819795526563254e-03   0.000000000000000000e+00 
 -3.642468899488451178e-02   0.000000000000000000e+00 
 -8.208340406417834190e-02   0.000000000000000000e+00 
 -7.747858017683025011e-02   0.000000000000000000e+00 
 -4.434557259082796271e-02   0.000000000000000000e+00 
  3.947746939957142744e-03   0.000000000000000000e+00 
 -2.567362389527259089e-04   0.000000000000000000e+00 
 -2.235494088381529722e-03   0.000000000000000000e+00 
 -8.768695406615782673e-03   0.000000000000000000e+00 
 -3.815227448940277100e-01   0.000000000000000000e+00 
 -3.398620523512362566e-03   0.000000000000000000e+00 
  3.740574698895215121e-03   0.000000000000000000e+00 
  7.296872790902853012e-03   0.000000000000000000e+00 
  3.005853388458490805e-03   0.000000000000000000e+00 
  4.186054691672319583e-02   0.000000000000000000e+00 
  8.807604908943175159e-01   0.000000000000000000e+00 
  2.493407344445586638e-03   0.000000000000000000e+00 
  4.070200957357880743e-04   0.000000000000000000e+00 
  1.262980699539184570e-01   0.000000000000000000e+00 
 -1.269180476665495438e-01   0.000000000000000000e+00 
  4.486573394387906658e-03   0.000000000000000000e+00 
  1.691879297141282528e-04   0.000000000000000000e+00 
  5.145808681845664978e-03   0.000000000000000000e+00 
 -3.313459223136304942e-03   0.000000000000000000e+00 
 -1.523877144791185856e-03   0.000000000000000000e+00 
 -7.082806900143624219e-03   0.000000000000000000e+00 
 -4.246714059263467789e-03   0.000000000000000000e+00 
  6.598469917662441730e-04   0.000000000000000000e+00 
 -3.559706965461374630e-03   0.000000000000000000e+00 
 -1.927240751683711572e-03   0.000000000000000000e+00 
  4.829311219509691000e-04   0.000000000000000000e+00 
 -6.529424805194138613e-03   0.000000000000000000e+00 
 -4.241247102618218162e-02   0.000000000000000000e+00 
  8.567953109741213713e-02   0.000000000000000000e+00 
  2.861421089619393238e-04   0.000000000000000000e+00 
  2.662773989140985315e-02   0.000000000000000000e+00 
 -3.043609485030171480e-02   0.000000000000000000e+00 
 -8.116679382510485433e-04   0.000000000000000000e+00 
  5.751814460381862249e-04   0.000000000000000000e+00 
  1.326307952404021662e-01   0.000000000000000000e+00 
  9.925000369548796220e-02   0.000000000000000000e+00 
 -1.345373690128327067e-03   0.000000000000000000e+00 
  0.000000000000000000e+00   0.000000000000000000e+00 
  0.000000000000000000e+00   0.000000000000000000e+00 
  0.000000000000000000e+00   0.000000000000000000e+00 
  0.000000000000000000e+00   0.000000000000000000e+00 
  0.000000000000000000e+00   0.000000000000000000e+00 
  0.000000000000000000e+00   0.000000000000000000e+00 
  0.000000000000000000e+00   0.000000000000000000e+00 
  0.000000000000000000e+00   0.000000000000000000e+00 
  0.000000000000000000e+00   0.000000000000000000e+00 
  0.000000000000000000e+00   0.000000000000000000e+00 
  0.000000000000000000e+00   0.000000000000000000e+00 
  0.000000000000000000e+00   0.000000000000000000e+00 
  0.000000000000000000e+00   0.000000000000000000e+00 
  0.000000000000000000e+00   0.000000000000000000e+00 
  0.000000000000000000e+00   0.000000000000000000e+00 
  0.000000000000000000e+00   0.000000000000000000e+00 
  0.000000000000000000e+00   0.000000000000000000e+00 
  0.000000000000000000e+00   0.000000000000000000e+00 
  0.000000000000000000e+00   0.000000000000000000e+00 
  0.000000000000000000e+00   0.000000000000000000e+00 
  0.000000000000000000e+00   0.000000000000000000e+00 
  0.000000000000000000e+00   0.000000000000000000e+00 
  0.000000000000000000e+00   0.000000000000000000e+00 
  0.000000000000000000e+00   0.000000000000000000e+00 
  0.000000000000000000e+00   0.000000000000000000e+00 
  0.000000000000000000e+00   0.000000000000000000e+00 
  0.000000000000000000e+00   0.000000000000000000e+00 
  0.000000000000000000e+00   0.000000000000000000e+00 
  0.000000000000000000e+00   0.000000000000000000e+00 
  0.000000000000000000e+00   0.000000000000000000e+00 
  0.000000000000000000e+00   0.000000000000000000e+00 
  0.000000000000000000e+00   0.000000000000000000e+00 
  0.000000000000000000e+00   0.000000000000000000e+00 
  0.000000000000000000e+00   0.000000000000000000e+00 
  0.000000000000000000e+00   0.000000000000000000e+00 
  0.000000000000000000e+00   0.000000000000000000e+00 
  0.000000000000000000e+00   0.000000000000000000e+00 
  0.000000000000000000e+00   0.000000000000000000e+00 
  0.000000000000000000e+00   0.000000000000000000e+00 
  0.000000000000000000e+00   0.000000000000000000e+00 
  0.000000000000000000e+00   0.000000000000000000e+00 
  0.000000000000000000e+00   0.000000000000000000e+00 
  0.000000000000000000e+00   0.000000000000000000e+00 
  0.000000000000000000e+00   0.000000000000000000e+00 
  0.000000000000000000e+00   0.000000000000000000e+00 
  0.000000000000000000e+00   0.000000000000000000e+00 
  0.000000000000000000e+00   0.000000000000000000e+00 
  0.000000000000000000e+00   0.000000000000000000e+00 
  0.000000000000000000e+00   0.000000000000000000e+00 
  0.000000000000000000e+00   0.000000000000000000e+00 
  0.000000000000000000e+00   0.000000000000000000e+00 
  0.000000000000000000e+00   0.000000000000000000e+00 
  0.000000000000000000e+00   0.000000000000000000e+00 
  0.000000000000000000e+00   0.000000000000000000e+00 
  0.000000000000000000e+00   0.000000000000000000e+00 
  0.000000000000000000e+00   0.000000000000000000e+00 
  0.000000000000000000e+00   0.000000000000000000e+00 
  0.000000000000000000e+00   0.000000000000000000e+00 
  0.000000000000000000e+00   0.000000000000000000e+00 
  0.000000000000000000e+00   0.000000000000000000e+00 
  0.000000000000000000e+00   0.000000000000000000e+00 
  0.000000000000000000e+00   0.000000000000000000e+00 
  0.000000000000000000e+00   0.000000000000000000e+00 
  0.000000000000000000e+00   0.000000000000000000e+00 
  0.000000000000000000e+00   0.000000000000000000e+00 
  0.000000000000000000e+00   0.000000000000000000e+00 
  0.000000000000000000e+00   0.000000000000000000e+00 
  0.000000000000000000e+00   0.000000000000000000e+00 
  0.000000000000000000e+00   0.000000000000000000e+00 
  0.000000000000000000e+00   0.000000000000000000e+00 
  0.000000000000000000e+00   0.000000000000000000e+00 
  0.000000000000000000e+00   0.000000000000000000e+00 
  0.000000000000000000e+00   0.000000000000000000e+00 
  0.000000000000000000e+00   0.000000000000000000e+00 
  0.000000000000000000e+00   0.000000000000000000e+00 
  0.000000000000000000e+00   0.000000000000000000e+00 
  7.271140813831698801e-03   0.000000000000000000e+00 
 -1.331618055701257707e-02   0.000000000000000000e+00 
  2.534300554542642456e-03   0.000000000000000000e+00 
 -2.013592794537509556e-02   0.000000000000000000e+00 
 -8.604503091188129746e-05   0.000000000000000000e+00 
  7.588967564517785013e-04   0.000000000000000000e+00 
  2.073328214465790383e-04   0.000000000000000000e+00 
  7.356058340519575599e-04   0.000000000000000000e+00 
  1.067682430148124695e-01   0.000000000000000000e+00 
  2.500876970589215043e-02   0.000000000000000000e+00 
 -1.758653088472706587e-03   0.000000000000000000e+00 
  1.545320381410496919e-03   0.000000000000000000e+00 
  9.406718611717201917e-02   0.000000000000000000e+00 
 -1.930667436681663546e-03   0.000000000000000000e+00 
  1.599401293788035318e-04   0.000000000000000000e+00 
  1.061257557012152243e-03   0.000000000000000000e+00 
 -1.751291565597057993e-03   0.000000000000000000e+00 
 -6.075311824679373307e-02   0.000000000000000000e+00 
  2.935040101874616470e-04   0.000000000000000000e+00 
 -5.153553793206808783e-04   0.000000000000000000e+00 
 -1.299394965171816740e-01   0.000000000000000000e+00 
 -2.646657594596065594e-05   0.000000000000000000e+00 
 -1.291272463276983392e-03   0.000000000000000000e+00 
 -9.649592102505264498e-04   0.000000000000000000e+00 
  7.449284894391893256e-04   0.000000000000000000e+00 
  7.931643049232669314e-04   0.000000000000000000e+00 
 -5.207830690778791904e-04   0.000000000000000000e+00 
 -9.914613515138602506e-02   0.000000000000000000e+00 
  4.452170338481662923e-03   0.000000000000000000e+00 
 -1.060678623616699524e-03   0.000000000000000000e+00 
 -1.899126470088955132e-01   0.000000000000000000e+00 
  1.782538951374589963e-03   0.000000000000000000e+00 
  3.343973774462938309e-03   0.000000000000000000e+00 
 -1.164679229259489440e-01   0.000000000000000000e+00 
 -1.321418434381484985e-01   0.000000000000000000e+00 
 -1.222733873873949485e-03   0.000000000000000000e+00 
  3.162917564623047000e-04   0.000000000000000000e+00 
  1.237873802892862883e-03   0.000000000000000000e+00 
 -2.932007373601651322e-05   0.000000000000000000e+00 
  4.016807943116873503e-04   0.000000000000000000e+00 
  6.581348134204752069e-05   0.000000000000000000e+00 
 -1.390587687492370605e-01   0.000000000000000000e+00 
  1.292940287385138871e-04   0.000000000000000000e+00 
 -1.985627459362147938e-03   0.000000000000000000e+00 
  3.856907039880749094e-02   0.000000000000000000e+00 
 -9.314791532233357430e-04   0.000000000000000000e+00 
 -3.254588693380355401e-03   0.000000000000000000e+00 
 -2.607609033584594727e-01   0.000000000000000000e+00 
 -4.689899273216725263e-03   0.000000000000000000e+00 
  1.750658033415675163e-03   0.000000000000000000e+00 
 -1.607260107994076120e-02   0.000000000000000000e+00 
 -4.415544867515563410e-01   0.000000000000000000e+00 
 -3.425489878281953553e-03   0.000000000000000000e+00 
 -9.608957916498173362e-04   0.000000000000000000e+00 
 -4.686522763222456846e-03   0.000000000000000000e+00 
  2.844918752089139764e-03   0.000000000000000000e+00 
  1.964166313409805298e-01   0.000000000000000000e+00 
 -1.228917157277464650e-03   0.000000000000000000e+00 
  5.646231584250926971e-03   0.000000000000000000e+00 
 -1.536792726255953529e-03   0.000000000000000000e+00 
  1.245449384441599792e-04   0.000000000000000000e+00 
 -2.400006633251905875e-03   0.000000000000000000e+00 
  6.793366628699002482e-04   0.000000000000000000e+00 
  1.631259620189666193e-01   0.000000000000000000e+00 
 -3.401474677957598731e-04   0.000000000000000000e+00 
 -6.094905547797678817e-04   0.000000000000000000e+00 
  7.355290465056897077e-03   0.000000000000000000e+00 
  1.615286601008848169e-04   0.000000000000000000e+00 
 -2.135298699140548706e-01   0.000000000000000000e+00 
 -4.043376538902521133e-03   0.000000000000000000e+00 
 -7.995714549906539912e-04   0.000000000000000000e+00 
  1.019788458943367282e-01   0.000000000000000000e+00 
  2.905508130788810733e-02   0.000000000000000000e+00 
  1.369486213661730289e-03   0.000000000000000000e+00 
 -4.187148064374921104e-03   0.000000000000000000e+00 
  7.113401889801024280e-01   0.000000000000000000e+00 
  0.000000000000000000e+00   0.000000000000000000e+00 
  0.000000000000000000e+00   0.000000000000000000e+00 
  0.000000000000000000e+00   0.000000000000000000e+00 
  0.000000000000000000e+00   0.000000000000000000e+00 
  0.000000000000000000e+00   0.000000000000000000e+00 
  0.000000000000000000e+00   0.000000000000000000e+00 
  0.000000000000000000e+00   0.000000000000000000e+00 
  0.000000000000000000e+00   0.000000000000000000e+00 
  0.000000000000000000e+00   0.000000000000000000e+00 
  0.000000000000000000e+00   0.000000000000000000e+00 
  0.000000000000000000e+00   0.000000000000000000e+00 
  0.000000000000000000e+00   0.000000000000000000e+00 
  0.000000000000000000e+00   0.000000000000000000e+00 
  0.000000000000000000e+00   0.000000000000000000e+00 
  0.000000000000000000e+00   0.000000000000000000e+00 
  0.000000000000000000e+00   0.000000000000000000e+00 
  0.000000000000000000e+00   0.000000000000000000e+00 
  0.000000000000000000e+00   0.000000000000000000e+00 
  0.000000000000000000e+00   0.000000000000000000e+00 
  0.000000000000000000e+00   0.000000000000000000e+00 
  0.000000000000000000e+00   0.000000000000000000e+00 
  0.000000000000000000e+00   0.000000000000000000e+00 
  0.000000000000000000e+00   0.000000000000000000e+00 
  0.000000000000000000e+00   0.000000000000000000e+00 
  0.000000000000000000e+00   0.000000000000000000e+00 
  0.000000000000000000e+00   0.000000000000000000e+00 
  0.000000000000000000e+00   0.000000000000000000e+00 
  0.000000000000000000e+00   0.000000000000000000e+00 
  0.000000000000000000e+00   0.000000000000000000e+00 
  0.000000000000000000e+00   0.000000000000000000e+00 
  0.000000000000000000e+00   0.000000000000000000e+00 
  0.000000000000000000e+00   0.000000000000000000e+00 
  0.000000000000000000e+00   0.000000000000000000e+00 
  0.000000000000000000e+00   0.000000000000000000e+00 
  0.000000000000000000e+00   0.000000000000000000e+00 
  0.000000000000000000e+00   0.000000000000000000e+00 
  0.000000000000000000e+00   0.000000000000000000e+00 
  0.000000000000000000e+00   0.000000000000000000e+00 
  0.000000000000000000e+00   0.000000000000000000e+00 
  0.000000000000000000e+00   0.000000000000000000e+00 
  0.000000000000000000e+00   0.000000000000000000e+00 
  0.000000000000000000e+00   0.000000000000000000e+00 
  0.000000000000000000e+00   0.000000000000000000e+00 
  0.000000000000000000e+00   0.000000000000000000e+00 
  0.000000000000000000e+00   0.000000000000000000e+00 
  0.000000000000000000e+00   0.000000000000000000e+00 
  0.000000000000000000e+00   0.000000000000000000e+00 
  0.000000000000000000e+00   0.000000000000000000e+00 
  0.000000000000000000e+00   0.000000000000000000e+00 
  0.000000000000000000e+00   0.000000000000000000e+00 
  0.000000000000000000e+00   0.000000000000000000e+00 
  0.000000000000000000e+00   0.000000000000000000e+00 
  0.000000000000000000e+00   0.000000000000000000e+00 
  0.000000000000000000e+00   0.000000000000000000e+00 
  0.000000000000000000e+00   0.000000000000000000e+00 
  0.000000000000000000e+00   0.000000000000000000e+00 
  0.000000000000000000e+00   0.000000000000000000e+00 
  0.000000000000000000e+00   0.000000000000000000e+00 
  0.000000000000000000e+00   0.000000000000000000e+00 
  0.000000000000000000e+00   0.000000000000000000e+00 
  0.000000000000000000e+00   0.000000000000000000e+00 
  0.000000000000000000e+00   0.000000000000000000e+00 
  0.000000000000000000e+00   0.000000000000000000e+00 
  0.000000000000000000e+00   0.000000000000000000e+00 
  0.000000000000000000e+00   0.000000000000000000e+00 
  0.000000000000000000e+00   0.000000000000000000e+00 
  0.000000000000000000e+00   0.000000000000000000e+00 
  0.000000000000000000e+00   0.000000000000000000e+00 
  0.000000000000000000e+00   0.000000000000000000e+00 
  0.000000000000000000e+00   0.000000000000000000e+00 
  0.000000000000000000e+00   0.000000000000000000e+00 
  0.000000000000000000e+00   0.000000000000000000e+00 
  0.000000000000000000e+00   0.000000000000000000e+00 
  0.000000000000000000e+00   0.000000000000000000e+00 
  0.000000000000000000e+00   0.000000000000000000e+00 
  0.000000000000000000e+00   0.000000000000000000e+00 
 -1.517985761166216856e-02   0.000000000000000000e+00 
  2.441978082060174658e-03   0.000000000000000000e+00 
 -2.261769725009589536e-03   0.000000000000000000e+00 
 -3.272023797035149284e-02   0.000000000000000000e+00 
 -1.669000601395982837e-03   0.000000000000000000e+00 
 -1.149677671492240708e-03   0.000000000000000000e+00 
 -1.154604105975879080e-04   0.000000000000000000e+00 
 -6.160307675600963694e-04   0.000000000000000000e+00 
  2.714980766177151408e-02   0.000000000000000000e+00 
  2.925275452434996162e-02   0.000000000000000000e+00 
  3.871794615405181801e-04   0.000000000000000000e+00 
 -1.428018789738264016e-03   0.000000000000000000e+00 
 -4.301366209983829847e-02   0.000000000000000000e+00 
 -1.444431836716811432e-03   0.000000000000000000e+00 
 -9.316991199739265437e-04   0.000000000000000000e+00 
  3.027315251529227175e-03   0.000000000000000000e+00 
 -2.936058677732944922e-03   0.000000000000000000e+00 
  1.606032401323317926e-01   0.000000000000000000e+00 
  9.456374100409442726e-04   0.000000000000000000e+00 
 -1.513056573458014835e-03   0.000000000000000000e+00 
 -6.059373915195469251e-02   0.000000000000000000e+00 
 -2.559979446232318011e-03   0.000000000000000000e+00 
  1.491119473939739835e-04   0.000000000000000000e+00 
  1.530627487227322568e-04   0.000000000000000000e+00 
  2.407811349257826805e-03   0.000000000000000000e+00 
  8.534821681678298388e-04   0.000000000000000000e+00 
  1.835312927141785188e-03   0.000000000000000000e+00 
  1.092572808265684925e-01   0.000000000000000000e+00 
  3.030977444723250216e-03   0.000000000000000000e+00 
  5.858267468283823919e-05   0.000000000000000000e+00 
 -1.148950532078744091e-01   0.000000000000000000e+00 
 -4.179864481557142727e-04   0.000000000000000000e+00 
  1.594510744325814463e-03   0.000000000000000000e+00 
 -2.867875993251801647e-01   0.000000000000000000e+00 
  8.840478956699351909e-02   0.000000000000000000e+00 
 -8.416818454861684298e-04   0.000000000000000000e+00 
  2.525664865970609404e-03   0.000000000000000000e+00 
 -9.962961776182057642e-04   0.000000000000000000e+00 
  2.611745381727814241e-03   0.000000000000000000e+00 
  3.062188043259085309e-04   0.000000000000000000e+00 
 -5.928191239945591174e-05   0.000000000000000000e+00 
  1.863739192485808494e-01   0.000000000000000000e+00 
  8.623634348623444813e-04   0.000000000000000000e+00 
  1.757688820362091715e-03   0.000000000000000000e+00 
  1.880998536944388302e-02   0.000000000000000000e+00 
  1.814225222915410995e-03   0.000000000000000000e+00 
 -9.233173332177103650e-04   0.000000000000000000e+00 
  4.894725382328033447e-01   0.000000000000000000e+00 
 -7.289325352758171776e-03   0.000000000000000000e+00 
 -2.125309547409415245e-03   0.000000000000000000e+00 
 -3.959326148033143200e-01   0.000000000000000000e+00 
 -1.451422572135925293e-01   0.000000000000000000e+00 
 -4.761486779898405942e-03   0.000000000000000000e+00 
 -5.419972352683540689e-03   0.000000000000000000e+00 
 -9.748580865561962128e-03   0.000000000000000000e+00 
 -9.746507275849627385e-04   0.000000000000000000e+00 
 -1.269325613975525457e-01   0.000000000000000000e+00 
 -9.072946268133815851e-04   0.000000000000000000e+00 
  2.129284199327230020e-03   0.000000000000000000e+00 
 -9.587404201738525516e-05   0.000000000000000000e+00 
 -3.161741653457283974e-03   0.000000000000000000e+00 
 -7.958554779179395329e-04   0.000000000000000000e+00 
 -1.682913745753467517e-03   0.000000000000000000e+00 
 -1.528084427118301114e-01   0.000000000000000000e+00 
 -2.835822291672229767e-03   0.000000000000000000e+00 
 -1.196756842546164556e-03   0.000000000000000000e+00 
  5.499011836946012324e-03   0.000000000000000000e+00 
  1.253745239228010351e-02   0.000000000000000000e+00 
  8.876278996467590332e-02   0.000000000000000000e+00 
 -1.418471685610711791e-03   0.000000000000000000e+00 
 -6.549999583512542897e-03   0.000000000000000000e+00 
 -2.890372276306152344e-01   0.000000000000000000e+00 
  5.230533480644227184e-01   0.000000000000000000e+00 
  1.189298345707356279e-03   0.000000000000000000e+00 
 -3.708939068019387504e-03   0.000000000000000000e+00 
  1.862593591213226596e-01   0.000000000000000000e+00 
  0.000000000000000000e+00   0.000000000000000000e+00 
  0.000000000000000000e+00   0.000000000000000000e+00 
  0.000000000000000000e+00   0.000000000000000000e+00 
  0.000000000000000000e+00   0.000000000000000000e+00 
  0.000000000000000000e+00   0.000000000000000000e+00 
  0.000000000000000000e+00   0.000000000000000000e+00 
  0.000000000000000000e+00   0.000000000000000000e+00 
  0.000000000000000000e+00   0.000000000000000000e+00 
  0.000000000000000000e+00   0.000000000000000000e+00 
  0.000000000000000000e+00   0.000000000000000000e+00 
  0.000000000000000000e+00   0.000000000000000000e+00 
  0.000000000000000000e+00   0.000000000000000000e+00 
  0.000000000000000000e+00   0.000000000000000000e+00 
  0.000000000000000000e+00   0.000000000000000000e+00 
  0.000000000000000000e+00   0.000000000000000000e+00 
  0.000000000000000000e+00   0.000000000000000000e+00 
  0.000000000000000000e+00   0.000000000000000000e+00 
  0.000000000000000000e+00   0.000000000000000000e+00 
  0.000000000000000000e+00   0.000000000000000000e+00 
  0.000000000000000000e+00   0.000000000000000000e+00 
  0.000000000000000000e+00   0.000000000000000000e+00 
  0.000000000000000000e+00   0.000000000000000000e+00 
  0.000000000000000000e+00   0.000000000000000000e+00 
  0.000000000000000000e+00   0.000000000000000000e+00 
  0.000000000000000000e+00   0.000000000000000000e+00 
  0.000000000000000000e+00   0.000000000000000000e+00 
  0.000000000000000000e+00   0.000000000000000000e+00 
  0.000000000000000000e+00   0.000000000000000000e+00 
  0.000000000000000000e+00   0.000000000000000000e+00 
  0.000000000000000000e+00   0.000000000000000000e+00 
  0.000000000000000000e+00   0.000000000000000000e+00 
  0.000000000000000000e+00   0.000000000000000000e+00 
  0.000000000000000000e+00   0.000000000000000000e+00 
  0.000000000000000000e+00   0.000000000000000000e+00 
  0.000000000000000000e+00   0.000000000000000000e+00 
  0.000000000000000000e+00   0.000000000000000000e+00 
  0.000000000000000000e+00   0.000000000000000000e+00 
  0.000000000000000000e+00   0.000000000000000000e+00 
  0.000000000000000000e+00   0.000000000000000000e+00 
  0.000000000000000000e+00   0.000000000000000000e+00 
  0.000000000000000000e+00   0.000000000000000000e+00 
  0.000000000000000000e+00   0.000000000000000000e+00 
  0.000000000000000000e+00   0.000000000000000000e+00 
  0.000000000000000000e+00   0.000000000000000000e+00 
  0.000000000000000000e+00   0.000000000000000000e+00 
  0.000000000000000000e+00   0.000000000000000000e+00 
  0.000000000000000000e+00   0.000000000000000000e+00 
  0.000000000000000000e+00   0.000000000000000000e+00 
  0.000000000000000000e+00   0.000000000000000000e+00 
  0.000000000000000000e+00   0.000000000000000000e+00 
  0.000000000000000000e+00   0.000000000000000000e+00 
  0.000000000000000000e+00   0.000000000000000000e+00 
  0.000000000000000000e+00   0.000000000000000000e+00 
  0.000000000000000000e+00   0.000000000000000000e+00 
  0.000000000000000000e+00   0.000000000000000000e+00 
  0.000000000000000000e+00   0.000000000000000000e+00 
  0.000000000000000000e+00   0.000000000000000000e+00 
  0.000000000000000000e+00   0.000000000000000000e+00 
  0.000000000000000000e+00   0.000000000000000000e+00 
  0.000000000000000000e+00   0.000000000000000000e+00 
  0.000000000000000000e+00   0.000000000000000000e+00 
  0.000000000000000000e+00   0.000000000000000000e+00 
  0.000000000000000000e+00   0.000000000000000000e+00 
  0.000000000000000000e+00   0.000000000000000000e+00 
  0.000000000000000000e+00   0.000000000000000000e+00 
  0.000000000000000000e+00   0.000000000000000000e+00 
  0.000000000000000000e+00   0.000000000000000000e+00 
  0.000000000000000000e+00   0.000000000000000000e+00 
  0.000000000000000000e+00   0.000000000000000000e+00 
  0.000000000000000000e+00   0.000000000000000000e+00 
  0.000000000000000000e+00   0.000000000000000000e+00 
  0.000000000000000000e+00   0.000000000000000000e+00 
  0.000000000000000000e+00   0.000000000000000000e+00 
  0.000000000000000000e+00   0.000000000000000000e+00 
  0.000000000000000000e+00   0.000000000000000000e+00 
  0.000000000000000000e+00   0.000000000000000000e+00 
 -1.466897083446326664e-03   0.000000000000000000e+00 
  1.067270291969052388e-03   0.000000000000000000e+00 
 -7.821645704098360245e-04   0.000000000000000000e+00 
 -1.327899168245507810e-03   0.000000000000000000e+00 
  1.117791747674059741e-03   0.000000000000000000e+00 
  7.971800863743279397e-03   0.000000000000000000e+00 
  2.477206476032711019e-02   0.000000000000000000e+00 
 -2.997576957568845891e-03   0.000000000000000000e+00 
 -8.081169798970411124e-04   0.000000000000000000e+00 
  2.279380103573236480e-03   0.000000000000000000e+00 
 -3.340683877468116070e-02   0.000000000000000000e+00 
  5.672003608196876656e-03   0.000000000000000000e+00 
 -2.842156216502186600e-03   0.000000000000000000e+00 
 -7.976515591144607564e-02   0.000000000000000000e+00 
  2.897342666983615533e-02   0.000000000000000000e+00 
  3.057182766497098299e-03   0.000000000000000000e+00 
  2.523961709812283082e-03   0.000000000000000000e+00 
  1.786788343451918256e-03   0.000000000000000000e+00 
 -3.317976137623190012e-03   0.000000000000000000e+00 
 -1.102782480302241569e-04   0.000000000000000000e+00 
 -1.163625856861471262e-03   0.000000000000000000e+00 
 -9.653764963150027190e-02   0.000000000000000000e+00 
 -1.137053780257711415e-02   0.000000000000000000e+00 
 -1.945421565324067853e-03   0.000000000000000000e+00 
  2.973004244267940521e-03   0.000000000000000000e+00 
  6.587284151464725636e-04   0.000000000000000000e+00 
  6.697485223412525659e-04   0.000000000000000000e+00 
  2.830964047461747256e-03   0.000000000000000000e+00 
  7.559248805046069053e-02   0.000000000000000000e+00 
 -6.305393576622000951e-02   0.000000000000000000e+00 
 -5.979121779091660545e-04   0.000000000000000000e+00 
 -2.223411574959763964e-02   0.000000000000000000e+00 
  2.011516243219376998e-01   0.000000000000000000e+00 
 -2.171634696424007849e-03   0.000000000000000000e+00 
  3.362557617947457486e-03   0.000000000000000000e+00 
 -1.243744567036628446e-01   0.000000000000000000e+00 
  1.577515751123427235e-01   0.000000000000000000e+00 
 -1.132927183061837456e-02   0.000000000000000000e+00 
  8.700835704803475124e-02   0.000000000000000000e+00 
 -2.770019462332129478e-03   0.000000000000000000e+00 
 -1.249186578206717317e-03   0.000000000000000000e+00 
  1.962944632396102819e-03   0.000000000000000000e+00 
 -1.382544934749603549e-01   0.000000000000000000e+00 
 -5.677052214741710318e-02   0.000000000000000000e+00 
 -8.530457271263004434e-04   0.000000000000000000e+00 
 -9.183943620882927287e-04   0.000000000000000000e+00 
 -3.987153468187888098e-04   0.000000000000000000e+00 
 -2.679636236280203733e-03   0.000000000000000000e+00 
  2.395344525575638650e-01   0.000000000000000000e+00 
 -1.116105616092682301e-01   0.000000000000000000e+00 
  1.748546492308378870e-03   0.000000000000000000e+00 
 -3.478067519608871497e-04   0.000000000000000000e+00 
  2.331548184156419234e-01   0.000000000000000000e+00 
  9.915758669376367740e-02   0.000000000000000000e+00 
 -2.951098680496215820e-01   0.000000000000000000e+00 
  1.965452432632447122e-01   0.000000000000000000e+00 
  8.385597029700869861e-04   0.000000000000000000e+00 
 -3.846950494335048585e-05   0.000000000000000000e+00 
  1.253893040120601481e-02   0.000000000000000000e+00 
 -2.635359298437834220e-03   0.000000000000000000e+00 
 -1.850305474363267422e-03   0.000000000000000000e+00 
 -1.010831445455551147e-02   0.000000000000000000e+00 
  3.519143443554639816e-03   0.000000000000000000e+00 
  2.294927835464479274e-03   0.000000000000000000e+00 
 -9.790971875190734863e-03   0.000000000000000000e+00 
  2.170283696614212885e-04   0.000000000000000000e+00 
 -1.249254401773214167e-02   0.000000000000000000e+00 
 -2.603846834972502536e-03   0.000000000000000000e+00 
  3.182278713211417632e-03   0.000000000000000000e+00 
  3.451147973537446179e-01   0.000000000000000000e+00 
  9.207950532436369462e-02   0.000000000000000000e+00 
 -1.139263156801461957e-03   0.000000000000000000e+00 
 -1.960315508767963323e-03   0.000000000000000000e+00 
 -1.560507416725159247e-01   0.000000000000000000e+00 
  6.817779541015623890e-01   0.000000000000000000e+00 
 -7.852361886762074987e-04   0.000000000000000000e+00 
  0.000000000000000000e+00   0.000000000000000000e+00 
  0.000000000000000000e+00   0.000000000000000000e+00 
  0.000000000000000000e+00   0.000000000000000000e+00 
  0.000000000000000000e+00   0.000000000000000000e+00 
  0.000000000000000000e+00   0.000000000000000000e+00 
  0.000000000000000000e+00   0.000000000000000000e+00 
  0.000000000000000000e+00   0.000000000000000000e+00 
  0.000000000000000000e+00   0.000000000000000000e+00 
  0.000000000000000000e+00   0.000000000000000000e+00 
  0.000000000000000000e+00   0.000000000000000000e+00 
  0.000000000000000000e+00   0.000000000000000000e+00 
  0.000000000000000000e+00   0.000000000000000000e+00 
  0.000000000000000000e+00   0.000000000000000000e+00 
  0.000000000000000000e+00   0.000000000000000000e+00 
  0.000000000000000000e+00   0.000000000000000000e+00 
  0.000000000000000000e+00   0.000000000000000000e+00 
  0.000000000000000000e+00   0.000000000000000000e+00 
  0.000000000000000000e+00   0.000000000000000000e+00 
  0.000000000000000000e+00   0.000000000000000000e+00 
  0.000000000000000000e+00   0.000000000000000000e+00 
  0.000000000000000000e+00   0.000000000000000000e+00 
  0.000000000000000000e+00   0.000000000000000000e+00 
  0.000000000000000000e+00   0.000000000000000000e+00 
  0.000000000000000000e+00   0.000000000000000000e+00 
  0.000000000000000000e+00   0.000000000000000000e+00 
  0.000000000000000000e+00   0.000000000000000000e+00 
  0.000000000000000000e+00   0.000000000000000000e+00 
  0.000000000000000000e+00   0.000000000000000000e+00 
  0.000000000000000000e+00   0.000000000000000000e+00 
  0.000000000000000000e+00   0.000000000000000000e+00 
  0.000000000000000000e+00   0.000000000000000000e+00 
  0.000000000000000000e+00   0.000000000000000000e+00 
  0.000000000000000000e+00   0.000000000000000000e+00 
  0.000000000000000000e+00   0.000000000000000000e+00 
  0.000000000000000000e+00   0.000000000000000000e+00 
  0.000000000000000000e+00   0.000000000000000000e+00 
  0.000000000000000000e+00   0.000000000000000000e+00 
  0.000000000000000000e+00   0.000000000000000000e+00 
  0.000000000000000000e+00   0.000000000000000000e+00 
  0.000000000000000000e+00   0.000000000000000000e+00 
  0.000000000000000000e+00   0.000000000000000000e+00 
  0.000000000000000000e+00   0.000000000000000000e+00 
  0.000000000000000000e+00   0.000000000000000000e+00 
  0.000000000000000000e+00   0.000000000000000000e+00 
  0.000000000000000000e+00   0.000000000000000000e+00 
  0.000000000000000000e+00   0.000000000000000000e+00 
  0.000000000000000000e+00   0.000000000000000000e+00 
  0.000000000000000000e+00   0.000000000000000000e+00 
  0.000000000000000000e+00   0.000000000000000000e+00 
  0.000000000000000000e+00   0.000000000000000000e+00 
  0.000000000000000000e+00   0.000000000000000000e+00 
  0.000000000000000000e+00   0.000000000000000000e+00 
  0.000000000000000000e+00   0.000000000000000000e+00 
  0.000000000000000000e+00   0.000000000000000000e+00 
  0.000000000000000000e+00   0.000000000000000000e+00 
  0.000000000000000000e+00   0.000000000000000000e+00 
  0.000000000000000000e+00   0.000000000000000000e+00 
  0.000000000000000000e+00   0.000000000000000000e+00 
  0.000000000000000000e+00   0.000000000000000000e+00 
  0.000000000000000000e+00   0.000000000000000000e+00 
  0.000000000000000000e+00   0.000000000000000000e+00 
  0.000000000000000000e+00   0.000000000000000000e+00 
  0.000000000000000000e+00   0.000000000000000000e+00 
  0.000000000000000000e+00   0.000000000000000000e+00 
  0.000000000000000000e+00   0.000000000000000000e+00 
  0.000000000000000000e+00   0.000000000000000000e+00 
  0.000000000000000000e+00   0.000000000000000000e+00 
  0.000000000000000000e+00   0.000000000000000000e+00 
  0.000000000000000000e+00   0.000000000000000000e+00 
  0.000000000000000000e+00   0.000000000000000000e+00 
  0.000000000000000000e+00   0.000000000000000000e+00 
  0.000000000000000000e+00   0.000000000000000000e+00 
  0.000000000000000000e+00   0.000000000000000000e+00 
  0.000000000000000000e+00   0.000000000000000000e+00 
  0.000000000000000000e+00   0.000000000000000000e+00 
  0.000000000000000000e+00   0.000000000000000000e+00 
 -5.790910217911453880e-04   0.000000000000000000e+00 
  1.149089424871006055e-03   0.000000000000000000e+00 
 -2.258264976268223198e-05   0.000000000000000000e+00 
  2.315047895535816275e-03   0.000000000000000000e+00 
  8.438115008175301954e-03   0.000000000000000000e+00 
 -2.842466579749679777e-03   0.000000000000000000e+00 
 -2.404154743999218063e-03   0.000000000000000000e+00 
 -2.362732961773911580e-02   0.000000000000000000e+00 
 -3.614834567997451736e-04   0.000000000000000000e+00 
 -1.766153029166149871e-03   0.000000000000000000e+00 
 -4.849626682698754410e-03   0.000000000000000000e+00 
 -3.243616595864266122e-02   0.000000000000000000e+00 
  7.221499108709297354e-04   0.000000000000000000e+00 
  2.733378484845163867e-02   0.000000000000000000e+00 
  8.117654919624298082e-02   0.000000000000000000e+00 
 -5.188771057874064924e-03   0.000000000000000000e+00 
 -2.155870897695422173e-03   0.000000000000000000e+00 
 -2.670680172741413984e-03   0.000000000000000000e+00 
 -7.256171084009090328e-04   0.000000000000000000e+00 
  3.122797352261850513e-04   0.000000000000000000e+00 
  1.004591234959659359e-03   0.000000000000000000e+00 
  1.002667564898726549e-02   0.000000000000000000e+00 
 -1.028609722852704828e-01   0.000000000000000000e+00 
 -1.388734526699408076e-04   0.000000000000000000e+00 
 -1.111891469918191433e-03   0.000000000000000000e+00 
 -2.158274641260504289e-03   0.000000000000000000e+00 
  1.485844026319682164e-03   0.000000000000000000e+00 
 -4.465050995349881431e-03   0.000000000000000000e+00 
 -6.265363842248906912e-02   0.000000000000000000e+00 
 -7.777202874422069201e-02   0.000000000000000000e+00 
 -2.242351882159710798e-03   0.000000000000000000e+00 
 -2.014560103416443704e-01   0.000000000000000000e+00 
 -2.345803193747998672e-02   0.000000000000000000e+00 
  3.799282945692539649e-03   0.000000000000000000e+00 
 -1.292360713705418759e-03   0.000000000000000000e+00 
  1.578892618417740978e-01   0.000000000000000000e+00 
  1.229839846491812411e-01   0.000000000000000000e+00 
  8.616178482770922575e-02   0.000000000000000000e+00 
  1.503276173025369818e-02   0.000000000000000000e+00 
 -1.128832693211734078e-03   0.000000000000000000e+00 
 -3.407806798350064320e-04   0.000000000000000000e+00 
 -3.061180468648673839e-03   0.000000000000000000e+00 
  4.855860397219659980e-02   0.000000000000000000e+00 
 -1.394551694393157959e-01   0.000000000000000000e+00 
 -2.545773517340420809e-03   0.000000000000000000e+00 
  1.256659277714788697e-03   0.000000000000000000e+00 
 -5.397243076004084672e-04   0.000000000000000000e+00 
 -1.991728204302469700e-04   0.000000000000000000e+00 
 -1.107893660664558966e-01   0.000000000000000000e+00 
 -2.399098128080368597e-01   0.000000000000000000e+00 
 -6.350205512717360798e-04   0.000000000000000000e+00 
 -2.798776840791107525e-03   0.000000000000000000e+00 
  9.492387622594833374e-02   0.000000000000000000e+00 
 -2.407671213150024414e-01   0.000000000000000000e+00 
  1.945072710514069159e-01   0.000000000000000000e+00 
  2.929011285305022638e-01   0.000000000000000000e+00 
 -2.035295125097035061e-03   0.000000000000000000e+00 
  7.274979725480078784e-03   0.000000000000000000e+00 
  3.363290335983038382e-03   0.000000000000000000e+00 
  4.954429459758103978e-04   0.000000000000000000e+00 
 -2.886196598410606384e-04   0.000000000000000000e+00 
 -3.634516615420579477e-03   0.000000000000000000e+00 
 -7.187775336205957585e-03   0.000000000000000000e+00 
 -5.112417042255404213e-03   0.000000000000000000e+00 
 -8.231524843722585116e-04   0.000000000000000000e+00 
 -4.486970603466033068e-03   0.000000000000000000e+00 
 -2.909350441768784965e-03   0.000000000000000000e+00 
  1.054503023624420513e-02   0.000000000000000000e+00 
 -4.248145036399365339e-03   0.000000000000000000e+00 
  9.457826614379884200e-02   0.000000000000000000e+00 
 -3.454134464263916571e-01   0.000000000000000000e+00 
 -1.906800665892661052e-03   0.000000000000000000e+00 
  4.507553298026324186e-03   0.000000000000000000e+00 
  6.799756288528442383e-01   0.000000000000000000e+00 
  1.558516174554824552e-01   0.000000000000000000e+00 
 -8.674639393575506868e-04   0.000000000000000000e+00 
