# [2026-07-19 01:29:26,386] INFO: JAX detected 4 total devices across 1 processes
# [2026-07-19 01:29:26,386] INFO: Current process 0 has 4 local devices
# [2026-07-19 01:29:26,386] INFO: Running on 4 GPUs with pmap for data parallelism
# [2026-07-19 01:29:26,392] INFO: Sample configuration:
# [2026-07-19 01:29:26,392] INFO:   Total sample_size: 10000
# [2026-07-19 01:29:26,392] INFO:   Sample batch: 1000
# [2026-07-19 01:29:26,392] INFO:   Local batch per device: 250
# [2026-07-19 01:29:26,392] INFO:   Sample steps: 10
# [2026-07-19 01:29:26,392] INFO:   Local sample size per device: 2500
# [2026-07-19 01:29:26,392] INFO:   Expected samples per device: 2500
# [2026-07-19 01:29:26,392] INFO: Loading Hamiltonian from saved file
2026-07-19 01:29:27.077673: W external/xla/xla/service/gpu/nvptx_compiler.cc:763] The NVIDIA driver's CUDA version is 12.8 which is older than the ptxas CUDA version (12.9.86). Because the driver is older than the ptxas version, XLA is disabling parallel compilation, which may slow down compilation. You should update your NVIDIA driver or use the NVIDIA-provided CUDA forward compatibility packages.
# [2026-07-19 01:29:27,841] INFO: Setting up the training loop
# [2026-07-19 01:29:28,420] INFO: Print s2: False, spin: False, rdm: False
# [2026-07-19 01:29:28,420] INFO: Initializing parameters and states
# [2026-07-19 01:29:34,186] INFO: Burning in the sampler for 100 steps
# [2026-07-19 01:29:40,940] INFO: Start training
/home/zzkj/anaconda3/envs/jax_env/lib/python3.9/site-packages/jax/_src/lax/lax.py:2773: ComplexWarning: Casting complex values to real discards the imaginary part
  x_bar = _convert_element_type(x_bar, x.aval.dtype, x.aval.weak_type)
# HF energy from loaded: -116.13503480328633
init_vhs in make_proj_op:  (100, 40, 40)
# step	loss	e_tot	exp_es	exp_s	std_es	std_s	lr	time
0	-116.1366	-116.1366	-116.1365	1.0000	0.1408	0.0012	3.0e-04	8.6274
1	-116.1367	-116.1367	-116.1365	1.0000	0.1635	0.0014	3.0e-04	0.4814
2	-116.1368	-116.1368	-116.1367	1.0000	0.1669	0.0014	3.0e-04	0.4823
3	-116.1369	-116.1369	-116.1367	1.0000	0.1659	0.0014	3.0e-04	0.4829
4	-116.1370	-116.1370	-116.1369	1.0000	0.1619	0.0014	3.0e-04	0.4816
5	-116.1371	-116.1371	-116.1370	1.0000	0.1689	0.0015	3.0e-04	0.4812
6	-116.1372	-116.1372	-116.1370	1.0000	0.1675	0.0014	3.0e-04	0.4815
7	-116.1375	-116.1375	-116.1374	1.0000	0.1580	0.0014	3.0e-04	0.4815
8	-116.1377	-116.1377	-116.1376	1.0000	0.1704	0.0015	3.0e-04	0.4812
9	-116.1380	-116.1380	-116.1378	1.0000	0.1809	0.0016	3.0e-04	0.4812
10	-116.1380	-116.1380	-116.1378	1.0000	0.1983	0.0017	3.0e-04	0.4817
11	-116.1384	-116.1384	-116.1382	1.0000	0.1970	0.0017	3.0e-04	0.4813
12	-116.1388	-116.1388	-116.1386	1.0000	0.1962	0.0017	3.0e-04	0.4810
13	-116.1393	-116.1393	-116.1391	1.0000	0.2277	0.0020	3.0e-04	0.4815
14	-116.1394	-116.1394	-116.1392	1.0000	0.2316	0.0020	3.0e-04	0.4816
15	-116.1399	-116.1399	-116.1396	1.0000	0.2416	0.0021	3.0e-04	0.4808
16	-116.1402	-116.1402	-116.1400	1.0000	0.2407	0.0021	3.0e-04	0.4810
17	-116.1410	-116.1410	-116.1407	1.0000	0.2608	0.0022	3.0e-04	0.4808
18	-116.1419	-116.1419	-116.1416	1.0000	0.2743	0.0024	3.0e-04	0.4814
19	-116.1424	-116.1424	-116.1420	1.0000	0.2952	0.0025	3.0e-04	0.4810
20	-116.1435	-116.1435	-116.1431	1.0000	0.3153	0.0027	3.0e-04	0.4813
21	-116.1440	-116.1440	-116.1434	1.0000	0.3540	0.0030	3.0e-04	0.4816
22	-116.1453	-116.1453	-116.1447	1.0000	0.3701	0.0032	3.0e-04	0.4811
23	-116.1468	-116.1468	-116.1461	1.0000	0.4019	0.0035	3.0e-04	0.4813
24	-116.1480	-116.1480	-116.1471	1.0000	0.4656	0.0040	3.0e-04	0.4808
25	-116.1492	-116.1492	-116.1481	1.0000	0.5011	0.0043	3.0e-04	0.4808
26	-116.1516	-116.1516	-116.1502	1.0000	0.5661	0.0049	3.0e-04	0.4804
27	-116.1522	-116.1522	-116.1506	1.0000	0.6178	0.0053	3.0e-04	0.4810
28	-116.1536	-116.1536	-116.1515	1.0000	0.6952	0.0060	3.0e-04	0.4810
29	-116.1564	-116.1564	-116.1538	1.0000	0.7828	0.0067	3.0e-04	0.4811
30	-116.1598	-116.1598	-116.1568	1.0000	0.8331	0.0072	3.0e-04	0.4807
31	-116.1623	-116.1623	-116.1585	1.0000	0.9445	0.0081	3.0e-04	0.4810
32	-116.1648	-116.1648	-116.1599	1.0000	1.0694	0.0092	3.0e-04	0.4805
33	-116.1646	-116.1646	-116.1583	0.9999	1.2148	0.0105	3.0e-04	0.4810
34	-116.1695	-116.1695	-116.1618	0.9999	1.3391	0.0115	3.0e-04	0.4807
35	-116.1695	-116.1695	-116.1598	0.9999	1.5051	0.0130	3.0e-04	0.4813
36	-116.1782	-116.1782	-116.1667	0.9999	1.6315	0.0141	3.0e-04	0.4816
37	-116.1793	-116.1793	-116.1656	0.9999	1.7853	0.0154	3.0e-04	0.4811
38	-116.1866	-116.1866	-116.1690	0.9998	2.0245	0.0174	3.0e-04	0.4810
39	-116.1879	-116.1879	-116.1680	0.9998	2.1509	0.0185	3.0e-04	0.4817
40	-116.1885	-116.1885	-116.1666	0.9998	2.2555	0.0194	3.0e-04	0.4809
41	-116.1950	-116.1950	-116.1679	0.9998	2.5077	0.0216	3.0e-04	0.4811
42	-116.2013	-116.2013	-116.1704	0.9997	2.6754	0.0230	3.0e-04	0.4812
43	-116.2076	-116.2076	-116.1705	0.9997	2.9283	0.0252	3.0e-04	0.4809
44	-116.2090	-116.2090	-116.1662	0.9996	3.1508	0.0271	3.0e-04	0.4808
45	-116.2143	-116.2143	-116.1664	0.9996	3.3232	0.0286	3.0e-04	0.4808
46	-116.2247	-116.2247	-116.1641	0.9995	3.7474	0.0323	3.0e-04	0.4807
47	-116.2258	-116.2258	-116.1601	0.9994	3.9016	0.0336	3.0e-04	0.4811
48	-116.2272	-116.2272	-116.1536	0.9994	4.1312	0.0356	3.0e-04	0.4807
49	-116.2399	-116.2399	-116.1496	0.9992	4.5727	0.0394	3.0e-04	0.4810
50	-116.2378	-116.2378	-116.1327	0.9991	4.9338	0.0425	3.0e-04	0.4806
51	-116.2429	-116.2429	-116.1280	0.9990	5.1614	0.0445	3.0e-04	0.4808
52	-116.2500	-116.2500	-116.1218	0.9989	5.4514	0.0469	3.0e-04	0.4810
53	-116.2303	-116.2303	-116.0893	0.9988	5.7084	0.0492	3.0e-04	0.4808
54	-116.2315	-116.2315	-116.0779	0.9987	5.9642	0.0514	3.0e-04	0.4811
55	-116.2490	-116.2490	-116.0802	0.9985	6.2537	0.0539	3.0e-04	0.4817
56	-116.2634	-116.2634	-116.0762	0.9984	6.5849	0.0567	3.0e-04	0.4810
57	-116.2654	-116.2654	-116.0728	0.9983	6.6811	0.0575	3.0e-04	0.4809
58	-116.2541	-116.2541	-116.0577	0.9983	6.7470	0.0581	3.0e-04	0.4815
59	-116.2577	-116.2577	-116.0371	0.9981	7.1458	0.0615	3.0e-04	0.4820
60	-116.2565	-116.2565	-116.0292	0.9980	7.2508	0.0624	3.0e-04	0.4812
61	-116.2722	-116.2722	-116.0401	0.9980	7.3264	0.0631	3.0e-04	0.4810
62	-116.2731	-116.2731	-116.0325	0.9979	7.4605	0.0643	3.0e-04	0.4810
63	-116.2860	-116.2860	-116.0025	0.9976	8.0931	0.0697	3.0e-04	0.4811
64	-116.2867	-116.2867	-116.0033	0.9976	8.0999	0.0697	3.0e-04	0.4815
65	-116.2964	-116.2964	-115.9653	0.9972	8.7567	0.0754	3.0e-04	0.4815
66	-116.2772	-116.2772	-115.9379	0.9971	8.8656	0.0763	3.0e-04	0.4815
67	-116.2723	-116.2723	-115.8879	0.9967	9.4363	0.0812	3.0e-04	0.4825
68	-116.2817	-116.2817	-115.8695	0.9965	9.7696	0.0841	3.0e-04	0.4816
69	-116.3070	-116.3070	-115.8351	0.9959	10.4497	0.0900	3.0e-04	0.4809
70	-116.2981	-116.2981	-115.8113	0.9958	10.6145	0.0914	3.0e-04	0.4811
71	-116.3018	-116.3018	-115.7808	0.9955	10.9833	0.0945	3.0e-04	0.4813
72	-116.3084	-116.3084	-115.7066	0.9948	11.7908	0.1015	3.0e-04	0.4808
73	-116.2900	-116.2900	-115.6361	0.9944	12.3035	0.1059	3.0e-04	0.4814
74	-116.2997	-116.2997	-115.5622	0.9937	13.0661	0.1124	3.0e-04	0.4817
75	-116.3108	-116.3108	-115.5458	0.9934	13.3060	0.1145	3.0e-04	0.4820
76	-116.2954	-116.2954	-115.4346	0.9926	14.1143	0.1214	3.0e-04	0.4808
77	-116.3273	-116.3273	-115.3856	0.9919	14.7418	0.1268	3.0e-04	0.4812
78	-116.3203	-116.3203	-115.2484	0.9908	15.7430	0.1354	3.0e-04	0.4811
79	-116.3059	-116.3059	-115.1613	0.9902	16.2593	0.1399	3.0e-04	0.4816
80	-116.3136	-116.3136	-115.1030	0.9896	16.7188	0.1438	3.0e-04	0.4809
81	-116.3176	-116.3176	-114.9796	0.9885	17.5711	0.1511	3.0e-04	0.4815
82	-116.3231	-116.3231	-114.7611	0.9866	18.9908	0.1633	3.0e-04	0.4807
83	-116.3390	-116.3390	-114.6419	0.9854	19.7928	0.1702	3.0e-04	0.4811
84	-116.3534	-116.3534	-114.6724	0.9856	19.6962	0.1694	2.9e-04	0.4813
85	-116.3399	-116.3399	-114.4591	0.9838	20.8284	0.1791	2.9e-04	0.4811
86	-116.3501	-116.3501	-114.4176	0.9834	21.1120	0.1815	2.9e-04	0.4813
87	-116.3418	-116.3418	-114.1509	0.9812	22.4376	0.1929	2.9e-04	0.4806
88	-116.3565	-116.3565	-113.9421	0.9792	23.5456	0.2024	2.9e-04	0.4804
89	-116.3572	-116.3572	-113.7923	0.9780	24.2864	0.2088	2.9e-04	0.4810
90	-116.3538	-116.3538	-113.6909	0.9771	24.7114	0.2124	2.9e-04	0.4809
91	-116.3651	-116.3651	-113.6817	0.9769	24.8386	0.2135	2.9e-04	0.4808
92	-116.3554	-116.3554	-113.2116	0.9730	26.8589	0.2309	2.9e-04	0.4804
93	-116.3631	-116.3631	-113.2775	0.9735	26.6063	0.2287	2.9e-04	0.4811
94	-116.3802	-116.3802	-113.1669	0.9724	27.1503	0.2333	2.9e-04	0.4803
95	-116.3642	-116.3642	-112.9703	0.9708	27.8899	0.2397	2.9e-04	0.4811
96	-116.3888	-116.3888	-112.9598	0.9705	28.0324	0.2409	2.9e-04	0.4806
97	-116.3750	-116.3750	-112.9118	0.9702	28.1691	0.2421	2.9e-04	0.4815
98	-116.3733	-116.3733	-112.8055	0.9693	28.5792	0.2456	2.9e-04	0.4805
99	-116.3984	-116.3984	-112.6250	0.9676	29.3750	0.2525	2.9e-04	0.4810
100	-116.3862	-116.3862	-112.7527	0.9688	28.8300	0.2478	2.9e-04	0.4803
101	-116.3947	-116.3947	-112.3879	0.9656	30.2638	0.2601	2.9e-04	0.4811
102	-116.3861	-116.3861	-112.6778	0.9681	29.1404	0.2504	2.9e-04	0.4808
103	-116.3964	-116.3964	-112.5713	0.9671	29.5727	0.2542	2.9e-04	0.4813
104	-116.4135	-116.4135	-112.5852	0.9671	29.5607	0.2540	2.9e-04	0.4803
105	-116.3994	-116.3994	-112.5209	0.9667	29.7473	0.2556	2.9e-04	0.4811
106	-116.4029	-116.4029	-112.4177	0.9658	30.1767	0.2593	2.9e-04	0.4804
107	-116.3954	-116.3954	-112.4228	0.9659	30.1232	0.2589	2.9e-04	0.4813
108	-116.4004	-116.4004	-112.6378	0.9677	29.3487	0.2522	2.9e-04	0.4813
109	-116.4259	-116.4259	-112.7488	0.9684	29.0152	0.2493	2.9e-04	0.4810
110	-116.4063	-116.4063	-112.4918	0.9664	29.9188	0.2570	2.9e-04	0.4808
111	-116.4126	-116.4126	-112.6331	0.9675	29.3824	0.2525	2.9e-04	0.4812
112	-116.4097	-116.4097	-112.7650	0.9687	28.8177	0.2476	2.9e-04	0.4806
113	-116.4310	-116.4310	-112.1551	0.9633	31.2075	0.2681	2.9e-04	0.4815
114	-116.4191	-116.4191	-112.6150	0.9673	29.5065	0.2535	2.9e-04	0.4813
115	-116.4247	-116.4247	-112.5579	0.9668	29.7328	0.2555	2.9e-04	0.4813
116	-116.4175	-116.4175	-112.6830	0.9679	29.2251	0.2511	2.9e-04	0.4823
117	-116.4378	-116.4378	-112.7849	0.9686	28.8900	0.2482	2.9e-04	0.4809
118	-116.4468	-116.4468	-112.4494	0.9657	30.1473	0.2589	2.9e-04	0.4805
119	-116.4395	-116.4395	-112.7271	0.9681	29.1185	0.2501	2.9e-04	0.4812
120	-116.4412	-116.4412	-112.9033	0.9696	28.4779	0.2446	2.9e-04	0.4820
121	-116.4402	-116.4402	-113.0346	0.9708	27.9496	0.2401	2.9e-04	0.4811
122	-116.4587	-116.4587	-112.9132	0.9696	28.5034	0.2448	2.9e-04	0.4807
123	-116.4571	-116.4571	-112.7556	0.9682	29.1218	0.2501	2.9e-04	0.4814
124	-116.4607	-116.4607	-112.3284	0.9645	30.7400	0.2640	2.9e-04	0.4808
125	-116.4786	-116.4786	-112.6502	0.9671	29.6080	0.2543	2.9e-04	0.4813
126	-116.4759	-116.4759	-112.6326	0.9670	29.6568	0.2547	2.9e-04	0.4807
127	-116.4801	-116.4801	-112.5487	0.9662	29.9682	0.2574	2.9e-04	0.4831
128	-116.4809	-116.4809	-112.7725	0.9682	29.1476	0.2503	2.9e-04	0.4807
129	-116.4996	-116.4996	-112.6681	0.9671	29.6208	0.2543	2.9e-04	0.4811
130	-116.4891	-116.4891	-112.6402	0.9670	29.6115	0.2542	2.9e-04	0.4810
131	-116.4994	-116.4994	-112.7094	0.9675	29.4604	0.2530	2.9e-04	0.4814
132	-116.4918	-116.4918	-112.6500	0.9670	29.6666	0.2547	2.9e-04	0.4812
133	-116.5105	-116.5105	-112.5148	0.9657	30.2386	0.2596	2.9e-04	0.4808
134	-116.5132	-116.5132	-112.5455	0.9659	29.9620	0.2572	2.9e-04	0.4813
135	-116.5223	-116.5223	-112.6875	0.9671	29.6342	0.2544	2.9e-04	0.4811
136	-116.5238	-116.5238	-112.8707	0.9686	28.9261	0.2483	2.9e-04	0.4806
137	-116.5207	-116.5207	-112.9244	0.9691	28.6916	0.2463	2.9e-04	0.4819
138	-116.5218	-116.5218	-113.0409	0.9701	28.2591	0.2426	2.9e-04	0.4806
139	-116.5222	-116.5222	-113.2241	0.9717	27.5067	0.2361	2.9e-04	0.4809
140	-116.5307	-116.5307	-113.1872	0.9713	27.7022	0.2378	2.9e-04	0.4805
141	-116.5238	-116.5238	-113.3512	0.9728	26.9935	0.2317	2.9e-04	0.4811
142	-116.5397	-116.5397	-113.3693	0.9728	26.9722	0.2316	2.9e-04	0.4803
143	-116.5396	-116.5396	-113.6440	0.9752	25.7969	0.2215	2.9e-04	0.4813
144	-116.5409	-116.5409	-113.6812	0.9755	25.6398	0.2201	2.9e-04	0.4812
145	-116.5430	-116.5430	-113.7797	0.9763	25.1982	0.2163	2.9e-04	0.4809
146	-116.5516	-116.5516	-113.8309	0.9767	25.0067	0.2147	2.9e-04	0.4806
147	-116.5482	-116.5482	-114.2625	0.9804	22.9034	0.1967	2.9e-04	0.4810
148	-116.5392	-116.5392	-114.1849	0.9798	23.2866	0.2000	2.9e-04	0.4807
149	-116.5446	-116.5446	-114.5568	0.9829	21.3839	0.1836	2.9e-04	0.4815
150	-116.5453	-116.5453	-114.6946	0.9841	20.6710	0.1775	2.9e-04	0.4808
151	-116.5541	-116.5541	-114.7709	0.9847	20.2707	0.1741	2.9e-04	0.4810
152	-116.5509	-116.5509	-114.9080	0.9859	19.4786	0.1673	2.9e-04	0.4805
153	-116.5594	-116.5594	-115.0079	0.9867	18.9329	0.1626	2.9e-04	0.4810
154	-116.5520	-116.5520	-115.1002	0.9875	18.3131	0.1573	2.9e-04	0.4804
155	-116.5456	-116.5456	-115.3021	0.9893	16.9561	0.1457	2.9e-04	0.4811
156	-116.5468	-116.5468	-115.3481	0.9897	16.6016	0.1426	2.9e-04	0.4810
157	-116.5579	-116.5579	-115.4613	0.9906	15.9227	0.1368	2.9e-04	0.4811
158	-116.5606	-116.5606	-115.4638	0.9906	15.9231	0.1368	2.9e-04	0.4807
159	-116.5520	-116.5520	-115.5759	0.9916	15.0191	0.1291	2.9e-04	0.4812
160	-116.5716	-116.5716	-115.6440	0.9920	14.6432	0.1259	2.9e-04	0.4806
161	-116.5670	-116.5670	-115.6411	0.9921	14.6204	0.1258	2.9e-04	0.4812
162	-116.5597	-116.5597	-115.7598	0.9931	13.5971	0.1169	2.9e-04	0.4807
163	-116.5624	-116.5624	-115.8211	0.9936	13.0787	0.1125	2.9e-04	0.4807
164	-116.5704	-116.5704	-115.8361	0.9937	13.0250	0.1121	2.9e-04	0.4803
165	-116.5635	-116.5635	-115.8648	0.9940	12.7036	0.1093	2.9e-04	0.4810
166	-116.5700	-116.5700	-115.8835	0.9941	12.5709	0.1082	2.9e-04	0.4803
167	-116.5631	-116.5631	-115.9520	0.9948	11.8810	0.1023	2.9e-04	0.4814
168	-116.5650	-116.5650	-116.0165	0.9953	11.2574	0.0969	2.9e-04	0.4807
169	-116.5702	-116.5702	-116.0264	0.9953	11.2021	0.0965	2.9e-04	0.4810
170	-116.5713	-116.5713	-116.0482	0.9955	10.9881	0.0946	2.9e-04	0.4807
171	-116.5576	-116.5576	-116.1084	0.9961	10.1780	0.0877	2.9e-04	0.4812
172	-116.5606	-116.5606	-116.0792	0.9959	10.5330	0.0908	2.9e-04	0.4804
173	-116.5714	-116.5714	-116.0160	0.9952	11.3037	0.0975	2.9e-04	0.4817
174	-116.5718	-116.5718	-116.0606	0.9956	10.8447	0.0935	2.9e-04	0.4811
175	-116.5780	-116.5780	-116.1098	0.9960	10.3783	0.0895	2.9e-04	0.4810
176	-116.5758	-116.5758	-116.1372	0.9962	10.0429	0.0866	2.9e-04	0.4805
177	-116.5674	-116.5674	-116.1495	0.9964	9.8052	0.0846	2.9e-04	0.4811
178	-116.5699	-116.5699	-116.1514	0.9964	9.8065	0.0846	2.9e-04	0.4802
179	-116.5797	-116.5797	-116.1683	0.9965	9.7251	0.0839	2.9e-04	0.4811
180	-116.5635	-116.5635	-116.1239	0.9962	10.0413	0.0867	2.9e-04	0.4808
181	-116.5704	-116.5704	-116.1704	0.9966	9.5885	0.0828	2.9e-04	0.4810
182	-116.5684	-116.5684	-116.1797	0.9967	9.4521	0.0816	2.9e-04	0.4802
183	-116.5740	-116.5740	-116.1815	0.9966	9.4731	0.0818	2.9e-04	0.4811
184	-116.5626	-116.5626	-116.2086	0.9970	9.0236	0.0779	2.9e-04	0.4809
185	-116.5666	-116.5666	-116.1657	0.9966	9.6013	0.0829	2.9e-04	0.4813
186	-116.5712	-116.5712	-116.1780	0.9966	9.4993	0.0820	2.9e-04	0.4805
187	-116.5764	-116.5764	-116.1646	0.9965	9.7222	0.0839	2.9e-04	0.4810
188	-116.5779	-116.5779	-116.0712	0.9957	10.7850	0.0931	2.9e-04	0.4805
189	-116.5662	-116.5662	-116.1246	0.9962	10.0737	0.0870	2.9e-04	0.4811
190	-116.5643	-116.5643	-116.1668	0.9966	9.5643	0.0825	2.9e-04	0.4804
191	-116.5790	-116.5790	-116.0846	0.9958	10.6446	0.0919	2.9e-04	0.4812
192	-116.5760	-116.5760	-116.0990	0.9959	10.4718	0.0904	2.9e-04	0.4806
193	-116.5868	-116.5868	-116.0663	0.9955	10.9361	0.0944	2.9e-04	0.4811
194	-116.5765	-116.5765	-116.0924	0.9958	10.5411	0.0910	2.9e-04	0.4804
195	-116.5735	-116.5735	-116.0637	0.9956	10.8208	0.0934	2.9e-04	0.4815
196	-116.5880	-116.5880	-115.9860	0.9948	11.7576	0.1015	2.9e-04	0.4804
197	-116.5757	-116.5757	-116.0917	0.9958	10.5441	0.0910	2.9e-04	0.4816
198	-116.5668	-116.5668	-116.1267	0.9962	10.0649	0.0868	2.9e-04	0.4807
199	-116.5751	-116.5751	-116.0092	0.9951	11.4032	0.0984	2.9e-04	0.4810
200	-116.5671	-116.5671	-116.1451	0.9964	9.8533	0.0850	2.9e-04	0.4807
201	-116.5703	-116.5703	-116.0840	0.9958	10.5767	0.0912	2.9e-04	0.4815
202	-116.5832	-116.5832	-116.0532	0.9955	11.0348	0.0952	2.9e-04	0.4805
203	-116.5659	-116.5659	-116.0720	0.9958	10.6625	0.0919	2.9e-04	0.4818
204	-116.5848	-116.5848	-116.0651	0.9955	10.9311	0.0943	2.9e-04	0.4805
205	-116.5826	-116.5826	-115.8866	0.9940	12.6341	0.1091	2.9e-04	0.4812
206	-116.5764	-116.5764	-115.9649	0.9948	11.8507	0.1022	2.9e-04	0.4805
207	-116.5742	-116.5742	-115.9518	0.9947	11.9613	0.1032	2.9e-04	0.4811
208	-116.5732	-116.5732	-115.9247	0.9944	12.2064	0.1053	2.9e-04	0.4802
209	-116.5755	-116.5755	-115.9331	0.9945	12.1520	0.1048	2.9e-04	0.4809
210	-116.5750	-116.5750	-115.9428	0.9946	12.0379	0.1038	2.9e-04	0.4811
211	-116.5676	-116.5676	-115.9306	0.9945	12.0963	0.1044	2.9e-04	0.4809
212	-116.5793	-116.5793	-115.8389	0.9936	13.0439	0.1125	2.9e-04	0.4802
213	-116.5712	-116.5712	-115.8697	0.9940	12.6978	0.1095	2.9e-04	0.4811
214	-116.5967	-116.5967	-115.8477	0.9936	13.1163	0.1131	2.9e-04	0.4804
215	-116.5719	-116.5719	-115.7983	0.9934	13.3237	0.1150	2.9e-04	0.4811
216	-116.5672	-116.5672	-115.8565	0.9939	12.7827	0.1102	2.9e-04	0.4809
217	-116.5816	-116.5816	-115.8619	0.9938	12.8585	0.1109	2.9e-04	0.4809
218	-116.5764	-116.5764	-115.8817	0.9940	12.6351	0.1089	2.9e-04	0.4801
219	-116.5774	-116.5774	-115.8881	0.9941	12.5983	0.1086	2.9e-04	0.4808
220	-116.5820	-116.5820	-115.9131	0.9943	12.4141	0.1070	2.9e-04	0.4807
221	-116.5786	-116.5786	-115.7516	0.9929	13.7791	0.1189	2.9e-04	0.4818
222	-116.5762	-116.5762	-115.8139	0.9935	13.2410	0.1141	2.9e-04	0.4805
223	-116.5796	-116.5796	-115.7384	0.9928	13.9019	0.1199	2.9e-04	0.4811
224	-116.5780	-116.5780	-115.8367	0.9936	13.0533	0.1126	2.9e-04	0.4812
225	-116.5871	-116.5871	-115.5827	0.9914	15.1748	0.1310	2.9e-04	0.4811
226	-116.5819	-116.5819	-115.8277	0.9935	13.1768	0.1136	2.9e-04	0.4806
227	-116.5891	-116.5891	-115.6644	0.9921	14.5740	0.1257	2.9e-04	0.4815
228	-116.5702	-116.5702	-115.8259	0.9936	13.0959	0.1128	2.9e-04	0.4811
229	-116.5733	-116.5733	-115.6760	0.9923	14.3648	0.1238	2.9e-04	0.4813
230	-116.5718	-116.5718	-115.7714	0.9931	13.5692	0.1169	2.9e-04	0.4810
231	-116.5867	-116.5867	-115.4387	0.9902	16.2168	0.1400	2.9e-04	0.4821
232	-116.5868	-116.5868	-115.6802	0.9922	14.4364	0.1244	2.9e-04	0.4806
233	-116.5763	-116.5763	-115.6721	0.9922	14.4228	0.1243	2.9e-04	0.4809
234	-116.5916	-116.5916	-115.5085	0.9907	15.7662	0.1359	2.9e-04	0.4806
235	-116.5851	-116.5851	-115.5444	0.9911	15.4543	0.1333	2.9e-04	0.4816
236	-116.5852	-116.5852	-115.3885	0.9897	16.5723	0.1429	2.9e-04	0.4807
237	-116.5827	-116.5827	-115.4899	0.9906	15.8382	0.1366	2.9e-04	0.4810
238	-116.5743	-116.5743	-115.6664	0.9922	14.4584	0.1245	2.9e-04	0.4802
239	-116.5741	-116.5741	-115.5603	0.9913	15.2743	0.1316	2.9e-04	0.4815
240	-116.5871	-116.5871	-115.4539	0.9903	16.1349	0.1391	2.9e-04	0.4807
241	-116.5742	-116.5742	-115.5964	0.9916	14.9915	0.1291	2.9e-04	0.4814
242	-116.5895	-116.5895	-115.4651	0.9904	16.0610	0.1384	2.9e-04	0.4804
243	-116.5799	-116.5799	-115.4169	0.9900	16.3523	0.1409	2.9e-04	0.4812
244	-116.5789	-116.5789	-115.4165	0.9900	16.3473	0.1408	2.9e-04	0.4807
245	-116.5872	-116.5872	-115.3511	0.9894	16.8227	0.1449	2.9e-04	0.4815
246	-116.5776	-116.5776	-115.3977	0.9899	16.4734	0.1419	2.9e-04	0.4816
247	-116.5766	-116.5766	-115.2838	0.9889	17.2330	0.1485	2.9e-04	0.4817
248	-116.5940	-116.5940	-115.3655	0.9895	16.8070	0.1448	2.9e-04	0.4810
249	-116.5798	-116.5798	-115.4189	0.9900	16.3400	0.1407	2.9e-04	0.4818
250	-116.5816	-116.5816	-115.3284	0.9893	16.9360	0.1459	2.9e-04	0.4813
251	-116.5884	-116.5884	-115.2822	0.9888	17.3250	0.1493	2.9e-04	0.4822
252	-116.5678	-116.5678	-115.4044	0.9900	16.3635	0.1409	2.9e-04	0.4815
253	-116.5844	-116.5844	-115.3153	0.9891	17.0799	0.1471	2.9e-04	0.4818
254	-116.5850	-116.5850	-115.1446	0.9876	18.1811	0.1567	2.9e-04	0.4812
255	-116.5823	-116.5823	-114.9489	0.9860	19.3414	0.1667	2.9e-04	0.4811
256	-116.5842	-116.5842	-115.1009	0.9873	18.4472	0.1589	2.9e-04	0.4802
257	-116.5793	-116.5793	-115.3356	0.9893	16.9164	0.1457	2.9e-04	0.4809
258	-116.5950	-116.5950	-114.9092	0.9855	19.6481	0.1693	2.9e-04	0.4808
259	-116.5799	-116.5799	-115.1673	0.9879	18.0167	0.1552	2.9e-04	0.4814
260	-116.5889	-116.5889	-114.9555	0.9860	19.3565	0.1668	2.9e-04	0.4812
261	-116.5818	-116.5818	-115.1723	0.9879	18.0111	0.1550	2.9e-04	0.4827
262	-116.5813	-116.5813	-115.0658	0.9870	18.6644	0.1607	2.9e-04	0.4807
263	-116.5818	-116.5818	-114.9069	0.9856	19.5932	0.1689	2.8e-04	0.4812
264	-116.5931	-116.5931	-114.8586	0.9851	19.9433	0.1718	2.8e-04	0.4808
265	-116.5976	-116.5976	-114.8215	0.9848	20.1611	0.1737	2.8e-04	0.4816
266	-116.5799	-116.5799	-114.9586	0.9861	19.3042	0.1662	2.8e-04	0.4804
267	-116.5853	-116.5853	-114.8886	0.9854	19.7418	0.1700	2.8e-04	0.4817
268	-116.5874	-116.5874	-114.8194	0.9848	20.1525	0.1735	2.8e-04	0.4811
269	-116.5810	-116.5810	-114.6069	0.9831	21.2775	0.1832	2.8e-04	0.4815
270	-116.5820	-116.5820	-114.6866	0.9837	20.8464	0.1794	2.8e-04	0.4812
271	-116.5787	-116.5787	-114.8381	0.9851	19.9882	0.1720	2.8e-04	0.4821
272	-116.5908	-116.5908	-114.5563	0.9826	21.5766	0.1859	2.8e-04	0.4805
273	-116.5914	-116.5914	-114.6035	0.9829	21.3479	0.1839	2.8e-04	0.4813
274	-116.5824	-116.5824	-114.8308	0.9850	20.0643	0.1727	2.8e-04	0.4811
275	-116.5678	-116.5678	-114.7527	0.9844	20.4185	0.1758	2.8e-04	0.4821
276	-116.5947	-116.5947	-114.7035	0.9838	20.8471	0.1794	2.8e-04	0.4816
277	-116.5953	-116.5953	-114.3743	0.9810	22.5681	0.1942	2.8e-04	0.4816
278	-116.5930	-116.5930	-114.3302	0.9806	22.7678	0.1961	2.8e-04	0.4814
279	-116.5955	-116.5955	-114.2816	0.9802	23.0015	0.1982	2.8e-04	0.4814
280	-116.5809	-116.5809	-114.4182	0.9814	22.2143	0.1912	2.8e-04	0.4808
281	-116.5949	-116.5949	-114.3055	0.9804	22.8854	0.1970	2.8e-04	0.4819
282	-116.5791	-116.5791	-114.7088	0.9840	20.7110	0.1782	2.8e-04	0.4811
283	-116.5804	-116.5804	-114.3917	0.9812	22.4006	0.1928	2.8e-04	0.4813
284	-116.5751	-116.5751	-114.6562	0.9835	20.9969	0.1806	2.8e-04	0.4811
285	-116.5780	-116.5780	-114.4270	0.9815	22.2166	0.1912	2.8e-04	0.4813
286	-116.5933	-116.5933	-114.0567	0.9782	24.0734	0.2072	2.8e-04	0.4812
287	-116.5888	-116.5888	-114.1792	0.9793	23.4897	0.2022	2.8e-04	0.4821
288	-116.5860	-116.5860	-114.3548	0.9809	22.6012	0.1945	2.8e-04	0.4817
289	-116.5767	-116.5767	-113.9334	0.9773	24.5836	0.2117	2.8e-04	0.4820
290	-116.6015	-116.6015	-114.2319	0.9797	23.2754	0.2003	2.8e-04	0.4810
291	-116.5916	-116.5916	-114.4028	0.9812	22.4093	0.1928	2.8e-04	0.4816
292	-116.5855	-116.5855	-114.2788	0.9802	22.9529	0.1975	2.8e-04	0.4811
293	-116.5949	-116.5949	-114.3695	0.9809	22.5980	0.1944	2.8e-04	0.4817
294	-116.5781	-116.5781	-114.3745	0.9811	22.4785	0.1934	2.8e-04	0.4815
295	-116.5821	-116.5821	-114.2832	0.9803	22.9575	0.1976	2.8e-04	0.4814
296	-116.5791	-116.5791	-114.2041	0.9796	23.3222	0.2007	2.8e-04	0.4811
297	-116.5872	-116.5872	-114.3026	0.9804	22.8980	0.1970	2.8e-04	0.4811
298	-116.5773	-116.5773	-114.2279	0.9798	23.2133	0.1997	2.8e-04	0.4811
299	-116.5853	-116.5853	-114.0980	0.9787	23.8757	0.2054	2.8e-04	0.4817
300	-116.5860	-116.5860	-113.8832	0.9768	24.8810	0.2141	2.8e-04	0.4813
301	-116.5861	-116.5861	-113.9719	0.9776	24.4070	0.2099	2.8e-04	0.4812
302	-116.5787	-116.5787	-113.9701	0.9776	24.4529	0.2104	2.8e-04	0.4808
303	-116.5742	-116.5742	-113.8650	0.9768	24.9104	0.2143	2.8e-04	0.4812
304	-116.5750	-116.5750	-113.7137	0.9755	25.5632	0.2199	2.8e-04	0.4806
305	-116.5944	-116.5944	-113.6362	0.9746	26.0121	0.2238	2.8e-04	0.4816
306	-116.5870	-116.5870	-113.1589	0.9706	27.9517	0.2405	2.8e-04	0.4812
307	-116.5804	-116.5804	-113.5601	0.9741	26.2830	0.2261	2.8e-04	0.4814
308	-116.5959	-116.5959	-113.3745	0.9724	27.0997	0.2331	2.8e-04	0.4807
309	-116.5924	-116.5924	-113.2868	0.9716	27.4656	0.2363	2.8e-04	0.4816
310	-116.5865	-116.5865	-113.4961	0.9735	26.5319	0.2283	2.8e-04	0.4810
311	-116.5887	-116.5887	-113.4354	0.9730	26.8489	0.2309	2.8e-04	0.4811
312	-116.5785	-116.5785	-113.4895	0.9735	26.5693	0.2285	2.8e-04	0.4808
313	-116.5885	-116.5885	-113.2180	0.9711	27.7354	0.2386	2.8e-04	0.4814
314	-116.5742	-116.5742	-113.3814	0.9726	27.0272	0.2324	2.8e-04	0.4806
315	-116.5938	-116.5938	-112.8686	0.9681	29.1401	0.2507	2.8e-04	0.4819
316	-116.5927	-116.5927	-112.6818	0.9665	29.8314	0.2567	2.8e-04	0.4805
317	-116.5896	-116.5896	-112.9223	0.9685	28.9304	0.2488	2.8e-04	0.4813
318	-116.5779	-116.5779	-113.3442	0.9723	27.1517	0.2335	2.8e-04	0.4815
319	-116.5851	-116.5851	-112.8867	0.9683	29.0433	0.2499	2.8e-04	0.4821
320	-116.5904	-116.5904	-112.9209	0.9685	28.9425	0.2489	2.8e-04	0.4812
321	-116.5840	-116.5840	-113.1386	0.9704	28.0296	0.2411	2.8e-04	0.4816
322	-116.5877	-116.5877	-113.0665	0.9698	28.3349	0.2437	2.8e-04	0.4810
323	-116.5872	-116.5872	-112.9785	0.9690	28.6864	0.2468	2.8e-04	0.4819
324	-116.5794	-116.5794	-112.8041	0.9676	29.3373	0.2524	2.8e-04	0.4816
325	-116.5774	-116.5774	-112.9988	0.9693	28.5777	0.2459	2.8e-04	0.4815
326	-116.5789	-116.5789	-113.1199	0.9703	28.1086	0.2417	2.8e-04	0.4808
327	-116.5786	-116.5786	-113.0057	0.9694	28.5601	0.2456	2.8e-04	0.4814
328	-116.5863	-116.5863	-113.0739	0.9699	28.3232	0.2436	2.8e-04	0.4807
329	-116.5890	-116.5890	-113.0527	0.9697	28.4244	0.2444	2.8e-04	0.4817
330	-116.5813	-116.5813	-112.7423	0.9671	29.5899	0.2545	2.8e-04	0.4817
331	-116.5873	-116.5873	-112.4797	0.9648	30.5901	0.2631	2.8e-04	0.4814
332	-116.5821	-116.5821	-112.7344	0.9670	29.6266	0.2548	2.8e-04	0.4807
333	-116.5811	-116.5811	-112.5731	0.9656	30.2224	0.2599	2.8e-04	0.4812
334	-116.5766	-116.5766	-112.2072	0.9625	31.5364	0.2712	2.8e-04	0.4813
335	-116.5774	-116.5774	-112.4862	0.9649	30.5339	0.2626	2.8e-04	0.4821
336	-116.5928	-116.5928	-111.5672	0.9569	33.7540	0.2903	2.8e-04	0.4819
337	-116.5884	-116.5884	-111.8154	0.9591	32.9254	0.2831	2.8e-04	0.4813
338	-116.5864	-116.5864	-112.1361	0.9618	31.7677	0.2732	2.8e-04	0.4816
339	-116.5928	-116.5928	-111.9113	0.9598	32.6219	0.2805	2.8e-04	0.4820
340	-116.5890	-116.5890	-112.0195	0.9608	32.2429	0.2772	2.8e-04	0.4821
341	-116.5947	-116.5947	-111.5870	0.9571	33.7036	0.2899	2.8e-04	0.4820
342	-116.5869	-116.5869	-111.7166	0.9582	33.2540	0.2859	2.8e-04	0.4821
343	-116.5879	-116.5879	-111.8127	0.9590	32.9315	0.2831	2.8e-04	0.4816
344	-116.5864	-116.5864	-111.9398	0.9601	32.5076	0.2795	2.8e-04	0.4815
345	-116.5862	-116.5862	-111.6815	0.9579	33.3759	0.2870	2.8e-04	0.4831
346	-116.5873	-116.5873	-111.3105	0.9547	34.5918	0.2974	2.8e-04	0.4811
347	-116.5852	-116.5852	-111.6730	0.9579	33.4092	0.2872	2.8e-04	0.4823
348	-116.5865	-116.5865	-111.8143	0.9591	32.9051	0.2829	2.8e-04	0.4826
349	-116.5872	-116.5872	-111.7370	0.9584	33.2067	0.2854	2.8e-04	0.4831
350	-116.5926	-116.5926	-111.1018	0.9529	35.2668	0.3033	2.8e-04	0.4819
351	-116.5841	-116.5841	-111.1772	0.9536	35.0031	0.3010	2.8e-04	0.4826
352	-116.5997	-116.5997	-110.4632	0.9474	37.2271	0.3201	2.8e-04	0.4824
353	-116.5733	-116.5733	-111.1660	0.9536	35.0076	0.3010	2.8e-04	0.4829
354	-116.5807	-116.5807	-111.3629	0.9552	34.3615	0.2954	2.8e-04	0.4826
355	-116.5853	-116.5853	-110.3459	0.9465	37.5328	0.3227	2.8e-04	0.4831
356	-116.5793	-116.5793	-111.0128	0.9523	35.5084	0.3053	2.8e-04	0.4820
357	-116.5914	-116.5914	-110.7322	0.9497	36.3990	0.3130	2.8e-04	0.4824
358	-116.6039	-116.6039	-110.6647	0.9491	36.6516	0.3150	2.8e-04	0.4826
359	-116.5995	-116.5995	-110.4312	0.9471	37.3261	0.3208	2.8e-04	0.4832
360	-116.5959	-116.5959	-109.9387	0.9429	38.7386	0.3331	2.8e-04	0.4829
361	-116.5964	-116.5964	-110.4014	0.9469	37.4051	0.3216	2.8e-04	0.4835
362	-116.5846	-116.5846	-110.3679	0.9467	37.4734	0.3222	2.8e-04	0.4827
363	-116.5788	-116.5788	-110.4812	0.9477	37.1236	0.3191	2.8e-04	0.4830
364	-116.5887	-116.5887	-110.3800	0.9467	37.4524	0.3220	2.8e-04	0.4828
365	-116.5861	-116.5861	-110.1522	0.9448	38.1035	0.3276	2.8e-04	0.4840
366	-116.5870	-116.5870	-110.5683	0.9484	36.8912	0.3171	2.8e-04	0.4832
367	-116.5840	-116.5840	-110.0971	0.9444	38.2463	0.3288	2.8e-04	0.4830
368	-116.5913	-116.5913	-109.2445	0.9370	40.6304	0.3493	2.8e-04	0.4826
369	-116.5841	-116.5841	-109.6271	0.9403	39.5845	0.3403	2.8e-04	0.4825
370	-116.5887	-116.5887	-109.5292	0.9394	39.8599	0.3426	2.8e-04	0.4821
371	-116.5864	-116.5864	-109.3551	0.9380	40.3134	0.3466	2.8e-04	0.4836
372	-116.5917	-116.5917	-109.2929	0.9374	40.5080	0.3482	2.8e-04	0.4825
373	-116.5856	-116.5856	-109.6995	0.9409	39.3985	0.3386	2.8e-04	0.4823
374	-116.5858	-116.5858	-109.0750	0.9356	41.0753	0.3531	2.8e-04	0.4822
375	-116.5940	-116.5940	-108.6865	0.9322	42.1109	0.3620	2.8e-04	0.4826
376	-116.5874	-116.5874	-109.3891	0.9383	40.2473	0.3459	2.8e-04	0.4827
377	-116.5975	-116.5975	-108.5851	0.9313	42.3806	0.3643	2.8e-04	0.4829
378	-116.5844	-116.5844	-108.7143	0.9325	42.0029	0.3610	2.8e-04	0.4824
379	-116.5909	-116.5909	-109.1021	0.9358	41.0090	0.3524	2.8e-04	0.4821
380	-116.5881	-116.5881	-108.6426	0.9318	42.2034	0.3627	2.8e-04	0.4816
381	-116.5817	-116.5817	-108.1478	0.9277	43.3758	0.3729	2.8e-04	0.4826
382	-116.5965	-116.5965	-108.1858	0.9279	43.3925	0.3729	2.8e-04	0.4825
383	-116.5834	-116.5834	-108.4811	0.9305	42.6160	0.3663	2.8e-04	0.4833
384	-116.5836	-116.5836	-108.9601	0.9346	41.3806	0.3556	2.8e-04	0.4820
385	-116.5876	-116.5876	-107.8759	0.9253	44.1251	0.3793	2.8e-04	0.4823
386	-116.5762	-116.5762	-108.6556	0.9321	42.1499	0.3622	2.8e-04	0.4823
387	-116.5874	-116.5874	-107.8289	0.9249	44.2467	0.3802	2.8e-04	0.4825
388	-116.5949	-116.5949	-107.2137	0.9195	45.7148	0.3928	2.8e-04	0.4820
389	-116.5854	-116.5854	-107.4619	0.9217	45.1079	0.3877	2.8e-04	0.4827
390	-116.5945	-116.5945	-107.0501	0.9181	46.1117	0.3963	2.8e-04	0.4829
391	-116.6085	-116.6085	-106.7558	0.9155	46.7725	0.4019	2.8e-04	0.4824
392	-116.5924	-116.5924	-107.2515	0.9199	45.6314	0.3922	2.8e-04	0.4813
393	-116.5861	-116.5861	-107.1715	0.9192	45.7781	0.3934	2.8e-04	0.4816
394	-116.5947	-116.5947	-105.8706	0.9080	48.7259	0.4188	2.8e-04	0.4814
395	-116.5790	-116.5790	-106.9203	0.9171	46.3725	0.3985	2.8e-04	0.4820
396	-116.5971	-116.5971	-106.2270	0.9111	47.9690	0.4122	2.8e-04	0.4821
397	-116.5954	-116.5954	-106.2093	0.9109	47.9897	0.4124	2.8e-04	0.4814
398	-116.5891	-116.5891	-106.3793	0.9124	47.6106	0.4092	2.8e-04	0.4812
399	-116.5867	-116.5867	-106.2956	0.9117	47.7742	0.4106	2.8e-04	0.4816
400	-116.6026	-116.6026	-105.8350	0.9077	48.8394	0.4197	2.8e-04	0.4805
401	-116.5950	-116.5950	-105.9873	0.9090	48.5107	0.4167	2.8e-04	0.4819
402	-116.5856	-116.5856	-106.9581	0.9174	46.3057	0.3979	2.8e-04	0.4807
403	-116.5788	-116.5788	-106.8296	0.9164	46.5933	0.4003	2.8e-04	0.4813
404	-116.5731	-116.5731	-106.9290	0.9173	46.3418	0.3982	2.8e-04	0.4802
405	-116.5905	-116.5905	-106.1168	0.9102	48.2049	0.4142	2.8e-04	0.4811
406	-116.5856	-116.5856	-106.6709	0.9150	46.9130	0.4031	2.8e-04	0.4805
407	-116.5877	-116.5877	-106.6077	0.9144	47.0795	0.4045	2.8e-04	0.4813
408	-116.5954	-116.5954	-105.8634	0.9080	48.7642	0.4191	2.8e-04	0.4809
409	-116.5868	-116.5868	-106.1061	0.9101	48.2031	0.4142	2.8e-04	0.4810
410	-116.5932	-116.5932	-105.4619	0.9045	49.6196	0.4264	2.8e-04	0.4803
411	-116.5900	-116.5900	-105.4206	0.9042	49.6934	0.4271	2.8e-04	0.4816
412	-116.5917	-116.5917	-106.0241	0.9094	48.4023	0.4159	2.8e-04	0.4813
413	-116.5746	-116.5746	-107.5958	0.9230	44.7943	0.3848	2.8e-04	0.4811
414	-116.5850	-116.5850	-106.3134	0.9119	47.7654	0.4104	2.8e-04	0.4810
415	-116.5991	-116.5991	-105.2411	0.9026	50.0868	0.4304	2.8e-04	0.4815
416	-116.5794	-116.5794	-105.6808	0.9065	49.1257	0.4222	2.8e-04	0.4803
417	-116.5984	-116.5984	-105.3167	0.9032	49.9024	0.4289	2.8e-04	0.4815
418	-116.5858	-116.5858	-106.2437	0.9113	47.8629	0.4113	2.8e-04	0.4807
419	-116.6004	-116.6004	-105.0478	0.9009	50.4780	0.4338	2.8e-04	0.4812
420	-116.5881	-116.5881	-106.2790	0.9116	47.8485	0.4111	2.8e-04	0.4809
421	-116.5966	-116.5966	-105.7623	0.9071	48.9926	0.4210	2.8e-04	0.4811
422	-116.5907	-116.5907	-106.0091	0.9092	48.4416	0.4163	2.8e-04	0.4805
423	-116.5923	-116.5923	-105.6796	0.9064	49.0844	0.4218	2.8e-04	0.4812
424	-116.5802	-116.5802	-105.7881	0.9074	48.8962	0.4202	2.8e-04	0.4807
425	-116.5839	-116.5839	-104.7871	0.8988	51.0069	0.4383	2.8e-04	0.4814
426	-116.5893	-116.5893	-104.7505	0.8985	51.0855	0.4390	2.8e-04	0.4809
427	-116.5896	-116.5896	-105.6628	0.9063	49.1776	0.4226	2.8e-04	0.4810
428	-116.5993	-116.5993	-104.6828	0.8978	51.2293	0.4403	2.8e-04	0.4803
429	-116.5982	-116.5982	-104.8635	0.8994	50.8699	0.4372	2.8e-04	0.4813
430	-116.5916	-116.5916	-105.2674	0.9029	49.9941	0.4296	2.8e-04	0.4805
431	-116.5984	-116.5984	-105.1801	0.9021	50.1869	0.4312	2.8e-04	0.4814
432	-116.5907	-116.5907	-105.2606	0.9028	50.0254	0.4299	2.8e-04	0.4809
433	-116.5823	-116.5823	-105.1400	0.9019	50.2354	0.4318	2.8e-04	0.4815
434	-116.5868	-116.5868	-105.2468	0.9027	50.0472	0.4301	2.8e-04	0.4808
435	-116.5974	-116.5974	-105.3294	0.9034	49.8757	0.4286	2.8e-04	0.4813
436	-116.6038	-116.6038	-104.9197	0.8998	50.7683	0.4362	2.8e-04	0.4805
437	-116.5798	-116.5798	-106.2819	0.9117	47.8132	0.4109	2.8e-04	0.4813
438	-116.5880	-116.5880	-105.9170	0.9085	48.6265	0.4179	2.8e-04	0.4812
439	-116.5953	-116.5953	-105.4824	0.9047	49.5483	0.4258	2.8e-04	0.4813
440	-116.5901	-116.5901	-106.2886	0.9116	47.7908	0.4107	2.8e-04	0.4808
441	-116.5881	-116.5881	-105.2635	0.9029	50.0022	0.4297	2.8e-04	0.4812
442	-116.5836	-116.5836	-106.1847	0.9108	48.0338	0.4128	2.8e-04	0.4810
443	-116.5723	-116.5723	-106.5872	0.9143	47.0891	0.4047	2.8e-04	0.4813
444	-116.5884	-116.5884	-105.8493	0.9079	48.7710	0.4192	2.8e-04	0.4807
445	-116.5899	-116.5899	-105.0910	0.9014	50.3708	0.4330	2.8e-04	0.4813
446	-116.5818	-116.5818	-105.8480	0.9079	48.7650	0.4191	2.8e-04	0.4808
447	-116.6017	-116.6017	-104.5625	0.8967	51.4607	0.4423	2.8e-04	0.4811
448	-116.5854	-116.5854	-105.9238	0.9086	48.5760	0.4174	2.8e-04	0.4806
449	-116.5905	-116.5905	-106.3572	0.9122	47.6794	0.4097	2.8e-04	0.4815
450	-116.6066	-116.6066	-104.6960	0.8979	51.2286	0.4403	2.8e-04	0.4808
451	-116.5833	-116.5833	-105.4494	0.9045	49.6223	0.4265	2.8e-04	0.4812
452	-116.5941	-116.5941	-104.0409	0.8923	52.5162	0.4514	2.8e-04	0.4807
453	-116.5835	-116.5835	-105.8254	0.9077	48.8151	0.4194	2.8e-04	0.4813
454	-116.5875	-116.5875	-105.8753	0.9081	48.7027	0.4185	2.7e-04	0.4810
455	-116.5912	-116.5912	-105.0274	0.9008	50.5240	0.4342	2.7e-04	0.4820
456	-116.5993	-116.5993	-103.7664	0.8899	53.0675	0.4561	2.7e-04	0.4809
457	-116.5983	-116.5983	-104.4317	0.8957	51.7345	0.4446	2.7e-04	0.4811
458	-116.5946	-116.5946	-105.1832	0.9021	50.2164	0.4315	2.7e-04	0.4806
459	-116.6091	-116.6091	-104.4505	0.8957	51.7070	0.4443	2.7e-04	0.4818
460	-116.5816	-116.5816	-105.1069	0.9016	50.3178	0.4324	2.7e-04	0.4804
461	-116.5908	-116.5908	-105.2113	0.9024	50.1325	0.4307	2.7e-04	0.4813
462	-116.5869	-116.5869	-105.0537	0.9011	50.4632	0.4336	2.7e-04	0.4808
463	-116.5920	-116.5920	-104.4529	0.8959	51.6995	0.4443	2.7e-04	0.4814
464	-116.5951	-116.5951	-103.9426	0.8915	52.5969	0.4520	2.7e-04	0.4811
465	-116.5890	-116.5890	-105.2313	0.9026	50.0328	0.4300	2.7e-04	0.4817
466	-116.5820	-116.5820	-104.5493	0.8968	51.4602	0.4423	2.7e-04	0.4807
467	-116.5917	-116.5917	-104.1252	0.8931	52.3504	0.4499	2.7e-04	0.4816
468	-116.5917	-116.5917	-104.3373	0.8949	51.9178	0.4463	2.7e-04	0.4807
469	-116.5854	-116.5854	-104.7985	0.8989	50.9837	0.4381	2.7e-04	0.4815
470	-116.5994	-116.5994	-104.7638	0.8985	51.0788	0.4390	2.7e-04	0.4805
471	-116.5809	-116.5809	-105.7397	0.9070	49.0001	0.4211	2.7e-04	0.4815
472	-116.6092	-116.6092	-104.6831	0.8977	51.2396	0.4403	2.7e-04	0.4810
473	-116.5951	-116.5951	-105.2182	0.9024	50.0229	0.4299	2.7e-04	0.4815
474	-116.5952	-116.5952	-104.3892	0.8953	51.8363	0.4454	2.7e-04	0.4809
475	-116.6058	-116.6058	-103.6045	0.8885	53.3839	0.4588	2.7e-04	0.4812
476	-116.5978	-116.5978	-104.3657	0.8951	51.8880	0.4459	2.7e-04	0.4805
477	-116.5888	-116.5888	-104.9095	0.8998	50.7288	0.4359	2.7e-04	0.4808
478	-116.5833	-116.5833	-104.5638	0.8969	51.4186	0.4419	2.7e-04	0.4809
479	-116.5749	-116.5749	-104.8331	0.8993	50.8551	0.4370	2.7e-04	0.4815
480	-116.5850	-116.5850	-104.2468	0.8942	52.0824	0.4476	2.7e-04	0.4811
481	-116.5951	-116.5951	-103.3710	0.8866	53.7780	0.4622	2.7e-04	0.4818
482	-116.5845	-116.5845	-104.8820	0.8996	50.8118	0.4366	2.7e-04	0.4810
483	-116.5846	-116.5846	-105.1081	0.9016	50.3527	0.4326	2.7e-04	0.4811
484	-116.5884	-116.5884	-104.6505	0.8976	51.2783	0.4407	2.7e-04	0.4814
485	-116.5813	-116.5813	-104.1204	0.8931	52.3297	0.4497	2.7e-04	0.4817
486	-116.5899	-116.5899	-104.2993	0.8946	51.9880	0.4467	2.7e-04	0.4806
487	-116.5909	-116.5909	-104.4874	0.8962	51.5931	0.4433	2.7e-04	0.4814
488	-116.6014	-116.6014	-103.5467	0.8880	53.4978	0.4597	2.7e-04	0.4807
489	-116.5958	-116.5958	-103.3418	0.8863	53.8699	0.4630	2.7e-04	0.4810
490	-116.5951	-116.5951	-103.8309	0.8905	52.9128	0.4547	2.7e-04	0.4809
491	-116.5820	-116.5820	-104.5293	0.8966	51.5282	0.4427	2.7e-04	0.4815
492	-116.5744	-116.5744	-105.8189	0.9077	48.8081	0.4193	2.7e-04	0.4809
493	-116.6019	-116.6019	-104.6089	0.8971	51.3197	0.4409	2.7e-04	0.4815
494	-116.5932	-116.5932	-104.2909	0.8945	51.9885	0.4467	2.7e-04	0.4804
495	-116.6001	-116.6001	-103.4965	0.8876	53.5977	0.4606	2.7e-04	0.4812
496	-116.6056	-116.6056	-103.2256	0.8853	54.1303	0.4651	2.7e-04	0.4810
497	-116.5970	-116.5970	-103.1150	0.8844	54.2975	0.4666	2.7e-04	0.4814
498	-116.5933	-116.5933	-104.2301	0.8940	52.1539	0.4481	2.7e-04	0.4810
499	-116.5870	-116.5870	-102.9123	0.8827	54.6625	0.4698	2.7e-04	0.4814
500	-116.6069	-116.6069	-102.6617	0.8804	55.1825	0.4742	2.7e-04	0.4804
501	-116.5836	-116.5836	-104.0333	0.8923	52.5217	0.4513	2.7e-04	0.4821
502	-116.5876	-116.5876	-103.7160	0.8896	53.1326	0.4566	2.7e-04	0.4822
503	-116.5959	-116.5959	-103.5669	0.8883	53.4496	0.4593	2.7e-04	0.4815
504	-116.5912	-116.5912	-104.0660	0.8926	52.4521	0.4507	2.7e-04	0.4821
505	-116.6024	-116.6024	-102.3822	0.8780	55.6713	0.4784	2.7e-04	0.4830
506	-116.5890	-116.5890	-103.0591	0.8840	54.3991	0.4674	2.7e-04	0.4827
507	-116.5937	-116.5937	-103.8627	0.8908	52.8387	0.4540	2.7e-04	0.4821
508	-116.5930	-116.5930	-103.8407	0.8906	52.9068	0.4547	2.7e-04	0.4824
509	-116.6044	-116.6044	-102.5602	0.8796	55.3677	0.4758	2.7e-04	0.4824
510	-116.5967	-116.5967	-103.5600	0.8882	53.4668	0.4595	2.7e-04	0.4818
511	-116.6006	-116.6006	-102.4143	0.8783	55.5739	0.4776	2.7e-04	0.4825
512	-116.5798	-116.5798	-104.6059	0.8973	51.3697	0.4414	2.7e-04	0.4829
513	-116.5843	-116.5843	-104.2898	0.8945	51.9245	0.4461	2.7e-04	0.4821
514	-116.5874	-116.5874	-104.3794	0.8953	51.8361	0.4454	2.7e-04	0.4819
515	-116.5934	-116.5934	-104.0816	0.8927	52.4398	0.4507	2.7e-04	0.4822
516	-116.5747	-116.5747	-104.6627	0.8978	51.2124	0.4401	2.7e-04	0.4818
517	-116.5934	-116.5934	-103.5933	0.8885	53.3974	0.4588	2.7e-04	0.4823
518	-116.5943	-116.5943	-102.9767	0.8832	54.5768	0.4690	2.7e-04	0.4826
519	-116.5909	-116.5909	-104.5782	0.8970	51.4522	0.4421	2.7e-04	0.4821
520	-116.5956	-116.5956	-103.5301	0.8879	53.4673	0.4595	2.7e-04	0.4829
521	-116.5893	-116.5893	-103.9979	0.8920	52.5992	0.4519	2.7e-04	0.4825
522	-116.5901	-116.5901	-103.8694	0.8909	52.8609	0.4542	2.7e-04	0.4825
523	-116.6002	-116.6002	-103.5114	0.8877	53.5543	0.4602	2.7e-04	0.4829
524	-116.6071	-116.6071	-102.0772	0.8754	56.2575	0.4834	2.7e-04	0.4827
525	-116.6015	-116.6015	-102.1935	0.8764	56.0257	0.4814	2.7e-04	0.4832
526	-116.5838	-116.5838	-103.9947	0.8920	52.6111	0.4520	2.7e-04	0.4826
527	-116.5928	-116.5928	-102.0842	0.8756	56.2080	0.4830	2.7e-04	0.4826
528	-116.5955	-116.5955	-102.3347	0.8777	55.7735	0.4792	2.7e-04	0.4826
529	-116.5987	-116.5987	-101.9075	0.8740	56.5271	0.4857	2.7e-04	0.4821
530	-116.5978	-116.5978	-102.5091	0.8792	55.4447	0.4765	2.7e-04	0.4828
531	-116.5916	-116.5916	-102.6672	0.8806	55.1448	0.4739	2.7e-04	0.4823
532	-116.5879	-116.5879	-102.7900	0.8817	54.9058	0.4718	2.7e-04	0.4823
533	-116.6076	-116.6076	-102.4826	0.8789	55.4725	0.4767	2.7e-04	0.4824
534	-116.5834	-116.5834	-103.7510	0.8899	53.0321	0.4557	2.7e-04	0.4819
535	-116.5853	-116.5853	-104.0812	0.8927	52.4326	0.4506	2.7e-04	0.4835
536	-116.6012	-116.6012	-101.0592	0.8667	58.0392	0.4988	2.7e-04	0.4828
537	-116.6111	-116.6111	-101.9219	0.8740	56.5386	0.4859	2.7e-04	0.4824
538	-116.6023	-116.6023	-103.0352	0.8836	54.4739	0.4681	2.7e-04	0.4828
539	-116.6005	-116.6005	-102.0740	0.8754	56.2469	0.4834	2.7e-04	0.4829
540	-116.5996	-116.5996	-102.7333	0.8811	55.0184	0.4729	2.7e-04	0.4829
541	-116.5866	-116.5866	-104.1207	0.8931	52.3426	0.4498	2.7e-04	0.4825
542	-116.5935	-116.5935	-103.4273	0.8871	53.7007	0.4615	2.7e-04	0.4826
543	-116.5925	-116.5925	-104.2538	0.8942	52.0872	0.4476	2.7e-04	0.4826
544	-116.5861	-116.5861	-104.4373	0.8958	51.7047	0.4443	2.7e-04	0.4826
545	-116.5882	-116.5882	-103.7441	0.8898	53.0922	0.4563	2.7e-04	0.4828
546	-116.6073	-116.6073	-102.5679	0.8796	55.3020	0.4754	2.7e-04	0.4826
547	-116.5870	-116.5870	-104.2544	0.8942	52.0916	0.4476	2.7e-04	0.4824
548	-116.5828	-116.5828	-103.4744	0.8876	53.6007	0.4607	2.7e-04	0.4829
549	-116.5925	-116.5925	-103.3439	0.8864	53.8532	0.4629	2.7e-04	0.4838
550	-116.5891	-116.5891	-104.7536	0.8985	51.0614	0.4388	2.7e-04	0.4835
551	-116.5867	-116.5867	-104.0596	0.8926	52.4632	0.4509	2.7e-04	0.4834
552	-116.5858	-116.5858	-104.1011	0.8929	52.3893	0.4502	2.7e-04	0.4846
553	-116.5852	-116.5852	-103.9830	0.8919	52.5760	0.4519	2.7e-04	0.4833
554	-116.5969	-116.5969	-102.2464	0.8769	55.9050	0.4804	2.7e-04	0.4832
555	-116.6081	-116.6081	-102.7444	0.8811	55.0196	0.4729	2.7e-04	0.4837
556	-116.5956	-116.5956	-103.3573	0.8865	53.8362	0.4627	2.7e-04	0.4838
557	-116.5998	-116.5998	-102.8767	0.8823	54.7521	0.4706	2.7e-04	0.4826
558	-116.5926	-116.5926	-102.7757	0.8815	54.9324	0.4722	2.7e-04	0.4824
559	-116.6009	-116.6009	-102.9951	0.8833	54.5218	0.4685	2.7e-04	0.4827
560	-116.6006	-116.6006	-103.0221	0.8835	54.4844	0.4683	2.7e-04	0.4819
561	-116.5901	-116.5901	-104.4118	0.8955	51.7786	0.4450	2.7e-04	0.4823
562	-116.5801	-116.5801	-104.3937	0.8955	51.7809	0.4450	2.7e-04	0.4822
563	-116.5965	-116.5965	-103.3616	0.8865	53.8205	0.4626	2.7e-04	0.4821
564	-116.6034	-116.6034	-101.9027	0.8739	56.5165	0.4858	2.7e-04	0.4821
565	-116.5889	-116.5889	-103.9758	0.8918	52.6341	0.4524	2.7e-04	0.4818
566	-116.5829	-116.5829	-103.7737	0.8901	53.0199	0.4557	2.7e-04	0.4819
567	-116.5936	-116.5936	-103.0040	0.8834	54.5180	0.4685	2.7e-04	0.4824
568	-116.6048	-116.6048	-102.3130	0.8774	55.8120	0.4797	2.7e-04	0.4820
569	-116.5762	-116.5762	-105.2787	0.9031	49.9673	0.4294	2.7e-04	0.4813
570	-116.5957	-116.5957	-103.7592	0.8899	53.0743	0.4561	2.7e-04	0.4818
571	-116.5972	-116.5972	-103.5672	0.8882	53.4136	0.4591	2.7e-04	0.4823
572	-116.6048	-116.6048	-101.6295	0.8716	57.0450	0.4902	2.7e-04	0.4825
573	-116.5820	-116.5820	-103.1296	0.8846	54.2524	0.4662	2.7e-04	0.4813
574	-116.5934	-116.5934	-104.0032	0.8920	52.5854	0.4520	2.7e-04	0.4817
575	-116.6087	-116.6087	-102.4004	0.8782	55.6546	0.4784	2.7e-04	0.4812
576	-116.5936	-116.5936	-103.5103	0.8878	53.5613	0.4602	2.7e-04	0.4809
577	-116.6013	-116.6013	-103.3438	0.8863	53.8572	0.4629	2.7e-04	0.4813
578	-116.5735	-116.5735	-104.6507	0.8977	51.2615	0.4406	2.7e-04	0.4807
579	-116.6018	-116.6018	-102.9172	0.8826	54.6535	0.4697	2.7e-04	0.4814
580	-116.6042	-116.6042	-102.9277	0.8827	54.6589	0.4698	2.7e-04	0.4806
581	-116.5940	-116.5940	-103.7228	0.8896	53.1439	0.4567	2.7e-04	0.4810
582	-116.5730	-116.5730	-104.5769	0.8971	51.4032	0.4418	2.7e-04	0.4805
583	-116.5831	-116.5831	-104.4694	0.8961	51.6334	0.4438	2.7e-04	0.4815
584	-116.5861	-116.5861	-103.6290	0.8889	53.2951	0.4580	2.7e-04	0.4813
585	-116.5855	-116.5855	-103.5114	0.8879	53.5156	0.4600	2.7e-04	0.4815
586	-116.6036	-116.6036	-103.3624	0.8864	53.8533	0.4628	2.7e-04	0.4811
587	-116.5886	-116.5886	-103.5634	0.8883	53.4382	0.4593	2.7e-04	0.4812
588	-116.5891	-116.5891	-103.8307	0.8906	52.9131	0.4547	2.7e-04	0.4816
589	-116.5918	-116.5918	-103.4580	0.8874	53.6470	0.4610	2.7e-04	0.4815
590	-116.5965	-116.5965	-103.8166	0.8904	52.9700	0.4552	2.7e-04	0.4816
591	-116.5876	-116.5876	-102.5965	0.8800	55.2661	0.4750	2.7e-04	0.4814
592	-116.5923	-116.5923	-103.3754	0.8866	53.8169	0.4625	2.7e-04	0.4816
593	-116.5888	-116.5888	-101.8508	0.8736	56.6073	0.4865	2.7e-04	0.4814
594	-116.5988	-116.5988	-102.2100	0.8766	55.9904	0.4811	2.7e-04	0.4812
595	-116.6055	-116.6055	-102.1367	0.8759	56.1299	0.4824	2.7e-04	0.4817
596	-116.5870	-116.5870	-102.5655	0.8797	55.2858	0.4751	2.7e-04	0.4811
597	-116.6022	-116.6022	-101.2954	0.8687	57.6174	0.4953	2.7e-04	0.4811
598	-116.5828	-116.5828	-102.8034	0.8818	54.8348	0.4712	2.7e-04	0.4809
599	-116.5920	-116.5920	-102.4955	0.8791	55.3668	0.4759	2.7e-04	0.4817
600	-116.5840	-116.5840	-101.0831	0.8670	57.9653	0.4982	2.7e-04	0.4805
601	-116.5871	-116.5871	-102.1366	0.8761	56.0932	0.4822	2.7e-04	0.4813
602	-116.5889	-116.5889	-102.3856	0.8782	55.6667	0.4783	2.7e-04	0.4813
603	-116.5957	-116.5957	-101.1290	0.8673	57.8646	0.4973	2.7e-04	0.4816
604	-116.5941	-116.5941	-101.8926	0.8739	56.5297	0.4858	2.7e-04	0.4813
605	-116.5880	-116.5880	-101.3101	0.8690	57.5825	0.4949	2.7e-04	0.4822
606	-116.5980	-116.5980	-100.3665	0.8608	59.2091	0.5089	2.7e-04	0.4819
607	-116.5915	-116.5915	-102.2705	0.8772	55.8666	0.4802	2.7e-04	0.4813
608	-116.6167	-116.6167	-100.1584	0.8589	59.5246	0.5117	2.7e-04	0.4814
609	-116.5931	-116.5931	-102.1867	0.8764	56.0024	0.4813	2.7e-04	0.4816
610	-116.6041	-116.6041	-102.4384	0.8785	55.5729	0.4776	2.7e-04	0.4814
611	-116.5998	-116.5998	-100.9366	0.8657	58.1220	0.4995	2.7e-04	0.4813
612	-116.5948	-116.5948	-102.7941	0.8816	54.8957	0.4718	2.7e-04	0.4810
613	-116.5813	-116.5813	-104.2127	0.8939	52.0929	0.4477	2.7e-04	0.4814
614	-116.5940	-116.5940	-102.2364	0.8769	55.8827	0.4803	2.7e-04	0.4808
615	-116.5869	-116.5869	-103.4614	0.8874	53.6395	0.4610	2.7e-04	0.4816
616	-116.5946	-116.5946	-101.8222	0.8733	56.6783	0.4872	2.7e-04	0.4807
617	-116.5884	-116.5884	-101.9982	0.8749	56.3461	0.4844	2.7e-04	0.4814
618	-116.5767	-116.5767	-102.5668	0.8798	55.2660	0.4750	2.7e-04	0.4806
619	-116.6002	-116.6002	-101.5660	0.8711	57.1528	0.4912	2.7e-04	0.4813
620	-116.5906	-116.5906	-102.3985	0.8783	55.6421	0.4782	2.7e-04	0.4810
621	-116.5944	-116.5944	-102.2927	0.8773	55.8369	0.4798	2.7e-04	0.4810
622	-116.5937	-116.5937	-101.0206	0.8664	58.0848	0.4993	2.7e-04	0.4812
623	-116.6006	-116.6006	-101.5647	0.8710	57.1453	0.4911	2.7e-04	0.4815
624	-116.5885	-116.5885	-102.0812	0.8756	56.1941	0.4829	2.7e-04	0.4817
625	-116.5874	-116.5874	-103.2981	0.8860	53.9511	0.4636	2.7e-04	0.4812
626	-116.5960	-116.5960	-102.6158	0.8801	55.2483	0.4747	2.7e-04	0.4817
627	-116.6002	-116.6002	-101.3515	0.8692	57.5328	0.4944	2.7e-04	0.4815
628	-116.5849	-116.5849	-102.4174	0.8785	55.5856	0.4776	2.7e-04	0.4817
629	-116.5881	-116.5881	-102.8205	0.8819	54.8560	0.4714	2.7e-04	0.4811
630	-116.5885	-116.5885	-102.2320	0.8769	55.9269	0.4806	2.7e-04	0.4813
631	-116.5984	-116.5984	-99.9449	0.8572	59.9262	0.5150	2.7e-04	0.4814
632	-116.6026	-116.6026	-100.6258	0.8630	58.7349	0.5048	2.7e-04	0.4809
633	-116.5903	-116.5903	-101.7440	0.8727	56.8284	0.4883	2.7e-04	0.4812
634	-116.5782	-116.5782	-102.4655	0.8789	55.4865	0.4769	2.7e-04	0.4805
635	-116.5994	-116.5994	-102.0263	0.8750	56.2909	0.4838	2.7e-04	0.4812
636	-116.6006	-116.6006	-102.0959	0.8756	56.1087	0.4822	2.7e-04	0.4811
637	-116.6032	-116.6032	-99.0433	0.8494	61.3782	0.5275	2.7e-04	0.4812
638	-116.5915	-116.5915	-101.6932	0.8722	56.8719	0.4887	2.7e-04	0.4814
639	-116.5951	-116.5951	-100.7387	0.8640	58.5810	0.5035	2.7e-04	0.4816
640	-116.5847	-116.5847	-102.2841	0.8773	55.8387	0.4798	2.7e-04	0.4814
641	-116.5925	-116.5925	-102.5474	0.8795	55.3662	0.4758	2.7e-04	0.4816
642	-116.6021	-116.6021	-101.0917	0.8670	57.9190	0.4978	2.7e-04	0.4820
643	-116.5958	-116.5958	-101.1835	0.8678	57.7979	0.4967	2.7e-04	0.4821
644	-116.5997	-116.5997	-101.8969	0.8739	56.5643	0.4861	2.7e-04	0.4816
645	-116.5965	-116.5965	-101.1891	0.8679	57.8092	0.4968	2.7e-04	0.4816
646	-116.5861	-116.5861	-102.9855	0.8833	54.5410	0.4687	2.7e-04	0.4822
647	-116.5845	-116.5845	-102.5090	0.8793	55.4074	0.4761	2.7e-04	0.4809
648	-116.5961	-116.5961	-102.4051	0.8783	55.4689	0.4767	2.7e-04	0.4810
649	-116.5880	-116.5880	-102.2165	0.8767	55.9650	0.4810	2.7e-04	0.4815
650	-116.5871	-116.5871	-101.3832	0.8696	57.3833	0.4932	2.7e-04	0.4811
651	-116.5960	-116.5960	-101.6475	0.8718	56.9516	0.4894	2.7e-04	0.4816
652	-116.5907	-116.5907	-102.2804	0.8773	55.8485	0.4800	2.7e-04	0.4814
653	-116.6026	-116.6026	-101.8960	0.8739	56.5721	0.4861	2.7e-04	0.4817
654	-116.5992	-116.5992	-101.5181	0.8707	57.2230	0.4917	2.7e-04	0.4807
655	-116.5933	-116.5933	-101.2575	0.8685	57.6799	0.4957	2.7e-04	0.4811
656	-116.5814	-116.5814	-102.7194	0.8811	55.0206	0.4728	2.7e-04	0.4819
657	-116.5844	-116.5844	-100.6099	0.8630	58.7058	0.5045	2.7e-04	0.4813
658	-116.6041	-116.6041	-101.1605	0.8676	57.8651	0.4973	2.7e-04	0.4816
659	-116.5948	-116.5948	-102.6576	0.8805	55.1587	0.4740	2.7e-04	0.4811
660	-116.5953	-116.5953	-102.1336	0.8760	56.1243	0.4823	2.6e-04	0.4816
661	-116.5951	-116.5951	-101.7852	0.8730	56.6840	0.4872	2.6e-04	0.4813
662	-116.5952	-116.5952	-101.7456	0.8726	56.8287	0.4884	2.6e-04	0.4817
663	-116.6045	-116.6045	-100.4552	0.8615	59.0716	0.5077	2.6e-04	0.4814
664	-116.5863	-116.5863	-101.8030	0.8732	56.6998	0.4873	2.6e-04	0.4815
665	-116.5899	-116.5899	-101.8732	0.8738	56.5564	0.4860	2.6e-04	0.4814
666	-116.5947	-116.5947	-100.8026	0.8646	58.4608	0.5024	2.6e-04	0.4816
667	-116.5925	-116.5925	-101.9661	0.8746	56.3814	0.4846	2.6e-04	0.4849
668	-116.6003	-116.6003	-101.8035	0.8731	56.7133	0.4874	2.6e-04	0.4806
669	-116.5997	-116.5997	-102.3382	0.8777	55.7643	0.4792	2.6e-04	0.4816
670	-116.5805	-116.5805	-103.6704	0.8893	53.2107	0.4573	2.6e-04	0.4807
671	-116.5850	-116.5850	-102.4181	0.8785	55.5944	0.4777	2.6e-04	0.4810
672	-116.5886	-116.5886	-101.8201	0.8733	56.6342	0.4867	2.6e-04	0.4808
673	-116.5968	-116.5968	-101.1249	0.8673	57.8839	0.4974	2.6e-04	0.4815
674	-116.6067	-116.6067	-101.5638	0.8710	57.1567	0.4912	2.6e-04	0.4815
675	-116.5930	-116.5930	-102.5453	0.8795	55.3712	0.4759	2.6e-04	0.4823
676	-116.5889	-116.5889	-102.0449	0.8753	56.2679	0.4836	2.6e-04	0.4819
677	-116.5994	-116.5994	-101.7121	0.8723	56.8849	0.4889	2.6e-04	0.4813
678	-116.5940	-116.5940	-101.4839	0.8704	57.2828	0.4923	2.6e-04	0.4823
679	-116.6028	-116.6028	-101.5333	0.8708	57.1377	0.4911	2.6e-04	0.4830
680	-116.5912	-116.5912	-102.5312	0.8794	55.4036	0.4761	2.6e-04	0.4823
681	-116.5942	-116.5942	-100.8686	0.8651	58.3538	0.5015	2.6e-04	0.4816
682	-116.6018	-116.6018	-100.2786	0.8600	59.3720	0.5103	2.6e-04	0.4823
683	-116.5978	-116.5978	-101.7414	0.8726	56.8058	0.4882	2.6e-04	0.4815
684	-116.5888	-116.5888	-101.5569	0.8711	57.0852	0.4906	2.6e-04	0.4810
685	-116.6252	-116.6252	-99.0992	0.8497	61.3275	0.5271	2.6e-04	0.4815
686	-116.6041	-116.6041	-100.8128	0.8646	58.4652	0.5024	2.6e-04	0.4806
687	-116.5902	-116.5902	-100.5547	0.8625	58.8876	0.5061	2.6e-04	0.4819
688	-116.6155	-116.6155	-98.8053	0.8473	61.8043	0.5312	2.6e-04	0.4815
689	-116.6032	-116.6032	-98.9272	0.8484	61.5625	0.5290	2.6e-04	0.4839
690	-116.5841	-116.5841	-100.0329	0.8580	59.7618	0.5136	2.6e-04	0.4810
691	-116.5924	-116.5924	-99.9759	0.8575	59.8326	0.5142	2.6e-04	0.4813
692	-116.5823	-116.5823	-100.4574	0.8617	59.0245	0.5072	2.6e-04	0.4823
693	-116.5877	-116.5877	-99.8214	0.8562	60.1236	0.5167	2.6e-04	0.4837
694	-116.5877	-116.5877	-100.0833	0.8584	59.6879	0.5129	2.6e-04	0.4817
695	-116.5980	-116.5980	-99.6894	0.8550	60.3602	0.5187	2.6e-04	0.4814
696	-116.5918	-116.5918	-99.2035	0.8509	61.1287	0.5253	2.6e-04	0.4823
697	-116.5934	-116.5934	-98.1407	0.8417	62.8308	0.5399	2.6e-04	0.4820
698	-116.6043	-116.6043	-99.0503	0.8495	61.2404	0.5262	2.6e-04	0.4819
699	-116.5901	-116.5901	-100.3492	0.8607	59.2536	0.5091	2.6e-04	0.4820
700	-116.5948	-116.5948	-99.5273	0.8536	60.5697	0.5204	2.6e-04	0.4823
701	-116.5942	-116.5942	-98.7363	0.8468	61.8961	0.5318	2.6e-04	0.4815
702	-116.6020	-116.6020	-98.8020	0.8473	61.8035	0.5310	2.6e-04	0.4822
703	-116.5910	-116.5910	-98.6478	0.8461	61.9841	0.5326	2.6e-04	0.4820
704	-116.5871	-116.5871	-99.3287	0.8520	60.9238	0.5235	2.6e-04	0.4821
705	-116.5918	-116.5918	-99.3162	0.8518	60.9379	0.5237	2.6e-04	0.4824
706	-116.5978	-116.5978	-98.5818	0.8455	62.1426	0.5340	2.6e-04	0.4820
707	-116.5932	-116.5932	-99.9353	0.8571	59.9451	0.5151	2.6e-04	0.4823
708	-116.5999	-116.5999	-97.2405	0.8340	64.1814	0.5516	2.6e-04	0.4823
709	-116.5860	-116.5860	-98.8519	0.8479	61.6872	0.5301	2.6e-04	0.4825
710	-116.6067	-116.6067	-98.2233	0.8423	62.6398	0.5383	2.6e-04	0.4825
711	-116.5897	-116.5897	-100.2217	0.8596	59.4599	0.5109	2.6e-04	0.4829
712	-116.6022	-116.6022	-99.1899	0.8507	61.1698	0.5257	2.6e-04	0.4830
713	-116.5911	-116.5911	-100.1098	0.8586	59.6449	0.5125	2.6e-04	0.4827
714	-116.5839	-116.5839	-99.3275	0.8520	60.9131	0.5235	2.6e-04	0.4828
715	-116.5867	-116.5867	-99.9236	0.8571	59.9481	0.5152	2.6e-04	0.4833
716	-116.5857	-116.5857	-100.1004	0.8586	59.6487	0.5125	2.6e-04	0.4827
717	-116.5973	-116.5973	-98.6657	0.8462	61.9009	0.5319	2.6e-04	0.4829
718	-116.6018	-116.6018	-99.4364	0.8528	60.7702	0.5221	2.6e-04	0.4832
719	-116.5976	-116.5976	-99.8341	0.8562	60.0561	0.5160	2.6e-04	0.4829
720	-116.5966	-116.5966	-98.5698	0.8454	62.1360	0.5340	2.6e-04	0.4826
721	-116.6130	-116.6130	-99.0374	0.8493	61.3764	0.5275	2.6e-04	0.4828
722	-116.6006	-116.6006	-99.3274	0.8519	60.9266	0.5236	2.6e-04	0.4819
723	-116.6071	-116.6071	-99.4246	0.8526	60.7917	0.5224	2.6e-04	0.4821
724	-116.6122	-116.6122	-98.9381	0.8484	61.5903	0.5293	2.6e-04	0.4819
725	-116.5864	-116.5864	-100.6876	0.8636	58.6717	0.5041	2.6e-04	0.4823
726	-116.5982	-116.5982	-99.1962	0.8508	61.1505	0.5255	2.6e-04	0.4825
727	-116.6019	-116.6019	-99.0287	0.8493	61.4178	0.5279	2.6e-04	0.4825
728	-116.6066	-116.6066	-99.1492	0.8503	61.2212	0.5262	2.6e-04	0.4826
729	-116.6076	-116.6076	-98.8257	0.8475	61.7370	0.5306	2.6e-04	0.4833
730	-116.5950	-116.5950	-99.7167	0.8552	60.1905	0.5173	2.6e-04	0.4835
731	-116.5925	-116.5925	-98.8843	0.8481	61.6458	0.5297	2.6e-04	0.4837
732	-116.5911	-116.5911	-100.6634	0.8634	58.7135	0.5045	2.6e-04	0.4831
733	-116.5957	-116.5957	-99.9744	0.8574	59.8076	0.5139	2.6e-04	0.4832
734	-116.5876	-116.5876	-99.4464	0.8530	60.7306	0.5220	2.6e-04	0.4833
735	-116.5999	-116.5999	-99.5108	0.8534	60.6384	0.5212	2.6e-04	0.4828
736	-116.5928	-116.5928	-100.3478	0.8607	59.1756	0.5086	2.6e-04	0.4836
737	-116.5966	-116.5966	-101.1254	0.8673	57.9097	0.4977	2.6e-04	0.4821
738	-116.6019	-116.6019	-100.5194	0.8621	58.9679	0.5068	2.6e-04	0.4819
739	-116.5892	-116.5892	-98.4910	0.8448	62.2460	0.5350	2.6e-04	0.4821
740	-116.5904	-116.5904	-100.7834	0.8644	58.4760	0.5026	2.6e-04	0.4818
741	-116.6065	-116.6065	-99.7941	0.8558	60.1834	0.5172	2.6e-04	0.4818
742	-116.5914	-116.5914	-101.7933	0.8731	56.7042	0.4873	2.6e-04	0.4814
743	-116.5787	-116.5787	-100.9762	0.8662	58.1553	0.4997	2.6e-04	0.4821
744	-116.5939	-116.5939	-100.0007	0.8577	59.7071	0.5132	2.6e-04	0.4815
745	-116.5855	-116.5855	-100.7291	0.8640	58.5816	0.5034	2.6e-04	0.4826
746	-116.5883	-116.5883	-100.7032	0.8638	58.6281	0.5039	2.6e-04	0.4822
747	-116.6071	-116.6071	-100.9973	0.8661	58.1486	0.4998	2.6e-04	0.4821
748	-116.6019	-116.6019	-99.6897	0.8550	60.3478	0.5187	2.6e-04	0.4817
749	-116.5913	-116.5913	-100.7872	0.8644	58.4908	0.5027	2.6e-04	0.4813
750	-116.5996	-116.5996	-100.9003	0.8654	58.2995	0.5009	2.6e-04	0.4815
751	-116.5975	-116.5975	-100.9855	0.8661	58.1628	0.4999	2.6e-04	0.4814
752	-116.5977	-116.5977	-101.2194	0.8681	57.6942	0.4959	2.6e-04	0.4814
753	-116.6007	-116.6007	-100.2134	0.8595	59.4823	0.5112	2.6e-04	0.4812
754	-116.5864	-116.5864	-101.1116	0.8673	57.8381	0.4971	2.6e-04	0.4814
755	-116.5911	-116.5911	-101.0177	0.8664	58.0777	0.4992	2.6e-04	0.4811
756	-116.5852	-116.5852	-101.5523	0.8711	57.1518	0.4911	2.6e-04	0.4813
757	-116.5917	-116.5917	-100.7646	0.8643	58.4978	0.5028	2.6e-04	0.4812
758	-116.5802	-116.5802	-99.9670	0.8575	59.8357	0.5143	2.6e-04	0.4808
759	-116.6012	-116.6012	-100.6366	0.8631	58.7377	0.5049	2.6e-04	0.4812
760	-116.5994	-116.5994	-101.5311	0.8708	57.1996	0.4917	2.6e-04	0.4806
761	-116.6055	-116.6055	-101.5178	0.8706	57.2414	0.4920	2.6e-04	0.4815
762	-116.5744	-116.5744	-101.4246	0.8700	57.3377	0.4928	2.6e-04	0.4808
763	-116.5929	-116.5929	-101.3664	0.8694	57.4698	0.4939	2.6e-04	0.4812
764	-116.6001	-116.6001	-100.8396	0.8648	58.4016	0.5020	2.6e-04	0.4813
765	-116.5884	-116.5884	-101.8780	0.8738	56.5650	0.4861	2.6e-04	0.4815
766	-116.5884	-116.5884	-101.8545	0.8736	56.6019	0.4865	2.6e-04	0.4815
767	-116.5825	-116.5825	-101.4429	0.8701	57.3117	0.4926	2.6e-04	0.4815
768	-116.5916	-116.5916	-101.0774	0.8669	57.8465	0.4973	2.6e-04	0.4817
769	-116.5841	-116.5841	-99.7392	0.8555	60.2151	0.5176	2.6e-04	0.4817
770	-116.5814	-116.5814	-101.0683	0.8669	57.9873	0.4984	2.6e-04	0.4816
771	-116.5954	-116.5954	-100.9331	0.8657	58.2326	0.5005	2.6e-04	0.4814
772	-116.5879	-116.5879	-101.3384	0.8692	57.5285	0.4944	2.6e-04	0.4816
773	-116.5875	-116.5875	-101.3077	0.8689	57.5793	0.4949	2.6e-04	0.4811
774	-116.5828	-116.5828	-102.2411	0.8770	55.8847	0.4802	2.6e-04	0.4810
775	-116.6026	-116.6026	-99.8435	0.8563	60.0711	0.5164	2.6e-04	0.4814
776	-116.5939	-116.5939	-101.3957	0.8696	57.4382	0.4936	2.6e-04	0.4806
777	-116.6049	-116.6049	-99.7585	0.8555	60.2346	0.5177	2.6e-04	0.4810
778	-116.5811	-116.5811	-101.7105	0.8724	56.8664	0.4887	2.6e-04	0.4806
779	-116.6082	-116.6082	-101.0796	0.8668	57.9872	0.4984	2.6e-04	0.4811
780	-116.5900	-116.5900	-101.5368	0.8709	57.1659	0.4913	2.6e-04	0.4809
781	-116.5895	-116.5895	-101.1039	0.8672	57.9243	0.4978	2.6e-04	0.4814
782	-116.5968	-116.5968	-100.3107	0.8603	59.3063	0.5097	2.6e-04	0.4809
783	-116.6017	-116.6017	-100.4378	0.8614	59.0440	0.5075	2.6e-04	0.4811
784	-116.6103	-116.6103	-99.4011	0.8524	60.8227	0.5228	2.6e-04	0.4818
785	-116.5898	-116.5898	-100.7695	0.8643	58.5238	0.5029	2.6e-04	0.4812
786	-116.6114	-116.6114	-99.9617	0.8572	59.8708	0.5146	2.6e-04	0.4817
787	-116.6059	-116.6059	-99.1465	0.8503	61.2283	0.5263	2.6e-04	0.4818
788	-116.5930	-116.5930	-101.4366	0.8700	57.3120	0.4926	2.6e-04	0.4812
789	-116.6096	-116.6096	-100.7860	0.8643	58.4737	0.5027	2.6e-04	0.4816
790	-116.6110	-116.6110	-101.0772	0.8668	58.0114	0.4987	2.6e-04	0.4821
791	-116.6151	-116.6151	-99.8995	0.8567	59.9838	0.5157	2.6e-04	0.4815
792	-116.6055	-116.6055	-101.4154	0.8697	57.3959	0.4934	2.6e-04	0.4811
793	-116.5958	-116.5958	-100.8515	0.8650	58.3635	0.5017	2.6e-04	0.4814
794	-116.5916	-116.5916	-99.9799	0.8575	59.8427	0.5144	2.6e-04	0.4810
795	-116.6105	-116.6105	-99.8359	0.8561	60.1185	0.5167	2.6e-04	0.4811
796	-116.5792	-116.5792	-101.4833	0.8705	57.1427	0.4913	2.6e-04	0.4805
797	-116.5959	-116.5959	-100.9554	0.8659	58.0965	0.4995	2.6e-04	0.4813
798	-116.5929	-116.5929	-100.9892	0.8662	58.1314	0.4996	2.6e-04	0.4806
799	-116.5955	-116.5955	-100.3792	0.8609	59.1636	0.5085	2.6e-04	0.4812
800	-116.6022	-116.6022	-99.8110	0.8560	60.1481	0.5170	2.6e-04	0.4810
801	-116.6089	-116.6089	-98.7581	0.8469	61.8538	0.5316	2.6e-04	0.4814
802	-116.5977	-116.5977	-100.5413	0.8623	58.9186	0.5064	2.6e-04	0.4813
803	-116.5985	-116.5985	-100.7579	0.8641	58.5417	0.5031	2.6e-04	0.4811
804	-116.6043	-116.6043	-99.6620	0.8547	60.3964	0.5191	2.6e-04	0.4819
805	-116.5837	-116.5837	-99.4292	0.8529	60.7303	0.5220	2.6e-04	0.4813
806	-116.6025	-116.6025	-98.4892	0.8447	62.2772	0.5352	2.6e-04	0.4814
807	-116.5852	-116.5852	-99.0490	0.8496	61.3551	0.5274	2.6e-04	0.4811
808	-116.5872	-116.5872	-99.8086	0.8561	60.1205	0.5167	2.6e-04	0.4815
809	-116.6056	-116.6056	-98.6212	0.8458	62.0765	0.5334	2.6e-04	0.4811
810	-116.5835	-116.5835	-98.8043	0.8475	61.6325	0.5298	2.6e-04	0.4811
811	-116.5990	-116.5990	-99.0477	0.8495	61.3997	0.5276	2.6e-04	0.4809
812	-116.6059	-116.6059	-98.7336	0.8467	61.8650	0.5317	2.6e-04	0.4807
813	-116.5970	-116.5970	-99.4027	0.8525	60.7887	0.5225	2.6e-04	0.4811
814	-116.6148	-116.6148	-99.0077	0.8490	61.4758	0.5283	2.6e-04	0.4808
815	-116.6080	-116.6080	-97.6456	0.8374	63.3189	0.5442	2.6e-04	0.4814
816	-116.5866	-116.5866	-99.8396	0.8564	60.0463	0.5160	2.6e-04	0.4806
817	-116.5910	-116.5910	-97.0955	0.8328	64.3608	0.5532	2.6e-04	0.4810
818	-116.5964	-116.5964	-96.9207	0.8312	64.6713	0.5559	2.6e-04	0.4811
819	-116.5932	-116.5932	-98.2477	0.8427	62.6532	0.5384	2.6e-04	0.4814
820	-116.6069	-116.6069	-97.8787	0.8394	63.2318	0.5435	2.6e-04	0.4818
821	-116.5920	-116.5920	-97.2818	0.8344	64.0815	0.5508	2.6e-04	0.4812
822	-116.5937	-116.5937	-97.9570	0.8402	63.0926	0.5423	2.6e-04	0.4816
823	-116.5968	-116.5968	-98.1658	0.8419	62.7867	0.5396	2.6e-04	0.4815
824	-116.5973	-116.5973	-97.8184	0.8389	63.2986	0.5441	2.6e-04	0.4817
825	-116.5959	-116.5959	-97.4509	0.8358	63.8798	0.5490	2.6e-04	0.4814
826	-116.5778	-116.5778	-97.1056	0.8330	64.3642	0.5533	2.6e-04	0.4815
827	-116.5910	-116.5910	-97.7374	0.8383	63.4252	0.5451	2.6e-04	0.4811
828	-116.5879	-116.5879	-98.2205	0.8425	62.6606	0.5386	2.6e-04	0.4809
829	-116.5948	-116.5948	-97.4972	0.8362	63.7878	0.5482	2.6e-04	0.4817
830	-116.5857	-116.5857	-97.8238	0.8391	63.2882	0.5440	2.6e-04	0.4810
831	-116.6001	-116.6001	-96.5972	0.8284	65.0331	0.5589	2.6e-04	0.4812
832	-116.6004	-116.6004	-94.9207	0.8141	67.5734	0.5808	2.6e-04	0.4815
833	-116.6008	-116.6008	-96.9994	0.8319	64.5387	0.5547	2.6e-04	0.4817
834	-116.5780	-116.5780	-97.5933	0.8372	63.6211	0.5467	2.6e-04	0.4818
835	-116.5909	-116.5909	-97.9108	0.8398	63.1291	0.5426	2.6e-04	0.4812
836	-116.5988	-116.5988	-96.2120	0.8252	65.7280	0.5649	2.6e-04	0.4811
837	-116.5962	-116.5962	-96.4046	0.8268	65.4508	0.5625	2.6e-04	0.4815
838	-116.6056	-116.6056	-96.7825	0.8300	64.9037	0.5577	2.6e-04	0.4814
839	-116.6066	-116.6066	-96.3779	0.8265	65.4983	0.5629	2.6e-04	0.4819
840	-116.5839	-116.5839	-96.2897	0.8259	65.5892	0.5637	2.6e-04	0.4817
841	-116.5836	-116.5836	-96.8800	0.8310	64.6198	0.5554	2.6e-04	0.4813
842	-116.5926	-116.5926	-95.0123	0.8149	67.3672	0.5789	2.6e-04	0.4816
843	-116.6136	-116.6136	-93.5784	0.8025	69.4355	0.5967	2.6e-04	0.4823
844	-116.5804	-116.5804	-96.3847	0.8268	65.4514	0.5625	2.6e-04	0.4817
845	-116.5827	-116.5827	-95.5878	0.8199	66.5926	0.5721	2.6e-04	0.4816
846	-116.5861	-116.5861	-95.7269	0.8211	66.4271	0.5707	2.6e-04	0.4816
847	-116.6057	-116.6057	-93.9437	0.8057	68.9304	0.5923	2.6e-04	0.4816
848	-116.5969	-116.5969	-95.0915	0.8156	67.3455	0.5786	2.6e-04	0.4807
849	-116.5897	-116.5897	-95.9569	0.8230	66.1066	0.5680	2.6e-04	0.4812
850	-116.6055	-116.6055	-93.0440	0.7979	70.1185	0.6026	2.6e-04	0.4816
851	-116.5894	-116.5894	-94.1742	0.8077	68.5982	0.5893	2.6e-04	0.4815
852	-116.5865	-116.5865	-95.6797	0.8207	66.4955	0.5712	2.6e-04	0.4807
853	-116.5964	-116.5964	-93.5392	0.8022	69.4429	0.5968	2.6e-04	0.4812
854	-116.6000	-116.6000	-93.7631	0.8041	69.1790	0.5944	2.6e-04	0.4813
855	-116.5866	-116.5866	-95.6069	0.8201	66.5596	0.5719	2.6e-04	0.4821
856	-116.5890	-116.5890	-93.3746	0.8009	69.6222	0.5983	2.6e-04	0.4816
857	-116.5860	-116.5860	-93.7727	0.8043	69.1194	0.5938	2.6e-04	0.4816
858	-116.5971	-116.5971	-93.8118	0.8046	69.0634	0.5934	2.6e-04	0.4825
859	-116.5882	-116.5882	-93.4907	0.8019	69.5422	0.5975	2.6e-04	0.4824
860	-116.6160	-116.6160	-90.7108	0.7779	73.1487	0.6284	2.6e-04	0.4822
861	-116.6014	-116.6014	-95.0540	0.8152	67.3487	0.5786	2.6e-04	0.4824
862	-116.6050	-116.6050	-93.3182	0.8003	69.7879	0.5996	2.6e-04	0.4826
863	-116.6149	-116.6149	-92.2209	0.7908	71.2424	0.6120	2.6e-04	0.4825
864	-116.6261	-116.6261	-92.2067	0.7906	71.2717	0.6123	2.6e-04	0.4819
865	-116.5941	-116.5941	-93.8964	0.8053	69.0157	0.5928	2.6e-04	0.4819
866	-116.6103	-116.6103	-92.8347	0.7961	70.4083	0.6048	2.6e-04	0.4820
867	-116.5993	-116.5993	-92.1183	0.7900	71.3381	0.6129	2.6e-04	0.4817
868	-116.5848	-116.5848	-93.0714	0.7983	70.0927	0.6021	2.6e-04	0.4819
869	-116.5830	-116.5830	-93.4308	0.8014	69.5272	0.5972	2.6e-04	0.4820
870	-116.5931	-116.5931	-93.5165	0.8021	69.5211	0.5971	2.6e-04	0.4818
871	-116.5941	-116.5941	-92.8342	0.7962	70.4184	0.6048	2.6e-04	0.4821
872	-116.6313	-116.6313	-90.4803	0.7758	73.4373	0.6310	2.6e-04	0.4820
873	-116.6134	-116.6134	-91.6057	0.7856	72.0266	0.6188	2.6e-04	0.4827
874	-116.6036	-116.6036	-91.4903	0.7846	72.1328	0.6198	2.6e-04	0.4827
875	-116.6250	-116.6250	-91.3461	0.7832	72.3668	0.6217	2.6e-04	0.4825
876	-116.5990	-116.5990	-90.1936	0.7735	73.7705	0.6338	2.6e-04	0.4827
877	-116.5800	-116.5800	-93.1379	0.7989	69.9967	0.6013	2.6e-04	0.4829
878	-116.5909	-116.5909	-91.5894	0.7856	72.0214	0.6188	2.6e-04	0.4828
879	-116.5830	-116.5830	-91.4057	0.7840	72.2219	0.6205	2.6e-04	0.4833
880	-116.6031	-116.6031	-90.5357	0.7764	73.3121	0.6298	2.6e-04	0.4832
881	-116.5978	-116.5978	-92.8446	0.7963	70.4230	0.6049	2.6e-04	0.4831
882	-116.5975	-116.5975	-90.7049	0.7779	73.1426	0.6283	2.5e-04	0.4827
883	-116.5886	-116.5886	-90.9789	0.7803	72.7510	0.6250	2.5e-04	0.4825
884	-116.6055	-116.6055	-92.4264	0.7926	70.9764	0.6097	2.5e-04	0.4822
885	-116.6050	-116.6050	-89.4830	0.7674	74.5786	0.6407	2.5e-04	0.4827
886	-116.6073	-116.6073	-90.3421	0.7748	73.5983	0.6322	2.5e-04	0.4829
887	-116.5867	-116.5867	-92.8202	0.7961	70.4217	0.6050	2.5e-04	0.4833
888	-116.5913	-116.5913	-90.6814	0.7778	73.1530	0.6284	2.5e-04	0.4824
889	-116.5963	-116.5963	-90.8834	0.7795	72.8934	0.6262	2.5e-04	0.4861
890	-116.5941	-116.5941	-93.1986	0.7993	69.9434	0.6009	2.5e-04	0.4825
891	-116.5908	-116.5908	-91.1924	0.7822	72.5266	0.6231	2.5e-04	0.4824
892	-116.5803	-116.5803	-91.5413	0.7852	71.9745	0.6183	2.5e-04	0.4824
893	-116.6142	-116.6142	-89.8761	0.7707	74.1773	0.6372	2.5e-04	0.4832
894	-116.6073	-116.6073	-90.2582	0.7740	73.6656	0.6329	2.5e-04	0.4831
895	-116.6017	-116.6017	-91.1086	0.7814	72.5862	0.6235	2.5e-04	0.4832
896	-116.5953	-116.5953	-90.8763	0.7794	72.9190	0.6265	2.5e-04	0.4831
897	-116.6026	-116.6026	-89.5730	0.7682	74.5118	0.6402	2.5e-04	0.4831
898	-116.5792	-116.5792	-90.7674	0.7786	73.0327	0.6274	2.5e-04	0.4833
899	-116.5953	-116.5953	-90.0341	0.7722	73.9550	0.6353	2.5e-04	0.4825
900	-116.5806	-116.5806	-89.9007	0.7711	74.1036	0.6366	2.5e-04	0.4827
901	-116.6118	-116.6118	-88.8031	0.7615	75.4197	0.6479	2.5e-04	0.4830
902	-116.6145	-116.6145	-89.0248	0.7634	75.1854	0.6459	2.5e-04	0.4821
903	-116.6104	-116.6104	-88.8785	0.7622	75.3578	0.6474	2.5e-04	0.4824
904	-116.6115	-116.6115	-89.0148	0.7633	75.1769	0.6459	2.5e-04	0.4825
905	-116.5922	-116.5922	-88.1721	0.7562	76.1510	0.6543	2.5e-04	0.4825
906	-116.5950	-116.5950	-90.2399	0.7740	73.7142	0.6332	2.5e-04	0.4824
907	-116.5876	-116.5876	-89.8678	0.7708	74.1521	0.6370	2.5e-04	0.4826
908	-116.5921	-116.5921	-87.1287	0.7473	77.3369	0.6643	2.5e-04	0.4826
909	-116.6008	-116.6008	-88.2408	0.7568	76.0007	0.6529	2.5e-04	0.4827
910	-116.6096	-116.6096	-88.5011	0.7590	75.7946	0.6511	2.5e-04	0.4833
911	-116.5922	-116.5922	-90.6166	0.7772	73.2406	0.6292	2.5e-04	0.4827
912	-116.5931	-116.5931	-89.2708	0.7657	74.8539	0.6432	2.5e-04	0.4826
913	-116.5941	-116.5941	-88.8107	0.7617	75.4052	0.6479	2.5e-04	0.4823
914	-116.5948	-116.5948	-88.9574	0.7630	75.2060	0.6462	2.5e-04	0.4825
915	-116.6091	-116.6091	-88.1482	0.7559	76.1933	0.6544	2.5e-04	0.4824
916	-116.5931	-116.5931	-91.0642	0.7810	72.6914	0.6245	2.5e-04	0.4821
917	-116.6178	-116.6178	-88.3369	0.7575	75.9785	0.6528	2.5e-04	0.4821
918	-116.6094	-116.6094	-87.6503	0.7517	76.7712	0.6595	2.5e-04	0.4815
919	-116.5780	-116.5780	-90.8727	0.7795	72.9050	0.6264	2.5e-04	0.4822
920	-116.6054	-116.6054	-90.2397	0.7739	73.7147	0.6333	2.5e-04	0.4813
921	-116.5796	-116.5796	-88.6824	0.7607	75.5606	0.6491	2.5e-04	0.4811
922	-116.5981	-116.5981	-89.8470	0.7706	74.1671	0.6372	2.5e-04	0.4806
923	-116.5851	-116.5851	-89.2196	0.7653	74.9304	0.6436	2.5e-04	0.4814
924	-116.6126	-116.6126	-87.9004	0.7538	76.4766	0.6570	2.5e-04	0.4811
925	-116.5977	-116.5977	-88.8237	0.7618	75.3944	0.6478	2.5e-04	0.4809
926	-116.5924	-116.5924	-90.1576	0.7733	73.7943	0.6340	2.5e-04	0.4811
927	-116.6030	-116.6030	-90.1282	0.7729	73.8592	0.6345	2.5e-04	0.4813
928	-116.5969	-116.5969	-89.0030	0.7633	75.1490	0.6455	2.5e-04	0.4821
929	-116.5853	-116.5853	-91.2267	0.7825	72.4602	0.6225	2.5e-04	0.4814
930	-116.5982	-116.5982	-89.1163	0.7643	75.0567	0.6449	2.5e-04	0.4819
931	-116.5904	-116.5904	-88.9896	0.7633	75.2016	0.6458	2.5e-04	0.4815
932	-116.6036	-116.6036	-89.9753	0.7716	74.0406	0.6361	2.5e-04	0.4817
933	-116.5906	-116.5906	-89.8220	0.7704	74.1942	0.6373	2.5e-04	0.4821
934	-116.5797	-116.5797	-90.2478	0.7741	73.6864	0.6330	2.5e-04	0.4822
935	-116.5931	-116.5931	-90.2788	0.7743	73.6757	0.6328	2.5e-04	0.4817
936	-116.5984	-116.5984	-87.7676	0.7527	76.6164	0.6583	2.5e-04	0.4809
937	-116.5968	-116.5968	-88.7569	0.7612	75.4575	0.6482	2.5e-04	0.4814
938	-116.6048	-116.6048	-88.4677	0.7587	75.6132	0.6494	2.5e-04	0.4810
939	-116.6056	-116.6056	-87.7418	0.7525	76.6359	0.6583	2.5e-04	0.4814
940	-116.5976	-116.5976	-89.5370	0.7679	74.5063	0.6401	2.5e-04	0.4808
941	-116.5922	-116.5922	-89.0606	0.7639	75.1127	0.6453	2.5e-04	0.4812
942	-116.5805	-116.5805	-89.9374	0.7715	74.0688	0.6363	2.5e-04	0.4809
943	-116.5922	-116.5922	-90.4198	0.7755	73.4906	0.6313	2.5e-04	0.4814
944	-116.6015	-116.6015	-88.1843	0.7563	76.1460	0.6541	2.5e-04	0.4812
945	-116.6051	-116.6051	-87.2152	0.7480	77.2601	0.6637	2.5e-04	0.4814
946	-116.6071	-116.6071	-89.2420	0.7653	74.9182	0.6436	2.5e-04	0.4813
947	-116.5987	-116.5987	-88.4808	0.7588	75.7995	0.6511	2.5e-04	0.4814
948	-116.5928	-116.5928	-88.2619	0.7570	76.0205	0.6530	2.5e-04	0.4815
949	-116.6079	-116.6079	-88.7332	0.7610	75.5192	0.6488	2.5e-04	0.4815
950	-116.6060	-116.6060	-89.2165	0.7651	74.9139	0.6435	2.5e-04	0.4816
951	-116.5801	-116.5801	-88.5536	0.7596	75.6927	0.6502	2.5e-04	0.4815
952	-116.5930	-116.5930	-88.5889	0.7598	75.5939	0.6494	2.5e-04	0.4816
953	-116.6061	-116.6061	-87.9169	0.7540	76.3806	0.6561	2.5e-04	0.4811
954	-116.6090	-116.6090	-87.5125	0.7505	76.9074	0.6607	2.5e-04	0.4811
955	-116.5980	-116.5980	-85.5860	0.7340	79.0427	0.6790	2.5e-04	0.4815
956	-116.5958	-116.5958	-87.7430	0.7525	76.6498	0.6584	2.5e-04	0.4808
957	-116.6051	-116.6051	-86.2317	0.7395	78.3360	0.6729	2.5e-04	0.4811
958	-116.6119	-116.6119	-86.0035	0.7375	78.6217	0.6753	2.5e-04	0.4807
959	-116.5990	-116.5990	-87.1429	0.7474	77.2935	0.6639	2.5e-04	0.4813
960	-116.5966	-116.5966	-87.2013	0.7479	77.2846	0.6637	2.5e-04	0.4807
961	-116.5846	-116.5846	-88.6951	0.7608	75.5605	0.6490	2.5e-04	0.4812
962	-116.6040	-116.6040	-87.0535	0.7466	77.4553	0.6652	2.5e-04	0.4815
963	-116.6210	-116.6210	-85.5126	0.7333	79.1428	0.6798	2.5e-04	0.4816
964	-116.6001	-116.6001	-87.1819	0.7477	77.2620	0.6636	2.5e-04	0.4813
965	-116.5865	-116.5865	-86.2802	0.7401	78.2970	0.6725	2.5e-04	0.4815
966	-116.6144	-116.6144	-85.9664	0.7372	78.6386	0.6754	2.5e-04	0.4815
967	-116.5849	-116.5849	-87.5704	0.7511	76.8314	0.6598	2.5e-04	0.4818
968	-116.5878	-116.5878	-86.6796	0.7435	77.8548	0.6687	2.5e-04	0.4816
969	-116.5846	-116.5846	-88.6037	0.7600	75.6730	0.6499	2.5e-04	0.4816
970	-116.5728	-116.5728	-87.0515	0.7468	77.4045	0.6648	2.5e-04	0.4823
971	-116.5918	-116.5918	-84.3602	0.7236	80.3490	0.6901	2.5e-04	0.4819
972	-116.5815	-116.5815	-88.3626	0.7579	75.9435	0.6522	2.5e-04	0.4809
973	-116.5831	-116.5831	-87.3903	0.7496	77.0645	0.6619	2.5e-04	0.4815
974	-116.5959	-116.5959	-86.6975	0.7436	77.8444	0.6686	2.5e-04	0.4812
975	-116.5858	-116.5858	-86.6882	0.7436	77.7902	0.6680	2.5e-04	0.4813
976	-116.5849	-116.5849	-87.0854	0.7470	77.3750	0.6644	2.5e-04	0.4807
977	-116.5897	-116.5897	-85.9798	0.7375	78.6428	0.6753	2.5e-04	0.4817
978	-116.6156	-116.6156	-85.6821	0.7347	78.9871	0.6783	2.5e-04	0.4809
979	-116.5827	-116.5827	-85.4955	0.7333	78.9978	0.6785	2.5e-04	0.4814
980	-116.5763	-116.5763	-85.9810	0.7376	78.6274	0.6753	2.5e-04	0.4815
981	-116.5919	-116.5919	-85.4822	0.7332	79.0988	0.6793	2.5e-04	0.4819
982	-116.6043	-116.6043	-84.1479	0.7217	80.6026	0.6922	2.5e-04	0.4817
983	-116.5943	-116.5943	-84.5500	0.7252	80.1682	0.6885	2.5e-04	0.4814
984	-116.6024	-116.6024	-83.3568	0.7149	81.4222	0.6992	2.5e-04	0.4816
985	-116.6058	-116.6058	-84.2786	0.7228	80.4015	0.6905	2.5e-04	0.4814
986	-116.5929	-116.5929	-84.4501	0.7243	80.2823	0.6895	2.5e-04	0.4816
987	-116.5860	-116.5860	-84.8060	0.7274	79.9095	0.6862	2.5e-04	0.4813
988	-116.5948	-116.5948	-84.3640	0.7236	80.3268	0.6898	2.5e-04	0.4817
989	-116.5949	-116.5950	-81.5810	0.6997	83.1883	0.7144	2.5e-04	0.4815
990	-116.5875	-116.5875	-83.6668	0.7176	81.0901	0.6964	2.5e-04	0.4814
991	-116.5872	-116.5872	-83.5941	0.7170	81.1413	0.6968	2.5e-04	0.4811
992	-116.6004	-116.6004	-84.9330	0.7284	79.7271	0.6848	2.5e-04	0.4811
993	-116.6094	-116.6094	-85.3253	0.7317	79.3608	0.6816	2.5e-04	0.4816
994	-116.5780	-116.5780	-86.1090	0.7386	78.4802	0.6740	2.5e-04	0.4808
995	-116.5820	-116.5820	-87.6587	0.7519	76.7426	0.6590	2.5e-04	0.4813
996	-116.6087	-116.6087	-86.5200	0.7420	78.0628	0.6703	2.5e-04	0.4807
997	-116.5891	-116.5891	-88.5905	0.7599	75.6624	0.6497	2.5e-04	0.4813
998	-116.6031	-116.6031	-87.1931	0.7478	77.3170	0.6639	2.5e-04	0.4810
999	-116.6028	-116.6028	-88.6098	0.7599	75.6885	0.6500	2.5e-04	0.4812
1000	-116.5978	-116.5978	-87.6968	0.7521	76.6504	0.6583	2.5e-04	0.4815
1001	-116.6020	-116.6020	-88.7022	0.7607	75.4945	0.6484	2.5e-04	0.4811
1002	-116.5836	-116.5836	-90.7574	0.7785	73.0817	0.6277	2.5e-04	0.4806
1003	-116.5985	-116.5985	-87.6537	0.7518	76.7733	0.6593	2.5e-04	0.4813
1004	-116.6076	-116.6076	-90.1377	0.7730	73.8351	0.6341	2.5e-04	0.4807
1005	-116.6036	-116.6036	-87.6185	0.7514	76.8045	0.6597	2.5e-04	0.4811
1006	-116.5939	-116.5939	-88.2530	0.7569	75.9779	0.6526	2.5e-04	0.4803
1007	-116.6084	-116.6084	-87.5894	0.7511	76.8631	0.6601	2.5e-04	0.4811
1008	-116.5806	-116.5806	-88.8466	0.7621	75.3656	0.6473	2.5e-04	0.4807
1009	-116.6102	-116.6102	-87.3257	0.7489	77.1329	0.6625	2.5e-04	0.4816
1010	-116.6067	-116.6067	-88.8591	0.7620	75.3973	0.6475	2.5e-04	0.4813
1011	-116.6036	-116.6036	-88.5943	0.7598	75.6910	0.6501	2.5e-04	0.4816
1012	-116.5837	-116.5837	-88.4469	0.7587	75.8228	0.6513	2.5e-04	0.4819
1013	-116.5892	-116.5892	-87.4225	0.7498	76.9862	0.6614	2.5e-04	0.4815
1014	-116.5894	-116.5894	-87.6436	0.7517	76.7834	0.6595	2.5e-04	0.4818
1015	-116.6020	-116.6020	-87.0780	0.7468	77.4198	0.6650	2.5e-04	0.4812
1016	-116.5862	-116.5862	-87.3846	0.7495	77.0671	0.6619	2.5e-04	0.4813
1017	-116.6120	-116.6120	-86.2156	0.7393	78.3751	0.6731	2.5e-04	0.4814
1018	-116.5957	-116.5957	-88.1676	0.7562	76.1616	0.6542	2.5e-04	0.4826
1019	-116.5844	-116.5844	-87.6172	0.7515	76.7738	0.6594	2.5e-04	0.4810
1020	-116.5999	-116.5999	-87.7619	0.7527	76.6602	0.6584	2.5e-04	0.4817
1021	-116.5958	-116.5958	-88.1585	0.7561	75.9845	0.6527	2.5e-04	0.4823
1022	-116.5926	-116.5926	-88.1242	0.7558	76.2421	0.6547	2.5e-04	0.4818
1023	-116.5852	-116.5852	-86.5688	0.7425	77.9135	0.6693	2.5e-04	0.4813
1024	-116.5747	-116.5747	-88.0524	0.7553	76.2608	0.6551	2.5e-04	0.4827
1025	-116.6018	-116.6018	-88.5969	0.7598	75.7028	0.6501	2.5e-04	0.4820
1026	-116.5814	-116.5814	-87.7838	0.7530	76.6074	0.6580	2.5e-04	0.4817
1027	-116.6112	-116.6112	-87.5423	0.7507	76.8689	0.6603	2.5e-04	0.4822
1028	-116.5971	-116.5971	-87.8743	0.7537	76.5174	0.6572	2.5e-04	0.4824
1029	-116.5971	-116.5971	-89.1222	0.7644	75.0454	0.6445	2.5e-04	0.4821
1030	-116.6027	-116.6027	-86.9538	0.7457	77.4988	0.6657	2.5e-04	0.4818
1031	-116.5979	-116.5979	-89.1576	0.7647	75.0402	0.6444	2.5e-04	0.4818
1032	-116.6003	-116.6003	-88.9897	0.7632	75.1922	0.6458	2.5e-04	0.4826
1033	-116.5940	-116.5940	-89.9715	0.7717	74.0452	0.6360	2.5e-04	0.4822
1034	-116.6047	-116.6047	-86.5942	0.7426	77.9796	0.6697	2.5e-04	0.4822
1035	-116.5803	-116.5803	-89.7564	0.7699	74.3048	0.6381	2.5e-04	0.4816
1036	-116.6039	-116.6039	-88.2655	0.7570	76.0350	0.6532	2.5e-04	0.4819
1037	-116.5978	-116.5978	-89.0118	0.7634	75.1964	0.6459	2.5e-04	0.4827
1038	-116.5915	-116.5915	-88.0276	0.7550	76.3418	0.6557	2.5e-04	0.4824
1039	-116.5883	-116.5883	-89.4365	0.7671	74.5761	0.6405	2.5e-04	0.4816
1040	-116.6084	-116.6084	-88.6272	0.7600	75.6321	0.6496	2.5e-04	0.4821
1041	-116.6049	-116.6049	-88.9430	0.7628	75.2816	0.6466	2.5e-04	0.4816
1042	-116.5844	-116.5844	-90.4430	0.7758	73.4563	0.6309	2.5e-04	0.4822
1043	-116.6088	-116.6088	-90.4063	0.7753	73.5363	0.6316	2.5e-04	0.4821
1044	-116.5973	-116.5973	-89.8698	0.7708	74.1365	0.6368	2.5e-04	0.4822
1045	-116.6055	-116.6055	-89.4512	0.7671	74.6812	0.6415	2.5e-04	0.4819
1046	-116.6015	-116.6015	-87.2636	0.7484	77.0682	0.6619	2.5e-04	0.4822
1047	-116.6227	-116.6227	-87.2658	0.7483	77.2188	0.6632	2.5e-04	0.4818
1048	-116.6059	-116.6059	-88.1821	0.7562	76.1733	0.6543	2.5e-04	0.4821
1049	-116.5973	-116.5973	-88.2766	0.7571	76.0592	0.6533	2.5e-04	0.4818
1050	-116.5874	-116.5874	-89.7693	0.7700	74.2290	0.6375	2.5e-04	0.4822
1051	-116.6144	-116.6144	-87.7907	0.7528	76.5656	0.6576	2.5e-04	0.4817
1052	-116.6128	-116.6128	-87.8197	0.7531	76.5658	0.6577	2.5e-04	0.4823
1053	-116.6093	-116.6093	-88.6479	0.7602	75.6066	0.6495	2.5e-04	0.4818
1054	-116.5943	-116.5943	-88.7807	0.7614	75.4677	0.6482	2.5e-04	0.4824
1055	-116.5856	-116.5856	-88.8974	0.7625	75.3316	0.6470	2.5e-04	0.4821
1056	-116.5851	-116.5851	-88.8616	0.7622	75.1872	0.6458	2.5e-04	0.4822
1057	-116.6026	-116.6026	-87.9037	0.7539	76.4846	0.6570	2.5e-04	0.4824
1058	-116.5918	-116.5918	-88.5058	0.7591	75.7787	0.6509	2.5e-04	0.4823
1059	-116.6108	-116.6108	-88.0202	0.7548	76.3614	0.6559	2.5e-04	0.4818
1060	-116.6006	-116.6006	-87.3188	0.7489	77.0326	0.6615	2.5e-04	0.4826
1061	-116.6049	-116.6049	-88.7637	0.7612	75.4597	0.6480	2.5e-04	0.4821
1062	-116.6037	-116.6037	-88.2722	0.7570	76.0801	0.6534	2.5e-04	0.4828
1063	-116.5978	-116.5978	-87.1660	0.7476	77.3176	0.6641	2.5e-04	0.4828
1064	-116.6030	-116.6030	-88.6102	0.7599	75.6820	0.6500	2.5e-04	0.4833
1065	-116.5885	-116.5885	-87.1742	0.7477	77.3182	0.6640	2.5e-04	0.4829
1066	-116.6052	-116.6052	-89.4589	0.7672	74.6100	0.6407	2.5e-04	0.4822
1067	-116.6000	-116.6000	-90.0040	0.7719	74.0027	0.6356	2.5e-04	0.4825
1068	-116.5900	-116.5900	-87.7960	0.7530	76.6123	0.6579	2.5e-04	0.4834
1069	-116.5838	-116.5838	-89.4702	0.7674	74.6382	0.6410	2.5e-04	0.4827
1070	-116.6080	-116.6080	-87.7084	0.7522	76.7130	0.6589	2.5e-04	0.4824
1071	-116.5950	-116.5950	-87.3751	0.7494	77.0676	0.6618	2.5e-04	0.4830
1072	-116.5963	-116.5963	-87.1231	0.7472	77.3944	0.6646	2.5e-04	0.4829
1073	-116.5989	-116.5989	-86.9847	0.7460	77.5468	0.6659	2.5e-04	0.4828
1074	-116.6109	-116.6109	-86.3468	0.7405	78.2234	0.6718	2.5e-04	0.4835
1075	-116.5932	-116.5932	-87.9512	0.7543	76.4328	0.6564	2.5e-04	0.4830
1076	-116.5835	-116.5835	-87.6154	0.7515	76.6609	0.6585	2.5e-04	0.4831
1077	-116.6126	-116.6126	-86.6805	0.7433	77.7752	0.6680	2.5e-04	0.4826
1078	-116.6092	-116.6092	-85.2100	0.7307	79.4658	0.6826	2.5e-04	0.4825
1079	-116.5800	-116.5800	-86.5990	0.7428	77.8693	0.6688	2.5e-04	0.4824
1080	-116.6050	-116.6050	-86.2696	0.7398	78.3336	0.6728	2.5e-04	0.4829
1081	-116.6198	-116.6198	-87.5317	0.7506	76.9205	0.6607	2.5e-04	0.4826
1082	-116.6054	-116.6054	-86.8612	0.7449	77.6535	0.6671	2.5e-04	0.4830
1083	-116.5909	-116.5909	-86.5706	0.7425	77.9790	0.6698	2.5e-04	0.4825
1084	-116.5928	-116.5928	-87.4641	0.7502	76.9834	0.6612	2.5e-04	0.4825
1085	-116.6204	-116.6204	-84.9497	0.7284	79.7621	0.6851	2.5e-04	0.4820
1086	-116.5979	-116.5979	-86.4032	0.7410	78.1639	0.6713	2.5e-04	0.4824
1087	-116.6059	-116.6059	-86.8853	0.7451	77.5825	0.6663	2.5e-04	0.4827
1088	-116.6031	-116.6031	-86.0968	0.7384	78.4985	0.6742	2.5e-04	0.4824
1089	-116.5994	-116.5994	-87.3756	0.7494	77.0325	0.6617	2.5e-04	0.4824
1090	-116.5843	-116.5843	-87.2623	0.7485	77.1390	0.6625	2.5e-04	0.4831
1091	-116.6092	-116.6092	-85.8046	0.7358	78.8333	0.6770	2.5e-04	0.4823
1092	-116.5975	-116.5975	-86.2384	0.7396	78.3453	0.6729	2.5e-04	0.4828
1093	-116.6005	-116.6005	-87.2339	0.7481	77.2219	0.6633	2.5e-04	0.4821
1094	-116.6047	-116.6047	-83.8011	0.7187	80.9532	0.6953	2.5e-04	0.4826
1095	-116.6189	-116.6189	-85.4951	0.7331	79.1912	0.6801	2.5e-04	0.4823
1096	-116.6009	-116.6009	-84.3141	0.7231	80.4006	0.6906	2.5e-04	0.4828
1097	-116.6132	-116.6132	-85.8641	0.7363	78.7624	0.6765	2.5e-04	0.4828
1098	-116.6015	-116.6015	-85.7596	0.7355	78.8597	0.6773	2.5e-04	0.4828
1099	-116.5894	-116.5894	-86.2806	0.7400	78.3108	0.6726	2.5e-04	0.4818
1100	-116.5930	-116.5930	-87.2200	0.7481	77.2174	0.6631	2.5e-04	0.4826
1101	-116.5949	-116.5949	-86.4137	0.7411	78.1522	0.6713	2.5e-04	0.4814
1102	-116.5895	-116.5895	-87.7848	0.7529	76.6156	0.6581	2.5e-04	0.4824
1103	-116.6035	-116.6035	-85.8071	0.7359	78.8053	0.6768	2.5e-04	0.4816
1104	-116.6224	-116.6224	-84.5867	0.7253	80.1513	0.6884	2.5e-04	0.4816
1105	-116.5873	-116.5873	-86.2896	0.7401	78.2865	0.6725	2.5e-04	0.4814
1106	-116.6037	-116.6037	-86.4320	0.7412	78.0165	0.6701	2.5e-04	0.4816
1107	-116.6035	-116.6035	-84.1427	0.7216	80.5928	0.6923	2.5e-04	0.4809
1108	-116.5987	-116.5987	-83.8644	0.7193	80.8304	0.6942	2.5e-04	0.4812
1109	-116.5910	-116.5910	-86.7583	0.7441	77.7122	0.6675	2.5e-04	0.4809
1110	-116.6071	-116.6071	-85.1318	0.7301	79.5243	0.6829	2.5e-04	0.4812
1111	-116.6018	-116.6018	-84.5291	0.7249	80.1910	0.6887	2.5e-04	0.4818
1112	-116.6205	-116.6205	-84.8579	0.7276	79.8562	0.6859	2.5e-04	0.4817
1113	-116.6023	-116.6023	-85.9362	0.7370	78.6776	0.6757	2.5e-04	0.4812
1114	-116.6022	-116.6022	-84.8687	0.7278	79.8341	0.6857	2.5e-04	0.4811
1115	-116.5909	-116.5909	-86.4574	0.7415	78.1095	0.6709	2.5e-04	0.4819
1116	-116.5996	-116.5996	-85.1147	0.7300	79.5709	0.6835	2.5e-04	0.4812
1117	-116.5755	-116.5755	-86.3182	0.7404	78.2531	0.6721	2.5e-04	0.4813
1118	-116.5874	-116.5874	-85.6122	0.7343	79.0283	0.6787	2.5e-04	0.4810
1119	-116.6022	-116.6022	-84.9594	0.7286	79.7295	0.6848	2.5e-04	0.4813
1120	-116.6092	-116.6092	-85.4471	0.7328	79.2025	0.6802	2.5e-04	0.4812
1121	-116.5988	-116.5988	-85.9094	0.7368	78.6814	0.6757	2.5e-04	0.4818
1122	-116.5821	-116.5821	-86.8072	0.7446	77.7287	0.6675	2.4e-04	0.4813
1123	-116.6015	-116.6015	-84.6575	0.7260	80.0653	0.6876	2.4e-04	0.4813
1124	-116.6122	-116.6122	-84.6766	0.7261	79.8568	0.6859	2.4e-04	0.4809
1125	-116.6077	-116.6077	-85.3516	0.7320	79.3229	0.6813	2.4e-04	0.4816
1126	-116.5948	-116.5948	-83.8190	0.7189	80.7833	0.6939	2.4e-04	0.4807
1127	-116.6252	-116.6252	-82.6828	0.7090	82.0893	0.7050	2.4e-04	0.4814
1128	-116.5980	-116.5980	-84.3180	0.7232	80.4036	0.6906	2.4e-04	0.4812
1129	-116.5963	-116.5963	-85.0755	0.7297	79.5775	0.6835	2.4e-04	0.4812
1130	-116.5849	-116.5849	-85.5165	0.7335	79.1201	0.6796	2.4e-04	0.4809
1131	-116.6035	-116.6035	-83.2592	0.7140	81.4974	0.7001	2.4e-04	0.4815
1132	-116.5989	-116.5989	-83.8796	0.7194	80.8684	0.6945	2.4e-04	0.4809
1133	-116.6054	-116.6054	-84.3135	0.7231	80.4217	0.6907	2.4e-04	0.4811
1134	-116.6084	-116.6084	-84.6818	0.7262	79.9578	0.6866	2.4e-04	0.4810
1135	-116.5957	-116.5957	-84.9611	0.7287	79.6963	0.6845	2.4e-04	0.4814
1136	-116.5892	-116.5892	-81.7100	0.7008	83.0057	0.7129	2.4e-04	0.4809
1137	-116.5951	-116.5951	-86.4061	0.7411	78.1662	0.6713	2.4e-04	0.4817
1138	-116.5876	-116.5876	-85.0507	0.7295	79.5152	0.6829	2.4e-04	0.4812
1139	-116.5968	-116.5968	-83.8586	0.7192	80.8481	0.6944	2.4e-04	0.4812
1140	-116.5838	-116.5838	-84.4299	0.7242	80.2600	0.6894	2.4e-04	0.4810
1141	-116.5927	-116.5927	-82.3932	0.7067	82.3730	0.7075	2.4e-04	0.4813
1142	-116.6034	-116.6034	-82.8630	0.7106	81.9295	0.7035	2.4e-04	0.4812
1143	-116.6058	-116.6058	-83.4435	0.7156	81.1904	0.6974	2.4e-04	0.4816
1144	-116.5869	-116.5869	-86.8589	0.7450	77.6771	0.6670	2.4e-04	0.4810
1145	-116.5853	-116.5853	-90.5385	0.7766	73.1590	0.6284	2.4e-04	0.4810
1146	-116.5883	-116.5883	-91.3587	0.7836	72.3036	0.6211	2.4e-04	0.4810
1147	-116.6046	-116.6046	-93.1524	0.7989	70.0069	0.6014	2.4e-04	0.4813
1148	-116.5993	-116.5993	-95.1299	0.8159	67.2840	0.5782	2.4e-04	0.4811
1149	-116.5885	-116.5885	-96.7712	0.8300	64.8799	0.5574	2.4e-04	0.4811
1150	-116.5994	-116.5994	-97.2246	0.8338	64.2392	0.5520	2.4e-04	0.4812
1151	-116.5980	-116.5980	-99.2394	0.8511	61.0365	0.5246	2.4e-04	0.4817
1152	-116.6034	-116.6034	-99.5522	0.8538	60.5772	0.5206	2.4e-04	0.4812
1153	-116.6092	-116.6092	-99.1573	0.8503	61.1714	0.5258	2.4e-04	0.4816
1154	-116.5794	-116.5794	-99.7579	0.8557	60.1953	0.5175	2.4e-04	0.4813
1155	-116.6025	-116.6025	-99.8602	0.8564	60.0681	0.5163	2.4e-04	0.4814
1156	-116.6116	-116.6116	-100.2635	0.8598	59.2983	0.5098	2.4e-04	0.4811
1157	-116.6175	-116.6175	-101.5495	0.8708	57.1975	0.4916	2.4e-04	0.4813
1158	-116.5895	-116.5895	-101.8763	0.8738	56.5554	0.4862	2.4e-04	0.4826
1159	-116.5971	-116.5971	-100.6810	0.8635	58.6641	0.5043	2.4e-04	0.4817
1160	-116.6017	-116.6017	-102.3136	0.8775	55.7437	0.4792	2.4e-04	0.4809
1161	-116.5938	-116.5938	-102.5585	0.8796	55.3285	0.4757	2.4e-04	0.4816
1162	-116.5887	-116.5887	-102.0378	0.8752	56.2577	0.4838	2.4e-04	0.4816
1163	-116.5916	-116.5916	-101.9700	0.8746	56.3800	0.4848	2.4e-04	0.4813
1164	-116.5877	-116.5877	-102.8656	0.8823	54.7086	0.4704	2.4e-04	0.4812
1165	-116.5904	-116.5904	-102.6229	0.8802	55.1136	0.4739	2.4e-04	0.4814
1166	-116.5984	-116.5984	-101.7523	0.8727	56.7418	0.4880	2.4e-04	0.4809
1167	-116.6003	-116.6003	-101.0287	0.8665	58.0553	0.4992	2.4e-04	0.4810
1168	-116.5970	-116.5970	-102.0938	0.8756	56.1752	0.4830	2.4e-04	0.4813
1169	-116.6075	-116.6075	-101.1834	0.8677	57.7876	0.4970	2.4e-04	0.4816
1170	-116.5935	-116.5935	-102.3703	0.8780	55.6338	0.4784	2.4e-04	0.4812
1171	-116.5980	-116.5980	-101.7749	0.8729	56.7317	0.4878	2.4e-04	0.4814
1172	-116.6035	-116.6035	-102.0112	0.8749	56.2987	0.4842	2.4e-04	0.4811
1173	-116.5889	-116.5889	-101.5430	0.8709	57.1347	0.4914	2.4e-04	0.4814
1174	-116.6021	-116.6021	-101.7051	0.8722	56.8492	0.4888	2.4e-04	0.4810
1175	-116.6036	-116.6036	-101.4450	0.8700	57.3271	0.4930	2.4e-04	0.4810
1176	-116.6052	-116.6052	-102.0646	0.8753	56.2328	0.4836	2.4e-04	0.4811
1177	-116.5975	-116.5975	-102.7669	0.8814	54.8854	0.4720	2.4e-04	0.4814
1178	-116.5973	-116.5973	-100.6947	0.8636	58.6088	0.5040	2.4e-04	0.4813
1179	-116.5901	-116.5901	-101.3401	0.8692	57.4866	0.4944	2.4e-04	0.4813
1180	-116.5906	-116.5906	-101.4826	0.8704	57.2167	0.4921	2.4e-04	0.4812
1181	-116.5953	-116.5953	-101.9338	0.8743	56.4393	0.4854	2.4e-04	0.4821
1182	-116.5948	-116.5948	-100.5244	0.8622	58.8706	0.5062	2.4e-04	0.4809
1183	-116.6004	-116.6004	-101.2949	0.8687	57.5992	0.4953	2.4e-04	0.4812
1184	-116.6024	-116.6024	-101.2341	0.8682	57.6648	0.4959	2.4e-04	0.4810
1185	-116.6055	-116.6055	-101.0222	0.8664	58.0054	0.4988	2.4e-04	0.4811
1186	-116.5985	-116.5985	-100.3576	0.8607	59.2022	0.5091	2.4e-04	0.4811
1187	-116.6120	-116.6120	-99.3274	0.8518	60.9236	0.5239	2.4e-04	0.4808
1188	-116.5893	-116.5893	-101.1842	0.8679	57.7506	0.4966	2.4e-04	0.4810
1189	-116.6132	-116.6132	-100.1852	0.8591	59.5174	0.5117	2.4e-04	0.4815
1190	-116.5929	-116.5929	-102.4184	0.8784	55.5652	0.4779	2.4e-04	0.4808
1191	-116.6012	-116.6012	-101.0765	0.8669	57.9292	0.4981	2.4e-04	0.4811
1192	-116.5973	-116.5973	-99.4806	0.8532	60.6110	0.5213	2.4e-04	0.4809
1193	-116.6058	-116.6058	-100.7774	0.8643	58.5023	0.5030	2.4e-04	0.4810
1194	-116.5955	-116.5955	-101.3565	0.8693	57.4678	0.4940	2.4e-04	0.4812
1195	-116.5885	-116.5885	-102.2072	0.8766	55.9362	0.4809	2.4e-04	0.4811
1196	-116.6090	-116.6090	-100.0771	0.8582	59.6807	0.5133	2.4e-04	0.4809
1197	-116.6192	-116.6192	-100.9384	0.8655	58.1691	0.5002	2.4e-04	0.4813
1198	-116.6079	-116.6079	-102.0567	0.8752	56.2551	0.4837	2.4e-04	0.4816
1199	-116.5931	-116.5931	-101.0132	0.8664	58.0843	0.4994	2.4e-04	0.4811
1200	-116.5894	-116.5894	-101.3383	0.8692	57.5011	0.4944	2.4e-04	0.4810
1201	-116.5891	-116.5891	-101.1019	0.8672	57.8846	0.4977	2.4e-04	0.4811
1202	-116.5937	-116.5937	-101.9076	0.8740	56.4989	0.4858	2.4e-04	0.4812
1203	-116.6115	-116.6115	-100.1788	0.8591	59.5304	0.5118	2.4e-04	0.4810
1204	-116.5976	-116.5976	-101.2244	0.8682	57.6454	0.4956	2.4e-04	0.4814
1205	-116.5914	-116.5914	-101.8739	0.8738	56.5021	0.4858	2.4e-04	0.4820
1206	-116.5772	-116.5772	-101.9577	0.8746	56.3946	0.4848	2.4e-04	0.4812
1207	-116.5936	-116.5936	-100.0237	0.8579	59.7561	0.5138	2.4e-04	0.4814
1208	-116.6046	-116.6046	-100.6931	0.8635	58.6095	0.5040	2.4e-04	0.4826
1209	-116.6160	-116.6160	-100.8780	0.8650	58.3432	0.5017	2.4e-04	0.4822
1210	-116.5939	-116.5939	-99.6859	0.8550	60.3174	0.5186	2.4e-04	0.4818
1211	-116.6003	-116.6003	-98.8296	0.8476	61.6821	0.5304	2.4e-04	0.4817
1212	-116.6043	-116.6043	-99.6251	0.8544	60.4261	0.5196	2.4e-04	0.4820
1213	-116.5824	-116.5824	-101.1619	0.8677	57.8108	0.4970	2.4e-04	0.4814
1214	-116.6104	-116.6104	-100.8668	0.8650	58.3546	0.5017	2.4e-04	0.4819
1215	-116.5842	-116.5842	-100.3724	0.8609	59.1087	0.5082	2.4e-04	0.4815
1216	-116.5997	-116.5997	-100.3069	0.8603	59.2561	0.5094	2.4e-04	0.4821
1217	-116.5911	-116.5911	-100.6921	0.8636	58.6116	0.5040	2.4e-04	0.4818
1218	-116.6004	-116.6004	-100.4083	0.8611	59.0883	0.5080	2.4e-04	0.4823
1219	-116.6017	-116.6017	-99.9230	0.8570	59.9132	0.5151	2.4e-04	0.4817
1220	-116.6146	-116.6146	-99.9158	0.8568	59.9754	0.5155	2.4e-04	0.4824
1221	-116.6257	-116.6257	-100.3886	0.8608	59.1990	0.5090	2.4e-04	0.4818
1222	-116.5779	-116.5779	-102.1161	0.8759	56.1029	0.4824	2.4e-04	0.4819
1223	-116.5990	-116.5990	-100.0547	0.8581	59.7157	0.5135	2.4e-04	0.4815
1224	-116.6148	-116.6148	-99.1167	0.8499	61.2371	0.5264	2.4e-04	0.4819
1225	-116.6000	-116.6000	-101.5679	0.8711	57.1339	0.4911	2.4e-04	0.4821
1226	-116.6010	-116.6010	-100.1151	0.8586	59.6129	0.5125	2.4e-04	0.4816
1227	-116.5945	-116.5945	-100.5569	0.8624	58.8328	0.5058	2.4e-04	0.4815
1228	-116.5831	-116.5831	-100.8150	0.8647	58.4079	0.5021	2.4e-04	0.4817
1229	-116.5967	-116.5967	-101.3465	0.8692	57.4649	0.4941	2.4e-04	0.4815
1230	-116.6068	-116.6068	-100.2219	0.8595	59.4483	0.5111	2.4e-04	0.4824
1231	-116.6018	-116.6018	-101.2313	0.8682	57.6845	0.4959	2.4e-04	0.4824
1232	-116.5791	-116.5791	-98.9984	0.8492	61.4087	0.5281	2.4e-04	0.4818
1233	-116.6008	-116.6008	-100.2205	0.8595	59.4287	0.5110	2.4e-04	0.4825
1234	-116.5864	-116.5864	-101.1013	0.8672	57.9293	0.4980	2.4e-04	0.4823
1235	-116.5973	-116.5973	-99.9002	0.8568	59.9533	0.5155	2.4e-04	0.4819
1236	-116.6085	-116.6085	-99.6643	0.8547	60.3729	0.5191	2.4e-04	0.4825
1237	-116.5906	-116.5906	-99.7816	0.8558	60.1638	0.5173	2.4e-04	0.4819
1238	-116.5908	-116.5908	-100.0720	0.8583	59.6792	0.5131	2.4e-04	0.4824
1239	-116.5983	-116.5983	-99.1945	0.8507	61.1097	0.5255	2.4e-04	0.4821
1240	-116.5875	-116.5875	-100.4318	0.8614	59.0640	0.5078	2.4e-04	0.4822
1241	-116.5792	-116.5792	-99.0591	0.8497	61.2619	0.5268	2.4e-04	0.4821
1242	-116.6232	-116.6232	-98.5848	0.8453	62.1418	0.5342	2.4e-04	0.4824
1243	-116.5982	-116.5982	-99.1164	0.8501	61.2554	0.5267	2.4e-04	0.4821
1244	-116.5851	-116.5851	-99.8863	0.8568	59.9699	0.5156	2.4e-04	0.4822
1245	-116.5929	-116.5929	-99.9326	0.8571	59.8954	0.5149	2.4e-04	0.4822
1246	-116.5925	-116.5925	-99.1639	0.8505	61.1617	0.5259	2.4e-04	0.4822
1247	-116.5948	-116.5948	-98.6824	0.8464	61.9182	0.5323	2.4e-04	0.4820
1248	-116.5920	-116.5920	-99.1133	0.8501	61.2630	0.5266	2.4e-04	0.4819
1249	-116.5911	-116.5911	-99.6543	0.8547	60.3887	0.5190	2.4e-04	0.4815
1250	-116.5841	-116.5841	-98.9291	0.8486	61.5438	0.5290	2.4e-04	0.4823
1251	-116.5859	-116.5859	-99.2104	0.8510	61.0429	0.5247	2.4e-04	0.4817
1252	-116.5875	-116.5875	-97.7390	0.8383	63.3986	0.5450	2.4e-04	0.4820
1253	-116.6126	-116.6126	-97.1513	0.8331	64.3282	0.5530	2.4e-04	0.4822
1254	-116.5916	-116.5916	-99.2412	0.8512	61.0559	0.5248	2.4e-04	0.4828
1255	-116.6051	-116.6051	-98.3113	0.8431	62.5438	0.5377	2.4e-04	0.4825
1256	-116.5888	-116.5888	-98.7971	0.8474	61.7623	0.5309	2.4e-04	0.4831
1257	-116.5732	-116.5732	-97.8706	0.8396	63.1897	0.5432	2.4e-04	0.4822
1258	-116.5724	-116.5724	-98.9903	0.8492	61.3757	0.5275	2.4e-04	0.4832
1259	-116.5957	-116.5957	-99.6454	0.8546	60.3986	0.5192	2.4e-04	0.4828
1260	-116.5983	-116.5983	-98.2980	0.8430	62.5545	0.5377	2.4e-04	0.4820
1261	-116.6155	-116.6155	-97.2358	0.8338	64.2092	0.5520	2.4e-04	0.4820
1262	-116.5987	-116.5987	-98.3928	0.8439	62.3912	0.5364	2.4e-04	0.4839
1263	-116.6077	-116.6077	-96.9351	0.8313	64.6613	0.5558	2.4e-04	0.4830
1264	-116.6067	-116.6067	-97.3018	0.8344	64.1090	0.5511	2.4e-04	0.4828
1265	-116.6066	-116.6066	-97.2114	0.8337	64.2127	0.5521	2.4e-04	0.4824
1266	-116.5681	-116.5681	-98.3050	0.8433	62.4958	0.5373	2.4e-04	0.4827
1267	-116.6082	-116.6082	-97.8896	0.8395	63.2148	0.5434	2.4e-04	0.4826
1268	-116.6068	-116.6068	-96.1840	0.8249	65.7550	0.5652	2.4e-04	0.4822
1269	-116.5911	-116.5911	-97.5647	0.8368	63.6454	0.5472	2.4e-04	0.4820
1270	-116.5923	-116.5923	-97.9822	0.8404	63.0398	0.5420	2.4e-04	0.4824
1271	-116.6087	-116.6087	-98.1099	0.8414	62.8554	0.5403	2.4e-04	0.4820
1272	-116.5816	-116.5816	-98.3279	0.8434	62.4774	0.5372	2.4e-04	0.4826
1273	-116.5849	-116.5849	-96.6364	0.8289	65.0631	0.5594	2.4e-04	0.4821
1274	-116.5853	-116.5853	-99.0432	0.8495	61.3490	0.5274	2.4e-04	0.4824
1275	-116.6060	-116.6060	-98.1020	0.8413	62.8869	0.5405	2.4e-04	0.4814
1276	-116.6148	-116.6148	-97.5594	0.8366	63.7069	0.5477	2.4e-04	0.4821
1277	-116.5865	-116.5865	-98.3290	0.8434	62.4975	0.5373	2.4e-04	0.4816
1278	-116.5871	-116.5871	-98.4520	0.8445	62.2882	0.5355	2.4e-04	0.4816
1279	-116.5920	-116.5920	-98.3197	0.8433	62.5096	0.5374	2.4e-04	0.4815
1280	-116.5861	-116.5861	-98.2250	0.8425	62.6558	0.5386	2.4e-04	0.4816
1281	-116.6014	-116.6014	-97.9351	0.8399	63.0782	0.5421	2.4e-04	0.4818
1282	-116.5975	-116.5975	-98.5112	0.8449	62.1934	0.5347	2.4e-04	0.4814
1283	-116.5920	-116.5920	-96.8048	0.8303	64.8393	0.5573	2.4e-04	0.4816
1284	-116.6050	-116.6050	-97.4023	0.8353	63.9522	0.5498	2.4e-04	0.4821
1285	-116.6056	-116.6056	-97.4107	0.8354	63.8885	0.5493	2.4e-04	0.4817
1286	-116.6093	-116.6093	-96.1793	0.8248	65.7023	0.5649	2.4e-04	0.4811
1287	-116.5851	-116.5851	-98.2523	0.8428	62.6305	0.5383	2.4e-04	0.4813
1288	-116.5868	-116.5868	-97.9744	0.8404	63.0565	0.5420	2.4e-04	0.4814
1289	-116.5920	-116.5920	-97.4080	0.8355	63.9238	0.5495	2.4e-04	0.4812
1290	-116.5979	-116.5979	-96.7895	0.8301	64.8344	0.5573	2.4e-04	0.4811
1291	-116.5859	-116.5859	-96.2979	0.8260	65.5593	0.5637	2.4e-04	0.4813
1292	-116.5866	-116.5866	-96.5330	0.8280	65.1999	0.5604	2.4e-04	0.4812
1293	-116.5933	-116.5933	-97.8539	0.8393	63.2540	0.5436	2.4e-04	0.4812
1294	-116.6057	-116.6057	-97.8451	0.8391	63.2706	0.5439	2.4e-04	0.4813
1295	-116.5912	-116.5912	-97.6101	0.8372	63.6182	0.5468	2.4e-04	0.4810
1296	-116.5891	-116.5891	-96.1999	0.8251	65.7275	0.5650	2.4e-04	0.4811
1297	-116.5925	-116.5925	-97.9097	0.8398	63.1556	0.5429	2.4e-04	0.4813
1298	-116.5982	-116.5982	-98.1879	0.8421	62.7403	0.5393	2.4e-04	0.4812
1299	-116.5915	-116.5915	-98.1588	0.8419	62.7876	0.5396	2.4e-04	0.4814
1300	-116.5970	-116.5970	-96.6846	0.8292	65.0265	0.5589	2.4e-04	0.4810
1301	-116.5955	-116.5955	-98.1072	0.8414	62.8157	0.5399	2.4e-04	0.4811
1302	-116.5928	-116.5928	-99.0507	0.8495	61.3590	0.5274	2.4e-04	0.4813
1303	-116.5908	-116.5908	-97.7647	0.8385	63.3515	0.5447	2.4e-04	0.4818
1304	-116.5879	-116.5879	-97.3178	0.8347	64.0697	0.5507	2.4e-04	0.4810
1305	-116.5892	-116.5892	-98.3668	0.8437	62.4512	0.5368	2.4e-04	0.4811
1306	-116.5935	-116.5935	-97.5609	0.8368	63.6858	0.5474	2.4e-04	0.4811
1307	-116.6119	-116.6119	-95.0797	0.8154	67.3744	0.5790	2.4e-04	0.4812
1308	-116.6031	-116.6031	-96.5827	0.8283	65.1713	0.5603	2.4e-04	0.4816
1309	-116.5851	-116.5851	-97.3889	0.8353	63.9483	0.5497	2.4e-04	0.4816
1310	-116.5947	-116.5947	-97.4331	0.8357	63.9184	0.5492	2.4e-04	0.4810
1311	-116.5970	-116.5970	-98.0494	0.8409	62.9318	0.5410	2.4e-04	0.4814
1312	-116.6088	-116.6088	-95.9973	0.8232	66.0339	0.5676	2.4e-04	0.4809
1313	-116.6047	-116.6047	-96.7302	0.8296	64.9691	0.5584	2.4e-04	0.4811
1314	-116.6164	-116.6164	-96.3675	0.8264	65.4904	0.5629	2.4e-04	0.4808
1315	-116.6073	-116.6073	-97.5071	0.8362	63.8080	0.5484	2.4e-04	0.4811
1316	-116.5989	-116.5989	-96.6372	0.8288	65.0993	0.5595	2.4e-04	0.4809
1317	-116.6086	-116.6086	-96.7465	0.8297	64.9266	0.5581	2.4e-04	0.4813
1318	-116.6061	-116.6061	-96.0749	0.8239	65.9167	0.5666	2.4e-04	0.4812
1319	-116.5964	-116.5964	-96.8196	0.8304	64.8114	0.5570	2.4e-04	0.4813
1320	-116.5866	-116.5866	-96.1381	0.8246	65.8023	0.5657	2.4e-04	0.4810
1321	-116.6017	-116.6017	-96.1037	0.8242	65.8728	0.5661	2.4e-04	0.4812
1322	-116.5931	-116.5931	-96.6555	0.8290	65.0667	0.5592	2.4e-04	0.4809
1323	-116.5957	-116.5957	-97.3865	0.8352	63.9366	0.5496	2.4e-04	0.4813
1324	-116.5854	-116.5854	-96.4288	0.8271	65.3006	0.5613	2.4e-04	0.4811
1325	-116.5991	-116.5991	-97.0561	0.8324	64.4739	0.5542	2.4e-04	0.4815
1326	-116.5848	-116.5848	-98.8449	0.8478	61.6877	0.5302	2.4e-04	0.4810
1327	-116.5959	-116.5959	-96.9196	0.8312	64.6525	0.5557	2.4e-04	0.4810
1328	-116.5875	-116.5875	-97.5256	0.8365	63.7475	0.5479	2.4e-04	0.4808
1329	-116.6001	-116.6001	-95.6316	0.8202	66.5538	0.5721	2.4e-04	0.4815
1330	-116.5898	-116.5898	-96.4557	0.8273	65.2933	0.5613	2.4e-04	0.4813
1331	-116.5826	-116.5826	-96.8254	0.8305	64.7865	0.5569	2.4e-04	0.4813
1332	-116.5892	-116.5892	-97.6767	0.8378	63.5204	0.5460	2.4e-04	0.4810
1333	-116.6023	-116.6023	-97.4366	0.8356	63.9089	0.5493	2.4e-04	0.4815
1334	-116.5882	-116.5882	-95.4502	0.8187	66.7905	0.5742	2.4e-04	0.4810
1335	-116.5989	-116.5989	-95.2739	0.8171	67.0710	0.5765	2.4e-04	0.4813
1336	-116.6060	-116.6060	-96.6784	0.8291	65.0231	0.5588	2.4e-04	0.4810
1337	-116.5850	-116.5850	-95.5182	0.8193	66.6969	0.5733	2.4e-04	0.4815
1338	-116.5881	-116.5881	-96.1885	0.8250	65.7483	0.5651	2.4e-04	0.4809
1339	-116.5796	-116.5796	-95.5354	0.8195	66.6632	0.5730	2.4e-04	0.4814
1340	-116.6055	-116.6055	-96.5377	0.8279	65.2528	0.5609	2.4e-04	0.4812
1341	-116.6177	-116.6177	-95.2648	0.8169	67.0391	0.5763	2.4e-04	0.4814
1342	-116.5941	-116.5941	-96.1994	0.8251	65.7222	0.5649	2.4e-04	0.4810
1343	-116.5811	-116.5811	-96.8143	0.8304	64.8157	0.5571	2.4e-04	0.4815
1344	-116.5998	-116.5998	-93.1627	0.7990	69.9093	0.6011	2.4e-04	0.4810
1345	-116.5989	-116.5989	-94.0779	0.8069	68.7163	0.5907	2.4e-04	0.4813
1346	-116.5918	-116.5918	-96.2301	0.8254	65.6337	0.5643	2.4e-04	0.4813
1347	-116.6009	-116.6009	-93.9291	0.8056	68.9039	0.5924	2.4e-04	0.4816
1348	-116.5930	-116.5930	-95.5799	0.8198	66.6319	0.5727	2.4e-04	0.4810
1349	-116.6080	-116.6080	-95.4859	0.8189	66.7804	0.5740	2.4e-04	0.4818
1350	-116.5921	-116.5921	-95.9658	0.8231	66.0371	0.5677	2.4e-04	0.4819
1351	-116.5955	-116.5955	-94.1253	0.8073	68.6521	0.5902	2.4e-04	0.4815
1352	-116.6155	-116.6155	-94.7295	0.8123	67.6043	0.5811	2.4e-04	0.4811
1353	-116.6019	-116.6019	-95.3315	0.8176	66.9342	0.5753	2.4e-04	0.4815
1354	-116.5913	-116.5913	-96.1857	0.8250	65.7428	0.5649	2.4e-04	0.4810
1355	-116.6145	-116.6145	-94.4857	0.8102	68.1742	0.5859	2.4e-04	0.4815
1356	-116.6113	-116.6113	-94.0810	0.8068	68.7299	0.5908	2.4e-04	0.4815
1357	-116.6076	-116.6076	-93.5189	0.8020	69.4623	0.5971	2.4e-04	0.4814
1358	-116.6072	-116.6072	-93.4490	0.8014	69.5723	0.5981	2.4e-04	0.4812
1359	-116.5959	-116.5959	-93.4137	0.8012	69.6081	0.5984	2.4e-04	0.4815
1360	-116.5927	-116.5927	-93.5926	0.8027	69.3706	0.5962	2.4e-04	0.4813
1361	-116.5966	-116.5966	-93.8174	0.8046	69.0743	0.5938	2.4e-04	0.4815
1362	-116.5947	-116.5947	-93.3288	0.8005	69.6769	0.5989	2.4e-04	0.4812
1363	-116.5979	-116.5979	-93.8817	0.8052	68.9802	0.5930	2.4e-04	0.4813
1364	-116.5936	-116.5936	-93.3078	0.8003	69.7393	0.5996	2.4e-04	0.4810
1365	-116.6092	-116.6092	-92.9445	0.7971	70.2521	0.6039	2.4e-04	0.4812
1366	-116.5946	-116.5946	-91.9791	0.7889	71.4778	0.6145	2.4e-04	0.4810
1367	-116.5964	-116.5964	-93.1069	0.7985	70.0239	0.6019	2.4e-04	0.4814
1368	-116.5899	-116.5899	-91.4106	0.7840	72.2002	0.6207	2.4e-04	0.4810
1369	-116.6089	-116.6089	-92.1794	0.7905	71.2513	0.6124	2.4e-04	0.4813
1370	-116.5937	-116.5937	-93.2406	0.7997	69.8441	0.6004	2.4e-04	0.4810
1371	-116.6083	-116.6083	-92.8278	0.7961	70.4114	0.6052	2.4e-04	0.4811
1372	-116.6081	-116.6081	-92.3218	0.7917	71.0632	0.6109	2.4e-04	0.4812
1373	-116.5758	-116.5758	-91.2449	0.7827	72.3024	0.6215	2.4e-04	0.4815
1374	-116.6167	-116.6167	-92.8435	0.7961	70.3949	0.6050	2.4e-04	0.4810
1375	-116.5834	-116.5834	-94.0742	0.8069	68.7061	0.5906	2.4e-04	0.4816
1376	-116.6063	-116.6063	-93.6874	0.8035	69.2465	0.5952	2.4e-04	0.4811
1377	-116.5998	-116.5998	-91.6111	0.7857	71.9451	0.6183	2.4e-04	0.4817
1378	-116.6014	-116.6014	-90.9996	0.7804	72.7453	0.6252	2.4e-04	0.4822
1379	-116.6019	-116.6019	-90.6866	0.7777	73.1180	0.6286	2.4e-04	0.4814
1380	-116.5971	-116.5971	-92.1509	0.7903	71.2608	0.6125	2.4e-04	0.4820
1381	-116.6007	-116.6007	-92.3808	0.7923	70.9753	0.6101	2.4e-04	0.4811
1382	-116.6061	-116.6061	-90.2082	0.7736	73.7304	0.6336	2.3e-04	0.4810
1383	-116.6152	-116.6152	-91.2807	0.7828	72.4022	0.6223	2.3e-04	0.4813
1384	-116.6175	-116.6175	-89.4425	0.7670	74.6543	0.6417	2.3e-04	0.4819
1385	-116.5809	-116.5809	-90.4946	0.7762	73.3123	0.6302	2.3e-04	0.4815
1386	-116.5995	-116.5995	-89.4196	0.7669	74.6290	0.6415	2.3e-04	0.4824
1387	-116.6186	-116.6186	-90.0159	0.7719	73.9452	0.6357	2.3e-04	0.4816
1388	-116.5993	-116.5993	-90.7841	0.7786	72.9930	0.6275	2.3e-04	0.4818
1389	-116.6079	-116.6079	-89.7254	0.7695	74.2820	0.6386	2.3e-04	0.4814
1390	-116.5920	-116.5920	-89.1533	0.7647	74.9370	0.6442	2.3e-04	0.4815
1391	-116.5885	-116.5885	-90.7551	0.7784	73.0237	0.6277	2.3e-04	0.4814
1392	-116.6106	-116.6106	-89.3512	0.7662	74.7448	0.6424	2.3e-04	0.4816
1393	-116.6188	-116.6188	-90.0107	0.7718	73.9699	0.6358	2.3e-04	0.4816
1394	-116.5938	-116.5938	-87.5152	0.7506	76.8817	0.6608	2.3e-04	0.4818
1395	-116.6130	-116.6130	-89.4451	0.7670	74.6304	0.6416	2.3e-04	0.4815
1396	-116.5923	-116.5923	-89.3368	0.7662	74.7554	0.6425	2.3e-04	0.4821
1397	-116.6061	-116.6061	-87.6313	0.7515	76.7493	0.6597	2.3e-04	0.4820
1398	-116.6026	-116.6026	-89.0339	0.7636	75.1127	0.6457	2.3e-04	0.4818
1399	-116.5918	-116.5918	-88.0908	0.7555	76.2147	0.6550	2.3e-04	0.4818
1400	-116.6102	-116.6102	-89.3826	0.7665	74.7073	0.6422	2.3e-04	0.4820
1401	-116.6006	-116.6006	-87.8809	0.7537	76.4524	0.6572	2.3e-04	0.4816
1402	-116.5890	-116.5890	-90.2956	0.7745	73.5855	0.6325	2.3e-04	0.4821
1403	-116.6021	-116.6021	-89.0283	0.7635	75.1196	0.6456	2.3e-04	0.4818
1404	-116.6056	-116.6056	-88.3844	0.7580	75.8842	0.6522	2.3e-04	0.4819
1405	-116.5792	-116.5792	-90.4043	0.7755	73.4592	0.6313	2.3e-04	0.4817
1406	-116.6100	-116.6100	-87.9270	0.7540	76.4054	0.6567	2.3e-04	0.4820
1407	-116.5972	-116.5972	-87.9016	0.7539	76.4178	0.6570	2.3e-04	0.4815
1408	-116.6091	-116.6091	-87.0832	0.7468	77.3490	0.6647	2.3e-04	0.4827
1409	-116.5923	-116.5923	-87.4297	0.7499	76.9380	0.6613	2.3e-04	0.4815
1410	-116.6048	-116.6048	-88.2815	0.7571	75.9997	0.6533	2.3e-04	0.4818
1411	-116.5980	-116.5980	-89.0662	0.7639	75.0598	0.6451	2.3e-04	0.4817
1412	-116.5943	-116.5943	-88.7333	0.7610	75.4302	0.6484	2.3e-04	0.4817
1413	-116.5972	-116.5972	-88.6406	0.7602	75.5159	0.6491	2.3e-04	0.4817
1414	-116.5705	-116.5705	-90.3812	0.7753	73.3590	0.6305	2.3e-04	0.4817
1415	-116.5992	-116.5992	-88.6135	0.7600	75.5469	0.6493	2.3e-04	0.4817
1416	-116.5941	-116.5941	-88.0018	0.7548	76.3187	0.6559	2.3e-04	0.4819
1417	-116.5947	-116.5947	-88.2046	0.7565	76.0610	0.6538	2.3e-04	0.4816
1418	-116.6089	-116.6089	-89.6102	0.7685	74.4377	0.6397	2.3e-04	0.4820
1419	-116.5805	-116.5805	-89.8515	0.7707	74.1304	0.6371	2.3e-04	0.4815
1420	-116.5987	-116.5987	-87.8373	0.7533	76.5059	0.6576	2.3e-04	0.4817
1421	-116.6056	-116.6056	-89.8694	0.7707	74.1298	0.6371	2.3e-04	0.4816
1422	-116.5893	-116.5893	-88.5430	0.7594	75.6875	0.6505	2.3e-04	0.4817
1423	-116.5883	-116.5883	-88.8205	0.7618	75.3771	0.6478	2.3e-04	0.4815
1424	-116.6086	-116.6086	-85.5660	0.7338	79.0230	0.6790	2.3e-04	0.4820
1425	-116.5882	-116.5882	-88.4236	0.7584	75.8249	0.6517	2.3e-04	0.4818
1426	-116.5961	-116.5961	-88.2920	0.7572	75.9908	0.6531	2.3e-04	0.4814
1427	-116.5796	-116.5796	-88.5686	0.7597	75.5689	0.6494	2.3e-04	0.4814
1428	-116.5707	-116.5707	-88.2463	0.7570	76.0262	0.6534	2.3e-04	0.4818
1429	-116.5813	-116.5813	-89.1684	0.7649	74.9641	0.6442	2.3e-04	0.4816
1430	-116.5721	-116.5721	-87.4568	0.7502	76.9337	0.6611	2.3e-04	0.4821
1431	-116.6102	-116.6102	-88.8037	0.7615	75.3695	0.6478	2.3e-04	0.4820
1432	-116.6031	-116.6031	-86.0934	0.7383	78.4720	0.6744	2.3e-04	0.4826
1433	-116.5879	-116.5879	-87.1244	0.7473	77.3068	0.6643	2.3e-04	0.4822
1434	-116.6037	-116.6037	-84.4633	0.7244	80.1873	0.6892	2.3e-04	0.4823
1435	-116.5952	-116.5952	-86.6806	0.7434	77.8240	0.6687	2.3e-04	0.4822
1436	-116.5936	-116.5936	-85.2737	0.7314	79.2434	0.6811	2.3e-04	0.4822
1437	-116.6104	-116.6104	-86.5174	0.7419	77.9610	0.6700	2.3e-04	0.4820
1438	-116.5940	-116.5940	-82.8012	0.7102	81.8813	0.7038	2.3e-04	0.4817
1439	-116.5903	-116.5903	-83.5091	0.7163	81.1841	0.6978	2.3e-04	0.4823
1440	-116.6222	-116.6222	-83.6831	0.7176	81.0195	0.6963	2.3e-04	0.4827
1441	-116.5932	-116.5932	-84.6757	0.7262	79.9616	0.6874	2.3e-04	0.4822
1442	-116.6044	-116.6044	-84.5876	0.7254	80.0869	0.6883	2.3e-04	0.4827
1443	-116.6111	-116.6111	-85.4557	0.7328	79.1704	0.6803	2.3e-04	0.4829
1444	-116.5983	-116.5983	-84.1631	0.7218	80.5154	0.6920	2.3e-04	0.4823
1445	-116.6054	-116.6054	-86.1792	0.7391	78.3520	0.6733	2.3e-04	0.4821
1446	-116.5926	-116.5926	-84.9976	0.7290	79.6494	0.6844	2.3e-04	0.4824
1447	-116.5934	-116.5934	-85.1364	0.7302	79.4849	0.6830	2.3e-04	0.4820
1448	-116.6209	-116.6209	-85.2630	0.7311	79.3961	0.6821	2.3e-04	0.4830
1449	-116.6090	-116.6090	-82.6726	0.7090	81.9415	0.7044	2.3e-04	0.4824
1450	-116.5911	-116.5911	-83.0597	0.7124	81.5720	0.7010	2.3e-04	0.4827
1451	-116.5995	-116.5995	-85.1447	0.7302	79.4998	0.6832	2.3e-04	0.4817
1452	-116.5983	-116.5983	-82.3558	0.7063	82.3654	0.7079	2.3e-04	0.4825
1453	-116.6098	-116.6098	-84.8702	0.7278	79.7967	0.6857	2.3e-04	0.4825
1454	-116.6185	-116.6185	-83.2949	0.7143	81.3595	0.6992	2.3e-04	0.4826
1455	-116.6036	-116.6036	-84.8477	0.7277	79.8265	0.6859	2.3e-04	0.4821
1456	-116.6079	-116.6079	-84.6087	0.7256	80.0604	0.6880	2.3e-04	0.4825
1457	-116.6062	-116.6062	-85.9162	0.7368	78.6379	0.6759	2.3e-04	0.4818
1458	-116.5989	-116.5989	-85.4401	0.7328	79.1885	0.6804	2.3e-04	0.4822
1459	-116.5911	-116.5911	-86.1834	0.7392	78.3601	0.6735	2.3e-04	0.4818
1460	-116.5900	-116.5900	-83.9094	0.7197	80.7813	0.6943	2.3e-04	0.4818
1461	-116.5949	-116.5949	-86.2215	0.7395	78.2993	0.6728	2.3e-04	0.4814
1462	-116.6112	-116.6112	-85.5559	0.7337	79.0743	0.6794	2.3e-04	0.4816
1463	-116.6102	-116.6102	-85.2275	0.7309	79.4429	0.6825	2.3e-04	0.4818
1464	-116.6193	-116.6193	-84.5362	0.7249	80.1499	0.6888	2.3e-04	0.4818
1465	-116.5784	-116.5784	-85.3682	0.7323	79.2563	0.6810	2.3e-04	0.4814
1466	-116.5839	-116.5839	-85.8965	0.7368	78.6914	0.6761	2.3e-04	0.4823
1467	-116.6177	-116.6177	-85.2474	0.7310	79.3538	0.6819	2.3e-04	0.4812
1468	-116.5756	-116.5756	-85.8062	0.7361	78.7880	0.6769	2.3e-04	0.4816
1469	-116.6054	-116.6054	-87.2032	0.7478	77.2329	0.6636	2.3e-04	0.4810
1470	-116.6086	-116.6086	-86.6035	0.7427	77.9101	0.6695	2.3e-04	0.4809
1471	-116.6018	-116.6018	-86.2839	0.7400	78.2477	0.6723	2.3e-04	0.4809
1472	-116.5829	-116.5829	-87.5712	0.7511	76.8136	0.6600	2.3e-04	0.4809
1473	-116.5849	-116.5849	-85.8652	0.7365	78.6870	0.6763	2.3e-04	0.4810
1474	-116.5773	-116.5773	-85.2812	0.7315	79.3338	0.6818	2.3e-04	0.4812
1475	-116.5958	-116.5958	-86.2768	0.7400	78.2609	0.6724	2.3e-04	0.4811
1476	-116.5970	-116.5970	-86.3029	0.7402	78.2563	0.6724	2.3e-04	0.4811
1477	-116.5860	-116.5860	-86.0949	0.7385	78.3664	0.6732	2.3e-04	0.4811
1478	-116.5937	-116.5937	-87.3380	0.7491	77.0980	0.6624	2.3e-04	0.4810
1479	-116.6056	-116.6056	-86.2233	0.7394	78.3256	0.6729	2.3e-04	0.4811
1480	-116.5834	-116.5834	-87.2633	0.7485	77.1637	0.6630	2.3e-04	0.4811
1481	-116.6028	-116.6028	-85.4282	0.7326	79.2041	0.6805	2.3e-04	0.4811
1482	-116.6011	-116.6011	-86.8670	0.7450	77.6099	0.6669	2.3e-04	0.4812
1483	-116.5946	-116.5946	-85.4897	0.7332	79.1214	0.6799	2.3e-04	0.4810
1484	-116.6055	-116.6055	-86.1005	0.7384	78.3244	0.6729	2.3e-04	0.4810
1485	-116.6100	-116.6100	-85.2774	0.7313	79.3903	0.6820	2.3e-04	0.4810
1486	-116.6038	-116.6038	-84.9990	0.7290	79.6534	0.6844	2.3e-04	0.4809
1487	-116.6112	-116.6112	-83.7777	0.7184	80.9526	0.6956	2.3e-04	0.4816
1488	-116.6004	-116.6004	-85.2659	0.7313	79.3808	0.6820	2.3e-04	0.4811
1489	-116.5870	-116.5870	-87.5012	0.7505	76.8817	0.6606	2.3e-04	0.4813
1490	-116.6032	-116.6032	-84.6546	0.7260	80.0098	0.6876	2.3e-04	0.4816
1491	-116.5856	-116.5856	-87.5867	0.7513	76.8042	0.6600	2.3e-04	0.4811
1492	-116.6026	-116.6026	-84.9238	0.7283	79.7268	0.6850	2.3e-04	0.4808
1493	-116.5793	-116.5793	-87.9452	0.7544	76.3592	0.6560	2.3e-04	0.4815
1494	-116.5969	-116.5969	-86.2307	0.7396	78.2958	0.6728	2.3e-04	0.4817
1495	-116.6069	-116.6069	-85.2455	0.7311	79.3959	0.6823	2.3e-04	0.4813
1496	-116.6034	-116.6034	-86.7481	0.7440	77.7137	0.6677	2.3e-04	0.4813
1497	-116.5813	-116.5813	-87.9403	0.7543	76.3971	0.6564	2.3e-04	0.4815
1498	-116.5928	-116.5928	-85.5328	0.7336	79.0698	0.6794	2.3e-04	0.4810
1499	-116.5915	-116.5915	-86.1620	0.7390	78.3690	0.6734	2.3e-04	0.4815
1500	-116.6200	-116.6200	-84.2704	0.7226	80.4147	0.6911	2.3e-04	0.4810
1501	-116.5965	-116.5965	-84.9934	0.7290	79.6374	0.6844	2.3e-04	0.4811
1502	-116.6044	-116.6044	-84.0530	0.7208	80.6663	0.6931	2.3e-04	0.4815
1503	-116.5762	-116.5762	-85.9496	0.7373	78.5986	0.6755	2.3e-04	0.4815
1504	-116.5770	-116.5770	-84.9216	0.7285	79.7203	0.6851	2.3e-04	0.4808
1505	-116.5769	-116.5769	-84.8282	0.7277	79.8319	0.6859	2.3e-04	0.4815
1506	-116.5853	-116.5853	-84.5310	0.7251	80.1476	0.6887	2.3e-04	0.4807
1507	-116.5903	-116.5903	-83.9829	0.7203	80.6289	0.6928	2.3e-04	0.4814
1508	-116.5863	-116.5863	-85.6153	0.7344	78.9757	0.6786	2.3e-04	0.4805
1509	-116.6050	-116.6050	-82.8610	0.7106	81.8912	0.7036	2.3e-04	0.4813
1510	-116.5848	-116.5848	-82.9629	0.7116	81.6553	0.7017	2.3e-04	0.4817
1511	-116.6142	-116.6142	-83.4921	0.7160	81.2202	0.6979	2.3e-04	0.4810
1512	-116.6089	-116.6089	-83.2278	0.7137	81.3978	0.6994	2.3e-04	0.4807
1513	-116.6018	-116.6018	-82.7914	0.7100	81.9120	0.7038	2.3e-04	0.4813
1514	-116.5978	-116.5978	-84.8867	0.7280	79.7414	0.6852	2.3e-04	0.4808
1515	-116.5953	-116.5953	-85.6109	0.7343	79.0205	0.6788	2.3e-04	0.4810
1516	-116.5895	-116.5895	-89.2628	0.7656	74.8692	0.6430	2.3e-04	0.4807
1517	-116.6065	-116.6065	-89.1149	0.7642	75.0605	0.6448	2.3e-04	0.4815
1518	-116.5825	-116.5825	-88.6852	0.7607	75.5580	0.6490	2.3e-04	0.4804
1519	-116.5798	-116.5798	-89.1110	0.7644	75.0635	0.6448	2.3e-04	0.4814
1520	-116.5918	-116.5918	-90.5393	0.7765	73.2420	0.6292	2.3e-04	0.4805
1521	-116.5646	-116.5646	-90.7400	0.7785	73.0698	0.6277	2.3e-04	0.4810
1522	-116.5789	-116.5789	-91.3685	0.7837	72.3047	0.6211	2.3e-04	0.4806
1523	-116.5799	-116.5799	-92.8328	0.7963	70.4119	0.6048	2.3e-04	0.4812
1524	-116.5887	-116.5887	-92.4332	0.7928	70.8933	0.6088	2.3e-04	0.4809
1525	-116.5783	-116.5783	-92.1748	0.7907	71.2850	0.6122	2.3e-04	0.4813
1526	-116.5678	-116.5678	-90.5120	0.7765	73.3345	0.6299	2.3e-04	0.4810
1527	-116.5847	-116.5847	-91.9361	0.7886	71.5584	0.6146	2.3e-04	0.4811
1528	-116.5923	-116.5923	-92.0385	0.7894	71.4804	0.6139	2.3e-04	0.4807
1529	-116.5804	-116.5804	-92.3542	0.7922	71.0267	0.6100	2.3e-04	0.4813
1530	-116.5688	-116.5688	-91.5715	0.7856	72.0327	0.6187	2.3e-04	0.4806
1531	-116.5797	-116.5797	-90.9079	0.7798	72.8554	0.6257	2.3e-04	0.4811
1532	-116.5874	-116.5874	-91.0188	0.7807	72.7618	0.6249	2.3e-04	0.4811
1533	-116.5749	-116.5749	-91.7467	0.7870	71.8288	0.6169	2.3e-04	0.4815
1534	-116.5840	-116.5840	-92.1400	0.7903	71.3313	0.6127	2.3e-04	0.4809
1535	-116.5891	-116.5891	-92.9153	0.7969	70.3330	0.6040	2.3e-04	0.4811
1536	-116.5925	-116.5925	-90.8958	0.7796	72.9179	0.6263	2.3e-04	0.4809
1537	-116.5709	-116.5709	-90.2944	0.7746	73.6390	0.6324	2.3e-04	0.4814
1538	-116.5722	-116.5722	-91.8558	0.7880	71.6819	0.6157	2.3e-04	0.4806
1539	-116.5836	-116.5836	-90.7089	0.7781	73.1103	0.6279	2.3e-04	0.4814
1540	-116.5837	-116.5837	-91.6780	0.7864	71.8832	0.6174	2.3e-04	0.4809
1541	-116.5755	-116.5755	-92.1258	0.7903	71.3325	0.6128	2.3e-04	0.4811
1542	-116.6046	-116.6046	-90.4978	0.7761	73.3640	0.6302	2.3e-04	0.4804
1543	-116.6072	-116.6072	-90.3613	0.7749	73.5882	0.6321	2.3e-04	0.4816
1544	-116.5806	-116.5806	-90.1419	0.7732	73.7281	0.6333	2.3e-04	0.4814
1545	-116.6054	-116.6054	-89.5525	0.7680	74.5450	0.6402	2.3e-04	0.4814
1546	-116.5716	-116.5716	-90.1570	0.7734	73.7847	0.6338	2.3e-04	0.4815
1547	-116.5954	-116.5954	-89.1649	0.7647	75.0145	0.6443	2.3e-04	0.4814
1548	-116.5936	-116.5936	-87.7041	0.7522	76.7043	0.6588	2.3e-04	0.4814
1549	-116.5853	-116.5853	-89.8347	0.7705	74.1724	0.6371	2.3e-04	0.4812
1550	-116.5878	-116.5878	-89.8319	0.7705	73.7923	0.6339	2.3e-04	0.4813
1551	-116.6005	-116.6005	-88.2517	0.7569	76.0353	0.6531	2.3e-04	0.4810
1552	-116.5938	-116.5938	-89.2796	0.7657	74.7296	0.6419	2.3e-04	0.4810
1553	-116.5948	-116.5948	-88.7592	0.7613	75.4659	0.6483	2.3e-04	0.4815
1554	-116.5984	-116.5984	-87.7971	0.7530	76.6093	0.6580	2.3e-04	0.4808
1555	-116.5937	-116.5937	-88.3145	0.7575	75.9953	0.6528	2.3e-04	0.4811
1556	-116.5765	-116.5765	-89.7757	0.7701	74.2548	0.6379	2.3e-04	0.4815
1557	-116.5956	-116.5956	-88.1479	0.7560	76.1669	0.6543	2.3e-04	0.4817
1558	-116.5869	-116.5869	-88.9883	0.7633	75.2086	0.6461	2.3e-04	0.4820
1559	-116.6058	-116.6058	-88.6333	0.7601	75.5819	0.6493	2.3e-04	0.4815
1560	-116.5891	-116.5891	-88.7124	0.7609	75.1601	0.6457	2.3e-04	0.4821
1561	-116.6028	-116.6028	-86.9862	0.7460	77.5202	0.6659	2.3e-04	0.4814
1562	-116.5783	-116.5783	-89.0189	0.7636	74.9703	0.6440	2.3e-04	0.4817
1563	-116.5821	-116.5821	-88.9837	0.7633	75.1970	0.6460	2.3e-04	0.4820
1564	-116.5846	-116.5846	-90.1370	0.7731	73.8228	0.6342	2.3e-04	0.4820
1565	-116.6041	-116.6041	-89.0961	0.7641	75.0990	0.6451	2.3e-04	0.4813
1566	-116.5876	-116.5876	-88.2568	0.7570	76.0544	0.6532	2.3e-04	0.4813
1567	-116.5928	-116.5928	-88.0738	0.7554	76.2860	0.6553	2.3e-04	0.4817
1568	-116.5977	-116.5977	-88.6806	0.7606	75.5547	0.6490	2.3e-04	0.4814
1569	-116.6097	-116.6097	-87.4795	0.7502	76.9742	0.6612	2.3e-04	0.4813
1570	-116.5855	-116.5855	-87.9337	0.7542	76.4246	0.6565	2.3e-04	0.4816
1571	-116.5828	-116.5828	-88.1968	0.7565	76.1283	0.6540	2.3e-04	0.4815
1572	-116.5982	-116.5982	-88.0001	0.7547	76.2393	0.6550	2.3e-04	0.4819
1573	-116.5824	-116.5824	-90.3362	0.7749	73.5268	0.6316	2.3e-04	0.4817
1574	-116.5922	-116.5922	-89.3129	0.7660	74.8401	0.6428	2.3e-04	0.4817
1575	-116.5896	-116.5896	-89.1034	0.7642	75.0628	0.6448	2.3e-04	0.4820
1576	-116.5969	-116.5969	-87.5813	0.7511	76.8416	0.6601	2.3e-04	0.4821
1577	-116.5801	-116.5801	-89.4988	0.7677	74.5261	0.6402	2.3e-04	0.4817
1578	-116.6117	-116.6117	-87.2342	0.7481	77.2456	0.6636	2.3e-04	0.4814
1579	-116.5943	-116.5943	-88.3842	0.7580	75.9043	0.6521	2.3e-04	0.4820
1580	-116.6042	-116.6042	-88.2405	0.7568	76.0947	0.6537	2.3e-04	0.4824
1581	-116.6069	-116.6069	-88.0790	0.7553	76.2450	0.6551	2.3e-04	0.4824
1582	-116.6032	-116.6032	-88.6323	0.7601	75.5415	0.6489	2.3e-04	0.4815
1583	-116.6071	-116.6071	-88.5877	0.7597	75.6685	0.6501	2.3e-04	0.4822
1584	-116.6036	-116.6036	-86.3547	0.7406	78.2176	0.6720	2.3e-04	0.4824
1585	-116.5820	-116.5820	-88.1000	0.7557	76.1918	0.6547	2.3e-04	0.4816
1586	-116.5867	-116.5867	-88.2936	0.7573	76.0153	0.6530	2.3e-04	0.4817
1587	-116.5882	-116.5882	-90.0730	0.7726	73.9132	0.6349	2.3e-04	0.4819
1588	-116.5972	-116.5972	-88.3433	0.7577	75.9598	0.6526	2.3e-04	0.4825
1589	-116.6077	-116.6077	-86.7473	0.7439	77.7447	0.6680	2.3e-04	0.4825
1590	-116.5963	-116.5963	-87.9930	0.7547	76.3472	0.6559	2.3e-04	0.4833
1591	-116.5915	-116.5915	-87.0032	0.7462	77.4999	0.6657	2.3e-04	0.4828
1592	-116.6023	-116.6023	-88.1243	0.7558	76.2261	0.6548	2.3e-04	0.4823
1593	-116.5874	-116.5874	-89.3676	0.7665	74.7094	0.6418	2.3e-04	0.4821
1594	-116.5881	-116.5881	-87.0327	0.7465	77.4199	0.6652	2.3e-04	0.4820
1595	-116.5890	-116.5890	-88.0237	0.7550	76.3304	0.6557	2.3e-04	0.4829
1596	-116.5982	-116.5982	-89.6200	0.7686	74.3680	0.6389	2.3e-04	0.4827
1597	-116.5980	-116.5980	-88.2314	0.7567	76.0928	0.6537	2.3e-04	0.4820
1598	-116.5967	-116.5967	-88.6796	0.7606	75.5598	0.6491	2.3e-04	0.4820
1599	-116.5927	-116.5927	-87.5683	0.7511	76.8432	0.6601	2.3e-04	0.4824
1600	-116.6115	-116.6115	-87.8735	0.7536	76.5146	0.6574	2.3e-04	0.4827
1601	-116.5831	-116.5831	-87.0882	0.7470	77.3216	0.6643	2.3e-04	0.4826
1602	-116.5930	-116.5930	-87.6766	0.7520	76.6631	0.6586	2.3e-04	0.4821
1603	-116.5993	-116.5993	-87.5426	0.7508	76.8766	0.6605	2.3e-04	0.4820
1604	-116.5859	-116.5859	-87.3180	0.7490	77.1290	0.6626	2.3e-04	0.4824
1605	-116.6047	-116.6047	-84.5837	0.7254	80.1090	0.6882	2.3e-04	0.4821
1606	-116.6165	-116.6165	-85.3043	0.7315	79.3690	0.6818	2.3e-04	0.4819
1607	-116.6048	-116.6048	-87.8943	0.7538	76.4492	0.6569	2.3e-04	0.4821
1608	-116.5981	-116.5981	-87.6874	0.7520	76.6558	0.6585	2.3e-04	0.4825
1609	-116.5899	-116.5899	-89.0808	0.7641	75.0668	0.6450	2.3e-04	0.4824
1610	-116.5953	-116.5953	-88.8833	0.7623	75.3296	0.6472	2.3e-04	0.4821
1611	-116.5823	-116.5823	-87.5931	0.7513	76.7649	0.6595	2.3e-04	0.4824
1612	-116.6089	-116.6089	-85.7711	0.7355	78.7730	0.6768	2.3e-04	0.4820
1613	-116.6000	-116.6000	-87.8483	0.7534	76.5370	0.6575	2.3e-04	0.4818
1614	-116.6102	-116.6102	-87.2501	0.7482	77.2148	0.6634	2.3e-04	0.4818
1615	-116.6032	-116.6032	-87.0189	0.7463	77.4658	0.6656	2.3e-04	0.4812
1616	-116.5908	-116.5908	-87.5058	0.7505	76.8997	0.6607	2.3e-04	0.4827
1617	-116.6006	-116.6006	-86.9757	0.7459	77.5211	0.6660	2.3e-04	0.4814
1618	-116.5853	-116.5853	-88.5734	0.7597	75.6770	0.6502	2.3e-04	0.4821
1619	-116.5880	-116.5880	-87.8972	0.7539	76.4474	0.6568	2.3e-04	0.4812
1620	-116.6001	-116.6001	-88.1609	0.7561	76.1781	0.6545	2.3e-04	0.4813
1621	-116.5945	-116.5945	-88.1944	0.7564	76.1174	0.6540	2.3e-04	0.4812
1622	-116.5791	-116.5791	-91.0444	0.7810	72.6905	0.6245	2.3e-04	0.4807
1623	-116.5965	-116.5965	-89.8361	0.7705	74.1812	0.6373	2.3e-04	0.4811
1624	-116.5920	-116.5920	-87.7797	0.7529	76.6160	0.6582	2.3e-04	0.4809
1625	-116.5886	-116.5886	-90.3320	0.7748	73.5130	0.6316	2.3e-04	0.4813
1626	-116.6032	-116.6032	-89.1876	0.7649	74.9845	0.6441	2.3e-04	0.4805
1627	-116.5957	-116.5957	-89.3159	0.7660	74.8211	0.6428	2.3e-04	0.4813
1628	-116.5949	-116.5949	-88.4427	0.7585	75.8360	0.6514	2.3e-04	0.4811
1629	-116.6015	-116.6015	-87.0411	0.7465	77.4659	0.6654	2.3e-04	0.4810
1630	-116.6027	-116.6027	-89.2177	0.7651	74.9286	0.6438	2.3e-04	0.4808
1631	-116.5957	-116.5957	-90.4428	0.7757	73.4535	0.6311	2.3e-04	0.4816
1632	-116.6001	-116.6001	-89.2059	0.7651	74.9556	0.6439	2.3e-04	0.4806
1633	-116.6023	-116.6023	-86.6047	0.7427	77.9437	0.6695	2.3e-04	0.4815
1634	-116.6025	-116.6025	-86.7061	0.7436	77.7641	0.6681	2.3e-04	0.4805
1635	-116.5942	-116.5942	-88.6955	0.7607	75.5360	0.6489	2.3e-04	0.4812
1636	-116.5872	-116.5872	-89.4737	0.7674	74.6245	0.6411	2.3e-04	0.4804
1637	-116.6048	-116.6048	-86.3826	0.7408	78.1781	0.6717	2.3e-04	0.4815
1638	-116.6032	-116.6032	-87.6167	0.7514	76.8037	0.6598	2.3e-04	0.4810
1639	-116.5980	-116.5980	-88.0885	0.7555	76.2536	0.6550	2.3e-04	0.4810
1640	-116.5762	-116.5762	-87.5944	0.7514	76.8002	0.6599	2.3e-04	0.4805
1641	-116.6052	-116.6052	-87.0917	0.7469	77.3848	0.6648	2.3e-04	0.4814
1642	-116.6030	-116.6030	-88.8174	0.7617	75.4095	0.6479	2.3e-04	0.4804
1643	-116.5884	-116.5884	-89.7656	0.7699	74.2468	0.6378	2.3e-04	0.4812
1644	-116.5892	-116.5892	-88.5273	0.7593	75.7192	0.6506	2.3e-04	0.4809
1645	-116.5954	-116.5954	-90.0518	0.7723	73.9185	0.6351	2.3e-04	0.4811
1646	-116.6100	-116.6100	-88.7459	0.7610	75.4958	0.6486	2.3e-04	0.4806
1647	-116.5931	-116.5931	-89.6290	0.7687	74.3825	0.6390	2.3e-04	0.4812
1648	-116.5826	-116.5826	-88.9057	0.7626	75.2850	0.6469	2.3e-04	0.4804
1649	-116.5992	-116.5992	-88.9031	0.7625	75.2938	0.6469	2.3e-04	0.4813
1650	-116.6103	-116.6103	-88.8244	0.7617	75.3954	0.6478	2.3e-04	0.4810
1651	-116.5738	-116.5738	-89.8825	0.7710	74.1096	0.6368	2.3e-04	0.4815
1652	-116.5789	-116.5789	-89.3602	0.7665	74.7432	0.6422	2.3e-04	0.4805
1653	-116.6051	-116.6051	-86.9267	0.7455	77.5697	0.6665	2.3e-04	0.4814
1654	-116.6003	-116.6003	-87.7063	0.7522	76.6691	0.6588	2.3e-04	0.4806
1655	-116.5735	-116.5735	-89.5106	0.7678	74.5498	0.6406	2.3e-04	0.4813
1656	-116.6078	-116.6078	-88.2209	0.7566	76.0713	0.6536	2.3e-04	0.4807
1657	-116.5965	-116.5965	-88.9966	0.7633	75.1585	0.6456	2.3e-04	0.4814
1658	-116.5835	-116.5835	-90.8359	0.7791	72.9496	0.6268	2.3e-04	0.4809
1659	-116.5963	-116.5963	-88.2126	0.7566	76.0918	0.6538	2.3e-04	0.4814
1660	-116.6235	-116.6235	-87.0973	0.7468	77.3863	0.6650	2.3e-04	0.4807
1661	-116.6092	-116.6092	-86.3519	0.7405	78.1774	0.6717	2.3e-04	0.4812
1662	-116.5848	-116.5848	-88.6312	0.7602	75.5816	0.6493	2.3e-04	0.4806
1663	-116.6073	-116.6073	-86.9257	0.7455	77.5213	0.6660	2.3e-04	0.4813
1664	-116.5994	-116.5994	-89.0443	0.7637	75.1420	0.6456	2.3e-04	0.4807
1665	-116.5926	-116.5926	-87.9168	0.7541	76.4331	0.6566	2.3e-04	0.4815
1666	-116.6007	-116.6007	-87.5421	0.7508	76.8761	0.6605	2.2e-04	0.4805
1667	-116.6182	-116.6182	-87.9516	0.7542	76.3505	0.6560	2.2e-04	0.4818
1668	-116.6115	-116.6115	-87.7071	0.7521	76.7043	0.6589	2.2e-04	0.4806
1669	-116.5801	-116.5801	-90.3150	0.7747	73.4836	0.6314	2.2e-04	0.4812
1670	-116.5961	-116.5961	-88.4067	0.7582	75.8880	0.6520	2.2e-04	0.4806
1671	-116.5821	-116.5821	-89.6240	0.7688	74.4253	0.6395	2.2e-04	0.4814
1672	-116.5974	-116.5974	-88.0817	0.7554	76.2249	0.6550	2.2e-04	0.4806
1673	-116.5862	-116.5862	-89.6311	0.7688	74.4105	0.6394	2.2e-04	0.4812
1674	-116.5832	-116.5832	-89.3422	0.7663	74.7571	0.6423	2.2e-04	0.4813
1675	-116.5962	-116.5962	-88.6309	0.7602	75.6357	0.6497	2.2e-04	0.4818
1676	-116.5904	-116.5904	-86.5272	0.7421	77.9558	0.6698	2.2e-04	0.4805
1677	-116.5936	-116.5936	-88.9798	0.7632	75.1752	0.6460	2.2e-04	0.4816
1678	-116.5805	-116.5805	-88.2029	0.7566	76.0996	0.6538	2.2e-04	0.4812
1679	-116.5889	-116.5889	-89.0537	0.7638	75.1152	0.6454	2.2e-04	0.4812
1680	-116.6200	-116.6200	-88.6123	0.7598	75.6448	0.6500	2.2e-04	0.4808
1681	-116.6030	-116.6030	-89.0521	0.7637	75.1208	0.6453	2.2e-04	0.4814
1682	-116.5913	-116.5913	-89.0178	0.7635	75.0923	0.6453	2.2e-04	0.4807
1683	-116.6038	-116.6038	-86.8455	0.7448	77.6526	0.6672	2.2e-04	0.4816
1684	-116.6003	-116.6003	-87.5036	0.7505	76.8793	0.6604	2.2e-04	0.4809
1685	-116.5903	-116.5903	-88.4611	0.7587	75.7460	0.6507	2.2e-04	0.4815
1686	-116.5944	-116.5944	-89.2280	0.7653	74.9026	0.6436	2.2e-04	0.4808
1687	-116.6005	-116.6005	-87.0036	0.7462	77.4790	0.6658	2.2e-04	0.4816
1688	-116.6080	-116.6080	-87.7997	0.7529	76.5775	0.6579	2.2e-04	0.4806
1689	-116.5942	-116.5942	-89.0084	0.7634	75.1451	0.6458	2.2e-04	0.4808
1690	-116.5918	-116.5918	-89.5481	0.7680	74.5041	0.6401	2.2e-04	0.4805
1691	-116.6075	-116.6075	-87.9264	0.7540	76.4435	0.6568	2.2e-04	0.4812
1692	-116.5956	-116.5956	-88.1219	0.7558	76.2075	0.6547	2.2e-04	0.4806
1693	-116.5973	-116.5973	-88.1369	0.7559	76.1787	0.6544	2.2e-04	0.4811
1694	-116.5978	-116.5978	-87.8918	0.7538	76.4510	0.6568	2.2e-04	0.4812
1695	-116.6015	-116.6015	-88.3771	0.7579	75.9444	0.6523	2.2e-04	0.4813
1696	-116.5989	-116.5989	-88.4547	0.7586	75.7111	0.6504	2.2e-04	0.4804
1697	-116.5997	-116.5997	-87.8601	0.7535	76.5017	0.6573	2.2e-04	0.4812
1698	-116.5880	-116.5880	-89.4506	0.7672	74.6574	0.6414	2.2e-04	0.4806
1699	-116.5829	-116.5829	-88.0462	0.7552	76.1989	0.6548	2.2e-04	0.4810
1700	-116.6014	-116.6014	-87.2863	0.7486	77.1002	0.6624	2.2e-04	0.4805
1701	-116.5901	-116.5901	-88.7725	0.7614	75.4487	0.6483	2.2e-04	0.4810
1702	-116.5951	-116.5951	-87.5550	0.7509	76.8463	0.6602	2.2e-04	0.4805
1703	-116.5883	-116.5883	-88.9977	0.7634	75.1526	0.6457	2.2e-04	0.4811
1704	-116.6073	-116.6073	-87.6062	0.7513	76.7107	0.6591	2.2e-04	0.4807
1705	-116.5878	-116.5878	-87.1963	0.7479	77.2567	0.6638	2.2e-04	0.4814
1706	-116.6082	-116.6082	-87.5599	0.7509	76.8484	0.6603	2.2e-04	0.4806
1707	-116.5938	-116.5938	-89.6873	0.7692	74.3546	0.6388	2.2e-04	0.4810
1708	-116.5997	-116.5997	-88.6069	0.7599	75.6005	0.6496	2.2e-04	0.4806
1709	-116.5999	-116.5999	-87.9845	0.7546	76.3105	0.6558	2.2e-04	0.4813
1710	-116.6004	-116.6004	-90.1567	0.7732	73.7564	0.6337	2.2e-04	0.4811
1711	-116.6034	-116.6034	-88.1886	0.7563	76.1326	0.6541	2.2e-04	0.4811
1712	-116.5978	-116.5978	-88.4694	0.7588	75.8074	0.6513	2.2e-04	0.4814
1713	-116.6113	-116.6113	-87.9891	0.7545	76.3787	0.6561	2.2e-04	0.4812
1714	-116.6002	-116.6002	-89.3416	0.7662	74.7471	0.6424	2.2e-04	0.4815
1715	-116.5820	-116.5820	-88.8585	0.7622	75.2883	0.6469	2.2e-04	0.4812
1716	-116.5862	-116.5862	-89.8001	0.7702	74.2265	0.6377	2.2e-04	0.4815
1717	-116.5961	-116.5961	-88.8930	0.7624	75.3089	0.6470	2.2e-04	0.4812
1718	-116.5936	-116.5936	-89.1234	0.7644	75.0242	0.6446	2.2e-04	0.4814
1719	-116.5926	-116.5926	-88.6803	0.7606	75.5558	0.6491	2.2e-04	0.4817
1720	-116.6150	-116.6150	-89.4025	0.7666	74.7376	0.6420	2.2e-04	0.4814
1721	-116.6008	-116.6008	-88.6914	0.7606	75.5484	0.6492	2.2e-04	0.4816
1722	-116.5979	-116.5979	-89.3027	0.7659	74.8236	0.6430	2.2e-04	0.4819
1723	-116.5800	-116.5800	-89.1341	0.7646	74.9856	0.6443	2.2e-04	0.4816
1724	-116.6025	-116.6025	-88.7787	0.7614	75.4273	0.6479	2.2e-04	0.4819
1725	-116.5861	-116.5861	-90.9924	0.7805	72.7513	0.6251	2.2e-04	0.4822
1726	-116.6011	-116.6011	-87.4510	0.7500	76.9848	0.6614	2.2e-04	0.4814
1727	-116.5977	-116.5977	-88.2805	0.7571	75.9375	0.6525	2.2e-04	0.4816
1728	-116.6042	-116.6042	-86.9345	0.7456	77.5494	0.6663	2.2e-04	0.4818
1729	-116.5774	-116.5774	-88.8974	0.7626	75.2874	0.6469	2.2e-04	0.4816
1730	-116.6072	-116.6072	-87.2763	0.7485	77.1273	0.6627	2.2e-04	0.4814
1731	-116.5909	-116.5909	-89.3892	0.7667	74.6514	0.6413	2.2e-04	0.4820
1732	-116.5921	-116.5921	-88.1122	0.7557	76.2308	0.6549	2.2e-04	0.4819
1733	-116.6033	-116.6033	-89.2901	0.7658	74.7969	0.6426	2.2e-04	0.4817
1734	-116.6026	-116.6026	-88.9523	0.7629	75.2582	0.6465	2.2e-04	0.4819
1735	-116.5983	-116.5983	-89.5515	0.7680	74.5242	0.6404	2.2e-04	0.4822
1736	-116.5963	-116.5963	-90.3396	0.7748	73.5841	0.6321	2.2e-04	0.4821
1737	-116.6091	-116.6091	-88.3074	0.7573	76.0102	0.6530	2.2e-04	0.4820
1738	-116.6028	-116.6028	-91.0247	0.7806	72.7364	0.6249	2.2e-04	0.4822
1739	-116.6023	-116.6023	-90.4560	0.7758	73.4281	0.6309	2.2e-04	0.4818
1740	-116.5823	-116.5823	-91.7672	0.7871	71.7845	0.6168	2.2e-04	0.4819
1741	-116.6099	-116.6099	-87.6098	0.7513	76.7924	0.6598	2.2e-04	0.4818
1742	-116.6144	-116.6144	-88.1734	0.7561	76.0448	0.6533	2.2e-04	0.4824
1743	-116.6144	-116.6144	-87.5403	0.7507	76.8917	0.6606	2.2e-04	0.4823
1744	-116.5963	-116.5963	-87.8617	0.7536	76.5049	0.6573	2.2e-04	0.4817
1745	-116.6040	-116.6040	-89.6494	0.7688	74.3694	0.6391	2.2e-04	0.4821
1746	-116.5897	-116.5897	-87.9652	0.7545	76.3867	0.6563	2.2e-04	0.4824
1747	-116.5950	-116.5950	-88.2037	0.7565	76.1135	0.6540	2.2e-04	0.4822
1748	-116.6026	-116.6026	-88.3335	0.7576	75.9852	0.6528	2.2e-04	0.4818
1749	-116.5632	-116.5632	-91.5581	0.7855	72.0116	0.6189	2.2e-04	0.4818
1750	-116.5939	-116.5939	-88.0011	0.7548	76.3156	0.6557	2.2e-04	0.4819
1751	-116.5972	-116.5972	-86.3096	0.7402	78.2549	0.6723	2.2e-04	0.4822
1752	-116.5904	-116.5904	-87.9767	0.7546	76.3683	0.6562	2.2e-04	0.4825
1753	-116.5914	-116.5914	-89.6839	0.7692	74.3696	0.6389	2.2e-04	0.4818
1754	-116.5759	-116.5759	-89.9920	0.7720	73.9781	0.6357	2.2e-04	0.4821
1755	-116.6141	-116.6141	-86.9451	0.7456	77.5642	0.6664	2.2e-04	0.4823
1756	-116.5988	-116.5988	-89.6265	0.7687	74.4444	0.6396	2.2e-04	0.4820
1757	-116.5789	-116.5789	-88.4188	0.7584	75.8516	0.6517	2.2e-04	0.4815
1758	-116.6028	-116.6028	-87.5764	0.7511	76.7645	0.6595	2.2e-04	0.4820
1759	-116.6061	-116.6061	-88.1606	0.7561	76.1208	0.6540	2.2e-04	0.4815
1760	-116.6056	-116.6056	-89.6554	0.7689	74.4026	0.6392	2.2e-04	0.4815
1761	-116.6003	-116.6003	-88.1480	0.7560	76.1794	0.6546	2.2e-04	0.4820
1762	-116.6044	-116.6044	-88.2136	0.7565	76.0250	0.6531	2.2e-04	0.4822
1763	-116.6012	-116.6012	-88.9650	0.7630	75.2332	0.6464	2.2e-04	0.4820
1764	-116.5996	-116.5996	-88.4840	0.7589	75.7594	0.6510	2.2e-04	0.4819
1765	-116.6185	-116.6185	-87.8364	0.7532	76.5620	0.6578	2.2e-04	0.4821
1766	-116.5974	-116.5974	-89.6139	0.7686	74.4662	0.6397	2.2e-04	0.4822
1767	-116.5885	-116.5885	-88.9341	0.7628	75.2448	0.6465	2.2e-04	0.4818
1768	-116.5944	-116.5944	-88.7037	0.7608	75.5185	0.6488	2.2e-04	0.4826
1769	-116.6102	-116.6102	-88.7237	0.7609	75.4583	0.6484	2.2e-04	0.4822
1770	-116.6028	-116.6028	-87.6691	0.7519	76.7328	0.6592	2.2e-04	0.4823
1771	-116.5751	-116.5751	-89.1970	0.7651	74.8784	0.6434	2.2e-04	0.4827
1772	-116.5843	-116.5843	-89.7766	0.7701	74.2427	0.6380	2.2e-04	0.4824
1773	-116.6004	-116.6004	-87.4618	0.7501	76.9698	0.6613	2.2e-04	0.4823
1774	-116.5986	-116.5986	-86.5892	0.7426	77.9430	0.6697	2.2e-04	0.4828
1775	-116.6042	-116.6042	-87.8759	0.7536	76.4271	0.6566	2.2e-04	0.4819
1776	-116.6035	-116.6035	-90.7678	0.7784	72.9362	0.6266	2.2e-04	0.4817
1777	-116.6063	-116.6063	-88.4174	0.7583	75.8613	0.6519	2.2e-04	0.4821
1778	-116.6050	-116.6050	-88.4096	0.7582	75.8814	0.6520	2.2e-04	0.4854
1779	-116.5927	-116.5927	-88.7159	0.7609	75.5049	0.6487	2.2e-04	0.4825
1780	-116.5887	-116.5887	-88.5069	0.7591	75.6649	0.6502	2.2e-04	0.4819
1781	-116.6041	-116.6041	-87.8420	0.7533	76.5306	0.6576	2.2e-04	0.4820
1782	-116.6029	-116.6029	-90.2990	0.7744	73.6320	0.6326	2.2e-04	0.4820
1783	-116.5892	-116.5892	-89.1663	0.7648	74.9764	0.6442	2.2e-04	0.4817
1784	-116.6056	-116.6056	-87.0831	0.7468	77.3971	0.6650	2.2e-04	0.4818
1785	-116.6081	-116.6081	-88.2175	0.7565	76.1179	0.6540	2.2e-04	0.4822
1786	-116.5741	-116.5741	-90.2428	0.7741	73.5776	0.6322	2.2e-04	0.4825
1787	-116.5981	-116.5981	-86.9701	0.7459	77.5280	0.6660	2.2e-04	0.4821
1788	-116.6050	-116.6050	-86.3380	0.7404	78.0718	0.6708	2.2e-04	0.4819
1789	-116.5928	-116.5928	-88.9632	0.7630	75.2198	0.6463	2.2e-04	0.4819
1790	-116.5948	-116.5948	-87.5877	0.7512	76.7573	0.6594	2.2e-04	0.4819
1791	-116.5800	-116.5800	-87.3148	0.7490	77.1101	0.6626	2.2e-04	0.4816
1792	-116.5919	-116.5919	-89.0678	0.7639	75.0874	0.6452	2.2e-04	0.4818
1793	-116.5917	-116.5917	-87.3953	0.7496	77.0359	0.6619	2.2e-04	0.4819
1794	-116.5840	-116.5840	-89.5144	0.7678	74.5723	0.6406	2.2e-04	0.4822
1795	-116.5916	-116.5916	-87.9682	0.7545	76.3879	0.6563	2.2e-04	0.4819
1796	-116.6036	-116.6036	-87.8275	0.7532	76.5090	0.6573	2.2e-04	0.4823
1797	-116.6059	-116.6059	-89.0414	0.7636	75.1555	0.6456	2.2e-04	0.4819
1798	-116.6064	-116.6064	-90.0213	0.7720	73.9690	0.6355	2.2e-04	0.4822
1799	-116.5796	-116.5796	-88.2666	0.7571	76.0234	0.6532	2.2e-04	0.4817
1800	-116.5867	-116.5867	-88.2819	0.7572	76.0065	0.6531	2.2e-04	0.4820
1801	-116.5816	-116.5816	-88.3640	0.7580	75.8677	0.6518	2.2e-04	0.4817
1802	-116.6019	-116.6019	-89.6671	0.7690	74.4015	0.6392	2.2e-04	0.4817
1803	-116.5776	-116.5776	-89.7535	0.7699	74.2430	0.6378	2.2e-04	0.4818
1804	-116.5846	-116.5846	-87.8725	0.7537	76.4554	0.6569	2.2e-04	0.4818
1805	-116.5749	-116.5749	-90.0048	0.7721	73.9522	0.6355	2.2e-04	0.4815
1806	-116.5818	-116.5818	-89.7519	0.7699	74.2439	0.6379	2.2e-04	0.4818
1807	-116.6238	-116.6238	-87.6134	0.7512	76.8231	0.6600	2.2e-04	0.4818
1808	-116.5913	-116.5913	-88.2386	0.7568	76.0238	0.6530	2.2e-04	0.4820
1809	-116.5927	-116.5927	-88.1454	0.7560	76.1623	0.6543	2.2e-04	0.4820
1810	-116.6259	-116.6259	-86.9243	0.7453	77.4927	0.6658	2.2e-04	0.4817
1811	-116.6059	-116.6059	-89.1389	0.7644	74.9857	0.6443	2.2e-04	0.4817
1812	-116.5909	-116.5909	-89.2713	0.7657	74.7114	0.6418	2.2e-04	0.4818
1813	-116.5950	-116.5950	-89.5962	0.7684	74.4812	0.6399	2.2e-04	0.4817
1814	-116.6079	-116.6079	-87.1505	0.7474	77.3364	0.6644	2.2e-04	0.4821
1815	-116.6132	-116.6132	-86.2448	0.7396	78.3421	0.6730	2.2e-04	0.4819
1816	-116.5937	-116.5937	-88.3318	0.7576	75.9554	0.6525	2.2e-04	0.4818
1817	-116.5882	-116.5882	-89.2513	0.7655	74.8858	0.6434	2.2e-04	0.4818
1818	-116.5870	-116.5870	-88.1286	0.7559	76.1519	0.6543	2.2e-04	0.4818
1819	-116.6018	-116.6018	-86.6902	0.7435	77.8286	0.6687	2.2e-04	0.4821
1820	-116.5976	-116.5976	-89.2918	0.7658	74.8515	0.6430	2.2e-04	0.4819
1821	-116.5984	-116.5984	-89.6992	0.7693	74.3578	0.6389	2.2e-04	0.4815
1822	-116.5874	-116.5874	-88.9369	0.7628	75.1847	0.6460	2.2e-04	0.4819
1823	-116.6178	-116.6178	-88.7537	0.7611	75.4848	0.6485	2.2e-04	0.4817
1824	-116.6113	-116.6113	-88.4286	0.7583	75.8626	0.6517	2.2e-04	0.4813
1825	-116.5823	-116.5823	-89.1190	0.7644	75.0035	0.6445	2.2e-04	0.4817
1826	-116.5963	-116.5963	-89.1620	0.7647	74.9840	0.6442	2.2e-04	0.4826
1827	-116.6081	-116.6081	-88.6010	0.7598	75.6419	0.6499	2.2e-04	0.4816
1828	-116.5985	-116.5985	-89.6200	0.7686	74.4303	0.6395	2.2e-04	0.4817
1829	-116.5779	-116.5779	-89.4167	0.7670	74.6207	0.6411	2.2e-04	0.4815
1830	-116.5944	-116.5944	-89.6110	0.7686	74.4485	0.6398	2.2e-04	0.4816
1831	-116.6046	-116.6046	-88.3354	0.7576	75.9700	0.6527	2.2e-04	0.4821
1832	-116.5935	-116.5935	-89.2273	0.7653	74.9279	0.6436	2.2e-04	0.4817
1833	-116.5915	-116.5915	-89.0739	0.7640	75.0962	0.6452	2.2e-04	0.4813
1834	-116.5948	-116.5948	-90.9069	0.7797	72.8740	0.6261	2.2e-04	0.4819
1835	-116.6016	-116.6016	-89.7666	0.7699	74.2751	0.6381	2.2e-04	0.4824
1836	-116.5872	-116.5872	-91.0491	0.7810	72.6354	0.6241	2.2e-04	0.4817
1837	-116.5900	-116.5900	-89.8577	0.7707	74.1596	0.6372	2.2e-04	0.4820
1838	-116.6048	-116.6048	-87.8567	0.7535	76.5188	0.6574	2.2e-04	0.4815
1839	-116.5964	-116.5964	-89.6166	0.7686	74.4048	0.6392	2.2e-04	0.4815
1840	-116.6022	-116.6022	-89.7439	0.7697	74.3018	0.6384	2.2e-04	0.4820
1841	-116.5983	-116.5983	-88.7358	0.7610	75.5046	0.6487	2.2e-04	0.4817
1842	-116.5752	-116.5752	-89.8310	0.7706	74.1803	0.6373	2.2e-04	0.4816
1843	-116.5921	-116.5921	-89.4338	0.7671	74.6591	0.6415	2.2e-04	0.4815
1844	-116.6041	-116.6041	-88.0187	0.7549	76.3304	0.6559	2.2e-04	0.4816
1845	-116.5980	-116.5980	-91.4703	0.7845	72.1662	0.6201	2.2e-04	0.4815
1846	-116.6098	-116.6098	-89.8311	0.7704	74.1995	0.6374	2.2e-04	0.4828
1847	-116.5859	-116.5859	-90.3862	0.7753	73.5134	0.6316	2.2e-04	0.4818
1848	-116.6030	-116.6030	-88.8835	0.7623	75.2627	0.6466	2.2e-04	0.4820
1849	-116.5974	-116.5974	-90.8174	0.7789	72.9623	0.6268	2.2e-04	0.4819
1850	-116.6043	-116.6043	-90.8993	0.7796	72.8976	0.6263	2.2e-04	0.4817
1851	-116.5973	-116.5973	-92.9510	0.7972	70.2640	0.6037	2.2e-04	0.4820
1852	-116.6009	-116.6009	-88.4012	0.7582	75.8916	0.6519	2.2e-04	0.4816
1853	-116.5997	-116.5997	-89.0485	0.7637	75.1442	0.6455	2.2e-04	0.4819
1854	-116.6068	-116.6068	-88.6642	0.7604	75.5955	0.6494	2.2e-04	0.4820
1855	-116.6135	-116.6135	-89.6868	0.7691	74.3593	0.6389	2.2e-04	0.4820
1856	-116.6028	-116.6028	-90.2811	0.7743	73.6493	0.6327	2.2e-04	0.4818
1857	-116.6154	-116.6154	-90.1035	0.7727	73.8858	0.6348	2.2e-04	0.4818
1858	-116.6041	-116.6041	-89.3583	0.7663	74.6988	0.6419	2.2e-04	0.4819
1859	-116.5976	-116.5976	-89.9893	0.7718	73.9530	0.6354	2.2e-04	0.4819
1860	-116.5995	-116.5995	-89.2933	0.7658	74.7507	0.6422	2.2e-04	0.4819
1861	-116.6131	-116.6131	-89.2617	0.7655	74.8984	0.6435	2.2e-04	0.4821
1862	-116.5956	-116.5956	-89.9130	0.7712	73.8372	0.6344	2.2e-04	0.4824
1863	-116.5841	-116.5841	-90.8200	0.7790	72.8789	0.6261	2.2e-04	0.4817
1864	-116.6045	-116.6045	-89.9250	0.7712	74.0997	0.6366	2.2e-04	0.4817
1865	-116.5756	-116.5756	-91.4966	0.7849	72.1143	0.6196	2.2e-04	0.4824
1866	-116.5975	-116.5975	-89.9467	0.7714	74.0619	0.6362	2.2e-04	0.4827
1867	-116.5986	-116.5986	-90.5458	0.7766	73.3411	0.6300	2.2e-04	0.4817
1868	-116.5930	-116.5930	-90.1557	0.7733	73.8041	0.6341	2.2e-04	0.4822
1869	-116.6138	-116.6138	-90.2131	0.7736	73.7391	0.6336	2.2e-04	0.4818
1870	-116.6048	-116.6048	-89.8480	0.7705	74.1076	0.6367	2.2e-04	0.4820
1871	-116.5962	-116.5962	-89.2051	0.7651	74.8653	0.6432	2.2e-04	0.4818
1872	-116.5871	-116.5871	-89.9335	0.7714	74.0381	0.6361	2.2e-04	0.4825
1873	-116.5986	-116.5986	-90.7613	0.7784	73.0639	0.6276	2.2e-04	0.4816
1874	-116.5963	-116.5963	-91.2953	0.7830	72.3948	0.6219	2.2e-04	0.4818
1875	-116.6089	-116.6089	-88.4324	0.7584	75.8828	0.6518	2.2e-04	0.4815
1876	-116.6015	-116.6015	-90.7868	0.7786	73.0308	0.6275	2.2e-04	0.4821
1877	-116.5973	-116.5973	-90.4637	0.7759	73.3792	0.6303	2.2e-04	0.4817
1878	-116.6029	-116.6029	-90.0746	0.7725	73.9113	0.6350	2.2e-04	0.4817
1879	-116.5987	-116.5987	-89.3030	0.7659	74.8193	0.6428	2.2e-04	0.4813
1880	-116.6003	-116.6003	-89.4923	0.7675	74.6115	0.6410	2.2e-04	0.4821
1881	-116.6087	-116.6087	-89.4340	0.7670	74.6581	0.6415	2.2e-04	0.4820
1882	-116.5920	-116.5920	-90.7313	0.7782	73.0964	0.6280	2.2e-04	0.4820
1883	-116.5949	-116.5949	-88.9717	0.7631	75.2187	0.6463	2.2e-04	0.4820
1884	-116.5765	-116.5765	-90.9327	0.7800	72.7779	0.6253	2.2e-04	0.4822
1885	-116.6054	-116.6054	-89.9941	0.7718	73.9936	0.6358	2.2e-04	0.4821
1886	-116.5937	-116.5937	-88.6271	0.7601	75.6196	0.6497	2.2e-04	0.4820
1887	-116.5837	-116.5837	-90.9030	0.7797	72.8145	0.6256	2.2e-04	0.4823
1888	-116.6267	-116.6267	-89.0374	0.7634	75.1752	0.6458	2.2e-04	0.4822
1889	-116.5933	-116.5933	-90.1299	0.7730	73.7945	0.6340	2.2e-04	0.4821
1890	-116.5869	-116.5869	-90.7555	0.7784	73.0704	0.6277	2.2e-04	0.4820
1891	-116.5981	-116.5981	-91.2742	0.7828	72.4220	0.6223	2.2e-04	0.4818
1892	-116.5974	-116.5974	-87.8349	0.7533	76.5275	0.6575	2.2e-04	0.4824
1893	-116.5871	-116.5871	-89.8498	0.7707	74.1585	0.6372	2.2e-04	0.4824
1894	-116.5983	-116.5983	-89.3566	0.7664	74.7447	0.6421	2.2e-04	0.4824
1895	-116.6052	-116.6052	-89.6928	0.7692	74.3885	0.6390	2.2e-04	0.4823
1896	-116.5879	-116.5879	-90.3369	0.7748	73.5708	0.6321	2.2e-04	0.4825
1897	-116.5892	-116.5892	-91.1528	0.7818	72.4744	0.6227	2.2e-04	0.4820
1898	-116.5996	-116.5996	-89.4433	0.7671	74.6478	0.6414	2.2e-04	0.4823
1899	-116.5784	-116.5784	-90.4183	0.7756	73.4583	0.6312	2.2e-04	0.4819
1900	-116.5950	-116.5950	-88.8241	0.7618	75.3681	0.6475	2.2e-04	0.4821
1901	-116.6098	-116.6098	-88.1526	0.7560	76.1914	0.6546	2.2e-04	0.4817
1902	-116.5939	-116.5939	-90.2813	0.7743	73.6393	0.6327	2.2e-04	0.4821
1903	-116.6017	-116.6017	-89.3277	0.7661	74.8117	0.6427	2.2e-04	0.4818
1904	-116.6053	-116.6053	-89.5990	0.7684	74.4175	0.6394	2.2e-04	0.4826
1905	-116.6113	-116.6113	-88.7032	0.7607	75.5363	0.6490	2.2e-04	0.4821
1906	-116.5873	-116.5873	-88.9748	0.7632	75.2095	0.6462	2.2e-04	0.4820
1907	-116.6124	-116.6124	-89.5492	0.7679	74.5300	0.6402	2.2e-04	0.4823
1908	-116.6099	-116.6099	-88.8492	0.7619	75.3578	0.6475	2.2e-04	0.4824
1909	-116.6027	-116.6027	-88.1300	0.7558	76.1868	0.6545	2.2e-04	0.4827
1910	-116.5863	-116.5863	-89.6133	0.7686	74.3721	0.6390	2.2e-04	0.4822
1911	-116.6063	-116.6063	-89.7307	0.7695	74.3306	0.6385	2.2e-04	0.4821
1912	-116.5914	-116.5914	-89.7847	0.7701	74.2278	0.6378	2.2e-04	0.4829
1913	-116.5780	-116.5780	-90.7784	0.7787	72.9502	0.6268	2.2e-04	0.4824
1914	-116.5965	-116.5965	-89.2048	0.7651	74.9146	0.6437	2.2e-04	0.4820
1915	-116.5799	-116.5799	-88.8265	0.7619	75.2368	0.6464	2.2e-04	0.4826
1916	-116.5805	-116.5805	-90.7629	0.7785	72.9853	0.6272	2.2e-04	0.4826
1917	-116.5951	-116.5951	-88.4352	0.7585	75.7978	0.6512	2.2e-04	0.4824
1918	-116.5976	-116.5976	-89.1330	0.7644	75.0210	0.6445	2.2e-04	0.4826
1919	-116.6002	-116.6002	-89.8943	0.7710	74.1194	0.6369	2.2e-04	0.4829
1920	-116.5871	-116.5871	-89.7654	0.7699	74.2012	0.6375	2.2e-04	0.4821
1921	-116.5964	-116.5964	-91.4025	0.7839	72.2563	0.6208	2.2e-04	0.4821
1922	-116.6300	-116.6300	-88.1180	0.7555	76.2552	0.6551	2.2e-04	0.4827
1923	-116.5924	-116.5924	-88.2320	0.7568	76.0836	0.6537	2.2e-04	0.4828
1924	-116.5785	-116.5785	-89.7511	0.7699	74.2522	0.6380	2.2e-04	0.4825
1925	-116.6087	-116.6087	-89.2051	0.7650	74.9036	0.6435	2.2e-04	0.4822
1926	-116.5916	-116.5916	-89.9261	0.7713	74.0500	0.6362	2.2e-04	0.4825
1927	-116.5878	-116.5878	-88.5005	0.7591	75.7004	0.6503	2.2e-04	0.4819
1928	-116.5769	-116.5769	-89.9501	0.7716	74.0378	0.6361	2.2e-04	0.4822
1929	-116.5971	-116.5971	-90.2064	0.7737	73.7324	0.6335	2.2e-04	0.4823
1930	-116.5842	-116.5842	-88.7569	0.7613	75.4251	0.6481	2.2e-04	0.4824
1931	-116.5990	-116.5990	-89.5442	0.7680	74.5493	0.6405	2.2e-04	0.4824
1932	-116.5931	-116.5931	-90.9332	0.7799	72.8465	0.6259	2.2e-04	0.4825
1933	-116.6020	-116.6020	-89.5570	0.7681	74.5324	0.6404	2.2e-04	0.4819
1934	-116.5815	-116.5815	-90.9453	0.7801	72.6762	0.6244	2.2e-04	0.4825
1935	-116.6072	-116.6072	-87.9592	0.7543	76.2838	0.6554	2.2e-04	0.4828
1936	-116.5988	-116.5988	-89.4015	0.7667	74.7172	0.6419	2.2e-04	0.4823
1937	-116.5864	-116.5864	-90.4828	0.7761	73.4050	0.6306	2.2e-04	0.4821
1938	-116.6013	-116.6013	-88.6332	0.7601	75.6268	0.6497	2.2e-04	0.4821
1939	-116.5839	-116.5839	-87.9130	0.7541	76.4257	0.6567	2.2e-04	0.4825
1940	-116.5878	-116.5878	-89.9407	0.7714	74.0516	0.6361	2.2e-04	0.4826
1941	-116.5935	-116.5935	-90.9999	0.7805	72.7355	0.6249	2.2e-04	0.4825
1942	-116.5901	-116.5901	-89.6470	0.7689	74.4037	0.6393	2.2e-04	0.4823
1943	-116.6042	-116.6042	-88.6320	0.7601	75.5803	0.6494	2.2e-04	0.4823
1944	-116.6042	-116.6042	-88.6897	0.7606	75.5532	0.6492	2.2e-04	0.4822
1945	-116.5913	-116.5913	-89.0048	0.7634	75.1904	0.6459	2.2e-04	0.4818
1946	-116.5913	-116.5913	-88.5023	0.7591	75.7742	0.6510	2.2e-04	0.4820
1947	-116.6000	-116.6000	-87.6920	0.7521	76.6339	0.6583	2.2e-04	0.4822
1948	-116.6099	-116.6099	-89.2856	0.7657	74.8679	0.6432	2.2e-04	0.4822
1949	-116.6164	-116.6164	-89.1056	0.7641	75.0787	0.6450	2.2e-04	0.4818
1950	-116.5804	-116.5804	-90.5221	0.7765	73.2882	0.6296	2.2e-04	0.4817
1951	-116.6044	-116.6044	-88.6183	0.7600	75.5343	0.6490	2.2e-04	0.4819
1952	-116.5981	-116.5981	-89.0684	0.7639	75.0382	0.6448	2.2e-04	0.4818
1953	-116.6034	-116.6034	-87.9120	0.7539	76.4609	0.6569	2.2e-04	0.4816
1954	-116.5990	-116.5990	-89.6566	0.7689	74.3970	0.6392	2.2e-04	0.4819
1955	-116.6127	-116.6127	-89.2460	0.7653	74.8808	0.6434	2.2e-04	0.4822
1956	-116.5989	-116.5989	-88.5715	0.7596	75.6567	0.6500	2.2e-04	0.4826
1957	-116.5939	-116.5939	-88.1239	0.7558	76.2155	0.6548	2.2e-04	0.4818
1958	-116.5907	-116.5907	-89.2317	0.7653	74.9190	0.6436	2.2e-04	0.4824
1959	-116.6358	-116.6358	-86.1573	0.7387	78.4474	0.6740	2.2e-04	0.4828
1960	-116.5981	-116.5981	-88.6313	0.7601	75.6355	0.6497	2.2e-04	0.4819
1961	-116.6073	-116.6073	-87.5605	0.7509	76.8681	0.6604	2.2e-04	0.4816
1962	-116.6089	-116.6089	-87.9905	0.7546	76.3671	0.6561	2.2e-04	0.4821
1963	-116.5903	-116.5903	-89.8005	0.7702	74.2361	0.6377	2.2e-04	0.4816
1964	-116.5861	-116.5861	-90.9577	0.7802	72.8067	0.6256	2.2e-04	0.4814
1965	-116.6057	-116.6057	-89.3128	0.7659	74.7561	0.6423	2.2e-04	0.4825
1966	-116.6104	-116.6104	-88.6821	0.7605	75.5637	0.6492	2.2e-04	0.4822
1967	-116.5869	-116.5869	-90.4592	0.7759	73.4317	0.6308	2.2e-04	0.4826
1968	-116.6259	-116.6259	-88.2689	0.7569	76.0591	0.6534	2.2e-04	0.4826
1969	-116.5880	-116.5880	-89.8443	0.7706	74.1335	0.6370	2.2e-04	0.4818
1970	-116.5930	-116.5930	-89.1780	0.7649	74.9776	0.6442	2.2e-04	0.4825
1971	-116.6065	-116.6065	-89.3910	0.7666	74.7228	0.6421	2.2e-04	0.4816
1972	-116.6003	-116.6003	-91.1863	0.7820	72.5303	0.6232	2.2e-04	0.4823
1973	-116.6092	-116.6092	-88.6481	0.7602	75.6023	0.6495	2.2e-04	0.4822
1974	-116.6140	-116.6140	-89.5366	0.7678	74.5741	0.6407	2.2e-04	0.4818
1975	-116.6006	-116.6006	-88.0168	0.7549	76.3331	0.6558	2.2e-04	0.4816
1976	-116.5869	-116.5869	-90.1934	0.7736	73.5699	0.6321	2.1e-04	0.4825
1977	-116.5946	-116.5946	-89.6995	0.7693	74.3441	0.6387	2.1e-04	0.4821
1978	-116.6125	-116.6125	-90.0232	0.7720	73.9821	0.6356	2.1e-04	0.4817
1979	-116.6223	-116.6223	-89.9683	0.7715	74.0419	0.6362	2.1e-04	0.4820
1980	-116.6101	-116.6101	-88.5910	0.7597	75.6776	0.6502	2.1e-04	0.4821
1981	-116.6085	-116.6085	-87.0080	0.7462	77.3819	0.6648	2.1e-04	0.4821
1982	-116.5885	-116.5885	-90.3323	0.7748	73.5817	0.6322	2.1e-04	0.4823
1983	-116.5754	-116.5754	-89.8040	0.7704	74.0923	0.6366	2.1e-04	0.4824
1984	-116.5843	-116.5843	-89.3630	0.7665	74.7405	0.6421	2.1e-04	0.4820
1985	-116.5975	-116.5975	-87.9185	0.7540	76.4483	0.6568	2.1e-04	0.4822
1986	-116.5969	-116.5969	-88.3573	0.7578	75.9266	0.6524	2.1e-04	0.4828
1987	-116.5804	-116.5804	-89.3956	0.7668	74.7032	0.6418	2.1e-04	0.4825
1988	-116.5949	-116.5949	-90.6251	0.7773	73.2273	0.6291	2.1e-04	0.4826
1989	-116.6066	-116.6066	-89.0636	0.7638	75.0669	0.6449	2.1e-04	0.4820
1990	-116.5956	-116.5956	-88.6151	0.7600	75.6001	0.6496	2.1e-04	0.4822
1991	-116.6125	-116.6125	-87.9179	0.7539	76.4645	0.6569	2.1e-04	0.4820
1992	-116.5956	-116.5956	-88.6646	0.7604	75.5676	0.6492	2.1e-04	0.4818
1993	-116.5921	-116.5921	-89.1674	0.7648	74.9897	0.6443	2.1e-04	0.4818
1994	-116.5847	-116.5847	-90.5199	0.7764	73.2847	0.6296	2.1e-04	0.4826
1995	-116.6044	-116.6044	-88.2178	0.7566	76.1079	0.6538	2.1e-04	0.4822
1996	-116.6123	-116.6123	-88.7765	0.7613	75.4748	0.6484	2.1e-04	0.4822
1997	-116.6039	-116.6039	-88.8418	0.7619	75.3624	0.6475	2.1e-04	0.4817
1998	-116.5931	-116.5931	-90.6957	0.7779	73.1183	0.6282	2.1e-04	0.4824
1999	-116.6031	-116.6031	-87.3121	0.7488	77.1285	0.6625	2.1e-04	0.4824
2000	-116.6108	-116.6108	-88.4575	0.7586	75.8256	0.6515	2.1e-04	0.4858
2001	-116.6197	-116.6197	-89.3002	0.7657	74.8623	0.6432	2.1e-04	0.4813
2002	-116.5835	-116.5835	-88.8482	0.7621	75.2752	0.6467	2.1e-04	0.4829
2003	-116.6046	-116.6046	-88.1114	0.7556	76.2333	0.6550	2.1e-04	0.4831
2004	-116.5911	-116.5911	-89.0566	0.7638	74.9254	0.6437	2.1e-04	0.4822
2005	-116.5950	-116.5950	-90.4812	0.7760	73.2945	0.6297	2.1e-04	0.4823
2006	-116.5922	-116.5922	-91.7176	0.7867	71.8290	0.6170	2.1e-04	0.4832
2007	-116.5877	-116.5877	-90.6309	0.7774	73.2173	0.6291	2.1e-04	0.4823
2008	-116.5848	-116.5848	-90.3230	0.7747	73.5179	0.6316	2.1e-04	0.4827
2009	-116.6094	-116.6094	-90.3299	0.7746	73.6083	0.6324	2.1e-04	0.4827
2010	-116.6144	-116.6144	-90.1405	0.7730	73.8129	0.6342	2.1e-04	0.4831
2011	-116.5892	-116.5892	-91.2751	0.7829	72.3738	0.6218	2.1e-04	0.4833
2012	-116.6061	-116.6061	-88.2063	0.7564	76.0870	0.6537	2.1e-04	0.4837
2013	-116.5999	-116.5999	-87.7099	0.7522	76.6223	0.6583	2.1e-04	0.4834
2014	-116.5715	-116.5715	-90.7520	0.7785	73.0468	0.6276	2.1e-04	0.4835
2015	-116.6063	-116.6063	-88.1387	0.7559	76.1404	0.6541	2.1e-04	0.4828
2016	-116.5893	-116.5893	-92.0619	0.7896	71.3820	0.6133	2.1e-04	0.4836
2017	-116.5931	-116.5931	-90.6533	0.7775	73.1892	0.6288	2.1e-04	0.4827
2018	-116.5966	-116.5966	-89.4086	0.7668	74.6122	0.6410	2.1e-04	0.4829
2019	-116.5938	-116.5938	-89.1971	0.7650	74.9668	0.6440	2.1e-04	0.4827
2020	-116.6124	-116.6124	-88.7403	0.7610	75.5019	0.6486	2.1e-04	0.4824
2021	-116.5846	-116.5846	-89.9076	0.7712	74.0851	0.6366	2.1e-04	0.4820
2022	-116.6108	-116.6108	-89.9794	0.7716	74.0271	0.6359	2.1e-04	0.4829
2023	-116.5971	-116.5971	-89.1674	0.7647	75.0068	0.6443	2.1e-04	0.4829
2024	-116.6053	-116.6053	-88.6369	0.7601	75.6357	0.6497	2.1e-04	0.4829
2025	-116.6057	-116.6057	-91.1039	0.7813	72.6460	0.6241	2.1e-04	0.4837
2026	-116.5943	-116.5943	-89.2452	0.7654	74.9028	0.6435	2.1e-04	0.4831
2027	-116.6098	-116.6098	-88.7616	0.7612	75.4919	0.6485	2.1e-04	0.4832
2028	-116.5962	-116.5962	-90.7204	0.7781	73.1024	0.6280	2.1e-04	0.4823
2029	-116.6167	-116.6167	-88.4416	0.7584	75.8441	0.6515	2.1e-04	0.4826
2030	-116.5993	-116.5993	-89.7974	0.7701	74.2417	0.6379	2.1e-04	0.4834
2031	-116.6252	-116.6252	-87.2569	0.7482	77.2098	0.6634	2.1e-04	0.4831
2032	-116.6140	-116.6140	-90.3623	0.7749	73.5736	0.6321	2.1e-04	0.4827
2033	-116.6094	-116.6094	-91.5406	0.7850	72.1022	0.6194	2.1e-04	0.4824
2034	-116.6034	-116.6034	-90.5520	0.7766	73.3223	0.6300	2.1e-04	0.4831
2035	-116.6061	-116.6061	-87.5704	0.7510	76.7617	0.6596	2.1e-04	0.4831
2036	-116.6125	-116.6125	-90.5460	0.7765	73.3465	0.6301	2.1e-04	0.4823
2037	-116.5904	-116.5904	-90.4512	0.7758	73.4440	0.6310	2.1e-04	0.4823
2038	-116.6116	-116.6116	-89.4631	0.7672	74.6519	0.6413	2.1e-04	0.4824
2039	-116.5991	-116.5991	-90.0757	0.7725	73.8795	0.6348	2.1e-04	0.4825
2040	-116.6055	-116.6055	-90.1701	0.7733	73.8023	0.6340	2.1e-04	0.4814
2041	-116.6080	-116.6080	-88.4221	0.7583	75.8452	0.6517	2.1e-04	0.4815
2042	-116.6211	-116.6211	-87.4529	0.7499	76.9918	0.6616	2.1e-04	0.4829
2043	-116.6027	-116.6027	-90.4444	0.7757	73.3643	0.6304	2.1e-04	0.4821
2044	-116.5986	-116.5986	-88.7638	0.7613	75.4416	0.6483	2.1e-04	0.4816
2045	-116.6030	-116.6030	-90.3821	0.7751	73.4926	0.6314	2.1e-04	0.4816
2046	-116.6020	-116.6020	-89.4062	0.7668	74.5918	0.6408	2.1e-04	0.4828
2047	-116.5933	-116.5933	-89.0570	0.7638	75.1234	0.6454	2.1e-04	0.4825
2048	-116.5982	-116.5982	-90.4234	0.7755	73.4762	0.6313	2.1e-04	0.4818
2049	-116.6098	-116.6098	-89.5168	0.7677	74.5888	0.6408	2.1e-04	0.4819
2050	-116.5919	-116.5919	-90.3883	0.7753	73.4120	0.6308	2.1e-04	0.4827
2051	-116.5960	-116.5960	-90.4003	0.7753	73.4581	0.6311	2.1e-04	0.4822
2052	-116.5877	-116.5877	-89.1799	0.7649	74.9393	0.6441	2.1e-04	0.4821
2053	-116.6119	-116.6119	-88.1330	0.7558	76.2108	0.6548	2.1e-04	0.4818
2054	-116.5901	-116.5901	-89.0645	0.7639	75.0721	0.6450	2.1e-04	0.4826
2055	-116.5999	-116.5999	-89.5466	0.7680	74.5180	0.6404	2.1e-04	0.4817
2056	-116.6039	-116.6039	-89.0417	0.7636	75.1400	0.6455	2.1e-04	0.4818
2057	-116.5852	-116.5852	-90.6060	0.7772	73.2220	0.6292	2.1e-04	0.4819
2058	-116.5913	-116.5913	-89.7433	0.7697	74.2738	0.6382	2.1e-04	0.4823
2059	-116.5990	-116.5990	-89.9183	0.7712	74.0725	0.6364	2.1e-04	0.4822
2060	-116.6065	-116.6065	-88.6935	0.7606	75.5642	0.6492	2.1e-04	0.4818
2061	-116.5942	-116.5942	-91.2972	0.7830	72.3950	0.6220	2.1e-04	0.4824
2062	-116.5869	-116.5869	-90.3760	0.7752	73.5261	0.6317	2.1e-04	0.4828
2063	-116.6137	-116.6137	-88.5998	0.7598	75.6599	0.6500	2.1e-04	0.4822
2064	-116.6126	-116.6126	-87.9271	0.7540	76.4508	0.6568	2.1e-04	0.4813
2065	-116.6091	-116.6091	-89.6297	0.7686	74.4636	0.6397	2.1e-04	0.4823
2066	-116.6088	-116.6088	-89.6928	0.7692	74.2742	0.6381	2.1e-04	0.4822
2067	-116.5946	-116.5946	-89.7897	0.7701	74.1107	0.6368	2.1e-04	0.4819
2068	-116.6049	-116.6049	-89.0427	0.7636	75.1244	0.6456	2.1e-04	0.4816
2069	-116.6099	-116.6099	-88.0420	0.7550	76.3075	0.6557	2.1e-04	0.4813
2070	-116.6229	-116.6229	-88.8565	0.7619	75.3576	0.6475	2.1e-04	0.4822
2071	-116.5828	-116.5828	-89.6532	0.7690	74.4020	0.6392	2.1e-04	0.4818
2072	-116.6057	-116.6057	-88.4679	0.7587	75.7963	0.6512	2.1e-04	0.4820
2073	-116.5930	-116.5930	-90.6621	0.7776	73.1638	0.6286	2.1e-04	0.4811
2074	-116.5962	-116.5962	-91.1865	0.7821	72.5340	0.6232	2.1e-04	0.4831
2075	-116.6001	-116.6001	-88.1232	0.7558	76.1883	0.6546	2.1e-04	0.4819
2076	-116.6097	-116.6097	-89.4952	0.7675	74.5669	0.6407	2.1e-04	0.4814
2077	-116.5863	-116.5863	-89.3963	0.7668	74.7105	0.6419	2.1e-04	0.4817
2078	-116.5860	-116.5860	-90.7672	0.7785	72.9885	0.6271	2.1e-04	0.4821
2079	-116.5939	-116.5939	-90.1016	0.7728	73.8664	0.6346	2.1e-04	0.4821
2080	-116.6004	-116.6004	-88.3654	0.7578	75.9386	0.6524	2.1e-04	0.4819
2081	-116.6063	-116.6063	-89.2786	0.7656	74.7935	0.6426	2.1e-04	0.4818
2082	-116.6084	-116.6084	-89.1716	0.7647	74.9435	0.6439	2.1e-04	0.4820
2083	-116.5914	-116.5914	-89.7570	0.7698	74.2769	0.6382	2.1e-04	0.4822
2084	-116.5939	-116.5939	-88.1922	0.7564	76.1211	0.6541	2.1e-04	0.4815
2085	-116.5976	-116.5976	-90.6578	0.7775	73.0598	0.6276	2.1e-04	0.4817
2086	-116.6040	-116.6040	-90.4844	0.7760	73.3632	0.6302	2.1e-04	0.4823
2087	-116.6070	-116.6070	-89.9973	0.7718	74.0094	0.6358	2.1e-04	0.4828
2088	-116.5980	-116.5980	-87.3141	0.7488	77.0330	0.6619	2.1e-04	0.4815
2089	-116.6310	-116.6310	-88.1815	0.7561	76.1448	0.6542	2.1e-04	0.4816
2090	-116.5752	-116.5752	-91.8306	0.7877	71.6928	0.6158	2.1e-04	0.4825
2091	-116.5797	-116.5797	-92.4697	0.7932	70.8027	0.6083	2.1e-04	0.4830
2092	-116.5679	-116.5679	-91.2100	0.7825	72.4047	0.6220	2.1e-04	0.4818
2093	-116.5957	-116.5957	-90.1502	0.7732	73.8108	0.6342	2.1e-04	0.4823
2094	-116.5976	-116.5976	-90.2237	0.7738	73.6943	0.6332	2.1e-04	0.4829
2095	-116.6175	-116.6175	-88.7047	0.7606	75.5184	0.6488	2.1e-04	0.4829
2096	-116.5937	-116.5937	-88.3004	0.7573	75.9919	0.6529	2.1e-04	0.4823
2097	-116.6154	-116.6154	-88.5491	0.7593	75.7318	0.6507	2.1e-04	0.4823
2098	-116.5916	-116.5916	-88.9469	0.7629	75.2240	0.6464	2.1e-04	0.4825
2099	-116.6102	-116.6102	-88.8409	0.7619	75.3721	0.6477	2.1e-04	0.4830
2100	-116.5998	-116.5998	-89.6050	0.7685	74.4761	0.6399	2.1e-04	0.4830
2101	-116.5966	-116.5966	-92.5783	0.7940	70.7597	0.6079	2.1e-04	0.4825
2102	-116.6133	-116.6133	-89.8106	0.7702	74.2004	0.6376	2.1e-04	0.4829
2103	-116.5926	-116.5926	-87.9014	0.7539	76.4547	0.6569	2.1e-04	0.4836
2104	-116.5882	-116.5882	-91.0434	0.7809	72.6981	0.6246	2.1e-04	0.4823
2105	-116.5995	-116.5995	-91.0466	0.7808	72.7109	0.6247	2.1e-04	0.4825
2106	-116.5861	-116.5861	-89.7132	0.7695	74.2552	0.6380	2.1e-04	0.4833
2107	-116.6082	-116.6082	-89.6726	0.7690	74.3626	0.6389	2.1e-04	0.4831
2108	-116.6029	-116.6029	-90.3155	0.7746	73.6154	0.6324	2.1e-04	0.4821
2109	-116.6083	-116.6083	-89.8708	0.7707	74.1519	0.6371	2.1e-04	0.4820
2110	-116.6084	-116.6084	-91.4102	0.7839	72.2415	0.6207	2.1e-04	0.4828
2111	-116.5939	-116.5939	-88.9170	0.7626	75.2597	0.6466	2.1e-04	0.4822
2112	-116.5833	-116.5833	-89.2066	0.7652	74.9370	0.6438	2.1e-04	0.4814
2113	-116.6008	-116.6008	-89.8531	0.7706	74.1330	0.6369	2.1e-04	0.4821
2114	-116.5991	-116.5991	-91.8816	0.7880	71.6430	0.6156	2.1e-04	0.4823
2115	-116.5837	-116.5837	-90.5397	0.7766	73.3256	0.6300	2.1e-04	0.4829
2116	-116.5985	-116.5985	-90.4444	0.7757	73.4396	0.6310	2.1e-04	0.4829
2117	-116.5932	-116.5932	-89.1052	0.7642	75.0418	0.6448	2.1e-04	0.4823
2118	-116.6172	-116.6172	-87.8608	0.7534	76.4762	0.6571	2.1e-04	0.4829
2119	-116.6130	-116.6130	-89.5595	0.7680	74.4648	0.6397	2.1e-04	0.4831
2120	-116.6101	-116.6101	-88.8118	0.7616	75.4219	0.6480	2.1e-04	0.4821
2121	-116.6055	-116.6055	-88.6711	0.7604	75.5855	0.6494	2.1e-04	0.4829
2122	-116.6039	-116.6039	-90.8524	0.7792	72.9033	0.6262	2.1e-04	0.4836
2123	-116.5923	-116.5923	-90.1502	0.7732	73.7964	0.6341	2.1e-04	0.4832
2124	-116.6072	-116.6072	-89.6576	0.7689	74.3941	0.6392	2.1e-04	0.4822
2125	-116.6071	-116.6071	-88.4186	0.7583	75.8358	0.6516	2.1e-04	0.4820
2126	-116.6129	-116.6129	-88.8209	0.7617	75.4198	0.6480	2.1e-04	0.4829
2127	-116.5930	-116.5930	-86.7969	0.7444	77.6879	0.6675	2.1e-04	0.4835
2128	-116.5951	-116.5951	-88.8008	0.7616	75.4099	0.6478	2.1e-04	0.4827
2129	-116.6081	-116.6081	-89.4212	0.7669	74.6083	0.6410	2.1e-04	0.4821
2130	-116.6001	-116.6001	-88.6289	0.7601	75.5465	0.6491	2.1e-04	0.4833
2131	-116.6038	-116.6038	-87.6907	0.7520	76.7254	0.6591	2.1e-04	0.4828
2132	-116.6137	-116.6137	-86.6533	0.7431	77.8035	0.6686	2.1e-04	0.4821
2133	-116.6055	-116.6055	-88.4715	0.7587	75.8232	0.6514	2.1e-04	0.4824
2134	-116.5939	-116.5939	-89.3149	0.7660	74.6920	0.6417	2.1e-04	0.4830
2135	-116.5962	-116.5962	-89.8009	0.7702	74.2147	0.6376	2.1e-04	0.4828
2136	-116.5873	-116.5873	-89.9017	0.7711	74.1002	0.6366	2.1e-04	0.4822
2137	-116.5987	-116.5987	-87.8188	0.7532	76.5232	0.6574	2.1e-04	0.4820
2138	-116.5974	-116.5974	-88.8866	0.7623	75.2871	0.6468	2.1e-04	0.4830
2139	-116.6001	-116.6001	-89.5110	0.7677	74.5726	0.6408	2.1e-04	0.4830
2140	-116.6103	-116.6103	-88.2746	0.7570	76.0499	0.6534	2.1e-04	0.4821
2141	-116.5955	-116.5955	-90.1504	0.7732	73.8027	0.6342	2.1e-04	0.4819
2142	-116.6049	-116.6049	-90.7265	0.7781	73.0966	0.6281	2.1e-04	0.4829
2143	-116.5943	-116.5943	-92.8218	0.7961	70.3447	0.6044	2.1e-04	0.4827
2144	-116.5723	-116.5723	-92.1694	0.7907	71.2570	0.6122	2.1e-04	0.4823
2145	-116.6022	-116.6022	-89.9293	0.7712	74.0561	0.6363	2.1e-04	0.4818
2146	-116.5957	-116.5957	-88.9327	0.7627	75.2147	0.6463	2.1e-04	0.4826
2147	-116.5942	-116.5942	-88.9930	0.7633	75.1870	0.6461	2.1e-04	0.4830
2148	-116.5988	-116.5988	-89.2649	0.7656	74.8864	0.6433	2.1e-04	0.4829
2149	-116.6039	-116.6039	-87.2987	0.7487	77.1308	0.6627	2.1e-04	0.4821
2150	-116.5997	-116.5997	-88.8064	0.7616	75.4205	0.6480	2.1e-04	0.4827
2151	-116.5904	-116.5904	-88.6886	0.7607	75.5348	0.6491	2.1e-04	0.4824
2152	-116.6129	-116.6129	-90.0953	0.7726	73.8366	0.6344	2.1e-04	0.4819
2153	-116.6045	-116.6045	-88.2899	0.7572	76.0428	0.6532	2.1e-04	0.4826
2154	-116.6055	-116.6055	-86.8819	0.7451	77.5990	0.6668	2.1e-04	0.4830
2155	-116.5941	-116.5941	-89.2760	0.7657	74.6104	0.6411	2.1e-04	0.4821
2156	-116.6029	-116.6029	-89.3089	0.7659	74.8101	0.6428	2.1e-04	0.4817
2157	-116.5971	-116.5971	-88.9618	0.7630	75.2254	0.6463	2.1e-04	0.4817
2158	-116.5930	-116.5930	-90.3263	0.7747	73.5838	0.6322	2.1e-04	0.4819
2159	-116.5931	-116.5931	-89.4287	0.7670	74.6516	0.6414	2.1e-04	0.4813
2160	-116.6111	-116.6111	-89.9227	0.7711	74.0896	0.6366	2.1e-04	0.4805
2161	-116.6013	-116.6013	-91.9669	0.7887	71.5046	0.6143	2.1e-04	0.4814
2162	-116.6140	-116.6140	-88.9229	0.7625	75.2558	0.6466	2.1e-04	0.4812
2163	-116.5958	-116.5958	-89.3888	0.7667	74.7284	0.6420	2.1e-04	0.4812
2164	-116.5832	-116.5832	-89.7205	0.7696	74.3017	0.6384	2.1e-04	0.4806
2165	-116.5879	-116.5879	-88.6278	0.7602	75.5760	0.6494	2.1e-04	0.4810
2166	-116.6163	-116.6163	-89.1169	0.7642	75.0773	0.6450	2.1e-04	0.4811
2167	-116.6058	-116.6058	-90.4546	0.7757	73.4593	0.6311	2.1e-04	0.4813
2168	-116.6063	-116.6063	-89.7267	0.7695	74.2408	0.6379	2.1e-04	0.4808
2169	-116.6018	-116.6018	-89.5388	0.7679	74.5373	0.6405	2.1e-04	0.4811
2170	-116.6056	-116.6056	-91.4706	0.7844	72.1826	0.6202	2.1e-04	0.4813
2171	-116.5925	-116.5925	-90.2042	0.7737	73.7268	0.6334	2.1e-04	0.4813
2172	-116.6109	-116.6109	-89.4154	0.7668	74.6867	0.6418	2.1e-04	0.4807
2173	-116.5976	-116.5976	-91.5829	0.7855	72.0155	0.6189	2.1e-04	0.4813
2174	-116.6029	-116.6029	-88.3372	0.7576	75.9445	0.6525	2.1e-04	0.4815
2175	-116.6040	-116.6040	-90.3776	0.7751	73.4622	0.6313	2.1e-04	0.4812
2176	-116.5993	-116.5993	-88.3184	0.7575	75.9952	0.6529	2.1e-04	0.4807
2177	-116.6161	-116.6161	-89.9473	0.7713	74.0552	0.6362	2.1e-04	0.4813
2178	-116.5940	-116.5940	-91.1262	0.7816	72.5781	0.6236	2.1e-04	0.4814
2179	-116.5999	-116.5999	-90.5877	0.7769	73.2907	0.6296	2.1e-04	0.4814
2180	-116.6042	-116.6042	-91.6628	0.7861	71.9194	0.6180	2.1e-04	0.4807
2181	-116.5922	-116.5922	-91.2893	0.7830	72.3870	0.6219	2.1e-04	0.4813
2182	-116.6069	-116.6069	-89.6263	0.7686	74.4309	0.6395	2.1e-04	0.4812
2183	-116.5994	-116.5994	-91.4042	0.7839	72.2648	0.6208	2.1e-04	0.4811
2184	-116.6016	-116.6016	-90.5993	0.7770	73.2671	0.6295	2.1e-04	0.4807
2185	-116.5938	-116.5938	-91.6712	0.7862	71.8178	0.6171	2.1e-04	0.4812
2186	-116.6131	-116.6131	-90.4405	0.7756	73.4717	0.6312	2.1e-04	0.4812
2187	-116.5936	-116.5936	-89.3217	0.7661	74.7483	0.6423	2.1e-04	0.4813
2188	-116.5735	-116.5735	-91.7850	0.7874	71.7612	0.6165	2.1e-04	0.4806
2189	-116.5908	-116.5908	-90.0921	0.7727	73.8598	0.6347	2.1e-04	0.4812
2190	-116.5778	-116.5778	-90.7526	0.7785	73.0413	0.6275	2.1e-04	0.4814
2191	-116.5763	-116.5763	-90.4501	0.7759	73.4119	0.6307	2.1e-04	0.4820
2192	-116.6009	-116.6009	-87.3912	0.7495	76.6488	0.6587	2.1e-04	0.4808
2193	-116.5948	-116.5948	-90.0111	0.7720	73.9576	0.6355	2.1e-04	0.4813
2194	-116.5983	-116.5983	-91.0118	0.7806	72.7481	0.6250	2.1e-04	0.4819
2195	-116.5988	-116.5988	-89.7351	0.7696	74.3157	0.6385	2.1e-04	0.4814
2196	-116.6068	-116.6068	-91.3078	0.7830	72.2995	0.6210	2.1e-04	0.4805
2197	-116.5916	-116.5916	-88.7122	0.7609	75.4194	0.6480	2.1e-04	0.4815
2198	-116.6000	-116.6000	-90.5354	0.7765	73.3023	0.6298	2.1e-04	0.4813
2199	-116.6013	-116.6013	-89.4694	0.7673	74.4819	0.6400	2.1e-04	0.4815
2200	-116.5826	-116.5826	-91.6423	0.7861	71.9365	0.6181	2.1e-04	0.4810
2201	-116.6057	-116.6057	-90.2942	0.7744	73.6261	0.6326	2.1e-04	0.4814
2202	-116.5892	-116.5892	-90.5546	0.7767	73.2540	0.6293	2.1e-04	0.4813
2203	-116.6086	-116.6086	-90.6316	0.7772	73.2458	0.6292	2.1e-04	0.4816
2204	-116.6086	-116.6086	-92.0820	0.7897	71.3810	0.6132	2.1e-04	0.4811
2205	-116.5941	-116.5941	-89.7953	0.7702	74.1408	0.6369	2.1e-04	0.4810
2206	-116.5897	-116.5897	-91.8567	0.7879	71.6700	0.6158	2.1e-04	0.4817
2207	-116.6008	-116.6008	-90.0514	0.7723	73.9459	0.6352	2.1e-04	0.4814
2208	-116.5898	-116.5898	-89.1823	0.7649	74.9531	0.6440	2.1e-04	0.4807
2209	-116.6147	-116.6147	-89.4147	0.7668	74.7188	0.6419	2.1e-04	0.4812
2210	-116.5920	-116.5920	-90.8663	0.7794	72.8634	0.6260	2.1e-04	0.4816
2211	-116.5996	-116.5996	-89.0326	0.7636	75.1507	0.6457	2.1e-04	0.4815
2212	-116.5934	-116.5934	-90.8121	0.7789	72.9980	0.6271	2.1e-04	0.4807
2213	-116.6011	-116.6011	-90.8118	0.7788	73.0052	0.6272	2.1e-04	0.4810
2214	-116.6026	-116.6026	-90.5249	0.7764	73.2858	0.6297	2.1e-04	0.4813
2215	-116.6273	-116.6273	-90.0059	0.7717	73.9363	0.6352	2.1e-04	0.4813
2216	-116.6123	-116.6123	-90.5817	0.7768	73.3021	0.6297	2.1e-04	0.4806
2217	-116.5971	-116.5971	-88.6582	0.7604	75.5490	0.6491	2.1e-04	0.4810
2218	-116.5997	-116.5997	-90.4714	0.7759	73.4233	0.6307	2.1e-04	0.4814
2219	-116.6002	-116.6002	-89.8553	0.7706	74.1611	0.6371	2.1e-04	0.4817
2220	-116.5926	-116.5926	-90.2246	0.7738	73.7149	0.6333	2.1e-04	0.4810
2221	-116.6058	-116.6058	-90.2186	0.7737	73.6739	0.6331	2.1e-04	0.4814
2222	-116.6281	-116.6281	-87.5759	0.7509	76.8522	0.6604	2.1e-04	0.4815
2223	-116.6036	-116.6036	-90.5242	0.7763	73.3574	0.6303	2.1e-04	0.4818
2224	-116.6058	-116.6058	-89.6290	0.7686	74.4043	0.6392	2.1e-04	0.4807
2225	-116.5969	-116.5969	-90.5978	0.7770	73.2426	0.6293	2.1e-04	0.4811
2226	-116.5833	-116.5833	-91.2611	0.7828	72.3853	0.6219	2.1e-04	0.4814
2227	-116.5876	-116.5876	-91.2997	0.7831	72.3856	0.6219	2.1e-04	0.4815
2228	-116.6063	-116.6063	-89.9856	0.7717	74.0027	0.6358	2.1e-04	0.4808
2229	-116.5970	-116.5970	-89.7394	0.7697	74.3029	0.6384	2.1e-04	0.4810
2230	-116.6059	-116.6059	-89.0689	0.7638	75.1000	0.6452	2.1e-04	0.4815
2231	-116.5872	-116.5872	-90.2449	0.7741	73.6722	0.6330	2.1e-04	0.4815
2232	-116.6061	-116.6061	-90.7759	0.7785	73.0524	0.6276	2.1e-04	0.4810
2233	-116.6036	-116.6036	-88.8781	0.7622	75.3327	0.6472	2.1e-04	0.4812
2234	-116.5890	-116.5890	-91.9454	0.7886	71.5710	0.6149	2.1e-04	0.4813
2235	-116.6047	-116.6047	-88.6780	0.7605	75.5845	0.6493	2.1e-04	0.4815
2236	-116.5954	-116.5954	-91.5903	0.7855	71.9364	0.6180	2.1e-04	0.4818
2237	-116.5958	-116.5958	-90.4661	0.7759	73.3997	0.6307	2.1e-04	0.4817
2238	-116.6131	-116.6131	-88.7830	0.7613	75.4462	0.6483	2.1e-04	0.4821
2239	-116.6118	-116.6118	-89.9137	0.7711	74.1003	0.6367	2.1e-04	0.4813
2240	-116.6156	-116.6156	-87.9874	0.7545	76.3299	0.6559	2.1e-04	0.4813
2241	-116.5857	-116.5857	-90.5512	0.7767	73.3174	0.6299	2.1e-04	0.4815
2242	-116.5995	-116.5995	-89.9453	0.7714	74.0491	0.6363	2.1e-04	0.4815
2243	-116.6103	-116.6103	-90.2401	0.7739	73.7103	0.6333	2.1e-04	0.4816
2244	-116.6027	-116.6027	-89.6593	0.7689	74.4146	0.6393	2.1e-04	0.4816
2245	-116.5917	-116.5917	-89.8219	0.7704	74.1648	0.6372	2.1e-04	0.4815
2246	-116.5944	-116.5944	-90.1868	0.7735	73.7697	0.6338	2.1e-04	0.4816
2247	-116.5989	-116.5989	-87.2728	0.7485	77.1755	0.6631	2.1e-04	0.4821
2248	-116.6005	-116.6005	-90.4977	0.7761	73.3872	0.6306	2.1e-04	0.4817
2249	-116.5981	-116.5981	-91.1400	0.7817	72.5827	0.6236	2.1e-04	0.4812
2250	-116.6233	-116.6233	-89.5612	0.7680	74.5478	0.6405	2.1e-04	0.4827
2251	-116.5876	-116.5876	-89.9837	0.7718	73.9749	0.6356	2.1e-04	0.4816
2252	-116.6109	-116.6109	-88.8194	0.7617	75.4138	0.6480	2.1e-04	0.4808
2253	-116.6184	-116.6184	-89.5016	0.7675	74.5609	0.6407	2.1e-04	0.4811
2254	-116.5929	-116.5929	-92.1174	0.7901	71.3261	0.6128	2.1e-04	0.4817
2255	-116.6019	-116.6019	-90.4837	0.7760	73.3813	0.6305	2.1e-04	0.4814
2256	-116.6054	-116.6054	-88.5007	0.7590	75.7890	0.6511	2.1e-04	0.4815
2257	-116.5841	-116.5841	-91.7660	0.7871	71.7860	0.6167	2.1e-04	0.4816
2258	-116.6019	-116.6019	-90.3443	0.7748	73.5035	0.6315	2.1e-04	0.4821
2259	-116.5925	-116.5925	-92.3077	0.7917	71.0908	0.6108	2.1e-04	0.4821
2260	-116.6012	-116.6012	-91.6897	0.7864	71.8912	0.6176	2.1e-04	0.4811
2261	-116.5920	-116.5920	-89.4003	0.7668	74.7090	0.6419	2.1e-04	0.4811
2262	-116.6136	-116.6136	-90.1043	0.7727	73.8833	0.6348	2.1e-04	0.4822
2263	-116.6067	-116.6067	-88.8380	0.7619	75.3847	0.6477	2.1e-04	0.4815
2264	-116.6023	-116.6023	-88.6088	0.7599	75.6294	0.6498	2.1e-04	0.4811
2265	-116.6093	-116.6093	-90.6015	0.7770	73.2755	0.6295	2.1e-04	0.4814
2266	-116.6016	-116.6016	-88.9056	0.7625	75.2984	0.6469	2.1e-04	0.4820
2267	-116.5896	-116.5896	-89.7205	0.7695	74.2930	0.6383	2.1e-04	0.4823
2268	-116.5886	-116.5886	-89.5218	0.7678	74.5464	0.6405	2.1e-04	0.4821
2269	-116.6009	-116.6009	-89.1292	0.7644	75.0161	0.6445	2.1e-04	0.4814
2270	-116.5842	-116.5842	-90.2444	0.7741	73.6687	0.6330	2.1e-04	0.4830
2271	-116.5988	-116.5988	-88.6669	0.7604	75.5655	0.6493	2.1e-04	0.4824
2272	-116.6083	-116.6083	-89.5192	0.7677	74.5629	0.6405	2.1e-04	0.4816
2273	-116.6115	-116.6115	-89.5512	0.7679	74.4468	0.6396	2.1e-04	0.4825
2274	-116.5929	-116.5929	-89.9150	0.7712	74.0722	0.6364	2.1e-04	0.4829
2275	-116.6039	-116.6039	-89.2166	0.7651	74.9350	0.6439	2.1e-04	0.4827
2276	-116.5990	-116.5990	-87.5095	0.7505	76.9098	0.6608	2.1e-04	0.4814
2277	-116.5939	-116.5939	-89.3214	0.7661	74.8103	0.6427	2.1e-04	0.4821
2278	-116.5958	-116.5958	-89.9441	0.7714	74.0727	0.6363	2.1e-04	0.4824
2279	-116.5950	-116.5950	-90.0218	0.7721	73.9484	0.6353	2.1e-04	0.4827
2280	-116.5876	-116.5876	-90.8988	0.7797	72.8933	0.6262	2.1e-04	0.4819
2281	-116.5910	-116.5910	-89.0601	0.7639	75.1015	0.6453	2.1e-04	0.4825
2282	-116.5938	-116.5938	-89.1158	0.7643	75.0256	0.6446	2.1e-04	0.4821
2283	-116.6059	-116.6059	-89.6701	0.7690	74.3962	0.6391	2.1e-04	0.4829
2284	-116.6030	-116.6030	-90.2941	0.7744	73.6410	0.6325	2.1e-04	0.4828
2285	-116.5915	-116.5915	-89.3255	0.7661	74.8041	0.6426	2.1e-04	0.4824
2286	-116.6009	-116.6009	-89.1851	0.7649	74.9211	0.6436	2.1e-04	0.4829
2287	-116.5949	-116.5949	-89.8034	0.7702	74.1244	0.6369	2.1e-04	0.4830
2288	-116.6017	-116.6017	-88.3439	0.7577	75.9441	0.6525	2.1e-04	0.4821
2289	-116.6069	-116.6069	-90.0976	0.7727	73.8566	0.6346	2.1e-04	0.4819
2290	-116.5958	-116.5958	-90.7151	0.7780	73.0934	0.6281	2.1e-04	0.4825
2291	-116.5979	-116.5979	-89.9689	0.7716	73.9505	0.6353	2.1e-04	0.4820
2292	-116.5889	-116.5889	-89.6663	0.7691	74.3754	0.6390	2.1e-04	0.4814
2293	-116.5767	-116.5767	-88.5362	0.7595	75.6702	0.6501	2.1e-04	0.4819
2294	-116.6029	-116.6029	-88.7980	0.7615	75.4049	0.6479	2.1e-04	0.4835
2295	-116.6318	-116.6318	-87.5503	0.7507	76.7960	0.6598	2.1e-04	0.4827
2296	-116.6230	-116.6230	-87.5799	0.7510	76.8554	0.6603	2.1e-04	0.4825
2297	-116.5946	-116.5946	-89.7589	0.7698	74.2631	0.6380	2.1e-04	0.4818
2298	-116.6144	-116.6144	-89.1458	0.7644	75.0406	0.6447	2.1e-04	0.4834
2299	-116.5956	-116.5956	-89.6193	0.7686	74.4462	0.6397	2.1e-04	0.4826
2300	-116.5855	-116.5855	-89.0414	0.7637	75.1314	0.6455	2.1e-04	0.4822
2301	-116.5869	-116.5869	-88.8011	0.7617	75.4157	0.6479	2.1e-04	0.4830
2302	-116.5936	-116.5936	-87.7931	0.7530	76.5585	0.6578	2.1e-04	0.4835
2303	-116.5966	-116.5966	-88.4177	0.7583	75.8666	0.6518	2.1e-04	0.4836
2304	-116.5851	-116.5851	-89.6797	0.7692	74.3644	0.6388	2.1e-04	0.4823
2305	-116.5906	-116.5906	-86.6013	0.7428	77.9181	0.6694	2.1e-04	0.4821
2306	-116.5813	-116.5813	-88.0842	0.7556	76.2147	0.6547	2.1e-04	0.4835
2307	-116.5974	-116.5974	-87.5181	0.7506	76.8927	0.6606	2.1e-04	0.4830
2308	-116.5969	-116.5969	-90.1822	0.7735	73.7407	0.6336	2.1e-04	0.4822
2309	-116.5726	-116.5726	-91.8095	0.7876	71.7041	0.6161	2.1e-04	0.4821
2310	-116.5873	-116.5873	-88.8749	0.7623	75.3174	0.6471	2.1e-04	0.4834
2311	-116.6092	-116.6092	-86.9803	0.7459	77.5233	0.6660	2.1e-04	0.4830
2312	-116.5989	-116.5989	-87.3188	0.7489	77.1208	0.6626	2.1e-04	0.4827
2313	-116.5936	-116.5936	-85.8244	0.7361	78.7539	0.6766	2.1e-04	0.4819
2314	-116.6034	-116.6034	-85.3320	0.7318	79.2984	0.6813	2.1e-04	0.4831
2315	-116.6061	-116.6061	-88.6642	0.7604	75.5745	0.6492	2.1e-04	0.4828
2316	-116.5944	-116.5944	-89.9762	0.7717	74.0124	0.6358	2.1e-04	0.4822
2317	-116.5910	-116.5910	-87.7545	0.7527	76.6068	0.6580	2.0e-04	0.4822
2318	-116.5868	-116.5868	-87.4389	0.7500	76.9560	0.6611	2.0e-04	0.4825
2319	-116.6165	-116.6165	-85.8104	0.7358	78.8168	0.6771	2.0e-04	0.4828
2320	-116.5982	-116.5982	-88.1956	0.7564	76.0939	0.6539	2.0e-04	0.4825
2321	-116.6014	-116.6014	-89.1779	0.7648	74.9940	0.6443	2.0e-04	0.4818
2322	-116.6078	-116.6078	-88.9231	0.7626	75.2677	0.6466	2.0e-04	0.4814
2323	-116.6032	-116.6032	-87.1997	0.7478	77.2797	0.6639	2.0e-04	0.4820
2324	-116.6071	-116.6071	-85.9869	0.7374	78.6207	0.6754	2.0e-04	0.4816
2325	-116.6170	-116.6170	-87.4477	0.7499	77.0011	0.6616	2.0e-04	0.4817
2326	-116.6057	-116.6057	-86.9005	0.7453	77.6136	0.6668	2.0e-04	0.4821
2327	-116.6255	-116.6255	-87.0955	0.7468	77.3917	0.6648	2.0e-04	0.4819
2328	-116.6128	-116.6128	-89.6675	0.7689	74.3975	0.6391	2.0e-04	0.4808
2329	-116.6079	-116.6079	-88.1313	0.7558	76.1672	0.6544	2.0e-04	0.4812
2330	-116.5962	-116.5962	-89.1333	0.7645	74.9963	0.6443	2.0e-04	0.4829
2331	-116.5930	-116.5930	-87.7985	0.7530	76.5952	0.6580	2.0e-04	0.4818
2332	-116.6058	-116.6058	-89.1427	0.7645	75.0177	0.6445	2.0e-04	0.4811
2333	-116.6121	-116.6121	-88.7767	0.7613	75.4751	0.6483	2.0e-04	0.4809
2334	-116.6211	-116.6211	-87.9683	0.7543	76.4157	0.6565	2.0e-04	0.4820
2335	-116.6001	-116.6001	-87.3318	0.7490	77.1036	0.6626	2.0e-04	0.4818
2336	-116.6007	-116.6007	-87.0204	0.7463	77.4709	0.6656	2.0e-04	0.4809
2337	-116.6015	-116.6015	-87.2890	0.7486	77.1402	0.6627	2.0e-04	0.4813
2338	-116.6051	-116.6051	-89.1682	0.7647	75.0049	0.6444	2.0e-04	0.4815
2339	-116.5831	-116.5831	-90.3769	0.7752	73.5196	0.6317	2.0e-04	0.4815
2340	-116.5938	-116.5938	-89.4242	0.7670	74.6110	0.6410	2.0e-04	0.4812
2341	-116.6096	-116.6096	-86.5852	0.7425	77.8977	0.6694	2.0e-04	0.4817
2342	-116.5903	-116.5903	-88.2985	0.7573	75.9942	0.6530	2.0e-04	0.4812
2343	-116.6031	-116.6031	-87.5534	0.7509	76.8282	0.6600	2.0e-04	0.4813
2344	-116.5962	-116.5962	-88.5756	0.7597	75.6166	0.6496	2.0e-04	0.4806
2345	-116.6064	-116.6064	-88.5366	0.7593	75.6993	0.6502	2.0e-04	0.4812
2346	-116.5817	-116.5817	-88.6500	0.7604	75.5411	0.6490	2.0e-04	0.4815
2347	-116.6018	-116.6018	-88.9137	0.7625	75.2958	0.6469	2.0e-04	0.4814
2348	-116.6064	-116.6064	-86.4796	0.7416	78.0804	0.6708	2.0e-04	0.4808
2349	-116.5899	-116.5899	-89.1655	0.7648	74.9837	0.6442	2.0e-04	0.4813
2350	-116.6079	-116.6079	-89.1243	0.7643	74.9638	0.6441	2.0e-04	0.4816
2351	-116.6114	-116.6114	-86.7880	0.7442	77.6413	0.6671	2.0e-04	0.4816
2352	-116.6020	-116.6020	-88.5068	0.7591	75.7648	0.6510	2.0e-04	0.4808
2353	-116.5841	-116.5841	-89.7795	0.7701	74.2590	0.6379	2.0e-04	0.4813
2354	-116.6180	-116.6180	-88.4878	0.7588	75.8095	0.6513	2.0e-04	0.4815
2355	-116.6020	-116.6020	-87.3456	0.7491	77.1130	0.6625	2.0e-04	0.4815
2356	-116.5938	-116.5938	-88.5783	0.7597	75.6713	0.6501	2.0e-04	0.4810
2357	-116.6034	-116.6034	-87.8090	0.7531	76.3984	0.6564	2.0e-04	0.4811
2358	-116.5970	-116.5970	-87.7937	0.7530	76.5819	0.6580	2.0e-04	0.4813
2359	-116.5791	-116.5791	-88.4814	0.7590	75.7585	0.6509	2.0e-04	0.4816
2360	-116.6018	-116.6018	-89.3706	0.7665	74.6669	0.6415	2.0e-04	0.4810
2361	-116.6039	-116.6039	-89.0268	0.7635	75.1644	0.6457	2.0e-04	0.4813
2362	-116.5974	-116.5974	-88.0149	0.7549	76.2997	0.6556	2.0e-04	0.4815
2363	-116.5895	-116.5895	-86.5602	0.7424	77.9662	0.6699	2.0e-04	0.4816
2364	-116.6004	-116.6004	-87.9723	0.7545	76.3995	0.6563	2.0e-04	0.4814
2365	-116.6123	-116.6123	-87.5836	0.7511	76.8378	0.6602	2.0e-04	0.4814
2366	-116.6062	-116.6062	-87.1218	0.7471	77.3684	0.6646	2.0e-04	0.4815
2367	-116.5768	-116.5768	-90.8111	0.7790	72.9702	0.6270	2.0e-04	0.4813
2368	-116.6024	-116.6024	-87.7578	0.7526	76.6398	0.6584	2.0e-04	0.4807
2369	-116.6184	-116.6184	-88.7037	0.7606	75.5609	0.6492	2.0e-04	0.4813
2370	-116.6068	-116.6068	-88.6663	0.7604	75.4804	0.6484	2.0e-04	0.4814
2371	-116.6118	-116.6118	-89.5880	0.7683	74.5031	0.6401	2.0e-04	0.4814
2372	-116.6062	-116.6062	-88.1025	0.7556	76.2445	0.6550	2.0e-04	0.4806
2373	-116.6180	-116.6180	-87.5998	0.7512	76.7962	0.6597	2.0e-04	0.4809
2374	-116.6049	-116.6049	-87.9327	0.7541	76.4486	0.6567	2.0e-04	0.4816
2375	-116.5976	-116.5976	-87.3326	0.7490	77.1059	0.6624	2.0e-04	0.4815
2376	-116.6084	-116.6084	-88.0593	0.7552	76.2028	0.6547	2.0e-04	0.4805
2377	-116.6076	-116.6076	-86.1934	0.7392	78.3561	0.6732	2.0e-04	0.4813
2378	-116.6051	-116.6051	-87.2852	0.7486	77.1760	0.6631	2.0e-04	0.4818
2379	-116.5788	-116.5788	-89.1655	0.7649	74.8549	0.6431	2.0e-04	0.4817
2380	-116.5999	-116.5999	-87.4926	0.7504	76.9167	0.6608	2.0e-04	0.4810
2381	-116.5917	-116.5917	-88.7157	0.7609	75.5267	0.6489	2.0e-04	0.4816
2382	-116.5954	-116.5954	-89.1466	0.7646	74.9767	0.6442	2.0e-04	0.4821
2383	-116.5909	-116.5909	-89.9051	0.7711	74.1005	0.6366	2.0e-04	0.4813
2384	-116.5806	-116.5806	-89.1109	0.7644	75.0206	0.6446	2.0e-04	0.4810
2385	-116.6073	-116.6073	-89.2309	0.7652	74.9178	0.6437	2.0e-04	0.4814
2386	-116.6115	-116.6115	-88.4290	0.7583	75.6779	0.6502	2.0e-04	0.4815
2387	-116.5870	-116.5870	-87.0858	0.7470	77.3706	0.6648	2.0e-04	0.4821
2388	-116.6099	-116.6099	-87.4457	0.7499	76.9705	0.6613	2.0e-04	0.4812
2389	-116.6074	-116.6074	-88.4488	0.7585	75.8331	0.6515	2.0e-04	0.4810
2390	-116.5926	-116.5926	-89.5301	0.7679	74.5442	0.6404	2.0e-04	0.4817
2391	-116.5799	-116.5799	-88.4033	0.7583	75.8728	0.6518	2.0e-04	0.4813
2392	-116.6069	-116.6069	-88.5414	0.7593	75.7405	0.6507	2.0e-04	0.4807
2393	-116.5778	-116.5778	-86.5817	0.7427	77.9338	0.6696	2.0e-04	0.4810
2394	-116.5989	-116.5989	-90.7452	0.7783	73.0829	0.6279	2.0e-04	0.4815
2395	-116.6132	-116.6132	-88.1970	0.7563	76.1526	0.6542	2.0e-04	0.4818
2396	-116.5919	-116.5919	-88.7046	0.7608	75.4116	0.6479	2.0e-04	0.4809
2397	-116.6123	-116.6123	-87.9584	0.7543	76.4165	0.6565	2.0e-04	0.4809
2398	-116.6314	-116.6314	-85.6543	0.7344	78.9903	0.6787	2.0e-04	0.4817
2399	-116.5959	-116.5959	-87.9624	0.7544	76.4064	0.6564	2.0e-04	0.4816
2400	-116.5964	-116.5964	-87.5576	0.7509	76.7964	0.6597	2.0e-04	0.4808
2401	-116.5932	-116.5932	-87.4393	0.7500	77.0039	0.6615	2.0e-04	0.4819
2402	-116.6068	-116.6068	-87.5610	0.7509	76.7856	0.6596	2.0e-04	0.4816
2403	-116.5872	-116.5872	-89.1561	0.7647	74.9300	0.6437	2.0e-04	0.4814
2404	-116.6013	-116.6013	-88.5241	0.7592	75.7551	0.6508	2.0e-04	0.4816
2405	-116.6102	-116.6102	-85.9705	0.7372	78.6242	0.6756	2.0e-04	0.4813
2406	-116.6017	-116.6017	-86.7465	0.7440	77.6377	0.6670	2.0e-04	0.4818
2407	-116.6059	-116.6059	-87.0732	0.7467	77.4188	0.6650	2.0e-04	0.4816
2408	-116.6133	-116.6133	-86.9844	0.7459	77.5247	0.6659	2.0e-04	0.4808
2409	-116.5925	-116.5925	-86.8977	0.7453	77.5964	0.6666	2.0e-04	0.4810
2410	-116.5883	-116.5883	-89.1823	0.7649	74.9724	0.6440	2.0e-04	0.4814
2411	-116.6101	-116.6101	-88.1693	0.7561	76.1388	0.6542	2.0e-04	0.4816
2412	-116.6100	-116.6100	-86.5407	0.7421	77.8796	0.6691	2.0e-04	0.4809
2413	-116.6075	-116.6075	-88.6791	0.7605	75.5745	0.6493	2.0e-04	0.4811
2414	-116.5890	-116.5890	-87.2575	0.7484	77.1604	0.6630	2.0e-04	0.4823
2415	-116.5888	-116.5888	-88.8266	0.7619	75.3903	0.6477	2.0e-04	0.4814
2416	-116.6173	-116.6173	-84.1317	0.7214	80.6032	0.6925	2.0e-04	0.4811
2417	-116.5954	-116.5954	-86.2315	0.7396	78.3293	0.6730	2.0e-04	0.4812
2418	-116.6051	-116.6051	-86.8954	0.7452	77.6008	0.6666	2.0e-04	0.4815
2419	-116.6134	-116.6134	-85.7410	0.7353	78.8682	0.6776	2.0e-04	0.4816
2420	-116.6081	-116.6081	-85.7533	0.7354	78.8692	0.6775	2.0e-04	0.4810
2421	-116.6105	-116.6105	-88.4485	0.7585	75.8564	0.6517	2.0e-04	0.4813
2422	-116.6078	-116.6078	-86.9538	0.7457	77.5506	0.6663	2.0e-04	0.4816
2423	-116.5867	-116.5867	-86.4801	0.7418	77.9789	0.6699	2.0e-04	0.4826
2424	-116.5986	-116.5986	-86.1162	0.7386	78.4551	0.6740	2.0e-04	0.4812
2425	-116.5810	-116.5810	-87.9029	0.7540	76.4091	0.6564	2.0e-04	0.4815
2426	-116.5970	-116.5970	-86.5956	0.7427	77.9298	0.6695	2.0e-04	0.4818
2427	-116.5965	-116.5965	-86.0219	0.7378	78.5737	0.6750	2.0e-04	0.4825
2428	-116.5812	-116.5812	-86.0105	0.7378	78.4848	0.6743	2.0e-04	0.4817
2429	-116.5734	-116.5734	-87.0314	0.7466	77.4374	0.6652	2.0e-04	0.4810
2430	-116.6081	-116.6081	-86.1084	0.7384	78.4847	0.6743	2.0e-04	0.4816
2431	-116.5931	-116.5931	-87.1293	0.7473	77.3205	0.6642	2.0e-04	0.4822
2432	-116.5871	-116.5871	-88.5223	0.7593	75.7541	0.6507	2.0e-04	0.4818
2433	-116.5856	-116.5856	-86.6291	0.7431	77.8938	0.6691	2.0e-04	0.4820
2434	-116.5959	-116.5959	-87.5499	0.7509	76.8701	0.6603	2.0e-04	0.4822
2435	-116.6018	-116.6018	-86.8513	0.7449	77.6491	0.6669	2.0e-04	0.4826
2436	-116.6191	-116.6191	-85.6845	0.7347	78.8650	0.6774	2.0e-04	0.4817
2437	-116.5984	-116.5984	-87.1696	0.7476	77.3038	0.6641	2.0e-04	0.4814
2438	-116.6231	-116.6231	-84.4872	0.7244	80.2461	0.6893	2.0e-04	0.4826
2439	-116.5944	-116.5944	-86.3503	0.7406	78.2043	0.6719	2.0e-04	0.4827
2440	-116.5903	-116.5903	-85.2848	0.7315	79.3456	0.6817	2.0e-04	0.4817
2441	-116.5993	-116.5993	-86.0111	0.7377	78.5573	0.6748	2.0e-04	0.4813
2442	-116.5986	-116.5986	-86.3065	0.7402	78.2357	0.6721	2.0e-04	0.4822
2443	-116.6074	-116.6074	-85.0863	0.7297	79.5893	0.6837	2.0e-04	0.4821
2444	-116.6280	-116.6280	-85.1486	0.7301	79.5056	0.6832	2.0e-04	0.4815
2445	-116.6036	-116.6036	-86.0517	0.7380	78.5461	0.6748	2.0e-04	0.4817
2446	-116.6168	-116.6168	-85.8936	0.7365	78.7280	0.6763	2.0e-04	0.4825
2447	-116.5989	-116.5989	-86.0776	0.7382	78.4322	0.6739	2.0e-04	0.4820
2448	-116.5895	-116.5895	-86.0947	0.7384	78.4073	0.6735	2.0e-04	0.4817
2449	-116.6066	-116.6066	-85.8329	0.7361	78.7280	0.6763	2.0e-04	0.4821
2450	-116.6219	-116.6219	-84.5424	0.7249	80.1624	0.6887	2.0e-04	0.4825
2451	-116.5939	-116.5939	-86.1768	0.7391	78.3741	0.6733	2.0e-04	0.4829
2452	-116.5956	-116.5956	-85.3957	0.7324	79.2606	0.6808	2.0e-04	0.4820
2453	-116.5975	-116.5975	-86.7302	0.7438	77.7913	0.6682	2.0e-04	0.4816
2454	-116.6094	-116.6094	-85.3577	0.7320	79.3135	0.6813	2.0e-04	0.4823
2455	-116.6131	-116.6131	-85.6369	0.7344	78.9105	0.6779	2.0e-04	0.4824
2456	-116.6044	-116.6044	-85.6597	0.7346	78.9747	0.6785	2.0e-04	0.4817
2457	-116.6111	-116.6111	-86.3022	0.7401	78.2896	0.6725	2.0e-04	0.4815
2458	-116.5889	-116.5889	-87.0052	0.7463	77.4895	0.6656	2.0e-04	0.4822
2459	-116.6010	-116.6010	-84.9896	0.7289	79.6343	0.6841	2.0e-04	0.4823
2460	-116.5858	-116.5858	-84.0775	0.7212	80.6237	0.6926	2.0e-04	0.4816
2461	-116.6218	-116.6218	-85.0004	0.7289	79.6982	0.6846	2.0e-04	0.4816
2462	-116.5943	-116.5943	-86.1049	0.7385	78.4344	0.6737	2.0e-04	0.4825
2463	-116.6022	-116.6022	-83.2010	0.7135	81.5543	0.7006	2.0e-04	0.4823
2464	-116.5985	-116.5985	-84.8443	0.7277	79.7926	0.6855	2.0e-04	0.4820
2465	-116.6021	-116.6021	-84.8471	0.7277	79.8444	0.6859	2.0e-04	0.4816
2466	-116.6112	-116.6112	-85.3414	0.7318	79.3086	0.6814	2.0e-04	0.4824
2467	-116.5848	-116.5848	-86.3104	0.7403	78.2310	0.6720	2.0e-04	0.4822
2468	-116.6070	-116.6070	-87.5062	0.7504	76.8408	0.6600	2.0e-04	0.4817
2469	-116.5948	-116.5948	-85.1804	0.7306	79.4959	0.6828	2.0e-04	0.4818
2470	-116.5996	-116.5996	-84.8143	0.7274	79.8417	0.6858	2.0e-04	0.4829
2471	-116.5762	-116.5762	-87.0696	0.7469	77.3975	0.6649	2.0e-04	0.4826
2472	-116.6020	-116.6038	-81.4685	0.6987	83.2214	0.7150	2.0e-04	0.4819
2473	-116.5963	-116.5963	-85.1413	0.7302	79.4482	0.6826	2.0e-04	0.4816
2474	-116.6033	-116.6033	-86.4618	0.7415	78.0966	0.6709	2.0e-04	0.4829
2475	-116.6101	-116.6101	-86.1649	0.7389	78.3926	0.6735	2.0e-04	0.4834
2476	-116.5951	-116.5951	-87.2270	0.7481	77.2358	0.6635	2.0e-04	0.4815
2477	-116.6075	-116.6075	-87.7236	0.7523	76.6810	0.6587	2.0e-04	0.4819
2478	-116.5927	-116.5927	-87.7429	0.7526	76.6116	0.6581	2.0e-04	0.4829
2479	-116.5946	-116.5946	-86.3545	0.7406	78.2124	0.6719	2.0e-04	0.4831
2480	-116.6017	-116.6017	-88.5690	0.7596	75.6846	0.6502	2.0e-04	0.4814
2481	-116.5957	-116.5957	-87.2382	0.7482	77.2283	0.6634	2.0e-04	0.4829
2482	-116.5985	-116.5985	-90.5876	0.7769	73.2945	0.6296	2.0e-04	0.4833
2483	-116.5965	-116.5965	-87.1122	0.7471	77.3643	0.6647	2.0e-04	0.4824
2484	-116.6009	-116.6009	-88.8779	0.7622	75.3446	0.6473	2.0e-04	0.4822
2485	-116.5842	-116.5842	-89.6245	0.7688	74.4448	0.6395	2.0e-04	0.4825
2486	-116.5725	-116.5725	-91.1753	0.7821	72.5191	0.6231	2.0e-04	0.4824
2487	-116.5970	-116.5970	-89.9547	0.7715	74.0549	0.6362	2.0e-04	0.4833
2488	-116.6147	-116.6147	-86.2841	0.7399	78.2962	0.6727	2.0e-04	0.4820
2489	-116.6050	-116.6050	-89.7004	0.7693	74.3518	0.6389	2.0e-04	0.4815
2490	-116.5894	-116.5894	-90.6305	0.7773	73.2199	0.6291	2.0e-04	0.4822
2491	-116.6045	-116.6045	-89.5540	0.7680	74.5305	0.6404	2.0e-04	0.4826
2492	-116.6070	-116.6070	-89.8974	0.7709	74.1220	0.6369	2.0e-04	0.4816
2493	-116.6112	-116.6112	-90.9549	0.7800	72.8186	0.6257	2.0e-04	0.4820
2494	-116.5973	-116.5973	-89.7849	0.7700	74.2431	0.6379	2.0e-04	0.4830
2495	-116.6010	-116.6010	-90.8570	0.7792	72.9223	0.6265	2.0e-04	0.4824
2496	-116.5796	-116.5796	-89.9924	0.7719	73.9803	0.6357	2.0e-04	0.4819
2497	-116.6158	-116.6158	-88.9482	0.7627	75.2511	0.6465	2.0e-04	0.4822
2498	-116.5999	-116.5999	-90.8705	0.7793	72.9137	0.6265	2.0e-04	0.4825
2499	-116.6049	-116.6049	-90.2114	0.7737	73.6638	0.6329	2.0e-04	0.4824
2500	-116.6155	-116.6155	-89.0706	0.7638	75.0976	0.6454	2.0e-04	0.4822
2501	-116.5920	-116.5920	-91.9190	0.7884	71.5702	0.6149	2.0e-04	0.4814
2502	-116.6003	-116.6003	-89.2469	0.7654	74.8926	0.6435	2.0e-04	0.4824
2503	-116.5916	-116.5916	-91.4367	0.7842	72.1905	0.6203	2.0e-04	0.4823
2504	-116.6028	-116.6028	-90.7152	0.7780	73.1142	0.6282	2.0e-04	0.4822
2505	-116.6061	-116.6061	-90.2549	0.7740	73.6726	0.6330	2.0e-04	0.4821
2506	-116.5949	-116.5949	-91.3570	0.7835	72.3098	0.6212	2.0e-04	0.4815
2507	-116.6070	-116.6070	-90.9023	0.7796	72.9055	0.6263	2.0e-04	0.4822
2508	-116.6042	-116.6042	-90.1566	0.7732	73.7693	0.6338	2.0e-04	0.4826
2509	-116.6089	-116.6089	-88.9707	0.7630	75.2058	0.6463	2.0e-04	0.4813
2510	-116.6150	-116.6150	-89.4580	0.7671	74.6524	0.6414	2.0e-04	0.4822
2511	-116.5876	-116.5876	-90.4724	0.7760	73.3975	0.6307	2.0e-04	0.4813
2512	-116.5776	-116.5776	-91.5953	0.7857	71.9776	0.6184	2.0e-04	0.4819
2513	-116.5899	-116.5899	-90.2973	0.7745	73.5873	0.6323	2.0e-04	0.4821
2514	-116.5863	-116.5863	-91.1688	0.7820	72.4754	0.6227	2.0e-04	0.4825
2515	-116.5982	-116.5982	-89.6359	0.7688	74.3710	0.6390	2.0e-04	0.4819
2516	-116.5973	-116.5973	-90.7032	0.7779	73.0496	0.6276	2.0e-04	0.4821
2517	-116.5901	-116.5901	-89.7980	0.7702	74.2252	0.6378	2.0e-04	0.4822
2518	-116.5925	-116.5925	-89.5218	0.7678	74.5392	0.6405	2.0e-04	0.4826
2519	-116.5910	-116.5910	-89.3805	0.7666	74.6873	0.6418	2.0e-04	0.4825
2520	-116.6033	-116.6033	-90.1112	0.7728	73.8496	0.6346	2.0e-04	0.4817
2521	-116.6152	-116.6152	-89.9772	0.7716	73.9984	0.6358	2.0e-04	0.4829
2522	-116.5871	-116.5871	-89.2937	0.7659	74.7683	0.6424	2.0e-04	0.4829
2523	-116.5897	-116.5897	-89.4761	0.7674	74.5346	0.6405	2.0e-04	0.4828
2524	-116.6081	-116.6081	-88.2044	0.7564	76.1174	0.6540	2.0e-04	0.4824
2525	-116.6173	-116.6173	-90.5396	0.7764	73.3429	0.6302	2.0e-04	0.4820
2526	-116.5838	-116.5838	-91.8443	0.7878	71.6510	0.6158	2.0e-04	0.4826
2527	-116.5873	-116.5873	-91.0931	0.7813	72.5542	0.6234	2.0e-04	0.4823
2528	-116.6059	-116.6059	-87.8338	0.7533	76.5318	0.6576	2.0e-04	0.4826
2529	-116.6016	-116.6016	-89.5277	0.7678	74.5657	0.6407	2.0e-04	0.4821
2530	-116.5887	-116.5887	-90.2906	0.7744	73.5938	0.6324	2.0e-04	0.4825
2531	-116.5920	-116.5920	-89.0619	0.7639	75.1034	0.6454	2.0e-04	0.4821
2532	-116.6102	-116.6102	-89.3465	0.7662	74.7696	0.6425	2.0e-04	0.4831
2533	-116.6082	-116.6082	-89.4306	0.7669	74.6600	0.6415	2.0e-04	0.4827
2534	-116.6113	-116.6113	-90.1050	0.7727	73.7945	0.6341	2.0e-04	0.4823
2535	-116.6291	-116.6291	-88.9281	0.7625	75.3001	0.6470	2.0e-04	0.4822
2536	-116.6081	-116.6081	-89.3812	0.7665	74.7163	0.6420	2.0e-04	0.4821
2537	-116.6038	-116.6038	-89.0805	0.7640	75.0927	0.6452	2.0e-04	0.4818
2538	-116.6094	-116.6094	-89.5071	0.7676	74.5927	0.6409	2.0e-04	0.4819
2539	-116.5955	-116.5955	-91.4135	0.7840	72.2238	0.6205	2.0e-04	0.4818
2540	-116.5992	-116.5992	-91.3517	0.7835	72.3273	0.6214	2.0e-04	0.4820
2541	-116.6003	-116.6003	-91.0505	0.7809	72.7007	0.6247	2.0e-04	0.4817
2542	-116.6112	-116.6112	-89.2211	0.7651	74.9384	0.6439	2.0e-04	0.4824
2543	-116.6072	-116.6072	-88.0218	0.7549	76.3358	0.6559	2.0e-04	0.4818
2544	-116.6155	-116.6155	-90.0880	0.7725	73.8919	0.6348	2.0e-04	0.4818
2545	-116.5989	-116.5989	-89.6123	0.7686	74.4356	0.6397	2.0e-04	0.4821
2546	-116.6062	-116.6062	-91.1202	0.7814	72.6132	0.6239	2.0e-04	0.4820
2547	-116.5930	-116.5930	-91.7558	0.7870	71.7960	0.6170	2.0e-04	0.4825
2548	-116.5942	-116.5942	-89.8509	0.7706	74.1692	0.6373	2.0e-04	0.4817
2549	-116.5854	-116.5854	-91.6624	0.7862	71.9113	0.6179	2.0e-04	0.4821
2550	-116.5973	-116.5973	-90.2231	0.7738	73.7041	0.6332	2.0e-04	0.4823
2551	-116.5934	-116.5934	-91.5035	0.7848	72.1270	0.6197	2.0e-04	0.4828
2552	-116.5751	-116.5751	-92.5333	0.7938	70.7866	0.6082	2.0e-04	0.4823
2553	-116.5865	-116.5865	-91.4181	0.7841	72.2165	0.6206	2.0e-04	0.4824
2554	-116.6056	-116.6056	-90.9302	0.7798	72.8515	0.6260	2.0e-04	0.4827
2555	-116.6256	-116.6256	-87.4106	0.7495	77.0439	0.6620	2.0e-04	0.4829
2556	-116.5940	-116.5940	-89.0590	0.7638	75.1082	0.6453	2.0e-04	0.4835
2557	-116.6014	-116.6014	-91.8792	0.7880	71.6306	0.6155	2.0e-04	0.4817
2558	-116.5819	-116.5819	-91.9279	0.7885	71.5395	0.6147	2.0e-04	0.4820
2559	-116.5993	-116.5993	-90.9355	0.7799	72.8123	0.6257	2.0e-04	0.4821
2560	-116.5878	-116.5878	-88.3481	0.7578	75.8754	0.6520	2.0e-04	0.4821
2561	-116.5913	-116.5913	-90.1569	0.7733	73.7799	0.6339	2.0e-04	0.4831
2562	-116.5979	-116.5979	-89.4979	0.7676	74.5873	0.6409	2.0e-04	0.4833
2563	-116.5942	-116.5942	-92.0265	0.7893	71.4594	0.6140	2.0e-04	0.4822
2564	-116.6041	-116.6041	-90.6164	0.7771	73.2508	0.6293	2.0e-04	0.4824
2565	-116.6009	-116.6009	-89.1671	0.7647	74.9973	0.6443	2.0e-04	0.4835
2566	-116.5994	-116.5994	-86.4620	0.7415	78.0670	0.6709	2.0e-04	0.4833
2567	-116.5998	-116.5998	-89.0960	0.7641	75.0803	0.6450	2.0e-04	0.4818
2568	-116.6013	-116.6013	-88.2547	0.7569	76.0571	0.6535	2.0e-04	0.4824
2569	-116.6038	-116.6038	-88.6174	0.7600	75.6344	0.6499	2.0e-04	0.4827
2570	-116.5926	-116.5926	-89.4364	0.7671	74.6547	0.6414	2.0e-04	0.4835
2571	-116.5955	-116.5955	-89.7495	0.7698	74.2308	0.6379	2.0e-04	0.4824
2572	-116.6023	-116.6023	-89.0148	0.7634	75.1637	0.6457	2.0e-04	0.4827
2573	-116.6111	-116.6111	-88.1100	0.7556	76.2455	0.6550	2.0e-04	0.4823
2574	-116.5957	-116.5957	-89.8282	0.7704	74.1947	0.6375	2.0e-04	0.4822
2575	-116.5665	-116.5665	-89.9629	0.7718	73.9913	0.6358	2.0e-04	0.4826
2576	-116.5941	-116.5941	-90.3733	0.7751	73.5064	0.6317	2.0e-04	0.4828
2577	-116.5976	-116.5976	-88.3075	0.7574	75.9037	0.6523	2.0e-04	0.4816
2578	-116.6075	-116.6075	-88.5206	0.7591	75.7613	0.6509	2.0e-04	0.4823
2579	-116.5832	-116.5832	-92.4366	0.7929	70.9144	0.6094	2.0e-04	0.4824
2580	-116.5850	-116.5850	-91.2446	0.7826	72.4192	0.6223	2.0e-04	0.4821
2581	-116.6006	-116.6006	-89.8102	0.7702	74.2251	0.6377	2.0e-04	0.4824
2582	-116.5909	-116.5909	-88.4100	0.7583	75.8663	0.6519	2.0e-04	0.4825
2583	-116.5878	-116.5878	-90.2646	0.7742	73.6412	0.6329	2.0e-04	0.4819
2584	-116.6216	-116.6216	-88.1941	0.7562	76.0987	0.6539	2.0e-04	0.4824
2585	-116.6059	-116.6059	-87.1475	0.7474	77.3139	0.6644	2.0e-04	0.4818
2586	-116.6080	-116.6080	-89.7726	0.7699	74.2439	0.6379	2.0e-04	0.4825
2587	-116.5973	-116.5973	-89.3171	0.7660	74.7798	0.6426	2.0e-04	0.4826
2588	-116.6135	-116.6135	-89.5822	0.7682	74.5056	0.6402	2.0e-04	0.4817
2589	-116.5867	-116.5867	-89.2804	0.7658	74.7837	0.6426	2.0e-04	0.4822
2590	-116.5963	-116.5963	-88.7114	0.7608	75.4539	0.6483	2.0e-04	0.4817
2591	-116.6192	-116.6192	-86.1924	0.7391	78.3942	0.6735	2.0e-04	0.4820
2592	-116.6148	-116.6148	-89.8693	0.7707	74.1597	0.6372	2.0e-04	0.4820
2593	-116.6030	-116.6030	-88.0628	0.7552	76.2710	0.6554	2.0e-04	0.4824
2594	-116.6089	-116.6089	-89.2624	0.7655	74.8390	0.6431	2.0e-04	0.4823
2595	-116.6086	-116.6086	-89.3893	0.7666	74.7454	0.6420	2.0e-04	0.4823
2596	-116.5930	-116.5930	-88.4571	0.7587	75.8292	0.6515	2.0e-04	0.4832
2597	-116.5965	-116.5965	-91.8181	0.7875	71.7304	0.6163	2.0e-04	0.4811
2598	-116.6083	-116.6083	-87.1954	0.7478	77.2438	0.6638	2.0e-04	0.4825
2599	-116.6106	-116.6106	-88.5644	0.7595	75.7059	0.6504	2.0e-04	0.4814
2600	-116.5749	-116.5749	-90.3554	0.7751	73.5303	0.6318	2.0e-04	0.4828
2601	-116.5876	-116.5876	-89.8322	0.7705	74.1723	0.6374	2.0e-04	0.4818
2602	-116.5991	-116.5991	-90.2193	0.7738	73.7030	0.6333	2.0e-04	0.4824
2603	-116.5982	-116.5982	-88.1120	0.7557	76.2125	0.6548	2.0e-04	0.4817
2604	-116.6153	-116.6153	-89.1332	0.7643	75.0049	0.6445	2.0e-04	0.4822
2605	-116.6000	-116.6000	-89.3350	0.7662	74.7878	0.6426	2.0e-04	0.4819
2606	-116.5993	-116.5993	-90.1475	0.7731	73.6665	0.6329	2.0e-04	0.4823
2607	-116.5962	-116.5962	-89.5222	0.7678	74.5589	0.6407	2.0e-04	0.4816
2608	-116.6105	-116.6105	-87.1369	0.7472	77.3281	0.6645	2.0e-04	0.4823
2609	-116.5941	-116.5941	-88.6457	0.7603	75.5519	0.6491	2.0e-04	0.4821
2610	-116.5946	-116.5946	-91.0033	0.7805	72.7501	0.6250	2.0e-04	0.4819
2611	-116.6017	-116.6017	-90.5185	0.7763	73.3145	0.6300	2.0e-04	0.4822
2612	-116.5826	-116.5826	-90.4717	0.7760	73.3348	0.6301	2.0e-04	0.4832
2613	-116.6109	-116.6109	-90.6298	0.7772	73.2398	0.6292	2.0e-04	0.4825
2614	-116.6024	-116.6024	-88.0826	0.7554	76.2752	0.6552	2.0e-04	0.4818
2615	-116.5973	-116.5973	-90.4255	0.7755	73.2463	0.6294	2.0e-04	0.4826
2616	-116.5816	-116.5816	-90.3423	0.7749	73.5584	0.6320	2.0e-04	0.4829
2617	-116.6005	-116.6005	-88.4679	0.7587	75.7841	0.6511	2.0e-04	0.4820
2618	-116.5940	-116.5940	-89.2622	0.7656	74.8534	0.6432	2.0e-04	0.4816
2619	-116.5918	-116.5918	-92.1648	0.7905	71.2611	0.6122	2.0e-04	0.4821
2620	-116.6028	-116.6028	-90.0998	0.7727	73.8826	0.6348	2.0e-04	0.4824
2621	-116.5996	-116.5996	-87.0410	0.7465	77.3851	0.6649	2.0e-04	0.4812
2622	-116.6249	-116.6249	-87.5126	0.7504	76.8181	0.6600	2.0e-04	0.4818
2623	-116.6023	-116.6023	-87.7487	0.7525	76.6162	0.6583	2.0e-04	0.4816
2624	-116.5999	-116.5999	-90.9488	0.7800	72.8419	0.6257	2.0e-04	0.4815
2625	-116.6204	-116.6204	-89.0650	0.7637	75.1295	0.6455	2.0e-04	0.4814
2626	-116.5903	-116.5903	-88.4578	0.7587	75.8170	0.6514	2.0e-04	0.4819
2627	-116.5993	-116.5993	-87.5433	0.7508	76.8509	0.6604	2.0e-04	0.4814
2628	-116.6029	-116.6029	-89.1360	0.7644	75.0262	0.6447	2.0e-04	0.4810
2629	-116.5989	-116.5989	-88.0243	0.7549	76.3216	0.6558	2.0e-04	0.4813
2630	-116.6121	-116.6121	-88.9963	0.7632	75.1905	0.6461	2.0e-04	0.4805
2631	-116.5939	-116.5939	-88.4528	0.7586	75.7980	0.6512	2.0e-04	0.4812
2632	-116.6045	-116.6045	-88.2012	0.7564	76.1267	0.6541	2.0e-04	0.4814
2633	-116.6023	-116.6023	-88.1412	0.7559	76.1226	0.6540	2.0e-04	0.4813
2634	-116.5898	-116.5898	-88.8535	0.7621	75.3093	0.6471	2.0e-04	0.4805
2635	-116.5945	-116.5945	-89.3615	0.7664	74.7637	0.6423	2.0e-04	0.4812
2636	-116.5937	-116.5937	-89.0416	0.7637	75.1169	0.6454	2.0e-04	0.4808
2637	-116.6008	-116.6008	-89.8485	0.7706	74.1432	0.6371	2.0e-04	0.4811
2638	-116.6135	-116.6135	-88.0319	0.7549	76.2782	0.6553	2.0e-04	0.4809
2639	-116.6048	-116.6048	-88.2830	0.7571	76.0232	0.6532	2.0e-04	0.4812
2640	-116.5826	-116.5826	-90.1335	0.7731	73.8023	0.6342	2.0e-04	0.4810
2641	-116.5970	-116.5970	-88.2297	0.7567	76.1008	0.6538	2.0e-04	0.4810
2642	-116.6166	-116.6166	-87.9568	0.7542	76.3919	0.6564	2.0e-04	0.4807
2643	-116.5829	-116.5829	-89.0792	0.7641	75.0534	0.6450	2.0e-04	0.4814
2644	-116.5772	-116.5772	-88.8152	0.7619	75.3338	0.6473	2.0e-04	0.4806
2645	-116.5881	-116.5881	-88.9493	0.7629	75.2156	0.6463	2.0e-04	0.4815
2646	-116.5993	-116.5993	-87.6981	0.7521	76.6815	0.6589	2.0e-04	0.4808
2647	-116.5949	-116.5949	-90.1392	0.7731	73.8148	0.6343	2.0e-04	0.4812
2648	-116.6179	-116.6179	-86.7706	0.7441	77.7452	0.6681	2.0e-04	0.4813
2649	-116.6088	-116.6088	-88.3640	0.7578	75.8766	0.6520	2.0e-04	0.4811
2650	-116.6059	-116.6059	-86.2785	0.7399	78.2743	0.6725	2.0e-04	0.4804
2651	-116.6121	-116.6121	-87.1347	0.7472	77.1946	0.6632	2.0e-04	0.4816
2652	-116.5982	-116.5982	-88.2023	0.7565	76.1246	0.6540	2.0e-04	0.4804
2653	-116.5860	-116.5860	-88.8240	0.7619	75.3426	0.6473	2.0e-04	0.4810
2654	-116.5927	-116.5927	-87.9663	0.7545	76.3764	0.6562	2.0e-04	0.4810
2655	-116.5888	-116.5888	-88.1282	0.7559	76.2004	0.6546	2.0e-04	0.4813
2656	-116.6149	-116.6149	-86.7650	0.7440	77.7420	0.6680	2.0e-04	0.4809
2657	-116.5862	-116.5862	-88.5561	0.7596	75.6894	0.6503	2.0e-04	0.4810
2658	-116.5902	-116.5902	-89.3480	0.7663	74.7384	0.6423	2.0e-04	0.4805
2659	-116.5990	-116.5990	-88.8643	0.7621	75.3421	0.6473	2.0e-04	0.4817
2660	-116.6159	-116.6159	-88.2137	0.7564	76.1088	0.6540	2.0e-04	0.4813
2661	-116.5780	-116.5780	-89.3555	0.7665	74.7418	0.6423	2.0e-04	0.4811
2662	-116.5971	-116.5971	-87.6097	0.7514	76.7849	0.6598	2.0e-04	0.4812
2663	-116.6084	-116.6084	-87.3996	0.7495	77.0384	0.6620	2.0e-04	0.4818
2664	-116.5885	-116.5885	-87.5831	0.7512	76.8149	0.6600	2.0e-04	0.4807
2665	-116.5933	-116.5933	-88.1586	0.7561	76.1177	0.6540	2.0e-04	0.4817
2666	-116.6049	-116.6049	-87.8687	0.7536	76.4994	0.6573	2.0e-04	0.4812
2667	-116.5924	-116.5924	-89.0539	0.7638	75.1000	0.6452	2.0e-04	0.4812
2668	-116.6106	-116.6106	-87.3809	0.7493	77.0581	0.6621	2.0e-04	0.4807
2669	-116.5993	-116.5993	-87.9523	0.7543	76.3807	0.6562	2.0e-04	0.4815
2670	-116.5965	-116.5965	-87.7626	0.7527	76.5927	0.6582	2.0e-04	0.4809
2671	-116.6083	-116.6083	-87.9856	0.7545	76.3392	0.6560	2.0e-04	0.4813
2672	-116.6063	-116.6063	-87.9708	0.7544	76.4029	0.6564	2.0e-04	0.4811
2673	-116.6091	-116.6091	-88.1040	0.7556	76.2179	0.6548	2.0e-04	0.4814
2674	-116.5959	-116.5959	-89.0883	0.7641	74.9331	0.6439	2.0e-04	0.4813
2675	-116.5967	-116.5967	-87.1487	0.7474	77.3147	0.6643	2.0e-04	0.4814
2676	-116.5992	-116.5992	-88.5491	0.7594	75.7090	0.6506	2.0e-04	0.4808
2677	-116.5931	-116.5931	-87.2467	0.7483	77.0978	0.6624	2.0e-04	0.4811
2678	-116.5893	-116.5893	-87.7062	0.7523	76.6723	0.6588	2.0e-04	0.4808
2679	-116.5954	-116.5954	-87.2069	0.7479	77.2187	0.6634	2.0e-04	0.4818
2680	-116.6170	-116.6170	-88.4579	0.7585	75.8181	0.6515	2.0e-04	0.4810
2681	-116.6028	-116.6028	-88.3624	0.7578	75.9276	0.6524	2.0e-04	0.4812
2682	-116.5981	-116.5981	-88.8892	0.7624	75.3249	0.6471	2.0e-04	0.4806
2683	-116.6058	-116.6058	-89.2354	0.7653	74.9223	0.6437	2.0e-04	0.4811
2684	-116.5893	-116.5893	-88.7590	0.7613	75.4315	0.6481	2.0e-04	0.4809
2685	-116.6048	-116.6048	-89.7358	0.7696	74.2958	0.6384	2.0e-04	0.4811
2686	-116.6142	-116.6142	-89.0942	0.7640	75.0971	0.6451	2.0e-04	0.4810
2687	-116.6008	-116.6008	-88.5228	0.7592	75.7484	0.6509	2.0e-04	0.4809
2688	-116.5996	-116.5996	-87.6601	0.7518	76.7001	0.6591	2.0e-04	0.4812
2689	-116.5988	-116.5988	-89.3155	0.7660	74.8135	0.6428	2.0e-04	0.4814
2690	-116.5855	-116.5855	-87.3515	0.7492	76.9900	0.6616	2.0e-04	0.4811
2691	-116.6069	-116.6069	-87.3517	0.7491	77.0936	0.6624	2.0e-04	0.4812
2692	-116.5971	-116.5971	-89.3838	0.7666	74.7162	0.6419	1.9e-04	0.4809
2693	-116.5895	-116.5895	-88.3629	0.7579	75.9225	0.6524	1.9e-04	0.4812
2694	-116.6054	-116.6054	-88.1353	0.7558	76.1957	0.6547	1.9e-04	0.4808
2695	-116.5997	-116.5997	-88.4228	0.7583	75.8574	0.6518	1.9e-04	0.4813
2696	-116.6069	-116.6069	-89.5082	0.7676	74.5523	0.6404	1.9e-04	0.4811
2697	-116.6027	-116.6027	-87.2577	0.7483	77.2013	0.6633	1.9e-04	0.4811
2698	-116.5886	-116.5886	-88.6762	0.7606	75.5479	0.6492	1.9e-04	0.4811
2699	-116.6074	-116.6074	-87.8534	0.7534	76.5194	0.6574	1.9e-04	0.4813
2700	-116.6027	-116.6027	-89.0428	0.7636	75.1075	0.6453	1.9e-04	0.4808
2701	-116.5953	-116.5953	-88.9077	0.7625	75.2447	0.6466	1.9e-04	0.4815
2702	-116.6151	-116.6151	-89.4975	0.7675	74.5963	0.6410	1.9e-04	0.4810
2703	-116.6005	-116.6005	-90.5906	0.7769	73.2780	0.6295	1.9e-04	0.4813
2704	-116.6064	-116.6064	-89.1340	0.7644	74.9845	0.6443	1.9e-04	0.4807
2705	-116.5892	-116.5892	-89.6435	0.7689	74.3797	0.6391	1.9e-04	0.4827
2706	-116.6006	-116.6006	-88.5112	0.7591	75.7435	0.6509	1.9e-04	0.4813
2707	-116.5930	-116.5930	-87.9073	0.7540	76.4495	0.6569	1.9e-04	0.4810
2708	-116.6012	-116.6012	-87.8739	0.7536	76.4937	0.6573	1.9e-04	0.4810
2709	-116.6108	-116.6108	-87.5425	0.7507	76.8698	0.6605	1.9e-04	0.4814
2710	-116.5978	-116.5978	-88.2400	0.7568	76.0504	0.6534	1.9e-04	0.4815
2711	-116.6025	-116.6025	-88.4017	0.7581	75.8959	0.6521	1.9e-04	0.4811
2712	-116.5928	-116.5928	-89.3456	0.7663	74.7537	0.6422	1.9e-04	0.4810
2713	-116.6073	-116.6073	-87.1341	0.7472	77.3447	0.6645	1.9e-04	0.4810
2714	-116.6050	-116.6050	-87.2809	0.7485	77.1272	0.6627	1.9e-04	0.4809
2715	-116.5928	-116.5928	-88.0494	0.7552	76.2544	0.6552	1.9e-04	0.4813
2716	-116.5863	-116.5863	-91.7115	0.7866	71.7903	0.6167	1.9e-04	0.4814
2717	-116.6047	-116.6047	-87.3279	0.7489	77.0883	0.6624	1.9e-04	0.4815
2718	-116.6055	-116.6055	-87.7160	0.7522	76.6353	0.6585	1.9e-04	0.4808
2719	-116.6132	-116.6132	-87.7249	0.7523	76.6723	0.6588	1.9e-04	0.4813
2720	-116.6038	-116.6038	-89.2243	0.7652	74.9197	0.6436	1.9e-04	0.4810
2721	-116.6007	-116.6007	-87.3146	0.7488	77.0317	0.6618	1.9e-04	0.4811
2722	-116.5992	-116.5992	-88.0768	0.7554	76.2336	0.6550	1.9e-04	0.4806
2723	-116.5883	-116.5883	-88.2689	0.7571	76.0344	0.6533	1.9e-04	0.4812
2724	-116.5998	-116.5998	-88.4951	0.7590	75.7941	0.6511	1.9e-04	0.4812
2725	-116.6117	-116.6117	-86.2799	0.7399	78.2413	0.6724	1.9e-04	0.4811
2726	-116.6002	-116.6002	-89.0808	0.7640	75.0946	0.6452	1.9e-04	0.4810
2727	-116.6192	-116.6192	-85.7145	0.7350	78.9086	0.6780	1.9e-04	0.4810
2728	-116.5877	-116.5877	-88.3926	0.7582	75.8866	0.6521	1.9e-04	0.4812
2729	-116.5840	-116.5840	-90.0303	0.7722	73.9175	0.6351	1.9e-04	0.4813
2730	-116.5752	-116.5752	-90.1833	0.7736	73.7175	0.6335	1.9e-04	0.4809
2731	-116.5976	-116.5976	-88.6761	0.7605	75.5494	0.6491	1.9e-04	0.4811
2732	-116.5895	-116.5895	-88.0645	0.7553	76.2561	0.6553	1.9e-04	0.4819
2733	-116.5988	-116.5988	-87.1246	0.7472	77.2458	0.6637	1.9e-04	0.4815
2734	-116.5713	-116.5713	-89.8005	0.7703	74.1714	0.6374	1.9e-04	0.4813
2735	-116.6107	-116.6107	-87.6343	0.7515	76.7687	0.6596	1.9e-04	0.4816
2736	-116.5978	-116.5978	-88.7093	0.7608	75.5273	0.6489	1.9e-04	0.4816
2737	-116.5823	-116.5823	-88.9720	0.7632	75.1867	0.6460	1.9e-04	0.4818
2738	-116.5855	-116.5855	-88.2381	0.7569	76.0541	0.6535	1.9e-04	0.4817
2739	-116.6106	-116.6106	-86.8418	0.7447	77.6274	0.6668	1.9e-04	0.4816
2740	-116.6082	-116.6082	-87.1691	0.7475	77.2258	0.6636	1.9e-04	0.4820
2741	-116.5914	-116.5914	-88.4439	0.7586	75.7647	0.6510	1.9e-04	0.4816
2742	-116.5720	-116.5720	-88.9060	0.7627	75.2676	0.6467	1.9e-04	0.4820
2743	-116.5958	-116.5958	-87.6430	0.7517	76.7521	0.6595	1.9e-04	0.4814
2744	-116.5847	-116.5847	-88.5746	0.7597	75.6853	0.6502	1.9e-04	0.4825
2745	-116.5962	-116.5962	-88.9621	0.7630	75.1559	0.6456	1.9e-04	0.4814
2746	-116.5966	-116.5966	-89.6282	0.7687	74.2950	0.6383	1.9e-04	0.4820
2747	-116.6071	-116.6071	-84.9387	0.7284	79.7166	0.6849	1.9e-04	0.4814
2748	-116.6024	-116.6024	-86.2287	0.7395	78.2352	0.6723	1.9e-04	0.4818
2749	-116.5850	-116.5850	-88.0205	0.7550	76.3000	0.6556	1.9e-04	0.4811
2750	-116.5954	-116.5954	-87.8460	0.7534	76.5191	0.6574	1.9e-04	0.4823
2751	-116.5948	-116.5948	-89.7619	0.7699	74.2702	0.6382	1.9e-04	0.4816
2752	-116.5878	-116.5878	-88.7847	0.7615	75.3728	0.6477	1.9e-04	0.4818
2753	-116.5847	-116.5847	-87.6971	0.7522	76.6877	0.6589	1.9e-04	0.4823
2754	-116.6039	-116.6039	-86.3513	0.7406	78.2099	0.6720	1.9e-04	0.4818
2755	-116.5979	-116.5979	-90.0131	0.7720	73.9766	0.6356	1.9e-04	0.4820
2756	-116.6102	-116.6102	-85.0797	0.7296	79.5321	0.6833	1.9e-04	0.4818
2757	-116.6177	-116.6177	-85.2771	0.7313	79.3723	0.6821	1.9e-04	0.4823
2758	-116.6094	-116.6094	-88.6727	0.7604	75.5490	0.6491	1.9e-04	0.4815
2759	-116.6014	-116.6014	-88.1975	0.7564	76.1090	0.6540	1.9e-04	0.4814
2760	-116.6088	-116.6088	-85.9766	0.7373	78.6169	0.6756	1.9e-04	0.4829
2761	-116.6050	-116.6050	-87.5913	0.7512	76.7756	0.6597	1.9e-04	0.4822
2762	-116.6121	-116.6121	-87.0091	0.7461	77.4286	0.6653	1.9e-04	0.4830
2763	-116.5951	-116.5951	-89.5998	0.7685	74.4596	0.6399	1.9e-04	0.4827
2764	-116.6128	-116.6128	-87.7722	0.7527	76.6024	0.6582	1.9e-04	0.4825
2765	-116.6032	-116.6032	-86.2609	0.7398	78.3025	0.6727	1.9e-04	0.4823
2766	-116.5971	-116.5971	-88.1215	0.7558	76.2077	0.6548	1.9e-04	0.4822
2767	-116.6080	-116.6080	-87.2402	0.7481	77.2042	0.6634	1.9e-04	0.4820
2768	-116.5949	-116.5949	-87.1811	0.7477	77.2051	0.6634	1.9e-04	0.4827
2769	-116.5865	-116.5865	-88.6231	0.7601	75.5899	0.6495	1.9e-04	0.4819
2770	-116.6034	-116.6034	-88.1273	0.7558	76.1205	0.6540	1.9e-04	0.4822
2771	-116.5903	-116.5903	-89.1238	0.7644	74.9971	0.6444	1.9e-04	0.4820
2772	-116.5916	-116.5916	-88.7911	0.7616	75.4179	0.6481	1.9e-04	0.4824
2773	-116.6088	-116.6088	-86.8992	0.7452	77.5936	0.6667	1.9e-04	0.4820
2774	-116.6164	-116.6164	-87.6931	0.7520	76.7160	0.6592	1.9e-04	0.4828
2775	-116.5977	-116.5977	-87.3110	0.7488	77.1165	0.6627	1.9e-04	0.4817
2776	-116.5984	-116.5984	-88.6052	0.7599	75.6338	0.6500	1.9e-04	0.4827
2777	-116.6022	-116.6022	-88.0091	0.7548	76.3135	0.6557	1.9e-04	0.4828
2778	-116.5920	-116.5920	-88.4208	0.7584	75.8450	0.6518	1.9e-04	0.4824
2779	-116.5810	-116.5810	-89.0366	0.7637	75.1120	0.6454	1.9e-04	0.4824
2780	-116.5903	-116.5903	-89.0935	0.7642	75.0439	0.6447	1.9e-04	0.4828
2781	-116.5817	-116.5817	-90.2890	0.7745	73.6143	0.6326	1.9e-04	0.4821
2782	-116.5858	-116.5858	-89.1130	0.7644	75.0265	0.6447	1.9e-04	0.4824
2783	-116.6082	-116.6082	-84.7023	0.7264	79.9139	0.6867	1.9e-04	0.4817
2784	-116.5982	-116.5982	-88.7941	0.7615	75.4336	0.6481	1.9e-04	0.4830
2785	-116.5884	-116.5884	-86.9332	0.7456	77.5344	0.6663	1.9e-04	0.4817
2786	-116.6125	-116.6125	-86.3457	0.7404	78.1848	0.6718	1.9e-04	0.4832
2787	-116.5924	-116.5924	-88.0254	0.7550	76.2950	0.6555	1.9e-04	0.4819
2788	-116.6220	-116.6220	-84.9830	0.7287	79.6136	0.6840	1.9e-04	0.4820
2789	-116.5975	-116.5975	-86.6938	0.7435	77.8237	0.6687	1.9e-04	0.4819
2790	-116.5993	-116.5993	-87.7413	0.7525	76.6029	0.6583	1.9e-04	0.4822
2791	-116.6098	-116.6098	-86.4536	0.7414	78.0982	0.6711	1.9e-04	0.4824
2792	-116.5922	-116.5922	-88.4051	0.7582	75.8765	0.6520	1.9e-04	0.4826
2793	-116.6099	-116.6099	-85.6268	0.7343	78.9860	0.6788	1.9e-04	0.4821
2794	-116.6008	-116.6008	-86.6339	0.7430	77.7839	0.6683	1.9e-04	0.4832
2795	-116.5957	-116.5957	-87.8292	0.7533	76.5280	0.6576	1.9e-04	0.4822
2796	-116.5969	-116.5969	-87.0369	0.7465	77.4181	0.6653	1.9e-04	0.4832
2797	-116.5793	-116.5793	-86.6727	0.7435	77.8131	0.6687	1.9e-04	0.4822
2798	-116.5899	-116.5899	-87.2826	0.7486	77.1414	0.6629	1.9e-04	0.4829
2799	-116.6085	-116.6085	-86.5935	0.7426	77.9398	0.6696	1.9e-04	0.4823
2800	-116.6100	-116.6100	-87.8302	0.7532	76.5343	0.6576	1.9e-04	0.4830
2801	-116.5981	-116.5981	-85.6271	0.7344	78.9842	0.6787	1.9e-04	0.4823
2802	-116.6019	-116.6019	-86.0880	0.7383	78.4923	0.6744	1.9e-04	0.4825
2803	-116.6009	-116.6009	-86.5742	0.7425	77.9434	0.6699	1.9e-04	0.4819
2804	-116.5816	-116.5816	-88.0377	0.7552	76.2796	0.6554	1.9e-04	0.4829
2805	-116.6283	-116.6283	-85.7915	0.7356	78.8227	0.6773	1.9e-04	0.4818
2806	-116.5939	-116.5939	-85.8831	0.7366	78.7017	0.6763	1.9e-04	0.4820
2807	-116.5938	-116.5938	-86.7223	0.7438	77.6568	0.6674	1.9e-04	0.4822
2808	-116.5819	-116.5819	-88.2906	0.7573	75.9883	0.6530	1.9e-04	0.4820
2809	-116.5901	-116.5901	-88.2730	0.7571	76.0178	0.6533	1.9e-04	0.4817
2810	-116.5830	-116.5830	-88.1996	0.7565	76.1036	0.6539	1.9e-04	0.4825
2811	-116.6105	-116.6105	-88.4366	0.7584	75.8574	0.6518	1.9e-04	0.4817
2812	-116.6092	-116.6092	-86.8652	0.7449	77.6234	0.6670	1.9e-04	0.4820
2813	-116.6059	-116.6059	-87.0119	0.7462	77.4588	0.6657	1.9e-04	0.4819
2814	-116.6044	-116.6044	-87.0476	0.7465	77.4431	0.6653	1.9e-04	0.4816
2815	-116.5910	-116.5910	-87.2390	0.7482	77.2124	0.6633	1.9e-04	0.4814
2816	-116.5854	-116.5854	-87.1568	0.7476	77.2975	0.6642	1.9e-04	0.4817
2817	-116.5883	-116.5883	-87.4643	0.7502	76.9338	0.6611	1.9e-04	0.4811
2818	-116.5997	-116.5997	-87.0930	0.7469	77.3685	0.6648	1.9e-04	0.4810
2819	-116.6037	-116.6037	-86.4986	0.7418	78.0551	0.6706	1.9e-04	0.4811
2820	-116.6032	-116.6032	-85.7119	0.7351	78.8374	0.6774	1.9e-04	0.4810
2821	-116.6103	-116.6103	-86.2790	0.7399	78.2924	0.6727	1.9e-04	0.4810
2822	-116.5943	-116.5943	-86.5479	0.7423	77.9892	0.6701	1.9e-04	0.4812
2823	-116.5968	-116.5968	-87.5646	0.7510	76.8388	0.6602	1.9e-04	0.4814
2824	-116.5909	-116.5909	-87.7491	0.7526	76.5851	0.6580	1.9e-04	0.4808
2825	-116.6157	-116.6157	-84.8824	0.7279	79.8051	0.6857	1.9e-04	0.4813
2826	-116.6053	-116.6053	-84.9835	0.7288	79.6804	0.6847	1.9e-04	0.4808
2827	-116.6034	-116.6034	-85.6375	0.7344	78.9916	0.6787	1.9e-04	0.4811
2828	-116.5883	-116.5883	-86.2062	0.7394	78.3445	0.6732	1.9e-04	0.4810
2829	-116.6084	-116.6084	-85.3970	0.7323	79.2397	0.6808	1.9e-04	0.4811
2830	-116.5857	-116.5857	-86.5604	0.7425	77.9700	0.6699	1.9e-04	0.4812
2831	-116.6103	-116.6103	-84.3729	0.7235	80.3283	0.6902	1.9e-04	0.4810
2832	-116.5974	-116.5974	-85.4259	0.7327	79.1892	0.6804	1.9e-04	0.4809
2833	-116.5959	-116.5959	-84.8107	0.7274	79.8330	0.6859	1.9e-04	0.4810
2834	-116.6004	-116.6004	-86.4131	0.7411	78.0521	0.6706	1.9e-04	0.4810
2835	-116.6196	-116.6196	-84.5487	0.7250	80.1420	0.6886	1.9e-04	0.4810
2836	-116.6002	-116.6002	-86.2290	0.7395	78.3513	0.6731	1.9e-04	0.4810
2837	-116.6169	-116.6169	-83.5536	0.7165	81.1156	0.6969	1.9e-04	0.4815
2838	-116.5790	-116.5790	-85.2844	0.7316	79.3518	0.6817	1.9e-04	0.4809
2839	-116.5921	-116.5921	-85.8896	0.7367	78.6934	0.6762	1.9e-04	0.4816
2840	-116.5932	-116.5932	-85.9958	0.7376	78.5371	0.6748	1.9e-04	0.4809
2841	-116.5901	-116.5901	-85.4679	0.7331	79.1437	0.6801	1.9e-04	0.4814
2842	-116.6036	-116.6036	-84.9770	0.7288	79.6732	0.6846	1.9e-04	0.4809
2843	-116.5916	-116.5916	-85.7196	0.7352	78.8837	0.6778	1.9e-04	0.4812
2844	-116.6010	-116.6010	-85.8790	0.7365	78.6939	0.6762	1.9e-04	0.4807
2845	-116.6016	-116.6016	-83.9917	0.7203	80.7200	0.6935	1.9e-04	0.4815
2846	-116.6166	-116.6166	-85.1118	0.7298	79.5721	0.6836	1.9e-04	0.4811
2847	-116.5960	-116.5960	-86.6087	0.7428	77.9078	0.6694	1.9e-04	0.4818
2848	-116.5812	-116.5812	-87.0941	0.7471	77.3650	0.6647	1.9e-04	0.4808
2849	-116.5841	-116.5841	-87.2103	0.7480	77.2357	0.6634	1.9e-04	0.4813
2850	-116.6003	-116.6003	-86.4387	0.7413	78.0520	0.6707	1.9e-04	0.4811
2851	-116.6050	-116.6050	-84.9901	0.7289	79.6939	0.6846	1.9e-04	0.4820
2852	-116.5935	-116.5935	-86.3500	0.7406	78.1776	0.6717	1.9e-04	0.4811
2853	-116.6023	-116.6023	-84.7547	0.7269	79.9059	0.6865	1.9e-04	0.4814
2854	-116.6067	-116.6067	-83.7015	0.7178	80.8453	0.6946	1.9e-04	0.4809
2855	-116.6063	-116.6063	-83.9836	0.7202	80.7210	0.6935	1.9e-04	0.4813
2856	-116.5998	-116.5998	-85.3798	0.7322	79.2263	0.6807	1.9e-04	0.4813
2857	-116.5905	-116.5905	-85.0173	0.7292	79.6339	0.6842	1.9e-04	0.4818
2858	-116.6020	-116.6020	-83.0514	0.7123	81.6938	0.7019	1.9e-04	0.4809
2859	-116.6088	-116.6088	-85.1043	0.7298	79.5615	0.6834	1.9e-04	0.4810
2860	-116.6076	-116.6076	-85.9995	0.7375	78.6098	0.6753	1.9e-04	0.4809
2861	-116.6143	-116.6143	-85.4011	0.7323	79.2010	0.6804	1.9e-04	0.4812
2862	-116.5887	-116.5887	-85.6393	0.7345	78.9400	0.6783	1.9e-04	0.4808
2863	-116.6086	-116.6086	-85.7049	0.7350	78.9283	0.6781	1.9e-04	0.4813
2864	-116.5912	-116.5912	-88.2612	0.7570	76.0388	0.6533	1.9e-04	0.4813
2865	-116.5907	-116.5907	-86.1980	0.7393	78.2531	0.6723	1.9e-04	0.4811
2866	-116.5909	-116.5909	-83.6731	0.7177	81.0523	0.6964	1.9e-04	0.4810
2867	-116.6223	-116.6223	-84.6685	0.7260	80.0435	0.6877	1.9e-04	0.4811
2868	-116.5960	-116.5960	-83.7058	0.7179	81.0162	0.6961	1.9e-04	0.4809
2869	-116.5925	-116.5925	-84.6852	0.7263	79.9341	0.6867	1.9e-04	0.4813
2870	-116.5827	-116.5827	-84.4951	0.7248	80.1915	0.6890	1.9e-04	0.4814
2871	-116.6014	-116.6014	-86.0969	0.7384	78.4735	0.6741	1.9e-04	0.4810
2872	-116.5973	-116.5973	-83.8919	0.7195	80.8353	0.6945	1.9e-04	0.4810
2873	-116.5925	-116.5925	-85.2412	0.7311	79.3885	0.6820	1.9e-04	0.4811
2874	-116.5905	-116.5905	-85.1331	0.7302	79.5049	0.6831	1.9e-04	0.4810
2875	-116.6045	-116.6045	-84.8794	0.7279	79.8113	0.6857	1.9e-04	0.4811
2876	-116.5937	-116.5937	-86.4431	0.7414	78.0934	0.6710	1.9e-04	0.4812
2877	-116.6141	-116.6141	-84.1238	0.7214	80.5883	0.6924	1.9e-04	0.4813
2878	-116.5777	-116.5777	-86.1593	0.7391	78.3988	0.6735	1.9e-04	0.4812
2879	-116.5835	-116.5835	-85.3671	0.7322	79.2603	0.6810	1.9e-04	0.4812
2880	-116.5853	-116.5853	-84.6319	0.7259	80.0350	0.6877	1.9e-04	0.4814
2881	-116.6083	-116.6083	-84.6453	0.7259	80.0398	0.6877	1.9e-04	0.4811
2882	-116.5989	-116.5989	-85.6540	0.7346	78.9526	0.6783	1.9e-04	0.4809
2883	-116.5994	-116.5994	-83.6048	0.7170	81.1222	0.6970	1.9e-04	0.4812
2884	-116.6154	-116.6154	-84.8607	0.7277	79.8372	0.6859	1.9e-04	0.4811
2885	-116.5887	-116.5887	-85.3173	0.7318	79.3336	0.6815	1.9e-04	0.4814
2886	-116.6048	-116.6048	-84.3636	0.7235	80.3392	0.6902	1.9e-04	0.4809
2887	-116.6035	-116.6035	-83.3359	0.7147	81.3995	0.6993	1.9e-04	0.4812
2888	-116.6065	-116.6065	-83.7907	0.7186	80.9201	0.6953	1.9e-04	0.4809
2889	-116.6070	-116.6070	-84.3767	0.7236	80.3170	0.6900	1.9e-04	0.4844
2890	-116.5955	-116.5955	-86.0438	0.7380	78.5211	0.6747	1.9e-04	0.4810
2891	-116.5841	-116.5841	-84.7953	0.7273	79.8496	0.6860	1.9e-04	0.4812
2892	-116.6110	-116.6110	-85.0371	0.7292	79.6017	0.6839	1.9e-04	0.4809
2893	-116.5960	-116.5960	-84.4451	0.7243	80.2228	0.6893	1.9e-04	0.4815
2894	-116.5918	-116.5918	-84.8239	0.7275	79.7503	0.6852	1.9e-04	0.4812
2895	-116.5973	-116.5973	-84.8524	0.7277	79.8361	0.6858	1.9e-04	0.4809
2896	-116.6021	-116.6021	-83.1691	0.7133	81.5623	0.7007	1.9e-04	0.4815
2897	-116.6115	-116.6115	-83.3823	0.7150	81.3421	0.6988	1.9e-04	0.4817
2898	-116.6103	-116.6103	-83.3613	0.7149	81.3921	0.6992	1.9e-04	0.4810
2899	-116.6022	-116.6022	-84.9201	0.7283	79.7570	0.6853	1.9e-04	0.4811
2900	-116.5956	-116.5956	-85.7499	0.7354	78.8679	0.6776	1.9e-04	0.4813
2901	-116.6242	-116.6242	-86.0310	0.7377	78.5806	0.6750	1.9e-04	0.4813
2902	-116.6003	-116.6003	-85.1860	0.7306	79.4737	0.6828	1.9e-04	0.4811
2903	-116.6060	-116.6060	-84.2731	0.7227	80.4253	0.6910	1.9e-04	0.4814
2904	-116.6026	-116.6026	-81.9264	0.7026	82.8206	0.7116	1.9e-04	0.4819
2905	-116.5942	-116.5942	-84.3407	0.7234	80.3252	0.6901	1.9e-04	0.4812
2906	-116.5859	-116.5859	-84.5427	0.7252	80.1441	0.6886	1.9e-04	0.4815
2907	-116.5904	-116.5904	-84.9283	0.7284	79.7293	0.6851	1.9e-04	0.4812
2908	-116.6275	-116.6283	-81.5384	0.6991	83.1970	0.7148	1.9e-04	0.4810
2909	-116.6038	-116.6038	-85.3242	0.7317	79.1459	0.6799	1.9e-04	0.4812
2910	-116.5872	-116.5872	-85.0747	0.7297	79.5720	0.6837	1.9e-04	0.4814
2911	-116.6010	-116.6010	-86.5813	0.7425	77.9105	0.6693	1.9e-04	0.4813
2912	-116.5791	-116.5791	-88.5750	0.7598	75.5860	0.6495	1.9e-04	0.4820
2913	-116.5891	-116.5891	-86.1110	0.7386	78.4555	0.6741	1.9e-04	0.4816
2914	-116.6178	-116.6178	-84.6290	0.7257	80.0622	0.6880	1.9e-04	0.4817
2915	-116.5808	-116.5808	-88.2852	0.7573	76.0002	0.6531	1.9e-04	0.4814
2916	-116.5843	-116.5843	-85.9485	0.7372	78.6067	0.6755	1.9e-04	0.4811
2917	-116.5838	-116.5838	-86.4829	0.7418	78.0345	0.6705	1.9e-04	0.4811
2918	-116.6004	-116.6004	-85.8029	0.7359	78.8074	0.6771	1.9e-04	0.4815
2919	-116.6133	-116.6133	-84.6371	0.7258	80.0481	0.6879	1.9e-04	0.4812
2920	-116.5785	-116.5785	-90.3509	0.7750	73.5316	0.6318	1.9e-04	0.4811
2921	-116.6031	-116.6031	-87.5145	0.7505	76.8818	0.6606	1.9e-04	0.4814
2922	-116.5961	-116.5961	-86.3217	0.7403	78.2228	0.6722	1.9e-04	0.4816
2923	-116.6021	-116.6021	-88.2141	0.7565	76.1066	0.6539	1.9e-04	0.4813
2924	-116.6004	-116.6004	-88.4070	0.7582	75.8838	0.6520	1.9e-04	0.4812
2925	-116.5880	-116.5880	-88.4593	0.7587	75.7285	0.6507	1.9e-04	0.4813
2926	-116.6071	-116.6071	-86.5474	0.7422	77.9633	0.6699	1.9e-04	0.4818
2927	-116.5844	-116.5844	-89.0992	0.7642	75.0621	0.6448	1.9e-04	0.4816
2928	-116.6033	-116.6033	-87.4706	0.7502	76.7476	0.6594	1.9e-04	0.4816
2929	-116.5905	-116.5905	-87.9167	0.7541	76.4478	0.6568	1.9e-04	0.4810
2930	-116.5897	-116.5897	-88.4427	0.7586	75.8273	0.6515	1.9e-04	0.4813
2931	-116.5991	-116.5991	-89.0554	0.7638	75.1161	0.6455	1.9e-04	0.4816
2932	-116.6067	-116.6067	-89.4435	0.7671	74.6675	0.6415	1.9e-04	0.4817
2933	-116.6003	-116.6003	-87.6642	0.7518	76.6900	0.6589	1.9e-04	0.4822
2934	-116.6036	-116.6036	-88.3591	0.7578	75.9223	0.6524	1.9e-04	0.4820
2935	-116.6038	-116.6038	-87.6710	0.7519	76.6911	0.6589	1.9e-04	0.4818
2936	-116.5932	-116.5932	-86.9429	0.7457	77.5448	0.6663	1.9e-04	0.4823
2937	-116.5977	-116.5977	-89.0795	0.7640	75.0411	0.6448	1.9e-04	0.4821
2938	-116.6236	-116.6236	-87.5180	0.7504	76.9116	0.6609	1.9e-04	0.4824
2939	-116.5771	-116.5771	-87.4075	0.7498	76.9999	0.6616	1.9e-04	0.4825
2940	-116.6032	-116.6032	-86.7983	0.7444	77.6403	0.6672	1.9e-04	0.4831
2941	-116.6168	-116.6168	-86.6351	0.7429	77.9101	0.6694	1.9e-04	0.4826
2942	-116.5889	-116.5889	-87.8271	0.7533	76.5362	0.6577	1.9e-04	0.4831
2943	-116.6099	-116.6099	-88.1218	0.7557	76.0973	0.6539	1.9e-04	0.4828
2944	-116.5989	-116.5989	-89.4694	0.7673	74.6172	0.6412	1.9e-04	0.4833
2945	-116.6174	-116.6174	-87.2023	0.7478	77.2715	0.6639	1.9e-04	0.4825
2946	-116.5830	-116.5830	-89.3118	0.7661	74.7797	0.6426	1.9e-04	0.4826
2947	-116.6012	-116.6012	-89.9000	0.7710	74.1066	0.6368	1.9e-04	0.4823
2948	-116.6164	-116.6164	-86.7341	0.7438	77.7756	0.6684	1.9e-04	0.4823
2949	-116.6027	-116.6027	-87.7810	0.7528	76.5333	0.6577	1.9e-04	0.4821
2950	-116.6118	-116.6118	-87.6729	0.7518	76.7392	0.6594	1.9e-04	0.4825
2951	-116.6051	-116.6051	-88.4611	0.7586	75.8141	0.6515	1.9e-04	0.4824
2952	-116.5917	-116.5917	-85.4450	0.7329	79.1667	0.6804	1.9e-04	0.4822
2953	-116.6217	-116.6217	-87.1204	0.7470	77.3559	0.6648	1.9e-04	0.4821
2954	-116.5884	-116.5884	-86.6578	0.7433	77.8585	0.6690	1.9e-04	0.4825
2955	-116.6195	-116.6195	-86.9246	0.7454	77.5864	0.6666	1.9e-04	0.4823
2956	-116.5972	-116.5972	-87.6254	0.7515	76.7636	0.6596	1.9e-04	0.4822
2957	-116.5845	-116.5845	-88.8860	0.7624	75.1673	0.6458	1.9e-04	0.4820
2958	-116.6011	-116.6011	-86.7991	0.7444	77.6648	0.6674	1.9e-04	0.4827
2959	-116.5959	-116.5959	-88.1597	0.7561	76.1679	0.6543	1.9e-04	0.4821
2960	-116.6149	-116.6149	-88.0595	0.7551	76.2905	0.6556	1.9e-04	0.4827
2961	-116.6036	-116.6036	-89.8792	0.7708	74.0443	0.6363	1.9e-04	0.4823
2962	-116.6009	-116.6009	-87.2238	0.7481	77.2292	0.6636	1.9e-04	0.4830
2963	-116.6168	-116.6168	-87.8619	0.7534	76.5191	0.6575	1.9e-04	0.4826
2964	-116.6129	-116.6129	-87.5650	0.7509	76.8456	0.6603	1.9e-04	0.4829
2965	-116.5983	-116.5983	-88.8646	0.7621	75.2021	0.6462	1.9e-04	0.4828
2966	-116.6061	-116.6061	-87.8185	0.7531	76.5184	0.6577	1.9e-04	0.4833
2967	-116.6070	-116.6070	-87.3729	0.7493	77.0639	0.6622	1.9e-04	0.4933
2968	-116.6020	-116.6020	-88.3462	0.7577	75.9438	0.6525	1.9e-04	0.4832
2969	-116.5937	-116.5937	-86.8364	0.7448	77.6248	0.6670	1.9e-04	0.4822
2970	-116.6050	-116.6050	-88.2989	0.7572	75.9229	0.6525	1.9e-04	0.4823
2971	-116.6072	-116.6072	-88.9999	0.7632	75.1859	0.6460	1.9e-04	0.4826
2972	-116.6163	-116.6163	-87.2561	0.7482	77.1377	0.6629	1.9e-04	0.4828
2973	-116.6146	-116.6146	-86.8959	0.7452	77.6128	0.6669	1.9e-04	0.4825
2974	-116.5955	-116.5955	-88.6226	0.7601	75.4917	0.6488	1.9e-04	0.4830
2975	-116.5915	-116.5915	-88.8548	0.7621	75.3512	0.6474	1.9e-04	0.4822
2976	-116.6055	-116.6055	-88.7618	0.7612	75.4766	0.6485	1.9e-04	0.4827
2977	-116.5957	-116.5957	-89.1830	0.7649	74.9654	0.6441	1.9e-04	0.4820
2978	-116.6248	-116.6248	-86.3416	0.7403	78.0733	0.6708	1.9e-04	0.4826
2979	-116.6051	-116.6051	-87.3328	0.7490	77.1011	0.6626	1.9e-04	0.4817
2980	-116.5995	-116.5995	-86.6695	0.7433	77.8271	0.6687	1.9e-04	0.4825
2981	-116.5993	-116.5993	-88.2583	0.7569	76.0455	0.6534	1.9e-04	0.4819
2982	-116.6012	-116.6012	-87.3945	0.7495	76.9279	0.6611	1.9e-04	0.4819
2983	-116.6260	-116.6260	-86.6042	0.7426	77.8663	0.6691	1.9e-04	0.4820
2984	-116.5885	-116.5885	-88.3975	0.7582	75.8658	0.6520	1.9e-04	0.4816
2985	-116.6049	-116.6049	-88.9708	0.7630	75.1274	0.6456	1.9e-04	0.4814
2986	-116.5828	-116.5828	-88.9541	0.7630	75.2130	0.6464	1.9e-04	0.4826
2987	-116.5981	-116.5981	-89.6773	0.7691	74.3787	0.6391	1.9e-04	0.4817
2988	-116.5790	-116.5790	-87.1177	0.7473	77.3303	0.6645	1.9e-04	0.4821
2989	-116.6047	-116.6047	-86.7595	0.7440	77.7490	0.6681	1.9e-04	0.4817
2990	-116.5995	-116.5995	-88.1177	0.7557	76.1211	0.6541	1.9e-04	0.4819
2991	-116.5935	-116.5935	-88.9180	0.7626	75.2610	0.6467	1.9e-04	0.4821
2992	-116.6020	-116.6020	-88.7276	0.7609	75.4739	0.6485	1.9e-04	0.4818
2993	-116.5969	-116.5969	-87.4784	0.7503	76.9381	0.6611	1.9e-04	0.4810
2994	-116.6055	-116.6055	-86.9119	0.7453	77.5827	0.6666	1.9e-04	0.4812
2995	-116.5989	-116.5989	-85.6036	0.7342	78.9372	0.6783	1.9e-04	0.4814
2996	-116.6038	-116.6038	-87.4390	0.7499	76.9773	0.6614	1.9e-04	0.4810
2997	-116.5898	-116.5898	-86.5809	0.7426	77.9345	0.6697	1.9e-04	0.4815
2998	-116.5917	-116.5917	-89.8022	0.7702	74.1412	0.6371	1.9e-04	0.4814
2999	-116.6020	-116.6020	-84.9353	0.7284	79.7230	0.6851	1.9e-04	0.4815
3000	-116.6154	-116.6154	-87.1362	0.7472	77.3223	0.6644	1.9e-04	0.4809
3001	-116.5893	-116.5893	-87.5819	0.7512	76.8060	0.6601	1.9e-04	0.4810
3002	-116.5956	-116.5956	-86.7974	0.7444	77.6112	0.6669	1.9e-04	0.4808
3003	-116.5957	-116.5957	-88.2457	0.7569	76.0609	0.6536	1.9e-04	0.4815
3004	-116.5992	-116.5992	-88.5844	0.7597	75.6488	0.6500	1.9e-04	0.4812
3005	-116.6287	-116.6287	-87.6275	0.7513	76.8034	0.6599	1.9e-04	0.4812
3006	-116.5957	-116.5957	-87.0674	0.7467	77.3965	0.6651	1.9e-04	0.4810
3007	-116.6368	-116.6368	-84.9749	0.7285	79.7224	0.6850	1.9e-04	0.4815
3008	-116.5742	-116.5742	-86.1746	0.7392	78.3486	0.6734	1.9e-04	0.4808
3009	-116.5838	-116.5838	-88.4918	0.7590	75.7518	0.6510	1.9e-04	0.4812
3010	-116.5932	-116.5932	-86.5606	0.7424	77.8591	0.6690	1.9e-04	0.4808
3011	-116.5984	-116.5984	-85.6932	0.7349	78.8567	0.6776	1.9e-04	0.4815
3012	-116.5955	-116.5955	-86.5913	0.7427	77.9120	0.6695	1.9e-04	0.4808
3013	-116.6153	-116.6153	-85.0717	0.7295	79.5715	0.6837	1.9e-04	0.4813
3014	-116.5930	-116.5930	-86.2622	0.7399	78.2908	0.6727	1.9e-04	0.4811
3015	-116.6070	-116.6070	-85.7105	0.7350	78.8488	0.6775	1.9e-04	0.4812
3016	-116.5952	-116.5952	-87.7979	0.7530	76.5905	0.6580	1.9e-04	0.4808
3017	-116.6073	-116.6073	-86.4497	0.7414	78.0251	0.6703	1.9e-04	0.4815
3018	-116.5783	-116.5783	-86.6327	0.7431	77.8843	0.6691	1.9e-04	0.4817
3019	-116.5821	-116.5821	-85.8519	0.7364	78.6723	0.6760	1.9e-04	0.4813
3020	-116.5943	-116.5943	-86.3204	0.7403	78.2036	0.6720	1.9e-04	0.4811
3021	-116.6006	-116.6006	-88.6730	0.7605	75.5739	0.6493	1.9e-04	0.4816
3022	-116.5856	-116.5856	-86.8254	0.7447	77.6675	0.6674	1.9e-04	0.4812
3023	-116.6108	-116.6108	-86.5196	0.7420	77.9984	0.6703	1.9e-04	0.4813
3024	-116.5869	-116.5869	-88.6547	0.7604	75.5641	0.6493	1.9e-04	0.4811
3025	-116.6142	-116.6142	-85.0608	0.7294	79.6219	0.6840	1.9e-04	0.4814
3026	-116.6308	-116.6308	-83.1871	0.7133	81.5140	0.7005	1.9e-04	0.4815
3027	-116.5970	-116.5970	-86.8132	0.7446	77.6659	0.6673	1.9e-04	0.4811
3028	-116.6028	-116.6028	-86.3245	0.7403	78.2332	0.6722	1.9e-04	0.4813
3029	-116.6100	-116.6100	-87.4691	0.7501	76.9583	0.6613	1.9e-04	0.4814
3030	-116.6125	-116.6125	-87.6387	0.7515	76.7803	0.6597	1.9e-04	0.4815
3031	-116.6027	-116.6027	-87.5097	0.7505	76.9220	0.6609	1.9e-04	0.4814
3032	-116.6064	-116.6064	-87.8475	0.7534	76.5120	0.6574	1.9e-04	0.4814
3033	-116.5906	-116.5906	-86.0237	0.7378	78.5346	0.6750	1.9e-04	0.4812
3034	-116.5825	-116.5825	-87.8933	0.7539	76.3987	0.6565	1.9e-04	0.4815
3035	-116.6127	-116.6127	-86.1636	0.7389	78.4204	0.6738	1.9e-04	0.4817
3036	-116.5852	-116.5852	-84.4812	0.7246	80.2086	0.6891	1.9e-04	0.4814
3037	-116.5871	-116.5871	-86.9220	0.7456	77.4990	0.6660	1.9e-04	0.4815
3038	-116.6179	-116.6179	-86.1821	0.7390	78.3795	0.6735	1.9e-04	0.4820
3039	-116.6092	-116.6092	-87.1473	0.7473	77.3193	0.6644	1.9e-04	0.4815
3040	-116.5973	-116.5973	-83.5361	0.7164	81.1703	0.6975	1.9e-04	0.4816
3041	-116.5925	-116.5925	-86.9780	0.7460	77.4920	0.6659	1.9e-04	0.4816
3042	-116.6030	-116.6030	-85.5580	0.7338	79.0456	0.6792	1.9e-04	0.4815
3043	-116.6162	-116.6162	-85.5295	0.7334	79.1045	0.6798	1.9e-04	0.4813
3044	-116.6055	-116.6055	-87.6904	0.7520	76.7012	0.6591	1.9e-04	0.4815
3045	-116.5776	-116.5776	-88.6758	0.7607	75.5381	0.6492	1.9e-04	0.4818
3046	-116.5943	-116.5943	-85.4314	0.7327	79.1955	0.6805	1.9e-04	0.4809
3047	-116.5831	-116.5831	-86.4843	0.7418	78.0552	0.6706	1.9e-04	0.4813
3048	-116.6061	-116.6061	-85.9050	0.7367	78.5593	0.6750	1.9e-04	0.4811
3049	-116.5878	-116.5878	-86.6553	0.7433	77.8025	0.6686	1.9e-04	0.4812
3050	-116.5902	-116.5902	-86.3915	0.7410	78.1349	0.6715	1.9e-04	0.4810
3051	-116.5959	-116.5959	-85.1944	0.7307	79.4315	0.6826	1.9e-04	0.4814
3052	-116.6047	-116.6047	-84.2637	0.7226	80.4282	0.6912	1.9e-04	0.4812
3053	-116.5997	-116.5997	-84.1202	0.7214	80.5869	0.6925	1.9e-04	0.4815
3054	-116.6067	-116.6067	-84.8298	0.7275	79.6914	0.6848	1.9e-04	0.4817
3055	-116.5972	-116.5972	-83.7975	0.7187	80.8989	0.6953	1.9e-04	0.4813
3056	-116.6136	-116.6136	-84.8371	0.7275	79.7088	0.6848	1.9e-04	0.4812
3057	-116.6016	-116.6016	-84.4264	0.7241	80.2216	0.6894	1.9e-04	0.4810
3058	-116.5970	-116.5970	-83.5791	0.7168	81.1322	0.6972	1.9e-04	0.4807
3059	-116.6053	-116.6053	-83.3761	0.7150	81.2885	0.6985	1.9e-04	0.4814
3060	-116.5951	-116.5951	-85.2282	0.7310	79.3741	0.6821	1.9e-04	0.4812
3061	-116.5946	-116.5946	-85.2438	0.7311	79.3537	0.6819	1.9e-04	0.4816
3062	-116.5881	-116.5881	-85.1517	0.7304	79.4753	0.6829	1.9e-04	0.4809
3063	-116.5761	-116.5761	-84.5900	0.7256	80.0733	0.6881	1.9e-04	0.4813
3064	-116.5887	-116.5887	-85.9625	0.7373	78.6230	0.6755	1.9e-04	0.4809
3065	-116.5888	-116.5888	-85.8900	0.7367	78.5686	0.6752	1.9e-04	0.4815
3066	-116.5893	-116.5893	-84.9388	0.7285	79.7121	0.6850	1.9e-04	0.4812
3067	-116.5742	-116.5742	-85.8162	0.7362	78.7599	0.6768	1.9e-04	0.4824
3068	-116.6062	-116.6062	-83.3790	0.7150	81.3553	0.6990	1.9e-04	0.4816
3069	-116.5827	-116.5827	-85.8534	0.7364	78.7075	0.6764	1.9e-04	0.4813
3070	-116.6080	-116.6080	-84.9192	0.7282	79.7441	0.6853	1.9e-04	0.4805
3071	-116.6085	-116.6085	-84.7545	0.7268	79.9135	0.6867	1.9e-04	0.4812
3072	-116.6261	-116.6261	-83.8990	0.7194	80.7854	0.6943	1.9e-04	0.4824
3073	-116.5813	-116.5813	-85.4636	0.7331	79.1166	0.6800	1.9e-04	0.4816
3074	-116.6130	-116.6130	-85.4533	0.7328	79.1749	0.6804	1.9e-04	0.4818
3075	-116.6141	-116.6141	-86.9818	0.7459	77.4953	0.6661	1.9e-04	0.4812
3076	-116.6062	-116.6062	-85.7705	0.7356	78.7795	0.6770	1.9e-04	0.4816
3077	-116.6076	-116.6076	-84.1486	0.7216	80.5379	0.6922	1.9e-04	0.4814
3078	-116.5849	-116.5849	-85.8937	0.7367	78.6630	0.6761	1.9e-04	0.4809
3079	-116.5920	-116.5920	-85.4155	0.7326	79.1894	0.6806	1.9e-04	0.4815
3080	-116.5907	-116.5907	-87.7644	0.7528	76.5946	0.6583	1.9e-04	0.4820
3081	-116.6107	-116.6107	-85.4908	0.7331	79.1175	0.6799	1.9e-04	0.4814
3082	-116.5936	-116.5936	-87.0649	0.7467	77.3923	0.6651	1.9e-04	0.4823
3083	-116.6048	-116.6048	-85.4128	0.7325	79.2230	0.6808	1.9e-04	0.4814
3084	-116.5983	-116.5983	-84.3093	0.7231	80.2618	0.6898	1.9e-04	0.4817
3085	-116.6231	-116.6231	-84.8761	0.7278	79.8065	0.6858	1.9e-04	0.4817
3086	-116.6102	-116.6102	-87.0101	0.7462	77.4692	0.6658	1.9e-04	0.4821
3087	-116.5855	-116.5855	-87.8536	0.7536	76.4770	0.6571	1.9e-04	0.4822
3088	-116.6183	-116.6183	-84.7667	0.7269	79.8782	0.6864	1.9e-04	0.4827
3089	-116.5977	-116.5977	-88.1894	0.7564	76.0998	0.6540	1.9e-04	0.4821
3090	-116.6183	-116.6183	-86.3884	0.7408	78.1467	0.6716	1.9e-04	0.4825
3091	-116.5985	-116.5985	-85.8754	0.7365	78.7153	0.6764	1.9e-04	0.4822
3092	-116.6119	-116.6119	-86.9926	0.7460	77.4740	0.6657	1.9e-04	0.4829
3093	-116.5931	-116.5931	-85.6175	0.7343	78.9701	0.6786	1.9e-04	0.4820
3094	-116.5993	-116.5993	-87.1214	0.7472	77.3426	0.6646	1.9e-04	0.4828
3095	-116.5940	-116.5940	-87.3372	0.7491	77.0912	0.6624	1.9e-04	0.4820
3096	-116.6084	-116.6084	-86.1552	0.7388	78.3998	0.6738	1.9e-04	0.4823
3097	-116.6058	-116.6058	-87.7010	0.7521	76.6960	0.6590	1.9e-04	0.4820
3098	-116.5766	-116.5766	-90.0615	0.7726	73.8390	0.6346	1.9e-04	0.4826
3099	-116.5962	-116.5962	-86.9695	0.7459	77.5063	0.6660	1.9e-04	0.4822
3100	-116.6121	-116.6121	-87.8154	0.7531	76.5469	0.6578	1.9e-04	0.4819
3101	-116.5899	-116.5899	-88.0911	0.7556	76.2185	0.6550	1.9e-04	0.4817
3102	-116.5869	-116.5869	-87.4079	0.7497	76.9780	0.6615	1.9e-04	0.4828
3103	-116.5923	-116.5923	-87.2109	0.7480	77.2182	0.6636	1.9e-04	0.4819
3104	-116.5964	-116.5964	-85.6039	0.7342	79.0110	0.6789	1.9e-04	0.4823
3105	-116.5892	-116.5892	-88.6931	0.7607	75.5158	0.6490	1.9e-04	0.4823
3106	-116.5959	-116.5959	-86.8238	0.7447	77.6608	0.6674	1.9e-04	0.4810
3107	-116.6159	-116.6159	-85.3085	0.7315	79.2985	0.6814	1.9e-04	0.4822
3108	-116.5986	-116.5986	-87.6203	0.7515	76.7190	0.6594	1.8e-04	0.4822
3109	-116.6023	-116.6023	-85.0462	0.7294	79.5078	0.6833	1.8e-04	0.4818
3110	-116.6041	-116.6041	-86.6454	0.7431	77.8710	0.6691	1.8e-04	0.4824
3111	-116.6043	-116.6043	-87.5348	0.7507	76.8074	0.6600	1.8e-04	0.4822
3112	-116.5810	-116.5810	-88.9728	0.7632	75.1871	0.6462	1.8e-04	0.4821
3113	-116.5890	-116.5890	-87.5850	0.7512	76.8019	0.6599	1.8e-04	0.4823
3114	-116.5906	-116.5906	-85.9366	0.7371	78.6343	0.6758	1.8e-04	0.4826
3115	-116.5944	-116.5944	-87.0335	0.7465	77.4395	0.6654	1.8e-04	0.4824
3116	-116.5837	-116.5837	-87.5716	0.7511	76.7808	0.6598	1.8e-04	0.4824
3117	-116.6000	-116.6000	-84.9956	0.7290	79.6323	0.6845	1.8e-04	0.4821
3118	-116.6041	-116.6041	-86.0864	0.7383	78.4882	0.6745	1.8e-04	0.4821
3119	-116.6113	-116.6113	-85.9996	0.7375	78.5809	0.6753	1.8e-04	0.4820
3120	-116.6134	-116.6134	-88.3712	0.7578	75.9175	0.6524	1.8e-04	0.4816
3121	-116.5767	-116.5767	-88.5601	0.7597	75.6637	0.6502	1.8e-04	0.4824
3122	-116.6102	-116.6102	-86.2346	0.7395	78.3362	0.6731	1.8e-04	0.4825
3123	-116.6167	-116.6167	-85.8756	0.7364	78.7237	0.6765	1.8e-04	0.4820
3124	-116.6029	-116.6029	-88.0618	0.7552	76.1535	0.6545	1.8e-04	0.4824
3125	-116.6054	-116.6054	-87.2903	0.7486	77.1590	0.6630	1.8e-04	0.4827
3126	-116.5966	-116.5966	-88.4335	0.7585	75.8270	0.6516	1.8e-04	0.4826
3127	-116.5982	-116.5982	-85.2527	0.7312	79.2064	0.6806	1.8e-04	0.4825
3128	-116.6030	-116.6030	-87.1579	0.7475	77.2852	0.6641	1.8e-04	0.4841
3129	-116.5798	-116.5798	-88.2427	0.7569	76.0389	0.6534	1.8e-04	0.4826
3130	-116.6002	-116.6002	-87.1318	0.7473	77.2427	0.6638	1.8e-04	0.4830
3131	-116.5937	-116.5937	-87.0552	0.7467	77.4079	0.6652	1.8e-04	0.4827
3132	-116.6235	-116.6235	-85.7629	0.7354	78.7376	0.6766	1.8e-04	0.4835
3133	-116.5915	-116.5915	-88.9646	0.7630	75.1726	0.6459	1.8e-04	0.4830
3134	-116.6002	-116.6002	-85.6275	0.7344	78.9650	0.6787	1.8e-04	0.4827
3135	-116.6093	-116.6093	-85.5216	0.7334	79.0585	0.6794	1.8e-04	0.4833
3136	-116.6070	-116.6070	-85.4333	0.7327	78.9585	0.6785	1.8e-04	0.4830
3137	-116.5970	-116.5970	-88.4026	0.7582	75.8717	0.6519	1.8e-04	0.4829
3138	-116.6043	-116.6043	-86.8720	0.7450	77.6250	0.6670	1.8e-04	0.4829
3139	-116.6172	-116.6172	-85.3524	0.7319	79.2706	0.6812	1.8e-04	0.4832
3140	-116.6079	-116.6079	-87.4914	0.7503	76.9039	0.6609	1.8e-04	0.4826
3141	-116.5902	-116.5902	-88.4580	0.7587	75.7611	0.6510	1.8e-04	0.4834
3142	-116.6173	-116.6173	-86.3602	0.7405	78.0970	0.6711	1.8e-04	0.4827
3143	-116.6054	-116.6054	-85.8153	0.7359	78.7636	0.6769	1.8e-04	0.4828
3144	-116.6076	-116.6076	-88.1096	0.7556	76.1609	0.6546	1.8e-04	0.4823
3145	-116.5997	-116.5997	-86.6963	0.7435	77.8171	0.6687	1.8e-04	0.4827
3146	-116.6028	-116.6028	-86.5065	0.7419	78.0222	0.6705	1.8e-04	0.4825
3147	-116.5987	-116.5987	-86.9873	0.7460	77.4684	0.6657	1.8e-04	0.4830
3148	-116.6015	-116.6015	-86.2016	0.7393	78.3348	0.6732	1.8e-04	0.4818
3149	-116.5868	-116.5868	-87.8330	0.7534	76.4756	0.6571	1.8e-04	0.4816
3150	-116.5997	-116.5997	-85.5316	0.7335	79.0212	0.6791	1.8e-04	0.4821
3151	-116.6163	-116.6163	-85.7714	0.7355	78.8202	0.6773	1.8e-04	0.4827
3152	-116.6098	-116.6098	-87.3354	0.7490	77.0346	0.6620	1.8e-04	0.4817
3153	-116.6052	-116.6052	-86.2109	0.7393	78.3538	0.6733	1.8e-04	0.4825
3154	-116.6085	-116.6085	-87.8307	0.7532	76.5442	0.6577	1.8e-04	0.4818
3155	-116.5888	-116.5888	-87.7068	0.7523	76.6213	0.6585	1.8e-04	0.4822
3156	-116.6162	-116.6162	-85.1804	0.7304	79.4528	0.6829	1.8e-04	0.4820
3157	-116.6051	-116.6051	-88.6404	0.7602	75.5787	0.6494	1.8e-04	0.4818
3158	-116.6141	-116.6141	-88.2404	0.7567	75.9683	0.6527	1.8e-04	0.4816
3159	-116.6029	-116.6029	-87.1311	0.7472	77.3213	0.6644	1.8e-04	0.4822
3160	-116.6213	-116.6213	-85.8056	0.7358	78.7956	0.6772	1.8e-04	0.4813
3161	-116.6194	-116.6194	-86.0009	0.7374	78.5819	0.6754	1.8e-04	0.4815
3162	-116.6113	-116.6113	-86.2756	0.7399	78.2960	0.6728	1.8e-04	0.4811
3163	-116.6221	-116.6221	-85.6187	0.7342	78.9863	0.6787	1.8e-04	0.4811
3164	-116.6021	-116.6021	-83.4608	0.7158	81.2341	0.6980	1.8e-04	0.4809
3165	-116.6133	-116.6133	-86.7621	0.7440	77.7382	0.6680	1.8e-04	0.4813
3166	-116.6038	-116.6038	-86.7118	0.7436	77.7977	0.6685	1.8e-04	0.4810
3167	-116.6048	-116.6048	-86.1405	0.7387	78.4103	0.6739	1.8e-04	0.4815
3168	-116.6153	-116.6153	-84.8595	0.7277	79.7998	0.6859	1.8e-04	0.4813
3169	-116.6077	-116.6077	-86.2491	0.7397	78.2345	0.6724	1.8e-04	0.4815
3170	-116.6107	-116.6107	-87.0839	0.7468	77.3981	0.6650	1.8e-04	0.4809
3171	-116.6118	-116.6118	-85.0820	0.7296	79.5718	0.6838	1.8e-04	0.4817
3172	-116.5975	-116.5975	-85.5297	0.7335	79.0770	0.6796	1.8e-04	0.4812
3173	-116.6108	-116.6108	-85.6390	0.7344	78.9397	0.6785	1.8e-04	0.4814
3174	-116.6061	-116.6061	-85.2179	0.7308	79.4220	0.6825	1.8e-04	0.4811
3175	-116.5995	-116.5995	-86.1799	0.7391	78.3841	0.6736	1.8e-04	0.4814
3176	-116.6012	-116.6012	-85.5119	0.7334	79.1008	0.6798	1.8e-04	0.4818
3177	-116.5915	-116.5915	-85.9937	0.7376	78.5579	0.6753	1.8e-04	0.4810
3178	-116.5989	-116.5989	-87.3155	0.7489	77.0434	0.6619	1.8e-04	0.4816
3179	-116.5971	-116.5971	-87.4005	0.7496	77.0172	0.6619	1.8e-04	0.4819
3180	-116.5910	-116.5910	-88.3460	0.7577	75.8301	0.6518	1.8e-04	0.4810
3181	-116.6057	-116.6057	-86.9312	0.7455	77.5657	0.6665	1.8e-04	0.4816
3182	-116.5859	-116.5859	-87.9372	0.7543	76.3850	0.6565	1.8e-04	0.4812
3183	-116.5935	-116.5935	-87.0454	0.7466	77.3948	0.6653	1.8e-04	0.4813
3184	-116.6100	-116.6100	-87.7147	0.7522	76.4847	0.6572	1.8e-04	0.4810
3185	-116.5999	-116.5999	-85.2248	0.7309	79.4242	0.6824	1.8e-04	0.4818
3186	-116.5959	-116.5959	-86.0574	0.7381	78.5242	0.6747	1.8e-04	0.4815
3187	-116.5928	-116.5928	-86.7026	0.7436	77.7902	0.6685	1.8e-04	0.4811
3188	-116.5965	-116.5965	-86.4935	0.7418	78.0468	0.6706	1.8e-04	0.4813
3189	-116.5993	-116.5993	-85.2543	0.7312	79.3342	0.6818	1.8e-04	0.4815
3190	-116.5876	-116.5876	-87.2075	0.7480	77.1751	0.6632	1.8e-04	0.4808
3191	-116.6016	-116.6016	-87.0706	0.7467	77.3089	0.6643	1.8e-04	0.4810
3192	-116.6021	-116.6021	-87.7451	0.7525	76.5845	0.6582	1.8e-04	0.4812
3193	-116.5920	-116.5920	-86.9387	0.7457	77.5210	0.6661	1.8e-04	0.4811
3194	-116.5790	-116.5790	-88.4747	0.7589	75.7671	0.6511	1.8e-04	0.4813
3195	-116.5911	-116.5911	-88.4630	0.7587	75.7949	0.6514	1.8e-04	0.4810
3196	-116.6105	-116.6105	-85.5769	0.7339	79.0175	0.6789	1.8e-04	0.4814
3197	-116.5925	-116.5925	-86.7028	0.7436	77.7477	0.6680	1.8e-04	0.4812
3198	-116.6071	-116.6071	-86.3352	0.7404	78.1675	0.6718	1.8e-04	0.4812
3199	-116.6056	-116.6056	-87.5435	0.7508	76.8637	0.6606	1.8e-04	0.4815
3200	-116.5877	-116.5877	-88.9074	0.7626	75.2699	0.6469	1.8e-04	0.4813
3201	-116.5878	-116.5878	-88.1482	0.7561	76.1145	0.6540	1.8e-04	0.4810
3202	-116.5921	-116.5921	-88.4274	0.7584	75.7480	0.6509	1.8e-04	0.4819
3203	-116.6057	-116.6057	-85.7183	0.7351	78.8180	0.6772	1.8e-04	0.4811
3204	-116.6020	-116.6020	-87.2428	0.7482	77.1849	0.6632	1.8e-04	0.4809
3205	-116.5824	-116.5824	-85.2395	0.7312	79.3526	0.6818	1.8e-04	0.4814
3206	-116.5874	-116.5874	-86.8213	0.7447	77.6357	0.6671	1.8e-04	0.4813
3207	-116.5932	-116.5932	-87.2308	0.7482	77.2032	0.6634	1.8e-04	0.4812
3208	-116.6016	-116.6016	-88.6226	0.7600	75.6153	0.6497	1.8e-04	0.4813
3209	-116.6137	-116.6137	-85.0706	0.7295	79.5804	0.6838	1.8e-04	0.4816
3210	-116.6071	-116.6071	-87.6132	0.7514	76.7039	0.6591	1.8e-04	0.4816
3211	-116.5947	-116.5947	-87.9451	0.7543	76.3416	0.6560	1.8e-04	0.4810
3212	-116.5954	-116.5954	-84.2061	0.7222	80.4857	0.6917	1.8e-04	0.4812
3213	-116.6047	-116.6047	-86.4032	0.7410	78.1263	0.6713	1.8e-04	0.4809
3214	-116.6144	-116.6144	-86.0051	0.7375	78.5581	0.6751	1.8e-04	0.4814
3215	-116.6063	-116.6063	-85.8887	0.7366	78.7160	0.6764	1.8e-04	0.4813
3216	-116.5932	-116.5932	-88.2384	0.7568	76.0566	0.6536	1.8e-04	0.4816
3217	-116.5808	-116.5808	-87.0185	0.7464	77.4257	0.6654	1.8e-04	0.4813
3218	-116.6101	-116.6101	-86.9176	0.7454	77.4549	0.6655	1.8e-04	0.4809
3219	-116.6102	-116.6102	-86.3087	0.7401	78.1848	0.6719	1.8e-04	0.4811
3220	-116.5986	-116.5986	-85.0622	0.7295	79.5747	0.6839	1.8e-04	0.4809
3221	-116.5940	-116.5940	-85.6063	0.7342	78.9941	0.6788	1.8e-04	0.4813
3222	-116.6130	-116.6130	-86.3305	0.7403	78.2046	0.6720	1.8e-04	0.4812
3223	-116.6087	-116.6087	-85.9926	0.7374	78.5605	0.6750	1.8e-04	0.4815
3224	-116.5974	-116.5974	-86.3847	0.7409	78.1563	0.6716	1.8e-04	0.4806
3225	-116.6050	-116.6050	-87.1904	0.7477	77.2629	0.6640	1.8e-04	0.4813
3226	-116.6081	-116.6081	-85.8681	0.7364	78.7292	0.6765	1.8e-04	0.4812
3227	-116.6167	-116.6167	-87.1723	0.7475	77.2766	0.6640	1.8e-04	0.4813
3228	-116.6073	-116.6073	-87.5599	0.7509	76.8641	0.6604	1.8e-04	0.4809
3229	-116.5962	-116.5962	-87.4987	0.7504	76.9203	0.6609	1.8e-04	0.4816
3230	-116.5885	-116.5885	-85.9233	0.7370	78.6297	0.6758	1.8e-04	0.4812
3231	-116.6043	-116.6043	-86.5581	0.7423	77.9256	0.6696	1.8e-04	0.4816
3232	-116.5851	-116.5851	-87.7257	0.7525	76.5247	0.6576	1.8e-04	0.4811
3233	-116.5880	-116.5880	-88.1784	0.7563	76.1122	0.6540	1.8e-04	0.4818
3234	-116.6075	-116.6075	-85.2835	0.7314	79.3449	0.6819	1.8e-04	0.4807
3235	-116.5910	-116.5910	-87.8389	0.7534	76.5273	0.6576	1.8e-04	0.4813
3236	-116.6185	-116.6185	-84.7182	0.7265	79.9673	0.6872	1.8e-04	0.4815
3237	-116.5923	-116.5923	-85.3993	0.7325	79.1816	0.6803	1.8e-04	0.4812
3238	-116.5791	-116.5791	-86.9054	0.7455	77.5638	0.6665	1.8e-04	0.4810
3239	-116.5920	-116.5920	-86.0407	0.7380	78.5271	0.6748	1.8e-04	0.4810
3240	-116.6063	-116.6063	-85.8300	0.7361	78.7913	0.6769	1.8e-04	0.4813
3241	-116.6241	-116.6241	-83.8519	0.7190	80.8594	0.6948	1.8e-04	0.4807
3242	-116.5664	-116.5664	-87.9027	0.7541	76.4268	0.6568	1.8e-04	0.4809
3243	-116.5953	-116.5953	-87.2772	0.7485	77.1446	0.6630	1.8e-04	0.4811
3244	-116.5754	-116.5754	-86.3655	0.7409	78.1553	0.6716	1.8e-04	0.4813
3245	-116.5829	-116.5829	-87.1268	0.7473	77.3166	0.6644	1.8e-04	0.4813
3246	-116.6057	-116.6057	-86.3852	0.7408	78.1723	0.6717	1.8e-04	0.4813
3247	-116.5933	-116.5933	-86.7572	0.7441	77.7294	0.6680	1.8e-04	0.4808
3248	-116.6205	-116.6205	-83.7225	0.7179	80.9351	0.6956	1.8e-04	0.4811
3249	-116.6053	-116.6053	-86.5637	0.7424	77.9698	0.6699	1.8e-04	0.4808
3250	-116.6117	-116.6117	-84.6207	0.7257	80.0696	0.6880	1.8e-04	0.4808
3251	-116.6171	-116.6171	-84.6551	0.7259	79.9421	0.6870	1.8e-04	0.4812
3252	-116.5906	-116.5906	-86.0976	0.7385	78.4401	0.6740	1.8e-04	0.4807
3253	-116.5862	-116.5862	-87.6627	0.7519	76.7228	0.6592	1.8e-04	0.4815
3254	-116.5867	-116.5867	-85.5992	0.7342	79.0101	0.6789	1.8e-04	0.4817
3255	-116.6028	-116.6028	-88.0357	0.7550	76.2416	0.6552	1.8e-04	0.4809
3256	-116.5869	-116.5869	-84.6704	0.7262	79.9957	0.6874	1.8e-04	0.4818
3257	-116.6021	-116.6021	-84.6631	0.7261	80.0155	0.6875	1.8e-04	0.4811
3258	-116.6134	-116.6134	-86.1493	0.7388	78.3411	0.6731	1.8e-04	0.4814
3259	-116.5905	-116.5905	-87.9160	0.7541	76.4464	0.6568	1.8e-04	0.4810
3260	-116.5988	-116.5988	-85.3632	0.7321	79.2133	0.6805	1.8e-04	0.4811
3261	-116.6031	-116.6031	-86.4604	0.7415	78.0337	0.6705	1.8e-04	0.4814
3262	-116.6125	-116.6125	-85.5477	0.7336	79.0932	0.6796	1.8e-04	0.4817
3263	-116.5963	-116.5963	-86.8802	0.7451	77.5898	0.6666	1.8e-04	0.4814
3264	-116.5993	-116.5993	-87.4556	0.7501	76.9738	0.6614	1.8e-04	0.4816
3265	-116.6060	-116.6060	-85.8844	0.7365	78.7160	0.6764	1.8e-04	0.4817
3266	-116.5922	-116.5922	-86.1807	0.7392	78.3773	0.6735	1.8e-04	0.4823
3267	-116.5970	-116.5970	-88.5104	0.7591	75.7436	0.6508	1.8e-04	0.4814
3268	-116.6064	-116.6064	-86.7890	0.7443	77.7113	0.6677	1.8e-04	0.4816
3269	-116.5983	-116.5983	-86.4330	0.7413	78.0891	0.6710	1.8e-04	0.4815
3270	-116.6438	-116.6438	-83.8788	0.7191	80.8679	0.6949	1.8e-04	0.4819
3271	-116.5846	-116.5846	-88.3545	0.7579	75.9327	0.6524	1.8e-04	0.4816
3272	-116.5931	-116.5931	-87.6369	0.7516	76.7593	0.6595	1.8e-04	0.4814
3273	-116.6011	-116.6011	-84.2457	0.7225	80.4561	0.6914	1.8e-04	0.4819
3274	-116.6034	-116.6034	-87.4371	0.7499	76.9262	0.6610	1.8e-04	0.4820
3275	-116.6137	-116.6137	-87.9949	0.7546	76.2998	0.6556	1.8e-04	0.4813
3276	-116.6066	-116.6066	-86.0496	0.7379	78.5378	0.6749	1.8e-04	0.4822
3277	-116.5955	-116.5955	-85.7337	0.7353	78.8456	0.6775	1.8e-04	0.4812
3278	-116.6042	-116.6042	-85.2277	0.7309	79.4078	0.6824	1.8e-04	0.4812
3279	-116.6021	-116.6021	-86.4068	0.7410	78.1194	0.6713	1.8e-04	0.4817
3280	-116.5965	-116.5965	-87.7711	0.7528	76.5848	0.6581	1.8e-04	0.4822
3281	-116.5921	-116.5921	-85.4806	0.7332	79.1321	0.6800	1.8e-04	0.4814
3282	-116.5834	-116.5834	-87.8929	0.7539	76.3253	0.6558	1.8e-04	0.4822
3283	-116.5893	-116.5893	-87.3791	0.7495	77.0419	0.6620	1.8e-04	0.4820
3284	-116.5834	-116.5834	-88.6246	0.7602	75.6084	0.6497	1.8e-04	0.4827
3285	-116.5987	-116.5987	-87.1993	0.7479	77.2571	0.6638	1.8e-04	0.4814
3286	-116.6056	-116.6056	-85.9788	0.7373	78.6014	0.6755	1.8e-04	0.4831
3287	-116.5978	-116.5978	-88.2461	0.7568	76.0441	0.6534	1.8e-04	0.4821
3288	-116.6023	-116.6023	-87.8232	0.7532	76.5529	0.6578	1.8e-04	0.4826
3289	-116.5752	-116.5752	-87.5949	0.7514	76.7791	0.6597	1.8e-04	0.4817
3290	-116.6152	-116.6152	-88.2374	0.7567	76.1037	0.6538	1.8e-04	0.4812
3291	-116.5946	-116.5946	-87.3444	0.7491	77.0327	0.6621	1.8e-04	0.4818
3292	-116.5963	-116.5963	-86.0488	0.7380	78.5237	0.6748	1.8e-04	0.4819
3293	-116.6005	-116.6005	-88.0259	0.7549	76.2833	0.6554	1.8e-04	0.4818
3294	-116.6022	-116.6022	-86.0497	0.7380	78.5287	0.6748	1.8e-04	0.4824
3295	-116.6125	-116.6125	-85.9235	0.7368	78.6839	0.6761	1.8e-04	0.4823
3296	-116.5858	-116.5858	-87.6144	0.7515	76.7659	0.6596	1.8e-04	0.4830
3297	-116.6110	-116.6110	-86.5948	0.7426	77.8976	0.6694	1.8e-04	0.4817
3298	-116.6130	-116.6130	-85.8829	0.7365	78.7015	0.6763	1.8e-04	0.4831
3299	-116.5983	-116.5983	-86.1451	0.7388	78.4181	0.6738	1.8e-04	0.4830
3300	-116.5991	-116.5991	-88.5814	0.7597	75.6743	0.6503	1.8e-04	0.4833
3301	-116.6038	-116.6038	-86.6396	0.7430	77.8789	0.6692	1.8e-04	0.4827
3302	-116.5790	-116.5790	-89.5929	0.7685	74.4332	0.6398	1.8e-04	0.4825
3303	-116.5922	-116.5922	-86.7974	0.7445	77.6789	0.6676	1.8e-04	0.4825
3304	-116.5839	-116.5839	-87.0746	0.7469	77.3737	0.6648	1.8e-04	0.4826
3305	-116.5928	-116.5928	-87.5073	0.7505	76.9110	0.6608	1.8e-04	0.4827
3306	-116.6073	-116.6073	-85.1731	0.7304	79.4851	0.6830	1.8e-04	0.4832
3307	-116.5900	-116.5900	-86.6322	0.7431	77.8780	0.6692	1.8e-04	0.4830
3308	-116.6056	-116.6056	-86.5667	0.7424	77.9489	0.6699	1.8e-04	0.4826
3309	-116.5991	-116.5991	-89.4489	0.7671	74.6309	0.6413	1.8e-04	0.4823
3310	-116.5949	-116.5949	-87.2316	0.7482	77.1933	0.6633	1.8e-04	0.4831
3311	-116.5779	-116.5779	-86.6761	0.7435	77.8087	0.6687	1.8e-04	0.4831
3312	-116.5824	-116.5824	-87.2826	0.7487	77.1071	0.6626	1.8e-04	0.4825
3313	-116.5967	-116.5967	-86.9661	0.7459	77.5225	0.6660	1.8e-04	0.4825
3314	-116.6025	-116.6025	-88.0236	0.7549	76.3278	0.6558	1.8e-04	0.4827
3315	-116.6182	-116.6182	-85.7610	0.7354	78.8360	0.6774	1.8e-04	0.4827
3316	-116.5982	-116.5982	-87.6579	0.7518	76.7400	0.6594	1.8e-04	0.4835
3317	-116.5930	-116.5930	-86.7258	0.7438	77.7523	0.6681	1.8e-04	0.4825
3318	-116.6140	-116.6140	-87.4205	0.7497	76.9552	0.6612	1.8e-04	0.4827
3319	-116.5952	-116.5952	-87.1835	0.7477	77.2799	0.6640	1.8e-04	0.4822
3320	-116.5851	-116.5851	-87.9917	0.7547	76.3465	0.6559	1.8e-04	0.4835
3321	-116.6051	-116.6051	-87.0054	0.7462	77.4582	0.6656	1.8e-04	0.4826
3322	-116.5950	-116.5950	-88.5879	0.7598	75.6764	0.6501	1.8e-04	0.4835
3323	-116.5829	-116.5829	-87.3496	0.7492	77.0738	0.6623	1.8e-04	0.4830
3324	-116.6179	-116.6179	-87.2816	0.7484	77.1901	0.6631	1.8e-04	0.4829
3325	-116.5961	-116.5961	-86.4893	0.7418	78.0269	0.6704	1.8e-04	0.4828
3326	-116.5813	-116.5813	-88.5129	0.7592	75.7470	0.6508	1.8e-04	0.4838
3327	-116.6043	-116.6043	-85.9409	0.7370	78.6314	0.6756	1.8e-04	0.4828
3328	-116.5869	-116.5869	-86.6815	0.7435	77.6484	0.6672	1.8e-04	0.4827
3329	-116.6066	-116.6066	-84.1486	0.7216	80.5351	0.6921	1.8e-04	0.4825
3330	-116.6007	-116.6007	-85.1573	0.7303	79.4785	0.6830	1.8e-04	0.4829
3331	-116.5960	-116.5960	-85.6837	0.7349	78.9338	0.6782	1.8e-04	0.4824
3332	-116.5880	-116.5880	-85.3722	0.7323	79.2386	0.6809	1.8e-04	0.4828
3333	-116.5897	-116.5897	-85.5936	0.7341	79.0022	0.6788	1.8e-04	0.4832
3334	-116.5889	-116.5889	-85.3369	0.7319	79.0883	0.6797	1.8e-04	0.4831
3335	-116.5964	-116.5964	-86.0126	0.7377	78.5583	0.6750	1.8e-04	0.4824
3336	-116.6037	-116.6037	-87.2766	0.7485	77.1530	0.6631	1.8e-04	0.4829
3337	-116.5890	-116.5890	-86.8740	0.7451	77.6030	0.6668	1.8e-04	0.4830
3338	-116.6044	-116.6044	-85.4291	0.7326	79.2060	0.6806	1.8e-04	0.4830
3339	-116.5984	-116.5984	-86.6746	0.7434	77.8396	0.6688	1.8e-04	0.4822
3340	-116.5930	-116.5930	-86.7290	0.7439	77.7411	0.6680	1.8e-04	0.4823
3341	-116.5888	-116.5888	-85.8008	0.7359	78.7616	0.6768	1.8e-04	0.4823
3342	-116.6085	-116.6085	-85.5154	0.7334	79.1261	0.6798	1.8e-04	0.4824
3343	-116.5948	-116.5948	-86.9941	0.7461	77.4598	0.6656	1.8e-04	0.4821
3344	-116.5900	-116.5900	-88.6991	0.7608	75.5239	0.6490	1.8e-04	0.4827
3345	-116.5980	-116.5980	-85.4503	0.7329	79.1732	0.6803	1.8e-04	0.4817
3346	-116.5895	-116.5895	-85.6136	0.7343	78.9578	0.6785	1.8e-04	0.4826
3347	-116.5847	-116.5847	-87.9458	0.7544	76.3158	0.6558	1.8e-04	0.4820
3348	-116.5971	-116.5971	-87.2916	0.7487	77.1445	0.6629	1.8e-04	0.4817
3349	-116.5946	-116.5946	-87.8884	0.7538	76.4448	0.6569	1.8e-04	0.4811
3350	-116.6067	-116.6067	-83.3281	0.7146	81.4105	0.6995	1.8e-04	0.4816
3351	-116.6085	-116.6085	-85.3071	0.7316	79.3237	0.6815	1.8e-04	0.4813
3352	-116.5851	-116.5851	-87.6920	0.7522	76.7005	0.6590	1.8e-04	0.4814
3353	-116.5910	-116.5910	-86.1148	0.7386	78.4472	0.6739	1.8e-04	0.4811
3354	-116.5786	-116.5786	-84.6765	0.7263	79.9387	0.6869	1.8e-04	0.4808
3355	-116.6124	-116.6124	-84.5483	0.7250	80.1529	0.6887	1.8e-04	0.4813
3356	-116.5924	-116.5924	-85.7697	0.7356	78.7854	0.6770	1.8e-04	0.4828
3357	-116.6143	-116.6143	-82.3820	0.7064	82.3677	0.7077	1.8e-04	0.4813
3358	-116.6034	-116.6034	-85.5145	0.7334	79.1198	0.6798	1.8e-04	0.4814
3359	-116.6084	-116.6084	-84.1356	0.7215	80.4943	0.6915	1.8e-04	0.4810
3360	-116.5773	-116.5773	-86.9921	0.7462	77.4110	0.6651	1.8e-04	0.4811
3361	-116.6045	-116.6045	-85.8394	0.7362	78.7579	0.6767	1.8e-04	0.4810
3362	-116.5854	-116.5854	-87.4210	0.7498	77.0052	0.6616	1.8e-04	0.4818
3363	-116.6016	-116.6016	-84.9874	0.7289	79.6373	0.6842	1.8e-04	0.4814
3364	-116.5866	-116.5866	-88.1377	0.7560	75.9070	0.6521	1.8e-04	0.4815
3365	-116.5927	-116.5927	-87.1543	0.7475	77.2699	0.6639	1.8e-04	0.4810
3366	-116.5902	-116.5902	-85.3268	0.7319	79.2979	0.6814	1.8e-04	0.4817
3367	-116.5974	-116.5974	-85.6898	0.7349	78.8989	0.6779	1.8e-04	0.4817
3368	-116.5787	-116.5787	-87.4967	0.7505	76.9169	0.6608	1.8e-04	0.4810
3369	-116.6094	-116.6094	-85.5670	0.7338	79.0609	0.6794	1.8e-04	0.4811
3370	-116.5914	-116.5914	-83.6332	0.7173	81.0537	0.6965	1.8e-04	0.4813
3371	-116.6097	-116.6097	-85.1675	0.7304	79.4931	0.6830	1.8e-04	0.4811
3372	-116.6037	-116.6037	-87.1322	0.7473	77.3126	0.6643	1.8e-04	0.4814
3373	-116.6024	-116.6024	-84.7189	0.7266	79.9037	0.6865	1.8e-04	0.4815
3374	-116.6106	-116.6106	-85.3854	0.7322	79.2507	0.6809	1.8e-04	0.4815
3375	-116.5915	-116.5915	-84.2806	0.7229	80.4091	0.6909	1.8e-04	0.4812
3376	-116.5952	-116.5952	-83.7508	0.7183	80.9624	0.6956	1.8e-04	0.4811
3377	-116.6226	-116.6226	-85.0654	0.7294	79.5463	0.6834	1.8e-04	0.4812
3378	-116.6016	-116.6016	-85.4091	0.7325	79.2100	0.6806	1.8e-04	0.4811
3379	-116.5941	-116.5941	-86.7472	0.7440	77.7198	0.6679	1.8e-04	0.4811
3380	-116.6105	-116.6105	-86.9030	0.7452	77.5561	0.6667	1.8e-04	0.4813
3381	-116.5880	-116.5880	-85.7192	0.7352	78.8490	0.6778	1.8e-04	0.4813
3382	-116.5990	-116.5990	-87.7725	0.7528	76.5778	0.6583	1.8e-04	0.4813
3383	-116.5948	-116.5948	-89.5627	0.7682	74.4854	0.6403	1.8e-04	0.4813
3384	-116.5904	-116.5904	-89.1257	0.7644	74.9932	0.6447	1.8e-04	0.4814
3385	-116.5980	-116.5980	-89.9657	0.7716	73.9235	0.6357	1.8e-04	0.4811
3386	-116.5958	-116.5958	-88.5253	0.7592	75.6821	0.6507	1.8e-04	0.4816
3387	-116.5958	-116.5958	-87.9877	0.7546	76.2831	0.6559	1.8e-04	0.4813
3388	-116.5772	-116.5772	-89.4868	0.7676	74.5390	0.6409	1.8e-04	0.4809
3389	-116.6046	-116.6046	-89.5552	0.7680	74.4378	0.6399	1.8e-04	0.4812
3390	-116.5878	-116.5878	-91.8518	0.7878	71.6147	0.6159	1.8e-04	0.4810
3391	-116.5898	-116.5898	-89.2182	0.7652	74.8675	0.6437	1.8e-04	0.4812
3392	-116.5974	-116.5974	-89.0486	0.7637	75.0230	0.6451	1.8e-04	0.4809
3393	-116.5771	-116.5771	-89.5160	0.7679	74.4541	0.6403	1.8e-04	0.4815
3394	-116.5900	-116.5900	-90.2164	0.7738	73.5862	0.6328	1.8e-04	0.4813
3395	-116.5901	-116.5901	-89.4037	0.7668	74.6366	0.6418	1.8e-04	0.4812
3396	-116.6259	-116.6259	-87.4323	0.7497	76.9775	0.6618	1.8e-04	0.4813
3397	-116.6048	-116.6048	-87.6482	0.7517	76.6923	0.6594	1.8e-04	0.4816
3398	-116.6020	-116.6020	-87.3934	0.7495	76.9536	0.6618	1.8e-04	0.4811
3399	-116.6137	-116.6137	-87.6624	0.7517	76.6768	0.6593	1.8e-04	0.4811
3400	-116.5782	-116.5782	-90.3410	0.7749	73.5149	0.6320	1.8e-04	0.4815
3401	-116.6019	-116.6019	-89.5729	0.7682	74.3999	0.6396	1.8e-04	0.4812
3402	-116.5907	-116.5907	-88.2214	0.7567	76.0483	0.6538	1.8e-04	0.4815
3403	-116.5966	-116.5966	-89.4437	0.7671	74.5567	0.6409	1.8e-04	0.4812
3404	-116.5985	-116.5985	-88.1220	0.7558	76.1533	0.6547	1.8e-04	0.4814
3405	-116.5965	-116.5965	-89.6593	0.7690	74.3711	0.6393	1.8e-04	0.4814
3406	-116.5972	-116.5972	-90.3826	0.7752	73.4373	0.6314	1.8e-04	0.4815
3407	-116.5933	-116.5933	-89.8155	0.7703	74.1428	0.6376	1.8e-04	0.4817
3408	-116.6103	-116.6103	-89.0038	0.7633	75.1120	0.6456	1.8e-04	0.4811
3409	-116.5737	-116.5737	-89.8367	0.7706	74.1174	0.6372	1.8e-04	0.4815
3410	-116.5861	-116.5861	-89.2660	0.7657	74.8176	0.6432	1.8e-04	0.4812
3411	-116.5956	-116.5956	-89.9082	0.7711	74.0281	0.6364	1.8e-04	0.4814
3412	-116.5909	-116.5909	-88.7293	0.7610	75.4217	0.6484	1.8e-04	0.4809
3413	-116.6146	-116.6146	-88.8317	0.7618	75.3402	0.6479	1.8e-04	0.4812
3414	-116.6019	-116.6019	-87.7515	0.7526	76.6060	0.6585	1.8e-04	0.4821
3415	-116.6079	-116.6079	-87.6164	0.7514	76.7001	0.6594	1.8e-04	0.4815
3416	-116.6088	-116.6088	-89.3155	0.7659	74.7865	0.6429	1.8e-04	0.4814
3417	-116.6041	-116.6041	-88.0628	0.7552	76.0859	0.6541	1.8e-04	0.4813
3418	-116.5748	-116.5748	-89.9750	0.7718	73.9438	0.6358	1.8e-04	0.4813
3419	-116.5890	-116.5890	-89.7120	0.7695	74.2646	0.6386	1.8e-04	0.4815
3420	-116.6098	-116.6098	-88.3512	0.7577	75.8966	0.6526	1.8e-04	0.4823
3421	-116.6156	-116.6156	-87.8965	0.7537	76.4290	0.6571	1.8e-04	0.4812
3422	-116.6105	-116.6105	-88.5160	0.7591	75.7264	0.6510	1.8e-04	0.4814
3423	-116.6141	-116.6141	-87.0726	0.7467	77.3791	0.6652	1.8e-04	0.4812
3424	-116.6133	-116.6133	-88.1714	0.7561	76.1266	0.6545	1.8e-04	0.4818
3425	-116.6076	-116.6076	-88.2936	0.7572	75.9383	0.6529	1.8e-04	0.4812
3426	-116.6091	-116.6091	-86.8973	0.7452	77.5551	0.6668	1.8e-04	0.4817
3427	-116.6025	-116.6025	-85.1318	0.7301	79.4736	0.6833	1.8e-04	0.4816
3428	-116.6229	-116.6229	-88.5904	0.7596	75.6299	0.6501	1.8e-04	0.4814
3429	-116.5819	-116.5819	-90.2738	0.7743	73.5764	0.6326	1.8e-04	0.4813
3430	-116.5948	-116.5948	-88.6886	0.7607	75.4879	0.6490	1.8e-04	0.4810
3431	-116.5920	-116.5920	-88.5447	0.7594	75.6407	0.6503	1.8e-04	0.4811
3432	-116.6220	-116.6220	-87.5293	0.7505	76.8252	0.6605	1.8e-04	0.4807
3433	-116.6087	-116.6087	-88.2844	0.7571	75.9692	0.6532	1.8e-04	0.4817
3434	-116.5833	-116.5833	-89.0719	0.7640	74.9692	0.6445	1.8e-04	0.4812
3435	-116.6031	-116.6031	-88.7971	0.7615	75.3804	0.6480	1.8e-04	0.4813
3436	-116.6154	-116.6154	-90.5127	0.7762	73.3258	0.6305	1.8e-04	0.4812
3437	-116.5959	-116.5959	-89.2954	0.7659	74.7606	0.6427	1.8e-04	0.4812
3438	-116.6086	-116.6086	-90.2152	0.7737	73.6915	0.6335	1.8e-04	0.4814
3439	-116.6035	-116.6035	-89.1142	0.7642	75.0213	0.6449	1.8e-04	0.4812
3440	-116.5850	-116.5850	-89.6005	0.7685	74.4161	0.6398	1.8e-04	0.4815
3441	-116.6081	-116.6081	-86.5848	0.7425	77.9068	0.6697	1.8e-04	0.4813
3442	-116.5819	-116.5819	-88.5642	0.7597	75.6397	0.6503	1.8e-04	0.4812
3443	-116.6080	-116.6080	-87.5951	0.7512	76.7751	0.6600	1.8e-04	0.4812
3444	-116.6121	-116.6121	-88.9072	0.7624	75.1661	0.6462	1.8e-04	0.4815
3445	-116.5846	-116.5846	-88.4190	0.7584	75.7870	0.6516	1.8e-04	0.4813
3446	-116.5910	-116.5910	-90.5301	0.7765	73.2861	0.6301	1.8e-04	0.4817
3447	-116.6101	-116.6101	-89.7557	0.7697	74.2639	0.6384	1.8e-04	0.4811
3448	-116.6046	-116.6046	-89.6126	0.7685	74.3380	0.6390	1.8e-04	0.4813
3449	-116.5879	-116.5879	-87.8487	0.7535	76.4814	0.6575	1.8e-04	0.4812
3450	-116.5976	-116.5976	-89.6135	0.7686	74.2070	0.6379	1.8e-04	0.4807
3451	-116.5976	-116.5976	-88.1175	0.7557	76.1834	0.6549	1.8e-04	0.4810
3452	-116.6176	-116.6176	-89.7333	0.7695	74.2674	0.6384	1.8e-04	0.4811
3453	-116.5960	-116.5960	-88.8380	0.7619	75.3269	0.6477	1.8e-04	0.4813
3454	-116.5898	-116.5898	-89.6844	0.7692	74.3080	0.6390	1.8e-04	0.4815
3455	-116.5908	-116.5908	-89.6783	0.7692	74.3383	0.6390	1.8e-04	0.4814
3456	-116.6045	-116.6045	-89.3916	0.7666	74.6600	0.6417	1.8e-04	0.4815
3457	-116.6020	-116.6020	-87.6887	0.7520	76.6232	0.6589	1.8e-04	0.4814
3458	-116.5897	-116.5897	-88.9601	0.7630	75.1555	0.6462	1.8e-04	0.4814
3459	-116.6093	-116.6093	-89.7670	0.7698	74.2311	0.6382	1.8e-04	0.4813
3460	-116.5906	-116.5906	-89.6060	0.7686	74.4196	0.6397	1.8e-04	0.4817
3461	-116.6061	-116.6061	-89.4658	0.7672	74.6075	0.6413	1.8e-04	0.4817
3462	-116.5960	-116.5960	-91.2129	0.7823	72.4214	0.6226	1.8e-04	0.4811
3463	-116.6106	-116.6106	-90.2189	0.7737	73.6566	0.6331	1.8e-04	0.4814
3464	-116.5983	-116.5983	-89.1482	0.7646	74.9464	0.6442	1.8e-04	0.4819
3465	-116.6015	-116.6015	-88.9883	0.7632	75.1575	0.6461	1.8e-04	0.4812
3466	-116.5931	-116.5931	-88.7552	0.7612	75.4355	0.6485	1.8e-04	0.4815
3467	-116.5880	-116.5880	-88.7705	0.7614	75.3608	0.6479	1.8e-04	0.4820
3468	-116.6023	-116.6023	-88.8759	0.7622	75.2620	0.6470	1.8e-04	0.4812
3469	-116.5942	-116.5942	-89.9213	0.7712	73.8806	0.6350	1.8e-04	0.4813
3470	-116.5872	-116.5872	-90.0502	0.7724	73.8872	0.6352	1.8e-04	0.4808
3471	-116.5801	-116.5801	-88.4280	0.7585	75.7691	0.6514	1.8e-04	0.4813
3472	-116.5931	-116.5931	-89.8827	0.7709	74.0306	0.6363	1.8e-04	0.4812
3473	-116.5935	-116.5935	-87.0794	0.7469	77.3591	0.6650	1.8e-04	0.4812
3474	-116.6062	-116.6062	-88.5419	0.7593	75.6918	0.6507	1.8e-04	0.4821
3475	-116.6141	-116.6141	-89.0803	0.7639	75.0364	0.6451	1.8e-04	0.4814
3476	-116.5862	-116.5862	-89.2762	0.7658	74.8042	0.6431	1.8e-04	0.4822
3477	-116.5978	-116.5978	-88.6286	0.7601	75.5855	0.6497	1.8e-04	0.4822
3478	-116.6157	-116.6157	-88.0150	0.7547	76.3011	0.6557	1.8e-04	0.4827
3479	-116.6105	-116.6105	-87.4485	0.7499	76.9201	0.6612	1.8e-04	0.4821
3480	-116.5977	-116.5977	-88.2372	0.7568	76.0425	0.6537	1.8e-04	0.4827
3481	-116.6179	-116.6179	-87.4184	0.7496	76.8787	0.6608	1.8e-04	0.4825
3482	-116.6024	-116.6024	-90.1948	0.7735	73.7232	0.6337	1.8e-04	0.4823
3483	-116.6207	-116.6207	-85.5135	0.7333	79.0953	0.6799	1.8e-04	0.4815
3484	-116.5994	-116.5994	-89.2159	0.7651	74.8637	0.6436	1.8e-04	0.4824
3485	-116.5957	-116.5957	-89.0916	0.7641	75.0146	0.6449	1.8e-04	0.4813
3486	-116.5907	-116.5907	-90.5923	0.7770	73.1709	0.6289	1.8e-04	0.4826
3487	-116.5870	-116.5870	-87.1878	0.7478	77.2152	0.6638	1.8e-04	0.4825
3488	-116.6121	-116.6121	-89.3962	0.7666	74.6979	0.6421	1.8e-04	0.4831
3489	-116.5983	-116.5983	-89.2483	0.7654	74.8555	0.6435	1.8e-04	0.4823
3490	-116.5810	-116.5810	-88.5721	0.7597	75.6178	0.6500	1.8e-04	0.4825
3491	-116.6005	-116.6005	-86.1956	0.7392	78.3513	0.6734	1.8e-04	0.4827
3492	-116.6113	-116.6113	-86.7226	0.7437	77.7227	0.6682	1.8e-04	0.4828
3493	-116.5924	-116.5924	-86.7001	0.7436	77.7410	0.6682	1.8e-04	0.4826
3494	-116.5928	-116.5928	-89.7206	0.7695	74.2538	0.6384	1.8e-04	0.4826
3495	-116.5955	-116.5955	-88.1541	0.7561	76.1255	0.6544	1.8e-04	0.4830
3496	-116.6142	-116.6142	-87.6845	0.7519	76.6610	0.6589	1.8e-04	0.4827
3497	-116.5867	-116.5867	-88.1993	0.7565	76.0193	0.6535	1.8e-04	0.4821
3498	-116.6058	-116.6058	-88.9901	0.7632	75.0428	0.6451	1.8e-04	0.4829
3499	-116.6144	-116.6144	-86.5568	0.7422	77.9666	0.6701	1.8e-04	0.4826
3500	-116.5925	-116.5925	-86.9718	0.7459	77.3537	0.6649	1.8e-04	0.4825
3501	-116.6147	-116.6147	-88.0434	0.7550	76.2698	0.6556	1.8e-04	0.4820
3502	-116.6141	-116.6141	-87.1072	0.7470	77.3322	0.6648	1.8e-04	0.4828
3503	-116.5842	-116.5842	-86.2255	0.7396	78.2590	0.6729	1.8e-04	0.4822
3504	-116.5880	-116.5880	-86.7972	0.7445	77.6579	0.6676	1.8e-04	0.4833
3505	-116.5928	-116.5928	-88.0665	0.7553	76.2136	0.6552	1.8e-04	0.4823
3506	-116.5940	-116.5940	-88.2093	0.7566	76.0144	0.6535	1.8e-04	0.4827
3507	-116.6004	-116.6004	-87.7172	0.7523	76.6249	0.6586	1.8e-04	0.4833
3508	-116.6185	-116.6185	-86.3644	0.7406	78.1679	0.6720	1.8e-04	0.4829
3509	-116.5726	-116.5726	-87.6803	0.7522	76.6102	0.6587	1.8e-04	0.4818
3510	-116.6034	-116.6034	-87.5463	0.7508	76.7786	0.6601	1.8e-04	0.4826
3511	-116.5990	-116.5990	-86.6684	0.7433	77.8014	0.6690	1.8e-04	0.4825
3512	-116.5973	-116.5973	-86.4265	0.7412	78.0625	0.6710	1.8e-04	0.4834
3513	-116.6143	-116.6143	-85.0589	0.7294	79.5820	0.6840	1.8e-04	0.4836
3514	-116.5858	-116.5858	-87.8655	0.7537	76.4227	0.6571	1.8e-04	0.4844
3515	-116.6040	-116.6040	-86.5742	0.7425	77.9229	0.6699	1.8e-04	0.4831
3516	-116.6087	-116.6087	-86.9816	0.7459	77.4414	0.6657	1.8e-04	0.4836
3517	-116.6096	-116.6096	-86.0805	0.7382	78.3766	0.6739	1.8e-04	0.4830
3518	-116.6165	-116.6165	-85.0649	0.7294	79.5678	0.6840	1.8e-04	0.4825
3519	-116.6027	-116.6027	-85.4723	0.7330	79.1223	0.6802	1.8e-04	0.4831
3520	-116.6122	-116.6122	-85.3806	0.7322	79.2243	0.6810	1.8e-04	0.4829
3521	-116.5859	-116.5859	-86.4556	0.7416	78.0268	0.6709	1.8e-04	0.4830
3522	-116.5921	-116.5921	-87.2908	0.7487	77.1127	0.6629	1.8e-04	0.4826
3523	-116.6045	-116.6045	-85.9934	0.7375	78.5816	0.6754	1.8e-04	0.4829
3524	-116.6063	-116.6063	-86.3390	0.7404	78.1696	0.6720	1.8e-04	0.4824
3525	-116.5914	-116.5914	-85.6341	0.7345	78.8958	0.6782	1.8e-04	0.4825
3526	-116.6075	-116.6075	-85.9416	0.7370	78.5414	0.6753	1.8e-04	0.4830
3527	-116.6157	-116.6157	-85.3728	0.7321	79.2097	0.6811	1.8e-04	0.4829
3528	-116.6149	-116.6149	-85.7443	0.7353	78.8374	0.6778	1.8e-04	0.4824
3529	-116.6143	-116.6143	-85.7279	0.7351	78.7447	0.6770	1.8e-04	0.4822
3530	-116.5935	-116.5935	-85.7823	0.7357	78.7404	0.6768	1.8e-04	0.4821
3531	-116.5971	-116.5971	-87.4178	0.7497	76.9654	0.6617	1.8e-04	0.4825
3532	-116.6226	-116.6226	-88.3599	0.7577	75.9277	0.6526	1.8e-04	0.4827
3533	-116.5895	-116.5895	-87.1157	0.7472	77.2958	0.6645	1.8e-04	0.4827
3534	-116.6049	-116.6049	-85.3238	0.7317	79.2752	0.6816	1.8e-04	0.4822
3535	-116.6181	-116.6181	-84.8681	0.7277	79.7985	0.6858	1.8e-04	0.4819
3536	-116.5895	-116.5895	-86.8419	0.7449	77.6038	0.6672	1.8e-04	0.4825
3537	-116.5836	-116.5836	-86.8942	0.7453	77.5379	0.6665	1.8e-04	0.4814
3538	-116.6054	-116.6054	-85.0361	0.7293	79.5765	0.6840	1.8e-04	0.4820
3539	-116.5906	-116.5906	-87.6536	0.7518	76.7027	0.6593	1.8e-04	0.4813
3540	-116.5915	-116.5915	-84.6102	0.7257	80.0215	0.6880	1.8e-04	0.4814
3541	-116.5967	-116.5967	-85.5104	0.7334	79.0820	0.6798	1.8e-04	0.4810
3542	-116.5986	-116.5986	-85.6369	0.7345	78.9376	0.6784	1.8e-04	0.4821
3543	-116.6003	-116.6003	-85.4364	0.7327	79.1560	0.6805	1.8e-04	0.4812
3544	-116.5999	-116.5999	-86.8826	0.7451	77.5316	0.6664	1.8e-04	0.4807
3545	-116.6095	-116.6095	-88.3389	0.7576	75.9214	0.6526	1.8e-04	0.4814
3546	-116.6299	-116.6299	-86.7161	0.7435	77.7198	0.6679	1.8e-04	0.4809
3547	-116.6071	-116.6071	-87.5105	0.7505	76.7424	0.6598	1.8e-04	0.4812
3548	-116.5942	-116.5942	-88.0488	0.7552	76.2475	0.6555	1.8e-04	0.4811
3549	-116.5851	-116.5851	-86.9329	0.7457	77.4897	0.6662	1.8e-04	0.4812
3550	-116.6205	-116.6205	-87.5775	0.7510	76.8156	0.6603	1.8e-04	0.4807
3551	-116.6184	-116.6184	-88.2920	0.7571	76.0003	0.6533	1.8e-04	0.4816
3552	-116.6071	-116.6071	-85.2689	0.7312	79.2789	0.6815	1.8e-04	0.4810
3553	-116.5879	-116.5879	-87.1632	0.7476	77.2308	0.6640	1.8e-04	0.4817
3554	-116.6134	-116.6134	-86.7133	0.7436	77.7745	0.6685	1.8e-04	0.4814
3555	-116.5951	-116.5951	-88.2734	0.7571	75.9845	0.6532	1.8e-04	0.4814
3556	-116.5924	-116.5924	-87.3249	0.7490	77.0659	0.6625	1.8e-04	0.4816
3557	-116.6121	-116.6121	-84.5583	0.7251	80.0358	0.6879	1.8e-04	0.4812
3558	-116.6211	-116.6211	-87.8573	0.7534	76.4126	0.6569	1.8e-04	0.4809
3559	-116.5938	-116.5938	-88.2819	0.7572	75.9819	0.6532	1.8e-04	0.4810
3560	-116.6118	-116.6118	-85.6918	0.7348	78.8582	0.6779	1.8e-04	0.4811
3561	-116.5889	-116.5889	-87.9446	0.7543	76.3654	0.6565	1.8e-04	0.4814
3562	-116.5862	-116.5862	-87.4494	0.7501	76.9221	0.6613	1.8e-04	0.4804
3563	-116.5891	-116.5891	-88.7110	0.7609	75.4843	0.6488	1.8e-04	0.4810
3564	-116.5950	-116.5950	-88.6519	0.7603	75.5520	0.6495	1.8e-04	0.4807
3565	-116.5883	-116.5883	-89.1209	0.7644	75.0007	0.6447	1.8e-04	0.4811
3566	-116.5947	-116.5947	-89.8089	0.7703	74.2006	0.6377	1.8e-04	0.4812
3567	-116.5916	-116.5916	-87.1547	0.7475	77.2677	0.6642	1.8e-04	0.4809
3568	-116.6152	-116.6152	-86.2450	0.7396	78.2909	0.6730	1.8e-04	0.4812
3569	-116.5948	-116.5948	-86.0510	0.7380	78.4805	0.6746	1.8e-04	0.4811
3570	-116.5897	-116.5897	-87.3589	0.7493	76.9643	0.6616	1.8e-04	0.4806
3571	-116.5935	-116.5935	-87.0547	0.7467	77.3079	0.6647	1.7e-04	0.4812
3572	-116.5961	-116.5961	-87.5911	0.7512	76.7748	0.6600	1.7e-04	0.4811
3573	-116.5972	-116.5972	-88.4485	0.7586	75.7906	0.6515	1.7e-04	0.4812
3574	-116.5864	-116.5864	-87.2562	0.7484	77.0783	0.6627	1.7e-04	0.4808
3575	-116.5909	-116.5909	-87.6020	0.7514	76.7396	0.6597	1.7e-04	0.4813
3576	-116.5905	-116.5905	-89.4701	0.7674	74.5528	0.6408	1.7e-04	0.4808
3577	-116.5876	-116.5876	-87.8052	0.7531	76.5111	0.6578	1.7e-04	0.4811
3578	-116.5895	-116.5895	-86.3741	0.7408	78.1268	0.6716	1.7e-04	0.4811
3579	-116.6326	-116.6326	-86.0706	0.7380	78.4862	0.6748	1.7e-04	0.4812
3580	-116.5874	-116.5874	-87.9641	0.7545	76.3451	0.6563	1.7e-04	0.4808
3581	-116.6015	-116.6015	-87.6590	0.7518	76.7073	0.6593	1.7e-04	0.4815
3582	-116.6108	-116.6108	-86.4562	0.7414	78.0238	0.6709	1.7e-04	0.4813
3583	-116.6316	-116.6316	-86.0661	0.7379	78.4357	0.6744	1.7e-04	0.4814
3584	-116.6003	-116.6003	-86.6478	0.7431	77.7394	0.6684	1.7e-04	0.4812
3585	-116.6182	-116.6182	-85.3370	0.7318	79.2617	0.6815	1.7e-04	0.4812
3586	-116.6059	-116.6059	-87.1687	0.7475	77.0438	0.6624	1.7e-04	0.4809
3587	-116.5882	-116.5882	-86.0159	0.7378	78.5121	0.6750	1.7e-04	0.4811
3588	-116.6026	-116.6026	-85.0266	0.7292	79.5828	0.6843	1.7e-04	0.4809
3589	-116.6048	-116.6048	-87.1106	0.7471	77.3283	0.6648	1.7e-04	0.4811
3590	-116.6015	-116.6015	-85.9617	0.7372	78.5876	0.6755	1.7e-04	0.4808
3591	-116.5993	-116.5993	-86.7601	0.7441	77.7066	0.6681	1.7e-04	0.4814
3592	-116.6043	-116.6043	-86.8301	0.7447	77.5989	0.6671	1.7e-04	0.4810
3593	-116.5869	-116.5869	-85.8930	0.7367	78.6354	0.6761	1.7e-04	0.4812
3594	-116.6098	-116.6098	-86.5088	0.7419	78.0016	0.6705	1.7e-04	0.4812
3595	-116.6105	-116.6105	-84.6167	0.7256	80.0269	0.6880	1.7e-04	0.4812
3596	-116.6004	-116.6004	-86.2591	0.7398	78.1341	0.6716	1.7e-04	0.4807
3597	-116.5970	-116.5970	-86.8325	0.7447	77.5772	0.6669	1.7e-04	0.4820
3598	-116.6054	-116.6054	-86.3989	0.7410	78.1056	0.6716	1.7e-04	0.4816
3599	-116.5883	-116.5883	-88.0290	0.7550	76.2507	0.6554	1.7e-04	0.4812
3600	-116.5867	-116.5867	-86.6594	0.7433	77.8198	0.6689	1.7e-04	0.4810
3601	-116.6071	-116.6071	-87.9759	0.7545	76.3389	0.6562	1.7e-04	0.4816
3602	-116.5781	-116.5781	-87.3265	0.7491	77.0498	0.6624	1.7e-04	0.4815
3603	-116.5950	-116.5950	-85.7804	0.7357	78.7577	0.6770	1.7e-04	0.4813
3604	-116.6178	-116.6178	-84.1702	0.7218	80.5141	0.6921	1.7e-04	0.4814
3605	-116.6118	-116.6118	-85.6084	0.7341	78.9185	0.6785	1.7e-04	0.4814
3606	-116.5900	-116.5900	-86.7803	0.7443	77.6855	0.6678	1.7e-04	0.4810
3607	-116.6029	-116.6029	-86.0391	0.7379	78.5233	0.6749	1.7e-04	0.4816
3608	-116.5917	-116.5917	-85.7871	0.7358	78.7635	0.6771	1.7e-04	0.4816
3609	-116.6232	-116.6232	-84.3932	0.7236	80.2561	0.6900	1.7e-04	0.4811
3610	-116.5902	-116.5902	-85.1068	0.7300	79.3888	0.6825	1.7e-04	0.4809
3611	-116.5839	-116.5839	-86.6505	0.7432	77.8114	0.6690	1.7e-04	0.4815
3612	-116.6037	-116.6037	-86.2987	0.7401	78.2152	0.6725	1.7e-04	0.4807
3613	-116.5673	-116.5673	-86.3545	0.7408	78.1005	0.6715	1.7e-04	0.4810
3614	-116.5721	-116.5721	-87.6148	0.7516	76.7195	0.6596	1.7e-04	0.4810
3615	-116.5909	-116.5909	-86.8811	0.7452	77.5517	0.6669	1.7e-04	0.4815
3616	-116.6199	-116.6199	-85.5487	0.7336	79.0245	0.6794	1.7e-04	0.4810
3617	-116.5777	-116.5777	-86.6244	0.7431	77.8137	0.6691	1.7e-04	0.4811
3618	-116.5994	-116.5994	-87.3898	0.7495	77.0007	0.6620	1.7e-04	0.4814
3619	-116.6095	-116.6095	-86.1384	0.7387	78.3987	0.6740	1.7e-04	0.4812
3620	-116.5918	-116.5918	-87.1421	0.7474	77.2351	0.6640	1.7e-04	0.4811
3621	-116.6076	-116.6076	-86.1900	0.7391	78.3681	0.6735	1.7e-04	0.4812
3622	-116.6015	-116.6015	-86.4316	0.7413	78.0645	0.6712	1.7e-04	0.4813
3623	-116.5883	-116.5883	-86.1744	0.7391	78.3510	0.6735	1.7e-04	0.4814
3624	-116.5977	-116.5977	-86.1838	0.7392	78.3215	0.6733	1.7e-04	0.4816
3625	-116.5850	-116.5850	-86.1295	0.7388	78.3895	0.6739	1.7e-04	0.4813
3626	-116.5904	-116.5904	-87.0552	0.7467	77.3942	0.6652	1.7e-04	0.4813
3627	-116.5986	-116.5986	-85.4191	0.7326	79.1786	0.6806	1.7e-04	0.4812
3628	-116.5958	-116.5958	-86.7686	0.7442	77.6964	0.6678	1.7e-04	0.4815
3629	-116.5955	-116.5955	-86.2127	0.7394	78.2974	0.6732	1.7e-04	0.4810
3630	-116.5976	-116.5976	-86.8029	0.7445	77.6657	0.6676	1.7e-04	0.4813
3631	-116.5867	-116.5867	-87.4534	0.7501	76.9054	0.6612	1.7e-04	0.4812
3632	-116.6094	-116.6094	-86.6330	0.7429	77.8378	0.6691	1.7e-04	0.4814
3633	-116.6195	-116.6195	-86.1152	0.7384	78.4445	0.6743	1.7e-04	0.4810
3634	-116.5913	-116.5913	-86.8523	0.7449	77.6173	0.6671	1.7e-04	0.4812
3635	-116.5922	-116.5922	-87.1029	0.7471	77.3245	0.6647	1.7e-04	0.4814
3636	-116.5948	-116.5948	-88.5762	0.7597	75.5953	0.6499	1.7e-04	0.4819
3637	-116.6076	-116.6076	-86.6615	0.7432	77.8176	0.6688	1.7e-04	0.4811
3638	-116.6201	-116.6201	-86.7222	0.7436	77.6678	0.6678	1.7e-04	0.4816
3639	-116.5979	-116.5979	-85.5830	0.7340	78.9888	0.6791	1.7e-04	0.4812
3640	-116.5869	-116.5869	-86.2629	0.7399	78.2280	0.6726	1.7e-04	0.4820
3641	-116.5852	-116.5852	-86.9023	0.7454	77.4896	0.6662	1.7e-04	0.4812
3642	-116.6178	-116.6178	-88.3420	0.7575	75.9002	0.6525	1.7e-04	0.4817
3643	-116.6133	-116.6133	-84.3226	0.7231	80.3060	0.6904	1.7e-04	0.4821
3644	-116.5789	-116.5789	-87.3036	0.7489	77.0500	0.6625	1.7e-04	0.4819
3645	-116.5852	-116.5852	-86.6941	0.7436	77.7643	0.6686	1.7e-04	0.4817
3646	-116.6073	-116.6073	-86.8650	0.7449	77.5769	0.6669	1.7e-04	0.4821
3647	-116.5941	-116.5941	-87.8038	0.7531	76.5388	0.6579	1.7e-04	0.4816
3648	-116.6289	-116.6289	-86.0201	0.7376	78.4302	0.6742	1.7e-04	0.4829
3649	-116.6081	-116.6081	-87.0559	0.7466	77.3718	0.6651	1.7e-04	0.4814
3650	-116.5960	-116.5960	-87.3556	0.7492	77.0324	0.6622	1.7e-04	0.4815
3651	-116.5855	-116.5855	-86.3630	0.7408	78.1330	0.6718	1.7e-04	0.4828
3652	-116.6038	-116.6038	-87.4212	0.7497	76.9557	0.6616	1.7e-04	0.4823
3653	-116.6229	-116.6229	-85.2299	0.7308	79.3925	0.6825	1.7e-04	0.4823
3654	-116.5899	-116.5899	-84.8219	0.7275	79.7995	0.6860	1.7e-04	0.4819
3655	-116.5899	-116.5899	-85.9987	0.7376	78.4140	0.6741	1.7e-04	0.4823
3656	-116.5888	-116.5888	-85.9186	0.7369	78.6288	0.6759	1.7e-04	0.4824
3657	-116.6054	-116.6054	-87.6554	0.7517	76.6996	0.6594	1.7e-04	0.4826
3658	-116.6053	-116.6053	-85.5820	0.7339	79.0022	0.6791	1.7e-04	0.4823
3659	-116.6074	-116.6074	-88.2902	0.7572	75.9666	0.6530	1.7e-04	0.4816
3660	-116.6046	-116.6046	-87.3237	0.7489	77.0724	0.6625	1.7e-04	0.4820
3661	-116.5724	-116.5724	-85.7440	0.7355	78.7948	0.6774	1.7e-04	0.4814
3662	-116.5860	-116.5860	-87.9439	0.7543	76.3588	0.6565	1.7e-04	0.4820
3663	-116.5977	-116.5977	-86.9902	0.7461	77.4354	0.6657	1.7e-04	0.4821
3664	-116.5933	-116.5933	-87.9000	0.7539	76.3967	0.6569	1.7e-04	0.4828
3665	-116.5916	-116.5916	-88.4980	0.7590	75.7125	0.6510	1.7e-04	0.4824
3666	-116.6055	-116.6055	-86.0963	0.7384	78.4319	0.6744	1.7e-04	0.4825
3667	-116.5889	-116.5889	-86.4372	0.7414	78.0495	0.6711	1.7e-04	0.4826
3668	-116.6132	-116.6132	-84.7578	0.7268	79.8830	0.6867	1.7e-04	0.4824
3669	-116.5867	-116.5867	-86.4632	0.7416	77.9798	0.6703	1.7e-04	0.4823
3670	-116.5833	-116.5833	-86.2582	0.7399	78.2453	0.6727	1.7e-04	0.4831
3671	-116.5925	-116.5925	-87.5541	0.7509	76.8051	0.6604	1.7e-04	0.4826
3672	-116.5950	-116.5950	-87.1014	0.7470	77.2494	0.6642	1.7e-04	0.4830
3673	-116.6090	-116.6090	-85.1080	0.7299	79.4739	0.6833	1.7e-04	0.4833
3674	-116.6153	-116.6153	-85.2192	0.7308	79.3946	0.6826	1.7e-04	0.4832
3675	-116.6309	-116.6309	-84.8950	0.7279	79.7534	0.6857	1.7e-04	0.4831
3676	-116.6222	-116.6222	-84.1534	0.7216	80.5285	0.6923	1.7e-04	0.4830
3677	-116.5884	-116.5884	-86.7489	0.7441	77.6980	0.6680	1.7e-04	0.4821
3678	-116.6058	-116.6058	-84.5962	0.7255	80.0523	0.6882	1.7e-04	0.4828
3679	-116.6099	-116.6099	-84.8227	0.7274	79.8025	0.6862	1.7e-04	0.4821
3680	-116.6101	-116.6101	-86.3931	0.7409	78.1234	0.6716	1.7e-04	0.4822
3681	-116.5909	-116.5909	-87.8811	0.7538	76.4233	0.6571	1.7e-04	0.4833
3682	-116.6029	-116.6029	-87.9109	0.7539	76.3755	0.6567	1.7e-04	0.4826
3683	-116.5930	-116.5930	-84.7519	0.7269	79.8386	0.6865	1.7e-04	0.4822
3684	-116.5814	-116.5814	-88.2079	0.7566	76.0388	0.6538	1.7e-04	0.4826
3685	-116.6065	-116.6065	-86.0794	0.7382	78.4528	0.6745	1.7e-04	0.4820
3686	-116.6081	-116.6081	-84.7104	0.7265	79.9176	0.6870	1.7e-04	0.4834
3687	-116.6145	-116.6145	-85.5610	0.7337	78.9534	0.6789	1.7e-04	0.4820
3688	-116.5930	-116.5930	-86.6585	0.7433	77.8058	0.6689	1.7e-04	0.4834
3689	-116.5777	-116.5777	-86.4267	0.7414	77.9994	0.6707	1.7e-04	0.4822
3690	-116.6155	-116.6155	-85.2985	0.7315	79.3102	0.6819	1.7e-04	0.4829
3691	-116.6098	-116.6098	-85.3253	0.7317	79.1875	0.6808	1.7e-04	0.4823
3692	-116.6103	-116.6103	-85.2400	0.7310	79.3652	0.6824	1.7e-04	0.4832
3693	-116.5992	-116.5992	-85.9618	0.7372	78.5679	0.6755	1.7e-04	0.4813
3694	-116.6195	-116.6195	-82.1007	0.7040	82.5948	0.7101	1.7e-04	0.4820
3695	-116.6149	-116.6149	-83.9057	0.7195	80.7529	0.6944	1.7e-04	0.4825
3696	-116.5959	-116.5959	-85.5859	0.7340	78.9547	0.6789	1.7e-04	0.4817
3697	-116.5702	-116.5702	-86.4157	0.7413	78.0618	0.6711	1.7e-04	0.4813
3698	-116.5853	-116.5853	-86.3290	0.7405	78.1522	0.6719	1.7e-04	0.4824
3699	-116.6272	-116.6272	-84.4096	0.7238	80.2557	0.6899	1.7e-04	0.4822
3700	-116.6228	-116.6228	-83.5002	0.7160	81.1942	0.6981	1.7e-04	0.4818
3701	-116.5948	-116.5948	-85.2175	0.7309	79.3790	0.6825	1.7e-04	0.4819
3702	-116.6034	-116.6034	-83.9775	0.7202	80.6751	0.6936	1.7e-04	0.4827
3703	-116.5919	-116.5919	-85.3762	0.7323	79.2010	0.6810	1.7e-04	0.4811
3704	-116.6251	-116.6251	-84.7571	0.7267	79.8823	0.6868	1.7e-04	0.4813
3705	-116.5806	-116.5806	-85.1223	0.7302	79.4533	0.6831	1.7e-04	0.4812
3706	-116.6163	-116.6163	-84.9874	0.7288	79.5192	0.6836	1.7e-04	0.4809
3707	-116.5996	-116.5996	-85.4544	0.7329	79.0920	0.6801	1.7e-04	0.4811
3708	-116.6194	-116.6194	-84.8134	0.7273	79.8396	0.6864	1.7e-04	0.4807
3709	-116.6141	-116.6141	-83.6111	0.7170	81.0818	0.6971	1.7e-04	0.4814
3710	-116.5988	-116.5988	-84.6407	0.7259	79.9666	0.6876	1.7e-04	0.4811
3711	-116.5924	-116.5924	-84.8951	0.7281	79.6311	0.6847	1.7e-04	0.4816
3712	-116.5842	-116.5842	-86.1318	0.7388	78.3267	0.6734	1.7e-04	0.4807
3713	-116.5996	-116.5996	-83.0218	0.7120	81.5531	0.7011	1.7e-04	0.4815
3714	-116.6117	-116.6117	-83.3791	0.7150	81.2607	0.6986	1.7e-04	0.4806
3715	-116.6094	-116.6094	-85.2322	0.7309	79.3766	0.6824	1.7e-04	0.4816
3716	-116.5925	-116.5925	-85.7665	0.7356	78.7633	0.6773	1.7e-04	0.4806
3717	-116.5805	-116.5805	-83.2495	0.7141	81.4134	0.7000	1.7e-04	0.4814
3718	-116.5956	-116.5956	-85.9399	0.7371	78.6030	0.6758	1.7e-04	0.4808
3719	-116.6071	-116.6071	-85.7549	0.7354	78.7969	0.6774	1.7e-04	0.4811
3720	-116.5999	-116.5999	-86.7734	0.7442	77.6317	0.6674	1.7e-04	0.4808
3721	-116.5928	-116.5928	-83.0356	0.7122	81.6492	0.7020	1.7e-04	0.4811
3722	-116.5849	-116.5849	-84.7868	0.7273	79.8156	0.6862	1.7e-04	0.4810
3723	-116.5757	-116.5757	-85.8535	0.7365	78.6719	0.6764	1.7e-04	0.4810
3724	-116.6099	-116.6099	-84.8986	0.7281	79.7427	0.6855	1.7e-04	0.4808
3725	-116.5880	-116.5880	-85.3265	0.7319	79.2663	0.6814	1.7e-04	0.4811
3726	-116.5912	-116.5912	-86.8573	0.7450	77.5931	0.6671	1.7e-04	0.4808
3727	-116.5931	-116.5931	-86.9685	0.7459	77.4705	0.6660	1.7e-04	0.4814
3728	-116.6177	-116.6177	-84.1877	0.7219	80.5038	0.6919	1.7e-04	0.4807
3729	-116.6036	-116.6036	-86.5952	0.7426	77.9026	0.6696	1.7e-04	0.4815
3730	-116.5831	-116.5831	-88.3660	0.7580	75.8600	0.6522	1.7e-04	0.4810
3731	-116.5855	-116.5855	-84.6066	0.7257	80.0183	0.6879	1.7e-04	0.4813
3732	-116.6035	-116.6035	-85.2177	0.7308	79.3701	0.6823	1.7e-04	0.4810
3733	-116.5963	-116.5963	-82.6046	0.7085	82.0898	0.7057	1.7e-04	0.4812
3734	-116.5912	-116.5912	-83.4560	0.7158	81.2145	0.6983	1.7e-04	0.4813
3735	-116.6105	-116.6105	-84.4141	0.7239	80.2439	0.6899	1.7e-04	0.4813
3736	-116.6083	-116.6083	-83.9512	0.7199	80.6992	0.6939	1.7e-04	0.4812
3737	-116.6044	-116.6044	-85.1895	0.7306	79.3753	0.6823	1.7e-04	0.4812
3738	-116.5939	-116.5939	-86.0046	0.7376	78.5207	0.6751	1.7e-04	0.4811
3739	-116.6013	-116.6013	-84.9815	0.7288	79.6378	0.6846	1.7e-04	0.4816
3740	-116.6131	-116.6131	-84.2275	0.7223	80.4485	0.6915	1.7e-04	0.4810
3741	-116.6005	-116.6005	-84.1903	0.7220	80.3527	0.6907	1.7e-04	0.4817
3742	-116.5946	-116.5946	-82.1386	0.7045	82.5203	0.7095	1.7e-04	0.4815
3743	-116.5994	-116.5994	-84.2926	0.7229	80.3686	0.6908	1.7e-04	0.4813
3744	-116.5954	-116.5954	-84.3345	0.7233	80.3321	0.6905	1.7e-04	0.4809
3745	-116.5974	-116.5974	-83.7534	0.7183	80.8659	0.6953	1.7e-04	0.4815
3746	-116.5791	-116.5791	-86.4882	0.7419	77.9880	0.6705	1.7e-04	0.4811
3747	-116.6007	-116.6007	-84.8380	0.7276	79.7827	0.6859	1.7e-04	0.4812
3748	-116.6175	-116.6175	-83.8060	0.7186	80.8782	0.6952	1.7e-04	0.4815
3749	-116.6057	-116.6057	-84.6588	0.7260	79.9784	0.6875	1.7e-04	0.4820
3750	-116.6034	-116.6034	-84.7154	0.7265	79.9191	0.6871	1.7e-04	0.4809
3751	-116.5989	-116.5989	-84.3125	0.7231	80.3519	0.6907	1.7e-04	0.4816
3752	-116.5927	-116.5927	-85.0818	0.7297	79.5318	0.6837	1.7e-04	0.4810
3753	-116.5812	-116.5812	-85.4088	0.7326	79.1717	0.6806	1.7e-04	0.4812
3754	-116.5839	-116.5839	-87.3216	0.7490	77.0445	0.6624	1.7e-04	0.4806
3755	-116.6222	-116.6222	-85.2149	0.7307	79.3697	0.6822	1.7e-04	0.4814
3756	-116.6094	-116.6094	-84.5610	0.7252	80.1000	0.6886	1.7e-04	0.4808
3757	-116.5831	-116.5831	-86.7238	0.7439	77.7384	0.6683	1.7e-04	0.4812
3758	-116.5884	-116.5884	-85.8227	0.7361	78.6857	0.6765	1.7e-04	0.4806
3759	-116.6233	-116.6233	-83.2333	0.7137	81.4101	0.6997	1.7e-04	0.4811
3760	-116.5988	-116.5988	-85.3469	0.7320	79.1995	0.6809	1.7e-04	0.4807
3761	-116.5749	-116.5749	-86.5853	0.7427	77.8772	0.6695	1.7e-04	0.4811
3762	-116.6160	-116.6160	-86.4388	0.7412	78.0139	0.6706	1.7e-04	0.4811
3763	-116.5789	-116.5789	-86.7530	0.7442	77.7113	0.6680	1.7e-04	0.4814
3764	-116.6043	-116.6043	-87.4557	0.7500	76.9429	0.6614	1.7e-04	0.4808
3765	-116.5815	-116.5815	-86.5702	0.7426	77.8633	0.6694	1.7e-04	0.4811
3766	-116.5875	-116.5875	-86.7143	0.7438	77.7757	0.6684	1.7e-04	0.4810
3767	-116.5924	-116.5924	-84.5656	0.7253	80.0132	0.6878	1.7e-04	0.4811
3768	-116.5965	-116.5965	-84.9309	0.7284	79.6059	0.6843	1.7e-04	0.4812
3769	-116.6057	-116.6057	-84.8575	0.7277	79.7864	0.6859	1.7e-04	0.4814
3770	-116.6181	-116.6181	-85.1553	0.7302	79.4881	0.6832	1.7e-04	0.4808
3771	-116.5968	-116.5968	-85.0041	0.7290	79.5453	0.6839	1.7e-04	0.4811
3772	-116.5947	-116.5947	-84.7082	0.7265	79.9353	0.6871	1.7e-04	0.4811
3773	-116.5943	-116.5943	-86.2770	0.7400	78.2178	0.6723	1.7e-04	0.4812
3774	-116.6138	-116.6138	-84.8572	0.7277	79.7834	0.6859	1.7e-04	0.4813
3775	-116.6055	-116.6055	-85.4304	0.7326	79.1067	0.6802	1.7e-04	0.4810
3776	-116.5953	-116.5953	-84.9773	0.7288	79.6017	0.6842	1.7e-04	0.4808
3777	-116.5722	-116.5722	-84.8278	0.7277	79.7218	0.6854	1.7e-04	0.4813
3778	-116.5902	-116.5902	-85.3451	0.7320	79.2654	0.6813	1.7e-04	0.4849
3779	-116.5920	-116.5920	-86.5903	0.7427	77.9018	0.6696	1.7e-04	0.4811
3780	-116.5951	-116.5951	-85.5396	0.7336	79.0543	0.6795	1.7e-04	0.4815
3781	-116.5813	-116.5813	-85.2683	0.7314	79.3235	0.6819	1.7e-04	0.4812
3782	-116.6067	-116.6067	-84.6103	0.7256	80.0464	0.6881	1.7e-04	0.4809
3783	-116.5976	-116.5976	-84.2219	0.7223	80.4213	0.6914	1.7e-04	0.4812
3784	-116.5895	-116.5895	-85.1348	0.7302	79.4804	0.6832	1.7e-04	0.4813
3785	-116.6144	-116.6144	-86.1108	0.7384	78.2364	0.6726	1.7e-04	0.4815
3786	-116.6049	-116.6049	-84.1597	0.7218	80.4637	0.6917	1.7e-04	0.4809
3787	-116.5742	-116.5742	-84.4695	0.7246	80.1291	0.6889	1.7e-04	0.4810
3788	-116.5989	-116.5989	-84.0135	0.7205	80.6704	0.6934	1.7e-04	0.4815
3789	-116.5870	-116.5870	-85.2934	0.7316	79.2590	0.6813	1.7e-04	0.4817
3790	-116.6081	-116.6081	-84.0092	0.7204	80.6813	0.6935	1.7e-04	0.4809
3791	-116.6041	-116.6041	-83.5687	0.7167	81.1100	0.6974	1.7e-04	0.4819
3792	-116.6040	-116.6040	-82.7379	0.7096	81.9531	0.7046	1.7e-04	0.4812
3793	-116.5925	-116.5925	-84.7648	0.7270	79.8261	0.6864	1.7e-04	0.4812
3794	-116.6317	-116.6317	-84.0101	0.7203	80.7166	0.6937	1.7e-04	0.4813
3795	-116.5868	-116.5868	-84.9001	0.7282	79.5504	0.6841	1.7e-04	0.4816
3796	-116.6002	-116.6002	-84.2025	0.7221	80.4471	0.6917	1.7e-04	0.4825
3797	-116.6169	-116.6169	-83.6638	0.7174	80.9898	0.6964	1.7e-04	0.4820
3798	-116.6194	-116.6194	-84.5089	0.7247	80.1294	0.6891	1.7e-04	0.4817
3799	-116.5707	-116.5707	-86.8307	0.7449	77.5453	0.6671	1.7e-04	0.4822
3800	-116.5791	-116.5791	-83.8824	0.7195	80.7178	0.6944	1.7e-04	0.4815
3801	-116.5695	-116.5695	-82.6181	0.7087	81.9848	0.7054	1.7e-04	0.4814
3802	-116.5752	-116.5752	-84.5147	0.7250	79.9645	0.6880	1.7e-04	0.4817
3803	-116.5841	-116.5841	-84.8146	0.7275	79.7372	0.6861	1.7e-04	0.4814
3804	-116.6112	-116.6112	-84.1547	0.7217	80.4303	0.6921	1.7e-04	0.4822
3805	-116.5810	-116.5810	-84.4506	0.7244	80.0537	0.6890	1.7e-04	0.4823
3806	-116.5997	-116.5997	-84.9205	0.7283	79.6344	0.6852	1.7e-04	0.4818
3807	-116.5645	-116.5645	-84.9824	0.7291	79.5399	0.6844	1.7e-04	0.4813
3808	-116.5724	-116.5724	-85.3299	0.7320	79.1823	0.6813	1.7e-04	0.4818
3809	-116.5913	-116.5913	-85.3491	0.7320	79.1532	0.6812	1.7e-04	0.4823
3810	-116.5720	-116.5720	-83.9055	0.7198	80.6811	0.6942	1.7e-04	0.4818
3811	-116.5941	-116.5941	-84.7128	0.7266	79.8714	0.6871	1.7e-04	0.4820
3812	-116.5964	-116.5964	-85.9007	0.7367	78.5995	0.6761	1.7e-04	0.4822
3813	-116.6002	-116.6002	-84.4016	0.7239	80.1009	0.6891	1.7e-04	0.4821
3814	-116.6062	-116.6062	-84.0590	0.7209	80.5619	0.6929	1.7e-04	0.4823
3815	-116.5959	-116.5959	-85.4123	0.7326	79.1255	0.6806	1.7e-04	0.4823
3816	-116.6032	-116.6032	-83.1473	0.7131	81.4830	0.7010	1.7e-04	0.4823
3817	-116.6017	-116.6017	-85.2860	0.7314	79.2462	0.6817	1.7e-04	0.4816
3818	-116.5972	-116.5972	-84.4806	0.7246	80.1161	0.6892	1.7e-04	0.4819
3819	-116.5972	-116.5972	-85.3429	0.7319	79.2082	0.6814	1.7e-04	0.4820
3820	-116.5910	-116.5910	-87.1959	0.7479	77.0911	0.6631	1.7e-04	0.4822
3821	-116.6113	-116.6113	-85.5050	0.7332	79.0528	0.6799	1.7e-04	0.4820
3822	-116.5786	-116.5786	-85.7642	0.7357	78.7490	0.6773	1.7e-04	0.4822
3823	-116.5909	-116.5909	-84.4627	0.7244	80.0609	0.6886	1.7e-04	0.4825
3824	-116.5937	-116.5937	-86.1896	0.7392	78.3067	0.6734	1.7e-04	0.4830
3825	-116.5902	-116.5902	-84.5284	0.7250	80.0616	0.6887	1.7e-04	0.4825
3826	-116.5881	-116.5881	-86.0714	0.7383	78.4376	0.6745	1.7e-04	0.4824
3827	-116.6128	-116.6128	-85.6463	0.7345	78.8262	0.6780	1.7e-04	0.4825
3828	-116.6032	-116.6032	-85.2908	0.7315	79.2090	0.6813	1.7e-04	0.4826
3829	-116.5855	-116.5855	-86.1097	0.7386	78.3829	0.6741	1.7e-04	0.4823
3830	-116.5909	-116.5909	-85.6295	0.7344	78.8181	0.6778	1.7e-04	0.4827
3831	-116.5908	-116.5908	-85.6052	0.7342	78.9490	0.6789	1.7e-04	0.4828
3832	-116.6007	-116.6007	-85.6588	0.7346	78.8627	0.6784	1.7e-04	0.4830
3833	-116.5920	-116.5920	-86.5693	0.7425	77.8936	0.6698	1.7e-04	0.4823
3834	-116.6136	-116.6136	-84.0961	0.7212	80.5377	0.6926	1.7e-04	0.4826
3835	-116.6043	-116.6043	-85.1526	0.7303	79.4276	0.6832	1.7e-04	0.4821
3836	-116.5965	-116.5965	-85.3408	0.7319	79.2203	0.6814	1.7e-04	0.4829
3837	-116.6280	-116.6280	-85.1310	0.7299	79.4483	0.6833	1.7e-04	0.4822
3838	-116.6072	-116.6072	-86.5321	0.7421	77.8989	0.6702	1.7e-04	0.4829
3839	-116.5874	-116.5874	-86.6035	0.7428	77.7974	0.6692	1.7e-04	0.4829
3840	-116.5835	-116.5835	-85.8289	0.7362	78.6737	0.6767	1.7e-04	0.4827
3841	-116.6041	-116.6041	-84.2628	0.7226	80.3360	0.6911	1.7e-04	0.4830
3842	-116.5941	-116.5941	-85.4693	0.7331	79.0936	0.6802	1.7e-04	0.4836
3843	-116.5968	-116.5968	-85.1713	0.7305	79.4115	0.6829	1.7e-04	0.4828
3844	-116.6044	-116.6044	-86.4610	0.7415	77.9953	0.6709	1.7e-04	0.4828
3845	-116.5893	-116.5893	-85.8348	0.7362	78.6675	0.6767	1.7e-04	0.4828
3846	-116.6032	-116.6032	-84.1258	0.7215	80.4914	0.6924	1.7e-04	0.4823
3847	-116.5740	-116.5740	-87.8877	0.7539	76.3694	0.6569	1.7e-04	0.4827
3848	-116.6043	-116.6043	-85.8820	0.7365	78.6415	0.6764	1.7e-04	0.4819
3849	-116.6129	-116.6129	-85.2741	0.7313	79.2423	0.6816	1.7e-04	0.4832
3850	-116.5689	-116.5689	-87.4727	0.7504	76.8585	0.6610	1.7e-04	0.4831
3851	-116.6084	-116.6084	-85.9234	0.7369	78.5694	0.6759	1.7e-04	0.4840
3852	-116.5977	-116.5977	-87.5403	0.7508	76.7611	0.6604	1.7e-04	0.4822
3853	-116.5933	-116.5933	-87.4077	0.7497	76.9460	0.6618	1.7e-04	0.4824
3854	-116.5899	-116.5899	-85.6388	0.7345	78.8684	0.6783	1.7e-04	0.4827
3855	-116.5975	-116.5975	-85.7115	0.7351	78.8085	0.6780	1.7e-04	0.4823
3856	-116.6036	-116.6036	-86.9530	0.7457	77.4574	0.6663	1.7e-04	0.4825
3857	-116.5901	-116.5901	-87.1800	0.7477	77.1934	0.6640	1.7e-04	0.4824
3858	-116.5981	-116.5981	-86.4163	0.7411	78.0621	0.6713	1.7e-04	0.4825
3859	-116.6025	-116.6025	-85.8814	0.7365	78.6520	0.6764	1.7e-04	0.4822
3860	-116.5864	-116.5864	-86.9729	0.7460	77.4096	0.6657	1.7e-04	0.4826
3861	-116.5940	-116.5940	-85.9693	0.7373	78.5362	0.6755	1.7e-04	0.4830
3862	-116.6049	-116.6049	-84.9404	0.7284	79.6643	0.6851	1.7e-04	0.4836
3863	-116.6114	-116.6114	-87.0346	0.7464	77.3805	0.6655	1.7e-04	0.4824
3864	-116.5919	-116.5919	-86.4578	0.7415	77.9840	0.6709	1.7e-04	0.4827
3865	-116.6042	-116.6042	-85.7687	0.7356	78.7495	0.6774	1.7e-04	0.4818
3866	-116.5930	-116.5930	-86.5546	0.7424	77.8848	0.6700	1.7e-04	0.4828
3867	-116.5879	-116.5879	-87.3604	0.7493	76.9700	0.6621	1.7e-04	0.4817
3868	-116.6129	-116.6129	-86.2402	0.7395	78.2535	0.6731	1.7e-04	0.4819
3869	-116.5714	-116.5714	-88.0925	0.7557	76.1446	0.6549	1.7e-04	0.4817
3870	-116.5719	-116.5719	-87.8612	0.7537	76.3984	0.6571	1.7e-04	0.4826
3871	-116.5940	-116.5940	-86.0934	0.7384	78.4205	0.6743	1.7e-04	0.4824
3872	-116.5913	-116.5913	-85.3087	0.7317	79.2222	0.6814	1.7e-04	0.4821
3873	-116.5891	-116.5891	-84.3355	0.7234	80.2957	0.6904	1.7e-04	0.4812
3874	-116.5938	-116.5938	-86.3887	0.7409	78.1036	0.6716	1.7e-04	0.4827
3875	-116.5552	-116.5552	-87.5342	0.7510	76.7498	0.6601	1.7e-04	0.4814
3876	-116.6017	-116.6017	-86.4636	0.7415	77.9057	0.6700	1.7e-04	0.4812
3877	-116.5931	-116.5931	-87.0526	0.7466	77.3341	0.6651	1.7e-04	0.4812
3878	-116.6269	-116.6269	-86.7699	0.7440	77.6915	0.6682	1.7e-04	0.4822
3879	-116.5991	-116.5991	-86.6798	0.7434	77.7422	0.6687	1.7e-04	0.4820
3880	-116.5921	-116.5921	-86.3837	0.7409	78.0856	0.6716	1.7e-04	0.4816
3881	-116.5826	-116.5826	-87.5758	0.7512	76.7433	0.6600	1.7e-04	0.4809
3882	-116.6123	-116.6123	-88.8715	0.7621	75.2855	0.6474	1.7e-04	0.4817
3883	-116.6256	-116.6256	-86.3047	0.7400	78.0990	0.6715	1.7e-04	0.4816
3884	-116.5999	-116.5999	-88.1563	0.7561	76.0902	0.6544	1.7e-04	0.4806
3885	-116.6099	-116.6099	-86.4504	0.7414	78.0259	0.6711	1.7e-04	0.4812
3886	-116.5897	-116.5897	-86.8010	0.7445	77.5807	0.6674	1.7e-04	0.4815
3887	-116.6046	-116.6046	-86.5865	0.7426	77.8357	0.6693	1.7e-04	0.4811
3888	-116.5946	-116.5946	-87.2443	0.7483	77.1214	0.6633	1.7e-04	0.4815
3889	-116.6196	-116.6196	-87.0610	0.7465	77.2998	0.6648	1.7e-04	0.4817
3890	-116.6055	-116.6055	-84.5664	0.7252	79.9857	0.6879	1.7e-04	0.4811
3891	-116.6073	-116.6073	-86.7549	0.7440	77.6934	0.6682	1.7e-04	0.4810
3892	-116.5798	-116.5798	-86.7904	0.7445	77.5961	0.6674	1.7e-04	0.4806
3893	-116.6004	-116.6004	-87.7508	0.7526	76.5517	0.6584	1.7e-04	0.4814
3894	-116.5962	-116.5962	-86.3165	0.7403	78.1545	0.6722	1.7e-04	0.4811
3895	-116.5992	-116.5992	-85.5813	0.7340	78.9182	0.6787	1.7e-04	0.4814
3896	-116.5877	-116.5877	-87.5003	0.7505	76.8325	0.6608	1.7e-04	0.4812
3897	-116.6003	-116.6003	-85.6992	0.7350	78.8174	0.6779	1.7e-04	0.4808
3898	-116.6187	-116.6187	-86.3087	0.7401	78.1547	0.6721	1.7e-04	0.4813
3899	-116.6111	-116.6111	-86.9942	0.7460	77.3156	0.6650	1.7e-04	0.4811
3900	-116.6131	-116.6131	-84.5356	0.7249	80.0998	0.6888	1.7e-04	0.4810
3901	-116.6079	-116.6079	-86.2609	0.7398	78.2189	0.6729	1.7e-04	0.4811
3902	-116.6067	-116.6067	-86.3240	0.7403	78.1339	0.6720	1.7e-04	0.4816
3903	-116.5705	-116.5705	-89.0527	0.7639	75.0177	0.6453	1.7e-04	0.4814
3904	-116.6098	-116.6098	-86.4354	0.7412	78.0404	0.6712	1.7e-04	0.4814
3905	-116.5982	-116.5982	-84.7494	0.7268	79.7659	0.6863	1.7e-04	0.4810
3906	-116.6055	-116.6055	-86.4355	0.7413	78.0161	0.6712	1.7e-04	0.4817
3907	-116.6046	-116.6046	-85.0983	0.7298	79.4818	0.6835	1.7e-04	0.4811
3908	-116.6124	-116.6124	-86.0706	0.7381	78.4548	0.6747	1.7e-04	0.4811
3909	-116.5906	-116.5906	-87.5056	0.7505	76.8173	0.6607	1.7e-04	0.4815
3910	-116.5927	-116.5927	-85.6357	0.7345	78.9050	0.6786	1.7e-04	0.4816
3911	-116.6025	-116.6025	-85.9146	0.7368	78.5572	0.6757	1.7e-04	0.4816
3912	-116.5905	-116.5905	-87.6536	0.7518	76.5330	0.6584	1.7e-04	0.4812
3913	-116.5904	-116.5904	-87.2261	0.7481	77.1236	0.6635	1.7e-04	0.4813
3914	-116.6014	-116.6014	-86.1859	0.7391	78.2969	0.6734	1.7e-04	0.4813
3915	-116.5986	-116.5986	-86.4673	0.7416	77.9786	0.6707	1.7e-04	0.4808
3916	-116.5939	-116.5939	-87.3673	0.7493	76.9873	0.6621	1.7e-04	0.4811
3917	-116.5937	-116.5937	-87.7252	0.7524	76.5410	0.6583	1.7e-04	0.4812
3918	-116.5939	-116.5939	-86.8628	0.7450	77.5380	0.6669	1.7e-04	0.4813
3919	-116.6199	-116.6199	-85.3162	0.7316	79.2644	0.6818	1.7e-04	0.4814
3920	-116.5859	-116.5859	-88.6366	0.7603	75.5333	0.6495	1.7e-04	0.4815
3921	-116.6126	-116.6126	-85.1606	0.7303	79.4419	0.6831	1.7e-04	0.4813
3922	-116.6203	-116.6203	-86.9778	0.7458	77.4555	0.6661	1.7e-04	0.4814
3923	-116.5841	-116.5841	-85.8536	0.7364	78.6559	0.6764	1.7e-04	0.4811
3924	-116.5944	-116.5944	-87.0774	0.7468	77.3152	0.6650	1.7e-04	0.4811
3925	-116.5919	-116.5919	-86.9737	0.7460	77.4308	0.6660	1.7e-04	0.4813
3926	-116.6140	-116.6140	-85.9522	0.7371	78.5730	0.6758	1.7e-04	0.4820
3927	-116.5911	-116.5911	-86.0099	0.7377	78.5002	0.6751	1.7e-04	0.4811
3928	-116.6063	-116.6063	-85.4342	0.7327	79.1303	0.6804	1.7e-04	0.4814
3929	-116.5836	-116.5836	-85.8650	0.7365	78.6347	0.6764	1.7e-04	0.4811
3930	-116.5681	-116.5681	-88.6092	0.7601	75.5102	0.6495	1.7e-04	0.4816
3931	-116.5678	-116.5678	-87.5008	0.7506	76.8011	0.6606	1.7e-04	0.4810
3932	-116.5891	-116.5891	-85.1420	0.7303	79.4234	0.6831	1.7e-04	0.4810
3933	-116.6063	-116.6063	-85.9386	0.7370	78.6045	0.6759	1.7e-04	0.4812
3934	-116.5971	-116.5971	-88.5518	0.7595	75.6346	0.6505	1.7e-04	0.4816
3935	-116.5938	-116.5938	-88.0078	0.7548	76.2410	0.6557	1.7e-04	0.4816
3936	-116.5884	-116.5884	-86.9568	0.7458	77.4257	0.6660	1.7e-04	0.4816
3937	-116.5974	-116.5974	-86.9279	0.7455	77.4508	0.6661	1.7e-04	0.4813
3938	-116.6043	-116.6043	-87.3551	0.7492	77.0208	0.6624	1.7e-04	0.4812
3939	-116.6022	-116.6022	-85.8802	0.7365	78.6199	0.6762	1.7e-04	0.4813
3940	-116.6224	-116.6224	-86.7546	0.7439	77.7019	0.6682	1.7e-04	0.4810
3941	-116.5973	-116.5973	-86.3458	0.7405	78.1461	0.6719	1.7e-04	0.4811
3942	-116.6075	-116.6075	-85.6195	0.7343	78.8536	0.6781	1.7e-04	0.4816
3943	-116.5872	-116.5872	-87.1395	0.7474	77.1394	0.6636	1.7e-04	0.4812
3944	-116.6029	-116.6029	-85.9292	0.7369	78.5537	0.6755	1.7e-04	0.4814
3945	-116.6036	-116.6036	-86.4111	0.7411	78.0528	0.6712	1.7e-04	0.4811
3946	-116.6136	-116.6136	-85.9307	0.7369	78.5208	0.6753	1.7e-04	0.4811
3947	-116.6224	-116.6224	-84.8211	0.7273	79.7366	0.6857	1.7e-04	0.4811
3948	-116.6052	-116.6052	-84.3473	0.7234	80.3003	0.6904	1.7e-04	0.4808
3949	-116.5906	-116.5906	-87.3975	0.7496	76.9554	0.6619	1.7e-04	0.4817
3950	-116.5806	-116.5806	-86.3599	0.7408	78.1143	0.6717	1.7e-04	0.4816
3951	-116.5944	-116.5944	-86.1382	0.7388	78.3371	0.6737	1.7e-04	0.4812
3952	-116.5870	-116.5870	-83.9566	0.7201	80.6841	0.6938	1.7e-04	0.4815
3953	-116.6089	-116.6089	-84.5244	0.7249	80.0318	0.6884	1.7e-04	0.4813
3954	-116.5973	-116.5973	-86.5197	0.7420	77.9410	0.6703	1.7e-04	0.4812
3955	-116.5889	-116.5889	-86.2926	0.7401	78.1787	0.6724	1.7e-04	0.4809
3956	-116.5911	-116.5911	-87.1274	0.7473	77.2519	0.6642	1.7e-04	0.4812
3957	-116.6086	-116.6086	-86.0984	0.7384	78.3992	0.6742	1.7e-04	0.4814
3958	-116.5897	-116.5897	-86.7911	0.7444	77.6354	0.6677	1.7e-04	0.4812
3959	-116.6154	-116.6154	-86.5918	0.7425	77.8703	0.6698	1.7e-04	0.4814
3960	-116.5975	-116.5975	-86.0226	0.7378	78.4492	0.6747	1.7e-04	0.4816
3961	-116.5804	-116.5804	-87.8489	0.7535	76.3059	0.6565	1.7e-04	0.4812
3962	-116.5947	-116.5947	-86.0404	0.7379	78.4731	0.6749	1.7e-04	0.4817
3963	-116.5894	-116.5894	-85.2963	0.7316	79.2321	0.6816	1.7e-04	0.4811
3964	-116.6213	-116.6213	-83.7797	0.7184	80.8404	0.6952	1.7e-04	0.4817
3965	-116.5922	-116.5922	-84.8159	0.7275	79.7612	0.6860	1.7e-04	0.4819
3966	-116.5826	-116.5826	-86.6240	0.7430	77.8179	0.6692	1.7e-04	0.4815
3967	-116.6006	-116.6006	-86.4957	0.7418	77.8577	0.6695	1.7e-04	0.4814
3968	-116.5897	-116.5897	-86.3697	0.7408	78.0899	0.6717	1.7e-04	0.4817
3969	-116.6264	-116.6264	-85.2647	0.7311	79.2774	0.6817	1.7e-04	0.4814
3970	-116.6135	-116.6135	-84.5465	0.7250	80.0869	0.6887	1.7e-04	0.4820
3971	-116.5987	-116.5987	-84.7417	0.7268	79.8199	0.6864	1.7e-04	0.4810
3972	-116.6008	-116.6008	-86.4071	0.7411	78.0693	0.6714	1.7e-04	0.4815
3973	-116.6121	-116.6121	-87.5557	0.7508	76.7864	0.6604	1.7e-04	0.4818
3974	-116.6195	-116.6195	-86.2204	0.7393	78.3004	0.6733	1.7e-04	0.4818
3975	-116.6051	-116.6051	-86.7598	0.7440	77.6840	0.6681	1.7e-04	0.4814
3976	-116.6002	-116.6002	-84.5956	0.7255	80.0310	0.6882	1.7e-04	0.4823
3977	-116.5894	-116.5894	-85.6680	0.7348	78.8319	0.6780	1.7e-04	0.4810
3978	-116.6019	-116.6019	-86.4713	0.7416	78.0015	0.6708	1.7e-04	0.4815
3979	-116.5735	-116.5735	-87.0418	0.7467	77.3319	0.6651	1.7e-04	0.4814
3980	-116.6050	-116.6050	-87.0255	0.7463	77.2479	0.6644	1.7e-04	0.4814
3981	-116.6006	-116.6006	-86.5206	0.7420	77.8623	0.6696	1.7e-04	0.4820
3982	-116.6158	-116.6158	-83.1839	0.7133	81.4809	0.7006	1.7e-04	0.4826
3983	-116.6171	-116.6171	-84.9314	0.7283	79.6902	0.6853	1.7e-04	0.4835
3984	-116.6204	-116.6204	-85.6490	0.7344	78.8982	0.6786	1.7e-04	0.4819
3985	-116.5828	-116.5828	-85.5817	0.7341	78.9382	0.6790	1.7e-04	0.4815
3986	-116.6028	-116.6028	-85.9729	0.7373	78.5400	0.6755	1.7e-04	0.4824
3987	-116.5928	-116.5928	-85.8865	0.7366	78.6077	0.6761	1.7e-04	0.4819
3988	-116.5630	-116.5630	-87.4035	0.7498	76.9093	0.6615	1.7e-04	0.4813
3989	-116.5904	-116.5904	-86.2151	0.7395	78.2451	0.6731	1.7e-04	0.4816
3990	-116.6120	-116.6120	-86.6598	0.7431	77.7973	0.6691	1.7e-04	0.4820
3991	-116.5903	-116.5903	-86.0975	0.7385	78.3792	0.6741	1.7e-04	0.4819
3992	-116.5896	-116.5896	-85.7259	0.7353	78.7948	0.6778	1.7e-04	0.4823
3993	-116.6053	-116.6053	-86.3214	0.7403	78.1658	0.6722	1.7e-04	0.4817
3994	-116.5999	-116.5999	-85.3671	0.7321	79.1442	0.6807	1.7e-04	0.4824
3995	-116.5907	-116.5907	-85.2832	0.7315	79.2702	0.6819	1.7e-04	0.4814
3996	-116.5965	-116.5965	-85.4540	0.7329	79.0965	0.6803	1.7e-04	0.4830
3997	-116.5809	-116.5809	-87.5899	0.7513	76.6184	0.6591	1.7e-04	0.4824
3998	-116.6083	-116.6083	-85.3219	0.7317	79.2663	0.6816	1.7e-04	0.4829
3999	-116.6022	-116.6022	-86.4439	0.7414	78.0415	0.6710	1.7e-04	0.4833
4000	-116.6066	-116.6066	-86.6151	0.7428	77.7940	0.6691	1.7e-04	0.4869
4001	-116.6053	-116.6053	-85.0905	0.7297	79.4971	0.6836	1.7e-04	0.4827
4002	-116.5803	-116.5803	-86.3156	0.7404	78.1652	0.6722	1.7e-04	0.4826
4003	-116.6089	-116.6089	-84.9983	0.7289	79.5331	0.6839	1.7e-04	0.4839
4004	-116.5980	-116.5980	-86.2388	0.7396	78.2517	0.6729	1.7e-04	0.4824
4005	-116.5867	-116.5867	-85.3575	0.7321	79.1996	0.6811	1.7e-04	0.4830
4006	-116.5999	-116.5999	-85.2632	0.7312	79.2008	0.6811	1.7e-04	0.4825
4007	-116.6335	-116.6335	-85.8836	0.7364	78.6872	0.6766	1.7e-04	0.4827
4008	-116.6108	-116.6108	-84.6776	0.7262	79.9446	0.6875	1.7e-04	0.4826
4009	-116.5862	-116.5862	-86.0616	0.7382	78.4513	0.6745	1.7e-04	0.4821
4010	-116.5874	-116.5874	-86.1088	0.7386	78.3641	0.6739	1.7e-04	0.4826
4011	-116.6004	-116.6004	-85.5027	0.7333	78.9797	0.6792	1.7e-04	0.4823
4012	-116.5973	-116.5973	-86.7843	0.7443	77.6207	0.6676	1.7e-04	0.4820
4013	-116.5814	-116.5814	-85.4025	0.7326	79.1313	0.6806	1.7e-04	0.4833
4014	-116.6020	-116.6020	-84.5944	0.7255	80.0036	0.6881	1.7e-04	0.4828
4015	-116.6113	-116.6113	-85.4305	0.7326	79.1371	0.6806	1.7e-04	0.4834
4016	-116.5909	-116.5909	-85.2257	0.7310	79.3232	0.6824	1.7e-04	0.4826
4017	-116.5890	-116.5890	-84.9209	0.7284	79.6158	0.6847	1.7e-04	0.4830
4018	-116.6042	-116.6042	-84.0337	0.7207	80.5702	0.6930	1.7e-04	0.4825
4019	-116.5953	-116.5953	-84.8365	0.7276	79.7236	0.6857	1.7e-04	0.4829
4020	-116.6300	-116.6300	-84.0999	0.7211	80.5453	0.6928	1.7e-04	0.4831
4021	-116.5963	-116.5963	-85.4792	0.7331	79.0749	0.6801	1.7e-04	0.4833
4022	-116.5781	-116.5781	-85.4957	0.7334	79.0156	0.6796	1.7e-04	0.4827
4023	-116.5922	-116.5922	-84.7566	0.7269	79.8249	0.6867	1.7e-04	0.4834
4024	-116.5774	-116.5774	-85.2331	0.7311	79.3142	0.6822	1.7e-04	0.4822
4025	-116.5954	-116.5954	-84.9751	0.7288	79.5873	0.6846	1.7e-04	0.4826
4026	-116.5835	-116.5835	-83.8035	0.7188	80.8325	0.6952	1.7e-04	0.4822
4027	-116.6011	-116.6011	-85.5440	0.7336	78.9928	0.6795	1.7e-04	0.4827
4028	-116.6119	-116.6119	-86.2168	0.7393	78.2748	0.6732	1.7e-04	0.4824
4029	-116.6258	-116.6258	-85.3797	0.7321	79.1934	0.6811	1.7e-04	0.4828
4030	-116.6332	-116.6332	-85.2569	0.7310	79.3442	0.6824	1.7e-04	0.4825
4031	-116.6101	-116.6101	-85.9141	0.7368	78.5496	0.6757	1.7e-04	0.4821
4032	-116.5819	-116.5819	-86.0595	0.7382	78.4365	0.6744	1.7e-04	0.4815
4033	-116.5778	-116.5778	-85.4578	0.7331	79.0852	0.6802	1.7e-04	0.4821
4034	-116.6048	-116.6048	-84.9260	0.7283	79.6685	0.6852	1.7e-04	0.4812
4035	-116.5814	-116.5814	-87.3081	0.7489	77.0259	0.6625	1.7e-04	0.4821
4036	-116.6056	-116.6056	-86.0374	0.7378	78.4853	0.6749	1.7e-04	0.4820
4037	-116.6077	-116.6077	-87.4168	0.7497	76.9218	0.6616	1.7e-04	0.4818
4038	-116.5907	-116.5907	-86.3108	0.7403	78.1574	0.6722	1.7e-04	0.4807
4039	-116.6207	-116.6207	-84.6794	0.7261	79.8895	0.6872	1.7e-04	0.4813
4040	-116.5966	-116.5966	-86.0126	0.7377	78.4897	0.6751	1.7e-04	0.4806
4041	-116.6350	-116.6350	-83.3687	0.7148	81.2907	0.6991	1.7e-04	0.4811
4042	-116.6221	-116.6221	-84.9237	0.7282	79.6710	0.6854	1.7e-04	0.4807
4043	-116.5938	-116.5938	-86.8270	0.7447	77.5814	0.6674	1.7e-04	0.4810
4044	-116.6049	-116.6049	-86.5835	0.7425	77.8803	0.6698	1.7e-04	0.4809
4045	-116.6067	-116.6067	-84.7340	0.7267	79.8334	0.6865	1.7e-04	0.4813
4046	-116.5885	-116.5885	-84.9827	0.7289	79.5973	0.6846	1.7e-04	0.4812
4047	-116.6177	-116.6177	-83.2124	0.7135	81.4590	0.7006	1.7e-04	0.4812
4048	-116.6115	-116.6115	-85.2452	0.7310	79.2652	0.6817	1.7e-04	0.4806
4049	-116.5920	-116.5920	-86.5187	0.7421	77.9476	0.6703	1.7e-04	0.4811
4050	-116.6008	-116.6008	-85.3811	0.7323	79.1384	0.6806	1.7e-04	0.4808
4051	-116.6023	-116.6023	-86.5595	0.7423	77.9104	0.6700	1.7e-04	0.4813
4052	-116.6079	-116.6079	-85.6632	0.7346	78.8969	0.6783	1.7e-04	0.4809
4053	-116.5842	-116.5842	-84.0958	0.7213	80.5162	0.6926	1.7e-04	0.4815
4054	-116.5822	-116.5822	-85.4070	0.7326	79.1066	0.6806	1.7e-04	0.4808
4055	-116.6117	-116.6117	-84.3213	0.7231	80.2070	0.6897	1.7e-04	0.4810
4056	-116.6099	-116.6099	-83.7864	0.7185	80.8657	0.6955	1.7e-04	0.4806
4057	-116.5863	-116.5863	-84.7825	0.7272	79.8010	0.6863	1.7e-04	0.4813
4058	-116.5893	-116.5893	-85.0046	0.7291	79.5244	0.6840	1.7e-04	0.4806
4059	-116.6010	-116.6010	-86.7272	0.7438	77.7016	0.6684	1.7e-04	0.4812
4060	-116.5967	-116.5967	-84.5913	0.7255	79.9890	0.6881	1.7e-04	0.4807
4061	-116.5915	-116.5915	-83.2529	0.7141	81.3977	0.7001	1.7e-04	0.4812
4062	-116.6050	-116.6050	-86.7133	0.7436	77.7139	0.6685	1.7e-04	0.4808
4063	-116.6129	-116.6129	-86.8451	0.7447	77.5963	0.6674	1.7e-04	0.4814
4064	-116.6069	-116.6069	-85.4622	0.7329	79.0434	0.6798	1.7e-04	0.4809
4065	-116.6000	-116.6000	-84.9543	0.7286	79.6213	0.6848	1.7e-04	0.4813
4066	-116.6062	-116.6062	-85.5716	0.7339	78.9812	0.6793	1.7e-04	0.4807
4067	-116.5731	-116.5731	-85.1454	0.7304	79.4091	0.6830	1.7e-04	0.4814
4068	-116.5926	-116.5926	-85.1675	0.7305	79.4081	0.6829	1.7e-04	0.4807
4069	-116.6124	-116.6124	-83.9386	0.7198	80.7057	0.6941	1.7e-04	0.4814
4070	-116.5892	-116.5892	-85.8305	0.7362	78.6877	0.6768	1.7e-04	0.4810
4071	-116.5927	-116.5927	-87.5243	0.7507	76.8120	0.6606	1.7e-04	0.4813
4072	-116.5879	-116.5879	-85.6415	0.7346	78.8739	0.6783	1.7e-04	0.4807
4073	-116.6207	-116.6207	-85.0788	0.7295	79.5280	0.6839	1.7e-04	0.4815
4074	-116.5803	-116.5803	-85.4945	0.7334	79.0432	0.6798	1.7e-04	0.4810
4075	-116.5995	-116.5995	-85.8727	0.7365	78.6475	0.6763	1.7e-04	0.4814
4076	-116.6218	-116.6218	-84.6252	0.7256	80.0170	0.6881	1.7e-04	0.4810
4077	-116.6091	-116.6091	-86.5243	0.7420	77.9503	0.6704	1.7e-04	0.4820
4078	-116.6100	-116.6100	-84.5627	0.7252	80.0731	0.6886	1.7e-04	0.4806
4079	-116.6220	-116.6220	-84.0584	0.7208	80.6030	0.6931	1.7e-04	0.4813
4080	-116.5993	-116.5993	-83.0903	0.7126	81.5614	0.7014	1.7e-04	0.4811
4081	-116.6157	-116.6157	-82.6082	0.7084	82.0757	0.7058	1.7e-04	0.4815
4082	-116.5854	-116.5854	-85.2527	0.7312	79.2895	0.6821	1.7e-04	0.4807
4083	-116.5821	-116.5821	-84.4203	0.7241	80.1711	0.6896	1.7e-04	0.4811
4084	-116.5846	-116.5846	-86.2598	0.7399	78.1898	0.6725	1.7e-04	0.4808
4085	-116.6076	-116.6076	-84.9402	0.7284	79.6517	0.6850	1.7e-04	0.4811
4086	-116.5867	-116.5867	-84.9731	0.7288	79.5927	0.6846	1.7e-04	0.4805
4087	-116.5788	-116.5788	-84.9258	0.7285	79.6224	0.6849	1.7e-04	0.4812
4088	-116.5881	-116.5881	-86.4462	0.7415	77.9791	0.6707	1.7e-04	0.4807
4089	-116.6002	-116.6002	-84.5674	0.7253	80.0333	0.6883	1.7e-04	0.4816
4090	-116.6029	-116.6029	-85.3941	0.7323	79.1803	0.6809	1.6e-04	0.4805
4091	-116.5939	-116.5939	-85.5083	0.7334	79.0313	0.6797	1.6e-04	0.4811
4092	-116.5777	-116.5777	-86.5610	0.7425	77.8610	0.6697	1.6e-04	0.4807
4093	-116.6046	-116.6046	-85.9943	0.7375	78.5129	0.6753	1.6e-04	0.4816
4094	-116.5627	-116.5627	-86.9037	0.7456	77.4749	0.6664	1.6e-04	0.4806
4095	-116.5866	-116.5866	-85.5561	0.7338	78.9689	0.6793	1.6e-04	0.4811
4096	-116.5990	-116.5990	-87.4268	0.7498	76.9270	0.6616	1.6e-04	0.4805
4097	-116.5865	-116.5865	-85.0448	0.7295	79.5146	0.6838	1.6e-04	0.4815
4098	-116.5934	-116.5934	-85.4999	0.7333	79.0546	0.6798	1.6e-04	0.4805
4099	-116.5933	-116.5933	-84.8798	0.7280	79.6875	0.6853	1.6e-04	0.4812
4100	-116.6026	-116.6026	-85.8048	0.7359	78.7171	0.6770	1.6e-04	0.4806
4101	-116.5979	-116.5979	-87.1510	0.7474	77.1646	0.6637	1.6e-04	0.4811
4102	-116.6115	-116.6115	-86.3520	0.7405	78.1078	0.6718	1.6e-04	0.4808
4103	-116.6083	-116.6083	-87.3894	0.7494	76.9891	0.6621	1.6e-04	0.4813
4104	-116.5771	-116.5771	-87.4032	0.7497	76.9275	0.6616	1.6e-04	0.4806
4105	-116.5808	-116.5808	-87.8107	0.7532	76.4942	0.6578	1.6e-04	0.4813
4106	-116.5943	-116.5943	-85.7412	0.7354	78.6480	0.6763	1.6e-04	0.4808
4107	-116.6103	-116.6103	-86.4538	0.7414	78.0366	0.6711	1.6e-04	0.4811
4108	-116.5929	-116.5929	-86.9491	0.7457	77.4367	0.6659	1.6e-04	0.4806
4109	-116.5995	-116.5995	-88.5402	0.7594	75.6675	0.6507	1.6e-04	0.4818
4110	-116.5884	-116.5884	-86.3679	0.7408	78.1066	0.6717	1.6e-04	0.4808
4111	-116.5926	-116.5926	-86.8677	0.7451	77.5565	0.6669	1.6e-04	0.4812
4112	-116.6071	-116.6071	-86.7926	0.7443	77.6420	0.6677	1.6e-04	0.4809
4113	-116.5964	-116.5964	-85.7615	0.7355	78.7741	0.6774	1.6e-04	0.4815
4114	-116.5801	-116.5801	-89.5642	0.7683	74.4126	0.6400	1.6e-04	0.4810
4115	-116.5923	-116.5923	-88.2997	0.7573	75.8899	0.6525	1.6e-04	0.4812
4116	-116.5937	-116.5937	-85.4124	0.7326	79.1271	0.6804	1.6e-04	0.4807
4117	-116.6130	-116.6130	-88.0548	0.7551	76.1091	0.6547	1.6e-04	0.4818
4118	-116.6085	-116.6085	-87.6182	0.7514	76.7272	0.6599	1.6e-04	0.4807
4119	-116.5881	-116.5881	-89.0887	0.7641	74.9990	0.6450	1.6e-04	0.4814
4120	-116.5990	-116.5990	-88.2089	0.7565	75.9975	0.6536	1.6e-04	0.4811
4121	-116.5728	-116.5728	-87.8368	0.7535	76.3634	0.6567	1.6e-04	0.4809
4122	-116.5835	-116.5835	-86.8882	0.7453	77.4870	0.6665	1.6e-04	0.4808
4123	-116.5899	-116.5899	-88.0946	0.7556	76.1786	0.6550	1.6e-04	0.4817
4124	-116.6059	-116.6059	-85.9050	0.7367	78.5399	0.6755	1.6e-04	0.4810
4125	-116.5830	-116.5830	-88.7068	0.7609	75.4494	0.6488	1.6e-04	0.4810
4126	-116.5956	-116.5956	-87.4473	0.7500	76.8746	0.6612	1.6e-04	0.4807
4127	-116.6349	-116.6349	-85.2047	0.7305	79.4136	0.6828	1.6e-04	0.4821
4128	-116.6166	-116.6166	-88.0332	0.7549	76.2572	0.6558	1.6e-04	0.4809
4129	-116.5781	-116.5781	-88.0163	0.7550	76.2277	0.6555	1.6e-04	0.4821
4130	-116.5964	-116.5964	-88.0696	0.7553	76.1346	0.6549	1.6e-04	0.4814
4131	-116.6038	-116.6038	-86.6618	0.7432	77.7818	0.6690	1.6e-04	0.4819
4132	-116.5768	-116.5768	-86.3159	0.7404	78.1264	0.6721	1.6e-04	0.4813
4133	-116.5712	-116.5712	-85.2573	0.7314	79.3113	0.6819	1.6e-04	0.4820
4134	-116.5982	-116.5982	-84.9891	0.7289	79.5453	0.6841	1.6e-04	0.4815
4135	-116.6263	-116.6263	-85.2195	0.7307	79.3877	0.6827	1.6e-04	0.4820
4136	-116.5875	-116.5875	-85.0515	0.7295	79.4835	0.6836	1.6e-04	0.4818
4137	-116.6096	-116.6096	-85.2291	0.7309	79.2790	0.6818	1.6e-04	0.4825
4138	-116.5905	-116.5905	-84.9452	0.7286	79.6296	0.6849	1.6e-04	0.4817
4139	-116.6091	-116.6091	-84.6072	0.7256	79.9531	0.6876	1.6e-04	0.4824
4140	-116.5825	-116.5825	-85.9256	0.7370	78.5797	0.6758	1.6e-04	0.4823
4141	-116.5889	-116.5889	-87.2581	0.7484	77.0316	0.6626	1.6e-04	0.4821
4142	-116.5867	-116.5867	-87.5374	0.7508	76.7865	0.6605	1.6e-04	0.4814
4143	-116.6099	-116.6099	-84.6709	0.7261	79.9591	0.6876	1.6e-04	0.4822
4144	-116.5972	-116.5972	-84.6997	0.7264	79.9054	0.6872	1.6e-04	0.4824
4145	-116.5962	-116.5962	-84.7478	0.7268	79.8205	0.6865	1.6e-04	0.4820
4146	-116.6095	-116.6095	-83.1253	0.7129	81.5485	0.7013	1.6e-04	0.4815
4147	-116.5668	-116.5668	-85.4605	0.7331	79.0485	0.6800	1.6e-04	0.4820
4148	-116.5847	-116.5847	-85.6346	0.7345	78.8891	0.6786	1.6e-04	0.4819
4149	-116.6054	-116.6054	-84.2288	0.7223	80.4186	0.6915	1.6e-04	0.4821
4150	-116.6284	-116.6284	-86.3036	0.7400	78.2118	0.6726	1.6e-04	0.4809
4151	-116.5850	-116.5850	-85.9700	0.7374	78.4836	0.6750	1.6e-04	0.4821
4152	-116.6004	-116.6004	-84.9677	0.7287	79.6212	0.6848	1.6e-04	0.4820
4153	-116.5975	-116.5975	-85.7866	0.7358	78.7507	0.6772	1.6e-04	0.4820
4154	-116.6219	-116.6219	-84.3303	0.7231	80.3267	0.6907	1.6e-04	0.4812
4155	-116.5818	-116.5818	-87.0219	0.7464	77.3665	0.6653	1.6e-04	0.4817
4156	-116.6018	-116.6018	-85.9128	0.7368	78.6360	0.6761	1.6e-04	0.4815
4157	-116.5964	-116.5964	-86.6172	0.7429	77.8228	0.6693	1.6e-04	0.4826
4158	-116.5718	-116.5718	-85.8013	0.7360	78.7067	0.6769	1.6e-04	0.4815
4159	-116.6054	-116.6054	-85.9909	0.7375	78.5347	0.6754	1.6e-04	0.4817
4160	-116.5919	-116.5919	-86.6177	0.7429	77.8263	0.6693	1.6e-04	0.4819
4161	-116.6082	-116.6082	-84.8362	0.7275	79.7883	0.6861	1.6e-04	0.4830
4162	-116.6054	-116.6054	-86.5723	0.7424	77.9016	0.6698	1.6e-04	0.4813
4163	-116.6156	-116.6156	-82.4169	0.7067	82.2459	0.7073	1.6e-04	0.4821
4164	-116.6154	-116.6154	-84.8924	0.7280	79.7009	0.6855	1.6e-04	0.4823
4165	-116.6052	-116.6052	-84.3986	0.7238	80.1892	0.6897	1.6e-04	0.4818
4166	-116.5972	-116.5972	-86.4325	0.7413	78.0223	0.6711	1.6e-04	0.4815
4167	-116.6103	-116.6103	-84.7786	0.7270	79.8282	0.6865	1.6e-04	0.4827
4168	-116.6064	-116.6064	-86.9215	0.7454	77.4637	0.6662	1.6e-04	0.4823
4169	-116.6054	-116.6054	-84.2604	0.7226	80.3634	0.6912	1.6e-04	0.4824
4170	-116.5992	-116.5992	-85.2611	0.7312	79.2503	0.6815	1.6e-04	0.4824
4171	-116.5840	-116.5840	-84.8432	0.7277	79.7368	0.6858	1.6e-04	0.4831
4172	-116.6066	-116.6066	-85.2173	0.7308	79.3446	0.6825	1.6e-04	0.4825
4173	-116.6138	-116.6138	-87.3325	0.7489	77.0505	0.6627	1.6e-04	0.4824
4174	-116.6169	-116.6169	-84.5284	0.7248	80.0977	0.6889	1.6e-04	0.4819
4175	-116.6150	-116.6150	-84.6757	0.7261	79.9177	0.6872	1.6e-04	0.4827
4176	-116.6049	-116.6049	-85.6241	0.7343	78.9279	0.6788	1.6e-04	0.4822
4177	-116.5979	-116.5979	-85.3982	0.7324	79.1509	0.6809	1.6e-04	0.4830
4178	-116.5888	-116.5888	-85.4285	0.7327	79.0808	0.6803	1.6e-04	0.4828
4179	-116.6119	-116.6119	-85.2158	0.7308	79.3810	0.6826	1.6e-04	0.4827
4180	-116.5804	-116.5804	-86.3755	0.7409	78.0864	0.6715	1.6e-04	0.4821
4181	-116.5738	-116.5738	-84.7794	0.7273	79.7759	0.6863	1.6e-04	0.4833
4182	-116.6171	-116.6171	-83.2976	0.7143	81.2898	0.6991	1.6e-04	0.4825
4183	-116.5843	-116.5843	-84.0143	0.7206	80.5795	0.6932	1.6e-04	0.4834
4184	-116.6060	-116.6060	-83.4318	0.7155	81.2177	0.6985	1.6e-04	0.4826
4185	-116.6053	-116.6053	-83.8770	0.7193	80.7675	0.6947	1.6e-04	0.5793
4186	-116.6101	-116.6101	-82.6254	0.7086	82.0531	0.7056	1.6e-04	0.4825
4187	-116.5966	-116.5966	-85.1731	0.7305	79.3754	0.6826	1.6e-04	0.4826
4188	-116.5988	-116.5988	-85.3871	0.7323	79.0677	0.6800	1.6e-04	0.4820
4189	-116.5977	-116.5977	-85.7089	0.7351	78.7666	0.6775	1.6e-04	0.4830
4190	-116.6074	-116.6074	-84.3251	0.7232	80.2614	0.6904	1.6e-04	0.4822
4191	-116.5906	-116.5906	-85.0823	0.7298	79.4343	0.6832	1.6e-04	0.4833
4192	-116.5908	-116.5908	-84.1995	0.7222	80.4131	0.6916	1.6e-04	0.4827
4193	-116.5993	-116.5993	-84.7232	0.7266	79.7953	0.6863	1.6e-04	0.4830
4194	-116.6079	-116.6079	-84.8923	0.7280	79.7104	0.6856	1.6e-04	0.4822
4195	-116.6058	-116.6058	-85.8631	0.7364	78.6755	0.6766	1.6e-04	0.4828
4196	-116.5901	-116.5901	-84.4162	0.7240	80.2105	0.6897	1.6e-04	0.4824
4197	-116.5932	-116.5932	-83.7328	0.7182	80.8648	0.6955	1.6e-04	0.4834
4198	-116.5919	-116.5919	-83.6900	0.7178	80.9440	0.6961	1.6e-04	0.4825
4199	-116.6126	-116.6126	-83.7280	0.7180	80.9259	0.6959	1.6e-04	0.4834
4200	-116.6043	-116.6043	-85.7686	0.7356	78.7715	0.6775	1.6e-04	0.4821
4201	-116.6076	-116.6076	-83.6080	0.7170	81.0374	0.6969	1.6e-04	0.4828
4202	-116.6074	-116.6074	-85.5389	0.7336	79.0098	0.6796	1.6e-04	0.4822
4203	-116.6115	-116.6115	-84.5872	0.7254	80.0034	0.6881	1.6e-04	0.4827
4204	-116.6188	-116.6188	-83.1652	0.7131	81.4993	0.7010	1.6e-04	0.4831
4205	-116.5918	-116.5918	-86.4779	0.7417	77.9658	0.6707	1.6e-04	0.4830
4206	-116.5995	-116.5995	-84.2169	0.7223	80.4104	0.6916	1.6e-04	0.4823
4207	-116.5960	-116.5960	-84.3568	0.7235	80.2547	0.6902	1.6e-04	0.4847
4208	-116.6009	-116.6009	-84.6834	0.7263	79.9017	0.6871	1.6e-04	0.4828
4209	-116.6103	-116.6103	-83.9564	0.7200	80.6345	0.6935	1.6e-04	0.4829
4210	-116.6077	-116.6077	-83.2897	0.7143	81.3654	0.6998	1.6e-04	0.4835
4211	-116.5980	-116.5980	-83.4758	0.7159	81.1105	0.6975	1.6e-04	0.4832
4212	-116.5974	-116.5974	-83.8760	0.7194	80.7525	0.6944	1.6e-04	0.4824
4213	-116.6046	-116.6046	-84.2887	0.7229	80.3362	0.6910	1.6e-04	0.4827
4214	-116.5847	-116.5847	-84.7980	0.7274	79.7682	0.6861	1.6e-04	0.4824
4215	-116.6185	-116.6185	-83.9420	0.7198	80.6963	0.6940	1.6e-04	0.4829
4216	-116.5785	-116.5785	-86.0204	0.7379	78.4713	0.6749	1.6e-04	0.4820
4217	-116.6080	-116.6080	-84.0148	0.7205	80.5981	0.6933	1.6e-04	0.4827
4218	-116.6025	-116.6025	-84.2062	0.7222	80.3873	0.6913	1.6e-04	0.4825
4219	-116.6047	-116.6047	-83.2602	0.7140	81.3621	0.6997	1.6e-04	0.4824
4220	-116.6012	-116.6012	-83.6338	0.7173	80.9735	0.6965	1.6e-04	0.4819
4221	-116.5991	-116.5991	-83.6989	0.7178	80.9359	0.6961	1.6e-04	0.4824
4222	-116.6009	-116.6009	-84.4290	0.7241	80.1675	0.6896	1.6e-04	0.4817
4223	-116.5949	-116.5949	-85.6769	0.7348	78.8527	0.6782	1.6e-04	0.4818
4224	-116.6047	-116.6047	-82.4602	0.7072	82.2109	0.7070	1.6e-04	0.4811
4225	-116.5880	-116.5880	-83.7810	0.7186	80.8496	0.6953	1.6e-04	0.4820
4226	-116.5982	-116.5982	-84.0682	0.7210	80.5588	0.6929	1.6e-04	0.4814
4227	-116.6051	-116.6054	-81.5596	0.6994	83.0641	0.7142	1.6e-04	0.4823
4228	-116.5971	-116.5971	-83.4343	0.7156	81.2232	0.6985	1.6e-04	0.4812
4229	-116.6000	-116.6000	-82.8953	0.7109	81.7856	0.7032	1.6e-04	0.4821
4230	-116.6114	-116.6114	-83.4131	0.7153	81.2460	0.6988	1.6e-04	0.4811
4231	-116.6034	-116.6034	-84.6940	0.7263	79.9006	0.6871	1.6e-04	0.4818
4232	-116.5727	-116.5727	-85.2658	0.7314	79.2735	0.6818	1.6e-04	0.4805
4233	-116.6050	-116.6050	-84.2202	0.7223	80.4125	0.6915	1.6e-04	0.4816
4234	-116.6037	-116.6037	-83.4063	0.7153	81.2487	0.6987	1.6e-04	0.4811
4235	-116.6039	-116.6039	-85.9887	0.7374	78.5251	0.6754	1.6e-04	0.4810
4236	-116.5805	-116.5805	-84.7467	0.7269	79.8032	0.6866	1.6e-04	0.4812
4237	-116.6006	-116.6006	-83.3032	0.7144	81.3387	0.6996	1.6e-04	0.4821
4238	-116.5999	-116.5999	-87.9585	0.7544	76.3450	0.6564	1.6e-04	0.4813
4239	-116.6104	-116.6104	-86.3218	0.7403	78.1714	0.6723	1.6e-04	0.4815
4240	-116.6033	-116.6033	-86.2526	0.7397	78.2349	0.6728	1.6e-04	0.4803
4241	-116.6154	-116.6154	-85.4211	0.7325	79.1673	0.6807	1.6e-04	0.4816
4242	-116.5774	-116.5774	-86.9583	0.7459	77.4371	0.6660	1.6e-04	0.4805
4243	-116.6073	-116.6073	-85.7487	0.7354	78.7352	0.6771	1.6e-04	0.4814
4244	-116.6342	-116.6342	-84.3936	0.7236	80.1936	0.6896	1.6e-04	0.4811
4245	-116.5824	-116.5824	-87.2873	0.7487	77.0427	0.6626	1.6e-04	0.4812
4246	-116.6082	-116.6082	-87.6292	0.7515	76.6636	0.6593	1.6e-04	0.4807
4247	-116.5862	-116.5862	-85.0027	0.7291	79.5644	0.6844	1.6e-04	0.4815
4248	-116.6077	-116.6077	-85.5859	0.7340	78.9707	0.6792	1.6e-04	0.4805
4249	-116.6154	-116.6154	-85.5492	0.7336	79.0153	0.6795	1.6e-04	0.4814
4250	-116.6164	-116.6164	-85.2309	0.7309	79.3701	0.6825	1.6e-04	0.4808
4251	-116.5927	-116.5927	-85.2744	0.7314	79.2953	0.6820	1.6e-04	0.4812
4252	-116.6038	-116.6038	-85.5555	0.7337	79.0106	0.6794	1.6e-04	0.4807
4253	-116.5992	-116.5992	-84.9813	0.7288	79.5036	0.6838	1.6e-04	0.4816
4254	-116.6107	-116.6107	-86.5425	0.7421	77.9196	0.6700	1.6e-04	0.4812
4255	-116.6299	-116.6299	-84.2784	0.7226	80.3654	0.6912	1.6e-04	0.4814
4256	-116.6110	-116.6110	-86.3276	0.7403	78.1594	0.6723	1.6e-04	0.4806
4257	-116.5865	-116.5865	-86.2148	0.7395	78.1906	0.6725	1.6e-04	0.4818
4258	-116.6196	-116.6196	-85.0814	0.7296	79.5122	0.6838	1.6e-04	0.4811
4259	-116.6046	-116.6046	-85.6813	0.7348	78.8336	0.6781	1.6e-04	0.4813
4260	-116.5972	-116.5972	-86.6473	0.7431	77.7981	0.6691	1.6e-04	0.4807
4261	-116.6030	-116.6030	-85.8282	0.7361	78.7081	0.6769	1.6e-04	0.4815
4262	-116.5962	-116.5962	-86.2099	0.7394	78.1985	0.6726	1.6e-04	0.4807
4263	-116.6090	-116.6090	-87.3923	0.7494	76.9647	0.6620	1.6e-04	0.4817
4264	-116.5879	-116.5879	-86.0125	0.7377	78.4686	0.6750	1.6e-04	0.4814
4265	-116.5926	-116.5926	-86.2721	0.7399	78.2010	0.6726	1.6e-04	0.4810
4266	-116.5739	-116.5739	-86.9313	0.7457	77.4639	0.6662	1.6e-04	0.4806
4267	-116.5981	-116.5981	-84.4400	0.7242	80.1835	0.6896	1.6e-04	0.4814
4268	-116.6194	-116.6194	-81.6541	0.7002	83.0129	0.7139	1.6e-04	0.4807
4269	-116.5913	-116.5913	-84.6096	0.7257	79.9760	0.6880	1.6e-04	0.4813
4270	-116.5791	-116.5791	-84.7962	0.7274	79.7844	0.6862	1.6e-04	0.4807
4271	-116.5817	-116.5817	-85.3465	0.7321	79.1934	0.6812	1.6e-04	0.4812
4272	-116.5963	-116.5963	-85.2277	0.7310	79.3286	0.6824	1.6e-04	0.4808
4273	-116.6011	-116.6011	-85.8272	0.7361	78.7078	0.6769	1.6e-04	0.4814
4274	-116.5770	-116.5770	-85.3723	0.7323	79.1711	0.6809	1.6e-04	0.4804
4275	-116.6208	-116.6208	-85.8759	0.7364	78.6635	0.6766	1.6e-04	0.4812
4276	-116.5856	-116.5856	-85.9482	0.7372	78.3780	0.6741	1.6e-04	0.4807
4277	-116.5951	-116.5951	-85.2614	0.7313	79.3070	0.6820	1.6e-04	0.4812
4278	-116.6125	-116.6125	-86.5668	0.7423	77.9124	0.6700	1.6e-04	0.4805
4279	-116.6053	-116.6053	-85.1699	0.7304	79.4168	0.6829	1.6e-04	0.4816
4280	-116.6231	-116.6231	-83.9645	0.7200	80.6796	0.6939	1.6e-04	0.4808
4281	-116.6098	-116.6098	-85.6039	0.7341	78.9503	0.6789	1.6e-04	0.4816
4282	-116.6069	-116.6069	-85.7503	0.7354	78.7774	0.6775	1.6e-04	0.4808
4283	-116.6034	-116.6034	-86.1810	0.7391	78.3092	0.6735	1.6e-04	0.4812
4284	-116.5927	-116.5927	-83.9871	0.7203	80.6469	0.6936	1.6e-04	0.4808
4285	-116.5861	-116.5861	-85.0870	0.7298	79.4882	0.6836	1.6e-04	0.4812
4286	-116.6104	-116.6104	-85.7193	0.7351	78.8172	0.6778	1.6e-04	0.4807
4287	-116.6175	-116.6175	-82.6375	0.7086	82.0151	0.7054	1.6e-04	0.4814
4288	-116.5906	-116.5906	-86.4015	0.7411	78.0618	0.6714	1.6e-04	0.4807
4289	-116.6023	-116.6023	-86.6113	0.7428	77.8443	0.6695	1.6e-04	0.4812
4290	-116.6207	-116.6207	-84.3770	0.7235	80.2519	0.6902	1.6e-04	0.4806
4291	-116.6047	-116.6047	-85.5244	0.7335	79.0163	0.6796	1.6e-04	0.4814
4292	-116.5794	-116.5794	-86.5176	0.7421	77.9315	0.6702	1.6e-04	0.4805
4293	-116.6194	-116.6194	-85.0027	0.7289	79.6027	0.6846	1.6e-04	0.4813
4294	-116.5994	-116.5994	-85.1185	0.7300	79.4726	0.6834	1.6e-04	0.4807
4295	-116.6063	-116.6063	-85.8634	0.7364	78.6653	0.6765	1.6e-04	0.4813
4296	-116.6056	-116.6056	-83.8656	0.7192	80.7715	0.6948	1.6e-04	0.4806
4297	-116.6045	-116.6045	-84.4835	0.7245	80.1228	0.6891	1.6e-04	0.4812
4298	-116.6052	-116.6052	-83.6323	0.7172	80.9926	0.6967	1.6e-04	0.4809
4299	-116.6251	-116.6251	-84.2985	0.7228	80.3253	0.6909	1.6e-04	0.4812
4300	-116.6232	-116.6232	-83.3107	0.7144	81.3502	0.6996	1.6e-04	0.4808
4301	-116.6024	-116.6024	-84.3066	0.7230	80.2768	0.6904	1.6e-04	0.4816
4302	-116.6088	-116.6088	-84.1039	0.7212	80.4961	0.6924	1.6e-04	0.4808
4303	-116.4798	-116.6425	-80.1618	0.6872	84.4144	0.7259	1.6e-04	0.4813
4304	-116.6078	-116.6078	-81.7771	0.7013	82.8669	0.7128	1.6e-04	0.4812
4305	-116.6071	-116.6071	-82.0631	0.7038	82.5408	0.7103	1.6e-04	0.4819
4306	-116.5836	-116.5836	-82.8993	0.7111	81.6976	0.7031	1.6e-04	0.4810
4307	-116.5998	-116.5998	-82.0686	0.7038	82.4584	0.7101	1.6e-04	0.4815
4308	-116.6066	-116.6066	-83.1621	0.7132	81.4417	0.7010	1.6e-04	0.4808
4309	-116.5806	-116.5806	-85.2880	0.7316	79.1570	0.6815	1.6e-04	0.4815
4310	-116.6038	-116.6038	-85.1622	0.7304	79.3147	0.6827	1.6e-04	0.4809
4311	-116.5841	-116.5841	-86.1017	0.7385	78.3189	0.6741	1.6e-04	0.4821
4312	-116.5927	-116.5927	-87.9233	0.7541	76.2977	0.6567	1.6e-04	0.4812
4313	-116.5753	-116.5753	-87.9430	0.7544	76.2493	0.6564	1.6e-04	0.4812
4314	-116.5657	-116.5657	-86.6916	0.7437	77.6349	0.6684	1.6e-04	0.4808
4315	-116.5894	-116.5894	-87.8824	0.7538	76.3269	0.6571	1.6e-04	0.4815
4316	-116.5561	-116.5561	-90.1406	0.7734	73.5864	0.6337	1.6e-04	0.4811
4317	-116.5918	-116.5918	-89.1668	0.7648	74.8273	0.6443	1.6e-04	0.4812
4318	-116.5466	-116.5466	-89.3334	0.7665	74.5484	0.6419	1.6e-04	0.4810
4319	-116.5708	-116.5708	-89.9929	0.7720	73.8244	0.6355	1.6e-04	0.4817
4320	-116.5669	-116.5669	-90.4956	0.7763	73.2060	0.6302	1.6e-04	0.4816
4321	-116.5540	-116.5540	-89.4635	0.7676	74.4361	0.6409	1.6e-04	0.4823
4322	-116.5696	-116.5696	-89.9615	0.7717	73.8305	0.6356	1.6e-04	0.4817
4323	-116.5664	-116.5664	-87.2658	0.7486	76.9912	0.6628	1.6e-04	0.4822
4324	-116.5579	-116.5579	-89.4756	0.7676	74.3088	0.6397	1.6e-04	0.4815
4325	-116.5641	-116.5641	-88.8505	0.7622	75.1850	0.6472	1.6e-04	0.4823
4326	-116.5778	-116.5778	-90.7476	0.7784	72.9245	0.6277	1.6e-04	0.4815
4327	-116.5847	-116.5847	-90.3027	0.7746	73.4380	0.6320	1.6e-04	0.4824
4328	-116.5605	-116.5605	-89.0053	0.7636	74.9842	0.6455	1.6e-04	0.4818
4329	-116.5784	-116.5784	-90.7062	0.7781	72.9889	0.6282	1.6e-04	0.4823
4330	-116.5753	-116.5753	-90.5584	0.7768	73.1590	0.6297	1.6e-04	0.4816
4331	-116.5587	-116.5587	-89.9601	0.7718	73.8858	0.6359	1.6e-04	0.4820
4332	-116.5696	-116.5696	-91.3130	0.7833	72.1986	0.6214	1.6e-04	0.4818
4333	-116.5656	-116.5656	-90.4991	0.7764	73.2259	0.6303	1.6e-04	0.4822
4334	-116.5829	-116.5829	-90.5649	0.7768	73.1367	0.6294	1.6e-04	0.4816
4335	-116.5800	-116.5800	-89.3818	0.7667	74.5092	0.6412	1.6e-04	0.4820
4336	-116.5737	-116.5737	-91.8120	0.7876	71.5931	0.6162	1.6e-04	0.4816
4337	-116.5599	-116.5599	-91.6802	0.7866	71.6984	0.6172	1.6e-04	0.4820
4338	-116.5964	-116.5964	-90.6767	0.7777	73.0372	0.6285	1.6e-04	0.4816
4339	-116.5806	-116.5806	-91.2774	0.7830	72.2839	0.6221	1.6e-04	0.4822
4340	-116.5889	-116.5889	-90.5288	0.7765	73.1912	0.6299	1.6e-04	0.4815
4341	-116.5798	-116.5798	-91.6864	0.7865	71.7552	0.6176	1.6e-04	0.4820
4342	-116.5642	-116.5642	-92.0027	0.7893	71.3624	0.6140	1.6e-04	0.4815
4343	-116.5758	-116.5758	-90.2294	0.7740	73.5693	0.6330	1.6e-04	0.4820
4344	-116.5879	-116.5879	-92.7176	0.7953	70.4358	0.6062	1.6e-04	0.4816
4345	-116.5635	-116.5635	-91.0649	0.7812	72.5454	0.6242	1.6e-04	0.4823
4346	-116.5966	-116.5966	-89.4244	0.7670	74.5462	0.6414	1.6e-04	0.4813
4347	-116.5806	-116.5806	-92.0690	0.7897	71.2410	0.6131	1.6e-04	0.4822
4348	-116.5761	-116.5761	-91.3234	0.7834	72.2124	0.6215	1.6e-04	0.4821
4349	-116.5813	-116.5813	-92.0186	0.7893	71.3446	0.6139	1.6e-04	0.4822
4350	-116.5682	-116.5682	-92.4566	0.7932	70.7585	0.6089	1.6e-04	0.4818
4351	-116.5933	-116.5933	-92.2950	0.7916	71.0097	0.6110	1.6e-04	0.4822
4352	-116.6042	-116.6042	-89.3122	0.7659	74.7303	0.6429	1.6e-04	0.4820
4353	-116.5765	-116.5765	-92.4971	0.7934	70.7382	0.6086	1.6e-04	0.4823
4354	-116.6030	-116.6030	-92.2812	0.7914	71.0031	0.6109	1.6e-04	0.4817
4355	-116.5753	-116.5753	-90.3529	0.7751	73.4247	0.6318	1.6e-04	0.4825
4356	-116.5798	-116.5798	-90.0559	0.7725	73.7308	0.6344	1.6e-04	0.4819
4357	-116.5788	-116.5788	-90.8327	0.7792	72.8510	0.6267	1.6e-04	0.4826
4358	-116.6093	-116.6093	-90.5775	0.7768	73.1966	0.6298	1.6e-04	0.4825
4359	-116.6026	-116.6026	-90.7175	0.7780	72.9874	0.6278	1.6e-04	0.4818
4360	-116.5681	-116.5681	-90.8680	0.7795	72.8088	0.6264	1.6e-04	0.4814
4361	-116.5962	-116.5962	-91.7715	0.7871	71.7052	0.6168	1.6e-04	0.4820
4362	-116.5776	-116.5776	-90.7874	0.7788	72.9069	0.6273	1.6e-04	0.4817
4363	-116.5711	-116.5711	-91.5637	0.7855	71.8826	0.6184	1.6e-04	0.4822
4364	-116.5905	-116.5905	-90.2022	0.7737	73.6606	0.6336	1.6e-04	0.4815
4365	-116.5847	-116.5847	-91.8359	0.7877	71.6067	0.6160	1.6e-04	0.4820
4366	-116.5987	-116.5987	-92.0732	0.7897	71.3041	0.6135	1.6e-04	0.4815
4367	-116.5665	-116.5665	-91.6883	0.7866	71.7196	0.6170	1.6e-04	0.4825
4368	-116.5836	-116.5836	-92.8892	0.7968	70.2249	0.6043	1.6e-04	0.4819
4369	-116.5781	-116.5781	-93.1848	0.7993	69.8706	0.6009	1.6e-04	0.4823
4370	-116.5906	-116.5906	-92.0350	0.7894	71.3621	0.6139	1.6e-04	0.4815
4371	-116.5986	-116.5986	-90.4210	0.7755	73.3072	0.6307	1.6e-04	0.4828
4372	-116.5927	-116.5927	-91.5528	0.7852	71.8520	0.6183	1.6e-04	0.4826
4373	-116.5809	-116.5809	-92.7837	0.7959	70.3737	0.6054	1.6e-04	0.4830
4374	-116.6003	-116.6003	-92.1521	0.7903	71.2191	0.6127	1.6e-04	0.4821
4375	-116.5733	-116.5733	-93.6229	0.8031	69.2221	0.5955	1.6e-04	0.4834
4376	-116.6105	-116.6105	-94.0995	0.8070	68.6629	0.5906	1.6e-04	0.4822
4377	-116.5994	-116.5994	-91.0118	0.7806	72.6517	0.6251	1.6e-04	0.4831
4378	-116.6079	-116.6079	-92.5111	0.7934	70.7510	0.6086	1.6e-04	0.4821
4379	-116.5744	-116.5744	-93.6889	0.8037	69.1685	0.5950	1.6e-04	0.4826
4380	-116.5950	-116.5950	-91.0482	0.7809	72.5909	0.6245	1.6e-04	0.4824
4381	-116.5843	-116.5843	-92.7585	0.7956	70.4166	0.6058	1.6e-04	0.4827
4382	-116.5851	-116.5851	-92.6286	0.7945	70.5888	0.6072	1.6e-04	0.4820
4383	-116.5747	-116.5747	-91.9841	0.7891	71.3918	0.6143	1.6e-04	0.4833
4384	-116.5919	-116.5919	-93.2571	0.7999	69.7542	0.6001	1.6e-04	0.4829
4385	-116.5905	-116.5905	-93.4062	0.8011	69.5611	0.5984	1.6e-04	0.4834
4386	-116.5825	-116.5825	-93.1025	0.7986	69.9284	0.6017	1.6e-04	0.4825
4387	-116.6028	-116.6028	-92.2457	0.7911	71.1042	0.6117	1.6e-04	0.4828
4388	-116.5999	-116.5999	-92.5113	0.7934	70.7442	0.6087	1.6e-04	0.4832
4389	-116.6072	-116.6072	-92.5411	0.7936	70.7280	0.6084	1.6e-04	0.4833
4390	-116.5808	-116.5808	-90.8647	0.7794	72.8321	0.6265	1.6e-04	0.4830
4391	-116.5887	-116.5887	-92.5467	0.7938	70.6758	0.6080	1.6e-04	0.4829
4392	-116.5805	-116.5805	-92.3730	0.7924	70.9012	0.6100	1.6e-04	0.4823
4393	-116.5984	-116.5984	-93.7193	0.8038	69.0640	0.5941	1.6e-04	0.4835
4394	-116.6003	-116.6003	-94.1735	0.8077	68.5398	0.5896	1.6e-04	0.4828
4395	-116.5885	-116.5885	-94.6541	0.8119	67.8239	0.5835	1.6e-04	0.4840
4396	-116.6026	-116.6026	-93.1193	0.7986	69.9565	0.6018	1.6e-04	0.4829
4397	-116.6105	-116.6105	-92.9889	0.7974	70.1214	0.6033	1.6e-04	0.4832
4398	-116.5860	-116.5860	-92.7461	0.7955	70.3899	0.6057	1.6e-04	0.4830
4399	-116.6104	-116.6104	-93.0609	0.7980	70.0118	0.6022	1.6e-04	0.4830
4400	-116.5980	-116.5980	-94.1249	0.8073	68.6118	0.5902	1.6e-04	0.4825
4401	-116.5941	-116.5941	-94.6966	0.8122	67.8120	0.5833	1.6e-04	0.4836
4402	-116.5914	-116.5914	-93.4710	0.8017	69.4871	0.5977	1.6e-04	0.4828
4403	-116.5858	-116.5858	-94.9129	0.8141	67.4950	0.5807	1.6e-04	0.4833
4404	-116.6122	-116.6122	-91.9124	0.7882	71.5400	0.6154	1.6e-04	0.4828
4405	-116.6002	-116.6002	-94.2802	0.8086	68.3934	0.5884	1.6e-04	0.4831
4406	-116.5897	-116.5897	-94.6583	0.8119	67.8495	0.5837	1.6e-04	0.4819
4407	-116.5826	-116.5826	-94.3849	0.8096	68.2137	0.5868	1.6e-04	0.4826
4408	-116.6053	-116.6053	-93.6051	0.8028	69.3214	0.5963	1.6e-04	0.4820
4409	-116.6050	-116.6050	-93.2916	0.8001	69.7386	0.5999	1.6e-04	0.4823
4410	-116.5980	-116.5980	-92.6678	0.7948	70.5293	0.6068	1.6e-04	0.4816
4411	-116.5827	-116.5827	-94.0434	0.8067	68.6731	0.5908	1.6e-04	0.4817
4412	-116.6057	-116.6057	-91.4564	0.7843	72.0816	0.6200	1.6e-04	0.4815
4413	-116.5771	-116.5771	-93.8261	0.8048	68.9622	0.5932	1.6e-04	0.4820
4414	-116.5842	-116.5842	-93.0881	0.7985	69.9470	0.6018	1.6e-04	0.4815
4415	-116.6222	-116.6222	-93.5656	0.8023	69.3697	0.5967	1.6e-04	0.4821
4416	-116.6209	-116.6209	-92.1927	0.7905	71.1621	0.6121	1.6e-04	0.4818
4417	-116.5855	-116.5855	-93.0402	0.7980	70.0450	0.6026	1.6e-04	0.4819
4418	-116.5822	-116.5822	-94.6586	0.8119	67.8426	0.5837	1.6e-04	0.4811
4419	-116.5726	-116.5726	-93.6520	0.8034	69.1710	0.5951	1.6e-04	0.4815
4420	-116.5754	-116.5754	-94.6446	0.8119	67.8464	0.5838	1.6e-04	0.4810
4421	-116.6006	-116.6006	-94.2318	0.8082	68.4679	0.5890	1.6e-04	0.4813
4422	-116.5960	-116.5960	-93.8860	0.8052	68.9258	0.5930	1.6e-04	0.4815
4423	-116.5762	-116.5762	-95.1723	0.8164	67.1348	0.5775	1.6e-04	0.4810
4424	-116.5857	-116.5857	-93.8690	0.8051	68.8999	0.5929	1.6e-04	0.4804
4425	-116.5971	-116.5971	-91.9365	0.7885	71.4463	0.6147	1.6e-04	0.4812
4426	-116.5912	-116.5912	-93.5345	0.8022	69.3647	0.5968	1.6e-04	0.4805
4427	-116.6026	-116.6026	-92.9862	0.7975	70.0779	0.6029	1.6e-04	0.4812
4428	-116.5927	-116.5927	-92.8520	0.7964	70.3065	0.6048	1.6e-04	0.4804
4429	-116.5748	-116.5748	-92.9873	0.7977	70.0835	0.6029	1.6e-04	0.4810
4430	-116.5795	-116.5795	-94.8502	0.8136	67.5618	0.5813	1.6e-04	0.4804
4431	-116.5796	-116.5796	-95.0772	0.8156	67.2524	0.5786	1.6e-04	0.4812
4432	-116.5956	-116.5956	-94.2767	0.8086	68.3920	0.5883	1.6e-04	0.4806
4433	-116.5924	-116.5924	-93.8414	0.8049	68.9700	0.5933	1.6e-04	0.4812
4434	-116.5973	-116.5973	-95.5416	0.8194	66.6055	0.5730	1.6e-04	0.4806
4435	-116.5818	-116.5818	-94.0940	0.8071	68.6355	0.5904	1.6e-04	0.4813
4436	-116.6034	-116.6034	-94.5432	0.8108	68.0382	0.5853	1.6e-04	0.4808
4437	-116.5830	-116.5830	-94.3614	0.8094	68.2567	0.5873	1.6e-04	0.4810
4438	-116.6002	-116.6002	-93.9694	0.8059	68.8049	0.5919	1.6e-04	0.4807
4439	-116.5979	-116.5979	-94.3262	0.8090	68.3358	0.5878	1.6e-04	0.4812
4440	-116.5916	-116.5916	-92.1734	0.7906	71.1630	0.6123	1.6e-04	0.4807
4441	-116.5915	-116.5915	-94.5851	0.8113	67.9516	0.5847	1.6e-04	0.4817
4442	-116.5798	-116.5798	-94.3742	0.8095	68.2384	0.5871	1.6e-04	0.4810
4443	-116.5957	-116.5957	-95.8996	0.8225	66.1158	0.5688	1.6e-04	0.4813
4444	-116.5956	-116.5956	-94.9413	0.8143	67.4348	0.5801	1.6e-04	0.4808
4445	-116.6050	-116.6050	-93.4099	0.8011	69.5711	0.5985	1.6e-04	0.4818
4446	-116.5934	-116.5934	-94.5787	0.8112	67.9437	0.5846	1.6e-04	0.4809
4447	-116.6055	-116.6055	-93.7746	0.8042	69.0554	0.5941	1.6e-04	0.4813
4448	-116.5996	-116.5996	-93.9128	0.8054	68.9033	0.5927	1.6e-04	0.4807
4449	-116.6069	-116.6069	-93.2380	0.7996	69.8010	0.6005	1.6e-04	0.4815
4450	-116.5770	-116.5770	-95.7767	0.8216	66.2623	0.5700	1.6e-04	0.4808
4451	-116.5994	-116.5994	-93.6624	0.8033	69.1648	0.5951	1.6e-04	0.4816
4452	-116.6135	-116.6135	-92.9065	0.7967	70.2242	0.6042	1.6e-04	0.4813
4453	-116.6057	-116.6057	-94.9626	0.8144	67.4526	0.5803	1.6e-04	0.4812
4454	-116.6021	-116.6021	-94.7858	0.8129	67.6688	0.5822	1.6e-04	0.4807
4455	-116.6277	-116.6277	-92.0311	0.7891	71.3997	0.6142	1.6e-04	0.4816
4456	-116.5919	-116.5919	-93.4776	0.8018	69.4660	0.5976	1.6e-04	0.4805
4457	-116.5886	-116.5886	-94.8580	0.8136	67.5330	0.5811	1.6e-04	0.4812
4458	-116.6045	-116.6045	-95.2399	0.8168	67.0633	0.5769	1.6e-04	0.4808
4459	-116.5830	-116.5830	-94.3220	0.8091	68.2981	0.5874	1.6e-04	0.4812
4460	-116.5913	-116.5913	-94.3468	0.8092	68.2860	0.5874	1.6e-04	0.4806
4461	-116.5829	-116.5829	-96.6615	0.8291	64.9701	0.5590	1.6e-04	0.4811
4462	-116.6228	-116.6228	-93.5234	0.8019	69.4173	0.5972	1.6e-04	0.4807
4463	-116.6045	-116.6045	-93.9413	0.8056	68.8518	0.5922	1.6e-04	0.4814
4464	-116.5930	-116.5930	-94.6935	0.8122	67.7679	0.5831	1.6e-04	0.4807
4465	-116.5958	-116.5958	-92.7613	0.7956	70.4420	0.6058	1.6e-04	0.4811
4466	-116.6150	-116.6150	-94.0796	0.8068	68.6624	0.5907	1.6e-04	0.4809
4467	-116.5963	-116.5963	-93.9912	0.8061	68.7654	0.5916	1.6e-04	0.4813
4468	-116.5985	-116.5985	-95.3938	0.8181	66.8356	0.5750	1.6e-04	0.4813
4469	-116.6055	-116.6055	-94.8734	0.8136	67.5945	0.5814	1.6e-04	0.4815
4470	-116.5766	-116.5766	-93.7604	0.8043	69.0361	0.5940	1.6e-04	0.4809
4471	-116.6015	-116.6015	-94.1503	0.8075	68.5747	0.5898	1.6e-04	0.4813
4472	-116.5914	-116.5914	-94.3559	0.8093	68.2868	0.5874	1.6e-04	0.4808
4473	-116.6078	-116.6078	-93.8633	0.8049	68.9806	0.5933	1.6e-04	0.4815
4474	-116.6161	-116.6161	-94.8539	0.8134	67.6159	0.5817	1.6e-04	0.4805
4475	-116.5866	-116.5866	-94.7138	0.8124	67.7914	0.5831	1.6e-04	0.4812
4476	-116.6016	-116.6016	-94.0711	0.8068	68.6705	0.5907	1.6e-04	0.4805
4477	-116.6088	-116.6088	-95.0648	0.8152	67.3165	0.5791	1.6e-04	0.4814
4478	-116.6115	-116.6115	-94.2371	0.8081	68.4112	0.5884	1.6e-04	0.4805
4479	-116.6218	-116.6218	-92.4123	0.7924	70.9007	0.6099	1.6e-04	0.4810
4480	-116.6001	-116.6001	-93.7940	0.8044	68.9450	0.5933	1.6e-04	0.4804
4481	-116.5854	-116.5854	-93.0613	0.7982	70.0104	0.6023	1.6e-04	0.4819
4482	-116.5910	-116.5910	-94.0150	0.8064	68.7316	0.5914	1.6e-04	0.4806
4483	-116.5809	-116.5809	-94.7137	0.8124	67.7477	0.5829	1.6e-04	0.4809
4484	-116.6022	-116.6022	-93.9167	0.8054	68.8165	0.5921	1.6e-04	0.4807
4485	-116.5783	-116.5783	-94.9511	0.8145	67.2513	0.5785	1.6e-04	0.4813
4486	-116.6093	-116.6093	-94.4787	0.8102	68.1251	0.5860	1.6e-04	0.4806
4487	-116.5931	-116.5931	-93.9500	0.8058	68.8349	0.5922	1.6e-04	0.4812
4488	-116.6161	-116.6161	-92.1638	0.7903	71.2195	0.6127	1.6e-04	0.4810
4489	-116.6054	-116.6054	-93.7437	0.8039	69.1260	0.5947	1.6e-04	0.4815
4490	-116.5873	-116.5873	-94.5980	0.8114	67.9437	0.5845	1.6e-04	0.4807
4491	-116.6015	-116.6015	-93.5797	0.8026	69.2668	0.5959	1.6e-04	0.4823
4492	-116.5975	-116.5975	-94.7603	0.8127	67.7237	0.5827	1.6e-04	0.4816
4493	-116.5805	-116.5805	-94.9379	0.8144	67.4689	0.5803	1.6e-04	0.4814
4494	-116.6036	-116.6036	-95.1716	0.8162	67.1540	0.5778	1.6e-04	0.4805
4495	-116.5896	-116.5896	-93.9581	0.8059	68.7993	0.5920	1.6e-04	0.4816
4496	-116.5855	-116.5855	-94.7439	0.8127	67.7114	0.5825	1.6e-04	0.4813
4497	-116.6010	-116.6010	-93.8652	0.8050	68.9710	0.5933	1.6e-04	0.4815
4498	-116.5965	-116.5965	-94.3639	0.8093	68.2457	0.5871	1.6e-04	0.4808
4499	-116.5920	-116.5920	-94.6942	0.8122	67.8018	0.5832	1.6e-04	0.4828
4500	-116.5950	-116.5950	-93.7600	0.8042	69.0319	0.5939	1.6e-04	0.4810
4501	-116.6031	-116.6031	-92.3032	0.7916	70.9439	0.6103	1.6e-04	0.4812
4502	-116.5999	-116.5999	-93.5317	0.8022	69.4158	0.5971	1.6e-04	0.4822
4503	-116.6174	-116.6174	-93.2975	0.8000	69.6369	0.5990	1.6e-04	0.4821
4504	-116.5950	-116.5950	-93.7590	0.8041	69.0978	0.5944	1.6e-04	0.4816
4505	-116.6079	-116.6079	-93.6037	0.8027	69.3149	0.5964	1.6e-04	0.4819
4506	-116.5836	-116.5836	-95.1606	0.8162	67.0430	0.5768	1.6e-04	0.4820
4507	-116.5846	-116.5846	-95.1494	0.8161	67.1531	0.5777	1.6e-04	0.4821
4508	-116.5926	-116.5926	-95.2918	0.8173	66.9876	0.5762	1.6e-04	0.4816
4509	-116.5976	-116.5976	-94.7333	0.8125	67.7523	0.5829	1.6e-04	0.4818
4510	-116.5906	-116.5906	-93.8163	0.8047	68.9752	0.5934	1.6e-04	0.4816
4511	-116.5949	-116.5949	-95.6861	0.8207	66.4372	0.5714	1.6e-04	0.4818
4512	-116.6204	-116.6204	-93.6154	0.8027	69.3246	0.5963	1.6e-04	0.4812
4513	-116.6023	-116.6023	-95.3696	0.8179	66.8671	0.5753	1.6e-04	0.4818
4514	-116.5830	-116.5830	-94.3173	0.8090	68.2901	0.5874	1.6e-04	0.4812
4515	-116.6072	-116.6072	-93.7441	0.8039	69.1329	0.5947	1.6e-04	0.4816
4516	-116.5892	-116.5892	-93.9740	0.8060	68.7692	0.5916	1.6e-04	0.4815
4517	-116.5867	-116.5867	-92.2279	0.7911	71.1035	0.6117	1.6e-04	0.4821
4518	-116.5886	-116.5886	-94.4107	0.8098	68.2089	0.5867	1.6e-04	0.4810
4519	-116.6121	-116.6121	-94.7201	0.8123	67.7750	0.5830	1.6e-04	0.4827
4520	-116.5954	-116.5954	-94.1564	0.8075	68.5492	0.5898	1.6e-04	0.4813
4521	-116.6079	-116.6079	-94.6922	0.8121	67.8134	0.5834	1.6e-04	0.4818
4522	-116.5872	-116.5872	-94.3615	0.8094	68.2762	0.5873	1.6e-04	0.4814
4523	-116.6053	-116.6053	-93.4261	0.8012	69.5590	0.5984	1.6e-04	0.4826
4524	-116.5684	-116.5684	-95.2988	0.8175	66.9293	0.5759	1.6e-04	0.4817
4525	-116.5944	-116.5944	-92.4630	0.7930	70.7496	0.6086	1.6e-04	0.4825
4526	-116.5897	-116.5897	-95.3721	0.8180	66.8698	0.5752	1.6e-04	0.4814
4527	-116.6094	-116.6094	-93.3184	0.8003	69.7148	0.5996	1.6e-04	0.4820
4528	-116.5808	-116.5808	-94.3940	0.8097	68.2242	0.5869	1.6e-04	0.4814
4529	-116.6178	-116.6178	-93.3228	0.8002	69.7113	0.5997	1.6e-04	0.4826
4530	-116.5930	-116.5930	-94.6800	0.8121	67.8033	0.5833	1.6e-04	0.4811
4531	-116.5920	-116.5920	-93.8533	0.8050	68.9682	0.5933	1.6e-04	0.4824
4532	-116.5922	-116.5922	-94.5778	0.8112	67.9700	0.5848	1.6e-04	0.4822
4533	-116.5851	-116.5851	-94.0006	0.8063	68.7358	0.5913	1.6e-04	0.4817
4534	-116.5745	-116.5745	-96.7522	0.8300	64.8361	0.5578	1.6e-04	0.4823
4535	-116.6206	-116.6206	-93.9340	0.8055	68.8435	0.5922	1.6e-04	0.4831
4536	-116.6255	-116.6255	-95.5975	0.8197	66.5714	0.5727	1.6e-04	0.4818
4537	-116.6115	-116.6115	-93.8242	0.8046	69.0348	0.5938	1.6e-04	0.4821
4538	-116.5901	-116.5901	-94.9810	0.8147	67.4082	0.5798	1.6e-04	0.4825
4539	-116.5751	-116.5751	-95.4218	0.8185	66.7537	0.5743	1.6e-04	0.4824
4540	-116.6125	-116.6125	-92.8471	0.7962	70.1699	0.6036	1.6e-04	0.4819
4541	-116.6058	-116.6058	-93.2069	0.7993	69.8424	0.6008	1.6e-04	0.4825
4542	-116.5732	-116.5732	-94.9999	0.8149	67.3376	0.5793	1.6e-04	0.4821
4543	-116.5897	-116.5897	-95.5580	0.8196	66.5989	0.5729	1.6e-04	0.4834
4544	-116.5872	-116.5872	-95.3074	0.8175	66.9173	0.5757	1.6e-04	0.4818
4545	-116.5834	-116.5834	-95.4977	0.8191	66.6669	0.5735	1.6e-04	0.4828
4546	-116.6263	-116.6263	-94.5964	0.8111	67.9881	0.5848	1.6e-04	0.4827
4547	-116.6020	-116.6020	-94.6757	0.8120	67.8498	0.5837	1.6e-04	0.4825
4548	-116.5809	-116.5809	-94.3924	0.8097	68.2129	0.5868	1.6e-04	0.4825
4549	-116.5803	-116.5803	-94.7235	0.8125	67.7515	0.5829	1.6e-04	0.4835
4550	-116.5900	-116.5900	-94.5964	0.8114	67.9475	0.5845	1.6e-04	0.4820
4551	-116.5859	-116.5859	-94.9508	0.8144	67.2714	0.5789	1.6e-04	0.4827
4552	-116.6031	-116.6031	-93.9504	0.8057	68.8438	0.5922	1.6e-04	0.4817
4553	-116.5853	-116.5853	-95.1354	0.8160	67.1588	0.5777	1.6e-04	0.4823
4554	-116.5933	-116.5933	-94.0693	0.8068	68.6570	0.5906	1.6e-04	0.4824
4555	-116.6137	-116.6137	-94.3330	0.8089	68.2528	0.5871	1.6e-04	0.4829
4556	-116.6102	-116.6102	-95.2287	0.8166	67.0749	0.5769	1.6e-04	0.4820
4557	-116.5872	-116.5872	-92.7446	0.7955	70.4044	0.6059	1.6e-04	0.4827
4558	-116.5878	-116.5878	-94.0082	0.8063	68.7388	0.5914	1.6e-04	0.4810
4559	-116.5879	-116.5879	-93.3073	0.8003	69.6851	0.5995	1.6e-04	0.4826
4560	-116.5978	-116.5978	-94.1976	0.8079	68.4994	0.5893	1.6e-04	0.4820
4561	-116.5938	-116.5938	-93.8416	0.8049	68.9832	0.5935	1.6e-04	0.4827
4562	-116.5868	-116.5868	-94.6786	0.8121	67.8247	0.5835	1.6e-04	0.4817
4563	-116.5789	-116.5789	-95.1375	0.8161	67.1685	0.5779	1.6e-04	0.4828
4564	-116.5834	-116.5834	-94.8107	0.8132	67.6312	0.5819	1.6e-04	0.4823
4565	-116.5876	-116.5876	-93.6886	0.8036	69.1353	0.5948	1.6e-04	0.4822
4566	-116.6120	-116.6120	-93.8095	0.8045	69.0294	0.5938	1.6e-04	0.4818
4567	-116.6302	-116.6302	-93.8831	0.8050	68.9691	0.5933	1.6e-04	0.4814
4568	-116.5963	-116.5963	-94.4580	0.8101	68.1439	0.5862	1.6e-04	0.4807
4569	-116.5847	-116.5847	-93.8364	0.8049	68.9461	0.5931	1.6e-04	0.4815
4570	-116.6055	-116.6055	-94.1863	0.8077	68.5072	0.5894	1.6e-04	0.4814
4571	-116.5925	-116.5925	-94.8378	0.8134	67.5980	0.5816	1.6e-04	0.4812
4572	-116.6156	-116.6156	-95.4750	0.8187	66.7266	0.5741	1.6e-04	0.4805
4573	-116.5872	-116.5872	-95.2939	0.8174	66.8962	0.5755	1.6e-04	0.4811
4574	-116.6049	-116.6049	-95.1569	0.8161	67.1180	0.5774	1.6e-04	0.4812
4575	-116.5942	-116.5942	-94.9436	0.8143	67.3299	0.5793	1.6e-04	0.4810
4576	-116.5774	-116.5774	-95.4871	0.8191	66.6933	0.5737	1.6e-04	0.4811
4577	-116.6020	-116.6020	-95.6569	0.8204	66.4710	0.5717	1.6e-04	0.4811
4578	-116.5960	-116.5960	-94.1122	0.8072	68.6136	0.5903	1.6e-04	0.4813
4579	-116.5857	-116.5857	-94.6473	0.8118	67.8544	0.5838	1.6e-04	0.4810
4580	-116.6010	-116.6010	-94.6516	0.8118	67.8637	0.5838	1.6e-04	0.4804
4581	-116.5803	-116.5803	-94.1759	0.8078	68.5151	0.5894	1.6e-04	0.4809
4582	-116.5909	-116.5909	-93.9000	0.8054	68.8504	0.5924	1.6e-04	0.4807
4583	-116.6018	-116.6018	-93.0320	0.7979	70.0532	0.6027	1.6e-04	0.4816
4584	-116.5962	-116.5962	-95.6957	0.8207	66.4065	0.5713	1.6e-04	0.4805
4585	-116.6000	-116.6000	-96.1036	0.8242	65.7526	0.5656	1.6e-04	0.4815
4586	-116.5941	-116.5941	-94.1682	0.8077	68.5436	0.5896	1.6e-04	0.4815
4587	-116.6047	-116.6047	-94.1751	0.8076	68.5431	0.5896	1.6e-04	0.4812
4588	-116.5789	-116.5789	-93.9716	0.8061	68.7451	0.5915	1.6e-04	0.4807
4589	-116.5904	-116.5904	-93.3298	0.8005	69.6667	0.5993	1.6e-04	0.4813
4590	-116.6051	-116.6051	-94.2308	0.8081	68.4642	0.5890	1.6e-04	0.4808
4591	-116.6004	-116.6004	-95.4151	0.8183	66.7100	0.5739	1.6e-04	0.4813
4592	-116.5913	-116.5913	-94.3585	0.8093	68.2528	0.5873	1.6e-04	0.4809
4593	-116.5981	-116.5981	-93.9306	0.8056	68.8529	0.5924	1.6e-04	0.4818
4594	-116.5934	-116.5934	-94.4956	0.8105	68.0828	0.5857	1.6e-04	0.4805
4595	-116.5889	-116.5889	-93.8876	0.8053	68.9044	0.5928	1.6e-04	0.4814
4596	-116.5872	-116.5872	-94.4299	0.8100	68.1611	0.5864	1.6e-04	0.4807
4597	-116.6034	-116.6034	-94.4022	0.8096	68.2375	0.5870	1.6e-04	0.4813
4598	-116.5800	-116.5800	-96.7223	0.8297	64.8370	0.5577	1.6e-04	0.4807
4599	-116.5938	-116.5938	-94.4546	0.8101	68.0863	0.5857	1.6e-04	0.4816
4600	-116.6050	-116.6050	-93.5965	0.8027	69.2977	0.5962	1.6e-04	0.4807
4601	-116.6039	-116.6039	-93.3697	0.8007	69.6189	0.5989	1.6e-04	0.4811
4602	-116.5935	-116.5935	-96.2824	0.8258	65.5270	0.5637	1.6e-04	0.4808
4603	-116.6090	-116.6090	-94.4349	0.8098	68.1770	0.5866	1.6e-04	0.4813
4604	-116.5829	-116.5829	-94.2845	0.8087	68.3576	0.5882	1.6e-04	0.4807
4605	-116.6030	-116.6030	-94.5445	0.8108	68.0226	0.5852	1.6e-04	0.4814
4606	-116.6141	-116.6141	-93.3745	0.8007	69.6187	0.5989	1.6e-04	0.4808
4607	-116.5880	-116.5880	-95.0780	0.8155	67.2538	0.5787	1.6e-04	0.4812
4608	-116.5904	-116.5904	-94.7721	0.8129	67.6976	0.5824	1.6e-04	0.4808
4609	-116.5911	-116.5911	-94.8046	0.8131	67.6533	0.5821	1.6e-04	0.4813
4610	-116.5875	-116.5875	-95.7682	0.8214	66.2348	0.5698	1.6e-04	0.4806
4611	-116.6033	-116.6033	-96.2865	0.8258	65.5610	0.5640	1.6e-04	0.4813
4612	-116.6014	-116.6014	-94.2531	0.8083	68.3977	0.5884	1.6e-04	0.4806
4613	-116.5977	-116.5977	-95.1124	0.8157	67.2462	0.5784	1.6e-04	0.4818
4614	-116.6049	-116.6049	-91.7136	0.7865	71.7863	0.6175	1.6e-04	0.4806
4615	-116.6062	-116.6062	-93.3453	0.8005	69.6685	0.5993	1.6e-04	0.4814
4616	-116.5742	-116.5742	-94.5679	0.8112	67.9741	0.5847	1.6e-04	0.4809
4617	-116.6169	-116.6169	-92.0092	0.7890	71.4278	0.6144	1.6e-04	0.4814
4618	-116.5997	-116.5997	-92.6121	0.7943	70.6075	0.6073	1.6e-04	0.4805
4619	-116.5894	-116.5894	-94.7706	0.8129	67.6799	0.5822	1.6e-04	0.4814
4620	-116.5978	-116.5978	-94.9689	0.8145	67.3683	0.5796	1.6e-04	0.4810
4621	-116.5742	-116.5742	-95.1845	0.8165	67.0789	0.5772	1.6e-04	0.4813
4622	-116.5746	-116.5746	-94.8950	0.8140	67.5013	0.5808	1.6e-04	0.4806
4623	-116.6030	-116.6030	-93.3673	0.8007	69.5955	0.5987	1.6e-04	0.4812
4624	-116.6006	-116.6006	-94.8797	0.8137	67.5447	0.5812	1.6e-04	0.4808
4625	-116.6071	-116.6071	-93.5747	0.8025	69.3583	0.5967	1.6e-04	0.4815
4626	-116.5909	-116.5909	-94.6700	0.8120	67.8418	0.5837	1.6e-04	0.4806
4627	-116.5953	-116.5953	-95.7721	0.8214	66.2850	0.5703	1.6e-04	0.4812
4628	-116.5924	-116.5924	-93.4872	0.8018	69.4471	0.5976	1.6e-04	0.4806
4629	-116.6008	-116.6008	-93.5542	0.8023	69.3795	0.5968	1.6e-04	0.4819
4630	-116.5999	-116.5999	-93.8316	0.8047	69.0084	0.5936	1.6e-04	0.4812
4631	-116.6003	-116.6003	-95.3498	0.8177	66.8747	0.5753	1.6e-04	0.4814
4632	-116.6030	-116.6030	-93.9758	0.8059	68.7756	0.5917	1.6e-04	0.4812
4633	-116.6198	-116.6198	-93.6487	0.8030	69.2743	0.5959	1.6e-04	0.4819
4634	-116.5843	-116.5843	-95.0065	0.8149	67.3669	0.5795	1.6e-04	0.4809
4635	-116.5933	-116.5933	-95.2057	0.8166	67.1069	0.5773	1.6e-04	0.4814
4636	-116.6287	-116.6287	-93.1491	0.7987	69.9135	0.6014	1.6e-04	0.4812
4637	-116.6095	-116.6095	-95.9799	0.8231	66.0177	0.5679	1.6e-04	0.4813
4638	-116.5939	-116.5939	-95.0459	0.8152	67.3138	0.5792	1.6e-04	0.4809
4639	-116.6006	-116.6006	-94.1663	0.8076	68.5494	0.5897	1.6e-04	0.4819
4640	-116.5888	-116.5888	-94.7739	0.8129	67.6474	0.5821	1.6e-04	0.4812
4641	-116.6055	-116.6055	-95.6802	0.8205	66.4488	0.5716	1.6e-04	0.4811
4642	-116.5950	-116.5950	-95.5797	0.8198	66.5848	0.5727	1.6e-04	0.4806
4643	-116.5936	-116.5936	-94.9771	0.8146	67.3733	0.5796	1.6e-04	0.4815
4644	-116.5947	-116.5947	-94.0495	0.8066	68.6711	0.5908	1.6e-04	0.4808
4645	-116.5743	-116.5743	-96.2598	0.8257	65.5267	0.5637	1.6e-04	0.4817
4646	-116.5764	-116.5764	-94.4957	0.8106	68.0549	0.5856	1.6e-04	0.4807
4647	-116.5955	-116.5955	-96.0179	0.8235	65.8968	0.5669	1.6e-04	0.4816
4648	-116.6164	-116.6164	-93.7160	0.8036	69.1572	0.5951	1.6e-04	0.4808
4649	-116.6110	-116.6110	-95.9513	0.8228	66.0405	0.5681	1.6e-04	0.4819
4650	-116.5985	-116.5985	-96.4036	0.8268	65.3784	0.5624	1.6e-04	0.4806
4651	-116.5985	-116.5985	-96.0389	0.8237	65.8000	0.5660	1.6e-04	0.4814
4652	-116.6132	-116.6132	-95.8889	0.8223	66.1225	0.5688	1.6e-04	0.4807
4653	-116.5811	-116.5811	-97.2906	0.8345	64.0316	0.5508	1.6e-04	0.4815
4654	-116.6023	-116.6023	-94.3973	0.8096	68.2169	0.5869	1.6e-04	0.4808
4655	-116.5862	-116.5862	-94.7912	0.8131	67.6531	0.5822	1.6e-04	0.4814
4656	-116.6095	-116.6095	-94.8904	0.8137	67.5466	0.5812	1.6e-04	0.4806
4657	-116.5891	-116.5891	-95.0811	0.8155	67.2483	0.5787	1.6e-04	0.4820
4658	-116.6016	-116.6016	-95.0150	0.8149	67.3394	0.5793	1.6e-04	0.4813
4659	-116.6041	-116.6041	-93.9593	0.8058	68.7494	0.5915	1.6e-04	0.4818
4660	-116.5819	-116.5819	-95.0601	0.8154	67.2518	0.5786	1.6e-04	0.4813
4661	-116.5906	-116.5906	-95.1376	0.8160	67.1680	0.5778	1.6e-04	0.4820
4662	-116.5925	-116.5925	-94.9640	0.8145	67.3981	0.5799	1.6e-04	0.4813
4663	-116.6098	-116.6098	-93.4597	0.8015	69.5021	0.5980	1.6e-04	0.4818
4664	-116.6111	-116.6111	-95.3251	0.8175	66.9501	0.5759	1.6e-04	0.4813
4665	-116.5988	-116.5988	-94.5050	0.8105	68.0779	0.5856	1.6e-04	0.4822
4666	-116.5997	-116.5997	-94.5738	0.8111	67.9767	0.5849	1.6e-04	0.4814
4667	-116.6051	-116.6051	-95.3115	0.8174	66.9698	0.5761	1.6e-04	0.4822
4668	-116.5971	-116.5971	-95.5720	0.8197	66.5768	0.5727	1.6e-04	0.4812
4669	-116.5945	-116.5945	-95.3991	0.8182	66.8308	0.5749	1.6e-04	0.4818
4670	-116.5745	-116.5745	-96.6198	0.8288	65.0188	0.5594	1.6e-04	0.4810
4671	-116.5858	-116.5858	-95.7142	0.8210	66.3523	0.5709	1.6e-04	0.4819
4672	-116.6126	-116.6126	-95.3797	0.8179	66.8540	0.5751	1.6e-04	0.4817
4673	-116.6025	-116.6025	-94.9900	0.8146	67.4172	0.5799	1.6e-04	0.4821
4674	-116.5940	-116.5940	-94.6990	0.8122	67.8000	0.5834	1.6e-04	0.4815
4675	-116.6095	-116.6095	-94.9548	0.8143	67.4646	0.5803	1.6e-04	0.4819
4676	-116.5804	-116.5804	-96.9910	0.8320	64.4636	0.5547	1.6e-04	0.4824
4677	-116.5847	-116.5847	-95.0438	0.8152	67.2392	0.5786	1.5e-04	0.4823
4678	-116.5789	-116.5789	-96.8612	0.8309	64.6282	0.5561	1.5e-04	0.4816
4679	-116.5769	-116.5769	-94.9774	0.8147	67.3960	0.5799	1.5e-04	0.4821
4680	-116.6063	-116.6063	-93.6951	0.8035	69.1688	0.5950	1.5e-04	0.4815
4681	-116.5962	-116.5962	-96.1565	0.8247	65.6567	0.5649	1.5e-04	0.4823
4682	-116.5859	-116.5859	-95.4381	0.8186	66.7523	0.5744	1.5e-04	0.4819
4683	-116.6015	-116.6015	-94.5642	0.8110	67.9446	0.5845	1.5e-04	0.4827
4684	-116.5993	-116.5993	-92.1877	0.7906	71.1666	0.6122	1.5e-04	0.4814
4685	-116.6068	-116.6068	-94.9768	0.8145	67.4164	0.5801	1.5e-04	0.4824
4686	-116.5907	-116.5907	-95.8293	0.8219	66.2174	0.5695	1.5e-04	0.4821
4687	-116.6043	-116.6043	-94.1974	0.8078	68.4338	0.5887	1.5e-04	0.4830
4688	-116.6081	-116.6081	-94.2588	0.8083	68.4253	0.5886	1.5e-04	0.4818
4689	-116.5771	-116.5771	-94.7695	0.8129	67.6692	0.5822	1.5e-04	0.4824
4690	-116.6068	-116.6068	-94.5175	0.8106	68.0680	0.5855	1.5e-04	0.4815
4691	-116.5968	-116.5968	-93.7704	0.8042	69.0551	0.5941	1.5e-04	0.4823
4692	-116.5915	-116.5915	-94.6540	0.8118	67.8626	0.5839	1.5e-04	0.4818
4693	-116.5961	-116.5961	-94.4981	0.8105	68.0914	0.5858	1.5e-04	0.4824
4694	-116.6127	-116.6127	-95.4262	0.8183	66.7953	0.5746	1.5e-04	0.4819
4695	-116.6022	-116.6022	-94.7735	0.8128	67.6955	0.5824	1.5e-04	0.4825
4696	-116.5968	-116.5968	-95.5575	0.8196	66.6176	0.5730	1.5e-04	0.4820
4697	-116.5777	-116.5777	-96.5234	0.8280	65.0720	0.5599	1.5e-04	0.4823
4698	-116.6125	-116.6125	-95.0536	0.8151	67.3017	0.5789	1.5e-04	0.4813
4699	-116.5654	-116.5654	-95.8252	0.8221	66.1460	0.5692	1.5e-04	0.4824
4700	-116.6023	-116.6023	-94.1336	0.8073	68.5794	0.5901	1.5e-04	0.4821
4701	-116.5809	-116.5809	-94.5545	0.8111	67.9765	0.5849	1.5e-04	0.4827
4702	-116.5993	-116.5993	-94.6901	0.8121	67.8330	0.5835	1.5e-04	0.4822
4703	-116.6091	-116.6091	-94.7545	0.8126	67.7408	0.5828	1.5e-04	0.4825
4704	-116.5976	-116.5976	-94.4252	0.8098	68.1780	0.5866	1.5e-04	0.4817
4705	-116.6089	-116.6089	-93.4772	0.8016	69.4786	0.5977	1.5e-04	0.4825
4706	-116.5905	-116.5905	-95.8429	0.8220	66.1614	0.5693	1.5e-04	0.4825
4707	-116.5810	-116.5810	-97.4596	0.8360	63.7389	0.5484	1.5e-04	0.4825
4708	-116.5973	-116.5973	-96.1214	0.8244	65.8047	0.5660	1.5e-04	0.4817
4709	-116.6087	-116.6087	-95.6864	0.8206	66.4390	0.5715	1.5e-04	0.4822
4710	-116.6046	-116.6046	-95.2581	0.8169	66.9969	0.5763	1.5e-04	0.4822
4711	-116.6077	-116.6077	-96.3687	0.8264	65.4128	0.5627	1.5e-04	0.4829
4712	-116.5887	-116.5887	-93.7080	0.8037	69.1695	0.5950	1.5e-04	0.4819
4713	-116.5871	-116.5871	-95.8935	0.8225	66.0802	0.5686	1.5e-04	0.4825
4714	-116.6077	-116.6077	-93.5839	0.8026	69.3630	0.5966	1.5e-04	0.4819
4715	-116.6010	-116.6010	-94.6479	0.8117	67.8837	0.5839	1.5e-04	0.4829
4716	-116.5886	-116.5886	-96.7357	0.8297	64.8984	0.5582	1.5e-04	0.4823
4717	-116.5899	-116.5899	-97.2734	0.8343	64.0693	0.5512	1.5e-04	0.4832
4718	-116.5906	-116.5906	-96.3034	0.8260	65.5148	0.5637	1.5e-04	0.4814
4719	-116.6184	-116.6184	-93.5766	0.8024	69.3412	0.5965	1.5e-04	0.4826
4720	-116.6024	-116.6024	-96.6861	0.8292	64.9777	0.5590	1.5e-04	0.4817
4721	-116.5871	-116.5871	-95.9000	0.8226	66.0859	0.5686	1.5e-04	0.4828
4722	-116.5994	-116.5994	-94.6308	0.8116	67.9176	0.5842	1.5e-04	0.4817
4723	-116.5977	-116.5977	-94.0063	0.8062	68.7527	0.5915	1.5e-04	0.4834
4724	-116.6097	-116.6097	-95.9501	0.8228	66.0041	0.5678	1.5e-04	0.4822
4725	-116.6030	-116.6030	-96.3604	0.8264	65.4219	0.5628	1.5e-04	0.4827
4726	-116.6027	-116.6027	-95.6874	0.8206	66.4249	0.5715	1.5e-04	0.4822
4727	-116.6033	-116.6033	-95.2923	0.8172	66.9616	0.5760	1.5e-04	0.4833
4728	-116.5926	-116.5926	-94.5093	0.8106	68.0534	0.5855	1.5e-04	0.4819
4729	-116.6129	-116.6129	-92.6827	0.7948	70.4700	0.6064	1.5e-04	0.4829
4730	-116.6075	-116.6075	-93.3727	0.8007	69.6354	0.5990	1.5e-04	0.4824
4731	-116.6023	-116.6023	-95.9192	0.8226	66.1003	0.5686	1.5e-04	0.4825
4732	-116.5834	-116.5834	-95.9790	0.8233	65.9798	0.5676	1.5e-04	0.4829
4733	-116.5990	-116.5990	-93.9476	0.8057	68.8168	0.5921	1.5e-04	0.4840
4734	-116.6033	-116.6033	-94.5668	0.8110	67.9837	0.5848	1.5e-04	0.4820
4735	-116.5882	-116.5882	-96.8580	0.8308	64.6847	0.5566	1.5e-04	0.4827
4736	-116.5986	-116.5986	-94.8511	0.8135	67.6061	0.5816	1.5e-04	0.4824
4737	-116.5967	-116.5967	-94.4918	0.8104	68.0929	0.5858	1.5e-04	0.4834
4738	-116.5971	-116.5971	-95.4505	0.8186	66.7208	0.5741	1.5e-04	0.4827
4739	-116.5959	-116.5959	-96.2030	0.8251	65.6769	0.5650	1.5e-04	0.4831
4740	-116.5953	-116.5953	-94.8848	0.8138	67.5367	0.5810	1.5e-04	0.4827
4741	-116.6008	-116.6008	-96.7366	0.8296	64.8905	0.5583	1.5e-04	0.4832
4742	-116.6010	-116.6010	-94.1816	0.8077	68.4946	0.5894	1.5e-04	0.4828
4743	-116.6076	-116.6076	-94.5904	0.8112	67.9811	0.5848	1.5e-04	0.4835
4744	-116.5902	-116.5902	-95.3822	0.8181	66.8329	0.5750	1.5e-04	0.4831
4745	-116.6217	-116.6217	-94.2673	0.8083	68.4280	0.5887	1.5e-04	0.4830
4746	-116.5918	-116.5918	-95.8411	0.8220	66.1869	0.5694	1.5e-04	0.4827
4747	-116.5994	-116.5994	-94.3206	0.8089	68.3325	0.5878	1.5e-04	0.4829
4748	-116.5894	-116.5894	-94.7918	0.8130	67.6032	0.5815	1.5e-04	0.4822
4749	-116.6039	-116.6039	-95.5417	0.8194	66.6242	0.5731	1.5e-04	0.4824
4750	-116.5929	-116.5929	-95.8684	0.8222	66.1208	0.5688	1.5e-04	0.4818
4751	-116.6066	-116.6066	-94.2939	0.8086	68.3788	0.5883	1.5e-04	0.4826
4752	-116.6147	-116.6147	-94.9842	0.8145	67.4098	0.5799	1.5e-04	0.4826
4753	-116.6102	-116.6102	-96.5215	0.8277	65.1583	0.5606	1.5e-04	0.4830
4754	-116.5842	-116.5842	-94.8469	0.8135	67.5820	0.5815	1.5e-04	0.4825
4755	-116.5967	-116.5967	-94.8814	0.8138	67.5356	0.5810	1.5e-04	0.4830
4756	-116.6242	-116.6242	-93.9750	0.8058	68.8187	0.5920	1.5e-04	0.4825
4757	-116.5969	-116.5969	-96.1579	0.8247	65.7352	0.5656	1.5e-04	0.4832
4758	-116.6140	-116.6140	-95.6079	0.8199	66.5506	0.5725	1.5e-04	0.4827
4759	-116.5963	-116.5963	-95.4497	0.8186	66.7607	0.5743	1.5e-04	0.4825
4760	-116.6056	-116.6056	-94.6208	0.8115	67.9188	0.5842	1.5e-04	0.4814
4761	-116.6137	-116.6137	-95.8794	0.8222	66.1768	0.5692	1.5e-04	0.4829
4762	-116.5941	-116.5941	-95.0145	0.8149	67.3672	0.5796	1.5e-04	0.4819
4763	-116.6140	-116.6140	-95.0111	0.8147	67.3956	0.5797	1.5e-04	0.4826
4764	-116.6080	-116.6080	-95.0911	0.8155	67.2461	0.5785	1.5e-04	0.4812
4765	-116.6114	-116.6114	-93.3254	0.8003	69.6744	0.5995	1.5e-04	0.4816
4766	-116.5965	-116.5965	-95.3785	0.8180	66.8591	0.5752	1.5e-04	0.4804
4767	-116.6005	-116.6005	-95.4060	0.8182	66.8380	0.5749	1.5e-04	0.4825
4768	-116.6095	-116.6095	-94.8734	0.8136	67.5213	0.5809	1.5e-04	0.4805
4769	-116.6221	-116.6221	-95.7391	0.8209	66.2945	0.5702	1.5e-04	0.4821
4770	-116.6047	-116.6047	-95.0380	0.8150	67.3420	0.5794	1.5e-04	0.4816
4771	-116.6063	-116.6063	-94.7201	0.8123	67.7626	0.5830	1.5e-04	0.4811
4772	-116.6102	-116.6102	-93.2230	0.7994	69.7949	0.6004	1.5e-04	0.4810
4773	-116.6231	-116.6231	-93.0000	0.7974	70.1132	0.6032	1.5e-04	0.4811
4774	-116.6062	-116.6062	-95.2266	0.8167	67.0000	0.5765	1.5e-04	0.4810
4775	-116.6144	-116.6144	-94.6045	0.8113	67.9565	0.5847	1.5e-04	0.4820
4776	-116.6005	-116.6005	-92.8236	0.7961	70.3423	0.6051	1.5e-04	0.4810
4777	-116.5756	-116.5756	-95.9559	0.8231	65.9858	0.5678	1.5e-04	0.4814
4778	-116.6066	-116.6066	-93.0539	0.7980	70.0429	0.6026	1.5e-04	0.4808
4779	-116.6096	-116.6096	-94.5525	0.8108	67.9852	0.5849	1.5e-04	0.4815
4780	-116.5880	-116.5880	-93.7436	0.8041	69.0604	0.5941	1.5e-04	0.4810
4781	-116.6142	-116.6142	-94.1699	0.8075	68.5292	0.5895	1.5e-04	0.4821
4782	-116.5849	-116.5849	-96.2091	0.8252	65.6449	0.5647	1.5e-04	0.4808
4783	-116.6031	-116.6031	-94.3860	0.8095	68.2557	0.5872	1.5e-04	0.4813
4784	-116.5905	-116.5905	-95.0799	0.8155	67.2644	0.5787	1.5e-04	0.4807
4785	-116.6111	-116.6111	-93.4824	0.8017	69.4706	0.5976	1.5e-04	0.4813
4786	-116.6042	-116.6042	-95.0068	0.8148	67.3736	0.5797	1.5e-04	0.4807
4787	-116.5959	-116.5959	-94.4565	0.8101	68.1430	0.5862	1.5e-04	0.4814
4788	-116.5946	-116.5946	-94.7284	0.8125	67.7592	0.5830	1.5e-04	0.4808
4789	-116.5792	-116.5792	-95.4531	0.8188	66.7119	0.5741	1.5e-04	0.4814
4790	-116.5843	-116.5843	-96.3337	0.8263	65.4169	0.5629	1.5e-04	0.4806
4791	-116.6112	-116.6112	-94.3989	0.8095	68.2479	0.5870	1.5e-04	0.4813
4792	-116.5954	-116.5954	-95.6754	0.8206	66.3580	0.5710	1.5e-04	0.4805
4793	-116.6211	-116.6211	-94.5290	0.8106	68.0716	0.5856	1.5e-04	0.4815
4794	-116.6065	-116.6065	-95.8497	0.8220	66.1703	0.5693	1.5e-04	0.4806
4795	-116.5848	-116.5848	-95.5136	0.8193	66.5790	0.5729	1.5e-04	0.4814
4796	-116.6136	-116.6136	-96.0024	0.8233	65.9817	0.5677	1.5e-04	0.4808
4797	-116.5956	-116.5956	-94.1658	0.8076	68.5240	0.5895	1.5e-04	0.4813
4798	-116.6018	-116.6018	-94.1082	0.8071	68.6103	0.5904	1.5e-04	0.4811
4799	-116.6055	-116.6055	-93.7642	0.8041	69.0983	0.5945	1.5e-04	0.4812
4800	-116.5971	-116.5971	-95.7556	0.8213	66.2994	0.5704	1.5e-04	0.4809
4801	-116.6053	-116.6053	-95.8552	0.8220	66.1721	0.5693	1.5e-04	0.4812
4802	-116.5934	-116.5934	-95.6005	0.8199	66.5325	0.5723	1.5e-04	0.4806
4803	-116.5917	-116.5917	-95.8173	0.8218	66.2213	0.5697	1.5e-04	0.4815
4804	-116.6209	-116.6209	-94.3153	0.8087	68.3507	0.5881	1.5e-04	0.4807
4805	-116.6025	-116.6025	-95.8230	0.8218	66.2391	0.5698	1.5e-04	0.4813
4806	-116.5977	-116.5977	-94.3352	0.8091	68.2075	0.5868	1.5e-04	0.4808
4807	-116.6156	-116.6156	-94.5303	0.8106	68.0608	0.5855	1.5e-04	0.4816
4808	-116.5990	-116.5990	-95.2353	0.8168	67.0512	0.5769	1.5e-04	0.4807
4809	-116.5921	-116.5921	-94.9419	0.8143	67.4195	0.5801	1.5e-04	0.4811
4810	-116.6148	-116.6148	-94.2184	0.8079	68.4740	0.5892	1.5e-04	0.4807
4811	-116.6002	-116.6002	-94.2853	0.8086	68.3663	0.5881	1.5e-04	0.4812
4812	-116.5820	-116.5820	-94.8424	0.8135	67.6029	0.5815	1.5e-04	0.4804
4813	-116.5978	-116.5978	-93.4869	0.8018	69.4549	0.5976	1.5e-04	0.4814
4814	-116.5913	-116.5913	-95.3326	0.8177	66.8808	0.5755	1.5e-04	0.4811
4815	-116.6088	-116.6088	-94.4806	0.8102	68.0879	0.5859	1.5e-04	0.4812
4816	-116.6050	-116.6050	-93.7590	0.8041	69.0455	0.5941	1.5e-04	0.4808
4817	-116.6044	-116.6044	-95.3537	0.8178	66.8936	0.5755	1.5e-04	0.4821
4818	-116.6012	-116.6012	-94.2701	0.8085	68.4222	0.5885	1.5e-04	0.4809
4819	-116.6004	-116.6004	-94.0001	0.8062	68.7622	0.5916	1.5e-04	0.4815
4820	-116.5934	-116.5934	-94.1058	0.8071	68.6136	0.5904	1.5e-04	0.4807
4821	-116.6004	-116.6004	-94.4627	0.8101	68.0603	0.5857	1.5e-04	0.4817
4822	-116.6131	-116.6131	-94.0755	0.8067	68.6765	0.5907	1.5e-04	0.4807
4823	-116.6221	-116.6221	-94.4197	0.8096	68.1977	0.5868	1.5e-04	0.4815
4824	-116.6130	-116.6130	-94.3741	0.8093	68.2626	0.5872	1.5e-04	0.4810
4825	-116.5858	-116.5858	-94.9783	0.8147	67.4059	0.5799	1.5e-04	0.4813
4826	-116.5925	-116.5925	-94.5637	0.8111	67.9863	0.5849	1.5e-04	0.4813
4827	-116.5914	-116.5914	-94.9592	0.8145	67.4257	0.5802	1.5e-04	0.4819
4828	-116.6214	-116.6214	-94.0447	0.8064	68.7283	0.5913	1.5e-04	0.4808
4829	-116.5826	-116.5826	-95.5834	0.8199	66.5166	0.5723	1.5e-04	0.4813
4830	-116.6017	-116.6017	-94.9852	0.8146	67.4120	0.5800	1.5e-04	0.4809
4831	-116.6016	-116.6016	-94.0826	0.8069	68.6574	0.5907	1.5e-04	0.4815
4832	-116.5953	-116.5953	-93.6510	0.8032	69.2370	0.5956	1.5e-04	0.4807
4833	-116.6061	-116.6061	-95.2260	0.8166	67.0073	0.5765	1.5e-04	0.4815
4834	-116.6008	-116.6008	-94.3512	0.8092	68.2993	0.5876	1.5e-04	0.4807
4835	-116.6142	-116.6142	-93.8733	0.8050	68.9334	0.5931	1.5e-04	0.4815
4836	-116.6055	-116.6055	-93.6817	0.8034	69.2064	0.5954	1.5e-04	0.4806
4837	-116.5848	-116.5848	-94.4573	0.8102	68.1330	0.5861	1.5e-04	0.4814
4838	-116.6054	-116.6054	-94.3252	0.8089	68.2482	0.5871	1.5e-04	0.4810
4839	-116.6096	-116.6096	-93.8107	0.8045	69.0121	0.5938	1.5e-04	0.4814
4840	-116.6004	-116.6004	-94.9929	0.8147	67.3928	0.5799	1.5e-04	0.4811
4841	-116.5922	-116.5922	-95.7711	0.8214	66.2906	0.5703	1.5e-04	0.4814
4842	-116.5926	-116.5926	-93.4818	0.8018	69.4560	0.5975	1.5e-04	0.4813
4843	-116.5924	-116.5924	-94.4567	0.8101	68.0545	0.5855	1.5e-04	0.4814
4844	-116.6149	-116.6149	-93.7443	0.8039	69.1391	0.5948	1.5e-04	0.4812
4845	-116.6197	-116.6197	-95.2334	0.8166	67.0658	0.5771	1.5e-04	0.4813
4846	-116.5994	-116.5994	-95.1008	0.8156	67.2109	0.5783	1.5e-04	0.4808
4847	-116.5859	-116.5859	-95.5821	0.8198	66.5538	0.5726	1.5e-04	0.4814
4848	-116.6151	-116.6151	-93.7468	0.8039	69.0388	0.5940	1.5e-04	0.4808
4849	-116.5979	-116.5979	-94.5825	0.8112	67.8864	0.5840	1.5e-04	0.4812
4850	-116.5929	-116.5929	-95.9414	0.8229	65.9850	0.5677	1.5e-04	0.4811
4851	-116.5879	-116.5879	-97.3673	0.8351	63.9380	0.5500	1.5e-04	0.4817
4852	-116.5917	-116.5917	-94.5527	0.8110	67.9634	0.5848	1.5e-04	0.4816
4853	-116.6119	-116.6119	-96.0157	0.8234	65.9577	0.5674	1.5e-04	0.4821
4854	-116.6166	-116.6166	-94.7528	0.8125	67.7444	0.5828	1.5e-04	0.4820
4855	-116.6004	-116.6004	-94.3714	0.8094	68.2595	0.5873	1.5e-04	0.4822
4856	-116.5947	-116.5947	-95.2802	0.8172	66.9995	0.5763	1.5e-04	0.4814
4857	-116.6090	-116.6090	-95.0765	0.8153	67.2376	0.5785	1.5e-04	0.4822
4858	-116.5897	-116.5897	-95.5153	0.8192	66.6103	0.5732	1.5e-04	0.4816
4859	-116.6022	-116.6022	-94.3465	0.8091	68.2680	0.5874	1.5e-04	0.4821
4860	-116.5930	-116.5930	-96.8688	0.8308	64.6798	0.5565	1.5e-04	0.4816
4861	-116.6128	-116.6128	-94.5400	0.8107	68.0589	0.5854	1.5e-04	0.4822
4862	-116.6116	-116.6116	-92.9395	0.7970	70.2018	0.6040	1.5e-04	0.4818
4863	-116.5794	-116.5794	-95.1410	0.8161	67.1700	0.5779	1.5e-04	0.4826
4864	-116.6055	-116.6055	-94.5975	0.8113	67.9527	0.5846	1.5e-04	0.4818
4865	-116.6113	-116.6113	-95.2118	0.8165	67.1034	0.5773	1.5e-04	0.4822
4866	-116.6138	-116.6138	-95.0427	0.8150	67.3545	0.5794	1.5e-04	0.4821
4867	-116.5988	-116.5988	-96.2502	0.8255	65.6132	0.5644	1.5e-04	0.4825
4868	-116.5906	-116.5906	-95.1431	0.8160	67.1669	0.5779	1.5e-04	0.4817
4869	-116.5956	-116.5956	-95.0165	0.8149	67.3664	0.5796	1.5e-04	0.4823
4870	-116.5900	-116.5900	-94.9571	0.8145	67.4378	0.5801	1.5e-04	0.4818
4871	-116.5919	-116.5919	-95.2946	0.8173	66.9415	0.5758	1.5e-04	0.4824
4872	-116.5929	-116.5929	-95.0126	0.8149	67.3682	0.5796	1.5e-04	0.4818
4873	-116.5968	-116.5968	-94.1507	0.8075	68.5730	0.5899	1.5e-04	0.4823
4874	-116.6002	-116.6002	-95.1177	0.8158	67.2050	0.5782	1.5e-04	0.4818
4875	-116.6062	-116.6062	-95.3451	0.8177	66.9174	0.5757	1.5e-04	0.4822
4876	-116.5853	-116.5853	-96.6629	0.8291	64.8963	0.5583	1.5e-04	0.4814
4877	-116.5834	-116.5834	-95.9001	0.8226	66.0638	0.5684	1.5e-04	0.4819
4878	-116.5727	-116.5727	-96.5562	0.8283	65.0939	0.5601	1.5e-04	0.4820
4879	-116.5955	-116.5955	-96.2537	0.8255	65.5991	0.5643	1.5e-04	0.4821
4880	-116.6040	-116.6040	-95.8696	0.8222	66.1737	0.5692	1.5e-04	0.4820
4881	-116.6022	-116.6022	-93.5433	0.8022	69.3633	0.5967	1.5e-04	0.4824
4882	-116.5994	-116.5994	-95.6613	0.8204	66.4286	0.5716	1.5e-04	0.4816
4883	-116.6274	-116.6274	-95.1134	0.8155	67.2788	0.5786	1.5e-04	0.4820
4884	-116.6091	-116.6091	-94.8055	0.8130	67.6584	0.5820	1.5e-04	0.4816
4885	-116.5975	-116.5975	-96.4964	0.8276	65.2004	0.5610	1.5e-04	0.4824
4886	-116.5843	-116.5843	-94.9918	0.8148	67.3787	0.5796	1.5e-04	0.4819
4887	-116.5965	-116.5965	-95.5323	0.8193	66.6373	0.5733	1.5e-04	0.4818
4888	-116.6017	-116.6017	-94.4675	0.8102	68.1220	0.5861	1.5e-04	0.4814
4889	-116.6083	-116.6083	-94.5396	0.8107	68.0485	0.5854	1.5e-04	0.4861
4890	-116.5904	-116.5904	-94.9755	0.8146	67.4183	0.5800	1.5e-04	0.4822
4891	-116.5879	-116.5879	-94.9317	0.8143	67.4510	0.5803	1.5e-04	0.4828
4892	-116.5878	-116.5878	-95.6344	0.8203	66.4751	0.5720	1.5e-04	0.4822
4893	-116.5851	-116.5851	-96.9334	0.8314	64.5802	0.5556	1.5e-04	0.4824
4894	-116.5861	-116.5861	-96.4015	0.8269	65.3389	0.5622	1.5e-04	0.4819
4895	-116.5922	-116.5922	-93.9045	0.8054	68.8645	0.5926	1.5e-04	0.4822
4896	-116.6224	-116.6224	-95.7840	0.8213	66.2605	0.5698	1.5e-04	0.4819
4897	-116.6014	-116.6014	-95.1024	0.8156	67.2466	0.5784	1.5e-04	0.4828
4898	-116.6271	-116.6271	-94.9467	0.8141	67.5006	0.5806	1.5e-04	0.4821
4899	-116.5857	-116.5857	-94.7160	0.8124	67.7429	0.5828	1.5e-04	0.4837
4900	-116.5934	-116.5934	-94.9542	0.8144	67.4447	0.5802	1.5e-04	0.4819
4901	-116.5807	-116.5807	-94.8363	0.8135	67.5430	0.5811	1.5e-04	0.4828
4902	-116.6179	-116.6179	-94.5311	0.8106	68.0691	0.5856	1.5e-04	0.4824
4903	-116.5849	-116.5849	-96.6843	0.8293	64.9070	0.5584	1.5e-04	0.4836
4904	-116.5855	-116.5855	-95.3073	0.8175	66.9418	0.5759	1.5e-04	0.4829
4905	-116.5970	-116.5970	-95.3221	0.8175	66.9107	0.5757	1.5e-04	0.4832
4906	-116.5958	-116.5958	-94.4240	0.8098	68.2041	0.5866	1.5e-04	0.4819
4907	-116.6063	-116.6063	-93.7263	0.8038	69.1547	0.5949	1.5e-04	0.4837
4908	-116.6094	-116.6094	-95.2219	0.8166	67.0531	0.5768	1.5e-04	0.4829
4909	-116.6046	-116.6046	-96.0522	0.8237	65.8670	0.5666	1.5e-04	0.4832
4910	-116.5842	-116.5842	-96.0201	0.8236	65.8300	0.5664	1.5e-04	0.4827
4911	-116.5860	-116.5860	-95.9619	0.8231	65.9635	0.5676	1.5e-04	0.4838
4912	-116.6017	-116.6017	-94.9787	0.8146	67.4298	0.5800	1.5e-04	0.4829
4913	-116.6117	-116.6117	-94.6773	0.8119	67.8630	0.5838	1.5e-04	0.4834
4914	-116.6177	-116.6177	-95.8521	0.8219	66.1481	0.5691	1.5e-04	0.4829
4915	-116.5842	-116.5842	-95.4482	0.8187	66.7409	0.5741	1.5e-04	0.4832
4916	-116.5942	-116.5942	-95.1440	0.8160	67.0607	0.5770	1.5e-04	0.4824
4917	-116.6273	-116.6273	-93.8273	0.8045	69.0300	0.5939	1.5e-04	0.4831
4918	-116.6063	-116.6063	-94.3766	0.8094	68.2609	0.5872	1.5e-04	0.4828
4919	-116.6025	-116.6025	-94.7409	0.8125	67.7508	0.5828	1.5e-04	0.4836
4920	-116.5968	-116.5968	-93.9655	0.8059	68.7972	0.5920	1.5e-04	0.4830
4921	-116.6070	-116.6070	-93.9070	0.8053	68.9094	0.5928	1.5e-04	0.4839
4922	-116.6079	-116.6079	-95.4009	0.8181	66.8206	0.5748	1.5e-04	0.4828
4923	-116.6119	-116.6119	-96.1850	0.8248	65.7114	0.5654	1.5e-04	0.4838
4924	-116.5962	-116.5962	-95.0461	0.8152	67.3232	0.5792	1.5e-04	0.4826
4925	-116.5806	-116.5806	-95.4004	0.8183	66.7924	0.5747	1.5e-04	0.4831
4926	-116.6003	-116.6003	-94.4803	0.8103	68.1030	0.5858	1.5e-04	0.4830
4927	-116.6125	-116.6125	-92.1651	0.7904	71.2081	0.6126	1.5e-04	0.4833
4928	-116.5990	-116.5990	-94.0925	0.8070	68.6656	0.5906	1.5e-04	0.4831
4929	-116.6037	-116.6037	-92.7214	0.7952	70.4827	0.6063	1.5e-04	0.4828
4930	-116.6215	-116.6215	-93.4722	0.8015	69.5229	0.5980	1.5e-04	0.4819
4931	-116.5814	-116.5814	-96.4367	0.8272	65.3115	0.5618	1.5e-04	0.4834
4932	-116.5864	-116.5864	-95.6145	0.8201	66.4713	0.5719	1.5e-04	0.4817
4933	-116.5887	-116.5887	-96.0985	0.8243	65.8122	0.5662	1.5e-04	0.4828
4934	-116.6178	-116.6178	-95.5389	0.8192	66.6267	0.5733	1.5e-04	0.4823
4935	-116.6095	-116.6095	-96.0193	0.8234	65.9411	0.5672	1.5e-04	0.4831
4936	-116.5844	-116.5844	-95.4598	0.8188	66.7237	0.5741	1.5e-04	0.4821
4937	-116.6080	-116.6080	-95.8133	0.8217	66.1733	0.5693	1.5e-04	0.4831
4938	-116.6037	-116.6037	-94.8726	0.8136	67.5741	0.5812	1.5e-04	0.4823
4939	-116.5942	-116.5942	-96.1315	0.8245	65.7632	0.5659	1.5e-04	0.4828
4940	-116.5882	-116.5882	-96.7093	0.8295	64.8967	0.5583	1.5e-04	0.4822
4941	-116.5865	-116.5865	-94.1830	0.8078	68.4932	0.5892	1.5e-04	0.4832
4942	-116.6188	-116.6188	-95.1618	0.8160	67.1876	0.5780	1.5e-04	0.4814
4943	-116.5912	-116.5912	-96.2322	0.8254	65.6185	0.5645	1.5e-04	0.4820
4944	-116.5939	-116.5939	-96.3493	0.8264	65.4663	0.5631	1.5e-04	0.4813
4945	-116.6135	-116.6135	-93.9733	0.8059	68.8205	0.5921	1.5e-04	0.4818
4946	-116.6083	-116.6083	-94.7110	0.8122	67.8069	0.5833	1.5e-04	0.4813
4947	-116.6014	-116.6014	-93.5411	0.8022	69.3941	0.5969	1.5e-04	0.4822
4948	-116.6003	-116.6003	-96.7099	0.8294	64.9261	0.5586	1.5e-04	0.4815
4949	-116.6073	-116.6073	-94.3521	0.8091	68.3233	0.5875	1.5e-04	0.4819
4950	-116.5932	-116.5932	-94.5693	0.8111	67.9140	0.5844	1.5e-04	0.4815
4951	-116.5940	-116.5940	-95.0025	0.8148	67.3500	0.5794	1.5e-04	0.4818
4952	-116.5971	-116.5971	-96.1731	0.8248	65.7213	0.5654	1.5e-04	0.4812
4953	-116.6023	-116.6023	-95.8609	0.8221	66.1668	0.5692	1.5e-04	0.4820
4954	-116.5787	-116.5787	-95.3956	0.8183	66.8055	0.5748	1.5e-04	0.4807
4955	-116.5926	-116.5926	-94.6119	0.8115	67.9270	0.5844	1.5e-04	0.4817
4956	-116.6020	-116.6020	-95.7329	0.8210	66.3340	0.5706	1.5e-04	0.4811
4957	-116.6147	-116.6147	-95.2725	0.8170	67.0100	0.5764	1.5e-04	0.4813
4958	-116.6265	-116.6265	-94.3301	0.8088	68.3527	0.5880	1.5e-04	0.4814
4959	-116.5876	-116.5876	-94.5763	0.8112	67.9476	0.5846	1.5e-04	0.4811
4960	-116.6016	-116.6016	-94.7707	0.8128	67.7223	0.5826	1.5e-04	0.4808
4961	-116.5796	-116.5796	-95.5065	0.8192	66.6239	0.5733	1.5e-04	0.4818
4962	-116.6016	-116.6016	-95.4206	0.8183	66.7979	0.5747	1.5e-04	0.4810
4963	-116.5783	-116.5783	-96.8422	0.8307	64.6951	0.5565	1.5e-04	0.4813
4964	-116.6035	-116.6035	-95.6069	0.8199	66.5407	0.5724	1.5e-04	0.4811
4965	-116.6164	-116.6164	-94.6225	0.8114	67.8881	0.5839	1.5e-04	0.4815
4966	-116.5966	-116.5966	-94.4776	0.8103	68.1068	0.5859	1.5e-04	0.4804
4967	-116.6106	-116.6106	-94.3142	0.8088	68.3712	0.5881	1.5e-04	0.4818
4968	-116.6158	-116.6158	-94.1305	0.8072	68.6190	0.5902	1.5e-04	0.4814
4969	-116.5982	-116.5982	-96.4700	0.8274	65.2803	0.5617	1.5e-04	0.4815
4970	-116.6022	-116.6022	-96.3320	0.8262	65.4408	0.5631	1.5e-04	0.4807
4971	-116.5965	-116.5965	-95.5559	0.8195	66.5924	0.5729	1.5e-04	0.4812
4972	-116.6005	-116.6005	-95.4032	0.8182	66.8041	0.5749	1.5e-04	0.4807
4973	-116.5880	-116.5880	-95.2969	0.8174	66.8907	0.5755	1.5e-04	0.4812
4974	-116.6151	-116.6151	-95.6164	0.8199	66.5046	0.5721	1.5e-04	0.4806
4975	-116.6042	-116.6042	-95.0990	0.8156	67.2603	0.5786	1.5e-04	0.4813
4976	-116.5972	-116.5972	-96.1499	0.8246	65.7317	0.5656	1.5e-04	0.4808
4977	-116.6104	-116.6104	-93.4833	0.8017	69.4559	0.5976	1.5e-04	0.4811
4978	-116.6058	-116.6058	-95.3712	0.8179	66.8668	0.5754	1.5e-04	0.4806
4979	-116.6093	-116.6093	-94.2337	0.8081	68.4485	0.5889	1.5e-04	0.4811
4980	-116.5996	-116.5996	-95.4376	0.8185	66.7613	0.5745	1.5e-04	0.4807
4981	-116.6105	-116.6105	-96.6198	0.8286	65.0186	0.5593	1.5e-04	0.4816
4982	-116.6076	-116.6076	-94.7879	0.8129	67.6935	0.5824	1.5e-04	0.4809
4983	-116.6059	-116.6059	-93.0599	0.7981	70.0174	0.6024	1.5e-04	0.4815
4984	-116.6001	-116.6001	-94.7117	0.8123	67.7597	0.5829	1.5e-04	0.4810
4985	-116.6200	-116.6200	-94.8086	0.8130	67.7006	0.5823	1.5e-04	0.4815
4986	-116.5876	-116.5876	-95.2830	0.8173	66.9119	0.5757	1.5e-04	0.4808
4987	-116.6041	-116.6041	-96.4930	0.8275	65.2399	0.5612	1.5e-04	0.4812
4988	-116.6065	-116.6065	-95.8409	0.8219	66.1949	0.5695	1.5e-04	0.4808
4989	-116.5757	-116.5757	-96.6555	0.8291	64.9868	0.5591	1.5e-04	0.4814
4990	-116.5932	-116.5932	-96.1013	0.8242	65.7993	0.5662	1.5e-04	0.4808
4991	-116.6320	-116.6320	-93.3344	0.8002	69.6903	0.5996	1.5e-04	0.4814
4992	-116.5967	-116.5967	-95.6322	0.8202	66.4943	0.5721	1.5e-04	0.4808
4993	-116.6096	-116.6096	-94.5609	0.8109	68.0133	0.5851	1.5e-04	0.4813
4994	-116.5746	-116.5746	-96.4839	0.8277	65.2261	0.5612	1.5e-04	0.4807
4995	-116.5992	-116.5992	-95.4226	0.8184	66.7782	0.5747	1.5e-04	0.4813
4996	-116.5880	-116.5880	-95.4805	0.8190	66.6932	0.5739	1.5e-04	0.4807
4997	-116.6117	-116.6117	-94.4539	0.8100	68.1696	0.5864	1.5e-04	0.4813
4998	-116.5917	-116.5917	-95.9289	0.8228	66.0586	0.5684	1.5e-04	0.4806
4999	-116.5924	-116.5924	-95.4070	0.8183	66.8069	0.5748	1.5e-04	0.4813
5000	-116.5982	-116.5982	-95.2786	0.8172	67.0082	0.5764	1.5e-04	0.4807
5001	-116.6009	-116.6009	-95.8482	0.8220	66.1101	0.5689	1.5e-04	0.4809
5002	-116.5909	-116.5909	-96.0757	0.8240	65.8148	0.5664	1.5e-04	0.4806
5003	-116.5960	-116.5960	-96.2062	0.8251	65.6720	0.5650	1.5e-04	0.4811
5004	-116.6123	-116.6123	-94.9513	0.8142	67.4767	0.5805	1.5e-04	0.4808
5005	-116.6148	-116.6148	-94.7032	0.8121	67.8233	0.5834	1.5e-04	0.4819
5006	-116.6159	-116.6159	-95.3381	0.8175	66.8716	0.5753	1.5e-04	0.4807
5007	-116.6037	-116.6037	-95.7366	0.8210	66.3340	0.5709	1.5e-04	0.4817
5008	-116.5948	-116.5948	-95.8830	0.8224	65.9776	0.5677	1.5e-04	0.4811
5009	-116.5848	-116.5848	-96.0641	0.8240	65.8634	0.5666	1.5e-04	0.4817
5010	-116.6001	-116.6001	-96.4794	0.8274	65.2691	0.5615	1.5e-04	0.4812
5011	-116.5949	-116.5949	-95.6871	0.8207	66.3973	0.5714	1.5e-04	0.4817
5012	-116.6038	-116.6038	-94.7317	0.8124	67.7329	0.5828	1.5e-04	0.4816
5013	-116.6096	-116.6096	-94.7107	0.8122	67.7905	0.5831	1.5e-04	0.4817
5014	-116.6091	-116.6091	-94.1609	0.8075	68.5415	0.5898	1.5e-04	0.4817
5015	-116.5872	-116.5872	-93.9349	0.8057	68.8323	0.5923	1.5e-04	0.4824
5016	-116.6053	-116.6053	-93.9390	0.8056	68.8668	0.5924	1.5e-04	0.4807
5017	-116.6028	-116.6028	-94.7879	0.8129	67.6903	0.5824	1.5e-04	0.4814
5018	-116.5929	-116.5929	-94.8974	0.8139	67.5256	0.5809	1.5e-04	0.4810
5019	-116.6033	-116.6033	-95.7588	0.8212	66.2975	0.5703	1.5e-04	0.4815
5020	-116.6041	-116.6041	-94.2658	0.8084	68.3635	0.5881	1.5e-04	0.4806
5021	-116.6033	-116.6033	-94.2754	0.8085	68.3802	0.5883	1.5e-04	0.4813
5022	-116.6200	-116.6200	-94.8220	0.8131	67.6373	0.5819	1.5e-04	0.4807
5023	-116.6039	-116.6039	-95.9385	0.8228	66.0711	0.5684	1.5e-04	0.4811
5024	-116.5985	-116.5985	-94.6015	0.8113	67.9339	0.5843	1.5e-04	0.4805
5025	-116.5913	-116.5913	-95.5431	0.8195	66.5738	0.5729	1.5e-04	0.4814
5026	-116.5998	-116.5998	-94.2453	0.8083	68.4437	0.5888	1.5e-04	0.4808
5027	-116.6152	-116.6152	-95.6330	0.8201	66.5135	0.5722	1.5e-04	0.4814
5028	-116.5929	-116.5929	-95.6731	0.8206	66.4231	0.5715	1.5e-04	0.4812
5029	-116.6085	-116.6085	-93.9539	0.8057	68.8164	0.5921	1.5e-04	0.4812
5030	-116.6113	-116.6113	-94.8639	0.8135	67.5920	0.5815	1.5e-04	0.4807
5031	-116.5980	-116.5980	-94.7886	0.8130	67.6736	0.5822	1.5e-04	0.4818
5032	-116.5938	-116.5938	-94.5908	0.8113	67.9672	0.5846	1.5e-04	0.4808
5033	-116.5858	-116.5858	-96.5070	0.8278	65.2171	0.5610	1.5e-04	0.4813
5034	-116.5980	-116.5980	-95.1961	0.8164	67.0659	0.5769	1.5e-04	0.4806
5035	-116.6118	-116.6118	-95.1710	0.8161	67.1707	0.5778	1.5e-04	0.4819
5036	-116.6153	-116.6153	-95.2772	0.8170	67.0172	0.5764	1.5e-04	0.4806
5037	-116.5807	-116.5807	-95.0559	0.8154	67.2424	0.5786	1.5e-04	0.4814
5038	-116.6043	-116.6043	-95.5736	0.8196	66.5799	0.5729	1.5e-04	0.4809
5039	-116.5935	-116.5935	-95.5192	0.8192	66.6546	0.5734	1.5e-04	0.4815
5040	-116.6015	-116.6015	-95.5473	0.8194	66.6250	0.5732	1.5e-04	0.4811
5041	-116.6124	-116.6124	-93.3780	0.8008	69.6079	0.5989	1.5e-04	0.4817
5042	-116.5766	-116.5766	-95.5455	0.8196	66.5909	0.5729	1.5e-04	0.4809
5043	-116.5964	-116.5964	-95.6199	0.8201	66.4289	0.5715	1.5e-04	0.4819
5044	-116.5926	-116.5926	-95.7439	0.8212	66.2934	0.5702	1.5e-04	0.4811
5045	-116.5893	-116.5893	-95.6929	0.8208	66.4034	0.5713	1.5e-04	0.4812
5046	-116.6185	-116.6185	-94.8821	0.8136	67.5431	0.5810	1.5e-04	0.4816
5047	-116.6121	-116.6121	-94.0236	0.8063	68.7518	0.5915	1.5e-04	0.4821
5048	-116.6230	-116.6230	-94.6221	0.8114	67.9324	0.5845	1.5e-04	0.4816
5049	-116.6031	-116.6031	-94.6594	0.8118	67.8637	0.5839	1.5e-04	0.4822
5050	-116.5960	-116.5960	-94.6924	0.8121	67.8034	0.5834	1.5e-04	0.4811
5051	-116.6133	-116.6133	-95.3996	0.8181	66.8225	0.5749	1.5e-04	0.4829
5052	-116.6093	-116.6093	-95.3826	0.8180	66.8587	0.5752	1.5e-04	0.4816
5053	-116.5914	-116.5914	-95.6400	0.8203	66.4082	0.5713	1.5e-04	0.4819
5054	-116.5869	-116.5869	-95.2972	0.8174	66.9030	0.5756	1.5e-04	0.4820
5055	-116.6027	-116.6027	-95.7418	0.8211	66.3342	0.5707	1.5e-04	0.4824
5056	-116.6079	-116.6079	-95.8076	0.8216	66.2548	0.5700	1.5e-04	0.4812
5057	-116.6000	-116.6000	-96.3857	0.8266	65.3912	0.5627	1.5e-04	0.4822
5058	-116.5796	-116.5796	-95.7357	0.8212	66.3078	0.5704	1.5e-04	0.4812
5059	-116.6044	-116.6044	-96.0904	0.8241	65.8497	0.5664	1.5e-04	0.4820
5060	-116.5938	-116.5938	-95.4327	0.8185	66.7578	0.5744	1.5e-04	0.4815
5061	-116.5962	-116.5962	-93.7855	0.8044	69.0558	0.5941	1.5e-04	0.4829
5062	-116.5946	-116.5946	-95.0488	0.8152	67.3190	0.5791	1.5e-04	0.4817
5063	-116.5997	-116.5997	-95.1108	0.8157	67.2358	0.5785	1.5e-04	0.4825
5064	-116.6117	-116.6117	-94.2869	0.8086	68.3980	0.5884	1.5e-04	0.4821
5065	-116.5804	-116.5804	-96.2417	0.8255	65.5767	0.5643	1.5e-04	0.4825
5066	-116.6076	-116.6076	-95.7198	0.8209	66.3440	0.5707	1.5e-04	0.4823
5067	-116.5869	-116.5869	-94.5829	0.8113	67.9614	0.5847	1.5e-04	0.4821
5068	-116.5983	-116.5983	-94.8049	0.8131	67.6585	0.5820	1.5e-04	0.4822
5069	-116.6002	-116.6002	-94.3555	0.8092	68.3030	0.5875	1.5e-04	0.4829
5070	-116.5889	-116.5889	-93.6222	0.8030	69.2647	0.5960	1.5e-04	0.4817
5071	-116.5759	-116.5759	-96.6217	0.8288	64.9989	0.5593	1.5e-04	0.4826
5072	-116.5960	-116.5960	-95.5745	0.8197	66.5476	0.5724	1.5e-04	0.4825
5073	-116.6039	-116.6039	-93.9958	0.8061	68.7826	0.5918	1.5e-04	0.4828
5074	-116.6002	-116.6002	-95.1985	0.8165	67.1074	0.5774	1.5e-04	0.4818
5075	-116.6168	-116.6168	-93.6796	0.8033	69.2303	0.5955	1.5e-04	0.4828
5076	-116.5894	-116.5894	-95.6839	0.8207	66.3820	0.5712	1.5e-04	0.4817
5077	-116.5818	-116.5818	-94.8762	0.8138	67.5505	0.5811	1.5e-04	0.4826
5078	-116.6133	-116.6133	-94.3679	0.8092	68.2929	0.5874	1.5e-04	0.4817
5079	-116.5998	-116.5998	-93.8785	0.8051	68.8190	0.5920	1.5e-04	0.4829
5080	-116.5942	-116.5942	-95.9531	0.8230	66.0176	0.5679	1.5e-04	0.4825
5081	-116.6080	-116.6080	-95.4688	0.8187	66.7427	0.5741	1.5e-04	0.4831
5082	-116.6026	-116.6026	-94.0046	0.8062	68.7687	0.5916	1.5e-04	0.4821
5083	-116.6084	-116.6084	-94.9044	0.8139	67.5395	0.5810	1.5e-04	0.4831
5084	-116.6069	-116.6069	-95.6402	0.8202	66.4605	0.5718	1.5e-04	0.4821
5085	-116.5999	-116.5999	-96.2955	0.8259	65.4149	0.5628	1.5e-04	0.4828
5086	-116.5931	-116.5931	-95.2184	0.8167	67.0877	0.5771	1.5e-04	0.4822
5087	-116.5982	-116.5982	-94.9118	0.8140	67.5136	0.5808	1.5e-04	0.4827
5088	-116.6091	-116.6091	-94.7896	0.8129	67.7114	0.5824	1.5e-04	0.4821
5089	-116.5850	-116.5850	-94.8613	0.8137	67.5263	0.5810	1.5e-04	0.4831
5090	-116.5933	-116.5933	-94.8053	0.8131	67.6396	0.5818	1.5e-04	0.4828
5091	-116.5979	-116.5979	-94.1317	0.8073	68.6053	0.5901	1.5e-04	0.4830
5092	-116.5855	-116.5855	-95.2076	0.8166	67.0630	0.5771	1.5e-04	0.4824
5093	-116.6100	-116.6100	-94.7767	0.8128	67.7159	0.5825	1.5e-04	0.4832
5094	-116.6001	-116.6001	-93.2184	0.7995	69.8188	0.6006	1.5e-04	0.4829
5095	-116.5962	-116.5962	-94.9699	0.8145	67.4169	0.5801	1.5e-04	0.4835
5096	-116.5994	-116.5994	-94.4262	0.8098	68.1843	0.5867	1.5e-04	0.4827
5097	-116.5890	-116.5890	-94.6984	0.8122	67.7404	0.5828	1.5e-04	0.4823
5098	-116.6132	-116.6132	-95.2515	0.8168	67.0396	0.5767	1.5e-04	0.4834
5099	-116.5963	-116.5963	-94.9197	0.8141	67.4820	0.5806	1.5e-04	0.4828
5100	-116.5924	-116.5924	-95.7987	0.8217	66.1772	0.5693	1.5e-04	0.4825
5101	-116.6058	-116.6058	-94.5047	0.8105	68.0508	0.5854	1.5e-04	0.4828
5102	-116.5902	-116.5902	-96.0608	0.8239	65.8732	0.5667	1.5e-04	0.4823
5103	-116.6066	-116.6066	-96.6980	0.8293	64.9573	0.5587	1.5e-04	0.4828
5104	-116.6253	-116.6253	-94.3449	0.8090	68.3371	0.5879	1.5e-04	0.4820
5105	-116.6155	-116.6155	-93.9101	0.8053	68.9092	0.5929	1.5e-04	0.4829
5106	-116.6027	-116.6027	-93.2791	0.8000	69.7491	0.6000	1.5e-04	0.4817
5107	-116.5906	-116.5906	-95.5442	0.8195	66.6146	0.5730	1.5e-04	0.4830
5108	-116.5797	-116.5797	-96.4514	0.8273	65.2416	0.5613	1.5e-04	0.4827
5109	-116.5838	-116.5838	-95.6239	0.8202	66.4969	0.5720	1.5e-04	0.4832
5110	-116.6026	-116.6026	-95.3075	0.8174	66.9585	0.5760	1.5e-04	0.4818
5111	-116.5964	-116.5964	-95.6092	0.8200	66.5247	0.5724	1.5e-04	0.4823
5112	-116.6008	-116.6008	-94.4279	0.8098	68.1987	0.5867	1.5e-04	0.4823
5113	-116.5931	-116.5931	-94.9952	0.8148	67.3771	0.5795	1.5e-04	0.4824
5114	-116.5993	-116.5993	-95.0517	0.8152	67.3333	0.5791	1.5e-04	0.4814
5115	-116.5929	-116.5929	-93.8879	0.8053	68.9217	0.5929	1.5e-04	0.4823
5116	-116.6008	-116.6008	-94.2942	0.8087	68.3321	0.5878	1.5e-04	0.4814
5117	-116.6018	-116.6018	-95.5009	0.8190	66.6429	0.5734	1.5e-04	0.4821
5118	-116.5915	-116.5915	-96.1618	0.8248	65.7238	0.5655	1.5e-04	0.4815
5119	-116.5845	-116.5845	-95.0218	0.8150	67.3141	0.5791	1.5e-04	0.4817
5120	-116.6107	-116.6107	-95.5324	0.8192	66.6186	0.5732	1.5e-04	0.4814
5121	-116.5978	-116.5978	-95.4511	0.8186	66.7451	0.5742	1.5e-04	0.4822
5122	-116.6033	-116.6033	-95.8214	0.8218	66.0971	0.5686	1.5e-04	0.4805
5123	-116.5807	-116.5807	-96.0196	0.8236	65.8790	0.5669	1.5e-04	0.4817
5124	-116.5984	-116.5984	-95.7410	0.8211	66.3380	0.5707	1.5e-04	0.4805
5125	-116.5869	-116.5869	-96.2415	0.8255	65.5843	0.5641	1.5e-04	0.4811
5126	-116.5989	-116.5989	-94.4568	0.8101	68.1334	0.5862	1.5e-04	0.4805
5127	-116.6145	-116.6145	-94.9894	0.8146	67.4279	0.5801	1.5e-04	0.4809
5128	-116.6163	-116.6163	-95.2510	0.8168	67.0384	0.5767	1.5e-04	0.4805
5129	-116.5910	-116.5910	-95.5231	0.8193	66.6029	0.5730	1.5e-04	0.4814
5130	-116.6111	-116.6111	-95.7650	0.8212	66.3103	0.5704	1.5e-04	0.4804
5131	-116.6224	-116.6224	-96.0163	0.8233	65.9893	0.5676	1.5e-04	0.4812
5132	-116.5858	-116.5858	-95.8160	0.8218	66.1892	0.5694	1.5e-04	0.4808
5133	-116.6122	-116.6122	-96.1529	0.8246	65.7714	0.5658	1.5e-04	0.4812
5134	-116.5984	-116.5984	-95.8003	0.8216	66.2591	0.5700	1.5e-04	0.4805
5135	-116.5935	-116.5935	-95.5270	0.8193	66.6328	0.5732	1.5e-04	0.4811
5136	-116.5829	-116.5829	-95.4068	0.8184	66.8013	0.5746	1.5e-04	0.4803
5137	-116.5914	-116.5914	-95.2108	0.8166	67.1038	0.5772	1.5e-04	0.4811
5138	-116.6048	-116.6048	-95.9969	0.8233	65.9562	0.5675	1.5e-04	0.4811
5139	-116.6068	-116.6068	-94.4441	0.8099	68.1868	0.5865	1.5e-04	0.4817
5140	-116.5941	-116.5941	-94.5990	0.8114	67.9589	0.5846	1.5e-04	0.4807
5141	-116.6076	-116.6076	-94.7662	0.8127	67.7132	0.5826	1.5e-04	0.4811
5142	-116.6010	-116.6010	-94.5145	0.8106	68.0562	0.5855	1.5e-04	0.4806
5143	-116.5910	-116.5910	-95.1357	0.8160	67.1835	0.5779	1.5e-04	0.4812
5144	-116.5982	-116.5982	-95.3838	0.8181	66.8500	0.5751	1.5e-04	0.4810
5145	-116.6163	-116.6163	-93.6180	0.8028	69.3102	0.5962	1.5e-04	0.4819
5146	-116.5920	-116.5920	-95.6370	0.8203	66.4255	0.5716	1.5e-04	0.4805
5147	-116.6041	-116.6041	-96.2232	0.8252	65.6333	0.5646	1.5e-04	0.4811
5148	-116.6091	-116.6091	-93.6940	0.8035	69.1920	0.5952	1.5e-04	0.4808
5149	-116.6242	-116.6242	-94.5205	0.8105	68.0353	0.5854	1.5e-04	0.4820
5150	-116.6307	-116.6307	-92.6636	0.7945	70.5824	0.6073	1.5e-04	0.4807
5151	-116.6182	-116.6182	-95.3720	0.8178	66.8690	0.5751	1.5e-04	0.4813
5152	-116.6040	-116.6040	-95.1394	0.8159	67.2005	0.5781	1.5e-04	0.4812
5153	-116.5967	-116.5967	-94.8464	0.8135	67.5967	0.5816	1.5e-04	0.4812
5154	-116.6125	-116.6125	-96.8278	0.8303	64.6840	0.5565	1.5e-04	0.4807
5155	-116.5963	-116.5963	-95.3469	0.8178	66.8705	0.5752	1.5e-04	0.4818
5156	-116.6027	-116.6027	-95.0017	0.8147	67.3590	0.5795	1.5e-04	0.4812
5157	-116.6019	-116.6019	-95.8127	0.8217	66.2473	0.5699	1.5e-04	0.4815
5158	-116.5754	-116.5754	-96.3255	0.8263	65.4665	0.5632	1.5e-04	0.4805
5159	-116.5932	-116.5932	-96.6777	0.8292	64.9755	0.5590	1.5e-04	0.4815
5160	-116.6202	-116.6202	-94.3229	0.8088	68.3543	0.5880	1.5e-04	0.4808
5161	-116.5906	-116.5906	-94.7587	0.8127	67.6726	0.5823	1.5e-04	0.4813
5162	-116.6065	-116.6065	-94.9605	0.8144	67.4423	0.5802	1.5e-04	0.4807
5163	-116.5884	-116.5884	-95.8994	0.8225	66.0902	0.5685	1.5e-04	0.4814
5164	-116.5824	-116.5824	-96.0749	0.8241	65.8254	0.5663	1.5e-04	0.4808
5165	-116.5880	-116.5880	-96.7196	0.8296	64.9003	0.5583	1.5e-04	0.4815
5166	-116.5877	-116.5877	-96.0319	0.8237	65.8966	0.5670	1.5e-04	0.4808
5167	-116.5925	-116.5925	-97.0035	0.8320	64.4743	0.5547	1.5e-04	0.4812
5168	-116.6012	-116.6012	-94.7727	0.8128	67.6978	0.5824	1.5e-04	0.4806
5169	-116.5930	-116.5930	-95.9253	0.8227	66.0419	0.5682	1.5e-04	0.4814
5170	-116.5811	-116.5811	-96.8029	0.8303	64.7626	0.5571	1.5e-04	0.4807
5171	-116.5985	-116.5985	-95.0805	0.8155	67.2675	0.5786	1.5e-04	0.4814
5172	-116.5755	-116.5755	-96.1378	0.8247	65.7297	0.5655	1.5e-04	0.4809
5173	-116.5817	-116.5817	-97.0374	0.8324	64.4236	0.5542	1.5e-04	0.4812
5174	-116.6007	-116.6007	-95.5488	0.8195	66.6275	0.5731	1.5e-04	0.4808
5175	-116.5994	-116.5994	-95.1423	0.8160	67.1861	0.5779	1.5e-04	0.4812
5176	-116.6037	-116.6037	-94.6714	0.8119	67.8460	0.5837	1.5e-04	0.4810
5177	-116.6053	-116.6053	-94.5818	0.8111	67.9147	0.5842	1.5e-04	0.4815
5178	-116.5882	-116.5882	-96.0433	0.8238	65.9175	0.5669	1.5e-04	0.4808
5179	-116.6182	-116.6182	-95.3306	0.8175	66.9492	0.5760	1.5e-04	0.4813
5180	-116.6010	-116.6010	-96.0815	0.8240	65.8537	0.5665	1.5e-04	0.4808
5181	-116.5828	-116.5828	-96.1654	0.8249	65.6824	0.5649	1.5e-04	0.4816
5182	-116.6053	-116.6053	-94.9076	0.8139	67.4439	0.5803	1.5e-04	0.4813
5183	-116.5825	-116.5825	-96.9041	0.8312	64.6105	0.5558	1.5e-04	0.4818
5184	-116.5684	-116.5684	-96.5476	0.8282	65.1399	0.5604	1.5e-04	0.4812
5185	-116.6037	-116.6037	-95.2701	0.8170	67.0204	0.5766	1.5e-04	0.4818
5186	-116.5958	-116.5958	-94.4837	0.8104	68.0862	0.5857	1.5e-04	0.4816
5187	-116.5694	-116.5694	-96.8635	0.8310	64.6324	0.5560	1.5e-04	0.4815
5188	-116.5970	-116.5970	-95.8368	0.8219	66.2018	0.5696	1.5e-04	0.4809
5189	-116.5889	-116.5889	-97.5258	0.8365	63.6925	0.5479	1.5e-04	0.4816
5190	-116.6186	-116.6186	-95.2996	0.8172	66.9796	0.5762	1.5e-04	0.4806
5191	-116.5768	-116.5768	-96.0823	0.8242	65.7901	0.5660	1.5e-04	0.4815
5192	-116.5934	-116.5934	-94.4104	0.8097	68.1823	0.5865	1.5e-04	0.4812
5193	-116.6141	-116.6141	-95.7117	0.8208	66.4014	0.5712	1.5e-04	0.4813
5194	-116.5941	-116.5941	-95.2475	0.8169	67.0246	0.5767	1.5e-04	0.4808
5195	-116.6371	-116.6371	-94.1235	0.8070	68.6472	0.5905	1.5e-04	0.4817
5196	-116.6051	-116.6051	-94.3450	0.8091	68.3186	0.5876	1.5e-04	0.4815
5197	-116.6227	-116.6227	-95.1026	0.8155	67.2860	0.5788	1.5e-04	0.4814
5198	-116.5950	-116.5950	-95.2967	0.8173	66.9954	0.5762	1.5e-04	0.4809
5199	-116.5933	-116.5933	-95.0714	0.8154	67.2806	0.5788	1.5e-04	0.4816
5200	-116.5891	-116.5891	-94.5081	0.8106	68.0436	0.5854	1.5e-04	0.4809
5201	-116.6131	-116.6131	-94.9492	0.8142	67.4805	0.5804	1.5e-04	0.4819
5202	-116.5889	-116.5889	-95.3671	0.8180	66.8400	0.5752	1.5e-04	0.4816
5203	-116.6000	-116.6000	-95.2006	0.8165	67.1061	0.5773	1.5e-04	0.4814
5204	-116.5839	-116.5839	-96.2071	0.8252	65.5987	0.5644	1.5e-04	0.4809
5205	-116.5950	-116.5950	-95.8137	0.8218	66.2171	0.5696	1.5e-04	0.4812
5206	-116.5865	-116.5865	-96.0243	0.8236	65.9228	0.5671	1.5e-04	0.4804
5207	-116.5812	-116.5812	-97.0179	0.8322	64.3615	0.5538	1.5e-04	0.4812
5208	-116.6035	-116.6035	-94.9055	0.8139	67.3963	0.5798	1.5e-04	0.4815
5209	-116.6024	-116.6024	-93.3441	0.8005	69.6617	0.5992	1.5e-04	0.4820
5210	-116.5918	-116.5918	-95.2847	0.8173	66.9812	0.5762	1.5e-04	0.4812
5211	-116.5791	-116.5791	-95.5519	0.8196	66.5932	0.5728	1.5e-04	0.4821
5212	-116.5948	-116.5948	-94.5596	0.8110	67.9779	0.5850	1.5e-04	0.4815
5213	-116.5872	-116.5872	-94.8289	0.8134	67.6058	0.5816	1.5e-04	0.4818
5214	-116.5996	-116.5996	-95.7917	0.8215	66.2574	0.5699	1.5e-04	0.4815
5215	-116.6056	-116.6056	-95.4563	0.8186	66.7818	0.5743	1.5e-04	0.4826
5216	-116.5751	-116.5751	-94.9543	0.8145	67.4284	0.5801	1.5e-04	0.4815
5217	-116.5816	-116.5816	-94.7112	0.8124	67.7825	0.5831	1.5e-04	0.4818
5218	-116.5789	-116.5789	-94.4858	0.8105	68.0752	0.5857	1.5e-04	0.4814
5219	-116.6004	-116.6004	-94.8844	0.8138	67.5495	0.5810	1.5e-04	0.4820
5220	-116.6006	-116.6006	-94.6388	0.8116	67.8879	0.5841	1.5e-04	0.4812
5221	-116.6016	-116.6016	-94.8855	0.8138	67.5523	0.5812	1.5e-04	0.4821
5222	-116.6061	-116.6061	-95.8676	0.8221	66.1527	0.5692	1.5e-04	0.4814
5223	-116.6001	-116.6001	-95.8720	0.8222	66.1520	0.5691	1.5e-04	0.4824
5224	-116.5934	-116.5934	-94.8203	0.8133	67.6383	0.5819	1.5e-04	0.4813
5225	-116.6134	-116.6134	-94.3060	0.8087	68.3359	0.5878	1.5e-04	0.4820
5226	-116.5883	-116.5883	-94.1026	0.8071	68.5937	0.5903	1.5e-04	0.4814
5227	-116.6212	-116.6212	-93.2093	0.7992	69.7998	0.6005	1.5e-04	0.4822
5228	-116.5877	-116.5877	-95.0866	0.8156	67.1923	0.5781	1.5e-04	0.4821
5229	-116.5993	-116.5993	-94.9293	0.8141	67.4550	0.5804	1.5e-04	0.4824
5230	-116.5793	-116.5793	-95.1438	0.8161	67.1568	0.5777	1.5e-04	0.4821
5231	-116.5996	-116.5996	-95.4631	0.8187	66.7221	0.5740	1.5e-04	0.4824
5232	-116.6062	-116.6062	-93.5704	0.8024	69.3167	0.5965	1.5e-04	0.4815
5233	-116.6186	-116.6186	-91.7503	0.7868	71.7275	0.6171	1.5e-04	0.4825
5234	-116.5989	-116.5989	-95.0950	0.8156	67.2017	0.5781	1.5e-04	0.4819
5235	-116.5895	-116.5895	-95.9717	0.8232	65.9829	0.5678	1.5e-04	0.4823
5236	-116.5981	-116.5981	-95.0394	0.8151	67.3337	0.5793	1.5e-04	0.4818
5237	-116.6106	-116.6106	-94.0957	0.8069	68.6457	0.5906	1.5e-04	0.4827
5238	-116.5796	-116.5796	-95.4804	0.8190	66.6857	0.5737	1.5e-04	0.4817
5239	-116.6005	-116.6005	-92.1610	0.7904	71.1951	0.6123	1.5e-04	0.4826
5240	-116.5881	-116.5881	-94.4503	0.8101	68.1165	0.5860	1.5e-04	0.4817
5241	-116.5999	-116.5999	-94.4217	0.8098	68.1938	0.5867	1.5e-04	0.4825
5242	-116.6046	-116.6046	-95.5987	0.8199	66.5347	0.5725	1.5e-04	0.4827
5243	-116.5919	-116.5919	-95.3349	0.8177	66.8889	0.5754	1.5e-04	0.4829
5244	-116.6169	-116.6169	-94.7588	0.8126	67.6897	0.5825	1.5e-04	0.4821
5245	-116.5982	-116.5982	-95.0988	0.8156	67.2322	0.5784	1.5e-04	0.4826
5246	-116.6172	-116.6172	-94.6560	0.8117	67.8969	0.5841	1.5e-04	0.4820
5247	-116.6105	-116.6105	-94.4610	0.8101	68.1458	0.5863	1.5e-04	0.4826
5248	-116.5995	-116.5995	-93.4809	0.8017	69.4302	0.5973	1.5e-04	0.4823
5249	-116.6006	-116.6006	-93.8692	0.8050	68.9593	0.5931	1.5e-04	0.4843
5250	-116.6051	-116.6051	-96.3783	0.8265	65.4156	0.5628	1.5e-04	0.4821
5251	-116.6024	-116.6024	-93.0296	0.7978	70.0711	0.6029	1.5e-04	0.4835
5252	-116.5981	-116.5981	-93.9282	0.8056	68.8416	0.5923	1.5e-04	0.4826
5253	-116.5999	-116.5999	-94.5536	0.8109	68.0250	0.5851	1.5e-04	0.4834
5254	-116.5994	-116.5994	-93.3190	0.8003	69.6711	0.5994	1.5e-04	0.4826
5255	-116.5942	-116.5942	-94.1483	0.8075	68.5640	0.5899	1.5e-04	0.4826
5256	-116.6048	-116.6048	-95.1712	0.8162	67.1568	0.5777	1.5e-04	0.4824
5257	-116.5940	-116.5940	-95.1759	0.8163	67.1440	0.5775	1.5e-04	0.4833
5258	-116.5979	-116.5979	-94.9046	0.8139	67.5317	0.5809	1.5e-04	0.4819
5259	-116.5712	-116.5712	-95.7701	0.8216	66.2068	0.5696	1.5e-04	0.4830
5260	-116.6011	-116.6011	-95.6027	0.8199	66.5405	0.5724	1.5e-04	0.4819
5261	-116.5928	-116.5928	-93.8010	0.8045	69.0334	0.5939	1.5e-04	0.4827
5262	-116.5930	-116.5930	-92.7966	0.7959	70.3421	0.6050	1.5e-04	0.4821
5263	-116.6003	-116.6003	-94.3570	0.8092	68.2010	0.5867	1.5e-04	0.4835
5264	-116.5875	-116.5875	-94.8360	0.8134	67.5023	0.5806	1.5e-04	0.4824
5265	-116.6112	-116.6112	-94.2703	0.8084	68.3967	0.5884	1.5e-04	0.4824
5266	-116.6095	-116.6095	-93.1962	0.7992	69.8320	0.6007	1.5e-04	0.4821
5267	-116.6121	-116.6121	-94.1985	0.8078	68.5250	0.5894	1.5e-04	0.4829
5268	-116.5979	-116.5979	-95.2754	0.8171	67.0045	0.5764	1.5e-04	0.4817
5269	-116.6257	-116.6257	-93.0522	0.7979	70.0675	0.6028	1.5e-04	0.4825
5270	-116.6141	-116.6141	-93.8430	0.8047	69.0058	0.5936	1.5e-04	0.4825
5271	-116.6121	-116.6121	-96.2632	0.8255	65.6107	0.5643	1.5e-04	0.4829
5272	-116.5868	-116.5868	-95.4352	0.8186	66.7577	0.5744	1.5e-04	0.4813
5273	-116.6051	-116.6051	-95.3944	0.8181	66.8471	0.5751	1.5e-04	0.4818
5274	-116.6007	-116.6007	-94.0708	0.8068	68.6883	0.5908	1.5e-04	0.4814
5275	-116.5837	-116.5837	-95.5775	0.8198	66.5477	0.5725	1.5e-04	0.4819
5276	-116.5997	-116.5997	-93.7870	0.8044	69.0659	0.5941	1.5e-04	0.4812
5277	-116.6221	-116.6221	-93.9716	0.8058	68.8243	0.5921	1.5e-04	0.4821
5278	-116.5833	-116.5833	-95.5181	0.8193	66.6235	0.5733	1.5e-04	0.4812
5279	-116.5918	-116.5918	-93.9972	0.8062	68.7641	0.5916	1.5e-04	0.4819
5280	-116.5829	-116.5829	-95.9154	0.8227	66.0525	0.5683	1.5e-04	0.4815
5281	-116.6131	-116.6131	-95.2889	0.8171	67.0020	0.5764	1.5e-04	0.4821
5282	-116.6076	-116.6076	-93.9614	0.8058	68.8440	0.5922	1.5e-04	0.4815
5283	-116.6030	-116.6030	-94.2276	0.8081	68.4684	0.5890	1.5e-04	0.4816
5284	-116.6000	-116.6000	-94.2162	0.8080	68.4922	0.5891	1.5e-04	0.4805
5285	-116.6005	-116.6005	-95.2543	0.8169	66.9424	0.5758	1.5e-04	0.4824
5286	-116.6119	-116.6119	-92.2993	0.7915	71.0439	0.6111	1.5e-04	0.4814
5287	-116.5918	-116.5918	-93.5230	0.8021	69.3958	0.5970	1.5e-04	0.4814
5288	-116.5866	-116.5866	-95.3927	0.8182	66.7726	0.5745	1.5e-04	0.4806
5289	-116.6007	-116.6007	-94.8323	0.8133	67.6429	0.5818	1.5e-04	0.4814
5290	-116.6034	-116.6034	-94.2870	0.8086	68.3575	0.5881	1.5e-04	0.4810
5291	-116.5898	-116.5898	-94.7227	0.8124	67.7587	0.5830	1.5e-04	0.4811
5292	-116.5942	-116.5942	-93.4129	0.8012	69.5741	0.5984	1.5e-04	0.4805
5293	-116.5978	-116.5978	-95.5972	0.8199	66.5379	0.5725	1.5e-04	0.4816
5294	-116.5843	-116.5843	-95.8991	0.8226	66.0907	0.5687	1.5e-04	0.4804
5295	-116.6063	-116.6063	-94.9719	0.8145	67.4535	0.5802	1.5e-04	0.4815
5296	-116.6014	-116.6014	-94.7269	0.8124	67.7897	0.5831	1.5e-04	0.4810
5297	-116.6036	-116.6036	-94.8328	0.8133	67.5799	0.5813	1.5e-04	0.4812
5298	-116.5931	-116.5931	-94.1454	0.8075	68.5587	0.5899	1.5e-04	0.4804
5299	-116.6050	-116.6050	-94.0158	0.8063	68.7670	0.5915	1.5e-04	0.4811
5300	-116.5838	-116.5838	-94.7312	0.8126	67.7614	0.5829	1.5e-04	0.4804
5301	-116.5859	-116.5859	-94.5020	0.8106	68.0689	0.5855	1.5e-04	0.4812
5302	-116.5882	-116.5882	-95.3325	0.8177	66.7781	0.5746	1.5e-04	0.4804
5303	-116.6095	-116.6095	-94.5555	0.8109	68.0275	0.5852	1.5e-04	0.4809
5304	-116.6046	-116.6046	-92.7927	0.7958	70.3765	0.6055	1.5e-04	0.4805
5305	-116.5936	-116.5936	-95.0958	0.8156	67.2074	0.5781	1.5e-04	0.4814
5306	-116.6014	-116.6014	-94.4768	0.8103	68.1008	0.5859	1.5e-04	0.4806
5307	-116.5987	-116.5987	-95.6585	0.8204	66.4625	0.5717	1.5e-04	0.4812
5308	-116.5953	-116.5953	-96.3424	0.8263	65.4728	0.5632	1.5e-04	0.4807
5309	-116.5992	-116.5992	-94.7615	0.8127	67.7039	0.5825	1.5e-04	0.4817
5310	-116.6069	-116.6069	-93.0322	0.7978	70.0812	0.6029	1.5e-04	0.4808
5311	-116.6075	-116.6075	-94.9538	0.8143	67.4415	0.5802	1.5e-04	0.4813
5312	-116.6068	-116.6068	-95.2071	0.8165	67.0885	0.5772	1.5e-04	0.4810
5313	-116.5975	-116.5975	-95.3771	0.8180	66.8709	0.5752	1.5e-04	0.4814
5314	-116.5969	-116.5969	-94.6199	0.8115	67.8562	0.5837	1.5e-04	0.4810
5315	-116.5891	-116.5891	-96.8428	0.8306	64.6667	0.5563	1.5e-04	0.4816
5316	-116.6225	-116.6225	-94.0120	0.8061	68.7919	0.5917	1.5e-04	0.4811
5317	-116.6046	-116.6046	-94.1609	0.8075	68.5719	0.5898	1.5e-04	0.4814
5318	-116.5787	-116.5787	-95.7213	0.8211	66.3459	0.5708	1.5e-04	0.4807
5319	-116.5904	-116.5904	-95.4958	0.8191	66.6687	0.5736	1.5e-04	0.4815
5320	-116.6187	-116.6187	-93.2900	0.8000	69.7328	0.5999	1.5e-04	0.4807
5321	-116.6210	-116.6210	-94.2925	0.8085	68.3555	0.5880	1.5e-04	0.4815
5322	-116.5891	-116.5891	-95.8076	0.8218	66.2355	0.5697	1.5e-04	0.4805
5323	-116.5985	-116.5985	-94.9074	0.8140	67.5267	0.5809	1.5e-04	0.4814
5324	-116.6042	-116.6042	-95.0722	0.8153	67.2856	0.5787	1.5e-04	0.4807
5325	-116.5985	-116.5985	-95.3930	0.8181	66.8099	0.5747	1.5e-04	0.4812
5326	-116.6107	-116.6107	-94.4320	0.8098	68.2104	0.5867	1.5e-04	0.4808
5327	-116.5922	-116.5922	-94.0351	0.8065	68.6696	0.5908	1.5e-04	0.4818
5328	-116.6105	-116.6105	-93.1132	0.7985	69.9644	0.6019	1.5e-04	0.4808
5329	-116.6008	-116.6008	-94.7034	0.8122	67.8220	0.5832	1.5e-04	0.4812
5330	-116.6048	-116.6048	-95.0948	0.8155	67.2588	0.5785	1.5e-04	0.4809
5331	-116.6077	-116.6077	-95.3010	0.8173	66.8552	0.5751	1.5e-04	0.4813
5332	-116.6116	-116.6116	-95.7669	0.8212	66.3356	0.5706	1.5e-04	0.4812
5333	-116.5931	-116.5931	-93.3552	0.8007	69.5545	0.5984	1.5e-04	0.4820
5334	-116.6073	-116.6073	-94.8701	0.8136	67.6055	0.5814	1.5e-04	0.4808
5335	-116.5948	-116.5948	-95.4560	0.8187	66.7483	0.5742	1.5e-04	0.4816
5336	-116.5830	-116.5830	-95.1769	0.8164	67.1118	0.5774	1.5e-04	0.4812
5337	-116.5759	-116.5759	-95.3748	0.8181	66.8173	0.5749	1.5e-04	0.4813
5338	-116.6068	-116.6068	-94.8155	0.8131	67.6905	0.5821	1.5e-04	0.4806
5339	-116.5978	-116.5978	-96.9813	0.8318	64.5286	0.5551	1.5e-04	0.4815
5340	-116.5975	-116.5975	-95.6981	0.8208	66.3958	0.5712	1.5e-04	0.4808
5341	-116.5788	-116.5788	-95.9536	0.8231	66.0154	0.5679	1.5e-04	0.4814
5342	-116.6203	-116.6203	-96.2884	0.8257	65.5916	0.5642	1.5e-04	0.4812
5343	-116.6023	-116.6023	-95.7282	0.8210	66.3628	0.5709	1.5e-04	0.4826
5344	-116.6012	-116.6012	-96.0939	0.8241	65.8531	0.5663	1.4e-04	0.4815
5345	-116.6280	-116.6280	-95.8822	0.8221	66.1634	0.5691	1.4e-04	0.4823
5346	-116.5938	-116.5938	-95.4395	0.8186	66.7512	0.5741	1.4e-04	0.4819
5347	-116.5843	-116.5843	-94.5336	0.8109	67.9894	0.5850	1.4e-04	0.4820
5348	-116.6139	-116.6139	-95.0333	0.8149	67.3520	0.5793	1.4e-04	0.4815
5349	-116.6031	-116.6031	-96.6727	0.8291	64.9988	0.5591	1.4e-04	0.4821
5350	-116.5975	-116.5975	-94.6255	0.8116	67.9115	0.5841	1.4e-04	0.4811
5351	-116.5921	-116.5921	-94.2683	0.8085	68.4110	0.5885	1.4e-04	0.4820
5352	-116.6166	-116.6166	-94.4161	0.8096	68.2074	0.5868	1.4e-04	0.4817
5353	-116.6098	-116.6098	-93.9639	0.8058	68.8313	0.5922	1.4e-04	0.4824
5354	-116.6144	-116.6144	-95.2113	0.8165	67.0927	0.5772	1.4e-04	0.4815
5355	-116.5837	-116.5837	-93.5784	0.8027	69.3095	0.5962	1.4e-04	0.4827
5356	-116.6270	-116.6270	-95.2694	0.8169	67.0243	0.5765	1.4e-04	0.4815
5357	-116.5919	-116.5919	-95.3169	0.8175	66.8847	0.5753	1.4e-04	0.4823
5358	-116.6028	-116.6028	-95.2911	0.8172	66.9970	0.5763	1.4e-04	0.4815
5359	-116.6161	-116.6161	-95.0110	0.8147	67.3918	0.5797	1.4e-04	0.4820
5360	-116.6092	-116.6092	-94.8651	0.8135	67.5697	0.5813	1.4e-04	0.4816
5361	-116.6212	-116.6212	-94.1415	0.8072	68.6046	0.5902	1.4e-04	0.4827
5362	-116.6068	-116.6068	-95.0007	0.8147	67.4081	0.5799	1.4e-04	0.4817
5363	-116.5889	-116.5889	-94.3669	0.8094	68.2434	0.5871	1.4e-04	0.4824
5364	-116.5997	-116.5997	-94.2539	0.8084	68.4373	0.5887	1.4e-04	0.4817
5365	-116.5754	-116.5754	-94.6954	0.8123	67.7165	0.5826	1.4e-04	0.4819
5366	-116.5839	-116.5839	-93.7972	0.8045	69.0231	0.5938	1.4e-04	0.4815
5367	-116.5934	-116.5934	-93.0823	0.7983	69.9832	0.6021	1.4e-04	0.4822
5368	-116.6157	-116.6157	-93.5372	0.8021	69.3167	0.5963	1.4e-04	0.4817
5369	-116.5966	-116.5966	-93.2396	0.7997	69.7504	0.6003	1.4e-04	0.4824
5370	-116.5955	-116.5955	-93.4648	0.8016	69.4940	0.5977	1.4e-04	0.4816
5371	-116.5793	-116.5793	-95.1148	0.8159	67.1777	0.5779	1.4e-04	0.4822
5372	-116.6040	-116.6040	-95.4551	0.8186	66.7573	0.5742	1.4e-04	0.4815
5373	-116.5840	-116.5840	-95.5142	0.8193	66.6492	0.5733	1.4e-04	0.4821
5374	-116.6068	-116.6068	-92.5573	0.7938	70.6814	0.6082	1.4e-04	0.4816
5375	-116.6076	-116.6076	-94.9221	0.8140	67.5161	0.5808	1.4e-04	0.4830
5376	-116.5875	-116.5875	-94.8356	0.8134	67.6164	0.5817	1.4e-04	0.4827
5377	-116.5920	-116.5920	-95.1804	0.8164	67.1296	0.5776	1.4e-04	0.4820
5378	-116.5988	-116.5988	-94.7188	0.8123	67.7373	0.5827	1.4e-04	0.4816
5379	-116.5788	-116.5788	-94.2894	0.8088	68.3244	0.5878	1.4e-04	0.4822
5380	-116.6163	-116.6163	-94.8534	0.8134	67.6223	0.5817	1.4e-04	0.4824
5381	-116.5859	-116.5859	-94.8898	0.8139	67.5411	0.5810	1.4e-04	0.4826
5382	-116.6183	-116.6183	-94.2103	0.8079	68.5264	0.5894	1.4e-04	0.4819
5383	-116.5978	-116.5978	-92.9049	0.7968	70.2260	0.6041	1.4e-04	0.4834
5384	-116.6078	-116.6078	-92.5244	0.7935	70.7373	0.6085	1.4e-04	0.4818
5385	-116.5971	-116.5971	-94.1711	0.8077	68.5001	0.5893	1.4e-04	0.4826
5386	-116.5970	-116.5970	-94.2716	0.8085	68.3817	0.5882	1.4e-04	0.4820
5387	-116.5982	-116.5982	-93.4731	0.8017	69.4920	0.5978	1.4e-04	0.4823
5388	-116.6071	-116.6071	-95.1806	0.8163	67.1633	0.5777	1.4e-04	0.4819
5389	-116.5822	-116.5822	-94.5461	0.8110	68.0115	0.5850	1.4e-04	0.4824
5390	-116.6030	-116.6030	-94.7109	0.8123	67.7912	0.5832	1.4e-04	0.4822
5391	-116.5990	-116.5990	-95.4321	0.8185	66.7534	0.5744	1.4e-04	0.4830
5392	-116.5937	-116.5937	-94.0616	0.8067	68.6728	0.5907	1.4e-04	0.4827
5393	-116.5949	-116.5949	-95.2814	0.8172	66.9989	0.5762	1.4e-04	0.4831
5394	-116.6001	-116.6001	-93.9258	0.8055	68.8515	0.5923	1.4e-04	0.4823
5395	-116.5854	-116.5854	-94.0785	0.8069	68.6339	0.5905	1.4e-04	0.4826
5396	-116.5999	-116.5999	-93.9270	0.8055	68.8061	0.5918	1.4e-04	0.4823
5397	-116.6104	-116.6104	-93.2828	0.8000	69.7324	0.5999	1.4e-04	0.4827
5398	-116.6069	-116.6069	-93.9395	0.8056	68.8637	0.5924	1.4e-04	0.4820
5399	-116.5771	-116.5771	-94.5794	0.8113	67.9028	0.5841	1.4e-04	0.4825
5400	-116.5918	-116.5918	-95.4034	0.8183	66.8238	0.5748	1.4e-04	0.4821
5401	-116.5838	-116.5838	-94.1125	0.8073	68.5878	0.5900	1.4e-04	0.4835
5402	-116.6049	-116.6049	-93.9701	0.8059	68.8263	0.5921	1.4e-04	0.4826
5403	-116.5988	-116.5988	-94.9796	0.8146	67.3827	0.5797	1.4e-04	0.4833
5404	-116.6060	-116.6060	-94.8181	0.8131	67.6351	0.5818	1.4e-04	0.4823
5405	-116.5950	-116.5950	-93.8595	0.8050	68.9723	0.5932	1.4e-04	0.4832
5406	-116.6049	-116.6049	-95.2424	0.8168	67.0636	0.5769	1.4e-04	0.4824
5407	-116.5855	-116.5855	-94.4210	0.8099	68.1647	0.5864	1.4e-04	0.4825
5408	-116.5767	-116.5767	-94.9967	0.8149	67.3281	0.5793	1.4e-04	0.4825
5409	-116.6132	-116.6132	-94.6800	0.8119	67.8421	0.5836	1.4e-04	0.4832
5410	-116.5976	-116.5976	-94.1708	0.8077	68.5257	0.5895	1.4e-04	0.4837
5411	-116.5992	-116.5992	-94.1540	0.8075	68.5674	0.5898	1.4e-04	0.4834
5412	-116.6050	-116.6050	-93.5259	0.8021	69.3992	0.5972	1.4e-04	0.4830
5413	-116.6023	-116.6023	-93.8139	0.8046	69.0232	0.5937	1.4e-04	0.4835
5414	-116.5998	-116.5998	-92.6140	0.7943	70.6050	0.6075	1.4e-04	0.4826
5415	-116.5950	-116.5950	-95.7492	0.8212	66.3289	0.5706	1.4e-04	0.4835
5416	-116.6014	-116.6014	-94.9037	0.8139	67.5277	0.5810	1.4e-04	0.4833
5417	-116.5872	-116.5872	-94.2111	0.8081	68.4673	0.5890	1.4e-04	0.4830
5418	-116.6098	-116.6098	-93.9529	0.8057	68.8500	0.5922	1.4e-04	0.4828
5419	-116.5944	-116.5944	-95.1400	0.8160	67.1776	0.5780	1.4e-04	0.4825
5420	-116.6039	-116.6039	-94.4753	0.8102	68.1303	0.5861	1.4e-04	0.4825
5421	-116.5999	-116.5999	-94.6204	0.8115	67.9231	0.5843	1.4e-04	0.4832
5422	-116.5914	-116.5914	-92.7549	0.7956	70.3948	0.6057	1.4e-04	0.4825
5423	-116.6057	-116.6057	-94.9320	0.8141	67.4833	0.5804	1.4e-04	0.4831
5424	-116.6125	-116.6125	-95.4876	0.8188	66.7401	0.5740	1.4e-04	0.4820
5425	-116.6103	-116.6103	-93.9290	0.8055	68.8512	0.5922	1.4e-04	0.4828
5426	-116.6194	-116.6194	-93.5464	0.8022	69.4113	0.5970	1.4e-04	0.4825
5427	-116.6058	-116.6058	-94.0502	0.8066	68.7266	0.5911	1.4e-04	0.4832
5428	-116.6006	-116.6006	-94.4487	0.8100	68.1665	0.5864	1.4e-04	0.4824
5429	-116.5945	-116.5945	-94.0279	0.8065	68.7350	0.5913	1.4e-04	0.4830
5430	-116.6149	-116.6149	-93.5510	0.8022	69.3981	0.5969	1.4e-04	0.4829
5431	-116.6066	-116.6066	-93.4296	0.8012	69.5643	0.5983	1.4e-04	0.4829
5432	-116.6010	-116.6010	-93.6605	0.8033	69.2307	0.5956	1.4e-04	0.4825
5433	-116.5961	-116.5961	-94.9932	0.8147	67.4085	0.5798	1.4e-04	0.4828
5434	-116.6239	-116.6239	-93.5529	0.8022	69.3551	0.5966	1.4e-04	0.4818
5435	-116.6133	-116.6133	-95.2372	0.8167	67.0677	0.5770	1.4e-04	0.4819
5436	-116.6064	-116.6064	-94.1964	0.8078	68.5273	0.5894	1.4e-04	0.4808
5437	-116.5889	-116.5889	-94.3499	0.8093	68.2844	0.5874	1.4e-04	0.4820
5438	-116.5926	-116.5926	-95.1840	0.8164	67.1199	0.5774	1.4e-04	0.4808
5439	-116.5893	-116.5893	-93.4229	0.8013	69.5440	0.5983	1.4e-04	0.4819
5440	-116.5975	-116.5975	-94.2013	0.8079	68.5066	0.5893	1.4e-04	0.4809
5441	-116.5823	-116.5823	-94.2881	0.8088	68.3402	0.5880	1.4e-04	0.4814
5442	-116.5794	-116.5794	-94.6595	0.8120	67.8353	0.5837	1.4e-04	0.4809
5443	-116.6123	-116.6123	-94.4582	0.8100	68.1444	0.5862	1.4e-04	0.4819
5444	-116.6112	-116.6112	-94.3619	0.8092	68.3075	0.5875	1.4e-04	0.4806
5445	-116.5965	-116.5965	-95.0374	0.8151	67.3415	0.5793	1.4e-04	0.4813
5446	-116.6032	-116.6032	-93.9371	0.8056	68.8498	0.5923	1.4e-04	0.4809
5447	-116.5896	-116.5896	-94.8140	0.8132	67.6458	0.5819	1.4e-04	0.4817
5448	-116.5939	-116.5939	-93.9215	0.8055	68.8836	0.5925	1.4e-04	0.4805
5449	-116.6000	-116.6000	-95.7388	0.8211	66.3241	0.5706	1.4e-04	0.4814
5450	-116.5986	-116.5986	-93.3314	0.8005	69.6740	0.5994	1.4e-04	0.4808
5451	-116.5860	-116.5860	-93.2829	0.8001	69.6737	0.5994	1.4e-04	0.4813
5452	-116.6112	-116.6112	-93.5601	0.8023	69.3730	0.5968	1.4e-04	0.4806
5453	-116.6038	-116.6038	-93.9456	0.8057	68.8712	0.5923	1.4e-04	0.4812
5454	-116.6002	-116.6002	-95.0778	0.8154	67.2767	0.5786	1.4e-04	0.4807
5455	-116.6110	-116.6110	-93.5538	0.8023	69.3792	0.5969	1.4e-04	0.4816
5456	-116.6125	-116.6125	-92.9777	0.7973	70.1679	0.6035	1.4e-04	0.4806
5457	-116.5889	-116.5889	-94.2256	0.8082	68.4673	0.5889	1.4e-04	0.4813
5458	-116.5905	-116.5905	-92.3105	0.7917	71.0020	0.6107	1.4e-04	0.4810
5459	-116.6096	-116.6096	-93.6078	0.8027	69.2968	0.5962	1.4e-04	0.4812
5460	-116.6021	-116.6021	-93.5365	0.8022	69.4069	0.5969	1.4e-04	0.4810
5461	-116.6033	-116.6033	-95.9751	0.8231	65.9054	0.5671	1.4e-04	0.4813
5462	-116.6082	-116.6082	-93.9556	0.8057	68.8276	0.5919	1.4e-04	0.4809
5463	-116.5733	-116.5733	-95.6608	0.8206	66.4235	0.5715	1.4e-04	0.4814
5464	-116.5982	-116.5982	-94.5812	0.8112	67.9074	0.5841	1.4e-04	0.4808
5465	-116.6000	-116.6000	-94.9119	0.8140	67.5264	0.5809	1.4e-04	0.4813
5466	-116.5871	-116.5871	-94.0844	0.8070	68.6036	0.5902	1.4e-04	0.4807
5467	-116.5858	-116.5858	-94.6472	0.8118	67.8584	0.5839	1.4e-04	0.4815
5468	-116.5998	-116.5998	-94.1303	0.8073	68.5362	0.5896	1.4e-04	0.4807
5469	-116.5894	-116.5894	-94.9264	0.8142	67.4787	0.5805	1.4e-04	0.4815
5470	-116.6078	-116.6078	-93.2641	0.7998	69.7786	0.6003	1.4e-04	0.4810
5471	-116.5858	-116.5858	-95.5709	0.8197	66.5659	0.5727	1.4e-04	0.4815
5472	-116.6131	-116.6131	-94.0179	0.8062	68.7582	0.5915	1.4e-04	0.4809
5473	-116.6149	-116.6149	-94.8576	0.8134	67.5197	0.5808	1.4e-04	0.4818
5474	-116.6091	-116.6091	-94.5983	0.8112	67.9695	0.5847	1.4e-04	0.4814
5475	-116.6342	-116.6342	-91.2718	0.7825	72.3684	0.6226	1.4e-04	0.4815
5476	-116.5843	-116.5843	-95.4428	0.8187	66.7543	0.5742	1.4e-04	0.4810
5477	-116.5920	-116.5920	-93.2564	0.7999	69.7726	0.6002	1.4e-04	0.4819
5478	-116.6004	-116.6004	-93.8519	0.8049	68.9871	0.5933	1.4e-04	0.4808
5479	-116.5826	-116.5826	-95.2030	0.8166	67.0521	0.5769	1.4e-04	0.4815
5480	-116.6123	-116.6123	-92.4544	0.7928	70.8445	0.6094	1.4e-04	0.4808
5481	-116.6105	-116.6105	-94.0283	0.8063	68.7364	0.5913	1.4e-04	0.4817
5482	-116.5955	-116.5955	-93.9277	0.8056	68.8371	0.5923	1.4e-04	0.4806
5483	-116.6135	-116.6135	-93.8899	0.8051	68.9217	0.5930	1.4e-04	0.4818
5484	-116.6300	-116.6300	-92.8546	0.7961	70.3415	0.6050	1.4e-04	0.4813
5485	-116.6148	-116.6148	-94.0639	0.8066	68.6680	0.5906	1.4e-04	0.4813
5486	-116.6126	-116.6126	-94.3282	0.8089	68.3455	0.5879	1.4e-04	0.4808
5487	-116.5876	-116.5876	-94.3911	0.8096	68.2058	0.5868	1.4e-04	0.4814
5488	-116.5919	-116.5919	-94.7157	0.8124	67.7915	0.5831	1.4e-04	0.4806
5489	-116.5952	-116.5952	-92.7146	0.7952	70.4743	0.6063	1.4e-04	0.4812
5490	-116.6194	-116.6194	-94.7487	0.8125	67.7733	0.5829	1.4e-04	0.4809
5491	-116.6022	-116.6022	-93.8643	0.8050	68.9714	0.5933	1.4e-04	0.4814
5492	-116.5980	-116.5980	-94.2385	0.8082	68.3894	0.5884	1.4e-04	0.4809
5493	-116.6074	-116.6074	-93.4430	0.8013	69.5129	0.5979	1.4e-04	0.4816
5494	-116.5715	-116.5715	-94.3142	0.8091	68.1827	0.5865	1.4e-04	0.4808
5495	-116.6073	-116.6073	-92.8160	0.7960	70.3455	0.6053	1.4e-04	0.4813
5496	-116.5934	-116.5934	-94.0072	0.8063	68.7158	0.5911	1.4e-04	0.4809
5497	-116.5826	-116.5826	-95.3247	0.8177	66.9188	0.5757	1.4e-04	0.4819
5498	-116.6171	-116.6171	-93.6186	0.8028	69.2636	0.5959	1.4e-04	0.4806
5499	-116.5994	-116.5994	-94.0989	0.8070	68.5594	0.5900	1.4e-04	0.4813
5500	-116.5800	-116.5800	-94.4733	0.8104	68.0804	0.5857	1.4e-04	0.4811
5501	-116.5867	-116.5867	-95.2567	0.8170	67.0350	0.5765	1.4e-04	0.4810
5502	-116.5985	-116.5985	-95.3596	0.8178	66.8924	0.5754	1.4e-04	0.4810
5503	-116.5877	-116.5877	-94.0316	0.8065	68.7228	0.5912	1.4e-04	0.4810
5504	-116.5981	-116.5981	-94.6397	0.8117	67.9111	0.5841	1.4e-04	0.4810
5505	-116.6155	-116.6155	-93.4930	0.8017	69.3985	0.5971	1.4e-04	0.4811
5506	-116.5829	-116.5829	-94.5555	0.8111	67.9899	0.5849	1.4e-04	0.4807
5507	-116.6018	-116.6018	-94.2305	0.8081	68.4742	0.5890	1.4e-04	0.4812
5508	-116.5964	-116.5964	-93.9677	0.8059	68.7049	0.5911	1.4e-04	0.4807
5509	-116.5952	-116.5952	-94.0773	0.8069	68.5875	0.5900	1.4e-04	0.4815
5510	-116.5872	-116.5872	-92.3265	0.7919	70.9208	0.6102	1.4e-04	0.4809
5511	-116.5728	-116.5728	-94.0865	0.8071	68.6233	0.5904	1.4e-04	0.4813
5512	-116.5790	-116.5790	-94.2580	0.8085	68.4029	0.5884	1.4e-04	0.4806
5513	-116.5948	-116.5948	-94.1369	0.8074	68.5847	0.5900	1.4e-04	0.4812
5514	-116.5974	-116.5974	-92.2490	0.7912	71.0852	0.6115	1.4e-04	0.4807
5515	-116.5878	-116.5878	-93.7363	0.8040	68.9533	0.5933	1.4e-04	0.4814
5516	-116.5834	-116.5834	-94.5381	0.8109	68.0194	0.5852	1.4e-04	0.4809
5517	-116.6087	-116.6087	-94.2748	0.8085	68.3907	0.5882	1.4e-04	0.4812
5518	-116.6092	-116.6092	-92.6805	0.7948	70.5387	0.6069	1.4e-04	0.4806
5519	-116.5935	-116.5935	-94.1009	0.8071	68.6281	0.5904	1.4e-04	0.4812
5520	-116.5900	-116.5900	-95.0887	0.8156	67.2541	0.5785	1.4e-04	0.4811
5521	-116.5891	-116.5891	-94.5493	0.8110	68.0050	0.5851	1.4e-04	0.4816
5522	-116.6078	-116.6078	-94.0345	0.8064	68.7455	0.5913	1.4e-04	0.4806
5523	-116.6058	-116.6058	-93.2462	0.7997	69.7967	0.6004	1.4e-04	0.4816
5524	-116.5866	-116.5866	-94.3362	0.8092	68.2056	0.5867	1.4e-04	0.4811
5525	-116.6134	-116.6134	-94.9048	0.8138	67.5078	0.5807	1.4e-04	0.4811
5526	-116.5980	-116.5980	-94.3488	0.8092	68.2681	0.5873	1.4e-04	0.4808
5527	-116.6087	-116.6087	-92.9155	0.7968	70.1843	0.6039	1.4e-04	0.4812
5528	-116.5780	-116.5780	-95.0130	0.8150	67.3196	0.5792	1.4e-04	0.4810
5529	-116.6053	-116.6053	-95.4059	0.8182	66.8182	0.5749	1.4e-04	0.4812
5530	-116.5909	-116.5909	-94.0975	0.8071	68.6254	0.5903	1.4e-04	0.4810
5531	-116.5741	-116.5741	-95.1474	0.8162	67.1587	0.5778	1.4e-04	0.4817
5532	-116.5910	-116.5910	-95.0420	0.8152	67.3139	0.5790	1.4e-04	0.4807
5533	-116.6038	-116.6038	-93.8475	0.8048	68.9959	0.5935	1.4e-04	0.4815
5534	-116.5948	-116.5948	-95.8620	0.8222	66.1688	0.5692	1.4e-04	0.4808
5535	-116.6090	-116.6090	-94.8119	0.8131	67.6823	0.5821	1.4e-04	0.4808
5536	-116.6042	-116.6042	-95.2715	0.8171	67.0479	0.5766	1.4e-04	0.4810
5537	-116.5921	-116.5921	-94.8149	0.8132	67.6043	0.5816	1.4e-04	0.4816
5538	-116.6041	-116.6041	-93.9820	0.8060	68.7713	0.5917	1.4e-04	0.4812
5539	-116.5909	-116.5909	-94.7615	0.8128	67.6734	0.5822	1.4e-04	0.4812
5540	-116.6121	-116.6121	-93.5243	0.8020	69.4153	0.5972	1.4e-04	0.4807
5541	-116.5777	-116.5777	-93.7067	0.8038	69.1542	0.5949	1.4e-04	0.4810
5542	-116.5902	-116.5902	-95.4662	0.8188	66.7165	0.5738	1.4e-04	0.4806
5543	-116.5712	-116.5712	-94.8782	0.8139	67.5223	0.5809	1.4e-04	0.4812
5544	-116.5899	-116.5899	-95.6617	0.8205	66.4169	0.5714	1.4e-04	0.4813
5545	-116.5932	-116.5932	-93.0338	0.7979	70.0661	0.6027	1.4e-04	0.4813
5546	-116.5996	-116.5996	-95.5271	0.8193	66.6456	0.5734	1.4e-04	0.4806
5547	-116.5806	-116.5806	-94.6539	0.8119	67.8697	0.5837	1.4e-04	0.4819
5548	-116.5805	-116.5805	-94.4302	0.8100	68.1684	0.5863	1.4e-04	0.4816
5549	-116.5987	-116.5987	-95.6217	0.8201	66.4872	0.5720	1.4e-04	0.4814
5550	-116.5883	-116.5883	-95.6591	0.8205	66.4354	0.5716	1.4e-04	0.4806
5551	-116.5944	-116.5944	-93.5646	0.8025	69.3430	0.5966	1.4e-04	0.4814
5552	-116.5756	-116.5756	-94.8359	0.8135	67.5893	0.5815	1.4e-04	0.4815
5553	-116.6024	-116.6024	-94.6692	0.8119	67.8466	0.5836	1.4e-04	0.4814
5554	-116.5973	-116.5973	-94.5773	0.8111	67.9886	0.5848	1.4e-04	0.4810
5555	-116.5866	-116.5866	-95.3601	0.8179	66.8773	0.5753	1.4e-04	0.4809
5556	-116.5886	-116.5886	-95.1025	0.8157	67.2396	0.5784	1.4e-04	0.4815
5557	-116.6106	-116.6106	-93.1354	0.7987	69.9369	0.6016	1.4e-04	0.4813
5558	-116.6172	-116.6172	-92.9579	0.7971	70.1777	0.6037	1.4e-04	0.4815
5559	-116.5778	-116.5778	-95.1728	0.8164	67.0652	0.5769	1.4e-04	0.4812
5560	-116.5921	-116.5921	-94.8877	0.8138	67.5478	0.5811	1.4e-04	0.4811
5561	-116.5985	-116.5985	-93.1189	0.7986	69.9401	0.6018	1.4e-04	0.4811
5562	-116.5958	-116.5958	-95.6460	0.8203	66.4583	0.5718	1.4e-04	0.4817
5563	-116.5963	-116.5963	-94.9499	0.8143	67.4385	0.5801	1.4e-04	0.4818
5564	-116.6068	-116.6068	-94.2322	0.8081	68.4533	0.5890	1.4e-04	0.4815
5565	-116.5907	-116.5907	-95.7706	0.8214	66.2812	0.5702	1.4e-04	0.4814
5566	-116.5919	-116.5919	-94.9424	0.8143	67.4732	0.5804	1.4e-04	0.4815
5567	-116.5908	-116.5908	-95.9609	0.8231	66.0215	0.5680	1.4e-04	0.4836
5568	-116.6032	-116.6032	-94.7993	0.8130	67.6737	0.5821	1.4e-04	0.4827
5569	-116.6139	-116.6139	-94.1044	0.8070	68.6343	0.5904	1.4e-04	0.4822
5570	-116.5960	-116.5960	-93.3781	0.8009	69.6125	0.5988	1.4e-04	0.4823
5571	-116.5744	-116.5744	-94.4575	0.8103	68.1067	0.5859	1.4e-04	0.4825
5572	-116.6019	-116.6019	-94.5370	0.8108	68.0478	0.5854	1.4e-04	0.4825
5573	-116.6130	-116.6130	-93.5185	0.8020	69.4588	0.5974	1.4e-04	0.4822
5574	-116.5995	-116.5995	-94.4511	0.8100	68.1728	0.5863	1.4e-04	0.4825
5575	-116.6273	-116.6273	-93.5728	0.8023	69.3098	0.5962	1.4e-04	0.4828
5576	-116.5982	-116.5982	-94.8780	0.8137	67.5664	0.5812	1.4e-04	0.4814
5577	-116.6132	-116.6132	-93.3972	0.8009	69.6050	0.5986	1.4e-04	0.4827
5578	-116.6080	-116.6080	-94.5485	0.8108	68.0424	0.5852	1.4e-04	0.4827
5579	-116.5897	-116.5897	-95.2562	0.8170	67.0298	0.5766	1.4e-04	0.4815
5580	-116.5899	-116.5899	-94.0139	0.8064	68.6901	0.5908	1.4e-04	0.4823
5581	-116.6080	-116.6080	-93.6403	0.8030	69.2725	0.5959	1.4e-04	0.4821
5582	-116.5984	-116.5984	-94.3222	0.8089	68.3104	0.5876	1.4e-04	0.4819
5583	-116.6170	-116.6170	-93.7268	0.8037	69.1799	0.5950	1.4e-04	0.4826
5584	-116.5951	-116.5951	-94.5528	0.8109	68.0086	0.5851	1.4e-04	0.4820
5585	-116.5942	-116.5942	-94.9057	0.8140	67.5187	0.5808	1.4e-04	0.4823
5586	-116.6069	-116.6069	-94.4935	0.8104	68.0742	0.5855	1.4e-04	0.4821
5587	-116.6003	-116.6003	-95.1711	0.8162	67.1291	0.5775	1.4e-04	0.4815
5588	-116.5938	-116.5938	-94.2478	0.8083	68.4448	0.5887	1.4e-04	0.4819
5589	-116.5971	-116.5971	-93.9193	0.8055	68.8794	0.5925	1.4e-04	0.4822
5590	-116.6092	-116.6092	-92.3106	0.7916	71.0055	0.6109	1.4e-04	0.4819
5591	-116.5852	-116.5852	-94.8864	0.8139	67.4651	0.5805	1.4e-04	0.4823
5592	-116.5982	-116.5982	-93.2220	0.7995	69.8314	0.6006	1.4e-04	0.4823
5593	-116.6032	-116.6032	-92.5353	0.7936	70.7134	0.6082	1.4e-04	0.4827
5594	-116.6031	-116.6031	-94.7437	0.8125	67.7542	0.5828	1.4e-04	0.4829
5595	-116.5845	-116.5845	-96.2170	0.8253	65.6412	0.5647	1.4e-04	0.4829
5596	-116.5982	-116.5982	-93.8274	0.8047	68.9855	0.5935	1.4e-04	0.4826
5597	-116.5835	-116.5835	-94.8957	0.8140	67.5225	0.5809	1.4e-04	0.4818
5598	-116.5903	-116.5903	-94.4399	0.8100	68.1208	0.5861	1.4e-04	0.4819
5599	-116.5962	-116.5962	-94.7518	0.8126	67.7463	0.5827	1.4e-04	0.4822
5600	-116.5954	-116.5954	-94.7800	0.8129	67.7044	0.5824	1.4e-04	0.4825
5601	-116.6077	-116.6077	-93.1612	0.7989	69.9236	0.6013	1.4e-04	0.4822
5602	-116.5981	-116.5981	-93.3135	0.8003	69.6811	0.5994	1.4e-04	0.4825
5603	-116.5991	-116.5991	-94.3629	0.8093	68.2886	0.5874	1.4e-04	0.4820
5604	-116.6099	-116.6099	-93.4823	0.8017	69.4884	0.5978	1.4e-04	0.4820
5605	-116.5959	-116.5959	-93.9833	0.8061	68.6982	0.5909	1.4e-04	0.4817
5606	-116.5883	-116.5883	-93.4227	0.8013	69.5124	0.5980	1.4e-04	0.4816
5607	-116.6044	-116.6044	-93.7472	0.8040	69.0722	0.5941	1.4e-04	0.4826
5608	-116.5797	-116.5797	-93.7164	0.8039	69.0936	0.5944	1.4e-04	0.4819
5609	-116.6119	-116.6119	-93.9681	0.8058	68.8023	0.5918	1.4e-04	0.4815
5610	-116.6024	-116.6024	-92.3026	0.7916	71.0169	0.6109	1.4e-04	0.4823
5611	-116.6069	-116.6069	-93.2939	0.8001	69.7302	0.5998	1.4e-04	0.4819
5612	-116.6010	-116.6010	-91.9712	0.7888	71.4589	0.6147	1.4e-04	0.4828
5613	-116.6178	-116.6178	-93.4769	0.8016	69.4884	0.5978	1.4e-04	0.4827
5614	-116.5920	-116.5920	-92.4966	0.7933	70.7568	0.6086	1.4e-04	0.4825
5615	-116.5987	-116.5987	-92.3089	0.7917	71.0139	0.6109	1.4e-04	0.4832
5616	-116.6086	-116.6086	-93.5027	0.8019	69.4605	0.5975	1.4e-04	0.4826
5617	-116.5947	-116.5947	-94.1342	0.8074	68.5868	0.5900	1.4e-04	0.4825
5618	-116.5906	-116.5906	-95.2313	0.8168	67.0127	0.5766	1.4e-04	0.4829
5619	-116.6006	-116.6006	-93.8936	0.8053	68.9081	0.5928	1.4e-04	0.4825
5620	-116.5817	-116.5817	-94.9098	0.8141	67.4811	0.5805	1.4e-04	0.4826
5621	-116.5990	-116.5990	-93.5312	0.8022	69.3808	0.5969	1.4e-04	0.4827
5622	-116.5966	-116.5966	-94.2467	0.8083	68.4372	0.5888	1.4e-04	0.4820
5623	-116.5907	-116.5907	-93.9859	0.8061	68.7832	0.5917	1.4e-04	0.4817
5624	-116.6022	-116.6022	-92.8350	0.7962	70.3360	0.6051	1.4e-04	0.4823
5625	-116.5901	-116.5901	-92.5405	0.7937	70.7103	0.6083	1.4e-04	0.4825
5626	-116.5832	-116.5832	-95.3070	0.8175	66.9112	0.5756	1.4e-04	0.4823
5627	-116.6047	-116.6047	-93.4703	0.8016	69.4916	0.5977	1.4e-04	0.4816
5628	-116.6053	-116.6053	-93.4103	0.8011	69.5781	0.5985	1.4e-04	0.4818
5629	-116.5874	-116.5874	-92.3872	0.7924	70.9059	0.6099	1.4e-04	0.4816
5630	-116.6141	-116.6141	-92.1435	0.7902	71.2403	0.6129	1.4e-04	0.4818
5631	-116.5918	-116.5918	-91.1045	0.7814	72.5385	0.6240	1.4e-04	0.4815
5632	-116.5875	-116.5875	-93.2411	0.7998	69.7822	0.6002	1.4e-04	0.4816
5633	-116.5917	-116.5917	-92.6390	0.7946	70.5770	0.6072	1.4e-04	0.4817
5634	-116.5970	-116.5970	-92.9318	0.7970	70.2173	0.6039	1.4e-04	0.4815
5635	-116.5858	-116.5858	-92.8074	0.7960	70.2842	0.6046	1.4e-04	0.4817
5636	-116.6013	-116.6013	-92.4273	0.7927	70.8559	0.6096	1.4e-04	0.4812
5637	-116.5904	-116.5904	-92.5958	0.7942	70.6053	0.6074	1.4e-04	0.4812
5638	-116.6037	-116.6037	-92.8165	0.7960	70.3452	0.6052	1.4e-04	0.4815
5639	-116.5830	-116.5830	-93.7306	0.8040	69.0813	0.5943	1.4e-04	0.4810
5640	-116.6164	-116.6164	-93.0968	0.7983	70.0012	0.6021	1.4e-04	0.4813
5641	-116.6039	-116.6039	-92.5548	0.7938	70.6766	0.6081	1.4e-04	0.4810
5642	-116.5879	-116.5879	-93.1218	0.7987	69.9086	0.6015	1.4e-04	0.4806
5643	-116.6183	-116.6183	-93.2702	0.7998	69.7643	0.6002	1.4e-04	0.4809
5644	-116.5961	-116.5961	-92.6535	0.7947	70.5502	0.6070	1.4e-04	0.4805
5645	-116.6023	-116.6023	-92.5744	0.7939	70.6069	0.6073	1.4e-04	0.4814
5646	-116.6080	-116.6080	-91.6670	0.7861	71.8491	0.6181	1.4e-04	0.4804
5647	-116.6013	-116.6013	-93.3836	0.8009	69.5512	0.5983	1.4e-04	0.4813
5648	-116.6064	-116.6064	-92.4127	0.7925	70.8726	0.6097	1.4e-04	0.4804
5649	-116.6063	-116.6063	-94.1225	0.8072	68.4986	0.5893	1.4e-04	0.4810
5650	-116.5875	-116.5875	-92.8840	0.7967	70.2393	0.6044	1.4e-04	0.4804
5651	-116.6015	-116.6015	-94.1201	0.8072	68.6200	0.5903	1.4e-04	0.4811
5652	-116.5986	-116.5986	-93.8090	0.8045	69.0275	0.5938	1.4e-04	0.4805
5653	-116.6036	-116.6036	-92.4072	0.7925	70.8919	0.6098	1.4e-04	0.4810
5654	-116.6111	-116.6111	-92.9984	0.7975	70.1017	0.6029	1.4e-04	0.4806
5655	-116.6030	-116.6030	-92.8499	0.7963	70.3276	0.6048	1.4e-04	0.4813
5656	-116.6133	-116.6133	-93.4279	0.8012	69.4818	0.5978	1.4e-04	0.4805
5657	-116.6052	-116.6052	-91.7707	0.7870	71.7274	0.6169	1.4e-04	0.4814
5658	-116.5936	-116.5936	-93.0913	0.7984	69.9819	0.6021	1.4e-04	0.4811
5659	-116.6077	-116.6077	-93.6506	0.8031	69.2663	0.5957	1.4e-04	0.4815
5660	-116.5863	-116.5863	-94.1323	0.8074	68.5876	0.5900	1.4e-04	0.4808
5661	-116.6255	-116.6255	-90.7325	0.7780	73.0260	0.6283	1.4e-04	0.4818
5662	-116.6167	-116.6167	-92.2739	0.7913	71.0478	0.6112	1.4e-04	0.4806
5663	-116.5778	-116.5778	-92.8243	0.7962	70.2987	0.6047	1.4e-04	0.4814
5664	-116.5981	-116.5981	-93.4401	0.8014	69.5324	0.5981	1.4e-04	0.4807
5665	-116.5969	-116.5969	-92.2424	0.7911	71.0997	0.6116	1.4e-04	0.4821
5666	-116.6024	-116.6024	-93.7980	0.8044	69.0360	0.5940	1.4e-04	0.4805
5667	-116.5946	-116.5946	-95.1110	0.8157	67.2164	0.5783	1.4e-04	0.4810
5668	-116.5978	-116.5978	-93.4036	0.8011	69.5803	0.5986	1.4e-04	0.4811
5669	-116.5943	-116.5943	-92.3417	0.7920	70.9492	0.6103	1.4e-04	0.4814
5670	-116.5835	-116.5835	-93.6655	0.8034	69.2154	0.5954	1.4e-04	0.4813
5671	-116.6087	-116.6087	-92.2763	0.7913	71.0799	0.6114	1.4e-04	0.4820
5672	-116.6226	-116.6226	-93.3007	0.8000	69.7391	0.6000	1.4e-04	0.4804
5673	-116.5932	-116.5932	-92.5743	0.7940	70.6369	0.6077	1.4e-04	0.4812
5674	-116.5801	-116.5801	-93.1578	0.7991	69.8642	0.6010	1.4e-04	0.4806
5675	-116.5925	-116.5925	-93.5648	0.8025	69.3605	0.5966	1.4e-04	0.4814
5676	-116.5984	-116.5984	-93.8545	0.8049	68.9698	0.5934	1.4e-04	0.4807
5677	-116.6155	-116.6155	-93.6156	0.8028	69.3038	0.5963	1.4e-04	0.4810
5678	-116.6087	-116.6087	-92.3210	0.7917	70.9486	0.6105	1.4e-04	0.4806
5679	-116.6172	-116.6172	-93.0185	0.7976	70.0801	0.6030	1.4e-04	0.4811
5680	-116.6113	-116.6113	-92.6156	0.7942	70.5872	0.6071	1.4e-04	0.4812
5681	-116.6044	-116.6044	-94.1208	0.8072	68.5632	0.5899	1.4e-04	0.4812
5682	-116.5980	-116.5980	-93.8719	0.8051	68.9515	0.5932	1.4e-04	0.4806
5683	-116.6104	-116.6104	-93.4523	0.8014	69.5200	0.5980	1.4e-04	0.4811
5684	-116.6106	-116.6106	-93.0759	0.7982	70.0141	0.6024	1.4e-04	0.4809
5685	-116.5940	-116.5940	-92.9502	0.7972	70.1215	0.6032	1.4e-04	0.4817
5686	-116.5975	-116.5975	-92.5061	0.7934	70.7347	0.6087	1.4e-04	0.4805
5687	-116.6205	-116.6205	-91.9507	0.7885	71.4939	0.6151	1.4e-04	0.4815
5688	-116.6140	-116.6140	-93.5621	0.8023	69.3887	0.5969	1.4e-04	0.4808
5689	-116.6083	-116.6083	-92.9960	0.7975	70.0838	0.6029	1.4e-04	0.4814
5690	-116.6097	-116.6097	-91.4921	0.7846	72.0703	0.6200	1.4e-04	0.4805
5691	-116.5939	-116.5939	-93.4966	0.8019	69.4301	0.5973	1.4e-04	0.4814
5692	-116.5862	-116.5862	-93.4258	0.8013	69.5249	0.5982	1.4e-04	0.4805
5693	-116.6165	-116.6165	-91.0830	0.7810	72.6116	0.6245	1.4e-04	0.4811
5694	-116.5934	-116.5934	-92.4541	0.7930	70.7698	0.6088	1.4e-04	0.4807
5695	-116.5841	-116.5841	-94.6843	0.8122	67.8150	0.5834	1.4e-04	0.4817
5696	-116.6130	-116.6130	-93.5490	0.8022	69.3872	0.5970	1.4e-04	0.4806
5697	-116.6162	-116.6162	-90.7948	0.7786	72.7519	0.6257	1.4e-04	0.4811
5698	-116.5569	-116.5569	-93.7715	0.8045	69.0143	0.5939	1.4e-04	0.4807
5699	-116.6079	-116.6079	-92.1330	0.7901	71.2417	0.6129	1.4e-04	0.4810
5700	-116.6261	-116.6261	-90.6066	0.7769	73.1967	0.6296	1.4e-04	0.4807
5701	-116.6132	-116.6132	-91.7864	0.7871	71.6629	0.6166	1.4e-04	0.4813
5702	-116.5995	-116.5995	-93.2571	0.7998	69.7140	0.5997	1.4e-04	0.4807
5703	-116.6015	-116.6015	-92.3290	0.7918	70.9772	0.6106	1.4e-04	0.4813
5704	-116.5980	-116.5980	-92.9704	0.7974	70.1396	0.6035	1.4e-04	0.4808
5705	-116.6056	-116.6056	-90.3577	0.7749	73.4796	0.6321	1.4e-04	0.4813
5706	-116.6012	-116.6012	-93.1507	0.7989	69.9024	0.6015	1.4e-04	0.4805
5707	-116.5888	-116.5888	-91.4580	0.7844	72.0706	0.6201	1.4e-04	0.4815
5708	-116.6033	-116.6033	-92.2270	0.7909	71.1304	0.6118	1.4e-04	0.4811
5709	-116.5943	-116.5943	-92.8275	0.7962	70.3471	0.6051	1.4e-04	0.4814
5710	-116.6112	-116.6112	-92.9651	0.7972	70.1444	0.6033	1.4e-04	0.4807
5711	-116.5856	-116.5856	-94.8063	0.8132	67.6016	0.5815	1.4e-04	0.4817
5712	-116.5963	-116.5963	-92.2825	0.7915	71.0403	0.6111	1.4e-04	0.4813
5713	-116.6142	-116.6142	-92.2366	0.7910	71.1268	0.6118	1.4e-04	0.4811
5714	-116.5997	-116.5997	-92.5059	0.7934	70.7670	0.6087	1.4e-04	0.4806
5715	-116.5994	-116.5994	-93.4815	0.8017	69.4233	0.5972	1.4e-04	0.4812
5716	-116.6155	-116.6155	-92.6069	0.7941	70.6454	0.6077	1.4e-04	0.4804
5717	-116.5999	-116.5999	-92.1819	0.7906	71.1906	0.6123	1.4e-04	0.4812
5718	-116.5886	-116.5886	-93.4578	0.8016	69.4927	0.5978	1.4e-04	0.4812
5719	-116.6177	-116.6177	-92.2397	0.7910	71.1255	0.6119	1.4e-04	0.4809
5720	-116.5863	-116.5863	-93.2302	0.7997	69.8014	0.6004	1.4e-04	0.4808
5721	-116.5844	-116.5844	-92.0140	0.7892	71.3794	0.6140	1.4e-04	0.4813
5722	-116.5810	-116.5810	-93.5389	0.8024	69.2970	0.5962	1.4e-04	0.4805
5723	-116.6072	-116.6072	-92.1709	0.7904	71.1864	0.6123	1.4e-04	0.4810
5724	-116.6147	-116.6147	-91.7952	0.7872	71.6713	0.6166	1.4e-04	0.4810
5725	-116.5924	-116.5924	-93.1187	0.7987	69.8462	0.6009	1.4e-04	0.4810
5726	-116.6074	-116.6074	-90.1126	0.7728	73.7782	0.6346	1.4e-04	0.4815
5727	-116.5962	-116.5962	-91.5358	0.7851	71.8698	0.6183	1.4e-04	0.4812
5728	-116.5915	-116.5915	-92.8160	0.7961	70.3507	0.6052	1.4e-04	0.4820
5729	-116.5735	-116.5735	-94.0781	0.8070	68.6214	0.5904	1.4e-04	0.4813
5730	-116.5920	-116.5920	-92.7147	0.7952	70.4709	0.6063	1.4e-04	0.4811
5731	-116.5934	-116.5934	-91.9383	0.7885	71.4757	0.6149	1.4e-04	0.4819
5732	-116.6001	-116.6001	-93.3132	0.8003	69.6995	0.5996	1.4e-04	0.4805
5733	-116.5974	-116.5974	-93.4605	0.8016	69.4811	0.5978	1.4e-04	0.4810
5734	-116.5997	-116.5997	-91.7199	0.7866	71.7652	0.6174	1.4e-04	0.4804
5735	-116.6082	-116.6082	-93.6424	0.8031	69.2861	0.5959	1.4e-04	0.4814
5736	-116.6048	-116.6048	-91.7349	0.7867	71.7542	0.6173	1.4e-04	0.4805
5737	-116.6102	-116.6102	-93.0872	0.7983	70.0173	0.6023	1.4e-04	0.4811
5738	-116.5953	-116.5953	-94.0325	0.8065	68.6786	0.5908	1.4e-04	0.4805
5739	-116.6028	-116.6028	-93.1531	0.7989	69.9251	0.6015	1.4e-04	0.4813
5740	-116.6168	-116.6168	-93.0190	0.7976	70.1233	0.6031	1.4e-04	0.4813
5741	-116.5996	-116.5996	-92.8905	0.7967	70.2601	0.6044	1.4e-04	0.4812
5742	-116.5953	-116.5953	-92.9147	0.7969	70.2073	0.6041	1.4e-04	0.4812
5743	-116.5895	-116.5895	-92.3858	0.7924	70.9055	0.6099	1.4e-04	0.4810
5744	-116.5870	-116.5870	-93.3205	0.8004	69.6755	0.5993	1.4e-04	0.4818
5745	-116.5927	-116.5927	-92.6375	0.7945	70.4979	0.6065	1.4e-04	0.4813
5746	-116.5793	-116.5793	-94.3707	0.8095	68.2410	0.5871	1.4e-04	0.4815
5747	-116.6266	-116.6266	-92.3559	0.7919	70.9914	0.6106	1.4e-04	0.4813
5748	-116.5957	-116.5957	-93.8705	0.8051	68.9542	0.5931	1.4e-04	0.4817
5749	-116.5843	-116.5843	-91.4426	0.7843	72.0881	0.6201	1.4e-04	0.4815
5750	-116.6034	-116.6034	-91.6790	0.7862	71.8137	0.6178	1.4e-04	0.4815
5751	-116.5921	-116.5921	-92.8251	0.7962	70.2073	0.6041	1.4e-04	0.4816
5752	-116.6181	-116.6181	-94.2653	0.8083	68.4280	0.5886	1.4e-04	0.4816
5753	-116.6101	-116.6101	-93.1008	0.7984	69.9216	0.6014	1.4e-04	0.4815
5754	-116.6057	-116.6057	-92.2960	0.7915	71.0452	0.6111	1.4e-04	0.4816
5755	-116.5963	-116.5963	-92.9604	0.7973	70.1714	0.6036	1.4e-04	0.4818
5756	-116.6161	-116.6161	-93.0938	0.7983	69.9681	0.6020	1.4e-04	0.4818
5757	-116.5843	-116.5843	-93.1016	0.7986	69.9824	0.6019	1.4e-04	0.4814
5758	-116.5979	-116.5979	-92.5855	0.7941	70.6423	0.6077	1.4e-04	0.4817
5759	-116.5970	-116.5970	-90.5234	0.7764	73.2564	0.6302	1.4e-04	0.4824
5760	-116.5914	-116.5914	-91.5294	0.7850	71.8991	0.6186	1.4e-04	0.4817
5761	-116.6121	-116.6121	-91.8185	0.7874	71.6319	0.6162	1.4e-04	0.4820
5762	-116.6031	-116.6031	-93.1876	0.7992	69.8862	0.6011	1.4e-04	0.4820
5763	-116.5901	-116.5901	-94.7406	0.8126	67.7556	0.5828	1.4e-04	0.4817
5764	-116.5930	-116.5930	-93.1000	0.7985	69.9744	0.6020	1.4e-04	0.4822
5765	-116.6037	-116.6037	-93.4047	0.8010	69.5931	0.5986	1.4e-04	0.4824
5766	-116.6008	-116.6008	-92.7279	0.7953	70.4650	0.6061	1.4e-04	0.4820
5767	-116.5955	-116.5955	-93.6478	0.8032	69.2436	0.5957	1.4e-04	0.4819
5768	-116.6025	-116.6025	-93.8110	0.8045	68.9997	0.5936	1.4e-04	0.4819
5769	-116.5995	-116.5995	-92.5683	0.7939	70.6010	0.6073	1.4e-04	0.4820
5770	-116.6289	-116.6289	-91.8744	0.7877	71.6117	0.6159	1.4e-04	0.4827
5771	-116.5858	-116.5858	-94.0638	0.8068	68.6051	0.5902	1.4e-04	0.4818
5772	-116.6040	-116.6040	-93.1047	0.7985	69.9719	0.6018	1.4e-04	0.4822
5773	-116.6005	-116.6005	-93.3255	0.8004	69.6952	0.5995	1.4e-04	0.4822
5774	-116.6027	-116.6027	-92.6218	0.7943	70.6227	0.6075	1.4e-04	0.4820
5775	-116.6288	-116.6288	-91.9940	0.7888	71.4471	0.6146	1.4e-04	0.4820
5776	-116.6120	-116.6120	-92.6417	0.7944	70.5799	0.6071	1.4e-04	0.4820
5777	-116.5940	-116.5940	-93.6172	0.8029	69.2719	0.5959	1.4e-04	0.4820
5778	-116.5753	-116.5753	-93.8383	0.8050	68.9113	0.5928	1.4e-04	0.4857
5779	-116.6223	-116.6223	-93.5582	0.8022	69.3786	0.5969	1.4e-04	0.4821
5780	-116.6110	-116.6110	-92.4362	0.7927	70.8130	0.6094	1.4e-04	0.4823
5781	-116.5917	-116.5917	-93.9674	0.8060	68.7952	0.5917	1.4e-04	0.4822
5782	-116.6026	-116.6026	-94.0800	0.8068	68.5638	0.5899	1.4e-04	0.4825
5783	-116.6009	-116.6009	-93.5718	0.8025	69.3532	0.5966	1.4e-04	0.4819
5784	-116.6139	-116.6139	-93.5883	0.8025	69.3469	0.5965	1.4e-04	0.4822
5785	-116.6052	-116.6052	-94.5162	0.8106	68.0432	0.5853	1.4e-04	0.4828
5786	-116.5829	-116.5829	-94.4768	0.8104	68.0914	0.5858	1.4e-04	0.4820
5787	-116.6025	-116.6025	-93.4450	0.8014	69.5260	0.5980	1.4e-04	0.4819
5788	-116.5883	-116.5883	-93.1070	0.7986	69.9371	0.6016	1.4e-04	0.4819
5789	-116.5969	-116.5969	-94.8061	0.8131	67.6293	0.5818	1.4e-04	0.4822
5790	-116.6051	-116.6051	-92.8142	0.7960	70.3658	0.6053	1.4e-04	0.4819
5791	-116.6127	-116.6127	-93.5184	0.8020	69.4445	0.5973	1.4e-04	0.4820
5792	-116.5835	-116.5835	-93.0263	0.7979	70.0611	0.6027	1.4e-04	0.4818
5793	-116.5867	-116.5867	-91.1965	0.7822	72.3862	0.6227	1.4e-04	0.4819
5794	-116.5866	-116.5866	-94.6044	0.8115	67.9408	0.5844	1.4e-04	0.4821
5795	-116.5998	-116.5998	-93.6218	0.8029	69.2536	0.5958	1.4e-04	0.4829
5796	-116.5916	-116.5916	-94.3873	0.8096	68.2124	0.5867	1.4e-04	0.4820
5797	-116.5883	-116.5883	-92.9225	0.7970	70.2162	0.6039	1.4e-04	0.4821
5798	-116.6092	-116.6092	-92.5954	0.7941	70.6405	0.6076	1.4e-04	0.4819
5799	-116.6151	-116.6151	-93.3334	0.8004	69.4864	0.5975	1.4e-04	0.4812
5800	-116.6195	-116.6195	-93.1463	0.7987	69.9377	0.6015	1.4e-04	0.4814
5801	-116.6060	-116.6060	-94.4736	0.8102	68.1213	0.5861	1.4e-04	0.4812
5802	-116.6003	-116.6003	-93.1765	0.7991	69.8722	0.6011	1.4e-04	0.4812
5803	-116.6032	-116.6032	-94.8113	0.8131	67.6820	0.5821	1.4e-04	0.4811
5804	-116.6193	-116.6193	-91.8004	0.7872	71.6952	0.6167	1.4e-04	0.4805
5805	-116.5663	-116.5663	-93.9939	0.8064	68.5812	0.5900	1.4e-04	0.4815
5806	-116.6118	-116.6118	-92.2280	0.7909	71.1100	0.6117	1.4e-04	0.4810
5807	-116.5959	-116.5959	-94.3433	0.8091	68.2952	0.5875	1.4e-04	0.4811
5808	-116.5989	-116.5989	-92.4576	0.7930	70.7945	0.6088	1.4e-04	0.4807
5809	-116.6038	-116.6038	-93.4160	0.8011	69.5405	0.5982	1.4e-04	0.4819
5810	-116.5937	-116.5937	-94.3916	0.8096	68.1842	0.5865	1.4e-04	0.4805
5811	-116.6074	-116.6074	-93.0286	0.7978	70.1040	0.6029	1.4e-04	0.4814
5812	-116.6010	-116.6010	-93.2155	0.7994	69.6975	0.5995	1.4e-04	0.4812
5813	-116.5864	-116.5864	-94.7911	0.8131	67.6758	0.5822	1.4e-04	0.4813
5814	-116.6029	-116.6029	-93.0900	0.7984	70.0020	0.6022	1.4e-04	0.4804
5815	-116.6285	-116.6285	-93.8433	0.8046	69.0179	0.5937	1.4e-04	0.4812
5816	-116.6081	-116.6081	-94.7662	0.8127	67.7351	0.5827	1.4e-04	0.4805
5817	-116.6006	-116.6006	-93.3581	0.8007	69.5951	0.5987	1.4e-04	0.4816
5818	-116.6016	-116.6016	-94.1265	0.8072	68.6087	0.5902	1.4e-04	0.4807
5819	-116.5821	-116.5821	-96.2266	0.8254	65.6269	0.5646	1.4e-04	0.4813
5820	-116.6169	-116.6169	-95.4262	0.8183	66.8010	0.5745	1.4e-04	0.4807
5821	-116.6031	-116.6031	-93.3761	0.8008	69.4979	0.5978	1.4e-04	0.4813
5822	-116.5970	-116.5970	-94.3808	0.8095	68.2064	0.5868	1.4e-04	0.4807
5823	-116.6050	-116.6050	-91.6113	0.7857	71.9055	0.6186	1.4e-04	0.4817
5824	-116.5945	-116.5945	-93.4386	0.8014	69.4273	0.5972	1.4e-04	0.4807
5825	-116.6086	-116.6086	-93.4960	0.8018	69.4712	0.5976	1.4e-04	0.4814
5826	-116.6030	-116.6030	-94.0889	0.8069	68.6550	0.5907	1.4e-04	0.4807
5827	-116.6061	-116.6061	-92.0377	0.7893	71.3787	0.6139	1.4e-04	0.4813
5828	-116.5988	-116.5988	-95.9934	0.8233	65.9886	0.5676	1.4e-04	0.4806
5829	-116.5917	-116.5917	-94.9934	0.8148	67.3919	0.5798	1.4e-04	0.4814
5830	-116.6139	-116.6139	-94.3894	0.8094	68.2647	0.5872	1.4e-04	0.4806
5831	-116.5862	-116.5862	-94.7885	0.8130	67.6683	0.5822	1.4e-04	0.4818
5832	-116.6045	-116.6045	-93.3628	0.8007	69.6226	0.5990	1.4e-04	0.4810
5833	-116.6108	-116.6108	-94.0738	0.8067	68.6908	0.5909	1.4e-04	0.4812
5834	-116.6086	-116.6086	-93.4516	0.8014	69.4981	0.5977	1.4e-04	0.4805
5835	-116.5886	-116.5886	-94.8359	0.8134	67.6098	0.5817	1.4e-04	0.4813
5836	-116.5860	-116.5860	-95.2415	0.8169	66.9950	0.5765	1.4e-04	0.4807
5837	-116.5913	-116.5913	-93.2114	0.7995	69.7415	0.6000	1.4e-04	0.4811
5838	-116.5865	-116.5865	-94.3513	0.8093	68.2582	0.5874	1.4e-04	0.4806
5839	-116.6029	-116.6029	-93.2984	0.8001	69.6798	0.5995	1.4e-04	0.4814
5840	-116.5830	-116.5830	-93.9762	0.8061	68.7789	0.5915	1.4e-04	0.4807
5841	-116.6060	-116.6060	-92.3224	0.7917	70.9607	0.6105	1.4e-04	0.4812
5842	-116.6010	-116.6010	-94.2290	0.8081	68.4684	0.5890	1.4e-04	0.4807
5843	-116.6095	-116.6095	-93.4616	0.8015	69.4466	0.5974	1.4e-04	0.4814
5844	-116.6238	-116.6238	-91.4440	0.7841	72.1430	0.6205	1.4e-04	0.4805
5845	-116.5850	-116.5850	-93.9854	0.8062	68.6935	0.5910	1.4e-04	0.4815
5846	-116.6013	-116.6013	-94.2269	0.8081	68.3898	0.5884	1.4e-04	0.4807
5847	-116.5998	-116.5998	-93.7331	0.8039	69.1458	0.5948	1.4e-04	0.4817
5848	-116.5968	-116.5968	-92.9272	0.7970	70.2127	0.6040	1.4e-04	0.4809
5849	-116.5820	-116.5820	-93.9268	0.8057	68.8285	0.5921	1.4e-04	0.4819
5850	-116.5855	-116.5855	-94.7877	0.8130	67.6679	0.5821	1.4e-04	0.4805
5851	-116.5981	-116.5981	-93.5131	0.8020	69.4178	0.5972	1.4e-04	0.4813
5852	-116.5983	-116.5983	-93.0622	0.7981	69.9609	0.6018	1.4e-04	0.4806
5853	-116.5889	-116.5889	-94.3984	0.8097	68.2016	0.5867	1.4e-04	0.4823
5854	-116.5901	-116.5901	-94.5476	0.8109	68.0031	0.5850	1.4e-04	0.4805
5855	-116.6045	-116.6045	-94.3640	0.8093	68.2871	0.5874	1.4e-04	0.4813
5856	-116.5975	-116.5975	-93.2234	0.7995	69.5557	0.5982	1.4e-04	0.4809
5857	-116.6019	-116.6019	-93.2667	0.7999	69.7736	0.6002	1.4e-04	0.4810
5858	-116.6203	-116.6203	-92.7736	0.7955	70.4458	0.6059	1.4e-04	0.4809
5859	-116.6142	-116.6142	-94.4369	0.8098	68.1816	0.5865	1.4e-04	0.4819
5860	-116.5964	-116.5964	-95.2980	0.8173	66.9626	0.5760	1.4e-04	0.4807
5861	-116.6017	-116.6017	-94.9320	0.8142	67.4951	0.5806	1.4e-04	0.4812
5862	-116.6016	-116.6016	-92.5568	0.7938	70.7039	0.6082	1.4e-04	0.4810
5863	-116.5866	-116.5866	-93.8657	0.8051	68.9511	0.5930	1.4e-04	0.4814
5864	-116.6207	-116.6207	-93.2185	0.7993	69.8309	0.6007	1.4e-04	0.4805
5865	-116.5841	-116.5841	-93.5977	0.8028	69.2968	0.5962	1.4e-04	0.4815
5866	-116.6143	-116.6143	-92.8212	0.7960	70.3419	0.6053	1.4e-04	0.4810
5867	-116.6133	-116.6133	-94.8574	0.8134	67.6055	0.5816	1.4e-04	0.4808
5868	-116.6026	-116.6026	-94.4819	0.8103	68.0901	0.5857	1.4e-04	0.4804
5869	-116.6003	-116.6003	-93.7807	0.8043	69.0490	0.5939	1.4e-04	0.4813
5870	-116.6070	-116.6070	-93.0889	0.7983	69.9350	0.6017	1.4e-04	0.4807
5871	-116.5915	-116.5915	-94.5837	0.8112	67.9759	0.5847	1.4e-04	0.4812
5872	-116.6075	-116.6075	-94.1545	0.8074	68.5699	0.5899	1.4e-04	0.4803
5873	-116.6117	-116.6117	-93.2786	0.7999	69.7314	0.5999	1.4e-04	0.4814
5874	-116.5978	-116.5978	-93.8836	0.8052	68.9211	0.5928	1.4e-04	0.4806
5875	-116.5718	-116.5718	-96.2223	0.8254	65.5889	0.5642	1.4e-04	0.4813
5876	-116.5964	-116.5964	-95.0033	0.8148	67.3764	0.5796	1.4e-04	0.4808
5877	-116.6168	-116.6168	-94.4823	0.8102	68.1572	0.5861	1.4e-04	0.4811
5878	-116.5840	-116.5840	-93.8962	0.8054	68.8597	0.5924	1.4e-04	0.4807
5879	-116.5855	-116.5855	-96.6111	0.8287	65.0000	0.5591	1.4e-04	0.4814
5880	-116.6060	-116.6060	-95.2740	0.8171	66.9858	0.5762	1.4e-04	0.4806
5881	-116.6129	-116.6129	-94.5771	0.8110	67.9870	0.5847	1.4e-04	0.4812
5882	-116.6000	-116.6000	-95.3821	0.8180	66.8456	0.5752	1.4e-04	0.4807
5883	-116.6062	-116.6062	-94.0949	0.8069	68.6456	0.5906	1.4e-04	0.4814
5884	-116.5957	-116.5957	-92.3476	0.7920	70.9555	0.6104	1.4e-04	0.4807
5885	-116.5821	-116.5821	-93.5326	0.8023	69.3899	0.5969	1.4e-04	0.4811
5886	-116.6018	-116.6018	-94.2005	0.8079	68.4965	0.5893	1.4e-04	0.4805
5887	-116.5815	-116.5815	-96.1651	0.8249	65.7189	0.5653	1.4e-04	0.4812
5888	-116.6057	-116.6057	-93.1001	0.7984	69.9924	0.6021	1.4e-04	0.4807
5889	-116.6135	-116.6135	-92.7998	0.7958	70.3612	0.6052	1.4e-04	0.4814
5890	-116.5970	-116.5970	-94.7300	0.8125	67.7739	0.5830	1.4e-04	0.4806
5891	-116.5722	-116.5722	-94.9761	0.8147	67.3996	0.5798	1.4e-04	0.4810
5892	-116.6015	-116.6015	-95.2033	0.8165	67.1144	0.5773	1.4e-04	0.4805
5893	-116.6078	-116.6078	-94.6453	0.8117	67.8972	0.5841	1.4e-04	0.4811
5894	-116.5973	-116.5973	-93.9928	0.8061	68.7908	0.5917	1.4e-04	0.4807
5895	-116.5902	-116.5902	-96.2567	0.8256	65.5836	0.5641	1.4e-04	0.4813
5896	-116.6095	-116.6095	-94.8340	0.8133	67.6447	0.5819	1.4e-04	0.4809
5897	-116.6037	-116.6037	-94.1096	0.8071	68.6100	0.5901	1.4e-04	0.4811
5898	-116.6042	-116.6042	-93.9666	0.8059	68.8286	0.5920	1.4e-04	0.4807
5899	-116.5953	-116.5953	-95.5103	0.8192	66.6773	0.5736	1.4e-04	0.4819
5900	-116.6075	-116.6075	-94.1949	0.8078	68.5328	0.5895	1.4e-04	0.4810
5901	-116.6017	-116.6017	-93.5778	0.8025	69.3590	0.5966	1.4e-04	0.4810
5902	-116.5845	-116.5845	-95.4433	0.8187	66.6915	0.5739	1.4e-04	0.4806
5903	-116.5941	-116.5941	-94.6099	0.8114	67.8779	0.5840	1.4e-04	0.4816
5904	-116.5937	-116.5937	-95.1877	0.8164	67.1145	0.5774	1.4e-04	0.4811
5905	-116.5911	-116.5911	-95.6828	0.8207	66.4243	0.5714	1.4e-04	0.4813
5906	-116.6049	-116.6049	-93.0807	0.7983	70.0097	0.6023	1.4e-04	0.4815
5907	-116.6200	-116.6200	-93.2444	0.7996	69.8033	0.6005	1.4e-04	0.4812
5908	-116.6101	-116.6101	-93.3547	0.8006	69.6172	0.5988	1.4e-04	0.4814
5909	-116.5997	-116.5997	-95.3704	0.8179	66.7940	0.5746	1.4e-04	0.4813
5910	-116.5926	-116.5926	-93.1451	0.7989	69.8184	0.6006	1.4e-04	0.4816
5911	-116.5920	-116.5920	-94.2863	0.8087	68.3975	0.5882	1.4e-04	0.4819
5912	-116.6081	-116.6081	-94.0741	0.8068	68.6810	0.5908	1.4e-04	0.4814
5913	-116.5874	-116.5874	-95.8920	0.8225	66.1104	0.5687	1.4e-04	0.4810
5914	-116.5979	-116.5979	-93.6417	0.8031	69.2658	0.5958	1.4e-04	0.4810
5915	-116.5882	-116.5882	-94.9344	0.8143	67.3928	0.5797	1.4e-04	0.4813
5916	-116.5943	-116.5943	-95.0812	0.8155	67.2711	0.5787	1.4e-04	0.4818
5917	-116.6305	-116.6305	-95.2074	0.8163	67.1292	0.5773	1.4e-04	0.4815
5918	-116.5846	-116.5846	-94.6463	0.8118	67.8553	0.5837	1.4e-04	0.4818
5919	-116.5948	-116.5948	-94.6178	0.8115	67.9208	0.5843	1.4e-04	0.4814
5920	-116.6058	-116.6058	-93.8620	0.8050	68.9636	0.5933	1.4e-04	0.4811
5921	-116.6139	-116.6139	-92.4435	0.7927	70.8156	0.6091	1.4e-04	0.4811
5922	-116.5991	-116.5991	-93.5738	0.8025	69.3583	0.5966	1.4e-04	0.4804
5923	-116.6099	-116.6099	-92.9879	0.7974	70.1064	0.6030	1.4e-04	0.4815
5924	-116.5867	-116.5867	-94.9508	0.8144	67.4547	0.5803	1.4e-04	0.4809
5925	-116.5940	-116.5940	-94.3963	0.8096	68.2204	0.5869	1.4e-04	0.4814
5926	-116.6223	-116.6223	-94.5132	0.8104	68.1096	0.5858	1.4e-04	0.4812
5927	-116.5951	-116.5951	-92.8885	0.7967	70.2260	0.6042	1.4e-04	0.4812
5928	-116.5891	-116.5891	-94.4283	0.8099	68.1887	0.5865	1.4e-04	0.4809
5929	-116.6135	-116.6135	-94.3244	0.8089	68.3696	0.5880	1.4e-04	0.4814
5930	-116.5859	-116.5859	-94.9695	0.8146	67.3681	0.5793	1.4e-04	0.4806
5931	-116.5834	-116.5834	-95.8221	0.8219	66.2062	0.5696	1.4e-04	0.4812
5932	-116.6044	-116.6044	-93.4879	0.8018	69.4791	0.5976	1.4e-04	0.4815
5933	-116.6026	-116.6026	-93.9320	0.8056	68.8303	0.5921	1.4e-04	0.4814
5934	-116.6135	-116.6135	-92.4454	0.7928	70.7730	0.6089	1.4e-04	0.4816
5935	-116.5848	-116.5848	-94.9460	0.8144	67.4542	0.5803	1.4e-04	0.4815
5936	-116.5998	-116.5998	-94.2342	0.8082	68.4617	0.5889	1.4e-04	0.4815
5937	-116.5869	-116.5869	-94.7654	0.8128	67.7128	0.5825	1.4e-04	0.4818
5938	-116.6259	-116.6259	-92.8795	0.7964	70.3119	0.6046	1.4e-04	0.4812
5939	-116.5835	-116.5835	-95.0763	0.8155	67.2884	0.5787	1.4e-04	0.4818
5940	-116.6005	-116.6005	-94.4052	0.8096	68.2013	0.5868	1.4e-04	0.4819
5941	-116.5986	-116.5986	-93.9960	0.8062	68.7826	0.5917	1.4e-04	0.4816
5942	-116.5941	-116.5941	-92.7069	0.7951	70.5059	0.6064	1.4e-04	0.4822
5943	-116.5959	-116.5959	-94.3685	0.8094	68.2555	0.5872	1.4e-04	0.4822
5944	-116.6075	-116.6075	-93.2627	0.7998	69.7552	0.6001	1.4e-04	0.4820
5945	-116.5839	-116.5839	-94.5342	0.8109	68.0237	0.5852	1.4e-04	0.4820
5946	-116.5736	-116.5736	-94.4543	0.8103	68.1234	0.5861	1.4e-04	0.4817
5947	-116.6076	-116.6076	-93.1800	0.7991	69.8143	0.6005	1.4e-04	0.4821
5948	-116.6076	-116.6076	-94.1089	0.8071	68.6446	0.5904	1.4e-04	0.4820
5949	-116.5792	-116.5792	-94.1486	0.8076	68.5268	0.5896	1.4e-04	0.4815
5950	-116.6129	-116.6129	-91.5079	0.7847	72.0509	0.6199	1.4e-04	0.4815
5951	-116.5868	-116.5868	-94.2938	0.8088	68.3543	0.5880	1.4e-04	0.4816
5952	-116.5703	-116.5703	-94.9729	0.8147	67.3908	0.5798	1.4e-04	0.4820
5953	-116.6007	-116.6007	-95.0905	0.8155	67.2799	0.5787	1.4e-04	0.4819
5954	-116.6008	-116.6008	-93.9456	0.8057	68.8422	0.5922	1.4e-04	0.4826
5955	-116.5957	-116.5957	-94.6076	0.8114	67.8939	0.5841	1.4e-04	0.4814
5956	-116.5829	-116.5829	-94.5560	0.8111	67.9970	0.5850	1.4e-04	0.4814
5957	-116.5896	-116.5896	-93.7744	0.8043	69.0848	0.5942	1.4e-04	0.4819
5958	-116.6021	-116.6021	-93.2614	0.7998	69.7711	0.6002	1.4e-04	0.4821
5959	-116.6033	-116.6033	-93.3601	0.8007	69.6325	0.5990	1.4e-04	0.4810
5960	-116.6091	-116.6091	-94.9209	0.8140	67.5121	0.5807	1.4e-04	0.4816
5961	-116.6029	-116.6029	-93.3631	0.8007	69.5802	0.5986	1.4e-04	0.4819
5962	-116.6045	-116.6045	-94.7022	0.8122	67.8207	0.5834	1.4e-04	0.4819
5963	-116.6015	-116.6015	-93.7090	0.8037	69.1781	0.5951	1.4e-04	0.4819
5964	-116.6189	-116.6189	-94.9286	0.8140	67.5263	0.5808	1.4e-04	0.4824
5965	-116.5853	-116.5853	-95.6489	0.8204	66.4624	0.5717	1.4e-04	0.4823
5966	-116.5843	-116.5843	-94.5165	0.8107	68.0460	0.5854	1.4e-04	0.4820
5967	-116.6017	-116.6017	-94.4195	0.8098	68.2040	0.5867	1.4e-04	0.4826
5968	-116.6059	-116.6059	-94.1997	0.8078	68.5144	0.5893	1.4e-04	0.4818
5969	-116.6245	-116.6245	-92.4326	0.7926	70.8548	0.6095	1.4e-04	0.4816
5970	-116.5911	-116.5911	-93.8076	0.8046	68.9148	0.5930	1.4e-04	0.4819
5971	-116.5980	-116.5980	-95.5982	0.8199	66.5517	0.5724	1.4e-04	0.4825
5972	-116.6055	-116.6055	-93.7802	0.8043	69.0949	0.5943	1.4e-04	0.4826
5973	-116.5980	-116.5980	-93.9712	0.8059	68.8072	0.5919	1.4e-04	0.4823
5974	-116.6089	-116.6089	-93.5723	0.8024	69.3719	0.5967	1.4e-04	0.4821
5975	-116.5919	-116.5919	-92.6390	0.7946	70.5952	0.6071	1.4e-04	0.4825
5976	-116.6112	-116.6112	-94.5893	0.8112	67.9877	0.5848	1.4e-04	0.4821
5977	-116.6036	-116.6036	-95.8928	0.8224	66.1212	0.5688	1.4e-04	0.4819
5978	-116.6032	-116.6032	-94.0753	0.8068	68.6852	0.5908	1.4e-04	0.4818
5979	-116.6207	-116.6207	-93.8112	0.8044	69.0069	0.5935	1.4e-04	0.4824
5980	-116.6063	-116.6063	-94.5412	0.8108	68.0293	0.5852	1.4e-04	0.4826
5981	-116.5986	-116.5986	-95.3149	0.8175	66.9431	0.5759	1.4e-04	0.4817
5982	-116.5801	-116.5801	-94.9589	0.8145	67.4410	0.5801	1.4e-04	0.4819
5983	-116.5843	-116.5843	-94.2012	0.8080	68.4673	0.5890	1.4e-04	0.4824
5984	-116.5933	-116.5933	-94.8400	0.8134	67.5645	0.5812	1.4e-04	0.4827
5985	-116.5994	-116.5994	-94.4333	0.8099	68.1704	0.5865	1.4e-04	0.4825
5986	-116.6083	-116.6083	-94.7306	0.8124	67.7582	0.5830	1.4e-04	0.4816
5987	-116.5929	-116.5929	-94.3199	0.8090	68.3329	0.5878	1.4e-04	0.4817
5988	-116.6020	-116.6020	-95.2840	0.8172	66.9866	0.5763	1.4e-04	0.4818
5989	-116.6062	-116.6062	-94.9355	0.8142	67.4765	0.5805	1.4e-04	0.4819
5990	-116.6031	-116.6031	-93.8653	0.8050	68.8679	0.5924	1.4e-04	0.4822
5991	-116.5940	-116.5940	-93.9524	0.8058	68.8319	0.5920	1.4e-04	0.4824
5992	-116.6132	-116.6132	-92.8108	0.7959	70.3947	0.6053	1.4e-04	0.4829
5993	-116.5868	-116.5868	-95.0200	0.8150	67.3599	0.5793	1.4e-04	0.4825
5994	-116.6235	-116.6235	-93.5298	0.8020	69.4475	0.5973	1.4e-04	0.4824
5995	-116.5982	-116.5982	-94.2469	0.8083	68.4372	0.5887	1.4e-04	0.4827
5996	-116.6094	-116.6094	-93.8838	0.8051	68.9300	0.5929	1.4e-04	0.4825
5997	-116.5951	-116.5951	-93.6453	0.8032	69.2479	0.5957	1.4e-04	0.4824
5998	-116.6015	-116.6015	-95.6240	0.8201	66.5281	0.5722	1.4e-04	0.4826
5999	-116.5886	-116.5886	-96.0874	0.8242	65.7402	0.5655	1.4e-04	0.4824
6000	-116.5874	-116.5874	-95.9938	0.8234	65.9307	0.5671	1.4e-04	0.4862
6001	-116.6011	-116.6011	-95.8834	0.8223	66.1206	0.5688	1.4e-04	0.4824
6002	-116.5869	-116.5869	-94.1431	0.8075	68.5730	0.5899	1.4e-04	0.4827
6003	-116.6035	-116.6035	-94.1087	0.8071	68.6456	0.5904	1.4e-04	0.4834
6004	-116.5960	-116.5960	-95.2984	0.8173	66.9774	0.5761	1.4e-04	0.4824
6005	-116.5981	-116.5981	-96.4928	0.8276	65.2177	0.5610	1.4e-04	0.4825
6006	-116.6048	-116.6048	-93.4351	0.8013	69.5417	0.5983	1.4e-04	0.4816
6007	-116.6169	-116.6169	-94.9425	0.8141	67.5041	0.5806	1.4e-04	0.4817
6008	-116.6026	-116.6026	-93.5367	0.8022	69.3883	0.5970	1.4e-04	0.4819
6009	-116.6152	-116.6152	-93.8262	0.8046	68.9978	0.5936	1.4e-04	0.4822
6010	-116.5847	-116.5847	-94.1344	0.8074	68.5500	0.5896	1.4e-04	0.4821
6011	-116.6007	-116.6007	-94.5449	0.8108	68.0471	0.5852	1.4e-04	0.4824
6012	-116.5942	-116.5942	-93.8134	0.8046	68.9871	0.5934	1.4e-04	0.4822
6013	-116.6037	-116.6037	-94.2634	0.8084	68.4130	0.5884	1.4e-04	0.4828
6014	-116.6143	-116.6143	-92.9409	0.7970	70.2101	0.6039	1.4e-04	0.4818
6015	-116.6082	-116.6082	-93.9693	0.8059	68.6999	0.5908	1.4e-04	0.4825
6016	-116.6045	-116.6045	-94.2560	0.8083	68.4362	0.5887	1.4e-04	0.4827
6017	-116.6114	-116.6114	-94.3893	0.8094	68.2578	0.5872	1.4e-04	0.4819
6018	-116.6043	-116.6043	-94.2149	0.8080	68.4909	0.5891	1.4e-04	0.4816
6019	-116.5899	-116.5899	-93.3968	0.8011	69.4857	0.5978	1.4e-04	0.4822
6020	-116.6042	-116.6042	-93.3278	0.8004	69.6655	0.5993	1.4e-04	0.4823
6021	-116.6107	-116.6107	-93.9878	0.8060	68.7945	0.5919	1.4e-04	0.4820
6022	-116.5880	-116.5880	-95.1690	0.8163	67.1094	0.5773	1.4e-04	0.4820
6023	-116.5831	-116.5831	-94.3765	0.8095	68.2386	0.5871	1.4e-04	0.4829
6024	-116.6182	-116.6182	-93.7846	0.8042	69.1016	0.5943	1.4e-04	0.4821
6025	-116.6066	-116.6066	-94.7663	0.8127	67.6670	0.5820	1.4e-04	0.4818
6026	-116.6067	-116.6067	-94.8569	0.8135	67.6111	0.5816	1.4e-04	0.4816
6027	-116.6147	-116.6147	-95.6370	0.8201	66.4946	0.5722	1.4e-04	0.4818
6028	-116.6058	-116.6058	-95.1319	0.8158	67.2289	0.5782	1.4e-04	0.4817
6029	-116.6221	-116.6221	-94.0472	0.8064	68.7083	0.5911	1.4e-04	0.4821
6030	-116.6228	-116.6228	-93.3249	0.8002	69.7177	0.5997	1.4e-04	0.4820
6031	-116.6061	-116.6061	-93.4014	0.8010	69.5930	0.5987	1.4e-04	0.4811
6032	-116.5984	-116.5984	-94.4190	0.8098	68.1985	0.5866	1.4e-04	0.4820
6033	-116.6187	-116.6187	-94.1767	0.8076	68.5549	0.5897	1.4e-04	0.4822
6034	-116.5825	-116.5825	-96.0252	0.8237	65.9057	0.5669	1.4e-04	0.4815
6035	-116.5888	-116.5888	-95.1831	0.8164	67.1139	0.5774	1.4e-04	0.4816
6036	-116.6024	-116.6024	-94.8606	0.8135	67.5600	0.5812	1.4e-04	0.4836
6037	-116.6297	-116.6297	-94.4847	0.8101	68.0981	0.5860	1.4e-04	0.4819
6038	-116.5987	-116.5987	-93.2257	0.7995	69.8365	0.6006	1.4e-04	0.4816
6039	-116.6062	-116.6062	-95.8007	0.8216	66.2653	0.5701	1.4e-04	0.4814
6040	-116.5893	-116.5893	-95.4231	0.8185	66.7770	0.5745	1.4e-04	0.4821
6041	-116.6054	-116.6054	-93.3085	0.8002	69.6957	0.5996	1.4e-04	0.4819
6042	-116.6109	-116.6109	-93.7061	0.8036	69.1531	0.5949	1.4e-04	0.4815
6043	-116.6192	-116.6192	-93.4909	0.8017	69.4685	0.5975	1.4e-04	0.4816
6044	-116.5832	-116.5832	-94.9474	0.8144	67.4456	0.5803	1.4e-04	0.4824
6045	-116.5921	-116.5921	-94.6107	0.8115	67.9419	0.5844	1.4e-04	0.4811
6046	-116.6078	-116.6078	-94.8810	0.8137	67.5824	0.5813	1.4e-04	0.4819
6047	-116.6018	-116.6018	-95.0077	0.8148	67.3911	0.5797	1.4e-04	0.4814
6048	-116.5834	-116.5834	-93.3888	0.8010	69.5204	0.5981	1.4e-04	0.4803
6049	-116.6024	-116.6024	-93.7631	0.8041	69.0798	0.5942	1.4e-04	0.4812
6050	-116.6214	-116.6214	-94.2585	0.8082	68.4489	0.5887	1.4e-04	0.4803
6051	-116.5961	-116.5961	-94.1157	0.8072	68.5977	0.5901	1.4e-04	0.4811
6052	-116.6293	-116.6293	-93.5206	0.8019	69.4575	0.5975	1.4e-04	0.4806
6053	-116.5976	-116.5976	-92.7677	0.7956	70.3747	0.6054	1.4e-04	0.4811
6054	-116.5894	-116.5894	-93.8525	0.8050	68.9237	0.5930	1.4e-04	0.4807
6055	-116.5912	-116.5912	-93.6001	0.8028	69.2901	0.5961	1.4e-04	0.4810
6056	-116.6010	-116.6010	-94.1458	0.8074	68.5503	0.5898	1.4e-04	0.4803
6057	-116.6094	-116.6094	-92.8406	0.7962	70.2893	0.6047	1.4e-04	0.4810
6058	-116.6068	-116.6068	-94.0450	0.8065	68.7224	0.5912	1.4e-04	0.4804
6059	-116.6123	-116.6123	-93.8377	0.8047	69.0122	0.5936	1.4e-04	0.4815
6060	-116.6058	-116.6058	-94.9607	0.8144	67.4621	0.5802	1.4e-04	0.4805
6061	-116.6013	-116.6013	-96.0417	0.8237	65.9187	0.5670	1.4e-04	0.4812
6062	-116.6127	-116.6127	-92.8065	0.7959	70.3772	0.6054	1.4e-04	0.4808
6063	-116.6027	-116.6027	-94.0740	0.8068	68.6705	0.5908	1.4e-04	0.4813
6064	-116.5711	-116.5711	-96.1862	0.8251	65.6558	0.5648	1.4e-04	0.4806
6065	-116.5921	-116.5921	-94.4241	0.8099	68.1475	0.5863	1.4e-04	0.4809
6066	-116.6066	-116.6066	-95.5713	0.8196	66.6011	0.5729	1.4e-04	0.4805
6067	-116.5963	-116.5963	-94.3313	0.8090	68.3296	0.5877	1.4e-04	0.4813
6068	-116.6068	-116.6068	-94.7444	0.8125	67.7690	0.5829	1.4e-04	0.4805
6069	-116.6112	-116.6112	-93.2739	0.7999	69.7648	0.6001	1.4e-04	0.4812
6070	-116.5984	-116.5984	-92.9694	0.7973	70.1361	0.6035	1.4e-04	0.4805
6071	-116.6016	-116.6016	-94.3667	0.8093	68.2773	0.5874	1.4e-04	0.4811
6072	-116.5961	-116.5961	-94.4224	0.8098	68.2062	0.5867	1.4e-04	0.4807
6073	-116.6173	-116.6173	-93.1247	0.7985	69.9434	0.6017	1.4e-04	0.4812
6074	-116.5925	-116.5925	-93.4601	0.8016	69.4787	0.5978	1.4e-04	0.4809
6075	-116.5903	-116.5903	-95.8640	0.8222	66.1251	0.5689	1.4e-04	0.4813
6076	-116.5751	-116.5751	-94.3822	0.8096	68.2088	0.5868	1.4e-04	0.4804
6077	-116.5942	-116.5942	-94.3975	0.8096	68.1762	0.5865	1.4e-04	0.4815
6078	-116.6098	-116.6098	-93.7536	0.8040	69.1192	0.5946	1.4e-04	0.4805
6079	-116.6156	-116.6156	-94.2596	0.8083	68.4398	0.5888	1.4e-04	0.4811
6080	-116.6003	-116.6003	-94.7536	0.8126	67.7505	0.5828	1.4e-04	0.4807
6081	-116.6122	-116.6122	-94.4583	0.8100	68.1415	0.5862	1.4e-04	0.4812
6082	-116.6078	-116.6078	-92.7690	0.7956	70.4236	0.6058	1.4e-04	0.4807
6083	-116.6060	-116.6060	-94.8222	0.8132	67.6071	0.5815	1.4e-04	0.4818
6084	-116.6050	-116.6050	-94.3566	0.8092	68.3108	0.5875	1.4e-04	0.4813
6085	-116.5891	-116.5891	-95.2239	0.8167	67.0670	0.5769	1.4e-04	0.4810
6086	-116.5936	-116.5936	-96.2625	0.8256	65.6081	0.5642	1.4e-04	0.4808
6087	-116.5940	-116.5940	-93.0451	0.7980	69.9910	0.6022	1.4e-04	0.4818
6088	-116.5970	-116.5970	-93.3027	0.8002	69.7106	0.5997	1.4e-04	0.4805
6089	-116.6157	-116.6157	-94.1775	0.8076	68.5435	0.5896	1.4e-04	0.4812
6090	-116.5986	-116.5986	-95.5948	0.8199	66.5715	0.5726	1.4e-04	0.4806
6091	-116.6011	-116.6011	-94.7540	0.8126	67.6553	0.5820	1.4e-04	0.4812
6092	-116.5966	-116.5966	-93.1212	0.7987	69.8732	0.6011	1.4e-04	0.4808
6093	-116.5955	-116.5955	-94.1575	0.8076	68.5323	0.5897	1.4e-04	0.4816
6094	-116.6026	-116.6026	-92.7630	0.7955	70.4260	0.6058	1.4e-04	0.4813
6095	-116.6147	-116.6147	-93.4334	0.8012	69.5350	0.5982	1.4e-04	0.4814
6096	-116.6252	-116.6252	-93.6208	0.8027	69.2913	0.5960	1.4e-04	0.4807
6097	-116.6094	-116.6094	-92.9553	0.7972	70.1518	0.6035	1.4e-04	0.4813
6098	-116.5853	-116.5853	-95.0412	0.8152	67.3253	0.5792	1.4e-04	0.4807
6099	-116.6024	-116.6024	-94.0930	0.8070	68.6500	0.5906	1.4e-04	0.4812
6100	-116.5908	-116.5908	-93.9819	0.8061	68.7905	0.5917	1.4e-04	0.4806
6101	-116.6198	-116.6198	-93.7347	0.8038	69.1589	0.5949	1.4e-04	0.4815
6102	-116.6186	-116.6186	-92.8854	0.7965	70.2868	0.6046	1.4e-04	0.4809
6103	-116.6112	-116.6112	-92.8982	0.7966	70.2327	0.6043	1.4e-04	0.4812
6104	-116.6076	-116.6076	-93.1334	0.7987	69.9295	0.6017	1.4e-04	0.4809
6105	-116.6132	-116.6132	-93.1404	0.7987	69.9454	0.6017	1.4e-04	0.4812
6106	-116.6093	-116.6093	-93.7666	0.8041	69.0907	0.5943	1.4e-04	0.4808
6107	-116.6197	-116.6197	-92.9408	0.7970	70.2221	0.6040	1.4e-04	0.4812
6108	-116.5871	-116.5871	-94.1053	0.8072	68.6074	0.5902	1.4e-04	0.4806
6109	-116.5817	-116.5817	-94.5946	0.8114	67.9004	0.5843	1.4e-04	0.4811
6110	-116.6038	-116.6038	-94.2352	0.8082	68.4439	0.5889	1.4e-04	0.4806
6111	-116.5964	-116.5964	-93.5200	0.8021	69.4326	0.5972	1.3e-04	0.4812
6112	-116.5998	-116.5998	-93.8288	0.8047	69.0150	0.5936	1.3e-04	0.4807
6113	-116.5796	-116.5796	-93.5708	0.8026	69.3248	0.5965	1.3e-04	0.4812
6114	-116.5872	-116.5872	-94.6045	0.8114	67.8241	0.5834	1.3e-04	0.4804
6115	-116.6021	-116.6021	-94.5549	0.8109	67.9839	0.5848	1.3e-04	0.4812
6116	-116.6052	-116.6052	-94.7672	0.8127	67.7215	0.5826	1.3e-04	0.4807
6117	-116.6076	-116.6076	-94.0839	0.8068	68.5624	0.5898	1.3e-04	0.4814
6118	-116.6061	-116.6061	-93.6998	0.8036	69.1599	0.5950	1.3e-04	0.4808
6119	-116.5854	-116.5854	-94.1613	0.8077	68.5335	0.5896	1.3e-04	0.4812
6120	-116.6156	-116.6156	-92.4398	0.7927	70.8568	0.6095	1.3e-04	0.4806
6121	-116.6059	-116.6059	-93.4320	0.8013	69.5165	0.5979	1.3e-04	0.4811
6122	-116.5851	-116.5851	-93.1142	0.7987	69.9317	0.6017	1.3e-04	0.4807
6123	-116.5899	-116.5899	-94.6598	0.8119	67.8471	0.5837	1.3e-04	0.4811
6124	-116.6091	-116.6091	-93.9337	0.8055	68.8725	0.5925	1.3e-04	0.4804
6125	-116.5800	-116.5800	-94.6629	0.8120	67.8499	0.5837	1.3e-04	0.4815
6126	-116.6270	-116.6270	-94.0158	0.8061	68.7468	0.5913	1.3e-04	0.4806
6127	-116.5760	-116.5760	-96.7395	0.8298	64.8156	0.5577	1.3e-04	0.4809
6128	-116.5911	-116.5911	-95.2750	0.8172	67.0005	0.5764	1.3e-04	0.4810
6129	-116.5896	-116.5896	-94.1483	0.8075	68.5729	0.5898	1.3e-04	0.4811
6130	-116.6128	-116.6128	-94.9443	0.8142	67.4741	0.5806	1.3e-04	0.4809
6131	-116.6030	-116.6030	-94.1692	0.8076	68.5170	0.5894	1.3e-04	0.4817
6132	-116.5995	-116.5995	-94.1239	0.8072	68.5750	0.5899	1.3e-04	0.4805
6133	-116.6114	-116.6114	-95.9410	0.8227	66.0774	0.5684	1.3e-04	0.4810
6134	-116.5884	-116.5884	-95.0390	0.8152	67.3318	0.5792	1.3e-04	0.4808
6135	-116.6066	-116.6066	-94.4429	0.8099	68.1508	0.5863	1.3e-04	0.4809
6136	-116.5902	-116.5902	-94.8999	0.8140	67.5143	0.5808	1.3e-04	0.4811
6137	-116.5900	-116.5900	-94.5974	0.8114	67.9322	0.5843	1.3e-04	0.4813
6138	-116.6078	-116.6078	-95.0073	0.8148	67.3946	0.5798	1.3e-04	0.4802
6139	-116.5824	-116.5824	-95.3050	0.8175	66.9475	0.5759	1.3e-04	0.4809
6140	-116.6147	-116.6147	-94.2990	0.8086	68.3718	0.5881	1.3e-04	0.4809
6141	-116.5927	-116.5927	-95.2664	0.8171	67.0168	0.5765	1.3e-04	0.4818
6142	-116.6007	-116.6007	-96.6638	0.8290	65.0036	0.5592	1.3e-04	0.4804
6143	-116.5929	-116.5929	-95.0442	0.8152	67.3147	0.5791	1.3e-04	0.4816
6144	-116.5999	-116.5999	-93.4452	0.8014	69.5117	0.5980	1.3e-04	0.4815
6145	-116.5991	-116.5991	-93.9037	0.8054	68.8577	0.5922	1.3e-04	0.4813
6146	-116.6160	-116.6160	-93.7399	0.8038	69.1486	0.5948	1.3e-04	0.4817
6147	-116.6067	-116.6067	-94.2718	0.8085	68.4247	0.5885	1.3e-04	0.4813
6148	-116.5964	-116.5964	-95.1138	0.8158	67.2199	0.5782	1.3e-04	0.4807
6149	-116.6043	-116.6043	-93.2740	0.7999	69.6850	0.5994	1.3e-04	0.4811
6150	-116.5968	-116.5968	-93.7444	0.8040	69.1133	0.5946	1.3e-04	0.4816
6151	-116.6298	-116.6298	-93.5318	0.8020	69.4364	0.5973	1.3e-04	0.4810
6152	-116.6124	-116.6124	-93.6840	0.8034	69.2272	0.5954	1.3e-04	0.4806
6153	-116.5878	-116.5878	-95.4905	0.8190	66.6932	0.5737	1.3e-04	0.4813
6154	-116.6051	-116.6051	-93.9036	0.8053	68.9152	0.5928	1.3e-04	0.4808
6155	-116.6178	-116.6178	-92.6477	0.7945	70.6048	0.6073	1.3e-04	0.4816
6156	-116.6258	-116.6258	-91.7939	0.7871	71.6262	0.6161	1.3e-04	0.4807
6157	-116.6042	-116.6042	-93.4206	0.8012	69.5451	0.5984	1.3e-04	0.4815
6158	-116.5799	-116.5799	-93.0565	0.7982	70.0103	0.6022	1.3e-04	0.4812
6159	-116.6073	-116.6073	-92.5590	0.7938	70.7023	0.6082	1.3e-04	0.4810
6160	-116.5885	-116.5885	-94.5307	0.8108	68.0386	0.5853	1.3e-04	0.4811
6161	-116.5978	-116.5978	-93.7608	0.8041	69.0882	0.5944	1.3e-04	0.4815
6162	-116.5820	-116.5820	-94.4657	0.8103	68.1134	0.5860	1.3e-04	0.4806
6163	-116.5974	-116.5974	-93.9832	0.8060	68.7855	0.5917	1.3e-04	0.4810
6164	-116.6151	-116.6151	-93.9354	0.8055	68.8477	0.5923	1.3e-04	0.4810
6165	-116.6027	-116.6027	-94.2874	0.8086	68.3704	0.5881	1.3e-04	0.4812
6166	-116.5678	-116.5678	-96.5113	0.8279	65.1816	0.5608	1.3e-04	0.4807
6167	-116.5732	-116.5732	-94.7835	0.8131	67.6588	0.5821	1.3e-04	0.4811
6168	-116.5821	-116.5821	-94.1833	0.8079	68.5111	0.5894	1.3e-04	0.4808
6169	-116.6052	-116.6052	-94.3504	0.8091	68.2880	0.5874	1.3e-04	0.4814
6170	-116.6249	-116.6249	-93.9327	0.8054	68.8796	0.5926	1.3e-04	0.4812
6171	-116.6236	-116.6236	-93.4886	0.8016	69.5036	0.5978	1.3e-04	0.4810
6172	-116.6103	-116.6103	-94.7145	0.8122	67.7858	0.5831	1.3e-04	0.4807
6173	-116.6131	-116.6131	-93.8448	0.8048	68.9946	0.5935	1.3e-04	0.4813
6174	-116.5961	-116.5961	-95.2086	0.8166	67.0919	0.5771	1.3e-04	0.4817
6175	-116.6188	-116.6188	-91.0018	0.7803	72.6752	0.6252	1.3e-04	0.4819
6176	-116.6031	-116.6031	-93.5597	0.8024	69.3670	0.5968	1.3e-04	0.4814
6177	-116.5808	-116.5808	-94.9037	0.8141	67.5069	0.5808	1.3e-04	0.4816
6178	-116.5927	-116.5927	-93.7476	0.8041	69.1136	0.5945	1.3e-04	0.4823
6179	-116.6103	-116.6103	-94.5009	0.8104	68.0670	0.5855	1.3e-04	0.4814
6180	-116.5911	-116.5911	-95.1226	0.8159	67.1978	0.5781	1.3e-04	0.4816
6181	-116.6059	-116.6059	-92.1877	0.7906	71.1618	0.6123	1.3e-04	0.4821
6182	-116.5827	-116.5827	-93.7742	0.8044	69.0806	0.5941	1.3e-04	0.4821
6183	-116.5761	-116.5761	-96.2982	0.8261	65.5111	0.5635	1.3e-04	0.4820
6184	-116.5931	-116.5931	-94.2772	0.8086	68.4028	0.5883	1.3e-04	0.4825
6185	-116.6057	-116.6057	-92.7059	0.7950	70.5039	0.6064	1.3e-04	0.4816
6186	-116.5872	-116.5872	-94.5023	0.8106	68.0440	0.5853	1.3e-04	0.4818
6187	-116.5831	-116.5831	-96.1727	0.8249	65.6818	0.5651	1.3e-04	0.4823
6188	-116.5869	-116.5869	-95.6027	0.8200	66.4977	0.5721	1.3e-04	0.4823
6189	-116.5970	-116.5970	-92.8745	0.7965	70.2791	0.6045	1.3e-04	0.4818
6190	-116.5871	-116.5871	-93.8573	0.8050	68.9291	0.5929	1.3e-04	0.4820
6191	-116.6035	-116.6035	-93.6793	0.8034	69.2118	0.5954	1.3e-04	0.4819
6192	-116.6041	-116.6041	-94.4663	0.8101	68.1205	0.5860	1.3e-04	0.4816
6193	-116.6243	-116.6243	-93.6913	0.8034	69.2241	0.5955	1.3e-04	0.4815
6194	-116.5938	-116.5938	-94.3110	0.8089	68.3395	0.5880	1.3e-04	0.4818
6195	-116.6045	-116.6045	-92.4886	0.7932	70.7913	0.6089	1.3e-04	0.4825
6196	-116.6090	-116.6090	-93.3513	0.8005	69.6375	0.5990	1.3e-04	0.4823
6197	-116.5760	-116.5760	-93.5410	0.8024	69.3723	0.5968	1.3e-04	0.4830
6198	-116.6066	-116.6066	-93.9004	0.8053	68.9257	0.5929	1.3e-04	0.4822
6199	-116.6105	-116.6105	-93.3082	0.8002	69.7164	0.5996	1.3e-04	0.4815
6200	-116.5956	-116.5956	-94.2181	0.8081	68.4868	0.5891	1.3e-04	0.4816
6201	-116.5958	-116.5958	-94.8366	0.8134	67.6235	0.5817	1.3e-04	0.4815
6202	-116.5847	-116.5847	-93.6504	0.8033	69.2308	0.5956	1.3e-04	0.4811
6203	-116.6085	-116.6085	-90.4454	0.7756	73.3509	0.6310	1.3e-04	0.4814
6204	-116.5933	-116.5933	-92.5773	0.7940	70.6647	0.6078	1.3e-04	0.4814
6205	-116.6152	-116.6152	-92.8528	0.7962	70.3248	0.6050	1.3e-04	0.4812
6206	-116.6108	-116.6108	-93.0420	0.7979	70.0654	0.6027	1.3e-04	0.4812
6207	-116.6052	-116.6052	-94.7893	0.8129	67.6894	0.5823	1.3e-04	0.4815
6208	-116.6035	-116.6035	-93.5843	0.8026	69.3418	0.5965	1.3e-04	0.4818
6209	-116.5849	-116.5849	-94.3106	0.8089	68.2821	0.5875	1.3e-04	0.4810
6210	-116.5919	-116.5919	-94.9142	0.8141	67.4888	0.5805	1.3e-04	0.4818
6211	-116.5844	-116.5844	-94.2241	0.8082	68.4523	0.5889	1.3e-04	0.4813
6212	-116.6000	-116.6000	-93.9557	0.8058	68.6875	0.5910	1.3e-04	0.4806
6213	-116.6050	-116.6050	-94.4773	0.8102	68.1409	0.5861	1.3e-04	0.4809
6214	-116.6057	-116.6057	-93.3614	0.8007	69.6381	0.5990	1.3e-04	0.4805
6215	-116.5978	-116.5978	-93.0561	0.7981	70.0338	0.6023	1.3e-04	0.4811
6216	-116.5875	-116.5875	-92.3619	0.7922	70.9462	0.6102	1.3e-04	0.4803
6217	-116.5993	-116.5993	-93.6263	0.8030	69.2563	0.5958	1.3e-04	0.4813
6218	-116.5976	-116.5976	-92.6224	0.7944	70.4629	0.6063	1.3e-04	0.4811
6219	-116.6104	-116.6104	-93.7935	0.8043	69.0378	0.5939	1.3e-04	0.4809
6220	-116.6039	-116.6039	-92.3958	0.7924	70.8600	0.6094	1.3e-04	0.4804
6221	-116.6012	-116.6012	-94.2460	0.8083	68.4541	0.5888	1.3e-04	0.4812
6222	-116.5969	-116.5969	-95.0376	0.8151	67.3410	0.5793	1.3e-04	0.4804
6223	-116.6246	-116.6246	-92.4391	0.7926	70.8604	0.6095	1.3e-04	0.4815
6224	-116.6073	-116.6073	-93.5797	0.8025	69.3338	0.5964	1.3e-04	0.4816
6225	-116.5851	-116.5851	-95.1816	0.8164	67.1127	0.5773	1.3e-04	0.4817
6226	-116.6077	-116.6077	-94.0748	0.8068	68.6566	0.5905	1.3e-04	0.4808
6227	-116.6021	-116.6021	-94.9579	0.8144	67.4340	0.5800	1.3e-04	0.4816
6228	-116.6162	-116.6162	-93.0097	0.7976	69.9582	0.6016	1.3e-04	0.4812
6229	-116.6153	-116.6153	-92.8064	0.7958	70.4018	0.6055	1.3e-04	0.4812
6230	-116.6015	-116.6015	-94.9369	0.8142	67.4530	0.5804	1.3e-04	0.4809
6231	-116.5896	-116.5896	-93.2087	0.7995	69.8129	0.6006	1.3e-04	0.4813
6232	-116.6114	-116.6114	-92.2280	0.7909	71.1520	0.6119	1.3e-04	0.4806
6233	-116.5968	-116.5968	-94.2677	0.8085	68.3843	0.5882	1.3e-04	0.4807
6234	-116.6042	-116.6042	-94.2053	0.8079	68.4977	0.5893	1.3e-04	0.4808
6235	-116.5977	-116.5977	-95.5829	0.8198	66.4969	0.5721	1.3e-04	0.4815
6236	-116.5913	-116.5913	-93.7533	0.8041	69.0822	0.5944	1.3e-04	0.4806
6237	-116.5933	-116.5933	-93.0593	0.7982	69.9617	0.6018	1.3e-04	0.4809
6238	-116.5799	-116.5799	-94.4303	0.8100	68.1476	0.5863	1.3e-04	0.4807
6239	-116.6138	-116.6138	-93.1022	0.7984	69.9948	0.6021	1.3e-04	0.4811
6240	-116.6027	-116.6027	-94.0809	0.8069	68.6704	0.5907	1.3e-04	0.4807
6241	-116.6195	-116.6195	-93.0976	0.7983	70.0091	0.6022	1.3e-04	0.4812
6242	-116.5830	-116.5830	-94.4432	0.8101	68.1450	0.5862	1.3e-04	0.4804
6243	-116.6069	-116.6069	-93.8848	0.8051	68.9260	0.5929	1.3e-04	0.4810
6244	-116.5967	-116.5967	-94.0301	0.8065	68.7356	0.5913	1.3e-04	0.4806
6245	-116.5968	-116.5968	-94.3921	0.8096	68.1504	0.5862	1.3e-04	0.4811
6246	-116.6206	-116.6206	-94.4656	0.8100	68.1384	0.5861	1.3e-04	0.4805
6247	-116.5875	-116.5875	-94.5431	0.8109	68.0225	0.5851	1.3e-04	0.4812
6248	-116.5951	-116.5951	-93.3248	0.8004	69.6318	0.5989	1.3e-04	0.4809
6249	-116.5763	-116.5763	-94.4377	0.8101	68.1300	0.5862	1.3e-04	0.4816
6250	-116.5848	-116.5848	-95.3498	0.8179	66.9000	0.5754	1.3e-04	0.4810
6251	-116.6198	-116.6198	-93.2417	0.7995	69.8147	0.6006	1.3e-04	0.4813
6252	-116.6100	-116.6100	-94.5718	0.8110	67.9774	0.5848	1.3e-04	0.4806
6253	-116.6092	-116.6092	-94.9020	0.8138	67.5103	0.5807	1.3e-04	0.4810
6254	-116.5981	-116.5981	-95.4444	0.8186	66.7990	0.5744	1.3e-04	0.4807
6255	-116.6067	-116.6067	-94.6034	0.8113	67.9070	0.5842	1.3e-04	0.4815
6256	-116.5921	-116.5921	-95.0986	0.8157	67.2473	0.5785	1.3e-04	0.4806
6257	-116.5798	-116.5798	-95.0334	0.8152	67.2680	0.5787	1.3e-04	0.4811
6258	-116.5786	-116.5786	-95.1727	0.8164	67.1387	0.5775	1.3e-04	0.4805
6259	-116.5852	-116.5852	-93.1997	0.7994	69.8411	0.6008	1.3e-04	0.4813
6260	-116.5831	-116.5831	-94.5279	0.8108	68.0014	0.5851	1.3e-04	0.4805
6261	-116.6069	-116.6069	-93.9921	0.8061	68.7874	0.5916	1.3e-04	0.4807
6262	-116.6133	-116.6133	-93.8473	0.8048	68.9459	0.5932	1.3e-04	0.4802
6263	-116.5960	-116.5960	-92.6685	0.7948	70.5467	0.6069	1.3e-04	0.4811
6264	-116.6051	-116.6051	-94.5765	0.8111	67.9927	0.5848	1.3e-04	0.4806
6265	-116.5819	-116.5819	-95.1501	0.8162	67.1605	0.5778	1.3e-04	0.4816
6266	-116.6000	-116.6000	-92.5537	0.7938	70.7134	0.6082	1.3e-04	0.4806
6267	-116.5952	-116.5952	-94.3538	0.8092	68.2825	0.5874	1.3e-04	0.4814
6268	-116.5847	-116.5847	-94.5741	0.8112	67.9809	0.5848	1.3e-04	0.4808
6269	-116.6147	-116.6147	-94.9313	0.8141	67.4486	0.5803	1.3e-04	0.4814
6270	-116.6110	-116.6110	-93.1019	0.7984	69.9966	0.6021	1.3e-04	0.4807
6271	-116.6121	-116.6121	-93.0955	0.7983	70.0090	0.6022	1.3e-04	0.4813
6272	-116.5862	-116.5862	-94.4826	0.8104	68.0708	0.5857	1.3e-04	0.4809
6273	-116.5892	-116.5892	-96.4457	0.8272	65.3139	0.5618	1.3e-04	0.4808
6274	-116.6075	-116.6075	-94.7478	0.8125	67.7479	0.5828	1.3e-04	0.4810
6275	-116.5892	-116.5892	-93.4570	0.8016	69.4944	0.5979	1.3e-04	0.4819
6276	-116.6089	-116.6089	-94.2827	0.8085	68.3784	0.5883	1.3e-04	0.4806
6277	-116.6125	-116.6125	-93.7443	0.8039	69.1275	0.5947	1.3e-04	0.4812
6278	-116.5898	-116.5898	-93.3524	0.8007	69.6310	0.5991	1.3e-04	0.4807
6279	-116.5941	-116.5941	-93.9478	0.8058	68.8424	0.5922	1.3e-04	0.4815
6280	-116.6106	-116.6106	-93.6466	0.8031	69.2781	0.5959	1.3e-04	0.4808
6281	-116.6032	-116.6032	-95.4730	0.8188	66.7361	0.5740	1.3e-04	0.4814
6282	-116.6080	-116.6080	-93.2509	0.7997	69.7737	0.6003	1.3e-04	0.4809
6283	-116.5958	-116.5958	-93.7766	0.8043	69.0734	0.5941	1.3e-04	0.4814
6284	-116.6137	-116.6137	-92.9838	0.7974	70.1282	0.6033	1.3e-04	0.4805
6285	-116.6034	-116.6034	-93.1206	0.7986	69.9693	0.6018	1.3e-04	0.4810
6286	-116.6032	-116.6032	-93.2894	0.8001	69.7496	0.5999	1.3e-04	0.4808
6287	-116.5985	-116.5985	-94.6765	0.8120	67.8467	0.5836	1.3e-04	0.4810
6288	-116.6007	-116.6007	-94.1046	0.8071	68.6436	0.5904	1.3e-04	0.4805
6289	-116.5928	-116.5928	-94.8215	0.8133	67.6496	0.5819	1.3e-04	0.4811
6290	-116.6049	-116.6049	-93.6357	0.8030	69.2623	0.5958	1.3e-04	0.4809
6291	-116.6010	-116.6010	-93.9780	0.8060	68.7784	0.5916	1.3e-04	0.4811
6292	-116.5880	-116.5880	-94.9287	0.8142	67.4888	0.5805	1.3e-04	0.4804
6293	-116.5945	-116.5945	-94.0980	0.8071	68.6293	0.5905	1.3e-04	0.4814
6294	-116.5835	-116.5835	-93.8625	0.8051	68.8299	0.5922	1.3e-04	0.4803
6295	-116.6038	-116.6038	-94.3902	0.8095	68.2495	0.5870	1.3e-04	0.4815
6296	-116.5847	-116.5847	-94.2792	0.8087	68.2349	0.5870	1.3e-04	0.4807
6297	-116.6129	-116.6129	-94.0443	0.8065	68.6778	0.5907	1.3e-04	0.4811
6298	-116.5879	-116.5879	-94.0435	0.8066	68.7133	0.5910	1.3e-04	0.4813
6299	-116.5826	-116.5826	-93.1518	0.7990	69.8810	0.6012	1.3e-04	0.4813
6300	-116.5919	-116.5919	-94.9785	0.8146	67.4165	0.5800	1.3e-04	0.4805
6301	-116.5969	-116.5969	-92.8366	0.7962	70.3310	0.6050	1.3e-04	0.4815
6302	-116.5932	-116.5932	-93.7564	0.8041	69.0780	0.5943	1.3e-04	0.4805
6303	-116.5817	-116.5817	-93.5924	0.8028	69.2814	0.5959	1.3e-04	0.4810
6304	-116.5852	-116.5852	-94.6188	0.8116	67.9176	0.5842	1.3e-04	0.4806
6305	-116.5938	-116.5938	-94.0327	0.8065	68.6874	0.5909	1.3e-04	0.4812
6306	-116.5920	-116.5920	-94.3003	0.8088	68.3312	0.5878	1.3e-04	0.4811
6307	-116.6038	-116.6038	-94.2834	0.8086	68.3954	0.5884	1.3e-04	0.4814
6308	-116.6106	-116.6106	-93.2680	0.7998	69.6955	0.5996	1.3e-04	0.4805
6309	-116.5964	-116.5964	-94.7124	0.8123	67.8081	0.5832	1.3e-04	0.4812
6310	-116.6280	-116.6280	-93.7059	0.8035	69.2233	0.5954	1.3e-04	0.4810
6311	-116.5869	-116.5869	-93.2402	0.7997	69.7786	0.6003	1.3e-04	0.4813
6312	-116.5835	-116.5835	-93.1740	0.7992	69.8539	0.6010	1.3e-04	0.4816
6313	-116.5933	-116.5933	-93.8332	0.8048	68.9904	0.5935	1.3e-04	0.4811
6314	-116.5942	-116.5942	-94.9420	0.8143	67.4446	0.5802	1.3e-04	0.4808
6315	-116.6054	-116.6054	-94.4379	0.8099	68.2161	0.5866	1.3e-04	0.4816
6316	-116.5933	-116.5933	-96.1154	0.8244	65.7946	0.5661	1.3e-04	0.4809
6317	-116.5830	-116.5830	-94.4488	0.8101	68.0921	0.5858	1.3e-04	0.4812
6318	-116.6000	-116.6000	-94.1486	0.8074	68.5901	0.5899	1.3e-04	0.4814
6319	-116.6044	-116.6044	-94.3343	0.8090	68.3427	0.5878	1.3e-04	0.4817
6320	-116.6149	-116.6149	-95.3122	0.8173	66.9695	0.5760	1.3e-04	0.4813
6321	-116.6093	-116.6093	-94.3983	0.8095	68.2406	0.5871	1.3e-04	0.4818
6322	-116.5938	-116.5938	-94.3620	0.8093	68.2469	0.5873	1.3e-04	0.4815
6323	-116.5945	-116.5945	-95.7045	0.8208	66.3729	0.5709	1.3e-04	0.4811
6324	-116.6063	-116.6063	-94.2437	0.8082	68.4546	0.5888	1.3e-04	0.4816
6325	-116.5984	-116.5984	-95.0131	0.8149	67.3684	0.5796	1.3e-04	0.4813
6326	-116.5928	-116.5928	-95.4745	0.8189	66.7169	0.5739	1.3e-04	0.4820
6327	-116.6005	-116.6005	-94.9555	0.8144	67.4736	0.5803	1.3e-04	0.4812
6328	-116.5906	-116.5906	-94.7185	0.8124	67.7633	0.5830	1.3e-04	0.4817
6329	-116.5955	-116.5955	-94.0523	0.8067	68.7016	0.5910	1.3e-04	0.4815
6330	-116.6015	-116.6015	-94.1846	0.8077	68.5029	0.5892	1.3e-04	0.4817
6331	-116.6064	-116.6064	-95.6025	0.8199	66.5507	0.5725	1.3e-04	0.4813
6332	-116.6190	-116.6190	-93.2950	0.8000	69.7480	0.6000	1.3e-04	0.4816
6333	-116.5977	-116.5977	-93.3816	0.8009	69.5713	0.5986	1.3e-04	0.4811
6334	-116.6089	-116.6089	-92.6961	0.7949	70.4992	0.6065	1.3e-04	0.4814
6335	-116.6068	-116.6068	-94.3796	0.8094	68.1894	0.5865	1.3e-04	0.4812
6336	-116.5972	-116.5972	-93.8362	0.8048	69.0034	0.5935	1.3e-04	0.4809
6337	-116.6061	-116.6061	-92.3551	0.7920	70.9696	0.6104	1.3e-04	0.4811
6338	-116.5719	-116.5719	-93.4465	0.8016	69.4291	0.5973	1.3e-04	0.4814
6339	-116.5987	-116.5987	-94.0268	0.8064	68.7224	0.5912	1.3e-04	0.4812
6340	-116.5998	-116.5998	-92.6551	0.7946	70.5242	0.6067	1.3e-04	0.4806
6341	-116.5921	-116.5921	-94.8738	0.8137	67.5516	0.5812	1.3e-04	0.4813
6342	-116.5980	-116.5980	-94.8026	0.8131	67.6730	0.5821	1.3e-04	0.4811
6343	-116.6029	-116.6029	-92.1230	0.7901	71.1587	0.6122	1.3e-04	0.4816
6344	-116.6127	-116.6127	-92.2594	0.7912	71.0742	0.6116	1.3e-04	0.4818
6345	-116.5824	-116.5824	-94.3465	0.8093	68.2897	0.5874	1.3e-04	0.4816
6346	-116.6037	-116.6037	-93.5394	0.8022	69.4038	0.5971	1.3e-04	0.4822
6347	-116.5908	-116.5908	-94.8787	0.8138	67.5549	0.5810	1.3e-04	0.4815
6348	-116.6201	-116.6201	-92.5016	0.7932	70.7866	0.6089	1.3e-04	0.4821
6349	-116.5937	-116.5937	-93.8143	0.8046	69.0059	0.5936	1.3e-04	0.4817
6350	-116.5991	-116.5991	-92.6535	0.7946	70.5619	0.6070	1.3e-04	0.4823
6351	-116.5716	-116.5716	-94.4173	0.8100	68.1635	0.5864	1.3e-04	0.4815
6352	-116.5954	-116.5954	-94.1581	0.8076	68.5081	0.5893	1.3e-04	0.4817
6353	-116.6041	-116.6041	-94.5264	0.8107	68.0675	0.5855	1.3e-04	0.4818
6354	-116.5908	-116.5908	-93.5749	0.8026	69.3057	0.5963	1.3e-04	0.4813
6355	-116.6014	-116.6014	-94.6223	0.8115	67.9368	0.5843	1.3e-04	0.4814
6356	-116.6012	-116.6012	-93.5889	0.8026	69.3289	0.5964	1.3e-04	0.4817
6357	-116.5825	-116.5825	-94.8744	0.8138	67.5367	0.5810	1.3e-04	0.4814
6358	-116.5946	-116.5946	-94.0964	0.8070	68.5615	0.5899	1.3e-04	0.4823
6359	-116.5889	-116.5889	-92.3386	0.7920	70.9748	0.6105	1.3e-04	0.4816
6360	-116.5891	-116.5891	-95.3025	0.8174	66.9545	0.5760	1.3e-04	0.4813
6361	-116.6041	-116.6041	-93.8680	0.8050	68.9574	0.5933	1.3e-04	0.4818
6362	-116.5941	-116.5941	-93.9214	0.8055	68.8017	0.5918	1.3e-04	0.4817
6363	-116.5925	-116.5925	-93.6394	0.8031	69.2227	0.5955	1.3e-04	0.4823
6364	-116.5904	-116.5904	-93.8938	0.8053	68.9225	0.5928	1.3e-04	0.4825
6365	-116.5813	-116.5813	-94.5968	0.8114	67.9428	0.5844	1.3e-04	0.4830
6366	-116.6129	-116.6129	-93.8810	0.8051	68.9302	0.5930	1.3e-04	0.4828
6367	-116.5938	-116.5938	-94.3192	0.8090	68.3430	0.5879	1.3e-04	0.4816
6368	-116.5792	-116.5792	-95.0898	0.8157	67.2121	0.5781	1.3e-04	0.4827
6369	-116.6261	-116.6261	-92.8440	0.7961	70.3384	0.6052	1.3e-04	0.4822
6370	-116.5894	-116.5894	-95.9530	0.8230	66.0199	0.5680	1.3e-04	0.4826
6371	-116.6015	-116.6015	-95.0571	0.8152	67.3354	0.5791	1.3e-04	0.4812
6372	-116.6116	-116.6116	-93.1825	0.7991	69.8726	0.6011	1.3e-04	0.4816
6373	-116.6115	-116.6115	-94.2399	0.8082	68.3716	0.5880	1.3e-04	0.4812
6374	-116.5983	-116.5983	-94.1879	0.8078	68.5222	0.5894	1.3e-04	0.4811
6375	-116.6019	-116.6019	-95.9207	0.8226	66.0478	0.5681	1.3e-04	0.4817
6376	-116.5927	-116.5927	-94.9054	0.8140	67.5081	0.5807	1.3e-04	0.4810
6377	-116.5975	-116.5975	-92.9131	0.7969	70.2256	0.6042	1.3e-04	0.4811
6378	-116.5939	-116.5939	-94.8832	0.8138	67.5273	0.5809	1.3e-04	0.4823
6379	-116.5858	-116.5858	-93.9320	0.8057	68.8319	0.5920	1.3e-04	0.4816
6380	-116.6105	-116.6105	-93.5019	0.8018	69.3882	0.5969	1.3e-04	0.4817
6381	-116.5881	-116.5881	-94.0290	0.8065	68.7043	0.5911	1.3e-04	0.4816
6382	-116.5806	-116.5806	-94.5563	0.8111	67.9817	0.5849	1.3e-04	0.4805
6383	-116.6115	-116.6115	-94.2490	0.8082	68.4096	0.5885	1.3e-04	0.4813
6384	-116.5947	-116.5947	-93.4252	0.8013	69.5445	0.5982	1.3e-04	0.4809
6385	-116.6024	-116.6024	-95.3753	0.8180	66.8690	0.5752	1.3e-04	0.4814
6386	-116.5977	-116.5977	-94.3947	0.8096	68.2221	0.5869	1.3e-04	0.4810
6387	-116.5876	-116.5876	-93.4398	0.8015	69.5173	0.5980	1.3e-04	0.4811
6388	-116.5854	-116.5854	-95.5776	0.8198	66.5446	0.5724	1.3e-04	0.4805
6389	-116.5970	-116.5970	-93.0831	0.7983	70.0108	0.6021	1.3e-04	0.4810
6390	-116.6111	-116.6111	-93.5040	0.8018	69.4562	0.5975	1.3e-04	0.4804
6391	-116.6000	-116.6000	-94.1773	0.8077	68.4934	0.5892	1.3e-04	0.4811
6392	-116.6136	-116.6136	-94.2952	0.8086	68.3463	0.5879	1.3e-04	0.4805
6393	-116.6067	-116.6067	-93.2961	0.8001	69.6640	0.5992	1.3e-04	0.4810
6394	-116.5952	-116.5952	-93.0687	0.7982	70.0056	0.6022	1.3e-04	0.4806
6395	-116.5947	-116.5947	-92.8719	0.7965	70.2092	0.6041	1.3e-04	0.4811
6396	-116.5910	-116.5910	-93.6065	0.8029	69.3049	0.5962	1.3e-04	0.4802
6397	-116.5937	-116.5937	-93.6357	0.8031	69.2516	0.5958	1.3e-04	0.4813
6398	-116.6143	-116.6143	-93.8626	0.8049	68.9959	0.5934	1.3e-04	0.4807
6399	-116.5877	-116.5877	-93.8526	0.8050	68.9541	0.5932	1.3e-04	0.4811
6400	-116.5889	-116.5889	-93.2430	0.7998	69.7801	0.6003	1.3e-04	0.4806
6401	-116.6099	-116.6099	-93.5482	0.8022	69.4078	0.5970	1.3e-04	0.4811
6402	-116.5889	-116.5889	-93.6902	0.8036	69.1653	0.5950	1.3e-04	0.4802
6403	-116.5894	-116.5894	-94.7755	0.8129	67.6992	0.5824	1.3e-04	0.4810
6404	-116.6043	-116.6043	-92.6236	0.7943	70.5791	0.6071	1.3e-04	0.4807
6405	-116.5793	-116.5793	-93.7604	0.8043	69.0340	0.5939	1.3e-04	0.4813
6406	-116.6053	-116.6053	-93.5316	0.8021	69.3773	0.5967	1.3e-04	0.4810
6407	-116.5949	-116.5949	-93.1892	0.7993	69.8617	0.6010	1.3e-04	0.4811
6408	-116.5994	-116.5994	-92.9696	0.7973	70.1495	0.6035	1.3e-04	0.4805
6409	-116.5878	-116.5878	-93.7170	0.8038	69.1163	0.5947	1.3e-04	0.4812
6410	-116.6096	-116.6096	-93.6442	0.8031	69.1949	0.5952	1.3e-04	0.4808
6411	-116.6097	-116.6097	-92.4060	0.7924	70.9084	0.6098	1.3e-04	0.4813
6412	-116.5917	-116.5917	-94.0826	0.8069	68.4512	0.5888	1.3e-04	0.4811
6413	-116.6206	-116.6206	-94.1354	0.8072	68.6228	0.5902	1.3e-04	0.4813
6414	-116.5951	-116.5951	-93.7803	0.8043	69.0564	0.5942	1.3e-04	0.4804
6415	-116.5967	-116.5967	-94.8768	0.8137	67.4728	0.5803	1.3e-04	0.4815
6416	-116.5843	-116.5843	-92.4980	0.7934	70.7430	0.6086	1.3e-04	0.4810
6417	-116.5821	-116.5821	-94.1843	0.8079	68.5122	0.5893	1.3e-04	0.4814
6418	-116.5893	-116.5893	-92.3973	0.7925	70.8866	0.6098	1.3e-04	0.4809
6419	-116.6040	-116.6040	-93.5154	0.8020	69.4439	0.5973	1.3e-04	0.4815
6420	-116.5979	-116.5979	-93.2620	0.7999	69.7208	0.5997	1.3e-04	0.4805
6421	-116.6091	-116.6091	-92.7694	0.7956	70.4296	0.6058	1.3e-04	0.4816
6422	-116.5869	-116.5869	-95.5733	0.8198	66.5722	0.5726	1.3e-04	0.4813
6423	-116.5811	-116.5811	-94.3117	0.8090	68.3058	0.5877	1.3e-04	0.4809
6424	-116.5779	-116.5779	-94.0582	0.8068	68.6637	0.5907	1.3e-04	0.4807
6425	-116.5981	-116.5981	-94.1164	0.8072	68.6133	0.5902	1.3e-04	0.4809
6426	-116.6012	-116.6012	-94.0401	0.8065	68.6998	0.5910	1.3e-04	0.4807
6427	-116.6136	-116.6136	-92.8934	0.7966	70.2828	0.6045	1.3e-04	0.4811
6428	-116.5676	-116.5676	-93.3801	0.8011	69.5734	0.5986	1.3e-04	0.4807
6429	-116.5908	-116.5908	-93.7912	0.8044	69.0504	0.5939	1.3e-04	0.4810
6430	-116.6099	-116.6099	-95.0759	0.8153	67.3079	0.5790	1.3e-04	0.4804
6431	-116.6054	-116.6054	-94.2522	0.8083	68.4496	0.5888	1.3e-04	0.4812
6432	-116.5793	-116.5793	-94.4821	0.8105	68.1001	0.5857	1.3e-04	0.4812
6433	-116.6040	-116.6040	-94.3392	0.8091	68.3217	0.5877	1.3e-04	0.4810
6434	-116.5984	-116.5984	-94.8967	0.8139	67.3840	0.5796	1.3e-04	0.4804
6435	-116.5998	-116.5998	-94.0433	0.8065	68.7218	0.5912	1.3e-04	0.4811
6436	-116.6087	-116.6087	-92.9372	0.7970	70.1658	0.6036	1.3e-04	0.4805
6437	-116.6036	-116.6036	-95.0072	0.8148	67.3942	0.5796	1.3e-04	0.4814
6438	-116.6101	-116.6101	-93.1411	0.7987	69.9381	0.6016	1.3e-04	0.4806
6439	-116.6200	-116.6200	-94.9026	0.8138	67.5575	0.5811	1.3e-04	0.4814
6440	-116.6160	-116.6160	-94.1659	0.8075	68.4976	0.5895	1.3e-04	0.4807
6441	-116.5864	-116.5864	-94.7874	0.8130	67.6427	0.5819	1.3e-04	0.4811
6442	-116.6077	-116.6077	-92.5733	0.7939	70.5126	0.6066	1.3e-04	0.4806
6443	-116.5883	-116.5883	-94.4526	0.8101	68.1481	0.5862	1.3e-04	0.4814
6444	-116.6149	-116.6149	-94.3398	0.8090	68.2679	0.5872	1.3e-04	0.4803
6445	-116.6050	-116.6050	-94.3689	0.8093	68.2629	0.5873	1.3e-04	0.4810
6446	-116.6146	-116.6146	-94.9057	0.8138	67.5515	0.5811	1.3e-04	0.4807
6447	-116.6167	-116.6167	-93.3040	0.8001	69.7153	0.5998	1.3e-04	0.4810
6448	-116.6126	-116.6126	-95.2776	0.8170	67.0223	0.5765	1.3e-04	0.4807
6449	-116.5891	-116.5891	-95.1169	0.8158	67.2176	0.5782	1.3e-04	0.4810
6450	-116.6070	-116.6070	-94.1007	0.8070	68.6498	0.5906	1.3e-04	0.4804
6451	-116.5938	-116.5938	-94.9665	0.8145	67.4389	0.5801	1.3e-04	0.4811
6452	-116.5954	-116.5954	-94.4304	0.8099	68.1617	0.5864	1.3e-04	0.4806
6453	-116.5943	-116.5943	-94.4503	0.8101	68.1276	0.5860	1.3e-04	0.4815
6454	-116.5936	-116.5936	-94.1093	0.8072	68.6205	0.5903	1.3e-04	0.4804
6455	-116.5889	-116.5889	-94.9192	0.8141	67.4859	0.5807	1.3e-04	0.4811
6456	-116.5985	-116.5985	-93.0087	0.7977	70.1110	0.6030	1.3e-04	0.4804
6457	-116.5961	-116.5961	-95.2214	0.8167	67.0846	0.5771	1.3e-04	0.4812
6458	-116.5885	-116.5885	-94.1185	0.8073	68.6093	0.5902	1.3e-04	0.4807
6459	-116.6010	-116.6010	-92.6965	0.7950	70.5137	0.6066	1.3e-04	0.4815
6460	-116.5933	-116.5933	-93.2550	0.7998	69.7805	0.6002	1.3e-04	0.4805
6461	-116.5769	-116.5769	-95.3105	0.8176	66.8811	0.5754	1.3e-04	0.4814
6462	-116.5896	-116.5896	-94.4217	0.8099	68.1907	0.5865	1.3e-04	0.4806
6463	-116.5871	-116.5871	-94.4002	0.8097	68.2111	0.5868	1.3e-04	0.4819
6464	-116.6062	-116.6062	-93.9841	0.8060	68.7959	0.5918	1.3e-04	0.4806
6465	-116.5969	-116.5969	-95.0661	0.8153	67.3015	0.5790	1.3e-04	0.4814
6466	-116.6148	-116.6148	-94.2772	0.8084	68.4192	0.5885	1.3e-04	0.4809
6467	-116.5946	-116.5946	-93.7524	0.8041	69.0343	0.5939	1.3e-04	0.4811
6468	-116.5998	-116.5998	-93.8645	0.8050	68.9628	0.5932	1.3e-04	0.4811
6469	-116.6197	-116.6197	-93.9875	0.8059	68.8279	0.5920	1.3e-04	0.4815
6470	-116.6010	-116.6010	-94.3049	0.8088	68.3606	0.5881	1.3e-04	0.4807
6471	-116.6007	-116.6007	-94.0599	0.8067	68.6727	0.5907	1.3e-04	0.4813
6472	-116.6102	-116.6102	-93.2621	0.7998	69.7568	0.6000	1.3e-04	0.4803
6473	-116.6027	-116.6027	-92.1491	0.7903	71.1862	0.6124	1.3e-04	0.4814
6474	-116.5748	-116.5748	-94.0478	0.8068	68.6788	0.5909	1.3e-04	0.4803
6475	-116.6114	-116.6114	-93.1456	0.7988	69.9335	0.6015	1.3e-04	0.4811
6476	-116.5990	-116.5990	-94.3876	0.8095	68.2614	0.5871	1.3e-04	0.4805
6477	-116.6071	-116.6071	-94.4913	0.8103	68.1229	0.5860	1.3e-04	0.4810
6478	-116.6001	-116.6001	-92.8229	0.7961	70.3450	0.6051	1.3e-04	0.4808
6479	-116.5968	-116.5968	-93.9226	0.8055	68.8678	0.5925	1.3e-04	0.4809
6480	-116.6032	-116.6032	-94.8116	0.8131	67.5707	0.5813	1.3e-04	0.4806
6481	-116.5908	-116.5908	-94.8685	0.8137	67.5724	0.5813	1.3e-04	0.4812
6482	-116.5637	-116.5637	-95.2190	0.8169	67.0430	0.5768	1.3e-04	0.4810
6483	-116.6027	-116.6027	-92.7784	0.7957	70.3010	0.6047	1.3e-04	0.4810
6484	-116.6142	-116.6142	-93.4835	0.8016	69.4527	0.5974	1.3e-04	0.4815
6485	-116.5952	-116.5952	-94.4996	0.8105	68.0632	0.5855	1.3e-04	0.4813
6486	-116.5902	-116.5902	-93.6744	0.8035	69.2105	0.5954	1.3e-04	0.4818
6487	-116.6057	-116.6057	-93.5974	0.8027	69.3062	0.5962	1.3e-04	0.4810
6488	-116.6028	-116.6028	-93.4454	0.8014	69.5290	0.5981	1.3e-04	0.4815
6489	-116.6200	-116.6200	-93.8833	0.8050	68.9570	0.5932	1.3e-04	0.4816
6490	-116.6040	-116.6040	-95.3464	0.8177	66.9084	0.5756	1.3e-04	0.4816
6491	-116.6126	-116.6126	-92.8759	0.7964	70.1964	0.6038	1.3e-04	0.4813
6492	-116.5960	-116.5960	-94.5877	0.8112	67.9718	0.5847	1.3e-04	0.4806
6493	-116.6094	-116.6094	-95.3608	0.8178	66.9048	0.5755	1.3e-04	0.4811
6494	-116.5987	-116.5987	-94.3468	0.8092	68.2678	0.5872	1.3e-04	0.4804
6495	-116.6127	-116.6127	-91.9488	0.7885	71.5015	0.6149	1.3e-04	0.4813
6496	-116.5972	-116.5972	-93.1483	0.7989	69.8484	0.6008	1.3e-04	0.4806
6497	-116.5917	-116.5917	-95.1212	0.8158	67.2006	0.5781	1.3e-04	0.4816
6498	-116.5854	-116.5854	-94.6063	0.8115	67.9278	0.5844	1.3e-04	0.4811
6499	-116.5977	-116.5977	-95.1462	0.8160	67.1842	0.5779	1.3e-04	0.4811
6500	-116.6028	-116.6028	-93.9525	0.8057	68.8628	0.5922	1.3e-04	0.4812
6501	-116.5925	-116.5925	-94.6494	0.8118	67.8502	0.5836	1.3e-04	0.4809
6502	-116.5868	-116.5868	-93.6709	0.8034	69.2134	0.5953	1.3e-04	0.4807
6503	-116.6054	-116.6054	-94.3715	0.8093	68.2741	0.5874	1.3e-04	0.4811
6504	-116.5713	-116.5713	-94.8080	0.8133	67.6114	0.5817	1.3e-04	0.4807
6505	-116.6058	-116.6058	-94.6820	0.8120	67.8425	0.5837	1.3e-04	0.4813
6506	-116.5842	-116.5842	-95.0357	0.8152	67.3089	0.5791	1.3e-04	0.4816
6507	-116.5926	-116.5926	-93.6830	0.8035	69.1557	0.5949	1.3e-04	0.4820
6508	-116.5900	-116.5900	-93.2551	0.7999	69.7639	0.6002	1.3e-04	0.4822
6509	-116.5969	-116.5969	-92.7671	0.7956	70.4124	0.6058	1.3e-04	0.4827
6510	-116.5949	-116.5949	-93.3991	0.8011	69.5754	0.5984	1.3e-04	0.4836
6511	-116.5922	-116.5922	-93.6779	0.8035	69.2215	0.5953	1.3e-04	0.4815
6512	-116.5866	-116.5866	-95.2835	0.8173	66.9745	0.5761	1.3e-04	0.4834
6513	-116.5839	-116.5839	-94.6203	0.8116	67.8526	0.5836	1.3e-04	0.4826
6514	-116.5934	-116.5934	-94.9373	0.8143	67.4513	0.5803	1.3e-04	0.4828
6515	-116.5937	-116.5937	-94.3706	0.8094	68.1920	0.5866	1.3e-04	0.4825
6516	-116.6067	-116.6067	-93.8569	0.8049	68.9910	0.5934	1.3e-04	0.4824
6517	-116.5783	-116.5783	-93.5110	0.8021	69.4151	0.5971	1.3e-04	0.4827
6518	-116.6060	-116.6060	-93.5144	0.8020	69.4413	0.5972	1.3e-04	0.4825
6519	-116.5840	-116.5840	-93.5941	0.8028	69.2869	0.5962	1.3e-04	0.4828
6520	-116.5997	-116.5997	-93.1976	0.7993	69.8639	0.6009	1.3e-04	0.4821
6521	-116.5905	-116.5905	-94.2840	0.8087	68.3905	0.5882	1.3e-04	0.4819
6522	-116.5973	-116.5973	-94.4278	0.8099	68.1921	0.5866	1.3e-04	0.4825
6523	-116.6057	-116.6057	-94.1596	0.8075	68.5577	0.5898	1.3e-04	0.4827
6524	-116.6006	-116.6006	-93.7199	0.8038	69.1593	0.5948	1.3e-04	0.4819
6525	-116.5880	-116.5880	-94.6284	0.8116	67.9037	0.5841	1.3e-04	0.4826
6526	-116.6044	-116.6044	-94.2549	0.8083	68.4274	0.5887	1.3e-04	0.4819
6527	-116.5927	-116.5927	-93.2883	0.8001	69.7133	0.5997	1.3e-04	0.4824
6528	-116.5977	-116.5977	-92.5300	0.7936	70.7251	0.6084	1.3e-04	0.4819
6529	-116.5997	-116.5997	-92.8615	0.7964	70.2602	0.6044	1.3e-04	0.4828
6530	-116.6014	-116.6014	-92.9974	0.7976	70.1201	0.6031	1.3e-04	0.4817
6531	-116.6030	-116.6030	-93.3878	0.8009	69.6050	0.5988	1.3e-04	0.4820
6532	-116.5960	-116.5960	-93.9350	0.8056	68.8496	0.5921	1.3e-04	0.4826
6533	-116.6027	-116.6027	-92.9578	0.7972	70.1670	0.6036	1.3e-04	0.4826
6534	-116.6120	-116.6120	-91.1545	0.7817	72.4830	0.6235	1.3e-04	0.4822
6535	-116.5937	-116.5937	-92.8621	0.7965	70.2885	0.6045	1.3e-04	0.4829
6536	-116.5897	-116.5897	-92.5428	0.7937	70.7036	0.6082	1.3e-04	0.4827
6537	-116.5894	-116.5894	-93.8791	0.8052	68.9382	0.5929	1.3e-04	0.4821
6538	-116.6046	-116.6046	-94.4076	0.8096	68.2145	0.5868	1.3e-04	0.4820
6539	-116.5999	-116.5999	-93.6136	0.8029	69.2902	0.5961	1.3e-04	0.4818
6540	-116.6104	-116.6104	-93.7933	0.8043	69.0525	0.5941	1.3e-04	0.4818
6541	-116.6145	-116.6145	-93.4011	0.8009	69.6027	0.5987	1.3e-04	0.4818
6542	-116.6188	-116.6188	-92.2137	0.7907	71.1295	0.6118	1.3e-04	0.4816
6543	-116.5945	-116.5945	-92.9787	0.7975	70.1426	0.6033	1.3e-04	0.4818
6544	-116.5958	-116.5958	-91.7804	0.7872	71.5995	0.6159	1.3e-04	0.4818
6545	-116.5814	-116.5814	-94.2357	0.8083	68.4334	0.5887	1.3e-04	0.4821
6546	-116.6054	-116.6054	-93.5743	0.8025	69.3657	0.5967	1.3e-04	0.4820
6547	-116.5918	-116.5918	-94.9312	0.8142	67.4428	0.5802	1.3e-04	0.4824
6548	-116.6200	-116.6200	-93.8605	0.8048	68.9885	0.5934	1.3e-04	0.4816
6549	-116.5998	-116.5998	-92.4134	0.7926	70.8837	0.6098	1.3e-04	0.4818
6550	-116.6074	-116.6074	-93.1207	0.7986	69.9714	0.6019	1.3e-04	0.4821
6551	-116.5756	-116.5756	-92.8669	0.7966	70.2541	0.6044	1.3e-04	0.4816
6552	-116.6067	-116.6067	-91.1336	0.7815	72.5043	0.6236	1.3e-04	0.4820
6553	-116.5860	-116.5860	-91.2947	0.7831	72.3018	0.6219	1.3e-04	0.4823
6554	-116.6147	-116.6147	-93.6012	0.8027	69.3374	0.5964	1.3e-04	0.4821
6555	-116.5861	-116.5861	-93.9845	0.8061	68.7704	0.5916	1.3e-04	0.4813
6556	-116.6050	-116.6050	-94.2608	0.8084	68.4250	0.5886	1.3e-04	0.4820
6557	-116.5931	-116.5931	-93.0886	0.7984	69.9461	0.6017	1.3e-04	0.4822
6558	-116.5994	-116.5994	-92.7421	0.7954	70.4249	0.6058	1.3e-04	0.4816
6559	-116.6085	-116.6085	-90.4412	0.7756	73.3863	0.6312	1.3e-04	0.4820
6560	-116.5724	-116.5724	-93.3452	0.8007	69.6255	0.5989	1.3e-04	0.4815
6561	-116.5920	-116.5920	-93.3156	0.8004	69.6517	0.5992	1.3e-04	0.4815
6562	-116.5896	-116.5896	-92.9593	0.7973	70.1434	0.6033	1.3e-04	0.4820
6563	-116.6216	-116.6216	-92.1502	0.7902	71.2603	0.6129	1.3e-04	0.4817
6564	-116.6154	-116.6154	-92.7784	0.7956	70.4431	0.6058	1.3e-04	0.4802
6565	-116.5942	-116.5942	-94.2635	0.8085	68.4064	0.5885	1.3e-04	0.4809
6566	-116.6069	-116.6069	-93.0683	0.7981	70.0382	0.6024	1.3e-04	0.4803
6567	-116.5902	-116.5902	-93.1416	0.7989	69.9153	0.6015	1.3e-04	0.4809
6568	-116.6095	-116.6095	-91.7097	0.7865	71.6631	0.6166	1.3e-04	0.4810
6569	-116.6115	-116.6115	-93.3340	0.8004	69.6372	0.5990	1.3e-04	0.4810
6570	-116.6021	-116.6021	-94.3266	0.8090	68.3487	0.5879	1.3e-04	0.4806
6571	-116.6016	-116.6016	-92.8269	0.7961	70.3386	0.6051	1.3e-04	0.4811
6572	-116.5963	-116.5963	-93.4753	0.8017	69.4636	0.5976	1.3e-04	0.4807
6573	-116.5938	-116.5938	-92.0824	0.7898	71.3054	0.6134	1.3e-04	0.4811
6574	-116.5867	-116.5867	-91.3829	0.7838	72.1860	0.6210	1.3e-04	0.4803
6575	-116.5909	-116.5909	-92.7362	0.7954	70.4414	0.6059	1.3e-04	0.4809
6576	-116.6201	-116.6201	-92.0909	0.7897	71.3254	0.6135	1.3e-04	0.4808
6577	-116.5988	-116.5988	-93.9338	0.8056	68.7764	0.5917	1.3e-04	0.4812
6578	-116.6133	-116.6133	-91.4987	0.7846	72.0567	0.6198	1.3e-04	0.4807
6579	-116.6054	-116.6054	-92.7559	0.7955	70.4027	0.6056	1.3e-04	0.4811
6580	-116.5707	-116.5707	-94.5819	0.8114	67.9411	0.5845	1.3e-04	0.4804
6581	-116.5792	-116.5792	-93.4719	0.8018	69.3067	0.5963	1.3e-04	0.4811
6582	-116.6086	-116.6086	-91.7067	0.7864	71.7683	0.6173	1.3e-04	0.4805
6583	-116.6049	-116.6049	-92.6899	0.7949	70.4861	0.6064	1.3e-04	0.4813
6584	-116.6353	-116.6353	-91.5244	0.7847	72.0624	0.6198	1.3e-04	0.4806
6585	-116.6098	-116.6098	-92.2281	0.7909	71.1177	0.6118	1.3e-04	0.4810
6586	-116.5932	-116.5932	-93.5392	0.8023	69.3810	0.5968	1.3e-04	0.4805
6587	-116.6024	-116.6024	-93.0259	0.7978	70.0973	0.6029	1.3e-04	0.4812
6588	-116.6101	-116.6101	-92.9973	0.7975	70.1297	0.6032	1.3e-04	0.4806
6589	-116.6255	-116.6255	-91.8258	0.7874	71.5761	0.6157	1.3e-04	0.4810
6590	-116.5802	-116.5802	-93.0041	0.7978	70.0871	0.6029	1.3e-04	0.4804
6591	-116.6104	-116.6104	-91.8857	0.7880	71.3976	0.6141	1.3e-04	0.4811
6592	-116.6039	-116.6039	-92.8199	0.7960	70.3049	0.6048	1.3e-04	0.4808
6593	-116.6115	-116.6115	-93.1140	0.7985	69.9709	0.6018	1.3e-04	0.4811
6594	-116.6095	-116.6095	-91.9718	0.7887	71.4298	0.6145	1.3e-04	0.4805
6595	-116.5909	-116.5909	-92.6413	0.7946	70.5765	0.6070	1.3e-04	0.4810
6596	-116.6082	-116.6082	-91.5068	0.7847	72.0342	0.6196	1.3e-04	0.4805
6597	-116.5849	-116.5849	-92.8256	0.7962	70.3400	0.6050	1.3e-04	0.4818
6598	-116.6030	-116.6030	-93.1493	0.7989	69.9030	0.6013	1.3e-04	0.4804
6599	-116.5839	-116.5839	-93.2125	0.7995	69.8194	0.6006	1.3e-04	0.4811
6600	-116.5909	-116.5909	-93.9438	0.8058	68.8414	0.5922	1.3e-04	0.4813
6601	-116.6255	-116.6255	-90.3887	0.7750	73.4502	0.6319	1.3e-04	0.4813
6602	-116.5823	-116.5823	-94.4965	0.8106	68.0759	0.5856	1.3e-04	0.4806
6603	-116.5969	-116.5969	-92.1187	0.7901	71.2522	0.6130	1.3e-04	0.4815
6604	-116.6011	-116.6011	-91.8788	0.7880	71.5655	0.6156	1.3e-04	0.4812
6605	-116.5942	-116.5942	-92.0470	0.7895	71.3545	0.6138	1.3e-04	0.4812
6606	-116.5819	-116.5819	-92.8178	0.7962	70.3507	0.6051	1.3e-04	0.4810
6607	-116.5994	-116.5994	-92.5707	0.7939	70.6398	0.6075	1.3e-04	0.4813
6608	-116.6106	-116.6106	-92.6515	0.7945	70.5840	0.6071	1.3e-04	0.4809
6609	-116.6023	-116.6023	-92.5248	0.7935	70.7350	0.6085	1.3e-04	0.4812
6610	-116.6001	-116.6001	-93.1760	0.7991	69.8334	0.6007	1.3e-04	0.4821
6611	-116.6019	-116.6019	-92.1253	0.7901	71.2683	0.6130	1.3e-04	0.4811
6612	-116.5973	-116.5973	-91.6764	0.7863	71.7981	0.6176	1.3e-04	0.4815
6613	-116.5956	-116.5956	-92.9263	0.7970	70.2205	0.6040	1.3e-04	0.4810
6614	-116.6038	-116.6038	-91.9423	0.7885	71.5061	0.6150	1.3e-04	0.4808
6615	-116.5983	-116.5983	-92.3675	0.7922	70.9313	0.6102	1.3e-04	0.4814
6616	-116.6039	-116.6039	-92.2181	0.7909	71.1210	0.6119	1.3e-04	0.4808
6617	-116.5943	-116.5943	-89.9311	0.7713	73.8808	0.6356	1.3e-04	0.4812
6618	-116.6033	-116.6033	-91.7527	0.7869	71.7289	0.6170	1.3e-04	0.4808
6619	-116.6218	-116.6218	-91.2255	0.7822	72.4057	0.6228	1.3e-04	0.4813
6620	-116.6084	-116.6084	-91.3762	0.7836	72.2179	0.6211	1.3e-04	0.4807
6621	-116.6190	-116.6190	-93.5986	0.8026	69.2900	0.5961	1.3e-04	0.4813
6622	-116.6005	-116.6005	-92.0351	0.7893	71.2908	0.6132	1.3e-04	0.4806
6623	-116.5877	-116.5877	-92.7378	0.7954	70.4055	0.6057	1.3e-04	0.4815
6624	-116.6134	-116.6134	-91.7738	0.7870	71.7248	0.6169	1.3e-04	0.4807
6625	-116.5910	-116.5910	-93.1257	0.7987	69.9549	0.6017	1.3e-04	0.4811
6626	-116.6066	-116.6066	-92.6366	0.7944	70.4890	0.6065	1.3e-04	0.4804
6627	-116.5899	-116.5899	-92.3021	0.7917	70.9996	0.6107	1.3e-04	0.4816
6628	-116.6134	-116.6134	-93.4124	0.8010	69.5910	0.5986	1.3e-04	0.4807
6629	-116.5884	-116.5884	-93.5759	0.8026	69.3226	0.5964	1.3e-04	0.4816
6630	-116.5943	-116.5943	-92.4913	0.7933	70.7726	0.6089	1.3e-04	0.4809
6631	-116.5927	-116.5927	-92.0433	0.7894	71.3178	0.6134	1.3e-04	0.4813
6632	-116.6033	-116.6033	-93.9021	0.8053	68.9085	0.5928	1.3e-04	0.4806
6633	-116.5957	-116.5957	-92.5800	0.7940	70.6798	0.6079	1.3e-04	0.4812
6634	-116.6163	-116.6163	-91.6396	0.7858	71.8994	0.6184	1.3e-04	0.4805
6635	-116.6097	-116.6097	-92.4178	0.7925	70.9027	0.6098	1.3e-04	0.4809
6636	-116.5940	-116.5940	-91.8229	0.7875	71.6328	0.6162	1.3e-04	0.4806
6637	-116.6021	-116.6021	-91.5685	0.7853	71.9586	0.6190	1.3e-04	0.4815
6638	-116.6009	-116.6009	-91.5769	0.7854	71.9595	0.6190	1.3e-04	0.4805
6639	-116.5963	-116.5963	-92.4211	0.7927	70.8317	0.6093	1.3e-04	0.4814
6640	-116.5844	-116.5844	-93.5698	0.8026	69.2839	0.5960	1.3e-04	0.4808
6641	-116.6088	-116.6088	-91.8591	0.7878	71.5790	0.6158	1.3e-04	0.4813
6642	-116.6121	-116.6121	-91.9766	0.7887	71.4674	0.6147	1.3e-04	0.4804
6643	-116.6003	-116.6003	-93.2102	0.7994	69.8138	0.6005	1.3e-04	0.4810
6644	-116.6009	-116.6009	-93.7779	0.8043	69.0724	0.5942	1.3e-04	0.4806
6645	-116.6139	-116.6139	-92.4996	0.7932	70.7681	0.6087	1.3e-04	0.4809
6646	-116.6093	-116.6093	-90.2998	0.7744	73.4847	0.6322	1.3e-04	0.4806
6647	-116.5881	-116.5881	-91.4560	0.7844	72.0910	0.6202	1.3e-04	0.4816
6648	-116.6232	-116.6232	-92.4171	0.7924	70.8809	0.6097	1.3e-04	0.4810
6649	-116.6202	-116.6202	-93.3648	0.8006	69.5460	0.5981	1.3e-04	0.4813
6650	-116.6067	-116.6067	-91.2939	0.7829	72.2954	0.6220	1.3e-04	0.4809
6651	-116.6129	-116.6129	-93.1118	0.7985	70.0007	0.6020	1.3e-04	0.4811
6652	-116.5940	-116.5940	-91.7973	0.7873	71.6465	0.6165	1.3e-04	0.4808
6653	-116.5956	-116.5956	-91.9371	0.7885	71.4868	0.6150	1.3e-04	0.4817
6654	-116.5836	-116.5836	-93.0366	0.7980	70.0072	0.6023	1.3e-04	0.4808
6655	-116.6132	-116.6132	-92.0823	0.7896	71.3466	0.6136	1.3e-04	0.4812
6656	-116.6155	-116.6155	-90.5137	0.7762	73.2941	0.6305	1.3e-04	0.4812
6657	-116.5931	-116.5931	-93.4471	0.8015	69.5088	0.5980	1.3e-04	0.4816
6658	-116.5997	-116.5997	-93.4248	0.8012	69.5278	0.5981	1.3e-04	0.4812
6659	-116.6128	-116.6128	-92.6971	0.7949	70.5176	0.6065	1.3e-04	0.4811
6660	-116.5989	-116.5989	-91.5798	0.7854	71.8868	0.6185	1.3e-04	0.4804
6661	-116.6083	-116.6083	-92.3062	0.7916	71.0232	0.6110	1.3e-04	0.4807
6662	-116.6091	-116.6091	-92.8637	0.7964	70.3122	0.6048	1.3e-04	0.4809
6663	-116.6086	-116.6086	-92.8108	0.7959	70.3703	0.6053	1.3e-04	0.4810
6664	-116.6212	-116.6212	-91.9307	0.7883	71.5334	0.6153	1.3e-04	0.4811
6665	-116.6048	-116.6048	-90.3149	0.7745	73.4218	0.6316	1.3e-04	0.4811
6666	-116.6111	-116.6111	-90.0679	0.7724	73.8207	0.6350	1.3e-04	0.4807
6667	-116.5925	-116.5925	-91.6996	0.7865	71.7859	0.6174	1.3e-04	0.4811
6668	-116.5927	-116.5927	-92.4521	0.7929	70.8282	0.6093	1.3e-04	0.4812
6669	-116.5871	-116.5871	-92.1016	0.7900	71.2450	0.6128	1.3e-04	0.4811
6670	-116.5979	-116.5979	-91.9003	0.7882	71.5287	0.6153	1.3e-04	0.4810
6671	-116.5889	-116.5889	-91.2608	0.7828	72.3366	0.6222	1.3e-04	0.4815
6672	-116.5904	-116.5904	-92.7718	0.7957	70.3842	0.6055	1.3e-04	0.4811
6673	-116.5707	-116.5707	-93.3001	0.8004	69.5709	0.5985	1.3e-04	0.4814
6674	-116.6222	-116.6222	-92.2434	0.7910	71.1409	0.6119	1.3e-04	0.4810
6675	-116.6043	-116.6043	-92.5054	0.7933	70.7702	0.6087	1.3e-04	0.4814
6676	-116.6112	-116.6112	-92.2101	0.7907	71.1481	0.6121	1.3e-04	0.4805
6677	-116.5889	-116.5889	-92.6652	0.7948	70.5418	0.6068	1.3e-04	0.4815
6678	-116.5812	-116.5812	-91.9238	0.7885	71.4633	0.6147	1.3e-04	0.4815
6679	-116.5964	-116.5964	-92.8521	0.7964	70.2965	0.6047	1.3e-04	0.4811
6680	-116.6264	-116.6264	-91.3600	0.7834	72.2406	0.6215	1.3e-04	0.4812
6681	-116.5925	-116.5925	-92.9013	0.7968	70.2333	0.6042	1.3e-04	0.4814
6682	-116.6044	-116.6044	-91.9276	0.7884	71.4917	0.6151	1.3e-04	0.4812
6683	-116.6280	-116.6280	-92.2484	0.7910	71.0776	0.6114	1.3e-04	0.4815
6684	-116.6017	-116.6017	-92.2718	0.7913	71.0750	0.6114	1.3e-04	0.4814
6685	-116.5845	-116.5845	-92.0455	0.7895	71.3392	0.6137	1.3e-04	0.4817
6686	-116.5923	-116.5923	-94.2884	0.8087	68.3703	0.5880	1.3e-04	0.4817
6687	-116.6050	-116.6050	-91.2725	0.7827	72.3290	0.6222	1.3e-04	0.4819
6688	-116.6136	-116.6136	-93.7973	0.8043	69.0781	0.5942	1.3e-04	0.4819
6689	-116.5879	-116.5879	-92.5114	0.7935	70.7495	0.6086	1.3e-04	0.4818
6690	-116.6063	-116.6063	-92.2367	0.7910	71.1085	0.6115	1.3e-04	0.4818
6691	-116.6139	-116.6139	-91.5209	0.7848	72.0331	0.6197	1.3e-04	0.4819
6692	-116.6241	-116.6241	-91.1627	0.7817	72.5160	0.6236	1.3e-04	0.4819
6693	-116.5889	-116.5889	-93.0462	0.7981	70.0228	0.6025	1.3e-04	0.4820
6694	-116.5809	-116.5809	-93.6765	0.8035	69.1149	0.5944	1.3e-04	0.4818
6695	-116.5802	-116.5802	-93.7441	0.8041	69.1117	0.5945	1.3e-04	0.4820
6696	-116.5917	-116.5917	-91.5976	0.7856	71.9079	0.6184	1.3e-04	0.4825
6697	-116.5805	-116.5805	-93.3166	0.8004	69.6854	0.5994	1.3e-04	0.4831
6698	-116.6276	-116.6276	-91.5079	0.7846	72.0997	0.6200	1.3e-04	0.4824
6699	-116.5912	-116.5912	-93.0831	0.7984	69.9881	0.6021	1.3e-04	0.4825
6700	-116.6039	-116.6039	-91.9349	0.7884	71.5144	0.6151	1.3e-04	0.4826
6701	-116.6084	-116.6084	-92.5973	0.7941	70.5901	0.6073	1.3e-04	0.4833
6702	-116.5973	-116.5973	-92.3198	0.7918	70.9710	0.6105	1.3e-04	0.4825
6703	-116.5886	-116.5886	-91.7839	0.7872	71.6840	0.6166	1.3e-04	0.4822
6704	-116.5896	-116.5896	-94.8841	0.8138	67.5567	0.5811	1.3e-04	0.4823
6705	-116.5842	-116.5842	-93.1547	0.7990	69.8939	0.6013	1.3e-04	0.4817
6706	-116.5974	-116.5974	-93.0060	0.7977	70.0644	0.6027	1.3e-04	0.4818
6707	-116.5804	-116.5804	-93.5467	0.8024	69.3673	0.5967	1.3e-04	0.4821
6708	-116.5941	-116.5941	-93.8457	0.8049	68.9673	0.5932	1.3e-04	0.4821
6709	-116.6075	-116.6075	-92.6757	0.7948	70.5425	0.6068	1.3e-04	0.4821
6710	-116.6043	-116.6043	-93.9736	0.8059	68.8314	0.5920	1.3e-04	0.4821
6711	-116.6060	-116.6060	-92.6715	0.7947	70.4009	0.6056	1.3e-04	0.4827
6712	-116.6089	-116.6089	-92.9173	0.7968	70.2471	0.6042	1.3e-04	0.4826
6713	-116.5921	-116.5921	-92.6443	0.7946	70.5797	0.6071	1.3e-04	0.4817
6714	-116.5958	-116.5958	-93.1671	0.7991	69.8967	0.6012	1.3e-04	0.4820
6715	-116.5978	-116.5978	-92.7785	0.7957	70.3799	0.6054	1.3e-04	0.4817
6716	-116.6055	-116.6055	-92.3185	0.7917	71.0121	0.6108	1.3e-04	0.4821
6717	-116.5927	-116.5927	-91.4272	0.7842	72.0015	0.6195	1.3e-04	0.4815
6718	-116.6150	-116.6150	-92.6982	0.7949	70.5204	0.6067	1.3e-04	0.4820
6719	-116.6054	-116.6054	-91.8863	0.7880	71.5675	0.6157	1.3e-04	0.4824
6720	-116.5793	-116.5793	-93.5310	0.8023	69.3809	0.5969	1.3e-04	0.4827
6721	-116.6130	-116.6130	-91.5963	0.7855	71.9596	0.6188	1.3e-04	0.4826
6722	-116.5852	-116.5852	-92.3583	0.7922	70.9273	0.6101	1.3e-04	0.4819
6723	-116.6260	-116.6260	-91.3808	0.7835	72.2327	0.6212	1.3e-04	0.4821
6724	-116.6232	-116.6232	-92.7861	0.7956	70.4199	0.6057	1.3e-04	0.4826
6725	-116.6023	-116.6023	-94.2964	0.8087	68.3223	0.5878	1.3e-04	0.4819
6726	-116.6287	-116.6287	-90.5458	0.7764	73.2607	0.6301	1.3e-04	0.4818
6727	-116.6072	-116.6072	-93.6228	0.8029	69.2673	0.5958	1.3e-04	0.4820
6728	-116.6152	-116.6152	-93.0246	0.7977	70.0989	0.6030	1.3e-04	0.4811
6729	-116.5705	-116.5705	-93.1649	0.7992	69.8345	0.6007	1.3e-04	0.4813
6730	-116.5850	-116.5850	-92.2444	0.7912	71.0553	0.6114	1.3e-04	0.4804
6731	-116.6033	-116.6033	-93.0013	0.7976	70.0675	0.6029	1.3e-04	0.4811
6732	-116.5968	-116.5968	-90.5316	0.7765	73.2651	0.6302	1.3e-04	0.4804
6733	-116.5964	-116.5964	-91.4017	0.7839	72.1707	0.6208	1.3e-04	0.4810
6734	-116.6158	-116.6158	-92.7673	0.7955	70.4230	0.6057	1.3e-04	0.4805
6735	-116.6058	-116.6058	-91.7564	0.7869	71.7329	0.6171	1.3e-04	0.4811
6736	-116.6061	-116.6061	-91.7450	0.7868	71.7457	0.6172	1.3e-04	0.4807
6737	-116.6050	-116.6050	-92.2727	0.7913	71.0457	0.6113	1.3e-04	0.4813
6738	-116.6060	-116.6060	-90.6889	0.7777	73.0066	0.6280	1.3e-04	0.4806
6739	-116.5876	-116.5876	-93.1907	0.7993	69.8593	0.6009	1.3e-04	0.4810
6740	-116.6025	-116.6025	-91.5720	0.7853	71.9471	0.6189	1.3e-04	0.4807
6741	-116.6070	-116.6070	-92.8565	0.7963	70.2991	0.6048	1.3e-04	0.4815
6742	-116.6020	-116.6020	-94.3157	0.8089	68.3589	0.5880	1.3e-04	0.4807
6743	-116.6012	-116.6012	-92.6541	0.7946	70.5202	0.6067	1.3e-04	0.4812
6744	-116.5977	-116.5977	-91.8136	0.7874	71.6073	0.6160	1.3e-04	0.4811
6745	-116.5975	-116.5975	-91.5631	0.7853	71.9774	0.6191	1.3e-04	0.4811
6746	-116.5883	-116.5883	-94.6724	0.8120	67.8376	0.5836	1.3e-04	0.4806
6747	-116.5839	-116.5839	-92.3337	0.7920	70.9708	0.6105	1.3e-04	0.4810
6748	-116.6084	-116.6084	-94.4265	0.8098	68.1990	0.5867	1.3e-04	0.4810
6749	-116.5940	-116.5940	-93.6646	0.8033	69.2295	0.5954	1.3e-04	0.4811
6750	-116.5894	-116.5894	-94.4067	0.8097	68.1970	0.5867	1.3e-04	0.4811
6751	-116.5966	-116.5966	-91.6943	0.7864	71.7986	0.6176	1.3e-04	0.4815
6752	-116.5923	-116.5923	-90.9373	0.7800	72.7258	0.6257	1.3e-04	0.4805
6753	-116.5937	-116.5937	-93.2930	0.8002	69.6965	0.5996	1.3e-04	0.4810
6754	-116.6154	-116.6154	-91.9689	0.7887	71.4689	0.6148	1.3e-04	0.4805
6755	-116.5752	-116.5752	-92.4044	0.7927	70.8577	0.6097	1.3e-04	0.4811
6756	-116.6025	-116.6025	-92.5690	0.7939	70.6228	0.6074	1.3e-04	0.4803
6757	-116.6057	-116.6057	-92.1259	0.7901	71.2173	0.6125	1.3e-04	0.4812
6758	-116.5804	-116.5804	-94.4180	0.8099	68.1653	0.5864	1.3e-04	0.4807
6759	-116.6062	-116.6062	-91.8596	0.7878	71.5717	0.6156	1.3e-04	0.4810
6760	-116.6032	-116.6032	-92.7449	0.7954	70.4480	0.6060	1.3e-04	0.4806
6761	-116.6053	-116.6053	-94.2087	0.8079	68.5007	0.5893	1.3e-04	0.4812
6762	-116.5917	-116.5917	-91.6871	0.7864	71.6989	0.6166	1.3e-04	0.4807
6763	-116.5881	-116.5881	-93.3340	0.8005	69.6484	0.5991	1.3e-04	0.4814
6764	-116.5793	-116.5793	-92.2934	0.7917	71.0145	0.6109	1.3e-04	0.4804
6765	-116.5910	-116.5910	-91.8908	0.7881	71.5413	0.6155	1.3e-04	0.4813
6766	-116.5923	-116.5923	-93.9724	0.8060	68.8290	0.5919	1.3e-04	0.4807
6767	-116.6186	-116.6186	-93.2363	0.7995	69.8143	0.6007	1.3e-04	0.4812
6768	-116.5957	-116.5957	-92.8161	0.7961	70.3547	0.6052	1.3e-04	0.4810
6769	-116.6059	-116.6059	-93.5388	0.8022	69.4002	0.5971	1.3e-04	0.4811
6770	-116.6137	-116.6137	-91.8705	0.7878	71.5992	0.6159	1.3e-04	0.4808
6771	-116.5896	-116.5896	-92.5914	0.7942	70.6381	0.6076	1.3e-04	0.4815
6772	-116.5948	-116.5948	-93.9975	0.8062	68.7815	0.5917	1.3e-04	0.4808
6773	-116.5966	-116.5966	-92.5378	0.7937	70.7111	0.6083	1.3e-04	0.4812
6774	-116.5870	-116.5870	-92.5697	0.7940	70.6726	0.6079	1.3e-04	0.4806
6775	-116.5681	-116.5681	-92.4602	0.7932	70.7695	0.6090	1.3e-04	0.4812
6776	-116.5794	-116.5794	-92.3483	0.7921	70.9510	0.6103	1.3e-04	0.4808
6777	-116.5951	-116.5951	-94.3643	0.8093	68.2631	0.5872	1.3e-04	0.4814
6778	-116.6156	-116.6156	-91.1954	0.7820	72.4626	0.6232	1.3e-04	0.4806
6779	-116.6088	-116.6088	-90.8979	0.7795	72.8061	0.6263	1.3e-04	0.4813
6780	-116.6102	-116.6102	-92.4337	0.7927	70.8792	0.6096	1.3e-04	0.4804
6781	-116.6254	-116.6254	-91.2500	0.7824	72.3648	0.6225	1.3e-04	0.4810
6782	-116.5816	-116.5816	-92.7136	0.7953	70.4451	0.6061	1.3e-04	0.4806
6783	-116.5753	-116.5753	-93.1687	0.7992	69.8596	0.6010	1.3e-04	0.4815
6784	-116.5927	-116.5927	-93.4891	0.8018	69.3489	0.5966	1.3e-04	0.4808
6785	-116.6141	-116.6141	-93.5051	0.8018	69.4572	0.5975	1.3e-04	0.4813
6786	-116.6143	-116.6143	-91.1415	0.7816	72.4903	0.6236	1.3e-04	0.4809
6787	-116.6096	-116.6096	-92.9759	0.7973	70.1645	0.6035	1.3e-04	0.4815
6788	-116.5991	-116.5991	-92.5821	0.7940	70.6480	0.6077	1.3e-04	0.4814
6789	-116.5973	-116.5973	-92.6897	0.7950	70.5374	0.6067	1.3e-04	0.4812
6790	-116.5813	-116.5813	-92.3085	0.7918	70.9755	0.6106	1.3e-04	0.4807
6791	-116.5954	-116.5954	-92.3833	0.7923	70.8551	0.6096	1.3e-04	0.4820
6792	-116.6086	-116.6086	-90.8765	0.7793	72.7991	0.6262	1.3e-04	0.4811
6793	-116.6056	-116.6056	-92.1869	0.7906	71.1812	0.6123	1.3e-04	0.4812
6794	-116.6121	-116.6121	-91.1100	0.7813	72.5545	0.6241	1.3e-04	0.4814
6795	-116.6163	-116.6163	-91.6400	0.7858	71.8781	0.6183	1.3e-04	0.4818
6796	-116.6074	-116.6074	-91.5405	0.7850	71.9624	0.6191	1.3e-04	0.4811
6797	-116.6076	-116.6076	-91.4258	0.7840	72.1438	0.6205	1.3e-04	0.4816
6798	-116.6082	-116.6082	-91.8014	0.7873	71.6583	0.6164	1.3e-04	0.4813
6799	-116.6223	-116.6223	-90.6953	0.7777	73.0683	0.6285	1.3e-04	0.4809
6800	-116.6075	-116.6075	-92.2491	0.7911	71.1156	0.6117	1.3e-04	0.4808
6801	-116.6043	-116.6043	-90.7680	0.7784	72.9444	0.6275	1.3e-04	0.4814
6802	-116.6022	-116.6022	-93.0494	0.7980	70.0602	0.6026	1.3e-04	0.4804
6803	-116.6212	-116.6212	-91.3336	0.7832	72.2900	0.6217	1.3e-04	0.4817
6804	-116.5873	-116.5873	-91.8130	0.7875	71.6382	0.6162	1.3e-04	0.4807
6805	-116.5913	-116.5913	-93.3185	0.8004	69.6712	0.5993	1.3e-04	0.4814
6806	-116.5741	-116.5741	-93.3482	0.8008	69.6254	0.5990	1.3e-04	0.4804
6807	-116.6175	-116.6175	-91.5895	0.7854	71.9458	0.6190	1.3e-04	0.4813
6808	-116.5834	-116.5834	-92.7945	0.7959	70.3475	0.6053	1.3e-04	0.4815
6809	-116.5775	-116.5775	-91.4780	0.7847	72.0192	0.6196	1.3e-04	0.4812
6810	-116.6157	-116.6157	-91.3735	0.7835	72.1702	0.6208	1.3e-04	0.4804
6811	-116.5913	-116.5913	-91.9330	0.7885	71.4407	0.6146	1.3e-04	0.4809
6812	-116.5819	-116.5819	-94.1833	0.8079	68.5003	0.5893	1.3e-04	0.4805
6813	-116.5859	-116.5859	-91.4991	0.7848	72.0513	0.6197	1.3e-04	0.4811
6814	-116.5857	-116.5857	-91.4329	0.7843	72.1176	0.6204	1.3e-04	0.4810
6815	-116.5787	-116.5787	-92.9583	0.7974	70.1372	0.6033	1.3e-04	0.4812
6816	-116.6125	-116.6125	-92.8137	0.7959	70.3677	0.6053	1.3e-04	0.4819
6817	-116.6151	-116.6151	-91.9810	0.7888	71.4585	0.6147	1.3e-04	0.4811
6818	-116.6049	-116.6049	-92.8689	0.7964	70.2950	0.6046	1.3e-04	0.4817
6819	-116.5941	-116.5941	-91.8824	0.7881	71.5572	0.6156	1.3e-04	0.4814
6820	-116.6082	-116.6082	-91.0909	0.7812	72.5816	0.6243	1.3e-04	0.4815
6821	-116.5759	-116.5759	-92.0301	0.7894	71.3645	0.6138	1.3e-04	0.4816
6822	-116.6192	-116.6192	-91.3507	0.7833	72.0897	0.6201	1.3e-04	0.4814
6823	-116.5854	-116.5854	-92.2335	0.7911	71.0549	0.6112	1.3e-04	0.4813
6824	-116.6010	-116.6010	-91.2935	0.7830	72.3059	0.6219	1.3e-04	0.4812
6825	-116.6078	-116.6078	-91.4007	0.7838	72.1804	0.6208	1.3e-04	0.4811
6826	-116.6127	-116.6127	-91.8996	0.7881	71.5507	0.6154	1.3e-04	0.4814
6827	-116.5961	-116.5961	-93.3100	0.8003	69.5986	0.5986	1.3e-04	0.4816
6828	-116.6071	-116.6071	-92.5542	0.7937	70.7016	0.6082	1.3e-04	0.4813
6829	-116.5937	-116.5937	-90.9369	0.7799	72.7685	0.6258	1.3e-04	0.4815
6830	-116.6348	-116.6348	-92.8686	0.7962	70.3503	0.6050	1.3e-04	0.4813
6831	-116.6055	-116.6055	-90.7691	0.7784	72.9493	0.6275	1.3e-04	0.4818
6832	-116.5804	-116.5804	-93.0638	0.7983	69.9954	0.6022	1.3e-04	0.4818
6833	-116.5881	-116.5881	-93.3559	0.8007	69.6239	0.5990	1.3e-04	0.4817
6834	-116.5991	-116.5991	-92.7314	0.7953	70.4650	0.6061	1.3e-04	0.4819
6835	-116.6078	-116.6078	-91.4810	0.7845	72.0959	0.6201	1.3e-04	0.4820
6836	-116.5844	-116.5844	-92.4302	0.7928	70.8384	0.6093	1.3e-04	0.4816
6837	-116.6086	-116.6086	-92.4771	0.7931	70.7705	0.6087	1.3e-04	0.4817
6838	-116.6041	-116.6041	-93.2581	0.7998	69.7825	0.6002	1.3e-04	0.4814
6839	-116.6069	-116.6069	-92.8491	0.7963	70.2620	0.6043	1.3e-04	0.4816
6840	-116.6020	-116.6020	-92.1398	0.7902	71.2344	0.6128	1.3e-04	0.4820
6841	-116.6085	-116.6085	-93.5621	0.8024	69.3791	0.5968	1.3e-04	0.4819
6842	-116.6026	-116.6026	-93.0362	0.7979	70.0039	0.6021	1.3e-04	0.4818
6843	-116.5943	-116.5943	-93.1721	0.7991	69.8850	0.6012	1.3e-04	0.4817
6844	-116.6033	-116.6033	-92.6641	0.7947	70.5281	0.6067	1.3e-04	0.4817
6845	-116.6055	-116.6055	-91.4650	0.7844	72.0842	0.6201	1.3e-04	0.4818
6846	-116.6029	-116.6029	-92.3778	0.7922	70.8734	0.6096	1.3e-04	0.4814
6847	-116.5829	-116.5829	-93.0040	0.7978	70.0933	0.6030	1.3e-04	0.4811
6848	-116.5951	-116.5951	-93.1849	0.7992	69.8884	0.6010	1.3e-04	0.4814
6849	-116.6140	-116.6140	-91.6000	0.7855	71.9612	0.6189	1.3e-04	0.4814
6850	-116.5825	-116.5825	-93.2878	0.8002	69.7150	0.5997	1.3e-04	0.4815
6851	-116.6026	-116.6026	-93.1781	0.7991	69.9057	0.6012	1.3e-04	0.4816
6852	-116.6021	-116.6021	-91.5871	0.7855	71.9367	0.6188	1.3e-04	0.4814
6853	-116.5937	-116.5937	-92.4444	0.7929	70.8205	0.6092	1.3e-04	0.4817
6854	-116.5948	-116.5948	-91.5963	0.7856	71.9504	0.6187	1.3e-04	0.4818
6855	-116.5935	-116.5935	-92.8020	0.7959	70.3829	0.6054	1.3e-04	0.4823
6856	-116.5787	-116.5787	-92.8159	0.7962	70.3402	0.6051	1.3e-04	0.4820
6857	-116.6137	-116.6137	-91.6666	0.7861	71.8698	0.6181	1.3e-04	0.4817
6858	-116.6182	-116.6182	-91.3575	0.7834	72.2673	0.6215	1.3e-04	0.4819
6859	-116.5909	-116.5909	-92.5302	0.7936	70.6993	0.6080	1.3e-04	0.4822
6860	-116.6180	-116.6180	-91.6588	0.7860	71.8843	0.6182	1.3e-04	0.4820
6861	-116.5988	-116.5988	-93.6080	0.8028	69.2981	0.5961	1.3e-04	0.4823
6862	-116.5909	-116.5909	-93.4833	0.8018	69.4786	0.5976	1.3e-04	0.4817
6863	-116.5924	-116.5924	-92.9555	0.7973	70.1644	0.6035	1.3e-04	0.4820
6864	-116.6039	-116.6039	-92.1356	0.7902	71.2638	0.6129	1.3e-04	0.4818
6865	-116.6081	-116.6081	-92.1000	0.7898	71.2136	0.6126	1.3e-04	0.4827
6866	-116.5941	-116.5941	-92.1140	0.7900	71.2859	0.6131	1.3e-04	0.4825
6867	-116.6107	-116.6107	-91.2816	0.7828	72.2768	0.6216	1.3e-04	0.4821
6868	-116.5931	-116.5931	-92.1697	0.7905	71.0903	0.6115	1.3e-04	0.4831
6869	-116.5966	-116.5966	-91.8347	0.7876	71.6164	0.6160	1.3e-04	0.4821
6870	-116.5980	-116.5980	-91.7555	0.7869	71.7041	0.6168	1.3e-04	0.4824
6871	-116.6006	-116.6006	-92.2114	0.7908	71.1083	0.6117	1.3e-04	0.4814
6872	-116.5930	-116.5930	-93.7378	0.8040	69.1390	0.5946	1.3e-04	0.4822
6873	-116.6205	-116.6205	-90.9850	0.7802	72.7276	0.6254	1.3e-04	0.4813
6874	-116.5963	-116.5963	-92.9033	0.7968	70.2347	0.6042	1.3e-04	0.4820
6875	-116.5993	-116.5993	-92.5331	0.7936	70.6850	0.6080	1.3e-04	0.4816
6876	-116.6264	-116.6264	-91.0650	0.7808	72.6430	0.6247	1.3e-04	0.4820
6877	-116.6098	-116.6098	-91.0464	0.7808	72.5864	0.6243	1.3e-04	0.4826
6878	-116.6132	-116.6132	-92.6799	0.7948	70.5230	0.6066	1.3e-04	0.4824
6879	-116.6019	-116.6019	-94.4765	0.8102	68.1135	0.5859	1.3e-04	0.4827
6880	-116.6073	-116.6073	-91.7352	0.7867	71.7621	0.6173	1.3e-04	0.4826
6881	-116.6037	-116.6037	-91.7055	0.7865	71.8009	0.6175	1.3e-04	0.4825
6882	-116.5947	-116.5947	-93.7528	0.8041	69.1178	0.5945	1.3e-04	0.4825
6883	-116.5849	-116.5849	-91.8191	0.7876	71.6263	0.6161	1.3e-04	0.4819
6884	-116.5996	-116.5996	-91.9443	0.7885	71.4873	0.6150	1.3e-04	0.4824
6885	-116.6146	-116.6146	-89.9830	0.7716	73.9010	0.6357	1.3e-04	0.4826
6886	-116.6148	-116.6148	-91.9374	0.7884	71.5105	0.6151	1.3e-04	0.4821
6887	-116.5737	-116.5737	-91.6430	0.7861	71.7973	0.6176	1.3e-04	0.4821
6888	-116.6002	-116.6002	-92.3499	0.7920	70.9711	0.6105	1.3e-04	0.4821
6889	-116.5957	-116.5957	-91.8366	0.7877	71.6285	0.6161	1.3e-04	0.4859
6890	-116.6310	-116.6310	-89.9350	0.7711	73.9932	0.6364	1.3e-04	0.4830
6891	-116.5912	-116.5912	-91.6785	0.7863	71.7734	0.6173	1.3e-04	0.4836
6892	-116.6227	-116.6227	-91.8340	0.7874	71.6618	0.6164	1.3e-04	0.4834
6893	-116.6176	-116.6176	-91.5409	0.7850	72.0269	0.6195	1.3e-04	0.4829
6894	-116.6061	-116.6061	-92.7470	0.7954	70.3820	0.6054	1.3e-04	0.4823
6895	-116.5879	-116.5879	-92.7354	0.7954	70.4320	0.6059	1.3e-04	0.4824
6896	-116.5933	-116.5933	-93.2341	0.7997	69.8046	0.6004	1.3e-04	0.4820
6897	-116.6082	-116.6082	-93.2327	0.7995	69.8146	0.6005	1.3e-04	0.4822
6898	-116.5950	-116.5950	-92.2936	0.7916	70.8515	0.6094	1.3e-04	0.4821
6899	-116.6231	-116.6231	-90.4840	0.7759	73.2983	0.6302	1.3e-04	0.4821
6900	-116.5842	-116.5842	-91.3371	0.7834	72.2471	0.6214	1.3e-04	0.4819
6901	-116.6002	-116.6002	-93.3674	0.8007	69.6423	0.5988	1.3e-04	0.4812
6902	-116.5997	-116.5997	-93.0718	0.7982	70.0442	0.6024	1.3e-04	0.4827
6903	-116.6008	-116.6008	-92.2441	0.7911	71.1039	0.6116	1.3e-04	0.4826
6904	-116.6032	-116.6032	-91.6348	0.7859	71.8955	0.6184	1.3e-04	0.4820
6905	-116.5922	-116.5922	-92.9543	0.7973	70.1594	0.6035	1.3e-04	0.4817
6906	-116.6000	-116.6000	-93.0068	0.7977	70.1133	0.6031	1.3e-04	0.4817
6907	-116.5862	-116.5862	-91.6060	0.7857	71.8133	0.6177	1.3e-04	0.4816
6908	-116.5974	-116.5974	-92.3602	0.7921	70.9088	0.6100	1.3e-04	0.4815
6909	-116.5985	-116.5985	-93.9865	0.8061	68.7388	0.5913	1.3e-04	0.4816
6910	-116.6098	-116.6098	-92.2970	0.7915	71.0306	0.6110	1.3e-04	0.4814
6911	-116.5856	-116.5856	-91.6479	0.7861	71.8228	0.6179	1.3e-04	0.4823
6912	-116.6127	-116.6127	-91.4286	0.7840	72.1395	0.6205	1.3e-04	0.4818
6913	-116.5848	-116.5848	-93.1192	0.7987	69.9326	0.6015	1.3e-04	0.4819
6914	-116.5984	-116.5984	-93.2309	0.7996	69.8143	0.6005	1.3e-04	0.4817
6915	-116.5791	-116.5791	-93.5929	0.8028	69.3019	0.5962	1.3e-04	0.4814
6916	-116.5877	-116.5877	-92.3406	0.7920	70.9044	0.6099	1.3e-04	0.4817
6917	-116.5985	-116.5985	-92.8624	0.7964	70.3111	0.6047	1.3e-04	0.4816
6918	-116.5984	-116.5984	-93.4585	0.8015	69.5140	0.5979	1.3e-04	0.4805
6919	-116.5916	-116.5916	-93.5616	0.8025	69.3634	0.5966	1.3e-04	0.4813
6920	-116.5973	-116.5973	-92.5108	0.7934	70.7365	0.6085	1.3e-04	0.4806
6921	-116.5942	-116.5942	-92.4596	0.7930	70.8251	0.6092	1.3e-04	0.4811
6922	-116.6200	-116.6200	-90.2564	0.7739	73.6320	0.6332	1.3e-04	0.4803
6923	-116.5896	-116.5896	-91.5287	0.7851	71.9923	0.6194	1.3e-04	0.4812
6924	-116.5884	-116.5884	-91.7261	0.7868	71.7420	0.6171	1.3e-04	0.4808
6925	-116.5807	-116.5807	-93.0615	0.7983	69.9884	0.6020	1.3e-04	0.4810
6926	-116.5964	-116.5964	-92.4151	0.7926	70.8833	0.6096	1.3e-04	0.4805
6927	-116.6185	-116.6185	-92.2446	0.7910	71.0495	0.6112	1.3e-04	0.4813
6928	-116.6107	-116.6107	-90.2025	0.7735	73.6575	0.6335	1.3e-04	0.4821
6929	-116.5995	-116.5995	-93.0731	0.7982	70.0204	0.6023	1.3e-04	0.4819
6930	-116.6130	-116.6130	-91.0329	0.7806	72.6613	0.6249	1.3e-04	0.4804
6931	-116.6053	-116.6053	-91.0800	0.7811	72.5777	0.6244	1.3e-04	0.4812
6932	-116.5973	-116.5973	-91.3822	0.7837	72.1558	0.6207	1.3e-04	0.4811
6933	-116.6135	-116.6135	-92.3982	0.7923	70.9229	0.6101	1.3e-04	0.4812
6934	-116.5843	-116.5843	-92.5224	0.7936	70.7026	0.6083	1.3e-04	0.4805
6935	-116.6068	-116.6068	-92.0859	0.7897	71.3161	0.6135	1.3e-04	0.4813
6936	-116.6053	-116.6053	-92.8923	0.7966	70.2686	0.6044	1.3e-04	0.4805
6937	-116.5837	-116.5837	-92.9643	0.7974	70.1533	0.6034	1.3e-04	0.4811
6938	-116.5726	-116.5726	-92.7188	0.7954	70.4539	0.6061	1.3e-04	0.4808
6939	-116.6077	-116.6077	-91.7336	0.7867	71.7605	0.6172	1.3e-04	0.4818
6940	-116.5856	-116.5856	-91.7362	0.7869	71.7528	0.6171	1.3e-04	0.4804
6941	-116.6011	-116.6011	-92.8749	0.7965	70.2783	0.6046	1.3e-04	0.4816
6942	-116.6009	-116.6009	-92.9751	0.7974	70.1615	0.6034	1.3e-04	0.4806
6943	-116.6106	-116.6106	-92.3190	0.7917	70.9745	0.6106	1.3e-04	0.4811
6944	-116.6064	-116.6064	-92.1882	0.7906	71.1989	0.6123	1.3e-04	0.4806
6945	-116.5844	-116.5844	-91.6204	0.7859	71.8571	0.6181	1.3e-04	0.4813
6946	-116.6083	-116.6083	-90.7746	0.7785	72.9562	0.6277	1.3e-04	0.4806
6947	-116.5899	-116.5899	-92.3338	0.7920	70.9875	0.6105	1.3e-04	0.4813
6948	-116.5944	-116.5944	-93.6852	0.8035	69.2038	0.5953	1.3e-04	0.4811
6949	-116.6092	-116.6092	-91.1809	0.7819	72.4828	0.6233	1.3e-04	0.4814
6950	-116.5979	-116.5979	-91.7533	0.7869	71.7383	0.6171	1.3e-04	0.4805
6951	-116.6046	-116.6046	-91.4202	0.7840	72.1441	0.6206	1.3e-04	0.4814
6952	-116.5744	-116.5744	-91.9745	0.7890	71.4221	0.6143	1.3e-04	0.4811
6953	-116.5874	-116.5874	-92.9822	0.7975	70.1133	0.6031	1.3e-04	0.4812
6954	-116.5862	-116.5862	-91.6996	0.7865	71.7838	0.6175	1.3e-04	0.4808
6955	-116.6031	-116.6031	-92.5580	0.7938	70.7075	0.6082	1.3e-04	0.4814
6956	-116.6178	-116.6178	-90.6123	0.7770	73.1935	0.6295	1.3e-04	0.4806
6957	-116.6168	-116.6168	-91.6842	0.7862	71.8014	0.6176	1.3e-04	0.4812
6958	-116.5964	-116.5964	-93.1357	0.7988	69.9083	0.6013	1.3e-04	0.4803
6959	-116.6097	-116.6097	-90.9239	0.7797	72.7869	0.6260	1.3e-04	0.4815
6960	-116.5987	-116.5987	-92.6199	0.7943	70.5857	0.6071	1.3e-04	0.4807
6961	-116.6151	-116.6151	-92.6539	0.7945	70.5951	0.6072	1.3e-04	0.4814
6962	-116.5863	-116.5863	-91.8920	0.7882	71.5411	0.6154	1.3e-04	0.4808
6963	-116.5916	-116.5916	-92.0379	0.7894	71.3624	0.6138	1.3e-04	0.4815
6964	-116.6118	-116.6118	-90.3807	0.7751	73.4621	0.6319	1.3e-04	0.4807
6965	-116.5998	-116.5998	-91.5561	0.7852	71.9784	0.6192	1.3e-04	0.4812
6966	-116.5965	-116.5965	-90.9878	0.7804	72.7099	0.6253	1.3e-04	0.4807
6967	-116.5996	-116.5996	-91.4264	0.7841	72.1582	0.6206	1.3e-04	0.4814
6968	-116.6021	-116.6021	-92.4679	0.7930	70.8280	0.6092	1.3e-04	0.4803
6969	-116.6108	-116.6108	-91.5226	0.7849	71.9768	0.6190	1.3e-04	0.4812
6970	-116.5982	-116.5982	-92.0515	0.7895	71.3592	0.6138	1.3e-04	0.4805
6971	-116.6017	-116.6017	-91.8963	0.7881	71.5372	0.6153	1.3e-04	0.4812
6972	-116.5895	-116.5895	-93.3275	0.8005	69.6758	0.5994	1.3e-04	0.4806
6973	-116.6012	-116.6012	-93.1940	0.7993	69.8603	0.6010	1.3e-04	0.4812
6974	-116.5901	-116.5901	-92.8599	0.7965	70.2214	0.6041	1.3e-04	0.4806
6975	-116.6004	-116.6004	-91.1936	0.7821	72.4491	0.6231	1.3e-04	0.4814
6976	-116.5866	-116.5866	-92.4156	0.7927	70.8595	0.6096	1.3e-04	0.4812
6977	-116.5919	-116.5919	-92.2162	0.7909	71.1296	0.6118	1.3e-04	0.4812
6978	-116.5729	-116.5729	-91.4387	0.7844	72.1080	0.6202	1.3e-04	0.4809
6979	-116.6015	-116.6015	-90.4043	0.7753	73.4390	0.6316	1.3e-04	0.4818
6980	-116.6207	-116.6207	-92.5973	0.7940	70.6258	0.6074	1.3e-04	0.4806
6981	-116.5937	-116.5937	-91.8422	0.7877	71.6163	0.6160	1.3e-04	0.4816
6982	-116.5971	-116.5971	-91.8273	0.7876	71.6363	0.6161	1.3e-04	0.4807
6983	-116.5932	-116.5932	-93.6444	0.8032	69.2242	0.5954	1.3e-04	0.4815
6984	-116.6010	-116.6010	-92.2989	0.7916	71.0205	0.6109	1.3e-04	0.4803
6985	-116.6256	-116.6256	-90.3170	0.7744	73.5526	0.6325	1.3e-04	0.4816
6986	-116.6110	-116.6110	-90.9512	0.7800	72.6893	0.6252	1.3e-04	0.4811
6987	-116.5835	-116.5835	-92.8877	0.7967	70.2329	0.6042	1.3e-04	0.4815
6988	-116.5839	-116.5839	-93.5835	0.8027	69.3165	0.5963	1.3e-04	0.4809
6989	-116.6062	-116.6062	-92.0946	0.7898	71.3062	0.6134	1.3e-04	0.4813
6990	-116.5990	-116.5990	-92.9729	0.7974	70.1544	0.6035	1.3e-04	0.4804
6991	-116.6098	-116.6098	-91.8919	0.7880	71.5575	0.6155	1.3e-04	0.4811
6992	-116.6016	-116.6016	-92.3838	0.7923	70.9230	0.6100	1.3e-04	0.4806
6993	-116.6121	-116.6121	-91.8036	0.7873	71.6714	0.6165	1.3e-04	0.4813
6994	-116.6110	-116.6110	-92.5456	0.7936	70.7364	0.6084	1.3e-04	0.4804
6995	-116.5982	-116.5982	-91.0095	0.7805	72.6754	0.6251	1.3e-04	0.4817
6996	-116.6136	-116.6136	-89.2719	0.7655	74.7798	0.6433	1.3e-04	0.4803
6997	-116.5933	-116.5933	-91.3172	0.7832	72.2810	0.6218	1.3e-04	0.4812
6998	-116.5756	-116.5756	-92.4691	0.7932	70.7738	0.6089	1.3e-04	0.4804
6999	-116.6118	-116.6118	-92.2412	0.7910	71.0990	0.6116	1.3e-04	0.4812
7000	-116.5939	-116.5939	-93.9063	0.8054	68.8913	0.5925	1.2e-04	0.4803
7001	-116.5784	-116.5784	-91.6222	0.7859	71.8678	0.6182	1.2e-04	0.4807
7002	-116.5907	-116.5907	-93.3313	0.8005	69.6619	0.5992	1.2e-04	0.4807
7003	-116.5931	-116.5931	-94.6076	0.8114	67.9429	0.5843	1.2e-04	0.4812
7004	-116.6125	-116.6125	-91.5246	0.7849	71.9469	0.6190	1.2e-04	0.4812
7005	-116.5956	-116.5956	-91.1939	0.7821	72.4215	0.6229	1.2e-04	0.4814
7006	-116.5978	-116.5978	-90.8977	0.7796	72.8167	0.6263	1.2e-04	0.4814
7007	-116.5775	-116.5775	-92.9243	0.7971	70.1859	0.6037	1.2e-04	0.4811
7008	-116.6053	-116.6053	-92.2812	0.7914	71.0437	0.6110	1.2e-04	0.4813
7009	-116.6163	-116.6163	-91.1764	0.7818	72.4961	0.6234	1.2e-04	0.4816
7010	-116.6148	-116.6148	-92.5820	0.7939	70.6922	0.6080	1.2e-04	0.4814
7011	-116.5826	-116.5826	-93.3773	0.8010	69.5976	0.5987	1.2e-04	0.4810
7012	-116.5939	-116.5939	-91.5052	0.7848	72.0297	0.6196	1.2e-04	0.4815
7013	-116.5820	-116.5820	-92.8045	0.7960	70.3048	0.6048	1.2e-04	0.4813
7014	-116.6004	-116.6004	-93.2227	0.7995	69.8305	0.6007	1.2e-04	0.4814
7015	-116.5965	-116.5965	-90.7190	0.7781	73.0322	0.6282	1.2e-04	0.4811
7016	-116.6015	-116.6015	-93.1443	0.7988	69.7463	0.6000	1.2e-04	0.4812
7017	-116.5934	-116.5934	-92.6390	0.7945	70.5857	0.6072	1.2e-04	0.4813
7018	-116.5953	-116.5953	-90.9775	0.7803	72.6971	0.6253	1.2e-04	0.4811
7019	-116.5894	-116.5894	-91.7425	0.7869	71.7503	0.6171	1.2e-04	0.4813
7020	-116.6059	-116.6059	-92.2990	0.7915	71.0638	0.6111	1.2e-04	0.4815
7021	-116.5961	-116.5961	-91.7997	0.7873	71.6671	0.6165	1.2e-04	0.4812
7022	-116.6174	-116.6174	-91.9621	0.7886	71.4780	0.6149	1.2e-04	0.4823
7023	-116.5969	-116.5969	-92.9920	0.7976	70.0516	0.6025	1.2e-04	0.4820
7024	-116.6017	-116.6017	-92.4097	0.7925	70.9028	0.6098	1.2e-04	0.4818
7025	-116.6076	-116.6076	-89.6463	0.7688	74.3510	0.6395	1.2e-04	0.4826
7026	-116.5984	-116.5984	-90.5381	0.7765	73.2202	0.6298	1.2e-04	0.4829
7027	-116.5917	-116.5917	-93.5354	0.8022	69.3145	0.5963	1.2e-04	0.4823
7028	-116.5882	-116.5882	-92.8067	0.7960	70.3725	0.6052	1.2e-04	0.4823
7029	-116.5751	-116.5751	-95.0476	0.8153	67.3001	0.5790	1.2e-04	0.4826
7030	-116.5870	-116.5870	-92.0545	0.7896	71.3352	0.6136	1.2e-04	0.4817
7031	-116.5994	-116.5994	-92.6143	0.7943	70.5757	0.6071	1.2e-04	0.4822
7032	-116.5923	-116.5923	-92.2408	0.7911	71.0874	0.6115	1.2e-04	0.4821
7033	-116.5759	-116.5759	-92.5458	0.7939	70.6689	0.6081	1.2e-04	0.4819
7034	-116.5985	-116.5985	-90.7289	0.7781	73.0090	0.6281	1.2e-04	0.4822
7035	-116.5970	-116.5970	-91.6033	0.7856	71.9215	0.6187	1.2e-04	0.4823
7036	-116.6038	-116.6038	-91.6302	0.7858	71.8954	0.6183	1.2e-04	0.4826
7037	-116.5783	-116.5783	-92.1170	0.7902	71.2172	0.6126	1.2e-04	0.4828
7038	-116.5969	-116.5969	-90.1125	0.7729	73.7269	0.6342	1.2e-04	0.4824
7039	-116.6069	-116.6069	-90.2785	0.7742	73.5744	0.6329	1.2e-04	0.4826
7040	-116.6143	-116.6143	-90.5838	0.7768	73.2333	0.6297	1.2e-04	0.4816
7041	-116.6027	-116.6027	-92.1641	0.7904	71.2155	0.6126	1.2e-04	0.4829
7042	-116.5923	-116.5923	-91.3834	0.7838	72.1871	0.6209	1.2e-04	0.4819
7043	-116.6090	-116.6090	-91.8223	0.7874	71.5949	0.6158	1.2e-04	0.4830
7044	-116.6025	-116.6025	-91.8874	0.7880	71.5776	0.6155	1.2e-04	0.4820
7045	-116.6018	-116.6018	-90.0734	0.7725	73.8307	0.6350	1.2e-04	0.4819
7046	-116.5821	-116.5821	-91.8851	0.7882	71.5337	0.6153	1.2e-04	0.4817
7047	-116.5677	-116.5677	-91.2573	0.7829	72.3249	0.6221	1.2e-04	0.4818
7048	-116.6031	-116.6031	-90.3863	0.7752	73.4429	0.6317	1.2e-04	0.4817
7049	-116.6006	-116.6006	-91.2297	0.7824	72.3954	0.6227	1.2e-04	0.4825
7050	-116.5792	-116.5792	-91.3681	0.7837	72.2020	0.6211	1.2e-04	0.4814
7051	-116.5793	-116.5793	-91.9928	0.7891	71.3855	0.6141	1.2e-04	0.4823
7052	-116.5967	-116.5967	-91.2231	0.7824	72.3588	0.6224	1.2e-04	0.4814
7053	-116.5960	-116.5960	-89.2089	0.7651	74.8288	0.6435	1.2e-04	0.4830
7054	-116.6069	-116.6069	-90.9338	0.7798	72.7682	0.6259	1.2e-04	0.4827
7055	-116.6194	-116.6194	-90.1502	0.7730	73.7385	0.6344	1.2e-04	0.4820
7056	-116.6068	-116.6068	-90.4645	0.7758	73.3284	0.6308	1.2e-04	0.4834
7057	-116.6198	-116.6198	-90.2157	0.7736	73.6695	0.6335	1.2e-04	0.4817
7058	-116.5967	-116.5967	-91.7266	0.7867	71.6778	0.6166	1.2e-04	0.4824
7059	-116.5834	-116.5834	-92.0513	0.7896	71.3410	0.6136	1.2e-04	0.4820
7060	-116.6176	-116.6176	-91.0253	0.7805	72.6495	0.6248	1.2e-04	0.4824
7061	-116.5935	-116.5935	-92.1531	0.7904	71.2299	0.6126	1.2e-04	0.4825
7062	-116.5927	-116.5927	-90.3435	0.7749	73.4365	0.6317	1.2e-04	0.4825
7063	-116.5908	-116.5908	-92.8112	0.7960	70.3157	0.6049	1.2e-04	0.4829
7064	-116.5840	-116.5840	-90.7871	0.7787	72.9212	0.6274	1.2e-04	0.4823
7065	-116.6086	-116.6086	-91.8142	0.7874	71.6663	0.6164	1.2e-04	0.4829
7066	-116.5947	-116.5947	-92.7818	0.7958	70.3960	0.6055	1.2e-04	0.4828
7067	-116.6197	-116.6197	-90.3546	0.7748	73.5022	0.6321	1.2e-04	0.4828
7068	-116.5954	-116.5954	-91.4790	0.7846	72.0803	0.6200	1.2e-04	0.4831
7069	-116.5925	-116.5925	-91.4326	0.7842	72.0936	0.6202	1.2e-04	0.4831
7070	-116.6064	-116.6064	-90.9318	0.7798	72.7757	0.6260	1.2e-04	0.4831
7071	-116.6110	-116.6110	-92.4004	0.7924	70.8708	0.6096	1.2e-04	0.4835
7072	-116.5968	-116.5968	-89.3311	0.7662	74.7192	0.6426	1.2e-04	0.4830
7073	-116.6201	-116.6201	-91.6729	0.7861	71.8486	0.6181	1.2e-04	0.4832
7074	-116.5959	-116.5959	-91.2338	0.7825	72.3836	0.6227	1.2e-04	0.4832
7075	-116.6131	-116.6131	-90.0969	0.7726	73.7868	0.6347	1.2e-04	0.4832
7076	-116.5802	-116.5802	-91.8386	0.7878	71.5646	0.6155	1.2e-04	0.4827
7077	-116.6068	-116.6068	-92.3670	0.7921	70.9481	0.6103	1.2e-04	0.4825
7078	-116.5865	-116.5865	-90.6854	0.7778	73.0317	0.6283	1.2e-04	0.4833
7079	-116.6245	-116.6245	-89.3524	0.7662	74.6944	0.6425	1.2e-04	0.4840
7080	-116.5830	-116.5830	-92.6655	0.7948	70.5510	0.6068	1.2e-04	0.4829
7081	-116.6166	-116.6166	-90.4148	0.7753	73.4217	0.6315	1.2e-04	0.4826
7082	-116.5857	-116.5857	-89.8459	0.7706	74.0820	0.6372	1.2e-04	0.4824
7083	-116.6109	-116.6109	-89.8111	0.7702	74.1568	0.6378	1.2e-04	0.4831
7084	-116.6002	-116.6002	-92.3339	0.7919	70.9662	0.6105	1.2e-04	0.4816
7085	-116.6190	-116.6190	-90.4413	0.7755	73.3987	0.6313	1.2e-04	0.4821
7086	-116.6045	-116.6045	-90.7707	0.7784	72.9681	0.6276	1.2e-04	0.4817
7087	-116.5993	-116.5993	-89.8898	0.7709	74.0214	0.6367	1.2e-04	0.4817
7088	-116.5945	-116.5945	-90.8134	0.7789	72.9127	0.6271	1.2e-04	0.4820
7089	-116.5941	-116.5941	-91.4745	0.7846	72.0010	0.6193	1.2e-04	0.4817
7090	-116.5861	-116.5861	-90.9481	0.7801	72.7193	0.6256	1.2e-04	0.4820
7091	-116.5919	-116.5919	-89.4865	0.7675	74.5331	0.6409	1.2e-04	0.4813
7092	-116.5997	-116.5997	-89.8760	0.7708	74.0398	0.6369	1.2e-04	0.4816
7093	-116.5944	-116.5944	-92.0862	0.7898	71.3211	0.6134	1.2e-04	0.4812
7094	-116.5809	-116.5809	-91.8166	0.7876	71.5769	0.6156	1.2e-04	0.4812
7095	-116.5910	-116.5910	-91.7818	0.7872	71.6673	0.6165	1.2e-04	0.4812
7096	-116.6021	-116.6021	-90.5110	0.7762	73.2971	0.6304	1.2e-04	0.4819
7097	-116.6021	-116.6021	-90.7602	0.7784	72.9927	0.6278	1.2e-04	0.4813
7098	-116.6163	-116.6163	-90.0576	0.7723	73.8536	0.6352	1.2e-04	0.4813
7099	-116.6011	-116.6011	-88.6894	0.7606	75.4054	0.6487	1.2e-04	0.4815
7100	-116.6094	-116.6094	-90.4605	0.7758	73.3425	0.6309	1.2e-04	0.4816
7101	-116.5774	-116.5774	-93.1140	0.7987	69.8723	0.6011	1.2e-04	0.4810
7102	-116.5980	-116.5980	-91.4615	0.7844	72.0552	0.6198	1.2e-04	0.4814
7103	-116.6059	-116.6059	-91.2533	0.7826	72.3673	0.6225	1.2e-04	0.4813
7104	-116.6015	-116.6015	-90.8256	0.7789	72.9057	0.6271	1.2e-04	0.4812
7105	-116.5815	-116.5815	-89.5803	0.7684	74.3978	0.6399	1.2e-04	0.4814
7106	-116.5895	-116.5895	-91.2150	0.7824	72.4150	0.6228	1.2e-04	0.4811
7107	-116.6223	-116.6223	-89.6277	0.7685	74.3853	0.6397	1.2e-04	0.4812
7108	-116.6145	-116.6145	-89.9160	0.7711	73.9545	0.6359	1.2e-04	0.4811
7109	-116.5886	-116.5886	-91.1677	0.7820	72.4320	0.6232	1.2e-04	0.4811
7110	-116.5951	-116.5951	-92.1754	0.7906	71.1855	0.6122	1.2e-04	0.4814
7111	-116.6191	-116.6191	-89.8901	0.7708	74.0311	0.6368	1.2e-04	0.4811
7112	-116.6059	-116.6059	-92.2969	0.7915	71.0334	0.6110	1.2e-04	0.4812
7113	-116.6096	-116.6096	-91.1219	0.7814	72.5424	0.6240	1.2e-04	0.4813
7114	-116.5973	-116.5973	-91.6996	0.7865	71.7888	0.6175	1.2e-04	0.4813
7115	-116.6096	-116.6096	-92.9020	0.7967	70.2809	0.6043	1.2e-04	0.4813
7116	-116.5938	-116.5938	-90.1465	0.7732	73.7415	0.6342	1.2e-04	0.4817
7117	-116.5885	-116.5885	-91.3302	0.7834	72.2527	0.6214	1.2e-04	0.4811
7118	-116.6128	-116.6128	-91.1899	0.7820	72.4566	0.6232	1.2e-04	0.4815
7119	-116.6023	-116.6023	-91.1524	0.7817	72.4850	0.6234	1.2e-04	0.4815
7120	-116.5974	-116.5974	-92.0760	0.7897	71.2989	0.6132	1.2e-04	0.4820
7121	-116.5999	-116.5999	-91.1481	0.7817	72.4745	0.6233	1.2e-04	0.4812
7122	-116.5895	-116.5895	-91.7971	0.7874	71.6604	0.6164	1.2e-04	0.4815
7123	-116.5835	-116.5835	-92.2108	0.7909	71.1381	0.6119	1.2e-04	0.4817
7124	-116.6053	-116.6053	-90.8549	0.7792	72.8394	0.6265	1.2e-04	0.4816
7125	-116.5863	-116.5863	-90.6558	0.7776	73.0922	0.6287	1.2e-04	0.4815
7126	-116.5969	-116.5969	-92.0888	0.7898	71.3001	0.6134	1.2e-04	0.4818
7127	-116.6037	-116.6037	-91.0534	0.7809	72.6186	0.6247	1.2e-04	0.4813
7128	-116.5980	-116.5980	-91.8948	0.7881	71.5329	0.6153	1.2e-04	0.4815
7129	-116.6274	-116.6274	-90.1441	0.7729	73.7019	0.6339	1.2e-04	0.4816
7130	-116.5922	-116.5922	-92.7442	0.7955	70.4499	0.6060	1.2e-04	0.4814
7131	-116.5908	-116.5908	-90.7516	0.7784	72.9736	0.6276	1.2e-04	0.4812
7132	-116.5971	-116.5971	-93.5122	0.8020	69.4536	0.5973	1.2e-04	0.4815
7133	-116.5931	-116.5931	-90.8334	0.7791	72.8536	0.6266	1.2e-04	0.4813
7134	-116.6042	-116.6042	-91.0746	0.7811	72.6195	0.6244	1.2e-04	0.4812
7135	-116.5873	-116.5873	-91.0239	0.7807	72.6003	0.6244	1.2e-04	0.4812
7136	-116.6176	-116.6176	-90.7568	0.7782	72.9088	0.6271	1.2e-04	0.4812
7137	-116.5910	-116.5910	-90.7039	0.7780	73.0566	0.6283	1.2e-04	0.4812
7138	-116.5962	-116.5962	-91.5990	0.7856	71.9174	0.6185	1.2e-04	0.4812
7139	-116.6013	-116.6013	-91.4359	0.7842	72.1270	0.6205	1.2e-04	0.4815
7140	-116.5890	-116.5890	-91.1469	0.7818	72.4079	0.6228	1.2e-04	0.4811
7141	-116.5789	-116.5789	-90.1262	0.7731	73.7432	0.6343	1.2e-04	0.4815
7142	-116.6026	-116.6026	-91.6796	0.7863	71.8382	0.6179	1.2e-04	0.4814
7143	-116.6027	-116.6027	-92.2228	0.7909	71.1215	0.6118	1.2e-04	0.4812
7144	-116.6088	-116.6088	-89.5096	0.7676	74.5128	0.6409	1.2e-04	0.4811
7145	-116.5942	-116.5942	-92.3403	0.7920	70.9320	0.6100	1.2e-04	0.4814
7146	-116.5862	-116.5862	-91.7348	0.7868	71.7152	0.6170	1.2e-04	0.4817
7147	-116.6008	-116.6008	-89.8351	0.7704	74.1317	0.6375	1.2e-04	0.4814
7148	-116.5995	-116.5995	-92.5562	0.7938	70.7009	0.6082	1.2e-04	0.4811
7149	-116.6055	-116.6055	-91.6048	0.7856	71.9023	0.6185	1.2e-04	0.4812
7150	-116.6012	-116.6012	-89.9712	0.7716	73.9592	0.6360	1.2e-04	0.4814
7151	-116.5977	-116.5977	-92.3282	0.7919	70.9967	0.6107	1.2e-04	0.4814
7152	-116.6001	-116.6001	-91.6031	0.7856	71.9285	0.6187	1.2e-04	0.4811
7153	-116.6022	-116.6022	-91.2939	0.7830	72.3012	0.6219	1.2e-04	0.4813
7154	-116.6003	-116.6003	-90.5994	0.7770	73.1611	0.6294	1.2e-04	0.4816
7155	-116.5949	-116.5949	-91.6109	0.7857	71.9200	0.6186	1.2e-04	0.4811
7156	-116.6150	-116.6150	-90.6747	0.7776	73.0908	0.6288	1.2e-04	0.4814
7157	-116.6107	-116.6107	-91.7638	0.7869	71.7421	0.6170	1.2e-04	0.4817
7158	-116.6041	-116.6041	-92.1752	0.7905	71.2029	0.6125	1.2e-04	0.4814
7159	-116.5888	-116.5888	-92.0363	0.7894	71.3608	0.6137	1.2e-04	0.4815
7160	-116.5950	-116.5950	-91.4166	0.7841	72.1328	0.6205	1.2e-04	0.4816
7161	-116.5844	-116.5844	-92.3355	0.7920	70.9629	0.6103	1.2e-04	0.4813
7162	-116.5861	-116.5861	-91.0608	0.7811	72.5176	0.6236	1.2e-04	0.4815
7163	-116.5932	-116.5932	-90.3317	0.7748	73.4459	0.6318	1.2e-04	0.4819
7164	-116.5860	-116.5860	-91.7311	0.7868	71.7357	0.6171	1.2e-04	0.4817
7165	-116.6189	-116.6189	-90.3153	0.7744	73.5417	0.6325	1.2e-04	0.4814
7166	-116.5980	-116.5980	-91.5166	0.7849	72.0441	0.6196	1.2e-04	0.4815
7167	-116.5968	-116.5968	-92.4604	0.7930	70.8078	0.6090	1.2e-04	0.4822
7168	-116.6167	-116.6167	-91.2316	0.7823	72.4185	0.6229	1.2e-04	0.4820
7169	-116.6109	-116.6109	-89.8858	0.7708	74.0534	0.6370	1.2e-04	0.4815
7170	-116.6111	-116.6111	-91.6279	0.7858	71.9091	0.6184	1.2e-04	0.4814
7171	-116.5915	-116.5915	-91.0282	0.7807	72.6374	0.6248	1.2e-04	0.4820
7172	-116.5939	-116.5939	-92.0760	0.7897	71.3108	0.6135	1.2e-04	0.4820
7173	-116.6097	-116.6097	-90.5497	0.7765	73.2642	0.6300	1.2e-04	0.4821
7174	-116.6110	-116.6110	-90.0003	0.7718	73.9140	0.6356	1.2e-04	0.4816
7175	-116.5910	-116.5910	-91.6085	0.7857	71.9027	0.6185	1.2e-04	0.4816
7176	-116.6075	-116.6075	-91.1202	0.7814	72.5425	0.6239	1.2e-04	0.4823
7177	-116.6005	-116.6005	-92.1364	0.7902	71.2488	0.6129	1.2e-04	0.4824
7178	-116.6061	-116.6061	-91.1367	0.7816	72.4493	0.6231	1.2e-04	0.4816
7179	-116.5992	-116.5992	-91.4527	0.7843	72.1111	0.6202	1.2e-04	0.4815
7180	-116.6190	-116.6190	-91.1962	0.7820	72.4587	0.6233	1.2e-04	0.4820
7181	-116.6135	-116.6135	-91.1822	0.7819	72.4571	0.6232	1.2e-04	0.4826
7182	-116.5688	-116.5688	-91.0972	0.7815	72.5109	0.6238	1.2e-04	0.4815
7183	-116.5907	-116.5907	-89.4664	0.7674	74.5343	0.6411	1.2e-04	0.4821
7184	-116.6089	-116.6089	-90.6238	0.7772	73.1350	0.6290	1.2e-04	0.4820
7185	-116.5914	-116.5914	-92.3700	0.7923	70.9231	0.6101	1.2e-04	0.4820
7186	-116.6054	-116.6054	-90.9943	0.7804	72.6712	0.6250	1.2e-04	0.4824
7187	-116.6042	-116.6042	-89.8774	0.7708	74.0572	0.6371	1.2e-04	0.4825
7188	-116.6004	-116.6004	-92.0441	0.7894	71.3073	0.6135	1.2e-04	0.4820
7189	-116.5977	-116.5977	-91.4949	0.7847	72.0281	0.6195	1.2e-04	0.4824
7190	-116.5909	-116.5909	-91.0859	0.7812	72.5883	0.6242	1.2e-04	0.4826
7191	-116.5758	-116.5758	-91.0963	0.7814	72.5089	0.6236	1.2e-04	0.4818
7192	-116.5889	-116.5889	-91.9555	0.7887	71.4733	0.6147	1.2e-04	0.4827
7193	-116.5988	-116.5988	-92.7212	0.7952	70.4765	0.6062	1.2e-04	0.4823
7194	-116.6091	-116.6091	-91.6000	0.7855	71.8485	0.6179	1.2e-04	0.4826
7195	-116.5829	-116.5829	-90.9950	0.7805	72.6826	0.6251	1.2e-04	0.4825
7196	-116.5979	-116.5979	-91.4153	0.7840	72.1496	0.6206	1.2e-04	0.4826
7197	-116.6180	-116.6180	-90.3264	0.7746	73.5370	0.6325	1.2e-04	0.4825
7198	-116.6221	-116.6221	-91.1315	0.7814	72.5338	0.6239	1.2e-04	0.4827
7199	-116.5958	-116.5958	-91.0585	0.7810	72.6013	0.6245	1.2e-04	0.4822
7200	-116.5956	-116.5956	-89.6621	0.7690	74.3080	0.6392	1.2e-04	0.4826
7201	-116.5994	-116.5994	-89.4370	0.7670	74.5662	0.6415	1.2e-04	0.4830
7202	-116.5993	-116.5993	-90.3802	0.7751	73.4009	0.6313	1.2e-04	0.4823
7203	-116.6210	-116.6210	-90.2395	0.7738	73.6298	0.6333	1.2e-04	0.4822
7204	-116.5993	-116.5993	-91.4302	0.7841	72.1488	0.6206	1.2e-04	0.4830
7205	-116.5901	-116.5901	-89.5028	0.7677	74.5092	0.6408	1.2e-04	0.4825
7206	-116.6059	-116.6059	-89.7895	0.7700	74.0755	0.6372	1.2e-04	0.4827
7207	-116.5908	-116.5908	-92.2664	0.7914	71.0158	0.6109	1.2e-04	0.4832
7208	-116.5930	-116.5930	-92.1795	0.7906	71.1821	0.6123	1.2e-04	0.4831
7209	-116.6020	-116.6020	-91.0824	0.7811	72.5746	0.6243	1.2e-04	0.4826
7210	-116.5992	-116.5992	-90.6127	0.7771	73.1536	0.6293	1.2e-04	0.4834
7211	-116.5994	-116.5994	-91.0289	0.7807	72.6762	0.6249	1.2e-04	0.4824
7212	-116.6043	-116.6043	-89.9354	0.7713	73.9520	0.6360	1.2e-04	0.4827
7213	-116.5815	-116.5815	-90.8732	0.7795	72.8244	0.6264	1.2e-04	0.4837
7214	-116.5900	-116.5900	-90.5753	0.7769	73.1800	0.6295	1.2e-04	0.4826
7215	-116.6019	-116.6019	-90.4360	0.7756	73.3313	0.6307	1.2e-04	0.4821
7216	-116.5862	-116.5862	-90.2062	0.7737	73.6418	0.6334	1.2e-04	0.4821
7217	-116.6221	-116.6221	-90.3966	0.7751	73.4488	0.6318	1.2e-04	0.4823
7218	-116.6037	-116.6037	-91.5314	0.7850	72.0251	0.6195	1.2e-04	0.4818
7219	-116.5902	-116.5902	-91.1227	0.7816	72.4982	0.6236	1.2e-04	0.4823
7220	-116.6190	-116.6190	-89.3105	0.7658	74.7653	0.6430	1.2e-04	0.4825
7221	-116.6043	-116.6043	-90.3867	0.7752	73.4375	0.6317	1.2e-04	0.4823
7222	-116.6054	-116.6054	-90.1677	0.7733	73.7252	0.6340	1.2e-04	0.4825
7223	-116.6230	-116.6230	-89.2310	0.7651	74.8514	0.6438	1.2e-04	0.4829
7224	-116.6062	-116.6062	-92.1514	0.7903	71.2022	0.6124	1.2e-04	0.4832
7225	-116.6043	-116.6043	-90.9479	0.7800	72.7354	0.6257	1.2e-04	0.4831
7226	-116.6010	-116.6010	-90.3152	0.7746	73.5216	0.6324	1.2e-04	0.4830
7227	-116.6000	-116.6000	-92.3836	0.7923	70.9004	0.6099	1.2e-04	0.4823
7228	-116.5943	-116.5943	-91.2384	0.7825	72.3927	0.6226	1.2e-04	0.4826
7229	-116.6112	-116.6112	-89.0071	0.7633	75.0962	0.6456	1.2e-04	0.4833
7230	-116.6182	-116.6182	-91.5114	0.7847	72.0546	0.6197	1.2e-04	0.4829
7231	-116.6165	-116.6165	-91.0398	0.7807	72.6377	0.6247	1.2e-04	0.4833
7232	-116.5783	-116.5783	-90.1775	0.7735	73.6395	0.6334	1.2e-04	0.4830
7233	-116.5637	-116.5637	-91.6492	0.7863	71.8312	0.6179	1.2e-04	0.4826
7234	-116.6110	-116.6110	-91.3045	0.7830	72.3002	0.6220	1.2e-04	0.4832
7235	-116.5813	-116.5813	-93.1042	0.7986	69.9370	0.6017	1.2e-04	0.4826
7236	-116.6096	-116.6096	-91.0394	0.7807	72.6382	0.6247	1.2e-04	0.4828
7237	-116.6010	-116.6010	-92.1589	0.7904	71.2127	0.6126	1.2e-04	0.4827
7238	-116.6044	-116.6044	-90.0211	0.7720	73.8930	0.6356	1.2e-04	0.4829
7239	-116.6089	-116.6089	-89.0150	0.7634	75.0851	0.6459	1.2e-04	0.4823
7240	-116.6038	-116.6038	-90.3559	0.7749	73.4744	0.6320	1.2e-04	0.4827
7241	-116.5918	-116.5918	-89.8374	0.7705	74.0744	0.6371	1.2e-04	0.4823
7242	-116.5893	-116.5893	-91.1261	0.7816	72.5281	0.6238	1.2e-04	0.4820
7243	-116.5826	-116.5826	-91.0578	0.7811	72.5613	0.6243	1.2e-04	0.4819
7244	-116.6051	-116.6051	-89.5259	0.7678	74.4840	0.6407	1.2e-04	0.4826
7245	-116.5963	-116.5963	-90.5081	0.7763	73.2447	0.6302	1.2e-04	0.4816
7246	-116.5931	-116.5931	-91.4144	0.7840	72.1424	0.6206	1.2e-04	0.4820
7247	-116.6007	-116.6007	-90.9383	0.7799	72.7205	0.6256	1.2e-04	0.4821
7248	-116.5966	-116.5966	-90.9803	0.7803	72.6724	0.6252	1.2e-04	0.4822
7249	-116.5892	-116.5892	-91.0380	0.7808	72.5006	0.6236	1.2e-04	0.4826
7250	-116.6041	-116.6041	-91.0702	0.7810	72.5935	0.6245	1.2e-04	0.4820
7251	-116.6052	-116.6052	-90.4264	0.7755	73.2980	0.6305	1.2e-04	0.4818
7252	-116.6188	-116.6188	-91.3718	0.7835	72.2281	0.6214	1.2e-04	0.4821
7253	-116.6133	-116.6133	-90.2619	0.7740	73.5838	0.6329	1.2e-04	0.4826
7254	-116.6129	-116.6129	-89.1481	0.7645	74.9263	0.6445	1.2e-04	0.4816
7255	-116.6096	-116.6096	-91.2694	0.7827	72.3489	0.6223	1.2e-04	0.4814
7256	-116.5978	-116.5978	-91.6724	0.7862	71.8266	0.6179	1.2e-04	0.4813
7257	-116.6149	-116.6149	-91.2466	0.7825	72.3935	0.6227	1.2e-04	0.4818
7258	-116.6073	-116.6073	-91.3022	0.7830	72.2835	0.6217	1.2e-04	0.4815
7259	-116.5901	-116.5901	-89.6308	0.7688	74.3205	0.6392	1.2e-04	0.4817
7260	-116.5702	-116.5702	-91.0318	0.7809	72.6118	0.6246	1.2e-04	0.4819
7261	-116.6135	-116.6135	-91.7696	0.7870	71.7155	0.6167	1.2e-04	0.4812
7262	-116.5844	-116.5844	-90.8857	0.7796	72.7900	0.6262	1.2e-04	0.4814
7263	-116.5882	-116.5882	-90.8926	0.7796	72.8143	0.6263	1.2e-04	0.4813
7264	-116.6084	-116.6084	-89.0851	0.7640	75.0107	0.6451	1.2e-04	0.4817
7265	-116.5880	-116.5880	-92.6366	0.7946	70.5467	0.6067	1.2e-04	0.4815
7266	-116.5991	-116.5991	-91.9237	0.7884	71.5157	0.6152	1.2e-04	0.4818
7267	-116.5855	-116.5855	-90.7350	0.7783	72.9694	0.6277	1.2e-04	0.4820
7268	-116.6159	-116.6159	-90.2312	0.7737	73.5920	0.6331	1.2e-04	0.4817
7269	-116.6075	-116.6075	-89.7452	0.7696	74.1912	0.6383	1.2e-04	0.4813
7270	-116.5823	-116.5823	-90.2409	0.7741	73.4117	0.6314	1.2e-04	0.4815
7271	-116.6104	-116.6104	-90.0157	0.7719	73.9075	0.6357	1.2e-04	0.4815
7272	-116.5937	-116.5937	-89.5995	0.7685	74.3788	0.6398	1.2e-04	0.4812
7273	-116.5933	-116.5933	-90.5169	0.7763	73.2036	0.6297	1.2e-04	0.4812
7274	-116.6032	-116.6032	-90.7939	0.7787	72.9484	0.6274	1.2e-04	0.4812
7275	-116.5958	-116.5958	-90.8343	0.7791	72.7928	0.6262	1.2e-04	0.4814
7276	-116.6055	-116.6055	-91.3819	0.7837	72.2066	0.6211	1.2e-04	0.4813
7277	-116.6007	-116.6007	-91.9327	0.7884	71.5138	0.6151	1.2e-04	0.4815
7278	-116.5983	-116.5983	-90.2436	0.7740	73.5987	0.6331	1.2e-04	0.4816
7279	-116.5981	-116.5981	-91.5374	0.7851	72.0186	0.6194	1.2e-04	0.4815
7280	-116.6060	-116.6060	-90.4305	0.7755	73.3974	0.6313	1.2e-04	0.4813
7281	-116.6035	-116.6035	-89.7452	0.7697	74.2359	0.6384	1.2e-04	0.4814
7282	-116.6019	-116.6019	-90.8113	0.7788	72.9291	0.6272	1.2e-04	0.4813
7283	-116.5961	-116.5961	-91.3549	0.7835	72.2447	0.6213	1.2e-04	0.4816
7284	-116.5876	-116.5876	-90.7272	0.7782	72.9924	0.6280	1.2e-04	0.4814
7285	-116.6062	-116.6062	-91.7194	0.7866	71.7916	0.6175	1.2e-04	0.4814
7286	-116.6050	-116.6050	-90.3507	0.7748	73.4774	0.6320	1.2e-04	0.4817
7287	-116.5994	-116.5994	-90.6640	0.7776	73.0906	0.6287	1.2e-04	0.4816
7288	-116.5917	-116.5917	-90.2950	0.7745	73.5609	0.6326	1.2e-04	0.4812
7289	-116.5977	-116.5977	-90.3193	0.7746	73.5175	0.6324	1.2e-04	0.4813
7290	-116.5969	-116.5969	-91.6859	0.7863	71.8110	0.6178	1.2e-04	0.4814
7291	-116.5728	-116.5728	-91.4844	0.7848	72.0448	0.6198	1.2e-04	0.4815
7292	-116.6094	-116.6094	-89.6803	0.7691	74.2929	0.6392	1.2e-04	0.4816
7293	-116.5806	-116.5806	-90.1295	0.7731	73.7449	0.6343	1.2e-04	0.4812
7294	-116.6076	-116.6076	-89.8469	0.7705	74.0996	0.6373	1.2e-04	0.4814
7295	-116.6113	-116.6113	-89.9629	0.7715	73.9644	0.6362	1.2e-04	0.4812
7296	-116.6124	-116.6124	-90.7917	0.7786	72.9515	0.6274	1.2e-04	0.4816
7297	-116.6054	-116.6054	-90.7378	0.7782	73.0267	0.6281	1.2e-04	0.4816
7298	-116.5945	-116.5945	-91.0228	0.7807	72.6638	0.6249	1.2e-04	0.4814
7299	-116.5688	-116.5688	-91.3399	0.7836	72.2179	0.6213	1.2e-04	0.4814
7300	-116.5877	-116.5877	-91.8132	0.7875	71.6593	0.6163	1.2e-04	0.4813
7301	-116.5988	-116.5988	-90.9505	0.7800	72.7526	0.6257	1.2e-04	0.4812
7302	-116.5863	-116.5863	-90.3154	0.7747	73.5342	0.6324	1.2e-04	0.4814
7303	-116.6119	-116.6119	-88.3930	0.7580	75.8284	0.6522	1.2e-04	0.4820
7304	-116.6251	-116.6251	-89.6344	0.7686	74.3891	0.6398	1.2e-04	0.4818
7305	-116.6117	-116.6117	-88.4170	0.7582	75.7880	0.6519	1.2e-04	0.4815
7306	-116.5991	-116.5991	-91.2127	0.7823	72.4163	0.6229	1.2e-04	0.4813
7307	-116.6085	-116.6085	-92.5364	0.7936	70.7653	0.6085	1.2e-04	0.4818
7308	-116.5878	-116.5878	-90.5459	0.7766	73.2380	0.6299	1.2e-04	0.4812
7309	-116.5853	-116.5853	-90.2075	0.7737	73.6447	0.6335	1.2e-04	0.4817
7310	-116.5827	-116.5827	-90.9604	0.7802	72.7224	0.6255	1.2e-04	0.4813
7311	-116.6142	-116.6142	-88.2370	0.7567	76.0051	0.6538	1.2e-04	0.4815
7312	-116.6089	-116.6089	-90.8069	0.7787	72.9099	0.6271	1.2e-04	0.4815
7313	-116.6101	-116.6101	-89.1128	0.7642	74.9835	0.6449	1.2e-04	0.4816
7314	-116.5984	-116.5984	-90.7242	0.7781	73.0249	0.6281	1.2e-04	0.4819
7315	-116.5882	-116.5882	-92.0049	0.7891	71.3734	0.6139	1.2e-04	0.4818
7316	-116.5868	-116.5868	-91.8903	0.7882	71.4670	0.6147	1.2e-04	0.4814
7317	-116.6009	-116.6009	-90.8762	0.7794	72.8379	0.6264	1.2e-04	0.4812
7318	-116.6169	-116.6169	-90.6765	0.7776	72.9428	0.6273	1.2e-04	0.4814
7319	-116.5919	-116.5919	-90.8687	0.7794	72.8409	0.6265	1.2e-04	0.4815
7320	-116.6186	-116.6186	-89.8803	0.7707	74.0524	0.6370	1.2e-04	0.4812
7321	-116.5734	-116.5734	-91.5426	0.7853	71.9857	0.6191	1.2e-04	0.4818
7322	-116.5923	-116.5923	-89.9697	0.7717	73.9277	0.6360	1.2e-04	0.4814
7323	-116.5860	-116.5860	-89.5259	0.7679	74.4280	0.6402	1.2e-04	0.4812
7324	-116.5989	-116.5989	-90.6558	0.7775	73.0599	0.6284	1.2e-04	0.4813
7325	-116.5915	-116.5915	-89.5068	0.7677	74.4860	0.6408	1.2e-04	0.4816
7326	-116.5932	-116.5932	-88.0454	0.7551	76.1998	0.6556	1.2e-04	0.4814
7327	-116.5875	-116.5875	-90.6938	0.7779	73.0354	0.6282	1.2e-04	0.4814
7328	-116.6131	-116.6131	-89.0696	0.7638	75.0147	0.6451	1.2e-04	0.4816
7329	-116.5862	-116.5862	-91.0882	0.7813	72.5475	0.6240	1.2e-04	0.4814
7330	-116.6010	-116.6010	-90.3985	0.7753	73.3846	0.6313	1.2e-04	0.4826
7331	-116.5799	-116.5799	-91.1005	0.7814	72.5392	0.6239	1.2e-04	0.4815
7332	-116.6014	-116.6014	-90.9922	0.7804	72.7013	0.6253	1.2e-04	0.4813
7333	-116.5879	-116.5879	-89.0654	0.7639	75.0254	0.6453	1.2e-04	0.4819
7334	-116.5887	-116.5887	-91.5801	0.7855	71.9430	0.6188	1.2e-04	0.4816
7335	-116.6005	-116.6005	-88.5066	0.7591	75.6706	0.6508	1.2e-04	0.4812
7336	-116.6044	-116.6044	-90.7958	0.7787	72.9268	0.6272	1.2e-04	0.4817
7337	-116.5932	-116.5932	-90.4541	0.7758	73.3317	0.6308	1.2e-04	0.4819
7338	-116.5865	-116.5865	-90.3115	0.7746	73.4966	0.6321	1.2e-04	0.4823
7339	-116.5974	-116.5974	-91.0160	0.7806	72.5643	0.6242	1.2e-04	0.4825
7340	-116.5986	-116.5986	-90.0822	0.7726	73.8267	0.6349	1.2e-04	0.4816
7341	-116.6189	-116.6189	-89.3124	0.7658	74.6893	0.6424	1.2e-04	0.4812
7342	-116.6026	-116.6026	-89.8863	0.7709	74.0507	0.6370	1.2e-04	0.4815
7343	-116.5924	-116.5924	-90.3257	0.7747	73.5054	0.6323	1.2e-04	0.4825
7344	-116.6060	-116.6060	-90.4394	0.7756	73.3831	0.6312	1.2e-04	0.4824
7345	-116.6104	-116.6104	-91.2969	0.7829	72.3410	0.6221	1.2e-04	0.4819
7346	-116.6118	-116.6118	-88.6003	0.7598	75.5775	0.6500	1.2e-04	0.4826
7347	-116.6000	-116.6000	-90.5710	0.7768	73.1939	0.6296	1.2e-04	0.4819
7348	-116.6002	-116.6002	-90.6704	0.7776	73.0962	0.6287	1.2e-04	0.4820
7349	-116.6110	-116.6110	-89.7783	0.7699	74.1922	0.6381	1.2e-04	0.4824
7350	-116.6137	-116.6137	-88.9480	0.7628	75.1175	0.6461	1.2e-04	0.4829
7351	-116.5970	-116.5970	-90.0971	0.7727	73.7836	0.6347	1.2e-04	0.4830
7352	-116.5998	-116.5998	-89.9980	0.7719	73.9094	0.6356	1.2e-04	0.4820
7353	-116.6171	-116.6171	-88.4649	0.7586	75.7533	0.6515	1.2e-04	0.4821
7354	-116.5942	-116.5942	-90.5125	0.7763	73.2963	0.6303	1.2e-04	0.4825
7355	-116.6055	-116.6055	-90.3371	0.7747	73.5128	0.6323	1.2e-04	0.4823
7356	-116.6044	-116.6044	-89.8385	0.7705	74.0969	0.6373	1.2e-04	0.4824
7357	-116.6050	-116.6050	-86.9542	0.7457	77.4660	0.6662	1.2e-04	0.4824
7358	-116.6073	-116.6073	-88.7662	0.7612	75.3846	0.6484	1.2e-04	0.4827
7359	-116.5997	-116.5997	-89.1521	0.7646	74.9102	0.6445	1.2e-04	0.4817
7360	-116.6100	-116.6100	-87.0411	0.7464	77.3408	0.6652	1.2e-04	0.4827
7361	-116.5873	-116.5873	-88.0702	0.7554	76.1833	0.6552	1.2e-04	0.4828
7362	-116.5828	-116.5828	-90.9502	0.7801	72.7341	0.6256	1.2e-04	0.4813
7363	-116.6157	-116.6157	-88.4754	0.7587	75.7345	0.6514	1.2e-04	0.4829
7364	-116.6223	-116.6223	-88.7742	0.7612	75.3915	0.6485	1.2e-04	0.4829
7365	-116.5849	-116.5849	-89.4368	0.7671	74.5510	0.6413	1.2e-04	0.4820
7366	-116.6091	-116.6091	-88.2545	0.7568	75.9331	0.6532	1.2e-04	0.4828
7367	-116.5841	-116.5841	-89.7111	0.7695	74.2475	0.6386	1.2e-04	0.4830
7368	-116.5767	-116.5767	-91.6468	0.7862	71.8188	0.6177	1.2e-04	0.4825
7369	-116.5877	-116.5877	-90.2729	0.7743	73.5552	0.6327	1.2e-04	0.4828
7370	-116.5995	-116.5995	-88.4201	0.7583	75.7765	0.6518	1.2e-04	0.4822
7371	-116.6029	-116.6029	-89.9853	0.7717	73.8455	0.6352	1.2e-04	0.4818
7372	-116.5819	-116.5819	-91.5495	0.7853	71.9762	0.6191	1.2e-04	0.4819
7373	-116.5757	-116.5757	-89.5866	0.7685	74.3620	0.6398	1.2e-04	0.4821
7374	-116.5933	-116.5933	-90.6057	0.7771	73.1663	0.6294	1.2e-04	0.4832
7375	-116.6045	-116.6045	-89.0478	0.7637	75.0694	0.6456	1.2e-04	0.4828
7376	-116.6127	-116.6127	-89.0152	0.7633	75.0963	0.6460	1.2e-04	0.4827
7377	-116.5907	-116.5907	-90.1570	0.7733	73.7252	0.6341	1.2e-04	0.4830
7378	-116.6082	-116.6082	-90.3336	0.7747	73.4797	0.6320	1.2e-04	0.4826
7379	-116.5929	-116.5929	-87.5918	0.7513	76.7185	0.6600	1.2e-04	0.4825
7380	-116.5946	-116.5946	-90.7291	0.7782	73.0045	0.6281	1.2e-04	0.4826
7381	-116.5788	-116.5788	-90.0708	0.7726	73.7995	0.6348	1.2e-04	0.4834
7382	-116.5981	-116.5981	-88.4837	0.7589	75.7121	0.6512	1.2e-04	0.4834
7383	-116.5858	-116.5858	-91.0743	0.7812	72.5684	0.6243	1.2e-04	0.4824
7384	-116.5777	-116.5777	-91.0207	0.7808	72.6490	0.6248	1.2e-04	0.4828
7385	-116.5961	-116.5961	-88.8445	0.7620	75.2789	0.6476	1.2e-04	0.4833
7386	-116.6012	-116.6012	-90.0737	0.7725	73.8023	0.6348	1.2e-04	0.4830
7387	-116.5918	-116.5918	-89.5477	0.7680	74.4476	0.6404	1.2e-04	0.4830
7388	-116.5880	-116.5880	-89.8434	0.7706	74.1106	0.6373	1.2e-04	0.4828
7389	-116.5880	-116.5880	-89.2159	0.7652	74.8082	0.6434	1.2e-04	0.4824
7390	-116.6027	-116.6027	-89.6336	0.7687	74.3348	0.6394	1.2e-04	0.4829
7391	-116.6140	-116.6140	-89.8058	0.7701	74.1725	0.6379	1.2e-04	0.4833
7392	-116.6074	-116.6074	-89.2984	0.7658	74.7662	0.6430	1.2e-04	0.4831
7393	-116.6067	-116.6067	-88.3177	0.7574	75.9098	0.6529	1.2e-04	0.4833
7394	-116.6001	-116.6001	-88.4861	0.7589	75.7263	0.6512	1.2e-04	0.4831
7395	-116.5868	-116.5868	-90.3499	0.7750	73.4389	0.6317	1.2e-04	0.4821
7396	-116.6020	-116.6020	-90.6774	0.7777	73.1012	0.6286	1.2e-04	0.4828
7397	-116.5725	-116.5725	-89.4269	0.7671	74.5403	0.6413	1.2e-04	0.4828
7398	-116.5870	-116.5870	-90.5993	0.7771	73.1471	0.6293	1.2e-04	0.4834
7399	-116.6039	-116.6039	-88.4751	0.7588	75.7003	0.6512	1.2e-04	0.4836
7400	-116.6134	-116.6134	-89.0889	0.7640	75.0008	0.6451	1.2e-04	0.4838
7401	-116.6015	-116.6015	-88.0474	0.7551	76.2414	0.6555	1.2e-04	0.4834
7402	-116.5987	-116.5987	-88.4360	0.7585	75.7681	0.6516	1.2e-04	0.4827
7403	-116.6084	-116.6084	-88.7472	0.7611	75.4107	0.6485	1.2e-04	0.4837
7404	-116.5732	-116.5732	-90.8357	0.7792	72.8419	0.6265	1.2e-04	0.4842
7405	-116.5964	-116.5964	-89.5319	0.7679	74.4754	0.6406	1.2e-04	0.4836
7406	-116.6210	-116.6210	-88.2293	0.7565	76.0286	0.6539	1.2e-04	0.4835
7407	-116.5788	-116.5788	-89.1950	0.7651	74.8552	0.6439	1.2e-04	0.4835
7408	-116.5928	-116.5928	-90.1585	0.7733	73.7041	0.6339	1.2e-04	0.4837
7409	-116.6069	-116.6069	-89.2705	0.7656	74.7934	0.6432	1.2e-04	0.4831
7410	-116.6013	-116.6013	-87.4138	0.7497	76.9432	0.6618	1.2e-04	0.4836
7411	-116.5938	-116.5938	-88.3001	0.7573	75.9189	0.6530	1.2e-04	0.4836
7412	-116.6152	-116.6152	-89.5134	0.7676	74.5141	0.6409	1.2e-04	0.4829
7413	-116.5820	-116.5820	-90.4932	0.7762	73.2635	0.6302	1.2e-04	0.4829
7414	-116.6159	-116.6159	-87.9273	0.7540	76.3723	0.6569	1.2e-04	0.4828
7415	-116.6008	-116.6008	-88.1534	0.7560	76.0747	0.6544	1.2e-04	0.4828
7416	-116.5982	-116.5982	-89.8698	0.7708	74.0260	0.6366	1.2e-04	0.4833
7417	-116.6026	-116.6026	-89.0967	0.7641	74.9823	0.6449	1.2e-04	0.4830
7418	-116.5972	-116.5972	-88.7919	0.7615	75.3450	0.6481	1.2e-04	0.4827
7419	-116.5879	-116.5879	-87.7035	0.7523	76.4897	0.6580	1.2e-04	0.4828
7420	-116.5942	-116.5942	-86.8686	0.7451	77.5034	0.6666	1.2e-04	0.4830
7421	-116.5990	-116.5990	-88.6377	0.7602	75.5286	0.6497	1.2e-04	0.4830
7422	-116.5759	-116.5759	-89.1223	0.7645	74.9269	0.6445	1.2e-04	0.4827
7423	-116.5860	-116.5860	-88.0192	0.7550	76.2375	0.6557	1.2e-04	0.4828
7424	-116.5903	-116.5903	-87.5162	0.7506	76.8196	0.6606	1.2e-04	0.4827
7425	-116.6089	-116.6089	-88.6026	0.7598	75.5967	0.6501	1.2e-04	0.4826
7426	-116.5958	-116.5958	-89.3548	0.7664	74.6902	0.6424	1.2e-04	0.4828
7427	-116.5864	-116.5864	-88.7409	0.7612	75.3855	0.6485	1.2e-04	0.4821
7428	-116.6097	-116.6097	-87.2249	0.7480	77.1422	0.6636	1.2e-04	0.4817
7429	-116.5988	-116.5988	-86.0051	0.7376	78.4266	0.6746	1.2e-04	0.4822
7430	-116.5778	-116.5778	-88.8238	0.7619	75.2941	0.6477	1.2e-04	0.4821
7431	-116.5793	-116.5793	-89.7192	0.7696	74.1877	0.6381	1.2e-04	0.4818
7432	-116.5993	-116.5993	-90.0792	0.7726	73.7079	0.6339	1.2e-04	0.4811
7433	-116.5967	-116.5967	-89.7529	0.7698	74.1989	0.6382	1.2e-04	0.4818
7434	-116.5855	-116.5855	-87.9892	0.7547	76.2324	0.6559	1.2e-04	0.4812
7435	-116.6040	-116.6040	-86.7118	0.7436	77.7214	0.6686	1.2e-04	0.4812
7436	-116.6050	-116.6050	-86.4696	0.7416	77.9968	0.6708	1.2e-04	0.4812
7437	-116.5889	-116.5889	-89.2487	0.7655	74.7957	0.6434	1.2e-04	0.4813
7438	-116.5785	-116.5785	-89.4386	0.7672	74.5560	0.6414	1.2e-04	0.4812
7439	-116.5786	-116.5786	-88.4445	0.7587	75.7158	0.6513	1.2e-04	0.4814
7440	-116.6118	-116.6118	-88.0962	0.7555	76.1528	0.6548	1.2e-04	0.4816
7441	-116.6059	-116.6059	-88.8683	0.7621	75.2687	0.6474	1.2e-04	0.4814
7442	-116.5950	-116.5950	-89.2454	0.7654	74.8033	0.6435	1.2e-04	0.4813
7443	-116.5771	-116.5771	-91.4876	0.7848	72.0582	0.6198	1.2e-04	0.4810
7444	-116.6065	-116.6065	-89.4970	0.7675	74.5396	0.6410	1.2e-04	0.4815
7445	-116.6146	-116.6146	-86.4658	0.7415	78.0299	0.6710	1.2e-04	0.4820
7446	-116.5997	-116.5997	-89.8910	0.7709	74.0306	0.6367	1.2e-04	0.4814
7447	-116.6118	-116.6118	-88.7232	0.7608	75.3777	0.6484	1.2e-04	0.4815
7448	-116.6089	-116.6089	-88.9229	0.7626	75.1280	0.6462	1.2e-04	0.4818
7449	-116.5984	-116.5984	-88.3737	0.7579	75.8338	0.6522	1.2e-04	0.4813
7450	-116.6047	-116.6047	-87.3983	0.7495	76.9467	0.6619	1.2e-04	0.4815
7451	-116.6244	-116.6244	-87.1130	0.7470	77.2978	0.6648	1.2e-04	0.4818
7452	-116.5884	-116.5884	-89.2382	0.7654	74.8162	0.6435	1.2e-04	0.4813
7453	-116.6018	-116.6018	-88.6769	0.7605	75.4833	0.6491	1.2e-04	0.4813
7454	-116.5989	-116.5989	-87.5414	0.7508	76.6286	0.6593	1.2e-04	0.4817
7455	-116.5968	-116.5968	-88.6322	0.7602	75.5535	0.6497	1.2e-04	0.4816
7456	-116.5941	-116.5941	-88.9907	0.7633	75.0509	0.6456	1.2e-04	0.4813
7457	-116.5992	-116.5992	-88.8411	0.7619	75.2874	0.6476	1.2e-04	0.4815
7458	-116.5998	-116.5998	-90.0078	0.7719	73.9050	0.6357	1.2e-04	0.4815
7459	-116.5911	-116.5911	-88.8116	0.7617	75.3200	0.6478	1.2e-04	0.4815
7460	-116.5855	-116.5855	-87.9092	0.7540	76.3600	0.6568	1.2e-04	0.4814
7461	-116.5969	-116.5969	-88.5869	0.7598	75.5741	0.6500	1.2e-04	0.4811
7462	-116.5995	-116.5995	-87.3367	0.7490	76.9805	0.6619	1.2e-04	0.4813
7463	-116.5949	-116.5949	-87.2958	0.7487	77.0394	0.6626	1.2e-04	0.4814
7464	-116.6079	-116.6079	-86.2020	0.7392	78.2975	0.6734	1.2e-04	0.4815
7465	-116.6159	-116.6159	-88.4013	0.7581	75.8158	0.6521	1.2e-04	0.4815
7466	-116.5875	-116.5875	-88.9035	0.7625	75.1927	0.6468	1.2e-04	0.4816
7467	-116.6231	-116.6231	-86.9747	0.7458	77.4607	0.6662	1.2e-04	0.4811
7468	-116.5756	-116.5756	-89.1359	0.7646	74.9388	0.6444	1.2e-04	0.4814
7469	-116.5961	-116.5961	-88.7170	0.7609	75.4168	0.6486	1.2e-04	0.4811
7470	-116.6001	-116.6001	-89.5711	0.7682	74.4154	0.6400	1.2e-04	0.4813
7471	-116.6088	-116.6088	-88.1904	0.7563	76.0515	0.6540	1.2e-04	0.4815
7472	-116.5900	-116.5900	-88.3739	0.7580	75.8383	0.6522	1.2e-04	0.4814
7473	-116.5895	-116.5895	-88.4633	0.7588	75.7297	0.6513	1.2e-04	0.4810
7474	-116.6036	-116.6036	-87.9357	0.7541	76.3222	0.6566	1.2e-04	0.4815
7475	-116.6058	-116.6058	-88.1258	0.7558	76.0701	0.6544	1.2e-04	0.4815
7476	-116.5927	-116.5927	-88.0566	0.7552	76.2030	0.6553	1.2e-04	0.4813
7477	-116.6103	-116.6103	-88.8743	0.7621	75.2810	0.6473	1.2e-04	0.4816
7478	-116.6250	-116.6250	-86.8447	0.7446	77.5849	0.6674	1.2e-04	0.4813
7479	-116.5977	-116.5977	-87.3370	0.7490	77.0200	0.6623	1.2e-04	0.4811
7480	-116.5963	-116.5963	-87.7672	0.7527	76.5087	0.6582	1.2e-04	0.4817
7481	-116.6261	-116.6261	-87.0128	0.7461	77.2592	0.6644	1.2e-04	0.4814
7482	-116.5866	-116.5866	-87.8474	0.7535	76.4400	0.6573	1.2e-04	0.4814
7483	-116.5780	-116.5780	-88.0880	0.7556	76.1481	0.6550	1.2e-04	0.4815
7484	-116.5989	-116.5989	-88.3240	0.7575	75.8133	0.6520	1.2e-04	0.4811
7485	-116.5918	-116.5918	-87.5200	0.7507	76.8051	0.6607	1.2e-04	0.4813
7486	-116.5937	-116.5937	-87.4313	0.7499	76.9061	0.6615	1.2e-04	0.4815
7487	-116.6011	-116.6011	-86.9474	0.7457	77.4794	0.6663	1.2e-04	0.4815
7488	-116.6059	-116.6059	-89.2588	0.7655	74.8184	0.6435	1.2e-04	0.4813
7489	-116.5821	-116.5821	-87.5385	0.7509	76.7868	0.6604	1.2e-04	0.4814
7490	-116.5896	-116.5896	-88.8630	0.7622	75.2417	0.6472	1.2e-04	0.4815
7491	-116.6011	-116.6011	-88.1698	0.7562	76.0730	0.6543	1.2e-04	0.4816
7492	-116.5913	-116.5913	-89.2163	0.7652	74.8412	0.6436	1.2e-04	0.4813
7493	-116.6143	-116.6143	-86.7747	0.7441	77.6771	0.6680	1.2e-04	0.4817
7494	-116.5808	-116.5808	-89.0842	0.7641	74.9849	0.6449	1.2e-04	0.4814
7495	-116.6019	-116.6019	-87.1697	0.7476	77.2130	0.6640	1.2e-04	0.4819
7496	-116.6264	-116.6264	-87.5435	0.7506	76.8220	0.6607	1.2e-04	0.4813
7497	-116.5932	-116.5932	-87.8301	0.7533	76.2886	0.6561	1.2e-04	0.4813
7498	-116.5943	-116.5943	-87.6995	0.7522	76.5962	0.6587	1.2e-04	0.4815
7499	-116.5837	-116.5837	-90.1636	0.7734	73.7065	0.6339	1.2e-04	0.4813
7500	-116.6013	-116.6013	-87.9737	0.7545	76.3048	0.6563	1.2e-04	0.4813
7501	-116.5960	-116.5960	-88.9238	0.7627	75.1537	0.6465	1.2e-04	0.4817
7502	-116.6080	-116.6080	-86.8323	0.7447	77.6188	0.6675	1.2e-04	0.4815
7503	-116.5794	-116.5794	-87.1257	0.7474	77.2085	0.6640	1.2e-04	0.4814
7504	-116.5934	-116.5934	-86.1127	0.7386	78.3861	0.6742	1.2e-04	0.4809
7505	-116.6061	-116.6061	-86.0429	0.7379	78.4147	0.6744	1.2e-04	0.4813
7506	-116.5921	-116.5921	-88.3358	0.7576	75.8248	0.6521	1.2e-04	0.4809
7507	-116.6096	-116.6096	-86.3171	0.7402	78.1856	0.6724	1.2e-04	0.4813
7508	-116.6054	-116.6054	-87.3398	0.7490	77.0328	0.6625	1.2e-04	0.4818
7509	-116.6076	-116.6076	-87.9778	0.7545	76.3141	0.6563	1.2e-04	0.4810
7510	-116.5943	-116.5943	-87.0507	0.7466	77.3377	0.6652	1.2e-04	0.4807
7511	-116.6078	-116.6078	-88.2139	0.7565	76.0293	0.6540	1.2e-04	0.4814
7512	-116.6002	-116.6002	-88.1805	0.7563	76.0221	0.6539	1.2e-04	0.4818
7513	-116.6031	-116.6031	-88.0735	0.7553	76.1283	0.6547	1.2e-04	0.4811
7514	-116.5993	-116.5993	-87.0483	0.7466	77.3505	0.6652	1.2e-04	0.4814
7515	-116.5804	-116.5804	-87.7504	0.7527	76.5197	0.6583	1.2e-04	0.4814
7516	-116.6031	-116.6031	-86.9688	0.7459	77.4250	0.6659	1.2e-04	0.4812
7517	-116.6091	-116.6091	-86.3540	0.7405	78.0597	0.6715	1.2e-04	0.4813
7518	-116.6178	-116.6178	-87.0944	0.7468	77.3238	0.6650	1.2e-04	0.4813
7519	-116.5953	-116.5953	-88.0643	0.7553	76.2038	0.6554	1.2e-04	0.4822
7520	-116.5891	-116.5891	-86.2214	0.7395	78.2606	0.6731	1.2e-04	0.4810
7521	-116.5749	-116.5749	-87.2606	0.7485	77.0806	0.6630	1.2e-04	0.4812
7522	-116.5856	-116.5856	-86.2707	0.7400	78.1990	0.6725	1.2e-04	0.4813
7523	-116.6081	-116.6081	-88.0460	0.7551	76.1576	0.6551	1.2e-04	0.4816
7524	-116.6003	-116.6003	-90.0442	0.7722	73.8635	0.6353	1.2e-04	0.4820
7525	-116.5898	-116.5898	-87.6600	0.7519	76.6190	0.6591	1.2e-04	0.4821
7526	-116.5841	-116.5841	-89.0770	0.7641	74.9912	0.6451	1.2e-04	0.4819
7527	-116.6054	-116.6054	-88.5067	0.7590	75.6954	0.6510	1.2e-04	0.4821
7528	-116.5844	-116.5844	-87.7856	0.7530	76.5036	0.6580	1.2e-04	0.4820
7529	-116.6068	-116.6068	-86.3029	0.7401	78.1841	0.6723	1.2e-04	0.4817
7530	-116.5985	-116.5985	-86.6702	0.7433	77.7598	0.6688	1.2e-04	0.4819
7531	-116.5895	-116.5895	-87.9898	0.7547	76.2906	0.6561	1.2e-04	0.4824
7532	-116.5962	-116.5962	-89.2709	0.7656	74.7977	0.6432	1.2e-04	0.4822
7533	-116.5850	-116.5850	-89.3465	0.7664	74.5989	0.6416	1.2e-04	0.4824
7534	-116.5856	-116.5856	-88.5470	0.7595	75.5795	0.6500	1.2e-04	0.4822
7535	-116.5838	-116.5838	-88.2004	0.7565	75.9783	0.6534	1.2e-04	0.4819
7536	-116.6036	-116.6036	-87.4905	0.7503	76.8667	0.6611	1.2e-04	0.4820
7537	-116.6090	-116.6090	-86.2632	0.7398	78.2152	0.6728	1.2e-04	0.4823
7538	-116.6027	-116.6027	-86.7701	0.7442	77.6667	0.6678	1.2e-04	0.4823
7539	-116.5717	-116.5717	-89.6635	0.7692	74.3052	0.6389	1.2e-04	0.4821
7540	-116.5752	-116.5752	-88.9021	0.7626	75.1384	0.6462	1.2e-04	0.4819
7541	-116.6045	-116.6045	-88.3560	0.7577	75.8234	0.6521	1.2e-04	0.4822
7542	-116.5939	-116.5939	-88.7887	0.7615	75.2876	0.6474	1.2e-04	0.4822
7543	-116.6150	-116.6150	-87.7933	0.7528	76.5296	0.6581	1.2e-04	0.4815
7544	-116.5999	-116.5999	-88.1448	0.7560	76.0994	0.6546	1.2e-04	0.4817
7545	-116.6031	-116.6031	-88.3118	0.7574	75.8846	0.6526	1.2e-04	0.4820
7546	-116.6084	-116.6084	-89.7508	0.7697	74.1709	0.6379	1.2e-04	0.4817
7547	-116.5795	-116.5795	-87.2277	0.7482	77.1379	0.6634	1.2e-04	0.4823
7548	-116.6155	-116.6155	-87.1337	0.7472	77.2630	0.6645	1.2e-04	0.4825
7549	-116.5904	-116.5904	-90.2510	0.7741	73.6204	0.6331	1.2e-04	0.4818
7550	-116.6168	-116.6168	-85.1922	0.7305	79.4059	0.6829	1.2e-04	0.4815
7551	-116.5975	-116.5975	-88.7551	0.7612	75.4103	0.6485	1.2e-04	0.4816
7552	-116.5991	-116.5991	-87.0183	0.7463	77.3887	0.6655	1.2e-04	0.4816
7553	-116.6100	-116.6100	-88.4801	0.7588	75.6640	0.6507	1.2e-04	0.4817
7554	-116.6077	-116.6077	-88.9466	0.7628	75.1896	0.6466	1.2e-04	0.4826
7555	-116.5733	-116.5733	-88.1904	0.7565	75.9861	0.6534	1.2e-04	0.4824
7556	-116.5894	-116.5894	-88.6686	0.7605	75.4989	0.6492	1.2e-04	0.4826
7557	-116.5844	-116.5844	-87.7389	0.7526	76.5217	0.6582	1.2e-04	0.4820
7558	-116.5893	-116.5893	-87.0407	0.7466	77.3447	0.6652	1.2e-04	0.4822
7559	-116.5972	-116.5972	-87.6710	0.7519	76.5032	0.6579	1.2e-04	0.4821
7560	-116.6008	-116.6008	-89.9432	0.7714	74.0000	0.6364	1.2e-04	0.4822
7561	-116.5933	-116.5933	-87.9875	0.7547	76.2388	0.6559	1.2e-04	0.4820
7562	-116.6040	-116.6040	-87.8579	0.7535	76.3833	0.6570	1.2e-04	0.4831
7563	-116.5971	-116.5971	-88.2888	0.7572	75.9495	0.6531	1.2e-04	0.4821
7564	-116.5895	-116.5895	-88.2348	0.7568	75.9786	0.6535	1.2e-04	0.4823
7565	-116.5910	-116.5910	-88.9446	0.7629	75.1329	0.6462	1.2e-04	0.4822
7566	-116.5987	-116.5987	-88.3961	0.7581	75.8079	0.6520	1.2e-04	0.4826
7567	-116.6010	-116.6010	-88.3130	0.7574	75.8782	0.6525	1.2e-04	0.4828
7568	-116.6440	-116.6440	-86.9144	0.7451	77.5211	0.6667	1.2e-04	0.4825
7569	-116.6191	-116.6191	-88.0692	0.7552	76.2360	0.6555	1.2e-04	0.4821
7570	-116.6186	-116.6186	-87.2037	0.7478	77.2189	0.6639	1.2e-04	0.4823
7571	-116.6121	-116.6121	-87.5720	0.7510	76.7737	0.6603	1.2e-04	0.4821
7572	-116.5856	-116.5856	-87.7367	0.7526	76.5422	0.6584	1.2e-04	0.4819
7573	-116.5978	-116.5978	-89.6774	0.7691	74.3125	0.6391	1.2e-04	0.4823
7574	-116.6180	-116.6180	-86.6220	0.7428	77.7637	0.6688	1.2e-04	0.4824
7575	-116.5932	-116.5932	-87.7576	0.7527	76.5194	0.6582	1.2e-04	0.4824
7576	-116.6180	-116.6180	-88.4086	0.7581	75.8176	0.6521	1.2e-04	0.4822
7577	-116.5955	-116.5955	-89.8648	0.7707	74.0860	0.6371	1.2e-04	0.4824
7578	-116.6118	-116.6118	-88.6278	0.7600	75.5717	0.6499	1.2e-04	0.4821
7579	-116.5977	-116.5977	-87.9533	0.7543	76.3300	0.6565	1.2e-04	0.4823
7580	-116.5937	-116.5937	-88.8454	0.7620	75.2873	0.6476	1.2e-04	0.4825
7581	-116.6039	-116.6039	-88.0761	0.7553	76.1959	0.6553	1.2e-04	0.4826
7582	-116.6100	-116.6100	-88.0592	0.7552	76.2221	0.6554	1.2e-04	0.4826
7583	-116.6113	-116.6113	-87.5733	0.7510	76.7717	0.6602	1.2e-04	0.4825
7584	-116.5861	-116.5861	-90.0614	0.7725	73.7966	0.6347	1.2e-04	0.4822
7585	-116.6172	-116.6172	-86.7411	0.7438	77.6614	0.6679	1.2e-04	0.4830
7586	-116.5982	-116.5982	-89.0474	0.7637	75.0488	0.6456	1.2e-04	0.4828
7587	-116.6013	-116.6013	-89.6747	0.7691	74.2668	0.6387	1.2e-04	0.4822
7588	-116.5828	-116.5828	-87.0719	0.7469	77.3110	0.6649	1.2e-04	0.4828
7589	-116.6170	-116.6170	-88.7291	0.7609	75.4413	0.6488	1.2e-04	0.4825
7590	-116.5993	-116.5993	-89.8072	0.7702	74.1514	0.6376	1.2e-04	0.4820
7591	-116.6026	-116.6026	-88.5989	0.7598	75.5902	0.6501	1.2e-04	0.4823
7592	-116.5892	-116.5892	-86.8588	0.7450	77.5439	0.6670	1.2e-04	0.4827
7593	-116.5942	-116.5942	-88.5151	0.7592	75.6818	0.6509	1.2e-04	0.4818
7594	-116.6015	-116.6015	-88.7234	0.7609	75.3475	0.6479	1.2e-04	0.4824
7595	-116.6013	-116.6013	-89.4710	0.7673	74.5441	0.6412	1.2e-04	0.4821
7596	-116.6141	-116.6141	-88.8259	0.7617	75.2950	0.6474	1.2e-04	0.4815
7597	-116.6177	-116.6177	-86.5905	0.7425	77.9006	0.6698	1.2e-04	0.4816
7598	-116.5847	-116.5847	-90.3197	0.7747	73.5182	0.6322	1.2e-04	0.4818
7599	-116.5992	-116.5992	-88.0770	0.7554	76.1915	0.6552	1.2e-04	0.4817
7600	-116.6003	-116.6003	-89.3283	0.7661	74.6663	0.6423	1.2e-04	0.4820
7601	-116.5863	-116.5863	-88.2895	0.7573	75.9427	0.6530	1.2e-04	0.4820
7602	-116.6001	-116.6001	-89.2273	0.7652	74.8130	0.6436	1.2e-04	0.4819
7603	-116.6039	-116.6039	-89.4691	0.7673	74.5693	0.6412	1.2e-04	0.4817
7604	-116.6028	-116.6028	-88.7795	0.7614	75.3715	0.6482	1.2e-04	0.4822
7605	-116.6072	-116.6072	-88.9950	0.7632	75.1246	0.6461	1.2e-04	0.4816
7606	-116.5945	-116.5945	-89.1994	0.7650	74.8369	0.6436	1.2e-04	0.4813
7607	-116.5815	-116.5815	-89.4857	0.7676	74.4508	0.6403	1.2e-04	0.4812
7608	-116.5825	-116.5825	-89.2948	0.7659	74.7475	0.6428	1.2e-04	0.4814
7609	-116.5814	-116.5814	-89.9555	0.7716	73.9579	0.6359	1.2e-04	0.4813
7610	-116.6182	-116.6182	-87.9742	0.7544	76.3304	0.6563	1.2e-04	0.4810
7611	-116.6018	-116.6018	-89.3096	0.7659	74.7470	0.6429	1.2e-04	0.4816
7612	-116.6247	-116.6247	-87.6035	0.7512	76.7477	0.6600	1.2e-04	0.4810
7613	-116.6084	-116.6084	-88.1008	0.7555	76.1680	0.6551	1.2e-04	0.4813
7614	-116.6157	-116.6157	-87.6078	0.7513	76.7446	0.6599	1.2e-04	0.4810
7615	-116.6238	-116.6238	-88.7220	0.7608	75.4624	0.6489	1.2e-04	0.4814
7616	-116.5957	-116.5957	-89.8135	0.7703	74.1351	0.6375	1.2e-04	0.4809
7617	-116.5913	-116.5913	-89.5531	0.7681	74.4520	0.6403	1.2e-04	0.4812
7618	-116.6224	-116.6224	-87.2020	0.7477	77.2089	0.6638	1.2e-04	0.4809
7619	-116.5817	-116.5817	-89.3904	0.7668	74.5606	0.6413	1.2e-04	0.4813
7620	-116.6000	-116.6000	-88.7122	0.7608	75.2428	0.6472	1.2e-04	0.4807
7621	-116.5746	-116.5746	-89.0245	0.7637	75.0400	0.6453	1.2e-04	0.4814
7622	-116.6091	-116.6091	-87.8326	0.7532	76.4745	0.6577	1.2e-04	0.4808
7623	-116.5797	-116.5797	-89.6463	0.7690	74.3364	0.6392	1.2e-04	0.4811
7624	-116.6214	-116.6214	-85.8851	0.7364	78.5776	0.6757	1.2e-04	0.4809
7625	-116.6172	-116.6172	-87.4821	0.7502	76.8888	0.6612	1.2e-04	0.4813
7626	-116.5966	-116.5966	-90.1102	0.7728	73.7800	0.6346	1.2e-04	0.4808
7627	-116.5907	-116.5907	-89.9096	0.7712	73.9727	0.6363	1.2e-04	0.4812
7628	-116.6095	-116.6095	-88.8886	0.7623	75.0639	0.6455	1.2e-04	0.4812
7629	-116.6013	-116.6013	-87.6387	0.7516	76.6847	0.6596	1.2e-04	0.4813
7630	-116.5960	-116.5960	-89.5228	0.7678	74.4418	0.6402	1.2e-04	0.4810
7631	-116.5816	-116.5816	-88.2691	0.7571	75.9340	0.6532	1.2e-04	0.4815
7632	-116.6045	-116.6045	-87.6433	0.7516	76.6877	0.6596	1.2e-04	0.4813
7633	-116.5828	-116.5828	-89.7439	0.7698	74.2129	0.6383	1.2e-04	0.4814
7634	-116.5885	-116.5885	-88.9171	0.7627	75.1862	0.6467	1.2e-04	0.4809
7635	-116.5991	-116.5991	-88.8519	0.7620	75.2505	0.6471	1.2e-04	0.4816
7636	-116.6012	-116.6012	-88.5154	0.7591	75.6731	0.6509	1.2e-04	0.4813
7637	-116.6116	-116.6116	-88.4803	0.7588	75.7249	0.6513	1.2e-04	0.4813
7638	-116.5794	-116.5794	-89.1735	0.7649	74.7529	0.6430	1.2e-04	0.4810
7639	-116.5893	-116.5893	-86.8500	0.7449	77.5683	0.6671	1.2e-04	0.4818
7640	-116.5876	-116.5876	-88.0770	0.7555	76.1990	0.6552	1.2e-04	0.4811
7641	-116.6159	-116.6159	-87.7330	0.7523	76.6142	0.6588	1.2e-04	0.4818
7642	-116.6106	-116.6106	-89.1673	0.7647	74.9370	0.6444	1.2e-04	0.4816
7643	-116.5926	-116.5926	-89.1173	0.7643	74.9699	0.6448	1.2e-04	0.4814
7644	-116.5863	-116.5863	-88.9077	0.7626	75.1975	0.6467	1.2e-04	0.4808
7645	-116.6042	-116.6042	-88.9901	0.7632	75.0899	0.6458	1.2e-04	0.4814
7646	-116.5880	-116.5880	-88.4985	0.7591	75.6954	0.6510	1.2e-04	0.4812
7647	-116.6082	-116.6082	-88.6705	0.7604	75.4811	0.6492	1.2e-04	0.4812
7648	-116.6211	-116.6211	-86.1672	0.7389	78.3039	0.6735	1.2e-04	0.4811
7649	-116.6213	-116.6213	-87.8921	0.7537	76.4240	0.6572	1.2e-04	0.4813
7650	-116.6165	-116.6165	-86.6875	0.7434	77.6908	0.6683	1.2e-04	0.4808
7651	-116.6016	-116.6016	-88.8779	0.7622	75.2138	0.6469	1.2e-04	0.4812
7652	-116.5962	-116.5962	-91.8235	0.7875	71.6620	0.6162	1.2e-04	0.4812
7653	-116.5808	-116.5808	-90.7598	0.7785	72.9653	0.6275	1.2e-04	0.4815
7654	-116.6192	-116.6192	-86.5737	0.7424	77.8984	0.6699	1.2e-04	0.4811
7655	-116.6150	-116.6150	-87.0353	0.7463	77.3858	0.6655	1.2e-04	0.4812
7656	-116.6131	-116.6131	-87.9406	0.7541	76.3137	0.6563	1.2e-04	0.4807
7657	-116.5887	-116.5887	-89.9226	0.7713	74.0007	0.6364	1.2e-04	0.4819
7658	-116.5905	-116.5905	-89.1770	0.7649	74.9088	0.6442	1.2e-04	0.4812
7659	-116.6057	-116.6057	-87.7744	0.7527	76.5482	0.6582	1.2e-04	0.4815
7660	-116.6077	-116.6077	-88.0423	0.7550	76.2280	0.6555	1.2e-04	0.4811
7661	-116.5965	-116.5965	-88.8943	0.7624	75.2467	0.6471	1.2e-04	0.4811
7662	-116.5953	-116.5953	-89.6101	0.7686	74.3504	0.6395	1.2e-04	0.4809
7663	-116.6058	-116.6058	-89.7463	0.7697	74.2455	0.6385	1.2e-04	0.4814
7664	-116.5929	-116.5929	-90.5865	0.7769	73.1838	0.6294	1.2e-04	0.4808
7665	-116.5976	-116.5976	-88.0746	0.7554	76.2091	0.6553	1.2e-04	0.4816
7666	-116.5832	-116.5832	-89.4105	0.7669	74.6237	0.6417	1.2e-04	0.4810
7667	-116.5760	-116.5760	-89.7233	0.7697	74.2463	0.6384	1.2e-04	0.4812
7668	-116.6021	-116.6021	-88.6421	0.7602	75.4838	0.6493	1.2e-04	0.4809
7669	-116.5796	-116.5796	-89.0292	0.7637	75.0622	0.6456	1.2e-04	0.4812
7670	-116.6009	-116.6009	-89.6369	0.7687	74.3644	0.6395	1.2e-04	0.4811
7671	-116.5841	-116.5841	-90.7647	0.7785	72.9100	0.6272	1.2e-04	0.4812
7672	-116.6241	-116.6241	-88.7776	0.7612	75.3944	0.6485	1.2e-04	0.4812
7673	-116.5884	-116.5884	-90.1200	0.7730	73.7314	0.6341	1.2e-04	0.4815
7674	-116.5961	-116.5961	-89.4723	0.7674	74.5516	0.6412	1.2e-04	0.4809
7675	-116.5980	-116.5980	-89.3982	0.7667	74.5997	0.6416	1.2e-04	0.4814
7676	-116.6222	-116.6222	-88.9823	0.7630	75.1705	0.6464	1.2e-04	0.4810
7677	-116.5982	-116.5982	-88.6150	0.7600	75.5187	0.6494	1.2e-04	0.4813
7678	-116.5801	-116.5801	-89.1886	0.7650	74.8549	0.6439	1.2e-04	0.4811
7679	-116.6152	-116.6152	-88.5999	0.7598	75.5922	0.6500	1.2e-04	0.4818
7680	-116.5970	-116.5970	-89.6302	0.7687	74.3605	0.6396	1.2e-04	0.4809
7681	-116.6060	-116.6060	-89.3113	0.7659	74.7149	0.6427	1.2e-04	0.4814
7682	-116.5967	-116.5967	-90.5602	0.7767	73.2431	0.6299	1.2e-04	0.4814
7683	-116.6084	-116.6084	-89.4332	0.7670	74.5796	0.6415	1.2e-04	0.4811
7684	-116.5915	-116.5915	-89.2150	0.7652	74.8405	0.6438	1.2e-04	0.4808
7685	-116.5758	-116.5758	-89.5222	0.7679	74.4874	0.6405	1.2e-04	0.4810
7686	-116.5854	-116.5854	-89.8731	0.7709	74.0650	0.6369	1.2e-04	0.4813
7687	-116.6156	-116.6156	-88.1404	0.7558	76.1211	0.6546	1.2e-04	0.4809
7688	-116.5925	-116.5925	-91.0854	0.7812	72.5724	0.6241	1.2e-04	0.4816
7689	-116.6220	-116.6220	-90.9743	0.7801	72.7616	0.6256	1.2e-04	0.4823
7690	-116.6040	-116.6040	-89.4697	0.7673	74.5572	0.6412	1.2e-04	0.4806
7691	-116.6043	-116.6043	-90.2488	0.7740	73.6420	0.6332	1.2e-04	0.4812
7692	-116.5952	-116.5952	-91.3595	0.7836	72.2268	0.6211	1.2e-04	0.4812
7693	-116.5975	-116.5975	-91.1310	0.7816	72.5381	0.6238	1.2e-04	0.4813
7694	-116.6137	-116.6137	-90.1924	0.7734	73.6779	0.6336	1.2e-04	0.4811
7695	-116.5976	-116.5976	-89.1979	0.7650	74.8293	0.6436	1.2e-04	0.4811
7696	-116.5834	-116.5834	-90.7379	0.7783	72.9617	0.6274	1.2e-04	0.4815
7697	-116.6107	-116.6107	-89.8301	0.7703	74.1469	0.6376	1.2e-04	0.4817
7698	-116.6117	-116.6117	-90.1834	0.7734	73.7180	0.6339	1.2e-04	0.4815
7699	-116.6056	-116.6056	-89.7267	0.7695	74.2589	0.6386	1.2e-04	0.4818
7700	-116.5909	-116.5909	-89.4532	0.7672	74.5088	0.6409	1.2e-04	0.4819
7701	-116.6067	-116.6067	-89.5713	0.7681	74.3559	0.6395	1.2e-04	0.4816
7702	-116.6084	-116.6084	-90.0748	0.7725	73.8549	0.6351	1.2e-04	0.4816
7703	-116.6009	-116.6009	-91.4757	0.7845	72.0607	0.6198	1.2e-04	0.4815
7704	-116.6050	-116.6050	-88.6544	0.7603	75.4952	0.6492	1.2e-04	0.4813
7705	-116.6237	-116.6237	-89.5565	0.7679	74.4278	0.6400	1.2e-04	0.4816
7706	-116.6137	-116.6137	-91.7606	0.7869	71.7551	0.6171	1.2e-04	0.4817
7707	-116.6140	-116.6140	-89.5614	0.7680	74.4597	0.6404	1.2e-04	0.4817
7708	-116.5749	-116.5749	-90.6438	0.7776	73.0622	0.6285	1.2e-04	0.4823
7709	-116.6011	-116.6011	-90.4842	0.7760	73.3249	0.6306	1.2e-04	0.4820
7710	-116.5854	-116.5854	-91.4306	0.7842	72.1437	0.6205	1.2e-04	0.4818
7711	-116.5965	-116.5965	-90.7292	0.7781	72.9976	0.6279	1.2e-04	0.4818
7712	-116.6052	-116.6052	-90.2651	0.7741	73.5738	0.6328	1.2e-04	0.4819
7713	-116.6012	-116.6012	-89.9091	0.7711	74.0485	0.6367	1.2e-04	0.4820
7714	-116.6137	-116.6137	-89.7610	0.7697	74.1153	0.6374	1.2e-04	0.4820
7715	-116.6048	-116.6048	-90.2215	0.7737	73.6709	0.6335	1.2e-04	0.4822
7716	-116.6025	-116.6025	-90.8483	0.7791	72.8847	0.6268	1.2e-04	0.4823
7717	-116.6011	-116.6011	-91.0791	0.7811	72.5923	0.6242	1.2e-04	0.4818
7718	-116.5961	-116.5961	-90.8808	0.7794	72.8336	0.6265	1.2e-04	0.4819
7719	-116.6096	-116.6096	-90.3836	0.7751	73.4597	0.6318	1.2e-04	0.4825
7720	-116.6229	-116.6229	-92.3671	0.7920	70.9613	0.6102	1.2e-04	0.4817
7721	-116.6047	-116.6047	-90.4050	0.7753	73.4243	0.6315	1.2e-04	0.4823
7722	-116.5835	-116.5835	-89.2611	0.7656	74.7195	0.6427	1.2e-04	0.4816
7723	-116.6019	-116.6019	-89.4228	0.7669	74.6398	0.6418	1.2e-04	0.4817
7724	-116.6091	-116.6091	-90.4878	0.7760	73.3080	0.6305	1.2e-04	0.4823
7725	-116.6331	-116.6331	-88.9662	0.7628	75.1785	0.6465	1.2e-04	0.4821
7726	-116.5950	-116.5950	-90.8503	0.7792	72.8400	0.6265	1.2e-04	0.4824
7727	-116.6001	-116.6001	-88.6046	0.7599	75.5542	0.6500	1.2e-04	0.4824
7728	-116.6114	-116.6114	-90.6774	0.7776	73.0949	0.6286	1.2e-04	0.4826
7729	-116.6047	-116.6047	-90.3614	0.7749	73.4016	0.6311	1.2e-04	0.4831
7730	-116.6001	-116.6001	-90.4608	0.7758	73.3452	0.6308	1.2e-04	0.4824
7731	-116.5952	-116.5952	-89.6188	0.7686	74.3350	0.6392	1.2e-04	0.4823
7732	-116.6006	-116.6006	-91.7332	0.7867	71.7813	0.6173	1.2e-04	0.4827
7733	-116.5962	-116.5962	-90.0214	0.7721	73.8465	0.6353	1.2e-04	0.4826
7734	-116.5874	-116.5874	-89.3635	0.7665	74.6409	0.6419	1.2e-04	0.4825
7735	-116.5961	-116.5961	-89.6135	0.7686	74.3310	0.6393	1.2e-04	0.4826
7736	-116.5914	-116.5914	-89.2096	0.7651	74.8676	0.6438	1.2e-04	0.4835
7737	-116.5975	-116.5975	-89.3129	0.7660	74.7326	0.6427	1.2e-04	0.4825
7738	-116.6107	-116.6107	-90.9535	0.7800	72.7866	0.6258	1.2e-04	0.4826
7739	-116.5747	-116.5747	-90.4955	0.7763	73.2983	0.6304	1.2e-04	0.4827
7740	-116.5913	-116.5913	-89.7585	0.7699	74.2018	0.6381	1.2e-04	0.4819
7741	-116.5939	-116.5939	-91.7504	0.7869	71.7468	0.6170	1.2e-04	0.4823
7742	-116.6046	-116.6046	-90.0498	0.7723	73.7948	0.6345	1.2e-04	0.4826
7743	-116.5831	-116.5831	-91.2956	0.7831	72.2652	0.6215	1.2e-04	0.4825
7744	-116.6017	-116.6017	-89.9548	0.7715	73.9803	0.6363	1.2e-04	0.4825
7745	-116.5880	-116.5880	-91.1319	0.7817	72.4686	0.6233	1.2e-04	0.4823
7746	-116.5986	-116.5986	-90.1142	0.7729	73.7838	0.6346	1.2e-04	0.4827
7747	-116.5922	-116.5922	-87.6414	0.7517	76.6911	0.6595	1.2e-04	0.4824
7748	-116.5850	-116.5850	-88.7365	0.7611	75.3899	0.6483	1.2e-04	0.4827
7749	-116.5805	-116.5805	-89.3440	0.7664	74.7054	0.6424	1.2e-04	0.4827
7750	-116.6046	-116.6046	-88.0270	0.7549	76.2260	0.6556	1.2e-04	0.4825
7751	-116.6172	-116.6172	-89.3503	0.7662	74.6888	0.6424	1.2e-04	0.4822
7752	-116.5775	-116.5775	-91.0607	0.7811	72.5841	0.6243	1.2e-04	0.4822
7753	-116.6057	-116.6057	-89.6282	0.7686	74.3861	0.6397	1.2e-04	0.4822
7754	-116.6026	-116.6026	-90.4339	0.7756	73.4004	0.6313	1.2e-04	0.4820
7755	-116.6067	-116.6067	-90.0228	0.7720	73.9044	0.6356	1.2e-04	0.4825
7756	-116.6021	-116.6021	-89.2949	0.7658	74.7715	0.6431	1.2e-04	0.4827
7757	-116.5816	-116.5816	-90.9297	0.7800	72.7370	0.6256	1.2e-04	0.4825
7758	-116.6198	-116.6198	-89.6700	0.7689	74.2798	0.6387	1.2e-04	0.4826
7759	-116.6093	-116.6093	-87.5252	0.7506	76.8001	0.6604	1.2e-04	0.4823
7760	-116.6324	-116.6324	-87.9243	0.7539	76.3893	0.6570	1.2e-04	0.4815
7761	-116.5855	-116.5855	-90.3848	0.7753	73.4187	0.6315	1.2e-04	0.4818
7762	-116.5888	-116.5888	-90.8219	0.7790	72.9106	0.6270	1.2e-04	0.4821
7763	-116.6083	-116.6083	-90.3114	0.7745	73.5472	0.6326	1.2e-04	0.4821
7764	-116.6107	-116.6107	-88.1800	0.7562	76.0471	0.6539	1.2e-04	0.4824
7765	-116.6105	-116.6105	-88.2275	0.7566	76.0292	0.6538	1.2e-04	0.4815
7766	-116.6080	-116.6080	-87.8928	0.7537	76.3808	0.6567	1.2e-04	0.4820
7767	-116.5853	-116.5853	-90.2226	0.7739	73.6218	0.6333	1.2e-04	0.4815
7768	-116.6017	-116.6017	-89.7829	0.7700	74.1761	0.6380	1.2e-04	0.4821
7769	-116.5918	-116.5918	-90.2216	0.7738	73.6398	0.6332	1.2e-04	0.4812
7770	-116.6123	-116.6123	-90.7322	0.7781	73.0115	0.6279	1.2e-04	0.4817
7771	-116.6018	-116.6018	-90.2556	0.7740	73.6350	0.6331	1.2e-04	0.4811
7772	-116.6083	-116.6083	-88.8246	0.7617	75.3332	0.6478	1.2e-04	0.4821
7773	-116.6069	-116.6069	-90.5853	0.7768	73.2238	0.6296	1.2e-04	0.4818
7774	-116.6049	-116.6049	-89.5105	0.7676	74.5187	0.6407	1.2e-04	0.4812
7775	-116.6167	-116.6167	-88.4525	0.7585	75.7856	0.6517	1.2e-04	0.4816
7776	-116.5728	-116.5728	-90.5468	0.7767	73.2423	0.6298	1.2e-04	0.4815
7777	-116.5935	-116.5935	-90.4912	0.7761	73.3329	0.6306	1.2e-04	0.4814
7778	-116.6034	-116.6034	-88.6197	0.7600	75.5633	0.6499	1.2e-04	0.4845
7779	-116.6012	-116.6012	-89.6332	0.7687	74.3548	0.6394	1.2e-04	0.4815
7780	-116.5903	-116.5903	-89.4662	0.7674	74.5484	0.6411	1.2e-04	0.4814
7781	-116.6021	-116.6021	-89.2798	0.7657	74.7890	0.6432	1.2e-04	0.4813
7782	-116.5959	-116.5959	-88.0561	0.7552	76.2084	0.6554	1.2e-04	0.4810
7783	-116.5893	-116.5893	-90.3298	0.7748	73.4832	0.6319	1.2e-04	0.4817
7784	-116.6045	-116.6045	-88.5589	0.7595	75.5032	0.6494	1.2e-04	0.4810
7785	-116.5854	-116.5854	-89.8823	0.7710	74.0091	0.6366	1.2e-04	0.4812
7786	-116.5976	-116.5976	-89.2474	0.7654	74.8124	0.6435	1.2e-04	0.4810
7787	-116.5929	-116.5929	-89.6015	0.7685	74.3748	0.6396	1.2e-04	0.4814
7788	-116.5874	-116.5874	-88.8057	0.7617	75.3198	0.6477	1.2e-04	0.4807
7789	-116.5927	-116.5927	-89.1154	0.7643	74.9812	0.6448	1.2e-04	0.4814
7790	-116.6020	-116.6020	-88.5182	0.7591	75.6431	0.6505	1.2e-04	0.4810
7791	-116.6103	-116.6103	-88.1487	0.7559	76.1177	0.6546	1.2e-04	0.4816
7792	-116.6098	-116.6098	-89.4661	0.7672	74.5645	0.6412	1.2e-04	0.4810
7793	-116.6072	-116.6072	-88.3277	0.7575	75.8394	0.6522	1.2e-04	0.4815
7794	-116.6104	-116.6104	-88.8646	0.7621	75.2464	0.6470	1.2e-04	0.4808
7795	-116.6164	-116.6164	-85.2447	0.7310	79.3605	0.6824	1.2e-04	0.4811
7796	-116.5964	-116.5964	-87.9721	0.7545	76.2911	0.6561	1.2e-04	0.4812
7797	-116.5981	-116.5981	-90.1293	0.7730	73.7488	0.6343	1.2e-04	0.4812
7798	-116.6012	-116.6012	-89.1934	0.7649	74.8838	0.6441	1.2e-04	0.4810
7799	-116.6026	-116.6026	-87.0557	0.7466	77.3520	0.6652	1.2e-04	0.4814
7800	-116.6056	-116.6056	-88.0813	0.7554	76.1886	0.6552	1.2e-04	0.4810
7801	-116.6045	-116.6045	-89.1995	0.7650	74.8885	0.6441	1.2e-04	0.4811
7802	-116.6013	-116.6013	-90.9455	0.7800	72.7640	0.6258	1.2e-04	0.4813
7803	-116.6245	-116.6245	-89.7433	0.7695	74.2674	0.6386	1.2e-04	0.4814
7804	-116.5867	-116.5867	-88.4533	0.7587	75.6597	0.6508	1.2e-04	0.4811
7805	-116.5980	-116.5980	-87.3783	0.7494	77.0009	0.6621	1.2e-04	0.4810
7806	-116.6142	-116.6142	-88.1361	0.7558	76.1270	0.6548	1.2e-04	0.4806
7807	-116.6114	-116.6114	-87.9953	0.7546	76.3052	0.6562	1.2e-04	0.4812
7808	-116.5819	-116.5819	-89.6866	0.7693	74.2746	0.6389	1.2e-04	0.4808
7809	-116.6131	-116.6131	-87.1253	0.7471	77.2849	0.6646	1.2e-04	0.4814
7810	-116.5945	-116.5945	-90.2096	0.7737	73.6729	0.6335	1.2e-04	0.4810
7811	-116.5934	-116.5934	-88.1523	0.7561	76.0911	0.6543	1.2e-04	0.4815
7812	-116.5925	-116.5925	-88.3675	0.7579	75.8557	0.6523	1.2e-04	0.4808
7813	-116.6201	-116.6201	-85.8730	0.7363	78.6200	0.6762	1.2e-04	0.4811
7814	-116.6100	-116.6100	-88.9918	0.7632	75.1070	0.6459	1.2e-04	0.4808
7815	-116.6094	-116.6094	-88.9446	0.7628	75.1864	0.6466	1.2e-04	0.4813
7816	-116.5999	-116.5999	-88.0067	0.7548	76.2751	0.6560	1.2e-04	0.4807
7817	-116.5998	-116.5998	-88.4652	0.7587	75.7008	0.6510	1.2e-04	0.4812
7818	-116.6094	-116.6094	-88.4860	0.7588	75.7180	0.6512	1.2e-04	0.4804
7819	-116.6003	-116.6003	-87.7187	0.7523	76.6085	0.6588	1.2e-04	0.4822
7820	-116.6097	-116.6097	-87.4746	0.7501	76.8755	0.6611	1.2e-04	0.4814
7821	-116.5761	-116.5761	-88.3558	0.7579	75.8460	0.6522	1.2e-04	0.4811
7822	-116.5885	-116.5885	-88.0062	0.7548	76.1768	0.6552	1.2e-04	0.4814
7823	-116.5943	-116.5943	-88.6697	0.7605	75.4944	0.6493	1.2e-04	0.4817
7824	-116.6072	-116.6072	-87.5839	0.7511	76.7585	0.6602	1.2e-04	0.4808
7825	-116.5995	-116.5995	-88.4691	0.7587	75.7410	0.6513	1.2e-04	0.4811
7826	-116.6155	-116.6155	-87.7634	0.7526	76.4956	0.6579	1.2e-04	0.4811
7827	-116.6216	-116.6216	-87.0397	0.7463	77.3433	0.6651	1.2e-04	0.4814
7828	-116.6052	-116.6052	-89.8473	0.7705	74.0893	0.6373	1.2e-04	0.4806
7829	-116.6049	-116.6049	-89.1119	0.7642	75.0077	0.6449	1.2e-04	0.4816
7830	-116.5855	-116.5855	-86.9533	0.7458	77.3668	0.6653	1.2e-04	0.4811
7831	-116.6052	-116.6052	-87.7163	0.7523	76.5675	0.6584	1.2e-04	0.4813
7832	-116.6290	-116.6290	-85.9839	0.7372	78.4949	0.6749	1.2e-04	0.4812
7833	-116.6032	-116.6032	-87.5377	0.7507	76.8090	0.6606	1.2e-04	0.4814
7834	-116.6004	-116.6004	-86.8132	0.7445	77.6270	0.6674	1.2e-04	0.4807
7835	-116.6041	-116.6041	-87.7605	0.7526	76.5541	0.6584	1.2e-04	0.4814
7836	-116.6034	-116.6034	-88.7231	0.7609	75.4505	0.6489	1.2e-04	0.4808
7837	-116.6019	-116.6019	-88.3880	0.7580	75.8421	0.6522	1.2e-04	0.4811
7838	-116.6013	-116.6013	-87.2102	0.7479	77.1746	0.6637	1.2e-04	0.4809
7839	-116.6010	-116.6010	-89.5261	0.7678	74.4788	0.6406	1.2e-04	0.4810
7840	-116.5870	-116.5870	-90.6214	0.7773	72.9636	0.6275	1.2e-04	0.4810
7841	-116.6112	-116.6112	-87.9645	0.7543	76.3419	0.6564	1.2e-04	0.4812
7842	-116.6203	-116.6203	-87.1360	0.7472	77.2392	0.6642	1.2e-04	0.4807
7843	-116.6021	-116.6021	-88.2708	0.7570	75.9416	0.6531	1.2e-04	0.4814
7844	-116.6059	-116.6059	-85.6761	0.7347	78.8476	0.6781	1.2e-04	0.4809
7845	-116.5641	-116.5641	-91.0117	0.7808	72.6440	0.6247	1.2e-04	0.4813
7846	-116.6067	-116.6067	-88.1224	0.7557	76.1627	0.6549	1.2e-04	0.4813
7847	-116.5965	-116.5965	-89.7389	0.7697	74.2352	0.6384	1.2e-04	0.4817
7848	-116.6321	-116.6321	-88.9669	0.7628	75.1849	0.6466	1.2e-04	0.4808
7849	-116.5976	-116.5976	-89.4180	0.7669	74.6335	0.6418	1.2e-04	0.4811
7850	-116.6023	-116.6023	-88.5832	0.7597	75.5967	0.6501	1.2e-04	0.4812
7851	-116.6008	-116.6008	-88.8579	0.7621	75.2771	0.6474	1.2e-04	0.4812
7852	-116.6026	-116.6026	-87.2265	0.7481	77.1606	0.6636	1.2e-04	0.4808
7853	-116.6138	-116.6138	-87.2722	0.7484	77.1091	0.6632	1.2e-04	0.4813
7854	-116.6175	-116.6175	-86.7566	0.7439	77.4005	0.6657	1.2e-04	0.4808
7855	-116.6209	-116.6209	-87.9668	0.7543	76.3625	0.6565	1.2e-04	0.4813
7856	-116.5961	-116.5961	-89.3740	0.7665	74.6863	0.6422	1.2e-04	0.4812
7857	-116.5967	-116.5967	-87.6897	0.7521	76.6072	0.6589	1.2e-04	0.4816
7858	-116.5821	-116.5821	-88.4577	0.7588	75.7290	0.6514	1.2e-04	0.4811
7859	-116.5967	-116.5967	-88.9323	0.7627	75.1850	0.6467	1.2e-04	0.4812
7860	-116.6101	-116.6101	-89.2416	0.7653	74.8318	0.6436	1.2e-04	0.4810
7861	-116.6138	-116.6138	-88.2576	0.7568	75.9788	0.6533	1.2e-04	0.4814
7862	-116.6065	-116.6065	-88.9330	0.7627	75.1882	0.6466	1.2e-04	0.4811
7863	-116.6123	-116.6123	-87.6414	0.7516	76.6691	0.6595	1.2e-04	0.4814
7864	-116.6159	-116.6159	-88.2905	0.7571	75.9663	0.6533	1.2e-04	0.4813
7865	-116.6069	-116.6069	-88.8827	0.7622	75.2469	0.6472	1.2e-04	0.4816
7866	-116.5863	-116.5863	-89.1145	0.7644	74.9471	0.6446	1.2e-04	0.4823
7867	-116.6079	-116.6079	-88.8700	0.7621	75.2587	0.6473	1.2e-04	0.4823
7868	-116.6408	-116.6408	-87.6517	0.7515	76.7178	0.6597	1.2e-04	0.4812
7869	-116.6016	-116.6016	-89.7032	0.7693	74.2785	0.6388	1.2e-04	0.4823
7870	-116.5973	-116.5973	-87.9209	0.7541	76.3364	0.6564	1.2e-04	0.4824
7871	-116.6107	-116.6107	-87.9877	0.7545	76.3028	0.6562	1.2e-04	0.4811
7872	-116.6069	-116.6069	-88.7694	0.7613	75.3490	0.6481	1.2e-04	0.4816
7873	-116.6144	-116.6144	-86.9081	0.7453	77.4454	0.6661	1.2e-04	0.4813
7874	-116.5747	-116.5747	-89.6268	0.7688	74.3143	0.6392	1.2e-04	0.4809
7875	-116.5932	-116.5932	-89.7364	0.7697	74.2155	0.6383	1.2e-04	0.4813
7876	-116.6077	-116.6077	-89.5589	0.7680	74.4615	0.6404	1.2e-04	0.4815
7877	-116.5955	-116.5955	-88.5411	0.7594	75.4949	0.6492	1.2e-04	0.4818
7878	-116.5964	-116.5964	-88.9802	0.7631	75.1228	0.6461	1.2e-04	0.4820
7879	-116.5843	-116.5843	-88.2019	0.7566	76.0428	0.6539	1.2e-04	0.4816
7880	-116.5937	-116.5937	-89.7659	0.7699	74.1975	0.6381	1.2e-04	0.4820
7881	-116.6134	-116.6134	-90.5911	0.7768	73.1211	0.6288	1.2e-04	0.4815
7882	-116.6132	-116.6132	-89.4932	0.7674	74.5643	0.6411	1.2e-04	0.4818
7883	-116.5922	-116.5922	-88.9787	0.7632	75.0958	0.6457	1.2e-04	0.4817
7884	-116.6012	-116.6012	-90.0251	0.7721	73.8757	0.6352	1.2e-04	0.4817
7885	-116.6013	-116.6013	-89.2540	0.7655	74.7670	0.6431	1.2e-04	0.4812
7886	-116.5856	-116.5856	-89.1700	0.7648	74.8834	0.6441	1.2e-04	0.4816
7887	-116.6055	-116.6055	-89.9840	0.7717	73.9630	0.6359	1.2e-04	0.4818
7888	-116.5967	-116.5967	-89.2637	0.7656	74.7656	0.6430	1.2e-04	0.4808
7889	-116.6073	-116.6073	-87.8979	0.7538	76.3879	0.6570	1.2e-04	0.4808
7890	-116.5934	-116.5934	-90.0434	0.7723	73.7895	0.6347	1.2e-04	0.4808
7891	-116.6187	-116.6187	-88.0715	0.7552	76.2046	0.6553	1.2e-04	0.4818
7892	-116.6252	-116.6252	-88.4129	0.7581	75.7798	0.6517	1.2e-04	0.4815
7893	-116.6114	-116.6114	-89.4046	0.7667	74.6452	0.6419	1.2e-04	0.4818
7894	-116.6108	-116.6108	-88.8175	0.7617	75.3624	0.6480	1.2e-04	0.4825
7895	-116.5950	-116.5950	-91.0162	0.7806	72.6609	0.6249	1.2e-04	0.4817
7896	-116.5999	-116.5999	-87.6880	0.7520	76.5803	0.6586	1.2e-04	0.4815
7897	-116.5907	-116.5907	-88.3343	0.7576	75.8878	0.6525	1.2e-04	0.4823
7898	-116.5885	-116.5885	-90.0385	0.7723	73.8525	0.6353	1.2e-04	0.4817
7899	-116.5912	-116.5912	-89.7034	0.7694	74.2717	0.6388	1.2e-04	0.4818
7900	-116.6026	-116.6026	-87.9953	0.7547	76.2683	0.6559	1.2e-04	0.4820
7901	-116.6255	-116.6255	-90.3750	0.7749	73.4556	0.6317	1.2e-04	0.4822
7902	-116.5665	-116.5665	-91.6731	0.7864	71.8228	0.6176	1.2e-04	0.4816
7903	-116.6077	-116.6077	-91.0637	0.7809	72.5789	0.6240	1.2e-04	0.4822
7904	-116.6059	-116.6059	-88.4823	0.7588	75.7073	0.6510	1.2e-04	0.4819
7905	-116.6256	-116.6256	-86.8892	0.7450	77.5407	0.6670	1.2e-04	0.4817
7906	-116.6054	-116.6054	-89.4272	0.7669	74.6256	0.6417	1.2e-04	0.4818
7907	-116.5909	-116.5909	-89.5385	0.7680	74.4796	0.6405	1.2e-04	0.4820
7908	-116.6135	-116.6135	-87.9667	0.7543	76.3277	0.6564	1.2e-04	0.4819
7909	-116.6284	-116.6284	-86.9024	0.7451	77.5689	0.6669	1.2e-04	0.4821
7910	-116.5662	-116.5662	-90.2121	0.7739	73.6061	0.6332	1.2e-04	0.4825
7911	-116.5771	-116.5771	-88.6945	0.7608	75.4118	0.6486	1.2e-04	0.4819
7912	-116.5834	-116.5834	-88.8698	0.7623	75.2122	0.6468	1.2e-04	0.4823
7913	-116.6114	-116.6114	-88.0272	0.7549	76.2633	0.6559	1.2e-04	0.4828
7914	-116.6026	-116.6026	-88.9577	0.7629	75.1265	0.6462	1.2e-04	0.4824
7915	-116.5836	-116.5836	-86.0201	0.7378	78.4640	0.6750	1.2e-04	0.4820
7916	-116.6057	-116.6057	-86.6605	0.7432	77.7935	0.6690	1.2e-04	0.4827
7917	-116.6004	-116.6004	-88.7048	0.7608	75.4568	0.6490	1.2e-04	0.4827
7918	-116.5896	-116.5896	-89.0101	0.7634	75.0879	0.6458	1.2e-04	0.4826
7919	-116.5988	-116.5988	-89.8235	0.7704	74.1334	0.6376	1.2e-04	0.4824
7920	-116.6082	-116.6082	-86.8499	0.7448	77.5930	0.6673	1.2e-04	0.4830
7921	-116.5938	-116.5938	-88.3042	0.7574	75.8343	0.6522	1.2e-04	0.4821
7922	-116.5959	-116.5959	-88.7529	0.7612	75.3965	0.6485	1.2e-04	0.4825
7923	-116.5714	-116.5714	-89.3222	0.7662	74.6991	0.6425	1.2e-04	0.4826
7924	-116.5836	-116.5836	-89.8869	0.7710	74.0303	0.6368	1.2e-04	0.4829
7925	-116.6067	-116.6067	-87.5415	0.7507	76.8053	0.6606	1.2e-04	0.4824
7926	-116.5907	-116.5907	-89.4555	0.7673	74.5588	0.6412	1.2e-04	0.4822
7927	-116.5994	-116.5994	-89.2955	0.7658	74.6927	0.6423	1.2e-04	0.4819
7928	-116.5912	-116.5912	-89.9922	0.7719	73.9194	0.6356	1.2e-04	0.4825
7929	-116.5907	-116.5907	-90.1806	0.7735	73.6877	0.6338	1.2e-04	0.4823
7930	-116.6004	-116.6004	-89.4351	0.7670	74.5984	0.6416	1.2e-04	0.4826
7931	-116.6037	-116.6037	-87.7395	0.7525	76.5852	0.6585	1.2e-04	0.4833
7932	-116.5981	-116.5981	-89.0149	0.7634	75.0803	0.6456	1.2e-04	0.4826
7933	-116.5847	-116.5847	-90.0689	0.7726	73.8240	0.6349	1.2e-04	0.4827
7934	-116.5929	-116.5929	-87.6910	0.7521	76.6295	0.6590	1.2e-04	0.4828
7935	-116.5885	-116.5885	-88.0199	0.7550	76.2656	0.6558	1.2e-04	0.4822
7936	-116.5927	-116.5927	-87.3767	0.7494	76.9722	0.6619	1.2e-04	0.4827
7937	-116.6104	-116.6104	-88.9998	0.7632	75.1084	0.6459	1.2e-04	0.4824
7938	-116.6149	-116.6149	-89.1365	0.7644	74.9729	0.6448	1.2e-04	0.4820
7939	-116.6023	-116.6023	-87.1431	0.7474	77.1703	0.6637	1.2e-04	0.4822
7940	-116.5931	-116.5931	-88.5305	0.7593	75.6223	0.6503	1.2e-04	0.4819
7941	-116.5971	-116.5971	-90.0418	0.7722	73.8823	0.6353	1.2e-04	0.4814
7942	-116.6265	-116.6265	-90.2414	0.7738	73.5975	0.6328	1.2e-04	0.4817
7943	-116.6301	-116.6301	-86.1831	0.7389	78.3420	0.6737	1.2e-04	0.4816
7944	-116.6064	-116.6064	-86.7458	0.7439	77.5758	0.6671	1.2e-04	0.4817
7945	-116.6001	-116.6001	-90.3216	0.7746	73.5185	0.6322	1.2e-04	0.4814
7946	-116.6097	-116.6097	-91.0337	0.7807	72.6712	0.6249	1.2e-04	0.4818
7947	-116.6062	-116.6062	-89.1815	0.7648	74.8882	0.6442	1.2e-04	0.4819
7948	-116.5982	-116.5982	-88.5232	0.7592	75.6685	0.6507	1.2e-04	0.4819
7949	-116.6015	-116.6015	-87.3478	0.7491	76.9635	0.6620	1.2e-04	0.4819
7950	-116.6017	-116.6017	-88.2749	0.7571	75.9338	0.6531	1.2e-04	0.4814
7951	-116.6015	-116.6015	-88.4500	0.7586	75.7805	0.6516	1.2e-04	0.4815
7952	-116.6079	-116.6079	-88.5567	0.7594	75.6062	0.6502	1.2e-04	0.4817
7953	-116.6193	-116.6193	-87.8961	0.7537	76.2826	0.6561	1.2e-04	0.4817
7954	-116.6159	-116.6159	-86.6522	0.7431	77.7701	0.6689	1.2e-04	0.4818
7955	-116.6033	-116.6033	-87.4524	0.7500	76.9109	0.6614	1.2e-04	0.4814
7956	-116.6124	-116.6124	-88.5356	0.7592	75.6644	0.6508	1.2e-04	0.4813
7957	-116.5849	-116.5849	-91.2001	0.7823	72.4192	0.6229	1.2e-04	0.4815
7958	-116.5885	-116.5885	-88.8563	0.7621	75.2716	0.6474	1.2e-04	0.4807
7959	-116.6071	-116.6071	-89.6151	0.7685	74.3818	0.6398	1.2e-04	0.4813
7960	-116.5792	-116.5792	-89.3333	0.7663	74.6916	0.6425	1.2e-04	0.4816
7961	-116.6199	-116.6199	-88.5520	0.7593	75.6507	0.6507	1.2e-04	0.4817
7962	-116.6189	-116.6189	-89.6165	0.7685	74.3916	0.6398	1.2e-04	0.4809
7963	-116.6208	-116.6208	-89.8093	0.7701	74.1580	0.6378	1.2e-04	0.4813
7964	-116.5943	-116.5943	-88.2733	0.7571	75.9640	0.6532	1.2e-04	0.4815
7965	-116.5919	-116.5919	-89.3638	0.7665	74.6679	0.6422	1.2e-04	0.4811
7966	-116.5969	-116.5969	-88.5269	0.7593	75.6663	0.6508	1.2e-04	0.4810
7967	-116.5952	-116.5952	-88.3067	0.7574	75.9077	0.6529	1.2e-04	0.4817
7968	-116.6101	-116.6101	-88.6950	0.7606	75.4789	0.6491	1.2e-04	0.4806
7969	-116.5907	-116.5907	-89.2108	0.7652	74.8083	0.6434	1.2e-04	0.4812
7970	-116.6035	-116.6035	-87.9134	0.7540	76.3755	0.6568	1.2e-04	0.4813
7971	-116.5851	-116.5851	-89.0273	0.7636	74.9667	0.6449	1.2e-04	0.4816
7972	-116.6031	-116.6031	-89.7732	0.7699	74.1975	0.6381	1.2e-04	0.4808
7973	-116.6053	-116.6053	-90.7642	0.7784	72.9059	0.6270	1.2e-04	0.4811
7974	-116.6094	-116.6094	-89.1658	0.7647	74.7819	0.6432	1.2e-04	0.4807
7975	-116.6106	-116.6106	-88.3922	0.7580	75.8419	0.6521	1.2e-04	0.4811
7976	-116.5904	-116.5904	-89.6176	0.7687	74.3761	0.6397	1.2e-04	0.4809
7977	-116.5935	-116.5935	-89.2451	0.7654	74.8189	0.6434	1.2e-04	0.4810
7978	-116.6085	-116.6085	-88.9112	0.7625	75.2427	0.6470	1.2e-04	0.4810
7979	-116.6127	-116.6127	-88.0022	0.7547	76.2829	0.6561	1.2e-04	0.4813
7980	-116.6187	-116.6187	-87.1001	0.7469	77.2943	0.6647	1.2e-04	0.4807
7981	-116.6003	-116.6003	-87.5646	0.7510	76.7852	0.6603	1.2e-04	0.4812
7982	-116.6000	-116.6000	-89.2198	0.7652	74.8511	0.6437	1.2e-04	0.4811
7983	-116.5913	-116.5913	-88.9420	0.7629	75.1888	0.6466	1.2e-04	0.4814
7984	-116.5953	-116.5953	-91.0063	0.7805	72.6249	0.6246	1.2e-04	0.4808
7985	-116.5947	-116.5947	-88.7018	0.7608	75.4458	0.6489	1.2e-04	0.4813
7986	-116.5864	-116.5864	-89.6275	0.7688	74.3618	0.6395	1.2e-04	0.4807
7987	-116.6000	-116.6000	-89.7411	0.7696	74.2014	0.6381	1.2e-04	0.4811
7988	-116.6057	-116.6057	-88.1217	0.7557	76.0647	0.6540	1.2e-04	0.4807
7989	-116.6145	-116.6145	-90.2699	0.7741	73.6086	0.6330	1.2e-04	0.4813
7990	-116.6011	-116.6011	-88.6376	0.7602	75.5382	0.6496	1.2e-04	0.4806
7991	-116.6166	-116.6166	-88.4103	0.7581	75.8194	0.6521	1.2e-04	0.4815
7992	-116.5966	-116.5966	-89.8138	0.7703	74.1297	0.6375	1.2e-04	0.4808
7993	-116.6052	-116.6052	-88.2414	0.7568	76.0107	0.6537	1.2e-04	0.4810
7994	-116.5948	-116.5948	-90.7853	0.7786	72.9705	0.6275	1.2e-04	0.4810
7995	-116.6165	-116.6165	-89.4281	0.7669	74.6330	0.6418	1.2e-04	0.4810
7996	-116.5981	-116.5981	-88.4108	0.7583	75.8013	0.6519	1.2e-04	0.4808
7997	-116.6205	-116.6205	-86.2050	0.7392	78.3055	0.6734	1.2e-04	0.4811
7998	-116.5960	-116.5960	-87.7607	0.7527	76.5166	0.6581	1.2e-04	0.4805
7999	-116.5984	-116.5984	-88.5805	0.7597	75.6099	0.6502	1.2e-04	0.4812
8000	-116.6144	-116.6144	-87.6678	0.7518	76.6787	0.6594	1.2e-04	0.4844
8001	-116.6075	-116.6075	-89.2050	0.7650	74.8526	0.6438	1.2e-04	0.4811
8002	-116.5912	-116.5912	-88.9932	0.7633	75.0649	0.6457	1.2e-04	0.4813
8003	-116.5880	-116.5880	-86.7620	0.7442	77.6450	0.6677	1.2e-04	0.4816
8004	-116.6103	-116.6103	-89.6586	0.7689	74.2814	0.6389	1.2e-04	0.4810
8005	-116.5897	-116.5897	-90.3737	0.7751	73.4519	0.6318	1.2e-04	0.4810
8006	-116.6052	-116.6052	-89.0135	0.7634	75.0847	0.6458	1.2e-04	0.4812
8007	-116.6175	-116.6175	-88.5633	0.7594	75.6538	0.6506	1.2e-04	0.4821
8008	-116.5981	-116.5981	-88.7491	0.7612	75.2840	0.6476	1.2e-04	0.4809
8009	-116.5988	-116.5988	-89.7385	0.7696	74.2321	0.6384	1.2e-04	0.4812
8010	-116.5937	-116.5937	-90.0421	0.7723	73.8450	0.6352	1.2e-04	0.4809
8011	-116.5859	-116.5859	-89.7676	0.7700	74.1651	0.6378	1.2e-04	0.4820
8012	-116.5936	-116.5936	-89.3997	0.7668	74.6159	0.6418	1.2e-04	0.4804
8013	-116.6055	-116.6055	-89.3361	0.7661	74.6609	0.6420	1.2e-04	0.4812
8014	-116.6153	-116.6153	-89.6708	0.7689	74.3088	0.6392	1.2e-04	0.4809
8015	-116.5887	-116.5887	-88.9357	0.7628	75.1443	0.6463	1.2e-04	0.4812
8016	-116.5784	-116.5784	-88.9086	0.7627	75.2048	0.6468	1.2e-04	0.4804
8017	-116.5814	-116.5814	-87.4187	0.7499	76.9180	0.6616	1.2e-04	0.4815
8018	-116.5956	-116.5956	-88.8174	0.7618	75.3253	0.6478	1.2e-04	0.4812
8019	-116.6128	-116.6128	-88.9352	0.7627	75.2131	0.6468	1.2e-04	0.4811
8020	-116.6054	-116.6054	-88.6027	0.7599	75.5691	0.6498	1.2e-04	0.4805
8021	-116.6090	-116.6090	-88.3658	0.7578	75.8539	0.6523	1.2e-04	0.4811
8022	-116.5950	-116.5950	-87.4885	0.7504	76.8576	0.6610	1.2e-04	0.4806
8023	-116.6071	-116.6071	-88.6856	0.7606	75.4955	0.6493	1.2e-04	0.4809
8024	-116.6079	-116.6079	-87.0205	0.7463	77.4049	0.6656	1.2e-04	0.4804
8025	-116.6152	-116.6152	-87.3115	0.7487	77.0855	0.6628	1.2e-04	0.4814
8026	-116.5765	-116.5765	-89.3264	0.7662	74.7054	0.6425	1.2e-04	0.4805
8027	-116.6285	-116.6285	-85.3714	0.7320	79.1907	0.6810	1.2e-04	0.4814
8028	-116.6168	-116.6168	-87.8334	0.7532	76.4135	0.6572	1.2e-04	0.4803
8029	-116.5840	-116.5840	-88.9801	0.7632	75.0939	0.6460	1.2e-04	0.4811
8030	-116.6038	-116.6038	-86.0487	0.7380	78.4571	0.6748	1.2e-04	0.4806
8031	-116.6194	-116.6194	-86.8663	0.7449	77.5902	0.6672	1.2e-04	0.4812
8032	-116.5764	-116.5764	-88.7983	0.7617	75.3110	0.6476	1.2e-04	0.4805
8033	-116.5779	-116.5779	-86.0715	0.7383	78.4033	0.6743	1.2e-04	0.4810
8034	-116.6065	-116.6065	-86.4896	0.7417	77.9760	0.6706	1.2e-04	0.4804
8035	-116.5929	-116.5929	-87.5349	0.7508	76.7719	0.6604	1.2e-04	0.4814
8036	-116.5876	-116.5876	-88.0494	0.7552	76.1741	0.6551	1.2e-04	0.4806
8037	-116.6001	-116.6001	-86.7814	0.7443	77.6529	0.6679	1.2e-04	0.4816
8038	-116.5942	-116.5942	-86.6524	0.7432	77.7880	0.6691	1.2e-04	0.4807
8039	-116.5947	-116.5947	-87.2348	0.7482	77.1368	0.6635	1.2e-04	0.4808
8040	-116.5803	-116.5803	-89.1515	0.7647	74.9027	0.6442	1.2e-04	0.4803
8041	-116.5948	-116.5948	-87.6450	0.7517	76.5976	0.6587	1.2e-04	0.4811
8042	-116.6031	-116.6031	-86.1440	0.7388	78.3837	0.6739	1.2e-04	0.4810
8043	-116.6354	-116.6354	-85.9305	0.7367	78.6033	0.6758	1.1e-04	0.4817
8044	-116.5883	-116.5883	-89.2110	0.7652	74.8522	0.6438	1.1e-04	0.4811
8045	-116.6138	-116.6138	-86.6153	0.7428	77.8540	0.6696	1.1e-04	0.4816
8046	-116.6227	-116.6227	-86.9349	0.7454	77.5107	0.6666	1.1e-04	0.4807
8047	-116.5963	-116.5963	-86.8175	0.7446	77.5683	0.6670	1.1e-04	0.4810
8048	-116.6066	-116.6066	-87.0242	0.7463	77.3772	0.6656	1.1e-04	0.4805
8049	-116.6228	-116.6228	-86.7745	0.7441	77.6731	0.6680	1.1e-04	0.4809
8050	-116.6088	-116.6088	-86.6164	0.7428	77.8460	0.6695	1.1e-04	0.4816
8051	-116.6166	-116.6166	-85.5759	0.7338	78.9995	0.6793	1.1e-04	0.4814
8052	-116.6008	-116.6008	-86.7056	0.7436	77.6880	0.6681	1.1e-04	0.4811
8053	-116.6142	-116.6142	-86.3951	0.7409	78.1003	0.6717	1.1e-04	0.4818
8054	-116.5838	-116.5838	-87.5102	0.7506	76.8189	0.6607	1.1e-04	0.4814
8055	-116.5900	-116.5900	-86.5409	0.7423	77.8715	0.6696	1.1e-04	0.4812
8056	-116.5944	-116.5944	-86.0281	0.7378	78.4091	0.6745	1.1e-04	0.4806
8057	-116.5930	-116.5930	-88.1863	0.7564	76.0006	0.6537	1.1e-04	0.4825
8058	-116.5762	-116.5762	-87.6780	0.7521	76.5837	0.6587	1.1e-04	0.4810
8059	-116.5888	-116.5888	-86.6408	0.7431	77.7993	0.6691	1.1e-04	0.4812
8060	-116.6062	-116.6062	-87.0625	0.7466	77.3392	0.6650	1.1e-04	0.4819
8061	-116.6050	-116.6050	-86.4613	0.7415	77.9999	0.6708	1.1e-04	0.4815
8062	-116.6140	-116.6140	-87.7807	0.7527	76.5348	0.6583	1.1e-04	0.4815
8063	-116.6062	-116.6062	-84.6350	0.7258	79.9309	0.6874	1.1e-04	0.4817
8064	-116.5909	-116.5909	-84.8021	0.7273	79.7555	0.6858	1.1e-04	0.4816
8065	-116.5943	-116.5943	-85.3014	0.7316	79.2285	0.6814	1.1e-04	0.4815
8066	-116.6113	-116.6113	-84.6290	0.7257	80.0050	0.6880	1.1e-04	0.4814
8067	-116.5844	-116.5844	-85.8500	0.7364	78.5777	0.6758	1.1e-04	0.4818
8068	-116.5787	-116.5787	-87.0741	0.7469	77.2990	0.6649	1.1e-04	0.4810
8069	-116.5717	-116.5717	-87.0179	0.7465	77.3588	0.6653	1.1e-04	0.4821
8070	-116.5751	-116.5751	-87.8784	0.7538	76.3548	0.6568	1.1e-04	0.4806
8071	-116.6017	-116.6017	-88.3674	0.7579	75.8374	0.6524	1.1e-04	0.4812
8072	-116.6090	-116.6090	-85.7766	0.7356	78.5690	0.6758	1.1e-04	0.4813
8073	-116.6047	-116.6047	-86.7676	0.7441	77.6503	0.6677	1.1e-04	0.4827
8074	-116.5820	-116.5820	-87.6897	0.7522	76.6057	0.6589	1.1e-04	0.4821
8075	-116.5989	-116.5989	-87.6467	0.7517	76.6764	0.6595	1.1e-04	0.4814
8076	-116.6118	-116.6118	-86.3013	0.7401	78.1899	0.6725	1.1e-04	0.4813
8077	-116.6205	-116.6205	-85.8221	0.7359	78.7305	0.6771	1.1e-04	0.4818
8078	-116.6055	-116.6055	-88.1540	0.7560	76.0990	0.6545	1.1e-04	0.4807
8079	-116.6238	-116.6238	-85.5945	0.7339	78.9775	0.6792	1.1e-04	0.4811
8080	-116.6059	-116.6059	-87.0345	0.7464	77.3626	0.6653	1.1e-04	0.4819
8081	-116.5994	-116.5994	-86.9341	0.7456	77.4481	0.6660	1.1e-04	0.4817
8082	-116.5954	-116.5954	-88.1589	0.7561	76.0310	0.6539	1.1e-04	0.4817
8083	-116.5812	-116.5812	-87.6528	0.7519	76.6595	0.6592	1.1e-04	0.4824
8084	-116.5944	-116.5944	-88.0854	0.7555	76.1665	0.6550	1.1e-04	0.4818
8085	-116.6101	-116.6101	-86.1025	0.7384	78.4162	0.6743	1.1e-04	0.4831
8086	-116.5944	-116.5944	-88.1856	0.7563	76.0629	0.6541	1.1e-04	0.4828
8087	-116.6137	-116.6137	-86.2712	0.7398	78.2122	0.6727	1.1e-04	0.4828
8088	-116.6249	-116.6249	-86.8359	0.7446	77.6367	0.6675	1.1e-04	0.4825
8089	-116.5972	-116.5972	-88.3211	0.7575	75.8962	0.6528	1.1e-04	0.4828
8090	-116.5833	-116.5833	-87.3289	0.7491	77.0043	0.6623	1.1e-04	0.4822
8091	-116.5901	-116.5901	-87.5829	0.7512	76.7443	0.6601	1.1e-04	0.4827
8092	-116.5815	-116.5815	-87.4640	0.7502	76.7902	0.6605	1.1e-04	0.4825
8093	-116.5889	-116.5889	-86.6108	0.7429	77.8526	0.6694	1.1e-04	0.4829
8094	-116.5973	-116.5973	-86.9167	0.7454	77.4492	0.6660	1.1e-04	0.4820
8095	-116.6099	-116.6099	-85.5810	0.7339	78.9846	0.6792	1.1e-04	0.4836
8096	-116.5835	-116.5835	-86.3140	0.7404	78.1239	0.6719	1.1e-04	0.4820
8097	-116.6225	-116.6225	-84.9748	0.7286	79.6459	0.6849	1.1e-04	0.4832
8098	-116.6121	-116.6121	-87.6587	0.7517	76.6722	0.6595	1.1e-04	0.4828
8099	-116.6137	-116.6137	-86.3882	0.7408	78.0758	0.6715	1.1e-04	0.4830
8100	-116.5900	-116.5900	-87.0134	0.7463	77.4086	0.6656	1.1e-04	0.4832
8101	-116.5935	-116.5935	-85.1500	0.7303	79.4134	0.6828	1.1e-04	0.4834
8102	-116.6169	-116.6169	-86.8448	0.7447	77.5934	0.6673	1.1e-04	0.4824
8103	-116.5844	-116.5844	-87.3255	0.7490	77.0035	0.6622	1.1e-04	0.4831
8104	-116.5865	-116.5865	-87.2404	0.7483	77.1216	0.6633	1.1e-04	0.4836
8105	-116.5981	-116.5981	-86.5570	0.7424	77.8875	0.6699	1.1e-04	0.4839
8106	-116.6030	-116.6030	-87.4088	0.7496	76.8784	0.6611	1.1e-04	0.4828
8107	-116.6034	-116.6034	-86.7391	0.7439	77.7062	0.6683	1.1e-04	0.4834
8108	-116.5921	-116.5921	-87.3123	0.7489	77.0572	0.6627	1.1e-04	0.4826
8109	-116.6030	-116.6030	-87.1338	0.7473	77.2711	0.6644	1.1e-04	0.4833
8110	-116.6073	-116.6073	-86.8203	0.7446	77.6344	0.6676	1.1e-04	0.4838
8111	-116.6060	-116.6060	-85.4598	0.7329	79.1130	0.6803	1.1e-04	0.4837
8112	-116.6089	-116.6089	-87.1577	0.7474	77.2591	0.6643	1.1e-04	0.4822
8113	-116.5808	-116.5808	-88.6278	0.7602	75.5299	0.6497	1.1e-04	0.4826
8114	-116.5921	-116.5921	-87.4856	0.7504	76.8676	0.6610	1.1e-04	0.4826
8115	-116.5997	-116.5997	-86.8063	0.7445	77.6344	0.6676	1.1e-04	0.4834
8116	-116.6154	-116.6154	-86.2631	0.7397	78.2374	0.6729	1.1e-04	0.4822
8117	-116.5991	-116.5991	-86.3447	0.7405	78.1266	0.6719	1.1e-04	0.4824
8118	-116.6226	-116.6226	-84.5361	0.7249	80.1218	0.6889	1.1e-04	0.4826
8119	-116.5942	-116.5942	-84.7941	0.7273	79.7720	0.6861	1.1e-04	0.4822
8120	-116.5991	-116.5991	-85.8936	0.7367	78.6159	0.6761	1.1e-04	0.4819
8121	-116.6015	-116.6015	-85.2165	0.7308	79.3635	0.6825	1.1e-04	0.4821
8122	-116.5895	-116.5895	-87.5132	0.7506	76.8174	0.6607	1.1e-04	0.4817
8123	-116.5832	-116.5832	-87.2791	0.7486	77.0967	0.6630	1.1e-04	0.4824
8124	-116.6000	-116.6000	-87.1379	0.7473	77.2309	0.6642	1.1e-04	0.4816
8125	-116.6012	-116.6012	-85.3809	0.7322	79.1749	0.6810	1.1e-04	0.4821
8126	-116.5890	-116.5890	-86.7690	0.7442	77.5980	0.6675	1.1e-04	0.4810
8127	-116.5783	-116.5783	-86.2928	0.7402	78.1697	0.6724	1.1e-04	0.4817
8128	-116.5860	-116.5860	-88.0507	0.7552	76.2155	0.6554	1.1e-04	0.4812
8129	-116.5874	-116.5874	-86.6400	0.7431	77.8035	0.6691	1.1e-04	0.4811
8130	-116.5743	-116.5743	-87.6427	0.7518	76.6201	0.6591	1.1e-04	0.4812
8131	-116.5783	-116.5783	-85.5356	0.7337	78.9959	0.6794	1.1e-04	0.4816
8132	-116.6241	-116.6241	-85.9597	0.7371	78.5538	0.6758	1.1e-04	0.4805
8133	-116.5934	-116.5934	-85.9421	0.7371	78.5423	0.6754	1.1e-04	0.4813
8134	-116.5843	-116.5843	-88.3915	0.7582	75.7859	0.6520	1.1e-04	0.4814
8135	-116.5785	-116.5785	-87.8775	0.7538	76.4047	0.6571	1.1e-04	0.4819
8136	-116.6033	-116.6033	-85.6824	0.7348	78.8685	0.6783	1.1e-04	0.4808
8137	-116.6181	-116.6181	-84.1753	0.7218	80.4814	0.6921	1.1e-04	0.4814
8138	-116.6043	-116.6043	-85.1223	0.7300	79.4583	0.6833	1.1e-04	0.4810
8139	-116.6206	-116.6206	-84.2094	0.7221	80.3736	0.6912	1.1e-04	0.4818
8140	-116.5763	-116.5763	-85.8823	0.7367	78.5815	0.6758	1.1e-04	0.4811
8141	-116.6230	-116.6230	-85.2813	0.7313	79.3303	0.6820	1.1e-04	0.4814
8142	-116.5983	-116.5983	-86.1193	0.7386	78.3670	0.6740	1.1e-04	0.4814
8143	-116.6049	-116.6049	-85.0702	0.7296	79.5109	0.6839	1.1e-04	0.4813
8144	-116.5911	-116.5911	-85.7094	0.7351	78.8106	0.6779	1.1e-04	0.4808
8145	-116.5909	-116.5909	-87.0988	0.7470	77.2998	0.6648	1.1e-04	0.4815
8146	-116.5874	-116.5874	-86.1074	0.7386	78.3800	0.6741	1.1e-04	0.4814
8147	-116.5910	-116.5910	-84.7530	0.7269	79.8208	0.6865	1.1e-04	0.4821
8148	-116.6044	-116.6044	-84.7213	0.7266	79.8821	0.6871	1.1e-04	0.4814
8149	-116.6140	-116.6140	-85.0769	0.7296	79.5217	0.6839	1.1e-04	0.4811
8150	-116.6178	-116.6178	-86.1737	0.7389	78.2877	0.6733	1.1e-04	0.4811
8151	-116.5925	-116.5925	-86.6129	0.7429	77.8445	0.6694	1.1e-04	0.4817
8152	-116.5949	-116.5949	-86.0383	0.7379	78.4774	0.6749	1.1e-04	0.4820
8153	-116.6034	-116.6034	-83.6500	0.7174	80.9836	0.6966	1.1e-04	0.4814
8154	-116.6024	-116.6024	-84.4362	0.7241	80.1164	0.6890	1.1e-04	0.4814
8155	-116.5953	-116.5953	-86.5331	0.7422	77.9120	0.6702	1.1e-04	0.4817
8156	-116.5846	-116.5846	-85.9806	0.7375	78.4888	0.6751	1.1e-04	0.4809
8157	-116.5944	-116.5944	-85.0178	0.7292	79.4310	0.6831	1.1e-04	0.4815
8158	-116.5824	-116.5824	-85.5381	0.7337	78.9977	0.6795	1.1e-04	0.4816
8159	-116.5976	-116.5976	-85.6097	0.7342	78.9300	0.6789	1.1e-04	0.4817
8160	-116.6033	-116.6033	-86.0873	0.7383	78.4121	0.6745	1.1e-04	0.4809
8161	-116.5986	-116.5986	-85.5994	0.7341	78.9317	0.6787	1.1e-04	0.4814
8162	-116.5800	-116.5800	-85.5517	0.7338	78.9930	0.6793	1.1e-04	0.4813
8163	-116.6125	-116.6125	-84.1036	0.7212	80.4321	0.6917	1.1e-04	0.4816
8164	-116.5912	-116.5912	-85.7770	0.7357	78.7554	0.6772	1.1e-04	0.4811
8165	-116.5912	-116.5912	-85.3620	0.7321	79.0651	0.6800	1.1e-04	0.4815
8166	-116.6142	-116.6142	-82.5965	0.7083	82.0741	0.7058	1.1e-04	0.4813
8167	-116.6266	-116.6266	-85.3867	0.7321	79.2297	0.6812	1.1e-04	0.4814
8168	-116.6028	-116.6028	-84.8330	0.7275	79.7708	0.6860	1.1e-04	0.4808
8169	-116.5864	-116.5864	-85.3546	0.7321	79.1593	0.6808	1.1e-04	0.4814
8170	-116.5865	-116.5865	-85.3221	0.7318	79.2431	0.6815	1.1e-04	0.4813
8171	-116.6084	-116.6084	-83.4712	0.7158	81.1145	0.6976	1.1e-04	0.4814
8172	-116.6203	-116.6203	-83.0582	0.7122	81.6314	0.7019	1.1e-04	0.4813
8173	-116.5869	-116.5869	-83.4034	0.7154	81.2131	0.6987	1.1e-04	0.4811
8174	-116.5759	-116.5759	-85.5688	0.7340	78.9348	0.6790	1.1e-04	0.4810
8175	-116.6034	-116.6034	-84.5696	0.7253	80.0535	0.6884	1.1e-04	0.4809
8176	-116.6007	-116.6007	-83.0670	0.7124	81.4312	0.7003	1.1e-04	0.4808
8177	-116.6071	-116.6071	-84.0460	0.7208	80.5561	0.6927	1.1e-04	0.4816
8178	-116.6066	-116.6066	-83.1926	0.7134	81.4865	0.7007	1.1e-04	0.4819
8179	-116.6064	-116.6064	-83.0516	0.7122	81.5645	0.7014	1.1e-04	0.4814
8180	-116.6150	-116.6150	-84.3056	0.7229	80.3214	0.6909	1.1e-04	0.4808
8181	-116.5920	-116.5920	-82.0763	0.7040	82.5819	0.7102	1.1e-04	0.4811
8182	-116.5789	-116.5789	-85.3918	0.7325	79.1176	0.6805	1.1e-04	0.4811
8183	-116.6030	-116.6030	-84.9338	0.7284	79.6453	0.6850	1.1e-04	0.4811
8184	-116.6256	-116.6256	-83.0231	0.7119	81.6524	0.7023	1.1e-04	0.4813
8185	-116.5911	-116.5911	-83.5888	0.7169	81.0405	0.6971	1.1e-04	0.4810
8186	-116.6003	-116.6003	-82.1067	0.7042	82.5464	0.7099	1.1e-04	0.4812
8187	-116.5940	-116.5940	-82.8679	0.7107	81.8016	0.7035	1.1e-04	0.4812
8188	-116.6015	-116.6015	-82.8253	0.7103	81.8310	0.7039	1.1e-04	0.4814
8189	-116.6092	-116.6092	-82.6141	0.7085	82.0437	0.7057	1.1e-04	0.4810
8190	-116.6021	-116.6021	-81.8415	0.7019	82.6474	0.7110	1.1e-04	0.4812
8191	-116.5825	-116.5831	-81.5177	0.6992	83.0866	0.7149	1.1e-04	0.4811
8192	-116.6308	-116.6331	-81.4663	0.6985	83.1603	0.7155	1.1e-04	0.4811
8193	-116.5955	-116.5955	-82.9337	0.7113	81.6849	0.7028	1.1e-04	0.4811
8194	-116.5937	-116.5937	-83.6899	0.7178	80.8983	0.6962	1.1e-04	0.4813
8195	-116.6163	-116.6163	-83.6863	0.7176	80.9507	0.6964	1.1e-04	0.4815
8196	-116.6390	-116.6390	-85.6886	0.7346	78.8482	0.6784	1.1e-04	0.4815
8197	-116.5914	-116.5914	-87.4126	0.7497	76.8408	0.6611	1.1e-04	0.4814
8198	-116.6080	-116.6080	-86.8625	0.7449	77.5485	0.6671	1.1e-04	0.4813
8199	-116.5898	-116.5898	-87.5815	0.7512	76.5587	0.6589	1.1e-04	0.4815
8200	-116.5895	-116.5895	-91.0435	0.7809	72.5540	0.6243	1.1e-04	0.4811
8201	-116.5730	-116.5730	-90.2865	0.7745	73.5040	0.6326	1.1e-04	0.4811
8202	-116.6003	-116.6003	-89.7967	0.7701	74.1340	0.6379	1.1e-04	0.4817
8203	-116.5905	-116.5905	-89.4136	0.7669	74.5632	0.6417	1.1e-04	0.4813
8204	-116.5887	-116.5887	-90.9932	0.7805	72.6434	0.6251	1.1e-04	0.4820
8205	-116.6373	-116.6373	-88.2436	0.7566	75.9804	0.6539	1.1e-04	0.4826
8206	-116.5755	-116.5755	-92.0586	0.7897	71.2925	0.6134	1.1e-04	0.4809
8207	-116.5802	-116.5802	-91.0378	0.7809	72.5882	0.6246	1.1e-04	0.4812
8208	-116.6016	-116.6016	-89.6059	0.7685	74.3663	0.6399	1.1e-04	0.4822
8209	-116.6022	-116.6022	-90.0495	0.7723	73.8159	0.6352	1.1e-04	0.4816
8210	-116.5857	-116.5857	-90.3163	0.7747	73.4691	0.6323	1.1e-04	0.4814
8211	-116.6053	-116.6053	-91.2284	0.7824	72.3680	0.6228	1.1e-04	0.4810
8212	-116.5941	-116.5941	-92.3515	0.7921	70.9335	0.6104	1.1e-04	0.4817
8213	-116.6002	-116.6002	-92.2912	0.7915	70.9579	0.6108	1.1e-04	0.4813
8214	-116.5963	-116.5963	-93.3405	0.8005	69.6093	0.5990	1.1e-04	0.4822
8215	-116.5998	-116.5998	-93.4952	0.8018	69.4019	0.5972	1.1e-04	0.4820
8216	-116.5992	-116.5992	-92.4311	0.7927	70.8267	0.6095	1.1e-04	0.4821
8217	-116.5983	-116.5983	-91.9938	0.7890	71.3288	0.6137	1.1e-04	0.4820
8218	-116.5985	-116.5985	-92.6206	0.7944	70.5558	0.6071	1.1e-04	0.4818
8219	-116.5892	-116.5892	-93.4122	0.8012	69.5454	0.5984	1.1e-04	0.4819
8220	-116.6026	-116.6026	-91.6650	0.7861	71.7687	0.6173	1.1e-04	0.4820
8221	-116.5817	-116.5817	-92.9080	0.7969	70.1925	0.6040	1.1e-04	0.4822
8222	-116.5792	-116.5792	-92.9667	0.7975	70.0922	0.6032	1.1e-04	0.4818
8223	-116.5759	-116.5759	-94.6798	0.8122	67.8017	0.5834	1.1e-04	0.4821
8224	-116.6211	-116.6211	-94.4271	0.8097	68.1952	0.5867	1.1e-04	0.4816
8225	-116.5929	-116.5929	-94.1957	0.8079	68.4634	0.5892	1.1e-04	0.4815
8226	-116.6080	-116.6080	-94.5919	0.8112	67.9473	0.5846	1.1e-04	0.4815
8227	-116.5857	-116.5857	-94.9064	0.8140	67.4808	0.5807	1.1e-04	0.4811
8228	-116.5941	-116.5941	-92.8255	0.7961	70.2883	0.6048	1.1e-04	0.4814
8229	-116.5958	-116.5958	-92.6110	0.7943	70.6137	0.6075	1.1e-04	0.4813
8230	-116.5763	-116.5763	-94.0698	0.8069	68.5868	0.5901	1.1e-04	0.4811
8231	-116.5881	-116.5881	-94.7663	0.8128	67.6992	0.5825	1.1e-04	0.4816
8232	-116.5922	-116.5922	-92.1385	0.7903	71.2097	0.6127	1.1e-04	0.4824
8233	-116.5756	-116.5756	-93.0282	0.7980	70.0396	0.6026	1.1e-04	0.4815
8234	-116.6227	-116.6227	-92.7535	0.7953	70.4500	0.6062	1.1e-04	0.4815
8235	-116.5907	-116.5907	-94.5793	0.8112	67.9285	0.5846	1.1e-04	0.4822
8236	-116.5706	-116.5706	-95.0560	0.8154	67.2679	0.5788	1.1e-04	0.4814
8237	-116.6164	-116.6164	-93.8566	0.8048	68.9829	0.5935	1.1e-04	0.4815
8238	-116.6077	-116.6077	-93.8078	0.8045	69.0198	0.5940	1.1e-04	0.4824
8239	-116.6061	-116.6061	-93.9643	0.8058	68.7989	0.5919	1.1e-04	0.4822
8240	-116.6078	-116.6078	-94.2061	0.8079	68.4755	0.5892	1.1e-04	0.4827
8241	-116.6133	-116.6133	-94.2232	0.8080	68.4405	0.5888	1.1e-04	0.4817
8242	-116.6044	-116.6044	-94.5476	0.8108	68.0251	0.5852	1.1e-04	0.4823
8243	-116.6125	-116.6125	-94.0760	0.8067	68.6798	0.5909	1.1e-04	0.4819
8244	-116.5726	-116.5726	-93.9437	0.8059	68.7972	0.5920	1.1e-04	0.4833
8245	-116.5733	-116.5733	-93.8930	0.8054	68.8445	0.5924	1.1e-04	0.4838
8246	-116.5831	-116.5831	-94.5717	0.8112	67.8401	0.5836	1.1e-04	0.4827
8247	-116.6115	-116.6115	-92.1468	0.7902	71.2326	0.6128	1.1e-04	0.4819
8248	-116.5915	-116.5915	-93.6122	0.8029	69.2221	0.5957	1.1e-04	0.4827
8249	-116.6034	-116.6034	-94.9665	0.8144	67.4043	0.5800	1.1e-04	0.4825
8250	-116.5879	-116.5879	-95.0844	0.8156	67.2292	0.5786	1.1e-04	0.4826
8251	-116.6132	-116.6132	-94.4032	0.8095	68.2457	0.5870	1.1e-04	0.4820
8252	-116.6069	-116.6069	-93.2819	0.8000	69.7467	0.6000	1.1e-04	0.4829
8253	-116.5978	-116.5978	-92.9077	0.7968	70.2246	0.6041	1.1e-04	0.4817
8254	-116.5944	-116.5944	-93.1739	0.7991	69.8681	0.6011	1.1e-04	0.4817
8255	-116.5769	-116.5769	-95.0611	0.8154	67.2516	0.5787	1.1e-04	0.4817
8256	-116.5868	-116.5868	-94.1287	0.8074	68.5297	0.5897	1.1e-04	0.4830
8257	-116.5833	-116.5833	-94.4911	0.8105	68.0622	0.5856	1.1e-04	0.4827
8258	-116.6023	-116.6023	-95.6866	0.8206	66.4132	0.5715	1.1e-04	0.4823
8259	-116.5858	-116.5858	-94.8230	0.8133	67.6046	0.5817	1.1e-04	0.4820
8260	-116.6216	-116.6216	-93.2206	0.7993	69.7564	0.6002	1.1e-04	0.4822
8261	-116.6216	-116.6216	-95.0832	0.8153	67.2659	0.5788	1.1e-04	0.4823
8262	-116.6144	-116.6144	-95.4061	0.8181	66.7855	0.5747	1.1e-04	0.4824
8263	-116.6018	-116.6018	-93.6723	0.8034	69.1740	0.5952	1.1e-04	0.4832
8264	-116.6001	-116.6001	-94.6241	0.8115	67.9021	0.5843	1.1e-04	0.4823
8265	-116.6237	-116.6237	-93.5454	0.8021	69.4007	0.5972	1.1e-04	0.4822
8266	-116.6285	-116.6285	-93.1305	0.7985	69.9636	0.6019	1.1e-04	0.4829
8267	-116.6075	-116.6075	-93.0142	0.7977	70.0857	0.6030	1.1e-04	0.4828
8268	-116.6026	-116.6026	-94.5529	0.8109	68.0130	0.5852	1.1e-04	0.4827
8269	-116.5641	-116.5641	-95.5300	0.8195	66.5912	0.5729	1.1e-04	0.4831
8270	-116.5838	-116.5838	-96.2470	0.8256	65.5740	0.5643	1.1e-04	0.4831
8271	-116.6189	-116.6189	-95.0183	0.8148	67.3436	0.5795	1.1e-04	0.4821
8272	-116.5968	-116.5968	-95.1926	0.8164	67.1012	0.5774	1.1e-04	0.4832
8273	-116.5806	-116.5806	-95.0867	0.8156	67.2351	0.5785	1.1e-04	0.4826
8274	-116.6146	-116.6146	-94.2209	0.8080	68.4821	0.5891	1.1e-04	0.4827
8275	-116.6011	-116.6011	-92.3598	0.7921	70.9469	0.6104	1.1e-04	0.4832
8276	-116.5792	-116.5792	-95.7853	0.8216	66.2449	0.5700	1.1e-04	0.4828
8277	-116.5781	-116.5781	-96.0969	0.8243	65.7926	0.5661	1.1e-04	0.4827
8278	-116.5938	-116.5938	-93.4654	0.8016	69.4798	0.5977	1.1e-04	0.4825
8279	-116.5974	-116.5974	-96.6026	0.8285	65.0817	0.5600	1.1e-04	0.4826
8280	-116.5953	-116.5953	-95.0652	0.8153	67.2741	0.5788	1.1e-04	0.4831
8281	-116.6015	-116.6015	-97.1272	0.8330	64.3152	0.5533	1.1e-04	0.4828
8282	-116.5978	-116.5978	-94.6499	0.8118	67.8293	0.5836	1.1e-04	0.4825
8283	-116.5835	-116.5835	-95.4962	0.8191	66.6517	0.5735	1.1e-04	0.4822
8284	-116.6090	-116.6090	-94.3204	0.8089	68.3335	0.5880	1.1e-04	0.4827
8285	-116.5987	-116.5987	-94.2961	0.8087	68.3323	0.5879	1.1e-04	0.4820
8286	-116.6126	-116.6126	-95.4502	0.8185	66.7768	0.5745	1.1e-04	0.4827
8287	-116.5897	-116.5897	-95.7656	0.8214	66.2451	0.5699	1.1e-04	0.4824
8288	-116.5883	-116.5883	-96.1971	0.8251	65.6132	0.5645	1.1e-04	0.4819
8289	-116.6211	-116.6211	-94.2438	0.8081	68.4518	0.5888	1.1e-04	0.4821
8290	-116.5922	-116.5922	-95.9083	0.8226	66.0984	0.5686	1.1e-04	0.4814
8291	-116.5870	-116.5870	-94.1476	0.8075	68.5604	0.5898	1.1e-04	0.4814
8292	-116.6179	-116.6179	-95.8365	0.8218	66.2156	0.5697	1.1e-04	0.4819
8293	-116.5954	-116.5954	-95.1245	0.8159	67.1307	0.5776	1.1e-04	0.4814
8294	-116.5949	-116.5949	-94.0198	0.8064	68.7247	0.5914	1.1e-04	0.4810
8295	-116.5934	-116.5934	-95.7503	0.8212	66.2954	0.5705	1.1e-04	0.4814
8296	-116.6062	-116.6062	-94.6916	0.8121	67.7888	0.5834	1.1e-04	0.4810
8297	-116.6218	-116.6218	-93.0045	0.7975	70.1151	0.6031	1.1e-04	0.4809
8298	-116.6037	-116.6037	-95.6364	0.8202	66.4919	0.5721	1.1e-04	0.4815
8299	-116.6020	-116.6020	-93.6583	0.8032	69.1822	0.5952	1.1e-04	0.4818
8300	-116.6055	-116.6055	-94.5347	0.8107	68.0097	0.5853	1.1e-04	0.4811
8301	-116.5825	-116.5825	-96.1642	0.8249	65.6994	0.5653	1.1e-04	0.4811
8302	-116.5830	-116.5830	-93.8038	0.8046	69.0013	0.5937	1.1e-04	0.4813
8303	-116.5937	-116.5937	-95.5761	0.8197	66.4892	0.5720	1.1e-04	0.4813
8304	-116.6116	-116.6116	-94.4285	0.8098	68.2000	0.5867	1.1e-04	0.4816
8305	-116.6064	-116.6064	-93.5167	0.8020	69.4272	0.5973	1.1e-04	0.4813
8306	-116.6050	-116.6050	-94.5135	0.8105	68.0489	0.5855	1.1e-04	0.4812
8307	-116.6146	-116.6146	-94.6922	0.8120	67.8352	0.5836	1.1e-04	0.4811
8308	-116.5997	-116.5997	-93.7897	0.8044	69.0383	0.5941	1.1e-04	0.4810
8309	-116.6077	-116.6077	-93.7539	0.8040	69.1056	0.5945	1.1e-04	0.4811
8310	-116.5976	-116.5976	-94.4961	0.8104	68.0673	0.5856	1.1e-04	0.4809
8311	-116.5958	-116.5958	-93.9636	0.8059	68.8241	0.5920	1.1e-04	0.4814
8312	-116.6130	-116.6130	-96.0974	0.8241	65.8420	0.5665	1.1e-04	0.4814
8313	-116.6141	-116.6141	-94.5102	0.8105	68.0568	0.5856	1.1e-04	0.4810
8314	-116.6040	-116.6040	-95.0949	0.8155	67.2607	0.5787	1.1e-04	0.4812
8315	-116.5867	-116.5867	-95.2969	0.8174	66.9284	0.5759	1.1e-04	0.4811
8316	-116.5807	-116.5807	-94.3968	0.8097	68.1959	0.5868	1.1e-04	0.4815
8317	-116.5916	-116.5916	-93.2879	0.8001	69.6613	0.5994	1.1e-04	0.4814
8318	-116.6070	-116.6070	-95.1377	0.8159	67.1192	0.5775	1.1e-04	0.4809
8319	-116.6271	-116.6271	-94.0851	0.8067	68.5603	0.5899	1.1e-04	0.4811
8320	-116.5948	-116.5948	-95.1723	0.8163	67.1037	0.5774	1.1e-04	0.4808
8321	-116.6002	-116.6002	-96.3972	0.8267	65.3509	0.5622	1.1e-04	0.4810
8322	-116.6314	-116.6314	-92.6853	0.7947	70.5590	0.6070	1.1e-04	0.4811
8323	-116.6090	-116.6090	-93.9104	0.8053	68.9002	0.5927	1.1e-04	0.4810
8324	-116.5732	-116.5732	-96.5836	0.8285	65.0827	0.5599	1.1e-04	0.4811
8325	-116.5928	-116.5928	-97.3517	0.8350	63.9215	0.5500	1.1e-04	0.4810
8326	-116.5990	-116.5990	-95.1281	0.8159	67.1937	0.5782	1.1e-04	0.4810
8327	-116.5838	-116.5838	-94.2742	0.8086	68.3210	0.5878	1.1e-04	0.4811
8328	-116.5914	-116.5914	-95.1844	0.8164	67.1124	0.5775	1.1e-04	0.4816
8329	-116.6044	-116.6044	-96.2197	0.8252	65.6546	0.5649	1.1e-04	0.4815
8330	-116.6015	-116.6015	-95.2464	0.8169	67.0493	0.5768	1.1e-04	0.4811
8331	-116.5793	-116.5793	-95.8071	0.8218	66.2144	0.5697	1.1e-04	0.4811
8332	-116.5999	-116.5999	-97.4844	0.8361	63.7262	0.5483	1.1e-04	0.4810
8333	-116.5897	-116.5897	-96.0149	0.8235	65.9127	0.5671	1.1e-04	0.4809
8334	-116.6013	-116.6013	-96.8739	0.8308	64.6286	0.5561	1.1e-04	0.4812
8335	-116.6011	-116.6011	-95.8080	0.8217	66.2351	0.5699	1.1e-04	0.4814
8336	-116.5786	-116.5786	-96.1733	0.8250	65.6599	0.5651	1.1e-04	0.4813
8337	-116.6173	-116.6173	-94.4431	0.8099	68.1738	0.5865	1.1e-04	0.4813
8338	-116.6024	-116.6024	-95.6141	0.8200	66.5074	0.5722	1.1e-04	0.4811
8339	-116.6064	-116.6064	-95.8993	0.8224	66.1209	0.5689	1.1e-04	0.4820
8340	-116.6116	-116.6116	-95.5558	0.8194	66.6293	0.5732	1.1e-04	0.4815
8341	-116.5889	-116.5889	-95.9756	0.8232	65.9500	0.5674	1.1e-04	0.4813
8342	-116.6062	-116.6062	-96.2326	0.8253	65.6254	0.5647	1.1e-04	0.4814
8343	-116.5873	-116.5873	-96.3264	0.8262	65.4644	0.5632	1.1e-04	0.4812
8344	-116.6093	-116.6093	-95.4915	0.8189	66.6941	0.5739	1.1e-04	0.4809
8345	-116.5999	-116.5999	-95.8293	0.8219	66.2053	0.5697	1.1e-04	0.4815
8346	-116.6010	-116.6010	-95.2264	0.8167	67.0290	0.5768	1.1e-04	0.4814
8347	-116.6042	-116.6042	-94.2392	0.8082	68.4407	0.5889	1.1e-04	0.4811
8348	-116.6116	-116.6116	-94.4126	0.8096	68.2251	0.5869	1.1e-04	0.4812
8349	-116.6108	-116.6108	-93.0655	0.7981	69.9793	0.6020	1.1e-04	0.4813
8350	-116.5953	-116.5953	-96.5207	0.8278	65.1949	0.5610	1.1e-04	0.4811
8351	-116.5914	-116.5914	-95.6363	0.8203	66.4680	0.5719	1.1e-04	0.4811
8352	-116.5927	-116.5927	-95.0007	0.8148	67.3691	0.5797	1.1e-04	0.4813
8353	-116.6184	-116.6184	-95.6723	0.8204	66.4591	0.5718	1.1e-04	0.4814
8354	-116.5854	-116.5854	-94.7575	0.8128	67.6828	0.5824	1.1e-04	0.4815
8355	-116.5970	-116.5970	-93.7484	0.8040	69.0901	0.5945	1.1e-04	0.4810
8356	-116.6012	-116.6012	-94.3810	0.8094	68.2464	0.5871	1.1e-04	0.4812
8357	-116.6039	-116.6039	-94.8901	0.8138	67.5369	0.5811	1.1e-04	0.4813
8358	-116.5933	-116.5933	-97.2466	0.8341	64.0832	0.5514	1.1e-04	0.4812
8359	-116.5966	-116.5966	-95.6182	0.8201	66.4950	0.5721	1.1e-04	0.4814
8360	-116.5805	-116.5805	-96.1214	0.8245	65.7603	0.5658	1.1e-04	0.4811
8361	-116.6073	-116.6073	-93.6954	0.8035	69.1849	0.5952	1.1e-04	0.4812
8362	-116.5981	-116.5981	-95.6258	0.8201	66.5095	0.5721	1.1e-04	0.4812
8363	-116.6151	-116.6151	-94.3496	0.8091	68.2876	0.5876	1.1e-04	0.4814
8364	-116.6146	-116.6146	-95.4001	0.8181	66.8243	0.5750	1.1e-04	0.4815
8365	-116.5859	-116.5859	-96.5617	0.8282	65.0794	0.5600	1.1e-04	0.4814
8366	-116.5941	-116.5941	-94.1305	0.8073	68.5835	0.5900	1.1e-04	0.4813
8367	-116.6031	-116.6031	-96.1757	0.8248	65.7066	0.5653	1.1e-04	0.4811
8368	-116.5902	-116.5902	-95.3474	0.8178	66.8357	0.5752	1.1e-04	0.4810
8369	-116.5964	-116.5964	-95.4746	0.8188	66.6945	0.5739	1.1e-04	0.4817
8370	-116.5993	-116.5993	-95.6362	0.8202	66.4919	0.5721	1.1e-04	0.4819
8371	-116.6095	-116.6095	-95.4348	0.8184	66.7854	0.5746	1.1e-04	0.4821
8372	-116.5880	-116.5880	-93.8929	0.8053	68.8032	0.5921	1.1e-04	0.4817
8373	-116.5839	-116.5839	-95.3034	0.8175	66.9458	0.5760	1.1e-04	0.4820
8374	-116.5915	-116.5915	-94.3575	0.8093	68.2567	0.5874	1.1e-04	0.4820
8375	-116.6080	-116.6080	-95.7604	0.8212	66.3154	0.5705	1.1e-04	0.4816
8376	-116.5906	-116.5906	-95.3108	0.8175	66.9298	0.5758	1.1e-04	0.4825
8377	-116.5968	-116.5968	-96.1168	0.8244	65.7932	0.5660	1.1e-04	0.4822
8378	-116.5955	-116.5955	-94.5919	0.8113	67.9459	0.5846	1.1e-04	0.4818
8379	-116.5981	-116.5981	-93.8700	0.8051	68.9607	0.5932	1.1e-04	0.4814
8380	-116.5883	-116.5883	-95.2516	0.8170	66.9689	0.5765	1.1e-04	0.4820
8381	-116.6130	-116.6130	-93.3990	0.8009	69.4978	0.5981	1.1e-04	0.4817
8382	-116.5986	-116.5986	-95.2827	0.8172	66.9762	0.5763	1.1e-04	0.4822
8383	-116.6033	-116.6033	-94.9611	0.8144	67.4231	0.5803	1.1e-04	0.4819
8384	-116.5863	-116.5863	-94.2714	0.8086	68.3760	0.5883	1.1e-04	0.4820
8385	-116.6074	-116.6074	-94.7228	0.8123	67.7706	0.5831	1.1e-04	0.4818
8386	-116.5719	-116.5719	-95.3272	0.8178	66.8907	0.5756	1.1e-04	0.4822
8387	-116.6229	-116.6229	-92.5908	0.7939	70.6723	0.6080	1.1e-04	0.4816
8388	-116.6070	-116.6070	-95.0545	0.8152	67.3226	0.5792	1.1e-04	0.4822
8389	-116.6035	-116.6035	-93.8477	0.8048	68.9712	0.5935	1.1e-04	0.4828
8390	-116.5969	-116.5969	-93.6621	0.8033	69.2200	0.5956	1.1e-04	0.4821
8391	-116.5892	-116.5892	-94.5941	0.8113	67.9172	0.5844	1.1e-04	0.4817
8392	-116.6126	-116.6126	-93.8796	0.8051	68.9255	0.5930	1.1e-04	0.4828
8393	-116.5990	-116.5990	-93.9918	0.8061	68.7501	0.5917	1.1e-04	0.4823
8394	-116.6142	-116.6142	-94.5586	0.8109	67.9758	0.5848	1.1e-04	0.4825
8395	-116.5982	-116.5982	-95.8654	0.8222	65.9690	0.5676	1.1e-04	0.4822
8396	-116.6029	-116.6029	-93.2663	0.7999	69.7603	0.6001	1.1e-04	0.4815
8397	-116.6369	-116.6369	-93.6003	0.8025	69.3483	0.5967	1.1e-04	0.4811
8398	-116.6024	-116.6024	-93.3775	0.8008	69.6052	0.5989	1.1e-04	0.4819
8399	-116.5931	-116.5931	-94.4046	0.8097	68.2147	0.5868	1.1e-04	0.4824
8400	-116.6235	-116.6235	-93.0394	0.7978	70.0490	0.6028	1.1e-04	0.4836
8401	-116.5931	-116.5931	-93.4692	0.8017	69.4348	0.5975	1.1e-04	0.4825
8402	-116.6099	-116.6099	-94.1657	0.8075	68.5413	0.5898	1.1e-04	0.4827
8403	-116.5839	-116.5839	-96.4237	0.8271	65.2785	0.5616	1.1e-04	0.4817
8404	-116.6031	-116.6031	-94.7581	0.8127	67.6999	0.5825	1.1e-04	0.4817
8405	-116.6015	-116.6015	-93.9592	0.8058	68.8304	0.5922	1.1e-04	0.4816
8406	-116.5933	-116.5933	-95.2389	0.8168	66.9823	0.5762	1.1e-04	0.4824
8407	-116.5973	-116.5973	-94.5985	0.8113	67.8732	0.5839	1.1e-04	0.4821
8408	-116.6149	-116.6149	-94.1197	0.8071	68.6226	0.5903	1.1e-04	0.4814
8409	-116.5786	-116.5786	-95.1651	0.8163	67.0604	0.5769	1.1e-04	0.4815
8410	-116.6041	-116.6041	-92.9436	0.7971	70.1150	0.6032	1.1e-04	0.4821
8411	-116.6225	-116.6225	-92.2802	0.7913	71.0688	0.6113	1.1e-04	0.4822
8412	-116.5968	-116.5968	-95.6396	0.8203	66.4582	0.5719	1.1e-04	0.4827
8413	-116.5874	-116.5874	-94.9745	0.8146	67.4019	0.5799	1.1e-04	0.4831
8414	-116.5724	-116.5724	-96.0935	0.8243	65.7779	0.5659	1.1e-04	0.4819
8415	-116.6126	-116.6126	-92.4274	0.7926	70.8210	0.6093	1.1e-04	0.4820
8416	-116.5910	-116.5910	-95.4606	0.8188	66.6896	0.5737	1.1e-04	0.4825
8417	-116.6272	-116.6272	-93.3018	0.8000	69.7468	0.6000	1.1e-04	0.4816
8418	-116.5856	-116.5856	-94.9455	0.8144	67.4244	0.5803	1.1e-04	0.4815
8419	-116.6072	-116.6072	-95.1820	0.8163	67.1275	0.5777	1.1e-04	0.4827
8420	-116.6038	-116.6038	-94.6848	0.8120	67.8402	0.5836	1.1e-04	0.4826
8421	-116.5772	-116.5772	-94.6009	0.8115	67.9211	0.5844	1.1e-04	0.4822
8422	-116.6283	-116.6283	-93.5449	0.8021	69.4276	0.5972	1.1e-04	0.4825
8423	-116.5900	-116.5900	-94.4757	0.8103	68.1021	0.5859	1.1e-04	0.4824
8424	-116.6023	-116.6023	-92.0289	0.7893	71.3723	0.6140	1.1e-04	0.4825
8425	-116.5901	-116.5901	-92.8626	0.7965	70.2628	0.6046	1.1e-04	0.4826
8426	-116.5701	-116.5701	-96.0979	0.8244	65.7795	0.5660	1.1e-04	0.4823
8427	-116.5971	-116.5971	-93.8509	0.8049	68.9542	0.5933	1.1e-04	0.4828
8428	-116.6025	-116.6025	-94.6127	0.8114	67.9297	0.5845	1.1e-04	0.4824
8429	-116.6014	-116.6014	-94.0813	0.8069	68.6587	0.5907	1.1e-04	0.4825
8430	-116.5802	-116.5802	-93.3126	0.8004	69.6472	0.5992	1.1e-04	0.4833
8431	-116.6037	-116.6037	-93.1062	0.7985	69.9673	0.6020	1.1e-04	0.4821
8432	-116.6201	-116.6201	-90.7474	0.7781	72.9997	0.6280	1.1e-04	0.4827
8433	-116.5918	-116.5918	-95.8337	0.8220	66.1814	0.5695	1.1e-04	0.4836
8434	-116.6227	-116.6227	-93.1026	0.7983	69.9498	0.6019	1.1e-04	0.4823
8435	-116.6127	-116.6127	-93.7254	0.8037	69.1526	0.5950	1.1e-04	0.4825
8436	-116.5793	-116.5793	-95.8654	0.8223	66.1333	0.5690	1.1e-04	0.4837
8437	-116.5927	-116.5927	-94.1790	0.8078	68.5101	0.5894	1.1e-04	0.4832
8438	-116.5969	-116.5969	-93.8260	0.8047	68.9995	0.5936	1.1e-04	0.4826
8439	-116.5985	-116.5985	-92.4047	0.7925	70.8034	0.6093	1.1e-04	0.4826
8440	-116.5832	-116.5832	-94.9084	0.8141	67.4956	0.5807	1.1e-04	0.4825
8441	-116.6202	-116.6202	-92.8010	0.7958	70.3986	0.6056	1.1e-04	0.4825
8442	-116.5959	-116.5959	-93.0936	0.7984	69.9725	0.6020	1.1e-04	0.4830
8443	-116.6015	-116.6015	-95.7156	0.8209	66.3618	0.5709	1.1e-04	0.4829
8444	-116.5769	-116.5769	-95.5729	0.8198	66.5143	0.5723	1.1e-04	0.4829
8445	-116.5998	-116.5998	-94.0247	0.8064	68.7397	0.5913	1.1e-04	0.4830
8446	-116.5940	-116.5940	-92.3518	0.7921	70.9567	0.6104	1.1e-04	0.4826
8447	-116.6156	-116.6156	-94.2716	0.8084	68.3908	0.5885	1.1e-04	0.4824
8448	-116.6183	-116.6183	-92.9052	0.7967	70.2516	0.6044	1.1e-04	0.4838
8449	-116.6096	-116.6096	-94.6518	0.8117	67.8770	0.5840	1.1e-04	0.4830
8450	-116.5912	-116.5912	-96.5316	0.8279	65.1587	0.5608	1.1e-04	0.4824
8451	-116.5852	-116.5852	-95.2142	0.8167	67.0622	0.5771	1.1e-04	0.4822
8452	-116.6018	-116.6018	-94.1457	0.8074	68.5826	0.5900	1.1e-04	0.4826
8453	-116.5798	-116.5798	-93.8365	0.8049	68.9570	0.5933	1.1e-04	0.4824
8454	-116.6169	-116.6169	-91.6598	0.7860	71.8338	0.6181	1.1e-04	0.4827
8455	-116.5981	-116.5981	-94.5035	0.8105	68.0471	0.5854	1.1e-04	0.4825
8456	-116.5879	-116.5879	-94.5048	0.8106	68.0494	0.5856	1.1e-04	0.4824
8457	-116.6112	-116.6112	-95.2991	0.8172	66.9812	0.5763	1.1e-04	0.4824
8458	-116.6002	-116.6002	-95.7540	0.8212	66.2648	0.5702	1.1e-04	0.4820
8459	-116.6158	-116.6158	-94.2219	0.8080	68.4573	0.5891	1.1e-04	0.4816
8460	-116.5981	-116.5981	-95.4204	0.8184	66.7369	0.5743	1.1e-04	0.4828
8461	-116.6067	-116.6067	-94.2909	0.8086	68.3824	0.5883	1.1e-04	0.4824
8462	-116.6016	-116.6016	-95.3599	0.8178	66.8566	0.5753	1.1e-04	0.4819
8463	-116.5985	-116.5985	-96.2655	0.8256	65.5499	0.5640	1.1e-04	0.4812
8464	-116.5865	-116.5865	-95.2307	0.8168	66.9204	0.5758	1.1e-04	0.4810
8465	-116.5905	-116.5905	-93.9214	0.8056	68.8307	0.5923	1.1e-04	0.4811
8466	-116.6204	-116.6204	-94.1292	0.8071	68.5623	0.5899	1.1e-04	0.4811
8467	-116.5809	-116.5809	-95.2444	0.8170	67.0089	0.5765	1.1e-04	0.4811
8468	-116.5971	-116.5971	-94.8574	0.8135	67.5811	0.5815	1.1e-04	0.4813
8469	-116.5665	-116.5665	-96.0295	0.8238	65.8876	0.5669	1.1e-04	0.4815
8470	-116.5711	-116.5711	-96.1661	0.8250	65.5899	0.5644	1.1e-04	0.4811
8471	-116.6067	-116.6067	-93.8863	0.8052	68.9067	0.5928	1.1e-04	0.4819
8472	-116.5922	-116.5922	-95.1191	0.8158	67.1439	0.5778	1.1e-04	0.4815
8473	-116.6293	-116.6293	-94.1944	0.8076	68.5207	0.5893	1.1e-04	0.4813
8474	-116.5942	-116.5942	-95.7318	0.8211	66.3051	0.5705	1.1e-04	0.4810
8475	-116.5969	-116.5969	-96.0568	0.8238	65.8151	0.5663	1.1e-04	0.4811
8476	-116.5935	-116.5935	-95.9596	0.8230	66.0037	0.5680	1.1e-04	0.4818
8477	-116.5957	-116.5957	-94.4844	0.8104	68.1027	0.5859	1.1e-04	0.4817
8478	-116.5939	-116.5939	-96.2974	0.8259	65.5235	0.5638	1.1e-04	0.4811
8479	-116.5880	-116.5880	-94.3548	0.8093	68.2732	0.5874	1.1e-04	0.4813
8480	-116.5793	-116.5793	-95.1838	0.8165	67.0782	0.5771	1.1e-04	0.4818
8481	-116.6027	-116.6027	-93.3114	0.8003	69.6974	0.5996	1.1e-04	0.4811
8482	-116.6194	-116.6194	-93.7472	0.8039	69.1484	0.5948	1.1e-04	0.4810
8483	-116.6245	-116.6245	-93.6094	0.8027	69.3106	0.5963	1.1e-04	0.4812
8484	-116.5959	-116.5959	-96.4138	0.8269	65.3390	0.5622	1.1e-04	0.4816
8485	-116.5976	-116.5976	-95.2387	0.8168	67.0584	0.5769	1.1e-04	0.4815
8486	-116.6118	-116.6118	-92.7212	0.7951	70.4773	0.6064	1.1e-04	0.4812
8487	-116.6067	-116.6067	-94.1036	0.8070	68.6278	0.5905	1.1e-04	0.4812
8488	-116.6169	-116.6169	-94.9609	0.8143	67.3892	0.5797	1.1e-04	0.4810
8489	-116.6115	-116.6115	-93.8782	0.8051	68.9457	0.5932	1.1e-04	0.4810
8490	-116.6202	-116.6202	-93.5878	0.8025	69.3329	0.5964	1.1e-04	0.4814
8491	-116.6111	-116.6111	-94.1034	0.8070	68.6320	0.5906	1.1e-04	0.4812
8492	-116.6062	-116.6062	-94.3756	0.8094	68.2599	0.5873	1.1e-04	0.4810
8493	-116.5848	-116.5848	-95.7536	0.8213	66.2840	0.5703	1.1e-04	0.4810
8494	-116.5763	-116.5763	-94.4532	0.8102	68.1140	0.5861	1.1e-04	0.4809
8495	-116.6017	-116.6017	-95.9415	0.8228	66.0519	0.5683	1.1e-04	0.4812
8496	-116.5920	-116.5920	-95.9713	0.8231	65.9955	0.5678	1.1e-04	0.4815
8497	-116.5980	-116.5980	-95.5593	0.8196	66.5779	0.5728	1.1e-04	0.4812
8498	-116.5901	-116.5901	-95.7058	0.8209	66.3564	0.5711	1.1e-04	0.4809
8499	-116.5915	-116.5915	-95.8870	0.8224	66.0878	0.5687	1.1e-04	0.4809
8500	-116.5934	-116.5934	-95.2421	0.8169	67.0073	0.5766	1.1e-04	0.4812
8501	-116.6066	-116.6066	-95.3756	0.8179	66.8438	0.5752	1.1e-04	0.4808
8502	-116.6053	-116.6053	-95.3084	0.8174	66.9549	0.5761	1.1e-04	0.4808
8503	-116.5867	-116.5867	-96.0651	0.8240	65.8305	0.5664	1.1e-04	0.4811
8504	-116.5943	-116.5943	-96.6818	0.8292	64.9718	0.5589	1.1e-04	0.4807
8505	-116.6088	-116.6088	-94.9846	0.8146	67.4247	0.5801	1.1e-04	0.4810
8506	-116.5934	-116.5934	-95.2710	0.8171	67.0151	0.5765	1.1e-04	0.4807
8507	-116.5925	-116.5925	-94.5816	0.8112	67.8981	0.5843	1.1e-04	0.4816
8508	-116.5755	-116.5755	-96.9840	0.8319	64.4815	0.5548	1.1e-04	0.4808
8509	-116.6003	-116.6003	-95.2429	0.8168	67.0528	0.5767	1.1e-04	0.4811
8510	-116.5761	-116.5761	-95.4836	0.8191	66.6503	0.5735	1.1e-04	0.4809
8511	-116.6010	-116.6010	-94.8714	0.8136	67.5694	0.5814	1.1e-04	0.4811
8512	-116.6012	-116.6012	-97.1681	0.8333	64.1949	0.5524	1.1e-04	0.4810
8513	-116.6044	-116.6044	-94.9884	0.8146	67.4067	0.5800	1.1e-04	0.4810
8514	-116.6077	-116.6077	-95.4768	0.8188	66.7097	0.5740	1.1e-04	0.4805
8515	-116.5885	-116.5885	-94.6340	0.8117	67.8703	0.5839	1.1e-04	0.4810
8516	-116.6142	-116.6142	-95.5804	0.8196	66.5747	0.5728	1.1e-04	0.4816
8517	-116.5999	-116.5999	-96.0030	0.8234	65.8226	0.5663	1.1e-04	0.4811
8518	-116.5976	-116.5976	-92.9355	0.7971	70.1915	0.6038	1.1e-04	0.4805
8519	-116.6009	-116.6009	-94.8792	0.8137	67.5655	0.5813	1.1e-04	0.4812
8520	-116.5948	-116.5948	-94.6994	0.8122	67.7746	0.5833	1.1e-04	0.4811
8521	-116.6048	-116.6048	-94.3634	0.8093	68.2815	0.5874	1.1e-04	0.4814
8522	-116.5863	-116.5863	-96.8239	0.8305	64.7306	0.5569	1.1e-04	0.4809
8523	-116.5930	-116.5930	-95.8009	0.8217	66.2220	0.5697	1.1e-04	0.4815
8524	-116.5839	-116.5839	-96.6262	0.8288	65.0296	0.5595	1.1e-04	0.4806
8525	-116.6067	-116.6067	-94.5591	0.8109	67.9482	0.5845	1.1e-04	0.4812
8526	-116.6135	-116.6135	-96.1415	0.8244	65.7613	0.5657	1.1e-04	0.4810
8527	-116.6109	-116.6109	-94.7961	0.8129	67.6535	0.5821	1.1e-04	0.4819
8528	-116.5940	-116.5940	-94.1730	0.8077	68.5179	0.5895	1.1e-04	0.4806
8529	-116.6085	-116.6085	-93.9454	0.8056	68.8281	0.5923	1.1e-04	0.4812
8530	-116.6007	-116.6007	-94.4079	0.8097	68.2049	0.5868	1.1e-04	0.4809
8531	-116.5988	-116.5988	-95.4729	0.8188	66.6356	0.5733	1.1e-04	0.4811
8532	-116.6119	-116.6119	-94.9946	0.8146	67.3887	0.5799	1.1e-04	0.4808
8533	-116.5814	-116.5814	-95.5630	0.8197	66.5583	0.5727	1.1e-04	0.4814
8534	-116.6031	-116.6031	-94.7477	0.8126	67.7035	0.5826	1.1e-04	0.4811
8535	-116.5942	-116.5942	-95.7563	0.8213	66.2859	0.5703	1.1e-04	0.4812
8536	-116.6000	-116.6000	-94.9740	0.8145	67.4022	0.5800	1.1e-04	0.4808
8537	-116.6136	-116.6136	-93.6941	0.8035	69.1635	0.5951	1.1e-04	0.4815
8538	-116.5838	-116.5838	-94.0580	0.8068	68.6664	0.5908	1.1e-04	0.4810
8539	-116.5789	-116.5789	-93.5497	0.8025	69.3461	0.5967	1.1e-04	0.4811
8540	-116.5806	-116.5806	-94.9785	0.8147	67.3930	0.5799	1.1e-04	0.4809
8541	-116.6104	-116.6104	-95.2264	0.8166	67.0633	0.5771	1.1e-04	0.4812
8542	-116.6060	-116.6060	-93.7302	0.8038	69.1431	0.5949	1.1e-04	0.4810
8543	-116.5907	-116.5907	-95.5011	0.8191	66.6697	0.5736	1.1e-04	0.4814
8544	-116.5919	-116.5919	-97.1953	0.8336	64.1742	0.5521	1.1e-04	0.4815
8545	-116.5990	-116.5990	-95.7238	0.8210	66.3231	0.5707	1.1e-04	0.4814
8546	-116.5971	-116.5971	-96.0481	0.8238	65.8941	0.5669	1.1e-04	0.4814
8547	-116.6019	-116.6019	-95.5245	0.8192	66.5597	0.5726	1.1e-04	0.4819
8548	-116.5922	-116.5922	-94.6684	0.8120	67.8292	0.5837	1.1e-04	0.4813
8549	-116.6220	-116.6220	-94.7427	0.8124	67.7863	0.5831	1.1e-04	0.4819
8550	-116.6161	-116.6161	-94.8314	0.8132	67.6332	0.5819	1.1e-04	0.4813
8551	-116.5842	-116.5842	-95.3130	0.8175	66.9146	0.5758	1.1e-04	0.4813
8552	-116.6117	-116.6117	-95.4968	0.8189	66.6874	0.5738	1.1e-04	0.4809
8553	-116.5683	-116.5683	-94.0094	0.8065	68.7164	0.5912	1.1e-04	0.4821
8554	-116.5875	-116.5875	-95.6664	0.8206	66.4228	0.5715	1.1e-04	0.4817
8555	-116.5886	-116.5886	-94.2502	0.8084	68.3499	0.5882	1.1e-04	0.4821
8556	-116.5856	-116.5856	-94.8964	0.8140	67.5052	0.5807	1.1e-04	0.4809
8557	-116.6169	-116.6169	-94.6343	0.8115	67.9043	0.5841	1.1e-04	0.4817
8558	-116.6033	-116.6033	-92.5755	0.7939	70.6390	0.6078	1.1e-04	0.4818
8559	-116.6249	-116.6249	-94.9401	0.8141	67.5025	0.5807	1.1e-04	0.4822
8560	-116.5888	-116.5888	-96.0561	0.8239	65.8683	0.5667	1.1e-04	0.4817
8561	-116.6135	-116.6135	-94.6478	0.8116	67.9001	0.5842	1.1e-04	0.4821
8562	-116.5987	-116.5987	-94.7124	0.8123	67.7984	0.5832	1.1e-04	0.4820
8563	-116.6032	-116.6032	-95.4450	0.8185	66.7606	0.5743	1.1e-04	0.4820
8564	-116.6097	-116.6097	-95.1171	0.8157	67.2444	0.5785	1.1e-04	0.4816
8565	-116.6100	-116.6100	-94.3517	0.8091	68.2079	0.5869	1.1e-04	0.4821
8566	-116.5874	-116.5874	-96.2548	0.8256	65.5768	0.5641	1.1e-04	0.4819
8567	-116.5978	-116.5978	-95.4315	0.8185	66.7748	0.5745	1.1e-04	0.4823
8568	-116.5878	-116.5878	-94.3143	0.8090	68.3073	0.5878	1.1e-04	0.4816
8569	-116.6157	-116.6157	-93.8158	0.8045	69.0410	0.5939	1.1e-04	0.4826
8570	-116.5933	-116.5933	-96.3365	0.8263	65.4685	0.5633	1.1e-04	0.4821
8571	-116.6056	-116.6056	-94.9322	0.8141	67.4871	0.5807	1.1e-04	0.4817
8572	-116.6004	-116.6004	-95.1276	0.8158	67.2008	0.5782	1.1e-04	0.4817
8573	-116.6177	-116.6177	-95.4624	0.8186	66.7616	0.5744	1.1e-04	0.4821
8574	-116.6073	-116.6073	-94.8484	0.8134	67.5372	0.5810	1.1e-04	0.4825
8575	-116.5806	-116.5806	-97.2882	0.8345	64.0168	0.5508	1.1e-04	0.4818
8576	-116.5785	-116.5785	-96.4577	0.8274	65.2478	0.5615	1.1e-04	0.4817
8577	-116.5851	-116.5851	-95.9693	0.8232	65.9922	0.5678	1.1e-04	0.4821
8578	-116.6169	-116.6169	-95.9510	0.8228	66.0566	0.5683	1.1e-04	0.4820
8579	-116.5985	-116.5985	-94.3809	0.8095	68.2027	0.5868	1.1e-04	0.4822
8580	-116.5977	-116.5977	-94.7926	0.8130	67.6813	0.5823	1.1e-04	0.4820
8581	-116.6152	-116.6152	-93.9637	0.8058	68.7985	0.5918	1.1e-04	0.4823
8582	-116.5900	-116.5900	-96.0160	0.8235	65.8639	0.5666	1.1e-04	0.4820
8583	-116.5976	-116.5976	-96.1679	0.8248	65.6752	0.5651	1.1e-04	0.4825
8584	-116.5991	-116.5991	-95.0456	0.8151	67.3295	0.5793	1.1e-04	0.4827
8585	-116.6054	-116.6054	-96.4605	0.8272	65.3032	0.5618	1.1e-04	0.4826
8586	-116.5880	-116.5880	-95.3349	0.8177	66.8873	0.5756	1.1e-04	0.4819
8587	-116.5984	-116.5984	-93.4463	0.8014	69.4651	0.5976	1.1e-04	0.4825
8588	-116.6088	-116.6088	-93.3352	0.8004	69.6100	0.5989	1.1e-04	0.4821
8589	-116.5957	-116.5957	-95.1668	0.8162	67.1536	0.5777	1.1e-04	0.4832
8590	-116.5983	-116.5983	-94.9083	0.8140	67.5125	0.5809	1.1e-04	0.4825
8591	-116.5946	-116.5946	-96.4266	0.8270	65.3115	0.5619	1.1e-04	0.4826
8592	-116.5701	-116.5701	-96.5221	0.8280	65.1646	0.5607	1.1e-04	0.4825
8593	-116.6211	-116.6211	-94.3683	0.8092	68.2615	0.5872	1.1e-04	0.4828
8594	-116.6125	-116.6125	-95.8411	0.8219	66.1896	0.5694	1.1e-04	0.4820
8595	-116.6156	-116.6156	-95.4601	0.8186	66.7654	0.5744	1.1e-04	0.4825
8596	-116.6021	-116.6021	-94.7767	0.8128	67.7244	0.5825	1.1e-04	0.4817
8597	-116.5800	-116.5800	-96.7637	0.8300	64.7942	0.5576	1.1e-04	0.4825
8598	-116.6136	-116.6136	-95.3482	0.8176	66.8769	0.5753	1.1e-04	0.4819
8599	-116.5921	-116.5921	-95.4747	0.8189	66.6991	0.5739	1.1e-04	0.4822
8600	-116.5989	-116.5989	-95.0580	0.8153	67.3054	0.5791	1.1e-04	0.4821
8601	-116.5974	-116.5974	-95.3446	0.8177	66.8865	0.5755	1.1e-04	0.4826
8602	-116.6232	-116.6232	-95.6433	0.8201	66.4732	0.5718	1.1e-04	0.4821
8603	-116.5971	-116.5971	-96.1218	0.8244	65.7488	0.5657	1.1e-04	0.4831
8604	-116.6244	-116.6244	-93.2776	0.7998	69.7606	0.6002	1.1e-04	0.4823
8605	-116.6160	-116.6160	-94.4924	0.8103	68.0625	0.5855	1.1e-04	0.4826
8606	-116.6116	-116.6116	-94.9923	0.8146	67.4135	0.5800	1.1e-04	0.4827
8607	-116.6238	-116.6238	-96.1406	0.8244	65.8033	0.5660	1.1e-04	0.4826
8608	-116.5841	-116.5841	-96.5678	0.8283	65.1204	0.5602	1.1e-04	0.4825
8609	-116.6020	-116.6020	-94.5804	0.8111	67.9717	0.5848	1.1e-04	0.4831
8610	-116.6140	-116.6140	-96.4413	0.8270	65.3284	0.5621	1.1e-04	0.4826
8611	-116.6089	-116.6089	-96.3200	0.8260	65.5144	0.5636	1.1e-04	0.4825
8612	-116.5937	-116.5937	-94.9927	0.8147	67.3754	0.5798	1.1e-04	0.4823
8613	-116.6275	-116.6275	-94.3650	0.8091	68.2957	0.5876	1.1e-04	0.4834
8614	-116.5944	-116.5944	-94.7826	0.8129	67.6498	0.5819	1.1e-04	0.4821
8615	-116.5965	-116.5965	-95.7573	0.8213	66.3095	0.5705	1.1e-04	0.4825
8616	-116.5752	-116.5752	-96.7374	0.8298	64.8640	0.5579	1.1e-04	0.4828
8617	-116.6154	-116.6154	-94.4079	0.8096	68.2107	0.5868	1.1e-04	0.4837
8618	-116.6038	-116.6038	-96.5094	0.8277	65.2492	0.5612	1.1e-04	0.4827
8619	-116.5889	-116.5889	-97.2179	0.8339	64.1429	0.5520	1.1e-04	0.4829
8620	-116.6024	-116.6024	-96.2040	0.8251	65.6637	0.5650	1.1e-04	0.4827
8621	-116.6100	-116.6100	-94.4098	0.8096	68.2085	0.5869	1.1e-04	0.4828
8622	-116.6017	-116.6017	-94.0938	0.8070	68.6366	0.5906	1.1e-04	0.4823
8623	-116.5961	-116.5961	-96.8846	0.8309	64.6820	0.5563	1.1e-04	0.4824
8624	-116.6042	-116.6042	-96.4419	0.8271	65.3223	0.5620	1.1e-04	0.4821
8625	-116.5916	-116.5916	-95.6627	0.8205	66.4030	0.5714	1.1e-04	0.4823
8626	-116.6103	-116.6103	-94.3261	0.8089	68.3073	0.5877	1.1e-04	0.4825
8627	-116.5871	-116.5871	-96.0459	0.8238	65.8649	0.5667	1.1e-04	0.4826
8628	-116.5956	-116.5956	-96.2881	0.8258	65.5354	0.5639	1.1e-04	0.4818
8629	-116.6019	-116.6019	-95.5481	0.8194	66.6007	0.5730	1.1e-04	0.4824
8630	-116.6093	-116.6093	-94.1688	0.8076	68.5489	0.5897	1.1e-04	0.4814
8631	-116.6049	-116.6049	-94.0929	0.8069	68.5642	0.5899	1.1e-04	0.4824
8632	-116.5775	-116.5775	-96.2833	0.8259	65.5237	0.5638	1.1e-04	0.4818
8633	-116.6028	-116.6028	-94.7810	0.8129	67.6899	0.5823	1.1e-04	0.4818
8634	-116.6000	-116.6000	-95.1608	0.8161	67.1554	0.5778	1.1e-04	0.4807
8635	-116.6035	-116.6035	-94.6733	0.8119	67.8517	0.5837	1.1e-04	0.4810
8636	-116.5924	-116.5924	-95.7581	0.8213	66.3089	0.5704	1.1e-04	0.4807
8637	-116.6101	-116.6101	-95.3233	0.8175	66.9341	0.5758	1.1e-04	0.4812
8638	-116.5909	-116.5909	-96.3794	0.8266	65.3929	0.5627	1.1e-04	0.4808
8639	-116.6012	-116.6012	-95.2291	0.8167	67.0713	0.5770	1.1e-04	0.4822
8640	-116.5887	-116.5887	-94.6672	0.8120	67.8447	0.5837	1.1e-04	0.4802
8641	-116.6022	-116.6022	-94.9103	0.8140	67.5216	0.5809	1.1e-04	0.4811
8642	-116.6098	-116.6098	-95.1904	0.8163	67.1017	0.5774	1.1e-04	0.4806
8643	-116.5811	-116.5811	-96.2362	0.8255	65.5441	0.5640	1.1e-04	0.4813
8644	-116.6025	-116.6025	-95.9466	0.8229	66.0488	0.5682	1.1e-04	0.4808
8645	-116.5904	-116.5904	-94.2809	0.8087	68.3838	0.5883	1.1e-04	0.4814
8646	-116.5947	-116.5947	-95.0873	0.8155	67.2626	0.5787	1.1e-04	0.4806
8647	-116.5918	-116.5918	-96.0859	0.8241	65.8361	0.5663	1.1e-04	0.4814
8648	-116.5878	-116.5878	-96.1935	0.8251	65.6718	0.5650	1.1e-04	0.4805
8649	-116.5948	-116.5948	-96.0466	0.8238	65.8917	0.5668	1.1e-04	0.4810
8650	-116.6082	-116.6082	-94.8801	0.8137	67.5398	0.5811	1.1e-04	0.4808
8651	-116.5926	-116.5926	-94.4015	0.8097	68.2100	0.5868	1.1e-04	0.4812
8652	-116.6152	-116.6152	-93.4348	0.8012	69.5152	0.5981	1.1e-04	0.4807
8653	-116.6147	-116.6147	-95.9146	0.8225	66.0858	0.5685	1.1e-04	0.4810
8654	-116.6087	-116.6087	-94.7246	0.8123	67.7921	0.5832	1.1e-04	0.4809
8655	-116.6008	-116.6008	-96.3955	0.8267	65.3831	0.5626	1.1e-04	0.4811
8656	-116.5932	-116.5932	-95.3384	0.8177	66.8827	0.5754	1.1e-04	0.4805
8657	-116.5868	-116.5868	-93.8546	0.8050	68.9497	0.5932	1.1e-04	0.4812
8658	-116.5996	-116.5996	-95.7574	0.8212	66.3234	0.5706	1.1e-04	0.4806
8659	-116.5944	-116.5944	-95.2555	0.8170	66.9853	0.5763	1.1e-04	0.4810
8660	-116.6007	-116.6007	-95.9133	0.8226	66.1062	0.5686	1.1e-04	0.4806
8661	-116.6012	-116.6012	-95.0132	0.8149	67.2859	0.5790	1.1e-04	0.4811
8662	-116.5746	-116.5746	-93.9617	0.8060	68.7859	0.5919	1.1e-04	0.4806
8663	-116.6035	-116.6035	-96.0587	0.8238	65.8504	0.5665	1.1e-04	0.4813
8664	-116.5955	-116.5955	-94.2995	0.8088	68.3363	0.5879	1.1e-04	0.4811
8665	-116.6209	-116.6209	-94.3014	0.8086	68.3769	0.5882	1.1e-04	0.4813
8666	-116.5846	-116.5846	-95.3614	0.8180	66.8456	0.5753	1.1e-04	0.4810
8667	-116.5715	-116.5715	-95.1066	0.8159	67.1963	0.5781	1.1e-04	0.4854
8668	-116.5934	-116.5934	-95.5558	0.8196	66.5913	0.5729	1.1e-04	0.4812
8669	-116.6239	-116.6239	-95.8277	0.8217	66.2161	0.5698	1.1e-04	0.4812
8670	-116.6003	-116.6003	-95.5724	0.8197	66.5859	0.5728	1.1e-04	0.4811
8671	-116.6084	-116.6084	-93.3448	0.8005	69.6388	0.5991	1.1e-04	0.4816
8672	-116.5862	-116.5862	-94.0635	0.8068	68.6410	0.5906	1.1e-04	0.4812
8673	-116.6068	-116.6068	-94.0704	0.8067	68.6312	0.5905	1.1e-04	0.4813
8674	-116.6106	-116.6106	-94.8246	0.8132	67.6419	0.5819	1.1e-04	0.4811
8675	-116.6206	-116.6206	-92.9818	0.7973	70.1121	0.6031	1.1e-04	0.4810
8676	-116.5968	-116.5968	-94.8134	0.8132	67.5500	0.5812	1.1e-04	0.4806
8677	-116.5820	-116.5820	-95.1452	0.8161	67.1659	0.5779	1.1e-04	0.4816
8678	-116.6044	-116.6044	-94.2486	0.8083	68.4023	0.5887	1.1e-04	0.4807
8679	-116.5872	-116.5872	-94.0620	0.8068	68.6411	0.5905	1.1e-04	0.4812
8680	-116.5907	-116.5907	-94.9300	0.8142	67.4700	0.5805	1.1e-04	0.4808
8681	-116.5932	-116.5932	-95.2928	0.8173	66.9583	0.5762	1.1e-04	0.4813
8682	-116.6251	-116.6251	-95.0113	0.8147	67.4158	0.5799	1.1e-04	0.4806
8683	-116.5847	-116.5847	-94.9919	0.8148	67.3866	0.5797	1.1e-04	0.4814
8684	-116.6106	-116.6106	-93.7098	0.8036	69.1579	0.5951	1.1e-04	0.4806
8685	-116.6029	-116.6029	-94.3689	0.8093	68.2336	0.5871	1.1e-04	0.4811
8686	-116.6306	-116.6306	-93.5170	0.8018	69.4397	0.5973	1.1e-04	0.4805
8687	-116.6023	-116.6023	-93.4755	0.8017	69.4696	0.5978	1.1e-04	0.4814
8688	-116.5984	-116.5984	-96.0234	0.8235	65.9046	0.5672	1.1e-04	0.4810
8689	-116.5810	-116.5810	-95.7505	0.8213	66.2982	0.5704	1.1e-04	0.4813
8690	-116.6117	-116.6117	-93.8744	0.8050	68.9496	0.5932	1.1e-04	0.4809
8691	-116.5996	-116.5996	-94.4910	0.8104	68.1022	0.5858	1.1e-04	0.4814
8692	-116.6056	-116.6056	-93.6043	0.8027	69.3067	0.5963	1.1e-04	0.4806
8693	-116.5930	-116.5930	-94.3215	0.8090	68.3177	0.5878	1.1e-04	0.4813
8694	-116.5989	-116.5989	-94.2590	0.8084	68.3967	0.5886	1.1e-04	0.4811
8695	-116.5867	-116.5867	-93.4639	0.8017	69.4578	0.5977	1.1e-04	0.4811
8696	-116.5789	-116.5789	-95.4057	0.8184	66.7606	0.5744	1.1e-04	0.4809
8697	-116.5807	-116.5807	-94.5894	0.8114	67.9238	0.5845	1.1e-04	0.4814
8698	-116.5833	-116.5833	-95.6269	0.8202	66.3486	0.5708	1.1e-04	0.4809
8699	-116.6164	-116.6164	-92.4443	0.7927	70.8553	0.6096	1.1e-04	0.4811
8700	-116.6128	-116.6128	-94.1565	0.8074	68.5358	0.5896	1.1e-04	0.4807
8701	-116.6240	-116.6240	-94.3989	0.8094	68.2395	0.5870	1.1e-04	0.4814
8702	-116.5887	-116.5887	-93.2799	0.8001	69.7079	0.5999	1.1e-04	0.4808
8703	-116.6012	-116.6012	-94.0834	0.8069	68.6453	0.5906	1.1e-04	0.4813
8704	-116.5922	-116.5922	-94.5563	0.8110	67.8895	0.5842	1.1e-04	0.4810
8705	-116.5848	-116.5848	-93.0833	0.7984	69.9557	0.6020	1.1e-04	0.4811
8706	-116.6036	-116.6036	-91.9823	0.7888	71.4233	0.6146	1.1e-04	0.4809
8707	-116.5937	-116.5937	-93.5411	0.8023	69.3233	0.5964	1.1e-04	0.4813
8708	-116.6112	-116.6112	-95.0939	0.8155	67.2036	0.5781	1.1e-04	0.4807
8709	-116.6011	-116.6011	-94.6669	0.8119	67.7721	0.5831	1.1e-04	0.4813
8710	-116.6229	-116.6229	-93.0706	0.7980	70.0003	0.6023	1.1e-04	0.4809
8711	-116.6158	-116.6158	-95.0388	0.8150	67.3143	0.5791	1.1e-04	0.4818
8712	-116.6091	-116.6091	-93.5083	0.8019	69.4401	0.5975	1.1e-04	0.4808
8713	-116.6000	-116.6000	-92.9535	0.7972	70.1007	0.6030	1.1e-04	0.4816
8714	-116.6123	-116.6123	-93.1888	0.7991	69.8715	0.6011	1.1e-04	0.4814
8715	-116.6019	-116.6019	-92.9316	0.7970	70.2068	0.6040	1.1e-04	0.4812
8716	-116.5943	-116.5943	-93.9878	0.8061	68.7763	0.5918	1.1e-04	0.4807
8717	-116.5820	-116.5820	-93.0046	0.7978	70.0811	0.6029	1.1e-04	0.4813
8718	-116.6013	-116.6013	-92.4723	0.7931	70.7972	0.6091	1.1e-04	0.4813
8719	-116.6109	-116.6109	-94.4372	0.8098	68.1788	0.5865	1.1e-04	0.4812
8720	-116.6088	-116.6088	-92.6525	0.7946	70.5508	0.6070	1.1e-04	0.4814
8721	-116.6079	-116.6079	-93.1190	0.7986	69.9827	0.6019	1.1e-04	0.4814
8722	-116.6101	-116.6101	-92.3786	0.7922	70.9210	0.6100	1.1e-04	0.4809
8723	-116.6101	-116.6101	-93.2777	0.7999	69.7428	0.6001	1.1e-04	0.4814
8724	-116.5780	-116.5780	-92.7231	0.7954	70.3151	0.6050	1.1e-04	0.4808
8725	-116.5944	-116.5944	-92.6798	0.7949	70.4962	0.6067	1.1e-04	0.4814
8726	-116.6031	-116.6031	-94.3209	0.8089	68.2819	0.5875	1.1e-04	0.4806
8727	-116.5941	-116.5941	-94.1320	0.8073	68.5870	0.5901	1.1e-04	0.4811
8728	-116.6046	-116.6046	-93.1837	0.7991	69.8344	0.6008	1.1e-04	0.4808
8729	-116.5945	-116.5945	-92.9241	0.7970	70.1986	0.6040	1.1e-04	0.4813
8730	-116.6287	-116.6287	-91.9524	0.7884	71.4967	0.6150	1.1e-04	0.4805
8731	-116.5774	-116.5774	-93.0867	0.7985	69.9699	0.6020	1.1e-04	0.4812
8732	-116.5880	-116.5880	-93.4492	0.8015	69.3979	0.5971	1.1e-04	0.4813
8733	-116.6152	-116.6152	-92.1952	0.7906	71.1572	0.6122	1.1e-04	0.4812
8734	-116.5911	-116.5911	-93.8381	0.8048	68.9811	0.5935	1.1e-04	0.4809
8735	-116.6197	-116.6197	-89.9853	0.7716	73.9342	0.6361	1.1e-04	0.4816
8736	-116.6156	-116.6156	-92.3248	0.7917	71.0238	0.6109	1.1e-04	0.4813
8737	-116.5790	-116.5790	-94.1915	0.8080	68.4644	0.5890	1.1e-04	0.4815
8738	-116.5955	-116.5955	-94.3978	0.8096	68.2303	0.5870	1.1e-04	0.4807
8739	-116.6112	-116.6112	-93.9482	0.8057	68.7351	0.5913	1.1e-04	0.4810
8740	-116.5960	-116.5960	-93.2851	0.8001	69.7523	0.5999	1.1e-04	0.4811
8741	-116.6032	-116.6032	-93.1709	0.7990	69.8860	0.6012	1.1e-04	0.4822
8742	-116.6017	-116.6017	-93.6513	0.8032	69.2548	0.5957	1.1e-04	0.4806
8743	-116.6064	-116.6064	-93.1459	0.7988	69.9185	0.6016	1.1e-04	0.4816
8744	-116.5971	-116.5971	-94.5607	0.8110	67.9987	0.5850	1.1e-04	0.4816
8745	-116.5948	-116.5948	-94.4069	0.8097	68.2080	0.5868	1.1e-04	0.4817
8746	-116.6090	-116.6090	-93.0058	0.7976	70.1000	0.6031	1.1e-04	0.4815
8747	-116.5906	-116.5906	-94.8734	0.8137	67.5194	0.5809	1.1e-04	0.4811
8748	-116.6071	-116.6071	-93.6785	0.8034	69.1131	0.5946	1.1e-04	0.4814
8749	-116.5930	-116.5930	-93.8632	0.8050	68.9570	0.5932	1.1e-04	0.4813
8750	-116.6072	-116.6072	-93.8220	0.8046	69.0230	0.5938	1.1e-04	0.4813
8751	-116.6224	-116.6224	-93.2270	0.7994	69.8029	0.6005	1.1e-04	0.4815
8752	-116.6017	-116.6017	-94.2713	0.8085	68.3576	0.5881	1.1e-04	0.4807
8753	-116.5935	-116.5935	-93.5376	0.8023	69.3882	0.5970	1.1e-04	0.4818
8754	-116.5899	-116.5899	-93.1315	0.7988	69.8576	0.6010	1.1e-04	0.4811
8755	-116.6110	-116.6110	-94.0787	0.8068	68.6624	0.5907	1.1e-04	0.4823
8756	-116.5846	-116.5846	-93.5921	0.8028	69.2589	0.5960	1.1e-04	0.4809
8757	-116.6232	-116.6232	-93.9505	0.8056	68.8654	0.5924	1.1e-04	0.4826
8758	-116.6097	-116.6097	-93.9325	0.8055	68.8696	0.5925	1.1e-04	0.4824
8759	-116.5982	-116.5982	-93.5385	0.8022	69.3744	0.5969	1.1e-04	0.4825
8760	-116.6097	-116.6097	-93.9578	0.8057	68.8250	0.5921	1.1e-04	0.4825
8761	-116.5937	-116.5937	-93.9176	0.8055	68.8339	0.5923	1.1e-04	0.4830
8762	-116.5850	-116.5850	-94.1561	0.8076	68.5527	0.5897	1.1e-04	0.4823
8763	-116.6119	-116.6119	-93.2536	0.7997	69.7216	0.5998	1.1e-04	0.4820
8764	-116.6025	-116.6025	-93.3414	0.8005	69.6320	0.5991	1.1e-04	0.4822
8765	-116.5986	-116.5986	-94.1280	0.8073	68.5998	0.5901	1.1e-04	0.4827
8766	-116.5822	-116.5822	-92.6265	0.7945	70.4130	0.6058	1.1e-04	0.4824
8767	-116.5805	-116.5805	-93.5899	0.8028	69.2943	0.5963	1.1e-04	0.4827
8768	-116.5950	-116.5950	-93.8799	0.8052	68.9058	0.5929	1.1e-04	0.4824
8769	-116.5973	-116.5973	-95.6675	0.8205	66.4209	0.5715	1.1e-04	0.4821
8770	-116.5887	-116.5887	-93.8053	0.8046	69.0204	0.5938	1.1e-04	0.4818
8771	-116.5869	-116.5869	-92.2934	0.7916	71.0333	0.6110	1.1e-04	0.4831
8772	-116.6131	-116.6131	-94.5482	0.8108	68.0328	0.5853	1.1e-04	0.4827
8773	-116.6108	-116.6108	-92.6616	0.7946	70.5558	0.6071	1.1e-04	0.4827
8774	-116.5799	-116.5799	-93.4864	0.8019	69.4455	0.5974	1.1e-04	0.4819
8775	-116.6017	-116.6017	-92.2403	0.7911	71.1088	0.6117	1.1e-04	0.4833
8776	-116.5793	-116.5793	-93.8350	0.8049	68.9615	0.5933	1.1e-04	0.4821
8777	-116.6074	-116.6074	-93.7704	0.8042	69.0736	0.5943	1.1e-04	0.4827
8778	-116.5783	-116.5783	-93.1581	0.7991	69.8582	0.6011	1.1e-04	0.4828
8779	-116.6137	-116.6137	-93.3019	0.8001	69.7340	0.5998	1.1e-04	0.4824
8780	-116.6222	-116.6222	-90.1816	0.7733	73.6907	0.6340	1.1e-04	0.4829
8781	-116.6021	-116.6021	-93.3962	0.8010	69.5747	0.5986	1.1e-04	0.4826
8782	-116.5925	-116.5925	-93.2470	0.7998	69.7799	0.6003	1.1e-04	0.4824
8783	-116.6025	-116.6025	-93.2020	0.7993	69.8419	0.6009	1.1e-04	0.4828
8784	-116.6164	-116.6164	-91.5640	0.7852	71.9334	0.6188	1.1e-04	0.4826
8785	-116.6040	-116.6040	-94.4409	0.8099	68.1662	0.5864	1.1e-04	0.4825
8786	-116.6050	-116.6050	-92.5959	0.7941	70.6363	0.6077	1.1e-04	0.4820
8787	-116.6074	-116.6074	-92.1502	0.7903	71.2230	0.6127	1.1e-04	0.4832
8788	-116.5944	-116.5944	-92.4901	0.7933	70.7355	0.6086	1.1e-04	0.4830
8789	-116.5985	-116.5985	-95.2305	0.8167	66.9866	0.5762	1.1e-04	0.4831
8790	-116.5963	-116.5963	-94.2496	0.8083	68.4231	0.5886	1.1e-04	0.4827
8791	-116.5967	-116.5967	-94.7620	0.8127	67.7000	0.5825	1.1e-04	0.4826
8792	-116.5870	-116.5870	-93.9603	0.8059	68.7740	0.5917	1.1e-04	0.4831
8793	-116.5996	-116.5996	-93.0958	0.7984	69.9360	0.6016	1.1e-04	0.4832
8794	-116.5943	-116.5943	-94.2493	0.8084	68.3192	0.5877	1.1e-04	0.4831
8795	-116.5987	-116.5987	-94.2837	0.8086	68.3981	0.5883	1.1e-04	0.4827
8796	-116.5887	-116.5887	-92.9975	0.7977	70.0927	0.6030	1.1e-04	0.4827
8797	-116.5999	-116.5999	-95.5047	0.8191	66.5987	0.5730	1.1e-04	0.4829
8798	-116.6013	-116.6013	-94.3888	0.8095	68.2444	0.5871	1.1e-04	0.4827
8799	-116.5921	-116.5921	-93.4662	0.8017	69.4305	0.5973	1.1e-04	0.4832
8800	-116.6093	-116.6093	-93.4742	0.8016	69.5010	0.5979	1.1e-04	0.4828
8801	-116.5782	-116.5782	-93.4217	0.8014	69.4798	0.5978	1.1e-04	0.4832
8802	-116.5924	-116.5924	-95.1540	0.8161	67.1256	0.5775	1.1e-04	0.4822
8803	-116.6101	-116.6101	-94.0940	0.8069	68.6508	0.5906	1.1e-04	0.4823
8804	-116.6089	-116.6089	-93.8017	0.8044	69.0534	0.5940	1.1e-04	0.4820
8805	-116.6184	-116.6184	-91.5375	0.7849	71.9986	0.6195	1.1e-04	0.4826
8806	-116.5948	-116.5948	-94.9239	0.8141	67.4725	0.5806	1.1e-04	0.4828
8807	-116.6171	-116.6171	-93.5000	0.8018	69.4290	0.5972	1.1e-04	0.4829
8808	-116.5902	-116.5902	-95.4064	0.8183	66.8016	0.5748	1.1e-04	0.4834
8809	-116.6056	-116.6056	-93.3769	0.8008	69.5995	0.5987	1.1e-04	0.4822
8810	-116.6224	-116.6224	-92.3592	0.7920	70.9767	0.6105	1.1e-04	0.4822
8811	-116.5989	-116.5989	-95.7635	0.8213	66.2606	0.5700	1.1e-04	0.4822
8812	-116.5848	-116.5848	-93.9340	0.8057	68.8533	0.5922	1.1e-04	0.4819
8813	-116.5938	-116.5938	-93.1666	0.7991	69.8790	0.6012	1.1e-04	0.4825
8814	-116.6091	-116.6091	-94.2062	0.8079	68.4454	0.5889	1.1e-04	0.4825
8815	-116.6099	-116.6099	-92.8609	0.7963	70.3052	0.6048	1.1e-04	0.4826
8816	-116.5781	-116.5781	-93.1048	0.7986	69.9395	0.6018	1.1e-04	0.4820
8817	-116.5909	-116.5909	-93.9758	0.8060	68.7724	0.5917	1.1e-04	0.4817
8818	-116.6126	-116.6126	-93.2521	0.7997	69.7795	0.6004	1.1e-04	0.4815
8819	-116.6120	-116.6120	-93.2029	0.7993	69.8655	0.6010	1.1e-04	0.4817
8820	-116.5953	-116.5953	-94.4516	0.8101	68.1263	0.5861	1.1e-04	0.4816
8821	-116.5940	-116.5940	-94.1224	0.8073	68.5984	0.5902	1.1e-04	0.4812
8822	-116.5974	-116.5974	-93.1609	0.7990	69.8957	0.6013	1.1e-04	0.4807
8823	-116.6020	-116.6020	-93.0992	0.7984	69.9898	0.6021	1.1e-04	0.4813
8824	-116.5775	-116.5775	-93.8874	0.8054	68.8947	0.5927	1.1e-04	0.4808
8825	-116.5908	-116.5908	-94.2031	0.8080	68.4443	0.5889	1.1e-04	0.4811
8826	-116.6035	-116.6035	-92.0122	0.7891	71.3873	0.6142	1.1e-04	0.4810
8827	-116.5934	-116.5934	-93.9213	0.8055	68.8661	0.5925	1.1e-04	0.4810
8828	-116.5924	-116.5924	-91.6373	0.7860	71.8481	0.6182	1.1e-04	0.4808
8829	-116.6129	-116.6129	-92.6188	0.7942	70.6135	0.6076	1.1e-04	0.4812
8830	-116.6131	-116.6131	-93.4247	0.8012	69.5619	0.5984	1.1e-04	0.4807
8831	-116.5880	-116.5880	-92.6969	0.7951	70.4911	0.6064	1.1e-04	0.4812
8832	-116.5945	-116.5945	-92.0711	0.7897	71.2938	0.6134	1.1e-04	0.4809
8833	-116.6108	-116.6108	-91.9799	0.7888	71.4573	0.6147	1.1e-04	0.4813
8834	-116.5853	-116.5853	-91.8091	0.7875	71.6475	0.6163	1.1e-04	0.4808
8835	-116.5949	-116.5949	-93.1078	0.7986	69.9533	0.6019	1.1e-04	0.4815
8836	-116.5902	-116.5902	-93.8557	0.8050	68.8815	0.5926	1.1e-04	0.4807
8837	-116.5941	-116.5941	-92.2527	0.7912	71.0472	0.6112	1.1e-04	0.4810
8838	-116.5928	-116.5928	-92.0991	0.7899	71.2675	0.6132	1.1e-04	0.4806
8839	-116.6046	-116.6046	-93.8402	0.8048	68.9844	0.5935	1.1e-04	0.4815
8840	-116.6014	-116.6014	-94.3763	0.8094	68.2667	0.5873	1.1e-04	0.4807
8841	-116.6062	-116.6062	-92.9387	0.7970	70.1999	0.6039	1.1e-04	0.4812
8842	-116.6112	-116.6112	-93.5068	0.8019	69.4478	0.5975	1.1e-04	0.4811
8843	-116.6011	-116.6011	-93.1198	0.7986	69.9475	0.6018	1.1e-04	0.4813
8844	-116.5922	-116.5922	-92.7472	0.7955	70.4069	0.6058	1.1e-04	0.4808
8845	-116.5994	-116.5994	-93.5869	0.8026	69.2831	0.5961	1.1e-04	0.4811
8846	-116.5981	-116.5981	-92.6464	0.7946	70.5747	0.6071	1.1e-04	0.4806
8847	-116.5873	-116.5873	-93.2722	0.8000	69.7216	0.5998	1.1e-04	0.4813
8848	-116.6016	-116.6016	-92.2951	0.7915	71.0103	0.6110	1.1e-04	0.4807
8849	-116.5871	-116.5871	-92.7884	0.7959	70.3540	0.6052	1.1e-04	0.4812
8850	-116.5957	-116.5957	-92.7340	0.7953	70.4459	0.6061	1.1e-04	0.4806
8851	-116.6079	-116.6079	-92.1637	0.7904	71.1760	0.6123	1.1e-04	0.4816
8852	-116.6096	-116.6096	-93.0311	0.7978	70.0690	0.6028	1.1e-04	0.4811
8853	-116.6111	-116.6111	-91.4716	0.7844	72.0696	0.6200	1.1e-04	0.4813
8854	-116.5735	-116.5735	-94.4102	0.8099	68.1853	0.5866	1.1e-04	0.4810
8855	-116.6019	-116.6019	-93.1422	0.7988	69.9224	0.6015	1.1e-04	0.4820
8856	-116.5954	-116.5954	-90.8306	0.7790	72.7441	0.6258	1.1e-04	0.4809
8857	-116.6070	-116.6070	-91.2727	0.7827	72.3328	0.6222	1.1e-04	0.4811
8858	-116.6114	-116.6114	-91.6044	0.7856	71.9413	0.6188	1.1e-04	0.4814
8859	-116.6093	-116.6093	-91.7939	0.7872	71.6861	0.6167	1.1e-04	0.4811
8860	-116.6061	-116.6061	-94.4235	0.8098	68.1893	0.5868	1.1e-04	0.4808
8861	-116.5850	-116.5850	-92.4789	0.7932	70.7039	0.6083	1.1e-04	0.4817
8862	-116.5839	-116.5839	-94.0982	0.8071	68.6261	0.5904	1.1e-04	0.4814
8863	-116.6096	-116.6096	-92.1778	0.7905	71.2022	0.6125	1.1e-04	0.4812
8864	-116.6016	-116.6016	-93.5746	0.8025	69.3073	0.5965	1.1e-04	0.4807
8865	-116.6132	-116.6132	-94.1460	0.8073	68.5232	0.5894	1.1e-04	0.4815
8866	-116.5851	-116.5851	-94.0453	0.8067	68.6742	0.5910	1.1e-04	0.4807
8867	-116.6061	-116.6061	-93.2866	0.8000	69.7329	0.5999	1.1e-04	0.4815
8868	-116.6025	-116.6025	-92.7518	0.7955	70.4459	0.6060	1.1e-04	0.4807
8869	-116.6098	-116.6098	-93.6268	0.8029	69.2839	0.5960	1.1e-04	0.4812
8870	-116.6001	-116.6001	-93.9019	0.8053	68.8940	0.5927	1.1e-04	0.4809
8871	-116.5919	-116.5919	-94.0136	0.8063	68.7425	0.5913	1.1e-04	0.4813
8872	-116.6031	-116.6031	-93.1950	0.7992	69.8618	0.6010	1.1e-04	0.4809
8873	-116.6082	-116.6082	-92.1795	0.7905	71.1844	0.6124	1.1e-04	0.4812
8874	-116.6068	-116.6068	-92.1792	0.7905	71.1803	0.6122	1.1e-04	0.4807
8875	-116.5867	-116.5867	-92.9799	0.7975	70.1147	0.6033	1.1e-04	0.4813
8876	-116.6020	-116.6020	-90.8905	0.7795	72.8046	0.6264	1.1e-04	0.4806
8877	-116.5979	-116.5979	-93.1298	0.7987	69.9378	0.6017	1.1e-04	0.4813
8878	-116.6062	-116.6062	-92.5192	0.7934	70.7579	0.6086	1.1e-04	0.4807
8879	-116.6061	-116.6061	-93.8963	0.8052	68.9108	0.5929	1.1e-04	0.4814
8880	-116.5899	-116.5899	-91.6256	0.7859	71.7257	0.6170	1.1e-04	0.4806
8881	-116.5783	-116.5783	-92.5761	0.7941	70.6334	0.6078	1.1e-04	0.4812
8882	-116.6021	-116.6021	-92.6380	0.7945	70.6035	0.6073	1.1e-04	0.4808
8883	-116.6124	-116.6124	-92.4444	0.7927	70.8436	0.6095	1.1e-04	0.4813
8884	-116.6074	-116.6074	-91.0808	0.7811	72.5641	0.6242	1.1e-04	0.4809
8885	-116.5963	-116.5963	-92.9445	0.7971	70.1825	0.6038	1.1e-04	0.4813
8886	-116.6070	-116.6070	-93.4909	0.8018	69.4654	0.5976	1.1e-04	0.4809
8887	-116.5949	-116.5949	-92.3906	0.7924	70.9017	0.6100	1.1e-04	0.4812
8888	-116.6033	-116.6033	-92.6612	0.7947	70.5684	0.6070	1.1e-04	0.4809
8889	-116.6016	-116.6016	-94.5906	0.8112	67.9216	0.5844	1.1e-04	0.4845
8890	-116.6136	-116.6136	-91.8261	0.7874	71.6368	0.6163	1.1e-04	0.4807
8891	-116.5927	-116.5927	-92.8837	0.7967	70.2578	0.6044	1.1e-04	0.4815
8892	-116.6170	-116.6170	-93.0318	0.7978	70.0740	0.6029	1.1e-04	0.4807
8893	-116.6113	-116.6113	-92.7051	0.7950	70.5218	0.6066	1.1e-04	0.4811
8894	-116.6180	-116.6180	-92.0715	0.7895	71.3155	0.6134	1.1e-04	0.4807
8895	-116.5890	-116.5890	-94.4850	0.8104	68.0370	0.5853	1.1e-04	0.4812
8896	-116.5910	-116.5910	-93.7014	0.8037	69.0815	0.5943	1.1e-04	0.4808
8897	-116.6268	-116.6268	-92.5984	0.7940	70.6489	0.6078	1.1e-04	0.4813
8898	-116.5922	-116.5922	-92.1299	0.7902	71.2024	0.6126	1.1e-04	0.4812
8899	-116.6030	-116.6030	-92.3182	0.7917	70.9923	0.6108	1.1e-04	0.4817
8900	-116.5959	-116.5959	-94.0574	0.8067	68.6521	0.5905	1.1e-04	0.4808
8901	-116.5961	-116.5961	-93.1472	0.7989	69.9157	0.6015	1.1e-04	0.4815
8902	-116.6062	-116.6062	-92.0519	0.7894	71.3510	0.6138	1.1e-04	0.4814
8903	-116.6358	-116.6358	-90.9266	0.7796	72.8094	0.6263	1.1e-04	0.4810
8904	-116.6111	-116.6111	-93.4328	0.8012	69.5304	0.5981	1.1e-04	0.4810
8905	-116.5988	-116.5988	-91.1699	0.7819	72.4356	0.6231	1.1e-04	0.4817
8906	-116.6020	-116.6020	-92.4739	0.7931	70.7913	0.6090	1.1e-04	0.4808
8907	-116.5979	-116.5979	-93.2310	0.7996	69.8005	0.6005	1.1e-04	0.4810
8908	-116.6000	-116.6000	-92.5935	0.7941	70.6431	0.6077	1.1e-04	0.4809
8909	-116.5988	-116.5988	-91.8281	0.7876	71.6314	0.6162	1.1e-04	0.4815
8910	-116.6245	-116.6245	-93.1491	0.7987	69.8976	0.6013	1.1e-04	0.4807
8911	-116.6045	-116.6045	-91.9259	0.7884	71.5029	0.6151	1.1e-04	0.4812
8912	-116.6127	-116.6127	-94.7881	0.8128	67.6954	0.5824	1.1e-04	0.4809
8913	-116.5870	-116.5870	-94.4987	0.8105	68.0854	0.5857	1.1e-04	0.4810
8914	-116.5956	-116.5956	-92.8505	0.7963	70.2976	0.6047	1.1e-04	0.4807
8915	-116.5979	-116.5979	-91.4431	0.7843	72.1155	0.6204	1.1e-04	0.4810
8916	-116.5963	-116.5963	-93.0895	0.7984	69.9556	0.6018	1.1e-04	0.4807
8917	-116.6194	-116.6194	-91.2478	0.7824	72.3462	0.6224	1.1e-04	0.4810
8918	-116.6017	-116.6017	-91.0257	0.7807	72.6546	0.6250	1.1e-04	0.4808
8919	-116.6234	-116.6234	-90.1833	0.7733	73.6911	0.6339	1.1e-04	0.4814
8920	-116.5935	-116.5935	-92.6462	0.7946	70.5268	0.6069	1.1e-04	0.4810
8921	-116.6066	-116.6066	-93.1739	0.7990	69.8867	0.6012	1.1e-04	0.4818
8922	-116.6214	-116.6214	-92.2713	0.7912	71.0663	0.6114	1.1e-04	0.4807
8923	-116.6165	-116.6165	-91.5113	0.7847	72.0086	0.6195	1.1e-04	0.4812
8924	-116.6076	-116.6076	-90.5725	0.7767	73.2043	0.6297	1.1e-04	0.4809
8925	-116.6070	-116.6070	-93.6705	0.8033	69.2263	0.5955	1.1e-04	0.4813
8926	-116.5832	-116.5832	-92.2548	0.7913	71.0559	0.6114	1.1e-04	0.4810
8927	-116.6129	-116.6129	-93.4148	0.8011	69.5660	0.5985	1.1e-04	0.4813
8928	-116.5994	-116.5994	-92.6999	0.7950	70.4967	0.6064	1.1e-04	0.4808
8929	-116.6132	-116.6132	-93.9046	0.8053	68.9198	0.5929	1.1e-04	0.4814
8930	-116.5872	-116.5872	-93.4782	0.8018	69.4637	0.5976	1.1e-04	0.4807
8931	-116.6041	-116.6041	-92.1751	0.7905	71.1857	0.6123	1.1e-04	0.4812
8932	-116.6138	-116.6138	-90.9280	0.7797	72.7797	0.6260	1.1e-04	0.4806
8933	-116.6014	-116.6014	-93.1562	0.7989	69.8455	0.6009	1.1e-04	0.4815
8934	-116.6040	-116.6040	-92.1661	0.7904	71.1922	0.6126	1.1e-04	0.4810
8935	-116.5964	-116.5964	-93.5650	0.8025	69.3475	0.5965	1.1e-04	0.4813
8936	-116.6194	-116.6194	-93.0487	0.7979	70.0712	0.6028	1.1e-04	0.4810
8937	-116.5936	-116.5936	-93.0204	0.7978	70.0567	0.6028	1.1e-04	0.4815
8938	-116.5902	-116.5902	-92.8064	0.7960	70.3462	0.6051	1.1e-04	0.4808
8939	-116.5908	-116.5908	-91.5625	0.7853	71.9340	0.6189	1.1e-04	0.4813
8940	-116.5997	-116.5997	-90.2498	0.7740	73.5904	0.6330	1.1e-04	0.4810
8941	-116.6083	-116.6083	-90.9405	0.7799	72.6226	0.6249	1.1e-04	0.4818
8942	-116.5730	-116.5730	-93.3100	0.8004	69.6213	0.5990	1.1e-04	0.4816
8943	-116.5981	-116.5981	-93.5748	0.8025	69.3341	0.5964	1.1e-04	0.4823
8944	-116.6097	-116.6097	-92.9534	0.7971	70.1677	0.6037	1.1e-04	0.4816
8945	-116.6063	-116.6063	-92.9410	0.7970	70.1969	0.6039	1.1e-04	0.4820
8946	-116.6082	-116.6082	-94.0810	0.8068	68.6689	0.5908	1.1e-04	0.4825
8947	-116.6161	-116.6161	-92.3194	0.7917	71.0008	0.6109	1.1e-04	0.4814
8948	-116.5898	-116.5898	-93.9070	0.8054	68.8823	0.5926	1.1e-04	0.4816
8949	-116.6112	-116.6112	-92.7549	0.7954	70.4473	0.6060	1.1e-04	0.4826
8950	-116.5851	-116.5851	-94.4106	0.8098	68.1384	0.5862	1.1e-04	0.4821
8951	-116.5948	-116.5948	-92.6887	0.7950	70.4943	0.6064	1.1e-04	0.4816
8952	-116.6063	-116.6063	-93.5613	0.8024	69.3793	0.5968	1.1e-04	0.4820
8953	-116.6022	-116.6022	-94.4401	0.8099	68.1851	0.5865	1.1e-04	0.4816
8954	-116.5929	-116.5929	-93.1111	0.7986	69.9282	0.6017	1.1e-04	0.4817
8955	-116.5851	-116.5851	-92.0178	0.7893	71.3377	0.6138	1.1e-04	0.4826
8956	-116.6132	-116.6132	-92.3111	0.7916	70.9887	0.6107	1.1e-04	0.4826
8957	-116.5826	-116.5826	-92.5807	0.7941	70.6286	0.6077	1.1e-04	0.4826
8958	-116.6094	-116.6094	-92.4096	0.7925	70.8990	0.6098	1.1e-04	0.4824
8959	-116.5875	-116.5875	-94.2384	0.8083	68.4401	0.5888	1.1e-04	0.4827
8960	-116.6158	-116.6158	-92.8270	0.7960	70.3672	0.6053	1.1e-04	0.4826
8961	-116.6100	-116.6100	-91.9409	0.7884	71.5153	0.6151	1.1e-04	0.4826
8962	-116.5789	-116.5789	-92.2667	0.7915	71.0444	0.6112	1.1e-04	0.4820
8963	-116.6022	-116.6022	-92.4219	0.7926	70.7800	0.6089	1.1e-04	0.4827
8964	-116.5952	-116.5952	-94.3387	0.8091	68.3118	0.5877	1.1e-04	0.4822
8965	-116.5976	-116.5976	-93.6208	0.8029	69.2687	0.5959	1.1e-04	0.4827
8966	-116.5997	-116.5997	-93.0757	0.7982	70.0082	0.6023	1.1e-04	0.4822
8967	-116.6167	-116.6167	-93.2119	0.7993	69.8306	0.6007	1.1e-04	0.4823
8968	-116.5896	-116.5896	-91.7542	0.7870	71.7010	0.6168	1.1e-04	0.4821
8969	-116.6020	-116.6020	-91.8131	0.7874	71.6434	0.6164	1.1e-04	0.4820
8970	-116.5944	-116.5944	-93.4184	0.8012	69.5199	0.5981	1.1e-04	0.4824
8971	-116.6289	-116.6289	-93.2346	0.7994	69.8171	0.6008	1.1e-04	0.4829
8972	-116.5899	-116.5899	-94.4871	0.8104	68.0569	0.5854	1.1e-04	0.4828
8973	-116.6154	-116.6154	-92.6784	0.7947	70.5458	0.6069	1.1e-04	0.4821
8974	-116.5721	-116.5721	-93.9850	0.8062	68.7505	0.5916	1.1e-04	0.4822
8975	-116.5988	-116.5988	-92.0181	0.7892	71.2626	0.6130	1.1e-04	0.4832
8976	-116.5948	-116.5948	-93.1528	0.7989	69.8912	0.6013	1.1e-04	0.4822
8977	-116.5982	-116.5982	-92.1202	0.7901	71.2302	0.6129	1.1e-04	0.4822
8978	-116.5867	-116.5867	-93.2783	0.8001	69.7247	0.5999	1.1e-04	0.4829
8979	-116.5949	-116.5949	-93.9125	0.8055	68.8847	0.5925	1.1e-04	0.4828
8980	-116.5834	-116.5834	-93.4100	0.8012	69.5378	0.5983	1.1e-04	0.4822
8981	-116.5919	-116.5919	-92.2663	0.7914	71.0760	0.6113	1.1e-04	0.4825
8982	-116.6149	-116.6149	-93.4839	0.8016	69.4510	0.5975	1.1e-04	0.4830
8983	-116.5917	-116.5917	-92.1603	0.7905	71.1832	0.6124	1.1e-04	0.4828
8984	-116.5929	-116.5929	-93.9279	0.8056	68.8227	0.5922	1.1e-04	0.4827
8985	-116.5870	-116.5870	-92.9425	0.7972	70.0361	0.6025	1.1e-04	0.4836
8986	-116.5830	-116.5830	-94.4280	0.8100	68.1665	0.5865	1.1e-04	0.4829
8987	-116.5887	-116.5887	-93.4399	0.8014	69.5124	0.5981	1.1e-04	0.4828
8988	-116.6064	-116.6064	-93.4465	0.8014	69.5177	0.5981	1.1e-04	0.4826
8989	-116.6213	-116.6213	-92.0344	0.7892	71.3697	0.6139	1.1e-04	0.4830
8990	-116.6082	-116.6082	-93.4936	0.8018	69.4753	0.5976	1.1e-04	0.4827
8991	-116.5788	-116.5788	-93.4077	0.8012	69.4730	0.5977	1.1e-04	0.4824
8992	-116.5915	-116.5915	-93.2641	0.7999	69.7562	0.6001	1.1e-04	0.4827
8993	-116.6062	-116.6062	-90.8398	0.7790	72.8841	0.6270	1.1e-04	0.4830
8994	-116.5942	-116.5942	-92.6042	0.7942	70.6265	0.6076	1.1e-04	0.4826
8995	-116.6175	-116.6175	-91.9045	0.7881	71.5234	0.6154	1.1e-04	0.4827
8996	-116.6139	-116.6139	-92.0411	0.7893	71.3666	0.6140	1.1e-04	0.4827
8997	-116.5898	-116.5898	-93.0279	0.7979	70.0601	0.6028	1.1e-04	0.4823
8998	-116.5867	-116.5867	-94.4634	0.8102	68.0764	0.5858	1.1e-04	0.4825
8999	-116.5783	-116.5783	-93.4427	0.8015	69.4818	0.5979	1.1e-04	0.4833
9000	-116.5899	-116.5899	-93.1108	0.7986	69.9396	0.6017	1.1e-04	0.4820
9001	-116.6097	-116.6097	-93.2826	0.8000	69.7529	0.6001	1.1e-04	0.4822
9002	-116.5907	-116.5907	-93.3621	0.8008	69.5959	0.5988	1.1e-04	0.4824
9003	-116.6037	-116.6037	-92.3004	0.7916	71.0013	0.6109	1.1e-04	0.4826
9004	-116.5933	-116.5933	-91.5877	0.7855	71.9023	0.6187	1.1e-04	0.4822
9005	-116.6038	-116.6038	-92.2310	0.7910	71.0396	0.6112	1.1e-04	0.4824
9006	-116.6188	-116.6188	-93.2042	0.7992	69.8427	0.6008	1.1e-04	0.4815
9007	-116.5961	-116.5961	-91.2719	0.7828	72.3132	0.6222	1.1e-04	0.4821
9008	-116.5880	-116.5880	-92.8489	0.7964	70.2719	0.6045	1.1e-04	0.4820
9009	-116.5850	-116.5850	-93.3006	0.8003	69.7026	0.5996	1.1e-04	0.4820
9010	-116.5973	-116.5973	-92.6246	0.7944	70.5921	0.6073	1.1e-04	0.4818
9011	-116.6141	-116.6141	-93.0165	0.7976	70.0993	0.6031	1.1e-04	0.4819
9012	-116.6066	-116.6066	-92.8256	0.7961	70.3417	0.6051	1.1e-04	0.4815
9013	-116.6062	-116.6062	-92.7735	0.7956	70.4110	0.6058	1.1e-04	0.4813
9014	-116.6021	-116.6021	-92.3875	0.7923	70.9212	0.6101	1.1e-04	0.4810
9015	-116.5828	-116.5828	-93.4274	0.8014	69.4715	0.5977	1.1e-04	0.4813
9016	-116.5967	-116.5967	-91.3841	0.7838	72.2075	0.6210	1.1e-04	0.4814
9017	-116.5925	-116.5925	-93.3561	0.8007	69.6073	0.5989	1.1e-04	0.4813
9018	-116.5980	-116.5980	-91.3100	0.7831	72.0839	0.6202	1.1e-04	0.4811
9019	-116.5758	-116.5758	-93.3235	0.8005	69.6426	0.5992	1.1e-04	0.4813
9020	-116.6004	-116.6004	-93.6723	0.8034	69.1837	0.5951	1.1e-04	0.4815
9021	-116.6009	-116.6009	-92.6978	0.7950	70.4806	0.6063	1.1e-04	0.4813
9022	-116.5878	-116.5878	-93.6988	0.8037	69.1593	0.5950	1.1e-04	0.4806
9023	-116.5901	-116.5901	-92.2875	0.7916	71.0302	0.6110	1.1e-04	0.4816
9024	-116.5836	-116.5836	-91.7808	0.7873	71.6775	0.6166	1.1e-04	0.4812
9025	-116.5970	-116.5970	-91.5982	0.7856	71.9111	0.6186	1.1e-04	0.4813
9026	-116.5892	-116.5892	-91.9228	0.7884	71.4807	0.6150	1.1e-04	0.4810
9027	-116.6037	-116.6037	-91.9748	0.7888	71.4401	0.6146	1.1e-04	0.4813
9028	-116.6121	-116.6121	-91.7099	0.7865	71.7947	0.6176	1.1e-04	0.4815
9029	-116.6131	-116.6131	-92.5211	0.7934	70.7507	0.6086	1.1e-04	0.4812
9030	-116.5933	-116.5933	-93.3859	0.8010	69.5948	0.5987	1.1e-04	0.4813
9031	-116.5898	-116.5898	-92.8731	0.7966	70.2855	0.6045	1.1e-04	0.4810
9032	-116.6272	-116.6272	-91.3727	0.7835	72.2352	0.6214	1.1e-04	0.4808
9033	-116.6037	-116.6037	-92.4895	0.7932	70.7826	0.6089	1.1e-04	0.4812
9034	-116.6024	-116.6024	-92.1863	0.7906	71.1667	0.6123	1.1e-04	0.4805
9035	-116.6140	-116.6140	-92.7952	0.7957	70.4048	0.6056	1.1e-04	0.4813
9036	-116.5919	-116.5919	-92.5415	0.7937	70.6462	0.6077	1.1e-04	0.4808
9037	-116.5884	-116.5884	-93.0422	0.7980	70.0384	0.6026	1.1e-04	0.4812
9038	-116.5906	-116.5906	-92.4738	0.7932	70.7081	0.6083	1.1e-04	0.4808
9039	-116.5923	-116.5923	-93.6286	0.8030	69.2209	0.5955	1.1e-04	0.4819
9040	-116.6049	-116.6049	-92.6199	0.7943	70.6136	0.6075	1.1e-04	0.4807
9041	-116.6007	-116.6007	-92.7956	0.7958	70.3325	0.6050	1.1e-04	0.4816
9042	-116.6030	-116.6030	-92.3130	0.7917	71.0157	0.6108	1.1e-04	0.4810
9043	-116.5942	-116.5942	-93.5194	0.8021	69.3921	0.5970	1.1e-04	0.4819
9044	-116.5894	-116.5894	-93.5033	0.8020	69.4159	0.5972	1.1e-04	0.4810
9045	-116.5861	-116.5861	-92.1403	0.7903	71.2109	0.6127	1.1e-04	0.4815
9046	-116.6205	-116.6205	-92.1504	0.7902	71.2059	0.6126	1.1e-04	0.4809
9047	-116.5991	-116.5991	-92.6904	0.7949	70.4486	0.6061	1.1e-04	0.4812
9048	-116.6053	-116.6053	-92.4837	0.7931	70.8067	0.6090	1.1e-04	0.4813
9049	-116.6075	-116.6075	-92.0650	0.7895	71.3404	0.6137	1.1e-04	0.4819
9050	-116.6020	-116.6020	-92.4894	0.7932	70.7283	0.6084	1.1e-04	0.4809
9051	-116.6012	-116.6012	-92.3797	0.7923	70.8999	0.6100	1.1e-04	0.4814
9052	-116.5898	-116.5898	-93.0594	0.7982	70.0276	0.6024	1.1e-04	0.4805
9053	-116.6085	-116.6085	-91.6328	0.7858	71.8902	0.6184	1.1e-04	0.4816
9054	-116.6140	-116.6140	-91.6081	0.7856	71.9265	0.6187	1.1e-04	0.4807
9055	-116.5992	-116.5992	-92.5957	0.7941	70.6519	0.6077	1.1e-04	0.4814
9056	-116.5841	-116.5841	-92.1647	0.7905	71.1747	0.6123	1.1e-04	0.4809
9057	-116.6076	-116.6076	-92.4048	0.7924	70.8845	0.6098	1.1e-04	0.4814
9058	-116.5741	-116.5741	-91.0857	0.7814	72.5350	0.6241	1.1e-04	0.4811
9059	-116.5935	-116.5935	-92.0312	0.7893	71.3334	0.6138	1.1e-04	0.4814
9060	-116.6044	-116.6044	-90.7446	0.7782	73.0031	0.6280	1.1e-04	0.4809
9061	-116.5928	-116.5928	-89.8228	0.7704	74.1175	0.6375	1.1e-04	0.4815
9062	-116.5999	-116.5999	-92.5805	0.7940	70.6260	0.6075	1.1e-04	0.4810
9063	-116.5768	-116.5768	-92.1967	0.7909	71.1148	0.6118	1.1e-04	0.4813
9064	-116.6022	-116.6022	-91.9287	0.7884	71.5079	0.6152	1.1e-04	0.4808
9065	-116.6019	-116.6019	-90.5218	0.7763	73.2657	0.6302	1.1e-04	0.4812
9066	-116.6070	-116.6070	-90.4072	0.7753	73.3870	0.6314	1.1e-04	0.4806
9067	-116.5893	-116.5893	-90.5356	0.7765	73.2349	0.6301	1.1e-04	0.4813
9068	-116.6086	-116.6086	-91.6685	0.7861	71.8360	0.6181	1.1e-04	0.4806
9069	-116.5958	-116.5958	-93.0902	0.7984	69.9648	0.6020	1.1e-04	0.4814
9070	-116.5979	-116.5979	-93.1811	0.7992	69.8674	0.6011	1.1e-04	0.4811
9071	-116.5983	-116.5983	-93.5772	0.8026	69.2892	0.5962	1.1e-04	0.4815
9072	-116.5869	-116.5869	-94.4715	0.8103	68.1176	0.5860	1.1e-04	0.4806
9073	-116.5949	-116.5949	-92.3444	0.7920	70.9415	0.6105	1.1e-04	0.4813
9074	-116.6092	-116.6092	-92.8565	0.7963	70.3147	0.6049	1.1e-04	0.4809
9075	-116.5938	-116.5938	-92.6498	0.7946	70.5535	0.6070	1.1e-04	0.4813
9076	-116.5898	-116.5898	-92.3279	0.7919	70.9806	0.6106	1.1e-04	0.4805
9077	-116.5891	-116.5891	-91.5744	0.7854	71.9334	0.6189	1.1e-04	0.4810
9078	-116.5962	-116.5962	-93.9216	0.8055	68.8231	0.5921	1.1e-04	0.4807
9079	-116.5755	-116.5755	-93.1079	0.7987	69.9358	0.6017	1.1e-04	0.4812
9080	-116.5918	-116.5918	-92.7971	0.7959	70.3629	0.6053	1.1e-04	0.4808
9081	-116.5959	-116.5959	-89.7685	0.7699	74.1664	0.6381	1.1e-04	0.4812
9082	-116.5936	-116.5936	-92.8722	0.7965	70.2520	0.6044	1.1e-04	0.4807
9083	-116.6100	-116.6100	-91.9829	0.7888	71.4350	0.6146	1.1e-04	0.4815
9084	-116.6061	-116.6061	-90.5136	0.7762	73.2685	0.6303	1.1e-04	0.4809
9085	-116.5977	-116.5977	-92.3548	0.7921	70.9601	0.6104	1.1e-04	0.4817
9086	-116.6075	-116.6075	-92.9336	0.7970	70.2162	0.6039	1.1e-04	0.4816
9087	-116.5907	-116.5907	-93.1359	0.7988	69.9402	0.6016	1.1e-04	0.4814
9088	-116.5853	-116.5853	-92.5305	0.7937	70.6780	0.6082	1.1e-04	0.4806
9089	-116.6163	-116.6163	-91.3441	0.7833	72.2391	0.6215	1.1e-04	0.4818
9090	-116.6050	-116.6050	-93.2325	0.7996	69.6956	0.5996	1.1e-04	0.4816
9091	-116.5922	-116.5922	-92.2454	0.7912	71.0602	0.6114	1.1e-04	0.4820
9092	-116.6090	-116.6090	-91.9261	0.7883	71.5048	0.6152	1.1e-04	0.4809
9093	-116.6039	-116.6039	-92.1108	0.7899	71.2799	0.6131	1.1e-04	0.4827
9094	-116.6153	-116.6153	-90.4233	0.7754	73.4008	0.6315	1.1e-04	0.4818
9095	-116.6147	-116.6147	-92.1745	0.7904	71.2051	0.6126	1.1e-04	0.4821
9096	-116.5941	-116.5941	-90.8709	0.7794	72.8026	0.6264	1.1e-04	0.4816
9097	-116.6159	-116.6159	-90.0486	0.7722	73.8703	0.6354	1.1e-04	0.4815
9098	-116.6066	-116.6066	-92.0536	0.7894	71.3248	0.6136	1.1e-04	0.4810
9099	-116.5970	-116.5970	-91.8246	0.7875	71.6475	0.6162	1.1e-04	0.4817
9100	-116.5985	-116.5985	-92.6570	0.7947	70.5650	0.6070	1.1e-04	0.4808
9101	-116.6168	-116.6168	-91.6787	0.7862	71.8499	0.6180	1.1e-04	0.4814
9102	-116.5940	-116.5940	-93.2842	0.8001	69.7378	0.5999	1.1e-04	0.4812
9103	-116.6217	-116.6217	-93.2034	0.7992	69.8408	0.6008	1.1e-04	0.4816
9104	-116.5930	-116.5930	-91.5862	0.7855	71.9244	0.6187	1.1e-04	0.4810
9105	-116.6113	-116.6113	-93.1641	0.7989	69.9192	0.6014	1.1e-04	0.4823
9106	-116.5598	-116.5598	-93.4992	0.8022	69.3944	0.5971	1.1e-04	0.4813
9107	-116.5967	-116.5967	-90.9450	0.7800	72.7359	0.6258	1.1e-04	0.4818
9108	-116.6082	-116.6082	-90.7904	0.7786	72.9442	0.6275	1.1e-04	0.4813
9109	-116.6077	-116.6077	-90.3713	0.7750	73.4505	0.6319	1.1e-04	0.4824
9110	-116.5818	-116.5818	-91.0199	0.7807	72.6239	0.6249	1.1e-04	0.4818
9111	-116.6319	-116.6319	-90.8254	0.7787	72.9269	0.6273	1.1e-04	0.4823
9112	-116.6061	-116.6061	-91.6920	0.7863	71.7570	0.6173	1.1e-04	0.4814
9113	-116.6014	-116.6014	-92.5355	0.7936	70.7156	0.6084	1.1e-04	0.4826
9114	-116.5966	-116.5966	-92.6387	0.7945	70.5882	0.6072	1.1e-04	0.4822
9115	-116.5917	-116.5917	-92.3610	0.7922	70.9356	0.6102	1.1e-04	0.4822
9116	-116.5917	-116.5917	-90.6003	0.7771	73.1818	0.6294	1.1e-04	0.4820
9117	-116.6134	-116.6134	-92.1965	0.7906	71.1653	0.6122	1.1e-04	0.4822
9118	-116.6051	-116.6051	-92.8590	0.7964	70.2826	0.6046	1.1e-04	0.4822
9119	-116.6019	-116.6019	-92.2964	0.7916	71.0204	0.6110	1.1e-04	0.4826
9120	-116.5971	-116.5971	-91.8817	0.7880	71.3339	0.6136	1.1e-04	0.4819
9121	-116.6059	-116.6059	-90.9929	0.7803	72.6326	0.6249	1.1e-04	0.4817
9122	-116.5946	-116.5946	-89.3828	0.7666	74.6329	0.6420	1.1e-04	0.4818
9123	-116.5853	-116.5853	-92.0130	0.7892	71.3667	0.6139	1.1e-04	0.4828
9124	-116.6053	-116.6053	-92.1397	0.7902	71.2384	0.6129	1.1e-04	0.4826
9125	-116.5901	-116.5901	-91.6280	0.7859	71.8428	0.6182	1.1e-04	0.4831
9126	-116.5964	-116.5964	-92.1576	0.7904	71.2033	0.6126	1.1e-04	0.4828
9127	-116.5803	-116.5803	-91.4521	0.7845	72.1026	0.6202	1.1e-04	0.4825
9128	-116.6076	-116.6076	-92.2492	0.7911	71.0817	0.6115	1.1e-04	0.4825
9129	-116.5993	-116.5993	-90.0808	0.7726	73.7928	0.6348	1.1e-04	0.4830
9130	-116.5909	-116.5909	-92.9603	0.7973	70.1447	0.6035	1.1e-04	0.4825
9131	-116.6066	-116.6066	-90.6514	0.7774	73.1101	0.6289	1.1e-04	0.4830
9132	-116.6089	-116.6089	-90.7788	0.7785	72.9433	0.6275	1.1e-04	0.4823
9133	-116.6143	-116.6143	-91.1922	0.7820	72.3985	0.6227	1.1e-04	0.4830
9134	-116.5889	-116.5889	-90.8894	0.7796	72.7728	0.6261	1.1e-04	0.4824
9135	-116.5964	-116.5964	-91.3435	0.7834	72.2057	0.6212	1.1e-04	0.4830
9136	-116.5945	-116.5945	-92.2081	0.7908	71.1378	0.6120	1.1e-04	0.4824
9137	-116.6043	-116.6043	-91.6834	0.7863	71.7944	0.6177	1.1e-04	0.4830
9138	-116.6145	-116.6145	-89.1042	0.7641	74.9914	0.6451	1.1e-04	0.4825
9139	-116.6125	-116.6125	-89.9228	0.7711	74.0159	0.6366	1.1e-04	0.4831
9140	-116.5966	-116.5966	-91.3758	0.7837	72.2020	0.6211	1.1e-04	0.4826
9141	-116.5918	-116.5918	-93.2826	0.8001	69.7142	0.5999	1.1e-04	0.4826
9142	-116.5913	-116.5913	-90.9097	0.7797	72.7435	0.6257	1.1e-04	0.4827
9143	-116.6003	-116.6003	-90.9815	0.7803	72.6956	0.6254	1.1e-04	0.4837
9144	-116.5953	-116.5953	-91.6026	0.7856	71.9017	0.6186	1.1e-04	0.4828
9145	-116.5799	-116.5799	-90.3085	0.7746	73.4733	0.6320	1.1e-04	0.4827
9146	-116.5989	-116.5989	-91.7718	0.7871	71.5969	0.6159	1.1e-04	0.4828
9147	-116.5978	-116.5978	-90.3143	0.7746	73.4770	0.6320	1.1e-04	0.4825
9148	-116.6125	-116.6125	-88.8293	0.7617	75.3127	0.6478	1.1e-04	0.4820
9149	-116.5886	-116.5886	-90.8517	0.7792	72.8377	0.6267	1.1e-04	0.4828
9150	-116.5885	-116.5885	-90.8927	0.7796	72.7902	0.6262	1.1e-04	0.4830
9151	-116.5871	-116.5871	-92.1856	0.7907	71.1349	0.6121	1.1e-04	0.4830
9152	-116.6062	-116.6062	-91.1910	0.7820	72.3827	0.6228	1.1e-04	0.4829
9153	-116.5904	-116.5904	-90.6227	0.7773	73.0999	0.6290	1.1e-04	0.4834
9154	-116.5927	-116.5927	-91.2341	0.7825	72.3601	0.6226	1.1e-04	0.4831
9155	-116.6139	-116.6139	-90.4094	0.7753	73.3482	0.6311	1.1e-04	0.4835
9156	-116.5935	-116.5935	-91.1346	0.7816	72.4640	0.6235	1.1e-04	0.4830
9157	-116.6000	-116.6000	-90.9672	0.7802	72.6492	0.6251	1.1e-04	0.4835
9158	-116.6056	-116.6056	-90.7281	0.7781	72.9966	0.6280	1.1e-04	0.4825
9159	-116.6159	-116.6159	-90.1817	0.7733	73.6905	0.6340	1.1e-04	0.4828
9160	-116.6192	-116.6192	-89.7337	0.7695	74.2184	0.6385	1.1e-04	0.4825
9161	-116.5833	-116.5833	-89.8213	0.7704	74.1125	0.6375	1.1e-04	0.4829
9162	-116.6139	-116.6139	-90.6524	0.7774	73.1095	0.6290	1.1e-04	0.4823
9163	-116.6190	-116.6190	-90.6432	0.7773	73.1177	0.6290	1.1e-04	0.4834
9164	-116.6135	-116.6135	-91.5410	0.7850	71.9910	0.6193	1.1e-04	0.4823
9165	-116.6135	-116.6135	-89.8490	0.7705	74.0549	0.6372	1.1e-04	0.4826
9166	-116.6014	-116.6014	-91.3583	0.7835	72.2232	0.6213	1.1e-04	0.4822
9167	-116.5940	-116.5940	-89.2880	0.7658	74.7085	0.6427	1.1e-04	0.4829
9168	-116.6021	-116.6021	-90.0565	0.7723	73.8095	0.6350	1.1e-04	0.4826
9169	-116.5977	-116.5977	-90.3188	0.7746	73.5070	0.6323	1.1e-04	0.4827
9170	-116.6099	-116.6099	-90.4386	0.7756	73.3037	0.6308	1.1e-04	0.4821
9171	-116.6238	-116.6238	-89.4716	0.7672	74.5263	0.6411	1.1e-04	0.4823
9172	-116.6062	-116.6062	-88.9943	0.7632	75.0887	0.6461	1.1e-04	0.4818
9173	-116.6106	-116.6106	-89.1221	0.7643	74.9549	0.6449	1.1e-04	0.4825
9174	-116.6094	-116.6094	-90.9139	0.7796	72.7595	0.6261	1.1e-04	0.4816
9175	-116.5899	-116.5899	-92.4696	0.7931	70.7979	0.6091	1.1e-04	0.4816
9176	-116.6049	-116.6049	-90.0675	0.7724	73.8131	0.6350	1.1e-04	0.4816
9177	-116.6071	-116.6071	-90.4769	0.7759	73.3170	0.6307	1.1e-04	0.4814
9178	-116.6046	-116.6046	-91.2114	0.7822	72.3931	0.6227	1.1e-04	0.4809
9179	-116.5807	-116.5807	-90.7648	0.7786	72.9285	0.6275	1.1e-04	0.4817
9180	-116.6076	-116.6076	-89.8750	0.7707	74.0432	0.6370	1.1e-04	0.4814
9181	-116.6105	-116.6105	-91.2212	0.7823	72.3428	0.6225	1.1e-04	0.4816
9182	-116.6034	-116.6034	-90.2123	0.7737	73.6176	0.6334	1.1e-04	0.4809
9183	-116.5966	-116.5966	-90.2431	0.7740	73.5862	0.6331	1.1e-04	0.4816
9184	-116.5997	-116.5997	-90.3660	0.7750	73.4336	0.6318	1.1e-04	0.4809
9185	-116.5833	-116.5833	-93.1342	0.7989	69.9076	0.6014	1.1e-04	0.4815
9186	-116.5762	-116.5762	-91.3725	0.7838	72.1688	0.6210	1.1e-04	0.4811
9187	-116.5887	-116.5887	-91.1216	0.7816	72.4999	0.6238	1.1e-04	0.4815
9188	-116.6062	-116.6062	-89.4228	0.7669	74.6103	0.6418	1.1e-04	0.4808
9189	-116.6253	-116.6253	-87.9284	0.7539	76.3548	0.6568	1.1e-04	0.4818
9190	-116.5914	-116.5914	-90.6459	0.7775	73.0954	0.6289	1.1e-04	0.4813
9191	-116.5834	-116.5834	-89.8634	0.7708	74.0354	0.6370	1.1e-04	0.4813
9192	-116.5857	-116.5857	-92.3926	0.7925	70.8941	0.6098	1.1e-04	0.4809
9193	-116.5998	-116.5998	-91.9815	0.7889	71.3350	0.6136	1.1e-04	0.4813
9194	-116.5844	-116.5844	-90.4222	0.7756	73.2686	0.6304	1.1e-04	0.4810
9195	-116.5938	-116.5938	-91.3330	0.7833	72.2478	0.6216	1.1e-04	0.4813
9196	-116.6008	-116.6008	-91.6666	0.7862	71.8162	0.6179	1.1e-04	0.4809
9197	-116.6221	-116.6221	-90.1282	0.7728	73.7328	0.6342	1.1e-04	0.4816
9198	-116.6040	-116.6040	-92.3894	0.7923	70.8471	0.6095	1.1e-04	0.4810
9199	-116.6011	-116.6011	-90.9739	0.7802	72.6909	0.6255	1.1e-04	0.4812
9200	-116.6034	-116.6034	-90.7583	0.7783	72.9635	0.6278	1.1e-04	0.4807
9201	-116.5962	-116.5962	-92.2852	0.7915	70.9560	0.6104	1.1e-04	0.4811
9202	-116.5913	-116.5913	-92.1265	0.7902	71.2133	0.6128	1.1e-04	0.4809
9203	-116.5971	-116.5971	-91.8582	0.7878	71.5847	0.6158	1.1e-04	0.4816
9204	-116.5873	-116.5873	-91.6661	0.7862	71.8096	0.6178	1.1e-04	0.4807
9205	-116.5905	-116.5905	-89.3738	0.7666	74.6027	0.6418	1.1e-04	0.4813
9206	-116.5872	-116.5872	-90.4201	0.7756	73.3241	0.6309	1.1e-04	0.4810
9207	-116.5803	-116.5803	-91.8303	0.7877	71.6101	0.6160	1.1e-04	0.4812
9208	-116.5889	-116.5889	-91.8497	0.7878	71.5804	0.6159	1.1e-04	0.4811
9209	-116.6180	-116.6180	-92.2214	0.7908	71.1146	0.6117	1.1e-04	0.4815
9210	-116.6010	-116.6010	-90.4874	0.7760	73.2066	0.6297	1.1e-04	0.4808
9211	-116.5885	-116.5885	-89.4386	0.7671	74.5483	0.6413	1.1e-04	0.4812
9212	-116.5878	-116.5878	-89.6483	0.7689	74.3037	0.6393	1.1e-04	0.4808
9213	-116.6205	-116.6205	-89.5055	0.7675	74.5136	0.6410	1.1e-04	0.4814
9214	-116.5858	-116.5858	-92.4377	0.7929	70.8357	0.6093	1.1e-04	0.4807
9215	-116.5918	-116.5918	-90.7010	0.7779	73.0395	0.6283	1.1e-04	0.4814
9216	-116.6237	-116.6237	-90.1330	0.7729	73.6741	0.6339	1.1e-04	0.4807
9217	-116.6020	-116.6020	-91.2369	0.7825	72.3461	0.6224	1.1e-04	0.4814
9218	-116.5876	-116.5876	-92.4902	0.7933	70.7630	0.6088	1.1e-04	0.4808
9219	-116.5881	-116.5881	-90.6034	0.7771	73.1488	0.6293	1.1e-04	0.4814
9220	-116.5999	-116.5999	-90.4398	0.7756	73.3677	0.6312	1.1e-04	0.4810
9221	-116.5676	-116.5676	-91.6805	0.7865	71.7428	0.6173	1.1e-04	0.4814
9222	-116.6181	-116.6181	-89.2470	0.7653	74.8102	0.6436	1.1e-04	0.4810
9223	-116.5994	-116.5994	-91.3516	0.7835	72.2282	0.6214	1.1e-04	0.4812
9224	-116.5972	-116.5972	-90.9522	0.7801	72.7247	0.6257	1.1e-04	0.4812
9225	-116.6076	-116.6076	-89.2657	0.7655	74.7412	0.6430	1.1e-04	0.4813
9226	-116.6058	-116.6058	-89.5920	0.7683	74.3611	0.6398	1.1e-04	0.4812
9227	-116.5909	-116.5909	-91.1639	0.7819	72.4321	0.6232	1.1e-04	0.4818
9228	-116.6102	-116.6102	-89.6849	0.7691	74.2213	0.6384	1.1e-04	0.4810
9229	-116.6052	-116.6052	-91.2757	0.7828	72.2959	0.6220	1.1e-04	0.4816
9230	-116.6000	-116.6000	-90.5141	0.7763	73.2713	0.6302	1.1e-04	0.4813
9231	-116.5768	-116.5768	-91.5238	0.7851	71.9518	0.6191	1.1e-04	0.4814
9232	-116.6108	-116.6108	-88.8495	0.7619	75.2739	0.6476	1.1e-04	0.4806
9233	-116.6084	-116.6084	-89.6046	0.7684	74.3933	0.6399	1.1e-04	0.4816
9234	-116.6064	-116.6064	-89.3999	0.7667	74.6172	0.6420	1.1e-04	0.4810
9235	-116.5834	-116.5834	-92.3536	0.7922	70.9327	0.6103	1.1e-04	0.4813
9236	-116.6067	-116.6067	-91.7296	0.7867	71.7445	0.6173	1.1e-04	0.4811
9237	-116.5933	-116.5933	-91.3118	0.7832	72.2579	0.6217	1.1e-04	0.4820
9238	-116.6226	-116.6226	-90.8719	0.7792	72.8379	0.6267	1.1e-04	0.4812
9239	-116.5818	-116.5818	-90.2205	0.7739	73.6027	0.6332	1.1e-04	0.4814
9240	-116.5944	-116.5944	-90.9819	0.7803	72.6552	0.6251	1.1e-04	0.4809
9241	-116.6093	-116.6093	-90.0763	0.7725	73.8073	0.6350	1.1e-04	0.4814
9242	-116.5911	-116.5911	-91.4460	0.7843	72.1110	0.6203	1.1e-04	0.4811
9243	-116.6035	-116.6035	-90.4225	0.7755	73.3831	0.6312	1.1e-04	0.4813
9244	-116.5858	-116.5858	-89.4090	0.7669	74.5960	0.6418	1.1e-04	0.4813
9245	-116.6096	-116.6096	-91.0521	0.7808	72.6244	0.6247	1.1e-04	0.4812
9246	-116.6093	-116.6093	-89.4634	0.7672	74.5508	0.6414	1.1e-04	0.4811
9247	-116.6142	-116.6142	-88.9964	0.7632	75.1079	0.6462	1.1e-04	0.4814
9248	-116.6063	-116.6063	-90.8716	0.7793	72.7789	0.6261	1.1e-04	0.4813
9249	-116.5936	-116.5936	-92.5424	0.7937	70.6722	0.6080	1.1e-04	0.4812
9250	-116.5803	-116.5803	-90.7214	0.7782	72.9453	0.6275	1.1e-04	0.4806
9251	-116.6175	-116.6175	-90.1468	0.7730	73.7411	0.6344	1.1e-04	0.4814
9252	-116.5942	-116.5942	-91.5473	0.7852	71.9895	0.6193	1.1e-04	0.4811
9253	-116.6058	-116.6058	-88.9747	0.7630	75.1071	0.6461	1.1e-04	0.4813
9254	-116.5901	-116.5901	-91.6461	0.7861	71.8185	0.6179	1.1e-04	0.4812
9255	-116.6001	-116.6001	-91.2861	0.7829	72.3248	0.6221	1.1e-04	0.4815
9256	-116.5954	-116.5954	-92.3179	0.7918	70.9655	0.6105	1.1e-04	0.4816
9257	-116.5966	-116.5966	-90.6371	0.7774	73.1154	0.6291	1.1e-04	0.4826
9258	-116.5696	-116.5696	-90.7222	0.7783	72.9668	0.6279	1.1e-04	0.4816
9259	-116.6167	-116.6167	-89.7946	0.7700	74.1704	0.6380	1.1e-04	0.4816
9260	-116.6037	-116.6037	-89.2964	0.7658	74.7451	0.6430	1.1e-04	0.4811
9261	-116.5897	-116.5897	-90.9166	0.7798	72.7754	0.6260	1.1e-04	0.4813
9262	-116.5739	-116.5739	-92.9596	0.7974	70.1338	0.6034	1.1e-04	0.4815
9263	-116.6231	-116.6231	-89.6205	0.7685	74.3713	0.6398	1.1e-04	0.4824
9264	-116.6027	-116.6027	-91.0911	0.7812	72.5614	0.6242	1.1e-04	0.4806
9265	-116.5833	-116.5833	-91.6757	0.7864	71.8124	0.6178	1.1e-04	0.4812
9266	-116.6043	-116.6043	-90.1552	0.7732	73.6892	0.6339	1.1e-04	0.4813
9267	-116.6150	-116.6150	-90.5658	0.7766	73.2100	0.6298	1.1e-04	0.4813
9268	-116.5876	-116.5876	-91.5696	0.7854	71.9569	0.6190	1.1e-04	0.4808
9269	-116.6006	-116.6006	-89.4630	0.7673	74.5526	0.6413	1.1e-04	0.4814
9270	-116.6021	-116.6021	-91.8346	0.7876	71.5950	0.6160	1.1e-04	0.4815
9271	-116.5786	-116.5786	-91.7266	0.7868	71.7149	0.6171	1.1e-04	0.4815
9272	-116.6095	-116.6095	-90.8306	0.7789	72.8574	0.6267	1.1e-04	0.4811
9273	-116.5804	-116.5804	-94.2770	0.8087	68.3536	0.5881	1.1e-04	0.4814
9274	-116.5853	-116.5853	-91.0410	0.7809	72.6057	0.6247	1.1e-04	0.4816
9275	-116.6072	-116.6072	-92.0047	0.7890	71.4165	0.6143	1.1e-04	0.4813
9276	-116.6008	-116.6008	-91.0610	0.7810	72.5987	0.6244	1.1e-04	0.4813
9277	-116.5977	-116.5977	-90.7256	0.7781	72.9985	0.6281	1.1e-04	0.4830
9278	-116.5897	-116.5897	-92.1710	0.7906	71.1886	0.6124	1.1e-04	0.4805
9279	-116.6132	-116.6132	-91.6178	0.7857	71.9145	0.6186	1.1e-04	0.4818
9280	-116.6051	-116.6051	-89.6418	0.7688	74.3306	0.6395	1.1e-04	0.4820
9281	-116.5901	-116.5901	-90.8562	0.7793	72.8427	0.6267	1.1e-04	0.4815
9282	-116.6019	-116.6019	-89.2396	0.7653	74.8166	0.6436	1.1e-04	0.4818
9283	-116.6160	-116.6160	-88.4933	0.7588	75.6982	0.6512	1.1e-04	0.4820
9284	-116.5992	-116.5992	-89.8700	0.7708	74.0445	0.6369	1.1e-04	0.4819
9285	-116.5858	-116.5858	-92.5010	0.7934	70.7349	0.6086	1.0e-04	0.4818
9286	-116.6068	-116.6068	-92.3937	0.7924	70.9001	0.6099	1.0e-04	0.4815
9287	-116.5965	-116.5965	-89.3369	0.7662	74.6767	0.6424	1.0e-04	0.4819
9288	-116.6038	-116.6038	-90.0567	0.7723	73.8382	0.6352	1.0e-04	0.4810
9289	-116.6090	-116.6090	-91.0716	0.7810	72.5928	0.6245	1.0e-04	0.4819
9290	-116.5891	-116.5891	-93.3120	0.8003	69.6654	0.5993	1.0e-04	0.4809
9291	-116.5797	-116.5797	-90.8926	0.7797	72.7760	0.6260	1.0e-04	0.4829
9292	-116.5905	-116.5905	-90.5019	0.7762	73.2879	0.6304	1.0e-04	0.4814
9293	-116.6106	-116.6106	-90.3944	0.7752	73.4419	0.6317	1.0e-04	0.4829
9294	-116.5950	-116.5950	-90.3942	0.7753	73.4068	0.6315	1.0e-04	0.4828
9295	-116.5964	-116.5964	-90.4296	0.7756	73.2523	0.6302	1.0e-04	0.4831
9296	-116.5991	-116.5991	-90.3671	0.7750	73.4672	0.6319	1.0e-04	0.4826
9297	-116.5924	-116.5924	-91.8486	0.7878	71.5850	0.6158	1.0e-04	0.4827
9298	-116.5827	-116.5827	-89.9652	0.7717	73.8523	0.6353	1.0e-04	0.4826
9299	-116.6247	-116.6247	-89.2880	0.7656	74.7816	0.6433	1.0e-04	0.4829
9300	-116.6209	-116.6209	-90.2580	0.7739	73.6272	0.6333	1.0e-04	0.4835
9301	-116.5931	-116.5931	-94.0456	0.8066	68.6858	0.5909	1.0e-04	0.4829
9302	-116.6111	-116.6111	-90.3596	0.7749	73.4215	0.6316	1.0e-04	0.4816
9303	-116.6300	-116.6300	-88.8306	0.7616	75.3046	0.6478	1.0e-04	0.4823
9304	-116.6075	-116.6075	-89.7643	0.7698	74.1751	0.6381	1.0e-04	0.4817
9305	-116.5895	-116.5895	-90.7266	0.7782	72.9757	0.6277	1.0e-04	0.4827
9306	-116.5978	-116.5978	-90.4143	0.7754	73.3402	0.6310	1.0e-04	0.4821
9307	-116.5896	-116.5896	-91.9407	0.7886	71.4890	0.6149	1.0e-04	0.4833
9308	-116.6016	-116.6016	-90.5523	0.7766	73.2341	0.6300	1.0e-04	0.4826
9309	-116.6148	-116.6148	-90.9451	0.7799	72.7101	0.6255	1.0e-04	0.4822
9310	-116.6104	-116.6104	-92.1843	0.7905	71.1845	0.6124	1.0e-04	0.4825
9311	-116.6061	-116.6061	-91.2153	0.7823	72.4129	0.6228	1.0e-04	0.4824
9312	-116.5962	-116.5962	-92.7180	0.7952	70.4679	0.6063	1.0e-04	0.4815
9313	-116.6059	-116.6059	-90.5052	0.7762	73.2809	0.6305	1.0e-04	0.4816
9314	-116.6043	-116.6043	-92.3199	0.7917	70.9284	0.6102	1.0e-04	0.4813
9315	-116.5861	-116.5861	-92.2529	0.7913	70.9932	0.6108	1.0e-04	0.4817
9316	-116.6142	-116.6142	-90.0144	0.7719	73.9011	0.6357	1.0e-04	0.4823
9317	-116.5797	-116.5797	-93.8813	0.8053	68.9194	0.5929	1.0e-04	0.4823
9318	-116.6288	-116.6288	-91.2658	0.7825	72.3649	0.6225	1.0e-04	0.4826
9319	-116.6037	-116.6037	-90.5078	0.7762	73.2505	0.6302	1.0e-04	0.4816
9320	-116.5908	-116.5908	-90.8547	0.7793	72.7795	0.6261	1.0e-04	0.4823
9321	-116.6002	-116.6002	-91.5313	0.7850	72.0121	0.6194	1.0e-04	0.4828
9322	-116.5958	-116.5958	-91.7859	0.7872	71.6839	0.6166	1.0e-04	0.4817
9323	-116.5932	-116.5932	-91.9420	0.7886	71.4333	0.6146	1.0e-04	0.4823
9324	-116.5946	-116.5946	-92.3066	0.7917	70.9987	0.6108	1.0e-04	0.4823
9325	-116.6136	-116.6136	-91.1232	0.7814	72.5317	0.6239	1.0e-04	0.4827
9326	-116.5996	-116.5996	-90.4721	0.7759	73.3382	0.6308	1.0e-04	0.4826
9327	-116.6269	-116.6269	-89.8863	0.7707	74.0603	0.6372	1.0e-04	0.4825
9328	-116.6131	-116.6131	-91.0895	0.7811	72.5903	0.6243	1.0e-04	0.4833
9329	-116.6065	-116.6065	-91.0602	0.7809	72.5750	0.6244	1.0e-04	0.4835
9330	-116.6120	-116.6120	-90.3567	0.7748	73.4698	0.6321	1.0e-04	0.4833
9331	-116.6044	-116.6044	-92.0216	0.7892	71.3815	0.6141	1.0e-04	0.4831
9332	-116.5809	-116.5809	-92.2278	0.7911	71.0549	0.6113	1.0e-04	0.4823
9333	-116.6142	-116.6142	-90.3087	0.7744	73.5078	0.6324	1.0e-04	0.4827
9334	-116.5958	-116.5958	-90.6962	0.7779	73.0265	0.6282	1.0e-04	0.4823
9335	-116.6036	-116.6036	-92.5168	0.7934	70.6688	0.6081	1.0e-04	0.4823
9336	-116.6054	-116.6054	-90.0862	0.7726	73.8027	0.6349	1.0e-04	0.4819
9337	-116.6034	-116.6034	-91.1187	0.7814	72.5336	0.6240	1.0e-04	0.4814
9338	-116.5975	-116.5975	-91.9880	0.7889	71.4217	0.6145	1.0e-04	0.4819
9339	-116.5983	-116.5983	-91.5672	0.7853	71.9492	0.6190	1.0e-04	0.4826
9340	-116.5955	-116.5955	-91.2334	0.7825	72.3681	0.6226	1.0e-04	0.4817
9341	-116.5787	-116.5787	-91.2036	0.7823	72.3840	0.6228	1.0e-04	0.4827
9342	-116.6145	-116.6145	-90.0930	0.7726	73.8017	0.6348	1.0e-04	0.4820
9343	-116.5778	-116.5778	-91.6134	0.7859	71.8296	0.6180	1.0e-04	0.4822
9344	-116.6022	-116.6022	-92.5397	0.7936	70.7078	0.6084	1.0e-04	0.4817
9345	-116.6208	-116.6208	-90.7818	0.7784	72.9657	0.6276	1.0e-04	0.4818
9346	-116.5992	-116.5992	-92.7861	0.7958	70.3860	0.6055	1.0e-04	0.4823
9347	-116.6058	-116.6058	-91.9250	0.7883	71.5067	0.6152	1.0e-04	0.4826
9348	-116.5973	-116.5973	-91.2721	0.7828	72.2786	0.6218	1.0e-04	0.4822
9349	-116.6269	-116.6269	-91.5520	0.7850	72.0175	0.6195	1.0e-04	0.4822
9350	-116.6174	-116.6174	-90.3257	0.7745	73.5059	0.6324	1.0e-04	0.4817
9351	-116.6213	-116.6213	-91.8680	0.7877	71.5996	0.6160	1.0e-04	0.4829
9352	-116.6104	-116.6104	-93.4448	0.8013	69.5470	0.5982	1.0e-04	0.4820
9353	-116.6139	-116.6139	-91.1553	0.7817	72.4827	0.6236	1.0e-04	0.4829
9354	-116.6005	-116.6005	-91.3985	0.7839	72.1117	0.6204	1.0e-04	0.4823
9355	-116.5929	-116.5929	-92.5090	0.7934	70.7592	0.6086	1.0e-04	0.4828
9356	-116.5936	-116.5936	-91.8705	0.7880	71.5557	0.6157	1.0e-04	0.4821
9357	-116.5957	-116.5957	-91.5920	0.7856	71.9391	0.6188	1.0e-04	0.4820
9358	-116.6051	-116.6051	-91.1174	0.7814	72.5421	0.6240	1.0e-04	0.4826
9359	-116.6071	-116.6071	-93.1353	0.7987	69.9166	0.6016	1.0e-04	0.4826
9360	-116.6019	-116.6019	-91.1540	0.7818	72.4482	0.6233	1.0e-04	0.4820
9361	-116.5881	-116.5881	-92.5047	0.7934	70.7276	0.6085	1.0e-04	0.4830
9362	-116.5871	-116.5871	-91.5684	0.7854	71.9313	0.6189	1.0e-04	0.4827
9363	-116.5851	-116.5851	-92.3395	0.7920	70.9413	0.6104	1.0e-04	0.4829
9364	-116.6064	-116.6064	-91.3994	0.7838	72.1617	0.6208	1.0e-04	0.4821
9365	-116.6014	-116.6014	-92.9115	0.7968	70.1944	0.6039	1.0e-04	0.4826
9366	-116.6056	-116.6056	-91.7788	0.7871	71.6817	0.6167	1.0e-04	0.4829
9367	-116.5864	-116.5864	-90.9291	0.7799	72.7144	0.6256	1.0e-04	0.4838
9368	-116.5777	-116.5777	-92.6565	0.7948	70.5390	0.6068	1.0e-04	0.4830
9369	-116.6147	-116.6147	-91.0650	0.7809	72.4855	0.6236	1.0e-04	0.4827
9370	-116.6050	-116.6050	-92.8470	0.7963	70.3039	0.6049	1.0e-04	0.4833
9371	-116.6001	-116.6001	-90.9685	0.7802	72.7202	0.6256	1.0e-04	0.4832
9372	-116.6126	-116.6126	-90.5990	0.7769	73.1848	0.6295	1.0e-04	0.4827
9373	-116.5912	-116.5912	-93.6015	0.8028	69.2995	0.5962	1.0e-04	0.4828
9374	-116.6004	-116.6004	-92.3246	0.7918	70.9782	0.6107	1.0e-04	0.4828
9375	-116.6057	-116.6057	-92.9585	0.7972	70.1671	0.6035	1.0e-04	0.4811
9376	-116.5956	-116.5956	-91.9636	0.7887	71.4011	0.6142	1.0e-04	0.4821
9377	-116.5995	-116.5995	-91.7228	0.7866	71.7631	0.6173	1.0e-04	0.4829
9378	-116.5973	-116.5973	-90.8579	0.7792	72.8474	0.6266	1.0e-04	0.4827
9379	-116.5983	-116.5983	-91.4069	0.7839	72.1236	0.6205	1.0e-04	0.4813
9380	-116.6152	-116.6152	-91.4169	0.7839	72.1429	0.6207	1.0e-04	0.4818
9381	-116.5803	-116.5803	-93.2176	0.7996	69.7583	0.6002	1.0e-04	0.4818
9382	-116.6073	-116.6073	-92.8570	0.7963	70.2993	0.6049	1.0e-04	0.4819
9383	-116.6201	-116.6201	-92.3691	0.7921	70.9584	0.6105	1.0e-04	0.4821
9384	-116.6125	-116.6125	-90.1033	0.7727	73.7811	0.6348	1.0e-04	0.4816
9385	-116.6232	-116.6232	-90.5745	0.7766	73.2197	0.6299	1.0e-04	0.4816
9386	-116.6031	-116.6031	-93.6501	0.8032	69.2488	0.5958	1.0e-04	0.4811
9387	-116.6001	-116.6001	-92.6378	0.7945	70.5758	0.6072	1.0e-04	0.4816
9388	-116.6006	-116.6006	-92.6690	0.7948	70.5249	0.6067	1.0e-04	0.4819
9389	-116.6089	-116.6089	-92.4916	0.7932	70.7592	0.6087	1.0e-04	0.4818
9390	-116.6055	-116.6055	-91.6349	0.7859	71.8694	0.6184	1.0e-04	0.4825
9391	-116.6163	-116.6163	-92.4096	0.7924	70.9043	0.6100	1.0e-04	0.4813
9392	-116.6015	-116.6015	-92.8911	0.7967	70.2434	0.6044	1.0e-04	0.4825
9393	-116.6012	-116.6012	-93.1009	0.7985	69.9532	0.6018	1.0e-04	0.4818
9394	-116.6197	-116.6197	-92.4959	0.7931	70.7800	0.6089	1.0e-04	0.4825
9395	-116.6133	-116.6133	-92.6300	0.7943	70.5896	0.6073	1.0e-04	0.4825
9396	-116.6061	-116.6061	-94.1683	0.8076	68.5501	0.5898	1.0e-04	0.4825
9397	-116.5998	-116.5998	-92.9624	0.7973	70.1497	0.6036	1.0e-04	0.4830
9398	-116.6191	-116.6191	-92.8684	0.7963	70.2935	0.6048	1.0e-04	0.4825
9399	-116.6202	-116.6202	-91.1642	0.7817	72.4636	0.6235	1.0e-04	0.4823
9400	-116.6151	-116.6151	-91.5492	0.7851	71.9919	0.6194	1.0e-04	0.4828
9401	-116.6099	-116.6099	-91.8008	0.7872	71.6694	0.6165	1.0e-04	0.4825
9402	-116.5984	-116.5984	-91.3585	0.7835	72.2216	0.6213	1.0e-04	0.4823
9403	-116.5932	-116.5932	-92.7053	0.7951	70.4883	0.6065	1.0e-04	0.4826
9404	-116.5931	-116.5931	-92.4776	0.7932	70.7598	0.6087	1.0e-04	0.4829
9405	-116.6277	-116.6277	-90.9005	0.7794	72.7533	0.6259	1.0e-04	0.4828
9406	-116.5935	-116.5935	-92.6853	0.7949	70.4975	0.6065	1.0e-04	0.4833
9407	-116.5888	-116.5888	-94.0400	0.8066	68.6819	0.5910	1.0e-04	0.4819
9408	-116.6181	-116.6181	-90.4651	0.7757	73.3373	0.6311	1.0e-04	0.4830
9409	-116.5907	-116.5907	-93.1555	0.7990	69.8396	0.6010	1.0e-04	0.4825
9410	-116.5930	-116.5930	-92.7400	0.7954	70.4052	0.6057	1.0e-04	0.4835
9411	-116.5879	-116.5879	-92.2307	0.7911	71.1012	0.6117	1.0e-04	0.4829
9412	-116.5946	-116.5946	-91.2611	0.7827	72.3122	0.6222	1.0e-04	0.4829
9413	-116.5991	-116.5991	-92.2905	0.7915	71.0193	0.6111	1.0e-04	0.4833
9414	-116.6070	-116.6070	-93.0504	0.7980	70.0265	0.6025	1.0e-04	0.4844
9415	-116.5865	-116.5865	-94.5485	0.8110	68.0177	0.5851	1.0e-04	0.4830
9416	-116.6273	-116.6273	-92.3964	0.7922	70.9288	0.6102	1.0e-04	0.4828
9417	-116.6111	-116.6111	-91.9350	0.7884	71.5009	0.6152	1.0e-04	0.4820
9418	-116.6107	-116.6107	-92.3543	0.7920	70.9248	0.6102	1.0e-04	0.4832
9419	-116.6191	-116.6191	-92.4657	0.7929	70.8269	0.6093	1.0e-04	0.4825
9420	-116.5935	-116.5935	-93.2861	0.8001	69.6699	0.5994	1.0e-04	0.4830
9421	-116.6241	-116.6241	-93.2616	0.7997	69.7808	0.6003	1.0e-04	0.4826
9422	-116.5957	-116.5957	-92.3356	0.7919	70.9497	0.6104	1.0e-04	0.4829
9423	-116.6000	-116.6000	-92.5338	0.7936	70.7066	0.6084	1.0e-04	0.4821
9424	-116.5838	-116.5838	-92.5157	0.7936	70.7100	0.6085	1.0e-04	0.4832
9425	-116.6263	-116.6263	-92.0412	0.7892	71.3705	0.6139	1.0e-04	0.4833
9426	-116.6064	-116.6064	-91.7521	0.7869	71.7295	0.6171	1.0e-04	0.4832
9427	-116.5826	-116.5826	-92.8630	0.7965	70.2073	0.6041	1.0e-04	0.4829
9428	-116.5891	-116.5891	-94.1580	0.8076	68.4166	0.5887	1.0e-04	0.4831
9429	-116.6109	-116.6109	-91.7191	0.7865	71.7773	0.6175	1.0e-04	0.4825
9430	-116.5970	-116.5970	-92.3074	0.7917	71.0021	0.6109	1.0e-04	0.4830
9431	-116.5935	-116.5935	-94.0402	0.8066	68.6995	0.5911	1.0e-04	0.4828
9432	-116.6068	-116.6068	-92.4010	0.7924	70.9078	0.6100	1.0e-04	0.4828
9433	-116.5983	-116.5983	-91.4645	0.7844	72.0785	0.6201	1.0e-04	0.4819
9434	-116.6048	-116.6048	-90.4928	0.7761	73.2961	0.6306	1.0e-04	0.4828
9435	-116.6035	-116.6035	-92.0489	0.7894	71.3632	0.6139	1.0e-04	0.4824
9436	-116.6223	-116.6223	-92.2278	0.7908	71.1348	0.6120	1.0e-04	0.4822
9437	-116.5959	-116.5959	-93.9575	0.8058	68.8254	0.5919	1.0e-04	0.4818
9438	-116.5951	-116.5951	-91.7175	0.7866	71.7617	0.6173	1.0e-04	0.4824
9439	-116.6045	-116.6045	-93.0551	0.7980	69.8694	0.6010	1.0e-04	0.4812
9440	-116.6039	-116.6039	-91.0623	0.7810	72.5549	0.6243	1.0e-04	0.4816
9441	-116.5985	-116.5985	-92.5834	0.7940	70.5147	0.6067	1.0e-04	0.4812
9442	-116.6156	-116.6156	-91.2183	0.7822	72.3380	0.6224	1.0e-04	0.4817
9443	-116.6154	-116.6154	-91.0727	0.7810	72.6035	0.6246	1.0e-04	0.4811
9444	-116.5896	-116.5896	-91.8025	0.7874	71.6502	0.6163	1.0e-04	0.4821
9445	-116.6044	-116.6044	-90.7153	0.7780	72.9721	0.6278	1.0e-04	0.4813
9446	-116.6214	-116.6214	-91.8066	0.7872	71.6467	0.6162	1.0e-04	0.4822
9447	-116.6036	-116.6036	-91.5902	0.7855	71.9262	0.6189	1.0e-04	0.4817
9448	-116.5900	-116.5900	-92.0597	0.7896	71.2991	0.6134	1.0e-04	0.4813
9449	-116.6189	-116.6189	-91.3084	0.7830	72.1809	0.6210	1.0e-04	0.4820
9450	-116.5983	-116.5983	-92.6255	0.7944	70.6103	0.6074	1.0e-04	0.4821
9451	-116.6028	-116.6028	-91.8502	0.7877	71.6042	0.6160	1.0e-04	0.4818
9452	-116.6327	-116.6327	-91.8806	0.7878	71.5895	0.6159	1.0e-04	0.4816
9453	-116.5986	-116.5986	-91.9084	0.7882	71.4997	0.6151	1.0e-04	0.4818
9454	-116.6178	-116.6178	-89.9732	0.7715	73.8899	0.6357	1.0e-04	0.4817
9455	-116.6111	-116.6111	-91.3145	0.7831	72.2893	0.6219	1.0e-04	0.4819
9456	-116.6025	-116.6025	-90.4423	0.7756	73.3702	0.6312	1.0e-04	0.4812
9457	-116.5807	-116.5807	-91.9197	0.7885	71.4370	0.6147	1.0e-04	0.4817
9458	-116.6143	-116.6143	-90.4671	0.7758	73.3574	0.6310	1.0e-04	0.4816
9459	-116.6225	-116.6225	-91.6542	0.7859	71.8264	0.6179	1.0e-04	0.4817
9460	-116.5975	-116.5975	-90.6565	0.7775	73.0859	0.6288	1.0e-04	0.4824
9461	-116.5926	-116.5926	-91.6590	0.7861	71.8407	0.6180	1.0e-04	0.4821
9462	-116.5944	-116.5944	-92.4446	0.7929	70.8022	0.6090	1.0e-04	0.4813
9463	-116.6178	-116.6178	-92.1809	0.7905	71.1788	0.6123	1.0e-04	0.4818
9464	-116.6007	-116.6007	-91.7865	0.7872	71.6715	0.6166	1.0e-04	0.4823
9465	-116.6048	-116.6048	-91.6074	0.7856	71.8741	0.6183	1.0e-04	0.4819
9466	-116.5889	-116.5889	-92.5886	0.7941	70.6312	0.6077	1.0e-04	0.4808
9467	-116.6176	-116.6176	-90.4051	0.7752	73.4310	0.6317	1.0e-04	0.4813
9468	-116.6017	-116.6017	-91.3217	0.7832	72.2718	0.6217	1.0e-04	0.4820
9469	-116.6025	-116.6025	-90.8659	0.7793	72.8429	0.6267	1.0e-04	0.4816
9470	-116.6228	-116.6228	-90.7375	0.7780	72.9916	0.6280	1.0e-04	0.4815
9471	-116.5941	-116.5941	-90.5470	0.7766	73.2152	0.6300	1.0e-04	0.4818
9472	-116.5851	-116.5851	-91.0728	0.7812	72.5574	0.6243	1.0e-04	0.4822
9473	-116.5906	-116.5906	-90.9620	0.7802	72.6764	0.6252	1.0e-04	0.4816
9474	-116.6058	-116.6058	-91.5710	0.7853	71.9359	0.6189	1.0e-04	0.4819
9475	-116.5969	-116.5969	-92.1393	0.7902	71.2050	0.6127	1.0e-04	0.4823
9476	-116.6036	-116.6036	-91.2680	0.7827	72.3351	0.6224	1.0e-04	0.4823
9477	-116.5876	-116.5876	-91.3569	0.7836	72.1684	0.6209	1.0e-04	0.4814
9478	-116.5910	-116.5910	-92.0751	0.7897	71.2897	0.6134	1.0e-04	0.4820
9479	-116.6158	-116.6158	-90.6243	0.7771	73.1629	0.6293	1.0e-04	0.4821
9480	-116.5972	-116.5972	-92.5125	0.7934	70.6734	0.6080	1.0e-04	0.4814
9481	-116.6047	-116.6047	-90.6958	0.7778	73.0058	0.6280	1.0e-04	0.4820
9482	-116.6007	-116.6007	-93.0345	0.7979	70.0505	0.6027	1.0e-04	0.4822
9483	-116.6031	-116.6031	-91.3533	0.7835	72.2220	0.6214	1.0e-04	0.4820
9484	-116.5874	-116.5874	-91.6680	0.7863	71.7966	0.6179	1.0e-04	0.4823
9485	-116.6047	-116.6047	-91.4724	0.7845	72.0569	0.6199	1.0e-04	0.4828
9486	-116.5958	-116.5958	-91.6398	0.7860	71.8673	0.6182	1.0e-04	0.4817
9487	-116.6043	-116.6043	-90.8573	0.7792	72.8622	0.6267	1.0e-04	0.4828
9488	-116.5917	-116.5917	-91.7444	0.7869	71.7102	0.6171	1.0e-04	0.4823
9489	-116.5973	-116.5973	-91.3657	0.7836	72.1813	0.6210	1.0e-04	0.4819
9490	-116.5931	-116.5931	-92.4952	0.7933	70.7552	0.6088	1.0e-04	0.4823
9491	-116.6208	-116.6208	-89.7392	0.7695	74.2337	0.6386	1.0e-04	0.4825
9492	-116.6042	-116.6042	-90.8458	0.7791	72.8537	0.6267	1.0e-04	0.4831
9493	-116.6041	-116.6041	-91.9941	0.7889	71.4155	0.6144	1.0e-04	0.4821
9494	-116.5984	-116.5984	-92.2105	0.7908	71.0887	0.6115	1.0e-04	0.4825
9495	-116.6030	-116.6030	-91.5059	0.7848	72.0051	0.6196	1.0e-04	0.4825
9496	-116.5876	-116.5876	-92.4186	0.7927	70.8610	0.6096	1.0e-04	0.4818
9497	-116.6092	-116.6092	-90.6416	0.7773	73.0985	0.6290	1.0e-04	0.4823
9498	-116.6042	-116.6042	-90.8910	0.7795	72.8000	0.6263	1.0e-04	0.4821
9499	-116.5903	-116.5903	-91.1926	0.7822	72.4030	0.6228	1.0e-04	0.4821
9500	-116.6022	-116.6022	-90.9228	0.7798	72.6913	0.6255	1.0e-04	0.4821
9501	-116.6034	-116.6034	-92.3971	0.7924	70.8841	0.6100	1.0e-04	0.4820
9502	-116.6222	-116.6222	-92.1481	0.7901	71.1856	0.6123	1.0e-04	0.4820
9503	-116.6071	-116.6071	-91.2451	0.7825	72.3831	0.6226	1.0e-04	0.4825
9504	-116.6162	-116.6162	-91.2972	0.7829	72.3108	0.6220	1.0e-04	0.4821
9505	-116.6111	-116.6111	-93.4557	0.8014	69.5071	0.5979	1.0e-04	0.4826
9506	-116.6111	-116.6111	-91.9249	0.7883	71.4705	0.6150	1.0e-04	0.4818
9507	-116.6065	-116.6065	-89.7805	0.7699	74.1268	0.6375	1.0e-04	0.4825
9508	-116.5826	-116.5826	-91.8384	0.7878	71.5874	0.6160	1.0e-04	0.4827
9509	-116.6059	-116.6059	-91.7719	0.7870	71.7037	0.6169	1.0e-04	0.4827
9510	-116.5746	-116.5746	-93.8283	0.8049	68.9850	0.5934	1.0e-04	0.4816
9511	-116.6016	-116.6016	-92.9394	0.7971	70.1187	0.6032	1.0e-04	0.4830
9512	-116.6117	-116.6117	-91.8440	0.7876	71.6129	0.6160	1.0e-04	0.4824
9513	-116.6044	-116.6044	-91.0837	0.7811	72.5689	0.6243	1.0e-04	0.4824
9514	-116.5860	-116.5860	-91.3202	0.7833	72.2048	0.6212	1.0e-04	0.4826
9515	-116.6167	-116.6167	-90.2146	0.7736	73.6417	0.6335	1.0e-04	0.4833
9516	-116.5973	-116.5973	-92.1231	0.7901	71.2428	0.6130	1.0e-04	0.4827
9517	-116.5920	-116.5920	-93.6748	0.8034	69.2140	0.5954	1.0e-04	0.4837
9518	-116.6024	-116.6024	-90.5049	0.7762	73.2876	0.6304	1.0e-04	0.4834
9519	-116.5940	-116.5940	-91.2159	0.7823	72.3960	0.6228	1.0e-04	0.4829
9520	-116.6037	-116.6037	-91.6183	0.7857	71.8858	0.6185	1.0e-04	0.4822
9521	-116.5893	-116.5893	-93.0731	0.7983	69.9978	0.6022	1.0e-04	0.4826
9522	-116.6105	-116.6105	-93.2113	0.7993	69.8410	0.6009	1.0e-04	0.4833
9523	-116.5789	-116.5789	-91.4160	0.7842	72.1186	0.6206	1.0e-04	0.4830
9524	-116.5891	-116.5891	-92.1354	0.7903	71.2054	0.6126	1.0e-04	0.4820
9525	-116.6100	-116.6100	-92.3718	0.7921	70.9075	0.6102	1.0e-04	0.4831
9526	-116.6107	-116.6107	-91.8394	0.7876	71.5718	0.6158	1.0e-04	0.4823
9527	-116.6069	-116.6069	-91.8423	0.7876	71.5732	0.6158	1.0e-04	0.4826
9528	-116.6121	-116.6121	-92.1904	0.7906	71.1416	0.6120	1.0e-04	0.4821
9529	-116.6135	-116.6135	-91.4394	0.7841	72.1067	0.6204	1.0e-04	0.4828
9530	-116.5943	-116.5943	-92.4372	0.7928	70.8299	0.6095	1.0e-04	0.4823
9531	-116.5865	-116.5865	-92.0685	0.7897	71.2968	0.6134	1.0e-04	0.4828
9532	-116.6053	-116.6053	-91.1829	0.7820	72.4516	0.6233	1.0e-04	0.4824
9533	-116.6208	-116.6208	-88.9836	0.7630	75.1258	0.6464	1.0e-04	0.4825
9534	-116.6111	-116.6111	-89.8731	0.7707	74.0697	0.6372	1.0e-04	0.4821
9535	-116.5888	-116.5888	-92.4236	0.7927	70.8228	0.6093	1.0e-04	0.4828
9536	-116.5940	-116.5940	-91.9810	0.7889	71.3144	0.6136	1.0e-04	0.4823
9537	-116.5963	-116.5963	-92.1346	0.7902	71.2178	0.6128	1.0e-04	0.4828
9538	-116.6115	-116.6115	-91.9053	0.7881	71.5150	0.6153	1.0e-04	0.4820
9539	-116.5900	-116.5900	-91.7911	0.7873	71.6560	0.6165	1.0e-04	0.4828
9540	-116.5906	-116.5906	-92.8978	0.7968	70.2031	0.6040	1.0e-04	0.4826
9541	-116.6217	-116.6217	-90.8790	0.7793	72.8234	0.6265	1.0e-04	0.4829
9542	-116.5984	-116.5984	-92.3293	0.7919	70.9816	0.6107	1.0e-04	0.4817
9543	-116.5962	-116.5962	-92.0154	0.7892	71.3692	0.6140	1.0e-04	0.4826
9544	-116.6031	-116.6031	-91.5014	0.7847	72.0526	0.6198	1.0e-04	0.4816
9545	-116.6063	-116.6063	-92.8998	0.7967	70.1963	0.6038	1.0e-04	0.4824
9546	-116.5900	-116.5900	-92.0730	0.7897	71.2990	0.6135	1.0e-04	0.4816
9547	-116.5821	-116.5821	-93.4291	0.8014	69.4987	0.5980	1.0e-04	0.4822
9548	-116.6101	-116.6101	-90.0938	0.7726	73.7874	0.6349	1.0e-04	0.4825
9549	-116.5896	-116.5896	-90.5963	0.7771	73.1451	0.6294	1.0e-04	0.4829
9550	-116.6161	-116.6161	-91.0471	0.7807	72.6328	0.6248	1.0e-04	0.4831
9551	-116.5911	-116.5911	-92.9718	0.7974	70.0913	0.6030	1.0e-04	0.4827
9552	-116.5935	-116.5935	-92.4789	0.7932	70.7877	0.6089	1.0e-04	0.4817
9553	-116.5926	-116.5926	-93.7025	0.8037	69.1835	0.5950	1.0e-04	0.4824
9554	-116.5854	-116.5854	-91.6518	0.7861	71.8434	0.6180	1.0e-04	0.4816
9555	-116.5854	-116.5854	-90.6083	0.7772	73.1422	0.6292	1.0e-04	0.4828
9556	-116.6133	-116.6133	-91.4719	0.7844	72.0965	0.6201	1.0e-04	0.4819
9557	-116.5992	-116.5992	-91.4168	0.7840	72.1094	0.6204	1.0e-04	0.4826
9558	-116.5942	-116.5942	-91.0609	0.7810	72.5893	0.6245	1.0e-04	0.4830
9559	-116.5950	-116.5950	-91.5831	0.7855	71.9205	0.6189	1.0e-04	0.4831
9560	-116.6126	-116.6126	-91.7097	0.7864	71.7868	0.6175	1.0e-04	0.4822
9561	-116.6026	-116.6026	-90.3940	0.7752	73.4228	0.6316	1.0e-04	0.4824
9562	-116.6159	-116.6159	-91.4502	0.7842	72.1196	0.6204	1.0e-04	0.4827
9563	-116.5990	-116.5990	-91.2303	0.7824	72.3805	0.6227	1.0e-04	0.4824
9564	-116.6100	-116.6100	-92.4370	0.7927	70.8043	0.6093	1.0e-04	0.4820
9565	-116.5820	-116.5820	-92.6438	0.7947	70.5486	0.6069	1.0e-04	0.4831
9566	-116.5818	-116.5818	-92.6425	0.7947	70.5374	0.6070	1.0e-04	0.4823
9567	-116.6068	-116.6068	-90.8654	0.7792	72.8436	0.6266	1.0e-04	0.4824
9568	-116.6055	-116.6055	-90.9427	0.7799	72.7497	0.6259	1.0e-04	0.4819
9569	-116.5833	-116.5833	-89.7281	0.7696	74.1886	0.6385	1.0e-04	0.4826
9570	-116.6058	-116.6058	-88.5488	0.7594	75.6130	0.6505	1.0e-04	0.4822
9571	-116.5869	-116.5869	-91.3144	0.7832	72.2261	0.6214	1.0e-04	0.4825
9572	-116.5956	-116.5956	-90.7560	0.7784	72.9714	0.6277	1.0e-04	0.4818
9573	-116.5953	-116.5953	-92.9156	0.7969	70.1908	0.6039	1.0e-04	0.4823
9574	-116.6135	-116.6135	-92.6745	0.7947	70.5575	0.6070	1.0e-04	0.4824
9575	-116.5902	-116.5902	-91.6350	0.7860	71.8572	0.6183	1.0e-04	0.4830
9576	-116.5984	-116.5984	-89.8676	0.7707	74.0319	0.6370	1.0e-04	0.4824
9577	-116.6070	-116.6070	-89.9485	0.7714	73.9786	0.6364	1.0e-04	0.4828
9578	-116.5897	-116.5897	-91.6364	0.7860	71.8271	0.6179	1.0e-04	0.4828
9579	-116.6121	-116.6121	-89.8642	0.7706	74.0736	0.6372	1.0e-04	0.4828
9580	-116.6052	-116.6052	-90.2309	0.7738	73.5821	0.6332	1.0e-04	0.4820
9581	-116.5998	-116.5998	-90.1444	0.7731	73.6562	0.6337	1.0e-04	0.4827
9582	-116.6193	-116.6193	-91.7377	0.7866	71.7209	0.6168	1.0e-04	0.4822
9583	-116.6146	-116.6146	-90.4333	0.7755	73.3889	0.6312	1.0e-04	0.4823
9584	-116.5971	-116.5971	-92.2590	0.7913	71.0478	0.6112	1.0e-04	0.4824
9585	-116.5932	-116.5932	-93.7392	0.8040	69.0932	0.5945	1.0e-04	0.4828
9586	-116.5803	-116.5803	-92.0950	0.7900	71.2722	0.6131	1.0e-04	0.4820
9587	-116.6168	-116.6168	-91.0007	0.7803	72.6876	0.6254	1.0e-04	0.4822
9588	-116.5973	-116.5973	-92.6734	0.7948	70.5278	0.6068	1.0e-04	0.4822
9589	-116.5926	-116.5926	-92.0505	0.7895	71.3007	0.6136	1.0e-04	0.4826
9590	-116.5987	-116.5987	-91.6174	0.7857	71.8842	0.6185	1.0e-04	0.4819
9591	-116.6184	-116.6184	-91.7977	0.7872	71.6897	0.6167	1.0e-04	0.4825
9592	-116.5769	-116.5769	-90.9985	0.7806	72.6600	0.6250	1.0e-04	0.4815
9593	-116.6029	-116.6029	-92.2396	0.7911	71.0413	0.6112	1.0e-04	0.4825
9594	-116.5938	-116.5938	-91.9736	0.7888	71.4261	0.6145	1.0e-04	0.4817
9595	-116.5960	-116.5960	-91.6786	0.7863	71.8034	0.6178	1.0e-04	0.4817
9596	-116.5802	-116.5802	-92.9821	0.7976	70.1023	0.6032	1.0e-04	0.4814
9597	-116.5880	-116.5880	-92.4533	0.7930	70.7596	0.6087	1.0e-04	0.4818
9598	-116.6165	-116.6165	-92.4379	0.7927	70.8538	0.6096	1.0e-04	0.4816
9599	-116.5975	-116.5975	-90.5001	0.7762	73.2509	0.6302	1.0e-04	0.4820
9600	-116.5907	-116.5907	-92.1760	0.7906	71.1454	0.6121	1.0e-04	0.4816
9601	-116.6233	-116.6233	-91.2106	0.7821	72.3815	0.6227	1.0e-04	0.4824
9602	-116.5835	-116.5835	-93.1112	0.7987	69.9085	0.6016	1.0e-04	0.4819
9603	-116.5942	-116.5942	-92.5955	0.7942	70.6196	0.6076	1.0e-04	0.4819
9604	-116.5828	-116.5828	-92.0363	0.7894	71.2930	0.6135	1.0e-04	0.4815
9605	-116.5973	-116.5973	-91.7649	0.7870	71.6427	0.6163	1.0e-04	0.4826
9606	-116.6103	-116.6103	-92.5575	0.7937	70.6876	0.6081	1.0e-04	0.4817
9607	-116.5969	-116.5969	-91.0509	0.7809	72.5978	0.6247	1.0e-04	0.4818
9608	-116.6071	-116.6071	-90.9123	0.7796	72.7770	0.6262	1.0e-04	0.4816
9609	-116.6067	-116.6067	-91.6222	0.7857	71.9074	0.6186	1.0e-04	0.4824
9610	-116.6196	-116.6196	-91.9634	0.7886	71.4513	0.6147	1.0e-04	0.4814
9611	-116.5914	-116.5914	-93.8044	0.8046	69.0223	0.5939	1.0e-04	0.4832
9612	-116.5932	-116.5932	-91.3121	0.7832	72.2421	0.6215	1.0e-04	0.4815
9613	-116.5863	-116.5863	-92.6558	0.7947	70.4983	0.6065	1.0e-04	0.4820
9614	-116.5788	-116.5788	-92.2667	0.7915	71.0460	0.6112	1.0e-04	0.4819
9615	-116.6125	-116.6125	-90.7021	0.7778	72.9874	0.6279	1.0e-04	0.4820
9616	-116.5960	-116.5960	-89.2982	0.7659	74.7325	0.6429	1.0e-04	0.4814
9617	-116.5910	-116.5910	-91.2965	0.7830	72.2881	0.6219	1.0e-04	0.4818
9618	-116.6163	-116.6163	-91.4373	0.7841	72.1069	0.6202	1.0e-04	0.4814
9619	-116.5906	-116.5906	-90.5371	0.7765	73.2303	0.6299	1.0e-04	0.4820
9620	-116.6132	-116.6132	-92.3948	0.7923	70.9116	0.6101	1.0e-04	0.4813
9621	-116.5889	-116.5889	-90.5816	0.7769	73.1866	0.6296	1.0e-04	0.4820
9622	-116.5895	-116.5895	-92.8641	0.7965	70.2690	0.6045	1.0e-04	0.4816
9623	-116.5980	-116.5980	-91.7499	0.7869	71.7432	0.6171	1.0e-04	0.4817
9624	-116.6234	-116.6234	-92.0529	0.7893	71.3775	0.6140	1.0e-04	0.4810
9625	-116.5852	-116.5852	-92.7708	0.7957	70.3921	0.6056	1.0e-04	0.4821
9626	-116.6041	-116.6041	-92.2007	0.7907	71.1642	0.6122	1.0e-04	0.4815
9627	-116.6072	-116.6072	-92.7745	0.7956	70.3881	0.6055	1.0e-04	0.4818
9628	-116.6121	-116.6121	-90.7733	0.7784	72.9662	0.6277	1.0e-04	0.4814
9629	-116.5970	-116.5970	-91.6538	0.7861	71.8531	0.6181	1.0e-04	0.4820
9630	-116.6007	-116.6007	-92.8384	0.7962	70.3268	0.6050	1.0e-04	0.4816
9631	-116.6127	-116.6127	-92.2454	0.7910	71.0635	0.6114	1.0e-04	0.4814
9632	-116.5940	-116.5940	-92.4546	0.7930	70.8179	0.6091	1.0e-04	0.4817
9633	-116.5808	-116.5808	-92.7407	0.7955	70.4230	0.6059	1.0e-04	0.4820
9634	-116.5951	-116.5951	-92.1084	0.7900	71.2777	0.6131	1.0e-04	0.4814
9635	-116.5781	-116.5781	-93.2568	0.8000	69.7460	0.6000	1.0e-04	0.4825
9636	-116.5961	-116.5961	-92.4108	0.7926	70.8623	0.6096	1.0e-04	0.4818
9637	-116.6167	-116.6167	-91.2232	0.7822	72.3758	0.6226	1.0e-04	0.4812
9638	-116.6208	-116.6208	-92.2957	0.7914	71.0561	0.6113	1.0e-04	0.4811
9639	-116.6151	-116.6151	-90.8720	0.7792	72.8182	0.6263	1.0e-04	0.4815
9640	-116.5915	-116.5915	-93.5191	0.8021	69.4049	0.5971	1.0e-04	0.4808
9641	-116.5932	-116.5932	-90.5972	0.7770	73.1701	0.6294	1.0e-04	0.4827
9642	-116.6160	-116.6160	-91.9677	0.7886	71.3946	0.6142	1.0e-04	0.4822
9643	-116.6023	-116.6023	-91.8946	0.7881	71.5358	0.6155	1.0e-04	0.4821
9644	-116.6092	-116.6092	-92.4046	0.7924	70.8926	0.6098	1.0e-04	0.4822
9645	-116.5909	-116.5909	-92.8281	0.7962	70.3147	0.6050	1.0e-04	0.4820
9646	-116.5941	-116.5941	-94.1920	0.8079	68.4888	0.5893	1.0e-04	0.4820
9647	-116.5919	-116.5919	-91.5535	0.7852	71.9661	0.6192	1.0e-04	0.4812
9648	-116.5967	-116.5967	-90.7023	0.7779	73.0134	0.6282	1.0e-04	0.4821
9649	-116.5945	-116.5945	-91.4814	0.7846	72.0415	0.6198	1.0e-04	0.4816
9650	-116.5917	-116.5917	-92.4637	0.7931	70.8010	0.6092	1.0e-04	0.4818
9651	-116.5995	-116.5995	-91.1406	0.7817	72.4896	0.6236	1.0e-04	0.4822
9652	-116.6093	-116.6093	-92.5239	0.7935	70.7097	0.6083	1.0e-04	0.4824
9653	-116.5930	-116.5930	-91.7292	0.7867	71.7542	0.6173	1.0e-04	0.4815
9654	-116.6002	-116.6002	-89.6289	0.7687	74.3135	0.6394	1.0e-04	0.4818
9655	-116.5910	-116.5910	-93.3610	0.8008	69.6092	0.5990	1.0e-04	0.4818
9656	-116.6218	-116.6218	-91.0007	0.7803	72.7023	0.6254	1.0e-04	0.4824
9657	-116.6090	-116.6090	-90.5473	0.7765	73.2105	0.6300	1.0e-04	0.4819
9658	-116.6059	-116.6059	-92.0232	0.7892	71.3976	0.6141	1.0e-04	0.4818
9659	-116.5964	-116.5964	-91.7310	0.7867	71.7480	0.6173	1.0e-04	0.4820
9660	-116.5998	-116.5998	-92.2758	0.7914	71.0584	0.6113	1.0e-04	0.4826
9661	-116.6002	-116.6002	-92.3816	0.7923	70.9254	0.6101	1.0e-04	0.4826
9662	-116.5884	-116.5884	-91.5013	0.7848	72.0161	0.6195	1.0e-04	0.4827
9663	-116.5847	-116.5847	-92.1498	0.7904	71.1823	0.6124	1.0e-04	0.4823
9664	-116.5844	-116.5844	-92.3649	0.7923	70.9142	0.6101	1.0e-04	0.4822
9665	-116.6068	-116.6068	-91.4890	0.7846	72.0405	0.6198	1.0e-04	0.4823
9666	-116.5732	-116.5732	-92.1912	0.7908	71.1376	0.6120	1.0e-04	0.4829
9667	-116.6011	-116.6011	-91.9592	0.7887	71.4671	0.6148	1.0e-04	0.4828
9668	-116.6101	-116.6101	-92.2957	0.7915	71.0091	0.6109	1.0e-04	0.4818
9669	-116.6094	-116.6094	-92.2567	0.7912	71.0918	0.6116	1.0e-04	0.4822
9670	-116.5880	-116.5880	-90.6584	0.7776	73.0329	0.6285	1.0e-04	0.4823
9671	-116.5768	-116.5768	-92.0184	0.7893	71.3432	0.6138	1.0e-04	0.4816
9672	-116.5892	-116.5892	-92.4762	0.7932	70.7860	0.6090	1.0e-04	0.4821
9673	-116.5862	-116.5862	-93.8677	0.8051	68.9023	0.5929	1.0e-04	0.4823
9674	-116.5821	-116.5821	-92.0706	0.7897	71.3037	0.6134	1.0e-04	0.4818
9675	-116.5934	-116.5934	-91.3158	0.7832	72.2363	0.6214	1.0e-04	0.4817
9676	-116.5911	-116.5911	-90.1536	0.7732	73.6965	0.6341	1.0e-04	0.4827
9677	-116.6125	-116.6125	-89.9871	0.7717	73.7899	0.6348	1.0e-04	0.4826
9678	-116.6013	-116.6013	-90.7658	0.7784	72.9872	0.6277	1.0e-04	0.4821
9679	-116.6002	-116.6002	-90.8711	0.7793	72.8256	0.6266	1.0e-04	0.4823
9680	-116.6032	-116.6032	-92.7041	0.7950	70.4626	0.6063	1.0e-04	0.4828
9681	-116.5970	-116.5970	-91.2740	0.7828	72.2481	0.6215	1.0e-04	0.4826
9682	-116.5976	-116.5976	-91.2693	0.7828	72.3080	0.6223	1.0e-04	0.4826
9683	-116.6142	-116.6142	-91.7856	0.7871	71.5680	0.6158	1.0e-04	0.4826
9684	-116.5787	-116.5787	-91.1611	0.7820	72.4400	0.6233	1.0e-04	0.4825
9685	-116.6217	-116.6217	-90.9016	0.7795	72.8116	0.6263	1.0e-04	0.4827
9686	-116.6114	-116.6114	-89.1037	0.7641	74.9929	0.6451	1.0e-04	0.4821
9687	-116.6110	-116.6110	-90.6711	0.7776	72.9941	0.6279	1.0e-04	0.4819
9688	-116.5774	-116.5774	-92.2810	0.7916	70.9735	0.6106	1.0e-04	0.4828
9689	-116.5901	-116.5901	-91.6735	0.7863	71.7908	0.6177	1.0e-04	0.4826
9690	-116.5894	-116.5894	-91.6806	0.7864	71.7188	0.6170	1.0e-04	0.4815
9691	-116.5945	-116.5945	-92.2293	0.7910	71.1045	0.6117	1.0e-04	0.4822
9692	-116.5924	-116.5924	-91.2849	0.7829	72.2512	0.6215	1.0e-04	0.4823
9693	-116.5825	-116.5825	-89.9957	0.7719	73.8553	0.6355	1.0e-04	0.4825
9694	-116.5846	-116.5846	-92.2517	0.7913	71.0495	0.6114	1.0e-04	0.4825
9695	-116.6093	-116.6093	-91.4301	0.7841	72.1522	0.6206	1.0e-04	0.4828
9696	-116.6066	-116.6066	-91.6150	0.7857	71.8984	0.6186	1.0e-04	0.4837
9697	-116.5901	-116.5901	-90.6608	0.7776	73.0633	0.6286	1.0e-04	0.4824
9698	-116.5855	-116.5855	-91.1209	0.7816	72.4921	0.6237	1.0e-04	0.4832
9699	-116.5960	-116.5960	-90.3563	0.7750	73.4605	0.6320	1.0e-04	0.4826
9700	-116.5953	-116.5953	-91.2367	0.7825	72.2479	0.6216	1.0e-04	0.4828
9701	-116.5941	-116.5941	-92.5195	0.7935	70.6790	0.6081	1.0e-04	0.4826
9702	-116.5854	-116.5854	-91.2933	0.7831	72.3013	0.6219	1.0e-04	0.4833
9703	-116.6045	-116.6045	-91.2402	0.7825	72.3263	0.6222	1.0e-04	0.4823
9704	-116.5872	-116.5872	-91.5948	0.7856	71.9035	0.6186	1.0e-04	0.4825
9705	-116.6060	-116.6060	-90.6106	0.7771	73.1457	0.6292	1.0e-04	0.4827
9706	-116.5904	-116.5904	-90.2865	0.7744	73.5518	0.6327	1.0e-04	0.4831
9707	-116.6105	-116.6105	-90.6910	0.7777	73.0650	0.6286	1.0e-04	0.4815
9708	-116.5984	-116.5984	-91.1063	0.7814	72.4684	0.6234	1.0e-04	0.4823
9709	-116.5948	-116.5948	-91.5119	0.7849	72.0264	0.6196	1.0e-04	0.4815
9710	-116.6032	-116.6032	-92.1536	0.7903	71.2188	0.6127	1.0e-04	0.4825
9711	-116.6036	-116.6036	-90.5741	0.7768	73.2080	0.6298	1.0e-04	0.4824
9712	-116.6036	-116.6036	-91.3115	0.7831	72.1966	0.6211	1.0e-04	0.4824
9713	-116.6091	-116.6091	-90.1110	0.7728	73.7934	0.6347	1.0e-04	0.4827
9714	-116.5950	-116.5950	-91.0477	0.7809	72.6176	0.6247	1.0e-04	0.4827
9715	-116.6058	-116.6058	-91.6570	0.7860	71.8458	0.6182	1.0e-04	0.4822
9716	-116.6043	-116.6043	-92.1156	0.7900	71.2599	0.6130	1.0e-04	0.4825
9717	-116.5947	-116.5947	-91.7132	0.7866	71.7610	0.6173	1.0e-04	0.4831
9718	-116.6071	-116.6071	-92.5411	0.7936	70.6985	0.6082	1.0e-04	0.4836
9719	-116.6058	-116.6058	-90.0449	0.7722	73.8281	0.6350	1.0e-04	0.4821
9720	-116.6075	-116.6075	-91.0412	0.7807	72.6129	0.6248	1.0e-04	0.4833
9721	-116.6020	-116.6020	-90.0802	0.7725	73.7816	0.6348	1.0e-04	0.4833
9722	-116.6284	-116.6284	-90.5269	0.7762	73.2907	0.6305	1.0e-04	0.4841
9723	-116.5932	-116.5932	-91.9927	0.7890	71.4203	0.6143	1.0e-04	0.4831
9724	-116.5930	-116.5930	-90.4685	0.7759	73.3249	0.6308	1.0e-04	0.4828
9725	-116.5889	-116.5889	-91.7858	0.7873	71.6578	0.6164	1.0e-04	0.4833
9726	-116.6184	-116.6184	-90.3636	0.7749	73.4803	0.6321	1.0e-04	0.4832
9727	-116.5860	-116.5860	-92.3039	0.7917	70.9646	0.6105	1.0e-04	0.4825
9728	-116.6030	-116.6030	-89.5770	0.7682	74.3898	0.6402	1.0e-04	0.4830
9729	-116.6095	-116.6095	-91.3831	0.7837	72.1961	0.6212	1.0e-04	0.4827
9730	-116.6235	-116.6235	-89.5847	0.7682	74.4226	0.6403	1.0e-04	0.4830
9731	-116.6235	-116.6235	-90.1385	0.7729	73.7047	0.6342	1.0e-04	0.4833
9732	-116.5810	-116.5810	-92.9402	0.7972	70.1509	0.6034	1.0e-04	0.4841
9733	-116.6034	-116.6034	-90.8848	0.7794	72.7933	0.6263	1.0e-04	0.4832
9734	-116.6036	-116.6036	-91.1827	0.7820	72.4380	0.6231	1.0e-04	0.4825
9735	-116.6124	-116.6124	-88.9019	0.7624	75.2170	0.6470	1.0e-04	0.4831
9736	-116.6117	-116.6117	-91.1676	0.7818	72.4435	0.6234	1.0e-04	0.4836
9737	-116.6230	-116.6230	-90.9982	0.7803	72.5939	0.6245	1.0e-04	0.4826
9738	-116.5724	-116.5724	-91.3021	0.7832	72.2617	0.6217	1.0e-04	0.4832
9739	-116.5871	-116.5871	-89.7385	0.7697	74.1913	0.6383	1.0e-04	0.4831
9740	-116.5833	-116.5833	-90.6504	0.7776	73.0694	0.6287	1.0e-04	0.4829
9741	-116.5982	-116.5982	-91.0961	0.7813	72.4976	0.6237	1.0e-04	0.4825
9742	-116.5929	-116.5929	-91.7829	0.7872	71.6800	0.6167	1.0e-04	0.4840
9743	-116.5852	-116.5852	-91.2844	0.7830	72.2971	0.6219	1.0e-04	0.4834
9744	-116.5796	-116.5796	-90.5310	0.7766	73.2171	0.6300	1.0e-04	0.4824
9745	-116.5871	-116.5871	-90.0792	0.7726	73.7803	0.6348	1.0e-04	0.4825
9746	-116.5960	-116.5960	-88.2592	0.7570	75.9225	0.6534	1.0e-04	0.4830
9747	-116.5935	-116.5935	-88.6628	0.7604	75.4734	0.6494	1.0e-04	0.4817
9748	-116.5987	-116.5987	-90.9821	0.7803	72.6826	0.6254	1.0e-04	0.4818
9749	-116.6037	-116.6037	-89.2580	0.7655	74.7968	0.6435	1.0e-04	0.4820
9750	-116.6058	-116.6058	-88.6928	0.7606	75.4662	0.6491	1.0e-04	0.4822
9751	-116.6014	-116.6014	-89.8698	0.7707	73.9941	0.6366	1.0e-04	0.4819
9752	-116.5876	-116.5876	-89.9608	0.7716	73.9094	0.6359	1.0e-04	0.4822
9753	-116.6040	-116.6040	-90.0007	0.7718	73.8933	0.6358	1.0e-04	0.4819
9754	-116.6141	-116.6141	-89.1643	0.7646	74.9172	0.6443	1.0e-04	0.4823
9755	-116.5958	-116.5958	-91.1343	0.7816	72.5161	0.6237	1.0e-04	0.4818
9756	-116.6130	-116.6130	-89.7356	0.7695	74.2074	0.6383	1.0e-04	0.4814
9757	-116.6123	-116.6123	-89.8079	0.7701	74.1491	0.6377	1.0e-04	0.4812
9758	-116.6123	-116.6123	-88.9776	0.7630	75.1380	0.6464	1.0e-04	0.4814
9759	-116.5835	-116.5835	-88.9335	0.7628	75.1631	0.6466	1.0e-04	0.4813
9760	-116.6086	-116.6086	-88.8504	0.7620	75.2450	0.6473	1.0e-04	0.4811
9761	-116.5963	-116.5963	-89.2768	0.7657	74.7193	0.6428	1.0e-04	0.4814
9762	-116.6004	-116.6004	-90.8455	0.7791	72.8770	0.6269	1.0e-04	0.4813
9763	-116.5963	-116.5963	-90.6621	0.7776	73.0471	0.6284	1.0e-04	0.4811
9764	-116.5946	-116.5946	-88.9086	0.7625	75.2115	0.6469	1.0e-04	0.4809
9765	-116.5999	-116.5999	-89.5066	0.7676	74.4790	0.6407	1.0e-04	0.4813
9766	-116.5977	-116.5977	-88.1168	0.7557	76.1215	0.6549	1.0e-04	0.4812
9767	-116.6252	-116.6252	-89.8891	0.7708	74.0595	0.6371	1.0e-04	0.4810
9768	-116.5954	-116.5954	-88.5953	0.7599	75.5599	0.6500	1.0e-04	0.4810
9769	-116.5977	-116.5977	-90.7158	0.7780	73.0341	0.6282	1.0e-04	0.4814
9770	-116.5975	-116.5975	-89.3374	0.7662	74.7045	0.6426	1.0e-04	0.4813
9771	-116.5957	-116.5957	-88.6728	0.7605	75.4608	0.6492	1.0e-04	0.4812
9772	-116.5858	-116.5858	-90.1051	0.7729	73.7397	0.6344	1.0e-04	0.4810
9773	-116.5906	-116.5906	-90.5501	0.7767	73.1910	0.6297	1.0e-04	0.4814
9774	-116.6318	-116.6318	-89.6603	0.7687	74.3576	0.6395	1.0e-04	0.4812
9775	-116.6013	-116.6013	-89.9354	0.7713	73.9851	0.6363	1.0e-04	0.4817
9776	-116.5908	-116.5908	-88.6731	0.7605	75.4580	0.6492	1.0e-04	0.4809
9777	-116.5671	-116.5671	-89.6487	0.7691	74.1944	0.6383	1.0e-04	0.4810
9778	-116.5970	-116.5970	-88.5212	0.7592	75.6596	0.6508	1.0e-04	0.4848
9779	-116.5988	-116.5988	-87.0998	0.7470	77.2891	0.6648	1.0e-04	0.4815
9780	-116.6027	-116.6027	-86.8895	0.7452	77.5223	0.6668	1.0e-04	0.4812
9781	-116.6075	-116.6075	-87.3213	0.7488	76.9977	0.6623	1.0e-04	0.4809
9782	-116.5986	-116.5986	-90.5771	0.7768	73.1968	0.6297	1.0e-04	0.4812
9783	-116.6073	-116.6073	-89.4352	0.7670	74.5799	0.6416	1.0e-04	0.4810
9784	-116.5941	-116.5941	-90.2440	0.7740	73.5867	0.6332	1.0e-04	0.4813
9785	-116.6080	-116.6080	-90.2924	0.7743	73.5674	0.6328	1.0e-04	0.4812
9786	-116.6006	-116.6006	-89.9061	0.7711	73.9891	0.6365	1.0e-04	0.4809
9787	-116.6052	-116.6052	-90.4253	0.7755	73.3819	0.6313	1.0e-04	0.4811
9788	-116.6172	-116.6172	-90.5833	0.7768	73.1614	0.6294	1.0e-04	0.4814
9789	-116.5704	-116.5704	-91.5392	0.7853	71.9511	0.6191	1.0e-04	0.4823
9790	-116.5895	-116.5895	-90.3437	0.7749	73.4518	0.6320	1.0e-04	0.4816
9791	-116.6014	-116.6014	-91.7656	0.7870	71.6194	0.6162	1.0e-04	0.4812
9792	-116.5839	-116.5839	-89.5668	0.7683	74.3704	0.6399	1.0e-04	0.4816
9793	-116.6009	-116.6009	-90.8283	0.7790	72.7971	0.6263	1.0e-04	0.4819
9794	-116.6186	-116.6186	-90.7636	0.7783	72.9594	0.6278	1.0e-04	0.4810
9795	-116.6006	-116.6006	-89.3488	0.7663	74.6942	0.6425	1.0e-04	0.4814
9796	-116.6140	-116.6140	-87.9078	0.7538	76.3654	0.6569	1.0e-04	0.4815
9797	-116.5959	-116.5959	-88.9010	0.7625	75.2032	0.6469	1.0e-04	0.4811
9798	-116.6191	-116.6191	-88.2723	0.7569	75.9471	0.6532	1.0e-04	0.4813
9799	-116.5991	-116.5991	-90.1210	0.7729	73.7735	0.6345	1.0e-04	0.4815
9800	-116.6218	-116.6218	-89.5864	0.7682	74.3484	0.6395	1.0e-04	0.4817
9801	-116.6154	-116.6154	-88.1719	0.7561	76.0652	0.6545	1.0e-04	0.4811
9802	-116.5978	-116.5978	-88.6795	0.7606	75.3774	0.6485	1.0e-04	0.4812
9803	-116.5893	-116.5893	-90.3105	0.7746	73.4423	0.6318	1.0e-04	0.4812
9804	-116.5908	-116.5908	-88.0320	0.7551	76.1412	0.6550	1.0e-04	0.4815
9805	-116.6215	-116.6215	-86.9915	0.7459	77.4109	0.6660	1.0e-04	0.4812
9806	-116.5985	-116.5985	-89.5780	0.7683	74.4036	0.6401	1.0e-04	0.4812
9807	-116.6024	-116.6024	-89.9679	0.7716	73.9325	0.6360	1.0e-04	0.4813
9808	-116.5719	-116.5719	-90.0809	0.7727	73.7563	0.6346	1.0e-04	0.4812
9809	-116.5914	-116.5914	-89.3386	0.7663	74.6779	0.6425	1.0e-04	0.4813
9810	-116.5947	-116.5947	-90.7114	0.7780	73.0280	0.6282	1.0e-04	0.4812
9811	-116.6098	-116.6098	-88.3010	0.7572	75.8525	0.6526	1.0e-04	0.4810
9812	-116.6004	-116.6004	-89.5927	0.7684	74.3613	0.6399	1.0e-04	0.4813
9813	-116.5793	-116.5793	-89.4225	0.7671	74.5861	0.6416	1.0e-04	0.4812
9814	-116.6100	-116.6100	-89.8792	0.7708	74.0004	0.6367	1.0e-04	0.4811
9815	-116.6126	-116.6126	-89.9461	0.7713	73.9835	0.6364	1.0e-04	0.4814
9816	-116.6082	-116.6082	-88.6764	0.7605	75.4493	0.6489	1.0e-04	0.4814
9817	-116.5963	-116.5963	-89.2510	0.7655	74.7768	0.6435	1.0e-04	0.4811
9818	-116.5848	-116.5848	-89.1629	0.7648	74.8912	0.6442	1.0e-04	0.4812
9819	-116.6156	-116.6156	-89.4673	0.7672	74.5608	0.6414	1.0e-04	0.4813
9820	-116.5921	-116.5921	-90.5508	0.7766	73.2217	0.6299	1.0e-04	0.4818
9821	-116.5986	-116.5986	-91.0236	0.7807	72.6231	0.6249	1.0e-04	0.4811
9822	-116.6071	-116.6071	-90.6243	0.7772	73.1464	0.6293	1.0e-04	0.4816
9823	-116.5939	-116.5939	-89.4686	0.7674	74.5360	0.6412	1.0e-04	0.4811
9824	-116.5912	-116.5912	-90.3382	0.7748	73.4104	0.6316	1.0e-04	0.4816
9825	-116.6018	-116.6018	-89.3241	0.7661	74.7083	0.6428	1.0e-04	0.4813
9826	-116.6227	-116.6227	-88.6118	0.7598	75.5778	0.6501	1.0e-04	0.4814
9827	-116.5991	-116.5991	-88.2120	0.7565	76.0172	0.6539	1.0e-04	0.4811
9828	-116.6054	-116.6054	-88.6731	0.7605	75.4730	0.6493	1.0e-04	0.4814
9829	-116.5794	-116.5794	-89.9104	0.7712	73.9933	0.6365	1.0e-04	0.4812
9830	-116.5744	-116.5744	-90.8461	0.7793	72.8413	0.6267	1.0e-04	0.4810
9831	-116.6136	-116.6136	-89.7043	0.7692	74.2405	0.6388	1.0e-04	0.4811
9832	-116.6170	-116.6170	-88.0806	0.7553	76.1346	0.6550	1.0e-04	0.4815
9833	-116.5823	-116.5823	-90.2018	0.7737	73.6339	0.6335	1.0e-04	0.4816
9834	-116.5926	-116.5926	-90.9732	0.7803	72.6979	0.6254	1.0e-04	0.4811
9835	-116.5991	-116.5991	-90.3981	0.7753	73.3320	0.6309	1.0e-04	0.4812
9836	-116.5916	-116.5916	-89.3205	0.7661	74.7114	0.6427	1.0e-04	0.4818
9837	-116.5877	-116.5877	-91.7522	0.7870	71.7158	0.6169	1.0e-04	0.4815
9838	-116.5855	-116.5855	-90.4116	0.7755	73.3800	0.6313	1.0e-04	0.4814
9839	-116.5920	-116.5920	-90.1661	0.7733	73.6602	0.6338	1.0e-04	0.4812
9840	-116.6079	-116.6079	-89.9500	0.7714	73.9839	0.6364	1.0e-04	0.4817
9841	-116.6010	-116.6010	-89.1814	0.7648	74.8858	0.6442	1.0e-04	0.4812
9842	-116.5965	-116.5965	-92.2980	0.7916	71.0094	0.6109	1.0e-04	0.4813
9843	-116.5975	-116.5975	-90.5980	0.7770	73.1520	0.6294	1.0e-04	0.4814
9844	-116.5831	-116.5831	-89.1041	0.7643	74.9587	0.6448	1.0e-04	0.4813
9845	-116.6258	-116.6258	-88.1588	0.7559	76.0161	0.6539	1.0e-04	0.4816
9846	-116.5967	-116.5967	-89.4776	0.7674	74.5242	0.6412	1.0e-04	0.4816
9847	-116.5916	-116.5916	-89.3120	0.7660	74.7164	0.6427	1.0e-04	0.4816
9848	-116.6032	-116.6032	-88.2702	0.7570	75.9418	0.6533	1.0e-04	0.4815
9849	-116.6019	-116.6019	-87.0648	0.7467	77.3223	0.6651	1.0e-04	0.4818
9850	-116.5943	-116.5943	-89.1430	0.7646	74.9185	0.6446	1.0e-04	0.4812
9851	-116.5936	-116.5936	-89.7750	0.7700	74.1373	0.6379	1.0e-04	0.4812
9852	-116.6017	-116.6017	-88.5446	0.7594	75.6246	0.6506	1.0e-04	0.4821
9853	-116.6010	-116.6010	-88.7615	0.7612	75.3556	0.6482	1.0e-04	0.4817
9854	-116.6115	-116.6115	-88.3712	0.7578	75.8116	0.6522	1.0e-04	0.4819
9855	-116.6050	-116.6050	-88.7867	0.7614	75.3155	0.6480	1.0e-04	0.4815
9856	-116.6073	-116.6073	-89.7119	0.7694	74.2107	0.6385	1.0e-04	0.4813
9857	-116.5954	-116.5954	-90.2229	0.7738	73.6381	0.6334	1.0e-04	0.4816
9858	-116.6109	-116.6109	-89.2065	0.7650	74.8331	0.6438	1.0e-04	0.4821
9859	-116.6182	-116.6182	-89.7842	0.7699	74.1765	0.6381	1.0e-04	0.4814
9860	-116.5913	-116.5913	-90.8308	0.7791	72.8786	0.6269	1.0e-04	0.4825
9861	-116.5746	-116.5746	-90.6240	0.7774	73.1161	0.6290	1.0e-04	0.4818
9862	-116.5988	-116.5988	-90.2848	0.7743	73.5481	0.6328	1.0e-04	0.4823
9863	-116.6027	-116.6027	-88.8266	0.7618	75.2986	0.6478	1.0e-04	0.4816
9864	-116.5806	-116.5806	-90.9061	0.7798	72.7779	0.6261	1.0e-04	0.4822
9865	-116.5941	-116.5941	-89.3187	0.7661	74.7036	0.6427	1.0e-04	0.4817
9866	-116.5792	-116.5792	-89.9973	0.7720	73.8895	0.6356	1.0e-04	0.4819
9867	-116.6247	-116.6247	-89.5439	0.7678	74.4639	0.6405	1.0e-04	0.4813
9868	-116.6104	-116.6104	-90.7361	0.7781	72.9988	0.6281	1.0e-04	0.4823
9869	-116.5943	-116.5943	-89.2159	0.7652	74.8451	0.6438	1.0e-04	0.4815
9870	-116.5969	-116.5969	-89.5102	0.7677	74.4608	0.6405	1.0e-04	0.4823
9871	-116.5999	-116.5999	-91.6984	0.7864	71.7913	0.6176	1.0e-04	0.4819
9872	-116.6042	-116.6042	-90.7343	0.7781	72.9952	0.6281	1.0e-04	0.4816
9873	-116.6275	-116.6275	-89.0072	0.7632	75.1035	0.6462	1.0e-04	0.4820
9874	-116.5846	-116.5846	-91.0525	0.7810	72.5665	0.6243	1.0e-04	0.4820
9875	-116.5844	-116.5844	-91.8362	0.7877	71.5889	0.6160	1.0e-04	0.4817
9876	-116.6034	-116.6034	-89.4452	0.7671	74.5889	0.6415	1.0e-04	0.4829
9877	-116.5758	-116.5758	-91.1975	0.7823	72.3939	0.6228	1.0e-04	0.4816
9878	-116.6031	-116.6031	-92.0923	0.7898	71.3040	0.6133	1.0e-04	0.4820
9879	-116.5930	-116.5930	-90.5675	0.7768	73.1868	0.6297	1.0e-04	0.4817
9880	-116.5901	-116.5901	-89.0859	0.7641	74.9977	0.6451	1.0e-04	0.4827
9881	-116.6207	-116.6207	-90.8621	0.7791	72.8457	0.6268	1.0e-04	0.4822
9882	-116.5919	-116.5919	-90.7047	0.7780	72.9804	0.6277	1.0e-04	0.4827
9883	-116.6089	-116.6089	-90.3417	0.7747	73.4938	0.6321	1.0e-04	0.4834
9884	-116.5975	-116.5975	-91.3581	0.7835	72.2351	0.6213	1.0e-04	0.4826
9885	-116.6013	-116.6013	-91.8841	0.7880	71.5672	0.6156	1.0e-04	0.4827
9886	-116.6004	-116.6004	-90.5355	0.7765	73.2470	0.6300	1.0e-04	0.4829
9887	-116.5940	-116.5940	-91.9359	0.7885	71.5107	0.6150	1.0e-04	0.4828
9888	-116.6151	-116.6151	-89.6886	0.7691	74.3009	0.6391	1.0e-04	0.4828
9889	-116.6089	-116.6089	-90.1595	0.7732	73.7352	0.6342	1.0e-04	0.4824
9890	-116.5829	-116.5829	-92.1468	0.7904	71.2235	0.6126	1.0e-04	0.4830
9891	-116.5928	-116.5928	-91.0944	0.7813	72.5595	0.6241	1.0e-04	0.4824
9892	-116.5878	-116.5878	-92.1053	0.7900	71.2707	0.6131	1.0e-04	0.4827
9893	-116.6036	-116.6036	-91.6251	0.7858	71.8560	0.6182	1.0e-04	0.4829
9894	-116.6092	-116.6092	-91.5426	0.7850	72.0173	0.6193	1.0e-04	0.4832
9895	-116.6060	-116.6060	-90.7354	0.7781	73.0201	0.6281	1.0e-04	0.4821
9896	-116.5982	-116.5982	-89.9917	0.7718	73.8676	0.6355	1.0e-04	0.4827
9897	-116.5838	-116.5838	-90.7671	0.7786	72.9311	0.6274	1.0e-04	0.4825
9898	-116.6058	-116.6058	-90.2481	0.7740	73.6059	0.6331	1.0e-04	0.4830
9899	-116.6044	-116.6044	-89.3588	0.7663	74.6319	0.6421	1.0e-04	0.4826
9900	-116.5854	-116.5854	-90.3983	0.7754	73.4025	0.6315	1.0e-04	0.4831
9901	-116.5929	-116.5929	-90.5958	0.7770	73.1528	0.6293	1.0e-04	0.4824
9902	-116.6006	-116.6006	-89.8551	0.7706	74.0255	0.6369	1.0e-04	0.4828
9903	-116.5705	-116.5705	-91.5780	0.7856	71.9120	0.6187	1.0e-04	0.4833
9904	-116.6014	-116.6014	-89.9974	0.7718	73.9079	0.6357	1.0e-04	0.4835
9905	-116.5796	-116.5796	-92.2772	0.7915	70.9864	0.6107	1.0e-04	0.4823
9906	-116.6028	-116.6028	-90.4658	0.7758	73.2940	0.6306	1.0e-04	0.4826
9907	-116.5930	-116.5930	-89.5231	0.7678	74.4485	0.6405	1.0e-04	0.4823
9908	-116.5893	-116.5893	-91.6180	0.7858	71.7572	0.6173	1.0e-04	0.4830
9909	-116.5842	-116.5842	-90.4095	0.7755	73.3867	0.6314	1.0e-04	0.4828
9910	-116.6069	-116.6069	-90.2773	0.7742	73.5434	0.6327	1.0e-04	0.4830
9911	-116.5911	-116.5911	-90.2878	0.7744	73.5617	0.6327	1.0e-04	0.4822
9912	-116.5812	-116.5812	-91.8188	0.7876	71.6073	0.6160	1.0e-04	0.4825
9913	-116.5923	-116.5923	-89.2573	0.7656	74.7960	0.6433	1.0e-04	0.4825
9914	-116.6087	-116.6087	-90.3563	0.7749	73.4816	0.6321	1.0e-04	0.4823
9915	-116.5833	-116.5833	-88.5771	0.7598	75.5440	0.6499	1.0e-04	0.4823
9916	-116.5888	-116.5888	-90.9807	0.7804	72.6711	0.6250	1.0e-04	0.4827
9917	-116.5897	-116.5897	-90.8868	0.7795	72.8086	0.6263	1.0e-04	0.4825
9918	-116.6062	-116.6062	-88.8095	0.7616	75.2918	0.6478	1.0e-04	0.4824
9919	-116.5881	-116.5881	-91.0160	0.7807	72.5807	0.6245	1.0e-04	0.4819
9920	-116.6018	-116.6018	-89.0609	0.7638	75.0287	0.6454	1.0e-04	0.4825
9921	-116.6061	-116.6061	-90.3442	0.7748	73.4982	0.6321	1.0e-04	0.4824
9922	-116.5865	-116.5865	-91.5686	0.7854	71.9503	0.6190	1.0e-04	0.4824
9923	-116.5973	-116.5973	-89.7318	0.7696	74.2322	0.6385	1.0e-04	0.4810
9924	-116.6101	-116.6101	-90.1185	0.7728	73.7691	0.6344	1.0e-04	0.4819
9925	-116.6009	-116.6009	-91.4355	0.7842	72.1282	0.6205	1.0e-04	0.4817
9926	-116.5975	-116.5975	-90.1427	0.7731	73.7416	0.6343	1.0e-04	0.4817
9927	-116.6019	-116.6019	-90.4166	0.7754	73.3942	0.6314	1.0e-04	0.4816
9928	-116.6157	-116.6157	-88.9395	0.7627	75.1952	0.6467	1.0e-04	0.4819
9929	-116.5965	-116.5965	-90.4924	0.7761	73.3058	0.6306	1.0e-04	0.4814
9930	-116.6039	-116.6039	-91.5371	0.7850	72.0070	0.6194	1.0e-04	0.4823
9931	-116.5857	-116.5857	-91.8075	0.7875	71.6351	0.6162	1.0e-04	0.4811
9932	-116.6044	-116.6044	-90.4081	0.7753	73.3468	0.6309	1.0e-04	0.4815
9933	-116.6277	-116.6277	-88.6367	0.7600	75.4966	0.6495	1.0e-04	0.4813
9934	-116.6217	-116.6217	-90.2107	0.7735	73.6811	0.6338	1.0e-04	0.4817
9935	-116.5968	-116.5968	-90.2838	0.7743	73.5337	0.6325	1.0e-04	0.4813
9936	-116.5823	-116.5823	-88.9267	0.7628	75.1255	0.6464	1.0e-04	0.4812
9937	-116.5876	-116.5876	-90.1499	0.7732	73.6694	0.6339	1.0e-04	0.4814
9938	-116.5853	-116.5853	-91.7344	0.7868	71.7077	0.6169	1.0e-04	0.4815
9939	-116.5889	-116.5889	-91.1601	0.7819	72.4575	0.6234	1.0e-04	0.4815
9940	-116.5954	-116.5954	-91.0256	0.7807	72.6365	0.6248	1.0e-04	0.4818
9941	-116.5882	-116.5882	-89.5454	0.7680	74.4052	0.6400	1.0e-04	0.4811
9942	-116.6054	-116.6054	-90.2409	0.7739	73.6221	0.6332	1.0e-04	0.4814
9943	-116.5716	-116.5716	-89.8317	0.7706	74.0859	0.6373	1.0e-04	0.4812
9944	-116.5887	-116.5887	-89.3727	0.7666	74.6153	0.6420	1.0e-04	0.4813
9945	-116.6109	-116.6109	-88.5629	0.7595	75.6237	0.6505	1.0e-04	0.4811
9946	-116.6096	-116.6096	-90.3643	0.7749	73.4670	0.6320	1.0e-04	0.4811
9947	-116.6008	-116.6008	-88.3312	0.7576	75.8745	0.6527	1.0e-04	0.4811
9948	-116.6032	-116.6032	-87.7279	0.7524	76.5569	0.6586	1.0e-04	0.4813
9949	-116.5989	-116.5989	-90.7605	0.7784	72.8758	0.6270	1.0e-04	0.4813
9950	-116.6169	-116.6169	-89.9225	0.7711	73.9867	0.6365	1.0e-04	0.4811
9951	-116.5949	-116.5949	-89.3498	0.7663	74.6823	0.6424	1.0e-04	0.4809
9952	-116.6046	-116.6046	-88.5248	0.7592	75.6174	0.6506	1.0e-04	0.4814
9953	-116.5980	-116.5980	-89.2294	0.7653	74.7859	0.6434	1.0e-04	0.4816
9954	-116.5974	-116.5974	-88.4947	0.7590	75.6793	0.6511	1.0e-04	0.4810
9955	-116.6009	-116.6009	-89.9314	0.7713	73.9647	0.6363	1.0e-04	0.4811
9956	-116.6174	-116.6174	-88.9676	0.7629	75.1177	0.6462	1.0e-04	0.4813
9957	-116.6068	-116.6068	-89.6544	0.7689	74.3370	0.6394	1.0e-04	0.4813
9958	-116.5900	-116.5900	-87.3514	0.7492	76.9845	0.6623	1.0e-04	0.4815
9959	-116.5892	-116.5892	-90.5592	0.7767	73.2090	0.6298	1.0e-04	0.4812
9960	-116.5887	-116.5887	-89.1675	0.7648	74.8486	0.6438	1.0e-04	0.4818
9961	-116.6075	-116.6075	-90.0617	0.7723	73.8279	0.6351	1.0e-04	0.4814
9962	-116.5983	-116.5983	-90.1057	0.7728	73.7686	0.6346	1.0e-04	0.4813
9963	-116.5993	-116.5993	-90.5015	0.7762	73.2878	0.6304	1.0e-04	0.4814
9964	-116.6022	-116.6022	-88.7461	0.7611	75.3950	0.6486	1.0e-04	0.4817
9965	-116.6085	-116.6085	-90.4025	0.7753	73.4195	0.6316	1.0e-04	0.4812
9966	-116.6220	-116.6220	-88.3251	0.7574	75.8960	0.6528	1.0e-04	0.4816
9967	-116.6021	-116.6021	-90.7145	0.7780	73.0270	0.6282	1.0e-04	0.4816
9968	-116.5921	-116.5921	-88.5299	0.7593	75.6256	0.6505	1.0e-04	0.4811
9969	-116.5959	-116.5959	-89.9886	0.7718	73.9114	0.6359	1.0e-04	0.4816
9970	-116.6201	-116.6201	-90.4212	0.7753	73.3738	0.6311	1.0e-04	0.4815
9971	-116.5986	-116.5986	-90.6222	0.7772	73.1449	0.6292	1.0e-04	0.4813
9972	-116.6073	-116.6073	-90.9778	0.7802	72.7102	0.6255	1.0e-04	0.4814
9973	-116.5892	-116.5892	-91.7986	0.7874	71.6563	0.6165	1.0e-04	0.4811
9974	-116.6194	-116.6194	-88.9601	0.7628	75.1354	0.6463	1.0e-04	0.4813
9975	-116.5955	-116.5955	-90.4702	0.7759	73.2905	0.6304	1.0e-04	0.4812
9976	-116.6055	-116.6055	-90.0377	0.7722	73.7329	0.6342	1.0e-04	0.4814
9977	-116.5907	-116.5907	-90.4803	0.7761	73.3218	0.6307	1.0e-04	0.4816
9978	-116.5736	-116.5736	-90.4040	0.7755	73.3355	0.6308	1.0e-04	0.4814
9979	-116.6258	-116.6258	-89.1705	0.7646	74.9144	0.6445	1.0e-04	0.4815
9980	-116.6170	-116.6170	-90.2959	0.7743	73.5091	0.6324	1.0e-04	0.4813
9981	-116.5999	-116.5999	-88.9075	0.7625	75.1901	0.6467	1.0e-04	0.4819
9982	-116.6119	-116.6119	-91.1373	0.7815	72.5098	0.6238	1.0e-04	0.4816
9983	-116.6017	-116.6017	-88.1986	0.7564	75.9850	0.6536	1.0e-04	0.4813
9984	-116.5954	-116.5954	-90.2314	0.7739	73.6049	0.6332	1.0e-04	0.4815
9985	-116.6176	-116.6176	-90.3388	0.7747	73.5243	0.6324	1.0e-04	0.4816
9986	-116.6009	-116.6009	-90.2250	0.7738	73.6464	0.6334	1.0e-04	0.4818
9987	-116.5964	-116.5964	-89.6953	0.7693	74.2622	0.6388	1.0e-04	0.4821
9988	-116.5906	-116.5906	-91.1588	0.7819	72.4333	0.6231	1.0e-04	0.4815
9989	-116.6030	-116.6030	-91.2328	0.7824	72.3758	0.6226	1.0e-04	0.4815
9990	-116.5917	-116.5917	-90.7779	0.7786	72.9397	0.6275	1.0e-04	0.4814
9991	-116.6130	-116.6130	-89.2604	0.7654	74.7643	0.6430	1.0e-04	0.4813
9992	-116.6214	-116.6214	-88.9700	0.7629	75.1327	0.6462	1.0e-04	0.4812
9993	-116.5984	-116.5984	-90.4650	0.7759	73.3317	0.6309	1.0e-04	0.4814
9994	-116.5935	-116.5935	-91.3743	0.7837	72.1869	0.6210	1.0e-04	0.4815
9995	-116.5935	-116.5935	-89.6320	0.7688	74.3133	0.6394	1.0e-04	0.4815
9996	-116.5727	-116.5727	-91.9204	0.7885	71.4718	0.6149	1.0e-04	0.4810
9997	-116.5899	-116.5899	-92.4768	0.7932	70.7980	0.6090	1.0e-04	0.4814
9998	-116.6081	-116.6081	-91.5570	0.7852	71.9331	0.6187	1.0e-04	0.4815
9999	-116.5957	-116.5957	-90.6395	0.7774	73.1302	0.6290	1.0e-04	0.4814
10000	-116.5874	-116.5874	-88.8009	0.7617	75.3066	0.6480	1.0e-04	0.4848
