  0.000000000000000000e+00   0.000000000000000000e+00 
                         2 
                       152                         19 
 -2.515581669286885268e-03   0.000000000000000000e+00 
  3.175942925736357537e-03   0.000000000000000000e+00 
 -8.422516984849825507e-04   0.000000000000000000e+00 
  2.713147085159948492e-03   0.000000000000000000e+00 
  7.408091914832733713e-05   0.000000000000000000e+00 
 -1.407002471387252401e-02   0.000000000000000000e+00 
 -7.344390614888739221e-04   0.000000000000000000e+00 
  1.335312845185336172e-03   0.000000000000000000e+00 
  2.562455483710979307e-04   0.000000000000000000e+00 
  4.116881638765342022e-03   0.000000000000000000e+00 
 -2.770605729892770125e-03   0.000000000000000000e+00 
  3.829710558056832054e-02   0.000000000000000000e+00 
 -8.234607521444374783e-04   0.000000000000000000e+00 
 -8.896075451050073789e-05   0.000000000000000000e+00 
  6.468588020652360840e-03   0.000000000000000000e+00 
 -6.372106261551484241e-03   0.000000000000000000e+00 
  4.771579056978225708e-03   0.000000000000000000e+00 
  6.252417340874671936e-03   0.000000000000000000e+00 
  1.048512384295462868e-02   0.000000000000000000e+00 
 -1.946980948559941162e-03   0.000000000000000000e+00 
  9.994477964937683451e-03   0.000000000000000000e+00 
 -6.983569264411874922e-02   0.000000000000000000e+00 
  1.002894714474667062e-04   0.000000000000000000e+00 
 -3.262815764173862716e-03   0.000000000000000000e+00 
 -4.327129572629954263e-02   0.000000000000000000e+00 
  1.310323644429434685e-02   0.000000000000000000e+00 
 -3.781344741582871351e-03   0.000000000000000000e+00 
 -6.410826463252305117e-03   0.000000000000000000e+00 
  2.550135133787989616e-03   0.000000000000000000e+00 
  6.901654414832592878e-03   0.000000000000000000e+00 
 -6.280948966741572992e-02   0.000000000000000000e+00 
  9.767919778823850804e-03   0.000000000000000000e+00 
  6.880665314383804798e-04   0.000000000000000000e+00 
  1.215120870620031018e-02   0.000000000000000000e+00 
  7.207249756902457151e-03   0.000000000000000000e+00 
  3.617094131186604500e-03   0.000000000000000000e+00 
 -1.550312638282776712e-01   0.000000000000000000e+00 
 -1.832239679060876153e-03   0.000000000000000000e+00 
  5.510270129889249802e-03   0.000000000000000000e+00 
  4.022267088294010501e-02   0.000000000000000000e+00 
 -8.898800588212902977e-04   0.000000000000000000e+00 
  4.517851863056421280e-03   0.000000000000000000e+00 
  1.058519934304058335e-03   0.000000000000000000e+00 
 -7.832093979232011057e-04   0.000000000000000000e+00 
 -6.148322224617004395e-01   0.000000000000000000e+00 
 -1.028083963319659667e-03   0.000000000000000000e+00 
  3.691961057484149933e-03   0.000000000000000000e+00 
  6.891175871715975263e-04   0.000000000000000000e+00 
 -3.686410607770084034e-03   0.000000000000000000e+00 
 -1.595633919350803332e-03   0.000000000000000000e+00 
  5.646849870681763806e-01   0.000000000000000000e+00 
 -1.995593905448913852e-01   0.000000000000000000e+00 
  5.701814312487841520e-03   0.000000000000000000e+00 
  6.370383780449624493e-04   0.000000000000000000e+00 
  2.770224586129187670e-03   0.000000000000000000e+00 
  1.634650398045788846e-04   0.000000000000000000e+00 
 -3.245793341193342748e-04   0.000000000000000000e+00 
  1.164685469120741758e-03   0.000000000000000000e+00 
  1.090295538306235434e-01   0.000000000000000000e+00 
  2.345805754885077477e-03   0.000000000000000000e+00 
 -1.448493637144565582e-02   0.000000000000000000e+00 
  3.800135338678956465e-03   0.000000000000000000e+00 
 -1.401420310139655893e-02   0.000000000000000000e+00 
 -4.489520192146288086e-02   0.000000000000000000e+00 
  7.510037161409854889e-03   0.000000000000000000e+00 
 -1.114981481805442896e-03   0.000000000000000000e+00 
  2.785073360428214073e-03   0.000000000000000000e+00 
 -5.204274784773589265e-04   0.000000000000000000e+00 
  1.929211169481279964e-01   0.000000000000000000e+00 
 -7.495851023122669350e-04   0.000000000000000000e+00 
  3.208603244274855094e-03   0.000000000000000000e+00 
 -1.029215306043626127e-01   0.000000000000000000e+00 
  4.076546728610993542e-01   0.000000000000000000e+00 
 -8.828971185721462426e-04   0.000000000000000000e+00 
 -4.165196733083587348e-04   0.000000000000000000e+00 
 -1.791473031044006348e-01   0.000000000000000000e+00 
  0.000000000000000000e+00   0.000000000000000000e+00 
  0.000000000000000000e+00   0.000000000000000000e+00 
  0.000000000000000000e+00   0.000000000000000000e+00 
  0.000000000000000000e+00   0.000000000000000000e+00 
  0.000000000000000000e+00   0.000000000000000000e+00 
  0.000000000000000000e+00   0.000000000000000000e+00 
  0.000000000000000000e+00   0.000000000000000000e+00 
  0.000000000000000000e+00   0.000000000000000000e+00 
  0.000000000000000000e+00   0.000000000000000000e+00 
  0.000000000000000000e+00   0.000000000000000000e+00 
  0.000000000000000000e+00   0.000000000000000000e+00 
  0.000000000000000000e+00   0.000000000000000000e+00 
  0.000000000000000000e+00   0.000000000000000000e+00 
  0.000000000000000000e+00   0.000000000000000000e+00 
  0.000000000000000000e+00   0.000000000000000000e+00 
  0.000000000000000000e+00   0.000000000000000000e+00 
  0.000000000000000000e+00   0.000000000000000000e+00 
  0.000000000000000000e+00   0.000000000000000000e+00 
  0.000000000000000000e+00   0.000000000000000000e+00 
  0.000000000000000000e+00   0.000000000000000000e+00 
  0.000000000000000000e+00   0.000000000000000000e+00 
  0.000000000000000000e+00   0.000000000000000000e+00 
  0.000000000000000000e+00   0.000000000000000000e+00 
  0.000000000000000000e+00   0.000000000000000000e+00 
  0.000000000000000000e+00   0.000000000000000000e+00 
  0.000000000000000000e+00   0.000000000000000000e+00 
  0.000000000000000000e+00   0.000000000000000000e+00 
  0.000000000000000000e+00   0.000000000000000000e+00 
  0.000000000000000000e+00   0.000000000000000000e+00 
  0.000000000000000000e+00   0.000000000000000000e+00 
  0.000000000000000000e+00   0.000000000000000000e+00 
  0.000000000000000000e+00   0.000000000000000000e+00 
  0.000000000000000000e+00   0.000000000000000000e+00 
  0.000000000000000000e+00   0.000000000000000000e+00 
  0.000000000000000000e+00   0.000000000000000000e+00 
  0.000000000000000000e+00   0.000000000000000000e+00 
  0.000000000000000000e+00   0.000000000000000000e+00 
  0.000000000000000000e+00   0.000000000000000000e+00 
  0.000000000000000000e+00   0.000000000000000000e+00 
  0.000000000000000000e+00   0.000000000000000000e+00 
  0.000000000000000000e+00   0.000000000000000000e+00 
  0.000000000000000000e+00   0.000000000000000000e+00 
  0.000000000000000000e+00   0.000000000000000000e+00 
  0.000000000000000000e+00   0.000000000000000000e+00 
  0.000000000000000000e+00   0.000000000000000000e+00 
  0.000000000000000000e+00   0.000000000000000000e+00 
  0.000000000000000000e+00   0.000000000000000000e+00 
  0.000000000000000000e+00   0.000000000000000000e+00 
  0.000000000000000000e+00   0.000000000000000000e+00 
  0.000000000000000000e+00   0.000000000000000000e+00 
  0.000000000000000000e+00   0.000000000000000000e+00 
  0.000000000000000000e+00   0.000000000000000000e+00 
  0.000000000000000000e+00   0.000000000000000000e+00 
  0.000000000000000000e+00   0.000000000000000000e+00 
  0.000000000000000000e+00   0.000000000000000000e+00 
  0.000000000000000000e+00   0.000000000000000000e+00 
  0.000000000000000000e+00   0.000000000000000000e+00 
  0.000000000000000000e+00   0.000000000000000000e+00 
  0.000000000000000000e+00   0.000000000000000000e+00 
  0.000000000000000000e+00   0.000000000000000000e+00 
  0.000000000000000000e+00   0.000000000000000000e+00 
  0.000000000000000000e+00   0.000000000000000000e+00 
  0.000000000000000000e+00   0.000000000000000000e+00 
  0.000000000000000000e+00   0.000000000000000000e+00 
  0.000000000000000000e+00   0.000000000000000000e+00 
  0.000000000000000000e+00   0.000000000000000000e+00 
  0.000000000000000000e+00   0.000000000000000000e+00 
  0.000000000000000000e+00   0.000000000000000000e+00 
  0.000000000000000000e+00   0.000000000000000000e+00 
  0.000000000000000000e+00   0.000000000000000000e+00 
  0.000000000000000000e+00   0.000000000000000000e+00 
  0.000000000000000000e+00   0.000000000000000000e+00 
  0.000000000000000000e+00   0.000000000000000000e+00 
  0.000000000000000000e+00   0.000000000000000000e+00 
  0.000000000000000000e+00   0.000000000000000000e+00 
  0.000000000000000000e+00   0.000000000000000000e+00 
  2.756452420726308340e-03   0.000000000000000000e+00 
  4.944479558616462871e-03   0.000000000000000000e+00 
  1.154974754899685922e-02   0.000000000000000000e+00 
 -2.950785274151953349e-04   0.000000000000000000e+00 
 -1.869783300207687943e-04   0.000000000000000000e+00 
  1.124541088938736319e-02   0.000000000000000000e+00 
 -9.311661124229307987e-03   0.000000000000000000e+00 
  1.891853171400889556e-03   0.000000000000000000e+00 
  1.557076000608509240e-03   0.000000000000000000e+00 
 -3.072008257731793143e-03   0.000000000000000000e+00 
  9.318108786829049041e-04   0.000000000000000000e+00 
  2.593426406383520302e-02   0.000000000000000000e+00 
  1.222736318595727583e-03   0.000000000000000000e+00 
 -8.650335948914833744e-04   0.000000000000000000e+00 
  7.748072966933127262e-03   0.000000000000000000e+00 
 -2.902110107243426225e-03   0.000000000000000000e+00 
 -1.153808669187127026e-03   0.000000000000000000e+00 
 -3.568291896954179244e-03   0.000000000000000000e+00 
 -5.027806852012870961e-03   0.000000000000000000e+00 
  3.969771787524224195e-03   0.000000000000000000e+00 
 -6.805893463023355273e-06   0.000000000000000000e+00 
 -3.448994830250719235e-02   0.000000000000000000e+00 
  3.061724826693526177e-03   0.000000000000000000e+00 
 -3.682571928948160517e-03   0.000000000000000000e+00 
 -1.984234433621082268e-03   0.000000000000000000e+00 
  2.843684749677823261e-03   0.000000000000000000e+00 
  8.024081471376119960e-04   0.000000000000000000e+00 
  1.830278197303414995e-03   0.000000000000000000e+00 
  5.900400225073100871e-03   0.000000000000000000e+00 
  3.594063688069591093e-03   0.000000000000000000e+00 
  7.196275517344546784e-03   0.000000000000000000e+00 
 -1.495682052336635374e-03   0.000000000000000000e+00 
 -2.371130511164660452e-03   0.000000000000000000e+00 
  6.965285539627080746e-02   0.000000000000000000e+00 
 -1.286769099533558586e-02   0.000000000000000000e+00 
  1.946816337294879178e-03   0.000000000000000000e+00 
 -1.821871846914291104e-01   0.000000000000000000e+00 
  1.383294933475553339e-03   0.000000000000000000e+00 
 -4.695263691246509552e-03   0.000000000000000000e+00 
 -2.664889991283417303e-01   0.000000000000000000e+00 
 -5.473885685205459595e-03   0.000000000000000000e+00 
  3.797474782913923697e-03   0.000000000000000000e+00 
  2.614854648709297527e-02   0.000000000000000000e+00 
 -4.891639575362204638e-03   0.000000000000000000e+00 
 -9.989379346370699797e-02   0.000000000000000000e+00 
 -6.690653041005135450e-03   0.000000000000000000e+00 
  1.045186072587966745e-02   0.000000000000000000e+00 
 -6.415611505508420631e-01   0.000000000000000000e+00 
  2.157534100115298531e-02   0.000000000000000000e+00 
 -9.039000608026983088e-03   0.000000000000000000e+00 
 -4.981633424758912798e-01   0.000000000000000000e+00 
  5.825702473521232605e-02   0.000000000000000000e+00 
  5.719006992876528826e-03   0.000000000000000000e+00 
 -4.156072158366445196e-03   0.000000000000000000e+00 
 -1.074672327376902754e-03   0.000000000000000000e+00 
  4.433969501405955228e-03   0.000000000000000000e+00 
 -1.637749228393665230e-04   0.000000000000000000e+00 
  8.373049204237760198e-04   0.000000000000000000e+00 
  1.708881705999373557e-01   0.000000000000000000e+00 
 -7.214831653982400027e-03   0.000000000000000000e+00 
  5.631366744637489319e-03   0.000000000000000000e+00 
 -8.154775016009807587e-03   0.000000000000000000e+00 
 -3.789396956562995477e-03   0.000000000000000000e+00 
 -1.271947473287583091e-02   0.000000000000000000e+00 
  1.057830080389976675e-02   0.000000000000000000e+00 
 -4.823735449463128176e-03   0.000000000000000000e+00 
 -1.686299685388803699e-03   0.000000000000000000e+00 
 -5.407128483057023179e-04   0.000000000000000000e+00 
  3.081670999526976984e-01   0.000000000000000000e+00 
 -7.593468762934211386e-03   0.000000000000000000e+00 
 -4.267926793545488012e-03   0.000000000000000000e+00 
 -1.824026256799698154e-01   0.000000000000000000e+00 
  1.933727711439133523e-01   0.000000000000000000e+00 
 -7.180495653301479167e-03   0.000000000000000000e+00 
  9.346760809421539307e-03   0.000000000000000000e+00 
 -1.795500069856644232e-01   0.000000000000000000e+00 
  0.000000000000000000e+00   0.000000000000000000e+00 
  0.000000000000000000e+00   0.000000000000000000e+00 
  0.000000000000000000e+00   0.000000000000000000e+00 
  0.000000000000000000e+00   0.000000000000000000e+00 
  0.000000000000000000e+00   0.000000000000000000e+00 
  0.000000000000000000e+00   0.000000000000000000e+00 
  0.000000000000000000e+00   0.000000000000000000e+00 
  0.000000000000000000e+00   0.000000000000000000e+00 
  0.000000000000000000e+00   0.000000000000000000e+00 
  0.000000000000000000e+00   0.000000000000000000e+00 
  0.000000000000000000e+00   0.000000000000000000e+00 
  0.000000000000000000e+00   0.000000000000000000e+00 
  0.000000000000000000e+00   0.000000000000000000e+00 
  0.000000000000000000e+00   0.000000000000000000e+00 
  0.000000000000000000e+00   0.000000000000000000e+00 
  0.000000000000000000e+00   0.000000000000000000e+00 
  0.000000000000000000e+00   0.000000000000000000e+00 
  0.000000000000000000e+00   0.000000000000000000e+00 
  0.000000000000000000e+00   0.000000000000000000e+00 
  0.000000000000000000e+00   0.000000000000000000e+00 
  0.000000000000000000e+00   0.000000000000000000e+00 
  0.000000000000000000e+00   0.000000000000000000e+00 
  0.000000000000000000e+00   0.000000000000000000e+00 
  0.000000000000000000e+00   0.000000000000000000e+00 
  0.000000000000000000e+00   0.000000000000000000e+00 
  0.000000000000000000e+00   0.000000000000000000e+00 
  0.000000000000000000e+00   0.000000000000000000e+00 
  0.000000000000000000e+00   0.000000000000000000e+00 
  0.000000000000000000e+00   0.000000000000000000e+00 
  0.000000000000000000e+00   0.000000000000000000e+00 
  0.000000000000000000e+00   0.000000000000000000e+00 
  0.000000000000000000e+00   0.000000000000000000e+00 
  0.000000000000000000e+00   0.000000000000000000e+00 
  0.000000000000000000e+00   0.000000000000000000e+00 
  0.000000000000000000e+00   0.000000000000000000e+00 
  0.000000000000000000e+00   0.000000000000000000e+00 
  0.000000000000000000e+00   0.000000000000000000e+00 
  0.000000000000000000e+00   0.000000000000000000e+00 
  0.000000000000000000e+00   0.000000000000000000e+00 
  0.000000000000000000e+00   0.000000000000000000e+00 
  0.000000000000000000e+00   0.000000000000000000e+00 
  0.000000000000000000e+00   0.000000000000000000e+00 
  0.000000000000000000e+00   0.000000000000000000e+00 
  0.000000000000000000e+00   0.000000000000000000e+00 
  0.000000000000000000e+00   0.000000000000000000e+00 
  0.000000000000000000e+00   0.000000000000000000e+00 
  0.000000000000000000e+00   0.000000000000000000e+00 
  0.000000000000000000e+00   0.000000000000000000e+00 
  0.000000000000000000e+00   0.000000000000000000e+00 
  0.000000000000000000e+00   0.000000000000000000e+00 
  0.000000000000000000e+00   0.000000000000000000e+00 
  0.000000000000000000e+00   0.000000000000000000e+00 
  0.000000000000000000e+00   0.000000000000000000e+00 
  0.000000000000000000e+00   0.000000000000000000e+00 
  0.000000000000000000e+00   0.000000000000000000e+00 
  0.000000000000000000e+00   0.000000000000000000e+00 
  0.000000000000000000e+00   0.000000000000000000e+00 
  0.000000000000000000e+00   0.000000000000000000e+00 
  0.000000000000000000e+00   0.000000000000000000e+00 
  0.000000000000000000e+00   0.000000000000000000e+00 
  0.000000000000000000e+00   0.000000000000000000e+00 
  0.000000000000000000e+00   0.000000000000000000e+00 
  0.000000000000000000e+00   0.000000000000000000e+00 
  0.000000000000000000e+00   0.000000000000000000e+00 
  0.000000000000000000e+00   0.000000000000000000e+00 
  0.000000000000000000e+00   0.000000000000000000e+00 
  0.000000000000000000e+00   0.000000000000000000e+00 
  0.000000000000000000e+00   0.000000000000000000e+00 
  0.000000000000000000e+00   0.000000000000000000e+00 
  0.000000000000000000e+00   0.000000000000000000e+00 
  0.000000000000000000e+00   0.000000000000000000e+00 
  0.000000000000000000e+00   0.000000000000000000e+00 
  0.000000000000000000e+00   0.000000000000000000e+00 
  0.000000000000000000e+00   0.000000000000000000e+00 
  0.000000000000000000e+00   0.000000000000000000e+00 
  0.000000000000000000e+00   0.000000000000000000e+00 
 -2.895804587753071126e-03   0.000000000000000000e+00 
  4.924985114483499933e-04   0.000000000000000000e+00 
 -4.316998645663240597e-03   0.000000000000000000e+00 
 -2.176422858610540211e-03   0.000000000000000000e+00 
  3.051752923056228264e-03   0.000000000000000000e+00 
 -1.770494040101763984e-03   0.000000000000000000e+00 
  1.595395442562829098e-04   0.000000000000000000e+00 
  1.153832068666667873e-03   0.000000000000000000e+00 
 -1.703125424683104433e-02   0.000000000000000000e+00 
  2.707251347601344772e-03   0.000000000000000000e+00 
  1.789250411093341485e-03   0.000000000000000000e+00 
 -9.505575872009494717e-05   0.000000000000000000e+00 
  4.342518281191427854e-03   0.000000000000000000e+00 
  2.033455995842853477e-03   0.000000000000000000e+00 
 -1.125432667322455752e-03   0.000000000000000000e+00 
  5.110727157443674222e-03   0.000000000000000000e+00 
  1.024846918880938616e-03   0.000000000000000000e+00 
  3.713986603543161912e-03   0.000000000000000000e+00 
 -3.896972164511681904e-03   0.000000000000000000e+00 
  4.480965435504913330e-03   0.000000000000000000e+00 
  9.578266763128339160e-04   0.000000000000000000e+00 
  2.925263717770574309e-03   0.000000000000000000e+00 
  4.034335259348183558e-03   0.000000000000000000e+00 
  4.004671424627311016e-02   0.000000000000000000e+00 
 -1.889033243060111566e-03   0.000000000000000000e+00 
 -1.984910108149048197e-03   0.000000000000000000e+00 
  3.691118676215411534e-03   0.000000000000000000e+00 
 -3.003490623086690469e-03   0.000000000000000000e+00 
 -8.507858001396719470e-05   0.000000000000000000e+00 
  5.938730202615236792e-03   0.000000000000000000e+00 
  5.868141073733570794e-03   0.000000000000000000e+00 
  4.357807338237763839e-02   0.000000000000000000e+00 
 -4.303005989640986718e-03   0.000000000000000000e+00 
  5.325418896973132220e-03   0.000000000000000000e+00 
  4.314820095896722274e-02   0.000000000000000000e+00 
  5.280078575015068054e-02   0.000000000000000000e+00 
  9.666146710515022278e-03   0.000000000000000000e+00 
  6.877690553665159398e-03   0.000000000000000000e+00 
  1.306144520640373403e-02   0.000000000000000000e+00 
  8.092358708381654567e-03   0.000000000000000000e+00 
  6.924425810575483842e-02   0.000000000000000000e+00 
  1.243478655815124650e-01   0.000000000000000000e+00 
 -5.154511705040930314e-02   0.000000000000000000e+00 
 -4.119421541690826416e-01   0.000000000000000000e+00 
 -2.995102666318417463e-03   0.000000000000000000e+00 
 -7.880308665335178375e-03   0.000000000000000000e+00 
 -8.279697038233278447e-03   0.000000000000000000e+00 
 -1.718510314822196614e-02   0.000000000000000000e+00 
 -2.322833389043807428e-01   0.000000000000000000e+00 
  8.278399109840395287e-01   0.000000000000000000e+00 
 -4.783414769917728251e-03   0.000000000000000000e+00 
 -1.513868774054562228e-04   0.000000000000000000e+00 
 -2.744254015851790266e-04   0.000000000000000000e+00 
  1.402051299810409823e-01   0.000000000000000000e+00 
  4.706725478172302940e-02   0.000000000000000000e+00 
  1.418378800153732577e-01   0.000000000000000000e+00 
 -6.643026717938481677e-04   0.000000000000000000e+00 
  9.656119073042675866e-05   0.000000000000000000e+00 
 -2.753214444965123697e-03   0.000000000000000000e+00 
 -7.753781392239033092e-04   0.000000000000000000e+00 
 -6.754957139492034912e-04   0.000000000000000000e+00 
  2.542324829846620560e-03   0.000000000000000000e+00 
 -6.026907823979852849e-03   0.000000000000000000e+00 
 -3.264438826590776010e-03   0.000000000000000000e+00 
 -7.757585495710374313e-02   0.000000000000000000e+00 
 -3.624806553125381470e-02   0.000000000000000000e+00 
  7.908730767667295283e-03   0.000000000000000000e+00 
  5.364574957638979825e-03   0.000000000000000000e+00 
  2.212930936366318789e-03   0.000000000000000000e+00 
 -7.849273271858681761e-03   0.000000000000000000e+00 
  1.051760185509920641e-02   0.000000000000000000e+00 
 -3.280506702139974074e-03   0.000000000000000000e+00 
  1.060399343259631720e-03   0.000000000000000000e+00 
  1.414564102888107577e-01   0.000000000000000000e+00 
  4.689718189183700661e-04   0.000000000000000000e+00 
 -8.636598795419571080e-05   0.000000000000000000e+00 
  0.000000000000000000e+00   0.000000000000000000e+00 
  0.000000000000000000e+00   0.000000000000000000e+00 
  0.000000000000000000e+00   0.000000000000000000e+00 
  0.000000000000000000e+00   0.000000000000000000e+00 
  0.000000000000000000e+00   0.000000000000000000e+00 
  0.000000000000000000e+00   0.000000000000000000e+00 
  0.000000000000000000e+00   0.000000000000000000e+00 
  0.000000000000000000e+00   0.000000000000000000e+00 
  0.000000000000000000e+00   0.000000000000000000e+00 
  0.000000000000000000e+00   0.000000000000000000e+00 
  0.000000000000000000e+00   0.000000000000000000e+00 
  0.000000000000000000e+00   0.000000000000000000e+00 
  0.000000000000000000e+00   0.000000000000000000e+00 
  0.000000000000000000e+00   0.000000000000000000e+00 
  0.000000000000000000e+00   0.000000000000000000e+00 
  0.000000000000000000e+00   0.000000000000000000e+00 
  0.000000000000000000e+00   0.000000000000000000e+00 
  0.000000000000000000e+00   0.000000000000000000e+00 
  0.000000000000000000e+00   0.000000000000000000e+00 
  0.000000000000000000e+00   0.000000000000000000e+00 
  0.000000000000000000e+00   0.000000000000000000e+00 
  0.000000000000000000e+00   0.000000000000000000e+00 
  0.000000000000000000e+00   0.000000000000000000e+00 
  0.000000000000000000e+00   0.000000000000000000e+00 
  0.000000000000000000e+00   0.000000000000000000e+00 
  0.000000000000000000e+00   0.000000000000000000e+00 
  0.000000000000000000e+00   0.000000000000000000e+00 
  0.000000000000000000e+00   0.000000000000000000e+00 
  0.000000000000000000e+00   0.000000000000000000e+00 
  0.000000000000000000e+00   0.000000000000000000e+00 
  0.000000000000000000e+00   0.000000000000000000e+00 
  0.000000000000000000e+00   0.000000000000000000e+00 
  0.000000000000000000e+00   0.000000000000000000e+00 
  0.000000000000000000e+00   0.000000000000000000e+00 
  0.000000000000000000e+00   0.000000000000000000e+00 
  0.000000000000000000e+00   0.000000000000000000e+00 
  0.000000000000000000e+00   0.000000000000000000e+00 
  0.000000000000000000e+00   0.000000000000000000e+00 
  0.000000000000000000e+00   0.000000000000000000e+00 
  0.000000000000000000e+00   0.000000000000000000e+00 
  0.000000000000000000e+00   0.000000000000000000e+00 
  0.000000000000000000e+00   0.000000000000000000e+00 
  0.000000000000000000e+00   0.000000000000000000e+00 
  0.000000000000000000e+00   0.000000000000000000e+00 
  0.000000000000000000e+00   0.000000000000000000e+00 
  0.000000000000000000e+00   0.000000000000000000e+00 
  0.000000000000000000e+00   0.000000000000000000e+00 
  0.000000000000000000e+00   0.000000000000000000e+00 
  0.000000000000000000e+00   0.000000000000000000e+00 
  0.000000000000000000e+00   0.000000000000000000e+00 
  0.000000000000000000e+00   0.000000000000000000e+00 
  0.000000000000000000e+00   0.000000000000000000e+00 
  0.000000000000000000e+00   0.000000000000000000e+00 
  0.000000000000000000e+00   0.000000000000000000e+00 
  0.000000000000000000e+00   0.000000000000000000e+00 
  0.000000000000000000e+00   0.000000000000000000e+00 
  0.000000000000000000e+00   0.000000000000000000e+00 
  0.000000000000000000e+00   0.000000000000000000e+00 
  0.000000000000000000e+00   0.000000000000000000e+00 
  0.000000000000000000e+00   0.000000000000000000e+00 
  0.000000000000000000e+00   0.000000000000000000e+00 
  0.000000000000000000e+00   0.000000000000000000e+00 
  0.000000000000000000e+00   0.000000000000000000e+00 
  0.000000000000000000e+00   0.000000000000000000e+00 
  0.000000000000000000e+00   0.000000000000000000e+00 
  0.000000000000000000e+00   0.000000000000000000e+00 
  0.000000000000000000e+00   0.000000000000000000e+00 
  0.000000000000000000e+00   0.000000000000000000e+00 
  0.000000000000000000e+00   0.000000000000000000e+00 
  0.000000000000000000e+00   0.000000000000000000e+00 
  0.000000000000000000e+00   0.000000000000000000e+00 
  0.000000000000000000e+00   0.000000000000000000e+00 
  0.000000000000000000e+00   0.000000000000000000e+00 
  0.000000000000000000e+00   0.000000000000000000e+00 
  0.000000000000000000e+00   0.000000000000000000e+00 
  0.000000000000000000e+00   0.000000000000000000e+00 
 -3.369424724951096753e-03   0.000000000000000000e+00 
 -1.269823696930024869e-04   0.000000000000000000e+00 
  1.290824962779751417e-03   0.000000000000000000e+00 
  3.118239110335545902e-03   0.000000000000000000e+00 
  2.151512308046584290e-03   0.000000000000000000e+00 
  5.742961729993655164e-05   0.000000000000000000e+00 
  1.573872723383587492e-04   0.000000000000000000e+00 
  1.450492069125199068e-02   0.000000000000000000e+00 
  2.081400016322578015e-03   0.000000000000000000e+00 
 -2.944709733128592338e-03   0.000000000000000000e+00 
  7.708350312891262259e-04   0.000000000000000000e+00 
 -1.887195627205115033e-03   0.000000000000000000e+00 
  2.684368810151824009e-04   0.000000000000000000e+00 
  4.438458010554249475e-03   0.000000000000000000e+00 
  2.984640188515179371e-03   0.000000000000000000e+00 
 -8.387340349147479014e-04   0.000000000000000000e+00 
 -3.422910114750282121e-03   0.000000000000000000e+00 
 -3.636515466496348381e-03   0.000000000000000000e+00 
  1.313262619078158248e-03   0.000000000000000000e+00 
 -3.107275348156691899e-03   0.000000000000000000e+00 
 -1.316927839070557247e-03   0.000000000000000000e+00 
 -1.854515401646500286e-03   0.000000000000000000e+00 
 -3.087591938674454084e-02   0.000000000000000000e+00 
  5.444737616926396094e-03   0.000000000000000000e+00 
  1.448920555412771399e-02   0.000000000000000000e+00 
 -3.756051883101457680e-03   0.000000000000000000e+00 
 -9.818511171033520552e-05   0.000000000000000000e+00 
  2.376315183937550025e-03   0.000000000000000000e+00 
  1.535041257739055802e-03   0.000000000000000000e+00 
 -8.259641006589006976e-03   0.000000000000000000e+00 
 -8.527948521077631169e-03   0.000000000000000000e+00 
 -9.234340395778747185e-04   0.000000000000000000e+00 
  5.173684284090988156e-02   0.000000000000000000e+00 
 -1.491094124503435222e-03   0.000000000000000000e+00 
  5.578260496258743290e-02   0.000000000000000000e+00 
 -5.034914612770084730e-02   0.000000000000000000e+00 
  4.945112857967612525e-03   0.000000000000000000e+00 
  6.121947895735502243e-03   0.000000000000000000e+00 
 -1.277958229184150869e-02   0.000000000000000000e+00 
 -4.833499900996686763e-03   0.000000000000000000e+00 
  1.381903886795043390e-01   0.000000000000000000e+00 
 -6.601858139038085938e-02   0.000000000000000000e+00 
 -4.313831329345702570e-01   0.000000000000000000e+00 
  3.049902431666851738e-02   0.000000000000000000e+00 
 -1.345611084252596769e-02   0.000000000000000000e+00 
  5.679193418473007030e-03   0.000000000000000000e+00 
  1.397929445374748649e-04   0.000000000000000000e+00 
 -1.909266412258147499e-02   0.000000000000000000e+00 
 -8.201687932014463112e-01   0.000000000000000000e+00 
 -2.381811290979385931e-01   0.000000000000000000e+00 
 -1.840345561504365055e-02   0.000000000000000000e+00 
  7.835369557142261160e-03   0.000000000000000000e+00 
  1.256589293479919711e-01   0.000000000000000000e+00 
 -1.058442797511814637e-02   0.000000000000000000e+00 
  1.248085945844650269e-01   0.000000000000000000e+00 
 -5.691304802894594367e-02   0.000000000000000000e+00 
  3.272465430200099511e-03   0.000000000000000000e+00 
  4.256819374859332171e-03   0.000000000000000000e+00 
  1.382512040436267332e-02   0.000000000000000000e+00 
  8.895316161215303594e-03   0.000000000000000000e+00 
  2.546138362959026857e-03   0.000000000000000000e+00 
 -2.642937703058123589e-03   0.000000000000000000e+00 
 -5.940834525972604752e-03   0.000000000000000000e+00 
 -8.205265738070009404e-03   0.000000000000000000e+00 
 -5.115029960870744880e-02   0.000000000000000000e+00 
  7.812912017107009888e-02   0.000000000000000000e+00 
 -8.597310632467271632e-03   0.000000000000000000e+00 
  1.581437652930617549e-03   0.000000000000000000e+00 
  2.857166156172751686e-02   0.000000000000000000e+00 
 -1.720918109640468463e-03   0.000000000000000000e+00 
 -1.149075920693573951e-03   0.000000000000000000e+00 
 -3.070656955242157329e-02   0.000000000000000000e+00 
 -1.750535704195500461e-02   0.000000000000000000e+00 
 -7.160859182477000845e-03   0.000000000000000000e+00 
  1.215992793440819064e-01   0.000000000000000000e+00 
  1.170971803367137735e-02   0.000000000000000000e+00 
  0.000000000000000000e+00   0.000000000000000000e+00 
  0.000000000000000000e+00   0.000000000000000000e+00 
  0.000000000000000000e+00   0.000000000000000000e+00 
  0.000000000000000000e+00   0.000000000000000000e+00 
  0.000000000000000000e+00   0.000000000000000000e+00 
  0.000000000000000000e+00   0.000000000000000000e+00 
  0.000000000000000000e+00   0.000000000000000000e+00 
  0.000000000000000000e+00   0.000000000000000000e+00 
  0.000000000000000000e+00   0.000000000000000000e+00 
  0.000000000000000000e+00   0.000000000000000000e+00 
  0.000000000000000000e+00   0.000000000000000000e+00 
  0.000000000000000000e+00   0.000000000000000000e+00 
  0.000000000000000000e+00   0.000000000000000000e+00 
  0.000000000000000000e+00   0.000000000000000000e+00 
  0.000000000000000000e+00   0.000000000000000000e+00 
  0.000000000000000000e+00   0.000000000000000000e+00 
  0.000000000000000000e+00   0.000000000000000000e+00 
  0.000000000000000000e+00   0.000000000000000000e+00 
  0.000000000000000000e+00   0.000000000000000000e+00 
  0.000000000000000000e+00   0.000000000000000000e+00 
  0.000000000000000000e+00   0.000000000000000000e+00 
  0.000000000000000000e+00   0.000000000000000000e+00 
  0.000000000000000000e+00   0.000000000000000000e+00 
  0.000000000000000000e+00   0.000000000000000000e+00 
  0.000000000000000000e+00   0.000000000000000000e+00 
  0.000000000000000000e+00   0.000000000000000000e+00 
  0.000000000000000000e+00   0.000000000000000000e+00 
  0.000000000000000000e+00   0.000000000000000000e+00 
  0.000000000000000000e+00   0.000000000000000000e+00 
  0.000000000000000000e+00   0.000000000000000000e+00 
  0.000000000000000000e+00   0.000000000000000000e+00 
  0.000000000000000000e+00   0.000000000000000000e+00 
  0.000000000000000000e+00   0.000000000000000000e+00 
  0.000000000000000000e+00   0.000000000000000000e+00 
  0.000000000000000000e+00   0.000000000000000000e+00 
  0.000000000000000000e+00   0.000000000000000000e+00 
  0.000000000000000000e+00   0.000000000000000000e+00 
  0.000000000000000000e+00   0.000000000000000000e+00 
  0.000000000000000000e+00   0.000000000000000000e+00 
  0.000000000000000000e+00   0.000000000000000000e+00 
  0.000000000000000000e+00   0.000000000000000000e+00 
  0.000000000000000000e+00   0.000000000000000000e+00 
  0.000000000000000000e+00   0.000000000000000000e+00 
  0.000000000000000000e+00   0.000000000000000000e+00 
  0.000000000000000000e+00   0.000000000000000000e+00 
  0.000000000000000000e+00   0.000000000000000000e+00 
  0.000000000000000000e+00   0.000000000000000000e+00 
  0.000000000000000000e+00   0.000000000000000000e+00 
  0.000000000000000000e+00   0.000000000000000000e+00 
  0.000000000000000000e+00   0.000000000000000000e+00 
  0.000000000000000000e+00   0.000000000000000000e+00 
  0.000000000000000000e+00   0.000000000000000000e+00 
  0.000000000000000000e+00   0.000000000000000000e+00 
  0.000000000000000000e+00   0.000000000000000000e+00 
  0.000000000000000000e+00   0.000000000000000000e+00 
  0.000000000000000000e+00   0.000000000000000000e+00 
  0.000000000000000000e+00   0.000000000000000000e+00 
  0.000000000000000000e+00   0.000000000000000000e+00 
  0.000000000000000000e+00   0.000000000000000000e+00 
  0.000000000000000000e+00   0.000000000000000000e+00 
  0.000000000000000000e+00   0.000000000000000000e+00 
  0.000000000000000000e+00   0.000000000000000000e+00 
  0.000000000000000000e+00   0.000000000000000000e+00 
  0.000000000000000000e+00   0.000000000000000000e+00 
  0.000000000000000000e+00   0.000000000000000000e+00 
  0.000000000000000000e+00   0.000000000000000000e+00 
  0.000000000000000000e+00   0.000000000000000000e+00 
  0.000000000000000000e+00   0.000000000000000000e+00 
  0.000000000000000000e+00   0.000000000000000000e+00 
  0.000000000000000000e+00   0.000000000000000000e+00 
  0.000000000000000000e+00   0.000000000000000000e+00 
  0.000000000000000000e+00   0.000000000000000000e+00 
  0.000000000000000000e+00   0.000000000000000000e+00 
  0.000000000000000000e+00   0.000000000000000000e+00 
  0.000000000000000000e+00   0.000000000000000000e+00 
  0.000000000000000000e+00   0.000000000000000000e+00 
 -6.250613369048300949e-03   0.000000000000000000e+00 
  8.182552643121510094e-03   0.000000000000000000e+00 
  7.501469459387674794e-03   0.000000000000000000e+00 
 -6.081658284779435926e-06   0.000000000000000000e+00 
  1.976312370970893795e-03   0.000000000000000000e+00 
 -7.074755150825087074e-03   0.000000000000000000e+00 
  4.996311292052277309e-02   0.000000000000000000e+00 
 -2.980851335451094059e-03   0.000000000000000000e+00 
 -1.713853998807172703e-04   0.000000000000000000e+00 
  1.432954566553214020e-03   0.000000000000000000e+00 
 -2.179912989959035315e-03   0.000000000000000000e+00 
  7.883056998252886693e-02   0.000000000000000000e+00 
  3.950156969950791908e-04   0.000000000000000000e+00 
 -1.224705483764415874e-03   0.000000000000000000e+00 
 -9.483298286795808704e-03   0.000000000000000000e+00 
  1.326662604695885315e-04   0.000000000000000000e+00 
 -1.247537089511753430e-03   0.000000000000000000e+00 
  2.727960702031851249e-03   0.000000000000000000e+00 
 -2.063157735392450419e-03   0.000000000000000000e+00 
 -2.766722464002670484e-04   0.000000000000000000e+00 
 -2.986365288961676033e-04   0.000000000000000000e+00 
  1.903547160327450846e-02   0.000000000000000000e+00 
  6.439358694478880280e-04   0.000000000000000000e+00 
  4.312582314014433947e-03   0.000000000000000000e+00 
 -2.767996676266213860e-02   0.000000000000000000e+00 
 -2.441953569650653355e-01   0.000000000000000000e+00 
 -3.051045816391708201e-03   0.000000000000000000e+00 
  3.991053905338048935e-03   0.000000000000000000e+00 
  2.052552066743375172e-03   0.000000000000000000e+00 
  1.571989734657110085e-03   0.000000000000000000e+00 
  1.216009259223936045e-01   0.000000000000000000e+00 
  1.776978373527527289e-03   0.000000000000000000e+00 
  1.888397673610590531e-04   0.000000000000000000e+00 
 -1.360166519880293134e-01   0.000000000000000000e+00 
  3.375168656930329584e-03   0.000000000000000000e+00 
 -3.859426593407991150e-03   0.000000000000000000e+00 
 -2.939121332019478585e-03   0.000000000000000000e+00 
  3.358126152306794687e-03   0.000000000000000000e+00 
 -4.875790327787400159e-03   0.000000000000000000e+00 
  1.808488517999649603e-01   0.000000000000000000e+00 
 -3.778445068746803890e-03   0.000000000000000000e+00 
 -7.004116778261950879e-04   0.000000000000000000e+00 
 -4.120660480111838254e-03   0.000000000000000000e+00 
  2.878036815673113303e-03   0.000000000000000000e+00 
  5.734112113714224385e-02   0.000000000000000000e+00 
 -7.735007238807117380e-05   0.000000000000000000e+00 
 -7.525254972279070940e-03   0.000000000000000000e+00 
  2.472285628318786344e-01   0.000000000000000000e+00 
  7.922253571450710297e-04   0.000000000000000000e+00 
  2.632746938616038236e-03   0.000000000000000000e+00 
 -5.681626871228220160e-02   0.000000000000000000e+00 
  4.375658035278319757e-01   0.000000000000000000e+00 
  1.941720140166581978e-03   0.000000000000000000e+00 
 -4.358527658041561189e-04   0.000000000000000000e+00 
 -8.513544686138629913e-03   0.000000000000000000e+00 
  3.513293340802193122e-03   0.000000000000000000e+00 
 -2.718474948778748512e-03   0.000000000000000000e+00 
  2.777878893539308634e-03   0.000000000000000000e+00 
 -1.578472405672073087e-01   0.000000000000000000e+00 
  1.247159088961779854e-03   0.000000000000000000e+00 
  7.597611402161419392e-04   0.000000000000000000e+00 
  4.844595969188957864e-04   0.000000000000000000e+00 
  4.365802276879548159e-03   0.000000000000000000e+00 
 -1.107339486479759216e-01   0.000000000000000000e+00 
 -1.359699992462992234e-03   0.000000000000000000e+00 
 -6.358471233397721377e-03   0.000000000000000000e+00 
 -5.185982212424279127e-03   0.000000000000000000e+00 
  6.321396213024854660e-04   0.000000000000000000e+00 
  2.155191898345946988e-01   0.000000000000000000e+00 
  4.575665108859541634e-03   0.000000000000000000e+00 
  4.620683845132590208e-03   0.000000000000000000e+00 
 -6.852407753467561202e-02   0.000000000000000000e+00 
 -4.846999049186712094e-02   0.000000000000000000e+00 
  3.070158709306273679e-04   0.000000000000000000e+00 
 -2.108014188706875281e-03   0.000000000000000000e+00 
 -7.392374277114868164e-01   0.000000000000000000e+00 
  0.000000000000000000e+00   0.000000000000000000e+00 
  0.000000000000000000e+00   0.000000000000000000e+00 
  0.000000000000000000e+00   0.000000000000000000e+00 
  0.000000000000000000e+00   0.000000000000000000e+00 
  0.000000000000000000e+00   0.000000000000000000e+00 
  0.000000000000000000e+00   0.000000000000000000e+00 
  0.000000000000000000e+00   0.000000000000000000e+00 
  0.000000000000000000e+00   0.000000000000000000e+00 
  0.000000000000000000e+00   0.000000000000000000e+00 
  0.000000000000000000e+00   0.000000000000000000e+00 
  0.000000000000000000e+00   0.000000000000000000e+00 
  0.000000000000000000e+00   0.000000000000000000e+00 
  0.000000000000000000e+00   0.000000000000000000e+00 
  0.000000000000000000e+00   0.000000000000000000e+00 
  0.000000000000000000e+00   0.000000000000000000e+00 
  0.000000000000000000e+00   0.000000000000000000e+00 
  0.000000000000000000e+00   0.000000000000000000e+00 
  0.000000000000000000e+00   0.000000000000000000e+00 
  0.000000000000000000e+00   0.000000000000000000e+00 
  0.000000000000000000e+00   0.000000000000000000e+00 
  0.000000000000000000e+00   0.000000000000000000e+00 
  0.000000000000000000e+00   0.000000000000000000e+00 
  0.000000000000000000e+00   0.000000000000000000e+00 
  0.000000000000000000e+00   0.000000000000000000e+00 
  0.000000000000000000e+00   0.000000000000000000e+00 
  0.000000000000000000e+00   0.000000000000000000e+00 
  0.000000000000000000e+00   0.000000000000000000e+00 
  0.000000000000000000e+00   0.000000000000000000e+00 
  0.000000000000000000e+00   0.000000000000000000e+00 
  0.000000000000000000e+00   0.000000000000000000e+00 
  0.000000000000000000e+00   0.000000000000000000e+00 
  0.000000000000000000e+00   0.000000000000000000e+00 
  0.000000000000000000e+00   0.000000000000000000e+00 
  0.000000000000000000e+00   0.000000000000000000e+00 
  0.000000000000000000e+00   0.000000000000000000e+00 
  0.000000000000000000e+00   0.000000000000000000e+00 
  0.000000000000000000e+00   0.000000000000000000e+00 
  0.000000000000000000e+00   0.000000000000000000e+00 
  0.000000000000000000e+00   0.000000000000000000e+00 
  0.000000000000000000e+00   0.000000000000000000e+00 
  0.000000000000000000e+00   0.000000000000000000e+00 
  0.000000000000000000e+00   0.000000000000000000e+00 
  0.000000000000000000e+00   0.000000000000000000e+00 
  0.000000000000000000e+00   0.000000000000000000e+00 
  0.000000000000000000e+00   0.000000000000000000e+00 
  0.000000000000000000e+00   0.000000000000000000e+00 
  0.000000000000000000e+00   0.000000000000000000e+00 
  0.000000000000000000e+00   0.000000000000000000e+00 
  0.000000000000000000e+00   0.000000000000000000e+00 
  0.000000000000000000e+00   0.000000000000000000e+00 
  0.000000000000000000e+00   0.000000000000000000e+00 
  0.000000000000000000e+00   0.000000000000000000e+00 
  0.000000000000000000e+00   0.000000000000000000e+00 
  0.000000000000000000e+00   0.000000000000000000e+00 
  0.000000000000000000e+00   0.000000000000000000e+00 
  0.000000000000000000e+00   0.000000000000000000e+00 
  0.000000000000000000e+00   0.000000000000000000e+00 
  0.000000000000000000e+00   0.000000000000000000e+00 
  0.000000000000000000e+00   0.000000000000000000e+00 
  0.000000000000000000e+00   0.000000000000000000e+00 
  0.000000000000000000e+00   0.000000000000000000e+00 
  0.000000000000000000e+00   0.000000000000000000e+00 
  0.000000000000000000e+00   0.000000000000000000e+00 
  0.000000000000000000e+00   0.000000000000000000e+00 
  0.000000000000000000e+00   0.000000000000000000e+00 
  0.000000000000000000e+00   0.000000000000000000e+00 
  0.000000000000000000e+00   0.000000000000000000e+00 
  0.000000000000000000e+00   0.000000000000000000e+00 
  0.000000000000000000e+00   0.000000000000000000e+00 
  0.000000000000000000e+00   0.000000000000000000e+00 
  0.000000000000000000e+00   0.000000000000000000e+00 
  0.000000000000000000e+00   0.000000000000000000e+00 
  0.000000000000000000e+00   0.000000000000000000e+00 
  0.000000000000000000e+00   0.000000000000000000e+00 
  0.000000000000000000e+00   0.000000000000000000e+00 
  0.000000000000000000e+00   0.000000000000000000e+00 
  6.422354374079981311e-03   0.000000000000000000e+00 
 -1.065442711114813340e-02   0.000000000000000000e+00 
 -1.120143570004198882e-03   0.000000000000000000e+00 
 -2.830584067851357483e-03   0.000000000000000000e+00 
 -2.579886931925808643e-03   0.000000000000000000e+00 
 -2.128047868609446447e-02   0.000000000000000000e+00 
  2.714278921484948939e-02   0.000000000000000000e+00 
 -2.054807730018948578e-03   0.000000000000000000e+00 
 -1.329728751443058242e-03   0.000000000000000000e+00 
 -7.522351806983845019e-04   0.000000000000000000e+00 
 -1.394577440805816037e-03   0.000000000000000000e+00 
 -8.251285180449782417e-03   0.000000000000000000e+00 
 -4.722822923213229607e-03   0.000000000000000000e+00 
  9.990654652939452360e-04   0.000000000000000000e+00 
 -2.141201496124282150e-02   0.000000000000000000e+00 
 -5.776174832135279325e-03   0.000000000000000000e+00 
  2.377897268161174166e-03   0.000000000000000000e+00 
  2.602275460958481269e-03   0.000000000000000000e+00 
 -2.113925002049668817e-04   0.000000000000000000e+00 
 -1.294658053666353659e-03   0.000000000000000000e+00 
  3.210522234439849420e-03   0.000000000000000000e+00 
 -2.643002383410942083e-02   0.000000000000000000e+00 
  1.736026839353159781e-03   0.000000000000000000e+00 
 -4.766585770994426555e-03   0.000000000000000000e+00 
  2.051026821136477940e-01   0.000000000000000000e+00 
  3.047877736389613054e-02   0.000000000000000000e+00 
 -5.373068270273520736e-04   0.000000000000000000e+00 
  6.759893149137498032e-04   0.000000000000000000e+00 
 -4.719592165201899787e-03   0.000000000000000000e+00 
 -1.492998003959656803e-02   0.000000000000000000e+00 
  9.850410372018814087e-02   0.000000000000000000e+00 
 -2.185913966968655153e-03   0.000000000000000000e+00 
 -7.288052700459965796e-03   0.000000000000000000e+00 
 -1.494467556476593295e-01   0.000000000000000000e+00 
  2.664542570710183231e-02   0.000000000000000000e+00 
 -7.241265382617714623e-03   0.000000000000000000e+00 
 -2.275129258632660467e-01   0.000000000000000000e+00 
 -7.143583148717881116e-03   0.000000000000000000e+00 
  1.764553785324096680e-02   0.000000000000000000e+00 
 -8.838442713022227892e-02   0.000000000000000000e+00 
  1.641971175558863986e-03   0.000000000000000000e+00 
  2.943123225122687599e-03   0.000000000000000000e+00 
 -9.327129460871226574e-03   0.000000000000000000e+00 
 -1.047815894708038461e-03   0.000000000000000000e+00 
 -3.257377818226813576e-02   0.000000000000000000e+00 
 -1.588277146220207561e-02   0.000000000000000000e+00 
  4.591308906674384377e-02   0.000000000000000000e+00 
 -4.512071609497069757e-01   0.000000000000000000e+00 
  9.903524070978164673e-03   0.000000000000000000e+00 
 -1.945371506735683572e-03   0.000000000000000000e+00 
  4.410861432552338757e-01   0.000000000000000000e+00 
  1.709299981594085693e-01   0.000000000000000000e+00 
 -2.973516099154949188e-02   0.000000000000000000e+00 
 -1.064518280327320272e-02   0.000000000000000000e+00 
  1.717862323857846261e-03   0.000000000000000000e+00 
  8.478311821818351746e-03   0.000000000000000000e+00 
 -2.854685764759778543e-03   0.000000000000000000e+00 
  5.978242843411861766e-04   0.000000000000000000e+00 
  1.188962459564208846e-01   0.000000000000000000e+00 
  1.719263731501996300e-03   0.000000000000000000e+00 
 -3.612292464822530746e-03   0.000000000000000000e+00 
  2.784643089398741722e-03   0.000000000000000000e+00 
  5.321572534739975498e-04   0.000000000000000000e+00 
  1.358489394187927524e-01   0.000000000000000000e+00 
  5.333486013114451495e-03   0.000000000000000000e+00 
 -5.515905562788244593e-03   0.000000000000000000e+00 
  1.298897992819547827e-02   0.000000000000000000e+00 
 -6.535822991281749553e-03   0.000000000000000000e+00 
 -2.307925224304199496e-01   0.000000000000000000e+00 
  5.710152443498375634e-03   0.000000000000000000e+00 
  7.686251774430284504e-03   0.000000000000000000e+00 
  1.369596272706984363e-01   0.000000000000000000e+00 
 -5.582530498504639782e-01   0.000000000000000000e+00 
 -1.706031337380409588e-02   0.000000000000000000e+00 
 -5.329087376594544151e-02   0.000000000000000000e+00 
 -1.565701961517333984e-01   0.000000000000000000e+00 
  0.000000000000000000e+00   0.000000000000000000e+00 
  0.000000000000000000e+00   0.000000000000000000e+00 
  0.000000000000000000e+00   0.000000000000000000e+00 
  0.000000000000000000e+00   0.000000000000000000e+00 
  0.000000000000000000e+00   0.000000000000000000e+00 
  0.000000000000000000e+00   0.000000000000000000e+00 
  0.000000000000000000e+00   0.000000000000000000e+00 
  0.000000000000000000e+00   0.000000000000000000e+00 
  0.000000000000000000e+00   0.000000000000000000e+00 
  0.000000000000000000e+00   0.000000000000000000e+00 
  0.000000000000000000e+00   0.000000000000000000e+00 
  0.000000000000000000e+00   0.000000000000000000e+00 
  0.000000000000000000e+00   0.000000000000000000e+00 
  0.000000000000000000e+00   0.000000000000000000e+00 
  0.000000000000000000e+00   0.000000000000000000e+00 
  0.000000000000000000e+00   0.000000000000000000e+00 
  0.000000000000000000e+00   0.000000000000000000e+00 
  0.000000000000000000e+00   0.000000000000000000e+00 
  0.000000000000000000e+00   0.000000000000000000e+00 
  0.000000000000000000e+00   0.000000000000000000e+00 
  0.000000000000000000e+00   0.000000000000000000e+00 
  0.000000000000000000e+00   0.000000000000000000e+00 
  0.000000000000000000e+00   0.000000000000000000e+00 
  0.000000000000000000e+00   0.000000000000000000e+00 
  0.000000000000000000e+00   0.000000000000000000e+00 
  0.000000000000000000e+00   0.000000000000000000e+00 
  0.000000000000000000e+00   0.000000000000000000e+00 
  0.000000000000000000e+00   0.000000000000000000e+00 
  0.000000000000000000e+00   0.000000000000000000e+00 
  0.000000000000000000e+00   0.000000000000000000e+00 
  0.000000000000000000e+00   0.000000000000000000e+00 
  0.000000000000000000e+00   0.000000000000000000e+00 
  0.000000000000000000e+00   0.000000000000000000e+00 
  0.000000000000000000e+00   0.000000000000000000e+00 
  0.000000000000000000e+00   0.000000000000000000e+00 
  0.000000000000000000e+00   0.000000000000000000e+00 
  0.000000000000000000e+00   0.000000000000000000e+00 
  0.000000000000000000e+00   0.000000000000000000e+00 
  0.000000000000000000e+00   0.000000000000000000e+00 
  0.000000000000000000e+00   0.000000000000000000e+00 
  0.000000000000000000e+00   0.000000000000000000e+00 
  0.000000000000000000e+00   0.000000000000000000e+00 
  0.000000000000000000e+00   0.000000000000000000e+00 
  0.000000000000000000e+00   0.000000000000000000e+00 
  0.000000000000000000e+00   0.000000000000000000e+00 
  0.000000000000000000e+00   0.000000000000000000e+00 
  0.000000000000000000e+00   0.000000000000000000e+00 
  0.000000000000000000e+00   0.000000000000000000e+00 
  0.000000000000000000e+00   0.000000000000000000e+00 
  0.000000000000000000e+00   0.000000000000000000e+00 
  0.000000000000000000e+00   0.000000000000000000e+00 
  0.000000000000000000e+00   0.000000000000000000e+00 
  0.000000000000000000e+00   0.000000000000000000e+00 
  0.000000000000000000e+00   0.000000000000000000e+00 
  0.000000000000000000e+00   0.000000000000000000e+00 
  0.000000000000000000e+00   0.000000000000000000e+00 
  0.000000000000000000e+00   0.000000000000000000e+00 
  0.000000000000000000e+00   0.000000000000000000e+00 
  0.000000000000000000e+00   0.000000000000000000e+00 
  0.000000000000000000e+00   0.000000000000000000e+00 
  0.000000000000000000e+00   0.000000000000000000e+00 
  0.000000000000000000e+00   0.000000000000000000e+00 
  0.000000000000000000e+00   0.000000000000000000e+00 
  0.000000000000000000e+00   0.000000000000000000e+00 
  0.000000000000000000e+00   0.000000000000000000e+00 
  0.000000000000000000e+00   0.000000000000000000e+00 
  0.000000000000000000e+00   0.000000000000000000e+00 
  0.000000000000000000e+00   0.000000000000000000e+00 
  0.000000000000000000e+00   0.000000000000000000e+00 
  0.000000000000000000e+00   0.000000000000000000e+00 
  0.000000000000000000e+00   0.000000000000000000e+00 
  0.000000000000000000e+00   0.000000000000000000e+00 
  0.000000000000000000e+00   0.000000000000000000e+00 
  0.000000000000000000e+00   0.000000000000000000e+00 
  0.000000000000000000e+00   0.000000000000000000e+00 
  0.000000000000000000e+00   0.000000000000000000e+00 
  7.552681490772534915e-04   0.000000000000000000e+00 
 -1.179453171789653781e-02   0.000000000000000000e+00 
  1.237553730607048388e-02   0.000000000000000000e+00 
  1.125584589317863392e-03   0.000000000000000000e+00 
 -3.209144051639657431e-04   0.000000000000000000e+00 
 -1.273585803574267441e-04   0.000000000000000000e+00 
 -1.057582627981906893e-02   0.000000000000000000e+00 
  4.051304608583417011e-02   0.000000000000000000e+00 
  1.839747535996407281e-03   0.000000000000000000e+00 
 -1.040874281898206393e-03   0.000000000000000000e+00 
  3.924839664250607055e-03   0.000000000000000000e+00 
 -1.993579789996145421e-02   0.000000000000000000e+00 
  3.195191919803621466e-02   0.000000000000000000e+00 
  9.774199686944014601e-03   0.000000000000000000e+00 
  1.289630588144061868e-02   0.000000000000000000e+00 
  1.213559322059158847e-02   0.000000000000000000e+00 
  4.971108864992834428e-03   0.000000000000000000e+00 
  9.274823241867125034e-04   0.000000000000000000e+00 
  1.565022394061088996e-03   0.000000000000000000e+00 
  2.194870176026605480e-04   0.000000000000000000e+00 
  2.970328321680425730e-03   0.000000000000000000e+00 
 -5.240000318735883907e-03   0.000000000000000000e+00 
 -7.430597394704829828e-02   0.000000000000000000e+00 
  3.759495168924334441e-02   0.000000000000000000e+00 
  5.581465736031539920e-02   0.000000000000000000e+00 
 -3.213901817798613808e-02   0.000000000000000000e+00 
  9.170161793008488977e-04   0.000000000000000000e+00 
 -3.008603525813681435e-04   0.000000000000000000e+00 
  5.709509924054145119e-02   0.000000000000000000e+00 
  1.428188830614091354e-01   0.000000000000000000e+00 
 -3.099792264401913730e-02   0.000000000000000000e+00 
  4.897631332278253730e-02   0.000000000000000000e+00 
  1.703358888626100021e-01   0.000000000000000000e+00 
 -8.269546553492558225e-03   0.000000000000000000e+00 
 -1.238338500261307457e-01   0.000000000000000000e+00 
  5.096046626567842658e-02   0.000000000000000000e+00 
  2.579038403928277101e-02   0.000000000000000000e+00 
  2.276040427386761059e-02   0.000000000000000000e+00 
 -2.982722222805023540e-02   0.000000000000000000e+00 
  1.422148477286099173e-02   0.000000000000000000e+00 
 -1.218988597393034917e-01   0.000000000000000000e+00 
  1.964566297829156358e-02   0.000000000000000000e+00 
 -1.113560870289801996e-01   0.000000000000000000e+00 
 -3.670291230082510514e-02   0.000000000000000000e+00 
 -9.044715762138369475e-02   0.000000000000000000e+00 
  7.094737887382508712e-02   0.000000000000000000e+00 
 -1.059721410274505476e-01   0.000000000000000000e+00 
  3.689930215477942033e-02   0.000000000000000000e+00 
  2.622024118900297962e-01   0.000000000000000000e+00 
  3.507384099066259645e-03   0.000000000000000000e+00 
 -3.063838928937914416e-02   0.000000000000000000e+00 
  4.261161386966706016e-02   0.000000000000000000e+00 
  4.677793085575103760e-01   0.000000000000000000e+00 
  1.275189071893692294e-01   0.000000000000000000e+00 
  6.408555060625070743e-02   0.000000000000000000e+00 
 -9.867886546998925514e-04   0.000000000000000000e+00 
  7.820042781531809026e-03   0.000000000000000000e+00 
  2.462689531967043009e-03   0.000000000000000000e+00 
  5.902980919927352556e-03   0.000000000000000000e+00 
 -6.174139678478240099e-03   0.000000000000000000e+00 
 -2.906258450821041627e-03   0.000000000000000000e+00 
 -1.099785324186087305e-03   0.000000000000000000e+00 
 -8.310909615829595656e-04   0.000000000000000000e+00 
 -1.934921741485594662e-02   0.000000000000000000e+00 
 -5.488591268658635225e-02   0.000000000000000000e+00 
  4.659575223922730186e-02   0.000000000000000000e+00 
 -2.541642077267170299e-02   0.000000000000000000e+00 
  1.919982396066189159e-02   0.000000000000000000e+00 
  5.874207988381383722e-02   0.000000000000000000e+00 
  7.939449697732928191e-02   0.000000000000000000e+00 
  1.260631382465361716e-01   0.000000000000000000e+00 
 -9.214438498020173507e-02   0.000000000000000000e+00 
 -1.240025162696838934e-01   0.000000000000000000e+00 
  2.184744328260422030e-01   0.000000000000000000e+00 
  6.763015985488891602e-01   0.000000000000000000e+00 
  6.218833848834037781e-02   0.000000000000000000e+00 
  0.000000000000000000e+00   0.000000000000000000e+00 
  0.000000000000000000e+00   0.000000000000000000e+00 
  0.000000000000000000e+00   0.000000000000000000e+00 
  0.000000000000000000e+00   0.000000000000000000e+00 
  0.000000000000000000e+00   0.000000000000000000e+00 
  0.000000000000000000e+00   0.000000000000000000e+00 
  0.000000000000000000e+00   0.000000000000000000e+00 
  0.000000000000000000e+00   0.000000000000000000e+00 
  0.000000000000000000e+00   0.000000000000000000e+00 
  0.000000000000000000e+00   0.000000000000000000e+00 
  0.000000000000000000e+00   0.000000000000000000e+00 
  0.000000000000000000e+00   0.000000000000000000e+00 
  0.000000000000000000e+00   0.000000000000000000e+00 
  0.000000000000000000e+00   0.000000000000000000e+00 
  0.000000000000000000e+00   0.000000000000000000e+00 
  0.000000000000000000e+00   0.000000000000000000e+00 
  0.000000000000000000e+00   0.000000000000000000e+00 
  0.000000000000000000e+00   0.000000000000000000e+00 
  0.000000000000000000e+00   0.000000000000000000e+00 
  0.000000000000000000e+00   0.000000000000000000e+00 
  0.000000000000000000e+00   0.000000000000000000e+00 
  0.000000000000000000e+00   0.000000000000000000e+00 
  0.000000000000000000e+00   0.000000000000000000e+00 
  0.000000000000000000e+00   0.000000000000000000e+00 
  0.000000000000000000e+00   0.000000000000000000e+00 
  0.000000000000000000e+00   0.000000000000000000e+00 
  0.000000000000000000e+00   0.000000000000000000e+00 
  0.000000000000000000e+00   0.000000000000000000e+00 
  0.000000000000000000e+00   0.000000000000000000e+00 
  0.000000000000000000e+00   0.000000000000000000e+00 
  0.000000000000000000e+00   0.000000000000000000e+00 
  0.000000000000000000e+00   0.000000000000000000e+00 
  0.000000000000000000e+00   0.000000000000000000e+00 
  0.000000000000000000e+00   0.000000000000000000e+00 
  0.000000000000000000e+00   0.000000000000000000e+00 
  0.000000000000000000e+00   0.000000000000000000e+00 
  0.000000000000000000e+00   0.000000000000000000e+00 
  0.000000000000000000e+00   0.000000000000000000e+00 
  0.000000000000000000e+00   0.000000000000000000e+00 
  0.000000000000000000e+00   0.000000000000000000e+00 
  0.000000000000000000e+00   0.000000000000000000e+00 
  0.000000000000000000e+00   0.000000000000000000e+00 
  0.000000000000000000e+00   0.000000000000000000e+00 
  0.000000000000000000e+00   0.000000000000000000e+00 
  0.000000000000000000e+00   0.000000000000000000e+00 
  0.000000000000000000e+00   0.000000000000000000e+00 
  0.000000000000000000e+00   0.000000000000000000e+00 
  0.000000000000000000e+00   0.000000000000000000e+00 
  0.000000000000000000e+00   0.000000000000000000e+00 
  0.000000000000000000e+00   0.000000000000000000e+00 
  0.000000000000000000e+00   0.000000000000000000e+00 
  0.000000000000000000e+00   0.000000000000000000e+00 
  0.000000000000000000e+00   0.000000000000000000e+00 
  0.000000000000000000e+00   0.000000000000000000e+00 
  0.000000000000000000e+00   0.000000000000000000e+00 
  0.000000000000000000e+00   0.000000000000000000e+00 
  0.000000000000000000e+00   0.000000000000000000e+00 
  0.000000000000000000e+00   0.000000000000000000e+00 
  0.000000000000000000e+00   0.000000000000000000e+00 
  0.000000000000000000e+00   0.000000000000000000e+00 
  0.000000000000000000e+00   0.000000000000000000e+00 
  0.000000000000000000e+00   0.000000000000000000e+00 
  0.000000000000000000e+00   0.000000000000000000e+00 
  0.000000000000000000e+00   0.000000000000000000e+00 
  0.000000000000000000e+00   0.000000000000000000e+00 
  0.000000000000000000e+00   0.000000000000000000e+00 
  0.000000000000000000e+00   0.000000000000000000e+00 
  0.000000000000000000e+00   0.000000000000000000e+00 
  0.000000000000000000e+00   0.000000000000000000e+00 
  0.000000000000000000e+00   0.000000000000000000e+00 
  0.000000000000000000e+00   0.000000000000000000e+00 
  0.000000000000000000e+00   0.000000000000000000e+00 
  0.000000000000000000e+00   0.000000000000000000e+00 
  0.000000000000000000e+00   0.000000000000000000e+00 
  0.000000000000000000e+00   0.000000000000000000e+00 
  0.000000000000000000e+00   0.000000000000000000e+00 
  1.147170667536416642e-03   0.000000000000000000e+00 
 -1.756088808178949594e-03   0.000000000000000000e+00 
  4.094299394637386166e-03   0.000000000000000000e+00 
  6.686112610620745722e-04   0.000000000000000000e+00 
 -8.514206856496608303e-04   0.000000000000000000e+00 
  3.910385421476281881e-04   0.000000000000000000e+00 
 -8.029656783015137327e-06   0.000000000000000000e+00 
  5.909550469369017137e-03   0.000000000000000000e+00 
 -3.552275896072334266e-02   0.000000000000000000e+00 
 -1.220595557242589195e-03   0.000000000000000000e+00 
  2.025182184298997929e-04   0.000000000000000000e+00 
 -6.830378551967487572e-04   0.000000000000000000e+00 
  1.248702500015443952e-02   0.000000000000000000e+00 
 -3.405319526791544815e-02   0.000000000000000000e+00 
  2.467428799718615357e-03   0.000000000000000000e+00 
  5.338246934116211082e-03   0.000000000000000000e+00 
 -1.107267104089650197e-03   0.000000000000000000e+00 
 -2.811463549733161059e-03   0.000000000000000000e+00 
 -2.022573724389074065e-03   0.000000000000000000e+00 
 -2.039456972852349715e-03   0.000000000000000000e+00 
 -2.073063747957348824e-03   0.000000000000000000e+00 
 -2.011673292145146029e-03   0.000000000000000000e+00 
  2.863278612494478056e-02   0.000000000000000000e+00 
  8.320046961307510369e-02   0.000000000000000000e+00 
  6.822085473686474028e-03   0.000000000000000000e+00 
 -1.087108533829450260e-02   0.000000000000000000e+00 
 -7.506901747547093306e-04   0.000000000000000000e+00 
  4.292550962418316927e-03   0.000000000000000000e+00 
 -1.446030139923095703e-01   0.000000000000000000e+00 
  5.705298110842695752e-02   0.000000000000000000e+00 
 -3.933042287826540688e-03   0.000000000000000000e+00 
  1.723745912313462691e-01   0.000000000000000000e+00 
 -4.329394921660424667e-02   0.000000000000000000e+00 
  7.466247188858652099e-04   0.000000000000000000e+00 
 -5.416775122284883670e-02   0.000000000000000000e+00 
 -8.428829908370982782e-02   0.000000000000000000e+00 
  5.427195224910968431e-03   0.000000000000000000e+00 
  7.964539341628553218e-03   0.000000000000000000e+00 
 -5.680012516677380476e-03   0.000000000000000000e+00 
  2.269534859806298342e-03   0.000000000000000000e+00 
 -2.215049602091313102e-02   0.000000000000000000e+00 
 -1.308974027633666437e-01   0.000000000000000000e+00 
  5.769563466310501793e-02   0.000000000000000000e+00 
 -1.400371640920637928e-01   0.000000000000000000e+00 
 -1.794714853167534221e-02   0.000000000000000000e+00 
  3.485199809074402549e-02   0.000000000000000000e+00 
 -1.833202876150608063e-02   0.000000000000000000e+00 
  4.637769889086480572e-03   0.000000000000000000e+00 
 -1.320154406130312659e-02   0.000000000000000000e+00 
 -2.785514295101166327e-01   0.000000000000000000e+00 
 -5.828785244375470770e-03   0.000000000000000000e+00 
  7.933005690574645996e-03   0.000000000000000000e+00 
 -1.203292235732078413e-01   0.000000000000000000e+00 
  4.575078487396241900e-01   0.000000000000000000e+00 
  3.832564456388361674e-03   0.000000000000000000e+00 
  8.522646129131315751e-02   0.000000000000000000e+00 
 -3.404651768505574140e-03   0.000000000000000000e+00 
  2.021964173763989101e-03   0.000000000000000000e+00 
  2.924681873992084589e-03   0.000000000000000000e+00 
  2.290566917508840127e-03   0.000000000000000000e+00 
  2.218920271843671528e-04   0.000000000000000000e+00 
 -4.161160904914140701e-03   0.000000000000000000e+00 
  6.155087612569331255e-03   0.000000000000000000e+00 
 -4.761365242302414286e-03   0.000000000000000000e+00 
 -4.964574798941610162e-02   0.000000000000000000e+00 
 -6.632318347692488236e-02   0.000000000000000000e+00 
 -6.068724673241377744e-03   0.000000000000000000e+00 
  4.473213572055102262e-03   0.000000000000000000e+00 
  7.993226870894426864e-03   0.000000000000000000e+00 
  1.572696417570114136e-01   0.000000000000000000e+00 
 -1.140361204743385592e-01   0.000000000000000000e+00 
 -1.557740941643715078e-02   0.000000000000000000e+00 
 -2.813468687236310092e-02   0.000000000000000000e+00 
  6.507143378257752575e-01   0.000000000000000000e+00 
 -2.014243304729461670e-01   0.000000000000000000e+00 
  1.432266645133495331e-02   0.000000000000000000e+00 
  0.000000000000000000e+00   0.000000000000000000e+00 
  0.000000000000000000e+00   0.000000000000000000e+00 
  0.000000000000000000e+00   0.000000000000000000e+00 
  0.000000000000000000e+00   0.000000000000000000e+00 
  0.000000000000000000e+00   0.000000000000000000e+00 
  0.000000000000000000e+00   0.000000000000000000e+00 
  0.000000000000000000e+00   0.000000000000000000e+00 
  0.000000000000000000e+00   0.000000000000000000e+00 
  0.000000000000000000e+00   0.000000000000000000e+00 
  0.000000000000000000e+00   0.000000000000000000e+00 
  0.000000000000000000e+00   0.000000000000000000e+00 
  0.000000000000000000e+00   0.000000000000000000e+00 
  0.000000000000000000e+00   0.000000000000000000e+00 
  0.000000000000000000e+00   0.000000000000000000e+00 
  0.000000000000000000e+00   0.000000000000000000e+00 
  0.000000000000000000e+00   0.000000000000000000e+00 
  0.000000000000000000e+00   0.000000000000000000e+00 
  0.000000000000000000e+00   0.000000000000000000e+00 
  0.000000000000000000e+00   0.000000000000000000e+00 
  0.000000000000000000e+00   0.000000000000000000e+00 
  0.000000000000000000e+00   0.000000000000000000e+00 
  0.000000000000000000e+00   0.000000000000000000e+00 
  0.000000000000000000e+00   0.000000000000000000e+00 
  0.000000000000000000e+00   0.000000000000000000e+00 
  0.000000000000000000e+00   0.000000000000000000e+00 
  0.000000000000000000e+00   0.000000000000000000e+00 
  0.000000000000000000e+00   0.000000000000000000e+00 
  0.000000000000000000e+00   0.000000000000000000e+00 
  0.000000000000000000e+00   0.000000000000000000e+00 
  0.000000000000000000e+00   0.000000000000000000e+00 
  0.000000000000000000e+00   0.000000000000000000e+00 
  0.000000000000000000e+00   0.000000000000000000e+00 
  0.000000000000000000e+00   0.000000000000000000e+00 
  0.000000000000000000e+00   0.000000000000000000e+00 
  0.000000000000000000e+00   0.000000000000000000e+00 
  0.000000000000000000e+00   0.000000000000000000e+00 
  0.000000000000000000e+00   0.000000000000000000e+00 
  0.000000000000000000e+00   0.000000000000000000e+00 
  0.000000000000000000e+00   0.000000000000000000e+00 
  0.000000000000000000e+00   0.000000000000000000e+00 
  0.000000000000000000e+00   0.000000000000000000e+00 
  0.000000000000000000e+00   0.000000000000000000e+00 
  0.000000000000000000e+00   0.000000000000000000e+00 
  0.000000000000000000e+00   0.000000000000000000e+00 
  0.000000000000000000e+00   0.000000000000000000e+00 
  0.000000000000000000e+00   0.000000000000000000e+00 
  0.000000000000000000e+00   0.000000000000000000e+00 
  0.000000000000000000e+00   0.000000000000000000e+00 
  0.000000000000000000e+00   0.000000000000000000e+00 
  0.000000000000000000e+00   0.000000000000000000e+00 
  0.000000000000000000e+00   0.000000000000000000e+00 
  0.000000000000000000e+00   0.000000000000000000e+00 
  0.000000000000000000e+00   0.000000000000000000e+00 
  0.000000000000000000e+00   0.000000000000000000e+00 
  0.000000000000000000e+00   0.000000000000000000e+00 
  0.000000000000000000e+00   0.000000000000000000e+00 
  0.000000000000000000e+00   0.000000000000000000e+00 
  0.000000000000000000e+00   0.000000000000000000e+00 
  0.000000000000000000e+00   0.000000000000000000e+00 
  0.000000000000000000e+00   0.000000000000000000e+00 
  0.000000000000000000e+00   0.000000000000000000e+00 
  0.000000000000000000e+00   0.000000000000000000e+00 
  0.000000000000000000e+00   0.000000000000000000e+00 
  0.000000000000000000e+00   0.000000000000000000e+00 
  0.000000000000000000e+00   0.000000000000000000e+00 
  0.000000000000000000e+00   0.000000000000000000e+00 
  0.000000000000000000e+00   0.000000000000000000e+00 
  0.000000000000000000e+00   0.000000000000000000e+00 
  0.000000000000000000e+00   0.000000000000000000e+00 
  0.000000000000000000e+00   0.000000000000000000e+00 
  0.000000000000000000e+00   0.000000000000000000e+00 
  0.000000000000000000e+00   0.000000000000000000e+00 
  0.000000000000000000e+00   0.000000000000000000e+00 
  0.000000000000000000e+00   0.000000000000000000e+00 
  0.000000000000000000e+00   0.000000000000000000e+00 
  0.000000000000000000e+00   0.000000000000000000e+00 
 -1.275570970028463459e-02   0.000000000000000000e+00 
  3.239950910210664947e-02   0.000000000000000000e+00 
 -3.723138198256502329e-02   0.000000000000000000e+00 
 -7.629806175828065910e-03   0.000000000000000000e+00 
 -1.053817942738517408e-02   0.000000000000000000e+00 
  2.691827248782045247e-03   0.000000000000000000e+00 
  4.414256289601329458e-02   0.000000000000000000e+00 
 -2.604397758841528465e-02   0.000000000000000000e+00 
  2.255538711323897428e-03   0.000000000000000000e+00 
 -9.179307147860547855e-03   0.000000000000000000e+00 
 -1.476675085723403065e-02   0.000000000000000000e+00 
  6.367635726928705386e-02   0.000000000000000000e+00 
 -2.223150804638870243e-02   0.000000000000000000e+00 
 -9.178545325994422188e-03   0.000000000000000000e+00 
 -3.533652424812312037e-02   0.000000000000000000e+00 
 -3.895474597811690587e-02   0.000000000000000000e+00 
 -6.940571125596795531e-03   0.000000000000000000e+00 
 -2.748191589489575731e-03   0.000000000000000000e+00 
  1.156685641035437367e-03   0.000000000000000000e+00 
 -1.369522768072785465e-03   0.000000000000000000e+00 
  2.865469548851250301e-03   0.000000000000000000e+00 
  2.087962441146388320e-02   0.000000000000000000e+00 
 -4.082675650715818227e-02   0.000000000000000000e+00 
  1.946960389614101061e-02   0.000000000000000000e+00 
 -1.738941669464113271e-01   0.000000000000000000e+00 
  8.078012615442270450e-02   0.000000000000000000e+00 
 -6.912670098245153431e-03   0.000000000000000000e+00 
  1.367007847875356154e-02   0.000000000000000000e+00 
 -1.444161031395197609e-02   0.000000000000000000e+00 
 -3.343862295150761693e-02   0.000000000000000000e+00 
  1.041877642273902893e-01   0.000000000000000000e+00 
  1.587593555450440147e-02   0.000000000000000000e+00 
  4.296703264117240212e-02   0.000000000000000000e+00 
 -1.366261113435023565e-02   0.000000000000000000e+00 
  1.202347204089165567e-01   0.000000000000000000e+00 
 -6.777016818523411146e-02   0.000000000000000000e+00 
 -6.823795288801182135e-02   0.000000000000000000e+00 
 -5.135622620582581954e-02   0.000000000000000000e+00 
 -7.603781670331956344e-02   0.000000000000000000e+00 
 -2.451791614294047267e-02   0.000000000000000000e+00 
 -4.352525249123567752e-02   0.000000000000000000e+00 
  7.870008237659950265e-03   0.000000000000000000e+00 
 -3.860061764717102051e-01   0.000000000000000000e+00 
 -7.558573037385940552e-02   0.000000000000000000e+00 
  3.345337510108948309e-01   0.000000000000000000e+00 
 -1.697637587785721380e-01   0.000000000000000000e+00 
 -2.897244989871978760e-01   0.000000000000000000e+00 
 -1.962503343820571344e-01   0.000000000000000000e+00 
  1.420515924692153653e-01   0.000000000000000000e+00 
 -4.041529819369316795e-02   0.000000000000000000e+00 
  1.994655132293702005e-01   0.000000000000000000e+00 
 -1.002882048487663408e-01   0.000000000000000000e+00 
  8.109146356582642989e-02   0.000000000000000000e+00 
  3.223864361643792587e-02   0.000000000000000000e+00 
  1.327425241470336637e-01   0.000000000000000000e+00 
 -6.433141883462667465e-03   0.000000000000000000e+00 
 -9.838188067078586924e-03   0.000000000000000000e+00 
  1.443097461014985691e-02   0.000000000000000000e+00 
 -4.856180027127262461e-02   0.000000000000000000e+00 
  6.785708479583262530e-03   0.000000000000000000e+00 
 -8.573363535106182098e-03   0.000000000000000000e+00 
 -3.557997406460326902e-04   0.000000000000000000e+00 
 -7.123031537048550100e-04   0.000000000000000000e+00 
  5.495497211813925309e-02   0.000000000000000000e+00 
 -5.318905785679815812e-02   0.000000000000000000e+00 
  6.167810782790184715e-02   0.000000000000000000e+00 
 -7.210349291563035445e-02   0.000000000000000000e+00 
 -4.731141775846482017e-02   0.000000000000000000e+00 
 -2.462436854839324119e-01   0.000000000000000000e+00 
  1.382503211498261053e-01   0.000000000000000000e+00 
  1.830500960350036899e-01   0.000000000000000000e+00 
  2.197342962026596624e-01   0.000000000000000000e+00 
  3.470552265644075152e-01   0.000000000000000000e+00 
  1.954766549170020712e-02   0.000000000000000000e+00 
  4.381873458623885415e-02   0.000000000000000000e+00 
 -2.662940621376037598e-01   0.000000000000000000e+00 
  0.000000000000000000e+00   0.000000000000000000e+00 
  0.000000000000000000e+00   0.000000000000000000e+00 
  0.000000000000000000e+00   0.000000000000000000e+00 
  0.000000000000000000e+00   0.000000000000000000e+00 
  0.000000000000000000e+00   0.000000000000000000e+00 
  0.000000000000000000e+00   0.000000000000000000e+00 
  0.000000000000000000e+00   0.000000000000000000e+00 
  0.000000000000000000e+00   0.000000000000000000e+00 
  0.000000000000000000e+00   0.000000000000000000e+00 
  0.000000000000000000e+00   0.000000000000000000e+00 
  0.000000000000000000e+00   0.000000000000000000e+00 
  0.000000000000000000e+00   0.000000000000000000e+00 
  0.000000000000000000e+00   0.000000000000000000e+00 
  0.000000000000000000e+00   0.000000000000000000e+00 
  0.000000000000000000e+00   0.000000000000000000e+00 
  0.000000000000000000e+00   0.000000000000000000e+00 
  0.000000000000000000e+00   0.000000000000000000e+00 
  0.000000000000000000e+00   0.000000000000000000e+00 
  0.000000000000000000e+00   0.000000000000000000e+00 
  0.000000000000000000e+00   0.000000000000000000e+00 
  0.000000000000000000e+00   0.000000000000000000e+00 
  0.000000000000000000e+00   0.000000000000000000e+00 
  0.000000000000000000e+00   0.000000000000000000e+00 
  0.000000000000000000e+00   0.000000000000000000e+00 
  0.000000000000000000e+00   0.000000000000000000e+00 
  0.000000000000000000e+00   0.000000000000000000e+00 
  0.000000000000000000e+00   0.000000000000000000e+00 
  0.000000000000000000e+00   0.000000000000000000e+00 
  0.000000000000000000e+00   0.000000000000000000e+00 
  0.000000000000000000e+00   0.000000000000000000e+00 
  0.000000000000000000e+00   0.000000000000000000e+00 
  0.000000000000000000e+00   0.000000000000000000e+00 
  0.000000000000000000e+00   0.000000000000000000e+00 
  0.000000000000000000e+00   0.000000000000000000e+00 
  0.000000000000000000e+00   0.000000000000000000e+00 
  0.000000000000000000e+00   0.000000000000000000e+00 
  0.000000000000000000e+00   0.000000000000000000e+00 
  0.000000000000000000e+00   0.000000000000000000e+00 
  0.000000000000000000e+00   0.000000000000000000e+00 
  0.000000000000000000e+00   0.000000000000000000e+00 
  0.000000000000000000e+00   0.000000000000000000e+00 
  0.000000000000000000e+00   0.000000000000000000e+00 
  0.000000000000000000e+00   0.000000000000000000e+00 
  0.000000000000000000e+00   0.000000000000000000e+00 
  0.000000000000000000e+00   0.000000000000000000e+00 
  0.000000000000000000e+00   0.000000000000000000e+00 
  0.000000000000000000e+00   0.000000000000000000e+00 
  0.000000000000000000e+00   0.000000000000000000e+00 
  0.000000000000000000e+00   0.000000000000000000e+00 
  0.000000000000000000e+00   0.000000000000000000e+00 
  0.000000000000000000e+00   0.000000000000000000e+00 
  0.000000000000000000e+00   0.000000000000000000e+00 
  0.000000000000000000e+00   0.000000000000000000e+00 
  0.000000000000000000e+00   0.000000000000000000e+00 
  0.000000000000000000e+00   0.000000000000000000e+00 
  0.000000000000000000e+00   0.000000000000000000e+00 
  0.000000000000000000e+00   0.000000000000000000e+00 
  0.000000000000000000e+00   0.000000000000000000e+00 
  0.000000000000000000e+00   0.000000000000000000e+00 
  0.000000000000000000e+00   0.000000000000000000e+00 
  0.000000000000000000e+00   0.000000000000000000e+00 
  0.000000000000000000e+00   0.000000000000000000e+00 
  0.000000000000000000e+00   0.000000000000000000e+00 
  0.000000000000000000e+00   0.000000000000000000e+00 
  0.000000000000000000e+00   0.000000000000000000e+00 
  0.000000000000000000e+00   0.000000000000000000e+00 
  0.000000000000000000e+00   0.000000000000000000e+00 
  0.000000000000000000e+00   0.000000000000000000e+00 
  0.000000000000000000e+00   0.000000000000000000e+00 
  0.000000000000000000e+00   0.000000000000000000e+00 
  0.000000000000000000e+00   0.000000000000000000e+00 
  0.000000000000000000e+00   0.000000000000000000e+00 
  0.000000000000000000e+00   0.000000000000000000e+00 
  0.000000000000000000e+00   0.000000000000000000e+00 
  0.000000000000000000e+00   0.000000000000000000e+00 
  0.000000000000000000e+00   0.000000000000000000e+00 
  7.778954692184278027e-03   0.000000000000000000e+00 
 -2.518172375857848089e-02   0.000000000000000000e+00 
  2.491917274892348211e-02   0.000000000000000000e+00 
  5.835079122334793297e-03   0.000000000000000000e+00 
  6.714124232530606882e-03   0.000000000000000000e+00 
  3.348417580127725605e-03   0.000000000000000000e+00 
 -1.883067190647131836e-02   0.000000000000000000e+00 
  1.866370625793924501e-02   0.000000000000000000e+00 
  7.249996066093620031e-03   0.000000000000000000e+00 
 -9.285673499107175224e-03   0.000000000000000000e+00 
  2.932399045675892785e-03   0.000000000000000000e+00 
 -2.082515135407443652e-02   0.000000000000000000e+00 
  1.461676601320524745e-02   0.000000000000000000e+00 
  4.371994175016975445e-03   0.000000000000000000e+00 
  2.298286929726597524e-02   0.000000000000000000e+00 
  2.955017425119889352e-02   0.000000000000000000e+00 
  1.154130510985852329e-02   0.000000000000000000e+00 
 -2.726412843912832517e-03   0.000000000000000000e+00 
 -2.662382321432231122e-03   0.000000000000000000e+00 
 -5.178375286050148447e-04   0.000000000000000000e+00 
  5.518578924238677456e-03   0.000000000000000000e+00 
 -3.936460707336710170e-03   0.000000000000000000e+00 
  2.747337333858009684e-02   0.000000000000000000e+00 
 -1.489160116761920581e-02   0.000000000000000000e+00 
  4.684365540742882472e-02   0.000000000000000000e+00 
 -3.353277593851086702e-02   0.000000000000000000e+00 
  6.921360734850179504e-03   0.000000000000000000e+00 
  3.107432648539541764e-02   0.000000000000000000e+00 
  1.494624558836222909e-02   0.000000000000000000e+00 
  2.436220459640028521e-02   0.000000000000000000e+00 
 -4.860431328415871360e-02   0.000000000000000000e+00 
 -2.662739949300889104e-03   0.000000000000000000e+00 
 -4.388427734375000000e-02   0.000000000000000000e+00 
 -1.728901453316213088e-02   0.000000000000000000e+00 
 -1.144279241561890342e-01   0.000000000000000000e+00 
  6.250768899917603927e-02   0.000000000000000000e+00 
  6.223103031516072359e-02   0.000000000000000000e+00 
  5.505580827593804794e-02   0.000000000000000000e+00 
 -2.442845106124878207e-01   0.000000000000000000e+00 
  2.304382994771003723e-02   0.000000000000000000e+00 
  3.279261291027067010e-02   0.000000000000000000e+00 
  5.583430174738156573e-03   0.000000000000000000e+00 
  2.337398976087570468e-01   0.000000000000000000e+00 
  5.119768902659416199e-02   0.000000000000000000e+00 
 -6.526364386081698332e-02   0.000000000000000000e+00 
  1.999637186527252752e-01   0.000000000000000000e+00 
 -8.716434836387633167e-01   0.000000000000000000e+00 
  6.527928635478008439e-03   0.000000000000000000e+00 
 -8.730178326368330521e-02   0.000000000000000000e+00 
  2.660134434700013248e-02   0.000000000000000000e+00 
  1.039237622171639008e-02   0.000000000000000000e+00 
  2.617784403264523593e-02   0.000000000000000000e+00 
 -6.508994102478028732e-02   0.000000000000000000e+00 
 -1.169137936085463264e-02   0.000000000000000000e+00 
 -9.475363790988920731e-02   0.000000000000000000e+00 
  1.072532124817371542e-02   0.000000000000000000e+00 
  1.285931468009948384e-02   0.000000000000000000e+00 
  5.061109736561773820e-02   0.000000000000000000e+00 
 -1.037945598363877037e-02   0.000000000000000000e+00 
 -1.412820769473910115e-03   0.000000000000000000e+00 
 -1.631741225719451904e-02   0.000000000000000000e+00 
  6.770595791749635601e-04   0.000000000000000000e+00 
  3.497633850201954404e-03   0.000000000000000000e+00 
 -2.190792746841906460e-02   0.000000000000000000e+00 
  4.180531948804854653e-02   0.000000000000000000e+00 
 -3.724431991577149131e-02   0.000000000000000000e+00 
 -2.177304029464721957e-01   0.000000000000000000e+00 
  5.006414651870728927e-02   0.000000000000000000e+00 
  5.432684719562527742e-02   0.000000000000000000e+00 
 -7.850775867700579558e-02   0.000000000000000000e+00 
 -1.022227108478546281e-01   0.000000000000000000e+00 
 -1.118437722325325012e-01   0.000000000000000000e+00 
 -1.044728904962540367e-01   0.000000000000000000e+00 
 -7.600087206810731029e-03   0.000000000000000000e+00 
 -7.197695225477218628e-02   0.000000000000000000e+00 
  7.263233512639999390e-02   0.000000000000000000e+00 
  0.000000000000000000e+00   0.000000000000000000e+00 
  0.000000000000000000e+00   0.000000000000000000e+00 
  0.000000000000000000e+00   0.000000000000000000e+00 
  0.000000000000000000e+00   0.000000000000000000e+00 
  0.000000000000000000e+00   0.000000000000000000e+00 
  0.000000000000000000e+00   0.000000000000000000e+00 
  0.000000000000000000e+00   0.000000000000000000e+00 
  0.000000000000000000e+00   0.000000000000000000e+00 
  0.000000000000000000e+00   0.000000000000000000e+00 
  0.000000000000000000e+00   0.000000000000000000e+00 
  0.000000000000000000e+00   0.000000000000000000e+00 
  0.000000000000000000e+00   0.000000000000000000e+00 
  0.000000000000000000e+00   0.000000000000000000e+00 
  0.000000000000000000e+00   0.000000000000000000e+00 
  0.000000000000000000e+00   0.000000000000000000e+00 
  0.000000000000000000e+00   0.000000000000000000e+00 
  0.000000000000000000e+00   0.000000000000000000e+00 
  0.000000000000000000e+00   0.000000000000000000e+00 
  0.000000000000000000e+00   0.000000000000000000e+00 
  0.000000000000000000e+00   0.000000000000000000e+00 
  0.000000000000000000e+00   0.000000000000000000e+00 
  0.000000000000000000e+00   0.000000000000000000e+00 
  0.000000000000000000e+00   0.000000000000000000e+00 
  0.000000000000000000e+00   0.000000000000000000e+00 
  0.000000000000000000e+00   0.000000000000000000e+00 
  0.000000000000000000e+00   0.000000000000000000e+00 
  0.000000000000000000e+00   0.000000000000000000e+00 
  0.000000000000000000e+00   0.000000000000000000e+00 
  0.000000000000000000e+00   0.000000000000000000e+00 
  0.000000000000000000e+00   0.000000000000000000e+00 
  0.000000000000000000e+00   0.000000000000000000e+00 
  0.000000000000000000e+00   0.000000000000000000e+00 
  0.000000000000000000e+00   0.000000000000000000e+00 
  0.000000000000000000e+00   0.000000000000000000e+00 
  0.000000000000000000e+00   0.000000000000000000e+00 
  0.000000000000000000e+00   0.000000000000000000e+00 
  0.000000000000000000e+00   0.000000000000000000e+00 
  0.000000000000000000e+00   0.000000000000000000e+00 
  0.000000000000000000e+00   0.000000000000000000e+00 
  0.000000000000000000e+00   0.000000000000000000e+00 
  0.000000000000000000e+00   0.000000000000000000e+00 
  0.000000000000000000e+00   0.000000000000000000e+00 
  0.000000000000000000e+00   0.000000000000000000e+00 
  0.000000000000000000e+00   0.000000000000000000e+00 
  0.000000000000000000e+00   0.000000000000000000e+00 
  0.000000000000000000e+00   0.000000000000000000e+00 
  0.000000000000000000e+00   0.000000000000000000e+00 
  0.000000000000000000e+00   0.000000000000000000e+00 
  0.000000000000000000e+00   0.000000000000000000e+00 
  0.000000000000000000e+00   0.000000000000000000e+00 
  0.000000000000000000e+00   0.000000000000000000e+00 
  0.000000000000000000e+00   0.000000000000000000e+00 
  0.000000000000000000e+00   0.000000000000000000e+00 
  0.000000000000000000e+00   0.000000000000000000e+00 
  0.000000000000000000e+00   0.000000000000000000e+00 
  0.000000000000000000e+00   0.000000000000000000e+00 
  0.000000000000000000e+00   0.000000000000000000e+00 
  0.000000000000000000e+00   0.000000000000000000e+00 
  0.000000000000000000e+00   0.000000000000000000e+00 
  0.000000000000000000e+00   0.000000000000000000e+00 
  0.000000000000000000e+00   0.000000000000000000e+00 
  0.000000000000000000e+00   0.000000000000000000e+00 
  0.000000000000000000e+00   0.000000000000000000e+00 
  0.000000000000000000e+00   0.000000000000000000e+00 
  0.000000000000000000e+00   0.000000000000000000e+00 
  0.000000000000000000e+00   0.000000000000000000e+00 
  0.000000000000000000e+00   0.000000000000000000e+00 
  0.000000000000000000e+00   0.000000000000000000e+00 
  0.000000000000000000e+00   0.000000000000000000e+00 
  0.000000000000000000e+00   0.000000000000000000e+00 
  0.000000000000000000e+00   0.000000000000000000e+00 
  0.000000000000000000e+00   0.000000000000000000e+00 
  0.000000000000000000e+00   0.000000000000000000e+00 
  0.000000000000000000e+00   0.000000000000000000e+00 
  0.000000000000000000e+00   0.000000000000000000e+00 
  0.000000000000000000e+00   0.000000000000000000e+00 
  2.494154265150187125e-03   0.000000000000000000e+00 
 -1.229234971105866783e-03   0.000000000000000000e+00 
 -2.947024069726326620e-03   0.000000000000000000e+00 
 -3.783469786867672390e-03   0.000000000000000000e+00 
 -1.485339249484074042e-03   0.000000000000000000e+00 
 -2.437963616102971180e-03   0.000000000000000000e+00 
  1.915535540319963795e-03   0.000000000000000000e+00 
 -6.527231540530871456e-03   0.000000000000000000e+00 
 -8.485798607580310625e-04   0.000000000000000000e+00 
  3.462659893557484391e-03   0.000000000000000000e+00 
 -1.457154098898205338e-02   0.000000000000000000e+00 
 -6.790176033973682572e-03   0.000000000000000000e+00 
  1.087107157214708942e-04   0.000000000000000000e+00 
  6.879605818539791945e-03   0.000000000000000000e+00 
 -1.262086909264161947e-03   0.000000000000000000e+00 
 -3.526523010805026302e-03   0.000000000000000000e+00 
  6.609350908547625102e-03   0.000000000000000000e+00 
 -1.469400944188235672e-03   0.000000000000000000e+00 
  1.520268153399228399e-03   0.000000000000000000e+00 
 -8.065041154623033351e-03   0.000000000000000000e+00 
 -1.245963736437260020e-03   0.000000000000000000e+00 
 -3.379610599950000176e-03   0.000000000000000000e+00 
  5.369385326048794311e-05   0.000000000000000000e+00 
  5.134625826030954007e-03   0.000000000000000000e+00 
  1.593131013214593023e-02   0.000000000000000000e+00 
 -1.077828835695980592e-02   0.000000000000000000e+00 
 -2.695722132921223035e-02   0.000000000000000000e+00 
  3.033803077414630109e-03   0.000000000000000000e+00 
 -3.158530686050652590e-03   0.000000000000000000e+00 
 -8.392952382564551617e-03   0.000000000000000000e+00 
 -1.207984983921050678e-02   0.000000000000000000e+00 
 -7.132236845791340742e-03   0.000000000000000000e+00 
  2.323874272406102962e-03   0.000000000000000000e+00 
 -2.823982154950514280e-03   0.000000000000000000e+00 
  1.128508150577545686e-02   0.000000000000000000e+00 
 -1.082578892237555731e-04   0.000000000000000000e+00 
  1.608472503721712285e-02   0.000000000000000000e+00 
 -2.717452049255371094e-01   0.000000000000000000e+00 
 -3.213860839605332115e-02   0.000000000000000000e+00 
  1.054559135809536195e-03   0.000000000000000000e+00 
 -5.700876936316486704e-03   0.000000000000000000e+00 
  2.638079412281513908e-02   0.000000000000000000e+00 
 -1.799239404499531486e-02   0.000000000000000000e+00 
 -1.821682043373584747e-02   0.000000000000000000e+00 
 -4.192038998007775741e-02   0.000000000000000000e+00 
 -9.446699023246767357e-01   0.000000000000000000e+00 
 -1.381389647722244263e-01   0.000000000000000000e+00 
  2.882605232298373135e-02   0.000000000000000000e+00 
  4.705344885587691567e-02   0.000000000000000000e+00 
  2.206989750266075481e-02   0.000000000000000000e+00 
 -2.379594743251801578e-02   0.000000000000000000e+00 
  1.035407278686762203e-02   0.000000000000000000e+00 
 -7.766979746520519257e-03   0.000000000000000000e+00 
  8.492190390825275076e-03   0.000000000000000000e+00 
  9.931111708283422643e-03   0.000000000000000000e+00 
  8.514338172972202301e-03   0.000000000000000000e+00 
 -5.598773434758184953e-02   0.000000000000000000e+00 
  6.332816556096075231e-03   0.000000000000000000e+00 
 -9.597135067452071888e-05   0.000000000000000000e+00 
  1.503801997750997370e-02   0.000000000000000000e+00 
  2.467263548169279638e-04   0.000000000000000000e+00 
  2.717046532779941563e-03   0.000000000000000000e+00 
  1.410885364748536023e-03   0.000000000000000000e+00 
 -2.413213020190593111e-03   0.000000000000000000e+00 
  1.510558300651610982e-03   0.000000000000000000e+00 
  3.455789526924492663e-03   0.000000000000000000e+00 
 -3.159625828266144493e-02   0.000000000000000000e+00 
 -2.430671751499176581e-01   0.000000000000000000e+00 
  2.578867599368093663e-02   0.000000000000000000e+00 
  2.851543016731739391e-02   0.000000000000000000e+00 
 -2.115121111273765998e-03   0.000000000000000000e+00 
 -3.512573614716530540e-02   0.000000000000000000e+00 
 -8.349934220314028654e-02   0.000000000000000000e+00 
 -8.039875887334339832e-03   0.000000000000000000e+00 
 -1.692134886980057110e-02   0.000000000000000000e+00 
  5.119805410504341125e-02   0.000000000000000000e+00 
  0.000000000000000000e+00   0.000000000000000000e+00 
  0.000000000000000000e+00   0.000000000000000000e+00 
  0.000000000000000000e+00   0.000000000000000000e+00 
  0.000000000000000000e+00   0.000000000000000000e+00 
  0.000000000000000000e+00   0.000000000000000000e+00 
  0.000000000000000000e+00   0.000000000000000000e+00 
  0.000000000000000000e+00   0.000000000000000000e+00 
  0.000000000000000000e+00   0.000000000000000000e+00 
  0.000000000000000000e+00   0.000000000000000000e+00 
  0.000000000000000000e+00   0.000000000000000000e+00 
  0.000000000000000000e+00   0.000000000000000000e+00 
  0.000000000000000000e+00   0.000000000000000000e+00 
  0.000000000000000000e+00   0.000000000000000000e+00 
  0.000000000000000000e+00   0.000000000000000000e+00 
  0.000000000000000000e+00   0.000000000000000000e+00 
  0.000000000000000000e+00   0.000000000000000000e+00 
  0.000000000000000000e+00   0.000000000000000000e+00 
  0.000000000000000000e+00   0.000000000000000000e+00 
  0.000000000000000000e+00   0.000000000000000000e+00 
  0.000000000000000000e+00   0.000000000000000000e+00 
  0.000000000000000000e+00   0.000000000000000000e+00 
  0.000000000000000000e+00   0.000000000000000000e+00 
  0.000000000000000000e+00   0.000000000000000000e+00 
  0.000000000000000000e+00   0.000000000000000000e+00 
  0.000000000000000000e+00   0.000000000000000000e+00 
  0.000000000000000000e+00   0.000000000000000000e+00 
  0.000000000000000000e+00   0.000000000000000000e+00 
  0.000000000000000000e+00   0.000000000000000000e+00 
  0.000000000000000000e+00   0.000000000000000000e+00 
  0.000000000000000000e+00   0.000000000000000000e+00 
  0.000000000000000000e+00   0.000000000000000000e+00 
  0.000000000000000000e+00   0.000000000000000000e+00 
  0.000000000000000000e+00   0.000000000000000000e+00 
  0.000000000000000000e+00   0.000000000000000000e+00 
  0.000000000000000000e+00   0.000000000000000000e+00 
  0.000000000000000000e+00   0.000000000000000000e+00 
  0.000000000000000000e+00   0.000000000000000000e+00 
  0.000000000000000000e+00   0.000000000000000000e+00 
  0.000000000000000000e+00   0.000000000000000000e+00 
  0.000000000000000000e+00   0.000000000000000000e+00 
  0.000000000000000000e+00   0.000000000000000000e+00 
  0.000000000000000000e+00   0.000000000000000000e+00 
  0.000000000000000000e+00   0.000000000000000000e+00 
  0.000000000000000000e+00   0.000000000000000000e+00 
  0.000000000000000000e+00   0.000000000000000000e+00 
  0.000000000000000000e+00   0.000000000000000000e+00 
  0.000000000000000000e+00   0.000000000000000000e+00 
  0.000000000000000000e+00   0.000000000000000000e+00 
  0.000000000000000000e+00   0.000000000000000000e+00 
  0.000000000000000000e+00   0.000000000000000000e+00 
  0.000000000000000000e+00   0.000000000000000000e+00 
  0.000000000000000000e+00   0.000000000000000000e+00 
  0.000000000000000000e+00   0.000000000000000000e+00 
  0.000000000000000000e+00   0.000000000000000000e+00 
  0.000000000000000000e+00   0.000000000000000000e+00 
  0.000000000000000000e+00   0.000000000000000000e+00 
  0.000000000000000000e+00   0.000000000000000000e+00 
  0.000000000000000000e+00   0.000000000000000000e+00 
  0.000000000000000000e+00   0.000000000000000000e+00 
  0.000000000000000000e+00   0.000000000000000000e+00 
  0.000000000000000000e+00   0.000000000000000000e+00 
  0.000000000000000000e+00   0.000000000000000000e+00 
  0.000000000000000000e+00   0.000000000000000000e+00 
  0.000000000000000000e+00   0.000000000000000000e+00 
  0.000000000000000000e+00   0.000000000000000000e+00 
  0.000000000000000000e+00   0.000000000000000000e+00 
  0.000000000000000000e+00   0.000000000000000000e+00 
  0.000000000000000000e+00   0.000000000000000000e+00 
  0.000000000000000000e+00   0.000000000000000000e+00 
  0.000000000000000000e+00   0.000000000000000000e+00 
  0.000000000000000000e+00   0.000000000000000000e+00 
  0.000000000000000000e+00   0.000000000000000000e+00 
  0.000000000000000000e+00   0.000000000000000000e+00 
  0.000000000000000000e+00   0.000000000000000000e+00 
  0.000000000000000000e+00   0.000000000000000000e+00 
  0.000000000000000000e+00   0.000000000000000000e+00 
  0.000000000000000000e+00   0.000000000000000000e+00 
  0.000000000000000000e+00   0.000000000000000000e+00 
  0.000000000000000000e+00   0.000000000000000000e+00 
  0.000000000000000000e+00   0.000000000000000000e+00 
  0.000000000000000000e+00   0.000000000000000000e+00 
  0.000000000000000000e+00   0.000000000000000000e+00 
  0.000000000000000000e+00   0.000000000000000000e+00 
  0.000000000000000000e+00   0.000000000000000000e+00 
  0.000000000000000000e+00   0.000000000000000000e+00 
  0.000000000000000000e+00   0.000000000000000000e+00 
  0.000000000000000000e+00   0.000000000000000000e+00 
  0.000000000000000000e+00   0.000000000000000000e+00 
  0.000000000000000000e+00   0.000000000000000000e+00 
  0.000000000000000000e+00   0.000000000000000000e+00 
  0.000000000000000000e+00   0.000000000000000000e+00 
  0.000000000000000000e+00   0.000000000000000000e+00 
  0.000000000000000000e+00   0.000000000000000000e+00 
  0.000000000000000000e+00   0.000000000000000000e+00 
  0.000000000000000000e+00   0.000000000000000000e+00 
  0.000000000000000000e+00   0.000000000000000000e+00 
  0.000000000000000000e+00   0.000000000000000000e+00 
  0.000000000000000000e+00   0.000000000000000000e+00 
  0.000000000000000000e+00   0.000000000000000000e+00 
  0.000000000000000000e+00   0.000000000000000000e+00 
  0.000000000000000000e+00   0.000000000000000000e+00 
  0.000000000000000000e+00   0.000000000000000000e+00 
  0.000000000000000000e+00   0.000000000000000000e+00 
  0.000000000000000000e+00   0.000000000000000000e+00 
  0.000000000000000000e+00   0.000000000000000000e+00 
  0.000000000000000000e+00   0.000000000000000000e+00 
  0.000000000000000000e+00   0.000000000000000000e+00 
  0.000000000000000000e+00   0.000000000000000000e+00 
  0.000000000000000000e+00   0.000000000000000000e+00 
  0.000000000000000000e+00   0.000000000000000000e+00 
  0.000000000000000000e+00   0.000000000000000000e+00 
  0.000000000000000000e+00   0.000000000000000000e+00 
  0.000000000000000000e+00   0.000000000000000000e+00 
  0.000000000000000000e+00   0.000000000000000000e+00 
  0.000000000000000000e+00   0.000000000000000000e+00 
  0.000000000000000000e+00   0.000000000000000000e+00 
  0.000000000000000000e+00   0.000000000000000000e+00 
  0.000000000000000000e+00   0.000000000000000000e+00 
  0.000000000000000000e+00   0.000000000000000000e+00 
  0.000000000000000000e+00   0.000000000000000000e+00 
  0.000000000000000000e+00   0.000000000000000000e+00 
  0.000000000000000000e+00   0.000000000000000000e+00 
  0.000000000000000000e+00   0.000000000000000000e+00 
  0.000000000000000000e+00   0.000000000000000000e+00 
  0.000000000000000000e+00   0.000000000000000000e+00 
  0.000000000000000000e+00   0.000000000000000000e+00 
  0.000000000000000000e+00   0.000000000000000000e+00 
  0.000000000000000000e+00   0.000000000000000000e+00 
  0.000000000000000000e+00   0.000000000000000000e+00 
  0.000000000000000000e+00   0.000000000000000000e+00 
  0.000000000000000000e+00   0.000000000000000000e+00 
  0.000000000000000000e+00   0.000000000000000000e+00 
  0.000000000000000000e+00   0.000000000000000000e+00 
  0.000000000000000000e+00   0.000000000000000000e+00 
  0.000000000000000000e+00   0.000000000000000000e+00 
  0.000000000000000000e+00   0.000000000000000000e+00 
  0.000000000000000000e+00   0.000000000000000000e+00 
  0.000000000000000000e+00   0.000000000000000000e+00 
  0.000000000000000000e+00   0.000000000000000000e+00 
  0.000000000000000000e+00   0.000000000000000000e+00 
  0.000000000000000000e+00   0.000000000000000000e+00 
  0.000000000000000000e+00   0.000000000000000000e+00 
  0.000000000000000000e+00   0.000000000000000000e+00 
  0.000000000000000000e+00   0.000000000000000000e+00 
  0.000000000000000000e+00   0.000000000000000000e+00 
  0.000000000000000000e+00   0.000000000000000000e+00 
  0.000000000000000000e+00   0.000000000000000000e+00 
  0.000000000000000000e+00   0.000000000000000000e+00 
  0.000000000000000000e+00   0.000000000000000000e+00 
  0.000000000000000000e+00   0.000000000000000000e+00 
  0.000000000000000000e+00   0.000000000000000000e+00 
  0.000000000000000000e+00   0.000000000000000000e+00 
  3.518210141910350030e-04   0.000000000000000000e+00 
 -1.378443703287428811e-04   0.000000000000000000e+00 
  4.406085237862169754e-03   0.000000000000000000e+00 
  1.523503917269345819e-03   0.000000000000000000e+00 
 -1.079861904145916523e-04   0.000000000000000000e+00 
 -1.723674498498307950e-02   0.000000000000000000e+00 
 -2.530553610995314295e-03   0.000000000000000000e+00 
  3.250437439418731771e-04   0.000000000000000000e+00 
 -1.446753507480168623e-03   0.000000000000000000e+00 
  3.485225606709802188e-04   0.000000000000000000e+00 
 -4.526536911725921597e-03   0.000000000000000000e+00 
  3.760268166661261818e-02   0.000000000000000000e+00 
 -6.082711624912688847e-04   0.000000000000000000e+00 
  9.048245847224946348e-04   0.000000000000000000e+00 
  3.297523129731236291e-03   0.000000000000000000e+00 
 -2.493937965482573120e-03   0.000000000000000000e+00 
  5.529600661247967806e-03   0.000000000000000000e+00 
  7.289058528840542707e-03   0.000000000000000000e+00 
  8.698179386556139855e-03   0.000000000000000000e+00 
 -1.236236188560725343e-03   0.000000000000000000e+00 
  1.236558519303798502e-02   0.000000000000000000e+00 
 -5.629264563322013831e-02   0.000000000000000000e+00 
  1.216685122926713253e-04   0.000000000000000000e+00 
 -3.214418655261397362e-03   0.000000000000000000e+00 
 -3.980906307697321816e-02   0.000000000000000000e+00 
  1.475519128143775935e-02   0.000000000000000000e+00 
 -3.022495191544295658e-03   0.000000000000000000e+00 
 -1.713802572339772744e-03   0.000000000000000000e+00 
  2.078980673104525480e-03   0.000000000000000000e+00 
  2.710799220949411826e-03   0.000000000000000000e+00 
 -5.115839093923578440e-02   0.000000000000000000e+00 
  1.197746954858302897e-02   0.000000000000000000e+00 
 -9.567072265781464361e-04   0.000000000000000000e+00 
  1.325541827827710420e-02   0.000000000000000000e+00 
  6.018977612257004652e-03   0.000000000000000000e+00 
  4.222468473017216596e-03   0.000000000000000000e+00 
 -1.706500649452210305e-01   0.000000000000000000e+00 
 -4.673443734645843506e-03   0.000000000000000000e+00 
  9.589780820533634316e-04   0.000000000000000000e+00 
  4.653592035174353159e-02   0.000000000000000000e+00 
 -7.155862404033536258e-04   0.000000000000000000e+00 
  4.675698466598987579e-03   0.000000000000000000e+00 
  2.027601236477494240e-03   0.000000000000000000e+00 
  2.025641268119215532e-03   0.000000000000000000e+00 
 -6.118985414505004883e-01   0.000000000000000000e+00 
 -3.030637046322227825e-03   0.000000000000000000e+00 
 -7.349292282015084353e-03   0.000000000000000000e+00 
  4.534921143204075251e-03   0.000000000000000000e+00 
 -4.816391505300997820e-03   0.000000000000000000e+00 
  3.562578640412542496e-04   0.000000000000000000e+00 
  5.579777359962464489e-01   0.000000000000000000e+00 
 -1.993415057659149725e-01   0.000000000000000000e+00 
  4.085851367563009262e-03   0.000000000000000000e+00 
  1.630318234674632549e-03   0.000000000000000000e+00 
  6.713551469147205353e-03   0.000000000000000000e+00 
  3.085949283558887791e-04   0.000000000000000000e+00 
 -2.436497714370488253e-03   0.000000000000000000e+00 
  6.685932166874408722e-03   0.000000000000000000e+00 
  1.258877366781233909e-01   0.000000000000000000e+00 
  1.811084570363163948e-03   0.000000000000000000e+00 
 -1.488634478300809860e-02   0.000000000000000000e+00 
  5.340768024325370789e-03   0.000000000000000000e+00 
 -1.245003752410411661e-02   0.000000000000000000e+00 
 -3.903068229556071189e-02   0.000000000000000000e+00 
  8.712732233107089996e-03   0.000000000000000000e+00 
 -1.798412296921013268e-03   0.000000000000000000e+00 
 -1.623739022761584196e-03   0.000000000000000000e+00 
 -2.700699958950281577e-03   0.000000000000000000e+00 
  1.789986789226534480e-01   0.000000000000000000e+00 
  9.512759279459712721e-04   0.000000000000000000e+00 
  9.582212660461658779e-04   0.000000000000000000e+00 
 -8.211720734834683511e-02   0.000000000000000000e+00 
  4.079827666282654919e-01   0.000000000000000000e+00 
 -4.274835737305710269e-05   0.000000000000000000e+00 
  2.917671110481023788e-03   0.000000000000000000e+00 
 -1.833519935607910156e-01   0.000000000000000000e+00 
  0.000000000000000000e+00   0.000000000000000000e+00 
  0.000000000000000000e+00   0.000000000000000000e+00 
  0.000000000000000000e+00   0.000000000000000000e+00 
  0.000000000000000000e+00   0.000000000000000000e+00 
  0.000000000000000000e+00   0.000000000000000000e+00 
  0.000000000000000000e+00   0.000000000000000000e+00 
  0.000000000000000000e+00   0.000000000000000000e+00 
  0.000000000000000000e+00   0.000000000000000000e+00 
  0.000000000000000000e+00   0.000000000000000000e+00 
  0.000000000000000000e+00   0.000000000000000000e+00 
  0.000000000000000000e+00   0.000000000000000000e+00 
  0.000000000000000000e+00   0.000000000000000000e+00 
  0.000000000000000000e+00   0.000000000000000000e+00 
  0.000000000000000000e+00   0.000000000000000000e+00 
  0.000000000000000000e+00   0.000000000000000000e+00 
  0.000000000000000000e+00   0.000000000000000000e+00 
  0.000000000000000000e+00   0.000000000000000000e+00 
  0.000000000000000000e+00   0.000000000000000000e+00 
  0.000000000000000000e+00   0.000000000000000000e+00 
  0.000000000000000000e+00   0.000000000000000000e+00 
  0.000000000000000000e+00   0.000000000000000000e+00 
  0.000000000000000000e+00   0.000000000000000000e+00 
  0.000000000000000000e+00   0.000000000000000000e+00 
  0.000000000000000000e+00   0.000000000000000000e+00 
  0.000000000000000000e+00   0.000000000000000000e+00 
  0.000000000000000000e+00   0.000000000000000000e+00 
  0.000000000000000000e+00   0.000000000000000000e+00 
  0.000000000000000000e+00   0.000000000000000000e+00 
  0.000000000000000000e+00   0.000000000000000000e+00 
  0.000000000000000000e+00   0.000000000000000000e+00 
  0.000000000000000000e+00   0.000000000000000000e+00 
  0.000000000000000000e+00   0.000000000000000000e+00 
  0.000000000000000000e+00   0.000000000000000000e+00 
  0.000000000000000000e+00   0.000000000000000000e+00 
  0.000000000000000000e+00   0.000000000000000000e+00 
  0.000000000000000000e+00   0.000000000000000000e+00 
  0.000000000000000000e+00   0.000000000000000000e+00 
  0.000000000000000000e+00   0.000000000000000000e+00 
  0.000000000000000000e+00   0.000000000000000000e+00 
  0.000000000000000000e+00   0.000000000000000000e+00 
  0.000000000000000000e+00   0.000000000000000000e+00 
  0.000000000000000000e+00   0.000000000000000000e+00 
  0.000000000000000000e+00   0.000000000000000000e+00 
  0.000000000000000000e+00   0.000000000000000000e+00 
  0.000000000000000000e+00   0.000000000000000000e+00 
  0.000000000000000000e+00   0.000000000000000000e+00 
  0.000000000000000000e+00   0.000000000000000000e+00 
  0.000000000000000000e+00   0.000000000000000000e+00 
  0.000000000000000000e+00   0.000000000000000000e+00 
  0.000000000000000000e+00   0.000000000000000000e+00 
  0.000000000000000000e+00   0.000000000000000000e+00 
  0.000000000000000000e+00   0.000000000000000000e+00 
  0.000000000000000000e+00   0.000000000000000000e+00 
  0.000000000000000000e+00   0.000000000000000000e+00 
  0.000000000000000000e+00   0.000000000000000000e+00 
  0.000000000000000000e+00   0.000000000000000000e+00 
  0.000000000000000000e+00   0.000000000000000000e+00 
  0.000000000000000000e+00   0.000000000000000000e+00 
  0.000000000000000000e+00   0.000000000000000000e+00 
  0.000000000000000000e+00   0.000000000000000000e+00 
  0.000000000000000000e+00   0.000000000000000000e+00 
  0.000000000000000000e+00   0.000000000000000000e+00 
  0.000000000000000000e+00   0.000000000000000000e+00 
  0.000000000000000000e+00   0.000000000000000000e+00 
  0.000000000000000000e+00   0.000000000000000000e+00 
  0.000000000000000000e+00   0.000000000000000000e+00 
  0.000000000000000000e+00   0.000000000000000000e+00 
  0.000000000000000000e+00   0.000000000000000000e+00 
  0.000000000000000000e+00   0.000000000000000000e+00 
  0.000000000000000000e+00   0.000000000000000000e+00 
  0.000000000000000000e+00   0.000000000000000000e+00 
  0.000000000000000000e+00   0.000000000000000000e+00 
  0.000000000000000000e+00   0.000000000000000000e+00 
  0.000000000000000000e+00   0.000000000000000000e+00 
  0.000000000000000000e+00   0.000000000000000000e+00 
  0.000000000000000000e+00   0.000000000000000000e+00 
  7.097980938851770893e-03   0.000000000000000000e+00 
 -1.490951515734655845e-03   0.000000000000000000e+00 
  1.817668229341451447e-02   0.000000000000000000e+00 
  8.109335904009423376e-04   0.000000000000000000e+00 
 -1.013054770738863161e-05   0.000000000000000000e+00 
  1.522691641002918254e-02   0.000000000000000000e+00 
 -5.879002623259904116e-03   0.000000000000000000e+00 
  3.696100902745260612e-04   0.000000000000000000e+00 
  1.749864080920825659e-03   0.000000000000000000e+00 
 -3.655605018138885932e-03   0.000000000000000000e+00 
 -1.052646548487223051e-03   0.000000000000000000e+00 
  1.636305265128618069e-02   0.000000000000000000e+00 
  1.163568376796470243e-04   0.000000000000000000e+00 
 -1.739198341965718505e-03   0.000000000000000000e+00 
  1.065944321453450973e-03   0.000000000000000000e+00 
 -2.470881445333727652e-03   0.000000000000000000e+00 
 -1.025966485030948682e-03   0.000000000000000000e+00 
 -1.521136029623451017e-03   0.000000000000000000e+00 
 -2.268554642796512949e-03   0.000000000000000000e+00 
  2.397187752649188475e-03   0.000000000000000000e+00 
 -8.236758294515312802e-04   0.000000000000000000e+00 
 -2.668427675962427997e-02   0.000000000000000000e+00 
  3.945376258343455574e-03   0.000000000000000000e+00 
 -3.697088453918693281e-03   0.000000000000000000e+00 
  1.840760523919905982e-04   0.000000000000000000e+00 
 -1.055128755979192453e-03   0.000000000000000000e+00 
  1.159356092102825858e-03   0.000000000000000000e+00 
  9.359983960166574609e-04   0.000000000000000000e+00 
  6.182459648698567477e-03   0.000000000000000000e+00 
  4.638884274754712274e-04   0.000000000000000000e+00 
  2.067203260958202019e-02   0.000000000000000000e+00 
 -9.459406137466448011e-04   0.000000000000000000e+00 
 -4.539993125945326197e-03   0.000000000000000000e+00 
  7.157774269580848003e-02   0.000000000000000000e+00 
 -7.308822590857749421e-03   0.000000000000000000e+00 
 -7.468914845958345584e-04   0.000000000000000000e+00 
 -1.787198036909103116e-01   0.000000000000000000e+00 
  1.479427213780581734e-03   0.000000000000000000e+00 
 -1.029815539368427206e-04   0.000000000000000000e+00 
 -2.931700646877289373e-01   0.000000000000000000e+00 
 -5.106729455292223149e-03   0.000000000000000000e+00 
  3.683007322251797156e-03   0.000000000000000000e+00 
  1.534022670239209955e-02   0.000000000000000000e+00 
 -7.456979248672725505e-03   0.000000000000000000e+00 
 -1.116224154829979220e-01   0.000000000000000000e+00 
  1.744061359204352553e-03   0.000000000000000000e+00 
  1.180781610310077494e-02   0.000000000000000000e+00 
 -6.323370337486264869e-01   0.000000000000000000e+00 
  3.112341463565825722e-02   0.000000000000000000e+00 
 -1.079793833196163351e-02   0.000000000000000000e+00 
 -5.008105635643006481e-01   0.000000000000000000e+00 
  6.686823815107346969e-02   0.000000000000000000e+00 
 -2.533537568524479866e-03   0.000000000000000000e+00 
 -7.186790928244594229e-03   0.000000000000000000e+00 
 -2.098835539072758775e-04   0.000000000000000000e+00 
  3.758621867746115165e-03   0.000000000000000000e+00 
  1.461826264858245199e-03   0.000000000000000000e+00 
 -1.132861245423555374e-03   0.000000000000000000e+00 
  1.761679500341414573e-01   0.000000000000000000e+00 
 -3.345465054735540910e-03   0.000000000000000000e+00 
  1.172783900983631828e-03   0.000000000000000000e+00 
 -7.867866195738315582e-03   0.000000000000000000e+00 
  2.419144613668322563e-03   0.000000000000000000e+00 
 -1.321635488420725389e-02   0.000000000000000000e+00 
  9.028219617903234309e-03   0.000000000000000000e+00 
 -3.910270053893326846e-03   0.000000000000000000e+00 
  3.522441023960710439e-03   0.000000000000000000e+00 
 -3.483954351395369443e-03   0.000000000000000000e+00 
  3.039259612560271662e-01   0.000000000000000000e+00 
 -1.799914869479836551e-03   0.000000000000000000e+00 
  3.027023631148032163e-04   0.000000000000000000e+00 
 -1.884516179561615268e-01   0.000000000000000000e+00 
  1.935307830572129129e-01   0.000000000000000000e+00 
 -9.895839728415012360e-03   0.000000000000000000e+00 
 -1.408111886121332862e-03   0.000000000000000000e+00 
 -1.740032285451889593e-01   0.000000000000000000e+00 
  0.000000000000000000e+00   0.000000000000000000e+00 
  0.000000000000000000e+00   0.000000000000000000e+00 
  0.000000000000000000e+00   0.000000000000000000e+00 
  0.000000000000000000e+00   0.000000000000000000e+00 
  0.000000000000000000e+00   0.000000000000000000e+00 
  0.000000000000000000e+00   0.000000000000000000e+00 
  0.000000000000000000e+00   0.000000000000000000e+00 
  0.000000000000000000e+00   0.000000000000000000e+00 
  0.000000000000000000e+00   0.000000000000000000e+00 
  0.000000000000000000e+00   0.000000000000000000e+00 
  0.000000000000000000e+00   0.000000000000000000e+00 
  0.000000000000000000e+00   0.000000000000000000e+00 
  0.000000000000000000e+00   0.000000000000000000e+00 
  0.000000000000000000e+00   0.000000000000000000e+00 
  0.000000000000000000e+00   0.000000000000000000e+00 
  0.000000000000000000e+00   0.000000000000000000e+00 
  0.000000000000000000e+00   0.000000000000000000e+00 
  0.000000000000000000e+00   0.000000000000000000e+00 
  0.000000000000000000e+00   0.000000000000000000e+00 
  0.000000000000000000e+00   0.000000000000000000e+00 
  0.000000000000000000e+00   0.000000000000000000e+00 
  0.000000000000000000e+00   0.000000000000000000e+00 
  0.000000000000000000e+00   0.000000000000000000e+00 
  0.000000000000000000e+00   0.000000000000000000e+00 
  0.000000000000000000e+00   0.000000000000000000e+00 
  0.000000000000000000e+00   0.000000000000000000e+00 
  0.000000000000000000e+00   0.000000000000000000e+00 
  0.000000000000000000e+00   0.000000000000000000e+00 
  0.000000000000000000e+00   0.000000000000000000e+00 
  0.000000000000000000e+00   0.000000000000000000e+00 
  0.000000000000000000e+00   0.000000000000000000e+00 
  0.000000000000000000e+00   0.000000000000000000e+00 
  0.000000000000000000e+00   0.000000000000000000e+00 
  0.000000000000000000e+00   0.000000000000000000e+00 
  0.000000000000000000e+00   0.000000000000000000e+00 
  0.000000000000000000e+00   0.000000000000000000e+00 
  0.000000000000000000e+00   0.000000000000000000e+00 
  0.000000000000000000e+00   0.000000000000000000e+00 
  0.000000000000000000e+00   0.000000000000000000e+00 
  0.000000000000000000e+00   0.000000000000000000e+00 
  0.000000000000000000e+00   0.000000000000000000e+00 
  0.000000000000000000e+00   0.000000000000000000e+00 
  0.000000000000000000e+00   0.000000000000000000e+00 
  0.000000000000000000e+00   0.000000000000000000e+00 
  0.000000000000000000e+00   0.000000000000000000e+00 
  0.000000000000000000e+00   0.000000000000000000e+00 
  0.000000000000000000e+00   0.000000000000000000e+00 
  0.000000000000000000e+00   0.000000000000000000e+00 
  0.000000000000000000e+00   0.000000000000000000e+00 
  0.000000000000000000e+00   0.000000000000000000e+00 
  0.000000000000000000e+00   0.000000000000000000e+00 
  0.000000000000000000e+00   0.000000000000000000e+00 
  0.000000000000000000e+00   0.000000000000000000e+00 
  0.000000000000000000e+00   0.000000000000000000e+00 
  0.000000000000000000e+00   0.000000000000000000e+00 
  0.000000000000000000e+00   0.000000000000000000e+00 
  0.000000000000000000e+00   0.000000000000000000e+00 
  0.000000000000000000e+00   0.000000000000000000e+00 
  0.000000000000000000e+00   0.000000000000000000e+00 
  0.000000000000000000e+00   0.000000000000000000e+00 
  0.000000000000000000e+00   0.000000000000000000e+00 
  0.000000000000000000e+00   0.000000000000000000e+00 
  0.000000000000000000e+00   0.000000000000000000e+00 
  0.000000000000000000e+00   0.000000000000000000e+00 
  0.000000000000000000e+00   0.000000000000000000e+00 
  0.000000000000000000e+00   0.000000000000000000e+00 
  0.000000000000000000e+00   0.000000000000000000e+00 
  0.000000000000000000e+00   0.000000000000000000e+00 
  0.000000000000000000e+00   0.000000000000000000e+00 
  0.000000000000000000e+00   0.000000000000000000e+00 
  0.000000000000000000e+00   0.000000000000000000e+00 
  0.000000000000000000e+00   0.000000000000000000e+00 
  0.000000000000000000e+00   0.000000000000000000e+00 
  0.000000000000000000e+00   0.000000000000000000e+00 
  0.000000000000000000e+00   0.000000000000000000e+00 
  0.000000000000000000e+00   0.000000000000000000e+00 
 -1.625375705772605806e-03   0.000000000000000000e+00 
  7.987966819185525231e-05   0.000000000000000000e+00 
 -3.254777751862996706e-03   0.000000000000000000e+00 
 -6.890364456921577348e-03   0.000000000000000000e+00 
  1.012641750276063735e-02   0.000000000000000000e+00 
 -1.092207734473050725e-03   0.000000000000000000e+00 
 -8.565948810429568168e-04   0.000000000000000000e+00 
  7.862768135964712593e-03   0.000000000000000000e+00 
 -2.527305856347095842e-02   0.000000000000000000e+00 
  9.585367515683111683e-03   0.000000000000000000e+00 
 -5.197863560169824204e-03   0.000000000000000000e+00 
 -1.265946048077328954e-04   0.000000000000000000e+00 
 -3.186334157362723848e-03   0.000000000000000000e+00 
  8.520111441612295694e-03   0.000000000000000000e+00 
 -1.874534529633817672e-03   0.000000000000000000e+00 
 -4.232487699483250781e-04   0.000000000000000000e+00 
  8.846549317240728905e-03   0.000000000000000000e+00 
  1.053278567269447501e-03   0.000000000000000000e+00 
  9.461661102249878223e-05   0.000000000000000000e+00 
  2.776857232674956755e-03   0.000000000000000000e+00 
  6.195471156388522062e-03   0.000000000000000000e+00 
  2.484418917447325965e-03   0.000000000000000000e+00 
  3.988291602581766314e-03   0.000000000000000000e+00 
  4.123237356543546506e-02   0.000000000000000000e+00 
 -3.202954540029166828e-03   0.000000000000000000e+00 
 -2.628905465826387837e-03   0.000000000000000000e+00 
 -6.546223070472482336e-03   0.000000000000000000e+00 
  6.484019104391323431e-04   0.000000000000000000e+00 
  8.957721292972543881e-03   0.000000000000000000e+00 
 -1.597810303792376960e-03   0.000000000000000000e+00 
  6.188279483467342204e-03   0.000000000000000000e+00 
  6.907527148723603683e-02   0.000000000000000000e+00 
 -4.384841304272449683e-03   0.000000000000000000e+00 
  8.877793326973913365e-03   0.000000000000000000e+00 
  4.859320446848870712e-02   0.000000000000000000e+00 
  5.959420278668403625e-02   0.000000000000000000e+00 
  6.698030047118664655e-03   0.000000000000000000e+00 
 -2.960491110570742873e-04   0.000000000000000000e+00 
  1.071802433580160141e-02   0.000000000000000000e+00 
  5.716921761631965637e-03   0.000000000000000000e+00 
  6.343927234411239624e-02   0.000000000000000000e+00 
  1.375273764133453092e-01   0.000000000000000000e+00 
 -4.296489059925077958e-02   0.000000000000000000e+00 
 -4.286932945251464844e-01   0.000000000000000000e+00 
 -1.021639560349285603e-03   0.000000000000000000e+00 
 -1.414416451007128109e-02   0.000000000000000000e+00 
 -2.723111957311629902e-02   0.000000000000000000e+00 
 -1.658878661692142140e-02   0.000000000000000000e+00 
 -2.314794212579726618e-01   0.000000000000000000e+00 
  8.249835371971132592e-01   0.000000000000000000e+00 
 -4.622063599526883906e-03   0.000000000000000000e+00 
 -5.585528197116196823e-05   0.000000000000000000e+00 
 -8.591565419919820279e-04   0.000000000000000000e+00 
  1.325003206729889194e-01   0.000000000000000000e+00 
  4.398375377058983543e-02   0.000000000000000000e+00 
  1.309620440006256381e-01   0.000000000000000000e+00 
 -5.135253537446259585e-03   0.000000000000000000e+00 
  5.835957825183866673e-03   0.000000000000000000e+00 
 -6.249132566154003143e-03   0.000000000000000000e+00 
 -3.674870822578668161e-03   0.000000000000000000e+00 
 -3.525938838720321655e-03   0.000000000000000000e+00 
  3.986439201980829239e-03   0.000000000000000000e+00 
 -1.229492598213255189e-03   0.000000000000000000e+00 
 -6.512845866382122040e-04   0.000000000000000000e+00 
 -8.189166337251664596e-02   0.000000000000000000e+00 
 -3.701343759894371033e-02   0.000000000000000000e+00 
  4.207508172839880857e-03   0.000000000000000000e+00 
 -3.924637567251921567e-03   0.000000000000000000e+00 
  2.829986857250331965e-03   0.000000000000000000e+00 
 -1.897902600467204354e-02   0.000000000000000000e+00 
  1.226299162954092546e-02   0.000000000000000000e+00 
 -3.357583656907081604e-03   0.000000000000000000e+00 
 -4.649788024835297198e-04   0.000000000000000000e+00 
  1.334656327962875644e-01   0.000000000000000000e+00 
 -1.663135364651671319e-03   0.000000000000000000e+00 
 -4.423141654115172951e-04   0.000000000000000000e+00 
  0.000000000000000000e+00   0.000000000000000000e+00 
  0.000000000000000000e+00   0.000000000000000000e+00 
  0.000000000000000000e+00   0.000000000000000000e+00 
  0.000000000000000000e+00   0.000000000000000000e+00 
  0.000000000000000000e+00   0.000000000000000000e+00 
  0.000000000000000000e+00   0.000000000000000000e+00 
  0.000000000000000000e+00   0.000000000000000000e+00 
  0.000000000000000000e+00   0.000000000000000000e+00 
  0.000000000000000000e+00   0.000000000000000000e+00 
  0.000000000000000000e+00   0.000000000000000000e+00 
  0.000000000000000000e+00   0.000000000000000000e+00 
  0.000000000000000000e+00   0.000000000000000000e+00 
  0.000000000000000000e+00   0.000000000000000000e+00 
  0.000000000000000000e+00   0.000000000000000000e+00 
  0.000000000000000000e+00   0.000000000000000000e+00 
  0.000000000000000000e+00   0.000000000000000000e+00 
  0.000000000000000000e+00   0.000000000000000000e+00 
  0.000000000000000000e+00   0.000000000000000000e+00 
  0.000000000000000000e+00   0.000000000000000000e+00 
  0.000000000000000000e+00   0.000000000000000000e+00 
  0.000000000000000000e+00   0.000000000000000000e+00 
  0.000000000000000000e+00   0.000000000000000000e+00 
  0.000000000000000000e+00   0.000000000000000000e+00 
  0.000000000000000000e+00   0.000000000000000000e+00 
  0.000000000000000000e+00   0.000000000000000000e+00 
  0.000000000000000000e+00   0.000000000000000000e+00 
  0.000000000000000000e+00   0.000000000000000000e+00 
  0.000000000000000000e+00   0.000000000000000000e+00 
  0.000000000000000000e+00   0.000000000000000000e+00 
  0.000000000000000000e+00   0.000000000000000000e+00 
  0.000000000000000000e+00   0.000000000000000000e+00 
  0.000000000000000000e+00   0.000000000000000000e+00 
  0.000000000000000000e+00   0.000000000000000000e+00 
  0.000000000000000000e+00   0.000000000000000000e+00 
  0.000000000000000000e+00   0.000000000000000000e+00 
  0.000000000000000000e+00   0.000000000000000000e+00 
  0.000000000000000000e+00   0.000000000000000000e+00 
  0.000000000000000000e+00   0.000000000000000000e+00 
  0.000000000000000000e+00   0.000000000000000000e+00 
  0.000000000000000000e+00   0.000000000000000000e+00 
  0.000000000000000000e+00   0.000000000000000000e+00 
  0.000000000000000000e+00   0.000000000000000000e+00 
  0.000000000000000000e+00   0.000000000000000000e+00 
  0.000000000000000000e+00   0.000000000000000000e+00 
  0.000000000000000000e+00   0.000000000000000000e+00 
  0.000000000000000000e+00   0.000000000000000000e+00 
  0.000000000000000000e+00   0.000000000000000000e+00 
  0.000000000000000000e+00   0.000000000000000000e+00 
  0.000000000000000000e+00   0.000000000000000000e+00 
  0.000000000000000000e+00   0.000000000000000000e+00 
  0.000000000000000000e+00   0.000000000000000000e+00 
  0.000000000000000000e+00   0.000000000000000000e+00 
  0.000000000000000000e+00   0.000000000000000000e+00 
  0.000000000000000000e+00   0.000000000000000000e+00 
  0.000000000000000000e+00   0.000000000000000000e+00 
  0.000000000000000000e+00   0.000000000000000000e+00 
  0.000000000000000000e+00   0.000000000000000000e+00 
  0.000000000000000000e+00   0.000000000000000000e+00 
  0.000000000000000000e+00   0.000000000000000000e+00 
  0.000000000000000000e+00   0.000000000000000000e+00 
  0.000000000000000000e+00   0.000000000000000000e+00 
  0.000000000000000000e+00   0.000000000000000000e+00 
  0.000000000000000000e+00   0.000000000000000000e+00 
  0.000000000000000000e+00   0.000000000000000000e+00 
  0.000000000000000000e+00   0.000000000000000000e+00 
  0.000000000000000000e+00   0.000000000000000000e+00 
  0.000000000000000000e+00   0.000000000000000000e+00 
  0.000000000000000000e+00   0.000000000000000000e+00 
  0.000000000000000000e+00   0.000000000000000000e+00 
  0.000000000000000000e+00   0.000000000000000000e+00 
  0.000000000000000000e+00   0.000000000000000000e+00 
  0.000000000000000000e+00   0.000000000000000000e+00 
  0.000000000000000000e+00   0.000000000000000000e+00 
  0.000000000000000000e+00   0.000000000000000000e+00 
  0.000000000000000000e+00   0.000000000000000000e+00 
  0.000000000000000000e+00   0.000000000000000000e+00 
 -1.096760388463344617e-03   0.000000000000000000e+00 
  2.218088135123296237e-03   0.000000000000000000e+00 
  2.914238255470842816e-03   0.000000000000000000e+00 
  1.107765734195693096e-02   0.000000000000000000e+00 
  4.194336012006175465e-03   0.000000000000000000e+00 
  4.957444616593569041e-04   0.000000000000000000e+00 
 -4.413573187776144630e-04   0.000000000000000000e+00 
  2.038302086293722684e-02   0.000000000000000000e+00 
  1.021373644471150824e-02   0.000000000000000000e+00 
  3.680498572066376404e-03   0.000000000000000000e+00 
  6.998499855398665134e-03   0.000000000000000000e+00 
  2.303369576111393823e-03   0.000000000000000000e+00 
 -3.829337889328503566e-03   0.000000000000000000e+00 
 -4.690444096922952513e-03   0.000000000000000000e+00 
  4.078494384884802306e-04   0.000000000000000000e+00 
 -4.376137629151595834e-03   0.000000000000000000e+00 
 -8.393477648496643420e-03   0.000000000000000000e+00 
 -9.475612896494578236e-04   0.000000000000000000e+00 
  3.008361905813217163e-03   0.000000000000000000e+00 
 -5.059484858065845317e-03   0.000000000000000000e+00 
 -2.673422684893010746e-03   0.000000000000000000e+00 
 -2.186693018302314061e-03   0.000000000000000000e+00 
 -4.122200980782514401e-02   0.000000000000000000e+00 
  9.846496395766705587e-03   0.000000000000000000e+00 
  8.767289691604705304e-04   0.000000000000000000e+00 
 -5.039843381382411126e-05   0.000000000000000000e+00 
  3.723940346390010661e-03   0.000000000000000000e+00 
 -8.260199800133705139e-03   0.000000000000000000e+00 
 -8.276392705738553138e-03   0.000000000000000000e+00 
 -1.420751027762896454e-02   0.000000000000000000e+00 
 -2.139721065759655778e-03   0.000000000000000000e+00 
 -5.790399387478863125e-03   0.000000000000000000e+00 
  4.826647415757170934e-02   0.000000000000000000e+00 
 -1.569036976434287590e-03   0.000000000000000000e+00 
  4.791752994060523296e-02   0.000000000000000000e+00 
 -5.062569305300716749e-02   0.000000000000000000e+00 
 -4.952978342771528417e-03   0.000000000000000000e+00 
  3.372458275407552285e-03   0.000000000000000000e+00 
 -4.293135367333889008e-03   0.000000000000000000e+00 
 -8.722179569303991145e-03   0.000000000000000000e+00 
  1.297765672206878107e-01   0.000000000000000000e+00 
 -7.013756781816482544e-02   0.000000000000000000e+00 
 -4.288507401943206232e-01   0.000000000000000000e+00 
  4.639220237731933594e-02   0.000000000000000000e+00 
  3.056908608414214299e-04   0.000000000000000000e+00 
 -7.037175353616476926e-03   0.000000000000000000e+00 
  9.915985167026518041e-03   0.000000000000000000e+00 
 -2.401186153292655251e-02   0.000000000000000000e+00 
 -8.274984955787656471e-01   0.000000000000000000e+00 
 -2.187646925449371893e-01   0.000000000000000000e+00 
 -1.383877545595169414e-02   0.000000000000000000e+00 
  2.138846903108070389e-04   0.000000000000000000e+00 
  1.359817385673523227e-01   0.000000000000000000e+00 
 -5.752593278884875552e-03   0.000000000000000000e+00 
  1.258622109889984131e-01   0.000000000000000000e+00 
 -5.317633599042894538e-02   0.000000000000000000e+00 
  3.323536831885575814e-03   0.000000000000000000e+00 
 -3.374243155121801983e-03   0.000000000000000000e+00 
  7.148577831685541326e-03   0.000000000000000000e+00 
  1.011606864631175821e-02   0.000000000000000000e+00 
  4.699083510786294937e-03   0.000000000000000000e+00 
 -1.613586646271872793e-04   0.000000000000000000e+00 
  6.470187800005080484e-04   0.000000000000000000e+00 
 -1.897400128655135848e-03   0.000000000000000000e+00 
 -5.075817555189134772e-02   0.000000000000000000e+00 
  7.941550016403198242e-02   0.000000000000000000e+00 
  2.215305343270302686e-03   0.000000000000000000e+00 
  4.259602632373572263e-03   0.000000000000000000e+00 
  1.102850399911403656e-02   0.000000000000000000e+00 
 -7.719805929809801792e-03   0.000000000000000000e+00 
 -1.688971184194087982e-02   0.000000000000000000e+00 
 -9.225929155945776158e-03   0.000000000000000000e+00 
  7.953730411827565974e-03   0.000000000000000000e+00 
 -2.290982520207770958e-03   0.000000000000000000e+00 
  1.338361203670501987e-01   0.000000000000000000e+00 
 -6.097862031310798472e-03   0.000000000000000000e+00 
  0.000000000000000000e+00   0.000000000000000000e+00 
  0.000000000000000000e+00   0.000000000000000000e+00 
  0.000000000000000000e+00   0.000000000000000000e+00 
  0.000000000000000000e+00   0.000000000000000000e+00 
  0.000000000000000000e+00   0.000000000000000000e+00 
  0.000000000000000000e+00   0.000000000000000000e+00 
  0.000000000000000000e+00   0.000000000000000000e+00 
  0.000000000000000000e+00   0.000000000000000000e+00 
  0.000000000000000000e+00   0.000000000000000000e+00 
  0.000000000000000000e+00   0.000000000000000000e+00 
  0.000000000000000000e+00   0.000000000000000000e+00 
  0.000000000000000000e+00   0.000000000000000000e+00 
  0.000000000000000000e+00   0.000000000000000000e+00 
  0.000000000000000000e+00   0.000000000000000000e+00 
  0.000000000000000000e+00   0.000000000000000000e+00 
  0.000000000000000000e+00   0.000000000000000000e+00 
  0.000000000000000000e+00   0.000000000000000000e+00 
  0.000000000000000000e+00   0.000000000000000000e+00 
  0.000000000000000000e+00   0.000000000000000000e+00 
  0.000000000000000000e+00   0.000000000000000000e+00 
  0.000000000000000000e+00   0.000000000000000000e+00 
  0.000000000000000000e+00   0.000000000000000000e+00 
  0.000000000000000000e+00   0.000000000000000000e+00 
  0.000000000000000000e+00   0.000000000000000000e+00 
  0.000000000000000000e+00   0.000000000000000000e+00 
  0.000000000000000000e+00   0.000000000000000000e+00 
  0.000000000000000000e+00   0.000000000000000000e+00 
  0.000000000000000000e+00   0.000000000000000000e+00 
  0.000000000000000000e+00   0.000000000000000000e+00 
  0.000000000000000000e+00   0.000000000000000000e+00 
  0.000000000000000000e+00   0.000000000000000000e+00 
  0.000000000000000000e+00   0.000000000000000000e+00 
  0.000000000000000000e+00   0.000000000000000000e+00 
  0.000000000000000000e+00   0.000000000000000000e+00 
  0.000000000000000000e+00   0.000000000000000000e+00 
  0.000000000000000000e+00   0.000000000000000000e+00 
  0.000000000000000000e+00   0.000000000000000000e+00 
  0.000000000000000000e+00   0.000000000000000000e+00 
  0.000000000000000000e+00   0.000000000000000000e+00 
  0.000000000000000000e+00   0.000000000000000000e+00 
  0.000000000000000000e+00   0.000000000000000000e+00 
  0.000000000000000000e+00   0.000000000000000000e+00 
  0.000000000000000000e+00   0.000000000000000000e+00 
  0.000000000000000000e+00   0.000000000000000000e+00 
  0.000000000000000000e+00   0.000000000000000000e+00 
  0.000000000000000000e+00   0.000000000000000000e+00 
  0.000000000000000000e+00   0.000000000000000000e+00 
  0.000000000000000000e+00   0.000000000000000000e+00 
  0.000000000000000000e+00   0.000000000000000000e+00 
  0.000000000000000000e+00   0.000000000000000000e+00 
  0.000000000000000000e+00   0.000000000000000000e+00 
  0.000000000000000000e+00   0.000000000000000000e+00 
  0.000000000000000000e+00   0.000000000000000000e+00 
  0.000000000000000000e+00   0.000000000000000000e+00 
  0.000000000000000000e+00   0.000000000000000000e+00 
  0.000000000000000000e+00   0.000000000000000000e+00 
  0.000000000000000000e+00   0.000000000000000000e+00 
  0.000000000000000000e+00   0.000000000000000000e+00 
  0.000000000000000000e+00   0.000000000000000000e+00 
  0.000000000000000000e+00   0.000000000000000000e+00 
  0.000000000000000000e+00   0.000000000000000000e+00 
  0.000000000000000000e+00   0.000000000000000000e+00 
  0.000000000000000000e+00   0.000000000000000000e+00 
  0.000000000000000000e+00   0.000000000000000000e+00 
  0.000000000000000000e+00   0.000000000000000000e+00 
  0.000000000000000000e+00   0.000000000000000000e+00 
  0.000000000000000000e+00   0.000000000000000000e+00 
  0.000000000000000000e+00   0.000000000000000000e+00 
  0.000000000000000000e+00   0.000000000000000000e+00 
  0.000000000000000000e+00   0.000000000000000000e+00 
  0.000000000000000000e+00   0.000000000000000000e+00 
  0.000000000000000000e+00   0.000000000000000000e+00 
  0.000000000000000000e+00   0.000000000000000000e+00 
  0.000000000000000000e+00   0.000000000000000000e+00 
  0.000000000000000000e+00   0.000000000000000000e+00 
  0.000000000000000000e+00   0.000000000000000000e+00 
 -6.327610462904610482e-03   0.000000000000000000e+00 
  3.598525188864464420e-03   0.000000000000000000e+00 
  4.026760812851751074e-03   0.000000000000000000e+00 
 -4.421779594852318584e-04   0.000000000000000000e+00 
  1.882898621261153236e-03   0.000000000000000000e+00 
 -7.990057580173312232e-03   0.000000000000000000e+00 
  4.815847799181947886e-02   0.000000000000000000e+00 
 -2.082766965031712745e-03   0.000000000000000000e+00 
  3.133873688057938877e-04   0.000000000000000000e+00 
  2.265739254653433444e-03   0.000000000000000000e+00 
 -1.757691148668441734e-03   0.000000000000000000e+00 
  8.220729231834426887e-02   0.000000000000000000e+00 
 -1.236739451996866522e-03   0.000000000000000000e+00 
 -8.749433327466381739e-04   0.000000000000000000e+00 
 -8.334192447364515907e-03   0.000000000000000000e+00 
  1.708701020106552894e-03   0.000000000000000000e+00 
 -1.310840598307549953e-03   0.000000000000000000e+00 
  3.782515879720449881e-03   0.000000000000000000e+00 
 -1.822385122068227638e-03   0.000000000000000000e+00 
  1.182950145448558710e-04   0.000000000000000000e+00 
 -1.599828829057514234e-03   0.000000000000000000e+00 
  2.219021879136578307e-02   0.000000000000000000e+00 
  1.552420202642675962e-03   0.000000000000000000e+00 
  4.379429854452609149e-03   0.000000000000000000e+00 
 -2.466157823801060772e-02   0.000000000000000000e+00 
 -2.561173439025882792e-01   0.000000000000000000e+00 
 -4.387725144624711818e-03   0.000000000000000000e+00 
  3.990280441939830780e-03   0.000000000000000000e+00 
  3.480894491076472457e-03   0.000000000000000000e+00 
  1.086379867047074493e-03   0.000000000000000000e+00 
  1.174452677369115794e-01   0.000000000000000000e+00 
  8.520121336914596773e-04   0.000000000000000000e+00 
  4.599064122885470501e-04   0.000000000000000000e+00 
 -1.426382064819334272e-01   0.000000000000000000e+00 
 -1.535417162813246901e-03   0.000000000000000000e+00 
 -2.021474530920387182e-03   0.000000000000000000e+00 
  3.279010765254585132e-03   0.000000000000000000e+00 
  5.777623155154286731e-04   0.000000000000000000e+00 
  2.260113134980201288e-03   0.000000000000000000e+00 
  1.959867477416992743e-01   0.000000000000000000e+00 
  2.150311920559029415e-04   0.000000000000000000e+00 
 -1.592774176970123377e-03   0.000000000000000000e+00 
  4.028760304208854116e-04   0.000000000000000000e+00 
  3.244497813284397993e-03   0.000000000000000000e+00 
  6.036090478301054524e-02   0.000000000000000000e+00 
 -8.993706433102490686e-04   0.000000000000000000e+00 
 -2.062784624285995418e-04   0.000000000000000000e+00 
  2.348940670490264615e-01   0.000000000000000000e+00 
 -2.993604401126503077e-03   0.000000000000000000e+00 
  2.046262379735708670e-03   0.000000000000000000e+00 
 -5.113142356276514228e-02   0.000000000000000000e+00 
  4.405673742294310968e-01   0.000000000000000000e+00 
  5.072214640676976118e-03   0.000000000000000000e+00 
 -1.511269831098615690e-03   0.000000000000000000e+00 
 -7.732130121439695358e-03   0.000000000000000000e+00 
  3.461871994659305486e-03   0.000000000000000000e+00 
 -3.832342335954308076e-03   0.000000000000000000e+00 
  3.778801066800950657e-03   0.000000000000000000e+00 
 -1.544619798660278043e-01   0.000000000000000000e+00 
  8.037215447984634746e-04   0.000000000000000000e+00 
  3.097023582085967064e-03   0.000000000000000000e+00 
 -3.345780132804063774e-04   0.000000000000000000e+00 
 -3.644990210887047379e-04   0.000000000000000000e+00 
 -1.286613196134566983e-01   0.000000000000000000e+00 
 -5.019961390644309737e-04   0.000000000000000000e+00 
 -7.797906175255774584e-03   0.000000000000000000e+00 
 -3.088677302002907667e-03   0.000000000000000000e+00 
  3.853097732644529235e-04   0.000000000000000000e+00 
  2.101729959249496182e-01   0.000000000000000000e+00 
 -3.257423813920465381e-04   0.000000000000000000e+00 
 -3.503389423713089337e-03   0.000000000000000000e+00 
 -6.331758201122283936e-02   0.000000000000000000e+00 
 -4.038714244961744138e-02   0.000000000000000000e+00 
  1.307063270360230749e-03   0.000000000000000000e+00 
  2.026622882112860680e-03   0.000000000000000000e+00 
 -7.219724059104919434e-01   0.000000000000000000e+00 
  0.000000000000000000e+00   0.000000000000000000e+00 
  0.000000000000000000e+00   0.000000000000000000e+00 
  0.000000000000000000e+00   0.000000000000000000e+00 
  0.000000000000000000e+00   0.000000000000000000e+00 
  0.000000000000000000e+00   0.000000000000000000e+00 
  0.000000000000000000e+00   0.000000000000000000e+00 
  0.000000000000000000e+00   0.000000000000000000e+00 
  0.000000000000000000e+00   0.000000000000000000e+00 
  0.000000000000000000e+00   0.000000000000000000e+00 
  0.000000000000000000e+00   0.000000000000000000e+00 
  0.000000000000000000e+00   0.000000000000000000e+00 
  0.000000000000000000e+00   0.000000000000000000e+00 
  0.000000000000000000e+00   0.000000000000000000e+00 
  0.000000000000000000e+00   0.000000000000000000e+00 
  0.000000000000000000e+00   0.000000000000000000e+00 
  0.000000000000000000e+00   0.000000000000000000e+00 
  0.000000000000000000e+00   0.000000000000000000e+00 
  0.000000000000000000e+00   0.000000000000000000e+00 
  0.000000000000000000e+00   0.000000000000000000e+00 
  0.000000000000000000e+00   0.000000000000000000e+00 
  0.000000000000000000e+00   0.000000000000000000e+00 
  0.000000000000000000e+00   0.000000000000000000e+00 
  0.000000000000000000e+00   0.000000000000000000e+00 
  0.000000000000000000e+00   0.000000000000000000e+00 
  0.000000000000000000e+00   0.000000000000000000e+00 
  0.000000000000000000e+00   0.000000000000000000e+00 
  0.000000000000000000e+00   0.000000000000000000e+00 
  0.000000000000000000e+00   0.000000000000000000e+00 
  0.000000000000000000e+00   0.000000000000000000e+00 
  0.000000000000000000e+00   0.000000000000000000e+00 
  0.000000000000000000e+00   0.000000000000000000e+00 
  0.000000000000000000e+00   0.000000000000000000e+00 
  0.000000000000000000e+00   0.000000000000000000e+00 
  0.000000000000000000e+00   0.000000000000000000e+00 
  0.000000000000000000e+00   0.000000000000000000e+00 
  0.000000000000000000e+00   0.000000000000000000e+00 
  0.000000000000000000e+00   0.000000000000000000e+00 
  0.000000000000000000e+00   0.000000000000000000e+00 
  0.000000000000000000e+00   0.000000000000000000e+00 
  0.000000000000000000e+00   0.000000000000000000e+00 
  0.000000000000000000e+00   0.000000000000000000e+00 
  0.000000000000000000e+00   0.000000000000000000e+00 
  0.000000000000000000e+00   0.000000000000000000e+00 
  0.000000000000000000e+00   0.000000000000000000e+00 
  0.000000000000000000e+00   0.000000000000000000e+00 
  0.000000000000000000e+00   0.000000000000000000e+00 
  0.000000000000000000e+00   0.000000000000000000e+00 
  0.000000000000000000e+00   0.000000000000000000e+00 
  0.000000000000000000e+00   0.000000000000000000e+00 
  0.000000000000000000e+00   0.000000000000000000e+00 
  0.000000000000000000e+00   0.000000000000000000e+00 
  0.000000000000000000e+00   0.000000000000000000e+00 
  0.000000000000000000e+00   0.000000000000000000e+00 
  0.000000000000000000e+00   0.000000000000000000e+00 
  0.000000000000000000e+00   0.000000000000000000e+00 
  0.000000000000000000e+00   0.000000000000000000e+00 
  0.000000000000000000e+00   0.000000000000000000e+00 
  0.000000000000000000e+00   0.000000000000000000e+00 
  0.000000000000000000e+00   0.000000000000000000e+00 
  0.000000000000000000e+00   0.000000000000000000e+00 
  0.000000000000000000e+00   0.000000000000000000e+00 
  0.000000000000000000e+00   0.000000000000000000e+00 
  0.000000000000000000e+00   0.000000000000000000e+00 
  0.000000000000000000e+00   0.000000000000000000e+00 
  0.000000000000000000e+00   0.000000000000000000e+00 
  0.000000000000000000e+00   0.000000000000000000e+00 
  0.000000000000000000e+00   0.000000000000000000e+00 
  0.000000000000000000e+00   0.000000000000000000e+00 
  0.000000000000000000e+00   0.000000000000000000e+00 
  0.000000000000000000e+00   0.000000000000000000e+00 
  0.000000000000000000e+00   0.000000000000000000e+00 
  0.000000000000000000e+00   0.000000000000000000e+00 
  0.000000000000000000e+00   0.000000000000000000e+00 
  0.000000000000000000e+00   0.000000000000000000e+00 
  0.000000000000000000e+00   0.000000000000000000e+00 
  0.000000000000000000e+00   0.000000000000000000e+00 
  9.448195807635050361e-03   0.000000000000000000e+00 
 -9.853027760981755354e-03   0.000000000000000000e+00 
  5.813378840686487560e-03   0.000000000000000000e+00 
 -2.275819861097672493e-04   0.000000000000000000e+00 
  1.366144570058598216e-04   0.000000000000000000e+00 
 -2.183044329285645582e-02   0.000000000000000000e+00 
  2.719358354806905229e-02   0.000000000000000000e+00 
  7.547581917607853238e-04   0.000000000000000000e+00 
  2.599335566630648795e-04   0.000000000000000000e+00 
 -4.628144670277873837e-03   0.000000000000000000e+00 
 -2.832313301041821177e-03   0.000000000000000000e+00 
 -3.389301709831066701e-03   0.000000000000000000e+00 
 -2.611067611724098795e-03   0.000000000000000000e+00 
  9.047349449248114940e-04   0.000000000000000000e+00 
 -1.932729594409480708e-02   0.000000000000000000e+00 
 -2.804984105750796958e-03   0.000000000000000000e+00 
  1.865779981017109479e-03   0.000000000000000000e+00 
  9.786416776478288389e-04   0.000000000000000000e+00 
  2.262046327814458500e-03   0.000000000000000000e+00 
  3.856164112221444735e-04   0.000000000000000000e+00 
  2.917386824265121546e-03   0.000000000000000000e+00 
 -2.414962835609922240e-02   0.000000000000000000e+00 
  6.780053372494879637e-04   0.000000000000000000e+00 
 -5.144388414919374639e-03   0.000000000000000000e+00 
  2.090490907430651579e-01   0.000000000000000000e+00 
  4.736669361591313437e-02   0.000000000000000000e+00 
 -2.398866672592712740e-05   0.000000000000000000e+00 
 -6.747332517988984153e-04   0.000000000000000000e+00 
 -1.569520100019870888e-03   0.000000000000000000e+00 
 -8.750896900892261160e-03   0.000000000000000000e+00 
  1.160237863659858842e-01   0.000000000000000000e+00 
 -2.357993798796105664e-04   0.000000000000000000e+00 
 -4.476372618228201435e-03   0.000000000000000000e+00 
 -1.505049765110016147e-01   0.000000000000000000e+00 
  5.630316678434611234e-03   0.000000000000000000e+00 
  9.515773272141814232e-04   0.000000000000000000e+00 
 -2.724431455135346569e-01   0.000000000000000000e+00 
 -2.260467503219842911e-03   0.000000000000000000e+00 
  2.824448747560382323e-03   0.000000000000000000e+00 
 -1.080478206276893061e-01   0.000000000000000000e+00 
  7.106381468474860623e-03   0.000000000000000000e+00 
  2.779607661068436882e-03   0.000000000000000000e+00 
  4.795853048563001805e-03   0.000000000000000000e+00 
 -1.202671206556259935e-03   0.000000000000000000e+00 
 -1.370613276958463668e-02   0.000000000000000000e+00 
 -1.496334880357611452e-04   0.000000000000000000e+00 
  4.991620662622152675e-04   0.000000000000000000e+00 
 -4.268970489501952570e-01   0.000000000000000000e+00 
 -1.133033260703086506e-02   0.000000000000000000e+00 
 -3.478978294879199375e-03   0.000000000000000000e+00 
  4.100633263587952215e-01   0.000000000000000000e+00 
  1.842575818300247470e-01   0.000000000000000000e+00 
 -1.659040339291095734e-02   0.000000000000000000e+00 
 -6.018034648150206480e-03   0.000000000000000000e+00 
 -2.805279567837713414e-03   0.000000000000000000e+00 
  7.196840830147267255e-03   0.000000000000000000e+00 
 -2.084658772218971089e-04   0.000000000000000000e+00 
  5.724776536226272583e-03   0.000000000000000000e+00 
  1.434400230646133145e-01   0.000000000000000000e+00 
  1.442836131900548718e-03   0.000000000000000000e+00 
 -5.018774420022964478e-03   0.000000000000000000e+00 
  1.468629692681133747e-03   0.000000000000000000e+00 
  1.507749198935926177e-03   0.000000000000000000e+00 
  1.698879301548004150e-01   0.000000000000000000e+00 
  6.324777845293283463e-03   0.000000000000000000e+00 
 -6.213710177689788991e-03   0.000000000000000000e+00 
  5.413829348981381330e-03   0.000000000000000000e+00 
 -2.058420330286026435e-03   0.000000000000000000e+00 
 -2.316359132528305331e-01   0.000000000000000000e+00 
 -6.578043103218081215e-03   0.000000000000000000e+00 
 -1.019037328660487955e-02   0.000000000000000000e+00 
  1.905130296945571067e-01   0.000000000000000000e+00 
 -5.292993783950806774e-01   0.000000000000000000e+00 
 -8.831909857690337790e-03   0.000000000000000000e+00 
 -2.424418553709983826e-02   0.000000000000000000e+00 
 -1.852438002824783325e-01   0.000000000000000000e+00 
  0.000000000000000000e+00   0.000000000000000000e+00 
  0.000000000000000000e+00   0.000000000000000000e+00 
  0.000000000000000000e+00   0.000000000000000000e+00 
  0.000000000000000000e+00   0.000000000000000000e+00 
  0.000000000000000000e+00   0.000000000000000000e+00 
  0.000000000000000000e+00   0.000000000000000000e+00 
  0.000000000000000000e+00   0.000000000000000000e+00 
  0.000000000000000000e+00   0.000000000000000000e+00 
  0.000000000000000000e+00   0.000000000000000000e+00 
  0.000000000000000000e+00   0.000000000000000000e+00 
  0.000000000000000000e+00   0.000000000000000000e+00 
  0.000000000000000000e+00   0.000000000000000000e+00 
  0.000000000000000000e+00   0.000000000000000000e+00 
  0.000000000000000000e+00   0.000000000000000000e+00 
  0.000000000000000000e+00   0.000000000000000000e+00 
  0.000000000000000000e+00   0.000000000000000000e+00 
  0.000000000000000000e+00   0.000000000000000000e+00 
  0.000000000000000000e+00   0.000000000000000000e+00 
  0.000000000000000000e+00   0.000000000000000000e+00 
  0.000000000000000000e+00   0.000000000000000000e+00 
  0.000000000000000000e+00   0.000000000000000000e+00 
  0.000000000000000000e+00   0.000000000000000000e+00 
  0.000000000000000000e+00   0.000000000000000000e+00 
  0.000000000000000000e+00   0.000000000000000000e+00 
  0.000000000000000000e+00   0.000000000000000000e+00 
  0.000000000000000000e+00   0.000000000000000000e+00 
  0.000000000000000000e+00   0.000000000000000000e+00 
  0.000000000000000000e+00   0.000000000000000000e+00 
  0.000000000000000000e+00   0.000000000000000000e+00 
  0.000000000000000000e+00   0.000000000000000000e+00 
  0.000000000000000000e+00   0.000000000000000000e+00 
  0.000000000000000000e+00   0.000000000000000000e+00 
  0.000000000000000000e+00   0.000000000000000000e+00 
  0.000000000000000000e+00   0.000000000000000000e+00 
  0.000000000000000000e+00   0.000000000000000000e+00 
  0.000000000000000000e+00   0.000000000000000000e+00 
  0.000000000000000000e+00   0.000000000000000000e+00 
  0.000000000000000000e+00   0.000000000000000000e+00 
  0.000000000000000000e+00   0.000000000000000000e+00 
  0.000000000000000000e+00   0.000000000000000000e+00 
  0.000000000000000000e+00   0.000000000000000000e+00 
  0.000000000000000000e+00   0.000000000000000000e+00 
  0.000000000000000000e+00   0.000000000000000000e+00 
  0.000000000000000000e+00   0.000000000000000000e+00 
  0.000000000000000000e+00   0.000000000000000000e+00 
  0.000000000000000000e+00   0.000000000000000000e+00 
  0.000000000000000000e+00   0.000000000000000000e+00 
  0.000000000000000000e+00   0.000000000000000000e+00 
  0.000000000000000000e+00   0.000000000000000000e+00 
  0.000000000000000000e+00   0.000000000000000000e+00 
  0.000000000000000000e+00   0.000000000000000000e+00 
  0.000000000000000000e+00   0.000000000000000000e+00 
  0.000000000000000000e+00   0.000000000000000000e+00 
  0.000000000000000000e+00   0.000000000000000000e+00 
  0.000000000000000000e+00   0.000000000000000000e+00 
  0.000000000000000000e+00   0.000000000000000000e+00 
  0.000000000000000000e+00   0.000000000000000000e+00 
  0.000000000000000000e+00   0.000000000000000000e+00 
  0.000000000000000000e+00   0.000000000000000000e+00 
  0.000000000000000000e+00   0.000000000000000000e+00 
  0.000000000000000000e+00   0.000000000000000000e+00 
  0.000000000000000000e+00   0.000000000000000000e+00 
  0.000000000000000000e+00   0.000000000000000000e+00 
  0.000000000000000000e+00   0.000000000000000000e+00 
  0.000000000000000000e+00   0.000000000000000000e+00 
  0.000000000000000000e+00   0.000000000000000000e+00 
  0.000000000000000000e+00   0.000000000000000000e+00 
  0.000000000000000000e+00   0.000000000000000000e+00 
  0.000000000000000000e+00   0.000000000000000000e+00 
  0.000000000000000000e+00   0.000000000000000000e+00 
  0.000000000000000000e+00   0.000000000000000000e+00 
  0.000000000000000000e+00   0.000000000000000000e+00 
  0.000000000000000000e+00   0.000000000000000000e+00 
  0.000000000000000000e+00   0.000000000000000000e+00 
  0.000000000000000000e+00   0.000000000000000000e+00 
  0.000000000000000000e+00   0.000000000000000000e+00 
 -3.196433419361787310e-03   0.000000000000000000e+00 
 -5.463422276078900089e-04   0.000000000000000000e+00 
  2.263008849695361327e-03   0.000000000000000000e+00 
 -3.516261931508387045e-03   0.000000000000000000e+00 
 -1.714321435427883407e-03   0.000000000000000000e+00 
 -1.302942633628874488e-03   0.000000000000000000e+00 
  6.244744290597385554e-04   0.000000000000000000e+00 
  2.572382614016499244e-02   0.000000000000000000e+00 
 -2.131954533978286750e-04   0.000000000000000000e+00 
 -7.610007189214311116e-03   0.000000000000000000e+00 
 -1.485192216932747786e-03   0.000000000000000000e+00 
 -2.216350752860317234e-03   0.000000000000000000e+00 
  3.331198543310161936e-02   0.000000000000000000e+00 
  1.117934472858853057e-02   0.000000000000000000e+00 
  4.741180164273770805e-04   0.000000000000000000e+00 
 -6.381079401725467532e-06   0.000000000000000000e+00 
  3.404497867450100284e-03   0.000000000000000000e+00 
  6.459522992372508481e-04   0.000000000000000000e+00 
  3.516281722113491189e-04   0.000000000000000000e+00 
  2.719499461818491331e-04   0.000000000000000000e+00 
  3.865862963721156554e-03   0.000000000000000000e+00 
 -5.992983351461657641e-04   0.000000000000000000e+00 
 -7.662303000688563959e-02   0.000000000000000000e+00 
  3.083613142371179755e-02   0.000000000000000000e+00 
  1.184176094830037898e-02   0.000000000000000000e+00 
  1.985563896596422625e-03   0.000000000000000000e+00 
 -2.514851279556751251e-03   0.000000000000000000e+00 
 -8.445880666840764584e-05   0.000000000000000000e+00 
  6.012847647070882623e-02   0.000000000000000000e+00 
  1.550867855548860308e-01   0.000000000000000000e+00 
  2.388478722423315048e-03   0.000000000000000000e+00 
  5.916978046298029120e-02   0.000000000000000000e+00 
  1.985925585031510787e-01   0.000000000000000000e+00 
 -7.817669771611692256e-03   0.000000000000000000e+00 
 -1.230523362755775868e-01   0.000000000000000000e+00 
  5.893542617559435065e-02   0.000000000000000000e+00 
 -1.125001814216375871e-02   0.000000000000000000e+00 
  1.491467584855854294e-03   0.000000000000000000e+00 
 -1.802645041607320309e-03   0.000000000000000000e+00 
 -7.104347459971903887e-03   0.000000000000000000e+00 
 -1.313626021146773459e-01   0.000000000000000000e+00 
  2.036048844456678567e-02   0.000000000000000000e+00 
 -9.227208793163294009e-02   0.000000000000000000e+00 
 -2.488325349986550764e-02   0.000000000000000000e+00 
 -2.269633114337929003e-04   0.000000000000000000e+00 
  2.368193352594972524e-03   0.000000000000000000e+00 
 -5.121403955854474414e-04   0.000000000000000000e+00 
 -1.851144991815089486e-02   0.000000000000000000e+00 
  2.367451637983321588e-01   0.000000000000000000e+00 
 -7.258927798829934797e-04   0.000000000000000000e+00 
  1.324013061821460897e-02   0.000000000000000000e+00 
  8.421526290476322174e-03   0.000000000000000000e+00 
  4.877961874008178711e-01   0.000000000000000000e+00 
  1.347742080688476840e-01   0.000000000000000000e+00 
  5.841484293341631800e-02   0.000000000000000000e+00 
 -8.580872789025278946e-03   0.000000000000000000e+00 
  2.303102286532521248e-03   0.000000000000000000e+00 
 -2.574487822130322023e-03   0.000000000000000000e+00 
  5.717532243579625216e-03   0.000000000000000000e+00 
 -3.614719724282621904e-03   0.000000000000000000e+00 
 -2.818353532347827066e-04   0.000000000000000000e+00 
 -7.417536107823252678e-04   0.000000000000000000e+00 
 -2.139727817848324342e-03   0.000000000000000000e+00 
  4.771954379975797481e-03   0.000000000000000000e+00 
 -5.828224495053288545e-02   0.000000000000000000e+00 
  5.010701715946198204e-02   0.000000000000000000e+00 
  1.532377442345023372e-03   0.000000000000000000e+00 
 -1.850025961175561385e-03   0.000000000000000000e+00 
 -9.471500292420389003e-03   0.000000000000000000e+00 
  1.112006083130836903e-01   0.000000000000000000e+00 
  1.592127680778502585e-01   0.000000000000000000e+00 
 -1.002404838800432466e-03   0.000000000000000000e+00 
 -2.737347781658173301e-02   0.000000000000000000e+00 
  2.223123311996460516e-01   0.000000000000000000e+00 
  6.861650943756103516e-01   0.000000000000000000e+00 
 -4.009000491350889206e-03   0.000000000000000000e+00 
  0.000000000000000000e+00   0.000000000000000000e+00 
  0.000000000000000000e+00   0.000000000000000000e+00 
  0.000000000000000000e+00   0.000000000000000000e+00 
  0.000000000000000000e+00   0.000000000000000000e+00 
  0.000000000000000000e+00   0.000000000000000000e+00 
  0.000000000000000000e+00   0.000000000000000000e+00 
  0.000000000000000000e+00   0.000000000000000000e+00 
  0.000000000000000000e+00   0.000000000000000000e+00 
  0.000000000000000000e+00   0.000000000000000000e+00 
  0.000000000000000000e+00   0.000000000000000000e+00 
  0.000000000000000000e+00   0.000000000000000000e+00 
  0.000000000000000000e+00   0.000000000000000000e+00 
  0.000000000000000000e+00   0.000000000000000000e+00 
  0.000000000000000000e+00   0.000000000000000000e+00 
  0.000000000000000000e+00   0.000000000000000000e+00 
  0.000000000000000000e+00   0.000000000000000000e+00 
  0.000000000000000000e+00   0.000000000000000000e+00 
  0.000000000000000000e+00   0.000000000000000000e+00 
  0.000000000000000000e+00   0.000000000000000000e+00 
  0.000000000000000000e+00   0.000000000000000000e+00 
  0.000000000000000000e+00   0.000000000000000000e+00 
  0.000000000000000000e+00   0.000000000000000000e+00 
  0.000000000000000000e+00   0.000000000000000000e+00 
  0.000000000000000000e+00   0.000000000000000000e+00 
  0.000000000000000000e+00   0.000000000000000000e+00 
  0.000000000000000000e+00   0.000000000000000000e+00 
  0.000000000000000000e+00   0.000000000000000000e+00 
  0.000000000000000000e+00   0.000000000000000000e+00 
  0.000000000000000000e+00   0.000000000000000000e+00 
  0.000000000000000000e+00   0.000000000000000000e+00 
  0.000000000000000000e+00   0.000000000000000000e+00 
  0.000000000000000000e+00   0.000000000000000000e+00 
  0.000000000000000000e+00   0.000000000000000000e+00 
  0.000000000000000000e+00   0.000000000000000000e+00 
  0.000000000000000000e+00   0.000000000000000000e+00 
  0.000000000000000000e+00   0.000000000000000000e+00 
  0.000000000000000000e+00   0.000000000000000000e+00 
  0.000000000000000000e+00   0.000000000000000000e+00 
  0.000000000000000000e+00   0.000000000000000000e+00 
  0.000000000000000000e+00   0.000000000000000000e+00 
  0.000000000000000000e+00   0.000000000000000000e+00 
  0.000000000000000000e+00   0.000000000000000000e+00 
  0.000000000000000000e+00   0.000000000000000000e+00 
  0.000000000000000000e+00   0.000000000000000000e+00 
  0.000000000000000000e+00   0.000000000000000000e+00 
  0.000000000000000000e+00   0.000000000000000000e+00 
  0.000000000000000000e+00   0.000000000000000000e+00 
  0.000000000000000000e+00   0.000000000000000000e+00 
  0.000000000000000000e+00   0.000000000000000000e+00 
  0.000000000000000000e+00   0.000000000000000000e+00 
  0.000000000000000000e+00   0.000000000000000000e+00 
  0.000000000000000000e+00   0.000000000000000000e+00 
  0.000000000000000000e+00   0.000000000000000000e+00 
  0.000000000000000000e+00   0.000000000000000000e+00 
  0.000000000000000000e+00   0.000000000000000000e+00 
  0.000000000000000000e+00   0.000000000000000000e+00 
  0.000000000000000000e+00   0.000000000000000000e+00 
  0.000000000000000000e+00   0.000000000000000000e+00 
  0.000000000000000000e+00   0.000000000000000000e+00 
  0.000000000000000000e+00   0.000000000000000000e+00 
  0.000000000000000000e+00   0.000000000000000000e+00 
  0.000000000000000000e+00   0.000000000000000000e+00 
  0.000000000000000000e+00   0.000000000000000000e+00 
  0.000000000000000000e+00   0.000000000000000000e+00 
  0.000000000000000000e+00   0.000000000000000000e+00 
  0.000000000000000000e+00   0.000000000000000000e+00 
  0.000000000000000000e+00   0.000000000000000000e+00 
  0.000000000000000000e+00   0.000000000000000000e+00 
  0.000000000000000000e+00   0.000000000000000000e+00 
  0.000000000000000000e+00   0.000000000000000000e+00 
  0.000000000000000000e+00   0.000000000000000000e+00 
  0.000000000000000000e+00   0.000000000000000000e+00 
  0.000000000000000000e+00   0.000000000000000000e+00 
  0.000000000000000000e+00   0.000000000000000000e+00 
  0.000000000000000000e+00   0.000000000000000000e+00 
  0.000000000000000000e+00   0.000000000000000000e+00 
  5.066049634478509214e-04   0.000000000000000000e+00 
  2.193573600379591568e-04   0.000000000000000000e+00 
  1.832482172176255536e-03   0.000000000000000000e+00 
  4.227778874337407775e-03   0.000000000000000000e+00 
 -1.153950113803975299e-03   0.000000000000000000e+00 
  8.135886746457821278e-04   0.000000000000000000e+00 
  3.973210987169547626e-04   0.000000000000000000e+00 
  2.772658830508929750e-03   0.000000000000000000e+00 
 -2.619782648980566522e-02   0.000000000000000000e+00 
 -4.125977400690280725e-03   0.000000000000000000e+00 
  4.243159200996349592e-03   0.000000000000000000e+00 
  2.259636064991351039e-03   0.000000000000000000e+00 
  1.166092790663185094e-02   0.000000000000000000e+00 
 -3.618923574686020578e-02   0.000000000000000000e+00 
 -2.829209843184735530e-04   0.000000000000000000e+00 
  3.648709098346127012e-04   0.000000000000000000e+00 
  1.849510124884159177e-03   0.000000000000000000e+00 
 -2.819092478603124185e-03   0.000000000000000000e+00 
 -1.451652613468466021e-03   0.000000000000000000e+00 
  5.333026056177910890e-04   0.000000000000000000e+00 
 -7.880809134803704779e-04   0.000000000000000000e+00 
 -1.141470391303302159e-03   0.000000000000000000e+00 
  3.207706287503252207e-02   0.000000000000000000e+00 
  7.970654964447004831e-02   0.000000000000000000e+00 
 -3.762719454243777014e-03   0.000000000000000000e+00 
 -5.030655302107332402e-03   0.000000000000000000e+00 
  8.578976849094023483e-04   0.000000000000000000e+00 
  1.878646085970103524e-03   0.000000000000000000e+00 
 -1.667889803647994995e-01   0.000000000000000000e+00 
  6.165826320648182951e-02   0.000000000000000000e+00 
 -9.665522957220675730e-04   0.000000000000000000e+00 
  1.934500783681870895e-01   0.000000000000000000e+00 
 -5.109574645757676559e-02   0.000000000000000000e+00 
  1.480917911976575201e-03   0.000000000000000000e+00 
 -5.935696139931673221e-02   0.000000000000000000e+00 
 -1.233805269002915955e-01   0.000000000000000000e+00 
  3.427840965741260424e-06   0.000000000000000000e+00 
  9.047671337611973286e-04   0.000000000000000000e+00 
 -8.347496041096752343e-04   0.000000000000000000e+00 
  1.486945780925452276e-03   0.000000000000000000e+00 
 -2.296279743313790409e-02   0.000000000000000000e+00 
 -1.483746767044066828e-01   0.000000000000000000e+00 
  3.080842643976211895e-02   0.000000000000000000e+00 
 -9.817106276750556249e-02   0.000000000000000000e+00 
 -8.055811631493276902e-04   0.000000000000000000e+00 
  2.019800245761871772e-03   0.000000000000000000e+00 
  7.570189889520405856e-03   0.000000000000000000e+00 
 -4.193919303361329709e-04   0.000000000000000000e+00 
 -1.182386744767425710e-02   0.000000000000000000e+00 
 -2.387328445911408026e-01   0.000000000000000000e+00 
  1.186388777568936782e-03   0.000000000000000000e+00 
  8.976215030997906181e-05   0.000000000000000000e+00 
 -1.343437135219573975e-01   0.000000000000000000e+00 
  4.867900311946870562e-01   0.000000000000000000e+00 
  5.479692015796906734e-03   0.000000000000000000e+00 
  5.517157912254330721e-02   0.000000000000000000e+00 
 -3.908811137080192566e-03   0.000000000000000000e+00 
  8.259286405518644503e-04   0.000000000000000000e+00 
  1.013138913549482822e-03   0.000000000000000000e+00 
  2.451021224260329767e-03   0.000000000000000000e+00 
  2.398047596216201782e-03   0.000000000000000000e+00 
 -4.592533688992261887e-03   0.000000000000000000e+00 
  5.535059142857789126e-03   0.000000000000000000e+00 
 -2.415979746729135080e-03   0.000000000000000000e+00 
 -4.667375609278677506e-02   0.000000000000000000e+00 
 -5.265994742512703636e-02   0.000000000000000000e+00 
 -2.560455584898591475e-03   0.000000000000000000e+00 
 -3.007603343576193290e-03   0.000000000000000000e+00 
 -4.011289274785667658e-04   0.000000000000000000e+00 
  1.727713048458099365e-01   0.000000000000000000e+00 
 -1.276586800813675204e-01   0.000000000000000000e+00 
  3.204718814231450447e-04   0.000000000000000000e+00 
 -2.786136232316494422e-03   0.000000000000000000e+00 
  6.760306358337403454e-01   0.000000000000000000e+00 
 -2.190385460853576938e-01   0.000000000000000000e+00 
  2.349718008190393448e-03   0.000000000000000000e+00 
