# [2025-01-05 13:17:09,853] INFO: Loading Hamiltonian from saved file
# [2025-01-05 13:17:11,775] INFO: Setting up the training loop
# [2025-01-05 13:17:12,983] INFO: Initializing parameters and states
# [2025-01-05 13:17:21,912] INFO: Burning in the sampler for 100 steps
# [2025-01-05 13:17:29,835] INFO: Start training
# HF energy from loaded: -108.7373996354793
# step	loss	e_tot	exp_es	exp_s	std_es	std_s	lr	time
0	-108.7609	-108.7609	-108.7368	0.9998	2.2871	0.0210	3.0e-04	10.7577
1	-108.7614	-108.7614	-108.7375	0.9998	2.2778	0.0209	3.0e-04	0.7651
2	-108.7612	-108.7612	-108.7361	0.9998	2.3363	0.0215	3.0e-04	0.5409
3	-108.7618	-108.7618	-108.7345	0.9997	2.4369	0.0224	3.0e-04	0.5401
4	-108.7639	-108.7639	-108.7333	0.9997	2.5833	0.0237	3.0e-04	0.5415
5	-108.7627	-108.7627	-108.7299	0.9997	2.6759	0.0246	3.0e-04	0.5420
6	-108.7632	-108.7632	-108.7268	0.9997	2.8151	0.0259	3.0e-04	0.5413
7	-108.7648	-108.7648	-108.7265	0.9996	2.8855	0.0265	3.0e-04	0.5422
8	-108.7661	-108.7661	-108.7229	0.9996	3.0629	0.0282	3.0e-04	0.5400
9	-108.7679	-108.7679	-108.7198	0.9996	3.2354	0.0297	3.0e-04	0.5434
10	-108.7683	-108.7683	-108.7163	0.9995	3.3609	0.0309	3.0e-04	0.5426
11	-108.7670	-108.7670	-108.7092	0.9995	3.5436	0.0326	3.0e-04	0.5416
12	-108.7685	-108.7685	-108.7035	0.9994	3.7592	0.0346	3.0e-04	0.5429
13	-108.7697	-108.7697	-108.7029	0.9994	3.8129	0.0350	3.0e-04	0.5419
14	-108.7691	-108.7691	-108.6917	0.9993	4.1013	0.0377	3.0e-04	0.5433
15	-108.7711	-108.7711	-108.6885	0.9992	4.2387	0.0390	3.0e-04	0.5429
16	-108.7721	-108.7721	-108.6797	0.9992	4.4802	0.0412	3.0e-04	0.5442
17	-108.7742	-108.7742	-108.6752	0.9991	4.6397	0.0426	3.0e-04	0.5423
18	-108.7766	-108.7766	-108.6611	0.9989	5.0105	0.0461	3.0e-04	0.5431
19	-108.7754	-108.7754	-108.6523	0.9989	5.1728	0.0476	3.0e-04	0.5460
20	-108.7811	-108.7811	-108.6479	0.9988	5.3807	0.0495	3.0e-04	0.5455
21	-108.7804	-108.7804	-108.6346	0.9987	5.6297	0.0518	3.0e-04	0.5469
22	-108.7816	-108.7816	-108.6188	0.9985	5.9477	0.0547	3.0e-04	0.5461
23	-108.7834	-108.7834	-108.6092	0.9984	6.1538	0.0566	3.0e-04	0.5472
24	-108.7871	-108.7871	-108.6031	0.9983	6.3232	0.0581	3.0e-04	0.5436
25	-108.7873	-108.7873	-108.5808	0.9981	6.6981	0.0616	3.0e-04	0.5461
26	-108.7878	-108.7878	-108.5623	0.9979	7.0002	0.0643	3.0e-04	0.5445
27	-108.7962	-108.7962	-108.5552	0.9978	7.2360	0.0665	3.0e-04	0.5450
28	-108.7980	-108.7980	-108.5338	0.9976	7.5773	0.0696	3.0e-04	0.5448
29	-108.7977	-108.7977	-108.5125	0.9974	7.8723	0.0724	3.0e-04	0.5445
30	-108.8013	-108.8013	-108.5066	0.9973	8.0015	0.0735	3.0e-04	0.5430
31	-108.8037	-108.8037	-108.4701	0.9969	8.5127	0.0782	3.0e-04	0.5442
32	-108.8108	-108.8108	-108.4657	0.9968	8.6584	0.0796	3.0e-04	0.5448
33	-108.8099	-108.8099	-108.4383	0.9966	8.9855	0.0826	3.0e-04	0.5450
34	-108.8138	-108.8138	-108.4310	0.9965	9.1168	0.0838	3.0e-04	0.5442
35	-108.8208	-108.8208	-108.3973	0.9961	9.5906	0.0881	3.0e-04	0.5433
36	-108.8194	-108.8194	-108.3756	0.9959	9.8161	0.0902	3.0e-04	0.5449
37	-108.8279	-108.8279	-108.3733	0.9958	9.9354	0.0913	3.0e-04	0.5456
38	-108.8305	-108.8305	-108.3323	0.9954	10.4004	0.0956	3.0e-04	0.5474
39	-108.8342	-108.8342	-108.3264	0.9953	10.4994	0.0965	3.0e-04	0.5455
40	-108.8412	-108.8412	-108.2934	0.9950	10.9041	0.1002	3.0e-04	0.5440
41	-108.8493	-108.8493	-108.2729	0.9947	11.1861	0.1028	3.0e-04	0.5451
42	-108.8494	-108.8494	-108.2342	0.9943	11.5543	0.1061	3.0e-04	0.5451
43	-108.8626	-108.8626	-108.2295	0.9942	11.7227	0.1077	3.0e-04	0.5454
44	-108.8656	-108.8656	-108.2348	0.9942	11.7006	0.1075	3.0e-04	0.5453
45	-108.8726	-108.8726	-108.2200	0.9940	11.9012	0.1093	3.0e-04	0.5468
46	-108.8828	-108.8828	-108.2240	0.9939	11.9587	0.1098	3.0e-04	0.5477
47	-108.8950	-108.8950	-108.2107	0.9937	12.1839	0.1119	3.0e-04	0.5467
48	-108.9034	-108.9034	-108.2372	0.9939	12.0264	0.1104	3.0e-04	0.5449
49	-108.9025	-108.9025	-108.2511	0.9940	11.8870	0.1092	3.0e-04	0.5474
50	-108.9112	-108.9112	-108.2769	0.9942	11.7358	0.1078	3.0e-04	0.5483
51	-108.9148	-108.9148	-108.2644	0.9940	11.8836	0.1091	3.0e-04	0.5477
52	-108.9270	-108.9270	-108.2772	0.9940	11.8810	0.1091	3.0e-04	0.5467
53	-108.9315	-108.9315	-108.2683	0.9939	11.9994	0.1102	3.0e-04	0.5456
54	-108.9420	-108.9420	-108.2970	0.9941	11.8369	0.1087	3.0e-04	0.5473
55	-108.9437	-108.9437	-108.3018	0.9941	11.8111	0.1084	3.0e-04	0.5485
56	-108.9471	-108.9471	-108.3239	0.9943	11.6383	0.1068	3.0e-04	0.5469
57	-108.9736	-108.9736	-108.3369	0.9942	11.7617	0.1079	3.0e-04	0.5468
58	-108.9590	-108.9590	-108.3410	0.9943	11.5888	0.1063	3.0e-04	0.5463
59	-108.9775	-108.9775	-108.3663	0.9944	11.5274	0.1058	3.0e-04	0.5485
60	-108.9655	-108.9655	-108.3833	0.9947	11.2439	0.1032	3.0e-04	0.5457
61	-108.9897	-108.9897	-108.3913	0.9945	11.4072	0.1046	3.0e-04	0.5466
62	-108.9731	-108.9731	-108.3809	0.9946	11.3463	0.1041	3.0e-04	0.5466
63	-108.9985	-108.9985	-108.4031	0.9945	11.3780	0.1044	3.0e-04	0.5470
64	-108.9891	-108.9891	-108.4038	0.9946	11.2816	0.1035	3.0e-04	0.5470
65	-109.0041	-109.0041	-108.4247	0.9947	11.2266	0.1030	3.0e-04	0.5465
66	-109.0122	-109.0122	-108.4280	0.9946	11.2719	0.1034	3.0e-04	0.5451
67	-108.9997	-108.9997	-108.4267	0.9947	11.1623	0.1024	3.0e-04	0.5467
68	-109.0175	-109.0175	-108.4594	0.9949	11.0212	0.1011	3.0e-04	0.5461
69	-109.0156	-109.0156	-108.4227	0.9946	11.3556	0.1041	3.0e-04	0.5500
70	-109.0309	-109.0309	-108.4525	0.9947	11.2174	0.1029	3.0e-04	0.5465
71	-109.0338	-109.0338	-108.4198	0.9944	11.5564	0.1060	3.0e-04	0.5495
72	-109.0262	-109.0262	-108.4413	0.9946	11.2788	0.1034	3.0e-04	0.5455
73	-109.0318	-109.0318	-108.4435	0.9946	11.3109	0.1037	3.0e-04	0.5466
74	-109.0279	-109.0279	-108.4381	0.9946	11.3204	0.1039	3.0e-04	0.5468
75	-109.0341	-109.0341	-108.4697	0.9948	11.0778	0.1016	3.0e-04	0.5460
76	-109.0165	-109.0165	-108.4467	0.9948	11.1315	0.1021	3.0e-04	0.5480
77	-109.0406	-109.0406	-108.4538	0.9946	11.2952	0.1036	3.0e-04	0.5467
78	-109.0570	-109.0570	-108.4593	0.9945	11.3949	0.1045	3.0e-04	0.5484
79	-109.0558	-109.0558	-108.4940	0.9948	11.0510	0.1014	3.0e-04	0.5474
80	-109.0570	-109.0570	-108.4955	0.9949	11.0458	0.1013	3.0e-04	0.5478
81	-109.0648	-109.0648	-108.5189	0.9950	10.8933	0.0999	3.0e-04	0.5475
82	-109.0470	-109.0470	-108.4924	0.9949	10.9798	0.1007	3.0e-04	0.5464
83	-109.0528	-109.0528	-108.4987	0.9949	10.9744	0.1007	3.0e-04	0.5470
84	-109.0490	-109.0490	-108.5049	0.9950	10.8763	0.0998	2.9e-04	0.5483
85	-109.0723	-109.0723	-108.5194	0.9949	10.9600	0.1006	2.9e-04	0.5469
86	-109.0705	-109.0705	-108.5239	0.9950	10.8978	0.1000	2.9e-04	0.5464
87	-109.0541	-109.0541	-108.5356	0.9952	10.6165	0.0974	2.9e-04	0.5499
88	-109.0863	-109.0863	-108.5543	0.9951	10.7512	0.0986	2.9e-04	0.5471
89	-109.0880	-109.0880	-108.5562	0.9951	10.7436	0.0986	2.9e-04	0.5488
90	-109.0764	-109.0764	-108.5393	0.9951	10.8042	0.0991	2.9e-04	0.5462
91	-109.1021	-109.1021	-108.5739	0.9952	10.7093	0.0982	2.9e-04	0.5466
92	-109.0808	-109.0808	-108.5612	0.9952	10.6255	0.0975	2.9e-04	0.5463
93	-109.0880	-109.0880	-108.5519	0.9951	10.7883	0.0990	2.9e-04	0.5461
94	-109.0832	-109.0832	-108.5493	0.9951	10.7698	0.0988	2.9e-04	0.5477
95	-109.0921	-109.0921	-108.5442	0.9950	10.9130	0.1001	2.9e-04	0.5475
96	-109.0865	-109.0865	-108.5331	0.9949	10.9629	0.1006	2.9e-04	0.5465
97	-109.0793	-109.0793	-108.5195	0.9949	11.0231	0.1012	2.9e-04	0.5484
98	-109.0853	-109.0853	-108.5321	0.9949	10.9596	0.1006	2.9e-04	0.5463
99	-109.0767	-109.0767	-108.5499	0.9952	10.6978	0.0981	2.9e-04	0.5478
100	-109.0821	-109.0821	-108.5371	0.9950	10.8792	0.0998	2.9e-04	0.5460
101	-109.0895	-109.0895	-108.5399	0.9950	10.9220	0.1002	2.9e-04	0.5465
102	-109.0863	-109.0863	-108.5274	0.9949	11.0187	0.1011	2.9e-04	0.5476
103	-109.0938	-109.0938	-108.5415	0.9949	10.9465	0.1005	2.9e-04	0.5483
104	-109.1001	-109.1001	-108.5353	0.9948	11.0752	0.1016	2.9e-04	0.5456
105	-109.0598	-109.0598	-108.4967	0.9948	11.0550	0.1015	2.9e-04	0.5472
106	-109.1031	-109.1031	-108.4938	0.9944	11.5017	0.1055	2.9e-04	0.5487
107	-109.0815	-109.0815	-108.5086	0.9947	11.1556	0.1024	2.9e-04	0.5457
108	-109.1007	-109.1007	-108.4954	0.9945	11.4660	0.1052	2.9e-04	0.5477
109	-109.0905	-109.0905	-108.4739	0.9943	11.5742	0.1062	2.9e-04	0.5475
110	-109.0945	-109.0945	-108.4736	0.9943	11.6129	0.1065	2.9e-04	0.5482
111	-109.0942	-109.0942	-108.4657	0.9942	11.6807	0.1072	2.9e-04	0.5481
112	-109.0948	-109.0948	-108.4778	0.9943	11.5728	0.1062	2.9e-04	0.5482
113	-109.1188	-109.1188	-108.4896	0.9942	11.6782	0.1072	2.9e-04	0.5472
114	-109.0921	-109.0921	-108.4751	0.9943	11.5726	0.1062	2.9e-04	0.5475
115	-109.1034	-109.1034	-108.4497	0.9940	11.9078	0.1093	2.9e-04	0.5470
116	-109.1108	-109.1108	-108.4596	0.9940	11.8879	0.1091	2.9e-04	0.5481
117	-109.1203	-109.1203	-108.4911	0.9942	11.6885	0.1072	2.9e-04	0.5473
118	-109.1216	-109.1216	-108.4600	0.9939	11.9824	0.1099	2.9e-04	0.5476
119	-109.1236	-109.1236	-108.4647	0.9940	11.9549	0.1097	2.9e-04	0.5479
120	-109.1098	-109.1098	-108.4423	0.9939	12.0361	0.1104	2.9e-04	0.5479
121	-109.1218	-109.1218	-108.4571	0.9939	12.0086	0.1102	2.9e-04	0.5476
122	-109.1110	-109.1110	-108.4262	0.9937	12.1822	0.1118	2.9e-04	0.5482
123	-109.1085	-109.1085	-108.4455	0.9939	11.9864	0.1100	2.9e-04	0.5467
124	-109.1072	-109.1072	-108.4527	0.9940	11.9136	0.1093	2.9e-04	0.5466
125	-109.0974	-109.0974	-108.4233	0.9938	12.0946	0.1110	2.9e-04	0.5479
126	-109.1050	-109.1050	-108.4325	0.9938	12.0712	0.1108	2.9e-04	0.5473
127	-109.1049	-109.1049	-108.4283	0.9938	12.1132	0.1112	2.9e-04	0.5485
128	-109.1075	-109.1075	-108.4409	0.9939	12.0207	0.1103	2.9e-04	0.5464
129	-109.1082	-109.1082	-108.4172	0.9937	12.2430	0.1124	2.9e-04	0.5470
130	-109.0936	-109.0936	-108.3974	0.9936	12.2892	0.1128	2.9e-04	0.5489
131	-109.0959	-109.0959	-108.3804	0.9934	12.4516	0.1143	2.9e-04	0.5477
132	-109.1149	-109.1149	-108.3829	0.9933	12.5970	0.1156	2.9e-04	0.5492
133	-109.1071	-109.1071	-108.3575	0.9931	12.7531	0.1170	2.9e-04	0.5481
134	-109.1090	-109.1090	-108.3544	0.9931	12.7921	0.1174	2.9e-04	0.5496
135	-109.1101	-109.1101	-108.3504	0.9930	12.8374	0.1178	2.9e-04	0.5473
136	-109.1200	-109.1200	-108.3200	0.9927	13.1679	0.1208	2.9e-04	0.5473
137	-109.0948	-109.0948	-108.2831	0.9926	13.2666	0.1218	2.9e-04	0.5480
138	-109.1177	-109.1177	-108.3281	0.9928	13.0833	0.1201	2.9e-04	0.5463
139	-109.1155	-109.1155	-108.3116	0.9926	13.1995	0.1212	2.9e-04	0.5474
140	-109.1144	-109.1144	-108.2866	0.9924	13.3951	0.1229	2.9e-04	0.5480
141	-109.1080	-109.1080	-108.2552	0.9922	13.5913	0.1248	2.9e-04	0.5490
142	-109.1332	-109.1332	-108.2354	0.9918	13.9437	0.1280	2.9e-04	0.5463
143	-109.0976	-109.0976	-108.2182	0.9919	13.8049	0.1267	2.9e-04	0.5488
144	-109.1198	-109.1198	-108.2158	0.9917	13.9918	0.1284	2.9e-04	0.5458
145	-109.1201	-109.1201	-108.1693	0.9913	14.3562	0.1317	2.9e-04	0.5482
146	-109.1231	-109.1231	-108.1859	0.9914	14.2491	0.1308	2.9e-04	0.5483
147	-109.1170	-109.1170	-108.1528	0.9912	14.4568	0.1326	2.9e-04	0.5491
148	-109.1183	-109.1183	-108.1499	0.9911	14.4870	0.1329	2.9e-04	0.5479
149	-109.1203	-109.1203	-108.1509	0.9911	14.4891	0.1330	2.9e-04	0.5465
150	-109.1479	-109.1479	-108.1299	0.9907	14.8490	0.1362	2.9e-04	0.5491
151	-109.1389	-109.1389	-108.1161	0.9906	14.8804	0.1365	2.9e-04	0.5479
152	-109.1174	-109.1174	-108.1190	0.9908	14.7094	0.1350	2.9e-04	0.5498
153	-109.1289	-109.1289	-108.0708	0.9903	15.1311	0.1389	2.9e-04	0.5461
154	-109.1178	-109.1178	-108.0670	0.9904	15.0878	0.1384	2.9e-04	0.5476
155	-109.1391	-109.1391	-108.0590	0.9901	15.2937	0.1403	2.9e-04	0.5481
156	-109.1250	-109.1250	-108.0147	0.9898	15.5021	0.1423	2.9e-04	0.5479
157	-109.1158	-109.1158	-108.0052	0.9898	15.5033	0.1423	2.9e-04	0.5484
158	-109.1131	-109.1131	-107.9921	0.9897	15.5698	0.1429	2.9e-04	0.5469
159	-109.1281	-109.1281	-107.9355	0.9891	16.0683	0.1474	2.9e-04	0.5493
160	-109.1318	-109.1318	-107.9652	0.9893	15.8910	0.1458	2.9e-04	0.5485
161	-109.1230	-109.1230	-107.9079	0.9889	16.2160	0.1488	2.9e-04	0.5468
162	-109.1396	-109.1396	-107.9185	0.9888	16.2567	0.1492	2.9e-04	0.5473
163	-109.1227	-109.1227	-107.9016	0.9888	16.2604	0.1492	2.9e-04	0.5465
164	-109.1215	-109.1215	-107.8580	0.9884	16.5316	0.1517	2.9e-04	0.5469
165	-109.1249	-109.1249	-107.8224	0.9881	16.7874	0.1540	2.9e-04	0.5467
166	-109.1308	-109.1308	-107.8236	0.9880	16.8141	0.1543	2.9e-04	0.5501
167	-109.1290	-109.1290	-107.7794	0.9876	17.0864	0.1568	2.9e-04	0.5470
168	-109.1200	-109.1200	-107.7908	0.9878	16.9598	0.1556	2.9e-04	0.5469
169	-109.1330	-109.1330	-107.7356	0.9872	17.3770	0.1594	2.9e-04	0.5480
170	-109.1231	-109.1231	-107.7299	0.9872	17.3592	0.1593	2.9e-04	0.5478
171	-109.1205	-109.1205	-107.7094	0.9871	17.4682	0.1603	2.9e-04	0.5479
172	-109.1246	-109.1246	-107.6893	0.9868	17.6220	0.1616	2.9e-04	0.5470
173	-109.1242	-109.1242	-107.7043	0.9870	17.5235	0.1608	2.9e-04	0.5480
174	-109.1184	-109.1184	-107.6681	0.9867	17.7094	0.1625	2.9e-04	0.5465
175	-109.1320	-109.1320	-107.6811	0.9867	17.7143	0.1625	2.9e-04	0.5495
176	-109.1518	-109.1518	-107.6868	0.9866	17.7956	0.1633	2.9e-04	0.5462
177	-109.1344	-109.1344	-107.6450	0.9864	17.9444	0.1646	2.9e-04	0.5490
178	-109.1272	-109.1272	-107.5576	0.9856	18.4117	0.1689	2.9e-04	0.5474
179	-109.1365	-109.1365	-107.5458	0.9854	18.5431	0.1701	2.9e-04	0.5485
180	-109.1126	-109.1126	-107.5413	0.9856	18.4291	0.1691	2.9e-04	0.5462
181	-109.1235	-109.1235	-107.5867	0.9859	18.2286	0.1672	2.9e-04	0.5487
182	-109.1300	-109.1300	-107.5120	0.9852	18.7018	0.1715	2.9e-04	0.5451
183	-109.1323	-109.1323	-107.4993	0.9850	18.7893	0.1723	2.9e-04	0.5472
184	-109.1281	-109.1281	-107.4521	0.9846	19.0311	0.1746	2.9e-04	0.5459
185	-109.1303	-109.1303	-107.4695	0.9848	18.9407	0.1738	2.9e-04	0.5498
186	-109.1284	-109.1284	-107.4746	0.9848	18.8967	0.1734	2.9e-04	0.5456
187	-109.1239	-109.1239	-107.4768	0.9849	18.8708	0.1731	2.9e-04	0.5469
188	-109.1253	-109.1253	-107.4214	0.9844	19.1850	0.1760	2.9e-04	0.5488
189	-109.1185	-109.1185	-107.4208	0.9844	19.1546	0.1757	2.9e-04	0.5474
190	-109.1281	-109.1281	-107.3753	0.9839	19.4601	0.1785	2.9e-04	0.5469
191	-109.1365	-109.1365	-107.3874	0.9840	19.4439	0.1783	2.9e-04	0.5485
192	-109.1576	-109.1576	-107.3340	0.9833	19.8473	0.1820	2.9e-04	0.5463
193	-109.1558	-109.1558	-107.3473	0.9834	19.7646	0.1813	2.9e-04	0.5479
194	-109.1425	-109.1425	-107.3044	0.9832	19.9272	0.1828	2.9e-04	0.5471
195	-109.1384	-109.1384	-107.3386	0.9835	19.7063	0.1808	2.9e-04	0.5449
196	-109.1347	-109.1347	-107.3232	0.9834	19.7655	0.1813	2.9e-04	0.5483
197	-109.1480	-109.1480	-107.3069	0.9831	19.9401	0.1829	2.9e-04	0.5492
198	-109.1339	-109.1339	-107.2966	0.9832	19.9091	0.1827	2.9e-04	0.5461
199	-109.1400	-109.1400	-107.2432	0.9826	20.2283	0.1856	2.9e-04	0.5460
200	-109.1427	-109.1427	-107.2518	0.9827	20.2096	0.1853	2.9e-04	0.5465
201	-109.1396	-109.1396	-107.1889	0.9821	20.5234	0.1882	2.9e-04	0.5449
202	-109.1245	-109.1245	-107.1554	0.9820	20.6200	0.1891	2.9e-04	0.5462
203	-109.1372	-109.1372	-107.2241	0.9825	20.3198	0.1864	2.9e-04	0.5470
204	-109.1350	-109.1350	-107.1414	0.9817	20.7421	0.1902	2.9e-04	0.5488
205	-109.1332	-109.1332	-107.1197	0.9816	20.8362	0.1911	2.9e-04	0.5467
206	-109.1377	-109.1377	-107.0836	0.9812	21.0575	0.1931	2.9e-04	0.5499
207	-109.1340	-109.1340	-107.0347	0.9808	21.2773	0.1952	2.9e-04	0.5463
208	-109.1469	-109.1469	-107.0538	0.9808	21.2511	0.1949	2.9e-04	0.5477
209	-109.1385	-109.1385	-107.1017	0.9813	20.9514	0.1921	2.9e-04	0.5467
210	-109.1438	-109.1438	-106.9855	0.9802	21.5647	0.1978	2.9e-04	0.5501
211	-109.1428	-109.1428	-106.9970	0.9803	21.5084	0.1973	2.9e-04	0.5464
212	-109.1221	-109.1221	-106.9923	0.9805	21.4359	0.1966	2.9e-04	0.5483
213	-109.1406	-109.1406	-106.9530	0.9800	21.7190	0.1992	2.9e-04	0.5472
214	-109.1438	-109.1438	-106.9550	0.9799	21.7192	0.1992	2.9e-04	0.5486
215	-109.1222	-109.1222	-106.8313	0.9790	22.2170	0.2038	2.9e-04	0.5466
216	-109.1435	-109.1435	-106.8763	0.9792	22.1092	0.2028	2.9e-04	0.5485
217	-109.1289	-109.1289	-106.8114	0.9788	22.3473	0.2050	2.9e-04	0.5465
218	-109.1607	-109.1607	-106.8594	0.9789	22.2653	0.2042	2.9e-04	0.5485
219	-109.1458	-109.1458	-106.7609	0.9781	22.6632	0.2079	2.9e-04	0.5462
220	-109.1351	-109.1351	-106.7848	0.9785	22.5084	0.2064	2.9e-04	0.5492
221	-109.1425	-109.1425	-106.7669	0.9782	22.6258	0.2075	2.9e-04	0.5469
222	-109.1522	-109.1522	-106.7367	0.9779	22.8107	0.2092	2.9e-04	0.5489
223	-109.1449	-109.1449	-106.7263	0.9778	22.8232	0.2093	2.9e-04	0.5463
224	-109.1443	-109.1443	-106.5824	0.9765	23.4648	0.2152	2.9e-04	0.5489
225	-109.1557	-109.1557	-106.6552	0.9771	23.2044	0.2127	2.9e-04	0.5464
226	-109.1452	-109.1452	-106.6578	0.9772	23.1384	0.2122	2.9e-04	0.5481
227	-109.1480	-109.1480	-106.6392	0.9770	23.2491	0.2132	2.9e-04	0.5467
228	-109.1269	-109.1269	-106.6767	0.9775	22.9720	0.2107	2.9e-04	0.5482
229	-109.1462	-109.1462	-106.6301	0.9769	23.2769	0.2135	2.9e-04	0.5460
230	-109.1429	-109.1429	-106.6253	0.9769	23.2844	0.2135	2.9e-04	0.5482
231	-109.1466	-109.1466	-106.5997	0.9767	23.4192	0.2147	2.9e-04	0.5478
232	-109.1574	-109.1574	-106.6766	0.9773	23.1110	0.2119	2.9e-04	0.5489
233	-109.1350	-109.1350	-106.6053	0.9768	23.3340	0.2140	2.9e-04	0.5473
234	-109.1552	-109.1552	-106.6301	0.9769	23.3169	0.2138	2.9e-04	0.5477
235	-109.1560	-109.1560	-106.5481	0.9761	23.6896	0.2173	2.9e-04	0.5479
236	-109.1350	-109.1350	-106.5811	0.9766	23.4486	0.2150	2.9e-04	0.5477
237	-109.1455	-109.1455	-106.6231	0.9769	23.3034	0.2137	2.9e-04	0.5467
238	-109.1422	-109.1422	-106.5275	0.9760	23.7230	0.2176	2.9e-04	0.5476
239	-109.1356	-109.1356	-106.5671	0.9765	23.5176	0.2157	2.9e-04	0.5494
240	-109.1464	-109.1464	-106.5862	0.9765	23.4836	0.2153	2.9e-04	0.5471
241	-109.1412	-109.1412	-106.6181	0.9769	23.3081	0.2138	2.9e-04	0.5470
242	-109.1464	-109.1464	-106.6931	0.9775	22.9882	0.2108	2.9e-04	0.5497
243	-109.1207	-109.1207	-106.6884	0.9777	22.8871	0.2100	2.9e-04	0.5476
244	-109.1388	-109.1388	-106.6748	0.9774	23.0369	0.2113	2.9e-04	0.5492
245	-109.1145	-109.1145	-106.6198	0.9771	23.1776	0.2126	2.9e-04	0.5476
246	-109.1329	-109.1329	-106.6694	0.9774	23.0344	0.2113	2.9e-04	0.5485
247	-109.1340	-109.1340	-106.5730	0.9765	23.4762	0.2153	2.9e-04	0.5452
248	-109.1397	-109.1397	-106.5964	0.9767	23.3991	0.2146	2.9e-04	0.5479
249	-109.1459	-109.1459	-106.5561	0.9763	23.6103	0.2165	2.9e-04	0.5459
250	-109.1595	-109.1595	-106.4771	0.9754	24.0253	0.2203	2.9e-04	0.5491
251	-109.1400	-109.1400	-106.6036	0.9768	23.3659	0.2142	2.9e-04	0.5468
252	-109.1431	-109.1431	-106.4853	0.9756	23.9148	0.2193	2.9e-04	0.5473
253	-109.1377	-109.1377	-106.3756	0.9747	24.3709	0.2235	2.9e-04	0.5474
254	-109.1208	-109.1208	-106.4184	0.9752	24.1063	0.2211	2.9e-04	0.5479
255	-109.1345	-109.1345	-106.3459	0.9744	24.4888	0.2246	2.9e-04	0.5479
256	-109.1485	-109.1485	-106.3581	0.9744	24.4916	0.2246	2.9e-04	0.5471
257	-109.1510	-109.1510	-106.2784	0.9737	24.8537	0.2279	2.9e-04	0.5486
258	-109.1272	-109.1272	-106.2943	0.9740	24.6807	0.2264	2.9e-04	0.5484
259	-109.1386	-109.1386	-106.2211	0.9733	25.0417	0.2296	2.9e-04	0.5473
260	-109.1477	-109.1477	-106.1437	0.9725	25.4015	0.2330	2.9e-04	0.5474
261	-109.1461	-109.1461	-106.2100	0.9731	25.1171	0.2303	2.9e-04	0.5478
262	-109.1518	-109.1518	-106.0682	0.9717	25.7385	0.2360	2.9e-04	0.5473
263	-109.1493	-109.1493	-106.0246	0.9714	25.9055	0.2375	2.8e-04	0.5481
264	-109.1517	-109.1517	-105.9660	0.9708	26.1536	0.2398	2.8e-04	0.5472
265	-109.1458	-109.1458	-105.9600	0.9708	26.1399	0.2397	2.8e-04	0.5501
266	-109.1502	-109.1502	-106.0085	0.9712	25.9810	0.2382	2.8e-04	0.5467
267	-109.1561	-109.1561	-105.8874	0.9701	26.4779	0.2428	2.8e-04	0.5488
268	-109.1335	-109.1335	-105.9218	0.9706	26.2578	0.2408	2.8e-04	0.5463
269	-109.1477	-109.1477	-106.0117	0.9713	25.9556	0.2380	2.8e-04	0.5475
270	-109.1465	-109.1465	-105.9231	0.9705	26.3048	0.2412	2.8e-04	0.5464
271	-109.1412	-109.1412	-105.8895	0.9702	26.4100	0.2422	2.8e-04	0.5481
272	-109.1295	-109.1295	-105.8255	0.9697	26.6188	0.2442	2.8e-04	0.5473
273	-109.1470	-109.1470	-105.7759	0.9691	26.8948	0.2466	2.8e-04	0.5479
274	-109.1443	-109.1443	-105.8287	0.9696	26.6725	0.2446	2.8e-04	0.5486
275	-109.1398	-109.1398	-105.7525	0.9690	26.9556	0.2472	2.8e-04	0.5489
276	-109.1581	-109.1581	-105.7109	0.9684	27.1887	0.2493	2.8e-04	0.5481
277	-109.1196	-109.1196	-105.7761	0.9694	26.7874	0.2456	2.8e-04	0.5468
278	-109.1432	-109.1432	-105.7251	0.9687	27.0742	0.2483	2.8e-04	0.5480
279	-109.1505	-109.1505	-105.7898	0.9692	26.8526	0.2462	2.8e-04	0.5475
280	-109.1442	-109.1442	-105.5606	0.9672	27.7116	0.2541	2.8e-04	0.5487
281	-109.1320	-109.1320	-105.6928	0.9685	27.1573	0.2491	2.8e-04	0.5470
282	-109.1583	-109.1583	-105.6291	0.9677	27.5105	0.2522	2.8e-04	0.5500
283	-109.1368	-109.1368	-105.5478	0.9671	27.7352	0.2543	2.8e-04	0.5470
284	-109.1331	-109.1331	-105.5183	0.9669	27.8223	0.2551	2.8e-04	0.5499
285	-109.1532	-109.1532	-105.5404	0.9669	27.8275	0.2551	2.8e-04	0.5481
286	-109.1361	-109.1361	-105.5270	0.9669	27.8101	0.2550	2.8e-04	0.5485
287	-109.1595	-109.1595	-105.4485	0.9660	28.1924	0.2584	2.8e-04	0.5485
288	-109.1293	-109.1293	-105.3814	0.9657	28.3287	0.2598	2.8e-04	0.5479
289	-109.1589	-109.1589	-105.3374	0.9650	28.6069	0.2623	2.8e-04	0.5492
290	-109.1368	-109.1368	-105.2982	0.9648	28.6681	0.2629	2.8e-04	0.5468
291	-109.1610	-109.1610	-105.3760	0.9653	28.4714	0.2610	2.8e-04	0.5481
292	-109.1392	-109.1392	-105.3824	0.9656	28.3615	0.2600	2.8e-04	0.5475
293	-109.1573	-109.1573	-105.2641	0.9643	28.8670	0.2647	2.8e-04	0.5494
294	-109.1576	-109.1576	-105.1616	0.9634	29.2371	0.2681	2.8e-04	0.5494
295	-109.1345	-109.1345	-105.1755	0.9637	29.1017	0.2669	2.8e-04	0.5474
296	-109.1313	-109.1313	-105.2825	0.9647	28.7002	0.2632	2.8e-04	0.5479
297	-109.1436	-109.1436	-105.0453	0.9625	29.6054	0.2714	2.8e-04	0.5468
298	-109.1503	-109.1503	-105.0003	0.9620	29.7747	0.2730	2.8e-04	0.5488
299	-109.1437	-109.1437	-104.9541	0.9616	29.9282	0.2744	2.8e-04	0.5469
300	-109.1371	-109.1371	-104.8644	0.9609	30.2134	0.2771	2.8e-04	0.5497
301	-109.1541	-109.1541	-105.0726	0.9626	29.5452	0.2709	2.8e-04	0.5462
302	-109.1511	-109.1511	-104.9751	0.9617	29.8736	0.2739	2.8e-04	0.5484
303	-109.1349	-109.1349	-104.8762	0.9610	30.1664	0.2766	2.8e-04	0.5472
304	-109.1504	-109.1504	-105.0863	0.9628	29.4838	0.2703	2.8e-04	0.5504
305	-109.1619	-109.1619	-104.7653	0.9597	30.6315	0.2808	2.8e-04	0.5464
306	-109.1534	-109.1534	-105.0561	0.9625	29.6001	0.2714	2.8e-04	0.5504
307	-109.1482	-109.1482	-104.8364	0.9605	30.3528	0.2783	2.8e-04	0.5472
308	-109.1525	-109.1525	-104.8663	0.9607	30.2619	0.2775	2.8e-04	0.5466
309	-109.1633	-109.1633	-105.0394	0.9622	29.6923	0.2722	2.8e-04	0.5483
310	-109.1586	-109.1586	-104.8008	0.9601	30.5120	0.2797	2.8e-04	0.5480
311	-109.1447	-109.1447	-104.9368	0.9614	29.9859	0.2749	2.8e-04	0.5479
312	-109.1626	-109.1626	-105.0121	0.9620	29.7935	0.2731	2.8e-04	0.5482
313	-109.1547	-109.1547	-105.0068	0.9620	29.7748	0.2730	2.8e-04	0.5477
314	-109.1471	-109.1471	-105.1054	0.9630	29.4039	0.2696	2.8e-04	0.5493
315	-109.1464	-109.1464	-105.0878	0.9628	29.4599	0.2702	2.8e-04	0.5468
316	-109.1521	-109.1521	-105.0294	0.9622	29.6947	0.2722	2.8e-04	0.5474
317	-109.1421	-109.1421	-105.1263	0.9632	29.3095	0.2688	2.8e-04	0.5501
318	-109.1690	-109.1690	-105.1081	0.9628	29.4620	0.2701	2.8e-04	0.5481
319	-109.1375	-109.1375	-105.1423	0.9634	29.2322	0.2681	2.8e-04	0.5477
320	-109.1494	-109.1494	-105.1452	0.9633	29.2696	0.2684	2.8e-04	0.5488
321	-109.1532	-109.1532	-105.1825	0.9636	29.1455	0.2673	2.8e-04	0.5465
322	-109.1579	-109.1579	-105.0507	0.9624	29.6380	0.2717	2.8e-04	0.5489
323	-109.1622	-109.1622	-105.0807	0.9626	29.5457	0.2709	2.8e-04	0.5467
324	-109.1537	-109.1537	-105.1757	0.9636	29.1752	0.2675	2.8e-04	0.5494
325	-109.1756	-109.1756	-105.1609	0.9632	29.3064	0.2687	2.8e-04	0.5471
326	-109.1536	-109.1536	-105.1386	0.9632	29.2994	0.2687	2.8e-04	0.5476
327	-109.1378	-109.1378	-105.2524	0.9644	28.8310	0.2644	2.8e-04	0.5466
328	-109.1449	-109.1449	-105.2175	0.9640	28.9585	0.2656	2.8e-04	0.5497
329	-109.1429	-109.1429	-105.2125	0.9640	29.0001	0.2659	2.8e-04	0.5476
330	-109.1633	-109.1633	-105.3551	0.9651	28.5576	0.2618	2.8e-04	0.5475
331	-109.1495	-109.1495	-105.2129	0.9639	29.0225	0.2661	2.8e-04	0.5485
332	-109.1477	-109.1477	-105.2034	0.9639	29.0511	0.2664	2.8e-04	0.5464
333	-109.1596	-109.1596	-105.2090	0.9638	29.0626	0.2665	2.8e-04	0.5481
334	-109.1516	-109.1516	-105.1149	0.9630	29.3875	0.2694	2.8e-04	0.5470
335	-109.1642	-109.1642	-105.1810	0.9635	29.1965	0.2677	2.8e-04	0.5500
336	-109.1559	-109.1559	-105.1797	0.9636	29.1574	0.2673	2.8e-04	0.5500
337	-109.1515	-109.1515	-105.1618	0.9634	29.2158	0.2679	2.8e-04	0.5481
338	-109.1411	-109.1411	-105.2036	0.9639	29.0157	0.2661	2.8e-04	0.5464
339	-109.1462	-109.1462	-105.2052	0.9639	29.0365	0.2663	2.8e-04	0.5481
340	-109.1533	-109.1533	-105.1417	0.9632	29.2924	0.2686	2.8e-04	0.5491
341	-109.1643	-109.1643	-105.2968	0.9646	28.7709	0.2638	2.8e-04	0.5488
342	-109.1395	-109.1395	-105.1091	0.9631	29.3628	0.2692	2.8e-04	0.5496
343	-109.1521	-109.1521	-105.1211	0.9631	29.3614	0.2692	2.8e-04	0.5500
344	-109.1443	-109.1443	-104.9917	0.9620	29.7927	0.2732	2.8e-04	0.5476
345	-109.1491	-109.1491	-105.0529	0.9625	29.5865	0.2713	2.8e-04	0.5470
346	-109.1540	-109.1540	-104.9845	0.9618	29.8474	0.2737	2.8e-04	0.5478
347	-109.1423	-109.1423	-104.9633	0.9617	29.8821	0.2741	2.8e-04	0.5501
348	-109.1389	-109.1389	-104.9507	0.9616	29.9149	0.2744	2.8e-04	0.5511
349	-109.1467	-109.1467	-104.7870	0.9601	30.5110	0.2798	2.8e-04	0.5469
350	-109.1534	-109.1534	-104.8477	0.9606	30.3268	0.2781	2.8e-04	0.5464
351	-109.1642	-109.1642	-104.8254	0.9603	30.4209	0.2791	2.8e-04	0.5482
352	-109.1414	-109.1414	-104.8518	0.9607	30.2636	0.2775	2.8e-04	0.5473
353	-109.1475	-109.1475	-104.7131	0.9594	30.7680	0.2821	2.8e-04	0.5477
354	-109.1504	-109.1504	-104.7088	0.9593	30.7930	0.2824	2.8e-04	0.5484
355	-109.1576	-109.1576	-104.6422	0.9586	31.0406	0.2846	2.8e-04	0.5501
356	-109.1511	-109.1511	-104.4763	0.9572	31.5653	0.2894	2.8e-04	0.5472
357	-109.1529	-109.1529	-104.4979	0.9574	31.4989	0.2889	2.8e-04	0.5489
358	-109.1491	-109.1491	-104.4802	0.9572	31.5484	0.2893	2.8e-04	0.5466
359	-109.1503	-109.1503	-104.3999	0.9565	31.8191	0.2918	2.8e-04	0.5478
360	-109.1470	-109.1470	-104.3913	0.9564	31.8347	0.2919	2.8e-04	0.5474
361	-109.1457	-109.1457	-104.3039	0.9556	32.1188	0.2945	2.8e-04	0.5480
362	-109.1493	-109.1493	-104.1887	0.9546	32.5018	0.2980	2.8e-04	0.5473
363	-109.1345	-109.1345	-104.1869	0.9547	32.4477	0.2975	2.8e-04	0.5485
364	-109.1531	-109.1531	-104.1122	0.9538	32.7617	0.3004	2.8e-04	0.5472
365	-109.1615	-109.1615	-104.1208	0.9538	32.7548	0.3003	2.8e-04	0.5484
366	-109.1437	-109.1437	-103.8331	0.9513	33.5990	0.3081	2.8e-04	0.5463
367	-109.1647	-109.1647	-104.0018	0.9527	33.1433	0.3039	2.8e-04	0.5495
368	-109.1444	-109.1444	-103.9998	0.9529	33.0865	0.3034	2.8e-04	0.5462
369	-109.1644	-109.1644	-104.0432	0.9531	33.0162	0.3027	2.8e-04	0.5492
370	-109.1459	-109.1459	-104.1079	0.9538	32.7481	0.3003	2.8e-04	0.5485
371	-109.1514	-109.1514	-103.8628	0.9515	33.5309	0.3075	2.8e-04	0.5478
372	-109.1524	-109.1524	-103.9515	0.9524	33.2609	0.3050	2.8e-04	0.5484
373	-109.1687	-109.1687	-103.9662	0.9523	33.2635	0.3050	2.8e-04	0.5474
374	-109.1525	-109.1525	-104.0270	0.9530	33.0253	0.3028	2.8e-04	0.5470
375	-109.1335	-109.1335	-103.9585	0.9526	33.1821	0.3043	2.8e-04	0.5458
376	-109.1462	-109.1462	-103.9902	0.9528	33.1212	0.3037	2.8e-04	0.5492
377	-109.1537	-109.1537	-104.0632	0.9534	32.9136	0.3018	2.8e-04	0.5470
378	-109.1520	-109.1520	-103.7973	0.9509	33.7350	0.3093	2.8e-04	0.5474
379	-109.1590	-109.1590	-103.9400	0.9522	33.3232	0.3055	2.8e-04	0.5467
380	-109.1585	-109.1585	-104.0368	0.9531	33.0151	0.3027	2.8e-04	0.5488
381	-109.1526	-109.1526	-104.0946	0.9537	32.8115	0.3009	2.8e-04	0.5467
382	-109.1591	-109.1591	-103.9071	0.9519	33.4068	0.3063	2.8e-04	0.5476
383	-109.1507	-109.1507	-103.8538	0.9515	33.5589	0.3077	2.8e-04	0.5463
384	-109.1314	-109.1314	-103.9851	0.9528	33.0822	0.3034	2.8e-04	0.5480
385	-109.1573	-109.1573	-104.2109	0.9547	32.4550	0.2976	2.8e-04	0.5472
386	-109.1634	-109.1634	-104.1989	0.9545	32.5166	0.2981	2.8e-04	0.5501
387	-109.1364	-109.1364	-103.9968	0.9529	33.0615	0.3032	2.8e-04	0.5482
388	-109.1454	-109.1454	-104.2842	0.9555	32.1786	0.2951	2.8e-04	0.5454
389	-109.1393	-109.1393	-104.0782	0.9536	32.8203	0.3010	2.8e-04	0.5495
390	-109.1418	-109.1418	-103.9684	0.9526	33.1704	0.3042	2.8e-04	0.5448
391	-109.1579	-109.1579	-104.0883	0.9536	32.8449	0.3012	2.8e-04	0.5475
392	-109.1687	-109.1687	-104.0426	0.9530	33.0135	0.3027	2.8e-04	0.5460
393	-109.1419	-109.1419	-104.0646	0.9535	32.8658	0.3014	2.8e-04	0.5444
394	-109.1610	-109.1610	-104.0629	0.9533	32.9398	0.3020	2.8e-04	0.5464
395	-109.1593	-109.1593	-103.9071	0.9519	33.4219	0.3064	2.8e-04	0.5462
396	-109.1532	-109.1532	-103.8629	0.9515	33.5347	0.3075	2.8e-04	0.5485
397	-109.1686	-109.1686	-103.8655	0.9514	33.5750	0.3078	2.8e-04	0.5474
398	-109.1359	-109.1359	-103.9590	0.9526	33.1761	0.3043	2.8e-04	0.5478
399	-109.1475	-109.1475	-103.7434	0.9505	33.8879	0.3107	2.8e-04	0.5455
400	-109.1388	-109.1388	-103.7714	0.9508	33.7741	0.3097	2.8e-04	0.5477
401	-109.1347	-109.1347	-103.6729	0.9500	34.0646	0.3124	2.8e-04	0.5454
402	-109.1384	-109.1384	-103.7749	0.9509	33.7615	0.3096	2.8e-04	0.5485
403	-109.1583	-109.1583	-103.5532	0.9487	34.4926	0.3163	2.8e-04	0.5459
404	-109.1338	-109.1338	-103.5609	0.9489	34.3960	0.3154	2.8e-04	0.5476
405	-109.1557	-109.1557	-103.5110	0.9483	34.6146	0.3174	2.8e-04	0.5451
406	-109.1512	-109.1512	-103.3555	0.9469	35.0696	0.3215	2.8e-04	0.5479
407	-109.1607	-109.1607	-103.3109	0.9464	35.2205	0.3230	2.8e-04	0.5464
408	-109.1580	-109.1580	-103.3588	0.9469	35.0767	0.3216	2.8e-04	0.5476
409	-109.1492	-109.1492	-103.2537	0.9460	35.3590	0.3242	2.8e-04	0.5451
410	-109.1446	-109.1446	-103.0741	0.9444	35.8569	0.3288	2.8e-04	0.5471
411	-109.1652	-109.1652	-103.1207	0.9446	35.7798	0.3280	2.8e-04	0.5461
412	-109.1653	-109.1653	-103.3315	0.9466	35.1716	0.3225	2.8e-04	0.5459
413	-109.1557	-109.1557	-102.9354	0.9430	36.2923	0.3327	2.8e-04	0.5471
414	-109.1441	-109.1441	-103.0580	0.9442	35.9069	0.3293	2.8e-04	0.5454
415	-109.1685	-109.1685	-103.0468	0.9439	36.0162	0.3302	2.8e-04	0.5470
416	-109.1503	-109.1503	-103.0335	0.9440	35.9981	0.3301	2.8e-04	0.5456
417	-109.1474	-109.1474	-103.0893	0.9445	35.8297	0.3285	2.8e-04	0.5452
418	-109.1459	-109.1459	-103.2227	0.9457	35.4230	0.3248	2.8e-04	0.5459
419	-109.1550	-109.1550	-102.8170	0.9419	36.6146	0.3357	2.8e-04	0.5459
420	-109.1497	-109.1497	-102.8487	0.9423	36.5179	0.3348	2.8e-04	0.5455
421	-109.1492	-109.1492	-102.8358	0.9422	36.5563	0.3351	2.8e-04	0.5459
422	-109.1586	-109.1586	-102.8258	0.9420	36.6110	0.3356	2.8e-04	0.5473
423	-109.1530	-109.1530	-102.6864	0.9408	36.9864	0.3391	2.8e-04	0.5466
424	-109.1631	-109.1631	-102.8443	0.9421	36.5737	0.3352	2.8e-04	0.5464
425	-109.1508	-109.1508	-103.0045	0.9437	36.0756	0.3308	2.8e-04	0.5475
426	-109.1576	-109.1576	-102.6446	0.9403	37.1128	0.3403	2.8e-04	0.5470
427	-109.1606	-109.1606	-102.4380	0.9384	37.6753	0.3454	2.8e-04	0.5455
428	-109.1350	-109.1350	-102.4638	0.9389	37.5443	0.3442	2.8e-04	0.5475
429	-109.1579	-109.1579	-102.2541	0.9368	38.1760	0.3500	2.8e-04	0.5459
430	-109.1415	-109.1415	-102.7614	0.9415	36.7353	0.3368	2.8e-04	0.5458
431	-109.1441	-109.1441	-102.4629	0.9388	37.5761	0.3445	2.8e-04	0.5467
432	-109.1583	-109.1583	-102.4564	0.9386	37.6333	0.3450	2.8e-04	0.5463
433	-109.1434	-109.1434	-102.5653	0.9397	37.2716	0.3418	2.8e-04	0.5478
434	-109.1475	-109.1475	-102.5712	0.9397	37.2926	0.3419	2.8e-04	0.5464
435	-109.1484	-109.1484	-102.4959	0.9391	37.5034	0.3438	2.8e-04	0.5475
436	-109.1434	-109.1434	-102.2985	0.9373	38.0126	0.3485	2.8e-04	0.5474
437	-109.1674	-109.1674	-102.4869	0.9388	37.5779	0.3444	2.8e-04	0.5481
438	-109.1382	-109.1382	-102.4108	0.9384	37.7030	0.3457	2.8e-04	0.5480
439	-109.1499	-109.1499	-102.5421	0.9395	37.3777	0.3426	2.8e-04	0.5474
440	-109.1424	-109.1424	-102.5291	0.9394	37.3799	0.3427	2.8e-04	0.5472
441	-109.1652	-109.1652	-102.4740	0.9387	37.6100	0.3447	2.8e-04	0.5460
442	-109.1471	-109.1471	-102.6166	0.9402	37.1604	0.3407	2.8e-04	0.5464
443	-109.1564	-109.1564	-102.5094	0.9391	37.4737	0.3436	2.8e-04	0.5469
444	-109.1368	-109.1368	-102.4645	0.9389	37.5491	0.3443	2.8e-04	0.5462
445	-109.1522	-109.1522	-102.6307	0.9403	37.1296	0.3403	2.8e-04	0.5461
446	-109.1501	-109.1501	-102.4054	0.9382	37.7477	0.3461	2.8e-04	0.5475
447	-109.1581	-109.1581	-102.5066	0.9391	37.4947	0.3437	2.8e-04	0.5467
448	-109.1272	-109.1272	-102.5608	0.9398	37.2608	0.3416	2.8e-04	0.5477
449	-109.1370	-109.1370	-102.2095	0.9365	38.2415	0.3506	2.8e-04	0.5471
450	-109.1495	-109.1495	-102.3599	0.9378	37.8720	0.3472	2.8e-04	0.5456
451	-109.1363	-109.1363	-102.5163	0.9393	37.4074	0.3430	2.8e-04	0.5473
452	-109.1597	-109.1597	-102.4300	0.9383	37.7030	0.3456	2.8e-04	0.5453
453	-109.1546	-109.1546	-102.5846	0.9398	37.2760	0.3417	2.8e-04	0.5472
454	-109.1432	-109.1432	-102.2881	0.9372	38.0378	0.3487	2.7e-04	0.5499
455	-109.1382	-109.1382	-102.3523	0.9378	37.8380	0.3470	2.7e-04	0.5455
456	-109.1592	-109.1592	-102.3528	0.9376	37.9020	0.3474	2.7e-04	0.5463
457	-109.1677	-109.1677	-102.4142	0.9381	37.7750	0.3463	2.7e-04	0.5456
458	-109.1705	-109.1705	-102.2750	0.9368	38.1657	0.3498	2.7e-04	0.5467
459	-109.1689	-109.1689	-102.2249	0.9364	38.2948	0.3509	2.7e-04	0.5470
460	-109.1498	-109.1498	-102.1716	0.9361	38.3706	0.3517	2.7e-04	0.5469
461	-109.1567	-109.1567	-102.4932	0.9390	37.5124	0.3439	2.7e-04	0.5482
462	-109.1631	-109.1631	-102.0360	0.9347	38.7606	0.3553	2.7e-04	0.5466
463	-109.1520	-109.1520	-102.4076	0.9382	37.7258	0.3458	2.7e-04	0.5462
464	-109.1503	-109.1503	-102.2366	0.9367	38.2157	0.3502	2.7e-04	0.5484
465	-109.1425	-109.1425	-102.4506	0.9387	37.6103	0.3448	2.7e-04	0.5464
466	-109.1438	-109.1438	-102.4036	0.9382	37.7360	0.3460	2.7e-04	0.5462
467	-109.1518	-109.1518	-102.3711	0.9379	37.8482	0.3469	2.7e-04	0.5471
468	-109.1527	-109.1527	-102.5182	0.9392	37.4407	0.3432	2.7e-04	0.5462
469	-109.1393	-109.1393	-102.3798	0.9381	37.7888	0.3464	2.7e-04	0.5481
470	-109.1528	-109.1528	-102.3326	0.9375	37.9452	0.3478	2.7e-04	0.5461
471	-109.1531	-109.1531	-102.0141	0.9346	38.8042	0.3557	2.7e-04	0.5459
472	-109.1686	-109.1686	-102.1042	0.9353	38.6116	0.3539	2.7e-04	0.5488
473	-109.1565	-109.1565	-102.1598	0.9359	38.4296	0.3522	2.7e-04	0.5464
474	-109.1383	-109.1383	-102.1569	0.9360	38.3849	0.3519	2.7e-04	0.5467
475	-109.1534	-109.1534	-102.1382	0.9357	38.4726	0.3527	2.7e-04	0.5472
476	-109.1410	-109.1410	-102.0094	0.9347	38.7775	0.3555	2.7e-04	0.5457
477	-109.1624	-109.1624	-102.0048	0.9344	38.8587	0.3561	2.7e-04	0.5480
478	-109.1526	-109.1526	-102.0052	0.9345	38.8229	0.3559	2.7e-04	0.5464
479	-109.1529	-109.1529	-102.0877	0.9353	38.6088	0.3539	2.7e-04	0.5465
480	-109.1493	-109.1493	-101.7999	0.9327	39.3559	0.3607	2.7e-04	0.5464
481	-109.1422	-109.1422	-101.9291	0.9339	38.9519	0.3571	2.7e-04	0.5471
482	-109.1571	-109.1571	-101.8984	0.9335	39.1182	0.3586	2.7e-04	0.5461
483	-109.1596	-109.1596	-101.8512	0.9330	39.2377	0.3597	2.7e-04	0.5464
484	-109.1652	-109.1652	-101.8934	0.9334	39.1563	0.3589	2.7e-04	0.5475
485	-109.1480	-109.1480	-101.7217	0.9320	39.5494	0.3625	2.7e-04	0.5461
486	-109.1749	-109.1749	-101.9597	0.9339	39.0078	0.3575	2.7e-04	0.5475
487	-109.1573	-109.1573	-101.7471	0.9321	39.5092	0.3621	2.7e-04	0.5457
488	-109.1546	-109.1546	-101.7981	0.9326	39.3753	0.3609	2.7e-04	0.5470
489	-109.1598	-109.1598	-101.7941	0.9325	39.3922	0.3611	2.7e-04	0.5463
490	-109.1482	-109.1482	-101.9102	0.9337	39.0669	0.3581	2.7e-04	0.5456
491	-109.1583	-109.1583	-101.7941	0.9325	39.3832	0.3610	2.7e-04	0.5468
492	-109.1496	-109.1496	-102.1195	0.9356	38.4792	0.3527	2.7e-04	0.5459
493	-109.1570	-109.1570	-101.8633	0.9332	39.2089	0.3594	2.7e-04	0.5462
494	-109.1459	-109.1459	-102.1903	0.9363	38.3134	0.3512	2.7e-04	0.5462
495	-109.1367	-109.1367	-101.9002	0.9337	39.0410	0.3579	2.7e-04	0.5464
496	-109.1564	-109.1564	-102.2215	0.9365	38.2605	0.3507	2.7e-04	0.5461
497	-109.1574	-109.1574	-102.0627	0.9350	38.6895	0.3546	2.7e-04	0.5473
498	-109.1627	-109.1627	-102.0661	0.9350	38.6922	0.3547	2.7e-04	0.5480
499	-109.1574	-109.1574	-102.0817	0.9352	38.6360	0.3542	2.7e-04	0.5457
500	-109.1599	-109.1599	-102.1332	0.9356	38.5085	0.3530	2.7e-04	0.5459
501	-109.1456	-109.1456	-102.4279	0.9385	37.6703	0.3454	2.7e-04	0.5453
502	-109.1488	-109.1488	-102.1436	0.9358	38.4407	0.3524	2.7e-04	0.5471
503	-109.1620	-109.1620	-102.0703	0.9350	38.6825	0.3545	2.7e-04	0.5455
504	-109.1448	-109.1448	-102.1576	0.9360	38.3976	0.3520	2.7e-04	0.5479
505	-109.1473	-109.1473	-102.3936	0.9381	37.7731	0.3463	2.7e-04	0.5456
506	-109.1608	-109.1608	-101.9107	0.9336	39.1047	0.3584	2.7e-04	0.5468
507	-109.1403	-109.1403	-102.0833	0.9353	38.5801	0.3537	2.7e-04	0.5468
508	-109.1509	-109.1509	-102.1027	0.9354	38.5617	0.3535	2.7e-04	0.5458
509	-109.1311	-109.1311	-102.0707	0.9353	38.5795	0.3537	2.7e-04	0.5488
510	-109.1636	-109.1636	-101.9459	0.9339	39.0071	0.3575	2.7e-04	0.5458
511	-109.1528	-109.1528	-101.8517	0.9331	39.2275	0.3596	2.7e-04	0.5483
512	-109.1613	-109.1613	-101.8426	0.9330	39.2714	0.3600	2.7e-04	0.5454
513	-109.1556	-109.1556	-102.0300	0.9347	38.7706	0.3554	2.7e-04	0.5492
514	-109.1725	-109.1725	-101.9273	0.9336	39.0852	0.3582	2.7e-04	0.5457
515	-109.1444	-109.1444	-101.9717	0.9343	38.8950	0.3565	2.7e-04	0.5481
516	-109.1525	-109.1525	-101.5557	0.9304	39.9792	0.3665	2.7e-04	0.5472
517	-109.1617	-109.1617	-101.6715	0.9314	39.7184	0.3640	2.7e-04	0.5472
518	-109.1542	-109.1542	-101.8791	0.9334	39.1606	0.3590	2.7e-04	0.5463
519	-109.1420	-109.1420	-101.6581	0.9314	39.6925	0.3639	2.7e-04	0.5459
520	-109.1777	-109.1777	-101.4483	0.9292	40.3235	0.3696	2.7e-04	0.5467
521	-109.1686	-109.1686	-101.7802	0.9323	39.4529	0.3616	2.7e-04	0.5471
522	-109.1693	-109.1693	-101.7313	0.9319	39.5828	0.3628	2.7e-04	0.5481
523	-109.1626	-109.1626	-101.7257	0.9319	39.5815	0.3628	2.7e-04	0.5453
524	-109.1536	-109.1536	-101.6423	0.9312	39.7693	0.3645	2.7e-04	0.5469
525	-109.1479	-109.1479	-101.9338	0.9339	38.9990	0.3575	2.7e-04	0.5478
526	-109.1578	-109.1578	-101.9297	0.9338	39.0409	0.3578	2.7e-04	0.5463
527	-109.1469	-109.1469	-101.8286	0.9330	39.2710	0.3600	2.7e-04	0.5479
528	-109.1577	-109.1577	-101.9947	0.9344	38.8652	0.3563	2.7e-04	0.5456
529	-109.1559	-109.1559	-101.9350	0.9338	39.0193	0.3577	2.7e-04	0.5455
530	-109.1555	-109.1555	-101.9580	0.9341	38.9560	0.3571	2.7e-04	0.5459
531	-109.1431	-109.1431	-101.8691	0.9334	39.1562	0.3590	2.7e-04	0.5474
532	-109.1383	-109.1383	-102.1315	0.9358	38.4572	0.3525	2.7e-04	0.5474
533	-109.1545	-109.1545	-101.9160	0.9337	39.0682	0.3581	2.7e-04	0.5457
534	-109.1594	-109.1594	-101.8459	0.9330	39.2656	0.3599	2.7e-04	0.5462
535	-109.1538	-109.1538	-101.6923	0.9316	39.6357	0.3633	2.7e-04	0.5464
536	-109.1535	-109.1535	-101.7902	0.9325	39.3868	0.3610	2.7e-04	0.5478
537	-109.1457	-109.1457	-101.6833	0.9316	39.6447	0.3634	2.7e-04	0.5456
538	-109.1603	-109.1603	-101.8174	0.9327	39.3296	0.3605	2.7e-04	0.5461
539	-109.1685	-109.1685	-101.6791	0.9314	39.7164	0.3640	2.7e-04	0.5462
540	-109.1406	-109.1406	-101.6350	0.9312	39.7464	0.3644	2.7e-04	0.5455
541	-109.1553	-109.1553	-101.5932	0.9307	39.8875	0.3656	2.7e-04	0.5470
542	-109.1613	-109.1613	-101.6408	0.9311	39.7894	0.3647	2.7e-04	0.5449
543	-109.1702	-109.1702	-101.7554	0.9321	39.5225	0.3622	2.7e-04	0.5473
544	-109.1578	-109.1578	-101.8549	0.9331	39.2286	0.3596	2.7e-04	0.5461
545	-109.1706	-109.1706	-101.6582	0.9312	39.7670	0.3645	2.7e-04	0.5474
546	-109.1648	-109.1648	-101.6933	0.9316	39.6664	0.3635	2.7e-04	0.5460
547	-109.1457	-109.1457	-101.8694	0.9333	39.1632	0.3590	2.7e-04	0.5454
548	-109.1634	-109.1634	-101.5850	0.9306	39.9474	0.3661	2.7e-04	0.5480
549	-109.1655	-109.1655	-101.6741	0.9314	39.7145	0.3640	2.7e-04	0.5463
550	-109.1596	-109.1596	-101.7168	0.9318	39.5953	0.3629	2.7e-04	0.5478
551	-109.1690	-109.1690	-101.9324	0.9337	39.0641	0.3580	2.7e-04	0.5457
552	-109.1567	-109.1567	-101.7522	0.9322	39.4916	0.3620	2.7e-04	0.5480
553	-109.1506	-109.1506	-101.7562	0.9323	39.4567	0.3617	2.7e-04	0.5455
554	-109.1518	-109.1518	-101.7358	0.9321	39.5208	0.3623	2.7e-04	0.5489
555	-109.1520	-109.1520	-101.9001	0.9336	39.1023	0.3584	2.7e-04	0.5467
556	-109.1583	-109.1583	-101.8160	0.9327	39.3318	0.3605	2.7e-04	0.5475
557	-109.1448	-109.1448	-101.7984	0.9327	39.3398	0.3607	2.7e-04	0.5481
558	-109.1582	-109.1582	-101.9339	0.9338	39.0306	0.3577	2.7e-04	0.5477
559	-109.1490	-109.1490	-101.9819	0.9343	38.8779	0.3564	2.7e-04	0.5473
560	-109.1582	-109.1582	-101.7799	0.9324	39.4242	0.3613	2.7e-04	0.5468
561	-109.1616	-109.1616	-101.8391	0.9329	39.2849	0.3601	2.7e-04	0.5463
562	-109.1766	-109.1766	-101.9205	0.9335	39.1088	0.3585	2.7e-04	0.5482
563	-109.1702	-109.1702	-102.1780	0.9360	38.4152	0.3521	2.7e-04	0.5459
564	-109.1501	-109.1501	-102.2713	0.9370	38.1089	0.3494	2.7e-04	0.5498
565	-109.1508	-109.1508	-101.9588	0.9341	38.9416	0.3570	2.7e-04	0.5470
566	-109.1563	-109.1563	-101.9839	0.9343	38.8859	0.3565	2.7e-04	0.5463
567	-109.1446	-109.1446	-102.3835	0.9381	37.7862	0.3464	2.7e-04	0.5473
568	-109.1597	-109.1597	-102.1293	0.9356	38.5189	0.3531	2.7e-04	0.5485
569	-109.1412	-109.1412	-102.2227	0.9366	38.2217	0.3504	2.7e-04	0.5494
570	-109.1549	-109.1549	-102.0982	0.9354	38.5796	0.3537	2.7e-04	0.5472
571	-109.1503	-109.1503	-101.9428	0.9340	38.9779	0.3573	2.7e-04	0.5475
572	-109.1419	-109.1419	-102.0016	0.9346	38.8034	0.3558	2.7e-04	0.5475
573	-109.1696	-109.1696	-101.8090	0.9326	39.3704	0.3608	2.7e-04	0.5471
574	-109.1544	-109.1544	-101.7793	0.9324	39.4208	0.3613	2.7e-04	0.5483
575	-109.1682	-109.1682	-102.0285	0.9346	38.7750	0.3554	2.7e-04	0.5458
576	-109.1509	-109.1509	-101.9351	0.9339	39.0093	0.3575	2.7e-04	0.5453
577	-109.1428	-109.1428	-102.1776	0.9362	38.3340	0.3514	2.7e-04	0.5475
578	-109.1534	-109.1534	-102.2579	0.9368	38.1597	0.3498	2.7e-04	0.5461
579	-109.1656	-109.1656	-101.8424	0.9329	39.2849	0.3600	2.7e-04	0.5485
580	-109.1622	-109.1622	-101.8017	0.9326	39.3858	0.3610	2.7e-04	0.5468
581	-109.1640	-109.1640	-101.7906	0.9325	39.4201	0.3613	2.7e-04	0.5484
582	-109.1613	-109.1613	-102.1066	0.9354	38.5787	0.3537	2.7e-04	0.5460
583	-109.1549	-109.1549	-101.9338	0.9338	39.0177	0.3577	2.7e-04	0.5478
584	-109.1403	-109.1403	-102.1185	0.9357	38.4905	0.3529	2.7e-04	0.5463
585	-109.1661	-109.1661	-102.0267	0.9346	38.8022	0.3557	2.7e-04	0.5482
586	-109.1624	-109.1624	-102.0308	0.9347	38.7834	0.3555	2.7e-04	0.5465
587	-109.1661	-109.1661	-102.2290	0.9365	38.2694	0.3508	2.7e-04	0.5473
588	-109.1425	-109.1425	-102.0727	0.9352	38.6207	0.3541	2.7e-04	0.5471
589	-109.1697	-109.1697	-101.9673	0.9340	38.9738	0.3572	2.7e-04	0.5483
590	-109.1483	-109.1483	-102.2173	0.9365	38.2524	0.3506	2.7e-04	0.5461
591	-109.1527	-109.1527	-102.1411	0.9358	38.4631	0.3526	2.7e-04	0.5479
592	-109.1561	-109.1561	-102.0520	0.9349	38.7010	0.3548	2.7e-04	0.5459
593	-109.1449	-109.1449	-102.0843	0.9353	38.5920	0.3538	2.7e-04	0.5490
594	-109.1476	-109.1476	-101.9639	0.9342	38.9196	0.3568	2.7e-04	0.5468
595	-109.1676	-109.1676	-102.0533	0.9348	38.7395	0.3551	2.7e-04	0.5460
596	-109.1622	-109.1622	-102.2556	0.9367	38.1902	0.3501	2.7e-04	0.5477
597	-109.1486	-109.1486	-101.8275	0.9329	39.2727	0.3601	2.7e-04	0.5447
598	-109.1405	-109.1405	-101.9056	0.9337	39.0499	0.3580	2.7e-04	0.5489
599	-109.1759	-109.1759	-101.9655	0.9340	38.9907	0.3573	2.7e-04	0.5466
600	-109.1659	-109.1659	-101.8179	0.9327	39.3450	0.3606	2.7e-04	0.5459
601	-109.1530	-109.1530	-101.9224	0.9338	39.0316	0.3578	2.7e-04	0.5449
602	-109.1591	-109.1591	-101.7057	0.9317	39.6180	0.3631	2.7e-04	0.5468
603	-109.1535	-109.1535	-102.0571	0.9350	38.6914	0.3546	2.7e-04	0.5468
604	-109.1544	-109.1544	-102.0798	0.9352	38.6366	0.3541	2.7e-04	0.5480
605	-109.1631	-109.1631	-102.0943	0.9352	38.6210	0.3540	2.7e-04	0.5482
606	-109.1699	-109.1699	-101.9403	0.9338	39.0394	0.3578	2.7e-04	0.5470
607	-109.1599	-109.1599	-101.7163	0.9318	39.5927	0.3629	2.7e-04	0.5465
608	-109.1515	-109.1515	-102.0470	0.9349	38.7093	0.3549	2.7e-04	0.5481
609	-109.1515	-109.1515	-101.8502	0.9331	39.2251	0.3596	2.7e-04	0.5463
610	-109.1732	-109.1732	-101.7601	0.9321	39.5144	0.3621	2.7e-04	0.5456
611	-109.1473	-109.1473	-101.9813	0.9343	38.8690	0.3564	2.7e-04	0.5483
612	-109.1587	-109.1587	-101.8882	0.9334	39.1417	0.3588	2.7e-04	0.5470
613	-109.1596	-109.1596	-101.9131	0.9336	39.0836	0.3583	2.7e-04	0.5470
614	-109.1583	-109.1583	-101.7090	0.9318	39.5966	0.3630	2.7e-04	0.5463
615	-109.1597	-109.1597	-101.6126	0.9309	39.8649	0.3654	2.7e-04	0.5470
616	-109.1581	-109.1581	-101.4364	0.9293	40.2979	0.3694	2.7e-04	0.5486
617	-109.1430	-109.1430	-101.7643	0.9324	39.4205	0.3614	2.7e-04	0.5471
618	-109.1548	-109.1548	-101.9395	0.9339	38.9964	0.3575	2.7e-04	0.5470
619	-109.1545	-109.1545	-101.8671	0.9332	39.1947	0.3593	2.7e-04	0.5459
620	-109.1443	-109.1443	-101.8145	0.9328	39.2950	0.3603	2.7e-04	0.5479
621	-109.1524	-109.1524	-101.5676	0.9305	39.9531	0.3662	2.7e-04	0.5461
622	-109.1512	-109.1512	-101.5425	0.9303	40.0142	0.3668	2.7e-04	0.5473
623	-109.1583	-109.1583	-101.5848	0.9306	39.9257	0.3660	2.7e-04	0.5458
624	-109.1537	-109.1537	-101.7259	0.9320	39.5550	0.3626	2.7e-04	0.5480
625	-109.1418	-109.1418	-101.5961	0.9309	39.8427	0.3653	2.7e-04	0.5458
626	-109.1517	-109.1517	-101.3882	0.9289	40.3941	0.3703	2.7e-04	0.5480
627	-109.1527	-109.1527	-101.5115	0.9300	40.0844	0.3674	2.7e-04	0.5460
628	-109.1571	-109.1571	-101.3848	0.9288	40.4329	0.3706	2.7e-04	0.5488
629	-109.1568	-109.1568	-101.2907	0.9279	40.6617	0.3727	2.7e-04	0.5479
630	-109.1960	-109.1960	-101.1959	0.9267	40.9965	0.3756	2.7e-04	0.5478
631	-109.1519	-109.1519	-101.3534	0.9286	40.4968	0.3712	2.7e-04	0.5460
632	-109.1572	-109.1572	-101.2555	0.9276	40.7570	0.3735	2.7e-04	0.5484
633	-109.1476	-109.1476	-101.3955	0.9290	40.3678	0.3700	2.7e-04	0.5468
634	-109.1545	-109.1545	-101.3616	0.9286	40.4733	0.3710	2.7e-04	0.5464
635	-109.1646	-109.1646	-101.6952	0.9316	39.6635	0.3635	2.7e-04	0.5469
636	-109.1694	-109.1694	-101.4942	0.9297	40.1880	0.3683	2.7e-04	0.5467
637	-109.1562	-109.1562	-101.4279	0.9292	40.3187	0.3696	2.7e-04	0.5476
638	-109.1555	-109.1555	-101.4311	0.9292	40.3135	0.3695	2.7e-04	0.5466
639	-109.1623	-109.1623	-101.5154	0.9299	40.1088	0.3677	2.7e-04	0.5465
640	-109.1475	-109.1475	-101.4546	0.9295	40.2296	0.3688	2.7e-04	0.5467
641	-109.1670	-109.1670	-101.3867	0.9287	40.4454	0.3707	2.7e-04	0.5462
642	-109.1517	-109.1517	-101.4390	0.9293	40.2769	0.3692	2.7e-04	0.5460
643	-109.1688	-109.1688	-101.3863	0.9287	40.4556	0.3708	2.7e-04	0.5466
644	-109.1656	-109.1656	-101.4419	0.9292	40.2991	0.3694	2.7e-04	0.5469
645	-109.1375	-109.1375	-101.4366	0.9294	40.2081	0.3687	2.7e-04	0.5466
646	-109.1599	-109.1599	-101.3240	0.9282	40.5918	0.3720	2.7e-04	0.5470
647	-109.1483	-109.1483	-101.1364	0.9266	41.0109	0.3759	2.7e-04	0.5474
648	-109.1630	-109.1630	-101.6229	0.9309	39.8441	0.3652	2.7e-04	0.5446
649	-109.1731	-109.1731	-101.4661	0.9294	40.2581	0.3690	2.7e-04	0.5454
650	-109.1534	-109.1534	-101.5262	0.9301	40.0638	0.3672	2.7e-04	0.5479
651	-109.1393	-109.1393	-101.6739	0.9316	39.6467	0.3635	2.7e-04	0.5459
652	-109.1378	-109.1378	-101.4119	0.9292	40.3060	0.3695	2.7e-04	0.5490
653	-109.1544	-109.1544	-101.4863	0.9297	40.1733	0.3682	2.7e-04	0.5471
654	-109.1537	-109.1537	-101.4761	0.9297	40.1718	0.3683	2.7e-04	0.5498
655	-109.1593	-109.1593	-101.7181	0.9318	39.5794	0.3629	2.7e-04	0.5464
656	-109.1675	-109.1675	-101.5065	0.9298	40.1570	0.3680	2.7e-04	0.5492
657	-109.1566	-109.1566	-101.6447	0.9312	39.7672	0.3645	2.7e-04	0.5474
658	-109.1638	-109.1638	-101.7576	0.9322	39.4826	0.3619	2.7e-04	0.5478
659	-109.1607	-109.1607	-101.6095	0.9308	39.8625	0.3654	2.7e-04	0.5467
660	-109.1519	-109.1519	-101.4048	0.9290	40.3518	0.3699	2.6e-04	0.5470
661	-109.1597	-109.1597	-101.7271	0.9319	39.5622	0.3627	2.6e-04	0.5486
662	-109.1536	-109.1536	-101.7475	0.9321	39.4974	0.3620	2.6e-04	0.5457
663	-109.1622	-109.1622	-101.6534	0.9312	39.7682	0.3645	2.6e-04	0.5479
664	-109.1487	-109.1487	-101.6500	0.9313	39.7293	0.3642	2.6e-04	0.5469
665	-109.1633	-109.1633	-101.8875	0.9333	39.1568	0.3590	2.6e-04	0.5500
666	-109.1600	-109.1600	-101.8050	0.9326	39.3656	0.3608	2.6e-04	0.5460
667	-109.1511	-109.1511	-101.8814	0.9334	39.1388	0.3588	2.6e-04	0.5479
668	-109.1398	-109.1398	-101.9402	0.9340	38.9601	0.3572	2.6e-04	0.5464
669	-109.1682	-109.1682	-101.7289	0.9319	39.5792	0.3628	2.6e-04	0.5482
670	-109.1583	-109.1583	-101.9057	0.9336	39.0885	0.3583	2.6e-04	0.5475
671	-109.1557	-109.1557	-101.6582	0.9313	39.7292	0.3642	2.6e-04	0.5468
672	-109.1426	-109.1426	-101.5543	0.9305	39.9560	0.3663	2.6e-04	0.5484
673	-109.1499	-109.1499	-101.7865	0.9325	39.3843	0.3611	2.6e-04	0.5471
674	-109.1589	-109.1589	-101.6630	0.9313	39.7201	0.3641	2.6e-04	0.5496
675	-109.1610	-109.1610	-101.4611	0.9295	40.2479	0.3689	2.6e-04	0.5454
676	-109.1492	-109.1492	-101.5918	0.9308	39.8845	0.3656	2.6e-04	0.5455
677	-109.1579	-109.1579	-101.1340	0.9265	41.0514	0.3763	2.6e-04	0.5476
678	-109.1596	-109.1596	-101.3081	0.9281	40.6211	0.3724	2.6e-04	0.5466
679	-109.1593	-109.1593	-101.2510	0.9276	40.7677	0.3737	2.6e-04	0.5459
680	-109.1632	-109.1632	-101.1111	0.9262	41.1207	0.3769	2.6e-04	0.5478
681	-109.1610	-109.1610	-101.0864	0.9260	41.1681	0.3773	2.6e-04	0.5469
682	-109.1413	-109.1413	-101.0573	0.9259	41.1962	0.3777	2.6e-04	0.5473
683	-109.1491	-109.1491	-101.1413	0.9266	41.0101	0.3759	2.6e-04	0.5479
684	-109.1640	-109.1640	-100.9668	0.9249	41.4717	0.3801	2.6e-04	0.5478
685	-109.1669	-109.1669	-101.2265	0.9273	40.8380	0.3743	2.6e-04	0.5469
686	-109.1559	-109.1559	-101.0426	0.9257	41.2747	0.3783	2.6e-04	0.5483
687	-109.1385	-109.1385	-100.9054	0.9246	41.5451	0.3808	2.6e-04	0.5463
688	-109.1673	-109.1673	-101.0076	0.9253	41.3875	0.3793	2.6e-04	0.5491
689	-109.1608	-109.1608	-101.0599	0.9258	41.2431	0.3780	2.6e-04	0.5476
690	-109.1605	-109.1605	-100.9284	0.9246	41.5625	0.3810	2.6e-04	0.5487
691	-109.1611	-109.1611	-100.9313	0.9246	41.5539	0.3809	2.6e-04	0.5463
692	-109.1541	-109.1541	-101.2676	0.9277	40.7050	0.3731	2.6e-04	0.5477
693	-109.1608	-109.1608	-101.0218	0.9254	41.3357	0.3789	2.6e-04	0.5466
694	-109.1467	-109.1467	-100.9014	0.9245	41.5844	0.3813	2.6e-04	0.5491
695	-109.1542	-109.1542	-100.6912	0.9225	42.1150	0.3861	2.6e-04	0.5451
696	-109.1450	-109.1450	-100.8759	0.9242	41.6519	0.3818	2.6e-04	0.5493
697	-109.1499	-109.1499	-101.0774	0.9260	41.1472	0.3772	2.6e-04	0.5458
698	-109.1483	-109.1483	-100.8721	0.9242	41.6637	0.3819	2.6e-04	0.5474
699	-109.1560	-109.1560	-100.6799	0.9223	42.1433	0.3863	2.6e-04	0.5461
700	-109.1523	-109.1523	-101.0323	0.9256	41.2795	0.3784	2.6e-04	0.5476
701	-109.1550	-109.1550	-100.6814	0.9224	42.1440	0.3863	2.6e-04	0.5449
702	-109.1646	-109.1646	-100.7108	0.9226	42.0919	0.3858	2.6e-04	0.5481
703	-109.1631	-109.1631	-100.5300	0.9209	42.5211	0.3898	2.6e-04	0.5457
704	-109.1454	-109.1454	-100.3149	0.9191	42.9562	0.3938	2.6e-04	0.5457
705	-109.1575	-109.1575	-100.2715	0.9186	43.0888	0.3950	2.6e-04	0.5467
706	-109.1542	-109.1542	-100.6101	0.9217	42.3032	0.3878	2.6e-04	0.5472
707	-109.1839	-109.1839	-100.5262	0.9207	42.5878	0.3902	2.6e-04	0.5450
708	-109.1490	-109.1490	-100.4263	0.9201	42.7182	0.3916	2.6e-04	0.5485
709	-109.1492	-109.1492	-100.5300	0.9210	42.4846	0.3895	2.6e-04	0.5461
710	-109.1548	-109.1548	-100.3378	0.9192	42.9539	0.3937	2.6e-04	0.5471
711	-109.1582	-109.1582	-100.2829	0.9187	43.0806	0.3949	2.6e-04	0.5468
712	-109.1646	-109.1646	-100.1893	0.9178	43.3222	0.3971	2.6e-04	0.5472
713	-109.1650	-109.1650	-100.1977	0.9179	43.2975	0.3969	2.6e-04	0.5498
714	-109.1451	-109.1451	-100.2410	0.9184	43.1515	0.3956	2.6e-04	0.5488
715	-109.1532	-109.1532	-100.1195	0.9172	43.4533	0.3983	2.6e-04	0.5483
716	-109.1651	-109.1651	-100.3221	0.9190	43.0092	0.3942	2.6e-04	0.5486
717	-109.1476	-109.1476	-99.9781	0.9160	43.7618	0.4011	2.6e-04	0.5492
718	-109.1767	-109.1767	-100.2726	0.9184	43.1406	0.3954	2.6e-04	0.5471
719	-109.1487	-109.1487	-99.9252	0.9155	43.8880	0.4023	2.6e-04	0.5464
720	-109.1345	-109.1345	-100.0129	0.9164	43.6449	0.4002	2.6e-04	0.5473
721	-109.1612	-109.1612	-99.9484	0.9156	43.8583	0.4020	2.6e-04	0.5468
722	-109.1543	-109.1543	-100.0258	0.9164	43.6711	0.4003	2.6e-04	0.5467
723	-109.1583	-109.1583	-99.5999	0.9124	44.6356	0.4091	2.6e-04	0.5482
724	-109.1762	-109.1762	-99.8263	0.9144	44.1803	0.4049	2.6e-04	0.5467
725	-109.1437	-109.1437	-99.9170	0.9155	43.8933	0.4024	2.6e-04	0.5490
726	-109.1439	-109.1439	-99.4739	0.9114	44.8884	0.4115	2.6e-04	0.5465
727	-109.1638	-109.1638	-99.9686	0.9158	43.8248	0.4017	2.6e-04	0.5482
728	-109.1650	-109.1650	-99.5398	0.9118	44.7912	0.4106	2.6e-04	0.5464
729	-109.1652	-109.1652	-99.6950	0.9132	44.4450	0.4074	2.6e-04	0.5482
730	-109.1705	-109.1705	-99.7066	0.9133	44.4366	0.4073	2.6e-04	0.5469
731	-109.1512	-109.1512	-99.5131	0.9117	44.8228	0.4108	2.6e-04	0.5483
732	-109.1492	-109.1492	-99.4175	0.9108	45.0241	0.4128	2.6e-04	0.5466
733	-109.1688	-109.1688	-99.9064	0.9152	43.9769	0.4031	2.6e-04	0.5467
734	-109.1518	-109.1518	-99.5913	0.9124	44.6419	0.4092	2.6e-04	0.5465
735	-109.1651	-109.1651	-99.4567	0.9111	44.9720	0.4122	2.6e-04	0.5466
736	-109.1606	-109.1606	-99.4230	0.9108	45.0473	0.4128	2.6e-04	0.5467
737	-109.1521	-109.1521	-99.8954	0.9152	43.9513	0.4029	2.6e-04	0.5480
738	-109.1574	-109.1574	-99.5476	0.9120	44.7434	0.4103	2.6e-04	0.5475
739	-109.1661	-109.1661	-99.5197	0.9116	44.8363	0.4109	2.6e-04	0.5464
740	-109.1523	-109.1523	-99.7844	0.9142	44.2124	0.4053	2.6e-04	0.5457
741	-109.1584	-109.1584	-99.8499	0.9147	44.0807	0.4041	2.6e-04	0.5546
742	-109.1578	-109.1578	-99.7263	0.9136	44.3604	0.4066	2.6e-04	0.5465
743	-109.1696	-109.1696	-99.6116	0.9124	44.6469	0.4092	2.6e-04	0.5472
744	-109.1545	-109.1545	-99.5768	0.9123	44.6903	0.4096	2.6e-04	0.5464
745	-109.1494	-109.1494	-99.9814	0.9160	43.7617	0.4011	2.6e-04	0.5466
746	-109.1577	-109.1577	-99.6987	0.9133	44.4230	0.4072	2.6e-04	0.5473
747	-109.1374	-109.1374	-99.9989	0.9163	43.6799	0.4005	2.6e-04	0.5464
748	-109.1441	-109.1441	-99.9185	0.9155	43.8861	0.4024	2.6e-04	0.5483
749	-109.1569	-109.1569	-100.0219	0.9163	43.6839	0.4004	2.6e-04	0.5471
750	-109.1488	-109.1488	-99.7392	0.9138	44.3072	0.4062	2.6e-04	0.5456
751	-109.1468	-109.1468	-99.8927	0.9152	43.9620	0.4030	2.6e-04	0.5468
752	-109.1534	-109.1534	-99.8280	0.9146	44.1200	0.4044	2.6e-04	0.5477
753	-109.1439	-109.1439	-99.5527	0.9121	44.6824	0.4096	2.6e-04	0.5464
754	-109.1715	-109.1715	-99.8023	0.9142	44.2270	0.4053	2.6e-04	0.5456
755	-109.1483	-109.1483	-99.7118	0.9135	44.3698	0.4067	2.6e-04	0.5465
756	-109.1555	-109.1555	-99.4480	0.9111	44.9750	0.4123	2.6e-04	0.5473
757	-109.1405	-109.1405	-99.4048	0.9108	45.0166	0.4127	2.6e-04	0.5461
758	-109.1450	-109.1450	-99.1718	0.9086	45.5507	0.4175	2.6e-04	0.5476
759	-109.1724	-109.1724	-99.2751	0.9093	45.3971	0.4160	2.6e-04	0.5470
760	-109.1561	-109.1561	-99.3847	0.9105	45.1193	0.4135	2.6e-04	0.5469
761	-109.1551	-109.1551	-99.4447	0.9110	44.9882	0.4123	2.6e-04	0.5490
762	-109.1735	-109.1735	-99.0870	0.9076	45.8031	0.4198	2.6e-04	0.5458
763	-109.1611	-109.1611	-99.1999	0.9087	45.5304	0.4173	2.6e-04	0.5475
764	-109.1582	-109.1582	-99.1983	0.9088	45.5273	0.4173	2.6e-04	0.5470
765	-109.1586	-109.1586	-99.3273	0.9099	45.2454	0.4147	2.6e-04	0.5473
766	-109.1447	-109.1447	-99.2012	0.9089	45.4839	0.4169	2.6e-04	0.5456
767	-109.1566	-109.1566	-99.0398	0.9073	45.8707	0.4204	2.6e-04	0.5473
768	-109.1390	-109.1390	-99.0517	0.9076	45.7980	0.4199	2.6e-04	0.5467
769	-109.1585	-109.1585	-99.2534	0.9093	45.4046	0.4162	2.6e-04	0.5479
770	-109.1689	-109.1689	-99.3966	0.9105	45.1045	0.4134	2.6e-04	0.5462
771	-109.1469	-109.1469	-99.2702	0.9095	45.3414	0.4157	2.6e-04	0.5464
772	-109.1608	-109.1608	-99.0254	0.9072	45.9078	0.4208	2.6e-04	0.5475
773	-109.1733	-109.1733	-98.9371	0.9062	46.1254	0.4228	2.6e-04	0.5495
774	-109.1576	-109.1576	-98.9829	0.9068	45.9878	0.4216	2.6e-04	0.5470
775	-109.1780	-109.1780	-98.6656	0.9037	46.6972	0.4280	2.6e-04	0.5492
776	-109.1600	-109.1600	-98.7813	0.9049	46.4218	0.4255	2.6e-04	0.5486
777	-109.1570	-109.1570	-98.5444	0.9028	46.9254	0.4301	2.6e-04	0.5489
778	-109.1740	-109.1740	-98.7231	0.9043	46.5828	0.4269	2.6e-04	0.5475
779	-109.1719	-109.1719	-98.6654	0.9038	46.6952	0.4280	2.6e-04	0.5500
780	-109.1635	-109.1635	-98.5735	0.9030	46.8791	0.4296	2.6e-04	0.5467
781	-109.1527	-109.1527	-98.4039	0.9015	47.2106	0.4327	2.6e-04	0.5483
782	-109.1697	-109.1697	-98.9779	0.9066	45.9985	0.4216	2.6e-04	0.5460
783	-109.1601	-109.1601	-98.5288	0.9026	46.9550	0.4304	2.6e-04	0.5463
784	-109.1620	-109.1620	-98.7147	0.9043	46.5777	0.4269	2.6e-04	0.5486
785	-109.1695	-109.1695	-98.6864	0.9040	46.6465	0.4276	2.6e-04	0.5479
786	-109.1651	-109.1651	-98.5562	0.9028	46.9175	0.4300	2.6e-04	0.5488
787	-109.1646	-109.1646	-98.8095	0.9051	46.3707	0.4251	2.6e-04	0.5480
788	-109.1479	-109.1479	-98.8148	0.9053	46.3343	0.4247	2.6e-04	0.5466
789	-109.1621	-109.1621	-98.6937	0.9041	46.6090	0.4272	2.6e-04	0.5477
790	-109.1455	-109.1455	-98.9345	0.9064	46.0657	0.4223	2.6e-04	0.5465
791	-109.1663	-109.1663	-98.9229	0.9062	46.1313	0.4229	2.6e-04	0.5462
792	-109.1475	-109.1475	-99.0851	0.9078	45.7493	0.4194	2.6e-04	0.5469
793	-109.1554	-109.1554	-99.0631	0.9075	45.8207	0.4200	2.6e-04	0.5475
794	-109.1510	-109.1510	-98.9825	0.9068	45.9728	0.4214	2.6e-04	0.5468
795	-109.1664	-109.1664	-98.6640	0.9038	46.6655	0.4278	2.6e-04	0.5468
796	-109.1611	-109.1611	-98.6455	0.9037	46.7167	0.4282	2.6e-04	0.5493
797	-109.1758	-109.1758	-98.7314	0.9043	46.5553	0.4268	2.6e-04	0.5476
798	-109.1645	-109.1645	-98.8703	0.9057	46.2438	0.4239	2.6e-04	0.5476
799	-109.1578	-109.1578	-98.9230	0.9062	46.1199	0.4227	2.6e-04	0.5468
800	-109.1401	-109.1401	-98.4657	0.9022	47.0357	0.4312	2.6e-04	0.5482
801	-109.1613	-109.1613	-98.3726	0.9012	47.2905	0.4335	2.6e-04	0.5450
802	-109.1530	-109.1530	-97.7981	0.8960	48.4517	0.4441	2.6e-04	0.5477
803	-109.1530	-109.1530	-98.0210	0.8980	47.9960	0.4400	2.6e-04	0.5460
804	-109.1364	-109.1364	-98.1859	0.8997	47.6092	0.4365	2.6e-04	0.5475
805	-109.1559	-109.1559	-98.5377	0.9027	46.9319	0.4302	2.6e-04	0.5460
806	-109.1585	-109.1585	-98.0583	0.8983	47.9246	0.4392	2.6e-04	0.5471
807	-109.1546	-109.1546	-97.6149	0.8943	48.8218	0.4475	2.6e-04	0.5483
808	-109.1474	-109.1474	-98.0446	0.8983	47.9314	0.4394	2.6e-04	0.5465
809	-109.1546	-109.1546	-97.6619	0.8947	48.7357	0.4466	2.6e-04	0.5491
810	-109.1772	-109.1772	-97.2990	0.8912	49.4896	0.4536	2.6e-04	0.5461
811	-109.1594	-109.1594	-97.7387	0.8954	48.5892	0.4453	2.6e-04	0.5476
812	-109.1596	-109.1596	-97.3556	0.8919	49.3442	0.4523	2.6e-04	0.5461
813	-109.1413	-109.1413	-97.4453	0.8928	49.1279	0.4504	2.6e-04	0.5478
814	-109.1667	-109.1667	-97.3609	0.8919	49.3369	0.4522	2.6e-04	0.5469
815	-109.1733	-109.1733	-97.6479	0.8944	48.7997	0.4472	2.6e-04	0.5468
816	-109.1380	-109.1380	-97.1274	0.8900	49.7341	0.4560	2.6e-04	0.5465
817	-109.1597	-109.1597	-97.1062	0.8896	49.8385	0.4568	2.6e-04	0.5459
818	-109.1470	-109.1470	-97.3506	0.8919	49.3351	0.4522	2.6e-04	0.5482
819	-109.1543	-109.1543	-97.0379	0.8890	49.9486	0.4578	2.6e-04	0.5477
820	-109.1493	-109.1493	-97.1458	0.8900	49.7350	0.4559	2.6e-04	0.5476
821	-109.1511	-109.1511	-96.8903	0.8877	50.2323	0.4604	2.6e-04	0.5467
822	-109.1326	-109.1326	-97.0297	0.8891	49.9245	0.4577	2.6e-04	0.5461
823	-109.1572	-109.1572	-97.5489	0.8937	48.9479	0.4487	2.6e-04	0.5483
824	-109.1701	-109.1701	-97.1469	0.8899	49.7790	0.4562	2.6e-04	0.5470
825	-109.1771	-109.1771	-96.5502	0.8843	50.9390	0.4668	2.6e-04	0.5457
826	-109.1493	-109.1493	-97.2280	0.8908	49.5653	0.4543	2.6e-04	0.5469
827	-109.1592	-109.1592	-97.0030	0.8886	50.0270	0.4585	2.6e-04	0.5466
828	-109.1760	-109.1760	-97.0349	0.8888	50.0069	0.4583	2.6e-04	0.5458
829	-109.1712	-109.1712	-97.1260	0.8897	49.8182	0.4566	2.6e-04	0.5471
830	-109.1581	-109.1581	-96.9374	0.8880	50.1498	0.4597	2.6e-04	0.5462
831	-109.1729	-109.1729	-97.2403	0.8907	49.5941	0.4546	2.6e-04	0.5478
832	-109.1763	-109.1763	-96.7084	0.8858	50.6406	0.4641	2.6e-04	0.5461
833	-109.1733	-109.1733	-96.7691	0.8864	50.5048	0.4628	2.6e-04	0.5491
834	-109.1646	-109.1646	-97.1529	0.8900	49.7324	0.4559	2.6e-04	0.5464
835	-109.1606	-109.1606	-97.1523	0.8900	49.7438	0.4560	2.6e-04	0.5478
836	-109.1567	-109.1567	-97.1514	0.8900	49.7300	0.4558	2.6e-04	0.5467
837	-109.1540	-109.1540	-97.1416	0.8899	49.7465	0.4560	2.6e-04	0.5469
838	-109.1452	-109.1452	-97.1925	0.8905	49.6328	0.4550	2.6e-04	0.5469
839	-109.1552	-109.1552	-97.5760	0.8939	48.8928	0.4482	2.6e-04	0.5457
840	-109.1703	-109.1703	-96.8708	0.8873	50.2995	0.4610	2.6e-04	0.5488
841	-109.1618	-109.1618	-97.1351	0.8898	49.7435	0.4560	2.6e-04	0.5453
842	-109.1658	-109.1658	-97.0854	0.8893	49.8562	0.4569	2.6e-04	0.5482
843	-109.1523	-109.1523	-97.3019	0.8914	49.4349	0.4531	2.6e-04	0.5460
844	-109.1616	-109.1616	-97.5653	0.8938	48.9168	0.4484	2.6e-04	0.5477
845	-109.1570	-109.1570	-97.4282	0.8926	49.1971	0.4509	2.6e-04	0.5467
846	-109.1500	-109.1500	-97.4623	0.8929	49.1058	0.4502	2.6e-04	0.5477
847	-109.1589	-109.1589	-97.3734	0.8920	49.3106	0.4520	2.6e-04	0.5459
848	-109.1581	-109.1581	-97.3244	0.8916	49.3978	0.4528	2.6e-04	0.5485
849	-109.1571	-109.1571	-97.5317	0.8935	48.9838	0.4490	2.6e-04	0.5457
850	-109.1600	-109.1600	-97.3558	0.8919	49.3435	0.4523	2.6e-04	0.5478
851	-109.1662	-109.1662	-97.1404	0.8898	49.7781	0.4562	2.6e-04	0.5461
852	-109.1465	-109.1465	-96.9873	0.8886	50.0308	0.4586	2.6e-04	0.5460
853	-109.1575	-109.1575	-97.2954	0.8913	49.4255	0.4531	2.6e-04	0.5464
854	-109.1529	-109.1529	-97.5497	0.8937	48.9347	0.4486	2.6e-04	0.5459
855	-109.1610	-109.1610	-97.3372	0.8917	49.3681	0.4525	2.6e-04	0.5479
856	-109.1732	-109.1732	-96.8800	0.8874	50.2958	0.4609	2.6e-04	0.5460
857	-109.1691	-109.1691	-97.6514	0.8945	48.7811	0.4471	2.6e-04	0.5472
858	-109.1443	-109.1443	-96.7910	0.8868	50.4039	0.4621	2.6e-04	0.5467
859	-109.1380	-109.1380	-96.9163	0.8880	50.1398	0.4597	2.6e-04	0.5456
860	-109.1456	-109.1456	-96.9266	0.8880	50.1586	0.4597	2.6e-04	0.5483
861	-109.1613	-109.1613	-96.7281	0.8861	50.5524	0.4634	2.6e-04	0.5483
862	-109.1636	-109.1636	-97.2015	0.8904	49.6483	0.4551	2.6e-04	0.5466
863	-109.1622	-109.1622	-96.6455	0.8853	50.7169	0.4649	2.6e-04	0.5461
864	-109.1466	-109.1466	-96.7829	0.8867	50.4162	0.4621	2.6e-04	0.5469
865	-109.1625	-109.1625	-96.7373	0.8862	50.5422	0.4633	2.6e-04	0.5456
866	-109.1494	-109.1494	-96.7901	0.8868	50.4028	0.4620	2.6e-04	0.5454
867	-109.1670	-109.1670	-97.1555	0.8900	49.7359	0.4559	2.6e-04	0.5466
868	-109.1471	-109.1471	-96.4350	0.8835	51.0904	0.4683	2.6e-04	0.5461
869	-109.1562	-109.1562	-96.6086	0.8850	50.7859	0.4655	2.6e-04	0.5484
870	-109.1637	-109.1637	-96.4262	0.8833	51.1383	0.4687	2.6e-04	0.5460
871	-109.1738	-109.1738	-95.9503	0.8789	52.0474	0.4770	2.6e-04	0.5469
872	-109.1592	-109.1592	-96.4249	0.8833	51.1321	0.4687	2.6e-04	0.5459
873	-109.1560	-109.1560	-96.2293	0.8816	51.4997	0.4720	2.6e-04	0.5450
874	-109.1378	-109.1378	-96.3701	0.8830	51.2003	0.4693	2.6e-04	0.5474
875	-109.1656	-109.1656	-96.3074	0.8822	51.3745	0.4708	2.6e-04	0.5456
876	-109.1546	-109.1546	-96.1630	0.8810	51.6166	0.4731	2.6e-04	0.5477
877	-109.1746	-109.1746	-96.3115	0.8822	51.3725	0.4708	2.6e-04	0.5461
878	-109.1548	-109.1548	-95.9170	0.8787	52.0674	0.4773	2.6e-04	0.5479
879	-109.1694	-109.1694	-96.2628	0.8818	51.4550	0.4716	2.6e-04	0.5473
880	-109.1559	-109.1559	-95.9211	0.8788	52.0605	0.4772	2.6e-04	0.5498
881	-109.1667	-109.1667	-96.1372	0.8806	51.6904	0.4738	2.6e-04	0.5488
882	-109.1619	-109.1619	-95.8532	0.8781	52.2051	0.4785	2.5e-04	0.5490
883	-109.1680	-109.1680	-95.7734	0.8773	52.3693	0.4799	2.5e-04	0.5458
884	-109.1555	-109.1555	-96.0606	0.8800	51.8153	0.4749	2.5e-04	0.5475
885	-109.1412	-109.1412	-96.4397	0.8836	51.0724	0.4682	2.5e-04	0.5452
886	-109.1371	-109.1371	-95.8513	0.8783	52.1453	0.4781	2.5e-04	0.5484
887	-109.1552	-109.1552	-95.7201	0.8769	52.4324	0.4806	2.5e-04	0.5456
888	-109.1471	-109.1471	-95.6662	0.8765	52.5163	0.4814	2.5e-04	0.5458
889	-109.1471	-109.1471	-95.3713	0.8738	53.0488	0.4863	2.5e-04	0.5479
890	-109.1572	-109.1572	-95.3886	0.8739	53.0388	0.4861	2.5e-04	0.5507
891	-109.1554	-109.1554	-95.2356	0.8725	53.2854	0.4884	2.5e-04	0.5476
892	-109.1369	-109.1369	-95.4830	0.8749	52.8289	0.4843	2.5e-04	0.5486
893	-109.1451	-109.1451	-95.3859	0.8739	53.0182	0.4860	2.5e-04	0.5472
894	-109.1746	-109.1746	-95.1934	0.8719	53.4184	0.4896	2.5e-04	0.5491
895	-109.1617	-109.1617	-95.1968	0.8721	53.3891	0.4894	2.5e-04	0.5474
896	-109.1551	-109.1551	-94.9733	0.8701	53.7783	0.4929	2.5e-04	0.5496
897	-109.1528	-109.1528	-95.3014	0.8731	53.1864	0.4875	2.5e-04	0.5485
898	-109.1609	-109.1609	-95.1570	0.8717	53.4526	0.4900	2.5e-04	0.5486
899	-109.1437	-109.1437	-94.3998	0.8649	54.7530	0.5018	2.5e-04	0.5479
900	-109.1537	-109.1537	-94.6705	0.8673	54.2984	0.4977	2.5e-04	0.5479
901	-109.1554	-109.1554	-94.4990	0.8657	54.6050	0.5005	2.5e-04	0.5455
902	-109.1735	-109.1735	-95.0321	0.8705	53.7020	0.4922	2.5e-04	0.5460
903	-109.1399	-109.1399	-95.2114	0.8724	53.3183	0.4888	2.5e-04	0.5464
904	-109.1601	-109.1601	-94.7164	0.8677	54.2212	0.4970	2.5e-04	0.5473
905	-109.1576	-109.1576	-94.6245	0.8669	54.3941	0.4985	2.5e-04	0.5479
906	-109.1544	-109.1544	-94.8697	0.8691	53.9539	0.4946	2.5e-04	0.5457
907	-109.1567	-109.1567	-94.6399	0.8670	54.3623	0.4983	2.5e-04	0.5455
908	-109.1594	-109.1594	-94.6168	0.8668	54.4041	0.4987	2.5e-04	0.5475
909	-109.1584	-109.1584	-95.1152	0.8714	53.4803	0.4902	2.5e-04	0.5467
910	-109.1592	-109.1592	-94.6932	0.8675	54.2741	0.4974	2.5e-04	0.5517
911	-109.1585	-109.1585	-94.7599	0.8681	54.1507	0.4963	2.5e-04	0.5501
912	-109.1541	-109.1541	-94.2776	0.8637	54.9781	0.5039	2.5e-04	0.5488
913	-109.1631	-109.1631	-94.2693	0.8636	55.0127	0.5042	2.5e-04	0.5483
914	-109.1484	-109.1484	-94.2174	0.8632	55.0720	0.5049	2.5e-04	0.5474
915	-109.1471	-109.1471	-94.4650	0.8655	54.6372	0.5008	2.5e-04	0.5490
916	-109.1560	-109.1560	-94.3532	0.8644	54.8499	0.5028	2.5e-04	0.5487
917	-109.1706	-109.1706	-94.5589	0.8662	54.5321	0.4998	2.5e-04	0.5492
918	-109.1522	-109.1522	-94.1271	0.8623	55.2360	0.5063	2.5e-04	0.5480
919	-109.1617	-109.1617	-94.1978	0.8629	55.1333	0.5053	2.5e-04	0.5463
920	-109.1822	-109.1822	-93.7758	0.8589	55.8873	0.5121	2.5e-04	0.5466
921	-109.1557	-109.1557	-94.3557	0.8644	54.8326	0.5026	2.5e-04	0.5471
922	-109.1625	-109.1625	-94.1178	0.8622	55.2680	0.5066	2.5e-04	0.5470
923	-109.1660	-109.1660	-93.5975	0.8574	56.1352	0.5145	2.5e-04	0.5466
924	-109.1525	-109.1525	-93.5056	0.8567	56.2712	0.5158	2.5e-04	0.5483
925	-109.1552	-109.1552	-93.8916	0.8602	55.6313	0.5100	2.5e-04	0.5458
926	-109.1514	-109.1514	-93.6407	0.8579	56.0540	0.5138	2.5e-04	0.5555
927	-109.1782	-109.1782	-93.4680	0.8561	56.3993	0.5168	2.5e-04	0.5493
928	-109.1569	-109.1569	-93.3660	0.8553	56.4986	0.5179	2.5e-04	0.5470
929	-109.1804	-109.1804	-93.2466	0.8541	56.7596	0.5202	2.5e-04	0.5505
930	-109.1678	-109.1678	-93.6374	0.8577	56.0958	0.5141	2.5e-04	0.5465
931	-109.1630	-109.1630	-93.5388	0.8569	56.2476	0.5155	2.5e-04	0.5486
932	-109.1598	-109.1598	-93.3912	0.8555	56.4784	0.5177	2.5e-04	0.5470
933	-109.1693	-109.1693	-93.2662	0.8543	56.6931	0.5197	2.5e-04	0.5525
934	-109.1626	-109.1626	-93.5462	0.8569	56.2177	0.5152	2.5e-04	0.5473
935	-109.1610	-109.1610	-93.6369	0.8578	56.0645	0.5139	2.5e-04	0.5460
936	-109.1638	-109.1638	-93.1980	0.8537	56.8032	0.5206	2.5e-04	0.5457
937	-109.1646	-109.1646	-93.6710	0.8581	56.0260	0.5135	2.5e-04	0.5457
938	-109.1603	-109.1603	-93.4270	0.8559	56.4289	0.5172	2.5e-04	0.5464
939	-109.1669	-109.1669	-93.1149	0.8530	56.9414	0.5220	2.5e-04	0.5469
940	-109.1570	-109.1570	-92.7851	0.8500	57.4555	0.5267	2.5e-04	0.5484
941	-109.1591	-109.1591	-92.7594	0.8498	57.5150	0.5271	2.5e-04	0.5497
942	-109.1788	-109.1788	-92.9393	0.8513	57.2373	0.5246	2.5e-04	0.5460
943	-109.1683	-109.1683	-93.0899	0.8527	56.9896	0.5223	2.5e-04	0.5504
944	-109.1344	-109.1344	-93.2035	0.8540	56.7473	0.5202	2.5e-04	0.5464
945	-109.1573	-109.1573	-92.6874	0.8491	57.6206	0.5282	2.5e-04	0.5477
946	-109.1582	-109.1582	-92.9124	0.8512	57.2633	0.5249	2.5e-04	0.5470
947	-109.1518	-109.1518	-92.5555	0.8480	57.8243	0.5301	2.5e-04	0.5475
948	-109.1466	-109.1466	-92.2093	0.8448	58.3579	0.5349	2.5e-04	0.5470
949	-109.1461	-109.1461	-92.2217	0.8449	58.3439	0.5348	2.5e-04	0.5470
950	-109.1535	-109.1535	-92.6029	0.8484	57.7530	0.5294	2.5e-04	0.5476
951	-109.1631	-109.1631	-92.4639	0.8470	57.9966	0.5315	2.5e-04	0.5470
952	-109.1528	-109.1528	-91.9450	0.8424	58.8059	0.5389	2.5e-04	0.5472
953	-109.1649	-109.1649	-91.7011	0.8400	59.1956	0.5425	2.5e-04	0.5480
954	-109.1502	-109.1502	-91.6239	0.8394	59.2818	0.5434	2.5e-04	0.5473
955	-109.1483	-109.1483	-91.8331	0.8414	58.9635	0.5405	2.5e-04	0.5481
956	-109.1799	-109.1799	-91.6435	0.8394	59.2953	0.5434	2.5e-04	0.5457
957	-109.1558	-109.1558	-91.3840	0.8372	59.6741	0.5469	2.5e-04	0.5485
958	-109.1561	-109.1561	-91.1534	0.8351	60.0141	0.5501	2.5e-04	0.5464
959	-109.1509	-109.1509	-90.7698	0.8316	60.5865	0.5554	2.5e-04	0.5478
960	-109.1495	-109.1495	-91.3776	0.8372	59.6685	0.5469	2.5e-04	0.5466
961	-109.1656	-109.1656	-90.6956	0.8308	60.7280	0.5566	2.5e-04	0.5481
962	-109.1670	-109.1670	-91.1746	0.8352	60.0084	0.5500	2.5e-04	0.5465
963	-109.1533	-109.1533	-90.5222	0.8293	60.9683	0.5588	2.5e-04	0.5495
964	-109.1640	-109.1640	-90.6770	0.8306	60.7251	0.5566	2.5e-04	0.5466
965	-109.1565	-109.1565	-90.2510	0.8268	61.3719	0.5624	2.5e-04	0.5492
966	-109.1538	-109.1538	-89.7354	0.8221	62.1027	0.5692	2.5e-04	0.5457
967	-109.1529	-109.1529	-90.1736	0.8261	61.4360	0.5630	2.5e-04	0.5487
968	-109.1527	-109.1527	-90.1195	0.8256	61.5603	0.5642	2.5e-04	0.5469
969	-109.1712	-109.1712	-89.9925	0.8243	61.7734	0.5661	2.5e-04	0.5476
970	-109.1438	-109.1438	-90.6187	0.8303	60.8004	0.5574	2.5e-04	0.5489
971	-109.1601	-109.1601	-89.6149	0.8209	62.2938	0.5709	2.5e-04	0.5467
972	-109.1622	-109.1622	-90.3432	0.8276	61.2467	0.5613	2.5e-04	0.5476
973	-109.1641	-109.1641	-90.7164	0.8310	60.6897	0.5562	2.5e-04	0.5483
974	-109.1703	-109.1703	-90.3683	0.8278	61.2095	0.5609	2.5e-04	0.5489
975	-109.1644	-109.1644	-90.5468	0.8295	60.9578	0.5586	2.5e-04	0.5483
976	-109.1560	-109.1560	-90.6035	0.8300	60.8471	0.5577	2.5e-04	0.5479
977	-109.1561	-109.1561	-89.7255	0.8220	62.1430	0.5695	2.5e-04	0.5483
978	-109.1295	-109.1295	-90.2887	0.8274	61.2757	0.5617	2.5e-04	0.5491
979	-109.1566	-109.1566	-89.7802	0.8225	62.0521	0.5688	2.5e-04	0.5483
980	-109.1629	-109.1629	-90.2585	0.8268	61.3684	0.5625	2.5e-04	0.5479
981	-109.1595	-109.1595	-89.7481	0.8222	62.0800	0.5690	2.5e-04	0.5472
982	-109.1623	-109.1623	-89.8646	0.8232	61.9452	0.5676	2.5e-04	0.5477
983	-109.1549	-109.1549	-90.8736	0.8325	60.4614	0.5540	2.5e-04	0.5489
984	-109.1602	-109.1602	-90.9152	0.8329	60.3918	0.5535	2.5e-04	0.5463
985	-109.1629	-109.1629	-89.7903	0.8225	62.0542	0.5687	2.5e-04	0.5474
986	-109.1581	-109.1581	-90.6391	0.8303	60.8018	0.5572	2.5e-04	0.5462
987	-109.1575	-109.1575	-90.5108	0.8292	60.9685	0.5587	2.5e-04	0.5487
988	-109.1644	-109.1644	-90.6216	0.8301	60.8322	0.5575	2.5e-04	0.5468
989	-109.1587	-109.1587	-90.3076	0.8273	61.2701	0.5616	2.5e-04	0.5478
990	-109.1515	-109.1515	-90.3450	0.8277	61.2146	0.5610	2.5e-04	0.5464
991	-109.1573	-109.1573	-90.0940	0.8254	61.5902	0.5645	2.5e-04	0.5478
992	-109.1492	-109.1492	-90.7407	0.8313	60.6351	0.5557	2.5e-04	0.5466
993	-109.1729	-109.1729	-90.3710	0.8278	61.2252	0.5610	2.5e-04	0.5472
994	-109.1600	-109.1600	-90.3271	0.8275	61.2609	0.5615	2.5e-04	0.5458
995	-109.1525	-109.1525	-90.3503	0.8277	61.2150	0.5611	2.5e-04	0.5485
996	-109.1803	-109.1803	-90.1912	0.8261	61.4939	0.5635	2.5e-04	0.5479
997	-109.1428	-109.1428	-90.0322	0.8249	61.6690	0.5652	2.5e-04	0.5489
998	-109.1724	-109.1724	-90.5357	0.8293	60.9761	0.5588	2.5e-04	0.5463
999	-109.1589	-109.1589	-90.4956	0.8290	61.0059	0.5592	2.5e-04	0.5482
1000	-109.1668	-109.1668	-90.5730	0.8297	60.9022	0.5581	2.5e-04	0.5473
1001	-109.1511	-109.1511	-90.5065	0.8292	60.9860	0.5590	2.5e-04	0.5465
1002	-109.1614	-109.1614	-90.7502	0.8313	60.6308	0.5557	2.5e-04	0.5481
1003	-109.1525	-109.1525	-90.4160	0.8283	61.1212	0.5602	2.5e-04	0.5466
1004	-109.1488	-109.1488	-89.8538	0.8232	61.9412	0.5677	2.5e-04	0.5482
1005	-109.1597	-109.1597	-90.8269	0.8321	60.5194	0.5546	2.5e-04	0.5466
1006	-109.1569	-109.1569	-90.4621	0.8287	61.0564	0.5596	2.5e-04	0.5486
1007	-109.1620	-109.1620	-90.0278	0.8247	61.6922	0.5654	2.5e-04	0.5464
1008	-109.1687	-109.1687	-90.5006	0.8290	61.0346	0.5592	2.5e-04	0.5472
1009	-109.1618	-109.1618	-90.8226	0.8320	60.5325	0.5547	2.5e-04	0.5480
1010	-109.1492	-109.1492	-90.3202	0.8275	61.2550	0.5614	2.5e-04	0.5494
1011	-109.1416	-109.1416	-90.5783	0.8299	60.8638	0.5578	2.5e-04	0.5477
1012	-109.1650	-109.1650	-90.6327	0.8302	60.8165	0.5574	2.5e-04	0.5497
1013	-109.1417	-109.1417	-90.7950	0.8319	60.5418	0.5549	2.5e-04	0.5489
1014	-109.1447	-109.1447	-91.0068	0.8338	60.1986	0.5517	2.5e-04	0.5475
1015	-109.1536	-109.1536	-90.6509	0.8305	60.7725	0.5570	2.5e-04	0.5464
1016	-109.1747	-109.1747	-90.3615	0.8277	61.2214	0.5610	2.5e-04	0.5479
1017	-109.1593	-109.1593	-90.7341	0.8312	60.6556	0.5560	2.5e-04	0.5475
1018	-109.1567	-109.1567	-90.3155	0.8274	61.2766	0.5616	2.5e-04	0.5502
1019	-109.1649	-109.1649	-90.4023	0.8281	61.1648	0.5605	2.5e-04	0.5472
1020	-109.1649	-109.1649	-90.9894	0.8335	60.2830	0.5525	2.5e-04	0.5469
1021	-109.1748	-109.1748	-90.3979	0.8280	61.1715	0.5606	2.5e-04	0.5463
1022	-109.1492	-109.1492	-90.7079	0.8310	60.6802	0.5562	2.5e-04	0.5488
1023	-109.1628	-109.1628	-90.6015	0.8300	60.8432	0.5577	2.5e-04	0.5474
1024	-109.1576	-109.1576	-90.7134	0.8310	60.6960	0.5562	2.5e-04	0.5477
1025	-109.1425	-109.1425	-90.5398	0.8296	60.9012	0.5583	2.5e-04	0.5489
1026	-109.1551	-109.1551	-90.5080	0.8292	60.9912	0.5590	2.5e-04	0.5456
1027	-109.1601	-109.1601	-90.4036	0.8282	61.1459	0.5605	2.5e-04	0.5456
1028	-109.1661	-109.1661	-90.5768	0.8297	60.9074	0.5582	2.5e-04	0.5476
1029	-109.1537	-109.1537	-89.9619	0.8242	61.7826	0.5663	2.5e-04	0.5459
1030	-109.1654	-109.1654	-89.6594	0.8213	62.2516	0.5705	2.5e-04	0.5486
1031	-109.1776	-109.1776	-89.4085	0.8189	62.6085	0.5738	2.5e-04	0.5471
1032	-109.1503	-109.1503	-89.6348	0.8212	62.2457	0.5706	2.5e-04	0.5472
1033	-109.1579	-109.1579	-90.3507	0.8277	61.2271	0.5611	2.5e-04	0.5476
1034	-109.1673	-109.1673	-90.4508	0.8286	61.0988	0.5599	2.5e-04	0.5477
1035	-109.1608	-109.1608	-89.8995	0.8236	61.8897	0.5672	2.5e-04	0.5473
1036	-109.1458	-109.1458	-89.6530	0.8214	62.2104	0.5702	2.5e-04	0.5486
1037	-109.1713	-109.1713	-89.6200	0.8209	62.3139	0.5710	2.5e-04	0.5496
1038	-109.1588	-109.1588	-89.4175	0.8192	62.5783	0.5736	2.5e-04	0.5466
1039	-109.1665	-109.1665	-89.4656	0.8195	62.5230	0.5730	2.5e-04	0.5488
1040	-109.1566	-109.1566	-89.4419	0.8194	62.5343	0.5732	2.5e-04	0.5471
1041	-109.1575	-109.1575	-89.4388	0.8194	62.5341	0.5732	2.5e-04	0.5468
1042	-109.1751	-109.1751	-89.0032	0.8152	63.1986	0.5791	2.5e-04	0.5482
1043	-109.1535	-109.1535	-88.9777	0.8152	63.1826	0.5791	2.5e-04	0.5467
1044	-109.1421	-109.1421	-89.8424	0.8232	61.9091	0.5674	2.5e-04	0.5491
1045	-109.1678	-109.1678	-89.3387	0.8184	62.7037	0.5747	2.5e-04	0.5473
1046	-109.1488	-109.1488	-89.6435	0.8213	62.1979	0.5701	2.5e-04	0.5476
1047	-109.1413	-109.1413	-89.4325	0.8194	62.5265	0.5732	2.5e-04	0.5481
1048	-109.1510	-109.1510	-89.3861	0.8189	62.6010	0.5738	2.5e-04	0.5476
1049	-109.1650	-109.1650	-89.1995	0.8171	62.8928	0.5764	2.5e-04	0.5485
1050	-109.1677	-109.1677	-89.1023	0.8162	63.0355	0.5777	2.5e-04	0.5469
1051	-109.1505	-109.1505	-88.7654	0.8132	63.4831	0.5819	2.5e-04	0.5478
1052	-109.1599	-109.1599	-88.8675	0.8141	63.3718	0.5807	2.5e-04	0.5502
1053	-109.1519	-109.1519	-89.1137	0.8164	62.9981	0.5774	2.5e-04	0.5490
1054	-109.1665	-109.1665	-88.9939	0.8152	63.1757	0.5789	2.5e-04	0.5506
1055	-109.1756	-109.1756	-88.6990	0.8124	63.6214	0.5830	2.5e-04	0.5462
1056	-109.1530	-109.1530	-88.8253	0.8138	63.4016	0.5811	2.5e-04	0.5489
1057	-109.1702	-109.1702	-88.8289	0.8137	63.4270	0.5812	2.5e-04	0.5469
1058	-109.1782	-109.1782	-88.2856	0.8086	64.1904	0.5882	2.5e-04	0.5496
1059	-109.1599	-109.1599	-88.8216	0.8137	63.4186	0.5812	2.5e-04	0.5470
1060	-109.1524	-109.1524	-88.7691	0.8133	63.4759	0.5818	2.5e-04	0.5490
1061	-109.1578	-109.1578	-88.5248	0.8110	63.8478	0.5850	2.5e-04	0.5474
1062	-109.1530	-109.1530	-88.2363	0.8084	64.2116	0.5885	2.5e-04	0.5502
1063	-109.1717	-109.1717	-88.4885	0.8105	63.9142	0.5857	2.5e-04	0.5458
1064	-109.1462	-109.1462	-88.9033	0.8145	63.2850	0.5800	2.5e-04	0.5502
1065	-109.1413	-109.1413	-89.2460	0.8177	62.7791	0.5756	2.5e-04	0.5481
1066	-109.1646	-109.1646	-89.4973	0.8198	62.4790	0.5726	2.5e-04	0.5503
1067	-109.1471	-109.1471	-88.9789	0.8152	63.1783	0.5791	2.5e-04	0.5465
1068	-109.1654	-109.1654	-89.5207	0.8200	62.4323	0.5722	2.5e-04	0.5496
1069	-109.1513	-109.1513	-89.2777	0.8179	62.7700	0.5753	2.5e-04	0.5465
1070	-109.1621	-109.1621	-88.9500	0.8148	63.2445	0.5796	2.5e-04	0.5491
1071	-109.1645	-109.1645	-88.8107	0.8135	63.4499	0.5815	2.5e-04	0.5475
1072	-109.1419	-109.1419	-88.1152	0.8073	64.3722	0.5901	2.5e-04	0.5491
1073	-109.1537	-109.1537	-89.1067	0.8163	63.0067	0.5776	2.5e-04	0.5479
1074	-109.1662	-109.1662	-88.5226	0.8109	63.8526	0.5852	2.5e-04	0.5478
1075	-109.1460	-109.1460	-88.7338	0.8130	63.5245	0.5823	2.5e-04	0.5464
1076	-109.1673	-109.1673	-88.6075	0.8117	63.7270	0.5840	2.5e-04	0.5482
1077	-109.1612	-109.1612	-88.6029	0.8117	63.7298	0.5841	2.5e-04	0.5466
1078	-109.1439	-109.1439	-88.6609	0.8123	63.6036	0.5830	2.5e-04	0.5462
1079	-109.1510	-109.1510	-87.9610	0.8059	64.5982	0.5921	2.5e-04	0.5485
1080	-109.1482	-109.1482	-88.6647	0.8123	63.6254	0.5832	2.5e-04	0.5479
1081	-109.1579	-109.1579	-88.2200	0.8082	64.2212	0.5886	2.5e-04	0.5453
1082	-109.1598	-109.1598	-88.0037	0.8062	64.5573	0.5916	2.5e-04	0.5483
1083	-109.1476	-109.1476	-87.6037	0.8026	65.0736	0.5965	2.5e-04	0.5488
1084	-109.1722	-109.1722	-87.5614	0.8020	65.1596	0.5972	2.5e-04	0.5488
1085	-109.1546	-109.1546	-87.6107	0.8026	65.0718	0.5965	2.5e-04	0.5491
1086	-109.1564	-109.1564	-87.6130	0.8026	65.0821	0.5965	2.5e-04	0.5470
1087	-109.1489	-109.1489	-88.4172	0.8101	63.9597	0.5863	2.5e-04	0.5462
1088	-109.1657	-109.1657	-86.8410	0.7955	66.1120	0.6059	2.5e-04	0.5455
1089	-109.1576	-109.1576	-87.4499	0.8011	65.2928	0.5985	2.5e-04	0.5472
1090	-109.1550	-109.1550	-87.2085	0.7989	65.6038	0.6013	2.5e-04	0.5482
1091	-109.1500	-109.1500	-86.5415	0.7929	66.4833	0.6094	2.5e-04	0.5456
1092	-109.1602	-109.1602	-87.1491	0.7984	65.6974	0.6022	2.5e-04	0.5452
1093	-109.1486	-109.1486	-86.6359	0.7937	66.3616	0.6082	2.5e-04	0.5476
1094	-109.1719	-109.1719	-87.2025	0.7988	65.6318	0.6015	2.5e-04	0.5463
1095	-109.1599	-109.1599	-86.0304	0.7881	67.1473	0.6154	2.5e-04	0.5488
1096	-109.1740	-109.1740	-86.2834	0.7903	66.8643	0.6127	2.5e-04	0.5490
1097	-109.1531	-109.1531	-86.2852	0.7905	66.8106	0.6124	2.5e-04	0.5478
1098	-109.1767	-109.1767	-85.8162	0.7860	67.4559	0.6182	2.5e-04	0.5477
1099	-109.1611	-109.1611	-86.0269	0.7881	67.1585	0.6156	2.5e-04	0.5466
1100	-109.1561	-109.1561	-86.0715	0.7885	67.1122	0.6150	2.5e-04	0.5467
1101	-109.1472	-109.1472	-86.0343	0.7882	67.1369	0.6153	2.5e-04	0.5462
1102	-109.1607	-109.1607	-86.0032	0.7879	67.1976	0.6159	2.5e-04	0.5470
1103	-109.1686	-109.1686	-85.5510	0.7837	67.7772	0.6212	2.5e-04	0.5486
1104	-109.1505	-109.1505	-86.0099	0.7880	67.1651	0.6157	2.5e-04	0.5486
1105	-109.1590	-109.1590	-84.9069	0.7778	68.5715	0.6285	2.5e-04	0.5477
1106	-109.1558	-109.1558	-84.9777	0.7785	68.4851	0.6276	2.5e-04	0.5465
1107	-109.1539	-109.1539	-85.8267	0.7863	67.4053	0.6178	2.5e-04	0.5485
1108	-109.1556	-109.1556	-85.6457	0.7846	67.6397	0.6200	2.5e-04	0.5473
1109	-109.1624	-109.1624	-85.2160	0.7806	68.1923	0.6250	2.5e-04	0.5493
1110	-109.1421	-109.1421	-85.2758	0.7813	68.0865	0.6241	2.5e-04	0.5468
1111	-109.1764	-109.1764	-85.4846	0.7830	67.8728	0.6220	2.5e-04	0.5474
1112	-109.1472	-109.1472	-85.4193	0.7826	67.9020	0.6224	2.5e-04	0.5477
1113	-109.1877	-109.1877	-84.8384	0.7770	68.6919	0.6295	2.5e-04	0.5464
1114	-109.1606	-109.1606	-85.5195	0.7834	67.7936	0.6214	2.5e-04	0.5473
1115	-109.1483	-109.1483	-84.5668	0.7748	68.9723	0.6322	2.5e-04	0.5475
1116	-109.1393	-109.1393	-84.6466	0.7756	68.8588	0.6312	2.5e-04	0.5463
1117	-109.1523	-109.1523	-84.8118	0.7770	68.6663	0.6295	2.5e-04	0.5473
1118	-109.1528	-109.1528	-84.8595	0.7774	68.6182	0.6290	2.5e-04	0.5470
1119	-109.1608	-109.1608	-84.1704	0.7711	69.4423	0.6365	2.5e-04	0.5456
1120	-109.1643	-109.1643	-84.6450	0.7754	68.8907	0.6315	2.5e-04	0.5460
1121	-109.1650	-109.1650	-83.5962	0.7658	70.1707	0.6431	2.5e-04	0.5457
1122	-109.1738	-109.1738	-84.6243	0.7751	68.9313	0.6318	2.4e-04	0.5481
1123	-109.1453	-109.1453	-84.1440	0.7709	69.4835	0.6369	2.4e-04	0.5487
1124	-109.1591	-109.1591	-83.3183	0.7633	70.4913	0.6461	2.4e-04	0.5486
1125	-109.1492	-109.1492	-83.4467	0.7645	70.3213	0.6445	2.4e-04	0.5467
1126	-109.1497	-109.1497	-83.2564	0.7628	70.5545	0.6466	2.4e-04	0.5449
1127	-109.1770	-109.1770	-83.4390	0.7643	70.3558	0.6447	2.4e-04	0.5458
1128	-109.1364	-109.1364	-82.9308	0.7599	70.9054	0.6500	2.4e-04	0.5485
1129	-109.1457	-109.1457	-83.1569	0.7619	70.6534	0.6477	2.4e-04	0.5462
1130	-109.1584	-109.1584	-83.2217	0.7624	70.5995	0.6471	2.4e-04	0.5492
1131	-109.1379	-109.1379	-82.1167	0.7524	71.8563	0.6587	2.4e-04	0.5461
1132	-109.1503	-109.1503	-82.2401	0.7535	71.7348	0.6575	2.4e-04	0.5480
1133	-109.1448	-109.1448	-82.4895	0.7558	71.4377	0.6548	2.4e-04	0.5472
1134	-109.1540	-109.1540	-82.2979	0.7540	71.6523	0.6567	2.4e-04	0.5468
1135	-109.1754	-109.1754	-81.4817	0.7463	72.6261	0.6656	2.4e-04	0.5485
1136	-109.1495	-109.1495	-81.7837	0.7493	72.2536	0.6622	2.4e-04	0.5485
1137	-109.1520	-109.1520	-81.2705	0.7446	72.8309	0.6675	2.4e-04	0.5500
1138	-109.1571	-109.1571	-81.9682	0.7509	72.0493	0.6603	2.4e-04	0.5470
1139	-109.1705	-109.1705	-80.8499	0.7406	73.3131	0.6719	2.4e-04	0.5495
1140	-109.1499	-109.1499	-81.5191	0.7469	72.5460	0.6650	2.4e-04	0.5468
1141	-109.1529	-109.1529	-80.8345	0.7406	73.3133	0.6719	2.4e-04	0.5481
1142	-109.1668	-109.1668	-81.1464	0.7433	72.9875	0.6689	2.4e-04	0.5475
1143	-109.1490	-109.1490	-80.2420	0.7352	73.9507	0.6778	2.4e-04	0.5474
1144	-109.1657	-109.1657	-81.2605	0.7444	72.8562	0.6677	2.4e-04	0.5472
1145	-109.1642	-109.1642	-80.4138	0.7366	73.8020	0.6763	2.4e-04	0.5476
1146	-109.1492	-109.1492	-80.3780	0.7364	73.8027	0.6764	2.4e-04	0.5479
1147	-109.1397	-109.1397	-80.2311	0.7351	73.9484	0.6779	2.4e-04	0.5486
1148	-109.1462	-109.1462	-81.2354	0.7443	72.8609	0.6678	2.4e-04	0.5470
1149	-109.1770	-109.1770	-80.4015	0.7364	73.7927	0.6762	2.4e-04	0.5491
1150	-109.1589	-109.1589	-80.3113	0.7357	73.8966	0.6773	2.4e-04	0.5479
1151	-109.1519	-109.1519	-80.2180	0.7349	73.9914	0.6781	2.4e-04	0.5484
1152	-109.1499	-109.1499	-80.0476	0.7334	74.1437	0.6796	2.4e-04	0.5471
1153	-109.1813	-109.1813	-80.8488	0.7405	73.3425	0.6720	2.4e-04	0.5493
1154	-109.1661	-109.1661	-80.9035	0.7411	73.2519	0.6714	2.4e-04	0.5465
1155	-109.1399	-109.1399	-80.2934	0.7357	73.8960	0.6773	2.4e-04	0.5488
1156	-109.1517	-109.1517	-80.2039	0.7348	73.9998	0.6783	2.4e-04	0.5477
1157	-109.1553	-109.1553	-80.1710	0.7345	74.0463	0.6786	2.4e-04	0.5471
1158	-109.1648	-109.1648	-79.7835	0.7309	74.4529	0.6824	2.4e-04	0.5481
1159	-109.1579	-109.1579	-79.6481	0.7297	74.5940	0.6837	2.4e-04	0.5476
1160	-109.1648	-109.1648	-80.0928	0.7337	74.1261	0.6794	2.4e-04	0.5460
1161	-109.1429	-109.1429	-79.4366	0.7278	74.8216	0.6857	2.4e-04	0.5473
1162	-109.1474	-109.1474	-79.9520	0.7325	74.2705	0.6807	2.4e-04	0.5496
1163	-109.1478	-109.1478	-79.6784	0.7300	74.5515	0.6834	2.4e-04	0.5481
1164	-109.1456	-109.1456	-79.5279	0.7286	74.7240	0.6848	2.4e-04	0.5475
1165	-109.1477	-109.1477	-80.1434	0.7343	74.0592	0.6788	2.4e-04	0.5471
1166	-109.1484	-109.1484	-79.9953	0.7329	74.2362	0.6803	2.4e-04	0.5471
1167	-109.1663	-109.1663	-80.2634	0.7352	73.9539	0.6778	2.4e-04	0.5482
1168	-109.1685	-109.1685	-81.3028	0.7447	72.8060	0.6673	2.4e-04	0.5470
1169	-109.1486	-109.1486	-80.1111	0.7340	74.0925	0.6792	2.4e-04	0.5482
1170	-109.1553	-109.1553	-80.3199	0.7358	73.8894	0.6772	2.4e-04	0.5469
1171	-109.1640	-109.1640	-79.7815	0.7308	74.4649	0.6825	2.4e-04	0.5465
1172	-109.1625	-109.1625	-80.5160	0.7376	73.6775	0.6753	2.4e-04	0.5492
1173	-109.1669	-109.1669	-79.7886	0.7309	74.4752	0.6825	2.4e-04	0.5464
1174	-109.1628	-109.1628	-79.7297	0.7304	74.5316	0.6830	2.4e-04	0.5489
1175	-109.1561	-109.1561	-79.8730	0.7317	74.3597	0.6815	2.4e-04	0.5454
1176	-109.1685	-109.1685	-78.8919	0.7227	75.4259	0.6912	2.4e-04	0.5498
1177	-109.1571	-109.1571	-79.5861	0.7291	74.6518	0.6842	2.4e-04	0.5462
1178	-109.1573	-109.1573	-79.5778	0.7290	74.6779	0.6844	2.4e-04	0.5487
1179	-109.1496	-109.1496	-80.1346	0.7342	74.0706	0.6790	2.4e-04	0.5478
1180	-109.1609	-109.1609	-80.3287	0.7359	73.8811	0.6771	2.4e-04	0.5487
1181	-109.1521	-109.1521	-79.7910	0.7310	74.4478	0.6824	2.4e-04	0.5464
1182	-109.1470	-109.1470	-79.3470	0.7270	74.9224	0.6867	2.4e-04	0.5481
1183	-109.1709	-109.1709	-78.9441	0.7231	75.3759	0.6907	2.4e-04	0.5453
1184	-109.1518	-109.1518	-80.2360	0.7351	73.9577	0.6779	2.4e-04	0.5465
1185	-109.1576	-109.1576	-79.6203	0.7294	74.6427	0.6841	2.4e-04	0.5483
1186	-109.1462	-109.1462	-78.1077	0.7156	76.2064	0.6985	2.4e-04	0.5453
1187	-109.1794	-109.1794	-78.2886	0.7171	76.0070	0.6965	2.4e-04	0.5454
1188	-109.1683	-109.1683	-79.4169	0.7275	74.8525	0.6861	2.4e-04	0.5474
1189	-109.1494	-109.1494	-78.6399	0.7205	75.6602	0.6934	2.4e-04	0.5464
1190	-109.1614	-109.1614	-79.4171	0.7275	74.8666	0.6861	2.4e-04	0.5460
1191	-109.1595	-109.1595	-78.1321	0.7158	76.1876	0.6983	2.4e-04	0.5476
1192	-109.1687	-109.1687	-78.6695	0.7206	75.6189	0.6931	2.4e-04	0.5470
1193	-109.1720	-109.1720	-79.1959	0.7254	75.1025	0.6883	2.4e-04	0.5455
1194	-109.1587	-109.1587	-78.3694	0.7179	75.9605	0.6961	2.4e-04	0.5464
1195	-109.1774	-109.1774	-78.2293	0.7165	76.1223	0.6975	2.4e-04	0.5505
1196	-109.1458	-109.1458	-79.6065	0.7294	74.6316	0.6840	2.4e-04	0.5475
1197	-109.1617	-109.1617	-78.4406	0.7186	75.8709	0.6953	2.4e-04	0.5481
1198	-109.1479	-109.1479	-78.3199	0.7176	75.9893	0.6965	2.4e-04	0.5480
1199	-109.1468	-109.1468	-77.8485	0.7132	76.4658	0.7008	2.4e-04	0.5466
1200	-109.1434	-109.1434	-79.0478	0.7243	75.2225	0.6895	2.4e-04	0.5458
1201	-109.1592	-109.1592	-79.0435	0.7241	75.2459	0.6897	2.4e-04	0.5435
1202	-109.1622	-109.1622	-77.6110	0.7110	76.7091	0.7030	2.4e-04	0.5474
1203	-109.1618	-109.1618	-78.6008	0.7200	75.6834	0.6937	2.4e-04	0.5466
1204	-109.1668	-109.1668	-77.8713	0.7133	76.4765	0.7008	2.4e-04	0.5467
1205	-109.1534	-109.1534	-76.6496	0.7022	77.6652	0.7118	2.4e-04	0.5471
1206	-109.1605	-109.1605	-77.4696	0.7097	76.8725	0.7045	2.4e-04	0.5461
1207	-109.1615	-109.1615	-77.1060	0.7063	77.2368	0.7078	2.4e-04	0.5482
1208	-109.1510	-109.1510	-76.7011	0.7027	77.6349	0.7115	2.4e-04	0.5453
1209	-109.1580	-109.1580	-77.5955	0.7109	76.7527	0.7033	2.4e-04	0.5467
1210	-109.1582	-109.1582	-76.9398	0.7048	77.4028	0.7094	2.4e-04	0.5478
1211	-109.1671	-109.1671	-77.5128	0.7100	76.8422	0.7041	2.4e-04	0.5468
1212	-109.1739	-109.1739	-77.3514	0.7085	77.0219	0.7057	2.4e-04	0.5489
1213	-109.1632	-109.1632	-78.5791	0.7198	75.7349	0.6941	2.4e-04	0.5463
1214	-109.1396	-109.1396	-78.3272	0.7177	75.9781	0.6964	2.4e-04	0.5488
1215	-109.1694	-109.1694	-77.2875	0.7080	77.0427	0.7062	2.4e-04	0.5486
1216	-109.1491	-109.1491	-78.5294	0.7195	75.7607	0.6945	2.4e-04	0.5475
1217	-109.1451	-109.1451	-78.8525	0.7225	75.4317	0.6914	2.4e-04	0.5479
1218	-109.1392	-109.1392	-78.4307	0.7186	75.8517	0.6953	2.4e-04	0.5476
1219	-109.1561	-109.1561	-77.9002	0.7137	76.4229	0.7004	2.4e-04	0.5470
1220	-109.1516	-109.1516	-78.9365	0.7232	75.3553	0.6907	2.4e-04	0.5480
1221	-109.1644	-109.1644	-77.2809	0.7079	77.0740	0.7063	2.4e-04	0.5474
1222	-109.1549	-109.1549	-76.9446	0.7049	77.3921	0.7093	2.4e-04	0.5459
1223	-109.1439	-109.1439	-77.4070	0.7092	76.9186	0.7050	2.4e-04	0.5491
1224	-109.1640	-109.1640	-77.1667	0.7069	77.1810	0.7073	2.4e-04	0.5475
1225	-109.1517	-109.1517	-77.5784	0.7107	76.7549	0.7034	2.4e-04	0.5486
1226	-109.1644	-109.1644	-78.5395	0.7195	75.7540	0.6942	2.4e-04	0.5470
1227	-109.1700	-109.1700	-77.7768	0.7124	76.5648	0.7017	2.4e-04	0.5463
1228	-109.1703	-109.1703	-78.0507	0.7149	76.2690	0.6990	2.4e-04	0.5478
1229	-109.1691	-109.1691	-77.7084	0.7118	76.6433	0.7024	2.4e-04	0.5473
1230	-109.1598	-109.1598	-76.8715	0.7042	77.4654	0.7100	2.4e-04	0.5449
1231	-109.1663	-109.1663	-76.7358	0.7029	77.6084	0.7112	2.4e-04	0.5470
1232	-109.1616	-109.1616	-77.2630	0.7078	77.0752	0.7064	2.4e-04	0.5477
1233	-109.1570	-109.1570	-77.0782	0.7061	77.2384	0.7079	2.4e-04	0.5491
1234	-109.1555	-109.1555	-78.3961	0.7182	75.9074	0.6958	2.4e-04	0.5470
1235	-109.1555	-109.1555	-77.1129	0.7065	77.2221	0.7078	2.4e-04	0.5482
1236	-109.1464	-109.1464	-77.7622	0.7125	76.5666	0.7017	2.4e-04	0.5482
1237	-109.1548	-109.1548	-77.4699	0.7097	76.8705	0.7045	2.4e-04	0.5487
1238	-109.1556	-109.1556	-76.5310	0.7011	77.8032	0.7130	2.4e-04	0.5485
1239	-109.1703	-109.1703	-77.5543	0.7104	76.7881	0.7038	2.4e-04	0.5453
1240	-109.1556	-109.1556	-76.9567	0.7050	77.3710	0.7090	2.4e-04	0.5467
1241	-109.1784	-109.1784	-76.6955	0.7025	77.6679	0.7117	2.4e-04	0.5467
1242	-109.1639	-109.1639	-76.8902	0.7044	77.4416	0.7098	2.4e-04	0.5456
1243	-109.1460	-109.1460	-76.3331	0.6994	77.9619	0.7147	2.4e-04	0.5475
1244	-109.1574	-109.1574	-77.0714	0.7061	77.2564	0.7081	2.4e-04	0.5462
1245	-109.1664	-109.1664	-76.7015	0.7026	77.6492	0.7116	2.4e-04	0.5474
1246	-109.1423	-109.1423	-76.5706	0.7016	77.7219	0.7123	2.4e-04	0.5463
1247	-109.1504	-109.1504	-76.0400	0.6967	78.2889	0.7174	2.4e-04	0.5462
1248	-109.1509	-109.1509	-76.5083	0.7009	77.8098	0.7131	2.4e-04	0.5484
1249	-109.1725	-109.1725	-76.4620	0.7004	77.8889	0.7138	2.4e-04	0.5469
1250	-109.1493	-109.1494	-75.5577	0.6922	78.7110	0.7214	2.4e-04	0.5480
1251	-109.1600	-109.1600	-76.6719	0.7024	77.6591	0.7118	2.4e-04	0.5472
1252	-109.1578	-109.1579	-75.0404	0.6874	79.2415	0.7262	2.4e-04	0.5496
1253	-109.1534	-109.1534	-75.5883	0.6925	78.7121	0.7214	2.4e-04	0.5467
1254	-109.1477	-109.1477	-75.6085	0.6927	78.6917	0.7212	2.4e-04	0.5477
1255	-109.1663	-109.1663	-76.6905	0.7025	77.6606	0.7117	2.4e-04	0.5468
1256	-109.1604	-109.1605	-75.4829	0.6915	78.8287	0.7224	2.4e-04	0.5457
1257	-109.1563	-109.1563	-76.4479	0.7004	77.8745	0.7137	2.4e-04	0.5477
1258	-109.1583	-109.1583	-76.4099	0.7000	77.9266	0.7141	2.4e-04	0.5462
1259	-109.1563	-109.1563	-76.5368	0.7012	77.7880	0.7129	2.4e-04	0.5461
1260	-109.1438	-109.1438	-76.4289	0.7003	77.8751	0.7138	2.4e-04	0.5478
1261	-109.1483	-109.1483	-76.4495	0.7004	77.8707	0.7137	2.4e-04	0.5464
1262	-109.1635	-109.1635	-76.3456	0.6994	77.9895	0.7147	2.4e-04	0.5467
1263	-109.1501	-109.1501	-77.0018	0.7055	77.3368	0.7087	2.4e-04	0.5480
1264	-109.1547	-109.1547	-76.2495	0.6985	78.0786	0.7155	2.4e-04	0.5460
1265	-109.1460	-109.1460	-76.8705	0.7043	77.4449	0.7098	2.4e-04	0.5471
1266	-109.1693	-109.1693	-77.0422	0.7057	77.2907	0.7084	2.4e-04	0.5504
1267	-109.1536	-109.1536	-76.2473	0.6985	78.0750	0.7156	2.4e-04	0.5478
1268	-109.1569	-109.1569	-77.0381	0.7058	77.2903	0.7084	2.4e-04	0.5473
1269	-109.1634	-109.1634	-76.7192	0.7028	77.6181	0.7113	2.4e-04	0.5478
1270	-109.1475	-109.1475	-76.9649	0.7051	77.3508	0.7090	2.4e-04	0.5494
1271	-109.1535	-109.1535	-77.9109	0.7138	76.4135	0.7003	2.4e-04	0.5490
1272	-109.1892	-109.1892	-77.6195	0.7109	76.7545	0.7033	2.4e-04	0.5472
1273	-109.1595	-109.1595	-77.4593	0.7096	76.8780	0.7046	2.4e-04	0.5469
1274	-109.1465	-109.1465	-78.2049	0.7165	76.1111	0.6976	2.4e-04	0.5488
1275	-109.1545	-109.1545	-78.0643	0.7152	76.2581	0.6989	2.4e-04	0.5486
1276	-109.1768	-109.1768	-77.7558	0.7122	76.5802	0.7018	2.4e-04	0.5481
1277	-109.1587	-109.1587	-77.8106	0.7128	76.5213	0.7013	2.4e-04	0.5486
1278	-109.1460	-109.1460	-77.3325	0.7085	76.9901	0.7057	2.4e-04	0.5479
1279	-109.1461	-109.1461	-76.9945	0.7054	77.3291	0.7088	2.4e-04	0.5498
1280	-109.1571	-109.1571	-77.1701	0.7070	77.1512	0.7071	2.4e-04	0.5474
1281	-109.1652	-109.1652	-77.7614	0.7123	76.5597	0.7017	2.4e-04	0.5489
1282	-109.1430	-109.1430	-76.6832	0.7026	77.6390	0.7116	2.4e-04	0.5474
1283	-109.1903	-109.1903	-76.8730	0.7040	77.4917	0.7102	2.4e-04	0.5493
1284	-109.1656	-109.1656	-76.8319	0.7038	77.5031	0.7103	2.4e-04	0.5468
1285	-109.1357	-109.1357	-76.7082	0.7029	77.5830	0.7112	2.4e-04	0.5483
1286	-109.1668	-109.1668	-76.1146	0.6972	78.2102	0.7168	2.4e-04	0.5473
1287	-109.1469	-109.1469	-76.0083	0.6964	78.2964	0.7176	2.4e-04	0.5483
1288	-109.1780	-109.1780	-76.1108	0.6971	78.2256	0.7169	2.4e-04	0.5470
1289	-109.1613	-109.1616	-74.5848	0.6833	79.6720	0.7302	2.4e-04	0.5508
1290	-109.1648	-109.1650	-74.9629	0.6867	79.3218	0.7269	2.4e-04	0.5466
1291	-109.1732	-109.1733	-75.8400	0.6947	78.4872	0.7193	2.4e-04	0.5470
1292	-109.1642	-109.1643	-75.2799	0.6896	79.0010	0.7240	2.4e-04	0.5456
1293	-109.1602	-109.1603	-75.4200	0.6909	78.8840	0.7229	2.4e-04	0.5477
1294	-109.1679	-109.1679	-75.8646	0.6949	78.4620	0.7190	2.4e-04	0.5463
1295	-109.1694	-109.1695	-75.5857	0.6924	78.7132	0.7214	2.4e-04	0.5469
1296	-109.1441	-109.1441	-76.9492	0.7050	77.3856	0.7091	2.4e-04	0.5463
1297	-109.1429	-109.1429	-76.4749	0.7007	77.8348	0.7135	2.4e-04	0.5461
1298	-109.1555	-109.1555	-77.3646	0.7088	76.9599	0.7054	2.4e-04	0.5469
1299	-109.1679	-109.1679	-76.2765	0.6987	78.0542	0.7154	2.4e-04	0.5472
1300	-109.1300	-109.1300	-76.7594	0.7034	77.5409	0.7108	2.4e-04	0.5483
1301	-109.1552	-109.1552	-76.7294	0.7029	77.6029	0.7112	2.4e-04	0.5457
1302	-109.1464	-109.1464	-77.6758	0.7117	76.6158	0.7023	2.4e-04	0.5473
1303	-109.1540	-109.1540	-76.0896	0.6971	78.2011	0.7167	2.4e-04	0.5451
1304	-109.1523	-109.1523	-76.9682	0.7051	77.3577	0.7090	2.4e-04	0.5467
1305	-109.1711	-109.1711	-76.9741	0.7051	77.3659	0.7091	2.4e-04	0.5483
1306	-109.1672	-109.1672	-77.1329	0.7066	77.2168	0.7076	2.4e-04	0.5482
1307	-109.1596	-109.1596	-76.0560	0.6967	78.2462	0.7171	2.4e-04	0.5484
1308	-109.1452	-109.1452	-76.8849	0.7044	77.4248	0.7097	2.4e-04	0.5477
1309	-109.1729	-109.1729	-77.0512	0.7058	77.3138	0.7084	2.4e-04	0.5462
1310	-109.1477	-109.1477	-76.6152	0.7019	77.7176	0.7122	2.4e-04	0.5462
1311	-109.1684	-109.1684	-76.3473	0.6994	78.0002	0.7147	2.4e-04	0.5484
1312	-109.1532	-109.1532	-76.3162	0.6992	78.0068	0.7149	2.4e-04	0.5469
1313	-109.1635	-109.1635	-77.4928	0.7099	76.8492	0.7043	2.4e-04	0.5467
1314	-109.1561	-109.1561	-76.8360	0.7039	77.4798	0.7101	2.4e-04	0.5475
1315	-109.1631	-109.1631	-75.9744	0.6960	78.3517	0.7181	2.4e-04	0.5461
1316	-109.1674	-109.1674	-76.7319	0.7029	77.6091	0.7113	2.4e-04	0.5479
1317	-109.1644	-109.1644	-77.2776	0.7079	77.0706	0.7063	2.4e-04	0.5465
1318	-109.1500	-109.1500	-77.7029	0.7119	76.6259	0.7022	2.4e-04	0.5459
1319	-109.1481	-109.1481	-77.0403	0.7058	77.2943	0.7084	2.4e-04	0.5486
1320	-109.1381	-109.1381	-76.8079	0.7038	77.4961	0.7103	2.4e-04	0.5475
1321	-109.1758	-109.1758	-76.9092	0.7045	77.4332	0.7096	2.4e-04	0.5487
1322	-109.1377	-109.1377	-76.8021	0.7037	77.5115	0.7104	2.4e-04	0.5456
1323	-109.1596	-109.1596	-76.5376	0.7012	77.7888	0.7129	2.4e-04	0.5478
1324	-109.1546	-109.1546	-77.3927	0.7090	76.9370	0.7052	2.4e-04	0.5471
1325	-109.1539	-109.1539	-76.9829	0.7053	77.2883	0.7084	2.4e-04	0.5491
1326	-109.1570	-109.1570	-76.8299	0.7038	77.4694	0.7100	2.4e-04	0.5466
1327	-109.1538	-109.1538	-77.7103	0.7119	76.6220	0.7022	2.4e-04	0.5499
1328	-109.1580	-109.1580	-77.6753	0.7116	76.6538	0.7025	2.4e-04	0.5454
1329	-109.1632	-109.1632	-77.7923	0.7126	76.5358	0.7015	2.4e-04	0.5473
1330	-109.1516	-109.1516	-77.6611	0.7115	76.6669	0.7027	2.4e-04	0.5462
1331	-109.1442	-109.1442	-78.3657	0.7180	75.9357	0.6960	2.4e-04	0.5468
1332	-109.1523	-109.1523	-79.3668	0.7271	74.8930	0.6864	2.4e-04	0.5487
1333	-109.1388	-109.1388	-78.7578	0.7216	75.5025	0.6921	2.4e-04	0.5463
1334	-109.1671	-109.1671	-77.5421	0.7103	76.8031	0.7039	2.4e-04	0.5469
1335	-109.1575	-109.1575	-77.8699	0.7134	76.4577	0.7007	2.4e-04	0.5462
1336	-109.1660	-109.1660	-77.4731	0.7097	76.8629	0.7044	2.4e-04	0.5453
1337	-109.1577	-109.1577	-77.5353	0.7103	76.8089	0.7039	2.4e-04	0.5484
1338	-109.1529	-109.1529	-77.8806	0.7135	76.4318	0.7006	2.4e-04	0.5461
1339	-109.1485	-109.1485	-76.7824	0.7035	77.5160	0.7105	2.4e-04	0.5463
1340	-109.1594	-109.1594	-76.9522	0.7050	77.3873	0.7092	2.4e-04	0.5472
1341	-109.1572	-109.1572	-78.5540	0.7196	75.7530	0.6943	2.4e-04	0.5493
1342	-109.1490	-109.1490	-77.4301	0.7094	76.8896	0.7047	2.4e-04	0.5479
1343	-109.1708	-109.1708	-75.9769	0.6959	78.3548	0.7181	2.4e-04	0.5483
1344	-109.1508	-109.1509	-76.1859	0.6980	78.1216	0.7160	2.4e-04	0.5491
1345	-109.1519	-109.1519	-76.8247	0.7038	77.4738	0.7100	2.4e-04	0.5470
1346	-109.1608	-109.1608	-76.2758	0.6987	78.0562	0.7154	2.4e-04	0.5455
1347	-109.1498	-109.1498	-76.4763	0.7007	77.8387	0.7134	2.4e-04	0.5458
1348	-109.1517	-109.1517	-76.3017	0.6990	78.0242	0.7150	2.4e-04	0.5470
1349	-109.1518	-109.1519	-75.3296	0.6901	78.9508	0.7237	2.4e-04	0.5484
1350	-109.1504	-109.1504	-76.1892	0.6980	78.1139	0.7159	2.4e-04	0.5454
1351	-109.1481	-109.1481	-76.1680	0.6978	78.1213	0.7160	2.4e-04	0.5463
1352	-109.1552	-109.1552	-76.6329	0.7021	77.6768	0.7119	2.4e-04	0.5457
1353	-109.1529	-109.1529	-76.7424	0.7031	77.5838	0.7111	2.4e-04	0.5464
1354	-109.1490	-109.1490	-76.3337	0.6994	77.9862	0.7148	2.4e-04	0.5472
1355	-109.1541	-109.1541	-76.4231	0.7001	77.9011	0.7140	2.4e-04	0.5450
1356	-109.1627	-109.1627	-77.1279	0.7065	77.2183	0.7077	2.4e-04	0.5487
1357	-109.1513	-109.1513	-76.7082	0.7028	77.6243	0.7114	2.4e-04	0.5466
1358	-109.1539	-109.1539	-76.7021	0.7027	77.6191	0.7114	2.4e-04	0.5486
1359	-109.1657	-109.1657	-77.7048	0.7118	76.6289	0.7022	2.4e-04	0.5472
1360	-109.1705	-109.1705	-75.8269	0.6946	78.4840	0.7192	2.4e-04	0.5455
1361	-109.1576	-109.1576	-76.2246	0.6983	78.0986	0.7158	2.4e-04	0.5487
1362	-109.1383	-109.1383	-76.0033	0.6964	78.2940	0.7177	2.4e-04	0.5478
1363	-109.1654	-109.1654	-77.3711	0.7088	76.9721	0.7054	2.4e-04	0.5479
1364	-109.1562	-109.1562	-76.9403	0.7049	77.3906	0.7092	2.4e-04	0.5462
1365	-109.1409	-109.1409	-76.2518	0.6987	78.0450	0.7154	2.4e-04	0.5451
1366	-109.1549	-109.1549	-76.4938	0.7008	77.8287	0.7133	2.4e-04	0.5459
1367	-109.1567	-109.1567	-77.6199	0.7111	76.7079	0.7031	2.4e-04	0.5462
1368	-109.1556	-109.1556	-76.8837	0.7043	77.4525	0.7099	2.4e-04	0.5490
1369	-109.1761	-109.1761	-76.6014	0.7016	77.7483	0.7125	2.4e-04	0.5463
1370	-109.1499	-109.1499	-76.8272	0.7039	77.4938	0.7102	2.4e-04	0.5484
1371	-109.1696	-109.1697	-75.6328	0.6928	78.6903	0.7211	2.4e-04	0.5469
1372	-109.1681	-109.1681	-76.1532	0.6976	78.1829	0.7165	2.4e-04	0.5463
1373	-109.1631	-109.1631	-76.2854	0.6988	78.0431	0.7152	2.4e-04	0.5488
1374	-109.1422	-109.1422	-76.6074	0.7019	77.7174	0.7123	2.4e-04	0.5463
1375	-109.1634	-109.1634	-75.9758	0.6960	78.3481	0.7180	2.4e-04	0.5469
1376	-109.1571	-109.1571	-77.5094	0.7101	76.8023	0.7039	2.4e-04	0.5472
1377	-109.1703	-109.1703	-76.9977	0.7053	77.3543	0.7089	2.4e-04	0.5472
1378	-109.1698	-109.1698	-76.8663	0.7041	77.4733	0.7100	2.4e-04	0.5463
1379	-109.1533	-109.1533	-75.7975	0.6944	78.5081	0.7194	2.4e-04	0.5462
1380	-109.1692	-109.1692	-76.9249	0.7046	77.4265	0.7096	2.4e-04	0.5465
1381	-109.1552	-109.1552	-77.1856	0.7071	77.1390	0.7069	2.4e-04	0.5450
1382	-109.1618	-109.1618	-78.1370	0.7158	76.1557	0.6980	2.3e-04	0.5450
1383	-109.1637	-109.1637	-76.2986	0.6989	78.0413	0.7152	2.3e-04	0.5470
1384	-109.1382	-109.1382	-77.7627	0.7125	76.5515	0.7017	2.3e-04	0.5480
1385	-109.1579	-109.1579	-76.9253	0.7047	77.4085	0.7094	2.3e-04	0.5472
1386	-109.1445	-109.1445	-77.4599	0.7097	76.8565	0.7045	2.3e-04	0.5471
1387	-109.1559	-109.1559	-77.4598	0.7096	76.8811	0.7046	2.3e-04	0.5457
1388	-109.1635	-109.1635	-77.2804	0.7079	77.0445	0.7061	2.3e-04	0.5473
1389	-109.1503	-109.1503	-77.8354	0.7131	76.4828	0.7011	2.3e-04	0.5463
1390	-109.1594	-109.1594	-76.5872	0.7016	77.7397	0.7125	2.3e-04	0.5484
1391	-109.1567	-109.1567	-77.5951	0.7109	76.7322	0.7032	2.3e-04	0.5460
1392	-109.1668	-109.1668	-76.7437	0.7030	77.5940	0.7112	2.3e-04	0.5492
1393	-109.1643	-109.1643	-77.0908	0.7062	77.2590	0.7080	2.3e-04	0.5458
1394	-109.1416	-109.1416	-77.1490	0.7069	77.1680	0.7073	2.3e-04	0.5482
1395	-109.1523	-109.1523	-76.6334	0.7021	77.6870	0.7120	2.3e-04	0.5458
1396	-109.1696	-109.1696	-76.8345	0.7038	77.5050	0.7103	2.3e-04	0.5453
1397	-109.1730	-109.1730	-76.0935	0.6970	78.2456	0.7170	2.3e-04	0.5494
1398	-109.1587	-109.1587	-75.6486	0.6930	78.6582	0.7209	2.3e-04	0.5482
1399	-109.1593	-109.1593	-77.4094	0.7091	76.9145	0.7049	2.3e-04	0.5470
1400	-109.1413	-109.1413	-76.5151	0.7011	77.7954	0.7130	2.3e-04	0.5479
1401	-109.1678	-109.1678	-76.7958	0.7035	77.5533	0.7107	2.3e-04	0.5454
1402	-109.1519	-109.1519	-76.9251	0.7048	77.3939	0.7094	2.3e-04	0.5465
1403	-109.1580	-109.1580	-76.3999	0.6999	77.9096	0.7140	2.3e-04	0.5472
1404	-109.1483	-109.1484	-75.9248	0.6956	78.3880	0.7184	2.3e-04	0.5470
1405	-109.1635	-109.1635	-76.2191	0.6982	78.1066	0.7159	2.3e-04	0.5475
1406	-109.1590	-109.1590	-76.1363	0.6975	78.1797	0.7165	2.3e-04	0.5465
1407	-109.1567	-109.1567	-76.5890	0.7016	77.7381	0.7125	2.3e-04	0.5458
1408	-109.1556	-109.1556	-76.4653	0.7005	77.8630	0.7136	2.3e-04	0.5490
1409	-109.1486	-109.1487	-75.6376	0.6930	78.6562	0.7209	2.3e-04	0.5467
1410	-109.1604	-109.1604	-75.6085	0.6926	78.7116	0.7213	2.3e-04	0.5500
1411	-109.1627	-109.1627	-76.1182	0.6973	78.2038	0.7167	2.3e-04	0.5473
1412	-109.1528	-109.1528	-76.5715	0.7015	77.7420	0.7126	2.3e-04	0.5494
1413	-109.1564	-109.1564	-76.3796	0.6997	77.9490	0.7144	2.3e-04	0.5467
1414	-109.1636	-109.1636	-76.3721	0.6996	77.9627	0.7145	2.3e-04	0.5458
1415	-109.1448	-109.1448	-76.8041	0.7037	77.5295	0.7105	2.3e-04	0.5461
1416	-109.1535	-109.1535	-75.9307	0.6956	78.3810	0.7184	2.3e-04	0.5461
1417	-109.1615	-109.1615	-76.9858	0.7052	77.3501	0.7089	2.3e-04	0.5463
1418	-109.1680	-109.1680	-76.6713	0.7023	77.6834	0.7119	2.3e-04	0.5467
1419	-109.1524	-109.1524	-76.4602	0.7005	77.8677	0.7136	2.3e-04	0.5452
1420	-109.1468	-109.1468	-76.4579	0.7005	77.8552	0.7136	2.3e-04	0.5492
1421	-109.1551	-109.1551	-76.9349	0.7048	77.3879	0.7094	2.3e-04	0.5468
1422	-109.1714	-109.1714	-76.2910	0.6988	78.0599	0.7152	2.3e-04	0.5470
1423	-109.1528	-109.1528	-76.3147	0.6992	77.9881	0.7148	2.3e-04	0.5496
1424	-109.1559	-109.1559	-77.0792	0.7061	77.2536	0.7081	2.3e-04	0.5457
1425	-109.1551	-109.1551	-76.3743	0.6997	77.9609	0.7144	2.3e-04	0.5483
1426	-109.1564	-109.1564	-76.8625	0.7041	77.4561	0.7099	2.3e-04	0.5463
1427	-109.1694	-109.1694	-77.3210	0.7083	77.0388	0.7059	2.3e-04	0.5499
1428	-109.1813	-109.1813	-76.3146	0.6990	78.0235	0.7150	2.3e-04	0.5462
1429	-109.1513	-109.1513	-76.7171	0.7029	77.6095	0.7112	2.3e-04	0.5504
1430	-109.1427	-109.1427	-77.4576	0.7097	76.8057	0.7040	2.3e-04	0.5484
1431	-109.1658	-109.1658	-76.4552	0.7004	77.8682	0.7136	2.3e-04	0.5477
1432	-109.1821	-109.1821	-76.0044	0.6961	78.3384	0.7178	2.3e-04	0.5495
1433	-109.1517	-109.1517	-76.4743	0.7006	77.8304	0.7133	2.3e-04	0.5461
1434	-109.1764	-109.1764	-76.5182	0.7009	77.8424	0.7133	2.3e-04	0.5489
1435	-109.1437	-109.1437	-75.8270	0.6947	78.4741	0.7192	2.3e-04	0.5457
1436	-109.1524	-109.1524	-76.3946	0.6999	77.9226	0.7141	2.3e-04	0.5486
1437	-109.1584	-109.1584	-77.2907	0.7081	77.0328	0.7059	2.3e-04	0.5463
1438	-109.1342	-109.1342	-77.1258	0.7067	77.1793	0.7075	2.3e-04	0.5492
1439	-109.1667	-109.1667	-77.0390	0.7057	77.3125	0.7084	2.3e-04	0.5478
1440	-109.1544	-109.1544	-76.9615	0.7051	77.3730	0.7091	2.3e-04	0.5480
1441	-109.1279	-109.1279	-77.0977	0.7065	77.2050	0.7077	2.3e-04	0.5471
1442	-109.1447	-109.1447	-76.8911	0.7045	77.4237	0.7097	2.3e-04	0.5494
1443	-109.1531	-109.1531	-77.9187	0.7138	76.4102	0.7003	2.3e-04	0.5452
1444	-109.1591	-109.1591	-77.8319	0.7130	76.4946	0.7012	2.3e-04	0.5484
1445	-109.1553	-109.1553	-77.3282	0.7084	77.0055	0.7058	2.3e-04	0.5480
1446	-109.1473	-109.1473	-76.4335	0.7003	77.8832	0.7138	2.3e-04	0.5506
1447	-109.1590	-109.1590	-76.6298	0.7020	77.7016	0.7121	2.3e-04	0.5464
1448	-109.1576	-109.1576	-76.9814	0.7052	77.3547	0.7089	2.3e-04	0.5499
1449	-109.1677	-109.1677	-77.6202	0.7110	76.7299	0.7031	2.3e-04	0.5474
1450	-109.1572	-109.1572	-77.6791	0.7116	76.6532	0.7026	2.3e-04	0.5480
1451	-109.1513	-109.1513	-77.8366	0.7131	76.4902	0.7011	2.3e-04	0.5488
1452	-109.1673	-109.1673	-76.7181	0.7028	77.6217	0.7114	2.3e-04	0.5474
1453	-109.1682	-109.1682	-76.7996	0.7035	77.5567	0.7106	2.3e-04	0.5488
1454	-109.1413	-109.1413	-77.7224	0.7121	76.5778	0.7019	2.3e-04	0.5485
1455	-109.1642	-109.1642	-77.3101	0.7082	77.0287	0.7059	2.3e-04	0.5484
1456	-109.1493	-109.1493	-77.9956	0.7146	76.2999	0.6993	2.3e-04	0.5469
1457	-109.1664	-109.1664	-78.0514	0.7150	76.2586	0.6989	2.3e-04	0.5492
1458	-109.1471	-109.1471	-77.4891	0.7100	76.8418	0.7042	2.3e-04	0.5474
1459	-109.1506	-109.1506	-77.6450	0.7114	76.6563	0.7026	2.3e-04	0.5488
1460	-109.1573	-109.1573	-77.7755	0.7125	76.5535	0.7016	2.3e-04	0.5477
1461	-109.1744	-109.1744	-77.7127	0.7118	76.6086	0.7019	2.3e-04	0.5478
1462	-109.1419	-109.1419	-77.9271	0.7140	76.3650	0.7000	2.3e-04	0.5486
1463	-109.1677	-109.1677	-77.3863	0.7089	76.9781	0.7053	2.3e-04	0.5475
1464	-109.1554	-109.1554	-76.9724	0.7052	77.3580	0.7089	2.3e-04	0.5479
1465	-109.1700	-109.1700	-77.5662	0.7105	76.7899	0.7037	2.3e-04	0.5501
1466	-109.1543	-109.1543	-77.3319	0.7085	77.0065	0.7057	2.3e-04	0.5469
1467	-109.1576	-109.1576	-78.0352	0.7149	76.2981	0.6992	2.3e-04	0.5497
1468	-109.1747	-109.1747	-78.5016	0.7190	75.8247	0.6949	2.3e-04	0.5475
1469	-109.1439	-109.1439	-78.9836	0.7237	75.2908	0.6901	2.3e-04	0.5486
1470	-109.1596	-109.1596	-79.3647	0.7271	74.9282	0.6865	2.3e-04	0.5497
1471	-109.1655	-109.1655	-78.6859	0.7208	75.6321	0.6931	2.3e-04	0.5469
1472	-109.1591	-109.1591	-78.8027	0.7219	75.5101	0.6920	2.3e-04	0.5498
1473	-109.1410	-109.1410	-79.2664	0.7263	74.9966	0.6874	2.3e-04	0.5475
1474	-109.1370	-109.1370	-79.2377	0.7260	75.0185	0.6876	2.3e-04	0.5496
1475	-109.1528	-109.1528	-78.4704	0.7189	75.8516	0.6951	2.3e-04	0.5486
1476	-109.1616	-109.1616	-78.3063	0.7173	76.0196	0.6967	2.3e-04	0.5460
1477	-109.1500	-109.1500	-79.2134	0.7257	75.0633	0.6879	2.3e-04	0.5495
1478	-109.1481	-109.1481	-79.1017	0.7247	75.1688	0.6890	2.3e-04	0.5483
1479	-109.1723	-109.1723	-78.6979	0.7209	75.6190	0.6931	2.3e-04	0.5499
1480	-109.1647	-109.1647	-79.8405	0.7314	74.4006	0.6819	2.3e-04	0.5488
1481	-109.1657	-109.1657	-78.5833	0.7199	75.6934	0.6937	2.3e-04	0.5474
1482	-109.1583	-109.1583	-79.2890	0.7264	74.9377	0.6868	2.3e-04	0.5474
1483	-109.1539	-109.1539	-78.6127	0.7202	75.6882	0.6938	2.3e-04	0.5471
1484	-109.1524	-109.1524	-78.9121	0.7230	75.3888	0.6909	2.3e-04	0.5497
1485	-109.1520	-109.1520	-78.8526	0.7224	75.4351	0.6914	2.3e-04	0.5489
1486	-109.1674	-109.1674	-78.4611	0.7187	75.8517	0.6951	2.3e-04	0.5460
1487	-109.1775	-109.1775	-79.2561	0.7259	75.0218	0.6875	2.3e-04	0.5478
1488	-109.1655	-109.1655	-78.4490	0.7186	75.8757	0.6954	2.3e-04	0.5483
1489	-109.1596	-109.1596	-78.2201	0.7166	76.1035	0.6975	2.3e-04	0.5498
1490	-109.1452	-109.1452	-77.9934	0.7146	76.3214	0.6995	2.3e-04	0.5478
1491	-109.1469	-109.1469	-78.6483	0.7206	75.6528	0.6934	2.3e-04	0.5492
1492	-109.1728	-109.1728	-77.7107	0.7118	76.6343	0.7023	2.3e-04	0.5486
1493	-109.1637	-109.1637	-78.0374	0.7149	76.3007	0.6992	2.3e-04	0.5486
1494	-109.1694	-109.1694	-77.9876	0.7144	76.3470	0.6997	2.3e-04	0.5487
1495	-109.1718	-109.1718	-78.5490	0.7195	75.7351	0.6941	2.3e-04	0.5495
1496	-109.1448	-109.1448	-76.7728	0.7034	77.5329	0.7105	2.3e-04	0.5470
1497	-109.1507	-109.1507	-76.9402	0.7049	77.3580	0.7089	2.3e-04	0.5485
1498	-109.1778	-109.1778	-77.9060	0.7136	76.4526	0.7006	2.3e-04	0.5470
1499	-109.1439	-109.1439	-77.0326	0.7058	77.2800	0.7084	2.3e-04	0.5491
1500	-109.1673	-109.1673	-77.8788	0.7134	76.4535	0.7007	2.3e-04	0.5472
1501	-109.1707	-109.1707	-77.3844	0.7088	76.9641	0.7053	2.3e-04	0.5463
1502	-109.1582	-109.1582	-77.7679	0.7124	76.5660	0.7017	2.3e-04	0.5494
1503	-109.1620	-109.1620	-77.8078	0.7128	76.5286	0.7014	2.3e-04	0.5494
1504	-109.1641	-109.1641	-77.7888	0.7126	76.5373	0.7014	2.3e-04	0.5498
1505	-109.1325	-109.1325	-77.7069	0.7120	76.5410	0.7016	2.3e-04	0.5472
1506	-109.1573	-109.1573	-76.8785	0.7043	77.4355	0.7098	2.3e-04	0.5488
1507	-109.1612	-109.1612	-77.4748	0.7097	76.8684	0.7044	2.3e-04	0.5469
1508	-109.1488	-109.1488	-77.1766	0.7071	77.1270	0.7069	2.3e-04	0.5482
1509	-109.1651	-109.1651	-77.2395	0.7075	77.1176	0.7067	2.3e-04	0.5471
1510	-109.1521	-109.1522	-75.8699	0.6951	78.4431	0.7189	2.3e-04	0.5488
1511	-109.1787	-109.1787	-77.3814	0.7088	76.9691	0.7054	2.3e-04	0.5478
1512	-109.1517	-109.1517	-77.4403	0.7095	76.8986	0.7047	2.3e-04	0.5481
1513	-109.1461	-109.1461	-77.6009	0.7110	76.7096	0.7031	2.3e-04	0.5467
1514	-109.1597	-109.1597	-76.7975	0.7035	77.5341	0.7106	2.3e-04	0.5496
1515	-109.1572	-109.1572	-76.9499	0.7049	77.3920	0.7092	2.3e-04	0.5472
1516	-109.1596	-109.1596	-77.0909	0.7062	77.2553	0.7080	2.3e-04	0.5488
1517	-109.1534	-109.1534	-76.2791	0.6988	78.0279	0.7152	2.3e-04	0.5483
1518	-109.1521	-109.1521	-76.5601	0.7014	77.7457	0.7124	2.3e-04	0.5471
1519	-109.1624	-109.1624	-76.7911	0.7035	77.5472	0.7107	2.3e-04	0.5478
1520	-109.1670	-109.1670	-76.8920	0.7044	77.4603	0.7098	2.3e-04	0.5464
1521	-109.1503	-109.1503	-76.9350	0.7049	77.4002	0.7093	2.3e-04	0.5471
1522	-109.1527	-109.1527	-77.8259	0.7130	76.4784	0.7010	2.3e-04	0.5483
1523	-109.1694	-109.1694	-76.6891	0.7025	77.6456	0.7117	2.3e-04	0.5475
1524	-109.1624	-109.1624	-77.0528	0.7059	77.2900	0.7083	2.3e-04	0.5493
1525	-109.1685	-109.1685	-77.4726	0.7097	76.8690	0.7045	2.3e-04	0.5470
1526	-109.1742	-109.1742	-77.4174	0.7091	76.8526	0.7042	2.3e-04	0.5473
1527	-109.1632	-109.1632	-77.3461	0.7085	77.0074	0.7057	2.3e-04	0.5472
1528	-109.1886	-109.1886	-78.2021	0.7162	76.1596	0.6979	2.3e-04	0.5464
1529	-109.1496	-109.1496	-77.7423	0.7123	76.5825	0.7019	2.3e-04	0.5463
1530	-109.1409	-109.1409	-77.5489	0.7105	76.7669	0.7036	2.3e-04	0.5480
1531	-109.1580	-109.1580	-77.4422	0.7095	76.8956	0.7047	2.3e-04	0.5483
1532	-109.1621	-109.1621	-77.9693	0.7143	76.3615	0.6999	2.3e-04	0.5475
1533	-109.1608	-109.1608	-76.8006	0.7036	77.5294	0.7106	2.3e-04	0.5493
1534	-109.1677	-109.1677	-76.6451	0.7021	77.7033	0.7121	2.3e-04	0.5473
1535	-109.1571	-109.1571	-76.7460	0.7031	77.5847	0.7110	2.3e-04	0.5511
1536	-109.1627	-109.1627	-77.6934	0.7117	76.6426	0.7025	2.3e-04	0.5471
1537	-109.1640	-109.1640	-77.3438	0.7085	76.9971	0.7057	2.3e-04	0.5487
1538	-109.1494	-109.1494	-76.9088	0.7046	77.3980	0.7094	2.3e-04	0.5476
1539	-109.1356	-109.1356	-77.1899	0.7073	77.1290	0.7069	2.3e-04	0.5459
1540	-109.1661	-109.1661	-77.0518	0.7058	77.2703	0.7082	2.3e-04	0.5462
1541	-109.1408	-109.1408	-77.3741	0.7089	76.9121	0.7049	2.3e-04	0.5515
1542	-109.1568	-109.1568	-76.7379	0.7030	77.6023	0.7111	2.3e-04	0.5497
1543	-109.1705	-109.1705	-76.9776	0.7051	77.3832	0.7091	2.3e-04	0.5480
1544	-109.1605	-109.1605	-76.4622	0.7005	77.8516	0.7136	2.3e-04	0.5471
1545	-109.1834	-109.1834	-76.5028	0.7007	77.8593	0.7134	2.3e-04	0.5472
1546	-109.1682	-109.1682	-76.6185	0.7018	77.7387	0.7123	2.3e-04	0.5490
1547	-109.1738	-109.1738	-76.1318	0.6973	78.2011	0.7166	2.3e-04	0.5473
1548	-109.1470	-109.1470	-76.8286	0.7039	77.4808	0.7101	2.3e-04	0.5482
1549	-109.1632	-109.1632	-77.2582	0.7077	77.0794	0.7065	2.3e-04	0.5462
1550	-109.1656	-109.1656	-76.9192	0.7046	77.4192	0.7096	2.3e-04	0.5465
1551	-109.1468	-109.1468	-76.9714	0.7052	77.3329	0.7088	2.3e-04	0.5459
1552	-109.1653	-109.1653	-77.5943	0.7108	76.7455	0.7034	2.3e-04	0.5476
1553	-109.1583	-109.1583	-77.4193	0.7092	76.9158	0.7049	2.3e-04	0.5476
1554	-109.1695	-109.1695	-78.0624	0.7151	76.2798	0.6990	2.3e-04	0.5498
1555	-109.1615	-109.1615	-77.9704	0.7143	76.3621	0.6999	2.3e-04	0.5488
1556	-109.1657	-109.1657	-76.5887	0.7016	77.7406	0.7125	2.3e-04	0.5502
1557	-109.1565	-109.1565	-78.2877	0.7172	76.0323	0.6969	2.3e-04	0.5479
1558	-109.1555	-109.1555	-76.8861	0.7044	77.4286	0.7097	2.3e-04	0.5485
1559	-109.1618	-109.1618	-76.5013	0.7008	77.8317	0.7133	2.3e-04	0.5479
1560	-109.1672	-109.1672	-76.8442	0.7039	77.4893	0.7102	2.3e-04	0.5504
1561	-109.1514	-109.1514	-76.8508	0.7041	77.4391	0.7098	2.3e-04	0.5470
1562	-109.1768	-109.1768	-77.3420	0.7084	77.0277	0.7058	2.3e-04	0.5474
1563	-109.1719	-109.1719	-77.3085	0.7081	77.0535	0.7061	2.3e-04	0.5482
1564	-109.1635	-109.1635	-77.0631	0.7059	77.2854	0.7082	2.3e-04	0.5764
1565	-109.1654	-109.1654	-76.5914	0.7016	77.7480	0.7126	2.3e-04	0.5485
1566	-109.1633	-109.1633	-77.2908	0.7080	77.0521	0.7062	2.3e-04	0.5489
1567	-109.1585	-109.1585	-76.3730	0.6997	77.9375	0.7142	2.3e-04	0.5448
1568	-109.1668	-109.1668	-75.6558	0.6930	78.6713	0.7209	2.3e-04	0.5469
1569	-109.1458	-109.1458	-77.4512	0.7096	76.8841	0.7046	2.3e-04	0.5493
1570	-109.1474	-109.1474	-76.4607	0.7005	77.8604	0.7136	2.3e-04	0.5473
1571	-109.1462	-109.1462	-77.3508	0.7087	76.9659	0.7055	2.3e-04	0.5471
1572	-109.1661	-109.1661	-77.6713	0.7115	76.6732	0.7027	2.3e-04	0.5500
1573	-109.1471	-109.1471	-76.5648	0.7015	77.7553	0.7126	2.3e-04	0.5469
1574	-109.1729	-109.1729	-77.5512	0.7104	76.7989	0.7037	2.3e-04	0.5479
1575	-109.1757	-109.1757	-76.8372	0.7038	77.5064	0.7102	2.3e-04	0.5461
1576	-109.1541	-109.1541	-77.0384	0.7058	77.2414	0.7079	2.3e-04	0.5488
1577	-109.1787	-109.1787	-77.4446	0.7093	76.9259	0.7049	2.3e-04	0.5465
1578	-109.1580	-109.1580	-77.0139	0.7055	77.3257	0.7087	2.3e-04	0.5483
1579	-109.1505	-109.1505	-76.3060	0.6991	78.0336	0.7150	2.3e-04	0.5463
1580	-109.1504	-109.1504	-76.4271	0.7002	77.8938	0.7139	2.3e-04	0.5482
1581	-109.1728	-109.1728	-76.9543	0.7049	77.3957	0.7093	2.3e-04	0.5461
1582	-109.1600	-109.1600	-77.5740	0.7106	76.7396	0.7034	2.3e-04	0.5476
1583	-109.1846	-109.1846	-77.1753	0.7068	77.1830	0.7073	2.3e-04	0.5462
1584	-109.1612	-109.1612	-77.4520	0.7095	76.8925	0.7047	2.3e-04	0.5492
1585	-109.1608	-109.1608	-77.1659	0.7069	77.1790	0.7073	2.3e-04	0.5467
1586	-109.1549	-109.1549	-77.0434	0.7058	77.2850	0.7083	2.3e-04	0.5474
1587	-109.1700	-109.1700	-76.9693	0.7050	77.3551	0.7089	2.3e-04	0.5470
1588	-109.1576	-109.1576	-77.5721	0.7106	76.7632	0.7035	2.3e-04	0.5475
1589	-109.1607	-109.1607	-78.2114	0.7165	76.0888	0.6972	2.3e-04	0.5455
1590	-109.1426	-109.1426	-78.0080	0.7147	76.3104	0.6994	2.3e-04	0.5465
1591	-109.1805	-109.1805	-78.1591	0.7159	76.2034	0.6982	2.3e-04	0.5476
1592	-109.1540	-109.1540	-77.0646	0.7060	77.2674	0.7081	2.3e-04	0.5470
1593	-109.1609	-109.1609	-78.3620	0.7179	75.9426	0.6960	2.3e-04	0.5485
1594	-109.1500	-109.1500	-77.4447	0.7095	76.8806	0.7047	2.3e-04	0.5456
1595	-109.1743	-109.1743	-77.3766	0.7087	76.9855	0.7055	2.3e-04	0.5457
1596	-109.1577	-109.1577	-78.1391	0.7158	76.1915	0.6982	2.3e-04	0.5473
1597	-109.1503	-109.1503	-77.3844	0.7090	76.9460	0.7051	2.3e-04	0.5474
1598	-109.1797	-109.1797	-77.6546	0.7113	76.7025	0.7029	2.3e-04	0.5479
1599	-109.1640	-109.1640	-77.4035	0.7091	76.9503	0.7051	2.3e-04	0.5483
1600	-109.1616	-109.1616	-77.9536	0.7141	76.3758	0.6999	2.3e-04	0.5469
1601	-109.1447	-109.1447	-77.3363	0.7086	76.9723	0.7055	2.3e-04	0.5444
1602	-109.1721	-109.1721	-78.1865	0.7162	76.1651	0.6979	2.3e-04	0.5462
1603	-109.1555	-109.1555	-77.6017	0.7109	76.7131	0.7030	2.3e-04	0.5467
1604	-109.1601	-109.1601	-77.8310	0.7130	76.5098	0.7011	2.3e-04	0.5464
1605	-109.1741	-109.1741	-77.7768	0.7124	76.5846	0.7018	2.3e-04	0.5490
1606	-109.1356	-109.1356	-79.3915	0.7275	74.8513	0.6860	2.3e-04	0.5479
1607	-109.1623	-109.1623	-78.6031	0.7201	75.7224	0.6939	2.3e-04	0.5470
1608	-109.1521	-109.1521	-78.5915	0.7200	75.7247	0.6939	2.3e-04	0.5461
1609	-109.1620	-109.1620	-79.4541	0.7279	74.8154	0.6857	2.3e-04	0.5490
1610	-109.1703	-109.1703	-78.4823	0.7189	75.8201	0.6949	2.3e-04	0.5469
1611	-109.1404	-109.1404	-79.5735	0.7291	74.6642	0.6843	2.3e-04	0.5479
1612	-109.1642	-109.1642	-79.2566	0.7260	75.0344	0.6877	2.3e-04	0.5461
1613	-109.1604	-109.1604	-78.7282	0.7212	75.5900	0.6927	2.3e-04	0.5485
1614	-109.1665	-109.1665	-78.8018	0.7218	75.5173	0.6920	2.3e-04	0.5459
1615	-109.1645	-109.1645	-78.7580	0.7215	75.5522	0.6924	2.3e-04	0.5476
1616	-109.1501	-109.1501	-78.4830	0.7190	75.8191	0.6949	2.3e-04	0.5467
1617	-109.1430	-109.1430	-79.9256	0.7323	74.2993	0.6809	2.3e-04	0.5472
1618	-109.1461	-109.1461	-79.4058	0.7275	74.8682	0.6861	2.3e-04	0.5476
1619	-109.1520	-109.1520	-79.1103	0.7248	75.1727	0.6890	2.3e-04	0.5455
1620	-109.1584	-109.1584	-78.8693	0.7225	75.4261	0.6913	2.3e-04	0.5479
1621	-109.1423	-109.1423	-78.8359	0.7223	75.4222	0.6913	2.3e-04	0.5463
1622	-109.1355	-109.1355	-79.5862	0.7292	74.6581	0.6842	2.3e-04	0.5481
1623	-109.1499	-109.1499	-79.3852	0.7273	74.8904	0.6863	2.3e-04	0.5450
1624	-109.1494	-109.1494	-79.3327	0.7268	74.9041	0.6865	2.3e-04	0.5483
1625	-109.1403	-109.1403	-79.6415	0.7297	74.5890	0.6837	2.3e-04	0.5463
1626	-109.1606	-109.1606	-79.1907	0.7255	75.1024	0.6882	2.3e-04	0.5463
1627	-109.1638	-109.1638	-79.0151	0.7238	75.2913	0.6900	2.3e-04	0.5470
1628	-109.1526	-109.1526	-79.2338	0.7259	75.0365	0.6877	2.3e-04	0.5476
1629	-109.1678	-109.1678	-79.3619	0.7270	74.9246	0.6866	2.3e-04	0.5492
1630	-109.1537	-109.1537	-78.4782	0.7190	75.8282	0.6949	2.3e-04	0.5471
1631	-109.1645	-109.1645	-79.1892	0.7254	75.0829	0.6881	2.3e-04	0.5484
1632	-109.1399	-109.1399	-78.4874	0.7191	75.8021	0.6947	2.3e-04	0.5538
1633	-109.1521	-109.1521	-79.0739	0.7244	75.2175	0.6893	2.3e-04	0.5471
1634	-109.1541	-109.1541	-79.6216	0.7294	74.6298	0.6840	2.3e-04	0.5460
1635	-109.1649	-109.1649	-78.6862	0.7208	75.6381	0.6931	2.3e-04	0.5457
1636	-109.1518	-109.1518	-79.4450	0.7278	74.8239	0.6857	2.3e-04	0.5485
1637	-109.1564	-109.1564	-80.0185	0.7331	74.1919	0.6800	2.3e-04	0.5471
1638	-109.1614	-109.1614	-79.0383	0.7241	75.2373	0.6895	2.3e-04	0.5489
1639	-109.1603	-109.1603	-78.9869	0.7236	75.3060	0.6902	2.3e-04	0.5469
1640	-109.1453	-109.1453	-78.3283	0.7177	75.9853	0.6964	2.3e-04	0.5456
1641	-109.1466	-109.1466	-78.7512	0.7215	75.5453	0.6924	2.3e-04	0.5463
1642	-109.1642	-109.1642	-78.5549	0.7196	75.7396	0.6942	2.3e-04	0.5452
1643	-109.1475	-109.1475	-78.4483	0.7187	75.8445	0.6951	2.3e-04	0.5488
1644	-109.1652	-109.1652	-78.5889	0.7199	75.7390	0.6941	2.3e-04	0.5467
1645	-109.1739	-109.1739	-78.1618	0.7159	76.1830	0.6982	2.3e-04	0.5466
1646	-109.1772	-109.1772	-78.5831	0.7198	75.7587	0.6942	2.3e-04	0.5475
1647	-109.1727	-109.1727	-78.4144	0.7183	75.9271	0.6958	2.3e-04	0.5464
1648	-109.1545	-109.1545	-77.9188	0.7138	76.3989	0.7002	2.3e-04	0.5461
1649	-109.1391	-109.1391	-78.9804	0.7237	75.2830	0.6901	2.3e-04	0.5455
1650	-109.1527	-109.1527	-78.3997	0.7183	75.9043	0.6957	2.3e-04	0.5465
1651	-109.1497	-109.1497	-78.7377	0.7214	75.5521	0.6924	2.3e-04	0.5463
1652	-109.1541	-109.1541	-78.2059	0.7165	76.1154	0.6976	2.3e-04	0.5494
1653	-109.1629	-109.1629	-78.9941	0.7236	75.3006	0.6901	2.3e-04	0.5464
1654	-109.1585	-109.1585	-78.7323	0.7213	75.5597	0.6924	2.3e-04	0.5491
1655	-109.1352	-109.1352	-78.4234	0.7186	75.8692	0.6954	2.3e-04	0.5467
1656	-109.1718	-109.1718	-77.9204	0.7137	76.3885	0.7000	2.3e-04	0.5491
1657	-109.1617	-109.1617	-78.4385	0.7186	75.8785	0.6954	2.3e-04	0.5452
1658	-109.1450	-109.1450	-77.6376	0.7113	76.6920	0.7029	2.3e-04	0.5473
1659	-109.1626	-109.1626	-78.0799	0.7153	76.2420	0.6988	2.3e-04	0.5465
1660	-109.1466	-109.1466	-78.1788	0.7163	76.1288	0.6978	2.3e-04	0.5485
1661	-109.1668	-109.1668	-78.1719	0.7161	76.1628	0.6980	2.3e-04	0.5443
1662	-109.1485	-109.1485	-77.8152	0.7129	76.5136	0.7012	2.3e-04	0.5476
1663	-109.1732	-109.1732	-77.7181	0.7119	76.6333	0.7023	2.3e-04	0.5466
1664	-109.1626	-109.1626	-78.1137	0.7156	76.2168	0.6985	2.3e-04	0.5457
1665	-109.1517	-109.1517	-77.0638	0.7060	77.2725	0.7082	2.3e-04	0.5481
1666	-109.1645	-109.1645	-77.3205	0.7083	77.0249	0.7059	2.2e-04	0.5462
1667	-109.1578	-109.1578	-77.2034	0.7073	77.1269	0.7069	2.2e-04	0.5552
1668	-109.1519	-109.1519	-78.4066	0.7183	75.8998	0.6956	2.2e-04	0.5480
1669	-109.1758	-109.1758	-76.1385	0.6974	78.2050	0.7166	2.2e-04	0.5446
1670	-109.1614	-109.1614	-77.7518	0.7123	76.5901	0.7019	2.2e-04	0.5456
1671	-109.1538	-109.1538	-77.9221	0.7139	76.4016	0.7002	2.2e-04	0.5498
1672	-109.1472	-109.1472	-78.5019	0.7192	75.8006	0.6947	2.2e-04	0.5477
1673	-109.1404	-109.1404	-78.9409	0.7233	75.3422	0.6905	2.2e-04	0.5463
1674	-109.1358	-109.1358	-77.9619	0.7144	76.3269	0.6996	2.2e-04	0.5463
1675	-109.1485	-109.1485	-78.1408	0.7159	76.1714	0.6981	2.2e-04	0.5473
1676	-109.1646	-109.1646	-77.6069	0.7109	76.7431	0.7033	2.2e-04	0.5450
1677	-109.1388	-109.1388	-77.9990	0.7147	76.2953	0.6994	2.2e-04	0.5463
1678	-109.1315	-109.1315	-77.9438	0.7142	76.3500	0.6998	2.2e-04	0.5475
1679	-109.1517	-109.1517	-77.0900	0.7063	77.2383	0.7079	2.2e-04	0.5471
1680	-109.1600	-109.1600	-77.3910	0.7090	76.9439	0.7052	2.2e-04	0.5499
1681	-109.1719	-109.1719	-77.2015	0.7072	77.1233	0.7067	2.2e-04	0.5471
1682	-109.1467	-109.1467	-76.4387	0.7003	77.8833	0.7138	2.2e-04	0.5481
1683	-109.1475	-109.1475	-77.8504	0.7133	76.4297	0.7006	2.2e-04	0.5472
1684	-109.1633	-109.1633	-76.7040	0.7027	77.6403	0.7115	2.2e-04	0.5474
1685	-109.1579	-109.1579	-76.4706	0.7006	77.8416	0.7135	2.2e-04	0.5464
1686	-109.1517	-109.1517	-76.6042	0.7018	77.7271	0.7123	2.2e-04	0.5476
1687	-109.1597	-109.1597	-76.0644	0.6968	78.2464	0.7172	2.2e-04	0.5477
1688	-109.1698	-109.1698	-77.0676	0.7059	77.2852	0.7083	2.2e-04	0.5471
1689	-109.1659	-109.1659	-76.4048	0.6999	77.9444	0.7142	2.2e-04	0.5474
1690	-109.1680	-109.1680	-76.2850	0.6988	78.0608	0.7153	2.2e-04	0.5459
1691	-109.1637	-109.1637	-75.9627	0.6959	78.3501	0.7180	2.2e-04	0.5471
1692	-109.1632	-109.1632	-77.0283	0.7056	77.3162	0.7086	2.2e-04	0.5508
1693	-109.1619	-109.1619	-75.9634	0.6959	78.3581	0.7182	2.2e-04	0.5479
1694	-109.1587	-109.1587	-76.3407	0.6994	77.9947	0.7148	2.2e-04	0.5471
1695	-109.1481	-109.1481	-76.3899	0.6999	77.9364	0.7143	2.2e-04	0.5511
1696	-109.1688	-109.1688	-76.4393	0.7002	77.9034	0.7139	2.2e-04	0.5484
1697	-109.1716	-109.1716	-76.5011	0.7007	77.8565	0.7134	2.2e-04	0.5477
1698	-109.1502	-109.1502	-76.8429	0.7040	77.4862	0.7102	2.2e-04	0.5474
1699	-109.1626	-109.1626	-76.3873	0.6998	77.9579	0.7144	2.2e-04	0.5486
1700	-109.1749	-109.1749	-76.6541	0.7021	77.7079	0.7121	2.2e-04	0.5457
1701	-109.1701	-109.1701	-76.8945	0.7044	77.4563	0.7098	2.2e-04	0.5458
1702	-109.1563	-109.1563	-76.3575	0.6995	77.9676	0.7145	2.2e-04	0.5465
1703	-109.1622	-109.1622	-76.6241	0.7019	77.7101	0.7122	2.2e-04	0.5480
1704	-109.1537	-109.1537	-77.1782	0.7071	77.1438	0.7070	2.2e-04	0.5462
1705	-109.1447	-109.1447	-76.9115	0.7047	77.4109	0.7095	2.2e-04	0.5474
1706	-109.1604	-109.1604	-76.8691	0.7042	77.4831	0.7100	2.2e-04	0.5466
1707	-109.1626	-109.1626	-75.8120	0.6945	78.5152	0.7195	2.2e-04	0.5490
1708	-109.1394	-109.1394	-77.0573	0.7060	77.2408	0.7080	2.2e-04	0.5481
1709	-109.1519	-109.1519	-76.6789	0.7025	77.6528	0.7117	2.2e-04	0.5475
1710	-109.1408	-109.1408	-77.2097	0.7074	77.0971	0.7067	2.2e-04	0.5478
1711	-109.1498	-109.1498	-76.9609	0.7051	77.3639	0.7091	2.2e-04	0.5465
1712	-109.1514	-109.1514	-76.4646	0.7005	77.8615	0.7136	2.2e-04	0.5473
1713	-109.1687	-109.1687	-75.9105	0.6954	78.4298	0.7187	2.2e-04	0.5466
1714	-109.1500	-109.1500	-76.8999	0.7045	77.4255	0.7096	2.2e-04	0.5472
1715	-109.1411	-109.1411	-76.5120	0.7010	77.8001	0.7131	2.2e-04	0.5492
1716	-109.1566	-109.1566	-75.7391	0.6939	78.5705	0.7201	2.2e-04	0.5489
1717	-109.1828	-109.1828	-75.6647	0.6930	78.6805	0.7209	2.2e-04	0.5488
1718	-109.1613	-109.1613	-76.7178	0.7028	77.6228	0.7114	2.2e-04	0.5463
1719	-109.1270	-109.1270	-76.5620	0.7016	77.7371	0.7126	2.2e-04	0.5492
1720	-109.1490	-109.1490	-76.5159	0.7010	77.7959	0.7131	2.2e-04	0.5497
1721	-109.1653	-109.1653	-75.7573	0.6940	78.5525	0.7200	2.2e-04	0.5505
1722	-109.1499	-109.1499	-75.5660	0.6923	78.7352	0.7216	2.2e-04	0.5488
1723	-109.1666	-109.1666	-75.9912	0.6961	78.2946	0.7175	2.2e-04	0.5477
1724	-109.1649	-109.1649	-75.9632	0.6959	78.3444	0.7179	2.2e-04	0.5500
1725	-109.1398	-109.1398	-76.4752	0.7007	77.8346	0.7134	2.2e-04	0.5449
1726	-109.1584	-109.1584	-75.8430	0.6948	78.4791	0.7192	2.2e-04	0.5490
1727	-109.1683	-109.1684	-75.9608	0.6958	78.3723	0.7182	2.2e-04	0.5472
1728	-109.1705	-109.1705	-76.1625	0.6976	78.1501	0.7161	2.2e-04	0.5505
1729	-109.1674	-109.1674	-76.1094	0.6972	78.2158	0.7167	2.2e-04	0.5470
1730	-109.1526	-109.1526	-75.9529	0.6958	78.3614	0.7182	2.2e-04	0.5496
1731	-109.1591	-109.1591	-77.1536	0.7068	77.1667	0.7072	2.2e-04	0.5460
1732	-109.1625	-109.1625	-76.6259	0.7019	77.7165	0.7122	2.2e-04	0.5524
1733	-109.1474	-109.1474	-76.5631	0.7015	77.7597	0.7127	2.2e-04	0.5481
1734	-109.1723	-109.1723	-77.2845	0.7079	77.0743	0.7063	2.2e-04	0.5497
1735	-109.1587	-109.1587	-77.0949	0.7063	77.2476	0.7079	2.2e-04	0.5478
1736	-109.1766	-109.1766	-76.4036	0.6998	77.9598	0.7143	2.2e-04	0.5482
1737	-109.1593	-109.1593	-76.2904	0.6989	78.0442	0.7152	2.2e-04	0.5469
1738	-109.1795	-109.1795	-77.3597	0.7086	77.0058	0.7056	2.2e-04	0.5502
1739	-109.1461	-109.1461	-76.7643	0.7033	77.5623	0.7108	2.2e-04	0.5481
1740	-109.1666	-109.1666	-77.2420	0.7076	77.1020	0.7066	2.2e-04	0.5493
1741	-109.1694	-109.1694	-76.9446	0.7048	77.4015	0.7094	2.2e-04	0.5478
1742	-109.1653	-109.1653	-76.6245	0.7019	77.7169	0.7122	2.2e-04	0.5492
1743	-109.1619	-109.1619	-77.8869	0.7135	76.4508	0.7006	2.2e-04	0.5463
1744	-109.1581	-109.1581	-78.2421	0.7168	76.0780	0.6972	2.2e-04	0.5499
1745	-109.1702	-109.1702	-76.9999	0.7053	77.3442	0.7088	2.2e-04	0.5466
1746	-109.1529	-109.1529	-77.0449	0.7058	77.2730	0.7082	2.2e-04	0.5502
1747	-109.1662	-109.1662	-77.8719	0.7133	76.4702	0.7007	2.2e-04	0.5471
1748	-109.1490	-109.1490	-78.1981	0.7164	76.1178	0.6976	2.2e-04	0.5473
1749	-109.1599	-109.1599	-79.1497	0.7251	75.1333	0.6887	2.2e-04	0.5456
1750	-109.1568	-109.1568	-78.1615	0.7160	76.1547	0.6980	2.2e-04	0.5473
1751	-109.1760	-109.1760	-78.1523	0.7158	76.1951	0.6983	2.2e-04	0.5466
1752	-109.1714	-109.1714	-77.5877	0.7107	76.7662	0.7035	2.2e-04	0.5466
1753	-109.1614	-109.1614	-77.6213	0.7111	76.7169	0.7031	2.2e-04	0.5474
1754	-109.1575	-109.1575	-78.0827	0.7153	76.2446	0.6988	2.2e-04	0.5476
1755	-109.1627	-109.1627	-77.5901	0.7108	76.7614	0.7034	2.2e-04	0.5464
1756	-109.1708	-109.1708	-77.5015	0.7099	76.8521	0.7042	2.2e-04	0.5464
1757	-109.1658	-109.1658	-76.8769	0.7042	77.4631	0.7100	2.2e-04	0.5459
1758	-109.1545	-109.1545	-78.3115	0.7174	76.0059	0.6966	2.2e-04	0.5462
1759	-109.1697	-109.1697	-77.7057	0.7118	76.6423	0.7024	2.2e-04	0.5476
1760	-109.1530	-109.1530	-78.1016	0.7155	76.2056	0.6984	2.2e-04	0.5496
1761	-109.1489	-109.1489	-78.6030	0.7201	75.7073	0.6938	2.2e-04	0.5498
1762	-109.1715	-109.1715	-78.4256	0.7184	75.8761	0.6953	2.2e-04	0.5509
1763	-109.1541	-109.1541	-77.6542	0.7114	76.6692	0.7027	2.2e-04	0.5483
1764	-109.1698	-109.1698	-78.3125	0.7173	76.0242	0.6967	2.2e-04	0.5487
1765	-109.1734	-109.1734	-78.3947	0.7181	75.9353	0.6959	2.2e-04	0.5519
1766	-109.1836	-109.1836	-78.3173	0.7173	76.0437	0.6968	2.2e-04	0.5551
1767	-109.1568	-109.1568	-77.8889	0.7135	76.4441	0.7006	2.2e-04	0.5462
1768	-109.1800	-109.1800	-78.8359	0.7221	75.5008	0.6918	2.2e-04	0.5470
1769	-109.1602	-109.1602	-77.2860	0.7080	77.0396	0.7061	2.2e-04	0.5508
1770	-109.1415	-109.1415	-77.8977	0.7137	76.4215	0.7004	2.2e-04	0.5484
1771	-109.1646	-109.1646	-78.3296	0.7175	75.9948	0.6965	2.2e-04	0.5482
1772	-109.1571	-109.1571	-77.4671	0.7097	76.8783	0.7045	2.2e-04	0.5499
1773	-109.1665	-109.1665	-78.0248	0.7147	76.3089	0.6994	2.2e-04	0.5469
1774	-109.1643	-109.1643	-77.4268	0.7093	76.9245	0.7049	2.2e-04	0.5472
1775	-109.1678	-109.1678	-78.0561	0.7150	76.2665	0.6990	2.2e-04	0.5473
1776	-109.1759	-109.1759	-77.1018	0.7062	77.2465	0.7080	2.2e-04	0.5494
1777	-109.1445	-109.1445	-78.7650	0.7217	75.5253	0.6922	2.2e-04	0.5488
1778	-109.1487	-109.1487	-78.1389	0.7159	76.1686	0.6982	2.2e-04	0.5489
1779	-109.1621	-109.1621	-78.0527	0.7150	76.2810	0.6990	2.2e-04	0.5474
1780	-109.1486	-109.1486	-77.4159	0.7093	76.9055	0.7049	2.2e-04	0.5479
1781	-109.1595	-109.1595	-79.7342	0.7304	74.5185	0.6830	2.2e-04	0.5475
1782	-109.1656	-109.1656	-77.2694	0.7078	77.0692	0.7063	2.2e-04	0.5460
1783	-109.1700	-109.1700	-76.9405	0.7048	77.4180	0.7094	2.2e-04	0.5477
1784	-109.1462	-109.1462	-78.7282	0.7213	75.5710	0.6926	2.2e-04	0.5470
1785	-109.1472	-109.1472	-76.7385	0.7031	77.5678	0.7110	2.2e-04	0.5466
1786	-109.1603	-109.1603	-76.7300	0.7029	77.6023	0.7112	2.2e-04	0.5474
1787	-109.1479	-109.1479	-77.6283	0.7112	76.7020	0.7030	2.2e-04	0.5477
1788	-109.1707	-109.1707	-77.5125	0.7100	76.8310	0.7041	2.2e-04	0.5497
1789	-109.1651	-109.1651	-76.4920	0.7007	77.8355	0.7133	2.2e-04	0.5455
1790	-109.1727	-109.1727	-77.0269	0.7056	77.3321	0.7086	2.2e-04	0.5484
1791	-109.1782	-109.1782	-77.3331	0.7083	77.0347	0.7059	2.2e-04	0.5459
1792	-109.1530	-109.1530	-76.9592	0.7051	77.3736	0.7091	2.2e-04	0.5473
1793	-109.1466	-109.1466	-77.5724	0.7107	76.7599	0.7034	2.2e-04	0.5477
1794	-109.1567	-109.1567	-76.2633	0.6987	78.0523	0.7154	2.2e-04	0.5524
1795	-109.1654	-109.1654	-77.4741	0.7097	76.8499	0.7043	2.2e-04	0.5479
1796	-109.1470	-109.1470	-77.5573	0.7106	76.7727	0.7036	2.2e-04	0.5502
1797	-109.1704	-109.1704	-77.3798	0.7088	76.9780	0.7054	2.2e-04	0.5480
1798	-109.1501	-109.1501	-76.9795	0.7053	77.3408	0.7088	2.2e-04	0.5487
1799	-109.1727	-109.1727	-76.4004	0.6998	77.9505	0.7143	2.2e-04	0.5496
1800	-109.1670	-109.1670	-76.7827	0.7034	77.5675	0.7108	2.2e-04	0.5490
1801	-109.1461	-109.1461	-78.0726	0.7153	76.2473	0.6987	2.2e-04	0.5460
1802	-109.1548	-109.1548	-76.4854	0.7007	77.8461	0.7134	2.2e-04	0.5492
1803	-109.1475	-109.1475	-77.0295	0.7057	77.2943	0.7085	2.2e-04	0.5468
1804	-109.1845	-109.1845	-77.4035	0.7089	76.9573	0.7052	2.2e-04	0.5507
1805	-109.1854	-109.1854	-77.3369	0.7083	77.0202	0.7058	2.2e-04	0.5474
1806	-109.1692	-109.1692	-76.5369	0.7011	77.8042	0.7130	2.2e-04	0.5494
1807	-109.1637	-109.1637	-76.0685	0.6968	78.2605	0.7172	2.2e-04	0.5468
1808	-109.1743	-109.1743	-75.9758	0.6959	78.3675	0.7181	2.2e-04	0.5471
1809	-109.1608	-109.1608	-76.8922	0.7044	77.4351	0.7097	2.2e-04	0.5480
1810	-109.1547	-109.1547	-76.3634	0.6996	77.9701	0.7145	2.2e-04	0.5472
1811	-109.1520	-109.1521	-75.6249	0.6928	78.6777	0.7210	2.2e-04	0.5474
1812	-109.1579	-109.1579	-76.8041	0.7036	77.5393	0.7106	2.2e-04	0.5485
1813	-109.1500	-109.1500	-76.7210	0.7029	77.6122	0.7113	2.2e-04	0.5479
1814	-109.1680	-109.1680	-76.0913	0.6970	78.2458	0.7170	2.2e-04	0.5495
1815	-109.1739	-109.1739	-76.8889	0.7043	77.4635	0.7098	2.2e-04	0.5478
1816	-109.1453	-109.1453	-77.2916	0.7082	77.0338	0.7060	2.2e-04	0.5493
1817	-109.1673	-109.1673	-77.0960	0.7062	77.2549	0.7080	2.2e-04	0.5498
1818	-109.1495	-109.1495	-76.8521	0.7041	77.4736	0.7101	2.2e-04	0.5476
1819	-109.1615	-109.1615	-76.5684	0.7014	77.7597	0.7127	2.2e-04	0.5462
1820	-109.1607	-109.1607	-76.5236	0.7010	77.8102	0.7131	2.2e-04	0.5461
1821	-109.1595	-109.1595	-77.5294	0.7102	76.8048	0.7039	2.2e-04	0.5473
1822	-109.1694	-109.1694	-76.0711	0.6968	78.2599	0.7172	2.2e-04	0.5484
1823	-109.1642	-109.1642	-77.2044	0.7072	77.1353	0.7069	2.2e-04	0.5469
1824	-109.1791	-109.1791	-76.6756	0.7023	77.6820	0.7119	2.2e-04	0.5480
1825	-109.1699	-109.1699	-76.9030	0.7044	77.4554	0.7098	2.2e-04	0.5489
1826	-109.1615	-109.1615	-76.3577	0.6995	77.9518	0.7144	2.2e-04	0.5470
1827	-109.1852	-109.1852	-76.1985	0.6979	78.1531	0.7162	2.2e-04	0.5463
1828	-109.1575	-109.1575	-76.2276	0.6983	78.0866	0.7156	2.2e-04	0.5490
1829	-109.1576	-109.1576	-77.0080	0.7055	77.3357	0.7087	2.2e-04	0.5491
1830	-109.1506	-109.1506	-76.7346	0.7030	77.5711	0.7109	2.2e-04	0.5489
1831	-109.1507	-109.1507	-75.8000	0.6945	78.4817	0.7194	2.2e-04	0.5475
1832	-109.1599	-109.1599	-76.1664	0.6978	78.1422	0.7162	2.2e-04	0.5494
1833	-109.1490	-109.1490	-76.2589	0.6987	78.0480	0.7153	2.2e-04	0.5469
1834	-109.1411	-109.1411	-77.0273	0.7058	77.2962	0.7084	2.2e-04	0.5484
1835	-109.1506	-109.1506	-76.2478	0.6986	78.0736	0.7155	2.2e-04	0.5477
1836	-109.1390	-109.1390	-76.5862	0.7017	77.7227	0.7123	2.2e-04	0.5495
1837	-109.1670	-109.1670	-76.2383	0.6984	78.1073	0.7157	2.2e-04	0.5491
1838	-109.1407	-109.1407	-76.5980	0.7018	77.7184	0.7123	2.2e-04	0.5486
1839	-109.1432	-109.1432	-76.4800	0.7007	77.8360	0.7134	2.2e-04	0.5466
1840	-109.1671	-109.1671	-76.7817	0.7033	77.5710	0.7108	2.2e-04	0.5503
1841	-109.1659	-109.1659	-76.3368	0.6993	78.0020	0.7148	2.2e-04	0.5488
1842	-109.1617	-109.1617	-75.9140	0.6954	78.3900	0.7184	2.2e-04	0.5479
1843	-109.1503	-109.1503	-75.7950	0.6944	78.5111	0.7196	2.2e-04	0.5505
1844	-109.1851	-109.1851	-76.7638	0.7031	77.5950	0.7111	2.2e-04	0.5475
1845	-109.1562	-109.1562	-76.5059	0.7009	77.8252	0.7133	2.2e-04	0.5497
1846	-109.1426	-109.1426	-75.6356	0.6930	78.6616	0.7209	2.2e-04	0.5477
1847	-109.1554	-109.1554	-76.3647	0.6996	77.9575	0.7145	2.2e-04	0.5479
1848	-109.1756	-109.1756	-76.3988	0.6998	77.9474	0.7143	2.2e-04	0.5459
1849	-109.1671	-109.1671	-76.2198	0.6982	78.1126	0.7159	2.2e-04	0.5488
1850	-109.1549	-109.1549	-76.9643	0.7051	77.3848	0.7091	2.2e-04	0.5473
1851	-109.1745	-109.1745	-77.0462	0.7057	77.3178	0.7085	2.2e-04	0.5495
1852	-109.1382	-109.1382	-76.1149	0.6974	78.1658	0.7164	2.2e-04	0.5556
1853	-109.1503	-109.1503	-76.2643	0.6987	78.0535	0.7154	2.2e-04	0.5489
1854	-109.1710	-109.1710	-76.9814	0.7051	77.3672	0.7089	2.2e-04	0.5464
1855	-109.1399	-109.1399	-76.0936	0.6972	78.2186	0.7169	2.2e-04	0.5497
1856	-109.1632	-109.1632	-76.7342	0.7029	77.6102	0.7112	2.2e-04	0.5481
1857	-109.1566	-109.1566	-75.8983	0.6953	78.4206	0.7187	2.2e-04	0.5478
1858	-109.1551	-109.1551	-76.5696	0.7015	77.7622	0.7126	2.2e-04	0.5465
1859	-109.1533	-109.1533	-76.0693	0.6969	78.2412	0.7170	2.2e-04	0.5463
1860	-109.1557	-109.1557	-76.9570	0.7050	77.3663	0.7091	2.2e-04	0.5456
1861	-109.1707	-109.1707	-77.0951	0.7062	77.2664	0.7080	2.2e-04	0.5478
1862	-109.1483	-109.1483	-76.6052	0.7018	77.7089	0.7122	2.2e-04	0.5492
1863	-109.1637	-109.1637	-76.1675	0.6977	78.1558	0.7162	2.2e-04	0.5465
1864	-109.1704	-109.1705	-75.5314	0.6919	78.7855	0.7219	2.2e-04	0.5496
1865	-109.1602	-109.1602	-75.8064	0.6945	78.4999	0.7195	2.2e-04	0.5492
1866	-109.1518	-109.1518	-76.2315	0.6984	78.0672	0.7155	2.2e-04	0.5476
1867	-109.1722	-109.1722	-76.9650	0.7050	77.3820	0.7091	2.2e-04	0.5487
1868	-109.1514	-109.1514	-76.2082	0.6982	78.1123	0.7159	2.2e-04	0.5470
1869	-109.1650	-109.1650	-77.8541	0.7132	76.4895	0.7010	2.2e-04	0.5495
1870	-109.1625	-109.1625	-77.2824	0.7080	77.0686	0.7062	2.2e-04	0.5464
1871	-109.1548	-109.1548	-76.5882	0.7016	77.6984	0.7122	2.2e-04	0.5482
1872	-109.1517	-109.1517	-76.1968	0.6981	78.1169	0.7159	2.2e-04	0.5462
1873	-109.1580	-109.1582	-74.8735	0.6859	79.3526	0.7273	2.2e-04	0.5483
1874	-109.1639	-109.1639	-76.8787	0.7043	77.4666	0.7099	2.2e-04	0.5457
1875	-109.1630	-109.1630	-76.8045	0.7036	77.5436	0.7106	2.2e-04	0.5491
1876	-109.1535	-109.1535	-77.4500	0.7096	76.8186	0.7040	2.2e-04	0.5470
1877	-109.1500	-109.1500	-77.9114	0.7138	76.4077	0.7003	2.2e-04	0.5488
1878	-109.1518	-109.1518	-76.6244	0.7020	77.7016	0.7122	2.2e-04	0.5455
1879	-109.1499	-109.1499	-76.7718	0.7034	77.5572	0.7108	2.2e-04	0.5476
1880	-109.1632	-109.1632	-76.7989	0.7035	77.5377	0.7107	2.2e-04	0.5453
1881	-109.1715	-109.1715	-76.4739	0.7005	77.8720	0.7136	2.2e-04	0.5462
1882	-109.1603	-109.1603	-77.0223	0.7056	77.3254	0.7086	2.2e-04	0.5463
1883	-109.1703	-109.1703	-76.5822	0.7015	77.7662	0.7127	2.2e-04	0.5460
1884	-109.1743	-109.1743	-76.9541	0.7049	77.3993	0.7092	2.2e-04	0.5468
1885	-109.1588	-109.1588	-76.2147	0.6982	78.1077	0.7159	2.2e-04	0.5464
1886	-109.1561	-109.1561	-77.4409	0.7095	76.8705	0.7045	2.2e-04	0.5479
1887	-109.1735	-109.1735	-76.6442	0.7020	77.7114	0.7121	2.2e-04	0.5453
1888	-109.1495	-109.1495	-76.9922	0.7054	77.3262	0.7088	2.2e-04	0.5472
1889	-109.1468	-109.1468	-76.8571	0.7042	77.4587	0.7100	2.2e-04	0.5487
1890	-109.1539	-109.1539	-76.7294	0.7029	77.6153	0.7112	2.2e-04	0.5476
1891	-109.1651	-109.1651	-76.8600	0.7041	77.4869	0.7101	2.2e-04	0.5474
1892	-109.1713	-109.1714	-75.8559	0.6948	78.4764	0.7192	2.2e-04	0.5461
1893	-109.1549	-109.1550	-76.0568	0.6968	78.2703	0.7173	2.2e-04	0.5465
1894	-109.1623	-109.1624	-75.2690	0.6895	79.0282	0.7243	2.2e-04	0.5489
1895	-109.1608	-109.1609	-75.9621	0.6959	78.3669	0.7182	2.2e-04	0.5466
1896	-109.1657	-109.1657	-76.8956	0.7044	77.4415	0.7098	2.2e-04	0.5465
1897	-109.1728	-109.1728	-76.4479	0.7002	77.8959	0.7138	2.2e-04	0.5476
1898	-109.1600	-109.1600	-76.2613	0.6986	78.0720	0.7155	2.2e-04	0.5470
1899	-109.1617	-109.1617	-76.4263	0.7001	77.9095	0.7140	2.2e-04	0.5468
1900	-109.1556	-109.1556	-76.0623	0.6968	78.2592	0.7172	2.2e-04	0.5460
1901	-109.1398	-109.1398	-76.4136	0.7001	77.9023	0.7140	2.2e-04	0.5468
1902	-109.1692	-109.1692	-75.8448	0.6947	78.4804	0.7192	2.2e-04	0.5460
1903	-109.1396	-109.1396	-76.6226	0.7021	77.6917	0.7121	2.2e-04	0.5464
1904	-109.1471	-109.1472	-75.8353	0.6948	78.4381	0.7189	2.2e-04	0.5488
1905	-109.1655	-109.1655	-76.3608	0.6995	77.9774	0.7146	2.2e-04	0.5456
1906	-109.1524	-109.1525	-76.1521	0.6977	78.1694	0.7164	2.2e-04	0.5478
1907	-109.1729	-109.1729	-75.7066	0.6935	78.6222	0.7205	2.2e-04	0.5470
1908	-109.1710	-109.1711	-75.1214	0.6881	79.1765	0.7256	2.2e-04	0.5453
1909	-109.1484	-109.1484	-76.2689	0.6988	78.0538	0.7153	2.2e-04	0.5483
1910	-109.1683	-109.1683	-77.0268	0.7056	77.3320	0.7086	2.2e-04	0.5464
1911	-109.1714	-109.1714	-76.4505	0.7003	77.9067	0.7139	2.2e-04	0.5475
1912	-109.1549	-109.1549	-76.8014	0.7036	77.5132	0.7105	2.2e-04	0.5466
1913	-109.1618	-109.1618	-76.4235	0.7001	77.9011	0.7139	2.2e-04	0.5488
1914	-109.1739	-109.1740	-75.3695	0.6904	78.9445	0.7235	2.2e-04	0.5463
1915	-109.1473	-109.1475	-75.0705	0.6878	79.2036	0.7259	2.2e-04	0.5455
1916	-109.1362	-109.1362	-76.8983	0.7046	77.4138	0.7096	2.2e-04	0.5475
1917	-109.1603	-109.1603	-77.1101	0.7064	77.2229	0.7078	2.2e-04	0.5449
1918	-109.1597	-109.1597	-75.8730	0.6951	78.3776	0.7183	2.2e-04	0.5488
1919	-109.1617	-109.1617	-76.7594	0.7032	77.5763	0.7110	2.2e-04	0.5464
1920	-109.1762	-109.1762	-76.4614	0.7003	77.8956	0.7138	2.2e-04	0.5480
1921	-109.1781	-109.1781	-77.1125	0.7063	77.2487	0.7079	2.2e-04	0.5457
1922	-109.1560	-109.1560	-76.4572	0.7004	77.8763	0.7137	2.2e-04	0.5453
1923	-109.1617	-109.1617	-76.8410	0.7039	77.5081	0.7103	2.2e-04	0.5481
1924	-109.1574	-109.1574	-75.9713	0.6960	78.3481	0.7181	2.2e-04	0.5472
1925	-109.1598	-109.1598	-75.8587	0.6949	78.4622	0.7191	2.2e-04	0.5470
1926	-109.1618	-109.1618	-76.5805	0.7015	77.7548	0.7126	2.2e-04	0.5479
1927	-109.1719	-109.1719	-76.7041	0.7026	77.6539	0.7116	2.2e-04	0.5461
1928	-109.1394	-109.1394	-76.7275	0.7030	77.5816	0.7111	2.2e-04	0.5458
1929	-109.1521	-109.1521	-76.6083	0.7018	77.7272	0.7123	2.2e-04	0.5486
1930	-109.1619	-109.1619	-76.0850	0.6970	78.2369	0.7171	2.2e-04	0.5487
1931	-109.1503	-109.1503	-75.8916	0.6953	78.4160	0.7187	2.2e-04	0.5467
1932	-109.1635	-109.1635	-77.6775	0.7116	76.6595	0.7025	2.2e-04	0.5463
1933	-109.1574	-109.1574	-76.8804	0.7043	77.4657	0.7099	2.2e-04	0.5466
1934	-109.1782	-109.1783	-75.6593	0.6930	78.6586	0.7209	2.2e-04	0.5459
1935	-109.1624	-109.1624	-76.1448	0.6975	78.1897	0.7165	2.2e-04	0.5469
1936	-109.1789	-109.1789	-75.8853	0.6951	78.4560	0.7188	2.2e-04	0.5454
1937	-109.1679	-109.1679	-77.0042	0.7054	77.3490	0.7088	2.2e-04	0.5452
1938	-109.1498	-109.1498	-77.4367	0.7095	76.8892	0.7047	2.2e-04	0.5476
1939	-109.1644	-109.1644	-76.3724	0.6996	77.9643	0.7145	2.2e-04	0.5486
1940	-109.1410	-109.1410	-76.2395	0.6985	78.0568	0.7154	2.2e-04	0.5453
1941	-109.1598	-109.1598	-77.8175	0.7129	76.5232	0.7013	2.2e-04	0.5452
1942	-109.1680	-109.1680	-76.9842	0.7052	77.3647	0.7089	2.2e-04	0.5483
1943	-109.1597	-109.1597	-77.1000	0.7063	77.2508	0.7079	2.2e-04	0.5477
1944	-109.1430	-109.1430	-76.8735	0.7043	77.4243	0.7096	2.2e-04	0.5478
1945	-109.1368	-109.1368	-77.1024	0.7065	77.2122	0.7077	2.2e-04	0.5470
1946	-109.1620	-109.1620	-76.0699	0.6969	78.2546	0.7172	2.2e-04	0.5480
1947	-109.1476	-109.1476	-77.2349	0.7076	77.0893	0.7065	2.2e-04	0.5466
1948	-109.1502	-109.1502	-77.1145	0.7065	77.2198	0.7077	2.2e-04	0.5481
1949	-109.1615	-109.1615	-77.7833	0.7126	76.5637	0.7016	2.2e-04	0.5478
1950	-109.1578	-109.1578	-76.7389	0.7030	77.5910	0.7111	2.2e-04	0.5473
1951	-109.1476	-109.1476	-76.9090	0.7046	77.4182	0.7096	2.2e-04	0.5466
1952	-109.1797	-109.1797	-76.6655	0.7022	77.6813	0.7118	2.2e-04	0.5464
1953	-109.1672	-109.1672	-76.7192	0.7028	77.6331	0.7114	2.2e-04	0.5479
1954	-109.1514	-109.1514	-77.0040	0.7055	77.3338	0.7087	2.2e-04	0.5473
1955	-109.1590	-109.1590	-77.6301	0.7112	76.7140	0.7030	2.2e-04	0.5492
1956	-109.1615	-109.1615	-76.2986	0.6990	78.0195	0.7150	2.2e-04	0.5449
1957	-109.1633	-109.1633	-76.3298	0.6992	78.0147	0.7149	2.2e-04	0.5479
1958	-109.1598	-109.1598	-78.2661	0.7170	76.0421	0.6970	2.2e-04	0.5461
1959	-109.1554	-109.1554	-78.2180	0.7166	76.0943	0.6975	2.2e-04	0.5482
1960	-109.1501	-109.1501	-77.0377	0.7058	77.2866	0.7083	2.2e-04	0.5463
1961	-109.1425	-109.1425	-77.2998	0.7082	77.0271	0.7060	2.2e-04	0.5474
1962	-109.1619	-109.1619	-76.9627	0.7050	77.3773	0.7092	2.2e-04	0.5455
1963	-109.1599	-109.1599	-77.3124	0.7082	77.0419	0.7060	2.2e-04	0.5461
1964	-109.1650	-109.1650	-77.7388	0.7121	76.6141	0.7021	2.2e-04	0.5460
1965	-109.1568	-109.1568	-77.5011	0.7100	76.8364	0.7042	2.2e-04	0.5456
1966	-109.1595	-109.1595	-76.8863	0.7043	77.4559	0.7098	2.2e-04	0.5476
1967	-109.1699	-109.1699	-77.4095	0.7091	76.9311	0.7051	2.2e-04	0.5485
1968	-109.1509	-109.1509	-77.3647	0.7088	76.9676	0.7054	2.2e-04	0.5459
1969	-109.1603	-109.1603	-77.5917	0.7108	76.7525	0.7034	2.2e-04	0.5463
1970	-109.1612	-109.1612	-76.2832	0.6988	78.0558	0.7153	2.2e-04	0.5456
1971	-109.1696	-109.1696	-76.8658	0.7041	77.4773	0.7101	2.2e-04	0.5447
1972	-109.1409	-109.1409	-76.8227	0.7039	77.5004	0.7103	2.2e-04	0.5474
1973	-109.1608	-109.1608	-76.7284	0.7029	77.6068	0.7113	2.2e-04	0.5484
1974	-109.1570	-109.1570	-76.3527	0.6995	77.9665	0.7146	2.2e-04	0.5459
1975	-109.1471	-109.1471	-77.7598	0.7124	76.5674	0.7017	2.2e-04	0.5459
1976	-109.1461	-109.1461	-77.1390	0.7067	77.1784	0.7073	2.1e-04	0.5452
1977	-109.1649	-109.1649	-76.9131	0.7046	77.4305	0.7096	2.1e-04	0.5470
1978	-109.1475	-109.1475	-76.6774	0.7025	77.6510	0.7116	2.1e-04	0.5454
1979	-109.1592	-109.1592	-76.2849	0.6988	78.0477	0.7153	2.1e-04	0.5476
1980	-109.1607	-109.1607	-77.0469	0.7058	77.2977	0.7084	2.1e-04	0.5460
1981	-109.1554	-109.1554	-76.1410	0.6975	78.1837	0.7165	2.1e-04	0.5459
1982	-109.1649	-109.1649	-76.2108	0.6981	78.1285	0.7159	2.1e-04	0.5468
1983	-109.1920	-109.1920	-76.5180	0.7008	77.8572	0.7134	2.1e-04	0.5483
1984	-109.1647	-109.1647	-76.8446	0.7039	77.4930	0.7101	2.1e-04	0.5468
1985	-109.1598	-109.1598	-76.4520	0.7004	77.8814	0.7138	2.1e-04	0.5480
1986	-109.1623	-109.1623	-77.1155	0.7064	77.2254	0.7078	2.1e-04	0.5464
1987	-109.1531	-109.1531	-76.6150	0.7019	77.7207	0.7122	2.1e-04	0.5477
1988	-109.1592	-109.1592	-76.8342	0.7039	77.5014	0.7103	2.1e-04	0.5458
1989	-109.1551	-109.1551	-77.1275	0.7066	77.2096	0.7076	2.1e-04	0.5461
1990	-109.1582	-109.1582	-76.9313	0.7048	77.4053	0.7094	2.1e-04	0.5468
1991	-109.1631	-109.1632	-75.5637	0.6922	78.7506	0.7217	2.1e-04	0.5467
1992	-109.1574	-109.1574	-76.1239	0.6974	78.2048	0.7167	2.1e-04	0.5476
1993	-109.1511	-109.1513	-74.8769	0.6860	79.3859	0.7276	2.1e-04	0.5458
1994	-109.1409	-109.1409	-76.3967	0.7000	77.8979	0.7140	2.1e-04	0.5488
1995	-109.1482	-109.1482	-76.2911	0.6990	78.0212	0.7151	2.1e-04	0.5457
1996	-109.1715	-109.1715	-76.6463	0.7021	77.7071	0.7121	2.1e-04	0.5461
1997	-109.1609	-109.1610	-75.7288	0.6937	78.5958	0.7202	2.1e-04	0.5492
1998	-109.1582	-109.1583	-75.2502	0.6894	79.0432	0.7244	2.1e-04	0.5450
1999	-109.1540	-109.1540	-77.2265	0.7075	77.1170	0.7067	2.1e-04	0.5485
2000	-109.1420	-109.1420	-75.9363	0.6958	78.3792	0.7183	2.1e-04	0.5463
2001	-109.1595	-109.1595	-76.4540	0.7004	77.8826	0.7137	2.1e-04	0.5445
2002	-109.1801	-109.1801	-76.1482	0.6975	78.2028	0.7166	2.1e-04	0.5471
2003	-109.1544	-109.1544	-76.2898	0.6989	78.0273	0.7151	2.1e-04	0.5461
2004	-109.1464	-109.1464	-76.5776	0.7016	77.7417	0.7126	2.1e-04	0.5453
2005	-109.1515	-109.1515	-76.6168	0.7019	77.7195	0.7122	2.1e-04	0.5466
2006	-109.1698	-109.1698	-76.4539	0.7003	77.8902	0.7138	2.1e-04	0.5454
2007	-109.1564	-109.1564	-76.5930	0.7017	77.7416	0.7125	2.1e-04	0.5464
2008	-109.1639	-109.1639	-77.8639	0.7133	76.4631	0.7008	2.1e-04	0.5454
2009	-109.1768	-109.1768	-76.5971	0.7016	77.7578	0.7126	2.1e-04	0.5471
2010	-109.1659	-109.1659	-76.3603	0.6995	77.9603	0.7145	2.1e-04	0.5466
2011	-109.1520	-109.1520	-76.4951	0.7008	77.8232	0.7132	2.1e-04	0.5485
2012	-109.1725	-109.1725	-77.5308	0.7102	76.8237	0.7040	2.1e-04	0.5465
2013	-109.1460	-109.1460	-77.3845	0.7090	76.9432	0.7052	2.1e-04	0.5458
2014	-109.1506	-109.1506	-76.8685	0.7042	77.4647	0.7100	2.1e-04	0.5489
2015	-109.1459	-109.1459	-76.5868	0.7017	77.7245	0.7124	2.1e-04	0.5472
2016	-109.1576	-109.1576	-76.6052	0.7018	77.7311	0.7124	2.1e-04	0.5476
2017	-109.1531	-109.1531	-76.9909	0.7053	77.3283	0.7087	2.1e-04	0.5469
2018	-109.1556	-109.1556	-76.7224	0.7029	77.6084	0.7113	2.1e-04	0.5455
2019	-109.1522	-109.1522	-76.6819	0.7025	77.6443	0.7117	2.1e-04	0.5485
2020	-109.1513	-109.1513	-76.7031	0.7027	77.6326	0.7114	2.1e-04	0.5456
2021	-109.1565	-109.1565	-76.8150	0.7037	77.5101	0.7104	2.1e-04	0.5471
2022	-109.1721	-109.1721	-76.8977	0.7044	77.4180	0.7095	2.1e-04	0.5459
2023	-109.1534	-109.1535	-75.4711	0.6914	78.8263	0.7224	2.1e-04	0.5454
2024	-109.1428	-109.1428	-77.2020	0.7073	77.0995	0.7067	2.1e-04	0.5478
2025	-109.1497	-109.1497	-76.1238	0.6974	78.1969	0.7167	2.1e-04	0.5452
2026	-109.1599	-109.1599	-75.8723	0.6951	78.4499	0.7190	2.1e-04	0.5481
2027	-109.1609	-109.1610	-75.2871	0.6897	79.0189	0.7241	2.1e-04	0.5465
2028	-109.1497	-109.1497	-76.2652	0.6987	78.0529	0.7153	2.1e-04	0.5473
2029	-109.1622	-109.1623	-75.8081	0.6945	78.4921	0.7194	2.1e-04	0.5466
2030	-109.1648	-109.1649	-76.0592	0.6967	78.2665	0.7173	2.1e-04	0.5463
2031	-109.1496	-109.1497	-75.9868	0.6962	78.3307	0.7179	2.1e-04	0.5476
2032	-109.1374	-109.1374	-75.9578	0.6960	78.3452	0.7181	2.1e-04	0.5470
2033	-109.1548	-109.1548	-75.8016	0.6944	78.4843	0.7192	2.1e-04	0.5470
2034	-109.1699	-109.1699	-75.8420	0.6947	78.4800	0.7192	2.1e-04	0.5459
2035	-109.1556	-109.1556	-76.4752	0.7006	77.8537	0.7135	2.1e-04	0.5460
2036	-109.1539	-109.1539	-76.7768	0.7034	77.5447	0.7108	2.1e-04	0.5478
2037	-109.1765	-109.1765	-76.1552	0.6975	78.2058	0.7165	2.1e-04	0.5461
2038	-109.1598	-109.1598	-76.0181	0.6964	78.2952	0.7176	2.1e-04	0.5467
2039	-109.1543	-109.1543	-76.3827	0.6998	77.9427	0.7144	2.1e-04	0.5455
2040	-109.1596	-109.1597	-75.5670	0.6923	78.7365	0.7216	2.1e-04	0.5465
2041	-109.1711	-109.1712	-75.5927	0.6924	78.7253	0.7215	2.1e-04	0.5453
2042	-109.1593	-109.1594	-75.7604	0.6940	78.5391	0.7198	2.1e-04	0.5464
2043	-109.1578	-109.1579	-75.3948	0.6907	78.9009	0.7231	2.1e-04	0.5472
2044	-109.1548	-109.1548	-76.5800	0.7016	77.7473	0.7126	2.1e-04	0.5459
2045	-109.1375	-109.1376	-75.2932	0.6899	78.9191	0.7233	2.1e-04	0.5456
2046	-109.1592	-109.1592	-75.7785	0.6942	78.5316	0.7198	2.1e-04	0.5449
2047	-109.1560	-109.1562	-74.7621	0.6849	79.5113	0.7286	2.1e-04	0.5471
2048	-109.1495	-109.1496	-75.2805	0.6897	79.0117	0.7241	2.1e-04	0.5477
2049	-109.1546	-109.1547	-75.5707	0.6923	78.7038	0.7213	2.1e-04	0.5446
2050	-109.1604	-109.1604	-76.1161	0.6973	78.2117	0.7168	2.1e-04	0.5482
2051	-109.1709	-109.1710	-75.6910	0.6933	78.6389	0.7206	2.1e-04	0.5467
2052	-109.1841	-109.1841	-76.4051	0.6998	77.9609	0.7143	2.1e-04	0.5458
2053	-109.1658	-109.1658	-77.0551	0.7059	77.3020	0.7084	2.1e-04	0.5484
2054	-109.1592	-109.1593	-75.7773	0.6942	78.5181	0.7196	2.1e-04	0.5462
2055	-109.1415	-109.1415	-76.2681	0.6988	78.0542	0.7153	2.1e-04	0.5475
2056	-109.1569	-109.1569	-75.8316	0.6947	78.4835	0.7193	2.1e-04	0.5479
2057	-109.1711	-109.1711	-76.3018	0.6989	77.9818	0.7147	2.1e-04	0.5477
2058	-109.1421	-109.1421	-76.6008	0.7018	77.7051	0.7122	2.1e-04	0.5486
2059	-109.1525	-109.1525	-77.0449	0.7058	77.2941	0.7084	2.1e-04	0.5488
2060	-109.1770	-109.1770	-76.4217	0.7000	77.9223	0.7141	2.1e-04	0.5476
2061	-109.1573	-109.1573	-76.9773	0.7052	77.3621	0.7090	2.1e-04	0.5476
2062	-109.1665	-109.1665	-77.3260	0.7083	77.0292	0.7059	2.1e-04	0.5486
2063	-109.1373	-109.1373	-77.1006	0.7065	77.2060	0.7076	2.1e-04	0.5466
2064	-109.1512	-109.1512	-75.9654	0.6960	78.3300	0.7179	2.1e-04	0.5475
2065	-109.1529	-109.1529	-76.7822	0.7034	77.5151	0.7104	2.1e-04	0.5471
2066	-109.1587	-109.1587	-76.7022	0.7027	77.6346	0.7115	2.1e-04	0.5474
2067	-109.1766	-109.1766	-76.9297	0.7046	77.4300	0.7095	2.1e-04	0.5472
2068	-109.1586	-109.1586	-76.1461	0.6976	78.1583	0.7162	2.1e-04	0.5478
2069	-109.1547	-109.1547	-76.9610	0.7051	77.3776	0.7091	2.1e-04	0.5484
2070	-109.1556	-109.1556	-76.6692	0.7024	77.6522	0.7116	2.1e-04	0.5469
2071	-109.1552	-109.1552	-77.3313	0.7085	77.0104	0.7057	2.1e-04	0.5476
2072	-109.1455	-109.1455	-77.2598	0.7079	77.0518	0.7063	2.1e-04	0.5465
2073	-109.1517	-109.1517	-77.5921	0.7109	76.7306	0.7033	2.1e-04	0.5488
2074	-109.1487	-109.1487	-77.3705	0.7089	76.9619	0.7053	2.1e-04	0.5481
2075	-109.1722	-109.1722	-77.1384	0.7066	77.1882	0.7074	2.1e-04	0.5490
2076	-109.1804	-109.1804	-76.9631	0.7049	77.3902	0.7092	2.1e-04	0.5471
2077	-109.1376	-109.1376	-76.4850	0.7008	77.8054	0.7132	2.1e-04	0.5484
2078	-109.1521	-109.1521	-76.5363	0.7012	77.8018	0.7130	2.1e-04	0.5483
2079	-109.1482	-109.1482	-76.6021	0.7018	77.7263	0.7124	2.1e-04	0.5490
2080	-109.1645	-109.1645	-76.5314	0.7011	77.8049	0.7130	2.1e-04	0.5498
2081	-109.1424	-109.1424	-77.1333	0.7067	77.1852	0.7075	2.1e-04	0.5489
2082	-109.1567	-109.1567	-76.8185	0.7037	77.5174	0.7104	2.1e-04	0.5469
2083	-109.1625	-109.1625	-76.1914	0.6980	78.1286	0.7161	2.1e-04	0.5474
2084	-109.1667	-109.1668	-75.4034	0.6907	78.9074	0.7231	2.1e-04	0.5483
2085	-109.1531	-109.1532	-75.6897	0.6934	78.6195	0.7205	2.1e-04	0.5497
2086	-109.1486	-109.1486	-77.2898	0.7081	77.0230	0.7060	2.1e-04	0.5480
2087	-109.1692	-109.1692	-76.2449	0.6984	78.0981	0.7156	2.1e-04	0.5510
2088	-109.1613	-109.1614	-75.3087	0.6899	78.9932	0.7239	2.1e-04	0.5498
2089	-109.1663	-109.1663	-76.0127	0.6963	78.3278	0.7177	2.1e-04	0.5495
2090	-109.1435	-109.1435	-76.3858	0.6999	77.9339	0.7143	2.1e-04	0.5482
2091	-109.1591	-109.1591	-76.2560	0.6986	78.0735	0.7155	2.1e-04	0.5524
2092	-109.1694	-109.1694	-75.9858	0.6960	78.3410	0.7179	2.1e-04	0.5479
2093	-109.1513	-109.1514	-76.0334	0.6966	78.2778	0.7174	2.1e-04	0.5485
2094	-109.1696	-109.1696	-76.6721	0.7023	77.6862	0.7119	2.1e-04	0.5489
2095	-109.1685	-109.1685	-75.6401	0.6929	78.6728	0.7210	2.1e-04	0.5481
2096	-109.1627	-109.1628	-75.9126	0.6954	78.3934	0.7185	2.1e-04	0.5507
2097	-109.1571	-109.1571	-76.7828	0.7034	77.5517	0.7108	2.1e-04	0.5492
2098	-109.1532	-109.1532	-77.1783	0.7071	77.1660	0.7071	2.1e-04	0.5492
2099	-109.1586	-109.1586	-76.2534	0.6986	78.0613	0.7154	2.1e-04	0.5487
2100	-109.1733	-109.1733	-76.9844	0.7052	77.3792	0.7090	2.1e-04	0.5487
2101	-109.1539	-109.1539	-76.1298	0.6975	78.1744	0.7165	2.1e-04	0.5458
2102	-109.1580	-109.1580	-76.1144	0.6973	78.2067	0.7167	2.1e-04	0.5482
2103	-109.1614	-109.1614	-75.7927	0.6943	78.5293	0.7197	2.1e-04	0.5476
2104	-109.1618	-109.1618	-75.8389	0.6947	78.4747	0.7192	2.1e-04	0.5501
2105	-109.1762	-109.1762	-75.8573	0.6948	78.4778	0.7191	2.1e-04	0.5474
2106	-109.1404	-109.1404	-77.4007	0.7092	76.9182	0.7050	2.1e-04	0.5501
2107	-109.1540	-109.1540	-77.5868	0.7108	76.7605	0.7034	2.1e-04	0.5481
2108	-109.1698	-109.1698	-77.2102	0.7072	77.1312	0.7069	2.1e-04	0.5462
2109	-109.1593	-109.1593	-76.1582	0.6977	78.1386	0.7162	2.1e-04	0.5492
2110	-109.1386	-109.1386	-77.0447	0.7059	77.2027	0.7076	2.1e-04	0.5510
2111	-109.1493	-109.1493	-76.9313	0.7048	77.3838	0.7093	2.1e-04	0.5478
2112	-109.1640	-109.1640	-76.8434	0.7039	77.5018	0.7103	2.1e-04	0.5480
2113	-109.1631	-109.1631	-76.3545	0.6995	77.9902	0.7146	2.1e-04	0.5499
2114	-109.1651	-109.1651	-76.2104	0.6981	78.1242	0.7159	2.1e-04	0.5466
2115	-109.1959	-109.1959	-76.7595	0.7030	77.6169	0.7112	2.1e-04	0.5478
2116	-109.1837	-109.1837	-76.4071	0.6998	77.9620	0.7143	2.1e-04	0.5464
2117	-109.1889	-109.1889	-76.5245	0.7008	77.8411	0.7132	2.1e-04	0.5464
2118	-109.1826	-109.1826	-76.7447	0.7029	77.6153	0.7113	2.1e-04	0.5458
2119	-109.1672	-109.1672	-76.9546	0.7049	77.3974	0.7093	2.1e-04	0.5469
2120	-109.1651	-109.1651	-76.8179	0.7037	77.5258	0.7104	2.1e-04	0.5457
2121	-109.1640	-109.1640	-77.1280	0.7065	77.2082	0.7075	2.1e-04	0.5476
2122	-109.1773	-109.1773	-77.4526	0.7094	76.9110	0.7048	2.1e-04	0.5498
2123	-109.1593	-109.1593	-77.5928	0.7108	76.7069	0.7030	2.1e-04	0.5472
2124	-109.1582	-109.1582	-76.9528	0.7050	77.3847	0.7092	2.1e-04	0.5461
2125	-109.1440	-109.1440	-77.3027	0.7083	77.0275	0.7059	2.1e-04	0.5464
2126	-109.1441	-109.1441	-78.1835	0.7163	76.1241	0.6977	2.1e-04	0.5493
2127	-109.1500	-109.1500	-77.4546	0.7096	76.8623	0.7045	2.1e-04	0.5478
2128	-109.1645	-109.1645	-77.6749	0.7115	76.6552	0.7026	2.1e-04	0.5476
2129	-109.1551	-109.1551	-78.1686	0.7161	76.1587	0.6979	2.1e-04	0.5468
2130	-109.1600	-109.1600	-77.9757	0.7143	76.3610	0.6998	2.1e-04	0.5473
2131	-109.1636	-109.1636	-77.9673	0.7142	76.3689	0.6999	2.1e-04	0.5463
2132	-109.1646	-109.1646	-77.1912	0.7071	77.1548	0.7071	2.1e-04	0.5480
2133	-109.1404	-109.1404	-77.9511	0.7142	76.3611	0.6999	2.1e-04	0.5468
2134	-109.1442	-109.1442	-78.0092	0.7147	76.2794	0.6992	2.1e-04	0.5456
2135	-109.1543	-109.1543	-76.7470	0.7031	77.5801	0.7111	2.1e-04	0.5451
2136	-109.1506	-109.1506	-78.7663	0.7216	75.5344	0.6923	2.1e-04	0.5482
2137	-109.1559	-109.1559	-77.7052	0.7119	76.6359	0.7023	2.1e-04	0.5453
2138	-109.1699	-109.1699	-77.3481	0.7085	77.0021	0.7057	2.1e-04	0.5478
2139	-109.1449	-109.1449	-77.2363	0.7076	77.0863	0.7066	2.1e-04	0.5458
2140	-109.1578	-109.1578	-77.5794	0.7107	76.7613	0.7035	2.1e-04	0.5492
2141	-109.1718	-109.1718	-77.3053	0.7081	77.0407	0.7061	2.1e-04	0.5481
2142	-109.1778	-109.1778	-76.9461	0.7048	77.4120	0.7094	2.1e-04	0.5473
2143	-109.1556	-109.1556	-77.4204	0.7093	76.9230	0.7049	2.1e-04	0.5467
2144	-109.1513	-109.1513	-77.0987	0.7063	77.2405	0.7079	2.1e-04	0.5509
2145	-109.1523	-109.1523	-77.2197	0.7074	77.1090	0.7067	2.1e-04	0.5479
2146	-109.1727	-109.1727	-76.2480	0.6984	78.0970	0.7157	2.1e-04	0.5466
2147	-109.1420	-109.1420	-77.0219	0.7057	77.2917	0.7085	2.1e-04	0.5484
2148	-109.1609	-109.1609	-76.7287	0.7029	77.6009	0.7112	2.1e-04	0.5465
2149	-109.1492	-109.1492	-76.5502	0.7013	77.7718	0.7128	2.1e-04	0.5488
2150	-109.1548	-109.1548	-76.5208	0.7010	77.8006	0.7131	2.1e-04	0.5471
2151	-109.1481	-109.1481	-76.3749	0.6997	77.9357	0.7144	2.1e-04	0.5464
2152	-109.1773	-109.1773	-77.4430	0.7093	76.9168	0.7049	2.1e-04	0.5464
2153	-109.1502	-109.1502	-76.8159	0.7038	77.5125	0.7104	2.1e-04	0.5471
2154	-109.1782	-109.1783	-75.4307	0.6909	78.8948	0.7229	2.1e-04	0.5461
2155	-109.1538	-109.1538	-76.1346	0.6975	78.1857	0.7165	2.1e-04	0.5468
2156	-109.1581	-109.1581	-75.9521	0.6958	78.3547	0.7181	2.1e-04	0.5476
2157	-109.1409	-109.1411	-75.1585	0.6886	79.1075	0.7251	2.1e-04	0.5470
2158	-109.1577	-109.1577	-76.4923	0.7008	77.8342	0.7133	2.1e-04	0.5469
2159	-109.1523	-109.1524	-75.1900	0.6889	79.0878	0.7248	2.1e-04	0.5480
2160	-109.1534	-109.1536	-75.1924	0.6889	79.0891	0.7249	2.1e-04	0.5465
2161	-109.1636	-109.1638	-74.8583	0.6857	79.4153	0.7278	2.1e-04	0.5468
2162	-109.1869	-109.1870	-75.0493	0.6873	79.2596	0.7263	2.1e-04	0.5478
2163	-109.1639	-109.1640	-75.0694	0.6877	79.1954	0.7258	2.1e-04	0.5475
2164	-109.1431	-109.1431	-76.0344	0.6966	78.2673	0.7174	2.1e-04	0.5479
2165	-109.1500	-109.1502	-75.0419	0.6875	79.2287	0.7262	2.1e-04	0.5475
2166	-109.1495	-109.1495	-76.0945	0.6972	78.2165	0.7169	2.1e-04	0.5461
2167	-109.1609	-109.1609	-75.9797	0.6960	78.3436	0.7180	2.1e-04	0.5459
2168	-109.1646	-109.1646	-77.3953	0.7090	76.9447	0.7051	2.1e-04	0.5492
2169	-109.1826	-109.1826	-76.5423	0.7010	77.8226	0.7131	2.1e-04	0.5463
2170	-109.1613	-109.1613	-76.8825	0.7043	77.4601	0.7099	2.1e-04	0.5477
2171	-109.1502	-109.1502	-76.7161	0.7028	77.6059	0.7113	2.1e-04	0.5464
2172	-109.1737	-109.1737	-76.9821	0.7051	77.3619	0.7089	2.1e-04	0.5471
2173	-109.1667	-109.1667	-75.9565	0.6958	78.3661	0.7182	2.1e-04	0.5468
2174	-109.1521	-109.1521	-76.7055	0.7027	77.6163	0.7112	2.1e-04	0.5481
2175	-109.1583	-109.1583	-77.0655	0.7060	77.2568	0.7080	2.1e-04	0.5475
2176	-109.1532	-109.1532	-77.9940	0.7145	76.3182	0.6996	2.1e-04	0.5481
2177	-109.1451	-109.1451	-77.5799	0.7108	76.7345	0.7032	2.1e-04	0.5463
2178	-109.1829	-109.1829	-77.4406	0.7093	76.9114	0.7048	2.1e-04	0.5481
2179	-109.1501	-109.1501	-77.0121	0.7056	77.3025	0.7085	2.1e-04	0.5463
2180	-109.1719	-109.1719	-78.0374	0.7148	76.3129	0.6993	2.1e-04	0.5476
2181	-109.1640	-109.1640	-77.5429	0.7103	76.7926	0.7039	2.1e-04	0.5469
2182	-109.1694	-109.1694	-77.4967	0.7099	76.8522	0.7043	2.1e-04	0.5480
2183	-109.1444	-109.1444	-77.2181	0.7075	77.1124	0.7067	2.1e-04	0.5463
2184	-109.1493	-109.1493	-77.4906	0.7100	76.8239	0.7041	2.1e-04	0.5492
2185	-109.1553	-109.1553	-78.5067	0.7192	75.7921	0.6946	2.1e-04	0.5465
2186	-109.1589	-109.1589	-77.9292	0.7139	76.4037	0.7002	2.1e-04	0.5456
2187	-109.1597	-109.1597	-77.5318	0.7103	76.8166	0.7039	2.1e-04	0.5492
2188	-109.1709	-109.1709	-77.1474	0.7067	77.1906	0.7075	2.1e-04	0.5488
2189	-109.1679	-109.1679	-77.6559	0.7113	76.6716	0.7027	2.1e-04	0.5470
2190	-109.1717	-109.1717	-77.7670	0.7123	76.5837	0.7018	2.1e-04	0.5478
2191	-109.1519	-109.1519	-77.9583	0.7142	76.3636	0.6999	2.1e-04	0.5479
2192	-109.1715	-109.1715	-77.6177	0.7110	76.7255	0.7031	2.1e-04	0.5470
2193	-109.1696	-109.1696	-77.2013	0.7072	77.1312	0.7068	2.1e-04	0.5463
2194	-109.1383	-109.1383	-77.0809	0.7063	77.2318	0.7078	2.1e-04	0.5476
2195	-109.1630	-109.1630	-77.6379	0.7112	76.6931	0.7029	2.1e-04	0.5487
2196	-109.1647	-109.1647	-78.0734	0.7152	76.2696	0.6989	2.1e-04	0.5459
2197	-109.1719	-109.1719	-77.6105	0.7109	76.7455	0.7033	2.1e-04	0.5487
2198	-109.1552	-109.1552	-76.4834	0.7007	77.8537	0.7135	2.1e-04	0.5470
2199	-109.1670	-109.1670	-77.0465	0.7058	77.2938	0.7084	2.1e-04	0.5471
2200	-109.1557	-109.1557	-77.1492	0.7068	77.1801	0.7073	2.1e-04	0.5466
2201	-109.1549	-109.1549	-77.5592	0.7105	76.7869	0.7037	2.1e-04	0.5452
2202	-109.1555	-109.1555	-77.6080	0.7110	76.7246	0.7032	2.1e-04	0.5483
2203	-109.1450	-109.1450	-77.8470	0.7132	76.4803	0.7009	2.1e-04	0.5480
2204	-109.1643	-109.1643	-76.9539	0.7049	77.3900	0.7093	2.1e-04	0.5481
2205	-109.1779	-109.1779	-78.0575	0.7150	76.2966	0.6992	2.1e-04	0.5475
2206	-109.1472	-109.1472	-77.6603	0.7115	76.6630	0.7026	2.1e-04	0.5453
2207	-109.1494	-109.1494	-77.0632	0.7060	77.2658	0.7082	2.1e-04	0.5478
2208	-109.1693	-109.1693	-77.5848	0.7107	76.7719	0.7035	2.1e-04	0.5468
2209	-109.1773	-109.1773	-77.7555	0.7122	76.5955	0.7019	2.1e-04	0.5489
2210	-109.1636	-109.1636	-77.0245	0.7056	77.3245	0.7086	2.1e-04	0.5478
2211	-109.1478	-109.1478	-77.2273	0.7075	77.0956	0.7066	2.1e-04	0.5462
2212	-109.1632	-109.1632	-77.4766	0.7097	76.8535	0.7044	2.1e-04	0.5461
2213	-109.1567	-109.1567	-77.6737	0.7116	76.6508	0.7026	2.1e-04	0.5463
2214	-109.1455	-109.1455	-77.2472	0.7077	77.0794	0.7065	2.1e-04	0.5483
2215	-109.1629	-109.1629	-78.1094	0.7155	76.2215	0.6986	2.1e-04	0.5468
2216	-109.1641	-109.1641	-76.8934	0.7044	77.4248	0.7097	2.1e-04	0.5477
2217	-109.1382	-109.1382	-77.3400	0.7086	76.9721	0.7056	2.1e-04	0.5460
2218	-109.1719	-109.1719	-76.9606	0.7049	77.3880	0.7092	2.1e-04	0.5472
2219	-109.1492	-109.1492	-77.3078	0.7083	77.0192	0.7059	2.1e-04	0.5470
2220	-109.1555	-109.1555	-77.4035	0.7091	76.9323	0.7051	2.1e-04	0.5464
2221	-109.1404	-109.1404	-76.4228	0.7002	77.8895	0.7139	2.1e-04	0.5480
2222	-109.1656	-109.1656	-76.5107	0.7009	77.8264	0.7133	2.1e-04	0.5454
2223	-109.1619	-109.1621	-74.9972	0.6870	79.2812	0.7266	2.1e-04	0.5458
2224	-109.1700	-109.1702	-75.1278	0.6882	79.1344	0.7252	2.1e-04	0.5451
2225	-109.1548	-109.1548	-75.9439	0.6957	78.3765	0.7183	2.1e-04	0.5492
2226	-109.1550	-109.1550	-75.8889	0.6952	78.4206	0.7188	2.1e-04	0.5493
2227	-109.1502	-109.1503	-75.2469	0.6894	79.0315	0.7244	2.1e-04	0.5467
2228	-109.1771	-109.1773	-75.1714	0.6885	79.1305	0.7251	2.1e-04	0.5456
2229	-109.1567	-109.1569	-75.1837	0.6888	79.1069	0.7250	2.1e-04	0.5479
2230	-109.1562	-109.1563	-75.6000	0.6926	78.7034	0.7213	2.1e-04	0.5463
2231	-109.1517	-109.1517	-76.0692	0.6969	78.2606	0.7172	2.1e-04	0.5461
2232	-109.1673	-109.1674	-75.6539	0.6930	78.6438	0.7207	2.1e-04	0.5484
2233	-109.1373	-109.1373	-75.7186	0.6938	78.5642	0.7202	2.1e-04	0.5489
2234	-109.1579	-109.1580	-75.5160	0.6918	78.7778	0.7220	2.1e-04	0.5462
2235	-109.1429	-109.1429	-76.4979	0.7009	77.7992	0.7131	2.1e-04	0.5485
2236	-109.1611	-109.1611	-77.5234	0.7102	76.8195	0.7040	2.1e-04	0.5468
2237	-109.1758	-109.1758	-77.2779	0.7078	77.0773	0.7063	2.1e-04	0.5481
2238	-109.1622	-109.1622	-77.2409	0.7076	77.0969	0.7066	2.1e-04	0.5469
2239	-109.1758	-109.1758	-77.1393	0.7066	77.2253	0.7076	2.1e-04	0.5483
2240	-109.1545	-109.1545	-76.4750	0.7006	77.8252	0.7133	2.1e-04	0.5472
2241	-109.1758	-109.1758	-76.3530	0.6994	78.0096	0.7148	2.1e-04	0.5482
2242	-109.1744	-109.1744	-76.2678	0.6986	78.0872	0.7155	2.1e-04	0.5465
2243	-109.1612	-109.1612	-76.7465	0.7031	77.5983	0.7111	2.1e-04	0.5472
2244	-109.1512	-109.1512	-76.6150	0.7019	77.7037	0.7122	2.1e-04	0.5480
2245	-109.1573	-109.1573	-76.3232	0.6992	78.0124	0.7149	2.1e-04	0.5474
2246	-109.1490	-109.1490	-76.4035	0.7000	77.9100	0.7141	2.1e-04	0.5456
2247	-109.1718	-109.1718	-75.8584	0.6949	78.4831	0.7191	2.1e-04	0.5475
2248	-109.1623	-109.1623	-76.3899	0.6998	77.9454	0.7144	2.1e-04	0.5462
2249	-109.1548	-109.1548	-76.0911	0.6971	78.2240	0.7170	2.1e-04	0.5466
2250	-109.1591	-109.1591	-77.0589	0.7059	77.2640	0.7081	2.1e-04	0.5467
2251	-109.1725	-109.1725	-76.1636	0.6976	78.1723	0.7164	2.1e-04	0.5474
2252	-109.1663	-109.1663	-76.5470	0.7012	77.7822	0.7128	2.1e-04	0.5485
2253	-109.1506	-109.1506	-77.0719	0.7061	77.2503	0.7080	2.1e-04	0.5474
2254	-109.1611	-109.1611	-76.3004	0.6990	78.0249	0.7151	2.1e-04	0.5480
2255	-109.1367	-109.1367	-77.0632	0.7061	77.2498	0.7081	2.1e-04	0.5460
2256	-109.1513	-109.1513	-76.7036	0.7027	77.6168	0.7115	2.1e-04	0.5485
2257	-109.1375	-109.1376	-75.7327	0.6939	78.5508	0.7200	2.1e-04	0.5475
2258	-109.1545	-109.1545	-75.6044	0.6926	78.6920	0.7212	2.1e-04	0.5474
2259	-109.1474	-109.1474	-76.2376	0.6985	78.0744	0.7156	2.1e-04	0.5462
2260	-109.1643	-109.1643	-76.5940	0.7016	77.7541	0.7125	2.1e-04	0.5462
2261	-109.1515	-109.1515	-76.5608	0.7014	77.7582	0.7127	2.1e-04	0.5464
2262	-109.1789	-109.1789	-76.5968	0.7016	77.7486	0.7126	2.1e-04	0.5492
2263	-109.1482	-109.1482	-76.4045	0.7000	77.9133	0.7141	2.1e-04	0.5497
2264	-109.1481	-109.1481	-76.4364	0.7003	77.8798	0.7138	2.1e-04	0.5474
2265	-109.1434	-109.1434	-75.6476	0.6931	78.6411	0.7208	2.1e-04	0.5477
2266	-109.1478	-109.1478	-76.3619	0.6996	77.9123	0.7142	2.1e-04	0.5462
2267	-109.1776	-109.1777	-75.4287	0.6909	78.8399	0.7226	2.1e-04	0.5472
2268	-109.1657	-109.1657	-75.7405	0.6938	78.5669	0.7200	2.1e-04	0.5471
2269	-109.1753	-109.1754	-75.9533	0.6957	78.3703	0.7182	2.1e-04	0.5480
2270	-109.1748	-109.1748	-76.2097	0.6981	78.1365	0.7160	2.1e-04	0.5464
2271	-109.1471	-109.1471	-75.8262	0.6947	78.4694	0.7192	2.1e-04	0.5466
2272	-109.1793	-109.1793	-76.5927	0.7015	77.7628	0.7126	2.1e-04	0.5472
2273	-109.1640	-109.1640	-76.6518	0.7022	77.6727	0.7119	2.1e-04	0.5461
2274	-109.1629	-109.1629	-76.0509	0.6967	78.2669	0.7173	2.1e-04	0.5496
2275	-109.1393	-109.1393	-76.3127	0.6992	77.9965	0.7149	2.1e-04	0.5476
2276	-109.1620	-109.1621	-75.7448	0.6939	78.5596	0.7201	2.1e-04	0.5497
2277	-109.1603	-109.1603	-76.9022	0.7045	77.4347	0.7097	2.1e-04	0.5472
2278	-109.1572	-109.1572	-76.2722	0.6987	78.0557	0.7154	2.1e-04	0.5479
2279	-109.1536	-109.1536	-76.7191	0.7029	77.6042	0.7113	2.1e-04	0.5486
2280	-109.1577	-109.1577	-76.5855	0.7016	77.7265	0.7124	2.1e-04	0.5474
2281	-109.1567	-109.1568	-75.9465	0.6958	78.3545	0.7182	2.1e-04	0.5491
2282	-109.1604	-109.1604	-76.6184	0.7019	77.6982	0.7121	2.1e-04	0.5455
2283	-109.1570	-109.1571	-75.7419	0.6939	78.5574	0.7200	2.1e-04	0.5478
2284	-109.1592	-109.1592	-76.5368	0.7011	77.7909	0.7130	2.1e-04	0.5461
2285	-109.1741	-109.1741	-75.9217	0.6954	78.4039	0.7186	2.1e-04	0.5483
2286	-109.1602	-109.1602	-75.8030	0.6944	78.5041	0.7195	2.1e-04	0.5468
2287	-109.1607	-109.1607	-76.1683	0.6978	78.1417	0.7162	2.1e-04	0.5495
2288	-109.1804	-109.1804	-76.0449	0.6965	78.3058	0.7175	2.1e-04	0.5477
2289	-109.1679	-109.1679	-76.5369	0.7011	77.8026	0.7130	2.1e-04	0.5495
2290	-109.1508	-109.1508	-76.6360	0.7021	77.6652	0.7119	2.1e-04	0.5463
2291	-109.1516	-109.1516	-76.2776	0.6988	78.0332	0.7152	2.1e-04	0.5492
2292	-109.1452	-109.1452	-75.9002	0.6954	78.3995	0.7185	2.1e-04	0.5477
2293	-109.1891	-109.1891	-76.4544	0.7002	77.9096	0.7139	2.1e-04	0.5484
2294	-109.1626	-109.1626	-76.7999	0.7035	77.5410	0.7107	2.1e-04	0.5482
2295	-109.1617	-109.1617	-76.1834	0.6979	78.1490	0.7162	2.1e-04	0.5472
2296	-109.1549	-109.1549	-76.4486	0.7004	77.8823	0.7138	2.1e-04	0.5490
2297	-109.1528	-109.1528	-77.3491	0.7086	76.9749	0.7055	2.1e-04	0.5463
2298	-109.1508	-109.1508	-76.6816	0.7025	77.6497	0.7117	2.1e-04	0.5490
2299	-109.1517	-109.1517	-75.8735	0.6951	78.4322	0.7189	2.1e-04	0.5474
2300	-109.1351	-109.1351	-76.8490	0.7042	77.4714	0.7100	2.1e-04	0.5460
2301	-109.1683	-109.1683	-76.6931	0.7025	77.6366	0.7115	2.1e-04	0.5449
2302	-109.1399	-109.1400	-75.9440	0.6958	78.3529	0.7182	2.1e-04	0.5454
2303	-109.1552	-109.1552	-77.0575	0.7059	77.2779	0.7083	2.1e-04	0.5467
2304	-109.1618	-109.1618	-76.6124	0.7018	77.7199	0.7123	2.1e-04	0.5487
2305	-109.1777	-109.1777	-75.9703	0.6958	78.3695	0.7182	2.1e-04	0.5472
2306	-109.1670	-109.1670	-76.3745	0.6996	77.9812	0.7145	2.1e-04	0.5467
2307	-109.1416	-109.1416	-75.9891	0.6962	78.3130	0.7178	2.1e-04	0.5477
2308	-109.1597	-109.1597	-76.8831	0.7043	77.4246	0.7096	2.1e-04	0.5476
2309	-109.1366	-109.1366	-76.3827	0.6999	77.9227	0.7143	2.1e-04	0.5468
2310	-109.1596	-109.1596	-76.4921	0.7007	77.8463	0.7134	2.1e-04	0.5479
2311	-109.1630	-109.1630	-76.9318	0.7047	77.4187	0.7095	2.1e-04	0.5479
2312	-109.1827	-109.1827	-77.8279	0.7128	76.5380	0.7013	2.1e-04	0.5474
2313	-109.1675	-109.1675	-77.4604	0.7096	76.8976	0.7046	2.1e-04	0.5465
2314	-109.1680	-109.1680	-76.6124	0.7018	77.7289	0.7124	2.1e-04	0.5479
2315	-109.1537	-109.1537	-76.9368	0.7048	77.4059	0.7093	2.1e-04	0.5467
2316	-109.1667	-109.1667	-77.7121	0.7119	76.6362	0.7023	2.1e-04	0.5494
2317	-109.1664	-109.1664	-78.3717	0.7179	75.9517	0.6961	2.0e-04	0.5464
2318	-109.1466	-109.1466	-76.9660	0.7052	77.3463	0.7089	2.0e-04	0.5467
2319	-109.1608	-109.1608	-77.6146	0.7110	76.7223	0.7031	2.0e-04	0.5467
2320	-109.1725	-109.1725	-77.7117	0.7118	76.6324	0.7023	2.0e-04	0.5477
2321	-109.1665	-109.1665	-77.0491	0.7058	77.2927	0.7084	2.0e-04	0.5462
2322	-109.1597	-109.1597	-77.5408	0.7103	76.7752	0.7036	2.0e-04	0.5453
2323	-109.1521	-109.1521	-78.1493	0.7160	76.1664	0.6981	2.0e-04	0.5485
2324	-109.1508	-109.1508	-77.2323	0.7076	77.0888	0.7066	2.0e-04	0.5461
2325	-109.1579	-109.1579	-77.9952	0.7145	76.3299	0.6996	2.0e-04	0.5480
2326	-109.1517	-109.1517	-77.4701	0.7097	76.8532	0.7045	2.0e-04	0.5458
2327	-109.1549	-109.1549	-77.9906	0.7145	76.3359	0.6996	2.0e-04	0.5485
2328	-109.1523	-109.1523	-78.5591	0.7197	75.7470	0.6942	2.0e-04	0.5471
2329	-109.1401	-109.1401	-78.2593	0.7171	76.0439	0.6970	2.0e-04	0.5516
2330	-109.1648	-109.1648	-77.8458	0.7131	76.4939	0.7010	2.0e-04	0.5485
2331	-109.1480	-109.1480	-78.0361	0.7150	76.2934	0.6991	2.0e-04	0.5491
2332	-109.1432	-109.1432	-78.3928	0.7183	75.9125	0.6958	2.0e-04	0.5482
2333	-109.1546	-109.1546	-77.0884	0.7062	77.2385	0.7079	2.0e-04	0.5491
2334	-109.1637	-109.1637	-78.1259	0.7157	76.1951	0.6984	2.0e-04	0.5464
2335	-109.1470	-109.1470	-77.4644	0.7097	76.8297	0.7042	2.0e-04	0.5482
2336	-109.1530	-109.1530	-77.7187	0.7120	76.5710	0.7019	2.0e-04	0.5474
2337	-109.1663	-109.1663	-77.8441	0.7131	76.4710	0.7009	2.0e-04	0.5484
2338	-109.1433	-109.1433	-77.7111	0.7120	76.5924	0.7021	2.0e-04	0.5478
2339	-109.1578	-109.1578	-77.6080	0.7110	76.7219	0.7032	2.0e-04	0.5483
2340	-109.1532	-109.1532	-76.3480	0.6995	77.9476	0.7145	2.0e-04	0.5475
2341	-109.1581	-109.1581	-76.5975	0.7017	77.7361	0.7125	2.0e-04	0.5475
2342	-109.1741	-109.1741	-77.0123	0.7054	77.3361	0.7087	2.0e-04	0.5469
2343	-109.1599	-109.1599	-77.5187	0.7101	76.8219	0.7041	2.0e-04	0.5481
2344	-109.1544	-109.1544	-77.1655	0.7069	77.1672	0.7073	2.0e-04	0.5462
2345	-109.1680	-109.1680	-76.1027	0.6971	78.2348	0.7170	2.0e-04	0.5467
2346	-109.1638	-109.1638	-77.9041	0.7136	76.4297	0.7005	2.0e-04	0.5487
2347	-109.1674	-109.1674	-76.5625	0.7013	77.7853	0.7128	2.0e-04	0.5474
2348	-109.1692	-109.1692	-76.3653	0.6995	77.9763	0.7146	2.0e-04	0.5482
2349	-109.1514	-109.1514	-76.8878	0.7044	77.4406	0.7098	2.0e-04	0.5454
2350	-109.1696	-109.1696	-77.2890	0.7080	77.0502	0.7062	2.0e-04	0.5498
2351	-109.1563	-109.1563	-75.7001	0.6935	78.5970	0.7205	2.0e-04	0.5474
2352	-109.1613	-109.1613	-77.1490	0.7067	77.1924	0.7075	2.0e-04	0.5488
2353	-109.1701	-109.1701	-77.5865	0.7107	76.7318	0.7031	2.0e-04	0.5466
2354	-109.1529	-109.1529	-77.0198	0.7056	77.3060	0.7086	2.0e-04	0.5484
2355	-109.1689	-109.1689	-76.6949	0.7025	77.6023	0.7112	2.0e-04	0.5471
2356	-109.1486	-109.1486	-76.3731	0.6997	77.9293	0.7144	2.0e-04	0.5481
2357	-109.1677	-109.1677	-76.3342	0.6992	77.9954	0.7148	2.0e-04	0.5466
2358	-109.1423	-109.1423	-76.9102	0.7047	77.3578	0.7091	2.0e-04	0.5474
2359	-109.1513	-109.1513	-76.1248	0.6974	78.1759	0.7166	2.0e-04	0.5466
2360	-109.1533	-109.1533	-76.5518	0.7013	77.7765	0.7128	2.0e-04	0.5477
2361	-109.1644	-109.1644	-76.5133	0.7009	77.8260	0.7132	2.0e-04	0.5459
2362	-109.1720	-109.1720	-77.0508	0.7058	77.2918	0.7084	2.0e-04	0.5466
2363	-109.1510	-109.1510	-75.9069	0.6954	78.4055	0.7186	2.0e-04	0.5471
2364	-109.1386	-109.1386	-76.4298	0.7003	77.8728	0.7137	2.0e-04	0.5479
2365	-109.1363	-109.1363	-76.1519	0.6978	78.1452	0.7163	2.0e-04	0.5475
2366	-109.1557	-109.1557	-76.0436	0.6967	78.2586	0.7173	2.0e-04	0.5468
2367	-109.1304	-109.1305	-75.4408	0.6913	78.7753	0.7221	2.0e-04	0.5479
2368	-109.1487	-109.1487	-76.1397	0.6976	78.1794	0.7165	2.0e-04	0.5466
2369	-109.1760	-109.1761	-75.4538	0.6911	78.8435	0.7226	2.0e-04	0.5473
2370	-109.1537	-109.1537	-75.8777	0.6951	78.4134	0.7187	2.0e-04	0.5472
2371	-109.1585	-109.1585	-76.1689	0.6978	78.1450	0.7163	2.0e-04	0.5471
2372	-109.1725	-109.1725	-76.3458	0.6993	78.0005	0.7148	2.0e-04	0.5481
2373	-109.1461	-109.1461	-76.2467	0.6986	78.0710	0.7155	2.0e-04	0.5485
2374	-109.1564	-109.1564	-76.0665	0.6969	78.2333	0.7170	2.0e-04	0.5488
2375	-109.1366	-109.1367	-75.5671	0.6924	78.7070	0.7214	2.0e-04	0.5467
2376	-109.1619	-109.1621	-74.7072	0.6844	79.5468	0.7290	2.0e-04	0.5477
2377	-109.1621	-109.1621	-76.1969	0.6980	78.1232	0.7160	2.0e-04	0.5474
2378	-109.1424	-109.1425	-75.3216	0.6901	78.9543	0.7236	2.0e-04	0.5479
2379	-109.1605	-109.1606	-75.5968	0.6925	78.7158	0.7214	2.0e-04	0.5482
2380	-109.1509	-109.1509	-76.2191	0.6983	78.1076	0.7158	2.0e-04	0.5457
2381	-109.1796	-109.1796	-76.0793	0.6968	78.2716	0.7172	2.0e-04	0.5445
2382	-109.1578	-109.1578	-75.9004	0.6953	78.4016	0.7185	2.0e-04	0.5465
2383	-109.1372	-109.1372	-76.8032	0.7037	77.5119	0.7105	2.0e-04	0.5468
2384	-109.1625	-109.1625	-76.6711	0.7024	77.6602	0.7118	2.0e-04	0.5455
2385	-109.1462	-109.1462	-76.2305	0.6984	78.0875	0.7157	2.0e-04	0.5478
2386	-109.1352	-109.1352	-76.3074	0.6992	77.9712	0.7147	2.0e-04	0.5451
2387	-109.1597	-109.1597	-77.2756	0.7079	77.0490	0.7063	2.0e-04	0.5486
2388	-109.1537	-109.1537	-76.4303	0.7002	77.8840	0.7138	2.0e-04	0.5472
2389	-109.1740	-109.1740	-76.6780	0.7023	77.6673	0.7118	2.0e-04	0.5483
2390	-109.1679	-109.1679	-77.2580	0.7077	77.0930	0.7065	2.0e-04	0.5456
2391	-109.1456	-109.1456	-76.8804	0.7044	77.4358	0.7098	2.0e-04	0.5481
2392	-109.1559	-109.1559	-76.2370	0.6984	78.0784	0.7157	2.0e-04	0.5481
2393	-109.1611	-109.1611	-76.5474	0.7012	77.7875	0.7129	2.0e-04	0.5498
2394	-109.1643	-109.1644	-75.8123	0.6945	78.4953	0.7194	2.0e-04	0.5465
2395	-109.1511	-109.1512	-76.1247	0.6974	78.1897	0.7166	2.0e-04	0.5479
2396	-109.1639	-109.1639	-77.5216	0.7101	76.8184	0.7040	2.0e-04	0.5464
2397	-109.1668	-109.1668	-76.6430	0.7021	77.6632	0.7118	2.0e-04	0.5494
2398	-109.1443	-109.1443	-77.2272	0.7076	77.0863	0.7066	2.0e-04	0.5457
2399	-109.1436	-109.1436	-76.0740	0.6970	78.2357	0.7171	2.0e-04	0.5464
2400	-109.1471	-109.1471	-76.6908	0.7026	77.6209	0.7114	2.0e-04	0.5468
2401	-109.1550	-109.1550	-76.7558	0.7032	77.5662	0.7110	2.0e-04	0.5465
2402	-109.1510	-109.1510	-76.4016	0.7000	77.9295	0.7142	2.0e-04	0.5470
2403	-109.1728	-109.1728	-76.1342	0.6974	78.1893	0.7166	2.0e-04	0.5471
2404	-109.1588	-109.1589	-75.6271	0.6928	78.6737	0.7211	2.0e-04	0.5483
2405	-109.1517	-109.1517	-77.0409	0.7058	77.3007	0.7084	2.0e-04	0.5466
2406	-109.1725	-109.1725	-77.1399	0.7066	77.2131	0.7076	2.0e-04	0.5474
2407	-109.1713	-109.1713	-76.6958	0.7025	77.6488	0.7116	2.0e-04	0.5458
2408	-109.1557	-109.1557	-76.8500	0.7040	77.4938	0.7102	2.0e-04	0.5466
2409	-109.1827	-109.1827	-76.2883	0.6987	78.0664	0.7154	2.0e-04	0.5474
2410	-109.1605	-109.1605	-76.1783	0.6979	78.1374	0.7161	2.0e-04	0.5469
2411	-109.1560	-109.1560	-75.5158	0.6918	78.7827	0.7221	2.0e-04	0.5461
2412	-109.1545	-109.1545	-76.3382	0.6994	77.9851	0.7148	2.0e-04	0.5488
2413	-109.1770	-109.1770	-76.6995	0.7025	77.6528	0.7116	2.0e-04	0.5473
2414	-109.1619	-109.1619	-76.2713	0.6987	78.0467	0.7154	2.0e-04	0.5475
2415	-109.1368	-109.1368	-76.3856	0.6999	77.9001	0.7140	2.0e-04	0.5483
2416	-109.1612	-109.1612	-76.3957	0.6998	77.9384	0.7143	2.0e-04	0.5456
2417	-109.1626	-109.1627	-75.3731	0.6905	78.9316	0.7234	2.0e-04	0.5473
2418	-109.1712	-109.1712	-76.5980	0.7016	77.7402	0.7124	2.0e-04	0.5488
2419	-109.1416	-109.1416	-76.3768	0.6998	77.9327	0.7143	2.0e-04	0.5471
2420	-109.1768	-109.1768	-76.6183	0.7018	77.7439	0.7124	2.0e-04	0.5494
2421	-109.1592	-109.1592	-77.0671	0.7060	77.2772	0.7082	2.0e-04	0.5440
2422	-109.1666	-109.1666	-76.0852	0.6970	78.2441	0.7171	2.0e-04	0.5485
2423	-109.1489	-109.1489	-77.4016	0.7091	76.9204	0.7050	2.0e-04	0.5466
2424	-109.1642	-109.1642	-76.1519	0.6976	78.1467	0.7161	2.0e-04	0.5481
2425	-109.1608	-109.1608	-76.5874	0.7016	77.7363	0.7125	2.0e-04	0.5480
2426	-109.1518	-109.1518	-76.7674	0.7033	77.5608	0.7109	2.0e-04	0.5487
2427	-109.1686	-109.1686	-76.3516	0.6994	77.9769	0.7146	2.0e-04	0.5471
2428	-109.1667	-109.1667	-76.7448	0.7030	77.6023	0.7112	2.0e-04	0.5474
2429	-109.1573	-109.1573	-76.2910	0.6989	78.0331	0.7152	2.0e-04	0.5462
2430	-109.1718	-109.1718	-77.0441	0.7057	77.2970	0.7084	2.0e-04	0.5484
2431	-109.1449	-109.1449	-77.3912	0.7091	76.9311	0.7051	2.0e-04	0.5461
2432	-109.1836	-109.1836	-76.9087	0.7044	77.4434	0.7097	2.0e-04	0.5485
2433	-109.1544	-109.1544	-78.2284	0.7167	76.0808	0.6973	2.0e-04	0.5457
2434	-109.1510	-109.1510	-76.8881	0.7044	77.4308	0.7097	2.0e-04	0.5479
2435	-109.1490	-109.1490	-76.7979	0.7036	77.5011	0.7103	2.0e-04	0.5466
2436	-109.1535	-109.1535	-77.2969	0.7081	77.0243	0.7060	2.0e-04	0.5498
2437	-109.1691	-109.1691	-77.5375	0.7103	76.8089	0.7038	2.0e-04	0.5480
2438	-109.1407	-109.1407	-76.4337	0.7003	77.8928	0.7138	2.0e-04	0.5466
2439	-109.1663	-109.1663	-76.0557	0.6967	78.2855	0.7173	2.0e-04	0.5461
2440	-109.1628	-109.1628	-77.2973	0.7081	77.0534	0.7061	2.0e-04	0.5480
2441	-109.1722	-109.1722	-76.7419	0.7029	77.5674	0.7109	2.0e-04	0.5461
2442	-109.1683	-109.1683	-76.5139	0.7009	77.8394	0.7133	2.0e-04	0.5471
2443	-109.1426	-109.1426	-77.5812	0.7108	76.7381	0.7034	2.0e-04	0.5461
2444	-109.1714	-109.1714	-77.6099	0.7109	76.7237	0.7031	2.0e-04	0.5461
2445	-109.1492	-109.1492	-77.4993	0.7100	76.8254	0.7041	2.0e-04	0.5483
2446	-109.1749	-109.1749	-77.8985	0.7135	76.4561	0.7006	2.0e-04	0.5465
2447	-109.1853	-109.1853	-77.7552	0.7121	76.6069	0.7020	2.0e-04	0.5478
2448	-109.1612	-109.1612	-77.2888	0.7080	77.0499	0.7061	2.0e-04	0.5467
2449	-109.1546	-109.1546	-77.6671	0.7115	76.6651	0.7026	2.0e-04	0.5470
2450	-109.1683	-109.1683	-77.6661	0.7114	76.6835	0.7027	2.0e-04	0.5470
2451	-109.1622	-109.1622	-77.0773	0.7061	77.2718	0.7081	2.0e-04	0.5473
2452	-109.1693	-109.1693	-77.5532	0.7104	76.7547	0.7034	2.0e-04	0.5479
2453	-109.1638	-109.1638	-78.9363	0.7231	75.3542	0.6906	2.0e-04	0.5487
2454	-109.1475	-109.1475	-78.4089	0.7184	75.8879	0.6956	2.0e-04	0.5467
2455	-109.1641	-109.1641	-77.9710	0.7143	76.3687	0.6998	2.0e-04	0.5495
2456	-109.1621	-109.1621	-78.7136	0.7211	75.5928	0.6928	2.0e-04	0.5458
2457	-109.1717	-109.1717	-78.4711	0.7188	75.8441	0.6950	2.0e-04	0.5477
2458	-109.1680	-109.1680	-77.8881	0.7135	76.4555	0.7007	2.0e-04	0.5478
2459	-109.1726	-109.1726	-78.5827	0.7198	75.7398	0.6941	2.0e-04	0.5496
2460	-109.1649	-109.1649	-78.7861	0.7217	75.5240	0.6922	2.0e-04	0.5475
2461	-109.1609	-109.1609	-78.3243	0.7175	75.9970	0.6965	2.0e-04	0.5481
2462	-109.1638	-109.1638	-77.2298	0.7075	77.0876	0.7065	2.0e-04	0.5469
2463	-109.1661	-109.1661	-77.9783	0.7143	76.3674	0.6998	2.0e-04	0.5489
2464	-109.1611	-109.1611	-78.2555	0.7169	76.0682	0.6972	2.0e-04	0.5464
2465	-109.1583	-109.1583	-78.1490	0.7159	76.1593	0.6980	2.0e-04	0.5491
2466	-109.1525	-109.1525	-78.8957	0.7228	75.3931	0.6911	2.0e-04	0.5470
2467	-109.1418	-109.1418	-79.4916	0.7283	74.7605	0.6852	2.0e-04	0.5491
2468	-109.1704	-109.1704	-78.7381	0.7212	75.5937	0.6927	2.0e-04	0.5478
2469	-109.1676	-109.1676	-78.3912	0.7181	75.9380	0.6959	2.0e-04	0.5472
2470	-109.1579	-109.1579	-78.7389	0.7213	75.5577	0.6926	2.0e-04	0.5478
2471	-109.1576	-109.1576	-78.3101	0.7174	76.0222	0.6966	2.0e-04	0.5477
2472	-109.1546	-109.1546	-78.3920	0.7182	75.9131	0.6957	2.0e-04	0.5493
2473	-109.1434	-109.1434	-78.6705	0.7208	75.6315	0.6931	2.0e-04	0.5472
2474	-109.1479	-109.1479	-79.2322	0.7259	75.0317	0.6877	2.0e-04	0.5476
2475	-109.1690	-109.1690	-78.6142	0.7201	75.7066	0.6937	2.0e-04	0.5468
2476	-109.1561	-109.1561	-78.6483	0.7205	75.6404	0.6933	2.0e-04	0.5475
2477	-109.1561	-109.1561	-78.6633	0.7207	75.6300	0.6932	2.0e-04	0.5475
2478	-109.1480	-109.1480	-78.1727	0.7162	76.1360	0.6979	2.0e-04	0.5473
2479	-109.1675	-109.1675	-78.9574	0.7233	75.3576	0.6906	2.0e-04	0.5500
2480	-109.1652	-109.1652	-78.9980	0.7237	75.3034	0.6901	2.0e-04	0.5475
2481	-109.1661	-109.1661	-78.7590	0.7215	75.5612	0.6925	2.0e-04	0.5493
2482	-109.1760	-109.1760	-78.5370	0.7194	75.8050	0.6946	2.0e-04	0.5467
2483	-109.1664	-109.1664	-78.9471	0.7232	75.3493	0.6906	2.0e-04	0.5479
2484	-109.1515	-109.1515	-79.3296	0.7268	74.9390	0.6868	2.0e-04	0.5482
2485	-109.1496	-109.1496	-79.0737	0.7245	75.2140	0.6893	2.0e-04	0.5481
2486	-109.1610	-109.1610	-79.0167	0.7239	75.2722	0.6900	2.0e-04	0.5493
2487	-109.1689	-109.1689	-79.5463	0.7287	74.7215	0.6849	2.0e-04	0.5496
2488	-109.1489	-109.1489	-78.6460	0.7205	75.6518	0.6934	2.0e-04	0.5474
2489	-109.1554	-109.1554	-79.0438	0.7241	75.2505	0.6896	2.0e-04	0.5478
2490	-109.1481	-109.1481	-79.0783	0.7245	75.2118	0.6892	2.0e-04	0.5480
2491	-109.1608	-109.1608	-78.7082	0.7210	75.5993	0.6929	2.0e-04	0.5468
2492	-109.1659	-109.1659	-78.0190	0.7147	76.2977	0.6992	2.0e-04	0.5473
2493	-109.1343	-109.1343	-79.7349	0.7306	74.4919	0.6827	2.0e-04	0.5486
2494	-109.1588	-109.1588	-78.9790	0.7235	75.3134	0.6902	2.0e-04	0.5465
2495	-109.1522	-109.1522	-79.4244	0.7276	74.8362	0.6859	2.0e-04	0.5484
2496	-109.1675	-109.1675	-80.1548	0.7342	74.0719	0.6789	2.0e-04	0.5472
2497	-109.1460	-109.1460	-79.1584	0.7253	75.1126	0.6885	2.0e-04	0.5469
2498	-109.1521	-109.1521	-79.0561	0.7243	75.2110	0.6893	2.0e-04	0.5483
2499	-109.1506	-109.1506	-79.2840	0.7264	74.9784	0.6872	2.0e-04	0.5469
2500	-109.1494	-109.1494	-77.9018	0.7137	76.4200	0.7004	2.0e-04	0.5482
2501	-109.1699	-109.1699	-79.6086	0.7292	74.6551	0.6842	2.0e-04	0.5446
2502	-109.1770	-109.1770	-78.0268	0.7147	76.3300	0.6994	2.0e-04	0.5479
2503	-109.1489	-109.1489	-79.3825	0.7273	74.8699	0.6862	2.0e-04	0.5461
2504	-109.1518	-109.1518	-78.6502	0.7206	75.6567	0.6934	2.0e-04	0.5470
2505	-109.1455	-109.1455	-79.1504	0.7252	75.1220	0.6886	2.0e-04	0.5463
2506	-109.1549	-109.1549	-78.9026	0.7228	75.3807	0.6909	2.0e-04	0.5483
2507	-109.1632	-109.1632	-78.8559	0.7224	75.4488	0.6915	2.0e-04	0.5465
2508	-109.1491	-109.1491	-79.9726	0.7327	74.2517	0.6806	2.0e-04	0.5480
2509	-109.1529	-109.1529	-78.3211	0.7175	75.9892	0.6965	2.0e-04	0.5467
2510	-109.1598	-109.1598	-78.7603	0.7215	75.5486	0.6924	2.0e-04	0.5484
2511	-109.1562	-109.1562	-78.5138	0.7193	75.8070	0.6947	2.0e-04	0.5476
2512	-109.1714	-109.1714	-78.3699	0.7179	75.9434	0.6960	2.0e-04	0.5486
2513	-109.1668	-109.1668	-78.4521	0.7186	75.8503	0.6952	2.0e-04	0.5456
2514	-109.1477	-109.1477	-78.9562	0.7234	75.3220	0.6904	2.0e-04	0.5461
2515	-109.1407	-109.1407	-78.2563	0.7170	76.0399	0.6969	2.0e-04	0.5483
2516	-109.1536	-109.1536	-78.0145	0.7147	76.3127	0.6994	2.0e-04	0.5461
2517	-109.1648	-109.1648	-78.2195	0.7165	76.1206	0.6976	2.0e-04	0.5479
2518	-109.1736	-109.1736	-78.2784	0.7170	76.0671	0.6970	2.0e-04	0.5468
2519	-109.1686	-109.1686	-78.3155	0.7174	76.0094	0.6967	2.0e-04	0.5470
2520	-109.1590	-109.1590	-78.4258	0.7185	75.8887	0.6955	2.0e-04	0.5464
2521	-109.1414	-109.1414	-78.6300	0.7204	75.6587	0.6935	2.0e-04	0.5471
2522	-109.1657	-109.1657	-77.9883	0.7144	76.3546	0.6997	2.0e-04	0.5474
2523	-109.1483	-109.1483	-78.0840	0.7154	76.2517	0.6987	2.0e-04	0.5476
2524	-109.1690	-109.1690	-78.1566	0.7159	76.1829	0.6982	2.0e-04	0.5465
2525	-109.1393	-109.1393	-77.4106	0.7093	76.9087	0.7049	2.0e-04	0.5477
2526	-109.1556	-109.1556	-77.8867	0.7135	76.4534	0.7006	2.0e-04	0.5486
2527	-109.1643	-109.1643	-77.8365	0.7130	76.5038	0.7011	2.0e-04	0.5471
2528	-109.1660	-109.1660	-77.8335	0.7130	76.5166	0.7012	2.0e-04	0.5499
2529	-109.1504	-109.1504	-77.9745	0.7144	76.3269	0.6995	2.0e-04	0.5483
2530	-109.1499	-109.1499	-77.9083	0.7138	76.4121	0.7003	2.0e-04	0.5465
2531	-109.1508	-109.1508	-77.8373	0.7131	76.4859	0.7010	2.0e-04	0.5470
2532	-109.1619	-109.1619	-77.9055	0.7137	76.4133	0.7004	2.0e-04	0.5475
2533	-109.1628	-109.1628	-78.3299	0.7176	75.9903	0.6965	2.0e-04	0.5474
2534	-109.1712	-109.1712	-78.2689	0.7169	76.0723	0.6971	2.0e-04	0.5457
2535	-109.1696	-109.1696	-78.8636	0.7224	75.4529	0.6914	2.0e-04	0.5483
2536	-109.1693	-109.1693	-77.9581	0.7141	76.3918	0.7000	2.0e-04	0.5473
2537	-109.1573	-109.1573	-78.2466	0.7168	76.0403	0.6969	2.0e-04	0.5487
2538	-109.1788	-109.1788	-78.1533	0.7158	76.2046	0.6983	2.0e-04	0.5472
2539	-109.1464	-109.1464	-78.0050	0.7147	76.3123	0.6994	2.0e-04	0.5472
2540	-109.1509	-109.1509	-78.3946	0.7182	75.9046	0.6958	2.0e-04	0.5472
2541	-109.1744	-109.1744	-78.6465	0.7204	75.6952	0.6935	2.0e-04	0.5486
2542	-109.1480	-109.1480	-78.1041	0.7156	76.2113	0.6985	2.0e-04	0.5478
2543	-109.1603	-109.1603	-78.0694	0.7152	76.2451	0.6988	2.0e-04	0.5467
2544	-109.1623	-109.1623	-77.8944	0.7136	76.4466	0.7006	2.0e-04	0.5467
2545	-109.1648	-109.1648	-78.8391	0.7222	75.4631	0.6916	2.0e-04	0.5471
2546	-109.1513	-109.1513	-78.5611	0.7197	75.7374	0.6941	2.0e-04	0.5469
2547	-109.1522	-109.1522	-77.4688	0.7097	76.8297	0.7042	2.0e-04	0.5482
2548	-109.1497	-109.1497	-77.9647	0.7143	76.3603	0.6998	2.0e-04	0.5479
2549	-109.1726	-109.1726	-77.9696	0.7142	76.3734	0.6999	2.0e-04	0.5462
2550	-109.1365	-109.1365	-77.8627	0.7134	76.4566	0.7007	2.0e-04	0.5469
2551	-109.1622	-109.1622	-77.9493	0.7141	76.3893	0.7001	2.0e-04	0.5489
2552	-109.1790	-109.1790	-78.1625	0.7159	76.1798	0.6980	2.0e-04	0.5487
2553	-109.1543	-109.1543	-77.3659	0.7088	76.9683	0.7054	2.0e-04	0.5477
2554	-109.1659	-109.1659	-78.3695	0.7179	75.9743	0.6962	2.0e-04	0.5465
2555	-109.1711	-109.1711	-78.8237	0.7220	75.4977	0.6919	2.0e-04	0.5471
2556	-109.1498	-109.1498	-78.8234	0.7222	75.4736	0.6917	2.0e-04	0.5464
2557	-109.1484	-109.1484	-78.2967	0.7173	76.0082	0.6967	2.0e-04	0.5466
2558	-109.1575	-109.1575	-78.1319	0.7158	76.1952	0.6983	2.0e-04	0.5467
2559	-109.1425	-109.1425	-77.8318	0.7131	76.4819	0.7010	2.0e-04	0.5464
2560	-109.1646	-109.1646	-78.3342	0.7176	76.0002	0.6965	2.0e-04	0.5457
2561	-109.1666	-109.1666	-77.8570	0.7132	76.4900	0.7009	2.0e-04	0.5464
2562	-109.1468	-109.1468	-78.1516	0.7160	76.1709	0.6981	2.0e-04	0.5470
2563	-109.1606	-109.1606	-79.1700	0.7253	75.1225	0.6885	2.0e-04	0.5479
2564	-109.1718	-109.1718	-78.8741	0.7225	75.4505	0.6914	2.0e-04	0.5461
2565	-109.1446	-109.1446	-78.9157	0.7230	75.3792	0.6908	2.0e-04	0.5475
2566	-109.1531	-109.1531	-77.8939	0.7136	76.4278	0.7005	2.0e-04	0.5475
2567	-109.1358	-109.1358	-78.2948	0.7174	75.9958	0.6966	2.0e-04	0.5468
2568	-109.1760	-109.1760	-78.4827	0.7189	75.8571	0.6952	2.0e-04	0.5475
2569	-109.1363	-109.1363	-78.4135	0.7185	75.8730	0.6955	2.0e-04	0.5459
2570	-109.1608	-109.1608	-78.1634	0.7160	76.1627	0.6980	2.0e-04	0.5484
2571	-109.1500	-109.1500	-79.0216	0.7240	75.2695	0.6898	2.0e-04	0.5472
2572	-109.1437	-109.1437	-79.0160	0.7240	75.2665	0.6898	2.0e-04	0.5477
2573	-109.1708	-109.1708	-79.8440	0.7314	74.4153	0.6820	2.0e-04	0.5466
2574	-109.1607	-109.1607	-78.2984	0.7173	76.0210	0.6967	2.0e-04	0.5479
2575	-109.1466	-109.1466	-79.1123	0.7248	75.1127	0.6884	2.0e-04	0.5464
2576	-109.1556	-109.1556	-78.3939	0.7182	75.8891	0.6955	2.0e-04	0.5490
2577	-109.1588	-109.1588	-78.1809	0.7162	76.1507	0.6979	2.0e-04	0.5485
2578	-109.1504	-109.1504	-78.2357	0.7168	76.0760	0.6973	2.0e-04	0.5464
2579	-109.1528	-109.1528	-78.7095	0.7211	75.5864	0.6928	2.0e-04	0.5470
2580	-109.1297	-109.1297	-78.3144	0.7176	75.9753	0.6964	2.0e-04	0.5473
2581	-109.1681	-109.1681	-78.5733	0.7197	75.7597	0.6942	2.0e-04	0.5465
2582	-109.1570	-109.1570	-78.2014	0.7164	76.1160	0.6976	2.0e-04	0.5492
2583	-109.1861	-109.1861	-77.6389	0.7111	76.7108	0.7030	2.0e-04	0.5488
2584	-109.1666	-109.1666	-79.0162	0.7238	75.2933	0.6900	2.0e-04	0.5459
2585	-109.1637	-109.1637	-78.9034	0.7228	75.3961	0.6910	2.0e-04	0.5486
2586	-109.1590	-109.1590	-78.3426	0.7177	75.9668	0.6962	2.0e-04	0.5472
2587	-109.1555	-109.1555	-78.5400	0.7195	75.7618	0.6944	2.0e-04	0.5473
2588	-109.1682	-109.1682	-77.7571	0.7123	76.5805	0.7019	2.0e-04	0.5479
2589	-109.1446	-109.1446	-78.7631	0.7216	75.5036	0.6921	2.0e-04	0.5472
2590	-109.1464	-109.1464	-78.5230	0.7194	75.7591	0.6944	2.0e-04	0.5480
2591	-109.1710	-109.1710	-77.7151	0.7119	76.6309	0.7022	2.0e-04	0.5463
2592	-109.1587	-109.1587	-78.7909	0.7218	75.5215	0.6921	2.0e-04	0.5486
2593	-109.1656	-109.1656	-78.3679	0.7179	75.9726	0.6962	2.0e-04	0.5464
2594	-109.1663	-109.1663	-78.2238	0.7166	76.0838	0.6973	2.0e-04	0.5471
2595	-109.1755	-109.1755	-77.7551	0.7122	76.6023	0.7019	2.0e-04	0.5476
2596	-109.1612	-109.1612	-78.1767	0.7162	76.1629	0.6979	2.0e-04	0.5465
2597	-109.1467	-109.1467	-78.1020	0.7156	76.1925	0.6984	2.0e-04	0.5467
2598	-109.1599	-109.1599	-77.5116	0.7101	76.8199	0.7041	2.0e-04	0.5482
2599	-109.1602	-109.1602	-76.6326	0.7020	77.6988	0.7121	2.0e-04	0.5485
2600	-109.1493	-109.1493	-78.0736	0.7153	76.2390	0.6988	2.0e-04	0.5471
2601	-109.1867	-109.1867	-77.3574	0.7085	77.0145	0.7057	2.0e-04	0.5456
2602	-109.1611	-109.1611	-76.6456	0.7021	77.6946	0.7120	2.0e-04	0.5464
2603	-109.1550	-109.1550	-78.1935	0.7164	76.1047	0.6976	2.0e-04	0.5489
2604	-109.1660	-109.1660	-76.6490	0.7021	77.7041	0.7120	2.0e-04	0.5484
2605	-109.1595	-109.1595	-77.3637	0.7087	76.9687	0.7055	2.0e-04	0.5491
2606	-109.1739	-109.1739	-78.5670	0.7196	75.7734	0.6943	2.0e-04	0.5476
2607	-109.1534	-109.1534	-77.2397	0.7076	77.0766	0.7064	2.0e-04	0.5493
2608	-109.1617	-109.1617	-78.7001	0.7209	75.5943	0.6928	2.0e-04	0.5464
2609	-109.1578	-109.1578	-77.3784	0.7089	76.9640	0.7053	2.0e-04	0.5489
2610	-109.1740	-109.1740	-78.8783	0.7225	75.4417	0.6913	2.0e-04	0.5469
2611	-109.1578	-109.1578	-77.7544	0.7123	76.5802	0.7019	2.0e-04	0.5501
2612	-109.1652	-109.1652	-79.1309	0.7249	75.1693	0.6889	2.0e-04	0.5472
2613	-109.1414	-109.1414	-78.5005	0.7193	75.7872	0.6947	2.0e-04	0.5479
2614	-109.1662	-109.1662	-78.1611	0.7160	76.1754	0.6981	2.0e-04	0.5472
2615	-109.1544	-109.1544	-78.1911	0.7163	76.1228	0.6978	2.0e-04	0.5474
2616	-109.1430	-109.1430	-78.9014	0.7229	75.3624	0.6908	2.0e-04	0.5470
2617	-109.1517	-109.1517	-77.9013	0.7137	76.4286	0.7004	2.0e-04	0.5502
2618	-109.1674	-109.1674	-78.2285	0.7166	76.1070	0.6975	2.0e-04	0.5477
2619	-109.1550	-109.1550	-77.4937	0.7099	76.8511	0.7043	2.0e-04	0.5486
2620	-109.1550	-109.1550	-78.6993	0.7210	75.6098	0.6929	2.0e-04	0.5485
2621	-109.1540	-109.1540	-78.6091	0.7202	75.6913	0.6937	2.0e-04	0.5481
2622	-109.1511	-109.1511	-79.2213	0.7258	75.0558	0.6879	2.0e-04	0.5481
2623	-109.1392	-109.1392	-78.6070	0.7202	75.6823	0.6937	2.0e-04	0.5494
2624	-109.1528	-109.1528	-77.9106	0.7138	76.4070	0.7002	2.0e-04	0.5463
2625	-109.1622	-109.1622	-77.7767	0.7125	76.5634	0.7016	2.0e-04	0.5466
2626	-109.1656	-109.1656	-78.0654	0.7151	76.2814	0.6990	2.0e-04	0.5489
2627	-109.1514	-109.1514	-79.0058	0.7238	75.2633	0.6898	2.0e-04	0.5471
2628	-109.1689	-109.1689	-78.9153	0.7229	75.4024	0.6910	2.0e-04	0.5477
2629	-109.1463	-109.1463	-78.1833	0.7163	76.1212	0.6977	2.0e-04	0.5495
2630	-109.1526	-109.1526	-78.9492	0.7233	75.3497	0.6905	2.0e-04	0.5470
2631	-109.1403	-109.1403	-78.5616	0.7198	75.7203	0.6941	2.0e-04	0.5465
2632	-109.1609	-109.1609	-78.2464	0.7168	76.0453	0.6970	2.0e-04	0.5471
2633	-109.1667	-109.1667	-78.9565	0.7233	75.3415	0.6905	2.0e-04	0.5474
2634	-109.1407	-109.1407	-78.5045	0.7193	75.7828	0.6947	2.0e-04	0.5472
2635	-109.1505	-109.1505	-78.7418	0.7214	75.5527	0.6925	2.0e-04	0.5471
2636	-109.1535	-109.1535	-78.5308	0.7195	75.7671	0.6944	2.0e-04	0.5499
2637	-109.1640	-109.1640	-78.2498	0.7168	76.0617	0.6970	2.0e-04	0.5469
2638	-109.1513	-109.1513	-78.8794	0.7227	75.4318	0.6912	2.0e-04	0.5473
2639	-109.1515	-109.1515	-77.4001	0.7091	76.9146	0.7048	2.0e-04	0.5467
2640	-109.1576	-109.1576	-77.9442	0.7141	76.3867	0.7001	2.0e-04	0.5468
2641	-109.1606	-109.1606	-78.7678	0.7216	75.5420	0.6923	2.0e-04	0.5480
2642	-109.1531	-109.1531	-78.9299	0.7231	75.3549	0.6907	2.0e-04	0.5470
2643	-109.1583	-109.1583	-79.0873	0.7245	75.1939	0.6892	2.0e-04	0.5493
2644	-109.1633	-109.1633	-77.7087	0.7119	76.5745	0.7017	2.0e-04	0.5469
2645	-109.1546	-109.1546	-78.6049	0.7201	75.6739	0.6937	2.0e-04	0.5498
2646	-109.1729	-109.1729	-77.9976	0.7144	76.3550	0.6997	2.0e-04	0.5466
2647	-109.1572	-109.1572	-79.0252	0.7240	75.2653	0.6898	2.0e-04	0.5489
2648	-109.1594	-109.1594	-79.1502	0.7251	75.1439	0.6887	2.0e-04	0.5467
2649	-109.1519	-109.1519	-78.7661	0.7216	75.5369	0.6923	2.0e-04	0.5478
2650	-109.1546	-109.1546	-78.7856	0.7218	75.5015	0.6919	2.0e-04	0.5477
2651	-109.1607	-109.1607	-78.4095	0.7183	75.9066	0.6956	2.0e-04	0.5498
2652	-109.1662	-109.1662	-77.6581	0.7114	76.6775	0.7028	2.0e-04	0.5477
2653	-109.1534	-109.1534	-77.5267	0.7103	76.8103	0.7039	2.0e-04	0.5465
2654	-109.1523	-109.1523	-78.1492	0.7160	76.1696	0.6981	2.0e-04	0.5785
2655	-109.1776	-109.1776	-78.1238	0.7156	76.2120	0.6984	2.0e-04	0.5496
2656	-109.1546	-109.1546	-78.1172	0.7157	76.2056	0.6985	2.0e-04	0.5475
2657	-109.1590	-109.1590	-78.4890	0.7190	75.8276	0.6949	2.0e-04	0.5497
2658	-109.1734	-109.1734	-77.4864	0.7098	76.8757	0.7044	2.0e-04	0.5476
2659	-109.1560	-109.1560	-78.5647	0.7197	75.7419	0.6942	2.0e-04	0.5494
2660	-109.1606	-109.1606	-78.3920	0.7181	75.9174	0.6958	2.0e-04	0.5472
2661	-109.1594	-109.1594	-78.3126	0.7174	76.0050	0.6966	2.0e-04	0.5494
2662	-109.1556	-109.1556	-78.8257	0.7221	75.4807	0.6917	2.0e-04	0.5470
2663	-109.1564	-109.1564	-78.6816	0.7208	75.6050	0.6929	2.0e-04	0.5482
2664	-109.1640	-109.1640	-78.7024	0.7210	75.6102	0.6929	2.0e-04	0.5473
2665	-109.1657	-109.1657	-78.4024	0.7182	75.9241	0.6958	2.0e-04	0.5481
2666	-109.1615	-109.1615	-78.2880	0.7172	76.0243	0.6967	2.0e-04	0.5480
2667	-109.1728	-109.1728	-78.8602	0.7223	75.4688	0.6915	2.0e-04	0.5479
2668	-109.1674	-109.1674	-78.5896	0.7199	75.7488	0.6941	2.0e-04	0.5485
2669	-109.1796	-109.1796	-78.6008	0.7199	75.7255	0.6940	2.0e-04	0.5480
2670	-109.1440	-109.1440	-79.0290	0.7241	75.2303	0.6896	2.0e-04	0.5479
2671	-109.1706	-109.1706	-79.0622	0.7242	75.2384	0.6895	2.0e-04	0.5464
2672	-109.1663	-109.1663	-79.1038	0.7246	75.1977	0.6891	2.0e-04	0.5475
2673	-109.1525	-109.1525	-78.7677	0.7216	75.5421	0.6923	2.0e-04	0.5462
2674	-109.1426	-109.1426	-79.9093	0.7322	74.3107	0.6811	2.0e-04	0.5480
2675	-109.1584	-109.1584	-80.0100	0.7330	74.2142	0.6801	2.0e-04	0.5484
2676	-109.1576	-109.1576	-78.7163	0.7211	75.5826	0.6928	2.0e-04	0.5463
2677	-109.1578	-109.1578	-79.2777	0.7263	74.9901	0.6873	2.0e-04	0.5480
2678	-109.1571	-109.1571	-79.4145	0.7275	74.8622	0.6860	2.0e-04	0.5481
2679	-109.1339	-109.1339	-79.0815	0.7246	75.1720	0.6891	2.0e-04	0.5479
2680	-109.1610	-109.1610	-79.7060	0.7302	74.5534	0.6833	2.0e-04	0.5471
2681	-109.1609	-109.1609	-79.7104	0.7302	74.5386	0.6832	2.0e-04	0.5457
2682	-109.1236	-109.1236	-79.2965	0.7267	74.9390	0.6869	2.0e-04	0.5490
2683	-109.1703	-109.1703	-79.2921	0.7263	74.9978	0.6873	2.0e-04	0.5474
2684	-109.1320	-109.1320	-79.8212	0.7314	74.3935	0.6819	2.0e-04	0.5500
2685	-109.1685	-109.1685	-80.1869	0.7345	74.0510	0.6786	2.0e-04	0.5474
2686	-109.1477	-109.1477	-79.9075	0.7321	74.3202	0.6812	2.0e-04	0.5493
2687	-109.1598	-109.1598	-79.3727	0.7271	74.9014	0.6865	2.0e-04	0.5473
2688	-109.1514	-109.1514	-79.6134	0.7294	74.6307	0.6841	2.0e-04	0.5494
2689	-109.1694	-109.1694	-79.4092	0.7274	74.8534	0.6859	2.0e-04	0.5463
2690	-109.1496	-109.1496	-79.8735	0.7318	74.3643	0.6815	2.0e-04	0.5485
2691	-109.1678	-109.1678	-79.5976	0.7291	74.6723	0.6843	2.0e-04	0.5455
2692	-109.1691	-109.1691	-79.7632	0.7306	74.4985	0.6827	1.9e-04	0.5489
2693	-109.1562	-109.1562	-78.8561	0.7224	75.4442	0.6915	1.9e-04	0.5475
2694	-109.1590	-109.1590	-79.1316	0.7249	75.1642	0.6888	1.9e-04	0.5493
2695	-109.1625	-109.1625	-78.9703	0.7234	75.3369	0.6904	1.9e-04	0.5473
2696	-109.1585	-109.1585	-79.7415	0.7305	74.4819	0.6827	1.9e-04	0.5505
2697	-109.1477	-109.1477	-78.2838	0.7172	76.0249	0.6967	1.9e-04	0.5468
2698	-109.1597	-109.1597	-79.3287	0.7267	74.9468	0.6869	1.9e-04	0.5496
2699	-109.1489	-109.1489	-79.0725	0.7244	75.1991	0.6892	1.9e-04	0.5475
2700	-109.1665	-109.1665	-79.4658	0.7279	74.8174	0.6856	1.9e-04	0.5490
2701	-109.1575	-109.1575	-78.9032	0.7228	75.3840	0.6908	1.9e-04	0.5456
2702	-109.1681	-109.1681	-79.7587	0.7306	74.5039	0.6828	1.9e-04	0.5478
2703	-109.1577	-109.1577	-79.5966	0.7292	74.6492	0.6841	1.9e-04	0.5491
2704	-109.1363	-109.1363	-79.6065	0.7294	74.6064	0.6838	1.9e-04	0.5479
2705	-109.1865	-109.1865	-79.7412	0.7303	74.5444	0.6831	1.9e-04	0.5479
2706	-109.1384	-109.1384	-78.8688	0.7226	75.4109	0.6912	1.9e-04	0.5477
2707	-109.1492	-109.1492	-79.8431	0.7315	74.3883	0.6818	1.9e-04	0.5480
2708	-109.1660	-109.1660	-78.4888	0.7190	75.8353	0.6949	1.9e-04	0.5482
2709	-109.1472	-109.1472	-79.4255	0.7277	74.8232	0.6859	1.9e-04	0.5479
2710	-109.1557	-109.1557	-78.6074	0.7201	75.6938	0.6938	1.9e-04	0.5494
2711	-109.1610	-109.1610	-78.9669	0.7234	75.3353	0.6904	1.9e-04	0.5483
2712	-109.1534	-109.1534	-78.7252	0.7212	75.5653	0.6927	1.9e-04	0.5490
2713	-109.1694	-109.1694	-78.5472	0.7195	75.7795	0.6944	1.9e-04	0.5470
2714	-109.1446	-109.1446	-79.7007	0.7302	74.5345	0.6831	1.9e-04	0.5466
2715	-109.1594	-109.1594	-78.5851	0.7199	75.7279	0.6940	1.9e-04	0.5489
2716	-109.1681	-109.1681	-78.7142	0.7210	75.6021	0.6929	1.9e-04	0.5473
2717	-109.1618	-109.1618	-79.3913	0.7273	74.8874	0.6863	1.9e-04	0.5483
2718	-109.1541	-109.1541	-78.2985	0.7173	76.0163	0.6967	1.9e-04	0.5473
2719	-109.1463	-109.1463	-79.3012	0.7266	74.9645	0.6870	1.9e-04	0.5468
2720	-109.1693	-109.1693	-79.0374	0.7240	75.2718	0.6898	1.9e-04	0.5471
2721	-109.1861	-109.1861	-78.6441	0.7203	75.6867	0.6936	1.9e-04	0.5465
2722	-109.1683	-109.1683	-78.7173	0.7211	75.6047	0.6929	1.9e-04	0.5486
2723	-109.1548	-109.1548	-78.2020	0.7164	76.1051	0.6975	1.9e-04	0.5466
2724	-109.1696	-109.1696	-78.3462	0.7177	75.9858	0.6964	1.9e-04	0.5482
2725	-109.1544	-109.1544	-76.6387	0.7021	77.6983	0.7120	1.9e-04	0.5460
2726	-109.1476	-109.1476	-77.7592	0.7124	76.5494	0.7016	1.9e-04	0.5493
2727	-109.1525	-109.1525	-78.6930	0.7209	75.6043	0.6929	1.9e-04	0.5479
2728	-109.1685	-109.1685	-78.2280	0.7166	76.1063	0.6975	1.9e-04	0.5491
2729	-109.1617	-109.1617	-78.6365	0.7204	75.6830	0.6936	1.9e-04	0.5474
2730	-109.1429	-109.1429	-78.7692	0.7217	75.5214	0.6922	1.9e-04	0.5492
2731	-109.1479	-109.1479	-78.2504	0.7169	76.0588	0.6971	1.9e-04	0.5482
2732	-109.1551	-109.1551	-78.0924	0.7154	76.1992	0.6984	1.9e-04	0.5474
2733	-109.1690	-109.1690	-77.4917	0.7098	76.8573	0.7044	1.9e-04	0.5480
2734	-109.1609	-109.1609	-77.6320	0.7112	76.6934	0.7030	1.9e-04	0.5485
2735	-109.1547	-109.1547	-78.6081	0.7202	75.6848	0.6938	1.9e-04	0.5475
2736	-109.1584	-109.1584	-78.8793	0.7226	75.4221	0.6912	1.9e-04	0.5492
2737	-109.1720	-109.1720	-78.9542	0.7232	75.3530	0.6906	1.9e-04	0.5477
2738	-109.1549	-109.1549	-76.7904	0.7035	77.5487	0.7107	1.9e-04	0.5491
2739	-109.1705	-109.1705	-77.6140	0.7109	76.7364	0.7032	1.9e-04	0.5461
2740	-109.1682	-109.1682	-77.1461	0.7067	77.1623	0.7071	1.9e-04	0.5485
2741	-109.1817	-109.1817	-76.9824	0.7051	77.3814	0.7091	1.9e-04	0.5471
2742	-109.1703	-109.1703	-77.0093	0.7054	77.3489	0.7088	1.9e-04	0.5470
2743	-109.1700	-109.1700	-78.1603	0.7160	76.1810	0.6981	1.9e-04	0.5473
2744	-109.1795	-109.1795	-76.5968	0.7016	77.7655	0.7125	1.9e-04	0.5491
2745	-109.1683	-109.1683	-78.1007	0.7154	76.2445	0.6987	1.9e-04	0.5495
2746	-109.1629	-109.1629	-77.1003	0.7063	77.2170	0.7076	1.9e-04	0.5493
2747	-109.1630	-109.1630	-77.2058	0.7073	77.1283	0.7069	1.9e-04	0.5476
2748	-109.1798	-109.1798	-77.1885	0.7070	77.1670	0.7072	1.9e-04	0.5470
2749	-109.1597	-109.1597	-77.6051	0.7109	76.7322	0.7033	1.9e-04	0.5496
2750	-109.1683	-109.1683	-77.0904	0.7062	77.2390	0.7079	1.9e-04	0.5478
2751	-109.1680	-109.1680	-77.6155	0.7110	76.7341	0.7032	1.9e-04	0.5498
2752	-109.1823	-109.1823	-77.7660	0.7123	76.5886	0.7018	1.9e-04	0.5472
2753	-109.1726	-109.1726	-77.5328	0.7102	76.8290	0.7040	1.9e-04	0.5486
2754	-109.1628	-109.1628	-77.5488	0.7104	76.7990	0.7038	1.9e-04	0.5470
2755	-109.1501	-109.1501	-77.0777	0.7062	77.2597	0.7080	1.9e-04	0.5470
2756	-109.1629	-109.1629	-77.6914	0.7117	76.6617	0.7025	1.9e-04	0.5488
2757	-109.1677	-109.1677	-78.8541	0.7223	75.4636	0.6916	1.9e-04	0.5484
2758	-109.1616	-109.1616	-77.7967	0.7127	76.5136	0.7012	1.9e-04	0.5480
2759	-109.1785	-109.1785	-78.1315	0.7156	76.2204	0.6985	1.9e-04	0.5479
2760	-109.1448	-109.1448	-78.1579	0.7161	76.1234	0.6978	1.9e-04	0.5491
2761	-109.1517	-109.1517	-77.5203	0.7102	76.8263	0.7040	1.9e-04	0.5479
2762	-109.1367	-109.1367	-78.4937	0.7192	75.8038	0.6948	1.9e-04	0.5498
2763	-109.1447	-109.1447	-78.2182	0.7166	76.0863	0.6974	1.9e-04	0.5468
2764	-109.1735	-109.1735	-79.0296	0.7239	75.2793	0.6899	1.9e-04	0.5497
2765	-109.1608	-109.1608	-78.2104	0.7165	76.1286	0.6976	1.9e-04	0.5475
2766	-109.1773	-109.1773	-78.8997	0.7227	75.4093	0.6911	1.9e-04	0.5497
2767	-109.1563	-109.1563	-79.5613	0.7289	74.7018	0.6846	1.9e-04	0.5465
2768	-109.1556	-109.1556	-78.8076	0.7220	75.4871	0.6919	1.9e-04	0.5488
2769	-109.1533	-109.1533	-78.0066	0.7147	76.3132	0.6995	1.9e-04	0.5470
2770	-109.1709	-109.1709	-78.0718	0.7151	76.2698	0.6990	1.9e-04	0.5487
2771	-109.1486	-109.1486	-78.7299	0.7213	75.5527	0.6925	1.9e-04	0.5478
2772	-109.1510	-109.1510	-78.7165	0.7212	75.5713	0.6927	1.9e-04	0.5476
2773	-109.1445	-109.1445	-78.2875	0.7173	76.0156	0.6967	1.9e-04	0.5477
2774	-109.1648	-109.1648	-78.7669	0.7215	75.5229	0.6921	1.9e-04	0.5483
2775	-109.1678	-109.1678	-78.0795	0.7152	76.2557	0.6989	1.9e-04	0.5473
2776	-109.1492	-109.1492	-78.1687	0.7162	76.1210	0.6977	1.9e-04	0.5483
2777	-109.1460	-109.1460	-78.2467	0.7169	76.0514	0.6970	1.9e-04	0.5482
2778	-109.1694	-109.1694	-77.7367	0.7121	76.5766	0.7017	1.9e-04	0.5561
2779	-109.1725	-109.1725	-77.6328	0.7111	76.7056	0.7029	1.9e-04	0.5478
2780	-109.1662	-109.1662	-77.8679	0.7133	76.4270	0.7004	1.9e-04	0.5478
2781	-109.1680	-109.1680	-77.8796	0.7134	76.4709	0.7008	1.9e-04	0.5489
2782	-109.1740	-109.1740	-77.9950	0.7144	76.3595	0.6997	1.9e-04	0.5471
2783	-109.1525	-109.1525	-78.3123	0.7175	75.9749	0.6963	1.9e-04	0.5483
2784	-109.1508	-109.1508	-78.1075	0.7156	76.2189	0.6985	1.9e-04	0.5480
2785	-109.1306	-109.1306	-77.6430	0.7115	76.6586	0.7027	1.9e-04	0.5475
2786	-109.1603	-109.1603	-77.7829	0.7126	76.5584	0.7016	1.9e-04	0.5491
2787	-109.1757	-109.1757	-76.8439	0.7039	77.5142	0.7103	1.9e-04	0.5472
2788	-109.1570	-109.1570	-77.1879	0.7071	77.1411	0.7071	1.9e-04	0.5493
2789	-109.1692	-109.1692	-77.7635	0.7123	76.5876	0.7018	1.9e-04	0.5477
2790	-109.1696	-109.1696	-77.1903	0.7071	77.1724	0.7071	1.9e-04	0.5492
2791	-109.1578	-109.1578	-77.2849	0.7080	77.0592	0.7062	1.9e-04	0.5475
2792	-109.1624	-109.1624	-77.1604	0.7068	77.1503	0.7070	1.9e-04	0.5491
2793	-109.1507	-109.1507	-77.8367	0.7131	76.4903	0.7010	1.9e-04	0.5494
2794	-109.1500	-109.1500	-77.9337	0.7140	76.3815	0.7000	1.9e-04	0.5478
2795	-109.1544	-109.1544	-77.2170	0.7074	77.1195	0.7068	1.9e-04	0.5486
2796	-109.1550	-109.1550	-78.0689	0.7152	76.2578	0.6989	1.9e-04	0.5482
2797	-109.1650	-109.1650	-77.7151	0.7119	76.6388	0.7023	1.9e-04	0.5469
2798	-109.1497	-109.1497	-78.3027	0.7174	76.0056	0.6967	1.9e-04	0.5485
2799	-109.1614	-109.1614	-77.2787	0.7079	77.0671	0.7063	1.9e-04	0.5456
2800	-109.1649	-109.1649	-76.3852	0.6997	77.9566	0.7144	1.9e-04	0.5487
2801	-109.1368	-109.1368	-78.1473	0.7160	76.1552	0.6980	1.9e-04	0.5460
2802	-109.1503	-109.1503	-78.3683	0.7180	75.9339	0.6960	1.9e-04	0.5476
2803	-109.1689	-109.1689	-77.7662	0.7123	76.5714	0.7018	1.9e-04	0.5478
2804	-109.1670	-109.1670	-78.0779	0.7152	76.2246	0.6987	1.9e-04	0.5469
2805	-109.1687	-109.1687	-77.7677	0.7124	76.5700	0.7017	1.9e-04	0.5479
2806	-109.1359	-109.1359	-78.5408	0.7197	75.7556	0.6942	1.9e-04	0.5457
2807	-109.1650	-109.1650	-77.1059	0.7063	77.2201	0.7077	1.9e-04	0.5483
2808	-109.1722	-109.1722	-77.2773	0.7078	77.0756	0.7063	1.9e-04	0.5469
2809	-109.1702	-109.1702	-77.5586	0.7104	76.7851	0.7037	1.9e-04	0.5499
2810	-109.1565	-109.1565	-77.1414	0.7067	77.1929	0.7075	1.9e-04	0.5471
2811	-109.1628	-109.1628	-76.4440	0.7003	77.8908	0.7138	1.9e-04	0.5493
2812	-109.1728	-109.1728	-76.5635	0.7013	77.7249	0.7124	1.9e-04	0.5448
2813	-109.1387	-109.1387	-77.3653	0.7089	76.9450	0.7053	1.9e-04	0.5524
2814	-109.1603	-109.1603	-76.4278	0.7001	77.9218	0.7140	1.9e-04	0.5484
2815	-109.1668	-109.1668	-76.6393	0.7020	77.6934	0.7120	1.9e-04	0.5482
2816	-109.1470	-109.1470	-76.2582	0.6987	78.0577	0.7154	1.9e-04	0.5493
2817	-109.1601	-109.1601	-76.6713	0.7024	77.6735	0.7118	1.9e-04	0.5471
2818	-109.1471	-109.1471	-76.6706	0.7025	77.6145	0.7114	1.9e-04	0.5505
2819	-109.1575	-109.1575	-76.1659	0.6978	78.1633	0.7163	1.9e-04	0.5554
2820	-109.1543	-109.1543	-76.4960	0.7008	77.8162	0.7132	1.9e-04	0.5485
2821	-109.1541	-109.1541	-76.5269	0.7011	77.7963	0.7130	1.9e-04	0.5477
2822	-109.1627	-109.1627	-75.8638	0.6950	78.4466	0.7189	1.9e-04	0.5499
2823	-109.1705	-109.1706	-75.5162	0.6917	78.7919	0.7221	1.9e-04	0.5459
2824	-109.1611	-109.1611	-76.1261	0.6974	78.1872	0.7166	1.9e-04	0.5467
2825	-109.1724	-109.1724	-76.8607	0.7040	77.4918	0.7102	1.9e-04	0.5477
2826	-109.1885	-109.1885	-75.7601	0.6938	78.5910	0.7201	1.9e-04	0.5479
2827	-109.1510	-109.1510	-76.7330	0.7030	77.5990	0.7112	1.9e-04	0.5475
2828	-109.1691	-109.1694	-74.7435	0.6847	79.5381	0.7289	1.9e-04	0.5485
2829	-109.1454	-109.1454	-76.3340	0.6994	77.9725	0.7147	1.9e-04	0.5483
2830	-109.1582	-109.1582	-75.8641	0.6950	78.4428	0.7189	1.9e-04	0.5504
2831	-109.1504	-109.1504	-77.0137	0.7056	77.3192	0.7086	1.9e-04	0.5475
2832	-109.1755	-109.1755	-75.5504	0.6920	78.7718	0.7219	1.9e-04	0.5492
2833	-109.1679	-109.1679	-76.2066	0.6981	78.1138	0.7159	1.9e-04	0.5474
2834	-109.1510	-109.1510	-76.6273	0.7020	77.6972	0.7120	1.9e-04	0.5496
2835	-109.1723	-109.1723	-76.1571	0.6976	78.1947	0.7165	1.9e-04	0.5470
2836	-109.1561	-109.1561	-77.0213	0.7056	77.3137	0.7086	1.9e-04	0.5480
2837	-109.1504	-109.1504	-76.7712	0.7034	77.5784	0.7108	1.9e-04	0.5466
2838	-109.1646	-109.1646	-76.1163	0.6973	78.2077	0.7167	1.9e-04	0.5482
2839	-109.1590	-109.1591	-75.8805	0.6951	78.4424	0.7189	1.9e-04	0.5474
2840	-109.1812	-109.1812	-76.6812	0.7023	77.6400	0.7115	1.9e-04	0.5465
2841	-109.1718	-109.1718	-76.8739	0.7042	77.4812	0.7100	1.9e-04	0.5472
2842	-109.1666	-109.1666	-76.3541	0.6994	77.9902	0.7146	1.9e-04	0.5481
2843	-109.1469	-109.1469	-76.9299	0.7048	77.3994	0.7094	1.9e-04	0.5494
2844	-109.1588	-109.1588	-77.2222	0.7074	77.1160	0.7068	1.9e-04	0.5476
2845	-109.1465	-109.1465	-77.1698	0.7070	77.1480	0.7072	1.9e-04	0.5487
2846	-109.1768	-109.1768	-76.7127	0.7026	77.6488	0.7115	1.9e-04	0.5461
2847	-109.1519	-109.1519	-76.8876	0.7044	77.4451	0.7098	1.9e-04	0.5488
2848	-109.1523	-109.1523	-76.9154	0.7047	77.4126	0.7095	1.9e-04	0.5470
2849	-109.1688	-109.1688	-76.4348	0.7002	77.9239	0.7140	1.9e-04	0.5502
2850	-109.1799	-109.1799	-76.8365	0.7038	77.5230	0.7104	1.9e-04	0.5477
2851	-109.1716	-109.1716	-77.5859	0.7107	76.7496	0.7035	1.9e-04	0.5499
2852	-109.1541	-109.1541	-76.6245	0.7020	77.6864	0.7120	1.9e-04	0.5475
2853	-109.1677	-109.1677	-77.0260	0.7056	77.3214	0.7085	1.9e-04	0.5474
2854	-109.1576	-109.1576	-76.7275	0.7029	77.6060	0.7113	1.9e-04	0.5480
2855	-109.1503	-109.1503	-77.1098	0.7065	77.2285	0.7077	1.9e-04	0.5471
2856	-109.1628	-109.1628	-76.7384	0.7030	77.6013	0.7112	1.9e-04	0.5470
2857	-109.1464	-109.1464	-77.6125	0.7111	76.7159	0.7031	1.9e-04	0.5476
2858	-109.1714	-109.1714	-77.6774	0.7115	76.6683	0.7026	1.9e-04	0.5483
2859	-109.1482	-109.1482	-77.2964	0.7082	77.0332	0.7060	1.9e-04	0.5466
2860	-109.1595	-109.1595	-76.9059	0.7045	77.4419	0.7097	1.9e-04	0.5496
2861	-109.1517	-109.1517	-77.9757	0.7144	76.3277	0.6996	1.9e-04	0.5475
2862	-109.1616	-109.1616	-76.3319	0.6993	77.9985	0.7148	1.9e-04	0.5495
2863	-109.1537	-109.1537	-76.6346	0.7021	77.6496	0.7117	1.9e-04	0.5472
2864	-109.1707	-109.1707	-76.3737	0.6996	77.9366	0.7142	1.9e-04	0.5500
2865	-109.1659	-109.1659	-76.7822	0.7034	77.5761	0.7108	1.9e-04	0.5475
2866	-109.1616	-109.1616	-76.4216	0.7001	77.9196	0.7141	1.9e-04	0.5504
2867	-109.1580	-109.1580	-76.1198	0.6973	78.2073	0.7167	1.9e-04	0.5475
2868	-109.1555	-109.1555	-76.5227	0.7010	77.7861	0.7129	1.9e-04	0.5488
2869	-109.1499	-109.1499	-76.4050	0.7000	77.9040	0.7140	1.9e-04	0.5485
2870	-109.1520	-109.1520	-77.0073	0.7055	77.3315	0.7087	1.9e-04	0.5467
2871	-109.1586	-109.1586	-76.6814	0.7025	77.6495	0.7116	1.9e-04	0.5484
2872	-109.1499	-109.1499	-76.8662	0.7042	77.4533	0.7099	1.9e-04	0.5472
2873	-109.1405	-109.1405	-76.8028	0.7037	77.5171	0.7105	1.9e-04	0.5489
2874	-109.1763	-109.1763	-76.7717	0.7032	77.5820	0.7110	1.9e-04	0.5481
2875	-109.1486	-109.1486	-77.2125	0.7074	77.1116	0.7068	1.9e-04	0.5494
2876	-109.1597	-109.1597	-76.1313	0.6974	78.1907	0.7166	1.9e-04	0.5495
2877	-109.1639	-109.1639	-76.8880	0.7043	77.4538	0.7098	1.9e-04	0.5473
2878	-109.1505	-109.1505	-76.0914	0.6971	78.2186	0.7169	1.9e-04	0.5490
2879	-109.1451	-109.1451	-76.4727	0.7007	77.8508	0.7135	1.9e-04	0.5473
2880	-109.1875	-109.1875	-76.3946	0.6997	77.9743	0.7145	1.9e-04	0.5507
2881	-109.1639	-109.1639	-76.6909	0.7025	77.5684	0.7109	1.9e-04	0.5475
2882	-109.1771	-109.1771	-76.5891	0.7015	77.7655	0.7126	1.9e-04	0.5488
2883	-109.1343	-109.1343	-76.7624	0.7034	77.5540	0.7108	1.9e-04	0.5457
2884	-109.1485	-109.1485	-76.0979	0.6972	78.2049	0.7167	1.9e-04	0.5499
2885	-109.1344	-109.1344	-76.3680	0.6998	77.9447	0.7144	1.9e-04	0.5470
2886	-109.1776	-109.1776	-76.3563	0.6994	77.9871	0.7146	1.9e-04	0.5482
2887	-109.1805	-109.1805	-76.3507	0.6993	77.9869	0.7146	1.9e-04	0.5477
2888	-109.1744	-109.1744	-76.4037	0.6998	77.9085	0.7139	1.9e-04	0.5487
2889	-109.1525	-109.1525	-75.6325	0.6929	78.6745	0.7210	1.9e-04	0.5487
2890	-109.1608	-109.1608	-75.8614	0.6950	78.4587	0.7191	1.9e-04	0.5482
2891	-109.1628	-109.1628	-76.2227	0.6982	78.1067	0.7158	1.9e-04	0.5479
2892	-109.1633	-109.1633	-75.6802	0.6933	78.6417	0.7207	1.9e-04	0.5480
2893	-109.1508	-109.1508	-76.6025	0.7018	77.7171	0.7122	1.9e-04	0.5476
2894	-109.1600	-109.1600	-75.7710	0.6941	78.5525	0.7199	1.9e-04	0.5493
2895	-109.1541	-109.1541	-76.4657	0.7005	77.8667	0.7136	1.9e-04	0.5492
2896	-109.1609	-109.1609	-75.9670	0.6959	78.3444	0.7179	1.9e-04	0.5486
2897	-109.1748	-109.1748	-76.4687	0.7004	77.8830	0.7137	1.9e-04	0.5493
2898	-109.1638	-109.1638	-75.8087	0.6944	78.5058	0.7195	1.9e-04	0.5477
2899	-109.1562	-109.1563	-76.0634	0.6968	78.2532	0.7172	1.9e-04	0.5495
2900	-109.1547	-109.1547	-76.5351	0.7012	77.7823	0.7130	1.9e-04	0.5478
2901	-109.1402	-109.1402	-76.2691	0.6988	78.0207	0.7152	1.9e-04	0.5469
2902	-109.1587	-109.1588	-75.1481	0.6884	79.1512	0.7253	1.9e-04	0.5503
2903	-109.1730	-109.1730	-76.8121	0.7036	77.5435	0.7106	1.9e-04	0.5482
2904	-109.1711	-109.1711	-76.0917	0.6970	78.2516	0.7170	1.9e-04	0.5497
2905	-109.1510	-109.1510	-75.8626	0.6950	78.4561	0.7190	1.9e-04	0.5481
2906	-109.1585	-109.1586	-75.7896	0.6943	78.5134	0.7195	1.9e-04	0.5492
2907	-109.1464	-109.1464	-76.0403	0.6967	78.2740	0.7173	1.9e-04	0.5494
2908	-109.1559	-109.1559	-76.8693	0.7042	77.4631	0.7100	1.9e-04	0.5479
2909	-109.1729	-109.1729	-76.6486	0.7021	77.7145	0.7121	1.9e-04	0.5483
2910	-109.1559	-109.1559	-76.8518	0.7041	77.4543	0.7099	1.9e-04	0.5474
2911	-109.1517	-109.1517	-76.8710	0.7043	77.4547	0.7099	1.9e-04	0.5492
2912	-109.1716	-109.1716	-77.4909	0.7098	76.8455	0.7043	1.9e-04	0.5483
2913	-109.1461	-109.1461	-77.6905	0.7118	76.6299	0.7024	1.9e-04	0.5471
2914	-109.1475	-109.1475	-76.6876	0.7026	77.6400	0.7116	1.9e-04	0.5496
2915	-109.1571	-109.1571	-77.1199	0.7065	77.1895	0.7075	1.9e-04	0.5471
2916	-109.1549	-109.1549	-77.3066	0.7082	77.0310	0.7059	1.9e-04	0.5487
2917	-109.1656	-109.1656	-77.8602	0.7132	76.4544	0.7007	1.9e-04	0.5471
2918	-109.1465	-109.1465	-77.4816	0.7099	76.8391	0.7042	1.9e-04	0.5498
2919	-109.1600	-109.1600	-78.0415	0.7149	76.2829	0.6991	1.9e-04	0.5463
2920	-109.1610	-109.1610	-77.1121	0.7064	77.2369	0.7078	1.9e-04	0.5506
2921	-109.1582	-109.1582	-78.1054	0.7155	76.2337	0.6986	1.9e-04	0.5483
2922	-109.1579	-109.1579	-78.0247	0.7148	76.3078	0.6993	1.9e-04	0.5507
2923	-109.1820	-109.1820	-77.0241	0.7055	77.3139	0.7085	1.9e-04	0.5473
2924	-109.1518	-109.1518	-76.9287	0.7048	77.3979	0.7093	1.9e-04	0.5489
2925	-109.1602	-109.1602	-76.9953	0.7053	77.3133	0.7085	1.9e-04	0.5472
2926	-109.1848	-109.1848	-78.2184	0.7164	76.1344	0.6977	1.9e-04	0.5501
2927	-109.1500	-109.1500	-78.3686	0.7180	75.9462	0.6960	1.9e-04	0.5489
2928	-109.1546	-109.1546	-78.0738	0.7153	76.2599	0.6988	1.9e-04	0.5482
2929	-109.1584	-109.1584	-77.3185	0.7083	77.0057	0.7057	1.9e-04	0.5478
2930	-109.1635	-109.1635	-77.4441	0.7094	76.8986	0.7047	1.9e-04	0.5475
2931	-109.1427	-109.1427	-78.2633	0.7171	76.0273	0.6968	1.9e-04	0.5469
2932	-109.1586	-109.1586	-78.2294	0.7167	76.1009	0.6974	1.9e-04	0.5507
2933	-109.1625	-109.1625	-77.4173	0.7092	76.9232	0.7050	1.9e-04	0.5473
2934	-109.1550	-109.1550	-77.4823	0.7098	76.8612	0.7043	1.9e-04	0.5497
2935	-109.1768	-109.1768	-77.2700	0.7078	77.0810	0.7064	1.9e-04	0.5475
2936	-109.1538	-109.1538	-77.6832	0.7117	76.6523	0.7025	1.9e-04	0.5493
2937	-109.1680	-109.1680	-78.3358	0.7176	75.9917	0.6964	1.9e-04	0.5479
2938	-109.1710	-109.1710	-77.8393	0.7130	76.5134	0.7011	1.9e-04	0.5483
2939	-109.1751	-109.1751	-77.4815	0.7097	76.8856	0.7045	1.9e-04	0.5636
2940	-109.1707	-109.1707	-78.2841	0.7171	76.0375	0.6969	1.9e-04	0.5490
2941	-109.1642	-109.1642	-77.3957	0.7090	76.9457	0.7052	1.9e-04	0.5496
2942	-109.1640	-109.1640	-77.1887	0.7071	77.1582	0.7071	1.9e-04	0.5500
2943	-109.1802	-109.1802	-78.0727	0.7151	76.2652	0.6989	1.9e-04	0.5485
2944	-109.1574	-109.1574	-77.6155	0.7110	76.7060	0.7030	1.9e-04	0.5504
2945	-109.1697	-109.1697	-78.4355	0.7185	75.8896	0.6955	1.9e-04	0.5473
2946	-109.1526	-109.1526	-78.0295	0.7149	76.2888	0.6992	1.9e-04	0.5486
2947	-109.1697	-109.1697	-77.5937	0.7108	76.7455	0.7033	1.9e-04	0.5476
2948	-109.1555	-109.1555	-77.8283	0.7130	76.5002	0.7011	1.9e-04	0.5472
2949	-109.1542	-109.1542	-77.7199	0.7120	76.6178	0.7022	1.9e-04	0.5497
2950	-109.1677	-109.1677	-78.7600	0.7215	75.5379	0.6923	1.9e-04	0.5475
2951	-109.1710	-109.1710	-78.3135	0.7173	75.9976	0.6964	1.9e-04	0.5493
2952	-109.1416	-109.1416	-77.8291	0.7131	76.4622	0.7008	1.9e-04	0.5493
2953	-109.1361	-109.1361	-77.9521	0.7143	76.3486	0.6999	1.9e-04	0.5499
2954	-109.1545	-109.1545	-78.2486	0.7169	76.0776	0.6972	1.9e-04	0.5490
2955	-109.1620	-109.1620	-78.2479	0.7168	76.0860	0.6973	1.9e-04	0.5467
2956	-109.1700	-109.1700	-77.7796	0.7125	76.5580	0.7017	1.9e-04	0.5497
2957	-109.1490	-109.1490	-77.3170	0.7084	77.0123	0.7058	1.9e-04	0.5476
2958	-109.1681	-109.1681	-78.4276	0.7184	75.8909	0.6955	1.9e-04	0.5498
2959	-109.1454	-109.1454	-77.8006	0.7128	76.5206	0.7013	1.9e-04	0.5477
2960	-109.1692	-109.1692	-77.4023	0.7090	76.9428	0.7052	1.9e-04	0.5500
2961	-109.1573	-109.1573	-77.0053	0.7055	77.3364	0.7087	1.9e-04	0.5466
2962	-109.1308	-109.1308	-76.6953	0.7028	77.6051	0.7113	1.9e-04	0.5516
2963	-109.1663	-109.1663	-77.6618	0.7114	76.6788	0.7027	1.9e-04	0.5552
2964	-109.1463	-109.1463	-76.8216	0.7038	77.4971	0.7103	1.9e-04	0.5496
2965	-109.1625	-109.1625	-77.3735	0.7088	76.9630	0.7054	1.9e-04	0.5501
2966	-109.1597	-109.1597	-77.7950	0.7127	76.5335	0.7014	1.9e-04	0.5487
2967	-109.1600	-109.1600	-77.1022	0.7063	77.2405	0.7079	1.9e-04	0.5475
2968	-109.1457	-109.1457	-77.4597	0.7097	76.8513	0.7044	1.9e-04	0.5475
2969	-109.1617	-109.1617	-76.3189	0.6991	78.0236	0.7150	1.9e-04	0.5488
2970	-109.1405	-109.1405	-76.2740	0.6989	78.0425	0.7152	1.9e-04	0.5496
2971	-109.1524	-109.1524	-77.3051	0.7082	77.0037	0.7059	1.9e-04	0.5483
2972	-109.1617	-109.1617	-76.1948	0.6980	78.1295	0.7161	1.9e-04	0.5476
2973	-109.1370	-109.1370	-76.6348	0.7022	77.6534	0.7117	1.9e-04	0.5484
2974	-109.1625	-109.1625	-77.1412	0.7067	77.1961	0.7075	1.9e-04	0.5473
2975	-109.1509	-109.1510	-75.9732	0.6960	78.3295	0.7179	1.9e-04	0.5487
2976	-109.1600	-109.1600	-75.8194	0.6946	78.4884	0.7194	1.9e-04	0.5468
2977	-109.1693	-109.1693	-76.5705	0.7014	77.7661	0.7127	1.9e-04	0.5497
2978	-109.1426	-109.1426	-76.2270	0.6984	78.0907	0.7157	1.9e-04	0.5479
2979	-109.1420	-109.1420	-76.1941	0.6981	78.1216	0.7160	1.9e-04	0.5484
2980	-109.1549	-109.1549	-75.5718	0.6923	78.7318	0.7216	1.9e-04	0.5479
2981	-109.1532	-109.1532	-76.9785	0.7052	77.3331	0.7088	1.9e-04	0.5501
2982	-109.1460	-109.1460	-76.4598	0.7005	77.8660	0.7136	1.9e-04	0.5484
2983	-109.1686	-109.1688	-75.1198	0.6881	79.1683	0.7256	1.9e-04	0.5469
2984	-109.1463	-109.1464	-75.5143	0.6919	78.7843	0.7220	1.9e-04	0.5492
2985	-109.1508	-109.1509	-75.4009	0.6908	78.8674	0.7229	1.9e-04	0.5479
2986	-109.1698	-109.1698	-76.3089	0.6990	78.0314	0.7151	1.9e-04	0.5486
2987	-109.1536	-109.1536	-76.3463	0.6994	77.9717	0.7146	1.9e-04	0.5483
2988	-109.1692	-109.1693	-75.4355	0.6910	78.8811	0.7228	1.9e-04	0.5487
2989	-109.1706	-109.1706	-76.2917	0.6988	78.0392	0.7153	1.9e-04	0.5464
2990	-109.1597	-109.1597	-76.2182	0.6982	78.0962	0.7158	1.9e-04	0.5493
2991	-109.1603	-109.1603	-76.2662	0.6987	78.0570	0.7154	1.9e-04	0.5480
2992	-109.1659	-109.1661	-75.1319	0.6882	79.1536	0.7254	1.9e-04	0.5502
2993	-109.1635	-109.1635	-76.4009	0.6999	77.9102	0.7141	1.9e-04	0.5476
2994	-109.1832	-109.1832	-76.1043	0.6970	78.2432	0.7170	1.9e-04	0.5476
2995	-109.1632	-109.1632	-75.8243	0.6946	78.4991	0.7194	1.9e-04	0.5480
2996	-109.1544	-109.1544	-75.7098	0.6936	78.5821	0.7203	1.9e-04	0.5483
2997	-109.1547	-109.1548	-75.2997	0.6898	78.9993	0.7239	1.9e-04	0.5486
2998	-109.1373	-109.1374	-75.7471	0.6941	78.5512	0.7199	1.9e-04	0.5470
2999	-109.1637	-109.1638	-75.5869	0.6924	78.7320	0.7215	1.9e-04	0.5480
3000	-109.1455	-109.1455	-75.9811	0.6961	78.3291	0.7179	1.9e-04	0.5475
3001	-109.1557	-109.1557	-76.5085	0.7009	77.8109	0.7131	1.9e-04	0.5468
3002	-109.1523	-109.1523	-76.1653	0.6978	78.1518	0.7163	1.9e-04	0.5490
3003	-109.1619	-109.1619	-76.0056	0.6963	78.3133	0.7178	1.9e-04	0.5483
3004	-109.1430	-109.1430	-75.7989	0.6945	78.5032	0.7195	1.9e-04	0.5480
3005	-109.1645	-109.1645	-76.4953	0.7007	77.8430	0.7133	1.9e-04	0.5469
3006	-109.1532	-109.1533	-75.6538	0.6931	78.6414	0.7207	1.9e-04	0.5471
3007	-109.1575	-109.1575	-75.7869	0.6943	78.5197	0.7197	1.9e-04	0.5485
3008	-109.1560	-109.1561	-75.0732	0.6878	79.1779	0.7256	1.9e-04	0.5468
3009	-109.1651	-109.1651	-76.2856	0.6988	78.0479	0.7153	1.9e-04	0.5477
3010	-109.1535	-109.1535	-76.4491	0.7004	77.8707	0.7137	1.9e-04	0.5490
3011	-109.1703	-109.1703	-76.1969	0.6980	78.1411	0.7161	1.9e-04	0.5446
3012	-109.1626	-109.1626	-76.2110	0.6981	78.1173	0.7159	1.9e-04	0.5485
3013	-109.1457	-109.1457	-76.4802	0.7007	77.8411	0.7134	1.9e-04	0.5464
3014	-109.1727	-109.1727	-76.1346	0.6974	78.2034	0.7167	1.9e-04	0.5485
3015	-109.1856	-109.1856	-76.4566	0.7002	77.9116	0.7139	1.9e-04	0.5470
3016	-109.1527	-109.1527	-75.9343	0.6957	78.3766	0.7183	1.9e-04	0.5476
3017	-109.1780	-109.1780	-76.3700	0.6995	77.9816	0.7146	1.9e-04	0.5459
3018	-109.1808	-109.1808	-76.0264	0.6963	78.3004	0.7175	1.9e-04	0.5479
3019	-109.1544	-109.1544	-76.1767	0.6979	78.1489	0.7162	1.9e-04	0.5465
3020	-109.1621	-109.1621	-76.8448	0.7040	77.5066	0.7102	1.9e-04	0.5474
3021	-109.1607	-109.1607	-77.1841	0.7071	77.1728	0.7071	1.9e-04	0.5483
3022	-109.1708	-109.1708	-77.1918	0.7071	77.1565	0.7071	1.9e-04	0.5472
3023	-109.1646	-109.1646	-77.8626	0.7133	76.4764	0.7009	1.9e-04	0.5478
3024	-109.1581	-109.1581	-77.6417	0.7113	76.6717	0.7027	1.9e-04	0.5478
3025	-109.1502	-109.1502	-76.3647	0.6996	77.9654	0.7145	1.9e-04	0.5477
3026	-109.1568	-109.1568	-77.6185	0.7111	76.7221	0.7031	1.9e-04	0.5482
3027	-109.1541	-109.1541	-77.5763	0.7107	76.7554	0.7034	1.9e-04	0.5487
3028	-109.1547	-109.1547	-76.9954	0.7054	77.3506	0.7088	1.9e-04	0.5474
3029	-109.1479	-109.1479	-77.8125	0.7129	76.4598	0.7008	1.9e-04	0.5476
3030	-109.1961	-109.1961	-77.5902	0.7106	76.7713	0.7035	1.9e-04	0.5473
3031	-109.1596	-109.1596	-77.7619	0.7124	76.5711	0.7018	1.9e-04	0.5489
3032	-109.1445	-109.1445	-77.7845	0.7127	76.5156	0.7014	1.9e-04	0.5476
3033	-109.1719	-109.1719	-77.0832	0.7061	77.2825	0.7081	1.9e-04	0.5464
3034	-109.1687	-109.1687	-77.1406	0.7066	77.2119	0.7076	1.9e-04	0.5493
3035	-109.1815	-109.1815	-77.2792	0.7078	77.0939	0.7064	1.9e-04	0.5473
3036	-109.1692	-109.1692	-77.2068	0.7072	77.1370	0.7070	1.9e-04	0.5468
3037	-109.1545	-109.1545	-78.1011	0.7155	76.2285	0.6986	1.9e-04	0.5462
3038	-109.1680	-109.1680	-77.3642	0.7087	76.9869	0.7055	1.9e-04	0.5471
3039	-109.1619	-109.1619	-77.3592	0.7087	76.9895	0.7055	1.9e-04	0.5475
3040	-109.1562	-109.1562	-78.4492	0.7187	75.8714	0.6953	1.9e-04	0.5453
3041	-109.1583	-109.1583	-78.4495	0.7187	75.8738	0.6953	1.9e-04	0.5479
3042	-109.1795	-109.1795	-78.0443	0.7148	76.2956	0.6991	1.9e-04	0.5486
3043	-109.1668	-109.1668	-78.9727	0.7234	75.3252	0.6904	1.9e-04	0.5480
3044	-109.1626	-109.1626	-78.5976	0.7200	75.7066	0.6939	1.9e-04	0.5469
3045	-109.1709	-109.1709	-78.6549	0.7205	75.6715	0.6935	1.9e-04	0.5492
3046	-109.1479	-109.1479	-78.7302	0.7213	75.5765	0.6926	1.9e-04	0.5490
3047	-109.1677	-109.1677	-78.2279	0.7166	76.1123	0.6975	1.9e-04	0.5458
3048	-109.1489	-109.1489	-78.7321	0.7213	75.5471	0.6925	1.9e-04	0.5486
3049	-109.1481	-109.1481	-78.6376	0.7205	75.6616	0.6935	1.9e-04	0.5460
3050	-109.1685	-109.1685	-78.1571	0.7159	76.1813	0.6981	1.9e-04	0.5481
3051	-109.1634	-109.1634	-78.2769	0.7171	76.0531	0.6969	1.9e-04	0.5469
3052	-109.1606	-109.1606	-79.9212	0.7321	74.3186	0.6812	1.9e-04	0.5478
3053	-109.1644	-109.1644	-78.0616	0.7151	76.2731	0.6990	1.9e-04	0.5478
3054	-109.1650	-109.1650	-79.4541	0.7278	74.8314	0.6857	1.9e-04	0.5475
3055	-109.1608	-109.1608	-80.0231	0.7331	74.2241	0.6801	1.9e-04	0.5489
3056	-109.1577	-109.1577	-79.0908	0.7246	75.2011	0.6892	1.9e-04	0.5472
3057	-109.1489	-109.1489	-79.3877	0.7273	74.8440	0.6860	1.9e-04	0.5479
3058	-109.1544	-109.1544	-79.6639	0.7298	74.5764	0.6835	1.9e-04	0.5474
3059	-109.1579	-109.1579	-79.1408	0.7250	75.1382	0.6887	1.9e-04	0.5493
3060	-109.1701	-109.1701	-79.5667	0.7288	74.7029	0.6846	1.9e-04	0.5459
3061	-109.1437	-109.1437	-78.9617	0.7235	75.3050	0.6902	1.9e-04	0.5487
3062	-109.1694	-109.1694	-79.4648	0.7279	74.7993	0.6856	1.9e-04	0.5455
3063	-109.1427	-109.1427	-79.5346	0.7287	74.7038	0.6847	1.9e-04	0.5453
3064	-109.1387	-109.1387	-79.4324	0.7278	74.8211	0.6858	1.9e-04	0.5457
3065	-109.1565	-109.1565	-79.2274	0.7258	75.0725	0.6879	1.9e-04	0.5462
3066	-109.1366	-109.1366	-79.2108	0.7258	75.0420	0.6877	1.9e-04	0.5454
3067	-109.1581	-109.1581	-80.2784	0.7354	73.9221	0.6775	1.9e-04	0.5465
3068	-109.1490	-109.1490	-79.0635	0.7244	75.2290	0.6894	1.9e-04	0.5464
3069	-109.1529	-109.1529	-79.1124	0.7248	75.1747	0.6890	1.9e-04	0.5460
3070	-109.1477	-109.1477	-79.2920	0.7265	74.9619	0.6871	1.9e-04	0.5472
3071	-109.1609	-109.1609	-78.9765	0.7235	75.3169	0.6903	1.9e-04	0.5459
3072	-109.1486	-109.1486	-78.7675	0.7217	75.5327	0.6923	1.9e-04	0.5455
3073	-109.1440	-109.1440	-78.6735	0.7208	75.6071	0.6930	1.9e-04	0.5460
3074	-109.1753	-109.1753	-79.4999	0.7282	74.7811	0.6854	1.9e-04	0.5464
3075	-109.1601	-109.1601	-79.0195	0.7239	75.2674	0.6898	1.9e-04	0.5464
3076	-109.1645	-109.1645	-79.1801	0.7253	75.1160	0.6884	1.9e-04	0.5467
3077	-109.1533	-109.1533	-78.8754	0.7226	75.4162	0.6913	1.9e-04	0.5468
3078	-109.1660	-109.1660	-78.6032	0.7200	75.7250	0.6939	1.9e-04	0.5459
3079	-109.1587	-109.1587	-78.9789	0.7235	75.3094	0.6903	1.9e-04	0.5471
3080	-109.1570	-109.1570	-79.6638	0.7298	74.5872	0.6836	1.9e-04	0.5457
3081	-109.1349	-109.1349	-79.3643	0.7272	74.8875	0.6863	1.9e-04	0.5456
3082	-109.1447	-109.1447	-78.7423	0.7214	75.5431	0.6924	1.9e-04	0.5450
3083	-109.1467	-109.1467	-80.3483	0.7361	73.8417	0.6768	1.9e-04	0.5470
3084	-109.1529	-109.1529	-78.7843	0.7218	75.5096	0.6919	1.9e-04	0.5470
3085	-109.1656	-109.1656	-78.4937	0.7190	75.8257	0.6949	1.9e-04	0.5455
3086	-109.1805	-109.1805	-79.2548	0.7259	75.0600	0.6878	1.9e-04	0.5463
3087	-109.1496	-109.1496	-78.3236	0.7176	75.9846	0.6964	1.9e-04	0.5454
3088	-109.1567	-109.1567	-78.9717	0.7235	75.3064	0.6902	1.9e-04	0.5453
3089	-109.1635	-109.1635	-78.1984	0.7163	76.1078	0.6975	1.9e-04	0.5476
3090	-109.1551	-109.1551	-79.0300	0.7240	75.2719	0.6898	1.9e-04	0.5457
3091	-109.1479	-109.1479	-78.7556	0.7215	75.5291	0.6923	1.9e-04	0.5462
3092	-109.1708	-109.1708	-78.1677	0.7160	76.1680	0.6980	1.9e-04	0.5466
3093	-109.1744	-109.1744	-78.5139	0.7192	75.8276	0.6948	1.9e-04	0.5444
3094	-109.1544	-109.1544	-77.9216	0.7139	76.3972	0.7003	1.9e-04	0.5469
3095	-109.1538	-109.1538	-78.1283	0.7158	76.2081	0.6983	1.9e-04	0.5452
3096	-109.1734	-109.1734	-78.4378	0.7185	75.8944	0.6955	1.9e-04	0.5442
3097	-109.1733	-109.1733	-78.1355	0.7157	76.2063	0.6984	1.9e-04	0.5485
3098	-109.1546	-109.1546	-79.2502	0.7260	75.0284	0.6877	1.9e-04	0.5447
3099	-109.1668	-109.1668	-78.4745	0.7188	75.8569	0.6952	1.9e-04	0.5447
3100	-109.1603	-109.1603	-78.4469	0.7186	75.8602	0.6953	1.9e-04	0.5475
3101	-109.1724	-109.1724	-78.5983	0.7199	75.7347	0.6940	1.9e-04	0.5432
3102	-109.1557	-109.1557	-78.1956	0.7164	76.1142	0.6977	1.9e-04	0.5458
3103	-109.1661	-109.1661	-78.4107	0.7183	75.9272	0.6958	1.9e-04	0.5480
3104	-109.1533	-109.1533	-77.4571	0.7096	76.8745	0.7045	1.9e-04	0.5446
3105	-109.1669	-109.1669	-78.5214	0.7193	75.8048	0.6947	1.9e-04	0.5440
3106	-109.1538	-109.1538	-78.4218	0.7185	75.8734	0.6954	1.9e-04	0.5452
3107	-109.1585	-109.1585	-78.7819	0.7217	75.5244	0.6922	1.9e-04	0.5464
3108	-109.1633	-109.1633	-78.2415	0.7167	76.0921	0.6973	1.8e-04	0.5457
3109	-109.1625	-109.1625	-78.3602	0.7178	75.9697	0.6962	1.8e-04	0.5451
3110	-109.1596	-109.1596	-78.5438	0.7195	75.7638	0.6944	1.8e-04	0.5441
3111	-109.1617	-109.1617	-78.5634	0.7197	75.7584	0.6943	1.8e-04	0.5455
3112	-109.1722	-109.1722	-78.4275	0.7184	75.9055	0.6956	1.8e-04	0.5447
3113	-109.1457	-109.1457	-78.4516	0.7188	75.8419	0.6952	1.8e-04	0.5441
3114	-109.1608	-109.1608	-79.2552	0.7260	74.9904	0.6873	1.8e-04	0.5460
3115	-109.1498	-109.1498	-78.6890	0.7209	75.6079	0.6929	1.8e-04	0.5458
3116	-109.1336	-109.1336	-79.2799	0.7264	74.9205	0.6868	1.8e-04	0.5444
3117	-109.1490	-109.1490	-78.0678	0.7152	76.2464	0.6989	1.8e-04	0.5442
3118	-109.1464	-109.1464	-78.0805	0.7154	76.2487	0.6987	1.8e-04	0.5432
3119	-109.1783	-109.1783	-77.2163	0.7072	77.1394	0.7070	1.8e-04	0.5461
3120	-109.1488	-109.1488	-77.4657	0.7097	76.8535	0.7044	1.8e-04	0.5467
3121	-109.1541	-109.1541	-78.0166	0.7147	76.2641	0.6990	1.8e-04	0.5456
3122	-109.1669	-109.1669	-77.7410	0.7121	76.6061	0.7020	1.8e-04	0.5471
3123	-109.1627	-109.1627	-77.7380	0.7121	76.5795	0.7018	1.8e-04	0.5462
3124	-109.1622	-109.1622	-77.4233	0.7092	76.9194	0.7049	1.8e-04	0.5446
3125	-109.1553	-109.1553	-77.1262	0.7066	77.2085	0.7076	1.8e-04	0.5473
3126	-109.1521	-109.1521	-77.9510	0.7142	76.3710	0.7000	1.8e-04	0.5457
3127	-109.1567	-109.1567	-78.7566	0.7215	75.5403	0.6924	1.8e-04	0.5453
3128	-109.1525	-109.1525	-77.8606	0.7133	76.4792	0.7008	1.8e-04	0.5448
3129	-109.1543	-109.1543	-76.9047	0.7046	77.4100	0.7096	1.8e-04	0.5478
3130	-109.1575	-109.1575	-77.1772	0.7070	77.1458	0.7071	1.8e-04	0.5449
3131	-109.1588	-109.1588	-76.7564	0.7032	77.5784	0.7110	1.8e-04	0.5459
3132	-109.1496	-109.1496	-77.2227	0.7075	77.1058	0.7067	1.8e-04	0.5485
3133	-109.1566	-109.1566	-77.9120	0.7138	76.4130	0.7004	1.8e-04	0.5453
3134	-109.1557	-109.1557	-77.9363	0.7140	76.3912	0.7001	1.8e-04	0.5454
3135	-109.1617	-109.1617	-76.9726	0.7051	77.3514	0.7090	1.8e-04	0.5464
3136	-109.1620	-109.1620	-77.3772	0.7088	76.9422	0.7053	1.8e-04	0.5471
3137	-109.1715	-109.1715	-77.3200	0.7082	77.0256	0.7059	1.8e-04	0.5438
3138	-109.1699	-109.1699	-75.8772	0.6950	78.4546	0.7189	1.8e-04	0.5470
3139	-109.1651	-109.1651	-77.3845	0.7089	76.9515	0.7053	1.8e-04	0.5456
3140	-109.1577	-109.1577	-76.8247	0.7038	77.5123	0.7104	1.8e-04	0.5441
3141	-109.1381	-109.1381	-76.2678	0.6988	77.9961	0.7149	1.8e-04	0.5444
3142	-109.1781	-109.1781	-76.5213	0.7009	77.8317	0.7132	1.8e-04	0.5479
3143	-109.1835	-109.1835	-76.7597	0.7030	77.6062	0.7111	1.8e-04	0.5456
3144	-109.1372	-109.1372	-77.4234	0.7094	76.9000	0.7048	1.8e-04	0.5449
3145	-109.1485	-109.1485	-76.9290	0.7048	77.3963	0.7093	1.8e-04	0.5442
3146	-109.1525	-109.1525	-76.2362	0.6984	78.0726	0.7155	1.8e-04	0.5455
3147	-109.1538	-109.1538	-77.1436	0.7067	77.1810	0.7074	1.8e-04	0.5463
3148	-109.1549	-109.1549	-76.9236	0.7047	77.3989	0.7094	1.8e-04	0.5459
3149	-109.1562	-109.1562	-77.0307	0.7057	77.2842	0.7083	1.8e-04	0.5462
3150	-109.1319	-109.1319	-76.7556	0.7033	77.5446	0.7108	1.8e-04	0.5464
3151	-109.1563	-109.1563	-76.4688	0.7005	77.8599	0.7136	1.8e-04	0.5468
3152	-109.1669	-109.1669	-77.2514	0.7076	77.0943	0.7065	1.8e-04	0.5453
3153	-109.1580	-109.1580	-76.2272	0.6983	78.1016	0.7158	1.8e-04	0.5453
3154	-109.1776	-109.1776	-77.2038	0.7071	77.1473	0.7071	1.8e-04	0.5456
3155	-109.1296	-109.1296	-77.1983	0.7074	77.0863	0.7066	1.8e-04	0.5469
3156	-109.1606	-109.1606	-76.8349	0.7039	77.5048	0.7103	1.8e-04	0.5473
3157	-109.1718	-109.1718	-76.1965	0.6980	78.1448	0.7161	1.8e-04	0.5464
3158	-109.1377	-109.1377	-77.4518	0.7097	76.8212	0.7042	1.8e-04	0.5458
3159	-109.1626	-109.1626	-76.5741	0.7015	77.7492	0.7127	1.8e-04	0.5466
3160	-109.1661	-109.1661	-76.9990	0.7053	77.3523	0.7089	1.8e-04	0.5458
3161	-109.1655	-109.1655	-76.5674	0.7014	77.7417	0.7126	1.8e-04	0.5455
3162	-109.1529	-109.1529	-76.5592	0.7014	77.7648	0.7127	1.8e-04	0.5467
3163	-109.1591	-109.1591	-76.6966	0.7026	77.6310	0.7115	1.8e-04	0.5482
3164	-109.1392	-109.1392	-76.4166	0.7002	77.8863	0.7140	1.8e-04	0.5457
3165	-109.1630	-109.1630	-76.1468	0.6976	78.1554	0.7163	1.8e-04	0.5461
3166	-109.1643	-109.1643	-76.1445	0.6975	78.1916	0.7166	1.8e-04	0.5469
3167	-109.1674	-109.1675	-75.4159	0.6908	78.8829	0.7228	1.8e-04	0.5457
3168	-109.1544	-109.1544	-75.8593	0.6950	78.4577	0.7190	1.8e-04	0.5456
3169	-109.1557	-109.1557	-75.9540	0.6958	78.3696	0.7182	1.8e-04	0.5472
3170	-109.1548	-109.1549	-75.4609	0.6913	78.8283	0.7225	1.8e-04	0.5465
3171	-109.1625	-109.1625	-76.5168	0.7009	77.8192	0.7132	1.8e-04	0.5461
3172	-109.1502	-109.1503	-75.5157	0.6919	78.7833	0.7220	1.8e-04	0.5469
3173	-109.1626	-109.1627	-75.7458	0.6939	78.5559	0.7199	1.8e-04	0.5463
3174	-109.1575	-109.1576	-75.6604	0.6931	78.6454	0.7207	1.8e-04	0.5466
3175	-109.1661	-109.1661	-76.2366	0.6984	78.0894	0.7157	1.8e-04	0.5479
3176	-109.1321	-109.1322	-75.1745	0.6888	79.0866	0.7249	1.8e-04	0.5453
3177	-109.1715	-109.1716	-75.2518	0.6893	79.0367	0.7243	1.8e-04	0.5465
3178	-109.1538	-109.1538	-76.0324	0.6966	78.2097	0.7168	1.8e-04	0.5475
3179	-109.1535	-109.1535	-77.1820	0.7071	77.1458	0.7070	1.8e-04	0.5462
3180	-109.1629	-109.1630	-76.0308	0.6965	78.2909	0.7176	1.8e-04	0.5456
3181	-109.1751	-109.1751	-77.6541	0.7113	76.6964	0.7029	1.8e-04	0.5460
3182	-109.1524	-109.1524	-76.8302	0.7039	77.5052	0.7103	1.8e-04	0.5458
3183	-109.1735	-109.1737	-75.0710	0.6876	79.2391	0.7261	1.8e-04	0.5475
3184	-109.1513	-109.1513	-76.7772	0.7034	77.5479	0.7108	1.8e-04	0.5469
3185	-109.1618	-109.1618	-76.4802	0.7006	77.8485	0.7135	1.8e-04	0.5454
3186	-109.1843	-109.1844	-75.0824	0.6877	79.2324	0.7260	1.8e-04	0.5459
3187	-109.1721	-109.1721	-76.1792	0.6978	78.1491	0.7162	1.8e-04	0.5480
3188	-109.1692	-109.1692	-76.0640	0.6968	78.2671	0.7173	1.8e-04	0.5463
3189	-109.1768	-109.1768	-76.6662	0.7022	77.6848	0.7119	1.8e-04	0.5475
3190	-109.1832	-109.1832	-76.5478	0.7011	77.8213	0.7130	1.8e-04	0.5462
3191	-109.1687	-109.1687	-77.0547	0.7058	77.2792	0.7081	1.8e-04	0.5470
3192	-109.1686	-109.1686	-77.3018	0.7081	77.0474	0.7061	1.8e-04	0.5457
3193	-109.1499	-109.1499	-77.0567	0.7060	77.2705	0.7082	1.8e-04	0.5451
3194	-109.1589	-109.1589	-77.2648	0.7078	77.0806	0.7064	1.8e-04	0.5451
3195	-109.1723	-109.1723	-77.0504	0.7058	77.2946	0.7083	1.8e-04	0.5459
3196	-109.1409	-109.1409	-77.3528	0.7087	76.9517	0.7054	1.8e-04	0.5459
3197	-109.1620	-109.1620	-77.6541	0.7114	76.6700	0.7027	1.8e-04	0.5463
3198	-109.1639	-109.1639	-77.2396	0.7076	77.1020	0.7067	1.8e-04	0.5475
3199	-109.1408	-109.1408	-77.2587	0.7079	77.0452	0.7061	1.8e-04	0.5446
3200	-109.1716	-109.1716	-77.6332	0.7111	76.7183	0.7030	1.8e-04	0.5444
3201	-109.1584	-109.1584	-77.6605	0.7114	76.6832	0.7027	1.8e-04	0.5439
3202	-109.1537	-109.1537	-77.5250	0.7102	76.8029	0.7039	1.8e-04	0.5455
3203	-109.1446	-109.1446	-77.7995	0.7128	76.5217	0.7013	1.8e-04	0.5476
3204	-109.1485	-109.1485	-77.9868	0.7145	76.3307	0.6995	1.8e-04	0.5463
3205	-109.1601	-109.1601	-77.9011	0.7136	76.4018	0.7002	1.8e-04	0.5467
3206	-109.1552	-109.1552	-77.0066	0.7055	77.3260	0.7087	1.8e-04	0.5472
3207	-109.1581	-109.1581	-76.9803	0.7052	77.3554	0.7089	1.8e-04	0.5454
3208	-109.1570	-109.1570	-77.2844	0.7080	77.0518	0.7062	1.8e-04	0.5460
3209	-109.1569	-109.1569	-77.7554	0.7123	76.5734	0.7018	1.8e-04	0.5474
3210	-109.1577	-109.1577	-77.5958	0.7109	76.7448	0.7033	1.8e-04	0.5459
3211	-109.1516	-109.1516	-77.7790	0.7126	76.5480	0.7016	1.8e-04	0.5465
3212	-109.1593	-109.1593	-78.1345	0.7158	76.1935	0.6983	1.8e-04	0.5469
3213	-109.1697	-109.1697	-77.3389	0.7084	76.9963	0.7057	1.8e-04	0.5449
3214	-109.1500	-109.1500	-77.4191	0.7093	76.9161	0.7049	1.8e-04	0.5434
3215	-109.1583	-109.1583	-77.2438	0.7076	77.0877	0.7065	1.8e-04	0.5454
3216	-109.1580	-109.1580	-78.2174	0.7166	76.1036	0.6975	1.8e-04	0.5474
3217	-109.1528	-109.1528	-78.9168	0.7230	75.3809	0.6909	1.8e-04	0.5456
3218	-109.1363	-109.1363	-78.1403	0.7160	76.1627	0.6981	1.8e-04	0.5437
3219	-109.1631	-109.1631	-78.2979	0.7173	76.0254	0.6968	1.8e-04	0.5448
3220	-109.1678	-109.1678	-77.6159	0.7110	76.7327	0.7032	1.8e-04	0.5466
3221	-109.1515	-109.1515	-78.2819	0.7172	76.0205	0.6967	1.8e-04	0.5462
3222	-109.1485	-109.1485	-78.0782	0.7153	76.2401	0.6987	1.8e-04	0.5459
3223	-109.1412	-109.1412	-78.6500	0.7206	75.6462	0.6933	1.8e-04	0.5449
3224	-109.1436	-109.1436	-77.7836	0.7127	76.5360	0.7015	1.8e-04	0.5455
3225	-109.1762	-109.1762	-77.1776	0.7069	77.1855	0.7072	1.8e-04	0.5482
3226	-109.1513	-109.1513	-77.6227	0.7111	76.7024	0.7030	1.8e-04	0.5472
3227	-109.1780	-109.1780	-77.9167	0.7137	76.4451	0.7005	1.8e-04	0.5449
3228	-109.1498	-109.1498	-77.5187	0.7102	76.7990	0.7038	1.8e-04	0.5460
3229	-109.1635	-109.1635	-77.7166	0.7119	76.6308	0.7022	1.8e-04	0.5453
3230	-109.1677	-109.1677	-77.9058	0.7136	76.4375	0.7004	1.8e-04	0.5448
3231	-109.1669	-109.1669	-79.0207	0.7239	75.2743	0.6898	1.8e-04	0.5475
3232	-109.1688	-109.1688	-77.6122	0.7109	76.7284	0.7032	1.8e-04	0.5449
3233	-109.1615	-109.1615	-77.7271	0.7120	76.5902	0.7019	1.8e-04	0.5463
3234	-109.1556	-109.1556	-79.1386	0.7250	75.1551	0.6887	1.8e-04	0.5463
3235	-109.1728	-109.1728	-78.1222	0.7156	76.1924	0.6982	1.8e-04	0.5469
3236	-109.1747	-109.1747	-78.4008	0.7181	75.9140	0.6956	1.8e-04	0.5468
3237	-109.1587	-109.1587	-77.9250	0.7139	76.4097	0.7003	1.8e-04	0.5473
3238	-109.1733	-109.1733	-78.1067	0.7154	76.2293	0.6987	1.8e-04	0.5467
3239	-109.1662	-109.1662	-77.3416	0.7085	77.0152	0.7057	1.8e-04	0.5462
3240	-109.1790	-109.1790	-78.6092	0.7200	75.7001	0.6936	1.8e-04	0.5452
3241	-109.1679	-109.1679	-79.0345	0.7240	75.2436	0.6896	1.8e-04	0.5467
3242	-109.1532	-109.1532	-78.0268	0.7148	76.2994	0.6993	1.8e-04	0.5440
3243	-109.1541	-109.1541	-77.9267	0.7139	76.4044	0.7002	1.8e-04	0.5455
3244	-109.1491	-109.1491	-78.4142	0.7184	75.8814	0.6955	1.8e-04	0.5471
3245	-109.1546	-109.1546	-78.4919	0.7191	75.8238	0.6949	1.8e-04	0.5456
3246	-109.1708	-109.1708	-78.6957	0.7208	75.6373	0.6931	1.8e-04	0.5452
3247	-109.1432	-109.1432	-78.5722	0.7199	75.7169	0.6941	1.8e-04	0.5476
3248	-109.1713	-109.1713	-77.9920	0.7144	76.3523	0.6996	1.8e-04	0.5443
3249	-109.1645	-109.1645	-78.8363	0.7222	75.4675	0.6916	1.8e-04	0.5455
3250	-109.1598	-109.1598	-78.5159	0.7193	75.8039	0.6947	1.8e-04	0.5479
3251	-109.1668	-109.1668	-78.0504	0.7150	76.2812	0.6991	1.8e-04	0.5451
3252	-109.1623	-109.1623	-79.1058	0.7247	75.1731	0.6890	1.8e-04	0.5454
3253	-109.1489	-109.1489	-78.0763	0.7153	76.2131	0.6986	1.8e-04	0.5476
3254	-109.1586	-109.1586	-78.8743	0.7226	75.4035	0.6911	1.8e-04	0.5476
3255	-109.1598	-109.1598	-78.2113	0.7165	76.1174	0.6976	1.8e-04	0.5457
3256	-109.1591	-109.1591	-77.8572	0.7132	76.4769	0.7009	1.8e-04	0.5458
3257	-109.1615	-109.1615	-78.9753	0.7235	75.3262	0.6903	1.8e-04	0.5458
3258	-109.1516	-109.1516	-78.4193	0.7184	75.9041	0.6956	1.8e-04	0.5449
3259	-109.1631	-109.1631	-77.9656	0.7142	76.3686	0.6999	1.8e-04	0.5465
3260	-109.1511	-109.1511	-78.9588	0.7234	75.3319	0.6904	1.8e-04	0.5465
3261	-109.1514	-109.1514	-78.0161	0.7148	76.3035	0.6994	1.8e-04	0.5471
3262	-109.1380	-109.1380	-79.2569	0.7262	74.9997	0.6875	1.8e-04	0.5450
3263	-109.1643	-109.1643	-78.5882	0.7199	75.7340	0.6940	1.8e-04	0.5449
3264	-109.1511	-109.1511	-77.9816	0.7144	76.3398	0.6997	1.8e-04	0.5448
3265	-109.1876	-109.1876	-78.1193	0.7155	76.2413	0.6986	1.8e-04	0.5467
3266	-109.1618	-109.1618	-78.5285	0.7194	75.8005	0.6946	1.8e-04	0.5480
3267	-109.1570	-109.1570	-78.0012	0.7146	76.3115	0.6995	1.8e-04	0.5468
3268	-109.1410	-109.1410	-78.8435	0.7224	75.4322	0.6914	1.8e-04	0.5444
3269	-109.1553	-109.1553	-78.1528	0.7160	76.1661	0.6981	1.8e-04	0.5469
3270	-109.1606	-109.1606	-78.0008	0.7146	76.3224	0.6994	1.8e-04	0.5451
3271	-109.1603	-109.1603	-78.3196	0.7175	76.0100	0.6965	1.8e-04	0.5445
3272	-109.1679	-109.1679	-77.6749	0.7115	76.6733	0.7027	1.8e-04	0.5459
3273	-109.1732	-109.1732	-79.1703	0.7252	75.1362	0.6885	1.8e-04	0.5475
3274	-109.1475	-109.1475	-78.2472	0.7169	76.0597	0.6972	1.8e-04	0.5457
3275	-109.1591	-109.1591	-78.5954	0.7200	75.7281	0.6940	1.8e-04	0.5449
3276	-109.1610	-109.1610	-78.0455	0.7150	76.2694	0.6991	1.8e-04	0.5443
3277	-109.1475	-109.1475	-78.0987	0.7155	76.2078	0.6986	1.8e-04	0.5476
3278	-109.1526	-109.1526	-79.0291	0.7240	75.2528	0.6897	1.8e-04	0.5453
3279	-109.1756	-109.1756	-78.7279	0.7211	75.5799	0.6927	1.8e-04	0.5462
3280	-109.1682	-109.1682	-77.9230	0.7138	76.3971	0.7002	1.8e-04	0.5466
3281	-109.1625	-109.1625	-78.6219	0.7202	75.6888	0.6937	1.8e-04	0.5457
3282	-109.1564	-109.1564	-78.5485	0.7196	75.7563	0.6943	1.8e-04	0.5452
3283	-109.1729	-109.1729	-78.6266	0.7202	75.7045	0.6938	1.8e-04	0.5453
3284	-109.1654	-109.1654	-77.9566	0.7141	76.3664	0.6998	1.8e-04	0.5485
3285	-109.1807	-109.1807	-77.9214	0.7137	76.4227	0.7004	1.8e-04	0.5458
3286	-109.1628	-109.1628	-78.5006	0.7191	75.8310	0.6949	1.8e-04	0.5455
3287	-109.1729	-109.1729	-78.0975	0.7154	76.2507	0.6988	1.8e-04	0.5470
3288	-109.1602	-109.1602	-79.1130	0.7247	75.1799	0.6890	1.8e-04	0.5464
3289	-109.1529	-109.1529	-78.0220	0.7148	76.2935	0.6992	1.8e-04	0.5457
3290	-109.1792	-109.1792	-78.2528	0.7167	76.0785	0.6972	1.8e-04	0.5454
3291	-109.1606	-109.1606	-78.1941	0.7163	76.1409	0.6978	1.8e-04	0.5464
3292	-109.1598	-109.1598	-78.7685	0.7216	75.5407	0.6923	1.8e-04	0.5466
3293	-109.1552	-109.1552	-78.5404	0.7195	75.7639	0.6944	1.8e-04	0.5466
3294	-109.1518	-109.1518	-78.2533	0.7169	76.0617	0.6971	1.8e-04	0.5450
3295	-109.1679	-109.1679	-78.3334	0.7176	75.9800	0.6963	1.8e-04	0.5456
3296	-109.1558	-109.1558	-78.6564	0.7206	75.6413	0.6933	1.8e-04	0.5471
3297	-109.1431	-109.1431	-78.1923	0.7164	76.1226	0.6976	1.8e-04	0.5467
3298	-109.1591	-109.1591	-77.8920	0.7136	76.4455	0.7006	1.8e-04	0.5472
3299	-109.1412	-109.1412	-77.4593	0.7097	76.8498	0.7044	1.8e-04	0.5469
3300	-109.1495	-109.1495	-78.6012	0.7201	75.7039	0.6938	1.8e-04	0.5469
3301	-109.1577	-109.1577	-78.8160	0.7220	75.4759	0.6917	1.8e-04	0.5447
3302	-109.1580	-109.1580	-77.9132	0.7138	76.4200	0.7003	1.8e-04	0.5467
3303	-109.1557	-109.1557	-78.9031	0.7228	75.3933	0.6910	1.8e-04	0.5464
3304	-109.1668	-109.1668	-77.6106	0.7109	76.7246	0.7031	1.8e-04	0.5455
3305	-109.1454	-109.1454	-78.8448	0.7224	75.4212	0.6913	1.8e-04	0.5441
3306	-109.1586	-109.1586	-78.4533	0.7187	75.8585	0.6953	1.8e-04	0.5464
3307	-109.1591	-109.1591	-77.8231	0.7129	76.4997	0.7012	1.8e-04	0.5452
3308	-109.1761	-109.1761	-78.6564	0.7205	75.6751	0.6935	1.8e-04	0.5446
3309	-109.1527	-109.1527	-78.8586	0.7225	75.4099	0.6912	1.8e-04	0.5470
3310	-109.1759	-109.1759	-79.2173	0.7256	75.0738	0.6881	1.8e-04	0.5445
3311	-109.1544	-109.1544	-79.0814	0.7245	75.1878	0.6892	1.8e-04	0.5456
3312	-109.1563	-109.1563	-78.4926	0.7191	75.8036	0.6948	1.8e-04	0.5463
3313	-109.1342	-109.1342	-79.7559	0.7308	74.4566	0.6825	1.8e-04	0.5476
3314	-109.1272	-109.1272	-78.3804	0.7182	75.9046	0.6958	1.8e-04	0.5455
3315	-109.1584	-109.1584	-79.1142	0.7248	75.1732	0.6890	1.8e-04	0.5475
3316	-109.1712	-109.1712	-78.7440	0.7213	75.5857	0.6926	1.8e-04	0.5453
3317	-109.1612	-109.1612	-78.4770	0.7189	75.8359	0.6951	1.8e-04	0.5449
3318	-109.1677	-109.1677	-78.7865	0.7217	75.5237	0.6922	1.8e-04	0.5465
3319	-109.1554	-109.1554	-78.7009	0.7210	75.6037	0.6929	1.8e-04	0.5455
3320	-109.1685	-109.1685	-78.1930	0.7163	76.1468	0.6978	1.8e-04	0.5451
3321	-109.1512	-109.1512	-77.9479	0.7141	76.3605	0.6999	1.8e-04	0.5465
3322	-109.1486	-109.1486	-78.5604	0.7198	75.7169	0.6940	1.8e-04	0.5459
3323	-109.1653	-109.1653	-78.4792	0.7189	75.8392	0.6951	1.8e-04	0.5470
3324	-109.1538	-109.1538	-77.4305	0.7094	76.9001	0.7048	1.8e-04	0.5477
3325	-109.1627	-109.1627	-77.2807	0.7079	77.0627	0.7063	1.8e-04	0.5462
3326	-109.1612	-109.1612	-77.2034	0.7072	77.1392	0.7070	1.8e-04	0.5456
3327	-109.1756	-109.1756	-76.8233	0.7037	77.5379	0.7105	1.8e-04	0.5484
3328	-109.1683	-109.1683	-77.0525	0.7058	77.2898	0.7083	1.8e-04	0.5469
3329	-109.1517	-109.1517	-78.7892	0.7218	75.4583	0.6916	1.8e-04	0.5451
3330	-109.1568	-109.1568	-77.5219	0.7102	76.7767	0.7038	1.8e-04	0.5476
3331	-109.1559	-109.1559	-77.0564	0.7059	77.2687	0.7083	1.8e-04	0.5481
3332	-109.1606	-109.1606	-78.0046	0.7146	76.3175	0.6994	1.8e-04	0.5474
3333	-109.1597	-109.1597	-77.6310	0.7112	76.6765	0.7028	1.8e-04	0.5478
3334	-109.1692	-109.1692	-77.7987	0.7126	76.5183	0.7012	1.8e-04	0.5459
3335	-109.1602	-109.1602	-77.1342	0.7066	77.2150	0.7076	1.8e-04	0.5466
3336	-109.1611	-109.1611	-77.3356	0.7085	77.0072	0.7057	1.8e-04	0.5468
3337	-109.1515	-109.1515	-77.5693	0.7107	76.7580	0.7035	1.8e-04	0.5453
3338	-109.1647	-109.1647	-77.1398	0.7066	77.2063	0.7076	1.8e-04	0.5456
3339	-109.1584	-109.1584	-76.9555	0.7050	77.3730	0.7091	1.8e-04	0.5471
3340	-109.1741	-109.1741	-76.5961	0.7016	77.7205	0.7122	1.8e-04	0.5484
3341	-109.1710	-109.1710	-77.3160	0.7082	77.0231	0.7059	1.8e-04	0.5466
3342	-109.1727	-109.1727	-76.8181	0.7036	77.5355	0.7105	1.8e-04	0.5470
3343	-109.1406	-109.1406	-77.1532	0.7069	77.1545	0.7072	1.8e-04	0.5481
3344	-109.1516	-109.1516	-76.1496	0.6976	78.1642	0.7164	1.8e-04	0.5467
3345	-109.1743	-109.1743	-76.4504	0.7003	77.8976	0.7138	1.8e-04	0.5478
3346	-109.1446	-109.1446	-77.3823	0.7090	76.9287	0.7050	1.8e-04	0.5454
3347	-109.1638	-109.1638	-76.1338	0.6974	78.2023	0.7166	1.8e-04	0.5466
3348	-109.1568	-109.1568	-76.4623	0.7005	77.8758	0.7136	1.8e-04	0.5474
3349	-109.1674	-109.1674	-76.9439	0.7048	77.4055	0.7094	1.8e-04	0.5463
3350	-109.1694	-109.1694	-76.9190	0.7046	77.4232	0.7096	1.8e-04	0.5481
3351	-109.1612	-109.1612	-77.3915	0.7090	76.9287	0.7051	1.8e-04	0.5471
3352	-109.1628	-109.1628	-77.4210	0.7092	76.9125	0.7050	1.8e-04	0.5452
3353	-109.1518	-109.1518	-76.8199	0.7038	77.5149	0.7104	1.8e-04	0.5479
3354	-109.1679	-109.1679	-76.8162	0.7037	77.5379	0.7105	1.8e-04	0.5461
3355	-109.1798	-109.1798	-76.9356	0.7047	77.4287	0.7095	1.8e-04	0.5484
3356	-109.1402	-109.1402	-77.6168	0.7112	76.6906	0.7029	1.8e-04	0.5450
3357	-109.1560	-109.1560	-76.7740	0.7033	77.5607	0.7108	1.8e-04	0.5453
3358	-109.1560	-109.1560	-78.1753	0.7162	76.1380	0.6979	1.8e-04	0.5485
3359	-109.1526	-109.1526	-76.8155	0.7037	77.5161	0.7104	1.8e-04	0.5457
3360	-109.1713	-109.1713	-76.9003	0.7044	77.4361	0.7097	1.8e-04	0.5473
3361	-109.1829	-109.1829	-77.0618	0.7058	77.3120	0.7084	1.8e-04	0.5466
3362	-109.1655	-109.1656	-76.1319	0.6974	78.1887	0.7166	1.8e-04	0.5466
3363	-109.1592	-109.1592	-77.1762	0.7070	77.1587	0.7072	1.8e-04	0.5476
3364	-109.1465	-109.1465	-78.0893	0.7155	76.2119	0.6985	1.8e-04	0.5474
3365	-109.1581	-109.1581	-76.4305	0.7002	77.8978	0.7140	1.8e-04	0.5469
3366	-109.1613	-109.1613	-77.0523	0.7059	77.2905	0.7083	1.8e-04	0.5475
3367	-109.1595	-109.1595	-77.5049	0.7100	76.7801	0.7036	1.8e-04	0.5455
3368	-109.1566	-109.1566	-76.5043	0.7009	77.8235	0.7133	1.8e-04	0.5464
3369	-109.1557	-109.1557	-76.8180	0.7037	77.5164	0.7104	1.8e-04	0.5455
3370	-109.1545	-109.1545	-75.7825	0.6943	78.5381	0.7197	1.8e-04	0.5487
3371	-109.1678	-109.1678	-76.4793	0.7006	77.8604	0.7136	1.8e-04	0.5486
3372	-109.1552	-109.1552	-76.1903	0.6980	78.1373	0.7161	1.8e-04	0.5477
3373	-109.1611	-109.1611	-76.6330	0.7020	77.6871	0.7119	1.8e-04	0.5475
3374	-109.1578	-109.1578	-77.1809	0.7071	77.1492	0.7071	1.8e-04	0.5470
3375	-109.1479	-109.1479	-76.3299	0.6993	77.9569	0.7145	1.8e-04	0.5458
3376	-109.1527	-109.1527	-77.0568	0.7060	77.2651	0.7081	1.8e-04	0.5461
3377	-109.1540	-109.1540	-76.7082	0.7028	77.6263	0.7114	1.8e-04	0.5486
3378	-109.1595	-109.1595	-77.1913	0.7071	77.0786	0.7064	1.8e-04	0.5480
3379	-109.1824	-109.1824	-77.2729	0.7077	77.0821	0.7064	1.8e-04	0.5466
3380	-109.1489	-109.1489	-76.5299	0.7012	77.7971	0.7130	1.8e-04	0.5461
3381	-109.1608	-109.1608	-77.3626	0.7087	76.9766	0.7055	1.8e-04	0.5480
3382	-109.1560	-109.1560	-77.7106	0.7119	76.6123	0.7021	1.8e-04	0.5454
3383	-109.1667	-109.1667	-76.7335	0.7029	77.6049	0.7113	1.8e-04	0.5483
3384	-109.1489	-109.1489	-76.8247	0.7039	77.4938	0.7103	1.8e-04	0.5472
3385	-109.1423	-109.1423	-76.9594	0.7051	77.3700	0.7090	1.8e-04	0.5460
3386	-109.1593	-109.1593	-77.6860	0.7117	76.6642	0.7025	1.8e-04	0.5490
3387	-109.1769	-109.1769	-76.5906	0.7015	77.7670	0.7126	1.8e-04	0.5460
3388	-109.1820	-109.1821	-75.5872	0.6923	78.7412	0.7216	1.8e-04	0.5468
3389	-109.1649	-109.1649	-76.2404	0.6984	78.0898	0.7157	1.8e-04	0.5481
3390	-109.1736	-109.1736	-77.1983	0.7071	77.1535	0.7071	1.8e-04	0.5465
3391	-109.1863	-109.1863	-76.7593	0.7030	77.6113	0.7111	1.8e-04	0.5491
3392	-109.1784	-109.1784	-76.6524	0.7021	77.7006	0.7121	1.8e-04	0.5470
3393	-109.1642	-109.1642	-77.9735	0.7143	76.3582	0.6998	1.8e-04	0.5481
3394	-109.1426	-109.1426	-78.2303	0.7168	76.0574	0.6971	1.8e-04	0.5468
3395	-109.1648	-109.1648	-77.2425	0.7076	77.1024	0.7066	1.8e-04	0.5481
3396	-109.1710	-109.1710	-78.5619	0.7196	75.7695	0.6943	1.8e-04	0.5458
3397	-109.1728	-109.1728	-77.1365	0.7066	77.2133	0.7077	1.8e-04	0.5473
3398	-109.1423	-109.1423	-77.6987	0.7119	76.6205	0.7023	1.8e-04	0.5482
3399	-109.1654	-109.1654	-77.4812	0.7098	76.8688	0.7044	1.8e-04	0.5456
3400	-109.1565	-109.1565	-76.8928	0.7044	77.4448	0.7097	1.8e-04	0.5477
3401	-109.1586	-109.1586	-77.6938	0.7118	76.6451	0.7024	1.8e-04	0.5462
3402	-109.1486	-109.1486	-77.5064	0.7101	76.8284	0.7041	1.8e-04	0.5476
3403	-109.1656	-109.1656	-78.1511	0.7159	76.1789	0.6981	1.8e-04	0.5465
3404	-109.1558	-109.1558	-77.6661	0.7115	76.6677	0.7027	1.8e-04	0.5465
3405	-109.1564	-109.1564	-77.4453	0.7095	76.8853	0.7046	1.8e-04	0.5476
3406	-109.1567	-109.1567	-77.2806	0.7080	77.0549	0.7062	1.8e-04	0.5474
3407	-109.1614	-109.1614	-77.6236	0.7111	76.7154	0.7031	1.8e-04	0.5484
3408	-109.1502	-109.1502	-77.4053	0.7092	76.9160	0.7050	1.8e-04	0.5471
3409	-109.1720	-109.1720	-77.3562	0.7086	76.9874	0.7056	1.8e-04	0.5479
3410	-109.1523	-109.1523	-77.6668	0.7115	76.6588	0.7025	1.8e-04	0.5472
3411	-109.1646	-109.1646	-77.6506	0.7113	76.6848	0.7029	1.8e-04	0.5455
3412	-109.1649	-109.1649	-77.2065	0.7072	77.1581	0.7070	1.8e-04	0.5445
3413	-109.1728	-109.1728	-77.5747	0.7106	76.7497	0.7032	1.8e-04	0.5463
3414	-109.1590	-109.1590	-78.1044	0.7155	76.2159	0.6986	1.8e-04	0.5451
3415	-109.1577	-109.1577	-77.0282	0.7057	77.2912	0.7084	1.8e-04	0.5482
3416	-109.1685	-109.1685	-77.2543	0.7077	77.0797	0.7065	1.8e-04	0.5455
3417	-109.1602	-109.1602	-77.1621	0.7069	77.1861	0.7073	1.8e-04	0.5457
3418	-109.1581	-109.1581	-77.7075	0.7119	76.6180	0.7022	1.8e-04	0.5469
3419	-109.1671	-109.1671	-77.2760	0.7079	77.0789	0.7063	1.8e-04	0.5459
3420	-109.1584	-109.1584	-77.5229	0.7102	76.8215	0.7040	1.8e-04	0.5471
3421	-109.1625	-109.1625	-76.6775	0.7024	77.6612	0.7117	1.8e-04	0.5452
3422	-109.1615	-109.1615	-77.6944	0.7117	76.6441	0.7024	1.8e-04	0.5465
3423	-109.1343	-109.1343	-77.5931	0.7110	76.7156	0.7032	1.8e-04	0.5482
3424	-109.1562	-109.1562	-78.2043	0.7164	76.1239	0.6976	1.8e-04	0.5467
3425	-109.1603	-109.1603	-77.4168	0.7092	76.9218	0.7050	1.8e-04	0.5464
3426	-109.1560	-109.1560	-77.9717	0.7143	76.3506	0.6998	1.8e-04	0.5458
3427	-109.1697	-109.1697	-77.5955	0.7108	76.7472	0.7034	1.8e-04	0.5456
3428	-109.1679	-109.1679	-76.7285	0.7028	77.6257	0.7113	1.8e-04	0.5492
3429	-109.1500	-109.1500	-76.7361	0.7030	77.5829	0.7112	1.8e-04	0.5452
3430	-109.1472	-109.1472	-76.9647	0.7051	77.3516	0.7090	1.8e-04	0.5481
3431	-109.1851	-109.1851	-76.6697	0.7022	77.6760	0.7119	1.8e-04	0.5465
3432	-109.1639	-109.1639	-77.2298	0.7075	77.1174	0.7067	1.8e-04	0.5465
3433	-109.1495	-109.1495	-76.5150	0.7010	77.8100	0.7131	1.8e-04	0.5481
3434	-109.1546	-109.1546	-76.3488	0.6995	77.9797	0.7147	1.8e-04	0.5462
3435	-109.1665	-109.1666	-75.8756	0.6950	78.4466	0.7188	1.8e-04	0.5442
3436	-109.1681	-109.1681	-76.4879	0.7006	77.8650	0.7135	1.8e-04	0.5480
3437	-109.1535	-109.1536	-76.0727	0.6969	78.2315	0.7171	1.8e-04	0.5466
3438	-109.1627	-109.1627	-76.6839	0.7025	77.6554	0.7117	1.8e-04	0.5474
3439	-109.1536	-109.1536	-76.5737	0.7015	77.7577	0.7126	1.8e-04	0.5460
3440	-109.1534	-109.1534	-76.8358	0.7039	77.3974	0.7094	1.8e-04	0.5461
3441	-109.1562	-109.1562	-76.5201	0.7010	77.8043	0.7131	1.8e-04	0.5510
3442	-109.1651	-109.1651	-76.5906	0.7016	77.7338	0.7124	1.8e-04	0.5451
3443	-109.1736	-109.1736	-76.5266	0.7010	77.8149	0.7131	1.8e-04	0.5463
3444	-109.1491	-109.1491	-76.6650	0.7024	77.6572	0.7117	1.8e-04	0.5481
3445	-109.1509	-109.1509	-75.6432	0.6930	78.6524	0.7209	1.8e-04	0.5475
3446	-109.1377	-109.1377	-76.6955	0.7027	77.6182	0.7114	1.8e-04	0.5475
3447	-109.1352	-109.1353	-75.7453	0.6940	78.5378	0.7199	1.8e-04	0.5474
3448	-109.1618	-109.1618	-76.5613	0.7014	77.7689	0.7127	1.8e-04	0.5486
3449	-109.1494	-109.1494	-76.3930	0.6999	77.9302	0.7142	1.8e-04	0.5467
3450	-109.1679	-109.1679	-76.8667	0.7041	77.4629	0.7099	1.8e-04	0.5468
3451	-109.1533	-109.1533	-76.7231	0.7029	77.6036	0.7112	1.8e-04	0.5490
3452	-109.1561	-109.1561	-76.5628	0.7014	77.7646	0.7128	1.8e-04	0.5473
3453	-109.1678	-109.1678	-76.6291	0.7019	77.6981	0.7121	1.8e-04	0.5462
3454	-109.1601	-109.1601	-75.6104	0.6927	78.6985	0.7213	1.8e-04	0.5468
3455	-109.1555	-109.1555	-76.1064	0.6972	78.2199	0.7168	1.8e-04	0.5467
3456	-109.1597	-109.1597	-76.8220	0.7038	77.5184	0.7104	1.8e-04	0.5483
3457	-109.1627	-109.1627	-76.1076	0.6972	78.1953	0.7167	1.8e-04	0.5450
3458	-109.1563	-109.1564	-75.1042	0.6880	79.1806	0.7257	1.8e-04	0.5483
3459	-109.1685	-109.1685	-76.0872	0.6970	78.2360	0.7170	1.8e-04	0.5468
3460	-109.1484	-109.1484	-76.0562	0.6968	78.2565	0.7172	1.8e-04	0.5468
3461	-109.1500	-109.1500	-77.0056	0.7055	77.3225	0.7086	1.8e-04	0.5479
3462	-109.1508	-109.1509	-76.0124	0.6964	78.2625	0.7173	1.8e-04	0.5456
3463	-109.1522	-109.1522	-76.0514	0.6967	78.2590	0.7173	1.8e-04	0.5491
3464	-109.1648	-109.1648	-75.8591	0.6949	78.4649	0.7191	1.8e-04	0.5457
3465	-109.1555	-109.1555	-76.7695	0.7033	77.5574	0.7109	1.8e-04	0.5483
3466	-109.1662	-109.1662	-76.3658	0.6995	77.9752	0.7146	1.8e-04	0.5476
3467	-109.1558	-109.1559	-75.6958	0.6935	78.5958	0.7204	1.8e-04	0.5474
3468	-109.1624	-109.1624	-75.8446	0.6948	78.4742	0.7192	1.8e-04	0.5472
3469	-109.1352	-109.1352	-75.9504	0.6959	78.3461	0.7181	1.8e-04	0.5475
3470	-109.1568	-109.1568	-75.9184	0.6955	78.3999	0.7185	1.8e-04	0.5465
3471	-109.1535	-109.1535	-75.9056	0.6954	78.4094	0.7185	1.8e-04	0.5452
3472	-109.1364	-109.1365	-75.3684	0.6906	78.9000	0.7232	1.8e-04	0.5484
3473	-109.1628	-109.1628	-75.8784	0.6951	78.4351	0.7188	1.8e-04	0.5473
3474	-109.1628	-109.1629	-75.5510	0.6921	78.7594	0.7218	1.8e-04	0.5472
3475	-109.1574	-109.1574	-76.2852	0.6989	78.0340	0.7152	1.8e-04	0.5489
3476	-109.1470	-109.1470	-77.1329	0.7067	77.2063	0.7075	1.8e-04	0.5480
3477	-109.1487	-109.1488	-75.3097	0.6900	78.9277	0.7234	1.8e-04	0.5479
3478	-109.1459	-109.1460	-75.8016	0.6945	78.5029	0.7194	1.8e-04	0.5475
3479	-109.1602	-109.1602	-76.2544	0.6986	78.0711	0.7155	1.8e-04	0.5461
3480	-109.1564	-109.1566	-74.8889	0.6861	79.3814	0.7275	1.8e-04	0.5461
3481	-109.1551	-109.1551	-76.5735	0.7015	77.7545	0.7126	1.8e-04	0.5461
3482	-109.1254	-109.1254	-76.6535	0.7024	77.6394	0.7117	1.8e-04	0.5467
3483	-109.1623	-109.1623	-77.0322	0.7057	77.3060	0.7085	1.8e-04	0.5452
3484	-109.1487	-109.1487	-76.8675	0.7042	77.4562	0.7098	1.8e-04	0.5464
3485	-109.1524	-109.1525	-75.4067	0.6908	78.8929	0.7230	1.8e-04	0.5453
3486	-109.1483	-109.1483	-76.6846	0.7026	77.6431	0.7116	1.8e-04	0.5487
3487	-109.1718	-109.1718	-76.7845	0.7033	77.5614	0.7109	1.8e-04	0.5469
3488	-109.1692	-109.1692	-76.9585	0.7049	77.3631	0.7090	1.8e-04	0.5466
3489	-109.1543	-109.1543	-76.3624	0.6996	77.9679	0.7146	1.8e-04	0.5467
3490	-109.1550	-109.1550	-76.4135	0.7000	77.9048	0.7140	1.8e-04	0.5476
3491	-109.1511	-109.1511	-76.6414	0.7022	77.6882	0.7120	1.8e-04	0.5456
3492	-109.1668	-109.1668	-76.3678	0.6996	77.9748	0.7146	1.8e-04	0.5475
3493	-109.1489	-109.1489	-76.3097	0.6991	78.0108	0.7150	1.8e-04	0.5462
3494	-109.1610	-109.1610	-76.2074	0.6981	78.1222	0.7160	1.8e-04	0.5474
3495	-109.1538	-109.1538	-77.0962	0.7063	77.2337	0.7079	1.8e-04	0.5467
3496	-109.1444	-109.1444	-77.5871	0.7109	76.7308	0.7033	1.8e-04	0.5466
3497	-109.1669	-109.1669	-77.5324	0.7102	76.8084	0.7039	1.8e-04	0.5484
3498	-109.1488	-109.1488	-76.4252	0.7002	77.8850	0.7139	1.8e-04	0.5454
3499	-109.1563	-109.1563	-76.7996	0.7036	77.5336	0.7106	1.8e-04	0.5473
3500	-109.1524	-109.1524	-76.8600	0.7042	77.4688	0.7100	1.8e-04	0.5469
3501	-109.1586	-109.1586	-77.1346	0.7066	77.2011	0.7075	1.8e-04	0.5439
3502	-109.1513	-109.1513	-76.6159	0.7019	77.6955	0.7120	1.8e-04	0.5471
3503	-109.1569	-109.1569	-77.0108	0.7055	77.3020	0.7085	1.8e-04	0.5460
3504	-109.1566	-109.1566	-76.9863	0.7053	77.3483	0.7089	1.8e-04	0.5471
3505	-109.1697	-109.1697	-77.0989	0.7062	77.2545	0.7080	1.8e-04	0.5466
3506	-109.1509	-109.1510	-75.3915	0.6907	78.9128	0.7231	1.8e-04	0.5461
3507	-109.1445	-109.1445	-77.4671	0.7098	76.8447	0.7044	1.8e-04	0.5477
3508	-109.1643	-109.1643	-76.7631	0.7032	77.5720	0.7109	1.8e-04	0.5468
3509	-109.1545	-109.1545	-76.4703	0.7006	77.8653	0.7136	1.8e-04	0.5461
3510	-109.1773	-109.1773	-77.1566	0.7067	77.1650	0.7071	1.8e-04	0.5490
3511	-109.1512	-109.1512	-76.6595	0.7023	77.6035	0.7112	1.8e-04	0.5458
3512	-109.1674	-109.1674	-76.6924	0.7025	77.6529	0.7117	1.8e-04	0.5463
3513	-109.1571	-109.1571	-77.5602	0.7105	76.7716	0.7036	1.8e-04	0.5474
3514	-109.1762	-109.1762	-75.7725	0.6940	78.5605	0.7199	1.8e-04	0.5464
3515	-109.1625	-109.1625	-76.8788	0.7043	77.4637	0.7098	1.8e-04	0.5487
3516	-109.1528	-109.1528	-76.8397	0.7040	77.4922	0.7102	1.8e-04	0.5471
3517	-109.1661	-109.1661	-76.9090	0.7045	77.4298	0.7097	1.8e-04	0.5468
3518	-109.1681	-109.1681	-76.5292	0.7010	77.8303	0.7131	1.8e-04	0.5461
3519	-109.1526	-109.1526	-77.9549	0.7142	76.3570	0.6998	1.8e-04	0.5450
3520	-109.1620	-109.1620	-77.0385	0.7057	77.2962	0.7085	1.8e-04	0.5463
3521	-109.1559	-109.1559	-77.2266	0.7075	77.1060	0.7067	1.8e-04	0.5470
3522	-109.1560	-109.1560	-76.5796	0.7016	77.7540	0.7126	1.8e-04	0.5452
3523	-109.1605	-109.1605	-76.4820	0.7006	77.8493	0.7135	1.8e-04	0.5473
3524	-109.1674	-109.1674	-78.3185	0.7174	76.0048	0.6966	1.8e-04	0.5482
3525	-109.1403	-109.1403	-76.7695	0.7034	77.5356	0.7108	1.8e-04	0.5460
3526	-109.1656	-109.1656	-76.9783	0.7052	77.3729	0.7090	1.8e-04	0.5456
3527	-109.1588	-109.1588	-75.9267	0.6956	78.4016	0.7185	1.8e-04	0.5485
3528	-109.1554	-109.1554	-77.0072	0.7055	77.3205	0.7086	1.8e-04	0.5464
3529	-109.1590	-109.1590	-77.3370	0.7085	77.0045	0.7057	1.8e-04	0.5482
3530	-109.1526	-109.1526	-76.9103	0.7046	77.4065	0.7095	1.8e-04	0.5460
3531	-109.1581	-109.1581	-77.5400	0.7103	76.7855	0.7037	1.8e-04	0.5471
3532	-109.1481	-109.1481	-77.4371	0.7095	76.8955	0.7047	1.8e-04	0.5463
3533	-109.1590	-109.1590	-76.8293	0.7038	77.5076	0.7103	1.8e-04	0.5471
3534	-109.1663	-109.1663	-77.3661	0.7087	76.9825	0.7054	1.8e-04	0.5486
3535	-109.1618	-109.1618	-78.0293	0.7148	76.3039	0.6993	1.8e-04	0.5479
3536	-109.1540	-109.1540	-78.0048	0.7146	76.3068	0.6994	1.8e-04	0.5474
3537	-109.1618	-109.1618	-77.2766	0.7079	77.0493	0.7062	1.8e-04	0.5476
3538	-109.1470	-109.1470	-77.0651	0.7061	77.2293	0.7078	1.8e-04	0.5474
3539	-109.1626	-109.1626	-78.1212	0.7156	76.2216	0.6985	1.8e-04	0.5458
3540	-109.1777	-109.1777	-77.5555	0.7104	76.7994	0.7038	1.8e-04	0.5486
3541	-109.1534	-109.1534	-77.6556	0.7114	76.6820	0.7027	1.8e-04	0.5459
3542	-109.1714	-109.1714	-77.0266	0.7056	77.3292	0.7086	1.8e-04	0.5475
3543	-109.1518	-109.1518	-76.6527	0.7023	77.6738	0.7119	1.8e-04	0.5455
3544	-109.1403	-109.1403	-76.8152	0.7038	77.4995	0.7103	1.8e-04	0.5486
3545	-109.1666	-109.1666	-77.2201	0.7074	77.1273	0.7068	1.8e-04	0.5463
3546	-109.1634	-109.1634	-77.2665	0.7078	77.0629	0.7063	1.8e-04	0.5477
3547	-109.1478	-109.1478	-77.4073	0.7092	76.8805	0.7046	1.8e-04	0.5467
3548	-109.1789	-109.1789	-77.7655	0.7123	76.5837	0.7019	1.8e-04	0.5452
3549	-109.1620	-109.1620	-77.0905	0.7062	77.2613	0.7080	1.8e-04	0.5488
3550	-109.1620	-109.1620	-78.1000	0.7155	76.2294	0.6986	1.8e-04	0.5464
3551	-109.1592	-109.1592	-78.3788	0.7180	75.9386	0.6959	1.8e-04	0.5483
3552	-109.1651	-109.1651	-77.1428	0.7067	77.2027	0.7075	1.8e-04	0.5465
3553	-109.1537	-109.1537	-77.4564	0.7096	76.8819	0.7046	1.8e-04	0.5463
3554	-109.1725	-109.1725	-77.8387	0.7130	76.5095	0.7011	1.8e-04	0.5467
3555	-109.1579	-109.1579	-77.9646	0.7142	76.3636	0.6999	1.8e-04	0.5466
3556	-109.1393	-109.1393	-78.7425	0.7215	75.5324	0.6924	1.8e-04	0.5454
3557	-109.1523	-109.1523	-77.9166	0.7138	76.3983	0.7003	1.8e-04	0.5452
3558	-109.1337	-109.1337	-78.0831	0.7155	76.1680	0.6982	1.8e-04	0.5460
3559	-109.1430	-109.1430	-78.2573	0.7170	76.0531	0.6970	1.8e-04	0.5457
3560	-109.1741	-109.1741	-77.0115	0.7054	77.3501	0.7088	1.8e-04	0.5486
3561	-109.1637	-109.1637	-78.6657	0.7206	75.6460	0.6933	1.8e-04	0.5462
3562	-109.1648	-109.1648	-77.4315	0.7093	76.9114	0.7049	1.8e-04	0.5468
3563	-109.1746	-109.1746	-77.4106	0.7091	76.9496	0.7051	1.8e-04	0.5471
3564	-109.1520	-109.1520	-77.9373	0.7140	76.3900	0.7001	1.8e-04	0.5464
3565	-109.1583	-109.1583	-78.0445	0.7150	76.2716	0.6991	1.8e-04	0.5483
3566	-109.1737	-109.1737	-78.1238	0.7156	76.2192	0.6985	1.8e-04	0.5469
3567	-109.1468	-109.1468	-77.9713	0.7144	76.3298	0.6997	1.8e-04	0.5493
3568	-109.1815	-109.1815	-77.2935	0.7079	77.0688	0.7062	1.8e-04	0.5475
3569	-109.1508	-109.1508	-78.3077	0.7174	76.0089	0.6966	1.8e-04	0.5474
3570	-109.1509	-109.1509	-77.5665	0.7106	76.7459	0.7035	1.8e-04	0.5468
3571	-109.1311	-109.1311	-76.9931	0.7055	77.3230	0.7087	1.7e-04	0.5483
3572	-109.1548	-109.1548	-78.1959	0.7164	76.1087	0.6975	1.7e-04	0.5488
3573	-109.1701	-109.1701	-77.3958	0.7089	76.8722	0.7045	1.7e-04	0.5461
3574	-109.1712	-109.1712	-77.5182	0.7101	76.8283	0.7041	1.7e-04	0.5486
3575	-109.1664	-109.1664	-78.2016	0.7164	76.1366	0.6977	1.7e-04	0.5470
3576	-109.1546	-109.1546	-77.4715	0.7097	76.8624	0.7044	1.7e-04	0.5475
3577	-109.1674	-109.1674	-77.9852	0.7144	76.3690	0.6998	1.7e-04	0.5468
3578	-109.1634	-109.1634	-77.3968	0.7090	76.9479	0.7052	1.7e-04	0.5477
3579	-109.1657	-109.1657	-77.5518	0.7104	76.7968	0.7038	1.7e-04	0.5466
3580	-109.1377	-109.1377	-77.9043	0.7138	76.3873	0.7002	1.7e-04	0.5491
3581	-109.1425	-109.1425	-77.9330	0.7140	76.3493	0.6998	1.7e-04	0.5472
3582	-109.1624	-109.1624	-77.9525	0.7141	76.3558	0.6999	1.7e-04	0.5495
3583	-109.1661	-109.1661	-77.1152	0.7064	77.2123	0.7076	1.7e-04	0.5466
3584	-109.1723	-109.1723	-78.3595	0.7178	75.9853	0.6963	1.7e-04	0.5469
3585	-109.1528	-109.1528	-78.3462	0.7178	75.9645	0.6962	1.7e-04	0.5474
3586	-109.1488	-109.1488	-78.0099	0.7147	76.2781	0.6992	1.7e-04	0.5469
3587	-109.1728	-109.1728	-78.2948	0.7172	76.0382	0.6968	1.7e-04	0.5493
3588	-109.1609	-109.1609	-78.0981	0.7154	76.2177	0.6985	1.7e-04	0.5468
3589	-109.1663	-109.1663	-78.0353	0.7148	76.3080	0.6993	1.7e-04	0.5490
3590	-109.1645	-109.1645	-77.8779	0.7134	76.4592	0.7008	1.7e-04	0.5481
3591	-109.1595	-109.1595	-78.0045	0.7146	76.3161	0.6995	1.7e-04	0.5474
3592	-109.1657	-109.1657	-77.8819	0.7134	76.4628	0.7007	1.7e-04	0.5471
3593	-109.1855	-109.1855	-77.6583	0.7113	76.7043	0.7028	1.7e-04	0.5481
3594	-109.1580	-109.1580	-77.3368	0.7085	76.9995	0.7057	1.7e-04	0.5473
3595	-109.1639	-109.1639	-78.1818	0.7162	76.1501	0.6979	1.7e-04	0.5473
3596	-109.1699	-109.1699	-78.6011	0.7200	75.7254	0.6939	1.7e-04	0.5471
3597	-109.1555	-109.1555	-78.1090	0.7156	76.2142	0.6985	1.7e-04	0.5482
3598	-109.1713	-109.1713	-78.5496	0.7195	75.7756	0.6944	1.7e-04	0.5478
3599	-109.1608	-109.1608	-77.9086	0.7137	76.4245	0.7004	1.7e-04	0.5476
3600	-109.1855	-109.1855	-78.9229	0.7228	75.4144	0.6910	1.7e-04	0.5479
3601	-109.1699	-109.1699	-78.2035	0.7163	76.1328	0.6977	1.7e-04	0.5450
3602	-109.1709	-109.1709	-78.3502	0.7177	75.9832	0.6963	1.7e-04	0.5491
3603	-109.1637	-109.1637	-78.2779	0.7171	76.0495	0.6970	1.7e-04	0.5477
3604	-109.1423	-109.1423	-77.1634	0.7070	77.1540	0.7072	1.7e-04	0.5482
3605	-109.1398	-109.1398	-78.7445	0.7215	75.5349	0.6924	1.7e-04	0.5476
3606	-109.1691	-109.1691	-77.8680	0.7133	76.4838	0.7009	1.7e-04	0.5491
3607	-109.1550	-109.1550	-77.4055	0.7091	76.9416	0.7050	1.7e-04	0.5478
3608	-109.1485	-109.1485	-78.4786	0.7190	75.8224	0.6950	1.7e-04	0.5481
3609	-109.1315	-109.1315	-78.3181	0.7176	75.9758	0.6964	1.7e-04	0.5469
3610	-109.1460	-109.1460	-78.4971	0.7192	75.8095	0.6948	1.7e-04	0.5482
3611	-109.1661	-109.1661	-78.5113	0.7192	75.7947	0.6946	1.7e-04	0.5477
3612	-109.1357	-109.1357	-77.4332	0.7095	76.8626	0.7045	1.7e-04	0.5478
3613	-109.1515	-109.1515	-78.2643	0.7170	76.0531	0.6970	1.7e-04	0.5472
3614	-109.1693	-109.1693	-78.3228	0.7174	76.0108	0.6966	1.7e-04	0.5478
3615	-109.1643	-109.1643	-78.4702	0.7188	75.8265	0.6949	1.7e-04	0.5482
3616	-109.1454	-109.1454	-77.6209	0.7112	76.6864	0.7029	1.7e-04	0.5471
3617	-109.1505	-109.1505	-78.0106	0.7147	76.3001	0.6993	1.7e-04	0.5492
3618	-109.1718	-109.1718	-77.2774	0.7079	77.0695	0.7063	1.7e-04	0.5478
3619	-109.1592	-109.1592	-78.2603	0.7169	76.0372	0.6969	1.7e-04	0.5479
3620	-109.1803	-109.1803	-78.8060	0.7218	75.5194	0.6921	1.7e-04	0.5466
3621	-109.1583	-109.1583	-77.7601	0.7124	76.5606	0.7018	1.7e-04	0.5467
3622	-109.1535	-109.1535	-77.7056	0.7119	76.6298	0.7023	1.7e-04	0.5476
3623	-109.1647	-109.1647	-77.2012	0.7072	77.1355	0.7070	1.7e-04	0.5470
3624	-109.1555	-109.1555	-77.3948	0.7090	76.9344	0.7052	1.7e-04	0.5480
3625	-109.1429	-109.1429	-77.7987	0.7128	76.5251	0.7013	1.7e-04	0.5480
3626	-109.1578	-109.1578	-77.9096	0.7137	76.4135	0.7004	1.7e-04	0.5483
3627	-109.1832	-109.1832	-77.6442	0.7111	76.7190	0.7031	1.7e-04	0.5478
3628	-109.1691	-109.1691	-77.8209	0.7128	76.5257	0.7013	1.7e-04	0.5483
3629	-109.1622	-109.1622	-77.2629	0.7078	77.0724	0.7063	1.7e-04	0.5484
3630	-109.1559	-109.1559	-77.9271	0.7139	76.4058	0.7002	1.7e-04	0.5480
3631	-109.1584	-109.1584	-77.6447	0.7113	76.6938	0.7028	1.7e-04	0.5478
3632	-109.1526	-109.1526	-76.8169	0.7038	77.5118	0.7104	1.7e-04	0.5488
3633	-109.1527	-109.1527	-77.6688	0.7116	76.6580	0.7026	1.7e-04	0.5475
3634	-109.1654	-109.1654	-77.6484	0.7113	76.6792	0.7027	1.7e-04	0.5471
3635	-109.1700	-109.1700	-78.7575	0.7214	75.5587	0.6925	1.7e-04	0.5495
3636	-109.1778	-109.1778	-77.3497	0.7085	76.9811	0.7054	1.7e-04	0.5479
3637	-109.1634	-109.1634	-78.0979	0.7154	76.2351	0.6987	1.7e-04	0.5469
3638	-109.1514	-109.1514	-78.1400	0.7159	76.1883	0.6982	1.7e-04	0.5484
3639	-109.1543	-109.1543	-76.9755	0.7052	77.3534	0.7090	1.7e-04	0.5455
3640	-109.1725	-109.1725	-77.9324	0.7138	76.4233	0.7003	1.7e-04	0.5490
3641	-109.1479	-109.1479	-77.4946	0.7100	76.8285	0.7042	1.7e-04	0.5456
3642	-109.1558	-109.1558	-78.1059	0.7155	76.2165	0.6985	1.7e-04	0.5470
3643	-109.1499	-109.1499	-77.4413	0.7095	76.8984	0.7047	1.7e-04	0.5482
3644	-109.1424	-109.1424	-79.4944	0.7284	74.7465	0.6851	1.7e-04	0.5471
3645	-109.1547	-109.1547	-78.1090	0.7156	76.2168	0.6985	1.7e-04	0.5486
3646	-109.1558	-109.1558	-78.3503	0.7178	75.9658	0.6962	1.7e-04	0.5458
3647	-109.1410	-109.1410	-77.5919	0.7109	76.7129	0.7032	1.7e-04	0.5490
3648	-109.1947	-109.1947	-77.6243	0.7109	76.7723	0.7033	1.7e-04	0.5479
3649	-109.1567	-109.1567	-78.5949	0.7200	75.7209	0.6939	1.7e-04	0.5473
3650	-109.1494	-109.1494	-78.2563	0.7170	76.0630	0.6971	1.7e-04	0.5490
3651	-109.1764	-109.1764	-78.4298	0.7184	75.9108	0.6957	1.7e-04	0.5463
3652	-109.1434	-109.1434	-79.0332	0.7241	75.2300	0.6896	1.7e-04	0.5491
3653	-109.1647	-109.1647	-77.9298	0.7139	76.3992	0.7002	1.7e-04	0.5472
3654	-109.1648	-109.1648	-79.0878	0.7245	75.2085	0.6892	1.7e-04	0.5493
3655	-109.1529	-109.1529	-79.2447	0.7260	75.0327	0.6877	1.7e-04	0.5468
3656	-109.1465	-109.1465	-78.7635	0.7216	75.5207	0.6923	1.7e-04	0.5483
3657	-109.1715	-109.1715	-78.1942	0.7163	76.1457	0.6978	1.7e-04	0.5476
3658	-109.1540	-109.1540	-78.2955	0.7173	76.0075	0.6966	1.7e-04	0.5470
3659	-109.1488	-109.1488	-78.6342	0.7204	75.6421	0.6933	1.7e-04	0.5493
3660	-109.1562	-109.1562	-77.0755	0.7061	77.2315	0.7078	1.7e-04	0.5471
3661	-109.1636	-109.1636	-78.7734	0.7216	75.5356	0.6922	1.7e-04	0.5467
3662	-109.1684	-109.1684	-77.9594	0.7141	76.3821	0.7000	1.7e-04	0.5486
3663	-109.1391	-109.1391	-78.2872	0.7173	76.0303	0.6967	1.7e-04	0.5472
3664	-109.1489	-109.1489	-78.2345	0.7168	76.0802	0.6973	1.7e-04	0.5470
3665	-109.1590	-109.1590	-78.8269	0.7221	75.4816	0.6918	1.7e-04	0.5467
3666	-109.1637	-109.1637	-77.7903	0.7126	76.5496	0.7016	1.7e-04	0.5473
3667	-109.1394	-109.1394	-78.8839	0.7228	75.3876	0.6911	1.7e-04	0.5484
3668	-109.1578	-109.1578	-78.3223	0.7175	75.9874	0.6965	1.7e-04	0.5476
3669	-109.1694	-109.1694	-78.3679	0.7179	75.9691	0.6962	1.7e-04	0.5466
3670	-109.1656	-109.1656	-77.1102	0.7064	77.2348	0.7078	1.7e-04	0.5455
3671	-109.1489	-109.1489	-78.6826	0.7209	75.6129	0.6930	1.7e-04	0.5474
3672	-109.1616	-109.1616	-79.1406	0.7250	75.1467	0.6887	1.7e-04	0.5481
3673	-109.1709	-109.1709	-77.8887	0.7135	76.4397	0.7006	1.7e-04	0.5478
3674	-109.1513	-109.1513	-77.5547	0.7105	76.7653	0.7035	1.7e-04	0.5480
3675	-109.1441	-109.1441	-77.8024	0.7128	76.5111	0.7013	1.7e-04	0.5467
3676	-109.1608	-109.1608	-77.7959	0.7127	76.5485	0.7015	1.7e-04	0.5476
3677	-109.1369	-109.1369	-78.1043	0.7157	76.1941	0.6984	1.7e-04	0.5484
3678	-109.1567	-109.1567	-77.4238	0.7093	76.8739	0.7046	1.7e-04	0.5465
3679	-109.1377	-109.1377	-77.2937	0.7082	76.9947	0.7058	1.7e-04	0.5492
3680	-109.1503	-109.1503	-77.5208	0.7102	76.8089	0.7039	1.7e-04	0.5471
3681	-109.1711	-109.1711	-77.0393	0.7057	77.2974	0.7084	1.7e-04	0.5482
3682	-109.1619	-109.1619	-77.9706	0.7143	76.3625	0.6999	1.7e-04	0.5469
3683	-109.1682	-109.1682	-77.6199	0.7110	76.7405	0.7032	1.7e-04	0.5477
3684	-109.1517	-109.1517	-77.9606	0.7142	76.3614	0.6998	1.7e-04	0.5461
3685	-109.1624	-109.1624	-78.1302	0.7157	76.2036	0.6984	1.7e-04	0.5477
3686	-109.1694	-109.1694	-77.1730	0.7069	77.1772	0.7073	1.7e-04	0.5457
3687	-109.1598	-109.1598	-77.4521	0.7095	76.8758	0.7046	1.7e-04	0.5462
3688	-109.1718	-109.1718	-76.4335	0.7001	77.9102	0.7140	1.7e-04	0.5473
3689	-109.1701	-109.1701	-77.6446	0.7112	76.6481	0.7024	1.7e-04	0.5464
3690	-109.1513	-109.1513	-77.1934	0.7072	77.1367	0.7070	1.7e-04	0.5481
3691	-109.1377	-109.1377	-78.0817	0.7154	76.2233	0.6987	1.7e-04	0.5457
3692	-109.1603	-109.1603	-77.0383	0.7057	77.2889	0.7084	1.7e-04	0.5466
3693	-109.1580	-109.1580	-77.2311	0.7075	77.1099	0.7067	1.7e-04	0.5477
3694	-109.1667	-109.1667	-77.7064	0.7118	76.6212	0.7023	1.7e-04	0.5452
3695	-109.1563	-109.1563	-77.4763	0.7098	76.8535	0.7043	1.7e-04	0.5479
3696	-109.1522	-109.1522	-77.4849	0.7099	76.8507	0.7043	1.7e-04	0.5475
3697	-109.1725	-109.1725	-77.6741	0.7115	76.6383	0.7023	1.7e-04	0.5461
3698	-109.1618	-109.1618	-77.4354	0.7094	76.8984	0.7048	1.7e-04	0.5486
3699	-109.1578	-109.1578	-77.5491	0.7104	76.7864	0.7037	1.7e-04	0.5472
3700	-109.1499	-109.1499	-76.7797	0.7034	77.5459	0.7108	1.7e-04	0.5465
3701	-109.1467	-109.1467	-77.2675	0.7079	77.0526	0.7063	1.7e-04	0.5450
3702	-109.1476	-109.1476	-77.7072	0.7119	76.6013	0.7022	1.7e-04	0.5463
3703	-109.1464	-109.1464	-76.2570	0.6987	78.0380	0.7153	1.7e-04	0.5462
3704	-109.1548	-109.1548	-77.4340	0.7094	76.8955	0.7048	1.7e-04	0.5545
3705	-109.1587	-109.1587	-77.0707	0.7060	77.2807	0.7081	1.7e-04	0.5482
3706	-109.1609	-109.1609	-76.9912	0.7053	77.3523	0.7089	1.7e-04	0.5477
3707	-109.1471	-109.1471	-77.6427	0.7114	76.6432	0.7024	1.7e-04	0.5463
3708	-109.1595	-109.1595	-77.1442	0.7067	77.1806	0.7074	1.7e-04	0.5472
3709	-109.1710	-109.1710	-77.6872	0.7116	76.6669	0.7025	1.7e-04	0.5454
3710	-109.1620	-109.1620	-77.5245	0.7102	76.7942	0.7038	1.7e-04	0.5482
3711	-109.1629	-109.1629	-77.1662	0.7069	77.1866	0.7073	1.7e-04	0.5444
3712	-109.1596	-109.1596	-77.1568	0.7068	77.1817	0.7073	1.7e-04	0.5487
3713	-109.1611	-109.1611	-77.4942	0.7099	76.8393	0.7042	1.7e-04	0.5467
3714	-109.1521	-109.1521	-76.6325	0.7021	77.6914	0.7121	1.7e-04	0.5457
3715	-109.1612	-109.1612	-77.1258	0.7065	77.2141	0.7076	1.7e-04	0.5482
3716	-109.1735	-109.1735	-76.3680	0.6995	77.9838	0.7146	1.7e-04	0.5467
3717	-109.1716	-109.1716	-76.7002	0.7026	77.6506	0.7116	1.7e-04	0.5477
3718	-109.1725	-109.1725	-77.7523	0.7122	76.5853	0.7018	1.7e-04	0.5457
3719	-109.1671	-109.1671	-76.9487	0.7049	77.3836	0.7092	1.7e-04	0.5480
3720	-109.1555	-109.1555	-77.2615	0.7078	77.0665	0.7063	1.7e-04	0.5458
3721	-109.1527	-109.1527	-77.5200	0.7102	76.8148	0.7040	1.7e-04	0.5464
3722	-109.1680	-109.1680	-77.2710	0.7078	77.0639	0.7063	1.7e-04	0.5459
3723	-109.1478	-109.1478	-77.7307	0.7122	76.5997	0.7020	1.7e-04	0.5461
3724	-109.1630	-109.1630	-77.1241	0.7065	77.2287	0.7077	1.7e-04	0.5486
3725	-109.1518	-109.1518	-77.4593	0.7096	76.8468	0.7044	1.7e-04	0.5465
3726	-109.1493	-109.1493	-77.4210	0.7093	76.8986	0.7048	1.7e-04	0.5486
3727	-109.1439	-109.1439	-77.5161	0.7102	76.8202	0.7040	1.7e-04	0.5465
3728	-109.1733	-109.1733	-76.8314	0.7038	77.5260	0.7104	1.7e-04	0.5487
3729	-109.1606	-109.1606	-77.0919	0.7062	77.2375	0.7079	1.7e-04	0.5458
3730	-109.1470	-109.1470	-78.3040	0.7174	75.9928	0.6966	1.7e-04	0.5473
3731	-109.1501	-109.1501	-77.6019	0.7110	76.7286	0.7032	1.7e-04	0.5461
3732	-109.1519	-109.1519	-77.8388	0.7131	76.4970	0.7010	1.7e-04	0.5462
3733	-109.1479	-109.1479	-77.3300	0.7085	76.9902	0.7057	1.7e-04	0.5466
3734	-109.1531	-109.1531	-77.4977	0.7100	76.8136	0.7041	1.7e-04	0.5447
3735	-109.1574	-109.1574	-77.9542	0.7141	76.3704	0.7000	1.7e-04	0.5459
3736	-109.1533	-109.1533	-78.1746	0.7162	76.1423	0.6979	1.7e-04	0.5457
3737	-109.1568	-109.1568	-77.4517	0.7095	76.8799	0.7046	1.7e-04	0.5463
3738	-109.1669	-109.1669	-77.7478	0.7122	76.5975	0.7020	1.7e-04	0.5468
3739	-109.1578	-109.1578	-76.7831	0.7034	77.5576	0.7108	1.7e-04	0.5462
3740	-109.1558	-109.1558	-77.1614	0.7069	77.1802	0.7073	1.7e-04	0.5454
3741	-109.1501	-109.1501	-76.8552	0.7041	77.4769	0.7101	1.7e-04	0.5459
3742	-109.1524	-109.1524	-76.8554	0.7041	77.4475	0.7099	1.7e-04	0.5465
3743	-109.1429	-109.1429	-77.0334	0.7058	77.2863	0.7083	1.7e-04	0.5476
3744	-109.1784	-109.1784	-77.3657	0.7086	76.9899	0.7056	1.7e-04	0.5484
3745	-109.1655	-109.1655	-77.2620	0.7078	77.0885	0.7064	1.7e-04	0.5458
3746	-109.1638	-109.1638	-77.7857	0.7126	76.5625	0.7016	1.7e-04	0.5460
3747	-109.1595	-109.1595	-77.1795	0.7070	77.1590	0.7071	1.7e-04	0.5481
3748	-109.1575	-109.1575	-77.3029	0.7082	77.0324	0.7060	1.7e-04	0.5462
3749	-109.1495	-109.1495	-76.5888	0.7017	77.7363	0.7125	1.7e-04	0.5483
3750	-109.1654	-109.1654	-77.6390	0.7112	76.7096	0.7030	1.7e-04	0.5474
3751	-109.1391	-109.1391	-76.5646	0.7015	77.7342	0.7125	1.7e-04	0.5472
3752	-109.1681	-109.1681	-77.1799	0.7070	77.1220	0.7069	1.7e-04	0.5486
3753	-109.1641	-109.1641	-77.4408	0.7094	76.8891	0.7046	1.7e-04	0.5466
3754	-109.1693	-109.1693	-77.0415	0.7057	77.3133	0.7085	1.7e-04	0.5478
3755	-109.1721	-109.1721	-77.9131	0.7137	76.4433	0.7005	1.7e-04	0.5466
3756	-109.1700	-109.1700	-77.8067	0.7127	76.5356	0.7015	1.7e-04	0.5464
3757	-109.1679	-109.1679	-77.5666	0.7105	76.7851	0.7037	1.7e-04	0.5468
3758	-109.1653	-109.1653	-76.2743	0.6987	78.0637	0.7154	1.7e-04	0.5460
3759	-109.1561	-109.1561	-76.7318	0.7030	77.6036	0.7112	1.7e-04	0.5472
3760	-109.1456	-109.1456	-77.4339	0.7095	76.8747	0.7047	1.7e-04	0.5462
3761	-109.1570	-109.1570	-77.3562	0.7087	76.9693	0.7054	1.7e-04	0.5487
3762	-109.1735	-109.1735	-78.0345	0.7148	76.3064	0.6993	1.7e-04	0.5467
3763	-109.1607	-109.1607	-77.3177	0.7083	77.0184	0.7059	1.7e-04	0.5491
3764	-109.1542	-109.1542	-77.2244	0.7075	77.1054	0.7067	1.7e-04	0.5478
3765	-109.1540	-109.1540	-77.2091	0.7073	77.1150	0.7069	1.7e-04	0.5470
3766	-109.1659	-109.1659	-76.5734	0.7014	77.7682	0.7127	1.7e-04	0.5469
3767	-109.1389	-109.1389	-76.8970	0.7046	77.4031	0.7095	1.7e-04	0.5468
3768	-109.1616	-109.1616	-76.8164	0.7037	77.5228	0.7105	1.7e-04	0.5477
3769	-109.1661	-109.1661	-76.7112	0.7027	77.6287	0.7115	1.7e-04	0.5462
3770	-109.1632	-109.1632	-77.3806	0.7089	76.9437	0.7052	1.7e-04	0.5463
3771	-109.1584	-109.1584	-77.1204	0.7065	77.1759	0.7074	1.7e-04	0.5478
3772	-109.1619	-109.1619	-76.6050	0.7018	77.7316	0.7124	1.7e-04	0.5467
3773	-109.1387	-109.1387	-77.0536	0.7060	77.2614	0.7082	1.7e-04	0.5480
3774	-109.1599	-109.1599	-77.1563	0.7068	77.1746	0.7074	1.7e-04	0.5492
3775	-109.1415	-109.1415	-77.0257	0.7057	77.2896	0.7085	1.7e-04	0.5502
3776	-109.1543	-109.1543	-76.4768	0.7006	77.8279	0.7133	1.7e-04	0.5484
3777	-109.1502	-109.1503	-75.5329	0.6920	78.7614	0.7219	1.7e-04	0.5469
3778	-109.1645	-109.1645	-76.1003	0.6971	78.2295	0.7169	1.7e-04	0.5453
3779	-109.1644	-109.1644	-76.2107	0.6981	78.1077	0.7159	1.7e-04	0.5475
3780	-109.1555	-109.1555	-76.7512	0.7031	77.5392	0.7106	1.7e-04	0.5485
3781	-109.1697	-109.1697	-76.4347	0.7001	77.8952	0.7139	1.7e-04	0.5462
3782	-109.1484	-109.1484	-75.8239	0.6947	78.4853	0.7193	1.7e-04	0.5463
3783	-109.1478	-109.1478	-76.5416	0.7013	77.7734	0.7129	1.7e-04	0.5475
3784	-109.1678	-109.1678	-75.6810	0.6933	78.6414	0.7207	1.7e-04	0.5467
3785	-109.1540	-109.1540	-76.4699	0.7006	77.8465	0.7135	1.7e-04	0.5462
3786	-109.1724	-109.1724	-76.0813	0.6969	78.2241	0.7169	1.7e-04	0.5487
3787	-109.1590	-109.1591	-75.3490	0.6903	78.9458	0.7236	1.7e-04	0.5472
3788	-109.1485	-109.1485	-76.2125	0.6982	78.1007	0.7158	1.7e-04	0.5486
3789	-109.1462	-109.1462	-76.7239	0.7029	77.5938	0.7112	1.7e-04	0.5467
3790	-109.1519	-109.1520	-75.2458	0.6894	79.0353	0.7243	1.7e-04	0.5466
3791	-109.1769	-109.1769	-75.4726	0.6913	78.8504	0.7225	1.7e-04	0.5481
3792	-109.1524	-109.1524	-75.8759	0.6951	78.4101	0.7188	1.7e-04	0.5463
3793	-109.1631	-109.1631	-76.2126	0.6982	78.1136	0.7159	1.7e-04	0.5489
3794	-109.1729	-109.1732	-74.6842	0.6841	79.5976	0.7294	1.7e-04	0.5463
3795	-109.1505	-109.1505	-76.3441	0.6994	77.9698	0.7147	1.7e-04	0.5469
3796	-109.1864	-109.1864	-76.4936	0.7006	77.8486	0.7134	1.7e-04	0.5465
3797	-109.1445	-109.1445	-76.9541	0.7051	77.3738	0.7091	1.7e-04	0.5463
3798	-109.1516	-109.1516	-76.3209	0.6992	77.9963	0.7148	1.7e-04	0.5466
3799	-109.1540	-109.1540	-76.7902	0.7035	77.5296	0.7107	1.7e-04	0.5447
3800	-109.1647	-109.1647	-77.0753	0.7060	77.2522	0.7080	1.7e-04	0.5485
3801	-109.1697	-109.1697	-76.4564	0.7003	77.8908	0.7138	1.7e-04	0.5443
3802	-109.1725	-109.1726	-75.9029	0.6953	78.3815	0.7183	1.7e-04	0.5468
3803	-109.1645	-109.1645	-76.2230	0.6982	78.1131	0.7158	1.7e-04	0.5464
3804	-109.1669	-109.1669	-76.0780	0.6969	78.2589	0.7172	1.7e-04	0.5479
3805	-109.1677	-109.1677	-76.4616	0.7004	77.8732	0.7136	1.7e-04	0.5474
3806	-109.1507	-109.1507	-77.0332	0.7058	77.2865	0.7084	1.7e-04	0.5477
3807	-109.1536	-109.1536	-76.8785	0.7043	77.4516	0.7099	1.7e-04	0.5479
3808	-109.1571	-109.1571	-75.9732	0.6960	78.3403	0.7180	1.7e-04	0.5467
3809	-109.1568	-109.1568	-76.5581	0.7014	77.7828	0.7128	1.7e-04	0.5483
3810	-109.1529	-109.1529	-76.4340	0.7002	77.8178	0.7132	1.7e-04	0.5483
3811	-109.1481	-109.1481	-77.7466	0.7123	76.5718	0.7018	1.7e-04	0.5470
3812	-109.1790	-109.1790	-76.3344	0.6992	78.0263	0.7150	1.7e-04	0.5479
3813	-109.1606	-109.1606	-77.0091	0.7055	77.3162	0.7086	1.7e-04	0.5474
3814	-109.1755	-109.1755	-76.8694	0.7041	77.4865	0.7101	1.7e-04	0.5487
3815	-109.1464	-109.1464	-78.1303	0.7158	76.1851	0.6983	1.7e-04	0.5500
3816	-109.1571	-109.1571	-76.5518	0.7013	77.7754	0.7127	1.7e-04	0.5475
3817	-109.1530	-109.1531	-75.3199	0.6900	78.9652	0.7238	1.7e-04	0.5464
3818	-109.1762	-109.1762	-76.6548	0.7021	77.6903	0.7121	1.7e-04	0.5464
3819	-109.1672	-109.1672	-77.0195	0.7055	77.3136	0.7085	1.7e-04	0.5486
3820	-109.1724	-109.1725	-76.0778	0.6969	78.2644	0.7172	1.7e-04	0.5465
3821	-109.1636	-109.1636	-76.9185	0.7046	77.4284	0.7096	1.7e-04	0.5484
3822	-109.1735	-109.1735	-76.8168	0.7036	77.5352	0.7106	1.7e-04	0.5465
3823	-109.1770	-109.1770	-76.4798	0.7005	77.8754	0.7136	1.7e-04	0.5490
3824	-109.1703	-109.1703	-77.3422	0.7085	77.0124	0.7057	1.7e-04	0.5464
3825	-109.1602	-109.1602	-77.9023	0.7137	76.4390	0.7005	1.7e-04	0.5489
3826	-109.1531	-109.1531	-77.7106	0.7119	76.5923	0.7020	1.7e-04	0.5466
3827	-109.1556	-109.1556	-77.8251	0.7130	76.4803	0.7010	1.7e-04	0.5487
3828	-109.1648	-109.1648	-78.4097	0.7183	75.9189	0.6958	1.7e-04	0.5464
3829	-109.1729	-109.1729	-77.9559	0.7141	76.3944	0.7001	1.7e-04	0.5473
3830	-109.1739	-109.1739	-76.7288	0.7028	77.6108	0.7113	1.7e-04	0.5463
3831	-109.1663	-109.1663	-77.7433	0.7122	76.5864	0.7019	1.7e-04	0.5464
3832	-109.1653	-109.1653	-77.7392	0.7121	76.5893	0.7020	1.7e-04	0.5462
3833	-109.1518	-109.1518	-77.2880	0.7081	77.0349	0.7061	1.7e-04	0.5472
3834	-109.1374	-109.1374	-77.8710	0.7135	76.4183	0.7004	1.7e-04	0.5487
3835	-109.1514	-109.1514	-77.9237	0.7139	76.3810	0.7001	1.7e-04	0.5489
3836	-109.1534	-109.1534	-79.1624	0.7252	75.1268	0.6885	1.7e-04	0.5477
3837	-109.1529	-109.1529	-78.5567	0.7197	75.7246	0.6941	1.7e-04	0.5461
3838	-109.1453	-109.1453	-77.1765	0.7071	77.1470	0.7071	1.7e-04	0.5477
3839	-109.1637	-109.1637	-77.9743	0.7143	76.3463	0.6997	1.7e-04	0.5469
3840	-109.1605	-109.1605	-77.4884	0.7099	76.8610	0.7043	1.7e-04	0.5489
3841	-109.1724	-109.1724	-78.1817	0.7161	76.1730	0.6979	1.7e-04	0.5470
3842	-109.1612	-109.1612	-76.7658	0.7032	77.5775	0.7110	1.7e-04	0.5479
3843	-109.1621	-109.1621	-78.1866	0.7162	76.1491	0.6978	1.7e-04	0.5464
3844	-109.1638	-109.1638	-77.7335	0.7121	76.6175	0.7021	1.7e-04	0.5475
3845	-109.1641	-109.1641	-77.6373	0.7112	76.7130	0.7029	1.7e-04	0.5474
3846	-109.1518	-109.1518	-77.8582	0.7133	76.4682	0.7008	1.7e-04	0.5463
3847	-109.1536	-109.1536	-77.6973	0.7118	76.6341	0.7024	1.7e-04	0.5472
3848	-109.1697	-109.1697	-77.2037	0.7072	77.1386	0.7070	1.7e-04	0.5489
3849	-109.1633	-109.1633	-78.0178	0.7147	76.3052	0.6994	1.7e-04	0.5479
3850	-109.1838	-109.1838	-77.5367	0.7101	76.8010	0.7038	1.7e-04	0.5475
3851	-109.1735	-109.1735	-77.2238	0.7073	77.1037	0.7067	1.7e-04	0.5483
3852	-109.1616	-109.1616	-77.8663	0.7133	76.4594	0.7008	1.7e-04	0.5461
3853	-109.1648	-109.1648	-78.0066	0.7146	76.3249	0.6994	1.7e-04	0.5480
3854	-109.1713	-109.1713	-78.6891	0.7208	75.6330	0.6931	1.7e-04	0.5503
3855	-109.1440	-109.1440	-78.0742	0.7153	76.2413	0.6987	1.7e-04	0.5467
3856	-109.1616	-109.1616	-78.4609	0.7188	75.8616	0.6952	1.7e-04	0.5466
3857	-109.1608	-109.1608	-78.0590	0.7151	76.2724	0.6990	1.7e-04	0.5482
3858	-109.1560	-109.1560	-78.0024	0.7146	76.3288	0.6995	1.7e-04	0.5463
3859	-109.1406	-109.1406	-78.3991	0.7183	75.8869	0.6956	1.7e-04	0.5484
3860	-109.1506	-109.1506	-77.6713	0.7116	76.6547	0.7026	1.7e-04	0.5473
3861	-109.1510	-109.1510	-77.5713	0.7107	76.7573	0.7035	1.7e-04	0.5466
3862	-109.1503	-109.1503	-78.2208	0.7166	76.0879	0.6974	1.7e-04	0.5484
3863	-109.1520	-109.1520	-78.2629	0.7170	76.0465	0.6970	1.7e-04	0.5488
3864	-109.1514	-109.1514	-78.3980	0.7183	75.9105	0.6957	1.7e-04	0.5473
3865	-109.1378	-109.1378	-79.1357	0.7251	75.1324	0.6886	1.7e-04	0.5473
3866	-109.1603	-109.1603	-78.5571	0.7196	75.7442	0.6942	1.7e-04	0.5488
3867	-109.1655	-109.1655	-78.0994	0.7154	76.2226	0.6987	1.7e-04	0.5470
3868	-109.1547	-109.1547	-79.0245	0.7240	75.2618	0.6898	1.7e-04	0.5479
3869	-109.1639	-109.1639	-78.0561	0.7150	76.2732	0.6990	1.7e-04	0.5468
3870	-109.1802	-109.1802	-78.1502	0.7158	76.2082	0.6983	1.7e-04	0.5488
3871	-109.1821	-109.1821	-78.4178	0.7182	75.9285	0.6957	1.7e-04	0.5478
3872	-109.1540	-109.1540	-78.5266	0.7194	75.7881	0.6946	1.7e-04	0.5489
3873	-109.1512	-109.1512	-78.9701	0.7235	75.3232	0.6903	1.7e-04	0.5464
3874	-109.1396	-109.1396	-77.7999	0.7128	76.5001	0.7013	1.7e-04	0.5504
3875	-109.1722	-109.1722	-79.1535	0.7250	75.1275	0.6885	1.7e-04	0.5473
3876	-109.1725	-109.1725	-77.4836	0.7097	76.8567	0.7043	1.7e-04	0.5487
3877	-109.1698	-109.1698	-79.1448	0.7250	75.1051	0.6883	1.7e-04	0.5461
3878	-109.1552	-109.1552	-78.8775	0.7226	75.4249	0.6912	1.7e-04	0.5496
3879	-109.1587	-109.1587	-77.9334	0.7139	76.3968	0.7002	1.7e-04	0.5458
3880	-109.1613	-109.1613	-77.7979	0.7127	76.5343	0.7013	1.7e-04	0.5480
3881	-109.1529	-109.1529	-79.1469	0.7251	75.1329	0.6886	1.7e-04	0.5478
3882	-109.1644	-109.1644	-77.8798	0.7134	76.4565	0.7007	1.7e-04	0.5469
3883	-109.1678	-109.1678	-78.2218	0.7165	76.1067	0.6975	1.7e-04	0.5475
3884	-109.1703	-109.1703	-78.5962	0.7199	75.7326	0.6940	1.7e-04	0.5480
3885	-109.1693	-109.1693	-77.7989	0.7126	76.5472	0.7015	1.7e-04	0.5470
3886	-109.1699	-109.1699	-77.4746	0.7097	76.8761	0.7045	1.7e-04	0.5506
3887	-109.1509	-109.1509	-77.8712	0.7134	76.4549	0.7007	1.7e-04	0.5464
3888	-109.1686	-109.1686	-78.5074	0.7191	75.8098	0.6948	1.7e-04	0.5462
3889	-109.1624	-109.1624	-79.5008	0.7283	74.7705	0.6852	1.7e-04	0.5570
3890	-109.1514	-109.1514	-78.7506	0.7215	75.5517	0.6924	1.7e-04	0.5497
3891	-109.1661	-109.1661	-78.7267	0.7212	75.5746	0.6926	1.7e-04	0.5469
3892	-109.1580	-109.1580	-77.7051	0.7119	76.6346	0.7023	1.7e-04	0.5482
3893	-109.1545	-109.1545	-78.7758	0.7217	75.5168	0.6921	1.7e-04	0.5486
3894	-109.1661	-109.1661	-79.0412	0.7240	75.2654	0.6898	1.7e-04	0.5482
3895	-109.1486	-109.1486	-78.1588	0.7161	76.1614	0.6980	1.7e-04	0.5491
3896	-109.1717	-109.1717	-77.9379	0.7139	76.4105	0.7002	1.7e-04	0.5477
3897	-109.1587	-109.1587	-78.5967	0.7200	75.7034	0.6939	1.7e-04	0.5484
3898	-109.1666	-109.1666	-78.6740	0.7207	75.6441	0.6932	1.7e-04	0.5470
3899	-109.1672	-109.1672	-78.4010	0.7182	75.9229	0.6958	1.7e-04	0.5497
3900	-109.1424	-109.1424	-78.4402	0.7187	75.8662	0.6953	1.7e-04	0.5471
3901	-109.1584	-109.1584	-79.3278	0.7267	74.9498	0.6869	1.7e-04	0.5464
3902	-109.1707	-109.1707	-78.5714	0.7197	75.7638	0.6943	1.7e-04	0.5497
3903	-109.1719	-109.1719	-78.8836	0.7226	75.4318	0.6913	1.7e-04	0.5469
3904	-109.1587	-109.1587	-79.0418	0.7241	75.2432	0.6897	1.7e-04	0.5490
3905	-109.1639	-109.1639	-77.6267	0.7111	76.7095	0.7030	1.7e-04	0.5463
3906	-109.1553	-109.1553	-79.3502	0.7269	74.9184	0.6866	1.7e-04	0.5503
3907	-109.1709	-109.1709	-79.6560	0.7296	74.5703	0.6834	1.7e-04	0.5486
3908	-109.1611	-109.1611	-78.7388	0.7213	75.5580	0.6925	1.7e-04	0.5482
3909	-109.1624	-109.1624	-78.8377	0.7222	75.4575	0.6916	1.7e-04	0.5488
3910	-109.1638	-109.1638	-78.7170	0.7211	75.5666	0.6925	1.7e-04	0.5470
3911	-109.1943	-109.1943	-79.6743	0.7297	74.6218	0.6838	1.7e-04	0.5486
3912	-109.1606	-109.1606	-78.6364	0.7204	75.6796	0.6935	1.7e-04	0.5477
3913	-109.1737	-109.1737	-78.2966	0.7172	76.0299	0.6968	1.7e-04	0.5490
3914	-109.1449	-109.1449	-79.3304	0.7268	74.9192	0.6867	1.7e-04	0.5480
3915	-109.1545	-109.1545	-78.8752	0.7226	75.3963	0.6911	1.7e-04	0.5466
3916	-109.1520	-109.1520	-79.4116	0.7275	74.8357	0.6860	1.7e-04	0.5498
3917	-109.1574	-109.1574	-79.2917	0.7264	74.9719	0.6871	1.7e-04	0.5475
3918	-109.1680	-109.1680	-79.6627	0.7297	74.6056	0.6837	1.7e-04	0.5499
3919	-109.1569	-109.1569	-78.5072	0.7192	75.8003	0.6948	1.7e-04	0.5487
3920	-109.1513	-109.1513	-78.3296	0.7176	75.9701	0.6963	1.7e-04	0.5514
3921	-109.1595	-109.1595	-79.4625	0.7279	74.8026	0.6856	1.7e-04	0.5468
3922	-109.1522	-109.1522	-78.7004	0.7210	75.5930	0.6928	1.7e-04	0.5474
3923	-109.1842	-109.1842	-77.8826	0.7133	76.4735	0.7008	1.7e-04	0.5485
3924	-109.1841	-109.1841	-79.1102	0.7246	75.2015	0.6892	1.7e-04	0.5477
3925	-109.1427	-109.1427	-79.1915	0.7256	75.0729	0.6881	1.7e-04	0.5493
3926	-109.1495	-109.1495	-77.6186	0.7111	76.7084	0.7031	1.7e-04	0.5506
3927	-109.1627	-109.1627	-77.9859	0.7144	76.3418	0.6997	1.7e-04	0.5492
3928	-109.1629	-109.1629	-78.2793	0.7171	76.0407	0.6969	1.7e-04	0.5477
3929	-109.1551	-109.1551	-79.3742	0.7272	74.8969	0.6864	1.7e-04	0.5478
3930	-109.1604	-109.1604	-78.1656	0.7161	76.1619	0.6980	1.7e-04	0.5500
3931	-109.1519	-109.1519	-78.3139	0.7175	75.9811	0.6965	1.7e-04	0.5471
3932	-109.1484	-109.1484	-79.5400	0.7287	74.7110	0.6848	1.7e-04	0.5504
3933	-109.1485	-109.1485	-78.1852	0.7163	76.1237	0.6978	1.7e-04	0.5473
3934	-109.1530	-109.1530	-77.9473	0.7141	76.3689	0.7000	1.7e-04	0.5488
3935	-109.1547	-109.1547	-78.3707	0.7180	75.9441	0.6960	1.7e-04	0.5477
3936	-109.1427	-109.1427	-77.3123	0.7084	77.0199	0.7058	1.7e-04	0.5494
3937	-109.1574	-109.1574	-77.6164	0.7111	76.7099	0.7031	1.7e-04	0.5474
3938	-109.1519	-109.1519	-78.1804	0.7163	76.1336	0.6978	1.7e-04	0.5494
3939	-109.1430	-109.1430	-78.1472	0.7160	76.1670	0.6981	1.7e-04	0.5467
3940	-109.1631	-109.1631	-77.5525	0.7104	76.7863	0.7037	1.7e-04	0.5489
3941	-109.1561	-109.1561	-78.2605	0.7170	76.0605	0.6971	1.7e-04	0.5473
3942	-109.1576	-109.1576	-77.9717	0.7143	76.3582	0.6998	1.7e-04	0.5478
3943	-109.1640	-109.1640	-78.0192	0.7147	76.3034	0.6993	1.7e-04	0.5477
3944	-109.1565	-109.1565	-77.5894	0.7108	76.7466	0.7034	1.7e-04	0.5486
3945	-109.1644	-109.1644	-77.5107	0.7100	76.8375	0.7042	1.7e-04	0.5466
3946	-109.1720	-109.1720	-78.0664	0.7151	76.2720	0.6990	1.7e-04	0.5481
3947	-109.1703	-109.1703	-78.2321	0.7166	76.1145	0.6975	1.7e-04	0.5462
3948	-109.1463	-109.1463	-77.5820	0.7108	76.7395	0.7034	1.7e-04	0.5487
3949	-109.1724	-109.1724	-77.8935	0.7135	76.4625	0.7007	1.7e-04	0.5470
3950	-109.1585	-109.1585	-77.0706	0.7060	77.2787	0.7081	1.7e-04	0.5482
3951	-109.1493	-109.1493	-77.3435	0.7086	76.9877	0.7056	1.7e-04	0.5461
3952	-109.1750	-109.1750	-78.0645	0.7150	76.2906	0.6991	1.7e-04	0.5487
3953	-109.1435	-109.1435	-77.8974	0.7137	76.4188	0.7004	1.7e-04	0.5472
3954	-109.1569	-109.1569	-77.5102	0.7101	76.8220	0.7041	1.7e-04	0.5471
3955	-109.1535	-109.1535	-77.7060	0.7119	76.6290	0.7023	1.7e-04	0.5476
3956	-109.1705	-109.1705	-78.0520	0.7150	76.2832	0.6991	1.7e-04	0.5462
3957	-109.1542	-109.1542	-77.9549	0.7142	76.3696	0.6999	1.7e-04	0.5470
3958	-109.1461	-109.1461	-77.5873	0.7109	76.7392	0.7033	1.7e-04	0.5462
3959	-109.1524	-109.1524	-77.5797	0.7107	76.7475	0.7034	1.7e-04	0.5458
3960	-109.1511	-109.1511	-77.5248	0.7103	76.7942	0.7039	1.7e-04	0.5467
3961	-109.1553	-109.1553	-77.2602	0.7078	77.0559	0.7063	1.7e-04	0.5457
3962	-109.1796	-109.1796	-78.2113	0.7164	76.1275	0.6977	1.7e-04	0.5475
3963	-109.1753	-109.1753	-77.2574	0.7076	77.0934	0.7066	1.7e-04	0.5468
3964	-109.1403	-109.1403	-77.6221	0.7112	76.6808	0.7028	1.7e-04	0.5474
3965	-109.1802	-109.1802	-77.5105	0.7099	76.8429	0.7042	1.7e-04	0.5482
3966	-109.1382	-109.1382	-78.4765	0.7191	75.8022	0.6949	1.7e-04	0.5483
3967	-109.1450	-109.1450	-78.2186	0.7166	76.0920	0.6974	1.7e-04	0.5465
3968	-109.1535	-109.1535	-77.9382	0.7140	76.3807	0.7001	1.7e-04	0.5480
3969	-109.1493	-109.1493	-77.1229	0.7066	77.1965	0.7075	1.7e-04	0.5461
3970	-109.1616	-109.1616	-77.9443	0.7140	76.3695	0.7000	1.7e-04	0.5475
3971	-109.1520	-109.1520	-77.6255	0.7112	76.6794	0.7028	1.7e-04	0.5453
3972	-109.1573	-109.1573	-77.9227	0.7139	76.3912	0.7003	1.7e-04	0.5486
3973	-109.1581	-109.1581	-77.1637	0.7069	77.1765	0.7072	1.7e-04	0.5469
3974	-109.1688	-109.1688	-76.9492	0.7049	77.4002	0.7093	1.7e-04	0.5475
3975	-109.1478	-109.1478	-78.1207	0.7157	76.1765	0.6982	1.7e-04	0.5470
3976	-109.1519	-109.1519	-76.8098	0.7037	77.5347	0.7105	1.7e-04	0.5468
3977	-109.1615	-109.1616	-75.5455	0.6921	78.7576	0.7218	1.7e-04	0.5492
3978	-109.1519	-109.1519	-77.2243	0.7075	77.0927	0.7065	1.7e-04	0.5462
3979	-109.1653	-109.1653	-76.5162	0.7009	77.8315	0.7132	1.7e-04	0.5486
3980	-109.1539	-109.1539	-77.0616	0.7060	77.2647	0.7082	1.7e-04	0.5462
3981	-109.1574	-109.1574	-75.9966	0.6962	78.3298	0.7178	1.7e-04	0.5483
3982	-109.1521	-109.1521	-77.7883	0.7127	76.5309	0.7015	1.7e-04	0.5461
3983	-109.1392	-109.1392	-77.5624	0.7107	76.7263	0.7033	1.7e-04	0.5490
3984	-109.1623	-109.1623	-77.8815	0.7134	76.4488	0.7007	1.7e-04	0.5476
3985	-109.1529	-109.1529	-77.9726	0.7143	76.3271	0.6996	1.7e-04	0.5509
3986	-109.1615	-109.1615	-76.7487	0.7031	77.5926	0.7111	1.7e-04	0.5470
3987	-109.1551	-109.1551	-76.7900	0.7035	77.5591	0.7107	1.7e-04	0.5490
3988	-109.1587	-109.1587	-77.3635	0.7087	76.9760	0.7055	1.7e-04	0.5470
3989	-109.1798	-109.1798	-77.5902	0.7107	76.7524	0.7035	1.7e-04	0.5478
3990	-109.1505	-109.1505	-77.3690	0.7088	76.9543	0.7053	1.7e-04	0.5469
3991	-109.1475	-109.1475	-78.3597	0.7179	75.9223	0.6959	1.7e-04	0.5458
3992	-109.1385	-109.1385	-77.4642	0.7098	76.8438	0.7044	1.7e-04	0.5501
3993	-109.1685	-109.1685	-76.9848	0.7052	77.3544	0.7089	1.7e-04	0.5475
3994	-109.1742	-109.1742	-77.0925	0.7061	77.2585	0.7080	1.7e-04	0.5484
3995	-109.1667	-109.1667	-77.4687	0.7096	76.8813	0.7045	1.7e-04	0.5496
3996	-109.1860	-109.1860	-77.1459	0.7066	77.2307	0.7076	1.7e-04	0.5470
3997	-109.1669	-109.1669	-77.6221	0.7110	76.7275	0.7031	1.7e-04	0.5481
3998	-109.1551	-109.1551	-76.7204	0.7029	77.6048	0.7113	1.7e-04	0.5470
3999	-109.1448	-109.1448	-78.2295	0.7167	76.0569	0.6972	1.7e-04	0.5471
4000	-109.1563	-109.1563	-77.2509	0.7077	77.0439	0.7061	1.7e-04	0.5469
4001	-109.1624	-109.1624	-78.4199	0.7184	75.9024	0.6956	1.7e-04	0.5463
4002	-109.1727	-109.1727	-77.1899	0.7070	77.1628	0.7072	1.7e-04	0.5484
4003	-109.1668	-109.1668	-77.1577	0.7068	77.1861	0.7074	1.7e-04	0.5464
4004	-109.1611	-109.1611	-76.4668	0.7005	77.8601	0.7136	1.7e-04	0.5494
4005	-109.1566	-109.1566	-76.9224	0.7047	77.4121	0.7094	1.7e-04	0.5472
4006	-109.1514	-109.1514	-76.7924	0.7035	77.5388	0.7107	1.7e-04	0.5503
4007	-109.1530	-109.1530	-77.1178	0.7065	77.2036	0.7076	1.7e-04	0.5485
4008	-109.1876	-109.1876	-76.8224	0.7036	77.5427	0.7105	1.7e-04	0.5487
4009	-109.1547	-109.1547	-77.2781	0.7080	77.0344	0.7062	1.7e-04	0.5491
4010	-109.1537	-109.1537	-77.4210	0.7093	76.9120	0.7049	1.7e-04	0.5485
4011	-109.1594	-109.1594	-78.1219	0.7157	76.2111	0.6984	1.7e-04	0.5482
4012	-109.1601	-109.1601	-78.1322	0.7158	76.1921	0.6983	1.7e-04	0.5483
4013	-109.1471	-109.1471	-76.7188	0.7029	77.5864	0.7112	1.7e-04	0.5475
4014	-109.1522	-109.1522	-77.8654	0.7134	76.4580	0.7008	1.7e-04	0.5487
4015	-109.1623	-109.1623	-76.6341	0.7020	77.7054	0.7121	1.7e-04	0.5482
4016	-109.1727	-109.1727	-77.4827	0.7097	76.8720	0.7045	1.7e-04	0.5490
4017	-109.1429	-109.1429	-76.7969	0.7036	77.5444	0.7105	1.7e-04	0.5469
4018	-109.1640	-109.1640	-77.7294	0.7120	76.6050	0.7021	1.7e-04	0.5482
4019	-109.1643	-109.1643	-77.9500	0.7141	76.3784	0.7000	1.7e-04	0.5477
4020	-109.1517	-109.1517	-77.8564	0.7133	76.4585	0.7009	1.7e-04	0.5490
4021	-109.1721	-109.1721	-77.4298	0.7092	76.9207	0.7049	1.7e-04	0.5477
4022	-109.1624	-109.1624	-77.3356	0.7084	77.0002	0.7058	1.7e-04	0.5472
4023	-109.1602	-109.1602	-77.1273	0.7066	77.1873	0.7073	1.7e-04	0.5478
4024	-109.1500	-109.1500	-76.9285	0.7048	77.3918	0.7094	1.7e-04	0.5468
4025	-109.1637	-109.1637	-76.7836	0.7034	77.5522	0.7107	1.7e-04	0.5486
4026	-109.1610	-109.1610	-77.8167	0.7129	76.5181	0.7013	1.7e-04	0.5464
4027	-109.1560	-109.1560	-76.6575	0.7023	77.6718	0.7119	1.7e-04	0.5486
4028	-109.1775	-109.1775	-77.2664	0.7077	77.0900	0.7065	1.7e-04	0.5475
4029	-109.1576	-109.1576	-77.0794	0.7061	77.2555	0.7080	1.7e-04	0.5483
4030	-109.1579	-109.1579	-77.1233	0.7065	77.2132	0.7077	1.7e-04	0.5486
4031	-109.1486	-109.1486	-77.3427	0.7086	76.9869	0.7056	1.7e-04	0.5481
4032	-109.1633	-109.1633	-77.1539	0.7068	77.1938	0.7073	1.7e-04	0.5491
4033	-109.1437	-109.1437	-77.1732	0.7071	77.1518	0.7071	1.7e-04	0.5462
4034	-109.1628	-109.1628	-76.6156	0.7018	77.7187	0.7123	1.7e-04	0.5469
4035	-109.1688	-109.1688	-76.8045	0.7035	77.5282	0.7105	1.7e-04	0.5463
4036	-109.1638	-109.1638	-76.9321	0.7047	77.4092	0.7095	1.7e-04	0.5475
4037	-109.1648	-109.1648	-78.0818	0.7153	76.2405	0.6987	1.7e-04	0.5465
4038	-109.1415	-109.1415	-78.2344	0.7168	76.0667	0.6972	1.7e-04	0.5475
4039	-109.1552	-109.1552	-77.4907	0.7099	76.8356	0.7042	1.7e-04	0.5495
4040	-109.1474	-109.1474	-76.3517	0.6995	77.9590	0.7146	1.7e-04	0.5477
4041	-109.1733	-109.1733	-77.7880	0.7125	76.5528	0.7016	1.7e-04	0.5468
4042	-109.1561	-109.1561	-77.3898	0.7090	76.9256	0.7052	1.7e-04	0.5508
4043	-109.1630	-109.1630	-77.1501	0.7067	77.1953	0.7074	1.7e-04	0.5475
4044	-109.1542	-109.1542	-78.1868	0.7163	76.1289	0.6978	1.7e-04	0.5479
4045	-109.1518	-109.1518	-77.4350	0.7094	76.8914	0.7047	1.7e-04	0.5462
4046	-109.1708	-109.1708	-77.2734	0.7078	77.0720	0.7064	1.7e-04	0.5484
4047	-109.1586	-109.1586	-77.7175	0.7120	76.6041	0.7021	1.7e-04	0.5470
4048	-109.1678	-109.1678	-76.4820	0.7006	77.8593	0.7136	1.7e-04	0.5480
4049	-109.1613	-109.1613	-77.1222	0.7065	77.2242	0.7077	1.7e-04	0.5484
4050	-109.1557	-109.1557	-77.9674	0.7143	76.3521	0.6999	1.7e-04	0.5486
4051	-109.1620	-109.1620	-77.8824	0.7135	76.4563	0.7007	1.7e-04	0.5498
4052	-109.1786	-109.1786	-77.5504	0.7103	76.8089	0.7039	1.7e-04	0.5502
4053	-109.1683	-109.1683	-77.0497	0.7058	77.3058	0.7083	1.7e-04	0.5468
4054	-109.1344	-109.1344	-76.5648	0.7016	77.7180	0.7124	1.7e-04	0.5484
4055	-109.1690	-109.1690	-77.7135	0.7119	76.5896	0.7020	1.7e-04	0.5481
4056	-109.1452	-109.1452	-76.5367	0.7012	77.7752	0.7129	1.7e-04	0.5494
4057	-109.1754	-109.1754	-77.1919	0.7070	77.1712	0.7072	1.7e-04	0.5472
4058	-109.1587	-109.1587	-77.5222	0.7102	76.8115	0.7040	1.7e-04	0.5481
4059	-109.1576	-109.1576	-77.2934	0.7081	77.0499	0.7061	1.7e-04	0.5474
4060	-109.1441	-109.1441	-76.7215	0.7029	77.5859	0.7111	1.7e-04	0.5484
4061	-109.1547	-109.1547	-76.6250	0.7020	77.6999	0.7121	1.7e-04	0.5466
4062	-109.1516	-109.1516	-77.5722	0.7107	76.7463	0.7034	1.7e-04	0.5479
4063	-109.1640	-109.1640	-77.0407	0.7057	77.3073	0.7085	1.7e-04	0.5763
4064	-109.1549	-109.1549	-76.3692	0.6996	77.9440	0.7144	1.7e-04	0.5485
4065	-109.1573	-109.1573	-76.7632	0.7032	77.5738	0.7109	1.7e-04	0.5461
4066	-109.1840	-109.1840	-77.0126	0.7053	77.3538	0.7089	1.7e-04	0.5478
4067	-109.1448	-109.1448	-76.9909	0.7054	77.3382	0.7088	1.7e-04	0.5829
4068	-109.1781	-109.1781	-76.0654	0.6967	78.2762	0.7173	1.7e-04	0.5465
4069	-109.1398	-109.1398	-77.0920	0.7064	77.2174	0.7078	1.7e-04	0.5452
4070	-109.1688	-109.1688	-77.5821	0.7107	76.7590	0.7035	1.7e-04	0.5471
4071	-109.1551	-109.1551	-77.5147	0.7101	76.8095	0.7040	1.7e-04	0.5459
4072	-109.1510	-109.1510	-77.6690	0.7116	76.6519	0.7025	1.7e-04	0.5476
4073	-109.1657	-109.1657	-77.7009	0.7118	76.6377	0.7023	1.7e-04	0.5472
4074	-109.1824	-109.1824	-78.4159	0.7182	75.9043	0.6955	1.7e-04	0.5825
4075	-109.1491	-109.1491	-78.3615	0.7179	75.9458	0.6961	1.7e-04	0.5491
4076	-109.1404	-109.1404	-78.1146	0.7157	76.1739	0.6983	1.7e-04	0.5472
4077	-109.1693	-109.1693	-78.1150	0.7155	76.2201	0.6985	1.7e-04	0.5469
4078	-109.1770	-109.1770	-77.2346	0.7074	77.1203	0.7067	1.7e-04	0.5497
4079	-109.1545	-109.1545	-78.7385	0.7213	75.5543	0.6925	1.7e-04	0.5486
4080	-109.1486	-109.1486	-77.3140	0.7083	77.0011	0.7058	1.7e-04	0.5489
4081	-109.1668	-109.1668	-77.7454	0.7122	76.5889	0.7019	1.7e-04	0.5480
4082	-109.1667	-109.1667	-77.7317	0.7120	76.6039	0.7021	1.7e-04	0.5497
4083	-109.1611	-109.1611	-78.3891	0.7181	75.9411	0.6959	1.7e-04	0.5485
4084	-109.1539	-109.1539	-77.7881	0.7126	76.5043	0.7011	1.7e-04	0.5514
4085	-109.1413	-109.1413	-78.0452	0.7151	76.2515	0.6989	1.7e-04	0.5493
4086	-109.1709	-109.1709	-78.2719	0.7170	76.0618	0.6971	1.7e-04	0.5496
4087	-109.1494	-109.1494	-77.8541	0.7133	76.4678	0.7009	1.7e-04	0.5484
4088	-109.1617	-109.1617	-77.2642	0.7078	77.0659	0.7063	1.7e-04	0.5503
4089	-109.1621	-109.1621	-77.9688	0.7142	76.3736	0.6999	1.7e-04	0.5475
4090	-109.1629	-109.1629	-78.9288	0.7230	75.3737	0.6908	1.6e-04	0.5481
4091	-109.1416	-109.1416	-77.1656	0.7070	77.1514	0.7072	1.6e-04	0.5493
4092	-109.1409	-109.1409	-76.5950	0.7018	77.7211	0.7124	1.6e-04	0.5476
4093	-109.1612	-109.1612	-78.7554	0.7215	75.5534	0.6925	1.6e-04	0.5500
4094	-109.1602	-109.1602	-78.2164	0.7165	76.1156	0.6975	1.6e-04	0.5467
4095	-109.1595	-109.1595	-77.0508	0.7059	77.2908	0.7084	1.6e-04	0.5468
4096	-109.1555	-109.1555	-78.7295	0.7213	75.5494	0.6925	1.6e-04	0.5473
4097	-109.1563	-109.1563	-77.2296	0.7075	77.0879	0.7065	1.6e-04	0.5474
4098	-109.1714	-109.1714	-77.2744	0.7078	77.0793	0.7064	1.6e-04	0.5492
4099	-109.1679	-109.1679	-77.6362	0.7112	76.6915	0.7029	1.6e-04	0.5476
4100	-109.1889	-109.1889	-77.5217	0.7100	76.8455	0.7042	1.6e-04	0.5492
4101	-109.1601	-109.1601	-78.0424	0.7149	76.2907	0.6991	1.6e-04	0.5453
4102	-109.1614	-109.1614	-78.3333	0.7176	75.9800	0.6964	1.6e-04	0.5477
4103	-109.1644	-109.1644	-78.0128	0.7146	76.3211	0.6995	1.6e-04	0.5490
4104	-109.1652	-109.1652	-78.7037	0.7210	75.6028	0.6929	1.6e-04	0.5474
4105	-109.1787	-109.1787	-78.0996	0.7153	76.2485	0.6987	1.6e-04	0.5476
4106	-109.1818	-109.1818	-78.1014	0.7153	76.2369	0.6986	1.6e-04	0.5479
4107	-109.1600	-109.1600	-78.6248	0.7203	75.6875	0.6937	1.6e-04	0.5475
4108	-109.1666	-109.1666	-77.9011	0.7136	76.4284	0.7005	1.6e-04	0.5459
4109	-109.1530	-109.1530	-76.9426	0.7049	77.3703	0.7092	1.6e-04	0.5479
4110	-109.1691	-109.1691	-78.2071	0.7164	76.1237	0.6977	1.6e-04	0.5473
4111	-109.1509	-109.1509	-78.4100	0.7184	75.8989	0.6957	1.6e-04	0.5488
4112	-109.1779	-109.1779	-78.5307	0.7193	75.8051	0.6946	1.6e-04	0.5491
4113	-109.1548	-109.1548	-78.9810	0.7236	75.2962	0.6901	1.6e-04	0.5476
4114	-109.1638	-109.1638	-78.0020	0.7145	76.3181	0.6995	1.6e-04	0.5471
4115	-109.1644	-109.1644	-77.6668	0.7115	76.6809	0.7027	1.6e-04	0.5479
4116	-109.1679	-109.1679	-77.9810	0.7143	76.3594	0.6998	1.6e-04	0.5458
4117	-109.1687	-109.1687	-78.5062	0.7191	75.8129	0.6948	1.6e-04	0.5485
4118	-109.1732	-109.1732	-78.0715	0.7151	76.2669	0.6990	1.6e-04	0.5495
4119	-109.1568	-109.1568	-78.0684	0.7152	76.2655	0.6989	1.6e-04	0.5462
4120	-109.1762	-109.1762	-78.1640	0.7159	76.1905	0.6982	1.6e-04	0.5502
4121	-109.1518	-109.1518	-78.4004	0.7183	75.9053	0.6957	1.6e-04	0.5485
4122	-109.1707	-109.1707	-78.6818	0.7207	75.6322	0.6932	1.6e-04	0.5498
4123	-109.1775	-109.1775	-77.8948	0.7135	76.4568	0.7006	1.6e-04	0.5479
4124	-109.1679	-109.1679	-79.0231	0.7239	75.2756	0.6899	1.6e-04	0.5493
4125	-109.1594	-109.1594	-78.5841	0.7199	75.7183	0.6941	1.6e-04	0.5485
4126	-109.1549	-109.1549	-78.3620	0.7179	75.9613	0.6961	1.6e-04	0.5495
4127	-109.1618	-109.1618	-78.2066	0.7164	76.1198	0.6976	1.6e-04	0.5480
4128	-109.1576	-109.1576	-78.3818	0.7181	75.9348	0.6960	1.6e-04	0.5504
4129	-109.1611	-109.1611	-78.7322	0.7212	75.5775	0.6927	1.6e-04	0.5474
4130	-109.1668	-109.1668	-77.8730	0.7133	76.4675	0.7008	1.6e-04	0.5493
4131	-109.1543	-109.1543	-78.7811	0.7217	75.4994	0.6921	1.6e-04	0.5471
4132	-109.1736	-109.1736	-78.8305	0.7221	75.4807	0.6917	1.6e-04	0.5481
4133	-109.1622	-109.1622	-78.4622	0.7188	75.8425	0.6952	1.6e-04	0.5472
4134	-109.1513	-109.1513	-77.9738	0.7144	76.3380	0.6998	1.6e-04	0.5488
4135	-109.1672	-109.1672	-78.6635	0.7206	75.6429	0.6933	1.6e-04	0.5497
4136	-109.1567	-109.1567	-78.0065	0.7146	76.2651	0.6990	1.6e-04	0.5518
4137	-109.1554	-109.1554	-78.2700	0.7171	76.0534	0.6970	1.6e-04	0.5576
4138	-109.1663	-109.1663	-77.9443	0.7140	76.3673	0.7001	1.6e-04	0.5490
4139	-109.1463	-109.1463	-78.4798	0.7190	75.8190	0.6950	1.6e-04	0.5485
4140	-109.1557	-109.1557	-78.7068	0.7211	75.5934	0.6929	1.6e-04	0.5477
4141	-109.1550	-109.1550	-77.2989	0.7082	77.0235	0.7060	1.6e-04	0.5480
4142	-109.1585	-109.1585	-77.2312	0.7075	77.0956	0.7067	1.6e-04	0.5482
4143	-109.1553	-109.1553	-77.8870	0.7135	76.4462	0.7006	1.6e-04	0.5496
4144	-109.1590	-109.1590	-79.1476	0.7251	75.1322	0.6885	1.6e-04	0.5764
4145	-109.1590	-109.1590	-78.2589	0.7169	76.0518	0.6970	1.6e-04	0.5478
4146	-109.1703	-109.1703	-77.9502	0.7140	76.3990	0.7001	1.6e-04	0.5492
4147	-109.1724	-109.1724	-77.3154	0.7082	77.0278	0.7060	1.6e-04	0.5482
4148	-109.1491	-109.1491	-77.2332	0.7076	77.0933	0.7066	1.6e-04	0.5655
4149	-109.1724	-109.1724	-77.7065	0.7118	76.6357	0.7024	1.6e-04	0.5493
4150	-109.1598	-109.1598	-76.8742	0.7042	77.4561	0.7100	1.6e-04	0.5482
4151	-109.1734	-109.1734	-77.5955	0.7108	76.7551	0.7034	1.6e-04	0.5485
4152	-109.1567	-109.1567	-77.8510	0.7132	76.4821	0.7009	1.6e-04	0.5485
4153	-109.1648	-109.1648	-77.8646	0.7133	76.4635	0.7008	1.6e-04	0.5494
4154	-109.1673	-109.1673	-77.4897	0.7098	76.8512	0.7043	1.6e-04	0.5483
4155	-109.1707	-109.1707	-77.8596	0.7132	76.4763	0.7009	1.6e-04	0.5484
4156	-109.1699	-109.1699	-77.6863	0.7116	76.6499	0.7025	1.6e-04	0.5474
4157	-109.1575	-109.1575	-77.5785	0.7107	76.7625	0.7035	1.6e-04	0.5468
4158	-109.1533	-109.1533	-78.2288	0.7167	76.0883	0.6974	1.6e-04	0.5457
4159	-109.1593	-109.1593	-78.7681	0.7216	75.5384	0.6923	1.6e-04	0.5474
4160	-109.1475	-109.1475	-77.8551	0.7133	76.4505	0.7007	1.6e-04	0.5470
4161	-109.1403	-109.1403	-77.9375	0.7141	76.3713	0.7000	1.6e-04	0.5498
4162	-109.1644	-109.1644	-78.1101	0.7155	76.2135	0.6985	1.6e-04	0.5478
4163	-109.1472	-109.1472	-77.4463	0.7096	76.8728	0.7046	1.6e-04	0.5485
4164	-109.1482	-109.1482	-78.4594	0.7188	75.8421	0.6952	1.6e-04	0.5474
4165	-109.1477	-109.1477	-76.2409	0.6985	78.0667	0.7156	1.6e-04	0.5486
4166	-109.1500	-109.1500	-77.5056	0.7101	76.8095	0.7040	1.6e-04	0.5466
4167	-109.1645	-109.1645	-78.2598	0.7169	76.0571	0.6972	1.6e-04	0.5489
4168	-109.1890	-109.1890	-78.3484	0.7175	75.9830	0.6963	1.6e-04	0.5477
4169	-109.1674	-109.1674	-77.1019	0.7063	77.2461	0.7079	1.6e-04	0.5483
4170	-109.1704	-109.1704	-76.6821	0.7024	77.6458	0.7116	1.6e-04	0.5477
4171	-109.1566	-109.1566	-77.3922	0.7090	76.9462	0.7052	1.6e-04	0.5487
4172	-109.1569	-109.1569	-77.2290	0.7075	77.1080	0.7067	1.6e-04	0.5467
4173	-109.1623	-109.1623	-77.1418	0.7067	77.1974	0.7075	1.6e-04	0.5481
4174	-109.1617	-109.1617	-76.6122	0.7018	77.7018	0.7123	1.6e-04	0.5479
4175	-109.1397	-109.1397	-76.8704	0.7043	77.4273	0.7097	1.6e-04	0.5497
4176	-109.1595	-109.1595	-77.3653	0.7087	76.9601	0.7054	1.6e-04	0.5465
4177	-109.1480	-109.1480	-77.5348	0.7104	76.7752	0.7037	1.6e-04	0.5503
4178	-109.1464	-109.1464	-77.7797	0.7126	76.4658	0.7009	1.6e-04	0.5462
4179	-109.1506	-109.1506	-76.2868	0.6989	78.0313	0.7152	1.6e-04	0.5468
4180	-109.1580	-109.1580	-76.7629	0.7032	77.5788	0.7110	1.6e-04	0.5488
4181	-109.1595	-109.1595	-77.8855	0.7135	76.4469	0.7006	1.6e-04	0.5464
4182	-109.1684	-109.1684	-76.4263	0.7001	77.9093	0.7140	1.6e-04	0.5479
4183	-109.1733	-109.1733	-76.8419	0.7039	77.5080	0.7103	1.6e-04	0.5475
4184	-109.1745	-109.1745	-76.9990	0.7053	77.3500	0.7089	1.6e-04	0.5475
4185	-109.1532	-109.1532	-76.3274	0.6993	77.9851	0.7147	1.6e-04	0.5484
4186	-109.1575	-109.1575	-77.1201	0.7065	77.2146	0.7077	1.6e-04	0.5465
4187	-109.1564	-109.1564	-77.6489	0.7114	76.6871	0.7028	1.6e-04	0.5468
4188	-109.1595	-109.1595	-75.7827	0.6942	78.5338	0.7197	1.6e-04	0.5471
4189	-109.1612	-109.1612	-77.1562	0.7068	77.1754	0.7074	1.6e-04	0.5496
4190	-109.1443	-109.1443	-76.5738	0.7016	77.7121	0.7124	1.6e-04	0.5458
4191	-109.1410	-109.1410	-76.9625	0.7052	77.3505	0.7089	1.6e-04	0.5458
4192	-109.1311	-109.1311	-75.9236	0.6957	78.3714	0.7183	1.6e-04	0.5474
4193	-109.1643	-109.1643	-76.8733	0.7042	77.4513	0.7099	1.6e-04	0.5466
4194	-109.1703	-109.1703	-77.5494	0.7104	76.8119	0.7038	1.6e-04	0.5516
4195	-109.1762	-109.1762	-76.6129	0.7017	77.7170	0.7123	1.6e-04	0.5458
4196	-109.1584	-109.1585	-75.6332	0.6929	78.6637	0.7210	1.6e-04	0.5482
4197	-109.1553	-109.1553	-77.5891	0.7108	76.7140	0.7032	1.6e-04	0.5465
4198	-109.1537	-109.1537	-76.3033	0.6990	78.0183	0.7151	1.6e-04	0.5473
4199	-109.1582	-109.1582	-76.5779	0.7015	77.7480	0.7126	1.6e-04	0.5481
4200	-109.1596	-109.1596	-77.3970	0.7090	76.9509	0.7052	1.6e-04	0.5461
4201	-109.1604	-109.1604	-76.8963	0.7044	77.4449	0.7097	1.6e-04	0.5454
4202	-109.1833	-109.1833	-76.6184	0.7017	77.7522	0.7124	1.6e-04	0.5476
4203	-109.1563	-109.1563	-77.0397	0.7058	77.2899	0.7084	1.6e-04	0.5494
4204	-109.1437	-109.1437	-77.2684	0.7080	77.0355	0.7061	1.6e-04	0.5472
4205	-109.1421	-109.1421	-76.6637	0.7024	77.6558	0.7117	1.6e-04	0.5477
4206	-109.1582	-109.1582	-76.5198	0.7010	77.8102	0.7132	1.6e-04	0.5471
4207	-109.1511	-109.1511	-76.6480	0.7022	77.6754	0.7119	1.6e-04	0.5484
4208	-109.1543	-109.1543	-77.1433	0.7067	77.1682	0.7073	1.6e-04	0.5479
4209	-109.1530	-109.1530	-77.3657	0.7088	76.9396	0.7052	1.6e-04	0.5489
4210	-109.1504	-109.1504	-77.5180	0.7102	76.7817	0.7040	1.6e-04	0.5463
4211	-109.1636	-109.1636	-77.6033	0.7109	76.7346	0.7032	1.6e-04	0.5486
4212	-109.1809	-109.1809	-76.8702	0.7041	77.4799	0.7101	1.6e-04	0.5481
4213	-109.1645	-109.1645	-77.3971	0.7090	76.9325	0.7051	1.6e-04	0.5469
4214	-109.1497	-109.1497	-77.2684	0.7079	77.0655	0.7062	1.6e-04	0.5471
4215	-109.1745	-109.1745	-76.3975	0.6998	77.9425	0.7143	1.6e-04	0.5469
4216	-109.1473	-109.1473	-77.5232	0.7103	76.7667	0.7037	1.6e-04	0.5480
4217	-109.1737	-109.1737	-76.4247	0.7000	77.9170	0.7140	1.6e-04	0.5485
4218	-109.1749	-109.1749	-77.5225	0.7101	76.8077	0.7039	1.6e-04	0.5478
4219	-109.1365	-109.1365	-76.8918	0.7045	77.4157	0.7097	1.6e-04	0.5472
4220	-109.1558	-109.1558	-77.2174	0.7074	77.1001	0.7067	1.6e-04	0.5471
4221	-109.1689	-109.1689	-77.1884	0.7071	77.1574	0.7072	1.6e-04	0.5478
4222	-109.1477	-109.1477	-76.9903	0.7054	77.2930	0.7084	1.6e-04	0.5462
4223	-109.1405	-109.1405	-78.1603	0.7161	76.1358	0.6979	1.6e-04	0.5458
4224	-109.1536	-109.1536	-77.0349	0.7057	77.2876	0.7084	1.6e-04	0.5476
4225	-109.1546	-109.1546	-77.0796	0.7062	77.2526	0.7080	1.6e-04	0.5472
4226	-109.1666	-109.1666	-76.6844	0.7025	77.6628	0.7117	1.6e-04	0.5456
4227	-109.1723	-109.1723	-76.7020	0.7026	77.6471	0.7116	1.6e-04	0.5488
4228	-109.1615	-109.1615	-77.1377	0.7066	77.1953	0.7075	1.6e-04	0.5477
4229	-109.1640	-109.1640	-76.3123	0.6991	78.0178	0.7150	1.6e-04	0.5501
4230	-109.1713	-109.1713	-77.2008	0.7072	77.1567	0.7070	1.6e-04	0.5473
4231	-109.1646	-109.1646	-76.5164	0.7009	77.8161	0.7132	1.6e-04	0.5471
4232	-109.1617	-109.1617	-76.8943	0.7044	77.4440	0.7097	1.6e-04	0.5467
4233	-109.1713	-109.1713	-76.1419	0.6975	78.1826	0.7165	1.6e-04	0.5486
4234	-109.1355	-109.1355	-76.4242	0.7003	77.8713	0.7138	1.6e-04	0.5472
4235	-109.1818	-109.1818	-76.8231	0.7036	77.5312	0.7105	1.6e-04	0.5485
4236	-109.1696	-109.1696	-76.5253	0.7010	77.8191	0.7132	1.6e-04	0.5489
4237	-109.1566	-109.1566	-76.7669	0.7033	77.5695	0.7109	1.6e-04	0.5469
4238	-109.1728	-109.1728	-76.7782	0.7033	77.5707	0.7109	1.6e-04	0.5451
4239	-109.1716	-109.1716	-76.5646	0.7013	77.7719	0.7128	1.6e-04	0.5469
4240	-109.1654	-109.1654	-77.6089	0.7109	76.7302	0.7033	1.6e-04	0.5487
4241	-109.1526	-109.1526	-77.7695	0.7125	76.5388	0.7016	1.6e-04	0.5478
4242	-109.1501	-109.1501	-77.1132	0.7065	77.2173	0.7077	1.6e-04	0.5488
4243	-109.1677	-109.1677	-76.7376	0.7029	77.5865	0.7111	1.6e-04	0.5456
4244	-109.1651	-109.1651	-76.0525	0.6967	78.2606	0.7173	1.6e-04	0.5480
4245	-109.1594	-109.1594	-76.9691	0.7051	77.3709	0.7091	1.6e-04	0.5462
4246	-109.1481	-109.1481	-76.6206	0.7020	77.7043	0.7122	1.6e-04	0.5486
4247	-109.1477	-109.1477	-75.9753	0.6961	78.3067	0.7178	1.6e-04	0.5470
4248	-109.1465	-109.1465	-76.3161	0.6992	78.0048	0.7149	1.6e-04	0.5481
4249	-109.1606	-109.1606	-76.8856	0.7043	77.4369	0.7097	1.6e-04	0.5467
4250	-109.1704	-109.1705	-76.0811	0.6969	78.2571	0.7171	1.6e-04	0.5464
4251	-109.1684	-109.1684	-76.5392	0.7011	77.8072	0.7130	1.6e-04	0.5494
4252	-109.1393	-109.1393	-77.2098	0.7074	77.1054	0.7068	1.6e-04	0.5475
4253	-109.1533	-109.1533	-76.9305	0.7048	77.3978	0.7093	1.6e-04	0.5466
4254	-109.1658	-109.1659	-76.1879	0.6979	78.1428	0.7161	1.6e-04	0.5482
4255	-109.1502	-109.1502	-76.2438	0.6985	78.0445	0.7153	1.6e-04	0.5480
4256	-109.1622	-109.1622	-76.6517	0.7022	77.6804	0.7120	1.6e-04	0.5471
4257	-109.1770	-109.1770	-76.3455	0.6993	77.9927	0.7147	1.6e-04	0.5484
4258	-109.1675	-109.1675	-75.6618	0.6931	78.6524	0.7209	1.6e-04	0.5483
4259	-109.1516	-109.1517	-75.9341	0.6957	78.3688	0.7183	1.6e-04	0.5477
4260	-109.1729	-109.1730	-75.6103	0.6926	78.7147	0.7213	1.6e-04	0.5470
4261	-109.1710	-109.1710	-75.7077	0.6935	78.6169	0.7205	1.6e-04	0.5454
4262	-109.1598	-109.1598	-76.0140	0.6964	78.3020	0.7177	1.6e-04	0.5469
4263	-109.1552	-109.1552	-75.8208	0.6946	78.4843	0.7194	1.6e-04	0.5497
4264	-109.1455	-109.1455	-76.3919	0.6999	77.9126	0.7141	1.6e-04	0.5474
4265	-109.1382	-109.1382	-76.1133	0.6974	78.1847	0.7166	1.6e-04	0.5499
4266	-109.1572	-109.1572	-76.4510	0.7004	77.8795	0.7138	1.6e-04	0.5480
4267	-109.1422	-109.1422	-76.7047	0.7028	77.5765	0.7110	1.6e-04	0.5474
4268	-109.1595	-109.1595	-76.1618	0.6977	78.1551	0.7163	1.6e-04	0.5462
4269	-109.1638	-109.1639	-75.6563	0.6931	78.6506	0.7209	1.6e-04	0.5491
4270	-109.1406	-109.1406	-76.2541	0.6987	78.0528	0.7154	1.6e-04	0.5473
4271	-109.1700	-109.1701	-75.8925	0.6952	78.4361	0.7188	1.6e-04	0.5485
4272	-109.1642	-109.1642	-76.3096	0.6990	78.0297	0.7151	1.6e-04	0.5483
4273	-109.1584	-109.1584	-76.5823	0.7016	77.7495	0.7126	1.6e-04	0.5486
4274	-109.1585	-109.1585	-76.9150	0.7046	77.4140	0.7095	1.6e-04	0.5459
4275	-109.1638	-109.1638	-76.4870	0.7007	77.8444	0.7134	1.6e-04	0.5467
4276	-109.1578	-109.1578	-76.2430	0.6985	78.0880	0.7156	1.6e-04	0.5485
4277	-109.1632	-109.1632	-76.5654	0.7014	77.7825	0.7128	1.6e-04	0.5458
4278	-109.1541	-109.1541	-75.9651	0.6959	78.3237	0.7178	1.6e-04	0.5483
4279	-109.1656	-109.1656	-76.4300	0.7001	77.9170	0.7140	1.6e-04	0.5468
4280	-109.1459	-109.1459	-75.9615	0.6960	78.3444	0.7180	1.6e-04	0.5477
4281	-109.1431	-109.1432	-75.2874	0.6898	78.9835	0.7240	1.6e-04	0.5463
4282	-109.1504	-109.1504	-76.6732	0.7025	77.6550	0.7117	1.6e-04	0.5477
4283	-109.1624	-109.1624	-75.9986	0.6962	78.3262	0.7178	1.6e-04	0.5491
4284	-109.1610	-109.1610	-77.0838	0.7061	77.2554	0.7081	1.6e-04	0.5471
4285	-109.1429	-109.1429	-77.7581	0.7124	76.5501	0.7017	1.6e-04	0.5479
4286	-109.1828	-109.1828	-76.6793	0.7023	77.6746	0.7118	1.6e-04	0.5462
4287	-109.1627	-109.1627	-77.1544	0.7068	77.1782	0.7074	1.6e-04	0.5472
4288	-109.1556	-109.1556	-77.2249	0.7075	77.1100	0.7067	1.6e-04	0.5489
4289	-109.1386	-109.1386	-77.3402	0.7086	76.9743	0.7056	1.6e-04	0.5468
4290	-109.1457	-109.1457	-76.7235	0.7029	77.6012	0.7112	1.6e-04	0.5488
4291	-109.1393	-109.1393	-76.8821	0.7044	77.4390	0.7098	1.6e-04	0.5485
4292	-109.1729	-109.1729	-76.7964	0.7034	77.5412	0.7107	1.6e-04	0.5471
4293	-109.1765	-109.1765	-76.8456	0.7039	77.5114	0.7103	1.6e-04	0.5486
4294	-109.1459	-109.1459	-76.6689	0.7024	77.6253	0.7115	1.6e-04	0.5470
4295	-109.1491	-109.1491	-76.0714	0.6969	78.2055	0.7167	1.6e-04	0.5471
4296	-109.1642	-109.1642	-77.0905	0.7062	77.2549	0.7080	1.6e-04	0.5459
4297	-109.1844	-109.1844	-75.6917	0.6932	78.6099	0.7204	1.6e-04	0.5454
4298	-109.1243	-109.1243	-77.9656	0.7145	76.3250	0.6996	1.6e-04	0.5490
4299	-109.1581	-109.1581	-77.5756	0.7107	76.7516	0.7034	1.6e-04	0.5490
4300	-109.1719	-109.1719	-76.6495	0.7021	77.7051	0.7121	1.6e-04	0.5485
4301	-109.1479	-109.1479	-77.0052	0.7055	77.3089	0.7086	1.6e-04	0.5449
4302	-109.1669	-109.1669	-76.6698	0.7023	77.6711	0.7119	1.6e-04	0.5491
4303	-109.1553	-109.1553	-76.3816	0.6998	77.9451	0.7144	1.6e-04	0.5472
4304	-109.1648	-109.1648	-75.4859	0.6915	78.8225	0.7223	1.6e-04	0.5489
4305	-109.1680	-109.1680	-76.5354	0.7011	77.8027	0.7130	1.6e-04	0.5461
4306	-109.1684	-109.1684	-76.3385	0.6993	78.0023	0.7148	1.6e-04	0.5480
4307	-109.1714	-109.1715	-76.0285	0.6964	78.2992	0.7175	1.6e-04	0.5465
4308	-109.1557	-109.1557	-76.8248	0.7038	77.4938	0.7103	1.6e-04	0.5489
4309	-109.1660	-109.1660	-76.2133	0.6981	78.0773	0.7156	1.6e-04	0.5463
4310	-109.1700	-109.1700	-76.4514	0.7003	77.8914	0.7138	1.6e-04	0.5490
4311	-109.1544	-109.1544	-76.3298	0.6993	77.9829	0.7147	1.6e-04	0.5464
4312	-109.1686	-109.1686	-77.2618	0.7077	77.0769	0.7064	1.6e-04	0.5481
4313	-109.1722	-109.1722	-76.5555	0.7012	77.7898	0.7129	1.6e-04	0.5466
4314	-109.1482	-109.1482	-76.2736	0.6988	78.0274	0.7152	1.6e-04	0.5484
4315	-109.1429	-109.1429	-76.9068	0.7046	77.4133	0.7095	1.6e-04	0.5466
4316	-109.1655	-109.1655	-76.0741	0.6969	78.2626	0.7172	1.6e-04	0.5480
4317	-109.1706	-109.1706	-76.5566	0.7013	77.7912	0.7129	1.6e-04	0.5464
4318	-109.1725	-109.1725	-77.2704	0.7078	77.0872	0.7064	1.6e-04	0.5489
4319	-109.1826	-109.1826	-76.0012	0.6961	78.3468	0.7179	1.6e-04	0.5470
4320	-109.1792	-109.1792	-76.6835	0.7024	77.6742	0.7118	1.6e-04	0.5465
4321	-109.1776	-109.1776	-77.3606	0.7086	76.9795	0.7054	1.6e-04	0.5473
4322	-109.1445	-109.1445	-76.3238	0.6993	77.9860	0.7148	1.6e-04	0.5463
4323	-109.1621	-109.1621	-76.9197	0.7046	77.4257	0.7096	1.6e-04	0.5488
4324	-109.1616	-109.1616	-76.3981	0.6999	77.9120	0.7141	1.6e-04	0.5463
4325	-109.1695	-109.1695	-76.9429	0.7048	77.4096	0.7094	1.6e-04	0.5479
4326	-109.1838	-109.1838	-77.0874	0.7060	77.2820	0.7082	1.6e-04	0.5483
4327	-109.1359	-109.1359	-77.8063	0.7129	76.5069	0.7012	1.6e-04	0.5635
4328	-109.1455	-109.1455	-77.9432	0.7141	76.3731	0.7000	1.6e-04	0.5472
4329	-109.1500	-109.1500	-77.4754	0.7098	76.8462	0.7044	1.6e-04	0.5483
4330	-109.1672	-109.1672	-77.3796	0.7088	76.9644	0.7054	1.6e-04	0.5756
4331	-109.1630	-109.1630	-77.5826	0.7107	76.7546	0.7034	1.6e-04	0.5475
4332	-109.1690	-109.1690	-77.3583	0.7086	76.9989	0.7056	1.6e-04	0.5486
4333	-109.1487	-109.1487	-77.7379	0.7122	76.5838	0.7019	1.6e-04	0.5475
4334	-109.1591	-109.1591	-78.0931	0.7154	76.2217	0.6986	1.6e-04	0.5476
4335	-109.1599	-109.1599	-77.0411	0.7058	77.2962	0.7084	1.6e-04	0.5475
4336	-109.1686	-109.1686	-77.5214	0.7101	76.8204	0.7041	1.6e-04	0.5506
4337	-109.1696	-109.1696	-77.7837	0.7125	76.5587	0.7016	1.6e-04	0.5472
4338	-109.1363	-109.1363	-77.4691	0.7098	76.8018	0.7040	1.6e-04	0.5465
4339	-109.1583	-109.1583	-77.6476	0.7113	76.6843	0.7028	1.6e-04	0.5779
4340	-109.1702	-109.1702	-77.3039	0.7081	77.0436	0.7061	1.6e-04	0.5496
4341	-109.1567	-109.1567	-77.6397	0.7113	76.6756	0.7027	1.6e-04	0.5472
4342	-109.1647	-109.1647	-78.4868	0.7190	75.8336	0.6949	1.6e-04	0.5499
4343	-109.1651	-109.1651	-79.1994	0.7255	75.0924	0.6881	1.6e-04	0.5473
4344	-109.1578	-109.1578	-77.6796	0.7116	76.6387	0.7024	1.6e-04	0.5486
4345	-109.1520	-109.1520	-77.9282	0.7139	76.3646	0.6999	1.6e-04	0.5473
4346	-109.1726	-109.1726	-77.8188	0.7128	76.5111	0.7012	1.6e-04	0.5490
4347	-109.1682	-109.1682	-78.5204	0.7193	75.8024	0.6947	1.6e-04	0.5485
4348	-109.1635	-109.1635	-77.2481	0.7076	77.0963	0.7066	1.6e-04	0.5486
4349	-109.1588	-109.1588	-76.8951	0.7044	77.4479	0.7098	1.6e-04	0.5475
4350	-109.1579	-109.1579	-77.7400	0.7122	76.5901	0.7020	1.6e-04	0.5463
4351	-109.1658	-109.1658	-77.2348	0.7075	77.1006	0.7065	1.6e-04	0.5480
4352	-109.1602	-109.1602	-78.3047	0.7173	76.0267	0.6967	1.6e-04	0.5470
4353	-109.1573	-109.1573	-78.1111	0.7156	76.2072	0.6985	1.6e-04	0.5487
4354	-109.1600	-109.1600	-77.4476	0.7095	76.8917	0.7047	1.6e-04	0.5492
4355	-109.1581	-109.1581	-78.2515	0.7169	76.0793	0.6972	1.6e-04	0.5473
4356	-109.1808	-109.1808	-78.0117	0.7145	76.3421	0.6996	1.6e-04	0.5485
4357	-109.1743	-109.1743	-77.1460	0.7066	77.1916	0.7074	1.6e-04	0.5469
4358	-109.1505	-109.1505	-78.4917	0.7191	75.7987	0.6948	1.6e-04	0.5474
4359	-109.1666	-109.1666	-77.3001	0.7081	77.0372	0.7061	1.6e-04	0.5498
4360	-109.1385	-109.1385	-77.5265	0.7103	76.7848	0.7038	1.6e-04	0.5473
4361	-109.1687	-109.1687	-78.0522	0.7150	76.2837	0.6992	1.6e-04	0.5489
4362	-109.1490	-109.1490	-78.3613	0.7179	75.9316	0.6960	1.6e-04	0.5466
4363	-109.1536	-109.1536	-77.4965	0.7100	76.8350	0.7042	1.6e-04	0.5467
4364	-109.1531	-109.1531	-77.8756	0.7135	76.4479	0.7007	1.6e-04	0.5501
4365	-109.1498	-109.1498	-77.1811	0.7071	77.1365	0.7070	1.6e-04	0.5489
4366	-109.1615	-109.1615	-77.4573	0.7096	76.8844	0.7046	1.6e-04	0.5483
4367	-109.1794	-109.1794	-78.1076	0.7154	76.2249	0.6985	1.6e-04	0.5476
4368	-109.1381	-109.1381	-77.0784	0.7062	77.2412	0.7080	1.6e-04	0.5483
4369	-109.1697	-109.1697	-77.1323	0.7065	77.2204	0.7077	1.6e-04	0.5500
4370	-109.1661	-109.1661	-77.2919	0.7080	77.0576	0.7062	1.6e-04	0.5474
4371	-109.1505	-109.1505	-76.9768	0.7052	77.3538	0.7090	1.6e-04	0.5479
4372	-109.1662	-109.1663	-76.0737	0.6969	78.2606	0.7172	1.6e-04	0.5489
4373	-109.1378	-109.1378	-77.8241	0.7131	76.4869	0.7011	1.6e-04	0.5472
4374	-109.1383	-109.1383	-77.1169	0.7066	77.1945	0.7076	1.6e-04	0.5490
4375	-109.1636	-109.1636	-76.5027	0.7008	77.8491	0.7133	1.6e-04	0.5471
4376	-109.1700	-109.1700	-76.5827	0.7015	77.7410	0.7123	1.6e-04	0.5483
4377	-109.1663	-109.1663	-76.6970	0.7026	77.6426	0.7116	1.6e-04	0.5474
4378	-109.1414	-109.1414	-77.6503	0.7115	76.6666	0.7027	1.6e-04	0.5488
4379	-109.1668	-109.1668	-76.9235	0.7046	77.4238	0.7096	1.6e-04	0.5484
4380	-109.1539	-109.1539	-78.0166	0.7147	76.2972	0.6994	1.6e-04	0.5494
4381	-109.1682	-109.1682	-77.5134	0.7100	76.8377	0.7042	1.6e-04	0.5471
4382	-109.1723	-109.1723	-78.4111	0.7182	75.9206	0.6958	1.6e-04	0.5487
4383	-109.1669	-109.1669	-76.5326	0.7011	77.8136	0.7131	1.6e-04	0.5475
4384	-109.1741	-109.1741	-76.8335	0.7038	77.5155	0.7103	1.6e-04	0.5479
4385	-109.1547	-109.1547	-77.3049	0.7082	77.0327	0.7059	1.6e-04	0.5493
4386	-109.1444	-109.1444	-77.0078	0.7056	77.2935	0.7085	1.6e-04	0.5481
4387	-109.1519	-109.1519	-77.1415	0.7067	77.1913	0.7075	1.6e-04	0.5475
4388	-109.1562	-109.1562	-77.0667	0.7060	77.2609	0.7081	1.6e-04	0.5485
4389	-109.1634	-109.1634	-77.5090	0.7100	76.8088	0.7040	1.6e-04	0.5480
4390	-109.1493	-109.1493	-77.2612	0.7078	77.0672	0.7064	1.6e-04	0.5475
4391	-109.1619	-109.1619	-76.5334	0.7011	77.8030	0.7130	1.6e-04	0.5489
4392	-109.1595	-109.1595	-76.4174	0.7001	77.9210	0.7141	1.6e-04	0.5470
4393	-109.1594	-109.1594	-77.2840	0.7080	77.0146	0.7058	1.6e-04	0.5492
4394	-109.1426	-109.1426	-77.5718	0.7107	76.7429	0.7034	1.6e-04	0.5473
4395	-109.1485	-109.1485	-77.2274	0.7075	77.1020	0.7067	1.6e-04	0.5467
4396	-109.1553	-109.1553	-76.4807	0.7007	77.8593	0.7135	1.6e-04	0.5505
4397	-109.1533	-109.1533	-77.4930	0.7099	76.8340	0.7042	1.6e-04	0.5486
4398	-109.1644	-109.1644	-78.2153	0.7165	76.1058	0.6976	1.6e-04	0.5483
4399	-109.1490	-109.1490	-76.8506	0.7041	77.4443	0.7099	1.6e-04	0.5469
4400	-109.1565	-109.1565	-77.2256	0.7075	77.0946	0.7067	1.6e-04	0.5491
4401	-109.1565	-109.1565	-78.3091	0.7174	75.9980	0.6966	1.6e-04	0.5460
4402	-109.1578	-109.1578	-76.5220	0.7010	77.8101	0.7131	1.6e-04	0.5499
4403	-109.1659	-109.1659	-76.6420	0.7021	77.6933	0.7121	1.6e-04	0.5502
4404	-109.1614	-109.1615	-75.6452	0.6930	78.6638	0.7210	1.6e-04	0.5477
4405	-109.1726	-109.1726	-76.7978	0.7035	77.5538	0.7107	1.6e-04	0.5476
4406	-109.1515	-109.1515	-76.4747	0.7006	77.8492	0.7135	1.6e-04	0.5480
4407	-109.1552	-109.1553	-76.1961	0.6981	78.1284	0.7160	1.6e-04	0.5477
4408	-109.1563	-109.1563	-76.6964	0.7026	77.6174	0.7114	1.6e-04	0.5500
4409	-109.1682	-109.1682	-76.8546	0.7040	77.4970	0.7102	1.6e-04	0.5487
4410	-109.1639	-109.1639	-77.4693	0.7097	76.8587	0.7043	1.6e-04	0.5469
4411	-109.1559	-109.1559	-76.6517	0.7022	77.6711	0.7119	1.6e-04	0.5493
4412	-109.1459	-109.1459	-76.1390	0.6976	78.1562	0.7164	1.6e-04	0.5464
4413	-109.1541	-109.1541	-76.2285	0.6984	78.1009	0.7157	1.6e-04	0.5481
4414	-109.1499	-109.1499	-76.4185	0.7001	77.9019	0.7140	1.6e-04	0.5490
4415	-109.1520	-109.1520	-75.7980	0.6944	78.4975	0.7194	1.6e-04	0.5500
4416	-109.1710	-109.1710	-76.6436	0.7021	77.6973	0.7119	1.6e-04	0.5472
4417	-109.1464	-109.1464	-76.2490	0.6986	78.0714	0.7155	1.6e-04	0.5478
4418	-109.1663	-109.1663	-76.9212	0.7046	77.4215	0.7095	1.6e-04	0.5479
4419	-109.1628	-109.1628	-76.9188	0.7046	77.4166	0.7095	1.6e-04	0.5492
4420	-109.1609	-109.1609	-77.3431	0.7085	76.9992	0.7057	1.6e-04	0.5468
4421	-109.1418	-109.1418	-76.8251	0.7039	77.5030	0.7103	1.6e-04	0.5486
4422	-109.1569	-109.1569	-76.5358	0.7012	77.7866	0.7130	1.6e-04	0.5475
4423	-109.1608	-109.1608	-77.9354	0.7140	76.3915	0.7002	1.6e-04	0.5469
4424	-109.1732	-109.1732	-76.7403	0.7029	77.5994	0.7112	1.6e-04	0.5465
4425	-109.1613	-109.1613	-76.6015	0.7017	77.7375	0.7124	1.6e-04	0.5467
4426	-109.1582	-109.1582	-75.9433	0.6957	78.3807	0.7183	1.6e-04	0.5478
4427	-109.1496	-109.1496	-76.7817	0.7035	77.5449	0.7107	1.6e-04	0.5460
4428	-109.1669	-109.1669	-76.8514	0.7040	77.5012	0.7102	1.6e-04	0.5474
4429	-109.1791	-109.1791	-76.6013	0.7016	77.7460	0.7125	1.6e-04	0.5470
4430	-109.1507	-109.1507	-77.0979	0.7063	77.2324	0.7078	1.6e-04	0.5476
4431	-109.1696	-109.1696	-77.2473	0.7076	77.1102	0.7066	1.6e-04	0.5468
4432	-109.1588	-109.1588	-76.4440	0.7003	77.8820	0.7137	1.6e-04	0.5460
4433	-109.1692	-109.1692	-76.9109	0.7045	77.4384	0.7097	1.6e-04	0.5490
4434	-109.1461	-109.1461	-76.2816	0.6989	78.0316	0.7152	1.6e-04	0.5468
4435	-109.1595	-109.1595	-76.6408	0.7021	77.7016	0.7121	1.6e-04	0.5469
4436	-109.1585	-109.1585	-76.5861	0.7016	77.7450	0.7126	1.6e-04	0.5483
4437	-109.1553	-109.1553	-76.7291	0.7029	77.6018	0.7113	1.6e-04	0.5464
4438	-109.1691	-109.1691	-76.8787	0.7042	77.4640	0.7098	1.6e-04	0.5475
4439	-109.1589	-109.1589	-77.0730	0.7061	77.2584	0.7081	1.6e-04	0.5467
4440	-109.1518	-109.1518	-77.4409	0.7095	76.8997	0.7047	1.6e-04	0.5461
4441	-109.1502	-109.1502	-76.6891	0.7026	77.6351	0.7115	1.6e-04	0.5482
4442	-109.1546	-109.1546	-77.9046	0.7137	76.4271	0.7004	1.6e-04	0.5479
4443	-109.1761	-109.1761	-76.6500	0.7021	77.6885	0.7119	1.6e-04	0.5482
4444	-109.1665	-109.1665	-76.5514	0.7012	77.7797	0.7128	1.6e-04	0.5484
4445	-109.1661	-109.1661	-77.1023	0.7063	77.2181	0.7077	1.6e-04	0.5477
4446	-109.1660	-109.1660	-77.1751	0.7070	77.1495	0.7071	1.6e-04	0.5492
4447	-109.1594	-109.1594	-78.0482	0.7150	76.3014	0.6991	1.6e-04	0.5467
4448	-109.1391	-109.1391	-78.0588	0.7152	76.2464	0.6989	1.6e-04	0.5493
4449	-109.1554	-109.1554	-77.6724	0.7116	76.6195	0.7022	1.6e-04	0.5474
4450	-109.1671	-109.1671	-76.9455	0.7048	77.3924	0.7093	1.6e-04	0.5486
4451	-109.1472	-109.1472	-77.5187	0.7102	76.8099	0.7040	1.6e-04	0.5468
4452	-109.1783	-109.1783	-77.3999	0.7089	76.9396	0.7051	1.6e-04	0.5483
4453	-109.1759	-109.1759	-76.9342	0.7047	77.4268	0.7095	1.6e-04	0.5481
4454	-109.1495	-109.1495	-76.7503	0.7032	77.5827	0.7110	1.6e-04	0.5489
4455	-109.1502	-109.1502	-77.4807	0.7099	76.8444	0.7043	1.6e-04	0.5495
4456	-109.1569	-109.1569	-77.5319	0.7103	76.8143	0.7039	1.6e-04	0.5488
4457	-109.1539	-109.1539	-76.4674	0.7005	77.8688	0.7136	1.6e-04	0.5485
4458	-109.1564	-109.1564	-76.4459	0.7003	77.8728	0.7137	1.6e-04	0.5479
4459	-109.1537	-109.1537	-77.4983	0.7100	76.8354	0.7041	1.6e-04	0.5485
4460	-109.1584	-109.1584	-77.4227	0.7093	76.9036	0.7049	1.6e-04	0.5482
4461	-109.1533	-109.1533	-77.1282	0.7066	77.1921	0.7075	1.6e-04	0.5471
4462	-109.1536	-109.1536	-77.5537	0.7105	76.7818	0.7037	1.6e-04	0.5481
4463	-109.1795	-109.1795	-77.0098	0.7054	77.3499	0.7088	1.6e-04	0.5476
4464	-109.1815	-109.1815	-76.9962	0.7052	77.3745	0.7090	1.6e-04	0.5481
4465	-109.1562	-109.1562	-76.9050	0.7045	77.4325	0.7097	1.6e-04	0.5471
4466	-109.1604	-109.1604	-76.9849	0.7052	77.3566	0.7090	1.6e-04	0.5453
4467	-109.1437	-109.1437	-78.1562	0.7161	76.1590	0.6980	1.6e-04	0.5491
4468	-109.1661	-109.1661	-77.4554	0.7095	76.8653	0.7045	1.6e-04	0.5470
4469	-109.1481	-109.1481	-77.5762	0.7107	76.7364	0.7034	1.6e-04	0.5488
4470	-109.1797	-109.1797	-77.4476	0.7094	76.9077	0.7048	1.6e-04	0.5453
4471	-109.1588	-109.1588	-76.6108	0.7018	77.7192	0.7123	1.6e-04	0.5463
4472	-109.1574	-109.1574	-77.5486	0.7104	76.7874	0.7037	1.6e-04	0.5476
4473	-109.1630	-109.1630	-78.0754	0.7152	76.2788	0.6989	1.6e-04	0.5469
4474	-109.1612	-109.1612	-76.9513	0.7049	77.3819	0.7093	1.6e-04	0.5497
4475	-109.1562	-109.1562	-77.4111	0.7092	76.9270	0.7050	1.6e-04	0.5480
4476	-109.1484	-109.1484	-77.5101	0.7101	76.8133	0.7040	1.6e-04	0.5479
4477	-109.1589	-109.1589	-77.6085	0.7110	76.7160	0.7032	1.6e-04	0.5502
4478	-109.1488	-109.1488	-77.3354	0.7085	76.9905	0.7056	1.6e-04	0.5494
4479	-109.1417	-109.1417	-77.6047	0.7110	76.6915	0.7031	1.6e-04	0.5484
4480	-109.1682	-109.1682	-78.0417	0.7149	76.3118	0.6992	1.6e-04	0.5485
4481	-109.1602	-109.1602	-77.5730	0.7106	76.7772	0.7036	1.6e-04	0.5478
4482	-109.1560	-109.1560	-76.3160	0.6991	77.9630	0.7145	1.6e-04	0.5496
4483	-109.1737	-109.1737	-77.9891	0.7144	76.3565	0.6997	1.6e-04	0.5471
4484	-109.1684	-109.1684	-76.9305	0.7047	77.4129	0.7095	1.6e-04	0.5472
4485	-109.1550	-109.1550	-78.0176	0.7147	76.2988	0.6993	1.6e-04	0.5494
4486	-109.1748	-109.1748	-77.4495	0.7094	76.8894	0.7045	1.6e-04	0.5485
4487	-109.1558	-109.1558	-77.2728	0.7079	77.0541	0.7062	1.6e-04	0.5492
4488	-109.1552	-109.1552	-77.0293	0.7057	77.2564	0.7082	1.6e-04	0.5471
4489	-109.1768	-109.1768	-78.3896	0.7180	75.9341	0.6959	1.6e-04	0.5496
4490	-109.1751	-109.1751	-77.7312	0.7120	76.6267	0.7022	1.6e-04	0.5470
4491	-109.1444	-109.1444	-77.8118	0.7129	76.5072	0.7012	1.6e-04	0.5493
4492	-109.1494	-109.1494	-76.6086	0.7019	77.7094	0.7123	1.6e-04	0.5478
4493	-109.1630	-109.1630	-77.0209	0.7056	77.3092	0.7086	1.6e-04	0.5497
4494	-109.1517	-109.1517	-77.0355	0.7058	77.3006	0.7084	1.6e-04	0.5465
4495	-109.1533	-109.1533	-77.1288	0.7066	77.2079	0.7076	1.6e-04	0.5474
4496	-109.1694	-109.1694	-76.7980	0.7035	77.5378	0.7106	1.6e-04	0.5474
4497	-109.1680	-109.1680	-76.9617	0.7050	77.3869	0.7092	1.6e-04	0.5474
4498	-109.1720	-109.1720	-78.0390	0.7148	76.3068	0.6993	1.6e-04	0.5490
4499	-109.1606	-109.1606	-77.7216	0.7120	76.6209	0.7021	1.6e-04	0.5470
4500	-109.1459	-109.1459	-77.1547	0.7069	77.1849	0.7073	1.6e-04	0.5479
4501	-109.1721	-109.1721	-75.9466	0.6957	78.3779	0.7183	1.6e-04	0.5449
4502	-109.1597	-109.1597	-77.1771	0.7070	77.1594	0.7072	1.6e-04	0.5470
4503	-109.1643	-109.1643	-77.3001	0.7081	77.0500	0.7061	1.6e-04	0.5488
4504	-109.1639	-109.1639	-77.3727	0.7088	76.9699	0.7054	1.6e-04	0.5465
4505	-109.1513	-109.1513	-77.6652	0.7115	76.6706	0.7026	1.6e-04	0.5498
4506	-109.1674	-109.1674	-77.3337	0.7084	77.0190	0.7058	1.6e-04	0.5469
4507	-109.1355	-109.1355	-77.1665	0.7071	77.1490	0.7071	1.6e-04	0.5475
4508	-109.1663	-109.1663	-77.6961	0.7117	76.6448	0.7024	1.6e-04	0.5474
4509	-109.1379	-109.1379	-78.2873	0.7173	75.9985	0.6966	1.6e-04	0.5469
4510	-109.1622	-109.1622	-76.6944	0.7026	77.6386	0.7116	1.6e-04	0.5496
4511	-109.1503	-109.1503	-78.3063	0.7174	76.0061	0.6966	1.6e-04	0.5486
4512	-109.1692	-109.1692	-77.4314	0.7093	76.9156	0.7049	1.6e-04	0.5469
4513	-109.1749	-109.1749	-77.6086	0.7109	76.7493	0.7033	1.6e-04	0.5468
4514	-109.1609	-109.1609	-76.8207	0.7037	77.5288	0.7104	1.6e-04	0.5471
4515	-109.1538	-109.1538	-77.8909	0.7136	76.4336	0.7006	1.6e-04	0.5471
4516	-109.1503	-109.1503	-76.9821	0.7053	77.3456	0.7088	1.6e-04	0.5455
4517	-109.1658	-109.1658	-77.2717	0.7078	77.0758	0.7064	1.6e-04	0.5464
4518	-109.1743	-109.1743	-77.4381	0.7093	76.8875	0.7046	1.6e-04	0.5464
4519	-109.1516	-109.1516	-77.3773	0.7089	76.9629	0.7053	1.6e-04	0.5489
4520	-109.1480	-109.1480	-76.1358	0.6975	78.1687	0.7164	1.6e-04	0.5458
4521	-109.1542	-109.1542	-77.5674	0.7106	76.7667	0.7036	1.6e-04	0.5471
4522	-109.1573	-109.1573	-77.2810	0.7080	77.0637	0.7062	1.6e-04	0.5483
4523	-109.1695	-109.1695	-78.1559	0.7159	76.1698	0.6981	1.6e-04	0.5484
4524	-109.1507	-109.1507	-76.6782	0.7025	77.6413	0.7115	1.6e-04	0.5478
4525	-109.1490	-109.1490	-77.5297	0.7103	76.8052	0.7038	1.6e-04	0.5467
4526	-109.1562	-109.1562	-77.8934	0.7136	76.4372	0.7006	1.6e-04	0.5481
4527	-109.1451	-109.1451	-77.3210	0.7084	76.9959	0.7058	1.6e-04	0.5484
4528	-109.1620	-109.1620	-77.9883	0.7144	76.3415	0.6996	1.6e-04	0.5463
4529	-109.1760	-109.1760	-78.0005	0.7144	76.3147	0.6993	1.6e-04	0.5493
4530	-109.1676	-109.1676	-77.6297	0.7111	76.7226	0.7030	1.6e-04	0.5474
4531	-109.1610	-109.1610	-76.8232	0.7038	77.5188	0.7104	1.6e-04	0.5474
4532	-109.1472	-109.1472	-77.8418	0.7132	76.4706	0.7010	1.6e-04	0.5455
4533	-109.1605	-109.1605	-78.0930	0.7154	76.2308	0.6987	1.6e-04	0.5490
4534	-109.1453	-109.1453	-78.6357	0.7205	75.6576	0.6935	1.6e-04	0.5464
4535	-109.1615	-109.1615	-77.3891	0.7089	76.9352	0.7052	1.6e-04	0.5462
4536	-109.1537	-109.1537	-78.1366	0.7158	76.1758	0.6982	1.6e-04	0.5491
4537	-109.1611	-109.1611	-78.4395	0.7186	75.8878	0.6955	1.6e-04	0.5473
4538	-109.1623	-109.1623	-78.5470	0.7195	75.7728	0.6944	1.6e-04	0.5478
4539	-109.1709	-109.1709	-77.6682	0.7114	76.6819	0.7027	1.6e-04	0.5476
4540	-109.1679	-109.1679	-76.9662	0.7050	77.3878	0.7092	1.6e-04	0.5465
4541	-109.1534	-109.1534	-78.1926	0.7164	76.1220	0.6977	1.6e-04	0.5464
4542	-109.1611	-109.1611	-76.9021	0.7045	77.4179	0.7096	1.6e-04	0.5458
4543	-109.1726	-109.1726	-77.6507	0.7113	76.7021	0.7029	1.6e-04	0.5466
4544	-109.1547	-109.1547	-76.5629	0.7014	77.7742	0.7127	1.6e-04	0.5479
4545	-109.1565	-109.1565	-77.7637	0.7124	76.5709	0.7017	1.6e-04	0.5461
4546	-109.1587	-109.1587	-77.5679	0.7106	76.7706	0.7036	1.6e-04	0.5486
4547	-109.1609	-109.1609	-77.9969	0.7145	76.3239	0.6996	1.6e-04	0.5463
4548	-109.1432	-109.1432	-78.3641	0.7180	75.9149	0.6959	1.6e-04	0.5462
4549	-109.1664	-109.1664	-78.1533	0.7159	76.1892	0.6982	1.6e-04	0.5483
4550	-109.1541	-109.1541	-78.5850	0.7199	75.6860	0.6937	1.6e-04	0.5482
4551	-109.1629	-109.1629	-77.6254	0.7111	76.6729	0.7028	1.6e-04	0.5497
4552	-109.1707	-109.1707	-77.4634	0.7096	76.8942	0.7046	1.6e-04	0.5478
4553	-109.1627	-109.1627	-77.6933	0.7117	76.6450	0.7024	1.6e-04	0.5487
4554	-109.1712	-109.1712	-78.9259	0.7230	75.3779	0.6909	1.6e-04	0.5467
4555	-109.1641	-109.1641	-78.1276	0.7157	76.2125	0.6984	1.6e-04	0.5464
4556	-109.1836	-109.1836	-78.3244	0.7174	76.0130	0.6966	1.6e-04	0.5468
4557	-109.1740	-109.1740	-77.3791	0.7088	76.9666	0.7054	1.6e-04	0.5465
4558	-109.1546	-109.1546	-78.4040	0.7183	75.9004	0.6957	1.6e-04	0.5469
4559	-109.1580	-109.1580	-77.2954	0.7081	77.0421	0.7061	1.6e-04	0.5478
4560	-109.1824	-109.1824	-78.0777	0.7151	76.2796	0.6990	1.6e-04	0.5462
4561	-109.1654	-109.1654	-77.4135	0.7091	76.9372	0.7051	1.6e-04	0.5483
4562	-109.1598	-109.1598	-77.5865	0.7108	76.7407	0.7034	1.6e-04	0.5473
4563	-109.1675	-109.1675	-77.6522	0.7113	76.6829	0.7028	1.6e-04	0.5485
4564	-109.1703	-109.1703	-77.4149	0.7091	76.9499	0.7051	1.6e-04	0.5459
4565	-109.1548	-109.1548	-76.8926	0.7044	77.4363	0.7097	1.6e-04	0.5487
4566	-109.1408	-109.1408	-78.2163	0.7167	76.0888	0.6974	1.6e-04	0.5453
4567	-109.1402	-109.1402	-77.3009	0.7083	77.0098	0.7059	1.6e-04	0.5483
4568	-109.1669	-109.1669	-77.1433	0.7067	77.2044	0.7075	1.6e-04	0.5461
4569	-109.1568	-109.1568	-77.3385	0.7085	77.0074	0.7057	1.6e-04	0.5490
4570	-109.1719	-109.1719	-76.8889	0.7043	77.4652	0.7098	1.6e-04	0.5463
4571	-109.1425	-109.1425	-77.7128	0.7120	76.5999	0.7021	1.6e-04	0.5483
4572	-109.1803	-109.1803	-78.0378	0.7148	76.3066	0.6993	1.6e-04	0.5468
4573	-109.1628	-109.1628	-77.9215	0.7138	76.4029	0.7003	1.6e-04	0.5497
4574	-109.1598	-109.1598	-77.6201	0.7111	76.7160	0.7030	1.6e-04	0.5477
4575	-109.1601	-109.1601	-77.2872	0.7080	77.0538	0.7062	1.6e-04	0.5493
4576	-109.1570	-109.1570	-77.6510	0.7114	76.6876	0.7028	1.6e-04	0.5460
4577	-109.1578	-109.1578	-77.4884	0.7099	76.8503	0.7043	1.6e-04	0.5478
4578	-109.1625	-109.1625	-77.5051	0.7100	76.8350	0.7041	1.6e-04	0.5461
4579	-109.1612	-109.1612	-77.4299	0.7093	76.8912	0.7048	1.6e-04	0.5482
4580	-109.1482	-109.1482	-77.5685	0.7107	76.7352	0.7034	1.6e-04	0.5475
4581	-109.1730	-109.1730	-78.1187	0.7155	76.2301	0.6985	1.6e-04	0.5479
4582	-109.1672	-109.1672	-77.8073	0.7127	76.5223	0.7013	1.6e-04	0.5473
4583	-109.1684	-109.1684	-78.0540	0.7150	76.2747	0.6991	1.6e-04	0.5468
4584	-109.1535	-109.1535	-77.3081	0.7083	77.0247	0.7060	1.6e-04	0.5488
4585	-109.1624	-109.1624	-77.5858	0.7107	76.7408	0.7033	1.6e-04	0.5468
4586	-109.1585	-109.1585	-77.9900	0.7145	76.3354	0.6997	1.6e-04	0.5472
4587	-109.1788	-109.1788	-77.5491	0.7103	76.7896	0.7039	1.6e-04	0.5475
4588	-109.1619	-109.1619	-77.5804	0.7107	76.7378	0.7033	1.6e-04	0.5473
4589	-109.1483	-109.1483	-77.7166	0.7120	76.5976	0.7021	1.6e-04	0.5467
4590	-109.1564	-109.1564	-77.9029	0.7137	76.4268	0.7005	1.6e-04	0.5472
4591	-109.1748	-109.1748	-77.8208	0.7128	76.5241	0.7013	1.6e-04	0.5466
4592	-109.1703	-109.1703	-77.8438	0.7130	76.4803	0.7010	1.6e-04	0.5493
4593	-109.1680	-109.1680	-77.2835	0.7079	77.0680	0.7063	1.6e-04	0.5474
4594	-109.1685	-109.1685	-77.5647	0.7105	76.7881	0.7037	1.6e-04	0.5473
4595	-109.1792	-109.1792	-77.8492	0.7130	76.5039	0.7011	1.6e-04	0.5480
4596	-109.1643	-109.1643	-77.1894	0.7071	77.1687	0.7071	1.6e-04	0.5463
4597	-109.1584	-109.1584	-77.6792	0.7116	76.6418	0.7023	1.6e-04	0.5488
4598	-109.1516	-109.1516	-78.4495	0.7187	75.8257	0.6949	1.6e-04	0.5482
4599	-109.1626	-109.1626	-77.0343	0.7057	77.2578	0.7080	1.6e-04	0.5495
4600	-109.1684	-109.1684	-76.7120	0.7027	77.6134	0.7112	1.6e-04	0.5469
4601	-109.1511	-109.1511	-78.1533	0.7160	76.1736	0.6981	1.6e-04	0.5459
4602	-109.1542	-109.1542	-78.2180	0.7166	76.0682	0.6972	1.6e-04	0.5445
4603	-109.1655	-109.1655	-78.0208	0.7147	76.3078	0.6994	1.6e-04	0.5489
4604	-109.1441	-109.1441	-78.4672	0.7189	75.8389	0.6951	1.6e-04	0.5475
4605	-109.1663	-109.1663	-76.9375	0.7048	77.4106	0.7094	1.6e-04	0.5494
4606	-109.1589	-109.1589	-77.3967	0.7090	76.9288	0.7051	1.6e-04	0.5446
4607	-109.1348	-109.1348	-77.7760	0.7127	76.5071	0.7013	1.6e-04	0.5495
4608	-109.1531	-109.1531	-77.2201	0.7074	77.1090	0.7067	1.6e-04	0.5456
4609	-109.1766	-109.1766	-77.1359	0.7065	77.2112	0.7076	1.6e-04	0.5481
4610	-109.1633	-109.1633	-77.6142	0.7110	76.7348	0.7032	1.6e-04	0.5472
4611	-109.1556	-109.1556	-78.8938	0.7228	75.3981	0.6910	1.6e-04	0.5482
4612	-109.1472	-109.1472	-78.2034	0.7165	76.0971	0.6976	1.6e-04	0.5468
4613	-109.1572	-109.1572	-77.9251	0.7139	76.3949	0.7002	1.6e-04	0.5476
4614	-109.1659	-109.1659	-77.9823	0.7143	76.3465	0.6998	1.6e-04	0.5469
4615	-109.1371	-109.1371	-77.1701	0.7071	77.1418	0.7071	1.6e-04	0.5464
4616	-109.1531	-109.1531	-77.7745	0.7125	76.5364	0.7015	1.6e-04	0.5495
4617	-109.1372	-109.1372	-78.5557	0.7198	75.7380	0.6942	1.6e-04	0.5478
4618	-109.1743	-109.1743	-77.7750	0.7124	76.5735	0.7018	1.6e-04	0.5469
4619	-109.1700	-109.1700	-76.7002	0.7026	77.6303	0.7115	1.6e-04	0.5484
4620	-109.1547	-109.1547	-77.1892	0.7072	77.1344	0.7071	1.6e-04	0.5455
4621	-109.1595	-109.1595	-77.1435	0.7067	77.1926	0.7075	1.6e-04	0.5486
4622	-109.1658	-109.1658	-77.0190	0.7055	77.3270	0.7087	1.6e-04	0.5465
4623	-109.1525	-109.1525	-77.0026	0.7055	77.3281	0.7087	1.6e-04	0.5480
4624	-109.1662	-109.1662	-76.9066	0.7045	77.4204	0.7095	1.6e-04	0.5480
4625	-109.1740	-109.1740	-76.7816	0.7033	77.5651	0.7109	1.6e-04	0.5505
4626	-109.1671	-109.1672	-75.5815	0.6923	78.7304	0.7215	1.6e-04	0.5486
4627	-109.1665	-109.1665	-76.2094	0.6981	78.0933	0.7157	1.6e-04	0.5464
4628	-109.1543	-109.1543	-76.9758	0.7052	77.3585	0.7090	1.6e-04	0.5479
4629	-109.1591	-109.1591	-76.2328	0.6984	78.0998	0.7157	1.6e-04	0.5478
4630	-109.1770	-109.1770	-75.8603	0.6948	78.4820	0.7191	1.6e-04	0.5654
4631	-109.1645	-109.1645	-76.0056	0.6962	78.3182	0.7178	1.6e-04	0.5469
4632	-109.1614	-109.1615	-75.5839	0.6924	78.7120	0.7213	1.6e-04	0.5482
4633	-109.1558	-109.1560	-74.7325	0.6846	79.5149	0.7288	1.6e-04	0.5449
4634	-109.1530	-109.1532	-74.7625	0.6849	79.4885	0.7286	1.6e-04	0.5493
4635	-109.1561	-109.1561	-76.4504	0.7004	77.8743	0.7137	1.6e-04	0.5486
4636	-109.1363	-109.1363	-76.8666	0.7043	77.4367	0.7099	1.6e-04	0.5461
4637	-109.1776	-109.1776	-76.4555	0.7003	77.8938	0.7138	1.6e-04	0.5482
4638	-109.1437	-109.1437	-77.3952	0.7091	76.9265	0.7051	1.6e-04	0.5471
4639	-109.1724	-109.1724	-76.1720	0.6977	78.1648	0.7164	1.6e-04	0.5466
4640	-109.1660	-109.1660	-76.2872	0.6988	78.0419	0.7152	1.6e-04	0.5469
4641	-109.1343	-109.1343	-76.4114	0.7002	77.8818	0.7140	1.6e-04	0.5477
4642	-109.1651	-109.1651	-76.0106	0.6963	78.2817	0.7175	1.6e-04	0.5455
4643	-109.1627	-109.1627	-76.6503	0.7022	77.6796	0.7120	1.6e-04	0.5460
4644	-109.1472	-109.1472	-76.8354	0.7040	77.4811	0.7101	1.6e-04	0.5753
4645	-109.1515	-109.1515	-77.0915	0.7063	77.2122	0.7078	1.6e-04	0.5490
4646	-109.1809	-109.1809	-76.8325	0.7037	77.5244	0.7105	1.6e-04	0.5465
4647	-109.1608	-109.1608	-76.7942	0.7035	77.5552	0.7107	1.6e-04	0.5493
4648	-109.1513	-109.1513	-76.2016	0.6981	78.1000	0.7159	1.6e-04	0.5477
4649	-109.1694	-109.1694	-76.7815	0.7033	77.5629	0.7108	1.6e-04	0.5475
4650	-109.1609	-109.1609	-76.8799	0.7043	77.4575	0.7099	1.6e-04	0.5456
4651	-109.1492	-109.1493	-75.4414	0.6912	78.8253	0.7225	1.6e-04	0.5473
4652	-109.1571	-109.1571	-76.1618	0.6977	78.1580	0.7163	1.6e-04	0.5460
4653	-109.1611	-109.1611	-76.8842	0.7043	77.4569	0.7099	1.6e-04	0.5471
4654	-109.1487	-109.1487	-76.0072	0.6964	78.2801	0.7175	1.6e-04	0.5470
4655	-109.1487	-109.1487	-76.6717	0.7025	77.6515	0.7117	1.6e-04	0.5731
4656	-109.1579	-109.1579	-76.2540	0.6986	78.0477	0.7153	1.6e-04	0.5480
4657	-109.1564	-109.1564	-76.9008	0.7045	77.4109	0.7095	1.6e-04	0.5469
4658	-109.1409	-109.1409	-77.0311	0.7058	77.2881	0.7083	1.6e-04	0.5486
4659	-109.1541	-109.1541	-76.3700	0.6997	77.9527	0.7144	1.6e-04	0.5491
4660	-109.1578	-109.1578	-77.3410	0.7085	76.9888	0.7057	1.6e-04	0.5474
4661	-109.1786	-109.1786	-77.0100	0.7054	77.3362	0.7087	1.6e-04	0.5476
4662	-109.1547	-109.1547	-76.2331	0.6984	78.0898	0.7157	1.6e-04	0.5468
4663	-109.1513	-109.1513	-76.1960	0.6981	78.1021	0.7159	1.6e-04	0.5457
4664	-109.1586	-109.1586	-76.3489	0.6994	77.9744	0.7147	1.6e-04	0.5477
4665	-109.1641	-109.1641	-77.0459	0.7058	77.2709	0.7082	1.6e-04	0.5477
4666	-109.1691	-109.1691	-76.3968	0.6998	77.9284	0.7142	1.6e-04	0.5467
4667	-109.1619	-109.1619	-76.1998	0.6980	78.1340	0.7160	1.6e-04	0.5473
4668	-109.1481	-109.1481	-77.6273	0.7112	76.6868	0.7029	1.6e-04	0.5469
4669	-109.1481	-109.1481	-76.3986	0.7000	77.9043	0.7141	1.6e-04	0.5484
4670	-109.1574	-109.1574	-76.2695	0.6987	78.0588	0.7154	1.6e-04	0.5472
4671	-109.1534	-109.1534	-76.2520	0.6986	78.0694	0.7155	1.6e-04	0.5501
4672	-109.1563	-109.1563	-75.6454	0.6930	78.6582	0.7209	1.6e-04	0.5464
4673	-109.1405	-109.1405	-76.8656	0.7043	77.4430	0.7099	1.6e-04	0.5483
4674	-109.1488	-109.1488	-76.6303	0.7021	77.6790	0.7120	1.6e-04	0.5468
4675	-109.1697	-109.1697	-76.1971	0.6980	78.1398	0.7161	1.6e-04	0.5471
4676	-109.1343	-109.1343	-75.7106	0.6937	78.5815	0.7202	1.6e-04	0.5469
4677	-109.1708	-109.1708	-76.8818	0.7042	77.4705	0.7099	1.5e-04	0.5476
4678	-109.1645	-109.1645	-76.0802	0.6969	78.2544	0.7171	1.5e-04	0.5471
4679	-109.1658	-109.1658	-76.7725	0.7033	77.5565	0.7108	1.5e-04	0.5468
4680	-109.1537	-109.1538	-75.4613	0.6913	78.8405	0.7225	1.5e-04	0.5472
4681	-109.1492	-109.1492	-76.4927	0.7008	77.8186	0.7133	1.5e-04	0.5479
4682	-109.1401	-109.1401	-77.0874	0.7063	77.2188	0.7079	1.5e-04	0.5466
4683	-109.1781	-109.1781	-76.2439	0.6983	78.1162	0.7158	1.5e-04	0.5485
4684	-109.1536	-109.1537	-76.0898	0.6971	78.2230	0.7170	1.5e-04	0.5474
4685	-109.1745	-109.1745	-75.7660	0.6940	78.5585	0.7199	1.5e-04	0.5478
4686	-109.1522	-109.1523	-75.6362	0.6929	78.6793	0.7210	1.5e-04	0.5469
4687	-109.1492	-109.1492	-76.3889	0.6999	77.9279	0.7143	1.5e-04	0.5466
4688	-109.1381	-109.1382	-75.7945	0.6945	78.4842	0.7194	1.5e-04	0.5482
4689	-109.1693	-109.1693	-76.4579	0.7004	77.8737	0.7137	1.5e-04	0.5488
4690	-109.1645	-109.1645	-75.9270	0.6955	78.3681	0.7183	1.5e-04	0.5468
4691	-109.1423	-109.1423	-75.9554	0.6959	78.3314	0.7180	1.5e-04	0.5489
4692	-109.1492	-109.1492	-76.7860	0.7035	77.5275	0.7106	1.5e-04	0.5472
4693	-109.1513	-109.1513	-75.7612	0.6941	78.5342	0.7198	1.5e-04	0.5493
4694	-109.1535	-109.1537	-74.7239	0.6846	79.5231	0.7288	1.5e-04	0.5484
4695	-109.1469	-109.1469	-75.5711	0.6924	78.6961	0.7214	1.5e-04	0.5477
4696	-109.1603	-109.1603	-77.2079	0.7073	77.1259	0.7069	1.5e-04	0.5486
4697	-109.1472	-109.1472	-76.1207	0.6974	78.1871	0.7166	1.5e-04	0.5475
4698	-109.1617	-109.1617	-77.2204	0.7074	77.1152	0.7068	1.5e-04	0.5485
4699	-109.1631	-109.1631	-76.9031	0.7045	77.4364	0.7097	1.5e-04	0.5475
4700	-109.1600	-109.1600	-75.6781	0.6933	78.6330	0.7207	1.5e-04	0.5474
4701	-109.1704	-109.1704	-76.1759	0.6978	78.1493	0.7162	1.5e-04	0.5465
4702	-109.1734	-109.1734	-77.4827	0.7097	76.8766	0.7045	1.5e-04	0.5471
4703	-109.1602	-109.1602	-76.1140	0.6973	78.2064	0.7168	1.5e-04	0.5483
4704	-109.1793	-109.1793	-76.2340	0.6982	78.1189	0.7159	1.5e-04	0.5480
4705	-109.1738	-109.1738	-76.1757	0.6977	78.1502	0.7162	1.5e-04	0.5473
4706	-109.1732	-109.1732	-75.5194	0.6917	78.8011	0.7221	1.5e-04	0.5474
4707	-109.1503	-109.1503	-77.1290	0.7066	77.1923	0.7075	1.5e-04	0.5500
4708	-109.1650	-109.1650	-76.6101	0.7018	77.7347	0.7124	1.5e-04	0.5479
4709	-109.1855	-109.1855	-77.3538	0.7085	77.0093	0.7057	1.5e-04	0.5481
4710	-109.1645	-109.1645	-75.9206	0.6955	78.4004	0.7185	1.5e-04	0.5483
4711	-109.1595	-109.1595	-76.7811	0.7034	77.5471	0.7107	1.5e-04	0.5482
4712	-109.1737	-109.1737	-75.9700	0.6959	78.3566	0.7181	1.5e-04	0.5474
4713	-109.1609	-109.1609	-77.2743	0.7079	77.0577	0.7063	1.5e-04	0.5485
4714	-109.1657	-109.1657	-77.3449	0.7085	76.9822	0.7056	1.5e-04	0.5474
4715	-109.1534	-109.1534	-76.4717	0.7006	77.8558	0.7136	1.5e-04	0.5504
4716	-109.1653	-109.1653	-76.5527	0.7013	77.7998	0.7129	1.5e-04	0.5476
4717	-109.1419	-109.1419	-77.2466	0.7078	77.0654	0.7064	1.5e-04	0.5482
4718	-109.1690	-109.1690	-76.8667	0.7041	77.4855	0.7100	1.5e-04	0.5470
4719	-109.1549	-109.1549	-77.6493	0.7114	76.6886	0.7028	1.5e-04	0.5484
4720	-109.1506	-109.1506	-76.9349	0.7049	77.3974	0.7094	1.5e-04	0.5470
4721	-109.1680	-109.1680	-77.1129	0.7064	77.2340	0.7078	1.5e-04	0.5505
4722	-109.1585	-109.1585	-77.6463	0.7113	76.6840	0.7028	1.5e-04	0.5482
4723	-109.1513	-109.1513	-77.1787	0.7071	77.1433	0.7071	1.5e-04	0.5493
4724	-109.1616	-109.1616	-77.0418	0.7058	77.2746	0.7082	1.5e-04	0.5473
4725	-109.1540	-109.1540	-77.7143	0.7120	76.5784	0.7019	1.5e-04	0.5493
4726	-109.1570	-109.1570	-76.8019	0.7036	77.5293	0.7106	1.5e-04	0.5484
4727	-109.1649	-109.1649	-76.8796	0.7043	77.4532	0.7098	1.5e-04	0.5496
4728	-109.1596	-109.1596	-77.8064	0.7128	76.5298	0.7014	1.5e-04	0.5456
4729	-109.1615	-109.1615	-77.1715	0.7069	77.1626	0.7073	1.5e-04	0.5494
4730	-109.1711	-109.1711	-77.2314	0.7074	77.1177	0.7068	1.5e-04	0.5476
4731	-109.1544	-109.1544	-77.0824	0.7062	77.2429	0.7080	1.5e-04	0.5478
4732	-109.1554	-109.1554	-77.4563	0.7096	76.8784	0.7046	1.5e-04	0.5484
4733	-109.1501	-109.1501	-76.7205	0.7029	77.5767	0.7110	1.5e-04	0.5484
4734	-109.1650	-109.1650	-77.8158	0.7128	76.5251	0.7013	1.5e-04	0.5471
4735	-109.1478	-109.1478	-77.2805	0.7080	77.0230	0.7059	1.5e-04	0.5475
4736	-109.1510	-109.1510	-77.8266	0.7130	76.4919	0.7011	1.5e-04	0.5469
4737	-109.1704	-109.1704	-77.0462	0.7057	77.2960	0.7083	1.5e-04	0.5478
4738	-109.1645	-109.1645	-77.4762	0.7097	76.8705	0.7045	1.5e-04	0.5489
4739	-109.1659	-109.1659	-77.0737	0.7060	77.2723	0.7082	1.5e-04	0.5502
4740	-109.1626	-109.1626	-77.7158	0.7119	76.6268	0.7022	1.5e-04	0.5479
4741	-109.1628	-109.1628	-76.3105	0.6991	78.0261	0.7150	1.5e-04	0.5495
4742	-109.1481	-109.1481	-77.2343	0.7076	77.0752	0.7065	1.5e-04	0.5470
4743	-109.1632	-109.1632	-77.5092	0.7100	76.8388	0.7042	1.5e-04	0.5471
4744	-109.1808	-109.1808	-77.3121	0.7081	77.0575	0.7061	1.5e-04	0.5490
4745	-109.1722	-109.1722	-77.6743	0.7115	76.6826	0.7027	1.5e-04	0.5471
4746	-109.1723	-109.1723	-77.0911	0.7061	77.2376	0.7079	1.5e-04	0.5499
4747	-109.1616	-109.1616	-77.8958	0.7136	76.4281	0.7006	1.5e-04	0.5469
4748	-109.1761	-109.1761	-78.5763	0.7197	75.7309	0.6941	1.5e-04	0.5502
4749	-109.1712	-109.1712	-77.3163	0.7082	77.0275	0.7060	1.5e-04	0.5476
4750	-109.1486	-109.1486	-77.5663	0.7106	76.7442	0.7035	1.5e-04	0.5477
4751	-109.1678	-109.1678	-77.6816	0.7116	76.6655	0.7026	1.5e-04	0.5478
4752	-109.1746	-109.1746	-77.5920	0.7107	76.7725	0.7035	1.5e-04	0.5493
4753	-109.1574	-109.1574	-76.9734	0.7052	77.3601	0.7090	1.5e-04	0.5463
4754	-109.1843	-109.1843	-77.0165	0.7054	77.3382	0.7087	1.5e-04	0.5507
4755	-109.1587	-109.1587	-77.2032	0.7073	77.1394	0.7070	1.5e-04	0.5471
4756	-109.1450	-109.1450	-77.4164	0.7093	76.9037	0.7049	1.5e-04	0.5504
4757	-109.1697	-109.1697	-77.4425	0.7094	76.9056	0.7048	1.5e-04	0.5477
4758	-109.1434	-109.1434	-77.9386	0.7141	76.3777	0.7000	1.5e-04	0.5496
4759	-109.1756	-109.1756	-77.6266	0.7110	76.7385	0.7031	1.5e-04	0.5473
4760	-109.1637	-109.1637	-76.6432	0.7021	77.7039	0.7121	1.5e-04	0.5490
4761	-109.1413	-109.1413	-77.4716	0.7098	76.8449	0.7044	1.5e-04	0.5480
4762	-109.1509	-109.1509	-78.2470	0.7169	76.0481	0.6971	1.5e-04	0.5497
4763	-109.1628	-109.1628	-78.0837	0.7153	76.2381	0.6988	1.5e-04	0.5467
4764	-109.1546	-109.1546	-77.8768	0.7135	76.4546	0.7007	1.5e-04	0.5506
4765	-109.1504	-109.1504	-77.9882	0.7145	76.3285	0.6996	1.5e-04	0.5475
4766	-109.1547	-109.1547	-77.3933	0.7090	76.9400	0.7052	1.5e-04	0.5488
4767	-109.1711	-109.1711	-77.2144	0.7073	77.1301	0.7069	1.5e-04	0.5479
4768	-109.1754	-109.1754	-77.4559	0.7095	76.9047	0.7047	1.5e-04	0.5506
4769	-109.1470	-109.1470	-76.2857	0.6989	78.0191	0.7151	1.5e-04	0.5481
4770	-109.1620	-109.1620	-77.2136	0.7073	77.1289	0.7068	1.5e-04	0.5491
4771	-109.1882	-109.1882	-77.8138	0.7127	76.5545	0.7015	1.5e-04	0.5491
4772	-109.1587	-109.1587	-77.5574	0.7105	76.7795	0.7037	1.5e-04	0.5479
4773	-109.1699	-109.1699	-77.0660	0.7059	77.2632	0.7081	1.5e-04	0.5500
4774	-109.1609	-109.1609	-77.9965	0.7145	76.3074	0.6994	1.5e-04	0.5492
4775	-109.1532	-109.1532	-77.3956	0.7091	76.9193	0.7050	1.5e-04	0.5464
4776	-109.1801	-109.1801	-76.5805	0.7014	77.7769	0.7127	1.5e-04	0.5479
4777	-109.1547	-109.1547	-78.4558	0.7188	75.8526	0.6951	1.5e-04	0.5484
4778	-109.1518	-109.1518	-77.2158	0.7074	77.1080	0.7067	1.5e-04	0.5492
4779	-109.1489	-109.1489	-77.9570	0.7142	76.3228	0.6996	1.5e-04	0.5485
4780	-109.1521	-109.1521	-78.0708	0.7152	76.2513	0.6989	1.5e-04	0.5482
4781	-109.1738	-109.1738	-77.5298	0.7102	76.8050	0.7039	1.5e-04	0.5482
4782	-109.1563	-109.1563	-78.2511	0.7169	76.0683	0.6972	1.5e-04	0.5469
4783	-109.1547	-109.1547	-77.3193	0.7083	76.9804	0.7056	1.5e-04	0.5472
4784	-109.1552	-109.1552	-78.2487	0.7169	76.0695	0.6972	1.5e-04	0.5465
4785	-109.1479	-109.1479	-77.8920	0.7136	76.4249	0.7005	1.5e-04	0.5501
4786	-109.1691	-109.1691	-77.2928	0.7080	77.0621	0.7062	1.5e-04	0.5480
4787	-109.1551	-109.1551	-77.6059	0.7110	76.7237	0.7032	1.5e-04	0.5495
4788	-109.1606	-109.1606	-77.9224	0.7138	76.4053	0.7003	1.5e-04	0.5483
4789	-109.1560	-109.1560	-77.9561	0.7142	76.3772	0.7000	1.5e-04	0.5482
4790	-109.1602	-109.1602	-77.9617	0.7142	76.3770	0.6999	1.5e-04	0.5498
4791	-109.1717	-109.1717	-77.7825	0.7125	76.5759	0.7017	1.5e-04	0.5482
4792	-109.1630	-109.1630	-77.7121	0.7119	76.6256	0.7022	1.5e-04	0.5499
4793	-109.1593	-109.1593	-77.7587	0.7123	76.5731	0.7018	1.5e-04	0.5478
4794	-109.1529	-109.1529	-77.2764	0.7080	77.0397	0.7062	1.5e-04	0.5484
4795	-109.1538	-109.1538	-78.3406	0.7177	75.9697	0.6963	1.5e-04	0.5470
4796	-109.1615	-109.1615	-77.8645	0.7133	76.4875	0.7009	1.5e-04	0.5483
4797	-109.1525	-109.1525	-78.6682	0.7207	75.6362	0.6932	1.5e-04	0.5470
4798	-109.1520	-109.1520	-77.9204	0.7139	76.3589	0.6998	1.5e-04	0.5506
4799	-109.1589	-109.1589	-78.1806	0.7162	76.1566	0.6979	1.5e-04	0.5483
4800	-109.1410	-109.1410	-78.2438	0.7169	76.0485	0.6972	1.5e-04	0.5497
4801	-109.1695	-109.1695	-78.1021	0.7154	76.2275	0.6986	1.5e-04	0.5450
4802	-109.1648	-109.1648	-77.7603	0.7123	76.5708	0.7018	1.5e-04	0.5494
4803	-109.1534	-109.1534	-77.3239	0.7084	77.0073	0.7058	1.5e-04	0.5477
4804	-109.1627	-109.1627	-77.5159	0.7101	76.8202	0.7041	1.5e-04	0.5504
4805	-109.1524	-109.1524	-77.7904	0.7127	76.5129	0.7013	1.5e-04	0.5474
4806	-109.1607	-109.1607	-78.5148	0.7193	75.8040	0.6947	1.5e-04	0.5475
4807	-109.1571	-109.1571	-77.6680	0.7115	76.6643	0.7027	1.5e-04	0.5486
4808	-109.1343	-109.1343	-77.6995	0.7120	76.5648	0.7019	1.5e-04	0.5488
4809	-109.1613	-109.1613	-77.9975	0.7145	76.3202	0.6995	1.5e-04	0.5490
4810	-109.1746	-109.1746	-76.9837	0.7051	77.3690	0.7091	1.5e-04	0.5493
4811	-109.1419	-109.1419	-77.9641	0.7143	76.3133	0.6995	1.5e-04	0.5489
4812	-109.1615	-109.1615	-77.1791	0.7070	77.1693	0.7072	1.5e-04	0.5463
4813	-109.1491	-109.1491	-77.1072	0.7064	77.2035	0.7076	1.5e-04	0.5471
4814	-109.1797	-109.1797	-77.8671	0.7132	76.4844	0.7008	1.5e-04	0.5488
4815	-109.1639	-109.1639	-77.3601	0.7087	76.9798	0.7055	1.5e-04	0.5524
4816	-109.1607	-109.1607	-77.7172	0.7120	76.6081	0.7021	1.5e-04	0.5486
4817	-109.1731	-109.1731	-77.5457	0.7103	76.7995	0.7039	1.5e-04	0.5474
4818	-109.1774	-109.1774	-77.2361	0.7074	77.1202	0.7068	1.5e-04	0.5479
4819	-109.1650	-109.1650	-77.5473	0.7104	76.7899	0.7037	1.5e-04	0.5474
4820	-109.1590	-109.1590	-77.2724	0.7079	77.0634	0.7063	1.5e-04	0.5462
4821	-109.1452	-109.1452	-77.9287	0.7140	76.3885	0.7001	1.5e-04	0.5487
4822	-109.1724	-109.1724	-76.6481	0.7021	77.6875	0.7120	1.5e-04	0.5465
4823	-109.1412	-109.1412	-76.9649	0.7052	77.3589	0.7090	1.5e-04	0.5495
4824	-109.1475	-109.1475	-76.9918	0.7054	77.3306	0.7087	1.5e-04	0.5479
4825	-109.1537	-109.1537	-77.8018	0.7128	76.5215	0.7014	1.5e-04	0.5472
4826	-109.1576	-109.1576	-78.1525	0.7160	76.1597	0.6980	1.5e-04	0.5464
4827	-109.1406	-109.1406	-77.1451	0.7068	77.1324	0.7070	1.5e-04	0.5466
4828	-109.1704	-109.1704	-77.7742	0.7124	76.5764	0.7017	1.5e-04	0.5466
4829	-109.1641	-109.1641	-76.9906	0.7053	77.2533	0.7080	1.5e-04	0.5470
4830	-109.1685	-109.1685	-77.0473	0.7058	77.3028	0.7084	1.5e-04	0.5476
4831	-109.1530	-109.1530	-77.3078	0.7083	77.0229	0.7059	1.5e-04	0.5464
4832	-109.1605	-109.1605	-77.5186	0.7101	76.8108	0.7040	1.5e-04	0.5484
4833	-109.1662	-109.1662	-77.0450	0.7058	77.2852	0.7083	1.5e-04	0.5462
4834	-109.1642	-109.1642	-76.7193	0.7028	77.6175	0.7114	1.5e-04	0.5472
4835	-109.1651	-109.1651	-76.8898	0.7043	77.4450	0.7099	1.5e-04	0.5449
4836	-109.1612	-109.1612	-77.2644	0.7078	77.0736	0.7063	1.5e-04	0.5474
4837	-109.1607	-109.1607	-77.9451	0.7140	76.3829	0.7001	1.5e-04	0.5483
4838	-109.1526	-109.1526	-77.5892	0.7108	76.7331	0.7034	1.5e-04	0.5457
4839	-109.1348	-109.1348	-77.4014	0.7092	76.9120	0.7050	1.5e-04	0.5472
4840	-109.1767	-109.1767	-77.8705	0.7133	76.4788	0.7009	1.5e-04	0.5461
4841	-109.1500	-109.1500	-77.9945	0.7146	76.3229	0.6995	1.5e-04	0.5472
4842	-109.1672	-109.1672	-77.7771	0.7125	76.5691	0.7017	1.5e-04	0.5469
4843	-109.1560	-109.1560	-78.2446	0.7168	76.0594	0.6973	1.5e-04	0.5468
4844	-109.1684	-109.1684	-77.8649	0.7133	76.4678	0.7009	1.5e-04	0.5462
4845	-109.1484	-109.1484	-78.0277	0.7149	76.2929	0.6992	1.5e-04	0.5468
4846	-109.1402	-109.1402	-77.7761	0.7126	76.5295	0.7015	1.5e-04	0.5460
4847	-109.1582	-109.1582	-77.7798	0.7125	76.5446	0.7015	1.5e-04	0.5473
4848	-109.1676	-109.1676	-77.7377	0.7121	76.5861	0.7020	1.5e-04	0.5468
4849	-109.1692	-109.1692	-78.6044	0.7200	75.7256	0.6939	1.5e-04	0.5465
4850	-109.1516	-109.1516	-77.3349	0.7085	76.9871	0.7057	1.5e-04	0.5785
4851	-109.1641	-109.1641	-77.4081	0.7091	76.9221	0.7050	1.5e-04	0.5474
4852	-109.1627	-109.1627	-78.1193	0.7156	76.2134	0.6985	1.5e-04	0.5469
4853	-109.1677	-109.1677	-77.8866	0.7135	76.4505	0.7007	1.5e-04	0.5464
4854	-109.1694	-109.1694	-77.4222	0.7092	76.9221	0.7050	1.5e-04	0.5471
4855	-109.1582	-109.1582	-77.9626	0.7142	76.3753	0.6999	1.5e-04	0.5506
4856	-109.1559	-109.1559	-78.3571	0.7178	75.9560	0.6962	1.5e-04	0.5460
4857	-109.1424	-109.1424	-78.0618	0.7152	76.2470	0.6989	1.5e-04	0.5487
4858	-109.1409	-109.1409	-77.9074	0.7138	76.3811	0.7002	1.5e-04	0.5460
4859	-109.1644	-109.1644	-78.1594	0.7160	76.1503	0.6979	1.5e-04	0.5474
4860	-109.1490	-109.1490	-77.6950	0.7118	76.6142	0.7022	1.5e-04	0.5479
4861	-109.1795	-109.1795	-78.8057	0.7218	75.5164	0.6920	1.5e-04	0.5468
4862	-109.1670	-109.1670	-77.9274	0.7138	76.4180	0.7003	1.5e-04	0.5475
4863	-109.1742	-109.1742	-78.1473	0.7158	76.1969	0.6983	1.5e-04	0.5469
4864	-109.1528	-109.1528	-77.8569	0.7133	76.4758	0.7009	1.5e-04	0.5486
4865	-109.1488	-109.1488	-77.6491	0.7114	76.6852	0.7028	1.5e-04	0.5480
4866	-109.1667	-109.1667	-77.8229	0.7129	76.5238	0.7013	1.5e-04	0.5483
4867	-109.1580	-109.1580	-78.1320	0.7158	76.1907	0.6983	1.5e-04	0.5477
4868	-109.1575	-109.1575	-78.0247	0.7148	76.3011	0.6993	1.5e-04	0.5493
4869	-109.1764	-109.1764	-78.4582	0.7186	75.8641	0.6953	1.5e-04	0.5479
4870	-109.1681	-109.1681	-78.3908	0.7181	75.9394	0.6960	1.5e-04	0.5474
4871	-109.1544	-109.1544	-78.2013	0.7164	76.1085	0.6976	1.5e-04	0.5482
4872	-109.1591	-109.1591	-78.4181	0.7184	75.8691	0.6954	1.5e-04	0.5470
4873	-109.1818	-109.1818	-77.6724	0.7114	76.6684	0.7026	1.5e-04	0.5493
4874	-109.1572	-109.1572	-78.3515	0.7178	75.8988	0.6957	1.5e-04	0.5472
4875	-109.1458	-109.1458	-78.6637	0.7207	75.6270	0.6932	1.5e-04	0.5491
4876	-109.1659	-109.1659	-78.3635	0.7178	75.9517	0.6962	1.5e-04	0.5457
4877	-109.1333	-109.1333	-76.7452	0.7032	77.5252	0.7107	1.5e-04	0.5470
4878	-109.1584	-109.1584	-78.0277	0.7148	76.3046	0.6993	1.5e-04	0.5484
4879	-109.1606	-109.1606	-77.7728	0.7125	76.5607	0.7017	1.5e-04	0.5462
4880	-109.1333	-109.1333	-78.8517	0.7225	75.4223	0.6913	1.5e-04	0.5458
4881	-109.1680	-109.1680	-77.8038	0.7127	76.5375	0.7015	1.5e-04	0.5452
4882	-109.1543	-109.1543	-77.7674	0.7125	76.5528	0.7017	1.5e-04	0.5460
4883	-109.1717	-109.1717	-77.4777	0.7097	76.8748	0.7045	1.5e-04	0.5459
4884	-109.1590	-109.1590	-78.1895	0.7163	76.1353	0.6978	1.5e-04	0.5462
4885	-109.1848	-109.1848	-77.9374	0.7138	76.4239	0.7003	1.5e-04	0.5472
4886	-109.1646	-109.1646	-78.2389	0.7167	76.0650	0.6972	1.5e-04	0.5464
4887	-109.1611	-109.1611	-78.1849	0.7162	76.1333	0.6978	1.5e-04	0.5454
4888	-109.1649	-109.1649	-77.2579	0.7077	77.0836	0.7065	1.5e-04	0.5460
4889	-109.1501	-109.1501	-77.7194	0.7120	76.5995	0.7021	1.5e-04	0.5476
4890	-109.1452	-109.1452	-77.8318	0.7131	76.4855	0.7010	1.5e-04	0.5481
4891	-109.1380	-109.1380	-77.9612	0.7143	76.3307	0.6997	1.5e-04	0.5471
4892	-109.1698	-109.1698	-78.1323	0.7157	76.2075	0.6984	1.5e-04	0.5482
4893	-109.1527	-109.1527	-77.5900	0.7108	76.7417	0.7034	1.5e-04	0.5469
4894	-109.1586	-109.1586	-77.7900	0.7126	76.5536	0.7015	1.5e-04	0.5485
4895	-109.1649	-109.1649	-77.3918	0.7089	76.9481	0.7052	1.5e-04	0.5472
4896	-109.1382	-109.1382	-78.1845	0.7164	76.1198	0.6977	1.5e-04	0.5467
4897	-109.1671	-109.1671	-78.0208	0.7147	76.3142	0.6994	1.5e-04	0.5484
4898	-109.1622	-109.1622	-78.3208	0.7175	76.0118	0.6966	1.5e-04	0.5463
4899	-109.1555	-109.1555	-77.8783	0.7135	76.4435	0.7007	1.5e-04	0.5485
4900	-109.1570	-109.1570	-77.1962	0.7072	77.1419	0.7070	1.5e-04	0.5456
4901	-109.1585	-109.1585	-77.5288	0.7102	76.8171	0.7040	1.5e-04	0.5463
4902	-109.1520	-109.1520	-78.2776	0.7171	76.0177	0.6969	1.5e-04	0.5466
4903	-109.1755	-109.1755	-78.4822	0.7189	75.8595	0.6952	1.5e-04	0.5473
4904	-109.1629	-109.1629	-78.1010	0.7155	76.2242	0.6986	1.5e-04	0.5458
4905	-109.1558	-109.1558	-78.3157	0.7175	76.0023	0.6966	1.5e-04	0.5482
4906	-109.1669	-109.1669	-77.7008	0.7118	76.6262	0.7023	1.5e-04	0.5461
4907	-109.1496	-109.1496	-78.0583	0.7151	76.2532	0.6989	1.5e-04	0.5475
4908	-109.1749	-109.1749	-77.7704	0.7123	76.5866	0.7018	1.5e-04	0.5466
4909	-109.1621	-109.1621	-79.4208	0.7275	74.8324	0.6859	1.5e-04	0.5482
4910	-109.1555	-109.1555	-77.7870	0.7126	76.5493	0.7015	1.5e-04	0.5467
4911	-109.1523	-109.1523	-78.5067	0.7192	75.7845	0.6946	1.5e-04	0.5480
4912	-109.1709	-109.1709	-78.0206	0.7147	76.3249	0.6995	1.5e-04	0.5477
4913	-109.1343	-109.1343	-78.8448	0.7225	75.4334	0.6914	1.5e-04	0.5459
4914	-109.1634	-109.1634	-79.0513	0.7242	75.2397	0.6896	1.5e-04	0.5485
4915	-109.1681	-109.1681	-78.4491	0.7186	75.8746	0.6953	1.5e-04	0.5462
4916	-109.1504	-109.1504	-78.6513	0.7206	75.6474	0.6934	1.5e-04	0.5473
4917	-109.1743	-109.1743	-78.2011	0.7163	76.1453	0.6978	1.5e-04	0.5491
4918	-109.1763	-109.1763	-78.1869	0.7162	76.1571	0.6979	1.5e-04	0.5472
4919	-109.1685	-109.1685	-78.0956	0.7154	76.2400	0.6987	1.5e-04	0.5480
4920	-109.1611	-109.1611	-78.1122	0.7156	76.2091	0.6985	1.5e-04	0.5489
4921	-109.1696	-109.1696	-78.6154	0.7201	75.7088	0.6938	1.5e-04	0.5484
4922	-109.1721	-109.1721	-78.5123	0.7192	75.8128	0.6948	1.5e-04	0.5467
4923	-109.1718	-109.1718	-78.7932	0.7217	75.5050	0.6920	1.5e-04	0.5465
4924	-109.1563	-109.1563	-77.8284	0.7130	76.4913	0.7011	1.5e-04	0.5469
4925	-109.1494	-109.1494	-78.4320	0.7186	75.8703	0.6954	1.5e-04	0.5485
4926	-109.1569	-109.1569	-78.9767	0.7235	75.2924	0.6900	1.5e-04	0.5458
4927	-109.1399	-109.1399	-79.8672	0.7318	74.3351	0.6814	1.5e-04	0.5497
4928	-109.1453	-109.1453	-77.9397	0.7141	76.3698	0.7001	1.5e-04	0.5469
4929	-109.1571	-109.1571	-77.8184	0.7129	76.5054	0.7013	1.5e-04	0.5482
4930	-109.1687	-109.1687	-78.6411	0.7204	75.6721	0.6935	1.5e-04	0.5471
4931	-109.1549	-109.1549	-79.0111	0.7238	75.2520	0.6896	1.5e-04	0.5477
4932	-109.1778	-109.1778	-78.6111	0.7200	75.7158	0.6939	1.5e-04	0.5479
4933	-109.1607	-109.1607	-79.1775	0.7253	75.1228	0.6884	1.5e-04	0.5476
4934	-109.1684	-109.1684	-79.2480	0.7259	75.0433	0.6877	1.5e-04	0.5785
4935	-109.1645	-109.1645	-79.0408	0.7241	75.2313	0.6895	1.5e-04	0.5463
4936	-109.1801	-109.1801	-78.7557	0.7213	75.5571	0.6925	1.5e-04	0.5467
4937	-109.1581	-109.1581	-78.7698	0.7216	75.5456	0.6923	1.5e-04	0.5474
4938	-109.1623	-109.1623	-78.8056	0.7219	75.5014	0.6920	1.5e-04	0.5829
4939	-109.1442	-109.1442	-78.9900	0.7237	75.2784	0.6900	1.5e-04	0.5498
4940	-109.1726	-109.1726	-79.1708	0.7252	75.1253	0.6885	1.5e-04	0.5463
4941	-109.1600	-109.1600	-78.9906	0.7236	75.3019	0.6902	1.5e-04	0.5474
4942	-109.1465	-109.1465	-78.9112	0.7230	75.3496	0.6907	1.5e-04	0.5472
4943	-109.1708	-109.1708	-78.0181	0.7146	76.3319	0.6994	1.5e-04	0.5484
4944	-109.1688	-109.1688	-78.8271	0.7221	75.4998	0.6918	1.5e-04	0.5459
4945	-109.1781	-109.1781	-78.7472	0.7213	75.5852	0.6926	1.5e-04	0.5655
4946	-109.1423	-109.1423	-79.1629	0.7253	75.0622	0.6880	1.5e-04	0.5480
4947	-109.1523	-109.1523	-78.8943	0.7228	75.3977	0.6911	1.5e-04	0.5469
4948	-109.1532	-109.1532	-78.0707	0.7152	76.2543	0.6989	1.5e-04	0.5478
4949	-109.1345	-109.1345	-80.5284	0.7379	73.6260	0.6749	1.5e-04	0.5478
4950	-109.1663	-109.1663	-79.3207	0.7266	74.9581	0.6870	1.5e-04	0.5465
4951	-109.1492	-109.1492	-79.2436	0.7260	75.0223	0.6877	1.5e-04	0.5500
4952	-109.1821	-109.1821	-78.9035	0.7227	75.4089	0.6912	1.5e-04	0.5457
4953	-109.1541	-109.1541	-78.7908	0.7218	75.5086	0.6920	1.5e-04	0.5487
4954	-109.1504	-109.1504	-79.3132	0.7266	74.9263	0.6867	1.5e-04	0.5465
4955	-109.1766	-109.1766	-78.4184	0.7183	75.9033	0.6956	1.5e-04	0.5487
4956	-109.1655	-109.1655	-78.9599	0.7233	75.3378	0.6905	1.5e-04	0.5487
4957	-109.1885	-109.1885	-78.3378	0.7175	76.0233	0.6966	1.5e-04	0.5474
4958	-109.1542	-109.1542	-78.7156	0.7211	75.5790	0.6928	1.5e-04	0.5480
4959	-109.1619	-109.1619	-79.0313	0.7240	75.2758	0.6898	1.5e-04	0.5488
4960	-109.1751	-109.1751	-78.5243	0.7193	75.8120	0.6947	1.5e-04	0.5470
4961	-109.1655	-109.1655	-78.8933	0.7227	75.4112	0.6912	1.5e-04	0.5488
4962	-109.1560	-109.1560	-79.0480	0.7242	75.2396	0.6895	1.5e-04	0.5479
4963	-109.1829	-109.1829	-79.5375	0.7285	74.7576	0.6851	1.5e-04	0.5480
4964	-109.1621	-109.1621	-80.4404	0.7369	73.7610	0.6760	1.5e-04	0.5463
4965	-109.1692	-109.1692	-79.4262	0.7276	74.8608	0.6861	1.5e-04	0.5486
4966	-109.1641	-109.1641	-80.2849	0.7355	73.9382	0.6775	1.5e-04	0.5454
4967	-109.1645	-109.1645	-79.6285	0.7294	74.6456	0.6840	1.5e-04	0.5457
4968	-109.1690	-109.1690	-79.3017	0.7264	74.9857	0.6873	1.5e-04	0.5477
4969	-109.1621	-109.1621	-80.3758	0.7363	73.8420	0.6767	1.5e-04	0.5471
4970	-109.1718	-109.1718	-79.6896	0.7299	74.5477	0.6832	1.5e-04	0.5492
4971	-109.1739	-109.1739	-79.2876	0.7262	75.0023	0.6874	1.5e-04	0.5471
4972	-109.1563	-109.1563	-78.6860	0.7209	75.6179	0.6931	1.5e-04	0.5475
4973	-109.1840	-109.1840	-79.6038	0.7291	74.6885	0.6844	1.5e-04	0.5455
4974	-109.1631	-109.1631	-79.6398	0.7295	74.6281	0.6839	1.5e-04	0.5477
4975	-109.1620	-109.1620	-79.8656	0.7316	74.3375	0.6813	1.5e-04	0.5469
4976	-109.1415	-109.1415	-80.3035	0.7358	73.8706	0.6771	1.5e-04	0.5479
4977	-109.1395	-109.1395	-78.9081	0.7230	75.3725	0.6908	1.5e-04	0.5465
4978	-109.1495	-109.1495	-80.1640	0.7344	74.0414	0.6787	1.5e-04	0.5474
4979	-109.1637	-109.1637	-79.4950	0.7282	74.7787	0.6853	1.5e-04	0.5477
4980	-109.1681	-109.1681	-80.1506	0.7342	74.0786	0.6789	1.5e-04	0.5502
4981	-109.1547	-109.1547	-79.2701	0.7262	75.0025	0.6874	1.5e-04	0.5478
4982	-109.1516	-109.1516	-80.0831	0.7337	74.1173	0.6794	1.5e-04	0.5452
4983	-109.1662	-109.1662	-79.1944	0.7254	75.0795	0.6881	1.5e-04	0.5479
4984	-109.1608	-109.1608	-79.7179	0.7303	74.5402	0.6831	1.5e-04	0.5474
4985	-109.1662	-109.1662	-79.3885	0.7272	74.8648	0.6862	1.5e-04	0.5450
4986	-109.1542	-109.1542	-79.0514	0.7242	75.2408	0.6896	1.5e-04	0.5483
4987	-109.1620	-109.1620	-79.2930	0.7264	74.9915	0.6873	1.5e-04	0.5478
4988	-109.1491	-109.1491	-79.3676	0.7271	74.8964	0.6865	1.5e-04	0.5481
4989	-109.1690	-109.1690	-78.8634	0.7224	75.4489	0.6915	1.5e-04	0.5461
4990	-109.1655	-109.1655	-78.8720	0.7225	75.4309	0.6914	1.5e-04	0.5467
4991	-109.1681	-109.1681	-79.3676	0.7270	74.9223	0.6866	1.5e-04	0.5461
4992	-109.1586	-109.1586	-79.5361	0.7286	74.7192	0.6849	1.5e-04	0.5467
4993	-109.1729	-109.1729	-79.9055	0.7319	74.3392	0.6813	1.5e-04	0.5477
4994	-109.1483	-109.1483	-79.0099	0.7239	75.2801	0.6899	1.5e-04	0.5464
4995	-109.1591	-109.1591	-79.7799	0.7309	74.4688	0.6824	1.5e-04	0.5467
4996	-109.1525	-109.1525	-79.9567	0.7325	74.2631	0.6807	1.5e-04	0.5464
4997	-109.1742	-109.1742	-79.5270	0.7284	74.7408	0.6849	1.5e-04	0.5489
4998	-109.1746	-109.1746	-78.9432	0.7231	75.3684	0.6907	1.5e-04	0.5474
4999	-109.1575	-109.1575	-79.8343	0.7314	74.4012	0.6819	1.5e-04	0.5455
5000	-109.1539	-109.1539	-79.7608	0.7307	74.4756	0.6826	1.5e-04	0.5538
