  0.000000000000000000e+00   0.000000000000000000e+00 
                         2 
                       152                         20 
  2.642880426717716079e-03   0.000000000000000000e+00 
  8.133035153151408486e-03   0.000000000000000000e+00 
 -1.552835013717241211e-02   0.000000000000000000e+00 
  1.793777570128363445e-03   0.000000000000000000e+00 
  2.800426154861893990e-04   0.000000000000000000e+00 
  1.776628941297664702e-02   0.000000000000000000e+00 
  1.877482980489717304e-02   0.000000000000000000e+00 
  2.689265878871027315e-03   0.000000000000000000e+00 
  2.102755941450594555e-03   0.000000000000000000e+00 
 -5.026914551854157198e-02   0.000000000000000000e+00 
 -2.160096308216406195e-03   0.000000000000000000e+00 
  1.862986595369891477e-03   0.000000000000000000e+00 
  1.832342473789983633e-03   0.000000000000000000e+00 
 -1.203556894324685428e-03   0.000000000000000000e+00 
 -4.866440431214918896e-04   0.000000000000000000e+00 
 -2.032992662861944546e-03   0.000000000000000000e+00 
  3.309300914406809041e-02   0.000000000000000000e+00 
 -2.205960080027616690e-02   0.000000000000000000e+00 
  2.574267564341426329e-03   0.000000000000000000e+00 
 -1.287056948058309990e-03   0.000000000000000000e+00 
  4.470586031675327643e-02   0.000000000000000000e+00 
 -4.699692595750091725e-03   0.000000000000000000e+00 
  2.737347036600108578e-03   0.000000000000000000e+00 
  6.229557096958161268e-03   0.000000000000000000e+00 
 -4.460836295038461685e-03   0.000000000000000000e+00 
  1.693794387392700586e-03   0.000000000000000000e+00 
 -2.444190904498101148e-03   0.000000000000000000e+00 
 -3.689263761043545115e-02   0.000000000000000000e+00 
 -4.206368234008544572e-03   0.000000000000000000e+00 
  1.031384454108776397e-03   0.000000000000000000e+00 
  6.692076474428183819e-02   0.000000000000000000e+00 
 -9.225886315107345581e-03   0.000000000000000000e+00 
 -1.743588829413056590e-03   0.000000000000000000e+00 
 -3.309008479118349250e-02   0.000000000000000000e+00 
  2.048367867246271047e-03   0.000000000000000000e+00 
  6.886603776365518570e-03   0.000000000000000000e+00 
  1.829314380884171365e-01   0.000000000000000000e+00 
 -1.926740747876465104e-03   0.000000000000000000e+00 
 -2.946623833850026131e-03   0.000000000000000000e+00 
 -7.849709689617159758e-02   0.000000000000000000e+00 
  7.819090969860552007e-03   0.000000000000000000e+00 
 -7.758534513413902628e-03   0.000000000000000000e+00 
 -6.058333516120911755e-01   0.000000000000000000e+00 
  8.950448594987392426e-03   0.000000000000000000e+00 
 -2.819644520059226642e-03   0.000000000000000000e+00 
 -7.398336892947560009e-04   0.000000000000000000e+00 
 -3.704249626025557518e-03   0.000000000000000000e+00 
  1.069568172097206810e-01   0.000000000000000000e+00 
  2.671252295840495267e-04   0.000000000000000000e+00 
  1.091490150429308631e-03   0.000000000000000000e+00 
 -6.271907091140745960e-01   0.000000000000000000e+00 
  1.189960092306136807e-01   0.000000000000000000e+00 
 -9.874566458165636926e-04   0.000000000000000000e+00 
  6.515318527817724401e-03   0.000000000000000000e+00 
  7.114433683454989520e-03   0.000000000000000000e+00 
 -4.868469201028344413e-03   0.000000000000000000e+00 
  1.257533673197031238e-03   0.000000000000000000e+00 
 -4.729091189801692095e-03   0.000000000000000000e+00 
 -1.241870969533919455e-01   0.000000000000000000e+00 
  4.322044551372527209e-03   0.000000000000000000e+00 
 -8.810026920400555565e-04   0.000000000000000000e+00 
 -3.976515494287015742e-03   0.000000000000000000e+00 
  1.502972445450722521e-03   0.000000000000000000e+00 
 -3.396971384063648871e-03   0.000000000000000000e+00 
 -9.606917388737201691e-03   0.000000000000000000e+00 
 -4.840953624807408637e-05   0.000000000000000000e+00 
 -2.469089347869157357e-03   0.000000000000000000e+00 
 -2.389343135291710767e-04   0.000000000000000000e+00 
 -1.528703123331072444e-01   0.000000000000000000e+00 
 -3.134889993816640578e-05   0.000000000000000000e+00 
 -2.537295222282411403e-03   0.000000000000000000e+00 
  1.186567768454551974e-01   0.000000000000000000e+00 
 -3.704641461372375488e-01   0.000000000000000000e+00 
 -9.374632500112054997e-03   0.000000000000000000e+00 
 -8.145256899297239131e-03   0.000000000000000000e+00 
  1.885016560554503562e-01   0.000000000000000000e+00 
  0.000000000000000000e+00   0.000000000000000000e+00 
  0.000000000000000000e+00   0.000000000000000000e+00 
  0.000000000000000000e+00   0.000000000000000000e+00 
  0.000000000000000000e+00   0.000000000000000000e+00 
  0.000000000000000000e+00   0.000000000000000000e+00 
  0.000000000000000000e+00   0.000000000000000000e+00 
  0.000000000000000000e+00   0.000000000000000000e+00 
  0.000000000000000000e+00   0.000000000000000000e+00 
  0.000000000000000000e+00   0.000000000000000000e+00 
  0.000000000000000000e+00   0.000000000000000000e+00 
  0.000000000000000000e+00   0.000000000000000000e+00 
  0.000000000000000000e+00   0.000000000000000000e+00 
  0.000000000000000000e+00   0.000000000000000000e+00 
  0.000000000000000000e+00   0.000000000000000000e+00 
  0.000000000000000000e+00   0.000000000000000000e+00 
  0.000000000000000000e+00   0.000000000000000000e+00 
  0.000000000000000000e+00   0.000000000000000000e+00 
  0.000000000000000000e+00   0.000000000000000000e+00 
  0.000000000000000000e+00   0.000000000000000000e+00 
  0.000000000000000000e+00   0.000000000000000000e+00 
  0.000000000000000000e+00   0.000000000000000000e+00 
  0.000000000000000000e+00   0.000000000000000000e+00 
  0.000000000000000000e+00   0.000000000000000000e+00 
  0.000000000000000000e+00   0.000000000000000000e+00 
  0.000000000000000000e+00   0.000000000000000000e+00 
  0.000000000000000000e+00   0.000000000000000000e+00 
  0.000000000000000000e+00   0.000000000000000000e+00 
  0.000000000000000000e+00   0.000000000000000000e+00 
  0.000000000000000000e+00   0.000000000000000000e+00 
  0.000000000000000000e+00   0.000000000000000000e+00 
  0.000000000000000000e+00   0.000000000000000000e+00 
  0.000000000000000000e+00   0.000000000000000000e+00 
  0.000000000000000000e+00   0.000000000000000000e+00 
  0.000000000000000000e+00   0.000000000000000000e+00 
  0.000000000000000000e+00   0.000000000000000000e+00 
  0.000000000000000000e+00   0.000000000000000000e+00 
  0.000000000000000000e+00   0.000000000000000000e+00 
  0.000000000000000000e+00   0.000000000000000000e+00 
  0.000000000000000000e+00   0.000000000000000000e+00 
  0.000000000000000000e+00   0.000000000000000000e+00 
  0.000000000000000000e+00   0.000000000000000000e+00 
  0.000000000000000000e+00   0.000000000000000000e+00 
  0.000000000000000000e+00   0.000000000000000000e+00 
  0.000000000000000000e+00   0.000000000000000000e+00 
  0.000000000000000000e+00   0.000000000000000000e+00 
  0.000000000000000000e+00   0.000000000000000000e+00 
  0.000000000000000000e+00   0.000000000000000000e+00 
  0.000000000000000000e+00   0.000000000000000000e+00 
  0.000000000000000000e+00   0.000000000000000000e+00 
  0.000000000000000000e+00   0.000000000000000000e+00 
  0.000000000000000000e+00   0.000000000000000000e+00 
  0.000000000000000000e+00   0.000000000000000000e+00 
  0.000000000000000000e+00   0.000000000000000000e+00 
  0.000000000000000000e+00   0.000000000000000000e+00 
  0.000000000000000000e+00   0.000000000000000000e+00 
  0.000000000000000000e+00   0.000000000000000000e+00 
  0.000000000000000000e+00   0.000000000000000000e+00 
  0.000000000000000000e+00   0.000000000000000000e+00 
  0.000000000000000000e+00   0.000000000000000000e+00 
  0.000000000000000000e+00   0.000000000000000000e+00 
  0.000000000000000000e+00   0.000000000000000000e+00 
  0.000000000000000000e+00   0.000000000000000000e+00 
  0.000000000000000000e+00   0.000000000000000000e+00 
  0.000000000000000000e+00   0.000000000000000000e+00 
  0.000000000000000000e+00   0.000000000000000000e+00 
  0.000000000000000000e+00   0.000000000000000000e+00 
  0.000000000000000000e+00   0.000000000000000000e+00 
  0.000000000000000000e+00   0.000000000000000000e+00 
  0.000000000000000000e+00   0.000000000000000000e+00 
  0.000000000000000000e+00   0.000000000000000000e+00 
  0.000000000000000000e+00   0.000000000000000000e+00 
  0.000000000000000000e+00   0.000000000000000000e+00 
  0.000000000000000000e+00   0.000000000000000000e+00 
  0.000000000000000000e+00   0.000000000000000000e+00 
  0.000000000000000000e+00   0.000000000000000000e+00 
  0.000000000000000000e+00   0.000000000000000000e+00 
 -1.776980585417116528e-03   0.000000000000000000e+00 
 -7.310632150620261123e-03   0.000000000000000000e+00 
 -1.670169644057673333e-02   0.000000000000000000e+00 
  1.068049343302751196e-03   0.000000000000000000e+00 
  2.234735526144447301e-03   0.000000000000000000e+00 
 -2.283569425344402284e-02   0.000000000000000000e+00 
  1.480598933994762244e-02   0.000000000000000000e+00 
 -3.796789678749190654e-05   0.000000000000000000e+00 
  4.307908937334988322e-03   0.000000000000000000e+00 
 -3.336309641599659315e-02   0.000000000000000000e+00 
 -2.309050876647173681e-03   0.000000000000000000e+00 
 -3.744775021913276524e-04   0.000000000000000000e+00 
  9.027486084960036766e-04   0.000000000000000000e+00 
  1.593033899553105825e-03   0.000000000000000000e+00 
 -5.352493026293720941e-04   0.000000000000000000e+00 
  3.896109992638229456e-03   0.000000000000000000e+00 
  1.794396340846987625e-02   0.000000000000000000e+00 
 -4.916121065616615993e-02   0.000000000000000000e+00 
 -6.839876878075305984e-04   0.000000000000000000e+00 
  9.315265924669809778e-04   0.000000000000000000e+00 
  2.027976326644405011e-02   0.000000000000000000e+00 
  3.178241895511747274e-03   0.000000000000000000e+00 
 -2.527068601921205956e-03   0.000000000000000000e+00 
  1.187786576338112354e-03   0.000000000000000000e+00 
 -1.260958611965179877e-03   0.000000000000000000e+00 
  2.220142778242005814e-04   0.000000000000000000e+00 
  1.268392312340438366e-03   0.000000000000000000e+00 
 -3.505718661472035248e-03   0.000000000000000000e+00 
 -4.685722291469567903e-03   0.000000000000000000e+00 
 -5.600200966000556078e-03   0.000000000000000000e+00 
 -1.154942438006484329e-03   0.000000000000000000e+00 
 -8.869925513863565272e-03   0.000000000000000000e+00 
  1.337274443358182473e-03   0.000000000000000000e+00 
 -1.036512255668641386e-01   0.000000000000000000e+00 
  7.225036155432461825e-03   0.000000000000000000e+00 
  1.345075899735093767e-03   0.000000000000000000e+00 
  2.030227482318877619e-01   0.000000000000000000e+00 
 -3.899007802829145952e-03   0.000000000000000000e+00 
 -1.168568735010922389e-03   0.000000000000000000e+00 
  2.818389832973481335e-01   0.000000000000000000e+00 
  7.765861693769693375e-03   0.000000000000000000e+00 
 -8.704103529453272384e-03   0.000000000000000000e+00 
 -7.049038261175147313e-02   0.000000000000000000e+00 
  1.023657526820898056e-02   0.000000000000000000e+00 
 -5.224773660302161303e-03   0.000000000000000000e+00 
  2.889130555558945372e-04   0.000000000000000000e+00 
 -6.196219474077224731e-03   0.000000000000000000e+00 
  6.890983581542969860e-01   0.000000000000000000e+00 
  3.359822789207097832e-03   0.000000000000000000e+00 
 -5.918052047491071874e-03   0.000000000000000000e+00 
  4.876697659492492676e-01   0.000000000000000000e+00 
 -5.778374895453451676e-02   0.000000000000000000e+00 
 -2.334270393475890160e-03   0.000000000000000000e+00 
  4.028262104839086533e-03   0.000000000000000000e+00 
 -2.785830758512020111e-03   0.000000000000000000e+00 
 -5.647228681482371416e-04   0.000000000000000000e+00 
  3.859305870719254017e-04   0.000000000000000000e+00 
  5.913729546591637350e-04   0.000000000000000000e+00 
 -1.421590596437454224e-01   0.000000000000000000e+00 
  6.794905057176945425e-04   0.000000000000000000e+00 
 -3.340128110721707344e-03   0.000000000000000000e+00 
  6.952970870770519432e-04   0.000000000000000000e+00 
  6.864177994430064071e-04   0.000000000000000000e+00 
  5.520628765225408380e-02   0.000000000000000000e+00 
 -2.881735097616910934e-03   0.000000000000000000e+00 
  2.793678082525731434e-03   0.000000000000000000e+00 
  1.609189901500939672e-03   0.000000000000000000e+00 
 -1.152124954387545369e-03   0.000000000000000000e+00 
 -2.591909766197205145e-01   0.000000000000000000e+00 
 -9.563271887600432748e-04   0.000000000000000000e+00 
  2.494618529453872333e-03   0.000000000000000000e+00 
  2.034355551004409790e-01   0.000000000000000000e+00 
 -1.731708794832231280e-01   0.000000000000000000e+00 
 -7.302533369511363288e-03   0.000000000000000000e+00 
 -7.583371363580230368e-03   0.000000000000000000e+00 
  1.282528340816497525e-01   0.000000000000000000e+00 
  0.000000000000000000e+00   0.000000000000000000e+00 
  0.000000000000000000e+00   0.000000000000000000e+00 
  0.000000000000000000e+00   0.000000000000000000e+00 
  0.000000000000000000e+00   0.000000000000000000e+00 
  0.000000000000000000e+00   0.000000000000000000e+00 
  0.000000000000000000e+00   0.000000000000000000e+00 
  0.000000000000000000e+00   0.000000000000000000e+00 
  0.000000000000000000e+00   0.000000000000000000e+00 
  0.000000000000000000e+00   0.000000000000000000e+00 
  0.000000000000000000e+00   0.000000000000000000e+00 
  0.000000000000000000e+00   0.000000000000000000e+00 
  0.000000000000000000e+00   0.000000000000000000e+00 
  0.000000000000000000e+00   0.000000000000000000e+00 
  0.000000000000000000e+00   0.000000000000000000e+00 
  0.000000000000000000e+00   0.000000000000000000e+00 
  0.000000000000000000e+00   0.000000000000000000e+00 
  0.000000000000000000e+00   0.000000000000000000e+00 
  0.000000000000000000e+00   0.000000000000000000e+00 
  0.000000000000000000e+00   0.000000000000000000e+00 
  0.000000000000000000e+00   0.000000000000000000e+00 
  0.000000000000000000e+00   0.000000000000000000e+00 
  0.000000000000000000e+00   0.000000000000000000e+00 
  0.000000000000000000e+00   0.000000000000000000e+00 
  0.000000000000000000e+00   0.000000000000000000e+00 
  0.000000000000000000e+00   0.000000000000000000e+00 
  0.000000000000000000e+00   0.000000000000000000e+00 
  0.000000000000000000e+00   0.000000000000000000e+00 
  0.000000000000000000e+00   0.000000000000000000e+00 
  0.000000000000000000e+00   0.000000000000000000e+00 
  0.000000000000000000e+00   0.000000000000000000e+00 
  0.000000000000000000e+00   0.000000000000000000e+00 
  0.000000000000000000e+00   0.000000000000000000e+00 
  0.000000000000000000e+00   0.000000000000000000e+00 
  0.000000000000000000e+00   0.000000000000000000e+00 
  0.000000000000000000e+00   0.000000000000000000e+00 
  0.000000000000000000e+00   0.000000000000000000e+00 
  0.000000000000000000e+00   0.000000000000000000e+00 
  0.000000000000000000e+00   0.000000000000000000e+00 
  0.000000000000000000e+00   0.000000000000000000e+00 
  0.000000000000000000e+00   0.000000000000000000e+00 
  0.000000000000000000e+00   0.000000000000000000e+00 
  0.000000000000000000e+00   0.000000000000000000e+00 
  0.000000000000000000e+00   0.000000000000000000e+00 
  0.000000000000000000e+00   0.000000000000000000e+00 
  0.000000000000000000e+00   0.000000000000000000e+00 
  0.000000000000000000e+00   0.000000000000000000e+00 
  0.000000000000000000e+00   0.000000000000000000e+00 
  0.000000000000000000e+00   0.000000000000000000e+00 
  0.000000000000000000e+00   0.000000000000000000e+00 
  0.000000000000000000e+00   0.000000000000000000e+00 
  0.000000000000000000e+00   0.000000000000000000e+00 
  0.000000000000000000e+00   0.000000000000000000e+00 
  0.000000000000000000e+00   0.000000000000000000e+00 
  0.000000000000000000e+00   0.000000000000000000e+00 
  0.000000000000000000e+00   0.000000000000000000e+00 
  0.000000000000000000e+00   0.000000000000000000e+00 
  0.000000000000000000e+00   0.000000000000000000e+00 
  0.000000000000000000e+00   0.000000000000000000e+00 
  0.000000000000000000e+00   0.000000000000000000e+00 
  0.000000000000000000e+00   0.000000000000000000e+00 
  0.000000000000000000e+00   0.000000000000000000e+00 
  0.000000000000000000e+00   0.000000000000000000e+00 
  0.000000000000000000e+00   0.000000000000000000e+00 
  0.000000000000000000e+00   0.000000000000000000e+00 
  0.000000000000000000e+00   0.000000000000000000e+00 
  0.000000000000000000e+00   0.000000000000000000e+00 
  0.000000000000000000e+00   0.000000000000000000e+00 
  0.000000000000000000e+00   0.000000000000000000e+00 
  0.000000000000000000e+00   0.000000000000000000e+00 
  0.000000000000000000e+00   0.000000000000000000e+00 
  0.000000000000000000e+00   0.000000000000000000e+00 
  0.000000000000000000e+00   0.000000000000000000e+00 
  0.000000000000000000e+00   0.000000000000000000e+00 
  0.000000000000000000e+00   0.000000000000000000e+00 
  0.000000000000000000e+00   0.000000000000000000e+00 
  0.000000000000000000e+00   0.000000000000000000e+00 
  1.371338148599913565e-03   0.000000000000000000e+00 
  2.178125723729758463e-04   0.000000000000000000e+00 
 -5.098860128765541559e-05   0.000000000000000000e+00 
  8.696040022183322386e-04   0.000000000000000000e+00 
 -3.377622691914327312e-03   0.000000000000000000e+00 
 -3.278453368693548531e-03   0.000000000000000000e+00 
 -7.561119855381611288e-04   0.000000000000000000e+00 
 -3.750147065147784418e-03   0.000000000000000000e+00 
 -2.141471765935476154e-02   0.000000000000000000e+00 
  1.563814585097131945e-03   0.000000000000000000e+00 
  2.734766714274871474e-02   0.000000000000000000e+00 
  4.932471551001073665e-03   0.000000000000000000e+00 
 -5.752232391387195574e-03   0.000000000000000000e+00 
  1.167959813028570867e-02   0.000000000000000000e+00 
  5.382345523685510072e-03   0.000000000000000000e+00 
  1.490777241997233221e-03   0.000000000000000000e+00 
 -7.198891835287217662e-04   0.000000000000000000e+00 
  3.102852031588552648e-03   0.000000000000000000e+00 
 -2.010797848924992300e-03   0.000000000000000000e+00 
 -3.976826556026939047e-03   0.000000000000000000e+00 
  4.106989945285040148e-04   0.000000000000000000e+00 
 -5.631894804537299765e-03   0.000000000000000000e+00 
 -1.575951278209680728e-02   0.000000000000000000e+00 
  2.260203706100580908e-03   0.000000000000000000e+00 
  3.142612287774683780e-03   0.000000000000000000e+00 
 -2.034050645306705995e-03   0.000000000000000000e+00 
 -1.028551370836794376e-03   0.000000000000000000e+00 
  6.216692272573715993e-04   0.000000000000000000e+00 
 -2.661627950146846795e-03   0.000000000000000000e+00 
 -1.227894681506037520e-04   0.000000000000000000e+00 
 -1.777881057932973992e-03   0.000000000000000000e+00 
 -2.688686922192569384e-02   0.000000000000000000e+00 
 -1.185660250484942002e-02   0.000000000000000000e+00 
 -5.073560401797296351e-03   0.000000000000000000e+00 
  5.793302506208409391e-02   0.000000000000000000e+00 
  3.377214819192882189e-02   0.000000000000000000e+00 
 -2.814230741932989034e-03   0.000000000000000000e+00 
 -4.632269792637769435e-06   0.000000000000000000e+00 
  1.023811474442481995e-02   0.000000000000000000e+00 
 -3.000627737492322488e-03   0.000000000000000000e+00 
  9.770992398262018375e-02   0.000000000000000000e+00 
 -4.771800935268402100e-01   0.000000000000000000e+00 
  3.344753349665559425e-04   0.000000000000000000e+00 
 -1.540967822074890137e-01   0.000000000000000000e+00 
  2.504499852657317005e-01   0.000000000000000000e+00 
 -4.816235043108464155e-03   0.000000000000000000e+00 
  8.599214255809783936e-03   0.000000000000000000e+00 
  4.345768596976996336e-03   0.000000000000000000e+00 
 -2.187423110008241411e-01   0.000000000000000000e+00 
  8.080562949180601917e-01   0.000000000000000000e+00 
 -1.561872311867773750e-03   0.000000000000000000e+00 
 -1.503516105003658209e-04   0.000000000000000000e+00 
  1.150676161050796092e-01   0.000000000000000000e+00 
 -7.870831340551377731e-02   0.000000000000000000e+00 
 -8.534348756074905396e-02   0.000000000000000000e+00 
 -9.098761714994902175e-03   0.000000000000000000e+00 
 -2.496799686923623519e-03   0.000000000000000000e+00 
 -3.867847379297017184e-03   0.000000000000000000e+00 
  2.970783738419413133e-03   0.000000000000000000e+00 
 -1.282448321580886667e-02   0.000000000000000000e+00 
  1.179104670882225037e-02   0.000000000000000000e+00 
 -5.953161045908930520e-03   0.000000000000000000e+00 
 -3.966191783547400561e-03   0.000000000000000000e+00 
  2.091215574182570523e-04   0.000000000000000000e+00 
 -4.715888947248458862e-02   0.000000000000000000e+00 
  7.535872608423234420e-02   0.000000000000000000e+00 
  1.302621094509959004e-03   0.000000000000000000e+00 
 -4.974837414920328313e-03   0.000000000000000000e+00 
  1.884502591565251784e-03   0.000000000000000000e+00 
 -3.887689439579862256e-03   0.000000000000000000e+00 
 -5.965994205325845373e-03   0.000000000000000000e+00 
 -2.011018339544535117e-03   0.000000000000000000e+00 
 -1.831478788517416174e-03   0.000000000000000000e+00 
  3.059397451579566954e-02   0.000000000000000000e+00 
  1.099956855177879889e-01   0.000000000000000000e+00 
  2.177851274609566169e-03   0.000000000000000000e+00 
  0.000000000000000000e+00   0.000000000000000000e+00 
  0.000000000000000000e+00   0.000000000000000000e+00 
  0.000000000000000000e+00   0.000000000000000000e+00 
  0.000000000000000000e+00   0.000000000000000000e+00 
  0.000000000000000000e+00   0.000000000000000000e+00 
  0.000000000000000000e+00   0.000000000000000000e+00 
  0.000000000000000000e+00   0.000000000000000000e+00 
  0.000000000000000000e+00   0.000000000000000000e+00 
  0.000000000000000000e+00   0.000000000000000000e+00 
  0.000000000000000000e+00   0.000000000000000000e+00 
  0.000000000000000000e+00   0.000000000000000000e+00 
  0.000000000000000000e+00   0.000000000000000000e+00 
  0.000000000000000000e+00   0.000000000000000000e+00 
  0.000000000000000000e+00   0.000000000000000000e+00 
  0.000000000000000000e+00   0.000000000000000000e+00 
  0.000000000000000000e+00   0.000000000000000000e+00 
  0.000000000000000000e+00   0.000000000000000000e+00 
  0.000000000000000000e+00   0.000000000000000000e+00 
  0.000000000000000000e+00   0.000000000000000000e+00 
  0.000000000000000000e+00   0.000000000000000000e+00 
  0.000000000000000000e+00   0.000000000000000000e+00 
  0.000000000000000000e+00   0.000000000000000000e+00 
  0.000000000000000000e+00   0.000000000000000000e+00 
  0.000000000000000000e+00   0.000000000000000000e+00 
  0.000000000000000000e+00   0.000000000000000000e+00 
  0.000000000000000000e+00   0.000000000000000000e+00 
  0.000000000000000000e+00   0.000000000000000000e+00 
  0.000000000000000000e+00   0.000000000000000000e+00 
  0.000000000000000000e+00   0.000000000000000000e+00 
  0.000000000000000000e+00   0.000000000000000000e+00 
  0.000000000000000000e+00   0.000000000000000000e+00 
  0.000000000000000000e+00   0.000000000000000000e+00 
  0.000000000000000000e+00   0.000000000000000000e+00 
  0.000000000000000000e+00   0.000000000000000000e+00 
  0.000000000000000000e+00   0.000000000000000000e+00 
  0.000000000000000000e+00   0.000000000000000000e+00 
  0.000000000000000000e+00   0.000000000000000000e+00 
  0.000000000000000000e+00   0.000000000000000000e+00 
  0.000000000000000000e+00   0.000000000000000000e+00 
  0.000000000000000000e+00   0.000000000000000000e+00 
  0.000000000000000000e+00   0.000000000000000000e+00 
  0.000000000000000000e+00   0.000000000000000000e+00 
  0.000000000000000000e+00   0.000000000000000000e+00 
  0.000000000000000000e+00   0.000000000000000000e+00 
  0.000000000000000000e+00   0.000000000000000000e+00 
  0.000000000000000000e+00   0.000000000000000000e+00 
  0.000000000000000000e+00   0.000000000000000000e+00 
  0.000000000000000000e+00   0.000000000000000000e+00 
  0.000000000000000000e+00   0.000000000000000000e+00 
  0.000000000000000000e+00   0.000000000000000000e+00 
  0.000000000000000000e+00   0.000000000000000000e+00 
  0.000000000000000000e+00   0.000000000000000000e+00 
  0.000000000000000000e+00   0.000000000000000000e+00 
  0.000000000000000000e+00   0.000000000000000000e+00 
  0.000000000000000000e+00   0.000000000000000000e+00 
  0.000000000000000000e+00   0.000000000000000000e+00 
  0.000000000000000000e+00   0.000000000000000000e+00 
  0.000000000000000000e+00   0.000000000000000000e+00 
  0.000000000000000000e+00   0.000000000000000000e+00 
  0.000000000000000000e+00   0.000000000000000000e+00 
  0.000000000000000000e+00   0.000000000000000000e+00 
  0.000000000000000000e+00   0.000000000000000000e+00 
  0.000000000000000000e+00   0.000000000000000000e+00 
  0.000000000000000000e+00   0.000000000000000000e+00 
  0.000000000000000000e+00   0.000000000000000000e+00 
  0.000000000000000000e+00   0.000000000000000000e+00 
  0.000000000000000000e+00   0.000000000000000000e+00 
  0.000000000000000000e+00   0.000000000000000000e+00 
  0.000000000000000000e+00   0.000000000000000000e+00 
  0.000000000000000000e+00   0.000000000000000000e+00 
  0.000000000000000000e+00   0.000000000000000000e+00 
  0.000000000000000000e+00   0.000000000000000000e+00 
  0.000000000000000000e+00   0.000000000000000000e+00 
  0.000000000000000000e+00   0.000000000000000000e+00 
  0.000000000000000000e+00   0.000000000000000000e+00 
  0.000000000000000000e+00   0.000000000000000000e+00 
  3.128836688123584880e-04   0.000000000000000000e+00 
 -4.067957866937028759e-03   0.000000000000000000e+00 
 -1.987685827770541180e-04   0.000000000000000000e+00 
 -2.938089892267928011e-03   0.000000000000000000e+00 
 -4.250629805028464589e-03   0.000000000000000000e+00 
  1.033330227076952160e-05   0.000000000000000000e+00 
 -5.708023090847042565e-04   0.000000000000000000e+00 
 -2.099322527647033004e-02   0.000000000000000000e+00 
  3.043402219191349272e-03   0.000000000000000000e+00 
 -2.079799538478249200e-03   0.000000000000000000e+00 
  2.842633519321345267e-03   0.000000000000000000e+00 
 -2.580477297306074322e-02   0.000000000000000000e+00 
  5.686077289283388361e-03   0.000000000000000000e+00 
  8.346320129931009482e-03   0.000000000000000000e+00 
  1.344730495475240191e-03   0.000000000000000000e+00 
 -7.747166673655196721e-04   0.000000000000000000e+00 
  5.482246633619094990e-04   0.000000000000000000e+00 
 -1.237144926562902276e-03   0.000000000000000000e+00 
 -9.328326559625571427e-04   0.000000000000000000e+00 
 -9.846693137660600913e-04   0.000000000000000000e+00 
  1.557568204589189400e-03   0.000000000000000000e+00 
 -1.691959053277971095e-02   0.000000000000000000e+00 
  1.462256535887722321e-03   0.000000000000000000e+00 
 -5.030690692365169525e-03   0.000000000000000000e+00 
 -2.634468721225855566e-03   0.000000000000000000e+00 
 -1.520201563835144043e-03   0.000000000000000000e+00 
  2.073062350973486900e-03   0.000000000000000000e+00 
  4.697862605098623574e-04   0.000000000000000000e+00 
 -5.815478507429393436e-03   0.000000000000000000e+00 
  9.969256352632936431e-04   0.000000000000000000e+00 
 -2.088423818349838257e-03   0.000000000000000000e+00 
  2.950110100209704656e-02   0.000000000000000000e+00 
 -3.104187361896030076e-02   0.000000000000000000e+00 
  6.013925652951003856e-03   0.000000000000000000e+00 
 -3.114464692771432008e-02   0.000000000000000000e+00 
  4.887510836124415309e-02   0.000000000000000000e+00 
  5.799889098852874583e-03   0.000000000000000000e+00 
  2.120977733284235434e-03   0.000000000000000000e+00 
  2.688348293304443793e-03   0.000000000000000000e+00 
  6.612614262849092484e-03   0.000000000000000000e+00 
  5.146834254264830433e-01   0.000000000000000000e+00 
  1.123204678297043263e-01   0.000000000000000000e+00 
 -2.567289629951119423e-03   0.000000000000000000e+00 
 -2.381528168916702271e-01   0.000000000000000000e+00 
 -1.645231842994689664e-01   0.000000000000000000e+00 
 -6.089816801249981794e-03   0.000000000000000000e+00 
  2.555453684180974960e-03   0.000000000000000000e+00 
 -6.460780743509532756e-03   0.000000000000000000e+00 
  7.659212350845335804e-01   0.000000000000000000e+00 
  2.225263118743896207e-01   0.000000000000000000e+00 
  2.693514805287124027e-03   0.000000000000000000e+00 
 -1.410022145137191469e-03   0.000000000000000000e+00 
 -8.226788043975828690e-02   0.000000000000000000e+00 
 -1.075531169772148410e-01   0.000000000000000000e+00 
 -2.044697105884551655e-02   0.000000000000000000e+00 
  8.906114101409909334e-02   0.000000000000000000e+00 
  2.944728184957055069e-04   0.000000000000000000e+00 
  1.731419819407164834e-03   0.000000000000000000e+00 
 -6.545722018927335739e-03   0.000000000000000000e+00 
 -2.144685480743645754e-03   0.000000000000000000e+00 
  1.942298561334609985e-02   0.000000000000000000e+00 
  3.545497776940465841e-03   0.000000000000000000e+00 
  6.130842375569042291e-04   0.000000000000000000e+00 
 -6.205543177202343941e-04   0.000000000000000000e+00 
 -6.166511029005047190e-02   0.000000000000000000e+00 
 -3.947865590453147194e-02   0.000000000000000000e+00 
 -2.459820592775940028e-03   0.000000000000000000e+00 
 -1.367269316688179536e-03   0.000000000000000000e+00 
  2.689882647246123228e-03   0.000000000000000000e+00 
 -2.861815271899039934e-03   0.000000000000000000e+00 
  1.521173748187721860e-03   0.000000000000000000e+00 
 -3.155984915792942047e-03   0.000000000000000000e+00 
  1.324035460129382395e-03   0.000000000000000000e+00 
  1.076034083962440213e-01   0.000000000000000000e+00 
 -4.457321390509607489e-02   0.000000000000000000e+00 
  1.653963583521544933e-03   0.000000000000000000e+00 
  0.000000000000000000e+00   0.000000000000000000e+00 
  0.000000000000000000e+00   0.000000000000000000e+00 
  0.000000000000000000e+00   0.000000000000000000e+00 
  0.000000000000000000e+00   0.000000000000000000e+00 
  0.000000000000000000e+00   0.000000000000000000e+00 
  0.000000000000000000e+00   0.000000000000000000e+00 
  0.000000000000000000e+00   0.000000000000000000e+00 
  0.000000000000000000e+00   0.000000000000000000e+00 
  0.000000000000000000e+00   0.000000000000000000e+00 
  0.000000000000000000e+00   0.000000000000000000e+00 
  0.000000000000000000e+00   0.000000000000000000e+00 
  0.000000000000000000e+00   0.000000000000000000e+00 
  0.000000000000000000e+00   0.000000000000000000e+00 
  0.000000000000000000e+00   0.000000000000000000e+00 
  0.000000000000000000e+00   0.000000000000000000e+00 
  0.000000000000000000e+00   0.000000000000000000e+00 
  0.000000000000000000e+00   0.000000000000000000e+00 
  0.000000000000000000e+00   0.000000000000000000e+00 
  0.000000000000000000e+00   0.000000000000000000e+00 
  0.000000000000000000e+00   0.000000000000000000e+00 
  0.000000000000000000e+00   0.000000000000000000e+00 
  0.000000000000000000e+00   0.000000000000000000e+00 
  0.000000000000000000e+00   0.000000000000000000e+00 
  0.000000000000000000e+00   0.000000000000000000e+00 
  0.000000000000000000e+00   0.000000000000000000e+00 
  0.000000000000000000e+00   0.000000000000000000e+00 
  0.000000000000000000e+00   0.000000000000000000e+00 
  0.000000000000000000e+00   0.000000000000000000e+00 
  0.000000000000000000e+00   0.000000000000000000e+00 
  0.000000000000000000e+00   0.000000000000000000e+00 
  0.000000000000000000e+00   0.000000000000000000e+00 
  0.000000000000000000e+00   0.000000000000000000e+00 
  0.000000000000000000e+00   0.000000000000000000e+00 
  0.000000000000000000e+00   0.000000000000000000e+00 
  0.000000000000000000e+00   0.000000000000000000e+00 
  0.000000000000000000e+00   0.000000000000000000e+00 
  0.000000000000000000e+00   0.000000000000000000e+00 
  0.000000000000000000e+00   0.000000000000000000e+00 
  0.000000000000000000e+00   0.000000000000000000e+00 
  0.000000000000000000e+00   0.000000000000000000e+00 
  0.000000000000000000e+00   0.000000000000000000e+00 
  0.000000000000000000e+00   0.000000000000000000e+00 
  0.000000000000000000e+00   0.000000000000000000e+00 
  0.000000000000000000e+00   0.000000000000000000e+00 
  0.000000000000000000e+00   0.000000000000000000e+00 
  0.000000000000000000e+00   0.000000000000000000e+00 
  0.000000000000000000e+00   0.000000000000000000e+00 
  0.000000000000000000e+00   0.000000000000000000e+00 
  0.000000000000000000e+00   0.000000000000000000e+00 
  0.000000000000000000e+00   0.000000000000000000e+00 
  0.000000000000000000e+00   0.000000000000000000e+00 
  0.000000000000000000e+00   0.000000000000000000e+00 
  0.000000000000000000e+00   0.000000000000000000e+00 
  0.000000000000000000e+00   0.000000000000000000e+00 
  0.000000000000000000e+00   0.000000000000000000e+00 
  0.000000000000000000e+00   0.000000000000000000e+00 
  0.000000000000000000e+00   0.000000000000000000e+00 
  0.000000000000000000e+00   0.000000000000000000e+00 
  0.000000000000000000e+00   0.000000000000000000e+00 
  0.000000000000000000e+00   0.000000000000000000e+00 
  0.000000000000000000e+00   0.000000000000000000e+00 
  0.000000000000000000e+00   0.000000000000000000e+00 
  0.000000000000000000e+00   0.000000000000000000e+00 
  0.000000000000000000e+00   0.000000000000000000e+00 
  0.000000000000000000e+00   0.000000000000000000e+00 
  0.000000000000000000e+00   0.000000000000000000e+00 
  0.000000000000000000e+00   0.000000000000000000e+00 
  0.000000000000000000e+00   0.000000000000000000e+00 
  0.000000000000000000e+00   0.000000000000000000e+00 
  0.000000000000000000e+00   0.000000000000000000e+00 
  0.000000000000000000e+00   0.000000000000000000e+00 
  0.000000000000000000e+00   0.000000000000000000e+00 
  0.000000000000000000e+00   0.000000000000000000e+00 
  0.000000000000000000e+00   0.000000000000000000e+00 
  0.000000000000000000e+00   0.000000000000000000e+00 
  0.000000000000000000e+00   0.000000000000000000e+00 
  8.444303646685061629e-03   0.000000000000000000e+00 
 -7.034798152745866395e-03   0.000000000000000000e+00 
 -1.196771673858101730e-02   0.000000000000000000e+00 
  2.069451380520911585e-03   0.000000000000000000e+00 
 -1.278059789911129571e-03   0.000000000000000000e+00 
  2.599086798727487727e-02   0.000000000000000000e+00 
 -6.576828658580791132e-02   0.000000000000000000e+00 
  6.773007917213341462e-04   0.000000000000000000e+00 
 -7.091240258885028172e-04   0.000000000000000000e+00 
 -3.808667510747893586e-02   0.000000000000000000e+00 
 -5.030494648962046365e-04   0.000000000000000000e+00 
  1.556906267069414805e-03   0.000000000000000000e+00 
  5.159599822945401667e-04   0.000000000000000000e+00 
  7.002369966359119503e-04   0.000000000000000000e+00 
  9.691061568445985758e-04   0.000000000000000000e+00 
  7.485794485546851248e-04   0.000000000000000000e+00 
  4.973779246211023491e-02   0.000000000000000000e+00 
  1.123202815651894032e-01   0.000000000000000000e+00 
 -9.633817244321112201e-04   0.000000000000000000e+00 
 -1.604046788997947302e-03   0.000000000000000000e+00 
 -1.598844528198241355e-01   0.000000000000000000e+00 
  1.305385143496095917e-03   0.000000000000000000e+00 
 -1.549567678011949060e-03   0.000000000000000000e+00 
 -1.281292876228689931e-03   0.000000000000000000e+00 
  9.373271022923291814e-04   0.000000000000000000e+00 
  3.310815896838905596e-03   0.000000000000000000e+00 
  1.240176148712633956e-03   0.000000000000000000e+00 
 -1.495837569236756204e-01   0.000000000000000000e+00 
  1.770082861185069733e-03   0.000000000000000000e+00 
 -6.183958030305850527e-04   0.000000000000000000e+00 
 -1.277102082967757624e-01   0.000000000000000000e+00 
 -3.749418072402477698e-03   0.000000000000000000e+00 
  3.059872891753915008e-03   0.000000000000000000e+00 
  1.347185224294663863e-01   0.000000000000000000e+00 
 -1.050204038619995117e-02   0.000000000000000000e+00 
  2.229394624009728432e-03   0.000000000000000000e+00 
  7.958672195672984728e-02   0.000000000000000000e+00 
 -3.875640453770756288e-03   0.000000000000000000e+00 
 -1.847034902311860214e-03   0.000000000000000000e+00 
 -2.010423392057419933e-01   0.000000000000000000e+00 
  3.013088135048745762e-03   0.000000000000000000e+00 
  1.086504105478524641e-02   0.000000000000000000e+00 
  5.706348642706872420e-02   0.000000000000000000e+00 
 -1.134001533500851719e-03   0.000000000000000000e+00 
  1.603671722114085804e-02   0.000000000000000000e+00 
  4.923882894217967987e-03   0.000000000000000000e+00 
  9.339635260403156281e-03   0.000000000000000000e+00 
 -2.290612459182739535e-01   0.000000000000000000e+00 
  1.087718526832760248e-03   0.000000000000000000e+00 
  1.259407144971190365e-03   0.000000000000000000e+00 
  1.159610822796822288e-01   0.000000000000000000e+00 
 -3.146879673004149280e-01   0.000000000000000000e+00 
  4.092310555279255781e-03   0.000000000000000000e+00 
 -9.618703043088310412e-04   0.000000000000000000e+00 
  3.507893998175860319e-03   0.000000000000000000e+00 
  1.657169545069337542e-03   0.000000000000000000e+00 
 -3.228137036785482927e-03   0.000000000000000000e+00 
 -5.967144388705491152e-03   0.000000000000000000e+00 
  1.307443082332611362e-01   0.000000000000000000e+00 
  6.204756791703402996e-04   0.000000000000000000e+00 
  8.031381876207888126e-04   0.000000000000000000e+00 
  3.529818262904882431e-03   0.000000000000000000e+00 
 -5.003352998755878755e-04   0.000000000000000000e+00 
 -1.667852103710174283e-01   0.000000000000000000e+00 
 -9.841595310717827626e-04   0.000000000000000000e+00 
 -2.046798588708044833e-03   0.000000000000000000e+00 
 -4.273374099284409609e-03   0.000000000000000000e+00 
 -1.861234544776380062e-03   0.000000000000000000e+00 
 -2.382693439722062545e-01   0.000000000000000000e+00 
  1.032886211760342338e-03   0.000000000000000000e+00 
 -3.094245679676533179e-03   0.000000000000000000e+00 
  1.494264900684356412e-01   0.000000000000000000e+00 
  6.768615543842324001e-02   0.000000000000000000e+00 
  8.324073278345171974e-04   0.000000000000000000e+00 
  4.722460638731721533e-03   0.000000000000000000e+00 
  7.528807520866392933e-01   0.000000000000000000e+00 
  0.000000000000000000e+00   0.000000000000000000e+00 
  0.000000000000000000e+00   0.000000000000000000e+00 
  0.000000000000000000e+00   0.000000000000000000e+00 
  0.000000000000000000e+00   0.000000000000000000e+00 
  0.000000000000000000e+00   0.000000000000000000e+00 
  0.000000000000000000e+00   0.000000000000000000e+00 
  0.000000000000000000e+00   0.000000000000000000e+00 
  0.000000000000000000e+00   0.000000000000000000e+00 
  0.000000000000000000e+00   0.000000000000000000e+00 
  0.000000000000000000e+00   0.000000000000000000e+00 
  0.000000000000000000e+00   0.000000000000000000e+00 
  0.000000000000000000e+00   0.000000000000000000e+00 
  0.000000000000000000e+00   0.000000000000000000e+00 
  0.000000000000000000e+00   0.000000000000000000e+00 
  0.000000000000000000e+00   0.000000000000000000e+00 
  0.000000000000000000e+00   0.000000000000000000e+00 
  0.000000000000000000e+00   0.000000000000000000e+00 
  0.000000000000000000e+00   0.000000000000000000e+00 
  0.000000000000000000e+00   0.000000000000000000e+00 
  0.000000000000000000e+00   0.000000000000000000e+00 
  0.000000000000000000e+00   0.000000000000000000e+00 
  0.000000000000000000e+00   0.000000000000000000e+00 
  0.000000000000000000e+00   0.000000000000000000e+00 
  0.000000000000000000e+00   0.000000000000000000e+00 
  0.000000000000000000e+00   0.000000000000000000e+00 
  0.000000000000000000e+00   0.000000000000000000e+00 
  0.000000000000000000e+00   0.000000000000000000e+00 
  0.000000000000000000e+00   0.000000000000000000e+00 
  0.000000000000000000e+00   0.000000000000000000e+00 
  0.000000000000000000e+00   0.000000000000000000e+00 
  0.000000000000000000e+00   0.000000000000000000e+00 
  0.000000000000000000e+00   0.000000000000000000e+00 
  0.000000000000000000e+00   0.000000000000000000e+00 
  0.000000000000000000e+00   0.000000000000000000e+00 
  0.000000000000000000e+00   0.000000000000000000e+00 
  0.000000000000000000e+00   0.000000000000000000e+00 
  0.000000000000000000e+00   0.000000000000000000e+00 
  0.000000000000000000e+00   0.000000000000000000e+00 
  0.000000000000000000e+00   0.000000000000000000e+00 
  0.000000000000000000e+00   0.000000000000000000e+00 
  0.000000000000000000e+00   0.000000000000000000e+00 
  0.000000000000000000e+00   0.000000000000000000e+00 
  0.000000000000000000e+00   0.000000000000000000e+00 
  0.000000000000000000e+00   0.000000000000000000e+00 
  0.000000000000000000e+00   0.000000000000000000e+00 
  0.000000000000000000e+00   0.000000000000000000e+00 
  0.000000000000000000e+00   0.000000000000000000e+00 
  0.000000000000000000e+00   0.000000000000000000e+00 
  0.000000000000000000e+00   0.000000000000000000e+00 
  0.000000000000000000e+00   0.000000000000000000e+00 
  0.000000000000000000e+00   0.000000000000000000e+00 
  0.000000000000000000e+00   0.000000000000000000e+00 
  0.000000000000000000e+00   0.000000000000000000e+00 
  0.000000000000000000e+00   0.000000000000000000e+00 
  0.000000000000000000e+00   0.000000000000000000e+00 
  0.000000000000000000e+00   0.000000000000000000e+00 
  0.000000000000000000e+00   0.000000000000000000e+00 
  0.000000000000000000e+00   0.000000000000000000e+00 
  0.000000000000000000e+00   0.000000000000000000e+00 
  0.000000000000000000e+00   0.000000000000000000e+00 
  0.000000000000000000e+00   0.000000000000000000e+00 
  0.000000000000000000e+00   0.000000000000000000e+00 
  0.000000000000000000e+00   0.000000000000000000e+00 
  0.000000000000000000e+00   0.000000000000000000e+00 
  0.000000000000000000e+00   0.000000000000000000e+00 
  0.000000000000000000e+00   0.000000000000000000e+00 
  0.000000000000000000e+00   0.000000000000000000e+00 
  0.000000000000000000e+00   0.000000000000000000e+00 
  0.000000000000000000e+00   0.000000000000000000e+00 
  0.000000000000000000e+00   0.000000000000000000e+00 
  0.000000000000000000e+00   0.000000000000000000e+00 
  0.000000000000000000e+00   0.000000000000000000e+00 
  0.000000000000000000e+00   0.000000000000000000e+00 
  0.000000000000000000e+00   0.000000000000000000e+00 
  0.000000000000000000e+00   0.000000000000000000e+00 
  0.000000000000000000e+00   0.000000000000000000e+00 
  5.550884176046918216e-03   0.000000000000000000e+00 
  9.837278164924646504e-03   0.000000000000000000e+00 
 -1.870013214647826480e-02   0.000000000000000000e+00 
  1.088032592087984779e-02   0.000000000000000000e+00 
 -5.223010666668429815e-03   0.000000000000000000e+00 
 -3.299567475914999548e-02   0.000000000000000000e+00 
  4.827880859375005551e-02   0.000000000000000000e+00 
  2.443120349198639202e-03   0.000000000000000000e+00 
 -2.288390183821425918e-03   0.000000000000000000e+00 
 -1.462733140215292200e-03   0.000000000000000000e+00 
 -3.427027026191260990e-03   0.000000000000000000e+00 
 -1.924486132338524679e-03   0.000000000000000000e+00 
  2.446394879370870131e-03   0.000000000000000000e+00 
 -2.439297037199206816e-03   0.000000000000000000e+00 
  1.923627569340914006e-04   0.000000000000000000e+00 
  5.011883913538818774e-04   0.000000000000000000e+00 
  1.049209386110321399e-02   0.000000000000000000e+00 
  8.601535856723797890e-02   0.000000000000000000e+00 
 -6.636452744714904910e-04   0.000000000000000000e+00 
 -4.532097955234336306e-04   0.000000000000000000e+00 
  7.418825477361670750e-02   0.000000000000000000e+00 
  7.860697805881480729e-04   0.000000000000000000e+00 
 -4.392053466290203427e-03   0.000000000000000000e+00 
 -1.260141871171066704e-04   0.000000000000000000e+00 
  2.484078751876950264e-03   0.000000000000000000e+00 
  1.615311950445173219e-03   0.000000000000000000e+00 
  5.974451778456541613e-04   0.000000000000000000e+00 
 -4.126958921551703713e-02   0.000000000000000000e+00 
  2.601953689008925600e-03   0.000000000000000000e+00 
  3.145344788208579573e-03   0.000000000000000000e+00 
  1.421353071928026235e-01   0.000000000000000000e+00 
  1.032799715176232081e-03   0.000000000000000000e+00 
 -2.755610912572458598e-04   0.000000000000000000e+00 
 -1.103932633996009827e-01   0.000000000000000000e+00 
 -5.890431627631187439e-02   0.000000000000000000e+00 
 -1.667290227487674839e-03   0.000000000000000000e+00 
 -2.240009009838103693e-01   0.000000000000000000e+00 
  2.040171436965465893e-02   0.000000000000000000e+00 
 -2.506103133782741806e-03   0.000000000000000000e+00 
 -4.003108665347104855e-02   0.000000000000000000e+00 
  1.085152663290500120e-02   0.000000000000000000e+00 
  5.202768370509144868e-02   0.000000000000000000e+00 
 -2.942116558551787775e-01   0.000000000000000000e+00 
 -1.672237552702427951e-02   0.000000000000000000e+00 
  1.037341430783271512e-01   0.000000000000000000e+00 
  6.962877511978150802e-02   0.000000000000000000e+00 
  3.619766235351562500e-02   0.000000000000000000e+00 
 -4.686219394207001843e-01   0.000000000000000000e+00 
  1.030069403350354108e-02   0.000000000000000000e+00 
 -9.730107150971892965e-03   0.000000000000000000e+00 
  4.411081969738007147e-01   0.000000000000000000e+00 
  1.881340593099593561e-01   0.000000000000000000e+00 
  1.752850413322448730e-02   0.000000000000000000e+00 
 -2.969964174553747609e-03   0.000000000000000000e+00 
  1.401303149759770134e-02   0.000000000000000000e+00 
  4.294150974601511524e-03   0.000000000000000000e+00 
  4.011783748865126696e-03   0.000000000000000000e+00 
  5.262005142867565155e-03   0.000000000000000000e+00 
  6.500841118395371022e-03   0.000000000000000000e+00 
  2.117295982316136360e-03   0.000000000000000000e+00 
  8.470098255202173103e-04   0.000000000000000000e+00 
 -1.791809452697633396e-03   0.000000000000000000e+00 
 -5.753703881055115786e-03   0.000000000000000000e+00 
 -1.146116107702254833e-01   0.000000000000000000e+00 
  9.001502185128601018e-04   0.000000000000000000e+00 
 -3.608098719269042885e-03   0.000000000000000000e+00 
 -1.552217546850442539e-02   0.000000000000000000e+00 
  7.257258519530294591e-03   0.000000000000000000e+00 
 -2.829784750938415527e-01   0.000000000000000000e+00 
  3.663045354187492459e-03   0.000000000000000000e+00 
 -2.853903546929359436e-02   0.000000000000000000e+00 
  2.941339910030364990e-01   0.000000000000000000e+00 
 -3.263670206069946844e-01   0.000000000000000000e+00 
 -6.742592900991438085e-03   0.000000000000000000e+00 
  5.342392995953561957e-02   0.000000000000000000e+00 
 -2.441646009683609564e-01   0.000000000000000000e+00 
  0.000000000000000000e+00   0.000000000000000000e+00 
  0.000000000000000000e+00   0.000000000000000000e+00 
  0.000000000000000000e+00   0.000000000000000000e+00 
  0.000000000000000000e+00   0.000000000000000000e+00 
  0.000000000000000000e+00   0.000000000000000000e+00 
  0.000000000000000000e+00   0.000000000000000000e+00 
  0.000000000000000000e+00   0.000000000000000000e+00 
  0.000000000000000000e+00   0.000000000000000000e+00 
  0.000000000000000000e+00   0.000000000000000000e+00 
  0.000000000000000000e+00   0.000000000000000000e+00 
  0.000000000000000000e+00   0.000000000000000000e+00 
  0.000000000000000000e+00   0.000000000000000000e+00 
  0.000000000000000000e+00   0.000000000000000000e+00 
  0.000000000000000000e+00   0.000000000000000000e+00 
  0.000000000000000000e+00   0.000000000000000000e+00 
  0.000000000000000000e+00   0.000000000000000000e+00 
  0.000000000000000000e+00   0.000000000000000000e+00 
  0.000000000000000000e+00   0.000000000000000000e+00 
  0.000000000000000000e+00   0.000000000000000000e+00 
  0.000000000000000000e+00   0.000000000000000000e+00 
  0.000000000000000000e+00   0.000000000000000000e+00 
  0.000000000000000000e+00   0.000000000000000000e+00 
  0.000000000000000000e+00   0.000000000000000000e+00 
  0.000000000000000000e+00   0.000000000000000000e+00 
  0.000000000000000000e+00   0.000000000000000000e+00 
  0.000000000000000000e+00   0.000000000000000000e+00 
  0.000000000000000000e+00   0.000000000000000000e+00 
  0.000000000000000000e+00   0.000000000000000000e+00 
  0.000000000000000000e+00   0.000000000000000000e+00 
  0.000000000000000000e+00   0.000000000000000000e+00 
  0.000000000000000000e+00   0.000000000000000000e+00 
  0.000000000000000000e+00   0.000000000000000000e+00 
  0.000000000000000000e+00   0.000000000000000000e+00 
  0.000000000000000000e+00   0.000000000000000000e+00 
  0.000000000000000000e+00   0.000000000000000000e+00 
  0.000000000000000000e+00   0.000000000000000000e+00 
  0.000000000000000000e+00   0.000000000000000000e+00 
  0.000000000000000000e+00   0.000000000000000000e+00 
  0.000000000000000000e+00   0.000000000000000000e+00 
  0.000000000000000000e+00   0.000000000000000000e+00 
  0.000000000000000000e+00   0.000000000000000000e+00 
  0.000000000000000000e+00   0.000000000000000000e+00 
  0.000000000000000000e+00   0.000000000000000000e+00 
  0.000000000000000000e+00   0.000000000000000000e+00 
  0.000000000000000000e+00   0.000000000000000000e+00 
  0.000000000000000000e+00   0.000000000000000000e+00 
  0.000000000000000000e+00   0.000000000000000000e+00 
  0.000000000000000000e+00   0.000000000000000000e+00 
  0.000000000000000000e+00   0.000000000000000000e+00 
  0.000000000000000000e+00   0.000000000000000000e+00 
  0.000000000000000000e+00   0.000000000000000000e+00 
  0.000000000000000000e+00   0.000000000000000000e+00 
  0.000000000000000000e+00   0.000000000000000000e+00 
  0.000000000000000000e+00   0.000000000000000000e+00 
  0.000000000000000000e+00   0.000000000000000000e+00 
  0.000000000000000000e+00   0.000000000000000000e+00 
  0.000000000000000000e+00   0.000000000000000000e+00 
  0.000000000000000000e+00   0.000000000000000000e+00 
  0.000000000000000000e+00   0.000000000000000000e+00 
  0.000000000000000000e+00   0.000000000000000000e+00 
  0.000000000000000000e+00   0.000000000000000000e+00 
  0.000000000000000000e+00   0.000000000000000000e+00 
  0.000000000000000000e+00   0.000000000000000000e+00 
  0.000000000000000000e+00   0.000000000000000000e+00 
  0.000000000000000000e+00   0.000000000000000000e+00 
  0.000000000000000000e+00   0.000000000000000000e+00 
  0.000000000000000000e+00   0.000000000000000000e+00 
  0.000000000000000000e+00   0.000000000000000000e+00 
  0.000000000000000000e+00   0.000000000000000000e+00 
  0.000000000000000000e+00   0.000000000000000000e+00 
  0.000000000000000000e+00   0.000000000000000000e+00 
  0.000000000000000000e+00   0.000000000000000000e+00 
  0.000000000000000000e+00   0.000000000000000000e+00 
  0.000000000000000000e+00   0.000000000000000000e+00 
  0.000000000000000000e+00   0.000000000000000000e+00 
  0.000000000000000000e+00   0.000000000000000000e+00 
 -1.804252504370287185e-03   0.000000000000000000e+00 
  1.719977520406269778e-02   0.000000000000000000e+00 
 -1.176411937922272437e-02   0.000000000000000000e+00 
  1.490049902349716709e-02   0.000000000000000000e+00 
 -3.662961069494311949e-03   0.000000000000000000e+00 
 -1.043628156185170963e-02   0.000000000000000000e+00 
  1.429770141839980906e-02   0.000000000000000000e+00 
 -1.125843264162463186e-04   0.000000000000000000e+00 
 -5.861670710146239804e-03   0.000000000000000000e+00 
  1.482028327882291968e-02   0.000000000000000000e+00 
 -2.016890095546816902e-03   0.000000000000000000e+00 
 -4.964692052453910723e-03   0.000000000000000000e+00 
  5.742441862821740309e-03   0.000000000000000000e+00 
 -1.042033545673078489e-03   0.000000000000000000e+00 
  5.944695696234728044e-02   0.000000000000000000e+00 
  2.039972506463541210e-02   0.000000000000000000e+00 
  5.594078451395039994e-03   0.000000000000000000e+00 
 -2.279799245297910518e-02   0.000000000000000000e+00 
 -2.362889051437377236e-02   0.000000000000000000e+00 
  4.188932012766611798e-03   0.000000000000000000e+00 
 -4.024572670459754947e-02   0.000000000000000000e+00 
  5.279271863400910106e-04   0.000000000000000000e+00 
 -3.979931119829374642e-03   0.000000000000000000e+00 
  3.178188111633063664e-03   0.000000000000000000e+00 
 -1.782725332304835103e-03   0.000000000000000000e+00 
  3.176392242312430642e-02   0.000000000000000000e+00 
 -4.125488549470899408e-02   0.000000000000000000e+00 
  4.146619467064652622e-04   0.000000000000000000e+00 
  5.295613314956390191e-03   0.000000000000000000e+00 
  1.013001799583431763e-02   0.000000000000000000e+00 
  3.672005981206896003e-02   0.000000000000000000e+00 
 -2.472235821187480573e-03   0.000000000000000000e+00 
  2.769245300442001612e-03   0.000000000000000000e+00 
  2.290862612426306563e-03   0.000000000000000000e+00 
 -7.577902078628540039e-02   0.000000000000000000e+00 
  7.874061120674113838e-04   0.000000000000000000e+00 
 -2.990403585135936737e-02   0.000000000000000000e+00 
 -1.216240525245666643e-01   0.000000000000000000e+00 
  2.375505268573760154e-01   0.000000000000000000e+00 
 -1.380253490060569244e-02   0.000000000000000000e+00 
  1.481122057884930697e-02   0.000000000000000000e+00 
  5.810699239373202235e-02   0.000000000000000000e+00 
 -7.027436792850495773e-02   0.000000000000000000e+00 
 -1.894709281623364536e-02   0.000000000000000000e+00 
  1.232464537024497570e-01   0.000000000000000000e+00 
 -3.518453836441041149e-01   0.000000000000000000e+00 
 -8.246681094169616699e-01   0.000000000000000000e+00 
 -4.003719240427017906e-02   0.000000000000000000e+00 
  8.931193500757231285e-03   0.000000000000000000e+00 
 -1.277235709130764701e-02   0.000000000000000000e+00 
  4.835714399814606407e-02   0.000000000000000000e+00 
 -3.689490258693691599e-02   0.000000000000000000e+00 
  3.234068304300308228e-02   0.000000000000000000e+00 
 -3.873224603012197665e-03   0.000000000000000000e+00 
  2.488856203854084362e-02   0.000000000000000000e+00 
  1.437099650502205242e-02   0.000000000000000000e+00 
 -3.155682608485222557e-02   0.000000000000000000e+00 
  2.215173095464706074e-02   0.000000000000000000e+00 
 -4.578097257763150824e-03   0.000000000000000000e+00 
  5.803199019283055392e-03   0.000000000000000000e+00 
  3.496057353913784461e-03   0.000000000000000000e+00 
  1.522523537278175874e-02   0.000000000000000000e+00 
 -3.436307236552236383e-02   0.000000000000000000e+00 
 -1.513428892940281434e-02   0.000000000000000000e+00 
  1.725416397675868813e-03   0.000000000000000000e+00 
 -2.293084189295769432e-02   0.000000000000000000e+00 
  1.018143892288207730e-01   0.000000000000000000e+00 
 -2.098923325538634699e-01   0.000000000000000000e+00 
 -3.967016935348512824e-02   0.000000000000000000e+00 
  6.595649756491187704e-03   0.000000000000000000e+00 
 -4.419827088713645935e-02   0.000000000000000000e+00 
  9.365877509117126465e-02   0.000000000000000000e+00 
  1.161468178033828874e-01   0.000000000000000000e+00 
 -1.070565637201070265e-02   0.000000000000000000e+00 
  7.974514365196230803e-02   0.000000000000000000e+00 
 -7.164181023836137252e-02   0.000000000000000000e+00 
  0.000000000000000000e+00   0.000000000000000000e+00 
  0.000000000000000000e+00   0.000000000000000000e+00 
  0.000000000000000000e+00   0.000000000000000000e+00 
  0.000000000000000000e+00   0.000000000000000000e+00 
  0.000000000000000000e+00   0.000000000000000000e+00 
  0.000000000000000000e+00   0.000000000000000000e+00 
  0.000000000000000000e+00   0.000000000000000000e+00 
  0.000000000000000000e+00   0.000000000000000000e+00 
  0.000000000000000000e+00   0.000000000000000000e+00 
  0.000000000000000000e+00   0.000000000000000000e+00 
  0.000000000000000000e+00   0.000000000000000000e+00 
  0.000000000000000000e+00   0.000000000000000000e+00 
  0.000000000000000000e+00   0.000000000000000000e+00 
  0.000000000000000000e+00   0.000000000000000000e+00 
  0.000000000000000000e+00   0.000000000000000000e+00 
  0.000000000000000000e+00   0.000000000000000000e+00 
  0.000000000000000000e+00   0.000000000000000000e+00 
  0.000000000000000000e+00   0.000000000000000000e+00 
  0.000000000000000000e+00   0.000000000000000000e+00 
  0.000000000000000000e+00   0.000000000000000000e+00 
  0.000000000000000000e+00   0.000000000000000000e+00 
  0.000000000000000000e+00   0.000000000000000000e+00 
  0.000000000000000000e+00   0.000000000000000000e+00 
  0.000000000000000000e+00   0.000000000000000000e+00 
  0.000000000000000000e+00   0.000000000000000000e+00 
  0.000000000000000000e+00   0.000000000000000000e+00 
  0.000000000000000000e+00   0.000000000000000000e+00 
  0.000000000000000000e+00   0.000000000000000000e+00 
  0.000000000000000000e+00   0.000000000000000000e+00 
  0.000000000000000000e+00   0.000000000000000000e+00 
  0.000000000000000000e+00   0.000000000000000000e+00 
  0.000000000000000000e+00   0.000000000000000000e+00 
  0.000000000000000000e+00   0.000000000000000000e+00 
  0.000000000000000000e+00   0.000000000000000000e+00 
  0.000000000000000000e+00   0.000000000000000000e+00 
  0.000000000000000000e+00   0.000000000000000000e+00 
  0.000000000000000000e+00   0.000000000000000000e+00 
  0.000000000000000000e+00   0.000000000000000000e+00 
  0.000000000000000000e+00   0.000000000000000000e+00 
  0.000000000000000000e+00   0.000000000000000000e+00 
  0.000000000000000000e+00   0.000000000000000000e+00 
  0.000000000000000000e+00   0.000000000000000000e+00 
  0.000000000000000000e+00   0.000000000000000000e+00 
  0.000000000000000000e+00   0.000000000000000000e+00 
  0.000000000000000000e+00   0.000000000000000000e+00 
  0.000000000000000000e+00   0.000000000000000000e+00 
  0.000000000000000000e+00   0.000000000000000000e+00 
  0.000000000000000000e+00   0.000000000000000000e+00 
  0.000000000000000000e+00   0.000000000000000000e+00 
  0.000000000000000000e+00   0.000000000000000000e+00 
  0.000000000000000000e+00   0.000000000000000000e+00 
  0.000000000000000000e+00   0.000000000000000000e+00 
  0.000000000000000000e+00   0.000000000000000000e+00 
  0.000000000000000000e+00   0.000000000000000000e+00 
  0.000000000000000000e+00   0.000000000000000000e+00 
  0.000000000000000000e+00   0.000000000000000000e+00 
  0.000000000000000000e+00   0.000000000000000000e+00 
  0.000000000000000000e+00   0.000000000000000000e+00 
  0.000000000000000000e+00   0.000000000000000000e+00 
  0.000000000000000000e+00   0.000000000000000000e+00 
  0.000000000000000000e+00   0.000000000000000000e+00 
  0.000000000000000000e+00   0.000000000000000000e+00 
  0.000000000000000000e+00   0.000000000000000000e+00 
  0.000000000000000000e+00   0.000000000000000000e+00 
  0.000000000000000000e+00   0.000000000000000000e+00 
  0.000000000000000000e+00   0.000000000000000000e+00 
  0.000000000000000000e+00   0.000000000000000000e+00 
  0.000000000000000000e+00   0.000000000000000000e+00 
  0.000000000000000000e+00   0.000000000000000000e+00 
  0.000000000000000000e+00   0.000000000000000000e+00 
  0.000000000000000000e+00   0.000000000000000000e+00 
  0.000000000000000000e+00   0.000000000000000000e+00 
  0.000000000000000000e+00   0.000000000000000000e+00 
  0.000000000000000000e+00   0.000000000000000000e+00 
  0.000000000000000000e+00   0.000000000000000000e+00 
  0.000000000000000000e+00   0.000000000000000000e+00 
 -2.377198077738321494e-03   0.000000000000000000e+00 
 -3.235548967495314315e-03   0.000000000000000000e+00 
  1.104105496778942609e-03   0.000000000000000000e+00 
 -1.684648450463607566e-03   0.000000000000000000e+00 
  6.241972005240690026e-05   0.000000000000000000e+00 
  1.143965055234658903e-03   0.000000000000000000e+00 
 -3.102847374975624493e-03   0.000000000000000000e+00 
 -1.029019616544235918e-02   0.000000000000000000e+00 
 -4.652424156665932453e-02   0.000000000000000000e+00 
 -9.541602339595653837e-04   0.000000000000000000e+00 
  9.349340945482277621e-02   0.000000000000000000e+00 
  1.688497327268105239e-02   0.000000000000000000e+00 
  1.725518144667206183e-02   0.000000000000000000e+00 
 -2.757194824516823531e-02   0.000000000000000000e+00 
 -9.799839463085090099e-04   0.000000000000000000e+00 
 -1.355056767352079763e-03   0.000000000000000000e+00 
 -6.569430843228078526e-05   0.000000000000000000e+00 
  2.259957604110241370e-03   0.000000000000000000e+00 
  1.104551600292328056e-03   0.000000000000000000e+00 
 -1.647677156142890453e-03   0.000000000000000000e+00 
  2.066524932160972682e-03   0.000000000000000000e+00 
 -1.810512691736219232e-02   0.000000000000000000e+00 
 -1.053053215146061566e-01   0.000000000000000000e+00 
  5.987469921819865704e-04   0.000000000000000000e+00 
  2.127779647707939148e-03   0.000000000000000000e+00 
 -5.364365642890327624e-04   0.000000000000000000e+00 
  2.339388709515331441e-03   0.000000000000000000e+00 
 -1.948867226019501469e-03   0.000000000000000000e+00 
  1.101743355393407786e-01   0.000000000000000000e+00 
  8.279606699943524439e-02   0.000000000000000000e+00 
 -1.844160724431278056e-03   0.000000000000000000e+00 
 -1.362694799900050491e-01   0.000000000000000000e+00 
 -8.954078704118709209e-02   0.000000000000000000e+00 
  1.417935127392411015e-03   0.000000000000000000e+00 
 -1.285938024520874301e-01   0.000000000000000000e+00 
 -4.555246606469155052e-02   0.000000000000000000e+00 
  1.585137913934885588e-03   0.000000000000000000e+00 
  5.482771084643898226e-04   0.000000000000000000e+00 
 -4.368292575236407734e-04   0.000000000000000000e+00 
  7.458878098987041820e-04   0.000000000000000000e+00 
 -1.310944650322196786e-02   0.000000000000000000e+00 
  1.033553108572957541e-01   0.000000000000000000e+00 
 -2.589158480986951914e-03   0.000000000000000000e+00 
  1.738821566104889194e-01   0.000000000000000000e+00 
 -3.200541734695432350e-01   0.000000000000000000e+00 
 -7.203522603958846873e-03   0.000000000000000000e+00 
  4.394359886646270752e-03   0.000000000000000000e+00 
  3.563471836969257268e-03   0.000000000000000000e+00 
 -1.909712143242351182e-02   0.000000000000000000e+00 
  2.290332876145821997e-02   0.000000000000000000e+00 
  2.212630584836006165e-03   0.000000000000000000e+00 
  4.646851215511558705e-03   0.000000000000000000e+00 
  3.745543062686919056e-01   0.000000000000000000e+00 
 -2.143080234527587058e-01   0.000000000000000000e+00 
 -8.296872256323536889e-04   0.000000000000000000e+00 
 -4.676579963415838578e-03   0.000000000000000000e+00 
  5.711385514587163058e-03   0.000000000000000000e+00 
 -7.133507169783114520e-03   0.000000000000000000e+00 
  3.167869755998253389e-03   0.000000000000000000e+00 
  1.426480739610269666e-04   0.000000000000000000e+00 
 -3.028328937944025885e-04   0.000000000000000000e+00 
  1.499129110015927444e-03   0.000000000000000000e+00 
 -3.247793531045317216e-03   0.000000000000000000e+00 
 -4.365557804703714198e-03   0.000000000000000000e+00 
 -3.392444550991056268e-02   0.000000000000000000e+00 
  6.820248812437050556e-02   0.000000000000000000e+00 
 -3.867534920573233691e-03   0.000000000000000000e+00 
  2.672807313501834869e-03   0.000000000000000000e+00 
  7.611841429024937371e-03   0.000000000000000000e+00 
  3.606977686285971901e-02   0.000000000000000000e+00 
  1.886617094278337514e-01   0.000000000000000000e+00 
  1.725420472212136659e-03   0.000000000000000000e+00 
 -4.530181176960480761e-04   0.000000000000000000e+00 
  1.448581516742706021e-01   0.000000000000000000e+00 
  7.184850573539736107e-01   0.000000000000000000e+00 
 -1.172291929833590334e-03   0.000000000000000000e+00 
  0.000000000000000000e+00   0.000000000000000000e+00 
  0.000000000000000000e+00   0.000000000000000000e+00 
  0.000000000000000000e+00   0.000000000000000000e+00 
  0.000000000000000000e+00   0.000000000000000000e+00 
  0.000000000000000000e+00   0.000000000000000000e+00 
  0.000000000000000000e+00   0.000000000000000000e+00 
  0.000000000000000000e+00   0.000000000000000000e+00 
  0.000000000000000000e+00   0.000000000000000000e+00 
  0.000000000000000000e+00   0.000000000000000000e+00 
  0.000000000000000000e+00   0.000000000000000000e+00 
  0.000000000000000000e+00   0.000000000000000000e+00 
  0.000000000000000000e+00   0.000000000000000000e+00 
  0.000000000000000000e+00   0.000000000000000000e+00 
  0.000000000000000000e+00   0.000000000000000000e+00 
  0.000000000000000000e+00   0.000000000000000000e+00 
  0.000000000000000000e+00   0.000000000000000000e+00 
  0.000000000000000000e+00   0.000000000000000000e+00 
  0.000000000000000000e+00   0.000000000000000000e+00 
  0.000000000000000000e+00   0.000000000000000000e+00 
  0.000000000000000000e+00   0.000000000000000000e+00 
  0.000000000000000000e+00   0.000000000000000000e+00 
  0.000000000000000000e+00   0.000000000000000000e+00 
  0.000000000000000000e+00   0.000000000000000000e+00 
  0.000000000000000000e+00   0.000000000000000000e+00 
  0.000000000000000000e+00   0.000000000000000000e+00 
  0.000000000000000000e+00   0.000000000000000000e+00 
  0.000000000000000000e+00   0.000000000000000000e+00 
  0.000000000000000000e+00   0.000000000000000000e+00 
  0.000000000000000000e+00   0.000000000000000000e+00 
  0.000000000000000000e+00   0.000000000000000000e+00 
  0.000000000000000000e+00   0.000000000000000000e+00 
  0.000000000000000000e+00   0.000000000000000000e+00 
  0.000000000000000000e+00   0.000000000000000000e+00 
  0.000000000000000000e+00   0.000000000000000000e+00 
  0.000000000000000000e+00   0.000000000000000000e+00 
  0.000000000000000000e+00   0.000000000000000000e+00 
  0.000000000000000000e+00   0.000000000000000000e+00 
  0.000000000000000000e+00   0.000000000000000000e+00 
  0.000000000000000000e+00   0.000000000000000000e+00 
  0.000000000000000000e+00   0.000000000000000000e+00 
  0.000000000000000000e+00   0.000000000000000000e+00 
  0.000000000000000000e+00   0.000000000000000000e+00 
  0.000000000000000000e+00   0.000000000000000000e+00 
  0.000000000000000000e+00   0.000000000000000000e+00 
  0.000000000000000000e+00   0.000000000000000000e+00 
  0.000000000000000000e+00   0.000000000000000000e+00 
  0.000000000000000000e+00   0.000000000000000000e+00 
  0.000000000000000000e+00   0.000000000000000000e+00 
  0.000000000000000000e+00   0.000000000000000000e+00 
  0.000000000000000000e+00   0.000000000000000000e+00 
  0.000000000000000000e+00   0.000000000000000000e+00 
  0.000000000000000000e+00   0.000000000000000000e+00 
  0.000000000000000000e+00   0.000000000000000000e+00 
  0.000000000000000000e+00   0.000000000000000000e+00 
  0.000000000000000000e+00   0.000000000000000000e+00 
  0.000000000000000000e+00   0.000000000000000000e+00 
  0.000000000000000000e+00   0.000000000000000000e+00 
  0.000000000000000000e+00   0.000000000000000000e+00 
  0.000000000000000000e+00   0.000000000000000000e+00 
  0.000000000000000000e+00   0.000000000000000000e+00 
  0.000000000000000000e+00   0.000000000000000000e+00 
  0.000000000000000000e+00   0.000000000000000000e+00 
  0.000000000000000000e+00   0.000000000000000000e+00 
  0.000000000000000000e+00   0.000000000000000000e+00 
  0.000000000000000000e+00   0.000000000000000000e+00 
  0.000000000000000000e+00   0.000000000000000000e+00 
  0.000000000000000000e+00   0.000000000000000000e+00 
  0.000000000000000000e+00   0.000000000000000000e+00 
  0.000000000000000000e+00   0.000000000000000000e+00 
  0.000000000000000000e+00   0.000000000000000000e+00 
  0.000000000000000000e+00   0.000000000000000000e+00 
  0.000000000000000000e+00   0.000000000000000000e+00 
  0.000000000000000000e+00   0.000000000000000000e+00 
  0.000000000000000000e+00   0.000000000000000000e+00 
  0.000000000000000000e+00   0.000000000000000000e+00 
  0.000000000000000000e+00   0.000000000000000000e+00 
  2.053711505143158370e-04   0.000000000000000000e+00 
  2.949030604213593275e-03   0.000000000000000000e+00 
  3.612906439229889369e-04   0.000000000000000000e+00 
  5.666943616240696299e-04   0.000000000000000000e+00 
  3.202715422959362488e-03   0.000000000000000000e+00 
  1.323745585978011426e-03   0.000000000000000000e+00 
  6.565528456121870688e-04   0.000000000000000000e+00 
 -5.683028697967437703e-02   0.000000000000000000e+00 
  5.054460372776388953e-03   0.000000000000000000e+00 
  2.216682536527556525e-03   0.000000000000000000e+00 
  2.361454069614365645e-02   0.000000000000000000e+00 
 -8.973451703786947120e-02   0.000000000000000000e+00 
 -2.218566834926629858e-02   0.000000000000000000e+00 
 -9.286410175263905969e-03   0.000000000000000000e+00 
 -5.365519318727398007e-04   0.000000000000000000e+00 
 -9.544431231918319757e-04   0.000000000000000000e+00 
 -2.126643666997553219e-03   0.000000000000000000e+00 
 -1.904275617562235269e-03   0.000000000000000000e+00 
 -5.887677543796609753e-04   0.000000000000000000e+00 
  1.496719312854110110e-03   0.000000000000000000e+00 
 -1.924542360939084833e-03   0.000000000000000000e+00 
 -1.155796498060225885e-01   0.000000000000000000e+00 
  1.926161721348760431e-02   0.000000000000000000e+00 
 -2.218213630840183660e-04   0.000000000000000000e+00 
  8.714758441783487797e-04   0.000000000000000000e+00 
 -2.873356221243741730e-03   0.000000000000000000e+00 
 -1.196168130263684879e-03   0.000000000000000000e+00 
  1.789773232303560431e-03   0.000000000000000000e+00 
  8.834213763475415315e-02   0.000000000000000000e+00 
 -1.067425683140754283e-01   0.000000000000000000e+00 
  2.261717570945622272e-03   0.000000000000000000e+00 
  9.357940405607220735e-02   0.000000000000000000e+00 
 -1.399867832660675881e-01   0.000000000000000000e+00 
 -9.878542041406039760e-04   0.000000000000000000e+00 
  5.805592611432065786e-02   0.000000000000000000e+00 
 -1.131239905953407981e-01   0.000000000000000000e+00 
  6.032663513906306573e-04   0.000000000000000000e+00 
  3.583429381251334710e-03   0.000000000000000000e+00 
 -3.537846496328712594e-04   0.000000000000000000e+00 
  1.705305658106234606e-05   0.000000000000000000e+00 
 -1.013862118124961298e-01   0.000000000000000000e+00 
 -8.954898454248872222e-03   0.000000000000000000e+00 
  1.548903412185609341e-03   0.000000000000000000e+00 
  3.258379399776458740e-01   0.000000000000000000e+00 
  1.746475994586943747e-01   0.000000000000000000e+00 
 -5.282422062009569730e-04   0.000000000000000000e+00 
 -1.069904421456158161e-03   0.000000000000000000e+00 
 -1.699255313724279621e-03   0.000000000000000000e+00 
  3.534556925296783447e-02   0.000000000000000000e+00 
  2.587034925818444686e-02   0.000000000000000000e+00 
 -1.223123632371425412e-03   0.000000000000000000e+00 
 -1.779180252924560850e-03   0.000000000000000000e+00 
 -2.222555577754973533e-01   0.000000000000000000e+00 
 -3.812021911144255482e-01   0.000000000000000000e+00 
 -5.897395778447406950e-03   0.000000000000000000e+00 
  1.019816752523185904e-02   0.000000000000000000e+00 
  8.326502866111696851e-04   0.000000000000000000e+00 
  8.462773635983465367e-03   0.000000000000000000e+00 
 -1.591868232935666821e-03   0.000000000000000000e+00 
 -6.274741026572882045e-04   0.000000000000000000e+00 
 -2.370198853896007284e-05   0.000000000000000000e+00 
 -6.348422262817621231e-03   0.000000000000000000e+00 
  1.034417655318976316e-03   0.000000000000000000e+00 
  3.681966802105308013e-03   0.000000000000000000e+00 
 -6.066096574068065989e-02   0.000000000000000000e+00 
 -3.302374109625814957e-02   0.000000000000000000e+00 
  3.242031438276171251e-03   0.000000000000000000e+00 
 -3.640109789557754451e-04   0.000000000000000000e+00 
 -4.013563971966506785e-03   0.000000000000000000e+00 
  1.941011399030686535e-01   0.000000000000000000e+00 
 -2.454406954348086964e-02   0.000000000000000000e+00 
 -2.309236333530942183e-05   0.000000000000000000e+00 
 -2.108260756358504295e-03   0.000000000000000000e+00 
  7.078721523284908779e-01   0.000000000000000000e+00 
 -1.420225799083709717e-01   0.000000000000000000e+00 
  6.696296040900048341e-04   0.000000000000000000e+00 
  0.000000000000000000e+00   0.000000000000000000e+00 
  0.000000000000000000e+00   0.000000000000000000e+00 
  0.000000000000000000e+00   0.000000000000000000e+00 
  0.000000000000000000e+00   0.000000000000000000e+00 
  0.000000000000000000e+00   0.000000000000000000e+00 
  0.000000000000000000e+00   0.000000000000000000e+00 
  0.000000000000000000e+00   0.000000000000000000e+00 
  0.000000000000000000e+00   0.000000000000000000e+00 
  0.000000000000000000e+00   0.000000000000000000e+00 
  0.000000000000000000e+00   0.000000000000000000e+00 
  0.000000000000000000e+00   0.000000000000000000e+00 
  0.000000000000000000e+00   0.000000000000000000e+00 
  0.000000000000000000e+00   0.000000000000000000e+00 
  0.000000000000000000e+00   0.000000000000000000e+00 
  0.000000000000000000e+00   0.000000000000000000e+00 
  0.000000000000000000e+00   0.000000000000000000e+00 
  0.000000000000000000e+00   0.000000000000000000e+00 
  0.000000000000000000e+00   0.000000000000000000e+00 
  0.000000000000000000e+00   0.000000000000000000e+00 
  0.000000000000000000e+00   0.000000000000000000e+00 
  0.000000000000000000e+00   0.000000000000000000e+00 
  0.000000000000000000e+00   0.000000000000000000e+00 
  0.000000000000000000e+00   0.000000000000000000e+00 
  0.000000000000000000e+00   0.000000000000000000e+00 
  0.000000000000000000e+00   0.000000000000000000e+00 
  0.000000000000000000e+00   0.000000000000000000e+00 
  0.000000000000000000e+00   0.000000000000000000e+00 
  0.000000000000000000e+00   0.000000000000000000e+00 
  0.000000000000000000e+00   0.000000000000000000e+00 
  0.000000000000000000e+00   0.000000000000000000e+00 
  0.000000000000000000e+00   0.000000000000000000e+00 
  0.000000000000000000e+00   0.000000000000000000e+00 
  0.000000000000000000e+00   0.000000000000000000e+00 
  0.000000000000000000e+00   0.000000000000000000e+00 
  0.000000000000000000e+00   0.000000000000000000e+00 
  0.000000000000000000e+00   0.000000000000000000e+00 
  0.000000000000000000e+00   0.000000000000000000e+00 
  0.000000000000000000e+00   0.000000000000000000e+00 
  0.000000000000000000e+00   0.000000000000000000e+00 
  0.000000000000000000e+00   0.000000000000000000e+00 
  0.000000000000000000e+00   0.000000000000000000e+00 
  0.000000000000000000e+00   0.000000000000000000e+00 
  0.000000000000000000e+00   0.000000000000000000e+00 
  0.000000000000000000e+00   0.000000000000000000e+00 
  0.000000000000000000e+00   0.000000000000000000e+00 
  0.000000000000000000e+00   0.000000000000000000e+00 
  0.000000000000000000e+00   0.000000000000000000e+00 
  0.000000000000000000e+00   0.000000000000000000e+00 
  0.000000000000000000e+00   0.000000000000000000e+00 
  0.000000000000000000e+00   0.000000000000000000e+00 
  0.000000000000000000e+00   0.000000000000000000e+00 
  0.000000000000000000e+00   0.000000000000000000e+00 
  0.000000000000000000e+00   0.000000000000000000e+00 
  0.000000000000000000e+00   0.000000000000000000e+00 
  0.000000000000000000e+00   0.000000000000000000e+00 
  0.000000000000000000e+00   0.000000000000000000e+00 
  0.000000000000000000e+00   0.000000000000000000e+00 
  0.000000000000000000e+00   0.000000000000000000e+00 
  0.000000000000000000e+00   0.000000000000000000e+00 
  0.000000000000000000e+00   0.000000000000000000e+00 
  0.000000000000000000e+00   0.000000000000000000e+00 
  0.000000000000000000e+00   0.000000000000000000e+00 
  0.000000000000000000e+00   0.000000000000000000e+00 
  0.000000000000000000e+00   0.000000000000000000e+00 
  0.000000000000000000e+00   0.000000000000000000e+00 
  0.000000000000000000e+00   0.000000000000000000e+00 
  0.000000000000000000e+00   0.000000000000000000e+00 
  0.000000000000000000e+00   0.000000000000000000e+00 
  0.000000000000000000e+00   0.000000000000000000e+00 
  0.000000000000000000e+00   0.000000000000000000e+00 
  0.000000000000000000e+00   0.000000000000000000e+00 
  0.000000000000000000e+00   0.000000000000000000e+00 
  0.000000000000000000e+00   0.000000000000000000e+00 
  0.000000000000000000e+00   0.000000000000000000e+00 
  0.000000000000000000e+00   0.000000000000000000e+00 
  0.000000000000000000e+00   0.000000000000000000e+00 
  3.098371811210869423e-02   0.000000000000000000e+00 
 -6.333909183740665805e-02   0.000000000000000000e+00 
  5.737957358360335630e-02   0.000000000000000000e+00 
 -2.228982001543045391e-02   0.000000000000000000e+00 
  6.359457504004045747e-03   0.000000000000000000e+00 
  6.536642089486146417e-03   0.000000000000000000e+00 
 -3.873380273580554617e-02   0.000000000000000000e+00 
 -4.475327150428623198e-04   0.000000000000000000e+00 
  4.171233624219978543e-03   0.000000000000000000e+00 
 -2.471988461911677273e-02   0.000000000000000000e+00 
  7.415642961859867863e-03   0.000000000000000000e+00 
  6.499175913631992374e-03   0.000000000000000000e+00 
 -8.549297228455737807e-03   0.000000000000000000e+00 
  1.312659401446589214e-02   0.000000000000000000e+00 
  3.178040962666251433e-03   0.000000000000000000e+00 
 -5.445987451821512719e-03   0.000000000000000000e+00 
  1.902463845908626897e-02   0.000000000000000000e+00 
  1.759553402662278887e-01   0.000000000000000000e+00 
  4.016891121864321450e-03   0.000000000000000000e+00 
  2.267010044306513612e-03   0.000000000000000000e+00 
  2.004717141389850132e-01   0.000000000000000000e+00 
  1.480927312513871923e-04   0.000000000000000000e+00 
  7.500585168600023417e-03   0.000000000000000000e+00 
  4.802877374459047746e-04   0.000000000000000000e+00 
 -2.718507079407572746e-03   0.000000000000000000e+00 
 -7.195822428911926964e-03   0.000000000000000000e+00 
  3.137985011562709810e-03   0.000000000000000000e+00 
 -6.859759241342545943e-02   0.000000000000000000e+00 
 -9.162547066807693111e-03   0.000000000000000000e+00 
 -1.231642998754973496e-02   0.000000000000000000e+00 
 -7.697796821594239669e-02   0.000000000000000000e+00 
  3.159971907734856165e-03   0.000000000000000000e+00 
 -1.530566252768068109e-03   0.000000000000000000e+00 
  1.114594377577298248e-02   0.000000000000000000e+00 
  1.220423132181167603e-01   0.000000000000000000e+00 
  8.543580770492536364e-03   0.000000000000000000e+00 
 -1.464580297470093051e-01   0.000000000000000000e+00 
 -4.376961290836334922e-02   0.000000000000000000e+00 
  1.186923030763863823e-02   0.000000000000000000e+00 
  1.900613494217399252e-02   0.000000000000000000e+00 
 -2.062315680086612008e-02   0.000000000000000000e+00 
 -8.794482797384256534e-02   0.000000000000000000e+00 
  4.491925239562988836e-01   0.000000000000000000e+00 
  3.467537835240366156e-02   0.000000000000000000e+00 
 -2.001319825649260919e-01   0.000000000000000000e+00 
 -1.229910254478455006e-01   0.000000000000000000e+00 
 -5.846566334366798401e-02   0.000000000000000000e+00 
  2.469395287334920017e-02   0.000000000000000000e+00 
 -1.585245504975320643e-02   0.000000000000000000e+00 
  1.520093716681004438e-02   0.000000000000000000e+00 
 -2.296207007020790395e-03   0.000000000000000000e+00 
  2.343039661645887894e-01   0.000000000000000000e+00 
 -4.361262544989585876e-02   0.000000000000000000e+00 
  6.908294279128302656e-03   0.000000000000000000e+00 
 -4.483231902122498252e-02   0.000000000000000000e+00 
 -2.328258194029331207e-02   0.000000000000000000e+00 
  6.551749072968958074e-03   0.000000000000000000e+00 
 -7.630154490470887098e-03   0.000000000000000000e+00 
  1.013804301619529585e-01   0.000000000000000000e+00 
 -4.900349304080008593e-03   0.000000000000000000e+00 
  6.614416488446295261e-04   0.000000000000000000e+00 
  5.022744298912563098e-04   0.000000000000000000e+00 
  1.497716642916203196e-03   0.000000000000000000e+00 
 -5.220045149326324463e-02   0.000000000000000000e+00 
 -7.603824138641349616e-03   0.000000000000000000e+00 
  3.970123827457430060e-02   0.000000000000000000e+00 
  3.651277720928191445e-02   0.000000000000000000e+00 
 -6.651835516095157969e-03   0.000000000000000000e+00 
  1.312834620475770153e-01   0.000000000000000000e+00 
 -5.106712225824599702e-03   0.000000000000000000e+00 
  6.326995790004730225e-02   0.000000000000000000e+00 
 -1.411396414041519443e-01   0.000000000000000000e+00 
 -7.009319663047792748e-01   0.000000000000000000e+00 
  1.019042544066905628e-02   0.000000000000000000e+00 
 -1.027171611785889088e-01   0.000000000000000000e+00 
  2.079253196716308594e-01   0.000000000000000000e+00 
  0.000000000000000000e+00   0.000000000000000000e+00 
  0.000000000000000000e+00   0.000000000000000000e+00 
  0.000000000000000000e+00   0.000000000000000000e+00 
  0.000000000000000000e+00   0.000000000000000000e+00 
  0.000000000000000000e+00   0.000000000000000000e+00 
  0.000000000000000000e+00   0.000000000000000000e+00 
  0.000000000000000000e+00   0.000000000000000000e+00 
  0.000000000000000000e+00   0.000000000000000000e+00 
  0.000000000000000000e+00   0.000000000000000000e+00 
  0.000000000000000000e+00   0.000000000000000000e+00 
  0.000000000000000000e+00   0.000000000000000000e+00 
  0.000000000000000000e+00   0.000000000000000000e+00 
  0.000000000000000000e+00   0.000000000000000000e+00 
  0.000000000000000000e+00   0.000000000000000000e+00 
  0.000000000000000000e+00   0.000000000000000000e+00 
  0.000000000000000000e+00   0.000000000000000000e+00 
  0.000000000000000000e+00   0.000000000000000000e+00 
  0.000000000000000000e+00   0.000000000000000000e+00 
  0.000000000000000000e+00   0.000000000000000000e+00 
  0.000000000000000000e+00   0.000000000000000000e+00 
  0.000000000000000000e+00   0.000000000000000000e+00 
  0.000000000000000000e+00   0.000000000000000000e+00 
  0.000000000000000000e+00   0.000000000000000000e+00 
  0.000000000000000000e+00   0.000000000000000000e+00 
  0.000000000000000000e+00   0.000000000000000000e+00 
  0.000000000000000000e+00   0.000000000000000000e+00 
  0.000000000000000000e+00   0.000000000000000000e+00 
  0.000000000000000000e+00   0.000000000000000000e+00 
  0.000000000000000000e+00   0.000000000000000000e+00 
  0.000000000000000000e+00   0.000000000000000000e+00 
  0.000000000000000000e+00   0.000000000000000000e+00 
  0.000000000000000000e+00   0.000000000000000000e+00 
  0.000000000000000000e+00   0.000000000000000000e+00 
  0.000000000000000000e+00   0.000000000000000000e+00 
  0.000000000000000000e+00   0.000000000000000000e+00 
  0.000000000000000000e+00   0.000000000000000000e+00 
  0.000000000000000000e+00   0.000000000000000000e+00 
  0.000000000000000000e+00   0.000000000000000000e+00 
  0.000000000000000000e+00   0.000000000000000000e+00 
  0.000000000000000000e+00   0.000000000000000000e+00 
  0.000000000000000000e+00   0.000000000000000000e+00 
  0.000000000000000000e+00   0.000000000000000000e+00 
  0.000000000000000000e+00   0.000000000000000000e+00 
  0.000000000000000000e+00   0.000000000000000000e+00 
  0.000000000000000000e+00   0.000000000000000000e+00 
  0.000000000000000000e+00   0.000000000000000000e+00 
  0.000000000000000000e+00   0.000000000000000000e+00 
  0.000000000000000000e+00   0.000000000000000000e+00 
  0.000000000000000000e+00   0.000000000000000000e+00 
  0.000000000000000000e+00   0.000000000000000000e+00 
  0.000000000000000000e+00   0.000000000000000000e+00 
  0.000000000000000000e+00   0.000000000000000000e+00 
  0.000000000000000000e+00   0.000000000000000000e+00 
  0.000000000000000000e+00   0.000000000000000000e+00 
  0.000000000000000000e+00   0.000000000000000000e+00 
  0.000000000000000000e+00   0.000000000000000000e+00 
  0.000000000000000000e+00   0.000000000000000000e+00 
  0.000000000000000000e+00   0.000000000000000000e+00 
  0.000000000000000000e+00   0.000000000000000000e+00 
  0.000000000000000000e+00   0.000000000000000000e+00 
  0.000000000000000000e+00   0.000000000000000000e+00 
  0.000000000000000000e+00   0.000000000000000000e+00 
  0.000000000000000000e+00   0.000000000000000000e+00 
  0.000000000000000000e+00   0.000000000000000000e+00 
  0.000000000000000000e+00   0.000000000000000000e+00 
  0.000000000000000000e+00   0.000000000000000000e+00 
  0.000000000000000000e+00   0.000000000000000000e+00 
  0.000000000000000000e+00   0.000000000000000000e+00 
  0.000000000000000000e+00   0.000000000000000000e+00 
  0.000000000000000000e+00   0.000000000000000000e+00 
  0.000000000000000000e+00   0.000000000000000000e+00 
  0.000000000000000000e+00   0.000000000000000000e+00 
  0.000000000000000000e+00   0.000000000000000000e+00 
  0.000000000000000000e+00   0.000000000000000000e+00 
  0.000000000000000000e+00   0.000000000000000000e+00 
  0.000000000000000000e+00   0.000000000000000000e+00 
  0.000000000000000000e+00   0.000000000000000000e+00 
  0.000000000000000000e+00   0.000000000000000000e+00 
  0.000000000000000000e+00   0.000000000000000000e+00 
  0.000000000000000000e+00   0.000000000000000000e+00 
  0.000000000000000000e+00   0.000000000000000000e+00 
  0.000000000000000000e+00   0.000000000000000000e+00 
  0.000000000000000000e+00   0.000000000000000000e+00 
  0.000000000000000000e+00   0.000000000000000000e+00 
  0.000000000000000000e+00   0.000000000000000000e+00 
  0.000000000000000000e+00   0.000000000000000000e+00 
  0.000000000000000000e+00   0.000000000000000000e+00 
  0.000000000000000000e+00   0.000000000000000000e+00 
  0.000000000000000000e+00   0.000000000000000000e+00 
  0.000000000000000000e+00   0.000000000000000000e+00 
  0.000000000000000000e+00   0.000000000000000000e+00 
  0.000000000000000000e+00   0.000000000000000000e+00 
  0.000000000000000000e+00   0.000000000000000000e+00 
  0.000000000000000000e+00   0.000000000000000000e+00 
  0.000000000000000000e+00   0.000000000000000000e+00 
  0.000000000000000000e+00   0.000000000000000000e+00 
  0.000000000000000000e+00   0.000000000000000000e+00 
  0.000000000000000000e+00   0.000000000000000000e+00 
  0.000000000000000000e+00   0.000000000000000000e+00 
  0.000000000000000000e+00   0.000000000000000000e+00 
  0.000000000000000000e+00   0.000000000000000000e+00 
  0.000000000000000000e+00   0.000000000000000000e+00 
  0.000000000000000000e+00   0.000000000000000000e+00 
  0.000000000000000000e+00   0.000000000000000000e+00 
  0.000000000000000000e+00   0.000000000000000000e+00 
  0.000000000000000000e+00   0.000000000000000000e+00 
  0.000000000000000000e+00   0.000000000000000000e+00 
  0.000000000000000000e+00   0.000000000000000000e+00 
  0.000000000000000000e+00   0.000000000000000000e+00 
  0.000000000000000000e+00   0.000000000000000000e+00 
  0.000000000000000000e+00   0.000000000000000000e+00 
  0.000000000000000000e+00   0.000000000000000000e+00 
  0.000000000000000000e+00   0.000000000000000000e+00 
  0.000000000000000000e+00   0.000000000000000000e+00 
  0.000000000000000000e+00   0.000000000000000000e+00 
  0.000000000000000000e+00   0.000000000000000000e+00 
  0.000000000000000000e+00   0.000000000000000000e+00 
  0.000000000000000000e+00   0.000000000000000000e+00 
  0.000000000000000000e+00   0.000000000000000000e+00 
  0.000000000000000000e+00   0.000000000000000000e+00 
  0.000000000000000000e+00   0.000000000000000000e+00 
  0.000000000000000000e+00   0.000000000000000000e+00 
  0.000000000000000000e+00   0.000000000000000000e+00 
  0.000000000000000000e+00   0.000000000000000000e+00 
  0.000000000000000000e+00   0.000000000000000000e+00 
  0.000000000000000000e+00   0.000000000000000000e+00 
  0.000000000000000000e+00   0.000000000000000000e+00 
  0.000000000000000000e+00   0.000000000000000000e+00 
  0.000000000000000000e+00   0.000000000000000000e+00 
  0.000000000000000000e+00   0.000000000000000000e+00 
  0.000000000000000000e+00   0.000000000000000000e+00 
  0.000000000000000000e+00   0.000000000000000000e+00 
  0.000000000000000000e+00   0.000000000000000000e+00 
  0.000000000000000000e+00   0.000000000000000000e+00 
  0.000000000000000000e+00   0.000000000000000000e+00 
  0.000000000000000000e+00   0.000000000000000000e+00 
  0.000000000000000000e+00   0.000000000000000000e+00 
  0.000000000000000000e+00   0.000000000000000000e+00 
  0.000000000000000000e+00   0.000000000000000000e+00 
  0.000000000000000000e+00   0.000000000000000000e+00 
  0.000000000000000000e+00   0.000000000000000000e+00 
  0.000000000000000000e+00   0.000000000000000000e+00 
  0.000000000000000000e+00   0.000000000000000000e+00 
  0.000000000000000000e+00   0.000000000000000000e+00 
  0.000000000000000000e+00   0.000000000000000000e+00 
  0.000000000000000000e+00   0.000000000000000000e+00 
  0.000000000000000000e+00   0.000000000000000000e+00 
  0.000000000000000000e+00   0.000000000000000000e+00 
  0.000000000000000000e+00   0.000000000000000000e+00 
  0.000000000000000000e+00   0.000000000000000000e+00 
  0.000000000000000000e+00   0.000000000000000000e+00 
  0.000000000000000000e+00   0.000000000000000000e+00 
  8.193313842617872857e-04   0.000000000000000000e+00 
  8.209174498916570889e-03   0.000000000000000000e+00 
 -7.043485995380354033e-03   0.000000000000000000e+00 
 -3.943278279621871270e-04   0.000000000000000000e+00 
  2.141232980646786885e-04   0.000000000000000000e+00 
  1.843089051544800211e-02   0.000000000000000000e+00 
  2.262777648866164809e-02   0.000000000000000000e+00 
  1.889723236672529718e-03   0.000000000000000000e+00 
  3.715930739417674326e-03   0.000000000000000000e+00 
 -5.097375065088297075e-02   0.000000000000000000e+00 
 -1.855518436059320391e-03   0.000000000000000000e+00 
  2.167349914088863034e-03   0.000000000000000000e+00 
  8.503771387039849635e-04   0.000000000000000000e+00 
  5.923472053840255950e-05   0.000000000000000000e+00 
 -8.209482766687956762e-04   0.000000000000000000e+00 
 -8.350539137609335524e-04   0.000000000000000000e+00 
  4.015742242336305806e-02   0.000000000000000000e+00 
 -2.729128487408197939e-02   0.000000000000000000e+00 
  2.300515072420240316e-03   0.000000000000000000e+00 
 -2.742042997851992748e-04   0.000000000000000000e+00 
  3.619685769081104620e-02   0.000000000000000000e+00 
 -5.238980520516631385e-03   0.000000000000000000e+00 
  4.631241783499712508e-03   0.000000000000000000e+00 
  6.276160478591919813e-03   0.000000000000000000e+00 
 -3.926529083400964737e-03   0.000000000000000000e+00 
  2.588190371170639992e-03   0.000000000000000000e+00 
 -2.824612427502870560e-03   0.000000000000000000e+00 
 -4.480255022644993174e-02   0.000000000000000000e+00 
 -3.915725741535419982e-03   0.000000000000000000e+00 
  3.789564827457072953e-03   0.000000000000000000e+00 
  6.721886992454534360e-02   0.000000000000000000e+00 
 -9.311288595199584961e-03   0.000000000000000000e+00 
 -1.003092736937105005e-03   0.000000000000000000e+00 
 -4.548766836524013174e-02   0.000000000000000000e+00 
  1.902944291941821792e-03   0.000000000000000000e+00 
  8.966836147010326385e-03   0.000000000000000000e+00 
  1.920755654573441940e-01   0.000000000000000000e+00 
 -3.382555441930890083e-03   0.000000000000000000e+00 
 -3.190970048308372064e-03   0.000000000000000000e+00 
 -1.072878763079643527e-01   0.000000000000000000e+00 
  8.518979884684084111e-03   0.000000000000000000e+00 
 -1.114979851990937666e-02   0.000000000000000000e+00 
 -5.996783375740052380e-01   0.000000000000000000e+00 
  1.020225603133440018e-02   0.000000000000000000e+00 
 -4.369213245809076482e-03   0.000000000000000000e+00 
  4.761456977576017380e-03   0.000000000000000000e+00 
  1.792021910659968853e-03   0.000000000000000000e+00 
  1.157982200384140709e-01   0.000000000000000000e+00 
  1.236406504176553378e-03   0.000000000000000000e+00 
 -3.373607061803339177e-03   0.000000000000000000e+00 
 -6.236780881881712757e-01   0.000000000000000000e+00 
  1.162128597497939786e-01   0.000000000000000000e+00 
 -8.077385718934240125e-04   0.000000000000000000e+00 
  7.306983694434164220e-03   0.000000000000000000e+00 
  6.847853772342203313e-03   0.000000000000000000e+00 
 -5.232429597526786109e-03   0.000000000000000000e+00 
  2.190743573009967804e-03   0.000000000000000000e+00 
 -3.738157916814088388e-03   0.000000000000000000e+00 
 -1.133698001503943426e-01   0.000000000000000000e+00 
  4.435500595718621340e-03   0.000000000000000000e+00 
  1.057788686011922361e-04   0.000000000000000000e+00 
 -3.292115405201913227e-03   0.000000000000000000e+00 
  1.895034336484968445e-03   0.000000000000000000e+00 
  1.242472790181608361e-02   0.000000000000000000e+00 
 -1.050502527505159378e-02   0.000000000000000000e+00 
 -2.787975827232003646e-03   0.000000000000000000e+00 
  2.794684376567601290e-03   0.000000000000000000e+00 
  1.934906234964727705e-03   0.000000000000000000e+00 
 -1.649787425994875267e-01   0.000000000000000000e+00 
 -9.807468159124259517e-04   0.000000000000000000e+00 
  1.269009662792085517e-03   0.000000000000000000e+00 
  1.056085228919983049e-01   0.000000000000000000e+00 
 -3.833220303058624268e-01   0.000000000000000000e+00 
 -8.359134197235105687e-03   0.000000000000000000e+00 
 -9.289382956922056025e-03   0.000000000000000000e+00 
  1.691796332597731711e-01   0.000000000000000000e+00 
  0.000000000000000000e+00   0.000000000000000000e+00 
  0.000000000000000000e+00   0.000000000000000000e+00 
  0.000000000000000000e+00   0.000000000000000000e+00 
  0.000000000000000000e+00   0.000000000000000000e+00 
  0.000000000000000000e+00   0.000000000000000000e+00 
  0.000000000000000000e+00   0.000000000000000000e+00 
  0.000000000000000000e+00   0.000000000000000000e+00 
  0.000000000000000000e+00   0.000000000000000000e+00 
  0.000000000000000000e+00   0.000000000000000000e+00 
  0.000000000000000000e+00   0.000000000000000000e+00 
  0.000000000000000000e+00   0.000000000000000000e+00 
  0.000000000000000000e+00   0.000000000000000000e+00 
  0.000000000000000000e+00   0.000000000000000000e+00 
  0.000000000000000000e+00   0.000000000000000000e+00 
  0.000000000000000000e+00   0.000000000000000000e+00 
  0.000000000000000000e+00   0.000000000000000000e+00 
  0.000000000000000000e+00   0.000000000000000000e+00 
  0.000000000000000000e+00   0.000000000000000000e+00 
  0.000000000000000000e+00   0.000000000000000000e+00 
  0.000000000000000000e+00   0.000000000000000000e+00 
  0.000000000000000000e+00   0.000000000000000000e+00 
  0.000000000000000000e+00   0.000000000000000000e+00 
  0.000000000000000000e+00   0.000000000000000000e+00 
  0.000000000000000000e+00   0.000000000000000000e+00 
  0.000000000000000000e+00   0.000000000000000000e+00 
  0.000000000000000000e+00   0.000000000000000000e+00 
  0.000000000000000000e+00   0.000000000000000000e+00 
  0.000000000000000000e+00   0.000000000000000000e+00 
  0.000000000000000000e+00   0.000000000000000000e+00 
  0.000000000000000000e+00   0.000000000000000000e+00 
  0.000000000000000000e+00   0.000000000000000000e+00 
  0.000000000000000000e+00   0.000000000000000000e+00 
  0.000000000000000000e+00   0.000000000000000000e+00 
  0.000000000000000000e+00   0.000000000000000000e+00 
  0.000000000000000000e+00   0.000000000000000000e+00 
  0.000000000000000000e+00   0.000000000000000000e+00 
  0.000000000000000000e+00   0.000000000000000000e+00 
  0.000000000000000000e+00   0.000000000000000000e+00 
  0.000000000000000000e+00   0.000000000000000000e+00 
  0.000000000000000000e+00   0.000000000000000000e+00 
  0.000000000000000000e+00   0.000000000000000000e+00 
  0.000000000000000000e+00   0.000000000000000000e+00 
  0.000000000000000000e+00   0.000000000000000000e+00 
  0.000000000000000000e+00   0.000000000000000000e+00 
  0.000000000000000000e+00   0.000000000000000000e+00 
  0.000000000000000000e+00   0.000000000000000000e+00 
  0.000000000000000000e+00   0.000000000000000000e+00 
  0.000000000000000000e+00   0.000000000000000000e+00 
  0.000000000000000000e+00   0.000000000000000000e+00 
  0.000000000000000000e+00   0.000000000000000000e+00 
  0.000000000000000000e+00   0.000000000000000000e+00 
  0.000000000000000000e+00   0.000000000000000000e+00 
  0.000000000000000000e+00   0.000000000000000000e+00 
  0.000000000000000000e+00   0.000000000000000000e+00 
  0.000000000000000000e+00   0.000000000000000000e+00 
  0.000000000000000000e+00   0.000000000000000000e+00 
  0.000000000000000000e+00   0.000000000000000000e+00 
  0.000000000000000000e+00   0.000000000000000000e+00 
  0.000000000000000000e+00   0.000000000000000000e+00 
  0.000000000000000000e+00   0.000000000000000000e+00 
  0.000000000000000000e+00   0.000000000000000000e+00 
  0.000000000000000000e+00   0.000000000000000000e+00 
  0.000000000000000000e+00   0.000000000000000000e+00 
  0.000000000000000000e+00   0.000000000000000000e+00 
  0.000000000000000000e+00   0.000000000000000000e+00 
  0.000000000000000000e+00   0.000000000000000000e+00 
  0.000000000000000000e+00   0.000000000000000000e+00 
  0.000000000000000000e+00   0.000000000000000000e+00 
  0.000000000000000000e+00   0.000000000000000000e+00 
  0.000000000000000000e+00   0.000000000000000000e+00 
  0.000000000000000000e+00   0.000000000000000000e+00 
  0.000000000000000000e+00   0.000000000000000000e+00 
  0.000000000000000000e+00   0.000000000000000000e+00 
  0.000000000000000000e+00   0.000000000000000000e+00 
  0.000000000000000000e+00   0.000000000000000000e+00 
  0.000000000000000000e+00   0.000000000000000000e+00 
 -6.336389924384194837e-04   0.000000000000000000e+00 
 -4.696457181126006790e-03   0.000000000000000000e+00 
 -2.292565628886143736e-02   0.000000000000000000e+00 
  3.079554066061883366e-03   0.000000000000000000e+00 
  3.943163028452125818e-04   0.000000000000000000e+00 
 -2.251041494309833843e-02   0.000000000000000000e+00 
  1.370554324239483569e-02   0.000000000000000000e+00 
  4.418159660417142042e-04   0.000000000000000000e+00 
  4.253680817782845916e-03   0.000000000000000000e+00 
 -3.399283811450008741e-02   0.000000000000000000e+00 
 -3.848142921924534252e-03   0.000000000000000000e+00 
 -1.746483612805479601e-03   0.000000000000000000e+00 
  4.082403145730469432e-03   0.000000000000000000e+00 
 -2.092240611091269152e-03   0.000000000000000000e+00 
  1.622355339350279398e-04   0.000000000000000000e+00 
  1.491711824201046336e-03   0.000000000000000000e+00 
  1.525808218866559103e-02   0.000000000000000000e+00 
 -4.218975454568871242e-02   0.000000000000000000e+00 
 -3.510256938170641661e-04   0.000000000000000000e+00 
  2.695929724723096868e-04   0.000000000000000000e+00 
  1.900376565754398339e-02   0.000000000000000000e+00 
  3.189821029081941085e-03   0.000000000000000000e+00 
 -3.647672245278955807e-03   0.000000000000000000e+00 
  1.458029379136860371e-03   0.000000000000000000e+00 
 -1.315400586463511424e-03   0.000000000000000000e+00 
  6.212762091308837590e-04   0.000000000000000000e+00 
  1.526203704997896931e-03   0.000000000000000000e+00 
 -1.064674928784353422e-02   0.000000000000000000e+00 
 -2.430324442684648253e-03   0.000000000000000000e+00 
 -3.041243413463234034e-03   0.000000000000000000e+00 
 -1.635223068296918353e-02   0.000000000000000000e+00 
 -5.236413329839707288e-03   0.000000000000000000e+00 
 -2.135536051355299081e-04   0.000000000000000000e+00 
 -1.089815273880959667e-01   0.000000000000000000e+00 
  1.490431255660950487e-03   0.000000000000000000e+00 
 -5.063537391833949084e-04   0.000000000000000000e+00 
  2.157756239175796231e-01   0.000000000000000000e+00 
 -3.214497701264893456e-05   0.000000000000000000e+00 
 -1.743569155223667838e-03   0.000000000000000000e+00 
  3.235368430614472546e-01   0.000000000000000000e+00 
  7.663477677851914492e-03   0.000000000000000000e+00 
 -7.468338590115305292e-03   0.000000000000000000e+00 
 -7.023267447948447484e-02   0.000000000000000000e+00 
  8.837863802909851074e-03   0.000000000000000000e+00 
 -6.674293545074759830e-04   0.000000000000000000e+00 
  2.085871994495392279e-03   0.000000000000000000e+00 
 -4.201308824121952057e-03   0.000000000000000000e+00 
  6.690964698791505016e-01   0.000000000000000000e+00 
  4.174561705440280220e-03   0.000000000000000000e+00 
 -6.552867125719783956e-03   0.000000000000000000e+00 
  4.787407815456390381e-01   0.000000000000000000e+00 
 -6.729045510292051835e-02   0.000000000000000000e+00 
 -1.160811749286948334e-03   0.000000000000000000e+00 
  3.018533112481236024e-03   0.000000000000000000e+00 
  3.226910484954713040e-03   0.000000000000000000e+00 
  2.507142024114727974e-03   0.000000000000000000e+00 
 -8.468668966088431797e-05   0.000000000000000000e+00 
 -7.532800082117316939e-04   0.000000000000000000e+00 
 -1.368066072463989258e-01   0.000000000000000000e+00 
  5.246137734502551771e-04   0.000000000000000000e+00 
 -2.876443555578589439e-03   0.000000000000000000e+00 
 -1.556155155412853198e-03   0.000000000000000000e+00 
  4.897981998510657657e-04   0.000000000000000000e+00 
  6.441154330968854036e-02   0.000000000000000000e+00 
 -2.114885719493032369e-03   0.000000000000000000e+00 
  2.141668228432534390e-03   0.000000000000000000e+00 
 -2.206603530794381662e-03   0.000000000000000000e+00 
 -3.959451569244265014e-04   0.000000000000000000e+00 
 -2.597345113754273016e-01   0.000000000000000000e+00 
  6.111275288276371087e-04   0.000000000000000000e+00 
 -5.678330548107625789e-03   0.000000000000000000e+00 
  2.014514356851577759e-01   0.000000000000000000e+00 
 -1.860146969556810137e-01   0.000000000000000000e+00 
 -7.632153574377296620e-03   0.000000000000000000e+00 
 -2.143941121175886502e-03   0.000000000000000000e+00 
  1.340155452489852350e-01   0.000000000000000000e+00 
  0.000000000000000000e+00   0.000000000000000000e+00 
  0.000000000000000000e+00   0.000000000000000000e+00 
  0.000000000000000000e+00   0.000000000000000000e+00 
  0.000000000000000000e+00   0.000000000000000000e+00 
  0.000000000000000000e+00   0.000000000000000000e+00 
  0.000000000000000000e+00   0.000000000000000000e+00 
  0.000000000000000000e+00   0.000000000000000000e+00 
  0.000000000000000000e+00   0.000000000000000000e+00 
  0.000000000000000000e+00   0.000000000000000000e+00 
  0.000000000000000000e+00   0.000000000000000000e+00 
  0.000000000000000000e+00   0.000000000000000000e+00 
  0.000000000000000000e+00   0.000000000000000000e+00 
  0.000000000000000000e+00   0.000000000000000000e+00 
  0.000000000000000000e+00   0.000000000000000000e+00 
  0.000000000000000000e+00   0.000000000000000000e+00 
  0.000000000000000000e+00   0.000000000000000000e+00 
  0.000000000000000000e+00   0.000000000000000000e+00 
  0.000000000000000000e+00   0.000000000000000000e+00 
  0.000000000000000000e+00   0.000000000000000000e+00 
  0.000000000000000000e+00   0.000000000000000000e+00 
  0.000000000000000000e+00   0.000000000000000000e+00 
  0.000000000000000000e+00   0.000000000000000000e+00 
  0.000000000000000000e+00   0.000000000000000000e+00 
  0.000000000000000000e+00   0.000000000000000000e+00 
  0.000000000000000000e+00   0.000000000000000000e+00 
  0.000000000000000000e+00   0.000000000000000000e+00 
  0.000000000000000000e+00   0.000000000000000000e+00 
  0.000000000000000000e+00   0.000000000000000000e+00 
  0.000000000000000000e+00   0.000000000000000000e+00 
  0.000000000000000000e+00   0.000000000000000000e+00 
  0.000000000000000000e+00   0.000000000000000000e+00 
  0.000000000000000000e+00   0.000000000000000000e+00 
  0.000000000000000000e+00   0.000000000000000000e+00 
  0.000000000000000000e+00   0.000000000000000000e+00 
  0.000000000000000000e+00   0.000000000000000000e+00 
  0.000000000000000000e+00   0.000000000000000000e+00 
  0.000000000000000000e+00   0.000000000000000000e+00 
  0.000000000000000000e+00   0.000000000000000000e+00 
  0.000000000000000000e+00   0.000000000000000000e+00 
  0.000000000000000000e+00   0.000000000000000000e+00 
  0.000000000000000000e+00   0.000000000000000000e+00 
  0.000000000000000000e+00   0.000000000000000000e+00 
  0.000000000000000000e+00   0.000000000000000000e+00 
  0.000000000000000000e+00   0.000000000000000000e+00 
  0.000000000000000000e+00   0.000000000000000000e+00 
  0.000000000000000000e+00   0.000000000000000000e+00 
  0.000000000000000000e+00   0.000000000000000000e+00 
  0.000000000000000000e+00   0.000000000000000000e+00 
  0.000000000000000000e+00   0.000000000000000000e+00 
  0.000000000000000000e+00   0.000000000000000000e+00 
  0.000000000000000000e+00   0.000000000000000000e+00 
  0.000000000000000000e+00   0.000000000000000000e+00 
  0.000000000000000000e+00   0.000000000000000000e+00 
  0.000000000000000000e+00   0.000000000000000000e+00 
  0.000000000000000000e+00   0.000000000000000000e+00 
  0.000000000000000000e+00   0.000000000000000000e+00 
  0.000000000000000000e+00   0.000000000000000000e+00 
  0.000000000000000000e+00   0.000000000000000000e+00 
  0.000000000000000000e+00   0.000000000000000000e+00 
  0.000000000000000000e+00   0.000000000000000000e+00 
  0.000000000000000000e+00   0.000000000000000000e+00 
  0.000000000000000000e+00   0.000000000000000000e+00 
  0.000000000000000000e+00   0.000000000000000000e+00 
  0.000000000000000000e+00   0.000000000000000000e+00 
  0.000000000000000000e+00   0.000000000000000000e+00 
  0.000000000000000000e+00   0.000000000000000000e+00 
  0.000000000000000000e+00   0.000000000000000000e+00 
  0.000000000000000000e+00   0.000000000000000000e+00 
  0.000000000000000000e+00   0.000000000000000000e+00 
  0.000000000000000000e+00   0.000000000000000000e+00 
  0.000000000000000000e+00   0.000000000000000000e+00 
  0.000000000000000000e+00   0.000000000000000000e+00 
  0.000000000000000000e+00   0.000000000000000000e+00 
  0.000000000000000000e+00   0.000000000000000000e+00 
  0.000000000000000000e+00   0.000000000000000000e+00 
  0.000000000000000000e+00   0.000000000000000000e+00 
  2.034892531796577428e-04   0.000000000000000000e+00 
 -4.941684193909248908e-03   0.000000000000000000e+00 
  4.268225748092085298e-03   0.000000000000000000e+00 
  4.107355780430172235e-04   0.000000000000000000e+00 
 -2.751636202445767085e-04   0.000000000000000000e+00 
 -3.178047481923991849e-04   0.000000000000000000e+00 
 -3.146664006635552322e-03   0.000000000000000000e+00 
 -6.280309520661866464e-03   0.000000000000000000e+00 
 -1.440834254026468128e-02   0.000000000000000000e+00 
  7.188660092651839688e-04   0.000000000000000000e+00 
  2.616078406572330123e-02   0.000000000000000000e+00 
  2.529901219531895465e-03   0.000000000000000000e+00 
 -3.019456053152655244e-03   0.000000000000000000e+00 
  1.513775158673521734e-02   0.000000000000000000e+00 
  2.178865019232324382e-03   0.000000000000000000e+00 
 -3.195362398401083593e-03   0.000000000000000000e+00 
 -4.497357585933038854e-04   0.000000000000000000e+00 
  2.710034605115651217e-03   0.000000000000000000e+00 
 -1.434195437468586834e-03   0.000000000000000000e+00 
 -3.657911205664281847e-03   0.000000000000000000e+00 
  1.714619429548793037e-05   0.000000000000000000e+00 
 -4.209187813103201607e-03   0.000000000000000000e+00 
 -1.824199035763736029e-02   0.000000000000000000e+00 
  2.792105078697201554e-03   0.000000000000000000e+00 
  3.822477767243981795e-03   0.000000000000000000e+00 
 -3.623723983764648438e-03   0.000000000000000000e+00 
  3.337239613756525511e-04   0.000000000000000000e+00 
  3.107952070422475991e-04   0.000000000000000000e+00 
 -4.545817151665740470e-03   0.000000000000000000e+00 
  4.739007446914899994e-03   0.000000000000000000e+00 
 -4.353502299636605004e-03   0.000000000000000000e+00 
 -3.788976743817324550e-02   0.000000000000000000e+00 
 -2.415061742067335301e-02   0.000000000000000000e+00 
 -4.988387227058410645e-03   0.000000000000000000e+00 
  5.883991345763196074e-02   0.000000000000000000e+00 
  3.268263489007945666e-02   0.000000000000000000e+00 
 -2.051055897027254972e-03   0.000000000000000000e+00 
  7.059672381728887558e-03   0.000000000000000000e+00 
  9.719556197524069005e-03   0.000000000000000000e+00 
 -2.555416896939278950e-03   0.000000000000000000e+00 
  9.837824851274484805e-02   0.000000000000000000e+00 
 -5.030457973480224609e-01   0.000000000000000000e+00 
 -4.872641060501337919e-03   0.000000000000000000e+00 
 -1.560113430023193359e-01   0.000000000000000000e+00 
  2.356019467115401389e-01   0.000000000000000000e+00 
  3.096099477261306590e-03   0.000000000000000000e+00 
  6.894975434988737106e-03   0.000000000000000000e+00 
  1.927328296005726511e-03   0.000000000000000000e+00 
 -2.262734472751619097e-01   0.000000000000000000e+00 
  7.869377136230467640e-01   0.000000000000000000e+00 
  1.499510020948946476e-03   0.000000000000000000e+00 
 -1.131740282289682951e-03   0.000000000000000000e+00 
  1.100624203681945384e-01   0.000000000000000000e+00 
 -8.391304314136506515e-02   0.000000000000000000e+00 
 -8.069057762622833252e-02   0.000000000000000000e+00 
 -7.118868641555306694e-03   0.000000000000000000e+00 
 -1.017606235109270270e-03   0.000000000000000000e+00 
 -5.496317055076359835e-03   0.000000000000000000e+00 
  3.264593658968806700e-03   0.000000000000000000e+00 
 -1.278145611286163157e-02   0.000000000000000000e+00 
 -1.102277310565114672e-03   0.000000000000000000e+00 
 -7.244205102324489248e-03   0.000000000000000000e+00 
 -2.171119907870888276e-03   0.000000000000000000e+00 
  1.099867164157331424e-03   0.000000000000000000e+00 
 -4.891718924045562744e-02   0.000000000000000000e+00 
  5.696495622396470504e-02   0.000000000000000000e+00 
 -4.439847543835638219e-03   0.000000000000000000e+00 
 -4.900394938886163884e-03   0.000000000000000000e+00 
 -1.887037302367389419e-03   0.000000000000000000e+00 
 -1.869862899184244337e-03   0.000000000000000000e+00 
 -4.792554304003718985e-03   0.000000000000000000e+00 
  2.958300290629268560e-03   0.000000000000000000e+00 
  8.107133209705354518e-03   0.000000000000000000e+00 
  3.502993285655971178e-02   0.000000000000000000e+00 
  9.872907400131229749e-02   0.000000000000000000e+00 
 -5.015481263399123278e-03   0.000000000000000000e+00 
  0.000000000000000000e+00   0.000000000000000000e+00 
  0.000000000000000000e+00   0.000000000000000000e+00 
  0.000000000000000000e+00   0.000000000000000000e+00 
  0.000000000000000000e+00   0.000000000000000000e+00 
  0.000000000000000000e+00   0.000000000000000000e+00 
  0.000000000000000000e+00   0.000000000000000000e+00 
  0.000000000000000000e+00   0.000000000000000000e+00 
  0.000000000000000000e+00   0.000000000000000000e+00 
  0.000000000000000000e+00   0.000000000000000000e+00 
  0.000000000000000000e+00   0.000000000000000000e+00 
  0.000000000000000000e+00   0.000000000000000000e+00 
  0.000000000000000000e+00   0.000000000000000000e+00 
  0.000000000000000000e+00   0.000000000000000000e+00 
  0.000000000000000000e+00   0.000000000000000000e+00 
  0.000000000000000000e+00   0.000000000000000000e+00 
  0.000000000000000000e+00   0.000000000000000000e+00 
  0.000000000000000000e+00   0.000000000000000000e+00 
  0.000000000000000000e+00   0.000000000000000000e+00 
  0.000000000000000000e+00   0.000000000000000000e+00 
  0.000000000000000000e+00   0.000000000000000000e+00 
  0.000000000000000000e+00   0.000000000000000000e+00 
  0.000000000000000000e+00   0.000000000000000000e+00 
  0.000000000000000000e+00   0.000000000000000000e+00 
  0.000000000000000000e+00   0.000000000000000000e+00 
  0.000000000000000000e+00   0.000000000000000000e+00 
  0.000000000000000000e+00   0.000000000000000000e+00 
  0.000000000000000000e+00   0.000000000000000000e+00 
  0.000000000000000000e+00   0.000000000000000000e+00 
  0.000000000000000000e+00   0.000000000000000000e+00 
  0.000000000000000000e+00   0.000000000000000000e+00 
  0.000000000000000000e+00   0.000000000000000000e+00 
  0.000000000000000000e+00   0.000000000000000000e+00 
  0.000000000000000000e+00   0.000000000000000000e+00 
  0.000000000000000000e+00   0.000000000000000000e+00 
  0.000000000000000000e+00   0.000000000000000000e+00 
  0.000000000000000000e+00   0.000000000000000000e+00 
  0.000000000000000000e+00   0.000000000000000000e+00 
  0.000000000000000000e+00   0.000000000000000000e+00 
  0.000000000000000000e+00   0.000000000000000000e+00 
  0.000000000000000000e+00   0.000000000000000000e+00 
  0.000000000000000000e+00   0.000000000000000000e+00 
  0.000000000000000000e+00   0.000000000000000000e+00 
  0.000000000000000000e+00   0.000000000000000000e+00 
  0.000000000000000000e+00   0.000000000000000000e+00 
  0.000000000000000000e+00   0.000000000000000000e+00 
  0.000000000000000000e+00   0.000000000000000000e+00 
  0.000000000000000000e+00   0.000000000000000000e+00 
  0.000000000000000000e+00   0.000000000000000000e+00 
  0.000000000000000000e+00   0.000000000000000000e+00 
  0.000000000000000000e+00   0.000000000000000000e+00 
  0.000000000000000000e+00   0.000000000000000000e+00 
  0.000000000000000000e+00   0.000000000000000000e+00 
  0.000000000000000000e+00   0.000000000000000000e+00 
  0.000000000000000000e+00   0.000000000000000000e+00 
  0.000000000000000000e+00   0.000000000000000000e+00 
  0.000000000000000000e+00   0.000000000000000000e+00 
  0.000000000000000000e+00   0.000000000000000000e+00 
  0.000000000000000000e+00   0.000000000000000000e+00 
  0.000000000000000000e+00   0.000000000000000000e+00 
  0.000000000000000000e+00   0.000000000000000000e+00 
  0.000000000000000000e+00   0.000000000000000000e+00 
  0.000000000000000000e+00   0.000000000000000000e+00 
  0.000000000000000000e+00   0.000000000000000000e+00 
  0.000000000000000000e+00   0.000000000000000000e+00 
  0.000000000000000000e+00   0.000000000000000000e+00 
  0.000000000000000000e+00   0.000000000000000000e+00 
  0.000000000000000000e+00   0.000000000000000000e+00 
  0.000000000000000000e+00   0.000000000000000000e+00 
  0.000000000000000000e+00   0.000000000000000000e+00 
  0.000000000000000000e+00   0.000000000000000000e+00 
  0.000000000000000000e+00   0.000000000000000000e+00 
  0.000000000000000000e+00   0.000000000000000000e+00 
  0.000000000000000000e+00   0.000000000000000000e+00 
  0.000000000000000000e+00   0.000000000000000000e+00 
  0.000000000000000000e+00   0.000000000000000000e+00 
  0.000000000000000000e+00   0.000000000000000000e+00 
 -9.138315799643049195e-04   0.000000000000000000e+00 
 -2.800848567858470195e-03   0.000000000000000000e+00 
 -2.543964190408504189e-03   0.000000000000000000e+00 
 -1.463265391066418016e-03   0.000000000000000000e+00 
 -1.962963724508904988e-03   0.000000000000000000e+00 
 -1.742541935527278704e-04   0.000000000000000000e+00 
  1.048328413162130548e-04   0.000000000000000000e+00 
 -1.945173740386976421e-02   0.000000000000000000e+00 
  3.008553758263743209e-03   0.000000000000000000e+00 
 -1.379294786602256514e-03   0.000000000000000000e+00 
  1.138511230237429636e-03   0.000000000000000000e+00 
 -2.931434288620965445e-02   0.000000000000000000e+00 
  9.635142050683581649e-03   0.000000000000000000e+00 
  3.297562245279580910e-03   0.000000000000000000e+00 
  5.978980567306274932e-03   0.000000000000000000e+00 
 -1.530644251033904443e-03   0.000000000000000000e+00 
  7.268072222359490400e-04   0.000000000000000000e+00 
 -1.222568098455665544e-03   0.000000000000000000e+00 
 -1.188663067296147563e-03   0.000000000000000000e+00 
 -8.689033711561740714e-05   0.000000000000000000e+00 
  2.009590854868298880e-03   0.000000000000000000e+00 
 -1.236229203641417418e-02   0.000000000000000000e+00 
  5.457126535475256661e-03   0.000000000000000000e+00 
 -5.877010524272922171e-03   0.000000000000000000e+00 
 -3.545317449606929031e-04   0.000000000000000000e+00 
 -1.290505984798073769e-03   0.000000000000000000e+00 
  1.076213316991925240e-03   0.000000000000000000e+00 
  7.357241702266034212e-04   0.000000000000000000e+00 
 -2.035548444837362130e-03   0.000000000000000000e+00 
  1.770950155332647220e-03   0.000000000000000000e+00 
 -9.800400584936131126e-04   0.000000000000000000e+00 
  2.656988985836498604e-02   0.000000000000000000e+00 
 -1.564565300941458958e-02   0.000000000000000000e+00 
  6.146357394754888362e-03   0.000000000000000000e+00 
 -3.255082666873929109e-02   0.000000000000000000e+00 
  5.709869414567942530e-02   0.000000000000000000e+00 
  6.209201179444789886e-03   0.000000000000000000e+00 
  3.772499505430459976e-03   0.000000000000000000e+00 
  6.798203568905592832e-03   0.000000000000000000e+00 
  6.810076069086790952e-03   0.000000000000000000e+00 
  4.858614504337310791e-01   0.000000000000000000e+00 
  1.030571535229683477e-01   0.000000000000000000e+00 
  4.377471632324168361e-04   0.000000000000000000e+00 
 -2.391526252031326294e-01   0.000000000000000000e+00 
 -1.712002605199813843e-01   0.000000000000000000e+00 
 -4.179474897682666779e-03   0.000000000000000000e+00 
 -1.838281052187084935e-03   0.000000000000000000e+00 
 -5.555633921176196879e-03   0.000000000000000000e+00 
  7.903447747230528675e-01   0.000000000000000000e+00 
  2.413517981767654141e-01   0.000000000000000000e+00 
 -6.631493452005079656e-04   0.000000000000000000e+00 
 -1.247624284587802238e-03   0.000000000000000000e+00 
 -8.866047114133833451e-02   0.000000000000000000e+00 
 -1.118084862828254977e-01   0.000000000000000000e+00 
 -8.745366707444192714e-03   0.000000000000000000e+00 
  9.466845542192456331e-02   0.000000000000000000e+00 
 -5.185998161323375055e-04   0.000000000000000000e+00 
  1.086456933990120671e-03   0.000000000000000000e+00 
 -5.676963832229375839e-03   0.000000000000000000e+00 
 -1.826589368283748280e-02   0.000000000000000000e+00 
  1.946768909692764282e-02   0.000000000000000000e+00 
  3.403933253139258298e-03   0.000000000000000000e+00 
 -1.655725296586751721e-03   0.000000000000000000e+00 
  5.878737647435540464e-05   0.000000000000000000e+00 
 -6.526205688714978304e-02   0.000000000000000000e+00 
 -3.719299286603926918e-02   0.000000000000000000e+00 
 -4.044857807457446185e-03   0.000000000000000000e+00 
 -4.520877730101345235e-03   0.000000000000000000e+00 
  5.272358190268278989e-03   0.000000000000000000e+00 
  3.382608992978994224e-03   0.000000000000000000e+00 
  2.829687437042596124e-03   0.000000000000000000e+00 
 -7.269207853823901090e-03   0.000000000000000000e+00 
 -7.756261620670556155e-03   0.000000000000000000e+00 
  1.093296408653259000e-01   0.000000000000000000e+00 
 -4.462797567248346503e-02   0.000000000000000000e+00 
  6.378249265253543854e-03   0.000000000000000000e+00 
  0.000000000000000000e+00   0.000000000000000000e+00 
  0.000000000000000000e+00   0.000000000000000000e+00 
  0.000000000000000000e+00   0.000000000000000000e+00 
  0.000000000000000000e+00   0.000000000000000000e+00 
  0.000000000000000000e+00   0.000000000000000000e+00 
  0.000000000000000000e+00   0.000000000000000000e+00 
  0.000000000000000000e+00   0.000000000000000000e+00 
  0.000000000000000000e+00   0.000000000000000000e+00 
  0.000000000000000000e+00   0.000000000000000000e+00 
  0.000000000000000000e+00   0.000000000000000000e+00 
  0.000000000000000000e+00   0.000000000000000000e+00 
  0.000000000000000000e+00   0.000000000000000000e+00 
  0.000000000000000000e+00   0.000000000000000000e+00 
  0.000000000000000000e+00   0.000000000000000000e+00 
  0.000000000000000000e+00   0.000000000000000000e+00 
  0.000000000000000000e+00   0.000000000000000000e+00 
  0.000000000000000000e+00   0.000000000000000000e+00 
  0.000000000000000000e+00   0.000000000000000000e+00 
  0.000000000000000000e+00   0.000000000000000000e+00 
  0.000000000000000000e+00   0.000000000000000000e+00 
  0.000000000000000000e+00   0.000000000000000000e+00 
  0.000000000000000000e+00   0.000000000000000000e+00 
  0.000000000000000000e+00   0.000000000000000000e+00 
  0.000000000000000000e+00   0.000000000000000000e+00 
  0.000000000000000000e+00   0.000000000000000000e+00 
  0.000000000000000000e+00   0.000000000000000000e+00 
  0.000000000000000000e+00   0.000000000000000000e+00 
  0.000000000000000000e+00   0.000000000000000000e+00 
  0.000000000000000000e+00   0.000000000000000000e+00 
  0.000000000000000000e+00   0.000000000000000000e+00 
  0.000000000000000000e+00   0.000000000000000000e+00 
  0.000000000000000000e+00   0.000000000000000000e+00 
  0.000000000000000000e+00   0.000000000000000000e+00 
  0.000000000000000000e+00   0.000000000000000000e+00 
  0.000000000000000000e+00   0.000000000000000000e+00 
  0.000000000000000000e+00   0.000000000000000000e+00 
  0.000000000000000000e+00   0.000000000000000000e+00 
  0.000000000000000000e+00   0.000000000000000000e+00 
  0.000000000000000000e+00   0.000000000000000000e+00 
  0.000000000000000000e+00   0.000000000000000000e+00 
  0.000000000000000000e+00   0.000000000000000000e+00 
  0.000000000000000000e+00   0.000000000000000000e+00 
  0.000000000000000000e+00   0.000000000000000000e+00 
  0.000000000000000000e+00   0.000000000000000000e+00 
  0.000000000000000000e+00   0.000000000000000000e+00 
  0.000000000000000000e+00   0.000000000000000000e+00 
  0.000000000000000000e+00   0.000000000000000000e+00 
  0.000000000000000000e+00   0.000000000000000000e+00 
  0.000000000000000000e+00   0.000000000000000000e+00 
  0.000000000000000000e+00   0.000000000000000000e+00 
  0.000000000000000000e+00   0.000000000000000000e+00 
  0.000000000000000000e+00   0.000000000000000000e+00 
  0.000000000000000000e+00   0.000000000000000000e+00 
  0.000000000000000000e+00   0.000000000000000000e+00 
  0.000000000000000000e+00   0.000000000000000000e+00 
  0.000000000000000000e+00   0.000000000000000000e+00 
  0.000000000000000000e+00   0.000000000000000000e+00 
  0.000000000000000000e+00   0.000000000000000000e+00 
  0.000000000000000000e+00   0.000000000000000000e+00 
  0.000000000000000000e+00   0.000000000000000000e+00 
  0.000000000000000000e+00   0.000000000000000000e+00 
  0.000000000000000000e+00   0.000000000000000000e+00 
  0.000000000000000000e+00   0.000000000000000000e+00 
  0.000000000000000000e+00   0.000000000000000000e+00 
  0.000000000000000000e+00   0.000000000000000000e+00 
  0.000000000000000000e+00   0.000000000000000000e+00 
  0.000000000000000000e+00   0.000000000000000000e+00 
  0.000000000000000000e+00   0.000000000000000000e+00 
  0.000000000000000000e+00   0.000000000000000000e+00 
  0.000000000000000000e+00   0.000000000000000000e+00 
  0.000000000000000000e+00   0.000000000000000000e+00 
  0.000000000000000000e+00   0.000000000000000000e+00 
  0.000000000000000000e+00   0.000000000000000000e+00 
  0.000000000000000000e+00   0.000000000000000000e+00 
  0.000000000000000000e+00   0.000000000000000000e+00 
  0.000000000000000000e+00   0.000000000000000000e+00 
  8.892390877009822420e-03   0.000000000000000000e+00 
 -2.216810127721307970e-03   0.000000000000000000e+00 
 -1.452940795570552453e-02   0.000000000000000000e+00 
 -2.311305433978900982e-04   0.000000000000000000e+00 
 -9.390171180734022366e-05   0.000000000000000000e+00 
  2.625554986298058585e-02   0.000000000000000000e+00 
 -6.944094598293315546e-02   0.000000000000000000e+00 
  2.591945667472558276e-05   0.000000000000000000e+00 
 -4.459295014382800237e-04   0.000000000000000000e+00 
 -3.397247567772847948e-02   0.000000000000000000e+00 
  7.826944347472190302e-04   0.000000000000000000e+00 
  1.942335977219172881e-03   0.000000000000000000e+00 
  3.869948559440174749e-04   0.000000000000000000e+00 
  8.907466544770866607e-04   0.000000000000000000e+00 
  1.066714525222727146e-03   0.000000000000000000e+00 
  7.657189853489639649e-04   0.000000000000000000e+00 
  6.881418824195836836e-02   0.000000000000000000e+00 
  1.161985173821449696e-01   0.000000000000000000e+00 
 -7.800714956829291839e-05   0.000000000000000000e+00 
 -1.544298836961388371e-03   0.000000000000000000e+00 
 -1.624460518360137107e-01   0.000000000000000000e+00 
  1.135568949393928268e-03   0.000000000000000000e+00 
 -3.124849172309060539e-04   0.000000000000000000e+00 
 -4.064379609189927578e-04   0.000000000000000000e+00 
  1.255557639524340846e-03   0.000000000000000000e+00 
  2.382715465500952982e-03   0.000000000000000000e+00 
  4.875004815403362292e-04   0.000000000000000000e+00 
 -1.575942635536194680e-01   0.000000000000000000e+00 
  1.083520241081716365e-03   0.000000000000000000e+00 
 -1.361093833111225908e-03   0.000000000000000000e+00 
 -1.270140558481215876e-01   0.000000000000000000e+00 
 -3.676803316920996580e-03   0.000000000000000000e+00 
  2.636984456330538230e-03   0.000000000000000000e+00 
  1.521229892969132858e-01   0.000000000000000000e+00 
  4.735153052024548706e-04   0.000000000000000000e+00 
  2.272509271278976093e-03   0.000000000000000000e+00 
  7.523044198751446809e-02   0.000000000000000000e+00 
 -1.154351746663451412e-03   0.000000000000000000e+00 
 -2.467823913320897709e-03   0.000000000000000000e+00 
 -2.008583098649979748e-01   0.000000000000000000e+00 
  6.569591932930049028e-04   0.000000000000000000e+00 
 -3.065994707867501865e-03   0.000000000000000000e+00 
  4.919645190238953331e-02   0.000000000000000000e+00 
  2.529834397137165503e-03   0.000000000000000000e+00 
 -6.312294397503134986e-03   0.000000000000000000e+00 
 -3.826242638751865301e-03   0.000000000000000000e+00 
  1.112360041588544846e-02   0.000000000000000000e+00 
 -2.259214520454407016e-01   0.000000000000000000e+00 
 -9.542840416543196553e-04   0.000000000000000000e+00 
  1.647903001867234707e-03   0.000000000000000000e+00 
  1.191241145133972862e-01   0.000000000000000000e+00 
 -3.193063735961912952e-01   0.000000000000000000e+00 
 -2.543886424973607931e-03   0.000000000000000000e+00 
  8.615057449787849727e-04   0.000000000000000000e+00 
 -3.680604742839931574e-03   0.000000000000000000e+00 
 -2.811452606692909761e-03   0.000000000000000000e+00 
 -1.538564334623515172e-03   0.000000000000000000e+00 
 -6.110175512731074420e-03   0.000000000000000000e+00 
  1.265424340963363925e-01   0.000000000000000000e+00 
 -1.702517620287834785e-04   0.000000000000000000e+00 
  1.157917547971010208e-03   0.000000000000000000e+00 
  2.445444464683531847e-03   0.000000000000000000e+00 
 -8.749526459723716435e-04   0.000000000000000000e+00 
 -1.734823882579803189e-01   0.000000000000000000e+00 
 -1.950997626408934376e-03   0.000000000000000000e+00 
  2.408913569524885525e-03   0.000000000000000000e+00 
 -3.992313519120215502e-03   0.000000000000000000e+00 
 -1.345307449810206890e-03   0.000000000000000000e+00 
 -2.317622154951096969e-01   0.000000000000000000e+00 
  7.593743503093716230e-04   0.000000000000000000e+00 
  6.337224040180444717e-03   0.000000000000000000e+00 
  1.545376181602477750e-01   0.000000000000000000e+00 
  6.776191294193276149e-02   0.000000000000000000e+00 
  1.906354911625384851e-03   0.000000000000000000e+00 
 -5.384698975831271085e-03   0.000000000000000000e+00 
  7.509559988975523792e-01   0.000000000000000000e+00 
  0.000000000000000000e+00   0.000000000000000000e+00 
  0.000000000000000000e+00   0.000000000000000000e+00 
  0.000000000000000000e+00   0.000000000000000000e+00 
  0.000000000000000000e+00   0.000000000000000000e+00 
  0.000000000000000000e+00   0.000000000000000000e+00 
  0.000000000000000000e+00   0.000000000000000000e+00 
  0.000000000000000000e+00   0.000000000000000000e+00 
  0.000000000000000000e+00   0.000000000000000000e+00 
  0.000000000000000000e+00   0.000000000000000000e+00 
  0.000000000000000000e+00   0.000000000000000000e+00 
  0.000000000000000000e+00   0.000000000000000000e+00 
  0.000000000000000000e+00   0.000000000000000000e+00 
  0.000000000000000000e+00   0.000000000000000000e+00 
  0.000000000000000000e+00   0.000000000000000000e+00 
  0.000000000000000000e+00   0.000000000000000000e+00 
  0.000000000000000000e+00   0.000000000000000000e+00 
  0.000000000000000000e+00   0.000000000000000000e+00 
  0.000000000000000000e+00   0.000000000000000000e+00 
  0.000000000000000000e+00   0.000000000000000000e+00 
  0.000000000000000000e+00   0.000000000000000000e+00 
  0.000000000000000000e+00   0.000000000000000000e+00 
  0.000000000000000000e+00   0.000000000000000000e+00 
  0.000000000000000000e+00   0.000000000000000000e+00 
  0.000000000000000000e+00   0.000000000000000000e+00 
  0.000000000000000000e+00   0.000000000000000000e+00 
  0.000000000000000000e+00   0.000000000000000000e+00 
  0.000000000000000000e+00   0.000000000000000000e+00 
  0.000000000000000000e+00   0.000000000000000000e+00 
  0.000000000000000000e+00   0.000000000000000000e+00 
  0.000000000000000000e+00   0.000000000000000000e+00 
  0.000000000000000000e+00   0.000000000000000000e+00 
  0.000000000000000000e+00   0.000000000000000000e+00 
  0.000000000000000000e+00   0.000000000000000000e+00 
  0.000000000000000000e+00   0.000000000000000000e+00 
  0.000000000000000000e+00   0.000000000000000000e+00 
  0.000000000000000000e+00   0.000000000000000000e+00 
  0.000000000000000000e+00   0.000000000000000000e+00 
  0.000000000000000000e+00   0.000000000000000000e+00 
  0.000000000000000000e+00   0.000000000000000000e+00 
  0.000000000000000000e+00   0.000000000000000000e+00 
  0.000000000000000000e+00   0.000000000000000000e+00 
  0.000000000000000000e+00   0.000000000000000000e+00 
  0.000000000000000000e+00   0.000000000000000000e+00 
  0.000000000000000000e+00   0.000000000000000000e+00 
  0.000000000000000000e+00   0.000000000000000000e+00 
  0.000000000000000000e+00   0.000000000000000000e+00 
  0.000000000000000000e+00   0.000000000000000000e+00 
  0.000000000000000000e+00   0.000000000000000000e+00 
  0.000000000000000000e+00   0.000000000000000000e+00 
  0.000000000000000000e+00   0.000000000000000000e+00 
  0.000000000000000000e+00   0.000000000000000000e+00 
  0.000000000000000000e+00   0.000000000000000000e+00 
  0.000000000000000000e+00   0.000000000000000000e+00 
  0.000000000000000000e+00   0.000000000000000000e+00 
  0.000000000000000000e+00   0.000000000000000000e+00 
  0.000000000000000000e+00   0.000000000000000000e+00 
  0.000000000000000000e+00   0.000000000000000000e+00 
  0.000000000000000000e+00   0.000000000000000000e+00 
  0.000000000000000000e+00   0.000000000000000000e+00 
  0.000000000000000000e+00   0.000000000000000000e+00 
  0.000000000000000000e+00   0.000000000000000000e+00 
  0.000000000000000000e+00   0.000000000000000000e+00 
  0.000000000000000000e+00   0.000000000000000000e+00 
  0.000000000000000000e+00   0.000000000000000000e+00 
  0.000000000000000000e+00   0.000000000000000000e+00 
  0.000000000000000000e+00   0.000000000000000000e+00 
  0.000000000000000000e+00   0.000000000000000000e+00 
  0.000000000000000000e+00   0.000000000000000000e+00 
  0.000000000000000000e+00   0.000000000000000000e+00 
  0.000000000000000000e+00   0.000000000000000000e+00 
  0.000000000000000000e+00   0.000000000000000000e+00 
  0.000000000000000000e+00   0.000000000000000000e+00 
  0.000000000000000000e+00   0.000000000000000000e+00 
  0.000000000000000000e+00   0.000000000000000000e+00 
  0.000000000000000000e+00   0.000000000000000000e+00 
  0.000000000000000000e+00   0.000000000000000000e+00 
  6.478939205409366131e-03   0.000000000000000000e+00 
  1.068378705531506864e-02   0.000000000000000000e+00 
 -1.487669441849048119e-02   0.000000000000000000e+00 
 -6.470493506640232276e-03   0.000000000000000000e+00 
  2.577206469140595584e-04   0.000000000000000000e+00 
 -4.063181206584014216e-02   0.000000000000000000e+00 
  4.667596146464350615e-02   0.000000000000000000e+00 
  1.415109261870467049e-03   0.000000000000000000e+00 
 -9.870473295451099617e-04   0.000000000000000000e+00 
 -2.604144858196372984e-03   0.000000000000000000e+00 
  3.996953833848342942e-03   0.000000000000000000e+00 
  2.818992128595728015e-03   0.000000000000000000e+00 
 -2.112078713253183384e-03   0.000000000000000000e+00 
  5.510362330824108978e-03   0.000000000000000000e+00 
 -1.804956817068116863e-03   0.000000000000000000e+00 
 -4.809285979717980303e-03   0.000000000000000000e+00 
  2.013442851603047465e-02   0.000000000000000000e+00 
  8.539182692766200677e-02   0.000000000000000000e+00 
 -1.072041690349576689e-03   0.000000000000000000e+00 
  2.902029664255666727e-04   0.000000000000000000e+00 
  6.949788331985465306e-02   0.000000000000000000e+00 
  7.501895306631953080e-04   0.000000000000000000e+00 
  2.573514822870463011e-03   0.000000000000000000e+00 
 -1.523460145108401775e-03   0.000000000000000000e+00 
  4.022268112748861313e-03   0.000000000000000000e+00 
  5.487128510139886901e-04   0.000000000000000000e+00 
 -3.554804716259238502e-03   0.000000000000000000e+00 
 -4.870295152068136041e-02   0.000000000000000000e+00 
 -3.904292127117486855e-03   0.000000000000000000e+00 
 -5.154595244675850424e-03   0.000000000000000000e+00 
  1.487160474061967885e-01   0.000000000000000000e+00 
  5.158367566764346032e-03   0.000000000000000000e+00 
 -1.601510797627284099e-03   0.000000000000000000e+00 
 -1.008068919181823730e-01   0.000000000000000000e+00 
  5.604197457432746887e-02   0.000000000000000000e+00 
  5.398022010922423272e-03   0.000000000000000000e+00 
 -2.373194396495818537e-01   0.000000000000000000e+00 
 -1.626594178378582348e-02   0.000000000000000000e+00 
 -3.544747130945320995e-03   0.000000000000000000e+00 
 -2.549062855541711636e-02   0.000000000000000000e+00 
 -9.577387012541290628e-03   0.000000000000000000e+00 
 -4.652637615799901094e-02   0.000000000000000000e+00 
 -3.074679076671599787e-01   0.000000000000000000e+00 
  1.616852916777134982e-02   0.000000000000000000e+00 
 -1.049152836203574857e-01   0.000000000000000000e+00 
 -7.522582262754441695e-02   0.000000000000000000e+00 
  3.817150741815567017e-02   0.000000000000000000e+00 
 -4.614610671997071423e-01   0.000000000000000000e+00 
 -8.032255806028851600e-03   0.000000000000000000e+00 
  6.013668607920413453e-03   0.000000000000000000e+00 
  4.288106262683868963e-01   0.000000000000000000e+00 
  1.947339773178100031e-01   0.000000000000000000e+00 
 -1.947776041924953114e-02   0.000000000000000000e+00 
  2.936016302555794280e-03   0.000000000000000000e+00 
 -1.501539349555969585e-02   0.000000000000000000e+00 
 -1.245798729360103607e-02   0.000000000000000000e+00 
  2.213563537225126786e-03   0.000000000000000000e+00 
 -4.995668423362078451e-04   0.000000000000000000e+00 
  1.679948344826701773e-02   0.000000000000000000e+00 
 -6.264328840188673948e-05   0.000000000000000000e+00 
 -5.292377318255605482e-04   0.000000000000000000e+00 
 -2.067884895950557536e-03   0.000000000000000000e+00 
 -8.627000264823435002e-03   0.000000000000000000e+00 
 -1.301750838756561279e-01   0.000000000000000000e+00 
 -3.692089114338156525e-03   0.000000000000000000e+00 
  1.961432956159115532e-02   0.000000000000000000e+00 
  1.712334901094436299e-02   0.000000000000000000e+00 
  6.173229310661552602e-03   0.000000000000000000e+00 
 -2.743766009807586670e-01   0.000000000000000000e+00 
 -2.393473638221623682e-03   0.000000000000000000e+00 
  3.319998458027839661e-02   0.000000000000000000e+00 
  2.873602509498596747e-01   0.000000000000000000e+00 
 -3.229082822799683172e-01   0.000000000000000000e+00 
  7.131669670343395578e-03   0.000000000000000000e+00 
 -5.796324834227564032e-02   0.000000000000000000e+00 
 -2.429966181516648172e-01   0.000000000000000000e+00 
  0.000000000000000000e+00   0.000000000000000000e+00 
  0.000000000000000000e+00   0.000000000000000000e+00 
  0.000000000000000000e+00   0.000000000000000000e+00 
  0.000000000000000000e+00   0.000000000000000000e+00 
  0.000000000000000000e+00   0.000000000000000000e+00 
  0.000000000000000000e+00   0.000000000000000000e+00 
  0.000000000000000000e+00   0.000000000000000000e+00 
  0.000000000000000000e+00   0.000000000000000000e+00 
  0.000000000000000000e+00   0.000000000000000000e+00 
  0.000000000000000000e+00   0.000000000000000000e+00 
  0.000000000000000000e+00   0.000000000000000000e+00 
  0.000000000000000000e+00   0.000000000000000000e+00 
  0.000000000000000000e+00   0.000000000000000000e+00 
  0.000000000000000000e+00   0.000000000000000000e+00 
  0.000000000000000000e+00   0.000000000000000000e+00 
  0.000000000000000000e+00   0.000000000000000000e+00 
  0.000000000000000000e+00   0.000000000000000000e+00 
  0.000000000000000000e+00   0.000000000000000000e+00 
  0.000000000000000000e+00   0.000000000000000000e+00 
  0.000000000000000000e+00   0.000000000000000000e+00 
  0.000000000000000000e+00   0.000000000000000000e+00 
  0.000000000000000000e+00   0.000000000000000000e+00 
  0.000000000000000000e+00   0.000000000000000000e+00 
  0.000000000000000000e+00   0.000000000000000000e+00 
  0.000000000000000000e+00   0.000000000000000000e+00 
  0.000000000000000000e+00   0.000000000000000000e+00 
  0.000000000000000000e+00   0.000000000000000000e+00 
  0.000000000000000000e+00   0.000000000000000000e+00 
  0.000000000000000000e+00   0.000000000000000000e+00 
  0.000000000000000000e+00   0.000000000000000000e+00 
  0.000000000000000000e+00   0.000000000000000000e+00 
  0.000000000000000000e+00   0.000000000000000000e+00 
  0.000000000000000000e+00   0.000000000000000000e+00 
  0.000000000000000000e+00   0.000000000000000000e+00 
  0.000000000000000000e+00   0.000000000000000000e+00 
  0.000000000000000000e+00   0.000000000000000000e+00 
  0.000000000000000000e+00   0.000000000000000000e+00 
  0.000000000000000000e+00   0.000000000000000000e+00 
  0.000000000000000000e+00   0.000000000000000000e+00 
  0.000000000000000000e+00   0.000000000000000000e+00 
  0.000000000000000000e+00   0.000000000000000000e+00 
  0.000000000000000000e+00   0.000000000000000000e+00 
  0.000000000000000000e+00   0.000000000000000000e+00 
  0.000000000000000000e+00   0.000000000000000000e+00 
  0.000000000000000000e+00   0.000000000000000000e+00 
  0.000000000000000000e+00   0.000000000000000000e+00 
  0.000000000000000000e+00   0.000000000000000000e+00 
  0.000000000000000000e+00   0.000000000000000000e+00 
  0.000000000000000000e+00   0.000000000000000000e+00 
  0.000000000000000000e+00   0.000000000000000000e+00 
  0.000000000000000000e+00   0.000000000000000000e+00 
  0.000000000000000000e+00   0.000000000000000000e+00 
  0.000000000000000000e+00   0.000000000000000000e+00 
  0.000000000000000000e+00   0.000000000000000000e+00 
  0.000000000000000000e+00   0.000000000000000000e+00 
  0.000000000000000000e+00   0.000000000000000000e+00 
  0.000000000000000000e+00   0.000000000000000000e+00 
  0.000000000000000000e+00   0.000000000000000000e+00 
  0.000000000000000000e+00   0.000000000000000000e+00 
  0.000000000000000000e+00   0.000000000000000000e+00 
  0.000000000000000000e+00   0.000000000000000000e+00 
  0.000000000000000000e+00   0.000000000000000000e+00 
  0.000000000000000000e+00   0.000000000000000000e+00 
  0.000000000000000000e+00   0.000000000000000000e+00 
  0.000000000000000000e+00   0.000000000000000000e+00 
  0.000000000000000000e+00   0.000000000000000000e+00 
  0.000000000000000000e+00   0.000000000000000000e+00 
  0.000000000000000000e+00   0.000000000000000000e+00 
  0.000000000000000000e+00   0.000000000000000000e+00 
  0.000000000000000000e+00   0.000000000000000000e+00 
  0.000000000000000000e+00   0.000000000000000000e+00 
  0.000000000000000000e+00   0.000000000000000000e+00 
  0.000000000000000000e+00   0.000000000000000000e+00 
  0.000000000000000000e+00   0.000000000000000000e+00 
  0.000000000000000000e+00   0.000000000000000000e+00 
  0.000000000000000000e+00   0.000000000000000000e+00 
 -4.923400934784626960e-03   0.000000000000000000e+00 
  2.878649160265953424e-02   0.000000000000000000e+00 
 -1.316677499562539377e-02   0.000000000000000000e+00 
 -6.048696115613242177e-03   0.000000000000000000e+00 
 -8.854824700393036391e-04   0.000000000000000000e+00 
 -1.280280016362685992e-02   0.000000000000000000e+00 
  2.087871916592116961e-02   0.000000000000000000e+00 
 -2.154142595827643683e-03   0.000000000000000000e+00 
 -2.448891056701604264e-03   0.000000000000000000e+00 
  1.540108956396582171e-02   0.000000000000000000e+00 
  4.209257662296247461e-03   0.000000000000000000e+00 
  4.795795772224558003e-03   0.000000000000000000e+00 
 -4.098360426723827825e-03   0.000000000000000000e+00 
  5.545761436223808558e-03   0.000000000000000000e+00 
  5.799778923392304858e-02   0.000000000000000000e+00 
 -4.238051176071157278e-02   0.000000000000000000e+00 
  5.939298309385787795e-03   0.000000000000000000e+00 
 -2.374609932303431425e-02   0.000000000000000000e+00 
 -1.960368454456326570e-02   0.000000000000000000e+00 
 -1.024187635630369707e-02   0.000000000000000000e+00 
 -4.639871418476113757e-02   0.000000000000000000e+00 
 -4.054623132105876623e-04   0.000000000000000000e+00 
  2.476927824318366465e-03   0.000000000000000000e+00 
  1.722871791571380659e-03   0.000000000000000000e+00 
  5.970171652734280500e-03   0.000000000000000000e+00 
  4.651995748281478188e-02   0.000000000000000000e+00 
 -2.701148577034474807e-02   0.000000000000000000e+00 
 -2.827083808370016958e-04   0.000000000000000000e+00 
 -3.381895832717383543e-03   0.000000000000000000e+00 
 -7.252995856106248321e-03   0.000000000000000000e+00 
  3.877880424261095221e-02   0.000000000000000000e+00 
  8.363911882042869214e-03   0.000000000000000000e+00 
  4.454715177416780636e-03   0.000000000000000000e+00 
  1.471302006393701393e-03   0.000000000000000000e+00 
  7.914174348115921021e-02   0.000000000000000000e+00 
  6.250207312405096395e-03   0.000000000000000000e+00 
 -4.002419486641884544e-02   0.000000000000000000e+00 
  1.092290580272674699e-01   0.000000000000000000e+00 
  2.486952245235442283e-01   0.000000000000000000e+00 
 -1.835599355399610000e-02   0.000000000000000000e+00 
 -1.182792615145444350e-02   0.000000000000000000e+00 
 -5.323471128940577418e-02   0.000000000000000000e+00 
 -9.215206652879716354e-02   0.000000000000000000e+00 
  2.117119356989861576e-02   0.000000000000000000e+00 
 -1.188752949237823070e-01   0.000000000000000000e+00 
  3.431595563888550915e-01   0.000000000000000000e+00 
 -8.164241313934326172e-01   0.000000000000000000e+00 
 -4.334549978375435569e-02   0.000000000000000000e+00 
 -1.668269746005536167e-02   0.000000000000000000e+00 
  1.178325992077589729e-02   0.000000000000000000e+00 
  5.318207666277886131e-02   0.000000000000000000e+00 
 -4.497697576880452242e-02   0.000000000000000000e+00 
 -3.083546273410319935e-02   0.000000000000000000e+00 
  4.486188758164637302e-03   0.000000000000000000e+00 
 -2.962283045053482403e-02   0.000000000000000000e+00 
 -1.650606840848923076e-02   0.000000000000000000e+00 
 -2.806567214429379203e-02   0.000000000000000000e+00 
 -2.073884196579455635e-02   0.000000000000000000e+00 
  6.742846744600580451e-05   0.000000000000000000e+00 
  7.850634865462779999e-03   0.000000000000000000e+00 
  5.189119372516870499e-03   0.000000000000000000e+00 
 -1.008672639727592642e-02   0.000000000000000000e+00 
 -3.328871354460715554e-02   0.000000000000000000e+00 
 -2.138781175017355138e-02   0.000000000000000000e+00 
 -4.547997843474145367e-03   0.000000000000000000e+00 
  2.508543431758881656e-02   0.000000000000000000e+00 
 -9.258501976728436555e-02   0.000000000000000000e+00 
 -2.042925208806991022e-01   0.000000000000000000e+00 
 -5.307998135685922797e-02   0.000000000000000000e+00 
 -5.478365812450650824e-03   0.000000000000000000e+00 
  5.273922532796860435e-02   0.000000000000000000e+00 
  1.030776053667068620e-01   0.000000000000000000e+00 
  1.429067701101303378e-01   0.000000000000000000e+00 
  9.985070675611492502e-03   0.000000000000000000e+00 
 -8.142364025115969572e-02   0.000000000000000000e+00 
 -8.451324701309205489e-02   0.000000000000000000e+00 
  0.000000000000000000e+00   0.000000000000000000e+00 
  0.000000000000000000e+00   0.000000000000000000e+00 
  0.000000000000000000e+00   0.000000000000000000e+00 
  0.000000000000000000e+00   0.000000000000000000e+00 
  0.000000000000000000e+00   0.000000000000000000e+00 
  0.000000000000000000e+00   0.000000000000000000e+00 
  0.000000000000000000e+00   0.000000000000000000e+00 
  0.000000000000000000e+00   0.000000000000000000e+00 
  0.000000000000000000e+00   0.000000000000000000e+00 
  0.000000000000000000e+00   0.000000000000000000e+00 
  0.000000000000000000e+00   0.000000000000000000e+00 
  0.000000000000000000e+00   0.000000000000000000e+00 
  0.000000000000000000e+00   0.000000000000000000e+00 
  0.000000000000000000e+00   0.000000000000000000e+00 
  0.000000000000000000e+00   0.000000000000000000e+00 
  0.000000000000000000e+00   0.000000000000000000e+00 
  0.000000000000000000e+00   0.000000000000000000e+00 
  0.000000000000000000e+00   0.000000000000000000e+00 
  0.000000000000000000e+00   0.000000000000000000e+00 
  0.000000000000000000e+00   0.000000000000000000e+00 
  0.000000000000000000e+00   0.000000000000000000e+00 
  0.000000000000000000e+00   0.000000000000000000e+00 
  0.000000000000000000e+00   0.000000000000000000e+00 
  0.000000000000000000e+00   0.000000000000000000e+00 
  0.000000000000000000e+00   0.000000000000000000e+00 
  0.000000000000000000e+00   0.000000000000000000e+00 
  0.000000000000000000e+00   0.000000000000000000e+00 
  0.000000000000000000e+00   0.000000000000000000e+00 
  0.000000000000000000e+00   0.000000000000000000e+00 
  0.000000000000000000e+00   0.000000000000000000e+00 
  0.000000000000000000e+00   0.000000000000000000e+00 
  0.000000000000000000e+00   0.000000000000000000e+00 
  0.000000000000000000e+00   0.000000000000000000e+00 
  0.000000000000000000e+00   0.000000000000000000e+00 
  0.000000000000000000e+00   0.000000000000000000e+00 
  0.000000000000000000e+00   0.000000000000000000e+00 
  0.000000000000000000e+00   0.000000000000000000e+00 
  0.000000000000000000e+00   0.000000000000000000e+00 
  0.000000000000000000e+00   0.000000000000000000e+00 
  0.000000000000000000e+00   0.000000000000000000e+00 
  0.000000000000000000e+00   0.000000000000000000e+00 
  0.000000000000000000e+00   0.000000000000000000e+00 
  0.000000000000000000e+00   0.000000000000000000e+00 
  0.000000000000000000e+00   0.000000000000000000e+00 
  0.000000000000000000e+00   0.000000000000000000e+00 
  0.000000000000000000e+00   0.000000000000000000e+00 
  0.000000000000000000e+00   0.000000000000000000e+00 
  0.000000000000000000e+00   0.000000000000000000e+00 
  0.000000000000000000e+00   0.000000000000000000e+00 
  0.000000000000000000e+00   0.000000000000000000e+00 
  0.000000000000000000e+00   0.000000000000000000e+00 
  0.000000000000000000e+00   0.000000000000000000e+00 
  0.000000000000000000e+00   0.000000000000000000e+00 
  0.000000000000000000e+00   0.000000000000000000e+00 
  0.000000000000000000e+00   0.000000000000000000e+00 
  0.000000000000000000e+00   0.000000000000000000e+00 
  0.000000000000000000e+00   0.000000000000000000e+00 
  0.000000000000000000e+00   0.000000000000000000e+00 
  0.000000000000000000e+00   0.000000000000000000e+00 
  0.000000000000000000e+00   0.000000000000000000e+00 
  0.000000000000000000e+00   0.000000000000000000e+00 
  0.000000000000000000e+00   0.000000000000000000e+00 
  0.000000000000000000e+00   0.000000000000000000e+00 
  0.000000000000000000e+00   0.000000000000000000e+00 
  0.000000000000000000e+00   0.000000000000000000e+00 
  0.000000000000000000e+00   0.000000000000000000e+00 
  0.000000000000000000e+00   0.000000000000000000e+00 
  0.000000000000000000e+00   0.000000000000000000e+00 
  0.000000000000000000e+00   0.000000000000000000e+00 
  0.000000000000000000e+00   0.000000000000000000e+00 
  0.000000000000000000e+00   0.000000000000000000e+00 
  0.000000000000000000e+00   0.000000000000000000e+00 
  0.000000000000000000e+00   0.000000000000000000e+00 
  0.000000000000000000e+00   0.000000000000000000e+00 
  0.000000000000000000e+00   0.000000000000000000e+00 
  0.000000000000000000e+00   0.000000000000000000e+00 
  1.804659026674906332e-03   0.000000000000000000e+00 
  6.185201928021951149e-04   0.000000000000000000e+00 
 -4.041692707687747320e-03   0.000000000000000000e+00 
 -2.083959057926737871e-03   0.000000000000000000e+00 
 -1.997034996747841344e-03   0.000000000000000000e+00 
 -9.894237155095404138e-04   0.000000000000000000e+00 
  7.613369962201145839e-04   0.000000000000000000e+00 
 -6.744822487234969528e-03   0.000000000000000000e+00 
 -4.789131879806648312e-02   0.000000000000000000e+00 
 -5.278620519675444531e-04   0.000000000000000000e+00 
  8.727704733610174015e-02   0.000000000000000000e+00 
  2.290481515228730280e-02   0.000000000000000000e+00 
  1.209879107773361752e-02   0.000000000000000000e+00 
 -2.212078310549309493e-02   0.000000000000000000e+00 
  3.566721687093360633e-03   0.000000000000000000e+00 
 -7.049909909257357377e-04   0.000000000000000000e+00 
  3.661311347968910514e-04   0.000000000000000000e+00 
  6.173221045173707877e-04   0.000000000000000000e+00 
  3.716291103046416707e-04   0.000000000000000000e+00 
 -3.846382605843240562e-04   0.000000000000000000e+00 
 -2.023217268288133794e-03   0.000000000000000000e+00 
 -1.656259968876836949e-02   0.000000000000000000e+00 
 -1.153732538223263410e-01   0.000000000000000000e+00 
  7.088605780154469882e-04   0.000000000000000000e+00 
  2.242809423478320241e-04   0.000000000000000000e+00 
  1.935528125613928058e-03   0.000000000000000000e+00 
  2.118460834026334935e-03   0.000000000000000000e+00 
 -1.286592916585503274e-03   0.000000000000000000e+00 
  1.199813708662984812e-01   0.000000000000000000e+00 
  9.526125341653805811e-02   0.000000000000000000e+00 
  1.305685378611087365e-03   0.000000000000000000e+00 
 -1.348082423210139325e-01   0.000000000000000000e+00 
 -9.140512347221355083e-02   0.000000000000000000e+00 
 -4.774989793077201369e-05   0.000000000000000000e+00 
 -1.271921247243881503e-01   0.000000000000000000e+00 
 -5.196566507220268943e-02   0.000000000000000000e+00 
  2.297570928931235400e-03   0.000000000000000000e+00 
 -4.856798914261162281e-04   0.000000000000000000e+00 
  3.064786782488226891e-03   0.000000000000000000e+00 
  1.777677796781064164e-03   0.000000000000000000e+00 
 -7.466122973710275119e-03   0.000000000000000000e+00 
  1.035089567303655173e-01   0.000000000000000000e+00 
 -4.499392118304967880e-03   0.000000000000000000e+00 
  1.723645627498626987e-01   0.000000000000000000e+00 
 -3.199438750743863746e-01   0.000000000000000000e+00 
 -4.459031857550145063e-03   0.000000000000000000e+00 
 -1.738238148391246796e-03   0.000000000000000000e+00 
 -7.598933298140771826e-04   0.000000000000000000e+00 
 -1.435166783630839604e-02   0.000000000000000000e+00 
  2.438957616686803290e-02   0.000000000000000000e+00 
  4.281202796846629056e-03   0.000000000000000000e+00 
 -2.222494949819536108e-04   0.000000000000000000e+00 
  3.732042610645293079e-01   0.000000000000000000e+00 
 -2.151913642883299949e-01   0.000000000000000000e+00 
 -9.235848672687991742e-03   0.000000000000000000e+00 
 -7.884981110691999945e-03   0.000000000000000000e+00 
  5.370446015149354067e-03   0.000000000000000000e+00 
 -5.962755996733903018e-03   0.000000000000000000e+00 
  1.649977639317512946e-03   0.000000000000000000e+00 
  1.291973632760345719e-03   0.000000000000000000e+00 
  2.925724547822028941e-04   0.000000000000000000e+00 
  2.764965174719690843e-03   0.000000000000000000e+00 
 -3.686451120302080674e-03   0.000000000000000000e+00 
 -5.522005259990693006e-03   0.000000000000000000e+00 
 -3.959505259990690057e-02   0.000000000000000000e+00 
  6.491652876138680195e-02   0.000000000000000000e+00 
 -3.712853882461785403e-03   0.000000000000000000e+00 
  3.144696529489019246e-04   0.000000000000000000e+00 
  2.212679479271175646e-03   0.000000000000000000e+00 
  3.602507337927817604e-02   0.000000000000000000e+00 
  1.858647167682649648e-01   0.000000000000000000e+00 
 -4.760535433888435364e-03   0.000000000000000000e+00 
  4.172258777543912155e-04   0.000000000000000000e+00 
  1.432722955942153653e-01   0.000000000000000000e+00 
  7.172902226448061302e-01   0.000000000000000000e+00 
 -2.627686364576220079e-03   0.000000000000000000e+00 
  0.000000000000000000e+00   0.000000000000000000e+00 
  0.000000000000000000e+00   0.000000000000000000e+00 
  0.000000000000000000e+00   0.000000000000000000e+00 
  0.000000000000000000e+00   0.000000000000000000e+00 
  0.000000000000000000e+00   0.000000000000000000e+00 
  0.000000000000000000e+00   0.000000000000000000e+00 
  0.000000000000000000e+00   0.000000000000000000e+00 
  0.000000000000000000e+00   0.000000000000000000e+00 
  0.000000000000000000e+00   0.000000000000000000e+00 
  0.000000000000000000e+00   0.000000000000000000e+00 
  0.000000000000000000e+00   0.000000000000000000e+00 
  0.000000000000000000e+00   0.000000000000000000e+00 
  0.000000000000000000e+00   0.000000000000000000e+00 
  0.000000000000000000e+00   0.000000000000000000e+00 
  0.000000000000000000e+00   0.000000000000000000e+00 
  0.000000000000000000e+00   0.000000000000000000e+00 
  0.000000000000000000e+00   0.000000000000000000e+00 
  0.000000000000000000e+00   0.000000000000000000e+00 
  0.000000000000000000e+00   0.000000000000000000e+00 
  0.000000000000000000e+00   0.000000000000000000e+00 
  0.000000000000000000e+00   0.000000000000000000e+00 
  0.000000000000000000e+00   0.000000000000000000e+00 
  0.000000000000000000e+00   0.000000000000000000e+00 
  0.000000000000000000e+00   0.000000000000000000e+00 
  0.000000000000000000e+00   0.000000000000000000e+00 
  0.000000000000000000e+00   0.000000000000000000e+00 
  0.000000000000000000e+00   0.000000000000000000e+00 
  0.000000000000000000e+00   0.000000000000000000e+00 
  0.000000000000000000e+00   0.000000000000000000e+00 
  0.000000000000000000e+00   0.000000000000000000e+00 
  0.000000000000000000e+00   0.000000000000000000e+00 
  0.000000000000000000e+00   0.000000000000000000e+00 
  0.000000000000000000e+00   0.000000000000000000e+00 
  0.000000000000000000e+00   0.000000000000000000e+00 
  0.000000000000000000e+00   0.000000000000000000e+00 
  0.000000000000000000e+00   0.000000000000000000e+00 
  0.000000000000000000e+00   0.000000000000000000e+00 
  0.000000000000000000e+00   0.000000000000000000e+00 
  0.000000000000000000e+00   0.000000000000000000e+00 
  0.000000000000000000e+00   0.000000000000000000e+00 
  0.000000000000000000e+00   0.000000000000000000e+00 
  0.000000000000000000e+00   0.000000000000000000e+00 
  0.000000000000000000e+00   0.000000000000000000e+00 
  0.000000000000000000e+00   0.000000000000000000e+00 
  0.000000000000000000e+00   0.000000000000000000e+00 
  0.000000000000000000e+00   0.000000000000000000e+00 
  0.000000000000000000e+00   0.000000000000000000e+00 
  0.000000000000000000e+00   0.000000000000000000e+00 
  0.000000000000000000e+00   0.000000000000000000e+00 
  0.000000000000000000e+00   0.000000000000000000e+00 
  0.000000000000000000e+00   0.000000000000000000e+00 
  0.000000000000000000e+00   0.000000000000000000e+00 
  0.000000000000000000e+00   0.000000000000000000e+00 
  0.000000000000000000e+00   0.000000000000000000e+00 
  0.000000000000000000e+00   0.000000000000000000e+00 
  0.000000000000000000e+00   0.000000000000000000e+00 
  0.000000000000000000e+00   0.000000000000000000e+00 
  0.000000000000000000e+00   0.000000000000000000e+00 
  0.000000000000000000e+00   0.000000000000000000e+00 
  0.000000000000000000e+00   0.000000000000000000e+00 
  0.000000000000000000e+00   0.000000000000000000e+00 
  0.000000000000000000e+00   0.000000000000000000e+00 
  0.000000000000000000e+00   0.000000000000000000e+00 
  0.000000000000000000e+00   0.000000000000000000e+00 
  0.000000000000000000e+00   0.000000000000000000e+00 
  0.000000000000000000e+00   0.000000000000000000e+00 
  0.000000000000000000e+00   0.000000000000000000e+00 
  0.000000000000000000e+00   0.000000000000000000e+00 
  0.000000000000000000e+00   0.000000000000000000e+00 
  0.000000000000000000e+00   0.000000000000000000e+00 
  0.000000000000000000e+00   0.000000000000000000e+00 
  0.000000000000000000e+00   0.000000000000000000e+00 
  0.000000000000000000e+00   0.000000000000000000e+00 
  0.000000000000000000e+00   0.000000000000000000e+00 
  0.000000000000000000e+00   0.000000000000000000e+00 
  0.000000000000000000e+00   0.000000000000000000e+00 
 -1.140327367463944913e-04   0.000000000000000000e+00 
  2.569583011791235373e-03   0.000000000000000000e+00 
  2.725073369219899611e-03   0.000000000000000000e+00 
 -2.381290774791728487e-03   0.000000000000000000e+00 
  7.801968022261964245e-04   0.000000000000000000e+00 
  1.386710791848574757e-03   0.000000000000000000e+00 
 -4.265456809662110621e-04   0.000000000000000000e+00 
 -4.889079183339981732e-02   0.000000000000000000e+00 
  7.069936953485601860e-03   0.000000000000000000e+00 
  2.527134725824044855e-03   0.000000000000000000e+00 
  2.109185792505697057e-02   0.000000000000000000e+00 
 -9.184188395738698829e-02   0.000000000000000000e+00 
 -2.263908647000814275e-02   0.000000000000000000e+00 
 -8.708361536264442107e-03   0.000000000000000000e+00 
  9.995596483352068261e-04   0.000000000000000000e+00 
 -2.623292151838777387e-03   0.000000000000000000e+00 
 -1.912355772219599594e-03   0.000000000000000000e+00 
 -5.561320576816810267e-04   0.000000000000000000e+00 
 -1.470173825509847728e-03   0.000000000000000000e+00 
  1.756513840518890077e-03   0.000000000000000000e+00 
 -5.692533450201171102e-04   0.000000000000000000e+00 
 -1.123674437403678478e-01   0.000000000000000000e+00 
  1.736956275999543622e-02   0.000000000000000000e+00 
 -1.329560531303286552e-03   0.000000000000000000e+00 
  1.734481891617178917e-03   0.000000000000000000e+00 
 -2.304164459928873237e-03   0.000000000000000000e+00 
 -3.095923690125345316e-03   0.000000000000000000e+00 
  7.678831461817026138e-04   0.000000000000000000e+00 
  9.552004188299176302e-02   0.000000000000000000e+00 
 -1.179683059453963817e-01   0.000000000000000000e+00 
  1.419260632246733145e-03   0.000000000000000000e+00 
  9.408668428659436311e-02   0.000000000000000000e+00 
 -1.401012241840363381e-01   0.000000000000000000e+00 
 -1.965892966836690469e-03   0.000000000000000000e+00 
  5.272627249360074819e-02   0.000000000000000000e+00 
 -1.213127598166466453e-01   0.000000000000000000e+00 
 -9.185296366922558438e-04   0.000000000000000000e+00 
  1.999174710363149643e-03   0.000000000000000000e+00 
 -1.355723943561313097e-04   0.000000000000000000e+00 
 -1.248142682015896060e-03   0.000000000000000000e+00 
 -1.012837812304496210e-01   0.000000000000000000e+00 
 -1.295038685202595449e-02   0.000000000000000000e+00 
  2.720504067838191552e-03   0.000000000000000000e+00 
  3.213463723659515381e-01   0.000000000000000000e+00 
  1.752790510654448630e-01   0.000000000000000000e+00 
 -1.352718682028353214e-03   0.000000000000000000e+00 
  9.305094718001782894e-04   0.000000000000000000e+00 
  1.687108771875501113e-03   0.000000000000000000e+00 
  2.219298295676708568e-02   0.000000000000000000e+00 
  2.610302530229093032e-02   0.000000000000000000e+00 
 -3.240245627239346938e-03   0.000000000000000000e+00 
  1.920335780596371135e-04   0.000000000000000000e+00 
 -2.231751680374144675e-01   0.000000000000000000e+00 
 -3.809735774993895929e-01   0.000000000000000000e+00 
  1.506553235230782275e-04   0.000000000000000000e+00 
 -1.731060678139305755e-03   0.000000000000000000e+00 
  6.255653715925326417e-05   0.000000000000000000e+00 
  8.306263945996761322e-03   0.000000000000000000e+00 
 -2.072524803224953197e-04   0.000000000000000000e+00 
 -1.172706615761853077e-04   0.000000000000000000e+00 
 -1.168902963399888305e-04   0.000000000000000000e+00 
 -7.176407147198915482e-03   0.000000000000000000e+00 
  1.856628688983619864e-03   0.000000000000000000e+00 
  1.721235923469066620e-03   0.000000000000000000e+00 
 -6.957097351551051745e-02   0.000000000000000000e+00 
 -3.499925136566160722e-02   0.000000000000000000e+00 
  5.128527525812386599e-03   0.000000000000000000e+00 
 -7.067050901241600513e-04   0.000000000000000000e+00 
 -1.159195206128062119e-03   0.000000000000000000e+00 
  1.923589110374451794e-01   0.000000000000000000e+00 
 -2.508555911481380116e-02   0.000000000000000000e+00 
  3.811020869761704965e-03   0.000000000000000000e+00 
 -1.146875205449761044e-03   0.000000000000000000e+00 
  7.098518013954159267e-01   0.000000000000000000e+00 
 -1.416479647159576416e-01   0.000000000000000000e+00 
  6.876692641526458479e-04   0.000000000000000000e+00 
  0.000000000000000000e+00   0.000000000000000000e+00 
  0.000000000000000000e+00   0.000000000000000000e+00 
  0.000000000000000000e+00   0.000000000000000000e+00 
  0.000000000000000000e+00   0.000000000000000000e+00 
  0.000000000000000000e+00   0.000000000000000000e+00 
  0.000000000000000000e+00   0.000000000000000000e+00 
  0.000000000000000000e+00   0.000000000000000000e+00 
  0.000000000000000000e+00   0.000000000000000000e+00 
  0.000000000000000000e+00   0.000000000000000000e+00 
  0.000000000000000000e+00   0.000000000000000000e+00 
  0.000000000000000000e+00   0.000000000000000000e+00 
  0.000000000000000000e+00   0.000000000000000000e+00 
  0.000000000000000000e+00   0.000000000000000000e+00 
  0.000000000000000000e+00   0.000000000000000000e+00 
  0.000000000000000000e+00   0.000000000000000000e+00 
  0.000000000000000000e+00   0.000000000000000000e+00 
  0.000000000000000000e+00   0.000000000000000000e+00 
  0.000000000000000000e+00   0.000000000000000000e+00 
  0.000000000000000000e+00   0.000000000000000000e+00 
  0.000000000000000000e+00   0.000000000000000000e+00 
  0.000000000000000000e+00   0.000000000000000000e+00 
  0.000000000000000000e+00   0.000000000000000000e+00 
  0.000000000000000000e+00   0.000000000000000000e+00 
  0.000000000000000000e+00   0.000000000000000000e+00 
  0.000000000000000000e+00   0.000000000000000000e+00 
  0.000000000000000000e+00   0.000000000000000000e+00 
  0.000000000000000000e+00   0.000000000000000000e+00 
  0.000000000000000000e+00   0.000000000000000000e+00 
  0.000000000000000000e+00   0.000000000000000000e+00 
  0.000000000000000000e+00   0.000000000000000000e+00 
  0.000000000000000000e+00   0.000000000000000000e+00 
  0.000000000000000000e+00   0.000000000000000000e+00 
  0.000000000000000000e+00   0.000000000000000000e+00 
  0.000000000000000000e+00   0.000000000000000000e+00 
  0.000000000000000000e+00   0.000000000000000000e+00 
  0.000000000000000000e+00   0.000000000000000000e+00 
  0.000000000000000000e+00   0.000000000000000000e+00 
  0.000000000000000000e+00   0.000000000000000000e+00 
  0.000000000000000000e+00   0.000000000000000000e+00 
  0.000000000000000000e+00   0.000000000000000000e+00 
  0.000000000000000000e+00   0.000000000000000000e+00 
  0.000000000000000000e+00   0.000000000000000000e+00 
  0.000000000000000000e+00   0.000000000000000000e+00 
  0.000000000000000000e+00   0.000000000000000000e+00 
  0.000000000000000000e+00   0.000000000000000000e+00 
  0.000000000000000000e+00   0.000000000000000000e+00 
  0.000000000000000000e+00   0.000000000000000000e+00 
  0.000000000000000000e+00   0.000000000000000000e+00 
  0.000000000000000000e+00   0.000000000000000000e+00 
  0.000000000000000000e+00   0.000000000000000000e+00 
  0.000000000000000000e+00   0.000000000000000000e+00 
  0.000000000000000000e+00   0.000000000000000000e+00 
  0.000000000000000000e+00   0.000000000000000000e+00 
  0.000000000000000000e+00   0.000000000000000000e+00 
  0.000000000000000000e+00   0.000000000000000000e+00 
  0.000000000000000000e+00   0.000000000000000000e+00 
  0.000000000000000000e+00   0.000000000000000000e+00 
  0.000000000000000000e+00   0.000000000000000000e+00 
  0.000000000000000000e+00   0.000000000000000000e+00 
  0.000000000000000000e+00   0.000000000000000000e+00 
  0.000000000000000000e+00   0.000000000000000000e+00 
  0.000000000000000000e+00   0.000000000000000000e+00 
  0.000000000000000000e+00   0.000000000000000000e+00 
  0.000000000000000000e+00   0.000000000000000000e+00 
  0.000000000000000000e+00   0.000000000000000000e+00 
  0.000000000000000000e+00   0.000000000000000000e+00 
  0.000000000000000000e+00   0.000000000000000000e+00 
  0.000000000000000000e+00   0.000000000000000000e+00 
  0.000000000000000000e+00   0.000000000000000000e+00 
  0.000000000000000000e+00   0.000000000000000000e+00 
  0.000000000000000000e+00   0.000000000000000000e+00 
  0.000000000000000000e+00   0.000000000000000000e+00 
  0.000000000000000000e+00   0.000000000000000000e+00 
  0.000000000000000000e+00   0.000000000000000000e+00 
  0.000000000000000000e+00   0.000000000000000000e+00 
  0.000000000000000000e+00   0.000000000000000000e+00 
  3.244649246334780496e-02   0.000000000000000000e+00 
 -6.847934424877219484e-02   0.000000000000000000e+00 
  4.908726736903240573e-02   0.000000000000000000e+00 
  1.215808559209115465e-02   0.000000000000000000e+00 
 -4.473512526601671792e-03   0.000000000000000000e+00 
  8.068871684372418140e-03   0.000000000000000000e+00 
 -4.922823235392568414e-02   0.000000000000000000e+00 
  8.980078855531163336e-04   0.000000000000000000e+00 
  2.108252956532423005e-04   0.000000000000000000e+00 
 -1.524400990456345126e-02   0.000000000000000000e+00 
 -8.390319533645948860e-03   0.000000000000000000e+00 
 -5.589206237345681512e-03   0.000000000000000000e+00 
  8.116162382066067701e-03   0.000000000000000000e+00 
 -8.155368268489828973e-03   0.000000000000000000e+00 
  7.217221893370205296e-03   0.000000000000000000e+00 
  4.371590912342039441e-03   0.000000000000000000e+00 
  2.785837650299058735e-02   0.000000000000000000e+00 
  1.793893575668336904e-01   0.000000000000000000e+00 
  3.944710362702609843e-03   0.000000000000000000e+00 
  1.895256806164982754e-03   0.000000000000000000e+00 
  1.970319449901584141e-01   0.000000000000000000e+00 
  1.119363121688360298e-03   0.000000000000000000e+00 
 -4.640392493456548320e-03   0.000000000000000000e+00 
  2.408109372481704192e-03   0.000000000000000000e+00 
 -2.567967399954794970e-03   0.000000000000000000e+00 
 -3.118004882708196642e-03   0.000000000000000000e+00 
  9.159735403954975819e-03   0.000000000000000000e+00 
 -6.561618298292161422e-02   0.000000000000000000e+00 
  6.395897362381167822e-03   0.000000000000000000e+00 
  9.219790808856440437e-03   0.000000000000000000e+00 
 -8.026922494173051315e-02   0.000000000000000000e+00 
 -2.883422886952744825e-03   0.000000000000000000e+00 
 -1.367129036225353577e-03   0.000000000000000000e+00 
  6.108264438807894936e-03   0.000000000000000000e+00 
 -1.156739443540573120e-01   0.000000000000000000e+00 
 -6.078456528484806574e-03   0.000000000000000000e+00 
 -1.285288184881210605e-01   0.000000000000000000e+00 
  4.975645616650582054e-02   0.000000000000000000e+00 
  1.355167292058467171e-02   0.000000000000000000e+00 
  2.416839078068736338e-02   0.000000000000000000e+00 
  1.507571432739495364e-02   0.000000000000000000e+00 
  7.841784507036204943e-02   0.000000000000000000e+00 
  4.427945315837860663e-01   0.000000000000000000e+00 
 -3.737945854663850959e-02   0.000000000000000000e+00 
  1.981188356876372736e-01   0.000000000000000000e+00 
  1.392205208539963046e-01   0.000000000000000000e+00 
 -6.037132814526557922e-02   0.000000000000000000e+00 
  1.036137342453003624e-02   0.000000000000000000e+00 
  1.762694492936135726e-02   0.000000000000000000e+00 
 -1.091192290186882886e-02   0.000000000000000000e+00 
  8.228145539760511537e-03   0.000000000000000000e+00 
  2.445345073938368363e-01   0.000000000000000000e+00 
  3.896328806877135537e-02   0.000000000000000000e+00 
 -4.872497636824838461e-03   0.000000000000000000e+00 
  3.354057297110558250e-02   0.000000000000000000e+00 
  2.108903229236603130e-02   0.000000000000000000e+00 
  8.241167291998861485e-03   0.000000000000000000e+00 
  5.387090612202882767e-03   0.000000000000000000e+00 
  9.307704865932463212e-02   0.000000000000000000e+00 
 -1.020564159261993115e-04   0.000000000000000000e+00 
  5.486004985868930817e-03   0.000000000000000000e+00 
  5.014616181142652045e-04   0.000000000000000000e+00 
  6.901190150529144460e-03   0.000000000000000000e+00 
 -5.074293911457062461e-02   0.000000000000000000e+00 
  7.568369619548315566e-03   0.000000000000000000e+00 
 -3.034527786076070266e-02   0.000000000000000000e+00 
 -4.278488829731939835e-02   0.000000000000000000e+00 
 -6.779469549655910837e-03   0.000000000000000000e+00 
  1.394276767969132580e-01   0.000000000000000000e+00 
  7.694214116781956068e-03   0.000000000000000000e+00 
 -6.223961338400841453e-02   0.000000000000000000e+00 
 -1.410245895385742465e-01   0.000000000000000000e+00 
 -7.079086899757387474e-01   0.000000000000000000e+00 
 -9.191906079649921762e-03   0.000000000000000000e+00 
  9.631748497486118665e-02   0.000000000000000000e+00 
  2.101218402385711670e-01   0.000000000000000000e+00 
