# [2025-01-03 16:05:25,145] INFO: Loading Hamiltonian from saved file
# [2025-01-03 16:05:27,064] INFO: Setting up the training loop
# [2025-01-03 16:05:28,163] INFO: Initializing parameters and states
# [2025-01-03 16:05:37,696] INFO: Burning in the sampler for 100 steps
# [2025-01-03 16:05:45,579] INFO: Start training
# HF energy from loaded: -108.3847567718833
# step	loss	e_tot	exp_es	exp_s	std_es	std_s	lr	time
0	-108.4086	-108.4086	-108.3392	0.9994	3.8784	0.0358	3.0e-04	11.9051
1	-108.4106	-108.4106	-108.3462	0.9994	3.7340	0.0344	3.0e-04	0.7551
2	-108.4104	-108.4104	-108.3444	0.9994	3.7809	0.0349	3.0e-04	0.5325
3	-108.4103	-108.4103	-108.3423	0.9994	3.8386	0.0354	3.0e-04	0.5329
4	-108.4124	-108.4124	-108.3471	0.9994	3.7632	0.0347	3.0e-04	0.5333
5	-108.4122	-108.4122	-108.3417	0.9993	3.9088	0.0361	3.0e-04	0.5341
6	-108.4119	-108.4119	-108.3398	0.9993	3.9530	0.0365	3.0e-04	0.5324
7	-108.4129	-108.4129	-108.3386	0.9993	4.0126	0.0370	3.0e-04	0.5327
8	-108.4152	-108.4152	-108.3415	0.9993	3.9957	0.0369	3.0e-04	0.5335
9	-108.4160	-108.4160	-108.3405	0.9993	4.0467	0.0373	3.0e-04	0.5329
10	-108.4157	-108.4157	-108.3364	0.9993	4.1465	0.0382	3.0e-04	0.5319
11	-108.4176	-108.4176	-108.3396	0.9993	4.1090	0.0379	3.0e-04	0.5323
12	-108.4163	-108.4163	-108.3339	0.9992	4.2277	0.0390	3.0e-04	0.5324
13	-108.4169	-108.4169	-108.3313	0.9992	4.3080	0.0397	3.0e-04	0.5317
14	-108.4204	-108.4204	-108.3339	0.9992	4.3284	0.0399	3.0e-04	0.5314
15	-108.4220	-108.4220	-108.3292	0.9991	4.4850	0.0414	3.0e-04	0.5327
16	-108.4213	-108.4213	-108.3246	0.9991	4.5783	0.0422	3.0e-04	0.5321
17	-108.4226	-108.4226	-108.3210	0.9991	4.6925	0.0433	3.0e-04	0.5351
18	-108.4258	-108.4258	-108.3165	0.9990	4.8656	0.0449	3.0e-04	0.5345
19	-108.4259	-108.4259	-108.3123	0.9990	4.9622	0.0458	3.0e-04	0.5337
20	-108.4278	-108.4278	-108.3030	0.9988	5.2013	0.0480	3.0e-04	0.5338
21	-108.4306	-108.4306	-108.3013	0.9988	5.2945	0.0488	3.0e-04	0.5339
22	-108.4302	-108.4302	-108.2878	0.9987	5.5558	0.0512	3.0e-04	0.5353
23	-108.4330	-108.4330	-108.2787	0.9986	5.7748	0.0533	3.0e-04	0.5364
24	-108.4334	-108.4334	-108.2723	0.9985	5.9081	0.0545	3.0e-04	0.5366
25	-108.4377	-108.4377	-108.2629	0.9984	6.1523	0.0567	3.0e-04	0.5353
26	-108.4372	-108.4372	-108.2434	0.9982	6.4803	0.0598	3.0e-04	0.5360
27	-108.4438	-108.4438	-108.2353	0.9981	6.7181	0.0619	3.0e-04	0.5351
28	-108.4469	-108.4469	-108.2177	0.9979	7.0477	0.0650	3.0e-04	0.5366
29	-108.4483	-108.4483	-108.2046	0.9978	7.2674	0.0670	3.0e-04	0.5342
30	-108.4505	-108.4505	-108.1802	0.9975	7.6500	0.0705	3.0e-04	0.5349
31	-108.4557	-108.4557	-108.1767	0.9974	7.7748	0.0717	3.0e-04	0.5367
32	-108.4596	-108.4596	-108.1509	0.9972	8.1774	0.0754	3.0e-04	0.5351
33	-108.4674	-108.4674	-108.1501	0.9971	8.2896	0.0764	3.0e-04	0.5370
34	-108.4653	-108.4653	-108.1265	0.9969	8.5619	0.0789	3.0e-04	0.5360
35	-108.4696	-108.4696	-108.1019	0.9966	8.9235	0.0823	3.0e-04	0.5367
36	-108.4738	-108.4738	-108.0776	0.9963	9.2634	0.0854	3.0e-04	0.5337
37	-108.4817	-108.4817	-108.0747	0.9962	9.3845	0.0865	3.0e-04	0.5346
38	-108.4827	-108.4827	-108.0503	0.9960	9.6748	0.0892	3.0e-04	0.5361
39	-108.4873	-108.4873	-108.0325	0.9958	9.9225	0.0915	3.0e-04	0.5366
40	-108.4961	-108.4961	-108.0213	0.9956	10.1384	0.0934	3.0e-04	0.5356
41	-108.5064	-108.5064	-108.0111	0.9954	10.3542	0.0954	3.0e-04	0.5362
42	-108.5087	-108.5087	-108.0049	0.9954	10.4401	0.0962	3.0e-04	0.5356
43	-108.5203	-108.5203	-107.9907	0.9951	10.7065	0.0987	3.0e-04	0.5380
44	-108.5214	-108.5214	-107.9763	0.9950	10.8627	0.1001	3.0e-04	0.5354
45	-108.5293	-108.5293	-107.9861	0.9950	10.8429	0.0999	3.0e-04	0.5352
46	-108.5403	-108.5403	-107.9987	0.9950	10.8290	0.0998	3.0e-04	0.5368
47	-108.5528	-108.5528	-107.9692	0.9946	11.2378	0.1035	3.0e-04	0.5387
48	-108.5520	-108.5520	-108.0193	0.9951	10.7398	0.0990	3.0e-04	0.5368
49	-108.5650	-108.5650	-108.0180	0.9950	10.8814	0.1002	3.0e-04	0.5369
50	-108.5748	-108.5748	-108.0280	0.9950	10.8809	0.1002	3.0e-04	0.5365
51	-108.5788	-108.5788	-108.0329	0.9950	10.8695	0.1001	3.0e-04	0.5367
52	-108.5838	-108.5838	-108.0368	0.9950	10.8846	0.1003	3.0e-04	0.5367
53	-108.5912	-108.5912	-108.0457	0.9950	10.8691	0.1001	3.0e-04	0.5362
54	-108.6100	-108.6100	-108.0831	0.9951	10.6841	0.0984	3.0e-04	0.5372
55	-108.6219	-108.6219	-108.1037	0.9952	10.5953	0.0976	3.0e-04	0.5370
56	-108.6276	-108.6276	-108.1150	0.9953	10.5383	0.0970	3.0e-04	0.5379
57	-108.6438	-108.6438	-108.1190	0.9952	10.6640	0.0982	3.0e-04	0.5367
58	-108.6430	-108.6430	-108.1426	0.9954	10.4145	0.0959	3.0e-04	0.5374
59	-108.6618	-108.6618	-108.1735	0.9955	10.2868	0.0947	3.0e-04	0.5372
60	-108.6502	-108.6502	-108.1554	0.9954	10.3545	0.0953	3.0e-04	0.5379
61	-108.6719	-108.6719	-108.2022	0.9957	10.0938	0.0929	3.0e-04	0.5385
62	-108.6750	-108.6750	-108.2107	0.9957	10.0345	0.0923	3.0e-04	0.5370
63	-108.6978	-108.6978	-108.2392	0.9958	9.9711	0.0917	3.0e-04	0.5377
64	-108.6952	-108.6952	-108.2191	0.9956	10.1580	0.0935	3.0e-04	0.5377
65	-108.7067	-108.7067	-108.2534	0.9958	9.9160	0.0912	3.0e-04	0.5388
66	-108.7145	-108.7145	-108.2640	0.9959	9.8841	0.0909	3.0e-04	0.5372
67	-108.7059	-108.7059	-108.2728	0.9960	9.6868	0.0892	3.0e-04	0.5364
68	-108.7289	-108.7289	-108.2982	0.9960	9.6603	0.0889	3.0e-04	0.5388
69	-108.7334	-108.7334	-108.2854	0.9959	9.8553	0.0907	3.0e-04	0.5374
70	-108.7454	-108.7454	-108.3231	0.9961	9.5721	0.0880	3.0e-04	0.5388
71	-108.7457	-108.7457	-108.3147	0.9960	9.6673	0.0889	3.0e-04	0.5389
72	-108.7368	-108.7368	-108.3110	0.9961	9.6027	0.0884	3.0e-04	0.5379
73	-108.7664	-108.7664	-108.3314	0.9960	9.7102	0.0893	3.0e-04	0.5383
74	-108.7685	-108.7685	-108.3247	0.9959	9.8066	0.0902	3.0e-04	0.5384
75	-108.7636	-108.7636	-108.3197	0.9959	9.8032	0.0902	3.0e-04	0.5383
76	-108.7615	-108.7615	-108.3290	0.9960	9.6742	0.0891	3.0e-04	0.5376
77	-108.7730	-108.7730	-108.3109	0.9958	9.9979	0.0921	3.0e-04	0.5371
78	-108.7712	-108.7712	-108.3111	0.9958	9.9781	0.0919	3.0e-04	0.5386
79	-108.7652	-108.7652	-108.2904	0.9956	10.1343	0.0933	3.0e-04	0.5386
80	-108.7901	-108.7901	-108.3161	0.9956	10.1217	0.0932	3.0e-04	0.5382
81	-108.7824	-108.7824	-108.3140	0.9957	10.0676	0.0927	3.0e-04	0.5386
82	-108.7947	-108.7947	-108.3175	0.9956	10.1595	0.0936	3.0e-04	0.5384
83	-108.7937	-108.7937	-108.3166	0.9956	10.1595	0.0935	3.0e-04	0.5378
84	-108.7917	-108.7917	-108.3050	0.9955	10.2588	0.0945	2.9e-04	0.5383
85	-108.7984	-108.7984	-108.3288	0.9957	10.0741	0.0928	2.9e-04	0.5373
86	-108.8094	-108.8094	-108.3336	0.9956	10.1456	0.0934	2.9e-04	0.5384
87	-108.7952	-108.7952	-108.3097	0.9955	10.2447	0.0944	2.9e-04	0.5389
88	-108.8221	-108.8221	-108.3049	0.9952	10.5725	0.0974	2.9e-04	0.5387
89	-108.8408	-108.8408	-108.3455	0.9954	10.3464	0.0953	2.9e-04	0.5381
90	-108.8367	-108.8367	-108.3325	0.9954	10.4381	0.0961	2.9e-04	0.5377
91	-108.8255	-108.8255	-108.2943	0.9951	10.7093	0.0987	2.9e-04	0.5368
92	-108.8163	-108.8163	-108.3264	0.9955	10.2907	0.0948	2.9e-04	0.5376
93	-108.8264	-108.8264	-108.2978	0.9951	10.6855	0.0984	2.9e-04	0.5361
94	-108.8094	-108.8094	-108.2873	0.9952	10.6234	0.0978	2.9e-04	0.5363
95	-108.8304	-108.8304	-108.3147	0.9953	10.5564	0.0972	2.9e-04	0.5375
96	-108.8334	-108.8334	-108.2963	0.9951	10.7725	0.0992	2.9e-04	0.5375
97	-108.8469	-108.8469	-108.2980	0.9950	10.8878	0.1003	2.9e-04	0.5380
98	-108.8227	-108.8227	-108.2954	0.9952	10.6786	0.0983	2.9e-04	0.5374
99	-108.8225	-108.8225	-108.2817	0.9950	10.8090	0.0996	2.9e-04	0.5392
100	-108.8419	-108.8419	-108.3113	0.9951	10.7105	0.0986	2.9e-04	0.5388
101	-108.8424	-108.8424	-108.2867	0.9949	10.9533	0.1009	2.9e-04	0.5351
102	-108.8318	-108.8318	-108.2620	0.9948	11.0933	0.1022	2.9e-04	0.5380
103	-108.8340	-108.8340	-108.2571	0.9947	11.1634	0.1028	2.9e-04	0.5390
104	-108.8673	-108.8673	-108.2908	0.9947	11.1616	0.1028	2.9e-04	0.5390
105	-108.8270	-108.8270	-108.2272	0.9945	11.3845	0.1048	2.9e-04	0.5387
106	-108.8512	-108.8512	-108.2437	0.9944	11.4535	0.1055	2.9e-04	0.5389
107	-108.8444	-108.8444	-108.2663	0.9947	11.1838	0.1029	2.9e-04	0.5384
108	-108.8366	-108.8366	-108.2067	0.9942	11.6678	0.1074	2.9e-04	0.5385
109	-108.8465	-108.8465	-108.2110	0.9942	11.7186	0.1079	2.9e-04	0.5391
110	-108.8594	-108.8594	-108.2113	0.9940	11.8340	0.1090	2.9e-04	0.5385
111	-108.8511	-108.8511	-108.1917	0.9939	11.9385	0.1099	2.9e-04	0.5384
112	-108.8473	-108.8473	-108.1786	0.9939	12.0192	0.1106	2.9e-04	0.5380
113	-108.8586	-108.8586	-108.1795	0.9938	12.1133	0.1115	2.9e-04	0.5383
114	-108.8557	-108.8557	-108.1862	0.9938	12.0318	0.1107	2.9e-04	0.5388
115	-108.8728	-108.8728	-108.1790	0.9936	12.2428	0.1127	2.9e-04	0.5387
116	-108.8573	-108.8573	-108.1610	0.9936	12.2626	0.1129	2.9e-04	0.5401
117	-108.8525	-108.8525	-108.1293	0.9934	12.4976	0.1151	2.9e-04	0.5397
118	-108.8712	-108.8712	-108.1786	0.9936	12.2339	0.1126	2.9e-04	0.5385
119	-108.8605	-108.8605	-108.1477	0.9935	12.4115	0.1142	2.9e-04	0.5386
120	-108.8662	-108.8662	-108.1165	0.9931	12.7263	0.1172	2.9e-04	0.5397
121	-108.8537	-108.8537	-108.1039	0.9931	12.7272	0.1172	2.9e-04	0.5397
122	-108.8521	-108.8521	-108.1229	0.9933	12.5449	0.1155	2.9e-04	0.5392
123	-108.8689	-108.8689	-108.1346	0.9933	12.5955	0.1159	2.9e-04	0.5390
124	-108.8602	-108.8602	-108.0891	0.9929	12.9073	0.1188	2.9e-04	0.5388
125	-108.8507	-108.8507	-108.0870	0.9930	12.8458	0.1182	2.9e-04	0.5385
126	-108.8795	-108.8795	-108.0848	0.9927	13.0989	0.1206	2.9e-04	0.5384
127	-108.8653	-108.8653	-108.0751	0.9927	13.0654	0.1203	2.9e-04	0.5374
128	-108.8721	-108.8721	-108.0737	0.9927	13.1308	0.1209	2.9e-04	0.5377
129	-108.8595	-108.8595	-108.0587	0.9926	13.1528	0.1211	2.9e-04	0.5388
130	-108.8677	-108.8677	-108.0437	0.9924	13.3373	0.1227	2.9e-04	0.5399
131	-108.8630	-108.8630	-108.0345	0.9924	13.3779	0.1231	2.9e-04	0.5394
132	-108.8667	-108.8667	-108.0104	0.9921	13.5943	0.1252	2.9e-04	0.5388
133	-108.8749	-108.8749	-107.9944	0.9919	13.7928	0.1269	2.9e-04	0.5387
134	-108.8710	-108.8710	-107.9915	0.9919	13.7810	0.1268	2.9e-04	0.5393
135	-108.8694	-108.8694	-107.9900	0.9919	13.7880	0.1268	2.9e-04	0.5375
136	-108.8748	-108.8748	-107.9897	0.9919	13.8338	0.1272	2.9e-04	0.5390
137	-108.8761	-108.8761	-107.9742	0.9917	13.9630	0.1284	2.9e-04	0.5400
138	-108.8711	-108.8711	-107.9356	0.9914	14.2155	0.1308	2.9e-04	0.5400
139	-108.8667	-108.8667	-107.9119	0.9912	14.3573	0.1321	2.9e-04	0.5388
140	-108.8881	-108.8881	-107.9097	0.9910	14.5345	0.1337	2.9e-04	0.5373
141	-108.8852	-108.8852	-107.8877	0.9908	14.6770	0.1351	2.9e-04	0.5376
142	-108.8872	-108.8872	-107.9005	0.9909	14.6016	0.1343	2.9e-04	0.5367
143	-108.8917	-108.8917	-107.9018	0.9909	14.6255	0.1345	2.9e-04	0.5388
144	-108.8733	-108.8733	-107.8830	0.9909	14.6293	0.1346	2.9e-04	0.5393
145	-108.8754	-108.8754	-107.8524	0.9906	14.8681	0.1368	2.9e-04	0.5403
146	-108.8771	-108.8771	-107.8634	0.9907	14.7968	0.1361	2.9e-04	0.5391
147	-108.8788	-108.8788	-107.8656	0.9907	14.7988	0.1361	2.9e-04	0.5392
148	-108.8730	-108.8730	-107.8210	0.9903	15.0725	0.1387	2.9e-04	0.5379
149	-108.8825	-108.8825	-107.8459	0.9905	14.9694	0.1376	2.9e-04	0.5395
150	-108.8950	-108.8950	-107.8280	0.9902	15.1810	0.1396	2.9e-04	0.5395
151	-108.8819	-108.8819	-107.8356	0.9904	15.0329	0.1383	2.9e-04	0.5392
152	-108.8922	-108.8922	-107.8108	0.9901	15.2858	0.1406	2.9e-04	0.5395
153	-108.8939	-108.8939	-107.8200	0.9901	15.2300	0.1401	2.9e-04	0.5396
154	-108.8812	-108.8812	-107.8388	0.9904	15.0082	0.1380	2.9e-04	0.5398
155	-108.9071	-108.9071	-107.8444	0.9902	15.1514	0.1393	2.9e-04	0.5398
156	-108.8902	-108.8902	-107.8424	0.9904	15.0449	0.1384	2.9e-04	0.5390
157	-108.8702	-108.8702	-107.8444	0.9906	14.8838	0.1369	2.9e-04	0.5385
158	-108.8920	-108.8920	-107.8404	0.9903	15.0760	0.1386	2.9e-04	0.5382
159	-108.8869	-108.8869	-107.8365	0.9904	15.0604	0.1386	2.9e-04	0.5383
160	-108.8963	-108.8963	-107.8345	0.9902	15.1380	0.1393	2.9e-04	0.5400
161	-108.8981	-108.8981	-107.8250	0.9901	15.2247	0.1400	2.9e-04	0.5380
162	-108.9090	-108.9090	-107.7905	0.9897	15.5428	0.1429	2.9e-04	0.5391
163	-108.8922	-108.8922	-107.8025	0.9900	15.3451	0.1411	2.9e-04	0.5398
164	-108.8838	-108.8838	-107.8134	0.9902	15.2034	0.1399	2.9e-04	0.5395
165	-108.8866	-108.8866	-107.8036	0.9901	15.2920	0.1407	2.9e-04	0.5389
166	-108.8895	-108.8895	-107.7829	0.9898	15.4604	0.1422	2.9e-04	0.5395
167	-108.9011	-108.9011	-107.7686	0.9896	15.6415	0.1438	2.9e-04	0.5380
168	-108.8810	-108.8810	-107.7667	0.9898	15.5106	0.1427	2.9e-04	0.5376
169	-108.9125	-108.9125	-107.7736	0.9895	15.6822	0.1442	2.9e-04	0.5391
170	-108.8895	-108.8895	-107.7422	0.9895	15.7337	0.1448	2.9e-04	0.5395
171	-108.9022	-108.9022	-107.7842	0.9897	15.5409	0.1429	2.9e-04	0.5396
172	-108.9012	-108.9012	-107.7574	0.9895	15.7172	0.1446	2.9e-04	0.5386
173	-108.8993	-108.8993	-107.7220	0.9892	15.9410	0.1466	2.9e-04	0.5382
174	-108.9146	-108.9146	-107.7314	0.9891	15.9837	0.1470	2.9e-04	0.5384
175	-108.9140	-108.9140	-107.6869	0.9887	16.2744	0.1497	2.9e-04	0.5388
176	-108.9272	-108.9272	-107.7270	0.9890	16.0949	0.1480	2.9e-04	0.5378
177	-108.8993	-108.8993	-107.7087	0.9891	16.0389	0.1475	2.9e-04	0.5367
178	-108.8997	-108.8997	-107.6229	0.9883	16.6013	0.1527	2.9e-04	0.5369
179	-108.8998	-108.8998	-107.6244	0.9883	16.5850	0.1526	2.9e-04	0.5380
180	-108.8935	-108.8935	-107.6581	0.9887	16.3326	0.1502	2.9e-04	0.5387
181	-108.9112	-108.9112	-107.6396	0.9883	16.5627	0.1524	2.9e-04	0.5402
182	-108.9101	-108.9101	-107.6355	0.9883	16.5877	0.1525	2.9e-04	0.5403
183	-108.9038	-108.9038	-107.5898	0.9879	16.8414	0.1549	2.9e-04	0.5393
184	-108.9000	-108.9000	-107.6012	0.9881	16.7444	0.1540	2.9e-04	0.5390
185	-108.9064	-108.9064	-107.5387	0.9874	17.1808	0.1580	2.9e-04	0.5382
186	-108.9078	-108.9078	-107.5782	0.9878	16.9292	0.1557	2.9e-04	0.5369
187	-108.9106	-108.9106	-107.5637	0.9876	17.0357	0.1567	2.9e-04	0.5397
188	-108.8994	-108.8994	-107.4674	0.9869	17.5769	0.1616	2.9e-04	0.5386
189	-108.9164	-108.9164	-107.4863	0.9869	17.5671	0.1615	2.9e-04	0.5397
190	-108.9101	-108.9101	-107.4070	0.9862	18.0086	0.1656	2.9e-04	0.5374
191	-108.9096	-108.9096	-107.4000	0.9861	18.0402	0.1659	2.9e-04	0.5395
192	-108.9171	-108.9171	-107.4087	0.9862	18.0455	0.1658	2.9e-04	0.5396
193	-108.9161	-108.9161	-107.3464	0.9856	18.3981	0.1692	2.9e-04	0.5392
194	-108.9305	-108.9305	-107.3555	0.9855	18.4326	0.1694	2.9e-04	0.5384
195	-108.9173	-108.9173	-107.2816	0.9850	18.7773	0.1726	2.9e-04	0.5377
196	-108.8965	-108.8965	-107.3270	0.9856	18.3947	0.1691	2.9e-04	0.5375
197	-108.9067	-108.9067	-107.2605	0.9849	18.8393	0.1732	2.9e-04	0.5384
198	-108.9288	-108.9288	-107.1739	0.9839	19.4467	0.1788	2.9e-04	0.5369
199	-108.9091	-108.9091	-107.1991	0.9843	19.1999	0.1765	2.9e-04	0.5381
200	-108.9161	-108.9161	-107.1187	0.9835	19.6826	0.1809	2.9e-04	0.5374
201	-108.9286	-108.9286	-107.1806	0.9840	19.4129	0.1784	2.9e-04	0.5368
202	-108.9254	-108.9254	-107.1047	0.9833	19.8058	0.1821	2.9e-04	0.5379
203	-108.9211	-108.9211	-107.0560	0.9829	20.0444	0.1842	2.9e-04	0.5385
204	-108.9250	-108.9250	-107.1033	0.9833	19.8123	0.1821	2.9e-04	0.5380
205	-108.9258	-108.9258	-107.0232	0.9825	20.2314	0.1859	2.9e-04	0.5377
206	-108.9309	-108.9309	-106.9750	0.9820	20.5245	0.1886	2.9e-04	0.5368
207	-108.9177	-108.9177	-107.0251	0.9826	20.1842	0.1856	2.9e-04	0.5384
208	-108.9232	-108.9232	-106.9214	0.9816	20.7641	0.1908	2.9e-04	0.5395
209	-108.9241	-108.9241	-106.9659	0.9820	20.5310	0.1887	2.9e-04	0.5397
210	-108.9325	-108.9325	-106.9887	0.9822	20.4597	0.1881	2.9e-04	0.5365
211	-108.9333	-108.9333	-106.9783	0.9821	20.5240	0.1886	2.9e-04	0.5381
212	-108.9254	-108.9254	-106.9783	0.9821	20.4826	0.1882	2.9e-04	0.5375
213	-108.9159	-108.9159	-106.8686	0.9812	20.9897	0.1929	2.9e-04	0.5377
214	-108.9330	-108.9330	-106.9340	0.9816	20.7520	0.1907	2.9e-04	0.5384
215	-108.9282	-108.9282	-106.8995	0.9814	20.9030	0.1921	2.9e-04	0.5375
216	-108.9284	-108.9284	-106.8561	0.9810	21.1256	0.1941	2.9e-04	0.5391
217	-108.9172	-108.9172	-106.8384	0.9809	21.1498	0.1944	2.9e-04	0.5378
218	-108.9438	-108.9438	-106.9015	0.9813	20.9682	0.1927	2.9e-04	0.5383
219	-108.9325	-108.9325	-106.8505	0.9809	21.1728	0.1946	2.9e-04	0.5375
220	-108.9203	-108.9203	-106.7899	0.9804	21.4122	0.1968	2.9e-04	0.5378
221	-108.9282	-108.9282	-106.8753	0.9812	21.0261	0.1932	2.9e-04	0.5370
222	-108.9395	-108.9395	-106.8220	0.9806	21.3505	0.1962	2.9e-04	0.5383
223	-108.9407	-108.9407	-106.8336	0.9807	21.2986	0.1957	2.9e-04	0.5385
224	-108.9429	-108.9429	-106.6555	0.9790	22.1758	0.2038	2.9e-04	0.5392
225	-108.9391	-108.9391	-106.7421	0.9798	21.7411	0.1998	2.9e-04	0.5385
226	-108.9465	-108.9465	-106.7689	0.9800	21.6499	0.1989	2.9e-04	0.5372
227	-108.9598	-108.9598	-106.7442	0.9797	21.8444	0.2006	2.9e-04	0.5386
228	-108.9472	-108.9472	-106.7399	0.9797	21.7988	0.2003	2.9e-04	0.5369
229	-108.9378	-108.9378	-106.7108	0.9796	21.8940	0.2012	2.9e-04	0.5378
230	-108.9367	-108.9367	-106.7536	0.9800	21.6779	0.1992	2.9e-04	0.5374
231	-108.9523	-108.9523	-106.7970	0.9802	21.5417	0.1979	2.9e-04	0.5395
232	-108.9398	-108.9398	-106.7423	0.9798	21.7485	0.1998	2.9e-04	0.5377
233	-108.9583	-108.9583	-106.6990	0.9793	22.0509	0.2026	2.9e-04	0.5372
234	-108.9549	-108.9549	-106.7234	0.9795	21.9010	0.2012	2.9e-04	0.5383
235	-108.9512	-108.9512	-106.8208	0.9804	21.4190	0.1968	2.9e-04	0.5389
236	-108.9467	-108.9467	-106.7621	0.9799	21.6810	0.1992	2.9e-04	0.5384
237	-108.9667	-108.9667	-106.7627	0.9798	21.7823	0.2001	2.9e-04	0.5390
238	-108.9463	-108.9463	-106.7674	0.9800	21.6552	0.1990	2.9e-04	0.5387
239	-108.9419	-108.9419	-106.7040	0.9795	21.9484	0.2016	2.9e-04	0.5396
240	-108.9626	-108.9626	-106.6930	0.9792	22.0981	0.2030	2.9e-04	0.5397
241	-108.9435	-108.9435	-106.8109	0.9804	21.4137	0.1967	2.9e-04	0.5400
242	-108.9618	-108.9618	-106.7514	0.9797	21.8115	0.2004	2.9e-04	0.5396
243	-108.9343	-108.9343	-106.8137	0.9805	21.3739	0.1964	2.9e-04	0.5400
244	-108.9433	-108.9433	-106.7589	0.9799	21.6888	0.1992	2.9e-04	0.5391
245	-108.9596	-108.9596	-106.7716	0.9799	21.7049	0.1994	2.9e-04	0.5380
246	-108.9511	-108.9511	-106.7924	0.9802	21.5618	0.1981	2.9e-04	0.5373
247	-108.9514	-108.9514	-106.8381	0.9806	21.3362	0.1960	2.9e-04	0.5380
248	-108.9556	-108.9556	-106.8255	0.9805	21.4112	0.1967	2.9e-04	0.5395
249	-108.9420	-108.9420	-106.7476	0.9799	21.7361	0.1997	2.9e-04	0.5396
250	-108.9526	-108.9526	-106.7595	0.9799	21.7287	0.1996	2.9e-04	0.5384
251	-108.9605	-108.9605	-106.8300	0.9804	21.4217	0.1968	2.9e-04	0.5379
252	-108.9613	-108.9613	-106.8981	0.9811	21.0810	0.1936	2.9e-04	0.5383
253	-108.9502	-108.9502	-106.8552	0.9808	21.2447	0.1952	2.9e-04	0.5370
254	-108.9465	-108.9465	-106.7453	0.9798	21.7665	0.2000	2.9e-04	0.5372
255	-108.9509	-108.9509	-106.8097	0.9803	21.4700	0.1972	2.9e-04	0.5378
256	-108.9598	-108.9598	-106.7619	0.9798	21.7515	0.1998	2.9e-04	0.5393
257	-108.9586	-108.9586	-106.6839	0.9791	22.1256	0.2033	2.9e-04	0.5395
258	-108.9726	-108.9726	-106.7679	0.9798	21.7910	0.2001	2.9e-04	0.5389
259	-108.9601	-108.9601	-106.7612	0.9798	21.7645	0.1999	2.9e-04	0.5407
260	-108.9527	-108.9527	-106.7283	0.9796	21.8814	0.2010	2.9e-04	0.5389
261	-108.9721	-108.9721	-106.7857	0.9799	21.6970	0.1993	2.9e-04	0.5372
262	-108.9711	-108.9711	-106.7735	0.9798	21.7535	0.1998	2.9e-04	0.5394
263	-108.9620	-108.9620	-106.7818	0.9800	21.6655	0.1990	2.8e-04	0.5387
264	-108.9630	-108.9630	-106.7917	0.9801	21.6262	0.1986	2.8e-04	0.5381
265	-108.9660	-108.9660	-106.6625	0.9789	22.2680	0.2045	2.8e-04	0.5382
266	-108.9527	-108.9527	-106.8216	0.9804	21.4231	0.1968	2.8e-04	0.5384
267	-108.9633	-108.9633	-106.7297	0.9795	21.9301	0.2014	2.8e-04	0.5392
268	-108.9633	-108.9633	-106.6903	0.9791	22.1209	0.2032	2.8e-04	0.5387
269	-108.9578	-108.9578	-106.7823	0.9800	21.6472	0.1988	2.8e-04	0.5398
270	-108.9551	-108.9551	-106.6715	0.9790	22.1732	0.2037	2.8e-04	0.5403
271	-108.9532	-108.9532	-106.6564	0.9789	22.2357	0.2042	2.8e-04	0.5389
272	-108.9588	-108.9588	-106.7326	0.9796	21.8949	0.2011	2.8e-04	0.5384
273	-108.9532	-108.9532	-106.5900	0.9783	22.5480	0.2071	2.8e-04	0.5376
274	-108.9554	-108.9554	-106.5725	0.9781	22.6410	0.2080	2.8e-04	0.5382
275	-108.9728	-108.9728	-106.6708	0.9789	22.2624	0.2044	2.8e-04	0.5388
276	-108.9609	-108.9609	-106.5114	0.9775	22.9547	0.2108	2.8e-04	0.5378
277	-108.9639	-108.9639	-106.5861	0.9782	22.6194	0.2078	2.8e-04	0.5374
278	-108.9739	-108.9739	-106.5523	0.9778	22.8290	0.2096	2.8e-04	0.5383
279	-108.9722	-108.9722	-106.5278	0.9776	22.9330	0.2106	2.8e-04	0.5373
280	-108.9579	-108.9579	-106.4911	0.9774	23.0278	0.2115	2.8e-04	0.5385
281	-108.9516	-108.9516	-106.4849	0.9774	23.0344	0.2116	2.8e-04	0.5383
282	-108.9781	-108.9781	-106.4960	0.9772	23.1117	0.2122	2.8e-04	0.5387
283	-108.9627	-108.9627	-106.5818	0.9781	22.6339	0.2079	2.8e-04	0.5382
284	-108.9677	-108.9677	-106.6499	0.9787	22.3331	0.2051	2.8e-04	0.5377
285	-108.9736	-108.9736	-106.4745	0.9771	23.1833	0.2129	2.8e-04	0.5377
286	-108.9791	-108.9791	-106.5906	0.9781	22.6688	0.2082	2.8e-04	0.5373
287	-108.9831	-108.9831	-106.5669	0.9778	22.7997	0.2094	2.8e-04	0.5381
288	-108.9513	-108.9513	-106.5279	0.9778	22.8325	0.2097	2.8e-04	0.5382
289	-108.9721	-108.9721	-106.6382	0.9786	22.4127	0.2058	2.8e-04	0.5379
290	-108.9663	-108.9663	-106.5483	0.9778	22.8106	0.2095	2.8e-04	0.5392
291	-108.9875	-108.9875	-106.6584	0.9786	22.3915	0.2056	2.8e-04	0.5396
292	-108.9697	-108.9697	-106.5769	0.9780	22.6901	0.2084	2.8e-04	0.5396
293	-108.9755	-108.9755	-106.5545	0.9778	22.8235	0.2096	2.8e-04	0.5366
294	-108.9859	-108.9859	-106.5473	0.9776	22.9095	0.2104	2.8e-04	0.5375
295	-108.9628	-108.9628	-106.5847	0.9782	22.6217	0.2078	2.8e-04	0.5378
296	-108.9752	-108.9752	-106.5534	0.9778	22.8278	0.2096	2.8e-04	0.5366
297	-108.9705	-108.9705	-106.4943	0.9773	23.0799	0.2120	2.8e-04	0.5401
298	-108.9643	-108.9643	-106.5938	0.9782	22.5888	0.2075	2.8e-04	0.5380
299	-108.9680	-108.9680	-106.5345	0.9777	22.8828	0.2102	2.8e-04	0.5391
300	-108.9686	-108.9686	-106.4979	0.9773	23.0563	0.2117	2.8e-04	0.5385
301	-108.9716	-108.9716	-106.4176	0.9766	23.4297	0.2152	2.8e-04	0.5369
302	-108.9779	-108.9779	-106.4618	0.9769	23.2662	0.2136	2.8e-04	0.5377
303	-108.9621	-108.9621	-106.5738	0.9781	22.6714	0.2082	2.8e-04	0.5394
304	-108.9782	-108.9782	-106.5417	0.9776	22.8998	0.2103	2.8e-04	0.5382
305	-108.9777	-108.9777	-106.4057	0.9764	23.5208	0.2160	2.8e-04	0.5386
306	-108.9702	-108.9702	-106.4624	0.9770	23.2272	0.2133	2.8e-04	0.5380
307	-108.9849	-108.9849	-106.5397	0.9776	22.9372	0.2106	2.8e-04	0.5375
308	-108.9683	-108.9683	-106.4249	0.9767	23.3872	0.2148	2.8e-04	0.5382
309	-108.9747	-108.9747	-106.5145	0.9774	23.0015	0.2112	2.8e-04	0.5384
310	-108.9820	-108.9820	-106.5090	0.9773	23.0665	0.2118	2.8e-04	0.5378
311	-108.9656	-108.9656	-106.5372	0.9777	22.8622	0.2099	2.8e-04	0.5388
312	-108.9696	-108.9696	-106.5920	0.9782	22.6192	0.2077	2.8e-04	0.5387
313	-108.9724	-108.9724	-106.5166	0.9775	22.9877	0.2111	2.8e-04	0.5387
314	-108.9600	-108.9600	-106.4341	0.9768	23.3059	0.2141	2.8e-04	0.5377
315	-108.9818	-108.9818	-106.5118	0.9773	23.0522	0.2117	2.8e-04	0.5374
316	-108.9772	-108.9772	-106.5312	0.9776	22.9395	0.2107	2.8e-04	0.5384
317	-108.9539	-108.9539	-106.5911	0.9783	22.5500	0.2071	2.8e-04	0.5386
318	-108.9872	-108.9872	-106.6089	0.9782	22.6218	0.2077	2.8e-04	0.5377
319	-108.9580	-108.9580	-106.4605	0.9771	23.1775	0.2129	2.8e-04	0.5381
320	-108.9650	-108.9650	-106.4960	0.9773	23.0477	0.2117	2.8e-04	0.5375
321	-108.9908	-108.9908	-106.4681	0.9769	23.2963	0.2139	2.8e-04	0.5390
322	-108.9785	-108.9785	-106.4070	0.9764	23.5160	0.2159	2.8e-04	0.5393
323	-108.9769	-108.9769	-106.3767	0.9761	23.6429	0.2171	2.8e-04	0.5388
324	-108.9565	-108.9565	-106.4295	0.9768	23.3139	0.2141	2.8e-04	0.5397
325	-108.9808	-108.9808	-106.3398	0.9758	23.8313	0.2188	2.8e-04	0.5398
326	-108.9712	-108.9712	-106.3491	0.9759	23.7463	0.2180	2.8e-04	0.5384
327	-108.9642	-108.9642	-106.4829	0.9772	23.0971	0.2121	2.8e-04	0.5387
328	-108.9637	-108.9637	-106.4230	0.9767	23.3709	0.2147	2.8e-04	0.5393
329	-108.9773	-108.9773	-106.3353	0.9758	23.8283	0.2188	2.8e-04	0.5396
330	-108.9682	-108.9682	-106.2722	0.9753	24.0688	0.2210	2.8e-04	0.5396
331	-108.9705	-108.9705	-106.3257	0.9757	23.8441	0.2190	2.8e-04	0.5399
332	-108.9713	-108.9713	-106.3014	0.9755	23.9490	0.2199	2.8e-04	0.5374
333	-108.9796	-108.9796	-106.3259	0.9756	23.8846	0.2193	2.8e-04	0.5382
334	-108.9883	-108.9883	-106.3328	0.9756	23.8900	0.2194	2.8e-04	0.5384
335	-108.9772	-108.9772	-106.2787	0.9752	24.0753	0.2211	2.8e-04	0.5381
336	-108.9660	-108.9660	-106.2147	0.9748	24.3116	0.2233	2.8e-04	0.5380
337	-108.9766	-108.9766	-106.1078	0.9737	24.8250	0.2279	2.8e-04	0.5384
338	-108.9802	-108.9802	-106.1490	0.9740	24.6628	0.2264	2.8e-04	0.5383
339	-108.9610	-108.9610	-106.1642	0.9743	24.5090	0.2251	2.8e-04	0.5386
340	-108.9891	-108.9891	-106.0815	0.9733	24.9888	0.2294	2.8e-04	0.5395
341	-108.9812	-108.9812	-106.1181	0.9737	24.7784	0.2275	2.8e-04	0.5403
342	-108.9776	-108.9776	-106.1014	0.9736	24.8511	0.2282	2.8e-04	0.5402
343	-108.9674	-108.9674	-106.0548	0.9733	25.0073	0.2297	2.8e-04	0.5397
344	-108.9736	-108.9736	-105.9731	0.9725	25.3632	0.2329	2.8e-04	0.5396
345	-108.9823	-108.9823	-105.9773	0.9724	25.3975	0.2332	2.8e-04	0.5396
346	-108.9854	-108.9854	-105.9506	0.9722	25.5219	0.2343	2.8e-04	0.5392
347	-108.9802	-108.9802	-106.0111	0.9728	25.2473	0.2318	2.8e-04	0.5378
348	-108.9694	-108.9694	-106.0117	0.9729	25.1895	0.2313	2.8e-04	0.5377
349	-108.9690	-108.9690	-105.8859	0.9717	25.7185	0.2362	2.8e-04	0.5373
350	-108.9761	-108.9761	-105.9278	0.9720	25.5761	0.2349	2.8e-04	0.5378
351	-108.9822	-108.9822	-105.8246	0.9710	26.0179	0.2389	2.8e-04	0.5386
352	-108.9770	-108.9770	-105.9319	0.9721	25.5560	0.2347	2.8e-04	0.5371
353	-108.9691	-108.9691	-105.8808	0.9717	25.7409	0.2364	2.8e-04	0.5393
354	-108.9621	-108.9621	-105.7745	0.9707	26.1393	0.2401	2.8e-04	0.5387
355	-108.9866	-108.9866	-105.8181	0.9709	26.0723	0.2394	2.8e-04	0.5382
356	-108.9617	-108.9617	-105.7638	0.9707	26.1759	0.2404	2.8e-04	0.5386
357	-108.9922	-108.9922	-105.7903	0.9706	26.2052	0.2406	2.8e-04	0.5376
358	-108.9701	-108.9701	-105.7431	0.9704	26.2990	0.2415	2.8e-04	0.5376
359	-108.9727	-108.9727	-105.7146	0.9701	26.4216	0.2426	2.8e-04	0.5390
360	-108.9899	-108.9899	-105.6880	0.9697	26.6042	0.2443	2.8e-04	0.5376
361	-108.9677	-108.9677	-105.6613	0.9697	26.6216	0.2445	2.8e-04	0.5375
362	-108.9641	-108.9641	-105.6599	0.9697	26.6153	0.2444	2.8e-04	0.5385
363	-108.9656	-108.9656	-105.7325	0.9703	26.3194	0.2417	2.8e-04	0.5403
364	-108.9791	-108.9791	-105.7901	0.9707	26.1439	0.2401	2.8e-04	0.5378
365	-108.9739	-108.9739	-105.6442	0.9694	26.7162	0.2453	2.8e-04	0.5374
366	-108.9770	-108.9770	-105.6293	0.9693	26.7782	0.2459	2.8e-04	0.5380
367	-108.9883	-108.9883	-105.6876	0.9697	26.6037	0.2442	2.8e-04	0.5372
368	-108.9758	-108.9758	-105.7892	0.9708	26.1459	0.2400	2.8e-04	0.5373
369	-108.9821	-108.9821	-105.7391	0.9702	26.3717	0.2421	2.8e-04	0.5384
370	-108.9666	-108.9666	-105.7812	0.9708	26.1382	0.2400	2.8e-04	0.5376
371	-108.9898	-108.9898	-105.8581	0.9713	25.9072	0.2379	2.8e-04	0.5376
372	-108.9855	-108.9855	-105.7679	0.9705	26.2663	0.2412	2.8e-04	0.5386
373	-108.9875	-108.9875	-105.7878	0.9706	26.1906	0.2405	2.8e-04	0.5386
374	-108.9799	-108.9799	-105.8216	0.9710	26.0071	0.2388	2.8e-04	0.5379
375	-108.9652	-108.9652	-105.6959	0.9700	26.4700	0.2431	2.8e-04	0.5385
376	-108.9644	-108.9644	-105.7201	0.9702	26.3722	0.2422	2.8e-04	0.5401
377	-108.9735	-108.9735	-105.6928	0.9699	26.5178	0.2435	2.8e-04	0.5393
378	-108.9761	-108.9761	-105.6602	0.9696	26.6584	0.2448	2.8e-04	0.5383
379	-108.9816	-108.9816	-105.6102	0.9691	26.8832	0.2468	2.8e-04	0.5379
380	-108.9797	-108.9797	-105.6689	0.9696	26.6278	0.2445	2.8e-04	0.5375
381	-108.9765	-108.9765	-105.5790	0.9688	26.9816	0.2477	2.8e-04	0.5377
382	-108.9676	-108.9676	-105.5726	0.9688	26.9679	0.2477	2.8e-04	0.5389
383	-108.9789	-108.9789	-105.5530	0.9686	27.0938	0.2487	2.8e-04	0.5386
384	-108.9761	-108.9761	-105.4576	0.9677	27.4470	0.2520	2.8e-04	0.5383
385	-108.9858	-108.9858	-105.4860	0.9679	27.3780	0.2514	2.8e-04	0.5391
386	-108.9796	-108.9796	-105.3829	0.9670	27.7507	0.2548	2.8e-04	0.5380
387	-108.9700	-108.9700	-105.2884	0.9662	28.0693	0.2577	2.8e-04	0.5382
388	-108.9756	-108.9756	-105.3877	0.9671	27.7142	0.2545	2.8e-04	0.5383
389	-108.9820	-108.9820	-105.2716	0.9660	28.1783	0.2587	2.8e-04	0.5377
390	-108.9712	-108.9712	-105.3254	0.9665	27.9173	0.2564	2.8e-04	0.5381
391	-108.9793	-108.9793	-105.2905	0.9662	28.0913	0.2579	2.8e-04	0.5382
392	-108.9812	-108.9812	-105.2882	0.9661	28.1064	0.2581	2.8e-04	0.5385
393	-108.9868	-108.9868	-105.0963	0.9643	28.8330	0.2647	2.8e-04	0.5377
394	-108.9733	-108.9733	-105.0961	0.9644	28.7926	0.2644	2.8e-04	0.5379
395	-108.9810	-108.9810	-105.1764	0.9651	28.5258	0.2619	2.8e-04	0.5393
396	-108.9772	-108.9772	-105.0960	0.9644	28.8071	0.2645	2.8e-04	0.5382
397	-108.9950	-108.9950	-105.0548	0.9639	29.0212	0.2664	2.8e-04	0.5396
398	-108.9697	-108.9697	-105.0112	0.9637	29.0795	0.2670	2.8e-04	0.5384
399	-108.9740	-108.9740	-105.0722	0.9642	28.8748	0.2652	2.8e-04	0.5387
400	-108.9753	-108.9753	-105.1732	0.9651	28.5158	0.2618	2.8e-04	0.5383
401	-108.9769	-108.9769	-104.9099	0.9627	29.4778	0.2706	2.8e-04	0.5376
402	-108.9729	-108.9729	-105.1830	0.9652	28.4729	0.2614	2.8e-04	0.5378
403	-108.9858	-108.9858	-104.9938	0.9634	29.2091	0.2681	2.8e-04	0.5387
404	-108.9595	-108.9595	-105.0961	0.9645	28.7407	0.2639	2.8e-04	0.5393
405	-108.9717	-108.9717	-104.8772	0.9624	29.5756	0.2715	2.8e-04	0.5390
406	-108.9864	-108.9864	-104.9212	0.9627	29.4622	0.2705	2.8e-04	0.5392
407	-108.9874	-108.9874	-105.0830	0.9642	28.8913	0.2653	2.8e-04	0.5395
408	-108.9818	-108.9818	-105.0849	0.9642	28.8676	0.2650	2.8e-04	0.5375
409	-108.9751	-108.9751	-105.0052	0.9636	29.1313	0.2675	2.8e-04	0.5377
410	-108.9789	-108.9789	-104.8138	0.9618	29.8219	0.2738	2.8e-04	0.5376
411	-108.9921	-108.9921	-105.0015	0.9634	29.2062	0.2681	2.8e-04	0.5388
412	-108.9877	-108.9877	-104.9188	0.9627	29.4835	0.2707	2.8e-04	0.5388
413	-108.9890	-108.9890	-105.0387	0.9638	29.0592	0.2668	2.8e-04	0.5381
414	-108.9636	-108.9636	-105.0382	0.9640	28.9656	0.2660	2.8e-04	0.5372
415	-108.9745	-108.9745	-105.0455	0.9639	28.9752	0.2660	2.8e-04	0.5375
416	-108.9830	-108.9830	-104.9680	0.9632	29.2916	0.2689	2.8e-04	0.5381
417	-108.9765	-108.9765	-105.0288	0.9638	29.0429	0.2667	2.8e-04	0.5395
418	-108.9799	-108.9799	-104.9956	0.9634	29.1779	0.2679	2.8e-04	0.5387
419	-108.9730	-108.9730	-105.1159	0.9646	28.7163	0.2637	2.8e-04	0.5397
420	-108.9779	-108.9779	-105.0519	0.9640	28.9651	0.2659	2.8e-04	0.5382
421	-108.9832	-108.9832	-105.0272	0.9637	29.0775	0.2670	2.8e-04	0.5375
422	-108.9858	-108.9858	-105.2200	0.9654	28.3857	0.2606	2.8e-04	0.5373
423	-108.9820	-108.9820	-105.1235	0.9646	28.7226	0.2637	2.8e-04	0.5395
424	-108.9936	-108.9936	-105.1394	0.9646	28.7128	0.2636	2.8e-04	0.5393
425	-108.9742	-108.9742	-105.1512	0.9649	28.5912	0.2625	2.8e-04	0.5399
426	-108.9803	-108.9803	-104.9675	0.9632	29.2784	0.2689	2.8e-04	0.5391
427	-108.9791	-108.9791	-104.9850	0.9634	29.2049	0.2681	2.8e-04	0.5395
428	-108.9703	-108.9703	-104.9727	0.9633	29.2263	0.2684	2.8e-04	0.5389
429	-108.9595	-108.9595	-104.9779	0.9635	29.1691	0.2679	2.8e-04	0.5403
430	-108.9789	-108.9789	-104.8652	0.9623	29.6444	0.2722	2.8e-04	0.5386
431	-108.9757	-108.9757	-104.9474	0.9630	29.3358	0.2694	2.8e-04	0.5386
432	-108.9778	-108.9778	-104.7731	0.9614	29.9606	0.2751	2.8e-04	0.5390
433	-108.9726	-108.9726	-104.6466	0.9603	30.3856	0.2790	2.8e-04	0.5401
434	-108.9821	-108.9821	-104.6906	0.9606	30.2635	0.2779	2.8e-04	0.5391
435	-108.9833	-108.9833	-104.6248	0.9600	30.4950	0.2800	2.8e-04	0.5403
436	-108.9705	-108.9705	-104.6039	0.9599	30.5176	0.2802	2.8e-04	0.5401
437	-108.9951	-108.9951	-104.5902	0.9596	30.6518	0.2814	2.8e-04	0.5393
438	-108.9741	-108.9741	-104.5153	0.9591	30.8341	0.2831	2.8e-04	0.5394
439	-108.9882	-108.9882	-104.4293	0.9582	31.1741	0.2862	2.8e-04	0.5388
440	-108.9734	-108.9734	-104.5513	0.9594	30.7136	0.2820	2.8e-04	0.5380
441	-108.9796	-108.9796	-104.4403	0.9583	31.1093	0.2856	2.8e-04	0.5407
442	-108.9763	-108.9763	-104.2581	0.9567	31.6925	0.2910	2.8e-04	0.5384
443	-108.9829	-108.9829	-104.2301	0.9564	31.8125	0.2921	2.8e-04	0.5387
444	-108.9589	-108.9589	-104.1208	0.9556	32.0931	0.2947	2.8e-04	0.5372
445	-108.9766	-108.9766	-104.0834	0.9551	32.2730	0.2963	2.8e-04	0.5387
446	-108.9752	-108.9752	-104.1937	0.9561	31.9018	0.2929	2.8e-04	0.5381
447	-108.9837	-108.9837	-104.1782	0.9559	31.9856	0.2937	2.8e-04	0.5386
448	-108.9668	-108.9668	-104.0227	0.9546	32.4313	0.2978	2.8e-04	0.5385
449	-108.9746	-108.9746	-104.0298	0.9546	32.4343	0.2978	2.8e-04	0.5373
450	-108.9760	-108.9760	-103.8420	0.9529	33.0407	0.3033	2.8e-04	0.5371
451	-108.9738	-108.9738	-103.9907	0.9543	32.5578	0.2989	2.8e-04	0.5396
452	-108.9841	-108.9841	-103.9902	0.9542	32.5907	0.2992	2.8e-04	0.5411
453	-108.9684	-108.9684	-103.9956	0.9544	32.5234	0.2986	2.8e-04	0.5392
454	-108.9687	-108.9687	-103.8865	0.9534	32.8753	0.3018	2.7e-04	0.5380
455	-108.9730	-108.9730	-103.7199	0.9518	33.4124	0.3067	2.7e-04	0.5383
456	-108.9730	-108.9730	-103.7926	0.9525	33.1817	0.3046	2.7e-04	0.5378
457	-108.9891	-108.9891	-103.7378	0.9518	33.4062	0.3067	2.7e-04	0.5368
458	-108.9737	-108.9737	-103.4780	0.9496	34.1541	0.3136	2.7e-04	0.5371
459	-108.9865	-108.9865	-103.6287	0.9508	33.7372	0.3097	2.7e-04	0.5405
460	-108.9730	-108.9730	-103.5930	0.9506	33.8002	0.3103	2.7e-04	0.5401
461	-108.9909	-108.9909	-103.6788	0.9513	33.5767	0.3082	2.7e-04	0.5399
462	-108.9811	-108.9811	-103.6246	0.9508	33.7310	0.3097	2.7e-04	0.5401
463	-108.9770	-108.9770	-103.5223	0.9499	34.0300	0.3124	2.7e-04	0.5403
464	-108.9735	-108.9735	-103.6860	0.9515	33.5129	0.3077	2.7e-04	0.5395
465	-108.9679	-108.9679	-103.5234	0.9500	33.9947	0.3121	2.7e-04	0.5402
466	-108.9817	-108.9817	-103.4501	0.9492	34.2600	0.3145	2.7e-04	0.5385
467	-108.9841	-108.9841	-103.6400	0.9510	33.6686	0.3091	2.7e-04	0.5404
468	-108.9908	-108.9908	-103.6661	0.9511	33.6353	0.3087	2.7e-04	0.5412
469	-108.9730	-108.9730	-103.6091	0.9508	33.7503	0.3098	2.7e-04	0.5394
470	-108.9798	-108.9798	-103.4142	0.9489	34.3647	0.3154	2.7e-04	0.5382
471	-108.9696	-108.9696	-103.4963	0.9498	34.0864	0.3129	2.7e-04	0.5396
472	-108.9950	-108.9950	-103.4297	0.9489	34.3576	0.3154	2.7e-04	0.5386
473	-108.9729	-108.9729	-103.4596	0.9494	34.2064	0.3140	2.7e-04	0.5387
474	-108.9846	-108.9846	-103.5456	0.9501	33.9766	0.3119	2.7e-04	0.5380
475	-108.9810	-108.9810	-103.5701	0.9504	33.8928	0.3112	2.7e-04	0.5388
476	-108.9752	-108.9752	-103.6501	0.9511	33.6328	0.3088	2.7e-04	0.5387
477	-108.9895	-108.9895	-103.6798	0.9513	33.5917	0.3083	2.7e-04	0.5397
478	-108.9641	-108.9641	-103.6221	0.9510	33.6838	0.3093	2.7e-04	0.5377
479	-108.9746	-108.9746	-103.6511	0.9511	33.6280	0.3087	2.7e-04	0.5375
480	-108.9742	-108.9742	-103.5271	0.9500	33.9958	0.3121	2.7e-04	0.5382
481	-108.9739	-108.9739	-103.5680	0.9504	33.8226	0.3105	2.7e-04	0.5389
482	-108.9826	-108.9826	-103.4573	0.9493	34.2408	0.3144	2.7e-04	0.5402
483	-108.9825	-108.9825	-103.6592	0.9512	33.6298	0.3087	2.7e-04	0.5393
484	-108.9792	-108.9792	-103.5520	0.9502	33.9421	0.3116	2.7e-04	0.5385
485	-108.9719	-108.9719	-103.6324	0.9510	33.6771	0.3092	2.7e-04	0.5384
486	-108.9944	-108.9944	-103.5566	0.9501	33.9768	0.3119	2.7e-04	0.5369
487	-108.9865	-108.9865	-103.6405	0.9509	33.7006	0.3093	2.7e-04	0.5372
488	-108.9807	-108.9807	-103.6084	0.9507	33.7468	0.3098	2.7e-04	0.5390
489	-108.9780	-108.9780	-103.8307	0.9528	33.0750	0.3037	2.7e-04	0.5382
490	-108.9900	-108.9900	-103.6368	0.9509	33.7087	0.3094	2.7e-04	0.5382
491	-108.9796	-108.9796	-103.6038	0.9507	33.7858	0.3102	2.7e-04	0.5383
492	-108.9612	-108.9612	-103.5156	0.9500	33.9966	0.3122	2.7e-04	0.5410
493	-108.9820	-108.9820	-103.6421	0.9510	33.6736	0.3091	2.7e-04	0.5392
494	-108.9831	-108.9831	-103.5946	0.9506	33.8250	0.3105	2.7e-04	0.5400
495	-108.9727	-108.9727	-103.6215	0.9509	33.7114	0.3095	2.7e-04	0.5398
496	-108.9772	-108.9772	-103.6751	0.9513	33.5627	0.3081	2.7e-04	0.5390
497	-108.9804	-108.9804	-103.4591	0.9493	34.2290	0.3142	2.7e-04	0.5388
498	-108.9680	-108.9680	-103.5024	0.9498	34.0568	0.3127	2.7e-04	0.5385
499	-108.9763	-108.9763	-103.4936	0.9497	34.1112	0.3132	2.7e-04	0.5388
500	-108.9892	-108.9892	-103.5016	0.9497	34.1276	0.3133	2.7e-04	0.5386
501	-108.9675	-108.9675	-103.3362	0.9483	34.5604	0.3173	2.7e-04	0.5366
502	-108.9715	-108.9715	-103.5320	0.9501	33.9844	0.3120	2.7e-04	0.5392
503	-108.9819	-108.9819	-103.3939	0.9487	34.4315	0.3161	2.7e-04	0.5392
504	-108.9682	-108.9682	-103.2955	0.9479	34.6811	0.3184	2.7e-04	0.5392
505	-108.9675	-108.9675	-103.5097	0.9499	34.0358	0.3125	2.7e-04	0.5399
506	-108.9770	-108.9770	-103.3295	0.9482	34.6071	0.3177	2.7e-04	0.5404
507	-108.9773	-108.9773	-103.4604	0.9494	34.2176	0.3141	2.7e-04	0.5390
508	-108.9862	-108.9862	-103.2228	0.9471	34.9576	0.3209	2.7e-04	0.5376
509	-108.9736	-108.9736	-103.1740	0.9468	35.0587	0.3219	2.7e-04	0.5387
510	-108.9851	-108.9851	-103.2590	0.9475	34.8428	0.3199	2.7e-04	0.5385
511	-108.9796	-108.9796	-103.1037	0.9461	35.2878	0.3239	2.7e-04	0.5392
512	-108.9761	-108.9761	-103.4424	0.9492	34.2665	0.3146	2.7e-04	0.5391
513	-108.9833	-108.9833	-103.1567	0.9465	35.1433	0.3226	2.7e-04	0.5385
514	-108.9908	-108.9908	-103.1461	0.9464	35.1902	0.3230	2.7e-04	0.5387
515	-108.9779	-108.9779	-103.0058	0.9452	35.5494	0.3264	2.7e-04	0.5385
516	-108.9761	-108.9761	-103.1677	0.9467	35.0723	0.3220	2.7e-04	0.5385
517	-108.9708	-108.9708	-103.0860	0.9460	35.2966	0.3241	2.7e-04	0.5391
518	-108.9738	-108.9738	-103.0383	0.9455	35.4598	0.3255	2.7e-04	0.5387
519	-108.9678	-108.9678	-103.0437	0.9456	35.4182	0.3252	2.7e-04	0.5390
520	-108.9998	-108.9998	-102.9921	0.9449	35.6699	0.3274	2.7e-04	0.5382
521	-108.9865	-108.9865	-103.0287	0.9453	35.5213	0.3261	2.7e-04	0.5378
522	-108.9910	-108.9910	-103.0072	0.9451	35.5875	0.3267	2.7e-04	0.5381
523	-108.9853	-108.9853	-102.9538	0.9447	35.7296	0.3280	2.7e-04	0.5388
524	-108.9803	-108.9803	-102.7923	0.9432	36.1812	0.3322	2.7e-04	0.5401
525	-108.9729	-108.9729	-102.9871	0.9451	35.5963	0.3268	2.7e-04	0.5395
526	-108.9882	-108.9882	-102.8419	0.9436	36.0632	0.3311	2.7e-04	0.5390
527	-108.9741	-108.9741	-102.9388	0.9446	35.7431	0.3282	2.7e-04	0.5392
528	-108.9791	-108.9791	-103.1584	0.9466	35.1177	0.3224	2.7e-04	0.5391
529	-108.9764	-108.9764	-102.7305	0.9427	36.3391	0.3336	2.7e-04	0.5386
530	-108.9848	-108.9848	-102.8288	0.9435	36.0904	0.3313	2.7e-04	0.5382
531	-108.9781	-108.9781	-102.9743	0.9449	35.6509	0.3273	2.7e-04	0.5381
532	-108.9653	-108.9653	-102.6457	0.9420	36.5519	0.3356	2.7e-04	0.5388
533	-108.9780	-108.9780	-102.7538	0.9429	36.2798	0.3331	2.7e-04	0.5391
534	-108.9879	-108.9879	-102.7338	0.9426	36.3663	0.3338	2.7e-04	0.5391
535	-108.9802	-108.9802	-102.6270	0.9417	36.6487	0.3364	2.7e-04	0.5396
536	-108.9876	-108.9876	-102.7876	0.9431	36.2031	0.3324	2.7e-04	0.5399
537	-108.9892	-108.9892	-102.8770	0.9439	35.9669	0.3302	2.7e-04	0.5393
538	-108.9770	-108.9770	-102.6161	0.9416	36.6586	0.3366	2.7e-04	0.5383
539	-108.9879	-108.9879	-102.6568	0.9419	36.5818	0.3359	2.7e-04	0.5389
540	-108.9738	-108.9738	-102.8135	0.9435	36.1034	0.3315	2.7e-04	0.5386
541	-108.9834	-108.9834	-102.7547	0.9428	36.2940	0.3332	2.7e-04	0.5397
542	-108.9806	-108.9806	-102.8432	0.9437	36.0318	0.3308	2.7e-04	0.5384
543	-108.9873	-108.9873	-102.6090	0.9415	36.7047	0.3369	2.7e-04	0.5394
544	-108.9721	-108.9721	-102.8945	0.9442	35.8620	0.3292	2.7e-04	0.5406
545	-108.9768	-108.9768	-102.6298	0.9418	36.6311	0.3363	2.7e-04	0.5395
546	-108.9809	-108.9809	-102.5824	0.9413	36.7570	0.3375	2.7e-04	0.5383
547	-108.9729	-108.9729	-102.6837	0.9423	36.4666	0.3348	2.7e-04	0.5401
548	-108.9884	-108.9884	-102.5818	0.9412	36.7969	0.3378	2.7e-04	0.5383
549	-108.9887	-108.9887	-102.6021	0.9414	36.7392	0.3373	2.7e-04	0.5389
550	-108.9863	-108.9863	-102.6932	0.9423	36.4739	0.3348	2.7e-04	0.5383
551	-108.9774	-108.9774	-102.4697	0.9403	37.0702	0.3403	2.7e-04	0.5385
552	-108.9772	-108.9772	-102.5313	0.9409	36.9077	0.3388	2.7e-04	0.5389
553	-108.9679	-108.9679	-102.6712	0.9422	36.4847	0.3350	2.7e-04	0.5400
554	-108.9782	-108.9782	-102.5100	0.9406	36.9605	0.3393	2.7e-04	0.5374
555	-108.9836	-108.9836	-102.4926	0.9404	37.0307	0.3399	2.7e-04	0.5398
556	-108.9835	-108.9835	-102.5103	0.9406	36.9811	0.3395	2.7e-04	0.5374
557	-108.9787	-108.9787	-102.4618	0.9402	37.0990	0.3406	2.7e-04	0.5385
558	-108.9741	-108.9741	-102.4597	0.9402	37.0985	0.3406	2.7e-04	0.5382
559	-108.9852	-108.9852	-102.4091	0.9397	37.2603	0.3421	2.7e-04	0.5410
560	-108.9891	-108.9891	-102.6821	0.9421	36.5171	0.3352	2.7e-04	0.5393
561	-108.9763	-108.9763	-102.4994	0.9406	36.9930	0.3396	2.7e-04	0.5386
562	-108.9806	-108.9806	-102.4097	0.9397	37.2499	0.3420	2.7e-04	0.5379
563	-108.9759	-108.9759	-102.4417	0.9400	37.1468	0.3410	2.7e-04	0.5382
564	-108.9681	-108.9681	-102.5183	0.9408	36.9058	0.3389	2.7e-04	0.5374
565	-108.9746	-108.9746	-102.4167	0.9398	37.2120	0.3416	2.7e-04	0.5384
566	-108.9958	-108.9958	-102.5738	0.9411	36.8465	0.3382	2.7e-04	0.5378
567	-108.9781	-108.9781	-102.6037	0.9415	36.7047	0.3370	2.7e-04	0.5381
568	-108.9831	-108.9831	-102.6843	0.9422	36.4957	0.3350	2.7e-04	0.5386
569	-108.9747	-108.9747	-102.7108	0.9425	36.3940	0.3341	2.7e-04	0.5393
570	-108.9802	-108.9802	-102.4591	0.9402	37.1117	0.3407	2.7e-04	0.5386
571	-108.9811	-108.9811	-102.6997	0.9424	36.4469	0.3346	2.7e-04	0.5396
572	-108.9780	-108.9780	-102.5787	0.9413	36.7619	0.3375	2.7e-04	0.5379
573	-108.9904	-108.9904	-102.5450	0.9409	36.8998	0.3387	2.7e-04	0.5374
574	-108.9751	-108.9751	-102.5321	0.9409	36.8899	0.3387	2.7e-04	0.5383
575	-108.9918	-108.9918	-102.6156	0.9415	36.7134	0.3370	2.7e-04	0.5381
576	-108.9844	-108.9844	-102.7812	0.9431	36.2191	0.3325	2.7e-04	0.5371
577	-108.9761	-108.9761	-102.7623	0.9430	36.2551	0.3328	2.7e-04	0.5382
578	-108.9830	-108.9830	-102.6460	0.9419	36.5991	0.3359	2.7e-04	0.5382
579	-108.9911	-108.9911	-102.7122	0.9424	36.4397	0.3345	2.7e-04	0.5381
580	-108.9797	-108.9797	-102.8469	0.9437	36.0212	0.3307	2.7e-04	0.5373
581	-108.9891	-108.9891	-102.4378	0.9399	37.1955	0.3414	2.7e-04	0.5390
582	-108.9705	-108.9705	-102.7223	0.9427	36.3545	0.3337	2.7e-04	0.5394
583	-108.9905	-108.9905	-102.5141	0.9406	36.9926	0.3396	2.7e-04	0.5392
584	-108.9782	-108.9782	-102.3937	0.9396	37.2865	0.3423	2.7e-04	0.5391
585	-108.9904	-108.9904	-102.4650	0.9401	37.1308	0.3408	2.7e-04	0.5397
586	-108.9837	-108.9837	-102.5068	0.9406	36.9977	0.3396	2.7e-04	0.5387
587	-108.9798	-108.9798	-102.6045	0.9415	36.7142	0.3370	2.7e-04	0.5396
588	-108.9822	-108.9822	-102.6772	0.9421	36.5155	0.3352	2.7e-04	0.5393
589	-108.9865	-108.9865	-102.6388	0.9418	36.6289	0.3362	2.7e-04	0.5399
590	-108.9832	-108.9832	-102.6104	0.9415	36.7043	0.3369	2.7e-04	0.5392
591	-108.9888	-108.9888	-102.5196	0.9406	36.9693	0.3393	2.7e-04	0.5407
592	-108.9821	-108.9821	-102.4391	0.9400	37.1742	0.3413	2.7e-04	0.5393
593	-108.9819	-108.9819	-102.6725	0.9421	36.5244	0.3353	2.7e-04	0.5395
594	-108.9715	-108.9715	-102.9534	0.9448	35.6985	0.3277	2.7e-04	0.5394
595	-108.9937	-108.9937	-102.5004	0.9404	37.0425	0.3400	2.7e-04	0.5398
596	-108.9722	-108.9722	-102.6442	0.9419	36.5796	0.3358	2.7e-04	0.5399
597	-108.9784	-108.9784	-102.4619	0.9402	37.1015	0.3406	2.7e-04	0.5405
598	-108.9781	-108.9781	-102.6816	0.9422	36.4884	0.3350	2.7e-04	0.5386
599	-108.9846	-108.9846	-102.8787	0.9440	35.9492	0.3300	2.7e-04	0.5381
600	-108.9853	-108.9853	-102.6208	0.9416	36.6858	0.3367	2.7e-04	0.5374
601	-108.9877	-108.9877	-102.6790	0.9421	36.5240	0.3353	2.7e-04	0.5369
602	-108.9714	-108.9714	-102.8217	0.9436	36.0680	0.3311	2.7e-04	0.5380
603	-108.9818	-108.9818	-102.8362	0.9436	36.0501	0.3310	2.7e-04	0.5379
604	-108.9798	-108.9798	-102.6804	0.9422	36.4962	0.3350	2.7e-04	0.5390
605	-108.9881	-108.9881	-102.5627	0.9410	36.8538	0.3383	2.7e-04	0.5397
606	-108.9865	-108.9865	-102.5650	0.9411	36.8384	0.3381	2.7e-04	0.5392
607	-108.9814	-108.9814	-102.8362	0.9436	36.0548	0.3310	2.7e-04	0.5374
608	-108.9691	-108.9691	-102.7111	0.9426	36.3708	0.3339	2.7e-04	0.5372
609	-108.9731	-108.9731	-102.6379	0.9419	36.6018	0.3360	2.7e-04	0.5374
610	-108.9850	-108.9850	-102.6557	0.9419	36.5813	0.3358	2.7e-04	0.5381
611	-108.9781	-108.9781	-102.5016	0.9406	36.9940	0.3396	2.7e-04	0.5384
612	-108.9714	-108.9714	-102.7293	0.9427	36.3368	0.3336	2.7e-04	0.5376
613	-108.9876	-108.9876	-102.5900	0.9413	36.7628	0.3375	2.7e-04	0.5394
614	-108.9953	-108.9953	-102.6048	0.9414	36.7516	0.3373	2.7e-04	0.5409
615	-108.9776	-108.9776	-102.6523	0.9420	36.5590	0.3356	2.7e-04	0.5401
616	-108.9841	-108.9841	-102.4413	0.9400	37.1800	0.3413	2.7e-04	0.5387
617	-108.9722	-108.9722	-102.5375	0.9410	36.8728	0.3385	2.7e-04	0.5393
618	-108.9772	-108.9772	-102.6600	0.9420	36.5295	0.3353	2.7e-04	0.5392
619	-108.9734	-108.9734	-102.7248	0.9427	36.3513	0.3337	2.7e-04	0.5372
620	-108.9450	-108.9450	-102.4914	0.9408	36.9250	0.3391	2.7e-04	0.5400
621	-108.9822	-108.9822	-102.6064	0.9415	36.7167	0.3370	2.7e-04	0.5390
622	-108.9781	-108.9781	-102.4508	0.9401	37.1288	0.3408	2.7e-04	0.5399
623	-108.9736	-108.9736	-102.2529	0.9383	37.6639	0.3457	2.7e-04	0.5392
624	-108.9815	-108.9815	-102.2979	0.9387	37.5512	0.3447	2.7e-04	0.5378
625	-108.9647	-108.9647	-102.3658	0.9394	37.3031	0.3425	2.7e-04	0.5387
626	-108.9761	-108.9761	-102.2713	0.9385	37.6194	0.3453	2.7e-04	0.5394
627	-108.9793	-108.9793	-102.1368	0.9372	37.9869	0.3487	2.7e-04	0.5407
628	-108.9648	-108.9648	-102.2395	0.9383	37.6722	0.3458	2.7e-04	0.5390
629	-108.9790	-108.9790	-101.9642	0.9356	38.4428	0.3529	2.7e-04	0.5388
630	-108.9925	-108.9925	-102.0510	0.9363	38.2501	0.3511	2.7e-04	0.5406
631	-108.9757	-108.9757	-101.9271	0.9353	38.5433	0.3538	2.7e-04	0.5402
632	-108.9816	-108.9816	-102.0181	0.9361	38.3077	0.3517	2.7e-04	0.5389
633	-108.9773	-108.9773	-101.7007	0.9332	39.1347	0.3593	2.7e-04	0.5399
634	-108.9792	-108.9792	-101.8268	0.9344	38.8144	0.3563	2.7e-04	0.5393
635	-108.9897	-108.9897	-101.8354	0.9344	38.8122	0.3562	2.7e-04	0.5400
636	-108.9828	-108.9828	-101.9221	0.9352	38.5612	0.3539	2.7e-04	0.5394
637	-108.9878	-108.9878	-101.7575	0.9337	39.0141	0.3581	2.7e-04	0.5389
638	-108.9881	-108.9881	-101.9432	0.9354	38.5341	0.3537	2.7e-04	0.5387
639	-108.9833	-108.9833	-101.8527	0.9346	38.7481	0.3557	2.7e-04	0.5375
640	-108.9766	-108.9766	-101.6611	0.9329	39.2239	0.3601	2.7e-04	0.5371
641	-108.9816	-108.9816	-101.7145	0.9333	39.1145	0.3590	2.7e-04	0.5385
642	-108.9896	-108.9896	-101.8288	0.9343	38.8275	0.3564	2.7e-04	0.5375
643	-108.9910	-108.9910	-101.5652	0.9319	39.5228	0.3628	2.7e-04	0.5381
644	-108.9856	-108.9856	-101.7328	0.9335	39.0765	0.3587	2.7e-04	0.5391
645	-108.9597	-108.9597	-101.8224	0.9345	38.7706	0.3560	2.7e-04	0.5394
646	-108.9862	-108.9862	-101.8666	0.9347	38.7238	0.3555	2.7e-04	0.5396
647	-108.9809	-108.9809	-101.7041	0.9332	39.1373	0.3593	2.7e-04	0.5374
648	-108.9783	-108.9783	-101.7818	0.9340	38.9267	0.3573	2.7e-04	0.5377
649	-108.9922	-108.9922	-101.8186	0.9342	38.8515	0.3566	2.7e-04	0.5379
650	-108.9862	-108.9862	-101.7417	0.9335	39.0418	0.3584	2.7e-04	0.5382
651	-108.9704	-108.9704	-101.9190	0.9353	38.5438	0.3539	2.7e-04	0.5386
652	-108.9724	-108.9724	-101.8443	0.9346	38.7284	0.3556	2.7e-04	0.5369
653	-108.9795	-108.9795	-101.9686	0.9357	38.4426	0.3529	2.7e-04	0.5380
654	-108.9653	-108.9653	-101.7885	0.9341	38.8727	0.3569	2.7e-04	0.5379
655	-108.9854	-108.9854	-101.7999	0.9341	38.8992	0.3571	2.7e-04	0.5367
656	-108.9809	-108.9809	-101.5163	0.9315	39.6208	0.3637	2.7e-04	0.5373
657	-108.9848	-108.9848	-102.0238	0.9361	38.3025	0.3517	2.7e-04	0.5369
658	-108.9854	-108.9854	-101.8716	0.9347	38.7095	0.3553	2.7e-04	0.5372
659	-108.9946	-108.9946	-101.5434	0.9316	39.5701	0.3632	2.7e-04	0.5377
660	-108.9778	-108.9778	-101.5943	0.9322	39.3834	0.3616	2.6e-04	0.5374
661	-108.9813	-108.9813	-101.7164	0.9333	39.1048	0.3590	2.6e-04	0.5376
662	-108.9820	-108.9820	-101.7086	0.9333	39.1289	0.3592	2.6e-04	0.5376
663	-108.9886	-108.9886	-101.6961	0.9331	39.1796	0.3596	2.6e-04	0.5390
664	-108.9736	-108.9736	-101.4527	0.9310	39.7558	0.3650	2.6e-04	0.5387
665	-108.9781	-108.9781	-101.5373	0.9317	39.5556	0.3631	2.6e-04	0.5391
666	-108.9822	-108.9822	-101.4521	0.9309	39.7877	0.3653	2.6e-04	0.5388
667	-108.9779	-108.9779	-101.2006	0.9286	40.4139	0.3710	2.6e-04	0.5393
668	-108.9654	-108.9654	-101.4281	0.9308	39.8056	0.3655	2.6e-04	0.5385
669	-108.9884	-108.9884	-101.0267	0.9269	40.8700	0.3752	2.6e-04	0.5400
670	-108.9957	-108.9957	-100.9057	0.9258	41.1888	0.3780	2.6e-04	0.5405
671	-108.9884	-108.9884	-100.8200	0.9251	41.3803	0.3798	2.6e-04	0.5382
672	-108.9711	-108.9711	-100.9474	0.9264	41.0178	0.3766	2.6e-04	0.5378
673	-108.9818	-108.9818	-100.8428	0.9253	41.3072	0.3792	2.6e-04	0.5383
674	-108.9808	-108.9808	-100.5739	0.9229	41.9488	0.3851	2.6e-04	0.5385
675	-108.9714	-108.9714	-101.1281	0.9280	40.5654	0.3724	2.6e-04	0.5379
676	-108.9888	-108.9888	-100.6904	0.9239	41.6908	0.3827	2.6e-04	0.5378
677	-108.9885	-108.9885	-100.5750	0.9228	41.9760	0.3853	2.6e-04	0.5377
678	-108.9803	-108.9803	-100.5061	0.9222	42.1197	0.3866	2.6e-04	0.5374
679	-108.9861	-108.9861	-100.6720	0.9237	41.7321	0.3831	2.6e-04	0.5382
680	-108.9796	-108.9796	-100.5836	0.9230	41.9262	0.3849	2.6e-04	0.5375
681	-108.9820	-108.9820	-100.3719	0.9210	42.4415	0.3896	2.6e-04	0.5382
682	-108.9809	-108.9809	-100.3352	0.9207	42.5218	0.3903	2.6e-04	0.5393
683	-108.9809	-108.9809	-100.5719	0.9228	41.9571	0.3851	2.6e-04	0.5387
684	-108.9841	-108.9841	-100.3916	0.9212	42.3992	0.3892	2.6e-04	0.5383
685	-108.9816	-108.9816	-100.5397	0.9225	42.0284	0.3858	2.6e-04	0.5385
686	-108.9824	-108.9824	-100.5644	0.9228	41.9826	0.3854	2.6e-04	0.5373
687	-108.9778	-108.9778	-100.2964	0.9203	42.6067	0.3911	2.6e-04	0.5393
688	-108.9833	-108.9833	-100.5064	0.9222	42.1296	0.3867	2.6e-04	0.5373
689	-108.9885	-108.9885	-100.0313	0.9178	43.2479	0.3970	2.6e-04	0.5378
690	-108.9776	-108.9776	-100.3877	0.9212	42.3967	0.3891	2.6e-04	0.5374
691	-108.9863	-108.9863	-100.5931	0.9230	41.9239	0.3848	2.6e-04	0.5372
692	-108.9822	-108.9822	-100.2345	0.9197	42.7648	0.3925	2.6e-04	0.5385
693	-108.9843	-108.9843	-100.2141	0.9195	42.8199	0.3930	2.6e-04	0.5394
694	-108.9727	-108.9727	-100.1375	0.9189	42.9696	0.3944	2.6e-04	0.5393
695	-108.9820	-108.9820	-100.2263	0.9197	42.7813	0.3927	2.6e-04	0.5392
696	-108.9849	-108.9849	-100.2323	0.9197	42.7744	0.3926	2.6e-04	0.5385
697	-108.9807	-108.9807	-100.1309	0.9188	43.0019	0.3947	2.6e-04	0.5399
698	-108.9920	-108.9920	-100.1213	0.9186	43.0519	0.3952	2.6e-04	0.5396
699	-108.9911	-108.9911	-100.2761	0.9200	42.6852	0.3918	2.6e-04	0.5396
700	-108.9916	-108.9916	-99.7861	0.9155	43.8209	0.4022	2.6e-04	0.5389
701	-108.9741	-108.9741	-99.8025	0.9158	43.7438	0.4015	2.6e-04	0.5365
702	-108.9907	-108.9907	-99.8559	0.9162	43.6491	0.4007	2.6e-04	0.5378
703	-108.9882	-108.9882	-99.9177	0.9168	43.5101	0.3993	2.6e-04	0.5378
704	-108.9766	-108.9766	-100.0995	0.9185	43.0667	0.3953	2.6e-04	0.5381
705	-109.0003	-109.0003	-99.8023	0.9156	43.8050	0.4020	2.6e-04	0.5394
706	-108.9756	-108.9756	-99.9762	0.9174	43.3291	0.3977	2.6e-04	0.5380
707	-108.9949	-108.9949	-99.8757	0.9163	43.6297	0.4004	2.6e-04	0.5377
708	-108.9832	-108.9832	-99.8850	0.9165	43.5712	0.3999	2.6e-04	0.5380
709	-108.9775	-108.9775	-100.0661	0.9182	43.1438	0.3960	2.6e-04	0.5384
710	-108.9893	-108.9893	-100.0899	0.9183	43.1186	0.3958	2.6e-04	0.5374
711	-108.9877	-108.9877	-100.0944	0.9184	43.1091	0.3956	2.6e-04	0.5375
712	-108.9911	-108.9911	-100.2831	0.9201	42.6529	0.3915	2.6e-04	0.5382
713	-108.9920	-108.9920	-99.9859	0.9174	43.3708	0.3980	2.6e-04	0.5383
714	-108.9828	-108.9828	-99.9917	0.9175	43.3284	0.3977	2.6e-04	0.5373
715	-108.9861	-108.9861	-100.4650	0.9218	42.2286	0.3876	2.6e-04	0.5409
716	-108.9842	-108.9842	-100.4031	0.9213	42.3687	0.3889	2.6e-04	0.5384
717	-108.9677	-108.9677	-100.8225	0.9253	41.3243	0.3794	2.6e-04	0.5387
718	-108.9875	-108.9875	-100.5811	0.9229	41.9351	0.3849	2.6e-04	0.5406
719	-108.9809	-108.9809	-100.7832	0.9248	41.4530	0.3805	2.6e-04	0.5396
720	-108.9636	-108.9636	-100.8545	0.9256	41.1950	0.3782	2.6e-04	0.5375
721	-108.9970	-108.9970	-100.9771	0.9264	40.9989	0.3763	2.6e-04	0.5400
722	-108.9836	-108.9836	-100.8754	0.9256	41.2341	0.3785	2.6e-04	0.5386
723	-108.9911	-108.9911	-100.5851	0.9229	41.9569	0.3851	2.6e-04	0.5379
724	-108.9782	-108.9782	-100.6421	0.9235	41.7825	0.3835	2.6e-04	0.5374
725	-108.9889	-108.9889	-100.8196	0.9250	41.3629	0.3796	2.6e-04	0.5383
726	-108.9753	-108.9753	-100.7587	0.9246	41.4947	0.3809	2.6e-04	0.5388
727	-108.9944	-108.9944	-100.9919	0.9266	40.9704	0.3761	2.6e-04	0.5390
728	-108.9879	-108.9879	-100.9140	0.9259	41.1477	0.3777	2.6e-04	0.5383
729	-108.9858	-108.9858	-101.1858	0.9284	40.4727	0.3715	2.6e-04	0.5397
730	-108.9930	-108.9930	-101.1062	0.9276	40.6874	0.3735	2.6e-04	0.5393
731	-108.9723	-108.9723	-100.7452	0.9245	41.5241	0.3812	2.6e-04	0.5404
732	-108.9787	-108.9787	-101.0721	0.9274	40.7316	0.3739	2.6e-04	0.5381
733	-108.9783	-108.9783	-100.9728	0.9265	40.9781	0.3762	2.6e-04	0.5379
734	-108.9906	-108.9906	-100.8018	0.9249	41.4233	0.3802	2.6e-04	0.5392
735	-108.9944	-108.9944	-100.9123	0.9258	41.1706	0.3779	2.6e-04	0.5376
736	-108.9853	-108.9853	-100.2154	0.9195	42.8131	0.3930	2.6e-04	0.5383
737	-108.9811	-108.9811	-100.6914	0.9239	41.6589	0.3824	2.6e-04	0.5390
738	-108.9846	-108.9846	-100.6185	0.9232	41.8543	0.3842	2.6e-04	0.5377
739	-108.9796	-108.9796	-100.5771	0.9229	41.9340	0.3850	2.6e-04	0.5391
740	-108.9876	-108.9876	-100.1202	0.9186	43.0353	0.3950	2.6e-04	0.5382
741	-108.9902	-108.9902	-100.2207	0.9195	42.8171	0.3930	2.6e-04	0.5461
742	-108.9694	-108.9694	-100.3644	0.9210	42.4260	0.3895	2.6e-04	0.5387
743	-108.9962	-108.9962	-100.0898	0.9183	43.1355	0.3959	2.6e-04	0.5400
744	-108.9769	-108.9769	-100.1860	0.9193	42.8568	0.3933	2.6e-04	0.5395
745	-108.9734	-108.9734	-100.2437	0.9199	42.7202	0.3922	2.6e-04	0.5395
746	-108.9673	-108.9673	-100.5036	0.9223	42.0796	0.3863	2.6e-04	0.5398
747	-108.9710	-108.9710	-100.2473	0.9199	42.7025	0.3920	2.6e-04	0.5407
748	-108.9759	-108.9759	-100.2133	0.9196	42.7936	0.3929	2.6e-04	0.5392
749	-108.9761	-108.9761	-100.1880	0.9194	42.8591	0.3934	2.6e-04	0.5390
750	-108.9816	-108.9816	-100.1069	0.9186	43.0597	0.3953	2.6e-04	0.5382
751	-108.9751	-108.9751	-100.2054	0.9195	42.7976	0.3929	2.6e-04	0.5401
752	-108.9842	-108.9842	-100.1398	0.9188	42.9889	0.3946	2.6e-04	0.5402
753	-108.9809	-108.9809	-99.8039	0.9158	43.7437	0.4015	2.6e-04	0.5396
754	-108.9904	-108.9904	-99.9327	0.9169	43.4763	0.3991	2.6e-04	0.5382
755	-108.9829	-108.9829	-100.0896	0.9184	43.1028	0.3956	2.6e-04	0.5391
756	-108.9900	-108.9900	-99.8118	0.9158	43.7597	0.4016	2.6e-04	0.5373
757	-108.9733	-108.9733	-99.5673	0.9137	44.2718	0.4064	2.6e-04	0.5382
758	-108.9776	-108.9776	-99.7302	0.9151	43.9053	0.4030	2.6e-04	0.5372
759	-108.9763	-108.9763	-99.6283	0.9142	44.1366	0.4051	2.6e-04	0.5391
760	-108.9970	-108.9970	-99.4185	0.9121	44.6562	0.4099	2.6e-04	0.5396
761	-108.9841	-108.9841	-99.3177	0.9113	44.8448	0.4116	2.6e-04	0.5397
762	-108.9978	-108.9978	-99.3995	0.9119	44.7094	0.4103	2.6e-04	0.5396
763	-108.9865	-108.9865	-99.3419	0.9115	44.7965	0.4112	2.6e-04	0.5388
764	-108.9759	-108.9759	-99.1016	0.9094	45.3110	0.4159	2.6e-04	0.5380
765	-108.9829	-108.9829	-99.1975	0.9102	45.1156	0.4141	2.6e-04	0.5379
766	-108.9922	-108.9922	-99.3768	0.9118	44.7409	0.4107	2.6e-04	0.5409
767	-108.9805	-108.9805	-99.2185	0.9104	45.0620	0.4137	2.6e-04	0.5394
768	-108.9718	-108.9718	-98.7199	0.9059	46.1276	0.4234	2.6e-04	0.5382
769	-108.9931	-108.9931	-98.6068	0.9047	46.4127	0.4260	2.6e-04	0.5377
770	-108.9854	-108.9854	-98.5282	0.9040	46.5531	0.4273	2.6e-04	0.5386
771	-108.9796	-108.9796	-98.6702	0.9054	46.2479	0.4245	2.6e-04	0.5388
772	-108.9786	-108.9786	-98.7020	0.9057	46.1854	0.4239	2.6e-04	0.5382
773	-108.9839	-108.9839	-98.4685	0.9035	46.6736	0.4284	2.6e-04	0.5396
774	-108.9803	-108.9803	-98.5908	0.9047	46.4269	0.4261	2.6e-04	0.5399
775	-108.9978	-108.9978	-98.4506	0.9032	46.7601	0.4291	2.6e-04	0.5389
776	-108.9833	-108.9833	-98.4216	0.9031	46.7783	0.4294	2.6e-04	0.5388
777	-108.9810	-108.9810	-98.8513	0.9071	45.8627	0.4210	2.6e-04	0.5383
778	-108.9905	-108.9905	-98.2289	0.9013	47.2033	0.4332	2.6e-04	0.5386
779	-108.9817	-108.9817	-98.7478	0.9061	46.0947	0.4231	2.6e-04	0.5404
780	-108.9875	-108.9875	-98.7378	0.9060	46.1245	0.4233	2.6e-04	0.5385
781	-108.9909	-108.9909	-98.7608	0.9061	46.0656	0.4228	2.6e-04	0.5387
782	-108.9751	-108.9751	-98.9589	0.9081	45.6199	0.4188	2.6e-04	0.5387
783	-108.9789	-108.9789	-99.1404	0.9097	45.2172	0.4150	2.6e-04	0.5387
784	-108.9786	-108.9786	-98.9960	0.9084	45.5435	0.4181	2.6e-04	0.5377
785	-108.9843	-108.9843	-99.2280	0.9105	45.0483	0.4135	2.6e-04	0.5383
786	-108.9890	-108.9890	-98.9113	0.9075	45.7563	0.4200	2.6e-04	0.5398
787	-108.9833	-108.9833	-99.1330	0.9096	45.2569	0.4154	2.6e-04	0.5385
788	-108.9747	-108.9747	-98.5973	0.9048	46.3953	0.4259	2.6e-04	0.5379
789	-108.9688	-108.9688	-99.0011	0.9085	45.5073	0.4178	2.6e-04	0.5392
790	-108.9750	-108.9750	-99.0311	0.9088	45.4681	0.4173	2.6e-04	0.5381
791	-108.9879	-108.9879	-98.8707	0.9072	45.8369	0.4207	2.6e-04	0.5388
792	-108.9740	-108.9740	-98.9402	0.9079	45.6364	0.4189	2.6e-04	0.5374
793	-108.9858	-108.9858	-98.7268	0.9059	46.1448	0.4236	2.6e-04	0.5387
794	-108.9937	-108.9937	-98.9201	0.9076	45.7418	0.4199	2.6e-04	0.5389
795	-108.9894	-108.9894	-98.6702	0.9053	46.2636	0.4246	2.6e-04	0.5405
796	-108.9880	-108.9880	-98.4894	0.9037	46.6551	0.4282	2.6e-04	0.5378
797	-108.9954	-108.9954	-98.6912	0.9055	46.2450	0.4244	2.6e-04	0.5389
798	-108.9824	-108.9824	-98.4110	0.9030	46.7963	0.4295	2.6e-04	0.5406
799	-108.9948	-108.9948	-98.8875	0.9073	45.8030	0.4204	2.6e-04	0.5389
800	-108.9774	-108.9774	-98.4746	0.9036	46.6550	0.4283	2.6e-04	0.5387
801	-108.9822	-108.9822	-98.7610	0.9062	46.0674	0.4228	2.6e-04	0.5360
802	-108.9769	-108.9769	-98.8848	0.9074	45.7718	0.4201	2.6e-04	0.5376
803	-108.9786	-108.9786	-98.9731	0.9082	45.5913	0.4186	2.6e-04	0.5396
804	-108.9660	-108.9660	-98.6084	0.9049	46.3466	0.4255	2.6e-04	0.5384
805	-108.9856	-108.9856	-98.6293	0.9050	46.3443	0.4254	2.6e-04	0.5397
806	-108.9894	-108.9894	-98.4049	0.9029	46.8399	0.4299	2.6e-04	0.5384
807	-108.9818	-108.9818	-98.2751	0.9018	47.0812	0.4321	2.6e-04	0.5381
808	-108.9804	-108.9804	-98.2081	0.9012	47.2205	0.4334	2.6e-04	0.5381
809	-108.9878	-108.9878	-98.2976	0.9019	47.0031	0.4314	2.6e-04	0.5384
810	-108.9980	-108.9980	-98.0227	0.8993	47.6478	0.4373	2.6e-04	0.5382
811	-108.9856	-108.9856	-98.1995	0.9010	47.2526	0.4337	2.6e-04	0.5379
812	-108.9807	-108.9807	-98.3130	0.9021	47.0095	0.4315	2.6e-04	0.5378
813	-108.9804	-108.9804	-98.3920	0.9028	46.8271	0.4298	2.6e-04	0.5388
814	-108.9938	-108.9938	-98.0921	0.9000	47.4970	0.4359	2.6e-04	0.5388
815	-108.9904	-108.9904	-97.8445	0.8977	48.0022	0.4405	2.6e-04	0.5384
816	-108.9760	-108.9760	-98.1531	0.9007	47.3264	0.4344	2.6e-04	0.5379
817	-108.9872	-108.9872	-97.5193	0.8948	48.6482	0.4465	2.6e-04	0.5393
818	-108.9811	-108.9811	-98.0317	0.8995	47.5534	0.4365	2.6e-04	0.5388
819	-108.9880	-108.9880	-97.4903	0.8945	48.7098	0.4471	2.6e-04	0.5383
820	-108.9719	-108.9719	-97.8889	0.8983	47.8459	0.4392	2.6e-04	0.5369
821	-108.9846	-108.9846	-97.9148	0.8984	47.8245	0.4390	2.6e-04	0.5385
822	-108.9751	-108.9751	-97.7935	0.8974	48.0625	0.4412	2.6e-04	0.5382
823	-108.9863	-108.9863	-97.8348	0.8977	48.0055	0.4406	2.6e-04	0.5390
824	-108.9786	-108.9786	-97.6100	0.8957	48.4387	0.4447	2.6e-04	0.5381
825	-108.9890	-108.9890	-97.6311	0.8958	48.4061	0.4443	2.6e-04	0.5387
826	-108.9618	-108.9618	-97.3790	0.8937	48.8605	0.4485	2.6e-04	0.5388
827	-108.9828	-108.9828	-97.9798	0.8990	47.6995	0.4379	2.6e-04	0.5394
828	-108.9836	-108.9836	-97.5725	0.8953	48.5313	0.4455	2.6e-04	0.5374
829	-108.9893	-108.9893	-97.4313	0.8940	48.8303	0.4482	2.6e-04	0.5390
830	-108.9858	-108.9858	-97.5719	0.8953	48.5146	0.4453	2.6e-04	0.5390
831	-108.9920	-108.9920	-97.3343	0.8930	49.0225	0.4500	2.6e-04	0.5396
832	-108.9883	-108.9883	-97.6633	0.8961	48.3576	0.4439	2.6e-04	0.5382
833	-108.9983	-108.9983	-97.5194	0.8947	48.6688	0.4467	2.6e-04	0.5395
834	-108.9891	-108.9891	-97.8007	0.8973	48.0575	0.4411	2.6e-04	0.5380
835	-108.9784	-108.9784	-97.7344	0.8968	48.1952	0.4424	2.6e-04	0.5392
836	-108.9739	-108.9739	-97.4389	0.8941	48.7824	0.4478	2.6e-04	0.5381
837	-108.9775	-108.9775	-97.5296	0.8950	48.5987	0.4461	2.6e-04	0.5379
838	-108.9817	-108.9817	-97.2405	0.8923	49.1927	0.4515	2.6e-04	0.5378
839	-108.9781	-108.9781	-97.4006	0.8938	48.8639	0.4485	2.6e-04	0.5378
840	-108.9901	-108.9901	-97.3451	0.8932	48.9952	0.4497	2.6e-04	0.5378
841	-108.9972	-108.9972	-97.4656	0.8942	48.7698	0.4476	2.6e-04	0.5388
842	-108.9925	-108.9925	-97.2275	0.8921	49.2312	0.4519	2.6e-04	0.5387
843	-108.9790	-108.9790	-97.5620	0.8952	48.5402	0.4456	2.6e-04	0.5392
844	-108.9892	-108.9892	-97.3256	0.8930	49.0374	0.4501	2.6e-04	0.5389
845	-108.9732	-108.9732	-97.1796	0.8918	49.2923	0.4525	2.6e-04	0.5408
846	-108.9768	-108.9768	-96.9923	0.8900	49.6608	0.4558	2.6e-04	0.5389
847	-108.9881	-108.9881	-96.8631	0.8888	49.9187	0.4582	2.6e-04	0.5376
848	-108.9869	-108.9869	-96.7361	0.8876	50.1850	0.4606	2.6e-04	0.5373
849	-108.9610	-108.9610	-96.9496	0.8898	49.7172	0.4564	2.6e-04	0.5377
850	-108.9812	-108.9812	-96.6116	0.8865	50.4006	0.4626	2.6e-04	0.5384
851	-108.9796	-108.9796	-96.5460	0.8859	50.5349	0.4638	2.6e-04	0.5384
852	-108.9801	-108.9801	-96.8148	0.8884	50.0195	0.4591	2.6e-04	0.5382
853	-108.9847	-108.9847	-96.7212	0.8875	50.1925	0.4607	2.6e-04	0.5394
854	-108.9748	-108.9748	-96.7441	0.8878	50.1267	0.4601	2.6e-04	0.5384
855	-108.9829	-108.9829	-96.5162	0.8856	50.5844	0.4644	2.6e-04	0.5389
856	-108.9969	-108.9969	-96.6940	0.8871	50.2832	0.4615	2.6e-04	0.5398
857	-108.9897	-108.9897	-96.4847	0.8853	50.6735	0.4651	2.6e-04	0.5394
858	-108.9698	-108.9698	-96.2642	0.8834	51.0495	0.4686	2.6e-04	0.5398
859	-108.9639	-108.9639	-96.0659	0.8816	51.4033	0.4719	2.6e-04	0.5396
860	-108.9790	-108.9790	-96.0836	0.8817	51.4086	0.4719	2.6e-04	0.5376
861	-108.9862	-108.9862	-96.2903	0.8835	51.0310	0.4684	2.6e-04	0.5400
862	-108.9807	-108.9807	-96.0754	0.8816	51.4213	0.4720	2.6e-04	0.5392
863	-108.9739	-108.9739	-96.0873	0.8817	51.3870	0.4717	2.6e-04	0.5396
864	-108.9675	-108.9675	-95.9357	0.8804	51.6480	0.4741	2.6e-04	0.5389
865	-108.9847	-108.9847	-95.7843	0.8789	51.9743	0.4770	2.6e-04	0.5388
866	-108.9871	-108.9871	-96.0700	0.8815	51.4359	0.4721	2.6e-04	0.5378
867	-108.9897	-108.9897	-95.9814	0.8806	51.6148	0.4737	2.6e-04	0.5385
868	-108.9802	-108.9802	-95.9592	0.8805	51.6387	0.4740	2.6e-04	0.5382
869	-108.9733	-108.9733	-95.8611	0.8797	51.8031	0.4755	2.6e-04	0.5386
870	-108.9903	-108.9903	-95.6581	0.8777	52.2120	0.4792	2.6e-04	0.5378
871	-108.9944	-108.9944	-95.5428	0.8766	52.4212	0.4811	2.6e-04	0.5367
872	-108.9855	-108.9855	-95.8808	0.8798	51.7984	0.4754	2.6e-04	0.5383
873	-108.9748	-108.9748	-95.8087	0.8792	51.9095	0.4765	2.6e-04	0.5375
874	-108.9805	-108.9805	-95.8985	0.8800	51.7547	0.4750	2.6e-04	0.5375
875	-108.9819	-108.9819	-94.8020	0.8699	53.7342	0.4932	2.6e-04	0.5392
876	-108.9846	-108.9846	-95.1654	0.8732	53.0996	0.4873	2.6e-04	0.5387
877	-108.9948	-108.9948	-95.3625	0.8749	52.7595	0.4842	2.6e-04	0.5385
878	-108.9829	-108.9829	-95.2126	0.8736	53.0046	0.4865	2.6e-04	0.5380
879	-108.9965	-108.9965	-95.3541	0.8748	52.7833	0.4844	2.6e-04	0.5380
880	-108.9825	-108.9825	-95.1097	0.8727	53.1845	0.4882	2.6e-04	0.5385
881	-108.9972	-108.9972	-94.9088	0.8707	53.5791	0.4917	2.6e-04	0.5381
882	-108.9893	-108.9893	-95.3471	0.8748	52.7836	0.4844	2.5e-04	0.5382
883	-108.9860	-108.9860	-95.3429	0.8748	52.7790	0.4844	2.5e-04	0.5381
884	-108.9906	-108.9906	-95.4497	0.8758	52.5935	0.4827	2.5e-04	0.5380
885	-108.9759	-108.9759	-95.2257	0.8738	52.9739	0.4862	2.5e-04	0.5372
886	-108.9673	-108.9673	-95.9270	0.8803	51.6714	0.4743	2.5e-04	0.5383
887	-108.9812	-108.9812	-95.6683	0.8778	52.1747	0.4789	2.5e-04	0.5384
888	-108.9839	-108.9839	-95.7297	0.8784	52.0720	0.4779	2.5e-04	0.5366
889	-108.9742	-108.9742	-95.3165	0.8747	52.8039	0.4847	2.5e-04	0.5385
890	-109.0008	-109.0008	-95.5111	0.8762	52.5056	0.4819	2.5e-04	0.5378
891	-108.9766	-108.9766	-95.4619	0.8760	52.5408	0.4823	2.5e-04	0.5383
892	-108.9647	-108.9647	-95.7740	0.8789	51.9508	0.4769	2.5e-04	0.5372
893	-108.9802	-108.9802	-95.8351	0.8794	51.8665	0.4761	2.5e-04	0.5387
894	-108.9888	-108.9888	-94.8273	0.8701	53.7041	0.4929	2.5e-04	0.5386
895	-108.9863	-108.9863	-95.0486	0.8721	53.3016	0.4893	2.5e-04	0.5386
896	-108.9656	-108.9656	-95.4717	0.8762	52.4985	0.4819	2.5e-04	0.5373
897	-108.9897	-108.9897	-95.2607	0.8740	52.9362	0.4859	2.5e-04	0.5375
898	-108.9815	-108.9815	-95.4047	0.8754	52.6497	0.4833	2.5e-04	0.5376
899	-108.9899	-108.9899	-95.3497	0.8748	52.7725	0.4844	2.5e-04	0.5375
900	-108.9900	-108.9900	-95.4095	0.8754	52.6630	0.4834	2.5e-04	0.5382
901	-108.9723	-108.9723	-95.4510	0.8759	52.5528	0.4824	2.5e-04	0.5372
902	-109.0002	-109.0002	-94.8289	0.8700	53.7248	0.4931	2.5e-04	0.5394
903	-108.9759	-108.9759	-95.2105	0.8737	53.0009	0.4865	2.5e-04	0.5393
904	-108.9812	-108.9812	-94.9085	0.8709	53.5396	0.4915	2.5e-04	0.5391
905	-108.9878	-108.9878	-95.0672	0.8723	53.2714	0.4890	2.5e-04	0.5397
906	-108.9813	-108.9813	-95.5680	0.8769	52.3636	0.4806	2.5e-04	0.5399
907	-108.9777	-108.9777	-94.7050	0.8690	53.9028	0.4947	2.5e-04	0.5397
908	-108.9817	-108.9817	-94.9841	0.8716	53.4092	0.4903	2.5e-04	0.5384
909	-108.9784	-108.9784	-95.0928	0.8726	53.2158	0.4885	2.5e-04	0.5402
910	-108.9837	-108.9837	-94.6356	0.8683	54.0314	0.4959	2.5e-04	0.5397
911	-108.9852	-108.9852	-95.0032	0.8717	53.3833	0.4900	2.5e-04	0.5397
912	-108.9781	-108.9781	-95.2969	0.8745	52.8283	0.4849	2.5e-04	0.5379
913	-108.9867	-108.9867	-94.6301	0.8683	54.0454	0.4961	2.5e-04	0.5381
914	-108.9802	-108.9802	-95.2939	0.8744	52.8466	0.4851	2.5e-04	0.5390
915	-108.9799	-108.9799	-95.0689	0.8724	53.2573	0.4888	2.5e-04	0.5379
916	-108.9970	-108.9970	-94.7618	0.8694	53.8345	0.4941	2.5e-04	0.5368
917	-109.0021	-109.0021	-95.1640	0.8730	53.1264	0.4876	2.5e-04	0.5381
918	-108.9902	-108.9902	-94.9637	0.8713	53.4645	0.4907	2.5e-04	0.5372
919	-108.9808	-108.9808	-94.6105	0.8681	54.0725	0.4963	2.5e-04	0.5366
920	-108.9960	-108.9960	-94.6763	0.8686	53.9885	0.4955	2.5e-04	0.5369
921	-108.9841	-108.9841	-94.4412	0.8666	54.3332	0.4987	2.5e-04	0.5372
922	-108.9860	-108.9860	-94.7767	0.8696	53.7722	0.4936	2.5e-04	0.5374
923	-108.9859	-108.9859	-94.3035	0.8653	54.6105	0.5013	2.5e-04	0.5385
924	-108.9890	-108.9890	-94.3610	0.8658	54.5168	0.5004	2.5e-04	0.5373
925	-108.9839	-108.9839	-95.0170	0.8718	53.3555	0.4897	2.5e-04	0.5380
926	-108.9750	-108.9750	-94.9317	0.8711	53.4855	0.4910	2.5e-04	0.5468
927	-108.9926	-108.9926	-94.8018	0.8698	53.7539	0.4934	2.5e-04	0.5385
928	-108.9791	-108.9791	-94.5949	0.8680	54.0829	0.4964	2.5e-04	0.5371
929	-109.0034	-109.0034	-94.4217	0.8662	54.4219	0.4995	2.5e-04	0.5395
930	-108.9837	-108.9837	-94.5348	0.8674	54.2041	0.4976	2.5e-04	0.5398
931	-108.9783	-108.9783	-94.8228	0.8701	53.6918	0.4928	2.5e-04	0.5387
932	-108.9778	-108.9778	-94.6432	0.8685	54.0038	0.4957	2.5e-04	0.5369
933	-108.9951	-108.9951	-94.5015	0.8670	54.2881	0.4983	2.5e-04	0.5389
934	-108.9834	-108.9834	-94.6785	0.8687	53.9517	0.4952	2.5e-04	0.5383
935	-108.9904	-108.9904	-93.9944	0.8624	55.1513	0.5062	2.5e-04	0.5391
936	-108.9888	-108.9888	-94.3206	0.8654	54.5784	0.5010	2.5e-04	0.5387
937	-108.9910	-108.9910	-94.5863	0.8678	54.1311	0.4969	2.5e-04	0.5399
938	-108.9785	-108.9785	-94.4573	0.8668	54.3251	0.4987	2.5e-04	0.5385
939	-108.9773	-108.9773	-94.1566	0.8640	54.8531	0.5035	2.5e-04	0.5395
940	-108.9838	-108.9838	-94.5648	0.8677	54.1541	0.4971	2.5e-04	0.5366
941	-109.0007	-109.0007	-94.6213	0.8681	54.0720	0.4963	2.5e-04	0.5404
942	-108.9870	-108.9870	-93.9812	0.8623	55.1584	0.5063	2.5e-04	0.5398
943	-108.9794	-108.9794	-94.1736	0.8641	54.8255	0.5032	2.5e-04	0.5389
944	-108.9698	-108.9698	-94.0109	0.8627	55.0862	0.5057	2.5e-04	0.5377
945	-108.9791	-108.9791	-94.0591	0.8631	55.0183	0.5050	2.5e-04	0.5371
946	-108.9793	-108.9793	-93.9553	0.8621	55.1978	0.5067	2.5e-04	0.5371
947	-108.9748	-108.9748	-94.1025	0.8635	54.9339	0.5043	2.5e-04	0.5380
948	-108.9868	-108.9868	-94.1862	0.8642	54.8161	0.5031	2.5e-04	0.5377
949	-108.9826	-108.9826	-93.8445	0.8611	55.3787	0.5083	2.5e-04	0.5383
950	-108.9962	-108.9962	-94.3640	0.8658	54.5284	0.5005	2.5e-04	0.5380
951	-108.9737	-108.9737	-94.0017	0.8626	55.0930	0.5058	2.5e-04	0.5386
952	-108.9907	-108.9907	-93.8497	0.8611	55.3919	0.5084	2.5e-04	0.5392
953	-108.9871	-108.9871	-93.3681	0.8567	56.1951	0.5158	2.5e-04	0.5397
954	-108.9791	-108.9791	-93.7142	0.8599	55.6016	0.5104	2.5e-04	0.5387
955	-108.9654	-108.9654	-93.8600	0.8614	55.2625	0.5073	2.5e-04	0.5386
956	-108.9890	-108.9890	-93.1279	0.8545	56.6014	0.5195	2.5e-04	0.5376
957	-108.9917	-108.9917	-93.0387	0.8536	56.7477	0.5208	2.5e-04	0.5377
958	-108.9858	-108.9858	-93.3070	0.8561	56.3021	0.5167	2.5e-04	0.5381
959	-108.9753	-108.9753	-92.7896	0.8515	57.1275	0.5244	2.5e-04	0.5374
960	-108.9879	-108.9879	-92.9683	0.8530	56.8649	0.5219	2.5e-04	0.5370
961	-108.9826	-108.9826	-93.2734	0.8559	56.3458	0.5172	2.5e-04	0.5387
962	-108.9865	-108.9865	-92.9976	0.8533	56.8101	0.5214	2.5e-04	0.5394
963	-108.9872	-108.9872	-93.2105	0.8552	56.4554	0.5182	2.5e-04	0.5394
964	-108.9898	-108.9898	-92.9938	0.8532	56.8246	0.5215	2.5e-04	0.5376
965	-108.9765	-108.9765	-93.5060	0.8580	55.9525	0.5136	2.5e-04	0.5390
966	-108.9900	-108.9900	-93.1018	0.8542	56.6417	0.5199	2.5e-04	0.5381
967	-108.9954	-108.9954	-92.7663	0.8511	57.2005	0.5250	2.5e-04	0.5376
968	-108.9852	-108.9852	-93.6205	0.8590	55.7717	0.5119	2.5e-04	0.5376
969	-108.9947	-108.9947	-92.7769	0.8512	57.1866	0.5248	2.5e-04	0.5386
970	-108.9771	-108.9771	-93.5403	0.8583	55.8949	0.5130	2.5e-04	0.5381
971	-108.9884	-108.9884	-93.1647	0.8548	56.5283	0.5189	2.5e-04	0.5371
972	-108.9830	-108.9830	-93.6508	0.8593	55.7162	0.5114	2.5e-04	0.5376
973	-108.9791	-108.9791	-93.7267	0.8600	55.5807	0.5102	2.5e-04	0.5402
974	-108.9756	-108.9756	-93.4209	0.8573	56.0890	0.5149	2.5e-04	0.5395
975	-109.0028	-109.0028	-93.1394	0.8545	56.6050	0.5194	2.5e-04	0.5390
976	-108.9770	-108.9770	-93.4141	0.8572	56.1026	0.5150	2.5e-04	0.5393
977	-108.9912	-108.9912	-93.5401	0.8582	55.8952	0.5130	2.5e-04	0.5387
978	-108.9836	-108.9836	-93.2743	0.8559	56.3493	0.5172	2.5e-04	0.5391
979	-108.9856	-108.9856	-93.1050	0.8543	56.6301	0.5198	2.5e-04	0.5398
980	-108.9892	-108.9892	-93.0723	0.8540	56.6933	0.5203	2.5e-04	0.5394
981	-108.9886	-108.9886	-93.4118	0.8571	56.1234	0.5152	2.5e-04	0.5389
982	-108.9924	-108.9924	-93.1313	0.8545	56.5962	0.5194	2.5e-04	0.5387
983	-108.9839	-108.9839	-93.2341	0.8555	56.4087	0.5177	2.5e-04	0.5393
984	-108.9845	-108.9845	-92.8944	0.8524	56.9584	0.5228	2.5e-04	0.5389
985	-108.9743	-108.9743	-93.1551	0.8548	56.4978	0.5187	2.5e-04	0.5399
986	-108.9803	-108.9803	-92.9437	0.8528	56.8890	0.5222	2.5e-04	0.5391
987	-108.9873	-108.9873	-93.0072	0.8534	56.7963	0.5213	2.5e-04	0.5393
988	-108.9824	-108.9824	-93.0157	0.8535	56.7653	0.5210	2.5e-04	0.5393
989	-108.9801	-108.9801	-93.1161	0.8544	56.5996	0.5196	2.5e-04	0.5383
990	-108.9720	-108.9720	-93.0527	0.8539	56.6946	0.5204	2.5e-04	0.5373
991	-108.9973	-108.9973	-93.2222	0.8553	56.4573	0.5182	2.5e-04	0.5373
992	-108.9772	-108.9772	-92.8957	0.8524	56.9510	0.5227	2.5e-04	0.5386
993	-108.9919	-108.9919	-93.3141	0.8562	56.2840	0.5166	2.5e-04	0.5386
994	-108.9732	-108.9732	-92.8574	0.8521	57.0131	0.5233	2.5e-04	0.5382
995	-108.9731	-108.9731	-93.0160	0.8536	56.7551	0.5210	2.5e-04	0.5390
996	-108.9928	-108.9928	-93.1183	0.8544	56.6209	0.5197	2.5e-04	0.5383
997	-108.9913	-108.9913	-93.0775	0.8540	56.6749	0.5202	2.5e-04	0.5389
998	-108.9908	-108.9908	-92.8659	0.8521	57.0261	0.5234	2.5e-04	0.5378
999	-108.9845	-108.9845	-93.3282	0.8563	56.2593	0.5164	2.5e-04	0.5372
1000	-109.0040	-109.0040	-92.3991	0.8477	57.8141	0.5305	2.5e-04	0.5380
1001	-108.9743	-108.9743	-93.3068	0.8562	56.2771	0.5166	2.5e-04	0.5361
1002	-108.9841	-108.9841	-93.1414	0.8546	56.5690	0.5192	2.5e-04	0.5377
1003	-108.9760	-108.9760	-93.1222	0.8545	56.5889	0.5194	2.5e-04	0.5385
1004	-108.9700	-108.9700	-93.2420	0.8557	56.3685	0.5175	2.5e-04	0.5399
1005	-108.9956	-108.9956	-92.5881	0.8495	57.4924	0.5276	2.5e-04	0.5392
1006	-108.9875	-108.9875	-92.9306	0.8527	56.9241	0.5224	2.5e-04	0.5399
1007	-108.9896	-108.9896	-93.0097	0.8534	56.7912	0.5213	2.5e-04	0.5403
1008	-108.9999	-108.9999	-92.4037	0.8477	57.7980	0.5304	2.5e-04	0.5393
1009	-108.9838	-108.9838	-92.3289	0.8472	57.8867	0.5313	2.5e-04	0.5404
1010	-108.9779	-108.9779	-92.9863	0.8533	56.8035	0.5214	2.5e-04	0.5377
1011	-108.9756	-108.9756	-92.7838	0.8514	57.1417	0.5245	2.5e-04	0.5391
1012	-108.9931	-108.9931	-92.8780	0.8521	57.0209	0.5233	2.5e-04	0.5391
1013	-108.9684	-108.9684	-93.3605	0.8568	56.1796	0.5157	2.5e-04	0.5376
1014	-108.9684	-108.9684	-92.9181	0.8527	56.8728	0.5221	2.5e-04	0.5377
1015	-108.9759	-108.9759	-92.6447	0.8501	57.3578	0.5265	2.5e-04	0.5376
1016	-109.0002	-109.0002	-93.3394	0.8563	56.2576	0.5163	2.5e-04	0.5376
1017	-108.9745	-108.9745	-92.8534	0.8521	57.0047	0.5233	2.5e-04	0.5376
1018	-108.9810	-108.9810	-92.6937	0.8505	57.3007	0.5259	2.5e-04	0.5382
1019	-108.9950	-108.9950	-93.2752	0.8558	56.3703	0.5173	2.5e-04	0.5387
1020	-108.9946	-108.9946	-93.1325	0.8545	56.6037	0.5195	2.5e-04	0.5386
1021	-108.9763	-108.9763	-93.6104	0.8590	55.7771	0.5120	2.5e-04	0.5394
1022	-108.9659	-108.9659	-92.8821	0.8524	56.9586	0.5229	2.5e-04	0.5381
1023	-108.9827	-108.9827	-92.9911	0.8533	56.7985	0.5213	2.5e-04	0.5381
1024	-108.9725	-108.9725	-92.9056	0.8526	56.9378	0.5226	2.5e-04	0.5376
1025	-108.9774	-108.9774	-93.3315	0.8564	56.2405	0.5162	2.5e-04	0.5383
1026	-108.9867	-108.9867	-93.0761	0.8540	56.6654	0.5201	2.5e-04	0.5390
1027	-108.9877	-108.9877	-93.2911	0.8560	56.3247	0.5170	2.5e-04	0.5394
1028	-108.9880	-108.9880	-93.3768	0.8568	56.1860	0.5157	2.5e-04	0.5369
1029	-108.9898	-108.9898	-93.1770	0.8549	56.5109	0.5187	2.5e-04	0.5385
1030	-108.9988	-108.9988	-92.4803	0.8485	57.6749	0.5292	2.5e-04	0.5381
1031	-108.9954	-108.9954	-93.3830	0.8568	56.1888	0.5157	2.5e-04	0.5375
1032	-108.9724	-108.9724	-93.1081	0.8544	56.6011	0.5195	2.5e-04	0.5365
1033	-108.9851	-108.9851	-93.3210	0.8563	56.2723	0.5165	2.5e-04	0.5377
1034	-108.9939	-108.9939	-93.4110	0.8570	56.1428	0.5153	2.5e-04	0.5378
1035	-108.9757	-108.9757	-93.3295	0.8564	56.1795	0.5156	2.5e-04	0.5387
1036	-108.9764	-108.9764	-93.6983	0.8598	55.6072	0.5104	2.5e-04	0.5388
1037	-108.9862	-108.9862	-93.1972	0.8551	56.4789	0.5184	2.5e-04	0.5401
1038	-108.9873	-108.9873	-93.7065	0.8598	55.6427	0.5106	2.5e-04	0.5391
1039	-108.9883	-108.9883	-93.1439	0.8546	56.5757	0.5192	2.5e-04	0.5389
1040	-108.9875	-108.9875	-93.5829	0.8587	55.8417	0.5125	2.5e-04	0.5375
1041	-108.9768	-108.9768	-93.7690	0.8604	55.5096	0.5095	2.5e-04	0.5383
1042	-108.9775	-108.9775	-94.0259	0.8628	55.0655	0.5054	2.5e-04	0.5376
1043	-108.9802	-108.9802	-93.7113	0.8599	55.6102	0.5104	2.5e-04	0.5384
1044	-108.9680	-108.9680	-93.6279	0.8592	55.7370	0.5116	2.5e-04	0.5380
1045	-108.9895	-108.9895	-93.7855	0.8605	55.4968	0.5093	2.5e-04	0.5385
1046	-108.9834	-108.9834	-93.9837	0.8624	55.1593	0.5063	2.5e-04	0.5374
1047	-108.9794	-108.9794	-94.1715	0.8641	54.8204	0.5032	2.5e-04	0.5384
1048	-108.9749	-108.9749	-93.8422	0.8611	55.3720	0.5083	2.5e-04	0.5377
1049	-108.9848	-108.9848	-93.7981	0.8607	55.4318	0.5088	2.5e-04	0.5378
1050	-108.9863	-108.9863	-93.7245	0.8600	55.6024	0.5103	2.5e-04	0.5372
1051	-108.9907	-108.9907	-93.8729	0.8613	55.3611	0.5081	2.5e-04	0.5380
1052	-108.9883	-108.9883	-94.3802	0.8660	54.4880	0.5001	2.5e-04	0.5381
1053	-108.9732	-108.9732	-93.8266	0.8610	55.3923	0.5084	2.5e-04	0.5398
1054	-108.9921	-108.9921	-94.1704	0.8640	54.8620	0.5035	2.5e-04	0.5397
1055	-108.9877	-108.9877	-94.1438	0.8638	54.8883	0.5037	2.5e-04	0.5384
1056	-108.9730	-108.9730	-94.6038	0.8681	54.0569	0.4962	2.5e-04	0.5394
1057	-108.9903	-108.9903	-94.2006	0.8643	54.7985	0.5029	2.5e-04	0.5412
1058	-109.0005	-109.0005	-94.3493	0.8656	54.5611	0.5007	2.5e-04	0.5394
1059	-108.9938	-108.9938	-94.2029	0.8643	54.7987	0.5029	2.5e-04	0.5386
1060	-108.9811	-108.9811	-94.3612	0.8658	54.4892	0.5002	2.5e-04	0.5387
1061	-108.9961	-108.9961	-94.2187	0.8644	54.7517	0.5025	2.5e-04	0.5398
1062	-108.9902	-108.9902	-94.4231	0.8663	54.4187	0.4994	2.5e-04	0.5391
1063	-108.9833	-108.9833	-94.3088	0.8654	54.6004	0.5012	2.5e-04	0.5400
1064	-108.9858	-108.9858	-94.5377	0.8674	54.2078	0.4975	2.5e-04	0.5390
1065	-108.9735	-108.9735	-94.3647	0.8659	54.4822	0.5001	2.5e-04	0.5377
1066	-108.9735	-108.9735	-94.6682	0.8687	53.9484	0.4952	2.5e-04	0.5380
1067	-108.9707	-108.9707	-94.8169	0.8701	53.6697	0.4927	2.5e-04	0.5399
1068	-108.9835	-108.9835	-94.8361	0.8702	53.6831	0.4927	2.5e-04	0.5391
1069	-108.9788	-108.9788	-94.7587	0.8695	53.8040	0.4939	2.5e-04	0.5392
1070	-108.9743	-108.9743	-94.8551	0.8704	53.6328	0.4923	2.5e-04	0.5375
1071	-108.9885	-108.9885	-94.8565	0.8703	53.6577	0.4924	2.5e-04	0.5382
1072	-108.9698	-108.9698	-94.8230	0.8702	53.6766	0.4927	2.5e-04	0.5381
1073	-108.9824	-108.9824	-94.5157	0.8673	54.2305	0.4978	2.5e-04	0.5382
1074	-108.9899	-108.9899	-94.9583	0.8713	53.4774	0.4908	2.5e-04	0.5390
1075	-108.9762	-108.9762	-94.8084	0.8700	53.7138	0.4931	2.5e-04	0.5388
1076	-108.9797	-108.9797	-94.5445	0.8675	54.1485	0.4970	2.5e-04	0.5393
1077	-108.9894	-108.9894	-94.1162	0.8635	54.9465	0.5043	2.5e-04	0.5387
1078	-108.9851	-108.9851	-94.7261	0.8692	53.8706	0.4945	2.5e-04	0.5393
1079	-108.9746	-108.9746	-94.5553	0.8677	54.1531	0.4971	2.5e-04	0.5384
1080	-108.9777	-108.9777	-94.5870	0.8679	54.0988	0.4966	2.5e-04	0.5377
1081	-108.9740	-108.9740	-94.9469	0.8713	53.4649	0.4908	2.5e-04	0.5380
1082	-108.9950	-108.9950	-94.0573	0.8630	55.0362	0.5051	2.5e-04	0.5384
1083	-108.9707	-108.9707	-94.3314	0.8657	54.5371	0.5006	2.5e-04	0.5385
1084	-108.9842	-108.9842	-94.3382	0.8656	54.5564	0.5007	2.5e-04	0.5371
1085	-108.9871	-108.9871	-94.4863	0.8669	54.2989	0.4984	2.5e-04	0.5386
1086	-108.9876	-108.9876	-94.1028	0.8634	54.9609	0.5045	2.5e-04	0.5392
1087	-108.9812	-108.9812	-94.4055	0.8663	54.4206	0.4996	2.5e-04	0.5395
1088	-108.9800	-108.9800	-94.4669	0.8668	54.3189	0.4986	2.5e-04	0.5400
1089	-108.9874	-108.9874	-93.7987	0.8606	55.4230	0.5087	2.5e-04	0.5376
1090	-108.9757	-108.9757	-94.3212	0.8655	54.5606	0.5009	2.5e-04	0.5374
1091	-108.9798	-108.9798	-93.3581	0.8567	56.2007	0.5159	2.5e-04	0.5380
1092	-108.9803	-108.9803	-93.7366	0.8601	55.5732	0.5101	2.5e-04	0.5378
1093	-108.9752	-108.9752	-93.9429	0.8621	55.2112	0.5068	2.5e-04	0.5381
1094	-108.9952	-108.9952	-93.5918	0.8587	55.8418	0.5125	2.5e-04	0.5370
1095	-108.9865	-108.9865	-93.7861	0.8605	55.4975	0.5094	2.5e-04	0.5381
1096	-108.9976	-108.9976	-93.4362	0.8572	56.0763	0.5146	2.5e-04	0.5381
1097	-108.9746	-108.9746	-93.0096	0.8535	56.7645	0.5211	2.5e-04	0.5382
1098	-108.9967	-108.9967	-92.4770	0.8484	57.6692	0.5293	2.5e-04	0.5386
1099	-108.9819	-108.9819	-92.8541	0.8520	57.0388	0.5235	2.5e-04	0.5382
1100	-108.9802	-108.9802	-92.5206	0.8490	57.5524	0.5283	2.5e-04	0.5380
1101	-108.9719	-108.9719	-92.7925	0.8515	57.1208	0.5243	2.5e-04	0.5372
1102	-108.9795	-108.9795	-92.7846	0.8514	57.1307	0.5244	2.5e-04	0.5384
1103	-108.9800	-108.9800	-93.2677	0.8558	56.3535	0.5172	2.5e-04	0.5380
1104	-108.9818	-108.9818	-92.8804	0.8523	56.9911	0.5231	2.5e-04	0.5393
1105	-108.9878	-108.9878	-92.4459	0.8482	57.6965	0.5295	2.5e-04	0.5389
1106	-108.9869	-108.9869	-93.0224	0.8535	56.7655	0.5210	2.5e-04	0.5396
1107	-108.9801	-108.9801	-92.9774	0.8532	56.8261	0.5216	2.5e-04	0.5377
1108	-108.9888	-108.9888	-92.7495	0.8510	57.2125	0.5251	2.5e-04	0.5371
1109	-108.9914	-108.9914	-92.0443	0.8445	58.3499	0.5355	2.5e-04	0.5380
1110	-108.9765	-108.9765	-92.4425	0.8483	57.6920	0.5295	2.5e-04	0.5376
1111	-108.9809	-108.9809	-92.1634	0.8457	58.1460	0.5337	2.5e-04	0.5381
1112	-108.9862	-108.9862	-92.5600	0.8493	57.4758	0.5276	2.5e-04	0.5381
1113	-108.9937	-108.9937	-92.4873	0.8486	57.6028	0.5287	2.5e-04	0.5389
1114	-108.9732	-108.9732	-92.6796	0.8505	57.3003	0.5260	2.5e-04	0.5378
1115	-108.9771	-108.9771	-91.9309	0.8436	58.4994	0.5370	2.5e-04	0.5380
1116	-108.9702	-108.9702	-92.6147	0.8499	57.4082	0.5269	2.5e-04	0.5376
1117	-108.9846	-108.9846	-92.6144	0.8498	57.4311	0.5271	2.5e-04	0.5372
1118	-108.9823	-108.9823	-92.5441	0.8492	57.5346	0.5281	2.5e-04	0.5374
1119	-108.9765	-108.9765	-92.1712	0.8458	58.1187	0.5335	2.5e-04	0.5385
1120	-108.9875	-108.9875	-92.2854	0.8468	57.9533	0.5320	2.5e-04	0.5384
1121	-108.9801	-108.9801	-92.2335	0.8463	58.0356	0.5327	2.5e-04	0.5400
1122	-108.9863	-108.9863	-92.4507	0.8483	57.6968	0.5295	2.4e-04	0.5396
1123	-108.9722	-108.9722	-92.2146	0.8462	58.0455	0.5328	2.4e-04	0.5391
1124	-108.9772	-108.9772	-92.2864	0.8468	57.9358	0.5318	2.4e-04	0.5385
1125	-108.9906	-108.9906	-92.1795	0.8458	58.1334	0.5336	2.4e-04	0.5384
1126	-108.9853	-108.9853	-92.3385	0.8473	57.8740	0.5312	2.4e-04	0.5384
1127	-108.9863	-108.9863	-92.0823	0.8449	58.2847	0.5349	2.4e-04	0.5381
1128	-108.9747	-108.9747	-92.0302	0.8445	58.3292	0.5354	2.4e-04	0.5376
1129	-108.9774	-108.9774	-91.8562	0.8429	58.6254	0.5381	2.4e-04	0.5389
1130	-108.9830	-108.9830	-92.6114	0.8498	57.4316	0.5271	2.4e-04	0.5396
1131	-108.9809	-108.9809	-92.2766	0.8467	57.9684	0.5320	2.4e-04	0.5393
1132	-108.9900	-108.9900	-92.4641	0.8484	57.6685	0.5293	2.4e-04	0.5399
1133	-108.9805	-108.9805	-92.5008	0.8488	57.6021	0.5287	2.4e-04	0.5407
1134	-108.9808	-108.9808	-92.1336	0.8454	58.1971	0.5341	2.4e-04	0.5397
1135	-108.9890	-108.9890	-92.6751	0.8503	57.3380	0.5263	2.4e-04	0.5390
1136	-108.9780	-108.9780	-92.4520	0.8484	57.6589	0.5293	2.4e-04	0.5372
1137	-108.9902	-108.9902	-92.8364	0.8518	57.0798	0.5239	2.4e-04	0.5394
1138	-108.9983	-108.9983	-92.7859	0.8513	57.1776	0.5247	2.4e-04	0.5400
1139	-108.9910	-108.9910	-92.4639	0.8484	57.6832	0.5294	2.4e-04	0.5396
1140	-108.9860	-108.9860	-92.3717	0.8476	57.8196	0.5307	2.4e-04	0.5388
1141	-108.9939	-108.9939	-92.6207	0.8498	57.4367	0.5271	2.4e-04	0.5388
1142	-108.9794	-108.9794	-93.1234	0.8545	56.5917	0.5194	2.4e-04	0.5381
1143	-108.9817	-108.9817	-93.1480	0.8547	56.5477	0.5190	2.4e-04	0.5377
1144	-108.9847	-108.9847	-93.1502	0.8547	56.5315	0.5189	2.4e-04	0.5379
1145	-108.9878	-108.9878	-92.8104	0.8516	57.1041	0.5242	2.4e-04	0.5380
1146	-108.9647	-108.9647	-93.4801	0.8579	55.9717	0.5138	2.4e-04	0.5379
1147	-108.9790	-108.9790	-92.6370	0.8500	57.3683	0.5267	2.4e-04	0.5377
1148	-108.9705	-108.9705	-92.8609	0.8522	57.0053	0.5233	2.4e-04	0.5376
1149	-108.9968	-108.9968	-92.7474	0.8509	57.2269	0.5252	2.4e-04	0.5390
1150	-108.9708	-108.9708	-92.3524	0.8475	57.8179	0.5308	2.4e-04	0.5396
1151	-108.9807	-108.9807	-91.6003	0.8405	59.0115	0.5417	2.4e-04	0.5397
1152	-108.9842	-108.9842	-92.4204	0.8480	57.7359	0.5300	2.4e-04	0.5379
1153	-108.9984	-108.9984	-92.1757	0.8457	58.1508	0.5336	2.4e-04	0.5384
1154	-108.9793	-108.9793	-91.8839	0.8431	58.5839	0.5377	2.4e-04	0.5377
1155	-108.9763	-108.9763	-91.8947	0.8433	58.5462	0.5374	2.4e-04	0.5379
1156	-108.9670	-108.9670	-91.5547	0.8402	59.0663	0.5422	2.4e-04	0.5368
1157	-108.9798	-108.9798	-91.0848	0.8358	59.8103	0.5490	2.4e-04	0.5388
1158	-108.9866	-108.9866	-91.1448	0.8363	59.7319	0.5482	2.4e-04	0.5383
1159	-108.9856	-108.9856	-91.1542	0.8364	59.7068	0.5480	2.4e-04	0.5382
1160	-108.9728	-108.9728	-90.8838	0.8340	60.0896	0.5515	2.4e-04	0.5389
1161	-108.9692	-108.9692	-91.6603	0.8412	58.9046	0.5407	2.4e-04	0.5379
1162	-108.9793	-108.9793	-90.7518	0.8327	60.3134	0.5536	2.4e-04	0.5377
1163	-108.9718	-108.9718	-90.1783	0.8275	61.1627	0.5614	2.4e-04	0.5384
1164	-108.9736	-108.9736	-90.9048	0.8342	60.0789	0.5515	2.4e-04	0.5375
1165	-108.9805	-108.9805	-90.3861	0.8294	60.8700	0.5587	2.4e-04	0.5389
1166	-108.9793	-108.9793	-89.7846	0.8239	61.7455	0.5668	2.4e-04	0.5373
1167	-108.9903	-108.9903	-89.6547	0.8226	61.9092	0.5682	2.4e-04	0.5382
1168	-108.9802	-108.9802	-89.5493	0.8217	62.0909	0.5699	2.4e-04	0.5371
1169	-108.9734	-108.9734	-89.8730	0.8247	61.6089	0.5655	2.4e-04	0.5396
1170	-108.9950	-108.9950	-89.0816	0.8173	62.7868	0.5762	2.4e-04	0.5398
1171	-108.9826	-108.9826	-89.9452	0.8253	61.5202	0.5647	2.4e-04	0.5393
1172	-108.9741	-108.9741	-90.1113	0.8269	61.2657	0.5623	2.4e-04	0.5396
1173	-108.9860	-108.9860	-89.5301	0.8215	62.1235	0.5702	2.4e-04	0.5395
1174	-108.9906	-108.9906	-89.9021	0.8249	61.5850	0.5653	2.4e-04	0.5394
1175	-108.9871	-108.9871	-89.6080	0.8222	62.0148	0.5692	2.4e-04	0.5404
1176	-108.9871	-108.9871	-89.6155	0.8223	61.9983	0.5690	2.4e-04	0.5394
1177	-108.9978	-108.9978	-88.8104	0.8148	63.1667	0.5797	2.4e-04	0.5399
1178	-108.9837	-108.9837	-89.6038	0.8222	62.0186	0.5692	2.4e-04	0.5393
1179	-108.9727	-108.9727	-88.9622	0.8164	62.9003	0.5774	2.4e-04	0.5399
1180	-108.9845	-108.9845	-89.0755	0.8173	62.7749	0.5762	2.4e-04	0.5385
1181	-108.9861	-108.9861	-88.4070	0.8112	63.7101	0.5848	2.4e-04	0.5409
1182	-108.9800	-108.9800	-88.7367	0.8142	63.2324	0.5803	2.4e-04	0.5402
1183	-108.9924	-108.9924	-88.6280	0.8132	63.4172	0.5820	2.4e-04	0.5391
1184	-108.9950	-108.9950	-88.7970	0.8147	63.1801	0.5799	2.4e-04	0.5380
1185	-108.9735	-108.9735	-88.5240	0.8123	63.5227	0.5831	2.4e-04	0.5379
1186	-108.9891	-108.9891	-88.3327	0.8105	63.8145	0.5858	2.4e-04	0.5373
1187	-108.9838	-108.9838	-88.4239	0.8113	63.6887	0.5845	2.4e-04	0.5386
1188	-108.9876	-108.9876	-88.9191	0.8159	63.0091	0.5782	2.4e-04	0.5385
1189	-108.9789	-108.9789	-88.9966	0.8166	62.8812	0.5771	2.4e-04	0.5410
1190	-108.9738	-108.9738	-88.3437	0.8107	63.7767	0.5854	2.4e-04	0.5390
1191	-108.9883	-108.9883	-88.9285	0.8159	62.9828	0.5780	2.4e-04	0.5395
1192	-108.9851	-108.9851	-89.1670	0.8182	62.6436	0.5750	2.4e-04	0.5385
1193	-108.9909	-108.9909	-89.4936	0.8211	62.1494	0.5704	2.4e-04	0.5377
1194	-108.9815	-108.9815	-88.9626	0.8163	62.9230	0.5775	2.4e-04	0.5381
1195	-108.9852	-108.9852	-89.0120	0.8167	62.8612	0.5770	2.4e-04	0.5383
1196	-108.9777	-108.9777	-89.0608	0.8172	62.7629	0.5761	2.4e-04	0.5374
1197	-109.0003	-109.0003	-88.8281	0.8149	63.1500	0.5796	2.4e-04	0.5383
1198	-108.9786	-108.9786	-89.4028	0.8204	62.2966	0.5718	2.4e-04	0.5381
1199	-108.9858	-108.9858	-88.9082	0.8158	63.0163	0.5784	2.4e-04	0.5400
1200	-108.9712	-108.9712	-89.4271	0.8206	62.2116	0.5710	2.4e-04	0.5393
1201	-108.9829	-108.9829	-89.0565	0.8172	62.8033	0.5764	2.4e-04	0.5365
1202	-108.9854	-108.9854	-89.0366	0.8170	62.8288	0.5767	2.4e-04	0.5371
1203	-108.9881	-108.9881	-89.3240	0.8196	62.4274	0.5730	2.4e-04	0.5380
1204	-108.9749	-108.9749	-89.5105	0.8214	62.1387	0.5703	2.4e-04	0.5370
1205	-108.9806	-108.9806	-89.3421	0.8198	62.3824	0.5726	2.4e-04	0.5376
1206	-108.9937	-108.9937	-88.8210	0.8149	63.1423	0.5796	2.4e-04	0.5388
1207	-108.9881	-108.9881	-89.1284	0.8178	62.6991	0.5755	2.4e-04	0.5382
1208	-108.9868	-108.9868	-88.5520	0.8125	63.5130	0.5830	2.4e-04	0.5377
1209	-108.9757	-108.9757	-88.8789	0.8156	63.0402	0.5785	2.4e-04	0.5381
1210	-108.9949	-108.9949	-89.2733	0.8191	62.5040	0.5737	2.4e-04	0.5384
1211	-108.9828	-108.9828	-88.7245	0.8141	63.2654	0.5806	2.4e-04	0.5396
1212	-108.9829	-108.9829	-89.2427	0.8189	62.5381	0.5740	2.4e-04	0.5386
1213	-108.9883	-108.9883	-88.9004	0.8157	63.0303	0.5785	2.4e-04	0.5398
1214	-108.9713	-108.9713	-89.3474	0.8199	62.3692	0.5725	2.4e-04	0.5394
1215	-108.9848	-108.9848	-89.5051	0.8213	62.1699	0.5705	2.4e-04	0.5390
1216	-108.9869	-108.9869	-89.7332	0.8233	61.8272	0.5675	2.4e-04	0.5388
1217	-108.9823	-108.9823	-89.7192	0.8232	61.8503	0.5677	2.4e-04	0.5404
1218	-108.9700	-108.9700	-89.5850	0.8221	61.9993	0.5691	2.4e-04	0.5387
1219	-108.9737	-108.9737	-89.6870	0.8230	61.8866	0.5680	2.4e-04	0.5393
1220	-108.9814	-108.9814	-89.3133	0.8195	62.4293	0.5730	2.4e-04	0.5388
1221	-108.9892	-108.9892	-89.6498	0.8226	61.9600	0.5686	2.4e-04	0.5387
1222	-108.9887	-108.9887	-89.3929	0.8202	62.3318	0.5721	2.4e-04	0.5386
1223	-108.9965	-108.9965	-88.9791	0.8163	62.9277	0.5775	2.4e-04	0.5389
1224	-108.9840	-108.9840	-89.0282	0.8169	62.8406	0.5767	2.4e-04	0.5391
1225	-108.9808	-108.9808	-89.9600	0.8255	61.5008	0.5644	2.4e-04	0.5392
1226	-108.9810	-108.9810	-89.6345	0.8225	61.9610	0.5687	2.4e-04	0.5395
1227	-108.9818	-108.9818	-89.5645	0.8218	62.0770	0.5697	2.4e-04	0.5379
1228	-108.9974	-108.9974	-89.5104	0.8212	62.1534	0.5704	2.4e-04	0.5379
1229	-108.9885	-108.9885	-90.2174	0.8278	61.1304	0.5610	2.4e-04	0.5382
1230	-108.9933	-108.9933	-89.8875	0.8247	61.6160	0.5655	2.4e-04	0.5386
1231	-108.9925	-108.9925	-90.0295	0.8260	61.4174	0.5636	2.4e-04	0.5378
1232	-108.9685	-108.9685	-90.1705	0.8275	61.1665	0.5615	2.4e-04	0.5376
1233	-108.9936	-108.9936	-90.4672	0.8300	60.7685	0.5577	2.4e-04	0.5376
1234	-108.9742	-108.9742	-90.8136	0.8333	60.1953	0.5525	2.4e-04	0.5379
1235	-108.9828	-108.9828	-90.6302	0.8316	60.5214	0.5554	2.4e-04	0.5370
1236	-108.9759	-108.9759	-90.2084	0.8278	61.1060	0.5609	2.4e-04	0.5378
1237	-108.9809	-108.9809	-90.9635	0.8347	59.9991	0.5507	2.4e-04	0.5391
1238	-109.0023	-109.0023	-90.5788	0.8310	60.6146	0.5563	2.4e-04	0.5398
1239	-108.9838	-108.9838	-90.8703	0.8338	60.1496	0.5521	2.4e-04	0.5389
1240	-108.9914	-108.9914	-90.2297	0.8279	61.1057	0.5609	2.4e-04	0.5376
1241	-108.9924	-108.9924	-90.8189	0.8333	60.2368	0.5529	2.4e-04	0.5378
1242	-108.9866	-108.9866	-90.7839	0.8330	60.2797	0.5533	2.4e-04	0.5375
1243	-108.9772	-108.9772	-90.8155	0.8333	60.2170	0.5527	2.4e-04	0.5381
1244	-108.9699	-108.9699	-90.2443	0.8282	61.0564	0.5604	2.4e-04	0.5380
1245	-108.9939	-108.9939	-90.1721	0.8273	61.2070	0.5617	2.4e-04	0.5382
1246	-108.9908	-108.9908	-90.4404	0.8298	60.8075	0.5580	2.4e-04	0.5391
1247	-108.9941	-108.9941	-90.9094	0.8341	60.1129	0.5516	2.4e-04	0.5380
1248	-108.9844	-108.9844	-90.5691	0.8310	60.5691	0.5559	2.4e-04	0.5376
1249	-108.9841	-108.9841	-90.7174	0.8324	60.3784	0.5542	2.4e-04	0.5382
1250	-108.9786	-108.9786	-91.2004	0.8369	59.6321	0.5473	2.4e-04	0.5399
1251	-108.9667	-108.9667	-90.6672	0.8321	60.4169	0.5546	2.4e-04	0.5392
1252	-108.9830	-108.9830	-91.0959	0.8359	59.8058	0.5489	2.4e-04	0.5391
1253	-108.9924	-108.9924	-91.3595	0.8382	59.4185	0.5453	2.4e-04	0.5399
1254	-108.9798	-108.9798	-90.5180	0.8306	60.6492	0.5567	2.4e-04	0.5373
1255	-108.9999	-108.9999	-91.0368	0.8352	59.9233	0.5499	2.4e-04	0.5393
1256	-108.9831	-108.9831	-91.0284	0.8353	59.8729	0.5495	2.4e-04	0.5392
1257	-108.9773	-108.9773	-90.5777	0.8312	60.5820	0.5560	2.4e-04	0.5391
1258	-108.9827	-108.9827	-91.0129	0.8351	59.9177	0.5500	2.4e-04	0.5391
1259	-108.9789	-108.9789	-90.8597	0.8337	60.1478	0.5521	2.4e-04	0.5388
1260	-108.9724	-108.9724	-90.6541	0.8319	60.4509	0.5549	2.4e-04	0.5393
1261	-108.9915	-108.9915	-90.7772	0.8329	60.2984	0.5534	2.4e-04	0.5398
1262	-108.9966	-108.9966	-90.7783	0.8329	60.3023	0.5534	2.4e-04	0.5392
1263	-108.9736	-108.9736	-91.3113	0.8379	59.4613	0.5458	2.4e-04	0.5396
1264	-108.9918	-108.9918	-91.0381	0.8353	59.9054	0.5498	2.4e-04	0.5374
1265	-108.9902	-108.9902	-90.6597	0.8318	60.4613	0.5549	2.4e-04	0.5380
1266	-108.9891	-108.9891	-91.0702	0.8356	59.8419	0.5492	2.4e-04	0.5378
1267	-108.9932	-108.9932	-91.4697	0.8392	59.2487	0.5438	2.4e-04	0.5386
1268	-108.9872	-108.9872	-91.0275	0.8352	59.9104	0.5499	2.4e-04	0.5377
1269	-108.9941	-108.9941	-91.4911	0.8394	59.2046	0.5434	2.4e-04	0.5382
1270	-108.9680	-108.9680	-91.0593	0.8357	59.8154	0.5491	2.4e-04	0.5386
1271	-108.9892	-108.9892	-90.2881	0.8284	61.0244	0.5600	2.4e-04	0.5375
1272	-109.0175	-109.0175	-91.6168	0.8404	59.0650	0.5420	2.4e-04	0.5377
1273	-108.9859	-108.9859	-91.4265	0.8389	59.3020	0.5443	2.4e-04	0.5372
1274	-108.9840	-108.9840	-90.5977	0.8313	60.5400	0.5557	2.4e-04	0.5387
1275	-108.9844	-108.9844	-91.2698	0.8375	59.5321	0.5464	2.4e-04	0.5385
1276	-108.9904	-108.9904	-91.0857	0.8357	59.8316	0.5491	2.4e-04	0.5377
1277	-108.9748	-108.9748	-91.0269	0.8353	59.8873	0.5497	2.4e-04	0.5394
1278	-108.9767	-108.9767	-90.7399	0.8327	60.3238	0.5537	2.4e-04	0.5381
1279	-108.9844	-108.9844	-90.5642	0.8310	60.6121	0.5563	2.4e-04	0.5373
1280	-108.9782	-108.9782	-90.6107	0.8315	60.4768	0.5551	2.4e-04	0.5379
1281	-108.9735	-108.9735	-90.8830	0.8340	60.1000	0.5517	2.4e-04	0.5379
1282	-108.9926	-108.9926	-91.2437	0.8372	59.5833	0.5468	2.4e-04	0.5384
1283	-108.9985	-108.9985	-90.7738	0.8328	60.3080	0.5535	2.4e-04	0.5383
1284	-108.9858	-108.9858	-91.1293	0.8362	59.7532	0.5484	2.4e-04	0.5382
1285	-108.9856	-108.9856	-90.5103	0.8305	60.6848	0.5570	2.4e-04	0.5388
1286	-108.9961	-108.9961	-90.9542	0.8345	60.0130	0.5508	2.4e-04	0.5375
1287	-108.9695	-108.9695	-91.0392	0.8355	59.8687	0.5495	2.4e-04	0.5390
1288	-108.9942	-108.9942	-90.8395	0.8334	60.2127	0.5526	2.4e-04	0.5386
1289	-108.9897	-108.9897	-90.4438	0.8298	60.7885	0.5579	2.4e-04	0.5400
1290	-108.9835	-108.9835	-90.5924	0.8312	60.5616	0.5559	2.4e-04	0.5395
1291	-108.9865	-108.9865	-90.6444	0.8317	60.4875	0.5552	2.4e-04	0.5402
1292	-108.9898	-108.9898	-91.5154	0.8397	59.1704	0.5431	2.4e-04	0.5379
1293	-108.9901	-108.9901	-91.1929	0.8367	59.6713	0.5476	2.4e-04	0.5381
1294	-108.9894	-108.9894	-90.8890	0.8339	60.1204	0.5518	2.4e-04	0.5382
1295	-108.9948	-108.9948	-90.7200	0.8323	60.3933	0.5543	2.4e-04	0.5379
1296	-108.9851	-108.9851	-90.9747	0.8347	59.9692	0.5504	2.4e-04	0.5382
1297	-108.9680	-108.9680	-91.2282	0.8372	59.5608	0.5467	2.4e-04	0.5371
1298	-108.9681	-108.9681	-90.8666	0.8339	60.1121	0.5519	2.4e-04	0.5383
1299	-108.9836	-108.9836	-91.0479	0.8354	59.8801	0.5496	2.4e-04	0.5382
1300	-108.9750	-108.9750	-91.2559	0.8374	59.5431	0.5466	2.4e-04	0.5395
1301	-108.9849	-108.9849	-90.8215	0.8333	60.2229	0.5528	2.4e-04	0.5360
1302	-108.9679	-108.9679	-90.9883	0.8350	59.9420	0.5502	2.4e-04	0.5373
1303	-108.9828	-108.9828	-91.3474	0.8382	59.4124	0.5454	2.4e-04	0.5378
1304	-109.0003	-109.0003	-90.9298	0.8342	60.0846	0.5514	2.4e-04	0.5372
1305	-108.9775	-108.9775	-90.7983	0.8332	60.2323	0.5529	2.4e-04	0.5382
1306	-108.9897	-108.9897	-90.7793	0.8329	60.2835	0.5534	2.4e-04	0.5383
1307	-108.9893	-108.9893	-90.7960	0.8331	60.2684	0.5532	2.4e-04	0.5395
1308	-108.9510	-108.9510	-90.6454	0.8320	60.4193	0.5548	2.4e-04	0.5395
1309	-108.9779	-108.9779	-90.4465	0.8300	60.7702	0.5578	2.4e-04	0.5394
1310	-108.9842	-108.9842	-90.6994	0.8322	60.4026	0.5544	2.4e-04	0.5386
1311	-108.9912	-108.9912	-91.0829	0.8357	59.8214	0.5491	2.4e-04	0.5388
1312	-108.9950	-108.9950	-90.0742	0.8264	61.3479	0.5630	2.4e-04	0.5372
1313	-108.9841	-108.9841	-90.4193	0.8297	60.7974	0.5580	2.4e-04	0.5374
1314	-108.9700	-108.9700	-90.0377	0.8263	61.3678	0.5633	2.4e-04	0.5377
1315	-108.9886	-108.9886	-89.5838	0.8220	62.0460	0.5695	2.4e-04	0.5382
1316	-108.9909	-108.9909	-90.2203	0.8278	61.1222	0.5610	2.4e-04	0.5374
1317	-108.9872	-108.9872	-90.3263	0.8288	60.9573	0.5595	2.4e-04	0.5382
1318	-108.9693	-108.9693	-89.6644	0.8228	61.9061	0.5683	2.4e-04	0.5394
1319	-108.9791	-108.9791	-90.3142	0.8287	60.9739	0.5596	2.4e-04	0.5404
1320	-108.9730	-108.9730	-89.7883	0.8239	61.7311	0.5666	2.4e-04	0.5394
1321	-108.9853	-108.9853	-89.2597	0.8190	62.5120	0.5738	2.4e-04	0.5394
1322	-108.9878	-108.9878	-89.8705	0.8246	61.6314	0.5657	2.4e-04	0.5394
1323	-108.9834	-108.9834	-88.8378	0.8151	63.1008	0.5792	2.4e-04	0.5388
1324	-108.9796	-108.9796	-89.5358	0.8216	62.0404	0.5695	2.4e-04	0.5392
1325	-108.9889	-108.9889	-88.6434	0.8133	63.3846	0.5818	2.4e-04	0.5385
1326	-108.9876	-108.9876	-89.5877	0.8220	62.0423	0.5694	2.4e-04	0.5389
1327	-108.9883	-108.9883	-88.6565	0.8134	63.3647	0.5816	2.4e-04	0.5386
1328	-108.9818	-108.9818	-88.4504	0.8116	63.6471	0.5842	2.4e-04	0.5373
1329	-108.9673	-108.9673	-88.7102	0.8141	63.2526	0.5807	2.4e-04	0.5380
1330	-108.9952	-108.9952	-88.9483	0.8161	62.9695	0.5779	2.4e-04	0.5377
1331	-108.9799	-108.9799	-88.4429	0.8116	63.6477	0.5843	2.4e-04	0.5385
1332	-108.9732	-108.9732	-87.9538	0.8071	64.3167	0.5904	2.4e-04	0.5377
1333	-108.9723	-108.9723	-87.7963	0.8057	64.5252	0.5923	2.4e-04	0.5373
1334	-108.9945	-108.9945	-88.5365	0.8123	63.5444	0.5832	2.4e-04	0.5389
1335	-108.9877	-108.9877	-87.6816	0.8045	64.7122	0.5939	2.4e-04	0.5373
1336	-108.9876	-108.9876	-87.6469	0.8042	64.7515	0.5944	2.4e-04	0.5374
1337	-108.9836	-108.9836	-87.5427	0.8033	64.8898	0.5956	2.4e-04	0.5375
1338	-108.9801	-108.9801	-87.9444	0.8070	64.2972	0.5902	2.4e-04	0.5379
1339	-108.9657	-108.9657	-87.1348	0.7997	65.4038	0.6004	2.4e-04	0.5391
1340	-108.9824	-108.9824	-87.0081	0.7984	65.5981	0.6022	2.4e-04	0.5381
1341	-108.9797	-108.9797	-86.6700	0.7953	66.0407	0.6062	2.4e-04	0.5384
1342	-108.9903	-108.9903	-86.1146	0.7901	66.7801	0.6129	2.4e-04	0.5383
1343	-108.9932	-108.9932	-86.2486	0.7913	66.6235	0.6114	2.4e-04	0.5377
1344	-108.9820	-108.9820	-86.0005	0.7891	66.9174	0.6142	2.4e-04	0.5386
1345	-108.9903	-108.9903	-86.1685	0.7906	66.6986	0.6122	2.4e-04	0.5401
1346	-108.9897	-108.9897	-85.9823	0.7889	66.9577	0.6145	2.4e-04	0.5390
1347	-108.9878	-108.9878	-85.7563	0.7868	67.2392	0.6172	2.4e-04	0.5383
1348	-108.9753	-108.9753	-85.9075	0.7883	67.0226	0.6153	2.4e-04	0.5375
1349	-108.9910	-108.9910	-86.5665	0.7943	66.1914	0.6076	2.4e-04	0.5384
1350	-108.9799	-108.9799	-85.5876	0.7854	67.4394	0.6190	2.4e-04	0.5383
1351	-108.9780	-108.9780	-84.8610	0.7787	68.3460	0.6273	2.4e-04	0.5377
1352	-108.9989	-108.9989	-85.6398	0.7857	67.3963	0.6186	2.4e-04	0.5380
1353	-108.9794	-108.9794	-85.9836	0.7890	66.9232	0.6143	2.4e-04	0.5396
1354	-108.9896	-108.9896	-85.7165	0.7865	67.2835	0.6176	2.4e-04	0.5391
1355	-108.9928	-108.9928	-85.9061	0.7882	67.0601	0.6154	2.4e-04	0.5378
1356	-108.9969	-108.9969	-86.5225	0.7938	66.2597	0.6082	2.4e-04	0.5373
1357	-108.9912	-108.9912	-85.7105	0.7864	67.2951	0.6177	2.4e-04	0.5379
1358	-108.9800	-108.9800	-85.6856	0.7863	67.3156	0.6179	2.4e-04	0.5382
1359	-108.9921	-108.9921	-86.2304	0.7912	66.6296	0.6116	2.4e-04	0.5383
1360	-109.0050	-109.0050	-86.3833	0.7925	66.4540	0.6099	2.4e-04	0.5375
1361	-108.9864	-108.9864	-86.7486	0.7960	65.9517	0.6054	2.4e-04	0.5372
1362	-108.9920	-108.9920	-86.3527	0.7923	66.4739	0.6102	2.4e-04	0.5378
1363	-108.9860	-108.9860	-85.8407	0.7876	67.1322	0.6161	2.4e-04	0.5380
1364	-109.0050	-109.0050	-86.1866	0.7907	66.7070	0.6122	2.4e-04	0.5375
1365	-108.9737	-108.9737	-86.3888	0.7927	66.4020	0.6095	2.4e-04	0.5379
1366	-108.9868	-108.9868	-86.1115	0.7901	66.7835	0.6129	2.4e-04	0.5379
1367	-108.9715	-108.9715	-86.5046	0.7938	66.2394	0.6081	2.4e-04	0.5380
1368	-108.9814	-108.9814	-86.8453	0.7969	65.8048	0.6041	2.4e-04	0.5381
1369	-108.9884	-108.9884	-86.8277	0.7967	65.8479	0.6043	2.4e-04	0.5371
1370	-108.9897	-108.9897	-87.0764	0.7989	65.5056	0.6014	2.4e-04	0.5376
1371	-108.9772	-108.9772	-87.0014	0.7983	65.6038	0.6022	2.4e-04	0.5380
1372	-108.9834	-108.9834	-86.5500	0.7942	66.2077	0.6077	2.4e-04	0.5376
1373	-108.9840	-108.9840	-86.9973	0.7983	65.6051	0.6022	2.4e-04	0.5379
1374	-108.9837	-108.9837	-86.8965	0.7973	65.7530	0.6035	2.4e-04	0.5385
1375	-108.9974	-108.9974	-87.5223	0.8030	64.9264	0.5960	2.4e-04	0.5382
1376	-108.9783	-108.9783	-87.0580	0.7989	65.5197	0.6014	2.4e-04	0.5388
1377	-108.9798	-108.9798	-87.3490	0.8015	65.1424	0.5980	2.4e-04	0.5394
1378	-108.9998	-108.9998	-86.5699	0.7942	66.2034	0.6076	2.4e-04	0.5387
1379	-108.9883	-108.9883	-87.2827	0.8008	65.2400	0.5988	2.4e-04	0.5396
1380	-108.9880	-108.9880	-86.9747	0.7980	65.6571	0.6026	2.4e-04	0.5390
1381	-108.9880	-108.9880	-87.2705	0.8007	65.2607	0.5990	2.4e-04	0.5399
1382	-108.9838	-108.9838	-87.1428	0.7996	65.4122	0.6005	2.3e-04	0.5375
1383	-108.9992	-108.9992	-87.1569	0.7996	65.4363	0.6005	2.3e-04	0.5374
1384	-108.9631	-108.9631	-87.0381	0.7988	65.5387	0.6016	2.3e-04	0.5372
1385	-108.9840	-108.9840	-87.1107	0.7993	65.4627	0.6009	2.3e-04	0.5373
1386	-108.9840	-108.9840	-86.9070	0.7974	65.7245	0.6034	2.3e-04	0.5376
1387	-108.9785	-108.9785	-87.0390	0.7987	65.5312	0.6016	2.3e-04	0.5383
1388	-108.9884	-108.9884	-87.6530	0.8042	64.7098	0.5940	2.3e-04	0.5379
1389	-108.9780	-108.9780	-87.2754	0.8009	65.2308	0.5988	2.3e-04	0.5386
1390	-108.9714	-108.9714	-86.3376	0.7923	66.4558	0.6101	2.3e-04	0.5399
1391	-108.9834	-108.9834	-86.6334	0.7949	66.0986	0.6067	2.3e-04	0.5389
1392	-108.9878	-108.9878	-86.2594	0.7915	66.5977	0.6112	2.3e-04	0.5396
1393	-108.9973	-108.9973	-86.8225	0.7966	65.8707	0.6045	2.3e-04	0.5390
1394	-108.9698	-108.9698	-86.2290	0.7913	66.5838	0.6113	2.3e-04	0.5375
1395	-108.9774	-108.9774	-86.5413	0.7941	66.2006	0.6077	2.3e-04	0.5371
1396	-108.9832	-108.9832	-86.9780	0.7981	65.6391	0.6025	2.3e-04	0.5377
1397	-108.9998	-108.9998	-86.2497	0.7913	66.6221	0.6114	2.3e-04	0.5381
1398	-108.9844	-108.9844	-86.6055	0.7947	66.1324	0.6070	2.3e-04	0.5370
1399	-108.9851	-108.9851	-86.3166	0.7920	66.5113	0.6105	2.3e-04	0.5374
1400	-108.9769	-108.9769	-86.3168	0.7921	66.4901	0.6104	2.3e-04	0.5370
1401	-108.9983	-108.9983	-86.3142	0.7919	66.5315	0.6106	2.3e-04	0.5364
1402	-108.9745	-108.9745	-86.6608	0.7952	66.0434	0.6062	2.3e-04	0.5392
1403	-108.9859	-108.9859	-86.4363	0.7931	66.3583	0.6091	2.3e-04	0.5390
1404	-108.9886	-108.9886	-86.0304	0.7894	66.8850	0.6139	2.3e-04	0.5390
1405	-108.9896	-108.9896	-86.2680	0.7915	66.5833	0.6111	2.3e-04	0.5386
1406	-108.9823	-108.9823	-86.1907	0.7909	66.6501	0.6119	2.3e-04	0.5389
1407	-108.9861	-108.9861	-85.5072	0.7846	67.5548	0.6200	2.3e-04	0.5402
1408	-108.9794	-108.9794	-86.8726	0.7971	65.7749	0.6038	2.3e-04	0.5381
1409	-108.9958	-108.9958	-86.4371	0.7930	66.3656	0.6091	2.3e-04	0.5394
1410	-108.9952	-108.9952	-86.2746	0.7915	66.5817	0.6111	2.3e-04	0.5389
1411	-108.9871	-108.9871	-85.8315	0.7875	67.1389	0.6162	2.3e-04	0.5398
1412	-108.9852	-108.9852	-85.7602	0.7869	67.2087	0.6169	2.3e-04	0.5396
1413	-108.9913	-108.9913	-86.8513	0.7969	65.8183	0.6041	2.3e-04	0.5377
1414	-108.9906	-108.9906	-86.9372	0.7977	65.7135	0.6031	2.3e-04	0.5400
1415	-108.9866	-108.9866	-86.7594	0.7961	65.9223	0.6051	2.3e-04	0.5399
1416	-108.9927	-108.9927	-86.4495	0.7932	66.3377	0.6089	2.3e-04	0.5386
1417	-108.9790	-108.9790	-86.7678	0.7962	65.9146	0.6050	2.3e-04	0.5390
1418	-108.9814	-108.9814	-86.2020	0.7910	66.6564	0.6118	2.3e-04	0.5396
1419	-108.9749	-108.9749	-86.5184	0.7939	66.2226	0.6079	2.3e-04	0.5396
1420	-108.9856	-108.9856	-86.6646	0.7952	66.0456	0.6063	2.3e-04	0.5380
1421	-108.9874	-108.9874	-86.4056	0.7928	66.3921	0.6094	2.3e-04	0.5387
1422	-108.9935	-108.9935	-86.4884	0.7935	66.3004	0.6085	2.3e-04	0.5390
1423	-108.9873	-108.9873	-86.5695	0.7943	66.1860	0.6075	2.3e-04	0.5382
1424	-108.9849	-108.9849	-86.4892	0.7936	66.2844	0.6084	2.3e-04	0.5380
1425	-108.9876	-108.9876	-86.1593	0.7905	66.7204	0.6124	2.3e-04	0.5390
1426	-108.9832	-108.9832	-85.7416	0.7867	67.2482	0.6173	2.3e-04	0.5380
1427	-108.9792	-108.9792	-86.5402	0.7941	66.2126	0.6077	2.3e-04	0.5380
1428	-108.9839	-108.9839	-86.1161	0.7902	66.7645	0.6128	2.3e-04	0.5391
1429	-108.9889	-108.9889	-86.4833	0.7935	66.2974	0.6085	2.3e-04	0.5392
1430	-108.9713	-108.9713	-86.3139	0.7921	66.4825	0.6103	2.3e-04	0.5393
1431	-109.0016	-109.0016	-85.8729	0.7878	67.0981	0.6158	2.3e-04	0.5392
1432	-108.9932	-108.9932	-85.9115	0.7882	67.0466	0.6154	2.3e-04	0.5387
1433	-108.9780	-108.9780	-86.5907	0.7946	66.1274	0.6070	2.3e-04	0.5386
1434	-108.9958	-108.9958	-86.5945	0.7945	66.1558	0.6072	2.3e-04	0.5382
1435	-108.9905	-108.9905	-85.9373	0.7885	67.0064	0.6151	2.3e-04	0.5384
1436	-108.9818	-108.9818	-86.7012	0.7956	66.0105	0.6059	2.3e-04	0.5382
1437	-108.9857	-108.9857	-86.3627	0.7924	66.4501	0.6100	2.3e-04	0.5382
1438	-108.9673	-108.9673	-86.4963	0.7938	66.2377	0.6080	2.3e-04	0.5379
1439	-108.9978	-108.9978	-86.1615	0.7905	66.7256	0.6124	2.3e-04	0.5384
1440	-108.9897	-108.9897	-86.3010	0.7918	66.5391	0.6107	2.3e-04	0.5370
1441	-108.9725	-108.9725	-85.9199	0.7885	67.0122	0.6151	2.3e-04	0.5377
1442	-108.9714	-108.9714	-86.9762	0.7982	65.6264	0.6024	2.3e-04	0.5376
1443	-108.9939	-108.9939	-86.3257	0.7920	66.5145	0.6105	2.3e-04	0.5375
1444	-108.9768	-108.9768	-86.0464	0.7896	66.8362	0.6136	2.3e-04	0.5373
1445	-109.0020	-109.0020	-86.1413	0.7903	66.7551	0.6127	2.3e-04	0.5384
1446	-108.9850	-108.9850	-85.6972	0.7863	67.3117	0.6178	2.3e-04	0.5380
1447	-108.9917	-108.9917	-86.1033	0.7900	66.7937	0.6131	2.3e-04	0.5372
1448	-108.9906	-108.9906	-85.2869	0.7825	67.8266	0.6226	2.3e-04	0.5370
1449	-108.9956	-108.9956	-85.7333	0.7866	67.2780	0.6175	2.3e-04	0.5382
1450	-108.9914	-108.9914	-85.4256	0.7838	67.6597	0.6210	2.3e-04	0.5381
1451	-108.9822	-108.9822	-85.1826	0.7816	67.9578	0.6238	2.3e-04	0.5383
1452	-108.9908	-108.9908	-85.2353	0.7820	67.9006	0.6232	2.3e-04	0.5378
1453	-108.9903	-108.9903	-85.5441	0.7849	67.5191	0.6196	2.3e-04	0.5387
1454	-108.9900	-108.9900	-85.3255	0.7829	67.7920	0.6222	2.3e-04	0.5381
1455	-108.9826	-108.9826	-84.9984	0.7799	68.1820	0.6258	2.3e-04	0.5386
1456	-108.9819	-108.9819	-85.6024	0.7855	67.3810	0.6185	2.3e-04	0.5385
1457	-108.9824	-108.9824	-85.4574	0.7841	67.6139	0.6206	2.3e-04	0.5382
1458	-108.9879	-108.9879	-85.1072	0.7809	68.0562	0.6247	2.3e-04	0.5397
1459	-108.9758	-108.9758	-84.9912	0.7799	68.1757	0.6258	2.3e-04	0.5398
1460	-108.9770	-108.9770	-85.4591	0.7842	67.5530	0.6201	2.3e-04	0.5378
1461	-108.9913	-108.9913	-84.6581	0.7767	68.6251	0.6298	2.3e-04	0.5383
1462	-108.9876	-108.9876	-85.6270	0.7857	67.4038	0.6187	2.3e-04	0.5383
1463	-108.9946	-108.9946	-84.7803	0.7778	68.4763	0.6284	2.3e-04	0.5378
1464	-108.9876	-108.9876	-85.1416	0.7812	68.0167	0.6243	2.3e-04	0.5380
1465	-108.9824	-108.9824	-85.5272	0.7848	67.5010	0.6195	2.3e-04	0.5375
1466	-108.9894	-108.9894	-85.0969	0.7808	68.0670	0.6248	2.3e-04	0.5368
1467	-108.9833	-108.9833	-85.3132	0.7828	67.7950	0.6223	2.3e-04	0.5377
1468	-108.9829	-108.9829	-86.0653	0.7897	66.8330	0.6134	2.3e-04	0.5391
1469	-108.9836	-108.9836	-85.7152	0.7865	67.2814	0.6175	2.3e-04	0.5399
1470	-108.9834	-108.9834	-85.3166	0.7828	67.7701	0.6220	2.3e-04	0.5393
1471	-108.9809	-108.9809	-85.5731	0.7852	67.4594	0.6192	2.3e-04	0.5380
1472	-108.9853	-108.9853	-86.4650	0.7934	66.3256	0.6087	2.3e-04	0.5367
1473	-108.9750	-108.9750	-86.1084	0.7902	66.7626	0.6129	2.3e-04	0.5375
1474	-108.9719	-108.9719	-85.4450	0.7841	67.6063	0.6206	2.3e-04	0.5377
1475	-108.9867	-108.9867	-85.0562	0.7804	68.1134	0.6251	2.3e-04	0.5380
1476	-108.9759	-108.9759	-85.4691	0.7843	67.5902	0.6204	2.3e-04	0.5378
1477	-108.9882	-108.9882	-84.1760	0.7723	69.2007	0.6352	2.3e-04	0.5377
1478	-108.9781	-108.9781	-84.7675	0.7778	68.4472	0.6283	2.3e-04	0.5390
1479	-108.9948	-108.9948	-84.7214	0.7773	68.5507	0.6291	2.3e-04	0.5397
1480	-108.9698	-108.9698	-84.8422	0.7786	68.3618	0.6275	2.3e-04	0.5396
1481	-108.9944	-108.9944	-84.5158	0.7754	68.7905	0.6314	2.3e-04	0.5400
1482	-108.9767	-108.9767	-85.1080	0.7810	68.0162	0.6244	2.3e-04	0.5397
1483	-108.9787	-108.9787	-84.8247	0.7784	68.3933	0.6278	2.3e-04	0.5402
1484	-108.9802	-108.9802	-83.3981	0.7653	70.1206	0.6435	2.3e-04	0.5398
1485	-108.9801	-108.9801	-84.1050	0.7717	69.2814	0.6359	2.3e-04	0.5390
1486	-108.9859	-108.9859	-84.4625	0.7750	68.8383	0.6318	2.3e-04	0.5403
1487	-108.9947	-108.9947	-83.7730	0.7686	69.6851	0.6396	2.3e-04	0.5390
1488	-108.9891	-108.9891	-83.3294	0.7646	70.2212	0.6445	2.3e-04	0.5395
1489	-108.9858	-108.9858	-83.8648	0.7695	69.5741	0.6386	2.3e-04	0.5403
1490	-108.9728	-108.9728	-83.7290	0.7683	69.7186	0.6400	2.3e-04	0.5401
1491	-108.9729	-108.9729	-83.6356	0.7675	69.8361	0.6411	2.3e-04	0.5399
1492	-108.9794	-108.9794	-83.4738	0.7660	70.0424	0.6429	2.3e-04	0.5390
1493	-108.9859	-108.9859	-83.2646	0.7640	70.2921	0.6452	2.3e-04	0.5394
1494	-108.9871	-108.9871	-82.4889	0.7569	71.1984	0.6535	2.3e-04	0.5390
1495	-108.9836	-108.9836	-83.1161	0.7626	70.4704	0.6468	2.3e-04	0.5388
1496	-108.9840	-108.9840	-83.7086	0.7681	69.7477	0.6402	2.3e-04	0.5398
1497	-108.9861	-108.9861	-82.5789	0.7577	71.0804	0.6524	2.3e-04	0.5393
1498	-109.0011	-109.0011	-82.3511	0.7555	71.3858	0.6551	2.3e-04	0.5387
1499	-108.9945	-108.9945	-82.4310	0.7563	71.2533	0.6540	2.3e-04	0.5384
1500	-108.9955	-108.9955	-82.1817	0.7540	71.5703	0.6569	2.3e-04	0.5380
1501	-108.9826	-108.9826	-81.4809	0.7477	72.3489	0.6641	2.3e-04	0.5371
1502	-108.9825	-108.9825	-81.8535	0.7511	71.9259	0.6602	2.3e-04	0.5390
1503	-108.9862	-108.9862	-81.6683	0.7493	72.1431	0.6621	2.3e-04	0.5393
1504	-108.9820	-108.9820	-81.8963	0.7515	71.8785	0.6598	2.3e-04	0.5383
1505	-108.9751	-108.9751	-81.4875	0.7478	72.3228	0.6639	2.3e-04	0.5400
1506	-109.0010	-109.0010	-80.9810	0.7429	72.9034	0.6692	2.3e-04	0.5397
1507	-108.9891	-108.9891	-81.3542	0.7464	72.4941	0.6653	2.3e-04	0.5386
1508	-108.9798	-108.9798	-81.0926	0.7441	72.7802	0.6681	2.3e-04	0.5384
1509	-108.9930	-108.9930	-80.8945	0.7422	73.0158	0.6701	2.3e-04	0.5393
1510	-108.9776	-108.9776	-81.3966	0.7469	72.3963	0.6646	2.3e-04	0.5383
1511	-108.9784	-108.9784	-80.8985	0.7423	72.9815	0.6699	2.3e-04	0.5380
1512	-108.9816	-108.9816	-80.5492	0.7391	73.3759	0.6735	2.3e-04	0.5383
1513	-108.9715	-108.9715	-81.0327	0.7436	72.8174	0.6685	2.3e-04	0.5373
1514	-108.9949	-108.9949	-79.7841	0.7320	74.2255	0.6813	2.3e-04	0.5378
1515	-109.0103	-109.0103	-79.3226	0.7277	74.7428	0.6859	2.3e-04	0.5400
1516	-108.9812	-108.9812	-80.8417	0.7418	73.0639	0.6706	2.3e-04	0.5406
1517	-108.9855	-108.9855	-80.6949	0.7404	73.2199	0.6721	2.3e-04	0.5397
1518	-108.9862	-108.9862	-80.4053	0.7378	73.5434	0.6751	2.3e-04	0.5391
1519	-108.9852	-108.9852	-81.0102	0.7433	72.8798	0.6689	2.3e-04	0.5386
1520	-108.9985	-108.9985	-80.2078	0.7359	73.7770	0.6771	2.3e-04	0.5381
1521	-108.9856	-108.9856	-80.4257	0.7379	73.4917	0.6746	2.3e-04	0.5385
1522	-108.9837	-108.9837	-79.7635	0.7319	74.2158	0.6812	2.3e-04	0.5388
1523	-108.9884	-108.9884	-80.8218	0.7416	73.0888	0.6709	2.3e-04	0.5400
1524	-108.9934	-108.9934	-80.3315	0.7370	73.6405	0.6759	2.3e-04	0.5396
1525	-108.9857	-108.9857	-80.3480	0.7372	73.6054	0.6756	2.3e-04	0.5399
1526	-108.9863	-108.9863	-80.3341	0.7371	73.6121	0.6757	2.3e-04	0.5397
1527	-109.0017	-109.0017	-80.2367	0.7361	73.7467	0.6769	2.3e-04	0.5400
1528	-108.9987	-108.9987	-80.2895	0.7366	73.6888	0.6763	2.3e-04	0.5393
1529	-108.9882	-108.9882	-79.4097	0.7286	74.6216	0.6849	2.3e-04	0.5389
1530	-108.9870	-108.9870	-80.1210	0.7351	73.8540	0.6779	2.3e-04	0.5372
1531	-108.9794	-108.9794	-79.8714	0.7329	74.1097	0.6803	2.3e-04	0.5381
1532	-108.9883	-108.9883	-81.2779	0.7457	72.5767	0.6662	2.3e-04	0.5378
1533	-108.9753	-108.9753	-80.4615	0.7383	73.4631	0.6743	2.3e-04	0.5392
1534	-108.9955	-108.9955	-80.0937	0.7348	73.8918	0.6782	2.3e-04	0.5385
1535	-108.9812	-108.9812	-80.0240	0.7343	73.9516	0.6788	2.3e-04	0.5390
1536	-108.9844	-108.9844	-80.6890	0.7404	73.2330	0.6722	2.3e-04	0.5378
1537	-108.9932	-108.9932	-80.0533	0.7345	73.9181	0.6785	2.3e-04	0.5385
1538	-108.9917	-108.9917	-80.6789	0.7402	73.2400	0.6723	2.3e-04	0.5385
1539	-108.9663	-108.9663	-79.7995	0.7323	74.1798	0.6809	2.3e-04	0.5377
1540	-108.9729	-108.9729	-79.4935	0.7295	74.5096	0.6840	2.3e-04	0.5378
1541	-108.9902	-108.9902	-80.1250	0.7352	73.8241	0.6777	2.3e-04	0.5378
1542	-108.9864	-108.9864	-79.9115	0.7332	74.0819	0.6800	2.3e-04	0.5392
1543	-108.9973	-108.9973	-79.4089	0.7285	74.6254	0.6849	2.3e-04	0.5398
1544	-108.9831	-108.9831	-80.1233	0.7352	73.8430	0.6778	2.3e-04	0.5387
1545	-108.9946	-108.9946	-80.2787	0.7365	73.6989	0.6764	2.3e-04	0.5377
1546	-108.9847	-108.9847	-79.9390	0.7335	74.0457	0.6796	2.3e-04	0.5379
1547	-108.9939	-108.9939	-79.4038	0.7285	74.6434	0.6850	2.3e-04	0.5385
1548	-108.9652	-108.9652	-79.4778	0.7294	74.4908	0.6838	2.3e-04	0.5382
1549	-108.9817	-108.9817	-79.6609	0.7310	74.3507	0.6824	2.3e-04	0.5395
1550	-108.9877	-108.9877	-80.6644	0.7401	73.2740	0.6725	2.3e-04	0.5387
1551	-108.9903	-108.9903	-80.0559	0.7345	73.9230	0.6786	2.3e-04	0.5398
1552	-108.9923	-108.9923	-80.2486	0.7363	73.7253	0.6767	2.3e-04	0.5383
1553	-108.9899	-108.9899	-81.2770	0.7457	72.5873	0.6662	2.3e-04	0.5384
1554	-108.9897	-108.9897	-80.0255	0.7342	73.9658	0.6788	2.3e-04	0.5385
1555	-108.9924	-108.9924	-80.7801	0.7412	73.1293	0.6712	2.3e-04	0.5385
1556	-108.9857	-108.9857	-80.7245	0.7407	73.1926	0.6718	2.3e-04	0.5375
1557	-108.9866	-108.9866	-80.3747	0.7375	73.5775	0.6754	2.3e-04	0.5384
1558	-108.9795	-108.9795	-80.3366	0.7372	73.6128	0.6757	2.3e-04	0.5390
1559	-108.9727	-108.9727	-80.9458	0.7428	72.9381	0.6695	2.3e-04	0.5380
1560	-108.9790	-108.9790	-79.7574	0.7319	74.2345	0.6814	2.3e-04	0.5372
1561	-108.9779	-108.9779	-80.2319	0.7362	73.7216	0.6767	2.3e-04	0.5389
1562	-108.9801	-108.9801	-80.3228	0.7370	73.6322	0.6758	2.3e-04	0.5395
1563	-108.9888	-108.9888	-79.9659	0.7337	74.0251	0.6794	2.3e-04	0.5397
1564	-108.9874	-108.9874	-79.6384	0.7307	74.3899	0.6827	2.3e-04	0.5378
1565	-108.9911	-108.9911	-80.3403	0.7371	73.6285	0.6757	2.3e-04	0.5385
1566	-108.9910	-108.9910	-80.0672	0.7346	73.9144	0.6785	2.3e-04	0.5404
1567	-108.9944	-108.9944	-79.6360	0.7306	74.3931	0.6827	2.3e-04	0.5398
1568	-108.9822	-108.9822	-80.6482	0.7400	73.2756	0.6726	2.3e-04	0.5398
1569	-108.9925	-108.9925	-80.8957	0.7422	73.0062	0.6701	2.3e-04	0.5388
1570	-108.9760	-108.9760	-80.7845	0.7413	73.1014	0.6711	2.3e-04	0.5388
1571	-108.9702	-108.9702	-80.8079	0.7416	73.0830	0.6708	2.3e-04	0.5384
1572	-108.9812	-108.9812	-80.4867	0.7385	73.4516	0.6742	2.3e-04	0.5374
1573	-108.9927	-108.9927	-80.7405	0.7408	73.1766	0.6717	2.3e-04	0.5388
1574	-108.9922	-108.9922	-79.9676	0.7337	74.0315	0.6794	2.3e-04	0.5387
1575	-108.9927	-108.9927	-80.5655	0.7392	73.3790	0.6735	2.3e-04	0.5384
1576	-108.9715	-108.9715	-81.0213	0.7435	72.8337	0.6687	2.3e-04	0.5386
1577	-108.9885	-108.9885	-80.1679	0.7356	73.8015	0.6774	2.3e-04	0.5384
1578	-108.9940	-108.9940	-80.5992	0.7395	73.3349	0.6730	2.3e-04	0.5393
1579	-108.9850	-108.9850	-80.2491	0.7363	73.7209	0.6766	2.3e-04	0.5405
1580	-108.9680	-108.9680	-80.4190	0.7380	73.5104	0.6748	2.3e-04	0.5388
1581	-108.9943	-108.9943	-80.2429	0.7362	73.7079	0.6765	2.3e-04	0.5386
1582	-108.9894	-108.9894	-80.7594	0.7410	73.1662	0.6715	2.3e-04	0.5381
1583	-108.9853	-108.9853	-80.5888	0.7394	73.3550	0.6732	2.3e-04	0.5382
1584	-108.9790	-108.9790	-81.1631	0.7448	72.7094	0.6673	2.3e-04	0.5384
1585	-108.9870	-108.9870	-80.7495	0.7409	73.1705	0.6716	2.3e-04	0.5392
1586	-108.9826	-108.9826	-80.6606	0.7401	73.2651	0.6725	2.3e-04	0.5396
1587	-108.9935	-108.9935	-80.6872	0.7403	73.2452	0.6723	2.3e-04	0.5385
1588	-108.9868	-108.9868	-81.0968	0.7441	72.7738	0.6680	2.3e-04	0.5380
1589	-108.9870	-108.9870	-80.5742	0.7393	73.3658	0.6734	2.3e-04	0.5387
1590	-108.9731	-108.9731	-80.8071	0.7415	73.0861	0.6709	2.3e-04	0.5382
1591	-108.9997	-108.9997	-81.2217	0.7452	72.6477	0.6668	2.3e-04	0.5382
1592	-108.9944	-108.9944	-79.8068	0.7322	74.2128	0.6811	2.3e-04	0.5393
1593	-108.9736	-108.9736	-81.0657	0.7439	72.8074	0.6683	2.3e-04	0.5396
1594	-108.9843	-108.9843	-80.1852	0.7358	73.7896	0.6772	2.3e-04	0.5406
1595	-108.9852	-108.9852	-81.0275	0.7435	72.8557	0.6686	2.3e-04	0.5388
1596	-108.9840	-108.9840	-80.3755	0.7375	73.5721	0.6753	2.3e-04	0.5385
1597	-108.9803	-108.9803	-80.3975	0.7377	73.5354	0.6750	2.3e-04	0.5383
1598	-108.9836	-108.9836	-80.3354	0.7371	73.6001	0.6756	2.3e-04	0.5382
1599	-108.9936	-108.9936	-80.7227	0.7406	73.2076	0.6719	2.3e-04	0.5391
1600	-108.9859	-108.9859	-80.4940	0.7386	73.4283	0.6740	2.3e-04	0.5381
1601	-108.9698	-108.9698	-80.8261	0.7417	73.0758	0.6707	2.3e-04	0.5371
1602	-108.9921	-108.9921	-80.8380	0.7417	73.0797	0.6707	2.3e-04	0.5399
1603	-108.9884	-108.9884	-80.9720	0.7429	72.9198	0.6693	2.3e-04	0.5403
1604	-108.9965	-108.9965	-80.9223	0.7424	73.0009	0.6699	2.3e-04	0.5399
1605	-108.9844	-108.9844	-80.6907	0.7404	73.2293	0.6722	2.3e-04	0.5403
1606	-108.9862	-108.9862	-80.9614	0.7429	72.9158	0.6693	2.3e-04	0.5388
1607	-108.9980	-108.9980	-81.1138	0.7442	72.7863	0.6680	2.3e-04	0.5389
1608	-108.9944	-108.9944	-80.1466	0.7353	73.8357	0.6777	2.3e-04	0.5397
1609	-108.9770	-108.9770	-81.2582	0.7456	72.5939	0.6663	2.3e-04	0.5392
1610	-108.9870	-108.9870	-80.8494	0.7418	73.0654	0.6706	2.3e-04	0.5390
1611	-108.9705	-108.9705	-81.4018	0.7470	72.4202	0.6648	2.3e-04	0.5385
1612	-108.9963	-108.9963	-80.8112	0.7414	73.1178	0.6710	2.3e-04	0.5382
1613	-108.9830	-108.9830	-80.3789	0.7375	73.5671	0.6753	2.3e-04	0.5393
1614	-108.9788	-108.9788	-80.8350	0.7418	73.0420	0.6705	2.3e-04	0.5385
1615	-108.9984	-108.9984	-81.4783	0.7475	72.3752	0.6642	2.3e-04	0.5378
1616	-108.9766	-108.9766	-81.4925	0.7478	72.3295	0.6639	2.3e-04	0.5380
1617	-108.9899	-108.9899	-81.1095	0.7442	72.7806	0.6679	2.3e-04	0.5385
1618	-108.9796	-108.9796	-80.8062	0.7415	73.1010	0.6709	2.3e-04	0.5398
1619	-108.9824	-108.9824	-81.4032	0.7469	72.4179	0.6648	2.3e-04	0.5398
1620	-108.9881	-108.9881	-80.0128	0.7341	73.9803	0.6790	2.3e-04	0.5394
1621	-108.9793	-108.9793	-82.4945	0.7570	71.1823	0.6534	2.3e-04	0.5394
1622	-108.9731	-108.9731	-80.8557	0.7420	73.0426	0.6704	2.3e-04	0.5382
1623	-109.0065	-109.0065	-80.2604	0.7363	73.7095	0.6765	2.3e-04	0.5380
1624	-108.9921	-108.9921	-81.5282	0.7480	72.3055	0.6637	2.3e-04	0.5377
1625	-108.9774	-108.9774	-81.4496	0.7474	72.3716	0.6643	2.3e-04	0.5378
1626	-108.9753	-108.9753	-81.3017	0.7461	72.4982	0.6655	2.3e-04	0.5385
1627	-108.9866	-108.9866	-80.1520	0.7354	73.8260	0.6776	2.3e-04	0.5390
1628	-108.9883	-108.9883	-80.5633	0.7392	73.3773	0.6735	2.3e-04	0.5397
1629	-108.9900	-108.9900	-80.5909	0.7394	73.3444	0.6732	2.3e-04	0.5392
1630	-108.9882	-108.9882	-80.3135	0.7369	73.6448	0.6760	2.3e-04	0.5385
1631	-108.9775	-108.9775	-80.4588	0.7383	73.4773	0.6744	2.3e-04	0.5384
1632	-108.9900	-108.9900	-80.8171	0.7415	73.0951	0.6709	2.3e-04	0.5373
1633	-108.9909	-108.9909	-80.8502	0.7418	73.0664	0.6706	2.3e-04	0.5373
1634	-108.9834	-108.9834	-80.0345	0.7344	73.9401	0.6787	2.3e-04	0.5382
1635	-108.9975	-108.9975	-80.2090	0.7359	73.7694	0.6771	2.3e-04	0.5372
1636	-108.9961	-108.9961	-79.4265	0.7287	74.6197	0.6848	2.3e-04	0.5375
1637	-108.9820	-108.9820	-80.1391	0.7353	73.8278	0.6776	2.3e-04	0.5378
1638	-108.9922	-108.9922	-80.2237	0.7361	73.7492	0.6768	2.3e-04	0.5373
1639	-108.9776	-108.9776	-79.8299	0.7325	74.1603	0.6807	2.3e-04	0.5392
1640	-108.9838	-108.9838	-80.4992	0.7386	73.4257	0.6740	2.3e-04	0.5380
1641	-108.9843	-108.9843	-79.3441	0.7280	74.6739	0.6855	2.3e-04	0.5392
1642	-108.9946	-108.9946	-80.1299	0.7352	73.8545	0.6779	2.3e-04	0.5386
1643	-108.9685	-108.9685	-80.3545	0.7374	73.5797	0.6754	2.3e-04	0.5380
1644	-108.9907	-108.9907	-80.3050	0.7368	73.6604	0.6761	2.3e-04	0.5384
1645	-108.9923	-108.9923	-80.1447	0.7353	73.8351	0.6777	2.3e-04	0.5379
1646	-109.0019	-109.0019	-79.6572	0.7308	74.3510	0.6824	2.3e-04	0.5390
1647	-108.9910	-108.9910	-79.4406	0.7289	74.5729	0.6845	2.3e-04	0.5383
1648	-108.9809	-108.9809	-79.4235	0.7288	74.5987	0.6847	2.3e-04	0.5386
1649	-108.9765	-108.9765	-79.1367	0.7262	74.9012	0.6875	2.3e-04	0.5408
1650	-108.9824	-108.9824	-79.1163	0.7260	74.9182	0.6877	2.3e-04	0.5385
1651	-108.9919	-108.9919	-78.7125	0.7222	75.3619	0.6917	2.3e-04	0.5384
1652	-108.9946	-108.9946	-79.2426	0.7270	74.8030	0.6866	2.3e-04	0.5373
1653	-108.9866	-108.9866	-78.9828	0.7247	75.0434	0.6888	2.3e-04	0.5392
1654	-108.9775	-108.9775	-79.1501	0.7263	74.8877	0.6874	2.3e-04	0.5386
1655	-108.9795	-108.9795	-79.0892	0.7257	74.9457	0.6879	2.3e-04	0.5385
1656	-109.0154	-109.0154	-77.8568	0.7142	76.2689	0.7000	2.3e-04	0.5377
1657	-108.9901	-108.9901	-78.9584	0.7245	75.0943	0.6892	2.3e-04	0.5390
1658	-108.9827	-108.9827	-78.3987	0.7194	75.6409	0.6943	2.3e-04	0.5388
1659	-108.9770	-108.9770	-78.8244	0.7233	75.2260	0.6905	2.3e-04	0.5391
1660	-108.9961	-108.9961	-78.4211	0.7195	75.6624	0.6945	2.3e-04	0.5387
1661	-108.9978	-108.9978	-79.0325	0.7251	75.0430	0.6887	2.3e-04	0.5386
1662	-108.9893	-108.9893	-78.8324	0.7233	75.2256	0.6904	2.3e-04	0.5379
1663	-108.9935	-108.9935	-79.5857	0.7302	74.4304	0.6832	2.3e-04	0.5387
1664	-109.0106	-109.0106	-78.6422	0.7214	75.4610	0.6924	2.3e-04	0.5374
1665	-108.9761	-108.9761	-78.4223	0.7196	75.6380	0.6943	2.3e-04	0.5382
1666	-108.9966	-108.9966	-78.7397	0.7224	75.3355	0.6914	2.2e-04	0.5398
1667	-108.9817	-108.9817	-78.4525	0.7199	75.6062	0.6940	2.2e-04	0.5449
1668	-108.9882	-108.9882	-78.4094	0.7194	75.6753	0.6946	2.2e-04	0.5383
1669	-108.9987	-108.9987	-79.7076	0.7313	74.3169	0.6820	2.2e-04	0.5387
1670	-108.9929	-108.9929	-78.8341	0.7233	75.2415	0.6905	2.2e-04	0.5386
1671	-108.9960	-108.9960	-78.3315	0.7187	75.7614	0.6954	2.2e-04	0.5378
1672	-108.9925	-108.9925	-78.8426	0.7234	75.2192	0.6903	2.2e-04	0.5372
1673	-108.9782	-108.9782	-79.1344	0.7261	74.8652	0.6872	2.2e-04	0.5378
1674	-108.9578	-108.9578	-78.6773	0.7221	75.3631	0.6918	2.2e-04	0.5380
1675	-108.9661	-108.9661	-79.1040	0.7260	74.9210	0.6877	2.2e-04	0.5377
1676	-108.9713	-108.9713	-77.6709	0.7128	76.4096	0.7014	2.2e-04	0.5370
1677	-108.9748	-108.9748	-79.0209	0.7251	75.0034	0.6886	2.2e-04	0.5379
1678	-108.9693	-108.9693	-77.7588	0.7136	76.3023	0.7004	2.2e-04	0.5382
1679	-108.9889	-108.9889	-77.3045	0.7093	76.7968	0.7049	2.2e-04	0.5379
1680	-108.9702	-108.9702	-77.7204	0.7132	76.3595	0.7009	2.2e-04	0.5388
1681	-108.9906	-108.9906	-78.0620	0.7162	76.0338	0.6978	2.2e-04	0.5370
1682	-108.9866	-108.9866	-76.7969	0.7046	77.3042	0.7096	2.2e-04	0.5385
1683	-108.9773	-108.9773	-77.0806	0.7073	77.0101	0.7069	2.2e-04	0.5384
1684	-108.9859	-108.9859	-76.9871	0.7064	77.1203	0.7078	2.2e-04	0.5379
1685	-108.9870	-108.9870	-76.9600	0.7061	77.0977	0.7077	2.2e-04	0.5382
1686	-108.9774	-108.9774	-77.3681	0.7099	76.7124	0.7042	2.2e-04	0.5376
1687	-108.9747	-108.9747	-76.6384	0.7033	77.4327	0.7108	2.2e-04	0.5381
1688	-108.9743	-108.9743	-75.8880	0.6964	78.1604	0.7174	2.2e-04	0.5380
1689	-108.9969	-108.9969	-76.5820	0.7026	77.5236	0.7115	2.2e-04	0.5380
1690	-108.9886	-108.9886	-76.6891	0.7036	77.4212	0.7105	2.2e-04	0.5378
1691	-108.9803	-108.9803	-77.2795	0.7091	76.8202	0.7051	2.2e-04	0.5384
1692	-108.9728	-108.9728	-76.4955	0.7020	77.5869	0.7122	2.2e-04	0.5366
1693	-108.9885	-108.9885	-76.4825	0.7017	77.6176	0.7123	2.2e-04	0.5383
1694	-108.9870	-108.9871	-75.2770	0.6907	78.7902	0.7231	2.2e-04	0.5376
1695	-108.9737	-108.9738	-75.3507	0.6915	78.6919	0.7224	2.2e-04	0.5388
1696	-108.9812	-108.9812	-75.8636	0.6961	78.1976	0.7177	2.2e-04	0.5377
1697	-108.9881	-108.9881	-76.3060	0.7001	77.7798	0.7139	2.2e-04	0.5382
1698	-108.9893	-108.9894	-74.9035	0.6873	79.1520	0.7264	2.2e-04	0.5392
1699	-108.9819	-108.9819	-75.8215	0.6957	78.2559	0.7183	2.2e-04	0.5393
1700	-108.9931	-108.9931	-76.1456	0.6986	77.9362	0.7153	2.2e-04	0.5390
1701	-108.9902	-108.9902	-76.3699	0.7007	77.7301	0.7134	2.2e-04	0.5374
1702	-108.9740	-108.9740	-76.2609	0.6998	77.8216	0.7143	2.2e-04	0.5395
1703	-108.9797	-108.9797	-76.7688	0.7044	77.3119	0.7096	2.2e-04	0.5391
1704	-108.9764	-108.9764	-76.3096	0.7002	77.7722	0.7139	2.2e-04	0.5382
1705	-108.9573	-108.9573	-75.8421	0.6961	78.2165	0.7180	2.2e-04	0.5395
1706	-108.9910	-108.9911	-75.1234	0.6893	78.9395	0.7245	2.2e-04	0.5380
1707	-109.0007	-109.0010	-74.4008	0.6826	79.6158	0.7308	2.2e-04	0.5387
1708	-108.9717	-108.9717	-75.8781	0.6963	78.1575	0.7175	2.2e-04	0.5395
1709	-108.9884	-108.9884	-76.7345	0.7041	77.3433	0.7099	2.2e-04	0.5389
1710	-108.9819	-108.9819	-76.2481	0.6996	77.8447	0.7145	2.2e-04	0.5396
1711	-108.9756	-108.9757	-75.3146	0.6911	78.7223	0.7226	2.2e-04	0.5392
1712	-108.9850	-108.9850	-75.3254	0.6912	78.7382	0.7227	2.2e-04	0.5382
1713	-108.9900	-108.9903	-74.5661	0.6842	79.4580	0.7293	2.2e-04	0.5389
1714	-108.9809	-108.9811	-74.6674	0.6851	79.3512	0.7284	2.2e-04	0.5378
1715	-108.9783	-108.9784	-74.8416	0.6868	79.1909	0.7268	2.2e-04	0.5381
1716	-108.9914	-108.9916	-74.9805	0.6879	79.0454	0.7255	2.2e-04	0.5373
1717	-108.9977	-108.9977	-75.8571	0.6960	78.2476	0.7181	2.2e-04	0.5389
1718	-109.0042	-109.0042	-76.1942	0.6990	77.9100	0.7150	2.2e-04	0.5397
1719	-108.9734	-108.9734	-75.5389	0.6932	78.4890	0.7204	2.2e-04	0.5396
1720	-108.9868	-108.9869	-75.5686	0.6934	78.5053	0.7206	2.2e-04	0.5387
1721	-108.9779	-108.9779	-76.4313	0.7013	77.6540	0.7128	2.2e-04	0.5400
1722	-108.9831	-108.9831	-76.3429	0.7005	77.7403	0.7135	2.2e-04	0.5384
1723	-108.9746	-108.9746	-75.9174	0.6967	78.1334	0.7171	2.2e-04	0.5388
1724	-108.9984	-108.9984	-76.1861	0.6990	77.9181	0.7151	2.2e-04	0.5382
1725	-108.9742	-108.9742	-76.6005	0.7029	77.4864	0.7112	2.2e-04	0.5392
1726	-108.9975	-108.9975	-77.3686	0.7098	76.7509	0.7043	2.2e-04	0.5391
1727	-108.9967	-108.9967	-76.4807	0.7017	77.6232	0.7125	2.2e-04	0.5395
1728	-108.9844	-108.9844	-77.3753	0.7100	76.6981	0.7039	2.2e-04	0.5387
1729	-108.9980	-108.9980	-76.9125	0.7056	77.2018	0.7085	2.2e-04	0.5386
1730	-108.9985	-108.9985	-76.4126	0.7010	77.6714	0.7128	2.2e-04	0.5384
1731	-108.9792	-108.9792	-77.9490	0.7153	76.1366	0.6988	2.2e-04	0.5391
1732	-109.0055	-109.0055	-77.5713	0.7116	76.5524	0.7025	2.2e-04	0.5379
1733	-108.9876	-108.9876	-77.9405	0.7151	76.1565	0.6989	2.2e-04	0.5389
1734	-108.9960	-108.9960	-78.0952	0.7165	76.0130	0.6976	2.2e-04	0.5381
1735	-108.9896	-108.9896	-78.0599	0.7162	76.0310	0.6979	2.2e-04	0.5380
1736	-108.9964	-108.9964	-78.0786	0.7163	75.9837	0.6973	2.2e-04	0.5391
1737	-108.9868	-108.9868	-78.3582	0.7190	75.7215	0.6950	2.2e-04	0.5403
1738	-109.0131	-109.0131	-79.3696	0.7281	74.6954	0.6855	2.2e-04	0.5379
1739	-108.9815	-108.9815	-77.4526	0.7107	76.6438	0.7035	2.2e-04	0.5381
1740	-108.9791	-108.9791	-79.8264	0.7325	74.1658	0.6808	2.2e-04	0.5378
1741	-108.9886	-108.9886	-79.3096	0.7277	74.7227	0.6858	2.2e-04	0.5379
1742	-108.9913	-108.9913	-78.6850	0.7219	75.3916	0.6919	2.2e-04	0.5382
1743	-108.9818	-108.9818	-79.2644	0.7273	74.7708	0.6863	2.2e-04	0.5377
1744	-108.9897	-108.9897	-79.6805	0.7311	74.3375	0.6822	2.2e-04	0.5388
1745	-108.9863	-108.9863	-78.3973	0.7193	75.6947	0.6947	2.2e-04	0.5406
1746	-108.9877	-108.9877	-78.6798	0.7219	75.3875	0.6920	2.2e-04	0.5403
1747	-108.9935	-108.9935	-78.8748	0.7237	75.1654	0.6898	2.2e-04	0.5380
1748	-108.9707	-108.9707	-80.8077	0.7416	73.0478	0.6706	2.2e-04	0.5385
1749	-108.9835	-108.9835	-79.5901	0.7303	74.4252	0.6831	2.2e-04	0.5382
1750	-108.9744	-108.9744	-80.0631	0.7347	73.8801	0.6782	2.2e-04	0.5373
1751	-108.9810	-108.9810	-79.0705	0.7255	74.9741	0.6882	2.2e-04	0.5374
1752	-108.9771	-108.9771	-79.3461	0.7281	74.6889	0.6855	2.2e-04	0.5369
1753	-108.9856	-108.9856	-80.6040	0.7396	73.3160	0.6730	2.2e-04	0.5386
1754	-108.9930	-108.9930	-80.3079	0.7368	73.6191	0.6757	2.2e-04	0.5385
1755	-108.9932	-108.9932	-80.2615	0.7364	73.6857	0.6763	2.2e-04	0.5376
1756	-108.9894	-108.9894	-80.2377	0.7362	73.6277	0.6758	2.2e-04	0.5374
1757	-108.9848	-108.9848	-80.6661	0.7402	73.2472	0.6723	2.2e-04	0.5388
1758	-108.9804	-108.9804	-80.2805	0.7367	73.6678	0.6761	2.2e-04	0.5386
1759	-108.9908	-108.9908	-80.6689	0.7401	73.2577	0.6723	2.2e-04	0.5399
1760	-108.9835	-108.9835	-81.2246	0.7453	72.6216	0.6666	2.2e-04	0.5391
1761	-108.9836	-108.9836	-81.7437	0.7501	72.0500	0.6614	2.2e-04	0.5384
1762	-108.9936	-108.9936	-80.9095	0.7423	73.0013	0.6700	2.2e-04	0.5378
1763	-108.9833	-108.9833	-80.3350	0.7371	73.6029	0.6756	2.2e-04	0.5380
1764	-108.9888	-108.9888	-80.6560	0.7400	73.2793	0.6726	2.2e-04	0.5374
1765	-109.0096	-109.0096	-80.8889	0.7420	73.0412	0.6704	2.2e-04	0.5379
1766	-108.9962	-108.9962	-80.5381	0.7389	73.4162	0.6738	2.2e-04	0.5377
1767	-108.9907	-108.9907	-81.2215	0.7452	72.6539	0.6668	2.2e-04	0.5381
1768	-109.0111	-109.0111	-80.4151	0.7377	73.5729	0.6751	2.2e-04	0.5380
1769	-108.9941	-108.9941	-80.8356	0.7417	73.0875	0.6708	2.2e-04	0.5393
1770	-108.9799	-108.9799	-81.4523	0.7474	72.3811	0.6644	2.2e-04	0.5373
1771	-108.9843	-108.9843	-81.7690	0.7503	72.0243	0.6611	2.2e-04	0.5378
1772	-108.9783	-108.9783	-81.5601	0.7484	72.2325	0.6631	2.2e-04	0.5399
1773	-108.9731	-108.9731	-81.8756	0.7513	71.8905	0.6599	2.2e-04	0.5388
1774	-108.9915	-108.9915	-82.1964	0.7542	71.5381	0.6566	2.2e-04	0.5383
1775	-109.0046	-109.0046	-82.2624	0.7547	71.4454	0.6557	2.2e-04	0.5378
1776	-108.9891	-108.9891	-81.8274	0.7508	71.9653	0.6605	2.2e-04	0.5366
1777	-108.9839	-108.9839	-81.0627	0.7438	72.8062	0.6683	2.2e-04	0.5381
1778	-108.9898	-108.9898	-81.5721	0.7484	72.2326	0.6630	2.2e-04	0.5374
1779	-108.9847	-108.9847	-81.9007	0.7515	71.8749	0.6597	2.2e-04	0.5384
1780	-108.9753	-108.9753	-81.6278	0.7490	72.1429	0.6622	2.2e-04	0.5387
1781	-108.9746	-108.9746	-81.8190	0.7508	71.9568	0.6605	2.2e-04	0.5396
1782	-108.9984	-108.9984	-81.3520	0.7464	72.5125	0.6655	2.2e-04	0.5388
1783	-108.9789	-108.9789	-82.0307	0.7527	71.7124	0.6583	2.2e-04	0.5392
1784	-108.9885	-108.9885	-81.9375	0.7518	71.8344	0.6594	2.2e-04	0.5382
1785	-108.9651	-108.9651	-82.3428	0.7557	71.3377	0.6549	2.2e-04	0.5384
1786	-108.9932	-108.9932	-81.8593	0.7511	71.9321	0.6602	2.2e-04	0.5371
1787	-108.9820	-108.9820	-81.6060	0.7488	72.2051	0.6628	2.2e-04	0.5381
1788	-108.9963	-108.9963	-81.5876	0.7485	72.2569	0.6631	2.2e-04	0.5393
1789	-108.9844	-108.9844	-81.2893	0.7459	72.5588	0.6660	2.2e-04	0.5401
1790	-108.9868	-108.9868	-82.0744	0.7531	71.6801	0.6579	2.2e-04	0.5392
1791	-108.9936	-108.9936	-82.2229	0.7544	71.5165	0.6564	2.2e-04	0.5383
1792	-108.9865	-108.9865	-81.1674	0.7447	72.6658	0.6669	2.2e-04	0.5379
1793	-108.9853	-108.9853	-81.2840	0.7458	72.5843	0.6661	2.2e-04	0.5383
1794	-108.9821	-108.9821	-81.1415	0.7445	72.7296	0.6675	2.2e-04	0.5385
1795	-109.0028	-109.0028	-82.0674	0.7529	71.7045	0.6581	2.2e-04	0.5383
1796	-108.9936	-108.9936	-82.3642	0.7557	71.3597	0.6549	2.2e-04	0.5386
1797	-108.9874	-108.9874	-82.3408	0.7555	71.3593	0.6550	2.2e-04	0.5388
1798	-108.9831	-108.9831	-82.3065	0.7552	71.4086	0.6555	2.2e-04	0.5405
1799	-108.9945	-108.9945	-81.4008	0.7468	72.4411	0.6648	2.2e-04	0.5390
1800	-108.9894	-108.9894	-81.5779	0.7485	72.2502	0.6631	2.2e-04	0.5385
1801	-108.9866	-108.9866	-81.8734	0.7512	71.9107	0.6600	2.2e-04	0.5372
1802	-108.9890	-108.9890	-82.5709	0.7576	71.1069	0.6526	2.2e-04	0.5400
1803	-108.9790	-108.9790	-82.2470	0.7547	71.4749	0.6561	2.2e-04	0.5394
1804	-108.9997	-108.9997	-82.7097	0.7588	70.9428	0.6511	2.2e-04	0.5390
1805	-109.0038	-109.0038	-82.0643	0.7529	71.6823	0.6579	2.2e-04	0.5401
1806	-108.9843	-108.9843	-82.0770	0.7531	71.6794	0.6579	2.2e-04	0.5389
1807	-108.9878	-108.9878	-82.4137	0.7562	71.2940	0.6544	2.2e-04	0.5403
1808	-108.9899	-108.9899	-81.7462	0.7500	72.0541	0.6614	2.2e-04	0.5369
1809	-108.9829	-108.9829	-81.7815	0.7504	72.0107	0.6609	2.2e-04	0.5399
1810	-108.9809	-108.9809	-82.3692	0.7558	71.3394	0.6548	2.2e-04	0.5386
1811	-108.9962	-108.9962	-81.7052	0.7496	72.1051	0.6618	2.2e-04	0.5380
1812	-108.9959	-108.9959	-82.2259	0.7544	71.5134	0.6564	2.2e-04	0.5373
1813	-108.9788	-108.9788	-82.1221	0.7536	71.6085	0.6573	2.2e-04	0.5382
1814	-108.9843	-108.9843	-82.1631	0.7539	71.5677	0.6569	2.2e-04	0.5378
1815	-108.9864	-108.9864	-81.8558	0.7511	71.9219	0.6601	2.2e-04	0.5371
1816	-108.9774	-108.9774	-82.6144	0.7581	71.0421	0.6521	2.2e-04	0.5392
1817	-108.9855	-108.9855	-81.6356	0.7490	72.1819	0.6625	2.2e-04	0.5395
1818	-108.9732	-108.9732	-82.4297	0.7564	71.2508	0.6541	2.2e-04	0.5387
1819	-108.9938	-108.9938	-82.0607	0.7529	71.7101	0.6581	2.2e-04	0.5380
1820	-108.9885	-108.9885	-82.8317	0.7600	70.7865	0.6497	2.2e-04	0.5378
1821	-108.9775	-108.9775	-82.6728	0.7586	70.9777	0.6515	2.2e-04	0.5390
1822	-108.9956	-108.9956	-82.0367	0.7527	71.7347	0.6584	2.2e-04	0.5381
1823	-108.9910	-108.9910	-82.5924	0.7578	71.0603	0.6522	2.2e-04	0.5372
1824	-108.9958	-108.9958	-82.3550	0.7556	71.3736	0.6550	2.2e-04	0.5388
1825	-108.9932	-108.9932	-82.3684	0.7557	71.3481	0.6548	2.2e-04	0.5398
1826	-108.9854	-108.9854	-81.8976	0.7515	71.8851	0.6598	2.2e-04	0.5390
1827	-108.9804	-108.9804	-82.3940	0.7560	71.3093	0.6545	2.2e-04	0.5380
1828	-108.9841	-108.9841	-82.5718	0.7577	71.1106	0.6526	2.2e-04	0.5378
1829	-108.9731	-108.9731	-82.4475	0.7566	71.2389	0.6539	2.2e-04	0.5390
1830	-108.9995	-108.9995	-81.8108	0.7506	71.9986	0.6607	2.2e-04	0.5379
1831	-108.9749	-108.9749	-82.0497	0.7529	71.6938	0.6581	2.2e-04	0.5379
1832	-108.9927	-108.9927	-82.5838	0.7577	71.0969	0.6525	2.2e-04	0.5375
1833	-108.9906	-108.9906	-82.2795	0.7549	71.4527	0.6558	2.2e-04	0.5381
1834	-108.9687	-108.9687	-82.4352	0.7565	71.2460	0.6540	2.2e-04	0.5386
1835	-108.9723	-108.9723	-82.6528	0.7585	70.9887	0.6516	2.2e-04	0.5377
1836	-108.9897	-108.9897	-82.9223	0.7608	70.6845	0.6488	2.2e-04	0.5375
1837	-108.9844	-108.9844	-82.9741	0.7613	70.6400	0.6483	2.2e-04	0.5384
1838	-108.9661	-108.9661	-82.1985	0.7543	71.5016	0.6564	2.2e-04	0.5389
1839	-108.9739	-108.9739	-82.1616	0.7540	71.5586	0.6569	2.2e-04	0.5383
1840	-108.9830	-108.9830	-82.7863	0.7596	70.8418	0.6503	2.2e-04	0.5378
1841	-108.9803	-108.9803	-82.4551	0.7566	71.2340	0.6538	2.2e-04	0.5380
1842	-108.9850	-108.9850	-81.9337	0.7518	71.8317	0.6593	2.2e-04	0.5381
1843	-108.9679	-108.9679	-81.7723	0.7504	72.0080	0.6609	2.2e-04	0.5381
1844	-108.9987	-108.9987	-82.3359	0.7554	71.4007	0.6553	2.2e-04	0.5376
1845	-108.9864	-108.9864	-81.5304	0.7481	72.2927	0.6636	2.2e-04	0.5378
1846	-108.9745	-108.9745	-81.7835	0.7505	71.9706	0.6606	2.2e-04	0.5376
1847	-108.9930	-108.9930	-81.2356	0.7453	72.6200	0.6666	2.2e-04	0.5375
1848	-108.9877	-108.9877	-81.5587	0.7483	72.2692	0.6633	2.2e-04	0.5374
1849	-108.9690	-108.9690	-82.6970	0.7589	70.9385	0.6512	2.2e-04	0.5377
1850	-108.9858	-108.9858	-81.1335	0.7444	72.7371	0.6676	2.2e-04	0.5374
1851	-108.9979	-108.9979	-81.6272	0.7489	72.2090	0.6627	2.2e-04	0.5377
1852	-108.9998	-108.9998	-81.7772	0.7503	72.0333	0.6611	2.2e-04	0.5442
1853	-108.9881	-108.9881	-81.5077	0.7479	72.3156	0.6638	2.2e-04	0.5378
1854	-108.9898	-108.9898	-81.7080	0.7497	72.1000	0.6617	2.2e-04	0.5384
1855	-108.9775	-108.9775	-81.0475	0.7437	72.8301	0.6685	2.2e-04	0.5379
1856	-108.9690	-108.9690	-81.4794	0.7477	72.3250	0.6639	2.2e-04	0.5376
1857	-108.9880	-108.9880	-80.8212	0.7416	73.0514	0.6705	2.2e-04	0.5381
1858	-108.9814	-108.9814	-81.9251	0.7517	71.8299	0.6594	2.2e-04	0.5392
1859	-108.9818	-108.9818	-81.7005	0.7497	72.1039	0.6618	2.2e-04	0.5402
1860	-108.9732	-108.9732	-81.3112	0.7462	72.5322	0.6657	2.2e-04	0.5379
1861	-109.0021	-109.0021	-81.9475	0.7518	71.8390	0.6594	2.2e-04	0.5385
1862	-108.9940	-108.9940	-81.6259	0.7489	72.2049	0.6627	2.2e-04	0.5379
1863	-108.9830	-108.9830	-81.6362	0.7491	72.1730	0.6625	2.2e-04	0.5376
1864	-108.9885	-108.9885	-81.0622	0.7438	72.8257	0.6684	2.2e-04	0.5388
1865	-108.9779	-108.9779	-80.9142	0.7425	72.9764	0.6698	2.2e-04	0.5402
1866	-108.9778	-108.9778	-81.5293	0.7481	72.2588	0.6634	2.2e-04	0.5398
1867	-108.9931	-108.9931	-80.8775	0.7420	73.0170	0.6702	2.2e-04	0.5387
1868	-108.9780	-108.9780	-80.7185	0.7407	73.1866	0.6717	2.2e-04	0.5386
1869	-108.9826	-108.9826	-80.5272	0.7389	73.4091	0.6738	2.2e-04	0.5378
1870	-108.9993	-108.9993	-80.8404	0.7417	73.0776	0.6707	2.2e-04	0.5387
1871	-108.9726	-108.9726	-80.6774	0.7403	73.2238	0.6721	2.2e-04	0.5395
1872	-108.9899	-108.9899	-81.3010	0.7459	72.5537	0.6659	2.2e-04	0.5385
1873	-108.9757	-108.9757	-80.9716	0.7430	72.9057	0.6692	2.2e-04	0.5399
1874	-108.9908	-108.9908	-81.0804	0.7439	72.7892	0.6680	2.2e-04	0.5397
1875	-108.9837	-108.9837	-81.4963	0.7478	72.3244	0.6639	2.2e-04	0.5405
1876	-108.9859	-108.9859	-82.2606	0.7548	71.4631	0.6559	2.2e-04	0.5398
1877	-108.9814	-108.9814	-80.6163	0.7397	73.3119	0.6729	2.2e-04	0.5399
1878	-108.9658	-108.9658	-81.0818	0.7441	72.7704	0.6680	2.2e-04	0.5393
1879	-108.9912	-108.9912	-81.3728	0.7466	72.4428	0.6649	2.2e-04	0.5391
1880	-108.9765	-108.9765	-80.9664	0.7430	72.9197	0.6693	2.2e-04	0.5377
1881	-108.9945	-108.9945	-80.4048	0.7377	73.5492	0.6751	2.2e-04	0.5378
1882	-108.9932	-108.9932	-81.0206	0.7434	72.8474	0.6686	2.2e-04	0.5384
1883	-109.0053	-109.0053	-80.7989	0.7412	73.1318	0.6712	2.2e-04	0.5389
1884	-108.9945	-108.9945	-80.1795	0.7356	73.7860	0.6772	2.2e-04	0.5392
1885	-108.9844	-108.9844	-80.8927	0.7422	73.0030	0.6701	2.2e-04	0.5403
1886	-108.9933	-108.9933	-80.8742	0.7420	73.0184	0.6702	2.2e-04	0.5396
1887	-108.9957	-108.9957	-80.9788	0.7430	72.8989	0.6691	2.2e-04	0.5393
1888	-108.9865	-108.9865	-81.1478	0.7446	72.7198	0.6674	2.2e-04	0.5389
1889	-108.9918	-108.9918	-81.6203	0.7489	72.1889	0.6626	2.2e-04	0.5402
1890	-108.9821	-108.9821	-81.8580	0.7511	71.9133	0.6601	2.2e-04	0.5389
1891	-108.9863	-108.9863	-80.6356	0.7399	73.2899	0.6728	2.2e-04	0.5387
1892	-108.9982	-108.9982	-80.4112	0.7377	73.5584	0.6751	2.2e-04	0.5382
1893	-108.9787	-108.9787	-80.3980	0.7377	73.5171	0.6748	2.2e-04	0.5378
1894	-108.9922	-108.9922	-81.5332	0.7481	72.2934	0.6636	2.2e-04	0.5386
1895	-108.9986	-108.9986	-80.6602	0.7400	73.2718	0.6726	2.2e-04	0.5394
1896	-108.9896	-108.9896	-80.5794	0.7393	73.3552	0.6733	2.2e-04	0.5380
1897	-108.9946	-108.9946	-80.6228	0.7397	73.3206	0.6729	2.2e-04	0.5395
1898	-108.9833	-108.9833	-79.6849	0.7312	74.3246	0.6822	2.2e-04	0.5384
1899	-108.9882	-108.9882	-80.4713	0.7383	73.4596	0.6743	2.2e-04	0.5376
1900	-108.9786	-108.9786	-80.5968	0.7396	73.3293	0.6731	2.2e-04	0.5381
1901	-108.9812	-108.9812	-79.4141	0.7287	74.5879	0.6846	2.2e-04	0.5371
1902	-108.9873	-108.9873	-80.3435	0.7372	73.6104	0.6757	2.2e-04	0.5395
1903	-108.9842	-108.9842	-80.5680	0.7393	73.3601	0.6734	2.2e-04	0.5397
1904	-108.9827	-108.9827	-80.0018	0.7341	73.9683	0.6790	2.2e-04	0.5376
1905	-108.9874	-108.9874	-80.4380	0.7380	73.5201	0.6747	2.2e-04	0.5385
1906	-108.9909	-108.9909	-80.4384	0.7380	73.5135	0.6747	2.2e-04	0.5385
1907	-108.9811	-108.9811	-80.2819	0.7367	73.6712	0.6762	2.2e-04	0.5383
1908	-108.9869	-108.9869	-79.6672	0.7310	74.3387	0.6824	2.2e-04	0.5372
1909	-108.9854	-108.9854	-80.0931	0.7349	73.8882	0.6781	2.2e-04	0.5383
1910	-109.0000	-109.0000	-79.8120	0.7322	74.2042	0.6811	2.2e-04	0.5378
1911	-108.9841	-108.9841	-80.8392	0.7418	73.0594	0.6707	2.2e-04	0.5382
1912	-108.9857	-108.9857	-79.9756	0.7338	74.0092	0.6793	2.2e-04	0.5379
1913	-108.9785	-108.9785	-80.5229	0.7389	73.4103	0.6738	2.2e-04	0.5374
1914	-108.9865	-108.9865	-80.3871	0.7376	73.5610	0.6752	2.2e-04	0.5375
1915	-108.9810	-108.9810	-80.3967	0.7377	73.5342	0.6750	2.2e-04	0.5380
1916	-108.9802	-108.9802	-80.0141	0.7342	73.9404	0.6788	2.2e-04	0.5373
1917	-108.9747	-108.9747	-79.5353	0.7299	74.4705	0.6836	2.2e-04	0.5383
1918	-108.9910	-108.9910	-80.8780	0.7421	73.0162	0.6702	2.2e-04	0.5381
1919	-108.9636	-108.9636	-80.7082	0.7407	73.1814	0.6718	2.2e-04	0.5384
1920	-108.9833	-108.9833	-79.9070	0.7332	74.0869	0.6800	2.2e-04	0.5385
1921	-109.0003	-109.0003	-79.9966	0.7339	74.0064	0.6792	2.2e-04	0.5383
1922	-108.9970	-108.9970	-79.2755	0.7273	74.7674	0.6863	2.2e-04	0.5381
1923	-108.9832	-108.9832	-79.4685	0.7292	74.5580	0.6843	2.2e-04	0.5385
1924	-108.9809	-108.9809	-79.9483	0.7336	74.0361	0.6795	2.2e-04	0.5374
1925	-108.9877	-108.9877	-80.8876	0.7422	73.0070	0.6702	2.2e-04	0.5384
1926	-108.9935	-108.9935	-79.5077	0.7295	74.5320	0.6840	2.2e-04	0.5377
1927	-109.0089	-109.0089	-80.0444	0.7343	73.9584	0.6788	2.2e-04	0.5384
1928	-108.9752	-108.9752	-79.9545	0.7337	74.0251	0.6795	2.2e-04	0.5370
1929	-108.9984	-108.9984	-79.6988	0.7312	74.3224	0.6821	2.2e-04	0.5384
1930	-108.9995	-108.9995	-80.0276	0.7342	73.9673	0.6789	2.2e-04	0.5388
1931	-108.9882	-108.9882	-79.2208	0.7269	74.7924	0.6865	2.2e-04	0.5407
1932	-108.9788	-108.9788	-79.1849	0.7266	74.8381	0.6870	2.2e-04	0.5389
1933	-108.9935	-108.9935	-80.1643	0.7355	73.7800	0.6772	2.2e-04	0.5388
1934	-108.9927	-108.9927	-79.8084	0.7322	74.2006	0.6811	2.2e-04	0.5381
1935	-109.0051	-109.0051	-79.4673	0.7290	74.5590	0.6843	2.2e-04	0.5387
1936	-108.9992	-108.9992	-81.0773	0.7438	72.8188	0.6683	2.2e-04	0.5365
1937	-108.9851	-108.9851	-80.6042	0.7396	73.3248	0.6730	2.2e-04	0.5392
1938	-108.9783	-108.9783	-80.1110	0.7351	73.8566	0.6779	2.2e-04	0.5387
1939	-108.9863	-108.9863	-80.0240	0.7343	73.9639	0.6789	2.2e-04	0.5404
1940	-108.9754	-108.9754	-80.1066	0.7351	73.8599	0.6780	2.2e-04	0.5393
1941	-108.9776	-108.9776	-80.3841	0.7376	73.5518	0.6752	2.2e-04	0.5386
1942	-109.0014	-109.0014	-79.6903	0.7311	74.3313	0.6823	2.2e-04	0.5385
1943	-108.9931	-108.9931	-79.2316	0.7269	74.8113	0.6866	2.2e-04	0.5376
1944	-108.9743	-108.9743	-79.5958	0.7304	74.4125	0.6830	2.2e-04	0.5373
1945	-108.9786	-108.9786	-80.9526	0.7428	72.9282	0.6695	2.2e-04	0.5367
1946	-108.9824	-108.9824	-80.7518	0.7410	73.1531	0.6715	2.2e-04	0.5389
1947	-108.9718	-108.9718	-80.0535	0.7346	73.8997	0.6784	2.2e-04	0.5390
1948	-108.9781	-108.9781	-79.7829	0.7321	74.1949	0.6811	2.2e-04	0.5392
1949	-108.9994	-108.9994	-79.4253	0.7287	74.6135	0.6848	2.2e-04	0.5390
1950	-108.9977	-108.9977	-79.5915	0.7302	74.4330	0.6832	2.2e-04	0.5388
1951	-108.9680	-108.9680	-79.6752	0.7312	74.3083	0.6821	2.2e-04	0.5395
1952	-108.9945	-108.9945	-79.7650	0.7318	74.2518	0.6815	2.2e-04	0.5389
1953	-108.9994	-108.9994	-79.1585	0.7262	74.9111	0.6874	2.2e-04	0.5399
1954	-108.9903	-108.9903	-79.2414	0.7270	74.7996	0.6865	2.2e-04	0.5394
1955	-108.9872	-108.9872	-79.8328	0.7325	74.1566	0.6808	2.2e-04	0.5398
1956	-108.9952	-108.9952	-79.4158	0.7286	74.6132	0.6849	2.2e-04	0.5390
1957	-109.0008	-109.0008	-79.3009	0.7275	74.7491	0.6860	2.2e-04	0.5399
1958	-108.9860	-108.9860	-79.5762	0.7302	74.4312	0.6832	2.2e-04	0.5393
1959	-108.9851	-108.9851	-78.3478	0.7189	75.7184	0.6950	2.2e-04	0.5399
1960	-108.9830	-108.9830	-79.3974	0.7285	74.6178	0.6850	2.2e-04	0.5389
1961	-108.9751	-108.9751	-78.9651	0.7246	75.0686	0.6891	2.2e-04	0.5402
1962	-108.9795	-108.9795	-79.1505	0.7263	74.8875	0.6874	2.2e-04	0.5404
1963	-108.9929	-108.9929	-79.4780	0.7292	74.5486	0.6843	2.2e-04	0.5397
1964	-108.9767	-108.9767	-79.5274	0.7298	74.4825	0.6837	2.2e-04	0.5388
1965	-108.9799	-108.9799	-79.6843	0.7312	74.3137	0.6821	2.2e-04	0.5392
1966	-108.9889	-108.9889	-79.1726	0.7264	74.8697	0.6872	2.2e-04	0.5396
1967	-108.9819	-108.9819	-79.1601	0.7264	74.8487	0.6871	2.2e-04	0.5395
1968	-108.9825	-108.9825	-78.7456	0.7226	75.3061	0.6913	2.2e-04	0.5398
1969	-108.9865	-108.9865	-78.6562	0.7217	75.4033	0.6921	2.2e-04	0.5389
1970	-108.9881	-108.9881	-78.1288	0.7169	75.9422	0.6971	2.2e-04	0.5395
1971	-108.9793	-108.9793	-78.2948	0.7184	75.7788	0.6956	2.2e-04	0.5386
1972	-108.9821	-108.9821	-77.4760	0.7109	76.6110	0.7033	2.2e-04	0.5380
1973	-108.9918	-108.9918	-78.4598	0.7199	75.6113	0.6940	2.2e-04	0.5384
1974	-108.9853	-108.9853	-77.9080	0.7148	76.1692	0.6991	2.2e-04	0.5376
1975	-108.9791	-108.9791	-77.7460	0.7134	76.3338	0.7007	2.2e-04	0.5390
1976	-108.9718	-108.9718	-77.2857	0.7092	76.8072	0.7050	2.1e-04	0.5399
1977	-108.9887	-108.9887	-78.6393	0.7215	75.4247	0.6924	2.1e-04	0.5403
1978	-108.9812	-108.9812	-77.5499	0.7116	76.5412	0.7026	2.1e-04	0.5383
1979	-108.9730	-108.9730	-77.6949	0.7130	76.3680	0.7010	2.1e-04	0.5381
1980	-108.9916	-108.9916	-77.9578	0.7153	76.1295	0.6988	2.1e-04	0.5378
1981	-108.9817	-108.9817	-78.4063	0.7194	75.6595	0.6944	2.1e-04	0.5382
1982	-108.9792	-108.9792	-78.0642	0.7163	75.9865	0.6975	2.1e-04	0.5374
1983	-109.0145	-109.0145	-78.4223	0.7194	75.6878	0.6946	2.1e-04	0.5375
1984	-109.0040	-109.0040	-77.5048	0.7110	76.6059	0.7031	2.1e-04	0.5390
1985	-108.9921	-108.9921	-77.9433	0.7151	76.1416	0.6989	2.1e-04	0.5391
1986	-108.9846	-108.9846	-77.8416	0.7142	76.2435	0.6998	2.1e-04	0.5398
1987	-108.9804	-108.9804	-77.5467	0.7116	76.5448	0.7026	2.1e-04	0.5398
1988	-108.9862	-108.9862	-78.3858	0.7192	75.6933	0.6948	2.1e-04	0.5396
1989	-108.9777	-108.9777	-78.0943	0.7166	75.9811	0.6975	2.1e-04	0.5382
1990	-108.9840	-108.9840	-77.5736	0.7118	76.5106	0.7023	2.1e-04	0.5388
1991	-108.9688	-108.9688	-77.9040	0.7149	76.1617	0.6992	2.1e-04	0.5402
1992	-108.9871	-108.9871	-77.5842	0.7119	76.5017	0.7023	2.1e-04	0.5391
1993	-108.9911	-108.9911	-77.9209	0.7149	76.1585	0.6990	2.1e-04	0.5384
1994	-108.9778	-108.9778	-78.1950	0.7175	75.8755	0.6965	2.1e-04	0.5400
1995	-108.9809	-108.9809	-79.0277	0.7252	74.9985	0.6885	2.1e-04	0.5393
1996	-108.9959	-108.9959	-77.9867	0.7155	76.1058	0.6986	2.1e-04	0.5396
1997	-108.9791	-108.9791	-77.6965	0.7129	76.3894	0.7012	2.1e-04	0.5392
1998	-108.9963	-108.9963	-77.7948	0.7137	76.2781	0.7002	2.1e-04	0.5403
1999	-108.9816	-108.9816	-77.1239	0.7077	76.9715	0.7065	2.1e-04	0.5405
2000	-108.9949	-108.9949	-77.5742	0.7117	76.5239	0.7025	2.1e-04	0.5379
2001	-108.9908	-108.9908	-77.6053	0.7120	76.4959	0.7021	2.1e-04	0.5361
2002	-109.0007	-109.0007	-77.5230	0.7112	76.5894	0.7029	2.1e-04	0.5394
2003	-108.9914	-108.9914	-77.4377	0.7105	76.6652	0.7037	2.1e-04	0.5389
2004	-108.9752	-108.9752	-77.0777	0.7073	77.0002	0.7069	2.1e-04	0.5386
2005	-108.9823	-108.9823	-77.7126	0.7131	76.3818	0.7011	2.1e-04	0.5398
2006	-108.9996	-108.9996	-77.6777	0.7126	76.4349	0.7015	2.1e-04	0.5400
2007	-108.9721	-108.9721	-77.9630	0.7154	76.1063	0.6987	2.1e-04	0.5401
2008	-108.9836	-108.9836	-77.5412	0.7115	76.5339	0.7025	2.1e-04	0.5389
2009	-108.9870	-108.9870	-77.5898	0.7119	76.5168	0.7022	2.1e-04	0.5388
2010	-108.9818	-108.9818	-77.0780	0.7073	77.0175	0.7069	2.1e-04	0.5377
2011	-108.9928	-108.9928	-77.5378	0.7114	76.5557	0.7027	2.1e-04	0.5375
2012	-108.9897	-108.9897	-78.1122	0.7167	75.9820	0.6974	2.1e-04	0.5391
2013	-108.9821	-108.9821	-77.6027	0.7121	76.4897	0.7020	2.1e-04	0.5407
2014	-108.9875	-108.9875	-77.9476	0.7152	76.1234	0.6988	2.1e-04	0.5386
2015	-108.9883	-108.9883	-78.0640	0.7163	76.0222	0.6978	2.1e-04	0.5392
2016	-108.9843	-108.9843	-78.2442	0.7179	75.8372	0.6961	2.1e-04	0.5372
2017	-108.9993	-108.9993	-78.4344	0.7196	75.6050	0.6940	2.1e-04	0.5380
2018	-108.9806	-108.9806	-78.0477	0.7162	76.0246	0.6979	2.1e-04	0.5389
2019	-108.9787	-108.9787	-77.9420	0.7152	76.1410	0.6989	2.1e-04	0.5397
2020	-108.9776	-108.9776	-78.4847	0.7202	75.5655	0.6936	2.1e-04	0.5390
2021	-108.9921	-108.9921	-77.8549	0.7143	76.2248	0.6996	2.1e-04	0.5377
2022	-108.9983	-108.9983	-78.5012	0.7202	75.5507	0.6934	2.1e-04	0.5383
2023	-108.9737	-108.9737	-77.7159	0.7132	76.3697	0.7010	2.1e-04	0.5383
2024	-108.9832	-108.9832	-77.2108	0.7085	76.8822	0.7057	2.1e-04	0.5381
2025	-108.9729	-108.9729	-77.3139	0.7095	76.7488	0.7046	2.1e-04	0.5391
2026	-108.9919	-108.9919	-77.7130	0.7130	76.3841	0.7011	2.1e-04	0.5374
2027	-108.9965	-108.9965	-77.8597	0.7143	76.2158	0.6996	2.1e-04	0.5372
2028	-108.9833	-108.9833	-77.2206	0.7086	76.8379	0.7053	2.1e-04	0.5379
2029	-108.9737	-108.9737	-76.7287	0.7041	77.3255	0.7099	2.1e-04	0.5379
2030	-108.9747	-108.9747	-76.6989	0.7038	77.3745	0.7103	2.1e-04	0.5383
2031	-108.9913	-108.9913	-77.1234	0.7076	76.9782	0.7065	2.1e-04	0.5388
2032	-108.9692	-108.9692	-77.3194	0.7096	76.7560	0.7046	2.1e-04	0.5380
2033	-108.9955	-108.9955	-77.3158	0.7093	76.7883	0.7049	2.1e-04	0.5400
2034	-108.9747	-108.9747	-76.4691	0.7017	77.5946	0.7124	2.1e-04	0.5400
2035	-108.9881	-108.9881	-77.1509	0.7079	76.9260	0.7061	2.1e-04	0.5387
2036	-108.9837	-108.9837	-76.2966	0.7001	77.7874	0.7141	2.1e-04	0.5388
2037	-108.9948	-108.9948	-76.5243	0.7021	77.5613	0.7119	2.1e-04	0.5386
2038	-108.9804	-108.9804	-75.8202	0.6957	78.2497	0.7183	2.1e-04	0.5375
2039	-108.9842	-108.9842	-75.9989	0.6973	78.0790	0.7167	2.1e-04	0.5379
2040	-108.9843	-108.9844	-75.0854	0.6890	78.9593	0.7248	2.1e-04	0.5382
2041	-108.9895	-108.9895	-75.3561	0.6914	78.7052	0.7225	2.1e-04	0.5379
2042	-108.9918	-108.9918	-75.9683	0.6970	78.1166	0.7170	2.1e-04	0.5378
2043	-108.9708	-108.9708	-75.5049	0.6929	78.5380	0.7209	2.1e-04	0.5376
2044	-108.9840	-108.9841	-75.5700	0.6934	78.4870	0.7204	2.1e-04	0.5381
2045	-108.9871	-108.9872	-75.2179	0.6902	78.8246	0.7236	2.1e-04	0.5378
2046	-108.9703	-108.9703	-76.0564	0.6980	78.0016	0.7161	2.1e-04	0.5380
2047	-108.9971	-108.9971	-76.1588	0.6987	77.9294	0.7154	2.1e-04	0.5401
2048	-108.9853	-108.9853	-75.8465	0.6959	78.1913	0.7177	2.1e-04	0.5381
2049	-108.9855	-108.9856	-75.3175	0.6911	78.7362	0.7227	2.1e-04	0.5395
2050	-108.9934	-108.9934	-75.6954	0.6945	78.3869	0.7195	2.1e-04	0.5377
2051	-109.0004	-109.0004	-77.0088	0.7065	77.0954	0.7077	2.1e-04	0.5377
2052	-108.9944	-108.9944	-75.8068	0.6955	78.2513	0.7182	2.1e-04	0.5382
2053	-108.9719	-108.9719	-76.1378	0.6987	77.9032	0.7151	2.1e-04	0.5380
2054	-108.9983	-108.9983	-76.3742	0.7007	77.7264	0.7134	2.1e-04	0.5381
2055	-108.9923	-108.9923	-76.5128	0.7020	77.5767	0.7121	2.1e-04	0.5397
2056	-108.9825	-108.9825	-77.1033	0.7075	76.9789	0.7067	2.1e-04	0.5389
2057	-108.9777	-108.9777	-77.2758	0.7091	76.8110	0.7051	2.1e-04	0.5405
2058	-108.9849	-108.9849	-76.6925	0.7037	77.3814	0.7104	2.1e-04	0.5375
2059	-108.9872	-108.9872	-75.7946	0.6954	78.2857	0.7186	2.1e-04	0.5382
2060	-108.9969	-108.9969	-76.3098	0.7001	77.7891	0.7140	2.1e-04	0.5376
2061	-108.9746	-108.9746	-76.6641	0.7035	77.4164	0.7107	2.1e-04	0.5380
2062	-108.9962	-108.9962	-75.9291	0.6966	78.1662	0.7174	2.1e-04	0.5370
2063	-108.9692	-108.9692	-77.2926	0.7093	76.7827	0.7049	2.1e-04	0.5388
2064	-108.9860	-108.9860	-76.9195	0.7058	77.1660	0.7084	2.1e-04	0.5391
2065	-108.9836	-108.9836	-77.1408	0.7078	76.9547	0.7064	2.1e-04	0.5399
2066	-108.9796	-108.9796	-76.5038	0.7020	77.5744	0.7120	2.1e-04	0.5406
2067	-108.9890	-108.9890	-76.2857	0.6999	77.8071	0.7142	2.1e-04	0.5378
2068	-109.0101	-109.0101	-76.8225	0.7047	77.3002	0.7095	2.1e-04	0.5401
2069	-108.9672	-108.9672	-76.7077	0.7040	77.3617	0.7102	2.1e-04	0.5400
2070	-108.9789	-108.9790	-76.1305	0.6986	77.9436	0.7155	2.1e-04	0.5397
2071	-108.9778	-108.9778	-76.9143	0.7058	77.1663	0.7083	2.1e-04	0.5398
2072	-108.9665	-108.9665	-76.9683	0.7063	77.1094	0.7079	2.1e-04	0.5390
2073	-108.9833	-108.9833	-77.0395	0.7069	77.0483	0.7073	2.1e-04	0.5397
2074	-108.9751	-108.9751	-77.1386	0.7079	76.9486	0.7064	2.1e-04	0.5381
2075	-108.9923	-108.9923	-76.8401	0.7050	77.2515	0.7091	2.1e-04	0.5377
2076	-108.9913	-108.9913	-77.2622	0.7089	76.8376	0.7053	2.1e-04	0.5373
2077	-108.9836	-108.9836	-76.9168	0.7058	77.1736	0.7084	2.1e-04	0.5376
2078	-108.9745	-108.9745	-76.5534	0.7025	77.5250	0.7117	2.1e-04	0.5369
2079	-108.9777	-108.9777	-76.4782	0.7018	77.5903	0.7123	2.1e-04	0.5376
2080	-108.9870	-108.9871	-75.6295	0.6939	78.4465	0.7200	2.1e-04	0.5379
2081	-108.9780	-108.9780	-76.1851	0.6991	77.8859	0.7149	2.1e-04	0.5390
2082	-108.9926	-108.9926	-76.3894	0.7009	77.7062	0.7132	2.1e-04	0.5379
2083	-108.9893	-108.9893	-75.9320	0.6967	78.1602	0.7174	2.1e-04	0.5382
2084	-108.9805	-108.9805	-76.1936	0.6991	77.8853	0.7150	2.1e-04	0.5386
2085	-108.9881	-108.9881	-75.9501	0.6969	78.1342	0.7172	2.1e-04	0.5386
2086	-108.9991	-108.9991	-76.2135	0.6992	77.8871	0.7149	2.1e-04	0.5386
2087	-108.9988	-108.9989	-75.4295	0.6920	78.6443	0.7218	2.1e-04	0.5385
2088	-108.9987	-108.9987	-76.2925	0.6999	77.8129	0.7142	2.1e-04	0.5374
2089	-108.9755	-108.9755	-76.8208	0.7049	77.2627	0.7093	2.1e-04	0.5388
2090	-108.9701	-108.9701	-77.3112	0.7095	76.7715	0.7047	2.1e-04	0.5388
2091	-108.9795	-108.9795	-76.5716	0.7026	77.4799	0.7113	2.1e-04	0.5389
2092	-108.9898	-108.9898	-76.1569	0.6988	77.9279	0.7153	2.1e-04	0.5389
2093	-108.9764	-108.9764	-77.1521	0.7080	76.9406	0.7062	2.1e-04	0.5386
2094	-108.9946	-108.9946	-77.0125	0.7066	77.0896	0.7076	2.1e-04	0.5378
2095	-108.9953	-108.9953	-76.6654	0.7034	77.4128	0.7105	2.1e-04	0.5381
2096	-108.9590	-108.9590	-76.8329	0.7052	77.2317	0.7090	2.1e-04	0.5373
2097	-108.9702	-108.9702	-76.0055	0.6975	78.0661	0.7166	2.1e-04	0.5382
2098	-108.9724	-108.9724	-77.0407	0.7070	77.0463	0.7072	2.1e-04	0.5379
2099	-108.9829	-108.9829	-76.8723	0.7054	77.2159	0.7088	2.1e-04	0.5378
2100	-108.9854	-108.9854	-77.1849	0.7082	76.9139	0.7060	2.1e-04	0.5395
2101	-108.9871	-108.9871	-77.0054	0.7066	77.0788	0.7075	2.1e-04	0.5366
2102	-108.9816	-108.9816	-77.0634	0.7071	77.0326	0.7071	2.1e-04	0.5378
2103	-108.9902	-108.9902	-77.7130	0.7130	76.3862	0.7011	2.1e-04	0.5371
2104	-108.9824	-108.9824	-77.0842	0.7073	76.9909	0.7068	2.1e-04	0.5387
2105	-108.9949	-108.9949	-77.3648	0.7098	76.7336	0.7043	2.1e-04	0.5396
2106	-108.9858	-108.9858	-76.9622	0.7062	77.1349	0.7080	2.1e-04	0.5385
2107	-108.9758	-108.9758	-76.9396	0.7060	77.1505	0.7082	2.1e-04	0.5396
2108	-108.9753	-108.9753	-76.3775	0.7009	77.7061	0.7133	2.1e-04	0.5395
2109	-108.9658	-108.9658	-77.6662	0.7128	76.4106	0.7014	2.1e-04	0.5396
2110	-108.9662	-108.9662	-76.1776	0.6991	77.8848	0.7150	2.1e-04	0.5381
2111	-108.9757	-108.9757	-77.1490	0.7079	76.9223	0.7061	2.1e-04	0.5389
2112	-108.9909	-108.9909	-76.2994	0.7001	77.7852	0.7140	2.1e-04	0.5395
2113	-108.9974	-108.9974	-76.0585	0.6978	78.0266	0.7162	2.1e-04	0.5395
2114	-108.9748	-108.9748	-76.5238	0.7022	77.5582	0.7119	2.1e-04	0.5389
2115	-108.9778	-108.9778	-76.6243	0.7031	77.4581	0.7111	2.1e-04	0.5384
2116	-109.0008	-109.0008	-76.6171	0.7029	77.4622	0.7109	2.1e-04	0.5372
2117	-109.0011	-109.0011	-76.1715	0.6988	77.9437	0.7153	2.1e-04	0.5384
2118	-108.9959	-108.9960	-76.0228	0.6975	78.0689	0.7166	2.1e-04	0.5374
2119	-108.9852	-108.9852	-75.8476	0.6959	78.2338	0.7181	2.1e-04	0.5378
2120	-108.9931	-108.9931	-76.0405	0.6977	78.0580	0.7164	2.1e-04	0.5380
2121	-108.9850	-108.9850	-76.7702	0.7044	77.3186	0.7097	2.1e-04	0.5393
2122	-108.9777	-108.9777	-76.5788	0.7027	77.5119	0.7115	2.1e-04	0.5379
2123	-108.9918	-108.9918	-76.6428	0.7032	77.4574	0.7110	2.1e-04	0.5374
2124	-108.9937	-108.9937	-77.0078	0.7065	77.0911	0.7077	2.1e-04	0.5386
2125	-108.9915	-108.9915	-76.8243	0.7049	77.2636	0.7092	2.1e-04	0.5381
2126	-108.9904	-108.9904	-77.1715	0.7081	76.9312	0.7061	2.1e-04	0.5386
2127	-108.9846	-108.9846	-76.5454	0.7024	77.5387	0.7118	2.1e-04	0.5384
2128	-108.9703	-108.9703	-77.4004	0.7103	76.6688	0.7038	2.1e-04	0.5381
2129	-108.9848	-108.9848	-77.6725	0.7127	76.4145	0.7014	2.1e-04	0.5385
2130	-108.9851	-108.9851	-76.4432	0.7014	77.6353	0.7126	2.1e-04	0.5374
2131	-108.9950	-108.9950	-76.6416	0.7032	77.4572	0.7109	2.1e-04	0.5378
2132	-109.0031	-109.0031	-77.1712	0.7080	76.9472	0.7062	2.1e-04	0.5364
2133	-108.9646	-108.9646	-76.4714	0.7018	77.5861	0.7122	2.1e-04	0.5372
2134	-108.9837	-108.9837	-76.8822	0.7054	77.2056	0.7087	2.1e-04	0.5373
2135	-108.9782	-108.9782	-77.0203	0.7067	77.0817	0.7075	2.1e-04	0.5382
2136	-108.9926	-108.9926	-77.2525	0.7088	76.8508	0.7054	2.1e-04	0.5385
2137	-108.9765	-108.9765	-77.5656	0.7118	76.5098	0.7024	2.1e-04	0.5397
2138	-108.9982	-108.9982	-76.0972	0.6982	77.9925	0.7157	2.1e-04	0.5394
2139	-108.9765	-108.9765	-76.6611	0.7035	77.4293	0.7107	2.1e-04	0.5372
2140	-108.9876	-108.9876	-76.4140	0.7011	77.6807	0.7130	2.1e-04	0.5380
2141	-108.9788	-108.9788	-76.4434	0.7015	77.5962	0.7123	2.1e-04	0.5384
2142	-108.9945	-108.9945	-77.0409	0.7068	77.0750	0.7074	2.1e-04	0.5380
2143	-108.9925	-108.9925	-77.1336	0.7077	76.9796	0.7065	2.1e-04	0.5380
2144	-108.9918	-108.9918	-77.4925	0.7110	76.6006	0.7031	2.1e-04	0.5375
2145	-108.9794	-108.9794	-77.5345	0.7115	76.5525	0.7027	2.1e-04	0.5377
2146	-108.9850	-108.9850	-77.7418	0.7133	76.3533	0.7008	2.1e-04	0.5381
2147	-108.9653	-108.9653	-78.1951	0.7176	75.8614	0.6964	2.1e-04	0.5377
2148	-108.9946	-108.9946	-78.4398	0.7197	75.6021	0.6940	2.1e-04	0.5374
2149	-108.9933	-108.9933	-78.2289	0.7177	75.8511	0.6963	2.1e-04	0.5397
2150	-108.9821	-108.9821	-77.4666	0.7108	76.6239	0.7033	2.1e-04	0.5383
2151	-108.9769	-108.9769	-77.8051	0.7140	76.2682	0.7001	2.1e-04	0.5399
2152	-108.9813	-108.9813	-77.5757	0.7118	76.5189	0.7024	2.1e-04	0.5393
2153	-108.9887	-108.9887	-77.7762	0.7136	76.2906	0.7003	2.1e-04	0.5384
2154	-108.9865	-108.9865	-77.3794	0.7100	76.7131	0.7042	2.1e-04	0.5396
2155	-108.9803	-108.9803	-77.0668	0.7072	77.0298	0.7070	2.1e-04	0.5368
2156	-108.9811	-108.9811	-77.4813	0.7110	76.6183	0.7032	2.1e-04	0.5388
2157	-108.9789	-108.9789	-78.0946	0.7166	75.9717	0.6974	2.1e-04	0.5389
2158	-108.9822	-108.9822	-76.4302	0.7013	77.6517	0.7127	2.1e-04	0.5385
2159	-109.0093	-109.0093	-76.9291	0.7057	77.1915	0.7084	2.1e-04	0.5392
2160	-108.9736	-108.9736	-77.8489	0.7144	76.2278	0.6997	2.1e-04	0.5387
2161	-108.9792	-108.9792	-76.6370	0.7032	77.4484	0.7110	2.1e-04	0.5399
2162	-108.9846	-108.9846	-77.2959	0.7092	76.7987	0.7049	2.1e-04	0.5389
2163	-108.9819	-108.9819	-76.7654	0.7044	77.3300	0.7098	2.1e-04	0.5395
2164	-108.9892	-108.9892	-77.9592	0.7153	76.1331	0.6988	2.1e-04	0.5394
2165	-108.9952	-108.9952	-76.6809	0.7035	77.4236	0.7107	2.1e-04	0.5386
2166	-108.9702	-108.9702	-76.0748	0.6981	77.9902	0.7160	2.1e-04	0.5372
2167	-108.9998	-108.9998	-77.4886	0.7109	76.6252	0.7033	2.1e-04	0.5378
2168	-108.9801	-108.9801	-76.7605	0.7044	77.3163	0.7097	2.1e-04	0.5380
2169	-108.9957	-108.9957	-76.8502	0.7051	77.2544	0.7090	2.1e-04	0.5384
2170	-108.9808	-108.9808	-76.4880	0.7018	77.6043	0.7123	2.1e-04	0.5379
2171	-108.9710	-108.9710	-76.9185	0.7059	77.1592	0.7083	2.1e-04	0.5395
2172	-108.9860	-108.9860	-77.3783	0.7100	76.6958	0.7041	2.1e-04	0.5390
2173	-108.9718	-108.9718	-77.1928	0.7084	76.8754	0.7057	2.1e-04	0.5392
2174	-108.9910	-108.9910	-77.0072	0.7065	77.1001	0.7076	2.1e-04	0.5378
2175	-108.9773	-108.9773	-77.1227	0.7077	76.9483	0.7063	2.1e-04	0.5382
2176	-108.9849	-108.9849	-77.6809	0.7128	76.4130	0.7014	2.1e-04	0.5372
2177	-108.9993	-108.9993	-77.4261	0.7103	76.6830	0.7038	2.1e-04	0.5377
2178	-108.9862	-108.9862	-77.9303	0.7150	76.1648	0.6991	2.1e-04	0.5370
2179	-108.9800	-108.9800	-77.3868	0.7101	76.6991	0.7040	2.1e-04	0.5377
2180	-108.9917	-108.9917	-77.1323	0.7077	76.9513	0.7062	2.1e-04	0.5376
2181	-108.9916	-108.9916	-77.7243	0.7131	76.3716	0.7009	2.1e-04	0.5383
2182	-109.0025	-109.0025	-77.7981	0.7137	76.3038	0.7003	2.1e-04	0.5392
2183	-108.9751	-108.9751	-77.5050	0.7112	76.5773	0.7030	2.1e-04	0.5398
2184	-108.9755	-108.9755	-78.0820	0.7165	75.9897	0.6976	2.1e-04	0.5399
2185	-108.9747	-108.9747	-77.9929	0.7157	76.0755	0.6983	2.1e-04	0.5410
2186	-108.9767	-108.9767	-77.7745	0.7137	76.3095	0.7005	2.1e-04	0.5383
2187	-108.9848	-108.9848	-78.0588	0.7162	76.0213	0.6979	2.1e-04	0.5401
2188	-108.9840	-108.9840	-77.9328	0.7151	76.1672	0.6990	2.1e-04	0.5400
2189	-108.9944	-108.9944	-77.6458	0.7124	76.4528	0.7018	2.1e-04	0.5402
2190	-108.9937	-108.9937	-77.8699	0.7144	76.2206	0.6996	2.1e-04	0.5391
2191	-109.0068	-109.0068	-77.4157	0.7102	76.7099	0.7040	2.1e-04	0.5392
2192	-109.0040	-109.0040	-78.5526	0.7206	75.5375	0.6932	2.1e-04	0.5385
2193	-108.9882	-108.9882	-77.6748	0.7127	76.4158	0.7014	2.1e-04	0.5395
2194	-108.9880	-108.9880	-78.8931	0.7239	75.1684	0.6899	2.1e-04	0.5397
2195	-108.9985	-108.9985	-78.1793	0.7173	75.8768	0.6964	2.1e-04	0.5395
2196	-108.9758	-108.9758	-78.1106	0.7168	75.9634	0.6972	2.1e-04	0.5386
2197	-108.9906	-108.9906	-78.9339	0.7242	75.1212	0.6896	2.1e-04	0.5387
2198	-108.9698	-108.9698	-79.6171	0.7306	74.3655	0.6828	2.1e-04	0.5387
2199	-108.9710	-108.9710	-78.8150	0.7233	75.2252	0.6906	2.1e-04	0.5401
2200	-108.9823	-108.9823	-79.2637	0.7273	74.7666	0.6863	2.1e-04	0.5389
2201	-108.9893	-108.9893	-78.4504	0.7198	75.6253	0.6942	2.1e-04	0.5367
2202	-108.9849	-108.9849	-78.0129	0.7158	76.0751	0.6983	2.1e-04	0.5394
2203	-108.9748	-108.9748	-77.5740	0.7119	76.5176	0.7023	2.1e-04	0.5398
2204	-108.9810	-108.9810	-77.2728	0.7090	76.8161	0.7052	2.1e-04	0.5389
2205	-108.9853	-108.9853	-77.6313	0.7123	76.4665	0.7018	2.1e-04	0.5382
2206	-108.9732	-108.9732	-77.8730	0.7146	76.2016	0.6995	2.1e-04	0.5387
2207	-109.0013	-109.0013	-77.0245	0.7066	77.0710	0.7074	2.1e-04	0.5374
2208	-108.9923	-108.9923	-77.4110	0.7102	76.6869	0.7039	2.1e-04	0.5380
2209	-108.9960	-108.9960	-77.3461	0.7096	76.7662	0.7046	2.1e-04	0.5385
2210	-108.9907	-108.9907	-78.1257	0.7168	75.9555	0.6972	2.1e-04	0.5378
2211	-108.9861	-108.9861	-78.4661	0.7200	75.5876	0.6939	2.1e-04	0.5395
2212	-108.9872	-108.9872	-78.3849	0.7192	75.6932	0.6948	2.1e-04	0.5395
2213	-108.9923	-108.9923	-77.2749	0.7090	76.8343	0.7052	2.1e-04	0.5396
2214	-108.9588	-108.9588	-76.5103	0.7022	77.5552	0.7120	2.1e-04	0.5408
2215	-108.9921	-108.9921	-77.1066	0.7075	77.0091	0.7068	2.1e-04	0.5381
2216	-108.9901	-108.9901	-77.2281	0.7086	76.8692	0.7056	2.1e-04	0.5385
2217	-108.9637	-108.9637	-77.9582	0.7155	76.1022	0.6987	2.1e-04	0.5377
2218	-108.9919	-108.9919	-77.5142	0.7112	76.5812	0.7029	2.1e-04	0.5368
2219	-108.9872	-108.9872	-77.8336	0.7142	76.2470	0.6999	2.1e-04	0.5380
2220	-108.9942	-108.9942	-77.5894	0.7119	76.5019	0.7023	2.1e-04	0.5379
2221	-108.9716	-108.9716	-77.5540	0.7117	76.5003	0.7023	2.1e-04	0.5393
2222	-108.9647	-108.9647	-77.7104	0.7132	76.3529	0.7010	2.1e-04	0.5384
2223	-108.9956	-108.9956	-77.3438	0.7096	76.7625	0.7046	2.1e-04	0.5391
2224	-108.9977	-108.9977	-76.5902	0.7027	77.5201	0.7115	2.1e-04	0.5377
2225	-108.9849	-108.9849	-77.2473	0.7088	76.8168	0.7052	2.1e-04	0.5385
2226	-108.9886	-108.9886	-76.0643	0.6979	78.0107	0.7161	2.1e-04	0.5395
2227	-108.9642	-108.9642	-76.7500	0.7044	77.2996	0.7097	2.1e-04	0.5382
2228	-109.0043	-109.0043	-75.9652	0.6969	78.1398	0.7172	2.1e-04	0.5382
2229	-108.9767	-108.9767	-76.1887	0.6991	77.8680	0.7148	2.1e-04	0.5386
2230	-108.9886	-108.9887	-75.3233	0.6911	78.7379	0.7227	2.1e-04	0.5378
2231	-108.9794	-108.9795	-74.7796	0.6862	79.2192	0.7272	2.1e-04	0.5371
2232	-108.9826	-108.9828	-74.7892	0.6862	79.2015	0.7271	2.1e-04	0.5373
2233	-108.9666	-108.9666	-75.5869	0.6937	78.4334	0.7200	2.1e-04	0.5382
2234	-108.9969	-108.9969	-76.2840	0.6999	77.7898	0.7141	2.1e-04	0.5371
2235	-108.9795	-108.9795	-75.6349	0.6940	78.4336	0.7199	2.1e-04	0.5377
2236	-108.9788	-108.9788	-76.9162	0.7058	77.1714	0.7084	2.1e-04	0.5386
2237	-108.9843	-108.9845	-74.9742	0.6879	79.0732	0.7258	2.1e-04	0.5398
2238	-108.9835	-108.9836	-75.5599	0.6933	78.5079	0.7206	2.1e-04	0.5381
2239	-108.9939	-108.9940	-75.8383	0.6958	78.2505	0.7182	2.1e-04	0.5397
2240	-108.9845	-108.9845	-76.2422	0.6996	77.8409	0.7145	2.1e-04	0.5385
2241	-108.9871	-108.9871	-76.2472	0.6996	77.8401	0.7145	2.1e-04	0.5399
2242	-109.0021	-109.0021	-76.2264	0.6993	77.8844	0.7148	2.1e-04	0.5394
2243	-108.9981	-108.9982	-75.1132	0.6891	78.9421	0.7246	2.1e-04	0.5391
2244	-108.9632	-108.9632	-76.2225	0.6995	77.8379	0.7146	2.1e-04	0.5373
2245	-108.9678	-108.9678	-77.1472	0.7080	76.9266	0.7062	2.1e-04	0.5379
2246	-108.9727	-108.9727	-76.2500	0.6997	77.8143	0.7144	2.1e-04	0.5392
2247	-108.9977	-108.9977	-76.2790	0.6998	77.8175	0.7142	2.1e-04	0.5399
2248	-108.9836	-108.9836	-76.4929	0.7019	77.5963	0.7123	2.1e-04	0.5392
2249	-108.9728	-108.9728	-76.6161	0.7031	77.4615	0.7111	2.1e-04	0.5397
2250	-108.9993	-108.9994	-75.7263	0.6947	78.3666	0.7192	2.1e-04	0.5387
2251	-108.9849	-108.9849	-76.4545	0.7015	77.6396	0.7126	2.1e-04	0.5379
2252	-108.9853	-108.9853	-76.4257	0.7012	77.6559	0.7128	2.1e-04	0.5384
2253	-108.9780	-108.9780	-76.5386	0.7023	77.5467	0.7118	2.1e-04	0.5389
2254	-108.9840	-108.9840	-76.4742	0.7017	77.6194	0.7125	2.1e-04	0.5370
2255	-108.9788	-108.9788	-76.3874	0.7009	77.6988	0.7132	2.1e-04	0.5371
2256	-108.9760	-108.9760	-76.0646	0.6980	77.9902	0.7160	2.1e-04	0.5376
2257	-108.9809	-108.9809	-75.9789	0.6972	78.0862	0.7168	2.1e-04	0.5394
2258	-108.9792	-108.9792	-76.0540	0.6979	78.0303	0.7162	2.1e-04	0.5393
2259	-108.9842	-108.9842	-77.6902	0.7129	76.4054	0.7013	2.1e-04	0.5387
2260	-109.0041	-109.0041	-76.2073	0.6991	77.9116	0.7150	2.1e-04	0.5385
2261	-108.9861	-108.9861	-76.7230	0.7040	77.3641	0.7102	2.1e-04	0.5401
2262	-108.9917	-108.9917	-76.1152	0.6984	77.9664	0.7156	2.1e-04	0.5391
2263	-108.9732	-108.9732	-76.1430	0.6987	77.9215	0.7154	2.1e-04	0.5387
2264	-108.9865	-108.9865	-76.8402	0.7050	77.2360	0.7090	2.1e-04	0.5381
2265	-108.9851	-108.9851	-76.0246	0.6976	78.0131	0.7161	2.1e-04	0.5385
2266	-108.9793	-108.9793	-76.7956	0.7047	77.2820	0.7094	2.1e-04	0.5388
2267	-108.9985	-108.9986	-75.2397	0.6903	78.8211	0.7234	2.1e-04	0.5394
2268	-108.9789	-108.9789	-76.1333	0.6986	77.9420	0.7155	2.1e-04	0.5396
2269	-109.0004	-109.0004	-76.3573	0.7005	77.7486	0.7136	2.1e-04	0.5403
2270	-108.9906	-108.9906	-76.5029	0.7019	77.5943	0.7122	2.1e-04	0.5392
2271	-108.9767	-108.9767	-76.3014	0.7002	77.7791	0.7139	2.1e-04	0.5397
2272	-108.9889	-108.9889	-76.1325	0.6985	77.9565	0.7156	2.1e-04	0.5389
2273	-108.9899	-108.9899	-76.1775	0.6989	77.9055	0.7151	2.1e-04	0.5402
2274	-108.9974	-108.9976	-74.6508	0.6849	79.3842	0.7286	2.1e-04	0.5384
2275	-108.9850	-108.9850	-76.3410	0.7005	77.7462	0.7136	2.1e-04	0.5395
2276	-108.9742	-108.9742	-75.9866	0.6973	78.0828	0.7167	2.1e-04	0.5381
2277	-108.9842	-108.9842	-76.7097	0.7039	77.3755	0.7103	2.1e-04	0.5381
2278	-108.9678	-108.9678	-75.9909	0.6974	78.0728	0.7167	2.1e-04	0.5403
2279	-108.9739	-108.9739	-76.0352	0.6977	78.0262	0.7163	2.1e-04	0.5400
2280	-108.9866	-108.9866	-76.4783	0.7017	77.6169	0.7124	2.1e-04	0.5383
2281	-108.9770	-108.9770	-76.1208	0.6985	77.9473	0.7156	2.1e-04	0.5401
2282	-108.9868	-108.9868	-75.9945	0.6973	78.0885	0.7167	2.1e-04	0.5377
2283	-108.9940	-108.9941	-75.1333	0.6893	78.9075	0.7242	2.1e-04	0.5386
2284	-108.9763	-108.9763	-75.4417	0.6923	78.6082	0.7216	2.1e-04	0.5365
2285	-108.9947	-108.9948	-75.6008	0.6936	78.4625	0.7202	2.1e-04	0.5386
2286	-108.9927	-108.9928	-74.9565	0.6877	79.0984	0.7260	2.1e-04	0.5391
2287	-108.9838	-108.9840	-75.1065	0.6892	78.9370	0.7246	2.1e-04	0.5399
2288	-108.9910	-108.9910	-76.5598	0.7024	77.5487	0.7117	2.1e-04	0.5384
2289	-108.9920	-108.9920	-75.9524	0.6969	78.1457	0.7172	2.1e-04	0.5386
2290	-108.9793	-108.9794	-75.7022	0.6946	78.3619	0.7193	2.1e-04	0.5392
2291	-108.9911	-108.9911	-75.9091	0.6965	78.1791	0.7176	2.1e-04	0.5378
2292	-108.9767	-108.9767	-76.2553	0.6997	77.8264	0.7144	2.1e-04	0.5374
2293	-108.9911	-108.9911	-76.3325	0.7004	77.7444	0.7136	2.1e-04	0.5376
2294	-108.9781	-108.9781	-76.3924	0.7010	77.6933	0.7132	2.1e-04	0.5374
2295	-108.9909	-108.9909	-76.5355	0.7022	77.5590	0.7119	2.1e-04	0.5392
2296	-108.9895	-108.9895	-76.4626	0.7016	77.6300	0.7126	2.1e-04	0.5390
2297	-108.9943	-108.9943	-77.2019	0.7083	76.8569	0.7055	2.1e-04	0.5384
2298	-108.9707	-108.9707	-76.8350	0.7051	77.2233	0.7090	2.1e-04	0.5390
2299	-108.9817	-108.9817	-76.7698	0.7044	77.3203	0.7098	2.1e-04	0.5386
2300	-108.9901	-108.9901	-76.9826	0.7063	77.1111	0.7078	2.1e-04	0.5378
2301	-108.9948	-108.9948	-76.8425	0.7050	77.2639	0.7092	2.1e-04	0.5359
2302	-108.9875	-108.9875	-76.8224	0.7049	77.2745	0.7093	2.1e-04	0.5372
2303	-108.9826	-108.9826	-77.4370	0.7105	76.6405	0.7036	2.1e-04	0.5388
2304	-108.9880	-108.9880	-77.5024	0.7111	76.5856	0.7030	2.1e-04	0.5378
2305	-108.9932	-108.9932	-76.7073	0.7038	77.3932	0.7104	2.1e-04	0.5383
2306	-108.9875	-108.9875	-77.1629	0.7080	76.9136	0.7059	2.1e-04	0.5380
2307	-108.9789	-108.9789	-77.1781	0.7082	76.8988	0.7058	2.1e-04	0.5394
2308	-108.9926	-108.9926	-77.0284	0.7067	77.0768	0.7075	2.1e-04	0.5392
2309	-108.9753	-108.9753	-76.3341	0.7005	77.7142	0.7134	2.1e-04	0.5395
2310	-108.9913	-108.9913	-77.3698	0.7099	76.7214	0.7043	2.1e-04	0.5402
2311	-108.9962	-108.9962	-76.4454	0.7014	77.6554	0.7128	2.1e-04	0.5390
2312	-108.9762	-108.9762	-77.1495	0.7079	76.9423	0.7062	2.1e-04	0.5384
2313	-108.9993	-108.9993	-76.9772	0.7062	77.1328	0.7080	2.1e-04	0.5384
2314	-108.9996	-108.9996	-76.2313	0.6994	77.8723	0.7147	2.1e-04	0.5385
2315	-108.9980	-108.9980	-77.1190	0.7075	76.9837	0.7066	2.1e-04	0.5381
2316	-108.9867	-108.9867	-77.6269	0.7123	76.4676	0.7019	2.1e-04	0.5380
2317	-108.9808	-108.9808	-77.0645	0.7071	77.0178	0.7070	2.0e-04	0.5385
2318	-108.9854	-108.9854	-76.5372	0.7023	77.5339	0.7117	2.0e-04	0.5388
2319	-108.9761	-108.9761	-76.3331	0.7005	77.7482	0.7137	2.0e-04	0.5389
2320	-108.9906	-108.9906	-76.3927	0.7009	77.7065	0.7132	2.0e-04	0.5377
2321	-108.9875	-108.9875	-76.5991	0.7028	77.4962	0.7113	2.0e-04	0.5383
2322	-108.9861	-108.9861	-76.2826	0.6999	77.7990	0.7142	2.0e-04	0.5377
2323	-108.9823	-108.9823	-77.1751	0.7081	76.9224	0.7061	2.0e-04	0.5383
2324	-108.9737	-108.9737	-76.4029	0.7011	77.6692	0.7130	2.0e-04	0.5381
2325	-108.9713	-108.9713	-76.8115	0.7049	77.2704	0.7093	2.0e-04	0.5408
2326	-108.9780	-108.9780	-76.2672	0.6998	77.7768	0.7140	2.0e-04	0.5379
2327	-108.9938	-108.9938	-77.7986	0.7138	76.2967	0.7003	2.0e-04	0.5385
2328	-108.9817	-108.9817	-77.1526	0.7079	76.9423	0.7063	2.0e-04	0.5375
2329	-108.9712	-108.9712	-77.3764	0.7101	76.6930	0.7040	2.0e-04	0.5390
2330	-108.9775	-108.9775	-76.9906	0.7065	77.0984	0.7077	2.0e-04	0.5393
2331	-108.9916	-108.9916	-76.7842	0.7045	77.3232	0.7097	2.0e-04	0.5401
2332	-108.9863	-108.9863	-77.2558	0.7089	76.8411	0.7053	2.0e-04	0.5383
2333	-108.9981	-108.9981	-77.8193	0.7140	76.2898	0.7002	2.0e-04	0.5385
2334	-108.9794	-108.9794	-77.1896	0.7083	76.8660	0.7056	2.0e-04	0.5380
2335	-108.9883	-108.9883	-77.4317	0.7105	76.6573	0.7037	2.0e-04	0.5390
2336	-108.9867	-108.9867	-77.0969	0.7074	76.9994	0.7068	2.0e-04	0.5378
2337	-108.9953	-108.9953	-77.3985	0.7101	76.6994	0.7040	2.0e-04	0.5387
2338	-108.9744	-108.9744	-77.4487	0.7107	76.6204	0.7035	2.0e-04	0.5393
2339	-108.9898	-108.9898	-77.5768	0.7118	76.5205	0.7024	2.0e-04	0.5395
2340	-108.9802	-108.9802	-77.2517	0.7089	76.8243	0.7052	2.0e-04	0.5404
2341	-108.9852	-108.9852	-77.7782	0.7137	76.3104	0.7005	2.0e-04	0.5382
2342	-108.9923	-108.9923	-77.7904	0.7137	76.3132	0.7004	2.0e-04	0.5389
2343	-108.9794	-108.9794	-77.4938	0.7111	76.5991	0.7031	2.0e-04	0.5390
2344	-108.9908	-108.9908	-78.3605	0.7190	75.6828	0.6946	2.0e-04	0.5396
2345	-108.9865	-108.9865	-77.3300	0.7095	76.7605	0.7046	2.0e-04	0.5388
2346	-108.9978	-108.9978	-77.6135	0.7121	76.4919	0.7021	2.0e-04	0.5396
2347	-108.9942	-108.9942	-77.7337	0.7132	76.3687	0.7010	2.0e-04	0.5387
2348	-108.9883	-108.9883	-77.6284	0.7123	76.4777	0.7019	2.0e-04	0.5393
2349	-108.9847	-108.9847	-77.3290	0.7095	76.7610	0.7047	2.0e-04	0.5390
2350	-108.9855	-108.9855	-77.7951	0.7138	76.2817	0.7002	2.0e-04	0.5391
2351	-108.9785	-108.9785	-78.5989	0.7212	75.4570	0.6927	2.0e-04	0.5391
2352	-108.9923	-108.9923	-77.3629	0.7098	76.7386	0.7044	2.0e-04	0.5392
2353	-108.9912	-108.9912	-77.0917	0.7073	77.0202	0.7069	2.0e-04	0.5394
2354	-108.9847	-108.9847	-77.7608	0.7135	76.3282	0.7006	2.0e-04	0.5381
2355	-108.9869	-108.9869	-78.3644	0.7190	75.7084	0.6950	2.0e-04	0.5388
2356	-108.9807	-108.9807	-76.1279	0.6985	77.9422	0.7156	2.0e-04	0.5375
2357	-108.9952	-108.9952	-77.0618	0.7070	77.0540	0.7072	2.0e-04	0.5392
2358	-108.9795	-108.9795	-77.9090	0.7149	76.1693	0.6991	2.0e-04	0.5385
2359	-108.9998	-108.9998	-77.1384	0.7077	76.9649	0.7064	2.0e-04	0.5387
2360	-108.9808	-108.9808	-78.4735	0.7201	75.5913	0.6939	2.0e-04	0.5380
2361	-108.9938	-108.9938	-77.6999	0.7129	76.3926	0.7012	2.0e-04	0.5386
2362	-108.9916	-108.9916	-77.4957	0.7110	76.5962	0.7030	2.0e-04	0.5376
2363	-108.9943	-108.9943	-77.8830	0.7146	76.2113	0.6996	2.0e-04	0.5385
2364	-108.9834	-108.9834	-77.8873	0.7147	76.1973	0.6995	2.0e-04	0.5389
2365	-108.9693	-108.9693	-77.6922	0.7130	76.3734	0.7012	2.0e-04	0.5399
2366	-108.9855	-108.9855	-77.9542	0.7153	76.1312	0.6988	2.0e-04	0.5391
2367	-108.9723	-108.9723	-77.5782	0.7119	76.4977	0.7023	2.0e-04	0.5387
2368	-108.9913	-108.9913	-77.6224	0.7122	76.4564	0.7018	2.0e-04	0.5382
2369	-108.9859	-108.9859	-77.7529	0.7134	76.3433	0.7007	2.0e-04	0.5374
2370	-108.9968	-108.9968	-77.6560	0.7125	76.4494	0.7017	2.0e-04	0.5386
2371	-108.9698	-108.9698	-77.6635	0.7127	76.3758	0.7012	2.0e-04	0.5392
2372	-109.0039	-109.0039	-77.5414	0.7114	76.5524	0.7027	2.0e-04	0.5400
2373	-108.9747	-108.9747	-77.5429	0.7116	76.5399	0.7026	2.0e-04	0.5385
2374	-108.9896	-108.9896	-77.1229	0.7076	76.9755	0.7066	2.0e-04	0.5381
2375	-108.9694	-108.9694	-77.3213	0.7096	76.7397	0.7045	2.0e-04	0.5386
2376	-108.9728	-108.9728	-77.1961	0.7084	76.8711	0.7057	2.0e-04	0.5383
2377	-108.9828	-108.9828	-77.2721	0.7090	76.8176	0.7051	2.0e-04	0.5393
2378	-108.9790	-108.9790	-77.5268	0.7114	76.5441	0.7027	2.0e-04	0.5399
2379	-108.9995	-108.9995	-77.4077	0.7102	76.7043	0.7039	2.0e-04	0.5386
2380	-108.9870	-108.9870	-77.7976	0.7138	76.2892	0.7003	2.0e-04	0.5386
2381	-108.9949	-108.9949	-77.7702	0.7135	76.3282	0.7006	2.0e-04	0.5383
2382	-108.9866	-108.9866	-76.8973	0.7056	77.1833	0.7085	2.0e-04	0.5380
2383	-108.9815	-108.9815	-77.9959	0.7157	76.0727	0.6984	2.0e-04	0.5379
2384	-108.9783	-108.9783	-77.9319	0.7151	76.1427	0.6990	2.0e-04	0.5381
2385	-108.9886	-108.9886	-77.4131	0.7103	76.6808	0.7039	2.0e-04	0.5385
2386	-108.9751	-108.9751	-77.1721	0.7082	76.8893	0.7059	2.0e-04	0.5376
2387	-108.9739	-108.9739	-77.1113	0.7076	76.9671	0.7065	2.0e-04	0.5382
2388	-108.9806	-108.9806	-77.2498	0.7088	76.8511	0.7054	2.0e-04	0.5387
2389	-108.9869	-108.9869	-77.1246	0.7077	76.9751	0.7066	2.0e-04	0.5382
2390	-108.9803	-108.9803	-77.8266	0.7141	76.2443	0.6999	2.0e-04	0.5385
2391	-108.9950	-108.9950	-77.1609	0.7079	76.8746	0.7055	2.0e-04	0.5378
2392	-108.9825	-108.9825	-77.2010	0.7084	76.8923	0.7058	2.0e-04	0.5383
2393	-108.9768	-108.9768	-76.9181	0.7058	77.1670	0.7084	2.0e-04	0.5400
2394	-108.9765	-108.9765	-78.5032	0.7204	75.5501	0.6935	2.0e-04	0.5393
2395	-108.9816	-108.9816	-78.1862	0.7174	75.8774	0.6966	2.0e-04	0.5398
2396	-108.9809	-108.9809	-77.7389	0.7133	76.3344	0.7007	2.0e-04	0.5394
2397	-108.9992	-108.9992	-78.2724	0.7181	75.8178	0.6959	2.0e-04	0.5393
2398	-108.9662	-108.9662	-77.9409	0.7153	76.1065	0.6988	2.0e-04	0.5392
2399	-108.9785	-108.9785	-76.7544	0.7043	77.3278	0.7098	2.0e-04	0.5397
2400	-108.9782	-108.9782	-77.5937	0.7120	76.4833	0.7022	2.0e-04	0.5396
2401	-108.9907	-108.9907	-78.2616	0.7181	75.8244	0.6960	2.0e-04	0.5379
2402	-108.9959	-108.9959	-78.0740	0.7163	76.0029	0.6976	2.0e-04	0.5386
2403	-108.9938	-108.9938	-77.1393	0.7077	76.9652	0.7065	2.0e-04	0.5381
2404	-108.9725	-108.9725	-78.1724	0.7174	75.8996	0.6967	2.0e-04	0.5384
2405	-108.9936	-108.9936	-78.2173	0.7176	75.8642	0.6964	2.0e-04	0.5376
2406	-108.9863	-108.9863	-77.4439	0.7106	76.6421	0.7035	2.0e-04	0.5392
2407	-108.9774	-108.9774	-78.0446	0.7162	76.0113	0.6978	2.0e-04	0.5392
2408	-108.9819	-108.9819	-76.9273	0.7059	77.1559	0.7083	2.0e-04	0.5378
2409	-108.9914	-108.9914	-77.4534	0.7106	76.6464	0.7035	2.0e-04	0.5389
2410	-108.9848	-108.9848	-78.2600	0.7181	75.8170	0.6959	2.0e-04	0.5388
2411	-108.9837	-108.9837	-76.4113	0.7011	77.6680	0.7130	2.0e-04	0.5399
2412	-108.9770	-108.9770	-77.8965	0.7148	76.1696	0.6993	2.0e-04	0.5380
2413	-108.9813	-108.9813	-76.5499	0.7024	77.5364	0.7118	2.0e-04	0.5373
2414	-108.9785	-108.9785	-76.5448	0.7024	77.5387	0.7118	2.0e-04	0.5386
2415	-108.9801	-108.9801	-77.0781	0.7073	77.0034	0.7069	2.0e-04	0.5390
2416	-108.9869	-108.9869	-76.7069	0.7038	77.3736	0.7102	2.0e-04	0.5377
2417	-108.9973	-108.9973	-76.2506	0.6996	77.8455	0.7145	2.0e-04	0.5396
2418	-108.9833	-108.9833	-76.3386	0.7005	77.7452	0.7136	2.0e-04	0.5378
2419	-108.9854	-108.9854	-77.0176	0.7067	77.0723	0.7075	2.0e-04	0.5379
2420	-108.9895	-108.9895	-77.2580	0.7089	76.8437	0.7054	2.0e-04	0.5383
2421	-108.9927	-108.9927	-76.3302	0.7003	77.7671	0.7138	2.0e-04	0.5382
2422	-108.9976	-108.9976	-76.7325	0.7040	77.3780	0.7102	2.0e-04	0.5373
2423	-108.9889	-108.9889	-77.0090	0.7066	77.0914	0.7076	2.0e-04	0.5391
2424	-108.9794	-108.9794	-76.9518	0.7061	77.1073	0.7078	2.0e-04	0.5382
2425	-108.9938	-108.9938	-76.9721	0.7062	77.1314	0.7080	2.0e-04	0.5388
2426	-108.9817	-108.9817	-77.4247	0.7104	76.6601	0.7038	2.0e-04	0.5389
2427	-109.0021	-109.0021	-77.1336	0.7076	76.9462	0.7063	2.0e-04	0.5384
2428	-109.0081	-109.0081	-76.5501	0.7022	77.5639	0.7119	2.0e-04	0.5381
2429	-108.9734	-108.9734	-76.8254	0.7050	77.2559	0.7092	2.0e-04	0.5390
2430	-108.9860	-108.9860	-77.4465	0.7106	76.6218	0.7034	2.0e-04	0.5385
2431	-108.9836	-108.9836	-76.8791	0.7054	77.1930	0.7087	2.0e-04	0.5377
2432	-108.9997	-108.9997	-76.0429	0.6976	78.0286	0.7162	2.0e-04	0.5370
2433	-108.9908	-108.9908	-76.9190	0.7057	77.1771	0.7084	2.0e-04	0.5390
2434	-108.9840	-108.9840	-76.5435	0.7023	77.5420	0.7118	2.0e-04	0.5387
2435	-108.9799	-108.9799	-76.6338	0.7032	77.4521	0.7110	2.0e-04	0.5396
2436	-108.9870	-108.9870	-76.7162	0.7039	77.3609	0.7102	2.0e-04	0.5391
2437	-108.9922	-108.9922	-78.1034	0.7166	75.9935	0.6974	2.0e-04	0.5390
2438	-108.9868	-108.9868	-77.2829	0.7091	76.7932	0.7050	2.0e-04	0.5388
2439	-108.9833	-108.9833	-78.2937	0.7184	75.7782	0.6956	2.0e-04	0.5391
2440	-109.0019	-109.0019	-77.3496	0.7096	76.7645	0.7046	2.0e-04	0.5392
2441	-108.9974	-108.9974	-78.0647	0.7162	76.0286	0.6978	2.0e-04	0.5391
2442	-108.9972	-108.9972	-77.6526	0.7124	76.4440	0.7016	2.0e-04	0.5389
2443	-108.9855	-108.9855	-78.3136	0.7186	75.7690	0.6955	2.0e-04	0.5391
2444	-108.9985	-108.9985	-78.4264	0.7195	75.6466	0.6944	2.0e-04	0.5388
2445	-108.9732	-108.9732	-78.5098	0.7205	75.5353	0.6934	2.0e-04	0.5375
2446	-108.9897	-108.9897	-77.9628	0.7153	76.1093	0.6987	2.0e-04	0.5378
2447	-108.9997	-108.9997	-77.1942	0.7082	76.9264	0.7060	2.0e-04	0.5398
2448	-108.9852	-108.9852	-78.1329	0.7169	75.9475	0.6971	2.0e-04	0.5400
2449	-108.9777	-108.9777	-78.7112	0.7223	75.3336	0.6916	2.0e-04	0.5399
2450	-109.0037	-109.0037	-78.9646	0.7244	75.0917	0.6892	2.0e-04	0.5385
2451	-108.9847	-108.9847	-78.2492	0.7180	75.8269	0.6960	2.0e-04	0.5379
2452	-108.9915	-108.9915	-78.7693	0.7227	75.2878	0.6910	2.0e-04	0.5392
2453	-108.9824	-108.9824	-78.9761	0.7247	75.0658	0.6890	2.0e-04	0.5385
2454	-108.9798	-108.9798	-80.3543	0.7373	73.5809	0.6755	2.0e-04	0.5378
2455	-108.9966	-108.9966	-79.3018	0.7276	74.7380	0.6860	2.0e-04	0.5392
2456	-108.9838	-108.9838	-78.7525	0.7226	75.2968	0.6912	2.0e-04	0.5402
2457	-108.9914	-108.9914	-79.8096	0.7323	74.1920	0.6810	2.0e-04	0.5393
2458	-108.9946	-108.9946	-79.3353	0.7279	74.6965	0.6857	2.0e-04	0.5383
2459	-108.9916	-108.9916	-79.3056	0.7276	74.7226	0.6859	2.0e-04	0.5376
2460	-109.0091	-109.0091	-79.4012	0.7284	74.6489	0.6852	2.0e-04	0.5376
2461	-109.0015	-109.0015	-79.2278	0.7269	74.8262	0.6868	2.0e-04	0.5381
2462	-108.9787	-108.9787	-77.9928	0.7157	76.0863	0.6984	2.0e-04	0.5377
2463	-108.9712	-108.9712	-79.0683	0.7256	74.9503	0.6880	2.0e-04	0.5383
2464	-109.0005	-109.0005	-79.6857	0.7311	74.3277	0.6823	2.0e-04	0.5385
2465	-108.9800	-108.9800	-79.3295	0.7279	74.6988	0.6856	2.0e-04	0.5392
2466	-108.9769	-108.9769	-79.3197	0.7279	74.6778	0.6856	2.0e-04	0.5386
2467	-108.9829	-108.9829	-79.3391	0.7280	74.6860	0.6856	2.0e-04	0.5386
2468	-108.9955	-108.9955	-80.6293	0.7397	73.2804	0.6728	2.0e-04	0.5376
2469	-108.9835	-108.9835	-79.5641	0.7301	74.4291	0.6832	2.0e-04	0.5386
2470	-108.9888	-108.9888	-80.4737	0.7384	73.4708	0.6744	2.0e-04	0.5374
2471	-108.9877	-108.9877	-78.7046	0.7221	75.3525	0.6917	2.0e-04	0.5382
2472	-108.9854	-108.9854	-79.7293	0.7316	74.2616	0.6817	2.0e-04	0.5372
2473	-108.9907	-108.9907	-80.1667	0.7355	73.7980	0.6774	2.0e-04	0.5394
2474	-108.9736	-108.9736	-79.9335	0.7335	74.0258	0.6796	2.0e-04	0.5380
2475	-109.0134	-109.0134	-79.1703	0.7262	74.8954	0.6874	2.0e-04	0.5382
2476	-108.9891	-108.9891	-79.6743	0.7310	74.3254	0.6823	2.0e-04	0.5387
2477	-108.9870	-108.9870	-78.9799	0.7247	75.0645	0.6890	2.0e-04	0.5383
2478	-108.9908	-108.9908	-79.4712	0.7292	74.5195	0.6840	2.0e-04	0.5389
2479	-108.9806	-108.9806	-79.6001	0.7304	74.4008	0.6829	2.0e-04	0.5389
2480	-108.9831	-108.9831	-79.9103	0.7332	74.0659	0.6800	2.0e-04	0.5374
2481	-108.9789	-108.9789	-80.1637	0.7356	73.7939	0.6774	2.0e-04	0.5383
2482	-108.9929	-108.9929	-80.1334	0.7352	73.8490	0.6778	2.0e-04	0.5402
2483	-108.9775	-108.9775	-80.1897	0.7358	73.7759	0.6772	2.0e-04	0.5401
2484	-108.9736	-108.9736	-80.1746	0.7357	73.7685	0.6772	2.0e-04	0.5382
2485	-108.9818	-108.9818	-79.6788	0.7311	74.3132	0.6822	2.0e-04	0.5377
2486	-108.9686	-108.9686	-79.7106	0.7315	74.2699	0.6818	2.0e-04	0.5384
2487	-108.9891	-108.9891	-80.1612	0.7355	73.8028	0.6775	2.0e-04	0.5387
2488	-108.9870	-108.9870	-80.3107	0.7369	73.6453	0.6760	2.0e-04	0.5390
2489	-108.9870	-108.9870	-80.1765	0.7357	73.7667	0.6772	2.0e-04	0.5398
2490	-108.9891	-108.9891	-79.5195	0.7296	74.5064	0.6839	2.0e-04	0.5394
2491	-108.9877	-108.9877	-80.6968	0.7404	73.2184	0.6721	2.0e-04	0.5381
2492	-108.9689	-108.9689	-80.0587	0.7347	73.8980	0.6784	2.0e-04	0.5366
2493	-108.9879	-108.9879	-79.3806	0.7283	74.6352	0.6851	2.0e-04	0.5379
2494	-109.0013	-109.0013	-78.5705	0.7208	75.5221	0.6931	2.0e-04	0.5392
2495	-108.9869	-108.9869	-78.9337	0.7242	75.1214	0.6895	2.0e-04	0.5412
2496	-108.9943	-108.9943	-79.6485	0.7308	74.3394	0.6824	2.0e-04	0.5386
2497	-108.9724	-108.9724	-79.5629	0.7301	74.4177	0.6832	2.0e-04	0.5389
2498	-108.9832	-108.9832	-80.2954	0.7368	73.6542	0.6761	2.0e-04	0.5382
2499	-108.9815	-108.9815	-79.7186	0.7315	74.2734	0.6818	2.0e-04	0.5381
2500	-108.9753	-108.9753	-79.4070	0.7287	74.6077	0.6848	2.0e-04	0.5379
2501	-108.9976	-108.9976	-79.5895	0.7302	74.4419	0.6832	2.0e-04	0.5360
2502	-108.9907	-108.9907	-79.3636	0.7282	74.6625	0.6854	2.0e-04	0.5390
2503	-108.9845	-108.9845	-79.7822	0.7321	74.2132	0.6812	2.0e-04	0.5392
2504	-108.9791	-108.9791	-80.0103	0.7342	73.9588	0.6790	2.0e-04	0.5378
2505	-108.9825	-108.9825	-79.8314	0.7325	74.1632	0.6807	2.0e-04	0.5389
2506	-108.9878	-108.9878	-79.2528	0.7272	74.7870	0.6864	2.0e-04	0.5390
2507	-108.9837	-108.9837	-79.7282	0.7316	74.2610	0.6816	2.0e-04	0.5389
2508	-108.9780	-108.9780	-79.5205	0.7297	74.4879	0.6838	2.0e-04	0.5380
2509	-108.9951	-108.9951	-79.7197	0.7314	74.2553	0.6817	2.0e-04	0.5381
2510	-108.9871	-108.9871	-79.8849	0.7330	74.1051	0.6802	2.0e-04	0.5385
2511	-108.9745	-108.9745	-79.8993	0.7332	74.0751	0.6800	2.0e-04	0.5396
2512	-108.9795	-108.9795	-78.7342	0.7225	75.3108	0.6914	2.0e-04	0.5385
2513	-108.9818	-108.9818	-79.4140	0.7287	74.6007	0.6847	2.0e-04	0.5401
2514	-108.9909	-108.9909	-79.6969	0.7312	74.2615	0.6817	2.0e-04	0.5385
2515	-108.9830	-108.9830	-79.3907	0.7285	74.6184	0.6849	2.0e-04	0.5399
2516	-108.9899	-108.9899	-79.1371	0.7261	74.9043	0.6876	2.0e-04	0.5393
2517	-108.9829	-108.9829	-79.0983	0.7258	74.9307	0.6878	2.0e-04	0.5404
2518	-109.0060	-109.0060	-79.7203	0.7313	74.3058	0.6820	2.0e-04	0.5400
2519	-109.0043	-109.0043	-79.0727	0.7254	74.9924	0.6883	2.0e-04	0.5382
2520	-108.9863	-108.9863	-79.1003	0.7258	74.9369	0.6879	2.0e-04	0.5380
2521	-108.9769	-108.9769	-78.9683	0.7246	75.0608	0.6891	2.0e-04	0.5375
2522	-108.9869	-108.9869	-78.3138	0.7186	75.7386	0.6953	2.0e-04	0.5382
2523	-108.9961	-108.9961	-79.2039	0.7267	74.8398	0.6870	2.0e-04	0.5389
2524	-108.9853	-108.9853	-78.6334	0.7215	75.4336	0.6924	2.0e-04	0.5394
2525	-108.9716	-108.9716	-78.6800	0.7220	75.3645	0.6919	2.0e-04	0.5386
2526	-108.9731	-108.9731	-77.7650	0.7136	76.2991	0.7004	2.0e-04	0.5397
2527	-108.9851	-108.9851	-78.4911	0.7202	75.5743	0.6937	2.0e-04	0.5367
2528	-108.9843	-108.9843	-78.1595	0.7172	75.9162	0.6969	2.0e-04	0.5374
2529	-108.9783	-108.9783	-77.5934	0.7120	76.4825	0.7021	2.0e-04	0.5400
2530	-108.9717	-108.9717	-77.6845	0.7129	76.3831	0.7012	2.0e-04	0.5396
2531	-108.9899	-108.9899	-78.6984	0.7221	75.3672	0.6917	2.0e-04	0.5377
2532	-108.9833	-108.9833	-78.1903	0.7175	75.8754	0.6966	2.0e-04	0.5379
2533	-108.9944	-108.9944	-78.0620	0.7162	76.0295	0.6979	2.0e-04	0.5385
2534	-108.9998	-108.9998	-77.9526	0.7152	76.1500	0.6990	2.0e-04	0.5381
2535	-109.0054	-109.0054	-77.0637	0.7070	77.0418	0.7071	2.0e-04	0.5374
2536	-108.9809	-108.9809	-77.1582	0.7080	76.9373	0.7062	2.0e-04	0.5381
2537	-108.9710	-108.9710	-77.9857	0.7157	76.0611	0.6983	2.0e-04	0.5394
2538	-108.9895	-108.9895	-77.4761	0.7109	76.6174	0.7033	2.0e-04	0.5407
2539	-108.9769	-108.9769	-77.5745	0.7118	76.5001	0.7023	2.0e-04	0.5401
2540	-108.9836	-108.9836	-77.0466	0.7070	77.0439	0.7072	2.0e-04	0.5391
2541	-108.9941	-108.9941	-76.5562	0.7024	77.5572	0.7118	2.0e-04	0.5393
2542	-108.9979	-108.9979	-76.6959	0.7036	77.4032	0.7105	2.0e-04	0.5383
2543	-108.9811	-108.9811	-76.3924	0.7010	77.6940	0.7132	2.0e-04	0.5393
2544	-108.9946	-108.9946	-76.3130	0.7002	77.7838	0.7139	2.0e-04	0.5382
2545	-109.0003	-109.0003	-76.6863	0.7035	77.4264	0.7106	2.0e-04	0.5377
2546	-108.9941	-108.9941	-76.6975	0.7037	77.4124	0.7105	2.0e-04	0.5381
2547	-108.9888	-108.9888	-76.6552	0.7033	77.4361	0.7107	2.0e-04	0.5385
2548	-108.9870	-108.9870	-76.2717	0.6998	77.8109	0.7143	2.0e-04	0.5378
2549	-109.0013	-109.0013	-75.9932	0.6972	78.0861	0.7167	2.0e-04	0.5389
2550	-108.9813	-108.9813	-76.6512	0.7033	77.4429	0.7109	2.0e-04	0.5386
2551	-108.9766	-108.9766	-77.1467	0.7079	76.9447	0.7063	2.0e-04	0.5375
2552	-108.9980	-108.9980	-75.8582	0.6960	78.2394	0.7181	2.0e-04	0.5389
2553	-108.9952	-108.9952	-76.2062	0.6992	77.8812	0.7149	2.0e-04	0.5377
2554	-109.0029	-109.0029	-77.6423	0.7123	76.4722	0.7019	2.0e-04	0.5389
2555	-108.9914	-108.9914	-77.2149	0.7084	76.8839	0.7057	2.0e-04	0.5386
2556	-108.9815	-108.9815	-76.4766	0.7017	77.6119	0.7124	2.0e-04	0.5378
2557	-108.9883	-108.9883	-77.7302	0.7132	76.3454	0.7008	2.0e-04	0.5387
2558	-108.9836	-108.9836	-76.9760	0.7063	77.1082	0.7079	2.0e-04	0.5393
2559	-108.9630	-108.9630	-77.8873	0.7148	76.1668	0.6993	2.0e-04	0.5377
2560	-108.9773	-108.9773	-77.8990	0.7148	76.1556	0.6991	2.0e-04	0.5395
2561	-108.9913	-108.9913	-76.9699	0.7062	77.1339	0.7080	2.0e-04	0.5400
2562	-108.9867	-108.9867	-77.2674	0.7090	76.8333	0.7052	2.0e-04	0.5381
2563	-108.9920	-108.9920	-76.3248	0.7003	77.7719	0.7139	2.0e-04	0.5378
2564	-108.9943	-108.9943	-77.9066	0.7148	76.1809	0.6993	2.0e-04	0.5375
2565	-108.9837	-108.9837	-77.1396	0.7078	76.9513	0.7064	2.0e-04	0.5379
2566	-108.9905	-108.9905	-76.8183	0.7048	77.2826	0.7094	2.0e-04	0.5376
2567	-108.9826	-108.9826	-77.7476	0.7134	76.3340	0.7008	2.0e-04	0.5379
2568	-108.9846	-108.9846	-75.8758	0.6962	78.1701	0.7176	2.0e-04	0.5397
2569	-108.9844	-108.9844	-77.2007	0.7084	76.8940	0.7058	2.0e-04	0.5391
2570	-108.9749	-108.9749	-77.1578	0.7080	76.9094	0.7060	2.0e-04	0.5393
2571	-108.9822	-108.9822	-77.3759	0.7100	76.7176	0.7042	2.0e-04	0.5389
2572	-108.9632	-108.9632	-77.3939	0.7103	76.6694	0.7039	2.0e-04	0.5385
2573	-108.9918	-108.9918	-77.9356	0.7151	76.1575	0.6991	2.0e-04	0.5392
2574	-108.9888	-108.9888	-77.3247	0.7095	76.7681	0.7047	2.0e-04	0.5378
2575	-108.9770	-108.9770	-77.2663	0.7090	76.8120	0.7051	2.0e-04	0.5382
2576	-108.9936	-108.9936	-77.1029	0.7074	76.9980	0.7067	2.0e-04	0.5384
2577	-108.9873	-108.9873	-76.4335	0.7013	77.6475	0.7127	2.0e-04	0.5382
2578	-108.9647	-108.9647	-76.8368	0.7052	77.2204	0.7090	2.0e-04	0.5389
2579	-108.9862	-108.9862	-76.0312	0.6976	78.0331	0.7164	2.0e-04	0.5383
2580	-108.9858	-108.9858	-76.7479	0.7042	77.3416	0.7100	2.0e-04	0.5376
2581	-108.9875	-108.9875	-77.3383	0.7096	76.7625	0.7046	2.0e-04	0.5385
2582	-108.9978	-108.9978	-77.0919	0.7073	76.9947	0.7068	2.0e-04	0.5406
2583	-109.0099	-109.0099	-76.5438	0.7022	77.5840	0.7120	2.0e-04	0.5393
2584	-108.9922	-108.9922	-76.0867	0.6981	77.9986	0.7160	2.0e-04	0.5379
2585	-108.9804	-108.9804	-76.4242	0.7013	77.6536	0.7129	2.0e-04	0.5384
2586	-108.9975	-108.9975	-76.9914	0.7064	77.0917	0.7077	2.0e-04	0.5395
2587	-108.9867	-108.9867	-76.4271	0.7013	77.6453	0.7128	2.0e-04	0.5383
2588	-108.9907	-108.9907	-76.4213	0.7012	77.6779	0.7130	2.0e-04	0.5379
2589	-108.9694	-108.9694	-76.7802	0.7046	77.3000	0.7096	2.0e-04	0.5390
2590	-109.0001	-109.0001	-75.9137	0.6965	78.1776	0.7176	2.0e-04	0.5379
2591	-109.0035	-109.0035	-75.7167	0.6946	78.3761	0.7194	2.0e-04	0.5383
2592	-108.9971	-108.9971	-75.7745	0.6952	78.3193	0.7188	2.0e-04	0.5373
2593	-108.9986	-108.9986	-76.7795	0.7044	77.3353	0.7098	2.0e-04	0.5372
2594	-108.9849	-108.9849	-76.2944	0.7000	77.7967	0.7140	2.0e-04	0.5381
2595	-108.9833	-108.9833	-76.3086	0.7002	77.7813	0.7140	2.0e-04	0.5389
2596	-108.9887	-108.9887	-76.1820	0.6990	77.8938	0.7150	2.0e-04	0.5382
2597	-108.9793	-108.9793	-76.6336	0.7032	77.4386	0.7110	2.0e-04	0.5394
2598	-108.9784	-108.9784	-78.5906	0.7212	75.4683	0.6927	2.0e-04	0.5389
2599	-108.9697	-108.9697	-76.7821	0.7046	77.2828	0.7095	2.0e-04	0.5386
2600	-108.9880	-108.9880	-76.8436	0.7051	77.2506	0.7091	2.0e-04	0.5372
2601	-108.9920	-108.9920	-76.9358	0.7059	77.1312	0.7080	2.0e-04	0.5365
2602	-108.9838	-108.9838	-77.3598	0.7098	76.7273	0.7044	2.0e-04	0.5403
2603	-108.9830	-108.9830	-77.0014	0.7065	77.1021	0.7077	2.0e-04	0.5388
2604	-108.9866	-108.9866	-77.3884	0.7101	76.7201	0.7041	2.0e-04	0.5375
2605	-108.9833	-108.9833	-76.9149	0.7057	77.1804	0.7085	2.0e-04	0.5386
2606	-108.9991	-108.9991	-76.8027	0.7046	77.3056	0.7095	2.0e-04	0.5379
2607	-108.9906	-108.9906	-76.6318	0.7031	77.4344	0.7108	2.0e-04	0.5384
2608	-108.9818	-108.9818	-77.1854	0.7082	76.9015	0.7059	2.0e-04	0.5372
2609	-108.9875	-108.9875	-75.7693	0.6952	78.3075	0.7186	2.0e-04	0.5400
2610	-108.9987	-108.9987	-76.8510	0.7051	77.2645	0.7091	2.0e-04	0.5401
2611	-109.0012	-109.0012	-77.0769	0.7071	77.0324	0.7071	2.0e-04	0.5388
2612	-108.9905	-108.9905	-77.4966	0.7110	76.5951	0.7031	2.0e-04	0.5389
2613	-108.9726	-108.9726	-77.6708	0.7128	76.3922	0.7012	2.0e-04	0.5386
2614	-108.9873	-108.9873	-77.7715	0.7136	76.3019	0.7004	2.0e-04	0.5381
2615	-108.9749	-108.9749	-77.4159	0.7104	76.6630	0.7038	2.0e-04	0.5388
2616	-108.9860	-108.9860	-77.2730	0.7090	76.8091	0.7051	2.0e-04	0.5388
2617	-108.9879	-108.9879	-77.2150	0.7085	76.8949	0.7057	2.0e-04	0.5406
2618	-108.9907	-108.9907	-77.9902	0.7156	76.1044	0.6985	2.0e-04	0.5381
2619	-109.0076	-109.0076	-78.4065	0.7193	75.6916	0.6947	2.0e-04	0.5390
2620	-108.9970	-108.9970	-77.1301	0.7076	76.9768	0.7066	2.0e-04	0.5399
2621	-109.0023	-109.0023	-77.8152	0.7139	76.2808	0.7001	2.0e-04	0.5402
2622	-108.9876	-108.9876	-78.1207	0.7168	75.9627	0.6973	2.0e-04	0.5404
2623	-108.9858	-108.9858	-77.0493	0.7070	77.0361	0.7071	2.0e-04	0.5380
2624	-109.0047	-109.0047	-76.9730	0.7061	77.1339	0.7080	2.0e-04	0.5388
2625	-109.0087	-109.0087	-78.2392	0.7177	75.8654	0.6963	2.0e-04	0.5381
2626	-108.9823	-108.9823	-78.3266	0.7187	75.7378	0.6952	2.0e-04	0.5389
2627	-108.9802	-108.9802	-78.5632	0.7209	75.4711	0.6928	2.0e-04	0.5386
2628	-108.9852	-108.9852	-77.2959	0.7092	76.7550	0.7045	2.0e-04	0.5377
2629	-108.9885	-108.9885	-78.1139	0.7167	75.9639	0.6974	2.0e-04	0.5395
2630	-108.9893	-108.9893	-77.5098	0.7112	76.5954	0.7030	2.0e-04	0.5384
2631	-108.9865	-108.9865	-77.5893	0.7119	76.4904	0.7022	2.0e-04	0.5372
2632	-108.9868	-108.9868	-77.1098	0.7075	76.9803	0.7066	2.0e-04	0.5383
2633	-108.9848	-108.9848	-77.4550	0.7107	76.6422	0.7035	2.0e-04	0.5382
2634	-108.9730	-108.9730	-77.9790	0.7156	76.0933	0.6985	2.0e-04	0.5385
2635	-108.9864	-108.9864	-76.9760	0.7063	77.1213	0.7079	2.0e-04	0.5377
2636	-108.9786	-108.9786	-77.9046	0.7149	76.1804	0.6993	2.0e-04	0.5377
2637	-108.9833	-108.9833	-77.5000	0.7111	76.5511	0.7027	2.0e-04	0.5384
2638	-108.9862	-108.9862	-78.8015	0.7230	75.2607	0.6908	2.0e-04	0.5381
2639	-109.0006	-109.0006	-77.2502	0.7087	76.8249	0.7051	2.0e-04	0.5394
2640	-108.9966	-108.9966	-77.8880	0.7146	76.2097	0.6995	2.0e-04	0.5398
2641	-108.9882	-108.9882	-77.2754	0.7090	76.8237	0.7052	2.0e-04	0.5398
2642	-108.9827	-108.9827	-77.0443	0.7069	77.0465	0.7072	2.0e-04	0.5382
2643	-108.9884	-108.9884	-78.4182	0.7195	75.6536	0.6945	2.0e-04	0.5379
2644	-108.9817	-108.9817	-78.4618	0.7200	75.5965	0.6939	2.0e-04	0.5387
2645	-108.9807	-108.9807	-77.8397	0.7143	76.2287	0.6997	2.0e-04	0.5376
2646	-108.9950	-108.9950	-77.2133	0.7084	76.8964	0.7058	2.0e-04	0.5372
2647	-108.9787	-108.9787	-78.1621	0.7172	75.9114	0.6968	2.0e-04	0.5387
2648	-108.9878	-108.9878	-78.3550	0.7189	75.7273	0.6951	2.0e-04	0.5389
2649	-108.9768	-108.9768	-77.9335	0.7151	76.1332	0.6989	2.0e-04	0.5399
2650	-108.9772	-108.9772	-77.3735	0.7100	76.7120	0.7042	2.0e-04	0.5383
2651	-109.0022	-109.0022	-76.9698	0.7061	77.1189	0.7079	2.0e-04	0.5385
2652	-108.9819	-108.9819	-77.3708	0.7099	76.7318	0.7043	2.0e-04	0.5379
2653	-108.9871	-108.9871	-77.9075	0.7148	76.1833	0.6993	2.0e-04	0.5384
2654	-108.9927	-108.9927	-77.5767	0.7118	76.5203	0.7024	2.0e-04	0.5387
2655	-108.9825	-108.9825	-77.3917	0.7101	76.7055	0.7041	2.0e-04	0.5397
2656	-108.9815	-108.9815	-78.1518	0.7171	75.9238	0.6970	2.0e-04	0.5387
2657	-108.9810	-108.9810	-77.1288	0.7077	76.9618	0.7065	2.0e-04	0.5398
2658	-108.9850	-108.9850	-76.6014	0.7029	77.4909	0.7113	2.0e-04	0.5386
2659	-108.9882	-108.9882	-77.4849	0.7109	76.6062	0.7032	2.0e-04	0.5393
2660	-108.9894	-108.9894	-76.9217	0.7058	77.1728	0.7084	2.0e-04	0.5385
2661	-108.9892	-108.9892	-77.7526	0.7134	76.3407	0.7008	2.0e-04	0.5363
2662	-109.0125	-109.0125	-77.6351	0.7122	76.4727	0.7019	2.0e-04	0.5370
2663	-108.9981	-108.9981	-77.6748	0.7126	76.4289	0.7015	2.0e-04	0.5380
2664	-108.9888	-108.9888	-76.8406	0.7050	77.2462	0.7090	2.0e-04	0.5377
2665	-108.9972	-108.9972	-77.4036	0.7101	76.6785	0.7038	2.0e-04	0.5371
2666	-108.9969	-108.9969	-76.9316	0.7058	77.1628	0.7083	2.0e-04	0.5383
2667	-108.9811	-108.9811	-77.4251	0.7104	76.6514	0.7036	2.0e-04	0.5388
2668	-109.0026	-109.0026	-76.9746	0.7062	77.1422	0.7080	2.0e-04	0.5389
2669	-108.9979	-108.9979	-76.4598	0.7015	77.6614	0.7127	2.0e-04	0.5394
2670	-108.9795	-108.9795	-78.1543	0.7171	75.9088	0.6968	2.0e-04	0.5383
2671	-109.0016	-109.0016	-76.8044	0.7046	77.3061	0.7096	2.0e-04	0.5385
2672	-108.9783	-108.9783	-76.3400	0.7005	77.7372	0.7136	2.0e-04	0.5388
2673	-108.9756	-108.9756	-76.6456	0.7033	77.4094	0.7106	2.0e-04	0.5385
2674	-108.9766	-108.9766	-76.3639	0.7007	77.7124	0.7134	2.0e-04	0.5384
2675	-108.9931	-108.9931	-76.8307	0.7049	77.2664	0.7093	2.0e-04	0.5386
2676	-108.9756	-108.9756	-78.0633	0.7163	75.9779	0.6974	2.0e-04	0.5388
2677	-108.9712	-108.9712	-76.5464	0.7024	77.5250	0.7117	2.0e-04	0.5382
2678	-108.9990	-108.9990	-76.3345	0.7003	77.7605	0.7138	2.0e-04	0.5387
2679	-108.9819	-108.9819	-76.7004	0.7038	77.3845	0.7104	2.0e-04	0.5401
2680	-108.9937	-108.9937	-76.8575	0.7052	77.2386	0.7090	2.0e-04	0.5391
2681	-108.9765	-108.9765	-76.2724	0.6999	77.8027	0.7142	2.0e-04	0.5386
2682	-108.9829	-108.9829	-77.3443	0.7097	76.7501	0.7045	2.0e-04	0.5376
2683	-108.9777	-108.9777	-77.2938	0.7093	76.7976	0.7049	2.0e-04	0.5386
2684	-108.9599	-108.9599	-76.7552	0.7044	77.3100	0.7097	2.0e-04	0.5382
2685	-108.9852	-108.9852	-77.2988	0.7093	76.7982	0.7049	2.0e-04	0.5383
2686	-108.9724	-108.9724	-76.0195	0.6976	78.0439	0.7164	2.0e-04	0.5396
2687	-108.9850	-108.9850	-76.0489	0.6978	78.0296	0.7163	2.0e-04	0.5400
2688	-108.9800	-108.9800	-76.5275	0.7022	77.5591	0.7119	2.0e-04	0.5396
2689	-109.0040	-109.0040	-76.6204	0.7029	77.4905	0.7113	2.0e-04	0.5399
2690	-108.9910	-108.9911	-75.3411	0.6913	78.7232	0.7226	2.0e-04	0.5393
2691	-108.9851	-108.9851	-75.8510	0.6960	78.2223	0.7180	2.0e-04	0.5390
2692	-108.9852	-108.9852	-75.8157	0.6957	78.2593	0.7184	1.9e-04	0.5388
2693	-108.9806	-108.9807	-75.8953	0.6964	78.1779	0.7176	1.9e-04	0.5376
2694	-108.9838	-108.9839	-75.6905	0.6945	78.3621	0.7193	1.9e-04	0.5375
2695	-108.9782	-108.9783	-75.2014	0.6901	78.8428	0.7237	1.9e-04	0.5384
2696	-108.9914	-108.9914	-76.1786	0.6989	77.9148	0.7152	1.9e-04	0.5375
2697	-108.9890	-108.9891	-75.1500	0.6895	78.9017	0.7243	1.9e-04	0.5377
2698	-108.9934	-108.9934	-76.7633	0.7043	77.3285	0.7098	1.9e-04	0.5374
2699	-108.9791	-108.9791	-76.9487	0.7061	77.1398	0.7081	1.9e-04	0.5390
2700	-108.9918	-108.9919	-75.9182	0.6965	78.1647	0.7175	1.9e-04	0.5382
2701	-108.9837	-108.9838	-75.4490	0.6923	78.6234	0.7216	1.9e-04	0.5365
2702	-108.9981	-108.9981	-76.2345	0.6994	77.8623	0.7147	1.9e-04	0.5378
2703	-108.9870	-108.9870	-75.8651	0.6961	78.2064	0.7178	1.9e-04	0.5373
2704	-109.0009	-109.0009	-76.5008	0.7018	77.6101	0.7123	1.9e-04	0.5384
2705	-108.9970	-108.9970	-75.8328	0.6957	78.2443	0.7182	1.9e-04	0.5385
2706	-108.9897	-108.9897	-76.2915	0.7000	77.7964	0.7141	1.9e-04	0.5388
2707	-108.9875	-108.9876	-75.9081	0.6965	78.1721	0.7175	1.9e-04	0.5388
2708	-108.9801	-108.9801	-76.9779	0.7063	77.1146	0.7079	1.9e-04	0.5389
2709	-108.9740	-108.9740	-76.4151	0.7012	77.6581	0.7129	1.9e-04	0.5378
2710	-108.9740	-108.9740	-76.4268	0.7013	77.6482	0.7128	1.9e-04	0.5391
2711	-108.9971	-108.9971	-76.6920	0.7036	77.4144	0.7106	1.9e-04	0.5382
2712	-108.9884	-108.9884	-76.1800	0.6990	77.8943	0.7150	1.9e-04	0.5390
2713	-108.9939	-108.9939	-75.7469	0.6950	78.3340	0.7190	1.9e-04	0.5399
2714	-108.9668	-108.9668	-76.3441	0.7006	77.7221	0.7135	1.9e-04	0.5378
2715	-108.9711	-108.9711	-76.4328	0.7014	77.6423	0.7127	1.9e-04	0.5387
2716	-108.9917	-108.9917	-76.4586	0.7015	77.6441	0.7127	1.9e-04	0.5397
2717	-108.9879	-108.9879	-76.4611	0.7016	77.6372	0.7126	1.9e-04	0.5397
2718	-108.9909	-108.9909	-76.1713	0.6989	77.9152	0.7152	1.9e-04	0.5389
2719	-108.9881	-108.9881	-76.7682	0.7044	77.3021	0.7095	1.9e-04	0.5385
2720	-108.9865	-108.9865	-77.0296	0.7068	77.0657	0.7074	1.9e-04	0.5387
2721	-108.9874	-108.9874	-76.9695	0.7062	77.1332	0.7080	1.9e-04	0.5381
2722	-108.9991	-108.9991	-76.7435	0.7041	77.3697	0.7101	1.9e-04	0.5377
2723	-108.9869	-108.9869	-76.5164	0.7021	77.5736	0.7120	1.9e-04	0.5393
2724	-108.9922	-108.9922	-76.4987	0.7019	77.5925	0.7123	1.9e-04	0.5403
2725	-108.9883	-108.9883	-76.4405	0.7014	77.6474	0.7128	1.9e-04	0.5379
2726	-108.9951	-108.9951	-77.5342	0.7114	76.5698	0.7028	1.9e-04	0.5378
2727	-108.9942	-108.9942	-76.7092	0.7038	77.3958	0.7104	1.9e-04	0.5383
2728	-108.9913	-108.9913	-76.6923	0.7037	77.4062	0.7105	1.9e-04	0.5379
2729	-108.9973	-108.9973	-77.9020	0.7147	76.1848	0.6992	1.9e-04	0.5381
2730	-108.9867	-108.9867	-76.7758	0.7045	77.2980	0.7096	1.9e-04	0.5377
2731	-108.9819	-108.9819	-78.1368	0.7170	75.9451	0.6971	1.9e-04	0.5375
2732	-108.9947	-108.9947	-77.2909	0.7091	76.8044	0.7050	1.9e-04	0.5393
2733	-108.9900	-108.9900	-76.5956	0.7028	77.4899	0.7114	1.9e-04	0.5378
2734	-108.9888	-108.9888	-76.9707	0.7062	77.1214	0.7079	1.9e-04	0.5370
2735	-108.9801	-108.9801	-76.0904	0.6982	77.9875	0.7158	1.9e-04	0.5391
2736	-108.9846	-108.9846	-77.0412	0.7069	77.0593	0.7072	1.9e-04	0.5398
2737	-108.9989	-108.9989	-77.9255	0.7149	76.1673	0.6992	1.9e-04	0.5401
2738	-108.9677	-108.9677	-77.5367	0.7116	76.5298	0.7026	1.9e-04	0.5404
2739	-108.9825	-108.9825	-76.9097	0.7057	77.1877	0.7085	1.9e-04	0.5397
2740	-108.9894	-108.9894	-76.3112	0.7002	77.7661	0.7138	1.9e-04	0.5395
2741	-108.9740	-108.9740	-76.5741	0.7027	77.4743	0.7112	1.9e-04	0.5392
2742	-108.9977	-108.9978	-75.8003	0.6954	78.2773	0.7185	1.9e-04	0.5384
2743	-109.0106	-109.0106	-76.8470	0.7049	77.2752	0.7092	1.9e-04	0.5388
2744	-108.9956	-108.9956	-75.8786	0.6962	78.2125	0.7179	1.9e-04	0.5389
2745	-108.9901	-108.9901	-76.9582	0.7061	77.1400	0.7081	1.9e-04	0.5389
2746	-108.9866	-108.9866	-77.1385	0.7078	76.9530	0.7064	1.9e-04	0.5371
2747	-108.9854	-108.9854	-76.0534	0.6978	78.0155	0.7161	1.9e-04	0.5394
2748	-108.9996	-108.9996	-76.3958	0.7009	77.6797	0.7131	1.9e-04	0.5400
2749	-108.9763	-108.9763	-77.1592	0.7080	76.9278	0.7062	1.9e-04	0.5389
2750	-108.9947	-108.9947	-76.3938	0.7009	77.7120	0.7133	1.9e-04	0.5394
2751	-108.9830	-108.9830	-75.8249	0.6957	78.2493	0.7183	1.9e-04	0.5394
2752	-109.0065	-109.0065	-76.1746	0.6988	77.9299	0.7153	1.9e-04	0.5379
2753	-108.9949	-108.9949	-76.3656	0.7006	77.7400	0.7135	1.9e-04	0.5380
2754	-108.9800	-108.9800	-76.8955	0.7056	77.1817	0.7085	1.9e-04	0.5379
2755	-108.9811	-108.9811	-77.2306	0.7087	76.8543	0.7055	1.9e-04	0.5382
2756	-108.9941	-108.9941	-76.7898	0.7045	77.3087	0.7096	1.9e-04	0.5393
2757	-108.9823	-108.9823	-77.2478	0.7088	76.8466	0.7054	1.9e-04	0.5398
2758	-108.9939	-108.9939	-76.8795	0.7054	77.2264	0.7089	1.9e-04	0.5397
2759	-108.9907	-108.9907	-77.0211	0.7067	77.0728	0.7075	1.9e-04	0.5380
2760	-108.9856	-108.9856	-77.4905	0.7110	76.5922	0.7031	1.9e-04	0.5379
2761	-108.9870	-108.9870	-77.2418	0.7087	76.8103	0.7052	1.9e-04	0.5386
2762	-108.9838	-108.9838	-75.8725	0.6962	78.1954	0.7178	1.9e-04	0.5378
2763	-108.9785	-108.9785	-76.1441	0.6987	77.9389	0.7154	1.9e-04	0.5388
2764	-108.9877	-108.9877	-77.5621	0.7117	76.5310	0.7025	1.9e-04	0.5397
2765	-108.9799	-108.9799	-77.0720	0.7072	77.0206	0.7070	1.9e-04	0.5393
2766	-108.9919	-108.9919	-76.8141	0.7048	77.2880	0.7094	1.9e-04	0.5402
2767	-108.9840	-108.9840	-77.0784	0.7072	77.0113	0.7070	1.9e-04	0.5395
2768	-108.9722	-108.9722	-77.1282	0.7078	76.9493	0.7064	1.9e-04	0.5387
2769	-108.9798	-108.9798	-76.0872	0.6982	77.9872	0.7159	1.9e-04	0.5378
2770	-108.9901	-108.9901	-75.8792	0.6962	78.2019	0.7178	1.9e-04	0.5385
2771	-108.9777	-108.9777	-76.4452	0.7015	77.6435	0.7127	1.9e-04	0.5392
2772	-108.9950	-108.9950	-75.6706	0.6943	78.4083	0.7197	1.9e-04	0.5379
2773	-108.9850	-108.9850	-77.0979	0.7074	76.9770	0.7067	1.9e-04	0.5380
2774	-109.0065	-109.0065	-76.4273	0.7011	77.6778	0.7130	1.9e-04	0.5380
2775	-108.9927	-108.9927	-76.3425	0.7004	77.7512	0.7137	1.9e-04	0.5391
2776	-108.9584	-108.9584	-77.0042	0.7067	77.0620	0.7075	1.9e-04	0.5401
2777	-108.9553	-108.9553	-76.4235	0.7014	77.6291	0.7127	1.9e-04	0.5392
2778	-108.9846	-108.9846	-76.0216	0.6975	78.0486	0.7164	1.9e-04	0.5479
2779	-108.9965	-108.9965	-76.0374	0.6976	78.0565	0.7165	1.9e-04	0.5392
2780	-108.9837	-108.9837	-76.7273	0.7040	77.3577	0.7101	1.9e-04	0.5389
2781	-108.9909	-108.9909	-76.3754	0.7008	77.7207	0.7134	1.9e-04	0.5370
2782	-109.0058	-109.0058	-76.0641	0.6978	78.0415	0.7163	1.9e-04	0.5371
2783	-108.9780	-108.9780	-76.3724	0.7008	77.7028	0.7133	1.9e-04	0.5388
2784	-108.9920	-108.9920	-76.3451	0.7005	77.7488	0.7137	1.9e-04	0.5383
2785	-108.9828	-108.9829	-75.4527	0.6923	78.5684	0.7213	1.9e-04	0.5398
2786	-109.0017	-109.0017	-76.6897	0.7036	77.3930	0.7104	1.9e-04	0.5394
2787	-108.9892	-108.9894	-75.1207	0.6892	78.9272	0.7244	1.9e-04	0.5387
2788	-108.9737	-108.9737	-75.9963	0.6974	78.0709	0.7167	1.9e-04	0.5386
2789	-108.9897	-108.9898	-75.9389	0.6968	78.1414	0.7173	1.9e-04	0.5391
2790	-108.9803	-108.9803	-76.2824	0.7000	77.8025	0.7142	1.9e-04	0.5377
2791	-108.9722	-108.9722	-76.5063	0.7021	77.5515	0.7119	1.9e-04	0.5390
2792	-108.9885	-108.9886	-75.6414	0.6940	78.4343	0.7199	1.9e-04	0.5384
2793	-108.9973	-108.9973	-76.6604	0.7033	77.4257	0.7107	1.9e-04	0.5391
2794	-108.9953	-108.9954	-75.4266	0.6920	78.6377	0.7218	1.9e-04	0.5382
2795	-108.9832	-108.9833	-76.0389	0.6977	78.0383	0.7163	1.9e-04	0.5392
2796	-108.9847	-108.9847	-77.0691	0.7072	77.0093	0.7070	1.9e-04	0.5404
2797	-108.9812	-108.9812	-76.5135	0.7021	77.5598	0.7120	1.9e-04	0.5396
2798	-108.9846	-108.9846	-75.7251	0.6948	78.3046	0.7189	1.9e-04	0.5388
2799	-108.9891	-108.9891	-76.1846	0.6990	77.9119	0.7151	1.9e-04	0.5385
2800	-108.9923	-108.9923	-76.1900	0.6990	77.9096	0.7151	1.9e-04	0.5383
2801	-108.9679	-108.9679	-76.7479	0.7043	77.3173	0.7099	1.9e-04	0.5367
2802	-108.9854	-108.9855	-75.4013	0.6918	78.6418	0.7219	1.9e-04	0.5401
2803	-108.9947	-108.9947	-76.5251	0.7021	77.5668	0.7121	1.9e-04	0.5389
2804	-108.9947	-108.9947	-76.2066	0.6992	77.8796	0.7149	1.9e-04	0.5387
2805	-108.9875	-108.9875	-76.9071	0.7057	77.1751	0.7084	1.9e-04	0.5374
2806	-108.9851	-108.9851	-76.6933	0.7037	77.3976	0.7104	1.9e-04	0.5378
2807	-108.9895	-108.9895	-76.0430	0.6977	78.0359	0.7163	1.9e-04	0.5378
2808	-108.9859	-108.9859	-77.2794	0.7091	76.8091	0.7051	1.9e-04	0.5382
2809	-108.9827	-108.9827	-77.6199	0.7122	76.4420	0.7018	1.9e-04	0.5374
2810	-108.9909	-108.9909	-76.3295	0.7003	77.7610	0.7138	1.9e-04	0.5385
2811	-108.9893	-108.9893	-75.9883	0.6972	78.1019	0.7169	1.9e-04	0.5397
2812	-108.9982	-108.9982	-77.1079	0.7074	76.9952	0.7067	1.9e-04	0.5391
2813	-108.9714	-108.9714	-76.4948	0.7020	77.5730	0.7122	1.9e-04	0.5390
2814	-108.9959	-108.9959	-77.8108	0.7139	76.2695	0.7001	1.9e-04	0.5390
2815	-108.9811	-108.9811	-76.6910	0.7037	77.3925	0.7105	1.9e-04	0.5386
2816	-108.9787	-108.9787	-75.3956	0.6918	78.6157	0.7217	1.9e-04	0.5393
2817	-108.9984	-108.9984	-76.3122	0.7001	77.7855	0.7140	1.9e-04	0.5397
2818	-108.9743	-108.9743	-75.6653	0.6943	78.3938	0.7196	1.9e-04	0.5390
2819	-108.9771	-108.9771	-76.5653	0.7026	77.4897	0.7114	1.9e-04	0.5378
2820	-108.9927	-108.9927	-76.8044	0.7047	77.2920	0.7095	1.9e-04	0.5398
2821	-108.9862	-108.9862	-76.1916	0.6991	77.8817	0.7150	1.9e-04	0.5395
2822	-108.9815	-108.9815	-76.2581	0.6997	77.8111	0.7143	1.9e-04	0.5388
2823	-109.0008	-109.0009	-75.5452	0.6931	78.5482	0.7209	1.9e-04	0.5393
2824	-108.9825	-108.9825	-76.2785	0.6999	77.8097	0.7142	1.9e-04	0.5389
2825	-108.9881	-108.9881	-76.3708	0.7007	77.7284	0.7134	1.9e-04	0.5386
2826	-109.0027	-109.0027	-76.2614	0.6996	77.8358	0.7144	1.9e-04	0.5406
2827	-109.0060	-109.0060	-76.1594	0.6987	77.9440	0.7154	1.9e-04	0.5400
2828	-108.9960	-108.9960	-76.4925	0.7018	77.5965	0.7123	1.9e-04	0.5380
2829	-108.9808	-108.9808	-77.0696	0.7072	77.0117	0.7070	1.9e-04	0.5384
2830	-108.9705	-108.9705	-76.1961	0.6992	77.8296	0.7145	1.9e-04	0.5385
2831	-108.9830	-108.9830	-77.0315	0.7068	77.0529	0.7073	1.9e-04	0.5394
2832	-108.9900	-108.9900	-76.8024	0.7047	77.2996	0.7095	1.9e-04	0.5380
2833	-108.9797	-108.9797	-75.9020	0.6965	78.1394	0.7173	1.9e-04	0.5387
2834	-108.9892	-108.9892	-76.4469	0.7014	77.6213	0.7126	1.9e-04	0.5382
2835	-109.0031	-109.0031	-77.4436	0.7105	76.6653	0.7037	1.9e-04	0.5375
2836	-108.9821	-108.9821	-77.1049	0.7075	76.9708	0.7067	1.9e-04	0.5390
2837	-108.9859	-108.9859	-76.8670	0.7053	77.1909	0.7086	1.9e-04	0.5402
2838	-108.9945	-108.9945	-75.8612	0.6960	78.2315	0.7180	1.9e-04	0.5378
2839	-108.9882	-108.9882	-77.2161	0.7085	76.8783	0.7057	1.9e-04	0.5372
2840	-108.9947	-108.9947	-77.6809	0.7127	76.4170	0.7014	1.9e-04	0.5379
2841	-109.0163	-109.0163	-76.5274	0.7020	77.5907	0.7121	1.9e-04	0.5375
2842	-108.9959	-108.9959	-76.8974	0.7055	77.2180	0.7087	1.9e-04	0.5380
2843	-108.9880	-108.9880	-77.5690	0.7117	76.5034	0.7023	1.9e-04	0.5376
2844	-108.9836	-108.9836	-77.1531	0.7079	76.9394	0.7063	1.9e-04	0.5401
2845	-108.9903	-108.9903	-77.5965	0.7120	76.4990	0.7022	1.9e-04	0.5407
2846	-108.9914	-108.9914	-77.0444	0.7069	77.0556	0.7073	1.9e-04	0.5372
2847	-108.9780	-108.9780	-78.4474	0.7198	75.5927	0.6940	1.9e-04	0.5378
2848	-108.9911	-108.9911	-77.7338	0.7132	76.3548	0.7009	1.9e-04	0.5383
2849	-108.9858	-108.9858	-77.7830	0.7137	76.3000	0.7004	1.9e-04	0.5382
2850	-108.9953	-108.9953	-77.0722	0.7071	77.0275	0.7070	1.9e-04	0.5385
2851	-108.9915	-108.9915	-76.8012	0.7047	77.2935	0.7095	1.9e-04	0.5378
2852	-109.0040	-109.0040	-77.4265	0.7103	76.6830	0.7038	1.9e-04	0.5377
2853	-109.0054	-109.0054	-77.4528	0.7105	76.6555	0.7036	1.9e-04	0.5391
2854	-108.9834	-108.9834	-77.8572	0.7144	76.2128	0.6997	1.9e-04	0.5380
2855	-109.0012	-109.0012	-77.3502	0.7096	76.7533	0.7045	1.9e-04	0.5386
2856	-108.9876	-108.9876	-78.0444	0.7161	75.9810	0.6976	1.9e-04	0.5380
2857	-108.9737	-108.9737	-77.3075	0.7094	76.7457	0.7045	1.9e-04	0.5371
2858	-108.9893	-108.9893	-77.7484	0.7134	76.2587	0.7000	1.9e-04	0.5374
2859	-108.9726	-108.9726	-78.1380	0.7170	75.9230	0.6970	1.9e-04	0.5401
2860	-108.9800	-108.9800	-76.9003	0.7056	77.1935	0.7086	1.9e-04	0.5402
2861	-108.9924	-108.9924	-76.8525	0.7051	77.2257	0.7090	1.9e-04	0.5395
2862	-108.9871	-108.9871	-77.5826	0.7119	76.5027	0.7023	1.9e-04	0.5402
2863	-108.9642	-108.9642	-77.6571	0.7127	76.3967	0.7014	1.9e-04	0.5397
2864	-108.9771	-108.9771	-77.5817	0.7119	76.4971	0.7023	1.9e-04	0.5384
2865	-108.9971	-108.9971	-76.9299	0.7058	77.1806	0.7084	1.9e-04	0.5392
2866	-108.9855	-108.9855	-77.2696	0.7090	76.8125	0.7052	1.9e-04	0.5392
2867	-108.9961	-108.9961	-76.9365	0.7059	77.1717	0.7083	1.9e-04	0.5383
2868	-108.9727	-108.9727	-77.1758	0.7082	76.9018	0.7060	1.9e-04	0.5395
2869	-108.9646	-108.9646	-77.4337	0.7106	76.6202	0.7034	1.9e-04	0.5389
2870	-108.9834	-108.9834	-76.9805	0.7064	77.1140	0.7079	1.9e-04	0.5380
2871	-108.9876	-108.9876	-76.9589	0.7061	77.1159	0.7078	1.9e-04	0.5378
2872	-108.9777	-108.9777	-76.3257	0.7004	77.7465	0.7137	1.9e-04	0.5385
2873	-108.9718	-108.9718	-76.6707	0.7036	77.4001	0.7106	1.9e-04	0.5378
2874	-109.0041	-109.0041	-78.0993	0.7165	75.9924	0.6976	1.9e-04	0.5374
2875	-108.9831	-108.9831	-76.7024	0.7038	77.3800	0.7104	1.9e-04	0.5393
2876	-108.9677	-108.9677	-76.1492	0.6988	77.9148	0.7153	1.9e-04	0.5399
2877	-108.9966	-108.9966	-76.7249	0.7039	77.3681	0.7102	1.9e-04	0.5399
2878	-108.9799	-108.9799	-76.6644	0.7035	77.4253	0.7107	1.9e-04	0.5374
2879	-108.9861	-108.9861	-75.6700	0.6943	78.3916	0.7197	1.9e-04	0.5373
2880	-108.9988	-108.9988	-76.2727	0.6998	77.7745	0.7139	1.9e-04	0.5393
2881	-108.9905	-108.9907	-75.0148	0.6883	79.0306	0.7254	1.9e-04	0.5373
2882	-108.9893	-108.9893	-76.0279	0.6976	78.0503	0.7165	1.9e-04	0.5377
2883	-108.9859	-108.9859	-75.5445	0.6932	78.5207	0.7208	1.9e-04	0.5396
2884	-108.9849	-108.9850	-75.0383	0.6885	78.9722	0.7249	1.9e-04	0.5392
2885	-108.9832	-108.9834	-74.8085	0.6864	79.2132	0.7272	1.9e-04	0.5390
2886	-108.9846	-108.9847	-75.4888	0.6927	78.5726	0.7213	1.9e-04	0.5398
2887	-108.9931	-108.9932	-75.1006	0.6890	78.9604	0.7247	1.9e-04	0.5387
2888	-108.9966	-108.9968	-74.8545	0.6868	79.1904	0.7269	1.9e-04	0.5387
2889	-108.9804	-108.9805	-75.8494	0.6960	78.1984	0.7178	1.9e-04	0.5386
2890	-109.0016	-109.0016	-75.8650	0.6960	78.2088	0.7179	1.9e-04	0.5385
2891	-108.9830	-108.9831	-75.2849	0.6908	78.7658	0.7230	1.9e-04	0.5387
2892	-108.9792	-108.9792	-76.1331	0.6986	77.9371	0.7155	1.9e-04	0.5401
2893	-108.9781	-108.9781	-75.6750	0.6944	78.3691	0.7195	1.9e-04	0.5408
2894	-108.9944	-108.9944	-76.4097	0.7010	77.6852	0.7131	1.9e-04	0.5394
2895	-108.9875	-108.9875	-75.9567	0.6969	78.1315	0.7171	1.9e-04	0.5404
2896	-108.9777	-108.9777	-76.0598	0.6979	77.9965	0.7160	1.9e-04	0.5403
2897	-108.9811	-108.9811	-77.0128	0.7067	77.0753	0.7075	1.9e-04	0.5405
2898	-108.9913	-108.9913	-76.0734	0.6980	78.0056	0.7161	1.9e-04	0.5384
2899	-108.9928	-108.9928	-76.6878	0.7036	77.4046	0.7106	1.9e-04	0.5390
2900	-108.9654	-108.9654	-77.0227	0.7069	77.0402	0.7074	1.9e-04	0.5382
2901	-108.9738	-108.9738	-77.2914	0.7093	76.7906	0.7049	1.9e-04	0.5357
2902	-108.9907	-108.9907	-76.8858	0.7054	77.2148	0.7088	1.9e-04	0.5383
2903	-108.9876	-108.9876	-77.2317	0.7086	76.8495	0.7054	1.9e-04	0.5374
2904	-109.0083	-109.0083	-76.4000	0.7009	77.7056	0.7133	1.9e-04	0.5386
2905	-108.9919	-108.9919	-76.7310	0.7040	77.3554	0.7101	1.9e-04	0.5389
2906	-108.9923	-108.9923	-77.2945	0.7092	76.7935	0.7050	1.9e-04	0.5399
2907	-108.9900	-108.9900	-76.6955	0.7037	77.4025	0.7105	1.9e-04	0.5380
2908	-108.9804	-108.9804	-76.8584	0.7052	77.2231	0.7090	1.9e-04	0.5381
2909	-108.9972	-108.9972	-76.1285	0.6984	77.9513	0.7155	1.9e-04	0.5377
2910	-108.9887	-108.9887	-77.0878	0.7073	77.0106	0.7069	1.9e-04	0.5379
2911	-109.0067	-109.0067	-76.7479	0.7041	77.3633	0.7101	1.9e-04	0.5397
2912	-108.9907	-108.9907	-76.0503	0.6978	78.0334	0.7163	1.9e-04	0.5394
2913	-108.9757	-108.9759	-75.0253	0.6885	79.0128	0.7253	1.9e-04	0.5389
2914	-108.9862	-108.9862	-76.0625	0.6979	78.0163	0.7162	1.9e-04	0.5370
2915	-108.9814	-108.9814	-77.1275	0.7077	76.9452	0.7064	1.9e-04	0.5372
2916	-108.9757	-108.9757	-76.7067	0.7039	77.3387	0.7101	1.9e-04	0.5390
2917	-108.9806	-108.9806	-75.9562	0.6970	78.1104	0.7171	1.9e-04	0.5384
2918	-108.9709	-108.9709	-76.1903	0.6992	77.8732	0.7149	1.9e-04	0.5395
2919	-108.9773	-108.9773	-75.9785	0.6972	78.0815	0.7168	1.9e-04	0.5389
2920	-108.9968	-108.9968	-76.4706	0.7016	77.6356	0.7126	1.9e-04	0.5380
2921	-109.0147	-109.0147	-76.2319	0.6993	77.8812	0.7148	1.9e-04	0.5387
2922	-108.9850	-108.9850	-76.9939	0.7065	77.0990	0.7077	1.9e-04	0.5382
2923	-109.0040	-109.0040	-76.0522	0.6977	78.0516	0.7164	1.9e-04	0.5403
2924	-108.9732	-108.9732	-75.7436	0.6951	78.3186	0.7189	1.9e-04	0.5384
2925	-108.9892	-108.9892	-76.4541	0.7015	77.6344	0.7127	1.9e-04	0.5391
2926	-109.0074	-109.0075	-75.5176	0.6928	78.5613	0.7212	1.9e-04	0.5372
2927	-108.9909	-108.9909	-75.9988	0.6973	78.0821	0.7167	1.9e-04	0.5376
2928	-108.9945	-108.9945	-76.1802	0.6989	77.9210	0.7152	1.9e-04	0.5379
2929	-108.9971	-108.9971	-76.1387	0.6985	77.9580	0.7155	1.9e-04	0.5382
2930	-108.9832	-108.9832	-76.5778	0.7027	77.5122	0.7115	1.9e-04	0.5381
2931	-108.9952	-108.9952	-77.0778	0.7072	77.0138	0.7069	1.9e-04	0.5383
2932	-108.9887	-108.9887	-76.4390	0.7013	77.6550	0.7128	1.9e-04	0.5390
2933	-109.0010	-109.0010	-76.0200	0.6974	78.0773	0.7166	1.9e-04	0.5388
2934	-108.9909	-108.9909	-76.7279	0.7040	77.3602	0.7101	1.9e-04	0.5395
2935	-108.9971	-108.9971	-76.6844	0.7035	77.4210	0.7106	1.9e-04	0.5394
2936	-108.9894	-108.9894	-77.4280	0.7104	76.6607	0.7037	1.9e-04	0.5387
2937	-108.9919	-108.9919	-77.1235	0.7076	76.9686	0.7065	1.9e-04	0.5382
2938	-108.9957	-108.9957	-76.5321	0.7022	77.5618	0.7119	1.9e-04	0.5371
2939	-108.9823	-108.9823	-77.8354	0.7142	76.2505	0.6999	1.9e-04	0.5368
2940	-108.9968	-108.9968	-78.0354	0.7159	76.0481	0.6980	1.9e-04	0.5389
2941	-108.9931	-108.9931	-77.5539	0.7115	76.5477	0.7026	1.9e-04	0.5392
2942	-108.9847	-108.9847	-77.1540	0.7079	76.9226	0.7061	1.9e-04	0.5395
2943	-108.9942	-108.9942	-78.2040	0.7175	75.8649	0.6963	1.9e-04	0.5385
2944	-108.9752	-108.9752	-76.8323	0.7050	77.2525	0.7092	1.9e-04	0.5389
2945	-108.9919	-108.9919	-77.3306	0.7095	76.7661	0.7047	1.9e-04	0.5376
2946	-108.9918	-108.9918	-77.7336	0.7132	76.3464	0.7008	1.9e-04	0.5388
2947	-108.9809	-108.9809	-77.4711	0.7109	76.6001	0.7032	1.9e-04	0.5396
2948	-108.9910	-108.9910	-77.9030	0.7148	76.1847	0.6994	1.9e-04	0.5376
2949	-108.9843	-108.9843	-78.3680	0.7191	75.6919	0.6949	1.9e-04	0.5374
2950	-108.9879	-108.9879	-77.0925	0.7073	76.9945	0.7068	1.9e-04	0.5378
2951	-108.9973	-108.9973	-77.5985	0.7119	76.5043	0.7022	1.9e-04	0.5359
2952	-108.9933	-108.9933	-77.4648	0.7107	76.6221	0.7035	1.9e-04	0.5376
2953	-108.9836	-108.9836	-77.9145	0.7149	76.1695	0.6992	1.9e-04	0.5379
2954	-108.9804	-108.9804	-78.1497	0.7171	75.9275	0.6969	1.9e-04	0.5365
2955	-108.9764	-108.9764	-77.2616	0.7090	76.8204	0.7052	1.9e-04	0.5384
2956	-108.9704	-108.9704	-76.3255	0.7004	77.7442	0.7137	1.9e-04	0.5394
2957	-108.9873	-108.9873	-77.6549	0.7125	76.4412	0.7016	1.9e-04	0.5398
2958	-108.9864	-108.9864	-78.2446	0.7179	75.8264	0.6961	1.9e-04	0.5379
2959	-108.9965	-108.9965	-76.2563	0.6996	77.8275	0.7144	1.9e-04	0.5380
2960	-108.9838	-108.9838	-77.0959	0.7074	76.9783	0.7067	1.9e-04	0.5379
2961	-108.9840	-108.9840	-77.0320	0.7068	77.0349	0.7072	1.9e-04	0.5377
2962	-108.9813	-108.9813	-77.5051	0.7112	76.5832	0.7030	1.9e-04	0.5387
2963	-108.9937	-108.9937	-77.5540	0.7115	76.5418	0.7026	1.9e-04	0.5463
2964	-108.9656	-108.9656	-78.0147	0.7160	76.0563	0.6981	1.9e-04	0.5372
2965	-108.9826	-108.9826	-78.1139	0.7168	75.9602	0.6973	1.9e-04	0.5387
2966	-108.9858	-108.9858	-76.2859	0.7000	77.7847	0.7141	1.9e-04	0.5401
2967	-108.9919	-108.9919	-77.2323	0.7086	76.8632	0.7056	1.9e-04	0.5416
2968	-108.9686	-108.9686	-77.5761	0.7119	76.4477	0.7019	1.9e-04	0.5391
2969	-108.9807	-108.9807	-77.8702	0.7145	76.2100	0.6996	1.9e-04	0.5393
2970	-108.9787	-108.9787	-76.5846	0.7027	77.4283	0.7108	1.9e-04	0.5381
2971	-108.9738	-108.9738	-76.9188	0.7058	77.1144	0.7079	1.9e-04	0.5383
2972	-108.9822	-108.9822	-76.9161	0.7058	77.1702	0.7084	1.9e-04	0.5386
2973	-108.9884	-108.9884	-76.1823	0.6990	77.8987	0.7151	1.9e-04	0.5381
2974	-108.9847	-108.9847	-77.0263	0.7068	77.0588	0.7074	1.9e-04	0.5376
2975	-108.9977	-108.9977	-75.7523	0.6950	78.3222	0.7189	1.9e-04	0.5382
2976	-108.9869	-108.9870	-75.1312	0.6894	78.8855	0.7241	1.9e-04	0.5371
2977	-108.9904	-108.9905	-75.7229	0.6948	78.3518	0.7192	1.9e-04	0.5369
2978	-108.9784	-108.9784	-76.5995	0.7029	77.4866	0.7113	1.9e-04	0.5388
2979	-108.9837	-108.9838	-75.0583	0.6887	78.9737	0.7250	1.9e-04	0.5374
2980	-108.9824	-108.9824	-77.3029	0.7093	76.7803	0.7049	1.9e-04	0.5374
2981	-108.9899	-108.9899	-76.5323	0.7022	77.5529	0.7119	1.9e-04	0.5386
2982	-108.9906	-108.9906	-75.9698	0.6970	78.1103	0.7170	1.9e-04	0.5385
2983	-108.9957	-108.9958	-75.4673	0.6924	78.6128	0.7215	1.9e-04	0.5375
2984	-108.9896	-108.9897	-74.9626	0.6878	79.0890	0.7259	1.9e-04	0.5377
2985	-108.9960	-108.9960	-75.7041	0.6946	78.3503	0.7192	1.9e-04	0.5385
2986	-108.9831	-108.9832	-75.0992	0.6891	78.9307	0.7246	1.9e-04	0.5394
2987	-108.9808	-108.9808	-75.7295	0.6949	78.3255	0.7191	1.9e-04	0.5391
2988	-109.0017	-109.0019	-74.6059	0.6844	79.4309	0.7291	1.9e-04	0.5403
2989	-108.9940	-108.9940	-76.6460	0.7032	77.4259	0.7108	1.9e-04	0.5389
2990	-108.9756	-108.9756	-75.4018	0.6919	78.6436	0.7220	1.9e-04	0.5376
2991	-108.9818	-108.9818	-76.8064	0.7048	77.2794	0.7094	1.9e-04	0.5376
2992	-108.9815	-108.9815	-75.8322	0.6958	78.2470	0.7182	1.9e-04	0.5376
2993	-108.9924	-108.9924	-76.4084	0.7010	77.6894	0.7131	1.9e-04	0.5389
2994	-108.9940	-108.9940	-76.3701	0.7007	77.7140	0.7133	1.9e-04	0.5389
2995	-108.9824	-108.9825	-75.1525	0.6896	78.8693	0.7241	1.9e-04	0.5399
2996	-108.9858	-108.9858	-77.0798	0.7072	77.0109	0.7069	1.9e-04	0.5396
2997	-108.9916	-108.9916	-76.7001	0.7037	77.3909	0.7104	1.9e-04	0.5399
2998	-108.9830	-108.9830	-76.9237	0.7058	77.1657	0.7084	1.9e-04	0.5371
2999	-108.9893	-108.9893	-76.4006	0.7010	77.6927	0.7131	1.9e-04	0.5366
3000	-108.9742	-108.9742	-76.7371	0.7042	77.3456	0.7100	1.9e-04	0.5378
3001	-109.0047	-109.0047	-76.4570	0.7014	77.6528	0.7127	1.9e-04	0.5370
3002	-108.9813	-108.9813	-77.7169	0.7131	76.3525	0.7009	1.9e-04	0.5389
3003	-108.9880	-108.9880	-77.5349	0.7114	76.5272	0.7025	1.9e-04	0.5394
3004	-108.9804	-108.9804	-76.9355	0.7060	77.1343	0.7081	1.9e-04	0.5402
3005	-108.9985	-108.9985	-77.2077	0.7083	76.9021	0.7059	1.9e-04	0.5393
3006	-108.9910	-108.9910	-77.0587	0.7070	77.0451	0.7072	1.9e-04	0.5377
3007	-109.0023	-109.0023	-77.1359	0.7077	76.9600	0.7064	1.9e-04	0.5370
3008	-108.9997	-108.9997	-77.7579	0.7134	76.3359	0.7007	1.9e-04	0.5378
3009	-108.9881	-108.9881	-77.4808	0.7109	76.6112	0.7033	1.9e-04	0.5396
3010	-108.9831	-108.9831	-77.5589	0.7117	76.5225	0.7025	1.9e-04	0.5381
3011	-108.9779	-108.9779	-77.2154	0.7085	76.8496	0.7055	1.9e-04	0.5382
3012	-108.9973	-108.9973	-77.2478	0.7087	76.8602	0.7054	1.9e-04	0.5388
3013	-108.9868	-108.9868	-77.1902	0.7083	76.8890	0.7058	1.9e-04	0.5399
3014	-108.9908	-108.9908	-77.6355	0.7123	76.4566	0.7018	1.9e-04	0.5384
3015	-108.9869	-108.9869	-77.5759	0.7118	76.5138	0.7024	1.9e-04	0.5382
3016	-108.9958	-108.9958	-77.0392	0.7068	77.0496	0.7073	1.9e-04	0.5366
3017	-108.9862	-108.9862	-78.1023	0.7166	75.9697	0.6974	1.9e-04	0.5375
3018	-108.9977	-108.9977	-78.8175	0.7231	75.2547	0.6907	1.9e-04	0.5375
3019	-108.9896	-108.9896	-77.1664	0.7080	76.9149	0.7061	1.9e-04	0.5380
3020	-108.9978	-108.9978	-76.8715	0.7053	77.2243	0.7089	1.9e-04	0.5367
3021	-108.9860	-108.9860	-76.4252	0.7012	77.6280	0.7126	1.9e-04	0.5378
3022	-108.9906	-108.9906	-77.0564	0.7070	77.0341	0.7072	1.9e-04	0.5392
3023	-108.9818	-108.9818	-76.3399	0.7005	77.7256	0.7135	1.9e-04	0.5402
3024	-108.9952	-108.9952	-77.6357	0.7123	76.4508	0.7018	1.9e-04	0.5375
3025	-108.9958	-108.9958	-77.0329	0.7068	77.0644	0.7074	1.9e-04	0.5380
3026	-108.9900	-108.9900	-76.8211	0.7048	77.2800	0.7093	1.9e-04	0.5379
3027	-109.0056	-109.0056	-77.2872	0.7090	76.8196	0.7052	1.9e-04	0.5383
3028	-108.9856	-108.9856	-76.7407	0.7041	77.3546	0.7101	1.9e-04	0.5391
3029	-108.9868	-108.9868	-77.0780	0.7072	77.0055	0.7069	1.9e-04	0.5414
3030	-109.0070	-109.0070	-76.9080	0.7055	77.2132	0.7087	1.9e-04	0.5379
3031	-109.0027	-109.0027	-77.5148	0.7111	76.5913	0.7030	1.9e-04	0.5384
3032	-108.9698	-108.9698	-77.4766	0.7110	76.5966	0.7032	1.9e-04	0.5393
3033	-108.9970	-108.9970	-75.7106	0.6946	78.3668	0.7193	1.9e-04	0.5400
3034	-108.9919	-108.9919	-76.9319	0.7058	77.1619	0.7083	1.9e-04	0.5394
3035	-109.0026	-109.0026	-76.1134	0.6983	77.9788	0.7157	1.9e-04	0.5386
3036	-108.9816	-108.9816	-76.4926	0.7019	77.5890	0.7122	1.9e-04	0.5391
3037	-108.9866	-108.9866	-76.6154	0.7030	77.4729	0.7112	1.9e-04	0.5382
3038	-109.0109	-109.0109	-76.4986	0.7018	77.6081	0.7124	1.9e-04	0.5378
3039	-108.9835	-108.9835	-77.0275	0.7068	77.0684	0.7074	1.9e-04	0.5395
3040	-108.9852	-108.9852	-76.3698	0.7007	77.6781	0.7132	1.9e-04	0.5378
3041	-108.9880	-108.9880	-77.3781	0.7100	76.7205	0.7042	1.9e-04	0.5390
3042	-108.9875	-108.9875	-77.7983	0.7138	76.2773	0.7002	1.9e-04	0.5387
3043	-108.9776	-108.9776	-77.7066	0.7131	76.3590	0.7010	1.9e-04	0.5382
3044	-108.9919	-108.9919	-77.4326	0.7104	76.6708	0.7038	1.9e-04	0.5401
3045	-108.9877	-108.9877	-77.9809	0.7155	76.0895	0.6985	1.9e-04	0.5403
3046	-108.9919	-108.9919	-77.4478	0.7106	76.6517	0.7036	1.9e-04	0.5394
3047	-108.9831	-108.9831	-78.2841	0.7183	75.7813	0.6957	1.9e-04	0.5411
3048	-108.9859	-108.9859	-78.1431	0.7170	75.9305	0.6971	1.9e-04	0.5404
3049	-108.9727	-108.9727	-77.0868	0.7074	76.9837	0.7068	1.9e-04	0.5392
3050	-108.9781	-108.9781	-77.3087	0.7094	76.7684	0.7048	1.9e-04	0.5399
3051	-109.0013	-109.0013	-77.7880	0.7136	76.3044	0.7004	1.9e-04	0.5394
3052	-108.9779	-108.9779	-77.8616	0.7145	76.2143	0.6996	1.9e-04	0.5392
3053	-108.9872	-108.9872	-77.3836	0.7100	76.7159	0.7042	1.9e-04	0.5401
3054	-109.0015	-109.0015	-77.4884	0.7109	76.6150	0.7033	1.9e-04	0.5394
3055	-109.0081	-109.0081	-77.0807	0.7071	77.0218	0.7071	1.9e-04	0.5382
3056	-108.9882	-108.9882	-77.2307	0.7086	76.8676	0.7056	1.9e-04	0.5382
3057	-108.9866	-108.9866	-77.7761	0.7136	76.3008	0.7005	1.9e-04	0.5392
3058	-108.9806	-108.9806	-77.2522	0.7089	76.8254	0.7053	1.9e-04	0.5393
3059	-109.0014	-109.0014	-77.3446	0.7096	76.7511	0.7045	1.9e-04	0.5393
3060	-108.9932	-108.9932	-77.9849	0.7155	76.1042	0.6986	1.9e-04	0.5382
3061	-108.9867	-108.9867	-77.0360	0.7068	77.0526	0.7074	1.9e-04	0.5386
3062	-108.9809	-108.9809	-77.1871	0.7083	76.8883	0.7059	1.9e-04	0.5388
3063	-108.9676	-108.9676	-76.2245	0.6995	77.8201	0.7144	1.9e-04	0.5401
3064	-108.9912	-108.9912	-77.2652	0.7089	76.8341	0.7053	1.9e-04	0.5385
3065	-108.9996	-108.9996	-76.7421	0.7041	77.3666	0.7101	1.9e-04	0.5388
3066	-108.9781	-108.9781	-77.7869	0.7138	76.2889	0.7003	1.9e-04	0.5381
3067	-108.9901	-108.9901	-76.6467	0.7032	77.4553	0.7109	1.9e-04	0.5393
3068	-108.9776	-108.9776	-77.3193	0.7095	76.7618	0.7047	1.9e-04	0.5399
3069	-108.9870	-108.9870	-77.2679	0.7090	76.8257	0.7052	1.9e-04	0.5388
3070	-108.9997	-108.9997	-77.8911	0.7146	76.1729	0.6992	1.9e-04	0.5390
3071	-109.0014	-109.0014	-77.0260	0.7067	77.0774	0.7076	1.9e-04	0.5412
3072	-109.0069	-109.0069	-76.8502	0.7050	77.2565	0.7091	1.9e-04	0.5397
3073	-108.9952	-108.9952	-77.6303	0.7122	76.4386	0.7018	1.9e-04	0.5400
3074	-109.0020	-109.0020	-76.6189	0.7029	77.4904	0.7113	1.9e-04	0.5390
3075	-108.9747	-108.9747	-76.4648	0.7017	77.6025	0.7124	1.9e-04	0.5398
3076	-108.9926	-108.9926	-76.8130	0.7048	77.2833	0.7094	1.9e-04	0.5371
3077	-108.9844	-108.9844	-77.4256	0.7104	76.6643	0.7038	1.9e-04	0.5380
3078	-108.9902	-108.9902	-76.9440	0.7060	77.1495	0.7082	1.9e-04	0.5405
3079	-108.9858	-108.9858	-77.5124	0.7112	76.5542	0.7028	1.9e-04	0.5389
3080	-108.9843	-108.9843	-76.5329	0.7022	77.5636	0.7119	1.9e-04	0.5383
3081	-108.9934	-108.9934	-76.6843	0.7036	77.3972	0.7106	1.9e-04	0.5371
3082	-108.9877	-108.9877	-76.7307	0.7040	77.3587	0.7102	1.9e-04	0.5385
3083	-108.9770	-108.9770	-77.6239	0.7123	76.4513	0.7019	1.9e-04	0.5394
3084	-108.9849	-108.9849	-76.9725	0.7063	77.1093	0.7079	1.9e-04	0.5394
3085	-108.9798	-108.9798	-76.2174	0.6994	77.8638	0.7148	1.9e-04	0.5396
3086	-108.9978	-108.9978	-77.1533	0.7078	76.9422	0.7063	1.9e-04	0.5386
3087	-108.9778	-108.9778	-76.4959	0.7019	77.5791	0.7122	1.9e-04	0.5392
3088	-108.9804	-108.9804	-76.9021	0.7057	77.1776	0.7085	1.9e-04	0.5383
3089	-108.9731	-108.9731	-77.3627	0.7099	76.7093	0.7043	1.9e-04	0.5382
3090	-108.9963	-108.9963	-76.3335	0.7003	77.7589	0.7137	1.9e-04	0.5383
3091	-108.9782	-108.9782	-77.4073	0.7103	76.6595	0.7038	1.9e-04	0.5392
3092	-108.9925	-108.9926	-75.3197	0.6911	78.7433	0.7228	1.9e-04	0.5381
3093	-108.9918	-108.9919	-75.2590	0.6905	78.8046	0.7233	1.9e-04	0.5384
3094	-108.9890	-108.9890	-76.2993	0.7001	77.7815	0.7141	1.9e-04	0.5380
3095	-108.9771	-108.9771	-76.2223	0.6994	77.8464	0.7147	1.9e-04	0.5397
3096	-108.9925	-108.9925	-76.4739	0.7016	77.6247	0.7125	1.9e-04	0.5398
3097	-108.9724	-108.9725	-75.3629	0.6916	78.6632	0.7221	1.9e-04	0.5393
3098	-109.0008	-109.0008	-75.8559	0.6959	78.2222	0.7180	1.9e-04	0.5396
3099	-108.9984	-108.9984	-77.1432	0.7077	76.9595	0.7064	1.9e-04	0.5401
3100	-108.9852	-108.9852	-77.0133	0.7066	77.0840	0.7075	1.9e-04	0.5387
3101	-108.9864	-108.9864	-76.6308	0.7031	77.4593	0.7110	1.9e-04	0.5357
3102	-108.9765	-108.9765	-77.3355	0.7097	76.7410	0.7045	1.9e-04	0.5383
3103	-109.0019	-109.0020	-75.5625	0.6932	78.5059	0.7206	1.9e-04	0.5387
3104	-108.9927	-108.9927	-76.7371	0.7041	77.3524	0.7101	1.9e-04	0.5400
3105	-108.9842	-108.9842	-77.2667	0.7090	76.8146	0.7052	1.9e-04	0.5395
3106	-108.9837	-108.9837	-76.8393	0.7051	77.2221	0.7090	1.9e-04	0.5387
3107	-109.0098	-109.0098	-76.6327	0.7030	77.4723	0.7111	1.9e-04	0.5384
3108	-108.9836	-108.9836	-78.4850	0.7202	75.5784	0.6938	1.8e-04	0.5383
3109	-108.9865	-108.9865	-76.7113	0.7039	77.3880	0.7103	1.8e-04	0.5384
3110	-108.9832	-108.9832	-78.1690	0.7173	75.9037	0.6967	1.8e-04	0.5389
3111	-108.9868	-108.9868	-77.4206	0.7104	76.6744	0.7038	1.8e-04	0.5401
3112	-108.9863	-108.9863	-77.0105	0.7066	77.0793	0.7076	1.8e-04	0.5385
3113	-108.9839	-108.9839	-77.8995	0.7148	76.1407	0.6990	1.8e-04	0.5395
3114	-109.0006	-109.0006	-76.9341	0.7058	77.1663	0.7083	1.8e-04	0.5373
3115	-108.9885	-108.9885	-76.9852	0.7064	77.1065	0.7078	1.8e-04	0.5384
3116	-108.9615	-108.9615	-77.2226	0.7087	76.8232	0.7054	1.8e-04	0.5398
3117	-108.9865	-108.9865	-76.9480	0.7060	77.1271	0.7082	1.8e-04	0.5395
3118	-108.9920	-108.9920	-77.6903	0.7128	76.3819	0.7011	1.8e-04	0.5389
3119	-109.0011	-109.0011	-76.9372	0.7058	77.1721	0.7084	1.8e-04	0.5385
3120	-108.9800	-108.9800	-76.1872	0.6991	77.8796	0.7149	1.8e-04	0.5374
3121	-108.9814	-108.9814	-77.4358	0.7105	76.6378	0.7036	1.8e-04	0.5371
3122	-108.9892	-108.9892	-77.0678	0.7071	77.0272	0.7071	1.8e-04	0.5378
3123	-108.9925	-108.9925	-76.6882	0.7036	77.4036	0.7105	1.8e-04	0.5389
3124	-108.9675	-108.9675	-76.7511	0.7043	77.3121	0.7098	1.8e-04	0.5388
3125	-108.9844	-108.9844	-76.3753	0.7008	77.7049	0.7134	1.8e-04	0.5387
3126	-108.9844	-108.9844	-76.4913	0.7019	77.5833	0.7122	1.8e-04	0.5407
3127	-108.9822	-108.9822	-76.6720	0.7035	77.4226	0.7106	1.8e-04	0.5387
3128	-108.9894	-108.9894	-76.6292	0.7031	77.4413	0.7109	1.8e-04	0.5382
3129	-108.9932	-108.9932	-76.6334	0.7031	77.4614	0.7111	1.8e-04	0.5391
3130	-108.9926	-108.9926	-76.3093	0.7001	77.7606	0.7138	1.8e-04	0.5384
3131	-108.9881	-108.9881	-76.2176	0.6993	77.8560	0.7148	1.8e-04	0.5388
3132	-108.9676	-108.9676	-76.7340	0.7042	77.3377	0.7100	1.8e-04	0.5387
3133	-108.9952	-108.9953	-75.7718	0.6952	78.3077	0.7188	1.8e-04	0.5383
3134	-108.9911	-108.9911	-77.0450	0.7069	77.0527	0.7073	1.8e-04	0.5398
3135	-108.9848	-108.9848	-76.9160	0.7058	77.1752	0.7084	1.8e-04	0.5393
3136	-108.9842	-108.9842	-76.5204	0.7021	77.5591	0.7120	1.8e-04	0.5397
3137	-109.0033	-109.0033	-77.4005	0.7101	76.7048	0.7041	1.8e-04	0.5400
3138	-108.9880	-108.9880	-76.9831	0.7063	77.0929	0.7078	1.8e-04	0.5403
3139	-108.9815	-108.9815	-77.0626	0.7071	77.0053	0.7070	1.8e-04	0.5387
3140	-108.9833	-108.9833	-77.3374	0.7096	76.7418	0.7046	1.8e-04	0.5386
3141	-108.9916	-108.9916	-76.5476	0.7023	77.5352	0.7119	1.8e-04	0.5393
3142	-108.9948	-108.9948	-76.4659	0.7016	77.6225	0.7126	1.8e-04	0.5395
3143	-108.9857	-108.9857	-77.0444	0.7069	77.0282	0.7072	1.8e-04	0.5389
3144	-108.9852	-108.9852	-76.5032	0.7020	77.5721	0.7122	1.8e-04	0.5389
3145	-108.9894	-108.9894	-77.1423	0.7078	76.9622	0.7064	1.8e-04	0.5385
3146	-108.9905	-108.9905	-76.3168	0.7002	77.7473	0.7137	1.8e-04	0.5397
3147	-108.9871	-108.9871	-76.2106	0.6993	77.8624	0.7148	1.8e-04	0.5397
3148	-108.9758	-108.9758	-76.7637	0.7044	77.3111	0.7098	1.8e-04	0.5382
3149	-108.9719	-108.9719	-75.9726	0.6972	78.0741	0.7168	1.8e-04	0.5380
3150	-108.9715	-108.9715	-75.8536	0.6961	78.1958	0.7180	1.8e-04	0.5407
3151	-108.9940	-108.9940	-76.1832	0.6990	77.8986	0.7152	1.8e-04	0.5387
3152	-108.9814	-108.9814	-75.9576	0.6970	78.1222	0.7171	1.8e-04	0.5381
3153	-108.9875	-108.9876	-75.7326	0.6949	78.3441	0.7191	1.8e-04	0.5376
3154	-108.9944	-108.9945	-75.1580	0.6896	78.8626	0.7239	1.8e-04	0.5374
3155	-108.9762	-108.9762	-76.0765	0.6981	77.9826	0.7160	1.8e-04	0.5380
3156	-108.9910	-108.9911	-75.2800	0.6907	78.7628	0.7230	1.8e-04	0.5395
3157	-108.9919	-108.9919	-76.0028	0.6973	78.0716	0.7166	1.8e-04	0.5385
3158	-108.9856	-108.9856	-75.4314	0.6921	78.6129	0.7218	1.8e-04	0.5393
3159	-108.9798	-108.9798	-75.7994	0.6955	78.2615	0.7185	1.8e-04	0.5392
3160	-108.9970	-108.9971	-75.4369	0.6921	78.6314	0.7218	1.8e-04	0.5381
3161	-108.9836	-108.9836	-76.2162	0.6993	77.8691	0.7147	1.8e-04	0.5380
3162	-108.9855	-108.9855	-76.1299	0.6985	77.9311	0.7155	1.8e-04	0.5397
3163	-108.9798	-108.9798	-75.5439	0.6932	78.5133	0.7208	1.8e-04	0.5396
3164	-108.9741	-108.9741	-76.7077	0.7039	77.3570	0.7103	1.8e-04	0.5381
3165	-108.9729	-108.9731	-74.7261	0.6857	79.2758	0.7278	1.8e-04	0.5391
3166	-108.9932	-108.9932	-75.6673	0.6942	78.4114	0.7197	1.8e-04	0.5391
3167	-108.9768	-108.9768	-75.7847	0.6954	78.2718	0.7186	1.8e-04	0.5394
3168	-108.9872	-108.9872	-76.2226	0.6994	77.8543	0.7147	1.8e-04	0.5383
3169	-108.9843	-108.9843	-75.8908	0.6963	78.1454	0.7174	1.8e-04	0.5386
3170	-108.9895	-108.9895	-75.9734	0.6971	78.1077	0.7170	1.8e-04	0.5383
3171	-108.9946	-108.9946	-75.5985	0.6936	78.4669	0.7203	1.8e-04	0.5383
3172	-108.9843	-108.9843	-76.1476	0.6987	77.9126	0.7152	1.8e-04	0.5382
3173	-108.9782	-108.9782	-76.5283	0.7022	77.5390	0.7118	1.8e-04	0.5389
3174	-108.9817	-108.9817	-76.0114	0.6975	78.0629	0.7166	1.8e-04	0.5392
3175	-108.9897	-108.9897	-77.1756	0.7081	76.9273	0.7061	1.8e-04	0.5395
3176	-108.9764	-108.9764	-75.5732	0.6935	78.4635	0.7203	1.8e-04	0.5384
3177	-108.9926	-108.9926	-76.5115	0.7020	77.5749	0.7121	1.8e-04	0.5387
3178	-108.9861	-108.9861	-76.0444	0.6977	78.0319	0.7163	1.8e-04	0.5388
3179	-108.9833	-108.9833	-76.0174	0.6975	78.0520	0.7165	1.8e-04	0.5383
3180	-108.9993	-108.9993	-76.7866	0.7045	77.3185	0.7097	1.8e-04	0.5375
3181	-108.9980	-108.9980	-75.9878	0.6971	78.1012	0.7169	1.8e-04	0.5387
3182	-108.9811	-108.9811	-76.6283	0.7031	77.4524	0.7110	1.8e-04	0.5394
3183	-108.9933	-108.9933	-76.8114	0.7047	77.2825	0.7094	1.8e-04	0.5377
3184	-108.9849	-108.9849	-76.4433	0.7014	77.6473	0.7127	1.8e-04	0.5372
3185	-108.9784	-108.9784	-76.0616	0.6980	77.9867	0.7159	1.8e-04	0.5389
3186	-108.9957	-108.9957	-76.3409	0.7004	77.7457	0.7137	1.8e-04	0.5378
3187	-109.0058	-109.0058	-77.6006	0.7119	76.4873	0.7022	1.8e-04	0.5396
3188	-108.9857	-108.9857	-77.0356	0.7068	77.0559	0.7073	1.8e-04	0.5394
3189	-109.0033	-109.0033	-77.2485	0.7087	76.8641	0.7055	1.8e-04	0.5393
3190	-109.0010	-109.0010	-77.2444	0.7087	76.8661	0.7056	1.8e-04	0.5381
3191	-108.9987	-108.9987	-77.0548	0.7069	77.0454	0.7072	1.8e-04	0.5387
3192	-108.9871	-108.9871	-76.1973	0.6991	77.8689	0.7148	1.8e-04	0.5376
3193	-108.9654	-108.9654	-77.5564	0.7118	76.5175	0.7024	1.8e-04	0.5383
3194	-108.9765	-108.9765	-77.4471	0.7107	76.6277	0.7034	1.8e-04	0.5374
3195	-108.9928	-108.9928	-77.6936	0.7128	76.3978	0.7013	1.8e-04	0.5394
3196	-108.9857	-108.9857	-77.6614	0.7126	76.4175	0.7016	1.8e-04	0.5395
3197	-108.9839	-108.9839	-78.1386	0.7170	75.9334	0.6971	1.8e-04	0.5390
3198	-108.9907	-108.9907	-78.1024	0.7166	75.9876	0.6975	1.8e-04	0.5384
3199	-108.9798	-108.9798	-77.6567	0.7126	76.4146	0.7016	1.8e-04	0.5391
3200	-108.9875	-108.9875	-78.6150	0.7213	75.4409	0.6926	1.8e-04	0.5374
3201	-108.9918	-108.9918	-78.3106	0.7185	75.7736	0.6955	1.8e-04	0.5365
3202	-108.9785	-108.9785	-78.8645	0.7237	75.1564	0.6900	1.8e-04	0.5394
3203	-108.9798	-108.9798	-78.4021	0.7194	75.6608	0.6946	1.8e-04	0.5398
3204	-108.9993	-108.9993	-77.8359	0.7141	76.2602	0.7000	1.8e-04	0.5377
3205	-108.9858	-108.9858	-79.2043	0.7267	74.8185	0.6869	1.8e-04	0.5392
3206	-108.9861	-108.9861	-78.2175	0.7177	75.8576	0.6964	1.8e-04	0.5389
3207	-108.9855	-108.9855	-78.5356	0.7206	75.5259	0.6933	1.8e-04	0.5391
3208	-108.9800	-108.9800	-77.6405	0.7124	76.4428	0.7017	1.8e-04	0.5386
3209	-108.9964	-108.9964	-79.1611	0.7263	74.8962	0.6874	1.8e-04	0.5392
3210	-108.9950	-108.9950	-79.1392	0.7261	74.9018	0.6875	1.8e-04	0.5384
3211	-108.9914	-108.9914	-78.8934	0.7238	75.1607	0.6900	1.8e-04	0.5386
3212	-108.9930	-108.9930	-78.9089	0.7240	75.1412	0.6898	1.8e-04	0.5378
3213	-108.9935	-108.9935	-78.9931	0.7248	75.0536	0.6889	1.8e-04	0.5382
3214	-108.9757	-108.9757	-78.5452	0.7208	75.4993	0.6931	1.8e-04	0.5391
3215	-108.9836	-108.9836	-78.4419	0.7198	75.6179	0.6942	1.8e-04	0.5383
3216	-108.9799	-108.9799	-79.7722	0.7320	74.2100	0.6813	1.8e-04	0.5381
3217	-108.9753	-108.9753	-78.7747	0.7229	75.2522	0.6908	1.8e-04	0.5392
3218	-108.9753	-108.9753	-79.9806	0.7339	73.9711	0.6791	1.8e-04	0.5388
3219	-108.9885	-108.9885	-79.4647	0.7291	74.5448	0.6843	1.8e-04	0.5382
3220	-108.9990	-108.9990	-79.6441	0.7307	74.3835	0.6827	1.8e-04	0.5391
3221	-108.9739	-108.9739	-79.6923	0.7313	74.2892	0.6820	1.8e-04	0.5376
3222	-108.9843	-108.9843	-79.9177	0.7333	74.0665	0.6799	1.8e-04	0.5391
3223	-108.9974	-108.9974	-78.9713	0.7245	75.0834	0.6892	1.8e-04	0.5377
3224	-108.9838	-108.9838	-79.3570	0.7282	74.6636	0.6854	1.8e-04	0.5392
3225	-109.0077	-109.0077	-79.8181	0.7322	74.1956	0.6810	1.8e-04	0.5404
3226	-108.9828	-108.9828	-79.8748	0.7329	74.1075	0.6803	1.8e-04	0.5379
3227	-108.9957	-108.9957	-79.3951	0.7284	74.6357	0.6851	1.8e-04	0.5381
3228	-108.9800	-108.9800	-80.1067	0.7351	73.8556	0.6780	1.8e-04	0.5373
3229	-108.9890	-108.9890	-80.1657	0.7355	73.7998	0.6775	1.8e-04	0.5389
3230	-108.9951	-108.9951	-80.2965	0.7367	73.6672	0.6762	1.8e-04	0.5386
3231	-109.0019	-109.0019	-80.4286	0.7379	73.5124	0.6748	1.8e-04	0.5392
3232	-109.0051	-109.0051	-79.9100	0.7331	74.0947	0.6801	1.8e-04	0.5406
3233	-108.9999	-108.9999	-79.7208	0.7314	74.2695	0.6818	1.8e-04	0.5386
3234	-109.0051	-109.0051	-79.3569	0.7280	74.6955	0.6856	1.8e-04	0.5387
3235	-108.9883	-108.9883	-80.4517	0.7382	73.4866	0.6746	1.8e-04	0.5384
3236	-109.0014	-109.0014	-80.6254	0.7397	73.3180	0.6729	1.8e-04	0.5392
3237	-108.9851	-108.9851	-79.8901	0.7330	74.0931	0.6802	1.8e-04	0.5400
3238	-108.9932	-108.9932	-79.3651	0.7282	74.6466	0.6853	1.8e-04	0.5384
3239	-108.9963	-108.9963	-80.0798	0.7347	73.8971	0.6784	1.8e-04	0.5393
3240	-109.0138	-109.0138	-79.9372	0.7333	74.0833	0.6799	1.8e-04	0.5374
3241	-108.9796	-108.9796	-80.5260	0.7389	73.3932	0.6737	1.8e-04	0.5380
3242	-108.9690	-108.9690	-80.7727	0.7412	73.1109	0.6712	1.8e-04	0.5405
3243	-108.9940	-108.9940	-80.6522	0.7400	73.2691	0.6726	1.8e-04	0.5397
3244	-108.9860	-108.9860	-80.8534	0.7419	73.0432	0.6705	1.8e-04	0.5390
3245	-108.9869	-108.9869	-80.5858	0.7394	73.3431	0.6733	1.8e-04	0.5388
3246	-109.0015	-109.0015	-80.6033	0.7395	73.3481	0.6732	1.8e-04	0.5404
3247	-108.9767	-108.9767	-81.3916	0.7469	72.4116	0.6648	1.8e-04	0.5398
3248	-108.9910	-108.9910	-80.6437	0.7399	73.2777	0.6726	1.8e-04	0.5403
3249	-109.0029	-109.0029	-80.6602	0.7400	73.2710	0.6726	1.8e-04	0.5391
3250	-108.9962	-108.9962	-80.8755	0.7420	73.0382	0.6704	1.8e-04	0.5396
3251	-108.9920	-108.9920	-80.8601	0.7419	73.0318	0.6705	1.8e-04	0.5393
3252	-108.9816	-108.9816	-81.7611	0.7502	72.0073	0.6612	1.8e-04	0.5375
3253	-108.9804	-108.9804	-81.6350	0.7491	72.1325	0.6623	1.8e-04	0.5377
3254	-108.9971	-108.9971	-81.2387	0.7453	72.6258	0.6667	1.8e-04	0.5388
3255	-109.0018	-109.0018	-80.6960	0.7403	73.2267	0.6722	1.8e-04	0.5389
3256	-108.9899	-108.9899	-80.8234	0.7416	73.0676	0.6709	1.8e-04	0.5382
3257	-109.0014	-109.0014	-80.6806	0.7402	73.2340	0.6722	1.8e-04	0.5385
3258	-108.9930	-108.9930	-81.1795	0.7448	72.6837	0.6672	1.8e-04	0.5380
3259	-108.9925	-108.9925	-80.5382	0.7389	73.3893	0.6737	1.8e-04	0.5384
3260	-108.9719	-108.9719	-80.9645	0.7430	72.8832	0.6692	1.8e-04	0.5379
3261	-108.9886	-108.9886	-80.6050	0.7396	73.2925	0.6728	1.8e-04	0.5386
3262	-108.9642	-108.9642	-81.1831	0.7450	72.6377	0.6670	1.8e-04	0.5364
3263	-108.9966	-108.9966	-80.7079	0.7405	73.2201	0.6721	1.8e-04	0.5381
3264	-108.9824	-108.9824	-81.0198	0.7434	72.8508	0.6688	1.8e-04	0.5367
3265	-109.0116	-109.0116	-80.1984	0.7357	73.8005	0.6773	1.8e-04	0.5387
3266	-108.9891	-108.9891	-80.4612	0.7382	73.4622	0.6744	1.8e-04	0.5392
3267	-108.9926	-108.9926	-80.0673	0.7346	73.9062	0.6785	1.8e-04	0.5391
3268	-108.9822	-108.9822	-80.2844	0.7367	73.6560	0.6762	1.8e-04	0.5388
3269	-108.9919	-108.9919	-79.8597	0.7327	74.1361	0.6805	1.8e-04	0.5388
3270	-108.9943	-108.9943	-79.9203	0.7333	74.0751	0.6799	1.8e-04	0.5396
3271	-108.9987	-108.9987	-79.7037	0.7312	74.3023	0.6820	1.8e-04	0.5379
3272	-108.9799	-108.9799	-80.1545	0.7355	73.7992	0.6775	1.8e-04	0.5383
3273	-108.9834	-108.9834	-79.5031	0.7295	74.4964	0.6838	1.8e-04	0.5390
3274	-108.9849	-108.9849	-80.1777	0.7357	73.7758	0.6773	1.8e-04	0.5397
3275	-108.9840	-108.9840	-80.1907	0.7358	73.7634	0.6772	1.8e-04	0.5381
3276	-108.9815	-108.9815	-80.0515	0.7345	73.9096	0.6785	1.8e-04	0.5389
3277	-108.9856	-108.9856	-80.4266	0.7380	73.5138	0.6748	1.8e-04	0.5378
3278	-108.9867	-108.9867	-80.6612	0.7401	73.2410	0.6724	1.8e-04	0.5378
3279	-108.9969	-108.9969	-80.6012	0.7395	73.3336	0.6732	1.8e-04	0.5390
3280	-108.9771	-108.9771	-79.9533	0.7337	74.0162	0.6795	1.8e-04	0.5396
3281	-108.9948	-108.9948	-80.0894	0.7348	73.8890	0.6783	1.8e-04	0.5397
3282	-108.9878	-108.9878	-79.8396	0.7326	74.1598	0.6807	1.8e-04	0.5380
3283	-108.9761	-108.9761	-79.4421	0.7290	74.5575	0.6845	1.8e-04	0.5387
3284	-108.9879	-108.9879	-80.0141	0.7342	73.9467	0.6788	1.8e-04	0.5374
3285	-108.9958	-108.9958	-80.1581	0.7354	73.8061	0.6774	1.8e-04	0.5385
3286	-109.0027	-109.0027	-80.0493	0.7344	73.9396	0.6787	1.8e-04	0.5380
3287	-108.9929	-108.9929	-79.5318	0.7297	74.4830	0.6837	1.8e-04	0.5390
3288	-108.9948	-108.9948	-80.0416	0.7344	73.9373	0.6787	1.8e-04	0.5375
3289	-108.9855	-108.9855	-80.9338	0.7426	72.9499	0.6697	1.8e-04	0.5389
3290	-109.0008	-109.0008	-78.6257	0.7213	75.4612	0.6926	1.8e-04	0.5386
3291	-108.9814	-108.9814	-80.3786	0.7375	73.5681	0.6753	1.8e-04	0.5377
3292	-109.0031	-109.0031	-80.3298	0.7369	73.6306	0.6758	1.8e-04	0.5389
3293	-108.9888	-108.9888	-80.1578	0.7355	73.7960	0.6774	1.8e-04	0.5388
3294	-108.9713	-108.9713	-80.1604	0.7356	73.7749	0.6773	1.8e-04	0.5392
3295	-108.9851	-108.9851	-79.4044	0.7286	74.6233	0.6850	1.8e-04	0.5387
3296	-108.9895	-108.9895	-79.1754	0.7264	74.8393	0.6870	1.8e-04	0.5391
3297	-108.9794	-108.9794	-80.6746	0.7403	73.2197	0.6722	1.8e-04	0.5381
3298	-108.9790	-108.9790	-79.6847	0.7312	74.2929	0.6820	1.8e-04	0.5388
3299	-108.9752	-108.9752	-79.6138	0.7306	74.3746	0.6828	1.8e-04	0.5382
3300	-108.9859	-108.9859	-78.6784	0.7219	75.3602	0.6918	1.8e-04	0.5391
3301	-108.9768	-108.9768	-78.8368	0.7234	75.2051	0.6904	1.8e-04	0.5371
3302	-108.9852	-108.9852	-79.6806	0.7311	74.3127	0.6822	1.8e-04	0.5392
3303	-108.9885	-108.9885	-78.6109	0.7213	75.4475	0.6926	1.8e-04	0.5378
3304	-108.9957	-108.9957	-79.5621	0.7300	74.4618	0.6835	1.8e-04	0.5374
3305	-108.9822	-108.9822	-79.6184	0.7306	74.3811	0.6828	1.8e-04	0.5385
3306	-108.9729	-108.9729	-78.7163	0.7223	75.3140	0.6915	1.8e-04	0.5370
3307	-108.9917	-108.9917	-79.1407	0.7261	74.8975	0.6876	1.8e-04	0.5393
3308	-108.9818	-108.9818	-79.2398	0.7271	74.7951	0.6865	1.8e-04	0.5405
3309	-108.9917	-108.9917	-78.6021	0.7212	75.4520	0.6927	1.8e-04	0.5385
3310	-108.9903	-108.9903	-79.3658	0.7282	74.6511	0.6853	1.8e-04	0.5377
3311	-108.9858	-108.9858	-78.2061	0.7176	75.8636	0.6964	1.8e-04	0.5371
3312	-108.9820	-108.9820	-78.8507	0.7235	75.1964	0.6903	1.8e-04	0.5369
3313	-108.9763	-108.9763	-79.9519	0.7337	74.0077	0.6795	1.8e-04	0.5375
3314	-108.9864	-108.9864	-78.5297	0.7205	75.5283	0.6934	1.8e-04	0.5378
3315	-108.9827	-108.9827	-78.2963	0.7184	75.7680	0.6956	1.8e-04	0.5382
3316	-108.9956	-108.9956	-78.0112	0.7157	76.0656	0.6983	1.8e-04	0.5383
3317	-108.9848	-108.9848	-77.5328	0.7114	76.5562	0.7027	1.8e-04	0.5393
3318	-108.9791	-108.9791	-78.0702	0.7164	76.0032	0.6977	1.8e-04	0.5390
3319	-108.9928	-108.9928	-76.8771	0.7053	77.2225	0.7089	1.8e-04	0.5367
3320	-108.9849	-108.9849	-76.9557	0.7061	77.1379	0.7081	1.8e-04	0.5374
3321	-108.9821	-108.9821	-77.5363	0.7115	76.5401	0.7027	1.8e-04	0.5374
3322	-108.9864	-108.9864	-76.1624	0.6988	77.9252	0.7153	1.8e-04	0.5388
3323	-108.9920	-108.9920	-77.9427	0.7151	76.1396	0.6990	1.8e-04	0.5374
3324	-108.9853	-108.9853	-77.8378	0.7142	76.2285	0.6999	1.8e-04	0.5388
3325	-108.9976	-108.9976	-77.1701	0.7080	76.9298	0.7062	1.8e-04	0.5395
3326	-108.9862	-108.9862	-76.7818	0.7045	77.3078	0.7097	1.8e-04	0.5383
3327	-108.9899	-108.9899	-77.1604	0.7080	76.9238	0.7062	1.8e-04	0.5381
3328	-108.9908	-108.9908	-76.3328	0.7004	77.7549	0.7138	1.8e-04	0.5378
3329	-108.9832	-108.9832	-76.1487	0.6987	77.9387	0.7154	1.8e-04	0.5371
3330	-108.9647	-108.9647	-76.0157	0.6976	78.0323	0.7164	1.8e-04	0.5390
3331	-108.9830	-108.9830	-76.0246	0.6976	78.0405	0.7164	1.8e-04	0.5385
3332	-108.9849	-108.9849	-75.7643	0.6952	78.3020	0.7188	1.8e-04	0.5382
3333	-108.9988	-108.9992	-74.3220	0.6819	79.6859	0.7315	1.8e-04	0.5378
3334	-108.9927	-108.9927	-76.4570	0.7015	77.6465	0.7127	1.8e-04	0.5388
3335	-108.9960	-108.9960	-76.5887	0.7027	77.4972	0.7114	1.8e-04	0.5399
3336	-108.9825	-108.9825	-76.2691	0.6998	77.8108	0.7143	1.8e-04	0.5393
3337	-108.9771	-108.9771	-76.6197	0.7031	77.4561	0.7111	1.8e-04	0.5392
3338	-108.9974	-108.9974	-75.6518	0.6941	78.4330	0.7199	1.8e-04	0.5395
3339	-108.9771	-108.9771	-76.3450	0.7006	77.7321	0.7135	1.8e-04	0.5376
3340	-108.9876	-108.9876	-75.8686	0.6961	78.1975	0.7179	1.8e-04	0.5405
3341	-108.9990	-108.9990	-75.9195	0.6965	78.1714	0.7175	1.8e-04	0.5381
3342	-108.9947	-108.9947	-76.5719	0.7025	77.5312	0.7116	1.8e-04	0.5378
3343	-108.9654	-108.9654	-77.7927	0.7139	76.2674	0.7002	1.8e-04	0.5371
3344	-108.9852	-108.9852	-77.0658	0.7071	77.0345	0.7071	1.8e-04	0.5381
3345	-108.9886	-108.9886	-75.9777	0.6971	78.1010	0.7169	1.8e-04	0.5392
3346	-108.9913	-108.9913	-78.0663	0.7163	75.9863	0.6976	1.8e-04	0.5398
3347	-109.0200	-109.0200	-76.9484	0.7058	77.1758	0.7084	1.8e-04	0.5384
3348	-108.9798	-108.9798	-77.1346	0.7078	76.9547	0.7064	1.8e-04	0.5388
3349	-108.9988	-108.9988	-76.8700	0.7052	77.2416	0.7090	1.8e-04	0.5378
3350	-108.9838	-108.9838	-77.2832	0.7091	76.7916	0.7049	1.8e-04	0.5381
3351	-108.9795	-108.9795	-77.0270	0.7068	77.0620	0.7074	1.8e-04	0.5384
3352	-108.9843	-108.9843	-76.9841	0.7064	77.1018	0.7078	1.8e-04	0.5395
3353	-108.9740	-108.9740	-76.9701	0.7063	77.0978	0.7079	1.8e-04	0.5388
3354	-108.9892	-108.9892	-77.5638	0.7117	76.5347	0.7025	1.8e-04	0.5383
3355	-108.9937	-108.9937	-77.3615	0.7098	76.7317	0.7044	1.8e-04	0.5377
3356	-108.9775	-108.9775	-77.7942	0.7139	76.2841	0.7003	1.8e-04	0.5388
3357	-109.0089	-109.0089	-77.2829	0.7090	76.8308	0.7052	1.8e-04	0.5391
3358	-108.9812	-108.9812	-77.7209	0.7132	76.3519	0.7009	1.8e-04	0.5403
3359	-108.9896	-108.9896	-77.3978	0.7101	76.7120	0.7040	1.8e-04	0.5376
3360	-109.0018	-109.0018	-78.3572	0.7189	75.7215	0.6950	1.8e-04	0.5377
3361	-108.9966	-108.9966	-77.3236	0.7094	76.7822	0.7047	1.8e-04	0.5382
3362	-108.9764	-108.9764	-77.1816	0.7082	76.8959	0.7059	1.8e-04	0.5375
3363	-108.9859	-108.9859	-76.9959	0.7065	77.0992	0.7077	1.8e-04	0.5385
3364	-108.9913	-108.9913	-78.2186	0.7177	75.8627	0.6964	1.8e-04	0.5380
3365	-108.9937	-108.9937	-77.5984	0.7120	76.4957	0.7022	1.8e-04	0.5383
3366	-108.9985	-108.9985	-77.6449	0.7123	76.4588	0.7018	1.8e-04	0.5381
3367	-108.9878	-108.9878	-77.8094	0.7139	76.2706	0.7001	1.8e-04	0.5390
3368	-108.9664	-108.9664	-77.4957	0.7112	76.5652	0.7029	1.8e-04	0.5390
3369	-108.9791	-108.9791	-78.5602	0.7209	75.4786	0.6929	1.8e-04	0.5379
3370	-108.9821	-108.9821	-77.0353	0.7069	77.0349	0.7072	1.8e-04	0.5369
3371	-108.9859	-108.9859	-78.3406	0.7188	75.7254	0.6952	1.8e-04	0.5391
3372	-108.9895	-108.9895	-77.6332	0.7123	76.3996	0.7013	1.8e-04	0.5386
3373	-108.9856	-108.9856	-78.0089	0.7158	76.0608	0.6983	1.8e-04	0.5385
3374	-108.9905	-108.9905	-77.5639	0.7117	76.5298	0.7025	1.8e-04	0.5394
3375	-108.9918	-108.9918	-77.3784	0.7099	76.7308	0.7042	1.8e-04	0.5387
3376	-108.9965	-108.9965	-78.7906	0.7229	75.2729	0.6909	1.8e-04	0.5381
3377	-108.9933	-108.9933	-77.5524	0.7115	76.5396	0.7026	1.8e-04	0.5377
3378	-108.9816	-108.9816	-78.1545	0.7171	75.9116	0.6969	1.8e-04	0.5373
3379	-108.9967	-108.9967	-77.7812	0.7136	76.3255	0.7005	1.8e-04	0.5392
3380	-109.0103	-109.0103	-77.7452	0.7132	76.3638	0.7009	1.8e-04	0.5382
3381	-108.9935	-108.9935	-77.9022	0.7147	76.1955	0.6994	1.8e-04	0.5380
3382	-108.9899	-108.9899	-78.0456	0.7161	76.0382	0.6980	1.8e-04	0.5392
3383	-108.9861	-108.9861	-78.2301	0.7178	75.8538	0.6962	1.8e-04	0.5395
3384	-108.9746	-108.9746	-77.6839	0.7129	76.3748	0.7011	1.8e-04	0.5392
3385	-108.9928	-108.9928	-77.1351	0.7077	76.9497	0.7065	1.8e-04	0.5374
3386	-108.9997	-108.9997	-77.3682	0.7098	76.7226	0.7042	1.8e-04	0.5370
3387	-109.0004	-109.0004	-76.7034	0.7037	77.3766	0.7103	1.8e-04	0.5389
3388	-108.9808	-108.9808	-78.2195	0.7177	75.8614	0.6963	1.8e-04	0.5382
3389	-108.9938	-108.9938	-77.0352	0.7068	77.0558	0.7073	1.8e-04	0.5380
3390	-108.9978	-108.9978	-77.9124	0.7148	76.1747	0.6992	1.8e-04	0.5399
3391	-108.9806	-108.9806	-76.8354	0.7050	77.2596	0.7091	1.8e-04	0.5400
3392	-109.0098	-109.0098	-77.2474	0.7086	76.8713	0.7055	1.8e-04	0.5401
3393	-108.9981	-108.9981	-78.0669	0.7162	76.0301	0.6979	1.8e-04	0.5383
3394	-108.9854	-108.9854	-78.0654	0.7163	75.9977	0.6977	1.8e-04	0.5379
3395	-108.9799	-108.9799	-77.1017	0.7075	76.9862	0.7067	1.8e-04	0.5382
3396	-108.9854	-108.9854	-77.0870	0.7073	77.0047	0.7068	1.8e-04	0.5386
3397	-108.9813	-108.9813	-77.0918	0.7074	76.9878	0.7067	1.8e-04	0.5380
3398	-108.9866	-108.9866	-76.5988	0.7028	77.4910	0.7114	1.8e-04	0.5383
3399	-108.9952	-108.9952	-77.3264	0.7094	76.7656	0.7046	1.8e-04	0.5379
3400	-108.9794	-108.9794	-76.9185	0.7058	77.1665	0.7083	1.8e-04	0.5370
3401	-108.9813	-108.9813	-76.9404	0.7060	77.1493	0.7082	1.8e-04	0.5370
3402	-108.9894	-108.9894	-77.3912	0.7101	76.6793	0.7038	1.8e-04	0.5382
3403	-109.0019	-109.0019	-77.0458	0.7068	77.0691	0.7074	1.8e-04	0.5386
3404	-108.9973	-108.9973	-78.1084	0.7166	75.9902	0.6975	1.8e-04	0.5377
3405	-108.9894	-108.9894	-78.0325	0.7160	76.0498	0.6981	1.8e-04	0.5371
3406	-109.0010	-109.0010	-77.6541	0.7124	76.4513	0.7017	1.8e-04	0.5376
3407	-108.9954	-108.9954	-77.2223	0.7085	76.8591	0.7055	1.8e-04	0.5387
3408	-108.9769	-108.9769	-78.1173	0.7168	75.9488	0.6972	1.8e-04	0.5387
3409	-108.9934	-108.9934	-77.5867	0.7118	76.5154	0.7023	1.8e-04	0.5405
3410	-108.9839	-108.9839	-78.9368	0.7243	75.1003	0.6895	1.8e-04	0.5396
3411	-108.9678	-108.9678	-77.5590	0.7118	76.5096	0.7024	1.8e-04	0.5396
3412	-108.9899	-108.9899	-77.9029	0.7148	76.1803	0.6993	1.8e-04	0.5391
3413	-108.9899	-108.9899	-78.2252	0.7177	75.8359	0.6962	1.8e-04	0.5408
3414	-108.9931	-108.9931	-77.7181	0.7131	76.3677	0.7010	1.8e-04	0.5387
3415	-108.9799	-108.9799	-77.2703	0.7090	76.8244	0.7052	1.8e-04	0.5397
3416	-108.9850	-108.9850	-76.8693	0.7053	77.1960	0.7087	1.8e-04	0.5387
3417	-108.9984	-108.9984	-77.3995	0.7101	76.6974	0.7040	1.8e-04	0.5407
3418	-108.9966	-108.9966	-78.4399	0.7197	75.6375	0.6943	1.8e-04	0.5393
3419	-108.9899	-108.9899	-78.3743	0.7191	75.7036	0.6949	1.8e-04	0.5392
3420	-108.9814	-108.9814	-76.9674	0.7062	77.1103	0.7079	1.8e-04	0.5382
3421	-108.9885	-108.9885	-77.3497	0.7097	76.7388	0.7044	1.8e-04	0.5389
3422	-108.9957	-108.9957	-78.0656	0.7162	76.0186	0.6979	1.8e-04	0.5375
3423	-108.9809	-108.9809	-76.4699	0.7017	77.5984	0.7124	1.8e-04	0.5395
3424	-108.9807	-108.9807	-77.4393	0.7106	76.6264	0.7035	1.8e-04	0.5385
3425	-108.9880	-108.9880	-77.3526	0.7097	76.7408	0.7044	1.8e-04	0.5399
3426	-108.9638	-108.9638	-76.4339	0.7015	77.6172	0.7126	1.8e-04	0.5372
3427	-108.9922	-108.9922	-77.0671	0.7071	77.0256	0.7071	1.8e-04	0.5386
3428	-108.9808	-108.9808	-76.7248	0.7040	77.3339	0.7099	1.8e-04	0.5384
3429	-108.9690	-108.9690	-77.9064	0.7149	76.1513	0.6992	1.8e-04	0.5404
3430	-108.9743	-108.9743	-77.1851	0.7083	76.8546	0.7055	1.8e-04	0.5398
3431	-108.9966	-108.9966	-76.9869	0.7063	77.1219	0.7079	1.8e-04	0.5380
3432	-108.9847	-108.9847	-76.6195	0.7030	77.4539	0.7110	1.8e-04	0.5381
3433	-108.9700	-108.9700	-76.4708	0.7018	77.5807	0.7122	1.8e-04	0.5376
3434	-108.9850	-108.9850	-76.4831	0.7018	77.6017	0.7124	1.8e-04	0.5379
3435	-108.9937	-108.9937	-75.9809	0.6971	78.1030	0.7169	1.8e-04	0.5391
3436	-109.0063	-109.0063	-76.6189	0.7029	77.4984	0.7113	1.8e-04	0.5397
3437	-108.9835	-108.9835	-76.7126	0.7039	77.3804	0.7103	1.8e-04	0.5402
3438	-108.9891	-108.9891	-76.1626	0.6988	77.9210	0.7153	1.8e-04	0.5389
3439	-108.9795	-108.9795	-76.5672	0.7026	77.5165	0.7116	1.8e-04	0.5372
3440	-108.9919	-108.9920	-75.3854	0.6917	78.6708	0.7222	1.8e-04	0.5379
3441	-108.9872	-108.9872	-75.8885	0.6963	78.1835	0.7177	1.8e-04	0.5389
3442	-108.9984	-108.9984	-75.9174	0.6965	78.1729	0.7175	1.8e-04	0.5391
3443	-108.9944	-108.9944	-76.0553	0.6978	78.0332	0.7162	1.8e-04	0.5401
3444	-108.9818	-108.9818	-76.2449	0.6996	77.8332	0.7145	1.8e-04	0.5395
3445	-108.9964	-108.9964	-76.1354	0.6985	77.9317	0.7154	1.8e-04	0.5393
3446	-108.9872	-108.9874	-75.1838	0.6898	78.8593	0.7239	1.8e-04	0.5377
3447	-108.9742	-108.9742	-76.5790	0.7027	77.5017	0.7115	1.8e-04	0.5370
3448	-108.9779	-108.9779	-76.5937	0.7028	77.4892	0.7114	1.8e-04	0.5383
3449	-108.9841	-108.9841	-76.5564	0.7025	77.5284	0.7117	1.8e-04	0.5392
3450	-108.9935	-108.9935	-75.8125	0.6956	78.2805	0.7185	1.8e-04	0.5381
3451	-108.9924	-108.9924	-75.8173	0.6956	78.2657	0.7184	1.8e-04	0.5387
3452	-108.9765	-108.9765	-75.6948	0.6946	78.3712	0.7194	1.8e-04	0.5380
3453	-108.9744	-108.9744	-76.5852	0.7028	77.4915	0.7114	1.8e-04	0.5395
3454	-108.9882	-108.9882	-76.7870	0.7045	77.3149	0.7096	1.8e-04	0.5390
3455	-108.9900	-108.9900	-76.5130	0.7020	77.5739	0.7122	1.8e-04	0.5387
3456	-108.9812	-108.9812	-76.6924	0.7037	77.3977	0.7105	1.8e-04	0.5377
3457	-108.9643	-108.9643	-78.0293	0.7161	76.0252	0.6980	1.8e-04	0.5393
3458	-108.9879	-108.9879	-77.1981	0.7083	76.8945	0.7058	1.8e-04	0.5382
3459	-108.9912	-108.9912	-76.5064	0.7020	77.5823	0.7122	1.8e-04	0.5394
3460	-108.9762	-108.9762	-77.0865	0.7074	76.9953	0.7068	1.8e-04	0.5394
3461	-108.9877	-108.9877	-77.0716	0.7072	77.0280	0.7071	1.8e-04	0.5405
3462	-108.9898	-108.9898	-77.9749	0.7154	76.0959	0.6985	1.8e-04	0.5388
3463	-108.9852	-108.9852	-76.7573	0.7043	77.3059	0.7096	1.8e-04	0.5381
3464	-108.9974	-108.9974	-76.5307	0.7021	77.5587	0.7118	1.8e-04	0.5380
3465	-108.9800	-108.9800	-76.9870	0.7064	77.0885	0.7077	1.8e-04	0.5379
3466	-108.9958	-108.9958	-76.7974	0.7046	77.3142	0.7096	1.8e-04	0.5373
3467	-108.9818	-108.9818	-76.9058	0.7057	77.1775	0.7085	1.8e-04	0.5395
3468	-108.9858	-108.9858	-78.0948	0.7166	75.9592	0.6973	1.8e-04	0.5390
3469	-108.9866	-108.9866	-76.6184	0.7030	77.4735	0.7112	1.8e-04	0.5401
3470	-108.9972	-108.9972	-77.4572	0.7106	76.6355	0.7035	1.8e-04	0.5395
3471	-108.9821	-108.9821	-77.4046	0.7103	76.6834	0.7039	1.8e-04	0.5372
3472	-108.9796	-108.9796	-77.4235	0.7104	76.6505	0.7037	1.8e-04	0.5370
3473	-108.9896	-108.9896	-77.7522	0.7134	76.3494	0.7008	1.8e-04	0.5393
3474	-109.0044	-109.0044	-76.1568	0.6987	77.9453	0.7154	1.8e-04	0.5369
3475	-108.9835	-108.9835	-77.3672	0.7099	76.7159	0.7043	1.8e-04	0.5388
3476	-109.0034	-109.0034	-77.1322	0.7076	76.9696	0.7065	1.8e-04	0.5382
3477	-108.9767	-108.9767	-77.5092	0.7112	76.5652	0.7028	1.8e-04	0.5402
3478	-108.9827	-108.9827	-77.6689	0.7127	76.4102	0.7014	1.8e-04	0.5399
3479	-108.9919	-108.9919	-77.0427	0.7069	77.0475	0.7073	1.8e-04	0.5381
3480	-108.9971	-108.9971	-76.2135	0.6992	77.8860	0.7149	1.8e-04	0.5385
3481	-108.9868	-108.9868	-76.6645	0.7034	77.4357	0.7108	1.8e-04	0.5402
3482	-108.9657	-108.9657	-76.7345	0.7042	77.3281	0.7100	1.8e-04	0.5396
3483	-108.9856	-108.9856	-76.6933	0.7037	77.4112	0.7105	1.8e-04	0.5407
3484	-108.9777	-108.9777	-76.3782	0.7009	77.6924	0.7132	1.8e-04	0.5395
3485	-108.9826	-108.9826	-77.2342	0.7087	76.8436	0.7054	1.8e-04	0.5415
3486	-108.9868	-108.9868	-76.6212	0.7030	77.4173	0.7107	1.8e-04	0.5390
3487	-108.9984	-108.9984	-75.8550	0.6959	78.2417	0.7181	1.8e-04	0.5378
3488	-108.9908	-108.9908	-77.6065	0.7120	76.4405	0.7017	1.8e-04	0.5367
3489	-108.9759	-108.9759	-77.2780	0.7091	76.7846	0.7049	1.8e-04	0.5379
3490	-108.9976	-108.9976	-76.7174	0.7038	77.3886	0.7103	1.8e-04	0.5378
3491	-108.9997	-108.9997	-77.2869	0.7091	76.8199	0.7052	1.8e-04	0.5385
3492	-108.9873	-108.9873	-77.1579	0.7080	76.9315	0.7062	1.8e-04	0.5380
3493	-108.9724	-108.9724	-76.0687	0.6981	78.0006	0.7160	1.8e-04	0.5386
3494	-108.9965	-108.9965	-76.7202	0.7039	77.3494	0.7100	1.8e-04	0.5401
3495	-108.9969	-108.9969	-77.6775	0.7127	76.4131	0.7014	1.8e-04	0.5383
3496	-108.9814	-108.9814	-76.8999	0.7056	77.1839	0.7085	1.8e-04	0.5377
3497	-108.9837	-108.9837	-78.0386	0.7161	76.0447	0.6980	1.8e-04	0.5394
3498	-108.9720	-108.9720	-76.7096	0.7039	77.3475	0.7101	1.8e-04	0.5395
3499	-108.9897	-108.9897	-77.8320	0.7141	76.2454	0.6999	1.8e-04	0.5396
3500	-108.9897	-108.9897	-77.8375	0.7142	76.2472	0.7000	1.8e-04	0.5384
3501	-108.9889	-108.9889	-76.3907	0.7009	77.7057	0.7132	1.8e-04	0.5372
3502	-109.0011	-109.0011	-76.8367	0.7049	77.2640	0.7092	1.8e-04	0.5373
3503	-108.9853	-108.9853	-77.4170	0.7103	76.6700	0.7038	1.8e-04	0.5398
3504	-108.9810	-108.9810	-76.8187	0.7049	77.2661	0.7093	1.8e-04	0.5386
3505	-108.9952	-108.9952	-76.8249	0.7048	77.2826	0.7093	1.8e-04	0.5401
3506	-108.9942	-108.9942	-76.5139	0.7020	77.5818	0.7122	1.8e-04	0.5380
3507	-108.9800	-108.9800	-76.9811	0.7064	77.1079	0.7078	1.8e-04	0.5387
3508	-109.0113	-109.0113	-76.9394	0.7058	77.1812	0.7084	1.8e-04	0.5378
3509	-108.9756	-108.9756	-77.3883	0.7101	76.6914	0.7041	1.8e-04	0.5390
3510	-109.0035	-109.0035	-77.3947	0.7100	76.7262	0.7042	1.8e-04	0.5381
3511	-109.0000	-109.0000	-76.4365	0.7013	77.6267	0.7125	1.8e-04	0.5396
3512	-108.9826	-108.9826	-76.4143	0.7012	77.6690	0.7130	1.8e-04	0.5385
3513	-108.9883	-108.9883	-77.1592	0.7080	76.9091	0.7060	1.8e-04	0.5399
3514	-108.9980	-108.9980	-76.0874	0.6981	77.9911	0.7159	1.8e-04	0.5393
3515	-108.9985	-108.9985	-75.9480	0.6968	78.1484	0.7173	1.8e-04	0.5382
3516	-108.9762	-108.9762	-76.6492	0.7034	77.4310	0.7108	1.8e-04	0.5386
3517	-108.9862	-108.9862	-76.6323	0.7031	77.4154	0.7106	1.8e-04	0.5379
3518	-109.0071	-109.0071	-77.2379	0.7086	76.8866	0.7056	1.8e-04	0.5394
3519	-108.9891	-108.9891	-76.7911	0.7046	77.2950	0.7096	1.8e-04	0.5390
3520	-108.9857	-108.9857	-76.3158	0.7002	77.7710	0.7139	1.8e-04	0.5394
3521	-108.9733	-108.9733	-77.0826	0.7074	76.9970	0.7069	1.8e-04	0.5389
3522	-108.9863	-108.9863	-77.0436	0.7069	77.0383	0.7072	1.8e-04	0.5387
3523	-108.9908	-108.9908	-76.5811	0.7026	77.4984	0.7114	1.8e-04	0.5378
3524	-108.9835	-108.9835	-77.0472	0.7070	77.0378	0.7071	1.8e-04	0.5381
3525	-108.9733	-108.9733	-76.1490	0.6988	77.9190	0.7153	1.8e-04	0.5379
3526	-108.9954	-108.9954	-76.3520	0.7005	77.7433	0.7136	1.8e-04	0.5393
3527	-108.9897	-108.9897	-77.2256	0.7086	76.8603	0.7055	1.8e-04	0.5377
3528	-108.9843	-108.9843	-76.7243	0.7040	77.3649	0.7102	1.8e-04	0.5376
3529	-108.9801	-108.9801	-76.0216	0.6976	78.0601	0.7165	1.8e-04	0.5379
3530	-108.9933	-108.9933	-76.4436	0.7014	77.6559	0.7127	1.8e-04	0.5380
3531	-108.9928	-108.9928	-76.7679	0.7043	77.3272	0.7098	1.8e-04	0.5377
3532	-108.9725	-108.9725	-77.0157	0.7067	77.0643	0.7075	1.8e-04	0.5387
3533	-108.9885	-108.9885	-76.8647	0.7053	77.2199	0.7089	1.8e-04	0.5391
3534	-108.9869	-108.9869	-76.0954	0.6982	78.0001	0.7159	1.8e-04	0.5386
3535	-109.0014	-109.0014	-76.3413	0.7004	77.7633	0.7138	1.8e-04	0.5371
3536	-108.9844	-108.9844	-77.3019	0.7093	76.7769	0.7048	1.8e-04	0.5383
3537	-108.9678	-108.9678	-76.8358	0.7051	77.1917	0.7086	1.8e-04	0.5400
3538	-108.9847	-108.9848	-75.9840	0.6972	78.0599	0.7166	1.8e-04	0.5395
3539	-109.0046	-109.0046	-76.9033	0.7055	77.2039	0.7087	1.8e-04	0.5387
3540	-109.0063	-109.0063	-76.8236	0.7048	77.3005	0.7094	1.8e-04	0.5379
3541	-108.9860	-108.9860	-76.0309	0.6976	78.0494	0.7164	1.8e-04	0.5390
3542	-108.9957	-108.9957	-77.2617	0.7089	76.8481	0.7054	1.8e-04	0.5405
3543	-108.9760	-108.9760	-76.8395	0.7051	77.2470	0.7091	1.8e-04	0.5399
3544	-108.9773	-108.9773	-76.3061	0.7002	77.7608	0.7139	1.8e-04	0.5372
3545	-108.9835	-108.9835	-76.6117	0.7030	77.4767	0.7112	1.8e-04	0.5368
3546	-108.9958	-108.9958	-76.4146	0.7011	77.6909	0.7131	1.8e-04	0.5378
3547	-109.0019	-109.0019	-76.4302	0.7012	77.6469	0.7127	1.8e-04	0.5374
3548	-108.9782	-108.9782	-77.7893	0.7138	76.3002	0.7003	1.8e-04	0.5368
3549	-108.9814	-108.9814	-77.5465	0.7116	76.5306	0.7026	1.8e-04	0.5374
3550	-108.9803	-108.9803	-77.1399	0.7078	76.9477	0.7064	1.8e-04	0.5377
3551	-108.9757	-108.9757	-75.9374	0.6968	78.1245	0.7172	1.8e-04	0.5387
3552	-108.9708	-108.9708	-76.7831	0.7046	77.2921	0.7096	1.8e-04	0.5399
3553	-108.9800	-108.9801	-75.8295	0.6958	78.2348	0.7182	1.8e-04	0.5390
3554	-108.9852	-108.9853	-75.9010	0.6964	78.1685	0.7175	1.8e-04	0.5385
3555	-108.9791	-108.9791	-76.8063	0.7048	77.2705	0.7093	1.8e-04	0.5376
3556	-108.9877	-108.9877	-75.5759	0.6934	78.4928	0.7205	1.8e-04	0.5376
3557	-108.9995	-108.9995	-76.7100	0.7038	77.3925	0.7104	1.8e-04	0.5384
3558	-108.9712	-108.9712	-76.5849	0.7028	77.4858	0.7113	1.8e-04	0.5385
3559	-108.9773	-108.9773	-76.2222	0.6994	77.8549	0.7147	1.8e-04	0.5379
3560	-109.0020	-109.0020	-76.1851	0.6989	77.9211	0.7152	1.8e-04	0.5376
3561	-108.9887	-108.9888	-75.4101	0.6919	78.6540	0.7220	1.8e-04	0.5384
3562	-108.9909	-108.9909	-75.8224	0.6957	78.2419	0.7182	1.8e-04	0.5367
3563	-109.0050	-109.0050	-76.3919	0.7008	77.7207	0.7133	1.8e-04	0.5378
3564	-108.9990	-108.9990	-76.0975	0.6981	77.9661	0.7157	1.8e-04	0.5392
3565	-109.0017	-109.0017	-77.0980	0.7073	77.0066	0.7069	1.8e-04	0.5382
3566	-109.0038	-109.0039	-75.4146	0.6919	78.6522	0.7220	1.8e-04	0.5401
3567	-108.9770	-108.9770	-76.8492	0.7052	77.2305	0.7090	1.8e-04	0.5398
3568	-109.0057	-109.0057	-75.8478	0.6958	78.2558	0.7182	1.8e-04	0.5370
3569	-108.9715	-108.9715	-76.6799	0.7037	77.4052	0.7105	1.8e-04	0.5377
3570	-108.9870	-108.9870	-75.8495	0.6959	78.2288	0.7181	1.8e-04	0.5376
3571	-108.9794	-108.9794	-76.1380	0.6986	77.8908	0.7150	1.7e-04	0.5387
3572	-108.9826	-108.9828	-74.9964	0.6881	79.0448	0.7255	1.7e-04	0.5380
3573	-109.0016	-109.0017	-75.3247	0.6910	78.7480	0.7228	1.7e-04	0.5386
3574	-108.9949	-108.9949	-76.0001	0.6973	78.0904	0.7168	1.7e-04	0.5388
3575	-108.9870	-108.9871	-75.4707	0.6925	78.5716	0.7212	1.7e-04	0.5398
3576	-108.9768	-108.9768	-77.3634	0.7099	76.7261	0.7043	1.7e-04	0.5390
3577	-108.9967	-108.9968	-75.5816	0.6934	78.5011	0.7205	1.7e-04	0.5373
3578	-108.9885	-108.9885	-75.8774	0.6962	78.1991	0.7178	1.7e-04	0.5378
3579	-108.9904	-108.9904	-76.4071	0.7010	77.6833	0.7131	1.7e-04	0.5371
3580	-108.9806	-108.9806	-77.0407	0.7069	77.0442	0.7072	1.7e-04	0.5372
3581	-108.9798	-108.9798	-76.4994	0.7020	77.5911	0.7122	1.7e-04	0.5365
3582	-108.9955	-108.9955	-77.5260	0.7113	76.5659	0.7028	1.7e-04	0.5375
3583	-108.9822	-108.9822	-77.0573	0.7071	77.0161	0.7069	1.7e-04	0.5380
3584	-108.9832	-108.9832	-77.1937	0.7083	76.9045	0.7059	1.7e-04	0.5373
3585	-108.9863	-108.9863	-76.8011	0.7047	77.2944	0.7095	1.7e-04	0.5382
3586	-108.9880	-108.9880	-77.6283	0.7123	76.4574	0.7019	1.7e-04	0.5380
3587	-108.9976	-108.9976	-76.9986	0.7064	77.1197	0.7078	1.7e-04	0.5391
3588	-108.9912	-108.9912	-77.3636	0.7098	76.7314	0.7043	1.7e-04	0.5375
3589	-108.9781	-108.9781	-77.0952	0.7074	76.9920	0.7068	1.7e-04	0.5382
3590	-108.9973	-108.9973	-77.8285	0.7140	76.2735	0.7001	1.7e-04	0.5393
3591	-108.9833	-108.9833	-76.6987	0.7038	77.3871	0.7104	1.7e-04	0.5388
3592	-108.9648	-108.9648	-77.5098	0.7113	76.5624	0.7028	1.7e-04	0.5376
3593	-109.0116	-109.0116	-77.8199	0.7139	76.2958	0.7003	1.7e-04	0.5376
3594	-108.9972	-108.9972	-76.9775	0.7062	77.1172	0.7079	1.7e-04	0.5383
3595	-109.0039	-109.0039	-76.7490	0.7041	77.3575	0.7100	1.7e-04	0.5388
3596	-108.9838	-108.9838	-76.6070	0.7029	77.4892	0.7112	1.7e-04	0.5395
3597	-108.9877	-108.9877	-77.2462	0.7088	76.8571	0.7054	1.7e-04	0.5387
3598	-108.9878	-108.9878	-77.0760	0.7072	77.0205	0.7070	1.7e-04	0.5395
3599	-108.9737	-108.9737	-76.4492	0.7015	77.6208	0.7126	1.7e-04	0.5411
3600	-109.0145	-109.0145	-76.0610	0.6977	78.0556	0.7164	1.7e-04	0.5394
3601	-109.0097	-109.0097	-76.5240	0.7020	77.5912	0.7122	1.7e-04	0.5370
3602	-108.9907	-108.9907	-77.3319	0.7095	76.7559	0.7045	1.7e-04	0.5388
3603	-108.9762	-108.9762	-77.3501	0.7098	76.7268	0.7043	1.7e-04	0.5387
3604	-108.9895	-108.9895	-77.4911	0.7110	76.5466	0.7027	1.7e-04	0.5376
3605	-108.9745	-108.9745	-77.1719	0.7082	76.9039	0.7060	1.7e-04	0.5375
3606	-108.9798	-108.9798	-77.0889	0.7074	77.0149	0.7068	1.7e-04	0.5381
3607	-108.9928	-108.9928	-76.8641	0.7052	77.2372	0.7090	1.7e-04	0.5380
3608	-108.9805	-108.9805	-77.0254	0.7068	77.0351	0.7072	1.7e-04	0.5384
3609	-108.9843	-108.9843	-77.6001	0.7120	76.4640	0.7019	1.7e-04	0.5392
3610	-108.9986	-108.9986	-77.8178	0.7139	76.2890	0.7002	1.7e-04	0.5377
3611	-108.9871	-108.9871	-76.9784	0.7063	77.1148	0.7079	1.7e-04	0.5388
3612	-108.9705	-108.9705	-76.9623	0.7063	77.1199	0.7079	1.7e-04	0.5387
3613	-108.9885	-108.9885	-76.7708	0.7044	77.3258	0.7098	1.7e-04	0.5381
3614	-108.9968	-108.9968	-77.8865	0.7146	76.2143	0.6995	1.7e-04	0.5374
3615	-108.9866	-108.9866	-76.9435	0.7060	77.1504	0.7082	1.7e-04	0.5378
3616	-108.9739	-108.9739	-76.2008	0.6993	77.8602	0.7148	1.7e-04	0.5389
3617	-108.9808	-108.9808	-76.8828	0.7055	77.1975	0.7087	1.7e-04	0.5403
3618	-108.9894	-108.9894	-76.4809	0.7017	77.6079	0.7124	1.7e-04	0.5377
3619	-108.9809	-108.9809	-77.2098	0.7085	76.8796	0.7057	1.7e-04	0.5380
3620	-108.9905	-108.9905	-77.4780	0.7109	76.6196	0.7033	1.7e-04	0.5380
3621	-108.9828	-108.9828	-77.3848	0.7101	76.7079	0.7041	1.7e-04	0.5390
3622	-108.9765	-108.9765	-76.6041	0.7029	77.4581	0.7111	1.7e-04	0.5377
3623	-108.9825	-108.9825	-76.3756	0.7008	77.7127	0.7133	1.7e-04	0.5395
3624	-108.9933	-108.9933	-77.9790	0.7154	76.1058	0.6986	1.7e-04	0.5401
3625	-108.9604	-108.9604	-77.1288	0.7079	76.9292	0.7063	1.7e-04	0.5414
3626	-108.9769	-108.9769	-77.3416	0.7097	76.7419	0.7045	1.7e-04	0.5390
3627	-108.9854	-108.9854	-76.3963	0.7010	77.6976	0.7132	1.7e-04	0.5381
3628	-108.9996	-108.9996	-76.8251	0.7048	77.2835	0.7094	1.7e-04	0.5376
3629	-108.9850	-108.9850	-76.2864	0.7000	77.8091	0.7142	1.7e-04	0.5395
3630	-108.9861	-108.9861	-76.3520	0.7006	77.7456	0.7136	1.7e-04	0.5400
3631	-108.9931	-108.9931	-75.9790	0.6971	78.0657	0.7165	1.7e-04	0.5401
3632	-108.9814	-108.9814	-76.3225	0.7003	77.7565	0.7138	1.7e-04	0.5396
3633	-108.9945	-108.9945	-76.4246	0.7012	77.6776	0.7130	1.7e-04	0.5386
3634	-108.9949	-108.9949	-75.5731	0.6934	78.5070	0.7206	1.7e-04	0.5383
3635	-108.9837	-108.9837	-77.3904	0.7101	76.6939	0.7040	1.7e-04	0.5397
3636	-108.9985	-108.9985	-76.2215	0.6993	77.8744	0.7148	1.7e-04	0.5380
3637	-108.9993	-108.9993	-76.0039	0.6973	78.0784	0.7167	1.7e-04	0.5385
3638	-108.9896	-108.9896	-76.6294	0.7031	77.4624	0.7110	1.7e-04	0.5368
3639	-108.9883	-108.9883	-76.6404	0.7032	77.4508	0.7110	1.7e-04	0.5380
3640	-108.9986	-108.9986	-76.8618	0.7052	77.2417	0.7090	1.7e-04	0.5380
3641	-108.9887	-108.9887	-76.6431	0.7032	77.4417	0.7109	1.7e-04	0.5381
3642	-108.9844	-108.9844	-76.9051	0.7057	77.1549	0.7082	1.7e-04	0.5379
3643	-108.9791	-108.9791	-76.8673	0.7053	77.2190	0.7089	1.7e-04	0.5377
3644	-108.9775	-108.9775	-76.3657	0.7007	77.7044	0.7133	1.7e-04	0.5387
3645	-109.0011	-109.0011	-76.4310	0.7012	77.6580	0.7128	1.7e-04	0.5390
3646	-108.9885	-108.9885	-77.1007	0.7074	76.9978	0.7068	1.7e-04	0.5380
3647	-108.9847	-108.9847	-76.9624	0.7062	77.1174	0.7080	1.7e-04	0.5385
3648	-108.9953	-108.9953	-76.3690	0.7007	77.7263	0.7135	1.7e-04	0.5372
3649	-108.9985	-108.9985	-76.3817	0.7008	77.7129	0.7134	1.7e-04	0.5385
3650	-108.9820	-108.9820	-76.3895	0.7009	77.6937	0.7132	1.7e-04	0.5399
3651	-108.9908	-108.9908	-76.4468	0.7014	77.6566	0.7127	1.7e-04	0.5387
3652	-108.9892	-108.9892	-76.2819	0.6999	77.8018	0.7142	1.7e-04	0.5408
3653	-108.9751	-108.9752	-75.7667	0.6953	78.3028	0.7188	1.7e-04	0.5407
3654	-108.9869	-108.9869	-76.3326	0.7004	77.7498	0.7137	1.7e-04	0.5390
3655	-108.9752	-108.9752	-76.8327	0.7050	77.2483	0.7091	1.7e-04	0.5385
3656	-108.9798	-108.9798	-76.7723	0.7045	77.3075	0.7097	1.7e-04	0.5370
3657	-108.9930	-108.9930	-76.2795	0.6999	77.8137	0.7143	1.7e-04	0.5404
3658	-108.9772	-108.9772	-76.3814	0.7009	77.6975	0.7132	1.7e-04	0.5400
3659	-108.9776	-108.9776	-76.1772	0.6990	77.8878	0.7150	1.7e-04	0.5397
3660	-108.9943	-108.9943	-76.4767	0.7017	77.6210	0.7124	1.7e-04	0.5370
3661	-108.9836	-108.9836	-75.6188	0.6939	78.4484	0.7201	1.7e-04	0.5372
3662	-108.9874	-108.9874	-76.2162	0.6993	77.8671	0.7148	1.7e-04	0.5385
3663	-108.9853	-108.9854	-75.5277	0.6930	78.5316	0.7209	1.7e-04	0.5382
3664	-108.9879	-108.9879	-75.7411	0.6949	78.3256	0.7190	1.7e-04	0.5392
3665	-108.9870	-108.9871	-75.0857	0.6889	78.9525	0.7248	1.7e-04	0.5396
3666	-108.9876	-108.9877	-76.0265	0.6976	78.0322	0.7163	1.7e-04	0.5376
3667	-108.9693	-108.9693	-77.0676	0.7072	77.0093	0.7069	1.7e-04	0.5383
3668	-108.9868	-108.9868	-76.2896	0.7000	77.7908	0.7141	1.7e-04	0.5381
3669	-108.9896	-108.9896	-76.2410	0.6995	77.8435	0.7146	1.7e-04	0.5386
3670	-108.9948	-108.9949	-75.3872	0.6917	78.6769	0.7221	1.7e-04	0.5384
3671	-108.9762	-108.9762	-76.6924	0.7038	77.3959	0.7104	1.7e-04	0.5388
3672	-108.9964	-108.9964	-76.2571	0.6996	77.8475	0.7145	1.7e-04	0.5390
3673	-108.9808	-108.9809	-75.4655	0.6925	78.5970	0.7214	1.7e-04	0.5401
3674	-108.9800	-108.9800	-75.6433	0.6941	78.4046	0.7198	1.7e-04	0.5398
3675	-108.9892	-108.9892	-76.1425	0.6986	77.9417	0.7155	1.7e-04	0.5390
3676	-108.9968	-108.9968	-76.2142	0.6992	77.8429	0.7146	1.7e-04	0.5390
3677	-108.9676	-108.9676	-76.0271	0.6977	78.0247	0.7163	1.7e-04	0.5398
3678	-108.9731	-108.9731	-75.7123	0.6948	78.3397	0.7192	1.7e-04	0.5397
3679	-108.9724	-108.9726	-75.0850	0.6890	78.9449	0.7247	1.7e-04	0.5394
3680	-108.9872	-108.9873	-75.8093	0.6956	78.2630	0.7183	1.7e-04	0.5386
3681	-109.0002	-109.0002	-76.0092	0.6973	78.1016	0.7167	1.7e-04	0.5385
3682	-108.9998	-108.9998	-75.7431	0.6949	78.3311	0.7190	1.7e-04	0.5380
3683	-108.9920	-108.9920	-77.1044	0.7074	76.9906	0.7067	1.7e-04	0.5389
3684	-108.9852	-108.9852	-76.6214	0.7030	77.4710	0.7111	1.7e-04	0.5394
3685	-109.0027	-109.0027	-76.7985	0.7046	77.3171	0.7096	1.7e-04	0.5389
3686	-108.9779	-108.9779	-76.2346	0.6995	77.8367	0.7146	1.7e-04	0.5384
3687	-108.9891	-108.9891	-76.0013	0.6973	78.0433	0.7164	1.7e-04	0.5381
3688	-109.0000	-109.0000	-76.7483	0.7041	77.3580	0.7100	1.7e-04	0.5380
3689	-108.9971	-108.9971	-76.9789	0.7062	77.1275	0.7080	1.7e-04	0.5397
3690	-108.9832	-108.9832	-77.5189	0.7113	76.5645	0.7029	1.7e-04	0.5398
3691	-108.9841	-108.9841	-76.4602	0.7016	77.6208	0.7125	1.7e-04	0.5399
3692	-108.9927	-108.9927	-77.1814	0.7081	76.9221	0.7061	1.7e-04	0.5388
3693	-109.0003	-109.0003	-77.7692	0.7135	76.3242	0.7006	1.7e-04	0.5383
3694	-108.9870	-108.9870	-76.4949	0.7019	77.5861	0.7122	1.7e-04	0.5382
3695	-108.9806	-108.9806	-76.8274	0.7050	77.2529	0.7092	1.7e-04	0.5387
3696	-108.9734	-108.9734	-77.1535	0.7080	76.8995	0.7060	1.7e-04	0.5392
3697	-109.0040	-109.0040	-76.8530	0.7050	77.2666	0.7091	1.7e-04	0.5393
3698	-108.9892	-108.9892	-76.5586	0.7024	77.5117	0.7115	1.7e-04	0.5389
3699	-108.9834	-108.9834	-76.3253	0.7003	77.7566	0.7138	1.7e-04	0.5390
3700	-108.9914	-108.9914	-77.4510	0.7106	76.6418	0.7036	1.7e-04	0.5382
3701	-108.9824	-108.9824	-76.4467	0.7015	77.6447	0.7127	1.7e-04	0.5378
3702	-108.9707	-108.9707	-76.1716	0.6990	77.8844	0.7151	1.7e-04	0.5399
3703	-108.9888	-108.9888	-77.8458	0.7143	76.2282	0.6998	1.7e-04	0.5379
3704	-108.9866	-108.9866	-77.1573	0.7080	76.9385	0.7062	1.7e-04	0.5469
3705	-108.9788	-108.9788	-77.9252	0.7150	76.1500	0.6991	1.7e-04	0.5398
3706	-108.9879	-108.9879	-76.6979	0.7037	77.3933	0.7104	1.7e-04	0.5381
3707	-108.9846	-108.9846	-77.4229	0.7104	76.6648	0.7038	1.7e-04	0.5386
3708	-108.9920	-108.9920	-77.5029	0.7111	76.5865	0.7030	1.7e-04	0.5376
3709	-109.0009	-109.0009	-77.2597	0.7088	76.8552	0.7054	1.7e-04	0.5386
3710	-108.9860	-108.9860	-76.6985	0.7037	77.3964	0.7104	1.7e-04	0.5382
3711	-109.0044	-109.0044	-76.7807	0.7044	77.3369	0.7098	1.7e-04	0.5386
3712	-108.9866	-108.9866	-77.6585	0.7126	76.4301	0.7016	1.7e-04	0.5389
3713	-108.9775	-108.9775	-77.2833	0.7092	76.7978	0.7050	1.7e-04	0.5391
3714	-108.9798	-108.9798	-77.4308	0.7105	76.6689	0.7037	1.7e-04	0.5397
3715	-108.9874	-108.9874	-76.6979	0.7037	77.3961	0.7105	1.7e-04	0.5404
3716	-108.9918	-108.9918	-77.9263	0.7150	76.1645	0.6991	1.7e-04	0.5392
3717	-108.9937	-108.9937	-76.6610	0.7034	77.4438	0.7108	1.7e-04	0.5383
3718	-108.9977	-108.9977	-77.8776	0.7145	76.2161	0.6996	1.7e-04	0.5389
3719	-108.9892	-108.9892	-77.4662	0.7108	76.6362	0.7034	1.7e-04	0.5384
3720	-108.9949	-108.9949	-77.3328	0.7095	76.7766	0.7047	1.7e-04	0.5389
3721	-108.9875	-108.9875	-77.7405	0.7133	76.3475	0.7009	1.7e-04	0.5382
3722	-108.9863	-108.9863	-77.8314	0.7141	76.2614	0.7000	1.7e-04	0.5382
3723	-108.9930	-108.9930	-77.8531	0.7143	76.2339	0.6998	1.7e-04	0.5378
3724	-108.9790	-108.9790	-77.3640	0.7099	76.7069	0.7042	1.7e-04	0.5380
3725	-108.9850	-108.9850	-78.6200	0.7214	75.4400	0.6925	1.7e-04	0.5382
3726	-108.9865	-108.9865	-77.7127	0.7130	76.3570	0.7009	1.7e-04	0.5384
3727	-108.9905	-108.9905	-78.0450	0.7161	76.0376	0.6980	1.7e-04	0.5387
3728	-108.9979	-108.9979	-77.6453	0.7124	76.4608	0.7018	1.7e-04	0.5378
3729	-108.9990	-108.9990	-77.2680	0.7089	76.8386	0.7053	1.7e-04	0.5381
3730	-108.9928	-108.9928	-78.7609	0.7226	75.2932	0.6911	1.7e-04	0.5383
3731	-108.9794	-108.9794	-78.7996	0.7231	75.2386	0.6907	1.7e-04	0.5382
3732	-108.9704	-108.9704	-78.3938	0.7194	75.6604	0.6945	1.7e-04	0.5383
3733	-108.9955	-108.9955	-76.8951	0.7055	77.1966	0.7087	1.7e-04	0.5391
3734	-108.9802	-108.9802	-77.3996	0.7102	76.6917	0.7039	1.7e-04	0.5381
3735	-108.9817	-108.9817	-78.0345	0.7160	76.0477	0.6981	1.7e-04	0.5399
3736	-108.9828	-108.9828	-78.0629	0.7163	76.0081	0.6977	1.7e-04	0.5388
3737	-108.9965	-108.9965	-77.9283	0.7150	76.1598	0.6991	1.7e-04	0.5390
3738	-108.9993	-108.9993	-78.2621	0.7180	75.8268	0.6960	1.7e-04	0.5383
3739	-108.9821	-108.9821	-78.1522	0.7171	75.9109	0.6969	1.7e-04	0.5373
3740	-108.9870	-108.9870	-78.2116	0.7176	75.8687	0.6964	1.7e-04	0.5375
3741	-108.9827	-108.9827	-77.4838	0.7110	76.6085	0.7032	1.7e-04	0.5370
3742	-108.9741	-108.9741	-77.7829	0.7138	76.2888	0.7004	1.7e-04	0.5385
3743	-108.9851	-108.9851	-77.8767	0.7146	76.2094	0.6995	1.7e-04	0.5396
3744	-108.9991	-108.9991	-77.5123	0.7111	76.5935	0.7030	1.7e-04	0.5387
3745	-108.9893	-108.9893	-78.2814	0.7182	75.7985	0.6958	1.7e-04	0.5386
3746	-108.9861	-108.9861	-78.1785	0.7173	75.8965	0.6967	1.7e-04	0.5379
3747	-108.9983	-108.9983	-79.1587	0.7262	74.8859	0.6873	1.7e-04	0.5388
3748	-109.0028	-109.0028	-78.2693	0.7180	75.8172	0.6959	1.7e-04	0.5380
3749	-108.9868	-108.9868	-77.8986	0.7148	76.1923	0.6994	1.7e-04	0.5384
3750	-108.9923	-108.9923	-78.1931	0.7174	75.8885	0.6966	1.7e-04	0.5394
3751	-108.9766	-108.9766	-78.3627	0.7191	75.6882	0.6949	1.7e-04	0.5391
3752	-108.9889	-108.9889	-78.7884	0.7229	75.2724	0.6910	1.7e-04	0.5379
3753	-108.9906	-108.9906	-78.7297	0.7224	75.3363	0.6915	1.7e-04	0.5375
3754	-108.9861	-108.9861	-77.7924	0.7138	76.3016	0.7004	1.7e-04	0.5383
3755	-108.9828	-108.9828	-78.6926	0.7221	75.3612	0.6918	1.7e-04	0.5375
3756	-108.9829	-108.9829	-78.3480	0.7189	75.7258	0.6951	1.7e-04	0.5379
3757	-108.9931	-108.9931	-79.2248	0.7269	74.8246	0.6868	1.7e-04	0.5386
3758	-109.0008	-109.0008	-77.7405	0.7132	76.3582	0.7009	1.7e-04	0.5374
3759	-108.9924	-108.9924	-78.2847	0.7183	75.7952	0.6957	1.7e-04	0.5369
3760	-108.9903	-108.9903	-78.9453	0.7243	75.1017	0.6894	1.7e-04	0.5384
3761	-108.9859	-108.9859	-78.6651	0.7218	75.3959	0.6921	1.7e-04	0.5376
3762	-109.0047	-109.0047	-78.7357	0.7223	75.3475	0.6916	1.7e-04	0.5376
3763	-108.9823	-108.9823	-79.1140	0.7259	74.9231	0.6878	1.7e-04	0.5371
3764	-108.9676	-108.9676	-77.4400	0.7107	76.6320	0.7035	1.7e-04	0.5375
3765	-108.9780	-108.9780	-78.3952	0.7194	75.6613	0.6946	1.7e-04	0.5382
3766	-108.9848	-108.9848	-79.1230	0.7260	74.9062	0.6876	1.7e-04	0.5390
3767	-108.9825	-108.9825	-78.5685	0.7209	75.5001	0.6930	1.7e-04	0.5370
3768	-108.9954	-108.9954	-78.6079	0.7212	75.4701	0.6927	1.7e-04	0.5381
3769	-108.9890	-108.9890	-78.7039	0.7221	75.3579	0.6917	1.7e-04	0.5379
3770	-108.9749	-108.9749	-78.2333	0.7179	75.8235	0.6961	1.7e-04	0.5380
3771	-108.9755	-108.9755	-78.7574	0.7227	75.2743	0.6910	1.7e-04	0.5384
3772	-108.9964	-108.9964	-78.8160	0.7231	75.2543	0.6907	1.7e-04	0.5377
3773	-108.9763	-108.9763	-78.7673	0.7228	75.2808	0.6911	1.7e-04	0.5377
3774	-108.9767	-108.9767	-78.7241	0.7224	75.3079	0.6913	1.7e-04	0.5392
3775	-108.9880	-108.9880	-79.3683	0.7282	74.6331	0.6852	1.7e-04	0.5377
3776	-108.9847	-108.9847	-78.6938	0.7221	75.3464	0.6917	1.7e-04	0.5374
3777	-108.9821	-108.9821	-79.1541	0.7263	74.8543	0.6871	1.7e-04	0.5381
3778	-109.0019	-109.0019	-79.8180	0.7323	74.1980	0.6810	1.7e-04	0.5373
3779	-108.9959	-108.9959	-78.7531	0.7225	75.3252	0.6913	1.7e-04	0.5376
3780	-108.9779	-108.9779	-79.0648	0.7255	74.9651	0.6882	1.7e-04	0.5388
3781	-108.9979	-108.9979	-78.9443	0.7243	75.0864	0.6893	1.7e-04	0.5389
3782	-108.9830	-108.9830	-78.1521	0.7171	75.9168	0.6969	1.7e-04	0.5373
3783	-108.9927	-108.9927	-78.6800	0.7219	75.3945	0.6920	1.7e-04	0.5378
3784	-108.9767	-108.9767	-79.3937	0.7285	74.5938	0.6847	1.7e-04	0.5381
3785	-108.9905	-108.9905	-78.5717	0.7209	75.5023	0.6930	1.7e-04	0.5376
3786	-108.9932	-108.9932	-79.0988	0.7257	74.9473	0.6880	1.7e-04	0.5387
3787	-108.9937	-108.9937	-79.3966	0.7285	74.6366	0.6851	1.7e-04	0.5390
3788	-108.9855	-108.9855	-78.8185	0.7232	75.2297	0.6906	1.7e-04	0.5386
3789	-108.9847	-108.9847	-78.6458	0.7216	75.4085	0.6923	1.7e-04	0.5383
3790	-108.9890	-108.9890	-78.7274	0.7223	75.3308	0.6915	1.7e-04	0.5385
3791	-108.9967	-108.9967	-78.5671	0.7208	75.5021	0.6930	1.7e-04	0.5386
3792	-108.9791	-108.9791	-77.8063	0.7140	76.2725	0.7001	1.7e-04	0.5383
3793	-108.9953	-108.9953	-79.2202	0.7268	74.8368	0.6868	1.7e-04	0.5382
3794	-108.9875	-108.9875	-78.3056	0.7185	75.7687	0.6955	1.7e-04	0.5386
3795	-108.9870	-108.9870	-77.4851	0.7110	76.6057	0.7032	1.7e-04	0.5395
3796	-109.0083	-109.0083	-78.4400	0.7196	75.6550	0.6943	1.7e-04	0.5397
3797	-108.9803	-108.9803	-78.6143	0.7214	75.4317	0.6924	1.7e-04	0.5389
3798	-108.9896	-108.9896	-78.4872	0.7201	75.5611	0.6935	1.7e-04	0.5399
3799	-108.9901	-108.9901	-78.0281	0.7159	76.0647	0.6982	1.7e-04	0.5397
3800	-108.9790	-108.9790	-77.7908	0.7138	76.2853	0.7003	1.7e-04	0.5382
3801	-108.9874	-108.9874	-78.5062	0.7203	75.5627	0.6936	1.7e-04	0.5368
3802	-108.9881	-108.9881	-78.6510	0.7216	75.3919	0.6921	1.7e-04	0.5380
3803	-108.9998	-108.9998	-79.5171	0.7295	74.5197	0.6840	1.7e-04	0.5384
3804	-108.9995	-108.9995	-79.2592	0.7272	74.7753	0.6864	1.7e-04	0.5371
3805	-108.9952	-108.9952	-78.8074	0.7230	75.2552	0.6908	1.7e-04	0.5382
3806	-108.9867	-108.9867	-78.7154	0.7222	75.3395	0.6915	1.7e-04	0.5383
3807	-108.9892	-108.9892	-78.7671	0.7227	75.2954	0.6912	1.7e-04	0.5387
3808	-108.9837	-108.9837	-79.2385	0.7271	74.7945	0.6865	1.7e-04	0.5403
3809	-108.9945	-108.9945	-78.5625	0.7208	75.5077	0.6931	1.7e-04	0.5398
3810	-108.9986	-108.9986	-78.3720	0.7190	75.7226	0.6950	1.7e-04	0.5392
3811	-108.9712	-108.9712	-79.0869	0.7258	74.9427	0.6879	1.7e-04	0.5385
3812	-109.0003	-109.0003	-77.8824	0.7145	76.2180	0.6996	1.7e-04	0.5381
3813	-108.9871	-108.9871	-77.6590	0.7126	76.4106	0.7014	1.7e-04	0.5369
3814	-108.9826	-108.9826	-79.3723	0.7283	74.6475	0.6853	1.7e-04	0.5377
3815	-108.9835	-108.9835	-78.7090	0.7222	75.3469	0.6916	1.7e-04	0.5369
3816	-108.9929	-108.9929	-79.1342	0.7260	74.9074	0.6876	1.7e-04	0.5394
3817	-108.9877	-108.9877	-79.1715	0.7264	74.8543	0.6872	1.7e-04	0.5383
3818	-109.0023	-109.0023	-78.6807	0.7218	75.3847	0.6919	1.7e-04	0.5376
3819	-108.9985	-108.9985	-78.3116	0.7185	75.7869	0.6956	1.7e-04	0.5380
3820	-108.9989	-108.9989	-79.8190	0.7323	74.1750	0.6809	1.7e-04	0.5370
3821	-108.9896	-108.9896	-78.7441	0.7225	75.3206	0.6914	1.7e-04	0.5388
3822	-108.9933	-108.9933	-78.9616	0.7245	75.0954	0.6893	1.7e-04	0.5390
3823	-109.0004	-109.0004	-78.7558	0.7225	75.3247	0.6913	1.7e-04	0.5381
3824	-108.9938	-108.9938	-79.0193	0.7250	75.0302	0.6887	1.7e-04	0.5371
3825	-108.9928	-108.9928	-79.0435	0.7252	75.0089	0.6885	1.7e-04	0.5377
3826	-108.9941	-108.9941	-78.0738	0.7163	76.0082	0.6978	1.7e-04	0.5377
3827	-108.9881	-108.9881	-78.6452	0.7216	75.4182	0.6923	1.7e-04	0.5392
3828	-108.9946	-108.9946	-78.0160	0.7158	76.0803	0.6983	1.7e-04	0.5397
3829	-109.0108	-109.0108	-78.7633	0.7225	75.3166	0.6913	1.7e-04	0.5403
3830	-109.0079	-109.0079	-79.7800	0.7319	74.2432	0.6814	1.7e-04	0.5384
3831	-108.9923	-108.9923	-79.3914	0.7284	74.6432	0.6851	1.7e-04	0.5397
3832	-108.9752	-108.9752	-79.0485	0.7254	74.9817	0.6883	1.7e-04	0.5392
3833	-108.9828	-108.9828	-79.1753	0.7265	74.8465	0.6871	1.7e-04	0.5396
3834	-108.9820	-108.9820	-78.7383	0.7225	75.3087	0.6913	1.7e-04	0.5394
3835	-108.9744	-108.9744	-78.8722	0.7238	75.1459	0.6899	1.7e-04	0.5388
3836	-108.9959	-108.9959	-78.0739	0.7163	76.0180	0.6978	1.7e-04	0.5390
3837	-108.9867	-108.9867	-77.9154	0.7149	76.1619	0.6992	1.7e-04	0.5392
3838	-108.9973	-108.9973	-79.1196	0.7259	74.9143	0.6877	1.7e-04	0.5397
3839	-109.0095	-109.0095	-78.5143	0.7203	75.5751	0.6936	1.7e-04	0.5401
3840	-109.0063	-109.0063	-79.0331	0.7250	75.0215	0.6886	1.7e-04	0.5399
3841	-108.9965	-108.9965	-77.4885	0.7109	76.6160	0.7033	1.7e-04	0.5398
3842	-108.9894	-108.9894	-79.6148	0.7305	74.3974	0.6829	1.7e-04	0.5384
3843	-108.9888	-108.9888	-78.9104	0.7240	75.1384	0.6898	1.7e-04	0.5380
3844	-108.9963	-108.9963	-79.4154	0.7286	74.5944	0.6847	1.7e-04	0.5380
3845	-108.9932	-108.9932	-78.0862	0.7164	76.0111	0.6977	1.7e-04	0.5379
3846	-108.9864	-108.9864	-78.1215	0.7168	75.9610	0.6973	1.7e-04	0.5382
3847	-108.9856	-108.9856	-79.2016	0.7267	74.8204	0.6869	1.7e-04	0.5373
3848	-108.9899	-108.9899	-78.3787	0.7191	75.6978	0.6949	1.7e-04	0.5371
3849	-108.9992	-108.9992	-78.2125	0.7176	75.8823	0.6965	1.7e-04	0.5392
3850	-108.9956	-108.9956	-78.3875	0.7192	75.6912	0.6948	1.7e-04	0.5388
3851	-108.9961	-108.9961	-78.1218	0.7167	75.9754	0.6973	1.7e-04	0.5392
3852	-108.9652	-108.9652	-77.9943	0.7158	76.0625	0.6983	1.7e-04	0.5384
3853	-108.9809	-108.9809	-77.4483	0.7107	76.6432	0.7035	1.7e-04	0.5378
3854	-108.9982	-108.9982	-78.2340	0.7178	75.8506	0.6962	1.7e-04	0.5390
3855	-108.9904	-108.9904	-78.1125	0.7167	75.9777	0.6974	1.7e-04	0.5394
3856	-108.9871	-108.9871	-79.4043	0.7286	74.6138	0.6849	1.7e-04	0.5395
3857	-108.9903	-108.9903	-77.2156	0.7085	76.8845	0.7057	1.7e-04	0.5383
3858	-108.9941	-108.9941	-78.3849	0.7192	75.6476	0.6943	1.7e-04	0.5384
3859	-108.9726	-108.9726	-78.9133	0.7242	75.1132	0.6895	1.7e-04	0.5373
3860	-108.9867	-108.9867	-78.0736	0.7164	76.0068	0.6977	1.7e-04	0.5373
3861	-108.9838	-108.9838	-77.4940	0.7111	76.5989	0.7031	1.7e-04	0.5383
3862	-108.9817	-108.9817	-79.0262	0.7251	75.0102	0.6886	1.7e-04	0.5397
3863	-108.9806	-108.9806	-78.2690	0.7182	75.8081	0.6958	1.7e-04	0.5387
3864	-108.9941	-108.9941	-78.0823	0.7164	76.0008	0.6976	1.7e-04	0.5374
3865	-108.9886	-108.9886	-78.2074	0.7176	75.8635	0.6963	1.7e-04	0.5396
3866	-108.9828	-108.9828	-77.2430	0.7088	76.8448	0.7054	1.7e-04	0.5373
3867	-108.9954	-108.9954	-77.4823	0.7109	76.6022	0.7032	1.7e-04	0.5378
3868	-108.9839	-108.9839	-77.7218	0.7131	76.3603	0.7010	1.7e-04	0.5385
3869	-108.9836	-108.9836	-77.6381	0.7124	76.4294	0.7016	1.7e-04	0.5396
3870	-108.9873	-108.9873	-78.2560	0.7180	75.8171	0.6959	1.7e-04	0.5396
3871	-108.9904	-108.9904	-77.7707	0.7136	76.3371	0.7006	1.7e-04	0.5391
3872	-108.9944	-108.9944	-78.0239	0.7159	76.0627	0.6982	1.7e-04	0.5384
3873	-108.9818	-108.9818	-77.2513	0.7088	76.8334	0.7053	1.7e-04	0.5382
3874	-108.9802	-108.9802	-77.9593	0.7154	76.1087	0.6987	1.7e-04	0.5381
3875	-108.9993	-108.9993	-76.5972	0.7027	77.5026	0.7113	1.7e-04	0.5384
3876	-108.9912	-108.9912	-76.9718	0.7062	77.1013	0.7077	1.7e-04	0.5391
3877	-108.9940	-108.9940	-77.0517	0.7069	77.0320	0.7071	1.7e-04	0.5393
3878	-108.9935	-108.9935	-77.2537	0.7088	76.8305	0.7053	1.7e-04	0.5380
3879	-108.9791	-108.9791	-77.6689	0.7127	76.4138	0.7015	1.7e-04	0.5386
3880	-108.9934	-108.9934	-76.4845	0.7017	77.5851	0.7122	1.7e-04	0.5385
3881	-108.9910	-108.9910	-77.4051	0.7102	76.6613	0.7038	1.7e-04	0.5377
3882	-108.9982	-108.9982	-76.7724	0.7043	77.3353	0.7099	1.7e-04	0.5383
3883	-108.9924	-108.9924	-76.2303	0.6994	77.8307	0.7144	1.7e-04	0.5379
3884	-108.9773	-108.9773	-76.8677	0.7054	77.2149	0.7088	1.7e-04	0.5368
3885	-108.9987	-108.9987	-76.6880	0.7036	77.4020	0.7104	1.7e-04	0.5382
3886	-108.9893	-108.9893	-76.5926	0.7028	77.5046	0.7114	1.7e-04	0.5367
3887	-108.9701	-108.9701	-76.3357	0.7005	77.7353	0.7136	1.7e-04	0.5377
3888	-108.9871	-108.9871	-76.5991	0.7028	77.5028	0.7113	1.7e-04	0.5384
3889	-108.9800	-108.9800	-75.9062	0.6965	78.1547	0.7174	1.7e-04	0.5470
3890	-109.0002	-109.0002	-76.2510	0.6995	77.8514	0.7146	1.7e-04	0.5389
3891	-108.9828	-108.9828	-76.9913	0.7065	77.1019	0.7077	1.7e-04	0.5381
3892	-108.9809	-108.9809	-76.0865	0.6982	77.9880	0.7159	1.7e-04	0.5388
3893	-108.9982	-108.9982	-75.9583	0.6969	78.1217	0.7171	1.7e-04	0.5388
3894	-108.9914	-108.9915	-75.3283	0.6911	78.7231	0.7226	1.7e-04	0.5374
3895	-108.9861	-108.9862	-75.3253	0.6911	78.7324	0.7227	1.7e-04	0.5399
3896	-108.9927	-108.9928	-74.9345	0.6875	79.1112	0.7262	1.7e-04	0.5384
3897	-108.9874	-108.9875	-75.3432	0.6913	78.7043	0.7225	1.7e-04	0.5385
3898	-108.9783	-108.9783	-76.7361	0.7041	77.3445	0.7100	1.7e-04	0.5385
3899	-108.9968	-108.9968	-75.8135	0.6956	78.2589	0.7183	1.7e-04	0.5378
3900	-108.9793	-108.9793	-76.0346	0.6977	78.0354	0.7164	1.7e-04	0.5382
3901	-108.9881	-108.9881	-75.8582	0.6960	78.2173	0.7179	1.7e-04	0.5371
3902	-108.9872	-108.9872	-76.4162	0.7011	77.6627	0.7129	1.7e-04	0.5376
3903	-109.0075	-109.0075	-76.4976	0.7018	77.5723	0.7120	1.7e-04	0.5382
3904	-108.9766	-108.9766	-76.4457	0.7015	77.6187	0.7126	1.7e-04	0.5378
3905	-108.9889	-108.9889	-76.2339	0.6995	77.8533	0.7147	1.7e-04	0.5375
3906	-108.9730	-108.9730	-76.1822	0.6991	77.8849	0.7150	1.7e-04	0.5381
3907	-108.9877	-108.9877	-76.2792	0.6999	77.8128	0.7142	1.7e-04	0.5368
3908	-108.9965	-108.9965	-76.3055	0.7001	77.7789	0.7139	1.7e-04	0.5394
3909	-108.9851	-108.9853	-74.7766	0.6861	79.2566	0.7275	1.7e-04	0.5402
3910	-108.9845	-108.9845	-75.8019	0.6955	78.2737	0.7185	1.7e-04	0.5398
3911	-109.0000	-109.0000	-76.4845	0.7017	77.6205	0.7124	1.7e-04	0.5391
3912	-109.0024	-109.0024	-76.8502	0.7050	77.2589	0.7091	1.7e-04	0.5390
3913	-108.9962	-108.9962	-75.7033	0.6945	78.3801	0.7194	1.7e-04	0.5388
3914	-108.9820	-108.9820	-76.5347	0.7023	77.5424	0.7119	1.7e-04	0.5385
3915	-108.9850	-108.9850	-76.6805	0.7036	77.4055	0.7106	1.7e-04	0.5386
3916	-108.9774	-108.9774	-76.5285	0.7022	77.5302	0.7118	1.7e-04	0.5380
3917	-108.9836	-108.9836	-76.6593	0.7034	77.4351	0.7108	1.7e-04	0.5378
3918	-108.9878	-108.9878	-77.2693	0.7090	76.8252	0.7052	1.7e-04	0.5380
3919	-108.9803	-108.9804	-75.8600	0.6961	78.1755	0.7176	1.7e-04	0.5381
3920	-108.9822	-108.9822	-76.8265	0.7049	77.2589	0.7093	1.7e-04	0.5373
3921	-108.9936	-108.9936	-75.8519	0.6959	78.2254	0.7180	1.7e-04	0.5385
3922	-108.9808	-108.9809	-75.6678	0.6943	78.3808	0.7195	1.7e-04	0.5380
3923	-108.9945	-108.9945	-75.8040	0.6955	78.2891	0.7185	1.7e-04	0.5388
3924	-108.9891	-108.9892	-75.3137	0.6910	78.7392	0.7228	1.7e-04	0.5383
3925	-108.9807	-108.9807	-75.5927	0.6936	78.4724	0.7203	1.7e-04	0.5378
3926	-108.9835	-108.9835	-76.1232	0.6985	77.9582	0.7156	1.7e-04	0.5383
3927	-108.9898	-108.9898	-75.8580	0.6960	78.2209	0.7180	1.7e-04	0.5381
3928	-108.9976	-108.9976	-75.9914	0.6972	78.1079	0.7169	1.7e-04	0.5373
3929	-109.0017	-109.0018	-75.9101	0.6964	78.1773	0.7176	1.7e-04	0.5378
3930	-108.9837	-108.9837	-76.4073	0.7011	77.6765	0.7131	1.7e-04	0.5386
3931	-108.9794	-108.9794	-76.1233	0.6985	77.9546	0.7156	1.7e-04	0.5395
3932	-108.9748	-108.9748	-75.6602	0.6943	78.3927	0.7197	1.7e-04	0.5395
3933	-108.9838	-108.9838	-76.0505	0.6978	78.0256	0.7163	1.7e-04	0.5378
3934	-108.9823	-108.9823	-75.5171	0.6929	78.5419	0.7210	1.7e-04	0.5377
3935	-108.9834	-108.9834	-77.0682	0.7072	77.0244	0.7070	1.7e-04	0.5368
3936	-108.9776	-108.9776	-75.7299	0.6949	78.3243	0.7190	1.7e-04	0.5378
3937	-108.9756	-108.9757	-75.4780	0.6926	78.5326	0.7210	1.7e-04	0.5384
3938	-108.9742	-108.9742	-75.9610	0.6971	78.1061	0.7170	1.7e-04	0.5385
3939	-108.9805	-108.9805	-76.2367	0.6995	77.8434	0.7145	1.7e-04	0.5373
3940	-108.9972	-108.9973	-75.1714	0.6897	78.8701	0.7239	1.7e-04	0.5374
3941	-108.9874	-108.9874	-76.1642	0.6988	77.8669	0.7148	1.7e-04	0.5379
3942	-109.0047	-109.0047	-76.2657	0.6997	77.8399	0.7145	1.7e-04	0.5380
3943	-108.9911	-108.9912	-75.6714	0.6943	78.4010	0.7197	1.7e-04	0.5378
3944	-108.9822	-108.9822	-75.9416	0.6968	78.0997	0.7170	1.7e-04	0.5390
3945	-108.9937	-108.9937	-76.6429	0.7032	77.4458	0.7109	1.7e-04	0.5392
3946	-108.9860	-108.9861	-75.0103	0.6883	79.0312	0.7255	1.7e-04	0.5387
3947	-109.0354	-109.0355	-75.5575	0.6930	78.5546	0.7210	1.7e-04	0.5385
3948	-108.9778	-108.9779	-75.9753	0.6972	78.0666	0.7166	1.7e-04	0.5390
3949	-108.9791	-108.9791	-77.0920	0.7074	76.9719	0.7065	1.7e-04	0.5391
3950	-108.9962	-108.9962	-75.8129	0.6956	78.2666	0.7184	1.7e-04	0.5367
3951	-108.9837	-108.9837	-75.9438	0.6968	78.1233	0.7171	1.7e-04	0.5393
3952	-109.0015	-109.0016	-75.5430	0.6930	78.5377	0.7209	1.7e-04	0.5390
3953	-108.9802	-108.9802	-75.6454	0.6941	78.4091	0.7198	1.7e-04	0.5390
3954	-108.9753	-108.9753	-77.1037	0.7075	76.9794	0.7067	1.7e-04	0.5384
3955	-108.9860	-108.9860	-76.7362	0.7041	77.3459	0.7101	1.7e-04	0.5377
3956	-108.9972	-108.9973	-75.0860	0.6889	78.9543	0.7247	1.7e-04	0.5383
3957	-108.9842	-108.9843	-75.7935	0.6955	78.2566	0.7184	1.7e-04	0.5389
3958	-108.9815	-108.9815	-76.2130	0.6993	77.8543	0.7147	1.7e-04	0.5382
3959	-108.9685	-108.9687	-75.1283	0.6894	78.8969	0.7243	1.7e-04	0.5379
3960	-108.9763	-108.9763	-75.8085	0.6956	78.2462	0.7183	1.7e-04	0.5375
3961	-108.9801	-108.9802	-74.9388	0.6876	79.0407	0.7257	1.7e-04	0.5366
3962	-109.0017	-109.0017	-75.6951	0.6944	78.3912	0.7196	1.7e-04	0.5382
3963	-109.0005	-109.0005	-76.4250	0.7011	77.6601	0.7129	1.7e-04	0.5377
3964	-108.9916	-108.9916	-76.2261	0.6994	77.8632	0.7147	1.7e-04	0.5376
3965	-108.9986	-108.9986	-76.9309	0.7058	77.1726	0.7083	1.7e-04	0.5369
3966	-108.9849	-108.9849	-76.0849	0.6981	77.9893	0.7159	1.7e-04	0.5373
3967	-108.9893	-108.9893	-76.1837	0.6990	77.9062	0.7151	1.7e-04	0.5380
3968	-108.9898	-108.9899	-75.3736	0.6916	78.6902	0.7223	1.7e-04	0.5380
3969	-108.9786	-108.9787	-75.3623	0.6915	78.6873	0.7223	1.7e-04	0.5397
3970	-108.9834	-108.9835	-75.4036	0.6919	78.6430	0.7220	1.7e-04	0.5395
3971	-108.9883	-108.9884	-75.1597	0.6896	78.8785	0.7241	1.7e-04	0.5386
3972	-108.9786	-108.9790	-74.2053	0.6809	79.7527	0.7320	1.7e-04	0.5375
3973	-108.9915	-108.9916	-75.1172	0.6892	78.9274	0.7245	1.7e-04	0.5382
3974	-109.0047	-109.0048	-75.6514	0.6940	78.4146	0.7198	1.7e-04	0.5372
3975	-108.9768	-108.9769	-75.2162	0.6902	78.8310	0.7236	1.7e-04	0.5369
3976	-108.9904	-108.9905	-75.0114	0.6882	79.0487	0.7255	1.7e-04	0.5389
3977	-108.9987	-108.9987	-76.1534	0.6987	77.9374	0.7153	1.7e-04	0.5382
3978	-109.0074	-109.0075	-75.0781	0.6887	78.9971	0.7250	1.7e-04	0.5391
3979	-108.9935	-108.9935	-76.4433	0.7014	77.6221	0.7125	1.7e-04	0.5373
3980	-108.9893	-108.9893	-76.3267	0.7003	77.7512	0.7136	1.7e-04	0.5374
3981	-108.9881	-108.9881	-76.2460	0.6996	77.8551	0.7145	1.7e-04	0.5376
3982	-108.9830	-108.9830	-76.8041	0.7047	77.2761	0.7094	1.7e-04	0.5369
3983	-108.9773	-108.9773	-77.7247	0.7132	76.3516	0.7009	1.7e-04	0.5380
3984	-108.9832	-108.9832	-77.3604	0.7098	76.7260	0.7044	1.7e-04	0.5388
3985	-108.9914	-108.9914	-77.2803	0.7090	76.8173	0.7051	1.7e-04	0.5389
3986	-108.9821	-108.9821	-77.7563	0.7135	76.3157	0.7005	1.7e-04	0.5401
3987	-109.0032	-109.0032	-77.5213	0.7112	76.5955	0.7030	1.7e-04	0.5383
3988	-108.9820	-108.9820	-76.9773	0.7063	77.1176	0.7079	1.7e-04	0.5384
3989	-108.9807	-108.9807	-78.0294	0.7160	76.0424	0.6980	1.7e-04	0.5383
3990	-108.9862	-108.9862	-76.7298	0.7040	77.3661	0.7101	1.7e-04	0.5389
3991	-108.9714	-108.9714	-77.0614	0.7072	77.0257	0.7070	1.7e-04	0.5384
3992	-108.9769	-108.9769	-77.0166	0.7067	77.0659	0.7075	1.7e-04	0.5390
3993	-108.9863	-108.9863	-77.3501	0.7097	76.7494	0.7045	1.7e-04	0.5399
3994	-109.0031	-109.0031	-77.6005	0.7119	76.5133	0.7022	1.7e-04	0.5398
3995	-108.9907	-108.9907	-77.8413	0.7142	76.2584	0.6999	1.7e-04	0.5385
3996	-108.9951	-108.9951	-77.2887	0.7091	76.8179	0.7051	1.7e-04	0.5387
3997	-109.0070	-109.0070	-77.6643	0.7125	76.4513	0.7017	1.7e-04	0.5384
3998	-108.9865	-108.9865	-76.8926	0.7055	77.2122	0.7087	1.7e-04	0.5377
3999	-108.9950	-108.9950	-77.4584	0.7107	76.6457	0.7035	1.7e-04	0.5379
4000	-108.9836	-108.9836	-78.0161	0.7159	76.0609	0.6982	1.7e-04	0.5385
4001	-108.9903	-108.9903	-77.6136	0.7121	76.4835	0.7020	1.7e-04	0.5360
4002	-108.9887	-108.9887	-77.2826	0.7091	76.7855	0.7048	1.7e-04	0.5376
4003	-108.9859	-108.9859	-77.8927	0.7147	76.1963	0.6994	1.7e-04	0.5385
4004	-108.9824	-108.9824	-78.0131	0.7158	76.0599	0.6983	1.7e-04	0.5384
4005	-108.9845	-108.9845	-77.2826	0.7091	76.8179	0.7051	1.7e-04	0.5382
4006	-108.9635	-108.9635	-77.7399	0.7134	76.3203	0.7007	1.7e-04	0.5389
4007	-108.9730	-108.9730	-77.2056	0.7085	76.8737	0.7057	1.7e-04	0.5378
4008	-109.0007	-109.0007	-77.2611	0.7088	76.8477	0.7054	1.7e-04	0.5380
4009	-108.9991	-108.9991	-76.9370	0.7058	77.1791	0.7084	1.7e-04	0.5395
4010	-108.9911	-108.9911	-77.8067	0.7139	76.2903	0.7003	1.7e-04	0.5401
4011	-108.9982	-108.9982	-77.7652	0.7135	76.3489	0.7007	1.7e-04	0.5373
4012	-108.9963	-108.9963	-78.1006	0.7165	75.9886	0.6975	1.7e-04	0.5386
4013	-108.9727	-108.9727	-77.9976	0.7158	76.0608	0.6983	1.7e-04	0.5377
4014	-108.9804	-108.9804	-77.7481	0.7134	76.3341	0.7007	1.7e-04	0.5383
4015	-108.9858	-108.9858	-77.0355	0.7068	77.0495	0.7072	1.7e-04	0.5388
4016	-108.9966	-108.9966	-77.8118	0.7139	76.2935	0.7003	1.7e-04	0.5396
4017	-108.9880	-108.9880	-77.8639	0.7144	76.2134	0.6996	1.7e-04	0.5372
4018	-108.9868	-108.9868	-77.8575	0.7144	76.2309	0.6998	1.7e-04	0.5380
4019	-108.9848	-108.9848	-77.5273	0.7114	76.5709	0.7028	1.7e-04	0.5379
4020	-108.9837	-108.9837	-77.6551	0.7125	76.4337	0.7016	1.7e-04	0.5377
4021	-108.9910	-108.9910	-78.3852	0.7192	75.6767	0.6946	1.7e-04	0.5382
4022	-108.9930	-108.9930	-77.5728	0.7117	76.5364	0.7025	1.7e-04	0.5399
4023	-108.9932	-108.9932	-77.1244	0.7076	76.9901	0.7066	1.7e-04	0.5390
4024	-108.9825	-108.9825	-77.8760	0.7146	76.1954	0.6995	1.7e-04	0.5409
4025	-108.9979	-108.9979	-77.8018	0.7138	76.3060	0.7003	1.7e-04	0.5387
4026	-108.9967	-108.9967	-77.4941	0.7110	76.5842	0.7030	1.7e-04	0.5394
4027	-108.9939	-108.9939	-76.9449	0.7060	77.1560	0.7082	1.7e-04	0.5382
4028	-108.9866	-108.9866	-78.1982	0.7175	75.8822	0.6966	1.7e-04	0.5378
4029	-108.9707	-108.9707	-77.7828	0.7138	76.2728	0.7002	1.7e-04	0.5374
4030	-108.9979	-108.9979	-77.0889	0.7073	77.0167	0.7070	1.7e-04	0.5378
4031	-108.9874	-108.9874	-78.5230	0.7205	75.5247	0.6933	1.7e-04	0.5381
4032	-108.9956	-108.9956	-77.7523	0.7134	76.3503	0.7008	1.7e-04	0.5386
4033	-108.9750	-108.9750	-76.8145	0.7049	77.2732	0.7093	1.7e-04	0.5393
4034	-108.9997	-108.9997	-77.9666	0.7153	76.1409	0.6988	1.7e-04	0.5397
4035	-108.9989	-108.9989	-77.1876	0.7082	76.9212	0.7060	1.7e-04	0.5387
4036	-108.9830	-108.9830	-76.4723	0.7017	77.6284	0.7125	1.7e-04	0.5397
4037	-108.9930	-108.9930	-77.7478	0.7133	76.3537	0.7008	1.7e-04	0.5398
4038	-108.9640	-108.9640	-77.9232	0.7151	76.1440	0.6990	1.7e-04	0.5395
4039	-108.9886	-108.9886	-78.0711	0.7163	76.0039	0.6976	1.7e-04	0.5392
4040	-108.9959	-108.9959	-77.3133	0.7093	76.7840	0.7048	1.7e-04	0.5382
4041	-108.9820	-108.9820	-77.4535	0.7107	76.6436	0.7035	1.7e-04	0.5386
4042	-108.9806	-108.9806	-77.3943	0.7102	76.6928	0.7040	1.7e-04	0.5385
4043	-109.0053	-109.0053	-77.0622	0.7070	77.0669	0.7073	1.7e-04	0.5383
4044	-108.9803	-108.9803	-78.0458	0.7161	76.0310	0.6979	1.7e-04	0.5396
4045	-108.9793	-108.9793	-77.1787	0.7082	76.9073	0.7060	1.7e-04	0.5375
4046	-108.9833	-108.9833	-77.4302	0.7105	76.6702	0.7037	1.7e-04	0.5401
4047	-108.9718	-108.9718	-77.6311	0.7124	76.4220	0.7015	1.7e-04	0.5384
4048	-108.9885	-108.9885	-77.7857	0.7137	76.2908	0.7002	1.7e-04	0.5385
4049	-108.9943	-108.9943	-78.3205	0.7186	75.7574	0.6955	1.7e-04	0.5377
4050	-108.9798	-108.9798	-76.0464	0.6978	78.0076	0.7161	1.7e-04	0.5371
4051	-108.9960	-108.9960	-77.9804	0.7154	76.1133	0.6986	1.7e-04	0.5387
4052	-108.9915	-108.9915	-77.2242	0.7085	76.8787	0.7056	1.7e-04	0.5394
4053	-108.9865	-108.9865	-78.2876	0.7183	75.7952	0.6957	1.7e-04	0.5381
4054	-108.9761	-108.9761	-77.8419	0.7143	76.2281	0.6998	1.7e-04	0.5389
4055	-108.9959	-108.9959	-77.8901	0.7146	76.1817	0.6993	1.7e-04	0.5382
4056	-108.9836	-108.9836	-77.2003	0.7084	76.8863	0.7058	1.7e-04	0.5388
4057	-109.0014	-109.0014	-77.9669	0.7153	76.1411	0.6988	1.7e-04	0.5377
4058	-108.9847	-108.9847	-78.6330	0.7215	75.4316	0.6924	1.7e-04	0.5396
4059	-109.0050	-109.0050	-77.6859	0.7127	76.4317	0.7015	1.7e-04	0.5396
4060	-108.9892	-108.9892	-78.0332	0.7160	76.0536	0.6981	1.7e-04	0.5398
4061	-108.9890	-108.9890	-77.6173	0.7122	76.4470	0.7018	1.7e-04	0.5383
4062	-108.9869	-108.9869	-77.6215	0.7122	76.4536	0.7018	1.7e-04	0.5387
4063	-108.9927	-108.9927	-77.1108	0.7075	76.9906	0.7067	1.7e-04	0.5398
4064	-108.9971	-108.9971	-78.0278	0.7159	76.0633	0.6982	1.7e-04	0.5405
4065	-109.0096	-109.0096	-78.3295	0.7186	75.7713	0.6955	1.7e-04	0.5383
4066	-108.9936	-108.9936	-77.4644	0.7107	76.6234	0.7034	1.7e-04	0.5387
4067	-108.9865	-108.9865	-77.7101	0.7130	76.3702	0.7011	1.7e-04	0.5376
4068	-108.9887	-108.9887	-77.4830	0.7109	76.5944	0.7031	1.7e-04	0.5389
4069	-108.9712	-108.9712	-77.3563	0.7099	76.7118	0.7042	1.7e-04	0.5358
4070	-108.9883	-108.9883	-76.7137	0.7039	77.3782	0.7103	1.7e-04	0.5371
4071	-108.9841	-108.9841	-76.5693	0.7026	77.5187	0.7116	1.7e-04	0.5398
4072	-108.9896	-108.9896	-77.3595	0.7098	76.7382	0.7044	1.7e-04	0.5387
4073	-108.9921	-108.9921	-77.5186	0.7112	76.5736	0.7029	1.7e-04	0.5383
4074	-108.9842	-108.9842	-77.7127	0.7131	76.3800	0.7011	1.7e-04	0.5389
4075	-108.9793	-108.9793	-77.3155	0.7095	76.7711	0.7048	1.7e-04	0.5366
4076	-108.9698	-108.9698	-77.2715	0.7091	76.8014	0.7051	1.7e-04	0.5363
4077	-108.9751	-108.9751	-77.2500	0.7089	76.8408	0.7053	1.7e-04	0.5364
4078	-108.9943	-108.9943	-76.9436	0.7059	77.1254	0.7080	1.7e-04	0.5380
4079	-108.9920	-108.9920	-78.2448	0.7179	75.8231	0.6960	1.7e-04	0.5386
4080	-108.9877	-108.9877	-77.4282	0.7104	76.6535	0.7037	1.7e-04	0.5377
4081	-108.9961	-108.9961	-77.2845	0.7091	76.8262	0.7051	1.7e-04	0.5377
4082	-108.9853	-108.9853	-77.6728	0.7127	76.4140	0.7015	1.7e-04	0.5379
4083	-108.9839	-108.9839	-77.1800	0.7082	76.9089	0.7060	1.7e-04	0.5375
4084	-108.9922	-108.9922	-77.1279	0.7076	76.9793	0.7066	1.7e-04	0.5375
4085	-108.9813	-108.9813	-77.2842	0.7092	76.7939	0.7050	1.7e-04	0.5398
4086	-108.9849	-108.9849	-78.1799	0.7173	75.8830	0.6966	1.7e-04	0.5384
4087	-108.9790	-108.9790	-77.4030	0.7103	76.6572	0.7037	1.7e-04	0.5370
4088	-108.9976	-108.9976	-76.8097	0.7047	77.3048	0.7095	1.7e-04	0.5368
4089	-108.9851	-108.9851	-76.1867	0.6991	77.9046	0.7151	1.7e-04	0.5379
4090	-108.9962	-108.9962	-76.4920	0.7018	77.6021	0.7124	1.6e-04	0.5396
4091	-108.9807	-108.9807	-77.6398	0.7124	76.4403	0.7017	1.6e-04	0.5377
4092	-108.9786	-108.9786	-76.4689	0.7017	77.6177	0.7125	1.6e-04	0.5378
4093	-108.9706	-108.9706	-76.7560	0.7044	77.3004	0.7096	1.6e-04	0.5377
4094	-108.9896	-108.9896	-77.0876	0.7073	77.0213	0.7069	1.6e-04	0.5381
4095	-109.0039	-109.0039	-77.3283	0.7094	76.7826	0.7048	1.6e-04	0.5394
4096	-108.9828	-108.9828	-76.7104	0.7039	77.3818	0.7103	1.6e-04	0.5398
4097	-108.9924	-108.9924	-76.9811	0.7063	77.1209	0.7079	1.6e-04	0.5387
4098	-109.0081	-109.0081	-77.0221	0.7066	77.0809	0.7075	1.6e-04	0.5383
4099	-108.9787	-108.9787	-77.0985	0.7075	76.9868	0.7067	1.6e-04	0.5368
4100	-109.0007	-109.0007	-76.8514	0.7051	77.2459	0.7089	1.6e-04	0.5385
4101	-108.9737	-108.9737	-76.7550	0.7043	77.3319	0.7099	1.6e-04	0.5368
4102	-108.9919	-108.9919	-76.8105	0.7047	77.2913	0.7094	1.6e-04	0.5383
4103	-108.9797	-108.9797	-76.0230	0.6976	78.0557	0.7165	1.6e-04	0.5380
4104	-108.9768	-108.9768	-78.1632	0.7172	75.8785	0.6966	1.6e-04	0.5384
4105	-108.9925	-108.9925	-76.3906	0.7009	77.7131	0.7132	1.6e-04	0.5355
4106	-108.9837	-108.9837	-78.1828	0.7174	75.9001	0.6967	1.6e-04	0.5381
4107	-108.9878	-108.9878	-77.6659	0.7126	76.4256	0.7015	1.6e-04	0.5380
4108	-108.9829	-108.9829	-77.5853	0.7119	76.4998	0.7023	1.6e-04	0.5386
4109	-108.9789	-108.9789	-77.1180	0.7076	76.9469	0.7063	1.6e-04	0.5382
4110	-108.9936	-108.9936	-77.8734	0.7145	76.2166	0.6997	1.6e-04	0.5385
4111	-108.9917	-108.9917	-77.7997	0.7138	76.2793	0.7002	1.6e-04	0.5371
4112	-108.9936	-108.9936	-77.1568	0.7079	76.9004	0.7058	1.6e-04	0.5377
4113	-108.9869	-108.9869	-77.1387	0.7078	76.9516	0.7064	1.6e-04	0.5378
4114	-108.9918	-108.9918	-77.1434	0.7078	76.9228	0.7062	1.6e-04	0.5391
4115	-109.0010	-109.0010	-77.3450	0.7096	76.7588	0.7046	1.6e-04	0.5390
4116	-108.9859	-108.9859	-77.5813	0.7118	76.5118	0.7023	1.6e-04	0.5400
4117	-108.9970	-108.9970	-76.2623	0.6997	77.8217	0.7143	1.6e-04	0.5374
4118	-108.9788	-108.9788	-76.4560	0.7016	77.6111	0.7124	1.6e-04	0.5381
4119	-108.9939	-108.9939	-77.0651	0.7071	77.0380	0.7072	1.6e-04	0.5379
4120	-108.9927	-108.9927	-77.0323	0.7068	77.0682	0.7074	1.6e-04	0.5389
4121	-108.9936	-108.9936	-77.5500	0.7115	76.5447	0.7026	1.6e-04	0.5381
4122	-108.9975	-108.9975	-77.5207	0.7112	76.5862	0.7030	1.6e-04	0.5377
4123	-109.0039	-109.0039	-76.5024	0.7018	77.6110	0.7123	1.6e-04	0.5378
4124	-108.9996	-108.9996	-76.4563	0.7014	77.6501	0.7127	1.6e-04	0.5388
4125	-108.9841	-108.9841	-76.8620	0.7053	77.2193	0.7089	1.6e-04	0.5386
4126	-108.9890	-108.9890	-76.9674	0.7062	77.1417	0.7080	1.6e-04	0.5390
4127	-108.9967	-108.9967	-76.9612	0.7061	77.1287	0.7079	1.6e-04	0.5382
4128	-108.9840	-108.9840	-76.8914	0.7055	77.1954	0.7087	1.6e-04	0.5387
4129	-108.9833	-108.9833	-77.2157	0.7085	76.8665	0.7056	1.6e-04	0.5387
4130	-108.9934	-108.9935	-75.5164	0.6929	78.5306	0.7208	1.6e-04	0.5389
4131	-108.9865	-108.9865	-76.3027	0.7001	77.7769	0.7139	1.6e-04	0.5381
4132	-108.9965	-108.9965	-76.6125	0.7029	77.4969	0.7113	1.6e-04	0.5383
4133	-108.9783	-108.9783	-75.9756	0.6972	78.0987	0.7169	1.6e-04	0.5378
4134	-108.9736	-108.9736	-76.9630	0.7063	77.1125	0.7079	1.6e-04	0.5388
4135	-108.9940	-108.9940	-77.2726	0.7090	76.8293	0.7052	1.6e-04	0.5381
4136	-108.9896	-108.9896	-76.2692	0.6998	77.8123	0.7143	1.6e-04	0.5401
4137	-108.9982	-108.9982	-76.5907	0.7027	77.5218	0.7115	1.6e-04	0.5384
4138	-108.9998	-108.9998	-76.4102	0.7010	77.6895	0.7130	1.6e-04	0.5386
4139	-108.9809	-108.9809	-76.9351	0.7060	77.1441	0.7081	1.6e-04	0.5379
4140	-108.9848	-108.9848	-77.3065	0.7093	76.7863	0.7049	1.6e-04	0.5378
4141	-108.9758	-108.9758	-75.9688	0.6971	78.0755	0.7168	1.6e-04	0.5370
4142	-108.9860	-108.9860	-76.9640	0.7062	77.1251	0.7079	1.6e-04	0.5376
4143	-108.9846	-108.9846	-76.0091	0.6974	78.0545	0.7165	1.6e-04	0.5379
4144	-108.9796	-108.9796	-76.9638	0.7062	77.0777	0.7076	1.6e-04	0.5381
4145	-108.9851	-108.9851	-76.4496	0.7015	77.6460	0.7127	1.6e-04	0.5380
4146	-108.9926	-108.9926	-76.1132	0.6983	77.9799	0.7158	1.6e-04	0.5377
4147	-108.9931	-108.9931	-76.9091	0.7056	77.1966	0.7086	1.6e-04	0.5376
4148	-108.9971	-108.9971	-75.7841	0.6953	78.2832	0.7185	1.6e-04	0.5371
4149	-108.9955	-108.9955	-77.3028	0.7092	76.7937	0.7050	1.6e-04	0.5389
4150	-108.9787	-108.9787	-76.3353	0.7005	77.7277	0.7135	1.6e-04	0.5388
4151	-108.9953	-108.9953	-76.2770	0.6998	77.8116	0.7143	1.6e-04	0.5377
4152	-108.9901	-108.9901	-76.1612	0.6988	77.9409	0.7153	1.6e-04	0.5392
4153	-108.9801	-108.9801	-76.7651	0.7044	77.3235	0.7098	1.6e-04	0.5385
4154	-108.9978	-108.9978	-76.8797	0.7053	77.2296	0.7089	1.6e-04	0.5374
4155	-108.9937	-108.9937	-77.6322	0.7123	76.4483	0.7017	1.6e-04	0.5382
4156	-108.9817	-108.9817	-77.0034	0.7066	77.0765	0.7075	1.6e-04	0.5386
4157	-108.9970	-108.9970	-76.0409	0.6976	78.0413	0.7164	1.6e-04	0.5385
4158	-108.9826	-108.9826	-76.7373	0.7041	77.3521	0.7100	1.6e-04	0.5390
4159	-108.9937	-108.9937	-76.6687	0.7034	77.4368	0.7108	1.6e-04	0.5378
4160	-108.9847	-108.9847	-77.6054	0.7121	76.4845	0.7021	1.6e-04	0.5375
4161	-108.9858	-108.9858	-76.8620	0.7052	77.2189	0.7089	1.6e-04	0.5382
4162	-108.9832	-108.9832	-76.7601	0.7043	77.3353	0.7099	1.6e-04	0.5400
4163	-108.9847	-108.9847	-76.8337	0.7050	77.2251	0.7090	1.6e-04	0.5396
4164	-108.9695	-108.9695	-77.4345	0.7106	76.6279	0.7035	1.6e-04	0.5403
4165	-108.9828	-108.9828	-76.2468	0.6996	77.8390	0.7145	1.6e-04	0.5381
4166	-108.9722	-108.9722	-77.1816	0.7083	76.8984	0.7059	1.6e-04	0.5380
4167	-108.9905	-108.9905	-76.4746	0.7017	77.6215	0.7125	1.6e-04	0.5387
4168	-108.9903	-108.9903	-77.7118	0.7130	76.3925	0.7011	1.6e-04	0.5377
4169	-108.9796	-108.9796	-77.8527	0.7144	76.2258	0.6997	1.6e-04	0.5396
4170	-108.9941	-108.9941	-76.6164	0.7029	77.4793	0.7112	1.6e-04	0.5399
4171	-108.9918	-108.9918	-77.3614	0.7098	76.7211	0.7043	1.6e-04	0.5389
4172	-108.9835	-108.9835	-76.2397	0.6996	77.8362	0.7145	1.6e-04	0.5379
4173	-108.9800	-108.9800	-76.7343	0.7041	77.3562	0.7101	1.6e-04	0.5382
4174	-108.9853	-108.9853	-76.7115	0.7039	77.3792	0.7103	1.6e-04	0.5396
4175	-108.9796	-108.9796	-76.5899	0.7028	77.4914	0.7114	1.6e-04	0.5389
4176	-108.9953	-108.9953	-76.8475	0.7051	77.2630	0.7092	1.6e-04	0.5401
4177	-108.9684	-108.9684	-77.2894	0.7093	76.7877	0.7049	1.6e-04	0.5374
4178	-108.9823	-108.9823	-76.4288	0.7013	77.6462	0.7127	1.6e-04	0.5389
4179	-108.9858	-108.9858	-76.3786	0.7008	77.7085	0.7133	1.6e-04	0.5381
4180	-108.9877	-108.9877	-76.4269	0.7012	77.6465	0.7126	1.6e-04	0.5391
4181	-108.9835	-108.9835	-76.9660	0.7062	77.1041	0.7078	1.6e-04	0.5389
4182	-108.9750	-108.9750	-76.8911	0.7056	77.1937	0.7086	1.6e-04	0.5401
4183	-108.9837	-108.9837	-76.2562	0.6997	77.8179	0.7143	1.6e-04	0.5402
4184	-108.9897	-108.9897	-76.6850	0.7036	77.4001	0.7104	1.6e-04	0.5408
4185	-109.0034	-109.0034	-76.2203	0.6992	77.8851	0.7149	1.6e-04	0.5397
4186	-109.0034	-109.0034	-75.5606	0.6932	78.5229	0.7207	1.6e-04	0.5388
4187	-108.9710	-108.9710	-77.5116	0.7113	76.5655	0.7029	1.6e-04	0.5384
4188	-108.9913	-108.9913	-76.3528	0.7005	77.7419	0.7136	1.6e-04	0.5393
4189	-108.9775	-108.9775	-76.8772	0.7054	77.2011	0.7087	1.6e-04	0.5381
4190	-108.9912	-108.9912	-75.9432	0.6968	78.1331	0.7172	1.6e-04	0.5385
4191	-108.9858	-108.9858	-76.8031	0.7047	77.2834	0.7095	1.6e-04	0.5382
4192	-108.9913	-108.9913	-76.8198	0.7048	77.2780	0.7094	1.6e-04	0.5378
4193	-108.9965	-108.9965	-76.5903	0.7027	77.5130	0.7115	1.6e-04	0.5376
4194	-108.9904	-108.9904	-78.2929	0.7183	75.7841	0.6957	1.6e-04	0.5382
4195	-108.9800	-108.9800	-76.6856	0.7037	77.3779	0.7103	1.6e-04	0.5381
4196	-108.9924	-108.9924	-77.3740	0.7099	76.7131	0.7042	1.6e-04	0.5368
4197	-108.9874	-108.9874	-76.7213	0.7039	77.3402	0.7100	1.6e-04	0.5368
4198	-108.9931	-108.9931	-77.2206	0.7085	76.8782	0.7057	1.6e-04	0.5383
4199	-108.9925	-108.9925	-76.7178	0.7039	77.3659	0.7102	1.6e-04	0.5374
4200	-108.9911	-108.9911	-76.5974	0.7028	77.5036	0.7114	1.6e-04	0.5396
4201	-108.9819	-108.9819	-76.1935	0.6991	77.8530	0.7147	1.6e-04	0.5366
4202	-108.9966	-108.9966	-77.9342	0.7150	76.1733	0.6991	1.6e-04	0.5381
4203	-108.9988	-108.9988	-76.9028	0.7055	77.1838	0.7085	1.6e-04	0.5365
4204	-108.9793	-108.9793	-76.7144	0.7039	77.3668	0.7103	1.6e-04	0.5376
4205	-108.9907	-108.9907	-76.9224	0.7058	77.1658	0.7084	1.6e-04	0.5396
4206	-108.9930	-108.9930	-76.9970	0.7064	77.0964	0.7078	1.6e-04	0.5400
4207	-108.9847	-108.9847	-77.0179	0.7067	77.0748	0.7075	1.6e-04	0.5392
4208	-108.9841	-108.9841	-76.4565	0.7015	77.6286	0.7126	1.6e-04	0.5386
4209	-108.9797	-108.9797	-75.7542	0.6951	78.2892	0.7187	1.6e-04	0.5380
4210	-108.9848	-108.9848	-76.5368	0.7023	77.5517	0.7119	1.6e-04	0.5383
4211	-108.9914	-108.9915	-75.4913	0.6926	78.5760	0.7213	1.6e-04	0.5377
4212	-109.0050	-109.0050	-76.0334	0.6975	78.0347	0.7162	1.6e-04	0.5398
4213	-108.9905	-108.9905	-76.2032	0.6992	77.8869	0.7149	1.6e-04	0.5417
4214	-108.9911	-108.9911	-76.0146	0.6974	78.0749	0.7166	1.6e-04	0.5376
4215	-108.9827	-108.9827	-75.9316	0.6967	78.1486	0.7173	1.6e-04	0.5371
4216	-109.0010	-109.0010	-76.4142	0.7010	77.6878	0.7131	1.6e-04	0.5385
4217	-108.9840	-108.9840	-77.2487	0.7088	76.8427	0.7054	1.6e-04	0.5380
4218	-108.9969	-108.9969	-76.1937	0.6990	77.9015	0.7150	1.6e-04	0.5405
4219	-108.9832	-108.9832	-76.0082	0.6974	78.0678	0.7166	1.6e-04	0.5391
4220	-108.9818	-108.9818	-76.6675	0.7035	77.4234	0.7107	1.6e-04	0.5377
4221	-108.9892	-108.9892	-76.4713	0.7016	77.6068	0.7124	1.6e-04	0.5374
4222	-108.9830	-108.9830	-75.7192	0.6948	78.3369	0.7192	1.6e-04	0.5385
4223	-108.9678	-108.9678	-76.4800	0.7019	77.5862	0.7123	1.6e-04	0.5387
4224	-108.9755	-108.9755	-76.2962	0.7001	77.7745	0.7140	1.6e-04	0.5388
4225	-108.9984	-108.9984	-76.4421	0.7013	77.6529	0.7128	1.6e-04	0.5393
4226	-108.9888	-108.9888	-76.6636	0.7034	77.4322	0.7108	1.6e-04	0.5374
4227	-108.9918	-108.9918	-76.8405	0.7050	77.2687	0.7092	1.6e-04	0.5378
4228	-108.9848	-108.9848	-76.8591	0.7052	77.1905	0.7087	1.6e-04	0.5400
4229	-108.9832	-108.9832	-76.3072	0.7002	77.7639	0.7139	1.6e-04	0.5379
4230	-109.0006	-109.0006	-75.7911	0.6953	78.3106	0.7187	1.6e-04	0.5389
4231	-108.9835	-108.9835	-76.7018	0.7038	77.3937	0.7104	1.6e-04	0.5383
4232	-109.0024	-109.0024	-75.7660	0.6951	78.3209	0.7189	1.6e-04	0.5384
4233	-108.9900	-108.9900	-76.6737	0.7035	77.4328	0.7107	1.6e-04	0.5378
4234	-108.9700	-108.9700	-76.6054	0.7030	77.4628	0.7111	1.6e-04	0.5390
4235	-109.0049	-109.0049	-75.6092	0.6936	78.4801	0.7203	1.6e-04	0.5384
4236	-108.9891	-108.9891	-75.8232	0.6957	78.2457	0.7183	1.6e-04	0.5385
4237	-108.9974	-108.9974	-76.3654	0.7006	77.6731	0.7130	1.6e-04	0.5384
4238	-108.9870	-108.9870	-77.0184	0.7067	77.0837	0.7075	1.6e-04	0.5365
4239	-108.9928	-108.9928	-76.6802	0.7035	77.3940	0.7104	1.6e-04	0.5372
4240	-108.9781	-108.9781	-76.8066	0.7048	77.2691	0.7093	1.6e-04	0.5400
4241	-108.9819	-108.9819	-77.0778	0.7073	77.0062	0.7069	1.6e-04	0.5400
4242	-108.9909	-108.9909	-76.9646	0.7062	77.1369	0.7080	1.6e-04	0.5377
4243	-108.9763	-108.9763	-76.4968	0.7020	77.5788	0.7121	1.6e-04	0.5378
4244	-108.9823	-108.9823	-75.8564	0.6960	78.2127	0.7179	1.6e-04	0.5379
4245	-108.9958	-108.9958	-77.5241	0.7113	76.5722	0.7028	1.6e-04	0.5392
4246	-109.0072	-109.0072	-77.4386	0.7104	76.6756	0.7038	1.6e-04	0.5398
4247	-108.9781	-108.9781	-76.1546	0.6988	77.9097	0.7152	1.6e-04	0.5381
4248	-108.9862	-108.9862	-76.9500	0.7061	77.1400	0.7081	1.6e-04	0.5382
4249	-108.9772	-108.9772	-76.3937	0.7010	77.6935	0.7131	1.6e-04	0.5384
4250	-108.9924	-108.9924	-76.5898	0.7027	77.5084	0.7114	1.6e-04	0.5384
4251	-108.9957	-108.9957	-76.0203	0.6975	78.0373	0.7162	1.6e-04	0.5381
4252	-108.9790	-108.9790	-76.1528	0.6988	77.9022	0.7151	1.6e-04	0.5403
4253	-108.9810	-108.9810	-76.0426	0.6978	78.0319	0.7163	1.6e-04	0.5399
4254	-108.9996	-108.9996	-76.5742	0.7025	77.5256	0.7117	1.6e-04	0.5379
4255	-108.9672	-108.9672	-76.8122	0.7049	77.2523	0.7092	1.6e-04	0.5391
4256	-109.0008	-109.0008	-75.6929	0.6944	78.3966	0.7196	1.6e-04	0.5370
4257	-108.9940	-108.9940	-77.0201	0.7066	77.0872	0.7075	1.6e-04	0.5381
4258	-108.9876	-108.9876	-77.6083	0.7121	76.4808	0.7021	1.6e-04	0.5397
4259	-108.9892	-108.9892	-77.1511	0.7079	76.9334	0.7062	1.6e-04	0.5390
4260	-109.0005	-109.0005	-77.2729	0.7089	76.8404	0.7053	1.6e-04	0.5378
4261	-108.9940	-108.9940	-77.3336	0.7095	76.7638	0.7046	1.6e-04	0.5395
4262	-108.9869	-108.9869	-77.3848	0.7100	76.7073	0.7042	1.6e-04	0.5385
4263	-108.9813	-108.9813	-77.2816	0.7091	76.8098	0.7051	1.6e-04	0.5382
4264	-108.9910	-108.9910	-76.6295	0.7031	77.4656	0.7111	1.6e-04	0.5397
4265	-108.9725	-108.9725	-77.0829	0.7074	76.9148	0.7062	1.6e-04	0.5402
4266	-108.9948	-108.9948	-77.1626	0.7079	76.9173	0.7061	1.6e-04	0.5409
4267	-108.9847	-108.9847	-77.4290	0.7105	76.6667	0.7037	1.6e-04	0.5402
4268	-108.9892	-108.9892	-77.0915	0.7073	77.0039	0.7069	1.6e-04	0.5382
4269	-108.9978	-108.9978	-77.2994	0.7092	76.8064	0.7049	1.6e-04	0.5380
4270	-108.9897	-108.9897	-77.0726	0.7072	77.0289	0.7071	1.6e-04	0.5394
4271	-108.9877	-108.9877	-76.6798	0.7036	77.4190	0.7106	1.6e-04	0.5378
4272	-108.9785	-108.9785	-76.2780	0.6999	77.7987	0.7142	1.6e-04	0.5390
4273	-108.9986	-108.9986	-76.5667	0.7025	77.5255	0.7116	1.6e-04	0.5388
4274	-108.9879	-108.9879	-77.2244	0.7086	76.8715	0.7056	1.6e-04	0.5366
4275	-109.0057	-109.0057	-77.2631	0.7088	76.8496	0.7053	1.6e-04	0.5369
4276	-108.9866	-108.9866	-77.1525	0.7079	76.9389	0.7062	1.6e-04	0.5384
4277	-108.9894	-108.9894	-76.9019	0.7056	77.1898	0.7086	1.6e-04	0.5379
4278	-109.0019	-109.0019	-77.6701	0.7126	76.4162	0.7014	1.6e-04	0.5391
4279	-108.9774	-108.9774	-76.7773	0.7045	77.3115	0.7097	1.6e-04	0.5382
4280	-108.9862	-108.9862	-77.7026	0.7130	76.3801	0.7012	1.6e-04	0.5373
4281	-108.9958	-108.9958	-76.3816	0.7008	77.7114	0.7134	1.6e-04	0.5367
4282	-108.9972	-108.9972	-75.4801	0.6925	78.5964	0.7214	1.6e-04	0.5394
4283	-108.9814	-108.9814	-76.3555	0.7006	77.7360	0.7135	1.6e-04	0.5396
4284	-108.9958	-108.9958	-76.9615	0.7061	77.1354	0.7080	1.6e-04	0.5389
4285	-108.9842	-108.9842	-76.6123	0.7030	77.4744	0.7112	1.6e-04	0.5381
4286	-108.9913	-108.9913	-75.6206	0.6938	78.4445	0.7201	1.6e-04	0.5376
4287	-108.9948	-108.9948	-76.2725	0.6998	77.8350	0.7144	1.6e-04	0.5381
4288	-108.9849	-108.9849	-77.3622	0.7098	76.7317	0.7044	1.6e-04	0.5392
4289	-108.9798	-108.9798	-77.0444	0.7070	77.0437	0.7072	1.6e-04	0.5384
4290	-108.9713	-108.9713	-75.7153	0.6948	78.3398	0.7192	1.6e-04	0.5380
4291	-108.9756	-108.9756	-77.7204	0.7132	76.3586	0.7010	1.6e-04	0.5379
4292	-108.9894	-108.9894	-76.2054	0.6992	77.8776	0.7149	1.6e-04	0.5392
4293	-108.9875	-108.9875	-76.9838	0.7064	77.1174	0.7079	1.6e-04	0.5387
4294	-108.9880	-108.9881	-75.4704	0.6925	78.5979	0.7214	1.6e-04	0.5390
4295	-108.9706	-108.9706	-76.0814	0.6982	77.9381	0.7155	1.6e-04	0.5383
4296	-108.9747	-108.9747	-76.5830	0.7028	77.4975	0.7114	1.6e-04	0.5384
4297	-109.0010	-109.0010	-76.1543	0.6987	77.9450	0.7155	1.6e-04	0.5370
4298	-108.9808	-108.9809	-75.4566	0.6924	78.6024	0.7215	1.6e-04	0.5390
4299	-108.9744	-108.9744	-76.0985	0.6983	77.9603	0.7157	1.6e-04	0.5400
4300	-108.9980	-108.9980	-76.5256	0.7021	77.5830	0.7121	1.6e-04	0.5400
4301	-108.9725	-108.9725	-75.9407	0.6969	78.0994	0.7170	1.6e-04	0.5370
4302	-108.9866	-108.9866	-75.9303	0.6967	78.1542	0.7174	1.6e-04	0.5394
4303	-108.9764	-108.9764	-75.7357	0.6950	78.3270	0.7190	1.6e-04	0.5390
4304	-108.9860	-108.9860	-75.6956	0.6945	78.3790	0.7194	1.6e-04	0.5395
4305	-108.9945	-108.9945	-76.6281	0.7030	77.4724	0.7111	1.6e-04	0.5382
4306	-108.9838	-108.9838	-76.2982	0.7001	77.7775	0.7140	1.6e-04	0.5397
4307	-108.9876	-108.9876	-75.8476	0.6959	78.2189	0.7181	1.6e-04	0.5384
4308	-108.9938	-108.9938	-76.0341	0.6976	78.0569	0.7165	1.6e-04	0.5378
4309	-108.9799	-108.9799	-76.8763	0.7054	77.2097	0.7088	1.6e-04	0.5376
4310	-108.9751	-108.9751	-76.4560	0.7016	77.6261	0.7125	1.6e-04	0.5395
4311	-108.9934	-108.9934	-75.7379	0.6949	78.3379	0.7191	1.6e-04	0.5380
4312	-108.9817	-108.9817	-75.5988	0.6937	78.4674	0.7203	1.6e-04	0.5385
4313	-108.9951	-108.9951	-75.6474	0.6940	78.4218	0.7198	1.6e-04	0.5379
4314	-108.9705	-108.9705	-75.6484	0.6942	78.3672	0.7194	1.6e-04	0.5381
4315	-108.9882	-108.9882	-76.3017	0.7001	77.7500	0.7136	1.6e-04	0.5369
4316	-109.0031	-109.0032	-75.2560	0.6904	78.8172	0.7234	1.6e-04	0.5368
4317	-109.0000	-109.0000	-75.9992	0.6972	78.0951	0.7168	1.6e-04	0.5384
4318	-108.9929	-108.9929	-76.2854	0.6999	77.8109	0.7142	1.6e-04	0.5400
4319	-109.0084	-109.0084	-76.4290	0.7011	77.6826	0.7130	1.6e-04	0.5395
4320	-108.9833	-108.9833	-76.4091	0.7011	77.6679	0.7128	1.6e-04	0.5393
4321	-108.9881	-108.9881	-77.4488	0.7106	76.6469	0.7035	1.6e-04	0.5374
4322	-108.9689	-108.9689	-77.4252	0.7105	76.6514	0.7036	1.6e-04	0.5383
4323	-108.9796	-108.9796	-77.3514	0.7098	76.7366	0.7044	1.6e-04	0.5383
4324	-108.9758	-108.9758	-76.6997	0.7038	77.3733	0.7102	1.6e-04	0.5412
4325	-108.9812	-108.9812	-76.2349	0.6995	77.8383	0.7145	1.6e-04	0.5375
4326	-109.0018	-109.0018	-77.5452	0.7114	76.5703	0.7027	1.6e-04	0.5387
4327	-108.9927	-108.9927	-78.1969	0.7175	75.8752	0.6965	1.6e-04	0.5378
4328	-108.9803	-108.9803	-78.2257	0.7178	75.8333	0.6962	1.6e-04	0.5381
4329	-108.9845	-108.9845	-76.9603	0.7062	77.1278	0.7080	1.6e-04	0.5391
4330	-108.9860	-108.9860	-77.1632	0.7080	76.9319	0.7062	1.6e-04	0.5404
4331	-108.9749	-108.9749	-76.9733	0.7063	77.1063	0.7078	1.6e-04	0.5371
4332	-109.0043	-109.0043	-77.9083	0.7147	76.1875	0.6993	1.6e-04	0.5386
4333	-108.9807	-108.9807	-77.0915	0.7074	76.9817	0.7067	1.6e-04	0.5381
4334	-108.9813	-108.9813	-77.2083	0.7085	76.8643	0.7056	1.6e-04	0.5394
4335	-108.9931	-108.9931	-78.4608	0.7199	75.6221	0.6941	1.6e-04	0.5386
4336	-108.9942	-108.9942	-77.5795	0.7118	76.5122	0.7023	1.6e-04	0.5387
4337	-108.9953	-108.9953	-77.0354	0.7068	77.0725	0.7074	1.6e-04	0.5373
4338	-108.9850	-108.9850	-77.4978	0.7111	76.5682	0.7029	1.6e-04	0.5383
4339	-108.9887	-108.9887	-78.0560	0.7162	76.0271	0.6979	1.6e-04	0.5374
4340	-108.9992	-108.9992	-77.9398	0.7150	76.1391	0.6989	1.6e-04	0.5393
4341	-108.9852	-108.9852	-77.2450	0.7088	76.8106	0.7051	1.6e-04	0.5405
4342	-108.9907	-108.9907	-77.8433	0.7142	76.2269	0.6997	1.6e-04	0.5396
4343	-108.9824	-108.9824	-77.5004	0.7111	76.5795	0.7030	1.6e-04	0.5396
4344	-108.9738	-108.9738	-76.9183	0.7058	77.1721	0.7083	1.6e-04	0.5388
4345	-108.9806	-108.9806	-77.5828	0.7119	76.5078	0.7023	1.6e-04	0.5385
4346	-108.9809	-108.9809	-77.1347	0.7078	76.9417	0.7063	1.6e-04	0.5391
4347	-108.9676	-108.9676	-77.3889	0.7102	76.6858	0.7040	1.6e-04	0.5378
4348	-108.9959	-108.9959	-77.4444	0.7105	76.6691	0.7037	1.6e-04	0.5392
4349	-108.9734	-108.9734	-78.2557	0.7181	75.8066	0.6959	1.6e-04	0.5371
4350	-109.0038	-109.0038	-77.9533	0.7151	76.1497	0.6990	1.6e-04	0.5374
4351	-108.9952	-108.9952	-77.7512	0.7133	76.3543	0.7008	1.6e-04	0.5381
4352	-108.9887	-108.9887	-77.7576	0.7134	76.3417	0.7007	1.6e-04	0.5384
4353	-108.9929	-108.9929	-78.0916	0.7165	75.9931	0.6976	1.6e-04	0.5396
4354	-108.9896	-108.9896	-78.0434	0.7161	76.0359	0.6980	1.6e-04	0.5401
4355	-108.9894	-108.9894	-77.8438	0.7142	76.2573	0.6999	1.6e-04	0.5387
4356	-108.9859	-108.9859	-78.8093	0.7231	75.2475	0.6907	1.6e-04	0.5391
4357	-109.0041	-109.0041	-78.6128	0.7212	75.4550	0.6925	1.6e-04	0.5384
4358	-108.9924	-108.9924	-78.1842	0.7173	75.8808	0.6966	1.6e-04	0.5387
4359	-108.9799	-108.9799	-79.0454	0.7253	74.9916	0.6884	1.6e-04	0.5386
4360	-108.9694	-108.9694	-78.2321	0.7179	75.8301	0.6961	1.6e-04	0.5389
4361	-108.9795	-108.9795	-78.7736	0.7228	75.2699	0.6910	1.6e-04	0.5372
4362	-108.9715	-108.9715	-78.0614	0.7163	76.0052	0.6977	1.6e-04	0.5384
4363	-108.9892	-108.9892	-78.0011	0.7157	76.0729	0.6983	1.6e-04	0.5385
4364	-108.9968	-108.9968	-79.2598	0.7272	74.7769	0.6863	1.6e-04	0.5387
4365	-108.9875	-108.9875	-78.3882	0.7192	75.6837	0.6947	1.6e-04	0.5380
4366	-108.9948	-108.9948	-78.1867	0.7173	75.8895	0.6967	1.6e-04	0.5383
4367	-108.9902	-108.9902	-78.7000	0.7221	75.3498	0.6916	1.6e-04	0.5368
4368	-108.9751	-108.9751	-78.7526	0.7227	75.2852	0.6911	1.6e-04	0.5395
4369	-108.9815	-108.9815	-79.1474	0.7262	74.8809	0.6874	1.6e-04	0.5388
4370	-108.9775	-108.9775	-78.0901	0.7166	75.9821	0.6975	1.6e-04	0.5383
4371	-108.9789	-108.9789	-77.7908	0.7138	76.2678	0.7001	1.6e-04	0.5385
4372	-109.0010	-109.0010	-77.8828	0.7145	76.2185	0.6996	1.6e-04	0.5383
4373	-108.9782	-108.9782	-78.4677	0.7200	75.5756	0.6937	1.6e-04	0.5389
4374	-108.9827	-108.9827	-78.6612	0.7218	75.3923	0.6921	1.6e-04	0.5388
4375	-109.0020	-109.0020	-77.7447	0.7132	76.3381	0.7007	1.6e-04	0.5370
4376	-108.9859	-108.9859	-77.7790	0.7137	76.3128	0.7005	1.6e-04	0.5386
4377	-108.9818	-108.9818	-78.3770	0.7192	75.6859	0.6947	1.6e-04	0.5385
4378	-108.9736	-108.9736	-78.7452	0.7226	75.2652	0.6909	1.6e-04	0.5385
4379	-108.9940	-108.9940	-77.4941	0.7110	76.6047	0.7032	1.6e-04	0.5382
4380	-108.9953	-108.9953	-78.1836	0.7173	75.9004	0.6967	1.6e-04	0.5382
4381	-108.9972	-108.9972	-78.5504	0.7207	75.5291	0.6933	1.6e-04	0.5377
4382	-108.9765	-108.9765	-79.1032	0.7259	74.9335	0.6878	1.6e-04	0.5383
4383	-108.9893	-108.9893	-77.9786	0.7155	76.1115	0.6986	1.6e-04	0.5386
4384	-108.9964	-108.9964	-76.8982	0.7055	77.2071	0.7087	1.6e-04	0.5392
4385	-108.9880	-108.9880	-78.1611	0.7172	75.9164	0.6969	1.6e-04	0.5384
4386	-108.9841	-108.9841	-77.6165	0.7122	76.4603	0.7019	1.6e-04	0.5388
4387	-108.9901	-108.9901	-77.9795	0.7155	76.1167	0.6986	1.6e-04	0.5372
4388	-108.9694	-108.9694	-77.9061	0.7149	76.1534	0.6992	1.6e-04	0.5383
4389	-108.9814	-108.9814	-77.8949	0.7148	76.1292	0.6989	1.6e-04	0.5381
4390	-108.9765	-108.9765	-78.2480	0.7180	75.8125	0.6960	1.6e-04	0.5380
4391	-108.9852	-108.9852	-77.8066	0.7139	76.2934	0.7002	1.6e-04	0.5379
4392	-108.9867	-108.9867	-77.8539	0.7143	76.2384	0.6998	1.6e-04	0.5389
4393	-108.9724	-108.9724	-77.0977	0.7075	76.9843	0.7067	1.6e-04	0.5395
4394	-108.9829	-108.9829	-77.5329	0.7114	76.5627	0.7028	1.6e-04	0.5383
4395	-108.9872	-108.9872	-78.3269	0.7187	75.7499	0.6953	1.6e-04	0.5377
4396	-109.0045	-109.0045	-76.9332	0.7058	77.1949	0.7084	1.6e-04	0.5381
4397	-108.9768	-108.9768	-77.4275	0.7105	76.6526	0.7037	1.6e-04	0.5382
4398	-108.9963	-108.9963	-77.7903	0.7137	76.3052	0.7004	1.6e-04	0.5376
4399	-108.9750	-108.9750	-77.6250	0.7123	76.4536	0.7019	1.6e-04	0.5382
4400	-108.9841	-108.9841	-78.1996	0.7175	75.8575	0.6964	1.6e-04	0.5395
4401	-108.9862	-108.9862	-77.4170	0.7103	76.6726	0.7039	1.6e-04	0.5369
4402	-108.9835	-108.9835	-78.5471	0.7207	75.5068	0.6932	1.6e-04	0.5403
4403	-108.9978	-108.9978	-77.9370	0.7150	76.1409	0.6989	1.6e-04	0.5378
4404	-109.0055	-109.0055	-77.1353	0.7076	76.9845	0.7066	1.6e-04	0.5385
4405	-108.9842	-108.9842	-77.6941	0.7129	76.3879	0.7012	1.6e-04	0.5381
4406	-108.9809	-108.9809	-77.2300	0.7087	76.8681	0.7055	1.6e-04	0.5381
4407	-108.9782	-108.9782	-77.3561	0.7098	76.6930	0.7040	1.6e-04	0.5378
4408	-108.9959	-108.9959	-78.0766	0.7163	76.0176	0.6978	1.6e-04	0.5387
4409	-108.9810	-108.9810	-77.8564	0.7144	76.2240	0.6997	1.6e-04	0.5384
4410	-108.9835	-108.9835	-77.8621	0.7144	76.1982	0.6995	1.6e-04	0.5367
4411	-108.9899	-108.9899	-77.5211	0.7113	76.5749	0.7029	1.6e-04	0.5392
4412	-108.9909	-108.9909	-77.9406	0.7151	76.1386	0.6989	1.6e-04	0.5388
4413	-108.9850	-108.9850	-77.2111	0.7085	76.8954	0.7058	1.6e-04	0.5374
4414	-108.9782	-108.9782	-76.8004	0.7047	77.2787	0.7095	1.6e-04	0.5369
4415	-108.9847	-108.9847	-77.0216	0.7067	77.0774	0.7075	1.6e-04	0.5367
4416	-108.9783	-108.9783	-77.4727	0.7109	76.6012	0.7032	1.6e-04	0.5394
4417	-108.9948	-108.9948	-76.9721	0.7062	77.1134	0.7079	1.6e-04	0.5399
4418	-108.9862	-108.9862	-76.8358	0.7050	77.2569	0.7092	1.6e-04	0.5418
4419	-108.9889	-108.9889	-77.0035	0.7065	77.0948	0.7077	1.6e-04	0.5380
4420	-108.9988	-108.9988	-77.4522	0.7106	76.6566	0.7036	1.6e-04	0.5389
4421	-108.9925	-108.9925	-76.9794	0.7063	77.1119	0.7079	1.6e-04	0.5382
4422	-108.9938	-108.9938	-76.8122	0.7047	77.2867	0.7095	1.6e-04	0.5394
4423	-108.9936	-108.9936	-77.4430	0.7105	76.6584	0.7037	1.6e-04	0.5390
4424	-108.9876	-108.9876	-77.6340	0.7123	76.4601	0.7019	1.6e-04	0.5393
4425	-108.9751	-108.9751	-77.2747	0.7091	76.7989	0.7050	1.6e-04	0.5378
4426	-108.9895	-108.9895	-77.2962	0.7092	76.7906	0.7049	1.6e-04	0.5381
4427	-108.9757	-108.9757	-77.6925	0.7129	76.3602	0.7009	1.6e-04	0.5377
4428	-108.9845	-108.9845	-77.2538	0.7089	76.8350	0.7053	1.6e-04	0.5375
4429	-108.9795	-108.9795	-76.9765	0.7063	77.1008	0.7077	1.6e-04	0.5384
4430	-108.9694	-108.9694	-77.5547	0.7117	76.5184	0.7024	1.6e-04	0.5377
4431	-109.0077	-109.0077	-77.2408	0.7086	76.8663	0.7056	1.6e-04	0.5371
4432	-108.9841	-108.9841	-76.8013	0.7047	77.2970	0.7095	1.6e-04	0.5381
4433	-108.9997	-108.9997	-77.4595	0.7106	76.6349	0.7034	1.6e-04	0.5380
4434	-108.9835	-108.9835	-77.5579	0.7116	76.5167	0.7024	1.6e-04	0.5379
4435	-108.9864	-108.9864	-77.2872	0.7091	76.8080	0.7050	1.6e-04	0.5381
4436	-108.9949	-108.9949	-76.9406	0.7059	77.1654	0.7083	1.6e-04	0.5381
4437	-108.9781	-108.9781	-75.9903	0.6973	78.0647	0.7166	1.6e-04	0.5375
4438	-108.9839	-108.9839	-76.6892	0.7037	77.3936	0.7104	1.6e-04	0.5378
4439	-108.9863	-108.9863	-76.9234	0.7058	77.1714	0.7084	1.6e-04	0.5388
4440	-108.9987	-108.9987	-76.7922	0.7045	77.3094	0.7097	1.6e-04	0.5392
4441	-108.9814	-108.9814	-76.5567	0.7025	77.5069	0.7115	1.6e-04	0.5388
4442	-108.9899	-108.9899	-77.2191	0.7085	76.8482	0.7055	1.6e-04	0.5388
4443	-108.9975	-108.9975	-77.6539	0.7124	76.4563	0.7017	1.6e-04	0.5373
4444	-108.9957	-108.9957	-76.6512	0.7032	77.4172	0.7106	1.6e-04	0.5384
4445	-109.0033	-109.0033	-76.6318	0.7030	77.4875	0.7111	1.6e-04	0.5449
4446	-108.9876	-108.9876	-76.0857	0.6981	77.9874	0.7159	1.6e-04	0.5379
4447	-108.9919	-108.9919	-77.0617	0.7070	77.0344	0.7072	1.6e-04	0.5379
4448	-108.9877	-108.9877	-77.6289	0.7123	76.4667	0.7019	1.6e-04	0.5381
4449	-108.9851	-108.9851	-77.1409	0.7078	76.9456	0.7063	1.6e-04	0.5386
4450	-108.9814	-108.9814	-76.9508	0.7061	77.1380	0.7081	1.6e-04	0.5383
4451	-108.9942	-108.9942	-76.7781	0.7044	77.3070	0.7096	1.6e-04	0.5392
4452	-108.9905	-108.9905	-77.3600	0.7098	76.7377	0.7044	1.6e-04	0.5385
4453	-108.9988	-108.9988	-76.2304	0.6994	77.8454	0.7146	1.6e-04	0.5388
4454	-108.9974	-108.9974	-77.0265	0.7067	77.0682	0.7075	1.6e-04	0.5386
4455	-108.9785	-108.9785	-76.9521	0.7061	77.1351	0.7081	1.6e-04	0.5377
4456	-108.9841	-108.9841	-76.2441	0.6996	77.8334	0.7144	1.6e-04	0.5380
4457	-108.9818	-108.9818	-77.1852	0.7082	76.9148	0.7060	1.6e-04	0.5367
4458	-108.9806	-108.9806	-77.2803	0.7091	76.8056	0.7050	1.6e-04	0.5375
4459	-108.9765	-108.9765	-76.9245	0.7059	77.1236	0.7080	1.6e-04	0.5379
4460	-108.9951	-108.9951	-76.0763	0.6980	78.0102	0.7161	1.6e-04	0.5375
4461	-108.9773	-108.9773	-76.2881	0.7000	77.7853	0.7140	1.6e-04	0.5377
4462	-108.9855	-108.9855	-77.3776	0.7100	76.6987	0.7040	1.6e-04	0.5375
4463	-108.9814	-108.9814	-76.8789	0.7054	77.2069	0.7088	1.6e-04	0.5373
4464	-109.0086	-109.0086	-77.1634	0.7079	76.9390	0.7062	1.6e-04	0.5383
4465	-108.9844	-108.9844	-76.4067	0.7011	77.6691	0.7131	1.6e-04	0.5384
4466	-108.9803	-108.9803	-77.2928	0.7092	76.7923	0.7050	1.6e-04	0.5389
4467	-108.9880	-108.9880	-76.8194	0.7048	77.2731	0.7093	1.6e-04	0.5369
4468	-108.9967	-108.9967	-76.8534	0.7051	77.2506	0.7091	1.6e-04	0.5374
4469	-108.9764	-108.9764	-77.3767	0.7100	76.7042	0.7041	1.6e-04	0.5377
4470	-108.9972	-108.9972	-76.1334	0.6985	77.9632	0.7156	1.6e-04	0.5392
4471	-109.0034	-109.0034	-76.5713	0.7025	77.5402	0.7117	1.6e-04	0.5388
4472	-108.9843	-108.9843	-76.8060	0.7047	77.2713	0.7093	1.6e-04	0.5395
4473	-109.0036	-109.0036	-76.3751	0.7007	77.7135	0.7133	1.6e-04	0.5389
4474	-108.9938	-108.9938	-76.5688	0.7025	77.5046	0.7115	1.6e-04	0.5391
4475	-108.9996	-108.9996	-76.8686	0.7052	77.2285	0.7089	1.6e-04	0.5384
4476	-108.9931	-108.9931	-76.8137	0.7048	77.2923	0.7094	1.6e-04	0.5386
4477	-108.9755	-108.9755	-75.8841	0.6963	78.1617	0.7176	1.6e-04	0.5401
4478	-108.9875	-108.9875	-76.1328	0.6985	77.9554	0.7156	1.6e-04	0.5389
4479	-108.9717	-108.9717	-76.8147	0.7049	77.2639	0.7093	1.6e-04	0.5374
4480	-108.9995	-108.9995	-76.8227	0.7048	77.2983	0.7094	1.6e-04	0.5385
4481	-108.9888	-108.9888	-76.0823	0.6981	78.0014	0.7160	1.6e-04	0.5387
4482	-108.9811	-108.9811	-75.9269	0.6967	78.1492	0.7174	1.6e-04	0.5386
4483	-108.9957	-108.9957	-77.0165	0.7066	77.0847	0.7075	1.6e-04	0.5386
4484	-109.0067	-109.0067	-76.0305	0.6975	78.0642	0.7166	1.6e-04	0.5383
4485	-108.9830	-108.9830	-75.7860	0.6954	78.2717	0.7185	1.6e-04	0.5371
4486	-109.0029	-109.0029	-75.8806	0.6961	78.2100	0.7179	1.6e-04	0.5384
4487	-108.9851	-108.9851	-76.7385	0.7041	77.3611	0.7101	1.6e-04	0.5374
4488	-108.9780	-108.9780	-76.0702	0.6980	77.9535	0.7156	1.6e-04	0.5379
4489	-108.9916	-108.9916	-76.1631	0.6988	77.9147	0.7152	1.6e-04	0.5404
4490	-108.9940	-108.9940	-75.9394	0.6967	78.1531	0.7173	1.6e-04	0.5398
4491	-108.9816	-108.9816	-75.7501	0.6951	78.2987	0.7188	1.6e-04	0.5376
4492	-108.9765	-108.9765	-76.9825	0.7064	77.0912	0.7077	1.6e-04	0.5386
4493	-108.9980	-108.9980	-76.4277	0.7012	77.6559	0.7129	1.6e-04	0.5374
4494	-108.9857	-108.9857	-76.2157	0.6993	77.8635	0.7148	1.6e-04	0.5375
4495	-108.9903	-108.9903	-76.0256	0.6975	78.0497	0.7164	1.6e-04	0.5392
4496	-108.9972	-108.9972	-76.1758	0.6989	77.9103	0.7152	1.6e-04	0.5391
4497	-108.9804	-108.9805	-75.7217	0.6948	78.3476	0.7192	1.6e-04	0.5390
4498	-108.9887	-108.9887	-76.0315	0.6976	78.0446	0.7164	1.6e-04	0.5389
4499	-108.9903	-108.9903	-75.8841	0.6962	78.1903	0.7178	1.6e-04	0.5386
4500	-108.9866	-108.9866	-76.8556	0.7052	77.2352	0.7090	1.6e-04	0.5393
4501	-108.9822	-108.9822	-76.8480	0.7051	77.2096	0.7088	1.6e-04	0.5374
4502	-108.9838	-108.9838	-76.2192	0.6994	77.8525	0.7146	1.6e-04	0.5388
4503	-108.9780	-108.9780	-76.7281	0.7041	77.3486	0.7101	1.6e-04	0.5381
4504	-108.9908	-108.9908	-76.5638	0.7025	77.5402	0.7117	1.6e-04	0.5381
4505	-108.9905	-108.9905	-78.1630	0.7172	75.9195	0.6969	1.6e-04	0.5369
4506	-108.9955	-108.9955	-77.2975	0.7092	76.8090	0.7050	1.6e-04	0.5380
4507	-108.9718	-108.9718	-77.4485	0.7107	76.6266	0.7035	1.6e-04	0.5386
4508	-108.9868	-108.9868	-76.8323	0.7050	77.2446	0.7091	1.6e-04	0.5389
4509	-108.9716	-108.9716	-76.4701	0.7017	77.6022	0.7124	1.6e-04	0.5376
4510	-108.9823	-108.9823	-76.8514	0.7052	77.2298	0.7090	1.6e-04	0.5382
4511	-108.9760	-108.9760	-76.7858	0.7046	77.2819	0.7096	1.6e-04	0.5375
4512	-108.9920	-108.9920	-77.5865	0.7119	76.5115	0.7023	1.6e-04	0.5378
4513	-108.9864	-108.9864	-77.1104	0.7075	76.9783	0.7067	1.6e-04	0.5387
4514	-108.9799	-108.9799	-77.9013	0.7148	76.1751	0.6993	1.6e-04	0.5401
4515	-108.9806	-108.9806	-76.8542	0.7052	77.2074	0.7088	1.6e-04	0.5381
4516	-108.9925	-108.9925	-77.6528	0.7125	76.4443	0.7017	1.6e-04	0.5380
4517	-108.9958	-108.9958	-76.8690	0.7052	77.2335	0.7090	1.6e-04	0.5375
4518	-109.0049	-109.0049	-76.7427	0.7040	77.3646	0.7101	1.6e-04	0.5375
4519	-108.9800	-108.9800	-77.4582	0.7108	76.6239	0.7034	1.6e-04	0.5401
4520	-108.9995	-108.9995	-76.9783	0.7062	77.1380	0.7080	1.6e-04	0.5389
4521	-108.9856	-108.9856	-77.7935	0.7138	76.2945	0.7003	1.6e-04	0.5371
4522	-108.9921	-108.9921	-77.3575	0.7098	76.7428	0.7044	1.6e-04	0.5378
4523	-108.9774	-108.9774	-76.5749	0.7027	77.5080	0.7115	1.6e-04	0.5383
4524	-108.9835	-108.9835	-77.0960	0.7074	76.9867	0.7068	1.6e-04	0.5379
4525	-108.9912	-108.9912	-76.4269	0.7012	77.5752	0.7121	1.6e-04	0.5388
4526	-108.9940	-108.9940	-77.1739	0.7081	76.8875	0.7059	1.6e-04	0.5399
4527	-108.9890	-108.9890	-76.5295	0.7022	77.5598	0.7120	1.6e-04	0.5385
4528	-109.0047	-109.0047	-76.9706	0.7061	77.1414	0.7081	1.6e-04	0.5378
4529	-108.9870	-108.9870	-77.9852	0.7155	76.0995	0.6986	1.6e-04	0.5368
4530	-108.9827	-108.9827	-76.3718	0.7008	77.7151	0.7134	1.6e-04	0.5368
4531	-108.9905	-108.9905	-76.6861	0.7036	77.4009	0.7105	1.6e-04	0.5396
4532	-108.9818	-108.9818	-77.5566	0.7116	76.5145	0.7025	1.6e-04	0.5397
4533	-108.9835	-108.9835	-76.9203	0.7058	77.1519	0.7082	1.6e-04	0.5376
4534	-108.9924	-108.9924	-77.3373	0.7096	76.7643	0.7046	1.6e-04	0.5381
4535	-108.9977	-108.9977	-76.8166	0.7048	77.2731	0.7093	1.6e-04	0.5378
4536	-108.9945	-108.9945	-76.6371	0.7031	77.4657	0.7111	1.6e-04	0.5384
4537	-108.9932	-108.9932	-76.9841	0.7063	77.0812	0.7075	1.6e-04	0.5382
4538	-108.9855	-108.9855	-75.6413	0.6940	78.4222	0.7199	1.6e-04	0.5388
4539	-108.9810	-108.9810	-76.8602	0.7053	77.2197	0.7089	1.6e-04	0.5377
4540	-108.9874	-108.9874	-77.2554	0.7088	76.8438	0.7054	1.6e-04	0.5385
4541	-108.9889	-108.9889	-77.3191	0.7094	76.7522	0.7045	1.6e-04	0.5368
4542	-108.9883	-108.9883	-77.4177	0.7103	76.6620	0.7038	1.6e-04	0.5372
4543	-108.9878	-108.9878	-77.2290	0.7086	76.8175	0.7052	1.6e-04	0.5389
4544	-108.9948	-108.9948	-77.5565	0.7116	76.5447	0.7026	1.6e-04	0.5388
4545	-108.9801	-108.9801	-77.3053	0.7094	76.7875	0.7048	1.6e-04	0.5366
4546	-108.9936	-108.9936	-77.2580	0.7088	76.8506	0.7054	1.6e-04	0.5376
4547	-108.9825	-108.9825	-76.7506	0.7042	77.3356	0.7099	1.6e-04	0.5375
4548	-108.9669	-108.9669	-77.6004	0.7121	76.4590	0.7020	1.6e-04	0.5392
4549	-108.9955	-108.9955	-77.3134	0.7093	76.7671	0.7047	1.6e-04	0.5383
4550	-108.9905	-108.9905	-76.7752	0.7044	77.2902	0.7096	1.6e-04	0.5397
4551	-108.9693	-108.9693	-78.4728	0.7201	75.5725	0.6938	1.6e-04	0.5378
4552	-108.9886	-108.9886	-76.9532	0.7061	77.1216	0.7079	1.6e-04	0.5388
4553	-108.9920	-108.9920	-77.1496	0.7078	76.9470	0.7064	1.6e-04	0.5380
4554	-108.9974	-108.9974	-77.8024	0.7138	76.2408	0.6999	1.6e-04	0.5384
4555	-108.9946	-108.9946	-76.6411	0.7032	77.4588	0.7110	1.6e-04	0.5386
4556	-109.0002	-109.0002	-78.0598	0.7161	76.0342	0.6979	1.6e-04	0.5394
4557	-108.9928	-108.9928	-76.9046	0.7056	77.1757	0.7085	1.6e-04	0.5372
4558	-108.9824	-108.9824	-77.7672	0.7136	76.3067	0.7006	1.6e-04	0.5378
4559	-108.9920	-108.9920	-77.8131	0.7139	76.2770	0.7002	1.6e-04	0.5380
4560	-108.9964	-108.9964	-77.7000	0.7129	76.3920	0.7011	1.6e-04	0.5376
4561	-108.9838	-108.9838	-77.7711	0.7136	76.3012	0.7004	1.6e-04	0.5387
4562	-108.9757	-108.9757	-77.3728	0.7100	76.7110	0.7042	1.6e-04	0.5403
4563	-108.9943	-108.9943	-77.5654	0.7116	76.5279	0.7025	1.6e-04	0.5379
4564	-108.9920	-108.9920	-77.8062	0.7139	76.2328	0.6998	1.6e-04	0.5380
4565	-108.9856	-108.9856	-77.4081	0.7103	76.6741	0.7039	1.6e-04	0.5365
4566	-108.9806	-108.9806	-77.2613	0.7089	76.8240	0.7053	1.6e-04	0.5381
4567	-108.9666	-108.9666	-79.0019	0.7250	75.0223	0.6887	1.6e-04	0.5404
4568	-108.9863	-108.9863	-76.3023	0.7001	77.7823	0.7140	1.6e-04	0.5396
4569	-108.9676	-108.9676	-77.0053	0.7067	77.0568	0.7075	1.6e-04	0.5382
4570	-109.0001	-109.0001	-76.8910	0.7054	77.2192	0.7088	1.6e-04	0.5383
4571	-108.9869	-108.9869	-77.0545	0.7070	77.0194	0.7071	1.6e-04	0.5379
4572	-108.9987	-108.9987	-76.8125	0.7047	77.2976	0.7095	1.6e-04	0.5382
4573	-108.9837	-108.9837	-76.5760	0.7026	77.4697	0.7112	1.6e-04	0.5381
4574	-108.9802	-108.9802	-76.8960	0.7056	77.1798	0.7085	1.6e-04	0.5404
4575	-108.9940	-108.9940	-76.7008	0.7037	77.4001	0.7105	1.6e-04	0.5387
4576	-108.9977	-108.9977	-77.8640	0.7144	76.2246	0.6997	1.6e-04	0.5397
4577	-108.9867	-108.9867	-77.1286	0.7077	76.9670	0.7065	1.6e-04	0.5393
4578	-108.9937	-108.9937	-76.4281	0.7012	77.6718	0.7129	1.6e-04	0.5387
4579	-108.9852	-108.9852	-77.0264	0.7068	77.0549	0.7073	1.6e-04	0.5396
4580	-108.9881	-108.9881	-77.3367	0.7096	76.7516	0.7046	1.6e-04	0.5401
4581	-108.9901	-108.9901	-76.7149	0.7039	77.3617	0.7102	1.6e-04	0.5376
4582	-109.0063	-109.0063	-76.7446	0.7040	77.3605	0.7101	1.6e-04	0.5381
4583	-108.9891	-108.9891	-77.2315	0.7086	76.8595	0.7056	1.6e-04	0.5384
4584	-108.9793	-108.9793	-77.2874	0.7092	76.7994	0.7050	1.6e-04	0.5376
4585	-109.0026	-109.0026	-77.2901	0.7091	76.8229	0.7051	1.6e-04	0.5387
4586	-108.9803	-108.9803	-76.8444	0.7051	77.2401	0.7091	1.6e-04	0.5391
4587	-108.9853	-108.9853	-77.1802	0.7082	76.9095	0.7060	1.6e-04	0.5368
4588	-108.9816	-108.9816	-77.4585	0.7107	76.6303	0.7034	1.6e-04	0.5379
4589	-108.9943	-108.9943	-76.3829	0.7008	77.6816	0.7132	1.6e-04	0.5381
4590	-108.9888	-108.9888	-76.6113	0.7029	77.4806	0.7112	1.6e-04	0.5376
4591	-108.9916	-108.9916	-76.3398	0.7004	77.7436	0.7137	1.6e-04	0.5381
4592	-108.9912	-108.9912	-77.2099	0.7084	76.8925	0.7058	1.6e-04	0.5396
4593	-108.9959	-108.9959	-76.6514	0.7033	77.4357	0.7108	1.6e-04	0.5389
4594	-108.9887	-108.9887	-77.5046	0.7111	76.5838	0.7030	1.6e-04	0.5398
4595	-108.9921	-108.9921	-76.4054	0.7010	77.6926	0.7131	1.6e-04	0.5373
4596	-108.9858	-108.9858	-76.5605	0.7025	77.5251	0.7116	1.6e-04	0.5381
4597	-109.0157	-109.0157	-77.2609	0.7087	76.8556	0.7054	1.6e-04	0.5379
4598	-108.9768	-108.9768	-77.1066	0.7076	76.9763	0.7066	1.6e-04	0.5393
4599	-108.9975	-108.9975	-77.2698	0.7089	76.8283	0.7053	1.6e-04	0.5381
4600	-108.9988	-108.9988	-77.1381	0.7077	76.9667	0.7065	1.6e-04	0.5390
4601	-108.9634	-108.9634	-76.9259	0.7060	77.1305	0.7082	1.6e-04	0.5355
4602	-109.0085	-109.0085	-77.0643	0.7070	77.0204	0.7070	1.6e-04	0.5387
4603	-108.9855	-108.9855	-76.9104	0.7057	77.1820	0.7084	1.6e-04	0.5392
4604	-108.9732	-108.9732	-77.5719	0.7118	76.4902	0.7022	1.6e-04	0.5398
4605	-108.9944	-108.9944	-77.3982	0.7101	76.7118	0.7041	1.6e-04	0.5381
4606	-108.9890	-108.9890	-77.6210	0.7122	76.4388	0.7016	1.6e-04	0.5377
4607	-108.9708	-108.9708	-76.7969	0.7047	77.2758	0.7094	1.6e-04	0.5371
4608	-108.9918	-108.9918	-78.0226	0.7159	76.0636	0.6982	1.6e-04	0.5379
4609	-108.9839	-108.9839	-77.0574	0.7071	77.0339	0.7071	1.6e-04	0.5396
4610	-108.9851	-108.9851	-77.9186	0.7149	76.1576	0.6991	1.6e-04	0.5413
4611	-108.9929	-108.9929	-77.1694	0.7080	76.9251	0.7062	1.6e-04	0.5388
4612	-108.9695	-108.9695	-77.5701	0.7119	76.4959	0.7023	1.6e-04	0.5402
4613	-108.9800	-108.9800	-77.8933	0.7147	76.1904	0.6994	1.6e-04	0.5385
4614	-108.9870	-108.9870	-78.1979	0.7175	75.8574	0.6964	1.6e-04	0.5384
4615	-108.9764	-108.9764	-78.2324	0.7179	75.8244	0.6961	1.6e-04	0.5392
4616	-108.9928	-108.9928	-77.2864	0.7091	76.7995	0.7051	1.6e-04	0.5398
4617	-108.9773	-108.9773	-77.9211	0.7150	76.1421	0.6990	1.6e-04	0.5395
4618	-108.9872	-108.9872	-78.0900	0.7165	75.9815	0.6975	1.6e-04	0.5398
4619	-109.0054	-109.0054	-76.7156	0.7038	77.3818	0.7103	1.6e-04	0.5384
4620	-108.9908	-108.9908	-77.6474	0.7124	76.4187	0.7016	1.6e-04	0.5406
4621	-108.9823	-108.9823	-76.8480	0.7051	77.2329	0.7091	1.6e-04	0.5408
4622	-108.9878	-108.9878	-77.7092	0.7130	76.3773	0.7012	1.6e-04	0.5389
4623	-108.9818	-108.9818	-77.2760	0.7091	76.7991	0.7051	1.6e-04	0.5386
4624	-108.9940	-108.9940	-76.9540	0.7060	77.1434	0.7081	1.6e-04	0.5380
4625	-108.9836	-108.9836	-76.8774	0.7054	77.1888	0.7086	1.6e-04	0.5378
4626	-108.9906	-108.9906	-77.3669	0.7098	76.7362	0.7044	1.6e-04	0.5391
4627	-108.9961	-108.9961	-78.0076	0.7157	76.0802	0.6984	1.6e-04	0.5391
4628	-108.9959	-108.9959	-76.8259	0.7049	77.2692	0.7093	1.6e-04	0.5388
4629	-108.9881	-108.9881	-75.7279	0.6948	78.3427	0.7192	1.6e-04	0.5379
4630	-108.9997	-108.9997	-76.5700	0.7025	77.5318	0.7117	1.6e-04	0.5379
4631	-108.9918	-108.9918	-76.6485	0.7033	77.4227	0.7107	1.6e-04	0.5394
4632	-108.9796	-108.9796	-77.0503	0.7070	77.0217	0.7071	1.6e-04	0.5388
4633	-108.9942	-108.9942	-76.5123	0.7020	77.5631	0.7120	1.6e-04	0.5384
4634	-108.9666	-108.9666	-76.1521	0.6989	77.8859	0.7152	1.6e-04	0.5387
4635	-108.9801	-108.9801	-77.1232	0.7077	76.9528	0.7065	1.6e-04	0.5376
4636	-108.9771	-108.9771	-76.8517	0.7052	77.1972	0.7087	1.6e-04	0.5381
4637	-108.9965	-108.9965	-76.5395	0.7022	77.5638	0.7119	1.6e-04	0.5380
4638	-108.9861	-108.9861	-76.4044	0.7010	77.6878	0.7131	1.6e-04	0.5383
4639	-108.9983	-108.9983	-76.1054	0.6982	77.9737	0.7157	1.6e-04	0.5389
4640	-108.9872	-108.9873	-75.1497	0.6895	78.8686	0.7240	1.6e-04	0.5397
4641	-108.9572	-108.9572	-76.6629	0.7036	77.3531	0.7102	1.6e-04	0.5378
4642	-108.9729	-108.9729	-76.0278	0.6977	78.0452	0.7164	1.6e-04	0.5376
4643	-109.0065	-109.0065	-76.3818	0.7007	77.7243	0.7134	1.6e-04	0.5366
4644	-108.9851	-108.9851	-76.3329	0.7004	77.7044	0.7134	1.6e-04	0.5389
4645	-108.9833	-108.9834	-75.8727	0.6962	78.1900	0.7179	1.6e-04	0.5402
4646	-108.9910	-108.9910	-76.0208	0.6975	78.0601	0.7166	1.6e-04	0.5397
4647	-108.9854	-108.9854	-76.6293	0.7031	77.4667	0.7111	1.6e-04	0.5374
4648	-108.9794	-108.9794	-76.1132	0.6984	77.9397	0.7156	1.6e-04	0.5381
4649	-108.9943	-108.9944	-75.3992	0.6918	78.6652	0.7221	1.6e-04	0.5378
4650	-108.9903	-108.9903	-76.1119	0.6983	77.9736	0.7157	1.6e-04	0.5382
4651	-108.9929	-108.9929	-75.9299	0.6967	78.1430	0.7174	1.6e-04	0.5394
4652	-108.9906	-108.9906	-76.4893	0.7018	77.6108	0.7124	1.6e-04	0.5381
4653	-108.9865	-108.9865	-76.0199	0.6975	78.0631	0.7166	1.6e-04	0.5385
4654	-109.0011	-109.0011	-76.6322	0.7030	77.4711	0.7111	1.6e-04	0.5384
4655	-108.9845	-108.9845	-76.3491	0.7005	77.6718	0.7131	1.6e-04	0.5376
4656	-109.0011	-109.0011	-76.2508	0.6995	77.8437	0.7146	1.6e-04	0.5381
4657	-108.9902	-108.9902	-76.1087	0.6983	77.9528	0.7156	1.6e-04	0.5388
4658	-108.9904	-108.9904	-76.4798	0.7017	77.6069	0.7124	1.6e-04	0.5390
4659	-108.9838	-108.9839	-75.3580	0.6915	78.6929	0.7224	1.6e-04	0.5387
4660	-108.9694	-108.9694	-75.6781	0.6945	78.3624	0.7194	1.6e-04	0.5390
4661	-108.9914	-108.9914	-76.0134	0.6974	78.0669	0.7167	1.6e-04	0.5384
4662	-108.9798	-108.9798	-75.7660	0.6952	78.2981	0.7188	1.6e-04	0.5388
4663	-108.9808	-108.9808	-75.9735	0.6971	78.0884	0.7169	1.6e-04	0.5386
4664	-108.9803	-108.9804	-75.2040	0.6901	78.8394	0.7237	1.6e-04	0.5399
4665	-109.0147	-109.0147	-76.5526	0.7022	77.5673	0.7120	1.6e-04	0.5377
4666	-108.9809	-108.9809	-76.1542	0.6988	77.9183	0.7153	1.6e-04	0.5379
4667	-108.9816	-108.9816	-76.3788	0.7008	77.7122	0.7133	1.6e-04	0.5375
4668	-108.9881	-108.9882	-75.6097	0.6937	78.4495	0.7201	1.6e-04	0.5385
4669	-108.9798	-108.9798	-75.8818	0.6963	78.1800	0.7178	1.6e-04	0.5391
4670	-108.9862	-108.9862	-76.3513	0.7006	77.7488	0.7136	1.6e-04	0.5381
4671	-108.9768	-108.9768	-75.4971	0.6928	78.5512	0.7211	1.6e-04	0.5387
4672	-108.9615	-108.9615	-76.1990	0.6993	77.8552	0.7148	1.6e-04	0.5395
4673	-108.9696	-108.9696	-75.8002	0.6956	78.2582	0.7184	1.6e-04	0.5389
4674	-108.9905	-108.9905	-75.6464	0.6941	78.4115	0.7199	1.6e-04	0.5418
4675	-108.9910	-108.9910	-76.3222	0.7003	77.7658	0.7139	1.6e-04	0.5383
4676	-108.9787	-108.9788	-75.7833	0.6954	78.2551	0.7184	1.6e-04	0.5383
4677	-108.9869	-108.9870	-75.5223	0.6929	78.5406	0.7210	1.5e-04	0.5381
4678	-108.9951	-108.9952	-75.7560	0.6950	78.2994	0.7188	1.5e-04	0.5393
4679	-108.9869	-108.9869	-76.6674	0.7035	77.4155	0.7107	1.5e-04	0.5393
4680	-108.9797	-108.9798	-75.6847	0.6945	78.3529	0.7193	1.5e-04	0.5392
4681	-108.9775	-108.9775	-76.8021	0.7048	77.2768	0.7094	1.5e-04	0.5387
4682	-108.9829	-108.9829	-76.6171	0.7030	77.4734	0.7111	1.5e-04	0.5391
4683	-109.0088	-109.0088	-76.5585	0.7023	77.5270	0.7116	1.5e-04	0.5401
4684	-108.9758	-108.9758	-76.7935	0.7047	77.2773	0.7095	1.5e-04	0.5401
4685	-108.9921	-108.9921	-76.6053	0.7029	77.4905	0.7113	1.5e-04	0.5386
4686	-108.9849	-108.9849	-76.3098	0.7002	77.7659	0.7139	1.5e-04	0.5381
4687	-108.9887	-108.9887	-75.9416	0.6968	78.1460	0.7173	1.5e-04	0.5379
4688	-108.9889	-108.9889	-76.6669	0.7034	77.4275	0.7108	1.5e-04	0.5388
4689	-108.9927	-108.9927	-75.7608	0.6951	78.2915	0.7187	1.5e-04	0.5378
4690	-108.9875	-108.9875	-76.1672	0.6989	77.8910	0.7149	1.5e-04	0.5393
4691	-108.9735	-108.9735	-76.7755	0.7045	77.3010	0.7096	1.5e-04	0.5401
4692	-108.9784	-108.9784	-75.9348	0.6968	78.1273	0.7173	1.5e-04	0.5402
4693	-108.9879	-108.9879	-76.5723	0.7026	77.5225	0.7116	1.5e-04	0.5390
4694	-108.9739	-108.9740	-75.4175	0.6921	78.6211	0.7218	1.5e-04	0.5393
4695	-108.9887	-108.9887	-76.4423	0.7014	77.6521	0.7128	1.5e-04	0.5386
4696	-108.9861	-108.9861	-77.7345	0.7133	76.3423	0.7008	1.5e-04	0.5397
4697	-108.9885	-108.9885	-77.0560	0.7070	77.0394	0.7072	1.5e-04	0.5381
4698	-108.9899	-108.9899	-76.0048	0.6974	78.0891	0.7167	1.5e-04	0.5386
4699	-109.0024	-109.0024	-76.7874	0.7045	77.3025	0.7096	1.5e-04	0.5379
4700	-108.9885	-108.9885	-76.9681	0.7062	77.1182	0.7079	1.5e-04	0.5389
4701	-109.0025	-109.0025	-76.9220	0.7057	77.1651	0.7083	1.5e-04	0.5367
4702	-108.9943	-108.9943	-77.0351	0.7068	77.0656	0.7074	1.5e-04	0.5398
4703	-108.9729	-108.9729	-77.1599	0.7081	76.9232	0.7061	1.5e-04	0.5380
4704	-108.9910	-108.9910	-77.7252	0.7131	76.3646	0.7010	1.5e-04	0.5385
4705	-108.9997	-108.9997	-77.1257	0.7076	76.9797	0.7065	1.5e-04	0.5378
4706	-108.9942	-108.9942	-76.4024	0.7010	77.7003	0.7132	1.5e-04	0.5388
4707	-108.9895	-108.9895	-76.6296	0.7031	77.4511	0.7110	1.5e-04	0.5394
4708	-109.0048	-109.0048	-76.7978	0.7045	77.2756	0.7093	1.5e-04	0.5406
4709	-108.9985	-108.9985	-76.6637	0.7033	77.4184	0.7106	1.5e-04	0.5402
4710	-108.9844	-108.9844	-77.4720	0.7109	76.6222	0.7033	1.5e-04	0.5397
4711	-108.9802	-108.9802	-76.6626	0.7035	77.4167	0.7107	1.5e-04	0.5401
4712	-108.9833	-108.9833	-77.3195	0.7095	76.7488	0.7046	1.5e-04	0.5388
4713	-108.9968	-108.9968	-77.4170	0.7103	76.6786	0.7039	1.5e-04	0.5396
4714	-108.9768	-108.9768	-77.8215	0.7141	76.2581	0.7000	1.5e-04	0.5400
4715	-108.9919	-108.9919	-77.5724	0.7117	76.5288	0.7025	1.5e-04	0.5387
4716	-108.9995	-108.9995	-77.1546	0.7078	76.9430	0.7063	1.5e-04	0.5393
4717	-108.9762	-108.9762	-77.4618	0.7108	76.7239	0.7033	1.5e-04	0.5383
4718	-108.9839	-108.9839	-78.2243	0.7178	75.8469	0.6963	1.5e-04	0.5391
4719	-108.9967	-108.9967	-78.3612	0.7189	75.7012	0.6948	1.5e-04	0.5390
4720	-108.9958	-108.9958	-79.0682	0.7254	74.9865	0.6883	1.5e-04	0.5402
4721	-108.9812	-108.9812	-77.7051	0.7130	76.3611	0.7010	1.5e-04	0.5395
4722	-108.9830	-108.9830	-78.2606	0.7181	75.8076	0.6959	1.5e-04	0.5383
4723	-108.9802	-108.9802	-78.4473	0.7198	75.6042	0.6941	1.5e-04	0.5386
4724	-108.9776	-108.9776	-79.1378	0.7262	74.8908	0.6875	1.5e-04	0.5378
4725	-108.9841	-108.9841	-79.2319	0.7270	74.7655	0.6865	1.5e-04	0.5390
4726	-108.9775	-108.9775	-79.0983	0.7258	74.9130	0.6877	1.5e-04	0.5404
4727	-108.9833	-108.9833	-78.6479	0.7217	75.4090	0.6923	1.5e-04	0.5396
4728	-108.9864	-108.9864	-78.5394	0.7206	75.5153	0.6932	1.5e-04	0.5387
4729	-108.9927	-108.9927	-79.2074	0.7267	74.8160	0.6869	1.5e-04	0.5379
4730	-108.9976	-108.9976	-79.0188	0.7250	75.0346	0.6888	1.5e-04	0.5393
4731	-108.9878	-108.9878	-78.8004	0.7230	75.2475	0.6908	1.5e-04	0.5385
4732	-108.9743	-108.9743	-78.5573	0.7209	75.4761	0.6930	1.5e-04	0.5378
4733	-108.9931	-108.9931	-78.5075	0.7203	75.5515	0.6936	1.5e-04	0.5376
4734	-108.9901	-108.9901	-78.1512	0.7170	75.9284	0.6970	1.5e-04	0.5378
4735	-108.9825	-108.9825	-79.0646	0.7255	74.9656	0.6882	1.5e-04	0.5381
4736	-108.9870	-108.9870	-78.7526	0.7226	75.2934	0.6913	1.5e-04	0.5385
4737	-108.9705	-108.9705	-78.7451	0.7226	75.2863	0.6912	1.5e-04	0.5392
4738	-108.9870	-108.9870	-78.4913	0.7202	75.5705	0.6938	1.5e-04	0.5398
4739	-108.9863	-108.9863	-79.1964	0.7267	74.8077	0.6868	1.5e-04	0.5395
4740	-108.9825	-108.9825	-78.2898	0.7184	75.7650	0.6956	1.5e-04	0.5402
4741	-108.9980	-108.9980	-78.5937	0.7211	75.4807	0.6929	1.5e-04	0.5398
4742	-108.9732	-108.9732	-78.4704	0.7201	75.5636	0.6937	1.5e-04	0.5390
4743	-108.9906	-108.9906	-77.4881	0.7110	76.5841	0.7031	1.5e-04	0.5390
4744	-108.9884	-108.9884	-78.1507	0.7171	75.9247	0.6970	1.5e-04	0.5389
4745	-108.9848	-108.9848	-78.2484	0.7180	75.8164	0.6960	1.5e-04	0.5391
4746	-108.9910	-108.9910	-78.8507	0.7235	75.1922	0.6903	1.5e-04	0.5386
4747	-108.9865	-108.9865	-78.2573	0.7180	75.8072	0.6960	1.5e-04	0.5392
4748	-108.9876	-108.9876	-77.7561	0.7134	76.3268	0.7007	1.5e-04	0.5396
4749	-108.9807	-108.9807	-77.3258	0.7095	76.7271	0.7044	1.5e-04	0.5386
4750	-108.9918	-108.9918	-77.4478	0.7106	76.6441	0.7036	1.5e-04	0.5388
4751	-108.9951	-108.9951	-77.5050	0.7111	76.5948	0.7031	1.5e-04	0.5380
4752	-108.9772	-108.9772	-77.2607	0.7090	76.8130	0.7052	1.5e-04	0.5377
4753	-108.9927	-108.9927	-77.4276	0.7104	76.6478	0.7036	1.5e-04	0.5389
4754	-108.9959	-108.9959	-77.7571	0.7134	76.3394	0.7007	1.5e-04	0.5403
4755	-108.9817	-108.9817	-77.5329	0.7114	76.5406	0.7027	1.5e-04	0.5392
4756	-108.9910	-108.9910	-77.7864	0.7137	76.2940	0.7005	1.5e-04	0.5401
4757	-108.9891	-108.9891	-77.6788	0.7127	76.3927	0.7014	1.5e-04	0.5382
4758	-108.9768	-108.9768	-78.2056	0.7176	75.8575	0.6964	1.5e-04	0.5388
4759	-108.9951	-108.9951	-77.8919	0.7146	76.2081	0.6995	1.5e-04	0.5378
4760	-108.9924	-108.9924	-78.2130	0.7176	75.8563	0.6964	1.5e-04	0.5395
4761	-108.9812	-108.9812	-77.1571	0.7080	76.9259	0.7062	1.5e-04	0.5397
4762	-108.9884	-108.9884	-77.0767	0.7072	77.0074	0.7070	1.5e-04	0.5401
4763	-108.9965	-108.9965	-77.8608	0.7143	76.1976	0.6994	1.5e-04	0.5388
4764	-108.9697	-108.9697	-77.5685	0.7118	76.4586	0.7020	1.5e-04	0.5387
4765	-108.9777	-108.9777	-77.7834	0.7138	76.2812	0.7004	1.5e-04	0.5380
4766	-108.9666	-108.9666	-77.1540	0.7081	76.8902	0.7059	1.5e-04	0.5378
4767	-109.0012	-109.0012	-76.7266	0.7039	77.3742	0.7103	1.5e-04	0.5395
4768	-108.9828	-108.9828	-76.5948	0.7028	77.4879	0.7113	1.5e-04	0.5395
4769	-108.9811	-108.9811	-78.3351	0.7188	75.7336	0.6952	1.5e-04	0.5390
4770	-108.9804	-108.9804	-77.2271	0.7086	76.8591	0.7056	1.5e-04	0.5390
4771	-109.0047	-109.0047	-77.6345	0.7122	76.4607	0.7019	1.5e-04	0.5385
4772	-108.9825	-108.9825	-77.4075	0.7103	76.6531	0.7038	1.5e-04	0.5388
4773	-108.9877	-108.9877	-77.4968	0.7111	76.5873	0.7031	1.5e-04	0.5396
4774	-108.9911	-108.9911	-77.7787	0.7136	76.2867	0.7004	1.5e-04	0.5399
4775	-108.9959	-108.9959	-77.1271	0.7076	76.9571	0.7065	1.5e-04	0.5387
4776	-108.9848	-108.9848	-76.8367	0.7050	77.2502	0.7092	1.5e-04	0.5403
4777	-108.9934	-108.9934	-77.3335	0.7095	76.7553	0.7045	1.5e-04	0.5407
4778	-108.9978	-108.9978	-76.9046	0.7056	77.1821	0.7086	1.5e-04	0.5393
4779	-108.9882	-108.9882	-78.0573	0.7162	76.0223	0.6979	1.5e-04	0.5392
4780	-108.9767	-108.9767	-76.8575	0.7053	77.2144	0.7089	1.5e-04	0.5388
4781	-108.9830	-108.9830	-78.4736	0.7201	75.5839	0.6938	1.5e-04	0.5380
4782	-108.9809	-108.9809	-76.8607	0.7053	77.2238	0.7089	1.5e-04	0.5373
4783	-108.9884	-108.9884	-75.9845	0.6972	78.0654	0.7166	1.5e-04	0.5376
4784	-108.9824	-108.9824	-76.6821	0.7036	77.4118	0.7106	1.5e-04	0.5380
4785	-108.9773	-108.9773	-77.0826	0.7073	76.9919	0.7069	1.5e-04	0.5386
4786	-108.9853	-108.9853	-77.3336	0.7096	76.7476	0.7046	1.5e-04	0.5387
4787	-108.9875	-108.9875	-76.8965	0.7056	77.1798	0.7086	1.5e-04	0.5380
4788	-108.9750	-108.9750	-76.3876	0.7010	77.6455	0.7130	1.5e-04	0.5374
4789	-108.9837	-108.9837	-76.2489	0.6996	77.8342	0.7145	1.5e-04	0.5388
4790	-108.9835	-108.9835	-77.5672	0.7117	76.5147	0.7024	1.5e-04	0.5401
4791	-108.9933	-108.9933	-77.0736	0.7071	77.0173	0.7071	1.5e-04	0.5387
4792	-108.9921	-108.9921	-76.4209	0.7012	77.6626	0.7129	1.5e-04	0.5391
4793	-108.9807	-108.9807	-77.0671	0.7072	77.0155	0.7070	1.5e-04	0.5386
4794	-108.9826	-108.9826	-76.9324	0.7059	77.1628	0.7083	1.5e-04	0.5383
4795	-108.9799	-108.9799	-76.8489	0.7052	77.2170	0.7088	1.5e-04	0.5390
4796	-108.9849	-108.9849	-76.8007	0.7047	77.2768	0.7094	1.5e-04	0.5407
4797	-108.9746	-108.9746	-77.3780	0.7101	76.6846	0.7040	1.5e-04	0.5395
4798	-108.9852	-108.9852	-78.0696	0.7163	76.0069	0.6978	1.5e-04	0.5398
4799	-108.9955	-108.9955	-77.3005	0.7092	76.7920	0.7049	1.5e-04	0.5377
4800	-108.9815	-108.9815	-76.5207	0.7021	77.5563	0.7120	1.5e-04	0.5374
4801	-108.9942	-108.9942	-76.6458	0.7032	77.4254	0.7107	1.5e-04	0.5361
4802	-108.9879	-108.9879	-77.0755	0.7072	77.0209	0.7070	1.5e-04	0.5402
4803	-108.9693	-108.9693	-77.3878	0.7102	76.6657	0.7039	1.5e-04	0.5398
4804	-108.9937	-108.9937	-77.1159	0.7075	76.9844	0.7067	1.5e-04	0.5397
4805	-108.9955	-108.9955	-76.9096	0.7056	77.1984	0.7086	1.5e-04	0.5379
4806	-108.9975	-108.9975	-76.8216	0.7048	77.2547	0.7092	1.5e-04	0.5392
4807	-108.9850	-108.9850	-77.4161	0.7103	76.6619	0.7039	1.5e-04	0.5385
4808	-108.9917	-108.9917	-76.9071	0.7056	77.1834	0.7086	1.5e-04	0.5377
4809	-108.9876	-108.9876	-77.2341	0.7087	76.8415	0.7054	1.5e-04	0.5380
4810	-108.9745	-108.9745	-77.1905	0.7083	76.8957	0.7059	1.5e-04	0.5405
4811	-108.9752	-108.9752	-77.2157	0.7086	76.8549	0.7056	1.5e-04	0.5390
4812	-108.9994	-108.9994	-76.2443	0.6995	77.8281	0.7145	1.5e-04	0.5393
4813	-108.9782	-108.9782	-77.2039	0.7084	76.8447	0.7055	1.5e-04	0.5398
4814	-109.0075	-109.0075	-76.6186	0.7029	77.4848	0.7112	1.5e-04	0.5399
4815	-108.9762	-108.9762	-76.6013	0.7029	77.4801	0.7112	1.5e-04	0.5442
4816	-108.9932	-108.9932	-77.2137	0.7084	76.8887	0.7058	1.5e-04	0.5392
4817	-109.0031	-109.0031	-77.7331	0.7131	76.3705	0.7010	1.5e-04	0.5386
4818	-108.9974	-108.9974	-77.0175	0.7066	77.0714	0.7075	1.5e-04	0.5391
4819	-108.9938	-108.9938	-76.7162	0.7039	77.3594	0.7101	1.5e-04	0.5373
4820	-108.9832	-108.9832	-76.7728	0.7044	77.3082	0.7098	1.5e-04	0.5383
4821	-108.9965	-108.9965	-77.0746	0.7071	77.0159	0.7069	1.5e-04	0.5390
4822	-109.0059	-109.0059	-77.7642	0.7134	76.2648	0.7002	1.5e-04	0.5401
4823	-108.9908	-108.9908	-77.6057	0.7120	76.4782	0.7021	1.5e-04	0.5385
4824	-108.9875	-108.9875	-76.8107	0.7048	77.2630	0.7094	1.5e-04	0.5388
4825	-108.9803	-108.9803	-77.4900	0.7110	76.5894	0.7031	1.5e-04	0.5388
4826	-108.9775	-108.9775	-77.1475	0.7079	76.9352	0.7063	1.5e-04	0.5392
4827	-108.9935	-108.9935	-76.7689	0.7043	77.3247	0.7098	1.5e-04	0.5398
4828	-108.9800	-108.9801	-75.7325	0.6949	78.3101	0.7190	1.5e-04	0.5390
4829	-108.9868	-108.9868	-76.5436	0.7023	77.5080	0.7115	1.5e-04	0.5386
4830	-108.9880	-108.9881	-76.0104	0.6974	78.0655	0.7166	1.5e-04	0.5382
4831	-108.9882	-108.9882	-76.3407	0.7004	77.7303	0.7137	1.5e-04	0.5400
4832	-108.9875	-108.9876	-75.1944	0.6899	78.8579	0.7239	1.5e-04	0.5404
4833	-109.0055	-109.0055	-76.5890	0.7026	77.5271	0.7115	1.5e-04	0.5387
4834	-108.9785	-108.9785	-76.4990	0.7020	77.5792	0.7122	1.5e-04	0.5392
4835	-108.9861	-108.9861	-76.9953	0.7065	77.0955	0.7077	1.5e-04	0.5380
4836	-108.9850	-108.9850	-77.2161	0.7085	76.8683	0.7056	1.5e-04	0.5401
4837	-108.9964	-108.9964	-76.8086	0.7047	77.2540	0.7092	1.5e-04	0.5386
4838	-108.9944	-108.9944	-76.6483	0.7032	77.4474	0.7109	1.5e-04	0.5387
4839	-108.9856	-108.9856	-77.2988	0.7093	76.7757	0.7048	1.5e-04	0.5378
4840	-108.9896	-108.9896	-76.9412	0.7059	77.1242	0.7080	1.5e-04	0.5386
4841	-108.9792	-108.9792	-77.2743	0.7091	76.7934	0.7051	1.5e-04	0.5381
4842	-108.9806	-108.9806	-77.1690	0.7081	76.9080	0.7060	1.5e-04	0.5404
4843	-108.9814	-108.9814	-76.7087	0.7039	77.3521	0.7102	1.5e-04	0.5395
4844	-108.9791	-108.9791	-77.2869	0.7092	76.7847	0.7049	1.5e-04	0.5399
4845	-108.9948	-108.9948	-76.7361	0.7040	77.3620	0.7102	1.5e-04	0.5392
4846	-108.9884	-108.9884	-77.7938	0.7138	76.2880	0.7003	1.5e-04	0.5386
4847	-108.9968	-108.9968	-77.4316	0.7104	76.6485	0.7037	1.5e-04	0.5388
4848	-108.9723	-108.9723	-77.5066	0.7113	76.5541	0.7029	1.5e-04	0.5381
4849	-108.9907	-108.9907	-76.7321	0.7040	77.3456	0.7100	1.5e-04	0.5389
4850	-108.9880	-108.9880	-76.4839	0.7018	77.6001	0.7124	1.5e-04	0.5389
4851	-108.9896	-108.9896	-76.0901	0.6981	77.9926	0.7160	1.5e-04	0.5381
4852	-108.9940	-108.9940	-77.3341	0.7095	76.7360	0.7044	1.5e-04	0.5391
4853	-108.9835	-108.9835	-77.5790	0.7118	76.5007	0.7023	1.5e-04	0.5383
4854	-108.9940	-108.9940	-76.2584	0.6997	77.8330	0.7145	1.5e-04	0.5387
4855	-108.9915	-108.9915	-77.2789	0.7090	76.8057	0.7051	1.5e-04	0.5374
4856	-108.9882	-108.9882	-77.0576	0.7070	77.0272	0.7072	1.5e-04	0.5382
4857	-108.9688	-108.9688	-77.2320	0.7088	76.8213	0.7054	1.5e-04	0.5378
4858	-108.9750	-108.9750	-77.4780	0.7110	76.5955	0.7032	1.5e-04	0.5379
4859	-108.9874	-108.9874	-76.9383	0.7059	77.1477	0.7083	1.5e-04	0.5381
4860	-108.9836	-108.9836	-76.9329	0.7059	77.1496	0.7083	1.5e-04	0.5390
4861	-109.0071	-109.0071	-75.8240	0.6956	78.2580	0.7184	1.5e-04	0.5384
4862	-108.9711	-108.9711	-76.0779	0.6981	77.9774	0.7159	1.5e-04	0.5382
4863	-108.9932	-108.9933	-76.0258	0.6975	78.0170	0.7162	1.5e-04	0.5386
4864	-108.9939	-108.9939	-75.6849	0.6944	78.3846	0.7196	1.5e-04	0.5394
4865	-108.9791	-108.9791	-75.9724	0.6971	78.0991	0.7169	1.5e-04	0.5386
4866	-109.0056	-109.0056	-75.9064	0.6964	78.1896	0.7177	1.5e-04	0.5385
4867	-108.9873	-108.9873	-76.1712	0.6989	77.9094	0.7152	1.5e-04	0.5389
4868	-108.9983	-108.9983	-76.0378	0.6976	78.0558	0.7165	1.5e-04	0.5392
4869	-108.9820	-108.9821	-75.1365	0.6894	78.8986	0.7243	1.5e-04	0.5377
4870	-108.9914	-108.9914	-76.1586	0.6988	77.9276	0.7154	1.5e-04	0.5399
4871	-108.9863	-108.9864	-75.5270	0.6930	78.5314	0.7209	1.5e-04	0.5388
4872	-108.9968	-108.9968	-77.5909	0.7119	76.4970	0.7023	1.5e-04	0.5378
4873	-108.9931	-108.9931	-76.4777	0.7017	77.6145	0.7125	1.5e-04	0.5378
4874	-108.9887	-108.9887	-77.1043	0.7075	76.9775	0.7068	1.5e-04	0.5385
4875	-108.9754	-108.9754	-77.2065	0.7085	76.8651	0.7057	1.5e-04	0.5374
4876	-108.9832	-108.9832	-77.4877	0.7110	76.5794	0.7031	1.5e-04	0.5407
4877	-108.9791	-108.9791	-76.9296	0.7059	77.1464	0.7083	1.5e-04	0.5396
4878	-108.9983	-108.9983	-76.2751	0.6998	77.8275	0.7143	1.5e-04	0.5397
4879	-108.9849	-108.9849	-76.3272	0.7003	77.7439	0.7137	1.5e-04	0.5377
4880	-108.9830	-108.9830	-76.9141	0.7057	77.1741	0.7085	1.5e-04	0.5381
4881	-108.9948	-108.9948	-77.0860	0.7072	77.0104	0.7069	1.5e-04	0.5380
4882	-108.9971	-108.9971	-76.1258	0.6984	77.9657	0.7157	1.5e-04	0.5406
4883	-109.0096	-109.0096	-75.8119	0.6955	78.2933	0.7186	1.5e-04	0.5406
4884	-108.9747	-108.9747	-76.4895	0.7019	77.5784	0.7122	1.5e-04	0.5397
4885	-108.9922	-108.9922	-76.5998	0.7028	77.4947	0.7113	1.5e-04	0.5376
4886	-109.0047	-109.0047	-76.4602	0.7014	77.6314	0.7126	1.5e-04	0.5385
4887	-108.9880	-108.9881	-75.4219	0.6920	78.6363	0.7219	1.5e-04	0.5380
4888	-108.9871	-108.9872	-75.9163	0.6966	78.1567	0.7174	1.5e-04	0.5399
4889	-108.9937	-108.9937	-76.8349	0.7049	77.2463	0.7091	1.5e-04	0.5393
4890	-108.9967	-108.9967	-75.9184	0.6965	78.1486	0.7174	1.5e-04	0.5401
4891	-108.9675	-108.9675	-76.8289	0.7051	77.2369	0.7091	1.5e-04	0.5400
4892	-108.9921	-108.9921	-76.2385	0.6995	77.8545	0.7146	1.5e-04	0.5400
4893	-108.9849	-108.9849	-77.3372	0.7096	76.7343	0.7044	1.5e-04	0.5405
4894	-109.0008	-109.0008	-76.7424	0.7041	77.3517	0.7101	1.5e-04	0.5401
4895	-108.9836	-108.9836	-76.2544	0.6997	77.8201	0.7144	1.5e-04	0.5397
4896	-108.9863	-108.9863	-76.3125	0.7002	77.7697	0.7139	1.5e-04	0.5395
4897	-108.9879	-108.9879	-77.6350	0.7123	76.4243	0.7016	1.5e-04	0.5385
4898	-108.9826	-108.9826	-76.2864	0.7000	77.7281	0.7136	1.5e-04	0.5387
4899	-108.9869	-108.9869	-76.5913	0.7028	77.4837	0.7113	1.5e-04	0.5385
4900	-108.9853	-108.9853	-77.0087	0.7066	77.0778	0.7076	1.5e-04	0.5383
4901	-108.9819	-108.9819	-76.1597	0.6988	77.9012	0.7152	1.5e-04	0.5369
4902	-108.9837	-108.9837	-76.8803	0.7054	77.2092	0.7087	1.5e-04	0.5403
4903	-108.9958	-108.9958	-76.8083	0.7047	77.2967	0.7095	1.5e-04	0.5401
4904	-108.9859	-108.9859	-77.3231	0.7095	76.7573	0.7047	1.5e-04	0.5397
4905	-108.9775	-108.9775	-76.6657	0.7035	77.3828	0.7104	1.5e-04	0.5387
4906	-109.0007	-109.0007	-76.4402	0.7013	77.6363	0.7128	1.5e-04	0.5383
4907	-108.9860	-108.9860	-77.1207	0.7076	76.9581	0.7066	1.5e-04	0.5384
4908	-108.9882	-108.9882	-76.6868	0.7036	77.3883	0.7104	1.5e-04	0.5393
4909	-108.9955	-108.9955	-77.1145	0.7075	76.9796	0.7067	1.5e-04	0.5393
4910	-109.0027	-109.0027	-77.2119	0.7083	76.8832	0.7057	1.5e-04	0.5381
4911	-108.9856	-108.9856	-77.1257	0.7077	76.9559	0.7065	1.5e-04	0.5396
4912	-109.0016	-109.0016	-76.2891	0.6999	77.8097	0.7142	1.5e-04	0.5393
4913	-108.9710	-108.9710	-76.0650	0.6980	77.9825	0.7160	1.5e-04	0.5387
4914	-108.9896	-108.9896	-77.3406	0.7096	76.7529	0.7046	1.5e-04	0.5393
4915	-108.9879	-108.9879	-76.0141	0.6975	78.0529	0.7165	1.5e-04	0.5398
4916	-108.9923	-108.9923	-76.8017	0.7047	77.2957	0.7095	1.5e-04	0.5410
4917	-108.9883	-108.9883	-76.4425	0.7014	77.6387	0.7127	1.5e-04	0.5374
4918	-108.9776	-108.9776	-75.8554	0.6961	78.1980	0.7178	1.5e-04	0.5387
4919	-108.9972	-108.9972	-77.3448	0.7096	76.7595	0.7046	1.5e-04	0.5385
4920	-108.9932	-108.9932	-76.8566	0.7052	77.2384	0.7091	1.5e-04	0.5403
4921	-109.0016	-109.0017	-75.5047	0.6927	78.5677	0.7212	1.5e-04	0.5406
4922	-108.9833	-108.9833	-76.3500	0.7006	77.7342	0.7136	1.5e-04	0.5380
4923	-108.9932	-108.9932	-76.6723	0.7035	77.4177	0.7107	1.5e-04	0.5381
4924	-108.9875	-108.9875	-76.5479	0.7024	77.5471	0.7118	1.5e-04	0.5392
4925	-108.9727	-108.9727	-77.3071	0.7094	76.7754	0.7048	1.5e-04	0.5383
4926	-109.0048	-109.0048	-75.8291	0.6956	78.2184	0.7180	1.5e-04	0.5384
4927	-109.0010	-109.0010	-77.0410	0.7068	77.0502	0.7073	1.5e-04	0.5397
4928	-108.9880	-108.9880	-76.3998	0.7010	77.6899	0.7131	1.5e-04	0.5399
4929	-108.9949	-108.9949	-76.8536	0.7051	77.2325	0.7090	1.5e-04	0.5398
4930	-108.9927	-108.9927	-76.7095	0.7038	77.3781	0.7103	1.5e-04	0.5404
4931	-108.9995	-108.9995	-76.7683	0.7043	77.3113	0.7097	1.5e-04	0.5402
4932	-108.9964	-108.9964	-76.6616	0.7033	77.4382	0.7108	1.5e-04	0.5407
4933	-108.9688	-108.9688	-75.8749	0.6963	78.1658	0.7177	1.5e-04	0.5388
4934	-108.9856	-108.9856	-76.4224	0.7012	77.6450	0.7128	1.5e-04	0.5382
4935	-108.9871	-108.9871	-76.2903	0.7000	77.7826	0.7141	1.5e-04	0.5379
4936	-108.9846	-108.9846	-76.5096	0.7020	77.5693	0.7121	1.5e-04	0.5392
4937	-109.0003	-109.0003	-76.6443	0.7032	77.4536	0.7110	1.5e-04	0.5385
4938	-108.9806	-108.9806	-76.7790	0.7045	77.2877	0.7096	1.5e-04	0.5378
4939	-108.9695	-108.9695	-76.6313	0.7032	77.4331	0.7109	1.5e-04	0.5378
4940	-109.0021	-109.0021	-77.5351	0.7113	76.5659	0.7028	1.5e-04	0.5387
4941	-108.9870	-108.9870	-76.8868	0.7055	77.1956	0.7087	1.5e-04	0.5379
4942	-108.9743	-108.9743	-77.3140	0.7095	76.7425	0.7046	1.5e-04	0.5387
4943	-109.0001	-109.0001	-76.8188	0.7048	77.2767	0.7093	1.5e-04	0.5378
4944	-109.0007	-109.0007	-76.5948	0.7027	77.5131	0.7115	1.5e-04	0.5385
4945	-108.9991	-108.9991	-75.8383	0.6958	78.2557	0.7183	1.5e-04	0.5394
4946	-108.9784	-108.9784	-76.2051	0.6993	77.8668	0.7148	1.5e-04	0.5398
4947	-108.9955	-108.9955	-77.1412	0.7077	76.9480	0.7064	1.5e-04	0.5393
4948	-108.9849	-108.9849	-76.7513	0.7042	77.3205	0.7098	1.5e-04	0.5391
4949	-108.9729	-108.9729	-76.4230	0.7013	77.6446	0.7129	1.5e-04	0.5384
4950	-108.9995	-108.9995	-76.0542	0.6977	78.0040	0.7161	1.5e-04	0.5379
4951	-108.9903	-108.9903	-77.0295	0.7068	77.0638	0.7074	1.5e-04	0.5384
4952	-108.9939	-108.9939	-77.6904	0.7128	76.4023	0.7013	1.5e-04	0.5396
4953	-108.9773	-108.9773	-77.0514	0.7070	77.0209	0.7071	1.5e-04	0.5387
4954	-108.9915	-108.9915	-77.1084	0.7075	76.9830	0.7067	1.5e-04	0.5387
4955	-108.9792	-108.9792	-76.0528	0.6979	78.0242	0.7162	1.5e-04	0.5378
4956	-108.9815	-108.9815	-76.5840	0.7027	77.4887	0.7114	1.5e-04	0.5377
4957	-109.0090	-109.0090	-76.0529	0.6977	78.0511	0.7164	1.5e-04	0.5389
4958	-108.9842	-108.9842	-77.3934	0.7101	76.6722	0.7038	1.5e-04	0.5405
4959	-109.0010	-109.0010	-76.8304	0.7049	77.2782	0.7093	1.5e-04	0.5383
4960	-108.9954	-108.9954	-76.1500	0.6987	77.9429	0.7155	1.5e-04	0.5385
4961	-109.0007	-109.0007	-76.4811	0.7017	77.6196	0.7125	1.5e-04	0.5377
4962	-108.9967	-108.9967	-76.7472	0.7041	77.3496	0.7101	1.5e-04	0.5388
4963	-108.9921	-108.9921	-77.7443	0.7133	76.3521	0.7009	1.5e-04	0.5378
4964	-109.0012	-109.0012	-77.0985	0.7073	77.0025	0.7069	1.5e-04	0.5388
4965	-108.9943	-108.9943	-76.8784	0.7053	77.2236	0.7089	1.5e-04	0.5395
4966	-108.9918	-108.9918	-77.9742	0.7154	76.1091	0.6987	1.5e-04	0.5404
4967	-108.9963	-108.9963	-77.5403	0.7114	76.5657	0.7028	1.5e-04	0.5397
4968	-108.9788	-108.9788	-77.2924	0.7092	76.7836	0.7048	1.5e-04	0.5399
4969	-108.9913	-108.9913	-77.6049	0.7120	76.4643	0.7019	1.5e-04	0.5387
4970	-108.9899	-108.9899	-77.6739	0.7127	76.3843	0.7012	1.5e-04	0.5383
4971	-108.9896	-108.9896	-77.8219	0.7140	76.2514	0.7000	1.5e-04	0.5385
4972	-108.9892	-108.9892	-77.2172	0.7085	76.8510	0.7055	1.5e-04	0.5390
4973	-108.9990	-108.9990	-78.2084	0.7175	75.8539	0.6963	1.5e-04	0.5379
4974	-108.9912	-108.9912	-78.0861	0.7164	75.9846	0.6975	1.5e-04	0.5378
4975	-108.9964	-108.9964	-78.2751	0.7181	75.7788	0.6956	1.5e-04	0.5384
4976	-108.9871	-108.9871	-77.9202	0.7149	76.1688	0.6992	1.5e-04	0.5390
4977	-108.9897	-108.9897	-77.4524	0.7106	76.6355	0.7036	1.5e-04	0.5407
4978	-108.9828	-108.9828	-78.2337	0.7179	75.8247	0.6960	1.5e-04	0.5406
4979	-108.9796	-108.9796	-77.9733	0.7155	76.0865	0.6985	1.5e-04	0.5399
4980	-108.9925	-108.9925	-77.4517	0.7106	76.6459	0.7035	1.5e-04	0.5388
4981	-108.9886	-108.9886	-78.0032	0.7157	76.0674	0.6983	1.5e-04	0.5384
4982	-108.9879	-108.9879	-78.7054	0.7221	75.3455	0.6917	1.5e-04	0.5385
4983	-108.9951	-108.9951	-78.3743	0.7191	75.6984	0.6949	1.5e-04	0.5397
4984	-108.9785	-108.9785	-78.0014	0.7158	76.0595	0.6982	1.5e-04	0.5403
4985	-108.9973	-108.9973	-79.2697	0.7273	74.7678	0.6863	1.5e-04	0.5399
4986	-108.9855	-108.9855	-78.4533	0.7199	75.5909	0.6940	1.5e-04	0.5387
4987	-108.9926	-108.9926	-78.7678	0.7227	75.2937	0.6912	1.5e-04	0.5383
4988	-108.9795	-108.9795	-78.2994	0.7185	75.7409	0.6955	1.5e-04	0.5382
4989	-108.9941	-108.9941	-78.5462	0.7206	75.5269	0.6932	1.5e-04	0.5397
4990	-108.9851	-108.9851	-78.3138	0.7186	75.7530	0.6954	1.5e-04	0.5407
4991	-109.0005	-109.0005	-79.7216	0.7314	74.2876	0.6819	1.5e-04	0.5396
4992	-108.9901	-108.9901	-78.5881	0.7211	75.4782	0.6929	1.5e-04	0.5387
4993	-108.9912	-108.9912	-78.7246	0.7223	75.3263	0.6916	1.5e-04	0.5398
4994	-108.9769	-108.9769	-79.3036	0.7277	74.7020	0.6859	1.5e-04	0.5398
4995	-108.9946	-108.9946	-78.6120	0.7212	75.4557	0.6927	1.5e-04	0.5382
4996	-108.9920	-108.9920	-78.5460	0.7207	75.5281	0.6933	1.5e-04	0.5397
4997	-108.9996	-108.9996	-78.4012	0.7193	75.6729	0.6947	1.5e-04	0.5383
4998	-108.9926	-108.9926	-78.2889	0.7183	75.7916	0.6957	1.5e-04	0.5391
4999	-108.9871	-108.9871	-79.1747	0.7265	74.8655	0.6872	1.5e-04	0.5391
5000	-109.0007	-109.0007	-78.9718	0.7245	75.0755	0.6891	1.5e-04	0.5457
