# [2025-01-08 15:07:04,024] INFO: Loading Hamiltonian from saved file
# [2025-01-08 15:07:05,951] INFO: Setting up the training loop
# [2025-01-08 15:07:07,168] INFO: Initializing parameters and states
# [2025-01-08 15:07:16,230] INFO: Burning in the sampler for 100 steps
# [2025-01-08 15:07:24,197] INFO: Start training
# HF energy from loaded: -108.3847567718833
# step	loss	e_tot	exp_es	exp_s	std_es	std_s	lr	time
0	-108.4086	-108.4086	-108.3392	0.9994	3.8784	0.0358	3.0e-04	10.6607
1	-108.4106	-108.4106	-108.3462	0.9994	3.7340	0.0344	3.0e-04	0.7728
2	-108.4104	-108.4104	-108.3444	0.9994	3.7809	0.0349	3.0e-04	0.5332
3	-108.4103	-108.4103	-108.3423	0.9994	3.8386	0.0354	3.0e-04	0.5358
4	-108.4124	-108.4124	-108.3471	0.9994	3.7632	0.0347	3.0e-04	0.5364
5	-108.4122	-108.4122	-108.3417	0.9993	3.9088	0.0361	3.0e-04	0.5355
6	-108.4119	-108.4119	-108.3398	0.9993	3.9530	0.0365	3.0e-04	0.5342
7	-108.4129	-108.4129	-108.3386	0.9993	4.0126	0.0370	3.0e-04	0.5316
8	-108.4152	-108.4152	-108.3415	0.9993	3.9957	0.0369	3.0e-04	0.5313
9	-108.4160	-108.4160	-108.3405	0.9993	4.0467	0.0373	3.0e-04	0.5336
10	-108.4157	-108.4157	-108.3364	0.9993	4.1465	0.0382	3.0e-04	0.5325
11	-108.4176	-108.4176	-108.3396	0.9993	4.1090	0.0379	3.0e-04	0.5326
12	-108.4163	-108.4163	-108.3339	0.9992	4.2277	0.0390	3.0e-04	0.5326
13	-108.4169	-108.4169	-108.3313	0.9992	4.3080	0.0397	3.0e-04	0.5341
14	-108.4204	-108.4204	-108.3339	0.9992	4.3284	0.0399	3.0e-04	0.5326
15	-108.4220	-108.4220	-108.3292	0.9991	4.4850	0.0414	3.0e-04	0.5313
16	-108.4213	-108.4213	-108.3246	0.9991	4.5783	0.0422	3.0e-04	0.5332
17	-108.4226	-108.4226	-108.3210	0.9991	4.6925	0.0433	3.0e-04	0.5335
18	-108.4258	-108.4258	-108.3165	0.9990	4.8656	0.0449	3.0e-04	0.5326
19	-108.4259	-108.4259	-108.3123	0.9990	4.9622	0.0458	3.0e-04	0.5337
20	-108.4278	-108.4278	-108.3030	0.9988	5.2013	0.0480	3.0e-04	0.5338
21	-108.4306	-108.4306	-108.3013	0.9988	5.2945	0.0488	3.0e-04	0.5349
22	-108.4302	-108.4302	-108.2878	0.9987	5.5558	0.0512	3.0e-04	0.5337
23	-108.4330	-108.4330	-108.2787	0.9986	5.7748	0.0533	3.0e-04	0.5338
24	-108.4334	-108.4334	-108.2723	0.9985	5.9081	0.0545	3.0e-04	0.5351
25	-108.4377	-108.4377	-108.2629	0.9984	6.1523	0.0567	3.0e-04	0.5338
26	-108.4372	-108.4372	-108.2434	0.9982	6.4803	0.0598	3.0e-04	0.5337
27	-108.4438	-108.4438	-108.2353	0.9981	6.7181	0.0619	3.0e-04	0.5339
28	-108.4469	-108.4469	-108.2177	0.9979	7.0477	0.0650	3.0e-04	0.5336
29	-108.4483	-108.4483	-108.2046	0.9978	7.2674	0.0670	3.0e-04	0.5353
30	-108.4505	-108.4505	-108.1802	0.9975	7.6500	0.0705	3.0e-04	0.5349
31	-108.4557	-108.4557	-108.1767	0.9974	7.7748	0.0717	3.0e-04	0.5329
32	-108.4596	-108.4596	-108.1509	0.9972	8.1774	0.0754	3.0e-04	0.5347
33	-108.4674	-108.4674	-108.1501	0.9971	8.2896	0.0764	3.0e-04	0.5345
34	-108.4653	-108.4653	-108.1265	0.9969	8.5619	0.0789	3.0e-04	0.5335
35	-108.4696	-108.4696	-108.1019	0.9966	8.9235	0.0823	3.0e-04	0.5356
36	-108.4738	-108.4738	-108.0776	0.9963	9.2634	0.0854	3.0e-04	0.5341
37	-108.4817	-108.4817	-108.0747	0.9962	9.3845	0.0865	3.0e-04	0.5363
38	-108.4827	-108.4827	-108.0503	0.9960	9.6748	0.0892	3.0e-04	0.5346
39	-108.4873	-108.4873	-108.0325	0.9958	9.9225	0.0915	3.0e-04	0.5341
40	-108.4961	-108.4961	-108.0213	0.9956	10.1384	0.0934	3.0e-04	0.5333
41	-108.5064	-108.5064	-108.0111	0.9954	10.3542	0.0954	3.0e-04	0.5334
42	-108.5087	-108.5087	-108.0049	0.9954	10.4401	0.0962	3.0e-04	0.5354
43	-108.5203	-108.5203	-107.9907	0.9951	10.7065	0.0987	3.0e-04	0.5339
44	-108.5214	-108.5214	-107.9763	0.9950	10.8627	0.1001	3.0e-04	0.5347
45	-108.5293	-108.5293	-107.9861	0.9950	10.8429	0.0999	3.0e-04	0.5359
46	-108.5403	-108.5403	-107.9987	0.9950	10.8290	0.0998	3.0e-04	0.5354
47	-108.5528	-108.5528	-107.9692	0.9946	11.2378	0.1035	3.0e-04	0.5338
48	-108.5520	-108.5520	-108.0193	0.9951	10.7398	0.0990	3.0e-04	0.5345
49	-108.5650	-108.5650	-108.0180	0.9950	10.8814	0.1002	3.0e-04	0.5336
50	-108.5748	-108.5748	-108.0280	0.9950	10.8809	0.1002	3.0e-04	0.5365
51	-108.5788	-108.5788	-108.0329	0.9950	10.8695	0.1001	3.0e-04	0.5343
52	-108.5838	-108.5838	-108.0368	0.9950	10.8846	0.1003	3.0e-04	0.5341
53	-108.5912	-108.5912	-108.0457	0.9950	10.8691	0.1001	3.0e-04	0.5368
54	-108.6100	-108.6100	-108.0831	0.9951	10.6841	0.0984	3.0e-04	0.5360
55	-108.6219	-108.6219	-108.1037	0.9952	10.5953	0.0976	3.0e-04	0.5365
56	-108.6276	-108.6276	-108.1150	0.9953	10.5383	0.0970	3.0e-04	0.5342
57	-108.6438	-108.6438	-108.1190	0.9952	10.6640	0.0982	3.0e-04	0.5349
58	-108.6430	-108.6430	-108.1426	0.9954	10.4145	0.0959	3.0e-04	0.5356
59	-108.6618	-108.6618	-108.1735	0.9955	10.2868	0.0947	3.0e-04	0.5363
60	-108.6502	-108.6502	-108.1554	0.9954	10.3545	0.0953	3.0e-04	0.5328
61	-108.6719	-108.6719	-108.2022	0.9957	10.0938	0.0929	3.0e-04	0.5349
62	-108.6750	-108.6750	-108.2107	0.9957	10.0345	0.0923	3.0e-04	0.5361
63	-108.6978	-108.6978	-108.2392	0.9958	9.9711	0.0917	3.0e-04	0.5344
64	-108.6952	-108.6952	-108.2191	0.9956	10.1580	0.0935	3.0e-04	0.5360
65	-108.7067	-108.7067	-108.2534	0.9958	9.9160	0.0912	3.0e-04	0.5363
66	-108.7145	-108.7145	-108.2640	0.9959	9.8841	0.0909	3.0e-04	0.5348
67	-108.7059	-108.7059	-108.2728	0.9960	9.6868	0.0892	3.0e-04	0.5379
68	-108.7289	-108.7289	-108.2982	0.9960	9.6603	0.0889	3.0e-04	0.5379
69	-108.7334	-108.7334	-108.2854	0.9959	9.8553	0.0907	3.0e-04	0.5372
70	-108.7454	-108.7454	-108.3231	0.9961	9.5721	0.0880	3.0e-04	0.5368
71	-108.7457	-108.7457	-108.3147	0.9960	9.6673	0.0889	3.0e-04	0.5370
72	-108.7368	-108.7368	-108.3110	0.9961	9.6027	0.0884	3.0e-04	0.5370
73	-108.7664	-108.7664	-108.3314	0.9960	9.7102	0.0893	3.0e-04	0.5357
74	-108.7685	-108.7685	-108.3247	0.9959	9.8066	0.0902	3.0e-04	0.5353
75	-108.7636	-108.7636	-108.3197	0.9959	9.8032	0.0902	3.0e-04	0.5348
76	-108.7615	-108.7615	-108.3290	0.9960	9.6742	0.0891	3.0e-04	0.5370
77	-108.7730	-108.7730	-108.3109	0.9958	9.9979	0.0921	3.0e-04	0.5366
78	-108.7712	-108.7712	-108.3111	0.9958	9.9781	0.0919	3.0e-04	0.5357
79	-108.7652	-108.7652	-108.2904	0.9956	10.1343	0.0933	3.0e-04	0.5356
80	-108.7901	-108.7901	-108.3161	0.9956	10.1217	0.0932	3.0e-04	0.5354
81	-108.7824	-108.7824	-108.3140	0.9957	10.0676	0.0927	3.0e-04	0.5352
82	-108.7947	-108.7947	-108.3175	0.9956	10.1595	0.0936	3.0e-04	0.5369
83	-108.7937	-108.7937	-108.3166	0.9956	10.1595	0.0935	3.0e-04	0.5383
84	-108.7917	-108.7917	-108.3050	0.9955	10.2588	0.0945	2.9e-04	0.5380
85	-108.7984	-108.7984	-108.3288	0.9957	10.0741	0.0928	2.9e-04	0.5371
86	-108.8094	-108.8094	-108.3336	0.9956	10.1456	0.0934	2.9e-04	0.5372
87	-108.7952	-108.7952	-108.3097	0.9955	10.2447	0.0944	2.9e-04	0.5353
88	-108.8221	-108.8221	-108.3049	0.9952	10.5725	0.0974	2.9e-04	0.5366
89	-108.8408	-108.8408	-108.3455	0.9954	10.3464	0.0953	2.9e-04	0.5375
90	-108.8367	-108.8367	-108.3325	0.9954	10.4381	0.0961	2.9e-04	0.5364
91	-108.8255	-108.8255	-108.2943	0.9951	10.7093	0.0987	2.9e-04	0.5367
92	-108.8163	-108.8163	-108.3264	0.9955	10.2907	0.0948	2.9e-04	0.5366
93	-108.8264	-108.8264	-108.2978	0.9951	10.6855	0.0984	2.9e-04	0.5366
94	-108.8094	-108.8094	-108.2873	0.9952	10.6234	0.0978	2.9e-04	0.5354
95	-108.8304	-108.8304	-108.3147	0.9953	10.5564	0.0972	2.9e-04	0.5366
96	-108.8334	-108.8334	-108.2963	0.9951	10.7725	0.0992	2.9e-04	0.5376
97	-108.8469	-108.8469	-108.2980	0.9950	10.8878	0.1003	2.9e-04	0.5377
98	-108.8227	-108.8227	-108.2954	0.9952	10.6786	0.0983	2.9e-04	0.5368
99	-108.8225	-108.8225	-108.2817	0.9950	10.8090	0.0996	2.9e-04	0.5360
100	-108.8419	-108.8419	-108.3113	0.9951	10.7105	0.0986	2.9e-04	0.5355
101	-108.8424	-108.8424	-108.2867	0.9949	10.9533	0.1009	2.9e-04	0.5353
102	-108.8318	-108.8318	-108.2620	0.9948	11.0933	0.1022	2.9e-04	0.5369
103	-108.8340	-108.8340	-108.2571	0.9947	11.1634	0.1028	2.9e-04	0.5367
104	-108.8673	-108.8673	-108.2908	0.9947	11.1616	0.1028	2.9e-04	0.5376
105	-108.8270	-108.8270	-108.2272	0.9945	11.3845	0.1048	2.9e-04	0.5372
106	-108.8512	-108.8512	-108.2437	0.9944	11.4535	0.1055	2.9e-04	0.5358
107	-108.8444	-108.8444	-108.2663	0.9947	11.1838	0.1029	2.9e-04	0.5361
108	-108.8366	-108.8366	-108.2067	0.9942	11.6678	0.1074	2.9e-04	0.5376
109	-108.8465	-108.8465	-108.2110	0.9942	11.7186	0.1079	2.9e-04	0.5383
110	-108.8594	-108.8594	-108.2113	0.9940	11.8340	0.1090	2.9e-04	0.5374
111	-108.8511	-108.8511	-108.1917	0.9939	11.9385	0.1099	2.9e-04	0.5370
112	-108.8473	-108.8473	-108.1786	0.9939	12.0192	0.1106	2.9e-04	0.5379
113	-108.8586	-108.8586	-108.1795	0.9938	12.1133	0.1115	2.9e-04	0.5376
114	-108.8557	-108.8557	-108.1862	0.9938	12.0318	0.1107	2.9e-04	0.5374
115	-108.8728	-108.8728	-108.1790	0.9936	12.2428	0.1127	2.9e-04	0.5377
116	-108.8573	-108.8573	-108.1610	0.9936	12.2626	0.1129	2.9e-04	0.5376
117	-108.8525	-108.8525	-108.1293	0.9934	12.4976	0.1151	2.9e-04	0.5389
118	-108.8712	-108.8712	-108.1786	0.9936	12.2339	0.1126	2.9e-04	0.5374
119	-108.8605	-108.8605	-108.1477	0.9935	12.4115	0.1142	2.9e-04	0.5374
120	-108.8662	-108.8662	-108.1165	0.9931	12.7263	0.1172	2.9e-04	0.5371
121	-108.8537	-108.8537	-108.1039	0.9931	12.7272	0.1172	2.9e-04	0.5365
122	-108.8521	-108.8521	-108.1229	0.9933	12.5449	0.1155	2.9e-04	0.5361
123	-108.8689	-108.8689	-108.1346	0.9933	12.5955	0.1159	2.9e-04	0.5362
124	-108.8602	-108.8602	-108.0891	0.9929	12.9073	0.1188	2.9e-04	0.5362
125	-108.8507	-108.8507	-108.0870	0.9930	12.8458	0.1182	2.9e-04	0.5358
126	-108.8795	-108.8795	-108.0848	0.9927	13.0989	0.1206	2.9e-04	0.5361
127	-108.8653	-108.8653	-108.0751	0.9927	13.0654	0.1203	2.9e-04	0.5362
128	-108.8721	-108.8721	-108.0737	0.9927	13.1308	0.1209	2.9e-04	0.5383
129	-108.8595	-108.8595	-108.0587	0.9926	13.1528	0.1211	2.9e-04	0.5377
130	-108.8677	-108.8677	-108.0437	0.9924	13.3373	0.1227	2.9e-04	0.5358
131	-108.8630	-108.8630	-108.0345	0.9924	13.3779	0.1231	2.9e-04	0.5366
132	-108.8667	-108.8667	-108.0104	0.9921	13.5943	0.1252	2.9e-04	0.5370
133	-108.8749	-108.8749	-107.9944	0.9919	13.7928	0.1269	2.9e-04	0.5369
134	-108.8710	-108.8710	-107.9915	0.9919	13.7810	0.1268	2.9e-04	0.5366
135	-108.8694	-108.8694	-107.9900	0.9919	13.7880	0.1268	2.9e-04	0.5364
136	-108.8748	-108.8748	-107.9897	0.9919	13.8338	0.1272	2.9e-04	0.5364
137	-108.8761	-108.8761	-107.9742	0.9917	13.9630	0.1284	2.9e-04	0.5366
138	-108.8711	-108.8711	-107.9356	0.9914	14.2155	0.1308	2.9e-04	0.5375
139	-108.8667	-108.8667	-107.9119	0.9912	14.3573	0.1321	2.9e-04	0.5381
140	-108.8881	-108.8881	-107.9097	0.9910	14.5345	0.1337	2.9e-04	0.5380
141	-108.8852	-108.8852	-107.8877	0.9908	14.6770	0.1351	2.9e-04	0.5382
142	-108.8872	-108.8872	-107.9005	0.9909	14.6016	0.1343	2.9e-04	0.5378
143	-108.8917	-108.8917	-107.9018	0.9909	14.6255	0.1345	2.9e-04	0.5373
144	-108.8733	-108.8733	-107.8830	0.9909	14.6293	0.1346	2.9e-04	0.5377
145	-108.8754	-108.8754	-107.8524	0.9906	14.8681	0.1368	2.9e-04	0.5379
146	-108.8771	-108.8771	-107.8634	0.9907	14.7968	0.1361	2.9e-04	0.5376
147	-108.8788	-108.8788	-107.8656	0.9907	14.7988	0.1361	2.9e-04	0.5379
148	-108.8730	-108.8730	-107.8210	0.9903	15.0725	0.1387	2.9e-04	0.5365
149	-108.8825	-108.8825	-107.8459	0.9905	14.9694	0.1376	2.9e-04	0.5381
150	-108.8950	-108.8950	-107.8280	0.9902	15.1810	0.1396	2.9e-04	0.5357
151	-108.8819	-108.8819	-107.8356	0.9904	15.0329	0.1383	2.9e-04	0.5361
152	-108.8922	-108.8922	-107.8108	0.9901	15.2858	0.1406	2.9e-04	0.5363
153	-108.8939	-108.8939	-107.8200	0.9901	15.2300	0.1401	2.9e-04	0.5368
154	-108.8812	-108.8812	-107.8388	0.9904	15.0082	0.1380	2.9e-04	0.5363
155	-108.9071	-108.9071	-107.8444	0.9902	15.1514	0.1393	2.9e-04	0.5367
156	-108.8902	-108.8902	-107.8424	0.9904	15.0449	0.1384	2.9e-04	0.5371
157	-108.8702	-108.8702	-107.8444	0.9906	14.8838	0.1369	2.9e-04	0.5375
158	-108.8920	-108.8920	-107.8404	0.9903	15.0760	0.1386	2.9e-04	0.5364
159	-108.8869	-108.8869	-107.8365	0.9904	15.0604	0.1386	2.9e-04	0.5368
160	-108.8963	-108.8963	-107.8345	0.9902	15.1380	0.1393	2.9e-04	0.5372
161	-108.8981	-108.8981	-107.8250	0.9901	15.2247	0.1400	2.9e-04	0.5368
162	-108.9090	-108.9090	-107.7905	0.9897	15.5428	0.1429	2.9e-04	0.5361
163	-108.8922	-108.8922	-107.8025	0.9900	15.3451	0.1411	2.9e-04	0.5360
164	-108.8838	-108.8838	-107.8134	0.9902	15.2034	0.1399	2.9e-04	0.5363
165	-108.8866	-108.8866	-107.8036	0.9901	15.2920	0.1407	2.9e-04	0.5380
166	-108.8895	-108.8895	-107.7829	0.9898	15.4604	0.1422	2.9e-04	0.5372
167	-108.9011	-108.9011	-107.7686	0.9896	15.6415	0.1438	2.9e-04	0.5389
168	-108.8810	-108.8810	-107.7667	0.9898	15.5106	0.1427	2.9e-04	0.5387
169	-108.9125	-108.9125	-107.7736	0.9895	15.6822	0.1442	2.9e-04	0.5364
170	-108.8895	-108.8895	-107.7422	0.9895	15.7337	0.1448	2.9e-04	0.5368
171	-108.9022	-108.9022	-107.7842	0.9897	15.5409	0.1429	2.9e-04	0.5362
172	-108.9012	-108.9012	-107.7574	0.9895	15.7172	0.1446	2.9e-04	0.5385
173	-108.8993	-108.8993	-107.7220	0.9892	15.9410	0.1466	2.9e-04	0.5378
174	-108.9146	-108.9146	-107.7314	0.9891	15.9837	0.1470	2.9e-04	0.5353
175	-108.9140	-108.9140	-107.6869	0.9887	16.2744	0.1497	2.9e-04	0.5360
176	-108.9272	-108.9272	-107.7270	0.9890	16.0949	0.1480	2.9e-04	0.5378
177	-108.8993	-108.8993	-107.7087	0.9891	16.0389	0.1475	2.9e-04	0.5376
178	-108.8997	-108.8997	-107.6229	0.9883	16.6013	0.1527	2.9e-04	0.5374
179	-108.8998	-108.8998	-107.6244	0.9883	16.5850	0.1526	2.9e-04	0.5376
180	-108.8935	-108.8935	-107.6581	0.9887	16.3326	0.1502	2.9e-04	0.5384
181	-108.9112	-108.9112	-107.6396	0.9883	16.5627	0.1524	2.9e-04	0.5383
182	-108.9101	-108.9101	-107.6355	0.9883	16.5877	0.1525	2.9e-04	0.5369
183	-108.9038	-108.9038	-107.5898	0.9879	16.8414	0.1549	2.9e-04	0.5369
184	-108.9000	-108.9000	-107.6012	0.9881	16.7444	0.1540	2.9e-04	0.5373
185	-108.9064	-108.9064	-107.5387	0.9874	17.1808	0.1580	2.9e-04	0.5363
186	-108.9078	-108.9078	-107.5782	0.9878	16.9292	0.1557	2.9e-04	0.5353
187	-108.9106	-108.9106	-107.5637	0.9876	17.0357	0.1567	2.9e-04	0.5379
188	-108.8994	-108.8994	-107.4674	0.9869	17.5769	0.1616	2.9e-04	0.5369
189	-108.9164	-108.9164	-107.4863	0.9869	17.5671	0.1615	2.9e-04	0.5383
190	-108.9101	-108.9101	-107.4070	0.9862	18.0086	0.1656	2.9e-04	0.5365
191	-108.9096	-108.9096	-107.4000	0.9861	18.0402	0.1659	2.9e-04	0.5360
192	-108.9171	-108.9171	-107.4087	0.9862	18.0455	0.1658	2.9e-04	0.5366
193	-108.9161	-108.9161	-107.3464	0.9856	18.3981	0.1692	2.9e-04	0.5364
194	-108.9305	-108.9305	-107.3555	0.9855	18.4326	0.1694	2.9e-04	0.5367
195	-108.9173	-108.9173	-107.2816	0.9850	18.7773	0.1726	2.9e-04	0.5368
196	-108.8965	-108.8965	-107.3270	0.9856	18.3947	0.1691	2.9e-04	0.5376
197	-108.9067	-108.9067	-107.2605	0.9849	18.8393	0.1732	2.9e-04	0.5372
198	-108.9288	-108.9288	-107.1739	0.9839	19.4467	0.1788	2.9e-04	0.5370
199	-108.9091	-108.9091	-107.1991	0.9843	19.1999	0.1765	2.9e-04	0.5371
200	-108.9161	-108.9161	-107.1187	0.9835	19.6826	0.1809	2.9e-04	0.5373
201	-108.9286	-108.9286	-107.1806	0.9840	19.4129	0.1784	2.9e-04	0.5358
202	-108.9254	-108.9254	-107.1047	0.9833	19.8058	0.1821	2.9e-04	0.5353
203	-108.9211	-108.9211	-107.0560	0.9829	20.0444	0.1842	2.9e-04	0.5360
204	-108.9250	-108.9250	-107.1033	0.9833	19.8123	0.1821	2.9e-04	0.5367
205	-108.9258	-108.9258	-107.0232	0.9825	20.2314	0.1859	2.9e-04	0.5386
206	-108.9309	-108.9309	-106.9750	0.9820	20.5245	0.1886	2.9e-04	0.5383
207	-108.9177	-108.9177	-107.0251	0.9826	20.1842	0.1856	2.9e-04	0.5385
208	-108.9232	-108.9232	-106.9214	0.9816	20.7641	0.1908	2.9e-04	0.5380
209	-108.9241	-108.9241	-106.9659	0.9820	20.5310	0.1887	2.9e-04	0.5359
210	-108.9325	-108.9325	-106.9887	0.9822	20.4597	0.1881	2.9e-04	0.5378
211	-108.9333	-108.9333	-106.9783	0.9821	20.5240	0.1886	2.9e-04	0.5371
212	-108.9254	-108.9254	-106.9783	0.9821	20.4826	0.1882	2.9e-04	0.5375
213	-108.9159	-108.9159	-106.8686	0.9812	20.9897	0.1929	2.9e-04	0.5369
214	-108.9330	-108.9330	-106.9340	0.9816	20.7520	0.1907	2.9e-04	0.5361
215	-108.9282	-108.9282	-106.8995	0.9814	20.9030	0.1921	2.9e-04	0.5360
216	-108.9284	-108.9284	-106.8561	0.9810	21.1256	0.1941	2.9e-04	0.5367
217	-108.9172	-108.9172	-106.8384	0.9809	21.1498	0.1944	2.9e-04	0.5366
218	-108.9438	-108.9438	-106.9015	0.9813	20.9682	0.1927	2.9e-04	0.5370
219	-108.9325	-108.9325	-106.8505	0.9809	21.1728	0.1946	2.9e-04	0.5376
220	-108.9203	-108.9203	-106.7899	0.9804	21.4122	0.1968	2.9e-04	0.5379
221	-108.9282	-108.9282	-106.8753	0.9812	21.0261	0.1932	2.9e-04	0.5370
222	-108.9395	-108.9395	-106.8220	0.9806	21.3505	0.1962	2.9e-04	0.5365
223	-108.9407	-108.9407	-106.8336	0.9807	21.2986	0.1957	2.9e-04	0.5367
224	-108.9429	-108.9429	-106.6555	0.9790	22.1758	0.2038	2.9e-04	0.5380
225	-108.9391	-108.9391	-106.7421	0.9798	21.7411	0.1998	2.9e-04	0.5371
226	-108.9465	-108.9465	-106.7689	0.9800	21.6499	0.1989	2.9e-04	0.5381
227	-108.9598	-108.9598	-106.7442	0.9797	21.8444	0.2006	2.9e-04	0.5381
228	-108.9472	-108.9472	-106.7399	0.9797	21.7988	0.2003	2.9e-04	0.5385
229	-108.9378	-108.9378	-106.7108	0.9796	21.8940	0.2012	2.9e-04	0.5389
230	-108.9367	-108.9367	-106.7536	0.9800	21.6779	0.1992	2.9e-04	0.5375
231	-108.9523	-108.9523	-106.7970	0.9802	21.5417	0.1979	2.9e-04	0.5360
232	-108.9398	-108.9398	-106.7423	0.9798	21.7485	0.1998	2.9e-04	0.5369
233	-108.9583	-108.9583	-106.6990	0.9793	22.0509	0.2026	2.9e-04	0.5365
234	-108.9549	-108.9549	-106.7234	0.9795	21.9010	0.2012	2.9e-04	0.5377
235	-108.9512	-108.9512	-106.8208	0.9804	21.4190	0.1968	2.9e-04	0.5393
236	-108.9467	-108.9467	-106.7621	0.9799	21.6810	0.1992	2.9e-04	0.5369
237	-108.9667	-108.9667	-106.7627	0.9798	21.7823	0.2001	2.9e-04	0.5371
238	-108.9463	-108.9463	-106.7674	0.9800	21.6552	0.1990	2.9e-04	0.5365
239	-108.9419	-108.9419	-106.7040	0.9795	21.9484	0.2016	2.9e-04	0.5358
240	-108.9626	-108.9626	-106.6930	0.9792	22.0981	0.2030	2.9e-04	0.5367
241	-108.9435	-108.9435	-106.8109	0.9804	21.4137	0.1967	2.9e-04	0.5369
242	-108.9618	-108.9618	-106.7514	0.9797	21.8115	0.2004	2.9e-04	0.5373
243	-108.9343	-108.9343	-106.8137	0.9805	21.3739	0.1964	2.9e-04	0.5374
244	-108.9433	-108.9433	-106.7589	0.9799	21.6888	0.1992	2.9e-04	0.5388
245	-108.9596	-108.9596	-106.7716	0.9799	21.7049	0.1994	2.9e-04	0.5375
246	-108.9511	-108.9511	-106.7924	0.9802	21.5618	0.1981	2.9e-04	0.5374
247	-108.9514	-108.9514	-106.8381	0.9806	21.3362	0.1960	2.9e-04	0.5368
248	-108.9556	-108.9556	-106.8255	0.9805	21.4112	0.1967	2.9e-04	0.5362
249	-108.9420	-108.9420	-106.7476	0.9799	21.7361	0.1997	2.9e-04	0.5360
250	-108.9526	-108.9526	-106.7595	0.9799	21.7287	0.1996	2.9e-04	0.5371
251	-108.9605	-108.9605	-106.8300	0.9804	21.4217	0.1968	2.9e-04	0.5378
252	-108.9613	-108.9613	-106.8981	0.9811	21.0810	0.1936	2.9e-04	0.5368
253	-108.9502	-108.9502	-106.8552	0.9808	21.2447	0.1952	2.9e-04	0.5365
254	-108.9465	-108.9465	-106.7453	0.9798	21.7665	0.2000	2.9e-04	0.5361
255	-108.9509	-108.9509	-106.8097	0.9803	21.4700	0.1972	2.9e-04	0.5360
256	-108.9598	-108.9598	-106.7619	0.9798	21.7515	0.1998	2.9e-04	0.5358
257	-108.9586	-108.9586	-106.6839	0.9791	22.1256	0.2033	2.9e-04	0.5369
258	-108.9726	-108.9726	-106.7679	0.9798	21.7910	0.2001	2.9e-04	0.5369
259	-108.9601	-108.9601	-106.7612	0.9798	21.7645	0.1999	2.9e-04	0.5380
260	-108.9527	-108.9527	-106.7283	0.9796	21.8814	0.2010	2.9e-04	0.5385
261	-108.9721	-108.9721	-106.7857	0.9799	21.6970	0.1993	2.9e-04	0.5390
262	-108.9711	-108.9711	-106.7735	0.9798	21.7535	0.1998	2.9e-04	0.5371
263	-108.9620	-108.9620	-106.7818	0.9800	21.6655	0.1990	2.8e-04	0.5364
264	-108.9630	-108.9630	-106.7917	0.9801	21.6262	0.1986	2.8e-04	0.5362
265	-108.9660	-108.9660	-106.6625	0.9789	22.2680	0.2045	2.8e-04	0.5361
266	-108.9527	-108.9527	-106.8216	0.9804	21.4231	0.1968	2.8e-04	0.5365
267	-108.9633	-108.9633	-106.7297	0.9795	21.9301	0.2014	2.8e-04	0.5387
268	-108.9633	-108.9633	-106.6903	0.9791	22.1209	0.2032	2.8e-04	0.5362
269	-108.9578	-108.9578	-106.7823	0.9800	21.6472	0.1988	2.8e-04	0.5372
270	-108.9551	-108.9551	-106.6715	0.9790	22.1732	0.2037	2.8e-04	0.5360
271	-108.9532	-108.9532	-106.6564	0.9789	22.2357	0.2042	2.8e-04	0.5360
272	-108.9588	-108.9588	-106.7326	0.9796	21.8949	0.2011	2.8e-04	0.5366
273	-108.9532	-108.9532	-106.5900	0.9783	22.5480	0.2071	2.8e-04	0.5356
274	-108.9554	-108.9554	-106.5725	0.9781	22.6410	0.2080	2.8e-04	0.5363
275	-108.9728	-108.9728	-106.6708	0.9789	22.2624	0.2044	2.8e-04	0.5364
276	-108.9609	-108.9609	-106.5114	0.9775	22.9547	0.2108	2.8e-04	0.5361
277	-108.9639	-108.9639	-106.5861	0.9782	22.6194	0.2078	2.8e-04	0.5380
278	-108.9739	-108.9739	-106.5523	0.9778	22.8290	0.2096	2.8e-04	0.5379
279	-108.9722	-108.9722	-106.5278	0.9776	22.9330	0.2106	2.8e-04	0.5388
280	-108.9579	-108.9579	-106.4911	0.9774	23.0278	0.2115	2.8e-04	0.5367
281	-108.9516	-108.9516	-106.4849	0.9774	23.0344	0.2116	2.8e-04	0.5364
282	-108.9781	-108.9781	-106.4960	0.9772	23.1117	0.2122	2.8e-04	0.5379
283	-108.9627	-108.9627	-106.5818	0.9781	22.6339	0.2079	2.8e-04	0.5378
284	-108.9677	-108.9677	-106.6499	0.9787	22.3331	0.2051	2.8e-04	0.5389
285	-108.9736	-108.9736	-106.4745	0.9771	23.1833	0.2129	2.8e-04	0.5380
286	-108.9791	-108.9791	-106.5906	0.9781	22.6688	0.2082	2.8e-04	0.5354
287	-108.9831	-108.9831	-106.5669	0.9778	22.7997	0.2094	2.8e-04	0.5368
288	-108.9513	-108.9513	-106.5279	0.9778	22.8325	0.2097	2.8e-04	0.5360
289	-108.9721	-108.9721	-106.6382	0.9786	22.4127	0.2058	2.8e-04	0.5367
290	-108.9663	-108.9663	-106.5483	0.9778	22.8106	0.2095	2.8e-04	0.5366
291	-108.9875	-108.9875	-106.6584	0.9786	22.3915	0.2056	2.8e-04	0.5370
292	-108.9697	-108.9697	-106.5769	0.9780	22.6901	0.2084	2.8e-04	0.5382
293	-108.9755	-108.9755	-106.5545	0.9778	22.8235	0.2096	2.8e-04	0.5380
294	-108.9859	-108.9859	-106.5473	0.9776	22.9095	0.2104	2.8e-04	0.5372
295	-108.9628	-108.9628	-106.5847	0.9782	22.6217	0.2078	2.8e-04	0.5368
296	-108.9752	-108.9752	-106.5534	0.9778	22.8278	0.2096	2.8e-04	0.5378
297	-108.9705	-108.9705	-106.4943	0.9773	23.0799	0.2120	2.8e-04	0.5351
298	-108.9643	-108.9643	-106.5938	0.9782	22.5888	0.2075	2.8e-04	0.5372
299	-108.9680	-108.9680	-106.5345	0.9777	22.8828	0.2102	2.8e-04	0.5370
300	-108.9686	-108.9686	-106.4979	0.9773	23.0563	0.2117	2.8e-04	0.5364
301	-108.9716	-108.9716	-106.4176	0.9766	23.4297	0.2152	2.8e-04	0.5365
302	-108.9779	-108.9779	-106.4618	0.9769	23.2662	0.2136	2.8e-04	0.5362
303	-108.9621	-108.9621	-106.5738	0.9781	22.6714	0.2082	2.8e-04	0.5352
304	-108.9782	-108.9782	-106.5417	0.9776	22.8998	0.2103	2.8e-04	0.5365
305	-108.9777	-108.9777	-106.4057	0.9764	23.5208	0.2160	2.8e-04	0.5365
306	-108.9702	-108.9702	-106.4624	0.9770	23.2272	0.2133	2.8e-04	0.5363
307	-108.9849	-108.9849	-106.5397	0.9776	22.9372	0.2106	2.8e-04	0.5358
308	-108.9683	-108.9683	-106.4249	0.9767	23.3872	0.2148	2.8e-04	0.5361
309	-108.9747	-108.9747	-106.5145	0.9774	23.0015	0.2112	2.8e-04	0.5370
310	-108.9820	-108.9820	-106.5090	0.9773	23.0665	0.2118	2.8e-04	0.5357
311	-108.9656	-108.9656	-106.5372	0.9777	22.8622	0.2099	2.8e-04	0.5353
312	-108.9696	-108.9696	-106.5920	0.9782	22.6192	0.2077	2.8e-04	0.5366
313	-108.9724	-108.9724	-106.5166	0.9775	22.9877	0.2111	2.8e-04	0.5356
314	-108.9600	-108.9600	-106.4341	0.9768	23.3059	0.2141	2.8e-04	0.5354
315	-108.9818	-108.9818	-106.5118	0.9773	23.0522	0.2117	2.8e-04	0.5377
316	-108.9772	-108.9772	-106.5312	0.9776	22.9395	0.2107	2.8e-04	0.5373
317	-108.9539	-108.9539	-106.5911	0.9783	22.5500	0.2071	2.8e-04	0.5390
318	-108.9872	-108.9872	-106.6089	0.9782	22.6218	0.2077	2.8e-04	0.5393
319	-108.9580	-108.9580	-106.4605	0.9771	23.1775	0.2129	2.8e-04	0.5388
320	-108.9650	-108.9650	-106.4960	0.9773	23.0477	0.2117	2.8e-04	0.5366
321	-108.9908	-108.9908	-106.4681	0.9769	23.2963	0.2139	2.8e-04	0.5378
322	-108.9785	-108.9785	-106.4070	0.9764	23.5160	0.2159	2.8e-04	0.5390
323	-108.9769	-108.9769	-106.3767	0.9761	23.6429	0.2171	2.8e-04	0.5407
324	-108.9565	-108.9565	-106.4295	0.9768	23.3139	0.2141	2.8e-04	0.5389
325	-108.9808	-108.9808	-106.3398	0.9758	23.8313	0.2188	2.8e-04	0.5399
326	-108.9712	-108.9712	-106.3491	0.9759	23.7463	0.2180	2.8e-04	0.5396
327	-108.9642	-108.9642	-106.4829	0.9772	23.0971	0.2121	2.8e-04	0.5394
328	-108.9637	-108.9637	-106.4230	0.9767	23.3709	0.2147	2.8e-04	0.5395
329	-108.9773	-108.9773	-106.3353	0.9758	23.8283	0.2188	2.8e-04	0.5391
330	-108.9682	-108.9682	-106.2722	0.9753	24.0688	0.2210	2.8e-04	0.5381
331	-108.9705	-108.9705	-106.3257	0.9757	23.8441	0.2190	2.8e-04	0.5377
332	-108.9713	-108.9713	-106.3014	0.9755	23.9490	0.2199	2.8e-04	0.5389
333	-108.9796	-108.9796	-106.3259	0.9756	23.8846	0.2193	2.8e-04	0.5379
334	-108.9883	-108.9883	-106.3328	0.9756	23.8900	0.2194	2.8e-04	0.5386
335	-108.9772	-108.9772	-106.2787	0.9752	24.0753	0.2211	2.8e-04	0.5384
336	-108.9660	-108.9660	-106.2147	0.9748	24.3116	0.2233	2.8e-04	0.5387
337	-108.9766	-108.9766	-106.1078	0.9737	24.8250	0.2279	2.8e-04	0.5394
338	-108.9802	-108.9802	-106.1490	0.9740	24.6628	0.2264	2.8e-04	0.5386
339	-108.9610	-108.9610	-106.1642	0.9743	24.5090	0.2251	2.8e-04	0.5396
340	-108.9891	-108.9891	-106.0815	0.9733	24.9888	0.2294	2.8e-04	0.5386
341	-108.9812	-108.9812	-106.1181	0.9737	24.7784	0.2275	2.8e-04	0.5368
342	-108.9776	-108.9776	-106.1014	0.9736	24.8511	0.2282	2.8e-04	0.5369
343	-108.9674	-108.9674	-106.0548	0.9733	25.0073	0.2297	2.8e-04	0.5379
344	-108.9736	-108.9736	-105.9731	0.9725	25.3632	0.2329	2.8e-04	0.5378
345	-108.9823	-108.9823	-105.9773	0.9724	25.3975	0.2332	2.8e-04	0.5376
346	-108.9854	-108.9854	-105.9506	0.9722	25.5219	0.2343	2.8e-04	0.5391
347	-108.9802	-108.9802	-106.0111	0.9728	25.2473	0.2318	2.8e-04	0.5395
348	-108.9694	-108.9694	-106.0117	0.9729	25.1895	0.2313	2.8e-04	0.5395
349	-108.9690	-108.9690	-105.8859	0.9717	25.7185	0.2362	2.8e-04	0.5377
350	-108.9761	-108.9761	-105.9278	0.9720	25.5761	0.2349	2.8e-04	0.5367
351	-108.9822	-108.9822	-105.8246	0.9710	26.0179	0.2389	2.8e-04	0.5367
352	-108.9770	-108.9770	-105.9319	0.9721	25.5560	0.2347	2.8e-04	0.5371
353	-108.9691	-108.9691	-105.8808	0.9717	25.7409	0.2364	2.8e-04	0.5382
354	-108.9621	-108.9621	-105.7745	0.9707	26.1393	0.2401	2.8e-04	0.5376
355	-108.9866	-108.9866	-105.8181	0.9709	26.0723	0.2394	2.8e-04	0.5387
356	-108.9617	-108.9617	-105.7638	0.9707	26.1759	0.2404	2.8e-04	0.5379
357	-108.9922	-108.9922	-105.7903	0.9706	26.2052	0.2406	2.8e-04	0.5369
358	-108.9701	-108.9701	-105.7431	0.9704	26.2990	0.2415	2.8e-04	0.5365
359	-108.9727	-108.9727	-105.7146	0.9701	26.4216	0.2426	2.8e-04	0.5379
360	-108.9899	-108.9899	-105.6880	0.9697	26.6042	0.2443	2.8e-04	0.5376
361	-108.9677	-108.9677	-105.6613	0.9697	26.6216	0.2445	2.8e-04	0.5403
362	-108.9641	-108.9641	-105.6599	0.9697	26.6153	0.2444	2.8e-04	0.5387
363	-108.9656	-108.9656	-105.7325	0.9703	26.3194	0.2417	2.8e-04	0.5384
364	-108.9791	-108.9791	-105.7901	0.9707	26.1439	0.2401	2.8e-04	0.5374
365	-108.9739	-108.9739	-105.6442	0.9694	26.7162	0.2453	2.8e-04	0.5388
366	-108.9770	-108.9770	-105.6293	0.9693	26.7782	0.2459	2.8e-04	0.5384
367	-108.9883	-108.9883	-105.6876	0.9697	26.6037	0.2442	2.8e-04	0.5380
368	-108.9758	-108.9758	-105.7892	0.9708	26.1459	0.2400	2.8e-04	0.5373
369	-108.9821	-108.9821	-105.7391	0.9702	26.3717	0.2421	2.8e-04	0.5380
370	-108.9666	-108.9666	-105.7812	0.9708	26.1382	0.2400	2.8e-04	0.5380
371	-108.9898	-108.9898	-105.8581	0.9713	25.9072	0.2379	2.8e-04	0.5374
372	-108.9855	-108.9855	-105.7679	0.9705	26.2663	0.2412	2.8e-04	0.5374
373	-108.9875	-108.9875	-105.7878	0.9706	26.1906	0.2405	2.8e-04	0.5375
374	-108.9799	-108.9799	-105.8216	0.9710	26.0071	0.2388	2.8e-04	0.5376
375	-108.9652	-108.9652	-105.6959	0.9700	26.4700	0.2431	2.8e-04	0.5384
376	-108.9644	-108.9644	-105.7201	0.9702	26.3722	0.2422	2.8e-04	0.5390
377	-108.9735	-108.9735	-105.6928	0.9699	26.5178	0.2435	2.8e-04	0.5388
378	-108.9761	-108.9761	-105.6602	0.9696	26.6584	0.2448	2.8e-04	0.5396
379	-108.9816	-108.9816	-105.6102	0.9691	26.8832	0.2468	2.8e-04	0.5384
380	-108.9797	-108.9797	-105.6689	0.9696	26.6278	0.2445	2.8e-04	0.5370
381	-108.9765	-108.9765	-105.5790	0.9688	26.9816	0.2477	2.8e-04	0.5366
382	-108.9676	-108.9676	-105.5726	0.9688	26.9679	0.2477	2.8e-04	0.5378
383	-108.9789	-108.9789	-105.5530	0.9686	27.0938	0.2487	2.8e-04	0.5379
384	-108.9761	-108.9761	-105.4576	0.9677	27.4470	0.2520	2.8e-04	0.5404
385	-108.9858	-108.9858	-105.4860	0.9679	27.3780	0.2514	2.8e-04	0.5394
386	-108.9796	-108.9796	-105.3829	0.9670	27.7507	0.2548	2.8e-04	0.5391
387	-108.9700	-108.9700	-105.2884	0.9662	28.0693	0.2577	2.8e-04	0.5381
388	-108.9756	-108.9756	-105.3877	0.9671	27.7142	0.2545	2.8e-04	0.5382
389	-108.9820	-108.9820	-105.2716	0.9660	28.1783	0.2587	2.8e-04	0.5371
390	-108.9712	-108.9712	-105.3254	0.9665	27.9173	0.2564	2.8e-04	0.5376
391	-108.9793	-108.9793	-105.2905	0.9662	28.0913	0.2579	2.8e-04	0.5373
392	-108.9812	-108.9812	-105.2882	0.9661	28.1064	0.2581	2.8e-04	0.5367
393	-108.9868	-108.9868	-105.0963	0.9643	28.8330	0.2647	2.8e-04	0.5381
394	-108.9733	-108.9733	-105.0961	0.9644	28.7926	0.2644	2.8e-04	0.5386
395	-108.9810	-108.9810	-105.1764	0.9651	28.5258	0.2619	2.8e-04	0.5392
396	-108.9772	-108.9772	-105.0960	0.9644	28.8071	0.2645	2.8e-04	0.5383
397	-108.9950	-108.9950	-105.0548	0.9639	29.0212	0.2664	2.8e-04	0.5378
398	-108.9697	-108.9697	-105.0112	0.9637	29.0795	0.2670	2.8e-04	0.5374
399	-108.9740	-108.9740	-105.0722	0.9642	28.8748	0.2652	2.8e-04	0.5371
400	-108.9753	-108.9753	-105.1732	0.9651	28.5158	0.2618	2.8e-04	0.5385
401	-108.9769	-108.9769	-104.9099	0.9627	29.4778	0.2706	2.8e-04	0.5361
402	-108.9729	-108.9729	-105.1830	0.9652	28.4729	0.2614	2.8e-04	0.5391
403	-108.9858	-108.9858	-104.9938	0.9634	29.2091	0.2681	2.8e-04	0.5397
404	-108.9595	-108.9595	-105.0961	0.9645	28.7407	0.2639	2.8e-04	0.5375
405	-108.9717	-108.9717	-104.8772	0.9624	29.5756	0.2715	2.8e-04	0.5366
406	-108.9864	-108.9864	-104.9212	0.9627	29.4622	0.2705	2.8e-04	0.5375
407	-108.9874	-108.9874	-105.0830	0.9642	28.8913	0.2653	2.8e-04	0.5375
408	-108.9818	-108.9818	-105.0849	0.9642	28.8676	0.2650	2.8e-04	0.5371
409	-108.9751	-108.9751	-105.0052	0.9636	29.1313	0.2675	2.8e-04	0.5369
410	-108.9789	-108.9789	-104.8138	0.9618	29.8219	0.2738	2.8e-04	0.5372
411	-108.9921	-108.9921	-105.0015	0.9634	29.2062	0.2681	2.8e-04	0.5368
412	-108.9877	-108.9877	-104.9188	0.9627	29.4835	0.2707	2.8e-04	0.5369
413	-108.9890	-108.9890	-105.0387	0.9638	29.0592	0.2668	2.8e-04	0.5364
414	-108.9636	-108.9636	-105.0382	0.9640	28.9656	0.2660	2.8e-04	0.5376
415	-108.9745	-108.9745	-105.0455	0.9639	28.9752	0.2660	2.8e-04	0.5370
416	-108.9830	-108.9830	-104.9680	0.9632	29.2916	0.2689	2.8e-04	0.5382
417	-108.9765	-108.9765	-105.0288	0.9638	29.0429	0.2667	2.8e-04	0.5383
418	-108.9799	-108.9799	-104.9956	0.9634	29.1779	0.2679	2.8e-04	0.5374
419	-108.9730	-108.9730	-105.1159	0.9646	28.7163	0.2637	2.8e-04	0.5387
420	-108.9779	-108.9779	-105.0519	0.9640	28.9651	0.2659	2.8e-04	0.5380
421	-108.9832	-108.9832	-105.0272	0.9637	29.0775	0.2670	2.8e-04	0.5372
422	-108.9858	-108.9858	-105.2200	0.9654	28.3857	0.2606	2.8e-04	0.5367
423	-108.9820	-108.9820	-105.1235	0.9646	28.7226	0.2637	2.8e-04	0.5382
424	-108.9936	-108.9936	-105.1394	0.9646	28.7128	0.2636	2.8e-04	0.5394
425	-108.9742	-108.9742	-105.1512	0.9649	28.5912	0.2625	2.8e-04	0.5388
426	-108.9803	-108.9803	-104.9675	0.9632	29.2784	0.2689	2.8e-04	0.5389
427	-108.9791	-108.9791	-104.9850	0.9634	29.2049	0.2681	2.8e-04	0.5370
428	-108.9703	-108.9703	-104.9727	0.9633	29.2263	0.2684	2.8e-04	0.5380
429	-108.9595	-108.9595	-104.9779	0.9635	29.1691	0.2679	2.8e-04	0.5381
430	-108.9789	-108.9789	-104.8652	0.9623	29.6444	0.2722	2.8e-04	0.5381
431	-108.9757	-108.9757	-104.9474	0.9630	29.3358	0.2694	2.8e-04	0.5385
432	-108.9778	-108.9778	-104.7731	0.9614	29.9606	0.2751	2.8e-04	0.5369
433	-108.9726	-108.9726	-104.6466	0.9603	30.3856	0.2790	2.8e-04	0.5375
434	-108.9821	-108.9821	-104.6906	0.9606	30.2635	0.2779	2.8e-04	0.5374
435	-108.9833	-108.9833	-104.6248	0.9600	30.4950	0.2800	2.8e-04	0.5388
436	-108.9705	-108.9705	-104.6039	0.9599	30.5176	0.2802	2.8e-04	0.5393
437	-108.9951	-108.9951	-104.5902	0.9596	30.6518	0.2814	2.8e-04	0.5382
438	-108.9741	-108.9741	-104.5153	0.9591	30.8341	0.2831	2.8e-04	0.5385
439	-108.9882	-108.9882	-104.4293	0.9582	31.1741	0.2862	2.8e-04	0.5389
440	-108.9734	-108.9734	-104.5513	0.9594	30.7136	0.2820	2.8e-04	0.5389
441	-108.9796	-108.9796	-104.4403	0.9583	31.1093	0.2856	2.8e-04	0.5382
442	-108.9763	-108.9763	-104.2581	0.9567	31.6925	0.2910	2.8e-04	0.5397
443	-108.9829	-108.9829	-104.2301	0.9564	31.8125	0.2921	2.8e-04	0.5387
444	-108.9589	-108.9589	-104.1208	0.9556	32.0931	0.2947	2.8e-04	0.5401
445	-108.9766	-108.9766	-104.0834	0.9551	32.2730	0.2963	2.8e-04	0.5387
446	-108.9752	-108.9752	-104.1937	0.9561	31.9018	0.2929	2.8e-04	0.5391
447	-108.9837	-108.9837	-104.1782	0.9559	31.9856	0.2937	2.8e-04	0.5375
448	-108.9668	-108.9668	-104.0227	0.9546	32.4313	0.2978	2.8e-04	0.5384
449	-108.9746	-108.9746	-104.0298	0.9546	32.4343	0.2978	2.8e-04	0.5395
450	-108.9760	-108.9760	-103.8420	0.9529	33.0407	0.3033	2.8e-04	0.5396
451	-108.9738	-108.9738	-103.9907	0.9543	32.5578	0.2989	2.8e-04	0.5393
452	-108.9841	-108.9841	-103.9902	0.9542	32.5907	0.2992	2.8e-04	0.5387
453	-108.9684	-108.9684	-103.9956	0.9544	32.5234	0.2986	2.8e-04	0.5381
454	-108.9687	-108.9687	-103.8865	0.9534	32.8753	0.3018	2.7e-04	0.5387
455	-108.9730	-108.9730	-103.7199	0.9518	33.4124	0.3067	2.7e-04	0.5385
456	-108.9730	-108.9730	-103.7926	0.9525	33.1817	0.3046	2.7e-04	0.5401
457	-108.9891	-108.9891	-103.7378	0.9518	33.4062	0.3067	2.7e-04	0.5391
458	-108.9737	-108.9737	-103.4780	0.9496	34.1541	0.3136	2.7e-04	0.5381
459	-108.9865	-108.9865	-103.6287	0.9508	33.7372	0.3097	2.7e-04	0.5382
460	-108.9730	-108.9730	-103.5930	0.9506	33.8002	0.3103	2.7e-04	0.5376
461	-108.9909	-108.9909	-103.6788	0.9513	33.5767	0.3082	2.7e-04	0.5369
462	-108.9811	-108.9811	-103.6246	0.9508	33.7310	0.3097	2.7e-04	0.5387
463	-108.9770	-108.9770	-103.5223	0.9499	34.0300	0.3124	2.7e-04	0.5389
464	-108.9735	-108.9735	-103.6860	0.9515	33.5129	0.3077	2.7e-04	0.5391
465	-108.9679	-108.9679	-103.5234	0.9500	33.9947	0.3121	2.7e-04	0.5391
466	-108.9817	-108.9817	-103.4501	0.9492	34.2600	0.3145	2.7e-04	0.5390
467	-108.9841	-108.9841	-103.6400	0.9510	33.6686	0.3091	2.7e-04	0.5392
468	-108.9908	-108.9908	-103.6661	0.9511	33.6353	0.3087	2.7e-04	0.5381
469	-108.9730	-108.9730	-103.6091	0.9508	33.7503	0.3098	2.7e-04	0.5369
470	-108.9798	-108.9798	-103.4142	0.9489	34.3647	0.3154	2.7e-04	0.5370
471	-108.9696	-108.9696	-103.4963	0.9498	34.0864	0.3129	2.7e-04	0.5375
472	-108.9950	-108.9950	-103.4297	0.9489	34.3576	0.3154	2.7e-04	0.5389
473	-108.9729	-108.9729	-103.4596	0.9494	34.2064	0.3140	2.7e-04	0.5387
474	-108.9846	-108.9846	-103.5456	0.9501	33.9766	0.3119	2.7e-04	0.5390
475	-108.9810	-108.9810	-103.5701	0.9504	33.8928	0.3112	2.7e-04	0.5393
476	-108.9752	-108.9752	-103.6501	0.9511	33.6328	0.3088	2.7e-04	0.5383
477	-108.9895	-108.9895	-103.6798	0.9513	33.5917	0.3083	2.7e-04	0.5374
478	-108.9641	-108.9641	-103.6221	0.9510	33.6838	0.3093	2.7e-04	0.5380
479	-108.9746	-108.9746	-103.6511	0.9511	33.6280	0.3087	2.7e-04	0.5378
480	-108.9742	-108.9742	-103.5271	0.9500	33.9958	0.3121	2.7e-04	0.5369
481	-108.9739	-108.9739	-103.5680	0.9504	33.8226	0.3105	2.7e-04	0.5387
482	-108.9826	-108.9826	-103.4573	0.9493	34.2408	0.3144	2.7e-04	0.5391
483	-108.9825	-108.9825	-103.6592	0.9512	33.6298	0.3087	2.7e-04	0.5392
484	-108.9792	-108.9792	-103.5520	0.9502	33.9421	0.3116	2.7e-04	0.5389
485	-108.9719	-108.9719	-103.6324	0.9510	33.6771	0.3092	2.7e-04	0.5383
486	-108.9944	-108.9944	-103.5566	0.9501	33.9768	0.3119	2.7e-04	0.5389
487	-108.9865	-108.9865	-103.6405	0.9509	33.7006	0.3093	2.7e-04	0.5397
488	-108.9807	-108.9807	-103.6084	0.9507	33.7468	0.3098	2.7e-04	0.5385
489	-108.9780	-108.9780	-103.8307	0.9528	33.0750	0.3037	2.7e-04	0.5385
490	-108.9900	-108.9900	-103.6368	0.9509	33.7087	0.3094	2.7e-04	0.5388
491	-108.9796	-108.9796	-103.6038	0.9507	33.7858	0.3102	2.7e-04	0.5397
492	-108.9612	-108.9612	-103.5156	0.9500	33.9966	0.3122	2.7e-04	0.5390
493	-108.9820	-108.9820	-103.6421	0.9510	33.6736	0.3091	2.7e-04	0.5379
494	-108.9831	-108.9831	-103.5946	0.9506	33.8250	0.3105	2.7e-04	0.5375
495	-108.9727	-108.9727	-103.6215	0.9509	33.7114	0.3095	2.7e-04	0.5365
496	-108.9772	-108.9772	-103.6751	0.9513	33.5627	0.3081	2.7e-04	0.5373
497	-108.9804	-108.9804	-103.4591	0.9493	34.2290	0.3142	2.7e-04	0.5383
498	-108.9680	-108.9680	-103.5024	0.9498	34.0568	0.3127	2.7e-04	0.5381
499	-108.9763	-108.9763	-103.4936	0.9497	34.1112	0.3132	2.7e-04	0.5380
500	-108.9892	-108.9892	-103.5016	0.9497	34.1276	0.3133	2.7e-04	0.5379
501	-108.9675	-108.9675	-103.3362	0.9483	34.5604	0.3173	2.7e-04	0.5358
502	-108.9715	-108.9715	-103.5320	0.9501	33.9844	0.3120	2.7e-04	0.5378
503	-108.9819	-108.9819	-103.3939	0.9487	34.4315	0.3161	2.7e-04	0.5382
504	-108.9682	-108.9682	-103.2955	0.9479	34.6811	0.3184	2.7e-04	0.5364
505	-108.9675	-108.9675	-103.5097	0.9499	34.0358	0.3125	2.7e-04	0.5390
506	-108.9770	-108.9770	-103.3295	0.9482	34.6071	0.3177	2.7e-04	0.5398
507	-108.9773	-108.9773	-103.4604	0.9494	34.2176	0.3141	2.7e-04	0.5402
508	-108.9862	-108.9862	-103.2228	0.9471	34.9576	0.3209	2.7e-04	0.5382
509	-108.9736	-108.9736	-103.1740	0.9468	35.0587	0.3219	2.7e-04	0.5370
510	-108.9851	-108.9851	-103.2590	0.9475	34.8428	0.3199	2.7e-04	0.5375
511	-108.9796	-108.9796	-103.1037	0.9461	35.2878	0.3239	2.7e-04	0.5370
512	-108.9761	-108.9761	-103.4424	0.9492	34.2665	0.3146	2.7e-04	0.5373
513	-108.9833	-108.9833	-103.1567	0.9465	35.1433	0.3226	2.7e-04	0.5372
514	-108.9908	-108.9908	-103.1461	0.9464	35.1902	0.3230	2.7e-04	0.5365
515	-108.9779	-108.9779	-103.0058	0.9452	35.5494	0.3264	2.7e-04	0.5381
516	-108.9761	-108.9761	-103.1677	0.9467	35.0723	0.3220	2.7e-04	0.5385
517	-108.9708	-108.9708	-103.0860	0.9460	35.2966	0.3241	2.7e-04	0.5372
518	-108.9738	-108.9738	-103.0383	0.9455	35.4598	0.3255	2.7e-04	0.5372
519	-108.9678	-108.9678	-103.0437	0.9456	35.4182	0.3252	2.7e-04	0.5380
520	-108.9998	-108.9998	-102.9921	0.9449	35.6699	0.3274	2.7e-04	0.5390
521	-108.9865	-108.9865	-103.0287	0.9453	35.5213	0.3261	2.7e-04	0.5377
522	-108.9910	-108.9910	-103.0072	0.9451	35.5875	0.3267	2.7e-04	0.5385
523	-108.9853	-108.9853	-102.9538	0.9447	35.7296	0.3280	2.7e-04	0.5381
524	-108.9803	-108.9803	-102.7923	0.9432	36.1812	0.3322	2.7e-04	0.5405
525	-108.9729	-108.9729	-102.9871	0.9451	35.5963	0.3268	2.7e-04	0.5389
526	-108.9882	-108.9882	-102.8419	0.9436	36.0632	0.3311	2.7e-04	0.5379
527	-108.9741	-108.9741	-102.9388	0.9446	35.7431	0.3282	2.7e-04	0.5376
528	-108.9791	-108.9791	-103.1584	0.9466	35.1177	0.3224	2.7e-04	0.5382
529	-108.9764	-108.9764	-102.7305	0.9427	36.3391	0.3336	2.7e-04	0.5380
530	-108.9848	-108.9848	-102.8288	0.9435	36.0904	0.3313	2.7e-04	0.5374
531	-108.9781	-108.9781	-102.9743	0.9449	35.6509	0.3273	2.7e-04	0.5398
532	-108.9653	-108.9653	-102.6457	0.9420	36.5519	0.3356	2.7e-04	0.5395
533	-108.9780	-108.9780	-102.7538	0.9429	36.2798	0.3331	2.7e-04	0.5386
534	-108.9879	-108.9879	-102.7338	0.9426	36.3663	0.3338	2.7e-04	0.5391
535	-108.9802	-108.9802	-102.6270	0.9417	36.6487	0.3364	2.7e-04	0.5383
536	-108.9876	-108.9876	-102.7876	0.9431	36.2031	0.3324	2.7e-04	0.5387
537	-108.9892	-108.9892	-102.8770	0.9439	35.9669	0.3302	2.7e-04	0.5385
538	-108.9770	-108.9770	-102.6161	0.9416	36.6586	0.3366	2.7e-04	0.5375
539	-108.9879	-108.9879	-102.6568	0.9419	36.5818	0.3359	2.7e-04	0.5386
540	-108.9738	-108.9738	-102.8135	0.9435	36.1034	0.3315	2.7e-04	0.5393
541	-108.9834	-108.9834	-102.7547	0.9428	36.2940	0.3332	2.7e-04	0.5382
542	-108.9806	-108.9806	-102.8432	0.9437	36.0318	0.3308	2.7e-04	0.5376
543	-108.9873	-108.9873	-102.6090	0.9415	36.7047	0.3369	2.7e-04	0.5370
544	-108.9721	-108.9721	-102.8945	0.9442	35.8620	0.3292	2.7e-04	0.5382
545	-108.9768	-108.9768	-102.6298	0.9418	36.6311	0.3363	2.7e-04	0.5380
546	-108.9809	-108.9809	-102.5824	0.9413	36.7570	0.3375	2.7e-04	0.5384
547	-108.9729	-108.9729	-102.6837	0.9423	36.4666	0.3348	2.7e-04	0.5399
548	-108.9884	-108.9884	-102.5818	0.9412	36.7969	0.3378	2.7e-04	0.5391
549	-108.9887	-108.9887	-102.6021	0.9414	36.7392	0.3373	2.7e-04	0.5376
550	-108.9863	-108.9863	-102.6932	0.9423	36.4739	0.3348	2.7e-04	0.5384
551	-108.9774	-108.9774	-102.4697	0.9403	37.0702	0.3403	2.7e-04	0.5378
552	-108.9772	-108.9772	-102.5313	0.9409	36.9077	0.3388	2.7e-04	0.5386
553	-108.9679	-108.9679	-102.6712	0.9422	36.4847	0.3350	2.7e-04	0.5376
554	-108.9782	-108.9782	-102.5100	0.9406	36.9605	0.3393	2.7e-04	0.5376
555	-108.9836	-108.9836	-102.4926	0.9404	37.0307	0.3399	2.7e-04	0.5377
556	-108.9835	-108.9835	-102.5103	0.9406	36.9811	0.3395	2.7e-04	0.5366
557	-108.9787	-108.9787	-102.4618	0.9402	37.0990	0.3406	2.7e-04	0.5389
558	-108.9741	-108.9741	-102.4597	0.9402	37.0985	0.3406	2.7e-04	0.5391
559	-108.9852	-108.9852	-102.4091	0.9397	37.2603	0.3421	2.7e-04	0.5377
560	-108.9891	-108.9891	-102.6821	0.9421	36.5171	0.3352	2.7e-04	0.5385
561	-108.9763	-108.9763	-102.4994	0.9406	36.9930	0.3396	2.7e-04	0.5389
562	-108.9806	-108.9806	-102.4097	0.9397	37.2499	0.3420	2.7e-04	0.5376
563	-108.9759	-108.9759	-102.4417	0.9400	37.1468	0.3410	2.7e-04	0.5378
564	-108.9681	-108.9681	-102.5183	0.9408	36.9058	0.3389	2.7e-04	0.5386
565	-108.9746	-108.9746	-102.4167	0.9398	37.2120	0.3416	2.7e-04	0.5372
566	-108.9958	-108.9958	-102.5738	0.9411	36.8465	0.3382	2.7e-04	0.5383
567	-108.9781	-108.9781	-102.6037	0.9415	36.7047	0.3370	2.7e-04	0.5373
568	-108.9831	-108.9831	-102.6843	0.9422	36.4957	0.3350	2.7e-04	0.5382
569	-108.9747	-108.9747	-102.7108	0.9425	36.3940	0.3341	2.7e-04	0.5371
570	-108.9802	-108.9802	-102.4591	0.9402	37.1117	0.3407	2.7e-04	0.5376
571	-108.9811	-108.9811	-102.6997	0.9424	36.4469	0.3346	2.7e-04	0.5385
572	-108.9780	-108.9780	-102.5787	0.9413	36.7619	0.3375	2.7e-04	0.5381
573	-108.9904	-108.9904	-102.5450	0.9409	36.8998	0.3387	2.7e-04	0.5381
574	-108.9751	-108.9751	-102.5321	0.9409	36.8899	0.3387	2.7e-04	0.5388
575	-108.9918	-108.9918	-102.6156	0.9415	36.7134	0.3370	2.7e-04	0.5394
576	-108.9844	-108.9844	-102.7812	0.9431	36.2191	0.3325	2.7e-04	0.5398
577	-108.9761	-108.9761	-102.7623	0.9430	36.2551	0.3328	2.7e-04	0.5373
578	-108.9830	-108.9830	-102.6460	0.9419	36.5991	0.3359	2.7e-04	0.5372
579	-108.9911	-108.9911	-102.7122	0.9424	36.4397	0.3345	2.7e-04	0.5382
580	-108.9797	-108.9797	-102.8469	0.9437	36.0212	0.3307	2.7e-04	0.5371
581	-108.9891	-108.9891	-102.4378	0.9399	37.1955	0.3414	2.7e-04	0.5390
582	-108.9705	-108.9705	-102.7223	0.9427	36.3545	0.3337	2.7e-04	0.5396
583	-108.9905	-108.9905	-102.5141	0.9406	36.9926	0.3396	2.7e-04	0.5374
584	-108.9782	-108.9782	-102.3937	0.9396	37.2865	0.3423	2.7e-04	0.5382
585	-108.9904	-108.9904	-102.4650	0.9401	37.1308	0.3408	2.7e-04	0.5372
586	-108.9837	-108.9837	-102.5068	0.9406	36.9977	0.3396	2.7e-04	0.5375
587	-108.9798	-108.9798	-102.6045	0.9415	36.7142	0.3370	2.7e-04	0.5375
588	-108.9822	-108.9822	-102.6772	0.9421	36.5155	0.3352	2.7e-04	0.5378
589	-108.9865	-108.9865	-102.6388	0.9418	36.6289	0.3362	2.7e-04	0.5375
590	-108.9832	-108.9832	-102.6104	0.9415	36.7043	0.3369	2.7e-04	0.5377
591	-108.9888	-108.9888	-102.5196	0.9406	36.9693	0.3393	2.7e-04	0.5396
592	-108.9821	-108.9821	-102.4391	0.9400	37.1742	0.3413	2.7e-04	0.5392
593	-108.9819	-108.9819	-102.6725	0.9421	36.5244	0.3353	2.7e-04	0.5386
594	-108.9715	-108.9715	-102.9534	0.9448	35.6985	0.3277	2.7e-04	0.5393
595	-108.9937	-108.9937	-102.5004	0.9404	37.0425	0.3400	2.7e-04	0.5391
596	-108.9722	-108.9722	-102.6442	0.9419	36.5796	0.3358	2.7e-04	0.5387
597	-108.9784	-108.9784	-102.4619	0.9402	37.1015	0.3406	2.7e-04	0.5386
598	-108.9781	-108.9781	-102.6816	0.9422	36.4884	0.3350	2.7e-04	0.5396
599	-108.9846	-108.9846	-102.8787	0.9440	35.9492	0.3300	2.7e-04	0.5396
600	-108.9853	-108.9853	-102.6208	0.9416	36.6858	0.3367	2.7e-04	0.5399
601	-108.9877	-108.9877	-102.6790	0.9421	36.5240	0.3353	2.7e-04	0.5360
602	-108.9714	-108.9714	-102.8217	0.9436	36.0680	0.3311	2.7e-04	0.5384
603	-108.9818	-108.9818	-102.8362	0.9436	36.0501	0.3310	2.7e-04	0.5389
604	-108.9798	-108.9798	-102.6804	0.9422	36.4962	0.3350	2.7e-04	0.5392
605	-108.9881	-108.9881	-102.5627	0.9410	36.8538	0.3383	2.7e-04	0.5391
606	-108.9865	-108.9865	-102.5650	0.9411	36.8384	0.3381	2.7e-04	0.5396
607	-108.9814	-108.9814	-102.8362	0.9436	36.0548	0.3310	2.7e-04	0.5396
608	-108.9691	-108.9691	-102.7111	0.9426	36.3708	0.3339	2.7e-04	0.5390
609	-108.9731	-108.9731	-102.6379	0.9419	36.6018	0.3360	2.7e-04	0.5382
610	-108.9850	-108.9850	-102.6557	0.9419	36.5813	0.3358	2.7e-04	0.5393
611	-108.9781	-108.9781	-102.5016	0.9406	36.9940	0.3396	2.7e-04	0.5400
612	-108.9714	-108.9714	-102.7293	0.9427	36.3368	0.3336	2.7e-04	0.5395
613	-108.9876	-108.9876	-102.5900	0.9413	36.7628	0.3375	2.7e-04	0.5384
614	-108.9953	-108.9953	-102.6048	0.9414	36.7516	0.3373	2.7e-04	0.5403
615	-108.9776	-108.9776	-102.6523	0.9420	36.5590	0.3356	2.7e-04	0.5387
616	-108.9841	-108.9841	-102.4413	0.9400	37.1800	0.3413	2.7e-04	0.5378
617	-108.9722	-108.9722	-102.5375	0.9410	36.8728	0.3385	2.7e-04	0.5374
618	-108.9772	-108.9772	-102.6600	0.9420	36.5295	0.3353	2.7e-04	0.5373
619	-108.9734	-108.9734	-102.7248	0.9427	36.3513	0.3337	2.7e-04	0.5385
620	-108.9450	-108.9450	-102.4914	0.9408	36.9250	0.3391	2.7e-04	0.5376
621	-108.9822	-108.9822	-102.6064	0.9415	36.7167	0.3370	2.7e-04	0.5368
622	-108.9781	-108.9781	-102.4508	0.9401	37.1288	0.3408	2.7e-04	0.5396
623	-108.9736	-108.9736	-102.2529	0.9383	37.6639	0.3457	2.7e-04	0.5397
624	-108.9815	-108.9815	-102.2979	0.9387	37.5512	0.3447	2.7e-04	0.5400
625	-108.9647	-108.9647	-102.3658	0.9394	37.3031	0.3425	2.7e-04	0.5386
626	-108.9761	-108.9761	-102.2713	0.9385	37.6194	0.3453	2.7e-04	0.5385
627	-108.9793	-108.9793	-102.1368	0.9372	37.9869	0.3487	2.7e-04	0.5380
628	-108.9648	-108.9648	-102.2395	0.9383	37.6722	0.3458	2.7e-04	0.5382
629	-108.9790	-108.9790	-101.9642	0.9356	38.4428	0.3529	2.7e-04	0.5380
630	-108.9925	-108.9925	-102.0510	0.9363	38.2501	0.3511	2.7e-04	0.5375
631	-108.9757	-108.9757	-101.9271	0.9353	38.5433	0.3538	2.7e-04	0.5382
632	-108.9816	-108.9816	-102.0181	0.9361	38.3077	0.3517	2.7e-04	0.5384
633	-108.9773	-108.9773	-101.7007	0.9332	39.1347	0.3593	2.7e-04	0.5372
634	-108.9792	-108.9792	-101.8268	0.9344	38.8144	0.3563	2.7e-04	0.5387
635	-108.9897	-108.9897	-101.8354	0.9344	38.8122	0.3562	2.7e-04	0.5386
636	-108.9828	-108.9828	-101.9221	0.9352	38.5612	0.3539	2.7e-04	0.5376
637	-108.9878	-108.9878	-101.7575	0.9337	39.0141	0.3581	2.7e-04	0.5375
638	-108.9881	-108.9881	-101.9432	0.9354	38.5341	0.3537	2.7e-04	0.5383
639	-108.9833	-108.9833	-101.8527	0.9346	38.7481	0.3557	2.7e-04	0.5374
640	-108.9766	-108.9766	-101.6611	0.9329	39.2239	0.3601	2.7e-04	0.5387
641	-108.9816	-108.9816	-101.7145	0.9333	39.1145	0.3590	2.7e-04	0.5381
642	-108.9896	-108.9896	-101.8288	0.9343	38.8275	0.3564	2.7e-04	0.5376
643	-108.9910	-108.9910	-101.5652	0.9319	39.5228	0.3628	2.7e-04	0.5386
644	-108.9856	-108.9856	-101.7328	0.9335	39.0765	0.3587	2.7e-04	0.5378
645	-108.9597	-108.9597	-101.8224	0.9345	38.7706	0.3560	2.7e-04	0.5379
646	-108.9862	-108.9862	-101.8666	0.9347	38.7238	0.3555	2.7e-04	0.5394
647	-108.9809	-108.9809	-101.7041	0.9332	39.1373	0.3593	2.7e-04	0.5383
648	-108.9783	-108.9783	-101.7818	0.9340	38.9267	0.3573	2.7e-04	0.5389
649	-108.9922	-108.9922	-101.8186	0.9342	38.8515	0.3566	2.7e-04	0.5378
650	-108.9862	-108.9862	-101.7417	0.9335	39.0418	0.3584	2.7e-04	0.5398
651	-108.9704	-108.9704	-101.9190	0.9353	38.5438	0.3539	2.7e-04	0.5383
652	-108.9724	-108.9724	-101.8443	0.9346	38.7284	0.3556	2.7e-04	0.5385
653	-108.9795	-108.9795	-101.9686	0.9357	38.4426	0.3529	2.7e-04	0.5393
654	-108.9653	-108.9653	-101.7885	0.9341	38.8727	0.3569	2.7e-04	0.5376
655	-108.9854	-108.9854	-101.7999	0.9341	38.8992	0.3571	2.7e-04	0.5372
656	-108.9809	-108.9809	-101.5163	0.9315	39.6208	0.3637	2.7e-04	0.5379
657	-108.9848	-108.9848	-102.0238	0.9361	38.3025	0.3517	2.7e-04	0.5375
658	-108.9854	-108.9854	-101.8716	0.9347	38.7095	0.3553	2.7e-04	0.5394
659	-108.9946	-108.9946	-101.5434	0.9316	39.5701	0.3632	2.7e-04	0.5388
660	-108.9778	-108.9778	-101.5943	0.9322	39.3834	0.3616	2.6e-04	0.5391
661	-108.9813	-108.9813	-101.7164	0.9333	39.1048	0.3590	2.6e-04	0.5387
662	-108.9820	-108.9820	-101.7086	0.9333	39.1289	0.3592	2.6e-04	0.5378
663	-108.9886	-108.9886	-101.6961	0.9331	39.1796	0.3596	2.6e-04	0.5381
664	-108.9736	-108.9736	-101.4527	0.9310	39.7558	0.3650	2.6e-04	0.5384
665	-108.9781	-108.9781	-101.5373	0.9317	39.5556	0.3631	2.6e-04	0.5374
666	-108.9822	-108.9822	-101.4521	0.9309	39.7877	0.3653	2.6e-04	0.5374
667	-108.9779	-108.9779	-101.2006	0.9286	40.4139	0.3710	2.6e-04	0.5373
668	-108.9654	-108.9654	-101.4281	0.9308	39.8056	0.3655	2.6e-04	0.5376
669	-108.9884	-108.9884	-101.0267	0.9269	40.8700	0.3752	2.6e-04	0.5366
670	-108.9957	-108.9957	-100.9057	0.9258	41.1888	0.3780	2.6e-04	0.5382
671	-108.9884	-108.9884	-100.8200	0.9251	41.3803	0.3798	2.6e-04	0.5394
672	-108.9711	-108.9711	-100.9474	0.9264	41.0178	0.3766	2.6e-04	0.5394
673	-108.9818	-108.9818	-100.8428	0.9253	41.3072	0.3792	2.6e-04	0.5394
674	-108.9808	-108.9808	-100.5739	0.9229	41.9488	0.3851	2.6e-04	0.5377
675	-108.9714	-108.9714	-101.1281	0.9280	40.5654	0.3724	2.6e-04	0.5388
676	-108.9888	-108.9888	-100.6904	0.9239	41.6908	0.3827	2.6e-04	0.5388
677	-108.9885	-108.9885	-100.5750	0.9228	41.9760	0.3853	2.6e-04	0.5385
678	-108.9803	-108.9803	-100.5061	0.9222	42.1197	0.3866	2.6e-04	0.5386
679	-108.9861	-108.9861	-100.6720	0.9237	41.7321	0.3831	2.6e-04	0.5387
680	-108.9796	-108.9796	-100.5836	0.9230	41.9262	0.3849	2.6e-04	0.5389
681	-108.9820	-108.9820	-100.3719	0.9210	42.4415	0.3896	2.6e-04	0.5394
682	-108.9809	-108.9809	-100.3352	0.9207	42.5218	0.3903	2.6e-04	0.5383
683	-108.9809	-108.9809	-100.5719	0.9228	41.9571	0.3851	2.6e-04	0.5390
684	-108.9841	-108.9841	-100.3916	0.9212	42.3992	0.3892	2.6e-04	0.5383
685	-108.9816	-108.9816	-100.5397	0.9225	42.0284	0.3858	2.6e-04	0.5387
686	-108.9824	-108.9824	-100.5644	0.9228	41.9826	0.3854	2.6e-04	0.5393
687	-108.9778	-108.9778	-100.2964	0.9203	42.6067	0.3911	2.6e-04	0.5407
688	-108.9833	-108.9833	-100.5064	0.9222	42.1296	0.3867	2.6e-04	0.5380
689	-108.9885	-108.9885	-100.0313	0.9178	43.2479	0.3970	2.6e-04	0.5391
690	-108.9776	-108.9776	-100.3877	0.9212	42.3967	0.3891	2.6e-04	0.5390
691	-108.9863	-108.9863	-100.5931	0.9230	41.9239	0.3848	2.6e-04	0.5391
692	-108.9822	-108.9822	-100.2345	0.9197	42.7648	0.3925	2.6e-04	0.5391
693	-108.9843	-108.9843	-100.2141	0.9195	42.8199	0.3930	2.6e-04	0.5382
694	-108.9727	-108.9727	-100.1375	0.9189	42.9696	0.3944	2.6e-04	0.5379
695	-108.9820	-108.9820	-100.2263	0.9197	42.7813	0.3927	2.6e-04	0.5377
696	-108.9849	-108.9849	-100.2323	0.9197	42.7744	0.3926	2.6e-04	0.5379
697	-108.9807	-108.9807	-100.1309	0.9188	43.0019	0.3947	2.6e-04	0.5378
698	-108.9920	-108.9920	-100.1213	0.9186	43.0519	0.3952	2.6e-04	0.5376
699	-108.9911	-108.9911	-100.2761	0.9200	42.6852	0.3918	2.6e-04	0.5371
700	-108.9916	-108.9916	-99.7861	0.9155	43.8209	0.4022	2.6e-04	0.5393
701	-108.9741	-108.9741	-99.8025	0.9158	43.7438	0.4015	2.6e-04	0.5361
702	-108.9907	-108.9907	-99.8559	0.9162	43.6491	0.4007	2.6e-04	0.5373
703	-108.9882	-108.9882	-99.9177	0.9168	43.5101	0.3993	2.6e-04	0.5399
704	-108.9766	-108.9766	-100.0995	0.9185	43.0667	0.3953	2.6e-04	0.5383
705	-109.0003	-109.0003	-99.8023	0.9156	43.8050	0.4020	2.6e-04	0.5389
706	-108.9756	-108.9756	-99.9762	0.9174	43.3291	0.3977	2.6e-04	0.5385
707	-108.9949	-108.9949	-99.8757	0.9163	43.6297	0.4004	2.6e-04	0.5380
708	-108.9832	-108.9832	-99.8850	0.9165	43.5712	0.3999	2.6e-04	0.5377
709	-108.9775	-108.9775	-100.0661	0.9182	43.1438	0.3960	2.6e-04	0.5376
710	-108.9893	-108.9893	-100.0899	0.9183	43.1186	0.3958	2.6e-04	0.5384
711	-108.9877	-108.9877	-100.0944	0.9184	43.1091	0.3956	2.6e-04	0.5378
712	-108.9911	-108.9911	-100.2831	0.9201	42.6529	0.3915	2.6e-04	0.5381
713	-108.9920	-108.9920	-99.9859	0.9174	43.3708	0.3980	2.6e-04	0.5377
714	-108.9828	-108.9828	-99.9917	0.9175	43.3284	0.3977	2.6e-04	0.5386
715	-108.9861	-108.9861	-100.4650	0.9218	42.2286	0.3876	2.6e-04	0.5380
716	-108.9842	-108.9842	-100.4031	0.9213	42.3687	0.3889	2.6e-04	0.5377
717	-108.9677	-108.9677	-100.8225	0.9253	41.3243	0.3794	2.6e-04	0.5368
718	-108.9875	-108.9875	-100.5811	0.9229	41.9351	0.3849	2.6e-04	0.5396
719	-108.9809	-108.9809	-100.7832	0.9248	41.4530	0.3805	2.6e-04	0.5379
720	-108.9636	-108.9636	-100.8545	0.9256	41.1950	0.3782	2.6e-04	0.5384
721	-108.9970	-108.9970	-100.9771	0.9264	40.9989	0.3763	2.6e-04	0.5380
722	-108.9836	-108.9836	-100.8754	0.9256	41.2341	0.3785	2.6e-04	0.5384
723	-108.9911	-108.9911	-100.5851	0.9229	41.9569	0.3851	2.6e-04	0.5384
724	-108.9782	-108.9782	-100.6421	0.9235	41.7825	0.3835	2.6e-04	0.5376
725	-108.9889	-108.9889	-100.8196	0.9250	41.3629	0.3796	2.6e-04	0.5375
726	-108.9753	-108.9753	-100.7587	0.9246	41.4947	0.3809	2.6e-04	0.5368
727	-108.9944	-108.9944	-100.9919	0.9266	40.9704	0.3761	2.6e-04	0.5372
728	-108.9879	-108.9879	-100.9140	0.9259	41.1477	0.3777	2.6e-04	0.5382
729	-108.9858	-108.9858	-101.1858	0.9284	40.4727	0.3715	2.6e-04	0.5381
730	-108.9930	-108.9930	-101.1062	0.9276	40.6874	0.3735	2.6e-04	0.5380
731	-108.9723	-108.9723	-100.7452	0.9245	41.5241	0.3812	2.6e-04	0.5392
732	-108.9787	-108.9787	-101.0721	0.9274	40.7316	0.3739	2.6e-04	0.5390
733	-108.9783	-108.9783	-100.9728	0.9265	40.9781	0.3762	2.6e-04	0.5375
734	-108.9906	-108.9906	-100.8018	0.9249	41.4233	0.3802	2.6e-04	0.5379
735	-108.9944	-108.9944	-100.9123	0.9258	41.1706	0.3779	2.6e-04	0.5375
736	-108.9853	-108.9853	-100.2154	0.9195	42.8131	0.3930	2.6e-04	0.5384
737	-108.9811	-108.9811	-100.6914	0.9239	41.6589	0.3824	2.6e-04	0.5394
738	-108.9846	-108.9846	-100.6185	0.9232	41.8543	0.3842	2.6e-04	0.5407
739	-108.9796	-108.9796	-100.5771	0.9229	41.9340	0.3850	2.6e-04	0.5394
740	-108.9876	-108.9876	-100.1202	0.9186	43.0353	0.3950	2.6e-04	0.5373
741	-108.9902	-108.9902	-100.2207	0.9195	42.8171	0.3930	2.6e-04	0.5478
742	-108.9694	-108.9694	-100.3644	0.9210	42.4260	0.3895	2.6e-04	0.5387
743	-108.9962	-108.9962	-100.0898	0.9183	43.1355	0.3959	2.6e-04	0.5390
744	-108.9769	-108.9769	-100.1860	0.9193	42.8568	0.3933	2.6e-04	0.5394
745	-108.9734	-108.9734	-100.2437	0.9199	42.7202	0.3922	2.6e-04	0.5395
746	-108.9673	-108.9673	-100.5036	0.9223	42.0796	0.3863	2.6e-04	0.5398
747	-108.9710	-108.9710	-100.2473	0.9199	42.7025	0.3920	2.6e-04	0.5376
748	-108.9759	-108.9759	-100.2133	0.9196	42.7936	0.3929	2.6e-04	0.5377
749	-108.9761	-108.9761	-100.1880	0.9194	42.8591	0.3934	2.6e-04	0.5375
750	-108.9816	-108.9816	-100.1069	0.9186	43.0597	0.3953	2.6e-04	0.5372
751	-108.9751	-108.9751	-100.2054	0.9195	42.7976	0.3929	2.6e-04	0.5376
752	-108.9842	-108.9842	-100.1398	0.9188	42.9889	0.3946	2.6e-04	0.5380
753	-108.9809	-108.9809	-99.8039	0.9158	43.7437	0.4015	2.6e-04	0.5376
754	-108.9904	-108.9904	-99.9327	0.9169	43.4763	0.3991	2.6e-04	0.5383
755	-108.9829	-108.9829	-100.0896	0.9184	43.1028	0.3956	2.6e-04	0.5385
756	-108.9900	-108.9900	-99.8118	0.9158	43.7597	0.4016	2.6e-04	0.5398
757	-108.9733	-108.9733	-99.5673	0.9137	44.2718	0.4064	2.6e-04	0.5392
758	-108.9776	-108.9776	-99.7302	0.9151	43.9053	0.4030	2.6e-04	0.5398
759	-108.9763	-108.9763	-99.6283	0.9142	44.1366	0.4051	2.6e-04	0.5393
760	-108.9970	-108.9970	-99.4185	0.9121	44.6562	0.4099	2.6e-04	0.5386
761	-108.9841	-108.9841	-99.3177	0.9113	44.8448	0.4116	2.6e-04	0.5394
762	-108.9978	-108.9978	-99.3995	0.9119	44.7094	0.4103	2.6e-04	0.5390
763	-108.9865	-108.9865	-99.3419	0.9115	44.7965	0.4112	2.6e-04	0.5388
764	-108.9759	-108.9759	-99.1016	0.9094	45.3110	0.4159	2.6e-04	0.5373
765	-108.9829	-108.9829	-99.1975	0.9102	45.1156	0.4141	2.6e-04	0.5374
766	-108.9922	-108.9922	-99.3768	0.9118	44.7409	0.4107	2.6e-04	0.5370
767	-108.9805	-108.9805	-99.2185	0.9104	45.0620	0.4137	2.6e-04	0.5385
768	-108.9718	-108.9718	-98.7199	0.9059	46.1276	0.4234	2.6e-04	0.5389
769	-108.9931	-108.9931	-98.6068	0.9047	46.4127	0.4260	2.6e-04	0.5393
770	-108.9854	-108.9854	-98.5282	0.9040	46.5531	0.4273	2.6e-04	0.5394
771	-108.9796	-108.9796	-98.6702	0.9054	46.2479	0.4245	2.6e-04	0.5388
772	-108.9786	-108.9786	-98.7020	0.9057	46.1854	0.4239	2.6e-04	0.5369
773	-108.9839	-108.9839	-98.4685	0.9035	46.6736	0.4284	2.6e-04	0.5368
774	-108.9803	-108.9803	-98.5908	0.9047	46.4269	0.4261	2.6e-04	0.5394
775	-108.9978	-108.9978	-98.4506	0.9032	46.7601	0.4291	2.6e-04	0.5383
776	-108.9833	-108.9833	-98.4216	0.9031	46.7783	0.4294	2.6e-04	0.5385
777	-108.9810	-108.9810	-98.8513	0.9071	45.8627	0.4210	2.6e-04	0.5386
778	-108.9905	-108.9905	-98.2289	0.9013	47.2033	0.4332	2.6e-04	0.5386
779	-108.9817	-108.9817	-98.7478	0.9061	46.0947	0.4231	2.6e-04	0.5380
780	-108.9875	-108.9875	-98.7378	0.9060	46.1245	0.4233	2.6e-04	0.5380
781	-108.9909	-108.9909	-98.7608	0.9061	46.0656	0.4228	2.6e-04	0.5375
782	-108.9751	-108.9751	-98.9589	0.9081	45.6199	0.4188	2.6e-04	0.5371
783	-108.9789	-108.9789	-99.1404	0.9097	45.2172	0.4150	2.6e-04	0.5389
784	-108.9786	-108.9786	-98.9960	0.9084	45.5435	0.4181	2.6e-04	0.5400
785	-108.9843	-108.9843	-99.2280	0.9105	45.0483	0.4135	2.6e-04	0.5389
786	-108.9890	-108.9890	-98.9113	0.9075	45.7563	0.4200	2.6e-04	0.5389
787	-108.9833	-108.9833	-99.1330	0.9096	45.2569	0.4154	2.6e-04	0.5396
788	-108.9747	-108.9747	-98.5973	0.9048	46.3953	0.4259	2.6e-04	0.5388
789	-108.9688	-108.9688	-99.0011	0.9085	45.5073	0.4178	2.6e-04	0.5378
790	-108.9750	-108.9750	-99.0311	0.9088	45.4681	0.4173	2.6e-04	0.5394
791	-108.9879	-108.9879	-98.8707	0.9072	45.8369	0.4207	2.6e-04	0.5392
792	-108.9740	-108.9740	-98.9402	0.9079	45.6364	0.4189	2.6e-04	0.5386
793	-108.9858	-108.9858	-98.7268	0.9059	46.1448	0.4236	2.6e-04	0.5375
794	-108.9937	-108.9937	-98.9201	0.9076	45.7418	0.4199	2.6e-04	0.5393
795	-108.9894	-108.9894	-98.6702	0.9053	46.2636	0.4246	2.6e-04	0.5395
796	-108.9880	-108.9880	-98.4894	0.9037	46.6551	0.4282	2.6e-04	0.5387
797	-108.9954	-108.9954	-98.6912	0.9055	46.2450	0.4244	2.6e-04	0.5387
798	-108.9824	-108.9824	-98.4110	0.9030	46.7963	0.4295	2.6e-04	0.5395
799	-108.9948	-108.9948	-98.8875	0.9073	45.8030	0.4204	2.6e-04	0.5397
800	-108.9774	-108.9774	-98.4746	0.9036	46.6550	0.4283	2.6e-04	0.5401
801	-108.9822	-108.9822	-98.7610	0.9062	46.0674	0.4228	2.6e-04	0.5363
802	-108.9769	-108.9769	-98.8848	0.9074	45.7718	0.4201	2.6e-04	0.5384
803	-108.9786	-108.9786	-98.9731	0.9082	45.5913	0.4186	2.6e-04	0.5371
804	-108.9660	-108.9660	-98.6084	0.9049	46.3466	0.4255	2.6e-04	0.5377
805	-108.9856	-108.9856	-98.6293	0.9050	46.3443	0.4254	2.6e-04	0.5370
806	-108.9894	-108.9894	-98.4049	0.9029	46.8399	0.4299	2.6e-04	0.5384
807	-108.9818	-108.9818	-98.2751	0.9018	47.0812	0.4321	2.6e-04	0.5378
808	-108.9804	-108.9804	-98.2081	0.9012	47.2205	0.4334	2.6e-04	0.5369
809	-108.9878	-108.9878	-98.2976	0.9019	47.0031	0.4314	2.6e-04	0.5372
810	-108.9980	-108.9980	-98.0227	0.8993	47.6478	0.4373	2.6e-04	0.5383
811	-108.9856	-108.9856	-98.1995	0.9010	47.2526	0.4337	2.6e-04	0.5383
812	-108.9807	-108.9807	-98.3130	0.9021	47.0095	0.4315	2.6e-04	0.5392
813	-108.9804	-108.9804	-98.3920	0.9028	46.8271	0.4298	2.6e-04	0.5380
814	-108.9938	-108.9938	-98.0921	0.9000	47.4970	0.4359	2.6e-04	0.5381
815	-108.9904	-108.9904	-97.8445	0.8977	48.0022	0.4405	2.6e-04	0.5363
816	-108.9760	-108.9760	-98.1531	0.9007	47.3264	0.4344	2.6e-04	0.5376
817	-108.9872	-108.9872	-97.5193	0.8948	48.6482	0.4465	2.6e-04	0.5380
818	-108.9811	-108.9811	-98.0317	0.8995	47.5534	0.4365	2.6e-04	0.5375
819	-108.9880	-108.9880	-97.4903	0.8945	48.7098	0.4471	2.6e-04	0.5373
820	-108.9719	-108.9719	-97.8889	0.8983	47.8459	0.4392	2.6e-04	0.5377
821	-108.9846	-108.9846	-97.9148	0.8984	47.8245	0.4390	2.6e-04	0.5375
822	-108.9751	-108.9751	-97.7935	0.8974	48.0625	0.4412	2.6e-04	0.5361
823	-108.9863	-108.9863	-97.8348	0.8977	48.0055	0.4406	2.6e-04	0.5373
824	-108.9786	-108.9786	-97.6100	0.8957	48.4387	0.4447	2.6e-04	0.5384
825	-108.9890	-108.9890	-97.6311	0.8958	48.4061	0.4443	2.6e-04	0.5396
826	-108.9618	-108.9618	-97.3790	0.8937	48.8605	0.4485	2.6e-04	0.5405
827	-108.9828	-108.9828	-97.9798	0.8990	47.6995	0.4379	2.6e-04	0.5388
828	-108.9836	-108.9836	-97.5725	0.8953	48.5313	0.4455	2.6e-04	0.5378
829	-108.9893	-108.9893	-97.4313	0.8940	48.8303	0.4482	2.6e-04	0.5377
830	-108.9858	-108.9858	-97.5719	0.8953	48.5146	0.4453	2.6e-04	0.5376
831	-108.9920	-108.9920	-97.3343	0.8930	49.0225	0.4500	2.6e-04	0.5370
832	-108.9883	-108.9883	-97.6633	0.8961	48.3576	0.4439	2.6e-04	0.5373
833	-108.9983	-108.9983	-97.5194	0.8947	48.6688	0.4467	2.6e-04	0.5377
834	-108.9891	-108.9891	-97.8007	0.8973	48.0575	0.4411	2.6e-04	0.5387
835	-108.9784	-108.9784	-97.7344	0.8968	48.1952	0.4424	2.6e-04	0.5385
836	-108.9739	-108.9739	-97.4389	0.8941	48.7824	0.4478	2.6e-04	0.5387
837	-108.9775	-108.9775	-97.5296	0.8950	48.5987	0.4461	2.6e-04	0.5386
838	-108.9817	-108.9817	-97.2405	0.8923	49.1927	0.4515	2.6e-04	0.5385
839	-108.9781	-108.9781	-97.4006	0.8938	48.8639	0.4485	2.6e-04	0.5381
840	-108.9901	-108.9901	-97.3451	0.8932	48.9952	0.4497	2.6e-04	0.5382
841	-108.9972	-108.9972	-97.4656	0.8942	48.7698	0.4476	2.6e-04	0.5378
842	-108.9925	-108.9925	-97.2275	0.8921	49.2312	0.4519	2.6e-04	0.5385
843	-108.9790	-108.9790	-97.5620	0.8952	48.5402	0.4456	2.6e-04	0.5388
844	-108.9892	-108.9892	-97.3256	0.8930	49.0374	0.4501	2.6e-04	0.5387
845	-108.9732	-108.9732	-97.1796	0.8918	49.2923	0.4525	2.6e-04	0.5383
846	-108.9768	-108.9768	-96.9923	0.8900	49.6608	0.4558	2.6e-04	0.5392
847	-108.9881	-108.9881	-96.8631	0.8888	49.9187	0.4582	2.6e-04	0.5400
848	-108.9869	-108.9869	-96.7361	0.8876	50.1850	0.4606	2.6e-04	0.5390
849	-108.9610	-108.9610	-96.9496	0.8898	49.7172	0.4564	2.6e-04	0.5395
850	-108.9812	-108.9812	-96.6116	0.8865	50.4006	0.4626	2.6e-04	0.5383
851	-108.9796	-108.9796	-96.5460	0.8859	50.5349	0.4638	2.6e-04	0.5376
852	-108.9801	-108.9801	-96.8148	0.8884	50.0195	0.4591	2.6e-04	0.5379
853	-108.9847	-108.9847	-96.7212	0.8875	50.1925	0.4607	2.6e-04	0.5367
854	-108.9748	-108.9748	-96.7441	0.8878	50.1267	0.4601	2.6e-04	0.5377
855	-108.9829	-108.9829	-96.5162	0.8856	50.5844	0.4644	2.6e-04	0.5372
856	-108.9969	-108.9969	-96.6940	0.8871	50.2832	0.4615	2.6e-04	0.5381
857	-108.9897	-108.9897	-96.4847	0.8853	50.6735	0.4651	2.6e-04	0.5405
858	-108.9698	-108.9698	-96.2642	0.8834	51.0495	0.4686	2.6e-04	0.5386
859	-108.9639	-108.9639	-96.0659	0.8816	51.4033	0.4719	2.6e-04	0.5386
860	-108.9790	-108.9790	-96.0836	0.8817	51.4086	0.4719	2.6e-04	0.5379
861	-108.9862	-108.9862	-96.2903	0.8835	51.0310	0.4684	2.6e-04	0.5367
862	-108.9807	-108.9807	-96.0754	0.8816	51.4213	0.4720	2.6e-04	0.5375
863	-108.9739	-108.9739	-96.0873	0.8817	51.3870	0.4717	2.6e-04	0.5378
864	-108.9675	-108.9675	-95.9357	0.8804	51.6480	0.4741	2.6e-04	0.5376
865	-108.9847	-108.9847	-95.7843	0.8789	51.9743	0.4770	2.6e-04	0.5385
866	-108.9871	-108.9871	-96.0700	0.8815	51.4359	0.4721	2.6e-04	0.5378
867	-108.9897	-108.9897	-95.9814	0.8806	51.6148	0.4737	2.6e-04	0.5372
868	-108.9802	-108.9802	-95.9592	0.8805	51.6387	0.4740	2.6e-04	0.5379
869	-108.9733	-108.9733	-95.8611	0.8797	51.8031	0.4755	2.6e-04	0.5367
870	-108.9903	-108.9903	-95.6581	0.8777	52.2120	0.4792	2.6e-04	0.5380
871	-108.9944	-108.9944	-95.5428	0.8766	52.4212	0.4811	2.6e-04	0.5377
872	-108.9855	-108.9855	-95.8808	0.8798	51.7984	0.4754	2.6e-04	0.5366
873	-108.9748	-108.9748	-95.8087	0.8792	51.9095	0.4765	2.6e-04	0.5377
874	-108.9805	-108.9805	-95.8985	0.8800	51.7547	0.4750	2.6e-04	0.5367
875	-108.9819	-108.9819	-94.8020	0.8699	53.7342	0.4932	2.6e-04	0.5376
876	-108.9846	-108.9846	-95.1654	0.8732	53.0996	0.4873	2.6e-04	0.5372
877	-108.9948	-108.9948	-95.3625	0.8749	52.7595	0.4842	2.6e-04	0.5372
878	-108.9829	-108.9829	-95.2126	0.8736	53.0046	0.4865	2.6e-04	0.5372
879	-108.9965	-108.9965	-95.3541	0.8748	52.7833	0.4844	2.6e-04	0.5385
880	-108.9825	-108.9825	-95.1097	0.8727	53.1845	0.4882	2.6e-04	0.5388
881	-108.9972	-108.9972	-94.9088	0.8707	53.5791	0.4917	2.6e-04	0.5381
882	-108.9893	-108.9893	-95.3471	0.8748	52.7836	0.4844	2.5e-04	0.5370
883	-108.9860	-108.9860	-95.3429	0.8748	52.7790	0.4844	2.5e-04	0.5380
884	-108.9906	-108.9906	-95.4497	0.8758	52.5935	0.4827	2.5e-04	0.5375
885	-108.9759	-108.9759	-95.2257	0.8738	52.9739	0.4862	2.5e-04	0.5376
886	-108.9673	-108.9673	-95.9270	0.8803	51.6714	0.4743	2.5e-04	0.5378
887	-108.9812	-108.9812	-95.6683	0.8778	52.1747	0.4789	2.5e-04	0.5377
888	-108.9839	-108.9839	-95.7297	0.8784	52.0720	0.4779	2.5e-04	0.5384
889	-108.9742	-108.9742	-95.3165	0.8747	52.8039	0.4847	2.5e-04	0.5368
890	-109.0008	-109.0008	-95.5111	0.8762	52.5056	0.4819	2.5e-04	0.5373
891	-108.9766	-108.9766	-95.4619	0.8760	52.5408	0.4823	2.5e-04	0.5371
892	-108.9647	-108.9647	-95.7740	0.8789	51.9508	0.4769	2.5e-04	0.5384
893	-108.9802	-108.9802	-95.8351	0.8794	51.8665	0.4761	2.5e-04	0.5388
894	-108.9888	-108.9888	-94.8273	0.8701	53.7041	0.4929	2.5e-04	0.5389
895	-108.9863	-108.9863	-95.0486	0.8721	53.3016	0.4893	2.5e-04	0.5381
896	-108.9656	-108.9656	-95.4717	0.8762	52.4985	0.4819	2.5e-04	0.5373
897	-108.9897	-108.9897	-95.2607	0.8740	52.9362	0.4859	2.5e-04	0.5379
898	-108.9815	-108.9815	-95.4047	0.8754	52.6497	0.4833	2.5e-04	0.5382
899	-108.9899	-108.9899	-95.3497	0.8748	52.7725	0.4844	2.5e-04	0.5380
900	-108.9900	-108.9900	-95.4095	0.8754	52.6630	0.4834	2.5e-04	0.5379
901	-108.9723	-108.9723	-95.4510	0.8759	52.5528	0.4824	2.5e-04	0.5360
902	-109.0002	-109.0002	-94.8289	0.8700	53.7248	0.4931	2.5e-04	0.5371
903	-108.9759	-108.9759	-95.2105	0.8737	53.0009	0.4865	2.5e-04	0.5380
904	-108.9812	-108.9812	-94.9085	0.8709	53.5396	0.4915	2.5e-04	0.5374
905	-108.9878	-108.9878	-95.0672	0.8723	53.2714	0.4890	2.5e-04	0.5362
906	-108.9813	-108.9813	-95.5680	0.8769	52.3636	0.4806	2.5e-04	0.5368
907	-108.9777	-108.9777	-94.7050	0.8690	53.9028	0.4947	2.5e-04	0.5377
908	-108.9817	-108.9817	-94.9841	0.8716	53.4092	0.4903	2.5e-04	0.5388
909	-108.9784	-108.9784	-95.0928	0.8726	53.2158	0.4885	2.5e-04	0.5387
910	-108.9837	-108.9837	-94.6356	0.8683	54.0314	0.4959	2.5e-04	0.5396
911	-108.9852	-108.9852	-95.0032	0.8717	53.3833	0.4900	2.5e-04	0.5396
912	-108.9781	-108.9781	-95.2969	0.8745	52.8283	0.4849	2.5e-04	0.5396
913	-108.9867	-108.9867	-94.6301	0.8683	54.0454	0.4961	2.5e-04	0.5395
914	-108.9802	-108.9802	-95.2939	0.8744	52.8466	0.4851	2.5e-04	0.5391
915	-108.9799	-108.9799	-95.0689	0.8724	53.2573	0.4888	2.5e-04	0.5392
916	-108.9970	-108.9970	-94.7618	0.8694	53.8345	0.4941	2.5e-04	0.5393
917	-109.0021	-109.0021	-95.1640	0.8730	53.1264	0.4876	2.5e-04	0.5383
918	-108.9902	-108.9902	-94.9637	0.8713	53.4645	0.4907	2.5e-04	0.5393
919	-108.9808	-108.9808	-94.6105	0.8681	54.0725	0.4963	2.5e-04	0.5395
920	-108.9960	-108.9960	-94.6763	0.8686	53.9885	0.4955	2.5e-04	0.5392
921	-108.9841	-108.9841	-94.4412	0.8666	54.3332	0.4987	2.5e-04	0.5386
922	-108.9860	-108.9860	-94.7767	0.8696	53.7722	0.4936	2.5e-04	0.5394
923	-108.9859	-108.9859	-94.3035	0.8653	54.6105	0.5013	2.5e-04	0.5387
924	-108.9890	-108.9890	-94.3610	0.8658	54.5168	0.5004	2.5e-04	0.5390
925	-108.9839	-108.9839	-95.0170	0.8718	53.3555	0.4897	2.5e-04	0.5389
926	-108.9750	-108.9750	-94.9317	0.8711	53.4855	0.4910	2.5e-04	0.5480
927	-108.9926	-108.9926	-94.8018	0.8698	53.7539	0.4934	2.5e-04	0.5379
928	-108.9791	-108.9791	-94.5949	0.8680	54.0829	0.4964	2.5e-04	0.5366
929	-109.0034	-109.0034	-94.4217	0.8662	54.4219	0.4995	2.5e-04	0.5380
930	-108.9837	-108.9837	-94.5348	0.8674	54.2041	0.4976	2.5e-04	0.5377
931	-108.9783	-108.9783	-94.8228	0.8701	53.6918	0.4928	2.5e-04	0.5384
932	-108.9778	-108.9778	-94.6432	0.8685	54.0038	0.4957	2.5e-04	0.5393
933	-108.9951	-108.9951	-94.5015	0.8670	54.2881	0.4983	2.5e-04	0.5383
934	-108.9834	-108.9834	-94.6785	0.8687	53.9517	0.4952	2.5e-04	0.5384
935	-108.9904	-108.9904	-93.9944	0.8624	55.1513	0.5062	2.5e-04	0.5375
936	-108.9888	-108.9888	-94.3206	0.8654	54.5784	0.5010	2.5e-04	0.5373
937	-108.9910	-108.9910	-94.5863	0.8678	54.1311	0.4969	2.5e-04	0.5384
938	-108.9785	-108.9785	-94.4573	0.8668	54.3251	0.4987	2.5e-04	0.5377
939	-108.9773	-108.9773	-94.1566	0.8640	54.8531	0.5035	2.5e-04	0.5378
940	-108.9838	-108.9838	-94.5648	0.8677	54.1541	0.4971	2.5e-04	0.5376
941	-109.0007	-109.0007	-94.6213	0.8681	54.0720	0.4963	2.5e-04	0.5390
942	-108.9870	-108.9870	-93.9812	0.8623	55.1584	0.5063	2.5e-04	0.5406
943	-108.9794	-108.9794	-94.1736	0.8641	54.8255	0.5032	2.5e-04	0.5385
944	-108.9698	-108.9698	-94.0109	0.8627	55.0862	0.5057	2.5e-04	0.5384
945	-108.9791	-108.9791	-94.0591	0.8631	55.0183	0.5050	2.5e-04	0.5380
946	-108.9793	-108.9793	-93.9553	0.8621	55.1978	0.5067	2.5e-04	0.5384
947	-108.9748	-108.9748	-94.1025	0.8635	54.9339	0.5043	2.5e-04	0.5381
948	-108.9868	-108.9868	-94.1862	0.8642	54.8161	0.5031	2.5e-04	0.5383
949	-108.9826	-108.9826	-93.8445	0.8611	55.3787	0.5083	2.5e-04	0.5369
950	-108.9962	-108.9962	-94.3640	0.8658	54.5284	0.5005	2.5e-04	0.5382
951	-108.9737	-108.9737	-94.0017	0.8626	55.0930	0.5058	2.5e-04	0.5394
952	-108.9907	-108.9907	-93.8497	0.8611	55.3919	0.5084	2.5e-04	0.5393
953	-108.9871	-108.9871	-93.3681	0.8567	56.1951	0.5158	2.5e-04	0.5384
954	-108.9791	-108.9791	-93.7142	0.8599	55.6016	0.5104	2.5e-04	0.5375
955	-108.9654	-108.9654	-93.8600	0.8614	55.2625	0.5073	2.5e-04	0.5384
956	-108.9890	-108.9890	-93.1279	0.8545	56.6014	0.5195	2.5e-04	0.5390
957	-108.9917	-108.9917	-93.0387	0.8536	56.7477	0.5208	2.5e-04	0.5389
958	-108.9858	-108.9858	-93.3070	0.8561	56.3021	0.5167	2.5e-04	0.5385
959	-108.9753	-108.9753	-92.7896	0.8515	57.1275	0.5244	2.5e-04	0.5391
960	-108.9879	-108.9879	-92.9683	0.8530	56.8649	0.5219	2.5e-04	0.5396
961	-108.9826	-108.9826	-93.2734	0.8559	56.3458	0.5172	2.5e-04	0.5394
962	-108.9865	-108.9865	-92.9976	0.8533	56.8101	0.5214	2.5e-04	0.5382
963	-108.9872	-108.9872	-93.2105	0.8552	56.4554	0.5182	2.5e-04	0.5390
964	-108.9898	-108.9898	-92.9938	0.8532	56.8246	0.5215	2.5e-04	0.5382
965	-108.9765	-108.9765	-93.5060	0.8580	55.9525	0.5136	2.5e-04	0.5381
966	-108.9900	-108.9900	-93.1018	0.8542	56.6417	0.5199	2.5e-04	0.5388
967	-108.9954	-108.9954	-92.7663	0.8511	57.2005	0.5250	2.5e-04	0.5390
968	-108.9852	-108.9852	-93.6205	0.8590	55.7717	0.5119	2.5e-04	0.5378
969	-108.9947	-108.9947	-92.7769	0.8512	57.1866	0.5248	2.5e-04	0.5381
970	-108.9771	-108.9771	-93.5403	0.8583	55.8949	0.5130	2.5e-04	0.5375
971	-108.9884	-108.9884	-93.1647	0.8548	56.5283	0.5189	2.5e-04	0.5377
972	-108.9830	-108.9830	-93.6508	0.8593	55.7162	0.5114	2.5e-04	0.5374
973	-108.9791	-108.9791	-93.7267	0.8600	55.5807	0.5102	2.5e-04	0.5384
974	-108.9756	-108.9756	-93.4209	0.8573	56.0890	0.5149	2.5e-04	0.5390
975	-109.0028	-109.0028	-93.1394	0.8545	56.6050	0.5194	2.5e-04	0.5397
976	-108.9770	-108.9770	-93.4141	0.8572	56.1026	0.5150	2.5e-04	0.5378
977	-108.9912	-108.9912	-93.5401	0.8582	55.8952	0.5130	2.5e-04	0.5375
978	-108.9836	-108.9836	-93.2743	0.8559	56.3493	0.5172	2.5e-04	0.5375
979	-108.9856	-108.9856	-93.1050	0.8543	56.6301	0.5198	2.5e-04	0.5378
980	-108.9892	-108.9892	-93.0723	0.8540	56.6933	0.5203	2.5e-04	0.5374
981	-108.9886	-108.9886	-93.4118	0.8571	56.1234	0.5152	2.5e-04	0.5390
982	-108.9924	-108.9924	-93.1313	0.8545	56.5962	0.5194	2.5e-04	0.5388
983	-108.9839	-108.9839	-93.2341	0.8555	56.4087	0.5177	2.5e-04	0.5380
984	-108.9845	-108.9845	-92.8944	0.8524	56.9584	0.5228	2.5e-04	0.5384
985	-108.9743	-108.9743	-93.1551	0.8548	56.4978	0.5187	2.5e-04	0.5372
986	-108.9803	-108.9803	-92.9437	0.8528	56.8890	0.5222	2.5e-04	0.5383
987	-108.9873	-108.9873	-93.0072	0.8534	56.7963	0.5213	2.5e-04	0.5379
988	-108.9824	-108.9824	-93.0157	0.8535	56.7653	0.5210	2.5e-04	0.5380
989	-108.9801	-108.9801	-93.1161	0.8544	56.5996	0.5196	2.5e-04	0.5373
990	-108.9720	-108.9720	-93.0527	0.8539	56.6946	0.5204	2.5e-04	0.5385
991	-108.9973	-108.9973	-93.2222	0.8553	56.4573	0.5182	2.5e-04	0.5377
992	-108.9772	-108.9772	-92.8957	0.8524	56.9510	0.5227	2.5e-04	0.5387
993	-108.9919	-108.9919	-93.3141	0.8562	56.2840	0.5166	2.5e-04	0.5380
994	-108.9732	-108.9732	-92.8574	0.8521	57.0131	0.5233	2.5e-04	0.5384
995	-108.9731	-108.9731	-93.0160	0.8536	56.7551	0.5210	2.5e-04	0.5373
996	-108.9928	-108.9928	-93.1183	0.8544	56.6209	0.5197	2.5e-04	0.5374
997	-108.9913	-108.9913	-93.0775	0.8540	56.6749	0.5202	2.5e-04	0.5383
998	-108.9908	-108.9908	-92.8659	0.8521	57.0261	0.5234	2.5e-04	0.5376
999	-108.9845	-108.9845	-93.3282	0.8563	56.2593	0.5164	2.5e-04	0.5387
1000	-109.0040	-109.0040	-92.3991	0.8477	57.8141	0.5305	2.5e-04	0.5386
1001	-108.9743	-108.9743	-93.3068	0.8562	56.2771	0.5166	2.5e-04	0.5368
1002	-108.9841	-108.9841	-93.1414	0.8546	56.5690	0.5192	2.5e-04	0.5394
1003	-108.9760	-108.9760	-93.1222	0.8545	56.5889	0.5194	2.5e-04	0.5393
1004	-108.9700	-108.9700	-93.2420	0.8557	56.3685	0.5175	2.5e-04	0.5388
1005	-108.9956	-108.9956	-92.5881	0.8495	57.4924	0.5276	2.5e-04	0.5381
1006	-108.9875	-108.9875	-92.9306	0.8527	56.9241	0.5224	2.5e-04	0.5388
1007	-108.9896	-108.9896	-93.0097	0.8534	56.7912	0.5213	2.5e-04	0.5379
1008	-108.9999	-108.9999	-92.4037	0.8477	57.7980	0.5304	2.5e-04	0.5377
1009	-108.9838	-108.9838	-92.3289	0.8472	57.8867	0.5313	2.5e-04	0.5371
1010	-108.9779	-108.9779	-92.9863	0.8533	56.8035	0.5214	2.5e-04	0.5385
1011	-108.9756	-108.9756	-92.7838	0.8514	57.1417	0.5245	2.5e-04	0.5377
1012	-108.9931	-108.9931	-92.8780	0.8521	57.0209	0.5233	2.5e-04	0.5369
1013	-108.9684	-108.9684	-93.3605	0.8568	56.1796	0.5157	2.5e-04	0.5364
1014	-108.9684	-108.9684	-92.9181	0.8527	56.8728	0.5221	2.5e-04	0.5364
1015	-108.9759	-108.9759	-92.6447	0.8501	57.3578	0.5265	2.5e-04	0.5374
1016	-109.0002	-109.0002	-93.3394	0.8563	56.2576	0.5163	2.5e-04	0.5370
1017	-108.9745	-108.9745	-92.8534	0.8521	57.0047	0.5233	2.5e-04	0.5382
1018	-108.9810	-108.9810	-92.6937	0.8505	57.3007	0.5259	2.5e-04	0.5378
1019	-108.9950	-108.9950	-93.2752	0.8558	56.3703	0.5173	2.5e-04	0.5369
1020	-108.9946	-108.9946	-93.1325	0.8545	56.6037	0.5195	2.5e-04	0.5370
1021	-108.9763	-108.9763	-93.6104	0.8590	55.7771	0.5120	2.5e-04	0.5377
1022	-108.9659	-108.9659	-92.8821	0.8524	56.9586	0.5229	2.5e-04	0.5386
1023	-108.9827	-108.9827	-92.9911	0.8533	56.7985	0.5213	2.5e-04	0.5390
1024	-108.9725	-108.9725	-92.9056	0.8526	56.9378	0.5226	2.5e-04	0.5391
1025	-108.9774	-108.9774	-93.3315	0.8564	56.2405	0.5162	2.5e-04	0.5396
1026	-108.9867	-108.9867	-93.0761	0.8540	56.6654	0.5201	2.5e-04	0.5396
1027	-108.9877	-108.9877	-93.2911	0.8560	56.3247	0.5170	2.5e-04	0.5390
1028	-108.9880	-108.9880	-93.3768	0.8568	56.1860	0.5157	2.5e-04	0.5386
1029	-108.9898	-108.9898	-93.1770	0.8549	56.5109	0.5187	2.5e-04	0.5388
1030	-108.9988	-108.9988	-92.4803	0.8485	57.6749	0.5292	2.5e-04	0.5393
1031	-108.9954	-108.9954	-93.3830	0.8568	56.1888	0.5157	2.5e-04	0.5386
1032	-108.9724	-108.9724	-93.1081	0.8544	56.6011	0.5195	2.5e-04	0.5387
1033	-108.9851	-108.9851	-93.3210	0.8563	56.2723	0.5165	2.5e-04	0.5374
1034	-108.9939	-108.9939	-93.4110	0.8570	56.1428	0.5153	2.5e-04	0.5375
1035	-108.9757	-108.9757	-93.3295	0.8564	56.1795	0.5156	2.5e-04	0.5372
1036	-108.9764	-108.9764	-93.6983	0.8598	55.6072	0.5104	2.5e-04	0.5372
1037	-108.9862	-108.9862	-93.1972	0.8551	56.4789	0.5184	2.5e-04	0.5371
1038	-108.9873	-108.9873	-93.7065	0.8598	55.6427	0.5106	2.5e-04	0.5380
1039	-108.9883	-108.9883	-93.1439	0.8546	56.5757	0.5192	2.5e-04	0.5372
1040	-108.9875	-108.9875	-93.5829	0.8587	55.8417	0.5125	2.5e-04	0.5372
1041	-108.9768	-108.9768	-93.7690	0.8604	55.5096	0.5095	2.5e-04	0.5373
1042	-108.9775	-108.9775	-94.0259	0.8628	55.0655	0.5054	2.5e-04	0.5385
1043	-108.9802	-108.9802	-93.7113	0.8599	55.6102	0.5104	2.5e-04	0.5370
1044	-108.9680	-108.9680	-93.6279	0.8592	55.7370	0.5116	2.5e-04	0.5376
1045	-108.9895	-108.9895	-93.7855	0.8605	55.4968	0.5093	2.5e-04	0.5373
1046	-108.9834	-108.9834	-93.9837	0.8624	55.1593	0.5063	2.5e-04	0.5360
1047	-108.9794	-108.9794	-94.1715	0.8641	54.8204	0.5032	2.5e-04	0.5357
1048	-108.9749	-108.9749	-93.8422	0.8611	55.3720	0.5083	2.5e-04	0.5361
1049	-108.9848	-108.9848	-93.7981	0.8607	55.4318	0.5088	2.5e-04	0.5360
1050	-108.9863	-108.9863	-93.7245	0.8600	55.6024	0.5103	2.5e-04	0.5356
1051	-108.9907	-108.9907	-93.8729	0.8613	55.3611	0.5081	2.5e-04	0.5383
1052	-108.9883	-108.9883	-94.3802	0.8660	54.4880	0.5001	2.5e-04	0.5375
1053	-108.9732	-108.9732	-93.8266	0.8610	55.3923	0.5084	2.5e-04	0.5371
1054	-108.9921	-108.9921	-94.1704	0.8640	54.8620	0.5035	2.5e-04	0.5368
1055	-108.9877	-108.9877	-94.1438	0.8638	54.8883	0.5037	2.5e-04	0.5367
1056	-108.9730	-108.9730	-94.6038	0.8681	54.0569	0.4962	2.5e-04	0.5369
1057	-108.9903	-108.9903	-94.2006	0.8643	54.7985	0.5029	2.5e-04	0.5386
1058	-109.0005	-109.0005	-94.3493	0.8656	54.5611	0.5007	2.5e-04	0.5377
1059	-108.9938	-108.9938	-94.2029	0.8643	54.7987	0.5029	2.5e-04	0.5363
1060	-108.9811	-108.9811	-94.3612	0.8658	54.4892	0.5002	2.5e-04	0.5370
1061	-108.9961	-108.9961	-94.2187	0.8644	54.7517	0.5025	2.5e-04	0.5374
1062	-108.9902	-108.9902	-94.4231	0.8663	54.4187	0.4994	2.5e-04	0.5378
1063	-108.9833	-108.9833	-94.3088	0.8654	54.6004	0.5012	2.5e-04	0.5361
1064	-108.9858	-108.9858	-94.5377	0.8674	54.2078	0.4975	2.5e-04	0.5376
1065	-108.9735	-108.9735	-94.3647	0.8659	54.4822	0.5001	2.5e-04	0.5367
1066	-108.9735	-108.9735	-94.6682	0.8687	53.9484	0.4952	2.5e-04	0.5369
1067	-108.9707	-108.9707	-94.8169	0.8701	53.6697	0.4927	2.5e-04	0.5381
1068	-108.9835	-108.9835	-94.8361	0.8702	53.6831	0.4927	2.5e-04	0.5390
1069	-108.9788	-108.9788	-94.7587	0.8695	53.8040	0.4939	2.5e-04	0.5384
1070	-108.9743	-108.9743	-94.8551	0.8704	53.6328	0.4923	2.5e-04	0.5370
1071	-108.9885	-108.9885	-94.8565	0.8703	53.6577	0.4924	2.5e-04	0.5357
1072	-108.9698	-108.9698	-94.8230	0.8702	53.6766	0.4927	2.5e-04	0.5361
1073	-108.9824	-108.9824	-94.5157	0.8673	54.2305	0.4978	2.5e-04	0.5361
1074	-108.9899	-108.9899	-94.9583	0.8713	53.4774	0.4908	2.5e-04	0.5367
1075	-108.9762	-108.9762	-94.8084	0.8700	53.7138	0.4931	2.5e-04	0.5373
1076	-108.9797	-108.9797	-94.5445	0.8675	54.1485	0.4970	2.5e-04	0.5373
1077	-108.9894	-108.9894	-94.1162	0.8635	54.9465	0.5043	2.5e-04	0.5361
1078	-108.9851	-108.9851	-94.7261	0.8692	53.8706	0.4945	2.5e-04	0.5377
1079	-108.9746	-108.9746	-94.5553	0.8677	54.1531	0.4971	2.5e-04	0.5375
1080	-108.9777	-108.9777	-94.5870	0.8679	54.0988	0.4966	2.5e-04	0.5370
1081	-108.9740	-108.9740	-94.9469	0.8713	53.4649	0.4908	2.5e-04	0.5366
1082	-108.9950	-108.9950	-94.0573	0.8630	55.0362	0.5051	2.5e-04	0.5379
1083	-108.9707	-108.9707	-94.3314	0.8657	54.5371	0.5006	2.5e-04	0.5368
1084	-108.9842	-108.9842	-94.3382	0.8656	54.5564	0.5007	2.5e-04	0.5382
1085	-108.9871	-108.9871	-94.4863	0.8669	54.2989	0.4984	2.5e-04	0.5373
1086	-108.9876	-108.9876	-94.1028	0.8634	54.9609	0.5045	2.5e-04	0.5375
1087	-108.9812	-108.9812	-94.4055	0.8663	54.4206	0.4996	2.5e-04	0.5381
1088	-108.9800	-108.9800	-94.4669	0.8668	54.3189	0.4986	2.5e-04	0.5382
1089	-108.9874	-108.9874	-93.7987	0.8606	55.4230	0.5087	2.5e-04	0.5385
1090	-108.9757	-108.9757	-94.3212	0.8655	54.5606	0.5009	2.5e-04	0.5389
1091	-108.9798	-108.9798	-93.3581	0.8567	56.2007	0.5159	2.5e-04	0.5394
1092	-108.9803	-108.9803	-93.7366	0.8601	55.5732	0.5101	2.5e-04	0.5381
1093	-108.9752	-108.9752	-93.9429	0.8621	55.2112	0.5068	2.5e-04	0.5374
1094	-108.9952	-108.9952	-93.5918	0.8587	55.8418	0.5125	2.5e-04	0.5376
1095	-108.9865	-108.9865	-93.7861	0.8605	55.4975	0.5094	2.5e-04	0.5382
1096	-108.9976	-108.9976	-93.4362	0.8572	56.0763	0.5146	2.5e-04	0.5373
1097	-108.9746	-108.9746	-93.0096	0.8535	56.7645	0.5211	2.5e-04	0.5377
1098	-108.9967	-108.9967	-92.4770	0.8484	57.6692	0.5293	2.5e-04	0.5380
1099	-108.9819	-108.9819	-92.8541	0.8520	57.0388	0.5235	2.5e-04	0.5372
1100	-108.9802	-108.9802	-92.5206	0.8490	57.5524	0.5283	2.5e-04	0.5370
1101	-108.9719	-108.9719	-92.7925	0.8515	57.1208	0.5243	2.5e-04	0.5362
1102	-108.9795	-108.9795	-92.7846	0.8514	57.1307	0.5244	2.5e-04	0.5379
1103	-108.9800	-108.9800	-93.2677	0.8558	56.3535	0.5172	2.5e-04	0.5378
1104	-108.9818	-108.9818	-92.8804	0.8523	56.9911	0.5231	2.5e-04	0.5370
1105	-108.9878	-108.9878	-92.4459	0.8482	57.6965	0.5295	2.5e-04	0.5361
1106	-108.9869	-108.9869	-93.0224	0.8535	56.7655	0.5210	2.5e-04	0.5375
1107	-108.9801	-108.9801	-92.9774	0.8532	56.8261	0.5216	2.5e-04	0.5372
1108	-108.9888	-108.9888	-92.7495	0.8510	57.2125	0.5251	2.5e-04	0.5373
1109	-108.9914	-108.9914	-92.0443	0.8445	58.3499	0.5355	2.5e-04	0.5385
1110	-108.9765	-108.9765	-92.4425	0.8483	57.6920	0.5295	2.5e-04	0.5394
1111	-108.9809	-108.9809	-92.1634	0.8457	58.1460	0.5337	2.5e-04	0.5391
1112	-108.9862	-108.9862	-92.5600	0.8493	57.4758	0.5276	2.5e-04	0.5381
1113	-108.9937	-108.9937	-92.4873	0.8486	57.6028	0.5287	2.5e-04	0.5375
1114	-108.9732	-108.9732	-92.6796	0.8505	57.3003	0.5260	2.5e-04	0.5375
1115	-108.9771	-108.9771	-91.9309	0.8436	58.4994	0.5370	2.5e-04	0.5373
1116	-108.9702	-108.9702	-92.6147	0.8499	57.4082	0.5269	2.5e-04	0.5376
1117	-108.9846	-108.9846	-92.6144	0.8498	57.4311	0.5271	2.5e-04	0.5371
1118	-108.9823	-108.9823	-92.5441	0.8492	57.5346	0.5281	2.5e-04	0.5376
1119	-108.9765	-108.9765	-92.1712	0.8458	58.1187	0.5335	2.5e-04	0.5371
1120	-108.9875	-108.9875	-92.2854	0.8468	57.9533	0.5320	2.5e-04	0.5370
1121	-108.9801	-108.9801	-92.2335	0.8463	58.0356	0.5327	2.5e-04	0.5369
1122	-108.9863	-108.9863	-92.4507	0.8483	57.6968	0.5295	2.4e-04	0.5378
1123	-108.9722	-108.9722	-92.2146	0.8462	58.0455	0.5328	2.4e-04	0.5372
1124	-108.9772	-108.9772	-92.2864	0.8468	57.9358	0.5318	2.4e-04	0.5384
1125	-108.9906	-108.9906	-92.1795	0.8458	58.1334	0.5336	2.4e-04	0.5391
1126	-108.9853	-108.9853	-92.3385	0.8473	57.8740	0.5312	2.4e-04	0.5389
1127	-108.9863	-108.9863	-92.0823	0.8449	58.2847	0.5349	2.4e-04	0.5374
1128	-108.9747	-108.9747	-92.0302	0.8445	58.3292	0.5354	2.4e-04	0.5376
1129	-108.9774	-108.9774	-91.8562	0.8429	58.6254	0.5381	2.4e-04	0.5369
1130	-108.9830	-108.9830	-92.6114	0.8498	57.4316	0.5271	2.4e-04	0.5376
1131	-108.9809	-108.9809	-92.2766	0.8467	57.9684	0.5320	2.4e-04	0.5384
1132	-108.9900	-108.9900	-92.4641	0.8484	57.6685	0.5293	2.4e-04	0.5387
1133	-108.9805	-108.9805	-92.5008	0.8488	57.6021	0.5287	2.4e-04	0.5393
1134	-108.9808	-108.9808	-92.1336	0.8454	58.1971	0.5341	2.4e-04	0.5385
1135	-108.9890	-108.9890	-92.6751	0.8503	57.3380	0.5263	2.4e-04	0.5396
1136	-108.9780	-108.9780	-92.4520	0.8484	57.6589	0.5293	2.4e-04	0.5390
1137	-108.9902	-108.9902	-92.8364	0.8518	57.0798	0.5239	2.4e-04	0.5384
1138	-108.9983	-108.9983	-92.7859	0.8513	57.1776	0.5247	2.4e-04	0.5391
1139	-108.9910	-108.9910	-92.4639	0.8484	57.6832	0.5294	2.4e-04	0.5392
1140	-108.9860	-108.9860	-92.3717	0.8476	57.8196	0.5307	2.4e-04	0.5395
1141	-108.9939	-108.9939	-92.6207	0.8498	57.4367	0.5271	2.4e-04	0.5396
1142	-108.9794	-108.9794	-93.1234	0.8545	56.5917	0.5194	2.4e-04	0.5394
1143	-108.9817	-108.9817	-93.1480	0.8547	56.5477	0.5190	2.4e-04	0.5390
1144	-108.9847	-108.9847	-93.1502	0.8547	56.5315	0.5189	2.4e-04	0.5393
1145	-108.9878	-108.9878	-92.8104	0.8516	57.1041	0.5242	2.4e-04	0.5383
1146	-108.9647	-108.9647	-93.4801	0.8579	55.9717	0.5138	2.4e-04	0.5390
1147	-108.9790	-108.9790	-92.6370	0.8500	57.3683	0.5267	2.4e-04	0.5395
1148	-108.9705	-108.9705	-92.8609	0.8522	57.0053	0.5233	2.4e-04	0.5386
1149	-108.9968	-108.9968	-92.7474	0.8509	57.2269	0.5252	2.4e-04	0.5376
1150	-108.9708	-108.9708	-92.3524	0.8475	57.8179	0.5308	2.4e-04	0.5384
1151	-108.9807	-108.9807	-91.6003	0.8405	59.0115	0.5417	2.4e-04	0.5375
1152	-108.9842	-108.9842	-92.4204	0.8480	57.7359	0.5300	2.4e-04	0.5377
1153	-108.9984	-108.9984	-92.1757	0.8457	58.1508	0.5336	2.4e-04	0.5369
1154	-108.9793	-108.9793	-91.8839	0.8431	58.5839	0.5377	2.4e-04	0.5376
1155	-108.9763	-108.9763	-91.8947	0.8433	58.5462	0.5374	2.4e-04	0.5375
1156	-108.9670	-108.9670	-91.5547	0.8402	59.0663	0.5422	2.4e-04	0.5386
1157	-108.9798	-108.9798	-91.0848	0.8358	59.8103	0.5490	2.4e-04	0.5381
1158	-108.9866	-108.9866	-91.1448	0.8363	59.7319	0.5482	2.4e-04	0.5382
1159	-108.9856	-108.9856	-91.1542	0.8364	59.7068	0.5480	2.4e-04	0.5376
1160	-108.9728	-108.9728	-90.8838	0.8340	60.0896	0.5515	2.4e-04	0.5381
1161	-108.9692	-108.9692	-91.6603	0.8412	58.9046	0.5407	2.4e-04	0.5372
1162	-108.9793	-108.9793	-90.7518	0.8327	60.3134	0.5536	2.4e-04	0.5386
1163	-108.9718	-108.9718	-90.1783	0.8275	61.1627	0.5614	2.4e-04	0.5385
1164	-108.9736	-108.9736	-90.9048	0.8342	60.0789	0.5515	2.4e-04	0.5371
1165	-108.9805	-108.9805	-90.3861	0.8294	60.8700	0.5587	2.4e-04	0.5381
1166	-108.9793	-108.9793	-89.7846	0.8239	61.7455	0.5668	2.4e-04	0.5383
1167	-108.9903	-108.9903	-89.6547	0.8226	61.9092	0.5682	2.4e-04	0.5377
1168	-108.9802	-108.9802	-89.5493	0.8217	62.0909	0.5699	2.4e-04	0.5377
1169	-108.9734	-108.9734	-89.8730	0.8247	61.6089	0.5655	2.4e-04	0.5372
1170	-108.9950	-108.9950	-89.0816	0.8173	62.7868	0.5762	2.4e-04	0.5376
1171	-108.9826	-108.9826	-89.9452	0.8253	61.5202	0.5647	2.4e-04	0.5369
1172	-108.9741	-108.9741	-90.1113	0.8269	61.2657	0.5623	2.4e-04	0.5379
1173	-108.9860	-108.9860	-89.5301	0.8215	62.1235	0.5702	2.4e-04	0.5388
1174	-108.9906	-108.9906	-89.9021	0.8249	61.5850	0.5653	2.4e-04	0.5390
1175	-108.9871	-108.9871	-89.6080	0.8222	62.0148	0.5692	2.4e-04	0.5393
1176	-108.9871	-108.9871	-89.6155	0.8223	61.9983	0.5690	2.4e-04	0.5386
1177	-108.9978	-108.9978	-88.8104	0.8148	63.1667	0.5797	2.4e-04	0.5381
1178	-108.9837	-108.9837	-89.6038	0.8222	62.0186	0.5692	2.4e-04	0.5371
1179	-108.9727	-108.9727	-88.9622	0.8164	62.9003	0.5774	2.4e-04	0.5385
1180	-108.9845	-108.9845	-89.0755	0.8173	62.7749	0.5762	2.4e-04	0.5375
1181	-108.9861	-108.9861	-88.4070	0.8112	63.7101	0.5848	2.4e-04	0.5385
1182	-108.9800	-108.9800	-88.7367	0.8142	63.2324	0.5803	2.4e-04	0.5370
1183	-108.9924	-108.9924	-88.6280	0.8132	63.4172	0.5820	2.4e-04	0.5371
1184	-108.9950	-108.9950	-88.7970	0.8147	63.1801	0.5799	2.4e-04	0.5374
1185	-108.9735	-108.9735	-88.5240	0.8123	63.5227	0.5831	2.4e-04	0.5373
1186	-108.9891	-108.9891	-88.3327	0.8105	63.8145	0.5858	2.4e-04	0.5371
1187	-108.9838	-108.9838	-88.4239	0.8113	63.6887	0.5845	2.4e-04	0.5375
1188	-108.9876	-108.9876	-88.9191	0.8159	63.0091	0.5782	2.4e-04	0.5380
1189	-108.9789	-108.9789	-88.9966	0.8166	62.8812	0.5771	2.4e-04	0.5380
1190	-108.9738	-108.9738	-88.3437	0.8107	63.7767	0.5854	2.4e-04	0.5371
1191	-108.9883	-108.9883	-88.9285	0.8159	62.9828	0.5780	2.4e-04	0.5377
1192	-108.9851	-108.9851	-89.1670	0.8182	62.6436	0.5750	2.4e-04	0.5385
1193	-108.9909	-108.9909	-89.4936	0.8211	62.1494	0.5704	2.4e-04	0.5376
1194	-108.9815	-108.9815	-88.9626	0.8163	62.9230	0.5775	2.4e-04	0.5383
1195	-108.9852	-108.9852	-89.0120	0.8167	62.8612	0.5770	2.4e-04	0.5387
1196	-108.9777	-108.9777	-89.0608	0.8172	62.7629	0.5761	2.4e-04	0.5385
1197	-109.0003	-109.0003	-88.8281	0.8149	63.1500	0.5796	2.4e-04	0.5382
1198	-108.9786	-108.9786	-89.4028	0.8204	62.2966	0.5718	2.4e-04	0.5382
1199	-108.9858	-108.9858	-88.9082	0.8158	63.0163	0.5784	2.4e-04	0.5383
1200	-108.9712	-108.9712	-89.4271	0.8206	62.2116	0.5710	2.4e-04	0.5384
1201	-108.9829	-108.9829	-89.0565	0.8172	62.8033	0.5764	2.4e-04	0.5357
1202	-108.9854	-108.9854	-89.0366	0.8170	62.8288	0.5767	2.4e-04	0.5400
1203	-108.9881	-108.9881	-89.3240	0.8196	62.4274	0.5730	2.4e-04	0.5377
1204	-108.9749	-108.9749	-89.5105	0.8214	62.1387	0.5703	2.4e-04	0.5387
1205	-108.9806	-108.9806	-89.3421	0.8198	62.3824	0.5726	2.4e-04	0.5385
1206	-108.9937	-108.9937	-88.8210	0.8149	63.1423	0.5796	2.4e-04	0.5386
1207	-108.9881	-108.9881	-89.1284	0.8178	62.6991	0.5755	2.4e-04	0.5370
1208	-108.9868	-108.9868	-88.5520	0.8125	63.5130	0.5830	2.4e-04	0.5396
1209	-108.9757	-108.9757	-88.8789	0.8156	63.0402	0.5785	2.4e-04	0.5389
1210	-108.9949	-108.9949	-89.2733	0.8191	62.5040	0.5737	2.4e-04	0.5398
1211	-108.9828	-108.9828	-88.7245	0.8141	63.2654	0.5806	2.4e-04	0.5376
1212	-108.9829	-108.9829	-89.2427	0.8189	62.5381	0.5740	2.4e-04	0.5377
1213	-108.9883	-108.9883	-88.9004	0.8157	63.0303	0.5785	2.4e-04	0.5379
1214	-108.9713	-108.9713	-89.3474	0.8199	62.3692	0.5725	2.4e-04	0.5371
1215	-108.9848	-108.9848	-89.5051	0.8213	62.1699	0.5705	2.4e-04	0.5380
1216	-108.9869	-108.9869	-89.7332	0.8233	61.8272	0.5675	2.4e-04	0.5380
1217	-108.9823	-108.9823	-89.7192	0.8232	61.8503	0.5677	2.4e-04	0.5374
1218	-108.9700	-108.9700	-89.5850	0.8221	61.9993	0.5691	2.4e-04	0.5382
1219	-108.9737	-108.9737	-89.6870	0.8230	61.8866	0.5680	2.4e-04	0.5382
1220	-108.9814	-108.9814	-89.3133	0.8195	62.4293	0.5730	2.4e-04	0.5391
1221	-108.9892	-108.9892	-89.6498	0.8226	61.9600	0.5686	2.4e-04	0.5396
1222	-108.9887	-108.9887	-89.3929	0.8202	62.3318	0.5721	2.4e-04	0.5400
1223	-108.9965	-108.9965	-88.9791	0.8163	62.9277	0.5775	2.4e-04	0.5395
1224	-108.9840	-108.9840	-89.0282	0.8169	62.8406	0.5767	2.4e-04	0.5397
1225	-108.9808	-108.9808	-89.9600	0.8255	61.5008	0.5644	2.4e-04	0.5389
1226	-108.9810	-108.9810	-89.6345	0.8225	61.9610	0.5687	2.4e-04	0.5379
1227	-108.9818	-108.9818	-89.5645	0.8218	62.0770	0.5697	2.4e-04	0.5377
1228	-108.9974	-108.9974	-89.5104	0.8212	62.1534	0.5704	2.4e-04	0.5375
1229	-108.9885	-108.9885	-90.2174	0.8278	61.1304	0.5610	2.4e-04	0.5377
1230	-108.9933	-108.9933	-89.8875	0.8247	61.6160	0.5655	2.4e-04	0.5379
1231	-108.9925	-108.9925	-90.0295	0.8260	61.4174	0.5636	2.4e-04	0.5374
1232	-108.9685	-108.9685	-90.1705	0.8275	61.1665	0.5615	2.4e-04	0.5393
1233	-108.9936	-108.9936	-90.4672	0.8300	60.7685	0.5577	2.4e-04	0.5382
1234	-108.9742	-108.9742	-90.8136	0.8333	60.1953	0.5525	2.4e-04	0.5398
1235	-108.9828	-108.9828	-90.6302	0.8316	60.5214	0.5554	2.4e-04	0.5392
1236	-108.9759	-108.9759	-90.2084	0.8278	61.1060	0.5609	2.4e-04	0.5392
1237	-108.9809	-108.9809	-90.9635	0.8347	59.9991	0.5507	2.4e-04	0.5386
1238	-109.0023	-109.0023	-90.5788	0.8310	60.6146	0.5563	2.4e-04	0.5391
1239	-108.9838	-108.9838	-90.8703	0.8338	60.1496	0.5521	2.4e-04	0.5386
1240	-108.9914	-108.9914	-90.2297	0.8279	61.1057	0.5609	2.4e-04	0.5389
1241	-108.9924	-108.9924	-90.8189	0.8333	60.2368	0.5529	2.4e-04	0.5380
1242	-108.9866	-108.9866	-90.7839	0.8330	60.2797	0.5533	2.4e-04	0.5394
1243	-108.9772	-108.9772	-90.8155	0.8333	60.2170	0.5527	2.4e-04	0.5390
1244	-108.9699	-108.9699	-90.2443	0.8282	61.0564	0.5604	2.4e-04	0.5386
1245	-108.9939	-108.9939	-90.1721	0.8273	61.2070	0.5617	2.4e-04	0.5384
1246	-108.9908	-108.9908	-90.4404	0.8298	60.8075	0.5580	2.4e-04	0.5383
1247	-108.9941	-108.9941	-90.9094	0.8341	60.1129	0.5516	2.4e-04	0.5372
1248	-108.9844	-108.9844	-90.5691	0.8310	60.5691	0.5559	2.4e-04	0.5384
1249	-108.9841	-108.9841	-90.7174	0.8324	60.3784	0.5542	2.4e-04	0.5387
1250	-108.9786	-108.9786	-91.2004	0.8369	59.6321	0.5473	2.4e-04	0.5396
1251	-108.9667	-108.9667	-90.6672	0.8321	60.4169	0.5546	2.4e-04	0.5390
1252	-108.9830	-108.9830	-91.0959	0.8359	59.8058	0.5489	2.4e-04	0.5389
1253	-108.9924	-108.9924	-91.3595	0.8382	59.4185	0.5453	2.4e-04	0.5371
1254	-108.9798	-108.9798	-90.5180	0.8306	60.6492	0.5567	2.4e-04	0.5381
1255	-108.9999	-108.9999	-91.0368	0.8352	59.9233	0.5499	2.4e-04	0.5374
1256	-108.9831	-108.9831	-91.0284	0.8353	59.8729	0.5495	2.4e-04	0.5375
1257	-108.9773	-108.9773	-90.5777	0.8312	60.5820	0.5560	2.4e-04	0.5369
1258	-108.9827	-108.9827	-91.0129	0.8351	59.9177	0.5500	2.4e-04	0.5377
1259	-108.9789	-108.9789	-90.8597	0.8337	60.1478	0.5521	2.4e-04	0.5382
1260	-108.9724	-108.9724	-90.6541	0.8319	60.4509	0.5549	2.4e-04	0.5387
1261	-108.9915	-108.9915	-90.7772	0.8329	60.2984	0.5534	2.4e-04	0.5396
1262	-108.9966	-108.9966	-90.7783	0.8329	60.3023	0.5534	2.4e-04	0.5398
1263	-108.9736	-108.9736	-91.3113	0.8379	59.4613	0.5458	2.4e-04	0.5395
1264	-108.9918	-108.9918	-91.0381	0.8353	59.9054	0.5498	2.4e-04	0.5390
1265	-108.9902	-108.9902	-90.6597	0.8318	60.4613	0.5549	2.4e-04	0.5387
1266	-108.9891	-108.9891	-91.0702	0.8356	59.8419	0.5492	2.4e-04	0.5395
1267	-108.9932	-108.9932	-91.4697	0.8392	59.2487	0.5438	2.4e-04	0.5396
1268	-108.9872	-108.9872	-91.0275	0.8352	59.9104	0.5499	2.4e-04	0.5392
1269	-108.9941	-108.9941	-91.4911	0.8394	59.2046	0.5434	2.4e-04	0.5394
1270	-108.9680	-108.9680	-91.0593	0.8357	59.8154	0.5491	2.4e-04	0.5386
1271	-108.9892	-108.9892	-90.2881	0.8284	61.0244	0.5600	2.4e-04	0.5386
1272	-109.0175	-109.0175	-91.6168	0.8404	59.0650	0.5420	2.4e-04	0.5398
1273	-108.9859	-108.9859	-91.4265	0.8389	59.3020	0.5443	2.4e-04	0.5384
1274	-108.9840	-108.9840	-90.5977	0.8313	60.5400	0.5557	2.4e-04	0.5397
1275	-108.9844	-108.9844	-91.2698	0.8375	59.5321	0.5464	2.4e-04	0.5391
1276	-108.9904	-108.9904	-91.0857	0.8357	59.8316	0.5491	2.4e-04	0.5387
1277	-108.9748	-108.9748	-91.0269	0.8353	59.8873	0.5497	2.4e-04	0.5391
1278	-108.9767	-108.9767	-90.7399	0.8327	60.3238	0.5537	2.4e-04	0.5380
1279	-108.9844	-108.9844	-90.5642	0.8310	60.6121	0.5563	2.4e-04	0.5380
1280	-108.9782	-108.9782	-90.6107	0.8315	60.4768	0.5551	2.4e-04	0.5387
1281	-108.9735	-108.9735	-90.8830	0.8340	60.1000	0.5517	2.4e-04	0.5374
1282	-108.9926	-108.9926	-91.2437	0.8372	59.5833	0.5468	2.4e-04	0.5375
1283	-108.9985	-108.9985	-90.7738	0.8328	60.3080	0.5535	2.4e-04	0.5378
1284	-108.9858	-108.9858	-91.1293	0.8362	59.7532	0.5484	2.4e-04	0.5375
1285	-108.9856	-108.9856	-90.5103	0.8305	60.6848	0.5570	2.4e-04	0.5390
1286	-108.9961	-108.9961	-90.9542	0.8345	60.0130	0.5508	2.4e-04	0.5393
1287	-108.9695	-108.9695	-91.0392	0.8355	59.8687	0.5495	2.4e-04	0.5391
1288	-108.9942	-108.9942	-90.8395	0.8334	60.2127	0.5526	2.4e-04	0.5378
1289	-108.9897	-108.9897	-90.4438	0.8298	60.7885	0.5579	2.4e-04	0.5370
1290	-108.9835	-108.9835	-90.5924	0.8312	60.5616	0.5559	2.4e-04	0.5370
1291	-108.9865	-108.9865	-90.6444	0.8317	60.4875	0.5552	2.4e-04	0.5369
1292	-108.9898	-108.9898	-91.5154	0.8397	59.1704	0.5431	2.4e-04	0.5379
1293	-108.9901	-108.9901	-91.1929	0.8367	59.6713	0.5476	2.4e-04	0.5376
1294	-108.9894	-108.9894	-90.8890	0.8339	60.1204	0.5518	2.4e-04	0.5375
1295	-108.9948	-108.9948	-90.7200	0.8323	60.3933	0.5543	2.4e-04	0.5376
1296	-108.9851	-108.9851	-90.9747	0.8347	59.9692	0.5504	2.4e-04	0.5388
1297	-108.9680	-108.9680	-91.2282	0.8372	59.5608	0.5467	2.4e-04	0.5371
1298	-108.9681	-108.9681	-90.8666	0.8339	60.1121	0.5519	2.4e-04	0.5376
1299	-108.9836	-108.9836	-91.0479	0.8354	59.8801	0.5496	2.4e-04	0.5370
1300	-108.9750	-108.9750	-91.2559	0.8374	59.5431	0.5466	2.4e-04	0.5384
1301	-108.9849	-108.9849	-90.8215	0.8333	60.2229	0.5528	2.4e-04	0.5359
1302	-108.9679	-108.9679	-90.9883	0.8350	59.9420	0.5502	2.4e-04	0.5401
1303	-108.9828	-108.9828	-91.3474	0.8382	59.4124	0.5454	2.4e-04	0.5388
1304	-109.0003	-109.0003	-90.9298	0.8342	60.0846	0.5514	2.4e-04	0.5390
1305	-108.9775	-108.9775	-90.7983	0.8332	60.2323	0.5529	2.4e-04	0.5394
1306	-108.9897	-108.9897	-90.7793	0.8329	60.2835	0.5534	2.4e-04	0.5398
1307	-108.9893	-108.9893	-90.7960	0.8331	60.2684	0.5532	2.4e-04	0.5389
1308	-108.9510	-108.9510	-90.6454	0.8320	60.4193	0.5548	2.4e-04	0.5375
1309	-108.9779	-108.9779	-90.4465	0.8300	60.7702	0.5578	2.4e-04	0.5384
1310	-108.9842	-108.9842	-90.6994	0.8322	60.4026	0.5544	2.4e-04	0.5380
1311	-108.9912	-108.9912	-91.0829	0.8357	59.8214	0.5491	2.4e-04	0.5380
1312	-108.9950	-108.9950	-90.0742	0.8264	61.3479	0.5630	2.4e-04	0.5382
1313	-108.9841	-108.9841	-90.4193	0.8297	60.7974	0.5580	2.4e-04	0.5376
1314	-108.9700	-108.9700	-90.0377	0.8263	61.3678	0.5633	2.4e-04	0.5374
1315	-108.9886	-108.9886	-89.5838	0.8220	62.0460	0.5695	2.4e-04	0.5379
1316	-108.9909	-108.9909	-90.2203	0.8278	61.1222	0.5610	2.4e-04	0.5379
1317	-108.9872	-108.9872	-90.3263	0.8288	60.9573	0.5595	2.4e-04	0.5379
1318	-108.9693	-108.9693	-89.6644	0.8228	61.9061	0.5683	2.4e-04	0.5384
1319	-108.9791	-108.9791	-90.3142	0.8287	60.9739	0.5596	2.4e-04	0.5374
1320	-108.9730	-108.9730	-89.7883	0.8239	61.7311	0.5666	2.4e-04	0.5385
1321	-108.9853	-108.9853	-89.2597	0.8190	62.5120	0.5738	2.4e-04	0.5373
1322	-108.9878	-108.9878	-89.8705	0.8246	61.6314	0.5657	2.4e-04	0.5374
1323	-108.9834	-108.9834	-88.8378	0.8151	63.1008	0.5792	2.4e-04	0.5377
1324	-108.9796	-108.9796	-89.5358	0.8216	62.0404	0.5695	2.4e-04	0.5377
1325	-108.9889	-108.9889	-88.6434	0.8133	63.3846	0.5818	2.4e-04	0.5376
1326	-108.9876	-108.9876	-89.5877	0.8220	62.0423	0.5694	2.4e-04	0.5378
1327	-108.9883	-108.9883	-88.6565	0.8134	63.3647	0.5816	2.4e-04	0.5369
1328	-108.9818	-108.9818	-88.4504	0.8116	63.6471	0.5842	2.4e-04	0.5371
1329	-108.9673	-108.9673	-88.7102	0.8141	63.2526	0.5807	2.4e-04	0.5374
1330	-108.9952	-108.9952	-88.9483	0.8161	62.9695	0.5779	2.4e-04	0.5396
1331	-108.9799	-108.9799	-88.4429	0.8116	63.6477	0.5843	2.4e-04	0.5387
1332	-108.9732	-108.9732	-87.9538	0.8071	64.3167	0.5904	2.4e-04	0.5391
1333	-108.9723	-108.9723	-87.7963	0.8057	64.5252	0.5923	2.4e-04	0.5385
1334	-108.9945	-108.9945	-88.5365	0.8123	63.5444	0.5832	2.4e-04	0.5380
1335	-108.9877	-108.9877	-87.6816	0.8045	64.7122	0.5939	2.4e-04	0.5376
1336	-108.9876	-108.9876	-87.6469	0.8042	64.7515	0.5944	2.4e-04	0.5378
1337	-108.9836	-108.9836	-87.5427	0.8033	64.8898	0.5956	2.4e-04	0.5378
1338	-108.9801	-108.9801	-87.9444	0.8070	64.2972	0.5902	2.4e-04	0.5379
1339	-108.9657	-108.9657	-87.1348	0.7997	65.4038	0.6004	2.4e-04	0.5377
1340	-108.9824	-108.9824	-87.0081	0.7984	65.5981	0.6022	2.4e-04	0.5375
1341	-108.9797	-108.9797	-86.6700	0.7953	66.0407	0.6062	2.4e-04	0.5383
1342	-108.9903	-108.9903	-86.1146	0.7901	66.7801	0.6129	2.4e-04	0.5377
1343	-108.9932	-108.9932	-86.2486	0.7913	66.6235	0.6114	2.4e-04	0.5378
1344	-108.9820	-108.9820	-86.0005	0.7891	66.9174	0.6142	2.4e-04	0.5379
1345	-108.9903	-108.9903	-86.1685	0.7906	66.6986	0.6122	2.4e-04	0.5369
1346	-108.9897	-108.9897	-85.9823	0.7889	66.9577	0.6145	2.4e-04	0.5379
1347	-108.9878	-108.9878	-85.7563	0.7868	67.2392	0.6172	2.4e-04	0.5382
1348	-108.9753	-108.9753	-85.9075	0.7883	67.0226	0.6153	2.4e-04	0.5383
1349	-108.9910	-108.9910	-86.5665	0.7943	66.1914	0.6076	2.4e-04	0.5385
1350	-108.9799	-108.9799	-85.5876	0.7854	67.4394	0.6190	2.4e-04	0.5385
1351	-108.9780	-108.9780	-84.8610	0.7787	68.3460	0.6273	2.4e-04	0.5377
1352	-108.9989	-108.9989	-85.6398	0.7857	67.3963	0.6186	2.4e-04	0.5381
1353	-108.9794	-108.9794	-85.9836	0.7890	66.9232	0.6143	2.4e-04	0.5377
1354	-108.9896	-108.9896	-85.7165	0.7865	67.2835	0.6176	2.4e-04	0.5388
1355	-108.9928	-108.9928	-85.9061	0.7882	67.0601	0.6154	2.4e-04	0.5379
1356	-108.9969	-108.9969	-86.5225	0.7938	66.2597	0.6082	2.4e-04	0.5393
1357	-108.9912	-108.9912	-85.7105	0.7864	67.2951	0.6177	2.4e-04	0.5387
1358	-108.9800	-108.9800	-85.6856	0.7863	67.3156	0.6179	2.4e-04	0.5392
1359	-108.9921	-108.9921	-86.2304	0.7912	66.6296	0.6116	2.4e-04	0.5386
1360	-109.0050	-109.0050	-86.3833	0.7925	66.4540	0.6099	2.4e-04	0.5378
1361	-108.9864	-108.9864	-86.7486	0.7960	65.9517	0.6054	2.4e-04	0.5375
1362	-108.9920	-108.9920	-86.3527	0.7923	66.4739	0.6102	2.4e-04	0.5381
1363	-108.9860	-108.9860	-85.8407	0.7876	67.1322	0.6161	2.4e-04	0.5369
1364	-109.0050	-109.0050	-86.1866	0.7907	66.7070	0.6122	2.4e-04	0.5384
1365	-108.9737	-108.9737	-86.3888	0.7927	66.4020	0.6095	2.4e-04	0.5392
1366	-108.9868	-108.9868	-86.1115	0.7901	66.7835	0.6129	2.4e-04	0.5396
1367	-108.9715	-108.9715	-86.5046	0.7938	66.2394	0.6081	2.4e-04	0.5391
1368	-108.9814	-108.9814	-86.8453	0.7969	65.8048	0.6041	2.4e-04	0.5381
1369	-108.9884	-108.9884	-86.8277	0.7967	65.8479	0.6043	2.4e-04	0.5374
1370	-108.9897	-108.9897	-87.0764	0.7989	65.5056	0.6014	2.4e-04	0.5379
1371	-108.9772	-108.9772	-87.0014	0.7983	65.6038	0.6022	2.4e-04	0.5371
1372	-108.9834	-108.9834	-86.5500	0.7942	66.2077	0.6077	2.4e-04	0.5382
1373	-108.9840	-108.9840	-86.9973	0.7983	65.6051	0.6022	2.4e-04	0.5374
1374	-108.9837	-108.9837	-86.8965	0.7973	65.7530	0.6035	2.4e-04	0.5371
1375	-108.9974	-108.9974	-87.5223	0.8030	64.9264	0.5960	2.4e-04	0.5377
1376	-108.9783	-108.9783	-87.0580	0.7989	65.5197	0.6014	2.4e-04	0.5392
1377	-108.9798	-108.9798	-87.3490	0.8015	65.1424	0.5980	2.4e-04	0.5381
1378	-108.9998	-108.9998	-86.5699	0.7942	66.2034	0.6076	2.4e-04	0.5395
1379	-108.9883	-108.9883	-87.2827	0.8008	65.2400	0.5988	2.4e-04	0.5389
1380	-108.9880	-108.9880	-86.9747	0.7980	65.6571	0.6026	2.4e-04	0.5382
1381	-108.9880	-108.9880	-87.2705	0.8007	65.2607	0.5990	2.4e-04	0.5392
1382	-108.9838	-108.9838	-87.1428	0.7996	65.4122	0.6005	2.3e-04	0.5398
1383	-108.9992	-108.9992	-87.1569	0.7996	65.4363	0.6005	2.3e-04	0.5381
1384	-108.9631	-108.9631	-87.0381	0.7988	65.5387	0.6016	2.3e-04	0.5373
1385	-108.9840	-108.9840	-87.1107	0.7993	65.4627	0.6009	2.3e-04	0.5382
1386	-108.9840	-108.9840	-86.9070	0.7974	65.7245	0.6034	2.3e-04	0.5397
1387	-108.9785	-108.9785	-87.0390	0.7987	65.5312	0.6016	2.3e-04	0.5395
1388	-108.9884	-108.9884	-87.6530	0.8042	64.7098	0.5940	2.3e-04	0.5390
1389	-108.9780	-108.9780	-87.2754	0.8009	65.2308	0.5988	2.3e-04	0.5384
1390	-108.9714	-108.9714	-86.3376	0.7923	66.4558	0.6101	2.3e-04	0.5395
1391	-108.9834	-108.9834	-86.6334	0.7949	66.0986	0.6067	2.3e-04	0.5389
1392	-108.9878	-108.9878	-86.2594	0.7915	66.5977	0.6112	2.3e-04	0.5396
1393	-108.9973	-108.9973	-86.8225	0.7966	65.8707	0.6045	2.3e-04	0.5383
1394	-108.9698	-108.9698	-86.2290	0.7913	66.5838	0.6113	2.3e-04	0.5386
1395	-108.9774	-108.9774	-86.5413	0.7941	66.2006	0.6077	2.3e-04	0.5385
1396	-108.9832	-108.9832	-86.9780	0.7981	65.6391	0.6025	2.3e-04	0.5381
1397	-108.9998	-108.9998	-86.2497	0.7913	66.6221	0.6114	2.3e-04	0.5395
1398	-108.9844	-108.9844	-86.6055	0.7947	66.1324	0.6070	2.3e-04	0.5387
1399	-108.9851	-108.9851	-86.3166	0.7920	66.5113	0.6105	2.3e-04	0.5380
1400	-108.9769	-108.9769	-86.3168	0.7921	66.4901	0.6104	2.3e-04	0.5379
1401	-108.9983	-108.9983	-86.3142	0.7919	66.5315	0.6106	2.3e-04	0.5359
1402	-108.9745	-108.9745	-86.6608	0.7952	66.0434	0.6062	2.3e-04	0.5383
1403	-108.9859	-108.9859	-86.4363	0.7931	66.3583	0.6091	2.3e-04	0.5376
1404	-108.9886	-108.9886	-86.0304	0.7894	66.8850	0.6139	2.3e-04	0.5376
1405	-108.9896	-108.9896	-86.2680	0.7915	66.5833	0.6111	2.3e-04	0.5375
1406	-108.9823	-108.9823	-86.1907	0.7909	66.6501	0.6119	2.3e-04	0.5375
1407	-108.9861	-108.9861	-85.5072	0.7846	67.5548	0.6200	2.3e-04	0.5373
1408	-108.9794	-108.9794	-86.8726	0.7971	65.7749	0.6038	2.3e-04	0.5383
1409	-108.9958	-108.9958	-86.4371	0.7930	66.3656	0.6091	2.3e-04	0.5387
1410	-108.9952	-108.9952	-86.2746	0.7915	66.5817	0.6111	2.3e-04	0.5389
1411	-108.9871	-108.9871	-85.8315	0.7875	67.1389	0.6162	2.3e-04	0.5387
1412	-108.9852	-108.9852	-85.7602	0.7869	67.2087	0.6169	2.3e-04	0.5386
1413	-108.9913	-108.9913	-86.8513	0.7969	65.8183	0.6041	2.3e-04	0.5373
1414	-108.9906	-108.9906	-86.9372	0.7977	65.7135	0.6031	2.3e-04	0.5381
1415	-108.9866	-108.9866	-86.7594	0.7961	65.9223	0.6051	2.3e-04	0.5375
1416	-108.9927	-108.9927	-86.4495	0.7932	66.3377	0.6089	2.3e-04	0.5378
1417	-108.9790	-108.9790	-86.7678	0.7962	65.9146	0.6050	2.3e-04	0.5368
1418	-108.9814	-108.9814	-86.2020	0.7910	66.6564	0.6118	2.3e-04	0.5366
1419	-108.9749	-108.9749	-86.5184	0.7939	66.2226	0.6079	2.3e-04	0.5373
1420	-108.9856	-108.9856	-86.6646	0.7952	66.0456	0.6063	2.3e-04	0.5373
1421	-108.9874	-108.9874	-86.4056	0.7928	66.3921	0.6094	2.3e-04	0.5382
1422	-108.9935	-108.9935	-86.4884	0.7935	66.3004	0.6085	2.3e-04	0.5381
1423	-108.9873	-108.9873	-86.5695	0.7943	66.1860	0.6075	2.3e-04	0.5381
1424	-108.9849	-108.9849	-86.4892	0.7936	66.2844	0.6084	2.3e-04	0.5382
1425	-108.9876	-108.9876	-86.1593	0.7905	66.7204	0.6124	2.3e-04	0.5377
1426	-108.9832	-108.9832	-85.7416	0.7867	67.2482	0.6173	2.3e-04	0.5374
1427	-108.9792	-108.9792	-86.5402	0.7941	66.2126	0.6077	2.3e-04	0.5376
1428	-108.9839	-108.9839	-86.1161	0.7902	66.7645	0.6128	2.3e-04	0.5382
1429	-108.9889	-108.9889	-86.4833	0.7935	66.2974	0.6085	2.3e-04	0.5383
1430	-108.9713	-108.9713	-86.3139	0.7921	66.4825	0.6103	2.3e-04	0.5389
1431	-109.0016	-109.0016	-85.8729	0.7878	67.0981	0.6158	2.3e-04	0.5391
1432	-108.9932	-108.9932	-85.9115	0.7882	67.0466	0.6154	2.3e-04	0.5393
1433	-108.9780	-108.9780	-86.5907	0.7946	66.1274	0.6070	2.3e-04	0.5386
1434	-108.9958	-108.9958	-86.5945	0.7945	66.1558	0.6072	2.3e-04	0.5391
1435	-108.9905	-108.9905	-85.9373	0.7885	67.0064	0.6151	2.3e-04	0.5399
1436	-108.9818	-108.9818	-86.7012	0.7956	66.0105	0.6059	2.3e-04	0.5398
1437	-108.9857	-108.9857	-86.3627	0.7924	66.4501	0.6100	2.3e-04	0.5376
1438	-108.9673	-108.9673	-86.4963	0.7938	66.2377	0.6080	2.3e-04	0.5376
1439	-108.9978	-108.9978	-86.1615	0.7905	66.7256	0.6124	2.3e-04	0.5372
1440	-108.9897	-108.9897	-86.3010	0.7918	66.5391	0.6107	2.3e-04	0.5378
1441	-108.9725	-108.9725	-85.9199	0.7885	67.0122	0.6151	2.3e-04	0.5370
1442	-108.9714	-108.9714	-86.9762	0.7982	65.6264	0.6024	2.3e-04	0.5380
1443	-108.9939	-108.9939	-86.3257	0.7920	66.5145	0.6105	2.3e-04	0.5392
1444	-108.9768	-108.9768	-86.0464	0.7896	66.8362	0.6136	2.3e-04	0.5389
1445	-109.0020	-109.0020	-86.1413	0.7903	66.7551	0.6127	2.3e-04	0.5386
1446	-108.9850	-108.9850	-85.6972	0.7863	67.3117	0.6178	2.3e-04	0.5380
1447	-108.9917	-108.9917	-86.1033	0.7900	66.7937	0.6131	2.3e-04	0.5377
1448	-108.9906	-108.9906	-85.2869	0.7825	67.8266	0.6226	2.3e-04	0.5377
1449	-108.9956	-108.9956	-85.7333	0.7866	67.2780	0.6175	2.3e-04	0.5373
1450	-108.9914	-108.9914	-85.4256	0.7838	67.6597	0.6210	2.3e-04	0.5379
1451	-108.9822	-108.9822	-85.1826	0.7816	67.9578	0.6238	2.3e-04	0.5373
1452	-108.9908	-108.9908	-85.2353	0.7820	67.9006	0.6232	2.3e-04	0.5377
1453	-108.9903	-108.9903	-85.5441	0.7849	67.5191	0.6196	2.3e-04	0.5387
1454	-108.9900	-108.9900	-85.3255	0.7829	67.7920	0.6222	2.3e-04	0.5380
1455	-108.9826	-108.9826	-84.9984	0.7799	68.1820	0.6258	2.3e-04	0.5373
1456	-108.9819	-108.9819	-85.6024	0.7855	67.3810	0.6185	2.3e-04	0.5367
1457	-108.9824	-108.9824	-85.4574	0.7841	67.6139	0.6206	2.3e-04	0.5377
1458	-108.9879	-108.9879	-85.1072	0.7809	68.0562	0.6247	2.3e-04	0.5365
1459	-108.9758	-108.9758	-84.9912	0.7799	68.1757	0.6258	2.3e-04	0.5374
1460	-108.9770	-108.9770	-85.4591	0.7842	67.5530	0.6201	2.3e-04	0.5383
1461	-108.9913	-108.9913	-84.6581	0.7767	68.6251	0.6298	2.3e-04	0.5383
1462	-108.9876	-108.9876	-85.6270	0.7857	67.4038	0.6187	2.3e-04	0.5377
1463	-108.9946	-108.9946	-84.7803	0.7778	68.4763	0.6284	2.3e-04	0.5373
1464	-108.9876	-108.9876	-85.1416	0.7812	68.0167	0.6243	2.3e-04	0.5379
1465	-108.9824	-108.9824	-85.5272	0.7848	67.5010	0.6195	2.3e-04	0.5369
1466	-108.9894	-108.9894	-85.0969	0.7808	68.0670	0.6248	2.3e-04	0.5388
1467	-108.9833	-108.9833	-85.3132	0.7828	67.7950	0.6223	2.3e-04	0.5392
1468	-108.9829	-108.9829	-86.0653	0.7897	66.8330	0.6134	2.3e-04	0.5389
1469	-108.9836	-108.9836	-85.7152	0.7865	67.2814	0.6175	2.3e-04	0.5387
1470	-108.9834	-108.9834	-85.3166	0.7828	67.7701	0.6220	2.3e-04	0.5380
1471	-108.9809	-108.9809	-85.5731	0.7852	67.4594	0.6192	2.3e-04	0.5391
1472	-108.9853	-108.9853	-86.4650	0.7934	66.3256	0.6087	2.3e-04	0.5388
1473	-108.9750	-108.9750	-86.1084	0.7902	66.7626	0.6129	2.3e-04	0.5388
1474	-108.9719	-108.9719	-85.4450	0.7841	67.6063	0.6206	2.3e-04	0.5393
1475	-108.9867	-108.9867	-85.0562	0.7804	68.1134	0.6251	2.3e-04	0.5394
1476	-108.9759	-108.9759	-85.4691	0.7843	67.5902	0.6204	2.3e-04	0.5392
1477	-108.9882	-108.9882	-84.1760	0.7723	69.2007	0.6352	2.3e-04	0.5385
1478	-108.9781	-108.9781	-84.7675	0.7778	68.4472	0.6283	2.3e-04	0.5390
1479	-108.9948	-108.9948	-84.7214	0.7773	68.5507	0.6291	2.3e-04	0.5384
1480	-108.9698	-108.9698	-84.8422	0.7786	68.3618	0.6275	2.3e-04	0.5375
1481	-108.9944	-108.9944	-84.5158	0.7754	68.7905	0.6314	2.3e-04	0.5376
1482	-108.9767	-108.9767	-85.1080	0.7810	68.0162	0.6244	2.3e-04	0.5377
1483	-108.9787	-108.9787	-84.8247	0.7784	68.3933	0.6278	2.3e-04	0.5388
1484	-108.9802	-108.9802	-83.3981	0.7653	70.1206	0.6435	2.3e-04	0.5381
1485	-108.9801	-108.9801	-84.1050	0.7717	69.2814	0.6359	2.3e-04	0.5375
1486	-108.9859	-108.9859	-84.4625	0.7750	68.8383	0.6318	2.3e-04	0.5374
1487	-108.9947	-108.9947	-83.7730	0.7686	69.6851	0.6396	2.3e-04	0.5371
1488	-108.9891	-108.9891	-83.3294	0.7646	70.2212	0.6445	2.3e-04	0.5376
1489	-108.9858	-108.9858	-83.8648	0.7695	69.5741	0.6386	2.3e-04	0.5371
1490	-108.9728	-108.9728	-83.7290	0.7683	69.7186	0.6400	2.3e-04	0.5385
1491	-108.9729	-108.9729	-83.6356	0.7675	69.8361	0.6411	2.3e-04	0.5394
1492	-108.9794	-108.9794	-83.4738	0.7660	70.0424	0.6429	2.3e-04	0.5395
1493	-108.9859	-108.9859	-83.2646	0.7640	70.2921	0.6452	2.3e-04	0.5396
1494	-108.9871	-108.9871	-82.4889	0.7569	71.1984	0.6535	2.3e-04	0.5391
1495	-108.9836	-108.9836	-83.1161	0.7626	70.4704	0.6468	2.3e-04	0.5372
1496	-108.9840	-108.9840	-83.7086	0.7681	69.7477	0.6402	2.3e-04	0.5379
1497	-108.9861	-108.9861	-82.5789	0.7577	71.0804	0.6524	2.3e-04	0.5378
1498	-109.0011	-109.0011	-82.3511	0.7555	71.3858	0.6551	2.3e-04	0.5384
1499	-108.9945	-108.9945	-82.4310	0.7563	71.2533	0.6540	2.3e-04	0.5371
1500	-108.9955	-108.9955	-82.1817	0.7540	71.5703	0.6569	2.3e-04	0.5386
1501	-108.9826	-108.9826	-81.4809	0.7477	72.3489	0.6641	2.3e-04	0.5373
1502	-108.9825	-108.9825	-81.8535	0.7511	71.9259	0.6602	2.3e-04	0.5401
1503	-108.9862	-108.9862	-81.6683	0.7493	72.1431	0.6621	2.3e-04	0.5391
1504	-108.9820	-108.9820	-81.8963	0.7515	71.8785	0.6598	2.3e-04	0.5387
1505	-108.9751	-108.9751	-81.4875	0.7478	72.3228	0.6639	2.3e-04	0.5378
1506	-109.0010	-109.0010	-80.9810	0.7429	72.9034	0.6692	2.3e-04	0.5386
1507	-108.9891	-108.9891	-81.3542	0.7464	72.4941	0.6653	2.3e-04	0.5384
1508	-108.9798	-108.9798	-81.0926	0.7441	72.7802	0.6681	2.3e-04	0.5384
1509	-108.9930	-108.9930	-80.8945	0.7422	73.0158	0.6701	2.3e-04	0.5375
1510	-108.9776	-108.9776	-81.3966	0.7469	72.3963	0.6646	2.3e-04	0.5397
1511	-108.9784	-108.9784	-80.8985	0.7423	72.9815	0.6699	2.3e-04	0.5393
1512	-108.9816	-108.9816	-80.5492	0.7391	73.3759	0.6735	2.3e-04	0.5384
1513	-108.9715	-108.9715	-81.0327	0.7436	72.8174	0.6685	2.3e-04	0.5383
1514	-108.9949	-108.9949	-79.7841	0.7320	74.2255	0.6813	2.3e-04	0.5381
1515	-109.0103	-109.0103	-79.3226	0.7277	74.7428	0.6859	2.3e-04	0.5380
1516	-108.9812	-108.9812	-80.8417	0.7418	73.0639	0.6706	2.3e-04	0.5389
1517	-108.9855	-108.9855	-80.6949	0.7404	73.2199	0.6721	2.3e-04	0.5382
1518	-108.9862	-108.9862	-80.4053	0.7378	73.5434	0.6751	2.3e-04	0.5378
1519	-108.9852	-108.9852	-81.0102	0.7433	72.8798	0.6689	2.3e-04	0.5375
1520	-108.9985	-108.9985	-80.2078	0.7359	73.7770	0.6771	2.3e-04	0.5368
1521	-108.9856	-108.9856	-80.4257	0.7379	73.4917	0.6746	2.3e-04	0.5366
1522	-108.9837	-108.9837	-79.7635	0.7319	74.2158	0.6812	2.3e-04	0.5392
1523	-108.9884	-108.9884	-80.8218	0.7416	73.0888	0.6709	2.3e-04	0.5393
1524	-108.9934	-108.9934	-80.3315	0.7370	73.6405	0.6759	2.3e-04	0.5387
1525	-108.9857	-108.9857	-80.3480	0.7372	73.6054	0.6756	2.3e-04	0.5381
1526	-108.9863	-108.9863	-80.3341	0.7371	73.6121	0.6757	2.3e-04	0.5359
1527	-109.0017	-109.0017	-80.2367	0.7361	73.7467	0.6769	2.3e-04	0.5377
1528	-108.9987	-108.9987	-80.2895	0.7366	73.6888	0.6763	2.3e-04	0.5385
1529	-108.9882	-108.9882	-79.4097	0.7286	74.6216	0.6849	2.3e-04	0.5369
1530	-108.9870	-108.9870	-80.1210	0.7351	73.8540	0.6779	2.3e-04	0.5378
1531	-108.9794	-108.9794	-79.8714	0.7329	74.1097	0.6803	2.3e-04	0.5388
1532	-108.9883	-108.9883	-81.2779	0.7457	72.5767	0.6662	2.3e-04	0.5388
1533	-108.9753	-108.9753	-80.4615	0.7383	73.4631	0.6743	2.3e-04	0.5394
1534	-108.9955	-108.9955	-80.0937	0.7348	73.8918	0.6782	2.3e-04	0.5396
1535	-108.9812	-108.9812	-80.0240	0.7343	73.9516	0.6788	2.3e-04	0.5380
1536	-108.9844	-108.9844	-80.6890	0.7404	73.2330	0.6722	2.3e-04	0.5389
1537	-108.9932	-108.9932	-80.0533	0.7345	73.9181	0.6785	2.3e-04	0.5381
1538	-108.9917	-108.9917	-80.6789	0.7402	73.2400	0.6723	2.3e-04	0.5389
1539	-108.9663	-108.9663	-79.7995	0.7323	74.1798	0.6809	2.3e-04	0.5388
1540	-108.9729	-108.9729	-79.4935	0.7295	74.5096	0.6840	2.3e-04	0.5397
1541	-108.9902	-108.9902	-80.1250	0.7352	73.8241	0.6777	2.3e-04	0.5394
1542	-108.9864	-108.9864	-79.9115	0.7332	74.0819	0.6800	2.3e-04	0.5390
1543	-108.9973	-108.9973	-79.4089	0.7285	74.6254	0.6849	2.3e-04	0.5378
1544	-108.9831	-108.9831	-80.1233	0.7352	73.8430	0.6778	2.3e-04	0.5375
1545	-108.9946	-108.9946	-80.2787	0.7365	73.6989	0.6764	2.3e-04	0.5376
1546	-108.9847	-108.9847	-79.9390	0.7335	74.0457	0.6796	2.3e-04	0.5378
1547	-108.9939	-108.9939	-79.4038	0.7285	74.6434	0.6850	2.3e-04	0.5389
1548	-108.9652	-108.9652	-79.4778	0.7294	74.4908	0.6838	2.3e-04	0.5387
1549	-108.9817	-108.9817	-79.6609	0.7310	74.3507	0.6824	2.3e-04	0.5389
1550	-108.9877	-108.9877	-80.6644	0.7401	73.2740	0.6725	2.3e-04	0.5394
1551	-108.9903	-108.9903	-80.0559	0.7345	73.9230	0.6786	2.3e-04	0.5385
1552	-108.9923	-108.9923	-80.2486	0.7363	73.7253	0.6767	2.3e-04	0.5392
1553	-108.9899	-108.9899	-81.2770	0.7457	72.5873	0.6662	2.3e-04	0.5387
1554	-108.9897	-108.9897	-80.0255	0.7342	73.9658	0.6788	2.3e-04	0.5377
1555	-108.9924	-108.9924	-80.7801	0.7412	73.1293	0.6712	2.3e-04	0.5371
1556	-108.9857	-108.9857	-80.7245	0.7407	73.1926	0.6718	2.3e-04	0.5390
1557	-108.9866	-108.9866	-80.3747	0.7375	73.5775	0.6754	2.3e-04	0.5391
1558	-108.9795	-108.9795	-80.3366	0.7372	73.6128	0.6757	2.3e-04	0.5393
1559	-108.9727	-108.9727	-80.9458	0.7428	72.9381	0.6695	2.3e-04	0.5386
1560	-108.9790	-108.9790	-79.7574	0.7319	74.2345	0.6814	2.3e-04	0.5381
1561	-108.9779	-108.9779	-80.2319	0.7362	73.7216	0.6767	2.3e-04	0.5369
1562	-108.9801	-108.9801	-80.3228	0.7370	73.6322	0.6758	2.3e-04	0.5381
1563	-108.9888	-108.9888	-79.9659	0.7337	74.0251	0.6794	2.3e-04	0.5376
1564	-108.9874	-108.9874	-79.6384	0.7307	74.3899	0.6827	2.3e-04	0.5371
1565	-108.9911	-108.9911	-80.3403	0.7371	73.6285	0.6757	2.3e-04	0.5385
1566	-108.9910	-108.9910	-80.0672	0.7346	73.9144	0.6785	2.3e-04	0.5391
1567	-108.9944	-108.9944	-79.6360	0.7306	74.3931	0.6827	2.3e-04	0.5395
1568	-108.9822	-108.9822	-80.6482	0.7400	73.2756	0.6726	2.3e-04	0.5377
1569	-108.9925	-108.9925	-80.8957	0.7422	73.0062	0.6701	2.3e-04	0.5373
1570	-108.9760	-108.9760	-80.7845	0.7413	73.1014	0.6711	2.3e-04	0.5378
1571	-108.9702	-108.9702	-80.8079	0.7416	73.0830	0.6708	2.3e-04	0.5370
1572	-108.9812	-108.9812	-80.4867	0.7385	73.4516	0.6742	2.3e-04	0.5375
1573	-108.9927	-108.9927	-80.7405	0.7408	73.1766	0.6717	2.3e-04	0.5380
1574	-108.9922	-108.9922	-79.9676	0.7337	74.0315	0.6794	2.3e-04	0.5381
1575	-108.9927	-108.9927	-80.5655	0.7392	73.3790	0.6735	2.3e-04	0.5375
1576	-108.9715	-108.9715	-81.0213	0.7435	72.8337	0.6687	2.3e-04	0.5369
1577	-108.9885	-108.9885	-80.1679	0.7356	73.8015	0.6774	2.3e-04	0.5375
1578	-108.9940	-108.9940	-80.5992	0.7395	73.3349	0.6730	2.3e-04	0.5374
1579	-108.9850	-108.9850	-80.2491	0.7363	73.7209	0.6766	2.3e-04	0.5383
1580	-108.9680	-108.9680	-80.4190	0.7380	73.5104	0.6748	2.3e-04	0.5375
1581	-108.9943	-108.9943	-80.2429	0.7362	73.7079	0.6765	2.3e-04	0.5376
1582	-108.9894	-108.9894	-80.7594	0.7410	73.1662	0.6715	2.3e-04	0.5376
1583	-108.9853	-108.9853	-80.5888	0.7394	73.3550	0.6732	2.3e-04	0.5379
1584	-108.9790	-108.9790	-81.1631	0.7448	72.7094	0.6673	2.3e-04	0.5383
1585	-108.9870	-108.9870	-80.7495	0.7409	73.1705	0.6716	2.3e-04	0.5373
1586	-108.9826	-108.9826	-80.6606	0.7401	73.2651	0.6725	2.3e-04	0.5373
1587	-108.9935	-108.9935	-80.6872	0.7403	73.2452	0.6723	2.3e-04	0.5374
1588	-108.9868	-108.9868	-81.0968	0.7441	72.7738	0.6680	2.3e-04	0.5377
1589	-108.9870	-108.9870	-80.5742	0.7393	73.3658	0.6734	2.3e-04	0.5376
1590	-108.9731	-108.9731	-80.8071	0.7415	73.0861	0.6709	2.3e-04	0.5377
1591	-108.9997	-108.9997	-81.2217	0.7452	72.6477	0.6668	2.3e-04	0.5375
1592	-108.9944	-108.9944	-79.8068	0.7322	74.2128	0.6811	2.3e-04	0.5383
1593	-108.9736	-108.9736	-81.0657	0.7439	72.8074	0.6683	2.3e-04	0.5378
1594	-108.9843	-108.9843	-80.1852	0.7358	73.7896	0.6772	2.3e-04	0.5388
1595	-108.9852	-108.9852	-81.0275	0.7435	72.8557	0.6686	2.3e-04	0.5391
1596	-108.9840	-108.9840	-80.3755	0.7375	73.5721	0.6753	2.3e-04	0.5388
1597	-108.9803	-108.9803	-80.3975	0.7377	73.5354	0.6750	2.3e-04	0.5379
1598	-108.9836	-108.9836	-80.3354	0.7371	73.6001	0.6756	2.3e-04	0.5376
1599	-108.9936	-108.9936	-80.7227	0.7406	73.2076	0.6719	2.3e-04	0.5377
1600	-108.9859	-108.9859	-80.4940	0.7386	73.4283	0.6740	2.3e-04	0.5383
1601	-108.9698	-108.9698	-80.8261	0.7417	73.0758	0.6707	2.3e-04	0.5366
1602	-108.9921	-108.9921	-80.8380	0.7417	73.0797	0.6707	2.3e-04	0.5377
1603	-108.9884	-108.9884	-80.9720	0.7429	72.9198	0.6693	2.3e-04	0.5376
1604	-108.9965	-108.9965	-80.9223	0.7424	73.0009	0.6699	2.3e-04	0.5378
1605	-108.9844	-108.9844	-80.6907	0.7404	73.2293	0.6722	2.3e-04	0.5377
1606	-108.9862	-108.9862	-80.9614	0.7429	72.9158	0.6693	2.3e-04	0.5375
1607	-108.9980	-108.9980	-81.1138	0.7442	72.7863	0.6680	2.3e-04	0.5369
1608	-108.9944	-108.9944	-80.1466	0.7353	73.8357	0.6777	2.3e-04	0.5385
1609	-108.9770	-108.9770	-81.2582	0.7456	72.5939	0.6663	2.3e-04	0.5384
1610	-108.9870	-108.9870	-80.8494	0.7418	73.0654	0.6706	2.3e-04	0.5391
1611	-108.9705	-108.9705	-81.4018	0.7470	72.4202	0.6648	2.3e-04	0.5391
1612	-108.9963	-108.9963	-80.8112	0.7414	73.1178	0.6710	2.3e-04	0.5385
1613	-108.9830	-108.9830	-80.3789	0.7375	73.5671	0.6753	2.3e-04	0.5384
1614	-108.9788	-108.9788	-80.8350	0.7418	73.0420	0.6705	2.3e-04	0.5382
1615	-108.9984	-108.9984	-81.4783	0.7475	72.3752	0.6642	2.3e-04	0.5375
1616	-108.9766	-108.9766	-81.4925	0.7478	72.3295	0.6639	2.3e-04	0.5374
1617	-108.9899	-108.9899	-81.1095	0.7442	72.7806	0.6679	2.3e-04	0.5382
1618	-108.9796	-108.9796	-80.8062	0.7415	73.1010	0.6709	2.3e-04	0.5386
1619	-108.9824	-108.9824	-81.4032	0.7469	72.4179	0.6648	2.3e-04	0.5385
1620	-108.9881	-108.9881	-80.0128	0.7341	73.9803	0.6790	2.3e-04	0.5380
1621	-108.9793	-108.9793	-82.4945	0.7570	71.1823	0.6534	2.3e-04	0.5378
1622	-108.9731	-108.9731	-80.8557	0.7420	73.0426	0.6704	2.3e-04	0.5381
1623	-109.0065	-109.0065	-80.2604	0.7363	73.7095	0.6765	2.3e-04	0.5383
1624	-108.9921	-108.9921	-81.5282	0.7480	72.3055	0.6637	2.3e-04	0.5379
1625	-108.9774	-108.9774	-81.4496	0.7474	72.3716	0.6643	2.3e-04	0.5371
1626	-108.9753	-108.9753	-81.3017	0.7461	72.4982	0.6655	2.3e-04	0.5383
1627	-108.9866	-108.9866	-80.1520	0.7354	73.8260	0.6776	2.3e-04	0.5376
1628	-108.9883	-108.9883	-80.5633	0.7392	73.3773	0.6735	2.3e-04	0.5373
1629	-108.9900	-108.9900	-80.5909	0.7394	73.3444	0.6732	2.3e-04	0.5375
1630	-108.9882	-108.9882	-80.3135	0.7369	73.6448	0.6760	2.3e-04	0.5372
1631	-108.9775	-108.9775	-80.4588	0.7383	73.4773	0.6744	2.3e-04	0.5378
1632	-108.9900	-108.9900	-80.8171	0.7415	73.0951	0.6709	2.3e-04	0.5378
1633	-108.9909	-108.9909	-80.8502	0.7418	73.0664	0.6706	2.3e-04	0.5373
1634	-108.9834	-108.9834	-80.0345	0.7344	73.9401	0.6787	2.3e-04	0.5373
1635	-108.9975	-108.9975	-80.2090	0.7359	73.7694	0.6771	2.3e-04	0.5371
1636	-108.9961	-108.9961	-79.4265	0.7287	74.6197	0.6848	2.3e-04	0.5388
1637	-108.9820	-108.9820	-80.1391	0.7353	73.8278	0.6776	2.3e-04	0.5378
1638	-108.9922	-108.9922	-80.2237	0.7361	73.7492	0.6768	2.3e-04	0.5385
1639	-108.9776	-108.9776	-79.8299	0.7325	74.1603	0.6807	2.3e-04	0.5380
1640	-108.9838	-108.9838	-80.4992	0.7386	73.4257	0.6740	2.3e-04	0.5379
1641	-108.9843	-108.9843	-79.3441	0.7280	74.6739	0.6855	2.3e-04	0.5375
1642	-108.9946	-108.9946	-80.1299	0.7352	73.8545	0.6779	2.3e-04	0.5376
1643	-108.9685	-108.9685	-80.3545	0.7374	73.5797	0.6754	2.3e-04	0.5381
1644	-108.9907	-108.9907	-80.3050	0.7368	73.6604	0.6761	2.3e-04	0.5409
1645	-108.9923	-108.9923	-80.1447	0.7353	73.8351	0.6777	2.3e-04	0.5385
1646	-109.0019	-109.0019	-79.6572	0.7308	74.3510	0.6824	2.3e-04	0.5388
1647	-108.9910	-108.9910	-79.4406	0.7289	74.5729	0.6845	2.3e-04	0.5379
1648	-108.9809	-108.9809	-79.4235	0.7288	74.5987	0.6847	2.3e-04	0.5377
1649	-108.9765	-108.9765	-79.1367	0.7262	74.9012	0.6875	2.3e-04	0.5375
1650	-108.9824	-108.9824	-79.1163	0.7260	74.9182	0.6877	2.3e-04	0.5371
1651	-108.9919	-108.9919	-78.7125	0.7222	75.3619	0.6917	2.3e-04	0.5372
1652	-108.9946	-108.9946	-79.2426	0.7270	74.8030	0.6866	2.3e-04	0.5389
1653	-108.9866	-108.9866	-78.9828	0.7247	75.0434	0.6888	2.3e-04	0.5394
1654	-108.9775	-108.9775	-79.1501	0.7263	74.8877	0.6874	2.3e-04	0.5389
1655	-108.9795	-108.9795	-79.0892	0.7257	74.9457	0.6879	2.3e-04	0.5385
1656	-109.0154	-109.0154	-77.8568	0.7142	76.2689	0.7000	2.3e-04	0.5390
1657	-108.9901	-108.9901	-78.9584	0.7245	75.0943	0.6892	2.3e-04	0.5371
1658	-108.9827	-108.9827	-78.3987	0.7194	75.6409	0.6943	2.3e-04	0.5380
1659	-108.9770	-108.9770	-78.8244	0.7233	75.2260	0.6905	2.3e-04	0.5388
1660	-108.9961	-108.9961	-78.4211	0.7195	75.6624	0.6945	2.3e-04	0.5388
1661	-108.9978	-108.9978	-79.0325	0.7251	75.0430	0.6887	2.3e-04	0.5395
1662	-108.9893	-108.9893	-78.8324	0.7233	75.2256	0.6904	2.3e-04	0.5392
1663	-108.9935	-108.9935	-79.5857	0.7302	74.4304	0.6832	2.3e-04	0.5392
1664	-109.0106	-109.0106	-78.6422	0.7214	75.4610	0.6924	2.3e-04	0.5391
1665	-108.9761	-108.9761	-78.4223	0.7196	75.6380	0.6943	2.3e-04	0.5376
1666	-108.9966	-108.9966	-78.7397	0.7224	75.3355	0.6914	2.2e-04	0.5388
1667	-108.9817	-108.9817	-78.4525	0.7199	75.6062	0.6940	2.2e-04	0.5374
1668	-108.9882	-108.9882	-78.4094	0.7194	75.6753	0.6946	2.2e-04	0.5377
1669	-108.9987	-108.9987	-79.7076	0.7313	74.3169	0.6820	2.2e-04	0.5376
1670	-108.9929	-108.9929	-78.8341	0.7233	75.2415	0.6905	2.2e-04	0.5376
1671	-108.9960	-108.9960	-78.3315	0.7187	75.7614	0.6954	2.2e-04	0.5377
1672	-108.9925	-108.9925	-78.8426	0.7234	75.2192	0.6903	2.2e-04	0.5377
1673	-108.9782	-108.9782	-79.1344	0.7261	74.8652	0.6872	2.2e-04	0.5370
1674	-108.9578	-108.9578	-78.6773	0.7221	75.3631	0.6918	2.2e-04	0.5376
1675	-108.9661	-108.9661	-79.1040	0.7260	74.9210	0.6877	2.2e-04	0.5377
1676	-108.9713	-108.9713	-77.6709	0.7128	76.4096	0.7014	2.2e-04	0.5393
1677	-108.9748	-108.9748	-79.0209	0.7251	75.0034	0.6886	2.2e-04	0.5391
1678	-108.9693	-108.9693	-77.7588	0.7136	76.3023	0.7004	2.2e-04	0.5379
1679	-108.9889	-108.9889	-77.3045	0.7093	76.7968	0.7049	2.2e-04	0.5375
1680	-108.9702	-108.9702	-77.7204	0.7132	76.3595	0.7009	2.2e-04	0.5380
1681	-108.9906	-108.9906	-78.0620	0.7162	76.0338	0.6978	2.2e-04	0.5376
1682	-108.9866	-108.9866	-76.7969	0.7046	77.3042	0.7096	2.2e-04	0.5380
1683	-108.9773	-108.9773	-77.0806	0.7073	77.0101	0.7069	2.2e-04	0.5378
1684	-108.9859	-108.9859	-76.9871	0.7064	77.1203	0.7078	2.2e-04	0.5390
1685	-108.9870	-108.9870	-76.9600	0.7061	77.0977	0.7077	2.2e-04	0.5400
1686	-108.9774	-108.9774	-77.3681	0.7099	76.7124	0.7042	2.2e-04	0.5403
1687	-108.9747	-108.9747	-76.6384	0.7033	77.4327	0.7108	2.2e-04	0.5372
1688	-108.9743	-108.9743	-75.8880	0.6964	78.1604	0.7174	2.2e-04	0.5376
1689	-108.9969	-108.9969	-76.5820	0.7026	77.5236	0.7115	2.2e-04	0.5370
1690	-108.9886	-108.9886	-76.6891	0.7036	77.4212	0.7105	2.2e-04	0.5373
1691	-108.9803	-108.9803	-77.2795	0.7091	76.8202	0.7051	2.2e-04	0.5379
1692	-108.9728	-108.9728	-76.4955	0.7020	77.5869	0.7122	2.2e-04	0.5376
1693	-108.9885	-108.9885	-76.4825	0.7017	77.6176	0.7123	2.2e-04	0.5378
1694	-108.9870	-108.9871	-75.2770	0.6907	78.7902	0.7231	2.2e-04	0.5372
1695	-108.9737	-108.9738	-75.3507	0.6915	78.6919	0.7224	2.2e-04	0.5375
1696	-108.9812	-108.9812	-75.8636	0.6961	78.1976	0.7177	2.2e-04	0.5373
1697	-108.9881	-108.9881	-76.3060	0.7001	77.7798	0.7139	2.2e-04	0.5369
1698	-108.9893	-108.9894	-74.9035	0.6873	79.1520	0.7264	2.2e-04	0.5383
1699	-108.9819	-108.9819	-75.8215	0.6957	78.2559	0.7183	2.2e-04	0.5371
1700	-108.9931	-108.9931	-76.1456	0.6986	77.9362	0.7153	2.2e-04	0.5376
1701	-108.9902	-108.9902	-76.3699	0.7007	77.7301	0.7134	2.2e-04	0.5363
1702	-108.9740	-108.9740	-76.2609	0.6998	77.8216	0.7143	2.2e-04	0.5374
1703	-108.9797	-108.9797	-76.7688	0.7044	77.3119	0.7096	2.2e-04	0.5376
1704	-108.9764	-108.9764	-76.3096	0.7002	77.7722	0.7139	2.2e-04	0.5381
1705	-108.9573	-108.9573	-75.8421	0.6961	78.2165	0.7180	2.2e-04	0.5369
1706	-108.9910	-108.9911	-75.1234	0.6893	78.9395	0.7245	2.2e-04	0.5377
1707	-109.0007	-109.0010	-74.4008	0.6826	79.6158	0.7308	2.2e-04	0.5377
1708	-108.9717	-108.9717	-75.8781	0.6963	78.1575	0.7175	2.2e-04	0.5379
1709	-108.9884	-108.9884	-76.7345	0.7041	77.3433	0.7099	2.2e-04	0.5383
1710	-108.9819	-108.9819	-76.2481	0.6996	77.8447	0.7145	2.2e-04	0.5374
1711	-108.9756	-108.9757	-75.3146	0.6911	78.7223	0.7226	2.2e-04	0.5379
1712	-108.9850	-108.9850	-75.3254	0.6912	78.7382	0.7227	2.2e-04	0.5377
1713	-108.9900	-108.9903	-74.5661	0.6842	79.4580	0.7293	2.2e-04	0.5371
1714	-108.9809	-108.9811	-74.6674	0.6851	79.3512	0.7284	2.2e-04	0.5377
1715	-108.9783	-108.9784	-74.8416	0.6868	79.1909	0.7268	2.2e-04	0.5376
1716	-108.9914	-108.9916	-74.9805	0.6879	79.0454	0.7255	2.2e-04	0.5384
1717	-108.9977	-108.9977	-75.8571	0.6960	78.2476	0.7181	2.2e-04	0.5393
1718	-109.0042	-109.0042	-76.1942	0.6990	77.9100	0.7150	2.2e-04	0.5390
1719	-108.9734	-108.9734	-75.5389	0.6932	78.4890	0.7204	2.2e-04	0.5385
1720	-108.9868	-108.9869	-75.5686	0.6934	78.5053	0.7206	2.2e-04	0.5383
1721	-108.9779	-108.9779	-76.4313	0.7013	77.6540	0.7128	2.2e-04	0.5376
1722	-108.9831	-108.9831	-76.3429	0.7005	77.7403	0.7135	2.2e-04	0.5374
1723	-108.9746	-108.9746	-75.9174	0.6967	78.1334	0.7171	2.2e-04	0.5384
1724	-108.9984	-108.9984	-76.1861	0.6990	77.9181	0.7151	2.2e-04	0.5379
1725	-108.9742	-108.9742	-76.6005	0.7029	77.4864	0.7112	2.2e-04	0.5374
1726	-108.9975	-108.9975	-77.3686	0.7098	76.7509	0.7043	2.2e-04	0.5382
1727	-108.9967	-108.9967	-76.4807	0.7017	77.6232	0.7125	2.2e-04	0.5390
1728	-108.9844	-108.9844	-77.3753	0.7100	76.6981	0.7039	2.2e-04	0.5391
1729	-108.9980	-108.9980	-76.9125	0.7056	77.2018	0.7085	2.2e-04	0.5386
1730	-108.9985	-108.9985	-76.4126	0.7010	77.6714	0.7128	2.2e-04	0.5386
1731	-108.9792	-108.9792	-77.9490	0.7153	76.1366	0.6988	2.2e-04	0.5383
1732	-109.0055	-109.0055	-77.5713	0.7116	76.5524	0.7025	2.2e-04	0.5385
1733	-108.9876	-108.9876	-77.9405	0.7151	76.1565	0.6989	2.2e-04	0.5386
1734	-108.9960	-108.9960	-78.0952	0.7165	76.0130	0.6976	2.2e-04	0.5379
1735	-108.9896	-108.9896	-78.0599	0.7162	76.0310	0.6979	2.2e-04	0.5399
1736	-108.9964	-108.9964	-78.0786	0.7163	75.9837	0.6973	2.2e-04	0.5405
1737	-108.9868	-108.9868	-78.3582	0.7190	75.7215	0.6950	2.2e-04	0.5383
1738	-109.0131	-109.0131	-79.3696	0.7281	74.6954	0.6855	2.2e-04	0.5382
1739	-108.9815	-108.9815	-77.4526	0.7107	76.6438	0.7035	2.2e-04	0.5384
1740	-108.9791	-108.9791	-79.8264	0.7325	74.1658	0.6808	2.2e-04	0.5384
1741	-108.9886	-108.9886	-79.3096	0.7277	74.7227	0.6858	2.2e-04	0.5387
1742	-108.9913	-108.9913	-78.6850	0.7219	75.3916	0.6919	2.2e-04	0.5381
1743	-108.9818	-108.9818	-79.2644	0.7273	74.7708	0.6863	2.2e-04	0.5382
1744	-108.9897	-108.9897	-79.6805	0.7311	74.3375	0.6822	2.2e-04	0.5384
1745	-108.9863	-108.9863	-78.3973	0.7193	75.6947	0.6947	2.2e-04	0.5381
1746	-108.9877	-108.9877	-78.6798	0.7219	75.3875	0.6920	2.2e-04	0.5383
1747	-108.9935	-108.9935	-78.8748	0.7237	75.1654	0.6898	2.2e-04	0.5376
1748	-108.9707	-108.9707	-80.8077	0.7416	73.0478	0.6706	2.2e-04	0.5381
1749	-108.9835	-108.9835	-79.5901	0.7303	74.4252	0.6831	2.2e-04	0.5376
1750	-108.9744	-108.9744	-80.0631	0.7347	73.8801	0.6782	2.2e-04	0.5381
1751	-108.9810	-108.9810	-79.0705	0.7255	74.9741	0.6882	2.2e-04	0.5372
1752	-108.9771	-108.9771	-79.3461	0.7281	74.6889	0.6855	2.2e-04	0.5381
1753	-108.9856	-108.9856	-80.6040	0.7396	73.3160	0.6730	2.2e-04	0.5368
1754	-108.9930	-108.9930	-80.3079	0.7368	73.6191	0.6757	2.2e-04	0.5372
1755	-108.9932	-108.9932	-80.2615	0.7364	73.6857	0.6763	2.2e-04	0.5391
1756	-108.9894	-108.9894	-80.2377	0.7362	73.6277	0.6758	2.2e-04	0.5394
1757	-108.9848	-108.9848	-80.6661	0.7402	73.2472	0.6723	2.2e-04	0.5384
1758	-108.9804	-108.9804	-80.2805	0.7367	73.6678	0.6761	2.2e-04	0.5386
1759	-108.9908	-108.9908	-80.6689	0.7401	73.2577	0.6723	2.2e-04	0.5378
1760	-108.9835	-108.9835	-81.2246	0.7453	72.6216	0.6666	2.2e-04	0.5378
1761	-108.9836	-108.9836	-81.7437	0.7501	72.0500	0.6614	2.2e-04	0.5379
1762	-108.9936	-108.9936	-80.9095	0.7423	73.0013	0.6700	2.2e-04	0.5381
1763	-108.9833	-108.9833	-80.3350	0.7371	73.6029	0.6756	2.2e-04	0.5375
1764	-108.9888	-108.9888	-80.6560	0.7400	73.2793	0.6726	2.2e-04	0.5365
1765	-109.0096	-109.0096	-80.8889	0.7420	73.0412	0.6704	2.2e-04	0.5372
1766	-108.9962	-108.9962	-80.5381	0.7389	73.4162	0.6738	2.2e-04	0.5387
1767	-108.9907	-108.9907	-81.2215	0.7452	72.6539	0.6668	2.2e-04	0.5390
1768	-109.0111	-109.0111	-80.4151	0.7377	73.5729	0.6751	2.2e-04	0.5390
1769	-108.9941	-108.9941	-80.8356	0.7417	73.0875	0.6708	2.2e-04	0.5377
1770	-108.9799	-108.9799	-81.4523	0.7474	72.3811	0.6644	2.2e-04	0.5378
1771	-108.9843	-108.9843	-81.7690	0.7503	72.0243	0.6611	2.2e-04	0.5374
1772	-108.9783	-108.9783	-81.5601	0.7484	72.2325	0.6631	2.2e-04	0.5379
1773	-108.9731	-108.9731	-81.8756	0.7513	71.8905	0.6599	2.2e-04	0.5378
1774	-108.9915	-108.9915	-82.1964	0.7542	71.5381	0.6566	2.2e-04	0.5380
1775	-109.0046	-109.0046	-82.2624	0.7547	71.4454	0.6557	2.2e-04	0.5385
1776	-108.9891	-108.9891	-81.8274	0.7508	71.9653	0.6605	2.2e-04	0.5378
1777	-108.9839	-108.9839	-81.0627	0.7438	72.8062	0.6683	2.2e-04	0.5373
1778	-108.9898	-108.9898	-81.5721	0.7484	72.2326	0.6630	2.2e-04	0.5379
1779	-108.9847	-108.9847	-81.9007	0.7515	71.8749	0.6597	2.2e-04	0.5372
1780	-108.9753	-108.9753	-81.6278	0.7490	72.1429	0.6622	2.2e-04	0.5381
1781	-108.9746	-108.9746	-81.8190	0.7508	71.9568	0.6605	2.2e-04	0.5367
1782	-108.9984	-108.9984	-81.3520	0.7464	72.5125	0.6655	2.2e-04	0.5383
1783	-108.9789	-108.9789	-82.0307	0.7527	71.7124	0.6583	2.2e-04	0.5382
1784	-108.9885	-108.9885	-81.9375	0.7518	71.8344	0.6594	2.2e-04	0.5386
1785	-108.9651	-108.9651	-82.3428	0.7557	71.3377	0.6549	2.2e-04	0.5379
1786	-108.9932	-108.9932	-81.8593	0.7511	71.9321	0.6602	2.2e-04	0.5381
1787	-108.9820	-108.9820	-81.6060	0.7488	72.2051	0.6628	2.2e-04	0.5380
1788	-108.9963	-108.9963	-81.5876	0.7485	72.2569	0.6631	2.2e-04	0.5383
1789	-108.9844	-108.9844	-81.2893	0.7459	72.5588	0.6660	2.2e-04	0.5387
1790	-108.9868	-108.9868	-82.0744	0.7531	71.6801	0.6579	2.2e-04	0.5387
1791	-108.9936	-108.9936	-82.2229	0.7544	71.5165	0.6564	2.2e-04	0.5383
1792	-108.9865	-108.9865	-81.1674	0.7447	72.6658	0.6669	2.2e-04	0.5379
1793	-108.9853	-108.9853	-81.2840	0.7458	72.5843	0.6661	2.2e-04	0.5372
1794	-108.9821	-108.9821	-81.1415	0.7445	72.7296	0.6675	2.2e-04	0.5377
1795	-109.0028	-109.0028	-82.0674	0.7529	71.7045	0.6581	2.2e-04	0.5396
1796	-108.9936	-108.9936	-82.3642	0.7557	71.3597	0.6549	2.2e-04	0.5390
1797	-108.9874	-108.9874	-82.3408	0.7555	71.3593	0.6550	2.2e-04	0.5386
1798	-108.9831	-108.9831	-82.3065	0.7552	71.4086	0.6555	2.2e-04	0.5380
1799	-108.9945	-108.9945	-81.4008	0.7468	72.4411	0.6648	2.2e-04	0.5379
1800	-108.9894	-108.9894	-81.5779	0.7485	72.2502	0.6631	2.2e-04	0.5376
1801	-108.9866	-108.9866	-81.8734	0.7512	71.9107	0.6600	2.2e-04	0.5363
1802	-108.9890	-108.9890	-82.5709	0.7576	71.1069	0.6526	2.2e-04	0.5370
1803	-108.9790	-108.9790	-82.2470	0.7547	71.4749	0.6561	2.2e-04	0.5388
1804	-108.9997	-108.9997	-82.7097	0.7588	70.9428	0.6511	2.2e-04	0.5391
1805	-109.0038	-109.0038	-82.0643	0.7529	71.6823	0.6579	2.2e-04	0.5393
1806	-108.9843	-108.9843	-82.0770	0.7531	71.6794	0.6579	2.2e-04	0.5388
1807	-108.9878	-108.9878	-82.4137	0.7562	71.2940	0.6544	2.2e-04	0.5378
1808	-108.9899	-108.9899	-81.7462	0.7500	72.0541	0.6614	2.2e-04	0.5377
1809	-108.9829	-108.9829	-81.7815	0.7504	72.0107	0.6609	2.2e-04	0.5370
1810	-108.9809	-108.9809	-82.3692	0.7558	71.3394	0.6548	2.2e-04	0.5373
1811	-108.9962	-108.9962	-81.7052	0.7496	72.1051	0.6618	2.2e-04	0.5369
1812	-108.9959	-108.9959	-82.2259	0.7544	71.5134	0.6564	2.2e-04	0.5371
1813	-108.9788	-108.9788	-82.1221	0.7536	71.6085	0.6573	2.2e-04	0.5363
1814	-108.9843	-108.9843	-82.1631	0.7539	71.5677	0.6569	2.2e-04	0.5361
1815	-108.9864	-108.9864	-81.8558	0.7511	71.9219	0.6601	2.2e-04	0.5377
1816	-108.9774	-108.9774	-82.6144	0.7581	71.0421	0.6521	2.2e-04	0.5374
1817	-108.9855	-108.9855	-81.6356	0.7490	72.1819	0.6625	2.2e-04	0.5365
1818	-108.9732	-108.9732	-82.4297	0.7564	71.2508	0.6541	2.2e-04	0.5370
1819	-108.9938	-108.9938	-82.0607	0.7529	71.7101	0.6581	2.2e-04	0.5373
1820	-108.9885	-108.9885	-82.8317	0.7600	70.7865	0.6497	2.2e-04	0.5382
1821	-108.9775	-108.9775	-82.6728	0.7586	70.9777	0.6515	2.2e-04	0.5380
1822	-108.9956	-108.9956	-82.0367	0.7527	71.7347	0.6584	2.2e-04	0.5376
1823	-108.9910	-108.9910	-82.5924	0.7578	71.0603	0.6522	2.2e-04	0.5356
1824	-108.9958	-108.9958	-82.3550	0.7556	71.3736	0.6550	2.2e-04	0.5360
1825	-108.9932	-108.9932	-82.3684	0.7557	71.3481	0.6548	2.2e-04	0.5363
1826	-108.9854	-108.9854	-81.8976	0.7515	71.8851	0.6598	2.2e-04	0.5362
1827	-108.9804	-108.9804	-82.3940	0.7560	71.3093	0.6545	2.2e-04	0.5376
1828	-108.9841	-108.9841	-82.5718	0.7577	71.1106	0.6526	2.2e-04	0.5363
1829	-108.9731	-108.9731	-82.4475	0.7566	71.2389	0.6539	2.2e-04	0.5367
1830	-108.9995	-108.9995	-81.8108	0.7506	71.9986	0.6607	2.2e-04	0.5364
1831	-108.9749	-108.9749	-82.0497	0.7529	71.6938	0.6581	2.2e-04	0.5360
1832	-108.9927	-108.9927	-82.5838	0.7577	71.0969	0.6525	2.2e-04	0.5364
1833	-108.9906	-108.9906	-82.2795	0.7549	71.4527	0.6558	2.2e-04	0.5365
1834	-108.9687	-108.9687	-82.4352	0.7565	71.2460	0.6540	2.2e-04	0.5383
1835	-108.9723	-108.9723	-82.6528	0.7585	70.9887	0.6516	2.2e-04	0.5371
1836	-108.9897	-108.9897	-82.9223	0.7608	70.6845	0.6488	2.2e-04	0.5370
1837	-108.9844	-108.9844	-82.9741	0.7613	70.6400	0.6483	2.2e-04	0.5370
1838	-108.9661	-108.9661	-82.1985	0.7543	71.5016	0.6564	2.2e-04	0.5373
1839	-108.9739	-108.9739	-82.1616	0.7540	71.5586	0.6569	2.2e-04	0.5379
1840	-108.9830	-108.9830	-82.7863	0.7596	70.8418	0.6503	2.2e-04	0.5372
1841	-108.9803	-108.9803	-82.4551	0.7566	71.2340	0.6538	2.2e-04	0.5361
1842	-108.9850	-108.9850	-81.9337	0.7518	71.8317	0.6593	2.2e-04	0.5358
1843	-108.9679	-108.9679	-81.7723	0.7504	72.0080	0.6609	2.2e-04	0.5369
1844	-108.9987	-108.9987	-82.3359	0.7554	71.4007	0.6553	2.2e-04	0.5367
1845	-108.9864	-108.9864	-81.5304	0.7481	72.2927	0.6636	2.2e-04	0.5373
1846	-108.9745	-108.9745	-81.7835	0.7505	71.9706	0.6606	2.2e-04	0.5369
1847	-108.9930	-108.9930	-81.2356	0.7453	72.6200	0.6666	2.2e-04	0.5371
1848	-108.9877	-108.9877	-81.5587	0.7483	72.2692	0.6633	2.2e-04	0.5378
1849	-108.9690	-108.9690	-82.6970	0.7589	70.9385	0.6512	2.2e-04	0.5376
1850	-108.9858	-108.9858	-81.1335	0.7444	72.7371	0.6676	2.2e-04	0.5375
1851	-108.9979	-108.9979	-81.6272	0.7489	72.2090	0.6627	2.2e-04	0.5381
1852	-108.9998	-108.9998	-81.7772	0.7503	72.0333	0.6611	2.2e-04	0.5456
1853	-108.9881	-108.9881	-81.5077	0.7479	72.3156	0.6638	2.2e-04	0.5389
1854	-108.9898	-108.9898	-81.7080	0.7497	72.1000	0.6617	2.2e-04	0.5401
1855	-108.9775	-108.9775	-81.0475	0.7437	72.8301	0.6685	2.2e-04	0.5375
1856	-108.9690	-108.9690	-81.4794	0.7477	72.3250	0.6639	2.2e-04	0.5372
1857	-108.9880	-108.9880	-80.8212	0.7416	73.0514	0.6705	2.2e-04	0.5366
1858	-108.9814	-108.9814	-81.9251	0.7517	71.8299	0.6594	2.2e-04	0.5378
1859	-108.9818	-108.9818	-81.7005	0.7497	72.1039	0.6618	2.2e-04	0.5376
1860	-108.9732	-108.9732	-81.3112	0.7462	72.5322	0.6657	2.2e-04	0.5381
1861	-109.0021	-109.0021	-81.9475	0.7518	71.8390	0.6594	2.2e-04	0.5371
1862	-108.9940	-108.9940	-81.6259	0.7489	72.2049	0.6627	2.2e-04	0.5378
1863	-108.9830	-108.9830	-81.6362	0.7491	72.1730	0.6625	2.2e-04	0.5377
1864	-108.9885	-108.9885	-81.0622	0.7438	72.8257	0.6684	2.2e-04	0.5388
1865	-108.9779	-108.9779	-80.9142	0.7425	72.9764	0.6698	2.2e-04	0.5387
1866	-108.9778	-108.9778	-81.5293	0.7481	72.2588	0.6634	2.2e-04	0.5383
1867	-108.9931	-108.9931	-80.8775	0.7420	73.0170	0.6702	2.2e-04	0.5382
1868	-108.9780	-108.9780	-80.7185	0.7407	73.1866	0.6717	2.2e-04	0.5393
1869	-108.9826	-108.9826	-80.5272	0.7389	73.4091	0.6738	2.2e-04	0.5381
1870	-108.9993	-108.9993	-80.8404	0.7417	73.0776	0.6707	2.2e-04	0.5381
1871	-108.9726	-108.9726	-80.6774	0.7403	73.2238	0.6721	2.2e-04	0.5375
1872	-108.9899	-108.9899	-81.3010	0.7459	72.5537	0.6659	2.2e-04	0.5375
1873	-108.9757	-108.9757	-80.9716	0.7430	72.9057	0.6692	2.2e-04	0.5382
1874	-108.9908	-108.9908	-81.0804	0.7439	72.7892	0.6680	2.2e-04	0.5373
1875	-108.9837	-108.9837	-81.4963	0.7478	72.3244	0.6639	2.2e-04	0.5377
1876	-108.9859	-108.9859	-82.2606	0.7548	71.4631	0.6559	2.2e-04	0.5376
1877	-108.9814	-108.9814	-80.6163	0.7397	73.3119	0.6729	2.2e-04	0.5386
1878	-108.9658	-108.9658	-81.0818	0.7441	72.7704	0.6680	2.2e-04	0.5393
1879	-108.9912	-108.9912	-81.3728	0.7466	72.4428	0.6649	2.2e-04	0.5379
1880	-108.9765	-108.9765	-80.9664	0.7430	72.9197	0.6693	2.2e-04	0.5381
1881	-108.9945	-108.9945	-80.4048	0.7377	73.5492	0.6751	2.2e-04	0.5373
1882	-108.9932	-108.9932	-81.0206	0.7434	72.8474	0.6686	2.2e-04	0.5381
1883	-109.0053	-109.0053	-80.7989	0.7412	73.1318	0.6712	2.2e-04	0.5375
1884	-108.9945	-108.9945	-80.1795	0.7356	73.7860	0.6772	2.2e-04	0.5382
1885	-108.9844	-108.9844	-80.8927	0.7422	73.0030	0.6701	2.2e-04	0.5386
1886	-108.9933	-108.9933	-80.8742	0.7420	73.0184	0.6702	2.2e-04	0.5390
1887	-108.9957	-108.9957	-80.9788	0.7430	72.8989	0.6691	2.2e-04	0.5388
1888	-108.9865	-108.9865	-81.1478	0.7446	72.7198	0.6674	2.2e-04	0.5371
1889	-108.9918	-108.9918	-81.6203	0.7489	72.1889	0.6626	2.2e-04	0.5372
1890	-108.9821	-108.9821	-81.8580	0.7511	71.9133	0.6601	2.2e-04	0.5377
1891	-108.9863	-108.9863	-80.6356	0.7399	73.2899	0.6728	2.2e-04	0.5394
1892	-108.9982	-108.9982	-80.4112	0.7377	73.5584	0.6751	2.2e-04	0.5387
1893	-108.9787	-108.9787	-80.3980	0.7377	73.5171	0.6748	2.2e-04	0.5380
1894	-108.9922	-108.9922	-81.5332	0.7481	72.2934	0.6636	2.2e-04	0.5383
1895	-108.9986	-108.9986	-80.6602	0.7400	73.2718	0.6726	2.2e-04	0.5388
1896	-108.9896	-108.9896	-80.5794	0.7393	73.3552	0.6733	2.2e-04	0.5386
1897	-108.9946	-108.9946	-80.6228	0.7397	73.3206	0.6729	2.2e-04	0.5390
1898	-108.9833	-108.9833	-79.6849	0.7312	74.3246	0.6822	2.2e-04	0.5381
1899	-108.9882	-108.9882	-80.4713	0.7383	73.4596	0.6743	2.2e-04	0.5392
1900	-108.9786	-108.9786	-80.5968	0.7396	73.3293	0.6731	2.2e-04	0.5388
1901	-108.9812	-108.9812	-79.4141	0.7287	74.5879	0.6846	2.2e-04	0.5362
1902	-108.9873	-108.9873	-80.3435	0.7372	73.6104	0.6757	2.2e-04	0.5385
1903	-108.9842	-108.9842	-80.5680	0.7393	73.3601	0.6734	2.2e-04	0.5387
1904	-108.9827	-108.9827	-80.0018	0.7341	73.9683	0.6790	2.2e-04	0.5393
1905	-108.9874	-108.9874	-80.4380	0.7380	73.5201	0.6747	2.2e-04	0.5390
1906	-108.9909	-108.9909	-80.4384	0.7380	73.5135	0.6747	2.2e-04	0.5380
1907	-108.9811	-108.9811	-80.2819	0.7367	73.6712	0.6762	2.2e-04	0.5374
1908	-108.9869	-108.9869	-79.6672	0.7310	74.3387	0.6824	2.2e-04	0.5399
1909	-108.9854	-108.9854	-80.0931	0.7349	73.8882	0.6781	2.2e-04	0.5385
1910	-109.0000	-109.0000	-79.8120	0.7322	74.2042	0.6811	2.2e-04	0.5383
1911	-108.9841	-108.9841	-80.8392	0.7418	73.0594	0.6707	2.2e-04	0.5377
1912	-108.9857	-108.9857	-79.9756	0.7338	74.0092	0.6793	2.2e-04	0.5378
1913	-108.9785	-108.9785	-80.5229	0.7389	73.4103	0.6738	2.2e-04	0.5383
1914	-108.9865	-108.9865	-80.3871	0.7376	73.5610	0.6752	2.2e-04	0.5371
1915	-108.9810	-108.9810	-80.3967	0.7377	73.5342	0.6750	2.2e-04	0.5382
1916	-108.9802	-108.9802	-80.0141	0.7342	73.9404	0.6788	2.2e-04	0.5394
1917	-108.9747	-108.9747	-79.5353	0.7299	74.4705	0.6836	2.2e-04	0.5385
1918	-108.9910	-108.9910	-80.8780	0.7421	73.0162	0.6702	2.2e-04	0.5379
1919	-108.9636	-108.9636	-80.7082	0.7407	73.1814	0.6718	2.2e-04	0.5377
1920	-108.9833	-108.9833	-79.9070	0.7332	74.0869	0.6800	2.2e-04	0.5375
1921	-109.0003	-109.0003	-79.9966	0.7339	74.0064	0.6792	2.2e-04	0.5380
1922	-108.9970	-108.9970	-79.2755	0.7273	74.7674	0.6863	2.2e-04	0.5375
1923	-108.9832	-108.9832	-79.4685	0.7292	74.5580	0.6843	2.2e-04	0.5377
1924	-108.9809	-108.9809	-79.9483	0.7336	74.0361	0.6795	2.2e-04	0.5379
1925	-108.9877	-108.9877	-80.8876	0.7422	73.0070	0.6702	2.2e-04	0.5363
1926	-108.9935	-108.9935	-79.5077	0.7295	74.5320	0.6840	2.2e-04	0.5382
1927	-109.0089	-109.0089	-80.0444	0.7343	73.9584	0.6788	2.2e-04	0.5379
1928	-108.9752	-108.9752	-79.9545	0.7337	74.0251	0.6795	2.2e-04	0.5383
1929	-108.9984	-108.9984	-79.6988	0.7312	74.3224	0.6821	2.2e-04	0.5376
1930	-108.9995	-108.9995	-80.0276	0.7342	73.9673	0.6789	2.2e-04	0.5382
1931	-108.9882	-108.9882	-79.2208	0.7269	74.7924	0.6865	2.2e-04	0.5379
1932	-108.9788	-108.9788	-79.1849	0.7266	74.8381	0.6870	2.2e-04	0.5386
1933	-108.9935	-108.9935	-80.1643	0.7355	73.7800	0.6772	2.2e-04	0.5389
1934	-108.9927	-108.9927	-79.8084	0.7322	74.2006	0.6811	2.2e-04	0.5387
1935	-109.0051	-109.0051	-79.4673	0.7290	74.5590	0.6843	2.2e-04	0.5385
1936	-108.9992	-108.9992	-81.0773	0.7438	72.8188	0.6683	2.2e-04	0.5395
1937	-108.9851	-108.9851	-80.6042	0.7396	73.3248	0.6730	2.2e-04	0.5381
1938	-108.9783	-108.9783	-80.1110	0.7351	73.8566	0.6779	2.2e-04	0.5391
1939	-108.9863	-108.9863	-80.0240	0.7343	73.9639	0.6789	2.2e-04	0.5380
1940	-108.9754	-108.9754	-80.1066	0.7351	73.8599	0.6780	2.2e-04	0.5386
1941	-108.9776	-108.9776	-80.3841	0.7376	73.5518	0.6752	2.2e-04	0.5374
1942	-109.0014	-109.0014	-79.6903	0.7311	74.3313	0.6823	2.2e-04	0.5375
1943	-108.9931	-108.9931	-79.2316	0.7269	74.8113	0.6866	2.2e-04	0.5373
1944	-108.9743	-108.9743	-79.5958	0.7304	74.4125	0.6830	2.2e-04	0.5366
1945	-108.9786	-108.9786	-80.9526	0.7428	72.9282	0.6695	2.2e-04	0.5380
1946	-108.9824	-108.9824	-80.7518	0.7410	73.1531	0.6715	2.2e-04	0.5373
1947	-108.9718	-108.9718	-80.0535	0.7346	73.8997	0.6784	2.2e-04	0.5371
1948	-108.9781	-108.9781	-79.7829	0.7321	74.1949	0.6811	2.2e-04	0.5374
1949	-108.9994	-108.9994	-79.4253	0.7287	74.6135	0.6848	2.2e-04	0.5363
1950	-108.9977	-108.9977	-79.5915	0.7302	74.4330	0.6832	2.2e-04	0.5386
1951	-108.9680	-108.9680	-79.6752	0.7312	74.3083	0.6821	2.2e-04	0.5391
1952	-108.9945	-108.9945	-79.7650	0.7318	74.2518	0.6815	2.2e-04	0.5393
1953	-108.9994	-108.9994	-79.1585	0.7262	74.9111	0.6874	2.2e-04	0.5377
1954	-108.9903	-108.9903	-79.2414	0.7270	74.7996	0.6865	2.2e-04	0.5382
1955	-108.9872	-108.9872	-79.8328	0.7325	74.1566	0.6808	2.2e-04	0.5384
1956	-108.9952	-108.9952	-79.4158	0.7286	74.6132	0.6849	2.2e-04	0.5375
1957	-109.0008	-109.0008	-79.3009	0.7275	74.7491	0.6860	2.2e-04	0.5368
1958	-108.9860	-108.9860	-79.5762	0.7302	74.4312	0.6832	2.2e-04	0.5393
1959	-108.9851	-108.9851	-78.3478	0.7189	75.7184	0.6950	2.2e-04	0.5384
1960	-108.9830	-108.9830	-79.3974	0.7285	74.6178	0.6850	2.2e-04	0.5385
1961	-108.9751	-108.9751	-78.9651	0.7246	75.0686	0.6891	2.2e-04	0.5384
1962	-108.9795	-108.9795	-79.1505	0.7263	74.8875	0.6874	2.2e-04	0.5377
1963	-108.9929	-108.9929	-79.4780	0.7292	74.5486	0.6843	2.2e-04	0.5375
1964	-108.9767	-108.9767	-79.5274	0.7298	74.4825	0.6837	2.2e-04	0.5380
1965	-108.9799	-108.9799	-79.6843	0.7312	74.3137	0.6821	2.2e-04	0.5371
1966	-108.9889	-108.9889	-79.1726	0.7264	74.8697	0.6872	2.2e-04	0.5381
1967	-108.9819	-108.9819	-79.1601	0.7264	74.8487	0.6871	2.2e-04	0.5381
1968	-108.9825	-108.9825	-78.7456	0.7226	75.3061	0.6913	2.2e-04	0.5375
1969	-108.9865	-108.9865	-78.6562	0.7217	75.4033	0.6921	2.2e-04	0.5381
1970	-108.9881	-108.9881	-78.1288	0.7169	75.9422	0.6971	2.2e-04	0.5384
1971	-108.9793	-108.9793	-78.2948	0.7184	75.7788	0.6956	2.2e-04	0.5384
1972	-108.9821	-108.9821	-77.4760	0.7109	76.6110	0.7033	2.2e-04	0.5398
1973	-108.9918	-108.9918	-78.4598	0.7199	75.6113	0.6940	2.2e-04	0.5369
1974	-108.9853	-108.9853	-77.9080	0.7148	76.1692	0.6991	2.2e-04	0.5398
1975	-108.9791	-108.9791	-77.7460	0.7134	76.3338	0.7007	2.2e-04	0.5386
1976	-108.9718	-108.9718	-77.2857	0.7092	76.8072	0.7050	2.1e-04	0.5388
1977	-108.9887	-108.9887	-78.6393	0.7215	75.4247	0.6924	2.1e-04	0.5386
1978	-108.9812	-108.9812	-77.5499	0.7116	76.5412	0.7026	2.1e-04	0.5392
1979	-108.9730	-108.9730	-77.6949	0.7130	76.3680	0.7010	2.1e-04	0.5390
1980	-108.9916	-108.9916	-77.9578	0.7153	76.1295	0.6988	2.1e-04	0.5390
1981	-108.9817	-108.9817	-78.4063	0.7194	75.6595	0.6944	2.1e-04	0.5380
1982	-108.9792	-108.9792	-78.0642	0.7163	75.9865	0.6975	2.1e-04	0.5378
1983	-109.0145	-109.0145	-78.4223	0.7194	75.6878	0.6946	2.1e-04	0.5379
1984	-109.0040	-109.0040	-77.5048	0.7110	76.6059	0.7031	2.1e-04	0.5396
1985	-108.9921	-108.9921	-77.9433	0.7151	76.1416	0.6989	2.1e-04	0.5392
1986	-108.9846	-108.9846	-77.8416	0.7142	76.2435	0.6998	2.1e-04	0.5388
1987	-108.9804	-108.9804	-77.5467	0.7116	76.5448	0.7026	2.1e-04	0.5376
1988	-108.9862	-108.9862	-78.3858	0.7192	75.6933	0.6948	2.1e-04	0.5367
1989	-108.9777	-108.9777	-78.0943	0.7166	75.9811	0.6975	2.1e-04	0.5369
1990	-108.9840	-108.9840	-77.5736	0.7118	76.5106	0.7023	2.1e-04	0.5373
1991	-108.9688	-108.9688	-77.9040	0.7149	76.1617	0.6992	2.1e-04	0.5388
1992	-108.9871	-108.9871	-77.5842	0.7119	76.5017	0.7023	2.1e-04	0.5392
1993	-108.9911	-108.9911	-77.9209	0.7149	76.1585	0.6990	2.1e-04	0.5398
1994	-108.9778	-108.9778	-78.1950	0.7175	75.8755	0.6965	2.1e-04	0.5377
1995	-108.9809	-108.9809	-79.0277	0.7252	74.9985	0.6885	2.1e-04	0.5373
1996	-108.9959	-108.9959	-77.9867	0.7155	76.1058	0.6986	2.1e-04	0.5378
1997	-108.9791	-108.9791	-77.6965	0.7129	76.3894	0.7012	2.1e-04	0.5376
1998	-108.9963	-108.9963	-77.7948	0.7137	76.2781	0.7002	2.1e-04	0.5390
1999	-108.9816	-108.9816	-77.1239	0.7077	76.9715	0.7065	2.1e-04	0.5394
2000	-108.9949	-108.9949	-77.5742	0.7117	76.5239	0.7025	2.1e-04	0.5389
2001	-108.9908	-108.9908	-77.6053	0.7120	76.4959	0.7021	2.1e-04	0.5367
2002	-109.0007	-109.0007	-77.5230	0.7112	76.5894	0.7029	2.1e-04	0.5389
2003	-108.9914	-108.9914	-77.4377	0.7105	76.6652	0.7037	2.1e-04	0.5375
2004	-108.9752	-108.9752	-77.0777	0.7073	77.0002	0.7069	2.1e-04	0.5381
2005	-108.9823	-108.9823	-77.7126	0.7131	76.3818	0.7011	2.1e-04	0.5374
2006	-108.9996	-108.9996	-77.6777	0.7126	76.4349	0.7015	2.1e-04	0.5371
2007	-108.9721	-108.9721	-77.9630	0.7154	76.1063	0.6987	2.1e-04	0.5372
2008	-108.9836	-108.9836	-77.5412	0.7115	76.5339	0.7025	2.1e-04	0.5386
2009	-108.9870	-108.9870	-77.5898	0.7119	76.5168	0.7022	2.1e-04	0.5387
2010	-108.9818	-108.9818	-77.0780	0.7073	77.0175	0.7069	2.1e-04	0.5394
2011	-108.9928	-108.9928	-77.5378	0.7114	76.5557	0.7027	2.1e-04	0.5388
2012	-108.9897	-108.9897	-78.1122	0.7167	75.9820	0.6974	2.1e-04	0.5391
2013	-108.9821	-108.9821	-77.6027	0.7121	76.4897	0.7020	2.1e-04	0.5389
2014	-108.9875	-108.9875	-77.9476	0.7152	76.1234	0.6988	2.1e-04	0.5382
2015	-108.9883	-108.9883	-78.0640	0.7163	76.0222	0.6978	2.1e-04	0.5390
2016	-108.9843	-108.9843	-78.2442	0.7179	75.8372	0.6961	2.1e-04	0.5382
2017	-108.9993	-108.9993	-78.4344	0.7196	75.6050	0.6940	2.1e-04	0.5378
2018	-108.9806	-108.9806	-78.0477	0.7162	76.0246	0.6979	2.1e-04	0.5386
2019	-108.9787	-108.9787	-77.9420	0.7152	76.1410	0.6989	2.1e-04	0.5383
2020	-108.9776	-108.9776	-78.4847	0.7202	75.5655	0.6936	2.1e-04	0.5385
2021	-108.9921	-108.9921	-77.8549	0.7143	76.2248	0.6996	2.1e-04	0.5380
2022	-108.9983	-108.9983	-78.5012	0.7202	75.5507	0.6934	2.1e-04	0.5387
2023	-108.9737	-108.9737	-77.7159	0.7132	76.3697	0.7010	2.1e-04	0.5383
2024	-108.9832	-108.9832	-77.2108	0.7085	76.8822	0.7057	2.1e-04	0.5383
2025	-108.9729	-108.9729	-77.3139	0.7095	76.7488	0.7046	2.1e-04	0.5396
2026	-108.9919	-108.9919	-77.7130	0.7130	76.3841	0.7011	2.1e-04	0.5388
2027	-108.9965	-108.9965	-77.8597	0.7143	76.2158	0.6996	2.1e-04	0.5383
2028	-108.9833	-108.9833	-77.2206	0.7086	76.8379	0.7053	2.1e-04	0.5383
2029	-108.9737	-108.9737	-76.7287	0.7041	77.3255	0.7099	2.1e-04	0.5374
2030	-108.9747	-108.9747	-76.6989	0.7038	77.3745	0.7103	2.1e-04	0.5375
2031	-108.9913	-108.9913	-77.1234	0.7076	76.9782	0.7065	2.1e-04	0.5374
2032	-108.9692	-108.9692	-77.3194	0.7096	76.7560	0.7046	2.1e-04	0.5377
2033	-108.9955	-108.9955	-77.3158	0.7093	76.7883	0.7049	2.1e-04	0.5399
2034	-108.9747	-108.9747	-76.4691	0.7017	77.5946	0.7124	2.1e-04	0.5400
2035	-108.9881	-108.9881	-77.1509	0.7079	76.9260	0.7061	2.1e-04	0.5385
2036	-108.9837	-108.9837	-76.2966	0.7001	77.7874	0.7141	2.1e-04	0.5380
2037	-108.9948	-108.9948	-76.5243	0.7021	77.5613	0.7119	2.1e-04	0.5372
2038	-108.9804	-108.9804	-75.8202	0.6957	78.2497	0.7183	2.1e-04	0.5376
2039	-108.9842	-108.9842	-75.9989	0.6973	78.0790	0.7167	2.1e-04	0.5402
2040	-108.9843	-108.9844	-75.0854	0.6890	78.9593	0.7248	2.1e-04	0.5402
2041	-108.9895	-108.9895	-75.3561	0.6914	78.7052	0.7225	2.1e-04	0.5378
2042	-108.9918	-108.9918	-75.9683	0.6970	78.1166	0.7170	2.1e-04	0.5384
2043	-108.9708	-108.9708	-75.5049	0.6929	78.5380	0.7209	2.1e-04	0.5379
2044	-108.9840	-108.9841	-75.5700	0.6934	78.4870	0.7204	2.1e-04	0.5387
2045	-108.9871	-108.9872	-75.2179	0.6902	78.8246	0.7236	2.1e-04	0.5379
2046	-108.9703	-108.9703	-76.0564	0.6980	78.0016	0.7161	2.1e-04	0.5383
2047	-108.9971	-108.9971	-76.1588	0.6987	77.9294	0.7154	2.1e-04	0.5381
2048	-108.9853	-108.9853	-75.8465	0.6959	78.1913	0.7177	2.1e-04	0.5369
2049	-108.9855	-108.9856	-75.3175	0.6911	78.7362	0.7227	2.1e-04	0.5377
2050	-108.9934	-108.9934	-75.6954	0.6945	78.3869	0.7195	2.1e-04	0.5379
2051	-109.0004	-109.0004	-77.0088	0.7065	77.0954	0.7077	2.1e-04	0.5388
2052	-108.9944	-108.9944	-75.8068	0.6955	78.2513	0.7182	2.1e-04	0.5386
2053	-108.9719	-108.9719	-76.1378	0.6987	77.9032	0.7151	2.1e-04	0.5379
2054	-108.9983	-108.9983	-76.3742	0.7007	77.7264	0.7134	2.1e-04	0.5375
2055	-108.9923	-108.9923	-76.5128	0.7020	77.5767	0.7121	2.1e-04	0.5382
2056	-108.9825	-108.9825	-77.1033	0.7075	76.9789	0.7067	2.1e-04	0.5395
2057	-108.9777	-108.9777	-77.2758	0.7091	76.8110	0.7051	2.1e-04	0.5390
2058	-108.9849	-108.9849	-76.6925	0.7037	77.3814	0.7104	2.1e-04	0.5395
2059	-108.9872	-108.9872	-75.7946	0.6954	78.2857	0.7186	2.1e-04	0.5381
2060	-108.9969	-108.9969	-76.3098	0.7001	77.7891	0.7140	2.1e-04	0.5391
2061	-108.9746	-108.9746	-76.6641	0.7035	77.4164	0.7107	2.1e-04	0.5385
2062	-108.9962	-108.9962	-75.9291	0.6966	78.1662	0.7174	2.1e-04	0.5391
2063	-108.9692	-108.9692	-77.2926	0.7093	76.7827	0.7049	2.1e-04	0.5387
2064	-108.9860	-108.9860	-76.9195	0.7058	77.1660	0.7084	2.1e-04	0.5382
2065	-108.9836	-108.9836	-77.1408	0.7078	76.9547	0.7064	2.1e-04	0.5383
2066	-108.9796	-108.9796	-76.5038	0.7020	77.5744	0.7120	2.1e-04	0.5372
2067	-108.9890	-108.9890	-76.2857	0.6999	77.8071	0.7142	2.1e-04	0.5378
2068	-109.0101	-109.0101	-76.8225	0.7047	77.3002	0.7095	2.1e-04	0.5382
2069	-108.9672	-108.9672	-76.7077	0.7040	77.3617	0.7102	2.1e-04	0.5368
2070	-108.9789	-108.9790	-76.1305	0.6986	77.9436	0.7155	2.1e-04	0.5400
2071	-108.9778	-108.9778	-76.9143	0.7058	77.1663	0.7083	2.1e-04	0.5395
2072	-108.9665	-108.9665	-76.9683	0.7063	77.1094	0.7079	2.1e-04	0.5385
2073	-108.9833	-108.9833	-77.0395	0.7069	77.0483	0.7073	2.1e-04	0.5385
2074	-108.9751	-108.9751	-77.1386	0.7079	76.9486	0.7064	2.1e-04	0.5381
2075	-108.9923	-108.9923	-76.8401	0.7050	77.2515	0.7091	2.1e-04	0.5378
2076	-108.9913	-108.9913	-77.2622	0.7089	76.8376	0.7053	2.1e-04	0.5387
2077	-108.9836	-108.9836	-76.9168	0.7058	77.1736	0.7084	2.1e-04	0.5375
2078	-108.9745	-108.9745	-76.5534	0.7025	77.5250	0.7117	2.1e-04	0.5376
2079	-108.9777	-108.9777	-76.4782	0.7018	77.5903	0.7123	2.1e-04	0.5377
2080	-108.9870	-108.9871	-75.6295	0.6939	78.4465	0.7200	2.1e-04	0.5386
2081	-108.9780	-108.9780	-76.1851	0.6991	77.8859	0.7149	2.1e-04	0.5399
2082	-108.9926	-108.9926	-76.3894	0.7009	77.7062	0.7132	2.1e-04	0.5402
2083	-108.9893	-108.9893	-75.9320	0.6967	78.1602	0.7174	2.1e-04	0.5388
2084	-108.9805	-108.9805	-76.1936	0.6991	77.8853	0.7150	2.1e-04	0.5400
2085	-108.9881	-108.9881	-75.9501	0.6969	78.1342	0.7172	2.1e-04	0.5379
2086	-108.9991	-108.9991	-76.2135	0.6992	77.8871	0.7149	2.1e-04	0.5382
2087	-108.9988	-108.9989	-75.4295	0.6920	78.6443	0.7218	2.1e-04	0.5391
2088	-108.9987	-108.9987	-76.2925	0.6999	77.8129	0.7142	2.1e-04	0.5401
2089	-108.9755	-108.9755	-76.8208	0.7049	77.2627	0.7093	2.1e-04	0.5389
2090	-108.9701	-108.9701	-77.3112	0.7095	76.7715	0.7047	2.1e-04	0.5395
2091	-108.9795	-108.9795	-76.5716	0.7026	77.4799	0.7113	2.1e-04	0.5389
2092	-108.9898	-108.9898	-76.1569	0.6988	77.9279	0.7153	2.1e-04	0.5385
2093	-108.9764	-108.9764	-77.1521	0.7080	76.9406	0.7062	2.1e-04	0.5375
2094	-108.9946	-108.9946	-77.0125	0.7066	77.0896	0.7076	2.1e-04	0.5380
2095	-108.9953	-108.9953	-76.6654	0.7034	77.4128	0.7105	2.1e-04	0.5382
2096	-108.9590	-108.9590	-76.8329	0.7052	77.2317	0.7090	2.1e-04	0.5376
2097	-108.9702	-108.9702	-76.0055	0.6975	78.0661	0.7166	2.1e-04	0.5371
2098	-108.9724	-108.9724	-77.0407	0.7070	77.0463	0.7072	2.1e-04	0.5380
2099	-108.9829	-108.9829	-76.8723	0.7054	77.2159	0.7088	2.1e-04	0.5367
2100	-108.9854	-108.9854	-77.1849	0.7082	76.9139	0.7060	2.1e-04	0.5373
2101	-108.9871	-108.9871	-77.0054	0.7066	77.0788	0.7075	2.1e-04	0.5361
2102	-108.9816	-108.9816	-77.0634	0.7071	77.0326	0.7071	2.1e-04	0.5394
2103	-108.9902	-108.9902	-77.7130	0.7130	76.3862	0.7011	2.1e-04	0.5384
2104	-108.9824	-108.9824	-77.0842	0.7073	76.9909	0.7068	2.1e-04	0.5384
2105	-108.9949	-108.9949	-77.3648	0.7098	76.7336	0.7043	2.1e-04	0.5377
2106	-108.9858	-108.9858	-76.9622	0.7062	77.1349	0.7080	2.1e-04	0.5381
2107	-108.9758	-108.9758	-76.9396	0.7060	77.1505	0.7082	2.1e-04	0.5384
2108	-108.9753	-108.9753	-76.3775	0.7009	77.7061	0.7133	2.1e-04	0.5390
2109	-108.9658	-108.9658	-77.6662	0.7128	76.4106	0.7014	2.1e-04	0.5396
2110	-108.9662	-108.9662	-76.1776	0.6991	77.8848	0.7150	2.1e-04	0.5400
2111	-108.9757	-108.9757	-77.1490	0.7079	76.9223	0.7061	2.1e-04	0.5377
2112	-108.9909	-108.9909	-76.2994	0.7001	77.7852	0.7140	2.1e-04	0.5381
2113	-108.9974	-108.9974	-76.0585	0.6978	78.0266	0.7162	2.1e-04	0.5378
2114	-108.9748	-108.9748	-76.5238	0.7022	77.5582	0.7119	2.1e-04	0.5375
2115	-108.9778	-108.9778	-76.6243	0.7031	77.4581	0.7111	2.1e-04	0.5375
2116	-109.0008	-109.0008	-76.6171	0.7029	77.4622	0.7109	2.1e-04	0.5387
2117	-109.0011	-109.0011	-76.1715	0.6988	77.9437	0.7153	2.1e-04	0.5382
2118	-108.9959	-108.9960	-76.0228	0.6975	78.0689	0.7166	2.1e-04	0.5382
2119	-108.9852	-108.9852	-75.8476	0.6959	78.2338	0.7181	2.1e-04	0.5381
2120	-108.9931	-108.9931	-76.0405	0.6977	78.0580	0.7164	2.1e-04	0.5375
2121	-108.9850	-108.9850	-76.7702	0.7044	77.3186	0.7097	2.1e-04	0.5375
2122	-108.9777	-108.9777	-76.5788	0.7027	77.5119	0.7115	2.1e-04	0.5378
2123	-108.9918	-108.9918	-76.6428	0.7032	77.4574	0.7110	2.1e-04	0.5380
2124	-108.9937	-108.9937	-77.0078	0.7065	77.0911	0.7077	2.1e-04	0.5376
2125	-108.9915	-108.9915	-76.8243	0.7049	77.2636	0.7092	2.1e-04	0.5368
2126	-108.9904	-108.9904	-77.1715	0.7081	76.9312	0.7061	2.1e-04	0.5379
2127	-108.9846	-108.9846	-76.5454	0.7024	77.5387	0.7118	2.1e-04	0.5381
2128	-108.9703	-108.9703	-77.4004	0.7103	76.6688	0.7038	2.1e-04	0.5392
2129	-108.9848	-108.9848	-77.6725	0.7127	76.4145	0.7014	2.1e-04	0.5389
2130	-108.9851	-108.9851	-76.4432	0.7014	77.6353	0.7126	2.1e-04	0.5394
2131	-108.9950	-108.9950	-76.6416	0.7032	77.4572	0.7109	2.1e-04	0.5393
2132	-109.0031	-109.0031	-77.1712	0.7080	76.9472	0.7062	2.1e-04	0.5387
2133	-108.9646	-108.9646	-76.4714	0.7018	77.5861	0.7122	2.1e-04	0.5393
2134	-108.9837	-108.9837	-76.8822	0.7054	77.2056	0.7087	2.1e-04	0.5395
2135	-108.9782	-108.9782	-77.0203	0.7067	77.0817	0.7075	2.1e-04	0.5381
2136	-108.9926	-108.9926	-77.2525	0.7088	76.8508	0.7054	2.1e-04	0.5397
2137	-108.9765	-108.9765	-77.5656	0.7118	76.5098	0.7024	2.1e-04	0.5388
2138	-108.9982	-108.9982	-76.0972	0.6982	77.9925	0.7157	2.1e-04	0.5386
2139	-108.9765	-108.9765	-76.6611	0.7035	77.4293	0.7107	2.1e-04	0.5388
2140	-108.9876	-108.9876	-76.4140	0.7011	77.6807	0.7130	2.1e-04	0.5392
2141	-108.9788	-108.9788	-76.4434	0.7015	77.5962	0.7123	2.1e-04	0.5389
2142	-108.9945	-108.9945	-77.0409	0.7068	77.0750	0.7074	2.1e-04	0.5392
2143	-108.9925	-108.9925	-77.1336	0.7077	76.9796	0.7065	2.1e-04	0.5380
2144	-108.9918	-108.9918	-77.4925	0.7110	76.6006	0.7031	2.1e-04	0.5377
2145	-108.9794	-108.9794	-77.5345	0.7115	76.5525	0.7027	2.1e-04	0.5377
2146	-108.9850	-108.9850	-77.7418	0.7133	76.3533	0.7008	2.1e-04	0.5374
2147	-108.9653	-108.9653	-78.1951	0.7176	75.8614	0.6964	2.1e-04	0.5383
2148	-108.9946	-108.9946	-78.4398	0.7197	75.6021	0.6940	2.1e-04	0.5396
2149	-108.9933	-108.9933	-78.2289	0.7177	75.8511	0.6963	2.1e-04	0.5387
2150	-108.9821	-108.9821	-77.4666	0.7108	76.6239	0.7033	2.1e-04	0.5375
2151	-108.9769	-108.9769	-77.8051	0.7140	76.2682	0.7001	2.1e-04	0.5378
2152	-108.9813	-108.9813	-77.5757	0.7118	76.5189	0.7024	2.1e-04	0.5381
2153	-108.9887	-108.9887	-77.7762	0.7136	76.2906	0.7003	2.1e-04	0.5379
2154	-108.9865	-108.9865	-77.3794	0.7100	76.7131	0.7042	2.1e-04	0.5376
2155	-108.9803	-108.9803	-77.0668	0.7072	77.0298	0.7070	2.1e-04	0.5386
2156	-108.9811	-108.9811	-77.4813	0.7110	76.6183	0.7032	2.1e-04	0.5389
2157	-108.9789	-108.9789	-78.0946	0.7166	75.9717	0.6974	2.1e-04	0.5383
2158	-108.9822	-108.9822	-76.4302	0.7013	77.6517	0.7127	2.1e-04	0.5383
2159	-109.0093	-109.0093	-76.9291	0.7057	77.1915	0.7084	2.1e-04	0.5382
2160	-108.9736	-108.9736	-77.8489	0.7144	76.2278	0.6997	2.1e-04	0.5383
2161	-108.9792	-108.9792	-76.6370	0.7032	77.4484	0.7110	2.1e-04	0.5381
2162	-108.9846	-108.9846	-77.2959	0.7092	76.7987	0.7049	2.1e-04	0.5376
2163	-108.9819	-108.9819	-76.7654	0.7044	77.3300	0.7098	2.1e-04	0.5379
2164	-108.9892	-108.9892	-77.9592	0.7153	76.1331	0.6988	2.1e-04	0.5375
2165	-108.9952	-108.9952	-76.6809	0.7035	77.4236	0.7107	2.1e-04	0.5368
2166	-108.9702	-108.9702	-76.0748	0.6981	77.9902	0.7160	2.1e-04	0.5384
2167	-108.9998	-108.9998	-77.4886	0.7109	76.6252	0.7033	2.1e-04	0.5385
2168	-108.9801	-108.9801	-76.7605	0.7044	77.3163	0.7097	2.1e-04	0.5393
2169	-108.9957	-108.9957	-76.8502	0.7051	77.2544	0.7090	2.1e-04	0.5387
2170	-108.9808	-108.9808	-76.4880	0.7018	77.6043	0.7123	2.1e-04	0.5399
2171	-108.9710	-108.9710	-76.9185	0.7059	77.1592	0.7083	2.1e-04	0.5385
2172	-108.9860	-108.9860	-77.3783	0.7100	76.6958	0.7041	2.1e-04	0.5384
2173	-108.9718	-108.9718	-77.1928	0.7084	76.8754	0.7057	2.1e-04	0.5375
2174	-108.9910	-108.9910	-77.0072	0.7065	77.1001	0.7076	2.1e-04	0.5385
2175	-108.9773	-108.9773	-77.1227	0.7077	76.9483	0.7063	2.1e-04	0.5390
2176	-108.9849	-108.9849	-77.6809	0.7128	76.4130	0.7014	2.1e-04	0.5382
2177	-108.9993	-108.9993	-77.4261	0.7103	76.6830	0.7038	2.1e-04	0.5380
2178	-108.9862	-108.9862	-77.9303	0.7150	76.1648	0.6991	2.1e-04	0.5387
2179	-108.9800	-108.9800	-77.3868	0.7101	76.6991	0.7040	2.1e-04	0.5383
2180	-108.9917	-108.9917	-77.1323	0.7077	76.9513	0.7062	2.1e-04	0.5392
2181	-108.9916	-108.9916	-77.7243	0.7131	76.3716	0.7009	2.1e-04	0.5379
2182	-109.0025	-109.0025	-77.7981	0.7137	76.3038	0.7003	2.1e-04	0.5377
2183	-108.9751	-108.9751	-77.5050	0.7112	76.5773	0.7030	2.1e-04	0.5366
2184	-108.9755	-108.9755	-78.0820	0.7165	75.9897	0.6976	2.1e-04	0.5379
2185	-108.9747	-108.9747	-77.9929	0.7157	76.0755	0.6983	2.1e-04	0.5375
2186	-108.9767	-108.9767	-77.7745	0.7137	76.3095	0.7005	2.1e-04	0.5375
2187	-108.9848	-108.9848	-78.0588	0.7162	76.0213	0.6979	2.1e-04	0.5371
2188	-108.9840	-108.9840	-77.9328	0.7151	76.1672	0.6990	2.1e-04	0.5395
2189	-108.9944	-108.9944	-77.6458	0.7124	76.4528	0.7018	2.1e-04	0.5388
2190	-108.9937	-108.9937	-77.8699	0.7144	76.2206	0.6996	2.1e-04	0.5387
2191	-109.0068	-109.0068	-77.4157	0.7102	76.7099	0.7040	2.1e-04	0.5384
2192	-109.0040	-109.0040	-78.5526	0.7206	75.5375	0.6932	2.1e-04	0.5380
2193	-108.9882	-108.9882	-77.6748	0.7127	76.4158	0.7014	2.1e-04	0.5372
2194	-108.9880	-108.9880	-78.8931	0.7239	75.1684	0.6899	2.1e-04	0.5377
2195	-108.9985	-108.9985	-78.1793	0.7173	75.8768	0.6964	2.1e-04	0.5368
2196	-108.9758	-108.9758	-78.1106	0.7168	75.9634	0.6972	2.1e-04	0.5376
2197	-108.9906	-108.9906	-78.9339	0.7242	75.1212	0.6896	2.1e-04	0.5371
2198	-108.9698	-108.9698	-79.6171	0.7306	74.3655	0.6828	2.1e-04	0.5382
2199	-108.9710	-108.9710	-78.8150	0.7233	75.2252	0.6906	2.1e-04	0.5391
2200	-108.9823	-108.9823	-79.2637	0.7273	74.7666	0.6863	2.1e-04	0.5394
2201	-108.9893	-108.9893	-78.4504	0.7198	75.6253	0.6942	2.1e-04	0.5368
2202	-108.9849	-108.9849	-78.0129	0.7158	76.0751	0.6983	2.1e-04	0.5395
2203	-108.9748	-108.9748	-77.5740	0.7119	76.5176	0.7023	2.1e-04	0.5390
2204	-108.9810	-108.9810	-77.2728	0.7090	76.8161	0.7052	2.1e-04	0.5395
2205	-108.9853	-108.9853	-77.6313	0.7123	76.4665	0.7018	2.1e-04	0.5383
2206	-108.9732	-108.9732	-77.8730	0.7146	76.2016	0.6995	2.1e-04	0.5399
2207	-109.0013	-109.0013	-77.0245	0.7066	77.0710	0.7074	2.1e-04	0.5392
2208	-108.9923	-108.9923	-77.4110	0.7102	76.6869	0.7039	2.1e-04	0.5384
2209	-108.9960	-108.9960	-77.3461	0.7096	76.7662	0.7046	2.1e-04	0.5398
2210	-108.9907	-108.9907	-78.1257	0.7168	75.9555	0.6972	2.1e-04	0.5400
2211	-108.9861	-108.9861	-78.4661	0.7200	75.5876	0.6939	2.1e-04	0.5389
2212	-108.9872	-108.9872	-78.3849	0.7192	75.6932	0.6948	2.1e-04	0.5396
2213	-108.9923	-108.9923	-77.2749	0.7090	76.8343	0.7052	2.1e-04	0.5384
2214	-108.9588	-108.9588	-76.5103	0.7022	77.5552	0.7120	2.1e-04	0.5391
2215	-108.9921	-108.9921	-77.1066	0.7075	77.0091	0.7068	2.1e-04	0.5386
2216	-108.9901	-108.9901	-77.2281	0.7086	76.8692	0.7056	2.1e-04	0.5393
2217	-108.9637	-108.9637	-77.9582	0.7155	76.1022	0.6987	2.1e-04	0.5388
2218	-108.9919	-108.9919	-77.5142	0.7112	76.5812	0.7029	2.1e-04	0.5385
2219	-108.9872	-108.9872	-77.8336	0.7142	76.2470	0.6999	2.1e-04	0.5371
2220	-108.9942	-108.9942	-77.5894	0.7119	76.5019	0.7023	2.1e-04	0.5384
2221	-108.9716	-108.9716	-77.5540	0.7117	76.5003	0.7023	2.1e-04	0.5378
2222	-108.9647	-108.9647	-77.7104	0.7132	76.3529	0.7010	2.1e-04	0.5385
2223	-108.9956	-108.9956	-77.3438	0.7096	76.7625	0.7046	2.1e-04	0.5374
2224	-108.9977	-108.9977	-76.5902	0.7027	77.5201	0.7115	2.1e-04	0.5387
2225	-108.9849	-108.9849	-77.2473	0.7088	76.8168	0.7052	2.1e-04	0.5398
2226	-108.9886	-108.9886	-76.0643	0.6979	78.0107	0.7161	2.1e-04	0.5375
2227	-108.9642	-108.9642	-76.7500	0.7044	77.2996	0.7097	2.1e-04	0.5381
2228	-109.0043	-109.0043	-75.9652	0.6969	78.1398	0.7172	2.1e-04	0.5380
2229	-108.9767	-108.9767	-76.1887	0.6991	77.8680	0.7148	2.1e-04	0.5362
2230	-108.9886	-108.9887	-75.3233	0.6911	78.7379	0.7227	2.1e-04	0.5379
2231	-108.9794	-108.9795	-74.7796	0.6862	79.2192	0.7272	2.1e-04	0.5381
2232	-108.9826	-108.9828	-74.7892	0.6862	79.2015	0.7271	2.1e-04	0.5395
2233	-108.9666	-108.9666	-75.5869	0.6937	78.4334	0.7200	2.1e-04	0.5388
2234	-108.9969	-108.9969	-76.2840	0.6999	77.7898	0.7141	2.1e-04	0.5395
2235	-108.9795	-108.9795	-75.6349	0.6940	78.4336	0.7199	2.1e-04	0.5391
2236	-108.9788	-108.9788	-76.9162	0.7058	77.1714	0.7084	2.1e-04	0.5380
2237	-108.9843	-108.9845	-74.9742	0.6879	79.0732	0.7258	2.1e-04	0.5374
2238	-108.9835	-108.9836	-75.5599	0.6933	78.5079	0.7206	2.1e-04	0.5380
2239	-108.9939	-108.9940	-75.8383	0.6958	78.2505	0.7182	2.1e-04	0.5377
2240	-108.9845	-108.9845	-76.2422	0.6996	77.8409	0.7145	2.1e-04	0.5376
2241	-108.9871	-108.9871	-76.2472	0.6996	77.8401	0.7145	2.1e-04	0.5383
2242	-109.0021	-109.0021	-76.2264	0.6993	77.8844	0.7148	2.1e-04	0.5395
2243	-108.9981	-108.9982	-75.1132	0.6891	78.9421	0.7246	2.1e-04	0.5391
2244	-108.9632	-108.9632	-76.2225	0.6995	77.8379	0.7146	2.1e-04	0.5388
2245	-108.9678	-108.9678	-77.1472	0.7080	76.9266	0.7062	2.1e-04	0.5381
2246	-108.9727	-108.9727	-76.2500	0.6997	77.8143	0.7144	2.1e-04	0.5380
2247	-108.9977	-108.9977	-76.2790	0.6998	77.8175	0.7142	2.1e-04	0.5376
2248	-108.9836	-108.9836	-76.4929	0.7019	77.5963	0.7123	2.1e-04	0.5373
2249	-108.9728	-108.9728	-76.6161	0.7031	77.4615	0.7111	2.1e-04	0.5375
2250	-108.9993	-108.9994	-75.7263	0.6947	78.3666	0.7192	2.1e-04	0.5381
2251	-108.9849	-108.9849	-76.4545	0.7015	77.6396	0.7126	2.1e-04	0.5374
2252	-108.9853	-108.9853	-76.4257	0.7012	77.6559	0.7128	2.1e-04	0.5369
2253	-108.9780	-108.9780	-76.5386	0.7023	77.5467	0.7118	2.1e-04	0.5378
2254	-108.9840	-108.9840	-76.4742	0.7017	77.6194	0.7125	2.1e-04	0.5380
2255	-108.9788	-108.9788	-76.3874	0.7009	77.6988	0.7132	2.1e-04	0.5380
2256	-108.9760	-108.9760	-76.0646	0.6980	77.9902	0.7160	2.1e-04	0.5374
2257	-108.9809	-108.9809	-75.9789	0.6972	78.0862	0.7168	2.1e-04	0.5383
2258	-108.9792	-108.9792	-76.0540	0.6979	78.0303	0.7162	2.1e-04	0.5391
2259	-108.9842	-108.9842	-77.6902	0.7129	76.4054	0.7013	2.1e-04	0.5393
2260	-109.0041	-109.0041	-76.2073	0.6991	77.9116	0.7150	2.1e-04	0.5395
2261	-108.9861	-108.9861	-76.7230	0.7040	77.3641	0.7102	2.1e-04	0.5372
2262	-108.9917	-108.9917	-76.1152	0.6984	77.9664	0.7156	2.1e-04	0.5383
2263	-108.9732	-108.9732	-76.1430	0.6987	77.9215	0.7154	2.1e-04	0.5374
2264	-108.9865	-108.9865	-76.8402	0.7050	77.2360	0.7090	2.1e-04	0.5387
2265	-108.9851	-108.9851	-76.0246	0.6976	78.0131	0.7161	2.1e-04	0.5373
2266	-108.9793	-108.9793	-76.7956	0.7047	77.2820	0.7094	2.1e-04	0.5374
2267	-108.9985	-108.9986	-75.2397	0.6903	78.8211	0.7234	2.1e-04	0.5376
2268	-108.9789	-108.9789	-76.1333	0.6986	77.9420	0.7155	2.1e-04	0.5393
2269	-109.0004	-109.0004	-76.3573	0.7005	77.7486	0.7136	2.1e-04	0.5383
2270	-108.9906	-108.9906	-76.5029	0.7019	77.5943	0.7122	2.1e-04	0.5396
2271	-108.9767	-108.9767	-76.3014	0.7002	77.7791	0.7139	2.1e-04	0.5393
2272	-108.9889	-108.9889	-76.1325	0.6985	77.9565	0.7156	2.1e-04	0.5390
2273	-108.9899	-108.9899	-76.1775	0.6989	77.9055	0.7151	2.1e-04	0.5374
2274	-108.9974	-108.9976	-74.6508	0.6849	79.3842	0.7286	2.1e-04	0.5383
2275	-108.9850	-108.9850	-76.3410	0.7005	77.7462	0.7136	2.1e-04	0.5381
2276	-108.9742	-108.9742	-75.9866	0.6973	78.0828	0.7167	2.1e-04	0.5378
2277	-108.9842	-108.9842	-76.7097	0.7039	77.3755	0.7103	2.1e-04	0.5386
2278	-108.9678	-108.9678	-75.9909	0.6974	78.0728	0.7167	2.1e-04	0.5399
2279	-108.9739	-108.9739	-76.0352	0.6977	78.0262	0.7163	2.1e-04	0.5393
2280	-108.9866	-108.9866	-76.4783	0.7017	77.6169	0.7124	2.1e-04	0.5386
2281	-108.9770	-108.9770	-76.1208	0.6985	77.9473	0.7156	2.1e-04	0.5383
2282	-108.9868	-108.9868	-75.9945	0.6973	78.0885	0.7167	2.1e-04	0.5398
2283	-108.9940	-108.9941	-75.1333	0.6893	78.9075	0.7242	2.1e-04	0.5395
2284	-108.9763	-108.9763	-75.4417	0.6923	78.6082	0.7216	2.1e-04	0.5397
2285	-108.9947	-108.9948	-75.6008	0.6936	78.4625	0.7202	2.1e-04	0.5379
2286	-108.9927	-108.9928	-74.9565	0.6877	79.0984	0.7260	2.1e-04	0.5396
2287	-108.9838	-108.9840	-75.1065	0.6892	78.9370	0.7246	2.1e-04	0.5385
2288	-108.9910	-108.9910	-76.5598	0.7024	77.5487	0.7117	2.1e-04	0.5399
2289	-108.9920	-108.9920	-75.9524	0.6969	78.1457	0.7172	2.1e-04	0.5393
2290	-108.9793	-108.9794	-75.7022	0.6946	78.3619	0.7193	2.1e-04	0.5398
2291	-108.9911	-108.9911	-75.9091	0.6965	78.1791	0.7176	2.1e-04	0.5383
2292	-108.9767	-108.9767	-76.2553	0.6997	77.8264	0.7144	2.1e-04	0.5377
2293	-108.9911	-108.9911	-76.3325	0.7004	77.7444	0.7136	2.1e-04	0.5377
2294	-108.9781	-108.9781	-76.3924	0.7010	77.6933	0.7132	2.1e-04	0.5382
2295	-108.9909	-108.9909	-76.5355	0.7022	77.5590	0.7119	2.1e-04	0.5382
2296	-108.9895	-108.9895	-76.4626	0.7016	77.6300	0.7126	2.1e-04	0.5382
2297	-108.9943	-108.9943	-77.2019	0.7083	76.8569	0.7055	2.1e-04	0.5374
2298	-108.9707	-108.9707	-76.8350	0.7051	77.2233	0.7090	2.1e-04	0.5362
2299	-108.9817	-108.9817	-76.7698	0.7044	77.3203	0.7098	2.1e-04	0.5381
2300	-108.9901	-108.9901	-76.9826	0.7063	77.1111	0.7078	2.1e-04	0.5374
2301	-108.9948	-108.9948	-76.8425	0.7050	77.2639	0.7092	2.1e-04	0.5360
2302	-108.9875	-108.9875	-76.8224	0.7049	77.2745	0.7093	2.1e-04	0.5391
2303	-108.9826	-108.9826	-77.4370	0.7105	76.6405	0.7036	2.1e-04	0.5375
2304	-108.9880	-108.9880	-77.5024	0.7111	76.5856	0.7030	2.1e-04	0.5383
2305	-108.9932	-108.9932	-76.7073	0.7038	77.3932	0.7104	2.1e-04	0.5381
2306	-108.9875	-108.9875	-77.1629	0.7080	76.9136	0.7059	2.1e-04	0.5391
2307	-108.9789	-108.9789	-77.1781	0.7082	76.8988	0.7058	2.1e-04	0.5393
2308	-108.9926	-108.9926	-77.0284	0.7067	77.0768	0.7075	2.1e-04	0.5383
2309	-108.9753	-108.9753	-76.3341	0.7005	77.7142	0.7134	2.1e-04	0.5383
2310	-108.9913	-108.9913	-77.3698	0.7099	76.7214	0.7043	2.1e-04	0.5382
2311	-108.9962	-108.9962	-76.4454	0.7014	77.6554	0.7128	2.1e-04	0.5390
2312	-108.9762	-108.9762	-77.1495	0.7079	76.9423	0.7062	2.1e-04	0.5382
2313	-108.9993	-108.9993	-76.9772	0.7062	77.1328	0.7080	2.1e-04	0.5373
2314	-108.9996	-108.9996	-76.2313	0.6994	77.8723	0.7147	2.1e-04	0.5379
2315	-108.9980	-108.9980	-77.1190	0.7075	76.9837	0.7066	2.1e-04	0.5387
2316	-108.9867	-108.9867	-77.6269	0.7123	76.4676	0.7019	2.1e-04	0.5392
2317	-108.9808	-108.9808	-77.0645	0.7071	77.0178	0.7070	2.0e-04	0.5373
2318	-108.9854	-108.9854	-76.5372	0.7023	77.5339	0.7117	2.0e-04	0.5383
2319	-108.9761	-108.9761	-76.3331	0.7005	77.7482	0.7137	2.0e-04	0.5378
2320	-108.9906	-108.9906	-76.3927	0.7009	77.7065	0.7132	2.0e-04	0.5379
2321	-108.9875	-108.9875	-76.5991	0.7028	77.4962	0.7113	2.0e-04	0.5383
2322	-108.9861	-108.9861	-76.2826	0.6999	77.7990	0.7142	2.0e-04	0.5376
2323	-108.9823	-108.9823	-77.1751	0.7081	76.9224	0.7061	2.0e-04	0.5380
2324	-108.9737	-108.9737	-76.4029	0.7011	77.6692	0.7130	2.0e-04	0.5374
2325	-108.9713	-108.9713	-76.8115	0.7049	77.2704	0.7093	2.0e-04	0.5374
2326	-108.9780	-108.9780	-76.2672	0.6998	77.7768	0.7140	2.0e-04	0.5372
2327	-108.9938	-108.9938	-77.7986	0.7138	76.2967	0.7003	2.0e-04	0.5384
2328	-108.9817	-108.9817	-77.1526	0.7079	76.9423	0.7063	2.0e-04	0.5368
2329	-108.9712	-108.9712	-77.3764	0.7101	76.6930	0.7040	2.0e-04	0.5387
2330	-108.9775	-108.9775	-76.9906	0.7065	77.0984	0.7077	2.0e-04	0.5374
2331	-108.9916	-108.9916	-76.7842	0.7045	77.3232	0.7097	2.0e-04	0.5379
2332	-108.9863	-108.9863	-77.2558	0.7089	76.8411	0.7053	2.0e-04	0.5376
2333	-108.9981	-108.9981	-77.8193	0.7140	76.2898	0.7002	2.0e-04	0.5381
2334	-108.9794	-108.9794	-77.1896	0.7083	76.8660	0.7056	2.0e-04	0.5381
2335	-108.9883	-108.9883	-77.4317	0.7105	76.6573	0.7037	2.0e-04	0.5379
2336	-108.9867	-108.9867	-77.0969	0.7074	76.9994	0.7068	2.0e-04	0.5380
2337	-108.9953	-108.9953	-77.3985	0.7101	76.6994	0.7040	2.0e-04	0.5369
2338	-108.9744	-108.9744	-77.4487	0.7107	76.6204	0.7035	2.0e-04	0.5363
2339	-108.9898	-108.9898	-77.5768	0.7118	76.5205	0.7024	2.0e-04	0.5392
2340	-108.9802	-108.9802	-77.2517	0.7089	76.8243	0.7052	2.0e-04	0.5386
2341	-108.9852	-108.9852	-77.7782	0.7137	76.3104	0.7005	2.0e-04	0.5380
2342	-108.9923	-108.9923	-77.7904	0.7137	76.3132	0.7004	2.0e-04	0.5379
2343	-108.9794	-108.9794	-77.4938	0.7111	76.5991	0.7031	2.0e-04	0.5383
2344	-108.9908	-108.9908	-78.3605	0.7190	75.6828	0.6946	2.0e-04	0.5385
2345	-108.9865	-108.9865	-77.3300	0.7095	76.7605	0.7046	2.0e-04	0.5376
2346	-108.9978	-108.9978	-77.6135	0.7121	76.4919	0.7021	2.0e-04	0.5377
2347	-108.9942	-108.9942	-77.7337	0.7132	76.3687	0.7010	2.0e-04	0.5392
2348	-108.9883	-108.9883	-77.6284	0.7123	76.4777	0.7019	2.0e-04	0.5386
2349	-108.9847	-108.9847	-77.3290	0.7095	76.7610	0.7047	2.0e-04	0.5384
2350	-108.9855	-108.9855	-77.7951	0.7138	76.2817	0.7002	2.0e-04	0.5380
2351	-108.9785	-108.9785	-78.5989	0.7212	75.4570	0.6927	2.0e-04	0.5387
2352	-108.9923	-108.9923	-77.3629	0.7098	76.7386	0.7044	2.0e-04	0.5382
2353	-108.9912	-108.9912	-77.0917	0.7073	77.0202	0.7069	2.0e-04	0.5372
2354	-108.9847	-108.9847	-77.7608	0.7135	76.3282	0.7006	2.0e-04	0.5393
2355	-108.9869	-108.9869	-78.3644	0.7190	75.7084	0.6950	2.0e-04	0.5386
2356	-108.9807	-108.9807	-76.1279	0.6985	77.9422	0.7156	2.0e-04	0.5394
2357	-108.9952	-108.9952	-77.0618	0.7070	77.0540	0.7072	2.0e-04	0.5373
2358	-108.9795	-108.9795	-77.9090	0.7149	76.1693	0.6991	2.0e-04	0.5375
2359	-108.9998	-108.9998	-77.1384	0.7077	76.9649	0.7064	2.0e-04	0.5372
2360	-108.9808	-108.9808	-78.4735	0.7201	75.5913	0.6939	2.0e-04	0.5380
2361	-108.9938	-108.9938	-77.6999	0.7129	76.3926	0.7012	2.0e-04	0.5377
2362	-108.9916	-108.9916	-77.4957	0.7110	76.5962	0.7030	2.0e-04	0.5381
2363	-108.9943	-108.9943	-77.8830	0.7146	76.2113	0.6996	2.0e-04	0.5389
2364	-108.9834	-108.9834	-77.8873	0.7147	76.1973	0.6995	2.0e-04	0.5391
2365	-108.9693	-108.9693	-77.6922	0.7130	76.3734	0.7012	2.0e-04	0.5389
2366	-108.9855	-108.9855	-77.9542	0.7153	76.1312	0.6988	2.0e-04	0.5384
2367	-108.9723	-108.9723	-77.5782	0.7119	76.4977	0.7023	2.0e-04	0.5379
2368	-108.9913	-108.9913	-77.6224	0.7122	76.4564	0.7018	2.0e-04	0.5373
2369	-108.9859	-108.9859	-77.7529	0.7134	76.3433	0.7007	2.0e-04	0.5377
2370	-108.9968	-108.9968	-77.6560	0.7125	76.4494	0.7017	2.0e-04	0.5385
2371	-108.9698	-108.9698	-77.6635	0.7127	76.3758	0.7012	2.0e-04	0.5389
2372	-109.0039	-109.0039	-77.5414	0.7114	76.5524	0.7027	2.0e-04	0.5378
2373	-108.9747	-108.9747	-77.5429	0.7116	76.5399	0.7026	2.0e-04	0.5371
2374	-108.9896	-108.9896	-77.1229	0.7076	76.9755	0.7066	2.0e-04	0.5377
2375	-108.9694	-108.9694	-77.3213	0.7096	76.7397	0.7045	2.0e-04	0.5380
2376	-108.9728	-108.9728	-77.1961	0.7084	76.8711	0.7057	2.0e-04	0.5373
2377	-108.9828	-108.9828	-77.2721	0.7090	76.8176	0.7051	2.0e-04	0.5377
2378	-108.9790	-108.9790	-77.5268	0.7114	76.5441	0.7027	2.0e-04	0.5378
2379	-108.9995	-108.9995	-77.4077	0.7102	76.7043	0.7039	2.0e-04	0.5376
2380	-108.9870	-108.9870	-77.7976	0.7138	76.2892	0.7003	2.0e-04	0.5374
2381	-108.9949	-108.9949	-77.7702	0.7135	76.3282	0.7006	2.0e-04	0.5389
2382	-108.9866	-108.9866	-76.8973	0.7056	77.1833	0.7085	2.0e-04	0.5397
2383	-108.9815	-108.9815	-77.9959	0.7157	76.0727	0.6984	2.0e-04	0.5381
2384	-108.9783	-108.9783	-77.9319	0.7151	76.1427	0.6990	2.0e-04	0.5378
2385	-108.9886	-108.9886	-77.4131	0.7103	76.6808	0.7039	2.0e-04	0.5388
2386	-108.9751	-108.9751	-77.1721	0.7082	76.8893	0.7059	2.0e-04	0.5382
2387	-108.9739	-108.9739	-77.1113	0.7076	76.9671	0.7065	2.0e-04	0.5376
2388	-108.9806	-108.9806	-77.2498	0.7088	76.8511	0.7054	2.0e-04	0.5373
2389	-108.9869	-108.9869	-77.1246	0.7077	76.9751	0.7066	2.0e-04	0.5379
2390	-108.9803	-108.9803	-77.8266	0.7141	76.2443	0.6999	2.0e-04	0.5398
2391	-108.9950	-108.9950	-77.1609	0.7079	76.8746	0.7055	2.0e-04	0.5396
2392	-108.9825	-108.9825	-77.2010	0.7084	76.8923	0.7058	2.0e-04	0.5389
2393	-108.9768	-108.9768	-76.9181	0.7058	77.1670	0.7084	2.0e-04	0.5386
2394	-108.9765	-108.9765	-78.5032	0.7204	75.5501	0.6935	2.0e-04	0.5373
2395	-108.9816	-108.9816	-78.1862	0.7174	75.8774	0.6966	2.0e-04	0.5377
2396	-108.9809	-108.9809	-77.7389	0.7133	76.3344	0.7007	2.0e-04	0.5384
2397	-108.9992	-108.9992	-78.2724	0.7181	75.8178	0.6959	2.0e-04	0.5370
2398	-108.9662	-108.9662	-77.9409	0.7153	76.1065	0.6988	2.0e-04	0.5374
2399	-108.9785	-108.9785	-76.7544	0.7043	77.3278	0.7098	2.0e-04	0.5375
2400	-108.9782	-108.9782	-77.5937	0.7120	76.4833	0.7022	2.0e-04	0.5378
2401	-108.9907	-108.9907	-78.2616	0.7181	75.8244	0.6960	2.0e-04	0.5368
2402	-108.9959	-108.9959	-78.0740	0.7163	76.0029	0.6976	2.0e-04	0.5389
2403	-108.9938	-108.9938	-77.1393	0.7077	76.9652	0.7065	2.0e-04	0.5390
2404	-108.9725	-108.9725	-78.1724	0.7174	75.8996	0.6967	2.0e-04	0.5391
2405	-108.9936	-108.9936	-78.2173	0.7176	75.8642	0.6964	2.0e-04	0.5375
2406	-108.9863	-108.9863	-77.4439	0.7106	76.6421	0.7035	2.0e-04	0.5379
2407	-108.9774	-108.9774	-78.0446	0.7162	76.0113	0.6978	2.0e-04	0.5381
2408	-108.9819	-108.9819	-76.9273	0.7059	77.1559	0.7083	2.0e-04	0.5379
2409	-108.9914	-108.9914	-77.4534	0.7106	76.6464	0.7035	2.0e-04	0.5393
2410	-108.9848	-108.9848	-78.2600	0.7181	75.8170	0.6959	2.0e-04	0.5395
2411	-108.9837	-108.9837	-76.4113	0.7011	77.6680	0.7130	2.0e-04	0.5395
2412	-108.9770	-108.9770	-77.8965	0.7148	76.1696	0.6993	2.0e-04	0.5391
2413	-108.9813	-108.9813	-76.5499	0.7024	77.5364	0.7118	2.0e-04	0.5385
2414	-108.9785	-108.9785	-76.5448	0.7024	77.5387	0.7118	2.0e-04	0.5400
2415	-108.9801	-108.9801	-77.0781	0.7073	77.0034	0.7069	2.0e-04	0.5398
2416	-108.9869	-108.9869	-76.7069	0.7038	77.3736	0.7102	2.0e-04	0.5393
2417	-108.9973	-108.9973	-76.2506	0.6996	77.8455	0.7145	2.0e-04	0.5385
2418	-108.9833	-108.9833	-76.3386	0.7005	77.7452	0.7136	2.0e-04	0.5390
2419	-108.9854	-108.9854	-77.0176	0.7067	77.0723	0.7075	2.0e-04	0.5383
2420	-108.9895	-108.9895	-77.2580	0.7089	76.8437	0.7054	2.0e-04	0.5375
2421	-108.9927	-108.9927	-76.3302	0.7003	77.7671	0.7138	2.0e-04	0.5375
2422	-108.9976	-108.9976	-76.7325	0.7040	77.3780	0.7102	2.0e-04	0.5378
2423	-108.9889	-108.9889	-77.0090	0.7066	77.0914	0.7076	2.0e-04	0.5381
2424	-108.9794	-108.9794	-76.9518	0.7061	77.1073	0.7078	2.0e-04	0.5392
2425	-108.9938	-108.9938	-76.9721	0.7062	77.1314	0.7080	2.0e-04	0.5391
2426	-108.9817	-108.9817	-77.4247	0.7104	76.6601	0.7038	2.0e-04	0.5396
2427	-109.0021	-109.0021	-77.1336	0.7076	76.9462	0.7063	2.0e-04	0.5375
2428	-109.0081	-109.0081	-76.5501	0.7022	77.5639	0.7119	2.0e-04	0.5382
2429	-108.9734	-108.9734	-76.8254	0.7050	77.2559	0.7092	2.0e-04	0.5372
2430	-108.9860	-108.9860	-77.4465	0.7106	76.6218	0.7034	2.0e-04	0.5380
2431	-108.9836	-108.9836	-76.8791	0.7054	77.1930	0.7087	2.0e-04	0.5376
2432	-108.9997	-108.9997	-76.0429	0.6976	78.0286	0.7162	2.0e-04	0.5378
2433	-108.9908	-108.9908	-76.9190	0.7057	77.1771	0.7084	2.0e-04	0.5382
2434	-108.9840	-108.9840	-76.5435	0.7023	77.5420	0.7118	2.0e-04	0.5387
2435	-108.9799	-108.9799	-76.6338	0.7032	77.4521	0.7110	2.0e-04	0.5383
2436	-108.9870	-108.9870	-76.7162	0.7039	77.3609	0.7102	2.0e-04	0.5386
2437	-108.9922	-108.9922	-78.1034	0.7166	75.9935	0.6974	2.0e-04	0.5384
2438	-108.9868	-108.9868	-77.2829	0.7091	76.7932	0.7050	2.0e-04	0.5378
2439	-108.9833	-108.9833	-78.2937	0.7184	75.7782	0.6956	2.0e-04	0.5382
2440	-109.0019	-109.0019	-77.3496	0.7096	76.7645	0.7046	2.0e-04	0.5387
2441	-108.9974	-108.9974	-78.0647	0.7162	76.0286	0.6978	2.0e-04	0.5394
2442	-108.9972	-108.9972	-77.6526	0.7124	76.4440	0.7016	2.0e-04	0.5393
2443	-108.9855	-108.9855	-78.3136	0.7186	75.7690	0.6955	2.0e-04	0.5393
2444	-108.9985	-108.9985	-78.4264	0.7195	75.6466	0.6944	2.0e-04	0.5392
2445	-108.9732	-108.9732	-78.5098	0.7205	75.5353	0.6934	2.0e-04	0.5378
2446	-108.9897	-108.9897	-77.9628	0.7153	76.1093	0.6987	2.0e-04	0.5389
2447	-108.9997	-108.9997	-77.1942	0.7082	76.9264	0.7060	2.0e-04	0.5386
2448	-108.9852	-108.9852	-78.1329	0.7169	75.9475	0.6971	2.0e-04	0.5394
2449	-108.9777	-108.9777	-78.7112	0.7223	75.3336	0.6916	2.0e-04	0.5394
2450	-109.0037	-109.0037	-78.9646	0.7244	75.0917	0.6892	2.0e-04	0.5384
2451	-108.9847	-108.9847	-78.2492	0.7180	75.8269	0.6960	2.0e-04	0.5388
2452	-108.9915	-108.9915	-78.7693	0.7227	75.2878	0.6910	2.0e-04	0.5392
2453	-108.9824	-108.9824	-78.9761	0.7247	75.0658	0.6890	2.0e-04	0.5383
2454	-108.9798	-108.9798	-80.3543	0.7373	73.5809	0.6755	2.0e-04	0.5393
2455	-108.9966	-108.9966	-79.3018	0.7276	74.7380	0.6860	2.0e-04	0.5387
2456	-108.9838	-108.9838	-78.7525	0.7226	75.2968	0.6912	2.0e-04	0.5382
2457	-108.9914	-108.9914	-79.8096	0.7323	74.1920	0.6810	2.0e-04	0.5377
2458	-108.9946	-108.9946	-79.3353	0.7279	74.6965	0.6857	2.0e-04	0.5380
2459	-108.9916	-108.9916	-79.3056	0.7276	74.7226	0.6859	2.0e-04	0.5380
2460	-109.0091	-109.0091	-79.4012	0.7284	74.6489	0.6852	2.0e-04	0.5376
2461	-109.0015	-109.0015	-79.2278	0.7269	74.8262	0.6868	2.0e-04	0.5367
2462	-108.9787	-108.9787	-77.9928	0.7157	76.0863	0.6984	2.0e-04	0.5379
2463	-108.9712	-108.9712	-79.0683	0.7256	74.9503	0.6880	2.0e-04	0.5394
2464	-109.0005	-109.0005	-79.6857	0.7311	74.3277	0.6823	2.0e-04	0.5392
2465	-108.9800	-108.9800	-79.3295	0.7279	74.6988	0.6856	2.0e-04	0.5400
2466	-108.9769	-108.9769	-79.3197	0.7279	74.6778	0.6856	2.0e-04	0.5378
2467	-108.9829	-108.9829	-79.3391	0.7280	74.6860	0.6856	2.0e-04	0.5375
2468	-108.9955	-108.9955	-80.6293	0.7397	73.2804	0.6728	2.0e-04	0.5380
2469	-108.9835	-108.9835	-79.5641	0.7301	74.4291	0.6832	2.0e-04	0.5375
2470	-108.9888	-108.9888	-80.4737	0.7384	73.4708	0.6744	2.0e-04	0.5377
2471	-108.9877	-108.9877	-78.7046	0.7221	75.3525	0.6917	2.0e-04	0.5390
2472	-108.9854	-108.9854	-79.7293	0.7316	74.2616	0.6817	2.0e-04	0.5392
2473	-108.9907	-108.9907	-80.1667	0.7355	73.7980	0.6774	2.0e-04	0.5398
2474	-108.9736	-108.9736	-79.9335	0.7335	74.0258	0.6796	2.0e-04	0.5399
2475	-109.0134	-109.0134	-79.1703	0.7262	74.8954	0.6874	2.0e-04	0.5380
2476	-108.9891	-108.9891	-79.6743	0.7310	74.3254	0.6823	2.0e-04	0.5378
2477	-108.9870	-108.9870	-78.9799	0.7247	75.0645	0.6890	2.0e-04	0.5368
2478	-108.9908	-108.9908	-79.4712	0.7292	74.5195	0.6840	2.0e-04	0.5381
2479	-108.9806	-108.9806	-79.6001	0.7304	74.4008	0.6829	2.0e-04	0.5390
2480	-108.9831	-108.9831	-79.9103	0.7332	74.0659	0.6800	2.0e-04	0.5386
2481	-108.9789	-108.9789	-80.1637	0.7356	73.7939	0.6774	2.0e-04	0.5402
2482	-108.9929	-108.9929	-80.1334	0.7352	73.8490	0.6778	2.0e-04	0.5392
2483	-108.9775	-108.9775	-80.1897	0.7358	73.7759	0.6772	2.0e-04	0.5383
2484	-108.9736	-108.9736	-80.1746	0.7357	73.7685	0.6772	2.0e-04	0.5385
2485	-108.9818	-108.9818	-79.6788	0.7311	74.3132	0.6822	2.0e-04	0.5379
2486	-108.9686	-108.9686	-79.7106	0.7315	74.2699	0.6818	2.0e-04	0.5384
2487	-108.9891	-108.9891	-80.1612	0.7355	73.8028	0.6775	2.0e-04	0.5392
2488	-108.9870	-108.9870	-80.3107	0.7369	73.6453	0.6760	2.0e-04	0.5388
2489	-108.9870	-108.9870	-80.1765	0.7357	73.7667	0.6772	2.0e-04	0.5384
2490	-108.9891	-108.9891	-79.5195	0.7296	74.5064	0.6839	2.0e-04	0.5389
2491	-108.9877	-108.9877	-80.6968	0.7404	73.2184	0.6721	2.0e-04	0.5412
2492	-108.9689	-108.9689	-80.0587	0.7347	73.8980	0.6784	2.0e-04	0.5384
2493	-108.9879	-108.9879	-79.3806	0.7283	74.6352	0.6851	2.0e-04	0.5379
2494	-109.0013	-109.0013	-78.5705	0.7208	75.5221	0.6931	2.0e-04	0.5393
2495	-108.9869	-108.9869	-78.9337	0.7242	75.1214	0.6895	2.0e-04	0.5386
2496	-108.9943	-108.9943	-79.6485	0.7308	74.3394	0.6824	2.0e-04	0.5371
2497	-108.9724	-108.9724	-79.5629	0.7301	74.4177	0.6832	2.0e-04	0.5381
2498	-108.9832	-108.9832	-80.2954	0.7368	73.6542	0.6761	2.0e-04	0.5383
2499	-108.9815	-108.9815	-79.7186	0.7315	74.2734	0.6818	2.0e-04	0.5377
2500	-108.9753	-108.9753	-79.4070	0.7287	74.6077	0.6848	2.0e-04	0.5393
2501	-108.9976	-108.9976	-79.5895	0.7302	74.4419	0.6832	2.0e-04	0.5365
2502	-108.9907	-108.9907	-79.3636	0.7282	74.6625	0.6854	2.0e-04	0.5379
2503	-108.9845	-108.9845	-79.7822	0.7321	74.2132	0.6812	2.0e-04	0.5377
2504	-108.9791	-108.9791	-80.0103	0.7342	73.9588	0.6790	2.0e-04	0.5385
2505	-108.9825	-108.9825	-79.8314	0.7325	74.1632	0.6807	2.0e-04	0.5381
2506	-108.9878	-108.9878	-79.2528	0.7272	74.7870	0.6864	2.0e-04	0.5372
2507	-108.9837	-108.9837	-79.7282	0.7316	74.2610	0.6816	2.0e-04	0.5371
2508	-108.9780	-108.9780	-79.5205	0.7297	74.4879	0.6838	2.0e-04	0.5389
2509	-108.9951	-108.9951	-79.7197	0.7314	74.2553	0.6817	2.0e-04	0.5384
2510	-108.9871	-108.9871	-79.8849	0.7330	74.1051	0.6802	2.0e-04	0.5385
2511	-108.9745	-108.9745	-79.8993	0.7332	74.0751	0.6800	2.0e-04	0.5383
2512	-108.9795	-108.9795	-78.7342	0.7225	75.3108	0.6914	2.0e-04	0.5383
2513	-108.9818	-108.9818	-79.4140	0.7287	74.6007	0.6847	2.0e-04	0.5375
2514	-108.9909	-108.9909	-79.6969	0.7312	74.2615	0.6817	2.0e-04	0.5377
2515	-108.9830	-108.9830	-79.3907	0.7285	74.6184	0.6849	2.0e-04	0.5366
2516	-108.9899	-108.9899	-79.1371	0.7261	74.9043	0.6876	2.0e-04	0.5378
2517	-108.9829	-108.9829	-79.0983	0.7258	74.9307	0.6878	2.0e-04	0.5371
2518	-109.0060	-109.0060	-79.7203	0.7313	74.3058	0.6820	2.0e-04	0.5374
2519	-109.0043	-109.0043	-79.0727	0.7254	74.9924	0.6883	2.0e-04	0.5373
2520	-108.9863	-108.9863	-79.1003	0.7258	74.9369	0.6879	2.0e-04	0.5377
2521	-108.9769	-108.9769	-78.9683	0.7246	75.0608	0.6891	2.0e-04	0.5384
2522	-108.9869	-108.9869	-78.3138	0.7186	75.7386	0.6953	2.0e-04	0.5386
2523	-108.9961	-108.9961	-79.2039	0.7267	74.8398	0.6870	2.0e-04	0.5377
2524	-108.9853	-108.9853	-78.6334	0.7215	75.4336	0.6924	2.0e-04	0.5372
2525	-108.9716	-108.9716	-78.6800	0.7220	75.3645	0.6919	2.0e-04	0.5362
2526	-108.9731	-108.9731	-77.7650	0.7136	76.2991	0.7004	2.0e-04	0.5379
2527	-108.9851	-108.9851	-78.4911	0.7202	75.5743	0.6937	2.0e-04	0.5385
2528	-108.9843	-108.9843	-78.1595	0.7172	75.9162	0.6969	2.0e-04	0.5378
2529	-108.9783	-108.9783	-77.5934	0.7120	76.4825	0.7021	2.0e-04	0.5379
2530	-108.9717	-108.9717	-77.6845	0.7129	76.3831	0.7012	2.0e-04	0.5379
2531	-108.9899	-108.9899	-78.6984	0.7221	75.3672	0.6917	2.0e-04	0.5378
2532	-108.9833	-108.9833	-78.1903	0.7175	75.8754	0.6966	2.0e-04	0.5382
2533	-108.9944	-108.9944	-78.0620	0.7162	76.0295	0.6979	2.0e-04	0.5374
2534	-108.9998	-108.9998	-77.9526	0.7152	76.1500	0.6990	2.0e-04	0.5381
2535	-109.0054	-109.0054	-77.0637	0.7070	77.0418	0.7071	2.0e-04	0.5375
2536	-108.9809	-108.9809	-77.1582	0.7080	76.9373	0.7062	2.0e-04	0.5367
2537	-108.9710	-108.9710	-77.9857	0.7157	76.0611	0.6983	2.0e-04	0.5377
2538	-108.9895	-108.9895	-77.4761	0.7109	76.6174	0.7033	2.0e-04	0.5373
2539	-108.9769	-108.9769	-77.5745	0.7118	76.5001	0.7023	2.0e-04	0.5367
2540	-108.9836	-108.9836	-77.0466	0.7070	77.0439	0.7072	2.0e-04	0.5388
2541	-108.9941	-108.9941	-76.5562	0.7024	77.5572	0.7118	2.0e-04	0.5386
2542	-108.9979	-108.9979	-76.6959	0.7036	77.4032	0.7105	2.0e-04	0.5394
2543	-108.9811	-108.9811	-76.3924	0.7010	77.6940	0.7132	2.0e-04	0.5378
2544	-108.9946	-108.9946	-76.3130	0.7002	77.7838	0.7139	2.0e-04	0.5389
2545	-109.0003	-109.0003	-76.6863	0.7035	77.4264	0.7106	2.0e-04	0.5385
2546	-108.9941	-108.9941	-76.6975	0.7037	77.4124	0.7105	2.0e-04	0.5384
2547	-108.9888	-108.9888	-76.6552	0.7033	77.4361	0.7107	2.0e-04	0.5377
2548	-108.9870	-108.9870	-76.2717	0.6998	77.8109	0.7143	2.0e-04	0.5378
2549	-109.0013	-109.0013	-75.9932	0.6972	78.0861	0.7167	2.0e-04	0.5364
2550	-108.9813	-108.9813	-76.6512	0.7033	77.4429	0.7109	2.0e-04	0.5376
2551	-108.9766	-108.9766	-77.1467	0.7079	76.9447	0.7063	2.0e-04	0.5380
2552	-108.9980	-108.9980	-75.8582	0.6960	78.2394	0.7181	2.0e-04	0.5378
2553	-108.9952	-108.9952	-76.2062	0.6992	77.8812	0.7149	2.0e-04	0.5373
2554	-109.0029	-109.0029	-77.6423	0.7123	76.4722	0.7019	2.0e-04	0.5384
2555	-108.9914	-108.9914	-77.2149	0.7084	76.8839	0.7057	2.0e-04	0.5373
2556	-108.9815	-108.9815	-76.4766	0.7017	77.6119	0.7124	2.0e-04	0.5377
2557	-108.9883	-108.9883	-77.7302	0.7132	76.3454	0.7008	2.0e-04	0.5371
2558	-108.9836	-108.9836	-76.9760	0.7063	77.1082	0.7079	2.0e-04	0.5377
2559	-108.9630	-108.9630	-77.8873	0.7148	76.1668	0.6993	2.0e-04	0.5380
2560	-108.9773	-108.9773	-77.8990	0.7148	76.1556	0.6991	2.0e-04	0.5379
2561	-108.9913	-108.9913	-76.9699	0.7062	77.1339	0.7080	2.0e-04	0.5373
2562	-108.9867	-108.9867	-77.2674	0.7090	76.8333	0.7052	2.0e-04	0.5381
2563	-108.9920	-108.9920	-76.3248	0.7003	77.7719	0.7139	2.0e-04	0.5376
2564	-108.9943	-108.9943	-77.9066	0.7148	76.1809	0.6993	2.0e-04	0.5369
2565	-108.9837	-108.9837	-77.1396	0.7078	76.9513	0.7064	2.0e-04	0.5368
2566	-108.9905	-108.9905	-76.8183	0.7048	77.2826	0.7094	2.0e-04	0.5374
2567	-108.9826	-108.9826	-77.7476	0.7134	76.3340	0.7008	2.0e-04	0.5379
2568	-108.9846	-108.9846	-75.8758	0.6962	78.1701	0.7176	2.0e-04	0.5383
2569	-108.9844	-108.9844	-77.2007	0.7084	76.8940	0.7058	2.0e-04	0.5374
2570	-108.9749	-108.9749	-77.1578	0.7080	76.9094	0.7060	2.0e-04	0.5373
2571	-108.9822	-108.9822	-77.3759	0.7100	76.7176	0.7042	2.0e-04	0.5376
2572	-108.9632	-108.9632	-77.3939	0.7103	76.6694	0.7039	2.0e-04	0.5377
2573	-108.9918	-108.9918	-77.9356	0.7151	76.1575	0.6991	2.0e-04	0.5362
2574	-108.9888	-108.9888	-77.3247	0.7095	76.7681	0.7047	2.0e-04	0.5362
2575	-108.9770	-108.9770	-77.2663	0.7090	76.8120	0.7051	2.0e-04	0.5351
2576	-108.9936	-108.9936	-77.1029	0.7074	76.9980	0.7067	2.0e-04	0.5363
2577	-108.9873	-108.9873	-76.4335	0.7013	77.6475	0.7127	2.0e-04	0.5358
2578	-108.9647	-108.9647	-76.8368	0.7052	77.2204	0.7090	2.0e-04	0.5355
2579	-108.9862	-108.9862	-76.0312	0.6976	78.0331	0.7164	2.0e-04	0.5367
2580	-108.9858	-108.9858	-76.7479	0.7042	77.3416	0.7100	2.0e-04	0.5361
2581	-108.9875	-108.9875	-77.3383	0.7096	76.7625	0.7046	2.0e-04	0.5360
2582	-108.9978	-108.9978	-77.0919	0.7073	76.9947	0.7068	2.0e-04	0.5369
2583	-109.0099	-109.0099	-76.5438	0.7022	77.5840	0.7120	2.0e-04	0.5369
2584	-108.9922	-108.9922	-76.0867	0.6981	77.9986	0.7160	2.0e-04	0.5364
2585	-108.9804	-108.9804	-76.4242	0.7013	77.6536	0.7129	2.0e-04	0.5373
2586	-108.9975	-108.9975	-76.9914	0.7064	77.0917	0.7077	2.0e-04	0.5363
2587	-108.9867	-108.9867	-76.4271	0.7013	77.6453	0.7128	2.0e-04	0.5358
2588	-108.9907	-108.9907	-76.4213	0.7012	77.6779	0.7130	2.0e-04	0.5356
2589	-108.9694	-108.9694	-76.7802	0.7046	77.3000	0.7096	2.0e-04	0.5362
2590	-109.0001	-109.0001	-75.9137	0.6965	78.1776	0.7176	2.0e-04	0.5368
2591	-109.0035	-109.0035	-75.7167	0.6946	78.3761	0.7194	2.0e-04	0.5376
2592	-108.9971	-108.9971	-75.7745	0.6952	78.3193	0.7188	2.0e-04	0.5368
2593	-108.9986	-108.9986	-76.7795	0.7044	77.3353	0.7098	2.0e-04	0.5353
2594	-108.9849	-108.9849	-76.2944	0.7000	77.7967	0.7140	2.0e-04	0.5377
2595	-108.9833	-108.9833	-76.3086	0.7002	77.7813	0.7140	2.0e-04	0.5378
2596	-108.9887	-108.9887	-76.1820	0.6990	77.8938	0.7150	2.0e-04	0.5359
2597	-108.9793	-108.9793	-76.6336	0.7032	77.4386	0.7110	2.0e-04	0.5374
2598	-108.9784	-108.9784	-78.5906	0.7212	75.4683	0.6927	2.0e-04	0.5368
2599	-108.9697	-108.9697	-76.7821	0.7046	77.2828	0.7095	2.0e-04	0.5357
2600	-108.9880	-108.9880	-76.8436	0.7051	77.2506	0.7091	2.0e-04	0.5373
2601	-108.9920	-108.9920	-76.9358	0.7059	77.1312	0.7080	2.0e-04	0.5353
2602	-108.9838	-108.9838	-77.3598	0.7098	76.7273	0.7044	2.0e-04	0.5367
2603	-108.9830	-108.9830	-77.0014	0.7065	77.1021	0.7077	2.0e-04	0.5378
2604	-108.9866	-108.9866	-77.3884	0.7101	76.7201	0.7041	2.0e-04	0.5378
2605	-108.9833	-108.9833	-76.9149	0.7057	77.1804	0.7085	2.0e-04	0.5367
2606	-108.9991	-108.9991	-76.8027	0.7046	77.3056	0.7095	2.0e-04	0.5372
2607	-108.9906	-108.9906	-76.6318	0.7031	77.4344	0.7108	2.0e-04	0.5379
2608	-108.9818	-108.9818	-77.1854	0.7082	76.9015	0.7059	2.0e-04	0.5374
2609	-108.9875	-108.9875	-75.7693	0.6952	78.3075	0.7186	2.0e-04	0.5384
2610	-108.9987	-108.9987	-76.8510	0.7051	77.2645	0.7091	2.0e-04	0.5386
2611	-109.0012	-109.0012	-77.0769	0.7071	77.0324	0.7071	2.0e-04	0.5390
2612	-108.9905	-108.9905	-77.4966	0.7110	76.5951	0.7031	2.0e-04	0.5390
2613	-108.9726	-108.9726	-77.6708	0.7128	76.3922	0.7012	2.0e-04	0.5397
2614	-108.9873	-108.9873	-77.7715	0.7136	76.3019	0.7004	2.0e-04	0.5395
2615	-108.9749	-108.9749	-77.4159	0.7104	76.6630	0.7038	2.0e-04	0.5374
2616	-108.9860	-108.9860	-77.2730	0.7090	76.8091	0.7051	2.0e-04	0.5382
2617	-108.9879	-108.9879	-77.2150	0.7085	76.8949	0.7057	2.0e-04	0.5374
2618	-108.9907	-108.9907	-77.9902	0.7156	76.1044	0.6985	2.0e-04	0.5393
2619	-109.0076	-109.0076	-78.4065	0.7193	75.6916	0.6947	2.0e-04	0.5386
2620	-108.9970	-108.9970	-77.1301	0.7076	76.9768	0.7066	2.0e-04	0.5386
2621	-109.0023	-109.0023	-77.8152	0.7139	76.2808	0.7001	2.0e-04	0.5379
2622	-108.9876	-108.9876	-78.1207	0.7168	75.9627	0.6973	2.0e-04	0.5374
2623	-108.9858	-108.9858	-77.0493	0.7070	77.0361	0.7071	2.0e-04	0.5381
2624	-109.0047	-109.0047	-76.9730	0.7061	77.1339	0.7080	2.0e-04	0.5373
2625	-109.0087	-109.0087	-78.2392	0.7177	75.8654	0.6963	2.0e-04	0.5367
2626	-108.9823	-108.9823	-78.3266	0.7187	75.7378	0.6952	2.0e-04	0.5374
2627	-108.9802	-108.9802	-78.5632	0.7209	75.4711	0.6928	2.0e-04	0.5392
2628	-108.9852	-108.9852	-77.2959	0.7092	76.7550	0.7045	2.0e-04	0.5393
2629	-108.9885	-108.9885	-78.1139	0.7167	75.9639	0.6974	2.0e-04	0.5392
2630	-108.9893	-108.9893	-77.5098	0.7112	76.5954	0.7030	2.0e-04	0.5393
2631	-108.9865	-108.9865	-77.5893	0.7119	76.4904	0.7022	2.0e-04	0.5393
2632	-108.9868	-108.9868	-77.1098	0.7075	76.9803	0.7066	2.0e-04	0.5389
2633	-108.9848	-108.9848	-77.4550	0.7107	76.6422	0.7035	2.0e-04	0.5379
2634	-108.9730	-108.9730	-77.9790	0.7156	76.0933	0.6985	2.0e-04	0.5374
2635	-108.9864	-108.9864	-76.9760	0.7063	77.1213	0.7079	2.0e-04	0.5377
2636	-108.9786	-108.9786	-77.9046	0.7149	76.1804	0.6993	2.0e-04	0.5397
2637	-108.9833	-108.9833	-77.5000	0.7111	76.5511	0.7027	2.0e-04	0.5390
2638	-108.9862	-108.9862	-78.8015	0.7230	75.2607	0.6908	2.0e-04	0.5399
2639	-109.0006	-109.0006	-77.2502	0.7087	76.8249	0.7051	2.0e-04	0.5392
2640	-108.9966	-108.9966	-77.8880	0.7146	76.2097	0.6995	2.0e-04	0.5391
2641	-108.9882	-108.9882	-77.2754	0.7090	76.8237	0.7052	2.0e-04	0.5382
2642	-108.9827	-108.9827	-77.0443	0.7069	77.0465	0.7072	2.0e-04	0.5380
2643	-108.9884	-108.9884	-78.4182	0.7195	75.6536	0.6945	2.0e-04	0.5407
2644	-108.9817	-108.9817	-78.4618	0.7200	75.5965	0.6939	2.0e-04	0.5385
2645	-108.9807	-108.9807	-77.8397	0.7143	76.2287	0.6997	2.0e-04	0.5383
2646	-108.9950	-108.9950	-77.2133	0.7084	76.8964	0.7058	2.0e-04	0.5386
2647	-108.9787	-108.9787	-78.1621	0.7172	75.9114	0.6968	2.0e-04	0.5379
2648	-108.9878	-108.9878	-78.3550	0.7189	75.7273	0.6951	2.0e-04	0.5378
2649	-108.9768	-108.9768	-77.9335	0.7151	76.1332	0.6989	2.0e-04	0.5382
2650	-108.9772	-108.9772	-77.3735	0.7100	76.7120	0.7042	2.0e-04	0.5381
2651	-109.0022	-109.0022	-76.9698	0.7061	77.1189	0.7079	2.0e-04	0.5383
2652	-108.9819	-108.9819	-77.3708	0.7099	76.7318	0.7043	2.0e-04	0.5383
2653	-108.9871	-108.9871	-77.9075	0.7148	76.1833	0.6993	2.0e-04	0.5376
2654	-108.9927	-108.9927	-77.5767	0.7118	76.5203	0.7024	2.0e-04	0.5374
2655	-108.9825	-108.9825	-77.3917	0.7101	76.7055	0.7041	2.0e-04	0.5371
2656	-108.9815	-108.9815	-78.1518	0.7171	75.9238	0.6970	2.0e-04	0.5373
2657	-108.9810	-108.9810	-77.1288	0.7077	76.9618	0.7065	2.0e-04	0.5366
2658	-108.9850	-108.9850	-76.6014	0.7029	77.4909	0.7113	2.0e-04	0.5384
2659	-108.9882	-108.9882	-77.4849	0.7109	76.6062	0.7032	2.0e-04	0.5392
2660	-108.9894	-108.9894	-76.9217	0.7058	77.1728	0.7084	2.0e-04	0.5385
2661	-108.9892	-108.9892	-77.7526	0.7134	76.3407	0.7008	2.0e-04	0.5379
2662	-109.0125	-109.0125	-77.6351	0.7122	76.4727	0.7019	2.0e-04	0.5383
2663	-108.9981	-108.9981	-77.6748	0.7126	76.4289	0.7015	2.0e-04	0.5384
2664	-108.9888	-108.9888	-76.8406	0.7050	77.2462	0.7090	2.0e-04	0.5369
2665	-108.9972	-108.9972	-77.4036	0.7101	76.6785	0.7038	2.0e-04	0.5365
2666	-108.9969	-108.9969	-76.9316	0.7058	77.1628	0.7083	2.0e-04	0.5389
2667	-108.9811	-108.9811	-77.4251	0.7104	76.6514	0.7036	2.0e-04	0.5390
2668	-109.0026	-109.0026	-76.9746	0.7062	77.1422	0.7080	2.0e-04	0.5393
2669	-108.9979	-108.9979	-76.4598	0.7015	77.6614	0.7127	2.0e-04	0.5385
2670	-108.9795	-108.9795	-78.1543	0.7171	75.9088	0.6968	2.0e-04	0.5374
2671	-109.0016	-109.0016	-76.8044	0.7046	77.3061	0.7096	2.0e-04	0.5369
2672	-108.9783	-108.9783	-76.3400	0.7005	77.7372	0.7136	2.0e-04	0.5378
2673	-108.9756	-108.9756	-76.6456	0.7033	77.4094	0.7106	2.0e-04	0.5368
2674	-108.9766	-108.9766	-76.3639	0.7007	77.7124	0.7134	2.0e-04	0.5370
2675	-108.9931	-108.9931	-76.8307	0.7049	77.2664	0.7093	2.0e-04	0.5375
2676	-108.9756	-108.9756	-78.0633	0.7163	75.9779	0.6974	2.0e-04	0.5391
2677	-108.9712	-108.9712	-76.5464	0.7024	77.5250	0.7117	2.0e-04	0.5377
2678	-108.9990	-108.9990	-76.3345	0.7003	77.7605	0.7138	2.0e-04	0.5375
2679	-108.9819	-108.9819	-76.7004	0.7038	77.3845	0.7104	2.0e-04	0.5376
2680	-108.9937	-108.9937	-76.8575	0.7052	77.2386	0.7090	2.0e-04	0.5382
2681	-108.9765	-108.9765	-76.2724	0.6999	77.8027	0.7142	2.0e-04	0.5377
2682	-108.9829	-108.9829	-77.3443	0.7097	76.7501	0.7045	2.0e-04	0.5388
2683	-108.9777	-108.9777	-77.2938	0.7093	76.7976	0.7049	2.0e-04	0.5372
2684	-108.9599	-108.9599	-76.7552	0.7044	77.3100	0.7097	2.0e-04	0.5388
2685	-108.9852	-108.9852	-77.2988	0.7093	76.7982	0.7049	2.0e-04	0.5386
2686	-108.9724	-108.9724	-76.0195	0.6976	78.0439	0.7164	2.0e-04	0.5393
2687	-108.9850	-108.9850	-76.0489	0.6978	78.0296	0.7163	2.0e-04	0.5397
2688	-108.9800	-108.9800	-76.5275	0.7022	77.5591	0.7119	2.0e-04	0.5392
2689	-109.0040	-109.0040	-76.6204	0.7029	77.4905	0.7113	2.0e-04	0.5386
2690	-108.9910	-108.9911	-75.3411	0.6913	78.7232	0.7226	2.0e-04	0.5398
2691	-108.9851	-108.9851	-75.8510	0.6960	78.2223	0.7180	2.0e-04	0.5390
2692	-108.9852	-108.9852	-75.8157	0.6957	78.2593	0.7184	1.9e-04	0.5395
2693	-108.9806	-108.9807	-75.8953	0.6964	78.1779	0.7176	1.9e-04	0.5382
2694	-108.9838	-108.9839	-75.6905	0.6945	78.3621	0.7193	1.9e-04	0.5381
2695	-108.9782	-108.9783	-75.2014	0.6901	78.8428	0.7237	1.9e-04	0.5375
2696	-108.9914	-108.9914	-76.1786	0.6989	77.9148	0.7152	1.9e-04	0.5371
2697	-108.9890	-108.9891	-75.1500	0.6895	78.9017	0.7243	1.9e-04	0.5383
2698	-108.9934	-108.9934	-76.7633	0.7043	77.3285	0.7098	1.9e-04	0.5390
2699	-108.9791	-108.9791	-76.9487	0.7061	77.1398	0.7081	1.9e-04	0.5390
2700	-108.9918	-108.9919	-75.9182	0.6965	78.1647	0.7175	1.9e-04	0.5386
2701	-108.9837	-108.9838	-75.4490	0.6923	78.6234	0.7216	1.9e-04	0.5371
2702	-108.9981	-108.9981	-76.2345	0.6994	77.8623	0.7147	1.9e-04	0.5388
2703	-108.9870	-108.9870	-75.8651	0.6961	78.2064	0.7178	1.9e-04	0.5375
2704	-109.0009	-109.0009	-76.5008	0.7018	77.6101	0.7123	1.9e-04	0.5393
2705	-108.9970	-108.9970	-75.8328	0.6957	78.2443	0.7182	1.9e-04	0.5392
2706	-108.9897	-108.9897	-76.2915	0.7000	77.7964	0.7141	1.9e-04	0.5393
2707	-108.9875	-108.9876	-75.9081	0.6965	78.1721	0.7175	1.9e-04	0.5389
2708	-108.9801	-108.9801	-76.9779	0.7063	77.1146	0.7079	1.9e-04	0.5376
2709	-108.9740	-108.9740	-76.4151	0.7012	77.6581	0.7129	1.9e-04	0.5376
2710	-108.9740	-108.9740	-76.4268	0.7013	77.6482	0.7128	1.9e-04	0.5378
2711	-108.9971	-108.9971	-76.6920	0.7036	77.4144	0.7106	1.9e-04	0.5376
2712	-108.9884	-108.9884	-76.1800	0.6990	77.8943	0.7150	1.9e-04	0.5382
2713	-108.9939	-108.9939	-75.7469	0.6950	78.3340	0.7190	1.9e-04	0.5378
2714	-108.9668	-108.9668	-76.3441	0.7006	77.7221	0.7135	1.9e-04	0.5378
2715	-108.9711	-108.9711	-76.4328	0.7014	77.6423	0.7127	1.9e-04	0.5378
2716	-108.9917	-108.9917	-76.4586	0.7015	77.6441	0.7127	1.9e-04	0.5387
2717	-108.9879	-108.9879	-76.4611	0.7016	77.6372	0.7126	1.9e-04	0.5382
2718	-108.9909	-108.9909	-76.1713	0.6989	77.9152	0.7152	1.9e-04	0.5379
2719	-108.9881	-108.9881	-76.7682	0.7044	77.3021	0.7095	1.9e-04	0.5368
2720	-108.9865	-108.9865	-77.0296	0.7068	77.0657	0.7074	1.9e-04	0.5379
2721	-108.9874	-108.9874	-76.9695	0.7062	77.1332	0.7080	1.9e-04	0.5377
2722	-108.9991	-108.9991	-76.7435	0.7041	77.3697	0.7101	1.9e-04	0.5380
2723	-108.9869	-108.9869	-76.5164	0.7021	77.5736	0.7120	1.9e-04	0.5375
2724	-108.9922	-108.9922	-76.4987	0.7019	77.5925	0.7123	1.9e-04	0.5380
2725	-108.9883	-108.9883	-76.4405	0.7014	77.6474	0.7128	1.9e-04	0.5384
2726	-108.9951	-108.9951	-77.5342	0.7114	76.5698	0.7028	1.9e-04	0.5386
2727	-108.9942	-108.9942	-76.7092	0.7038	77.3958	0.7104	1.9e-04	0.5386
2728	-108.9913	-108.9913	-76.6923	0.7037	77.4062	0.7105	1.9e-04	0.5387
2729	-108.9973	-108.9973	-77.9020	0.7147	76.1848	0.6992	1.9e-04	0.5374
2730	-108.9867	-108.9867	-76.7758	0.7045	77.2980	0.7096	1.9e-04	0.5398
2731	-108.9819	-108.9819	-78.1368	0.7170	75.9451	0.6971	1.9e-04	0.5378
2732	-108.9947	-108.9947	-77.2909	0.7091	76.8044	0.7050	1.9e-04	0.5384
2733	-108.9900	-108.9900	-76.5956	0.7028	77.4899	0.7114	1.9e-04	0.5381
2734	-108.9888	-108.9888	-76.9707	0.7062	77.1214	0.7079	1.9e-04	0.5365
2735	-108.9801	-108.9801	-76.0904	0.6982	77.9875	0.7158	1.9e-04	0.5374
2736	-108.9846	-108.9846	-77.0412	0.7069	77.0593	0.7072	1.9e-04	0.5373
2737	-108.9989	-108.9989	-77.9255	0.7149	76.1673	0.6992	1.9e-04	0.5366
2738	-108.9677	-108.9677	-77.5367	0.7116	76.5298	0.7026	1.9e-04	0.5394
2739	-108.9825	-108.9825	-76.9097	0.7057	77.1877	0.7085	1.9e-04	0.5391
2740	-108.9894	-108.9894	-76.3112	0.7002	77.7661	0.7138	1.9e-04	0.5375
2741	-108.9740	-108.9740	-76.5741	0.7027	77.4743	0.7112	1.9e-04	0.5388
2742	-108.9977	-108.9978	-75.8003	0.6954	78.2773	0.7185	1.9e-04	0.5380
2743	-109.0106	-109.0106	-76.8470	0.7049	77.2752	0.7092	1.9e-04	0.5374
2744	-108.9956	-108.9956	-75.8786	0.6962	78.2125	0.7179	1.9e-04	0.5376
2745	-108.9901	-108.9901	-76.9582	0.7061	77.1400	0.7081	1.9e-04	0.5374
2746	-108.9866	-108.9866	-77.1385	0.7078	76.9530	0.7064	1.9e-04	0.5381
2747	-108.9854	-108.9854	-76.0534	0.6978	78.0155	0.7161	1.9e-04	0.5373
2748	-108.9996	-108.9996	-76.3958	0.7009	77.6797	0.7131	1.9e-04	0.5374
2749	-108.9763	-108.9763	-77.1592	0.7080	76.9278	0.7062	1.9e-04	0.5393
2750	-108.9947	-108.9947	-76.3938	0.7009	77.7120	0.7133	1.9e-04	0.5394
2751	-108.9830	-108.9830	-75.8249	0.6957	78.2493	0.7183	1.9e-04	0.5391
2752	-109.0065	-109.0065	-76.1746	0.6988	77.9299	0.7153	1.9e-04	0.5391
2753	-108.9949	-108.9949	-76.3656	0.7006	77.7400	0.7135	1.9e-04	0.5385
2754	-108.9800	-108.9800	-76.8955	0.7056	77.1817	0.7085	1.9e-04	0.5387
2755	-108.9811	-108.9811	-77.2306	0.7087	76.8543	0.7055	1.9e-04	0.5370
2756	-108.9941	-108.9941	-76.7898	0.7045	77.3087	0.7096	1.9e-04	0.5375
2757	-108.9823	-108.9823	-77.2478	0.7088	76.8466	0.7054	1.9e-04	0.5370
2758	-108.9939	-108.9939	-76.8795	0.7054	77.2264	0.7089	1.9e-04	0.5379
2759	-108.9907	-108.9907	-77.0211	0.7067	77.0728	0.7075	1.9e-04	0.5382
2760	-108.9856	-108.9856	-77.4905	0.7110	76.5922	0.7031	1.9e-04	0.5385
2761	-108.9870	-108.9870	-77.2418	0.7087	76.8103	0.7052	1.9e-04	0.5382
2762	-108.9838	-108.9838	-75.8725	0.6962	78.1954	0.7178	1.9e-04	0.5392
2763	-108.9785	-108.9785	-76.1441	0.6987	77.9389	0.7154	1.9e-04	0.5391
2764	-108.9877	-108.9877	-77.5621	0.7117	76.5310	0.7025	1.9e-04	0.5387
2765	-108.9799	-108.9799	-77.0720	0.7072	77.0206	0.7070	1.9e-04	0.5389
2766	-108.9919	-108.9919	-76.8141	0.7048	77.2880	0.7094	1.9e-04	0.5395
2767	-108.9840	-108.9840	-77.0784	0.7072	77.0113	0.7070	1.9e-04	0.5392
2768	-108.9722	-108.9722	-77.1282	0.7078	76.9493	0.7064	1.9e-04	0.5386
2769	-108.9798	-108.9798	-76.0872	0.6982	77.9872	0.7159	1.9e-04	0.5381
2770	-108.9901	-108.9901	-75.8792	0.6962	78.2019	0.7178	1.9e-04	0.5373
2771	-108.9777	-108.9777	-76.4452	0.7015	77.6435	0.7127	1.9e-04	0.5379
2772	-108.9950	-108.9950	-75.6706	0.6943	78.4083	0.7197	1.9e-04	0.5380
2773	-108.9850	-108.9850	-77.0979	0.7074	76.9770	0.7067	1.9e-04	0.5376
2774	-109.0065	-109.0065	-76.4273	0.7011	77.6778	0.7130	1.9e-04	0.5388
2775	-108.9927	-108.9927	-76.3425	0.7004	77.7512	0.7137	1.9e-04	0.5383
2776	-108.9584	-108.9584	-77.0042	0.7067	77.0620	0.7075	1.9e-04	0.5386
2777	-108.9553	-108.9553	-76.4235	0.7014	77.6291	0.7127	1.9e-04	0.5373
2778	-108.9846	-108.9846	-76.0216	0.6975	78.0486	0.7164	1.9e-04	0.5435
2779	-108.9965	-108.9965	-76.0374	0.6976	78.0565	0.7165	1.9e-04	0.5382
2780	-108.9837	-108.9837	-76.7273	0.7040	77.3577	0.7101	1.9e-04	0.5389
2781	-108.9909	-108.9909	-76.3754	0.7008	77.7207	0.7134	1.9e-04	0.5400
2782	-109.0058	-109.0058	-76.0641	0.6978	78.0415	0.7163	1.9e-04	0.5389
2783	-108.9780	-108.9780	-76.3724	0.7008	77.7028	0.7133	1.9e-04	0.5379
2784	-108.9920	-108.9920	-76.3451	0.7005	77.7488	0.7137	1.9e-04	0.5384
2785	-108.9828	-108.9829	-75.4527	0.6923	78.5684	0.7213	1.9e-04	0.5366
2786	-109.0017	-109.0017	-76.6897	0.7036	77.3930	0.7104	1.9e-04	0.5378
2787	-108.9892	-108.9894	-75.1207	0.6892	78.9272	0.7244	1.9e-04	0.5368
2788	-108.9737	-108.9737	-75.9963	0.6974	78.0709	0.7167	1.9e-04	0.5376
2789	-108.9897	-108.9898	-75.9389	0.6968	78.1414	0.7173	1.9e-04	0.5386
2790	-108.9803	-108.9803	-76.2824	0.7000	77.8025	0.7142	1.9e-04	0.5387
2791	-108.9722	-108.9722	-76.5063	0.7021	77.5515	0.7119	1.9e-04	0.5385
2792	-108.9885	-108.9886	-75.6414	0.6940	78.4343	0.7199	1.9e-04	0.5384
2793	-108.9973	-108.9973	-76.6604	0.7033	77.4257	0.7107	1.9e-04	0.5387
2794	-108.9953	-108.9954	-75.4266	0.6920	78.6377	0.7218	1.9e-04	0.5376
2795	-108.9832	-108.9833	-76.0389	0.6977	78.0383	0.7163	1.9e-04	0.5373
2796	-108.9847	-108.9847	-77.0691	0.7072	77.0093	0.7070	1.9e-04	0.5394
2797	-108.9812	-108.9812	-76.5135	0.7021	77.5598	0.7120	1.9e-04	0.5396
2798	-108.9846	-108.9846	-75.7251	0.6948	78.3046	0.7189	1.9e-04	0.5399
2799	-108.9891	-108.9891	-76.1846	0.6990	77.9119	0.7151	1.9e-04	0.5383
2800	-108.9923	-108.9923	-76.1900	0.6990	77.9096	0.7151	1.9e-04	0.5386
2801	-108.9679	-108.9679	-76.7479	0.7043	77.3173	0.7099	1.9e-04	0.5362
2802	-108.9854	-108.9855	-75.4013	0.6918	78.6418	0.7219	1.9e-04	0.5383
2803	-108.9947	-108.9947	-76.5251	0.7021	77.5668	0.7121	1.9e-04	0.5386
2804	-108.9947	-108.9947	-76.2066	0.6992	77.8796	0.7149	1.9e-04	0.5388
2805	-108.9875	-108.9875	-76.9071	0.7057	77.1751	0.7084	1.9e-04	0.5387
2806	-108.9851	-108.9851	-76.6933	0.7037	77.3976	0.7104	1.9e-04	0.5381
2807	-108.9895	-108.9895	-76.0430	0.6977	78.0359	0.7163	1.9e-04	0.5380
2808	-108.9859	-108.9859	-77.2794	0.7091	76.8091	0.7051	1.9e-04	0.5384
2809	-108.9827	-108.9827	-77.6199	0.7122	76.4420	0.7018	1.9e-04	0.5369
2810	-108.9909	-108.9909	-76.3295	0.7003	77.7610	0.7138	1.9e-04	0.5387
2811	-108.9893	-108.9893	-75.9883	0.6972	78.1019	0.7169	1.9e-04	0.5392
2812	-108.9982	-108.9982	-77.1079	0.7074	76.9952	0.7067	1.9e-04	0.5397
2813	-108.9714	-108.9714	-76.4948	0.7020	77.5730	0.7122	1.9e-04	0.5385
2814	-108.9959	-108.9959	-77.8108	0.7139	76.2695	0.7001	1.9e-04	0.5379
2815	-108.9811	-108.9811	-76.6910	0.7037	77.3925	0.7105	1.9e-04	0.5378
2816	-108.9787	-108.9787	-75.3956	0.6918	78.6157	0.7217	1.9e-04	0.5376
2817	-108.9984	-108.9984	-76.3122	0.7001	77.7855	0.7140	1.9e-04	0.5375
2818	-108.9743	-108.9743	-75.6653	0.6943	78.3938	0.7196	1.9e-04	0.5389
2819	-108.9771	-108.9771	-76.5653	0.7026	77.4897	0.7114	1.9e-04	0.5394
2820	-108.9927	-108.9927	-76.8044	0.7047	77.2920	0.7095	1.9e-04	0.5395
2821	-108.9862	-108.9862	-76.1916	0.6991	77.8817	0.7150	1.9e-04	0.5384
2822	-108.9815	-108.9815	-76.2581	0.6997	77.8111	0.7143	1.9e-04	0.5383
2823	-109.0008	-109.0009	-75.5452	0.6931	78.5482	0.7209	1.9e-04	0.5384
2824	-108.9825	-108.9825	-76.2785	0.6999	77.8097	0.7142	1.9e-04	0.5379
2825	-108.9881	-108.9881	-76.3708	0.7007	77.7284	0.7134	1.9e-04	0.5369
2826	-109.0027	-109.0027	-76.2614	0.6996	77.8358	0.7144	1.9e-04	0.5378
2827	-109.0060	-109.0060	-76.1594	0.6987	77.9440	0.7154	1.9e-04	0.5372
2828	-108.9960	-108.9960	-76.4925	0.7018	77.5965	0.7123	1.9e-04	0.5388
2829	-108.9808	-108.9808	-77.0696	0.7072	77.0117	0.7070	1.9e-04	0.5390
2830	-108.9705	-108.9705	-76.1961	0.6992	77.8296	0.7145	1.9e-04	0.5391
2831	-108.9830	-108.9830	-77.0315	0.7068	77.0529	0.7073	1.9e-04	0.5364
2832	-108.9900	-108.9900	-76.8024	0.7047	77.2996	0.7095	1.9e-04	0.5377
2833	-108.9797	-108.9797	-75.9020	0.6965	78.1394	0.7173	1.9e-04	0.5371
2834	-108.9892	-108.9892	-76.4469	0.7014	77.6213	0.7126	1.9e-04	0.5383
2835	-109.0031	-109.0031	-77.4436	0.7105	76.6653	0.7037	1.9e-04	0.5380
2836	-108.9821	-108.9821	-77.1049	0.7075	76.9708	0.7067	1.9e-04	0.5375
2837	-108.9859	-108.9859	-76.8670	0.7053	77.1909	0.7086	1.9e-04	0.5373
2838	-108.9945	-108.9945	-75.8612	0.6960	78.2315	0.7180	1.9e-04	0.5374
2839	-108.9882	-108.9882	-77.2161	0.7085	76.8783	0.7057	1.9e-04	0.5375
2840	-108.9947	-108.9947	-77.6809	0.7127	76.4170	0.7014	1.9e-04	0.5380
2841	-109.0163	-109.0163	-76.5274	0.7020	77.5907	0.7121	1.9e-04	0.5377
2842	-108.9959	-108.9959	-76.8974	0.7055	77.2180	0.7087	1.9e-04	0.5374
2843	-108.9880	-108.9880	-77.5690	0.7117	76.5034	0.7023	1.9e-04	0.5373
2844	-108.9836	-108.9836	-77.1531	0.7079	76.9394	0.7063	1.9e-04	0.5373
2845	-108.9903	-108.9903	-77.5965	0.7120	76.4990	0.7022	1.9e-04	0.5374
2846	-108.9914	-108.9914	-77.0444	0.7069	77.0556	0.7073	1.9e-04	0.5380
2847	-108.9780	-108.9780	-78.4474	0.7198	75.5927	0.6940	1.9e-04	0.5387
2848	-108.9911	-108.9911	-77.7338	0.7132	76.3548	0.7009	1.9e-04	0.5373
2849	-108.9858	-108.9858	-77.7830	0.7137	76.3000	0.7004	1.9e-04	0.5368
2850	-108.9953	-108.9953	-77.0722	0.7071	77.0275	0.7070	1.9e-04	0.5378
2851	-108.9915	-108.9915	-76.8012	0.7047	77.2935	0.7095	1.9e-04	0.5370
2852	-109.0040	-109.0040	-77.4265	0.7103	76.6830	0.7038	1.9e-04	0.5395
2853	-109.0054	-109.0054	-77.4528	0.7105	76.6555	0.7036	1.9e-04	0.5390
2854	-108.9834	-108.9834	-77.8572	0.7144	76.2128	0.6997	1.9e-04	0.5379
2855	-109.0012	-109.0012	-77.3502	0.7096	76.7533	0.7045	1.9e-04	0.5374
2856	-108.9876	-108.9876	-78.0444	0.7161	75.9810	0.6976	1.9e-04	0.5376
2857	-108.9737	-108.9737	-77.3075	0.7094	76.7457	0.7045	1.9e-04	0.5371
2858	-108.9893	-108.9893	-77.7484	0.7134	76.2587	0.7000	1.9e-04	0.5397
2859	-108.9726	-108.9726	-78.1380	0.7170	75.9230	0.6970	1.9e-04	0.5401
2860	-108.9800	-108.9800	-76.9003	0.7056	77.1935	0.7086	1.9e-04	0.5396
2861	-108.9924	-108.9924	-76.8525	0.7051	77.2257	0.7090	1.9e-04	0.5374
2862	-108.9871	-108.9871	-77.5826	0.7119	76.5027	0.7023	1.9e-04	0.5381
2863	-108.9642	-108.9642	-77.6571	0.7127	76.3967	0.7014	1.9e-04	0.5377
2864	-108.9771	-108.9771	-77.5817	0.7119	76.4971	0.7023	1.9e-04	0.5381
2865	-108.9971	-108.9971	-76.9299	0.7058	77.1806	0.7084	1.9e-04	0.5370
2866	-108.9855	-108.9855	-77.2696	0.7090	76.8125	0.7052	1.9e-04	0.5376
2867	-108.9961	-108.9961	-76.9365	0.7059	77.1717	0.7083	1.9e-04	0.5385
2868	-108.9727	-108.9727	-77.1758	0.7082	76.9018	0.7060	1.9e-04	0.5390
2869	-108.9646	-108.9646	-77.4337	0.7106	76.6202	0.7034	1.9e-04	0.5393
2870	-108.9834	-108.9834	-76.9805	0.7064	77.1140	0.7079	1.9e-04	0.5374
2871	-108.9876	-108.9876	-76.9589	0.7061	77.1159	0.7078	1.9e-04	0.5390
2872	-108.9777	-108.9777	-76.3257	0.7004	77.7465	0.7137	1.9e-04	0.5392
2873	-108.9718	-108.9718	-76.6707	0.7036	77.4001	0.7106	1.9e-04	0.5385
2874	-109.0041	-109.0041	-78.0993	0.7165	75.9924	0.6976	1.9e-04	0.5394
2875	-108.9831	-108.9831	-76.7024	0.7038	77.3800	0.7104	1.9e-04	0.5390
2876	-108.9677	-108.9677	-76.1492	0.6988	77.9148	0.7153	1.9e-04	0.5383
2877	-108.9966	-108.9966	-76.7249	0.7039	77.3681	0.7102	1.9e-04	0.5394
2878	-108.9799	-108.9799	-76.6644	0.7035	77.4253	0.7107	1.9e-04	0.5400
2879	-108.9861	-108.9861	-75.6700	0.6943	78.3916	0.7197	1.9e-04	0.5375
2880	-108.9988	-108.9988	-76.2727	0.6998	77.7745	0.7139	1.9e-04	0.5378
2881	-108.9905	-108.9907	-75.0148	0.6883	79.0306	0.7254	1.9e-04	0.5376
2882	-108.9893	-108.9893	-76.0279	0.6976	78.0503	0.7165	1.9e-04	0.5392
2883	-108.9859	-108.9859	-75.5445	0.6932	78.5207	0.7208	1.9e-04	0.5388
2884	-108.9849	-108.9850	-75.0383	0.6885	78.9722	0.7249	1.9e-04	0.5386
2885	-108.9832	-108.9834	-74.8085	0.6864	79.2132	0.7272	1.9e-04	0.5390
2886	-108.9846	-108.9847	-75.4888	0.6927	78.5726	0.7213	1.9e-04	0.5395
2887	-108.9931	-108.9932	-75.1006	0.6890	78.9604	0.7247	1.9e-04	0.5386
2888	-108.9966	-108.9968	-74.8545	0.6868	79.1904	0.7269	1.9e-04	0.5366
2889	-108.9804	-108.9805	-75.8494	0.6960	78.1984	0.7178	1.9e-04	0.5372
2890	-109.0016	-109.0016	-75.8650	0.6960	78.2088	0.7179	1.9e-04	0.5375
2891	-108.9830	-108.9831	-75.2849	0.6908	78.7658	0.7230	1.9e-04	0.5390
2892	-108.9792	-108.9792	-76.1331	0.6986	77.9371	0.7155	1.9e-04	0.5394
2893	-108.9781	-108.9781	-75.6750	0.6944	78.3691	0.7195	1.9e-04	0.5389
2894	-108.9944	-108.9944	-76.4097	0.7010	77.6852	0.7131	1.9e-04	0.5387
2895	-108.9875	-108.9875	-75.9567	0.6969	78.1315	0.7171	1.9e-04	0.5381
2896	-108.9777	-108.9777	-76.0598	0.6979	77.9965	0.7160	1.9e-04	0.5378
2897	-108.9811	-108.9811	-77.0128	0.7067	77.0753	0.7075	1.9e-04	0.5377
2898	-108.9913	-108.9913	-76.0734	0.6980	78.0056	0.7161	1.9e-04	0.5380
2899	-108.9928	-108.9928	-76.6878	0.7036	77.4046	0.7106	1.9e-04	0.5380
2900	-108.9654	-108.9654	-77.0227	0.7069	77.0402	0.7074	1.9e-04	0.5387
2901	-108.9738	-108.9738	-77.2914	0.7093	76.7906	0.7049	1.9e-04	0.5368
2902	-108.9907	-108.9907	-76.8858	0.7054	77.2148	0.7088	1.9e-04	0.5383
2903	-108.9876	-108.9876	-77.2317	0.7086	76.8495	0.7054	1.9e-04	0.5380
2904	-109.0083	-109.0083	-76.4000	0.7009	77.7056	0.7133	1.9e-04	0.5394
2905	-108.9919	-108.9919	-76.7310	0.7040	77.3554	0.7101	1.9e-04	0.5372
2906	-108.9923	-108.9923	-77.2945	0.7092	76.7935	0.7050	1.9e-04	0.5382
2907	-108.9900	-108.9900	-76.6955	0.7037	77.4025	0.7105	1.9e-04	0.5384
2908	-108.9804	-108.9804	-76.8584	0.7052	77.2231	0.7090	1.9e-04	0.5377
2909	-108.9972	-108.9972	-76.1285	0.6984	77.9513	0.7155	1.9e-04	0.5377
2910	-108.9887	-108.9887	-77.0878	0.7073	77.0106	0.7069	1.9e-04	0.5377
2911	-109.0067	-109.0067	-76.7479	0.7041	77.3633	0.7101	1.9e-04	0.5377
2912	-108.9907	-108.9907	-76.0503	0.6978	78.0334	0.7163	1.9e-04	0.5382
2913	-108.9757	-108.9759	-75.0253	0.6885	79.0128	0.7253	1.9e-04	0.5377
2914	-108.9862	-108.9862	-76.0625	0.6979	78.0163	0.7162	1.9e-04	0.5378
2915	-108.9814	-108.9814	-77.1275	0.7077	76.9452	0.7064	1.9e-04	0.5395
2916	-108.9757	-108.9757	-76.7067	0.7039	77.3387	0.7101	1.9e-04	0.5392
2917	-108.9806	-108.9806	-75.9562	0.6970	78.1104	0.7171	1.9e-04	0.5392
2918	-108.9709	-108.9709	-76.1903	0.6992	77.8732	0.7149	1.9e-04	0.5395
2919	-108.9773	-108.9773	-75.9785	0.6972	78.0815	0.7168	1.9e-04	0.5396
2920	-108.9968	-108.9968	-76.4706	0.7016	77.6356	0.7126	1.9e-04	0.5394
2921	-109.0147	-109.0147	-76.2319	0.6993	77.8812	0.7148	1.9e-04	0.5388
2922	-108.9850	-108.9850	-76.9939	0.7065	77.0990	0.7077	1.9e-04	0.5398
2923	-109.0040	-109.0040	-76.0522	0.6977	78.0516	0.7164	1.9e-04	0.5390
2924	-108.9732	-108.9732	-75.7436	0.6951	78.3186	0.7189	1.9e-04	0.5400
2925	-108.9892	-108.9892	-76.4541	0.7015	77.6344	0.7127	1.9e-04	0.5392
2926	-109.0074	-109.0075	-75.5176	0.6928	78.5613	0.7212	1.9e-04	0.5387
2927	-108.9909	-108.9909	-75.9988	0.6973	78.0821	0.7167	1.9e-04	0.5383
2928	-108.9945	-108.9945	-76.1802	0.6989	77.9210	0.7152	1.9e-04	0.5383
2929	-108.9971	-108.9971	-76.1387	0.6985	77.9580	0.7155	1.9e-04	0.5370
2930	-108.9832	-108.9832	-76.5778	0.7027	77.5122	0.7115	1.9e-04	0.5370
2931	-108.9952	-108.9952	-77.0778	0.7072	77.0138	0.7069	1.9e-04	0.5379
2932	-108.9887	-108.9887	-76.4390	0.7013	77.6550	0.7128	1.9e-04	0.5371
2933	-109.0010	-109.0010	-76.0200	0.6974	78.0773	0.7166	1.9e-04	0.5379
2934	-108.9909	-108.9909	-76.7279	0.7040	77.3602	0.7101	1.9e-04	0.5392
2935	-108.9971	-108.9971	-76.6844	0.7035	77.4210	0.7106	1.9e-04	0.5383
2936	-108.9894	-108.9894	-77.4280	0.7104	76.6607	0.7037	1.9e-04	0.5377
2937	-108.9919	-108.9919	-77.1235	0.7076	76.9686	0.7065	1.9e-04	0.5372
2938	-108.9957	-108.9957	-76.5321	0.7022	77.5618	0.7119	1.9e-04	0.5379
2939	-108.9823	-108.9823	-77.8354	0.7142	76.2505	0.6999	1.9e-04	0.5373
2940	-108.9968	-108.9968	-78.0354	0.7159	76.0481	0.6980	1.9e-04	0.5382
2941	-108.9931	-108.9931	-77.5539	0.7115	76.5477	0.7026	1.9e-04	0.5396
2942	-108.9847	-108.9847	-77.1540	0.7079	76.9226	0.7061	1.9e-04	0.5392
2943	-108.9942	-108.9942	-78.2040	0.7175	75.8649	0.6963	1.9e-04	0.5394
2944	-108.9752	-108.9752	-76.8323	0.7050	77.2525	0.7092	1.9e-04	0.5378
2945	-108.9919	-108.9919	-77.3306	0.7095	76.7661	0.7047	1.9e-04	0.5387
2946	-108.9918	-108.9918	-77.7336	0.7132	76.3464	0.7008	1.9e-04	0.5380
2947	-108.9809	-108.9809	-77.4711	0.7109	76.6001	0.7032	1.9e-04	0.5380
2948	-108.9910	-108.9910	-77.9030	0.7148	76.1847	0.6994	1.9e-04	0.5387
2949	-108.9843	-108.9843	-78.3680	0.7191	75.6919	0.6949	1.9e-04	0.5381
2950	-108.9879	-108.9879	-77.0925	0.7073	76.9945	0.7068	1.9e-04	0.5382
2951	-108.9973	-108.9973	-77.5985	0.7119	76.5043	0.7022	1.9e-04	0.5381
2952	-108.9933	-108.9933	-77.4648	0.7107	76.6221	0.7035	1.9e-04	0.5379
2953	-108.9836	-108.9836	-77.9145	0.7149	76.1695	0.6992	1.9e-04	0.5377
2954	-108.9804	-108.9804	-78.1497	0.7171	75.9275	0.6969	1.9e-04	0.5381
2955	-108.9764	-108.9764	-77.2616	0.7090	76.8204	0.7052	1.9e-04	0.5378
2956	-108.9704	-108.9704	-76.3255	0.7004	77.7442	0.7137	1.9e-04	0.5389
2957	-108.9873	-108.9873	-77.6549	0.7125	76.4412	0.7016	1.9e-04	0.5379
2958	-108.9864	-108.9864	-78.2446	0.7179	75.8264	0.6961	1.9e-04	0.5375
2959	-108.9965	-108.9965	-76.2563	0.6996	77.8275	0.7144	1.9e-04	0.5377
2960	-108.9838	-108.9838	-77.0959	0.7074	76.9783	0.7067	1.9e-04	0.5391
2961	-108.9840	-108.9840	-77.0320	0.7068	77.0349	0.7072	1.9e-04	0.5383
2962	-108.9813	-108.9813	-77.5051	0.7112	76.5832	0.7030	1.9e-04	0.5398
2963	-108.9937	-108.9937	-77.5540	0.7115	76.5418	0.7026	1.9e-04	0.5426
2964	-108.9656	-108.9656	-78.0147	0.7160	76.0563	0.6981	1.9e-04	0.5386
2965	-108.9826	-108.9826	-78.1139	0.7168	75.9602	0.6973	1.9e-04	0.5386
2966	-108.9858	-108.9858	-76.2859	0.7000	77.7847	0.7141	1.9e-04	0.5375
2967	-108.9919	-108.9919	-77.2323	0.7086	76.8632	0.7056	1.9e-04	0.5374
2968	-108.9686	-108.9686	-77.5761	0.7119	76.4477	0.7019	1.9e-04	0.5373
2969	-108.9807	-108.9807	-77.8702	0.7145	76.2100	0.6996	1.9e-04	0.5390
2970	-108.9787	-108.9787	-76.5846	0.7027	77.4283	0.7108	1.9e-04	0.5400
2971	-108.9738	-108.9738	-76.9188	0.7058	77.1144	0.7079	1.9e-04	0.5387
2972	-108.9822	-108.9822	-76.9161	0.7058	77.1702	0.7084	1.9e-04	0.5399
2973	-108.9884	-108.9884	-76.1823	0.6990	77.8987	0.7151	1.9e-04	0.5392
2974	-108.9847	-108.9847	-77.0263	0.7068	77.0588	0.7074	1.9e-04	0.5383
2975	-108.9977	-108.9977	-75.7523	0.6950	78.3222	0.7189	1.9e-04	0.5391
2976	-108.9869	-108.9870	-75.1312	0.6894	78.8855	0.7241	1.9e-04	0.5396
2977	-108.9904	-108.9905	-75.7229	0.6948	78.3518	0.7192	1.9e-04	0.5383
2978	-108.9784	-108.9784	-76.5995	0.7029	77.4866	0.7113	1.9e-04	0.5388
2979	-108.9837	-108.9838	-75.0583	0.6887	78.9737	0.7250	1.9e-04	0.5384
2980	-108.9824	-108.9824	-77.3029	0.7093	76.7803	0.7049	1.9e-04	0.5388
2981	-108.9899	-108.9899	-76.5323	0.7022	77.5529	0.7119	1.9e-04	0.5402
2982	-108.9906	-108.9906	-75.9698	0.6970	78.1103	0.7170	1.9e-04	0.5402
2983	-108.9957	-108.9958	-75.4673	0.6924	78.6128	0.7215	1.9e-04	0.5383
2984	-108.9896	-108.9897	-74.9626	0.6878	79.0890	0.7259	1.9e-04	0.5384
2985	-108.9960	-108.9960	-75.7041	0.6946	78.3503	0.7192	1.9e-04	0.5372
2986	-108.9831	-108.9832	-75.0992	0.6891	78.9307	0.7246	1.9e-04	0.5377
2987	-108.9808	-108.9808	-75.7295	0.6949	78.3255	0.7191	1.9e-04	0.5373
2988	-109.0017	-109.0019	-74.6059	0.6844	79.4309	0.7291	1.9e-04	0.5385
2989	-108.9940	-108.9940	-76.6460	0.7032	77.4259	0.7108	1.9e-04	0.5383
2990	-108.9756	-108.9756	-75.4018	0.6919	78.6436	0.7220	1.9e-04	0.5376
2991	-108.9818	-108.9818	-76.8064	0.7048	77.2794	0.7094	1.9e-04	0.5378
2992	-108.9815	-108.9815	-75.8322	0.6958	78.2470	0.7182	1.9e-04	0.5396
2993	-108.9924	-108.9924	-76.4084	0.7010	77.6894	0.7131	1.9e-04	0.5386
2994	-108.9940	-108.9940	-76.3701	0.7007	77.7140	0.7133	1.9e-04	0.5393
2995	-108.9824	-108.9825	-75.1525	0.6896	78.8693	0.7241	1.9e-04	0.5393
2996	-108.9858	-108.9858	-77.0798	0.7072	77.0109	0.7069	1.9e-04	0.5398
2997	-108.9916	-108.9916	-76.7001	0.7037	77.3909	0.7104	1.9e-04	0.5395
2998	-108.9830	-108.9830	-76.9237	0.7058	77.1657	0.7084	1.9e-04	0.5394
2999	-108.9893	-108.9893	-76.4006	0.7010	77.6927	0.7131	1.9e-04	0.5395
3000	-108.9742	-108.9742	-76.7371	0.7042	77.3456	0.7100	1.9e-04	0.5396
3001	-109.0047	-109.0047	-76.4570	0.7014	77.6528	0.7127	1.9e-04	0.5362
3002	-108.9813	-108.9813	-77.7169	0.7131	76.3525	0.7009	1.9e-04	0.5393
3003	-108.9880	-108.9880	-77.5349	0.7114	76.5272	0.7025	1.9e-04	0.5379
3004	-108.9804	-108.9804	-76.9355	0.7060	77.1343	0.7081	1.9e-04	0.5391
3005	-108.9985	-108.9985	-77.2077	0.7083	76.9021	0.7059	1.9e-04	0.5382
3006	-108.9910	-108.9910	-77.0587	0.7070	77.0451	0.7072	1.9e-04	0.5379
3007	-109.0023	-109.0023	-77.1359	0.7077	76.9600	0.7064	1.9e-04	0.5374
3008	-108.9997	-108.9997	-77.7579	0.7134	76.3359	0.7007	1.9e-04	0.5375
3009	-108.9881	-108.9881	-77.4808	0.7109	76.6112	0.7033	1.9e-04	0.5390
3010	-108.9831	-108.9831	-77.5589	0.7117	76.5225	0.7025	1.9e-04	0.5393
3011	-108.9779	-108.9779	-77.2154	0.7085	76.8496	0.7055	1.9e-04	0.5395
3012	-108.9973	-108.9973	-77.2478	0.7087	76.8602	0.7054	1.9e-04	0.5391
3013	-108.9868	-108.9868	-77.1902	0.7083	76.8890	0.7058	1.9e-04	0.5393
3014	-108.9908	-108.9908	-77.6355	0.7123	76.4566	0.7018	1.9e-04	0.5381
3015	-108.9869	-108.9869	-77.5759	0.7118	76.5138	0.7024	1.9e-04	0.5378
3016	-108.9958	-108.9958	-77.0392	0.7068	77.0496	0.7073	1.9e-04	0.5375
3017	-108.9862	-108.9862	-78.1023	0.7166	75.9697	0.6974	1.9e-04	0.5379
3018	-108.9977	-108.9977	-78.8175	0.7231	75.2547	0.6907	1.9e-04	0.5377
3019	-108.9896	-108.9896	-77.1664	0.7080	76.9149	0.7061	1.9e-04	0.5381
3020	-108.9978	-108.9978	-76.8715	0.7053	77.2243	0.7089	1.9e-04	0.5376
3021	-108.9860	-108.9860	-76.4252	0.7012	77.6280	0.7126	1.9e-04	0.5377
3022	-108.9906	-108.9906	-77.0564	0.7070	77.0341	0.7072	1.9e-04	0.5377
3023	-108.9818	-108.9818	-76.3399	0.7005	77.7256	0.7135	1.9e-04	0.5367
3024	-108.9952	-108.9952	-77.6357	0.7123	76.4508	0.7018	1.9e-04	0.5375
3025	-108.9958	-108.9958	-77.0329	0.7068	77.0644	0.7074	1.9e-04	0.5377
3026	-108.9900	-108.9900	-76.8211	0.7048	77.2800	0.7093	1.9e-04	0.5383
3027	-109.0056	-109.0056	-77.2872	0.7090	76.8196	0.7052	1.9e-04	0.5380
3028	-108.9856	-108.9856	-76.7407	0.7041	77.3546	0.7101	1.9e-04	0.5369
3029	-108.9868	-108.9868	-77.0780	0.7072	77.0055	0.7069	1.9e-04	0.5377
3030	-109.0070	-109.0070	-76.9080	0.7055	77.2132	0.7087	1.9e-04	0.5381
3031	-109.0027	-109.0027	-77.5148	0.7111	76.5913	0.7030	1.9e-04	0.5373
3032	-108.9698	-108.9698	-77.4766	0.7110	76.5966	0.7032	1.9e-04	0.5382
3033	-108.9970	-108.9970	-75.7106	0.6946	78.3668	0.7193	1.9e-04	0.5381
3034	-108.9919	-108.9919	-76.9319	0.7058	77.1619	0.7083	1.9e-04	0.5373
3035	-109.0026	-109.0026	-76.1134	0.6983	77.9788	0.7157	1.9e-04	0.5381
3036	-108.9816	-108.9816	-76.4926	0.7019	77.5890	0.7122	1.9e-04	0.5391
3037	-108.9866	-108.9866	-76.6154	0.7030	77.4729	0.7112	1.9e-04	0.5385
3038	-109.0109	-109.0109	-76.4986	0.7018	77.6081	0.7124	1.9e-04	0.5405
3039	-108.9835	-108.9835	-77.0275	0.7068	77.0684	0.7074	1.9e-04	0.5392
3040	-108.9852	-108.9852	-76.3698	0.7007	77.6781	0.7132	1.9e-04	0.5389
3041	-108.9880	-108.9880	-77.3781	0.7100	76.7205	0.7042	1.9e-04	0.5377
3042	-108.9875	-108.9875	-77.7983	0.7138	76.2773	0.7002	1.9e-04	0.5387
3043	-108.9776	-108.9776	-77.7066	0.7131	76.3590	0.7010	1.9e-04	0.5382
3044	-108.9919	-108.9919	-77.4326	0.7104	76.6708	0.7038	1.9e-04	0.5387
3045	-108.9877	-108.9877	-77.9809	0.7155	76.0895	0.6985	1.9e-04	0.5390
3046	-108.9919	-108.9919	-77.4478	0.7106	76.6517	0.7036	1.9e-04	0.5390
3047	-108.9831	-108.9831	-78.2841	0.7183	75.7813	0.6957	1.9e-04	0.5378
3048	-108.9859	-108.9859	-78.1431	0.7170	75.9305	0.6971	1.9e-04	0.5383
3049	-108.9727	-108.9727	-77.0868	0.7074	76.9837	0.7068	1.9e-04	0.5384
3050	-108.9781	-108.9781	-77.3087	0.7094	76.7684	0.7048	1.9e-04	0.5391
3051	-109.0013	-109.0013	-77.7880	0.7136	76.3044	0.7004	1.9e-04	0.5393
3052	-108.9779	-108.9779	-77.8616	0.7145	76.2143	0.6996	1.9e-04	0.5392
3053	-108.9872	-108.9872	-77.3836	0.7100	76.7159	0.7042	1.9e-04	0.5391
3054	-109.0015	-109.0015	-77.4884	0.7109	76.6150	0.7033	1.9e-04	0.5399
3055	-109.0081	-109.0081	-77.0807	0.7071	77.0218	0.7071	1.9e-04	0.5393
3056	-108.9882	-108.9882	-77.2307	0.7086	76.8676	0.7056	1.9e-04	0.5391
3057	-108.9866	-108.9866	-77.7761	0.7136	76.3008	0.7005	1.9e-04	0.5392
3058	-108.9806	-108.9806	-77.2522	0.7089	76.8254	0.7053	1.9e-04	0.5385
3059	-109.0014	-109.0014	-77.3446	0.7096	76.7511	0.7045	1.9e-04	0.5397
3060	-108.9932	-108.9932	-77.9849	0.7155	76.1042	0.6986	1.9e-04	0.5390
3061	-108.9867	-108.9867	-77.0360	0.7068	77.0526	0.7074	1.9e-04	0.5385
3062	-108.9809	-108.9809	-77.1871	0.7083	76.8883	0.7059	1.9e-04	0.5394
3063	-108.9676	-108.9676	-76.2245	0.6995	77.8201	0.7144	1.9e-04	0.5381
3064	-108.9912	-108.9912	-77.2652	0.7089	76.8341	0.7053	1.9e-04	0.5385
3065	-108.9996	-108.9996	-76.7421	0.7041	77.3666	0.7101	1.9e-04	0.5381
3066	-108.9781	-108.9781	-77.7869	0.7138	76.2889	0.7003	1.9e-04	0.5391
3067	-108.9901	-108.9901	-76.6467	0.7032	77.4553	0.7109	1.9e-04	0.5377
3068	-108.9776	-108.9776	-77.3193	0.7095	76.7618	0.7047	1.9e-04	0.5378
3069	-108.9870	-108.9870	-77.2679	0.7090	76.8257	0.7052	1.9e-04	0.5380
3070	-108.9997	-108.9997	-77.8911	0.7146	76.1729	0.6992	1.9e-04	0.5396
3071	-109.0014	-109.0014	-77.0260	0.7067	77.0774	0.7076	1.9e-04	0.5381
3072	-109.0069	-109.0069	-76.8502	0.7050	77.2565	0.7091	1.9e-04	0.5381
3073	-108.9952	-108.9952	-77.6303	0.7122	76.4386	0.7018	1.9e-04	0.5375
3074	-109.0020	-109.0020	-76.6189	0.7029	77.4904	0.7113	1.9e-04	0.5380
3075	-108.9747	-108.9747	-76.4648	0.7017	77.6025	0.7124	1.9e-04	0.5387
3076	-108.9926	-108.9926	-76.8130	0.7048	77.2833	0.7094	1.9e-04	0.5396
3077	-108.9844	-108.9844	-77.4256	0.7104	76.6643	0.7038	1.9e-04	0.5397
3078	-108.9902	-108.9902	-76.9440	0.7060	77.1495	0.7082	1.9e-04	0.5399
3079	-108.9858	-108.9858	-77.5124	0.7112	76.5542	0.7028	1.9e-04	0.5389
3080	-108.9843	-108.9843	-76.5329	0.7022	77.5636	0.7119	1.9e-04	0.5377
3081	-108.9934	-108.9934	-76.6843	0.7036	77.3972	0.7106	1.9e-04	0.5379
3082	-108.9877	-108.9877	-76.7307	0.7040	77.3587	0.7102	1.9e-04	0.5395
3083	-108.9770	-108.9770	-77.6239	0.7123	76.4513	0.7019	1.9e-04	0.5393
3084	-108.9849	-108.9849	-76.9725	0.7063	77.1093	0.7079	1.9e-04	0.5394
3085	-108.9798	-108.9798	-76.2174	0.6994	77.8638	0.7148	1.9e-04	0.5395
3086	-108.9978	-108.9978	-77.1533	0.7078	76.9422	0.7063	1.9e-04	0.5397
3087	-108.9778	-108.9778	-76.4959	0.7019	77.5791	0.7122	1.9e-04	0.5391
3088	-108.9804	-108.9804	-76.9021	0.7057	77.1776	0.7085	1.9e-04	0.5385
3089	-108.9731	-108.9731	-77.3627	0.7099	76.7093	0.7043	1.9e-04	0.5377
3090	-108.9963	-108.9963	-76.3335	0.7003	77.7589	0.7137	1.9e-04	0.5383
3091	-108.9782	-108.9782	-77.4073	0.7103	76.6595	0.7038	1.9e-04	0.5384
3092	-108.9925	-108.9926	-75.3197	0.6911	78.7433	0.7228	1.9e-04	0.5374
3093	-108.9918	-108.9919	-75.2590	0.6905	78.8046	0.7233	1.9e-04	0.5385
3094	-108.9890	-108.9890	-76.2993	0.7001	77.7815	0.7141	1.9e-04	0.5374
3095	-108.9771	-108.9771	-76.2223	0.6994	77.8464	0.7147	1.9e-04	0.5380
3096	-108.9925	-108.9925	-76.4739	0.7016	77.6247	0.7125	1.9e-04	0.5370
3097	-108.9724	-108.9725	-75.3629	0.6916	78.6632	0.7221	1.9e-04	0.5370
3098	-109.0008	-109.0008	-75.8559	0.6959	78.2222	0.7180	1.9e-04	0.5376
3099	-108.9984	-108.9984	-77.1432	0.7077	76.9595	0.7064	1.9e-04	0.5374
3100	-108.9852	-108.9852	-77.0133	0.7066	77.0840	0.7075	1.9e-04	0.5373
3101	-108.9864	-108.9864	-76.6308	0.7031	77.4593	0.7110	1.9e-04	0.5367
3102	-108.9765	-108.9765	-77.3355	0.7097	76.7410	0.7045	1.9e-04	0.5379
3103	-109.0019	-109.0020	-75.5625	0.6932	78.5059	0.7206	1.9e-04	0.5368
3104	-108.9927	-108.9927	-76.7371	0.7041	77.3524	0.7101	1.9e-04	0.5375
3105	-108.9842	-108.9842	-77.2667	0.7090	76.8146	0.7052	1.9e-04	0.5378
3106	-108.9837	-108.9837	-76.8393	0.7051	77.2221	0.7090	1.9e-04	0.5381
3107	-109.0098	-109.0098	-76.6327	0.7030	77.4723	0.7111	1.9e-04	0.5383
3108	-108.9836	-108.9836	-78.4850	0.7202	75.5784	0.6938	1.8e-04	0.5388
3109	-108.9865	-108.9865	-76.7113	0.7039	77.3880	0.7103	1.8e-04	0.5391
3110	-108.9832	-108.9832	-78.1690	0.7173	75.9037	0.6967	1.8e-04	0.5382
3111	-108.9868	-108.9868	-77.4206	0.7104	76.6744	0.7038	1.8e-04	0.5374
3112	-108.9863	-108.9863	-77.0105	0.7066	77.0793	0.7076	1.8e-04	0.5382
3113	-108.9839	-108.9839	-77.8995	0.7148	76.1407	0.6990	1.8e-04	0.5380
3114	-109.0006	-109.0006	-76.9341	0.7058	77.1663	0.7083	1.8e-04	0.5388
3115	-108.9885	-108.9885	-76.9852	0.7064	77.1065	0.7078	1.8e-04	0.5395
3116	-108.9615	-108.9615	-77.2226	0.7087	76.8232	0.7054	1.8e-04	0.5397
3117	-108.9865	-108.9865	-76.9480	0.7060	77.1271	0.7082	1.8e-04	0.5387
3118	-108.9920	-108.9920	-77.6903	0.7128	76.3819	0.7011	1.8e-04	0.5379
3119	-109.0011	-109.0011	-76.9372	0.7058	77.1721	0.7084	1.8e-04	0.5378
3120	-108.9800	-108.9800	-76.1872	0.6991	77.8796	0.7149	1.8e-04	0.5379
3121	-108.9814	-108.9814	-77.4358	0.7105	76.6378	0.7036	1.8e-04	0.5379
3122	-108.9892	-108.9892	-77.0678	0.7071	77.0272	0.7071	1.8e-04	0.5379
3123	-108.9925	-108.9925	-76.6882	0.7036	77.4036	0.7105	1.8e-04	0.5386
3124	-108.9675	-108.9675	-76.7511	0.7043	77.3121	0.7098	1.8e-04	0.5399
3125	-108.9844	-108.9844	-76.3753	0.7008	77.7049	0.7134	1.8e-04	0.5374
3126	-108.9844	-108.9844	-76.4913	0.7019	77.5833	0.7122	1.8e-04	0.5379
3127	-108.9822	-108.9822	-76.6720	0.7035	77.4226	0.7106	1.8e-04	0.5377
3128	-108.9894	-108.9894	-76.6292	0.7031	77.4413	0.7109	1.8e-04	0.5384
3129	-108.9932	-108.9932	-76.6334	0.7031	77.4614	0.7111	1.8e-04	0.5373
3130	-108.9926	-108.9926	-76.3093	0.7001	77.7606	0.7138	1.8e-04	0.5381
3131	-108.9881	-108.9881	-76.2176	0.6993	77.8560	0.7148	1.8e-04	0.5386
3132	-108.9676	-108.9676	-76.7340	0.7042	77.3377	0.7100	1.8e-04	0.5390
3133	-108.9952	-108.9953	-75.7718	0.6952	78.3077	0.7188	1.8e-04	0.5387
3134	-108.9911	-108.9911	-77.0450	0.7069	77.0527	0.7073	1.8e-04	0.5376
3135	-108.9848	-108.9848	-76.9160	0.7058	77.1752	0.7084	1.8e-04	0.5374
3136	-108.9842	-108.9842	-76.5204	0.7021	77.5591	0.7120	1.8e-04	0.5374
3137	-109.0033	-109.0033	-77.4005	0.7101	76.7048	0.7041	1.8e-04	0.5370
3138	-108.9880	-108.9880	-76.9831	0.7063	77.0929	0.7078	1.8e-04	0.5377
3139	-108.9815	-108.9815	-77.0626	0.7071	77.0053	0.7070	1.8e-04	0.5374
3140	-108.9833	-108.9833	-77.3374	0.7096	76.7418	0.7046	1.8e-04	0.5376
3141	-108.9916	-108.9916	-76.5476	0.7023	77.5352	0.7119	1.8e-04	0.5374
3142	-108.9948	-108.9948	-76.4659	0.7016	77.6225	0.7126	1.8e-04	0.5379
3143	-108.9857	-108.9857	-77.0444	0.7069	77.0282	0.7072	1.8e-04	0.5381
3144	-108.9852	-108.9852	-76.5032	0.7020	77.5721	0.7122	1.8e-04	0.5384
3145	-108.9894	-108.9894	-77.1423	0.7078	76.9622	0.7064	1.8e-04	0.5375
3146	-108.9905	-108.9905	-76.3168	0.7002	77.7473	0.7137	1.8e-04	0.5390
3147	-108.9871	-108.9871	-76.2106	0.6993	77.8624	0.7148	1.8e-04	0.5393
3148	-108.9758	-108.9758	-76.7637	0.7044	77.3111	0.7098	1.8e-04	0.5400
3149	-108.9719	-108.9719	-75.9726	0.6972	78.0741	0.7168	1.8e-04	0.5381
3150	-108.9715	-108.9715	-75.8536	0.6961	78.1958	0.7180	1.8e-04	0.5390
3151	-108.9940	-108.9940	-76.1832	0.6990	77.8986	0.7152	1.8e-04	0.5388
3152	-108.9814	-108.9814	-75.9576	0.6970	78.1222	0.7171	1.8e-04	0.5383
3153	-108.9875	-108.9876	-75.7326	0.6949	78.3441	0.7191	1.8e-04	0.5372
3154	-108.9944	-108.9945	-75.1580	0.6896	78.8626	0.7239	1.8e-04	0.5384
3155	-108.9762	-108.9762	-76.0765	0.6981	77.9826	0.7160	1.8e-04	0.5372
3156	-108.9910	-108.9911	-75.2800	0.6907	78.7628	0.7230	1.8e-04	0.5381
3157	-108.9919	-108.9919	-76.0028	0.6973	78.0716	0.7166	1.8e-04	0.5390
3158	-108.9856	-108.9856	-75.4314	0.6921	78.6129	0.7218	1.8e-04	0.5393
3159	-108.9798	-108.9798	-75.7994	0.6955	78.2615	0.7185	1.8e-04	0.5381
3160	-108.9970	-108.9971	-75.4369	0.6921	78.6314	0.7218	1.8e-04	0.5385
3161	-108.9836	-108.9836	-76.2162	0.6993	77.8691	0.7147	1.8e-04	0.5381
3162	-108.9855	-108.9855	-76.1299	0.6985	77.9311	0.7155	1.8e-04	0.5395
3163	-108.9798	-108.9798	-75.5439	0.6932	78.5133	0.7208	1.8e-04	0.5401
3164	-108.9741	-108.9741	-76.7077	0.7039	77.3570	0.7103	1.8e-04	0.5388
3165	-108.9729	-108.9731	-74.7261	0.6857	79.2758	0.7278	1.8e-04	0.5388
3166	-108.9932	-108.9932	-75.6673	0.6942	78.4114	0.7197	1.8e-04	0.5397
3167	-108.9768	-108.9768	-75.7847	0.6954	78.2718	0.7186	1.8e-04	0.5375
3168	-108.9872	-108.9872	-76.2226	0.6994	77.8543	0.7147	1.8e-04	0.5388
3169	-108.9843	-108.9843	-75.8908	0.6963	78.1454	0.7174	1.8e-04	0.5380
3170	-108.9895	-108.9895	-75.9734	0.6971	78.1077	0.7170	1.8e-04	0.5390
3171	-108.9946	-108.9946	-75.5985	0.6936	78.4669	0.7203	1.8e-04	0.5378
3172	-108.9843	-108.9843	-76.1476	0.6987	77.9126	0.7152	1.8e-04	0.5391
3173	-108.9782	-108.9782	-76.5283	0.7022	77.5390	0.7118	1.8e-04	0.5386
3174	-108.9817	-108.9817	-76.0114	0.6975	78.0629	0.7166	1.8e-04	0.5391
3175	-108.9897	-108.9897	-77.1756	0.7081	76.9273	0.7061	1.8e-04	0.5377
3176	-108.9764	-108.9764	-75.5732	0.6935	78.4635	0.7203	1.8e-04	0.5384
3177	-108.9926	-108.9926	-76.5115	0.7020	77.5749	0.7121	1.8e-04	0.5379
3178	-108.9861	-108.9861	-76.0444	0.6977	78.0319	0.7163	1.8e-04	0.5391
3179	-108.9833	-108.9833	-76.0174	0.6975	78.0520	0.7165	1.8e-04	0.5389
3180	-108.9993	-108.9993	-76.7866	0.7045	77.3185	0.7097	1.8e-04	0.5386
3181	-108.9980	-108.9980	-75.9878	0.6971	78.1012	0.7169	1.8e-04	0.5381
3182	-108.9811	-108.9811	-76.6283	0.7031	77.4524	0.7110	1.8e-04	0.5387
3183	-108.9933	-108.9933	-76.8114	0.7047	77.2825	0.7094	1.8e-04	0.5390
3184	-108.9849	-108.9849	-76.4433	0.7014	77.6473	0.7127	1.8e-04	0.5395
3185	-108.9784	-108.9784	-76.0616	0.6980	77.9867	0.7159	1.8e-04	0.5374
3186	-108.9957	-108.9957	-76.3409	0.7004	77.7457	0.7137	1.8e-04	0.5368
3187	-109.0058	-109.0058	-77.6006	0.7119	76.4873	0.7022	1.8e-04	0.5369
3188	-108.9857	-108.9857	-77.0356	0.7068	77.0559	0.7073	1.8e-04	0.5383
3189	-109.0033	-109.0033	-77.2485	0.7087	76.8641	0.7055	1.8e-04	0.5385
3190	-109.0010	-109.0010	-77.2444	0.7087	76.8661	0.7056	1.8e-04	0.5399
3191	-108.9987	-108.9987	-77.0548	0.7069	77.0454	0.7072	1.8e-04	0.5387
3192	-108.9871	-108.9871	-76.1973	0.6991	77.8689	0.7148	1.8e-04	0.5402
3193	-108.9654	-108.9654	-77.5564	0.7118	76.5175	0.7024	1.8e-04	0.5389
3194	-108.9765	-108.9765	-77.4471	0.7107	76.6277	0.7034	1.8e-04	0.5397
3195	-108.9928	-108.9928	-77.6936	0.7128	76.3978	0.7013	1.8e-04	0.5386
3196	-108.9857	-108.9857	-77.6614	0.7126	76.4175	0.7016	1.8e-04	0.5395
3197	-108.9839	-108.9839	-78.1386	0.7170	75.9334	0.6971	1.8e-04	0.5384
3198	-108.9907	-108.9907	-78.1024	0.7166	75.9876	0.6975	1.8e-04	0.5381
3199	-108.9798	-108.9798	-77.6567	0.7126	76.4146	0.7016	1.8e-04	0.5379
3200	-108.9875	-108.9875	-78.6150	0.7213	75.4409	0.6926	1.8e-04	0.5374
3201	-108.9918	-108.9918	-78.3106	0.7185	75.7736	0.6955	1.8e-04	0.5363
3202	-108.9785	-108.9785	-78.8645	0.7237	75.1564	0.6900	1.8e-04	0.5388
3203	-108.9798	-108.9798	-78.4021	0.7194	75.6608	0.6946	1.8e-04	0.5386
3204	-108.9993	-108.9993	-77.8359	0.7141	76.2602	0.7000	1.8e-04	0.5394
3205	-108.9858	-108.9858	-79.2043	0.7267	74.8185	0.6869	1.8e-04	0.5392
3206	-108.9861	-108.9861	-78.2175	0.7177	75.8576	0.6964	1.8e-04	0.5384
3207	-108.9855	-108.9855	-78.5356	0.7206	75.5259	0.6933	1.8e-04	0.5397
3208	-108.9800	-108.9800	-77.6405	0.7124	76.4428	0.7017	1.8e-04	0.5382
3209	-108.9964	-108.9964	-79.1611	0.7263	74.8962	0.6874	1.8e-04	0.5377
3210	-108.9950	-108.9950	-79.1392	0.7261	74.9018	0.6875	1.8e-04	0.5379
3211	-108.9914	-108.9914	-78.8934	0.7238	75.1607	0.6900	1.8e-04	0.5383
3212	-108.9930	-108.9930	-78.9089	0.7240	75.1412	0.6898	1.8e-04	0.5390
3213	-108.9935	-108.9935	-78.9931	0.7248	75.0536	0.6889	1.8e-04	0.5393
3214	-108.9757	-108.9757	-78.5452	0.7208	75.4993	0.6931	1.8e-04	0.5379
3215	-108.9836	-108.9836	-78.4419	0.7198	75.6179	0.6942	1.8e-04	0.5379
3216	-108.9799	-108.9799	-79.7722	0.7320	74.2100	0.6813	1.8e-04	0.5373
3217	-108.9753	-108.9753	-78.7747	0.7229	75.2522	0.6908	1.8e-04	0.5372
3218	-108.9753	-108.9753	-79.9806	0.7339	73.9711	0.6791	1.8e-04	0.5387
3219	-108.9885	-108.9885	-79.4647	0.7291	74.5448	0.6843	1.8e-04	0.5386
3220	-108.9990	-108.9990	-79.6441	0.7307	74.3835	0.6827	1.8e-04	0.5381
3221	-108.9739	-108.9739	-79.6923	0.7313	74.2892	0.6820	1.8e-04	0.5385
3222	-108.9843	-108.9843	-79.9177	0.7333	74.0665	0.6799	1.8e-04	0.5390
3223	-108.9974	-108.9974	-78.9713	0.7245	75.0834	0.6892	1.8e-04	0.5384
3224	-108.9838	-108.9838	-79.3570	0.7282	74.6636	0.6854	1.8e-04	0.5377
3225	-109.0077	-109.0077	-79.8181	0.7322	74.1956	0.6810	1.8e-04	0.5378
3226	-108.9828	-108.9828	-79.8748	0.7329	74.1075	0.6803	1.8e-04	0.5377
3227	-108.9957	-108.9957	-79.3951	0.7284	74.6357	0.6851	1.8e-04	0.5378
3228	-108.9800	-108.9800	-80.1067	0.7351	73.8556	0.6780	1.8e-04	0.5391
3229	-108.9890	-108.9890	-80.1657	0.7355	73.7998	0.6775	1.8e-04	0.5390
3230	-108.9951	-108.9951	-80.2965	0.7367	73.6672	0.6762	1.8e-04	0.5402
3231	-109.0019	-109.0019	-80.4286	0.7379	73.5124	0.6748	1.8e-04	0.5393
3232	-109.0051	-109.0051	-79.9100	0.7331	74.0947	0.6801	1.8e-04	0.5392
3233	-108.9999	-108.9999	-79.7208	0.7314	74.2695	0.6818	1.8e-04	0.5396
3234	-109.0051	-109.0051	-79.3569	0.7280	74.6955	0.6856	1.8e-04	0.5393
3235	-108.9883	-108.9883	-80.4517	0.7382	73.4866	0.6746	1.8e-04	0.5374
3236	-109.0014	-109.0014	-80.6254	0.7397	73.3180	0.6729	1.8e-04	0.5372
3237	-108.9851	-108.9851	-79.8901	0.7330	74.0931	0.6802	1.8e-04	0.5374
3238	-108.9932	-108.9932	-79.3651	0.7282	74.6466	0.6853	1.8e-04	0.5380
3239	-108.9963	-108.9963	-80.0798	0.7347	73.8971	0.6784	1.8e-04	0.5396
3240	-109.0138	-109.0138	-79.9372	0.7333	74.0833	0.6799	1.8e-04	0.5384
3241	-108.9796	-108.9796	-80.5260	0.7389	73.3932	0.6737	1.8e-04	0.5381
3242	-108.9690	-108.9690	-80.7727	0.7412	73.1109	0.6712	1.8e-04	0.5393
3243	-108.9940	-108.9940	-80.6522	0.7400	73.2691	0.6726	1.8e-04	0.5377
3244	-108.9860	-108.9860	-80.8534	0.7419	73.0432	0.6705	1.8e-04	0.5389
3245	-108.9869	-108.9869	-80.5858	0.7394	73.3431	0.6733	1.8e-04	0.5376
3246	-109.0015	-109.0015	-80.6033	0.7395	73.3481	0.6732	1.8e-04	0.5378
3247	-108.9767	-108.9767	-81.3916	0.7469	72.4116	0.6648	1.8e-04	0.5374
3248	-108.9910	-108.9910	-80.6437	0.7399	73.2777	0.6726	1.8e-04	0.5381
3249	-109.0029	-109.0029	-80.6602	0.7400	73.2710	0.6726	1.8e-04	0.5371
3250	-108.9962	-108.9962	-80.8755	0.7420	73.0382	0.6704	1.8e-04	0.5379
3251	-108.9920	-108.9920	-80.8601	0.7419	73.0318	0.6705	1.8e-04	0.5386
3252	-108.9816	-108.9816	-81.7611	0.7502	72.0073	0.6612	1.8e-04	0.5373
3253	-108.9804	-108.9804	-81.6350	0.7491	72.1325	0.6623	1.8e-04	0.5377
3254	-108.9971	-108.9971	-81.2387	0.7453	72.6258	0.6667	1.8e-04	0.5368
3255	-109.0018	-109.0018	-80.6960	0.7403	73.2267	0.6722	1.8e-04	0.5382
3256	-108.9899	-108.9899	-80.8234	0.7416	73.0676	0.6709	1.8e-04	0.5373
3257	-109.0014	-109.0014	-80.6806	0.7402	73.2340	0.6722	1.8e-04	0.5378
3258	-108.9930	-108.9930	-81.1795	0.7448	72.6837	0.6672	1.8e-04	0.5385
3259	-108.9925	-108.9925	-80.5382	0.7389	73.3893	0.6737	1.8e-04	0.5375
3260	-108.9719	-108.9719	-80.9645	0.7430	72.8832	0.6692	1.8e-04	0.5389
3261	-108.9886	-108.9886	-80.6050	0.7396	73.2925	0.6728	1.8e-04	0.5387
3262	-108.9642	-108.9642	-81.1831	0.7450	72.6377	0.6670	1.8e-04	0.5393
3263	-108.9966	-108.9966	-80.7079	0.7405	73.2201	0.6721	1.8e-04	0.5401
3264	-108.9824	-108.9824	-81.0198	0.7434	72.8508	0.6688	1.8e-04	0.5380
3265	-109.0116	-109.0116	-80.1984	0.7357	73.8005	0.6773	1.8e-04	0.5371
3266	-108.9891	-108.9891	-80.4612	0.7382	73.4622	0.6744	1.8e-04	0.5380
3267	-108.9926	-108.9926	-80.0673	0.7346	73.9062	0.6785	1.8e-04	0.5379
3268	-108.9822	-108.9822	-80.2844	0.7367	73.6560	0.6762	1.8e-04	0.5376
3269	-108.9919	-108.9919	-79.8597	0.7327	74.1361	0.6805	1.8e-04	0.5378
3270	-108.9943	-108.9943	-79.9203	0.7333	74.0751	0.6799	1.8e-04	0.5380
3271	-108.9987	-108.9987	-79.7037	0.7312	74.3023	0.6820	1.8e-04	0.5387
3272	-108.9799	-108.9799	-80.1545	0.7355	73.7992	0.6775	1.8e-04	0.5392
3273	-108.9834	-108.9834	-79.5031	0.7295	74.4964	0.6838	1.8e-04	0.5389
3274	-108.9849	-108.9849	-80.1777	0.7357	73.7758	0.6773	1.8e-04	0.5402
3275	-108.9840	-108.9840	-80.1907	0.7358	73.7634	0.6772	1.8e-04	0.5374
3276	-108.9815	-108.9815	-80.0515	0.7345	73.9096	0.6785	1.8e-04	0.5376
3277	-108.9856	-108.9856	-80.4266	0.7380	73.5138	0.6748	1.8e-04	0.5384
3278	-108.9867	-108.9867	-80.6612	0.7401	73.2410	0.6724	1.8e-04	0.5383
3279	-108.9969	-108.9969	-80.6012	0.7395	73.3336	0.6732	1.8e-04	0.5382
3280	-108.9771	-108.9771	-79.9533	0.7337	74.0162	0.6795	1.8e-04	0.5383
3281	-108.9948	-108.9948	-80.0894	0.7348	73.8890	0.6783	1.8e-04	0.5369
3282	-108.9878	-108.9878	-79.8396	0.7326	74.1598	0.6807	1.8e-04	0.5376
3283	-108.9761	-108.9761	-79.4421	0.7290	74.5575	0.6845	1.8e-04	0.5384
3284	-108.9879	-108.9879	-80.0141	0.7342	73.9467	0.6788	1.8e-04	0.5383
3285	-108.9958	-108.9958	-80.1581	0.7354	73.8061	0.6774	1.8e-04	0.5388
3286	-109.0027	-109.0027	-80.0493	0.7344	73.9396	0.6787	1.8e-04	0.5384
3287	-108.9929	-108.9929	-79.5318	0.7297	74.4830	0.6837	1.8e-04	0.5374
3288	-108.9948	-108.9948	-80.0416	0.7344	73.9373	0.6787	1.8e-04	0.5373
3289	-108.9855	-108.9855	-80.9338	0.7426	72.9499	0.6697	1.8e-04	0.5378
3290	-109.0008	-109.0008	-78.6257	0.7213	75.4612	0.6926	1.8e-04	0.5388
3291	-108.9814	-108.9814	-80.3786	0.7375	73.5681	0.6753	1.8e-04	0.5384
3292	-109.0031	-109.0031	-80.3298	0.7369	73.6306	0.6758	1.8e-04	0.5383
3293	-108.9888	-108.9888	-80.1578	0.7355	73.7960	0.6774	1.8e-04	0.5388
3294	-108.9713	-108.9713	-80.1604	0.7356	73.7749	0.6773	1.8e-04	0.5389
3295	-108.9851	-108.9851	-79.4044	0.7286	74.6233	0.6850	1.8e-04	0.5382
3296	-108.9895	-108.9895	-79.1754	0.7264	74.8393	0.6870	1.8e-04	0.5383
3297	-108.9794	-108.9794	-80.6746	0.7403	73.2197	0.6722	1.8e-04	0.5379
3298	-108.9790	-108.9790	-79.6847	0.7312	74.2929	0.6820	1.8e-04	0.5380
3299	-108.9752	-108.9752	-79.6138	0.7306	74.3746	0.6828	1.8e-04	0.5379
3300	-108.9859	-108.9859	-78.6784	0.7219	75.3602	0.6918	1.8e-04	0.5388
3301	-108.9768	-108.9768	-78.8368	0.7234	75.2051	0.6904	1.8e-04	0.5372
3302	-108.9852	-108.9852	-79.6806	0.7311	74.3127	0.6822	1.8e-04	0.5374
3303	-108.9885	-108.9885	-78.6109	0.7213	75.4475	0.6926	1.8e-04	0.5381
3304	-108.9957	-108.9957	-79.5621	0.7300	74.4618	0.6835	1.8e-04	0.5384
3305	-108.9822	-108.9822	-79.6184	0.7306	74.3811	0.6828	1.8e-04	0.5382
3306	-108.9729	-108.9729	-78.7163	0.7223	75.3140	0.6915	1.8e-04	0.5392
3307	-108.9917	-108.9917	-79.1407	0.7261	74.8975	0.6876	1.8e-04	0.5393
3308	-108.9818	-108.9818	-79.2398	0.7271	74.7951	0.6865	1.8e-04	0.5396
3309	-108.9917	-108.9917	-78.6021	0.7212	75.4520	0.6927	1.8e-04	0.5372
3310	-108.9903	-108.9903	-79.3658	0.7282	74.6511	0.6853	1.8e-04	0.5375
3311	-108.9858	-108.9858	-78.2061	0.7176	75.8636	0.6964	1.8e-04	0.5377
3312	-108.9820	-108.9820	-78.8507	0.7235	75.1964	0.6903	1.8e-04	0.5381
3313	-108.9763	-108.9763	-79.9519	0.7337	74.0077	0.6795	1.8e-04	0.5379
3314	-108.9864	-108.9864	-78.5297	0.7205	75.5283	0.6934	1.8e-04	0.5392
3315	-108.9827	-108.9827	-78.2963	0.7184	75.7680	0.6956	1.8e-04	0.5373
3316	-108.9956	-108.9956	-78.0112	0.7157	76.0656	0.6983	1.8e-04	0.5382
3317	-108.9848	-108.9848	-77.5328	0.7114	76.5562	0.7027	1.8e-04	0.5374
3318	-108.9791	-108.9791	-78.0702	0.7164	76.0032	0.6977	1.8e-04	0.5376
3319	-108.9928	-108.9928	-76.8771	0.7053	77.2225	0.7089	1.8e-04	0.5375
3320	-108.9849	-108.9849	-76.9557	0.7061	77.1379	0.7081	1.8e-04	0.5375
3321	-108.9821	-108.9821	-77.5363	0.7115	76.5401	0.7027	1.8e-04	0.5377
3322	-108.9864	-108.9864	-76.1624	0.6988	77.9252	0.7153	1.8e-04	0.5395
3323	-108.9920	-108.9920	-77.9427	0.7151	76.1396	0.6990	1.8e-04	0.5383
3324	-108.9853	-108.9853	-77.8378	0.7142	76.2285	0.6999	1.8e-04	0.5393
3325	-108.9976	-108.9976	-77.1701	0.7080	76.9298	0.7062	1.8e-04	0.5381
3326	-108.9862	-108.9862	-76.7818	0.7045	77.3078	0.7097	1.8e-04	0.5388
3327	-108.9899	-108.9899	-77.1604	0.7080	76.9238	0.7062	1.8e-04	0.5378
3328	-108.9908	-108.9908	-76.3328	0.7004	77.7549	0.7138	1.8e-04	0.5375
3329	-108.9832	-108.9832	-76.1487	0.6987	77.9387	0.7154	1.8e-04	0.5368
3330	-108.9647	-108.9647	-76.0157	0.6976	78.0323	0.7164	1.8e-04	0.5386
3331	-108.9830	-108.9830	-76.0246	0.6976	78.0405	0.7164	1.8e-04	0.5378
3332	-108.9849	-108.9849	-75.7643	0.6952	78.3020	0.7188	1.8e-04	0.5368
3333	-108.9988	-108.9992	-74.3220	0.6819	79.6859	0.7315	1.8e-04	0.5380
3334	-108.9927	-108.9927	-76.4570	0.7015	77.6465	0.7127	1.8e-04	0.5366
3335	-108.9960	-108.9960	-76.5887	0.7027	77.4972	0.7114	1.8e-04	0.5369
3336	-108.9825	-108.9825	-76.2691	0.6998	77.8108	0.7143	1.8e-04	0.5367
3337	-108.9771	-108.9771	-76.6197	0.7031	77.4561	0.7111	1.8e-04	0.5372
3338	-108.9974	-108.9974	-75.6518	0.6941	78.4330	0.7199	1.8e-04	0.5364
3339	-108.9771	-108.9771	-76.3450	0.7006	77.7321	0.7135	1.8e-04	0.5360
3340	-108.9876	-108.9876	-75.8686	0.6961	78.1975	0.7179	1.8e-04	0.5361
3341	-108.9990	-108.9990	-75.9195	0.6965	78.1714	0.7175	1.8e-04	0.5375
3342	-108.9947	-108.9947	-76.5719	0.7025	77.5312	0.7116	1.8e-04	0.5373
3343	-108.9654	-108.9654	-77.7927	0.7139	76.2674	0.7002	1.8e-04	0.5382
3344	-108.9852	-108.9852	-77.0658	0.7071	77.0345	0.7071	1.8e-04	0.5366
3345	-108.9886	-108.9886	-75.9777	0.6971	78.1010	0.7169	1.8e-04	0.5355
3346	-108.9913	-108.9913	-78.0663	0.7163	75.9863	0.6976	1.8e-04	0.5355
3347	-109.0200	-109.0200	-76.9484	0.7058	77.1758	0.7084	1.8e-04	0.5362
3348	-108.9798	-108.9798	-77.1346	0.7078	76.9547	0.7064	1.8e-04	0.5370
3349	-108.9988	-108.9988	-76.8700	0.7052	77.2416	0.7090	1.8e-04	0.5387
3350	-108.9838	-108.9838	-77.2832	0.7091	76.7916	0.7049	1.8e-04	0.5382
3351	-108.9795	-108.9795	-77.0270	0.7068	77.0620	0.7074	1.8e-04	0.5360
3352	-108.9843	-108.9843	-76.9841	0.7064	77.1018	0.7078	1.8e-04	0.5358
3353	-108.9740	-108.9740	-76.9701	0.7063	77.0978	0.7079	1.8e-04	0.5361
3354	-108.9892	-108.9892	-77.5638	0.7117	76.5347	0.7025	1.8e-04	0.5366
3355	-108.9937	-108.9937	-77.3615	0.7098	76.7317	0.7044	1.8e-04	0.5381
3356	-108.9775	-108.9775	-77.7942	0.7139	76.2841	0.7003	1.8e-04	0.5369
3357	-109.0089	-109.0089	-77.2829	0.7090	76.8308	0.7052	1.8e-04	0.5376
3358	-108.9812	-108.9812	-77.7209	0.7132	76.3519	0.7009	1.8e-04	0.5366
3359	-108.9896	-108.9896	-77.3978	0.7101	76.7120	0.7040	1.8e-04	0.5352
3360	-109.0018	-109.0018	-78.3572	0.7189	75.7215	0.6950	1.8e-04	0.5359
3361	-108.9966	-108.9966	-77.3236	0.7094	76.7822	0.7047	1.8e-04	0.5361
3362	-108.9764	-108.9764	-77.1816	0.7082	76.8959	0.7059	1.8e-04	0.5362
3363	-108.9859	-108.9859	-76.9959	0.7065	77.0992	0.7077	1.8e-04	0.5353
3364	-108.9913	-108.9913	-78.2186	0.7177	75.8627	0.6964	1.8e-04	0.5356
3365	-108.9937	-108.9937	-77.5984	0.7120	76.4957	0.7022	1.8e-04	0.5369
3366	-108.9985	-108.9985	-77.6449	0.7123	76.4588	0.7018	1.8e-04	0.5360
3367	-108.9878	-108.9878	-77.8094	0.7139	76.2706	0.7001	1.8e-04	0.5370
3368	-108.9664	-108.9664	-77.4957	0.7112	76.5652	0.7029	1.8e-04	0.5372
3369	-108.9791	-108.9791	-78.5602	0.7209	75.4786	0.6929	1.8e-04	0.5363
3370	-108.9821	-108.9821	-77.0353	0.7069	77.0349	0.7072	1.8e-04	0.5372
3371	-108.9859	-108.9859	-78.3406	0.7188	75.7254	0.6952	1.8e-04	0.5367
3372	-108.9895	-108.9895	-77.6332	0.7123	76.3996	0.7013	1.8e-04	0.5381
3373	-108.9856	-108.9856	-78.0089	0.7158	76.0608	0.6983	1.8e-04	0.5385
3374	-108.9905	-108.9905	-77.5639	0.7117	76.5298	0.7025	1.8e-04	0.5388
3375	-108.9918	-108.9918	-77.3784	0.7099	76.7308	0.7042	1.8e-04	0.5382
3376	-108.9965	-108.9965	-78.7906	0.7229	75.2729	0.6909	1.8e-04	0.5401
3377	-108.9933	-108.9933	-77.5524	0.7115	76.5396	0.7026	1.8e-04	0.5392
3378	-108.9816	-108.9816	-78.1545	0.7171	75.9116	0.6969	1.8e-04	0.5397
3379	-108.9967	-108.9967	-77.7812	0.7136	76.3255	0.7005	1.8e-04	0.5390
3380	-109.0103	-109.0103	-77.7452	0.7132	76.3638	0.7009	1.8e-04	0.5367
3381	-108.9935	-108.9935	-77.9022	0.7147	76.1955	0.6994	1.8e-04	0.5377
3382	-108.9899	-108.9899	-78.0456	0.7161	76.0382	0.6980	1.8e-04	0.5377
3383	-108.9861	-108.9861	-78.2301	0.7178	75.8538	0.6962	1.8e-04	0.5376
3384	-108.9746	-108.9746	-77.6839	0.7129	76.3748	0.7011	1.8e-04	0.5384
3385	-108.9928	-108.9928	-77.1351	0.7077	76.9497	0.7065	1.8e-04	0.5389
3386	-108.9997	-108.9997	-77.3682	0.7098	76.7226	0.7042	1.8e-04	0.5384
3387	-109.0004	-109.0004	-76.7034	0.7037	77.3766	0.7103	1.8e-04	0.5392
3388	-108.9808	-108.9808	-78.2195	0.7177	75.8614	0.6963	1.8e-04	0.5396
3389	-108.9938	-108.9938	-77.0352	0.7068	77.0558	0.7073	1.8e-04	0.5391
3390	-108.9978	-108.9978	-77.9124	0.7148	76.1747	0.6992	1.8e-04	0.5392
3391	-108.9806	-108.9806	-76.8354	0.7050	77.2596	0.7091	1.8e-04	0.5385
3392	-109.0098	-109.0098	-77.2474	0.7086	76.8713	0.7055	1.8e-04	0.5380
3393	-108.9981	-108.9981	-78.0669	0.7162	76.0301	0.6979	1.8e-04	0.5380
3394	-108.9854	-108.9854	-78.0654	0.7163	75.9977	0.6977	1.8e-04	0.5375
3395	-108.9799	-108.9799	-77.1017	0.7075	76.9862	0.7067	1.8e-04	0.5378
3396	-108.9854	-108.9854	-77.0870	0.7073	77.0047	0.7068	1.8e-04	0.5380
3397	-108.9813	-108.9813	-77.0918	0.7074	76.9878	0.7067	1.8e-04	0.5384
3398	-108.9866	-108.9866	-76.5988	0.7028	77.4910	0.7114	1.8e-04	0.5388
3399	-108.9952	-108.9952	-77.3264	0.7094	76.7656	0.7046	1.8e-04	0.5378
3400	-108.9794	-108.9794	-76.9185	0.7058	77.1665	0.7083	1.8e-04	0.5377
3401	-108.9813	-108.9813	-76.9404	0.7060	77.1493	0.7082	1.8e-04	0.5365
3402	-108.9894	-108.9894	-77.3912	0.7101	76.6793	0.7038	1.8e-04	0.5374
3403	-109.0019	-109.0019	-77.0458	0.7068	77.0691	0.7074	1.8e-04	0.5383
3404	-108.9973	-108.9973	-78.1084	0.7166	75.9902	0.6975	1.8e-04	0.5383
3405	-108.9894	-108.9894	-78.0325	0.7160	76.0498	0.6981	1.8e-04	0.5391
3406	-109.0010	-109.0010	-77.6541	0.7124	76.4513	0.7017	1.8e-04	0.5394
3407	-108.9954	-108.9954	-77.2223	0.7085	76.8591	0.7055	1.8e-04	0.5390
3408	-108.9769	-108.9769	-78.1173	0.7168	75.9488	0.6972	1.8e-04	0.5398
3409	-108.9934	-108.9934	-77.5867	0.7118	76.5154	0.7023	1.8e-04	0.5395
3410	-108.9839	-108.9839	-78.9368	0.7243	75.1003	0.6895	1.8e-04	0.5397
3411	-108.9678	-108.9678	-77.5590	0.7118	76.5096	0.7024	1.8e-04	0.5384
3412	-108.9899	-108.9899	-77.9029	0.7148	76.1803	0.6993	1.8e-04	0.5392
3413	-108.9899	-108.9899	-78.2252	0.7177	75.8359	0.6962	1.8e-04	0.5395
3414	-108.9931	-108.9931	-77.7181	0.7131	76.3677	0.7010	1.8e-04	0.5407
3415	-108.9799	-108.9799	-77.2703	0.7090	76.8244	0.7052	1.8e-04	0.5389
3416	-108.9850	-108.9850	-76.8693	0.7053	77.1960	0.7087	1.8e-04	0.5392
3417	-108.9984	-108.9984	-77.3995	0.7101	76.6974	0.7040	1.8e-04	0.5389
3418	-108.9966	-108.9966	-78.4399	0.7197	75.6375	0.6943	1.8e-04	0.5388
3419	-108.9899	-108.9899	-78.3743	0.7191	75.7036	0.6949	1.8e-04	0.5381
3420	-108.9814	-108.9814	-76.9674	0.7062	77.1103	0.7079	1.8e-04	0.5380
3421	-108.9885	-108.9885	-77.3497	0.7097	76.7388	0.7044	1.8e-04	0.5380
3422	-108.9957	-108.9957	-78.0656	0.7162	76.0186	0.6979	1.8e-04	0.5380
3423	-108.9809	-108.9809	-76.4699	0.7017	77.5984	0.7124	1.8e-04	0.5387
3424	-108.9807	-108.9807	-77.4393	0.7106	76.6264	0.7035	1.8e-04	0.5384
3425	-108.9880	-108.9880	-77.3526	0.7097	76.7408	0.7044	1.8e-04	0.5378
3426	-108.9638	-108.9638	-76.4339	0.7015	77.6172	0.7126	1.8e-04	0.5384
3427	-108.9922	-108.9922	-77.0671	0.7071	77.0256	0.7071	1.8e-04	0.5391
3428	-108.9808	-108.9808	-76.7248	0.7040	77.3339	0.7099	1.8e-04	0.5397
3429	-108.9690	-108.9690	-77.9064	0.7149	76.1513	0.6992	1.8e-04	0.5396
3430	-108.9743	-108.9743	-77.1851	0.7083	76.8546	0.7055	1.8e-04	0.5398
3431	-108.9966	-108.9966	-76.9869	0.7063	77.1219	0.7079	1.8e-04	0.5384
3432	-108.9847	-108.9847	-76.6195	0.7030	77.4539	0.7110	1.8e-04	0.5374
3433	-108.9700	-108.9700	-76.4708	0.7018	77.5807	0.7122	1.8e-04	0.5395
3434	-108.9850	-108.9850	-76.4831	0.7018	77.6017	0.7124	1.8e-04	0.5384
3435	-108.9937	-108.9937	-75.9809	0.6971	78.1030	0.7169	1.8e-04	0.5380
3436	-109.0063	-109.0063	-76.6189	0.7029	77.4984	0.7113	1.8e-04	0.5382
3437	-108.9835	-108.9835	-76.7126	0.7039	77.3804	0.7103	1.8e-04	0.5381
3438	-108.9891	-108.9891	-76.1626	0.6988	77.9210	0.7153	1.8e-04	0.5384
3439	-108.9795	-108.9795	-76.5672	0.7026	77.5165	0.7116	1.8e-04	0.5381
3440	-108.9919	-108.9920	-75.3854	0.6917	78.6708	0.7222	1.8e-04	0.5378
3441	-108.9872	-108.9872	-75.8885	0.6963	78.1835	0.7177	1.8e-04	0.5383
3442	-108.9984	-108.9984	-75.9174	0.6965	78.1729	0.7175	1.8e-04	0.5383
3443	-108.9944	-108.9944	-76.0553	0.6978	78.0332	0.7162	1.8e-04	0.5381
3444	-108.9818	-108.9818	-76.2449	0.6996	77.8332	0.7145	1.8e-04	0.5376
3445	-108.9964	-108.9964	-76.1354	0.6985	77.9317	0.7154	1.8e-04	0.5379
3446	-108.9872	-108.9874	-75.1838	0.6898	78.8593	0.7239	1.8e-04	0.5389
3447	-108.9742	-108.9742	-76.5790	0.7027	77.5017	0.7115	1.8e-04	0.5376
3448	-108.9779	-108.9779	-76.5937	0.7028	77.4892	0.7114	1.8e-04	0.5372
3449	-108.9841	-108.9841	-76.5564	0.7025	77.5284	0.7117	1.8e-04	0.5376
3450	-108.9935	-108.9935	-75.8125	0.6956	78.2805	0.7185	1.8e-04	0.5383
3451	-108.9924	-108.9924	-75.8173	0.6956	78.2657	0.7184	1.8e-04	0.5387
3452	-108.9765	-108.9765	-75.6948	0.6946	78.3712	0.7194	1.8e-04	0.5382
3453	-108.9744	-108.9744	-76.5852	0.7028	77.4915	0.7114	1.8e-04	0.5372
3454	-108.9882	-108.9882	-76.7870	0.7045	77.3149	0.7096	1.8e-04	0.5389
3455	-108.9900	-108.9900	-76.5130	0.7020	77.5739	0.7122	1.8e-04	0.5381
3456	-108.9812	-108.9812	-76.6924	0.7037	77.3977	0.7105	1.8e-04	0.5388
3457	-108.9643	-108.9643	-78.0293	0.7161	76.0252	0.6980	1.8e-04	0.5395
3458	-108.9879	-108.9879	-77.1981	0.7083	76.8945	0.7058	1.8e-04	0.5401
3459	-108.9912	-108.9912	-76.5064	0.7020	77.5823	0.7122	1.8e-04	0.5386
3460	-108.9762	-108.9762	-77.0865	0.7074	76.9953	0.7068	1.8e-04	0.5392
3461	-108.9877	-108.9877	-77.0716	0.7072	77.0280	0.7071	1.8e-04	0.5389
3462	-108.9898	-108.9898	-77.9749	0.7154	76.0959	0.6985	1.8e-04	0.5396
3463	-108.9852	-108.9852	-76.7573	0.7043	77.3059	0.7096	1.8e-04	0.5387
3464	-108.9974	-108.9974	-76.5307	0.7021	77.5587	0.7118	1.8e-04	0.5371
3465	-108.9800	-108.9800	-76.9870	0.7064	77.0885	0.7077	1.8e-04	0.5378
3466	-108.9958	-108.9958	-76.7974	0.7046	77.3142	0.7096	1.8e-04	0.5370
3467	-108.9818	-108.9818	-76.9058	0.7057	77.1775	0.7085	1.8e-04	0.5379
3468	-108.9858	-108.9858	-78.0948	0.7166	75.9592	0.6973	1.8e-04	0.5381
3469	-108.9866	-108.9866	-76.6184	0.7030	77.4735	0.7112	1.8e-04	0.5374
3470	-108.9972	-108.9972	-77.4572	0.7106	76.6355	0.7035	1.8e-04	0.5385
3471	-108.9821	-108.9821	-77.4046	0.7103	76.6834	0.7039	1.8e-04	0.5387
3472	-108.9796	-108.9796	-77.4235	0.7104	76.6505	0.7037	1.8e-04	0.5395
3473	-108.9896	-108.9896	-77.7522	0.7134	76.3494	0.7008	1.8e-04	0.5402
3474	-109.0044	-109.0044	-76.1568	0.6987	77.9453	0.7154	1.8e-04	0.5390
3475	-108.9835	-108.9835	-77.3672	0.7099	76.7159	0.7043	1.8e-04	0.5365
3476	-109.0034	-109.0034	-77.1322	0.7076	76.9696	0.7065	1.8e-04	0.5374
3477	-108.9767	-108.9767	-77.5092	0.7112	76.5652	0.7028	1.8e-04	0.5385
3478	-108.9827	-108.9827	-77.6689	0.7127	76.4102	0.7014	1.8e-04	0.5396
3479	-108.9919	-108.9919	-77.0427	0.7069	77.0475	0.7073	1.8e-04	0.5399
3480	-108.9971	-108.9971	-76.2135	0.6992	77.8860	0.7149	1.8e-04	0.5397
3481	-108.9868	-108.9868	-76.6645	0.7034	77.4357	0.7108	1.8e-04	0.5406
3482	-108.9657	-108.9657	-76.7345	0.7042	77.3281	0.7100	1.8e-04	0.5387
3483	-108.9856	-108.9856	-76.6933	0.7037	77.4112	0.7105	1.8e-04	0.5404
3484	-108.9777	-108.9777	-76.3782	0.7009	77.6924	0.7132	1.8e-04	0.5390
3485	-108.9826	-108.9826	-77.2342	0.7087	76.8436	0.7054	1.8e-04	0.5373
3486	-108.9868	-108.9868	-76.6212	0.7030	77.4173	0.7107	1.8e-04	0.5376
3487	-108.9984	-108.9984	-75.8550	0.6959	78.2417	0.7181	1.8e-04	0.5373
3488	-108.9908	-108.9908	-77.6065	0.7120	76.4405	0.7017	1.8e-04	0.5381
3489	-108.9759	-108.9759	-77.2780	0.7091	76.7846	0.7049	1.8e-04	0.5376
3490	-108.9976	-108.9976	-76.7174	0.7038	77.3886	0.7103	1.8e-04	0.5382
3491	-108.9997	-108.9997	-77.2869	0.7091	76.8199	0.7052	1.8e-04	0.5381
3492	-108.9873	-108.9873	-77.1579	0.7080	76.9315	0.7062	1.8e-04	0.5385
3493	-108.9724	-108.9724	-76.0687	0.6981	78.0006	0.7160	1.8e-04	0.5382
3494	-108.9965	-108.9965	-76.7202	0.7039	77.3494	0.7100	1.8e-04	0.5379
3495	-108.9969	-108.9969	-77.6775	0.7127	76.4131	0.7014	1.8e-04	0.5383
3496	-108.9814	-108.9814	-76.8999	0.7056	77.1839	0.7085	1.8e-04	0.5383
3497	-108.9837	-108.9837	-78.0386	0.7161	76.0447	0.6980	1.8e-04	0.5390
3498	-108.9720	-108.9720	-76.7096	0.7039	77.3475	0.7101	1.8e-04	0.5399
3499	-108.9897	-108.9897	-77.8320	0.7141	76.2454	0.6999	1.8e-04	0.5379
3500	-108.9897	-108.9897	-77.8375	0.7142	76.2472	0.7000	1.8e-04	0.5371
3501	-108.9889	-108.9889	-76.3907	0.7009	77.7057	0.7132	1.8e-04	0.5362
3502	-109.0011	-109.0011	-76.8367	0.7049	77.2640	0.7092	1.8e-04	0.5377
3503	-108.9853	-108.9853	-77.4170	0.7103	76.6700	0.7038	1.8e-04	0.5376
3504	-108.9810	-108.9810	-76.8187	0.7049	77.2661	0.7093	1.8e-04	0.5383
3505	-108.9952	-108.9952	-76.8249	0.7048	77.2826	0.7093	1.8e-04	0.5382
3506	-108.9942	-108.9942	-76.5139	0.7020	77.5818	0.7122	1.8e-04	0.5391
3507	-108.9800	-108.9800	-76.9811	0.7064	77.1079	0.7078	1.8e-04	0.5397
3508	-109.0113	-109.0113	-76.9394	0.7058	77.1812	0.7084	1.8e-04	0.5394
3509	-108.9756	-108.9756	-77.3883	0.7101	76.6914	0.7041	1.8e-04	0.5386
3510	-109.0035	-109.0035	-77.3947	0.7100	76.7262	0.7042	1.8e-04	0.5389
3511	-109.0000	-109.0000	-76.4365	0.7013	77.6267	0.7125	1.8e-04	0.5377
3512	-108.9826	-108.9826	-76.4143	0.7012	77.6690	0.7130	1.8e-04	0.5386
3513	-108.9883	-108.9883	-77.1592	0.7080	76.9091	0.7060	1.8e-04	0.5389
3514	-108.9980	-108.9980	-76.0874	0.6981	77.9911	0.7159	1.8e-04	0.5405
3515	-108.9985	-108.9985	-75.9480	0.6968	78.1484	0.7173	1.8e-04	0.5397
3516	-108.9762	-108.9762	-76.6492	0.7034	77.4310	0.7108	1.8e-04	0.5389
3517	-108.9862	-108.9862	-76.6323	0.7031	77.4154	0.7106	1.8e-04	0.5384
3518	-109.0071	-109.0071	-77.2379	0.7086	76.8866	0.7056	1.8e-04	0.5385
3519	-108.9891	-108.9891	-76.7911	0.7046	77.2950	0.7096	1.8e-04	0.5372
3520	-108.9857	-108.9857	-76.3158	0.7002	77.7710	0.7139	1.8e-04	0.5381
3521	-108.9733	-108.9733	-77.0826	0.7074	76.9970	0.7069	1.8e-04	0.5390
3522	-108.9863	-108.9863	-77.0436	0.7069	77.0383	0.7072	1.8e-04	0.5389
3523	-108.9908	-108.9908	-76.5811	0.7026	77.4984	0.7114	1.8e-04	0.5372
3524	-108.9835	-108.9835	-77.0472	0.7070	77.0378	0.7071	1.8e-04	0.5374
3525	-108.9733	-108.9733	-76.1490	0.6988	77.9190	0.7153	1.8e-04	0.5379
3526	-108.9954	-108.9954	-76.3520	0.7005	77.7433	0.7136	1.8e-04	0.5380
3527	-108.9897	-108.9897	-77.2256	0.7086	76.8603	0.7055	1.8e-04	0.5379
3528	-108.9843	-108.9843	-76.7243	0.7040	77.3649	0.7102	1.8e-04	0.5377
3529	-108.9801	-108.9801	-76.0216	0.6976	78.0601	0.7165	1.8e-04	0.5380
3530	-108.9933	-108.9933	-76.4436	0.7014	77.6559	0.7127	1.8e-04	0.5379
3531	-108.9928	-108.9928	-76.7679	0.7043	77.3272	0.7098	1.8e-04	0.5402
3532	-108.9725	-108.9725	-77.0157	0.7067	77.0643	0.7075	1.8e-04	0.5388
3533	-108.9885	-108.9885	-76.8647	0.7053	77.2199	0.7089	1.8e-04	0.5372
3534	-108.9869	-108.9869	-76.0954	0.6982	78.0001	0.7159	1.8e-04	0.5373
3535	-109.0014	-109.0014	-76.3413	0.7004	77.7633	0.7138	1.8e-04	0.5374
3536	-108.9844	-108.9844	-77.3019	0.7093	76.7769	0.7048	1.8e-04	0.5377
3537	-108.9678	-108.9678	-76.8358	0.7051	77.1917	0.7086	1.8e-04	0.5374
3538	-108.9847	-108.9848	-75.9840	0.6972	78.0599	0.7166	1.8e-04	0.5389
3539	-109.0046	-109.0046	-76.9033	0.7055	77.2039	0.7087	1.8e-04	0.5395
3540	-109.0063	-109.0063	-76.8236	0.7048	77.3005	0.7094	1.8e-04	0.5387
3541	-108.9860	-108.9860	-76.0309	0.6976	78.0494	0.7164	1.8e-04	0.5375
3542	-108.9957	-108.9957	-77.2617	0.7089	76.8481	0.7054	1.8e-04	0.5382
3543	-108.9760	-108.9760	-76.8395	0.7051	77.2470	0.7091	1.8e-04	0.5386
3544	-108.9773	-108.9773	-76.3061	0.7002	77.7608	0.7139	1.8e-04	0.5385
3545	-108.9835	-108.9835	-76.6117	0.7030	77.4767	0.7112	1.8e-04	0.5388
3546	-108.9958	-108.9958	-76.4146	0.7011	77.6909	0.7131	1.8e-04	0.5392
3547	-109.0019	-109.0019	-76.4302	0.7012	77.6469	0.7127	1.8e-04	0.5406
3548	-108.9782	-108.9782	-77.7893	0.7138	76.3002	0.7003	1.8e-04	0.5396
3549	-108.9814	-108.9814	-77.5465	0.7116	76.5306	0.7026	1.8e-04	0.5377
3550	-108.9803	-108.9803	-77.1399	0.7078	76.9477	0.7064	1.8e-04	0.5376
3551	-108.9757	-108.9757	-75.9374	0.6968	78.1245	0.7172	1.8e-04	0.5378
3552	-108.9708	-108.9708	-76.7831	0.7046	77.2921	0.7096	1.8e-04	0.5383
3553	-108.9800	-108.9801	-75.8295	0.6958	78.2348	0.7182	1.8e-04	0.5378
3554	-108.9852	-108.9853	-75.9010	0.6964	78.1685	0.7175	1.8e-04	0.5373
3555	-108.9791	-108.9791	-76.8063	0.7048	77.2705	0.7093	1.8e-04	0.5377
3556	-108.9877	-108.9877	-75.5759	0.6934	78.4928	0.7205	1.8e-04	0.5377
3557	-108.9995	-108.9995	-76.7100	0.7038	77.3925	0.7104	1.8e-04	0.5371
3558	-108.9712	-108.9712	-76.5849	0.7028	77.4858	0.7113	1.8e-04	0.5380
3559	-108.9773	-108.9773	-76.2222	0.6994	77.8549	0.7147	1.8e-04	0.5368
3560	-109.0020	-109.0020	-76.1851	0.6989	77.9211	0.7152	1.8e-04	0.5392
3561	-108.9887	-108.9888	-75.4101	0.6919	78.6540	0.7220	1.8e-04	0.5386
3562	-108.9909	-108.9909	-75.8224	0.6957	78.2419	0.7182	1.8e-04	0.5382
3563	-109.0050	-109.0050	-76.3919	0.7008	77.7207	0.7133	1.8e-04	0.5380
3564	-108.9990	-108.9990	-76.0975	0.6981	77.9661	0.7157	1.8e-04	0.5377
3565	-109.0017	-109.0017	-77.0980	0.7073	77.0066	0.7069	1.8e-04	0.5373
3566	-109.0038	-109.0039	-75.4146	0.6919	78.6522	0.7220	1.8e-04	0.5375
3567	-108.9770	-108.9770	-76.8492	0.7052	77.2305	0.7090	1.8e-04	0.5378
3568	-109.0057	-109.0057	-75.8478	0.6958	78.2558	0.7182	1.8e-04	0.5381
3569	-108.9715	-108.9715	-76.6799	0.7037	77.4052	0.7105	1.8e-04	0.5379
3570	-108.9870	-108.9870	-75.8495	0.6959	78.2288	0.7181	1.8e-04	0.5378
3571	-108.9794	-108.9794	-76.1380	0.6986	77.8908	0.7150	1.7e-04	0.5376
3572	-108.9826	-108.9828	-74.9964	0.6881	79.0448	0.7255	1.7e-04	0.5381
3573	-109.0016	-109.0017	-75.3247	0.6910	78.7480	0.7228	1.7e-04	0.5380
3574	-108.9949	-108.9949	-76.0001	0.6973	78.0904	0.7168	1.7e-04	0.5377
3575	-108.9870	-108.9871	-75.4707	0.6925	78.5716	0.7212	1.7e-04	0.5390
3576	-108.9768	-108.9768	-77.3634	0.7099	76.7261	0.7043	1.7e-04	0.5397
3577	-108.9967	-108.9968	-75.5816	0.6934	78.5011	0.7205	1.7e-04	0.5391
3578	-108.9885	-108.9885	-75.8774	0.6962	78.1991	0.7178	1.7e-04	0.5389
3579	-108.9904	-108.9904	-76.4071	0.7010	77.6833	0.7131	1.7e-04	0.5366
3580	-108.9806	-108.9806	-77.0407	0.7069	77.0442	0.7072	1.7e-04	0.5384
3581	-108.9798	-108.9798	-76.4994	0.7020	77.5911	0.7122	1.7e-04	0.5389
3582	-108.9955	-108.9955	-77.5260	0.7113	76.5659	0.7028	1.7e-04	0.5383
3583	-108.9822	-108.9822	-77.0573	0.7071	77.0161	0.7069	1.7e-04	0.5376
3584	-108.9832	-108.9832	-77.1937	0.7083	76.9045	0.7059	1.7e-04	0.5385
3585	-108.9863	-108.9863	-76.8011	0.7047	77.2944	0.7095	1.7e-04	0.5388
3586	-108.9880	-108.9880	-77.6283	0.7123	76.4574	0.7019	1.7e-04	0.5388
3587	-108.9976	-108.9976	-76.9986	0.7064	77.1197	0.7078	1.7e-04	0.5392
3588	-108.9912	-108.9912	-77.3636	0.7098	76.7314	0.7043	1.7e-04	0.5388
3589	-108.9781	-108.9781	-77.0952	0.7074	76.9920	0.7068	1.7e-04	0.5391
3590	-108.9973	-108.9973	-77.8285	0.7140	76.2735	0.7001	1.7e-04	0.5399
3591	-108.9833	-108.9833	-76.6987	0.7038	77.3871	0.7104	1.7e-04	0.5393
3592	-108.9648	-108.9648	-77.5098	0.7113	76.5624	0.7028	1.7e-04	0.5395
3593	-109.0116	-109.0116	-77.8199	0.7139	76.2958	0.7003	1.7e-04	0.5393
3594	-108.9972	-108.9972	-76.9775	0.7062	77.1172	0.7079	1.7e-04	0.5396
3595	-109.0039	-109.0039	-76.7490	0.7041	77.3575	0.7100	1.7e-04	0.5391
3596	-108.9838	-108.9838	-76.6070	0.7029	77.4892	0.7112	1.7e-04	0.5386
3597	-108.9877	-108.9877	-77.2462	0.7088	76.8571	0.7054	1.7e-04	0.5387
3598	-108.9878	-108.9878	-77.0760	0.7072	77.0205	0.7070	1.7e-04	0.5389
3599	-108.9737	-108.9737	-76.4492	0.7015	77.6208	0.7126	1.7e-04	0.5381
3600	-109.0145	-109.0145	-76.0610	0.6977	78.0556	0.7164	1.7e-04	0.5387
3601	-109.0097	-109.0097	-76.5240	0.7020	77.5912	0.7122	1.7e-04	0.5372
3602	-108.9907	-108.9907	-77.3319	0.7095	76.7559	0.7045	1.7e-04	0.5364
3603	-108.9762	-108.9762	-77.3501	0.7098	76.7268	0.7043	1.7e-04	0.5378
3604	-108.9895	-108.9895	-77.4911	0.7110	76.5466	0.7027	1.7e-04	0.5369
3605	-108.9745	-108.9745	-77.1719	0.7082	76.9039	0.7060	1.7e-04	0.5369
3606	-108.9798	-108.9798	-77.0889	0.7074	77.0149	0.7068	1.7e-04	0.5384
3607	-108.9928	-108.9928	-76.8641	0.7052	77.2372	0.7090	1.7e-04	0.5383
3608	-108.9805	-108.9805	-77.0254	0.7068	77.0351	0.7072	1.7e-04	0.5381
3609	-108.9843	-108.9843	-77.6001	0.7120	76.4640	0.7019	1.7e-04	0.5376
3610	-108.9986	-108.9986	-77.8178	0.7139	76.2890	0.7002	1.7e-04	0.5384
3611	-108.9871	-108.9871	-76.9784	0.7063	77.1148	0.7079	1.7e-04	0.5391
3612	-108.9705	-108.9705	-76.9623	0.7063	77.1199	0.7079	1.7e-04	0.5388
3613	-108.9885	-108.9885	-76.7708	0.7044	77.3258	0.7098	1.7e-04	0.5379
3614	-108.9968	-108.9968	-77.8865	0.7146	76.2143	0.6995	1.7e-04	0.5394
3615	-108.9866	-108.9866	-76.9435	0.7060	77.1504	0.7082	1.7e-04	0.5398
3616	-108.9739	-108.9739	-76.2008	0.6993	77.8602	0.7148	1.7e-04	0.5405
3617	-108.9808	-108.9808	-76.8828	0.7055	77.1975	0.7087	1.7e-04	0.5395
3618	-108.9894	-108.9894	-76.4809	0.7017	77.6079	0.7124	1.7e-04	0.5374
3619	-108.9809	-108.9809	-77.2098	0.7085	76.8796	0.7057	1.7e-04	0.5377
3620	-108.9905	-108.9905	-77.4780	0.7109	76.6196	0.7033	1.7e-04	0.5376
3621	-108.9828	-108.9828	-77.3848	0.7101	76.7079	0.7041	1.7e-04	0.5371
3622	-108.9765	-108.9765	-76.6041	0.7029	77.4581	0.7111	1.7e-04	0.5379
3623	-108.9825	-108.9825	-76.3756	0.7008	77.7127	0.7133	1.7e-04	0.5386
3624	-108.9933	-108.9933	-77.9790	0.7154	76.1058	0.6986	1.7e-04	0.5388
3625	-108.9604	-108.9604	-77.1288	0.7079	76.9292	0.7063	1.7e-04	0.5386
3626	-108.9769	-108.9769	-77.3416	0.7097	76.7419	0.7045	1.7e-04	0.5399
3627	-108.9854	-108.9854	-76.3963	0.7010	77.6976	0.7132	1.7e-04	0.5393
3628	-108.9996	-108.9996	-76.8251	0.7048	77.2835	0.7094	1.7e-04	0.5403
3629	-108.9850	-108.9850	-76.2864	0.7000	77.8091	0.7142	1.7e-04	0.5390
3630	-108.9861	-108.9861	-76.3520	0.7006	77.7456	0.7136	1.7e-04	0.5399
3631	-108.9931	-108.9931	-75.9790	0.6971	78.0657	0.7165	1.7e-04	0.5388
3632	-108.9814	-108.9814	-76.3225	0.7003	77.7565	0.7138	1.7e-04	0.5384
3633	-108.9945	-108.9945	-76.4246	0.7012	77.6776	0.7130	1.7e-04	0.5370
3634	-108.9949	-108.9949	-75.5731	0.6934	78.5070	0.7206	1.7e-04	0.5378
3635	-108.9837	-108.9837	-77.3904	0.7101	76.6939	0.7040	1.7e-04	0.5390
3636	-108.9985	-108.9985	-76.2215	0.6993	77.8744	0.7148	1.7e-04	0.5399
3637	-108.9993	-108.9993	-76.0039	0.6973	78.0784	0.7167	1.7e-04	0.5392
3638	-108.9896	-108.9896	-76.6294	0.7031	77.4624	0.7110	1.7e-04	0.5390
3639	-108.9883	-108.9883	-76.6404	0.7032	77.4508	0.7110	1.7e-04	0.5388
3640	-108.9986	-108.9986	-76.8618	0.7052	77.2417	0.7090	1.7e-04	0.5390
3641	-108.9887	-108.9887	-76.6431	0.7032	77.4417	0.7109	1.7e-04	0.5383
3642	-108.9844	-108.9844	-76.9051	0.7057	77.1549	0.7082	1.7e-04	0.5387
3643	-108.9791	-108.9791	-76.8673	0.7053	77.2190	0.7089	1.7e-04	0.5384
3644	-108.9775	-108.9775	-76.3657	0.7007	77.7044	0.7133	1.7e-04	0.5378
3645	-109.0011	-109.0011	-76.4310	0.7012	77.6580	0.7128	1.7e-04	0.5379
3646	-108.9885	-108.9885	-77.1007	0.7074	76.9978	0.7068	1.7e-04	0.5385
3647	-108.9847	-108.9847	-76.9624	0.7062	77.1174	0.7080	1.7e-04	0.5383
3648	-108.9953	-108.9953	-76.3690	0.7007	77.7263	0.7135	1.7e-04	0.5377
3649	-108.9985	-108.9985	-76.3817	0.7008	77.7129	0.7134	1.7e-04	0.5409
3650	-108.9820	-108.9820	-76.3895	0.7009	77.6937	0.7132	1.7e-04	0.5391
3651	-108.9908	-108.9908	-76.4468	0.7014	77.6566	0.7127	1.7e-04	0.5383
3652	-108.9892	-108.9892	-76.2819	0.6999	77.8018	0.7142	1.7e-04	0.5393
3653	-108.9751	-108.9752	-75.7667	0.6953	78.3028	0.7188	1.7e-04	0.5382
3654	-108.9869	-108.9869	-76.3326	0.7004	77.7498	0.7137	1.7e-04	0.5381
3655	-108.9752	-108.9752	-76.8327	0.7050	77.2483	0.7091	1.7e-04	0.5396
3656	-108.9798	-108.9798	-76.7723	0.7045	77.3075	0.7097	1.7e-04	0.5399
3657	-108.9930	-108.9930	-76.2795	0.6999	77.8137	0.7143	1.7e-04	0.5382
3658	-108.9772	-108.9772	-76.3814	0.7009	77.6975	0.7132	1.7e-04	0.5380
3659	-108.9776	-108.9776	-76.1772	0.6990	77.8878	0.7150	1.7e-04	0.5378
3660	-108.9943	-108.9943	-76.4767	0.7017	77.6210	0.7124	1.7e-04	0.5384
3661	-108.9836	-108.9836	-75.6188	0.6939	78.4484	0.7201	1.7e-04	0.5379
3662	-108.9874	-108.9874	-76.2162	0.6993	77.8671	0.7148	1.7e-04	0.5392
3663	-108.9853	-108.9854	-75.5277	0.6930	78.5316	0.7209	1.7e-04	0.5382
3664	-108.9879	-108.9879	-75.7411	0.6949	78.3256	0.7190	1.7e-04	0.5392
3665	-108.9870	-108.9871	-75.0857	0.6889	78.9525	0.7248	1.7e-04	0.5402
3666	-108.9876	-108.9877	-76.0265	0.6976	78.0322	0.7163	1.7e-04	0.5413
3667	-108.9693	-108.9693	-77.0676	0.7072	77.0093	0.7069	1.7e-04	0.5386
3668	-108.9868	-108.9868	-76.2896	0.7000	77.7908	0.7141	1.7e-04	0.5391
3669	-108.9896	-108.9896	-76.2410	0.6995	77.8435	0.7146	1.7e-04	0.5384
3670	-108.9948	-108.9949	-75.3872	0.6917	78.6769	0.7221	1.7e-04	0.5395
3671	-108.9762	-108.9762	-76.6924	0.7038	77.3959	0.7104	1.7e-04	0.5391
3672	-108.9964	-108.9964	-76.2571	0.6996	77.8475	0.7145	1.7e-04	0.5393
3673	-108.9808	-108.9809	-75.4655	0.6925	78.5970	0.7214	1.7e-04	0.5393
3674	-108.9800	-108.9800	-75.6433	0.6941	78.4046	0.7198	1.7e-04	0.5403
3675	-108.9892	-108.9892	-76.1425	0.6986	77.9417	0.7155	1.7e-04	0.5391
3676	-108.9968	-108.9968	-76.2142	0.6992	77.8429	0.7146	1.7e-04	0.5401
3677	-108.9676	-108.9676	-76.0271	0.6977	78.0247	0.7163	1.7e-04	0.5382
3678	-108.9731	-108.9731	-75.7123	0.6948	78.3397	0.7192	1.7e-04	0.5417
3679	-108.9724	-108.9726	-75.0850	0.6890	78.9449	0.7247	1.7e-04	0.5393
3680	-108.9872	-108.9873	-75.8093	0.6956	78.2630	0.7183	1.7e-04	0.5386
3681	-109.0002	-109.0002	-76.0092	0.6973	78.1016	0.7167	1.7e-04	0.5402
3682	-108.9998	-108.9998	-75.7431	0.6949	78.3311	0.7190	1.7e-04	0.5411
3683	-108.9920	-108.9920	-77.1044	0.7074	76.9906	0.7067	1.7e-04	0.5401
3684	-108.9852	-108.9852	-76.6214	0.7030	77.4710	0.7111	1.7e-04	0.5394
3685	-109.0027	-109.0027	-76.7985	0.7046	77.3171	0.7096	1.7e-04	0.5385
3686	-108.9779	-108.9779	-76.2346	0.6995	77.8367	0.7146	1.7e-04	0.5392
3687	-108.9891	-108.9891	-76.0013	0.6973	78.0433	0.7164	1.7e-04	0.5392
3688	-109.0000	-109.0000	-76.7483	0.7041	77.3580	0.7100	1.7e-04	0.5381
3689	-108.9971	-108.9971	-76.9789	0.7062	77.1275	0.7080	1.7e-04	0.5413
3690	-108.9832	-108.9832	-77.5189	0.7113	76.5645	0.7029	1.7e-04	0.5391
3691	-108.9841	-108.9841	-76.4602	0.7016	77.6208	0.7125	1.7e-04	0.5384
3692	-108.9927	-108.9927	-77.1814	0.7081	76.9221	0.7061	1.7e-04	0.5387
3693	-109.0003	-109.0003	-77.7692	0.7135	76.3242	0.7006	1.7e-04	0.5382
3694	-108.9870	-108.9870	-76.4949	0.7019	77.5861	0.7122	1.7e-04	0.5392
3695	-108.9806	-108.9806	-76.8274	0.7050	77.2529	0.7092	1.7e-04	0.5379
3696	-108.9734	-108.9734	-77.1535	0.7080	76.8995	0.7060	1.7e-04	0.5404
3697	-109.0040	-109.0040	-76.8530	0.7050	77.2666	0.7091	1.7e-04	0.5400
3698	-108.9892	-108.9892	-76.5586	0.7024	77.5117	0.7115	1.7e-04	0.5389
3699	-108.9834	-108.9834	-76.3253	0.7003	77.7566	0.7138	1.7e-04	0.5396
3700	-108.9914	-108.9914	-77.4510	0.7106	76.6418	0.7036	1.7e-04	0.5383
3701	-108.9824	-108.9824	-76.4467	0.7015	77.6447	0.7127	1.7e-04	0.5389
3702	-108.9707	-108.9707	-76.1716	0.6990	77.8844	0.7151	1.7e-04	0.5391
3703	-108.9888	-108.9888	-77.8458	0.7143	76.2282	0.6998	1.7e-04	0.5404
3704	-108.9866	-108.9866	-77.1573	0.7080	76.9385	0.7062	1.7e-04	0.5486
3705	-108.9788	-108.9788	-77.9252	0.7150	76.1500	0.6991	1.7e-04	0.5406
3706	-108.9879	-108.9879	-76.6979	0.7037	77.3933	0.7104	1.7e-04	0.5405
3707	-108.9846	-108.9846	-77.4229	0.7104	76.6648	0.7038	1.7e-04	0.5391
3708	-108.9920	-108.9920	-77.5029	0.7111	76.5865	0.7030	1.7e-04	0.5388
3709	-109.0009	-109.0009	-77.2597	0.7088	76.8552	0.7054	1.7e-04	0.5383
3710	-108.9860	-108.9860	-76.6985	0.7037	77.3964	0.7104	1.7e-04	0.5400
3711	-109.0044	-109.0044	-76.7807	0.7044	77.3369	0.7098	1.7e-04	0.5390
3712	-108.9866	-108.9866	-77.6585	0.7126	76.4301	0.7016	1.7e-04	0.5398
3713	-108.9775	-108.9775	-77.2833	0.7092	76.7978	0.7050	1.7e-04	0.5388
3714	-108.9798	-108.9798	-77.4308	0.7105	76.6689	0.7037	1.7e-04	0.5381
3715	-108.9874	-108.9874	-76.6979	0.7037	77.3961	0.7105	1.7e-04	0.5399
3716	-108.9918	-108.9918	-77.9263	0.7150	76.1645	0.6991	1.7e-04	0.5383
3717	-108.9937	-108.9937	-76.6610	0.7034	77.4438	0.7108	1.7e-04	0.5406
3718	-108.9977	-108.9977	-77.8776	0.7145	76.2161	0.6996	1.7e-04	0.5431
3719	-108.9892	-108.9892	-77.4662	0.7108	76.6362	0.7034	1.7e-04	0.5401
3720	-108.9949	-108.9949	-77.3328	0.7095	76.7766	0.7047	1.7e-04	0.5404
3721	-108.9875	-108.9875	-77.7405	0.7133	76.3475	0.7009	1.7e-04	0.5399
3722	-108.9863	-108.9863	-77.8314	0.7141	76.2614	0.7000	1.7e-04	0.5398
3723	-108.9930	-108.9930	-77.8531	0.7143	76.2339	0.6998	1.7e-04	0.5393
3724	-108.9790	-108.9790	-77.3640	0.7099	76.7069	0.7042	1.7e-04	0.5395
3725	-108.9850	-108.9850	-78.6200	0.7214	75.4400	0.6925	1.7e-04	0.5399
3726	-108.9865	-108.9865	-77.7127	0.7130	76.3570	0.7009	1.7e-04	0.5398
3727	-108.9905	-108.9905	-78.0450	0.7161	76.0376	0.6980	1.7e-04	0.5384
3728	-108.9979	-108.9979	-77.6453	0.7124	76.4608	0.7018	1.7e-04	0.5408
3729	-108.9990	-108.9990	-77.2680	0.7089	76.8386	0.7053	1.7e-04	0.5403
3730	-108.9928	-108.9928	-78.7609	0.7226	75.2932	0.6911	1.7e-04	0.5390
3731	-108.9794	-108.9794	-78.7996	0.7231	75.2386	0.6907	1.7e-04	0.5396
3732	-108.9704	-108.9704	-78.3938	0.7194	75.6604	0.6945	1.7e-04	0.5400
3733	-108.9955	-108.9955	-76.8951	0.7055	77.1966	0.7087	1.7e-04	0.5394
3734	-108.9802	-108.9802	-77.3996	0.7102	76.6917	0.7039	1.7e-04	0.5410
3735	-108.9817	-108.9817	-78.0345	0.7160	76.0477	0.6981	1.7e-04	0.5404
3736	-108.9828	-108.9828	-78.0629	0.7163	76.0081	0.6977	1.7e-04	0.5396
3737	-108.9965	-108.9965	-77.9283	0.7150	76.1598	0.6991	1.7e-04	0.5388
3738	-108.9993	-108.9993	-78.2621	0.7180	75.8268	0.6960	1.7e-04	0.5398
3739	-108.9821	-108.9821	-78.1522	0.7171	75.9109	0.6969	1.7e-04	0.5390
3740	-108.9870	-108.9870	-78.2116	0.7176	75.8687	0.6964	1.7e-04	0.5392
3741	-108.9827	-108.9827	-77.4838	0.7110	76.6085	0.7032	1.7e-04	0.5384
3742	-108.9741	-108.9741	-77.7829	0.7138	76.2888	0.7004	1.7e-04	0.5398
3743	-108.9851	-108.9851	-77.8767	0.7146	76.2094	0.6995	1.7e-04	0.5390
3744	-108.9991	-108.9991	-77.5123	0.7111	76.5935	0.7030	1.7e-04	0.5381
3745	-108.9893	-108.9893	-78.2814	0.7182	75.7985	0.6958	1.7e-04	0.5384
3746	-108.9861	-108.9861	-78.1785	0.7173	75.8965	0.6967	1.7e-04	0.5379
3747	-108.9983	-108.9983	-79.1587	0.7262	74.8859	0.6873	1.7e-04	0.5387
3748	-109.0028	-109.0028	-78.2693	0.7180	75.8172	0.6959	1.7e-04	0.5394
3749	-108.9868	-108.9868	-77.8986	0.7148	76.1923	0.6994	1.7e-04	0.5389
3750	-108.9923	-108.9923	-78.1931	0.7174	75.8885	0.6966	1.7e-04	0.5391
3751	-108.9766	-108.9766	-78.3627	0.7191	75.6882	0.6949	1.7e-04	0.5380
3752	-108.9889	-108.9889	-78.7884	0.7229	75.2724	0.6910	1.7e-04	0.5388
3753	-108.9906	-108.9906	-78.7297	0.7224	75.3363	0.6915	1.7e-04	0.5378
3754	-108.9861	-108.9861	-77.7924	0.7138	76.3016	0.7004	1.7e-04	0.5385
3755	-108.9828	-108.9828	-78.6926	0.7221	75.3612	0.6918	1.7e-04	0.5371
3756	-108.9829	-108.9829	-78.3480	0.7189	75.7258	0.6951	1.7e-04	0.5376
3757	-108.9931	-108.9931	-79.2248	0.7269	74.8246	0.6868	1.7e-04	0.5378
3758	-109.0008	-109.0008	-77.7405	0.7132	76.3582	0.7009	1.7e-04	0.5370
3759	-108.9924	-108.9924	-78.2847	0.7183	75.7952	0.6957	1.7e-04	0.5388
3760	-108.9903	-108.9903	-78.9453	0.7243	75.1017	0.6894	1.7e-04	0.5376
3761	-108.9859	-108.9859	-78.6651	0.7218	75.3959	0.6921	1.7e-04	0.5384
3762	-109.0047	-109.0047	-78.7357	0.7223	75.3475	0.6916	1.7e-04	0.5389
3763	-108.9823	-108.9823	-79.1140	0.7259	74.9231	0.6878	1.7e-04	0.5378
3764	-108.9676	-108.9676	-77.4400	0.7107	76.6320	0.7035	1.7e-04	0.5379
3765	-108.9780	-108.9780	-78.3952	0.7194	75.6613	0.6946	1.7e-04	0.5372
3766	-108.9848	-108.9848	-79.1230	0.7260	74.9062	0.6876	1.7e-04	0.5376
3767	-108.9825	-108.9825	-78.5685	0.7209	75.5001	0.6930	1.7e-04	0.5381
3768	-108.9954	-108.9954	-78.6079	0.7212	75.4701	0.6927	1.7e-04	0.5378
3769	-108.9890	-108.9890	-78.7039	0.7221	75.3579	0.6917	1.7e-04	0.5393
3770	-108.9749	-108.9749	-78.2333	0.7179	75.8235	0.6961	1.7e-04	0.5395
3771	-108.9755	-108.9755	-78.7574	0.7227	75.2743	0.6910	1.7e-04	0.5381
3772	-108.9964	-108.9964	-78.8160	0.7231	75.2543	0.6907	1.7e-04	0.5399
3773	-108.9763	-108.9763	-78.7673	0.7228	75.2808	0.6911	1.7e-04	0.5379
3774	-108.9767	-108.9767	-78.7241	0.7224	75.3079	0.6913	1.7e-04	0.5383
3775	-108.9880	-108.9880	-79.3683	0.7282	74.6331	0.6852	1.7e-04	0.5386
3776	-108.9847	-108.9847	-78.6938	0.7221	75.3464	0.6917	1.7e-04	0.5392
3777	-108.9821	-108.9821	-79.1541	0.7263	74.8543	0.6871	1.7e-04	0.5383
3778	-109.0019	-109.0019	-79.8180	0.7323	74.1980	0.6810	1.7e-04	0.5388
3779	-108.9959	-108.9959	-78.7531	0.7225	75.3252	0.6913	1.7e-04	0.5386
3780	-108.9779	-108.9779	-79.0648	0.7255	74.9651	0.6882	1.7e-04	0.5386
3781	-108.9979	-108.9979	-78.9443	0.7243	75.0864	0.6893	1.7e-04	0.5383
3782	-108.9830	-108.9830	-78.1521	0.7171	75.9168	0.6969	1.7e-04	0.5406
3783	-108.9927	-108.9927	-78.6800	0.7219	75.3945	0.6920	1.7e-04	0.5410
3784	-108.9767	-108.9767	-79.3937	0.7285	74.5938	0.6847	1.7e-04	0.5404
3785	-108.9905	-108.9905	-78.5717	0.7209	75.5023	0.6930	1.7e-04	0.5399
3786	-108.9932	-108.9932	-79.0988	0.7257	74.9473	0.6880	1.7e-04	0.5398
3787	-108.9937	-108.9937	-79.3966	0.7285	74.6366	0.6851	1.7e-04	0.5393
3788	-108.9855	-108.9855	-78.8185	0.7232	75.2297	0.6906	1.7e-04	0.5397
3789	-108.9847	-108.9847	-78.6458	0.7216	75.4085	0.6923	1.7e-04	0.5396
3790	-108.9890	-108.9890	-78.7274	0.7223	75.3308	0.6915	1.7e-04	0.5398
3791	-108.9967	-108.9967	-78.5671	0.7208	75.5021	0.6930	1.7e-04	0.5399
3792	-108.9791	-108.9791	-77.8063	0.7140	76.2725	0.7001	1.7e-04	0.5415
3793	-108.9953	-108.9953	-79.2202	0.7268	74.8368	0.6868	1.7e-04	0.5389
3794	-108.9875	-108.9875	-78.3056	0.7185	75.7687	0.6955	1.7e-04	0.5387
3795	-108.9870	-108.9870	-77.4851	0.7110	76.6057	0.7032	1.7e-04	0.5377
3796	-109.0083	-109.0083	-78.4400	0.7196	75.6550	0.6943	1.7e-04	0.5381
3797	-108.9803	-108.9803	-78.6143	0.7214	75.4317	0.6924	1.7e-04	0.5374
3798	-108.9896	-108.9896	-78.4872	0.7201	75.5611	0.6935	1.7e-04	0.5389
3799	-108.9901	-108.9901	-78.0281	0.7159	76.0647	0.6982	1.7e-04	0.5389
3800	-108.9790	-108.9790	-77.7908	0.7138	76.2853	0.7003	1.7e-04	0.5403
3801	-108.9874	-108.9874	-78.5062	0.7203	75.5627	0.6936	1.7e-04	0.5413
3802	-108.9881	-108.9881	-78.6510	0.7216	75.3919	0.6921	1.7e-04	0.5435
3803	-108.9998	-108.9998	-79.5171	0.7295	74.5197	0.6840	1.7e-04	0.5387
3804	-108.9995	-108.9995	-79.2592	0.7272	74.7753	0.6864	1.7e-04	0.5394
3805	-108.9952	-108.9952	-78.8074	0.7230	75.2552	0.6908	1.7e-04	0.5396
3806	-108.9867	-108.9867	-78.7154	0.7222	75.3395	0.6915	1.7e-04	0.5394
3807	-108.9892	-108.9892	-78.7671	0.7227	75.2954	0.6912	1.7e-04	0.5377
3808	-108.9837	-108.9837	-79.2385	0.7271	74.7945	0.6865	1.7e-04	0.5407
3809	-108.9945	-108.9945	-78.5625	0.7208	75.5077	0.6931	1.7e-04	0.5396
3810	-108.9986	-108.9986	-78.3720	0.7190	75.7226	0.6950	1.7e-04	0.5397
3811	-108.9712	-108.9712	-79.0869	0.7258	74.9427	0.6879	1.7e-04	0.5402
3812	-109.0003	-109.0003	-77.8824	0.7145	76.2180	0.6996	1.7e-04	0.5385
3813	-108.9871	-108.9871	-77.6590	0.7126	76.4106	0.7014	1.7e-04	0.5383
3814	-108.9826	-108.9826	-79.3723	0.7283	74.6475	0.6853	1.7e-04	0.5383
3815	-108.9835	-108.9835	-78.7090	0.7222	75.3469	0.6916	1.7e-04	0.5383
3816	-108.9929	-108.9929	-79.1342	0.7260	74.9074	0.6876	1.7e-04	0.5402
3817	-108.9877	-108.9877	-79.1715	0.7264	74.8543	0.6872	1.7e-04	0.5397
3818	-109.0023	-109.0023	-78.6807	0.7218	75.3847	0.6919	1.7e-04	0.5407
3819	-108.9985	-108.9985	-78.3116	0.7185	75.7869	0.6956	1.7e-04	0.5395
3820	-108.9989	-108.9989	-79.8190	0.7323	74.1750	0.6809	1.7e-04	0.5385
3821	-108.9896	-108.9896	-78.7441	0.7225	75.3206	0.6914	1.7e-04	0.5384
3822	-108.9933	-108.9933	-78.9616	0.7245	75.0954	0.6893	1.7e-04	0.5394
3823	-109.0004	-109.0004	-78.7558	0.7225	75.3247	0.6913	1.7e-04	0.5378
3824	-108.9938	-108.9938	-79.0193	0.7250	75.0302	0.6887	1.7e-04	0.5386
3825	-108.9928	-108.9928	-79.0435	0.7252	75.0089	0.6885	1.7e-04	0.5395
3826	-108.9941	-108.9941	-78.0738	0.7163	76.0082	0.6978	1.7e-04	0.5412
3827	-108.9881	-108.9881	-78.6452	0.7216	75.4182	0.6923	1.7e-04	0.5393
3828	-108.9946	-108.9946	-78.0160	0.7158	76.0803	0.6983	1.7e-04	0.5397
3829	-109.0108	-109.0108	-78.7633	0.7225	75.3166	0.6913	1.7e-04	0.5388
3830	-109.0079	-109.0079	-79.7800	0.7319	74.2432	0.6814	1.7e-04	0.5387
3831	-108.9923	-108.9923	-79.3914	0.7284	74.6432	0.6851	1.7e-04	0.5383
3832	-108.9752	-108.9752	-79.0485	0.7254	74.9817	0.6883	1.7e-04	0.5391
3833	-108.9828	-108.9828	-79.1753	0.7265	74.8465	0.6871	1.7e-04	0.5386
3834	-108.9820	-108.9820	-78.7383	0.7225	75.3087	0.6913	1.7e-04	0.5387
3835	-108.9744	-108.9744	-78.8722	0.7238	75.1459	0.6899	1.7e-04	0.5415
3836	-108.9959	-108.9959	-78.0739	0.7163	76.0180	0.6978	1.7e-04	0.5381
3837	-108.9867	-108.9867	-77.9154	0.7149	76.1619	0.6992	1.7e-04	0.5377
3838	-108.9973	-108.9973	-79.1196	0.7259	74.9143	0.6877	1.7e-04	0.5386
3839	-109.0095	-109.0095	-78.5143	0.7203	75.5751	0.6936	1.7e-04	0.5385
3840	-109.0063	-109.0063	-79.0331	0.7250	75.0215	0.6886	1.7e-04	0.5404
3841	-108.9965	-108.9965	-77.4885	0.7109	76.6160	0.7033	1.7e-04	0.5393
3842	-108.9894	-108.9894	-79.6148	0.7305	74.3974	0.6829	1.7e-04	0.5399
3843	-108.9888	-108.9888	-78.9104	0.7240	75.1384	0.6898	1.7e-04	0.5403
3844	-108.9963	-108.9963	-79.4154	0.7286	74.5944	0.6847	1.7e-04	0.5403
3845	-108.9932	-108.9932	-78.0862	0.7164	76.0111	0.6977	1.7e-04	0.5397
3846	-108.9864	-108.9864	-78.1215	0.7168	75.9610	0.6973	1.7e-04	0.5408
3847	-108.9856	-108.9856	-79.2016	0.7267	74.8204	0.6869	1.7e-04	0.5382
3848	-108.9899	-108.9899	-78.3787	0.7191	75.6978	0.6949	1.7e-04	0.5398
3849	-108.9992	-108.9992	-78.2125	0.7176	75.8823	0.6965	1.7e-04	0.5395
3850	-108.9956	-108.9956	-78.3875	0.7192	75.6912	0.6948	1.7e-04	0.5399
3851	-108.9961	-108.9961	-78.1218	0.7167	75.9754	0.6973	1.7e-04	0.5400
3852	-108.9652	-108.9652	-77.9943	0.7158	76.0625	0.6983	1.7e-04	0.5397
3853	-108.9809	-108.9809	-77.4483	0.7107	76.6432	0.7035	1.7e-04	0.5402
3854	-108.9982	-108.9982	-78.2340	0.7178	75.8506	0.6962	1.7e-04	0.5397
3855	-108.9904	-108.9904	-78.1125	0.7167	75.9777	0.6974	1.7e-04	0.5378
3856	-108.9871	-108.9871	-79.4043	0.7286	74.6138	0.6849	1.7e-04	0.5385
3857	-108.9903	-108.9903	-77.2156	0.7085	76.8845	0.7057	1.7e-04	0.5392
3858	-108.9941	-108.9941	-78.3849	0.7192	75.6476	0.6943	1.7e-04	0.5390
3859	-108.9726	-108.9726	-78.9133	0.7242	75.1132	0.6895	1.7e-04	0.5394
3860	-108.9867	-108.9867	-78.0736	0.7164	76.0068	0.6977	1.7e-04	0.5383
3861	-108.9838	-108.9838	-77.4940	0.7111	76.5989	0.7031	1.7e-04	0.5376
3862	-108.9817	-108.9817	-79.0262	0.7251	75.0102	0.6886	1.7e-04	0.5384
3863	-108.9806	-108.9806	-78.2690	0.7182	75.8081	0.6958	1.7e-04	0.5389
3864	-108.9941	-108.9941	-78.0823	0.7164	76.0008	0.6976	1.7e-04	0.5380
3865	-108.9886	-108.9886	-78.2074	0.7176	75.8635	0.6963	1.7e-04	0.5383
3866	-108.9828	-108.9828	-77.2430	0.7088	76.8448	0.7054	1.7e-04	0.5381
3867	-108.9954	-108.9954	-77.4823	0.7109	76.6022	0.7032	1.7e-04	0.5391
3868	-108.9839	-108.9839	-77.7218	0.7131	76.3603	0.7010	1.7e-04	0.5387
3869	-108.9836	-108.9836	-77.6381	0.7124	76.4294	0.7016	1.7e-04	0.5379
3870	-108.9873	-108.9873	-78.2560	0.7180	75.8171	0.6959	1.7e-04	0.5391
3871	-108.9904	-108.9904	-77.7707	0.7136	76.3371	0.7006	1.7e-04	0.5391
3872	-108.9944	-108.9944	-78.0239	0.7159	76.0627	0.6982	1.7e-04	0.5392
3873	-108.9818	-108.9818	-77.2513	0.7088	76.8334	0.7053	1.7e-04	0.5379
3874	-108.9802	-108.9802	-77.9593	0.7154	76.1087	0.6987	1.7e-04	0.5401
3875	-108.9993	-108.9993	-76.5972	0.7027	77.5026	0.7113	1.7e-04	0.5396
3876	-108.9912	-108.9912	-76.9718	0.7062	77.1013	0.7077	1.7e-04	0.5401
3877	-108.9940	-108.9940	-77.0517	0.7069	77.0320	0.7071	1.7e-04	0.5404
3878	-108.9935	-108.9935	-77.2537	0.7088	76.8305	0.7053	1.7e-04	0.5406
3879	-108.9791	-108.9791	-77.6689	0.7127	76.4138	0.7015	1.7e-04	0.5384
3880	-108.9934	-108.9934	-76.4845	0.7017	77.5851	0.7122	1.7e-04	0.5384
3881	-108.9910	-108.9910	-77.4051	0.7102	76.6613	0.7038	1.7e-04	0.5390
3882	-108.9982	-108.9982	-76.7724	0.7043	77.3353	0.7099	1.7e-04	0.5391
3883	-108.9924	-108.9924	-76.2303	0.6994	77.8307	0.7144	1.7e-04	0.5393
3884	-108.9773	-108.9773	-76.8677	0.7054	77.2149	0.7088	1.7e-04	0.5395
3885	-108.9987	-108.9987	-76.6880	0.7036	77.4020	0.7104	1.7e-04	0.5398
3886	-108.9893	-108.9893	-76.5926	0.7028	77.5046	0.7114	1.7e-04	0.5386
3887	-108.9701	-108.9701	-76.3357	0.7005	77.7353	0.7136	1.7e-04	0.5398
3888	-108.9871	-108.9871	-76.5991	0.7028	77.5028	0.7113	1.7e-04	0.5395
3889	-108.9800	-108.9800	-75.9062	0.6965	78.1547	0.7174	1.7e-04	0.5506
3890	-109.0002	-109.0002	-76.2510	0.6995	77.8514	0.7146	1.7e-04	0.5394
3891	-108.9828	-108.9828	-76.9913	0.7065	77.1019	0.7077	1.7e-04	0.5376
3892	-108.9809	-108.9809	-76.0865	0.6982	77.9880	0.7159	1.7e-04	0.5394
3893	-108.9982	-108.9982	-75.9583	0.6969	78.1217	0.7171	1.7e-04	0.5390
3894	-108.9914	-108.9915	-75.3283	0.6911	78.7231	0.7226	1.7e-04	0.5392
3895	-108.9861	-108.9862	-75.3253	0.6911	78.7324	0.7227	1.7e-04	0.5386
3896	-108.9927	-108.9928	-74.9345	0.6875	79.1112	0.7262	1.7e-04	0.5395
3897	-108.9874	-108.9875	-75.3432	0.6913	78.7043	0.7225	1.7e-04	0.5389
3898	-108.9783	-108.9783	-76.7361	0.7041	77.3445	0.7100	1.7e-04	0.5389
3899	-108.9968	-108.9968	-75.8135	0.6956	78.2589	0.7183	1.7e-04	0.5397
3900	-108.9793	-108.9793	-76.0346	0.6977	78.0354	0.7164	1.7e-04	0.5397
3901	-108.9881	-108.9881	-75.8582	0.6960	78.2173	0.7179	1.7e-04	0.5372
3902	-108.9872	-108.9872	-76.4162	0.7011	77.6627	0.7129	1.7e-04	0.5400
3903	-109.0075	-109.0075	-76.4976	0.7018	77.5723	0.7120	1.7e-04	0.5392
3904	-108.9766	-108.9766	-76.4457	0.7015	77.6187	0.7126	1.7e-04	0.5387
3905	-108.9889	-108.9889	-76.2339	0.6995	77.8533	0.7147	1.7e-04	0.5381
3906	-108.9730	-108.9730	-76.1822	0.6991	77.8849	0.7150	1.7e-04	0.5384
3907	-108.9877	-108.9877	-76.2792	0.6999	77.8128	0.7142	1.7e-04	0.5378
3908	-108.9965	-108.9965	-76.3055	0.7001	77.7789	0.7139	1.7e-04	0.5392
3909	-108.9851	-108.9853	-74.7766	0.6861	79.2566	0.7275	1.7e-04	0.5391
3910	-108.9845	-108.9845	-75.8019	0.6955	78.2737	0.7185	1.7e-04	0.5376
3911	-109.0000	-109.0000	-76.4845	0.7017	77.6205	0.7124	1.7e-04	0.5379
3912	-109.0024	-109.0024	-76.8502	0.7050	77.2589	0.7091	1.7e-04	0.5399
3913	-108.9962	-108.9962	-75.7033	0.6945	78.3801	0.7194	1.7e-04	0.5388
3914	-108.9820	-108.9820	-76.5347	0.7023	77.5424	0.7119	1.7e-04	0.5380
3915	-108.9850	-108.9850	-76.6805	0.7036	77.4055	0.7106	1.7e-04	0.5382
3916	-108.9774	-108.9774	-76.5285	0.7022	77.5302	0.7118	1.7e-04	0.5387
3917	-108.9836	-108.9836	-76.6593	0.7034	77.4351	0.7108	1.7e-04	0.5385
3918	-108.9878	-108.9878	-77.2693	0.7090	76.8252	0.7052	1.7e-04	0.5400
3919	-108.9803	-108.9804	-75.8600	0.6961	78.1755	0.7176	1.7e-04	0.5383
3920	-108.9822	-108.9822	-76.8265	0.7049	77.2589	0.7093	1.7e-04	0.5391
3921	-108.9936	-108.9936	-75.8519	0.6959	78.2254	0.7180	1.7e-04	0.5399
3922	-108.9808	-108.9809	-75.6678	0.6943	78.3808	0.7195	1.7e-04	0.5402
3923	-108.9945	-108.9945	-75.8040	0.6955	78.2891	0.7185	1.7e-04	0.5396
3924	-108.9891	-108.9892	-75.3137	0.6910	78.7392	0.7228	1.7e-04	0.5404
3925	-108.9807	-108.9807	-75.5927	0.6936	78.4724	0.7203	1.7e-04	0.5397
3926	-108.9835	-108.9835	-76.1232	0.6985	77.9582	0.7156	1.7e-04	0.5403
3927	-108.9898	-108.9898	-75.8580	0.6960	78.2209	0.7180	1.7e-04	0.5393
3928	-108.9976	-108.9976	-75.9914	0.6972	78.1079	0.7169	1.7e-04	0.5423
3929	-109.0017	-109.0018	-75.9101	0.6964	78.1773	0.7176	1.7e-04	0.5404
3930	-108.9837	-108.9837	-76.4073	0.7011	77.6765	0.7131	1.7e-04	0.5390
3931	-108.9794	-108.9794	-76.1233	0.6985	77.9546	0.7156	1.7e-04	0.5397
3932	-108.9748	-108.9748	-75.6602	0.6943	78.3927	0.7197	1.7e-04	0.5382
3933	-108.9838	-108.9838	-76.0505	0.6978	78.0256	0.7163	1.7e-04	0.5391
3934	-108.9823	-108.9823	-75.5171	0.6929	78.5419	0.7210	1.7e-04	0.5389
3935	-108.9834	-108.9834	-77.0682	0.7072	77.0244	0.7070	1.7e-04	0.5385
3936	-108.9776	-108.9776	-75.7299	0.6949	78.3243	0.7190	1.7e-04	0.5392
3937	-108.9756	-108.9757	-75.4780	0.6926	78.5326	0.7210	1.7e-04	0.5398
3938	-108.9742	-108.9742	-75.9610	0.6971	78.1061	0.7170	1.7e-04	0.5405
3939	-108.9805	-108.9805	-76.2367	0.6995	77.8434	0.7145	1.7e-04	0.5409
3940	-108.9972	-108.9973	-75.1714	0.6897	78.8701	0.7239	1.7e-04	0.5403
3941	-108.9874	-108.9874	-76.1642	0.6988	77.8669	0.7148	1.7e-04	0.5400
3942	-109.0047	-109.0047	-76.2657	0.6997	77.8399	0.7145	1.7e-04	0.5401
3943	-108.9911	-108.9912	-75.6714	0.6943	78.4010	0.7197	1.7e-04	0.5390
3944	-108.9822	-108.9822	-75.9416	0.6968	78.0997	0.7170	1.7e-04	0.5388
3945	-108.9937	-108.9937	-76.6429	0.7032	77.4458	0.7109	1.7e-04	0.5389
3946	-108.9860	-108.9861	-75.0103	0.6883	79.0312	0.7255	1.7e-04	0.5393
3947	-109.0354	-109.0355	-75.5575	0.6930	78.5546	0.7210	1.7e-04	0.5407
3948	-108.9778	-108.9779	-75.9753	0.6972	78.0666	0.7166	1.7e-04	0.5402
3949	-108.9791	-108.9791	-77.0920	0.7074	76.9719	0.7065	1.7e-04	0.5401
3950	-108.9962	-108.9962	-75.8129	0.6956	78.2666	0.7184	1.7e-04	0.5386
3951	-108.9837	-108.9837	-75.9438	0.6968	78.1233	0.7171	1.7e-04	0.5379
3952	-109.0015	-109.0016	-75.5430	0.6930	78.5377	0.7209	1.7e-04	0.5389
3953	-108.9802	-108.9802	-75.6454	0.6941	78.4091	0.7198	1.7e-04	0.5377
3954	-108.9753	-108.9753	-77.1037	0.7075	76.9794	0.7067	1.7e-04	0.5383
3955	-108.9860	-108.9860	-76.7362	0.7041	77.3459	0.7101	1.7e-04	0.5380
3956	-108.9972	-108.9973	-75.0860	0.6889	78.9543	0.7247	1.7e-04	0.5386
3957	-108.9842	-108.9843	-75.7935	0.6955	78.2566	0.7184	1.7e-04	0.5382
3958	-108.9815	-108.9815	-76.2130	0.6993	77.8543	0.7147	1.7e-04	0.5388
3959	-108.9685	-108.9687	-75.1283	0.6894	78.8969	0.7243	1.7e-04	0.5372
3960	-108.9763	-108.9763	-75.8085	0.6956	78.2462	0.7183	1.7e-04	0.5379
3961	-108.9801	-108.9802	-74.9388	0.6876	79.0407	0.7257	1.7e-04	0.5386
3962	-109.0017	-109.0017	-75.6951	0.6944	78.3912	0.7196	1.7e-04	0.5385
3963	-109.0005	-109.0005	-76.4250	0.7011	77.6601	0.7129	1.7e-04	0.5384
3964	-108.9916	-108.9916	-76.2261	0.6994	77.8632	0.7147	1.7e-04	0.5389
3965	-108.9986	-108.9986	-76.9309	0.7058	77.1726	0.7083	1.7e-04	0.5393
3966	-108.9849	-108.9849	-76.0849	0.6981	77.9893	0.7159	1.7e-04	0.5389
3967	-108.9893	-108.9893	-76.1837	0.6990	77.9062	0.7151	1.7e-04	0.5399
3968	-108.9898	-108.9899	-75.3736	0.6916	78.6902	0.7223	1.7e-04	0.5391
3969	-108.9786	-108.9787	-75.3623	0.6915	78.6873	0.7223	1.7e-04	0.5396
3970	-108.9834	-108.9835	-75.4036	0.6919	78.6430	0.7220	1.7e-04	0.5383
3971	-108.9883	-108.9884	-75.1597	0.6896	78.8785	0.7241	1.7e-04	0.5388
3972	-108.9786	-108.9790	-74.2053	0.6809	79.7527	0.7320	1.7e-04	0.5384
3973	-108.9915	-108.9916	-75.1172	0.6892	78.9274	0.7245	1.7e-04	0.5403
3974	-109.0047	-109.0048	-75.6514	0.6940	78.4146	0.7198	1.7e-04	0.5385
3975	-108.9768	-108.9769	-75.2162	0.6902	78.8310	0.7236	1.7e-04	0.5381
3976	-108.9904	-108.9905	-75.0114	0.6882	79.0487	0.7255	1.7e-04	0.5392
3977	-108.9987	-108.9987	-76.1534	0.6987	77.9374	0.7153	1.7e-04	0.5400
3978	-109.0074	-109.0075	-75.0781	0.6887	78.9971	0.7250	1.7e-04	0.5416
3979	-108.9935	-108.9935	-76.4433	0.7014	77.6221	0.7125	1.7e-04	0.5405
3980	-108.9893	-108.9893	-76.3267	0.7003	77.7512	0.7136	1.7e-04	0.5405
3981	-108.9881	-108.9881	-76.2460	0.6996	77.8551	0.7145	1.7e-04	0.5399
3982	-108.9830	-108.9830	-76.8041	0.7047	77.2761	0.7094	1.7e-04	0.5403
3983	-108.9773	-108.9773	-77.7247	0.7132	76.3516	0.7009	1.7e-04	0.5397
3984	-108.9832	-108.9832	-77.3604	0.7098	76.7260	0.7044	1.7e-04	0.5400
3985	-108.9914	-108.9914	-77.2803	0.7090	76.8173	0.7051	1.7e-04	0.5400
3986	-108.9821	-108.9821	-77.7563	0.7135	76.3157	0.7005	1.7e-04	0.5392
3987	-109.0032	-109.0032	-77.5213	0.7112	76.5955	0.7030	1.7e-04	0.5402
3988	-108.9820	-108.9820	-76.9773	0.7063	77.1176	0.7079	1.7e-04	0.5393
3989	-108.9807	-108.9807	-78.0294	0.7160	76.0424	0.6980	1.7e-04	0.5391
3990	-108.9862	-108.9862	-76.7298	0.7040	77.3661	0.7101	1.7e-04	0.5389
3991	-108.9714	-108.9714	-77.0614	0.7072	77.0257	0.7070	1.7e-04	0.5384
3992	-108.9769	-108.9769	-77.0166	0.7067	77.0659	0.7075	1.7e-04	0.5393
3993	-108.9863	-108.9863	-77.3501	0.7097	76.7494	0.7045	1.7e-04	0.5387
3994	-109.0031	-109.0031	-77.6005	0.7119	76.5133	0.7022	1.7e-04	0.5381
3995	-108.9907	-108.9907	-77.8413	0.7142	76.2584	0.6999	1.7e-04	0.5389
3996	-108.9951	-108.9951	-77.2887	0.7091	76.8179	0.7051	1.7e-04	0.5391
3997	-109.0070	-109.0070	-77.6643	0.7125	76.4513	0.7017	1.7e-04	0.5382
3998	-108.9865	-108.9865	-76.8926	0.7055	77.2122	0.7087	1.7e-04	0.5388
3999	-108.9950	-108.9950	-77.4584	0.7107	76.6457	0.7035	1.7e-04	0.5388
4000	-108.9836	-108.9836	-78.0161	0.7159	76.0609	0.6982	1.7e-04	0.5389
4001	-108.9903	-108.9903	-77.6136	0.7121	76.4835	0.7020	1.7e-04	0.5371
4002	-108.9887	-108.9887	-77.2826	0.7091	76.7855	0.7048	1.7e-04	0.5386
4003	-108.9859	-108.9859	-77.8927	0.7147	76.1963	0.6994	1.7e-04	0.5397
4004	-108.9824	-108.9824	-78.0131	0.7158	76.0599	0.6983	1.7e-04	0.5387
4005	-108.9845	-108.9845	-77.2826	0.7091	76.8179	0.7051	1.7e-04	0.5390
4006	-108.9635	-108.9635	-77.7399	0.7134	76.3203	0.7007	1.7e-04	0.5400
4007	-108.9730	-108.9730	-77.2056	0.7085	76.8737	0.7057	1.7e-04	0.5390
4008	-109.0007	-109.0007	-77.2611	0.7088	76.8477	0.7054	1.7e-04	0.5389
4009	-108.9991	-108.9991	-76.9370	0.7058	77.1791	0.7084	1.7e-04	0.5405
4010	-108.9911	-108.9911	-77.8067	0.7139	76.2903	0.7003	1.7e-04	0.5392
4011	-108.9982	-108.9982	-77.7652	0.7135	76.3489	0.7007	1.7e-04	0.5380
4012	-108.9963	-108.9963	-78.1006	0.7165	75.9886	0.6975	1.7e-04	0.5387
4013	-108.9727	-108.9727	-77.9976	0.7158	76.0608	0.6983	1.7e-04	0.5387
4014	-108.9804	-108.9804	-77.7481	0.7134	76.3341	0.7007	1.7e-04	0.5387
4015	-108.9858	-108.9858	-77.0355	0.7068	77.0495	0.7072	1.7e-04	0.5391
4016	-108.9966	-108.9966	-77.8118	0.7139	76.2935	0.7003	1.7e-04	0.5398
4017	-108.9880	-108.9880	-77.8639	0.7144	76.2134	0.6996	1.7e-04	0.5404
4018	-108.9868	-108.9868	-77.8575	0.7144	76.2309	0.6998	1.7e-04	0.5404
4019	-108.9848	-108.9848	-77.5273	0.7114	76.5709	0.7028	1.7e-04	0.5371
4020	-108.9837	-108.9837	-77.6551	0.7125	76.4337	0.7016	1.7e-04	0.5385
4021	-108.9910	-108.9910	-78.3852	0.7192	75.6767	0.6946	1.7e-04	0.5379
4022	-108.9930	-108.9930	-77.5728	0.7117	76.5364	0.7025	1.7e-04	0.5380
4023	-108.9932	-108.9932	-77.1244	0.7076	76.9901	0.7066	1.7e-04	0.5379
4024	-108.9825	-108.9825	-77.8760	0.7146	76.1954	0.6995	1.7e-04	0.5389
4025	-108.9979	-108.9979	-77.8018	0.7138	76.3060	0.7003	1.7e-04	0.5389
4026	-108.9967	-108.9967	-77.4941	0.7110	76.5842	0.7030	1.7e-04	0.5390
4027	-108.9939	-108.9939	-76.9449	0.7060	77.1560	0.7082	1.7e-04	0.5398
4028	-108.9866	-108.9866	-78.1982	0.7175	75.8822	0.6966	1.7e-04	0.5394
4029	-108.9707	-108.9707	-77.7828	0.7138	76.2728	0.7002	1.7e-04	0.5386
4030	-108.9979	-108.9979	-77.0889	0.7073	77.0167	0.7070	1.7e-04	0.5382
4031	-108.9874	-108.9874	-78.5230	0.7205	75.5247	0.6933	1.7e-04	0.5382
4032	-108.9956	-108.9956	-77.7523	0.7134	76.3503	0.7008	1.7e-04	0.5387
4033	-108.9750	-108.9750	-76.8145	0.7049	77.2732	0.7093	1.7e-04	0.5388
4034	-108.9997	-108.9997	-77.9666	0.7153	76.1409	0.6988	1.7e-04	0.5392
4035	-108.9989	-108.9989	-77.1876	0.7082	76.9212	0.7060	1.7e-04	0.5397
4036	-108.9830	-108.9830	-76.4723	0.7017	77.6284	0.7125	1.7e-04	0.5412
4037	-108.9930	-108.9930	-77.7478	0.7133	76.3537	0.7008	1.7e-04	0.5405
4038	-108.9640	-108.9640	-77.9232	0.7151	76.1440	0.6990	1.7e-04	0.5389
4039	-108.9886	-108.9886	-78.0711	0.7163	76.0039	0.6976	1.7e-04	0.5382
4040	-108.9959	-108.9959	-77.3133	0.7093	76.7840	0.7048	1.7e-04	0.5389
4041	-108.9820	-108.9820	-77.4535	0.7107	76.6436	0.7035	1.7e-04	0.5389
4042	-108.9806	-108.9806	-77.3943	0.7102	76.6928	0.7040	1.7e-04	0.5387
4043	-109.0053	-109.0053	-77.0622	0.7070	77.0669	0.7073	1.7e-04	0.5385
4044	-108.9803	-108.9803	-78.0458	0.7161	76.0310	0.6979	1.7e-04	0.5399
4045	-108.9793	-108.9793	-77.1787	0.7082	76.9073	0.7060	1.7e-04	0.5393
4046	-108.9833	-108.9833	-77.4302	0.7105	76.6702	0.7037	1.7e-04	0.5394
4047	-108.9718	-108.9718	-77.6311	0.7124	76.4220	0.7015	1.7e-04	0.5385
4048	-108.9885	-108.9885	-77.7857	0.7137	76.2908	0.7002	1.7e-04	0.5393
4049	-108.9943	-108.9943	-78.3205	0.7186	75.7574	0.6955	1.7e-04	0.5399
4050	-108.9798	-108.9798	-76.0464	0.6978	78.0076	0.7161	1.7e-04	0.5403
4051	-108.9960	-108.9960	-77.9804	0.7154	76.1133	0.6986	1.7e-04	0.5401
4052	-108.9915	-108.9915	-77.2242	0.7085	76.8787	0.7056	1.7e-04	0.5380
4053	-108.9865	-108.9865	-78.2876	0.7183	75.7952	0.6957	1.7e-04	0.5377
4054	-108.9761	-108.9761	-77.8419	0.7143	76.2281	0.6998	1.7e-04	0.5393
4055	-108.9959	-108.9959	-77.8901	0.7146	76.1817	0.6993	1.7e-04	0.5381
4056	-108.9836	-108.9836	-77.2003	0.7084	76.8863	0.7058	1.7e-04	0.5389
4057	-109.0014	-109.0014	-77.9669	0.7153	76.1411	0.6988	1.7e-04	0.5397
4058	-108.9847	-108.9847	-78.6330	0.7215	75.4316	0.6924	1.7e-04	0.5405
4059	-109.0050	-109.0050	-77.6859	0.7127	76.4317	0.7015	1.7e-04	0.5394
4060	-108.9892	-108.9892	-78.0332	0.7160	76.0536	0.6981	1.7e-04	0.5396
4061	-108.9890	-108.9890	-77.6173	0.7122	76.4470	0.7018	1.7e-04	0.5403
4062	-108.9869	-108.9869	-77.6215	0.7122	76.4536	0.7018	1.7e-04	0.5405
4063	-108.9927	-108.9927	-77.1108	0.7075	76.9906	0.7067	1.7e-04	0.5396
4064	-108.9971	-108.9971	-78.0278	0.7159	76.0633	0.6982	1.7e-04	0.5413
4065	-109.0096	-109.0096	-78.3295	0.7186	75.7713	0.6955	1.7e-04	0.5402
4066	-108.9936	-108.9936	-77.4644	0.7107	76.6234	0.7034	1.7e-04	0.5405
4067	-108.9865	-108.9865	-77.7101	0.7130	76.3702	0.7011	1.7e-04	0.5387
4068	-108.9887	-108.9887	-77.4830	0.7109	76.5944	0.7031	1.7e-04	0.5378
4069	-108.9712	-108.9712	-77.3563	0.7099	76.7118	0.7042	1.7e-04	0.5376
4070	-108.9883	-108.9883	-76.7137	0.7039	77.3782	0.7103	1.7e-04	0.5377
4071	-108.9841	-108.9841	-76.5693	0.7026	77.5187	0.7116	1.7e-04	0.5370
4072	-108.9896	-108.9896	-77.3595	0.7098	76.7382	0.7044	1.7e-04	0.5386
4073	-108.9921	-108.9921	-77.5186	0.7112	76.5736	0.7029	1.7e-04	0.5380
4074	-108.9842	-108.9842	-77.7127	0.7131	76.3800	0.7011	1.7e-04	0.5391
4075	-108.9793	-108.9793	-77.3155	0.7095	76.7711	0.7048	1.7e-04	0.5380
4076	-108.9698	-108.9698	-77.2715	0.7091	76.8014	0.7051	1.7e-04	0.5387
4077	-108.9751	-108.9751	-77.2500	0.7089	76.8408	0.7053	1.7e-04	0.5382
4078	-108.9943	-108.9943	-76.9436	0.7059	77.1254	0.7080	1.7e-04	0.5397
4079	-108.9920	-108.9920	-78.2448	0.7179	75.8231	0.6960	1.7e-04	0.5404
4080	-108.9877	-108.9877	-77.4282	0.7104	76.6535	0.7037	1.7e-04	0.5403
4081	-108.9961	-108.9961	-77.2845	0.7091	76.8262	0.7051	1.7e-04	0.5404
4082	-108.9853	-108.9853	-77.6728	0.7127	76.4140	0.7015	1.7e-04	0.5401
4083	-108.9839	-108.9839	-77.1800	0.7082	76.9089	0.7060	1.7e-04	0.5399
4084	-108.9922	-108.9922	-77.1279	0.7076	76.9793	0.7066	1.7e-04	0.5395
4085	-108.9813	-108.9813	-77.2842	0.7092	76.7939	0.7050	1.7e-04	0.5405
4086	-108.9849	-108.9849	-78.1799	0.7173	75.8830	0.6966	1.7e-04	0.5399
4087	-108.9790	-108.9790	-77.4030	0.7103	76.6572	0.7037	1.7e-04	0.5383
4088	-108.9976	-108.9976	-76.8097	0.7047	77.3048	0.7095	1.7e-04	0.5375
4089	-108.9851	-108.9851	-76.1867	0.6991	77.9046	0.7151	1.7e-04	0.5388
4090	-108.9962	-108.9962	-76.4920	0.7018	77.6021	0.7124	1.6e-04	0.5378
4091	-108.9807	-108.9807	-77.6398	0.7124	76.4403	0.7017	1.6e-04	0.5378
4092	-108.9786	-108.9786	-76.4689	0.7017	77.6177	0.7125	1.6e-04	0.5385
4093	-108.9706	-108.9706	-76.7560	0.7044	77.3004	0.7096	1.6e-04	0.5384
4094	-108.9896	-108.9896	-77.0876	0.7073	77.0213	0.7069	1.6e-04	0.5386
4095	-109.0039	-109.0039	-77.3283	0.7094	76.7826	0.7048	1.6e-04	0.5385
4096	-108.9828	-108.9828	-76.7104	0.7039	77.3818	0.7103	1.6e-04	0.5386
4097	-108.9924	-108.9924	-76.9811	0.7063	77.1209	0.7079	1.6e-04	0.5396
4098	-109.0081	-109.0081	-77.0221	0.7066	77.0809	0.7075	1.6e-04	0.5397
4099	-108.9787	-108.9787	-77.0985	0.7075	76.9868	0.7067	1.6e-04	0.5395
4100	-109.0007	-109.0007	-76.8514	0.7051	77.2459	0.7089	1.6e-04	0.5384
4101	-108.9737	-108.9737	-76.7550	0.7043	77.3319	0.7099	1.6e-04	0.5361
4102	-108.9919	-108.9919	-76.8105	0.7047	77.2913	0.7094	1.6e-04	0.5380
4103	-108.9797	-108.9797	-76.0230	0.6976	78.0557	0.7165	1.6e-04	0.5362
4104	-108.9768	-108.9768	-78.1632	0.7172	75.8785	0.6966	1.6e-04	0.5385
4105	-108.9925	-108.9925	-76.3906	0.7009	77.7131	0.7132	1.6e-04	0.5381
4106	-108.9837	-108.9837	-78.1828	0.7174	75.9001	0.6967	1.6e-04	0.5377
4107	-108.9878	-108.9878	-77.6659	0.7126	76.4256	0.7015	1.6e-04	0.5374
4108	-108.9829	-108.9829	-77.5853	0.7119	76.4998	0.7023	1.6e-04	0.5380
4109	-108.9789	-108.9789	-77.1180	0.7076	76.9469	0.7063	1.6e-04	0.5390
4110	-108.9936	-108.9936	-77.8734	0.7145	76.2166	0.6997	1.6e-04	0.5382
4111	-108.9917	-108.9917	-77.7997	0.7138	76.2793	0.7002	1.6e-04	0.5384
4112	-108.9936	-108.9936	-77.1568	0.7079	76.9004	0.7058	1.6e-04	0.5376
4113	-108.9869	-108.9869	-77.1387	0.7078	76.9516	0.7064	1.6e-04	0.5375
4114	-108.9918	-108.9918	-77.1434	0.7078	76.9228	0.7062	1.6e-04	0.5365
4115	-109.0010	-109.0010	-77.3450	0.7096	76.7588	0.7046	1.6e-04	0.5384
4116	-108.9859	-108.9859	-77.5813	0.7118	76.5118	0.7023	1.6e-04	0.5375
4117	-108.9970	-108.9970	-76.2623	0.6997	77.8217	0.7143	1.6e-04	0.5373
4118	-108.9788	-108.9788	-76.4560	0.7016	77.6111	0.7124	1.6e-04	0.5367
4119	-108.9939	-108.9939	-77.0651	0.7071	77.0380	0.7072	1.6e-04	0.5361
4120	-108.9927	-108.9927	-77.0323	0.7068	77.0682	0.7074	1.6e-04	0.5363
4121	-108.9936	-108.9936	-77.5500	0.7115	76.5447	0.7026	1.6e-04	0.5385
4122	-108.9975	-108.9975	-77.5207	0.7112	76.5862	0.7030	1.6e-04	0.5384
4123	-109.0039	-109.0039	-76.5024	0.7018	77.6110	0.7123	1.6e-04	0.5367
4124	-108.9996	-108.9996	-76.4563	0.7014	77.6501	0.7127	1.6e-04	0.5368
4125	-108.9841	-108.9841	-76.8620	0.7053	77.2193	0.7089	1.6e-04	0.5379
4126	-108.9890	-108.9890	-76.9674	0.7062	77.1417	0.7080	1.6e-04	0.5379
4127	-108.9967	-108.9967	-76.9612	0.7061	77.1287	0.7079	1.6e-04	0.5369
4128	-108.9840	-108.9840	-76.8914	0.7055	77.1954	0.7087	1.6e-04	0.5374
4129	-108.9833	-108.9833	-77.2157	0.7085	76.8665	0.7056	1.6e-04	0.5359
4130	-108.9934	-108.9935	-75.5164	0.6929	78.5306	0.7208	1.6e-04	0.5372
4131	-108.9865	-108.9865	-76.3027	0.7001	77.7769	0.7139	1.6e-04	0.5384
4132	-108.9965	-108.9965	-76.6125	0.7029	77.4969	0.7113	1.6e-04	0.5391
4133	-108.9783	-108.9783	-75.9756	0.6972	78.0987	0.7169	1.6e-04	0.5391
4134	-108.9736	-108.9736	-76.9630	0.7063	77.1125	0.7079	1.6e-04	0.5387
4135	-108.9940	-108.9940	-77.2726	0.7090	76.8293	0.7052	1.6e-04	0.5381
4136	-108.9896	-108.9896	-76.2692	0.6998	77.8123	0.7143	1.6e-04	0.5373
4137	-108.9982	-108.9982	-76.5907	0.7027	77.5218	0.7115	1.6e-04	0.5369
4138	-108.9998	-108.9998	-76.4102	0.7010	77.6895	0.7130	1.6e-04	0.5361
4139	-108.9809	-108.9809	-76.9351	0.7060	77.1441	0.7081	1.6e-04	0.5387
4140	-108.9848	-108.9848	-77.3065	0.7093	76.7863	0.7049	1.6e-04	0.5379
4141	-108.9758	-108.9758	-75.9688	0.6971	78.0755	0.7168	1.6e-04	0.5387
4142	-108.9860	-108.9860	-76.9640	0.7062	77.1251	0.7079	1.6e-04	0.5396
4143	-108.9846	-108.9846	-76.0091	0.6974	78.0545	0.7165	1.6e-04	0.5387
4144	-108.9796	-108.9796	-76.9638	0.7062	77.0777	0.7076	1.6e-04	0.5388
4145	-108.9851	-108.9851	-76.4496	0.7015	77.6460	0.7127	1.6e-04	0.5387
4146	-108.9926	-108.9926	-76.1132	0.6983	77.9799	0.7158	1.6e-04	0.5378
4147	-108.9931	-108.9931	-76.9091	0.7056	77.1966	0.7086	1.6e-04	0.5382
4148	-108.9971	-108.9971	-75.7841	0.6953	78.2832	0.7185	1.6e-04	0.5376
4149	-108.9955	-108.9955	-77.3028	0.7092	76.7937	0.7050	1.6e-04	0.5379
4150	-108.9787	-108.9787	-76.3353	0.7005	77.7277	0.7135	1.6e-04	0.5391
4151	-108.9953	-108.9953	-76.2770	0.6998	77.8116	0.7143	1.6e-04	0.5381
4152	-108.9901	-108.9901	-76.1612	0.6988	77.9409	0.7153	1.6e-04	0.5377
4153	-108.9801	-108.9801	-76.7651	0.7044	77.3235	0.7098	1.6e-04	0.5380
4154	-108.9978	-108.9978	-76.8797	0.7053	77.2296	0.7089	1.6e-04	0.5390
4155	-108.9937	-108.9937	-77.6322	0.7123	76.4483	0.7017	1.6e-04	0.5388
4156	-108.9817	-108.9817	-77.0034	0.7066	77.0765	0.7075	1.6e-04	0.5393
4157	-108.9970	-108.9970	-76.0409	0.6976	78.0413	0.7164	1.6e-04	0.5382
4158	-108.9826	-108.9826	-76.7373	0.7041	77.3521	0.7100	1.6e-04	0.5381
4159	-108.9937	-108.9937	-76.6687	0.7034	77.4368	0.7108	1.6e-04	0.5383
4160	-108.9847	-108.9847	-77.6054	0.7121	76.4845	0.7021	1.6e-04	0.5385
4161	-108.9858	-108.9858	-76.8620	0.7052	77.2189	0.7089	1.6e-04	0.5379
4162	-108.9832	-108.9832	-76.7601	0.7043	77.3353	0.7099	1.6e-04	0.5376
4163	-108.9847	-108.9847	-76.8337	0.7050	77.2251	0.7090	1.6e-04	0.5371
4164	-108.9695	-108.9695	-77.4345	0.7106	76.6279	0.7035	1.6e-04	0.5384
4165	-108.9828	-108.9828	-76.2468	0.6996	77.8390	0.7145	1.6e-04	0.5386
4166	-108.9722	-108.9722	-77.1816	0.7083	76.8984	0.7059	1.6e-04	0.5382
4167	-108.9905	-108.9905	-76.4746	0.7017	77.6215	0.7125	1.6e-04	0.5386
4168	-108.9903	-108.9903	-77.7118	0.7130	76.3925	0.7011	1.6e-04	0.5395
4169	-108.9796	-108.9796	-77.8527	0.7144	76.2258	0.6997	1.6e-04	0.5388
4170	-108.9941	-108.9941	-76.6164	0.7029	77.4793	0.7112	1.6e-04	0.5397
4171	-108.9918	-108.9918	-77.3614	0.7098	76.7211	0.7043	1.6e-04	0.5381
4172	-108.9835	-108.9835	-76.2397	0.6996	77.8362	0.7145	1.6e-04	0.5395
4173	-108.9800	-108.9800	-76.7343	0.7041	77.3562	0.7101	1.6e-04	0.5388
4174	-108.9853	-108.9853	-76.7115	0.7039	77.3792	0.7103	1.6e-04	0.5402
4175	-108.9796	-108.9796	-76.5899	0.7028	77.4914	0.7114	1.6e-04	0.5387
4176	-108.9953	-108.9953	-76.8475	0.7051	77.2630	0.7092	1.6e-04	0.5379
4177	-108.9684	-108.9684	-77.2894	0.7093	76.7877	0.7049	1.6e-04	0.5381
4178	-108.9823	-108.9823	-76.4288	0.7013	77.6462	0.7127	1.6e-04	0.5378
4179	-108.9858	-108.9858	-76.3786	0.7008	77.7085	0.7133	1.6e-04	0.5374
4180	-108.9877	-108.9877	-76.4269	0.7012	77.6465	0.7126	1.6e-04	0.5395
4181	-108.9835	-108.9835	-76.9660	0.7062	77.1041	0.7078	1.6e-04	0.5387
4182	-108.9750	-108.9750	-76.8911	0.7056	77.1937	0.7086	1.6e-04	0.5384
4183	-108.9837	-108.9837	-76.2562	0.6997	77.8179	0.7143	1.6e-04	0.5393
4184	-108.9897	-108.9897	-76.6850	0.7036	77.4001	0.7104	1.6e-04	0.5386
4185	-109.0034	-109.0034	-76.2203	0.6992	77.8851	0.7149	1.6e-04	0.5388
4186	-109.0034	-109.0034	-75.5606	0.6932	78.5229	0.7207	1.6e-04	0.5381
4187	-108.9710	-108.9710	-77.5116	0.7113	76.5655	0.7029	1.6e-04	0.5378
4188	-108.9913	-108.9913	-76.3528	0.7005	77.7419	0.7136	1.6e-04	0.5386
4189	-108.9775	-108.9775	-76.8772	0.7054	77.2011	0.7087	1.6e-04	0.5384
4190	-108.9912	-108.9912	-75.9432	0.6968	78.1331	0.7172	1.6e-04	0.5385
4191	-108.9858	-108.9858	-76.8031	0.7047	77.2834	0.7095	1.6e-04	0.5386
4192	-108.9913	-108.9913	-76.8198	0.7048	77.2780	0.7094	1.6e-04	0.5389
4193	-108.9965	-108.9965	-76.5903	0.7027	77.5130	0.7115	1.6e-04	0.5394
4194	-108.9904	-108.9904	-78.2929	0.7183	75.7841	0.6957	1.6e-04	0.5388
4195	-108.9800	-108.9800	-76.6856	0.7037	77.3779	0.7103	1.6e-04	0.5371
4196	-108.9924	-108.9924	-77.3740	0.7099	76.7131	0.7042	1.6e-04	0.5383
4197	-108.9874	-108.9874	-76.7213	0.7039	77.3402	0.7100	1.6e-04	0.5385
4198	-108.9931	-108.9931	-77.2206	0.7085	76.8782	0.7057	1.6e-04	0.5387
4199	-108.9925	-108.9925	-76.7178	0.7039	77.3659	0.7102	1.6e-04	0.5393
4200	-108.9911	-108.9911	-76.5974	0.7028	77.5036	0.7114	1.6e-04	0.5388
4201	-108.9819	-108.9819	-76.1935	0.6991	77.8530	0.7147	1.6e-04	0.5370
4202	-108.9966	-108.9966	-77.9342	0.7150	76.1733	0.6991	1.6e-04	0.5396
4203	-108.9988	-108.9988	-76.9028	0.7055	77.1838	0.7085	1.6e-04	0.5371
4204	-108.9793	-108.9793	-76.7144	0.7039	77.3668	0.7103	1.6e-04	0.5397
4205	-108.9907	-108.9907	-76.9224	0.7058	77.1658	0.7084	1.6e-04	0.5407
4206	-108.9930	-108.9930	-76.9970	0.7064	77.0964	0.7078	1.6e-04	0.5391
4207	-108.9847	-108.9847	-77.0179	0.7067	77.0748	0.7075	1.6e-04	0.5381
4208	-108.9841	-108.9841	-76.4565	0.7015	77.6286	0.7126	1.6e-04	0.5378
4209	-108.9797	-108.9797	-75.7542	0.6951	78.2892	0.7187	1.6e-04	0.5375
4210	-108.9848	-108.9848	-76.5368	0.7023	77.5517	0.7119	1.6e-04	0.5375
4211	-108.9914	-108.9915	-75.4913	0.6926	78.5760	0.7213	1.6e-04	0.5367
4212	-109.0050	-109.0050	-76.0334	0.6975	78.0347	0.7162	1.6e-04	0.5382
4213	-108.9905	-108.9905	-76.2032	0.6992	77.8869	0.7149	1.6e-04	0.5378
4214	-108.9911	-108.9911	-76.0146	0.6974	78.0749	0.7166	1.6e-04	0.5372
4215	-108.9827	-108.9827	-75.9316	0.6967	78.1486	0.7173	1.6e-04	0.5381
4216	-109.0010	-109.0010	-76.4142	0.7010	77.6878	0.7131	1.6e-04	0.5388
4217	-108.9840	-108.9840	-77.2487	0.7088	76.8427	0.7054	1.6e-04	0.5394
4218	-108.9969	-108.9969	-76.1937	0.6990	77.9015	0.7150	1.6e-04	0.5387
4219	-108.9832	-108.9832	-76.0082	0.6974	78.0678	0.7166	1.6e-04	0.5383
4220	-108.9818	-108.9818	-76.6675	0.7035	77.4234	0.7107	1.6e-04	0.5392
4221	-108.9892	-108.9892	-76.4713	0.7016	77.6068	0.7124	1.6e-04	0.5394
4222	-108.9830	-108.9830	-75.7192	0.6948	78.3369	0.7192	1.6e-04	0.5395
4223	-108.9678	-108.9678	-76.4800	0.7019	77.5862	0.7123	1.6e-04	0.5393
4224	-108.9755	-108.9755	-76.2962	0.7001	77.7745	0.7140	1.6e-04	0.5400
4225	-108.9984	-108.9984	-76.4421	0.7013	77.6529	0.7128	1.6e-04	0.5394
4226	-108.9888	-108.9888	-76.6636	0.7034	77.4322	0.7108	1.6e-04	0.5383
4227	-108.9918	-108.9918	-76.8405	0.7050	77.2687	0.7092	1.6e-04	0.5382
4228	-108.9848	-108.9848	-76.8591	0.7052	77.1905	0.7087	1.6e-04	0.5392
4229	-108.9832	-108.9832	-76.3072	0.7002	77.7639	0.7139	1.6e-04	0.5391
4230	-109.0006	-109.0006	-75.7911	0.6953	78.3106	0.7187	1.6e-04	0.5383
4231	-108.9835	-108.9835	-76.7018	0.7038	77.3937	0.7104	1.6e-04	0.5382
4232	-109.0024	-109.0024	-75.7660	0.6951	78.3209	0.7189	1.6e-04	0.5372
4233	-108.9900	-108.9900	-76.6737	0.7035	77.4328	0.7107	1.6e-04	0.5380
4234	-108.9700	-108.9700	-76.6054	0.7030	77.4628	0.7111	1.6e-04	0.5373
4235	-109.0049	-109.0049	-75.6092	0.6936	78.4801	0.7203	1.6e-04	0.5365
4236	-108.9891	-108.9891	-75.8232	0.6957	78.2457	0.7183	1.6e-04	0.5379
4237	-108.9974	-108.9974	-76.3654	0.7006	77.6731	0.7130	1.6e-04	0.5379
4238	-108.9870	-108.9870	-77.0184	0.7067	77.0837	0.7075	1.6e-04	0.5380
4239	-108.9928	-108.9928	-76.6802	0.7035	77.3940	0.7104	1.6e-04	0.5374
4240	-108.9781	-108.9781	-76.8066	0.7048	77.2691	0.7093	1.6e-04	0.5368
4241	-108.9819	-108.9819	-77.0778	0.7073	77.0062	0.7069	1.6e-04	0.5381
4242	-108.9909	-108.9909	-76.9646	0.7062	77.1369	0.7080	1.6e-04	0.5379
4243	-108.9763	-108.9763	-76.4968	0.7020	77.5788	0.7121	1.6e-04	0.5392
4244	-108.9823	-108.9823	-75.8564	0.6960	78.2127	0.7179	1.6e-04	0.5390
4245	-108.9958	-108.9958	-77.5241	0.7113	76.5722	0.7028	1.6e-04	0.5386
4246	-109.0072	-109.0072	-77.4386	0.7104	76.6756	0.7038	1.6e-04	0.5387
4247	-108.9781	-108.9781	-76.1546	0.6988	77.9097	0.7152	1.6e-04	0.5377
4248	-108.9862	-108.9862	-76.9500	0.7061	77.1400	0.7081	1.6e-04	0.5372
4249	-108.9772	-108.9772	-76.3937	0.7010	77.6935	0.7131	1.6e-04	0.5381
4250	-108.9924	-108.9924	-76.5898	0.7027	77.5084	0.7114	1.6e-04	0.5381
4251	-108.9957	-108.9957	-76.0203	0.6975	78.0373	0.7162	1.6e-04	0.5390
4252	-108.9790	-108.9790	-76.1528	0.6988	77.9022	0.7151	1.6e-04	0.5396
4253	-108.9810	-108.9810	-76.0426	0.6978	78.0319	0.7163	1.6e-04	0.5397
4254	-108.9996	-108.9996	-76.5742	0.7025	77.5256	0.7117	1.6e-04	0.5398
4255	-108.9672	-108.9672	-76.8122	0.7049	77.2523	0.7092	1.6e-04	0.5399
4256	-109.0008	-109.0008	-75.6929	0.6944	78.3966	0.7196	1.6e-04	0.5396
4257	-108.9940	-108.9940	-77.0201	0.7066	77.0872	0.7075	1.6e-04	0.5386
4258	-108.9876	-108.9876	-77.6083	0.7121	76.4808	0.7021	1.6e-04	0.5383
4259	-108.9892	-108.9892	-77.1511	0.7079	76.9334	0.7062	1.6e-04	0.5386
4260	-109.0005	-109.0005	-77.2729	0.7089	76.8404	0.7053	1.6e-04	0.5386
4261	-108.9940	-108.9940	-77.3336	0.7095	76.7638	0.7046	1.6e-04	0.5385
4262	-108.9869	-108.9869	-77.3848	0.7100	76.7073	0.7042	1.6e-04	0.5394
4263	-108.9813	-108.9813	-77.2816	0.7091	76.8098	0.7051	1.6e-04	0.5371
4264	-108.9910	-108.9910	-76.6295	0.7031	77.4656	0.7111	1.6e-04	0.5391
4265	-108.9725	-108.9725	-77.0829	0.7074	76.9148	0.7062	1.6e-04	0.5374
4266	-108.9948	-108.9948	-77.1626	0.7079	76.9173	0.7061	1.6e-04	0.5384
4267	-108.9847	-108.9847	-77.4290	0.7105	76.6667	0.7037	1.6e-04	0.5378
4268	-108.9892	-108.9892	-77.0915	0.7073	77.0039	0.7069	1.6e-04	0.5387
4269	-108.9978	-108.9978	-77.2994	0.7092	76.8064	0.7049	1.6e-04	0.5370
4270	-108.9897	-108.9897	-77.0726	0.7072	77.0289	0.7071	1.6e-04	0.5375
4271	-108.9877	-108.9877	-76.6798	0.7036	77.4190	0.7106	1.6e-04	0.5390
4272	-108.9785	-108.9785	-76.2780	0.6999	77.7987	0.7142	1.6e-04	0.5378
4273	-108.9986	-108.9986	-76.5667	0.7025	77.5255	0.7116	1.6e-04	0.5377
4274	-108.9879	-108.9879	-77.2244	0.7086	76.8715	0.7056	1.6e-04	0.5375
4275	-109.0057	-109.0057	-77.2631	0.7088	76.8496	0.7053	1.6e-04	0.5383
4276	-108.9866	-108.9866	-77.1525	0.7079	76.9389	0.7062	1.6e-04	0.5386
4277	-108.9894	-108.9894	-76.9019	0.7056	77.1898	0.7086	1.6e-04	0.5387
4278	-109.0019	-109.0019	-77.6701	0.7126	76.4162	0.7014	1.6e-04	0.5374
4279	-108.9774	-108.9774	-76.7773	0.7045	77.3115	0.7097	1.6e-04	0.5382
4280	-108.9862	-108.9862	-77.7026	0.7130	76.3801	0.7012	1.6e-04	0.5385
4281	-108.9958	-108.9958	-76.3816	0.7008	77.7114	0.7134	1.6e-04	0.5378
4282	-108.9972	-108.9972	-75.4801	0.6925	78.5964	0.7214	1.6e-04	0.5390
4283	-108.9814	-108.9814	-76.3555	0.7006	77.7360	0.7135	1.6e-04	0.5392
4284	-108.9958	-108.9958	-76.9615	0.7061	77.1354	0.7080	1.6e-04	0.5383
4285	-108.9842	-108.9842	-76.6123	0.7030	77.4744	0.7112	1.6e-04	0.5393
4286	-108.9913	-108.9913	-75.6206	0.6938	78.4445	0.7201	1.6e-04	0.5400
4287	-108.9948	-108.9948	-76.2725	0.6998	77.8350	0.7144	1.6e-04	0.5396
4288	-108.9849	-108.9849	-77.3622	0.7098	76.7317	0.7044	1.6e-04	0.5399
4289	-108.9798	-108.9798	-77.0444	0.7070	77.0437	0.7072	1.6e-04	0.5392
4290	-108.9713	-108.9713	-75.7153	0.6948	78.3398	0.7192	1.6e-04	0.5400
4291	-108.9756	-108.9756	-77.7204	0.7132	76.3586	0.7010	1.6e-04	0.5392
4292	-108.9894	-108.9894	-76.2054	0.6992	77.8776	0.7149	1.6e-04	0.5391
4293	-108.9875	-108.9875	-76.9838	0.7064	77.1174	0.7079	1.6e-04	0.5379
4294	-108.9880	-108.9881	-75.4704	0.6925	78.5979	0.7214	1.6e-04	0.5380
4295	-108.9706	-108.9706	-76.0814	0.6982	77.9381	0.7155	1.6e-04	0.5375
4296	-108.9747	-108.9747	-76.5830	0.7028	77.4975	0.7114	1.6e-04	0.5375
4297	-109.0010	-109.0010	-76.1543	0.6987	77.9450	0.7155	1.6e-04	0.5382
4298	-108.9808	-108.9809	-75.4566	0.6924	78.6024	0.7215	1.6e-04	0.5388
4299	-108.9744	-108.9744	-76.0985	0.6983	77.9603	0.7157	1.6e-04	0.5371
4300	-108.9980	-108.9980	-76.5256	0.7021	77.5830	0.7121	1.6e-04	0.5389
4301	-108.9725	-108.9725	-75.9407	0.6969	78.0994	0.7170	1.6e-04	0.5371
4302	-108.9866	-108.9866	-75.9303	0.6967	78.1542	0.7174	1.6e-04	0.5400
4303	-108.9764	-108.9764	-75.7357	0.6950	78.3270	0.7190	1.6e-04	0.5394
4304	-108.9860	-108.9860	-75.6956	0.6945	78.3790	0.7194	1.6e-04	0.5390
4305	-108.9945	-108.9945	-76.6281	0.7030	77.4724	0.7111	1.6e-04	0.5386
4306	-108.9838	-108.9838	-76.2982	0.7001	77.7775	0.7140	1.6e-04	0.5385
4307	-108.9876	-108.9876	-75.8476	0.6959	78.2189	0.7181	1.6e-04	0.5388
4308	-108.9938	-108.9938	-76.0341	0.6976	78.0569	0.7165	1.6e-04	0.5395
4309	-108.9799	-108.9799	-76.8763	0.7054	77.2097	0.7088	1.6e-04	0.5387
4310	-108.9751	-108.9751	-76.4560	0.7016	77.6261	0.7125	1.6e-04	0.5385
4311	-108.9934	-108.9934	-75.7379	0.6949	78.3379	0.7191	1.6e-04	0.5386
4312	-108.9817	-108.9817	-75.5988	0.6937	78.4674	0.7203	1.6e-04	0.5383
4313	-108.9951	-108.9951	-75.6474	0.6940	78.4218	0.7198	1.6e-04	0.5374
4314	-108.9705	-108.9705	-75.6484	0.6942	78.3672	0.7194	1.6e-04	0.5376
4315	-108.9882	-108.9882	-76.3017	0.7001	77.7500	0.7136	1.6e-04	0.5377
4316	-109.0031	-109.0032	-75.2560	0.6904	78.8172	0.7234	1.6e-04	0.5382
4317	-109.0000	-109.0000	-75.9992	0.6972	78.0951	0.7168	1.6e-04	0.5379
4318	-108.9929	-108.9929	-76.2854	0.6999	77.8109	0.7142	1.6e-04	0.5385
4319	-109.0084	-109.0084	-76.4290	0.7011	77.6826	0.7130	1.6e-04	0.5389
4320	-108.9833	-108.9833	-76.4091	0.7011	77.6679	0.7128	1.6e-04	0.5386
4321	-108.9881	-108.9881	-77.4488	0.7106	76.6469	0.7035	1.6e-04	0.5388
4322	-108.9689	-108.9689	-77.4252	0.7105	76.6514	0.7036	1.6e-04	0.5390
4323	-108.9796	-108.9796	-77.3514	0.7098	76.7366	0.7044	1.6e-04	0.5369
4324	-108.9758	-108.9758	-76.6997	0.7038	77.3733	0.7102	1.6e-04	0.5381
4325	-108.9812	-108.9812	-76.2349	0.6995	77.8383	0.7145	1.6e-04	0.5397
4326	-109.0018	-109.0018	-77.5452	0.7114	76.5703	0.7027	1.6e-04	0.5397
4327	-108.9927	-108.9927	-78.1969	0.7175	75.8752	0.6965	1.6e-04	0.5386
4328	-108.9803	-108.9803	-78.2257	0.7178	75.8333	0.6962	1.6e-04	0.5381
4329	-108.9845	-108.9845	-76.9603	0.7062	77.1278	0.7080	1.6e-04	0.5382
4330	-108.9860	-108.9860	-77.1632	0.7080	76.9319	0.7062	1.6e-04	0.5383
4331	-108.9749	-108.9749	-76.9733	0.7063	77.1063	0.7078	1.6e-04	0.5377
4332	-109.0043	-109.0043	-77.9083	0.7147	76.1875	0.6993	1.6e-04	0.5386
4333	-108.9807	-108.9807	-77.0915	0.7074	76.9817	0.7067	1.6e-04	0.5393
4334	-108.9813	-108.9813	-77.2083	0.7085	76.8643	0.7056	1.6e-04	0.5391
4335	-108.9931	-108.9931	-78.4608	0.7199	75.6221	0.6941	1.6e-04	0.5396
4336	-108.9942	-108.9942	-77.5795	0.7118	76.5122	0.7023	1.6e-04	0.5392
4337	-108.9953	-108.9953	-77.0354	0.7068	77.0725	0.7074	1.6e-04	0.5381
4338	-108.9850	-108.9850	-77.4978	0.7111	76.5682	0.7029	1.6e-04	0.5374
4339	-108.9887	-108.9887	-78.0560	0.7162	76.0271	0.6979	1.6e-04	0.5380
4340	-108.9992	-108.9992	-77.9398	0.7150	76.1391	0.6989	1.6e-04	0.5390
4341	-108.9852	-108.9852	-77.2450	0.7088	76.8106	0.7051	1.6e-04	0.5392
4342	-108.9907	-108.9907	-77.8433	0.7142	76.2269	0.6997	1.6e-04	0.5401
4343	-108.9824	-108.9824	-77.5004	0.7111	76.5795	0.7030	1.6e-04	0.5397
4344	-108.9738	-108.9738	-76.9183	0.7058	77.1721	0.7083	1.6e-04	0.5398
4345	-108.9806	-108.9806	-77.5828	0.7119	76.5078	0.7023	1.6e-04	0.5378
4346	-108.9809	-108.9809	-77.1347	0.7078	76.9417	0.7063	1.6e-04	0.5395
4347	-108.9676	-108.9676	-77.3889	0.7102	76.6858	0.7040	1.6e-04	0.5376
4348	-108.9959	-108.9959	-77.4444	0.7105	76.6691	0.7037	1.6e-04	0.5389
4349	-108.9734	-108.9734	-78.2557	0.7181	75.8066	0.6959	1.6e-04	0.5388
4350	-109.0038	-109.0038	-77.9533	0.7151	76.1497	0.6990	1.6e-04	0.5386
4351	-108.9952	-108.9952	-77.7512	0.7133	76.3543	0.7008	1.6e-04	0.5384
4352	-108.9887	-108.9887	-77.7576	0.7134	76.3417	0.7007	1.6e-04	0.5382
4353	-108.9929	-108.9929	-78.0916	0.7165	75.9931	0.6976	1.6e-04	0.5376
4354	-108.9896	-108.9896	-78.0434	0.7161	76.0359	0.6980	1.6e-04	0.5382
4355	-108.9894	-108.9894	-77.8438	0.7142	76.2573	0.6999	1.6e-04	0.5380
4356	-108.9859	-108.9859	-78.8093	0.7231	75.2475	0.6907	1.6e-04	0.5387
4357	-109.0041	-109.0041	-78.6128	0.7212	75.4550	0.6925	1.6e-04	0.5389
4358	-108.9924	-108.9924	-78.1842	0.7173	75.8808	0.6966	1.6e-04	0.5386
4359	-108.9799	-108.9799	-79.0454	0.7253	74.9916	0.6884	1.6e-04	0.5392
4360	-108.9694	-108.9694	-78.2321	0.7179	75.8301	0.6961	1.6e-04	0.5402
4361	-108.9795	-108.9795	-78.7736	0.7228	75.2699	0.6910	1.6e-04	0.5405
4362	-108.9715	-108.9715	-78.0614	0.7163	76.0052	0.6977	1.6e-04	0.5394
4363	-108.9892	-108.9892	-78.0011	0.7157	76.0729	0.6983	1.6e-04	0.5376
4364	-108.9968	-108.9968	-79.2598	0.7272	74.7769	0.6863	1.6e-04	0.5383
4365	-108.9875	-108.9875	-78.3882	0.7192	75.6837	0.6947	1.6e-04	0.5376
4366	-108.9948	-108.9948	-78.1867	0.7173	75.8895	0.6967	1.6e-04	0.5383
4367	-108.9902	-108.9902	-78.7000	0.7221	75.3498	0.6916	1.6e-04	0.5381
4368	-108.9751	-108.9751	-78.7526	0.7227	75.2852	0.6911	1.6e-04	0.5386
4369	-108.9815	-108.9815	-79.1474	0.7262	74.8809	0.6874	1.6e-04	0.5382
4370	-108.9775	-108.9775	-78.0901	0.7166	75.9821	0.6975	1.6e-04	0.5384
4371	-108.9789	-108.9789	-77.7908	0.7138	76.2678	0.7001	1.6e-04	0.5383
4372	-109.0010	-109.0010	-77.8828	0.7145	76.2185	0.6996	1.6e-04	0.5389
4373	-108.9782	-108.9782	-78.4677	0.7200	75.5756	0.6937	1.6e-04	0.5395
4374	-108.9827	-108.9827	-78.6612	0.7218	75.3923	0.6921	1.6e-04	0.5385
4375	-109.0020	-109.0020	-77.7447	0.7132	76.3381	0.7007	1.6e-04	0.5379
4376	-108.9859	-108.9859	-77.7790	0.7137	76.3128	0.7005	1.6e-04	0.5376
4377	-108.9818	-108.9818	-78.3770	0.7192	75.6859	0.6947	1.6e-04	0.5382
4378	-108.9736	-108.9736	-78.7452	0.7226	75.2652	0.6909	1.6e-04	0.5387
4379	-108.9940	-108.9940	-77.4941	0.7110	76.6047	0.7032	1.6e-04	0.5384
4380	-108.9953	-108.9953	-78.1836	0.7173	75.9004	0.6967	1.6e-04	0.5380
4381	-108.9972	-108.9972	-78.5504	0.7207	75.5291	0.6933	1.6e-04	0.5382
4382	-108.9765	-108.9765	-79.1032	0.7259	74.9335	0.6878	1.6e-04	0.5401
4383	-108.9893	-108.9893	-77.9786	0.7155	76.1115	0.6986	1.6e-04	0.5401
4384	-108.9964	-108.9964	-76.8982	0.7055	77.2071	0.7087	1.6e-04	0.5383
4385	-108.9880	-108.9880	-78.1611	0.7172	75.9164	0.6969	1.6e-04	0.5389
4386	-108.9841	-108.9841	-77.6165	0.7122	76.4603	0.7019	1.6e-04	0.5385
4387	-108.9901	-108.9901	-77.9795	0.7155	76.1167	0.6986	1.6e-04	0.5382
4388	-108.9694	-108.9694	-77.9061	0.7149	76.1534	0.6992	1.6e-04	0.5380
4389	-108.9814	-108.9814	-77.8949	0.7148	76.1292	0.6989	1.6e-04	0.5385
4390	-108.9765	-108.9765	-78.2480	0.7180	75.8125	0.6960	1.6e-04	0.5386
4391	-108.9852	-108.9852	-77.8066	0.7139	76.2934	0.7002	1.6e-04	0.5381
4392	-108.9867	-108.9867	-77.8539	0.7143	76.2384	0.6998	1.6e-04	0.5381
4393	-108.9724	-108.9724	-77.0977	0.7075	76.9843	0.7067	1.6e-04	0.5375
4394	-108.9829	-108.9829	-77.5329	0.7114	76.5627	0.7028	1.6e-04	0.5380
4395	-108.9872	-108.9872	-78.3269	0.7187	75.7499	0.6953	1.6e-04	0.5379
4396	-109.0045	-109.0045	-76.9332	0.7058	77.1949	0.7084	1.6e-04	0.5379
4397	-108.9768	-108.9768	-77.4275	0.7105	76.6526	0.7037	1.6e-04	0.5374
4398	-108.9963	-108.9963	-77.7903	0.7137	76.3052	0.7004	1.6e-04	0.5379
4399	-108.9750	-108.9750	-77.6250	0.7123	76.4536	0.7019	1.6e-04	0.5385
4400	-108.9841	-108.9841	-78.1996	0.7175	75.8575	0.6964	1.6e-04	0.5386
4401	-108.9862	-108.9862	-77.4170	0.7103	76.6726	0.7039	1.6e-04	0.5375
4402	-108.9835	-108.9835	-78.5471	0.7207	75.5068	0.6932	1.6e-04	0.5401
4403	-108.9978	-108.9978	-77.9370	0.7150	76.1409	0.6989	1.6e-04	0.5390
4404	-109.0055	-109.0055	-77.1353	0.7076	76.9845	0.7066	1.6e-04	0.5386
4405	-108.9842	-108.9842	-77.6941	0.7129	76.3879	0.7012	1.6e-04	0.5402
4406	-108.9809	-108.9809	-77.2300	0.7087	76.8681	0.7055	1.6e-04	0.5396
4407	-108.9782	-108.9782	-77.3561	0.7098	76.6930	0.7040	1.6e-04	0.5388
4408	-108.9959	-108.9959	-78.0766	0.7163	76.0176	0.6978	1.6e-04	0.5381
4409	-108.9810	-108.9810	-77.8564	0.7144	76.2240	0.6997	1.6e-04	0.5380
4410	-108.9835	-108.9835	-77.8621	0.7144	76.1982	0.6995	1.6e-04	0.5376
4411	-108.9899	-108.9899	-77.5211	0.7113	76.5749	0.7029	1.6e-04	0.5383
4412	-108.9909	-108.9909	-77.9406	0.7151	76.1386	0.6989	1.6e-04	0.5383
4413	-108.9850	-108.9850	-77.2111	0.7085	76.8954	0.7058	1.6e-04	0.5391
4414	-108.9782	-108.9782	-76.8004	0.7047	77.2787	0.7095	1.6e-04	0.5374
4415	-108.9847	-108.9847	-77.0216	0.7067	77.0774	0.7075	1.6e-04	0.5385
4416	-108.9783	-108.9783	-77.4727	0.7109	76.6012	0.7032	1.6e-04	0.5388
4417	-108.9948	-108.9948	-76.9721	0.7062	77.1134	0.7079	1.6e-04	0.5386
4418	-108.9862	-108.9862	-76.8358	0.7050	77.2569	0.7092	1.6e-04	0.5383
4419	-108.9889	-108.9889	-77.0035	0.7065	77.0948	0.7077	1.6e-04	0.5369
4420	-108.9988	-108.9988	-77.4522	0.7106	76.6566	0.7036	1.6e-04	0.5378
4421	-108.9925	-108.9925	-76.9794	0.7063	77.1119	0.7079	1.6e-04	0.5387
4422	-108.9938	-108.9938	-76.8122	0.7047	77.2867	0.7095	1.6e-04	0.5377
4423	-108.9936	-108.9936	-77.4430	0.7105	76.6584	0.7037	1.6e-04	0.5382
4424	-108.9876	-108.9876	-77.6340	0.7123	76.4601	0.7019	1.6e-04	0.5383
4425	-108.9751	-108.9751	-77.2747	0.7091	76.7989	0.7050	1.6e-04	0.5377
4426	-108.9895	-108.9895	-77.2962	0.7092	76.7906	0.7049	1.6e-04	0.5375
4427	-108.9757	-108.9757	-77.6925	0.7129	76.3602	0.7009	1.6e-04	0.5373
4428	-108.9845	-108.9845	-77.2538	0.7089	76.8350	0.7053	1.6e-04	0.5381
4429	-108.9795	-108.9795	-76.9765	0.7063	77.1008	0.7077	1.6e-04	0.5381
4430	-108.9694	-108.9694	-77.5547	0.7117	76.5184	0.7024	1.6e-04	0.5388
4431	-109.0077	-109.0077	-77.2408	0.7086	76.8663	0.7056	1.6e-04	0.5383
4432	-108.9841	-108.9841	-76.8013	0.7047	77.2970	0.7095	1.6e-04	0.5376
4433	-108.9997	-108.9997	-77.4595	0.7106	76.6349	0.7034	1.6e-04	0.5429
4434	-108.9835	-108.9835	-77.5579	0.7116	76.5167	0.7024	1.6e-04	0.5394
4435	-108.9864	-108.9864	-77.2872	0.7091	76.8080	0.7050	1.6e-04	0.5372
4436	-108.9949	-108.9949	-76.9406	0.7059	77.1654	0.7083	1.6e-04	0.5389
4437	-108.9781	-108.9781	-75.9903	0.6973	78.0647	0.7166	1.6e-04	0.5385
4438	-108.9839	-108.9839	-76.6892	0.7037	77.3936	0.7104	1.6e-04	0.5388
4439	-108.9863	-108.9863	-76.9234	0.7058	77.1714	0.7084	1.6e-04	0.5384
4440	-108.9987	-108.9987	-76.7922	0.7045	77.3094	0.7097	1.6e-04	0.5384
4441	-108.9814	-108.9814	-76.5567	0.7025	77.5069	0.7115	1.6e-04	0.5391
4442	-108.9899	-108.9899	-77.2191	0.7085	76.8482	0.7055	1.6e-04	0.5402
4443	-108.9975	-108.9975	-77.6539	0.7124	76.4563	0.7017	1.6e-04	0.5384
4444	-108.9957	-108.9957	-76.6512	0.7032	77.4172	0.7106	1.6e-04	0.5403
4445	-109.0033	-109.0033	-76.6318	0.7030	77.4875	0.7111	1.6e-04	0.5388
4446	-108.9876	-108.9876	-76.0857	0.6981	77.9874	0.7159	1.6e-04	0.5379
4447	-108.9919	-108.9919	-77.0617	0.7070	77.0344	0.7072	1.6e-04	0.5376
4448	-108.9877	-108.9877	-77.6289	0.7123	76.4667	0.7019	1.6e-04	0.5374
4449	-108.9851	-108.9851	-77.1409	0.7078	76.9456	0.7063	1.6e-04	0.5379
4450	-108.9814	-108.9814	-76.9508	0.7061	77.1380	0.7081	1.6e-04	0.5369
4451	-108.9942	-108.9942	-76.7781	0.7044	77.3070	0.7096	1.6e-04	0.5376
4452	-108.9905	-108.9905	-77.3600	0.7098	76.7377	0.7044	1.6e-04	0.5389
4453	-108.9988	-108.9988	-76.2304	0.6994	77.8454	0.7146	1.6e-04	0.5395
4454	-108.9974	-108.9974	-77.0265	0.7067	77.0682	0.7075	1.6e-04	0.5393
4455	-108.9785	-108.9785	-76.9521	0.7061	77.1351	0.7081	1.6e-04	0.5403
4456	-108.9841	-108.9841	-76.2441	0.6996	77.8334	0.7144	1.6e-04	0.5392
4457	-108.9818	-108.9818	-77.1852	0.7082	76.9148	0.7060	1.6e-04	0.5389
4458	-108.9806	-108.9806	-77.2803	0.7091	76.8056	0.7050	1.6e-04	0.5383
4459	-108.9765	-108.9765	-76.9245	0.7059	77.1236	0.7080	1.6e-04	0.5386
4460	-108.9951	-108.9951	-76.0763	0.6980	78.0102	0.7161	1.6e-04	0.5392
4461	-108.9773	-108.9773	-76.2881	0.7000	77.7853	0.7140	1.6e-04	0.5390
4462	-108.9855	-108.9855	-77.3776	0.7100	76.6987	0.7040	1.6e-04	0.5386
4463	-108.9814	-108.9814	-76.8789	0.7054	77.2069	0.7088	1.6e-04	0.5382
4464	-109.0086	-109.0086	-77.1634	0.7079	76.9390	0.7062	1.6e-04	0.5383
4465	-108.9844	-108.9844	-76.4067	0.7011	77.6691	0.7131	1.6e-04	0.5398
4466	-108.9803	-108.9803	-77.2928	0.7092	76.7923	0.7050	1.6e-04	0.5398
4467	-108.9880	-108.9880	-76.8194	0.7048	77.2731	0.7093	1.6e-04	0.5385
4468	-108.9967	-108.9967	-76.8534	0.7051	77.2506	0.7091	1.6e-04	0.5402
4469	-108.9764	-108.9764	-77.3767	0.7100	76.7042	0.7041	1.6e-04	0.5394
4470	-108.9972	-108.9972	-76.1334	0.6985	77.9632	0.7156	1.6e-04	0.5384
4471	-109.0034	-109.0034	-76.5713	0.7025	77.5402	0.7117	1.6e-04	0.5389
4472	-108.9843	-108.9843	-76.8060	0.7047	77.2713	0.7093	1.6e-04	0.5396
4473	-109.0036	-109.0036	-76.3751	0.7007	77.7135	0.7133	1.6e-04	0.5379
4474	-108.9938	-108.9938	-76.5688	0.7025	77.5046	0.7115	1.6e-04	0.5383
4475	-108.9996	-108.9996	-76.8686	0.7052	77.2285	0.7089	1.6e-04	0.5377
4476	-108.9931	-108.9931	-76.8137	0.7048	77.2923	0.7094	1.6e-04	0.5371
4477	-108.9755	-108.9755	-75.8841	0.6963	78.1617	0.7176	1.6e-04	0.5383
4478	-108.9875	-108.9875	-76.1328	0.6985	77.9554	0.7156	1.6e-04	0.5385
4479	-108.9717	-108.9717	-76.8147	0.7049	77.2639	0.7093	1.6e-04	0.5394
4480	-108.9995	-108.9995	-76.8227	0.7048	77.2983	0.7094	1.6e-04	0.5394
4481	-108.9888	-108.9888	-76.0823	0.6981	78.0014	0.7160	1.6e-04	0.5385
4482	-108.9811	-108.9811	-75.9269	0.6967	78.1492	0.7174	1.6e-04	0.5379
4483	-108.9957	-108.9957	-77.0165	0.7066	77.0847	0.7075	1.6e-04	0.5386
4484	-109.0067	-109.0067	-76.0305	0.6975	78.0642	0.7166	1.6e-04	0.5379
4485	-108.9830	-108.9830	-75.7860	0.6954	78.2717	0.7185	1.6e-04	0.5376
4486	-109.0029	-109.0029	-75.8806	0.6961	78.2100	0.7179	1.6e-04	0.5387
4487	-108.9851	-108.9851	-76.7385	0.7041	77.3611	0.7101	1.6e-04	0.5383
4488	-108.9780	-108.9780	-76.0702	0.6980	77.9535	0.7156	1.6e-04	0.5385
4489	-108.9916	-108.9916	-76.1631	0.6988	77.9147	0.7152	1.6e-04	0.5405
4490	-108.9940	-108.9940	-75.9394	0.6967	78.1531	0.7173	1.6e-04	0.5405
4491	-108.9816	-108.9816	-75.7501	0.6951	78.2987	0.7188	1.6e-04	0.5404
4492	-108.9765	-108.9765	-76.9825	0.7064	77.0912	0.7077	1.6e-04	0.5409
4493	-108.9980	-108.9980	-76.4277	0.7012	77.6559	0.7129	1.6e-04	0.5390
4494	-108.9857	-108.9857	-76.2157	0.6993	77.8635	0.7148	1.6e-04	0.5394
4495	-108.9903	-108.9903	-76.0256	0.6975	78.0497	0.7164	1.6e-04	0.5392
4496	-108.9972	-108.9972	-76.1758	0.6989	77.9103	0.7152	1.6e-04	0.5400
4497	-108.9804	-108.9805	-75.7217	0.6948	78.3476	0.7192	1.6e-04	0.5402
4498	-108.9887	-108.9887	-76.0315	0.6976	78.0446	0.7164	1.6e-04	0.5392
4499	-108.9903	-108.9903	-75.8841	0.6962	78.1903	0.7178	1.6e-04	0.5385
4500	-108.9866	-108.9866	-76.8556	0.7052	77.2352	0.7090	1.6e-04	0.5380
4501	-108.9822	-108.9822	-76.8480	0.7051	77.2096	0.7088	1.6e-04	0.5369
4502	-108.9838	-108.9838	-76.2192	0.6994	77.8525	0.7146	1.6e-04	0.5389
4503	-108.9780	-108.9780	-76.7281	0.7041	77.3486	0.7101	1.6e-04	0.5380
4504	-108.9908	-108.9908	-76.5638	0.7025	77.5402	0.7117	1.6e-04	0.5385
4505	-108.9905	-108.9905	-78.1630	0.7172	75.9195	0.6969	1.6e-04	0.5399
4506	-108.9955	-108.9955	-77.2975	0.7092	76.8090	0.7050	1.6e-04	0.5389
4507	-108.9718	-108.9718	-77.4485	0.7107	76.6266	0.7035	1.6e-04	0.5377
4508	-108.9868	-108.9868	-76.8323	0.7050	77.2446	0.7091	1.6e-04	0.5388
4509	-108.9716	-108.9716	-76.4701	0.7017	77.6022	0.7124	1.6e-04	0.5393
4510	-108.9823	-108.9823	-76.8514	0.7052	77.2298	0.7090	1.6e-04	0.5374
4511	-108.9760	-108.9760	-76.7858	0.7046	77.2819	0.7096	1.6e-04	0.5389
4512	-108.9920	-108.9920	-77.5865	0.7119	76.5115	0.7023	1.6e-04	0.5378
4513	-108.9864	-108.9864	-77.1104	0.7075	76.9783	0.7067	1.6e-04	0.5380
4514	-108.9799	-108.9799	-77.9013	0.7148	76.1751	0.6993	1.6e-04	0.5381
4515	-108.9806	-108.9806	-76.8542	0.7052	77.2074	0.7088	1.6e-04	0.5383
4516	-108.9925	-108.9925	-77.6528	0.7125	76.4443	0.7017	1.6e-04	0.5386
4517	-108.9958	-108.9958	-76.8690	0.7052	77.2335	0.7090	1.6e-04	0.5381
4518	-109.0049	-109.0049	-76.7427	0.7040	77.3646	0.7101	1.6e-04	0.5398
4519	-108.9800	-108.9800	-77.4582	0.7108	76.6239	0.7034	1.6e-04	0.5392
4520	-108.9995	-108.9995	-76.9783	0.7062	77.1380	0.7080	1.6e-04	0.5384
4521	-108.9856	-108.9856	-77.7935	0.7138	76.2945	0.7003	1.6e-04	0.5384
4522	-108.9921	-108.9921	-77.3575	0.7098	76.7428	0.7044	1.6e-04	0.5377
4523	-108.9774	-108.9774	-76.5749	0.7027	77.5080	0.7115	1.6e-04	0.5379
4524	-108.9835	-108.9835	-77.0960	0.7074	76.9867	0.7068	1.6e-04	0.5375
4525	-108.9912	-108.9912	-76.4269	0.7012	77.5752	0.7121	1.6e-04	0.5376
4526	-108.9940	-108.9940	-77.1739	0.7081	76.8875	0.7059	1.6e-04	0.5379
4527	-108.9890	-108.9890	-76.5295	0.7022	77.5598	0.7120	1.6e-04	0.5388
4528	-109.0047	-109.0047	-76.9706	0.7061	77.1414	0.7081	1.6e-04	0.5397
4529	-108.9870	-108.9870	-77.9852	0.7155	76.0995	0.6986	1.6e-04	0.5391
4530	-108.9827	-108.9827	-76.3718	0.7008	77.7151	0.7134	1.6e-04	0.5403
4531	-108.9905	-108.9905	-76.6861	0.7036	77.4009	0.7105	1.6e-04	0.5390
4532	-108.9818	-108.9818	-77.5566	0.7116	76.5145	0.7025	1.6e-04	0.5377
4533	-108.9835	-108.9835	-76.9203	0.7058	77.1519	0.7082	1.6e-04	0.5381
4534	-108.9924	-108.9924	-77.3373	0.7096	76.7643	0.7046	1.6e-04	0.5375
4535	-108.9977	-108.9977	-76.8166	0.7048	77.2731	0.7093	1.6e-04	0.5389
4536	-108.9945	-108.9945	-76.6371	0.7031	77.4657	0.7111	1.6e-04	0.5374
4537	-108.9932	-108.9932	-76.9841	0.7063	77.0812	0.7075	1.6e-04	0.5372
4538	-108.9855	-108.9855	-75.6413	0.6940	78.4222	0.7199	1.6e-04	0.5379
4539	-108.9810	-108.9810	-76.8602	0.7053	77.2197	0.7089	1.6e-04	0.5373
4540	-108.9874	-108.9874	-77.2554	0.7088	76.8438	0.7054	1.6e-04	0.5381
4541	-108.9889	-108.9889	-77.3191	0.7094	76.7522	0.7045	1.6e-04	0.5373
4542	-108.9883	-108.9883	-77.4177	0.7103	76.6620	0.7038	1.6e-04	0.5384
4543	-108.9878	-108.9878	-77.2290	0.7086	76.8175	0.7052	1.6e-04	0.5383
4544	-108.9948	-108.9948	-77.5565	0.7116	76.5447	0.7026	1.6e-04	0.5390
4545	-108.9801	-108.9801	-77.3053	0.7094	76.7875	0.7048	1.6e-04	0.5371
4546	-108.9936	-108.9936	-77.2580	0.7088	76.8506	0.7054	1.6e-04	0.5385
4547	-108.9825	-108.9825	-76.7506	0.7042	77.3356	0.7099	1.6e-04	0.5382
4548	-108.9669	-108.9669	-77.6004	0.7121	76.4590	0.7020	1.6e-04	0.5381
4549	-108.9955	-108.9955	-77.3134	0.7093	76.7671	0.7047	1.6e-04	0.5380
4550	-108.9905	-108.9905	-76.7752	0.7044	77.2902	0.7096	1.6e-04	0.5386
4551	-108.9693	-108.9693	-78.4728	0.7201	75.5725	0.6938	1.6e-04	0.5382
4552	-108.9886	-108.9886	-76.9532	0.7061	77.1216	0.7079	1.6e-04	0.5381
4553	-108.9920	-108.9920	-77.1496	0.7078	76.9470	0.7064	1.6e-04	0.5390
4554	-108.9974	-108.9974	-77.8024	0.7138	76.2408	0.6999	1.6e-04	0.5375
4555	-108.9946	-108.9946	-76.6411	0.7032	77.4588	0.7110	1.6e-04	0.5384
4556	-109.0002	-109.0002	-78.0598	0.7161	76.0342	0.6979	1.6e-04	0.5392
4557	-108.9928	-108.9928	-76.9046	0.7056	77.1757	0.7085	1.6e-04	0.5404
4558	-108.9824	-108.9824	-77.7672	0.7136	76.3067	0.7006	1.6e-04	0.5406
4559	-108.9920	-108.9920	-77.8131	0.7139	76.2770	0.7002	1.6e-04	0.5392
4560	-108.9964	-108.9964	-77.7000	0.7129	76.3920	0.7011	1.6e-04	0.5380
4561	-108.9838	-108.9838	-77.7711	0.7136	76.3012	0.7004	1.6e-04	0.5384
4562	-108.9757	-108.9757	-77.3728	0.7100	76.7110	0.7042	1.6e-04	0.5389
4563	-108.9943	-108.9943	-77.5654	0.7116	76.5279	0.7025	1.6e-04	0.5377
4564	-108.9920	-108.9920	-77.8062	0.7139	76.2328	0.6998	1.6e-04	0.5380
4565	-108.9856	-108.9856	-77.4081	0.7103	76.6741	0.7039	1.6e-04	0.5389
4566	-108.9806	-108.9806	-77.2613	0.7089	76.8240	0.7053	1.6e-04	0.5385
4567	-108.9666	-108.9666	-79.0019	0.7250	75.0223	0.6887	1.6e-04	0.5401
4568	-108.9863	-108.9863	-76.3023	0.7001	77.7823	0.7140	1.6e-04	0.5409
4569	-108.9676	-108.9676	-77.0053	0.7067	77.0568	0.7075	1.6e-04	0.5381
4570	-109.0001	-109.0001	-76.8910	0.7054	77.2192	0.7088	1.6e-04	0.5388
4571	-108.9869	-108.9869	-77.0545	0.7070	77.0194	0.7071	1.6e-04	0.5393
4572	-108.9987	-108.9987	-76.8125	0.7047	77.2976	0.7095	1.6e-04	0.5400
4573	-108.9837	-108.9837	-76.5760	0.7026	77.4697	0.7112	1.6e-04	0.5401
4574	-108.9802	-108.9802	-76.8960	0.7056	77.1798	0.7085	1.6e-04	0.5388
4575	-108.9940	-108.9940	-76.7008	0.7037	77.4001	0.7105	1.6e-04	0.5398
4576	-108.9977	-108.9977	-77.8640	0.7144	76.2246	0.6997	1.6e-04	0.5385
4577	-108.9867	-108.9867	-77.1286	0.7077	76.9670	0.7065	1.6e-04	0.5391
4578	-108.9937	-108.9937	-76.4281	0.7012	77.6718	0.7129	1.6e-04	0.5384
4579	-108.9852	-108.9852	-77.0264	0.7068	77.0549	0.7073	1.6e-04	0.5382
4580	-108.9881	-108.9881	-77.3367	0.7096	76.7516	0.7046	1.6e-04	0.5382
4581	-108.9901	-108.9901	-76.7149	0.7039	77.3617	0.7102	1.6e-04	0.5384
4582	-109.0063	-109.0063	-76.7446	0.7040	77.3605	0.7101	1.6e-04	0.5383
4583	-108.9891	-108.9891	-77.2315	0.7086	76.8595	0.7056	1.6e-04	0.5383
4584	-108.9793	-108.9793	-77.2874	0.7092	76.7994	0.7050	1.6e-04	0.5383
4585	-109.0026	-109.0026	-77.2901	0.7091	76.8229	0.7051	1.6e-04	0.5380
4586	-108.9803	-108.9803	-76.8444	0.7051	77.2401	0.7091	1.6e-04	0.5392
4587	-108.9853	-108.9853	-77.1802	0.7082	76.9095	0.7060	1.6e-04	0.5388
4588	-108.9816	-108.9816	-77.4585	0.7107	76.6303	0.7034	1.6e-04	0.5386
4589	-108.9943	-108.9943	-76.3829	0.7008	77.6816	0.7132	1.6e-04	0.5390
4590	-108.9888	-108.9888	-76.6113	0.7029	77.4806	0.7112	1.6e-04	0.5392
4591	-108.9916	-108.9916	-76.3398	0.7004	77.7436	0.7137	1.6e-04	0.5389
4592	-108.9912	-108.9912	-77.2099	0.7084	76.8925	0.7058	1.6e-04	0.5391
4593	-108.9959	-108.9959	-76.6514	0.7033	77.4357	0.7108	1.6e-04	0.5391
4594	-108.9887	-108.9887	-77.5046	0.7111	76.5838	0.7030	1.6e-04	0.5388
4595	-108.9921	-108.9921	-76.4054	0.7010	77.6926	0.7131	1.6e-04	0.5388
4596	-108.9858	-108.9858	-76.5605	0.7025	77.5251	0.7116	1.6e-04	0.5399
4597	-109.0157	-109.0157	-77.2609	0.7087	76.8556	0.7054	1.6e-04	0.5387
4598	-108.9768	-108.9768	-77.1066	0.7076	76.9763	0.7066	1.6e-04	0.5374
4599	-108.9975	-108.9975	-77.2698	0.7089	76.8283	0.7053	1.6e-04	0.5382
4600	-108.9988	-108.9988	-77.1381	0.7077	76.9667	0.7065	1.6e-04	0.5388
4601	-108.9634	-108.9634	-76.9259	0.7060	77.1305	0.7082	1.6e-04	0.5376
4602	-109.0085	-109.0085	-77.0643	0.7070	77.0204	0.7070	1.6e-04	0.5400
4603	-108.9855	-108.9855	-76.9104	0.7057	77.1820	0.7084	1.6e-04	0.5389
4604	-108.9732	-108.9732	-77.5719	0.7118	76.4902	0.7022	1.6e-04	0.5406
4605	-108.9944	-108.9944	-77.3982	0.7101	76.7118	0.7041	1.6e-04	0.5395
4606	-108.9890	-108.9890	-77.6210	0.7122	76.4388	0.7016	1.6e-04	0.5393
4607	-108.9708	-108.9708	-76.7969	0.7047	77.2758	0.7094	1.6e-04	0.5390
4608	-108.9918	-108.9918	-78.0226	0.7159	76.0636	0.6982	1.6e-04	0.5390
4609	-108.9839	-108.9839	-77.0574	0.7071	77.0339	0.7071	1.6e-04	0.5384
4610	-108.9851	-108.9851	-77.9186	0.7149	76.1576	0.6991	1.6e-04	0.5374
4611	-108.9929	-108.9929	-77.1694	0.7080	76.9251	0.7062	1.6e-04	0.5382
4612	-108.9695	-108.9695	-77.5701	0.7119	76.4959	0.7023	1.6e-04	0.5377
4613	-108.9800	-108.9800	-77.8933	0.7147	76.1904	0.6994	1.6e-04	0.5379
4614	-108.9870	-108.9870	-78.1979	0.7175	75.8574	0.6964	1.6e-04	0.5391
4615	-108.9764	-108.9764	-78.2324	0.7179	75.8244	0.6961	1.6e-04	0.5382
4616	-108.9928	-108.9928	-77.2864	0.7091	76.7995	0.7051	1.6e-04	0.5399
4617	-108.9773	-108.9773	-77.9211	0.7150	76.1421	0.6990	1.6e-04	0.5385
4618	-108.9872	-108.9872	-78.0900	0.7165	75.9815	0.6975	1.6e-04	0.5388
4619	-109.0054	-109.0054	-76.7156	0.7038	77.3818	0.7103	1.6e-04	0.5374
4620	-108.9908	-108.9908	-77.6474	0.7124	76.4187	0.7016	1.6e-04	0.5390
4621	-108.9823	-108.9823	-76.8480	0.7051	77.2329	0.7091	1.6e-04	0.5378
4622	-108.9878	-108.9878	-77.7092	0.7130	76.3773	0.7012	1.6e-04	0.5382
4623	-108.9818	-108.9818	-77.2760	0.7091	76.7991	0.7051	1.6e-04	0.5383
4624	-108.9940	-108.9940	-76.9540	0.7060	77.1434	0.7081	1.6e-04	0.5383
4625	-108.9836	-108.9836	-76.8774	0.7054	77.1888	0.7086	1.6e-04	0.5376
4626	-108.9906	-108.9906	-77.3669	0.7098	76.7362	0.7044	1.6e-04	0.5382
4627	-108.9961	-108.9961	-78.0076	0.7157	76.0802	0.6984	1.6e-04	0.5372
4628	-108.9959	-108.9959	-76.8259	0.7049	77.2692	0.7093	1.6e-04	0.5385
4629	-108.9881	-108.9881	-75.7279	0.6948	78.3427	0.7192	1.6e-04	0.5390
4630	-108.9997	-108.9997	-76.5700	0.7025	77.5318	0.7117	1.6e-04	0.5379
4631	-108.9918	-108.9918	-76.6485	0.7033	77.4227	0.7107	1.6e-04	0.5391
4632	-108.9796	-108.9796	-77.0503	0.7070	77.0217	0.7071	1.6e-04	0.5401
4633	-108.9942	-108.9942	-76.5123	0.7020	77.5631	0.7120	1.6e-04	0.5377
4634	-108.9666	-108.9666	-76.1521	0.6989	77.8859	0.7152	1.6e-04	0.5382
4635	-108.9801	-108.9801	-77.1232	0.7077	76.9528	0.7065	1.6e-04	0.5379
4636	-108.9771	-108.9771	-76.8517	0.7052	77.1972	0.7087	1.6e-04	0.5383
4637	-108.9965	-108.9965	-76.5395	0.7022	77.5638	0.7119	1.6e-04	0.5390
4638	-108.9861	-108.9861	-76.4044	0.7010	77.6878	0.7131	1.6e-04	0.5396
4639	-108.9983	-108.9983	-76.1054	0.6982	77.9737	0.7157	1.6e-04	0.5392
4640	-108.9872	-108.9873	-75.1497	0.6895	78.8686	0.7240	1.6e-04	0.5397
4641	-108.9572	-108.9572	-76.6629	0.7036	77.3531	0.7102	1.6e-04	0.5397
4642	-108.9729	-108.9729	-76.0278	0.6977	78.0452	0.7164	1.6e-04	0.5399
4643	-109.0065	-109.0065	-76.3818	0.7007	77.7243	0.7134	1.6e-04	0.5395
4644	-108.9851	-108.9851	-76.3329	0.7004	77.7044	0.7134	1.6e-04	0.5417
4645	-108.9833	-108.9834	-75.8727	0.6962	78.1900	0.7179	1.6e-04	0.5410
4646	-108.9910	-108.9910	-76.0208	0.6975	78.0601	0.7166	1.6e-04	0.5397
4647	-108.9854	-108.9854	-76.6293	0.7031	77.4667	0.7111	1.6e-04	0.5394
4648	-108.9794	-108.9794	-76.1132	0.6984	77.9397	0.7156	1.6e-04	0.5406
4649	-108.9943	-108.9944	-75.3992	0.6918	78.6652	0.7221	1.6e-04	0.5390
4650	-108.9903	-108.9903	-76.1119	0.6983	77.9736	0.7157	1.6e-04	0.5392
4651	-108.9929	-108.9929	-75.9299	0.6967	78.1430	0.7174	1.6e-04	0.5388
4652	-108.9906	-108.9906	-76.4893	0.7018	77.6108	0.7124	1.6e-04	0.5401
4653	-108.9865	-108.9865	-76.0199	0.6975	78.0631	0.7166	1.6e-04	0.5398
4654	-109.0011	-109.0011	-76.6322	0.7030	77.4711	0.7111	1.6e-04	0.5378
4655	-108.9845	-108.9845	-76.3491	0.7005	77.6718	0.7131	1.6e-04	0.5376
4656	-109.0011	-109.0011	-76.2508	0.6995	77.8437	0.7146	1.6e-04	0.5380
4657	-108.9902	-108.9902	-76.1087	0.6983	77.9528	0.7156	1.6e-04	0.5384
4658	-108.9904	-108.9904	-76.4798	0.7017	77.6069	0.7124	1.6e-04	0.5374
4659	-108.9838	-108.9839	-75.3580	0.6915	78.6929	0.7224	1.6e-04	0.5375
4660	-108.9694	-108.9694	-75.6781	0.6945	78.3624	0.7194	1.6e-04	0.5370
4661	-108.9914	-108.9914	-76.0134	0.6974	78.0669	0.7167	1.6e-04	0.5381
4662	-108.9798	-108.9798	-75.7660	0.6952	78.2981	0.7188	1.6e-04	0.5383
4663	-108.9808	-108.9808	-75.9735	0.6971	78.0884	0.7169	1.6e-04	0.5397
4664	-108.9803	-108.9804	-75.2040	0.6901	78.8394	0.7237	1.6e-04	0.5370
4665	-109.0147	-109.0147	-76.5526	0.7022	77.5673	0.7120	1.6e-04	0.5375
4666	-108.9809	-108.9809	-76.1542	0.6988	77.9183	0.7153	1.6e-04	0.5362
4667	-108.9816	-108.9816	-76.3788	0.7008	77.7122	0.7133	1.6e-04	0.5376
4668	-108.9881	-108.9882	-75.6097	0.6937	78.4495	0.7201	1.6e-04	0.5380
4669	-108.9798	-108.9798	-75.8818	0.6963	78.1800	0.7178	1.6e-04	0.5374
4670	-108.9862	-108.9862	-76.3513	0.7006	77.7488	0.7136	1.6e-04	0.5375
4671	-108.9768	-108.9768	-75.4971	0.6928	78.5512	0.7211	1.6e-04	0.5386
4672	-108.9615	-108.9615	-76.1990	0.6993	77.8552	0.7148	1.6e-04	0.5374
4673	-108.9696	-108.9696	-75.8002	0.6956	78.2582	0.7184	1.6e-04	0.5365
4674	-108.9905	-108.9905	-75.6464	0.6941	78.4115	0.7199	1.6e-04	0.5371
4675	-108.9910	-108.9910	-76.3222	0.7003	77.7658	0.7139	1.6e-04	0.5372
4676	-108.9787	-108.9788	-75.7833	0.6954	78.2551	0.7184	1.6e-04	0.5374
4677	-108.9869	-108.9870	-75.5223	0.6929	78.5406	0.7210	1.5e-04	0.5389
4678	-108.9951	-108.9952	-75.7560	0.6950	78.2994	0.7188	1.5e-04	0.5378
4679	-108.9869	-108.9869	-76.6674	0.7035	77.4155	0.7107	1.5e-04	0.5372
4680	-108.9797	-108.9798	-75.6847	0.6945	78.3529	0.7193	1.5e-04	0.5371
4681	-108.9775	-108.9775	-76.8021	0.7048	77.2768	0.7094	1.5e-04	0.5387
4682	-108.9829	-108.9829	-76.6171	0.7030	77.4734	0.7111	1.5e-04	0.5371
4683	-109.0088	-109.0088	-76.5585	0.7023	77.5270	0.7116	1.5e-04	0.5376
4684	-108.9758	-108.9758	-76.7935	0.7047	77.2773	0.7095	1.5e-04	0.5367
4685	-108.9921	-108.9921	-76.6053	0.7029	77.4905	0.7113	1.5e-04	0.5377
4686	-108.9849	-108.9849	-76.3098	0.7002	77.7659	0.7139	1.5e-04	0.5360
4687	-108.9887	-108.9887	-75.9416	0.6968	78.1460	0.7173	1.5e-04	0.5379
4688	-108.9889	-108.9889	-76.6669	0.7034	77.4275	0.7108	1.5e-04	0.5363
4689	-108.9927	-108.9927	-75.7608	0.6951	78.2915	0.7187	1.5e-04	0.5386
4690	-108.9875	-108.9875	-76.1672	0.6989	77.8910	0.7149	1.5e-04	0.5366
4691	-108.9735	-108.9735	-76.7755	0.7045	77.3010	0.7096	1.5e-04	0.5380
4692	-108.9784	-108.9784	-75.9348	0.6968	78.1273	0.7173	1.5e-04	0.5376
4693	-108.9879	-108.9879	-76.5723	0.7026	77.5225	0.7116	1.5e-04	0.5377
4694	-108.9739	-108.9740	-75.4175	0.6921	78.6211	0.7218	1.5e-04	0.5374
4695	-108.9887	-108.9887	-76.4423	0.7014	77.6521	0.7128	1.5e-04	0.5378
4696	-108.9861	-108.9861	-77.7345	0.7133	76.3423	0.7008	1.5e-04	0.5366
4697	-108.9885	-108.9885	-77.0560	0.7070	77.0394	0.7072	1.5e-04	0.5374
4698	-108.9899	-108.9899	-76.0048	0.6974	78.0891	0.7167	1.5e-04	0.5368
4699	-109.0024	-109.0024	-76.7874	0.7045	77.3025	0.7096	1.5e-04	0.5365
4700	-108.9885	-108.9885	-76.9681	0.7062	77.1182	0.7079	1.5e-04	0.5370
4701	-109.0025	-109.0025	-76.9220	0.7057	77.1651	0.7083	1.5e-04	0.5356
4702	-108.9943	-108.9943	-77.0351	0.7068	77.0656	0.7074	1.5e-04	0.5367
4703	-108.9729	-108.9729	-77.1599	0.7081	76.9232	0.7061	1.5e-04	0.5372
4704	-108.9910	-108.9910	-77.7252	0.7131	76.3646	0.7010	1.5e-04	0.5382
4705	-108.9997	-108.9997	-77.1257	0.7076	76.9797	0.7065	1.5e-04	0.5349
4706	-108.9942	-108.9942	-76.4024	0.7010	77.7003	0.7132	1.5e-04	0.5364
4707	-108.9895	-108.9895	-76.6296	0.7031	77.4511	0.7110	1.5e-04	0.5376
4708	-109.0048	-109.0048	-76.7978	0.7045	77.2756	0.7093	1.5e-04	0.5361
4709	-108.9985	-108.9985	-76.6637	0.7033	77.4184	0.7106	1.5e-04	0.5370
4710	-108.9844	-108.9844	-77.4720	0.7109	76.6222	0.7033	1.5e-04	0.5383
4711	-108.9802	-108.9802	-76.6626	0.7035	77.4167	0.7107	1.5e-04	0.5387
4712	-108.9833	-108.9833	-77.3195	0.7095	76.7488	0.7046	1.5e-04	0.5378
4713	-108.9968	-108.9968	-77.4170	0.7103	76.6786	0.7039	1.5e-04	0.5376
4714	-108.9768	-108.9768	-77.8215	0.7141	76.2581	0.7000	1.5e-04	0.5391
4715	-108.9919	-108.9919	-77.5724	0.7117	76.5288	0.7025	1.5e-04	0.5389
4716	-108.9995	-108.9995	-77.1546	0.7078	76.9430	0.7063	1.5e-04	0.5388
4717	-108.9762	-108.9762	-77.4618	0.7108	76.7239	0.7033	1.5e-04	0.5386
4718	-108.9839	-108.9839	-78.2243	0.7178	75.8469	0.6963	1.5e-04	0.5381
4719	-108.9967	-108.9967	-78.3612	0.7189	75.7012	0.6948	1.5e-04	0.5383
4720	-108.9958	-108.9958	-79.0682	0.7254	74.9865	0.6883	1.5e-04	0.5385
4721	-108.9812	-108.9812	-77.7051	0.7130	76.3611	0.7010	1.5e-04	0.5385
4722	-108.9830	-108.9830	-78.2606	0.7181	75.8076	0.6959	1.5e-04	0.5372
4723	-108.9802	-108.9802	-78.4473	0.7198	75.6042	0.6941	1.5e-04	0.5368
4724	-108.9776	-108.9776	-79.1378	0.7262	74.8908	0.6875	1.5e-04	0.5363
4725	-108.9841	-108.9841	-79.2319	0.7270	74.7655	0.6865	1.5e-04	0.5374
4726	-108.9775	-108.9775	-79.0983	0.7258	74.9130	0.6877	1.5e-04	0.5368
4727	-108.9833	-108.9833	-78.6479	0.7217	75.4090	0.6923	1.5e-04	0.5370
4728	-108.9864	-108.9864	-78.5394	0.7206	75.5153	0.6932	1.5e-04	0.5384
4729	-108.9927	-108.9927	-79.2074	0.7267	74.8160	0.6869	1.5e-04	0.5390
4730	-108.9976	-108.9976	-79.0188	0.7250	75.0346	0.6888	1.5e-04	0.5395
4731	-108.9878	-108.9878	-78.8004	0.7230	75.2475	0.6908	1.5e-04	0.5378
4732	-108.9743	-108.9743	-78.5573	0.7209	75.4761	0.6930	1.5e-04	0.5382
4733	-108.9931	-108.9931	-78.5075	0.7203	75.5515	0.6936	1.5e-04	0.5392
4734	-108.9901	-108.9901	-78.1512	0.7170	75.9284	0.6970	1.5e-04	0.5382
4735	-108.9825	-108.9825	-79.0646	0.7255	74.9656	0.6882	1.5e-04	0.5373
4736	-108.9870	-108.9870	-78.7526	0.7226	75.2934	0.6913	1.5e-04	0.5378
4737	-108.9705	-108.9705	-78.7451	0.7226	75.2863	0.6912	1.5e-04	0.5374
4738	-108.9870	-108.9870	-78.4913	0.7202	75.5705	0.6938	1.5e-04	0.5381
4739	-108.9863	-108.9863	-79.1964	0.7267	74.8077	0.6868	1.5e-04	0.5386
4740	-108.9825	-108.9825	-78.2898	0.7184	75.7650	0.6956	1.5e-04	0.5361
4741	-108.9980	-108.9980	-78.5937	0.7211	75.4807	0.6929	1.5e-04	0.5371
4742	-108.9732	-108.9732	-78.4704	0.7201	75.5636	0.6937	1.5e-04	0.5377
4743	-108.9906	-108.9906	-77.4881	0.7110	76.5841	0.7031	1.5e-04	0.5379
4744	-108.9884	-108.9884	-78.1507	0.7171	75.9247	0.6970	1.5e-04	0.5373
4745	-108.9848	-108.9848	-78.2484	0.7180	75.8164	0.6960	1.5e-04	0.5366
4746	-108.9910	-108.9910	-78.8507	0.7235	75.1922	0.6903	1.5e-04	0.5373
4747	-108.9865	-108.9865	-78.2573	0.7180	75.8072	0.6960	1.5e-04	0.5367
4748	-108.9876	-108.9876	-77.7561	0.7134	76.3268	0.7007	1.5e-04	0.5363
4749	-108.9807	-108.9807	-77.3258	0.7095	76.7271	0.7044	1.5e-04	0.5355
4750	-108.9918	-108.9918	-77.4478	0.7106	76.6441	0.7036	1.5e-04	0.5358
4751	-108.9951	-108.9951	-77.5050	0.7111	76.5948	0.7031	1.5e-04	0.5375
4752	-108.9772	-108.9772	-77.2607	0.7090	76.8130	0.7052	1.5e-04	0.5381
4753	-108.9927	-108.9927	-77.4276	0.7104	76.6478	0.7036	1.5e-04	0.5379
4754	-108.9959	-108.9959	-77.7571	0.7134	76.3394	0.7007	1.5e-04	0.5369
4755	-108.9817	-108.9817	-77.5329	0.7114	76.5406	0.7027	1.5e-04	0.5371
4756	-108.9910	-108.9910	-77.7864	0.7137	76.2940	0.7005	1.5e-04	0.5370
4757	-108.9891	-108.9891	-77.6788	0.7127	76.3927	0.7014	1.5e-04	0.5361
4758	-108.9768	-108.9768	-78.2056	0.7176	75.8575	0.6964	1.5e-04	0.5378
4759	-108.9951	-108.9951	-77.8919	0.7146	76.2081	0.6995	1.5e-04	0.5381
4760	-108.9924	-108.9924	-78.2130	0.7176	75.8563	0.6964	1.5e-04	0.5368
4761	-108.9812	-108.9812	-77.1571	0.7080	76.9259	0.7062	1.5e-04	0.5361
4762	-108.9884	-108.9884	-77.0767	0.7072	77.0074	0.7070	1.5e-04	0.5370
4763	-108.9965	-108.9965	-77.8608	0.7143	76.1976	0.6994	1.5e-04	0.5366
4764	-108.9697	-108.9697	-77.5685	0.7118	76.4586	0.7020	1.5e-04	0.5364
4765	-108.9777	-108.9777	-77.7834	0.7138	76.2812	0.7004	1.5e-04	0.5363
4766	-108.9666	-108.9666	-77.1540	0.7081	76.8902	0.7059	1.5e-04	0.5363
4767	-109.0012	-109.0012	-76.7266	0.7039	77.3742	0.7103	1.5e-04	0.5373
4768	-108.9828	-108.9828	-76.5948	0.7028	77.4879	0.7113	1.5e-04	0.5376
4769	-108.9811	-108.9811	-78.3351	0.7188	75.7336	0.6952	1.5e-04	0.5351
4770	-108.9804	-108.9804	-77.2271	0.7086	76.8591	0.7056	1.5e-04	0.5366
4771	-109.0047	-109.0047	-77.6345	0.7122	76.4607	0.7019	1.5e-04	0.5383
4772	-108.9825	-108.9825	-77.4075	0.7103	76.6531	0.7038	1.5e-04	0.5381
4773	-108.9877	-108.9877	-77.4968	0.7111	76.5873	0.7031	1.5e-04	0.5367
4774	-108.9911	-108.9911	-77.7787	0.7136	76.2867	0.7004	1.5e-04	0.5374
4775	-108.9959	-108.9959	-77.1271	0.7076	76.9571	0.7065	1.5e-04	0.5373
4776	-108.9848	-108.9848	-76.8367	0.7050	77.2502	0.7092	1.5e-04	0.5362
4777	-108.9934	-108.9934	-77.3335	0.7095	76.7553	0.7045	1.5e-04	0.5363
4778	-108.9978	-108.9978	-76.9046	0.7056	77.1821	0.7086	1.5e-04	0.5382
4779	-108.9882	-108.9882	-78.0573	0.7162	76.0223	0.6979	1.5e-04	0.5390
4780	-108.9767	-108.9767	-76.8575	0.7053	77.2144	0.7089	1.5e-04	0.5366
4781	-108.9830	-108.9830	-78.4736	0.7201	75.5839	0.6938	1.5e-04	0.5369
4782	-108.9809	-108.9809	-76.8607	0.7053	77.2238	0.7089	1.5e-04	0.5380
4783	-108.9884	-108.9884	-75.9845	0.6972	78.0654	0.7166	1.5e-04	0.5376
4784	-108.9824	-108.9824	-76.6821	0.7036	77.4118	0.7106	1.5e-04	0.5378
4785	-108.9773	-108.9773	-77.0826	0.7073	76.9919	0.7069	1.5e-04	0.5375
4786	-108.9853	-108.9853	-77.3336	0.7096	76.7476	0.7046	1.5e-04	0.5383
4787	-108.9875	-108.9875	-76.8965	0.7056	77.1798	0.7086	1.5e-04	0.5380
4788	-108.9750	-108.9750	-76.3876	0.7010	77.6455	0.7130	1.5e-04	0.5374
4789	-108.9837	-108.9837	-76.2489	0.6996	77.8342	0.7145	1.5e-04	0.5366
4790	-108.9835	-108.9835	-77.5672	0.7117	76.5147	0.7024	1.5e-04	0.5372
4791	-108.9933	-108.9933	-77.0736	0.7071	77.0173	0.7071	1.5e-04	0.5352
4792	-108.9921	-108.9921	-76.4209	0.7012	77.6626	0.7129	1.5e-04	0.5377
4793	-108.9807	-108.9807	-77.0671	0.7072	77.0155	0.7070	1.5e-04	0.5373
4794	-108.9826	-108.9826	-76.9324	0.7059	77.1628	0.7083	1.5e-04	0.5384
4795	-108.9799	-108.9799	-76.8489	0.7052	77.2170	0.7088	1.5e-04	0.5383
4796	-108.9849	-108.9849	-76.8007	0.7047	77.2768	0.7094	1.5e-04	0.5394
4797	-108.9746	-108.9746	-77.3780	0.7101	76.6846	0.7040	1.5e-04	0.5392
4798	-108.9852	-108.9852	-78.0696	0.7163	76.0069	0.6978	1.5e-04	0.5387
4799	-108.9955	-108.9955	-77.3005	0.7092	76.7920	0.7049	1.5e-04	0.5393
4800	-108.9815	-108.9815	-76.5207	0.7021	77.5563	0.7120	1.5e-04	0.5382
4801	-108.9942	-108.9942	-76.6458	0.7032	77.4254	0.7107	1.5e-04	0.5354
4802	-108.9879	-108.9879	-77.0755	0.7072	77.0209	0.7070	1.5e-04	0.5380
4803	-108.9693	-108.9693	-77.3878	0.7102	76.6657	0.7039	1.5e-04	0.5366
4804	-108.9937	-108.9937	-77.1159	0.7075	76.9844	0.7067	1.5e-04	0.5378
4805	-108.9955	-108.9955	-76.9096	0.7056	77.1984	0.7086	1.5e-04	0.5382
4806	-108.9975	-108.9975	-76.8216	0.7048	77.2547	0.7092	1.5e-04	0.5390
4807	-108.9850	-108.9850	-77.4161	0.7103	76.6619	0.7039	1.5e-04	0.5386
4808	-108.9917	-108.9917	-76.9071	0.7056	77.1834	0.7086	1.5e-04	0.5381
4809	-108.9876	-108.9876	-77.2341	0.7087	76.8415	0.7054	1.5e-04	0.5378
4810	-108.9745	-108.9745	-77.1905	0.7083	76.8957	0.7059	1.5e-04	0.5371
4811	-108.9752	-108.9752	-77.2157	0.7086	76.8549	0.7056	1.5e-04	0.5377
4812	-108.9994	-108.9994	-76.2443	0.6995	77.8281	0.7145	1.5e-04	0.5373
4813	-108.9782	-108.9782	-77.2039	0.7084	76.8447	0.7055	1.5e-04	0.5366
4814	-109.0075	-109.0075	-76.6186	0.7029	77.4848	0.7112	1.5e-04	0.5354
4815	-108.9762	-108.9762	-76.6013	0.7029	77.4801	0.7112	1.5e-04	0.5506
4816	-108.9932	-108.9932	-77.2137	0.7084	76.8887	0.7058	1.5e-04	0.5370
4817	-109.0031	-109.0031	-77.7331	0.7131	76.3705	0.7010	1.5e-04	0.5372
4818	-108.9974	-108.9974	-77.0175	0.7066	77.0714	0.7075	1.5e-04	0.5366
4819	-108.9938	-108.9938	-76.7162	0.7039	77.3594	0.7101	1.5e-04	0.5363
4820	-108.9832	-108.9832	-76.7728	0.7044	77.3082	0.7098	1.5e-04	0.5356
4821	-108.9965	-108.9965	-77.0746	0.7071	77.0159	0.7069	1.5e-04	0.5362
4822	-109.0059	-109.0059	-77.7642	0.7134	76.2648	0.7002	1.5e-04	0.5357
4823	-108.9908	-108.9908	-77.6057	0.7120	76.4782	0.7021	1.5e-04	0.5364
4824	-108.9875	-108.9875	-76.8107	0.7048	77.2630	0.7094	1.5e-04	0.5356
4825	-108.9803	-108.9803	-77.4900	0.7110	76.5894	0.7031	1.5e-04	0.5359
4826	-108.9775	-108.9775	-77.1475	0.7079	76.9352	0.7063	1.5e-04	0.5359
4827	-108.9935	-108.9935	-76.7689	0.7043	77.3247	0.7098	1.5e-04	0.5377
4828	-108.9800	-108.9801	-75.7325	0.6949	78.3101	0.7190	1.5e-04	0.5371
4829	-108.9868	-108.9868	-76.5436	0.7023	77.5080	0.7115	1.5e-04	0.5373
4830	-108.9880	-108.9881	-76.0104	0.6974	78.0655	0.7166	1.5e-04	0.5377
4831	-108.9882	-108.9882	-76.3407	0.7004	77.7303	0.7137	1.5e-04	0.5374
4832	-108.9875	-108.9876	-75.1944	0.6899	78.8579	0.7239	1.5e-04	0.5369
4833	-109.0055	-109.0055	-76.5890	0.7026	77.5271	0.7115	1.5e-04	0.5365
4834	-108.9785	-108.9785	-76.4990	0.7020	77.5792	0.7122	1.5e-04	0.5351
4835	-108.9861	-108.9861	-76.9953	0.7065	77.0955	0.7077	1.5e-04	0.5364
4836	-108.9850	-108.9850	-77.2161	0.7085	76.8683	0.7056	1.5e-04	0.5372
4837	-108.9964	-108.9964	-76.8086	0.7047	77.2540	0.7092	1.5e-04	0.5378
4838	-108.9944	-108.9944	-76.6483	0.7032	77.4474	0.7109	1.5e-04	0.5376
4839	-108.9856	-108.9856	-77.2988	0.7093	76.7757	0.7048	1.5e-04	0.5353
4840	-108.9896	-108.9896	-76.9412	0.7059	77.1242	0.7080	1.5e-04	0.5375
4841	-108.9792	-108.9792	-77.2743	0.7091	76.7934	0.7051	1.5e-04	0.5368
4842	-108.9806	-108.9806	-77.1690	0.7081	76.9080	0.7060	1.5e-04	0.5363
4843	-108.9814	-108.9814	-76.7087	0.7039	77.3521	0.7102	1.5e-04	0.5370
4844	-108.9791	-108.9791	-77.2869	0.7092	76.7847	0.7049	1.5e-04	0.5369
4845	-108.9948	-108.9948	-76.7361	0.7040	77.3620	0.7102	1.5e-04	0.5373
4846	-108.9884	-108.9884	-77.7938	0.7138	76.2880	0.7003	1.5e-04	0.5382
4847	-108.9968	-108.9968	-77.4316	0.7104	76.6485	0.7037	1.5e-04	0.5371
4848	-108.9723	-108.9723	-77.5066	0.7113	76.5541	0.7029	1.5e-04	0.5353
4849	-108.9907	-108.9907	-76.7321	0.7040	77.3456	0.7100	1.5e-04	0.5369
4850	-108.9880	-108.9880	-76.4839	0.7018	77.6001	0.7124	1.5e-04	0.5351
4851	-108.9896	-108.9896	-76.0901	0.6981	77.9926	0.7160	1.5e-04	0.5362
4852	-108.9940	-108.9940	-77.3341	0.7095	76.7360	0.7044	1.5e-04	0.5361
4853	-108.9835	-108.9835	-77.5790	0.7118	76.5007	0.7023	1.5e-04	0.5355
4854	-108.9940	-108.9940	-76.2584	0.6997	77.8330	0.7145	1.5e-04	0.5367
4855	-108.9915	-108.9915	-77.2789	0.7090	76.8057	0.7051	1.5e-04	0.5368
4856	-108.9882	-108.9882	-77.0576	0.7070	77.0272	0.7072	1.5e-04	0.5356
4857	-108.9688	-108.9688	-77.2320	0.7088	76.8213	0.7054	1.5e-04	0.5357
4858	-108.9750	-108.9750	-77.4780	0.7110	76.5955	0.7032	1.5e-04	0.5357
4859	-108.9874	-108.9874	-76.9383	0.7059	77.1477	0.7083	1.5e-04	0.5349
4860	-108.9836	-108.9836	-76.9329	0.7059	77.1496	0.7083	1.5e-04	0.5353
4861	-109.0071	-109.0071	-75.8240	0.6956	78.2580	0.7184	1.5e-04	0.5357
4862	-108.9711	-108.9711	-76.0779	0.6981	77.9774	0.7159	1.5e-04	0.5361
4863	-108.9932	-108.9933	-76.0258	0.6975	78.0170	0.7162	1.5e-04	0.5361
4864	-108.9939	-108.9939	-75.6849	0.6944	78.3846	0.7196	1.5e-04	0.5359
4865	-108.9791	-108.9791	-75.9724	0.6971	78.0991	0.7169	1.5e-04	0.5365
4866	-109.0056	-109.0056	-75.9064	0.6964	78.1896	0.7177	1.5e-04	0.5358
4867	-108.9873	-108.9873	-76.1712	0.6989	77.9094	0.7152	1.5e-04	0.5368
4868	-108.9983	-108.9983	-76.0378	0.6976	78.0558	0.7165	1.5e-04	0.5372
4869	-108.9820	-108.9821	-75.1365	0.6894	78.8986	0.7243	1.5e-04	0.5382
4870	-108.9914	-108.9914	-76.1586	0.6988	77.9276	0.7154	1.5e-04	0.5366
4871	-108.9863	-108.9864	-75.5270	0.6930	78.5314	0.7209	1.5e-04	0.5357
4872	-108.9968	-108.9968	-77.5909	0.7119	76.4970	0.7023	1.5e-04	0.5361
4873	-108.9931	-108.9931	-76.4777	0.7017	77.6145	0.7125	1.5e-04	0.5376
4874	-108.9887	-108.9887	-77.1043	0.7075	76.9775	0.7068	1.5e-04	0.5371
4875	-108.9754	-108.9754	-77.2065	0.7085	76.8651	0.7057	1.5e-04	0.5372
4876	-108.9832	-108.9832	-77.4877	0.7110	76.5794	0.7031	1.5e-04	0.5354
4877	-108.9791	-108.9791	-76.9296	0.7059	77.1464	0.7083	1.5e-04	0.5356
4878	-108.9983	-108.9983	-76.2751	0.6998	77.8275	0.7143	1.5e-04	0.5354
4879	-108.9849	-108.9849	-76.3272	0.7003	77.7439	0.7137	1.5e-04	0.5366
4880	-108.9830	-108.9830	-76.9141	0.7057	77.1741	0.7085	1.5e-04	0.5369
4881	-108.9948	-108.9948	-77.0860	0.7072	77.0104	0.7069	1.5e-04	0.5380
4882	-108.9971	-108.9971	-76.1258	0.6984	77.9657	0.7157	1.5e-04	0.5375
4883	-109.0096	-109.0096	-75.8119	0.6955	78.2933	0.7186	1.5e-04	0.5353
4884	-108.9747	-108.9747	-76.4895	0.7019	77.5784	0.7122	1.5e-04	0.5361
4885	-108.9922	-108.9922	-76.5998	0.7028	77.4947	0.7113	1.5e-04	0.5363
4886	-109.0047	-109.0047	-76.4602	0.7014	77.6314	0.7126	1.5e-04	0.5372
4887	-108.9880	-108.9881	-75.4219	0.6920	78.6363	0.7219	1.5e-04	0.5377
4888	-108.9871	-108.9872	-75.9163	0.6966	78.1567	0.7174	1.5e-04	0.5377
4889	-108.9937	-108.9937	-76.8349	0.7049	77.2463	0.7091	1.5e-04	0.5376
4890	-108.9967	-108.9967	-75.9184	0.6965	78.1486	0.7174	1.5e-04	0.5372
4891	-108.9675	-108.9675	-76.8289	0.7051	77.2369	0.7091	1.5e-04	0.5370
4892	-108.9921	-108.9921	-76.2385	0.6995	77.8545	0.7146	1.5e-04	0.5375
4893	-108.9849	-108.9849	-77.3372	0.7096	76.7343	0.7044	1.5e-04	0.5379
4894	-109.0008	-109.0008	-76.7424	0.7041	77.3517	0.7101	1.5e-04	0.5376
4895	-108.9836	-108.9836	-76.2544	0.6997	77.8201	0.7144	1.5e-04	0.5375
4896	-108.9863	-108.9863	-76.3125	0.7002	77.7697	0.7139	1.5e-04	0.5362
4897	-108.9879	-108.9879	-77.6350	0.7123	76.4243	0.7016	1.5e-04	0.5378
4898	-108.9826	-108.9826	-76.2864	0.7000	77.7281	0.7136	1.5e-04	0.5384
4899	-108.9869	-108.9869	-76.5913	0.7028	77.4837	0.7113	1.5e-04	0.5381
4900	-108.9853	-108.9853	-77.0087	0.7066	77.0778	0.7076	1.5e-04	0.5377
4901	-108.9819	-108.9819	-76.1597	0.6988	77.9012	0.7152	1.5e-04	0.5362
4902	-108.9837	-108.9837	-76.8803	0.7054	77.2092	0.7087	1.5e-04	0.5381
4903	-108.9958	-108.9958	-76.8083	0.7047	77.2967	0.7095	1.5e-04	0.5374
4904	-108.9859	-108.9859	-77.3231	0.7095	76.7573	0.7047	1.5e-04	0.5371
4905	-108.9775	-108.9775	-76.6657	0.7035	77.3828	0.7104	1.5e-04	0.5355
4906	-109.0007	-109.0007	-76.4402	0.7013	77.6363	0.7128	1.5e-04	0.5358
4907	-108.9860	-108.9860	-77.1207	0.7076	76.9581	0.7066	1.5e-04	0.5361
4908	-108.9882	-108.9882	-76.6868	0.7036	77.3883	0.7104	1.5e-04	0.5360
4909	-108.9955	-108.9955	-77.1145	0.7075	76.9796	0.7067	1.5e-04	0.5373
4910	-109.0027	-109.0027	-77.2119	0.7083	76.8832	0.7057	1.5e-04	0.5376
4911	-108.9856	-108.9856	-77.1257	0.7077	76.9559	0.7065	1.5e-04	0.5382
4912	-109.0016	-109.0016	-76.2891	0.6999	77.8097	0.7142	1.5e-04	0.5362
4913	-108.9710	-108.9710	-76.0650	0.6980	77.9825	0.7160	1.5e-04	0.5366
4914	-108.9896	-108.9896	-77.3406	0.7096	76.7529	0.7046	1.5e-04	0.5359
4915	-108.9879	-108.9879	-76.0141	0.6975	78.0529	0.7165	1.5e-04	0.5385
4916	-108.9923	-108.9923	-76.8017	0.7047	77.2957	0.7095	1.5e-04	0.5381
4917	-108.9883	-108.9883	-76.4425	0.7014	77.6387	0.7127	1.5e-04	0.5383
4918	-108.9776	-108.9776	-75.8554	0.6961	78.1980	0.7178	1.5e-04	0.5389
4919	-108.9972	-108.9972	-77.3448	0.7096	76.7595	0.7046	1.5e-04	0.5357
4920	-108.9932	-108.9932	-76.8566	0.7052	77.2384	0.7091	1.5e-04	0.5353
4921	-109.0016	-109.0017	-75.5047	0.6927	78.5677	0.7212	1.5e-04	0.5382
4922	-108.9833	-108.9833	-76.3500	0.7006	77.7342	0.7136	1.5e-04	0.5376
4923	-108.9932	-108.9932	-76.6723	0.7035	77.4177	0.7107	1.5e-04	0.5390
4924	-108.9875	-108.9875	-76.5479	0.7024	77.5471	0.7118	1.5e-04	0.5377
4925	-108.9727	-108.9727	-77.3071	0.7094	76.7754	0.7048	1.5e-04	0.5382
4926	-109.0048	-109.0048	-75.8291	0.6956	78.2184	0.7180	1.5e-04	0.5363
4927	-109.0010	-109.0010	-77.0410	0.7068	77.0502	0.7073	1.5e-04	0.5375
4928	-108.9880	-108.9880	-76.3998	0.7010	77.6899	0.7131	1.5e-04	0.5360
4929	-108.9949	-108.9949	-76.8536	0.7051	77.2325	0.7090	1.5e-04	0.5374
4930	-108.9927	-108.9927	-76.7095	0.7038	77.3781	0.7103	1.5e-04	0.5355
4931	-108.9995	-108.9995	-76.7683	0.7043	77.3113	0.7097	1.5e-04	0.5364
4932	-108.9964	-108.9964	-76.6616	0.7033	77.4382	0.7108	1.5e-04	0.5358
4933	-108.9688	-108.9688	-75.8749	0.6963	78.1658	0.7177	1.5e-04	0.5371
4934	-108.9856	-108.9856	-76.4224	0.7012	77.6450	0.7128	1.5e-04	0.5364
4935	-108.9871	-108.9871	-76.2903	0.7000	77.7826	0.7141	1.5e-04	0.5367
4936	-108.9846	-108.9846	-76.5096	0.7020	77.5693	0.7121	1.5e-04	0.5355
4937	-109.0003	-109.0003	-76.6443	0.7032	77.4536	0.7110	1.5e-04	0.5364
4938	-108.9806	-108.9806	-76.7790	0.7045	77.2877	0.7096	1.5e-04	0.5361
4939	-108.9695	-108.9695	-76.6313	0.7032	77.4331	0.7109	1.5e-04	0.5377
4940	-109.0021	-109.0021	-77.5351	0.7113	76.5659	0.7028	1.5e-04	0.5360
4941	-108.9870	-108.9870	-76.8868	0.7055	77.1956	0.7087	1.5e-04	0.5364
4942	-108.9743	-108.9743	-77.3140	0.7095	76.7425	0.7046	1.5e-04	0.5369
4943	-109.0001	-109.0001	-76.8188	0.7048	77.2767	0.7093	1.5e-04	0.5364
4944	-109.0007	-109.0007	-76.5948	0.7027	77.5131	0.7115	1.5e-04	0.5367
4945	-108.9991	-108.9991	-75.8383	0.6958	78.2557	0.7183	1.5e-04	0.5378
4946	-108.9784	-108.9784	-76.2051	0.6993	77.8668	0.7148	1.5e-04	0.5373
4947	-108.9955	-108.9955	-77.1412	0.7077	76.9480	0.7064	1.5e-04	0.5378
4948	-108.9849	-108.9849	-76.7513	0.7042	77.3205	0.7098	1.5e-04	0.5374
4949	-108.9729	-108.9729	-76.4230	0.7013	77.6446	0.7129	1.5e-04	0.5377
4950	-108.9995	-108.9995	-76.0542	0.6977	78.0040	0.7161	1.5e-04	0.5362
4951	-108.9903	-108.9903	-77.0295	0.7068	77.0638	0.7074	1.5e-04	0.5361
4952	-108.9939	-108.9939	-77.6904	0.7128	76.4023	0.7013	1.5e-04	0.5367
4953	-108.9773	-108.9773	-77.0514	0.7070	77.0209	0.7071	1.5e-04	0.5379
4954	-108.9915	-108.9915	-77.1084	0.7075	76.9830	0.7067	1.5e-04	0.5369
4955	-108.9792	-108.9792	-76.0528	0.6979	78.0242	0.7162	1.5e-04	0.5374
4956	-108.9815	-108.9815	-76.5840	0.7027	77.4887	0.7114	1.5e-04	0.5361
4957	-109.0090	-109.0090	-76.0529	0.6977	78.0511	0.7164	1.5e-04	0.5366
4958	-108.9842	-108.9842	-77.3934	0.7101	76.6722	0.7038	1.5e-04	0.5367
4959	-109.0010	-109.0010	-76.8304	0.7049	77.2782	0.7093	1.5e-04	0.5373
4960	-108.9954	-108.9954	-76.1500	0.6987	77.9429	0.7155	1.5e-04	0.5369
4961	-109.0007	-109.0007	-76.4811	0.7017	77.6196	0.7125	1.5e-04	0.5375
4962	-108.9967	-108.9967	-76.7472	0.7041	77.3496	0.7101	1.5e-04	0.5376
4963	-108.9921	-108.9921	-77.7443	0.7133	76.3521	0.7009	1.5e-04	0.5385
4964	-109.0012	-109.0012	-77.0985	0.7073	77.0025	0.7069	1.5e-04	0.5357
4965	-108.9943	-108.9943	-76.8784	0.7053	77.2236	0.7089	1.5e-04	0.5366
4966	-108.9918	-108.9918	-77.9742	0.7154	76.1091	0.6987	1.5e-04	0.5357
4967	-108.9963	-108.9963	-77.5403	0.7114	76.5657	0.7028	1.5e-04	0.5357
4968	-108.9788	-108.9788	-77.2924	0.7092	76.7836	0.7048	1.5e-04	0.5350
4969	-108.9913	-108.9913	-77.6049	0.7120	76.4643	0.7019	1.5e-04	0.5357
4970	-108.9899	-108.9899	-77.6739	0.7127	76.3843	0.7012	1.5e-04	0.5353
4971	-108.9896	-108.9896	-77.8219	0.7140	76.2514	0.7000	1.5e-04	0.5357
4972	-108.9892	-108.9892	-77.2172	0.7085	76.8510	0.7055	1.5e-04	0.5359
4973	-108.9990	-108.9990	-78.2084	0.7175	75.8539	0.6963	1.5e-04	0.5357
4974	-108.9912	-108.9912	-78.0861	0.7164	75.9846	0.6975	1.5e-04	0.5352
4975	-108.9964	-108.9964	-78.2751	0.7181	75.7788	0.6956	1.5e-04	0.5371
4976	-108.9871	-108.9871	-77.9202	0.7149	76.1688	0.6992	1.5e-04	0.5364
4977	-108.9897	-108.9897	-77.4524	0.7106	76.6355	0.7036	1.5e-04	0.5376
4978	-108.9828	-108.9828	-78.2337	0.7179	75.8247	0.6960	1.5e-04	0.5366
4979	-108.9796	-108.9796	-77.9733	0.7155	76.0865	0.6985	1.5e-04	0.5373
4980	-108.9925	-108.9925	-77.4517	0.7106	76.6459	0.7035	1.5e-04	0.5371
4981	-108.9886	-108.9886	-78.0032	0.7157	76.0674	0.6983	1.5e-04	0.5372
4982	-108.9879	-108.9879	-78.7054	0.7221	75.3455	0.6917	1.5e-04	0.5361
4983	-108.9951	-108.9951	-78.3743	0.7191	75.6984	0.6949	1.5e-04	0.5377
4984	-108.9785	-108.9785	-78.0014	0.7158	76.0595	0.6982	1.5e-04	0.5370
4985	-108.9973	-108.9973	-79.2697	0.7273	74.7678	0.6863	1.5e-04	0.5369
4986	-108.9855	-108.9855	-78.4533	0.7199	75.5909	0.6940	1.5e-04	0.5379
4987	-108.9926	-108.9926	-78.7678	0.7227	75.2937	0.6912	1.5e-04	0.5367
4988	-108.9795	-108.9795	-78.2994	0.7185	75.7409	0.6955	1.5e-04	0.5370
4989	-108.9941	-108.9941	-78.5462	0.7206	75.5269	0.6932	1.5e-04	0.5368
4990	-108.9851	-108.9851	-78.3138	0.7186	75.7530	0.6954	1.5e-04	0.5365
4991	-109.0005	-109.0005	-79.7216	0.7314	74.2876	0.6819	1.5e-04	0.5364
4992	-108.9901	-108.9901	-78.5881	0.7211	75.4782	0.6929	1.5e-04	0.5383
4993	-108.9912	-108.9912	-78.7246	0.7223	75.3263	0.6916	1.5e-04	0.5364
4994	-108.9769	-108.9769	-79.3036	0.7277	74.7020	0.6859	1.5e-04	0.5362
4995	-108.9946	-108.9946	-78.6120	0.7212	75.4557	0.6927	1.5e-04	0.5369
4996	-108.9920	-108.9920	-78.5460	0.7207	75.5281	0.6933	1.5e-04	0.5368
4997	-108.9996	-108.9996	-78.4012	0.7193	75.6729	0.6947	1.5e-04	0.5366
4998	-108.9926	-108.9926	-78.2889	0.7183	75.7916	0.6957	1.5e-04	0.5367
4999	-108.9871	-108.9871	-79.1747	0.7265	74.8655	0.6872	1.5e-04	0.5379
5000	-109.0007	-109.0007	-78.9718	0.7245	75.0755	0.6891	1.5e-04	0.5408
5001	-108.9775	-108.9775	-79.1989	0.7267	74.8188	0.6869	1.5e-04	0.5356
5002	-108.9774	-108.9774	-79.4310	0.7289	74.5736	0.6846	1.5e-04	0.5367
5003	-108.9903	-108.9903	-79.0157	0.7250	75.0298	0.6888	1.5e-04	0.5358
5004	-108.9978	-108.9978	-78.4979	0.7202	75.5711	0.6937	1.5e-04	0.5356
5005	-108.9959	-108.9959	-79.1011	0.7257	74.9167	0.6878	1.5e-04	0.5369
5006	-108.9959	-108.9959	-79.8517	0.7326	74.1263	0.6806	1.5e-04	0.5374
5007	-109.0148	-109.0148	-78.0623	0.7161	76.0538	0.6980	1.5e-04	0.5380
5008	-109.0061	-109.0061	-78.1865	0.7173	75.8841	0.6966	1.5e-04	0.5365
5009	-108.9829	-108.9829	-79.7662	0.7319	74.2144	0.6813	1.5e-04	0.5380
5010	-108.9878	-108.9878	-79.4072	0.7286	74.6030	0.6848	1.5e-04	0.5381
5011	-108.9979	-108.9979	-79.2573	0.7271	74.7612	0.6864	1.5e-04	0.5376
5012	-108.9799	-108.9799	-78.6396	0.7216	75.4071	0.6923	1.5e-04	0.5372
5013	-108.9924	-108.9924	-78.8054	0.7230	75.2404	0.6908	1.5e-04	0.5379
5014	-108.9940	-108.9940	-78.1048	0.7166	75.9815	0.6975	1.5e-04	0.5375
5015	-108.9900	-108.9900	-79.4688	0.7291	74.5563	0.6844	1.5e-04	0.5379
5016	-109.0052	-109.0052	-77.7290	0.7131	76.3707	0.7011	1.5e-04	0.5364
5017	-109.0059	-109.0059	-78.2736	0.7181	75.8154	0.6960	1.5e-04	0.5364
5018	-108.9914	-108.9914	-78.1355	0.7169	75.9388	0.6971	1.5e-04	0.5358
5019	-108.9954	-108.9954	-78.6183	0.7213	75.4472	0.6926	1.5e-04	0.5365
5020	-108.9897	-108.9897	-78.6374	0.7215	75.4223	0.6924	1.5e-04	0.5360
5021	-108.9973	-108.9973	-79.1063	0.7258	74.9314	0.6878	1.5e-04	0.5370
5022	-108.9780	-108.9780	-78.4065	0.7195	75.6531	0.6945	1.5e-04	0.5358
5023	-108.9718	-108.9718	-78.7856	0.7230	75.2415	0.6908	1.5e-04	0.5365
5024	-108.9862	-108.9862	-78.4051	0.7194	75.6615	0.6946	1.5e-04	0.5369
5025	-108.9912	-108.9912	-78.4703	0.7200	75.5988	0.6940	1.5e-04	0.5364
5026	-108.9939	-108.9939	-78.1379	0.7169	75.9362	0.6971	1.5e-04	0.5366
5027	-108.9894	-108.9894	-78.8560	0.7235	75.1950	0.6903	1.5e-04	0.5380
5028	-108.9925	-108.9925	-78.5542	0.7207	75.5151	0.6932	1.5e-04	0.5363
5029	-109.0033	-109.0033	-79.0111	0.7249	75.0426	0.6889	1.5e-04	0.5375
5030	-108.9823	-108.9823	-78.9442	0.7244	75.0854	0.6893	1.5e-04	0.5372
5031	-108.9929	-108.9929	-78.3649	0.7190	75.7035	0.6949	1.5e-04	0.5384
5032	-108.9856	-108.9856	-77.6598	0.7126	76.4163	0.7016	1.5e-04	0.5376
5033	-108.9768	-108.9768	-78.5416	0.7207	75.5172	0.6932	1.5e-04	0.5389
5034	-108.9954	-108.9954	-78.5102	0.7203	75.5643	0.6936	1.5e-04	0.5367
5035	-108.9873	-108.9873	-78.2694	0.7182	75.7902	0.6958	1.5e-04	0.5384
5036	-108.9796	-108.9796	-78.5245	0.7205	75.5219	0.6934	1.5e-04	0.5382
5037	-108.9869	-108.9869	-78.1863	0.7174	75.8750	0.6966	1.5e-04	0.5364
5038	-108.9917	-108.9917	-78.2340	0.7178	75.8038	0.6960	1.5e-04	0.5370
5039	-108.9697	-108.9697	-78.2878	0.7184	75.7703	0.6956	1.5e-04	0.5369
5040	-108.9927	-108.9927	-77.5440	0.7115	76.5318	0.7026	1.5e-04	0.5368
5041	-108.9908	-108.9908	-78.1833	0.7173	75.8982	0.6967	1.5e-04	0.5370
5042	-109.0021	-109.0021	-78.4580	0.7198	75.6253	0.6942	1.5e-04	0.5389
5043	-108.9849	-108.9849	-78.4128	0.7195	75.6546	0.6945	1.5e-04	0.5390
5044	-108.9856	-108.9856	-77.3233	0.7095	76.7693	0.7047	1.5e-04	0.5386
5045	-108.9766	-108.9766	-76.6091	0.7030	77.4635	0.7112	1.5e-04	0.5376
5046	-109.0023	-109.0023	-76.8048	0.7046	77.2999	0.7096	1.5e-04	0.5372
5047	-108.9807	-108.9807	-77.1273	0.7077	76.9255	0.7063	1.5e-04	0.5389
5048	-108.9836	-108.9836	-77.7225	0.7132	76.3329	0.7008	1.5e-04	0.5377
5049	-108.9715	-108.9715	-78.0861	0.7166	75.9771	0.6975	1.5e-04	0.5387
5050	-108.9757	-108.9757	-77.5962	0.7121	76.4765	0.7021	1.5e-04	0.5370
5051	-108.9904	-108.9904	-77.6147	0.7121	76.4593	0.7018	1.5e-04	0.5372
5052	-108.9819	-108.9819	-78.0601	0.7163	76.0092	0.6978	1.5e-04	0.5378
5053	-108.9832	-108.9832	-77.6986	0.7129	76.3675	0.7012	1.5e-04	0.5395
5054	-108.9980	-108.9980	-77.4666	0.7107	76.6284	0.7033	1.5e-04	0.5372
5055	-108.9765	-108.9765	-77.8582	0.7144	76.2176	0.6997	1.5e-04	0.5387
5056	-108.9958	-108.9958	-77.5134	0.7112	76.5763	0.7030	1.5e-04	0.5373
5057	-108.9901	-108.9901	-76.9244	0.7058	77.1685	0.7084	1.5e-04	0.5376
5058	-108.9820	-108.9820	-77.1520	0.7079	76.9342	0.7063	1.5e-04	0.5361
5059	-108.9757	-108.9757	-77.5673	0.7118	76.5087	0.7024	1.5e-04	0.5369
5060	-108.9716	-108.9716	-78.0874	0.7166	75.9749	0.6975	1.5e-04	0.5362
5061	-108.9975	-108.9975	-77.9891	0.7155	76.1026	0.6986	1.5e-04	0.5366
5062	-108.9801	-108.9801	-76.8666	0.7053	77.2193	0.7089	1.5e-04	0.5355
5063	-108.9883	-108.9883	-77.7373	0.7133	76.3462	0.7009	1.5e-04	0.5363
5064	-108.9883	-108.9883	-77.2031	0.7084	76.8796	0.7058	1.5e-04	0.5366
5065	-108.9676	-108.9676	-77.5982	0.7121	76.4643	0.7021	1.5e-04	0.5360
5066	-109.0100	-109.0100	-77.8273	0.7139	76.2773	0.7002	1.5e-04	0.5366
5067	-108.9834	-108.9834	-77.0439	0.7069	77.0387	0.7072	1.5e-04	0.5366
5068	-108.9940	-108.9940	-76.7011	0.7037	77.3697	0.7102	1.5e-04	0.5364
5069	-108.9837	-108.9837	-78.0060	0.7158	76.0687	0.6983	1.5e-04	0.5373
5070	-108.9979	-108.9979	-76.4862	0.7017	77.6136	0.7125	1.5e-04	0.5350
5071	-108.9724	-108.9724	-78.0917	0.7166	75.9475	0.6973	1.5e-04	0.5356
5072	-108.9965	-108.9965	-77.3304	0.7095	76.7784	0.7047	1.5e-04	0.5358
5073	-108.9902	-108.9902	-77.0806	0.7072	77.0181	0.7070	1.5e-04	0.5362
5074	-109.0111	-109.0111	-76.6831	0.7034	77.4275	0.7108	1.5e-04	0.5363
5075	-108.9897	-108.9897	-77.7255	0.7131	76.3661	0.7010	1.5e-04	0.5365
5076	-108.9900	-108.9900	-76.0613	0.6979	78.0226	0.7162	1.5e-04	0.5350
5077	-109.0009	-109.0009	-76.5780	0.7025	77.5140	0.7116	1.5e-04	0.5371
5078	-108.9835	-108.9835	-76.4325	0.7013	77.6386	0.7128	1.5e-04	0.5358
5079	-108.9812	-108.9812	-76.1400	0.6987	77.9297	0.7154	1.5e-04	0.5372
5080	-108.9833	-108.9833	-76.5288	0.7022	77.5549	0.7119	1.5e-04	0.5361
5081	-108.9831	-108.9831	-77.8971	0.7148	76.1750	0.6993	1.5e-04	0.5373
5082	-108.9867	-108.9867	-77.4028	0.7102	76.6776	0.7039	1.5e-04	0.5371
5083	-108.9792	-108.9792	-77.5867	0.7119	76.4644	0.7020	1.5e-04	0.5364
5084	-109.0018	-109.0018	-77.3465	0.7096	76.6972	0.7041	1.5e-04	0.5364
5085	-108.9794	-108.9794	-76.3997	0.7010	77.6676	0.7131	1.5e-04	0.5357
5086	-108.9998	-108.9998	-77.6696	0.7126	76.3904	0.7013	1.5e-04	0.5364
5087	-108.9892	-108.9892	-77.2731	0.7090	76.8105	0.7052	1.5e-04	0.5358
5088	-108.9911	-108.9911	-76.9522	0.7060	77.1519	0.7081	1.5e-04	0.5348
5089	-108.9763	-108.9763	-77.1918	0.7083	76.8935	0.7059	1.5e-04	0.5356
5090	-108.9978	-108.9978	-76.6790	0.7035	77.4116	0.7106	1.5e-04	0.5361
5091	-108.9729	-108.9729	-76.8383	0.7051	77.2306	0.7090	1.5e-04	0.5359
5092	-108.9838	-108.9838	-77.2669	0.7090	76.8239	0.7052	1.5e-04	0.5363
5093	-109.0112	-109.0112	-77.5153	0.7111	76.5950	0.7031	1.5e-04	0.5365
5094	-108.9985	-108.9985	-77.3318	0.7095	76.7616	0.7047	1.5e-04	0.5359
5095	-108.9792	-108.9792	-77.7620	0.7135	76.3155	0.7006	1.5e-04	0.5365
5096	-108.9970	-108.9970	-77.3563	0.7097	76.7414	0.7045	1.5e-04	0.5369
5097	-109.0011	-109.0011	-77.0062	0.7065	77.1040	0.7077	1.5e-04	0.5357
5098	-108.9904	-108.9904	-76.7325	0.7040	77.3570	0.7102	1.5e-04	0.5355
5099	-108.9884	-108.9884	-77.4466	0.7106	76.6413	0.7035	1.5e-04	0.5358
5100	-108.9952	-108.9952	-77.3233	0.7094	76.7669	0.7047	1.5e-04	0.5355
5101	-108.9781	-108.9781	-77.9803	0.7156	76.0797	0.6985	1.5e-04	0.5352
5102	-109.0064	-109.0064	-77.8134	0.7138	76.2873	0.7003	1.5e-04	0.5366
5103	-108.9870	-108.9870	-77.6466	0.7124	76.4401	0.7017	1.5e-04	0.5363
5104	-108.9896	-108.9896	-76.8809	0.7054	77.2081	0.7088	1.5e-04	0.5378
5105	-108.9868	-108.9868	-77.3654	0.7099	76.7120	0.7042	1.5e-04	0.5371
5106	-109.0051	-109.0051	-78.1473	0.7169	75.9481	0.6971	1.5e-04	0.5375
5107	-108.9857	-108.9857	-77.6634	0.7126	76.4243	0.7015	1.5e-04	0.5359
5108	-108.9844	-108.9844	-76.7099	0.7039	77.3821	0.7103	1.5e-04	0.5360
5109	-108.9934	-108.9934	-76.6225	0.7030	77.4743	0.7112	1.5e-04	0.5366
5110	-108.9832	-108.9832	-77.8367	0.7142	76.2428	0.6999	1.5e-04	0.5369
5111	-108.9854	-108.9854	-77.7805	0.7137	76.3064	0.7005	1.5e-04	0.5382
5112	-108.9741	-108.9741	-77.5828	0.7119	76.4827	0.7021	1.5e-04	0.5367
5113	-108.9929	-108.9929	-77.2632	0.7089	76.8355	0.7053	1.5e-04	0.5369
5114	-108.9905	-108.9905	-77.4836	0.7109	76.6050	0.7033	1.5e-04	0.5373
5115	-108.9899	-108.9899	-77.4620	0.7107	76.6000	0.7032	1.5e-04	0.5359
5116	-108.9789	-108.9789	-77.1973	0.7084	76.8750	0.7058	1.5e-04	0.5363
5117	-108.9944	-108.9944	-76.4454	0.7014	77.6504	0.7128	1.5e-04	0.5372
5118	-109.0025	-109.0025	-77.4030	0.7101	76.6796	0.7039	1.5e-04	0.5375
5119	-108.9806	-108.9806	-77.3933	0.7102	76.6741	0.7039	1.5e-04	0.5378
5120	-108.9880	-108.9880	-78.3904	0.7193	75.6798	0.6947	1.5e-04	0.5379
5121	-108.9953	-108.9953	-78.2331	0.7178	75.8525	0.6963	1.5e-04	0.5358
5122	-108.9961	-108.9961	-77.1296	0.7076	76.9659	0.7066	1.5e-04	0.5363
5123	-108.9898	-108.9898	-77.6466	0.7124	76.4213	0.7016	1.5e-04	0.5361
5124	-108.9774	-108.9774	-77.0937	0.7074	76.9843	0.7068	1.5e-04	0.5354
5125	-108.9830	-108.9830	-77.4508	0.7107	76.6313	0.7035	1.5e-04	0.5365
5126	-108.9935	-108.9935	-77.7726	0.7136	76.3207	0.7006	1.5e-04	0.5362
5127	-108.9801	-108.9801	-77.0783	0.7073	76.9926	0.7069	1.5e-04	0.5362
5128	-108.9826	-108.9826	-77.2953	0.7092	76.7909	0.7049	1.5e-04	0.5368
5129	-108.9812	-108.9812	-77.6431	0.7124	76.4037	0.7015	1.5e-04	0.5376
5130	-108.9809	-108.9809	-77.0375	0.7069	77.0447	0.7073	1.5e-04	0.5374
5131	-108.9705	-108.9705	-77.6165	0.7123	76.4469	0.7018	1.5e-04	0.5369
5132	-108.9983	-108.9983	-77.8452	0.7142	76.2522	0.6999	1.5e-04	0.5373
5133	-108.9880	-108.9880	-76.8409	0.7050	77.2397	0.7091	1.5e-04	0.5370
5134	-108.9784	-108.9784	-77.8693	0.7145	76.2095	0.6996	1.5e-04	0.5360
5135	-108.9668	-108.9668	-77.2992	0.7094	76.7607	0.7048	1.5e-04	0.5365
5136	-108.9809	-108.9809	-77.3930	0.7102	76.6839	0.7040	1.5e-04	0.5358
5137	-108.9761	-108.9761	-77.2557	0.7089	76.8185	0.7053	1.5e-04	0.5377
5138	-109.0022	-109.0022	-76.5702	0.7025	77.5385	0.7117	1.5e-04	0.5362
5139	-108.9908	-108.9908	-77.9192	0.7149	76.1611	0.6992	1.5e-04	0.5362
5140	-108.9938	-108.9938	-76.0579	0.6978	78.0256	0.7162	1.5e-04	0.5362
5141	-108.9898	-108.9898	-76.9921	0.7064	77.0918	0.7078	1.5e-04	0.5365
5142	-108.9673	-108.9673	-76.6623	0.7035	77.3849	0.7104	1.5e-04	0.5355
5143	-108.9893	-108.9893	-77.0674	0.7071	77.0186	0.7071	1.5e-04	0.5372
5144	-108.9827	-108.9827	-77.0625	0.7071	77.0228	0.7071	1.5e-04	0.5366
5145	-108.9858	-108.9858	-76.7389	0.7041	77.3522	0.7101	1.5e-04	0.5381
5146	-108.9956	-108.9956	-76.6308	0.7031	77.4668	0.7111	1.5e-04	0.5365
5147	-108.9848	-108.9848	-76.3702	0.7007	77.7072	0.7133	1.5e-04	0.5368
5148	-108.9804	-108.9804	-77.5291	0.7114	76.5472	0.7028	1.5e-04	0.5371
5149	-108.9776	-108.9776	-76.1041	0.6983	77.9512	0.7157	1.5e-04	0.5380
5150	-108.9801	-108.9801	-76.0823	0.6981	77.9543	0.7157	1.5e-04	0.5387
5151	-108.9909	-108.9909	-76.3820	0.7008	77.7017	0.7133	1.5e-04	0.5381
5152	-109.0017	-109.0018	-75.7535	0.6950	78.3328	0.7190	1.5e-04	0.5366
5153	-108.9797	-108.9798	-75.9249	0.6967	78.1409	0.7174	1.5e-04	0.5373
5154	-108.9847	-108.9847	-76.8284	0.7049	77.2492	0.7092	1.5e-04	0.5380
5155	-108.9857	-108.9857	-76.7467	0.7042	77.3317	0.7099	1.5e-04	0.5373
5156	-108.9936	-108.9936	-76.8991	0.7055	77.1976	0.7086	1.5e-04	0.5356
5157	-108.9986	-108.9986	-76.0021	0.6973	78.0754	0.7167	1.5e-04	0.5383
5158	-108.9905	-108.9906	-75.0394	0.6885	78.9970	0.7252	1.5e-04	0.5373
5159	-108.9727	-108.9728	-75.6752	0.6944	78.3621	0.7195	1.5e-04	0.5373
5160	-109.0065	-109.0065	-76.1602	0.6987	77.9437	0.7154	1.5e-04	0.5378
5161	-108.9851	-108.9851	-76.2044	0.6992	77.8727	0.7149	1.5e-04	0.5383
5162	-108.9806	-108.9806	-76.6156	0.7030	77.4768	0.7112	1.5e-04	0.5357
5163	-108.9955	-108.9955	-76.0419	0.6977	78.0294	0.7163	1.5e-04	0.5377
5164	-108.9932	-108.9933	-74.9866	0.6880	79.0628	0.7257	1.5e-04	0.5358
5165	-108.9772	-108.9772	-75.9482	0.6969	78.1092	0.7170	1.5e-04	0.5373
5166	-108.9783	-108.9783	-76.0522	0.6979	78.0119	0.7162	1.5e-04	0.5373
5167	-108.9883	-108.9883	-76.3973	0.7010	77.6853	0.7132	1.5e-04	0.5377
5168	-108.9848	-108.9848	-75.7957	0.6955	78.2771	0.7185	1.5e-04	0.5371
5169	-108.9861	-108.9862	-75.6491	0.6941	78.4123	0.7199	1.5e-04	0.5389
5170	-108.9855	-108.9855	-76.7265	0.7040	77.3661	0.7102	1.5e-04	0.5377
5171	-108.9887	-108.9887	-76.0321	0.6976	78.0221	0.7162	1.5e-04	0.5378
5172	-108.9872	-108.9872	-76.9183	0.7058	77.1789	0.7085	1.5e-04	0.5379
5173	-108.9768	-108.9768	-76.3851	0.7009	77.6922	0.7132	1.5e-04	0.5383
5174	-108.9789	-108.9789	-77.0613	0.7071	77.0134	0.7070	1.5e-04	0.5378
5175	-108.9826	-108.9826	-76.8648	0.7053	77.2171	0.7089	1.5e-04	0.5386
5176	-108.9708	-108.9708	-76.7655	0.7045	77.3078	0.7097	1.5e-04	0.5379
5177	-109.0027	-109.0027	-77.7889	0.7136	76.3138	0.7005	1.5e-04	0.5374
5178	-108.9809	-108.9809	-76.5405	0.7023	77.5432	0.7118	1.5e-04	0.5371
5179	-109.0143	-109.0143	-76.3706	0.7006	77.7182	0.7134	1.5e-04	0.5381
5180	-108.9866	-108.9866	-77.0441	0.7069	77.0393	0.7073	1.5e-04	0.5381
5181	-108.9819	-108.9819	-76.0818	0.6981	77.9908	0.7160	1.5e-04	0.5382
5182	-108.9774	-108.9774	-76.9231	0.7059	77.1611	0.7083	1.5e-04	0.5382
5183	-108.9886	-108.9886	-77.3681	0.7099	76.7246	0.7043	1.5e-04	0.5380
5184	-108.9948	-108.9948	-76.6595	0.7033	77.4094	0.7106	1.5e-04	0.5362
5185	-109.0026	-109.0026	-76.8931	0.7054	77.2107	0.7088	1.5e-04	0.5368
5186	-108.9975	-108.9975	-76.9062	0.7056	77.1891	0.7086	1.5e-04	0.5357
5187	-108.9817	-108.9817	-75.7603	0.6952	78.2947	0.7188	1.5e-04	0.5364
5188	-108.9903	-108.9903	-77.6914	0.7128	76.3950	0.7013	1.5e-04	0.5372
5189	-108.9797	-108.9797	-77.1568	0.7080	76.9233	0.7061	1.5e-04	0.5363
5190	-108.9837	-108.9837	-76.5565	0.7025	77.5201	0.7117	1.5e-04	0.5359
5191	-108.9868	-108.9868	-76.7920	0.7046	77.2959	0.7096	1.5e-04	0.5381
5192	-108.9819	-108.9819	-76.6696	0.7035	77.4136	0.7107	1.5e-04	0.5387
5193	-108.9851	-108.9851	-76.9429	0.7060	77.1473	0.7082	1.5e-04	0.5390
5194	-108.9913	-108.9913	-77.0725	0.7071	77.0214	0.7070	1.5e-04	0.5370
5195	-108.9804	-108.9804	-77.4576	0.7107	76.6194	0.7034	1.5e-04	0.5363
5196	-108.9781	-108.9781	-77.3813	0.7101	76.6974	0.7041	1.5e-04	0.5362
5197	-108.9896	-108.9896	-76.6659	0.7034	77.4248	0.7107	1.5e-04	0.5367
5198	-108.9892	-108.9892	-77.0723	0.7072	77.0052	0.7069	1.5e-04	0.5371
5199	-108.9851	-108.9851	-76.3486	0.7005	77.7271	0.7135	1.5e-04	0.5373
5200	-108.9969	-108.9969	-76.7284	0.7040	77.3652	0.7102	1.5e-04	0.5379
5201	-108.9883	-108.9883	-76.7740	0.7044	77.3037	0.7098	1.5e-04	0.5358
5202	-108.9955	-108.9955	-76.0579	0.6978	78.0149	0.7162	1.5e-04	0.5379
5203	-108.9884	-108.9884	-77.0951	0.7074	76.9924	0.7068	1.5e-04	0.5372
5204	-108.9893	-108.9893	-76.9774	0.7063	77.1193	0.7079	1.5e-04	0.5378
5205	-108.9939	-108.9939	-76.8361	0.7050	77.2471	0.7091	1.5e-04	0.5378
5206	-108.9748	-108.9748	-76.6266	0.7032	77.4359	0.7108	1.5e-04	0.5369
5207	-109.0027	-109.0027	-76.8406	0.7049	77.2587	0.7092	1.5e-04	0.5369
5208	-108.9824	-108.9824	-77.2090	0.7085	76.8653	0.7057	1.5e-04	0.5365
5209	-108.9804	-108.9804	-75.9698	0.6971	78.0959	0.7170	1.5e-04	0.5364
5210	-108.9795	-108.9795	-77.2412	0.7088	76.8382	0.7054	1.5e-04	0.5373
5211	-108.9883	-108.9883	-76.5082	0.7020	77.5552	0.7120	1.5e-04	0.5382
5212	-109.0001	-109.0001	-76.9858	0.7063	77.1075	0.7077	1.5e-04	0.5362
5213	-108.9935	-108.9935	-77.6060	0.7120	76.4716	0.7020	1.5e-04	0.5367
5214	-108.9836	-108.9836	-76.1174	0.6984	77.9676	0.7157	1.5e-04	0.5352
5215	-108.9958	-108.9958	-76.6435	0.7032	77.4544	0.7110	1.5e-04	0.5368
5216	-109.0001	-109.0001	-76.9689	0.7061	77.1294	0.7081	1.5e-04	0.5368
5217	-108.9714	-108.9714	-76.6106	0.7030	77.4606	0.7111	1.5e-04	0.5378
5218	-109.0048	-109.0048	-77.7001	0.7128	76.4063	0.7014	1.5e-04	0.5372
5219	-108.9863	-108.9863	-76.8395	0.7050	77.2453	0.7091	1.5e-04	0.5380
5220	-108.9932	-108.9932	-76.9942	0.7064	77.1007	0.7078	1.5e-04	0.5371
5221	-108.9862	-108.9862	-77.0828	0.7073	76.9848	0.7068	1.5e-04	0.5374
5222	-108.9808	-108.9808	-76.9803	0.7064	77.0955	0.7078	1.5e-04	0.5365
5223	-108.9857	-108.9857	-76.9320	0.7059	77.1512	0.7082	1.5e-04	0.5365
5224	-108.9751	-108.9751	-76.8392	0.7051	77.2373	0.7091	1.5e-04	0.5356
5225	-108.9791	-108.9791	-76.7645	0.7044	77.3124	0.7097	1.5e-04	0.5363
5226	-109.0040	-109.0040	-76.5874	0.7026	77.5091	0.7115	1.5e-04	0.5372
5227	-108.9846	-108.9846	-76.3278	0.7004	77.7438	0.7137	1.5e-04	0.5361
5228	-108.9829	-108.9829	-76.3509	0.7006	77.7300	0.7136	1.5e-04	0.5360
5229	-109.0033	-109.0033	-76.5644	0.7024	77.5404	0.7118	1.5e-04	0.5358
5230	-108.9934	-108.9934	-77.0066	0.7065	77.0857	0.7076	1.5e-04	0.5359
5231	-108.9838	-108.9838	-77.3659	0.7099	76.6974	0.7041	1.5e-04	0.5364
5232	-109.0022	-109.0022	-76.7528	0.7041	77.3587	0.7101	1.5e-04	0.5357
5233	-108.9767	-108.9767	-76.7091	0.7039	77.3661	0.7103	1.5e-04	0.5369
5234	-108.9723	-108.9724	-75.4280	0.6922	78.6153	0.7217	1.5e-04	0.5372
5235	-109.0068	-109.0068	-77.3657	0.7097	76.7375	0.7045	1.5e-04	0.5378
5236	-108.9857	-108.9857	-76.8850	0.7055	77.2105	0.7087	1.5e-04	0.5371
5237	-108.9767	-108.9767	-75.8671	0.6962	78.2002	0.7179	1.5e-04	0.5362
5238	-108.9844	-108.9844	-76.4228	0.7012	77.6632	0.7129	1.5e-04	0.5356
5239	-108.9883	-108.9883	-76.4944	0.7019	77.5701	0.7120	1.5e-04	0.5372
5240	-108.9692	-108.9692	-77.6093	0.7122	76.4599	0.7019	1.5e-04	0.5380
5241	-108.9854	-108.9854	-76.4487	0.7015	77.5977	0.7123	1.5e-04	0.5381
5242	-109.0063	-109.0063	-77.3903	0.7100	76.7252	0.7042	1.5e-04	0.5375
5243	-108.9967	-108.9967	-77.1492	0.7078	76.9617	0.7064	1.5e-04	0.5379
5244	-108.9935	-108.9935	-76.8759	0.7053	77.2127	0.7089	1.5e-04	0.5376
5245	-108.9861	-108.9861	-76.9037	0.7056	77.1776	0.7085	1.5e-04	0.5378
5246	-108.9818	-108.9818	-76.7206	0.7040	77.3696	0.7102	1.5e-04	0.5373
5247	-109.0040	-109.0040	-76.6198	0.7029	77.4949	0.7112	1.5e-04	0.5374
5248	-108.9769	-108.9769	-77.5215	0.7114	76.5613	0.7028	1.5e-04	0.5376
5249	-108.9906	-108.9906	-76.6207	0.7030	77.4618	0.7111	1.5e-04	0.5378
5250	-109.0026	-109.0026	-77.6229	0.7121	76.4683	0.7019	1.5e-04	0.5360
5251	-108.9841	-108.9841	-77.5938	0.7120	76.5019	0.7022	1.5e-04	0.5370
5252	-108.9944	-108.9944	-77.9952	0.7156	76.0880	0.6985	1.5e-04	0.5361
5253	-108.9799	-108.9799	-77.5048	0.7112	76.5438	0.7027	1.5e-04	0.5375
5254	-108.9751	-108.9751	-77.2044	0.7085	76.8590	0.7056	1.5e-04	0.5365
5255	-108.9985	-108.9985	-78.3108	0.7185	75.7698	0.6956	1.5e-04	0.5373
5256	-108.9811	-108.9811	-77.6976	0.7129	76.3504	0.7010	1.5e-04	0.5355
5257	-108.9869	-108.9869	-78.3050	0.7185	75.7614	0.6955	1.5e-04	0.5367
5258	-108.9981	-108.9981	-78.3799	0.7191	75.7023	0.6949	1.5e-04	0.5363
5259	-108.9940	-108.9940	-77.7440	0.7133	76.3463	0.7008	1.5e-04	0.5365
5260	-108.9696	-108.9696	-77.8282	0.7142	76.2308	0.6998	1.5e-04	0.5372
5261	-108.9809	-108.9809	-77.6028	0.7121	76.4074	0.7015	1.5e-04	0.5371
5262	-108.9939	-108.9939	-78.9661	0.7245	75.0714	0.6891	1.5e-04	0.5364
5263	-108.9958	-108.9958	-78.1892	0.7174	75.8898	0.6967	1.5e-04	0.5369
5264	-108.9879	-108.9879	-77.3978	0.7101	76.6887	0.7040	1.5e-04	0.5373
5265	-108.9976	-108.9976	-78.7228	0.7222	75.3488	0.6916	1.5e-04	0.5387
5266	-108.9973	-108.9973	-78.4193	0.7195	75.6556	0.6944	1.5e-04	0.5367
5267	-108.9997	-108.9997	-78.5356	0.7205	75.5446	0.6934	1.5e-04	0.5366
5268	-108.9998	-108.9998	-77.9373	0.7150	76.1571	0.6990	1.5e-04	0.5365
5269	-108.9996	-108.9996	-76.4940	0.7018	77.6134	0.7124	1.5e-04	0.5367
5270	-108.9813	-108.9813	-77.7209	0.7132	76.3591	0.7010	1.5e-04	0.5359
5271	-108.9829	-108.9829	-78.2741	0.7182	75.7928	0.6958	1.5e-04	0.5366
5272	-108.9863	-108.9863	-77.1245	0.7077	76.9534	0.7064	1.5e-04	0.5362
5273	-108.9860	-108.9860	-78.5560	0.7208	75.4987	0.6931	1.5e-04	0.5370
5274	-108.9808	-108.9808	-78.4243	0.7196	75.6066	0.6941	1.5e-04	0.5359
5275	-108.9978	-108.9978	-78.2570	0.7180	75.8285	0.6961	1.5e-04	0.5369
5276	-108.9861	-108.9861	-78.1956	0.7175	75.8691	0.6965	1.5e-04	0.5362
5277	-108.9726	-108.9726	-77.9306	0.7151	76.1344	0.6990	1.5e-04	0.5365
5278	-108.9854	-108.9854	-78.6358	0.7215	75.4004	0.6922	1.5e-04	0.5370
5279	-108.9922	-108.9922	-78.0992	0.7166	75.9870	0.6975	1.5e-04	0.5363
5280	-108.9877	-108.9877	-78.1061	0.7167	75.9717	0.6974	1.5e-04	0.5359
5281	-108.9952	-108.9952	-77.6794	0.7127	76.4073	0.7015	1.5e-04	0.5379
5282	-108.9676	-108.9676	-77.7500	0.7135	76.3147	0.7006	1.5e-04	0.5376
5283	-108.9853	-108.9853	-78.7271	0.7224	75.3066	0.6913	1.5e-04	0.5372
5284	-108.9860	-108.9860	-77.7007	0.7129	76.3627	0.7010	1.5e-04	0.5375
5285	-108.9886	-108.9886	-76.8182	0.7048	77.2758	0.7094	1.5e-04	0.5380
5286	-108.9819	-108.9819	-77.8909	0.7147	76.1854	0.6994	1.5e-04	0.5362
5287	-108.9846	-108.9846	-77.6807	0.7128	76.3911	0.7012	1.5e-04	0.5381
5288	-108.9993	-108.9993	-77.6867	0.7127	76.4223	0.7014	1.5e-04	0.5376
5289	-108.9910	-108.9910	-78.2060	0.7175	75.8744	0.6965	1.5e-04	0.5379
5290	-109.0001	-109.0001	-77.9405	0.7151	76.1489	0.6990	1.5e-04	0.5374
5291	-108.9893	-108.9893	-78.5982	0.7212	75.4669	0.6928	1.5e-04	0.5373
5292	-108.9920	-108.9920	-77.5011	0.7111	76.5960	0.7031	1.5e-04	0.5368
5293	-108.9904	-108.9904	-77.0719	0.7071	77.0204	0.7071	1.5e-04	0.5360
5294	-108.9697	-108.9697	-78.1273	0.7170	75.9374	0.6971	1.5e-04	0.5353
5295	-109.0053	-109.0053	-78.2332	0.7177	75.8624	0.6963	1.5e-04	0.5354
5296	-108.9925	-108.9925	-78.9709	0.7246	75.0758	0.6892	1.5e-04	0.5361
5297	-108.9890	-108.9890	-78.9122	0.7240	75.1261	0.6897	1.5e-04	0.5361
5298	-108.9875	-108.9875	-78.3836	0.7192	75.6831	0.6948	1.5e-04	0.5366
5299	-108.9794	-108.9794	-77.9821	0.7156	76.0925	0.6985	1.5e-04	0.5373
5300	-108.9845	-108.9845	-78.7531	0.7226	75.2988	0.6913	1.5e-04	0.5365
5301	-108.9846	-108.9846	-79.1484	0.7262	74.8888	0.6874	1.5e-04	0.5359
5302	-108.9946	-108.9946	-78.5241	0.7204	75.5171	0.6933	1.5e-04	0.5356
5303	-108.9810	-108.9810	-78.4406	0.7198	75.5530	0.6937	1.5e-04	0.5365
5304	-108.9767	-108.9767	-78.2228	0.7178	75.8355	0.6962	1.5e-04	0.5361
5305	-109.0046	-109.0046	-78.4493	0.7197	75.6297	0.6943	1.5e-04	0.5385
5306	-108.9793	-108.9793	-78.0076	0.7158	76.0568	0.6982	1.5e-04	0.5382
5307	-108.9805	-108.9805	-77.7683	0.7136	76.3039	0.7005	1.5e-04	0.5370
5308	-108.9842	-108.9842	-78.3669	0.7191	75.6920	0.6949	1.5e-04	0.5368
5309	-108.9873	-108.9873	-78.3640	0.7190	75.7032	0.6950	1.5e-04	0.5360
5310	-108.9987	-108.9987	-78.4655	0.7199	75.6166	0.6941	1.5e-04	0.5360
5311	-108.9747	-108.9747	-77.6170	0.7122	76.4473	0.7019	1.5e-04	0.5369
5312	-108.9759	-108.9759	-77.8940	0.7148	76.1723	0.6993	1.5e-04	0.5351
5313	-108.9882	-108.9882	-78.9702	0.7246	75.0726	0.6892	1.5e-04	0.5368
5314	-108.9937	-108.9937	-77.8720	0.7145	76.2138	0.6996	1.5e-04	0.5368
5315	-109.0061	-109.0061	-78.1922	0.7173	75.8990	0.6967	1.5e-04	0.5373
5316	-109.0040	-109.0040	-77.7984	0.7137	76.2702	0.7001	1.5e-04	0.5371
5317	-108.9968	-108.9968	-78.3282	0.7186	75.7488	0.6953	1.5e-04	0.5361
5318	-109.0014	-109.0014	-77.9436	0.7151	76.1480	0.6991	1.5e-04	0.5361
5319	-108.9926	-108.9926	-77.0712	0.7071	77.0190	0.7071	1.5e-04	0.5366
5320	-108.9873	-108.9873	-78.2271	0.7178	75.8430	0.6962	1.5e-04	0.5360
5321	-108.9640	-108.9640	-77.5441	0.7116	76.4928	0.7023	1.5e-04	0.5355
5322	-108.9765	-108.9765	-77.6321	0.7124	76.4416	0.7017	1.5e-04	0.5358
5323	-108.9863	-108.9863	-77.9551	0.7153	76.1258	0.6988	1.5e-04	0.5352
5324	-108.9891	-108.9891	-78.0683	0.7163	75.9964	0.6977	1.5e-04	0.5361
5325	-108.9801	-108.9801	-78.0828	0.7165	75.9843	0.6976	1.5e-04	0.5360
5326	-108.9876	-108.9876	-77.6429	0.7124	76.4361	0.7018	1.5e-04	0.5368
5327	-108.9896	-108.9896	-78.2027	0.7175	75.8620	0.6964	1.5e-04	0.5351
5328	-108.9808	-108.9808	-78.1801	0.7174	75.8887	0.6966	1.5e-04	0.5357
5329	-108.9889	-108.9889	-78.2045	0.7175	75.8638	0.6965	1.5e-04	0.5365
5330	-108.9985	-108.9985	-76.3946	0.7009	77.6953	0.7133	1.5e-04	0.5362
5331	-108.9869	-108.9869	-77.6366	0.7123	76.4237	0.7016	1.5e-04	0.5366
5332	-108.9666	-108.9666	-78.3363	0.7189	75.6990	0.6951	1.5e-04	0.5360
5333	-108.9812	-108.9812	-77.4570	0.7107	76.6249	0.7034	1.5e-04	0.5354
5334	-108.9799	-108.9799	-77.6808	0.7128	76.3922	0.7014	1.5e-04	0.5357
5335	-109.0060	-109.0060	-77.5008	0.7110	76.6062	0.7032	1.5e-04	0.5383
5336	-108.9790	-108.9790	-77.8298	0.7142	76.2285	0.6998	1.5e-04	0.5369
5337	-108.9913	-108.9913	-77.3707	0.7099	76.7120	0.7043	1.5e-04	0.5374
5338	-108.9808	-108.9808	-77.7214	0.7132	76.3549	0.7009	1.5e-04	0.5383
5339	-108.9997	-108.9997	-77.3268	0.7094	76.7725	0.7047	1.5e-04	0.5359
5340	-108.9778	-108.9778	-77.6492	0.7125	76.4283	0.7016	1.5e-04	0.5359
5341	-108.9907	-108.9907	-77.2844	0.7091	76.8162	0.7051	1.5e-04	0.5369
5342	-108.9843	-108.9843	-76.7558	0.7043	77.3210	0.7098	1.5e-04	0.5364
5343	-108.9847	-108.9847	-76.4473	0.7015	77.6188	0.7126	1.5e-04	0.5379
5344	-108.9967	-108.9967	-77.6975	0.7128	76.4043	0.7013	1.4e-04	0.5376
5345	-109.0037	-109.0037	-76.5878	0.7026	77.5046	0.7114	1.4e-04	0.5362
5346	-108.9858	-108.9858	-77.0428	0.7069	77.0492	0.7073	1.4e-04	0.5361
5347	-109.0045	-109.0045	-76.1964	0.6990	77.8890	0.7149	1.4e-04	0.5367
5348	-108.9690	-108.9690	-76.7945	0.7047	77.2565	0.7093	1.4e-04	0.5361
5349	-108.9730	-108.9730	-77.7639	0.7136	76.3012	0.7005	1.4e-04	0.5371
5350	-108.9820	-108.9820	-77.6315	0.7123	76.4378	0.7018	1.4e-04	0.5368
5351	-108.9862	-108.9862	-76.0135	0.6975	78.0606	0.7166	1.4e-04	0.5373
5352	-109.0057	-109.0057	-77.5948	0.7118	76.5069	0.7023	1.4e-04	0.5355
5353	-108.9977	-108.9977	-77.5074	0.7111	76.5932	0.7031	1.4e-04	0.5368
5354	-108.9830	-108.9830	-76.7106	0.7039	77.3528	0.7101	1.4e-04	0.5365
5355	-108.9954	-108.9954	-77.4584	0.7107	76.6398	0.7035	1.4e-04	0.5371
5356	-108.9915	-108.9915	-76.8939	0.7055	77.2067	0.7087	1.4e-04	0.5374
5357	-108.9782	-108.9782	-76.4328	0.7014	77.6413	0.7127	1.4e-04	0.5384
5358	-108.9991	-108.9991	-76.9262	0.7058	77.1908	0.7085	1.4e-04	0.5372
5359	-108.9810	-108.9810	-77.3122	0.7094	76.7683	0.7048	1.4e-04	0.5389
5360	-108.9923	-108.9923	-75.8813	0.6962	78.1946	0.7178	1.4e-04	0.5373
5361	-108.9937	-108.9937	-77.1373	0.7077	76.9592	0.7065	1.4e-04	0.5375
5362	-108.9849	-108.9849	-76.6065	0.7029	77.4855	0.7113	1.4e-04	0.5383
5363	-108.9849	-108.9849	-76.6578	0.7034	77.4301	0.7108	1.4e-04	0.5368
5364	-109.0023	-109.0023	-77.0034	0.7064	77.1102	0.7078	1.4e-04	0.5363
5365	-108.9834	-108.9834	-77.2020	0.7084	76.8705	0.7057	1.4e-04	0.5378
5366	-108.9840	-108.9840	-76.7346	0.7041	77.3334	0.7099	1.4e-04	0.5375
5367	-108.9893	-108.9893	-76.0362	0.6976	78.0402	0.7164	1.4e-04	0.5377
5368	-108.9930	-108.9930	-76.5256	0.7021	77.5714	0.7121	1.4e-04	0.5376
5369	-108.9940	-108.9940	-77.6911	0.7128	76.4097	0.7013	1.4e-04	0.5375
5370	-108.9762	-108.9762	-77.3146	0.7095	76.7490	0.7047	1.4e-04	0.5352
5371	-108.9876	-108.9876	-78.1518	0.7171	75.9191	0.6970	1.4e-04	0.5352
5372	-108.9916	-108.9916	-78.0112	0.7158	76.0432	0.6981	1.4e-04	0.5382
5373	-108.9968	-108.9968	-77.0899	0.7073	76.9881	0.7067	1.4e-04	0.5384
5374	-108.9881	-108.9881	-77.4734	0.7108	76.6130	0.7033	1.4e-04	0.5370
5375	-108.9984	-108.9984	-77.4271	0.7104	76.6795	0.7038	1.4e-04	0.5376
5376	-108.9917	-108.9917	-77.4440	0.7105	76.6517	0.7036	1.4e-04	0.5362
5377	-108.9939	-108.9939	-77.0482	0.7069	77.0542	0.7073	1.4e-04	0.5369
5378	-108.9787	-108.9787	-77.5226	0.7114	76.5480	0.7028	1.4e-04	0.5368
5379	-108.9949	-108.9949	-78.0411	0.7160	76.0414	0.6981	1.4e-04	0.5366
5380	-109.0003	-109.0003	-77.0734	0.7071	77.0270	0.7071	1.4e-04	0.5363
5381	-109.0073	-109.0073	-76.7909	0.7045	77.3221	0.7097	1.4e-04	0.5365
5382	-108.9869	-108.9869	-77.5986	0.7120	76.4832	0.7022	1.4e-04	0.5371
5383	-108.9799	-108.9799	-77.4587	0.7108	76.6168	0.7034	1.4e-04	0.5369
5384	-108.9829	-108.9829	-77.5127	0.7112	76.5727	0.7029	1.4e-04	0.5359
5385	-108.9974	-108.9974	-76.7754	0.7044	77.3288	0.7098	1.4e-04	0.5365
5386	-108.9851	-108.9851	-76.9198	0.7058	77.1599	0.7083	1.4e-04	0.5364
5387	-108.9795	-108.9795	-77.3571	0.7098	76.7256	0.7044	1.4e-04	0.5361
5388	-108.9851	-108.9851	-76.0614	0.6979	78.0218	0.7162	1.4e-04	0.5363
5389	-108.9883	-108.9883	-77.3011	0.7093	76.7922	0.7049	1.4e-04	0.5373
5390	-109.0061	-109.0061	-77.0143	0.7065	77.0534	0.7074	1.4e-04	0.5380
5391	-108.9764	-108.9764	-76.9177	0.7058	77.0964	0.7078	1.4e-04	0.5378
5392	-108.9983	-108.9983	-77.6298	0.7122	76.4603	0.7019	1.4e-04	0.5362
5393	-108.9987	-108.9987	-76.0666	0.6979	78.0126	0.7162	1.4e-04	0.5358
5394	-109.0083	-109.0083	-77.3051	0.7092	76.8121	0.7050	1.4e-04	0.5349
5395	-108.9793	-108.9793	-77.1848	0.7083	76.9018	0.7060	1.4e-04	0.5364
5396	-108.9723	-108.9723	-76.5483	0.7025	77.5191	0.7117	1.4e-04	0.5366
5397	-109.0026	-109.0026	-77.4160	0.7102	76.6838	0.7039	1.4e-04	0.5388
5398	-108.9984	-108.9984	-76.2838	0.6999	77.8108	0.7143	1.4e-04	0.5372
5399	-108.9830	-108.9830	-76.7969	0.7047	77.2901	0.7095	1.4e-04	0.5360
5400	-108.9799	-108.9799	-76.8655	0.7053	77.2232	0.7089	1.4e-04	0.5365
5401	-108.9971	-108.9971	-77.6513	0.7124	76.4302	0.7017	1.4e-04	0.5350
5402	-108.9895	-108.9895	-76.8321	0.7050	77.2587	0.7092	1.4e-04	0.5364
5403	-108.9810	-108.9810	-77.1234	0.7077	76.9645	0.7065	1.4e-04	0.5370
5404	-108.9983	-108.9983	-76.6756	0.7035	77.4221	0.7107	1.4e-04	0.5366
5405	-108.9981	-108.9981	-77.4947	0.7110	76.6040	0.7032	1.4e-04	0.5357
5406	-108.9762	-108.9762	-77.4369	0.7106	76.6335	0.7036	1.4e-04	0.5356
5407	-108.9880	-108.9880	-77.5341	0.7114	76.5423	0.7027	1.4e-04	0.5384
5408	-108.9865	-108.9865	-76.6832	0.7036	77.3890	0.7105	1.4e-04	0.5376
5409	-108.9857	-108.9857	-77.2576	0.7089	76.8239	0.7053	1.4e-04	0.5381
5410	-108.9731	-108.9731	-77.4437	0.7107	76.6223	0.7034	1.4e-04	0.5372
5411	-108.9738	-108.9738	-76.5856	0.7028	77.4903	0.7114	1.4e-04	0.5374
5412	-108.9998	-108.9998	-76.9945	0.7064	77.1144	0.7078	1.4e-04	0.5368
5413	-108.9908	-108.9908	-76.9213	0.7058	77.1621	0.7083	1.4e-04	0.5381
5414	-108.9982	-108.9982	-76.8068	0.7047	77.2868	0.7094	1.4e-04	0.5381
5415	-108.9920	-108.9920	-76.9006	0.7056	77.1955	0.7086	1.4e-04	0.5377
5416	-108.9800	-108.9800	-77.5884	0.7120	76.4984	0.7022	1.4e-04	0.5373
5417	-108.9878	-108.9878	-76.6321	0.7031	77.4414	0.7110	1.4e-04	0.5376
5418	-108.9771	-108.9771	-76.2216	0.6994	77.8448	0.7147	1.4e-04	0.5369
5419	-108.9704	-108.9704	-76.5939	0.7029	77.4723	0.7113	1.4e-04	0.5385
5420	-108.9794	-108.9794	-77.8169	0.7141	76.2622	0.7001	1.4e-04	0.5374
5421	-108.9896	-108.9896	-77.7663	0.7135	76.3160	0.7006	1.4e-04	0.5363
5422	-109.0100	-109.0100	-77.0648	0.7070	77.0412	0.7072	1.4e-04	0.5360
5423	-108.9850	-108.9850	-77.4281	0.7104	76.6486	0.7036	1.4e-04	0.5362
5424	-108.9814	-108.9814	-78.4587	0.7199	75.5878	0.6940	1.4e-04	0.5350
5425	-108.9910	-108.9910	-77.5874	0.7119	76.4522	0.7019	1.4e-04	0.5370
5426	-108.9709	-108.9709	-77.4299	0.7106	76.6323	0.7035	1.4e-04	0.5370
5427	-108.9953	-108.9953	-77.0460	0.7069	77.0324	0.7071	1.4e-04	0.5372
5428	-108.9924	-108.9924	-77.2208	0.7085	76.8687	0.7057	1.4e-04	0.5379
5429	-108.9810	-108.9810	-77.5087	0.7112	76.5760	0.7030	1.4e-04	0.5387
5430	-108.9944	-108.9944	-77.2147	0.7084	76.8811	0.7058	1.4e-04	0.5372
5431	-108.9811	-108.9811	-76.9162	0.7058	77.1642	0.7084	1.4e-04	0.5359
5432	-108.9923	-108.9923	-76.5663	0.7025	77.5115	0.7116	1.4e-04	0.5358
5433	-108.9841	-108.9841	-77.4960	0.7111	76.5661	0.7029	1.4e-04	0.5360
5434	-108.9739	-108.9739	-77.4562	0.7108	76.6131	0.7033	1.4e-04	0.5358
5435	-108.9847	-108.9847	-77.3700	0.7099	76.7016	0.7041	1.4e-04	0.5376
5436	-109.0049	-109.0049	-76.9419	0.7059	77.1600	0.7083	1.4e-04	0.5369
5437	-108.9842	-108.9842	-77.0521	0.7070	77.0407	0.7072	1.4e-04	0.5376
5438	-108.9799	-108.9799	-77.6538	0.7126	76.4202	0.7016	1.4e-04	0.5376
5439	-109.0061	-109.0061	-76.9222	0.7057	77.1800	0.7085	1.4e-04	0.5379
5440	-108.9841	-108.9841	-77.6131	0.7122	76.4644	0.7020	1.4e-04	0.5373
5441	-108.9931	-108.9931	-78.2497	0.7179	75.8290	0.6960	1.4e-04	0.5372
5442	-108.9982	-108.9982	-77.2771	0.7090	76.8337	0.7052	1.4e-04	0.5376
5443	-108.9920	-108.9920	-78.8125	0.7231	75.2148	0.6904	1.4e-04	0.5371
5444	-109.0034	-109.0034	-77.1327	0.7076	76.9761	0.7066	1.4e-04	0.5360
5445	-108.9919	-108.9919	-77.9801	0.7155	76.0856	0.6984	1.4e-04	0.5364
5446	-109.0108	-109.0108	-77.5955	0.7118	76.5168	0.7023	1.4e-04	0.5362
5447	-108.9854	-108.9854	-77.6925	0.7129	76.3942	0.7013	1.4e-04	0.5354
5448	-108.9939	-108.9939	-78.0770	0.7163	75.9733	0.6975	1.4e-04	0.5347
5449	-108.9792	-108.9792	-77.8461	0.7143	76.2178	0.6997	1.4e-04	0.5365
5450	-108.9859	-108.9859	-77.1412	0.7078	76.9464	0.7064	1.4e-04	0.5363
5451	-108.9967	-108.9967	-78.4067	0.7193	75.6628	0.6946	1.4e-04	0.5356
5452	-108.9918	-108.9918	-77.9642	0.7153	76.1176	0.6988	1.4e-04	0.5358
5453	-108.9901	-108.9901	-77.4857	0.7109	76.5708	0.7029	1.4e-04	0.5362
5454	-108.9789	-108.9789	-77.4134	0.7104	76.6627	0.7038	1.4e-04	0.5347
5455	-109.0064	-109.0064	-77.7620	0.7134	76.3159	0.7005	1.4e-04	0.5355
5456	-109.0095	-109.0095	-77.1047	0.7073	77.0068	0.7069	1.4e-04	0.5361
5457	-109.0009	-109.0009	-78.0209	0.7158	76.0665	0.6983	1.4e-04	0.5361
5458	-108.9942	-108.9942	-78.6436	0.7215	75.4242	0.6924	1.4e-04	0.5360
5459	-109.0054	-109.0054	-77.8830	0.7145	76.2217	0.6996	1.4e-04	0.5364
5460	-108.9876	-108.9876	-77.7473	0.7134	76.3267	0.7007	1.4e-04	0.5372
5461	-108.9903	-108.9903	-77.8432	0.7142	76.2436	0.6999	1.4e-04	0.5357
5462	-108.9841	-108.9841	-78.3169	0.7186	75.7408	0.6953	1.4e-04	0.5369
5463	-108.9814	-108.9814	-77.9945	0.7157	76.0670	0.6983	1.4e-04	0.5371
5464	-109.0034	-109.0034	-77.9057	0.7147	76.1843	0.6993	1.4e-04	0.5362
5465	-108.9822	-108.9822	-77.9306	0.7151	76.1430	0.6990	1.4e-04	0.5360
5466	-108.9981	-108.9981	-77.4564	0.7106	76.6283	0.7035	1.4e-04	0.5362
5467	-108.9738	-108.9738	-77.9695	0.7155	76.0951	0.6986	1.4e-04	0.5380
5468	-109.0000	-109.0000	-78.2669	0.7180	75.7877	0.6957	1.4e-04	0.5370
5469	-108.9742	-108.9742	-78.2349	0.7179	75.8137	0.6961	1.4e-04	0.5383
5470	-108.9906	-108.9906	-77.2057	0.7084	76.8824	0.7058	1.4e-04	0.5356
5471	-109.0038	-109.0038	-77.1310	0.7076	76.9660	0.7064	1.4e-04	0.5364
5472	-108.9815	-108.9815	-77.7587	0.7135	76.3258	0.7007	1.4e-04	0.5367
5473	-108.9806	-108.9806	-78.6699	0.7219	75.3576	0.6918	1.4e-04	0.5376
5474	-108.9843	-108.9843	-77.7319	0.7132	76.3510	0.7009	1.4e-04	0.5370
5475	-108.9936	-108.9936	-77.9073	0.7148	76.1765	0.6993	1.4e-04	0.5379
5476	-108.9950	-108.9950	-77.1140	0.7075	76.9880	0.7067	1.4e-04	0.5369
5477	-108.9944	-108.9944	-76.8239	0.7048	77.2751	0.7093	1.4e-04	0.5372
5478	-108.9883	-108.9883	-78.3343	0.7187	75.7391	0.6952	1.4e-04	0.5356
5479	-108.9871	-108.9871	-77.6267	0.7123	76.4504	0.7019	1.4e-04	0.5359
5480	-108.9607	-108.9607	-77.3346	0.7097	76.7246	0.7044	1.4e-04	0.5373
5481	-108.9778	-108.9778	-77.2366	0.7087	76.8481	0.7055	1.4e-04	0.5372
5482	-108.9731	-108.9731	-78.4141	0.7196	75.6388	0.6944	1.4e-04	0.5367
5483	-109.0054	-109.0054	-77.4449	0.7105	76.6463	0.7036	1.4e-04	0.5356
5484	-108.9871	-108.9871	-78.3246	0.7187	75.7259	0.6952	1.4e-04	0.5356
5485	-108.9801	-108.9801	-77.4468	0.7107	76.6359	0.7035	1.4e-04	0.5362
5486	-109.0030	-109.0030	-77.7359	0.7132	76.3683	0.7010	1.4e-04	0.5365
5487	-108.9897	-108.9897	-76.9527	0.7061	77.1345	0.7081	1.4e-04	0.5377
5488	-108.9589	-108.9589	-77.4609	0.7109	76.5985	0.7032	1.4e-04	0.5362
5489	-108.9736	-108.9736	-78.0201	0.7160	76.0188	0.6980	1.4e-04	0.5362
5490	-108.9719	-108.9719	-78.3205	0.7187	75.7063	0.6951	1.4e-04	0.5353
5491	-108.9898	-108.9898	-78.0933	0.7165	75.9913	0.6976	1.4e-04	0.5371
5492	-108.9865	-108.9865	-77.4140	0.7103	76.6770	0.7039	1.4e-04	0.5363
5493	-108.9965	-108.9965	-77.6420	0.7123	76.4478	0.7018	1.4e-04	0.5362
5494	-108.9879	-108.9879	-77.4872	0.7110	76.6013	0.7032	1.4e-04	0.5371
5495	-108.9846	-108.9846	-77.8145	0.7140	76.2614	0.7001	1.4e-04	0.5371
5496	-109.0060	-109.0060	-77.7028	0.7128	76.3997	0.7013	1.4e-04	0.5368
5497	-108.9768	-108.9768	-77.4329	0.7105	76.6434	0.7036	1.4e-04	0.5374
5498	-108.9841	-108.9841	-77.1644	0.7080	76.9081	0.7061	1.4e-04	0.5361
5499	-108.9810	-108.9810	-76.7880	0.7046	77.2931	0.7096	1.4e-04	0.5358
5500	-108.9776	-108.9776	-77.6183	0.7122	76.4478	0.7019	1.4e-04	0.5355
5501	-109.0015	-109.0015	-77.4470	0.7105	76.6554	0.7036	1.4e-04	0.5353
5502	-108.9756	-108.9756	-77.6061	0.7121	76.4520	0.7019	1.4e-04	0.5370
5503	-108.9956	-108.9956	-78.3097	0.7185	75.7702	0.6956	1.4e-04	0.5373
5504	-108.9765	-108.9765	-77.2428	0.7088	76.8311	0.7054	1.4e-04	0.5378
5505	-108.9826	-108.9826	-76.6146	0.7030	77.4685	0.7112	1.4e-04	0.5381
5506	-108.9857	-108.9857	-76.8836	0.7054	77.1999	0.7087	1.4e-04	0.5371
5507	-108.9939	-108.9939	-77.8405	0.7142	76.2548	0.6999	1.4e-04	0.5351
5508	-108.9877	-108.9877	-76.1032	0.6983	77.9583	0.7157	1.4e-04	0.5343
5509	-108.9968	-108.9968	-76.6190	0.7029	77.4803	0.7112	1.4e-04	0.5366
5510	-108.9979	-108.9979	-77.0369	0.7068	77.0506	0.7073	1.4e-04	0.5377
5511	-108.9949	-108.9949	-77.3052	0.7093	76.7797	0.7048	1.4e-04	0.5380
5512	-108.9771	-108.9771	-76.5726	0.7026	77.4828	0.7114	1.4e-04	0.5374
5513	-108.9903	-108.9903	-77.3439	0.7096	76.7484	0.7046	1.4e-04	0.5368
5514	-108.9764	-108.9764	-76.6086	0.7030	77.4650	0.7112	1.4e-04	0.5351
5515	-108.9752	-108.9752	-77.1845	0.7083	76.9049	0.7059	1.4e-04	0.5370
5516	-108.9920	-108.9920	-77.2665	0.7089	76.8428	0.7053	1.4e-04	0.5364
5517	-108.9956	-108.9956	-76.7422	0.7041	77.3513	0.7101	1.4e-04	0.5366
5518	-108.9908	-108.9908	-76.7274	0.7040	77.3524	0.7101	1.4e-04	0.5362
5519	-108.9611	-108.9611	-77.3471	0.7099	76.7151	0.7043	1.4e-04	0.5362
5520	-108.9973	-108.9973	-76.5287	0.7021	77.5656	0.7120	1.4e-04	0.5363
5521	-108.9968	-108.9968	-76.3793	0.7007	77.7204	0.7134	1.4e-04	0.5375
5522	-108.9939	-108.9939	-76.9903	0.7064	77.1001	0.7078	1.4e-04	0.5376
5523	-108.9819	-108.9819	-77.1902	0.7083	76.8827	0.7058	1.4e-04	0.5371
5524	-108.9725	-108.9725	-76.3925	0.7010	77.6757	0.7131	1.4e-04	0.5368
5525	-108.9789	-108.9789	-77.0646	0.7072	77.0078	0.7070	1.4e-04	0.5363
5526	-108.9923	-108.9923	-76.8509	0.7051	77.2360	0.7090	1.4e-04	0.5367
5527	-108.9804	-108.9804	-76.3289	0.7004	77.7321	0.7137	1.4e-04	0.5375
5528	-109.0050	-109.0050	-75.7274	0.6947	78.3505	0.7192	1.4e-04	0.5370
5529	-108.9859	-108.9859	-76.3496	0.7005	77.7381	0.7136	1.4e-04	0.5381
5530	-108.9856	-108.9856	-76.4820	0.7018	77.5615	0.7121	1.4e-04	0.5377
5531	-108.9870	-108.9870	-76.4891	0.7018	77.5816	0.7123	1.4e-04	0.5373
5532	-108.9942	-108.9943	-75.2198	0.6901	78.8459	0.7237	1.4e-04	0.5369
5533	-108.9810	-108.9810	-76.3052	0.7002	77.7663	0.7139	1.4e-04	0.5372
5534	-108.9885	-108.9885	-76.0604	0.6979	78.0107	0.7162	1.4e-04	0.5364
5535	-108.9883	-108.9883	-76.4847	0.7018	77.6019	0.7124	1.4e-04	0.5359
5536	-108.9801	-108.9801	-76.5120	0.7021	77.5731	0.7121	1.4e-04	0.5370
5537	-108.9832	-108.9832	-77.6317	0.7123	76.4194	0.7016	1.4e-04	0.5362
5538	-108.9821	-108.9821	-77.4199	0.7104	76.6596	0.7038	1.4e-04	0.5358
5539	-109.0043	-109.0043	-76.2299	0.6993	77.8613	0.7148	1.4e-04	0.5385
5540	-109.0052	-109.0052	-76.5322	0.7021	77.5778	0.7121	1.4e-04	0.5362
5541	-108.9933	-108.9933	-77.2736	0.7090	76.8098	0.7052	1.4e-04	0.5361
5542	-108.9919	-108.9919	-76.3831	0.7008	77.7070	0.7133	1.4e-04	0.5357
5543	-109.0008	-109.0008	-77.2388	0.7086	76.8626	0.7056	1.4e-04	0.5358
5544	-108.9791	-108.9791	-77.9281	0.7151	76.1320	0.6990	1.4e-04	0.5366
5545	-108.9843	-108.9843	-76.2521	0.6997	77.7916	0.7142	1.4e-04	0.5365
5546	-108.9856	-108.9856	-75.9873	0.6972	78.0868	0.7169	1.4e-04	0.5358
5547	-108.9888	-108.9888	-77.0975	0.7074	76.9893	0.7068	1.4e-04	0.5373
5548	-108.9871	-108.9871	-76.8978	0.7056	77.1975	0.7086	1.4e-04	0.5373
5549	-108.9860	-108.9860	-77.2025	0.7084	76.8785	0.7058	1.4e-04	0.5365
5550	-108.9817	-108.9817	-77.1679	0.7081	76.9216	0.7061	1.4e-04	0.5349
5551	-108.9941	-108.9941	-76.7174	0.7039	77.3847	0.7103	1.4e-04	0.5359
5552	-108.9689	-108.9689	-77.2607	0.7090	76.8048	0.7052	1.4e-04	0.5370
5553	-108.9877	-108.9877	-76.8375	0.7050	77.2446	0.7092	1.4e-04	0.5382
5554	-109.0020	-109.0020	-75.9070	0.6964	78.1759	0.7176	1.4e-04	0.5377
5555	-108.9770	-108.9770	-76.1496	0.6988	77.9108	0.7153	1.4e-04	0.5380
5556	-108.9872	-108.9872	-76.3193	0.7003	77.7640	0.7139	1.4e-04	0.5352
5557	-108.9973	-108.9973	-76.1638	0.6988	77.9213	0.7153	1.4e-04	0.5376
5558	-109.0042	-109.0042	-76.3254	0.7002	77.7642	0.7138	1.4e-04	0.5383
5559	-109.0036	-109.0036	-75.7737	0.6951	78.3185	0.7188	1.4e-04	0.5379
5560	-108.9778	-108.9778	-76.5948	0.7028	77.4901	0.7113	1.4e-04	0.5380
5561	-108.9819	-108.9819	-76.4514	0.7015	77.6252	0.7126	1.4e-04	0.5386
5562	-108.9781	-108.9781	-76.6412	0.7033	77.4291	0.7108	1.4e-04	0.5368
5563	-108.9799	-108.9799	-76.9648	0.7062	77.1144	0.7080	1.4e-04	0.5372
5564	-108.9909	-108.9909	-76.8367	0.7050	77.2489	0.7091	1.4e-04	0.5362
5565	-108.9750	-108.9750	-77.2830	0.7092	76.7911	0.7050	1.4e-04	0.5357
5566	-108.9905	-108.9905	-76.8062	0.7047	77.2855	0.7095	1.4e-04	0.5365
5567	-108.9858	-108.9858	-77.1324	0.7077	76.9508	0.7065	1.4e-04	0.5359
5568	-108.9898	-108.9898	-77.2506	0.7088	76.8492	0.7054	1.4e-04	0.5363
5569	-108.9811	-108.9811	-78.2837	0.7183	75.7708	0.6956	1.4e-04	0.5363
5570	-108.9947	-108.9947	-76.8728	0.7053	77.2215	0.7089	1.4e-04	0.5354
5571	-108.9847	-108.9847	-77.4497	0.7106	76.6332	0.7035	1.4e-04	0.5363
5572	-108.9742	-108.9742	-77.0948	0.7075	76.9897	0.7067	1.4e-04	0.5362
5573	-108.9870	-108.9870	-76.8324	0.7050	77.2578	0.7092	1.4e-04	0.5366
5574	-109.0027	-109.0027	-76.8008	0.7046	77.3078	0.7096	1.4e-04	0.5360
5575	-109.0020	-109.0020	-76.9496	0.7059	77.1501	0.7083	1.4e-04	0.5361
5576	-108.9929	-108.9929	-77.8793	0.7145	76.1932	0.6995	1.4e-04	0.5355
5577	-108.9883	-108.9883	-77.3973	0.7101	76.7059	0.7041	1.4e-04	0.5368
5578	-108.9848	-108.9848	-75.9587	0.6970	78.0446	0.7165	1.4e-04	0.5390
5579	-109.0018	-109.0018	-76.8519	0.7051	77.2468	0.7091	1.4e-04	0.5378
5580	-108.9935	-108.9935	-77.3158	0.7094	76.7489	0.7046	1.4e-04	0.5359
5581	-109.0031	-109.0031	-77.3507	0.7096	76.7517	0.7045	1.4e-04	0.5363
5582	-108.9889	-108.9889	-77.7889	0.7137	76.2881	0.7003	1.4e-04	0.5359
5583	-108.9965	-108.9965	-77.4191	0.7103	76.6833	0.7039	1.4e-04	0.5378
5584	-109.0033	-109.0033	-78.1326	0.7168	75.9624	0.6973	1.4e-04	0.5377
5585	-108.9869	-108.9869	-76.5770	0.7026	77.5123	0.7115	1.4e-04	0.5385
5586	-108.9803	-108.9803	-77.4103	0.7103	76.6715	0.7039	1.4e-04	0.5384
5587	-108.9739	-108.9739	-77.2294	0.7087	76.8358	0.7055	1.4e-04	0.5371
5588	-108.9936	-108.9936	-77.0416	0.7068	77.0580	0.7074	1.4e-04	0.5365
5589	-108.9843	-108.9843	-77.1954	0.7083	76.8965	0.7059	1.4e-04	0.5358
5590	-108.9953	-108.9953	-77.2151	0.7084	76.8784	0.7057	1.4e-04	0.5363
5591	-108.9934	-108.9934	-77.4882	0.7109	76.6171	0.7032	1.4e-04	0.5362
5592	-108.9753	-108.9753	-77.9041	0.7149	76.1657	0.6992	1.4e-04	0.5376
5593	-108.9928	-108.9928	-77.2712	0.7090	76.8298	0.7053	1.4e-04	0.5367
5594	-108.9845	-108.9845	-77.4600	0.7107	76.6033	0.7031	1.4e-04	0.5354
5595	-108.9996	-108.9996	-77.7738	0.7135	76.3169	0.7006	1.4e-04	0.5363
5596	-109.0019	-109.0019	-78.2715	0.7181	75.8016	0.6958	1.4e-04	0.5391
5597	-108.9763	-108.9763	-77.2619	0.7090	76.8119	0.7052	1.4e-04	0.5372
5598	-108.9894	-108.9894	-78.1409	0.7170	75.9372	0.6971	1.4e-04	0.5377
5599	-108.9862	-108.9862	-78.7011	0.7221	75.3407	0.6918	1.4e-04	0.5361
5600	-108.9926	-108.9926	-77.3610	0.7098	76.7264	0.7044	1.4e-04	0.5368
5601	-108.9849	-108.9849	-78.6922	0.7220	75.3534	0.6918	1.4e-04	0.5355
5602	-109.0093	-109.0093	-78.7993	0.7229	75.2728	0.6909	1.4e-04	0.5377
5603	-108.9810	-108.9810	-78.1206	0.7168	75.9431	0.6972	1.4e-04	0.5375
5604	-108.9945	-108.9945	-77.7153	0.7130	76.3770	0.7011	1.4e-04	0.5368
5605	-108.9740	-108.9740	-78.6376	0.7216	75.4119	0.6923	1.4e-04	0.5361
5606	-108.9857	-108.9857	-78.5324	0.7206	75.5239	0.6933	1.4e-04	0.5371
5607	-108.9802	-108.9802	-77.3308	0.7096	76.7535	0.7046	1.4e-04	0.5370
5608	-108.9906	-108.9906	-78.2865	0.7183	75.7819	0.6957	1.4e-04	0.5375
5609	-108.9848	-108.9848	-77.9075	0.7148	76.1684	0.6993	1.4e-04	0.5353
5610	-108.9787	-108.9787	-78.6317	0.7215	75.4159	0.6923	1.4e-04	0.5357
5611	-108.9873	-108.9873	-77.3448	0.7097	76.7348	0.7045	1.4e-04	0.5372
5612	-108.9850	-108.9850	-77.8617	0.7144	76.2196	0.6996	1.4e-04	0.5364
5613	-108.9990	-108.9990	-78.3656	0.7190	75.7202	0.6951	1.4e-04	0.5364
5614	-108.9728	-108.9728	-77.8160	0.7141	76.2422	0.6999	1.4e-04	0.5368
5615	-108.9897	-108.9897	-77.3587	0.7098	76.7222	0.7044	1.4e-04	0.5372
5616	-108.9915	-108.9915	-77.7067	0.7130	76.3735	0.7011	1.4e-04	0.5375
5617	-108.9937	-108.9937	-77.5472	0.7115	76.5302	0.7027	1.4e-04	0.5384
5618	-109.0060	-109.0060	-77.5850	0.7117	76.5237	0.7024	1.4e-04	0.5374
5619	-108.9844	-108.9844	-77.5062	0.7112	76.5693	0.7029	1.4e-04	0.5363
5620	-109.0012	-109.0012	-77.7749	0.7135	76.2923	0.7003	1.4e-04	0.5361
5621	-108.9873	-108.9873	-77.5131	0.7112	76.5635	0.7027	1.4e-04	0.5361
5622	-108.9979	-108.9979	-77.7653	0.7135	76.3332	0.7007	1.4e-04	0.5360
5623	-108.9897	-108.9897	-77.5523	0.7116	76.5384	0.7026	1.4e-04	0.5375
5624	-108.9821	-108.9821	-78.0107	0.7158	76.0530	0.6982	1.4e-04	0.5362
5625	-108.9706	-108.9706	-77.2615	0.7090	76.8055	0.7052	1.4e-04	0.5383
5626	-108.9728	-108.9728	-78.7066	0.7223	75.3029	0.6914	1.4e-04	0.5385
5627	-108.9683	-108.9683	-77.9399	0.7153	76.1172	0.6988	1.4e-04	0.5370
5628	-108.9869	-108.9869	-77.3018	0.7093	76.7787	0.7048	1.4e-04	0.5358
5629	-108.9893	-108.9893	-77.6692	0.7126	76.4217	0.7015	1.4e-04	0.5370
5630	-108.9787	-108.9787	-78.0707	0.7164	75.9944	0.6976	1.4e-04	0.5356
5631	-108.9900	-108.9900	-79.2394	0.7270	74.7793	0.6866	1.4e-04	0.5367
5632	-108.9900	-108.9900	-77.4376	0.7105	76.6521	0.7037	1.4e-04	0.5366
5633	-108.9894	-108.9894	-77.8112	0.7139	76.2849	0.7002	1.4e-04	0.5383
5634	-108.9933	-108.9933	-77.8278	0.7141	76.2559	0.7001	1.4e-04	0.5372
5635	-108.9884	-108.9884	-77.4598	0.7107	76.6135	0.7033	1.4e-04	0.5378
5636	-109.0047	-109.0047	-77.6550	0.7124	76.4510	0.7017	1.4e-04	0.5376
5637	-108.9921	-108.9921	-77.6812	0.7127	76.4131	0.7014	1.4e-04	0.5370
5638	-108.9911	-108.9911	-77.2345	0.7086	76.8552	0.7056	1.4e-04	0.5384
5639	-108.9930	-108.9930	-77.0659	0.7071	77.0306	0.7071	1.4e-04	0.5375
5640	-109.0028	-109.0028	-77.6129	0.7120	76.4592	0.7020	1.4e-04	0.5370
5641	-108.9886	-108.9886	-76.8635	0.7052	77.2305	0.7089	1.4e-04	0.5370
5642	-108.9841	-108.9841	-77.2754	0.7091	76.8033	0.7051	1.4e-04	0.5375
5643	-108.9829	-108.9829	-78.8094	0.7231	75.2415	0.6907	1.4e-04	0.5382
5644	-108.9882	-108.9882	-77.7752	0.7136	76.2850	0.7004	1.4e-04	0.5376
5645	-108.9706	-108.9706	-78.0003	0.7158	76.0541	0.6983	1.4e-04	0.5375
5646	-108.9991	-108.9991	-77.0184	0.7066	77.0867	0.7076	1.4e-04	0.5369
5647	-108.9806	-108.9806	-78.5057	0.7204	75.5461	0.6935	1.4e-04	0.5358
5648	-108.9972	-108.9972	-78.5203	0.7204	75.5373	0.6935	1.4e-04	0.5355
5649	-108.9988	-108.9988	-77.4290	0.7104	76.6702	0.7038	1.4e-04	0.5365
5650	-108.9915	-108.9915	-77.2891	0.7091	76.7979	0.7050	1.4e-04	0.5364
5651	-108.9816	-108.9816	-78.0947	0.7166	75.9829	0.6975	1.4e-04	0.5360
5652	-108.9762	-108.9762	-77.5108	0.7113	76.5610	0.7029	1.4e-04	0.5363
5653	-108.9770	-108.9770	-77.9363	0.7152	76.1332	0.6990	1.4e-04	0.5367
5654	-108.9982	-108.9982	-76.6071	0.7028	77.4879	0.7113	1.4e-04	0.5364
5655	-108.9906	-108.9906	-77.8801	0.7146	76.2035	0.6996	1.4e-04	0.5381
5656	-109.0020	-109.0020	-78.2207	0.7176	75.8720	0.6964	1.4e-04	0.5378
5657	-108.9899	-108.9899	-77.2549	0.7088	76.8394	0.7053	1.4e-04	0.5365
5658	-108.9853	-108.9853	-77.8190	0.7140	76.2552	0.7001	1.4e-04	0.5365
5659	-108.9958	-108.9958	-77.9157	0.7149	76.1551	0.6991	1.4e-04	0.5372
5660	-108.9809	-108.9809	-77.7962	0.7139	76.2808	0.7003	1.4e-04	0.5368
5661	-108.9846	-108.9846	-77.8848	0.7146	76.1902	0.6994	1.4e-04	0.5377
5662	-108.9849	-108.9849	-78.6657	0.7218	75.3847	0.6921	1.4e-04	0.5360
5663	-108.9674	-108.9674	-78.2298	0.7179	75.8141	0.6960	1.4e-04	0.5371
5664	-108.9848	-108.9848	-77.3126	0.7094	76.7274	0.7045	1.4e-04	0.5370
5665	-108.9849	-108.9849	-77.5786	0.7118	76.5050	0.7023	1.4e-04	0.5367
5666	-108.9733	-108.9733	-77.9389	0.7152	76.1023	0.6987	1.4e-04	0.5366
5667	-108.9872	-108.9872	-77.6834	0.7128	76.3924	0.7013	1.4e-04	0.5378
5668	-108.9909	-108.9909	-77.5425	0.7115	76.5483	0.7027	1.4e-04	0.5373
5669	-108.9903	-108.9903	-77.2702	0.7090	76.8066	0.7051	1.4e-04	0.5381
5670	-108.9913	-108.9913	-77.0575	0.7070	76.9995	0.7068	1.4e-04	0.5364
5671	-108.9934	-108.9934	-77.0126	0.7066	77.0602	0.7074	1.4e-04	0.5363
5672	-108.9884	-108.9884	-76.8140	0.7048	77.2702	0.7094	1.4e-04	0.5360
5673	-108.9810	-108.9810	-77.9937	0.7157	76.0663	0.6984	1.4e-04	0.5368
5674	-108.9888	-108.9888	-77.4717	0.7108	76.6096	0.7033	1.4e-04	0.5365
5675	-108.9867	-108.9867	-77.3624	0.7098	76.7048	0.7042	1.4e-04	0.5356
5676	-108.9968	-108.9968	-77.6707	0.7126	76.4249	0.7016	1.4e-04	0.5355
5677	-108.9946	-108.9946	-77.1985	0.7083	76.8972	0.7059	1.4e-04	0.5365
5678	-108.9860	-108.9860	-77.4065	0.7102	76.6788	0.7039	1.4e-04	0.5362
5679	-108.9849	-108.9849	-77.2603	0.7089	76.8135	0.7052	1.4e-04	0.5370
5680	-108.9897	-108.9897	-77.3204	0.7094	76.7739	0.7048	1.4e-04	0.5364
5681	-108.9972	-108.9972	-76.9357	0.7059	77.1698	0.7084	1.4e-04	0.5360
5682	-108.9990	-108.9990	-77.0791	0.7072	77.0212	0.7071	1.4e-04	0.5365
5683	-108.9987	-108.9987	-78.1319	0.7168	75.9657	0.6972	1.4e-04	0.5365
5684	-108.9947	-108.9947	-77.2656	0.7089	76.8147	0.7052	1.4e-04	0.5370
5685	-108.9987	-108.9987	-77.3924	0.7100	76.7070	0.7041	1.4e-04	0.5356
5686	-108.9880	-108.9880	-77.4848	0.7109	76.5823	0.7030	1.4e-04	0.5364
5687	-108.9983	-108.9983	-76.8683	0.7052	77.2303	0.7090	1.4e-04	0.5374
5688	-108.9694	-108.9694	-76.6739	0.7036	77.3893	0.7105	1.4e-04	0.5371
5689	-108.9887	-108.9887	-77.5298	0.7114	76.5677	0.7028	1.4e-04	0.5380
5690	-108.9911	-108.9911	-77.2454	0.7087	76.8453	0.7055	1.4e-04	0.5367
5691	-108.9894	-108.9894	-76.2000	0.6992	77.8946	0.7149	1.4e-04	0.5377
5692	-108.9853	-108.9853	-76.3457	0.7005	77.7369	0.7136	1.4e-04	0.5359
5693	-108.9990	-108.9990	-77.6172	0.7121	76.4709	0.7020	1.4e-04	0.5365
5694	-108.9914	-108.9914	-77.8511	0.7143	76.2337	0.6998	1.4e-04	0.5356
5695	-108.9961	-108.9961	-76.9796	0.7063	77.1344	0.7079	1.4e-04	0.5373
5696	-108.9981	-108.9981	-76.4954	0.7018	77.5941	0.7123	1.4e-04	0.5364
5697	-108.9881	-108.9881	-77.0713	0.7072	77.0080	0.7070	1.4e-04	0.5368
5698	-108.9898	-108.9898	-77.6578	0.7125	76.4306	0.7016	1.4e-04	0.5379
5699	-109.0139	-109.0139	-77.2187	0.7083	76.8950	0.7058	1.4e-04	0.5369
5700	-109.0018	-109.0018	-78.6203	0.7213	75.4504	0.6926	1.4e-04	0.5357
5701	-108.9935	-108.9935	-77.0814	0.7072	77.0158	0.7070	1.4e-04	0.5356
5702	-108.9811	-108.9811	-77.6269	0.7123	76.4586	0.7019	1.4e-04	0.5366
5703	-109.0005	-109.0005	-77.1242	0.7076	76.9951	0.7066	1.4e-04	0.5373
5704	-108.9869	-108.9869	-78.1327	0.7169	75.9288	0.6970	1.4e-04	0.5374
5705	-108.9952	-108.9952	-77.4059	0.7102	76.6929	0.7040	1.4e-04	0.5376
5706	-108.9708	-108.9708	-77.7269	0.7133	76.3297	0.7008	1.4e-04	0.5352
5707	-108.9810	-108.9810	-77.3681	0.7099	76.7188	0.7043	1.4e-04	0.5367
5708	-108.9811	-108.9811	-77.5526	0.7116	76.5361	0.7026	1.4e-04	0.5364
5709	-108.9840	-108.9840	-78.4191	0.7195	75.6463	0.6944	1.4e-04	0.5371
5710	-108.9888	-108.9888	-77.2384	0.7087	76.8492	0.7055	1.4e-04	0.5381
5711	-108.9698	-108.9698	-78.1763	0.7174	75.8644	0.6966	1.4e-04	0.5373
5712	-108.9897	-108.9897	-77.4651	0.7108	76.6232	0.7034	1.4e-04	0.5381
5713	-108.9877	-108.9877	-76.8826	0.7054	77.1973	0.7088	1.4e-04	0.5382
5714	-109.0191	-109.0191	-78.7488	0.7223	75.3453	0.6915	1.4e-04	0.5368
5715	-108.9890	-108.9890	-77.1502	0.7079	76.9392	0.7063	1.4e-04	0.5372
5716	-108.9855	-108.9855	-78.4780	0.7201	75.5796	0.6939	1.4e-04	0.5367
5717	-109.0098	-109.0098	-78.3710	0.7189	75.7304	0.6951	1.4e-04	0.5368
5718	-108.9973	-108.9973	-78.0274	0.7159	76.0495	0.6982	1.4e-04	0.5361
5719	-108.9750	-108.9750	-79.0005	0.7249	75.0272	0.6888	1.4e-04	0.5361
5720	-108.9765	-108.9765	-78.6692	0.7219	75.3637	0.6920	1.4e-04	0.5352
5721	-109.0005	-109.0005	-77.8282	0.7140	76.2735	0.7001	1.4e-04	0.5360
5722	-108.9874	-108.9874	-77.6417	0.7124	76.4389	0.7017	1.4e-04	0.5360
5723	-108.9820	-108.9820	-77.5086	0.7112	76.5629	0.7029	1.4e-04	0.5363
5724	-108.9881	-108.9881	-78.0180	0.7158	76.0589	0.6983	1.4e-04	0.5351
5725	-108.9936	-108.9936	-78.5065	0.7203	75.5536	0.6935	1.4e-04	0.5358
5726	-108.9965	-108.9965	-77.8622	0.7144	76.2240	0.6997	1.4e-04	0.5371
5727	-108.9900	-108.9900	-77.9927	0.7156	76.0870	0.6985	1.4e-04	0.5370
5728	-109.0101	-109.0101	-78.0685	0.7162	76.0336	0.6979	1.4e-04	0.5357
5729	-108.9942	-108.9942	-78.0040	0.7157	76.0836	0.6984	1.4e-04	0.5376
5730	-108.9943	-108.9943	-77.3286	0.7095	76.7667	0.7047	1.4e-04	0.5378
5731	-108.9888	-108.9888	-77.3056	0.7093	76.7882	0.7049	1.4e-04	0.5372
5732	-108.9754	-108.9754	-78.1338	0.7170	75.9190	0.6970	1.4e-04	0.5373
5733	-108.9853	-108.9853	-78.0469	0.7161	76.0177	0.6979	1.4e-04	0.5366
5734	-108.9860	-108.9860	-78.3817	0.7192	75.6808	0.6948	1.4e-04	0.5361
5735	-109.0067	-109.0067	-77.8576	0.7142	76.2372	0.6998	1.4e-04	0.5370
5736	-108.9981	-108.9981	-77.3265	0.7094	76.7525	0.7045	1.4e-04	0.5365
5737	-108.9808	-108.9808	-77.4528	0.7107	76.6155	0.7034	1.4e-04	0.5381
5738	-108.9949	-108.9949	-78.2535	0.7180	75.8213	0.6960	1.4e-04	0.5371
5739	-108.9950	-108.9950	-78.3908	0.7192	75.6919	0.6948	1.4e-04	0.5360
5740	-108.9882	-108.9882	-77.9064	0.7148	76.1237	0.6988	1.4e-04	0.5362
5741	-108.9855	-108.9855	-77.5732	0.7118	76.5157	0.7024	1.4e-04	0.5444
5742	-108.9878	-108.9878	-78.3060	0.7185	75.7601	0.6954	1.4e-04	0.5362
5743	-109.0036	-109.0036	-78.1584	0.7170	75.9349	0.6970	1.4e-04	0.5369
5744	-108.9726	-108.9726	-78.1525	0.7172	75.8921	0.6968	1.4e-04	0.5372
5745	-108.9787	-108.9787	-78.7811	0.7229	75.2514	0.6909	1.4e-04	0.5363
5746	-108.9946	-108.9946	-77.8007	0.7138	76.2690	0.7002	1.4e-04	0.5363
5747	-109.0008	-109.0008	-79.3054	0.7276	74.7297	0.6860	1.4e-04	0.5357
5748	-108.9912	-108.9912	-78.1384	0.7169	75.9430	0.6971	1.4e-04	0.5363
5749	-108.9843	-108.9843	-78.8343	0.7234	75.1878	0.6903	1.4e-04	0.5381
5750	-108.9826	-108.9826	-78.3567	0.7190	75.6962	0.6950	1.4e-04	0.5380
5751	-108.9873	-108.9873	-77.4833	0.7109	76.6026	0.7032	1.4e-04	0.5390
5752	-108.9931	-108.9931	-78.3375	0.7187	75.7442	0.6952	1.4e-04	0.5389
5753	-108.9985	-108.9985	-77.8788	0.7145	76.2109	0.6996	1.4e-04	0.5373
5754	-108.9915	-108.9915	-77.7772	0.7136	76.2922	0.7003	1.4e-04	0.5370
5755	-108.9943	-108.9943	-78.1579	0.7171	75.9221	0.6970	1.4e-04	0.5382
5756	-108.9964	-108.9964	-78.4874	0.7201	75.5807	0.6938	1.4e-04	0.5365
5757	-108.9922	-108.9922	-77.7752	0.7136	76.3076	0.7005	1.4e-04	0.5374
5758	-108.9995	-108.9995	-78.1022	0.7165	75.9808	0.6975	1.4e-04	0.5375
5759	-108.9794	-108.9794	-77.8690	0.7145	76.1931	0.6996	1.4e-04	0.5376
5760	-108.9947	-108.9947	-78.1168	0.7167	75.9574	0.6972	1.4e-04	0.5377
5761	-108.9800	-108.9800	-78.2003	0.7176	75.8600	0.6965	1.4e-04	0.5384
5762	-108.9944	-108.9944	-77.9291	0.7150	76.1642	0.6991	1.4e-04	0.5377
5763	-109.0069	-109.0069	-78.1583	0.7170	75.9329	0.6970	1.4e-04	0.5383
5764	-108.9892	-108.9892	-77.3067	0.7093	76.7911	0.7049	1.4e-04	0.5393
5765	-109.0074	-109.0074	-78.1283	0.7167	75.9678	0.6973	1.4e-04	0.5380
5766	-108.9914	-108.9914	-77.0624	0.7070	77.0300	0.7071	1.4e-04	0.5377
5767	-108.9937	-108.9937	-77.4684	0.7108	76.6281	0.7034	1.4e-04	0.5387
5768	-108.9905	-108.9905	-77.6855	0.7128	76.3996	0.7014	1.4e-04	0.5375
5769	-108.9858	-108.9858	-77.9254	0.7150	76.1144	0.6988	1.4e-04	0.5375
5770	-108.9716	-108.9716	-77.4285	0.7105	76.6497	0.7037	1.4e-04	0.5368
5771	-108.9936	-108.9936	-78.3153	0.7185	75.7673	0.6954	1.4e-04	0.5369
5772	-108.9944	-108.9944	-78.1340	0.7169	75.9457	0.6972	1.4e-04	0.5361
5773	-108.9943	-108.9943	-77.3735	0.7099	76.7219	0.7043	1.4e-04	0.5358
5774	-108.9801	-108.9801	-78.8191	0.7232	75.2168	0.6906	1.4e-04	0.5357
5775	-108.9689	-108.9689	-77.1114	0.7076	76.9461	0.7065	1.4e-04	0.5376
5776	-108.9937	-108.9937	-77.2698	0.7089	76.8270	0.7053	1.4e-04	0.5369
5777	-108.9917	-108.9917	-77.7835	0.7137	76.2847	0.7004	1.4e-04	0.5379
5778	-109.0009	-109.0009	-78.3399	0.7187	75.7463	0.6953	1.4e-04	0.5380
5779	-108.9837	-108.9837	-77.7501	0.7134	76.3313	0.7007	1.4e-04	0.5374
5780	-108.9927	-108.9927	-77.9457	0.7151	76.1198	0.6989	1.4e-04	0.5372
5781	-109.0095	-109.0095	-77.6936	0.7127	76.4106	0.7014	1.4e-04	0.5372
5782	-108.9845	-108.9845	-78.2907	0.7184	75.7814	0.6956	1.4e-04	0.5368
5783	-108.9732	-108.9732	-77.6664	0.7127	76.4092	0.7015	1.4e-04	0.5380
5784	-108.9803	-108.9803	-77.3378	0.7096	76.7422	0.7045	1.4e-04	0.5375
5785	-108.9796	-108.9796	-79.0082	0.7250	74.9909	0.6885	1.4e-04	0.5396
5786	-109.0029	-109.0029	-78.3951	0.7192	75.6903	0.6948	1.4e-04	0.5392
5787	-108.9922	-108.9922	-76.9909	0.7064	77.0943	0.7077	1.4e-04	0.5376
5788	-108.9803	-108.9803	-77.3713	0.7100	76.6988	0.7041	1.4e-04	0.5372
5789	-108.9795	-108.9795	-77.8233	0.7141	76.2419	0.6999	1.4e-04	0.5359
5790	-108.9926	-108.9926	-77.9364	0.7151	76.1538	0.6991	1.4e-04	0.5357
5791	-108.9774	-108.9774	-77.3189	0.7095	76.7576	0.7047	1.4e-04	0.5371
5792	-108.9967	-108.9967	-77.3044	0.7092	76.7717	0.7046	1.4e-04	0.5360
5793	-109.0073	-109.0073	-77.2465	0.7086	76.8637	0.7055	1.4e-04	0.5371
5794	-108.9911	-108.9911	-78.2421	0.7179	75.8270	0.6962	1.4e-04	0.5378
5795	-108.9807	-108.9807	-76.9471	0.7061	77.1374	0.7081	1.4e-04	0.5360
5796	-108.9819	-108.9819	-76.9617	0.7062	77.1364	0.7080	1.4e-04	0.5370
5797	-108.9916	-108.9916	-77.2492	0.7088	76.8352	0.7053	1.4e-04	0.5371
5798	-108.9883	-108.9883	-77.7243	0.7131	76.3555	0.7010	1.4e-04	0.5371
5799	-108.9897	-108.9897	-77.5501	0.7115	76.5409	0.7026	1.4e-04	0.5360
5800	-108.9939	-108.9939	-78.7241	0.7223	75.3284	0.6916	1.4e-04	0.5368
5801	-108.9978	-108.9978	-77.4302	0.7104	76.6691	0.7038	1.4e-04	0.5352
5802	-108.9884	-108.9884	-77.9771	0.7155	76.0894	0.6986	1.4e-04	0.5374
5803	-108.9865	-108.9865	-77.9818	0.7155	76.0926	0.6986	1.4e-04	0.5377
5804	-109.0044	-109.0044	-77.8162	0.7139	76.2895	0.7003	1.4e-04	0.5375
5805	-109.0045	-109.0045	-77.5285	0.7112	76.5547	0.7027	1.4e-04	0.5379
5806	-108.9807	-108.9807	-78.0685	0.7164	76.0103	0.6977	1.4e-04	0.5371
5807	-109.0002	-109.0002	-77.8558	0.7143	76.2491	0.6999	1.4e-04	0.5372
5808	-108.9876	-108.9876	-76.8905	0.7055	77.1904	0.7086	1.4e-04	0.5370
5809	-108.9792	-108.9792	-77.5549	0.7116	76.5129	0.7025	1.4e-04	0.5374
5810	-108.9852	-108.9852	-77.7175	0.7131	76.3630	0.7010	1.4e-04	0.5364
5811	-108.9787	-108.9787	-78.4543	0.7199	75.5996	0.6940	1.4e-04	0.5366
5812	-108.9824	-108.9824	-78.1161	0.7168	75.9370	0.6971	1.4e-04	0.5362
5813	-108.9903	-108.9903	-78.0624	0.7162	76.0025	0.6978	1.4e-04	0.5363
5814	-108.9813	-108.9813	-77.1895	0.7083	76.8952	0.7058	1.4e-04	0.5350
5815	-108.9934	-108.9934	-77.3386	0.7096	76.7525	0.7046	1.4e-04	0.5385
5816	-108.9895	-108.9895	-77.5944	0.7119	76.4943	0.7022	1.4e-04	0.5366
5817	-108.9956	-108.9956	-76.4859	0.7017	77.6109	0.7124	1.4e-04	0.5366
5818	-109.0005	-109.0005	-77.7279	0.7131	76.3785	0.7011	1.4e-04	0.5360
5819	-108.9847	-108.9847	-77.8550	0.7144	76.2212	0.6997	1.4e-04	0.5368
5820	-109.0022	-109.0022	-77.7998	0.7137	76.3049	0.7004	1.4e-04	0.5366
5821	-108.9680	-108.9680	-77.5536	0.7117	76.5106	0.7024	1.4e-04	0.5373
5822	-108.9980	-108.9980	-78.3586	0.7189	75.7234	0.6951	1.4e-04	0.5376
5823	-108.9889	-108.9889	-78.3488	0.7189	75.7106	0.6950	1.4e-04	0.5376
5824	-108.9796	-108.9796	-78.6329	0.7215	75.4117	0.6923	1.4e-04	0.5362
5825	-109.0053	-109.0053	-78.3171	0.7185	75.7806	0.6956	1.4e-04	0.5366
5826	-108.9925	-108.9925	-78.3687	0.7190	75.7079	0.6949	1.4e-04	0.5369
5827	-108.9789	-108.9789	-78.1861	0.7174	75.8724	0.6966	1.4e-04	0.5377
5828	-108.9701	-108.9701	-77.6627	0.7127	76.3733	0.7012	1.4e-04	0.5371
5829	-108.9792	-108.9792	-78.1912	0.7175	75.8699	0.6966	1.4e-04	0.5378
5830	-108.9884	-108.9884	-77.4777	0.7109	76.6075	0.7033	1.4e-04	0.5383
5831	-108.9802	-108.9802	-78.3515	0.7190	75.6995	0.6950	1.4e-04	0.5381
5832	-108.9916	-108.9916	-78.9394	0.7243	75.1133	0.6895	1.4e-04	0.5376
5833	-108.9902	-108.9902	-78.2688	0.7181	75.7883	0.6958	1.4e-04	0.5378
5834	-108.9877	-108.9877	-78.0045	0.7157	76.0741	0.6984	1.4e-04	0.5383
5835	-108.9793	-108.9793	-78.2146	0.7177	75.8480	0.6963	1.4e-04	0.5381
5836	-108.9962	-108.9962	-77.7735	0.7135	76.3212	0.7006	1.4e-04	0.5371
5837	-108.9729	-108.9729	-77.7049	0.7131	76.3663	0.7011	1.4e-04	0.5377
5838	-108.9939	-108.9939	-77.6299	0.7122	76.4534	0.7018	1.4e-04	0.5379
5839	-108.9858	-108.9858	-77.7927	0.7138	76.2705	0.7002	1.4e-04	0.5380
5840	-108.9937	-108.9937	-78.2420	0.7179	75.8322	0.6962	1.4e-04	0.5376
5841	-108.9929	-108.9929	-77.8287	0.7141	76.2386	0.6999	1.4e-04	0.5372
5842	-108.9734	-108.9734	-77.9193	0.7150	76.1073	0.6987	1.4e-04	0.5381
5843	-108.9873	-108.9873	-78.3070	0.7185	75.7556	0.6954	1.4e-04	0.5376
5844	-108.9933	-108.9933	-78.2759	0.7182	75.7407	0.6953	1.4e-04	0.5370
5845	-109.0093	-109.0093	-77.8149	0.7138	76.2937	0.7003	1.4e-04	0.5390
5846	-108.9895	-108.9895	-78.8491	0.7235	75.2017	0.6903	1.4e-04	0.5389
5847	-108.9806	-108.9806	-79.1470	0.7262	74.8786	0.6874	1.4e-04	0.5376
5848	-108.9840	-108.9840	-78.6335	0.7215	75.4188	0.6923	1.4e-04	0.5375
5849	-108.9959	-108.9959	-77.9693	0.7153	76.1118	0.6987	1.4e-04	0.5378
5850	-108.9953	-108.9953	-77.4173	0.7103	76.6581	0.7036	1.4e-04	0.5361
5851	-108.9824	-108.9824	-79.7566	0.7318	74.2410	0.6815	1.4e-04	0.5366
5852	-108.9907	-108.9907	-78.3253	0.7186	75.7477	0.6954	1.4e-04	0.5360
5853	-109.0011	-109.0011	-79.5656	0.7300	74.4635	0.6835	1.4e-04	0.5381
5854	-108.9741	-108.9741	-78.2569	0.7181	75.7893	0.6958	1.4e-04	0.5371
5855	-108.9953	-108.9953	-78.3553	0.7189	75.7154	0.6951	1.4e-04	0.5375
5856	-108.9870	-108.9870	-79.0337	0.7252	75.0016	0.6885	1.4e-04	0.5368
5857	-108.9763	-108.9763	-79.5972	0.7304	74.3529	0.6827	1.4e-04	0.5370
5858	-108.9732	-108.9732	-78.1796	0.7174	75.8847	0.6966	1.4e-04	0.5361
5859	-108.9679	-108.9679	-79.3311	0.7280	74.6632	0.6856	1.4e-04	0.5365
5860	-108.9819	-108.9819	-78.6984	0.7221	75.3529	0.6918	1.4e-04	0.5363
5861	-108.9886	-108.9886	-78.8661	0.7236	75.1664	0.6900	1.4e-04	0.5359
5862	-108.9851	-108.9851	-79.6028	0.7304	74.4048	0.6830	1.4e-04	0.5360
5863	-108.9853	-108.9853	-79.2264	0.7269	74.7888	0.6865	1.4e-04	0.5380
5864	-108.9704	-108.9704	-78.8088	0.7232	75.2347	0.6906	1.4e-04	0.5376
5865	-109.0015	-109.0015	-78.2094	0.7175	75.8675	0.6965	1.4e-04	0.5381
5866	-108.9955	-108.9955	-78.7478	0.7225	75.2974	0.6913	1.4e-04	0.5373
5867	-108.9951	-108.9951	-78.5370	0.7206	75.5206	0.6934	1.4e-04	0.5367
5868	-108.9825	-108.9825	-78.4127	0.7195	75.6380	0.6944	1.4e-04	0.5355
5869	-108.9857	-108.9857	-78.1395	0.7170	75.9161	0.6970	1.4e-04	0.5357
5870	-108.9889	-108.9889	-78.3467	0.7189	75.7382	0.6951	1.4e-04	0.5363
5871	-108.9925	-108.9925	-78.4620	0.7199	75.6032	0.6940	1.4e-04	0.5365
5872	-109.0119	-109.0119	-78.0834	0.7163	76.0157	0.6978	1.4e-04	0.5356
5873	-108.9894	-108.9894	-78.8638	0.7236	75.1889	0.6902	1.4e-04	0.5361
5874	-109.0009	-109.0009	-78.7328	0.7223	75.3330	0.6915	1.4e-04	0.5359
5875	-108.9905	-108.9905	-78.4153	0.7195	75.6486	0.6945	1.4e-04	0.5370
5876	-108.9850	-108.9850	-78.2357	0.7179	75.8299	0.6961	1.4e-04	0.5370
5877	-108.9864	-108.9864	-78.6354	0.7215	75.4242	0.6924	1.4e-04	0.5380
5878	-108.9815	-108.9815	-78.5924	0.7212	75.4612	0.6927	1.4e-04	0.5364
5879	-108.9908	-108.9908	-78.5717	0.7209	75.4837	0.6930	1.4e-04	0.5369
5880	-108.9865	-108.9865	-77.9906	0.7156	76.0811	0.6985	1.4e-04	0.5367
5881	-108.9916	-108.9916	-77.6138	0.7121	76.4762	0.7021	1.4e-04	0.5372
5882	-109.0062	-109.0062	-78.3215	0.7185	75.7620	0.6954	1.4e-04	0.5372
5883	-108.9866	-108.9866	-77.7952	0.7138	76.2850	0.7003	1.4e-04	0.5370
5884	-108.9899	-108.9899	-77.9000	0.7147	76.1839	0.6994	1.4e-04	0.5365
5885	-108.9753	-108.9753	-79.0613	0.7255	74.9590	0.6882	1.4e-04	0.5374
5886	-108.9930	-108.9930	-77.8781	0.7145	76.1890	0.6993	1.4e-04	0.5367
5887	-108.9763	-108.9763	-78.1191	0.7168	75.9424	0.6972	1.4e-04	0.5379
5888	-109.0025	-109.0025	-78.1787	0.7172	75.9038	0.6968	1.4e-04	0.5380
5889	-108.9806	-108.9806	-78.4827	0.7202	75.5614	0.6937	1.4e-04	0.5390
5890	-108.9967	-108.9967	-78.2148	0.7176	75.8676	0.6964	1.4e-04	0.5376
5891	-108.9844	-108.9844	-78.4325	0.7197	75.6258	0.6943	1.4e-04	0.5367
5892	-108.9892	-108.9892	-79.0914	0.7257	74.9334	0.6879	1.4e-04	0.5379
5893	-108.9893	-108.9893	-79.3630	0.7282	74.6491	0.6852	1.4e-04	0.5381
5894	-108.9888	-108.9888	-78.8494	0.7235	75.1797	0.6902	1.4e-04	0.5371
5895	-108.9876	-108.9876	-78.2667	0.7181	75.8072	0.6959	1.4e-04	0.5389
5896	-108.9912	-108.9912	-77.5995	0.7120	76.4924	0.7022	1.4e-04	0.5377
5897	-108.9924	-108.9924	-78.1289	0.7168	75.9586	0.6972	1.4e-04	0.5355
5898	-108.9789	-108.9789	-78.0111	0.7158	76.0503	0.6983	1.4e-04	0.5353
5899	-108.9901	-108.9901	-78.0449	0.7161	76.0350	0.6980	1.4e-04	0.5369
5900	-108.9946	-108.9946	-78.3547	0.7189	75.7257	0.6951	1.4e-04	0.5367
5901	-108.9791	-108.9791	-77.7710	0.7136	76.3017	0.7005	1.4e-04	0.5358
5902	-108.9888	-108.9888	-78.1130	0.7167	75.9606	0.6973	1.4e-04	0.5380
5903	-109.0001	-109.0001	-77.7923	0.7137	76.3110	0.7005	1.4e-04	0.5377
5904	-108.9941	-108.9941	-78.1081	0.7166	75.9672	0.6974	1.4e-04	0.5361
5905	-108.9957	-108.9957	-78.0398	0.7160	76.0354	0.6979	1.4e-04	0.5368
5906	-108.9893	-108.9893	-77.3713	0.7099	76.7187	0.7043	1.4e-04	0.5363
5907	-108.9795	-108.9795	-78.8933	0.7239	75.1438	0.6899	1.4e-04	0.5373
5908	-108.9860	-108.9860	-78.1589	0.7171	75.9108	0.6969	1.4e-04	0.5365
5909	-108.9854	-108.9854	-78.3785	0.7192	75.6730	0.6948	1.4e-04	0.5366
5910	-108.9860	-108.9860	-77.8727	0.7145	76.1881	0.6995	1.4e-04	0.5362
5911	-108.9966	-108.9966	-77.3178	0.7094	76.7876	0.7048	1.4e-04	0.5375
5912	-108.9907	-108.9907	-78.3085	0.7185	75.7612	0.6955	1.4e-04	0.5368
5913	-108.9980	-108.9980	-77.5893	0.7118	76.4902	0.7022	1.4e-04	0.5373
5914	-108.9831	-108.9831	-77.5456	0.7115	76.5328	0.7026	1.4e-04	0.5377
5915	-108.9858	-108.9858	-77.3511	0.7097	76.7179	0.7045	1.4e-04	0.5367
5916	-108.9949	-108.9949	-77.2108	0.7084	76.8865	0.7058	1.4e-04	0.5368
5917	-108.9780	-108.9780	-77.8915	0.7147	76.1699	0.6992	1.4e-04	0.5368
5918	-108.9996	-108.9996	-77.2052	0.7083	76.9040	0.7059	1.4e-04	0.5362
5919	-108.9965	-108.9965	-76.4548	0.7014	77.6439	0.7127	1.4e-04	0.5364
5920	-108.9918	-108.9918	-77.0101	0.7066	77.0867	0.7076	1.4e-04	0.5382
5921	-109.0003	-109.0003	-77.4965	0.7110	76.5809	0.7030	1.4e-04	0.5361
5922	-109.0048	-109.0048	-78.2630	0.7180	75.8260	0.6961	1.4e-04	0.5360
5923	-108.9974	-108.9974	-77.8821	0.7145	76.1978	0.6994	1.4e-04	0.5361
5924	-108.9719	-108.9719	-77.0026	0.7066	77.0558	0.7076	1.4e-04	0.5363
5925	-108.9909	-108.9909	-77.2328	0.7086	76.8449	0.7055	1.4e-04	0.5368
5926	-108.9902	-108.9902	-77.5048	0.7111	76.5950	0.7031	1.4e-04	0.5442
5927	-108.9977	-108.9977	-76.5416	0.7022	77.5479	0.7119	1.4e-04	0.5365
5928	-108.9826	-108.9826	-77.0605	0.7071	77.0243	0.7071	1.4e-04	0.5369
5929	-108.9884	-108.9884	-76.8718	0.7053	77.2176	0.7089	1.4e-04	0.5369
5930	-108.9862	-108.9862	-76.2324	0.6995	77.8391	0.7147	1.4e-04	0.5365
5931	-108.9833	-108.9833	-77.2963	0.7092	76.7928	0.7049	1.4e-04	0.5369
5932	-108.9849	-108.9849	-76.3607	0.7007	77.6895	0.7131	1.4e-04	0.5362
5933	-108.9853	-108.9853	-76.7460	0.7042	77.3348	0.7100	1.4e-04	0.5364
5934	-108.9921	-108.9921	-77.3272	0.7095	76.7626	0.7047	1.4e-04	0.5371
5935	-108.9840	-108.9840	-76.6081	0.7029	77.4607	0.7111	1.4e-04	0.5382
5936	-108.9954	-108.9954	-77.6194	0.7121	76.4744	0.7020	1.4e-04	0.5370
5937	-108.9904	-108.9904	-76.2561	0.6997	77.8315	0.7145	1.4e-04	0.5372
5938	-108.9850	-108.9850	-76.7043	0.7038	77.3869	0.7104	1.4e-04	0.5357
5939	-108.9870	-108.9870	-76.5205	0.7021	77.5611	0.7121	1.4e-04	0.5364
5940	-108.9959	-108.9959	-77.4563	0.7106	76.6339	0.7036	1.4e-04	0.5361
5941	-108.9786	-108.9786	-77.4347	0.7105	76.6428	0.7036	1.4e-04	0.5367
5942	-109.0053	-109.0053	-76.0565	0.6977	78.0348	0.7164	1.4e-04	0.5368
5943	-108.9934	-108.9934	-75.7286	0.6948	78.3405	0.7191	1.4e-04	0.5381
5944	-109.0146	-109.0146	-76.2440	0.6994	77.8576	0.7147	1.4e-04	0.5378
5945	-108.9976	-108.9976	-75.8626	0.6960	78.2260	0.7180	1.4e-04	0.5378
5946	-109.0121	-109.0121	-75.5522	0.6931	78.5167	0.7208	1.4e-04	0.5368
5947	-108.9700	-108.9700	-76.5456	0.7024	77.5161	0.7117	1.4e-04	0.5371
5948	-108.9924	-108.9924	-76.2835	0.6999	77.8076	0.7142	1.4e-04	0.5359
5949	-108.9672	-108.9672	-76.0310	0.6977	78.0310	0.7163	1.4e-04	0.5355
5950	-108.9903	-108.9903	-76.7897	0.7046	77.2954	0.7096	1.4e-04	0.5366
5951	-108.9798	-108.9798	-76.7244	0.7040	77.3592	0.7102	1.4e-04	0.5371
5952	-108.9800	-108.9800	-76.1510	0.6988	77.9215	0.7153	1.4e-04	0.5376
5953	-108.9750	-108.9750	-76.6302	0.7032	77.4379	0.7110	1.4e-04	0.5371
5954	-109.0008	-109.0009	-75.6155	0.6937	78.4626	0.7202	1.4e-04	0.5368
5955	-109.0019	-109.0020	-75.6440	0.6940	78.4352	0.7199	1.4e-04	0.5389
5956	-108.9962	-108.9962	-76.2735	0.6998	77.8260	0.7144	1.4e-04	0.5380
5957	-108.9808	-108.9808	-75.9625	0.6970	78.0901	0.7169	1.4e-04	0.5368
5958	-109.0027	-109.0027	-75.9589	0.6969	78.1350	0.7172	1.4e-04	0.5374
5959	-109.0063	-109.0063	-76.2530	0.6995	77.8323	0.7145	1.4e-04	0.5370
5960	-108.9869	-108.9869	-76.8506	0.7051	77.2468	0.7091	1.4e-04	0.5388
5961	-109.0055	-109.0055	-76.5137	0.7019	77.5722	0.7121	1.4e-04	0.5382
5962	-108.9907	-108.9907	-77.0465	0.7069	77.0324	0.7071	1.4e-04	0.5370
5963	-108.9852	-108.9852	-75.9998	0.6973	78.0754	0.7167	1.4e-04	0.5373
5964	-108.9964	-108.9964	-77.3747	0.7099	76.7270	0.7043	1.4e-04	0.5377
5965	-108.9869	-108.9869	-76.6431	0.7032	77.4401	0.7109	1.4e-04	0.5373
5966	-108.9829	-108.9829	-77.1419	0.7078	76.9374	0.7063	1.4e-04	0.5372
5967	-109.0069	-109.0069	-76.1729	0.6988	77.9212	0.7153	1.4e-04	0.5379
5968	-109.0036	-109.0036	-76.2669	0.6997	77.8277	0.7145	1.4e-04	0.5386
5969	-108.9763	-108.9763	-77.4755	0.7109	76.6054	0.7033	1.4e-04	0.5377
5970	-108.9902	-108.9902	-77.1831	0.7082	76.9100	0.7060	1.4e-04	0.5370
5971	-108.9943	-108.9943	-76.0804	0.6980	78.0047	0.7160	1.4e-04	0.5374
5972	-108.9899	-108.9899	-77.1395	0.7078	76.9554	0.7064	1.4e-04	0.5372
5973	-108.9856	-108.9856	-77.0693	0.7072	77.0139	0.7070	1.4e-04	0.5374
5974	-108.9785	-108.9785	-76.5787	0.7027	77.4997	0.7115	1.4e-04	0.5368
5975	-108.9735	-108.9735	-76.8173	0.7049	77.2329	0.7091	1.4e-04	0.5378
5976	-108.9979	-108.9979	-76.8694	0.7052	77.2221	0.7089	1.4e-04	0.5363
5977	-109.0004	-109.0004	-76.2572	0.6996	77.8405	0.7145	1.4e-04	0.5365
5978	-108.9775	-108.9775	-76.4765	0.7018	77.5927	0.7123	1.4e-04	0.5366
5979	-108.9899	-108.9899	-76.7041	0.7038	77.3895	0.7104	1.4e-04	0.5375
5980	-109.0033	-109.0033	-76.6372	0.7031	77.4698	0.7111	1.4e-04	0.5376
5981	-108.9856	-108.9856	-75.7112	0.6947	78.3583	0.7193	1.4e-04	0.5378
5982	-108.9783	-108.9783	-75.9936	0.6973	78.0692	0.7167	1.4e-04	0.5379
5983	-108.9939	-108.9939	-75.7713	0.6952	78.2985	0.7187	1.4e-04	0.5368
5984	-108.9895	-108.9895	-76.2177	0.6993	77.8679	0.7147	1.4e-04	0.5371
5985	-108.9968	-108.9968	-76.8986	0.7055	77.1958	0.7087	1.4e-04	0.5377
5986	-108.9855	-108.9855	-76.8179	0.7048	77.2778	0.7093	1.4e-04	0.5357
5987	-108.9991	-108.9991	-76.3450	0.7004	77.7538	0.7137	1.4e-04	0.5361
5988	-108.9868	-108.9868	-77.1189	0.7076	76.9717	0.7066	1.4e-04	0.5362
5989	-108.9848	-108.9848	-77.3720	0.7099	76.6916	0.7041	1.4e-04	0.5370
5990	-109.0016	-109.0016	-75.9152	0.6965	78.1827	0.7176	1.4e-04	0.5368
5991	-109.0094	-109.0094	-76.1022	0.6981	78.0004	0.7160	1.4e-04	0.5367
5992	-108.9921	-108.9921	-77.0016	0.7065	77.0985	0.7077	1.4e-04	0.5371
5993	-108.9941	-108.9941	-76.2813	0.6999	77.8006	0.7143	1.4e-04	0.5376
5994	-108.9926	-108.9926	-77.3053	0.7093	76.7980	0.7049	1.4e-04	0.5363
5995	-108.9889	-108.9889	-77.0879	0.7073	76.9574	0.7066	1.4e-04	0.5368
5996	-108.9849	-108.9849	-77.0920	0.7074	77.0035	0.7068	1.4e-04	0.5365
5997	-108.9754	-108.9754	-76.5655	0.7026	77.5010	0.7116	1.4e-04	0.5372
5998	-108.9593	-108.9593	-76.8129	0.7050	77.2209	0.7090	1.4e-04	0.5372
5999	-108.9931	-108.9931	-77.4439	0.7105	76.6517	0.7036	1.4e-04	0.5366
6000	-109.0002	-109.0002	-77.5830	0.7118	76.5218	0.7024	1.4e-04	0.5371
6001	-108.9914	-108.9914	-77.4247	0.7104	76.6566	0.7038	1.4e-04	0.5364
6002	-108.9857	-108.9857	-76.9548	0.7061	77.1371	0.7081	1.4e-04	0.5367
6003	-108.9762	-108.9762	-76.8788	0.7055	77.2090	0.7087	1.4e-04	0.5379
6004	-108.9950	-108.9950	-77.3183	0.7094	76.7661	0.7048	1.4e-04	0.5364
6005	-108.9929	-108.9929	-75.6890	0.6944	78.3691	0.7195	1.4e-04	0.5380
6006	-108.9854	-108.9854	-77.3617	0.7098	76.7237	0.7044	1.4e-04	0.5374
6007	-108.9938	-108.9938	-77.1255	0.7076	76.9662	0.7066	1.4e-04	0.5375
6008	-108.9975	-108.9975	-76.3525	0.7005	77.7420	0.7136	1.4e-04	0.5373
6009	-108.9957	-108.9957	-76.4044	0.7010	77.6613	0.7129	1.4e-04	0.5354
6010	-108.9975	-108.9975	-77.5047	0.7111	76.5984	0.7030	1.4e-04	0.5365
6011	-108.9851	-108.9851	-76.7965	0.7047	77.2925	0.7096	1.4e-04	0.5363
6012	-108.9750	-108.9750	-77.8876	0.7147	76.1557	0.6992	1.4e-04	0.5359
6013	-108.9690	-108.9690	-76.8627	0.7054	77.2060	0.7088	1.4e-04	0.5389
6014	-108.9882	-108.9882	-76.4919	0.7018	77.5968	0.7123	1.4e-04	0.5378
6015	-108.9812	-108.9812	-76.6328	0.7032	77.4366	0.7110	1.4e-04	0.5381
6016	-108.9946	-108.9946	-77.0099	0.7065	77.0887	0.7076	1.4e-04	0.5369
6017	-108.9918	-108.9918	-77.0966	0.7074	76.9811	0.7067	1.4e-04	0.5357
6018	-108.9851	-108.9851	-76.0734	0.6980	77.9975	0.7161	1.4e-04	0.5348
6019	-109.0008	-109.0008	-76.3050	0.7000	77.7594	0.7139	1.4e-04	0.5364
6020	-108.9878	-108.9878	-77.0349	0.7068	77.0475	0.7074	1.4e-04	0.5378
6021	-108.9902	-108.9902	-75.7502	0.6950	78.3190	0.7190	1.4e-04	0.5366
6022	-108.9835	-108.9835	-75.8956	0.6964	78.1721	0.7176	1.4e-04	0.5366
6023	-109.0071	-109.0071	-75.5377	0.6930	78.5466	0.7210	1.4e-04	0.5367
6024	-108.9974	-108.9974	-76.1537	0.6987	77.9342	0.7154	1.4e-04	0.5361
6025	-108.9802	-108.9803	-74.8114	0.6865	79.1941	0.7270	1.4e-04	0.5383
6026	-108.9912	-108.9912	-76.4204	0.7012	77.6768	0.7130	1.4e-04	0.5382
6027	-108.9893	-108.9894	-75.8757	0.6962	78.2037	0.7179	1.4e-04	0.5379
6028	-108.9958	-108.9958	-76.3519	0.7005	77.7262	0.7135	1.4e-04	0.5370
6029	-108.9809	-108.9809	-76.2464	0.6996	77.8248	0.7145	1.4e-04	0.5376
6030	-108.9937	-108.9937	-75.2967	0.6908	78.7716	0.7230	1.4e-04	0.5372
6031	-108.9711	-108.9711	-76.0230	0.6976	78.0382	0.7164	1.4e-04	0.5380
6032	-108.9798	-108.9799	-75.4746	0.6926	78.5783	0.7214	1.4e-04	0.5379
6033	-108.9905	-108.9905	-76.6509	0.7033	77.4437	0.7109	1.4e-04	0.5371
6034	-109.0029	-109.0029	-76.0172	0.6974	78.0738	0.7167	1.4e-04	0.5376
6035	-108.9749	-108.9749	-76.6033	0.7029	77.4638	0.7112	1.4e-04	0.5374
6036	-108.9706	-108.9706	-76.7535	0.7044	77.3204	0.7098	1.4e-04	0.5373
6037	-108.9864	-108.9865	-75.9558	0.6969	78.1099	0.7170	1.4e-04	0.5360
6038	-108.9884	-108.9884	-76.3882	0.7009	77.6987	0.7133	1.4e-04	0.5360
6039	-108.9909	-108.9909	-76.6205	0.7030	77.4678	0.7112	1.4e-04	0.5369
6040	-108.9869	-108.9869	-75.9630	0.6970	78.1004	0.7170	1.4e-04	0.5359
6041	-108.9853	-108.9853	-75.8703	0.6962	78.1764	0.7176	1.4e-04	0.5357
6042	-108.9777	-108.9777	-76.4321	0.7014	77.6426	0.7128	1.4e-04	0.5362
6043	-109.0093	-109.0093	-77.4569	0.7106	76.6677	0.7036	1.4e-04	0.5363
6044	-108.9852	-108.9852	-76.5262	0.7022	77.5592	0.7120	1.4e-04	0.5366
6045	-108.9997	-108.9997	-76.5440	0.7022	77.5633	0.7119	1.4e-04	0.5386
6046	-108.9908	-108.9908	-75.9258	0.6966	78.1391	0.7174	1.4e-04	0.5377
6047	-108.9823	-108.9823	-75.9270	0.6967	78.1393	0.7174	1.4e-04	0.5370
6048	-108.9922	-108.9922	-75.9497	0.6968	78.1267	0.7172	1.4e-04	0.5364
6049	-108.9810	-108.9810	-75.9984	0.6974	78.0536	0.7166	1.4e-04	0.5367
6050	-108.9844	-108.9844	-76.4619	0.7016	77.5973	0.7124	1.4e-04	0.5362
6051	-108.9822	-108.9822	-76.2879	0.7000	77.7874	0.7141	1.4e-04	0.5392
6052	-108.9904	-108.9904	-76.2791	0.6999	77.8143	0.7142	1.4e-04	0.5379
6053	-108.9848	-108.9848	-75.6099	0.6938	78.4534	0.7202	1.4e-04	0.5375
6054	-108.9953	-108.9953	-76.9358	0.7059	77.1654	0.7083	1.4e-04	0.5361
6055	-108.9971	-108.9971	-76.7842	0.7045	77.3061	0.7097	1.4e-04	0.5369
6056	-108.9745	-108.9745	-76.5178	0.7022	77.5499	0.7119	1.4e-04	0.5369
6057	-109.0068	-109.0068	-76.6942	0.7036	77.4012	0.7105	1.4e-04	0.5378
6058	-108.9929	-108.9929	-76.9557	0.7061	77.1202	0.7080	1.4e-04	0.5368
6059	-108.9891	-108.9891	-76.0026	0.6973	78.0573	0.7165	1.4e-04	0.5361
6060	-109.0036	-109.0036	-76.1738	0.6988	77.9180	0.7153	1.4e-04	0.5368
6061	-108.9806	-108.9806	-76.8508	0.7052	77.2272	0.7090	1.4e-04	0.5380
6062	-108.9854	-108.9854	-76.9809	0.7063	77.0718	0.7075	1.4e-04	0.5375
6063	-108.9781	-108.9781	-75.7339	0.6949	78.3100	0.7189	1.4e-04	0.5370
6064	-108.9861	-108.9861	-76.7870	0.7046	77.2925	0.7095	1.4e-04	0.5361
6065	-108.9799	-108.9799	-77.3539	0.7098	76.7301	0.7044	1.4e-04	0.5361
6066	-108.9771	-108.9771	-76.4223	0.7013	77.6398	0.7129	1.4e-04	0.5353
6067	-108.9854	-108.9854	-76.2000	0.6992	77.8826	0.7149	1.4e-04	0.5363
6068	-108.9957	-108.9957	-76.9259	0.7058	77.1672	0.7084	1.4e-04	0.5358
6069	-109.0056	-109.0056	-76.5044	0.7018	77.5888	0.7123	1.4e-04	0.5381
6070	-108.9912	-108.9912	-76.1751	0.6989	77.9091	0.7152	1.4e-04	0.5367
6071	-108.9908	-108.9908	-75.9991	0.6973	78.0423	0.7164	1.4e-04	0.5369
6072	-108.9771	-108.9772	-75.5695	0.6934	78.4496	0.7202	1.4e-04	0.5373
6073	-108.9862	-108.9862	-76.7642	0.7043	77.3128	0.7097	1.4e-04	0.5379
6074	-109.0056	-109.0056	-76.9548	0.7060	77.1488	0.7082	1.4e-04	0.5376
6075	-108.9891	-108.9891	-76.3145	0.7002	77.7748	0.7139	1.4e-04	0.5379
6076	-108.9911	-108.9911	-76.5987	0.7028	77.4891	0.7114	1.4e-04	0.5367
6077	-108.9768	-108.9768	-76.2207	0.6994	77.8382	0.7147	1.4e-04	0.5357
6078	-108.9740	-108.9740	-76.2049	0.6993	77.8556	0.7148	1.4e-04	0.5358
6079	-108.9946	-108.9946	-76.7688	0.7043	77.2906	0.7095	1.4e-04	0.5363
6080	-108.9759	-108.9759	-76.7359	0.7042	77.3346	0.7100	1.4e-04	0.5361
6081	-108.9939	-108.9939	-75.4778	0.6925	78.5872	0.7214	1.4e-04	0.5366
6082	-108.9876	-108.9876	-76.0707	0.6980	78.0014	0.7160	1.4e-04	0.5362
6083	-108.9884	-108.9884	-76.5696	0.7025	77.5151	0.7116	1.4e-04	0.5365
6084	-108.9907	-108.9907	-76.2692	0.6998	77.7971	0.7142	1.4e-04	0.5364
6085	-109.0055	-109.0055	-75.8137	0.6955	78.2743	0.7185	1.4e-04	0.5374
6086	-108.9944	-108.9944	-76.4864	0.7017	77.5831	0.7122	1.4e-04	0.5382
6087	-108.9751	-108.9751	-76.4661	0.7017	77.6008	0.7125	1.4e-04	0.5387
6088	-108.9817	-108.9817	-75.6641	0.6943	78.3892	0.7197	1.4e-04	0.5359
6089	-108.9922	-108.9922	-75.8754	0.6962	78.1937	0.7178	1.4e-04	0.5362
6090	-108.9897	-108.9897	-76.5038	0.7019	77.5883	0.7122	1.4e-04	0.5358
6091	-108.9993	-108.9993	-76.7533	0.7042	77.3432	0.7100	1.4e-04	0.5371
6092	-108.9911	-108.9913	-74.6439	0.6849	79.3729	0.7287	1.4e-04	0.5374
6093	-109.0098	-109.0098	-75.8468	0.6958	78.2431	0.7182	1.4e-04	0.5378
6094	-108.9835	-108.9836	-75.3061	0.6910	78.7262	0.7227	1.4e-04	0.5370
6095	-109.0046	-109.0049	-74.7198	0.6855	79.3222	0.7281	1.4e-04	0.5379
6096	-108.9757	-108.9757	-76.0723	0.6981	77.9649	0.7159	1.4e-04	0.5372
6097	-108.9883	-108.9883	-75.6205	0.6938	78.4455	0.7201	1.4e-04	0.5353
6098	-108.9735	-108.9735	-77.0656	0.7072	76.9899	0.7068	1.4e-04	0.5366
6099	-108.9875	-108.9875	-76.0470	0.6978	78.0124	0.7162	1.4e-04	0.5363
6100	-108.9952	-108.9952	-76.9576	0.7061	77.1314	0.7080	1.4e-04	0.5362
6101	-109.0025	-109.0025	-76.8515	0.7050	77.2551	0.7092	1.4e-04	0.5358
6102	-108.9745	-108.9745	-76.2619	0.6998	77.7919	0.7142	1.4e-04	0.5371
6103	-108.9768	-108.9768	-76.4154	0.7012	77.6493	0.7129	1.4e-04	0.5372
6104	-109.0029	-109.0030	-75.3452	0.6912	78.7233	0.7226	1.4e-04	0.5365
6105	-108.9823	-108.9823	-76.0863	0.6982	77.9789	0.7159	1.4e-04	0.5362
6106	-108.9752	-108.9752	-76.9185	0.7058	77.1528	0.7084	1.4e-04	0.5367
6107	-108.9951	-108.9951	-75.8723	0.6961	78.1996	0.7179	1.4e-04	0.5363
6108	-108.9871	-108.9871	-76.1680	0.6989	77.8989	0.7151	1.4e-04	0.5367
6109	-108.9970	-108.9970	-77.3768	0.7099	76.7250	0.7043	1.4e-04	0.5372
6110	-108.9856	-108.9856	-76.8312	0.7050	77.2505	0.7092	1.4e-04	0.5356
6111	-109.0061	-109.0061	-76.5884	0.7026	77.5309	0.7116	1.3e-04	0.5375
6112	-108.9965	-108.9965	-75.8825	0.6962	78.2002	0.7178	1.3e-04	0.5370
6113	-108.9657	-108.9657	-76.5449	0.7025	77.5055	0.7117	1.3e-04	0.5379
6114	-108.9921	-108.9921	-77.1098	0.7075	76.9563	0.7065	1.3e-04	0.5379
6115	-108.9823	-108.9823	-76.6236	0.7031	77.4604	0.7111	1.3e-04	0.5369
6116	-108.9748	-108.9748	-75.8134	0.6957	78.2377	0.7183	1.3e-04	0.5375
6117	-108.9856	-108.9857	-75.8877	0.6963	78.1854	0.7177	1.3e-04	0.5375
6118	-108.9732	-108.9732	-76.9577	0.7062	77.1211	0.7080	1.3e-04	0.5374
6119	-108.9646	-108.9646	-76.4157	0.7013	77.6372	0.7128	1.3e-04	0.5377
6120	-109.0025	-109.0025	-76.0966	0.6981	77.9861	0.7159	1.3e-04	0.5364
6121	-108.9792	-108.9792	-76.0799	0.6981	77.9864	0.7160	1.3e-04	0.5375
6122	-108.9874	-108.9875	-75.4249	0.6921	78.6361	0.7218	1.3e-04	0.5366
6123	-109.0070	-109.0070	-76.6459	0.7031	77.4563	0.7110	1.3e-04	0.5382
6124	-108.9760	-108.9760	-76.1143	0.6985	77.9473	0.7157	1.3e-04	0.5373
6125	-108.9965	-108.9965	-76.5245	0.7021	77.5639	0.7120	1.3e-04	0.5370
6126	-108.9859	-108.9859	-77.0758	0.7072	77.0115	0.7070	1.3e-04	0.5371
6127	-109.0026	-109.0026	-76.6413	0.7031	77.4655	0.7111	1.3e-04	0.5380
6128	-109.0084	-109.0084	-76.5404	0.7022	77.5725	0.7120	1.3e-04	0.5359
6129	-108.9973	-108.9973	-76.6865	0.7036	77.4183	0.7106	1.3e-04	0.5361
6130	-108.9919	-108.9919	-76.4393	0.7013	77.6528	0.7128	1.3e-04	0.5374
6131	-108.9879	-108.9879	-76.6617	0.7034	77.4318	0.7108	1.3e-04	0.5357
6132	-108.9677	-108.9678	-75.3250	0.6913	78.6903	0.7224	1.3e-04	0.5360
6133	-109.0142	-109.0142	-75.5794	0.6933	78.4940	0.7205	1.3e-04	0.5373
6134	-108.9940	-108.9941	-75.5399	0.6931	78.5331	0.7209	1.3e-04	0.5382
6135	-108.9871	-108.9871	-75.5885	0.6936	78.4843	0.7204	1.3e-04	0.5375
6136	-108.9773	-108.9773	-76.4280	0.7013	77.6210	0.7126	1.3e-04	0.5359
6137	-108.9932	-108.9932	-76.6862	0.7036	77.4110	0.7106	1.3e-04	0.5365
6138	-108.9875	-108.9875	-76.4392	0.7014	77.6469	0.7128	1.3e-04	0.5357
6139	-109.0006	-109.0006	-77.3443	0.7096	76.7664	0.7046	1.3e-04	0.5368
6140	-109.0047	-109.0047	-76.2531	0.6995	77.8402	0.7145	1.3e-04	0.5372
6141	-108.9812	-108.9812	-75.9666	0.6971	78.1068	0.7170	1.3e-04	0.5388
6142	-108.9950	-108.9950	-75.9678	0.6970	78.1085	0.7170	1.3e-04	0.5374
6143	-109.0063	-109.0063	-77.4706	0.7107	76.6372	0.7035	1.3e-04	0.5372
6144	-108.9944	-108.9944	-76.7483	0.7041	77.3264	0.7099	1.3e-04	0.5367
6145	-108.9836	-108.9836	-77.3583	0.7098	76.7271	0.7044	1.3e-04	0.5375
6146	-108.9833	-108.9833	-76.5422	0.7023	77.5383	0.7118	1.3e-04	0.5385
6147	-108.9765	-108.9765	-77.2207	0.7086	76.8544	0.7056	1.3e-04	0.5376
6148	-108.9954	-108.9954	-77.9362	0.7150	76.1500	0.6991	1.3e-04	0.5380
6149	-108.9791	-108.9791	-77.4538	0.7107	76.5999	0.7033	1.3e-04	0.5370
6150	-108.9940	-108.9940	-77.4460	0.7106	76.6426	0.7036	1.3e-04	0.5371
6151	-108.9790	-108.9790	-77.1668	0.7081	76.9146	0.7061	1.3e-04	0.5388
6152	-108.9922	-108.9922	-76.8297	0.7049	77.2676	0.7093	1.3e-04	0.5384
6153	-109.0041	-109.0041	-77.4140	0.7102	76.6843	0.7040	1.3e-04	0.5383
6154	-108.9914	-108.9914	-77.8626	0.7144	76.2156	0.6997	1.3e-04	0.5372
6155	-108.9999	-108.9999	-77.3207	0.7094	76.7728	0.7048	1.3e-04	0.5373
6156	-109.0027	-109.0027	-76.6678	0.7034	77.4382	0.7108	1.3e-04	0.5373
6157	-108.9902	-108.9902	-77.2534	0.7088	76.8391	0.7054	1.3e-04	0.5383
6158	-108.9678	-108.9678	-76.5851	0.7028	77.4502	0.7111	1.3e-04	0.5374
6159	-108.9946	-108.9946	-77.4449	0.7105	76.6353	0.7035	1.3e-04	0.5385
6160	-108.9790	-108.9790	-77.8970	0.7148	76.1658	0.6993	1.3e-04	0.5375
6161	-108.9893	-108.9893	-76.4845	0.7018	77.5599	0.7121	1.3e-04	0.5376
6162	-108.9763	-108.9763	-77.2165	0.7086	76.8443	0.7055	1.3e-04	0.5361
6163	-108.9680	-108.9680	-77.3692	0.7100	76.6659	0.7039	1.3e-04	0.5373
6164	-108.9680	-108.9680	-77.5889	0.7120	76.4742	0.7021	1.3e-04	0.5361
6165	-109.0079	-109.0079	-77.3543	0.7096	76.7565	0.7046	1.3e-04	0.5363
6166	-108.9767	-108.9767	-77.4897	0.7111	76.5703	0.7031	1.3e-04	0.5366
6167	-108.9943	-108.9943	-76.6971	0.7037	77.3631	0.7103	1.3e-04	0.5375
6168	-108.9798	-108.9798	-77.5572	0.7117	76.5235	0.7025	1.3e-04	0.5356
6169	-108.9891	-108.9891	-77.4194	0.7103	76.6634	0.7038	1.3e-04	0.5364
6170	-108.9900	-108.9900	-77.2235	0.7085	76.8633	0.7057	1.3e-04	0.5365
6171	-108.9895	-108.9895	-76.3543	0.7006	77.7247	0.7136	1.3e-04	0.5365
6172	-108.9932	-108.9932	-76.4466	0.7014	77.6469	0.7128	1.3e-04	0.5367
6173	-108.9884	-108.9884	-75.8143	0.6956	78.2622	0.7184	1.3e-04	0.5374
6174	-108.9683	-108.9683	-75.8398	0.6960	78.2034	0.7181	1.3e-04	0.5374
6175	-108.9866	-108.9866	-76.6323	0.7031	77.4326	0.7107	1.3e-04	0.5374
6176	-108.9956	-108.9956	-77.1986	0.7083	76.8877	0.7059	1.3e-04	0.5370
6177	-109.0016	-109.0016	-75.5647	0.6932	78.5169	0.7207	1.3e-04	0.5364
6178	-108.9960	-108.9960	-76.5810	0.7026	77.5269	0.7116	1.3e-04	0.5362
6179	-108.9996	-108.9996	-76.0728	0.6979	78.0214	0.7161	1.3e-04	0.5366
6180	-108.9788	-108.9788	-76.6054	0.7029	77.4719	0.7112	1.3e-04	0.5371
6181	-108.9880	-108.9880	-76.0582	0.6979	78.0237	0.7162	1.3e-04	0.5369
6182	-108.9642	-108.9642	-76.2133	0.6994	77.8406	0.7146	1.3e-04	0.5355
6183	-109.0080	-109.0080	-76.2125	0.6991	77.8947	0.7149	1.3e-04	0.5372
6184	-108.9885	-108.9885	-76.0618	0.6979	78.0099	0.7161	1.3e-04	0.5364
6185	-108.9911	-108.9911	-76.3765	0.7008	77.7181	0.7134	1.3e-04	0.5367
6186	-108.9856	-108.9856	-76.2997	0.7001	77.7860	0.7140	1.3e-04	0.5357
6187	-108.9890	-108.9890	-76.5424	0.7023	77.5393	0.7117	1.3e-04	0.5374
6188	-108.9755	-108.9755	-77.4332	0.7106	76.6377	0.7036	1.3e-04	0.5366
6189	-108.9814	-108.9814	-76.0469	0.6978	78.0252	0.7163	1.3e-04	0.5358
6190	-108.9857	-108.9857	-76.9772	0.7063	77.1076	0.7079	1.3e-04	0.5367
6191	-108.9947	-108.9947	-76.5497	0.7023	77.5513	0.7118	1.3e-04	0.5355
6192	-108.9716	-108.9716	-77.0750	0.7073	76.9785	0.7067	1.3e-04	0.5360
6193	-108.9893	-108.9893	-77.3497	0.7097	76.7336	0.7044	1.3e-04	0.5375
6194	-108.9842	-108.9842	-76.8959	0.7056	77.1584	0.7083	1.3e-04	0.5377
6195	-108.9815	-108.9815	-76.9715	0.7063	77.1135	0.7079	1.3e-04	0.5378
6196	-108.9684	-108.9684	-76.3535	0.7007	77.6974	0.7133	1.3e-04	0.5372
6197	-109.0016	-109.0016	-76.0892	0.6981	77.9814	0.7159	1.3e-04	0.5373
6198	-108.9944	-108.9944	-76.5913	0.7027	77.4891	0.7114	1.3e-04	0.5382
6199	-108.9997	-108.9998	-75.6186	0.6937	78.4327	0.7200	1.3e-04	0.5382
6200	-108.9767	-108.9767	-76.2265	0.6995	77.8198	0.7144	1.3e-04	0.5373
6201	-108.9983	-108.9983	-76.4367	0.7013	77.6449	0.7127	1.3e-04	0.5351
6202	-108.9929	-108.9930	-75.7203	0.6947	78.3542	0.7193	1.3e-04	0.5374
6203	-108.9917	-108.9917	-75.9783	0.6971	78.0816	0.7168	1.3e-04	0.5382
6204	-108.9951	-108.9951	-75.3798	0.6916	78.6835	0.7222	1.3e-04	0.5361
6205	-108.9912	-108.9912	-76.2782	0.6999	77.8131	0.7143	1.3e-04	0.5374
6206	-108.9878	-108.9879	-75.3835	0.6917	78.6559	0.7221	1.3e-04	0.5364
6207	-108.9926	-108.9926	-76.4101	0.7011	77.6435	0.7127	1.3e-04	0.5378
6208	-108.9726	-108.9726	-76.5625	0.7026	77.5130	0.7116	1.3e-04	0.5385
6209	-108.9904	-108.9904	-75.3396	0.6912	78.7262	0.7226	1.3e-04	0.5378
6210	-108.9948	-108.9948	-76.5790	0.7026	77.5178	0.7116	1.3e-04	0.5377
6211	-108.9754	-108.9755	-75.8657	0.6962	78.1780	0.7177	1.3e-04	0.5370
6212	-109.0042	-109.0042	-76.9301	0.7058	77.1794	0.7084	1.3e-04	0.5372
6213	-108.9933	-108.9933	-76.9781	0.7063	77.1103	0.7079	1.3e-04	0.5369
6214	-108.9781	-108.9781	-76.6471	0.7033	77.4302	0.7108	1.3e-04	0.5360
6215	-109.0014	-109.0014	-76.2137	0.6992	77.8869	0.7149	1.3e-04	0.5375
6216	-108.9863	-108.9863	-77.1709	0.7081	76.9092	0.7061	1.3e-04	0.5368
6217	-108.9880	-108.9880	-77.2325	0.7086	76.8648	0.7056	1.3e-04	0.5365
6218	-108.9776	-108.9776	-76.8488	0.7052	77.2162	0.7089	1.3e-04	0.5362
6219	-108.9944	-108.9944	-76.4057	0.7010	77.6774	0.7132	1.3e-04	0.5373
6220	-108.9938	-108.9938	-77.6036	0.7120	76.4763	0.7020	1.3e-04	0.5371
6221	-108.9866	-108.9866	-76.4624	0.7016	77.6162	0.7125	1.3e-04	0.5380
6222	-108.9851	-108.9851	-76.6613	0.7034	77.4279	0.7108	1.3e-04	0.5361
6223	-108.9892	-108.9892	-77.7972	0.7138	76.2848	0.7003	1.3e-04	0.5361
6224	-108.9809	-108.9809	-76.7766	0.7045	77.2715	0.7093	1.3e-04	0.5356
6225	-109.0004	-109.0004	-76.6181	0.7029	77.4505	0.7110	1.3e-04	0.5361
6226	-108.9913	-108.9913	-77.2946	0.7092	76.8023	0.7050	1.3e-04	0.5372
6227	-108.9949	-108.9949	-77.5152	0.7112	76.5813	0.7030	1.3e-04	0.5373
6228	-108.9997	-108.9997	-76.5932	0.7027	77.4954	0.7114	1.3e-04	0.5378
6229	-108.9966	-108.9966	-76.9408	0.7059	77.1541	0.7083	1.3e-04	0.5379
6230	-108.9843	-108.9843	-76.9038	0.7056	77.1759	0.7085	1.3e-04	0.5380
6231	-108.9960	-108.9960	-76.9693	0.7062	77.1229	0.7079	1.3e-04	0.5380
6232	-109.0079	-109.0079	-77.3465	0.7095	76.7674	0.7046	1.3e-04	0.5373
6233	-108.9784	-108.9784	-76.8461	0.7051	77.1989	0.7087	1.3e-04	0.5377
6234	-108.9999	-108.9999	-76.9266	0.7057	77.1749	0.7085	1.3e-04	0.5377
6235	-108.9998	-108.9998	-77.0207	0.7066	77.0801	0.7076	1.3e-04	0.5379
6236	-108.9836	-108.9836	-77.1913	0.7083	76.8643	0.7057	1.3e-04	0.5382
6237	-108.9960	-108.9960	-77.7891	0.7137	76.2991	0.7004	1.3e-04	0.5376
6238	-108.9946	-108.9946	-76.9680	0.7062	77.1216	0.7080	1.3e-04	0.5361
6239	-108.9981	-108.9981	-76.7765	0.7044	77.3123	0.7097	1.3e-04	0.5363
6240	-108.9933	-108.9933	-77.4844	0.7109	76.6318	0.7033	1.3e-04	0.5362
6241	-108.9929	-108.9929	-76.8180	0.7048	77.2656	0.7093	1.3e-04	0.5367
6242	-108.9721	-108.9721	-77.4182	0.7104	76.6566	0.7037	1.3e-04	0.5363
6243	-108.9935	-108.9935	-76.8625	0.7052	77.2347	0.7090	1.3e-04	0.5367
6244	-108.9906	-108.9906	-77.5643	0.7117	76.5258	0.7025	1.3e-04	0.5364
6245	-108.9613	-108.9613	-77.0909	0.7075	76.9681	0.7067	1.3e-04	0.5363
6246	-108.9846	-108.9846	-76.9946	0.7065	77.0971	0.7077	1.3e-04	0.5380
6247	-108.9901	-108.9901	-76.9626	0.7061	77.1199	0.7080	1.3e-04	0.5366
6248	-108.9943	-108.9943	-76.7289	0.7040	77.3643	0.7102	1.3e-04	0.5376
6249	-109.0067	-109.0067	-76.4035	0.7009	77.6911	0.7132	1.3e-04	0.5364
6250	-108.9706	-108.9706	-76.5419	0.7024	77.4924	0.7115	1.3e-04	0.5359
6251	-108.9990	-108.9990	-76.3020	0.7000	77.7980	0.7141	1.3e-04	0.5360
6252	-108.9998	-108.9998	-76.8404	0.7050	77.2449	0.7091	1.3e-04	0.5356
6253	-108.9880	-108.9880	-77.0112	0.7066	77.0739	0.7076	1.3e-04	0.5373
6254	-108.9992	-108.9992	-76.8680	0.7052	77.2503	0.7090	1.3e-04	0.5375
6255	-108.9792	-108.9792	-76.9091	0.7057	77.1687	0.7084	1.3e-04	0.5385
6256	-108.9963	-108.9963	-76.5601	0.7024	77.5438	0.7118	1.3e-04	0.5368
6257	-109.0019	-109.0019	-76.6735	0.7034	77.4348	0.7108	1.3e-04	0.5362
6258	-108.9957	-108.9957	-75.9647	0.6970	78.1134	0.7171	1.3e-04	0.5366
6259	-108.9800	-108.9800	-76.8996	0.7056	77.1803	0.7086	1.3e-04	0.5365
6260	-108.9778	-108.9778	-77.0141	0.7067	77.0739	0.7075	1.3e-04	0.5365
6261	-108.9936	-108.9936	-75.8794	0.6962	78.1875	0.7178	1.3e-04	0.5376
6262	-109.0095	-109.0095	-76.4581	0.7014	77.6399	0.7126	1.3e-04	0.5362
6263	-108.9767	-108.9767	-76.9413	0.7060	77.1383	0.7082	1.3e-04	0.5365
6264	-108.9644	-108.9644	-76.0845	0.6983	77.9745	0.7159	1.3e-04	0.5368
6265	-108.9907	-108.9907	-77.0118	0.7066	77.0846	0.7076	1.3e-04	0.5372
6266	-108.9884	-108.9884	-76.1934	0.6991	77.8895	0.7150	1.3e-04	0.5368
6267	-108.9984	-108.9984	-75.8490	0.6959	78.2326	0.7182	1.3e-04	0.5371
6268	-108.9827	-108.9827	-76.1995	0.6992	77.8686	0.7149	1.3e-04	0.5371
6269	-108.9897	-108.9897	-76.0523	0.6978	78.0283	0.7163	1.3e-04	0.5364
6270	-108.9774	-108.9774	-76.6313	0.7032	77.4077	0.7108	1.3e-04	0.5360
6271	-108.9789	-108.9789	-77.7590	0.7135	76.3251	0.7006	1.3e-04	0.5369
6272	-108.9720	-108.9720	-77.1930	0.7084	76.8781	0.7058	1.3e-04	0.5369
6273	-108.9976	-108.9976	-76.4408	0.7013	77.6560	0.7128	1.3e-04	0.5379
6274	-108.9952	-108.9952	-76.3450	0.7004	77.7443	0.7137	1.3e-04	0.5367
6275	-108.9797	-108.9797	-76.0970	0.6983	77.9631	0.7158	1.3e-04	0.5372
6276	-108.9958	-108.9958	-76.6792	0.7035	77.4148	0.7107	1.3e-04	0.5375
6277	-108.9753	-108.9753	-76.1557	0.6988	77.8645	0.7148	1.3e-04	0.5382
6278	-108.9889	-108.9889	-76.1065	0.6983	77.9556	0.7157	1.3e-04	0.5376
6279	-108.9949	-108.9949	-76.9261	0.7058	77.1654	0.7084	1.3e-04	0.5376
6280	-108.9746	-108.9746	-76.0131	0.6975	78.0443	0.7165	1.3e-04	0.5376
6281	-108.9666	-108.9666	-76.2923	0.7001	77.7779	0.7140	1.3e-04	0.5374
6282	-108.9885	-108.9885	-76.2740	0.6998	77.7966	0.7142	1.3e-04	0.5353
6283	-108.9928	-108.9929	-75.0541	0.6886	78.9854	0.7251	1.3e-04	0.5370
6284	-108.9891	-108.9891	-76.1544	0.6987	77.9369	0.7154	1.3e-04	0.5366
6285	-108.9929	-108.9929	-76.3214	0.7002	77.7684	0.7139	1.3e-04	0.5368
6286	-108.9829	-108.9829	-76.3115	0.7002	77.7445	0.7138	1.3e-04	0.5370
6287	-108.9962	-108.9963	-75.7354	0.6948	78.3419	0.7192	1.3e-04	0.5361
6288	-109.0007	-109.0007	-76.0869	0.6980	78.0028	0.7161	1.3e-04	0.5350
6289	-108.9699	-108.9699	-76.0877	0.6982	77.9742	0.7159	1.3e-04	0.5370
6290	-108.9874	-108.9874	-76.1047	0.6983	77.9673	0.7157	1.3e-04	0.5369
6291	-108.9778	-108.9778	-77.3342	0.7096	76.7448	0.7045	1.3e-04	0.5376
6292	-108.9931	-108.9931	-76.3089	0.7001	77.7777	0.7140	1.3e-04	0.5375
6293	-108.9913	-108.9913	-76.1400	0.6986	77.9458	0.7155	1.3e-04	0.5371
6294	-109.0069	-109.0069	-76.4702	0.7015	77.6252	0.7126	1.3e-04	0.5356
6295	-108.9995	-108.9995	-75.7614	0.6951	78.3215	0.7189	1.3e-04	0.5360
6296	-108.9795	-108.9795	-77.4384	0.7106	76.6414	0.7036	1.3e-04	0.5371
6297	-108.9986	-108.9986	-76.2172	0.6992	77.8685	0.7148	1.3e-04	0.5379
6298	-108.9980	-108.9980	-76.2439	0.6995	77.8474	0.7146	1.3e-04	0.5363
6299	-108.9808	-108.9808	-75.8563	0.6961	78.1995	0.7179	1.3e-04	0.5368
6300	-108.9864	-108.9864	-75.7732	0.6953	78.2646	0.7185	1.3e-04	0.5374
6301	-108.9909	-108.9909	-76.0083	0.6974	78.0663	0.7166	1.3e-04	0.5357
6302	-108.9778	-108.9778	-75.7502	0.6951	78.3082	0.7189	1.3e-04	0.5377
6303	-108.9887	-108.9887	-76.6196	0.7030	77.4554	0.7111	1.3e-04	0.5370
6304	-109.0042	-109.0042	-76.8842	0.7053	77.2321	0.7089	1.3e-04	0.5366
6305	-108.9806	-108.9806	-76.5960	0.7028	77.4876	0.7113	1.3e-04	0.5364
6306	-108.9750	-108.9750	-75.6257	0.6940	78.4217	0.7199	1.3e-04	0.5360
6307	-108.9869	-108.9870	-75.6547	0.6942	78.4065	0.7198	1.3e-04	0.5366
6308	-108.9832	-108.9833	-75.9722	0.6971	78.0970	0.7170	1.3e-04	0.5367
6309	-109.0091	-109.0091	-76.3306	0.7002	77.7672	0.7138	1.3e-04	0.5364
6310	-108.9841	-108.9841	-76.4411	0.7014	77.6397	0.7128	1.3e-04	0.5366
6311	-108.9681	-108.9681	-76.8507	0.7053	77.2026	0.7089	1.3e-04	0.5362
6312	-108.9852	-108.9852	-76.1991	0.6992	77.8807	0.7149	1.3e-04	0.5364
6313	-108.9850	-108.9850	-76.1220	0.6985	77.9627	0.7156	1.3e-04	0.5377
6314	-108.9908	-108.9909	-75.5267	0.6930	78.5383	0.7210	1.3e-04	0.5367
6315	-109.0101	-109.0101	-76.3282	0.7002	77.7690	0.7138	1.3e-04	0.5363
6316	-108.9962	-108.9962	-76.9137	0.7057	77.1914	0.7085	1.3e-04	0.5364
6317	-108.9882	-108.9882	-76.5894	0.7027	77.4983	0.7115	1.3e-04	0.5366
6318	-109.0057	-109.0057	-76.5086	0.7019	77.6017	0.7123	1.3e-04	0.5376
6319	-108.9890	-108.9890	-76.9047	0.7056	77.1838	0.7085	1.3e-04	0.5367
6320	-108.9856	-108.9856	-76.3229	0.7003	77.7489	0.7136	1.3e-04	0.5366
6321	-108.9835	-108.9835	-76.6041	0.7029	77.4782	0.7112	1.3e-04	0.5362
6322	-108.9909	-108.9909	-76.7513	0.7042	77.3407	0.7100	1.3e-04	0.5360
6323	-108.9963	-108.9963	-75.5902	0.6935	78.4713	0.7202	1.3e-04	0.5362
6324	-108.9925	-108.9925	-75.9074	0.6964	78.1729	0.7176	1.3e-04	0.5369
6325	-108.9825	-108.9825	-77.6363	0.7124	76.4453	0.7018	1.3e-04	0.5355
6326	-108.9969	-108.9969	-77.1360	0.7077	76.9555	0.7065	1.3e-04	0.5354
6327	-109.0036	-109.0036	-76.3188	0.7001	77.7776	0.7139	1.3e-04	0.5364
6328	-108.9852	-108.9852	-77.2129	0.7085	76.8814	0.7057	1.3e-04	0.5360
6329	-108.9925	-108.9925	-76.9778	0.7063	77.1132	0.7079	1.3e-04	0.5363
6330	-108.9887	-108.9887	-77.4349	0.7105	76.6500	0.7037	1.3e-04	0.5365
6331	-108.9955	-108.9955	-77.5439	0.7114	76.5573	0.7027	1.3e-04	0.5375
6332	-108.9826	-108.9826	-77.1998	0.7084	76.8905	0.7058	1.3e-04	0.5371
6333	-108.9848	-108.9848	-76.7597	0.7043	77.3312	0.7099	1.3e-04	0.5391
6334	-108.9993	-108.9993	-76.9449	0.7059	77.1583	0.7083	1.3e-04	0.5372
6335	-108.9909	-108.9909	-76.8369	0.7050	77.2559	0.7092	1.3e-04	0.5359
6336	-109.0015	-109.0015	-77.1795	0.7081	76.8816	0.7056	1.3e-04	0.5360
6337	-108.9888	-108.9888	-76.6278	0.7031	77.4591	0.7111	1.3e-04	0.5379
6338	-108.9930	-108.9930	-76.6513	0.7033	77.4441	0.7109	1.3e-04	0.5382
6339	-108.9765	-108.9765	-76.8802	0.7055	77.1924	0.7086	1.3e-04	0.5363
6340	-108.9863	-108.9863	-76.7247	0.7040	77.3613	0.7102	1.3e-04	0.5366
6341	-108.9824	-108.9824	-76.8075	0.7048	77.2782	0.7094	1.3e-04	0.5366
6342	-109.0066	-109.0066	-76.7625	0.7042	77.3450	0.7100	1.3e-04	0.5362
6343	-108.9940	-108.9940	-76.7116	0.7038	77.3718	0.7103	1.3e-04	0.5370
6344	-108.9910	-108.9910	-76.9879	0.7064	77.1034	0.7078	1.3e-04	0.5364
6345	-109.0011	-109.0011	-77.5479	0.7114	76.5689	0.7027	1.3e-04	0.5364
6346	-108.9746	-108.9746	-78.2955	0.7185	75.7543	0.6955	1.3e-04	0.5357
6347	-108.9778	-108.9778	-77.4410	0.7106	76.6418	0.7036	1.3e-04	0.5365
6348	-108.9817	-108.9817	-77.1309	0.7077	76.9531	0.7065	1.3e-04	0.5361
6349	-109.0014	-109.0014	-76.3678	0.7006	77.7404	0.7135	1.3e-04	0.5364
6350	-108.9933	-108.9933	-76.7245	0.7039	77.3704	0.7102	1.3e-04	0.5369
6351	-108.9939	-108.9939	-76.6085	0.7029	77.4842	0.7113	1.3e-04	0.5372
6352	-108.9723	-108.9723	-77.4602	0.7108	76.6182	0.7034	1.3e-04	0.5366
6353	-108.9807	-108.9807	-77.7793	0.7137	76.2940	0.7004	1.3e-04	0.5366
6354	-108.9902	-108.9902	-76.9702	0.7062	77.1285	0.7080	1.3e-04	0.5366
6355	-108.9841	-108.9841	-76.6894	0.7037	77.3373	0.7100	1.3e-04	0.5371
6356	-108.9974	-108.9974	-76.9543	0.7060	77.1449	0.7082	1.3e-04	0.5370
6357	-108.9876	-108.9876	-76.5653	0.7025	77.5130	0.7116	1.3e-04	0.5365
6358	-109.0086	-109.0086	-78.5843	0.7209	75.5059	0.6930	1.3e-04	0.5364
6359	-108.9885	-108.9885	-76.9528	0.7061	77.1276	0.7080	1.3e-04	0.5363
6360	-108.9891	-108.9891	-77.0778	0.7072	77.0065	0.7069	1.3e-04	0.5356
6361	-108.9856	-108.9856	-77.2802	0.7091	76.7873	0.7050	1.3e-04	0.5380
6362	-108.9864	-108.9864	-77.8405	0.7142	76.2275	0.6998	1.3e-04	0.5369
6363	-108.9967	-108.9967	-77.8815	0.7145	76.2094	0.6995	1.3e-04	0.5366
6364	-108.9803	-108.9803	-77.4284	0.7105	76.6533	0.7036	1.3e-04	0.5376
6365	-108.9926	-108.9926	-77.9004	0.7147	76.1776	0.6993	1.3e-04	0.5357
6366	-108.9858	-108.9858	-77.8166	0.7140	76.2718	0.7001	1.3e-04	0.5362
6367	-108.9905	-108.9905	-77.4465	0.7106	76.6354	0.7036	1.3e-04	0.5363
6368	-108.9916	-108.9916	-77.4446	0.7106	76.6450	0.7036	1.3e-04	0.5372
6369	-108.9879	-108.9879	-77.6627	0.7126	76.4279	0.7015	1.3e-04	0.5382
6370	-108.9685	-108.9685	-78.0683	0.7164	75.9687	0.6975	1.3e-04	0.5378
6371	-108.9995	-108.9995	-76.9812	0.7063	77.1159	0.7079	1.3e-04	0.5361
6372	-108.9791	-108.9791	-77.6100	0.7122	76.4714	0.7020	1.3e-04	0.5357
6373	-109.0008	-109.0008	-76.8787	0.7053	77.2234	0.7089	1.3e-04	0.5367
6374	-108.9853	-108.9853	-76.9898	0.7064	77.0936	0.7077	1.3e-04	0.5371
6375	-108.9828	-108.9828	-77.9337	0.7151	76.1395	0.6989	1.3e-04	0.5377
6376	-108.9838	-108.9838	-76.8312	0.7050	77.2481	0.7091	1.3e-04	0.5380
6377	-108.9878	-108.9878	-77.1819	0.7082	76.8979	0.7060	1.3e-04	0.5379
6378	-108.9909	-108.9909	-77.8211	0.7140	76.2443	0.6999	1.3e-04	0.5375
6379	-108.9946	-108.9946	-76.6995	0.7037	77.3916	0.7103	1.3e-04	0.5362
6380	-108.9998	-108.9998	-77.8570	0.7143	76.2299	0.6997	1.3e-04	0.5370
6381	-109.0006	-109.0006	-75.7844	0.6953	78.2987	0.7187	1.3e-04	0.5385
6382	-109.0021	-109.0021	-77.1976	0.7082	76.9074	0.7059	1.3e-04	0.5378
6383	-108.9889	-108.9889	-77.4512	0.7106	76.6305	0.7035	1.3e-04	0.5380
6384	-108.9944	-108.9944	-76.4487	0.7014	77.6237	0.7126	1.3e-04	0.5374
6385	-108.9924	-108.9924	-77.1252	0.7076	76.9623	0.7065	1.3e-04	0.5378
6386	-108.9797	-108.9797	-77.0165	0.7067	77.0580	0.7074	1.3e-04	0.5381
6387	-108.9901	-108.9901	-77.0040	0.7065	77.0968	0.7077	1.3e-04	0.5375
6388	-108.9872	-108.9872	-76.4320	0.7013	77.6535	0.7129	1.3e-04	0.5382
6389	-108.9787	-108.9787	-76.9862	0.7064	77.0805	0.7078	1.3e-04	0.5376
6390	-108.9905	-108.9905	-76.2554	0.6997	77.8340	0.7145	1.3e-04	0.5374
6391	-108.9868	-108.9868	-77.6985	0.7129	76.3902	0.7012	1.3e-04	0.5389
6392	-108.9926	-108.9926	-76.9413	0.7059	77.1580	0.7083	1.3e-04	0.5369
6393	-108.9858	-108.9858	-77.2719	0.7090	76.8203	0.7052	1.3e-04	0.5378
6394	-108.9958	-108.9958	-77.2231	0.7085	76.8831	0.7056	1.3e-04	0.5369
6395	-108.9854	-108.9854	-76.6525	0.7033	77.4424	0.7109	1.3e-04	0.5383
6396	-109.0065	-109.0065	-76.9240	0.7057	77.1874	0.7085	1.3e-04	0.5371
6397	-108.9855	-108.9855	-77.0090	0.7066	77.0756	0.7076	1.3e-04	0.5374
6398	-108.9823	-108.9823	-77.0397	0.7069	77.0372	0.7072	1.3e-04	0.5376
6399	-108.9983	-108.9983	-78.2465	0.7179	75.8317	0.6961	1.3e-04	0.5384
6400	-108.9881	-108.9881	-76.7629	0.7043	77.2708	0.7094	1.3e-04	0.5377
6401	-109.0088	-109.0088	-77.0425	0.7068	77.0737	0.7074	1.3e-04	0.5351
6402	-108.9912	-108.9912	-78.2109	0.7176	75.8727	0.6965	1.3e-04	0.5355
6403	-109.0091	-109.0091	-77.2459	0.7086	76.8712	0.7056	1.3e-04	0.5359
6404	-108.9838	-108.9838	-77.8003	0.7139	76.2757	0.7003	1.3e-04	0.5368
6405	-108.9917	-108.9917	-76.5782	0.7026	77.5252	0.7116	1.3e-04	0.5367
6406	-108.9974	-108.9974	-76.6351	0.7031	77.4538	0.7110	1.3e-04	0.5364
6407	-108.9808	-108.9808	-76.2199	0.6994	77.8572	0.7147	1.3e-04	0.5363
6408	-108.9885	-108.9885	-77.7536	0.7134	76.3283	0.7007	1.3e-04	0.5366
6409	-108.9865	-108.9865	-76.9371	0.7059	77.1560	0.7083	1.3e-04	0.5389
6410	-108.9989	-108.9989	-77.0087	0.7065	77.0887	0.7077	1.3e-04	0.5380
6411	-108.9977	-108.9977	-77.5131	0.7111	76.5833	0.7030	1.3e-04	0.5368
6412	-108.9973	-108.9973	-77.1943	0.7082	76.9088	0.7060	1.3e-04	0.5355
6413	-108.9817	-108.9817	-77.2555	0.7089	76.8342	0.7053	1.3e-04	0.5356
6414	-108.9717	-108.9717	-77.2039	0.7085	76.8615	0.7057	1.3e-04	0.5360
6415	-108.9777	-108.9777	-77.8907	0.7147	76.1882	0.6994	1.3e-04	0.5386
6416	-108.9905	-108.9905	-77.7851	0.7137	76.2954	0.7004	1.3e-04	0.5370
6417	-108.9901	-108.9901	-76.2269	0.6994	77.8510	0.7147	1.3e-04	0.5381
6418	-108.9835	-108.9835	-76.5684	0.7026	77.5232	0.7116	1.3e-04	0.5374
6419	-109.0058	-109.0058	-76.6307	0.7030	77.4726	0.7112	1.3e-04	0.5394
6420	-109.0067	-109.0067	-76.1141	0.6983	77.9809	0.7158	1.3e-04	0.5375
6421	-108.9882	-108.9882	-77.1383	0.7078	76.9194	0.7062	1.3e-04	0.5376
6422	-108.9755	-108.9755	-76.3239	0.7004	77.7204	0.7136	1.3e-04	0.5372
6423	-108.9874	-108.9874	-76.1888	0.6991	77.8843	0.7150	1.3e-04	0.5379
6424	-108.9824	-108.9824	-75.8610	0.6961	78.1889	0.7177	1.3e-04	0.5378
6425	-108.9902	-108.9902	-76.0957	0.6982	77.9810	0.7159	1.3e-04	0.5378
6426	-108.9929	-108.9929	-76.8812	0.7054	77.2103	0.7088	1.3e-04	0.5381
6427	-108.9968	-108.9968	-76.4852	0.7017	77.6092	0.7124	1.3e-04	0.5376
6428	-108.9918	-108.9918	-76.2158	0.6993	77.8745	0.7148	1.3e-04	0.5362
6429	-108.9914	-108.9914	-76.7629	0.7043	77.3350	0.7099	1.3e-04	0.5371
6430	-108.9838	-108.9838	-76.5996	0.7029	77.4829	0.7112	1.3e-04	0.5364
6431	-108.9947	-108.9947	-75.8390	0.6958	78.2398	0.7182	1.3e-04	0.5362
6432	-108.9916	-108.9916	-75.9393	0.6967	78.1291	0.7173	1.3e-04	0.5364
6433	-108.9950	-108.9950	-76.6894	0.7036	77.4046	0.7105	1.3e-04	0.5373
6434	-108.9912	-108.9912	-76.2136	0.6993	77.8801	0.7149	1.3e-04	0.5373
6435	-108.9804	-108.9804	-76.2797	0.6999	77.7642	0.7139	1.3e-04	0.5368
6436	-109.0057	-109.0058	-75.4702	0.6924	78.6046	0.7216	1.3e-04	0.5366
6437	-108.9835	-108.9835	-77.3702	0.7099	76.7049	0.7042	1.3e-04	0.5358
6438	-108.9892	-108.9892	-76.0984	0.6982	77.9820	0.7159	1.3e-04	0.5371
6439	-108.9816	-108.9816	-75.9135	0.6966	78.1601	0.7175	1.3e-04	0.5385
6440	-108.9820	-108.9820	-76.6083	0.7029	77.4731	0.7112	1.3e-04	0.5376
6441	-108.9795	-108.9795	-76.4833	0.7018	77.6015	0.7123	1.3e-04	0.5365
6442	-108.9725	-108.9725	-76.2149	0.6994	77.8490	0.7147	1.3e-04	0.5361
6443	-108.9946	-108.9946	-76.1789	0.6989	77.9194	0.7152	1.3e-04	0.5357
6444	-109.0001	-109.0001	-76.8881	0.7054	77.2188	0.7088	1.3e-04	0.5362
6445	-108.9921	-108.9922	-75.6595	0.6942	78.4055	0.7198	1.3e-04	0.5372
6446	-108.9892	-108.9892	-77.0238	0.7067	77.0722	0.7075	1.3e-04	0.5359
6447	-108.9752	-108.9752	-76.8663	0.7054	77.2122	0.7089	1.3e-04	0.5372
6448	-109.0023	-109.0023	-76.4096	0.7010	77.6880	0.7131	1.3e-04	0.5367
6449	-108.9868	-108.9868	-76.1700	0.6989	77.9065	0.7152	1.3e-04	0.5371
6450	-108.9989	-108.9989	-76.4730	0.7016	77.5833	0.7122	1.3e-04	0.5366
6451	-108.9703	-108.9703	-76.6948	0.7038	77.3767	0.7104	1.3e-04	0.5357
6452	-109.0083	-109.0083	-76.5869	0.7026	77.5244	0.7116	1.3e-04	0.5364
6453	-108.9855	-108.9855	-76.6377	0.7032	77.4402	0.7110	1.3e-04	0.5367
6454	-108.9758	-108.9758	-77.1652	0.7081	76.9022	0.7060	1.3e-04	0.5361
6455	-109.0039	-109.0039	-76.7230	0.7039	77.3799	0.7103	1.3e-04	0.5362
6456	-108.9996	-108.9996	-76.9854	0.7063	77.0559	0.7074	1.3e-04	0.5357
6457	-109.0012	-109.0012	-76.8208	0.7048	77.2813	0.7094	1.3e-04	0.5366
6458	-108.9922	-108.9922	-76.6023	0.7028	77.4892	0.7114	1.3e-04	0.5366
6459	-108.9748	-108.9748	-76.5284	0.7023	77.5412	0.7119	1.3e-04	0.5372
6460	-108.9777	-108.9777	-76.8292	0.7050	77.2538	0.7092	1.3e-04	0.5359
6461	-108.9852	-108.9852	-76.7579	0.7043	77.3211	0.7098	1.3e-04	0.5358
6462	-108.9904	-108.9904	-77.1958	0.7083	76.8979	0.7059	1.3e-04	0.5371
6463	-108.9847	-108.9847	-76.1632	0.6988	77.9190	0.7153	1.3e-04	0.5378
6464	-108.9789	-108.9789	-76.8332	0.7050	77.2507	0.7092	1.3e-04	0.5358
6465	-108.9806	-108.9806	-77.3051	0.7093	76.7840	0.7048	1.3e-04	0.5371
6466	-109.0032	-109.0032	-76.5827	0.7026	77.5093	0.7115	1.3e-04	0.5360
6467	-108.9958	-108.9958	-76.0908	0.6981	78.0052	0.7160	1.3e-04	0.5364
6468	-108.9942	-108.9942	-76.4984	0.7019	77.5967	0.7123	1.3e-04	0.5362
6469	-108.9922	-108.9922	-77.6072	0.7120	76.4787	0.7021	1.3e-04	0.5382
6470	-108.9920	-108.9921	-75.7671	0.6952	78.3109	0.7188	1.3e-04	0.5375
6471	-108.9792	-108.9792	-77.0693	0.7072	76.9819	0.7068	1.3e-04	0.5376
6472	-108.9953	-108.9953	-76.9977	0.7064	77.0705	0.7074	1.3e-04	0.5367
6473	-108.9875	-108.9875	-77.0398	0.7069	77.0532	0.7073	1.3e-04	0.5365
6474	-108.9823	-108.9823	-77.3934	0.7101	76.6977	0.7040	1.3e-04	0.5369
6475	-108.9891	-108.9891	-76.0847	0.6981	77.9837	0.7160	1.3e-04	0.5378
6476	-108.9924	-108.9924	-75.7814	0.6953	78.2744	0.7186	1.3e-04	0.5384
6477	-108.9785	-108.9785	-76.1790	0.6990	77.8953	0.7151	1.3e-04	0.5376
6478	-109.0039	-109.0039	-77.1239	0.7075	76.9783	0.7066	1.3e-04	0.5373
6479	-108.9891	-108.9891	-77.5798	0.7118	76.5030	0.7023	1.3e-04	0.5372
6480	-109.0052	-109.0052	-76.6732	0.7034	77.4294	0.7108	1.3e-04	0.5358
6481	-108.9875	-108.9875	-77.0546	0.7070	77.0316	0.7071	1.3e-04	0.5366
6482	-108.9795	-108.9795	-76.2568	0.6997	77.8239	0.7144	1.3e-04	0.5459
6483	-108.9957	-108.9957	-76.7927	0.7045	77.3041	0.7096	1.3e-04	0.5364
6484	-108.9854	-108.9854	-76.6922	0.7037	77.3711	0.7104	1.3e-04	0.5359
6485	-108.9890	-108.9890	-76.8007	0.7047	77.2700	0.7094	1.3e-04	0.5368
6486	-108.9894	-108.9894	-77.3253	0.7095	76.7672	0.7047	1.3e-04	0.5375
6487	-108.9899	-108.9899	-75.9902	0.6972	78.0743	0.7167	1.3e-04	0.5379
6488	-108.9843	-108.9843	-76.1128	0.6984	77.9578	0.7157	1.3e-04	0.5374
6489	-108.9882	-108.9882	-76.7052	0.7038	77.3726	0.7103	1.3e-04	0.5371
6490	-108.9866	-108.9866	-76.2494	0.6996	77.8115	0.7144	1.3e-04	0.5361
6491	-108.9935	-108.9935	-76.5050	0.7019	77.5754	0.7121	1.3e-04	0.5355
6492	-108.9724	-108.9724	-77.2376	0.7088	76.8378	0.7054	1.3e-04	0.5359
6493	-108.9825	-108.9825	-75.6300	0.6940	78.4242	0.7200	1.3e-04	0.5371
6494	-108.9986	-108.9986	-76.0460	0.6977	78.0325	0.7164	1.3e-04	0.5368
6495	-109.0047	-109.0047	-76.1197	0.6983	77.9685	0.7158	1.3e-04	0.5376
6496	-108.9851	-108.9851	-76.7295	0.7040	77.3530	0.7102	1.3e-04	0.5370
6497	-108.9877	-108.9877	-76.0809	0.6981	78.0042	0.7160	1.3e-04	0.5369
6498	-108.9845	-108.9845	-76.9516	0.7061	77.1373	0.7081	1.3e-04	0.5374
6499	-108.9873	-108.9873	-76.8268	0.7049	77.2447	0.7092	1.3e-04	0.5375
6500	-108.9871	-108.9871	-76.4891	0.7018	77.5837	0.7123	1.3e-04	0.5383
6501	-108.9813	-108.9813	-77.3759	0.7100	76.6074	0.7032	1.3e-04	0.5358
6502	-108.9815	-108.9815	-76.0672	0.6980	78.0013	0.7161	1.3e-04	0.5370
6503	-108.9859	-108.9859	-76.3093	0.7002	77.7735	0.7140	1.3e-04	0.5379
6504	-108.9959	-108.9959	-75.8001	0.6954	78.2725	0.7186	1.3e-04	0.5367
6505	-108.9728	-108.9728	-76.1806	0.6991	77.8789	0.7149	1.3e-04	0.5387
6506	-108.9908	-108.9908	-76.0444	0.6977	78.0198	0.7163	1.3e-04	0.5367
6507	-109.0048	-109.0048	-75.5243	0.6929	78.5477	0.7211	1.3e-04	0.5379
6508	-108.9925	-108.9926	-75.6043	0.6937	78.4417	0.7201	1.3e-04	0.5378
6509	-108.9748	-108.9748	-75.7825	0.6954	78.2806	0.7186	1.3e-04	0.5363
6510	-109.0084	-109.0084	-75.8497	0.6958	78.2305	0.7181	1.3e-04	0.5366
6511	-108.9911	-108.9911	-76.2562	0.6997	77.8165	0.7144	1.3e-04	0.5374
6512	-108.9817	-108.9817	-75.9597	0.6970	78.1059	0.7171	1.3e-04	0.5375
6513	-108.9938	-108.9938	-75.9189	0.6965	78.1648	0.7175	1.3e-04	0.5376
6514	-108.9780	-108.9781	-75.3263	0.6912	78.7161	0.7226	1.3e-04	0.5374
6515	-108.9882	-108.9882	-76.1339	0.6986	77.9445	0.7155	1.3e-04	0.5372
6516	-108.9885	-108.9885	-75.8677	0.6961	78.1924	0.7179	1.3e-04	0.5363
6517	-108.9762	-108.9762	-76.9073	0.7057	77.1725	0.7085	1.3e-04	0.5368
6518	-108.9761	-108.9761	-76.3736	0.7008	77.7021	0.7133	1.3e-04	0.5378
6519	-109.0014	-109.0014	-76.5972	0.7027	77.5095	0.7115	1.3e-04	0.5362
6520	-108.9819	-108.9819	-76.0919	0.6982	77.9794	0.7159	1.3e-04	0.5360
6521	-108.9928	-108.9928	-76.9001	0.7056	77.2006	0.7087	1.3e-04	0.5362
6522	-108.9898	-108.9898	-75.9331	0.6967	78.1485	0.7174	1.3e-04	0.5372
6523	-108.9855	-108.9855	-76.0190	0.6975	78.0416	0.7164	1.3e-04	0.5378
6524	-108.9749	-108.9750	-75.5239	0.6930	78.5156	0.7208	1.3e-04	0.5364
6525	-108.9853	-108.9853	-76.8559	0.7052	77.2186	0.7089	1.3e-04	0.5368
6526	-108.9915	-108.9915	-76.4469	0.7014	77.6518	0.7127	1.3e-04	0.5359
6527	-108.9903	-108.9903	-76.1656	0.6988	77.9090	0.7153	1.3e-04	0.5358
6528	-108.9863	-108.9864	-75.7453	0.6950	78.3197	0.7189	1.3e-04	0.5354
6529	-108.9835	-108.9835	-76.1614	0.6988	77.9099	0.7152	1.3e-04	0.5365
6530	-109.0005	-109.0005	-76.2772	0.6998	77.8100	0.7143	1.3e-04	0.5362
6531	-108.9927	-108.9927	-76.4170	0.7011	77.6518	0.7128	1.3e-04	0.5371
6532	-109.0046	-109.0046	-76.3952	0.7008	77.6987	0.7133	1.3e-04	0.5373
6533	-108.9780	-108.9780	-76.8631	0.7053	77.1572	0.7084	1.3e-04	0.5378
6534	-108.9947	-108.9947	-76.6733	0.7035	77.4218	0.7107	1.3e-04	0.5377
6535	-108.9971	-108.9971	-76.6030	0.7028	77.4723	0.7113	1.3e-04	0.5363
6536	-108.9962	-108.9962	-76.3837	0.7008	77.7110	0.7133	1.3e-04	0.5357
6537	-108.9940	-108.9940	-76.1890	0.6990	77.9027	0.7151	1.3e-04	0.5365
6538	-108.9837	-108.9837	-77.8108	0.7140	76.2683	0.7002	1.3e-04	0.5365
6539	-108.9746	-108.9746	-76.0505	0.6979	78.0133	0.7162	1.3e-04	0.5374
6540	-108.9846	-108.9846	-76.2071	0.6992	77.8662	0.7148	1.3e-04	0.5362
6541	-109.0080	-109.0080	-76.5336	0.7021	77.5658	0.7120	1.3e-04	0.5365
6542	-108.9779	-108.9779	-76.4164	0.7012	77.6532	0.7129	1.3e-04	0.5363
6543	-108.9957	-108.9957	-77.3766	0.7099	76.7154	0.7042	1.3e-04	0.5368
6544	-109.0037	-109.0037	-77.4058	0.7101	76.7070	0.7041	1.3e-04	0.5366
6545	-109.0086	-109.0086	-76.4568	0.7014	77.6372	0.7126	1.3e-04	0.5375
6546	-108.9935	-108.9935	-77.8242	0.7140	76.2519	0.7000	1.3e-04	0.5370
6547	-108.9870	-108.9870	-76.8807	0.7054	77.1985	0.7087	1.3e-04	0.5372
6548	-108.9964	-108.9964	-76.6776	0.7035	77.4094	0.7106	1.3e-04	0.5354
6549	-108.9986	-108.9986	-77.3638	0.7098	76.7185	0.7043	1.3e-04	0.5360
6550	-108.9867	-108.9867	-77.1795	0.7082	76.9035	0.7061	1.3e-04	0.5371
6551	-108.9881	-108.9881	-77.2098	0.7084	76.8371	0.7054	1.3e-04	0.5365
6552	-108.9966	-108.9966	-77.1067	0.7074	76.9848	0.7066	1.3e-04	0.5360
6553	-108.9791	-108.9791	-77.2942	0.7093	76.7887	0.7049	1.3e-04	0.5361
6554	-108.9903	-108.9903	-77.3755	0.7099	76.7196	0.7043	1.3e-04	0.5359
6555	-108.9921	-108.9921	-77.1741	0.7081	76.9179	0.7061	1.3e-04	0.5368
6556	-108.9646	-108.9646	-77.2451	0.7089	76.8087	0.7052	1.3e-04	0.5364
6557	-108.9787	-108.9787	-76.8978	0.7056	77.1793	0.7086	1.3e-04	0.5358
6558	-108.9886	-108.9887	-76.0798	0.6981	77.9960	0.7160	1.3e-04	0.5366
6559	-108.9871	-108.9871	-75.5466	0.6932	78.5141	0.7207	1.3e-04	0.5386
6560	-108.9855	-108.9855	-76.9053	0.7056	77.1508	0.7083	1.3e-04	0.5372
6561	-108.9844	-108.9844	-77.5888	0.7119	76.4873	0.7022	1.3e-04	0.5371
6562	-108.9932	-108.9932	-77.0896	0.7073	76.9988	0.7069	1.3e-04	0.5363
6563	-108.9810	-108.9810	-76.7327	0.7041	77.3475	0.7101	1.3e-04	0.5361
6564	-108.9836	-108.9836	-77.1194	0.7076	76.9598	0.7066	1.3e-04	0.5368
6565	-108.9909	-108.9909	-77.2558	0.7088	76.8258	0.7052	1.3e-04	0.5384
6566	-108.9731	-108.9731	-77.1717	0.7082	76.8958	0.7060	1.3e-04	0.5375
6567	-109.0038	-109.0038	-77.1154	0.7075	76.9989	0.7068	1.3e-04	0.5376
6568	-108.9842	-108.9842	-77.3812	0.7100	76.7006	0.7042	1.3e-04	0.5352
6569	-108.9796	-108.9796	-77.4589	0.7108	76.6172	0.7034	1.3e-04	0.5364
6570	-108.9932	-108.9932	-77.5399	0.7114	76.5492	0.7027	1.3e-04	0.5364
6571	-108.9951	-108.9951	-77.1441	0.7078	76.9567	0.7064	1.3e-04	0.5373
6572	-109.0050	-109.0050	-77.6548	0.7124	76.4490	0.7018	1.3e-04	0.5380
6573	-108.9829	-108.9829	-76.7453	0.7042	77.3383	0.7100	1.3e-04	0.5376
6574	-108.9762	-108.9762	-76.6334	0.7032	77.4415	0.7110	1.3e-04	0.5379
6575	-108.9926	-108.9926	-77.1685	0.7080	76.9233	0.7062	1.3e-04	0.5363
6576	-109.0043	-109.0043	-77.1370	0.7077	76.9710	0.7066	1.3e-04	0.5364
6577	-109.0020	-109.0020	-76.1482	0.6986	77.9461	0.7155	1.3e-04	0.5364
6578	-108.9856	-108.9856	-76.9095	0.7057	77.1744	0.7085	1.3e-04	0.5358
6579	-108.9933	-108.9933	-76.5568	0.7024	77.5358	0.7117	1.3e-04	0.5371
6580	-108.9899	-108.9899	-76.4226	0.7012	77.6609	0.7130	1.3e-04	0.5356
6581	-108.9812	-108.9812	-76.7742	0.7045	77.2977	0.7097	1.3e-04	0.5356
6582	-108.9891	-108.9891	-77.0043	0.7065	77.0760	0.7077	1.3e-04	0.5354
6583	-108.9725	-108.9725	-75.8910	0.6964	78.1522	0.7176	1.3e-04	0.5365
6584	-108.9832	-108.9832	-77.6118	0.7121	76.4707	0.7020	1.3e-04	0.5361
6585	-108.9838	-108.9838	-77.0742	0.7072	77.0162	0.7070	1.3e-04	0.5362
6586	-108.9877	-108.9877	-76.4914	0.7018	77.5886	0.7122	1.3e-04	0.5373
6587	-108.9894	-108.9894	-76.9668	0.7062	77.1269	0.7080	1.3e-04	0.5388
6588	-108.9961	-108.9961	-77.7551	0.7134	76.3292	0.7007	1.3e-04	0.5368
6589	-108.9987	-108.9987	-78.1940	0.7174	75.8845	0.6967	1.3e-04	0.5381
6590	-108.9778	-108.9778	-76.0010	0.6974	78.0471	0.7164	1.3e-04	0.5379
6591	-108.9647	-108.9647	-77.2391	0.7088	76.8179	0.7053	1.3e-04	0.5378
6592	-108.9892	-108.9892	-77.7701	0.7136	76.3230	0.7006	1.3e-04	0.5382
6593	-108.9964	-108.9964	-77.5510	0.7115	76.5427	0.7027	1.3e-04	0.5379
6594	-108.9936	-108.9936	-76.9641	0.7061	77.1347	0.7081	1.3e-04	0.5370
6595	-108.9909	-108.9909	-77.3433	0.7096	76.7214	0.7043	1.3e-04	0.5363
6596	-108.9699	-108.9699	-76.7955	0.7047	77.2608	0.7093	1.3e-04	0.5374
6597	-108.9823	-108.9823	-77.4166	0.7104	76.6705	0.7038	1.3e-04	0.5369
6598	-108.9996	-108.9996	-77.3524	0.7097	76.7283	0.7044	1.3e-04	0.5373
6599	-108.9708	-108.9708	-77.4872	0.7111	76.5757	0.7030	1.3e-04	0.5375
6600	-108.9796	-108.9796	-77.5798	0.7119	76.4953	0.7023	1.3e-04	0.5376
6601	-108.9855	-108.9855	-77.4267	0.7104	76.6587	0.7037	1.3e-04	0.5359
6602	-108.9942	-108.9942	-76.4819	0.7017	77.6081	0.7124	1.3e-04	0.5376
6603	-108.9846	-108.9846	-77.3742	0.7100	76.7188	0.7042	1.3e-04	0.5382
6604	-109.0143	-109.0143	-76.8872	0.7053	77.2268	0.7089	1.3e-04	0.5368
6605	-108.9914	-108.9914	-77.4519	0.7106	76.6312	0.7035	1.3e-04	0.5358
6606	-109.0032	-109.0032	-76.6911	0.7036	77.3871	0.7104	1.3e-04	0.5359
6607	-108.9781	-108.9781	-76.8717	0.7054	77.1545	0.7084	1.3e-04	0.5374
6608	-108.9843	-108.9843	-76.8353	0.7050	77.2485	0.7092	1.3e-04	0.5375
6609	-108.9779	-108.9779	-76.2781	0.6999	77.7837	0.7141	1.3e-04	0.5379
6610	-108.9890	-108.9890	-77.1163	0.7076	76.9468	0.7065	1.3e-04	0.5362
6611	-108.9756	-108.9756	-76.4992	0.7020	77.5731	0.7121	1.3e-04	0.5382
6612	-108.9919	-108.9919	-77.8048	0.7139	76.2821	0.7003	1.3e-04	0.5380
6613	-108.9725	-108.9725	-76.6606	0.7035	77.4171	0.7107	1.3e-04	0.5372
6614	-109.0110	-109.0110	-76.9013	0.7054	77.2154	0.7088	1.3e-04	0.5364
6615	-108.9912	-108.9912	-76.2421	0.6995	77.8445	0.7146	1.3e-04	0.5380
6616	-108.9973	-108.9973	-76.2638	0.6997	77.8213	0.7145	1.3e-04	0.5384
6617	-109.0017	-109.0017	-76.1470	0.6986	77.9428	0.7155	1.3e-04	0.5370
6618	-108.9784	-108.9784	-76.8265	0.7050	77.2555	0.7092	1.3e-04	0.5369
6619	-108.9798	-108.9798	-76.2035	0.6992	77.8571	0.7147	1.3e-04	0.5379
6620	-108.9825	-108.9825	-76.8995	0.7056	77.1667	0.7085	1.3e-04	0.5363
6621	-108.9940	-108.9940	-76.0738	0.6980	78.0198	0.7161	1.3e-04	0.5367
6622	-109.0081	-109.0081	-76.3662	0.7006	77.7331	0.7136	1.3e-04	0.5360
6623	-109.0007	-109.0007	-76.9523	0.7060	77.1517	0.7081	1.3e-04	0.5363
6624	-108.9918	-108.9918	-76.7097	0.7038	77.3812	0.7103	1.3e-04	0.5352
6625	-108.9962	-108.9962	-77.1025	0.7074	76.9898	0.7068	1.3e-04	0.5365
6626	-108.9875	-108.9875	-76.8333	0.7050	77.2467	0.7091	1.3e-04	0.5365
6627	-108.9718	-108.9718	-76.6567	0.7035	77.4032	0.7107	1.3e-04	0.5363
6628	-108.9910	-108.9910	-77.7000	0.7129	76.3760	0.7011	1.3e-04	0.5366
6629	-108.9851	-108.9851	-76.4852	0.7018	77.5988	0.7124	1.3e-04	0.5363
6630	-108.9970	-108.9970	-76.5472	0.7023	77.5515	0.7119	1.3e-04	0.5360
6631	-108.9959	-108.9959	-76.2624	0.6997	77.8187	0.7144	1.3e-04	0.5375
6632	-108.9938	-108.9938	-76.8682	0.7053	77.2289	0.7089	1.3e-04	0.5364
6633	-108.9833	-108.9833	-76.2703	0.6998	77.8098	0.7143	1.3e-04	0.5380
6634	-108.9825	-108.9825	-77.5472	0.7116	76.5274	0.7026	1.3e-04	0.5381
6635	-108.9871	-108.9871	-78.0723	0.7163	75.9771	0.6975	1.3e-04	0.5375
6636	-108.9882	-108.9882	-77.6164	0.7122	76.4635	0.7019	1.3e-04	0.5385
6637	-108.9857	-108.9857	-77.0210	0.7067	77.0649	0.7075	1.3e-04	0.5371
6638	-108.9891	-108.9891	-76.2059	0.6992	77.8564	0.7148	1.3e-04	0.5362
6639	-108.9851	-108.9851	-76.4867	0.7018	77.5783	0.7124	1.3e-04	0.5367
6640	-108.9847	-108.9847	-76.7291	0.7040	77.3701	0.7102	1.3e-04	0.5365
6641	-108.9866	-108.9866	-77.0670	0.7071	77.0203	0.7071	1.3e-04	0.5360
6642	-108.9819	-108.9819	-76.5335	0.7023	77.5492	0.7119	1.3e-04	0.5373
6643	-108.9987	-108.9987	-75.9651	0.6969	78.1286	0.7171	1.3e-04	0.5387
6644	-108.9948	-108.9948	-76.3394	0.7004	77.7476	0.7138	1.3e-04	0.5386
6645	-108.9861	-108.9861	-76.6726	0.7035	77.4165	0.7107	1.3e-04	0.5376
6646	-108.9873	-108.9873	-75.7541	0.6951	78.3073	0.7189	1.3e-04	0.5377
6647	-108.9884	-108.9884	-75.8199	0.6957	78.2370	0.7183	1.3e-04	0.5370
6648	-108.9827	-108.9827	-76.3595	0.7007	77.7134	0.7134	1.3e-04	0.5351
6649	-108.9971	-108.9971	-76.1310	0.6985	77.9597	0.7156	1.3e-04	0.5365
6650	-108.9885	-108.9885	-76.3789	0.7008	77.6963	0.7133	1.3e-04	0.5369
6651	-108.9834	-108.9834	-76.2099	0.6993	77.8715	0.7148	1.3e-04	0.5362
6652	-108.9848	-108.9848	-75.5212	0.6930	78.5328	0.7210	1.3e-04	0.5361
6653	-109.0073	-109.0074	-75.5343	0.6929	78.5458	0.7210	1.3e-04	0.5367
6654	-108.9799	-108.9799	-76.2482	0.6997	77.8302	0.7144	1.3e-04	0.5373
6655	-108.9754	-108.9754	-76.0016	0.6974	78.0619	0.7166	1.3e-04	0.5376
6656	-109.0183	-109.0183	-76.1104	0.6981	78.0038	0.7159	1.3e-04	0.5376
6657	-108.9886	-108.9886	-76.3428	0.7005	77.7223	0.7135	1.3e-04	0.5370
6658	-108.9939	-108.9939	-76.0265	0.6975	78.0452	0.7164	1.3e-04	0.5370
6659	-108.9929	-108.9929	-75.7577	0.6951	78.3201	0.7189	1.3e-04	0.5365
6660	-108.9976	-108.9976	-76.4522	0.7014	77.6245	0.7126	1.3e-04	0.5374
6661	-108.9720	-108.9720	-76.6226	0.7031	77.4579	0.7110	1.3e-04	0.5381
6662	-108.9810	-108.9810	-76.2867	0.7000	77.7909	0.7141	1.3e-04	0.5379
6663	-108.9931	-108.9931	-76.7700	0.7044	77.3263	0.7098	1.3e-04	0.5378
6664	-109.0020	-109.0020	-76.2224	0.6993	77.8686	0.7149	1.3e-04	0.5376
6665	-108.9929	-108.9929	-76.9519	0.7060	77.1274	0.7080	1.3e-04	0.5374
6666	-108.9925	-108.9925	-76.3969	0.7009	77.6780	0.7130	1.3e-04	0.5371
6667	-108.9830	-108.9830	-76.6169	0.7030	77.4660	0.7112	1.3e-04	0.5452
6668	-108.9752	-108.9752	-77.1267	0.7077	76.9429	0.7064	1.3e-04	0.5369
6669	-108.9814	-108.9814	-76.6709	0.7035	77.4155	0.7106	1.3e-04	0.5370
6670	-108.9871	-108.9871	-76.8701	0.7053	77.2152	0.7089	1.3e-04	0.5363
6671	-109.0100	-109.0100	-76.5640	0.7024	77.5428	0.7118	1.3e-04	0.5358
6672	-108.9881	-108.9881	-77.1962	0.7083	76.8845	0.7058	1.3e-04	0.5362
6673	-109.0020	-109.0021	-75.7222	0.6947	78.3584	0.7193	1.3e-04	0.5377
6674	-108.9988	-108.9988	-77.5603	0.7116	76.5402	0.7026	1.3e-04	0.5373
6675	-108.9991	-108.9991	-77.0846	0.7072	77.0176	0.7070	1.3e-04	0.5388
6676	-108.9935	-108.9935	-78.1214	0.7168	75.9557	0.6973	1.3e-04	0.5382
6677	-108.9784	-108.9784	-77.0263	0.7068	77.0315	0.7071	1.3e-04	0.5360
6678	-108.9965	-108.9965	-75.8678	0.6961	78.2083	0.7180	1.3e-04	0.5362
6679	-109.0044	-109.0044	-76.4644	0.7015	77.6342	0.7126	1.3e-04	0.5367
6680	-109.0020	-109.0020	-76.7639	0.7042	77.3458	0.7099	1.3e-04	0.5369
6681	-108.9762	-108.9762	-77.1462	0.7079	76.9187	0.7062	1.3e-04	0.5373
6682	-108.9895	-108.9895	-76.6816	0.7036	77.4020	0.7106	1.3e-04	0.5366
6683	-108.9928	-108.9928	-76.8669	0.7052	77.2229	0.7089	1.3e-04	0.5383
6684	-108.9744	-108.9744	-76.7402	0.7042	77.3310	0.7100	1.3e-04	0.5354
6685	-108.9941	-108.9941	-77.6845	0.7127	76.4015	0.7014	1.3e-04	0.5359
6686	-108.9962	-108.9962	-77.2198	0.7085	76.8894	0.7057	1.3e-04	0.5363
6687	-108.9820	-108.9820	-76.4984	0.7019	77.5828	0.7122	1.3e-04	0.5379
6688	-108.9905	-108.9905	-77.5760	0.7118	76.5155	0.7024	1.3e-04	0.5390
6689	-108.9832	-108.9832	-76.4243	0.7012	77.6486	0.7129	1.3e-04	0.5368
6690	-108.9923	-108.9923	-76.6058	0.7029	77.4958	0.7113	1.3e-04	0.5354
6691	-108.9717	-108.9717	-77.4375	0.7106	76.6339	0.7036	1.3e-04	0.5371
6692	-108.9876	-108.9876	-77.0719	0.7072	77.0158	0.7070	1.3e-04	0.5365
6693	-108.9761	-108.9761	-77.1601	0.7080	76.8996	0.7060	1.3e-04	0.5375
6694	-108.9941	-108.9941	-76.4219	0.7012	77.6689	0.7130	1.3e-04	0.5378
6695	-108.9864	-108.9864	-76.8864	0.7055	77.1914	0.7087	1.3e-04	0.5375
6696	-108.9927	-108.9927	-76.9875	0.7064	77.1041	0.7078	1.3e-04	0.5369
6697	-108.9840	-108.9840	-77.2285	0.7086	76.8502	0.7054	1.3e-04	0.5386
6698	-108.9835	-108.9835	-76.7191	0.7040	77.3605	0.7102	1.3e-04	0.5374
6699	-108.9895	-108.9895	-76.7795	0.7045	77.3176	0.7097	1.3e-04	0.5377
6700	-108.9812	-108.9812	-76.9182	0.7058	77.1495	0.7083	1.3e-04	0.5374
6701	-108.9901	-108.9901	-77.1958	0.7083	76.8922	0.7058	1.3e-04	0.5355
6702	-108.9964	-108.9964	-77.0267	0.7067	77.0826	0.7075	1.3e-04	0.5368
6703	-108.9941	-108.9941	-77.0575	0.7070	77.0459	0.7072	1.3e-04	0.5365
6704	-108.9810	-108.9810	-76.5975	0.7029	77.4779	0.7113	1.3e-04	0.5355
6705	-108.9915	-108.9915	-77.6006	0.7120	76.4795	0.7021	1.3e-04	0.5367
6706	-108.9886	-108.9886	-76.8351	0.7050	77.2563	0.7092	1.3e-04	0.5365
6707	-108.9914	-108.9914	-75.7989	0.6955	78.2699	0.7186	1.3e-04	0.5365
6708	-108.9998	-108.9998	-77.4468	0.7105	76.6599	0.7037	1.3e-04	0.5377
6709	-108.9902	-108.9902	-76.8484	0.7051	77.2399	0.7090	1.3e-04	0.5377
6710	-108.9947	-108.9947	-76.6637	0.7034	77.4288	0.7108	1.3e-04	0.5375
6711	-108.9911	-108.9911	-77.2488	0.7088	76.8478	0.7054	1.3e-04	0.5385
6712	-108.9771	-108.9771	-76.2248	0.6995	77.8427	0.7146	1.3e-04	0.5370
6713	-108.9751	-108.9751	-76.7982	0.7047	77.2775	0.7094	1.3e-04	0.5372
6714	-108.9923	-108.9923	-76.6454	0.7032	77.4444	0.7109	1.3e-04	0.5352
6715	-109.0025	-109.0025	-76.6589	0.7033	77.4486	0.7109	1.3e-04	0.5356
6716	-109.0009	-109.0009	-77.1931	0.7082	76.9167	0.7060	1.3e-04	0.5365
6717	-108.9813	-108.9813	-77.4388	0.7106	76.6245	0.7034	1.3e-04	0.5375
6718	-108.9893	-108.9893	-77.0411	0.7069	77.0465	0.7073	1.3e-04	0.5369
6719	-109.0035	-109.0035	-77.0422	0.7068	77.0450	0.7073	1.3e-04	0.5372
6720	-108.9862	-108.9862	-77.2488	0.7088	76.8365	0.7054	1.3e-04	0.5362
6721	-108.9862	-108.9862	-77.0196	0.7067	77.0708	0.7075	1.3e-04	0.5370
6722	-109.0042	-109.0042	-78.0343	0.7159	76.0445	0.6981	1.3e-04	0.5362
6723	-108.9892	-108.9892	-76.5751	0.7026	77.5066	0.7115	1.3e-04	0.5365
6724	-109.0005	-109.0005	-76.2948	0.6999	77.7986	0.7142	1.3e-04	0.5356
6725	-108.9876	-108.9876	-77.2901	0.7092	76.7885	0.7050	1.3e-04	0.5359
6726	-108.9907	-108.9907	-77.1709	0.7081	76.9192	0.7062	1.3e-04	0.5376
6727	-108.9888	-108.9888	-77.4534	0.7107	76.6336	0.7035	1.3e-04	0.5365
6728	-108.9834	-108.9834	-77.3420	0.7097	76.7324	0.7045	1.3e-04	0.5363
6729	-108.9884	-108.9884	-77.5705	0.7117	76.5209	0.7023	1.3e-04	0.5371
6730	-108.9956	-108.9956	-77.3366	0.7095	76.7615	0.7046	1.3e-04	0.5367
6731	-108.9923	-108.9923	-77.0588	0.7070	77.0406	0.7072	1.3e-04	0.5369
6732	-108.9766	-108.9766	-77.2499	0.7089	76.8273	0.7053	1.3e-04	0.5360
6733	-108.9904	-108.9904	-77.3895	0.7101	76.7058	0.7041	1.3e-04	0.5368
6734	-109.0062	-109.0062	-77.4658	0.7107	76.6028	0.7032	1.3e-04	0.5374
6735	-108.9979	-108.9979	-78.0567	0.7161	76.0382	0.6979	1.3e-04	0.5379
6736	-108.9872	-108.9872	-77.4853	0.7110	76.5984	0.7032	1.3e-04	0.5379
6737	-108.9870	-108.9870	-77.2967	0.7092	76.7955	0.7049	1.3e-04	0.5380
6738	-108.9661	-108.9661	-77.6023	0.7122	76.4626	0.7020	1.3e-04	0.5376
6739	-108.9786	-108.9786	-77.8282	0.7142	76.2491	0.7000	1.3e-04	0.5369
6740	-108.9802	-108.9802	-77.6732	0.7127	76.3948	0.7014	1.3e-04	0.5359
6741	-108.9828	-108.9828	-77.3872	0.7101	76.6900	0.7041	1.3e-04	0.5372
6742	-108.9876	-108.9876	-76.3180	0.7002	77.7596	0.7139	1.3e-04	0.5358
6743	-108.9958	-108.9958	-78.1535	0.7170	75.9280	0.6970	1.3e-04	0.5358
6744	-108.9854	-108.9854	-77.7085	0.7130	76.3650	0.7010	1.3e-04	0.5349
6745	-109.0037	-109.0037	-77.3659	0.7098	76.7404	0.7044	1.3e-04	0.5364
6746	-108.9728	-108.9728	-77.0481	0.7070	77.0341	0.7072	1.3e-04	0.5359
6747	-109.0088	-109.0088	-77.6663	0.7125	76.4333	0.7017	1.3e-04	0.5365
6748	-108.9824	-108.9824	-77.1154	0.7076	76.9641	0.7066	1.3e-04	0.5357
6749	-109.0070	-109.0070	-76.5465	0.7022	77.5641	0.7120	1.3e-04	0.5364
6750	-108.9894	-108.9894	-77.7659	0.7135	76.3107	0.7006	1.3e-04	0.5358
6751	-108.9970	-108.9970	-76.6332	0.7031	77.4728	0.7111	1.3e-04	0.5379
6752	-108.9876	-108.9876	-75.8509	0.6960	78.2261	0.7181	1.3e-04	0.5369
6753	-108.9840	-108.9840	-76.4374	0.7014	77.6465	0.7128	1.3e-04	0.5368
6754	-108.9725	-108.9725	-76.5208	0.7022	77.5498	0.7120	1.3e-04	0.5371
6755	-108.9852	-108.9852	-77.1999	0.7084	76.8949	0.7059	1.3e-04	0.5382
6756	-108.9897	-108.9897	-76.5906	0.7027	77.4996	0.7114	1.3e-04	0.5357
6757	-108.9875	-108.9875	-77.8012	0.7139	76.2781	0.7002	1.3e-04	0.5361
6758	-109.0050	-109.0050	-76.6525	0.7032	77.4500	0.7110	1.3e-04	0.5358
6759	-108.9924	-108.9924	-76.4513	0.7014	77.6429	0.7127	1.3e-04	0.5365
6760	-108.9982	-108.9982	-76.4547	0.7014	77.6521	0.7127	1.3e-04	0.5369
6761	-108.9860	-108.9860	-77.0290	0.7068	77.0672	0.7074	1.3e-04	0.5376
6762	-108.9944	-108.9944	-76.5797	0.7026	77.4980	0.7114	1.3e-04	0.5362
6763	-108.9914	-108.9914	-76.8389	0.7050	77.2488	0.7092	1.3e-04	0.5361
6764	-108.9815	-108.9815	-77.2185	0.7085	76.8579	0.7056	1.3e-04	0.5374
6765	-108.9770	-108.9770	-77.3175	0.7095	76.7528	0.7047	1.3e-04	0.5375
6766	-108.9850	-108.9850	-76.9146	0.7057	77.1713	0.7084	1.3e-04	0.5359
6767	-108.9908	-108.9908	-76.9727	0.7062	77.1267	0.7080	1.3e-04	0.5360
6768	-108.9900	-108.9900	-76.7387	0.7041	77.3309	0.7099	1.3e-04	0.5358
6769	-108.9740	-108.9740	-76.4682	0.7017	77.5865	0.7123	1.3e-04	0.5381
6770	-108.9895	-108.9895	-77.1730	0.7081	76.9176	0.7060	1.3e-04	0.5371
6771	-109.0095	-109.0095	-76.0165	0.6973	78.0833	0.7167	1.3e-04	0.5371
6772	-108.9924	-108.9924	-76.7599	0.7043	77.3410	0.7099	1.3e-04	0.5372
6773	-108.9948	-108.9948	-77.3970	0.7101	76.6986	0.7041	1.3e-04	0.5354
6774	-108.9865	-108.9865	-77.0476	0.7069	77.0358	0.7072	1.3e-04	0.5362
6775	-108.9728	-108.9728	-77.0496	0.7071	77.0165	0.7070	1.3e-04	0.5374
6776	-109.0078	-109.0078	-76.5668	0.7024	77.5218	0.7117	1.3e-04	0.5360
6777	-108.9912	-108.9912	-77.2421	0.7087	76.8544	0.7055	1.3e-04	0.5369
6778	-108.9793	-108.9793	-77.0245	0.7068	77.0504	0.7073	1.3e-04	0.5379
6779	-108.9841	-108.9841	-77.0433	0.7069	77.0279	0.7072	1.3e-04	0.5371
6780	-108.9954	-108.9954	-76.8432	0.7050	77.2454	0.7091	1.3e-04	0.5375
6781	-108.9937	-108.9937	-77.2405	0.7087	76.8575	0.7055	1.3e-04	0.5376
6782	-108.9781	-108.9781	-77.0966	0.7075	76.9761	0.7068	1.3e-04	0.5373
6783	-108.9870	-108.9870	-77.3352	0.7096	76.7502	0.7046	1.3e-04	0.5378
6784	-108.9662	-108.9662	-76.9752	0.7064	77.0952	0.7078	1.3e-04	0.5373
6785	-108.9787	-108.9787	-76.0395	0.6977	78.0315	0.7163	1.3e-04	0.5372
6786	-109.0087	-109.0087	-76.2452	0.6994	77.8413	0.7145	1.3e-04	0.5351
6787	-108.9749	-108.9749	-76.8821	0.7055	77.2039	0.7087	1.3e-04	0.5368
6788	-108.9915	-108.9915	-76.5894	0.7027	77.4793	0.7111	1.3e-04	0.5361
6789	-108.9937	-108.9937	-77.4736	0.7108	76.6252	0.7033	1.3e-04	0.5359
6790	-108.9886	-108.9886	-77.1820	0.7082	76.8928	0.7059	1.3e-04	0.5356
6791	-108.9853	-108.9853	-76.9518	0.7061	77.1382	0.7081	1.3e-04	0.5372
6792	-108.9953	-108.9953	-77.9793	0.7154	76.0970	0.6987	1.3e-04	0.5369
6793	-108.9906	-108.9906	-77.0534	0.7070	77.0409	0.7072	1.3e-04	0.5369
6794	-108.9965	-108.9965	-76.8041	0.7046	77.2926	0.7095	1.3e-04	0.5358
6795	-108.9984	-108.9984	-76.3183	0.7002	77.7762	0.7140	1.3e-04	0.5367
6796	-108.9915	-108.9915	-77.3570	0.7098	76.7316	0.7044	1.3e-04	0.5369
6797	-108.9921	-108.9921	-76.8635	0.7052	77.2273	0.7090	1.3e-04	0.5371
6798	-108.9979	-108.9979	-75.8889	0.6962	78.1866	0.7178	1.3e-04	0.5376
6799	-108.9974	-108.9974	-76.0974	0.6982	77.9872	0.7158	1.3e-04	0.5393
6800	-108.9819	-108.9819	-77.7080	0.7130	76.3688	0.7011	1.3e-04	0.5373
6801	-108.9876	-108.9876	-76.4438	0.7014	77.6268	0.7127	1.3e-04	0.5363
6802	-108.9774	-108.9774	-76.8070	0.7048	77.2722	0.7094	1.3e-04	0.5372
6803	-109.0021	-109.0021	-77.0769	0.7071	77.0122	0.7070	1.3e-04	0.5365
6804	-108.9927	-108.9927	-76.8252	0.7049	77.2682	0.7093	1.3e-04	0.5356
6805	-109.0048	-109.0048	-76.9360	0.7058	77.1731	0.7084	1.3e-04	0.5365
6806	-108.9846	-108.9846	-76.4006	0.7010	77.6793	0.7131	1.3e-04	0.5366
6807	-108.9940	-108.9940	-76.1935	0.6991	77.8970	0.7150	1.3e-04	0.5373
6808	-108.9857	-108.9857	-76.0531	0.6978	78.0209	0.7162	1.3e-04	0.5374
6809	-108.9833	-108.9833	-76.4916	0.7019	77.5803	0.7123	1.3e-04	0.5355
6810	-108.9539	-108.9539	-76.1663	0.6991	77.8662	0.7149	1.3e-04	0.5349
6811	-108.9901	-108.9901	-76.5971	0.7028	77.4912	0.7114	1.3e-04	0.5357
6812	-108.9989	-108.9990	-75.1544	0.6895	78.9107	0.7243	1.3e-04	0.5359
6813	-109.0027	-109.0027	-76.8838	0.7053	77.2114	0.7089	1.3e-04	0.5364
6814	-108.9864	-108.9864	-76.2321	0.6995	77.8504	0.7147	1.3e-04	0.5363
6815	-108.9993	-108.9993	-76.0154	0.6974	78.0768	0.7167	1.3e-04	0.5357
6816	-108.9756	-108.9757	-75.4932	0.6928	78.5536	0.7212	1.3e-04	0.5357
6817	-108.9893	-108.9893	-75.9947	0.6973	78.0588	0.7167	1.3e-04	0.5363
6818	-108.9836	-108.9837	-75.3961	0.6918	78.6624	0.7220	1.3e-04	0.5362
6819	-109.0048	-109.0048	-76.4923	0.7017	77.6134	0.7124	1.3e-04	0.5363
6820	-108.9900	-108.9900	-77.0235	0.7067	77.0644	0.7074	1.3e-04	0.5364
6821	-108.9972	-108.9973	-76.1558	0.6987	77.9075	0.7152	1.3e-04	0.5359
6822	-108.9984	-108.9984	-75.6267	0.6938	78.4455	0.7201	1.3e-04	0.5355
6823	-108.9908	-108.9908	-76.5648	0.7025	77.5102	0.7116	1.3e-04	0.5361
6824	-108.9778	-108.9778	-76.8989	0.7056	77.1744	0.7085	1.3e-04	0.5356
6825	-109.0022	-109.0022	-76.0911	0.6981	77.9925	0.7160	1.3e-04	0.5369
6826	-108.9975	-108.9975	-75.4965	0.6926	78.5747	0.7213	1.3e-04	0.5363
6827	-108.9768	-108.9768	-76.0312	0.6977	78.0273	0.7164	1.3e-04	0.5367
6828	-108.9907	-108.9907	-76.0625	0.6979	78.0163	0.7162	1.3e-04	0.5358
6829	-109.0079	-109.0079	-75.7873	0.6952	78.3038	0.7188	1.3e-04	0.5374
6830	-108.9720	-108.9720	-76.1310	0.6986	77.9347	0.7155	1.3e-04	0.5369
6831	-108.9923	-108.9923	-76.9251	0.7058	77.1698	0.7084	1.3e-04	0.5395
6832	-108.9867	-108.9867	-76.0351	0.6977	78.0400	0.7164	1.3e-04	0.5374
6833	-108.9807	-108.9807	-76.0449	0.6978	78.0206	0.7163	1.3e-04	0.5360
6834	-108.9968	-108.9968	-76.2330	0.6994	77.8588	0.7147	1.3e-04	0.5363
6835	-108.9860	-108.9860	-75.9867	0.6972	78.0831	0.7169	1.3e-04	0.5377
6836	-109.0025	-109.0025	-75.3816	0.6916	78.6861	0.7223	1.3e-04	0.5378
6837	-108.9728	-108.9729	-75.9509	0.6970	78.1111	0.7171	1.3e-04	0.5380
6838	-108.9825	-108.9826	-75.4280	0.6921	78.6249	0.7217	1.3e-04	0.5374
6839	-108.9960	-108.9961	-75.7835	0.6953	78.2968	0.7187	1.3e-04	0.5373
6840	-109.0071	-109.0071	-76.1945	0.6990	77.9117	0.7151	1.3e-04	0.5358
6841	-108.9942	-108.9942	-76.2550	0.6996	77.8352	0.7145	1.3e-04	0.5361
6842	-108.9865	-108.9865	-76.3550	0.7006	77.7200	0.7136	1.3e-04	0.5363
6843	-108.9855	-108.9855	-76.2169	0.6993	77.8563	0.7148	1.3e-04	0.5369
6844	-109.0083	-109.0083	-76.0339	0.6975	78.0590	0.7165	1.3e-04	0.5377
6845	-108.9792	-108.9792	-75.9455	0.6969	78.1135	0.7172	1.3e-04	0.5356
6846	-108.9988	-108.9988	-76.5802	0.7026	77.5240	0.7116	1.3e-04	0.5361
6847	-108.9926	-108.9926	-76.8664	0.7052	77.2204	0.7089	1.3e-04	0.5371
6848	-108.9728	-108.9728	-76.2973	0.7001	77.7622	0.7140	1.3e-04	0.5378
6849	-109.0062	-109.0062	-75.8375	0.6957	78.2474	0.7183	1.3e-04	0.5382
6850	-108.9977	-108.9977	-76.1911	0.6990	77.9008	0.7150	1.3e-04	0.5380
6851	-109.0023	-109.0023	-76.1264	0.6984	77.9443	0.7155	1.3e-04	0.5372
6852	-108.9746	-108.9746	-76.6308	0.7032	77.4387	0.7110	1.3e-04	0.5452
6853	-109.0030	-109.0030	-75.8343	0.6957	78.2416	0.7183	1.3e-04	0.5369
6854	-108.9888	-108.9888	-76.0559	0.6978	78.0216	0.7163	1.3e-04	0.5363
6855	-108.9787	-108.9787	-76.4736	0.7017	77.6210	0.7124	1.3e-04	0.5370
6856	-108.9772	-108.9772	-76.6146	0.7030	77.4556	0.7111	1.3e-04	0.5370
6857	-108.9907	-108.9907	-75.9953	0.6973	78.0838	0.7168	1.3e-04	0.5361
6858	-108.9762	-108.9762	-76.4725	0.7017	77.5885	0.7124	1.3e-04	0.5359
6859	-108.9846	-108.9846	-76.6198	0.7030	77.4633	0.7111	1.3e-04	0.5367
6860	-109.0028	-109.0028	-75.9867	0.6971	78.1134	0.7170	1.3e-04	0.5363
6861	-108.9886	-108.9886	-76.3644	0.7007	77.7057	0.7133	1.3e-04	0.5373
6862	-109.0013	-109.0013	-76.6387	0.7031	77.4552	0.7110	1.3e-04	0.5367
6863	-108.9884	-108.9884	-76.6101	0.7029	77.4707	0.7112	1.3e-04	0.5364
6864	-108.9849	-108.9849	-76.0265	0.6976	78.0291	0.7163	1.3e-04	0.5357
6865	-108.9742	-108.9742	-77.1501	0.7080	76.9205	0.7062	1.3e-04	0.5374
6866	-108.9924	-108.9924	-75.7289	0.6948	78.3490	0.7192	1.3e-04	0.5365
6867	-108.9815	-108.9815	-76.8255	0.7049	77.2659	0.7093	1.3e-04	0.5382
6868	-108.9995	-108.9995	-76.3348	0.7003	77.7576	0.7138	1.3e-04	0.5380
6869	-108.9832	-108.9832	-77.1072	0.7075	76.9876	0.7067	1.3e-04	0.5375
6870	-108.9867	-108.9867	-76.5941	0.7028	77.4904	0.7114	1.3e-04	0.5370
6871	-109.0039	-109.0039	-77.0476	0.7068	77.0619	0.7074	1.3e-04	0.5377
6872	-108.9732	-108.9732	-76.3262	0.7004	77.7394	0.7137	1.3e-04	0.5375
6873	-108.9818	-108.9818	-77.1746	0.7081	76.8980	0.7060	1.3e-04	0.5366
6874	-108.9870	-108.9870	-76.2546	0.6997	77.8057	0.7143	1.3e-04	0.5359
6875	-108.9846	-108.9846	-76.9270	0.7059	77.1569	0.7083	1.3e-04	0.5368
6876	-108.9719	-108.9719	-77.3032	0.7094	76.7545	0.7048	1.3e-04	0.5367
6877	-108.9872	-108.9872	-76.0721	0.6980	78.0045	0.7161	1.3e-04	0.5371
6878	-108.9903	-108.9903	-76.0705	0.6980	78.0072	0.7161	1.3e-04	0.5376
6879	-108.9920	-108.9920	-76.9436	0.7060	77.1499	0.7082	1.3e-04	0.5383
6880	-108.9777	-108.9777	-75.6107	0.6938	78.4510	0.7201	1.3e-04	0.5383
6881	-108.9973	-108.9973	-76.5678	0.7025	77.5333	0.7117	1.3e-04	0.5362
6882	-108.9834	-108.9834	-75.9214	0.6966	78.1479	0.7174	1.3e-04	0.5357
6883	-108.9811	-108.9811	-75.7658	0.6952	78.2904	0.7187	1.3e-04	0.5363
6884	-108.9924	-108.9924	-76.3835	0.7008	77.7016	0.7133	1.3e-04	0.5360
6885	-108.9877	-108.9877	-76.2785	0.6999	77.7973	0.7142	1.3e-04	0.5358
6886	-108.9920	-108.9920	-77.2117	0.7084	76.8813	0.7058	1.3e-04	0.5369
6887	-108.9850	-108.9850	-76.4240	0.7012	77.6645	0.7129	1.3e-04	0.5376
6888	-108.9911	-108.9911	-76.5612	0.7025	77.4859	0.7113	1.3e-04	0.5377
6889	-108.9746	-108.9746	-76.2219	0.6994	77.8388	0.7147	1.3e-04	0.5363
6890	-108.9893	-108.9893	-76.4449	0.7014	77.6373	0.7128	1.3e-04	0.5356
6891	-108.9844	-108.9844	-76.7163	0.7039	77.3637	0.7103	1.3e-04	0.5351
6892	-108.9894	-108.9894	-76.6050	0.7029	77.4861	0.7113	1.3e-04	0.5363
6893	-108.9807	-108.9807	-76.1480	0.6987	77.9236	0.7154	1.3e-04	0.5358
6894	-108.9954	-108.9954	-75.9306	0.6966	78.1478	0.7174	1.3e-04	0.5361
6895	-108.9839	-108.9839	-76.8996	0.7056	77.1685	0.7085	1.3e-04	0.5366
6896	-109.0037	-109.0037	-76.8011	0.7046	77.3065	0.7096	1.3e-04	0.5356
6897	-108.9986	-108.9986	-76.5671	0.7025	77.5309	0.7117	1.3e-04	0.5366
6898	-108.9753	-108.9754	-75.8811	0.6963	78.1829	0.7177	1.3e-04	0.5359
6899	-108.9812	-108.9812	-76.6740	0.7036	77.4096	0.7106	1.3e-04	0.5367
6900	-108.9986	-108.9986	-76.2581	0.6996	77.8229	0.7144	1.3e-04	0.5363
6901	-108.9803	-108.9803	-76.5120	0.7021	77.5639	0.7120	1.3e-04	0.5355
6902	-108.9810	-108.9810	-76.1403	0.6987	77.9277	0.7154	1.3e-04	0.5360
6903	-108.9763	-108.9763	-76.5845	0.7028	77.4469	0.7111	1.3e-04	0.5369
6904	-108.9769	-108.9769	-77.5173	0.7113	76.5569	0.7028	1.3e-04	0.5364
6905	-108.9825	-108.9825	-76.8716	0.7054	77.2144	0.7088	1.3e-04	0.5359
6906	-108.9947	-108.9947	-76.3626	0.7006	77.7053	0.7132	1.3e-04	0.5361
6907	-108.9703	-108.9703	-76.6969	0.7038	77.3651	0.7103	1.3e-04	0.5383
6908	-108.9878	-108.9878	-76.1141	0.6984	77.9690	0.7157	1.3e-04	0.5365
6909	-109.0077	-109.0077	-77.1550	0.7078	76.9625	0.7064	1.3e-04	0.5372
6910	-108.9914	-108.9914	-75.4903	0.6926	78.5118	0.7207	1.3e-04	0.5371
6911	-108.9892	-108.9892	-76.6464	0.7032	77.4400	0.7109	1.3e-04	0.5382
6912	-108.9920	-108.9920	-76.4968	0.7019	77.5972	0.7123	1.3e-04	0.5354
6913	-108.9798	-108.9798	-76.5352	0.7023	77.5336	0.7119	1.3e-04	0.5365
6914	-108.9757	-108.9757	-76.4828	0.7018	77.5861	0.7122	1.3e-04	0.5361
6915	-108.9992	-108.9992	-76.2695	0.6997	77.8217	0.7144	1.3e-04	0.5366
6916	-108.9864	-108.9864	-76.1130	0.6984	77.9582	0.7157	1.3e-04	0.5362
6917	-108.9943	-108.9943	-75.8125	0.6956	78.2585	0.7185	1.3e-04	0.5355
6918	-108.9837	-108.9837	-76.5536	0.7024	77.5263	0.7117	1.3e-04	0.5372
6919	-108.9728	-108.9728	-75.8335	0.6959	78.2199	0.7181	1.3e-04	0.5368
6920	-109.0018	-109.0018	-76.9120	0.7056	77.1976	0.7086	1.3e-04	0.5367
6921	-108.9767	-108.9767	-76.1432	0.6987	77.9025	0.7152	1.3e-04	0.5358
6922	-108.9703	-108.9703	-76.8358	0.7051	77.2353	0.7091	1.3e-04	0.5360
6923	-108.9948	-108.9948	-75.4543	0.6923	78.6120	0.7216	1.3e-04	0.5364
6924	-108.9910	-108.9910	-75.9578	0.6969	78.1265	0.7171	1.3e-04	0.5370
6925	-108.9961	-108.9961	-75.9992	0.6973	78.0802	0.7168	1.3e-04	0.5373
6926	-109.0081	-109.0081	-76.8125	0.7046	77.2956	0.7095	1.3e-04	0.5357
6927	-108.9870	-108.9870	-77.0792	0.7072	77.0042	0.7069	1.3e-04	0.5351
6928	-108.9707	-108.9707	-76.4766	0.7018	77.5988	0.7124	1.3e-04	0.5359
6929	-108.9894	-108.9894	-76.8186	0.7048	77.2742	0.7094	1.3e-04	0.5354
6930	-108.9893	-108.9893	-76.5986	0.7028	77.4658	0.7112	1.3e-04	0.5351
6931	-109.0035	-109.0035	-77.0154	0.7065	77.0906	0.7077	1.3e-04	0.5360
6932	-109.0006	-109.0006	-76.4518	0.7014	77.6440	0.7127	1.3e-04	0.5357
6933	-108.9831	-108.9831	-77.0737	0.7072	76.9696	0.7066	1.3e-04	0.5357
6934	-108.9978	-108.9978	-75.7894	0.6953	78.2872	0.7187	1.3e-04	0.5357
6935	-108.9940	-108.9940	-77.1791	0.7081	76.9224	0.7061	1.3e-04	0.5359
6936	-108.9915	-108.9915	-75.9142	0.6965	78.1633	0.7175	1.3e-04	0.5357
6937	-108.9833	-108.9833	-75.9604	0.6970	78.1079	0.7171	1.3e-04	0.5367
6938	-108.9880	-108.9880	-77.0102	0.7066	77.0817	0.7076	1.3e-04	0.5367
6939	-108.9877	-108.9877	-75.9502	0.6969	78.1318	0.7172	1.3e-04	0.5368
6940	-108.9758	-108.9758	-77.2720	0.7091	76.7995	0.7051	1.3e-04	0.5361
6941	-108.9972	-108.9972	-75.4416	0.6921	78.6193	0.7218	1.3e-04	0.5365
6942	-109.0050	-109.0050	-76.6090	0.7028	77.4952	0.7114	1.3e-04	0.5371
6943	-108.9887	-108.9888	-75.4776	0.6925	78.5846	0.7214	1.3e-04	0.5378
6944	-108.9866	-108.9866	-76.7013	0.7038	77.3839	0.7104	1.3e-04	0.5379
6945	-108.9852	-108.9852	-77.3421	0.7097	76.7447	0.7045	1.3e-04	0.5376
6946	-108.9966	-108.9966	-75.8199	0.6956	78.2583	0.7184	1.3e-04	0.5377
6947	-108.9896	-108.9896	-76.1305	0.6985	77.9445	0.7155	1.3e-04	0.5368
6948	-108.9919	-108.9919	-76.4591	0.7015	77.6347	0.7126	1.3e-04	0.5358
6949	-108.9928	-108.9928	-77.1164	0.7075	76.9781	0.7067	1.3e-04	0.5372
6950	-108.9786	-108.9786	-76.1596	0.6988	77.9091	0.7152	1.3e-04	0.5364
6951	-108.9728	-108.9728	-76.2721	0.6999	77.7841	0.7141	1.3e-04	0.5367
6952	-108.9785	-108.9785	-76.7681	0.7044	77.3196	0.7098	1.3e-04	0.5369
6953	-108.9890	-108.9890	-76.8063	0.7047	77.2714	0.7094	1.3e-04	0.5370
6954	-108.9980	-108.9980	-76.2946	0.7000	77.8041	0.7142	1.3e-04	0.5356
6955	-108.9881	-108.9881	-77.6475	0.7124	76.4424	0.7017	1.3e-04	0.5373
6956	-108.9930	-108.9930	-76.6812	0.7035	77.3978	0.7106	1.3e-04	0.5365
6957	-108.9836	-108.9836	-76.4369	0.7014	77.6406	0.7128	1.3e-04	0.5377
6958	-108.9987	-108.9987	-76.5186	0.7020	77.5561	0.7120	1.3e-04	0.5378
6959	-108.9847	-108.9847	-77.2880	0.7092	76.8029	0.7050	1.3e-04	0.5378
6960	-108.9872	-108.9872	-77.6097	0.7121	76.4793	0.7021	1.3e-04	0.5370
6961	-108.9739	-108.9739	-77.0876	0.7074	76.9405	0.7064	1.3e-04	0.5372
6962	-108.9864	-108.9864	-76.3744	0.7008	77.7131	0.7134	1.3e-04	0.5375
6963	-108.9865	-108.9865	-77.1337	0.7077	76.9538	0.7064	1.3e-04	0.5367
6964	-108.9490	-108.9490	-77.3116	0.7096	76.7218	0.7044	1.3e-04	0.5372
6965	-108.9809	-108.9809	-76.3950	0.7010	77.6683	0.7130	1.3e-04	0.5371
6966	-108.9942	-108.9942	-76.9887	0.7064	77.1001	0.7078	1.3e-04	0.5355
6967	-108.9785	-108.9785	-77.2536	0.7089	76.8147	0.7051	1.3e-04	0.5360
6968	-108.9820	-108.9820	-77.0883	0.7073	76.9862	0.7067	1.3e-04	0.5364
6969	-108.9815	-108.9815	-77.5034	0.7112	76.5707	0.7030	1.3e-04	0.5376
6970	-108.9874	-108.9874	-76.6463	0.7033	77.4433	0.7109	1.3e-04	0.5364
6971	-108.9817	-108.9817	-76.7611	0.7043	77.2743	0.7094	1.3e-04	0.5359
6972	-108.9953	-108.9953	-76.0546	0.6978	78.0081	0.7162	1.3e-04	0.5358
6973	-108.9947	-108.9947	-76.8317	0.7049	77.2588	0.7092	1.3e-04	0.5378
6974	-108.9929	-108.9929	-76.2667	0.6997	77.8094	0.7143	1.3e-04	0.5368
6975	-108.9917	-108.9917	-76.9348	0.7059	77.1528	0.7083	1.3e-04	0.5374
6976	-108.9747	-108.9747	-77.5171	0.7113	76.5585	0.7028	1.3e-04	0.5364
6977	-108.9858	-108.9858	-76.9040	0.7056	77.1842	0.7086	1.3e-04	0.5373
6978	-108.9835	-108.9835	-76.7303	0.7041	77.3480	0.7101	1.3e-04	0.5368
6979	-108.9874	-108.9874	-77.1958	0.7083	76.9048	0.7059	1.3e-04	0.5360
6980	-108.9708	-108.9708	-76.2759	0.7000	77.7732	0.7141	1.3e-04	0.5382
6981	-108.9983	-108.9983	-76.9940	0.7064	77.1085	0.7078	1.3e-04	0.5384
6982	-108.9858	-108.9858	-77.3263	0.7095	76.7624	0.7047	1.3e-04	0.5372
6983	-108.9958	-108.9958	-77.3939	0.7101	76.7134	0.7041	1.3e-04	0.5377
6984	-108.9894	-108.9894	-77.5644	0.7117	76.5304	0.7025	1.3e-04	0.5368
6985	-109.0016	-109.0016	-76.3973	0.7009	77.7097	0.7133	1.3e-04	0.5359
6986	-108.9865	-108.9865	-77.4019	0.7102	76.6623	0.7037	1.3e-04	0.5353
6987	-108.9938	-108.9938	-77.1832	0.7081	76.8871	0.7057	1.3e-04	0.5360
6988	-109.0019	-109.0019	-77.0783	0.7071	77.0215	0.7069	1.3e-04	0.5356
6989	-108.9918	-108.9918	-76.6257	0.7030	77.4677	0.7111	1.3e-04	0.5352
6990	-108.9890	-108.9890	-77.6961	0.7129	76.3973	0.7013	1.3e-04	0.5358
6991	-108.9855	-108.9855	-77.4014	0.7102	76.6642	0.7038	1.3e-04	0.5383
6992	-108.9814	-108.9814	-77.8392	0.7142	76.2231	0.6999	1.3e-04	0.5384
6993	-108.9830	-108.9830	-78.1354	0.7170	75.9402	0.6971	1.3e-04	0.5372
6994	-108.9814	-108.9814	-76.5331	0.7023	77.5456	0.7118	1.3e-04	0.5362
6995	-108.9849	-108.9849	-77.0509	0.7070	77.0249	0.7072	1.3e-04	0.5362
6996	-108.9827	-108.9827	-78.1868	0.7174	75.8774	0.6966	1.3e-04	0.5359
6997	-108.9954	-108.9954	-77.7914	0.7137	76.2936	0.7004	1.3e-04	0.5366
6998	-108.9861	-108.9861	-78.0567	0.7162	76.0212	0.6979	1.3e-04	0.5357
6999	-108.9839	-108.9839	-77.2058	0.7084	76.8902	0.7058	1.3e-04	0.5371
7000	-108.9873	-108.9873	-76.2108	0.6993	77.8668	0.7148	1.2e-04	0.5367
7001	-108.9858	-108.9858	-77.1471	0.7079	76.9441	0.7063	1.2e-04	0.5365
7002	-108.9845	-108.9845	-77.4456	0.7106	76.6237	0.7035	1.2e-04	0.5356
7003	-108.9823	-108.9823	-77.0351	0.7069	77.0293	0.7072	1.2e-04	0.5366
7004	-108.9905	-108.9905	-76.7351	0.7041	77.3614	0.7101	1.2e-04	0.5361
7005	-109.0032	-109.0032	-76.8747	0.7053	77.2285	0.7089	1.2e-04	0.5373
7006	-109.0037	-109.0037	-77.2685	0.7089	76.8442	0.7053	1.2e-04	0.5372
7007	-108.9923	-108.9923	-77.8528	0.7143	76.2312	0.6998	1.2e-04	0.5371
7008	-108.9854	-108.9854	-76.7934	0.7046	77.3015	0.7096	1.2e-04	0.5356
7009	-108.9993	-108.9993	-77.4726	0.7108	76.6299	0.7034	1.2e-04	0.5368
7010	-109.0017	-109.0017	-77.1905	0.7082	76.9117	0.7060	1.2e-04	0.5379
7011	-108.9858	-108.9858	-78.0234	0.7159	76.0564	0.6982	1.2e-04	0.5380
7012	-108.9938	-108.9938	-77.7007	0.7129	76.3856	0.7012	1.2e-04	0.5376
7013	-109.0000	-109.0000	-77.7947	0.7137	76.3071	0.7004	1.2e-04	0.5379
7014	-108.9833	-108.9833	-77.5603	0.7117	76.4973	0.7023	1.2e-04	0.5380
7015	-108.9846	-108.9846	-77.3445	0.7097	76.7416	0.7045	1.2e-04	0.5383
7016	-108.9947	-108.9947	-76.7975	0.7046	77.3039	0.7096	1.2e-04	0.5375
7017	-108.9944	-108.9944	-77.0416	0.7068	77.0514	0.7074	1.2e-04	0.5382
7018	-108.9746	-108.9746	-77.2597	0.7090	76.8099	0.7052	1.2e-04	0.5390
7019	-108.9900	-108.9900	-76.7188	0.7039	77.3685	0.7102	1.2e-04	0.5372
7020	-108.9780	-108.9780	-76.3783	0.7009	77.6915	0.7133	1.2e-04	0.5365
7021	-108.9885	-108.9885	-76.6087	0.7029	77.4639	0.7111	1.2e-04	0.5375
7022	-108.9765	-108.9765	-77.6143	0.7122	76.4489	0.7019	1.2e-04	0.5375
7023	-108.9912	-108.9912	-77.4433	0.7105	76.6227	0.7034	1.2e-04	0.5374
7024	-108.9830	-108.9830	-77.8075	0.7139	76.2571	0.7001	1.2e-04	0.5382
7025	-108.9964	-108.9964	-76.9096	0.7056	77.1927	0.7086	1.2e-04	0.5356
7026	-109.0037	-109.0037	-76.8653	0.7052	77.2231	0.7089	1.2e-04	0.5357
7027	-108.9914	-108.9914	-77.2257	0.7085	76.8693	0.7057	1.2e-04	0.5360
7028	-108.9696	-108.9696	-77.0936	0.7075	76.9733	0.7067	1.2e-04	0.5364
7029	-108.9935	-108.9935	-77.4207	0.7103	76.6787	0.7039	1.2e-04	0.5363
7030	-108.9849	-108.9849	-77.2902	0.7092	76.7810	0.7050	1.2e-04	0.5371
7031	-108.9873	-108.9873	-76.2244	0.6994	77.8550	0.7147	1.2e-04	0.5364
7032	-108.9745	-108.9745	-77.2462	0.7088	76.8012	0.7051	1.2e-04	0.5358
7033	-108.9851	-108.9851	-77.2744	0.7090	76.8243	0.7051	1.2e-04	0.5362
7034	-108.9964	-108.9964	-76.8129	0.7047	77.2928	0.7095	1.2e-04	0.5374
7035	-108.9943	-108.9943	-77.3811	0.7100	76.6829	0.7040	1.2e-04	0.5378
7036	-108.9765	-108.9765	-77.5047	0.7112	76.5635	0.7030	1.2e-04	0.5380
7037	-109.0005	-109.0005	-76.7123	0.7038	77.3570	0.7100	1.2e-04	0.5360
7038	-108.9843	-108.9843	-77.7581	0.7135	76.3200	0.7006	1.2e-04	0.5355
7039	-108.9742	-108.9742	-77.4964	0.7111	76.5647	0.7030	1.2e-04	0.5375
7040	-108.9861	-108.9861	-76.3677	0.7007	77.7007	0.7133	1.2e-04	0.5353
7041	-108.9751	-108.9751	-77.4803	0.7110	76.5881	0.7032	1.2e-04	0.5363
7042	-108.9696	-108.9696	-78.2295	0.7179	75.8247	0.6961	1.2e-04	0.5361
7043	-108.9899	-108.9899	-78.2020	0.7175	75.8810	0.6965	1.2e-04	0.5358
7044	-108.9910	-108.9910	-77.6413	0.7124	76.4301	0.7016	1.2e-04	0.5368
7045	-109.0062	-109.0062	-78.5197	0.7203	75.5444	0.6934	1.2e-04	0.5358
7046	-108.9811	-108.9811	-77.9290	0.7151	76.1229	0.6989	1.2e-04	0.5363
7047	-108.9794	-108.9794	-78.7537	0.7226	75.2836	0.6912	1.2e-04	0.5359
7048	-108.9766	-108.9766	-78.1031	0.7167	75.9526	0.6974	1.2e-04	0.5357
7049	-109.0011	-109.0011	-77.9992	0.7156	76.0953	0.6985	1.2e-04	0.5372
7050	-108.9684	-108.9684	-77.6346	0.7125	76.4278	0.7017	1.2e-04	0.5366
7051	-108.9922	-108.9922	-77.7939	0.7138	76.2911	0.7004	1.2e-04	0.5368
7052	-108.9995	-108.9995	-77.7326	0.7131	76.3597	0.7010	1.2e-04	0.5362
7053	-108.9997	-108.9997	-77.3824	0.7099	76.7249	0.7043	1.2e-04	0.5368
7054	-108.9797	-108.9797	-77.4329	0.7105	76.6222	0.7034	1.2e-04	0.5360
7055	-108.9902	-108.9902	-77.1060	0.7075	76.9833	0.7068	1.2e-04	0.5365
7056	-108.9813	-108.9813	-77.3533	0.7098	76.7296	0.7044	1.2e-04	0.5374
7057	-108.9820	-108.9820	-78.1933	0.7175	75.8800	0.6966	1.2e-04	0.5363
7058	-109.0078	-109.0078	-76.6814	0.7034	77.4221	0.7107	1.2e-04	0.5361
7059	-108.9708	-108.9708	-78.1363	0.7170	75.9136	0.6970	1.2e-04	0.5361
7060	-108.9702	-108.9702	-77.3637	0.7100	76.7050	0.7042	1.2e-04	0.5361
7061	-108.9922	-108.9922	-78.4798	0.7200	75.5827	0.6939	1.2e-04	0.5362
7062	-109.0200	-109.0200	-77.1845	0.7080	76.9284	0.7062	1.2e-04	0.5359
7063	-108.9966	-108.9966	-77.5013	0.7110	76.5985	0.7031	1.2e-04	0.5368
7064	-109.0067	-109.0067	-78.1949	0.7173	75.8972	0.6967	1.2e-04	0.5364
7065	-108.9808	-108.9808	-76.8264	0.7050	77.2440	0.7092	1.2e-04	0.5370
7066	-109.0003	-109.0003	-76.6741	0.7034	77.4243	0.7108	1.2e-04	0.5367
7067	-108.9768	-108.9768	-77.8012	0.7139	76.2753	0.7002	1.2e-04	0.5378
7068	-108.9646	-108.9646	-77.7884	0.7139	76.2741	0.7002	1.2e-04	0.5362
7069	-108.9793	-108.9793	-77.3174	0.7095	76.7605	0.7047	1.2e-04	0.5364
7070	-109.0007	-109.0007	-77.1667	0.7079	76.9419	0.7063	1.2e-04	0.5362
7071	-108.9769	-108.9769	-76.0494	0.6978	78.0190	0.7162	1.2e-04	0.5369
7072	-108.9930	-108.9930	-77.4471	0.7106	76.6629	0.7036	1.2e-04	0.5380
7073	-108.9828	-108.9828	-76.9728	0.7063	77.1177	0.7079	1.2e-04	0.5379
7074	-108.9867	-108.9867	-76.8319	0.7050	77.2370	0.7091	1.2e-04	0.5379
7075	-109.0028	-109.0028	-77.5863	0.7118	76.5268	0.7024	1.2e-04	0.5379
7076	-108.9739	-108.9739	-77.4255	0.7105	76.6530	0.7037	1.2e-04	0.5360
7077	-108.9959	-108.9959	-77.5863	0.7118	76.4738	0.7020	1.2e-04	0.5362
7078	-109.0004	-109.0004	-78.0153	0.7157	76.0818	0.6984	1.2e-04	0.5365
7079	-108.9914	-108.9914	-78.2800	0.7182	75.7830	0.6957	1.2e-04	0.5367
7080	-108.9822	-108.9822	-78.6769	0.7219	75.3692	0.6920	1.2e-04	0.5385
7081	-108.9902	-108.9902	-78.2416	0.7179	75.8034	0.6959	1.2e-04	0.5366
7082	-108.9783	-108.9783	-78.1360	0.7170	75.9109	0.6970	1.2e-04	0.5363
7083	-108.9844	-108.9844	-77.2572	0.7089	76.8237	0.7052	1.2e-04	0.5364
7084	-108.9902	-108.9902	-78.2218	0.7177	75.8626	0.6964	1.2e-04	0.5364
7085	-108.9944	-108.9944	-78.2828	0.7182	75.7904	0.6958	1.2e-04	0.5370
7086	-108.9876	-108.9876	-77.9410	0.7151	76.1352	0.6990	1.2e-04	0.5371
7087	-108.9908	-108.9908	-77.5232	0.7113	76.5590	0.7028	1.2e-04	0.5388
7088	-108.9888	-108.9888	-78.0774	0.7164	76.0010	0.6977	1.2e-04	0.5370
7089	-108.9917	-108.9917	-78.1329	0.7169	75.9256	0.6970	1.2e-04	0.5377
7090	-108.9896	-108.9896	-78.1746	0.7173	75.8963	0.6968	1.2e-04	0.5374
7091	-108.9810	-108.9810	-78.7196	0.7223	75.3192	0.6915	1.2e-04	0.5376
7092	-108.9817	-108.9817	-78.0898	0.7165	75.9602	0.6973	1.2e-04	0.5369
7093	-108.9837	-108.9837	-79.2049	0.7268	74.8014	0.6866	1.2e-04	0.5371
7094	-109.0034	-109.0034	-77.9932	0.7155	76.0972	0.6986	1.2e-04	0.5375
7095	-108.9844	-108.9844	-78.1188	0.7168	75.9409	0.6972	1.2e-04	0.5381
7096	-108.9937	-108.9937	-77.8627	0.7144	76.2306	0.6998	1.2e-04	0.5373
7097	-108.9948	-108.9948	-77.1151	0.7075	76.9720	0.7067	1.2e-04	0.5375
7098	-109.0047	-109.0047	-77.6391	0.7123	76.4614	0.7019	1.2e-04	0.5366
7099	-108.9956	-108.9956	-78.9234	0.7241	75.1224	0.6897	1.2e-04	0.5381
7100	-108.9666	-108.9666	-77.8411	0.7144	76.2045	0.6998	1.2e-04	0.5380
7101	-108.9748	-108.9748	-78.4319	0.7197	75.6160	0.6942	1.2e-04	0.5360
7102	-109.0035	-109.0035	-78.6325	0.7214	75.4367	0.6925	1.2e-04	0.5374
7103	-108.9952	-108.9952	-78.6303	0.7214	75.4385	0.6925	1.2e-04	0.5367
7104	-108.9921	-108.9921	-78.0302	0.7159	76.0450	0.6982	1.2e-04	0.5374
7105	-108.9802	-108.9802	-77.8476	0.7143	76.2282	0.6998	1.2e-04	0.5373
7106	-108.9931	-108.9931	-78.3763	0.7191	75.6911	0.6948	1.2e-04	0.5368
7107	-108.9913	-108.9913	-78.3831	0.7192	75.6549	0.6945	1.2e-04	0.5373
7108	-108.9856	-108.9856	-77.8700	0.7145	76.2055	0.6996	1.2e-04	0.5364
7109	-109.0034	-109.0034	-78.7130	0.7221	75.3442	0.6916	1.2e-04	0.5367
7110	-108.9950	-108.9950	-78.2343	0.7178	75.8438	0.6962	1.2e-04	0.5376
7111	-108.9824	-108.9824	-77.8329	0.7142	76.2353	0.6999	1.2e-04	0.5363
7112	-108.9978	-108.9978	-78.1479	0.7170	75.9512	0.6971	1.2e-04	0.5359
7113	-108.9872	-108.9872	-78.1813	0.7173	75.8800	0.6966	1.2e-04	0.5364
7114	-109.0036	-109.0036	-77.5975	0.7119	76.4778	0.7020	1.2e-04	0.5368
7115	-108.9972	-108.9972	-79.2374	0.7270	74.8031	0.6867	1.2e-04	0.5366
7116	-108.9940	-108.9940	-78.7616	0.7226	75.2846	0.6912	1.2e-04	0.5364
7117	-108.9875	-108.9875	-77.9406	0.7151	76.1039	0.6988	1.2e-04	0.5373
7118	-109.0069	-109.0069	-78.2410	0.7178	75.8426	0.6963	1.2e-04	0.5360
7119	-108.9826	-108.9826	-78.8805	0.7238	75.1531	0.6899	1.2e-04	0.5370
7120	-108.9851	-108.9851	-77.9534	0.7153	76.1275	0.6988	1.2e-04	0.5362
7121	-108.9917	-108.9917	-78.3557	0.7189	75.6959	0.6950	1.2e-04	0.5368
7122	-108.9893	-108.9893	-78.6677	0.7218	75.3888	0.6921	1.2e-04	0.5360
7123	-108.9698	-108.9698	-78.3884	0.7194	75.6428	0.6945	1.2e-04	0.5371
7124	-108.9741	-108.9741	-78.1428	0.7171	75.9122	0.6969	1.2e-04	0.5365
7125	-108.9821	-108.9821	-78.7324	0.7224	75.3034	0.6914	1.2e-04	0.5358
7126	-108.9868	-108.9868	-77.9863	0.7156	76.0794	0.6984	1.2e-04	0.5369
7127	-108.9831	-108.9831	-78.2222	0.7177	75.8384	0.6962	1.2e-04	0.5365
7128	-109.0058	-109.0058	-77.8082	0.7138	76.2935	0.7003	1.2e-04	0.5354
7129	-108.9830	-108.9830	-78.0950	0.7166	75.9617	0.6975	1.2e-04	0.5368
7130	-108.9901	-108.9901	-77.5531	0.7116	76.5297	0.7026	1.2e-04	0.5371
7131	-109.0011	-109.0011	-78.1603	0.7171	75.9373	0.6970	1.2e-04	0.5375
7132	-109.0026	-109.0026	-77.4853	0.7109	76.5838	0.7030	1.2e-04	0.5364
7133	-108.9843	-108.9843	-77.7212	0.7131	76.3609	0.7010	1.2e-04	0.5361
7134	-108.9872	-108.9872	-77.2095	0.7084	76.8802	0.7058	1.2e-04	0.5373
7135	-108.9755	-108.9755	-77.5943	0.7120	76.4786	0.7021	1.2e-04	0.5385
7136	-108.9804	-108.9804	-77.2954	0.7093	76.7812	0.7049	1.2e-04	0.5382
7137	-108.9819	-108.9819	-76.8641	0.7053	77.1980	0.7087	1.2e-04	0.5385
7138	-108.9847	-108.9847	-76.9841	0.7064	77.0901	0.7077	1.2e-04	0.5376
7139	-108.9768	-108.9768	-78.0495	0.7162	76.0046	0.6978	1.2e-04	0.5377
7140	-108.9903	-108.9903	-77.7908	0.7137	76.2785	0.7003	1.2e-04	0.5370
7141	-108.9930	-108.9930	-77.0881	0.7073	77.0089	0.7069	1.2e-04	0.5366
7142	-108.9753	-108.9753	-78.0030	0.7158	76.0633	0.6983	1.2e-04	0.5365
7143	-109.0145	-109.0145	-77.6156	0.7120	76.4879	0.7021	1.2e-04	0.5355
7144	-108.9914	-108.9914	-77.2494	0.7088	76.8516	0.7054	1.2e-04	0.5361
7145	-108.9892	-108.9892	-76.2021	0.6992	77.8834	0.7149	1.2e-04	0.5364
7146	-108.9823	-108.9823	-77.2452	0.7088	76.8295	0.7053	1.2e-04	0.5362
7147	-109.0032	-109.0032	-77.0808	0.7071	77.0153	0.7071	1.2e-04	0.5372
7148	-108.9885	-108.9885	-78.4748	0.7200	75.5673	0.6937	1.2e-04	0.5377
7149	-108.9936	-108.9936	-77.3414	0.7096	76.7546	0.7046	1.2e-04	0.5381
7150	-108.9927	-108.9927	-77.3115	0.7093	76.7561	0.7046	1.2e-04	0.5386
7151	-108.9927	-108.9927	-77.8970	0.7147	76.1810	0.6994	1.2e-04	0.5357
7152	-108.9878	-108.9878	-77.1486	0.7079	76.9384	0.7063	1.2e-04	0.5361
7153	-108.9926	-108.9926	-77.7241	0.7131	76.3510	0.7010	1.2e-04	0.5362
7154	-108.9899	-108.9899	-77.6862	0.7128	76.3990	0.7014	1.2e-04	0.5359
7155	-108.9831	-108.9831	-77.6407	0.7124	76.4281	0.7017	1.2e-04	0.5364
7156	-108.9711	-108.9711	-77.8910	0.7148	76.1689	0.6993	1.2e-04	0.5372
7157	-109.0011	-109.0011	-77.6117	0.7120	76.4904	0.7022	1.2e-04	0.5373
7158	-108.9839	-108.9839	-77.8578	0.7144	76.2093	0.6996	1.2e-04	0.5374
7159	-108.9887	-108.9887	-77.7653	0.7135	76.2895	0.7004	1.2e-04	0.5366
7160	-108.9829	-108.9829	-77.6542	0.7125	76.4187	0.7016	1.2e-04	0.5365
7161	-108.9786	-108.9786	-77.9542	0.7153	76.0953	0.6986	1.2e-04	0.5361
7162	-108.9937	-108.9937	-78.3465	0.7188	75.7265	0.6952	1.2e-04	0.5378
7163	-108.9974	-108.9974	-78.5610	0.7208	75.5142	0.6932	1.2e-04	0.5372
7164	-108.9802	-108.9802	-77.9601	0.7154	76.1104	0.6987	1.2e-04	0.5366
7165	-108.9893	-108.9893	-77.8906	0.7147	76.1592	0.6992	1.2e-04	0.5377
7166	-108.9907	-108.9907	-78.1060	0.7166	75.9591	0.6974	1.2e-04	0.5369
7167	-108.9860	-108.9860	-78.2815	0.7183	75.7844	0.6958	1.2e-04	0.5378
7168	-108.9893	-108.9893	-77.8064	0.7139	76.2627	0.7002	1.2e-04	0.5370
7169	-108.9804	-108.9804	-78.0946	0.7166	75.9592	0.6974	1.2e-04	0.5384
7170	-109.0054	-109.0054	-77.7708	0.7135	76.3397	0.7007	1.2e-04	0.5370
7171	-108.9820	-108.9820	-77.9277	0.7151	76.1359	0.6990	1.2e-04	0.5390
7172	-108.9786	-108.9786	-78.1754	0.7173	75.8677	0.6964	1.2e-04	0.5368
7173	-108.9962	-108.9962	-78.5264	0.7205	75.5184	0.6933	1.2e-04	0.5368
7174	-108.9758	-108.9758	-78.5802	0.7211	75.4526	0.6928	1.2e-04	0.5363
7175	-108.9946	-108.9946	-76.6886	0.7036	77.4017	0.7106	1.2e-04	0.5357
7176	-109.0012	-109.0012	-76.9613	0.7061	77.1246	0.7080	1.2e-04	0.5363
7177	-108.9777	-108.9777	-78.2246	0.7178	75.8363	0.6962	1.2e-04	0.5365
7178	-109.0101	-109.0101	-77.9318	0.7149	76.1802	0.6992	1.2e-04	0.5365
7179	-108.9983	-108.9983	-77.3459	0.7096	76.7316	0.7044	1.2e-04	0.5372
7180	-108.9905	-108.9905	-76.8967	0.7055	77.1882	0.7086	1.2e-04	0.5360
7181	-108.9755	-108.9755	-77.2059	0.7085	76.8696	0.7057	1.2e-04	0.5363
7182	-108.9990	-108.9990	-77.7599	0.7134	76.3380	0.7008	1.2e-04	0.5349
7183	-108.9894	-108.9894	-77.8959	0.7147	76.1799	0.6994	1.2e-04	0.5372
7184	-108.9848	-108.9848	-77.7225	0.7131	76.3533	0.7010	1.2e-04	0.5370
7185	-108.9945	-108.9945	-77.2865	0.7091	76.8030	0.7050	1.2e-04	0.5378
7186	-108.9951	-108.9951	-77.2229	0.7085	76.8776	0.7056	1.2e-04	0.5378
7187	-108.9901	-108.9901	-77.8829	0.7146	76.2049	0.6995	1.2e-04	0.5373
7188	-108.9968	-108.9968	-77.9248	0.7149	76.1540	0.6990	1.2e-04	0.5356
7189	-108.9928	-108.9928	-77.6895	0.7128	76.3684	0.7011	1.2e-04	0.5375
7190	-108.9845	-108.9845	-76.8755	0.7054	77.2019	0.7087	1.2e-04	0.5368
7191	-108.9945	-108.9945	-77.4479	0.7106	76.6411	0.7036	1.2e-04	0.5373
7192	-109.0052	-109.0052	-78.4893	0.7201	75.5903	0.6939	1.2e-04	0.5370
7193	-108.9922	-108.9922	-78.5660	0.7208	75.5091	0.6931	1.2e-04	0.5368
7194	-109.0033	-109.0033	-78.2753	0.7181	75.8043	0.6959	1.2e-04	0.5366
7195	-108.9936	-108.9936	-76.8039	0.7047	77.2474	0.7091	1.2e-04	0.5379
7196	-108.9853	-108.9853	-77.2525	0.7088	76.8277	0.7053	1.2e-04	0.5373
7197	-108.9991	-108.9991	-77.8888	0.7146	76.1715	0.6993	1.2e-04	0.5366
7198	-109.0041	-109.0041	-77.3297	0.7094	76.7760	0.7048	1.2e-04	0.5358
7199	-108.9717	-108.9717	-77.6714	0.7128	76.3797	0.7012	1.2e-04	0.5367
7200	-109.0095	-109.0095	-77.6154	0.7120	76.4924	0.7021	1.2e-04	0.5373
7201	-108.9948	-108.9948	-77.9179	0.7149	76.1735	0.6993	1.2e-04	0.5364
7202	-108.9903	-108.9903	-78.2353	0.7178	75.8404	0.6962	1.2e-04	0.5373
7203	-108.9844	-108.9844	-76.6091	0.7029	77.4753	0.7113	1.2e-04	0.5364
7204	-109.0065	-109.0065	-77.9039	0.7147	76.1862	0.6994	1.2e-04	0.5359
7205	-108.9769	-108.9769	-77.3351	0.7096	76.7249	0.7044	1.2e-04	0.5373
7206	-108.9917	-108.9917	-78.0697	0.7163	75.9819	0.6976	1.2e-04	0.5372
7207	-108.9983	-108.9983	-78.1290	0.7168	75.9572	0.6972	1.2e-04	0.5378
7208	-109.0124	-109.0124	-76.6482	0.7031	77.4417	0.7109	1.2e-04	0.5377
7209	-109.0031	-109.0031	-77.2820	0.7090	76.8219	0.7052	1.2e-04	0.5381
7210	-108.9889	-108.9889	-78.1180	0.7168	75.9446	0.6973	1.2e-04	0.5374
7211	-108.9931	-108.9931	-77.5653	0.7117	76.5238	0.7025	1.2e-04	0.5374
7212	-109.0011	-109.0011	-77.6726	0.7126	76.4161	0.7015	1.2e-04	0.5370
7213	-108.9907	-108.9907	-77.7992	0.7138	76.2862	0.7003	1.2e-04	0.5379
7214	-109.0079	-109.0079	-78.5915	0.7210	75.4863	0.6929	1.2e-04	0.5376
7215	-109.0041	-109.0041	-77.7991	0.7137	76.3046	0.7004	1.2e-04	0.5375
7216	-108.9900	-108.9900	-78.4554	0.7198	75.5944	0.6941	1.2e-04	0.5377
7217	-109.0019	-109.0019	-77.8291	0.7140	76.2667	0.7001	1.2e-04	0.5374
7218	-108.9985	-108.9985	-78.4530	0.7198	75.6178	0.6942	1.2e-04	0.5373
7219	-108.9966	-108.9966	-77.5541	0.7115	76.5222	0.7026	1.2e-04	0.5381
7220	-108.9837	-108.9837	-79.0311	0.7252	75.0034	0.6886	1.2e-04	0.5373
7221	-109.0019	-109.0019	-78.1458	0.7169	75.9397	0.6971	1.2e-04	0.5379
7222	-108.9785	-108.9785	-78.4595	0.7200	75.5812	0.6940	1.2e-04	0.5371
7223	-108.9792	-108.9792	-78.5816	0.7211	75.4669	0.6928	1.2e-04	0.5357
7224	-108.9635	-108.9635	-78.3006	0.7186	75.7320	0.6954	1.2e-04	0.5371
7225	-108.9981	-108.9981	-78.1022	0.7165	75.9801	0.6975	1.2e-04	0.5361
7226	-108.9830	-108.9830	-78.2965	0.7184	75.7664	0.6956	1.2e-04	0.5365
7227	-108.9758	-108.9758	-78.6635	0.7218	75.3644	0.6919	1.2e-04	0.5364
7228	-108.9889	-108.9889	-77.9676	0.7154	76.1090	0.6987	1.2e-04	0.5371
7229	-108.9986	-108.9986	-77.5397	0.7114	76.5527	0.7028	1.2e-04	0.5384
7230	-108.9969	-108.9969	-78.9279	0.7241	75.0946	0.6894	1.2e-04	0.5375
7231	-108.9879	-108.9879	-77.8178	0.7140	76.2594	0.7001	1.2e-04	0.5375
7232	-108.9839	-108.9839	-77.0117	0.7066	77.0386	0.7073	1.2e-04	0.5374
7233	-108.9802	-108.9802	-77.9526	0.7153	76.1089	0.6987	1.2e-04	0.5379
7234	-108.9824	-108.9824	-78.5752	0.7210	75.4678	0.6929	1.2e-04	0.5372
7235	-108.9839	-108.9839	-78.1476	0.7171	75.9027	0.6969	1.2e-04	0.5359
7236	-108.9806	-108.9806	-77.1381	0.7078	76.9460	0.7064	1.2e-04	0.5361
7237	-108.9760	-108.9760	-78.7230	0.7224	75.3146	0.6915	1.2e-04	0.5366
7238	-108.9923	-108.9923	-76.7490	0.7042	77.3436	0.7100	1.2e-04	0.5376
7239	-108.9988	-108.9988	-77.4984	0.7110	76.6036	0.7031	1.2e-04	0.5381
7240	-108.9939	-108.9939	-78.1277	0.7168	75.9399	0.6973	1.2e-04	0.5368
7241	-108.9913	-108.9913	-78.2120	0.7176	75.8502	0.6964	1.2e-04	0.5356
7242	-109.0034	-109.0034	-76.9931	0.7063	77.1056	0.7079	1.2e-04	0.5353
7243	-108.9858	-108.9858	-78.1704	0.7173	75.8959	0.6968	1.2e-04	0.5360
7244	-109.0086	-109.0086	-77.0733	0.7070	77.0326	0.7071	1.2e-04	0.5366
7245	-108.9933	-108.9933	-77.5275	0.7113	76.5531	0.7027	1.2e-04	0.5372
7246	-108.9804	-108.9804	-78.2272	0.7178	75.8163	0.6961	1.2e-04	0.5369
7247	-108.9861	-108.9861	-76.9205	0.7058	77.1607	0.7084	1.2e-04	0.5366
7248	-109.0022	-109.0022	-77.9146	0.7148	76.1680	0.6992	1.2e-04	0.5366
7249	-109.0078	-109.0078	-77.0957	0.7072	77.0155	0.7069	1.2e-04	0.5365
7250	-108.9896	-108.9896	-77.8008	0.7138	76.2724	0.7002	1.2e-04	0.5369
7251	-108.9950	-108.9950	-77.0905	0.7073	76.9666	0.7066	1.2e-04	0.5369
7252	-108.9739	-108.9739	-77.3623	0.7099	76.7098	0.7042	1.2e-04	0.5372
7253	-108.9765	-108.9765	-77.3274	0.7096	76.7380	0.7046	1.2e-04	0.5365
7254	-108.9990	-108.9990	-77.4530	0.7106	76.6502	0.7036	1.2e-04	0.5360
7255	-108.9814	-108.9814	-77.5936	0.7120	76.4839	0.7022	1.2e-04	0.5372
7256	-108.9888	-108.9888	-77.0796	0.7072	77.0049	0.7070	1.2e-04	0.5362
7257	-108.9920	-108.9920	-76.4362	0.7013	77.6536	0.7128	1.2e-04	0.5375
7258	-108.9840	-108.9840	-78.0619	0.7163	76.0103	0.6978	1.2e-04	0.5370
7259	-108.9839	-108.9839	-75.9338	0.6967	78.1302	0.7173	1.2e-04	0.5374
7260	-108.9790	-108.9790	-77.9398	0.7152	76.1287	0.6989	1.2e-04	0.5368
7261	-108.9921	-108.9921	-76.5334	0.7022	77.5391	0.7118	1.2e-04	0.5383
7262	-108.9987	-108.9987	-76.3499	0.7005	77.7220	0.7134	1.2e-04	0.5365
7263	-108.9923	-108.9923	-76.6722	0.7035	77.4106	0.7107	1.2e-04	0.5367
7264	-109.0064	-109.0064	-76.0095	0.6973	78.0805	0.7167	1.2e-04	0.5365
7265	-109.0061	-109.0061	-76.9911	0.7063	77.0907	0.7077	1.2e-04	0.5362
7266	-108.9764	-108.9764	-77.3072	0.7094	76.7525	0.7047	1.2e-04	0.5356
7267	-108.9859	-108.9859	-76.4216	0.7012	77.6643	0.7130	1.2e-04	0.5374
7268	-108.9794	-108.9795	-75.2218	0.6902	78.8261	0.7236	1.2e-04	0.5368
7269	-108.9905	-108.9905	-76.2463	0.6996	77.8118	0.7143	1.2e-04	0.5379
7270	-108.9844	-108.9844	-76.9337	0.7059	77.1531	0.7083	1.2e-04	0.5385
7271	-109.0023	-109.0024	-75.0717	0.6887	78.9834	0.7250	1.2e-04	0.5371
7272	-109.0010	-109.0010	-75.4726	0.6924	78.6022	0.7215	1.2e-04	0.5365
7273	-108.9841	-108.9841	-76.3807	0.7008	77.6846	0.7133	1.2e-04	0.5361
7274	-108.9881	-108.9881	-76.1463	0.6987	77.9225	0.7154	1.2e-04	0.5361
7275	-108.9911	-108.9911	-76.1148	0.6984	77.9776	0.7157	1.2e-04	0.5365
7276	-108.9925	-108.9925	-76.8789	0.7054	77.2003	0.7087	1.2e-04	0.5366
7277	-109.0021	-109.0021	-77.7536	0.7133	76.3497	0.7008	1.2e-04	0.5365
7278	-108.9902	-108.9902	-76.5741	0.7026	77.5057	0.7116	1.2e-04	0.5366
7279	-108.9952	-108.9952	-76.9118	0.7056	77.1860	0.7086	1.2e-04	0.5377
7280	-108.9965	-108.9965	-76.1005	0.6982	77.9810	0.7159	1.2e-04	0.5384
7281	-108.9724	-108.9724	-77.3423	0.7097	76.7283	0.7045	1.2e-04	0.5377
7282	-108.9885	-108.9885	-76.5465	0.7023	77.5249	0.7117	1.2e-04	0.5378
7283	-108.9822	-108.9822	-76.4637	0.7016	77.6003	0.7124	1.2e-04	0.5369
7284	-109.0037	-109.0037	-76.5394	0.7022	77.5499	0.7118	1.2e-04	0.5369
7285	-108.9937	-108.9937	-75.8889	0.6963	78.1858	0.7178	1.2e-04	0.5379
7286	-109.0028	-109.0028	-76.2246	0.6993	77.8708	0.7148	1.2e-04	0.5386
7287	-108.9843	-108.9843	-75.6654	0.6943	78.3985	0.7197	1.2e-04	0.5380
7288	-108.9882	-108.9883	-75.8226	0.6957	78.2418	0.7183	1.2e-04	0.5375
7289	-108.9945	-108.9945	-76.5266	0.7021	77.5661	0.7121	1.2e-04	0.5379
7290	-108.9964	-108.9964	-76.9646	0.7061	77.1295	0.7081	1.2e-04	0.5373
7291	-108.9916	-108.9916	-76.6816	0.7036	77.3922	0.7104	1.2e-04	0.5380
7292	-108.9653	-108.9653	-76.2800	0.7000	77.7647	0.7140	1.2e-04	0.5369
7293	-108.9851	-108.9855	-74.1540	0.6804	79.8201	0.7328	1.2e-04	0.5370
7294	-108.9871	-108.9871	-76.7888	0.7046	77.3049	0.7096	1.2e-04	0.5374
7295	-108.9853	-108.9853	-76.3404	0.7005	77.7376	0.7137	1.2e-04	0.5367
7296	-109.0005	-109.0005	-76.4029	0.7009	77.6828	0.7131	1.2e-04	0.5371
7297	-108.9854	-108.9854	-76.9527	0.7061	77.1230	0.7080	1.2e-04	0.5376
7298	-108.9935	-108.9935	-76.7042	0.7038	77.3833	0.7104	1.2e-04	0.5373
7299	-108.9958	-108.9958	-76.8670	0.7052	77.2287	0.7090	1.2e-04	0.5378
7300	-108.9849	-108.9849	-76.4651	0.7016	77.6167	0.7126	1.2e-04	0.5387
7301	-108.9861	-108.9861	-77.0009	0.7065	77.0800	0.7077	1.2e-04	0.5363
7302	-108.9858	-108.9858	-76.7667	0.7044	77.3223	0.7098	1.2e-04	0.5369
7303	-108.9972	-108.9972	-77.4250	0.7103	76.6618	0.7037	1.2e-04	0.5381
7304	-108.9934	-108.9934	-76.8536	0.7051	77.2064	0.7088	1.2e-04	0.5385
7305	-108.9930	-108.9930	-75.8032	0.6955	78.2645	0.7185	1.2e-04	0.5361
7306	-108.9825	-108.9825	-76.8163	0.7049	77.2624	0.7093	1.2e-04	0.5358
7307	-108.9898	-108.9898	-76.8608	0.7052	77.2317	0.7090	1.2e-04	0.5360
7308	-108.9625	-108.9625	-76.7390	0.7043	77.2994	0.7098	1.2e-04	0.5358
7309	-108.9879	-108.9879	-76.0903	0.6982	77.9894	0.7159	1.2e-04	0.5377
7310	-108.9874	-108.9874	-76.5504	0.7024	77.5250	0.7118	1.2e-04	0.5377
7311	-108.9883	-108.9883	-77.9076	0.7148	76.1588	0.6992	1.2e-04	0.5377
7312	-109.0065	-109.0065	-77.2748	0.7089	76.8268	0.7052	1.2e-04	0.5360
7313	-108.9909	-108.9909	-76.9994	0.7065	77.0881	0.7077	1.2e-04	0.5361
7314	-108.9852	-108.9852	-76.4162	0.7012	77.6660	0.7130	1.2e-04	0.5367
7315	-108.9908	-108.9908	-76.6616	0.7034	77.4148	0.7106	1.2e-04	0.5388
7316	-108.9871	-108.9871	-77.2632	0.7089	76.8341	0.7053	1.2e-04	0.5373
7317	-108.9929	-108.9929	-76.5457	0.7023	77.5381	0.7119	1.2e-04	0.5369
7318	-108.9855	-108.9855	-75.7107	0.6947	78.3489	0.7193	1.2e-04	0.5358
7319	-108.9859	-108.9859	-76.8294	0.7049	77.2568	0.7092	1.2e-04	0.5362
7320	-108.9814	-108.9814	-77.1025	0.7075	76.9855	0.7067	1.2e-04	0.5356
7321	-108.9766	-108.9766	-76.5429	0.7024	77.5129	0.7117	1.2e-04	0.5370
7322	-108.9979	-108.9979	-76.9778	0.7062	77.1054	0.7078	1.2e-04	0.5363
7323	-108.9891	-108.9891	-76.7740	0.7044	77.3095	0.7097	1.2e-04	0.5367
7324	-108.9973	-108.9973	-76.8112	0.7047	77.2951	0.7095	1.2e-04	0.5364
7325	-108.9890	-108.9890	-75.8148	0.6956	78.2402	0.7183	1.2e-04	0.5358
7326	-108.9843	-108.9843	-77.0092	0.7066	77.0655	0.7076	1.2e-04	0.5358
7327	-108.9945	-108.9945	-76.2852	0.6999	77.7793	0.7140	1.2e-04	0.5367
7328	-108.9767	-108.9767	-76.0920	0.6982	77.9715	0.7159	1.2e-04	0.5363
7329	-108.9918	-108.9918	-76.4870	0.7018	77.5948	0.7123	1.2e-04	0.5359
7330	-108.9806	-108.9806	-76.3080	0.7002	77.7776	0.7139	1.2e-04	0.5358
7331	-109.0046	-109.0046	-76.3141	0.7001	77.7909	0.7140	1.2e-04	0.5364
7332	-108.9962	-108.9963	-75.8150	0.6956	78.2564	0.7184	1.2e-04	0.5356
7333	-108.9939	-108.9939	-76.7976	0.7046	77.2895	0.7096	1.2e-04	0.5373
7334	-108.9907	-108.9907	-76.3149	0.7002	77.7666	0.7139	1.2e-04	0.5358
7335	-108.9814	-108.9814	-76.8274	0.7050	77.2500	0.7092	1.2e-04	0.5363
7336	-108.9913	-108.9913	-77.1048	0.7074	76.9763	0.7066	1.2e-04	0.5369
7337	-108.9933	-108.9933	-76.3957	0.7009	77.6451	0.7128	1.2e-04	0.5380
7338	-108.9922	-108.9922	-75.9541	0.6969	78.1293	0.7172	1.2e-04	0.5376
7339	-108.9768	-108.9768	-77.9988	0.7157	76.0653	0.6983	1.2e-04	0.5378
7340	-108.9731	-108.9731	-75.8935	0.6964	78.1660	0.7175	1.2e-04	0.5367
7341	-108.9888	-108.9888	-76.9312	0.7059	77.1585	0.7083	1.2e-04	0.5380
7342	-108.9805	-108.9805	-77.1911	0.7083	76.8932	0.7059	1.2e-04	0.5378
7343	-108.9785	-108.9785	-76.5636	0.7026	77.5162	0.7116	1.2e-04	0.5373
7344	-108.9811	-108.9811	-76.5895	0.7028	77.4762	0.7113	1.2e-04	0.5379
7345	-108.9890	-108.9890	-77.1899	0.7082	76.8397	0.7054	1.2e-04	0.5353
7346	-108.9787	-108.9787	-76.5720	0.7026	77.4875	0.7114	1.2e-04	0.5356
7347	-108.9952	-108.9952	-76.7152	0.7038	77.3594	0.7102	1.2e-04	0.5355
7348	-108.9856	-108.9856	-77.2272	0.7086	76.8482	0.7055	1.2e-04	0.5368
7349	-108.9804	-108.9804	-76.3614	0.7007	77.6893	0.7132	1.2e-04	0.5375
7350	-108.9995	-108.9995	-76.3533	0.7005	77.7237	0.7135	1.2e-04	0.5372
7351	-108.9877	-108.9877	-76.6759	0.7035	77.4130	0.7107	1.2e-04	0.5367
7352	-108.9920	-108.9920	-76.7722	0.7044	77.3026	0.7097	1.2e-04	0.5361
7353	-108.9948	-108.9948	-77.3464	0.7096	76.7472	0.7045	1.2e-04	0.5374
7354	-108.9856	-108.9856	-76.9233	0.7058	77.1560	0.7084	1.2e-04	0.5364
7355	-109.0008	-109.0008	-77.3202	0.7094	76.7423	0.7045	1.2e-04	0.5366
7356	-108.9854	-108.9854	-77.3026	0.7093	76.7754	0.7049	1.2e-04	0.5364
7357	-108.9947	-108.9947	-77.0179	0.7066	77.0734	0.7076	1.2e-04	0.5370
7358	-108.9849	-108.9849	-77.2792	0.7091	76.8209	0.7051	1.2e-04	0.5378
7359	-109.0050	-109.0050	-76.3216	0.7002	77.7717	0.7139	1.2e-04	0.5375
7360	-108.9746	-108.9746	-77.3014	0.7094	76.7672	0.7048	1.2e-04	0.5373
7361	-108.9946	-108.9946	-77.0968	0.7073	76.9912	0.7069	1.2e-04	0.5371
7362	-108.9909	-108.9909	-77.2758	0.7090	76.8140	0.7052	1.2e-04	0.5377
7363	-108.9689	-108.9689	-76.5044	0.7021	77.5629	0.7121	1.2e-04	0.5384
7364	-108.9918	-108.9918	-76.1397	0.6986	77.9314	0.7155	1.2e-04	0.5379
7365	-108.9768	-108.9768	-76.1734	0.6990	77.9018	0.7151	1.2e-04	0.5375
7366	-109.0012	-109.0012	-76.6832	0.7035	77.4261	0.7107	1.2e-04	0.5368
7367	-108.9962	-108.9962	-76.5288	0.7021	77.5543	0.7120	1.2e-04	0.5362
7368	-108.9819	-108.9819	-77.1008	0.7075	76.9558	0.7065	1.2e-04	0.5376
7369	-108.9926	-108.9926	-76.4029	0.7010	77.6833	0.7132	1.2e-04	0.5365
7370	-108.9717	-108.9717	-76.8137	0.7049	77.2561	0.7093	1.2e-04	0.5358
7371	-108.9923	-108.9923	-76.9032	0.7056	77.1646	0.7084	1.2e-04	0.5361
7372	-108.9912	-108.9912	-77.1635	0.7080	76.9388	0.7062	1.2e-04	0.5371
7373	-108.9978	-108.9978	-76.7113	0.7038	77.3821	0.7104	1.2e-04	0.5357
7374	-108.9875	-108.9875	-76.5281	0.7022	77.5587	0.7120	1.2e-04	0.5361
7375	-109.0025	-109.0025	-77.4782	0.7108	76.6166	0.7034	1.2e-04	0.5368
7376	-108.9838	-108.9838	-76.9744	0.7063	77.1136	0.7079	1.2e-04	0.5370
7377	-109.0070	-109.0070	-77.4295	0.7103	76.6812	0.7038	1.2e-04	0.5371
7378	-108.9907	-108.9907	-77.0977	0.7074	76.9844	0.7068	1.2e-04	0.5360
7379	-109.0026	-109.0026	-76.3833	0.7007	77.7142	0.7133	1.2e-04	0.5359
7380	-108.9837	-108.9837	-77.5496	0.7116	76.5382	0.7026	1.2e-04	0.5358
7381	-108.9970	-108.9970	-77.7294	0.7131	76.3400	0.7008	1.2e-04	0.5374
7382	-109.0059	-109.0059	-77.1379	0.7076	76.9645	0.7066	1.2e-04	0.5368
7383	-108.9805	-108.9805	-77.6942	0.7129	76.3825	0.7012	1.2e-04	0.5388
7384	-108.9881	-108.9881	-76.5224	0.7021	77.5645	0.7120	1.2e-04	0.5378
7385	-108.9985	-108.9985	-77.2912	0.7091	76.8034	0.7051	1.2e-04	0.5364
7386	-108.9775	-108.9775	-76.8454	0.7051	77.2272	0.7090	1.2e-04	0.5359
7387	-108.9932	-108.9932	-77.1340	0.7077	76.9746	0.7065	1.2e-04	0.5385
7388	-108.9745	-108.9745	-76.9299	0.7059	77.1384	0.7082	1.2e-04	0.5384
7389	-108.9770	-108.9770	-77.6428	0.7125	76.4241	0.7016	1.2e-04	0.5364
7390	-108.9762	-108.9762	-77.9813	0.7156	76.0841	0.6985	1.2e-04	0.5361
7391	-108.9850	-108.9850	-78.1413	0.7170	75.9244	0.6970	1.2e-04	0.5362
7392	-109.0010	-109.0010	-77.1743	0.7080	76.9067	0.7061	1.2e-04	0.5366
7393	-108.9735	-108.9735	-76.4882	0.7019	77.5712	0.7122	1.2e-04	0.5376
7394	-108.9853	-108.9853	-77.6558	0.7125	76.4302	0.7016	1.2e-04	0.5382
7395	-108.9802	-108.9802	-77.3483	0.7097	76.7273	0.7044	1.2e-04	0.5394
7396	-109.0019	-109.0019	-77.5518	0.7115	76.5471	0.7027	1.2e-04	0.5353
7397	-108.9842	-108.9842	-77.5390	0.7115	76.5432	0.7027	1.2e-04	0.5352
7398	-108.9997	-108.9997	-78.1950	0.7174	75.8863	0.6966	1.2e-04	0.5361
7399	-108.9795	-108.9795	-78.1963	0.7175	75.8239	0.6962	1.2e-04	0.5367
7400	-108.9904	-108.9904	-78.0764	0.7164	76.0018	0.6977	1.2e-04	0.5362
7401	-109.0075	-109.0075	-77.4210	0.7102	76.6680	0.7038	1.2e-04	0.5363
7402	-108.9743	-108.9743	-76.9953	0.7065	77.0635	0.7076	1.2e-04	0.5365
7403	-108.9841	-108.9841	-76.5565	0.7025	77.5196	0.7117	1.2e-04	0.5362
7404	-109.0034	-109.0034	-77.1136	0.7074	76.9880	0.7067	1.2e-04	0.5358
7405	-108.9793	-108.9793	-76.4933	0.7019	77.5936	0.7122	1.2e-04	0.5365
7406	-109.0060	-109.0060	-76.5659	0.7024	77.5322	0.7117	1.2e-04	0.5368
7407	-108.9790	-108.9790	-76.8657	0.7053	77.2247	0.7089	1.2e-04	0.5368
7408	-108.9838	-108.9839	-75.2013	0.6900	78.8483	0.7238	1.2e-04	0.5360
7409	-108.9990	-108.9990	-76.6964	0.7036	77.4044	0.7106	1.2e-04	0.5363
7410	-108.9999	-108.9999	-77.5039	0.7110	76.5955	0.7031	1.2e-04	0.5359
7411	-108.9878	-108.9878	-77.7246	0.7131	76.3373	0.7008	1.2e-04	0.5364
7412	-108.9899	-108.9899	-76.3178	0.7002	77.7523	0.7138	1.2e-04	0.5363
7413	-108.9972	-108.9972	-77.0014	0.7065	77.0876	0.7077	1.2e-04	0.5368
7414	-108.9898	-108.9898	-77.1248	0.7076	76.9617	0.7066	1.2e-04	0.5362
7415	-108.9789	-108.9789	-77.0685	0.7072	76.9991	0.7070	1.2e-04	0.5364
7416	-108.9832	-108.9832	-76.9179	0.7058	77.1593	0.7084	1.2e-04	0.5379
7417	-108.9934	-108.9934	-77.0897	0.7073	77.0071	0.7069	1.2e-04	0.5392
7418	-108.9746	-108.9746	-77.5412	0.7116	76.5171	0.7025	1.2e-04	0.5383
7419	-108.9803	-108.9803	-77.4344	0.7105	76.6454	0.7037	1.2e-04	0.5363
7420	-108.9775	-108.9775	-76.5920	0.7028	77.4786	0.7113	1.2e-04	0.5362
7421	-108.9808	-108.9808	-77.2811	0.7091	76.7779	0.7050	1.2e-04	0.5361
7422	-108.9922	-108.9922	-77.1500	0.7078	76.9458	0.7064	1.2e-04	0.5375
7423	-108.9987	-108.9987	-76.8639	0.7052	77.2263	0.7089	1.2e-04	0.5382
7424	-109.0062	-109.0062	-75.8049	0.6954	78.2868	0.7186	1.2e-04	0.5368
7425	-109.0007	-109.0007	-78.0118	0.7157	76.0827	0.6984	1.2e-04	0.5360
7426	-108.9881	-108.9881	-76.3467	0.7005	77.7338	0.7136	1.2e-04	0.5364
7427	-108.9945	-108.9945	-77.7071	0.7129	76.3831	0.7012	1.2e-04	0.5361
7428	-108.9808	-108.9808	-77.9287	0.7151	76.1359	0.6990	1.2e-04	0.5355
7429	-108.9956	-108.9956	-77.5034	0.7111	76.5653	0.7029	1.2e-04	0.5380
7430	-108.9865	-108.9865	-77.0690	0.7071	77.0237	0.7071	1.2e-04	0.5367
7431	-108.9975	-108.9975	-77.7388	0.7132	76.3468	0.7009	1.2e-04	0.5359
7432	-109.0028	-109.0028	-77.4764	0.7108	76.6387	0.7034	1.2e-04	0.5363
7433	-108.9817	-108.9817	-78.4073	0.7195	75.6587	0.6945	1.2e-04	0.5363
7434	-108.9790	-108.9790	-76.6704	0.7035	77.3851	0.7104	1.2e-04	0.5374
7435	-108.9812	-108.9812	-77.5723	0.7118	76.5183	0.7024	1.2e-04	0.5380
7436	-108.9921	-108.9921	-77.9416	0.7151	76.1475	0.6990	1.2e-04	0.5373
7437	-108.9973	-108.9973	-77.3389	0.7095	76.7543	0.7047	1.2e-04	0.5367
7438	-108.9942	-108.9942	-77.3135	0.7093	76.7704	0.7047	1.2e-04	0.5362
7439	-108.9872	-108.9872	-77.5967	0.7120	76.4925	0.7022	1.2e-04	0.5351
7440	-108.9840	-108.9840	-77.7382	0.7133	76.3381	0.7008	1.2e-04	0.5353
7441	-108.9884	-108.9884	-77.5269	0.7113	76.5605	0.7028	1.2e-04	0.5364
7442	-108.9889	-108.9889	-77.2036	0.7084	76.8852	0.7058	1.2e-04	0.5352
7443	-108.9807	-108.9807	-77.0971	0.7074	76.9755	0.7067	1.2e-04	0.5365
7444	-108.9960	-108.9960	-77.4146	0.7103	76.6656	0.7039	1.2e-04	0.5374
7445	-108.9784	-108.9784	-77.6009	0.7121	76.4772	0.7021	1.2e-04	0.5362
7446	-108.9946	-108.9946	-77.2907	0.7091	76.7991	0.7050	1.2e-04	0.5360
7447	-108.9916	-108.9916	-77.3034	0.7093	76.7898	0.7049	1.2e-04	0.5367
7448	-108.9966	-108.9966	-76.5441	0.7023	77.5590	0.7119	1.2e-04	0.5360
7449	-108.9815	-108.9815	-77.0027	0.7066	77.0748	0.7076	1.2e-04	0.5369
7450	-108.9813	-108.9813	-78.2310	0.7178	75.8244	0.6961	1.2e-04	0.5359
7451	-108.9854	-108.9854	-77.0739	0.7072	77.0074	0.7070	1.2e-04	0.5371
7452	-108.9764	-108.9764	-77.2554	0.7089	76.8151	0.7052	1.2e-04	0.5361
7453	-108.9853	-108.9853	-76.8264	0.7049	77.2675	0.7093	1.2e-04	0.5369
7454	-108.9855	-108.9855	-76.8044	0.7047	77.2830	0.7095	1.2e-04	0.5366
7455	-108.9876	-108.9876	-77.7877	0.7137	76.2990	0.7004	1.2e-04	0.5365
7456	-108.9942	-108.9942	-77.0875	0.7073	77.0055	0.7069	1.2e-04	0.5364
7457	-108.9861	-108.9861	-77.5744	0.7118	76.5056	0.7023	1.2e-04	0.5361
7458	-108.9911	-108.9911	-76.7566	0.7042	77.3295	0.7099	1.2e-04	0.5375
7459	-108.9932	-108.9932	-76.5793	0.7026	77.4544	0.7111	1.2e-04	0.5374
7460	-108.9754	-108.9754	-76.8958	0.7056	77.1833	0.7086	1.2e-04	0.5373
7461	-108.9951	-108.9951	-77.4128	0.7102	76.6783	0.7039	1.2e-04	0.5367
7462	-109.0002	-109.0002	-77.0746	0.7071	77.0273	0.7071	1.2e-04	0.5370
7463	-108.9900	-108.9900	-78.0344	0.7160	76.0397	0.6981	1.2e-04	0.5359
7464	-109.0001	-109.0001	-77.3020	0.7092	76.7993	0.7050	1.2e-04	0.5358
7465	-108.9996	-108.9996	-77.1130	0.7075	76.9951	0.7067	1.2e-04	0.5373
7466	-109.0101	-109.0101	-77.5472	0.7114	76.5571	0.7028	1.2e-04	0.5376
7467	-108.9953	-108.9953	-76.9006	0.7055	77.1812	0.7085	1.2e-04	0.5378
7468	-108.9834	-108.9834	-76.3035	0.7001	77.7678	0.7140	1.2e-04	0.5379
7469	-108.9874	-108.9874	-76.9429	0.7060	77.1182	0.7080	1.2e-04	0.5358
7470	-108.9795	-108.9795	-76.9969	0.7065	77.0766	0.7077	1.2e-04	0.5351
7471	-108.9921	-108.9921	-76.8593	0.7052	77.2231	0.7090	1.2e-04	0.5365
7472	-108.9885	-108.9885	-77.7699	0.7136	76.3181	0.7006	1.2e-04	0.5374
7473	-108.9925	-108.9925	-76.5286	0.7021	77.5551	0.7119	1.2e-04	0.5386
7474	-108.9972	-108.9972	-77.5567	0.7115	76.5326	0.7026	1.2e-04	0.5377
7475	-108.9843	-108.9843	-76.9360	0.7059	77.1516	0.7083	1.2e-04	0.5375
7476	-108.9944	-108.9944	-77.0500	0.7069	77.0436	0.7073	1.2e-04	0.5364
7477	-108.9996	-108.9996	-76.8921	0.7054	77.2175	0.7088	1.2e-04	0.5364
7478	-108.9902	-108.9902	-77.3162	0.7094	76.7802	0.7048	1.2e-04	0.5360
7479	-108.9877	-108.9877	-77.3429	0.7096	76.7374	0.7045	1.2e-04	0.5368
7480	-108.9824	-108.9824	-76.4439	0.7014	77.6208	0.7126	1.2e-04	0.5371
7481	-108.9857	-108.9857	-77.4021	0.7102	76.6842	0.7040	1.2e-04	0.5373
7482	-109.0018	-109.0018	-76.5844	0.7026	77.5045	0.7115	1.2e-04	0.5372
7483	-108.9962	-108.9962	-77.2544	0.7088	76.8380	0.7054	1.2e-04	0.5372
7484	-108.9902	-108.9902	-77.5487	0.7115	76.5408	0.7027	1.2e-04	0.5365
7485	-108.9798	-108.9798	-77.9586	0.7153	76.0922	0.6987	1.2e-04	0.5373
7486	-108.9872	-108.9872	-77.3787	0.7100	76.6731	0.7039	1.2e-04	0.5365
7487	-109.0108	-109.0108	-77.9251	0.7148	76.1675	0.6992	1.2e-04	0.5350
7488	-108.9889	-108.9889	-77.7843	0.7137	76.2879	0.7004	1.2e-04	0.5352
7489	-108.9797	-108.9797	-76.6904	0.7037	77.3918	0.7105	1.2e-04	0.5363
7490	-108.9763	-108.9763	-77.2527	0.7089	76.8299	0.7053	1.2e-04	0.5368
7491	-108.9906	-108.9906	-77.0541	0.7070	77.0297	0.7072	1.2e-04	0.5355
7492	-108.9761	-108.9761	-76.9925	0.7065	77.0849	0.7077	1.2e-04	0.5366
7493	-109.0169	-109.0169	-77.1850	0.7080	76.9292	0.7062	1.2e-04	0.5355
7494	-108.9975	-108.9975	-77.6066	0.7120	76.4879	0.7021	1.2e-04	0.5348
7495	-109.0080	-109.0080	-77.0577	0.7069	77.0524	0.7073	1.2e-04	0.5361
7496	-109.0077	-109.0077	-77.0563	0.7069	77.0655	0.7073	1.2e-04	0.5358
7497	-108.9958	-108.9958	-76.5690	0.7025	77.5310	0.7117	1.2e-04	0.5368
7498	-108.9773	-108.9773	-77.4295	0.7105	76.6332	0.7036	1.2e-04	0.5362
7499	-108.9782	-108.9782	-76.6527	0.7034	77.4237	0.7108	1.2e-04	0.5369
7500	-109.0069	-109.0069	-77.2116	0.7083	76.8875	0.7059	1.2e-04	0.5379
7501	-109.0039	-109.0039	-77.8151	0.7139	76.2842	0.7003	1.2e-04	0.5354
7502	-108.9783	-108.9783	-77.4265	0.7105	76.6459	0.7037	1.2e-04	0.5366
7503	-108.9898	-108.9898	-77.6451	0.7124	76.4267	0.7016	1.2e-04	0.5353
7504	-108.9963	-108.9963	-77.5290	0.7113	76.5542	0.7028	1.2e-04	0.5354
7505	-108.9881	-108.9881	-77.2393	0.7087	76.8720	0.7055	1.2e-04	0.5361
7506	-108.9965	-108.9965	-77.2059	0.7083	76.8691	0.7057	1.2e-04	0.5372
7507	-109.0060	-109.0060	-77.1959	0.7082	76.9083	0.7060	1.2e-04	0.5385
7508	-108.9952	-108.9952	-77.7470	0.7133	76.3458	0.7009	1.2e-04	0.5357
7509	-109.0000	-109.0000	-78.1517	0.7170	75.9387	0.6971	1.2e-04	0.5367
7510	-108.9943	-108.9943	-77.0345	0.7068	77.0641	0.7074	1.2e-04	0.5361
7511	-109.0024	-109.0024	-77.2276	0.7085	76.8663	0.7057	1.2e-04	0.5355
7512	-109.0004	-109.0004	-77.7874	0.7136	76.3106	0.7005	1.2e-04	0.5356
7513	-108.9971	-108.9971	-77.2323	0.7086	76.8566	0.7056	1.2e-04	0.5378
7514	-108.9905	-108.9905	-77.3784	0.7100	76.6985	0.7041	1.2e-04	0.5371
7515	-108.9802	-108.9802	-77.5576	0.7117	76.5202	0.7025	1.2e-04	0.5382
7516	-108.9951	-108.9951	-78.3891	0.7192	75.6845	0.6948	1.2e-04	0.5361
7517	-108.9931	-108.9931	-76.9543	0.7060	77.1428	0.7081	1.2e-04	0.5373
7518	-109.0050	-109.0050	-76.5697	0.7024	77.5346	0.7117	1.2e-04	0.5356
7519	-108.9970	-108.9970	-78.3689	0.7190	75.7120	0.6950	1.2e-04	0.5354
7520	-108.9991	-108.9991	-78.2578	0.7180	75.8269	0.6960	1.2e-04	0.5358
7521	-108.9871	-108.9871	-78.2760	0.7182	75.7874	0.6958	1.2e-04	0.5363
7522	-108.9947	-108.9947	-77.4850	0.7109	76.5988	0.7032	1.2e-04	0.5367
7523	-108.9794	-108.9794	-78.1523	0.7171	75.9085	0.6969	1.2e-04	0.5360
7524	-108.9806	-108.9806	-77.9733	0.7155	76.0975	0.6986	1.2e-04	0.5361
7525	-108.9842	-108.9842	-78.2281	0.7178	75.8349	0.6963	1.2e-04	0.5355
7526	-108.9970	-108.9970	-77.9443	0.7151	76.1433	0.6990	1.2e-04	0.5366
7527	-108.9890	-108.9890	-77.7483	0.7134	76.2924	0.7004	1.2e-04	0.5368
7528	-108.9947	-108.9947	-78.4569	0.7198	75.6101	0.6941	1.2e-04	0.5359
7529	-108.9788	-108.9788	-78.0267	0.7160	76.0451	0.6981	1.2e-04	0.5366
7530	-108.9940	-108.9940	-77.7724	0.7135	76.2975	0.7005	1.2e-04	0.5355
7531	-108.9887	-108.9887	-77.7457	0.7133	76.3312	0.7008	1.2e-04	0.5371
7532	-108.9872	-108.9872	-78.5204	0.7205	75.5463	0.6935	1.2e-04	0.5372
7533	-108.9892	-108.9892	-77.4481	0.7106	76.6440	0.7036	1.2e-04	0.5385
7534	-108.9824	-108.9824	-77.8130	0.7140	76.2471	0.6999	1.2e-04	0.5365
7535	-109.0026	-109.0026	-78.1224	0.7167	75.9672	0.6974	1.2e-04	0.5358
7536	-108.9843	-108.9843	-78.3552	0.7190	75.7045	0.6950	1.2e-04	0.5362
7537	-108.9783	-108.9783	-78.5839	0.7211	75.4604	0.6928	1.2e-04	0.5366
7538	-109.0017	-109.0017	-77.9650	0.7153	76.1294	0.6989	1.2e-04	0.5381
7539	-109.0050	-109.0050	-78.6197	0.7212	75.4445	0.6925	1.2e-04	0.5383
7540	-108.9828	-108.9828	-79.0688	0.7255	74.9583	0.6882	1.2e-04	0.5376
7541	-108.9839	-108.9839	-79.1065	0.7259	74.9110	0.6878	1.2e-04	0.5360
7542	-108.9758	-108.9758	-78.5772	0.7211	75.4595	0.6928	1.2e-04	0.5362
7543	-108.9952	-108.9952	-79.2151	0.7268	74.8087	0.6868	1.2e-04	0.5368
7544	-108.9877	-108.9877	-78.3818	0.7192	75.6767	0.6948	1.2e-04	0.5371
7545	-108.9944	-108.9944	-78.6705	0.7218	75.3971	0.6921	1.2e-04	0.5379
7546	-109.0001	-109.0001	-78.9890	0.7247	75.0602	0.6891	1.2e-04	0.5372
7547	-108.9930	-108.9930	-77.7491	0.7133	76.3374	0.7008	1.2e-04	0.5372
7548	-108.9999	-108.9999	-78.5076	0.7203	75.5635	0.6936	1.2e-04	0.5366
7549	-108.9948	-108.9948	-78.9246	0.7241	75.1227	0.6896	1.2e-04	0.5360
7550	-108.9837	-108.9837	-78.8637	0.7236	75.1552	0.6900	1.2e-04	0.5365
7551	-108.9830	-108.9830	-78.9978	0.7249	75.0379	0.6888	1.2e-04	0.5383
7552	-109.0023	-109.0023	-78.2623	0.7180	75.8143	0.6960	1.2e-04	0.5367
7553	-108.9758	-108.9758	-78.2286	0.7179	75.8299	0.6962	1.2e-04	0.5371
7554	-108.9843	-108.9843	-78.3750	0.7191	75.6918	0.6949	1.2e-04	0.5369
7555	-108.9894	-108.9894	-78.0409	0.7160	76.0318	0.6980	1.2e-04	0.5356
7556	-108.9627	-108.9627	-78.8857	0.7240	75.1235	0.6897	1.2e-04	0.5366
7557	-109.0009	-109.0009	-78.5355	0.7205	75.5352	0.6934	1.2e-04	0.5370
7558	-108.9968	-108.9968	-78.3106	0.7185	75.7571	0.6956	1.2e-04	0.5363
7559	-108.9709	-108.9709	-78.7577	0.7227	75.2703	0.6911	1.2e-04	0.5365
7560	-108.9909	-108.9909	-77.9831	0.7155	76.1071	0.6986	1.2e-04	0.5360
7561	-108.9991	-108.9991	-78.1930	0.7174	75.8905	0.6967	1.2e-04	0.5357
7562	-108.9897	-108.9897	-78.0881	0.7165	75.9912	0.6976	1.2e-04	0.5363
7563	-108.9907	-108.9907	-78.7034	0.7221	75.3439	0.6917	1.2e-04	0.5371
7564	-108.9777	-108.9777	-77.9422	0.7152	76.1131	0.6988	1.2e-04	0.5370
7565	-108.9807	-108.9807	-78.0090	0.7158	76.0574	0.6983	1.2e-04	0.5366
7566	-108.9907	-108.9907	-78.4897	0.7202	75.5720	0.6938	1.2e-04	0.5369
7567	-109.0020	-109.0020	-78.1053	0.7165	75.9824	0.6975	1.2e-04	0.5383
7568	-108.9973	-108.9973	-78.0546	0.7161	76.0107	0.6978	1.2e-04	0.5374
7569	-108.9939	-108.9939	-78.0617	0.7162	76.0096	0.6978	1.2e-04	0.5377
7570	-108.9955	-108.9955	-78.1256	0.7168	75.9609	0.6973	1.2e-04	0.5377
7571	-108.9757	-108.9757	-77.9907	0.7157	76.0630	0.6984	1.2e-04	0.5388
7572	-108.9766	-108.9766	-78.3651	0.7191	75.6963	0.6949	1.2e-04	0.5375
7573	-108.9747	-108.9747	-77.7265	0.7133	76.3298	0.7008	1.2e-04	0.5385
7574	-108.9934	-108.9934	-77.2026	0.7083	76.8919	0.7059	1.2e-04	0.5359
7575	-108.9902	-108.9902	-77.9114	0.7148	76.1812	0.6993	1.2e-04	0.5366
7576	-108.9680	-108.9680	-78.2834	0.7184	75.7669	0.6956	1.2e-04	0.5374
7577	-108.9827	-108.9827	-78.9197	0.7241	75.1224	0.6896	1.2e-04	0.5366
7578	-108.9884	-108.9884	-77.3880	0.7101	76.6954	0.7041	1.2e-04	0.5363
7579	-108.9954	-108.9954	-78.3632	0.7190	75.7220	0.6951	1.2e-04	0.5373
7580	-108.9886	-108.9886	-77.3826	0.7100	76.7017	0.7042	1.2e-04	0.5365
7581	-108.9893	-108.9893	-78.2332	0.7178	75.8276	0.6962	1.2e-04	0.5374
7582	-109.0013	-109.0013	-78.5516	0.7206	75.4477	0.6927	1.2e-04	0.5370
7583	-108.9891	-108.9891	-78.0237	0.7159	76.0526	0.6982	1.2e-04	0.5364
7584	-108.9895	-108.9895	-77.7741	0.7136	76.2914	0.7004	1.2e-04	0.5368
7585	-108.9897	-108.9897	-78.1393	0.7169	75.9358	0.6971	1.2e-04	0.5380
7586	-108.9683	-108.9683	-77.4965	0.7112	76.5650	0.7029	1.2e-04	0.5368
7587	-108.9822	-108.9822	-77.1509	0.7079	76.9338	0.7063	1.2e-04	0.5371
7588	-108.9855	-108.9855	-77.2713	0.7090	76.8152	0.7052	1.2e-04	0.5360
7589	-108.9939	-108.9939	-78.0324	0.7159	76.0395	0.6981	1.2e-04	0.5362
7590	-108.9927	-108.9927	-77.5997	0.7120	76.4922	0.7022	1.2e-04	0.5360
7591	-108.9881	-108.9881	-77.2971	0.7092	76.7835	0.7050	1.2e-04	0.5367
7592	-108.9828	-108.9828	-77.6470	0.7125	76.4306	0.7017	1.2e-04	0.5366
7593	-108.9839	-108.9839	-77.7740	0.7136	76.3057	0.7005	1.2e-04	0.5363
7594	-108.9914	-108.9914	-77.9125	0.7148	76.1734	0.6992	1.2e-04	0.5364
7595	-108.9977	-108.9977	-76.8419	0.7050	77.2608	0.7092	1.2e-04	0.5364
7596	-109.0038	-109.0038	-77.0217	0.7066	77.0819	0.7076	1.2e-04	0.5357
7597	-108.9816	-108.9816	-78.5398	0.7207	75.4988	0.6932	1.2e-04	0.5367
7598	-108.9860	-108.9860	-78.0310	0.7160	76.0408	0.6981	1.2e-04	0.5358
7599	-108.9871	-108.9871	-77.5622	0.7117	76.5258	0.7025	1.2e-04	0.5366
7600	-108.9721	-108.9721	-77.5923	0.7120	76.4759	0.7021	1.2e-04	0.5362
7601	-108.9963	-108.9963	-76.9148	0.7057	77.1803	0.7085	1.2e-04	0.5353
7602	-108.9847	-108.9847	-77.6247	0.7123	76.4533	0.7019	1.2e-04	0.5361
7603	-108.9805	-108.9805	-77.7633	0.7136	76.3007	0.7005	1.2e-04	0.5373
7604	-108.9993	-108.9993	-77.4583	0.7106	76.6362	0.7036	1.2e-04	0.5352
7605	-108.9747	-108.9747	-77.3514	0.7098	76.7129	0.7043	1.2e-04	0.5364
7606	-108.9936	-108.9936	-77.4252	0.7104	76.6656	0.7038	1.2e-04	0.5360
7607	-108.9936	-108.9936	-77.2007	0.7083	76.8982	0.7059	1.2e-04	0.5363
7608	-108.9875	-108.9875	-77.0133	0.7066	77.0607	0.7074	1.2e-04	0.5353
7609	-108.9757	-108.9757	-77.1806	0.7082	76.8907	0.7059	1.2e-04	0.5357
7610	-108.9861	-108.9861	-77.5600	0.7117	76.5071	0.7024	1.2e-04	0.5360
7611	-109.0027	-109.0027	-77.7771	0.7135	76.3226	0.7006	1.2e-04	0.5370
7612	-108.9841	-108.9841	-77.3146	0.7094	76.7708	0.7048	1.2e-04	0.5366
7613	-108.9889	-108.9889	-77.3313	0.7095	76.7607	0.7046	1.2e-04	0.5363
7614	-109.0024	-109.0024	-77.3640	0.7097	76.7386	0.7044	1.2e-04	0.5367
7615	-108.9694	-108.9694	-77.4404	0.7107	76.6269	0.7035	1.2e-04	0.5376
7616	-108.9840	-108.9840	-77.9686	0.7154	76.1157	0.6987	1.2e-04	0.5363
7617	-108.9835	-108.9835	-77.5209	0.7113	76.5409	0.7027	1.2e-04	0.5378
7618	-108.9941	-108.9941	-77.3400	0.7096	76.7545	0.7046	1.2e-04	0.5387
7619	-108.9890	-108.9890	-76.8554	0.7052	77.2373	0.7090	1.2e-04	0.5366
7620	-108.9917	-108.9917	-77.1601	0.7079	76.9363	0.7063	1.2e-04	0.5353
7621	-108.9819	-108.9819	-77.1068	0.7075	76.9780	0.7067	1.2e-04	0.5367
7622	-109.0046	-109.0046	-77.7238	0.7130	76.3661	0.7011	1.2e-04	0.5364
7623	-108.9907	-108.9907	-76.5939	0.7028	77.4999	0.7114	1.2e-04	0.5372
7624	-109.0039	-109.0039	-77.8647	0.7143	76.2206	0.6998	1.2e-04	0.5364
7625	-108.9799	-108.9799	-78.0497	0.7162	76.0125	0.6978	1.2e-04	0.5369
7626	-108.9899	-108.9899	-77.3183	0.7094	76.7523	0.7046	1.2e-04	0.5366
7627	-108.9996	-108.9996	-77.5024	0.7110	76.5994	0.7032	1.2e-04	0.5384
7628	-108.9934	-108.9934	-77.3666	0.7098	76.7363	0.7044	1.2e-04	0.5356
7629	-108.9880	-108.9880	-76.8418	0.7050	77.2434	0.7091	1.2e-04	0.5361
7630	-108.9933	-108.9933	-77.8377	0.7142	76.2530	0.7000	1.2e-04	0.5366
7631	-108.9829	-108.9829	-77.6903	0.7129	76.3625	0.7011	1.2e-04	0.5366
7632	-108.9783	-108.9783	-77.2713	0.7091	76.7967	0.7051	1.2e-04	0.5362
7633	-108.9944	-108.9944	-77.1821	0.7081	76.9153	0.7060	1.2e-04	0.5364
7634	-108.9956	-108.9956	-76.8988	0.7055	77.1944	0.7086	1.2e-04	0.5378
7635	-108.9831	-108.9831	-77.0190	0.7067	77.0594	0.7075	1.2e-04	0.5377
7636	-109.0021	-109.0021	-78.0765	0.7163	76.0154	0.6978	1.2e-04	0.5378
7637	-108.9947	-108.9947	-76.1958	0.6991	77.8861	0.7150	1.2e-04	0.5375
7638	-108.9961	-108.9961	-77.7090	0.7130	76.3871	0.7012	1.2e-04	0.5367
7639	-108.9958	-108.9958	-77.5092	0.7111	76.5392	0.7028	1.2e-04	0.5375
7640	-109.0015	-109.0015	-77.6017	0.7119	76.4931	0.7021	1.2e-04	0.5376
7641	-108.9946	-108.9946	-77.1783	0.7081	76.9225	0.7061	1.2e-04	0.5384
7642	-108.9955	-108.9955	-77.4373	0.7105	76.6620	0.7037	1.2e-04	0.5367
7643	-108.9873	-108.9873	-76.6283	0.7031	77.4590	0.7111	1.2e-04	0.5368
7644	-109.0025	-109.0025	-76.9753	0.7062	77.0917	0.7077	1.2e-04	0.5375
7645	-108.9884	-108.9884	-76.5763	0.7026	77.5140	0.7115	1.2e-04	0.5379
7646	-108.9890	-108.9890	-77.4251	0.7104	76.6528	0.7038	1.2e-04	0.5372
7647	-108.9865	-108.9865	-77.1760	0.7081	76.9073	0.7061	1.2e-04	0.5373
7648	-108.9802	-108.9802	-77.1985	0.7084	76.8832	0.7058	1.2e-04	0.5371
7649	-108.9876	-108.9876	-76.9563	0.7061	77.1242	0.7081	1.2e-04	0.5378
7650	-108.9964	-108.9964	-76.9260	0.7058	77.1839	0.7084	1.2e-04	0.5373
7651	-108.9843	-108.9843	-76.5695	0.7026	77.5120	0.7116	1.2e-04	0.5381
7652	-108.9919	-108.9919	-77.0656	0.7071	77.0057	0.7069	1.2e-04	0.5361
7653	-109.0048	-109.0048	-77.6905	0.7127	76.4098	0.7014	1.2e-04	0.5362
7654	-108.9857	-108.9857	-77.7208	0.7131	76.3548	0.7010	1.2e-04	0.5357
7655	-108.9827	-108.9827	-77.3505	0.7098	76.7078	0.7043	1.2e-04	0.5367
7656	-108.9929	-108.9929	-77.1035	0.7074	76.9881	0.7068	1.2e-04	0.5355
7657	-108.9785	-108.9785	-76.8088	0.7048	77.2715	0.7094	1.2e-04	0.5369
7658	-108.9959	-108.9959	-76.3341	0.7003	77.7420	0.7138	1.2e-04	0.5380
7659	-108.9913	-108.9913	-76.5614	0.7025	77.5020	0.7116	1.2e-04	0.5384
7660	-108.9933	-108.9933	-77.3528	0.7097	76.7393	0.7045	1.2e-04	0.5369
7661	-108.9971	-108.9971	-77.3989	0.7101	76.7004	0.7040	1.2e-04	0.5364
7662	-108.9882	-108.9882	-77.1482	0.7079	76.9502	0.7063	1.2e-04	0.5364
7663	-108.9926	-108.9926	-76.2678	0.6998	77.8266	0.7143	1.2e-04	0.5366
7664	-109.0103	-109.0103	-76.9955	0.7063	77.1281	0.7079	1.2e-04	0.5359
7665	-108.9913	-108.9913	-77.2722	0.7090	76.8115	0.7052	1.2e-04	0.5365
7666	-108.9863	-108.9863	-78.0991	0.7166	75.9837	0.6975	1.2e-04	0.5375
7667	-108.9849	-108.9849	-77.3208	0.7095	76.7516	0.7046	1.2e-04	0.5378
7668	-108.9911	-108.9911	-77.4277	0.7104	76.6480	0.7037	1.2e-04	0.5361
7669	-109.0034	-109.0034	-77.2582	0.7088	76.8327	0.7054	1.2e-04	0.5364
7670	-108.9950	-108.9950	-77.6873	0.7128	76.4092	0.7014	1.2e-04	0.5368
7671	-108.9765	-108.9765	-77.0125	0.7067	77.0486	0.7074	1.2e-04	0.5383
7672	-108.9744	-108.9744	-77.5862	0.7120	76.4778	0.7022	1.2e-04	0.5365
7673	-109.0045	-109.0045	-76.8282	0.7048	77.2786	0.7094	1.2e-04	0.5358
7674	-108.9882	-108.9882	-76.0716	0.6980	78.0092	0.7161	1.2e-04	0.5359
7675	-108.9861	-108.9861	-77.2059	0.7084	76.8887	0.7058	1.2e-04	0.5367
7676	-108.9969	-108.9969	-76.8613	0.7052	77.2386	0.7090	1.2e-04	0.5363
7677	-108.9861	-108.9861	-77.5417	0.7115	76.5308	0.7027	1.2e-04	0.5362
7678	-109.0022	-109.0022	-76.3096	0.7001	77.7861	0.7140	1.2e-04	0.5355
7679	-109.0021	-109.0021	-76.2615	0.6996	77.7987	0.7141	1.2e-04	0.5361
7680	-108.9911	-108.9911	-77.1674	0.7080	76.9238	0.7062	1.2e-04	0.5366
7681	-108.9819	-108.9819	-76.6358	0.7032	77.4401	0.7109	1.2e-04	0.5369
7682	-108.9893	-108.9893	-77.2434	0.7087	76.8451	0.7054	1.2e-04	0.5364
7683	-108.9832	-108.9832	-76.8383	0.7050	77.2424	0.7091	1.2e-04	0.5369
7684	-108.9882	-108.9883	-75.7572	0.6951	78.2947	0.7188	1.2e-04	0.5359
7685	-108.9870	-108.9870	-76.0481	0.6978	78.0151	0.7162	1.2e-04	0.5360
7686	-108.9741	-108.9741	-76.1553	0.6988	77.8872	0.7151	1.2e-04	0.5373
7687	-108.9879	-108.9879	-77.4799	0.7109	76.5965	0.7032	1.2e-04	0.5370
7688	-108.9790	-108.9791	-75.3630	0.6915	78.6696	0.7222	1.2e-04	0.5376
7689	-108.9953	-108.9953	-76.5740	0.7025	77.5019	0.7114	1.2e-04	0.5377
7690	-108.9791	-108.9791	-76.4305	0.7013	77.6474	0.7128	1.2e-04	0.5374
7691	-108.9810	-108.9810	-76.1610	0.6988	77.9020	0.7152	1.2e-04	0.5369
7692	-109.0166	-109.0166	-77.0815	0.7071	77.0266	0.7070	1.2e-04	0.5367
7693	-108.9894	-108.9894	-77.3504	0.7097	76.7385	0.7044	1.2e-04	0.5377
7694	-108.9884	-108.9884	-77.9297	0.7150	76.1453	0.6991	1.2e-04	0.5371
7695	-108.9917	-108.9917	-77.1379	0.7077	76.9535	0.7065	1.2e-04	0.5371
7696	-108.9870	-108.9870	-77.1803	0.7082	76.9111	0.7060	1.2e-04	0.5374
7697	-108.9961	-108.9961	-76.8547	0.7051	77.2240	0.7090	1.2e-04	0.5368
7698	-108.9692	-108.9692	-75.6277	0.6940	78.4079	0.7199	1.2e-04	0.5366
7699	-108.9856	-108.9856	-76.8402	0.7050	77.2365	0.7090	1.2e-04	0.5378
7700	-108.9829	-108.9829	-76.3079	0.7002	77.7650	0.7139	1.2e-04	0.5382
7701	-108.9876	-108.9876	-76.6299	0.7031	77.4566	0.7111	1.2e-04	0.5363
7702	-108.9885	-108.9885	-76.5144	0.7020	77.5684	0.7121	1.2e-04	0.5363
7703	-109.0038	-109.0038	-76.2891	0.6999	77.8101	0.7142	1.2e-04	0.5360
7704	-108.9828	-108.9828	-77.2772	0.7091	76.8107	0.7051	1.2e-04	0.5357
7705	-108.9923	-108.9923	-76.6641	0.7034	77.4147	0.7108	1.2e-04	0.5369
7706	-108.9925	-108.9925	-76.6230	0.7030	77.4587	0.7112	1.2e-04	0.5373
7707	-108.9852	-108.9852	-77.0655	0.7071	77.0236	0.7071	1.2e-04	0.5385
7708	-109.0170	-109.0170	-77.0746	0.7070	77.0423	0.7071	1.2e-04	0.5392
7709	-108.9891	-108.9891	-76.7781	0.7045	77.3080	0.7097	1.2e-04	0.5362
7710	-108.9855	-108.9855	-76.3286	0.7004	77.7597	0.7138	1.2e-04	0.5359
7711	-108.9852	-108.9852	-77.0549	0.7070	77.0288	0.7072	1.2e-04	0.5368
7712	-109.0034	-109.0034	-76.3766	0.7007	77.7056	0.7133	1.2e-04	0.5365
7713	-109.0088	-109.0088	-76.5348	0.7021	77.5747	0.7121	1.2e-04	0.5371
7714	-108.9928	-108.9928	-76.3880	0.7009	77.7061	0.7133	1.2e-04	0.5374
7715	-108.9806	-108.9806	-76.6542	0.7034	77.4251	0.7107	1.2e-04	0.5370
7716	-108.9627	-108.9627	-76.8226	0.7050	77.2345	0.7091	1.2e-04	0.5364
7717	-109.0047	-109.0047	-76.2766	0.6998	77.8212	0.7144	1.2e-04	0.5366
7718	-108.9747	-108.9747	-76.3006	0.7002	77.7665	0.7140	1.2e-04	0.5371
7719	-109.0099	-109.0099	-76.6474	0.7031	77.4589	0.7111	1.2e-04	0.5367
7720	-108.9911	-108.9911	-76.4249	0.7012	77.6604	0.7129	1.2e-04	0.5363
7721	-108.9956	-108.9956	-75.9546	0.6969	78.1174	0.7172	1.2e-04	0.5373
7722	-108.9839	-108.9839	-76.9364	0.7059	77.1369	0.7081	1.2e-04	0.5365
7723	-108.9834	-108.9834	-77.0087	0.7066	77.0762	0.7076	1.2e-04	0.5376
7724	-108.9686	-108.9686	-76.8762	0.7055	77.1788	0.7087	1.2e-04	0.5376
7725	-108.9856	-108.9856	-76.1594	0.6988	77.8999	0.7152	1.2e-04	0.5377
7726	-108.9857	-108.9857	-76.3861	0.7009	77.6780	0.7132	1.2e-04	0.5377
7727	-108.9912	-108.9912	-76.2250	0.6994	77.8559	0.7147	1.2e-04	0.5373
7728	-108.9861	-108.9861	-76.3985	0.7010	77.6815	0.7131	1.2e-04	0.5366
7729	-108.9959	-108.9959	-77.4973	0.7110	76.5941	0.7032	1.2e-04	0.5365
7730	-108.9779	-108.9779	-76.2266	0.6995	77.8102	0.7145	1.2e-04	0.5345
7731	-108.9668	-108.9668	-76.6129	0.7031	77.4451	0.7111	1.2e-04	0.5360
7732	-108.9734	-108.9734	-76.3731	0.7008	77.6874	0.7133	1.2e-04	0.5370
7733	-108.9946	-108.9946	-76.0784	0.6980	78.0017	0.7161	1.2e-04	0.5361
7734	-108.9899	-108.9899	-77.0593	0.7070	77.0189	0.7071	1.2e-04	0.5369
7735	-108.9836	-108.9836	-76.0338	0.6977	78.0234	0.7164	1.2e-04	0.5381
7736	-108.9819	-108.9821	-74.9301	0.6875	79.0947	0.7261	1.2e-04	0.5372
7737	-108.9960	-108.9960	-75.8868	0.6962	78.1979	0.7178	1.2e-04	0.5386
7738	-108.9974	-108.9974	-76.2828	0.6999	77.7973	0.7143	1.2e-04	0.5357
7739	-108.9801	-108.9801	-76.0145	0.6975	78.0204	0.7164	1.2e-04	0.5358
7740	-108.9962	-108.9962	-75.8540	0.6959	78.2349	0.7181	1.2e-04	0.5359
7741	-108.9928	-108.9928	-76.2089	0.6992	77.8650	0.7149	1.2e-04	0.5366
7742	-108.9851	-108.9851	-75.8402	0.6959	78.2315	0.7181	1.2e-04	0.5361
7743	-108.9738	-108.9738	-76.6336	0.7032	77.4301	0.7109	1.2e-04	0.5375
7744	-108.9933	-108.9933	-75.9879	0.6972	78.0801	0.7168	1.2e-04	0.5373
7745	-109.0229	-109.0230	-75.0858	0.6887	78.9862	0.7250	1.2e-04	0.5374
7746	-108.9964	-108.9965	-74.9785	0.6879	79.0732	0.7258	1.2e-04	0.5362
7747	-109.0079	-109.0079	-75.6509	0.6940	78.4394	0.7200	1.2e-04	0.5360
7748	-108.9994	-108.9996	-74.9499	0.6876	79.0831	0.7260	1.2e-04	0.5363
7749	-108.9871	-108.9871	-75.9708	0.6971	78.0948	0.7170	1.2e-04	0.5370
7750	-108.9714	-108.9714	-76.3756	0.7009	77.6867	0.7133	1.2e-04	0.5382
7751	-108.9786	-108.9786	-75.8034	0.6956	78.2262	0.7183	1.2e-04	0.5379
7752	-108.9994	-108.9994	-75.5367	0.6930	78.5279	0.7209	1.2e-04	0.5374
7753	-108.9863	-108.9863	-76.0680	0.6980	77.9870	0.7160	1.2e-04	0.5387
7754	-108.9791	-108.9791	-76.3127	0.7003	77.7479	0.7137	1.2e-04	0.5373
7755	-108.9803	-108.9803	-76.2201	0.6994	77.8550	0.7147	1.2e-04	0.5376
7756	-108.9923	-108.9923	-75.7730	0.6952	78.2842	0.7187	1.2e-04	0.5383
7757	-109.0056	-109.0056	-76.1646	0.6987	77.9374	0.7154	1.2e-04	0.5370
7758	-108.9960	-108.9960	-77.2318	0.7086	76.8493	0.7055	1.2e-04	0.5376
7759	-109.0062	-109.0062	-77.1105	0.7074	76.9953	0.7068	1.2e-04	0.5375
7760	-108.9847	-108.9847	-76.4441	0.7014	77.6270	0.7127	1.2e-04	0.5381
7761	-109.0010	-109.0010	-76.8348	0.7049	77.2717	0.7092	1.2e-04	0.5380
7762	-109.0000	-109.0000	-77.3927	0.7100	76.6995	0.7042	1.2e-04	0.5370
7763	-108.9813	-108.9813	-76.1260	0.6985	77.9358	0.7156	1.2e-04	0.5380
7764	-108.9873	-108.9873	-76.1806	0.6990	77.8815	0.7149	1.2e-04	0.5373
7765	-108.9996	-108.9996	-76.7102	0.7038	77.3909	0.7104	1.2e-04	0.5381
7766	-109.0006	-109.0006	-76.4591	0.7015	77.6373	0.7127	1.2e-04	0.5373
7767	-108.9972	-108.9972	-76.5455	0.7023	77.5437	0.7119	1.2e-04	0.5388
7768	-108.9869	-108.9869	-77.7679	0.7136	76.2985	0.7006	1.2e-04	0.5380
7769	-108.9846	-108.9846	-77.0427	0.7069	77.0307	0.7072	1.2e-04	0.5373
7770	-108.9871	-108.9871	-77.1894	0.7082	76.8936	0.7060	1.2e-04	0.5375
7771	-108.9899	-108.9899	-77.6930	0.7128	76.3801	0.7012	1.2e-04	0.5373
7772	-108.9956	-108.9956	-76.1807	0.6989	77.8775	0.7152	1.2e-04	0.5365
7773	-108.9732	-108.9732	-76.8374	0.7051	77.2259	0.7090	1.2e-04	0.5369
7774	-109.0087	-109.0087	-77.3344	0.7094	76.7543	0.7046	1.2e-04	0.5355
7775	-108.9854	-108.9854	-77.2562	0.7089	76.8087	0.7051	1.2e-04	0.5362
7776	-108.9797	-108.9797	-77.4022	0.7102	76.6495	0.7037	1.2e-04	0.5370
7777	-108.9930	-108.9930	-76.7091	0.7038	77.3768	0.7103	1.2e-04	0.5377
7778	-108.9917	-108.9917	-77.0468	0.7069	77.0486	0.7073	1.2e-04	0.5447
7779	-108.9930	-108.9930	-76.6490	0.7032	77.4298	0.7109	1.2e-04	0.5380
7780	-108.9795	-108.9795	-77.1777	0.7082	76.8937	0.7060	1.2e-04	0.5366
7781	-109.0057	-109.0057	-76.6450	0.7031	77.4550	0.7110	1.2e-04	0.5354
7782	-108.9801	-108.9801	-76.1528	0.6988	77.9134	0.7153	1.2e-04	0.5358
7783	-108.9826	-108.9826	-77.2986	0.7093	76.7651	0.7048	1.2e-04	0.5365
7784	-108.9967	-108.9967	-77.3141	0.7093	76.7842	0.7049	1.2e-04	0.5379
7785	-108.9927	-108.9927	-77.2454	0.7087	76.8561	0.7055	1.2e-04	0.5384
7786	-109.0048	-109.0048	-77.1113	0.7074	76.9952	0.7068	1.2e-04	0.5380
7787	-108.9799	-108.9799	-77.2816	0.7091	76.8032	0.7051	1.2e-04	0.5377
7788	-108.9826	-108.9826	-76.8652	0.7053	77.1839	0.7085	1.2e-04	0.5360
7789	-108.9836	-108.9836	-76.4440	0.7014	77.6187	0.7126	1.2e-04	0.5365
7790	-108.9917	-108.9917	-76.5680	0.7025	77.4992	0.7115	1.2e-04	0.5366
7791	-108.9761	-108.9762	-75.3036	0.6910	78.7305	0.7228	1.2e-04	0.5369
7792	-108.9682	-108.9682	-76.1947	0.6992	77.8601	0.7148	1.2e-04	0.5362
7793	-108.9891	-108.9891	-76.2761	0.6999	77.7962	0.7142	1.2e-04	0.5366
7794	-108.9862	-108.9862	-76.5276	0.7022	77.5562	0.7119	1.2e-04	0.5365
7795	-109.0022	-109.0022	-76.6027	0.7028	77.4920	0.7114	1.2e-04	0.5373
7796	-108.9913	-108.9913	-76.5848	0.7027	77.4927	0.7114	1.2e-04	0.5367
7797	-108.9876	-108.9876	-75.9791	0.6971	78.0826	0.7168	1.2e-04	0.5367
7798	-108.9891	-108.9891	-76.1807	0.6990	77.9052	0.7151	1.2e-04	0.5365
7799	-108.9826	-108.9826	-77.3009	0.7093	76.7732	0.7048	1.2e-04	0.5367
7800	-108.9960	-108.9960	-76.3895	0.7008	77.6749	0.7131	1.2e-04	0.5368
7801	-108.9859	-108.9859	-77.0369	0.7069	77.0329	0.7072	1.2e-04	0.5363
7802	-108.9940	-108.9940	-77.0936	0.7073	76.9969	0.7069	1.2e-04	0.5372
7803	-108.9874	-108.9874	-77.4921	0.7110	76.5819	0.7030	1.2e-04	0.5367
7804	-108.9883	-108.9883	-76.9292	0.7058	77.1561	0.7082	1.2e-04	0.5358
7805	-108.9909	-108.9909	-76.7536	0.7042	77.3334	0.7099	1.2e-04	0.5363
7806	-108.9832	-108.9832	-76.6615	0.7034	77.4043	0.7106	1.2e-04	0.5361
7807	-108.9943	-108.9943	-76.7681	0.7043	77.3226	0.7098	1.2e-04	0.5374
7808	-108.9858	-108.9858	-77.4693	0.7108	76.6236	0.7034	1.2e-04	0.5377
7809	-108.9922	-108.9922	-75.6907	0.6945	78.3762	0.7195	1.2e-04	0.5375
7810	-109.0020	-109.0020	-76.5315	0.7021	77.5657	0.7120	1.2e-04	0.5369
7811	-108.9958	-108.9958	-76.5519	0.7023	77.5353	0.7117	1.2e-04	0.5364
7812	-109.0066	-109.0066	-76.4319	0.7012	77.6651	0.7129	1.2e-04	0.5359
7813	-108.9819	-108.9819	-77.3399	0.7097	76.7215	0.7045	1.2e-04	0.5369
7814	-108.9925	-108.9925	-76.8925	0.7055	77.1988	0.7087	1.2e-04	0.5361
7815	-108.9991	-108.9991	-77.2534	0.7088	76.8316	0.7053	1.2e-04	0.5372
7816	-108.9959	-108.9959	-76.6209	0.7030	77.4693	0.7111	1.2e-04	0.5389
7817	-108.9973	-108.9973	-76.2644	0.6997	77.8215	0.7144	1.2e-04	0.5356
7818	-108.9905	-108.9905	-77.1087	0.7075	76.9714	0.7067	1.2e-04	0.5351
7819	-108.9745	-108.9745	-77.2037	0.7085	76.8563	0.7056	1.2e-04	0.5367
7820	-108.9863	-108.9863	-76.6014	0.7029	77.4782	0.7113	1.2e-04	0.5362
7821	-108.9966	-108.9966	-77.3397	0.7096	76.7365	0.7044	1.2e-04	0.5363
7822	-108.9810	-108.9810	-76.6318	0.7032	77.4519	0.7110	1.2e-04	0.5363
7823	-109.0029	-109.0029	-76.5791	0.7025	77.5275	0.7116	1.2e-04	0.5370
7824	-109.0056	-109.0056	-76.3364	0.7003	77.7506	0.7137	1.2e-04	0.5376
7825	-109.0061	-109.0061	-76.8950	0.7054	77.2220	0.7088	1.2e-04	0.5363
7826	-108.9723	-108.9723	-76.9637	0.7063	77.1012	0.7079	1.2e-04	0.5360
7827	-108.9781	-108.9781	-76.4753	0.7017	77.6059	0.7124	1.2e-04	0.5374
7828	-108.9934	-108.9934	-76.4903	0.7018	77.5718	0.7121	1.2e-04	0.5360
7829	-108.9898	-108.9898	-76.4027	0.7010	77.6876	0.7132	1.2e-04	0.5365
7830	-109.0026	-109.0026	-76.2029	0.6991	77.8830	0.7150	1.2e-04	0.5371
7831	-108.9719	-108.9719	-76.0812	0.6982	77.9827	0.7159	1.2e-04	0.5373
7832	-108.9677	-108.9677	-77.0207	0.7068	77.0338	0.7073	1.2e-04	0.5374
7833	-108.9779	-108.9779	-77.3642	0.7099	76.7210	0.7043	1.2e-04	0.5375
7834	-108.9927	-108.9927	-76.5078	0.7020	77.5798	0.7122	1.2e-04	0.5376
7835	-108.9931	-108.9931	-76.0030	0.6973	78.0807	0.7167	1.2e-04	0.5385
7836	-108.9944	-108.9944	-76.5378	0.7022	77.5570	0.7120	1.2e-04	0.5364
7837	-108.9888	-108.9888	-77.1562	0.7079	76.9269	0.7063	1.2e-04	0.5376
7838	-108.9995	-108.9995	-77.3194	0.7094	76.7707	0.7048	1.2e-04	0.5381
7839	-108.9955	-108.9955	-76.8811	0.7054	77.1976	0.7087	1.2e-04	0.5377
7840	-108.9880	-108.9880	-76.2452	0.6996	77.8310	0.7146	1.2e-04	0.5375
7841	-108.9677	-108.9677	-76.9351	0.7060	77.1330	0.7082	1.2e-04	0.5373
7842	-108.9976	-108.9976	-77.0063	0.7065	77.0846	0.7076	1.2e-04	0.5365
7843	-108.9852	-108.9852	-76.6335	0.7032	77.4616	0.7110	1.2e-04	0.5360
7844	-108.9780	-108.9780	-77.3760	0.7100	76.6810	0.7041	1.2e-04	0.5374
7845	-108.9831	-108.9831	-77.1756	0.7081	76.8930	0.7060	1.2e-04	0.5375
7846	-108.9885	-108.9885	-76.0587	0.6979	77.9325	0.7155	1.2e-04	0.5363
7847	-108.9969	-108.9969	-76.1658	0.6988	77.9184	0.7153	1.2e-04	0.5356
7848	-108.9884	-108.9885	-75.9079	0.6965	78.1764	0.7176	1.2e-04	0.5354
7849	-108.9757	-108.9757	-77.1593	0.7080	76.8993	0.7060	1.2e-04	0.5369
7850	-109.0079	-109.0079	-77.6187	0.7120	76.4882	0.7021	1.2e-04	0.5364
7851	-109.0000	-109.0000	-77.5216	0.7112	76.5730	0.7030	1.2e-04	0.5369
7852	-109.0012	-109.0012	-76.2525	0.6996	77.8084	0.7142	1.2e-04	0.5355
7853	-108.9875	-108.9875	-76.2901	0.7000	77.7909	0.7142	1.2e-04	0.5365
7854	-108.9687	-108.9687	-76.7846	0.7046	77.2654	0.7094	1.2e-04	0.5378
7855	-108.9888	-108.9888	-76.6688	0.7035	77.4181	0.7107	1.2e-04	0.5356
7856	-108.9970	-108.9970	-76.4560	0.7015	77.6263	0.7127	1.2e-04	0.5368
7857	-108.9911	-108.9911	-76.9400	0.7059	77.1468	0.7082	1.2e-04	0.5376
7858	-108.9976	-108.9976	-77.0734	0.7071	77.0183	0.7071	1.2e-04	0.5360
7859	-108.9829	-108.9829	-76.2506	0.6997	77.8251	0.7145	1.2e-04	0.5372
7860	-108.9747	-108.9747	-77.2490	0.7089	76.8268	0.7053	1.2e-04	0.5372
7861	-108.9798	-108.9798	-75.9395	0.6968	78.1238	0.7172	1.2e-04	0.5360
7862	-108.9878	-108.9878	-76.5867	0.7027	77.4875	0.7114	1.2e-04	0.5361
7863	-109.0035	-109.0035	-75.8809	0.6961	78.2011	0.7178	1.2e-04	0.5363
7864	-108.9975	-108.9975	-77.1463	0.7078	76.9442	0.7064	1.2e-04	0.5361
7865	-108.9909	-108.9909	-77.2796	0.7090	76.8084	0.7052	1.2e-04	0.5371
7866	-108.9853	-108.9853	-77.0605	0.7071	77.0281	0.7071	1.2e-04	0.5380
7867	-108.9971	-108.9971	-75.7336	0.6948	78.3247	0.7190	1.2e-04	0.5368
7868	-109.0027	-109.0028	-75.7128	0.6946	78.3612	0.7194	1.2e-04	0.5369
7869	-108.9862	-108.9862	-76.7144	0.7039	77.3655	0.7102	1.2e-04	0.5366
7870	-108.9751	-108.9751	-75.6382	0.6941	78.4057	0.7199	1.2e-04	0.5362
7871	-108.9819	-108.9819	-76.3843	0.7009	77.6971	0.7133	1.2e-04	0.5359
7872	-108.9877	-108.9877	-76.1979	0.6991	77.8843	0.7150	1.2e-04	0.5358
7873	-108.9886	-108.9886	-75.7208	0.6948	78.3487	0.7192	1.2e-04	0.5368
7874	-108.9964	-108.9964	-76.7053	0.7037	77.3964	0.7104	1.2e-04	0.5363
7875	-108.9907	-108.9907	-76.9566	0.7061	77.1069	0.7079	1.2e-04	0.5376
7876	-108.9936	-108.9936	-76.3950	0.7009	77.6845	0.7132	1.2e-04	0.5365
7877	-108.9990	-108.9990	-76.6605	0.7033	77.4408	0.7109	1.2e-04	0.5367
7878	-108.9912	-108.9912	-77.1286	0.7077	76.9660	0.7066	1.2e-04	0.5371
7879	-108.9711	-108.9711	-75.9655	0.6971	78.0887	0.7170	1.2e-04	0.5387
7880	-108.9874	-108.9874	-77.1378	0.7078	76.9495	0.7064	1.2e-04	0.5376
7881	-108.9963	-108.9963	-76.9686	0.7062	77.1082	0.7079	1.2e-04	0.5367
7882	-108.9901	-108.9901	-77.2091	0.7084	76.8633	0.7056	1.2e-04	0.5363
7883	-108.9887	-108.9887	-76.1563	0.6988	77.9297	0.7154	1.2e-04	0.5369
7884	-109.0003	-109.0003	-77.4171	0.7102	76.6723	0.7039	1.2e-04	0.5368
7885	-108.9957	-108.9957	-76.4791	0.7017	77.6193	0.7125	1.2e-04	0.5375
7886	-108.9796	-108.9796	-77.1025	0.7075	76.9726	0.7067	1.2e-04	0.5379
7887	-108.9847	-108.9847	-77.9561	0.7153	76.1178	0.6988	1.2e-04	0.5382
7888	-108.9945	-108.9945	-76.7833	0.7045	77.3088	0.7097	1.2e-04	0.5379
7889	-108.9842	-108.9842	-76.4783	0.7017	77.5964	0.7124	1.2e-04	0.5378
7890	-108.9995	-108.9995	-77.1063	0.7074	76.9958	0.7068	1.2e-04	0.5367
7891	-108.9906	-108.9906	-76.6226	0.7030	77.4648	0.7112	1.2e-04	0.5367
7892	-109.0004	-109.0004	-77.3329	0.7095	76.7618	0.7047	1.2e-04	0.5371
7893	-108.9797	-108.9797	-76.9399	0.7060	77.1300	0.7082	1.2e-04	0.5365
7894	-108.9846	-108.9846	-76.5774	0.7026	77.5021	0.7115	1.2e-04	0.5363
7895	-109.0040	-109.0040	-76.4004	0.7009	77.7034	0.7133	1.2e-04	0.5367
7896	-109.0024	-109.0024	-76.3948	0.7009	77.6916	0.7133	1.2e-04	0.5368
7897	-108.9889	-108.9889	-76.8998	0.7056	77.1880	0.7086	1.2e-04	0.5374
7898	-108.9905	-108.9905	-75.9314	0.6967	78.1375	0.7174	1.2e-04	0.5374
7899	-108.9843	-108.9843	-76.6619	0.7034	77.3760	0.7104	1.2e-04	0.5375
7900	-108.9875	-108.9875	-77.0369	0.7068	77.0526	0.7073	1.2e-04	0.5369
7901	-108.9922	-108.9922	-77.2547	0.7088	76.8252	0.7053	1.2e-04	0.5354
7902	-109.0041	-109.0041	-76.9103	0.7056	77.1765	0.7084	1.2e-04	0.5357
7903	-108.9900	-108.9900	-76.6851	0.7036	77.3805	0.7103	1.2e-04	0.5358
7904	-108.9904	-108.9904	-77.6710	0.7126	76.4104	0.7015	1.2e-04	0.5372
7905	-108.9767	-108.9767	-77.0081	0.7066	77.0590	0.7075	1.2e-04	0.5382
7906	-108.9835	-108.9835	-76.4892	0.7018	77.5852	0.7123	1.2e-04	0.5367
7907	-108.9942	-108.9942	-76.6440	0.7032	77.4529	0.7110	1.2e-04	0.5369
7908	-109.0033	-109.0033	-77.7957	0.7137	76.3086	0.7004	1.2e-04	0.5359
7909	-108.9782	-108.9782	-76.8381	0.7051	77.2299	0.7090	1.2e-04	0.5363
7910	-109.0039	-109.0039	-77.2491	0.7087	76.8367	0.7053	1.2e-04	0.5361
7911	-108.9916	-108.9916	-77.3894	0.7100	76.6940	0.7041	1.2e-04	0.5367
7912	-108.9914	-108.9914	-77.6376	0.7123	76.4327	0.7017	1.2e-04	0.5358
7913	-108.9939	-108.9939	-77.2834	0.7091	76.8009	0.7051	1.2e-04	0.5368
7914	-108.9850	-108.9850	-76.9308	0.7059	77.1513	0.7083	1.2e-04	0.5370
7915	-108.9891	-108.9891	-76.6313	0.7031	77.4452	0.7109	1.2e-04	0.5371
7916	-108.9843	-108.9843	-76.8784	0.7054	77.2111	0.7088	1.2e-04	0.5373
7917	-108.9938	-108.9938	-77.4239	0.7104	76.6505	0.7037	1.2e-04	0.5379
7918	-108.9839	-108.9839	-77.3886	0.7101	76.6992	0.7041	1.2e-04	0.5374
7919	-108.9810	-108.9810	-77.1918	0.7083	76.8802	0.7058	1.2e-04	0.5368
7920	-108.9884	-108.9884	-78.1704	0.7172	75.8926	0.6967	1.2e-04	0.5377
7921	-108.9945	-108.9945	-77.3543	0.7097	76.7349	0.7045	1.2e-04	0.5382
7922	-108.9882	-108.9882	-77.8306	0.7141	76.2499	0.7000	1.2e-04	0.5369
7923	-108.9948	-108.9948	-77.1807	0.7081	76.9081	0.7060	1.2e-04	0.5372
7924	-109.0089	-109.0089	-77.2041	0.7082	76.8831	0.7058	1.2e-04	0.5365
7925	-108.9879	-108.9879	-77.2365	0.7087	76.8601	0.7055	1.2e-04	0.5370
7926	-108.9924	-108.9924	-77.2742	0.7090	76.7845	0.7048	1.2e-04	0.5372
7927	-108.9822	-108.9822	-76.9104	0.7057	77.1562	0.7084	1.2e-04	0.5374
7928	-108.9814	-108.9814	-77.2005	0.7084	76.8575	0.7056	1.2e-04	0.5368
7929	-108.9949	-108.9949	-76.6260	0.7030	77.4795	0.7112	1.2e-04	0.5382
7930	-108.9964	-108.9964	-77.5219	0.7112	76.5634	0.7028	1.2e-04	0.5378
7931	-108.9762	-108.9762	-77.8151	0.7141	76.2509	0.7001	1.2e-04	0.5379
7932	-109.0022	-109.0022	-76.5312	0.7021	77.5664	0.7121	1.2e-04	0.5372
7933	-109.0008	-109.0008	-77.5474	0.7114	76.5487	0.7027	1.2e-04	0.5371
7934	-108.9726	-108.9726	-77.7835	0.7138	76.2753	0.7003	1.2e-04	0.5359
7935	-108.9777	-108.9777	-77.6191	0.7122	76.4483	0.7019	1.2e-04	0.5359
7936	-109.0068	-109.0068	-76.9778	0.7062	77.1173	0.7079	1.2e-04	0.5363
7937	-108.9845	-108.9845	-77.7933	0.7138	76.2508	0.7000	1.2e-04	0.5362
7938	-108.9844	-108.9844	-77.4636	0.7108	76.6139	0.7034	1.2e-04	0.5368
7939	-108.9942	-108.9942	-77.5896	0.7119	76.4831	0.7021	1.2e-04	0.5385
7940	-108.9772	-108.9772	-77.5229	0.7114	76.5479	0.7028	1.2e-04	0.5362
7941	-109.0012	-109.0012	-77.1781	0.7080	76.8877	0.7058	1.2e-04	0.5363
7942	-108.9997	-108.9997	-77.9568	0.7152	76.1319	0.6989	1.2e-04	0.5360
7943	-108.9942	-108.9942	-76.6289	0.7031	77.4680	0.7111	1.2e-04	0.5353
7944	-108.9875	-108.9875	-77.7675	0.7135	76.3041	0.7005	1.2e-04	0.5359
7945	-108.9864	-108.9864	-76.7828	0.7045	77.2978	0.7097	1.2e-04	0.5388
7946	-108.9926	-108.9926	-77.0818	0.7072	76.9921	0.7069	1.2e-04	0.5380
7947	-108.9987	-108.9987	-77.3347	0.7095	76.7699	0.7047	1.2e-04	0.5362
7948	-108.9948	-108.9948	-77.6222	0.7122	76.4415	0.7018	1.2e-04	0.5365
7949	-108.9850	-108.9850	-77.0727	0.7072	77.0098	0.7070	1.2e-04	0.5362
7950	-108.9846	-108.9846	-77.2442	0.7088	76.8294	0.7053	1.2e-04	0.5360
7951	-108.9898	-108.9898	-76.9160	0.7057	77.1379	0.7081	1.2e-04	0.5360
7952	-108.9759	-108.9759	-77.4283	0.7105	76.6338	0.7037	1.2e-04	0.5362
7953	-108.9915	-108.9915	-76.9766	0.7063	77.1138	0.7079	1.2e-04	0.5371
7954	-108.9815	-108.9815	-77.0623	0.7071	77.0088	0.7070	1.2e-04	0.5365
7955	-108.9855	-108.9855	-76.7053	0.7038	77.3587	0.7101	1.2e-04	0.5365
7956	-108.9848	-108.9848	-77.1139	0.7076	76.9218	0.7062	1.2e-04	0.5362
7957	-108.9934	-108.9934	-76.5900	0.7027	77.4836	0.7113	1.2e-04	0.5363
7958	-108.9908	-108.9908	-76.8877	0.7055	77.1984	0.7087	1.2e-04	0.5365
7959	-108.9855	-108.9855	-76.5552	0.7024	77.5243	0.7117	1.2e-04	0.5369
7960	-108.9761	-108.9761	-77.7819	0.7138	76.2800	0.7004	1.2e-04	0.5367
7961	-108.9758	-108.9758	-76.7126	0.7039	77.3675	0.7103	1.2e-04	0.5357
7962	-108.9918	-108.9918	-75.8861	0.6963	78.1974	0.7178	1.2e-04	0.5363
7963	-108.9888	-108.9888	-76.7962	0.7046	77.2927	0.7096	1.2e-04	0.5450
7964	-108.9910	-108.9910	-76.4043	0.7010	77.6811	0.7131	1.2e-04	0.5369
7965	-108.9880	-108.9880	-76.6151	0.7030	77.4594	0.7111	1.2e-04	0.5369
7966	-108.9976	-108.9976	-76.6263	0.7030	77.4641	0.7112	1.2e-04	0.5371
7967	-108.9889	-108.9889	-77.5714	0.7117	76.5097	0.7024	1.2e-04	0.5363
7968	-108.9904	-108.9904	-76.1223	0.6984	77.9565	0.7157	1.2e-04	0.5358
7969	-108.9700	-108.9700	-76.2337	0.6996	77.8229	0.7145	1.2e-04	0.5368
7970	-108.9857	-108.9857	-77.2238	0.7086	76.8441	0.7055	1.2e-04	0.5369
7971	-108.9744	-108.9744	-76.2133	0.6994	77.8455	0.7147	1.2e-04	0.5376
7972	-108.9807	-108.9807	-77.2000	0.7084	76.8768	0.7058	1.2e-04	0.5368
7973	-108.9930	-108.9930	-76.0409	0.6977	78.0399	0.7164	1.2e-04	0.5369
7974	-108.9943	-108.9943	-76.1408	0.6986	77.9039	0.7151	1.2e-04	0.5359
7975	-109.0049	-109.0049	-75.9373	0.6966	78.1495	0.7174	1.2e-04	0.5369
7976	-108.9785	-108.9785	-77.3094	0.7094	76.7604	0.7048	1.2e-04	0.5374
7977	-108.9971	-108.9971	-76.2949	0.7000	77.7888	0.7141	1.2e-04	0.5371
7978	-108.9916	-108.9916	-76.2396	0.6995	77.8324	0.7146	1.2e-04	0.5378
7979	-108.9977	-108.9977	-76.9983	0.7064	77.0980	0.7078	1.2e-04	0.5375
7980	-108.9987	-108.9987	-76.4821	0.7017	77.6216	0.7125	1.2e-04	0.5364
7981	-108.9770	-108.9770	-76.6854	0.7037	77.3725	0.7104	1.2e-04	0.5362
7982	-108.9863	-108.9863	-77.4130	0.7103	76.6684	0.7039	1.2e-04	0.5358
7983	-108.9905	-108.9905	-76.7872	0.7045	77.3079	0.7096	1.2e-04	0.5373
7984	-108.9842	-108.9842	-76.8764	0.7054	77.1834	0.7087	1.2e-04	0.5374
7985	-108.9801	-108.9801	-77.2300	0.7087	76.8352	0.7054	1.2e-04	0.5384
7986	-108.9796	-108.9796	-76.2871	0.7000	77.7819	0.7141	1.2e-04	0.5360
7987	-108.9930	-108.9930	-76.5063	0.7019	77.5830	0.7122	1.2e-04	0.5367
7988	-108.9783	-108.9783	-76.3832	0.7009	77.6926	0.7132	1.2e-04	0.5375
7989	-108.9798	-108.9798	-75.8737	0.6962	78.1863	0.7178	1.2e-04	0.5377
7990	-108.9914	-108.9914	-77.5452	0.7115	76.5326	0.7026	1.2e-04	0.5381
7991	-108.9964	-108.9964	-76.6136	0.7029	77.4738	0.7113	1.2e-04	0.5376
7992	-108.9968	-108.9968	-76.7371	0.7040	77.3117	0.7098	1.2e-04	0.5369
7993	-108.9820	-108.9820	-76.4233	0.7012	77.6480	0.7129	1.2e-04	0.5377
7994	-108.9847	-108.9847	-76.4105	0.7011	77.6617	0.7131	1.2e-04	0.5375
7995	-108.9729	-108.9729	-76.6705	0.7036	77.4057	0.7106	1.2e-04	0.5378
7996	-108.9828	-108.9829	-75.4073	0.6919	78.6454	0.7220	1.2e-04	0.5368
7997	-108.9855	-108.9856	-75.3871	0.6917	78.6601	0.7222	1.2e-04	0.5364
7998	-108.9885	-108.9885	-76.2138	0.6993	77.8684	0.7148	1.2e-04	0.5362
7999	-108.9947	-108.9947	-77.1935	0.7082	76.8934	0.7059	1.2e-04	0.5377
8000	-108.9904	-108.9904	-76.2593	0.6997	77.7857	0.7141	1.2e-04	0.5380
8001	-108.9957	-108.9957	-76.1513	0.6987	77.9109	0.7153	1.2e-04	0.5357
8002	-108.9963	-108.9963	-75.6579	0.6941	78.3995	0.7197	1.2e-04	0.5376
8003	-109.0125	-109.0128	-74.5954	0.6843	79.4461	0.7291	1.2e-04	0.5384
8004	-108.9789	-108.9789	-76.0804	0.6981	77.9819	0.7160	1.2e-04	0.5356
8005	-108.9827	-108.9827	-77.2726	0.7090	76.8122	0.7052	1.2e-04	0.5362
8006	-108.9894	-108.9894	-77.2505	0.7088	76.8395	0.7054	1.2e-04	0.5358
8007	-108.9923	-108.9924	-75.9111	0.6965	78.1573	0.7174	1.2e-04	0.5373
8008	-108.9791	-108.9791	-76.3816	0.7009	77.6951	0.7133	1.2e-04	0.5364
8009	-108.9932	-108.9932	-76.1608	0.6988	77.9225	0.7153	1.2e-04	0.5363
8010	-108.9889	-108.9889	-77.0408	0.7069	77.0521	0.7073	1.2e-04	0.5366
8011	-108.9973	-108.9973	-76.6417	0.7032	77.4569	0.7110	1.2e-04	0.5375
8012	-108.9918	-108.9918	-76.0247	0.6975	78.0371	0.7164	1.2e-04	0.5359
8013	-108.9977	-108.9978	-75.3805	0.6916	78.6854	0.7223	1.2e-04	0.5371
8014	-108.9884	-108.9884	-76.5806	0.7026	77.5132	0.7115	1.2e-04	0.5358
8015	-108.9856	-108.9856	-76.0663	0.6979	77.9819	0.7159	1.2e-04	0.5365
8016	-108.9927	-108.9927	-77.3005	0.7092	76.7973	0.7050	1.2e-04	0.5367
8017	-108.9741	-108.9741	-77.0805	0.7073	76.9792	0.7067	1.2e-04	0.5386
8018	-108.9971	-108.9971	-77.5256	0.7113	76.5680	0.7029	1.2e-04	0.5374
8019	-108.9960	-108.9960	-77.3165	0.7094	76.7833	0.7049	1.2e-04	0.5358
8020	-108.9942	-108.9942	-76.9660	0.7061	77.1110	0.7080	1.2e-04	0.5359
8021	-108.9927	-108.9927	-76.9728	0.7062	77.1038	0.7079	1.2e-04	0.5373
8022	-108.9646	-108.9646	-77.5326	0.7115	76.5105	0.7026	1.2e-04	0.5372
8023	-108.9740	-108.9740	-76.5584	0.7025	77.4973	0.7115	1.2e-04	0.5376
8024	-108.9784	-108.9784	-77.5907	0.7120	76.4647	0.7021	1.2e-04	0.5367
8025	-108.9796	-108.9796	-77.2874	0.7092	76.7917	0.7050	1.2e-04	0.5362
8026	-108.9849	-108.9849	-76.4461	0.7014	77.6413	0.7127	1.2e-04	0.5355
8027	-108.9937	-108.9937	-76.2459	0.6995	77.8346	0.7146	1.2e-04	0.5356
8028	-109.0030	-109.0030	-76.2004	0.6991	77.8857	0.7150	1.2e-04	0.5361
8029	-108.9823	-108.9823	-76.8467	0.7051	77.2353	0.7091	1.2e-04	0.5362
8030	-108.9889	-108.9889	-77.6012	0.7120	76.4286	0.7017	1.2e-04	0.5363
8031	-108.9786	-108.9786	-76.7532	0.7043	77.3242	0.7099	1.2e-04	0.5363
8032	-108.9774	-108.9774	-77.1266	0.7077	76.9434	0.7064	1.2e-04	0.5360
8033	-108.9764	-108.9764	-76.1959	0.6992	77.8664	0.7149	1.2e-04	0.5361
8034	-108.9836	-108.9836	-76.5129	0.7021	77.5647	0.7121	1.2e-04	0.5361
8035	-108.9945	-108.9945	-76.2942	0.7000	77.7686	0.7139	1.2e-04	0.5367
8036	-109.0010	-109.0010	-76.8474	0.7050	77.2349	0.7091	1.2e-04	0.5363
8037	-108.9933	-108.9933	-75.8588	0.6960	78.1800	0.7177	1.2e-04	0.5373
8038	-108.9809	-108.9809	-76.6005	0.7029	77.4808	0.7113	1.2e-04	0.5367
8039	-108.9858	-108.9858	-76.6703	0.7035	77.4080	0.7107	1.2e-04	0.5366
8040	-108.9833	-108.9833	-76.4819	0.7018	77.6061	0.7124	1.2e-04	0.5366
8041	-108.9910	-108.9910	-76.5910	0.7027	77.4883	0.7114	1.2e-04	0.5375
8042	-109.0001	-109.0001	-77.2823	0.7090	76.8168	0.7052	1.2e-04	0.5376
8043	-108.9895	-108.9895	-76.3671	0.7007	77.7137	0.7134	1.1e-04	0.5376
8044	-108.9897	-108.9897	-77.4199	0.7103	76.6660	0.7039	1.1e-04	0.5372
8045	-109.0089	-109.0089	-77.1567	0.7078	76.9489	0.7064	1.1e-04	0.7067
8046	-108.9843	-108.9843	-76.4606	0.7016	77.5577	0.7120	1.1e-04	0.5376
8047	-108.9850	-108.9850	-77.0482	0.7070	77.0278	0.7072	1.1e-04	0.5377
8048	-108.9862	-108.9862	-76.8788	0.7054	77.1808	0.7086	1.1e-04	0.5377
8049	-108.9934	-108.9934	-76.0171	0.6974	78.0611	0.7166	1.1e-04	0.5376
8050	-108.9842	-108.9843	-75.5466	0.6932	78.5072	0.7207	1.1e-04	0.5370
8051	-108.9853	-108.9853	-76.0002	0.6973	78.0664	0.7167	1.1e-04	0.5364
8052	-108.9826	-108.9826	-76.9089	0.7057	77.1606	0.7084	1.1e-04	0.5354
8053	-108.9889	-108.9889	-75.6990	0.6946	78.3626	0.7194	1.1e-04	0.5365
8054	-108.9981	-108.9981	-76.8526	0.7051	77.2003	0.7087	1.1e-04	0.5363
8055	-109.0009	-109.0009	-76.1292	0.6984	77.9594	0.7155	1.1e-04	0.5374
8056	-108.9781	-108.9781	-77.6219	0.7123	76.4345	0.7018	1.1e-04	0.5379
8057	-108.9884	-108.9884	-75.7193	0.6947	78.3436	0.7192	1.1e-04	0.5376
8058	-109.0023	-109.0023	-76.8687	0.7052	77.2230	0.7089	1.1e-04	0.5359
8059	-108.9918	-108.9918	-76.2507	0.6996	77.7994	0.7143	1.1e-04	0.5371
8060	-108.9904	-108.9904	-76.6679	0.7034	77.3990	0.7106	1.1e-04	0.5366
8061	-108.9862	-108.9862	-76.1185	0.6984	77.9567	0.7157	1.1e-04	0.5368
8062	-108.9810	-108.9810	-77.6294	0.7123	76.4218	0.7016	1.1e-04	0.5365
8063	-108.9890	-108.9890	-76.2112	0.6993	77.8555	0.7146	1.1e-04	0.5378
8064	-108.9934	-108.9934	-76.0441	0.6977	78.0444	0.7164	1.1e-04	0.5379
8065	-108.9982	-108.9982	-77.7334	0.7132	76.3539	0.7010	1.1e-04	0.5377
8066	-108.9975	-108.9975	-77.0923	0.7073	77.0010	0.7069	1.1e-04	0.5371
8067	-108.9911	-108.9911	-77.4319	0.7104	76.6315	0.7035	1.1e-04	0.5372
8068	-108.9950	-108.9950	-76.1512	0.6987	77.9240	0.7154	1.1e-04	0.5371
8069	-108.9876	-108.9876	-77.0330	0.7068	77.0519	0.7074	1.1e-04	0.5359
8070	-108.9764	-108.9764	-77.5403	0.7115	76.5366	0.7027	1.1e-04	0.5357
8071	-108.9921	-108.9921	-76.5446	0.7023	77.4863	0.7114	1.1e-04	0.5366
8072	-108.9850	-108.9850	-77.4415	0.7106	76.6308	0.7035	1.1e-04	0.5358
8073	-108.9920	-108.9920	-76.9308	0.7058	77.1314	0.7082	1.1e-04	0.5369
8074	-108.9747	-108.9747	-78.3126	0.7186	75.7415	0.6954	1.1e-04	0.5375
8075	-109.0025	-109.0025	-76.7697	0.7043	77.3302	0.7099	1.1e-04	0.5359
8076	-108.9879	-108.9879	-76.9439	0.7060	77.1280	0.7082	1.1e-04	0.5355
8077	-108.9891	-108.9891	-76.8196	0.7048	77.2437	0.7092	1.1e-04	0.5365
8078	-108.9823	-108.9823	-76.4725	0.7017	77.5958	0.7125	1.1e-04	0.5366
8079	-108.9942	-108.9942	-76.7293	0.7040	77.3622	0.7102	1.1e-04	0.5368
8080	-109.0106	-109.0106	-76.7779	0.7043	77.3336	0.7098	1.1e-04	0.5364
8081	-108.9813	-108.9813	-77.3249	0.7095	76.7327	0.7046	1.1e-04	0.5359
8082	-108.9844	-108.9844	-76.7359	0.7041	77.3454	0.7101	1.1e-04	0.5357
8083	-108.9750	-108.9750	-76.7343	0.7041	77.3409	0.7101	1.1e-04	0.5379
8084	-108.9845	-108.9845	-76.8767	0.7054	77.1974	0.7088	1.1e-04	0.5356
8085	-108.9961	-108.9961	-77.5099	0.7111	76.5792	0.7030	1.1e-04	0.5376
8086	-108.9863	-108.9863	-76.6559	0.7034	77.4343	0.7108	1.1e-04	0.5361
8087	-108.9957	-108.9957	-76.6243	0.7030	77.4589	0.7112	1.1e-04	0.5380
8088	-108.9989	-108.9989	-77.0837	0.7072	76.9240	0.7061	1.1e-04	0.5362
8089	-108.9825	-108.9825	-76.7577	0.7043	77.3160	0.7099	1.1e-04	0.5365
8090	-108.9929	-108.9929	-77.7882	0.7137	76.2898	0.7005	1.1e-04	0.5358
8091	-108.9961	-108.9961	-76.3137	0.7002	77.7695	0.7139	1.1e-04	0.5373
8092	-109.0031	-109.0031	-76.7157	0.7038	77.3622	0.7102	1.1e-04	0.5370
8093	-109.0042	-109.0042	-77.0503	0.7069	77.0597	0.7073	1.1e-04	0.5389
8094	-108.9997	-108.9997	-77.0332	0.7067	77.0211	0.7071	1.1e-04	0.5385
8095	-108.9949	-108.9949	-77.2366	0.7086	76.8529	0.7056	1.1e-04	0.5375
8096	-108.9994	-108.9994	-77.0562	0.7069	77.0409	0.7072	1.1e-04	0.5362
8097	-108.9592	-108.9592	-78.0616	0.7164	75.9688	0.6976	1.1e-04	0.5368
8098	-108.9781	-108.9781	-77.1531	0.7080	76.9214	0.7062	1.1e-04	0.5359
8099	-108.9951	-108.9951	-77.9474	0.7151	76.1351	0.6990	1.1e-04	0.5365
8100	-108.9924	-108.9924	-77.1956	0.7083	76.8877	0.7059	1.1e-04	0.5374
8101	-108.9688	-108.9688	-76.2952	0.7002	77.7566	0.7139	1.1e-04	0.5361
8102	-109.0031	-109.0031	-76.9343	0.7058	77.1564	0.7084	1.1e-04	0.5367
8103	-108.9969	-108.9969	-76.4605	0.7015	77.6266	0.7127	1.1e-04	0.5365
8104	-108.9736	-108.9736	-76.6793	0.7036	77.3802	0.7105	1.1e-04	0.5369
8105	-108.9866	-108.9866	-76.2412	0.6995	77.8352	0.7146	1.1e-04	0.5378
8106	-108.9914	-108.9914	-76.3713	0.7007	77.7160	0.7134	1.1e-04	0.5364
8107	-108.9885	-108.9885	-75.9569	0.6969	78.1242	0.7171	1.1e-04	0.5373
8108	-108.9927	-108.9927	-77.0556	0.7070	77.0354	0.7072	1.1e-04	0.5378
8109	-109.0072	-109.0072	-76.4219	0.7011	77.6512	0.7129	1.1e-04	0.5371
8110	-108.9913	-108.9913	-76.6946	0.7037	77.3814	0.7104	1.1e-04	0.5376
8111	-108.9850	-108.9850	-76.5843	0.7027	77.4900	0.7115	1.1e-04	0.5378
8112	-108.9984	-108.9984	-76.9367	0.7059	77.1527	0.7083	1.1e-04	0.5370
8113	-108.9848	-108.9848	-76.9130	0.7057	77.1694	0.7085	1.1e-04	0.5383
8114	-109.0111	-109.0111	-75.9418	0.6966	78.1369	0.7173	1.1e-04	0.5370
8115	-108.9825	-108.9825	-76.6258	0.7031	77.4243	0.7107	1.1e-04	0.5374
8116	-108.9924	-108.9924	-76.3318	0.7003	77.7657	0.7138	1.1e-04	0.5369
8117	-109.0144	-109.0144	-76.0910	0.6980	77.9991	0.7161	1.1e-04	0.5372
8118	-108.9761	-108.9761	-77.1673	0.7081	76.9052	0.7061	1.1e-04	0.5365
8119	-108.9838	-108.9838	-76.6697	0.7035	77.3952	0.7106	1.1e-04	0.5380
8120	-108.9788	-108.9788	-76.1909	0.6991	77.8711	0.7149	1.1e-04	0.5366
8121	-108.9936	-108.9936	-76.6621	0.7034	77.4244	0.7108	1.1e-04	0.5374
8122	-108.9862	-108.9863	-75.4239	0.6920	78.5971	0.7216	1.1e-04	0.5372
8123	-109.0109	-109.0109	-77.1029	0.7073	77.0049	0.7069	1.1e-04	0.5374
8124	-108.9906	-108.9906	-76.9205	0.7058	77.1660	0.7085	1.1e-04	0.5368
8125	-108.9760	-108.9760	-76.7820	0.7046	77.2924	0.7096	1.1e-04	0.5361
8126	-108.9950	-108.9950	-77.1386	0.7077	76.9583	0.7065	1.1e-04	0.5359
8127	-108.9937	-108.9937	-76.1697	0.6988	77.8779	0.7150	1.1e-04	0.5363
8128	-108.9849	-108.9849	-76.3675	0.7007	77.7133	0.7134	1.1e-04	0.5370
8129	-108.9852	-108.9852	-76.5485	0.7024	77.5205	0.7118	1.1e-04	0.5370
8130	-109.0111	-109.0111	-76.9950	0.7063	77.1221	0.7079	1.1e-04	0.5366
8131	-108.9794	-108.9794	-76.4598	0.7016	77.5848	0.7123	1.1e-04	0.5375
8132	-108.9820	-108.9820	-76.2973	0.7001	77.7667	0.7140	1.1e-04	0.5358
8133	-108.9954	-108.9954	-77.1839	0.7081	76.9117	0.7060	1.1e-04	0.5374
8134	-108.9878	-108.9878	-77.2513	0.7088	76.8354	0.7053	1.1e-04	0.5364
8135	-108.9811	-108.9811	-77.5406	0.7115	76.5320	0.7027	1.1e-04	0.5355
8136	-108.9809	-108.9809	-77.2021	0.7084	76.8679	0.7058	1.1e-04	0.5350
8137	-108.9812	-108.9812	-77.7505	0.7134	76.3163	0.7007	1.1e-04	0.5380
8138	-108.9849	-108.9849	-77.8798	0.7146	76.1903	0.6995	1.1e-04	0.5386
8139	-109.0037	-109.0037	-77.7438	0.7132	76.3216	0.7007	1.1e-04	0.5366
8140	-109.0005	-109.0005	-77.8627	0.7143	76.2276	0.6998	1.1e-04	0.5356
8141	-109.0055	-109.0055	-77.6954	0.7128	76.3989	0.7013	1.1e-04	0.5361
8142	-109.0083	-109.0083	-77.2053	0.7083	76.8962	0.7059	1.1e-04	0.5360
8143	-108.9825	-108.9825	-78.3024	0.7185	75.7527	0.6955	1.1e-04	0.5377
8144	-108.9883	-108.9883	-76.8507	0.7051	77.2112	0.7089	1.1e-04	0.5368
8145	-108.9696	-108.9696	-77.7835	0.7138	76.2773	0.7003	1.1e-04	0.5367
8146	-108.9962	-108.9962	-77.5689	0.7117	76.5236	0.7025	1.1e-04	0.5354
8147	-108.9899	-108.9899	-77.9471	0.7152	76.1389	0.6989	1.1e-04	0.5361
8148	-108.9715	-108.9715	-77.0504	0.7071	77.0219	0.7071	1.1e-04	0.5355
8149	-109.0057	-109.0057	-77.5175	0.7111	76.5822	0.7030	1.1e-04	0.5352
8150	-108.9890	-108.9890	-78.0624	0.7162	75.9931	0.6977	1.1e-04	0.5375
8151	-108.9902	-108.9902	-77.4752	0.7108	76.5753	0.7031	1.1e-04	0.5379
8152	-108.9811	-108.9811	-77.9877	0.7156	76.0788	0.6985	1.1e-04	0.5377
8153	-109.0153	-109.0153	-77.0210	0.7065	77.0865	0.7077	1.1e-04	0.5378
8154	-108.9747	-108.9747	-77.2265	0.7087	76.8383	0.7055	1.1e-04	0.5371
8155	-108.9939	-108.9939	-77.4705	0.7108	76.5988	0.7033	1.1e-04	0.5375
8156	-108.9990	-108.9990	-78.1086	0.7166	75.9730	0.6975	1.1e-04	0.5380
8157	-108.9841	-108.9841	-76.6519	0.7033	77.4107	0.7107	1.1e-04	0.5382
8158	-108.9795	-108.9795	-77.3785	0.7100	76.6906	0.7041	1.1e-04	0.5386
8159	-109.0074	-109.0074	-77.3654	0.7097	76.7467	0.7044	1.1e-04	0.5377
8160	-108.9890	-108.9890	-77.4933	0.7110	76.5892	0.7032	1.1e-04	0.5376
8161	-108.9792	-108.9792	-78.4818	0.7202	75.5691	0.6938	1.1e-04	0.5379
8162	-108.9971	-108.9971	-77.3799	0.7099	76.7164	0.7042	1.1e-04	0.5378
8163	-108.9867	-108.9867	-77.4862	0.7110	76.5936	0.7032	1.1e-04	0.5377
8164	-109.0096	-109.0096	-77.6019	0.7119	76.4866	0.7021	1.1e-04	0.5368
8165	-109.0002	-109.0002	-77.3546	0.7097	76.7342	0.7043	1.1e-04	0.5365
8166	-108.9834	-108.9834	-77.0265	0.7068	77.0487	0.7074	1.1e-04	0.5357
8167	-108.9976	-108.9976	-78.5440	0.7206	75.4965	0.6931	1.1e-04	0.5368
8168	-108.9898	-108.9898	-77.3019	0.7093	76.7818	0.7049	1.1e-04	0.5358
8169	-108.9870	-108.9870	-77.8244	0.7141	76.2453	0.7000	1.1e-04	0.5374
8170	-108.9810	-108.9810	-78.1568	0.7172	75.8936	0.6968	1.1e-04	0.5372
8171	-108.9859	-108.9859	-76.9608	0.7062	77.1318	0.7081	1.1e-04	0.5376
8172	-108.9782	-108.9782	-77.7915	0.7138	76.2656	0.7003	1.1e-04	0.5368
8173	-108.9979	-108.9979	-77.2799	0.7090	76.8126	0.7051	1.1e-04	0.5367
8174	-108.9894	-108.9894	-77.1512	0.7079	76.9150	0.7061	1.1e-04	0.5367
8175	-108.9855	-108.9855	-76.8096	0.7048	77.2698	0.7094	1.1e-04	0.5363
8176	-108.9796	-108.9796	-77.6602	0.7126	76.4098	0.7016	1.1e-04	0.5364
8177	-108.9947	-108.9947	-78.0699	0.7163	76.0159	0.6978	1.1e-04	0.5357
8178	-108.9917	-108.9917	-77.5848	0.7118	76.4899	0.7022	1.1e-04	0.5375
8179	-108.9924	-108.9924	-77.1137	0.7075	76.9805	0.7067	1.1e-04	0.5375
8180	-108.9925	-108.9925	-77.4239	0.7104	76.6762	0.7038	1.1e-04	0.5357
8181	-108.9980	-108.9980	-77.3247	0.7094	76.7495	0.7047	1.1e-04	0.5359
8182	-108.9992	-108.9992	-76.8974	0.7055	77.1980	0.7087	1.1e-04	0.5360
8183	-108.9907	-108.9907	-77.2627	0.7089	76.8220	0.7053	1.1e-04	0.5360
8184	-108.9919	-108.9919	-78.1389	0.7169	75.9277	0.6971	1.1e-04	0.5354
8185	-108.9832	-108.9832	-77.4613	0.7108	76.6204	0.7034	1.1e-04	0.5367
8186	-108.9915	-108.9915	-77.9871	0.7155	76.0879	0.6985	1.1e-04	0.5364
8187	-109.0034	-109.0034	-76.9680	0.7061	77.1355	0.7081	1.1e-04	0.5369
8188	-108.9914	-108.9914	-77.8826	0.7146	76.2021	0.6995	1.1e-04	0.5364
8189	-108.9931	-108.9931	-77.8410	0.7142	76.2377	0.6999	1.1e-04	0.5365
8190	-108.9854	-108.9854	-77.7389	0.7133	76.3232	0.7008	1.1e-04	0.5362
8191	-108.9810	-108.9810	-77.5764	0.7118	76.4702	0.7021	1.1e-04	0.5368
8192	-109.0004	-109.0004	-76.8949	0.7055	77.2054	0.7087	1.1e-04	0.5372
8193	-108.9851	-108.9851	-76.7104	0.7039	77.3786	0.7103	1.1e-04	0.5382
8194	-108.9899	-108.9899	-77.2020	0.7083	76.8902	0.7059	1.1e-04	0.5367
8195	-108.9750	-108.9750	-77.2747	0.7091	76.7991	0.7051	1.1e-04	0.5374
8196	-108.9806	-108.9806	-77.1046	0.7075	76.9785	0.7067	1.1e-04	0.5365
8197	-108.9938	-108.9938	-77.4543	0.7106	76.6273	0.7035	1.1e-04	0.5376
8198	-108.9898	-108.9898	-77.3073	0.7093	76.7613	0.7047	1.1e-04	0.5368
8199	-108.9773	-108.9773	-76.7355	0.7041	77.3360	0.7100	1.1e-04	0.5378
8200	-108.9824	-108.9824	-77.2770	0.7091	76.7981	0.7051	1.1e-04	0.5380
8201	-109.0021	-109.0021	-78.0914	0.7164	75.9886	0.6976	1.1e-04	0.5352
8202	-108.9917	-108.9917	-76.6376	0.7032	77.4368	0.7110	1.1e-04	0.5374
8203	-108.9872	-108.9872	-77.5355	0.7114	76.5380	0.7028	1.1e-04	0.5380
8204	-108.9908	-108.9908	-77.8731	0.7145	76.2073	0.6996	1.1e-04	0.5366
8205	-108.9844	-108.9844	-78.0207	0.7159	76.0487	0.6982	1.1e-04	0.5360
8206	-109.0052	-109.0052	-77.1392	0.7077	76.9654	0.7065	1.1e-04	0.5366
8207	-108.9723	-108.9723	-76.6622	0.7035	77.4133	0.7107	1.1e-04	0.5359
8208	-108.9958	-108.9958	-76.1471	0.6986	77.9268	0.7155	1.1e-04	0.5359
8209	-108.9775	-108.9775	-77.2728	0.7091	76.7891	0.7051	1.1e-04	0.5371
8210	-108.9949	-108.9949	-77.6627	0.7125	76.4336	0.7016	1.1e-04	0.5357
8211	-108.9913	-108.9913	-78.0773	0.7164	75.9973	0.6977	1.1e-04	0.5373
8212	-108.9996	-108.9996	-76.9119	0.7056	77.1526	0.7083	1.1e-04	0.5352
8213	-108.9703	-108.9703	-76.7909	0.7047	77.2592	0.7093	1.1e-04	0.5365
8214	-108.9875	-108.9875	-77.6774	0.7127	76.3930	0.7014	1.1e-04	0.5361
8215	-108.9829	-108.9829	-78.2280	0.7178	75.8343	0.6962	1.1e-04	0.5375
8216	-108.9947	-108.9947	-77.4662	0.7107	76.6198	0.7034	1.1e-04	0.5372
8217	-108.9913	-108.9913	-77.3349	0.7096	76.7446	0.7046	1.1e-04	0.5373
8218	-108.9947	-108.9947	-77.9987	0.7156	76.0737	0.6984	1.1e-04	0.5372
8219	-108.9888	-108.9888	-77.6080	0.7121	76.4790	0.7021	1.1e-04	0.5356
8220	-108.9812	-108.9812	-77.0287	0.7068	77.0418	0.7074	1.1e-04	0.5364
8221	-108.9922	-108.9922	-77.9088	0.7148	76.1826	0.6993	1.1e-04	0.5361
8222	-108.9912	-108.9912	-78.2875	0.7183	75.7811	0.6957	1.1e-04	0.5358
8223	-108.9913	-108.9913	-77.2264	0.7086	76.8622	0.7056	1.1e-04	0.5367
8224	-108.9849	-108.9849	-77.8715	0.7145	76.1765	0.6994	1.1e-04	0.5365
8225	-108.9856	-108.9856	-77.5821	0.7119	76.4817	0.7022	1.1e-04	0.5355
8226	-108.9876	-108.9876	-76.5047	0.7020	77.5690	0.7122	1.1e-04	0.5366
8227	-108.9920	-108.9920	-78.0190	0.7158	76.0518	0.6983	1.1e-04	0.5359
8228	-108.9932	-108.9932	-77.8813	0.7146	76.1995	0.6996	1.1e-04	0.5358
8229	-108.9721	-108.9721	-78.0951	0.7167	75.9561	0.6974	1.1e-04	0.5372
8230	-108.9802	-108.9802	-78.4001	0.7194	75.6485	0.6946	1.1e-04	0.5370
8231	-108.9962	-108.9962	-77.6190	0.7121	76.4587	0.7020	1.1e-04	0.5362
8232	-108.9864	-108.9864	-77.3904	0.7101	76.6690	0.7040	1.1e-04	0.5365
8233	-108.9897	-108.9897	-77.5658	0.7117	76.4887	0.7022	1.1e-04	0.5373
8234	-108.9804	-108.9804	-76.1153	0.6984	77.9527	0.7157	1.1e-04	0.5372
8235	-108.9880	-108.9880	-77.2207	0.7085	76.8601	0.7057	1.1e-04	0.5359
8236	-108.9825	-108.9825	-77.6730	0.7127	76.3936	0.7014	1.1e-04	0.5393
8237	-108.9985	-108.9985	-77.7799	0.7136	76.2840	0.7003	1.1e-04	0.5384
8238	-108.9898	-108.9898	-77.6910	0.7128	76.3571	0.7011	1.1e-04	0.5365
8239	-108.9821	-108.9821	-78.0850	0.7165	75.9722	0.6975	1.1e-04	0.5383
8240	-108.9995	-108.9995	-77.7404	0.7132	76.3513	0.7009	1.1e-04	0.5374
8241	-108.9992	-108.9992	-77.3884	0.7100	76.7046	0.7042	1.1e-04	0.5360
8242	-108.9872	-108.9872	-77.2721	0.7090	76.8013	0.7052	1.1e-04	0.5359
8243	-108.9894	-108.9894	-77.0847	0.7073	77.0084	0.7069	1.1e-04	0.5361
8244	-108.9893	-108.9893	-77.1823	0.7082	76.8576	0.7056	1.1e-04	0.5356
8245	-108.9856	-108.9856	-76.9216	0.7058	77.1455	0.7084	1.1e-04	0.5370
8246	-108.9825	-108.9825	-77.0807	0.7073	77.0022	0.7069	1.1e-04	0.5377
8247	-108.9971	-108.9971	-77.4671	0.7107	76.6297	0.7035	1.1e-04	0.5374
8248	-108.9882	-108.9882	-77.1130	0.7075	76.9748	0.7067	1.1e-04	0.5361
8249	-108.9822	-108.9822	-77.0139	0.7067	77.0578	0.7075	1.1e-04	0.5351
8250	-108.9920	-108.9920	-77.3608	0.7098	76.7076	0.7043	1.1e-04	0.5365
8251	-108.9946	-108.9946	-77.1215	0.7076	76.9616	0.7065	1.1e-04	0.5379
8252	-108.9710	-108.9710	-76.8549	0.7053	77.2030	0.7089	1.1e-04	0.5369
8253	-108.9912	-108.9912	-77.9221	0.7149	76.1441	0.6991	1.1e-04	0.5381
8254	-108.9866	-108.9866	-76.8409	0.7050	77.2369	0.7091	1.1e-04	0.5374
8255	-109.0034	-109.0034	-76.2940	0.6999	77.8108	0.7142	1.1e-04	0.5367
8256	-108.9968	-108.9968	-77.1612	0.7079	76.9355	0.7063	1.1e-04	0.5358
8257	-108.9957	-108.9957	-76.0807	0.6980	77.9841	0.7161	1.1e-04	0.5374
8258	-108.9704	-108.9704	-76.6656	0.7035	77.3878	0.7105	1.1e-04	0.5401
8259	-108.9982	-108.9982	-77.2760	0.7090	76.8023	0.7051	1.1e-04	0.5355
8260	-108.9975	-108.9975	-76.7736	0.7044	77.3061	0.7097	1.1e-04	0.5377
8261	-108.9832	-108.9832	-76.8031	0.7047	77.2476	0.7092	1.1e-04	0.5382
8262	-108.9838	-108.9838	-76.7916	0.7046	77.2789	0.7095	1.1e-04	0.5364
8263	-108.9724	-108.9724	-77.1199	0.7077	76.9390	0.7065	1.1e-04	0.5363
8264	-109.0016	-109.0016	-76.4600	0.7015	77.6184	0.7126	1.1e-04	0.5366
8265	-108.9955	-108.9955	-76.2508	0.6996	77.8259	0.7145	1.1e-04	0.5362
8266	-108.9936	-108.9936	-76.8756	0.7053	77.2056	0.7088	1.1e-04	0.5386
8267	-108.9801	-108.9801	-77.4035	0.7103	76.6711	0.7039	1.1e-04	0.5371
8268	-108.9883	-108.9883	-77.1196	0.7076	76.9633	0.7066	1.1e-04	0.5364
8269	-108.9696	-108.9696	-77.1305	0.7078	76.9318	0.7064	1.1e-04	0.5374
8270	-108.9861	-108.9861	-77.0475	0.7069	77.0282	0.7073	1.1e-04	0.5373
8271	-108.9986	-108.9986	-76.1307	0.6985	77.9381	0.7156	1.1e-04	0.5378
8272	-108.9831	-108.9832	-75.6411	0.6941	78.3978	0.7198	1.1e-04	0.5391
8273	-108.9979	-108.9979	-75.7845	0.6953	78.2771	0.7186	1.1e-04	0.5377
8274	-108.9870	-108.9870	-75.5560	0.6933	78.5089	0.7207	1.1e-04	0.5360
8275	-108.9994	-108.9994	-76.6404	0.7031	77.4604	0.7110	1.1e-04	0.5421
8276	-108.9937	-108.9937	-77.4969	0.7110	76.5758	0.7031	1.1e-04	0.5361
8277	-108.9989	-108.9989	-76.1271	0.6984	77.9225	0.7154	1.1e-04	0.5374
8278	-108.9978	-108.9978	-75.9460	0.6968	78.1314	0.7172	1.1e-04	0.5404
8279	-108.9772	-108.9772	-76.8277	0.7050	77.2407	0.7092	1.1e-04	0.5362
8280	-108.9975	-108.9975	-76.9648	0.7061	77.1218	0.7081	1.1e-04	0.5371
8281	-108.9867	-108.9867	-76.6073	0.7029	77.4591	0.7111	1.1e-04	0.5387
8282	-109.0035	-109.0035	-76.9103	0.7056	77.1732	0.7085	1.1e-04	0.5387
8283	-108.9977	-108.9977	-75.8202	0.6956	78.2461	0.7184	1.1e-04	0.5383
8284	-108.9956	-108.9956	-76.7777	0.7044	77.3028	0.7098	1.1e-04	0.5379
8285	-108.9796	-108.9796	-76.9331	0.7059	77.1394	0.7083	1.1e-04	0.5359
8286	-108.9904	-108.9904	-76.1625	0.6988	77.8953	0.7152	1.1e-04	0.5360
8287	-108.9841	-108.9841	-76.8341	0.7050	77.2488	0.7092	1.1e-04	0.5372
8288	-108.9904	-108.9904	-77.7194	0.7131	76.3540	0.7010	1.1e-04	0.5370
8289	-109.0063	-109.0063	-75.9725	0.6970	78.1226	0.7171	1.1e-04	0.5376
8290	-109.0038	-109.0038	-76.2882	0.6999	77.7950	0.7142	1.1e-04	0.5391
8291	-109.0015	-109.0015	-76.8978	0.7055	77.1983	0.7087	1.1e-04	0.5395
8292	-108.9961	-108.9961	-76.7279	0.7040	77.3763	0.7102	1.1e-04	0.5370
8293	-108.9977	-108.9977	-76.1219	0.6984	77.9553	0.7157	1.1e-04	0.5378
8294	-108.9879	-108.9879	-75.7526	0.6951	78.3077	0.7190	1.1e-04	0.5359
8295	-109.0036	-109.0036	-76.2562	0.6996	77.8166	0.7144	1.1e-04	0.5363
8296	-109.0053	-109.0053	-76.6305	0.7030	77.4654	0.7112	1.1e-04	0.5362
8297	-108.9883	-108.9883	-76.5196	0.7021	77.5688	0.7120	1.1e-04	0.5360
8298	-108.9901	-108.9901	-78.0647	0.7163	76.0052	0.6977	1.1e-04	0.5371
8299	-108.9823	-108.9823	-76.0059	0.6974	78.0592	0.7167	1.1e-04	0.5399
8300	-108.9829	-108.9829	-77.1106	0.7075	76.9637	0.7066	1.1e-04	0.5372
8301	-108.9793	-108.9793	-76.6570	0.7034	77.4242	0.7108	1.1e-04	0.5361
8302	-108.9834	-108.9834	-76.4316	0.7013	77.6393	0.7128	1.1e-04	0.5387
8303	-108.9933	-108.9933	-76.7053	0.7038	77.3798	0.7104	1.1e-04	0.5376
8304	-108.9942	-108.9942	-76.9330	0.7058	77.1372	0.7082	1.1e-04	0.5376
8305	-108.9786	-108.9786	-76.4055	0.7011	77.6581	0.7130	1.1e-04	0.5359
8306	-108.9774	-108.9774	-76.7947	0.7047	77.2782	0.7095	1.1e-04	0.5358
8307	-108.9886	-108.9886	-77.2079	0.7084	76.8841	0.7058	1.1e-04	0.5367
8308	-108.9760	-108.9760	-77.6435	0.7125	76.4109	0.7015	1.1e-04	0.5364
8309	-108.9898	-108.9898	-77.7305	0.7132	76.3426	0.7010	1.1e-04	0.5358
8310	-108.9745	-108.9745	-76.4058	0.7011	77.6558	0.7130	1.1e-04	0.5364
8311	-108.9801	-108.9801	-78.4273	0.7196	75.6256	0.6943	1.1e-04	0.5367
8312	-108.9885	-108.9885	-76.7753	0.7044	77.3154	0.7098	1.1e-04	0.5377
8313	-108.9877	-108.9877	-77.5709	0.7117	76.5048	0.7023	1.1e-04	0.5383
8314	-109.0000	-109.0000	-78.0092	0.7157	76.0807	0.6984	1.1e-04	0.5393
8315	-108.9811	-108.9811	-77.5881	0.7119	76.4891	0.7022	1.1e-04	0.5381
8316	-108.9762	-108.9762	-77.8618	0.7145	76.2078	0.6996	1.1e-04	0.5369
8317	-108.9936	-108.9936	-77.8327	0.7141	76.2459	0.6999	1.1e-04	0.5378
8318	-108.9858	-108.9858	-77.5441	0.7115	76.5236	0.7025	1.1e-04	0.5368
8319	-108.9927	-108.9927	-78.2861	0.7183	75.7905	0.6958	1.1e-04	0.5370
8320	-108.9843	-108.9843	-77.8221	0.7141	76.2192	0.6997	1.1e-04	0.5356
8321	-108.9729	-108.9729	-77.1953	0.7084	76.8814	0.7058	1.1e-04	0.5363
8322	-108.9966	-108.9966	-77.9575	0.7152	76.1035	0.6986	1.1e-04	0.5361
8323	-109.0093	-109.0093	-77.8108	0.7138	76.2946	0.7003	1.1e-04	0.5367
8324	-108.9849	-108.9849	-78.4590	0.7199	75.6007	0.6941	1.1e-04	0.5354
8325	-108.9863	-108.9863	-77.6518	0.7125	76.4274	0.7017	1.1e-04	0.5394
8326	-108.9956	-108.9956	-77.7472	0.7133	76.3378	0.7008	1.1e-04	0.5375
8327	-108.9974	-108.9974	-78.4918	0.7201	75.5686	0.6937	1.1e-04	0.5371
8328	-109.0053	-109.0053	-77.9816	0.7154	76.1022	0.6986	1.1e-04	0.5368
8329	-108.9904	-108.9904	-78.3415	0.7188	75.7353	0.6952	1.1e-04	0.5388
8330	-108.9827	-108.9827	-78.2111	0.7176	75.8558	0.6964	1.1e-04	0.5387
8331	-108.9924	-108.9924	-78.0339	0.7160	76.0313	0.6981	1.1e-04	0.5363
8332	-109.0019	-109.0019	-78.4146	0.7194	75.6477	0.6945	1.1e-04	0.5366
8333	-108.9852	-108.9852	-77.8807	0.7146	76.1894	0.6995	1.1e-04	0.5364
8334	-108.9945	-108.9945	-78.8856	0.7238	75.1338	0.6898	1.1e-04	0.5356
8335	-108.9948	-108.9948	-78.2406	0.7178	75.8338	0.6962	1.1e-04	0.5366
8336	-108.9943	-108.9943	-78.0045	0.7157	76.0707	0.6984	1.1e-04	0.5369
8337	-108.9940	-108.9940	-79.3361	0.7279	74.6957	0.6857	1.1e-04	0.5368
8338	-108.9911	-108.9911	-78.4372	0.7197	75.6318	0.6943	1.1e-04	0.5366
8339	-108.9891	-108.9891	-78.3926	0.7193	75.6749	0.6947	1.1e-04	0.5366
8340	-108.9882	-108.9882	-78.2401	0.7179	75.8065	0.6959	1.1e-04	0.5375
8341	-108.9810	-108.9810	-78.8249	0.7233	75.2069	0.6905	1.1e-04	0.5382
8342	-108.9946	-108.9946	-78.2738	0.7181	75.8019	0.6959	1.1e-04	0.5379
8343	-109.0040	-109.0040	-78.9888	0.7246	75.0705	0.6891	1.1e-04	0.5380
8344	-108.9868	-108.9868	-79.2629	0.7273	74.7299	0.6863	1.1e-04	0.5376
8345	-108.9735	-108.9735	-79.0475	0.7254	74.9678	0.6883	1.1e-04	0.5359
8346	-108.9843	-108.9843	-78.3850	0.7192	75.6674	0.6947	1.1e-04	0.5371
8347	-108.9884	-108.9884	-78.0944	0.7165	75.9693	0.6975	1.1e-04	0.5377
8348	-108.9955	-108.9955	-78.3432	0.7188	75.7320	0.6952	1.1e-04	0.5379
8349	-108.9999	-108.9999	-79.4410	0.7288	74.5900	0.6847	1.1e-04	0.5385
8350	-108.9922	-108.9922	-78.8995	0.7239	75.1380	0.6898	1.1e-04	0.5390
8351	-108.9918	-108.9918	-78.3899	0.7192	75.6723	0.6947	1.1e-04	0.5380
8352	-109.0086	-109.0086	-78.3026	0.7183	75.7755	0.6957	1.1e-04	0.5376
8353	-108.9928	-108.9928	-79.3097	0.7277	74.7073	0.6859	1.1e-04	0.5387
8354	-109.0017	-109.0017	-77.5620	0.7116	76.5224	0.7025	1.1e-04	0.5375
8355	-108.9803	-108.9803	-79.7742	0.7320	74.1962	0.6812	1.1e-04	0.5376
8356	-108.9974	-108.9974	-79.0329	0.7251	74.9948	0.6886	1.1e-04	0.5358
8357	-108.9852	-108.9852	-79.1174	0.7259	74.8985	0.6877	1.1e-04	0.5371
8358	-108.9889	-108.9889	-79.4037	0.7285	74.6049	0.6849	1.1e-04	0.5359
8359	-108.9999	-108.9999	-77.9777	0.7154	76.0910	0.6985	1.1e-04	0.5364
8360	-108.9864	-108.9864	-79.3542	0.7281	74.6642	0.6855	1.1e-04	0.5363
8361	-108.9819	-108.9819	-79.1039	0.7258	74.9235	0.6878	1.1e-04	0.5366
8362	-108.9965	-108.9965	-78.6016	0.7211	75.4460	0.6927	1.1e-04	0.5368
8363	-109.0080	-109.0080	-79.5018	0.7293	74.5319	0.6842	1.1e-04	0.5382
8364	-108.9882	-108.9882	-78.8758	0.7237	75.1652	0.6901	1.1e-04	0.5360
8365	-108.9674	-108.9674	-78.3731	0.7192	75.6698	0.6948	1.1e-04	0.5376
8366	-108.9991	-108.9991	-79.3948	0.7284	74.6278	0.6851	1.1e-04	0.5365
8367	-108.9912	-108.9912	-79.8038	0.7322	74.1745	0.6810	1.1e-04	0.5388
8368	-108.9784	-108.9784	-78.5258	0.7206	75.5193	0.6933	1.1e-04	0.5385
8369	-108.9946	-108.9946	-77.9182	0.7149	76.1358	0.6991	1.1e-04	0.5376
8370	-109.0043	-109.0043	-78.3162	0.7185	75.7738	0.6956	1.1e-04	0.5376
8371	-109.0019	-109.0019	-77.9128	0.7148	76.1785	0.6993	1.1e-04	0.5379
8372	-108.9981	-108.9981	-79.7957	0.7321	74.1967	0.6812	1.1e-04	0.5377
8373	-108.9962	-108.9962	-79.4752	0.7292	74.5398	0.6843	1.1e-04	0.5367
8374	-109.0000	-109.0000	-79.2600	0.7272	74.7563	0.6864	1.1e-04	0.5368
8375	-108.9772	-108.9772	-79.5144	0.7296	74.4795	0.6838	1.1e-04	0.5356
8376	-108.9951	-108.9951	-78.8253	0.7232	75.2091	0.6906	1.1e-04	0.5371
8377	-109.0020	-109.0020	-78.3933	0.7192	75.6777	0.6948	1.1e-04	0.5368
8378	-108.9917	-108.9917	-78.4828	0.7201	75.5804	0.6939	1.1e-04	0.5367
8379	-108.9764	-108.9764	-78.1454	0.7171	75.8984	0.6969	1.1e-04	0.5370
8380	-108.9865	-108.9865	-79.0558	0.7254	74.9512	0.6881	1.1e-04	0.5376
8381	-108.9996	-108.9996	-79.2443	0.7270	74.7947	0.6866	1.1e-04	0.5386
8382	-108.9757	-108.9757	-79.3902	0.7285	74.5820	0.6848	1.1e-04	0.5371
8383	-108.9839	-108.9839	-79.2912	0.7275	74.7301	0.6860	1.1e-04	0.5381
8384	-108.9995	-108.9995	-78.7882	0.7228	75.2623	0.6910	1.1e-04	0.5376
8385	-108.9971	-108.9971	-78.6709	0.7218	75.3851	0.6921	1.1e-04	0.5387
8386	-108.9672	-108.9672	-79.4358	0.7290	74.5379	0.6845	1.1e-04	0.5380
8387	-108.9820	-108.9820	-78.4692	0.7200	75.5832	0.6939	1.1e-04	0.5370
8388	-108.9874	-108.9874	-77.5106	0.7112	76.5758	0.7030	1.1e-04	0.5369
8389	-108.9936	-108.9936	-77.9938	0.7156	76.0891	0.6985	1.1e-04	0.5381
8390	-108.9785	-108.9785	-78.3457	0.7189	75.7079	0.6951	1.1e-04	0.5374
8391	-108.9891	-108.9891	-78.6269	0.7214	75.4211	0.6925	1.1e-04	0.5376
8392	-108.9912	-108.9912	-77.5459	0.7115	76.5404	0.7027	1.1e-04	0.5372
8393	-108.9930	-108.9930	-78.7510	0.7225	75.2979	0.6913	1.1e-04	0.5379
8394	-108.9990	-108.9990	-78.3371	0.7187	75.7370	0.6953	1.1e-04	0.5377
8395	-108.9841	-108.9841	-78.9398	0.7243	75.0870	0.6895	1.1e-04	0.5383
8396	-108.9746	-108.9746	-78.6761	0.7220	75.3561	0.6919	1.1e-04	0.5382
8397	-109.0003	-109.0003	-78.7273	0.7223	75.3418	0.6916	1.1e-04	0.5387
8398	-109.0033	-109.0033	-78.0044	0.7156	76.0781	0.6984	1.1e-04	0.5381
8399	-108.9812	-108.9812	-78.8395	0.7234	75.1817	0.6903	1.1e-04	0.5382
8400	-108.9878	-108.9878	-78.9374	0.7243	75.1024	0.6895	1.1e-04	0.5385
8401	-108.9885	-108.9885	-78.5049	0.7203	75.5603	0.6936	1.1e-04	0.5361
8402	-109.0042	-109.0042	-78.6371	0.7214	75.4312	0.6924	1.1e-04	0.5383
8403	-108.9908	-108.9908	-78.0312	0.7159	76.0436	0.6981	1.1e-04	0.5382
8404	-108.9911	-108.9911	-78.3957	0.7193	75.6756	0.6947	1.1e-04	0.5420
8405	-108.9801	-108.9801	-78.3269	0.7187	75.7380	0.6953	1.1e-04	0.5365
8406	-108.9904	-108.9904	-78.1843	0.7173	75.8879	0.6967	1.1e-04	0.5366
8407	-109.0023	-109.0023	-77.5733	0.7117	76.5201	0.7025	1.1e-04	0.5372
8408	-108.9866	-108.9866	-77.3291	0.7095	76.7527	0.7046	1.1e-04	0.5360
8409	-108.9869	-108.9869	-78.0659	0.7163	75.9946	0.6977	1.1e-04	0.5377
8410	-108.9900	-108.9900	-78.1913	0.7174	75.8832	0.6966	1.1e-04	0.5361
8411	-108.9816	-108.9816	-78.2738	0.7182	75.7728	0.6957	1.1e-04	0.5386
8412	-108.9888	-108.9888	-77.9393	0.7151	76.1382	0.6990	1.1e-04	0.5370
8413	-108.9993	-108.9993	-77.8672	0.7144	76.2364	0.6998	1.1e-04	0.5384
8414	-108.9872	-108.9872	-77.6854	0.7128	76.3819	0.7013	1.1e-04	0.5367
8415	-108.9968	-108.9968	-77.3542	0.7097	76.7315	0.7045	1.1e-04	0.5373
8416	-108.9929	-108.9929	-77.4105	0.7102	76.6654	0.7038	1.1e-04	0.5366
8417	-108.9825	-108.9825	-78.1422	0.7170	75.9273	0.6971	1.1e-04	0.5374
8418	-108.9910	-108.9910	-77.6169	0.7121	76.4728	0.7020	1.1e-04	0.5365
8419	-108.9742	-108.9742	-77.7745	0.7137	76.2767	0.7004	1.1e-04	0.5391
8420	-108.9851	-108.9851	-77.7322	0.7132	76.3410	0.7008	1.1e-04	0.5393
8421	-108.9987	-108.9987	-78.1260	0.7168	75.9764	0.6973	1.1e-04	0.5385
8422	-109.0102	-109.0102	-78.0911	0.7164	75.9980	0.6977	1.1e-04	0.5407
8423	-109.0087	-109.0087	-79.0626	0.7253	74.9874	0.6884	1.1e-04	0.5367
8424	-108.9985	-108.9985	-79.4932	0.7293	74.5276	0.6842	1.1e-04	0.5364
8425	-108.9829	-108.9829	-78.9890	0.7248	75.0511	0.6890	1.1e-04	0.5367
8426	-108.9861	-108.9861	-78.6568	0.7217	75.3907	0.6922	1.1e-04	0.5373
8427	-108.9844	-108.9844	-78.9513	0.7244	75.0414	0.6890	1.1e-04	0.5381
8428	-108.9765	-108.9765	-79.1496	0.7263	74.8688	0.6874	1.1e-04	0.5369
8429	-108.9856	-108.9856	-79.0462	0.7253	74.9812	0.6884	1.1e-04	0.5368
8430	-108.9804	-108.9804	-77.8171	0.7140	76.2458	0.7001	1.1e-04	0.5363
8431	-108.9956	-108.9956	-77.9211	0.7149	76.1518	0.6992	1.1e-04	0.5362
8432	-108.9848	-108.9848	-78.2441	0.7179	75.8173	0.6961	1.1e-04	0.5380
8433	-108.9945	-108.9945	-78.5407	0.7206	75.5179	0.6934	1.1e-04	0.5371
8434	-108.9679	-108.9679	-78.6692	0.7219	75.3541	0.6919	1.1e-04	0.5380
8435	-108.9826	-108.9826	-79.4256	0.7288	74.5677	0.6847	1.1e-04	0.5372
8436	-108.9794	-108.9794	-79.5129	0.7296	74.4917	0.6839	1.1e-04	0.5363
8437	-108.9950	-108.9950	-78.3419	0.7188	75.7281	0.6952	1.1e-04	0.5379
8438	-108.9876	-108.9876	-78.1347	0.7169	75.9400	0.6971	1.1e-04	0.5383
8439	-109.0025	-109.0025	-78.3683	0.7190	75.6416	0.6945	1.1e-04	0.5377
8440	-109.0029	-109.0029	-78.8142	0.7230	75.2175	0.6905	1.1e-04	0.5376
8441	-108.9892	-108.9892	-77.9708	0.7154	76.0914	0.6987	1.1e-04	0.5373
8442	-108.9916	-108.9916	-78.8370	0.7233	75.1973	0.6904	1.1e-04	0.5363
8443	-108.9721	-108.9721	-78.2218	0.7178	75.8313	0.6962	1.1e-04	0.5362
8444	-108.9817	-108.9817	-77.8043	0.7139	76.2595	0.7001	1.1e-04	0.5368
8445	-108.9821	-108.9821	-79.1092	0.7259	74.9223	0.6878	1.1e-04	0.5366
8446	-108.9804	-108.9804	-77.7042	0.7130	76.3294	0.7008	1.1e-04	0.5383
8447	-108.9792	-108.9792	-78.1377	0.7170	75.9072	0.6970	1.1e-04	0.5371
8448	-108.9834	-108.9834	-78.3629	0.7190	75.7043	0.6950	1.1e-04	0.5379
8449	-109.0066	-109.0066	-78.6842	0.7218	75.3935	0.6921	1.1e-04	0.5372
8450	-109.0106	-109.0106	-78.6582	0.7216	75.4114	0.6923	1.1e-04	0.5360
8451	-108.9809	-108.9809	-78.9227	0.7242	75.1183	0.6896	1.1e-04	0.5365
8452	-108.9884	-108.9884	-78.2308	0.7178	75.8367	0.6963	1.1e-04	0.5371
8453	-108.9771	-108.9771	-79.2074	0.7268	74.8047	0.6868	1.1e-04	0.5381
8454	-108.9915	-108.9915	-78.5983	0.7211	75.4585	0.6928	1.1e-04	0.5376
8455	-108.9982	-108.9982	-77.5468	0.7114	76.5553	0.7027	1.1e-04	0.5361
8456	-108.9894	-108.9894	-78.9980	0.7248	75.0158	0.6888	1.1e-04	0.5359
8457	-108.9774	-108.9774	-78.2853	0.7184	75.7627	0.6956	1.1e-04	0.5368
8458	-108.9722	-108.9722	-79.0148	0.7251	75.0080	0.6887	1.1e-04	0.5366
8459	-108.9854	-108.9854	-78.4609	0.7199	75.5902	0.6940	1.1e-04	0.5371
8460	-108.9946	-108.9946	-78.3999	0.7193	75.6607	0.6947	1.1e-04	0.5370
8461	-108.9823	-108.9823	-78.7530	0.7226	75.2752	0.6912	1.1e-04	0.5379
8462	-108.9825	-108.9825	-78.8671	0.7237	75.1849	0.6901	1.1e-04	0.5360
8463	-108.9930	-108.9930	-77.6159	0.7121	76.4639	0.7020	1.1e-04	0.5358
8464	-109.0012	-109.0012	-78.1392	0.7169	75.9420	0.6972	1.1e-04	0.5360
8465	-108.9924	-108.9924	-78.7035	0.7221	75.3250	0.6916	1.1e-04	0.5355
8466	-108.9984	-108.9984	-77.9638	0.7153	76.1224	0.6988	1.1e-04	0.5362
8467	-108.9849	-108.9849	-78.8054	0.7231	75.2223	0.6906	1.1e-04	0.5357
8468	-108.9975	-108.9975	-78.0248	0.7158	75.9978	0.6976	1.1e-04	0.5356
8469	-108.9829	-108.9829	-78.1989	0.7175	75.8625	0.6965	1.1e-04	0.5367
8470	-108.9805	-108.9805	-78.2998	0.7185	75.7553	0.6955	1.1e-04	0.5360
8471	-108.9926	-108.9926	-78.8119	0.7231	75.2413	0.6907	1.1e-04	0.5366
8472	-108.9957	-108.9957	-78.5590	0.7208	75.5065	0.6932	1.1e-04	0.5356
8473	-109.0030	-109.0030	-77.7519	0.7133	76.3322	0.7008	1.1e-04	0.5359
8474	-108.9812	-108.9812	-78.3279	0.7187	75.7027	0.6951	1.1e-04	0.5360
8475	-108.9805	-108.9805	-78.5793	0.7210	75.4546	0.6927	1.1e-04	0.5362
8476	-108.9855	-108.9855	-78.8363	0.7234	75.2075	0.6904	1.1e-04	0.5359
8477	-109.0014	-109.0014	-78.3082	0.7184	75.7181	0.6952	1.1e-04	0.5370
8478	-108.9829	-108.9829	-78.4915	0.7202	75.5480	0.6937	1.1e-04	0.5379
8479	-108.9860	-108.9860	-78.7139	0.7222	75.3292	0.6916	1.1e-04	0.5389
8480	-109.0017	-109.0017	-79.1676	0.7263	74.8688	0.6873	1.1e-04	0.5368
8481	-108.9967	-108.9967	-77.9458	0.7151	76.1314	0.6990	1.1e-04	0.5357
8482	-108.9688	-108.9688	-77.5854	0.7120	76.4711	0.7022	1.1e-04	0.5367
8483	-109.0165	-109.0165	-77.7047	0.7128	76.4082	0.7014	1.1e-04	0.5359
8484	-108.9926	-108.9926	-78.1790	0.7173	75.8974	0.6968	1.1e-04	0.5379
8485	-108.9857	-108.9857	-78.1595	0.7172	75.9059	0.6969	1.1e-04	0.5383
8486	-108.9984	-108.9984	-77.9333	0.7150	76.1374	0.6990	1.1e-04	0.5378
8487	-109.0175	-109.0175	-79.2879	0.7273	74.7615	0.6863	1.1e-04	0.5385
8488	-108.9843	-108.9843	-77.8570	0.7144	76.2241	0.6997	1.1e-04	0.5377
8489	-108.9884	-108.9884	-78.5026	0.7203	75.5525	0.6936	1.1e-04	0.5363
8490	-108.9899	-108.9899	-77.3614	0.7098	76.7198	0.7044	1.1e-04	0.5359
8491	-108.9891	-108.9891	-77.9917	0.7156	76.0792	0.6985	1.1e-04	0.5368
8492	-108.9717	-108.9717	-77.9403	0.7152	76.1191	0.6989	1.1e-04	0.5367
8493	-108.9879	-108.9879	-78.4161	0.7195	75.6339	0.6944	1.1e-04	0.5369
8494	-108.9972	-108.9972	-77.7541	0.7134	76.3356	0.7008	1.1e-04	0.5375
8495	-108.9934	-108.9934	-77.9672	0.7153	76.1138	0.6988	1.1e-04	0.5356
8496	-108.9742	-108.9742	-78.1392	0.7170	75.9027	0.6969	1.1e-04	0.5358
8497	-109.0006	-109.0006	-77.6395	0.7123	76.4512	0.7019	1.1e-04	0.5358
8498	-108.9802	-108.9802	-78.7703	0.7228	75.2532	0.6909	1.1e-04	0.5369
8499	-108.9969	-108.9969	-78.3138	0.7185	75.7632	0.6955	1.1e-04	0.5363
8500	-108.9983	-108.9983	-77.8577	0.7143	76.2329	0.6998	1.1e-04	0.5367
8501	-108.9944	-108.9944	-77.5076	0.7111	76.5969	0.7031	1.1e-04	0.5357
8502	-108.9831	-108.9831	-78.0062	0.7158	76.0419	0.6981	1.1e-04	0.5356
8503	-108.9826	-108.9826	-77.3273	0.7095	76.7498	0.7047	1.1e-04	0.5371
8504	-108.9820	-108.9820	-77.1514	0.7079	76.9142	0.7062	1.1e-04	0.5363
8505	-108.9861	-108.9861	-76.9383	0.7059	77.1503	0.7083	1.1e-04	0.5367
8506	-108.9938	-108.9938	-76.8384	0.7050	77.2557	0.7092	1.1e-04	0.5361
8507	-108.9816	-108.9816	-77.3020	0.7093	76.7687	0.7049	1.1e-04	0.5358
8508	-108.9996	-108.9996	-78.3722	0.7190	75.7042	0.6950	1.1e-04	0.5373
8509	-109.0020	-109.0020	-77.5998	0.7119	76.4928	0.7023	1.1e-04	0.5376
8510	-108.9856	-108.9856	-77.5880	0.7119	76.4900	0.7023	1.1e-04	0.5366
8511	-108.9942	-108.9942	-77.5458	0.7115	76.5400	0.7027	1.1e-04	0.5363
8512	-108.9875	-108.9875	-76.7534	0.7042	77.3318	0.7099	1.1e-04	0.5365
8513	-108.9773	-108.9773	-77.1977	0.7084	76.8056	0.7053	1.1e-04	0.5366
8514	-108.9716	-108.9716	-77.4358	0.7106	76.6367	0.7036	1.1e-04	0.5368
8515	-108.9810	-108.9810	-77.2430	0.7088	76.8328	0.7054	1.1e-04	0.5383
8516	-108.9964	-108.9964	-76.5567	0.7024	77.5143	0.7116	1.1e-04	0.5369
8517	-109.0093	-109.0093	-78.1403	0.7168	75.9568	0.6973	1.1e-04	0.5382
8518	-109.0002	-109.0002	-77.7333	0.7131	76.3589	0.7010	1.1e-04	0.5383
8519	-108.9941	-108.9941	-77.8694	0.7144	76.2087	0.6996	1.1e-04	0.5366
8520	-109.0019	-109.0019	-77.8161	0.7139	76.2746	0.7002	1.1e-04	0.5361
8521	-108.9853	-108.9853	-77.5415	0.7115	76.5245	0.7026	1.1e-04	0.5380
8522	-108.9860	-108.9860	-77.6791	0.7127	76.4019	0.7014	1.1e-04	0.5369
8523	-108.9814	-108.9814	-77.1440	0.7079	76.9262	0.7063	1.1e-04	0.5362
8524	-108.9905	-108.9905	-76.1744	0.6989	77.8981	0.7152	1.1e-04	0.5357
8525	-108.9769	-108.9769	-77.4647	0.7108	76.6019	0.7033	1.1e-04	0.5363
8526	-109.0114	-109.0114	-77.9869	0.7154	76.0993	0.6987	1.1e-04	0.5364
8527	-108.9824	-108.9824	-76.8316	0.7050	77.2437	0.7092	1.1e-04	0.5366
8528	-108.9997	-108.9997	-77.6699	0.7126	76.4180	0.7015	1.1e-04	0.5369
8529	-108.9873	-108.9873	-77.6635	0.7126	76.4160	0.7016	1.1e-04	0.5386
8530	-108.9747	-108.9747	-76.9057	0.7057	77.1650	0.7085	1.1e-04	0.5370
8531	-108.9863	-108.9863	-77.1752	0.7081	76.8970	0.7061	1.1e-04	0.5355
8532	-108.9861	-108.9861	-77.5565	0.7116	76.5200	0.7026	1.1e-04	0.5358
8533	-108.9885	-108.9885	-77.3256	0.7095	76.7495	0.7046	1.1e-04	0.5364
8534	-108.9939	-108.9939	-78.1293	0.7168	75.9353	0.6971	1.1e-04	0.5372
8535	-108.9857	-108.9857	-76.8294	0.7049	77.2494	0.7092	1.1e-04	0.5376
8536	-108.9874	-108.9874	-77.2642	0.7089	76.8176	0.7053	1.1e-04	0.5374
8537	-108.9936	-108.9936	-77.4764	0.7108	76.6046	0.7033	1.1e-04	0.5374
8538	-109.0001	-109.0001	-77.2129	0.7084	76.8711	0.7058	1.1e-04	0.5359
8539	-108.9929	-108.9929	-76.3518	0.7005	77.7211	0.7136	1.1e-04	0.5366
8540	-108.9865	-108.9865	-76.9493	0.7060	77.1272	0.7081	1.1e-04	0.5357
8541	-109.0108	-109.0108	-77.1233	0.7075	76.9708	0.7066	1.1e-04	0.5365
8542	-109.0103	-109.0103	-77.2585	0.7087	76.8437	0.7055	1.1e-04	0.5359
8543	-108.9926	-108.9926	-76.5383	0.7022	77.5511	0.7119	1.1e-04	0.5351
8544	-108.9716	-108.9716	-77.5816	0.7119	76.4721	0.7022	1.1e-04	0.5352
8545	-108.9944	-108.9944	-77.4200	0.7103	76.6671	0.7038	1.1e-04	0.5366
8546	-108.9955	-108.9955	-76.4580	0.7015	77.6296	0.7127	1.1e-04	0.5357
8547	-108.9976	-108.9976	-77.0080	0.7065	77.0806	0.7077	1.1e-04	0.5366
8548	-109.0071	-109.0071	-77.0937	0.7072	77.0109	0.7070	1.1e-04	0.5364
8549	-108.9854	-108.9854	-77.2926	0.7092	76.7908	0.7050	1.1e-04	0.5360
8550	-108.9789	-108.9789	-78.2664	0.7182	75.7889	0.6958	1.1e-04	0.5358
8551	-108.9993	-108.9993	-78.1985	0.7174	75.8792	0.6966	1.1e-04	0.5366
8552	-108.9823	-108.9823	-78.5748	0.7210	75.4746	0.6929	1.1e-04	0.5362
8553	-108.9824	-108.9824	-77.5803	0.7119	76.4898	0.7023	1.1e-04	0.5369
8554	-108.9966	-108.9966	-77.6617	0.7125	76.4090	0.7015	1.1e-04	0.5372
8555	-108.9881	-108.9881	-77.7507	0.7134	76.2932	0.7005	1.1e-04	0.5370
8556	-108.9819	-108.9819	-77.0260	0.7068	77.0507	0.7074	1.1e-04	0.5366
8557	-108.9838	-108.9838	-77.5544	0.7116	76.5211	0.7026	1.1e-04	0.5368
8558	-108.9950	-108.9950	-77.3486	0.7097	76.7490	0.7045	1.1e-04	0.5360
8559	-108.9941	-108.9941	-78.6337	0.7214	75.4181	0.6925	1.1e-04	0.5366
8560	-108.9840	-108.9840	-77.7341	0.7133	76.3351	0.7009	1.1e-04	0.5361
8561	-108.9864	-108.9864	-77.2875	0.7091	76.7826	0.7050	1.1e-04	0.5364
8562	-108.9893	-108.9893	-77.5082	0.7112	76.5737	0.7030	1.1e-04	0.5363
8563	-108.9742	-108.9742	-77.1104	0.7076	76.9489	0.7066	1.1e-04	0.5378
8564	-108.9936	-108.9936	-78.1487	0.7170	75.9033	0.6969	1.1e-04	0.5369
8565	-108.9958	-108.9958	-77.1307	0.7076	76.9638	0.7065	1.1e-04	0.5368
8566	-108.9991	-108.9991	-77.8159	0.7139	76.2594	0.7002	1.1e-04	0.5365
8567	-108.9750	-108.9750	-77.8237	0.7141	76.2429	0.7000	1.1e-04	0.5365
8568	-108.9946	-108.9946	-77.2066	0.7084	76.8719	0.7058	1.1e-04	0.5367
8569	-108.9939	-108.9939	-77.6270	0.7122	76.4617	0.7020	1.1e-04	0.5382
8570	-108.9834	-108.9834	-77.1906	0.7083	76.8856	0.7059	1.1e-04	0.5361
8571	-108.9958	-108.9958	-76.7687	0.7043	77.3101	0.7098	1.1e-04	0.5370
8572	-108.9855	-108.9855	-76.3981	0.7010	77.6822	0.7132	1.1e-04	0.5363
8573	-108.9870	-108.9870	-76.9587	0.7061	77.1292	0.7081	1.1e-04	0.5353
8574	-108.9862	-108.9862	-76.5501	0.7024	77.5327	0.7118	1.1e-04	0.5354
8575	-108.9922	-108.9922	-76.3259	0.7003	77.7612	0.7138	1.1e-04	0.5367
8576	-108.9896	-108.9896	-76.8927	0.7055	77.1824	0.7087	1.1e-04	0.5377
8577	-108.9892	-108.9892	-77.1393	0.7078	76.9277	0.7064	1.1e-04	0.5378
8578	-108.9990	-108.9990	-76.5889	0.7027	77.5046	0.7115	1.1e-04	0.5375
8579	-108.9937	-108.9937	-77.7689	0.7135	76.3132	0.7006	1.1e-04	0.5364
8580	-108.9925	-108.9925	-77.3505	0.7097	76.7396	0.7045	1.1e-04	0.5370
8581	-108.9910	-108.9910	-77.2715	0.7090	76.8161	0.7052	1.1e-04	0.5377
8582	-108.9958	-108.9958	-77.2053	0.7083	76.8818	0.7058	1.1e-04	0.5374
8583	-108.9638	-108.9638	-77.0716	0.7073	76.9843	0.7069	1.1e-04	0.5367
8584	-108.9816	-108.9816	-76.9520	0.7061	77.1199	0.7081	1.1e-04	0.5382
8585	-108.9834	-108.9834	-77.8225	0.7141	76.2448	0.7001	1.1e-04	0.5372
8586	-108.9826	-108.9826	-77.3092	0.7094	76.7696	0.7048	1.1e-04	0.5368
8587	-108.9923	-108.9923	-78.0363	0.7160	76.0331	0.6981	1.1e-04	0.5378
8588	-108.9926	-108.9926	-77.6532	0.7125	76.4157	0.7016	1.1e-04	0.5371
8589	-108.9823	-108.9823	-77.7033	0.7130	76.3687	0.7011	1.1e-04	0.5374
8590	-108.9834	-108.9834	-77.3926	0.7101	76.6878	0.7041	1.1e-04	0.5376
8591	-108.9788	-108.9788	-77.6981	0.7130	76.3605	0.7012	1.1e-04	0.5374
8592	-108.9833	-108.9833	-77.2664	0.7090	76.8098	0.7052	1.1e-04	0.5374
8593	-108.9881	-108.9881	-77.0001	0.7065	77.0683	0.7076	1.1e-04	0.5376
8594	-108.9912	-108.9912	-76.7308	0.7040	77.3637	0.7102	1.1e-04	0.5373
8595	-109.0020	-109.0020	-76.3175	0.7001	77.7628	0.7140	1.1e-04	0.5376
8596	-108.9954	-108.9954	-77.6085	0.7120	76.4752	0.7021	1.1e-04	0.5374
8597	-109.0012	-109.0012	-77.0501	0.7069	77.0488	0.7073	1.1e-04	0.5383
8598	-108.9926	-108.9926	-76.7674	0.7043	77.2929	0.7097	1.1e-04	0.5364
8599	-108.9816	-108.9816	-76.6178	0.7030	77.4355	0.7109	1.1e-04	0.5362
8600	-108.9619	-108.9619	-77.4437	0.7107	76.5988	0.7034	1.1e-04	0.5367
8601	-108.9755	-108.9755	-77.1731	0.7082	76.8928	0.7060	1.1e-04	0.5357
8602	-108.9976	-108.9976	-77.2800	0.7090	76.8147	0.7052	1.1e-04	0.5367
8603	-108.9760	-108.9760	-76.6550	0.7034	77.4105	0.7108	1.1e-04	0.5372
8604	-108.9887	-108.9887	-78.1270	0.7168	75.9469	0.6972	1.1e-04	0.5373
8605	-108.9865	-108.9865	-75.9771	0.6971	78.0918	0.7169	1.1e-04	0.5377
8606	-108.9879	-108.9879	-76.7684	0.7044	77.3036	0.7098	1.1e-04	0.5362
8607	-108.9935	-108.9935	-77.5622	0.7116	76.5067	0.7025	1.1e-04	0.5358
8608	-108.9967	-108.9967	-76.4641	0.7015	77.6285	0.7126	1.1e-04	0.5371
8609	-109.0069	-109.0069	-76.8656	0.7051	77.2436	0.7091	1.1e-04	0.5376
8610	-108.9883	-108.9883	-76.7801	0.7045	77.3080	0.7097	1.1e-04	0.5380
8611	-108.9929	-108.9929	-77.3159	0.7094	76.7696	0.7048	1.1e-04	0.5360
8612	-109.0082	-109.0082	-76.9577	0.7060	77.1404	0.7082	1.1e-04	0.5362
8613	-109.0000	-109.0000	-77.8042	0.7138	76.2780	0.7003	1.1e-04	0.5363
8614	-108.9821	-108.9821	-76.7769	0.7045	77.2990	0.7097	1.1e-04	0.5358
8615	-108.9781	-108.9781	-77.1932	0.7083	76.8756	0.7059	1.1e-04	0.5369
8616	-109.0015	-109.0015	-77.5576	0.7115	76.5342	0.7026	1.1e-04	0.5368
8617	-109.0021	-109.0021	-76.6888	0.7036	77.3971	0.7105	1.1e-04	0.5368
8618	-108.9858	-108.9858	-76.9370	0.7059	77.1204	0.7081	1.1e-04	0.5368
8619	-108.9949	-108.9949	-77.5854	0.7118	76.4818	0.7021	1.1e-04	0.5372
8620	-108.9745	-108.9745	-77.6378	0.7124	76.4163	0.7017	1.1e-04	0.5361
8621	-109.0000	-109.0000	-76.8788	0.7053	77.2143	0.7089	1.1e-04	0.5370
8622	-108.9930	-108.9930	-78.0944	0.7165	75.9790	0.6976	1.1e-04	0.5369
8623	-108.9855	-108.9855	-77.3770	0.7100	76.7049	0.7042	1.1e-04	0.5385
8624	-109.0033	-109.0033	-76.8566	0.7051	77.2340	0.7091	1.1e-04	0.5370
8625	-109.0036	-109.0036	-76.7821	0.7044	77.3146	0.7098	1.1e-04	0.5373
8626	-108.9901	-108.9901	-76.9471	0.7060	77.1418	0.7082	1.1e-04	0.5366
8627	-108.9964	-108.9964	-77.5701	0.7117	76.5106	0.7024	1.1e-04	0.5357
8628	-108.9923	-108.9923	-77.2182	0.7085	76.8617	0.7056	1.1e-04	0.5373
8629	-108.9950	-108.9950	-77.4530	0.7106	76.6262	0.7035	1.1e-04	0.5375
8630	-108.9932	-108.9932	-77.1340	0.7077	76.9403	0.7064	1.1e-04	0.5370
8631	-108.9887	-108.9887	-76.1806	0.6990	77.8949	0.7151	1.1e-04	0.5374
8632	-108.9792	-108.9792	-77.8793	0.7146	76.1854	0.6995	1.1e-04	0.5375
8633	-108.9812	-108.9812	-77.2972	0.7093	76.7838	0.7049	1.1e-04	0.5365
8634	-108.9872	-108.9872	-77.8641	0.7144	76.2124	0.6997	1.1e-04	0.5371
8635	-108.9862	-108.9862	-77.6483	0.7125	76.4250	0.7017	1.1e-04	0.5382
8636	-108.9990	-108.9990	-77.0039	0.7065	77.0817	0.7077	1.1e-04	0.5372
8637	-108.9976	-108.9976	-77.5104	0.7111	76.5751	0.7030	1.1e-04	0.5379
8638	-108.9800	-108.9800	-77.3593	0.7098	76.7071	0.7043	1.1e-04	0.5368
8639	-108.9730	-108.9730	-77.4008	0.7103	76.6635	0.7039	1.1e-04	0.5361
8640	-108.9894	-108.9894	-77.5116	0.7112	76.5797	0.7030	1.1e-04	0.5361
8641	-108.9980	-108.9980	-77.0230	0.7066	77.0639	0.7076	1.1e-04	0.5368
8642	-109.0055	-109.0055	-76.8551	0.7051	77.2471	0.7091	1.1e-04	0.5378
8643	-108.9924	-108.9924	-76.7926	0.7046	77.2959	0.7096	1.1e-04	0.5373
8644	-108.9991	-108.9991	-77.1774	0.7081	76.9148	0.7061	1.1e-04	0.5369
8645	-108.9970	-108.9970	-77.4245	0.7103	76.6525	0.7038	1.1e-04	0.5359
8646	-108.9964	-108.9964	-76.7267	0.7039	77.3573	0.7103	1.1e-04	0.5360
8647	-108.9892	-108.9892	-77.4922	0.7110	76.5875	0.7031	1.1e-04	0.5361
8648	-109.0013	-109.0013	-77.2550	0.7088	76.8391	0.7055	1.1e-04	0.5359
8649	-108.9950	-108.9950	-76.7612	0.7043	77.3227	0.7098	1.1e-04	0.5367
8650	-108.9933	-108.9933	-77.4236	0.7104	76.6574	0.7037	1.1e-04	0.5375
8651	-108.9876	-108.9876	-77.2046	0.7084	76.8718	0.7058	1.1e-04	0.5380
8652	-108.9929	-108.9929	-78.1360	0.7169	75.9300	0.6972	1.1e-04	0.5369
8653	-108.9931	-108.9931	-78.3175	0.7186	75.7220	0.6953	1.1e-04	0.5374
8654	-109.0081	-109.0081	-77.9408	0.7150	76.1528	0.6990	1.1e-04	0.5368
8655	-108.9905	-108.9905	-77.7466	0.7133	76.3320	0.7008	1.1e-04	0.5364
8656	-109.0013	-109.0013	-77.6859	0.7127	76.4032	0.7015	1.1e-04	0.5368
8657	-109.0023	-109.0023	-77.5125	0.7111	76.5751	0.7031	1.1e-04	0.5360
8658	-108.9862	-108.9862	-77.3215	0.7095	76.7608	0.7047	1.1e-04	0.5356
8659	-108.9942	-108.9942	-77.9586	0.7153	76.1041	0.6988	1.1e-04	0.5365
8660	-108.9941	-108.9941	-77.2528	0.7088	76.8323	0.7054	1.1e-04	0.5371
8661	-108.9913	-108.9913	-77.3247	0.7095	76.7700	0.7047	1.1e-04	0.5364
8662	-108.9892	-108.9892	-78.0372	0.7160	76.0424	0.6981	1.1e-04	0.5374
8663	-108.9752	-108.9752	-78.1241	0.7169	75.9033	0.6970	1.1e-04	0.5376
8664	-108.9794	-108.9794	-78.9717	0.7246	75.0473	0.6891	1.1e-04	0.5354
8665	-108.9908	-108.9908	-78.0032	0.7157	76.0628	0.6984	1.1e-04	0.5367
8666	-108.9731	-108.9731	-77.7333	0.7133	76.3068	0.7007	1.1e-04	0.5363
8667	-108.9802	-108.9802	-78.0298	0.7160	76.0320	0.6981	1.1e-04	0.5369
8668	-108.9855	-108.9855	-77.1684	0.7081	76.9059	0.7061	1.1e-04	0.5363
8669	-108.9794	-108.9794	-77.7392	0.7133	76.3259	0.7008	1.1e-04	0.5355
8670	-108.9865	-108.9865	-77.7092	0.7130	76.3697	0.7011	1.1e-04	0.5347
8671	-108.9892	-108.9892	-77.1532	0.7079	76.9245	0.7063	1.1e-04	0.5373
8672	-108.9881	-108.9881	-78.8253	0.7232	75.2140	0.6905	1.1e-04	0.5369
8673	-108.9953	-108.9953	-78.0772	0.7163	76.0029	0.6977	1.1e-04	0.5358
8674	-108.9787	-108.9787	-77.4449	0.7106	76.6254	0.7036	1.1e-04	0.5361
8675	-109.0023	-109.0023	-78.6607	0.7216	75.4126	0.6922	1.1e-04	0.5358
8676	-108.9931	-108.9931	-78.5809	0.7210	75.4815	0.6930	1.1e-04	0.5359
8677	-108.9894	-108.9894	-78.6140	0.7213	75.4335	0.6925	1.1e-04	0.5365
8678	-108.9831	-108.9831	-78.4100	0.7195	75.6389	0.6945	1.1e-04	0.5377
8679	-108.9949	-108.9949	-78.8019	0.7230	75.2408	0.6908	1.1e-04	0.5372
8680	-108.9978	-108.9978	-79.1011	0.7257	74.9203	0.6878	1.1e-04	0.5369
8681	-108.9784	-108.9784	-77.4443	0.7106	76.6040	0.7034	1.1e-04	0.5361
8682	-108.9796	-108.9796	-79.1461	0.7262	74.8563	0.6873	1.1e-04	0.5363
8683	-108.9842	-108.9842	-78.2305	0.7178	75.8290	0.6962	1.1e-04	0.5363
8684	-108.9715	-108.9715	-78.1313	0.7170	75.9180	0.6971	1.1e-04	0.5371
8685	-108.9968	-108.9968	-79.4560	0.7290	74.5527	0.6845	1.1e-04	0.5384
8686	-108.9931	-108.9931	-78.5613	0.7208	75.4998	0.6931	1.1e-04	0.5371
8687	-108.9793	-108.9793	-78.5667	0.7209	75.4793	0.6930	1.1e-04	0.5375
8688	-108.9863	-108.9863	-78.0154	0.7158	76.0487	0.6983	1.1e-04	0.5366
8689	-109.0019	-109.0019	-77.8868	0.7145	76.1951	0.6996	1.1e-04	0.5363
8690	-109.0291	-109.0291	-77.9578	0.7150	76.0301	0.6990	1.1e-04	0.5361
8691	-108.9804	-108.9804	-78.3998	0.7194	75.6437	0.6946	1.1e-04	0.5364
8692	-108.9859	-108.9859	-79.3061	0.7277	74.7058	0.6859	1.1e-04	0.5368
8693	-108.9908	-108.9908	-78.5813	0.7210	75.4767	0.6929	1.1e-04	0.5372
8694	-108.9779	-108.9779	-77.8353	0.7142	76.2150	0.6998	1.1e-04	0.5358
8695	-108.9962	-108.9962	-78.3417	0.7188	75.7268	0.6952	1.1e-04	0.5369
8696	-108.9946	-108.9946	-77.7225	0.7131	76.3240	0.7008	1.1e-04	0.5367
8697	-108.9818	-108.9818	-78.4080	0.7195	75.6195	0.6943	1.1e-04	0.5367
8698	-108.9718	-108.9718	-78.0106	0.7159	76.0322	0.6981	1.1e-04	0.5367
8699	-108.9748	-108.9748	-78.4423	0.7198	75.5905	0.6941	1.1e-04	0.5360
8700	-109.0053	-109.0053	-77.1588	0.7078	76.9514	0.7063	1.1e-04	0.5363
8701	-108.9881	-108.9881	-78.5207	0.7205	75.5333	0.6934	1.1e-04	0.5363
8702	-108.9929	-108.9929	-77.7374	0.7132	76.3467	0.7009	1.1e-04	0.5358
8703	-108.9894	-108.9894	-78.5257	0.7205	75.4957	0.6932	1.1e-04	0.5368
8704	-108.9896	-108.9896	-78.3618	0.7190	75.6946	0.6950	1.1e-04	0.5455
8705	-108.9941	-108.9941	-78.3085	0.7185	75.7641	0.6956	1.1e-04	0.5363
8706	-109.0110	-109.0110	-78.5875	0.7209	75.4850	0.6930	1.1e-04	0.5361
8707	-108.9890	-108.9890	-78.1279	0.7168	75.9212	0.6971	1.1e-04	0.5364
8708	-109.0033	-109.0033	-78.5250	0.7204	75.5490	0.6935	1.1e-04	0.5356
8709	-108.9861	-108.9861	-78.2130	0.7176	75.7888	0.6959	1.1e-04	0.5365
8710	-108.9729	-108.9729	-78.4659	0.7200	75.5416	0.6937	1.1e-04	0.5366
8711	-108.9899	-108.9899	-77.6392	0.7124	76.4315	0.7018	1.1e-04	0.5364
8712	-108.9966	-108.9966	-78.2876	0.7183	75.7824	0.6958	1.1e-04	0.5357
8713	-108.9889	-108.9889	-78.1404	0.7170	75.9300	0.6971	1.1e-04	0.5371
8714	-108.9818	-108.9818	-79.4170	0.7287	74.5737	0.6848	1.1e-04	0.5359
8715	-108.9974	-108.9974	-78.4353	0.7196	75.6296	0.6944	1.1e-04	0.5369
8716	-108.9852	-108.9852	-78.4546	0.7199	75.5879	0.6940	1.1e-04	0.5364
8717	-108.9920	-108.9920	-78.1649	0.7172	75.8946	0.6969	1.1e-04	0.5354
8718	-108.9944	-108.9944	-78.4007	0.7193	75.6684	0.6947	1.1e-04	0.5380
8719	-108.9857	-108.9857	-78.3746	0.7191	75.6838	0.6949	1.1e-04	0.5370
8720	-108.9909	-108.9909	-77.1087	0.7075	76.9709	0.7067	1.1e-04	0.5358
8721	-108.9780	-108.9780	-77.6184	0.7122	76.4352	0.7018	1.1e-04	0.5367
8722	-108.9772	-108.9772	-78.6620	0.7218	75.3649	0.6921	1.1e-04	0.5366
8723	-108.9979	-108.9979	-78.1835	0.7173	75.8908	0.6967	1.1e-04	0.5363
8724	-108.9801	-108.9801	-78.2917	0.7184	75.7673	0.6956	1.1e-04	0.5356
8725	-108.9893	-108.9893	-78.9565	0.7244	75.0792	0.6893	1.1e-04	0.5382
8726	-108.9854	-108.9854	-77.7017	0.7130	76.3784	0.7012	1.1e-04	0.5381
8727	-108.9933	-108.9933	-78.7340	0.7224	75.3121	0.6915	1.1e-04	0.5371
8728	-108.9802	-108.9802	-78.9470	0.7244	75.0641	0.6894	1.1e-04	0.5360
8729	-108.9789	-108.9789	-77.6337	0.7124	76.4212	0.7017	1.1e-04	0.5365
8730	-108.9912	-108.9912	-77.1059	0.7075	76.9850	0.7068	1.1e-04	0.5378
8731	-108.9937	-108.9937	-78.3069	0.7185	75.7531	0.6956	1.1e-04	0.5369
8732	-108.9920	-108.9920	-78.0914	0.7165	75.9777	0.6976	1.1e-04	0.5360
8733	-108.9872	-108.9872	-77.8191	0.7140	76.2485	0.7001	1.1e-04	0.5365
8734	-108.9795	-108.9795	-78.2814	0.7183	75.7632	0.6956	1.1e-04	0.5362
8735	-108.9777	-108.9777	-78.3110	0.7186	75.7337	0.6954	1.1e-04	0.5362
8736	-108.9748	-108.9748	-77.6902	0.7129	76.3674	0.7012	1.1e-04	0.5367
8737	-108.9915	-108.9915	-77.2184	0.7085	76.8726	0.7057	1.1e-04	0.5366
8738	-108.9868	-108.9868	-77.7816	0.7137	76.2508	0.7002	1.1e-04	0.5363
8739	-108.9998	-108.9998	-77.2214	0.7085	76.8717	0.7057	1.1e-04	0.5377
8740	-108.9720	-108.9720	-78.4446	0.7199	75.5852	0.6941	1.1e-04	0.5362
8741	-108.9916	-108.9916	-78.0066	0.7157	76.0717	0.6984	1.1e-04	0.5360
8742	-108.9777	-108.9777	-78.9569	0.7245	75.0482	0.6891	1.1e-04	0.5353
8743	-108.9808	-108.9808	-77.7967	0.7139	76.2619	0.7003	1.1e-04	0.5368
8744	-108.9940	-108.9940	-77.9274	0.7150	76.1619	0.6992	1.1e-04	0.5360
8745	-108.9844	-108.9844	-78.8302	0.7233	75.2002	0.6905	1.1e-04	0.5365
8746	-108.9779	-108.9779	-78.1846	0.7174	75.8291	0.6964	1.1e-04	0.5357
8747	-108.9888	-108.9888	-77.2628	0.7089	76.8240	0.7053	1.1e-04	0.5359
8748	-108.9952	-108.9952	-77.5682	0.7117	76.4959	0.7023	1.1e-04	0.5361
8749	-108.9855	-108.9855	-78.3458	0.7189	75.7173	0.6951	1.1e-04	0.5368
8750	-108.9745	-108.9745	-78.1328	0.7170	75.9360	0.6971	1.1e-04	0.5371
8751	-109.0136	-109.0136	-77.4232	0.7102	76.6734	0.7040	1.1e-04	0.5365
8752	-108.9907	-108.9907	-77.1310	0.7077	76.9552	0.7065	1.1e-04	0.5358
8753	-108.9681	-108.9681	-77.5373	0.7116	76.5121	0.7026	1.1e-04	0.5365
8754	-109.0010	-109.0010	-78.6652	0.7217	75.3938	0.6922	1.1e-04	0.5369
8755	-108.9900	-108.9900	-78.0380	0.7160	76.0316	0.6980	1.1e-04	0.5376
8756	-108.9836	-108.9836	-78.3019	0.7185	75.7510	0.6955	1.1e-04	0.5383
8757	-108.9898	-108.9898	-77.5994	0.7120	76.4834	0.7022	1.1e-04	0.5382
8758	-108.9840	-108.9840	-77.4961	0.7111	76.5727	0.7031	1.1e-04	0.5360
8759	-109.0026	-109.0026	-77.8375	0.7141	76.2440	0.6999	1.1e-04	0.5363
8760	-109.0039	-109.0039	-77.8806	0.7145	76.2121	0.6996	1.1e-04	0.5369
8761	-108.9823	-108.9823	-78.0062	0.7158	76.0550	0.6983	1.1e-04	0.5381
8762	-108.9836	-108.9836	-77.2951	0.7092	76.7809	0.7050	1.1e-04	0.5383
8763	-109.0065	-109.0065	-78.0046	0.7156	76.0837	0.6985	1.1e-04	0.5375
8764	-108.9912	-108.9912	-78.2676	0.7181	75.8006	0.6959	1.1e-04	0.5374
8765	-108.9771	-108.9771	-77.9551	0.7153	76.0889	0.6988	1.1e-04	0.5370
8766	-108.9843	-108.9843	-78.0317	0.7160	76.0386	0.6981	1.1e-04	0.5356
8767	-108.9786	-108.9786	-77.3073	0.7094	76.7586	0.7048	1.1e-04	0.5364
8768	-108.9994	-108.9994	-78.4819	0.7200	75.5792	0.6939	1.1e-04	0.5361
8769	-108.9905	-108.9905	-77.7111	0.7130	76.3682	0.7012	1.1e-04	0.5385
8770	-108.9992	-108.9992	-77.7272	0.7131	76.3512	0.7011	1.1e-04	0.5371
8771	-108.9890	-108.9890	-77.6411	0.7124	76.4381	0.7018	1.1e-04	0.5367
8772	-109.0086	-109.0086	-77.6657	0.7125	76.4138	0.7017	1.1e-04	0.5359
8773	-108.9936	-108.9936	-77.7848	0.7137	76.2979	0.7005	1.1e-04	0.5370
8774	-108.9895	-108.9895	-78.3395	0.7188	75.7073	0.6951	1.1e-04	0.5359
8775	-108.9836	-108.9836	-77.5358	0.7114	76.5295	0.7027	1.1e-04	0.5362
8776	-108.9840	-108.9840	-76.7762	0.7045	77.2986	0.7096	1.1e-04	0.5362
8777	-108.9920	-108.9920	-77.2241	0.7085	76.8576	0.7057	1.1e-04	0.5359
8778	-108.9989	-108.9989	-77.6219	0.7121	76.4526	0.7020	1.1e-04	0.5354
8779	-108.9885	-108.9885	-77.7534	0.7134	76.3185	0.7007	1.1e-04	0.5371
8780	-108.9883	-108.9883	-78.6487	0.7216	75.3998	0.6922	1.1e-04	0.5364
8781	-108.9931	-108.9931	-77.3681	0.7098	76.6984	0.7042	1.1e-04	0.5368
8782	-108.9927	-108.9927	-76.9443	0.7060	77.1127	0.7081	1.1e-04	0.5359
8783	-108.9852	-108.9852	-77.6946	0.7129	76.3720	0.7013	1.1e-04	0.5370
8784	-108.9988	-108.9988	-77.3554	0.7097	76.7268	0.7044	1.1e-04	0.5361
8785	-108.9978	-108.9978	-77.2096	0.7084	76.8810	0.7059	1.1e-04	0.5370
8786	-108.9750	-108.9750	-77.1724	0.7082	76.8946	0.7060	1.1e-04	0.5358
8787	-109.0021	-109.0021	-76.2286	0.6993	77.8455	0.7147	1.1e-04	0.5366
8788	-109.0075	-109.0075	-76.8361	0.7049	77.2568	0.7093	1.1e-04	0.5364
8789	-108.9783	-108.9783	-77.6670	0.7127	76.4027	0.7015	1.1e-04	0.5364
8790	-108.9949	-108.9949	-77.9200	0.7149	76.1655	0.6992	1.1e-04	0.5357
8791	-108.9834	-108.9834	-76.7295	0.7040	77.3405	0.7101	1.1e-04	0.5367
8792	-108.9806	-108.9806	-76.7475	0.7042	77.3156	0.7099	1.1e-04	0.5364
8793	-108.9993	-108.9993	-77.3010	0.7092	76.7852	0.7050	1.1e-04	0.5372
8794	-108.9979	-108.9979	-76.7664	0.7043	77.2527	0.7093	1.1e-04	0.5375
8795	-108.9865	-108.9865	-77.4281	0.7104	76.6397	0.7037	1.1e-04	0.5372
8796	-108.9855	-108.9855	-77.2185	0.7085	76.8446	0.7056	1.1e-04	0.5356
8797	-108.9706	-108.9706	-77.4038	0.7103	76.6490	0.7037	1.1e-04	0.5363
8798	-108.9685	-108.9685	-76.5066	0.7021	77.5292	0.7120	1.1e-04	0.5361
8799	-108.9840	-108.9840	-77.5875	0.7119	76.4756	0.7023	1.1e-04	0.5380
8800	-108.9841	-108.9841	-77.0235	0.7067	77.0437	0.7074	1.1e-04	0.5372
8801	-108.9949	-108.9949	-77.2653	0.7089	76.8113	0.7053	1.1e-04	0.5358
8802	-109.0058	-109.0058	-76.8282	0.7048	77.2774	0.7094	1.1e-04	0.5360
8803	-108.9717	-108.9717	-77.1972	0.7084	76.8713	0.7058	1.1e-04	0.5376
8804	-108.9968	-108.9968	-76.7124	0.7038	77.3810	0.7104	1.1e-04	0.5379
8805	-108.9949	-108.9949	-76.6467	0.7032	77.4398	0.7109	1.1e-04	0.5370
8806	-108.9947	-108.9947	-75.8557	0.6960	78.2116	0.7181	1.1e-04	0.5362
8807	-108.9943	-108.9943	-76.4512	0.7014	77.6246	0.7127	1.1e-04	0.5360
8808	-108.9789	-108.9789	-76.3926	0.7010	77.6784	0.7132	1.1e-04	0.5353
8809	-108.9845	-108.9845	-76.4785	0.7017	77.6010	0.7124	1.1e-04	0.5371
8810	-108.9839	-108.9839	-76.5034	0.7020	77.5690	0.7122	1.1e-04	0.5362
8811	-108.9767	-108.9767	-75.6755	0.6944	78.3595	0.7194	1.1e-04	0.5377
8812	-108.9701	-108.9701	-76.4390	0.7015	77.6052	0.7126	1.1e-04	0.5374
8813	-108.9965	-108.9965	-76.4902	0.7018	77.5856	0.7123	1.1e-04	0.5372
8814	-108.9922	-108.9922	-77.4480	0.7106	76.6193	0.7034	1.1e-04	0.5371
8815	-108.9754	-108.9754	-76.3542	0.7007	77.7080	0.7135	1.1e-04	0.5381
8816	-108.9965	-108.9965	-77.0313	0.7067	77.0531	0.7074	1.1e-04	0.5380
8817	-109.0067	-109.0067	-76.3687	0.7006	77.7299	0.7136	1.1e-04	0.5381
8818	-109.0030	-109.0030	-76.6971	0.7036	77.3930	0.7105	1.1e-04	0.5376
8819	-108.9809	-108.9809	-77.5471	0.7116	76.5075	0.7025	1.1e-04	0.5372
8820	-108.9923	-108.9923	-76.8672	0.7053	77.2056	0.7090	1.1e-04	0.5374
8821	-108.9822	-108.9822	-76.9170	0.7058	77.1411	0.7083	1.1e-04	0.5389
8822	-108.9868	-108.9868	-76.8657	0.7053	77.2227	0.7089	1.1e-04	0.5376
8823	-108.9879	-108.9879	-77.7151	0.7131	76.3593	0.7010	1.1e-04	0.5369
8824	-108.9816	-108.9816	-76.9510	0.7061	77.1303	0.7081	1.1e-04	0.5369
8825	-109.0053	-109.0053	-76.8249	0.7048	77.2508	0.7093	1.1e-04	0.5371
8826	-109.0010	-109.0010	-76.7746	0.7043	77.3203	0.7098	1.1e-04	0.5367
8827	-109.0012	-109.0012	-76.9726	0.7062	77.1124	0.7079	1.1e-04	0.5378
8828	-108.9838	-108.9838	-76.9813	0.7064	77.0643	0.7076	1.1e-04	0.5370
8829	-108.9874	-108.9874	-76.1181	0.6984	77.9572	0.7157	1.1e-04	0.5376
8830	-108.9770	-108.9770	-76.9548	0.7062	77.1081	0.7081	1.1e-04	0.5378
8831	-108.9965	-108.9965	-77.3699	0.7098	76.7163	0.7044	1.1e-04	0.5375
8832	-108.9829	-108.9829	-76.5872	0.7027	77.4774	0.7114	1.1e-04	0.5373
8833	-108.9943	-108.9943	-77.3752	0.7099	76.7118	0.7042	1.1e-04	0.5375
8834	-108.9900	-108.9900	-76.8913	0.7055	77.1793	0.7086	1.1e-04	0.5377
8835	-108.9899	-108.9899	-76.5071	0.7020	77.5732	0.7122	1.1e-04	0.5365
8836	-108.9730	-108.9730	-77.3094	0.7094	76.7429	0.7047	1.1e-04	0.5362
8837	-109.0022	-109.0022	-77.3911	0.7100	76.6909	0.7041	1.1e-04	0.5366
8838	-108.9840	-108.9840	-76.6541	0.7034	77.4142	0.7108	1.1e-04	0.5363
8839	-108.9650	-108.9650	-77.1605	0.7081	76.9031	0.7061	1.1e-04	0.5386
8840	-108.9904	-108.9904	-76.8617	0.7052	77.2133	0.7090	1.1e-04	0.5379
8841	-109.0005	-109.0005	-76.9430	0.7059	77.1436	0.7083	1.1e-04	0.5381
8842	-108.9916	-108.9916	-77.2444	0.7087	76.8343	0.7054	1.1e-04	0.5384
8843	-108.9948	-108.9948	-77.4796	0.7109	76.6090	0.7033	1.1e-04	0.5365
8844	-108.9867	-108.9867	-77.2016	0.7084	76.8875	0.7058	1.1e-04	0.5348
8845	-108.9906	-108.9906	-75.9168	0.6965	78.1423	0.7174	1.1e-04	0.5369
8846	-108.9887	-108.9887	-77.2186	0.7085	76.8675	0.7057	1.1e-04	0.5368
8847	-108.9846	-108.9846	-76.5804	0.7027	77.4797	0.7115	1.1e-04	0.5376
8848	-108.9939	-108.9939	-76.1826	0.6990	77.8825	0.7151	1.1e-04	0.5373
8849	-108.9886	-108.9886	-77.0505	0.7070	77.0431	0.7072	1.1e-04	0.5382
8850	-108.9823	-108.9823	-76.1558	0.6988	77.9011	0.7153	1.1e-04	0.5376
8851	-108.9892	-108.9892	-77.0125	0.7066	77.0634	0.7076	1.1e-04	0.5379
8852	-108.9889	-108.9889	-76.5970	0.7028	77.4699	0.7113	1.1e-04	0.5378
8853	-108.9921	-108.9921	-76.8540	0.7051	77.2319	0.7091	1.1e-04	0.5369
8854	-108.9925	-108.9925	-76.8126	0.7048	77.2191	0.7090	1.1e-04	0.5363
8855	-108.9930	-108.9930	-76.5286	0.7021	77.5357	0.7119	1.1e-04	0.5358
8856	-108.9669	-108.9669	-77.6199	0.7123	76.4309	0.7018	1.1e-04	0.5364
8857	-109.0043	-109.0043	-76.5448	0.7022	77.5493	0.7118	1.1e-04	0.5365
8858	-108.9924	-108.9924	-77.0017	0.7065	77.0866	0.7077	1.1e-04	0.5360
8859	-109.0129	-109.0129	-77.3154	0.7092	76.8021	0.7050	1.1e-04	0.5357
8860	-108.9883	-108.9883	-77.3601	0.7098	76.7148	0.7044	1.1e-04	0.5364
8861	-108.9863	-108.9863	-77.4392	0.7105	76.6303	0.7036	1.1e-04	0.5363
8862	-108.9960	-108.9960	-76.7828	0.7045	77.2999	0.7097	1.1e-04	0.5356
8863	-108.9908	-108.9908	-77.7639	0.7135	76.2980	0.7006	1.1e-04	0.5359
8864	-108.9776	-108.9776	-77.0131	0.7067	77.0586	0.7075	1.1e-04	0.5365
8865	-108.9816	-108.9816	-77.4292	0.7105	76.6345	0.7036	1.1e-04	0.5377
8866	-108.9965	-108.9965	-76.0287	0.6975	78.0392	0.7165	1.1e-04	0.5363
8867	-108.9885	-108.9885	-77.2384	0.7087	76.8505	0.7055	1.1e-04	0.5366
8868	-108.9857	-108.9857	-77.5087	0.7112	76.5594	0.7030	1.1e-04	0.5365
8869	-108.9884	-108.9884	-77.9703	0.7154	76.0838	0.6984	1.1e-04	0.5367
8870	-109.0019	-109.0019	-77.5800	0.7117	76.5130	0.7025	1.1e-04	0.5366
8871	-108.9925	-108.9925	-76.5901	0.7027	77.4807	0.7115	1.1e-04	0.5375
8872	-108.9901	-108.9901	-78.0004	0.7157	76.0653	0.6984	1.1e-04	0.5377
8873	-108.9974	-108.9974	-77.9725	0.7154	76.0627	0.6984	1.1e-04	0.5375
8874	-108.9816	-108.9816	-77.6009	0.7121	76.4619	0.7021	1.1e-04	0.5367
8875	-108.9910	-108.9910	-77.1083	0.7075	76.9664	0.7067	1.1e-04	0.5370
8876	-108.9967	-108.9967	-77.2037	0.7083	76.8849	0.7059	1.1e-04	0.5372
8877	-108.9990	-108.9990	-77.5746	0.7117	76.5109	0.7025	1.1e-04	0.5376
8878	-108.9943	-108.9943	-77.4574	0.7107	76.6124	0.7035	1.1e-04	0.5380
8879	-108.9899	-108.9899	-77.5984	0.7120	76.4807	0.7022	1.1e-04	0.5384
8880	-108.9891	-108.9891	-76.7679	0.7044	77.3036	0.7097	1.1e-04	0.5369
8881	-108.9941	-108.9941	-78.1357	0.7169	75.9244	0.6972	1.1e-04	0.5376
8882	-108.9953	-108.9953	-77.5769	0.7117	76.5051	0.7024	1.1e-04	0.5360
8883	-108.9808	-108.9808	-77.0578	0.7071	77.0119	0.7071	1.1e-04	0.5366
8884	-108.9785	-108.9785	-77.5848	0.7119	76.4795	0.7023	1.1e-04	0.5354
8885	-108.9983	-108.9983	-77.6860	0.7127	76.3939	0.7014	1.1e-04	0.5376
8886	-108.9763	-108.9763	-76.8342	0.7051	77.2336	0.7091	1.1e-04	0.5380
8887	-108.9906	-108.9906	-77.2112	0.7084	76.8703	0.7058	1.1e-04	0.5376
8888	-109.0159	-109.0159	-77.2842	0.7089	76.7725	0.7050	1.1e-04	0.5362
8889	-109.0032	-109.0032	-76.8293	0.7048	77.2501	0.7092	1.1e-04	0.5449
8890	-108.9961	-108.9961	-77.7560	0.7134	76.3157	0.7007	1.1e-04	0.5361
8891	-108.9940	-108.9940	-76.1864	0.6990	77.8756	0.7150	1.1e-04	0.5359
8892	-108.9840	-108.9840	-76.7674	0.7044	77.3018	0.7098	1.1e-04	0.5368
8893	-108.9837	-108.9837	-77.7595	0.7135	76.3061	0.7007	1.1e-04	0.5373
8894	-108.9974	-108.9974	-77.1319	0.7076	76.9562	0.7065	1.1e-04	0.5358
8895	-108.9942	-108.9942	-77.3332	0.7095	76.7481	0.7047	1.1e-04	0.5364
8896	-108.9793	-108.9793	-77.4154	0.7104	76.6375	0.7038	1.1e-04	0.5371
8897	-108.9918	-108.9918	-76.1206	0.6984	77.9182	0.7154	1.1e-04	0.5364
8898	-108.9952	-108.9952	-78.3864	0.7192	75.6828	0.6948	1.1e-04	0.5360
8899	-108.9973	-108.9973	-76.4089	0.7010	77.6732	0.7131	1.1e-04	0.5370
8900	-108.9842	-108.9842	-77.5357	0.7114	76.4944	0.7024	1.1e-04	0.5375
8901	-108.9736	-108.9736	-77.0842	0.7074	76.9841	0.7068	1.1e-04	0.5364
8902	-108.9871	-108.9871	-77.6857	0.7128	76.3729	0.7013	1.1e-04	0.5368
8903	-108.9754	-108.9754	-77.5459	0.7116	76.5145	0.7026	1.1e-04	0.5365
8904	-108.9696	-108.9696	-77.0146	0.7068	77.0358	0.7074	1.1e-04	0.5355
8905	-108.9919	-108.9919	-76.6324	0.7031	77.4563	0.7111	1.1e-04	0.5368
8906	-108.9917	-108.9917	-76.8796	0.7054	77.1930	0.7087	1.1e-04	0.5370
8907	-108.9889	-108.9889	-76.4598	0.7015	77.6134	0.7126	1.1e-04	0.5372
8908	-108.9805	-108.9805	-76.2311	0.6995	77.8025	0.7143	1.1e-04	0.5378
8909	-108.9908	-108.9908	-76.1509	0.6987	77.9231	0.7154	1.1e-04	0.5373
8910	-108.9989	-108.9989	-75.9936	0.6972	78.0826	0.7169	1.1e-04	0.5356
8911	-108.9966	-108.9966	-76.6409	0.7031	77.4538	0.7110	1.1e-04	0.5361
8912	-108.9914	-108.9914	-76.8731	0.7053	77.2100	0.7088	1.1e-04	0.5359
8913	-108.9842	-108.9842	-77.3800	0.7100	76.6803	0.7041	1.1e-04	0.5373
8914	-108.9832	-108.9832	-77.4068	0.7103	76.6553	0.7038	1.1e-04	0.5379
8915	-108.9718	-108.9718	-77.6730	0.7128	76.3915	0.7014	1.1e-04	0.5388
8916	-108.9912	-108.9912	-77.0419	0.7069	77.0312	0.7073	1.1e-04	0.5375
8917	-108.9851	-108.9851	-77.1529	0.7079	76.9245	0.7063	1.1e-04	0.5379
8918	-108.9951	-108.9951	-75.9607	0.6969	78.1101	0.7172	1.1e-04	0.5362
8919	-108.9850	-108.9850	-76.4744	0.7017	77.5911	0.7125	1.1e-04	0.5370
8920	-108.9955	-108.9955	-77.3659	0.7098	76.7249	0.7044	1.1e-04	0.5374
8921	-108.9948	-108.9948	-76.8738	0.7053	77.2129	0.7089	1.1e-04	0.5360
8922	-108.9831	-108.9831	-77.0496	0.7070	77.0193	0.7072	1.1e-04	0.5372
8923	-108.9845	-108.9845	-76.4997	0.7019	77.5731	0.7122	1.1e-04	0.5393
8924	-108.9904	-108.9904	-77.7827	0.7137	76.2881	0.7004	1.1e-04	0.5389
8925	-108.9908	-108.9908	-77.2164	0.7085	76.8504	0.7056	1.1e-04	0.5370
8926	-109.0021	-109.0021	-76.4775	0.7016	77.6153	0.7125	1.1e-04	0.5366
8927	-108.9887	-108.9887	-76.3483	0.7005	77.7217	0.7136	1.1e-04	0.5359
8928	-108.9843	-108.9843	-75.7948	0.6955	78.2674	0.7186	1.1e-04	0.5368
8929	-108.9854	-108.9854	-76.8990	0.7056	77.1779	0.7086	1.1e-04	0.5386
8930	-108.9919	-108.9919	-77.1118	0.7075	76.9599	0.7066	1.1e-04	0.5387
8931	-108.9880	-108.9880	-76.8967	0.7056	77.1843	0.7086	1.1e-04	0.5382
8932	-108.9979	-108.9979	-76.5734	0.7025	77.5000	0.7116	1.1e-04	0.5373
8933	-109.0070	-109.0070	-77.2780	0.7089	76.8203	0.7052	1.1e-04	0.5384
8934	-109.0019	-109.0019	-76.3990	0.7009	77.6824	0.7131	1.1e-04	0.5366
8935	-108.9996	-108.9996	-76.8230	0.7048	77.2653	0.7094	1.1e-04	0.5382
8936	-109.0001	-109.0001	-76.5822	0.7026	77.4935	0.7114	1.1e-04	0.5373
8937	-108.9786	-108.9786	-76.8626	0.7053	77.2012	0.7088	1.1e-04	0.5380
8938	-108.9803	-108.9803	-76.9801	0.7064	77.0875	0.7078	1.1e-04	0.5376
8939	-108.9711	-108.9711	-76.5257	0.7023	77.5134	0.7118	1.1e-04	0.5364
8940	-108.9954	-108.9954	-77.0132	0.7066	77.0773	0.7076	1.1e-04	0.5358
8941	-108.9942	-108.9942	-77.5791	0.7118	76.5023	0.7024	1.1e-04	0.5375
8942	-108.9850	-108.9850	-76.9385	0.7060	77.1192	0.7081	1.1e-04	0.5377
8943	-108.9827	-108.9827	-76.3337	0.7004	77.7356	0.7137	1.1e-04	0.5364
8944	-109.0069	-109.0069	-75.7146	0.6946	78.3667	0.7194	1.1e-04	0.5367
8945	-109.0166	-109.0166	-75.7791	0.6951	78.3191	0.7189	1.1e-04	0.5381
8946	-108.9922	-108.9922	-76.1455	0.6986	77.9297	0.7155	1.1e-04	0.5375
8947	-108.9999	-108.9999	-76.1237	0.6984	77.9498	0.7156	1.1e-04	0.5381
8948	-108.9984	-108.9984	-76.6392	0.7031	77.4480	0.7111	1.1e-04	0.5381
8949	-109.0011	-109.0011	-76.4597	0.7015	77.6207	0.7126	1.1e-04	0.5389
8950	-108.9865	-108.9865	-76.5602	0.7025	77.5166	0.7117	1.1e-04	0.5394
8951	-108.9906	-108.9906	-77.1729	0.7081	76.9127	0.7061	1.1e-04	0.5381
8952	-108.9747	-108.9747	-76.6789	0.7036	77.3873	0.7105	1.1e-04	0.5363
8953	-108.9814	-108.9814	-76.6702	0.7035	77.4023	0.7107	1.1e-04	0.5372
8954	-108.9846	-108.9846	-77.7355	0.7133	76.3346	0.7008	1.1e-04	0.5377
8955	-108.9716	-108.9716	-76.7519	0.7043	77.3070	0.7099	1.1e-04	0.5382
8956	-108.9876	-108.9876	-77.2660	0.7089	76.8063	0.7053	1.1e-04	0.5382
8957	-108.9867	-108.9867	-76.2546	0.6997	77.7910	0.7143	1.1e-04	0.5380
8958	-108.9820	-108.9820	-75.8946	0.6964	78.1410	0.7175	1.1e-04	0.5372
8959	-108.9924	-108.9924	-76.1931	0.6991	77.8729	0.7150	1.1e-04	0.5374
8960	-108.9991	-108.9991	-77.0579	0.7070	77.0034	0.7070	1.1e-04	0.5371
8961	-108.9989	-108.9989	-76.2287	0.6994	77.8496	0.7148	1.1e-04	0.5366
8962	-109.0056	-109.0056	-76.5408	0.7022	77.5267	0.7119	1.1e-04	0.5368
8963	-108.9834	-108.9834	-75.7440	0.6950	78.2856	0.7188	1.1e-04	0.5364
8964	-108.9897	-108.9897	-76.7334	0.7040	77.3392	0.7101	1.1e-04	0.5364
8965	-108.9852	-108.9852	-76.5817	0.7027	77.4860	0.7115	1.1e-04	0.5380
8966	-108.9812	-108.9812	-76.2608	0.6998	77.8164	0.7144	1.1e-04	0.5373
8967	-109.0007	-109.0007	-76.2968	0.7000	77.7889	0.7141	1.1e-04	0.5380
8968	-108.9855	-108.9855	-76.8394	0.7050	77.2285	0.7091	1.1e-04	0.5374
8969	-108.9928	-108.9928	-76.1296	0.6985	77.9384	0.7155	1.1e-04	0.5353
8970	-108.9828	-108.9828	-76.6759	0.7036	77.3909	0.7106	1.1e-04	0.5367
8971	-108.9831	-108.9831	-76.9726	0.7063	77.1000	0.7079	1.1e-04	0.5367
8972	-109.0067	-109.0067	-76.1436	0.6985	77.9486	0.7156	1.1e-04	0.5378
8973	-108.9913	-108.9913	-77.2887	0.7091	76.7667	0.7049	1.1e-04	0.5376
8974	-108.9824	-108.9824	-77.0723	0.7072	76.9958	0.7070	1.1e-04	0.5380
8975	-108.9870	-108.9870	-76.9869	0.7064	77.0616	0.7076	1.1e-04	0.5372
8976	-108.9873	-108.9873	-76.0553	0.6978	78.0042	0.7161	1.1e-04	0.5376
8977	-108.9905	-108.9905	-76.5258	0.7021	77.5586	0.7120	1.1e-04	0.5383
8978	-108.9864	-108.9864	-76.0748	0.6980	77.9978	0.7161	1.1e-04	0.5390
8979	-108.9921	-108.9921	-75.6969	0.6945	78.3560	0.7194	1.1e-04	0.5383
8980	-108.9953	-108.9953	-75.8920	0.6963	78.1779	0.7177	1.1e-04	0.5372
8981	-108.9924	-108.9924	-77.0352	0.7068	77.0524	0.7074	1.1e-04	0.5369
8982	-108.9701	-108.9701	-76.2319	0.6996	77.8055	0.7145	1.1e-04	0.5365
8983	-108.9918	-108.9918	-76.6806	0.7035	77.3855	0.7106	1.1e-04	0.5384
8984	-109.0001	-109.0001	-76.2618	0.6996	77.8193	0.7143	1.1e-04	0.5371
8985	-108.9939	-108.9939	-76.9110	0.7056	77.1655	0.7086	1.1e-04	0.5393
8986	-108.9943	-108.9944	-75.9133	0.6965	78.1607	0.7176	1.1e-04	0.5368
8987	-108.9902	-108.9902	-76.4294	0.7013	77.6444	0.7129	1.1e-04	0.5379
8988	-108.9790	-108.9790	-76.4396	0.7014	77.6170	0.7127	1.1e-04	0.5383
8989	-108.9897	-108.9897	-76.4704	0.7016	77.6017	0.7124	1.1e-04	0.5381
8990	-108.9788	-108.9788	-77.1582	0.7080	76.9143	0.7062	1.1e-04	0.5371
8991	-108.9957	-108.9957	-76.4566	0.7015	77.6284	0.7127	1.1e-04	0.5386
8992	-108.9987	-108.9987	-75.9930	0.6972	78.0802	0.7169	1.1e-04	0.5362
8993	-109.0036	-109.0036	-76.5860	0.7026	77.4957	0.7115	1.1e-04	0.5357
8994	-109.0052	-109.0052	-76.8819	0.7053	77.2171	0.7089	1.1e-04	0.5365
8995	-108.9855	-108.9855	-76.8028	0.7047	77.2734	0.7095	1.1e-04	0.5382
8996	-108.9769	-108.9769	-76.3507	0.7006	77.7034	0.7135	1.1e-04	0.5379
8997	-108.9797	-108.9797	-76.5944	0.7028	77.4681	0.7114	1.1e-04	0.5375
8998	-108.9988	-108.9988	-76.9701	0.7062	77.1065	0.7079	1.1e-04	0.5381
8999	-108.9821	-108.9821	-76.1081	0.6984	77.9624	0.7157	1.1e-04	0.5362
9000	-108.9922	-108.9923	-76.0725	0.6980	77.9985	0.7161	1.1e-04	0.5362
9001	-108.9857	-108.9857	-77.2247	0.7086	76.8555	0.7056	1.1e-04	0.5356
9002	-108.9967	-108.9967	-76.3238	0.7002	77.7533	0.7139	1.1e-04	0.5374
9003	-108.9948	-108.9949	-75.4402	0.6921	78.6148	0.7217	1.1e-04	0.5367
9004	-108.9951	-108.9951	-76.0762	0.6980	78.0016	0.7161	1.1e-04	0.5372
9005	-108.9816	-108.9816	-76.3570	0.7006	77.7145	0.7134	1.1e-04	0.5385
9006	-108.9902	-108.9902	-76.5708	0.7025	77.5199	0.7116	1.1e-04	0.5365
9007	-108.9694	-108.9694	-77.3107	0.7095	76.7444	0.7047	1.1e-04	0.5368
9008	-108.9818	-108.9818	-77.6415	0.7124	76.4242	0.7017	1.1e-04	0.5372
9009	-108.9966	-108.9966	-77.4332	0.7104	76.6412	0.7037	1.1e-04	0.5366
9010	-108.9890	-108.9890	-77.0071	0.7066	77.0625	0.7076	1.1e-04	0.5360
9011	-108.9834	-108.9834	-77.0382	0.7069	77.0406	0.7073	1.1e-04	0.5363
9012	-108.9871	-108.9871	-76.7057	0.7038	77.3685	0.7104	1.1e-04	0.5362
9013	-108.9736	-108.9736	-77.0695	0.7072	76.9659	0.7068	1.1e-04	0.5363
9014	-108.9882	-108.9882	-76.6425	0.7032	77.4389	0.7109	1.1e-04	0.5359
9015	-108.9883	-108.9883	-76.5730	0.7026	77.5029	0.7116	1.1e-04	0.5379
9016	-108.9787	-108.9787	-77.2584	0.7089	76.8109	0.7052	1.1e-04	0.5363
9017	-108.9894	-108.9894	-76.4894	0.7018	77.5726	0.7123	1.1e-04	0.5371
9018	-108.9783	-108.9783	-77.6326	0.7124	76.4416	0.7018	1.1e-04	0.5376
9019	-108.9810	-108.9810	-77.5388	0.7115	76.5011	0.7024	1.1e-04	0.5372
9020	-108.9680	-108.9680	-77.1560	0.7081	76.9068	0.7061	1.1e-04	0.5368
9021	-108.9897	-108.9897	-77.0309	0.7068	77.0621	0.7074	1.1e-04	0.5367
9022	-108.9767	-108.9767	-77.1012	0.7075	76.9686	0.7067	1.1e-04	0.5376
9023	-109.0016	-109.0016	-75.9121	0.6964	78.1643	0.7176	1.1e-04	0.5379
9024	-109.0051	-109.0051	-76.2998	0.7000	77.7935	0.7142	1.1e-04	0.5376
9025	-108.9858	-108.9858	-76.9149	0.7057	77.1599	0.7084	1.1e-04	0.5385
9026	-108.9978	-108.9978	-76.9232	0.7057	77.1649	0.7085	1.1e-04	0.5378
9027	-108.9839	-108.9839	-76.6959	0.7037	77.3808	0.7104	1.1e-04	0.5379
9028	-108.9891	-108.9891	-77.1100	0.7075	76.9799	0.7067	1.1e-04	0.5381
9029	-108.9955	-108.9955	-76.7257	0.7039	77.3671	0.7102	1.1e-04	0.5363
9030	-108.9937	-108.9937	-76.3051	0.7001	77.7797	0.7140	1.1e-04	0.5367
9031	-108.9752	-108.9752	-77.0461	0.7070	77.0097	0.7071	1.1e-04	0.5378
9032	-108.9904	-108.9906	-74.9763	0.6879	79.0398	0.7257	1.1e-04	0.5360
9033	-109.0093	-109.0093	-76.9914	0.7063	77.1017	0.7079	1.1e-04	0.5376
9034	-109.0002	-109.0002	-76.9331	0.7058	77.1320	0.7082	1.1e-04	0.5375
9035	-108.9878	-108.9878	-76.5512	0.7024	77.5265	0.7117	1.1e-04	0.5377
9036	-108.9935	-108.9935	-77.2909	0.7091	76.7812	0.7049	1.1e-04	0.5360
9037	-108.9732	-108.9732	-76.6569	0.7034	77.4080	0.7107	1.1e-04	0.5365
9038	-108.9680	-108.9680	-77.1833	0.7083	76.8752	0.7059	1.1e-04	0.5365
9039	-108.9801	-108.9801	-77.2473	0.7088	76.8200	0.7053	1.1e-04	0.5365
9040	-108.9751	-108.9751	-76.8586	0.7053	77.1975	0.7088	1.1e-04	0.5366
9041	-108.9924	-108.9924	-77.8437	0.7142	76.2180	0.6999	1.1e-04	0.5382
9042	-108.9898	-108.9898	-76.4793	0.7017	77.5920	0.7125	1.1e-04	0.5371
9043	-108.9803	-108.9803	-77.3335	0.7096	76.7086	0.7043	1.1e-04	0.5358
9044	-108.9975	-108.9975	-76.7151	0.7038	77.3799	0.7104	1.1e-04	0.5365
9045	-108.9979	-108.9979	-77.7205	0.7130	76.3558	0.7010	1.1e-04	0.5362
9046	-108.9828	-108.9828	-76.1931	0.6991	77.8778	0.7150	1.1e-04	0.5365
9047	-108.9882	-108.9882	-77.8236	0.7141	76.2245	0.6999	1.1e-04	0.5377
9048	-108.9909	-108.9909	-76.6152	0.7030	77.4697	0.7112	1.1e-04	0.5359
9049	-108.9945	-108.9945	-76.6348	0.7031	77.4628	0.7111	1.1e-04	0.5354
9050	-109.0044	-109.0044	-76.9581	0.7060	77.1465	0.7082	1.1e-04	0.5361
9051	-108.9887	-108.9887	-76.6012	0.7028	77.4786	0.7113	1.1e-04	0.5371
9052	-108.9950	-108.9950	-77.7136	0.7130	76.3737	0.7011	1.1e-04	0.5376
9053	-109.0072	-109.0072	-76.0251	0.6974	78.0680	0.7167	1.1e-04	0.5389
9054	-108.9841	-108.9841	-76.4323	0.7013	77.6246	0.7128	1.1e-04	0.5372
9055	-109.0110	-109.0110	-78.3413	0.7187	75.7004	0.6949	1.1e-04	0.5373
9056	-108.9921	-108.9921	-77.3567	0.7097	76.7274	0.7045	1.1e-04	0.5358
9057	-108.9891	-108.9891	-77.7383	0.7133	76.3347	0.7008	1.1e-04	0.5366
9058	-108.9940	-108.9940	-76.7389	0.7041	77.3442	0.7101	1.1e-04	0.5366
9059	-109.0094	-109.0094	-76.7877	0.7044	77.3038	0.7097	1.1e-04	0.5365
9060	-108.9733	-108.9733	-77.8470	0.7144	76.2189	0.6997	1.1e-04	0.5357
9061	-108.9863	-108.9863	-77.2617	0.7089	76.8134	0.7052	1.1e-04	0.5367
9062	-108.9895	-108.9895	-77.2318	0.7086	76.8261	0.7054	1.1e-04	0.5365
9063	-108.9878	-108.9878	-76.4427	0.7014	77.6315	0.7128	1.1e-04	0.5364
9064	-108.9851	-108.9851	-76.7544	0.7043	77.2904	0.7096	1.1e-04	0.5356
9065	-108.9851	-108.9851	-77.2693	0.7090	76.8237	0.7052	1.1e-04	0.5369
9066	-108.9840	-108.9840	-76.6496	0.7033	77.4187	0.7109	1.1e-04	0.5363
9067	-109.0012	-109.0012	-76.8252	0.7048	77.2748	0.7094	1.1e-04	0.5377
9068	-108.9868	-108.9868	-76.9160	0.7057	77.1677	0.7085	1.1e-04	0.5384
9069	-108.9750	-108.9750	-77.3637	0.7099	76.6964	0.7043	1.1e-04	0.5380
9070	-108.9871	-108.9871	-77.8085	0.7139	76.2477	0.7001	1.1e-04	0.5361
9071	-108.9765	-108.9765	-77.7356	0.7133	76.3235	0.7008	1.1e-04	0.5357
9072	-109.0068	-109.0068	-76.6707	0.7034	77.4288	0.7108	1.1e-04	0.5370
9073	-108.9893	-108.9893	-77.4272	0.7104	76.6611	0.7038	1.1e-04	0.5387
9074	-108.9926	-108.9926	-77.6335	0.7123	76.4471	0.7019	1.1e-04	0.5393
9075	-108.9995	-108.9995	-78.0637	0.7162	76.0227	0.6979	1.1e-04	0.5357
9076	-108.9762	-108.9762	-77.1437	0.7079	76.9181	0.7063	1.1e-04	0.5360
9077	-108.9910	-108.9910	-77.9159	0.7149	76.1627	0.6992	1.1e-04	0.5378
9078	-109.0094	-109.0094	-77.1292	0.7075	76.9783	0.7067	1.1e-04	0.5379
9079	-108.9842	-108.9842	-76.4054	0.7011	77.6763	0.7131	1.1e-04	0.5363
9080	-108.9870	-108.9870	-77.4983	0.7111	76.5852	0.7031	1.1e-04	0.5357
9081	-108.9773	-108.9773	-77.2301	0.7087	76.8168	0.7053	1.1e-04	0.5366
9082	-109.0026	-109.0026	-77.8703	0.7144	76.1864	0.6997	1.1e-04	0.5367
9083	-109.0028	-109.0028	-77.8230	0.7140	76.2737	0.7002	1.1e-04	0.5383
9084	-108.9932	-108.9932	-77.6786	0.7127	76.3930	0.7014	1.1e-04	0.5370
9085	-108.9988	-108.9988	-77.4316	0.7104	76.6579	0.7038	1.1e-04	0.5365
9086	-108.9864	-108.9864	-77.3964	0.7101	76.6707	0.7040	1.1e-04	0.5355
9087	-108.9875	-108.9875	-76.9840	0.7064	77.0965	0.7078	1.1e-04	0.5367
9088	-108.9846	-108.9846	-77.9836	0.7155	76.0698	0.6984	1.1e-04	0.5370
9089	-109.0147	-109.0147	-76.8706	0.7051	77.2419	0.7091	1.1e-04	0.5363
9090	-108.9849	-108.9849	-77.6093	0.7121	76.4634	0.7020	1.1e-04	0.5358
9091	-108.9851	-108.9851	-76.8698	0.7053	77.1209	0.7081	1.1e-04	0.5362
9092	-108.9971	-108.9971	-77.0786	0.7072	77.0069	0.7070	1.1e-04	0.5356
9093	-108.9866	-108.9866	-77.1831	0.7082	76.8999	0.7060	1.1e-04	0.5364
9094	-108.9947	-108.9947	-77.0159	0.7066	77.0785	0.7076	1.1e-04	0.5361
9095	-108.9901	-108.9901	-77.1457	0.7078	76.9068	0.7064	1.1e-04	0.5362
9096	-108.9836	-108.9836	-76.9762	0.7063	77.0927	0.7079	1.1e-04	0.5362
9097	-108.9943	-108.9943	-77.2822	0.7090	76.8052	0.7051	1.1e-04	0.5364
9098	-108.9976	-108.9976	-76.9220	0.7057	77.1753	0.7085	1.1e-04	0.5365
9099	-108.9999	-108.9999	-77.1793	0.7081	76.9155	0.7061	1.1e-04	0.5365
9100	-108.9871	-108.9871	-77.6557	0.7125	76.4305	0.7016	1.1e-04	0.5365
9101	-109.0027	-109.0027	-77.6297	0.7122	76.4408	0.7018	1.1e-04	0.5350
9102	-108.9940	-108.9940	-77.2531	0.7088	76.8429	0.7054	1.1e-04	0.5355
9103	-108.9935	-108.9935	-77.5236	0.7113	76.5572	0.7029	1.1e-04	0.5368
9104	-109.0101	-109.0101	-77.7391	0.7131	76.3746	0.7010	1.1e-04	0.5357
9105	-108.9883	-108.9883	-78.1569	0.7171	75.9122	0.6970	1.1e-04	0.5366
9106	-108.9920	-108.9920	-77.4736	0.7108	76.6175	0.7034	1.1e-04	0.5362
9107	-108.9817	-108.9817	-78.1157	0.7168	75.9444	0.6973	1.1e-04	0.5368
9108	-108.9935	-108.9935	-77.6407	0.7123	76.4400	0.7018	1.1e-04	0.5366
9109	-108.9749	-108.9749	-77.4482	0.7107	76.6262	0.7035	1.1e-04	0.5376
9110	-108.9921	-108.9921	-77.6353	0.7123	76.4319	0.7017	1.1e-04	0.5377
9111	-108.9894	-108.9894	-77.9029	0.7148	76.1755	0.6994	1.1e-04	0.5398
9112	-108.9791	-108.9791	-77.5215	0.7113	76.5505	0.7028	1.1e-04	0.5375
9113	-108.9926	-108.9926	-78.1733	0.7172	75.8893	0.6967	1.1e-04	0.5365
9114	-108.9960	-108.9960	-77.3682	0.7098	76.7163	0.7043	1.1e-04	0.5365
9115	-108.9818	-108.9818	-77.9006	0.7148	76.1569	0.6992	1.1e-04	0.5366
9116	-108.9779	-108.9779	-77.2252	0.7086	76.8376	0.7056	1.1e-04	0.5390
9117	-108.9995	-108.9995	-77.3257	0.7094	76.7697	0.7048	1.1e-04	0.5381
9118	-109.0017	-109.0017	-76.9142	0.7056	77.1899	0.7086	1.1e-04	0.5365
9119	-108.9877	-108.9877	-77.4502	0.7106	76.6087	0.7034	1.1e-04	0.5372
9120	-108.9865	-108.9865	-78.5184	0.7204	75.5284	0.6935	1.1e-04	0.5367
9121	-108.9907	-108.9907	-78.6363	0.7215	75.4013	0.6924	1.1e-04	0.5381
9122	-108.9743	-108.9743	-77.7895	0.7138	76.2717	0.7003	1.1e-04	0.5393
9123	-108.9765	-108.9765	-78.2591	0.7181	75.7770	0.6958	1.1e-04	0.5390
9124	-108.9923	-108.9923	-77.3927	0.7101	76.6732	0.7039	1.1e-04	0.5392
9125	-108.9924	-108.9924	-77.7108	0.7130	76.3670	0.7012	1.1e-04	0.5375
9126	-108.9981	-108.9981	-77.6008	0.7119	76.4882	0.7022	1.1e-04	0.5366
9127	-108.9936	-108.9936	-78.0316	0.7159	76.0447	0.6982	1.1e-04	0.5373
9128	-109.0052	-109.0052	-78.5345	0.7205	75.5469	0.6935	1.1e-04	0.5368
9129	-108.9942	-108.9942	-77.2383	0.7086	76.8103	0.7052	1.1e-04	0.5384
9130	-108.9857	-108.9857	-77.5409	0.7115	76.5319	0.7027	1.1e-04	0.5377
9131	-109.0042	-109.0042	-78.1299	0.7168	75.9592	0.6973	1.1e-04	0.5382
9132	-108.9857	-108.9857	-77.4112	0.7103	76.6540	0.7039	1.1e-04	0.5366
9133	-108.9911	-108.9911	-77.9044	0.7148	76.1747	0.6994	1.1e-04	0.5391
9134	-108.9904	-108.9904	-77.9700	0.7154	76.0904	0.6987	1.1e-04	0.5381
9135	-108.9710	-108.9710	-78.0656	0.7164	75.9851	0.6977	1.1e-04	0.5391
9136	-108.9892	-108.9892	-77.2658	0.7089	76.7967	0.7052	1.1e-04	0.5378
9137	-108.9935	-108.9935	-78.9004	0.7239	75.1373	0.6899	1.1e-04	0.5378
9138	-108.9770	-108.9770	-78.4669	0.7200	75.5716	0.6939	1.1e-04	0.5384
9139	-108.9663	-108.9663	-78.2625	0.7182	75.7622	0.6957	1.1e-04	0.5384
9140	-108.9926	-108.9926	-77.9070	0.7148	76.1681	0.6993	1.1e-04	0.5383
9141	-108.9821	-108.9821	-77.9998	0.7157	76.0546	0.6984	1.1e-04	0.5386
9142	-108.9831	-108.9831	-78.3182	0.7186	75.6804	0.6950	1.1e-04	0.5372
9143	-108.9856	-108.9856	-78.6278	0.7215	75.4225	0.6925	1.1e-04	0.5381
9144	-108.9842	-108.9842	-77.5450	0.7115	76.5128	0.7025	1.1e-04	0.5367
9145	-108.9916	-108.9916	-77.7476	0.7133	76.3346	0.7008	1.1e-04	0.5363
9146	-108.9941	-108.9941	-77.4895	0.7110	76.5915	0.7032	1.1e-04	0.5369
9147	-108.9946	-108.9946	-78.4075	0.7194	75.6497	0.6946	1.1e-04	0.5374
9148	-108.9919	-108.9919	-77.7203	0.7131	76.3530	0.7011	1.1e-04	0.5366
9149	-108.9800	-108.9800	-77.1864	0.7083	76.8808	0.7059	1.1e-04	0.5363
9150	-108.9854	-108.9854	-77.9045	0.7148	76.1564	0.6993	1.1e-04	0.5357
9151	-108.9846	-108.9846	-78.7894	0.7229	75.2401	0.6909	1.1e-04	0.5381
9152	-108.9785	-108.9785	-78.5030	0.7204	75.5161	0.6934	1.1e-04	0.5372
9153	-108.9939	-108.9939	-78.3652	0.7190	75.7047	0.6950	1.1e-04	0.5363
9154	-108.9848	-108.9848	-78.0292	0.7160	76.0411	0.6981	1.1e-04	0.5361
9155	-108.9939	-108.9939	-78.4888	0.7201	75.5709	0.6938	1.1e-04	0.5355
9156	-108.9737	-108.9737	-77.7225	0.7132	76.3444	0.7009	1.1e-04	0.5358
9157	-108.9896	-108.9896	-77.4277	0.7104	76.6528	0.7038	1.1e-04	0.5366
9158	-109.0074	-109.0074	-78.1955	0.7173	75.8899	0.6967	1.1e-04	0.5385
9159	-109.0035	-109.0035	-78.1331	0.7168	75.9443	0.6972	1.1e-04	0.5391
9160	-109.0017	-109.0017	-77.7557	0.7133	76.3203	0.7007	1.1e-04	0.5384
9161	-108.9935	-108.9935	-77.3664	0.7098	76.6861	0.7041	1.1e-04	0.5361
9162	-108.9999	-108.9999	-76.9572	0.7060	77.1272	0.7081	1.1e-04	0.5360
9163	-109.0031	-109.0031	-77.3406	0.7095	76.7642	0.7047	1.1e-04	0.5374
9164	-109.0057	-109.0057	-77.9332	0.7149	76.1464	0.6991	1.1e-04	0.5367
9165	-108.9920	-108.9920	-78.1828	0.7173	75.8899	0.6967	1.1e-04	0.5370
9166	-108.9894	-108.9894	-77.8130	0.7139	76.2443	0.7000	1.1e-04	0.5369
9167	-108.9741	-108.9741	-78.0994	0.7167	75.9455	0.6974	1.1e-04	0.5363
9168	-108.9868	-108.9868	-78.2106	0.7176	75.8568	0.6964	1.1e-04	0.5370
9169	-108.9869	-108.9869	-78.4938	0.7202	75.5490	0.6937	1.1e-04	0.5373
9170	-108.9897	-108.9897	-77.1161	0.7076	76.9510	0.7065	1.1e-04	0.5378
9171	-109.0088	-109.0088	-77.9331	0.7149	76.1391	0.6990	1.1e-04	0.5375
9172	-108.9825	-108.9825	-78.0362	0.7160	76.0035	0.6979	1.1e-04	0.5380
9173	-108.9878	-108.9878	-77.7654	0.7135	76.3058	0.7006	1.1e-04	0.5377
9174	-108.9809	-108.9809	-77.9128	0.7149	76.1729	0.6992	1.1e-04	0.5374
9175	-108.9917	-108.9917	-78.3466	0.7188	75.7111	0.6951	1.1e-04	0.5362
9176	-108.9834	-108.9834	-77.3698	0.7099	76.7003	0.7043	1.1e-04	0.5359
9177	-108.9763	-108.9763	-77.3731	0.7100	76.6707	0.7040	1.1e-04	0.5363
9178	-108.9769	-108.9769	-77.6835	0.7128	76.3645	0.7013	1.1e-04	0.5364
9179	-108.9862	-108.9862	-77.4735	0.7109	76.5971	0.7033	1.1e-04	0.5373
9180	-108.9830	-108.9830	-77.7124	0.7131	76.3630	0.7011	1.1e-04	0.5362
9181	-109.0043	-109.0043	-77.5123	0.7111	76.5509	0.7028	1.1e-04	0.5367
9182	-108.9870	-108.9870	-77.7207	0.7131	76.3533	0.7010	1.1e-04	0.5364
9183	-108.9875	-108.9875	-77.4194	0.7104	76.6604	0.7038	1.1e-04	0.5369
9184	-108.9810	-108.9810	-77.9904	0.7156	76.0734	0.6985	1.1e-04	0.5372
9185	-109.0146	-109.0146	-77.6388	0.7122	76.4358	0.7018	1.1e-04	0.5376
9186	-108.9894	-108.9894	-78.0998	0.7166	75.9697	0.6975	1.1e-04	0.5368
9187	-108.9984	-108.9984	-76.9277	0.7058	77.1620	0.7084	1.1e-04	0.5390
9188	-109.0168	-109.0168	-76.6296	0.7029	77.4577	0.7113	1.1e-04	0.5367
9189	-108.9955	-108.9955	-77.7350	0.7132	76.3365	0.7009	1.1e-04	0.5370
9190	-108.9987	-108.9987	-77.8128	0.7139	76.2703	0.7002	1.1e-04	0.5369
9191	-108.9886	-108.9886	-76.6831	0.7036	77.4002	0.7106	1.1e-04	0.5378
9192	-108.9946	-108.9946	-78.1684	0.7172	75.9049	0.6969	1.1e-04	0.5360
9193	-108.9804	-108.9804	-77.4667	0.7108	76.6038	0.7033	1.1e-04	0.5364
9194	-109.0034	-109.0034	-77.6012	0.7119	76.4835	0.7022	1.1e-04	0.5360
9195	-108.9886	-108.9886	-79.1653	0.7264	74.8557	0.6873	1.1e-04	0.5365
9196	-108.9912	-108.9912	-77.3345	0.7095	76.7368	0.7046	1.1e-04	0.5365
9197	-108.9976	-108.9976	-77.7356	0.7132	76.3385	0.7009	1.1e-04	0.5371
9198	-108.9721	-108.9721	-77.9369	0.7152	76.1028	0.6988	1.1e-04	0.5385
9199	-108.9962	-108.9962	-77.9793	0.7154	76.0941	0.6987	1.1e-04	0.5362
9200	-108.9927	-108.9927	-78.6506	0.7216	75.4031	0.6923	1.1e-04	0.5360
9201	-108.9755	-108.9755	-76.5014	0.7020	77.5606	0.7122	1.1e-04	0.5363
9202	-108.9816	-108.9816	-78.1973	0.7175	75.8512	0.6965	1.1e-04	0.5365
9203	-108.9891	-108.9891	-77.9239	0.7150	76.1280	0.6991	1.1e-04	0.5373
9204	-108.9880	-108.9880	-78.5774	0.7210	75.4712	0.6930	1.1e-04	0.5363
9205	-108.9945	-108.9945	-78.2429	0.7179	75.8282	0.6962	1.1e-04	0.5367
9206	-108.9792	-108.9792	-77.6370	0.7124	76.4119	0.7016	1.1e-04	0.5363
9207	-108.9939	-108.9939	-76.6872	0.7036	77.3964	0.7106	1.1e-04	0.5370
9208	-108.9886	-108.9886	-77.4019	0.7102	76.6739	0.7040	1.1e-04	0.5360
9209	-109.0037	-109.0037	-77.7757	0.7135	76.3255	0.7006	1.1e-04	0.5357
9210	-108.9816	-108.9816	-76.1876	0.6991	77.8781	0.7150	1.1e-04	0.5363
9211	-109.0000	-109.0000	-76.8795	0.7053	77.2107	0.7089	1.1e-04	0.5357
9212	-108.9912	-108.9912	-76.8868	0.7054	77.1899	0.7087	1.1e-04	0.5358
9213	-108.9850	-108.9850	-77.4889	0.7110	76.5794	0.7031	1.1e-04	0.5360
9214	-108.9984	-108.9984	-76.8843	0.7054	77.1933	0.7088	1.1e-04	0.5360
9215	-108.9835	-108.9835	-77.1880	0.7083	76.8839	0.7059	1.1e-04	0.5355
9216	-109.0041	-109.0041	-77.4485	0.7105	76.6534	0.7037	1.1e-04	0.5353
9217	-108.9921	-108.9921	-78.2653	0.7181	75.7932	0.6959	1.1e-04	0.5362
9218	-109.0142	-109.0142	-77.0457	0.7067	77.0553	0.7074	1.1e-04	0.5359
9219	-108.9994	-108.9994	-76.8494	0.7050	77.2357	0.7091	1.1e-04	0.5368
9220	-108.9900	-108.9900	-77.0592	0.7070	77.0219	0.7071	1.1e-04	0.5360
9221	-108.9971	-108.9971	-78.1001	0.7165	75.9722	0.6975	1.1e-04	0.5360
9222	-108.9851	-108.9851	-77.2250	0.7086	76.8573	0.7056	1.1e-04	0.5368
9223	-108.9728	-108.9728	-76.6987	0.7038	77.3505	0.7103	1.1e-04	0.5372
9224	-108.9976	-108.9976	-77.1071	0.7074	76.9808	0.7068	1.1e-04	0.5372
9225	-108.9761	-108.9761	-77.2896	0.7092	76.7793	0.7050	1.1e-04	0.5377
9226	-108.9870	-108.9870	-77.6753	0.7127	76.3950	0.7015	1.1e-04	0.5376
9227	-108.9828	-108.9828	-76.3967	0.7010	77.6785	0.7131	1.1e-04	0.5375
9228	-108.9966	-108.9966	-77.3234	0.7094	76.7610	0.7048	1.1e-04	0.5362
9229	-108.9958	-108.9958	-77.9234	0.7149	76.1384	0.6990	1.1e-04	0.5363
9230	-108.9759	-108.9759	-77.6284	0.7123	76.4298	0.7018	1.1e-04	0.5369
9231	-108.9961	-108.9961	-78.2655	0.7181	75.7960	0.6960	1.1e-04	0.5380
9232	-108.9822	-108.9822	-77.5065	0.7112	76.5695	0.7030	1.1e-04	0.5356
9233	-108.9892	-108.9892	-78.4069	0.7194	75.6453	0.6946	1.1e-04	0.5365
9234	-108.9885	-108.9885	-77.8583	0.7144	76.2122	0.6997	1.1e-04	0.5356
9235	-108.9825	-108.9825	-77.4226	0.7104	76.6402	0.7038	1.1e-04	0.5371
9236	-108.9894	-108.9894	-77.2359	0.7087	76.8356	0.7055	1.1e-04	0.5365
9237	-109.0060	-109.0060	-77.0305	0.7067	77.0656	0.7075	1.1e-04	0.5373
9238	-108.9887	-108.9887	-77.7322	0.7132	76.3434	0.7009	1.1e-04	0.5383
9239	-108.9906	-108.9906	-77.1344	0.7077	76.9370	0.7064	1.1e-04	0.5363
9240	-108.9971	-108.9971	-78.0038	0.7157	76.0686	0.6985	1.1e-04	0.5356
9241	-108.9785	-108.9785	-78.0943	0.7166	75.9320	0.6972	1.1e-04	0.5363
9242	-108.9698	-108.9698	-76.6987	0.7039	77.3542	0.7103	1.1e-04	0.5369
9243	-108.9865	-108.9865	-77.5571	0.7116	76.5003	0.7025	1.1e-04	0.5375
9244	-109.0015	-109.0015	-77.4003	0.7101	76.6961	0.7041	1.1e-04	0.5367
9245	-108.9846	-108.9846	-77.0230	0.7067	77.0589	0.7075	1.1e-04	0.5362
9246	-108.9975	-108.9975	-76.8307	0.7049	77.2556	0.7093	1.1e-04	0.5356
9247	-108.9921	-108.9921	-76.9502	0.7060	77.1103	0.7080	1.1e-04	0.5368
9248	-109.0027	-109.0027	-78.1617	0.7171	75.9116	0.6969	1.1e-04	0.5364
9249	-108.9881	-108.9881	-77.5522	0.7116	76.5250	0.7026	1.1e-04	0.5368
9250	-108.9778	-108.9778	-77.7000	0.7130	76.3603	0.7012	1.1e-04	0.5368
9251	-108.9776	-108.9776	-78.5380	0.7207	75.5076	0.6933	1.1e-04	0.5369
9252	-109.0064	-109.0064	-76.7636	0.7042	77.3363	0.7100	1.1e-04	0.5354
9253	-108.9659	-108.9659	-77.2986	0.7094	76.7523	0.7047	1.1e-04	0.5377
9254	-108.9923	-108.9923	-77.0908	0.7073	76.9906	0.7069	1.1e-04	0.5377
9255	-108.9951	-108.9951	-77.9415	0.7151	76.1265	0.6990	1.1e-04	0.5373
9256	-108.9783	-108.9783	-77.1213	0.7077	76.9436	0.7065	1.1e-04	0.5367
9257	-108.9779	-108.9779	-76.5629	0.7026	77.4965	0.7116	1.1e-04	0.5369
9258	-108.9897	-108.9897	-77.9084	0.7148	76.1518	0.6993	1.1e-04	0.5362
9259	-108.9906	-108.9906	-76.9742	0.7062	77.1089	0.7080	1.1e-04	0.5365
9260	-108.9993	-108.9993	-76.7549	0.7042	77.3211	0.7099	1.1e-04	0.5362
9261	-108.9802	-108.9802	-77.8411	0.7143	76.2139	0.6998	1.1e-04	0.5365
9262	-108.9731	-108.9731	-76.1585	0.6989	77.8817	0.7151	1.1e-04	0.5357
9263	-108.9818	-108.9818	-77.3660	0.7099	76.6803	0.7041	1.1e-04	0.5359
9264	-108.9815	-108.9815	-76.5120	0.7021	77.5576	0.7121	1.1e-04	0.5361
9265	-108.9862	-108.9862	-77.8459	0.7143	76.2283	0.6999	1.1e-04	0.5365
9266	-108.9750	-108.9750	-77.9453	0.7153	76.1085	0.6988	1.1e-04	0.5378
9267	-108.9824	-108.9824	-77.1075	0.7075	76.9451	0.7065	1.1e-04	0.5380
9268	-109.0070	-109.0070	-77.3520	0.7096	76.7559	0.7046	1.1e-04	0.5376
9269	-108.9950	-108.9950	-78.0345	0.7159	76.0415	0.6981	1.1e-04	0.5361
9270	-109.0037	-109.0037	-76.7931	0.7045	77.2952	0.7097	1.1e-04	0.5358
9271	-108.9853	-108.9853	-77.7656	0.7135	76.3008	0.7006	1.1e-04	0.5359
9272	-108.9708	-108.9708	-77.4693	0.7109	76.5572	0.7030	1.1e-04	0.5349
9273	-108.9798	-108.9798	-77.0612	0.7071	76.9959	0.7071	1.1e-04	0.5368
9274	-108.9843	-108.9843	-76.6734	0.7035	77.3661	0.7104	1.1e-04	0.5369
9275	-108.9985	-108.9985	-77.4828	0.7109	76.6009	0.7033	1.1e-04	0.5376
9276	-108.9856	-108.9856	-77.8701	0.7145	76.1845	0.6995	1.1e-04	0.5366
9277	-108.9912	-108.9912	-76.6692	0.7034	77.4036	0.7107	1.1e-04	0.5366
9278	-108.9733	-108.9733	-77.1798	0.7082	76.8907	0.7060	1.1e-04	0.5363
9279	-109.0082	-109.0082	-76.9520	0.7059	77.1301	0.7082	1.1e-04	0.5367
9280	-108.9823	-108.9823	-77.9076	0.7149	76.1547	0.6992	1.1e-04	0.5365
9281	-108.9820	-108.9820	-76.7477	0.7042	77.3141	0.7100	1.1e-04	0.5379
9282	-108.9958	-108.9958	-76.0351	0.6976	78.0013	0.7162	1.1e-04	0.5366
9283	-108.9833	-108.9833	-76.7644	0.7044	77.3171	0.7098	1.1e-04	0.5361
9284	-109.0127	-109.0127	-76.9142	0.7056	77.1666	0.7084	1.1e-04	0.5353
9285	-108.9827	-108.9827	-77.2012	0.7084	76.8676	0.7057	1.0e-04	0.5379
9286	-108.9844	-108.9844	-77.6824	0.7128	76.3779	0.7014	1.0e-04	0.5373
9287	-109.0015	-109.0015	-77.2675	0.7089	76.8001	0.7051	1.0e-04	0.5373
9288	-108.9942	-108.9942	-76.7159	0.7039	77.3664	0.7103	1.0e-04	0.5368
9289	-108.9879	-108.9879	-76.3955	0.7010	77.6526	0.7130	1.0e-04	0.5378
9290	-108.9737	-108.9737	-76.5660	0.7026	77.4954	0.7115	1.0e-04	0.5371
9291	-109.0078	-109.0078	-76.6470	0.7031	77.4496	0.7110	1.0e-04	0.5378
9292	-108.9927	-108.9927	-76.0777	0.6980	77.9938	0.7160	1.0e-04	0.5373
9293	-108.9881	-108.9881	-75.4383	0.6922	78.6134	0.7217	1.0e-04	0.5362
9294	-108.9992	-108.9992	-76.6942	0.7036	77.3979	0.7105	1.0e-04	0.5369
9295	-108.9973	-108.9973	-77.2391	0.7086	76.8484	0.7056	1.0e-04	0.5376
9296	-108.9944	-108.9944	-77.7826	0.7136	76.2889	0.7004	1.0e-04	0.5375
9297	-108.9861	-108.9861	-76.4811	0.7018	77.5778	0.7124	1.0e-04	0.5372
9298	-108.9754	-108.9754	-77.8126	0.7140	76.2409	0.7000	1.0e-04	0.5356
9299	-108.9899	-108.9899	-76.9939	0.7064	77.0474	0.7074	1.0e-04	0.5361
9300	-108.9830	-108.9830	-76.8365	0.7050	77.2382	0.7091	1.0e-04	0.5360
9301	-108.9819	-108.9819	-76.8083	0.7048	77.2665	0.7094	1.0e-04	0.5351
9302	-108.9993	-108.9993	-77.4781	0.7108	76.6066	0.7034	1.0e-04	0.5360
9303	-109.0023	-109.0023	-77.2924	0.7091	76.7977	0.7051	1.0e-04	0.5365
9304	-108.9976	-108.9976	-77.1735	0.7080	76.9098	0.7062	1.0e-04	0.5364
9305	-108.9849	-108.9849	-77.6165	0.7122	76.4571	0.7020	1.0e-04	0.5370
9306	-108.9989	-108.9989	-77.0035	0.7065	77.0771	0.7077	1.0e-04	0.5369
9307	-108.9968	-108.9968	-76.9240	0.7057	77.1587	0.7084	1.0e-04	0.5366
9308	-108.9989	-108.9989	-78.2809	0.7182	75.7807	0.6957	1.0e-04	0.5356
9309	-108.9899	-108.9899	-78.1764	0.7173	75.8689	0.6966	1.0e-04	0.5364
9310	-108.9850	-108.9850	-77.7613	0.7135	76.3075	0.7006	1.0e-04	0.5354
9311	-108.9981	-108.9981	-78.1065	0.7166	75.9755	0.6975	1.0e-04	0.5358
9312	-108.9747	-108.9747	-78.1455	0.7171	75.8964	0.6969	1.0e-04	0.5365
9313	-108.9994	-108.9994	-76.9699	0.7062	77.1237	0.7080	1.0e-04	0.5379
9314	-109.0141	-109.0141	-76.8977	0.7054	77.2129	0.7088	1.0e-04	0.5369
9315	-108.9804	-108.9804	-76.8882	0.7055	77.1852	0.7087	1.0e-04	0.5368
9316	-108.9929	-108.9929	-77.4383	0.7105	76.6419	0.7037	1.0e-04	0.5362
9317	-109.0036	-109.0036	-77.8798	0.7145	76.2040	0.6997	1.0e-04	0.5358
9318	-109.0022	-109.0022	-77.6968	0.7128	76.3895	0.7014	1.0e-04	0.5361
9319	-108.9678	-108.9678	-77.9846	0.7157	76.0608	0.6984	1.0e-04	0.5371
9320	-108.9878	-108.9878	-77.0474	0.7069	77.0321	0.7072	1.0e-04	0.5377
9321	-108.9898	-108.9898	-77.5386	0.7114	76.5376	0.7028	1.0e-04	0.5382
9322	-108.9827	-108.9827	-77.6726	0.7127	76.3935	0.7015	1.0e-04	0.5356
9323	-108.9945	-108.9945	-77.7790	0.7136	76.3004	0.7005	1.0e-04	0.5366
9324	-108.9914	-108.9914	-77.8647	0.7144	76.2217	0.6997	1.0e-04	0.5351
9325	-108.9946	-108.9946	-77.3290	0.7095	76.7431	0.7047	1.0e-04	0.5363
9326	-108.9941	-108.9941	-77.4291	0.7104	76.6461	0.7037	1.0e-04	0.5361
9327	-108.9902	-108.9902	-77.7552	0.7134	76.3227	0.7007	1.0e-04	0.5356
9328	-109.0031	-109.0031	-77.0124	0.7065	77.0784	0.7076	1.0e-04	0.5364
9329	-108.9812	-108.9812	-77.4960	0.7111	76.5625	0.7031	1.0e-04	0.5367
9330	-108.9787	-108.9787	-77.3011	0.7093	76.7634	0.7048	1.0e-04	0.5352
9331	-108.9849	-108.9849	-76.5186	0.7021	77.5518	0.7121	1.0e-04	0.5376
9332	-108.9999	-108.9999	-76.5724	0.7025	77.5191	0.7117	1.0e-04	0.5368
9333	-108.9896	-108.9896	-77.2739	0.7090	76.7927	0.7051	1.0e-04	0.5376
9334	-108.9938	-108.9938	-77.2700	0.7089	76.8058	0.7052	1.0e-04	0.5371
9335	-108.9906	-108.9906	-77.5738	0.7117	76.5055	0.7024	1.0e-04	0.5367
9336	-108.9816	-108.9816	-77.7513	0.7134	76.3216	0.7007	1.0e-04	0.5375
9337	-108.9861	-108.9861	-76.3636	0.7007	77.7024	0.7135	1.0e-04	0.5374
9338	-108.9918	-108.9918	-77.6764	0.7127	76.4020	0.7014	1.0e-04	0.5373
9339	-108.9847	-108.9847	-77.5377	0.7115	76.5308	0.7027	1.0e-04	0.5376
9340	-108.9983	-108.9983	-77.0584	0.7070	77.0147	0.7071	1.0e-04	0.5374
9341	-108.9883	-108.9883	-77.5251	0.7113	76.5370	0.7028	1.0e-04	0.5365
9342	-109.0041	-109.0041	-78.2539	0.7179	75.8256	0.6961	1.0e-04	0.5358
9343	-108.9861	-108.9861	-77.7813	0.7137	76.2790	0.7004	1.0e-04	0.5363
9344	-108.9897	-108.9897	-76.7395	0.7041	77.3232	0.7101	1.0e-04	0.5366
9345	-108.9887	-108.9887	-77.5682	0.7117	76.4982	0.7025	1.0e-04	0.5372
9346	-108.9822	-108.9822	-77.7255	0.7132	76.3498	0.7010	1.0e-04	0.5361
9347	-108.9924	-108.9924	-77.9626	0.7153	76.1027	0.6988	1.0e-04	0.5380
9348	-108.9780	-108.9780	-77.7400	0.7134	76.3082	0.7007	1.0e-04	0.5362
9349	-108.9907	-108.9907	-77.3555	0.7097	76.7180	0.7044	1.0e-04	0.5372
9350	-108.9928	-108.9928	-77.6265	0.7122	76.4608	0.7020	1.0e-04	0.5362
9351	-108.9989	-108.9989	-78.3710	0.7190	75.6796	0.6948	1.0e-04	0.5356
9352	-108.9935	-108.9935	-76.9442	0.7060	77.1291	0.7081	1.0e-04	0.5362
9353	-108.9892	-108.9892	-76.9859	0.7064	77.0977	0.7078	1.0e-04	0.5372
9354	-108.9964	-108.9964	-78.3206	0.7186	75.7423	0.6954	1.0e-04	0.5357
9355	-109.0128	-109.0128	-77.4208	0.7102	76.6498	0.7038	1.0e-04	0.5362
9356	-108.9904	-108.9904	-77.8812	0.7146	76.1753	0.6994	1.0e-04	0.5363
9357	-108.9932	-108.9932	-77.4988	0.7110	76.5764	0.7031	1.0e-04	0.5374
9358	-108.9908	-108.9908	-77.3731	0.7099	76.7107	0.7043	1.0e-04	0.5366
9359	-108.9912	-108.9912	-77.1451	0.7078	76.9431	0.7064	1.0e-04	0.5360
9360	-108.9982	-108.9982	-78.1312	0.7168	75.9485	0.6972	1.0e-04	0.5348
9361	-109.0026	-109.0026	-76.7536	0.7041	77.3472	0.7101	1.0e-04	0.5360
9362	-108.9725	-108.9725	-76.9275	0.7059	77.1418	0.7083	1.0e-04	0.5354
9363	-109.0220	-109.0220	-77.5324	0.7112	76.5732	0.7030	1.0e-04	0.5357
9364	-108.9963	-108.9963	-77.8414	0.7142	76.2414	0.7000	1.0e-04	0.5355
9365	-108.9745	-108.9745	-77.5177	0.7113	76.5508	0.7028	1.0e-04	0.5357
9366	-108.9796	-108.9796	-77.6059	0.7121	76.4497	0.7020	1.0e-04	0.5357
9367	-108.9952	-108.9952	-76.9764	0.7062	77.0970	0.7079	1.0e-04	0.5363
9368	-108.9915	-108.9915	-77.3029	0.7093	76.7795	0.7049	1.0e-04	0.5355
9369	-108.9923	-108.9923	-77.2317	0.7086	76.8445	0.7056	1.0e-04	0.5359
9370	-108.9913	-108.9913	-77.4328	0.7104	76.6402	0.7037	1.0e-04	0.5358
9371	-108.9883	-108.9883	-77.6842	0.7128	76.4003	0.7014	1.0e-04	0.5353
9372	-108.9963	-108.9963	-76.9393	0.7059	77.1271	0.7081	1.0e-04	0.5353
9373	-108.9981	-108.9981	-77.1688	0.7080	76.9075	0.7061	1.0e-04	0.5368
9374	-108.9769	-108.9769	-77.3547	0.7098	76.7055	0.7043	1.0e-04	0.5367
9375	-108.9787	-108.9787	-77.7298	0.7133	76.3301	0.7009	1.0e-04	0.5369
9376	-108.9891	-108.9891	-77.6654	0.7126	76.4013	0.7016	1.0e-04	0.5370
9377	-108.9743	-108.9743	-77.5059	0.7112	76.5460	0.7030	1.0e-04	0.5367
9378	-108.9897	-108.9897	-77.4465	0.7106	76.6353	0.7036	1.0e-04	0.5374
9379	-108.9924	-108.9924	-78.7044	0.7221	75.3449	0.6918	1.0e-04	0.5375
9380	-108.9982	-108.9982	-77.3094	0.7093	76.7780	0.7049	1.0e-04	0.5359
9381	-108.9958	-108.9958	-77.4921	0.7110	76.5926	0.7032	1.0e-04	0.5373
9382	-108.9960	-108.9960	-78.1382	0.7169	75.9342	0.6972	1.0e-04	0.5355
9383	-108.9842	-108.9842	-77.5044	0.7112	76.5704	0.7030	1.0e-04	0.5368
9384	-108.9890	-108.9890	-77.9700	0.7154	76.1069	0.6987	1.0e-04	0.5356
9385	-108.9921	-108.9921	-77.3816	0.7100	76.6417	0.7036	1.0e-04	0.5371
9386	-108.9962	-108.9962	-77.1248	0.7076	76.9688	0.7066	1.0e-04	0.5371
9387	-108.9946	-108.9946	-77.7266	0.7131	76.3352	0.7008	1.0e-04	0.5366
9388	-108.9897	-108.9897	-77.8912	0.7147	76.1703	0.6993	1.0e-04	0.5373
9389	-109.0000	-109.0000	-77.7675	0.7135	76.3164	0.7007	1.0e-04	0.5355
9390	-108.9774	-108.9774	-77.1706	0.7081	76.9012	0.7060	1.0e-04	0.5366
9391	-108.9886	-108.9886	-77.9940	0.7156	76.0782	0.6985	1.0e-04	0.5372
9392	-108.9620	-108.9620	-77.7991	0.7140	76.2459	0.7001	1.0e-04	0.5375
9393	-108.9925	-108.9925	-77.2290	0.7086	76.8604	0.7056	1.0e-04	0.5370
9394	-108.9904	-108.9904	-77.1824	0.7082	76.8978	0.7060	1.0e-04	0.5376
9395	-108.9859	-108.9859	-77.8034	0.7139	76.2615	0.7003	1.0e-04	0.5372
9396	-108.9858	-108.9858	-77.3099	0.7094	76.7669	0.7048	1.0e-04	0.5364
9397	-108.9901	-108.9901	-77.4394	0.7105	76.6325	0.7037	1.0e-04	0.5358
9398	-108.9799	-108.9799	-77.9971	0.7157	76.0612	0.6984	1.0e-04	0.5363
9399	-108.9843	-108.9843	-77.3659	0.7099	76.6911	0.7041	1.0e-04	0.5373
9400	-108.9966	-108.9966	-77.6471	0.7124	76.4328	0.7018	1.0e-04	0.5357
9401	-108.9868	-108.9868	-77.9442	0.7152	76.1314	0.6989	1.0e-04	0.5349
9402	-108.9712	-108.9712	-77.5865	0.7120	76.4738	0.7022	1.0e-04	0.5357
9403	-108.9928	-108.9928	-76.4189	0.7011	77.6663	0.7130	1.0e-04	0.5367
9404	-109.0029	-109.0029	-78.1841	0.7173	75.8711	0.6965	1.0e-04	0.5363
9405	-108.9851	-108.9851	-78.0135	0.7158	76.0346	0.6981	1.0e-04	0.5377
9406	-108.9945	-108.9945	-78.1590	0.7171	75.8843	0.6968	1.0e-04	0.5369
9407	-108.9782	-108.9782	-78.0793	0.7165	75.9787	0.6976	1.0e-04	0.5369
9408	-108.9819	-108.9819	-78.1399	0.7170	75.9100	0.6970	1.0e-04	0.5370
9409	-108.9846	-108.9846	-78.0963	0.7166	75.9623	0.6975	1.0e-04	0.5369
9410	-109.0030	-109.0030	-77.8134	0.7139	76.2795	0.7003	1.0e-04	0.5361
9411	-109.0000	-109.0000	-77.8401	0.7141	76.2397	0.6999	1.0e-04	0.5375
9412	-108.9904	-108.9904	-77.5320	0.7114	76.5472	0.7028	1.0e-04	0.5369
9413	-108.9957	-108.9957	-77.5954	0.7119	76.4871	0.7022	1.0e-04	0.5373
9414	-108.9955	-108.9955	-78.2624	0.7180	75.8043	0.6960	1.0e-04	0.5377
9415	-108.9941	-108.9941	-77.7887	0.7137	76.2733	0.7004	1.0e-04	0.5381
9416	-108.9949	-108.9949	-78.2164	0.7176	75.8458	0.6964	1.0e-04	0.5381
9417	-108.9875	-108.9875	-77.9249	0.7150	76.1435	0.6991	1.0e-04	0.5383
9418	-108.9812	-108.9812	-77.8409	0.7143	76.2233	0.6999	1.0e-04	0.5370
9419	-108.9855	-108.9855	-78.8382	0.7234	75.1932	0.6904	1.0e-04	0.5369
9420	-108.9821	-108.9821	-77.6478	0.7125	76.4057	0.7016	1.0e-04	0.5368
9421	-108.9832	-108.9832	-77.7941	0.7138	76.2614	0.7002	1.0e-04	0.5381
9422	-109.0058	-109.0058	-77.6274	0.7121	76.4687	0.7020	1.0e-04	0.5369
9423	-108.9951	-108.9951	-78.4328	0.7196	75.6273	0.6944	1.0e-04	0.5369
9424	-108.9992	-108.9992	-78.2611	0.7180	75.8165	0.6960	1.0e-04	0.5363
9425	-108.9560	-108.9560	-77.4129	0.7105	76.6188	0.7036	1.0e-04	0.5353
9426	-108.9894	-108.9894	-78.3865	0.7192	75.6578	0.6947	1.0e-04	0.5359
9427	-108.9881	-108.9881	-77.3649	0.7098	76.6732	0.7041	1.0e-04	0.5381
9428	-108.9903	-108.9903	-77.9109	0.7148	76.1625	0.6993	1.0e-04	0.5373
9429	-108.9861	-108.9861	-78.0412	0.7161	75.9743	0.6976	1.0e-04	0.5381
9430	-108.9888	-108.9888	-78.3992	0.7193	75.6661	0.6947	1.0e-04	0.5362
9431	-108.9989	-108.9989	-77.7404	0.7132	76.3455	0.7009	1.0e-04	0.5358
9432	-108.9968	-108.9968	-78.2250	0.7177	75.8515	0.6964	1.0e-04	0.5352
9433	-109.0059	-109.0059	-78.5347	0.7205	75.5395	0.6935	1.0e-04	0.5361
9434	-108.9923	-108.9923	-76.9744	0.7062	77.1037	0.7079	1.0e-04	0.5363
9435	-108.9975	-108.9975	-78.0879	0.7164	75.9925	0.6977	1.0e-04	0.5379
9436	-108.9904	-108.9904	-77.8377	0.7142	76.2442	0.6999	1.0e-04	0.5375
9437	-108.9835	-108.9835	-77.3865	0.7101	76.6785	0.7041	1.0e-04	0.5362
9438	-108.9807	-108.9807	-78.6103	0.7213	75.4210	0.6926	1.0e-04	0.5348
9439	-109.0055	-109.0055	-77.8366	0.7141	76.2483	0.7001	1.0e-04	0.5355
9440	-108.9731	-108.9731	-78.3826	0.7193	75.6604	0.6947	1.0e-04	0.5358
9441	-108.9844	-108.9844	-77.3447	0.7097	76.7277	0.7044	1.0e-04	0.5364
9442	-108.9999	-108.9999	-77.8223	0.7140	76.2578	0.7002	1.0e-04	0.5362
9443	-109.0008	-109.0008	-78.6792	0.7218	75.3696	0.6920	1.0e-04	0.5359
9444	-108.9879	-108.9879	-78.3886	0.7192	75.6629	0.6948	1.0e-04	0.5362
9445	-108.9918	-108.9918	-77.3522	0.7097	76.6973	0.7042	1.0e-04	0.5364
9446	-108.9942	-108.9942	-77.3860	0.7100	76.7049	0.7042	1.0e-04	0.5364
9447	-108.9911	-108.9911	-78.2457	0.7179	75.7965	0.6959	1.0e-04	0.5369
9448	-108.9894	-108.9894	-77.8393	0.7142	76.2285	0.6999	1.0e-04	0.5355
9449	-108.9675	-108.9675	-77.4771	0.7110	76.5755	0.7032	1.0e-04	0.5359
9450	-108.9830	-108.9830	-78.2457	0.7180	75.8030	0.6960	1.0e-04	0.5358
9451	-108.9958	-108.9958	-78.1905	0.7174	75.8786	0.6966	1.0e-04	0.5362
9452	-108.9859	-108.9859	-77.6947	0.7129	76.3736	0.7012	1.0e-04	0.5357
9453	-109.0065	-109.0065	-77.6497	0.7123	76.4432	0.7018	1.0e-04	0.5363
9454	-108.9919	-108.9919	-78.1273	0.7168	75.9450	0.6972	1.0e-04	0.5368
9455	-108.9886	-108.9886	-78.6917	0.7220	75.3454	0.6918	1.0e-04	0.5361
9456	-108.9872	-108.9872	-77.6635	0.7126	76.4066	0.7016	1.0e-04	0.5360
9457	-108.9967	-108.9967	-77.6206	0.7121	76.4689	0.7020	1.0e-04	0.5368
9458	-109.0007	-109.0007	-77.0231	0.7066	77.0745	0.7076	1.0e-04	0.5367
9459	-109.0040	-109.0040	-77.6353	0.7122	76.4577	0.7019	1.0e-04	0.5376
9460	-108.9905	-108.9905	-77.5232	0.7113	76.5601	0.7029	1.0e-04	0.5367
9461	-108.9930	-108.9930	-77.5587	0.7116	76.5277	0.7026	1.0e-04	0.5372
9462	-108.9932	-108.9932	-77.9583	0.7153	76.0926	0.6988	1.0e-04	0.5369
9463	-108.9948	-108.9948	-77.7984	0.7138	76.2608	0.7003	1.0e-04	0.5360
9464	-109.0012	-109.0012	-76.8285	0.7048	77.2608	0.7094	1.0e-04	0.5360
9465	-108.9940	-108.9940	-76.3133	0.7002	77.7748	0.7140	1.0e-04	0.5368
9466	-109.0057	-109.0057	-78.2858	0.7182	75.7775	0.6958	1.0e-04	0.5371
9467	-109.0015	-109.0015	-78.1689	0.7171	75.9078	0.6969	1.0e-04	0.5382
9468	-108.9940	-108.9940	-77.9161	0.7149	76.1502	0.6991	1.0e-04	0.5375
9469	-108.9940	-108.9940	-77.8141	0.7139	76.2626	0.7002	1.0e-04	0.5379
9470	-108.9909	-108.9909	-78.1277	0.7168	75.9403	0.6972	1.0e-04	0.5370
9471	-108.9909	-108.9909	-77.5404	0.7114	76.5223	0.7026	1.0e-04	0.5363
9472	-108.9845	-108.9845	-77.6670	0.7126	76.4104	0.7015	1.0e-04	0.5360
9473	-108.9838	-108.9838	-77.7853	0.7137	76.2799	0.7004	1.0e-04	0.5362
9474	-109.0021	-109.0021	-77.7321	0.7131	76.3475	0.7009	1.0e-04	0.5355
9475	-108.9842	-108.9842	-77.4260	0.7104	76.6470	0.7038	1.0e-04	0.5377
9476	-108.9754	-108.9754	-77.9608	0.7154	76.1001	0.6987	1.0e-04	0.5377
9477	-108.9994	-108.9994	-77.5495	0.7115	76.5406	0.7026	1.0e-04	0.5386
9478	-108.9778	-108.9778	-77.7421	0.7134	76.3185	0.7007	1.0e-04	0.5357
9479	-108.9732	-108.9732	-77.9492	0.7153	76.1055	0.6988	1.0e-04	0.5362
9480	-109.0145	-109.0145	-77.5412	0.7113	76.5574	0.7029	1.0e-04	0.5354
9481	-108.9721	-108.9721	-78.7452	0.7226	75.2795	0.6912	1.0e-04	0.5370
9482	-108.9826	-108.9826	-77.9367	0.7151	76.1209	0.6990	1.0e-04	0.5365
9483	-108.9867	-108.9867	-77.3771	0.7100	76.6988	0.7042	1.0e-04	0.5365
9484	-109.0137	-109.0137	-77.6193	0.7120	76.4763	0.7021	1.0e-04	0.5362
9485	-108.9939	-108.9939	-77.9168	0.7149	76.1653	0.6992	1.0e-04	0.5365
9486	-108.9883	-108.9883	-76.9360	0.7059	77.0962	0.7079	1.0e-04	0.5359
9487	-108.9797	-108.9797	-77.3743	0.7100	76.6972	0.7042	1.0e-04	0.5367
9488	-108.9760	-108.9760	-78.5214	0.7205	75.5253	0.6934	1.0e-04	0.5371
9489	-108.9901	-108.9901	-77.1115	0.7075	76.9733	0.7067	1.0e-04	0.5371
9490	-109.0049	-109.0049	-76.9882	0.7063	77.1057	0.7079	1.0e-04	0.5375
9491	-108.9989	-108.9989	-77.2456	0.7087	76.8467	0.7055	1.0e-04	0.5382
9492	-108.9902	-108.9902	-77.1260	0.7076	76.9458	0.7066	1.0e-04	0.5375
9493	-108.9885	-108.9885	-77.6806	0.7127	76.3959	0.7014	1.0e-04	0.5382
9494	-108.9784	-108.9784	-76.3398	0.7005	77.7075	0.7135	1.0e-04	0.5376
9495	-108.9825	-108.9825	-77.6531	0.7125	76.4097	0.7016	1.0e-04	0.5373
9496	-108.9915	-108.9915	-77.4520	0.7106	76.6309	0.7035	1.0e-04	0.5383
9497	-108.9938	-108.9938	-77.8913	0.7146	76.1429	0.6991	1.0e-04	0.5371
9498	-108.9891	-108.9891	-77.2295	0.7086	76.8369	0.7056	1.0e-04	0.5370
9499	-108.9853	-108.9853	-77.6636	0.7126	76.4105	0.7016	1.0e-04	0.5375
9500	-108.9988	-108.9988	-77.7852	0.7136	76.2811	0.7003	1.0e-04	0.5354
9501	-108.9990	-108.9990	-77.7434	0.7132	76.3478	0.7009	1.0e-04	0.5352
9502	-108.9976	-108.9976	-77.5020	0.7110	76.5566	0.7029	1.0e-04	0.5359
9503	-108.9932	-108.9932	-78.3172	0.7186	75.7465	0.6954	1.0e-04	0.5368
9504	-108.9906	-108.9906	-76.9411	0.7059	77.1220	0.7081	1.0e-04	0.5373
9505	-108.9846	-108.9846	-78.1282	0.7169	75.9287	0.6972	1.0e-04	0.5370
9506	-108.9870	-108.9870	-77.4479	0.7106	76.6165	0.7036	1.0e-04	0.5366
9507	-109.0060	-109.0060	-77.7527	0.7133	76.3245	0.7007	1.0e-04	0.5365
9508	-109.0000	-109.0000	-77.6491	0.7124	76.4332	0.7017	1.0e-04	0.5359
9509	-108.9793	-108.9793	-77.8956	0.7148	76.1539	0.6992	1.0e-04	0.5363
9510	-108.9995	-108.9995	-77.8475	0.7142	76.2389	0.6999	1.0e-04	0.5367
9511	-109.0038	-109.0038	-76.5605	0.7024	77.4894	0.7114	1.0e-04	0.5374
9512	-108.9956	-108.9956	-77.5836	0.7118	76.4945	0.7023	1.0e-04	0.5358
9513	-108.9855	-108.9855	-76.5408	0.7023	77.5396	0.7119	1.0e-04	0.5373
9514	-108.9886	-108.9886	-76.7737	0.7044	77.2996	0.7098	1.0e-04	0.5364
9515	-108.9897	-108.9897	-77.2934	0.7092	76.7877	0.7050	1.0e-04	0.5365
9516	-108.9946	-108.9946	-77.6205	0.7122	76.4489	0.7019	1.0e-04	0.5372
9517	-109.0129	-109.0129	-77.7234	0.7130	76.3637	0.7011	1.0e-04	0.5376
9518	-109.0183	-109.0183	-78.0431	0.7159	76.0463	0.6982	1.0e-04	0.5366
9519	-108.9798	-108.9798	-76.8642	0.7053	77.1878	0.7088	1.0e-04	0.5378
9520	-109.0023	-109.0023	-78.3238	0.7186	75.7637	0.6955	1.0e-04	0.5374
9521	-109.0000	-109.0000	-77.3000	0.7092	76.7853	0.7050	1.0e-04	0.5378
9522	-109.0006	-109.0006	-77.5864	0.7118	76.4570	0.7020	1.0e-04	0.5372
9523	-108.9924	-108.9924	-77.4942	0.7110	76.5845	0.7032	1.0e-04	0.5374
9524	-108.9940	-108.9940	-77.5786	0.7118	76.4955	0.7023	1.0e-04	0.5379
9525	-108.9782	-108.9782	-77.1635	0.7081	76.9016	0.7061	1.0e-04	0.5376
9526	-108.9852	-108.9852	-77.9729	0.7154	76.0915	0.6986	1.0e-04	0.5371
9527	-108.9862	-108.9862	-77.6184	0.7122	76.4488	0.7020	1.0e-04	0.5371
9528	-108.9897	-108.9897	-77.5270	0.7113	76.5603	0.7028	1.0e-04	0.5367
9529	-108.9810	-108.9810	-77.1321	0.7078	76.9151	0.7063	1.0e-04	0.5383
9530	-108.9845	-108.9845	-76.9842	0.7064	77.0802	0.7077	1.0e-04	0.5378
9531	-109.0112	-109.0112	-77.3989	0.7100	76.6974	0.7041	1.0e-04	0.5386
9532	-108.9906	-108.9906	-77.6382	0.7123	76.4469	0.7018	1.0e-04	0.5372
9533	-108.9778	-108.9778	-77.5214	0.7113	76.5521	0.7028	1.0e-04	0.5373
9534	-108.9912	-108.9912	-77.5932	0.7119	76.4836	0.7023	1.0e-04	0.5372
9535	-108.9876	-108.9876	-76.9105	0.7057	77.1369	0.7082	1.0e-04	0.5376
9536	-109.0010	-109.0010	-77.5682	0.7116	76.5212	0.7025	1.0e-04	0.5371
9537	-109.0030	-109.0030	-77.5966	0.7119	76.4812	0.7021	1.0e-04	0.5363
9538	-108.9748	-108.9748	-77.0469	0.7070	77.0108	0.7072	1.0e-04	0.5359
9539	-108.9754	-108.9754	-78.0626	0.7163	75.9780	0.6976	1.0e-04	0.5359
9540	-108.9881	-108.9881	-77.9558	0.7153	76.1100	0.6988	1.0e-04	0.5363
9541	-108.9730	-108.9730	-77.9049	0.7149	76.1384	0.6992	1.0e-04	0.5361
9542	-108.9795	-108.9795	-77.3551	0.7098	76.7137	0.7044	1.0e-04	0.5372
9543	-108.9952	-108.9952	-78.2373	0.7178	75.8233	0.6961	1.0e-04	0.5380
9544	-108.9905	-108.9905	-78.5368	0.7206	75.5207	0.6933	1.0e-04	0.5355
9545	-108.9937	-108.9937	-77.7224	0.7131	76.3610	0.7011	1.0e-04	0.5357
9546	-108.9938	-108.9938	-77.8474	0.7142	76.2280	0.6999	1.0e-04	0.5356
9547	-108.9926	-108.9926	-77.8721	0.7145	76.2023	0.6997	1.0e-04	0.5354
9548	-108.9860	-108.9860	-77.2507	0.7088	76.8113	0.7053	1.0e-04	0.5360
9549	-108.9845	-108.9845	-77.4515	0.7107	76.6132	0.7035	1.0e-04	0.5365
9550	-108.9849	-108.9849	-77.2122	0.7085	76.8589	0.7057	1.0e-04	0.5354
9551	-108.9873	-108.9873	-77.3256	0.7095	76.7496	0.7046	1.0e-04	0.5373
9552	-108.9965	-108.9965	-77.5428	0.7114	76.5318	0.7026	1.0e-04	0.5354
9553	-108.9886	-108.9886	-77.9346	0.7151	76.1253	0.6990	1.0e-04	0.5360
9554	-108.9846	-108.9846	-77.7979	0.7138	76.2351	0.7000	1.0e-04	0.5360
9555	-108.9802	-108.9802	-77.7611	0.7135	76.2988	0.7005	1.0e-04	0.5366
9556	-109.0004	-109.0004	-77.7803	0.7136	76.2972	0.7005	1.0e-04	0.5363
9557	-109.0018	-109.0018	-77.9853	0.7154	76.0961	0.6986	1.0e-04	0.5369
9558	-108.9976	-108.9976	-77.7881	0.7137	76.2798	0.7004	1.0e-04	0.5364
9559	-108.9824	-108.9824	-78.3683	0.7191	75.6784	0.6949	1.0e-04	0.5371
9560	-108.9948	-108.9948	-77.7550	0.7134	76.2993	0.7005	1.0e-04	0.5362
9561	-109.0084	-109.0084	-77.9276	0.7149	76.1630	0.6992	1.0e-04	0.5368
9562	-108.9954	-108.9954	-77.7656	0.7135	76.3073	0.7007	1.0e-04	0.5363
9563	-108.9952	-108.9952	-77.6544	0.7125	76.4392	0.7017	1.0e-04	0.5367
9564	-108.9883	-108.9883	-78.2557	0.7180	75.7975	0.6960	1.0e-04	0.5365
9565	-108.9930	-108.9930	-78.8889	0.7238	75.1441	0.6900	1.0e-04	0.5372
9566	-108.9985	-108.9985	-77.7468	0.7133	76.3100	0.7007	1.0e-04	0.5375
9567	-108.9763	-108.9763	-77.8375	0.7143	76.2211	0.6999	1.0e-04	0.5375
9568	-108.9779	-108.9779	-77.0451	0.7070	77.0288	0.7072	1.0e-04	0.5359
9569	-108.9826	-108.9826	-77.6839	0.7128	76.3757	0.7014	1.0e-04	0.5365
9570	-108.9743	-108.9743	-78.0416	0.7161	76.0128	0.6979	1.0e-04	0.5356
9571	-108.9956	-108.9956	-77.3500	0.7097	76.7466	0.7045	1.0e-04	0.5371
9572	-108.9918	-108.9918	-78.2096	0.7176	75.8457	0.6964	1.0e-04	0.5369
9573	-108.9892	-108.9892	-77.1393	0.7078	76.9271	0.7064	1.0e-04	0.5358
9574	-109.0084	-109.0084	-76.9429	0.7058	77.1370	0.7082	1.0e-04	0.5360
9575	-108.9797	-108.9797	-77.7191	0.7132	76.3491	0.7010	1.0e-04	0.5359
9576	-108.9899	-108.9899	-76.6571	0.7033	77.4148	0.7108	1.0e-04	0.5361
9577	-108.9767	-108.9767	-77.7922	0.7138	76.2638	0.7003	1.0e-04	0.5368
9578	-108.9903	-108.9903	-78.1969	0.7175	75.8651	0.6965	1.0e-04	0.5362
9579	-108.9887	-108.9887	-76.8927	0.7055	77.1808	0.7086	1.0e-04	0.5366
9580	-108.9671	-108.9671	-77.7569	0.7136	76.2878	0.7005	1.0e-04	0.5362
9581	-108.9956	-108.9956	-77.0437	0.7069	77.0434	0.7074	1.0e-04	0.5373
9582	-108.9900	-108.9900	-76.8233	0.7049	77.2441	0.7093	1.0e-04	0.5368
9583	-108.9880	-108.9880	-77.7961	0.7138	76.2641	0.7003	1.0e-04	0.5358
9584	-108.9767	-108.9767	-77.1357	0.7078	76.9182	0.7063	1.0e-04	0.5362
9585	-108.9854	-108.9854	-76.4026	0.7010	77.6571	0.7131	1.0e-04	0.5368
9586	-108.9925	-108.9925	-76.7656	0.7043	77.3165	0.7098	1.0e-04	0.5360
9587	-108.9865	-108.9865	-76.3461	0.7005	77.7215	0.7136	1.0e-04	0.5355
9588	-108.9942	-108.9942	-77.4162	0.7103	76.6408	0.7037	1.0e-04	0.5362
9589	-108.9700	-108.9700	-76.8820	0.7055	77.1623	0.7085	1.0e-04	0.5376
9590	-108.9888	-108.9888	-76.7326	0.7040	77.3377	0.7101	1.0e-04	0.5365
9591	-108.9954	-108.9954	-76.7741	0.7044	77.3067	0.7098	1.0e-04	0.5363
9592	-108.9918	-108.9918	-75.9305	0.6967	78.1303	0.7174	1.0e-04	0.5358
9593	-108.9899	-108.9899	-77.1724	0.7081	76.9175	0.7061	1.0e-04	0.5359
9594	-108.9796	-108.9796	-76.5939	0.7028	77.4781	0.7114	1.0e-04	0.5350
9595	-108.9737	-108.9737	-76.5762	0.7027	77.4825	0.7115	1.0e-04	0.5360
9596	-108.9777	-108.9777	-77.0050	0.7066	77.0609	0.7076	1.0e-04	0.5365
9597	-108.9866	-108.9866	-76.3354	0.7004	77.7309	0.7137	1.0e-04	0.5378
9598	-108.9776	-108.9776	-77.4000	0.7102	76.6681	0.7040	1.0e-04	0.5372
9599	-108.9886	-108.9886	-76.9725	0.7062	77.1042	0.7080	1.0e-04	0.5373
9600	-108.9729	-108.9729	-75.9890	0.6973	78.0638	0.7168	1.0e-04	0.5371
9601	-108.9851	-108.9851	-76.2597	0.6997	77.8048	0.7144	1.0e-04	0.5359
9602	-108.9811	-108.9811	-76.8717	0.7054	77.1876	0.7087	1.0e-04	0.5372
9603	-108.9760	-108.9760	-77.2792	0.7091	76.7863	0.7050	1.0e-04	0.5372
9604	-109.0003	-109.0003	-75.9640	0.6969	78.0694	0.7169	1.0e-04	0.5364
9605	-108.9749	-108.9749	-76.4447	0.7015	77.5660	0.7122	1.0e-04	0.5378
9606	-108.9934	-108.9934	-76.4811	0.7017	77.5998	0.7125	1.0e-04	0.5360
9607	-108.9822	-108.9822	-77.0495	0.7070	77.0213	0.7072	1.0e-04	0.5367
9608	-108.9953	-108.9953	-76.0297	0.6976	78.0492	0.7165	1.0e-04	0.5363
9609	-108.9912	-108.9912	-76.3051	0.7001	77.7713	0.7140	1.0e-04	0.5364
9610	-109.0001	-109.0002	-75.5526	0.6931	78.5043	0.7208	1.0e-04	0.5354
9611	-108.9885	-108.9885	-76.5864	0.7027	77.4789	0.7114	1.0e-04	0.5352
9612	-108.9792	-108.9792	-75.8499	0.6960	78.1926	0.7180	1.0e-04	0.5357
9613	-108.9969	-108.9970	-75.5439	0.6931	78.5031	0.7207	1.0e-04	0.5358
9614	-108.9935	-108.9937	-74.8417	0.6867	79.1769	0.7269	1.0e-04	0.5360
9615	-108.9850	-108.9850	-76.6243	0.7031	77.3987	0.7107	1.0e-04	0.5359
9616	-108.9918	-108.9918	-75.6101	0.6937	78.4515	0.7201	1.0e-04	0.5368
9617	-108.9913	-108.9913	-76.4207	0.7012	77.6564	0.7130	1.0e-04	0.5358
9618	-108.9838	-108.9839	-75.5179	0.6929	78.5087	0.7209	1.0e-04	0.5362
9619	-108.9724	-108.9724	-76.1898	0.6992	77.8380	0.7146	1.0e-04	0.5383
9620	-108.9992	-108.9992	-76.2775	0.6998	77.7957	0.7143	1.0e-04	0.5387
9621	-108.9927	-108.9927	-76.1590	0.6988	77.9058	0.7153	1.0e-04	0.5362
9622	-109.0020	-109.0020	-77.1027	0.7074	76.9799	0.7067	1.0e-04	0.5357
9623	-108.9833	-108.9833	-76.0392	0.6977	78.0068	0.7163	1.0e-04	0.5358
9624	-108.9835	-108.9835	-76.8076	0.7048	77.2627	0.7094	1.0e-04	0.5360
9625	-108.9883	-108.9884	-75.1577	0.6896	78.8782	0.7241	1.0e-04	0.5373
9626	-108.9864	-108.9865	-75.8071	0.6956	78.2421	0.7184	1.0e-04	0.5378
9627	-108.9948	-108.9948	-76.6771	0.7035	77.3881	0.7105	1.0e-04	0.5375
9628	-109.0017	-109.0017	-75.5168	0.6928	78.5290	0.7210	1.0e-04	0.5374
9629	-108.9864	-108.9864	-76.1348	0.6986	77.9159	0.7154	1.0e-04	0.5367
9630	-108.9867	-108.9867	-76.1458	0.6987	77.9194	0.7154	1.0e-04	0.5351
9631	-108.9833	-108.9833	-76.8937	0.7056	77.1724	0.7086	1.0e-04	0.5379
9632	-108.9946	-108.9947	-75.8772	0.6962	78.1897	0.7178	1.0e-04	0.5381
9633	-108.9807	-108.9807	-76.8674	0.7053	77.1938	0.7088	1.0e-04	0.5375
9634	-108.9992	-108.9992	-77.0774	0.7071	77.0166	0.7071	1.0e-04	0.5356
9635	-108.9649	-108.9649	-76.9724	0.7064	77.0791	0.7077	1.0e-04	0.5358
9636	-108.9948	-108.9948	-75.9744	0.6970	78.0935	0.7170	1.0e-04	0.5357
9637	-108.9849	-108.9849	-76.8938	0.7055	77.1884	0.7087	1.0e-04	0.5361
9638	-108.9817	-108.9817	-76.2068	0.6993	77.8322	0.7147	1.0e-04	0.5369
9639	-108.9997	-108.9997	-77.0650	0.7070	77.0254	0.7072	1.0e-04	0.5360
9640	-109.0000	-109.0000	-75.7024	0.6945	78.3626	0.7195	1.0e-04	0.5363
9641	-108.9851	-108.9851	-76.6378	0.7032	77.4260	0.7110	1.0e-04	0.5357
9642	-108.9969	-108.9969	-76.7906	0.7045	77.2833	0.7096	1.0e-04	0.5368
9643	-108.9854	-108.9854	-76.1814	0.6990	77.8775	0.7151	1.0e-04	0.5361
9644	-108.9943	-108.9943	-76.4976	0.7018	77.5789	0.7123	1.0e-04	0.5367
9645	-108.9965	-108.9965	-76.4899	0.7018	77.5945	0.7124	1.0e-04	0.5368
9646	-109.0049	-109.0049	-76.4990	0.7018	77.5941	0.7124	1.0e-04	0.5366
9647	-108.9714	-108.9714	-76.2272	0.6995	77.8141	0.7145	1.0e-04	0.5370
9648	-108.9923	-108.9923	-76.6667	0.7034	77.4141	0.7108	1.0e-04	0.5366
9649	-109.0016	-109.0016	-75.5776	0.6934	78.4827	0.7206	1.0e-04	0.5370
9650	-108.9923	-108.9923	-76.7975	0.7046	77.2741	0.7095	1.0e-04	0.5366
9651	-108.9870	-108.9870	-76.1920	0.6991	77.8689	0.7149	1.0e-04	0.5367
9652	-108.9862	-108.9862	-76.7731	0.7044	77.3097	0.7098	1.0e-04	0.5369
9653	-108.9902	-108.9902	-76.5470	0.7023	77.5307	0.7118	1.0e-04	0.5363
9654	-108.9709	-108.9709	-76.4797	0.7018	77.5763	0.7123	1.0e-04	0.5374
9655	-108.9928	-108.9928	-76.3578	0.7006	77.7250	0.7136	1.0e-04	0.5382
9656	-108.9836	-108.9836	-76.5683	0.7026	77.4811	0.7116	1.0e-04	0.5389
9657	-108.9951	-108.9951	-77.4200	0.7103	76.6645	0.7038	1.0e-04	0.5389
9658	-108.9984	-108.9984	-76.9031	0.7055	77.1774	0.7086	1.0e-04	0.5379
9659	-108.9948	-108.9948	-76.8688	0.7053	77.2036	0.7088	1.0e-04	0.5371
9660	-108.9805	-108.9805	-76.0815	0.6981	77.9661	0.7160	1.0e-04	0.5377
9661	-109.0041	-109.0041	-77.4448	0.7105	76.6547	0.7037	1.0e-04	0.5370
9662	-108.9726	-108.9726	-75.7829	0.6954	78.2684	0.7186	1.0e-04	0.5391
9663	-108.9967	-108.9967	-77.0411	0.7068	77.0405	0.7074	1.0e-04	0.5377
9664	-108.9841	-108.9841	-76.2221	0.6994	77.8350	0.7147	1.0e-04	0.5388
9665	-109.0038	-109.0038	-76.4958	0.7018	77.5918	0.7124	1.0e-04	0.5379
9666	-108.9931	-108.9931	-76.8166	0.7048	77.2611	0.7094	1.0e-04	0.5378
9667	-108.9903	-108.9904	-75.8016	0.6955	78.2640	0.7185	1.0e-04	0.5377
9668	-109.0186	-109.0186	-76.0006	0.6971	78.0962	0.7169	1.0e-04	0.5365
9669	-108.9811	-108.9811	-77.5750	0.7118	76.4852	0.7023	1.0e-04	0.5366
9670	-108.9858	-108.9858	-77.2084	0.7084	76.8530	0.7056	1.0e-04	0.5357
9671	-108.9809	-108.9809	-77.5671	0.7117	76.5045	0.7024	1.0e-04	0.5368
9672	-108.9764	-108.9764	-77.5636	0.7117	76.5043	0.7024	1.0e-04	0.5367
9673	-109.0010	-109.0010	-76.8361	0.7049	77.2436	0.7091	1.0e-04	0.5377
9674	-108.9935	-108.9935	-77.2083	0.7084	76.8773	0.7058	1.0e-04	0.5368
9675	-108.9964	-108.9964	-77.3323	0.7095	76.7289	0.7045	1.0e-04	0.5363
9676	-108.9917	-108.9917	-76.5263	0.7021	77.5502	0.7120	1.0e-04	0.5362
9677	-108.9948	-108.9948	-76.7791	0.7044	77.2831	0.7096	1.0e-04	0.5351
9678	-108.9897	-108.9897	-77.6765	0.7127	76.3786	0.7012	1.0e-04	0.5356
9679	-108.9957	-108.9957	-76.9584	0.7061	77.1304	0.7081	1.0e-04	0.5363
9680	-108.9926	-108.9926	-76.7292	0.7040	77.3479	0.7102	1.0e-04	0.5360
9681	-108.9980	-108.9980	-76.6998	0.7037	77.3865	0.7105	1.0e-04	0.5363
9682	-108.9766	-108.9766	-77.0838	0.7073	76.9667	0.7067	1.0e-04	0.5365
9683	-108.9821	-108.9821	-76.9959	0.7065	77.0529	0.7075	1.0e-04	0.5364
9684	-108.9882	-108.9882	-76.6565	0.7033	77.4068	0.7107	1.0e-04	0.5359
9685	-108.9802	-108.9802	-76.7634	0.7044	77.3072	0.7098	1.0e-04	0.5370
9686	-108.9907	-108.9907	-77.0837	0.7073	76.9944	0.7069	1.0e-04	0.5363
9687	-108.9888	-108.9889	-75.4166	0.6920	78.6218	0.7219	1.0e-04	0.5366
9688	-109.0030	-109.0030	-76.5978	0.7027	77.5047	0.7115	1.0e-04	0.5365
9689	-108.9987	-108.9987	-76.5527	0.7023	77.5213	0.7118	1.0e-04	0.5366
9690	-109.0027	-109.0027	-76.4496	0.7014	77.6415	0.7128	1.0e-04	0.5369
9691	-108.9930	-108.9930	-75.8669	0.6961	78.2056	0.7180	1.0e-04	0.5381
9692	-108.9739	-108.9739	-76.5407	0.7024	77.5152	0.7118	1.0e-04	0.5372
9693	-108.9951	-108.9951	-76.4256	0.7012	77.6384	0.7129	1.0e-04	0.5380
9694	-108.9856	-108.9856	-76.5386	0.7023	77.5366	0.7119	1.0e-04	0.5378
9695	-109.0033	-109.0034	-75.2088	0.6900	78.8440	0.7238	1.0e-04	0.5371
9696	-108.9965	-108.9965	-76.1106	0.6983	77.9573	0.7157	1.0e-04	0.5375
9697	-108.9940	-108.9940	-76.4679	0.7016	77.6109	0.7126	1.0e-04	0.5374
9698	-108.9843	-108.9843	-77.2070	0.7084	76.8640	0.7058	1.0e-04	0.5363
9699	-109.0007	-109.0007	-75.9240	0.6965	78.1465	0.7175	1.0e-04	0.5359
9700	-108.9852	-108.9852	-76.4592	0.7016	77.6076	0.7126	1.0e-04	0.5378
9701	-108.9780	-108.9780	-76.6102	0.7030	77.4388	0.7111	1.0e-04	0.5346
9702	-108.9907	-108.9907	-77.6186	0.7122	76.4500	0.7020	1.0e-04	0.5362
9703	-108.9831	-108.9831	-76.1284	0.6985	77.9293	0.7155	1.0e-04	0.5366
9704	-108.9966	-108.9966	-75.8806	0.6962	78.1851	0.7179	1.0e-04	0.5362
9705	-108.9881	-108.9881	-76.3370	0.7004	77.7339	0.7137	1.0e-04	0.5375
9706	-108.9882	-108.9882	-75.6187	0.6938	78.4284	0.7201	1.0e-04	0.5379
9707	-108.9780	-108.9780	-77.3657	0.7099	76.6993	0.7043	1.0e-04	0.5359
9708	-109.0000	-109.0000	-76.7424	0.7041	77.3202	0.7099	1.0e-04	0.5362
9709	-108.9959	-108.9959	-76.9963	0.7064	77.0850	0.7078	1.0e-04	0.5373
9710	-108.9951	-108.9951	-76.3117	0.7001	77.7684	0.7140	1.0e-04	0.5376
9711	-108.9874	-108.9874	-76.8641	0.7053	77.2087	0.7089	1.0e-04	0.5380
9712	-108.9846	-108.9846	-76.8121	0.7048	77.2600	0.7094	1.0e-04	0.5363
9713	-108.9857	-108.9857	-77.7481	0.7134	76.3020	0.7006	1.0e-04	0.5357
9714	-108.9992	-108.9992	-76.7153	0.7038	77.3612	0.7103	1.0e-04	0.5359
9715	-108.9860	-108.9860	-76.7308	0.7040	77.3488	0.7102	1.0e-04	0.5383
9716	-108.9879	-108.9879	-76.5303	0.7022	77.5460	0.7120	1.0e-04	0.5378
9717	-108.9996	-108.9996	-77.1294	0.7076	76.9607	0.7065	1.0e-04	0.5366
9718	-108.9945	-108.9945	-76.7756	0.7044	77.3033	0.7097	1.0e-04	0.5370
9719	-109.0101	-109.0101	-76.5135	0.7019	77.5092	0.7122	1.0e-04	0.5365
9720	-108.9843	-108.9843	-76.5451	0.7024	77.5219	0.7118	1.0e-04	0.5371
9721	-108.9954	-108.9954	-76.6124	0.7029	77.4609	0.7112	1.0e-04	0.5374
9722	-108.9792	-108.9792	-76.2316	0.6995	77.8308	0.7146	1.0e-04	0.5368
9723	-108.9949	-108.9949	-76.2954	0.7000	77.7768	0.7142	1.0e-04	0.5371
9724	-108.9777	-108.9777	-77.3237	0.7095	76.7422	0.7046	1.0e-04	0.5376
9725	-108.9920	-108.9920	-76.0610	0.6979	78.0015	0.7162	1.0e-04	0.5368
9726	-109.0063	-109.0063	-75.8584	0.6959	78.2219	0.7181	1.0e-04	0.5360
9727	-108.9814	-108.9814	-76.3243	0.7003	77.7293	0.7138	1.0e-04	0.5389
9728	-108.9954	-108.9954	-76.7717	0.7044	77.3015	0.7098	1.0e-04	0.5374
9729	-108.9913	-108.9913	-76.7030	0.7038	77.3657	0.7104	1.0e-04	0.5366
9730	-108.9711	-108.9711	-76.9681	0.7063	77.0908	0.7079	1.0e-04	0.5373
9731	-108.9772	-108.9772	-76.8048	0.7048	77.2641	0.7094	1.0e-04	0.5376
9732	-109.0113	-109.0113	-76.8092	0.7046	77.2769	0.7095	1.0e-04	0.5366
9733	-108.9989	-108.9989	-76.7783	0.7044	77.2744	0.7096	1.0e-04	0.5386
9734	-108.9881	-108.9881	-76.7917	0.7046	77.2892	0.7096	1.0e-04	0.5377
9735	-108.9868	-108.9868	-76.3994	0.7010	77.6614	0.7131	1.0e-04	0.5378
9736	-108.9998	-108.9998	-75.7268	0.6947	78.3238	0.7191	1.0e-04	0.5367
9737	-108.9891	-108.9891	-76.2173	0.6993	77.8360	0.7147	1.0e-04	0.5378
9738	-109.0023	-109.0023	-76.0159	0.6974	78.0538	0.7167	1.0e-04	0.5368
9739	-108.9880	-108.9880	-76.9984	0.7065	77.0816	0.7076	1.0e-04	0.5371
9740	-108.9862	-108.9862	-76.0978	0.6982	77.9642	0.7158	1.0e-04	0.5368
9741	-108.9935	-108.9935	-76.6378	0.7031	77.4379	0.7110	1.0e-04	0.5368
9742	-108.9672	-108.9672	-76.7336	0.7042	77.3084	0.7099	1.0e-04	0.5371
9743	-108.9949	-108.9950	-75.2529	0.6904	78.7913	0.7233	1.0e-04	0.5367
9744	-108.9789	-108.9789	-77.4649	0.7108	76.6051	0.7034	1.0e-04	0.5363
9745	-108.9943	-108.9943	-76.5315	0.7022	77.5382	0.7118	1.0e-04	0.5373
9746	-108.9860	-108.9860	-77.4737	0.7109	76.5738	0.7031	1.0e-04	0.5381
9747	-108.9931	-108.9931	-77.1613	0.7079	76.9208	0.7062	1.0e-04	0.5369
9748	-109.0019	-109.0019	-77.0483	0.7069	77.0395	0.7073	1.0e-04	0.5362
9749	-108.9938	-108.9938	-76.4476	0.7014	77.6383	0.7128	1.0e-04	0.5373
9750	-108.9795	-108.9795	-76.8647	0.7053	77.2000	0.7088	1.0e-04	0.5362
9751	-108.9962	-108.9962	-76.1929	0.6990	77.8916	0.7151	1.0e-04	0.5364
9752	-108.9949	-108.9949	-77.6091	0.7120	76.4734	0.7021	1.0e-04	0.5355
9753	-108.9995	-108.9995	-77.3864	0.7100	76.7012	0.7042	1.0e-04	0.5375
9754	-109.0120	-109.0120	-76.1882	0.6989	77.9007	0.7152	1.0e-04	0.5363
9755	-108.9741	-108.9741	-77.0016	0.7066	77.0531	0.7076	1.0e-04	0.5365
9756	-108.9971	-108.9971	-76.2611	0.6997	77.8258	0.7145	1.0e-04	0.5351
9757	-109.0086	-109.0086	-76.6554	0.7032	77.4488	0.7110	1.0e-04	0.5371
9758	-108.9729	-108.9729	-76.5019	0.7020	77.5436	0.7121	1.0e-04	0.5365
9759	-108.9796	-108.9796	-76.8763	0.7054	77.1859	0.7086	1.0e-04	0.5370
9760	-108.9998	-108.9998	-76.3005	0.7000	77.7897	0.7141	1.0e-04	0.5364
9761	-108.9977	-108.9977	-77.0799	0.7072	77.0109	0.7070	1.0e-04	0.5374
9762	-108.9986	-108.9986	-76.1831	0.6989	77.8840	0.7151	1.0e-04	0.5379
9763	-108.9986	-108.9986	-76.8767	0.7053	77.1990	0.7087	1.0e-04	0.5369
9764	-108.9838	-108.9838	-77.1869	0.7082	76.8895	0.7059	1.0e-04	0.5380
9765	-108.9794	-108.9794	-77.2828	0.7092	76.7861	0.7050	1.0e-04	0.5379
9766	-108.9962	-108.9962	-77.4200	0.7103	76.6683	0.7039	1.0e-04	0.5374
9767	-108.9853	-108.9853	-76.6276	0.7031	77.4501	0.7111	1.0e-04	0.5377
9768	-108.9883	-108.9883	-77.2807	0.7091	76.7880	0.7051	1.0e-04	0.5368
9769	-108.9900	-108.9900	-76.8472	0.7051	77.2327	0.7091	1.0e-04	0.5359
9770	-108.9905	-108.9905	-76.3486	0.7005	77.7204	0.7136	1.0e-04	0.5358
9771	-108.9856	-108.9856	-77.4277	0.7104	76.6536	0.7038	1.0e-04	0.5360
9772	-108.9897	-108.9897	-76.8612	0.7052	77.2338	0.7090	1.0e-04	0.5364
9773	-108.9887	-108.9887	-77.0982	0.7074	76.9732	0.7068	1.0e-04	0.5370
9774	-108.9884	-108.9884	-76.7571	0.7043	77.3210	0.7099	1.0e-04	0.5357
9775	-108.9980	-108.9980	-77.3756	0.7099	76.7177	0.7043	1.0e-04	0.5383
9776	-108.9758	-108.9758	-76.9929	0.7065	77.0748	0.7077	1.0e-04	0.5381
9777	-108.9812	-108.9812	-76.9426	0.7060	77.1338	0.7082	1.0e-04	0.5367
9778	-108.9826	-108.9826	-77.0972	0.7074	76.9715	0.7067	1.0e-04	0.5360
9779	-108.9823	-108.9823	-77.8179	0.7140	76.2457	0.7001	1.0e-04	0.5365
9780	-108.9769	-108.9769	-76.5157	0.7021	77.5372	0.7120	1.0e-04	0.5371
9781	-108.9928	-108.9928	-77.2180	0.7085	76.8492	0.7056	1.0e-04	0.5384
9782	-108.9937	-108.9937	-77.2466	0.7087	76.8416	0.7054	1.0e-04	0.5381
9783	-108.9950	-108.9950	-76.7477	0.7041	77.3119	0.7099	1.0e-04	0.5374
9784	-108.9964	-108.9964	-76.8408	0.7050	77.2450	0.7092	1.0e-04	0.5355
9785	-108.9964	-108.9964	-77.5827	0.7118	76.4913	0.7023	1.0e-04	0.5360
9786	-108.9821	-108.9821	-76.7960	0.7047	77.2475	0.7094	1.0e-04	0.5382
9787	-108.9844	-108.9844	-77.3347	0.7096	76.7382	0.7046	1.0e-04	0.5377
9788	-108.9752	-108.9752	-77.2755	0.7091	76.7813	0.7050	1.0e-04	0.5381
9789	-109.0011	-109.0011	-77.2892	0.7091	76.8007	0.7051	1.0e-04	0.5381
9790	-108.9886	-108.9886	-77.0419	0.7069	77.0290	0.7073	1.0e-04	0.5364
9791	-108.9923	-108.9923	-77.9732	0.7154	76.1131	0.6987	1.0e-04	0.5362
9792	-108.9957	-108.9957	-77.3943	0.7101	76.6833	0.7041	1.0e-04	0.5366
9793	-108.9985	-108.9985	-76.9295	0.7058	77.1511	0.7084	1.0e-04	0.5369
9794	-108.9928	-108.9928	-77.1146	0.7075	76.9674	0.7067	1.0e-04	0.5358
9795	-108.9875	-108.9875	-76.5601	0.7025	77.5100	0.7117	1.0e-04	0.5361
9796	-108.9822	-108.9822	-76.7858	0.7046	77.2727	0.7096	1.0e-04	0.5368
9797	-108.9792	-108.9792	-76.6335	0.7032	77.4268	0.7110	1.0e-04	0.5370
9798	-109.0135	-109.0135	-76.5142	0.7019	77.5827	0.7123	1.0e-04	0.5360
9799	-108.9864	-108.9864	-78.3005	0.7184	75.7492	0.6956	1.0e-04	0.5370
9800	-108.9980	-108.9980	-77.0303	0.7067	77.0656	0.7075	1.0e-04	0.5368
9801	-108.9963	-108.9963	-76.4159	0.7011	77.6694	0.7131	1.0e-04	0.5360
9802	-108.9901	-108.9901	-76.5696	0.7025	77.5053	0.7116	1.0e-04	0.5378
9803	-108.9938	-108.9938	-77.9734	0.7154	76.0975	0.6987	1.0e-04	0.5384
9804	-109.0109	-109.0109	-77.3769	0.7098	76.7201	0.7043	1.0e-04	0.5375
9805	-108.9859	-108.9859	-77.0803	0.7073	76.9732	0.7068	1.0e-04	0.5388
9806	-109.0111	-109.0111	-77.4606	0.7106	76.6382	0.7036	1.0e-04	0.5381
9807	-108.9862	-108.9862	-76.6047	0.7029	77.4698	0.7113	1.0e-04	0.5390
9808	-108.9917	-108.9917	-76.9895	0.7064	77.0982	0.7077	1.0e-04	0.5387
9809	-108.9917	-108.9917	-76.4681	0.7016	77.6093	0.7125	1.0e-04	0.5377
9810	-108.9942	-108.9942	-77.3526	0.7097	76.7156	0.7042	1.0e-04	0.5364
9811	-108.9937	-108.9937	-77.2120	0.7084	76.8707	0.7058	1.0e-04	0.5378
9812	-109.0000	-109.0000	-77.9015	0.7147	76.1868	0.6994	1.0e-04	0.5367
9813	-108.9928	-108.9928	-77.4229	0.7103	76.6535	0.7038	1.0e-04	0.5367
9814	-108.9786	-108.9786	-77.3262	0.7096	76.7367	0.7046	1.0e-04	0.5359
9815	-108.9887	-108.9887	-76.5832	0.7027	77.4866	0.7115	1.0e-04	0.5458
9816	-108.9827	-108.9827	-76.9731	0.7063	77.0938	0.7079	1.0e-04	0.5358
9817	-109.0143	-109.0143	-76.6223	0.7029	77.4863	0.7113	1.0e-04	0.5367
9818	-108.9934	-108.9934	-77.1997	0.7083	76.8716	0.7058	1.0e-04	0.5366
9819	-108.9973	-108.9973	-77.2462	0.7087	76.8443	0.7055	1.0e-04	0.5379
9820	-109.0005	-109.0005	-77.2971	0.7091	76.7400	0.7045	1.0e-04	0.5381
9821	-108.9730	-108.9730	-77.4167	0.7104	76.6420	0.7038	1.0e-04	0.5379
9822	-108.9831	-108.9831	-77.5914	0.7120	76.4898	0.7022	1.0e-04	0.5354
9823	-108.9766	-108.9766	-77.8878	0.7147	76.1673	0.6994	1.0e-04	0.5357
9824	-108.9940	-108.9940	-76.9506	0.7060	77.1147	0.7081	1.0e-04	0.5359
9825	-109.0020	-109.0020	-78.0658	0.7162	76.0070	0.6978	1.0e-04	0.5364
9826	-108.9896	-108.9896	-76.9300	0.7058	77.1586	0.7084	1.0e-04	0.5356
9827	-108.9872	-108.9872	-76.6067	0.7029	77.4638	0.7112	1.0e-04	0.5363
9828	-108.9793	-108.9793	-76.9516	0.7061	77.1255	0.7081	1.0e-04	0.5375
9829	-108.9921	-108.9921	-77.1265	0.7076	76.9584	0.7066	1.0e-04	0.5393
9830	-108.9939	-108.9939	-76.8529	0.7051	77.2296	0.7091	1.0e-04	0.5382
9831	-108.9815	-108.9815	-76.8004	0.7047	77.2737	0.7095	1.0e-04	0.5366
9832	-109.0006	-109.0006	-76.4882	0.7017	77.5864	0.7123	1.0e-04	0.5362
9833	-109.0063	-109.0063	-77.9203	0.7148	76.1733	0.6993	1.0e-04	0.5363
9834	-108.9906	-108.9906	-77.2714	0.7090	76.7841	0.7049	1.0e-04	0.5361
9835	-108.9872	-108.9872	-77.2033	0.7084	76.8768	0.7058	1.0e-04	0.5360
9836	-109.0006	-109.0006	-77.4654	0.7107	76.6138	0.7033	1.0e-04	0.5358
9837	-109.0022	-109.0022	-76.5911	0.7027	77.4999	0.7115	1.0e-04	0.5366
9838	-109.0008	-109.0008	-76.9829	0.7063	77.0955	0.7078	1.0e-04	0.5359
9839	-108.9802	-108.9802	-77.8040	0.7139	76.2630	0.7002	1.0e-04	0.5364
9840	-108.9983	-108.9983	-76.8347	0.7049	77.2290	0.7092	1.0e-04	0.5349
9841	-109.0006	-109.0006	-76.9001	0.7055	77.1920	0.7087	1.0e-04	0.5370
9842	-108.9789	-108.9789	-77.7829	0.7137	76.2780	0.7004	1.0e-04	0.5375
9843	-108.9847	-108.9847	-78.5054	0.7203	75.5427	0.6936	1.0e-04	0.5372
9844	-109.0055	-109.0055	-77.2637	0.7088	76.8299	0.7054	1.0e-04	0.5372
9845	-108.9993	-108.9993	-77.1686	0.7080	76.8905	0.7059	1.0e-04	0.5363
9846	-108.9826	-108.9826	-76.8170	0.7049	77.2403	0.7092	1.0e-04	0.5367
9847	-109.0102	-109.0102	-76.1030	0.6981	77.9871	0.7160	1.0e-04	0.5381
9848	-108.9888	-108.9888	-76.8473	0.7051	77.2188	0.7091	1.0e-04	0.5361
9849	-108.9920	-108.9920	-78.1682	0.7172	75.8785	0.6967	1.0e-04	0.5376
9850	-108.9989	-108.9989	-76.5546	0.7023	77.5237	0.7118	1.0e-04	0.5362
9851	-108.9979	-108.9979	-77.3912	0.7100	76.6958	0.7042	1.0e-04	0.5371
9852	-108.9703	-108.9703	-76.5035	0.7021	77.5439	0.7121	1.0e-04	0.5370
9853	-108.9971	-108.9971	-76.8784	0.7053	77.2009	0.7088	1.0e-04	0.5380
9854	-108.9947	-108.9947	-77.6125	0.7121	76.4671	0.7021	1.0e-04	0.5368
9855	-108.9917	-108.9917	-77.2169	0.7085	76.8375	0.7055	1.0e-04	0.5371
9856	-108.9828	-108.9828	-77.1209	0.7076	76.9221	0.7063	1.0e-04	0.5363
9857	-109.0040	-109.0040	-76.7767	0.7043	77.3119	0.7098	1.0e-04	0.5364
9858	-108.9886	-108.9886	-77.4239	0.7104	76.6474	0.7037	1.0e-04	0.5362
9859	-109.0011	-109.0011	-76.6108	0.7028	77.4651	0.7112	1.0e-04	0.5380
9860	-108.9970	-108.9970	-77.2886	0.7091	76.7987	0.7051	1.0e-04	0.5385
9861	-108.9755	-108.9755	-76.5189	0.7022	77.4723	0.7113	1.0e-04	0.5378
9862	-108.9895	-108.9895	-76.1905	0.6991	77.8768	0.7150	1.0e-04	0.5369
9863	-109.0033	-109.0033	-76.9426	0.7059	77.1469	0.7083	1.0e-04	0.5371
9864	-108.9891	-108.9891	-76.9453	0.7060	77.1258	0.7082	1.0e-04	0.5367
9865	-108.9947	-108.9947	-77.4497	0.7106	76.6338	0.7036	1.0e-04	0.5368
9866	-108.9740	-108.9740	-75.7379	0.6950	78.2983	0.7190	1.0e-04	0.5384
9867	-108.9894	-108.9894	-77.1578	0.7079	76.9321	0.7063	1.0e-04	0.5380
9868	-108.9835	-108.9835	-76.4666	0.7016	77.6102	0.7125	1.0e-04	0.5368
9869	-108.9901	-108.9901	-77.0153	0.7066	77.0652	0.7076	1.0e-04	0.5367
9870	-108.9945	-108.9945	-76.0624	0.6979	78.0048	0.7162	1.0e-04	0.5357
9871	-108.9835	-108.9835	-77.5996	0.7120	76.4596	0.7021	1.0e-04	0.5365
9872	-108.9808	-108.9808	-76.4658	0.7016	77.5738	0.7124	1.0e-04	0.5372
9873	-108.9901	-108.9901	-76.8222	0.7049	77.2519	0.7093	1.0e-04	0.5370
9874	-108.9932	-108.9932	-76.4858	0.7017	77.6014	0.7124	1.0e-04	0.5367
9875	-108.9887	-108.9887	-76.1695	0.6989	77.9010	0.7152	1.0e-04	0.5361
9876	-108.9987	-108.9987	-77.2105	0.7084	76.8764	0.7058	1.0e-04	0.5390
9877	-108.9798	-108.9798	-76.1485	0.6987	77.9193	0.7154	1.0e-04	0.5378
9878	-108.9933	-108.9933	-76.9744	0.7062	77.1038	0.7080	1.0e-04	0.5373
9879	-108.9862	-108.9864	-74.9810	0.6880	79.0278	0.7256	1.0e-04	0.5368
9880	-108.9905	-108.9906	-74.9648	0.6878	79.0594	0.7259	1.0e-04	0.5360
9881	-109.0017	-109.0017	-76.5541	0.7023	77.5468	0.7119	1.0e-04	0.5365
9882	-109.0058	-109.0059	-75.7483	0.6949	78.3202	0.7191	1.0e-04	0.5361
9883	-108.9800	-108.9800	-76.3102	0.7002	77.7374	0.7139	1.0e-04	0.5376
9884	-108.9946	-108.9947	-75.6417	0.6940	78.4094	0.7199	1.0e-04	0.5373
9885	-108.9678	-108.9678	-76.4536	0.7016	77.6038	0.7126	1.0e-04	0.5385
9886	-109.0073	-109.0073	-75.7550	0.6950	78.3365	0.7191	1.0e-04	0.5375
9887	-108.9899	-108.9900	-75.5683	0.6934	78.4607	0.7204	1.0e-04	0.5380
9888	-109.0050	-109.0050	-75.8147	0.6955	78.2670	0.7185	1.0e-04	0.5380
9889	-108.9727	-108.9727	-76.2345	0.6996	77.8150	0.7145	1.0e-04	0.5381
9890	-108.9840	-108.9840	-76.0895	0.6982	77.9745	0.7159	1.0e-04	0.5371
9891	-109.0025	-109.0025	-76.4722	0.7016	77.6148	0.7126	1.0e-04	0.5379
9892	-108.9912	-108.9912	-76.6017	0.7028	77.4553	0.7112	1.0e-04	0.5378
9893	-108.9842	-108.9842	-76.4804	0.7018	77.5880	0.7124	1.0e-04	0.5379
9894	-109.0037	-109.0038	-75.6937	0.6944	78.3799	0.7196	1.0e-04	0.5352
9895	-109.0033	-109.0033	-76.2133	0.6992	77.8750	0.7149	1.0e-04	0.5373
9896	-109.0034	-109.0034	-76.3915	0.7008	77.6930	0.7133	1.0e-04	0.5372
9897	-108.9882	-108.9882	-76.9732	0.7063	77.1119	0.7079	1.0e-04	0.5389
9898	-108.9910	-108.9910	-77.1113	0.7075	76.9660	0.7066	1.0e-04	0.5393
9899	-108.9887	-108.9887	-76.4947	0.7019	77.5671	0.7122	1.0e-04	0.5375
9900	-109.0079	-109.0080	-75.6443	0.6939	78.4145	0.7200	1.0e-04	0.5354
9901	-108.9978	-108.9978	-77.1174	0.7075	76.9743	0.7067	1.0e-04	0.5357
9902	-108.9912	-108.9912	-76.7951	0.7046	77.2819	0.7096	1.0e-04	0.5371
9903	-108.9926	-108.9926	-76.6695	0.7034	77.4079	0.7107	1.0e-04	0.5370
9904	-108.9929	-108.9929	-76.7592	0.7043	77.3052	0.7099	1.0e-04	0.5365
9905	-108.9875	-108.9875	-76.2588	0.6997	77.8073	0.7144	1.0e-04	0.5376
9906	-108.9952	-108.9952	-76.6951	0.7037	77.3902	0.7105	1.0e-04	0.5371
9907	-108.9896	-108.9896	-76.9072	0.7056	77.1643	0.7085	1.0e-04	0.5390
9908	-108.9674	-108.9674	-76.2556	0.6998	77.7936	0.7143	1.0e-04	0.5381
9909	-108.9998	-108.9998	-76.6601	0.7033	77.4275	0.7109	1.0e-04	0.5376
9910	-109.0024	-109.0024	-76.5041	0.7019	77.5835	0.7123	1.0e-04	0.5361
9911	-108.9855	-108.9855	-76.3022	0.7001	77.7591	0.7140	1.0e-04	0.5362
9912	-108.9794	-108.9794	-76.6297	0.7032	77.4369	0.7110	1.0e-04	0.5369
9913	-108.9818	-108.9818	-76.4957	0.7019	77.5448	0.7120	1.0e-04	0.5371
9914	-108.9805	-108.9805	-76.0336	0.6977	78.0195	0.7164	1.0e-04	0.5368
9915	-108.9891	-108.9891	-77.3931	0.7101	76.6827	0.7041	1.0e-04	0.5374
9916	-108.9911	-108.9911	-76.0129	0.6974	78.0459	0.7167	1.0e-04	0.5363
9917	-108.9977	-108.9977	-76.4652	0.7015	77.6196	0.7126	1.0e-04	0.5358
9918	-109.0032	-109.0033	-75.5462	0.6931	78.5065	0.7209	1.0e-04	0.5362
9919	-108.9921	-108.9921	-76.7142	0.7039	77.3658	0.7103	1.0e-04	0.5362
9920	-108.9840	-108.9840	-76.3983	0.7010	77.6713	0.7132	1.0e-04	0.5363
9921	-108.9684	-108.9684	-75.7605	0.6953	78.2698	0.7187	1.0e-04	0.5372
9922	-108.9844	-108.9844	-76.8193	0.7049	77.2406	0.7092	1.0e-04	0.5361
9923	-108.9896	-108.9896	-76.3978	0.7010	77.6713	0.7132	1.0e-04	0.5369
9924	-108.9946	-108.9946	-77.3495	0.7097	76.7192	0.7045	1.0e-04	0.5361
9925	-108.9816	-108.9816	-76.2731	0.6999	77.7897	0.7142	1.0e-04	0.5375
9926	-108.9830	-108.9830	-77.5734	0.7118	76.4767	0.7022	1.0e-04	0.5380
9927	-108.9877	-108.9877	-76.4218	0.7012	77.6410	0.7128	1.0e-04	0.5373
9928	-108.9903	-108.9903	-76.9072	0.7056	77.1705	0.7086	1.0e-04	0.5381
9929	-108.9836	-108.9836	-76.5703	0.7026	77.5175	0.7116	1.0e-04	0.5377
9930	-108.9877	-108.9877	-76.4017	0.7010	77.6559	0.7130	1.0e-04	0.5354
9931	-108.9989	-108.9989	-76.8032	0.7046	77.2793	0.7095	1.0e-04	0.5364
9932	-108.9922	-108.9923	-75.2815	0.6907	78.7367	0.7229	1.0e-04	0.5362
9933	-108.9871	-108.9871	-77.3156	0.7094	76.7680	0.7048	1.0e-04	0.5369
9934	-109.0003	-109.0003	-76.5763	0.7025	77.5088	0.7116	1.0e-04	0.5365
9935	-109.0059	-109.0059	-76.6353	0.7030	77.4630	0.7111	1.0e-04	0.5374
9936	-108.9791	-108.9791	-77.2140	0.7085	76.8535	0.7056	1.0e-04	0.5360
9937	-108.9878	-108.9878	-76.7916	0.7046	77.2917	0.7096	1.0e-04	0.5366
9938	-108.9933	-108.9933	-76.7947	0.7046	77.2718	0.7094	1.0e-04	0.5359
9939	-108.9862	-108.9862	-77.5951	0.7120	76.4764	0.7022	1.0e-04	0.5378
9940	-109.0006	-109.0006	-76.5609	0.7024	77.5315	0.7118	1.0e-04	0.5365
9941	-108.9796	-108.9796	-76.4712	0.7017	77.5866	0.7124	1.0e-04	0.5370
9942	-108.9721	-108.9721	-76.5615	0.7026	77.4894	0.7115	1.0e-04	0.5366
9943	-109.0050	-109.0050	-77.4576	0.7106	76.6337	0.7036	1.0e-04	0.5375
9944	-108.9951	-108.9951	-77.0725	0.7071	77.0125	0.7071	1.0e-04	0.5371
9945	-109.0142	-109.0142	-75.7591	0.6949	78.3270	0.7191	1.0e-04	0.5385
9946	-108.9794	-108.9794	-77.1582	0.7080	76.8848	0.7061	1.0e-04	0.5355
9947	-108.9951	-108.9951	-76.4798	0.7017	77.5983	0.7124	1.0e-04	0.5357
9948	-108.9936	-108.9936	-76.6959	0.7037	77.3432	0.7102	1.0e-04	0.5365
9949	-108.9991	-108.9991	-76.4591	0.7015	77.6322	0.7127	1.0e-04	0.5365
9950	-108.9987	-108.9987	-76.1073	0.6982	77.9510	0.7157	1.0e-04	0.5367
9951	-108.9818	-108.9818	-77.1971	0.7083	76.8724	0.7058	1.0e-04	0.5367
9952	-108.9740	-108.9740	-77.1902	0.7083	76.8717	0.7059	1.0e-04	0.5367
9953	-108.9940	-108.9940	-76.6857	0.7036	77.3965	0.7105	1.0e-04	0.5365
9954	-108.9895	-108.9895	-76.6528	0.7033	77.4190	0.7108	1.0e-04	0.5365
9955	-108.9899	-108.9899	-76.8018	0.7047	77.2795	0.7095	1.0e-04	0.5374
9956	-108.9953	-108.9953	-77.4083	0.7102	76.6662	0.7039	1.0e-04	0.5371
9957	-108.9765	-108.9765	-76.3917	0.7010	77.6737	0.7132	1.0e-04	0.5374
9958	-108.9939	-108.9939	-76.6379	0.7031	77.4402	0.7110	1.0e-04	0.5363
9959	-108.9865	-108.9865	-76.0325	0.6976	78.0328	0.7164	1.0e-04	0.5370
9960	-108.9946	-108.9946	-76.6549	0.7033	77.4254	0.7109	1.0e-04	0.5369
9961	-108.9853	-108.9854	-75.1916	0.6899	78.8246	0.7238	1.0e-04	0.5382
9962	-108.9840	-108.9841	-75.7538	0.6951	78.3028	0.7189	1.0e-04	0.5373
9963	-109.0079	-109.0079	-76.6766	0.7034	77.4065	0.7107	1.0e-04	0.5384
9964	-108.9844	-108.9844	-76.8297	0.7050	77.2415	0.7092	1.0e-04	0.5373
9965	-108.9926	-108.9926	-76.3416	0.7004	77.7307	0.7136	1.0e-04	0.5376
9966	-108.9940	-108.9940	-76.3458	0.7005	77.7329	0.7137	1.0e-04	0.5370
9967	-108.9627	-108.9627	-77.1288	0.7078	76.9166	0.7063	1.0e-04	0.5383
9968	-108.9976	-108.9976	-76.5886	0.7027	77.4917	0.7114	1.0e-04	0.5379
9969	-108.9919	-108.9919	-76.5312	0.7022	77.5585	0.7120	1.0e-04	0.5383
9970	-108.9975	-108.9975	-76.1840	0.6990	77.8859	0.7152	1.0e-04	0.5376
9971	-108.9964	-108.9964	-76.7909	0.7045	77.2774	0.7096	1.0e-04	0.5359
9972	-108.9878	-108.9878	-76.8307	0.7049	77.2392	0.7092	1.0e-04	0.5357
9973	-108.9784	-108.9784	-76.4978	0.7020	77.5582	0.7122	1.0e-04	0.5373
9974	-108.9696	-108.9696	-76.7157	0.7040	77.3432	0.7102	1.0e-04	0.5377
9975	-108.9873	-108.9873	-75.9165	0.6966	78.1327	0.7175	1.0e-04	0.5369
9976	-108.9825	-108.9826	-75.1040	0.6891	78.9016	0.7245	1.0e-04	0.5361
9977	-109.0007	-109.0007	-76.3548	0.7005	77.7314	0.7136	1.0e-04	0.5363
9978	-108.9806	-108.9806	-76.2729	0.6999	77.7900	0.7143	1.0e-04	0.5367
9979	-108.9882	-108.9882	-75.9967	0.6973	78.0484	0.7167	1.0e-04	0.5372
9980	-108.9976	-108.9976	-76.4703	0.7016	77.5350	0.7119	1.0e-04	0.5370
9981	-108.9893	-108.9893	-75.7876	0.6954	78.2254	0.7182	1.0e-04	0.5371
9982	-108.9953	-108.9953	-76.2504	0.6996	77.8179	0.7145	1.0e-04	0.5380
9983	-108.9721	-108.9721	-76.4623	0.7017	77.5828	0.7125	1.0e-04	0.5374
9984	-108.9814	-108.9815	-75.3445	0.6914	78.6866	0.7225	1.0e-04	0.5359
9985	-109.0030	-109.0030	-76.2217	0.6993	77.8653	0.7149	1.0e-04	0.5364
9986	-108.9868	-108.9868	-76.0314	0.6976	78.0347	0.7165	1.0e-04	0.5371
9987	-108.9953	-108.9954	-75.5112	0.6928	78.5448	0.7211	1.0e-04	0.5380
9988	-108.9813	-108.9813	-76.3256	0.7004	77.7247	0.7137	1.0e-04	0.5366
9989	-108.9938	-108.9939	-75.4052	0.6918	78.6482	0.7220	1.0e-04	0.5362
9990	-108.9716	-108.9716	-76.7626	0.7044	77.2629	0.7096	1.0e-04	0.5355
9991	-108.9928	-108.9928	-77.0449	0.7069	77.0305	0.7072	1.0e-04	0.5369
9992	-108.9973	-108.9973	-76.6285	0.7030	77.4371	0.7110	1.0e-04	0.5358
9993	-108.9830	-108.9830	-77.2328	0.7087	76.8389	0.7055	1.0e-04	0.5372
9994	-108.9960	-108.9960	-76.5363	0.7022	77.5408	0.7119	1.0e-04	0.5377
9995	-108.9779	-108.9779	-76.8479	0.7052	77.2026	0.7090	1.0e-04	0.5375
9996	-108.9903	-108.9903	-76.2871	0.6999	77.7819	0.7142	1.0e-04	0.5363
9997	-108.9862	-108.9862	-77.4870	0.7110	76.5723	0.7031	1.0e-04	0.5360
9998	-108.9829	-108.9829	-75.9180	0.6966	78.1387	0.7174	1.0e-04	0.5363
9999	-108.9688	-108.9688	-76.0335	0.6978	78.0043	0.7163	1.0e-04	0.5367
10000	-108.9923	-108.9923	-76.3032	0.7001	77.7555	0.7139	1.0e-04	0.5372
