# [2025-02-18 00:22:33,184] INFO: Loading Hamiltonian from saved file
# [2025-02-18 00:22:35,407] INFO: Setting up the training loop
# [2025-02-18 00:22:36,672] INFO: Initializing parameters and states
# [2025-02-18 00:22:45,710] INFO: Burning in the sampler for 100 steps
# [2025-02-18 00:22:52,917] INFO: Start training
# HF energy from loaded: -101.70472113364448
# step	loss	e_tot	exp_es	exp_s	std_es	std_s	lr	time
0	-101.7781	-101.7781	-101.7612	0.9998	1.8616	0.0182	3.0e-04	21.6793
1	-101.7784	-101.7784	-101.7615	0.9998	1.8577	0.0182	3.0e-04	11.1785
2	-101.7854	-101.7854	-101.7645	0.9998	2.0678	0.0203	3.0e-04	10.2714
3	-101.7860	-101.7860	-101.7619	0.9998	2.2185	0.0217	3.0e-04	10.2871
4	-101.7891	-101.7891	-101.7591	0.9997	2.4770	0.0243	3.0e-04	10.2948
5	-101.7929	-101.7929	-101.7597	0.9997	2.6019	0.0255	3.0e-04	10.3198
6	-101.7965	-101.7965	-101.7557	0.9996	2.8860	0.0283	3.0e-04	10.3144
7	-101.7994	-101.7994	-101.7503	0.9995	3.1653	0.0311	3.0e-04	10.3173
8	-101.8066	-101.8066	-101.7511	0.9995	3.3650	0.0330	3.0e-04	10.3334
9	-101.8128	-101.8128	-101.7466	0.9994	3.6728	0.0360	3.0e-04	10.3725
10	-101.8114	-101.8114	-101.7302	0.9992	4.0698	0.0399	3.0e-04	10.3723
11	-101.8212	-101.8212	-101.7264	0.9991	4.3974	0.0431	3.0e-04	10.3750
12	-101.8311	-101.8311	-101.7214	0.9989	4.7265	0.0464	3.0e-04	10.3499
13	-101.8377	-101.8377	-101.7042	0.9987	5.2169	0.0512	3.0e-04	10.3608
14	-101.8470	-101.8470	-101.7012	0.9986	5.4511	0.0535	3.0e-04	10.3742
15	-101.8506	-101.8506	-101.6798	0.9983	5.8991	0.0579	3.0e-04	10.3707
16	-101.8565	-101.8565	-101.6647	0.9981	6.2494	0.0613	3.0e-04	10.3770
17	-101.8622	-101.8622	-101.6549	0.9980	6.4982	0.0638	3.0e-04	10.3742
18	-101.8750	-101.8750	-101.6278	0.9976	7.0944	0.0696	3.0e-04	10.3519
19	-101.8862	-101.8862	-101.6163	0.9974	7.4142	0.0727	3.0e-04	10.3818
20	-101.8962	-101.8962	-101.6058	0.9971	7.6913	0.0754	3.0e-04	10.3904
21	-101.8965	-101.8965	-101.5753	0.9968	8.0881	0.0793	3.0e-04	10.3902
22	-101.9110	-101.9110	-101.5543	0.9965	8.5221	0.0836	3.0e-04	10.3849
23	-101.9341	-101.9341	-101.5600	0.9963	8.7272	0.0856	3.0e-04	10.3760
24	-101.9504	-101.9504	-101.5313	0.9959	9.2380	0.0906	3.0e-04	10.3568
25	-101.9595	-101.9595	-101.5185	0.9957	9.4683	0.0928	3.0e-04	10.3807
26	-101.9706	-101.9706	-101.5125	0.9955	9.6592	0.0947	3.0e-04	10.3908
27	-101.9836	-101.9836	-101.5159	0.9954	9.7600	0.0957	3.0e-04	10.3904
28	-102.0035	-102.0035	-101.5006	0.9951	10.1223	0.0992	3.0e-04	10.3692
29	-102.0253	-102.0253	-101.5144	0.9950	10.2034	0.0999	3.0e-04	10.3694
30	-102.0250	-102.0250	-101.5028	0.9949	10.3182	0.1010	3.0e-04	10.3566
31	-102.0407	-102.0407	-101.4887	0.9946	10.6069	0.1039	3.0e-04	10.3821
32	-102.0446	-102.0446	-101.4980	0.9946	10.5567	0.1034	3.0e-04	10.3802
33	-102.0599	-102.0599	-101.4960	0.9945	10.7252	0.1050	3.0e-04	10.3900
34	-102.0837	-102.0837	-101.4856	0.9941	11.0463	0.1081	3.0e-04	10.3832
35	-102.0677	-102.0677	-101.4850	0.9943	10.9029	0.1067	3.0e-04	10.3867
36	-102.1008	-102.1008	-101.5042	0.9942	11.0358	0.1079	3.0e-04	10.3550
37	-102.1119	-102.1119	-101.5083	0.9941	11.1049	0.1086	3.0e-04	10.3535
38	-102.1306	-102.1306	-101.5532	0.9943	10.8653	0.1062	3.0e-04	10.3680
39	-102.1189	-102.1189	-101.5286	0.9942	10.9854	0.1073	3.0e-04	10.3936
40	-102.1452	-102.1452	-101.5451	0.9941	11.0783	0.1082	3.0e-04	10.3898
41	-102.1622	-102.1622	-101.5467	0.9940	11.2194	0.1095	3.0e-04	10.3881
42	-102.1779	-102.1779	-101.5461	0.9938	11.3830	0.1110	3.0e-04	10.3507
43	-102.1927	-102.1927	-101.5724	0.9939	11.2722	0.1100	3.0e-04	10.3585
44	-102.2012	-102.2012	-101.5930	0.9940	11.1743	0.1089	3.0e-04	10.3657
45	-102.1496	-102.1496	-101.5418	0.9941	11.1713	0.1089	3.0e-04	10.3937
46	-102.1858	-102.1858	-101.5759	0.9940	11.1884	0.1091	3.0e-04	10.3875
47	-102.1971	-102.1971	-101.5851	0.9940	11.2209	0.1093	3.0e-04	10.3892
48	-102.2152	-102.2152	-101.5939	0.9939	11.3070	0.1101	3.0e-04	10.3582
49	-102.1979	-102.1979	-101.5716	0.9939	11.3399	0.1104	3.0e-04	10.3668
50	-102.2065	-102.2065	-101.5930	0.9940	11.2344	0.1094	3.0e-04	10.3863
51	-102.2022	-102.2022	-101.5464	0.9936	11.6164	0.1131	3.0e-04	10.3894
52	-102.2401	-102.2401	-101.5735	0.9935	11.7137	0.1140	3.0e-04	10.3683
53	-102.2648	-102.2648	-101.6186	0.9937	11.5322	0.1122	3.0e-04	10.3578
54	-102.2401	-102.2401	-101.6088	0.9938	11.4028	0.1110	3.0e-04	10.3607
55	-102.2097	-102.2097	-101.5783	0.9938	11.4041	0.1110	3.0e-04	10.3727
56	-102.2658	-102.2658	-101.6148	0.9936	11.5772	0.1127	3.0e-04	10.3763
57	-102.2642	-102.2642	-101.6236	0.9937	11.4867	0.1117	3.0e-04	10.3883
58	-102.2665	-102.2665	-101.6523	0.9940	11.2483	0.1094	3.0e-04	10.3887
59	-102.2829	-102.2829	-101.6584	0.9939	11.3488	0.1103	3.0e-04	10.3813
60	-102.2516	-102.2516	-101.6290	0.9939	11.3223	0.1101	3.0e-04	10.3596
61	-102.2870	-102.2870	-101.6712	0.9940	11.2728	0.1096	3.0e-04	10.3667
62	-102.2949	-102.2949	-101.6896	0.9941	11.1716	0.1086	3.0e-04	10.3921
63	-102.3119	-102.3119	-101.7086	0.9941	11.1583	0.1084	3.0e-04	10.3905
64	-102.3231	-102.3231	-101.7327	0.9942	11.0379	0.1072	3.0e-04	10.3864
65	-102.2722	-102.2722	-101.6836	0.9942	11.0206	0.1071	3.0e-04	10.3730
66	-102.2704	-102.2704	-101.6927	0.9944	10.9120	0.1061	3.0e-04	10.3564
67	-102.3181	-102.3181	-101.7149	0.9941	11.1628	0.1084	3.0e-04	10.3683
68	-102.3014	-102.3014	-101.7389	0.9945	10.7861	0.1047	3.0e-04	10.3910
69	-102.3062	-102.3062	-101.7137	0.9942	11.0572	0.1075	3.0e-04	10.3891
70	-102.2961	-102.2961	-101.7274	0.9944	10.8289	0.1052	3.0e-04	10.3737
71	-102.2849	-102.2849	-101.6877	0.9942	11.1006	0.1079	3.0e-04	10.3723
72	-102.3308	-102.3308	-101.7182	0.9940	11.2433	0.1092	3.0e-04	10.3549
73	-102.3470	-102.3470	-101.6936	0.9936	11.6075	0.1128	3.0e-04	10.3586
74	-102.3280	-102.3280	-101.6764	0.9936	11.5936	0.1127	3.0e-04	10.3909
75	-102.3131	-102.3131	-101.6600	0.9936	11.6062	0.1128	3.0e-04	10.3934
76	-102.3220	-102.3220	-101.6818	0.9937	11.4932	0.1117	3.0e-04	10.3860
77	-102.3341	-102.3341	-101.6665	0.9935	11.7367	0.1140	3.0e-04	10.3706
78	-102.3341	-102.3341	-101.6609	0.9934	11.7885	0.1145	3.0e-04	10.3721
79	-102.3309	-102.3309	-101.6632	0.9935	11.7247	0.1140	3.0e-04	10.3523
80	-102.3356	-102.3356	-101.6481	0.9933	11.9118	0.1157	3.0e-04	10.3894
81	-102.3326	-102.3326	-101.6579	0.9934	11.7933	0.1146	3.0e-04	10.3693
82	-102.3280	-102.3280	-101.6357	0.9932	11.9497	0.1161	3.0e-04	10.3884
83	-102.3216	-102.3216	-101.6537	0.9935	11.7409	0.1141	3.0e-04	10.3875
84	-102.3653	-102.3653	-101.6516	0.9930	12.1175	0.1178	2.9e-04	10.3628
85	-102.3262	-102.3262	-101.6374	0.9933	11.9233	0.1158	2.9e-04	10.3590
86	-102.3532	-102.3532	-101.6646	0.9933	11.9179	0.1158	2.9e-04	10.3903
87	-102.3941	-102.3941	-101.6807	0.9930	12.1284	0.1178	2.9e-04	10.3918
88	-102.3468	-102.3468	-101.6583	0.9933	11.9132	0.1158	2.9e-04	10.3874
89	-102.3313	-102.3313	-101.6403	0.9932	11.9364	0.1160	2.9e-04	10.3710
90	-102.3530	-102.3530	-101.6551	0.9932	11.9875	0.1165	2.9e-04	10.3631
91	-102.3387	-102.3387	-101.6522	0.9933	11.8962	0.1156	2.9e-04	10.3582
92	-102.3631	-102.3631	-101.6369	0.9929	12.2238	0.1189	2.9e-04	10.3851
93	-102.3690	-102.3690	-101.6448	0.9929	12.2102	0.1187	2.9e-04	10.3866
94	-102.3432	-102.3432	-101.6151	0.9929	12.2467	0.1191	2.9e-04	10.3686
95	-102.3666	-102.3666	-101.6041	0.9926	12.5293	0.1218	2.9e-04	10.3720
96	-102.3437	-102.3437	-101.5140	0.9919	13.0538	0.1271	2.9e-04	10.3606
97	-102.3425	-102.3425	-101.5024	0.9918	13.1410	0.1279	2.9e-04	10.3587
98	-102.3595	-102.3595	-101.5107	0.9917	13.1975	0.1284	2.9e-04	10.3676
99	-102.3697	-102.3697	-101.4522	0.9910	13.7195	0.1336	2.9e-04	10.3881
100	-102.3251	-102.3251	-101.3591	0.9906	14.0691	0.1370	2.9e-04	10.3847
101	-102.3703	-102.3703	-101.3735	0.9903	14.2974	0.1392	2.9e-04	10.3952
102	-102.3543	-102.3543	-101.3627	0.9903	14.2609	0.1389	2.9e-04	10.3703
103	-102.3727	-102.3727	-101.3421	0.9899	14.5343	0.1415	2.9e-04	10.3558
104	-102.3828	-102.3828	-101.2931	0.9894	14.9303	0.1454	2.9e-04	10.3505
105	-102.3533	-102.3533	-101.2477	0.9892	15.0414	0.1466	2.9e-04	10.3732
106	-102.3801	-102.3801	-101.2867	0.9893	14.9649	0.1457	2.9e-04	10.3725
107	-102.3388	-102.3388	-101.2336	0.9892	15.0345	0.1465	2.9e-04	10.3927
108	-102.3668	-102.3668	-101.2515	0.9891	15.1131	0.1472	2.9e-04	10.3588
109	-102.3729	-102.3729	-101.2283	0.9888	15.2985	0.1491	2.9e-04	10.3457
110	-102.3664	-102.3664	-101.1890	0.9885	15.5216	0.1512	2.9e-04	10.3617
111	-102.3307	-102.3307	-101.1396	0.9884	15.6046	0.1521	2.9e-04	10.3870
112	-102.3703	-102.3703	-101.1597	0.9882	15.7330	0.1533	2.9e-04	10.3676
113	-102.4043	-102.4043	-101.1803	0.9880	15.8178	0.1541	2.9e-04	10.3889
114	-102.3903	-102.3903	-101.1386	0.9878	15.9973	0.1559	2.9e-04	10.3639
115	-102.3257	-102.3257	-101.0201	0.9872	16.3239	0.1592	2.9e-04	10.3612
116	-102.3721	-102.3721	-101.0315	0.9869	16.5403	0.1613	2.9e-04	10.3725
117	-102.3938	-102.3938	-101.0402	0.9868	16.6218	0.1621	2.9e-04	10.3726
118	-102.3524	-102.3524	-100.9777	0.9866	16.7476	0.1633	2.9e-04	10.3891
119	-102.3734	-102.3734	-100.9191	0.9858	17.2182	0.1679	2.9e-04	10.3914
120	-102.3659	-102.3659	-100.8677	0.9854	17.4742	0.1704	2.9e-04	10.3738
121	-102.3868	-102.3868	-100.7709	0.9842	18.1405	0.1769	2.9e-04	10.3530
122	-102.4108	-102.4108	-100.7722	0.9840	18.2739	0.1782	2.9e-04	10.3758
123	-102.3693	-102.3693	-100.6862	0.9836	18.5128	0.1806	2.9e-04	10.3720
124	-102.3800	-102.3800	-100.7040	0.9836	18.4709	0.1802	2.9e-04	10.3802
125	-102.3893	-102.3893	-100.7440	0.9839	18.2940	0.1785	2.9e-04	10.3920
126	-102.4029	-102.4029	-100.7659	0.9840	18.2410	0.1780	2.9e-04	10.3663
127	-102.3866	-102.3866	-100.7716	0.9842	18.1339	0.1769	2.9e-04	10.3582
128	-102.4281	-102.4281	-100.7427	0.9835	18.5236	0.1807	2.9e-04	10.3747
129	-102.4169	-102.4169	-100.6338	0.9826	19.0456	0.1858	2.9e-04	10.3881
130	-102.4003	-102.4003	-100.6003	0.9824	19.1392	0.1867	2.9e-04	10.3839
131	-102.3381	-102.3381	-100.5365	0.9824	19.1331	0.1868	2.9e-04	10.3921
132	-102.3655	-102.3655	-100.5624	0.9824	19.1478	0.1869	2.9e-04	10.3721
133	-102.4054	-102.4054	-100.5702	0.9821	19.3266	0.1885	2.9e-04	10.3600
134	-102.3969	-102.3969	-100.4340	0.9808	19.9657	0.1949	2.9e-04	10.3719
135	-102.4160	-102.4160	-100.4797	0.9811	19.8342	0.1935	2.9e-04	10.3909
136	-102.3864	-102.3864	-100.4331	0.9809	19.9214	0.1944	2.9e-04	10.3706
137	-102.4010	-102.4010	-100.4393	0.9808	19.9608	0.1948	2.9e-04	10.3918
138	-102.3882	-102.3882	-100.3928	0.9805	20.1274	0.1965	2.9e-04	10.3754
139	-102.4094	-102.4094	-100.3328	0.9797	20.5308	0.2003	2.9e-04	10.3519
140	-102.4133	-102.4133	-100.4197	0.9805	20.1236	0.1963	2.9e-04	10.3694
141	-102.4218	-102.4218	-100.5088	0.9813	19.7194	0.1924	2.9e-04	10.3910
142	-102.3824	-102.3824	-100.3915	0.9806	20.1071	0.1962	2.9e-04	10.3887
143	-102.4176	-102.4176	-100.4528	0.9808	19.9757	0.1949	2.9e-04	10.3890
144	-102.4172	-102.4172	-100.4368	0.9807	20.0575	0.1957	2.9e-04	10.3738
145	-102.4005	-102.4005	-100.5253	0.9817	19.5175	0.1905	2.9e-04	10.3552
146	-102.4080	-102.4080	-100.5130	0.9815	19.6249	0.1915	2.9e-04	10.3598
147	-102.3848	-102.3848	-100.5245	0.9818	19.4432	0.1897	2.9e-04	10.3898
148	-102.4303	-102.4303	-100.6088	0.9822	19.2476	0.1878	2.9e-04	10.3881
149	-102.4141	-102.4141	-100.6078	0.9824	19.1632	0.1869	2.9e-04	10.3913
150	-102.4140	-102.4140	-100.5955	0.9822	19.2279	0.1876	2.9e-04	10.3612
151	-102.3890	-102.3890	-100.6382	0.9829	18.8719	0.1841	2.9e-04	10.3544
152	-102.3771	-102.3771	-100.6219	0.9829	18.8917	0.1843	2.9e-04	10.3735
153	-102.3893	-102.3893	-100.6504	0.9830	18.7995	0.1835	2.9e-04	10.3837
154	-102.3978	-102.3978	-100.6534	0.9830	18.8331	0.1838	2.9e-04	10.3918
155	-102.4215	-102.4215	-100.6909	0.9831	18.7578	0.1830	2.9e-04	10.3903
156	-102.4162	-102.4162	-100.6850	0.9831	18.7568	0.1831	2.9e-04	10.3754
157	-102.4189	-102.4189	-100.6449	0.9827	18.9895	0.1853	2.9e-04	10.3493
158	-102.3985	-102.3985	-100.6015	0.9825	19.1036	0.1865	2.9e-04	10.3800
159	-102.4180	-102.4180	-100.5819	0.9821	19.3145	0.1885	2.9e-04	10.3810
160	-102.4015	-102.4015	-100.5429	0.9818	19.4315	0.1897	2.9e-04	10.3886
161	-102.4163	-102.4163	-100.5252	0.9815	19.6003	0.1913	2.9e-04	10.3918
162	-102.4499	-102.4499	-100.5681	0.9816	19.5603	0.1908	2.9e-04	10.3726
163	-102.4287	-102.4287	-100.4370	0.9806	20.1073	0.1962	2.9e-04	10.3482
164	-102.3818	-102.3818	-100.4130	0.9808	19.9898	0.1952	2.9e-04	10.3811
165	-102.4084	-102.4084	-100.4527	0.9809	19.9266	0.1945	2.9e-04	10.3902
166	-102.3902	-102.3902	-100.4008	0.9806	20.0986	0.1962	2.9e-04	10.3716
167	-102.3818	-102.3818	-100.3613	0.9803	20.2404	0.1976	2.9e-04	10.3711
168	-102.4063	-102.4063	-100.3702	0.9801	20.3254	0.1984	2.9e-04	10.3715
169	-102.4236	-102.4236	-100.3260	0.9795	20.6203	0.2013	2.9e-04	10.3523
170	-102.4138	-102.4138	-100.2107	0.9785	21.1330	0.2063	2.9e-04	10.3953
171	-102.4118	-102.4118	-100.1195	0.9776	21.5451	0.2103	2.9e-04	10.3695
172	-102.4095	-102.4095	-100.0047	0.9765	22.0668	0.2154	2.9e-04	10.3781
173	-102.3945	-102.3945	-100.0195	0.9768	21.9287	0.2141	2.9e-04	10.3853
174	-102.4191	-102.4191	-99.8571	0.9750	22.7623	0.2223	2.9e-04	10.3756
175	-102.4209	-102.4209	-99.7842	0.9743	23.0923	0.2254	2.9e-04	10.3501
176	-102.3864	-102.3864	-99.7134	0.9739	23.2501	0.2270	2.9e-04	10.3807
177	-102.3954	-102.3954	-99.7252	0.9739	23.2166	0.2268	2.9e-04	10.3848
178	-102.4201	-102.4201	-99.5458	0.9719	24.0886	0.2352	2.9e-04	10.3912
179	-102.4118	-102.4118	-99.6184	0.9727	23.7505	0.2320	2.9e-04	10.3680
180	-102.4256	-102.4256	-99.5461	0.9719	24.1112	0.2354	2.9e-04	10.3913
181	-102.4119	-102.4119	-99.4915	0.9715	24.2761	0.2371	2.9e-04	10.3576
182	-102.4032	-102.4032	-99.3373	0.9701	24.8396	0.2426	2.9e-04	10.3587
183	-102.4213	-102.4213	-99.3596	0.9701	24.8475	0.2427	2.9e-04	10.3719
184	-102.4065	-102.4065	-99.2620	0.9693	25.1817	0.2459	2.9e-04	10.3684
185	-102.3996	-102.3996	-99.2573	0.9693	25.1602	0.2458	2.9e-04	10.3696
186	-102.4139	-102.4139	-99.0928	0.9676	25.8578	0.2526	2.9e-04	10.3789
187	-102.3998	-102.3998	-99.0840	0.9676	25.8296	0.2523	2.9e-04	10.3561
188	-102.4116	-102.4116	-98.9936	0.9666	26.2309	0.2562	2.9e-04	10.3809
189	-102.4727	-102.4727	-98.9586	0.9657	26.5976	0.2596	2.9e-04	10.3916
190	-102.4066	-102.4066	-98.9246	0.9660	26.4637	0.2585	2.9e-04	10.3815
191	-102.4491	-102.4491	-98.9235	0.9656	26.6265	0.2600	2.9e-04	10.3690
192	-102.4013	-102.4013	-98.8836	0.9656	26.5963	0.2598	2.9e-04	10.3647
193	-102.4355	-102.4355	-98.7564	0.9641	27.1914	0.2655	2.9e-04	10.3574
194	-102.4272	-102.4272	-98.7752	0.9643	27.0883	0.2646	2.9e-04	10.3683
195	-102.4280	-102.4280	-98.6989	0.9636	27.3698	0.2674	2.9e-04	10.3875
196	-102.3837	-102.3837	-98.6414	0.9634	27.4155	0.2679	2.9e-04	10.3916
197	-102.4155	-102.4155	-98.5407	0.9622	27.8883	0.2724	2.9e-04	10.3873
198	-102.4004	-102.4004	-98.5113	0.9620	27.9366	0.2730	2.9e-04	10.3777
199	-102.4191	-102.4191	-98.5133	0.9619	27.9865	0.2735	2.9e-04	10.3586
200	-102.4014	-102.4014	-98.3242	0.9602	28.5744	0.2794	2.9e-04	10.3705
201	-102.4317	-102.4317	-98.0032	0.9568	29.7638	0.2908	2.9e-04	10.3666
202	-102.4128	-102.4128	-97.8531	0.9555	30.1886	0.2951	2.9e-04	10.3875
203	-102.4391	-102.4391	-97.6861	0.9536	30.8106	0.3011	2.9e-04	10.3717
204	-102.4021	-102.4021	-97.3222	0.9504	31.8131	0.3110	2.9e-04	10.3710
205	-102.4331	-102.4331	-97.1700	0.9486	32.3809	0.3164	2.9e-04	10.3578
206	-102.4403	-102.4403	-97.0352	0.9472	32.8008	0.3205	2.9e-04	10.3770
207	-102.4080	-102.4080	-96.3659	0.9410	34.6232	0.3384	2.9e-04	10.3876
208	-102.4434	-102.4434	-96.2230	0.9393	35.1160	0.3431	2.9e-04	10.3749
209	-102.4140	-102.4140	-95.7868	0.9353	36.1984	0.3538	2.9e-04	10.3680
210	-102.4118	-102.4118	-95.8540	0.9360	36.0025	0.3520	2.9e-04	10.3936
211	-102.4352	-102.4352	-95.5426	0.9327	36.8858	0.3605	2.9e-04	10.3564
212	-102.4625	-102.4625	-95.2818	0.9299	37.6302	0.3678	2.9e-04	10.3581
213	-102.4678	-102.4678	-95.4890	0.9319	37.1115	0.3627	2.9e-04	10.3705
214	-102.4089	-102.4089	-95.2428	0.9300	37.5814	0.3675	2.9e-04	10.3933
215	-102.4052	-102.4052	-95.1802	0.9294	37.7319	0.3689	2.9e-04	10.3927
216	-102.4361	-102.4361	-95.0446	0.9278	38.1613	0.3729	2.9e-04	10.3894
217	-102.4467	-102.4467	-95.2275	0.9295	37.7104	0.3687	2.9e-04	10.3592
218	-102.4268	-102.4268	-95.1125	0.9286	37.9299	0.3708	2.9e-04	10.3569
219	-102.4199	-102.4199	-95.1135	0.9287	37.9188	0.3706	2.9e-04	10.3789
220	-102.4336	-102.4336	-95.0794	0.9282	38.0558	0.3721	2.9e-04	10.3863
221	-102.4289	-102.4289	-94.8645	0.9262	38.5867	0.3772	2.9e-04	10.3865
222	-102.4304	-102.4304	-94.8602	0.9261	38.5943	0.3773	2.9e-04	10.3745
223	-102.4086	-102.4086	-94.6806	0.9245	38.9731	0.3811	2.9e-04	10.3556
224	-102.4100	-102.4100	-94.7144	0.9249	38.8984	0.3803	2.9e-04	10.3617
225	-102.3977	-102.3977	-94.5299	0.9232	39.2945	0.3843	2.9e-04	10.3767
226	-102.4467	-102.4467	-94.2836	0.9203	40.0109	0.3911	2.9e-04	10.3680
227	-102.3769	-102.3769	-93.9070	0.9173	40.7125	0.3982	2.9e-04	10.3805
228	-102.4151	-102.4151	-93.5081	0.9130	41.6996	0.4077	2.9e-04	10.3727
229	-102.4550	-102.4550	-92.9515	0.9072	43.0275	0.4206	2.9e-04	10.3602
230	-102.3726	-102.3726	-92.2738	0.9014	44.2822	0.4331	2.9e-04	10.3654
231	-102.4356	-102.4356	-92.2567	0.9006	44.4293	0.4343	2.9e-04	10.3819
232	-102.4240	-102.4240	-91.7723	0.8960	45.4266	0.4440	2.9e-04	10.3887
233	-102.4089	-102.4089	-91.3477	0.8920	46.2423	0.4520	2.9e-04	10.3904
234	-102.4409	-102.4409	-90.8187	0.8865	47.3229	0.4626	2.9e-04	10.3517
235	-102.4283	-102.4283	-90.7788	0.8863	47.3734	0.4631	2.9e-04	10.3546
236	-102.4106	-102.4106	-90.2407	0.8812	48.3460	0.4726	2.9e-04	10.3794
237	-102.4441	-102.4441	-90.3528	0.8820	48.1896	0.4711	2.9e-04	10.3888
238	-102.4376	-102.4376	-89.9831	0.8784	48.8772	0.4778	2.9e-04	10.3861
239	-102.4234	-102.4234	-90.3525	0.8821	48.1449	0.4710	2.9e-04	10.3915
240	-102.4499	-102.4499	-90.4277	0.8827	48.0694	0.4700	2.9e-04	10.3786
241	-102.4694	-102.4694	-89.7386	0.8758	49.3565	0.4826	2.9e-04	10.3588
242	-102.4355	-102.4355	-90.1989	0.8805	48.4757	0.4739	2.9e-04	10.3869
243	-102.4282	-102.4282	-90.0672	0.8793	48.6928	0.4762	2.9e-04	10.3851
244	-102.4504	-102.4504	-90.3284	0.8817	48.2523	0.4718	2.9e-04	10.3922
245	-102.3880	-102.3880	-89.9323	0.8783	48.8808	0.4780	2.9e-04	10.3929
246	-102.4215	-102.4215	-89.4268	0.8731	49.8711	0.4875	2.9e-04	10.3687
247	-102.3841	-102.3841	-89.6934	0.8760	49.3096	0.4822	2.9e-04	10.3595
248	-102.3854	-102.3854	-89.5795	0.8749	49.5104	0.4842	2.9e-04	10.3647
249	-102.4224	-102.4224	-89.5836	0.8746	49.5627	0.4848	2.9e-04	10.3886
250	-102.4443	-102.4443	-89.0105	0.8689	50.6300	0.4950	2.9e-04	10.3905
251	-102.4428	-102.4428	-88.3510	0.8624	51.7681	0.5061	2.9e-04	10.3591
252	-102.4384	-102.4384	-87.4345	0.8535	53.3188	0.5210	2.9e-04	10.3504
253	-102.3859	-102.3859	-87.4006	0.8536	53.2516	0.5208	2.9e-04	10.3581
254	-102.4377	-102.4377	-86.2908	0.8424	55.1306	0.5388	2.9e-04	10.3654
255	-102.4528	-102.4528	-86.6058	0.8453	54.6761	0.5342	2.9e-04	10.3899
256	-102.4629	-102.4629	-86.1512	0.8408	55.3699	0.5411	2.9e-04	10.3880
257	-102.4366	-102.4366	-85.8351	0.8379	55.8352	0.5458	2.9e-04	10.3919
258	-102.4306	-102.4306	-85.8107	0.8377	55.8735	0.5461	2.9e-04	10.3904
259	-102.3830	-102.3830	-86.3211	0.8431	54.9459	0.5375	2.9e-04	10.3656
260	-102.4238	-102.4238	-85.4333	0.8341	56.4067	0.5515	2.9e-04	10.3670
261	-102.4501	-102.4501	-85.1469	0.8311	56.8568	0.5557	2.9e-04	10.3893
262	-102.4228	-102.4228	-85.0760	0.8306	56.9564	0.5566	2.9e-04	10.3870
263	-102.3908	-102.3908	-85.3286	0.8334	56.5392	0.5527	2.8e-04	10.3893
264	-102.4473	-102.4473	-84.4466	0.8243	57.9290	0.5660	2.8e-04	10.3871
265	-102.4447	-102.4447	-84.0878	0.8208	58.4551	0.5712	2.8e-04	10.3596
266	-102.4246	-102.4246	-83.9052	0.8192	58.6706	0.5735	2.8e-04	10.3580
267	-102.4475	-102.4475	-84.4812	0.8246	57.8706	0.5656	2.8e-04	10.3708
268	-102.4230	-102.4230	-84.2405	0.8225	58.1725	0.5686	2.8e-04	10.3931
269	-102.4632	-102.4632	-83.5789	0.8157	59.1828	0.5782	2.8e-04	10.3805
270	-102.4436	-102.4436	-82.7300	0.8076	60.3412	0.5895	2.8e-04	10.3665
271	-102.4301	-102.4301	-82.8922	0.8093	60.1090	0.5875	2.8e-04	10.3625
272	-102.4729	-102.4729	-82.9426	0.8094	60.1146	0.5872	2.8e-04	10.3653
273	-102.4703	-102.4703	-82.5558	0.8057	60.6215	0.5922	2.8e-04	10.3900
274	-102.4344	-102.4344	-82.2669	0.8031	60.9752	0.5958	2.8e-04	10.3804
275	-102.4151	-102.4151	-81.9161	0.7998	61.4268	0.6002	2.8e-04	10.3870
276	-102.4222	-102.4222	-81.9335	0.8000	61.4029	0.6000	2.8e-04	10.3681
277	-102.4695	-102.4695	-82.4370	0.8045	60.7858	0.5937	2.8e-04	10.3620
278	-102.4403	-102.4403	-82.1466	0.8019	61.1418	0.5974	2.8e-04	10.3475
279	-102.4073	-102.4073	-82.0743	0.8014	61.1778	0.5981	2.8e-04	10.3753
280	-102.4335	-102.4335	-82.1765	0.8022	61.1084	0.5969	2.8e-04	10.3897
281	-102.4651	-102.4651	-81.3663	0.7941	62.2119	0.6078	2.8e-04	10.3834
282	-102.4401	-102.4401	-81.2818	0.7935	62.2775	0.6085	2.8e-04	10.3669
283	-102.4479	-102.4479	-80.9290	0.7900	62.7296	0.6130	2.8e-04	10.3718
284	-102.4265	-102.4265	-80.5441	0.7864	63.2110	0.6177	2.8e-04	10.3463
285	-102.4415	-102.4415	-79.9321	0.7803	63.9864	0.6252	2.8e-04	10.3908
286	-102.4352	-102.4352	-79.8593	0.7796	64.1106	0.6262	2.8e-04	10.3902
287	-102.4340	-102.4340	-80.3939	0.7848	63.4096	0.6197	2.8e-04	10.3678
288	-102.4161	-102.4161	-80.9927	0.7908	62.5907	0.6118	2.8e-04	10.3720
289	-102.4360	-102.4360	-80.4287	0.7852	63.3641	0.6193	2.8e-04	10.3644
290	-102.4357	-102.4357	-79.4968	0.7761	64.5021	0.6304	2.8e-04	10.3606
291	-102.4322	-102.4322	-79.3131	0.7743	64.7459	0.6328	2.8e-04	10.3849
292	-102.4804	-102.4804	-78.9660	0.7705	65.2521	0.6373	2.8e-04	10.3688
293	-102.4247	-102.4247	-79.1420	0.7727	64.9441	0.6348	2.8e-04	10.3769
294	-102.4450	-102.4450	-79.2627	0.7737	64.8363	0.6335	2.8e-04	10.3786
295	-102.4681	-102.4681	-78.8869	0.7699	65.2873	0.6379	2.8e-04	10.3613
296	-102.4532	-102.4532	-78.6868	0.7680	65.5244	0.6404	2.8e-04	10.3515
297	-102.4302	-102.4302	-79.3122	0.7743	64.7275	0.6327	2.8e-04	10.3998
298	-102.4553	-102.4553	-78.4846	0.7660	65.7607	0.6427	2.8e-04	10.3891
299	-102.4326	-102.4326	-78.5586	0.7669	65.6605	0.6417	2.8e-04	10.3695
300	-102.4692	-102.4692	-78.3800	0.7649	65.9029	0.6439	2.8e-04	10.3724
301	-102.4718	-102.4718	-77.8953	0.7602	66.4667	0.6494	2.8e-04	10.3666
302	-102.4761	-102.4761	-77.5119	0.7564	66.9332	0.6541	2.8e-04	10.3483
303	-102.4647	-102.4647	-78.7169	0.7682	65.4994	0.6401	2.8e-04	10.3598
304	-102.4769	-102.4769	-78.6806	0.7678	65.5574	0.6407	2.8e-04	10.3880
305	-102.4444	-102.4444	-77.9397	0.7608	66.3924	0.6490	2.8e-04	10.3849
306	-102.4543	-102.4543	-78.9882	0.7710	65.1536	0.6369	2.8e-04	10.3906
307	-102.4735	-102.4735	-79.4197	0.7750	64.6536	0.6319	2.8e-04	10.3663
308	-102.4141	-102.4141	-78.7362	0.7688	65.4158	0.6395	2.8e-04	10.3496
309	-102.4533	-102.4533	-77.6859	0.7583	66.6990	0.6520	2.8e-04	10.3912
310	-102.4491	-102.4491	-78.2889	0.7642	65.9761	0.6450	2.8e-04	10.3891
311	-102.4002	-102.4002	-78.1717	0.7634	66.0561	0.6459	2.8e-04	10.3900
312	-102.4828	-102.4828	-78.3502	0.7645	65.9429	0.6445	2.8e-04	10.3746
313	-102.4673	-102.4673	-77.7293	0.7586	66.6678	0.6514	2.8e-04	10.3649
314	-102.4628	-102.4628	-77.2103	0.7535	67.2192	0.6570	2.8e-04	10.3539
315	-102.4526	-102.4526	-76.8378	0.7500	67.6657	0.6614	2.8e-04	10.3706
316	-102.4459	-102.4459	-77.0430	0.7520	67.4402	0.6591	2.8e-04	10.3910
317	-102.4822	-102.4822	-76.9682	0.7510	67.5664	0.6602	2.8e-04	10.3792
318	-102.4648	-102.4648	-76.0082	0.7418	68.6126	0.6706	2.8e-04	10.3865
319	-102.4625	-102.4625	-77.1433	0.7529	67.2501	0.6574	2.8e-04	10.3686
320	-102.4099	-102.4099	-76.4406	0.7464	68.0414	0.6654	2.8e-04	10.3402
321	-102.4820	-102.4820	-77.0561	0.7519	67.4464	0.6592	2.8e-04	10.3719
322	-102.4376	-102.4376	-76.7396	0.7491	67.7669	0.6624	2.8e-04	10.3688
323	-102.4396	-102.4396	-76.9474	0.7511	67.5163	0.6601	2.8e-04	10.3761
324	-102.4199	-102.4199	-76.2135	0.7441	68.3125	0.6680	2.8e-04	10.3896
325	-102.4760	-102.4760	-75.1581	0.7334	69.5583	0.6797	2.8e-04	10.3764
326	-102.4529	-102.4529	-75.4979	0.7369	69.1771	0.6760	2.8e-04	10.3539
327	-102.4205	-102.4205	-74.8500	0.7308	69.8178	0.6826	2.8e-04	10.3635
328	-102.4665	-102.4665	-74.4945	0.7270	70.2643	0.6866	2.8e-04	10.3890
329	-102.4716	-102.4716	-72.8570	0.7110	71.9723	0.7031	2.8e-04	10.3660
330	-102.4119	-102.4119	-73.6277	0.7189	71.0884	0.6950	2.8e-04	10.3729
331	-102.4506	-102.4506	-73.3999	0.7164	71.3948	0.6976	2.8e-04	10.3620
332	-102.4223	-102.4223	-73.1240	0.7139	71.6295	0.7001	2.8e-04	10.3559
333	-102.4403	-102.4403	-72.1983	0.7048	72.6051	0.7094	2.8e-04	10.3538
334	-102.4944	-102.4944	-72.4128	0.7065	72.4657	0.7077	2.8e-04	10.3867
335	-102.4637	-102.4637	-72.8529	0.7110	71.9506	0.7031	2.8e-04	10.3878
336	-102.4652	-102.4652	-72.7391	0.7099	72.0662	0.7042	2.8e-04	10.3682
337	-102.4528	-102.4528	-72.7647	0.7102	72.0313	0.7040	2.8e-04	10.3742
338	-102.4345	-102.4345	-72.3028	0.7058	72.4748	0.7084	2.8e-04	10.3446
339	-102.4837	-102.4837	-71.6587	0.6992	73.1527	0.7146	2.8e-04	10.3589
340	-102.4721	-102.4723	-70.5351	0.6883	74.2439	0.7254	2.8e-04	10.3881
341	-102.4961	-102.4961	-71.7846	0.7004	73.0508	0.7138	2.8e-04	10.3882
342	-102.4663	-102.4663	-71.9665	0.7023	72.8432	0.7117	2.8e-04	10.3805
343	-102.4524	-102.4524	-72.1665	0.7044	72.6212	0.7097	2.8e-04	10.3698
344	-102.4734	-102.4735	-71.2932	0.6957	73.5214	0.7183	2.8e-04	10.3427
345	-102.4548	-102.4548	-71.5459	0.6983	73.2536	0.7158	2.8e-04	10.3677
346	-102.4654	-102.4654	-71.1535	0.6944	73.6248	0.7195	2.8e-04	10.3707
347	-102.4553	-102.4554	-70.8991	0.6920	73.8666	0.7219	2.8e-04	10.3514
348	-102.4628	-102.4629	-70.7556	0.6905	74.0121	0.7232	2.8e-04	10.3672
349	-102.4513	-102.4514	-70.9269	0.6923	73.8524	0.7216	2.8e-04	10.3723
350	-102.4616	-102.4617	-70.4528	0.6876	74.3073	0.7261	2.8e-04	10.3471
351	-102.4665	-102.4665	-71.5465	0.6982	73.2636	0.7159	2.8e-04	10.3644
352	-102.4818	-102.4820	-70.0644	0.6837	74.6785	0.7298	2.8e-04	10.3658
353	-102.4593	-102.4594	-71.0468	0.6934	73.7075	0.7205	2.8e-04	10.3872
354	-102.4819	-102.4819	-71.3289	0.6960	73.4925	0.7180	2.8e-04	10.3779
355	-102.4506	-102.4510	-69.7844	0.6811	74.9236	0.7321	2.8e-04	10.3673
356	-102.4875	-102.4877	-70.1956	0.6849	74.5641	0.7286	2.8e-04	10.3576
357	-102.4577	-102.4579	-70.1683	0.6848	74.5496	0.7285	2.8e-04	10.3802
358	-102.4696	-102.4697	-70.5492	0.6885	74.2167	0.7252	2.8e-04	10.3685
359	-102.4545	-102.4546	-70.9066	0.6921	73.8518	0.7218	2.8e-04	10.3713
360	-102.4630	-102.4630	-71.1191	0.6941	73.6673	0.7199	2.8e-04	10.3684
361	-102.4817	-102.4817	-71.2178	0.6949	73.5945	0.7189	2.8e-04	10.3641
362	-102.4529	-102.4535	-69.2561	0.6760	75.4336	0.7369	2.8e-04	10.3465
363	-102.5310	-102.5313	-69.9255	0.6820	74.8899	0.7314	2.8e-04	10.3682
364	-102.4169	-102.4169	-71.7879	0.7009	72.9590	0.7132	2.8e-04	10.3669
365	-102.4772	-102.4772	-71.7322	0.7000	73.1181	0.7141	2.8e-04	10.3811
366	-102.4411	-102.4412	-70.8117	0.6912	73.9595	0.7226	2.8e-04	10.3684
367	-102.4446	-102.4446	-71.5240	0.6982	73.2745	0.7159	2.8e-04	10.3734
368	-102.4893	-102.4893	-71.5336	0.6980	73.2771	0.7161	2.8e-04	10.3575
369	-102.4892	-102.4893	-71.4148	0.6968	73.4120	0.7172	2.8e-04	10.3619
370	-102.4512	-102.4512	-71.2041	0.6950	73.5363	0.7186	2.8e-04	10.3700
371	-102.4766	-102.4767	-70.8465	0.6913	73.9510	0.7225	2.8e-04	10.3762
372	-102.4734	-102.4736	-70.3900	0.6869	74.3600	0.7265	2.8e-04	10.3772
373	-102.4514	-102.4514	-71.8862	0.7017	72.9156	0.7125	2.8e-04	10.3682
374	-102.4756	-102.4757	-70.5897	0.6888	74.2026	0.7249	2.8e-04	10.3511
375	-102.4251	-102.4252	-70.9341	0.6925	73.7953	0.7212	2.8e-04	10.3597
376	-102.4720	-102.4722	-70.1248	0.6843	74.6130	0.7290	2.8e-04	10.3822
377	-102.4163	-102.4163	-72.3360	0.7063	72.4321	0.7078	2.8e-04	10.3860
378	-102.4466	-102.4466	-71.4954	0.6979	73.2632	0.7160	2.8e-04	10.3848
379	-102.4535	-102.4536	-70.4936	0.6881	74.2804	0.7256	2.8e-04	10.3689
380	-102.4418	-102.4418	-72.1069	0.7039	72.6802	0.7103	2.8e-04	10.3532
381	-102.4881	-102.4881	-71.5680	0.6983	73.2530	0.7156	2.8e-04	10.3557
382	-102.5010	-102.5010	-72.0425	0.7028	72.8289	0.7113	2.8e-04	10.3875
383	-102.4605	-102.4605	-71.9782	0.7025	72.8364	0.7116	2.8e-04	10.3688
384	-102.4865	-102.4865	-72.4284	0.7067	72.4242	0.7075	2.8e-04	10.3545
385	-102.4455	-102.4455	-72.0736	0.7035	72.7363	0.7106	2.8e-04	10.3687
386	-102.5057	-102.5057	-72.0974	0.7033	72.7780	0.7107	2.8e-04	10.3507
387	-102.4682	-102.4682	-73.1664	0.7140	71.6652	0.7001	2.8e-04	10.3593
388	-102.4790	-102.4790	-73.1853	0.7141	71.6394	0.6999	2.8e-04	10.3707
389	-102.4779	-102.4779	-74.1087	0.7232	70.6847	0.6907	2.8e-04	10.3669
390	-102.4676	-102.4676	-73.6934	0.7192	71.1373	0.6948	2.8e-04	10.3874
391	-102.4512	-102.4512	-74.2810	0.7250	70.4979	0.6887	2.8e-04	10.3861
392	-102.4992	-102.4992	-75.1582	0.7333	69.5948	0.6800	2.8e-04	10.3474
393	-102.4822	-102.4822	-75.7370	0.7390	68.9718	0.6737	2.8e-04	10.3572
394	-102.5095	-102.5095	-75.7926	0.7394	68.9345	0.6733	2.8e-04	10.3683
395	-102.4663	-102.4663	-75.6766	0.7386	69.0087	0.6741	2.8e-04	10.3870
396	-102.4962	-102.4962	-76.7203	0.7485	67.8898	0.6630	2.8e-04	10.3682
397	-102.4811	-102.4811	-76.1600	0.7432	68.4691	0.6688	2.8e-04	10.3629
398	-102.4937	-102.4937	-75.9492	0.7410	68.7646	0.6715	2.8e-04	10.3546
399	-102.4535	-102.4535	-77.2983	0.7545	67.1860	0.6563	2.8e-04	10.3591
400	-102.4776	-102.4776	-77.4985	0.7562	66.9581	0.6539	2.8e-04	10.3675
401	-102.4566	-102.4566	-77.2586	0.7541	67.2172	0.6567	2.8e-04	10.3759
402	-102.4871	-102.4871	-78.1536	0.7626	66.2219	0.6467	2.8e-04	10.3734
403	-102.4685	-102.4685	-77.5982	0.7573	66.8692	0.6529	2.8e-04	10.3576
404	-102.4820	-102.4820	-77.9248	0.7604	66.4909	0.6494	2.8e-04	10.3567
405	-102.5006	-102.5006	-78.2782	0.7637	66.0983	0.6455	2.8e-04	10.3581
406	-102.4602	-102.4602	-79.2152	0.7731	64.9367	0.6341	2.8e-04	10.3739
407	-102.5167	-102.5167	-79.0978	0.7716	65.1525	0.6362	2.8e-04	10.3709
408	-102.4818	-102.4818	-79.5958	0.7767	64.4439	0.6295	2.8e-04	10.3688
409	-102.5141	-102.5141	-79.4275	0.7748	64.7221	0.6320	2.8e-04	10.3712
410	-102.4660	-102.4660	-79.7769	0.7786	64.2465	0.6275	2.8e-04	10.3514
411	-102.5076	-102.5076	-79.4192	0.7748	64.7495	0.6322	2.8e-04	10.3638
412	-102.4701	-102.4701	-79.8957	0.7797	64.1125	0.6261	2.8e-04	10.3730
413	-102.5129	-102.5129	-80.6242	0.7865	63.2434	0.6176	2.8e-04	10.3858
414	-102.4700	-102.4700	-80.7984	0.7885	62.9490	0.6149	2.8e-04	10.3706
415	-102.4712	-102.4712	-81.1104	0.7915	62.5718	0.6111	2.8e-04	10.3524
416	-102.4683	-102.4683	-80.7808	0.7883	63.0050	0.6152	2.8e-04	10.3535
417	-102.4865	-102.4865	-79.8961	0.7796	64.1417	0.6263	2.8e-04	10.3515
418	-102.4518	-102.4518	-80.7691	0.7884	62.9939	0.6152	2.8e-04	10.3884
419	-102.4987	-102.4987	-80.7552	0.7879	63.0799	0.6157	2.8e-04	10.3793
420	-102.5139	-102.5139	-80.8563	0.7887	62.9590	0.6147	2.8e-04	10.3731
421	-102.4557	-102.4557	-81.3672	0.7942	62.1673	0.6071	2.8e-04	10.3743
422	-102.4652	-102.4652	-81.5691	0.7961	61.9782	0.6052	2.8e-04	10.3576
423	-102.4953	-102.4953	-81.8053	0.7981	61.7015	0.6024	2.8e-04	10.3591
424	-102.5143	-102.5143	-81.5304	0.7953	62.0813	0.6061	2.8e-04	10.3851
425	-102.4946	-102.4946	-81.8171	0.7983	61.6957	0.6023	2.8e-04	10.3825
426	-102.4748	-102.4748	-81.8131	0.7984	61.6496	0.6021	2.8e-04	10.3882
427	-102.4809	-102.4809	-82.2615	0.8027	61.0646	0.5964	2.8e-04	10.3932
428	-102.4580	-102.4580	-82.4708	0.8049	60.7611	0.5934	2.8e-04	10.3428
429	-102.4811	-102.4811	-82.3940	0.8040	60.8952	0.5946	2.8e-04	10.3650
430	-102.4643	-102.4643	-82.9799	0.8098	60.0723	0.5866	2.8e-04	10.3921
431	-102.4908	-102.4908	-83.0935	0.8107	59.9619	0.5854	2.8e-04	10.3692
432	-102.4512	-102.4512	-82.3689	0.8040	60.8919	0.5947	2.8e-04	10.3863
433	-102.5161	-102.5161	-82.5800	0.8055	60.6919	0.5925	2.8e-04	10.3785
434	-102.5052	-102.5052	-82.8460	0.8082	60.3238	0.5889	2.8e-04	10.3514
435	-102.4952	-102.4952	-82.4799	0.8047	60.8158	0.5936	2.8e-04	10.3579
436	-102.4952	-102.4952	-83.6478	0.8161	59.1953	0.5778	2.8e-04	10.3668
437	-102.4475	-102.4475	-83.4111	0.8142	59.4397	0.5806	2.8e-04	10.3847
438	-102.5015	-102.5015	-83.4271	0.8139	59.5077	0.5810	2.8e-04	10.3805
439	-102.4700	-102.4700	-83.7248	0.8171	59.0382	0.5765	2.8e-04	10.3592
440	-102.5187	-102.5187	-83.5368	0.8148	59.3757	0.5796	2.8e-04	10.3543
441	-102.4835	-102.4835	-83.3387	0.8132	59.5427	0.5814	2.8e-04	10.3629
442	-102.5038	-102.5038	-83.9511	0.8190	58.7402	0.5735	2.8e-04	10.3793
443	-102.4685	-102.4685	-83.9003	0.8188	58.7646	0.5739	2.8e-04	10.3705
444	-102.4605	-102.4605	-84.0618	0.8204	58.5332	0.5717	2.8e-04	10.3592
445	-102.4797	-102.4797	-83.7741	0.8175	58.9840	0.5760	2.8e-04	10.3723
446	-102.4963	-102.4963	-83.8232	0.8178	58.9315	0.5754	2.8e-04	10.3530
447	-102.5421	-102.5421	-84.2713	0.8218	58.3682	0.5697	2.8e-04	10.3548
448	-102.4940	-102.4940	-83.8895	0.8185	58.8377	0.5744	2.8e-04	10.3716
449	-102.4644	-102.4644	-83.6757	0.8166	59.0940	0.5771	2.8e-04	10.3708
450	-102.4937	-102.4937	-84.0490	0.8200	58.6049	0.5723	2.8e-04	10.3703
451	-102.4845	-102.4845	-83.2291	0.8121	59.7283	0.5833	2.8e-04	10.3768
452	-102.5195	-102.5195	-83.2455	0.8120	59.8059	0.5836	2.8e-04	10.3571
453	-102.4794	-102.4794	-83.5714	0.8155	59.2660	0.5787	2.8e-04	10.3506
454	-102.4857	-102.4857	-83.6525	0.8162	59.1752	0.5777	2.7e-04	10.3713
455	-102.5061	-102.5061	-82.9877	0.8096	60.1141	0.5869	2.7e-04	10.3839
456	-102.5096	-102.5096	-84.3993	0.8233	58.1295	0.5675	2.7e-04	10.3661
457	-102.5040	-102.5040	-83.3469	0.8131	59.5696	0.5818	2.7e-04	10.3702
458	-102.4680	-102.4680	-83.4664	0.8146	59.4049	0.5801	2.7e-04	10.3629
459	-102.4687	-102.4687	-84.5188	0.8248	57.8841	0.5653	2.7e-04	10.3506
460	-102.4776	-102.4776	-84.3985	0.8236	58.0646	0.5671	2.7e-04	10.3609
461	-102.4802	-102.4802	-84.0528	0.8202	58.5677	0.5721	2.7e-04	10.3642
462	-102.4935	-102.4935	-84.2462	0.8220	58.2984	0.5695	2.7e-04	10.3761
463	-102.4832	-102.4832	-83.6699	0.8164	59.1144	0.5773	2.7e-04	10.3679
464	-102.4915	-102.4915	-83.8673	0.8183	58.8396	0.5746	2.7e-04	10.3676
465	-102.4963	-102.4963	-83.0544	0.8103	60.0036	0.5859	2.7e-04	10.3499
466	-102.4648	-102.4648	-83.3839	0.8138	59.4991	0.5811	2.7e-04	10.3687
467	-102.4865	-102.4865	-82.6140	0.8061	60.5804	0.5916	2.7e-04	10.3722
468	-102.5250	-102.5250	-83.3913	0.8134	59.5671	0.5817	2.7e-04	10.3867
469	-102.4767	-102.4767	-82.9899	0.8098	60.0551	0.5866	2.7e-04	10.3730
470	-102.4787	-102.4787	-82.9087	0.8090	60.1497	0.5875	2.7e-04	10.3701
471	-102.5040	-102.5040	-82.3322	0.8032	60.9895	0.5957	2.7e-04	10.3529
472	-102.4770	-102.4770	-82.7967	0.8080	60.3121	0.5892	2.7e-04	10.3627
473	-102.4849	-102.4849	-81.8126	0.7983	61.6502	0.6021	2.7e-04	10.3860
474	-102.5239	-102.5239	-80.8313	0.7884	63.0092	0.6151	2.7e-04	10.3644
475	-102.4968	-102.4968	-81.3279	0.7935	62.3197	0.6085	2.7e-04	10.3698
476	-102.4625	-102.4625	-81.7095	0.7975	61.7533	0.6032	2.7e-04	10.3540
477	-102.5093	-102.5093	-81.2202	0.7923	62.4826	0.6101	2.7e-04	10.3544
478	-102.4675	-102.4675	-81.1385	0.7918	62.5205	0.6106	2.7e-04	10.3732
479	-102.4733	-102.4733	-81.6895	0.7972	61.7979	0.6036	2.7e-04	10.3659
480	-102.4751	-102.4751	-81.8428	0.7987	61.5900	0.6015	2.7e-04	10.3663
481	-102.5236	-102.5236	-82.4852	0.8045	60.8206	0.5939	2.7e-04	10.3732
482	-102.4998	-102.4998	-82.2088	0.8020	61.1502	0.5972	2.7e-04	10.3584
483	-102.5138	-102.5138	-83.2416	0.8120	59.7550	0.5836	2.7e-04	10.3447
484	-102.4879	-102.4879	-83.6097	0.8158	59.1927	0.5783	2.7e-04	10.3715
485	-102.4802	-102.4802	-83.7821	0.8175	58.9407	0.5759	2.7e-04	10.3651
486	-102.5222	-102.5222	-83.6159	0.8156	59.2659	0.5786	2.7e-04	10.3670
487	-102.5252	-102.5252	-84.4290	0.8235	58.1057	0.5673	2.7e-04	10.3557
488	-102.5309	-102.5309	-84.4227	0.8234	58.1179	0.5674	2.7e-04	10.3766
489	-102.5049	-102.5049	-84.2187	0.8216	58.3800	0.5700	2.7e-04	10.3458
490	-102.5280	-102.5280	-84.7726	0.8268	57.5259	0.5618	2.7e-04	10.3717
491	-102.5507	-102.5507	-85.3791	0.8326	56.7246	0.5539	2.7e-04	10.3594
492	-102.5149	-102.5149	-86.3133	0.8420	55.2557	0.5395	2.7e-04	10.3689
493	-102.4776	-102.4776	-86.0308	0.8395	55.6143	0.5432	2.7e-04	10.3790
494	-102.4932	-102.4932	-86.5002	0.8440	54.9084	0.5363	2.7e-04	10.3485
495	-102.5194	-102.5194	-86.9752	0.8484	54.2149	0.5294	2.7e-04	10.3586
496	-102.4814	-102.4814	-86.9244	0.8482	54.2277	0.5297	2.7e-04	10.3538
497	-102.5143	-102.5143	-86.4329	0.8431	55.0596	0.5377	2.7e-04	10.3715
498	-102.4959	-102.4959	-87.1454	0.8502	53.8943	0.5264	2.7e-04	10.3708
499	-102.5078	-102.5078	-87.3212	0.8518	53.6123	0.5237	2.7e-04	10.3776
500	-102.4677	-102.4677	-87.8825	0.8577	52.6276	0.5141	2.7e-04	10.3573
501	-102.4973	-102.4973	-88.1385	0.8599	52.2606	0.5104	2.7e-04	10.3496
502	-102.4791	-102.4791	-88.4231	0.8628	51.7412	0.5055	2.7e-04	10.3728
503	-102.4906	-102.4906	-88.1477	0.8601	52.2386	0.5102	2.7e-04	10.3726
504	-102.5222	-102.5222	-88.0351	0.8587	52.4663	0.5124	2.7e-04	10.3739
505	-102.5524	-102.5524	-88.0860	0.8589	52.4375	0.5118	2.7e-04	10.3768
506	-102.4927	-102.4927	-88.1694	0.8603	52.1979	0.5098	2.7e-04	10.3726
507	-102.5302	-102.5302	-88.4624	0.8628	51.7907	0.5055	2.7e-04	10.3524
508	-102.4952	-102.4952	-88.2451	0.8610	52.0843	0.5086	2.7e-04	10.3734
509	-102.4902	-102.4902	-88.6624	0.8651	51.3617	0.5016	2.7e-04	10.3873
510	-102.5226	-102.5226	-88.1678	0.8600	52.2636	0.5102	2.7e-04	10.3875
511	-102.4833	-102.4833	-88.1976	0.8606	52.1554	0.5092	2.7e-04	10.3693
512	-102.5058	-102.5058	-88.6078	0.8644	51.4760	0.5028	2.7e-04	10.3570
513	-102.5216	-102.5216	-88.2575	0.8609	52.1030	0.5088	2.7e-04	10.3487
514	-102.4729	-102.4729	-88.3549	0.8622	51.8675	0.5065	2.7e-04	10.3712
515	-102.4359	-102.4359	-88.5403	0.8643	51.4524	0.5029	2.7e-04	10.3585
516	-102.4930	-102.4930	-88.6070	0.8645	51.4722	0.5026	2.7e-04	10.3660
517	-102.5161	-102.5161	-88.4283	0.8626	51.8095	0.5059	2.7e-04	10.3675
518	-102.5099	-102.5099	-88.1940	0.8603	52.2021	0.5097	2.7e-04	10.3794
519	-102.4759	-102.4759	-87.9657	0.8584	52.5208	0.5129	2.7e-04	10.3492
520	-102.4840	-102.4840	-87.9500	0.8582	52.5518	0.5133	2.7e-04	10.3545
521	-102.4979	-102.4979	-87.6052	0.8547	53.1418	0.5187	2.7e-04	10.3690
522	-102.4663	-102.4663	-88.0987	0.8598	52.2885	0.5107	2.7e-04	10.3740
523	-102.5195	-102.5195	-88.5570	0.8638	51.6056	0.5038	2.7e-04	10.3666
524	-102.4793	-102.4793	-88.3285	0.8619	51.9242	0.5071	2.7e-04	10.3608
525	-102.5086	-102.5086	-88.6143	0.8645	51.4769	0.5027	2.7e-04	10.3470
526	-102.5160	-102.5160	-88.5591	0.8639	51.5791	0.5037	2.7e-04	10.3546
527	-102.5028	-102.5028	-88.4388	0.8628	51.7654	0.5055	2.7e-04	10.3851
528	-102.5046	-102.5046	-88.9606	0.8679	50.8550	0.4968	2.7e-04	10.3605
529	-102.4545	-102.4545	-88.4935	0.8637	51.5850	0.5039	2.7e-04	10.3669
530	-102.4926	-102.4926	-87.6188	0.8549	53.1033	0.5187	2.7e-04	10.3918
531	-102.4451	-102.4451	-87.7941	0.8570	52.7502	0.5153	2.7e-04	10.3405
532	-102.4911	-102.4911	-87.9528	0.8582	52.5724	0.5133	2.7e-04	10.3722
533	-102.5127	-102.5127	-87.2035	0.8507	53.8613	0.5257	2.7e-04	10.3592
534	-102.5169	-102.5169	-87.1507	0.8501	53.9430	0.5266	2.7e-04	10.3477
535	-102.4850	-102.4850	-87.2421	0.8513	53.7263	0.5247	2.7e-04	10.3527
536	-102.5248	-102.5248	-87.0771	0.8493	54.0716	0.5278	2.7e-04	10.3612
537	-102.4588	-102.4588	-86.6906	0.8461	54.5713	0.5330	2.7e-04	10.3444
538	-102.4683	-102.4683	-86.3171	0.8424	55.1730	0.5389	2.7e-04	10.3790
539	-102.5008	-102.5008	-87.0258	0.8490	54.1170	0.5284	2.7e-04	10.3773
540	-102.4958	-102.4958	-86.2297	0.8413	55.3540	0.5405	2.7e-04	10.4013
541	-102.5077	-102.5077	-85.7338	0.8364	56.1131	0.5479	2.7e-04	10.3672
542	-102.4979	-102.4979	-85.9501	0.8386	55.7742	0.5446	2.7e-04	10.3517
543	-102.4788	-102.4788	-85.9872	0.8391	55.7055	0.5440	2.7e-04	10.3457
544	-102.4703	-102.4703	-85.4161	0.8336	56.5586	0.5524	2.7e-04	10.3454
545	-102.5256	-102.5256	-85.7876	0.8367	56.0767	0.5476	2.7e-04	10.3707
546	-102.5299	-102.5299	-85.0739	0.8297	57.1660	0.5581	2.7e-04	10.3686
547	-102.4933	-102.4933	-84.9902	0.8292	57.1736	0.5584	2.7e-04	10.3695
548	-102.5091	-102.5091	-84.4599	0.8239	58.0374	0.5667	2.7e-04	10.3601
549	-102.4778	-102.4778	-85.0682	0.8301	57.1059	0.5576	2.7e-04	10.3560
550	-102.5073	-102.5073	-84.2287	0.8217	58.3689	0.5699	2.7e-04	10.3549
551	-102.5212	-102.5212	-84.3629	0.8229	58.1938	0.5682	2.7e-04	10.3621
552	-102.5023	-102.5023	-84.8907	0.8282	57.3613	0.5601	2.7e-04	10.3742
553	-102.4978	-102.4978	-84.3660	0.8231	58.1488	0.5679	2.7e-04	10.3689
554	-102.4811	-102.4811	-84.6477	0.8260	57.7126	0.5637	2.7e-04	10.3641
555	-102.5082	-102.5082	-84.4316	0.8237	58.0764	0.5671	2.7e-04	10.3435
556	-102.4941	-102.4941	-85.1700	0.8310	56.9646	0.5563	2.7e-04	10.3573
557	-102.5347	-102.5347	-85.1724	0.8307	57.0301	0.5568	2.7e-04	10.3655
558	-102.4981	-102.4981	-85.5098	0.8343	56.4642	0.5513	2.7e-04	10.3558
559	-102.5034	-102.5034	-85.8521	0.8376	55.9290	0.5462	2.7e-04	10.3655
560	-102.4907	-102.4907	-85.8586	0.8377	55.9242	0.5461	2.7e-04	10.3608
561	-102.4930	-102.4930	-86.2301	0.8413	55.3516	0.5405	2.7e-04	10.3520
562	-102.5187	-102.5187	-86.0187	0.8391	55.7078	0.5439	2.7e-04	10.3761
563	-102.5269	-102.5269	-85.7685	0.8365	56.1290	0.5479	2.7e-04	10.3596
564	-102.5247	-102.5247	-86.0275	0.8391	55.7075	0.5438	2.7e-04	10.3661
565	-102.5274	-102.5274	-85.9144	0.8380	55.9006	0.5457	2.7e-04	10.3702
566	-102.4895	-102.4895	-86.3589	0.8426	55.1525	0.5384	2.7e-04	10.3728
567	-102.5133	-102.5133	-86.4194	0.8430	55.0937	0.5379	2.7e-04	10.3573
568	-102.4698	-102.4698	-86.1870	0.8411	55.3862	0.5409	2.7e-04	10.3585
569	-102.5352	-102.5352	-86.7438	0.8460	54.6190	0.5331	2.7e-04	10.3674
570	-102.4851	-102.4851	-86.5623	0.8446	54.8112	0.5352	2.7e-04	10.3575
571	-102.5135	-102.5135	-87.1108	0.8497	53.9980	0.5272	2.7e-04	10.3713
572	-102.5194	-102.5194	-86.6827	0.8455	54.6929	0.5339	2.7e-04	10.3746
573	-102.5178	-102.5178	-87.1619	0.8502	53.9178	0.5264	2.7e-04	10.3567
574	-102.5203	-102.5203	-86.9014	0.8477	54.3386	0.5303	2.7e-04	10.3754
575	-102.5157	-102.5157	-86.2225	0.8411	55.4047	0.5408	2.7e-04	10.3647
576	-102.4659	-102.4659	-87.2680	0.8517	53.6729	0.5239	2.7e-04	10.3497
577	-102.4742	-102.4742	-87.6628	0.8555	53.0091	0.5177	2.7e-04	10.3667
578	-102.4537	-102.4537	-87.3376	0.8525	53.5369	0.5227	2.7e-04	10.3715
579	-102.4961	-102.4961	-87.1555	0.8503	53.9090	0.5262	2.7e-04	10.3572
580	-102.5287	-102.5287	-87.1036	0.8496	54.0519	0.5275	2.7e-04	10.3530
581	-102.5035	-102.5035	-86.7952	0.8468	54.4911	0.5319	2.7e-04	10.3501
582	-102.5171	-102.5171	-87.2726	0.8513	53.7481	0.5247	2.7e-04	10.3664
583	-102.4719	-102.4719	-87.0113	0.8491	54.0899	0.5281	2.7e-04	10.3652
584	-102.4935	-102.4935	-86.5800	0.8447	54.8248	0.5352	2.7e-04	10.3647
585	-102.5317	-102.5317	-86.7430	0.8460	54.6285	0.5330	2.7e-04	10.3455
586	-102.5278	-102.5278	-86.7370	0.8460	54.6349	0.5332	2.7e-04	10.3624
587	-102.5335	-102.5335	-86.6358	0.8450	54.7781	0.5347	2.7e-04	10.3722
588	-102.5002	-102.5002	-87.0276	0.8490	54.1120	0.5283	2.7e-04	10.3753
589	-102.4867	-102.4867	-86.1331	0.8404	55.5060	0.5418	2.7e-04	10.3678
590	-102.5033	-102.5033	-86.1037	0.8400	55.5944	0.5426	2.7e-04	10.3677
591	-102.5148	-102.5148	-85.9727	0.8386	55.8270	0.5447	2.7e-04	10.3518
592	-102.4705	-102.4705	-85.9929	0.8392	55.6984	0.5438	2.7e-04	10.3527
593	-102.5006	-102.5006	-86.1856	0.8408	55.4097	0.5408	2.7e-04	10.3676
594	-102.5288	-102.5288	-85.1671	0.8307	57.0448	0.5566	2.7e-04	10.3835
595	-102.4862	-102.4862	-85.8757	0.8379	55.8891	0.5456	2.7e-04	10.3640
596	-102.4793	-102.4793	-85.7969	0.8372	56.0354	0.5469	2.7e-04	10.3701
597	-102.5378	-102.5378	-85.4062	0.8329	56.7222	0.5533	2.7e-04	10.3414
598	-102.4839	-102.4839	-85.4485	0.8338	56.5663	0.5521	2.7e-04	10.3526
599	-102.5355	-102.5355	-85.6637	0.8355	56.3273	0.5495	2.7e-04	10.3623
600	-102.5158	-102.5158	-84.9143	0.8283	57.4064	0.5602	2.7e-04	10.3562
601	-102.4937	-102.4937	-85.4964	0.8342	56.4971	0.5514	2.7e-04	10.3537
602	-102.4970	-102.4970	-86.2119	0.8411	55.4217	0.5408	2.7e-04	10.3752
603	-102.5237	-102.5237	-86.1341	0.8401	55.5823	0.5423	2.7e-04	10.3520
604	-102.5208	-102.5208	-86.2706	0.8415	55.3633	0.5402	2.7e-04	10.3527
605	-102.5244	-102.5244	-86.6626	0.8453	54.7507	0.5342	2.7e-04	10.3870
606	-102.5105	-102.5105	-86.6770	0.8455	54.7260	0.5339	2.7e-04	10.3727
607	-102.5003	-102.5003	-86.7987	0.8468	54.4883	0.5319	2.7e-04	10.3621
608	-102.5011	-102.5011	-86.9221	0.8480	54.2906	0.5300	2.7e-04	10.3662
609	-102.5437	-102.5437	-87.1520	0.8499	54.0005	0.5269	2.7e-04	10.3508
610	-102.4776	-102.4776	-87.1113	0.8501	53.9578	0.5267	2.7e-04	10.3478
611	-102.4926	-102.4926	-86.3949	0.8429	55.1251	0.5380	2.7e-04	10.3520
612	-102.4955	-102.4955	-86.2079	0.8411	55.3887	0.5407	2.7e-04	10.3854
613	-102.5231	-102.5231	-86.4955	0.8437	55.0239	0.5369	2.7e-04	10.3630
614	-102.5017	-102.5017	-86.3151	0.8421	55.2430	0.5393	2.7e-04	10.3721
615	-102.5087	-102.5087	-85.7390	0.8364	56.1650	0.5480	2.7e-04	10.3508
616	-102.5127	-102.5127	-85.8956	0.8379	55.9307	0.5458	2.7e-04	10.3576
617	-102.5113	-102.5113	-86.0217	0.8391	55.7461	0.5439	2.7e-04	10.3623
618	-102.5179	-102.5179	-85.6743	0.8357	56.2751	0.5491	2.7e-04	10.3906
619	-102.5153	-102.5153	-86.1463	0.8403	55.5521	0.5420	2.7e-04	10.3475
620	-102.5315	-102.5315	-85.4193	0.8331	56.6727	0.5531	2.7e-04	10.3696
621	-102.5182	-102.5182	-85.9266	0.8382	55.8996	0.5454	2.7e-04	10.3593
622	-102.5076	-102.5076	-85.4846	0.8339	56.5477	0.5519	2.7e-04	10.3524
623	-102.5252	-102.5252	-86.1605	0.8404	55.5449	0.5419	2.7e-04	10.3731
624	-102.4951	-102.4951	-86.1322	0.8404	55.5394	0.5420	2.7e-04	10.3755
625	-102.4985	-102.4985	-86.0761	0.8398	55.5793	0.5426	2.7e-04	10.3899
626	-102.5119	-102.5119	-86.4890	0.8437	55.0082	0.5368	2.7e-04	10.3718
627	-102.5386	-102.5386	-86.6493	0.8450	54.7930	0.5347	2.7e-04	10.3553
628	-102.5097	-102.5097	-86.2753	0.8416	55.3432	0.5400	2.7e-04	10.3370
629	-102.5019	-102.5019	-86.2480	0.8414	55.3623	0.5404	2.7e-04	10.3726
630	-102.5410	-102.5410	-86.3850	0.8424	55.2021	0.5387	2.7e-04	10.3670
631	-102.5119	-102.5119	-86.1053	0.8400	55.5925	0.5426	2.7e-04	10.3796
632	-102.5034	-102.5034	-86.3404	0.8423	55.2339	0.5390	2.7e-04	10.3629
633	-102.5407	-102.5407	-86.1681	0.8403	55.5427	0.5419	2.7e-04	10.3684
634	-102.4918	-102.4918	-86.4243	0.8432	55.0520	0.5375	2.7e-04	10.3460
635	-102.4616	-102.4616	-86.4192	0.8434	55.0275	0.5372	2.7e-04	10.3714
636	-102.4996	-102.4996	-86.2530	0.8415	55.3467	0.5402	2.7e-04	10.3708
637	-102.4779	-102.4779	-85.8220	0.8375	55.9757	0.5465	2.7e-04	10.3601
638	-102.5005	-102.5005	-86.0841	0.8398	55.6259	0.5428	2.7e-04	10.3588
639	-102.5222	-102.5222	-86.3562	0.8423	55.2462	0.5390	2.7e-04	10.3602
640	-102.5083	-102.5083	-85.8757	0.8377	55.9645	0.5460	2.7e-04	10.3423
641	-102.5107	-102.5107	-86.3169	0.8420	55.2797	0.5394	2.7e-04	10.3690
642	-102.5094	-102.5094	-86.2052	0.8409	55.4447	0.5411	2.7e-04	10.3756
643	-102.5413	-102.5413	-86.0092	0.8388	55.7996	0.5444	2.7e-04	10.3657
644	-102.5330	-102.5330	-86.0847	0.8396	55.6605	0.5432	2.7e-04	10.3711
645	-102.5581	-102.5581	-87.0001	0.8483	54.2768	0.5295	2.7e-04	10.3761
646	-102.5404	-102.5404	-86.6810	0.8453	54.7542	0.5342	2.7e-04	10.3499
647	-102.5018	-102.5018	-87.1467	0.8502	53.9374	0.5264	2.7e-04	10.3489
648	-102.5443	-102.5443	-87.3719	0.8520	53.6364	0.5234	2.7e-04	10.3535
649	-102.5349	-102.5349	-87.6035	0.8544	53.2381	0.5194	2.7e-04	10.3677
650	-102.5295	-102.5295	-87.4534	0.8530	53.4964	0.5219	2.7e-04	10.3749
651	-102.4929	-102.4929	-87.5809	0.8545	53.2126	0.5194	2.7e-04	10.3549
652	-102.5491	-102.5491	-87.7146	0.8553	53.0925	0.5180	2.7e-04	10.3480
653	-102.5204	-102.5204	-87.9292	0.8577	52.6823	0.5141	2.7e-04	10.3672
654	-102.4829	-102.4829	-87.9706	0.8584	52.5493	0.5129	2.7e-04	10.3831
655	-102.5093	-102.5093	-88.4905	0.8632	51.7233	0.5048	2.7e-04	10.3692
656	-102.5192	-102.5192	-88.4394	0.8627	51.8178	0.5056	2.7e-04	10.3656
657	-102.4988	-102.4988	-88.5257	0.8637	51.6402	0.5040	2.7e-04	10.3495
658	-102.5314	-102.5314	-87.8734	0.8570	52.8230	0.5153	2.7e-04	10.3494
659	-102.5191	-102.5191	-88.3063	0.8614	52.0514	0.5080	2.7e-04	10.3742
660	-102.5087	-102.5087	-88.4261	0.8626	51.8413	0.5058	2.6e-04	10.3551
661	-102.5141	-102.5141	-88.5427	0.8637	51.6528	0.5040	2.6e-04	10.3694
662	-102.5405	-102.5405	-88.3730	0.8618	51.9816	0.5072	2.6e-04	10.3694
663	-102.5292	-102.5292	-88.8752	0.8668	51.0975	0.4986	2.6e-04	10.3661
664	-102.5351	-102.5351	-88.8627	0.8667	51.1327	0.4989	2.6e-04	10.3408
665	-102.5133	-102.5133	-89.0159	0.8683	50.8293	0.4960	2.6e-04	10.3619
666	-102.5016	-102.5016	-89.3382	0.8716	50.2260	0.4902	2.6e-04	10.3651
667	-102.5036	-102.5036	-89.5572	0.8737	49.8348	0.4864	2.6e-04	10.3666
668	-102.5451	-102.5451	-89.4736	0.8725	50.0686	0.4884	2.6e-04	10.3617
669	-102.5634	-102.5634	-89.4083	0.8717	50.2312	0.4899	2.6e-04	10.3574
670	-102.5491	-102.5491	-89.6032	0.8738	49.8546	0.4864	2.6e-04	10.3496
671	-102.5271	-102.5271	-89.7137	0.8750	49.6009	0.4841	2.6e-04	10.3712
672	-102.4872	-102.4872	-89.8324	0.8765	49.3279	0.4814	2.6e-04	10.3691
673	-102.5170	-102.5170	-89.8422	0.8764	49.3328	0.4814	2.6e-04	10.3689
674	-102.4922	-102.4922	-89.7923	0.8761	49.4002	0.4821	2.6e-04	10.3675
675	-102.5323	-102.5323	-89.5731	0.8736	49.8735	0.4866	2.6e-04	10.3663
676	-102.5164	-102.5164	-89.2265	0.8704	50.4531	0.4924	2.6e-04	10.3422
677	-102.5309	-102.5309	-90.0190	0.8780	49.0514	0.4786	2.6e-04	10.3580
678	-102.5122	-102.5122	-89.6525	0.8746	49.7006	0.4849	2.6e-04	10.3868
679	-102.4899	-102.4899	-89.5242	0.8735	49.8624	0.4868	2.6e-04	10.3872
680	-102.5226	-102.5226	-89.0338	0.8684	50.8087	0.4958	2.6e-04	10.3869
681	-102.5080	-102.5080	-89.5056	0.8732	49.9472	0.4874	2.6e-04	10.3519
682	-102.5225	-102.5225	-89.4120	0.8721	50.1487	0.4892	2.6e-04	10.3527
683	-102.5169	-102.5169	-88.8098	0.8663	51.1851	0.4995	2.6e-04	10.3503
684	-102.5146	-102.5146	-88.7055	0.8653	51.3565	0.5011	2.6e-04	10.3624
685	-102.5738	-102.5738	-88.6462	0.8642	51.5780	0.5031	2.6e-04	10.3680
686	-102.5050	-102.5050	-88.6373	0.8647	51.4572	0.5022	2.6e-04	10.3726
687	-102.5344	-102.5344	-88.5829	0.8639	51.6244	0.5036	2.6e-04	10.3582
688	-102.4864	-102.4864	-88.6837	0.8653	51.3291	0.5011	2.6e-04	10.3421
689	-102.5341	-102.5341	-88.8763	0.8668	51.0955	0.4986	2.6e-04	10.3534
690	-102.5242	-102.5242	-88.6601	0.8648	51.4506	0.5021	2.6e-04	10.3702
691	-102.5421	-102.5421	-88.6959	0.8650	51.4340	0.5018	2.6e-04	10.3569
692	-102.5380	-102.5380	-88.7449	0.8655	51.3231	0.5008	2.6e-04	10.3513
693	-102.5071	-102.5071	-88.4712	0.8631	51.7492	0.5051	2.6e-04	10.3523
694	-102.5376	-102.5376	-88.6801	0.8649	51.4261	0.5019	2.6e-04	10.3445
695	-102.5238	-102.5238	-88.1943	0.8602	52.2472	0.5099	2.6e-04	10.3604
696	-102.5345	-102.5345	-88.2726	0.8609	52.1262	0.5087	2.6e-04	10.3551
697	-102.5296	-102.5296	-87.8069	0.8564	52.9069	0.5163	2.6e-04	10.3672
698	-102.5008	-102.5008	-87.6835	0.8554	53.0475	0.5178	2.6e-04	10.3671
699	-102.5444	-102.5444	-87.6760	0.8550	53.1580	0.5186	2.6e-04	10.3545
700	-102.5041	-102.5041	-87.6486	0.8551	53.1135	0.5185	2.6e-04	10.3441
701	-102.5320	-102.5320	-87.0684	0.8492	54.1305	0.5281	2.6e-04	10.3535
702	-102.5123	-102.5123	-87.0290	0.8490	54.1493	0.5284	2.6e-04	10.3637
703	-102.5096	-102.5096	-86.6510	0.8453	54.7329	0.5342	2.6e-04	10.3604
704	-102.5396	-102.5396	-86.2954	0.8416	55.3553	0.5401	2.6e-04	10.3512
705	-102.5213	-102.5213	-86.6036	0.8447	54.8444	0.5351	2.6e-04	10.3652
706	-102.5049	-102.5049	-85.7401	0.8364	56.1511	0.5480	2.6e-04	10.3535
707	-102.5285	-102.5285	-86.1788	0.8405	55.5139	0.5417	2.6e-04	10.3548
708	-102.5290	-102.5290	-85.9666	0.8385	55.8391	0.5449	2.6e-04	10.3627
709	-102.5450	-102.5450	-86.0377	0.8390	55.7372	0.5440	2.6e-04	10.3670
710	-102.5600	-102.5600	-85.2563	0.8313	56.9667	0.5558	2.6e-04	10.3611
711	-102.5461	-102.5461	-84.6080	0.8251	57.9094	0.5650	2.6e-04	10.3538
712	-102.5257	-102.5257	-85.0787	0.8298	57.1715	0.5579	2.6e-04	10.3498
713	-102.5432	-102.5432	-85.2550	0.8314	56.9423	0.5557	2.6e-04	10.3689
714	-102.5175	-102.5175	-85.0735	0.8298	57.1634	0.5580	2.6e-04	10.3627
715	-102.5474	-102.5474	-85.0530	0.8294	57.2377	0.5586	2.6e-04	10.3637
716	-102.5223	-102.5223	-84.9061	0.8282	57.3937	0.5602	2.6e-04	10.3684
717	-102.5276	-102.5276	-85.0835	0.8299	57.1751	0.5579	2.6e-04	10.3583
718	-102.5231	-102.5231	-84.8546	0.8277	57.5127	0.5612	2.6e-04	10.3464
719	-102.5669	-102.5669	-85.1625	0.8303	57.0938	0.5570	2.6e-04	10.3573
720	-102.5522	-102.5522	-85.0322	0.8292	57.2950	0.5590	2.6e-04	10.3685
721	-102.5127	-102.5127	-85.1716	0.8308	57.0113	0.5565	2.6e-04	10.3635
722	-102.4914	-102.4914	-85.3595	0.8328	56.7052	0.5535	2.6e-04	10.3693
723	-102.5599	-102.5599	-86.0130	0.8387	55.8182	0.5446	2.6e-04	10.3519
724	-102.5179	-102.5179	-85.9224	0.8381	55.8844	0.5454	2.6e-04	10.3484
725	-102.5179	-102.5179	-86.0590	0.8395	55.6723	0.5434	2.6e-04	10.3484
726	-102.5138	-102.5138	-85.3885	0.8329	56.6654	0.5531	2.6e-04	10.3871
727	-102.5244	-102.5244	-86.0394	0.8392	55.6826	0.5435	2.6e-04	10.3637
728	-102.5308	-102.5308	-86.0519	0.8393	55.7104	0.5437	2.6e-04	10.3502
729	-102.5083	-102.5083	-86.4066	0.8429	55.1163	0.5380	2.6e-04	10.3738
730	-102.5451	-102.5451	-86.1744	0.8404	55.5620	0.5420	2.6e-04	10.3428
731	-102.5342	-102.5342	-86.1233	0.8399	55.6062	0.5426	2.6e-04	10.3604
732	-102.5293	-102.5293	-86.4162	0.8428	55.1263	0.5380	2.6e-04	10.3644
733	-102.5107	-102.5107	-86.7410	0.8462	54.6008	0.5329	2.6e-04	10.3661
734	-102.5248	-102.5248	-86.6401	0.8451	54.7595	0.5345	2.6e-04	10.3675
735	-102.5061	-102.5061	-86.2823	0.8417	55.3089	0.5399	2.6e-04	10.3563
736	-102.5190	-102.5190	-86.4529	0.8433	55.0633	0.5374	2.6e-04	10.3416
737	-102.5370	-102.5370	-85.5505	0.8343	56.4934	0.5512	2.6e-04	10.3659
738	-102.5420	-102.5420	-86.6639	0.8452	54.7779	0.5345	2.6e-04	10.3458
739	-102.4963	-102.4963	-86.1845	0.8409	55.4414	0.5413	2.6e-04	10.3641
740	-102.5313	-102.5313	-85.8042	0.8369	56.0885	0.5473	2.6e-04	10.3487
741	-102.5250	-102.5250	-85.9535	0.8384	55.8534	0.5451	2.6e-04	10.3638
742	-102.5262	-102.5262	-85.5041	0.8340	56.5355	0.5518	2.6e-04	10.3417
743	-102.4996	-102.4996	-85.8147	0.8372	56.0178	0.5468	2.6e-04	10.3618
744	-102.5316	-102.5316	-85.0511	0.8295	57.2342	0.5585	2.6e-04	10.3646
745	-102.5327	-102.5327	-84.5589	0.8247	57.9591	0.5655	2.6e-04	10.3797
746	-102.5486	-102.5486	-84.8701	0.8276	57.5200	0.5612	2.6e-04	10.3696
747	-102.5039	-102.5039	-84.9625	0.8289	57.3114	0.5594	2.6e-04	10.3498
748	-102.5246	-102.5246	-85.0172	0.8292	57.2432	0.5587	2.6e-04	10.3355
749	-102.4953	-102.4953	-84.1262	0.8208	58.5162	0.5712	2.6e-04	10.3462
750	-102.5460	-102.5460	-84.2440	0.8215	58.4066	0.5699	2.6e-04	10.3793
751	-102.5385	-102.5385	-83.7907	0.8172	59.0552	0.5762	2.6e-04	10.3636
752	-102.5425	-102.5425	-84.1218	0.8204	58.6063	0.5718	2.6e-04	10.3539
753	-102.5269	-102.5269	-83.7557	0.8169	59.0869	0.5767	2.6e-04	10.3632
754	-102.5880	-102.5880	-84.5872	0.8245	57.9914	0.5658	2.6e-04	10.3423
755	-102.5257	-102.5257	-84.5691	0.8249	57.9123	0.5652	2.6e-04	10.3514
756	-102.4955	-102.4955	-84.1672	0.8212	58.4518	0.5707	2.6e-04	10.3640
757	-102.4958	-102.4958	-85.0225	0.8295	57.2001	0.5584	2.6e-04	10.3491
758	-102.5576	-102.5576	-84.3228	0.8222	58.3298	0.5691	2.6e-04	10.3666
759	-102.5604	-102.5604	-84.2346	0.8213	58.4344	0.5703	2.6e-04	10.3658
760	-102.5532	-102.5532	-84.5079	0.8240	58.0555	0.5665	2.6e-04	10.3427
761	-102.5353	-102.5353	-84.4970	0.8241	58.0206	0.5662	2.6e-04	10.3487
762	-102.5502	-102.5502	-84.8145	0.8271	57.5905	0.5621	2.6e-04	10.3726
763	-102.5008	-102.5008	-85.0935	0.8302	57.1013	0.5575	2.6e-04	10.3702
764	-102.5132	-102.5132	-85.4854	0.8339	56.5341	0.5519	2.6e-04	10.3701
765	-102.5487	-102.5487	-85.7626	0.8363	56.1823	0.5482	2.6e-04	10.3663
766	-102.5630	-102.5630	-86.1808	0.8403	55.5387	0.5420	2.6e-04	10.3470
767	-102.5047	-102.5047	-85.5415	0.8345	56.4333	0.5509	2.6e-04	10.3452
768	-102.5323	-102.5323	-85.9034	0.8378	55.8770	0.5454	2.6e-04	10.3849
769	-102.5685	-102.5685	-85.8863	0.8374	56.0311	0.5467	2.6e-04	10.3730
770	-102.4878	-102.4878	-85.7373	0.8366	56.1090	0.5479	2.6e-04	10.3473
771	-102.5277	-102.5277	-86.2925	0.8417	55.3353	0.5400	2.6e-04	10.3678
772	-102.5392	-102.5392	-85.9097	0.8378	55.9289	0.5459	2.6e-04	10.3480
773	-102.5599	-102.5599	-86.1028	0.8395	55.6861	0.5433	2.6e-04	10.3437
774	-102.5179	-102.5179	-86.0799	0.8397	55.6431	0.5431	2.6e-04	10.3654
775	-102.5271	-102.5271	-85.6235	0.8351	56.3447	0.5499	2.6e-04	10.3611
776	-102.5521	-102.5521	-85.9423	0.8380	55.9050	0.5456	2.6e-04	10.3690
777	-102.5754	-102.5754	-86.7118	0.8453	54.7340	0.5341	2.6e-04	10.3472
778	-102.5583	-102.5583	-85.9984	0.8385	55.8199	0.5448	2.6e-04	10.3458
779	-102.5163	-102.5163	-85.4490	0.8335	56.5885	0.5525	2.6e-04	10.3426
780	-102.5514	-102.5514	-85.5173	0.8339	56.5468	0.5519	2.6e-04	10.3554
781	-102.5376	-102.5376	-85.3449	0.8323	56.7736	0.5542	2.6e-04	10.3610
782	-102.5472	-102.5472	-85.1084	0.8299	57.1616	0.5578	2.6e-04	10.3885
783	-102.4974	-102.4974	-84.9428	0.8287	57.3066	0.5595	2.6e-04	10.3471
784	-102.5745	-102.5745	-84.3014	0.8219	58.3618	0.5695	2.6e-04	10.3468
785	-102.5227	-102.5227	-83.8884	0.8182	58.8941	0.5748	2.6e-04	10.3380
786	-102.5601	-102.5601	-84.1841	0.8208	58.5217	0.5712	2.6e-04	10.3626
787	-102.5112	-102.5112	-83.9443	0.8189	58.8011	0.5739	2.6e-04	10.3701
788	-102.5520	-102.5520	-83.6880	0.8161	59.2003	0.5778	2.6e-04	10.3734
789	-102.5351	-102.5351	-83.2207	0.8116	59.8339	0.5840	2.6e-04	10.3629
790	-102.5263	-102.5263	-83.0404	0.8099	60.0493	0.5863	2.6e-04	10.3451
791	-102.5524	-102.5524	-82.7576	0.8070	60.5183	0.5906	2.6e-04	10.3393
792	-102.5650	-102.5650	-82.9355	0.8086	60.2733	0.5883	2.6e-04	10.3574
793	-102.5272	-102.5272	-82.4977	0.8046	60.8133	0.5938	2.6e-04	10.3883
794	-102.5404	-102.5404	-82.9292	0.8087	60.2490	0.5882	2.6e-04	10.3880
795	-102.5269	-102.5269	-82.4490	0.8042	60.8878	0.5944	2.6e-04	10.3779
796	-102.5537	-102.5537	-81.5562	0.7953	62.0772	0.6060	2.6e-04	10.3572
797	-102.5400	-102.5400	-81.7075	0.7968	61.8997	0.6042	2.6e-04	10.3398
798	-102.5064	-102.5064	-81.2934	0.7931	62.3754	0.6090	2.6e-04	10.3542
799	-102.5328	-102.5328	-80.9725	0.7897	62.8137	0.6133	2.6e-04	10.3504
800	-102.5423	-102.5423	-80.7400	0.7874	63.1500	0.6164	2.6e-04	10.3512
801	-102.5106	-102.5106	-81.0895	0.7910	62.6523	0.6117	2.6e-04	10.3610
802	-102.5674	-102.5674	-81.0722	0.7904	62.7541	0.6125	2.6e-04	10.3400
803	-102.5148	-102.5148	-80.2039	0.7824	63.7848	0.6228	2.6e-04	10.3413
804	-102.5504	-102.5504	-80.1951	0.7820	63.8431	0.6231	2.6e-04	10.3454
805	-102.5358	-102.5358	-79.3795	0.7742	64.8389	0.6329	2.6e-04	10.3492
806	-102.5324	-102.5324	-79.9252	0.7795	64.1512	0.6264	2.6e-04	10.3684
807	-102.5069	-102.5069	-79.6304	0.7768	64.4660	0.6297	2.6e-04	10.3644
808	-102.5008	-102.5008	-79.6893	0.7775	64.4117	0.6289	2.6e-04	10.3417
809	-102.4930	-102.4930	-78.2171	0.7631	66.1820	0.6462	2.6e-04	10.3409
810	-102.5522	-102.5522	-78.2846	0.7634	66.1828	0.6459	2.6e-04	10.3564
811	-102.5142	-102.5142	-77.6476	0.7574	66.8366	0.6524	2.6e-04	10.3722
812	-102.4972	-102.4972	-77.5699	0.7568	66.9389	0.6536	2.6e-04	10.3663
813	-102.5567	-102.5567	-76.9128	0.7500	67.7609	0.6615	2.6e-04	10.3417
814	-102.5356	-102.5356	-75.9729	0.7409	68.8008	0.6715	2.6e-04	10.3558
815	-102.5113	-102.5113	-76.4032	0.7453	68.2624	0.6667	2.6e-04	10.3452
816	-102.5621	-102.5621	-76.8457	0.7493	67.8280	0.6622	2.6e-04	10.3595
817	-102.5908	-102.5908	-76.2229	0.7430	68.5664	0.6693	2.6e-04	10.3688
818	-102.5397	-102.5397	-75.1989	0.7334	69.6357	0.6798	2.6e-04	10.3630
819	-102.5633	-102.5633	-75.8369	0.7394	68.9849	0.6732	2.6e-04	10.3598
820	-102.5051	-102.5051	-75.0673	0.7323	69.7420	0.6810	2.6e-04	10.3383
821	-102.5371	-102.5371	-75.3621	0.7350	69.4402	0.6781	2.6e-04	10.3397
822	-102.5534	-102.5534	-74.9737	0.7311	69.8977	0.6823	2.6e-04	10.3596
823	-102.5428	-102.5428	-75.0145	0.7315	69.8416	0.6818	2.6e-04	10.3896
824	-102.5264	-102.5264	-74.2000	0.7237	70.6921	0.6901	2.6e-04	10.3532
825	-102.4890	-102.4890	-74.0707	0.7227	70.7824	0.6911	2.6e-04	10.3595
826	-102.5136	-102.5136	-74.2657	0.7244	70.5813	0.6892	2.6e-04	10.3566
827	-102.4879	-102.4879	-73.8765	0.7208	70.9842	0.6931	2.6e-04	10.3429
828	-102.4733	-102.4733	-74.5145	0.7272	70.2489	0.6863	2.6e-04	10.3391
829	-102.5440	-102.5440	-73.6817	0.7185	71.2425	0.6955	2.6e-04	10.3685
830	-102.5224	-102.5224	-73.2880	0.7148	71.6056	0.6991	2.6e-04	10.3574
831	-102.5485	-102.5485	-74.1774	0.7233	70.7071	0.6904	2.6e-04	10.3648
832	-102.5358	-102.5358	-73.7256	0.7190	71.1677	0.6950	2.6e-04	10.3592
833	-102.5404	-102.5404	-72.7597	0.7096	72.1692	0.7046	2.6e-04	10.3421
834	-102.5022	-102.5022	-73.3714	0.7158	71.5083	0.6983	2.6e-04	10.3458
835	-102.4832	-102.4832	-72.0145	0.7027	72.8147	0.7113	2.6e-04	10.3605
836	-102.5230	-102.5230	-71.5603	0.6980	73.3433	0.7161	2.6e-04	10.3489
837	-102.5224	-102.5224	-71.3279	0.6957	73.5578	0.7183	2.6e-04	10.3558
838	-102.5357	-102.5357	-71.4079	0.6964	73.4831	0.7174	2.6e-04	10.3564
839	-102.4903	-102.4903	-71.4827	0.6975	73.3604	0.7166	2.6e-04	10.3456
840	-102.5489	-102.5489	-70.8912	0.6913	73.9700	0.7224	2.6e-04	10.3527
841	-102.4859	-102.4861	-70.0815	0.6838	74.7122	0.7296	2.6e-04	10.3473
842	-102.5630	-102.5635	-69.5249	0.6779	75.2891	0.7352	2.6e-04	10.3579
843	-102.5549	-102.5553	-69.7054	0.6797	75.1410	0.7335	2.6e-04	10.3593
844	-102.4968	-102.4977	-68.7734	0.6710	75.9289	0.7414	2.6e-04	10.3642
845	-102.5234	-102.5240	-69.2166	0.6751	75.5204	0.7376	2.6e-04	10.3419
846	-102.5124	-102.5134	-68.6294	0.6695	76.0725	0.7428	2.6e-04	10.3514
847	-102.5285	-102.5296	-68.2733	0.6659	76.4059	0.7459	2.6e-04	10.3565
848	-102.5428	-102.5440	-68.3490	0.6665	76.3588	0.7455	2.6e-04	10.3653
849	-102.5412	-102.5428	-67.7720	0.6609	76.8984	0.7505	2.6e-04	10.3576
850	-102.4943	-102.4951	-68.7909	0.6712	75.9185	0.7412	2.6e-04	10.3362
851	-102.5454	-102.5462	-68.8092	0.6710	75.9370	0.7413	2.6e-04	10.3404
852	-102.5205	-102.5210	-69.3252	0.6762	75.4668	0.7367	2.6e-04	10.3577
853	-102.5427	-102.5433	-69.3639	0.6764	75.4463	0.7365	2.6e-04	10.3683
854	-102.5045	-102.5047	-70.2300	0.6851	74.5983	0.7283	2.6e-04	10.3585
855	-102.5314	-102.5315	-71.1159	0.6936	73.7945	0.7203	2.6e-04	10.3540
856	-102.5478	-102.5479	-70.8480	0.6909	74.0734	0.7229	2.6e-04	10.3489
857	-102.5543	-102.5543	-71.7062	0.6992	73.1735	0.7141	2.6e-04	10.3389
858	-102.4958	-102.4958	-73.0473	0.7127	71.8322	0.7014	2.6e-04	10.3542
859	-102.5471	-102.5471	-72.4484	0.7065	72.5034	0.7076	2.6e-04	10.3743
860	-102.5592	-102.5592	-73.0438	0.7122	71.9160	0.7019	2.6e-04	10.3454
861	-102.5164	-102.5164	-72.4166	0.7064	72.5107	0.7078	2.6e-04	10.3603
862	-102.5521	-102.5521	-72.6536	0.7085	72.2987	0.7058	2.6e-04	10.3582
863	-102.5415	-102.5415	-73.8655	0.7203	71.0644	0.6936	2.6e-04	10.3381
864	-102.5381	-102.5381	-73.3719	0.7156	71.5616	0.6985	2.6e-04	10.3503
865	-102.5465	-102.5465	-73.5580	0.7173	71.3868	0.6967	2.6e-04	10.3706
866	-102.5186	-102.5186	-73.9560	0.7214	70.9301	0.6925	2.6e-04	10.3691
867	-102.5333	-102.5333	-72.8071	0.7101	72.1338	0.7040	2.6e-04	10.3482
868	-102.5381	-102.5381	-73.5225	0.7170	71.4030	0.6970	2.6e-04	10.3519
869	-102.5457	-102.5457	-73.5609	0.7173	71.3776	0.6967	2.6e-04	10.3340
870	-102.5350	-102.5350	-73.2173	0.7141	71.7064	0.6998	2.6e-04	10.3611
871	-102.5222	-102.5222	-72.9475	0.7115	71.9979	0.7026	2.6e-04	10.3613
872	-102.5365	-102.5365	-72.6214	0.7082	72.3273	0.7058	2.6e-04	10.3500
873	-102.5601	-102.5601	-73.2242	0.7140	71.7431	0.7002	2.6e-04	10.3713
874	-102.4902	-102.4902	-73.5147	0.7173	71.3834	0.6968	2.6e-04	10.3531
875	-102.5400	-102.5400	-72.3733	0.7058	72.5878	0.7084	2.6e-04	10.3431
876	-102.5137	-102.5137	-72.2070	0.7044	72.6866	0.7097	2.6e-04	10.3408
877	-102.5380	-102.5380	-73.2775	0.7146	71.6782	0.6994	2.6e-04	10.3673
878	-102.5353	-102.5353	-73.0932	0.7129	71.8471	0.7013	2.6e-04	10.3636
879	-102.5415	-102.5415	-72.1195	0.7033	72.8183	0.7108	2.6e-04	10.3511
880	-102.5340	-102.5340	-73.0236	0.7122	71.9100	0.7019	2.6e-04	10.3523
881	-102.5214	-102.5214	-73.4313	0.7163	71.4714	0.6977	2.6e-04	10.3355
882	-102.5263	-102.5263	-73.3032	0.7150	71.6014	0.6989	2.5e-04	10.3481
883	-102.5219	-102.5219	-72.7017	0.7091	72.2116	0.7050	2.5e-04	10.3587
884	-102.5414	-102.5414	-73.0895	0.7128	71.8469	0.7013	2.5e-04	10.3650
885	-102.5509	-102.5509	-73.5959	0.7177	71.3314	0.6963	2.5e-04	10.3458
886	-102.5646	-102.5646	-73.1912	0.7136	71.7132	0.6999	2.5e-04	10.3523
887	-102.5372	-102.5372	-72.5082	0.7071	72.4312	0.7070	2.5e-04	10.3506
888	-102.5731	-102.5731	-71.9734	0.7017	72.9885	0.7125	2.5e-04	10.3522
889	-102.5419	-102.5419	-72.8070	0.7100	72.1380	0.7041	2.5e-04	10.3682
890	-102.5776	-102.5776	-72.8925	0.7106	72.0999	0.7036	2.5e-04	10.3464
891	-102.5310	-102.5310	-73.6469	0.7183	71.2781	0.6957	2.5e-04	10.3564
892	-102.4999	-102.4999	-73.2891	0.7150	71.5872	0.6991	2.5e-04	10.3390
893	-102.5237	-102.5237	-73.5720	0.7176	71.3276	0.6964	2.5e-04	10.3498
894	-102.5619	-102.5619	-73.7553	0.7191	71.1763	0.6948	2.5e-04	10.3407
895	-102.5491	-102.5491	-73.7255	0.7189	71.2067	0.6951	2.5e-04	10.3535
896	-102.5124	-102.5124	-73.7615	0.7195	71.1162	0.6945	2.5e-04	10.3674
897	-102.5356	-102.5356	-73.1798	0.7137	71.7198	0.7004	2.5e-04	10.3569
898	-102.5311	-102.5311	-74.1958	0.7236	70.6469	0.6900	2.5e-04	10.3431
899	-102.5475	-102.5475	-73.8752	0.7204	71.0507	0.6935	2.5e-04	10.3468
900	-102.5453	-102.5453	-73.5519	0.7173	71.3607	0.6967	2.5e-04	10.3465
901	-102.5541	-102.5541	-72.9963	0.7118	71.9302	0.7024	2.5e-04	10.3511
902	-102.5170	-102.5170	-73.4544	0.7165	71.4421	0.6975	2.5e-04	10.3473
903	-102.5021	-102.5021	-73.1234	0.7134	71.7527	0.7007	2.5e-04	10.3454
904	-102.5710	-102.5710	-72.9596	0.7113	71.9965	0.7029	2.5e-04	10.3538
905	-102.5586	-102.5586	-72.7606	0.7095	72.1787	0.7046	2.5e-04	10.3523
906	-102.5436	-102.5436	-72.7482	0.7094	72.1854	0.7048	2.5e-04	10.3467
907	-102.5591	-102.5591	-72.0344	0.7024	72.9005	0.7118	2.5e-04	10.3608
908	-102.5185	-102.5185	-72.9958	0.7120	71.9044	0.7021	2.5e-04	10.3600
909	-102.5260	-102.5260	-71.9702	0.7020	72.9224	0.7122	2.5e-04	10.3465
910	-102.5253	-102.5253	-72.1919	0.7041	72.7015	0.7099	2.5e-04	10.3691
911	-102.5483	-102.5483	-71.4621	0.6969	73.4419	0.7172	2.5e-04	10.3395
912	-102.5392	-102.5392	-70.9390	0.6918	73.9407	0.7220	2.5e-04	10.3414
913	-102.5302	-102.5302	-71.4215	0.6966	73.4652	0.7174	2.5e-04	10.3672
914	-102.5095	-102.5095	-71.6644	0.6991	73.2221	0.7150	2.5e-04	10.3468
915	-102.5432	-102.5432	-71.0163	0.6925	73.8665	0.7211	2.5e-04	10.3551
916	-102.5561	-102.5562	-70.9830	0.6921	73.9304	0.7218	2.5e-04	10.3510
917	-102.5031	-102.5033	-70.3123	0.6860	74.5053	0.7276	2.5e-04	10.3480
918	-102.5041	-102.5041	-71.5068	0.6976	73.3508	0.7163	2.5e-04	10.3378
919	-102.5311	-102.5311	-71.1685	0.6941	73.7291	0.7198	2.5e-04	10.3512
920	-102.5375	-102.5375	-71.2621	0.6950	73.6155	0.7189	2.5e-04	10.3670
921	-102.5100	-102.5100	-71.8742	0.7011	72.9602	0.7127	2.5e-04	10.3519
922	-102.5069	-102.5070	-70.8304	0.6910	74.0031	0.7229	2.5e-04	10.3533
923	-102.4965	-102.4965	-71.1978	0.6946	73.6516	0.7194	2.5e-04	10.3446
924	-102.5351	-102.5352	-70.7536	0.6900	74.1272	0.7237	2.5e-04	10.3417
925	-102.5337	-102.5341	-69.6663	0.6794	75.1652	0.7337	2.5e-04	10.3677
926	-102.5016	-102.5018	-70.3043	0.6859	74.5074	0.7277	2.5e-04	10.3628
927	-102.5257	-102.5260	-69.8412	0.6812	74.9747	0.7320	2.5e-04	10.3706
928	-102.5206	-102.5210	-69.7942	0.6808	74.9984	0.7324	2.5e-04	10.3509
929	-102.5237	-102.5238	-71.1581	0.6941	73.7135	0.7199	2.5e-04	10.3544
930	-102.5487	-102.5488	-70.8404	0.6908	74.0735	0.7229	2.5e-04	10.3456
931	-102.5249	-102.5250	-70.9819	0.6923	73.8891	0.7216	2.5e-04	10.3699
932	-102.5212	-102.5213	-70.6927	0.6895	74.1637	0.7242	2.5e-04	10.3520
933	-102.5327	-102.5327	-71.9799	0.7020	72.9217	0.7121	2.5e-04	10.3648
934	-102.6063	-102.6064	-71.1090	0.6930	73.8160	0.7204	2.5e-04	10.3506
935	-102.5152	-102.5152	-71.5979	0.6984	73.2906	0.7157	2.5e-04	10.3605
936	-102.5434	-102.5434	-71.2190	0.6945	73.6914	0.7194	2.5e-04	10.3338
937	-102.4809	-102.4809	-71.8801	0.7014	72.9700	0.7128	2.5e-04	10.3572
938	-102.5197	-102.5197	-72.3564	0.7058	72.5316	0.7082	2.5e-04	10.3568
939	-102.5293	-102.5294	-71.0735	0.6932	73.8097	0.7207	2.5e-04	10.3628
940	-102.5794	-102.5795	-70.8415	0.6906	74.0869	0.7231	2.5e-04	10.3671
941	-102.5385	-102.5385	-71.2785	0.6951	73.6212	0.7188	2.5e-04	10.3455
942	-102.5142	-102.5142	-71.4740	0.6972	73.4024	0.7169	2.5e-04	10.3375
943	-102.5415	-102.5416	-70.9896	0.6923	73.8954	0.7215	2.5e-04	10.3545
944	-102.5349	-102.5351	-70.2710	0.6853	74.5807	0.7280	2.5e-04	10.3596
945	-102.5607	-102.5608	-70.7735	0.6901	74.1248	0.7237	2.5e-04	10.3416
946	-102.5082	-102.5083	-70.7721	0.6904	74.0898	0.7234	2.5e-04	10.3533
947	-102.5462	-102.5464	-70.3627	0.6862	74.4865	0.7273	2.5e-04	10.3439
948	-102.5296	-102.5297	-70.5343	0.6879	74.3539	0.7258	2.5e-04	10.3369
949	-102.5237	-102.5237	-71.7293	0.6996	73.1824	0.7145	2.5e-04	10.3547
950	-102.5534	-102.5534	-71.0825	0.6931	73.8348	0.7207	2.5e-04	10.3486
951	-102.5614	-102.5614	-71.7602	0.6997	73.1609	0.7141	2.5e-04	10.3694
952	-102.5262	-102.5262	-71.7659	0.7000	73.1584	0.7142	2.5e-04	10.3509
953	-102.5457	-102.5457	-71.6139	0.6984	73.3211	0.7157	2.5e-04	10.3540
954	-102.4943	-102.4943	-71.8829	0.7013	73.0275	0.7128	2.5e-04	10.3334
955	-102.5282	-102.5282	-71.4598	0.6970	73.4591	0.7170	2.5e-04	10.3610
956	-102.5957	-102.5958	-71.1281	0.6933	73.8453	0.7207	2.5e-04	10.3481
957	-102.5063	-102.5063	-72.4836	0.7071	72.4490	0.7071	2.5e-04	10.3419
958	-102.5365	-102.5365	-73.6140	0.7179	71.3153	0.6961	2.5e-04	10.3729
959	-102.5545	-102.5545	-71.9318	0.7014	73.0132	0.7126	2.5e-04	10.3511
960	-102.4962	-102.4962	-73.0725	0.7129	71.8185	0.7012	2.5e-04	10.3379
961	-102.5098	-102.5098	-72.8875	0.7110	72.0243	0.7032	2.5e-04	10.3457
962	-102.5481	-102.5481	-72.6153	0.7081	72.3780	0.7061	2.5e-04	10.3523
963	-102.5373	-102.5373	-73.2148	0.7140	71.7258	0.7001	2.5e-04	10.3505
964	-102.5405	-102.5405	-73.7954	0.7197	71.1443	0.6943	2.5e-04	10.3480
965	-102.5334	-102.5334	-73.6011	0.7178	71.3170	0.6962	2.5e-04	10.3607
966	-102.5580	-102.5580	-73.1076	0.7128	71.8323	0.7012	2.5e-04	10.3355
967	-102.5230	-102.5230	-72.8848	0.7109	72.0552	0.7031	2.5e-04	10.3564
968	-102.5360	-102.5360	-73.6638	0.7184	71.2587	0.6955	2.5e-04	10.3594
969	-102.5218	-102.5218	-73.8583	0.7204	71.0484	0.6935	2.5e-04	10.3481
970	-102.5284	-102.5284	-73.9397	0.7212	70.9885	0.6927	2.5e-04	10.3499
971	-102.5336	-102.5336	-73.5639	0.7175	71.3612	0.6966	2.5e-04	10.3468
972	-102.5168	-102.5168	-72.6928	0.7091	72.2308	0.7051	2.5e-04	10.3458
973	-102.4895	-102.4895	-73.0161	0.7124	71.8805	0.7017	2.5e-04	10.3393
974	-102.5193	-102.5193	-73.3609	0.7156	71.5600	0.6985	2.5e-04	10.3602
975	-102.5473	-102.5473	-72.7623	0.7095	72.1857	0.7046	2.5e-04	10.3672
976	-102.5467	-102.5467	-73.1439	0.7133	71.8045	0.7008	2.5e-04	10.3679
977	-102.5319	-102.5319	-72.6110	0.7082	72.3483	0.7060	2.5e-04	10.3632
978	-102.5145	-102.5145	-73.2419	0.7145	71.6680	0.6997	2.5e-04	10.3415
979	-102.5113	-102.5113	-72.5124	0.7074	72.4135	0.7069	2.5e-04	10.3472
980	-102.5308	-102.5308	-72.4397	0.7065	72.4792	0.7076	2.5e-04	10.3559
981	-102.4979	-102.4979	-72.4498	0.7068	72.4528	0.7074	2.5e-04	10.3682
982	-102.5429	-102.5429	-71.4803	0.6971	73.4560	0.7169	2.5e-04	10.3619
983	-102.5000	-102.5000	-71.8472	0.7009	73.0402	0.7131	2.5e-04	10.3400
984	-102.5740	-102.5740	-71.0326	0.6925	73.9342	0.7213	2.5e-04	10.3365
985	-102.5178	-102.5179	-70.5911	0.6886	74.2965	0.7252	2.5e-04	10.3566
986	-102.5429	-102.5431	-70.6249	0.6887	74.2577	0.7249	2.5e-04	10.3587
987	-102.5290	-102.5290	-71.6448	0.6988	73.2710	0.7153	2.5e-04	10.3409
988	-102.5328	-102.5330	-70.4120	0.6867	74.4452	0.7269	2.5e-04	10.3510
989	-102.5584	-102.5588	-69.7492	0.6801	75.1130	0.7331	2.5e-04	10.3505
990	-102.5672	-102.5677	-69.5991	0.6786	75.1860	0.7339	2.5e-04	10.3400
991	-102.5154	-102.5161	-69.0125	0.6732	75.7461	0.7395	2.5e-04	10.3474
992	-102.5228	-102.5237	-68.7377	0.6705	76.0078	0.7419	2.5e-04	10.3483
993	-102.5042	-102.5052	-68.3767	0.6671	76.3255	0.7450	2.5e-04	10.3587
994	-102.5429	-102.5437	-68.8017	0.6710	75.9724	0.7414	2.5e-04	10.3414
995	-102.5395	-102.5404	-68.7091	0.6701	75.9885	0.7419	2.5e-04	10.3713
996	-102.5601	-102.5608	-69.2601	0.6753	75.5638	0.7374	2.5e-04	10.3407
997	-102.5772	-102.5777	-69.4810	0.6774	75.3819	0.7356	2.5e-04	10.3577
998	-102.5332	-102.5335	-69.9796	0.6825	74.8725	0.7309	2.5e-04	10.3540
999	-102.5420	-102.5422	-70.4228	0.6868	74.4683	0.7269	2.5e-04	10.3599
1000	-102.5499	-102.5499	-71.3056	0.6953	73.6620	0.7187	2.5e-04	10.3666
1001	-102.5194	-102.5195	-70.5883	0.6885	74.2867	0.7251	2.5e-04	10.3456
1002	-102.5154	-102.5154	-71.4139	0.6966	73.4735	0.7173	2.5e-04	10.3500
1003	-102.5409	-102.5409	-71.8534	0.7007	73.0429	0.7129	2.5e-04	10.3563
1004	-102.5136	-102.5136	-72.2882	0.7052	72.6181	0.7090	2.5e-04	10.3511
1005	-102.5124	-102.5124	-72.6067	0.7083	72.2692	0.7055	2.5e-04	10.3650
1006	-102.5300	-102.5300	-71.6413	0.6987	73.2734	0.7151	2.5e-04	10.3553
1007	-102.5174	-102.5174	-72.2694	0.7049	72.6513	0.7093	2.5e-04	10.3692
1008	-102.5193	-102.5193	-71.8919	0.7013	73.0187	0.7127	2.5e-04	10.3378
1009	-102.5832	-102.5832	-72.3879	0.7057	72.6233	0.7086	2.5e-04	10.3478
1010	-102.5759	-102.5760	-70.7070	0.6893	74.2343	0.7244	2.5e-04	10.3487
1011	-102.4889	-102.4889	-71.4128	0.6968	73.4432	0.7173	2.5e-04	10.3651
1012	-102.5656	-102.5656	-71.4484	0.6966	73.4954	0.7172	2.5e-04	10.3385
1013	-102.5584	-102.5584	-71.4456	0.6966	73.5165	0.7173	2.5e-04	10.3522
1014	-102.5586	-102.5587	-70.8929	0.6912	74.0247	0.7226	2.5e-04	10.3474
1015	-102.5539	-102.5540	-70.7598	0.6900	74.1622	0.7238	2.5e-04	10.3423
1016	-102.5326	-102.5327	-70.7938	0.6905	74.1089	0.7233	2.5e-04	10.3488
1017	-102.5288	-102.5291	-70.1791	0.6845	74.6825	0.7290	2.5e-04	10.3715
1018	-102.5356	-102.5357	-70.7252	0.6898	74.1668	0.7240	2.5e-04	10.3510
1019	-102.5445	-102.5447	-70.7125	0.6896	74.2257	0.7242	2.5e-04	10.3608
1020	-102.4879	-102.4881	-70.2518	0.6855	74.5684	0.7280	2.5e-04	10.3396
1021	-102.5560	-102.5560	-71.1364	0.6936	73.7951	0.7200	2.5e-04	10.3351
1022	-102.4936	-102.4937	-70.8205	0.6910	74.0449	0.7229	2.5e-04	10.3533
1023	-102.4989	-102.4990	-70.6807	0.6896	74.1747	0.7242	2.5e-04	10.3518
1024	-102.5342	-102.5343	-70.9063	0.6915	73.9803	0.7221	2.5e-04	10.3506
1025	-102.5258	-102.5258	-71.7976	0.7003	73.1313	0.7139	2.5e-04	10.3416
1026	-102.5380	-102.5382	-70.4822	0.6874	74.3930	0.7262	2.5e-04	10.3383
1027	-102.5374	-102.5374	-71.7925	0.7002	73.1155	0.7137	2.5e-04	10.3569
1028	-102.5489	-102.5490	-70.8814	0.6912	74.0312	0.7227	2.5e-04	10.3533
1029	-102.5496	-102.5499	-70.0965	0.6835	74.7905	0.7299	2.5e-04	10.3638
1030	-102.5719	-102.5719	-71.0230	0.6924	73.9220	0.7214	2.5e-04	10.3520
1031	-102.5348	-102.5350	-70.4449	0.6870	74.3983	0.7263	2.5e-04	10.3464
1032	-102.5426	-102.5427	-70.8021	0.6905	74.0910	0.7233	2.5e-04	10.3357
1033	-102.5596	-102.5596	-71.2792	0.6950	73.6728	0.7190	2.5e-04	10.3452
1034	-102.5394	-102.5394	-71.1562	0.6939	73.7640	0.7200	2.5e-04	10.3496
1035	-102.4914	-102.4914	-72.1445	0.7039	72.7300	0.7102	2.5e-04	10.3428
1036	-102.5302	-102.5303	-70.8273	0.6908	74.0505	0.7230	2.5e-04	10.3483
1037	-102.5145	-102.5146	-71.4807	0.6973	73.3889	0.7166	2.5e-04	10.3714
1038	-102.5401	-102.5402	-70.8898	0.6913	74.0369	0.7225	2.5e-04	10.3469
1039	-102.5244	-102.5244	-71.8912	0.7012	73.0277	0.7129	2.5e-04	10.3450
1040	-102.5574	-102.5575	-70.9500	0.6918	73.9506	0.7219	2.5e-04	10.3517
1041	-102.5125	-102.5126	-71.1694	0.6943	73.7161	0.7197	2.5e-04	10.3521
1042	-102.5259	-102.5261	-70.3573	0.6862	74.4981	0.7273	2.5e-04	10.3531
1043	-102.5491	-102.5493	-70.2709	0.6852	74.6202	0.7283	2.5e-04	10.3552
1044	-102.5356	-102.5356	-71.2057	0.6944	73.6875	0.7195	2.5e-04	10.3397
1045	-102.5339	-102.5339	-71.0232	0.6927	73.8696	0.7212	2.5e-04	10.3381
1046	-102.5087	-102.5089	-70.3799	0.6866	74.4502	0.7271	2.5e-04	10.3479
1047	-102.5043	-102.5045	-70.4602	0.6874	74.3714	0.7262	2.5e-04	10.3461
1048	-102.5396	-102.5399	-70.1011	0.6836	74.7806	0.7298	2.5e-04	10.3549
1049	-102.4886	-102.4887	-70.5530	0.6884	74.2414	0.7252	2.5e-04	10.3544
1050	-102.5348	-102.5354	-69.1850	0.6747	75.6025	0.7379	2.5e-04	10.3481
1051	-102.4864	-102.4868	-69.5763	0.6789	75.1481	0.7338	2.5e-04	10.3568
1052	-102.5274	-102.5281	-68.9271	0.6723	75.8375	0.7403	2.5e-04	10.3608
1053	-102.4806	-102.4809	-69.7675	0.6808	75.0070	0.7324	2.5e-04	10.3578
1054	-102.5453	-102.5461	-68.7753	0.6707	76.0043	0.7416	2.5e-04	10.3566
1055	-102.5385	-102.5390	-69.4721	0.6775	75.3525	0.7355	2.5e-04	10.3572
1056	-102.5583	-102.5589	-69.3733	0.6764	75.4643	0.7365	2.5e-04	10.3434
1057	-102.5705	-102.5707	-70.3161	0.6855	74.6204	0.7280	2.5e-04	10.3379
1058	-102.5579	-102.5580	-70.6696	0.6891	74.2498	0.7247	2.5e-04	10.3588
1059	-102.5598	-102.5598	-71.7071	0.6992	73.2537	0.7149	2.5e-04	10.3533
1060	-102.5518	-102.5518	-72.2341	0.7044	72.7307	0.7098	2.5e-04	10.3524
1061	-102.5545	-102.5545	-72.3488	0.7055	72.6120	0.7087	2.5e-04	10.3549
1062	-102.5764	-102.5764	-72.5767	0.7075	72.3783	0.7064	2.5e-04	10.3413
1063	-102.5575	-102.5575	-72.6625	0.7085	72.3057	0.7057	2.5e-04	10.3347
1064	-102.5282	-102.5282	-73.1427	0.7134	71.8061	0.7007	2.5e-04	10.3438
1065	-102.5075	-102.5075	-73.0330	0.7125	71.8704	0.7015	2.5e-04	10.3633
1066	-102.5448	-102.5448	-72.8961	0.7109	72.0561	0.7033	2.5e-04	10.3518
1067	-102.5474	-102.5474	-73.2242	0.7141	71.7425	0.7001	2.5e-04	10.3441
1068	-102.5291	-102.5291	-73.1339	0.7133	71.8238	0.7008	2.5e-04	10.3472
1069	-102.5137	-102.5137	-72.9904	0.7120	71.9405	0.7022	2.5e-04	10.3398
1070	-102.5344	-102.5344	-72.9468	0.7114	71.9950	0.7027	2.5e-04	10.3578
1071	-102.4969	-102.4969	-73.5870	0.7179	71.3253	0.6961	2.5e-04	10.3524
1072	-102.5308	-102.5308	-73.4504	0.7164	71.4902	0.6977	2.5e-04	10.3475
1073	-102.4935	-102.4935	-73.0949	0.7132	71.7731	0.7007	2.5e-04	10.3429
1074	-102.5238	-102.5238	-72.5387	0.7075	72.3787	0.7066	2.5e-04	10.3564
1075	-102.5349	-102.5349	-73.3225	0.7151	71.5917	0.6988	2.5e-04	10.3317
1076	-102.5468	-102.5468	-72.7229	0.7092	72.2190	0.7050	2.5e-04	10.3524
1077	-102.5153	-102.5153	-72.9671	0.7118	71.9692	0.7024	2.5e-04	10.3451
1078	-102.5029	-102.5029	-72.3775	0.7061	72.5390	0.7079	2.5e-04	10.3498
1079	-102.5325	-102.5325	-72.0517	0.7027	72.9104	0.7114	2.5e-04	10.3543
1080	-102.4969	-102.4969	-72.4579	0.7069	72.4489	0.7072	2.5e-04	10.3481
1081	-102.5567	-102.5567	-72.5653	0.7076	72.3969	0.7066	2.5e-04	10.3377
1082	-102.5503	-102.5503	-71.9567	0.7017	73.0249	0.7124	2.5e-04	10.3466
1083	-102.4999	-102.4999	-72.0619	0.7030	72.8269	0.7111	2.5e-04	10.3568
1084	-102.5272	-102.5272	-71.7444	0.6998	73.1962	0.7143	2.5e-04	10.3572
1085	-102.5106	-102.5107	-70.6249	0.6890	74.2378	0.7247	2.5e-04	10.3469
1086	-102.5759	-102.5759	-71.3117	0.6952	73.6946	0.7188	2.5e-04	10.3551
1087	-102.5667	-102.5669	-70.3792	0.6862	74.5456	0.7272	2.5e-04	10.3357
1088	-102.5209	-102.5209	-71.0011	0.6926	73.8964	0.7212	2.5e-04	10.3395
1089	-102.5111	-102.5115	-69.7328	0.6802	75.1007	0.7330	2.5e-04	10.3744
1090	-102.5260	-102.5260	-71.4416	0.6968	73.5052	0.7172	2.5e-04	10.3612
1091	-102.5908	-102.5908	-71.3514	0.6955	73.6465	0.7183	2.5e-04	10.3444
1092	-102.5384	-102.5384	-71.4285	0.6966	73.4890	0.7172	2.5e-04	10.3482
1093	-102.4917	-102.4918	-71.1165	0.6939	73.7305	0.7201	2.5e-04	10.3373
1094	-102.5218	-102.5218	-72.3671	0.7059	72.5305	0.7080	2.5e-04	10.3390
1095	-102.5351	-102.5351	-71.6028	0.6983	73.3580	0.7157	2.5e-04	10.3416
1096	-102.5295	-102.5295	-71.5678	0.6980	73.3490	0.7160	2.5e-04	10.3656
1097	-102.5301	-102.5302	-70.8219	0.6907	74.0783	0.7230	2.5e-04	10.3415
1098	-102.5283	-102.5284	-70.8626	0.6912	74.0612	0.7227	2.5e-04	10.3426
1099	-102.5338	-102.5340	-70.2777	0.6854	74.5684	0.7279	2.5e-04	10.3330
1100	-102.5245	-102.5245	-72.2088	0.7043	72.7366	0.7099	2.5e-04	10.3529
1101	-102.5714	-102.5714	-71.5806	0.6979	73.4042	0.7162	2.5e-04	10.3437
1102	-102.5185	-102.5185	-72.2292	0.7045	72.6828	0.7096	2.5e-04	10.3497
1103	-102.5501	-102.5501	-71.3627	0.6959	73.5793	0.7182	2.5e-04	10.3518
1104	-102.5286	-102.5286	-71.3221	0.6956	73.6140	0.7183	2.5e-04	10.3384
1105	-102.5344	-102.5344	-71.6977	0.6993	73.2300	0.7148	2.5e-04	10.3293
1106	-102.5503	-102.5504	-70.7056	0.6895	74.1963	0.7243	2.5e-04	10.3414
1107	-102.5500	-102.5504	-69.9366	0.6820	74.9364	0.7314	2.5e-04	10.3667
1108	-102.5571	-102.5572	-70.4473	0.6869	74.4665	0.7267	2.5e-04	10.3609
1109	-102.5399	-102.5400	-70.7045	0.6895	74.1712	0.7240	2.5e-04	10.3549
1110	-102.5644	-102.5644	-71.7115	0.6992	73.2370	0.7149	2.5e-04	10.3520
1111	-102.5355	-102.5356	-70.9344	0.6918	73.9692	0.7221	2.5e-04	10.3347
1112	-102.5274	-102.5276	-70.5478	0.6881	74.3302	0.7256	2.5e-04	10.3347
1113	-102.5213	-102.5216	-69.9554	0.6823	74.8554	0.7309	2.5e-04	10.3567
1114	-102.5412	-102.5413	-70.9017	0.6914	74.0139	0.7223	2.5e-04	10.3500
1115	-102.5119	-102.5120	-70.6324	0.6890	74.2524	0.7247	2.5e-04	10.3528
1116	-102.5511	-102.5512	-71.1038	0.6933	73.8072	0.7203	2.5e-04	10.3557
1117	-102.5546	-102.5550	-69.8054	0.6807	75.0554	0.7326	2.5e-04	10.3323
1118	-102.5425	-102.5430	-69.4821	0.6776	75.3370	0.7354	2.5e-04	10.3367
1119	-102.5645	-102.5648	-70.0593	0.6831	74.8441	0.7303	2.5e-04	10.3653
1120	-102.5258	-102.5260	-70.5206	0.6878	74.3744	0.7259	2.5e-04	10.3641
1121	-102.5131	-102.5132	-70.9218	0.6918	73.9765	0.7218	2.5e-04	10.3639
1122	-102.4929	-102.4929	-71.0076	0.6928	73.8583	0.7211	2.4e-04	10.3479
1123	-102.5075	-102.5076	-70.5532	0.6883	74.2883	0.7250	2.4e-04	10.3377
1124	-102.5669	-102.5673	-69.8482	0.6810	75.0656	0.7323	2.4e-04	10.3545
1125	-102.5321	-102.5322	-71.0184	0.6926	73.9216	0.7213	2.4e-04	10.3458
1126	-102.5309	-102.5309	-71.5590	0.6979	73.3800	0.7161	2.4e-04	10.3535
1127	-102.5266	-102.5266	-72.4441	0.7066	72.4981	0.7076	2.4e-04	10.3485
1128	-102.5163	-102.5163	-72.8950	0.7111	72.0530	0.7031	2.4e-04	10.3508
1129	-102.5661	-102.5661	-72.3988	0.7059	72.5939	0.7083	2.4e-04	10.3371
1130	-102.5975	-102.5975	-73.3646	0.7151	71.6572	0.6991	2.4e-04	10.3497
1131	-102.5143	-102.5143	-73.4284	0.7163	71.5005	0.6978	2.4e-04	10.3516
1132	-102.5269	-102.5269	-73.1241	0.7132	71.7982	0.7007	2.4e-04	10.3522
1133	-102.5379	-102.5379	-73.6835	0.7186	71.2573	0.6954	2.4e-04	10.3496
1134	-102.5393	-102.5393	-73.5472	0.7173	71.4034	0.6968	2.4e-04	10.3601
1135	-102.5405	-102.5405	-73.6713	0.7185	71.2904	0.6955	2.4e-04	10.3424
1136	-102.5396	-102.5396	-74.1145	0.7228	70.8061	0.6910	2.4e-04	10.3457
1137	-102.4977	-102.4977	-73.9499	0.7215	70.9356	0.6923	2.4e-04	10.3696
1138	-102.5584	-102.5584	-74.3216	0.7247	70.6279	0.6891	2.4e-04	10.3433
1139	-102.5009	-102.5009	-74.8613	0.7303	69.9746	0.6830	2.4e-04	10.3429
1140	-102.5249	-102.5249	-73.3979	0.7159	71.5296	0.6982	2.4e-04	10.3529
1141	-102.5428	-102.5428	-72.9940	0.7118	71.9624	0.7022	2.4e-04	10.3384
1142	-102.5219	-102.5219	-73.6065	0.7180	71.2706	0.6959	2.4e-04	10.3360
1143	-102.5594	-102.5594	-73.2658	0.7144	71.7240	0.6998	2.4e-04	10.3529
1144	-102.5829	-102.5829	-72.3304	0.7051	72.6707	0.7091	2.4e-04	10.3675
1145	-102.5095	-102.5095	-72.3603	0.7059	72.5794	0.7083	2.4e-04	10.3571
1146	-102.5202	-102.5202	-72.9298	0.7114	72.0056	0.7028	2.4e-04	10.3534
1147	-102.5332	-102.5332	-72.8944	0.7109	72.0689	0.7033	2.4e-04	10.3350
1148	-102.5276	-102.5276	-71.7615	0.6999	73.1740	0.7140	2.4e-04	10.3462
1149	-102.5077	-102.5079	-70.7062	0.6898	74.1754	0.7240	2.4e-04	10.3432
1150	-102.5353	-102.5353	-71.6133	0.6984	73.3182	0.7157	2.4e-04	10.3504
1151	-102.5306	-102.5306	-71.6474	0.6988	73.2956	0.7153	2.4e-04	10.3537
1152	-102.5424	-102.5426	-70.3455	0.6860	74.5451	0.7275	2.4e-04	10.3563
1153	-102.5179	-102.5180	-70.7612	0.6902	74.1438	0.7236	2.4e-04	10.3418
1154	-102.5528	-102.5530	-70.2661	0.6852	74.6400	0.7284	2.4e-04	10.3444
1155	-102.5771	-102.5771	-71.5488	0.6975	73.4165	0.7165	2.4e-04	10.3496
1156	-102.5374	-102.5377	-70.3178	0.6858	74.5544	0.7277	2.4e-04	10.3647
1157	-102.5559	-102.5559	-71.4285	0.6965	73.5256	0.7175	2.4e-04	10.3416
1158	-102.5217	-102.5217	-71.1902	0.6944	73.7178	0.7195	2.4e-04	10.3578
1159	-102.5493	-102.5493	-71.3085	0.6954	73.6222	0.7186	2.4e-04	10.3440
1160	-102.5151	-102.5154	-70.1651	0.6844	74.6762	0.7290	2.4e-04	10.3438
1161	-102.5094	-102.5094	-72.0602	0.7030	72.8321	0.7108	2.4e-04	10.3535
1162	-102.5387	-102.5389	-70.4720	0.6873	74.4456	0.7264	2.4e-04	10.3504
1163	-102.5290	-102.5290	-71.2887	0.6953	73.6225	0.7187	2.4e-04	10.3402
1164	-102.5498	-102.5498	-71.0708	0.6930	73.8418	0.7209	2.4e-04	10.3402
1165	-102.5234	-102.5234	-71.0637	0.6931	73.8437	0.7208	2.4e-04	10.3430
1166	-102.5350	-102.5350	-72.2218	0.7044	72.7089	0.7097	2.4e-04	10.3441
1167	-102.5059	-102.5059	-72.1679	0.7040	72.7579	0.7101	2.4e-04	10.3524
1168	-102.5456	-102.5457	-70.7465	0.6899	74.1880	0.7239	2.4e-04	10.3550
1169	-102.5831	-102.5831	-72.5375	0.7071	72.4671	0.7071	2.4e-04	10.3656
1170	-102.5539	-102.5539	-72.2137	0.7042	72.7624	0.7100	2.4e-04	10.3570
1171	-102.5682	-102.5682	-72.5065	0.7069	72.4761	0.7073	2.4e-04	10.3533
1172	-102.5443	-102.5443	-72.6728	0.7087	72.2786	0.7055	2.4e-04	10.3462
1173	-102.5706	-102.5706	-72.3828	0.7057	72.5943	0.7084	2.4e-04	10.3501
1174	-102.5003	-102.5003	-72.6200	0.7085	72.3011	0.7057	2.4e-04	10.3417
1175	-102.5536	-102.5536	-73.3238	0.7150	71.6478	0.6991	2.4e-04	10.3495
1176	-102.5460	-102.5460	-72.4945	0.7069	72.4555	0.7071	2.4e-04	10.3518
1177	-102.5133	-102.5133	-72.3295	0.7056	72.5212	0.7082	2.4e-04	10.3472
1178	-102.5386	-102.5386	-72.4986	0.7070	72.4507	0.7072	2.4e-04	10.3435
1179	-102.5072	-102.5072	-72.7910	0.7101	72.1310	0.7041	2.4e-04	10.3512
1180	-102.5702	-102.5702	-72.3039	0.7049	72.6752	0.7093	2.4e-04	10.3523
1181	-102.5502	-102.5502	-71.3329	0.6956	73.6076	0.7184	2.4e-04	10.3663
1182	-102.5617	-102.5617	-72.9041	0.7108	72.0716	0.7033	2.4e-04	10.3415
1183	-102.5543	-102.5543	-71.9662	0.7017	73.0035	0.7124	2.4e-04	10.3430
1184	-102.5379	-102.5379	-71.7236	0.6995	73.2179	0.7146	2.4e-04	10.3320
1185	-102.5156	-102.5156	-72.3637	0.7059	72.5406	0.7083	2.4e-04	10.3504
1186	-102.5516	-102.5516	-71.7381	0.6995	73.2155	0.7146	2.4e-04	10.3542
1187	-102.5104	-102.5104	-71.7467	0.6999	73.1593	0.7142	2.4e-04	10.3495
1188	-102.5607	-102.5608	-71.3068	0.6953	73.6426	0.7187	2.4e-04	10.3415
1189	-102.5369	-102.5372	-70.2931	0.6855	74.5431	0.7277	2.4e-04	10.3412
1190	-102.5261	-102.5261	-71.4177	0.6966	73.5116	0.7173	2.4e-04	10.3450
1191	-102.5368	-102.5369	-70.4703	0.6873	74.4280	0.7264	2.4e-04	10.3623
1192	-102.5016	-102.5016	-71.2308	0.6949	73.6741	0.7190	2.4e-04	10.3502
1193	-102.5165	-102.5165	-71.1577	0.6941	73.7552	0.7198	2.4e-04	10.3555
1194	-102.4843	-102.4844	-70.5171	0.6881	74.2931	0.7255	2.4e-04	10.3553
1195	-102.5222	-102.5224	-70.6761	0.6894	74.1980	0.7244	2.4e-04	10.3428
1196	-102.5537	-102.5537	-71.6792	0.6989	73.2746	0.7152	2.4e-04	10.3354
1197	-102.5483	-102.5483	-71.2980	0.6953	73.6121	0.7187	2.4e-04	10.3644
1198	-102.5600	-102.5602	-70.3567	0.6860	74.5806	0.7276	2.4e-04	10.3533
1199	-102.5585	-102.5587	-70.4922	0.6873	74.4097	0.7262	2.4e-04	10.3514
1200	-102.5401	-102.5401	-71.4649	0.6969	73.4604	0.7170	2.4e-04	10.3472
1201	-102.4960	-102.4961	-71.1521	0.6942	73.7307	0.7198	2.4e-04	10.3439
1202	-102.5890	-102.5890	-71.5147	0.6971	73.4704	0.7170	2.4e-04	10.3318
1203	-102.5239	-102.5239	-71.0083	0.6926	73.8675	0.7212	2.4e-04	10.3552
1204	-102.5390	-102.5390	-70.9909	0.6923	73.9227	0.7215	2.4e-04	10.3500
1205	-102.5635	-102.5635	-71.8143	0.7002	73.1384	0.7139	2.4e-04	10.3524
1206	-102.5638	-102.5638	-71.8770	0.7008	73.0911	0.7134	2.4e-04	10.3510
1207	-102.5203	-102.5203	-71.8183	0.7005	73.0522	0.7132	2.4e-04	10.3493
1208	-102.5594	-102.5594	-71.4438	0.6966	73.4831	0.7175	2.4e-04	10.3435
1209	-102.5302	-102.5302	-71.1162	0.6936	73.7714	0.7203	2.4e-04	10.3503
1210	-102.5353	-102.5353	-71.2858	0.6952	73.6358	0.7188	2.4e-04	10.3635
1211	-102.5152	-102.5153	-70.8887	0.6915	73.9872	0.7224	2.4e-04	10.3589
1212	-102.5321	-102.5321	-70.7698	0.6902	74.1444	0.7236	2.4e-04	10.3500
1213	-102.5470	-102.5473	-70.1847	0.6844	74.6961	0.7291	2.4e-04	10.3550
1214	-102.4979	-102.4980	-70.5586	0.6884	74.3004	0.7253	2.4e-04	10.3361
1215	-102.5369	-102.5372	-70.0399	0.6831	74.8156	0.7303	2.4e-04	10.3376
1216	-102.5395	-102.5402	-69.0368	0.6733	75.7500	0.7393	2.4e-04	10.3585
1217	-102.5077	-102.5078	-70.6888	0.6896	74.1937	0.7241	2.4e-04	10.3508
1218	-102.5002	-102.5003	-70.5401	0.6882	74.2520	0.7249	2.4e-04	10.3691
1219	-102.5540	-102.5542	-70.5610	0.6880	74.3260	0.7256	2.4e-04	10.3575
1220	-102.5276	-102.5278	-70.0285	0.6830	74.8114	0.7303	2.4e-04	10.3391
1221	-102.5492	-102.5495	-70.1811	0.6844	74.7055	0.7291	2.4e-04	10.3539
1222	-102.5290	-102.5292	-70.3904	0.6865	74.4684	0.7270	2.4e-04	10.3497
1223	-102.5335	-102.5336	-70.6035	0.6886	74.2685	0.7251	2.4e-04	10.3669
1224	-102.5086	-102.5086	-71.2547	0.6951	73.6294	0.7189	2.4e-04	10.3577
1225	-102.5516	-102.5517	-70.6259	0.6887	74.3060	0.7250	2.4e-04	10.3468
1226	-102.5293	-102.5295	-70.3159	0.6858	74.5464	0.7278	2.4e-04	10.3411
1227	-102.5292	-102.5292	-72.1147	0.7034	72.8032	0.7108	2.4e-04	10.3512
1228	-102.5289	-102.5289	-71.7353	0.6997	73.1964	0.7145	2.4e-04	10.3548
1229	-102.5134	-102.5134	-71.0487	0.6931	73.7820	0.7204	2.4e-04	10.3521
1230	-102.5589	-102.5589	-71.6033	0.6982	73.3518	0.7159	2.4e-04	10.3488
1231	-102.5245	-102.5245	-71.9884	0.7022	72.9328	0.7119	2.4e-04	10.3466
1232	-102.5311	-102.5311	-72.2060	0.7042	72.7573	0.7100	2.4e-04	10.3383
1233	-102.5327	-102.5327	-72.0710	0.7029	72.8451	0.7112	2.4e-04	10.3594
1234	-102.5188	-102.5188	-71.5206	0.6976	73.3856	0.7162	2.4e-04	10.3384
1235	-102.4876	-102.4876	-72.0613	0.7031	72.8438	0.7110	2.4e-04	10.3540
1236	-102.5882	-102.5882	-72.0124	0.7020	72.9808	0.7122	2.4e-04	10.3684
1237	-102.5663	-102.5663	-72.8139	0.7099	72.1591	0.7043	2.4e-04	10.3586
1238	-102.5484	-102.5484	-71.1416	0.6937	73.7534	0.7198	2.4e-04	10.3389
1239	-102.5234	-102.5235	-70.8550	0.6911	74.0194	0.7227	2.4e-04	10.3556
1240	-102.5421	-102.5421	-71.4801	0.6971	73.4521	0.7170	2.4e-04	10.3554
1241	-102.5322	-102.5322	-71.3763	0.6961	73.5493	0.7178	2.4e-04	10.3652
1242	-102.5731	-102.5731	-72.0131	0.7021	72.9543	0.7120	2.4e-04	10.3447
1243	-102.5171	-102.5171	-72.2949	0.7052	72.6293	0.7090	2.4e-04	10.3579
1244	-102.5134	-102.5135	-71.0261	0.6928	73.8516	0.7209	2.4e-04	10.3370
1245	-102.5252	-102.5252	-72.3632	0.7058	72.5647	0.7084	2.4e-04	10.3485
1246	-102.5536	-102.5537	-70.6265	0.6887	74.2811	0.7250	2.4e-04	10.3472
1247	-102.5022	-102.5025	-70.0117	0.6830	74.8325	0.7304	2.4e-04	10.3531
1248	-102.5298	-102.5300	-70.1368	0.6841	74.6459	0.7288	2.4e-04	10.3450
1249	-102.5429	-102.5430	-71.0472	0.6929	73.8704	0.7211	2.4e-04	10.3360
1250	-102.5313	-102.5315	-70.3831	0.6865	74.5016	0.7272	2.4e-04	10.3410
1251	-102.5558	-102.5562	-69.7338	0.6800	75.1121	0.7332	2.4e-04	10.3526
1252	-102.5411	-102.5413	-70.3723	0.6863	74.5159	0.7273	2.4e-04	10.3566
1253	-102.5268	-102.5271	-70.1948	0.6846	74.6772	0.7289	2.4e-04	10.3479
1254	-102.5478	-102.5480	-70.2334	0.6849	74.6271	0.7283	2.4e-04	10.3466
1255	-102.5122	-102.5124	-70.3798	0.6865	74.4558	0.7270	2.4e-04	10.3541
1256	-102.5149	-102.5150	-70.8153	0.6908	74.0793	0.7230	2.4e-04	10.3317
1257	-102.5350	-102.5351	-70.6878	0.6894	74.2105	0.7241	2.4e-04	10.3530
1258	-102.5751	-102.5753	-70.2263	0.6846	74.6957	0.7288	2.4e-04	10.3475
1259	-102.5031	-102.5031	-71.3847	0.6964	73.5043	0.7176	2.4e-04	10.3466
1260	-102.4913	-102.4913	-71.0942	0.6937	73.7839	0.7203	2.4e-04	10.3504
1261	-102.5412	-102.5412	-71.5912	0.6982	73.3613	0.7159	2.4e-04	10.3502
1262	-102.5489	-102.5490	-70.6658	0.6891	74.2603	0.7247	2.4e-04	10.3348
1263	-102.5141	-102.5142	-71.0427	0.6930	73.8541	0.7209	2.4e-04	10.3446
1264	-102.5646	-102.5647	-71.1320	0.6935	73.8295	0.7203	2.4e-04	10.3498
1265	-102.5472	-102.5472	-72.3557	0.7056	72.5960	0.7086	2.4e-04	10.3575
1266	-102.5373	-102.5373	-72.7301	0.7093	72.2238	0.7049	2.4e-04	10.3484
1267	-102.5300	-102.5300	-72.1227	0.7034	72.8128	0.7107	2.4e-04	10.3538
1268	-102.5175	-102.5175	-72.4400	0.7066	72.4718	0.7076	2.4e-04	10.3346
1269	-102.5174	-102.5174	-73.2360	0.7144	71.6592	0.6997	2.4e-04	10.3481
1270	-102.5386	-102.5386	-72.6893	0.7089	72.2554	0.7053	2.4e-04	10.3668
1271	-102.5395	-102.5395	-73.6578	0.7183	71.2709	0.6957	2.4e-04	10.3399
1272	-102.5491	-102.5491	-72.4784	0.7068	72.4500	0.7073	2.4e-04	10.3563
1273	-102.5360	-102.5360	-72.1849	0.7040	72.7495	0.7102	2.4e-04	10.3476
1274	-102.5606	-102.5606	-72.8834	0.7106	72.0889	0.7034	2.4e-04	10.3397
1275	-102.5602	-102.5602	-73.5241	0.7169	71.4176	0.6971	2.4e-04	10.3396
1276	-102.5135	-102.5135	-72.9787	0.7119	71.9149	0.7022	2.4e-04	10.3682
1277	-102.5285	-102.5285	-70.9539	0.6920	73.9750	0.7218	2.4e-04	10.3647
1278	-102.5255	-102.5256	-71.2889	0.6953	73.5941	0.7187	2.4e-04	10.3632
1279	-102.4867	-102.4867	-71.5691	0.6983	73.2809	0.7155	2.4e-04	10.3537
1280	-102.5196	-102.5196	-71.8231	0.7006	73.0960	0.7135	2.4e-04	10.3422
1281	-102.5295	-102.5296	-70.9444	0.6919	73.9561	0.7220	2.4e-04	10.3475
1282	-102.5470	-102.5473	-70.1382	0.6840	74.6956	0.7291	2.4e-04	10.3609
1283	-102.5788	-102.5789	-70.5503	0.6878	74.3644	0.7259	2.4e-04	10.3463
1284	-102.4856	-102.4856	-71.5066	0.6977	73.3521	0.7164	2.4e-04	10.3526
1285	-102.5081	-102.5085	-69.8154	0.6811	75.0124	0.7322	2.4e-04	10.3531
1286	-102.5288	-102.5291	-69.9577	0.6823	74.8933	0.7311	2.4e-04	10.3388
1287	-102.5494	-102.5497	-70.1576	0.6841	74.7041	0.7293	2.4e-04	10.3498
1288	-102.5450	-102.5451	-70.6868	0.6893	74.2191	0.7245	2.4e-04	10.3508
1289	-102.5507	-102.5510	-70.1834	0.6844	74.6814	0.7289	2.4e-04	10.3657
1290	-102.5167	-102.5172	-69.5043	0.6780	75.2998	0.7351	2.4e-04	10.3466
1291	-102.5717	-102.5719	-70.3865	0.6862	74.5258	0.7274	2.4e-04	10.3527
1292	-102.5173	-102.5174	-70.5559	0.6882	74.3039	0.7255	2.4e-04	10.3402
1293	-102.5623	-102.5627	-69.8730	0.6813	75.0005	0.7320	2.4e-04	10.3472
1294	-102.5179	-102.5180	-70.7548	0.6902	74.1101	0.7235	2.4e-04	10.3547
1295	-102.5348	-102.5350	-70.5028	0.6876	74.3682	0.7261	2.4e-04	10.3599
1296	-102.5145	-102.5146	-71.0071	0.6927	73.8766	0.7213	2.4e-04	10.3432
1297	-102.5454	-102.5454	-71.4040	0.6963	73.5101	0.7177	2.4e-04	10.3459
1298	-102.5251	-102.5251	-72.5320	0.7075	72.3881	0.7067	2.4e-04	10.3453
1299	-102.5405	-102.5405	-72.3981	0.7060	72.5699	0.7082	2.4e-04	10.3544
1300	-102.4956	-102.4956	-73.5141	0.7172	71.3584	0.6968	2.4e-04	10.3500
1301	-102.5132	-102.5132	-73.3266	0.7153	71.5662	0.6988	2.4e-04	10.3398
1302	-102.5547	-102.5547	-73.9074	0.7207	71.0196	0.6933	2.4e-04	10.3546
1303	-102.5338	-102.5338	-73.4767	0.7166	71.4340	0.6975	2.4e-04	10.3528
1304	-102.5223	-102.5223	-73.3845	0.7158	71.5229	0.6983	2.4e-04	10.3442
1305	-102.4920	-102.4920	-72.7058	0.7094	72.1844	0.7048	2.4e-04	10.3394
1306	-102.5856	-102.5856	-72.9948	0.7116	72.0164	0.7026	2.4e-04	10.3647
1307	-102.5334	-102.5334	-72.6152	0.7082	72.2930	0.7060	2.4e-04	10.3640
1308	-102.5380	-102.5380	-73.5466	0.7173	71.3601	0.6967	2.4e-04	10.3417
1309	-102.5049	-102.5049	-72.9763	0.7119	71.9113	0.7022	2.4e-04	10.3497
1310	-102.5294	-102.5294	-73.7496	0.7193	71.1707	0.6947	2.4e-04	10.3444
1311	-102.5283	-102.5283	-71.7203	0.6995	73.1725	0.7145	2.4e-04	10.3324
1312	-102.5499	-102.5499	-72.1976	0.7040	72.7331	0.7099	2.4e-04	10.3573
1313	-102.5715	-102.5715	-71.3147	0.6953	73.6267	0.7186	2.4e-04	10.3496
1314	-102.5364	-102.5365	-70.9690	0.6921	73.9019	0.7215	2.4e-04	10.3632
1315	-102.5759	-102.5759	-70.9032	0.6912	74.0421	0.7226	2.4e-04	10.3783
1316	-102.5433	-102.5434	-71.0409	0.6928	73.8860	0.7210	2.4e-04	10.3432
1317	-102.5188	-102.5189	-70.4318	0.6870	74.4313	0.7266	2.4e-04	10.3473
1318	-102.5292	-102.5296	-69.5891	0.6787	75.2244	0.7344	2.4e-04	10.3604
1319	-102.5494	-102.5495	-70.8844	0.6912	74.0624	0.7226	2.4e-04	10.3574
1320	-102.5352	-102.5355	-69.9234	0.6819	74.9081	0.7313	2.4e-04	10.3568
1321	-102.5015	-102.5017	-70.2462	0.6853	74.5899	0.7282	2.4e-04	10.3522
1322	-102.5309	-102.5309	-70.8424	0.6909	74.0458	0.7228	2.4e-04	10.3463
1323	-102.5277	-102.5278	-70.8497	0.6910	74.0468	0.7228	2.4e-04	10.3371
1324	-102.5263	-102.5264	-70.4694	0.6873	74.3982	0.7263	2.4e-04	10.3517
1325	-102.5217	-102.5217	-71.4245	0.6967	73.4773	0.7173	2.4e-04	10.3591
1326	-102.5180	-102.5181	-70.3814	0.6865	74.5009	0.7271	2.4e-04	10.3639
1327	-102.5873	-102.5874	-70.5796	0.6880	74.3820	0.7256	2.4e-04	10.3516
1328	-102.5096	-102.5096	-71.8260	0.7007	73.0719	0.7133	2.4e-04	10.3432
1329	-102.5428	-102.5428	-71.4081	0.6964	73.5188	0.7177	2.4e-04	10.3367
1330	-102.5589	-102.5590	-70.9344	0.6916	73.9965	0.7221	2.4e-04	10.3467
1331	-102.5204	-102.5204	-72.0218	0.7025	72.9069	0.7117	2.4e-04	10.3555
1332	-102.5190	-102.5190	-71.6352	0.6988	73.2772	0.7153	2.4e-04	10.3696
1333	-102.5535	-102.5536	-70.8503	0.6909	74.0810	0.7230	2.4e-04	10.3550
1334	-102.5247	-102.5247	-71.9442	0.7017	72.9868	0.7123	2.4e-04	10.3634
1335	-102.5366	-102.5366	-71.5754	0.6980	73.3686	0.7160	2.4e-04	10.3336
1336	-102.5354	-102.5354	-71.0564	0.6930	73.8559	0.7209	2.4e-04	10.3328
1337	-102.5627	-102.5627	-71.3679	0.6958	73.5962	0.7182	2.4e-04	10.3653
1338	-102.5682	-102.5683	-70.9970	0.6922	73.9342	0.7217	2.4e-04	10.3689
1339	-102.5573	-102.5574	-71.1234	0.6935	73.8189	0.7204	2.4e-04	10.3550
1340	-102.5492	-102.5493	-70.8440	0.6908	74.1074	0.7230	2.4e-04	10.3505
1341	-102.5400	-102.5400	-71.5244	0.6975	73.4304	0.7166	2.4e-04	10.3344
1342	-102.5278	-102.5278	-73.0285	0.7123	71.9004	0.7019	2.4e-04	10.3547
1343	-102.5416	-102.5416	-73.1350	0.7132	71.8046	0.7008	2.4e-04	10.3520
1344	-102.5380	-102.5380	-72.0987	0.7031	72.8523	0.7110	2.4e-04	10.3407
1345	-102.5501	-102.5501	-71.9805	0.7019	72.9802	0.7122	2.4e-04	10.3514
1346	-102.5556	-102.5556	-72.6466	0.7084	72.3146	0.7057	2.4e-04	10.3400
1347	-102.5577	-102.5577	-73.1356	0.7131	71.8394	0.7010	2.4e-04	10.3335
1348	-102.5428	-102.5428	-73.2971	0.7148	71.6314	0.6991	2.4e-04	10.3476
1349	-102.5543	-102.5543	-72.8190	0.7101	72.1488	0.7041	2.4e-04	10.3702
1350	-102.5346	-102.5346	-73.9322	0.7210	70.9612	0.6926	2.4e-04	10.3444
1351	-102.5296	-102.5296	-73.4330	0.7162	71.4437	0.6976	2.4e-04	10.3507
1352	-102.5346	-102.5346	-73.2018	0.7139	71.7351	0.7001	2.4e-04	10.3454
1353	-102.5421	-102.5421	-72.8401	0.7103	72.1254	0.7039	2.4e-04	10.3317
1354	-102.5540	-102.5540	-73.4953	0.7166	71.4511	0.6974	2.4e-04	10.3421
1355	-102.5463	-102.5463	-72.4208	0.7062	72.5579	0.7080	2.4e-04	10.3480
1356	-102.5332	-102.5332	-72.5845	0.7079	72.3593	0.7061	2.4e-04	10.3411
1357	-102.5020	-102.5020	-72.7537	0.7098	72.1044	0.7040	2.4e-04	10.3538
1358	-102.5486	-102.5486	-71.1882	0.6942	73.7169	0.7194	2.4e-04	10.3448
1359	-102.5293	-102.5293	-72.1385	0.7036	72.7970	0.7106	2.4e-04	10.3333
1360	-102.5891	-102.5891	-71.1092	0.6931	73.8482	0.7208	2.4e-04	10.3383
1361	-102.5357	-102.5357	-71.6948	0.6992	73.2251	0.7148	2.4e-04	10.3449
1362	-102.5614	-102.5614	-71.6622	0.6987	73.3124	0.7154	2.4e-04	10.3578
1363	-102.5294	-102.5294	-71.4242	0.6966	73.4941	0.7174	2.4e-04	10.3578
1364	-102.5256	-102.5256	-71.4335	0.6967	73.4828	0.7172	2.4e-04	10.3463
1365	-102.5358	-102.5359	-71.0048	0.6925	73.9222	0.7214	2.4e-04	10.3353
1366	-102.5216	-102.5216	-71.5974	0.6984	73.3147	0.7157	2.4e-04	10.3458
1367	-102.5178	-102.5181	-70.1757	0.6845	74.6801	0.7290	2.4e-04	10.3571
1368	-102.5918	-102.5919	-71.7150	0.6990	73.2959	0.7151	2.4e-04	10.3500
1369	-102.5669	-102.5674	-69.4120	0.6767	75.4464	0.7362	2.4e-04	10.3454
1370	-102.5531	-102.5532	-71.1939	0.6942	73.7260	0.7196	2.4e-04	10.3493
1371	-102.5585	-102.5585	-71.3008	0.6952	73.6179	0.7186	2.4e-04	10.3346
1372	-102.5081	-102.5081	-71.6514	0.6990	73.1976	0.7147	2.4e-04	10.3385
1373	-102.5379	-102.5379	-71.7312	0.6996	73.2005	0.7146	2.4e-04	10.3499
1374	-102.5715	-102.5717	-70.4375	0.6867	74.4665	0.7266	2.4e-04	10.3608
1375	-102.5487	-102.5489	-70.4006	0.6865	74.4416	0.7265	2.4e-04	10.3519
1376	-102.5455	-102.5457	-70.1247	0.6838	74.7309	0.7295	2.4e-04	10.3504
1377	-102.5030	-102.5034	-69.5582	0.6786	75.2268	0.7344	2.4e-04	10.3298
1378	-102.5357	-102.5366	-68.7289	0.6703	76.0182	0.7420	2.4e-04	10.3488
1379	-102.5390	-102.5398	-68.9606	0.6725	75.8138	0.7401	2.4e-04	10.3462
1380	-102.5208	-102.5209	-70.7972	0.6906	74.0682	0.7231	2.4e-04	10.3485
1381	-102.4945	-102.4947	-70.2935	0.6858	74.5627	0.7277	2.4e-04	10.3514
1382	-102.5248	-102.5252	-69.8829	0.6816	74.9596	0.7317	2.3e-04	10.3374
1383	-102.4684	-102.4687	-69.9915	0.6831	74.7655	0.7303	2.3e-04	10.3272
1384	-102.5321	-102.5323	-70.1543	0.6842	74.6967	0.7293	2.3e-04	10.3577
1385	-102.5619	-102.5619	-71.9418	0.7014	73.0070	0.7125	2.3e-04	10.3504
1386	-102.5312	-102.5314	-70.4176	0.6868	74.4689	0.7269	2.3e-04	10.3529
1387	-102.5072	-102.5074	-70.6062	0.6888	74.2728	0.7249	2.3e-04	10.3434
1388	-102.5559	-102.5561	-70.1342	0.6839	74.7662	0.7296	2.3e-04	10.3514
1389	-102.5226	-102.5226	-71.1050	0.6936	73.7811	0.7203	2.3e-04	10.3310
1390	-102.5549	-102.5549	-71.9210	0.7013	73.0484	0.7129	2.3e-04	10.3541
1391	-102.5481	-102.5481	-71.8605	0.7007	73.0819	0.7133	2.3e-04	10.3677
1392	-102.5367	-102.5367	-72.6383	0.7084	72.3135	0.7058	2.3e-04	10.3669
1393	-102.5831	-102.5831	-73.2996	0.7145	71.6833	0.6996	2.3e-04	10.3425
1394	-102.5489	-102.5489	-73.3092	0.7149	71.6289	0.6993	2.3e-04	10.3387
1395	-102.5487	-102.5487	-73.0683	0.7125	71.8989	0.7016	2.3e-04	10.3305
1396	-102.5274	-102.5274	-73.9604	0.7214	70.9495	0.6925	2.3e-04	10.3477
1397	-102.5360	-102.5360	-74.5717	0.7273	70.3135	0.6863	2.3e-04	10.3638
1398	-102.5502	-102.5502	-73.7183	0.7189	71.2316	0.6950	2.3e-04	10.3497
1399	-102.5664	-102.5664	-74.3802	0.7252	70.5299	0.6884	2.3e-04	10.3394
1400	-102.5286	-102.5286	-74.3324	0.7250	70.5701	0.6888	2.3e-04	10.3530
1401	-102.5016	-102.5016	-74.8822	0.7305	69.9409	0.6828	2.3e-04	10.3271
1402	-102.5332	-102.5332	-74.9505	0.7310	69.9375	0.6823	2.3e-04	10.3496
1403	-102.5500	-102.5500	-75.0711	0.7320	69.8078	0.6812	2.3e-04	10.3394
1404	-102.4926	-102.4926	-74.7298	0.7291	70.0952	0.6843	2.3e-04	10.3455
1405	-102.5144	-102.5144	-75.2932	0.7345	69.5196	0.6786	2.3e-04	10.3568
1406	-102.5364	-102.5364	-74.6490	0.7280	70.2231	0.6854	2.3e-04	10.3522
1407	-102.4882	-102.4882	-73.9399	0.7214	70.9158	0.6925	2.3e-04	10.3405
1408	-102.5600	-102.5600	-75.2012	0.7332	69.6967	0.6800	2.3e-04	10.3452
1409	-102.4946	-102.4946	-75.2905	0.7346	69.4963	0.6785	2.3e-04	10.3671
1410	-102.5557	-102.5557	-74.9137	0.7305	69.9757	0.6829	2.3e-04	10.3633
1411	-102.5315	-102.5315	-75.3691	0.7351	69.4763	0.6780	2.3e-04	10.3478
1412	-102.5442	-102.5442	-74.1757	0.7234	70.7444	0.6904	2.3e-04	10.3535
1413	-102.5767	-102.5767	-74.4782	0.7261	70.4558	0.6875	2.3e-04	10.3375
1414	-102.5263	-102.5263	-74.8265	0.7298	70.0258	0.6836	2.3e-04	10.3435
1415	-102.5327	-102.5327	-74.3852	0.7255	70.4816	0.6881	2.3e-04	10.3535
1416	-102.5507	-102.5507	-75.6320	0.7375	69.1730	0.6751	2.3e-04	10.3642
1417	-102.5033	-102.5033	-74.8690	0.7304	69.9322	0.6829	2.3e-04	10.3645
1418	-102.5514	-102.5514	-74.6241	0.7277	70.2803	0.6859	2.3e-04	10.3512
1419	-102.5532	-102.5532	-74.5385	0.7268	70.3592	0.6867	2.3e-04	10.3466
1420	-102.5355	-102.5355	-74.7347	0.7289	70.1397	0.6846	2.3e-04	10.3439
1421	-102.5493	-102.5493	-73.9437	0.7211	70.9888	0.6929	2.3e-04	10.3399
1422	-102.5595	-102.5595	-74.1309	0.7228	70.7976	0.6910	2.3e-04	10.3443
1423	-102.5309	-102.5309	-74.4097	0.7257	70.4628	0.6880	2.3e-04	10.3634
1424	-102.5129	-102.5129	-74.2073	0.7239	70.6699	0.6899	2.3e-04	10.3545
1425	-102.5442	-102.5442	-74.2826	0.7244	70.6025	0.6892	2.3e-04	10.3390
1426	-102.5421	-102.5421	-72.9996	0.7119	71.9475	0.7023	2.3e-04	10.3328
1427	-102.5444	-102.5444	-75.0941	0.7323	69.7455	0.6806	2.3e-04	10.3504
1428	-102.5303	-102.5303	-73.5711	0.7176	71.3215	0.6964	2.3e-04	10.3417
1429	-102.5288	-102.5288	-74.2653	0.7243	70.6197	0.6894	2.3e-04	10.3514
1430	-102.5190	-102.5190	-73.8523	0.7204	71.0375	0.6936	2.3e-04	10.3567
1431	-102.5072	-102.5072	-72.7807	0.7100	72.1029	0.7041	2.3e-04	10.3381
1432	-102.5671	-102.5671	-72.7990	0.7098	72.1862	0.7044	2.3e-04	10.3497
1433	-102.5631	-102.5631	-74.2414	0.7239	70.6940	0.6899	2.3e-04	10.3490
1434	-102.5180	-102.5180	-72.5751	0.7079	72.3523	0.7062	2.3e-04	10.3505
1435	-102.5514	-102.5514	-72.3385	0.7054	72.6057	0.7086	2.3e-04	10.3535
1436	-102.5326	-102.5326	-72.9285	0.7113	71.9985	0.7029	2.3e-04	10.3511
1437	-102.5294	-102.5294	-72.2018	0.7042	72.7148	0.7100	2.3e-04	10.3444
1438	-102.5116	-102.5116	-71.8465	0.7009	73.0215	0.7129	2.3e-04	10.3315
1439	-102.5523	-102.5523	-71.6654	0.6988	73.2722	0.7153	2.3e-04	10.3500
1440	-102.5308	-102.5308	-71.7057	0.6994	73.1912	0.7145	2.3e-04	10.3509
1441	-102.5175	-102.5175	-71.8557	0.7009	73.0690	0.7132	2.3e-04	10.3507
1442	-102.5005	-102.5006	-70.4965	0.6878	74.3322	0.7259	2.3e-04	10.3519
1443	-102.5183	-102.5184	-71.1592	0.6941	73.7460	0.7199	2.3e-04	10.3420
1444	-102.5794	-102.5797	-70.0411	0.6828	74.8602	0.7306	2.3e-04	10.3377
1445	-102.5495	-102.5498	-70.0706	0.6833	74.8020	0.7301	2.3e-04	10.3428
1446	-102.5614	-102.5616	-70.4574	0.6870	74.4462	0.7266	2.3e-04	10.3449
1447	-102.4917	-102.4919	-70.1110	0.6841	74.6818	0.7291	2.3e-04	10.3577
1448	-102.5800	-102.5804	-69.7665	0.6801	75.1421	0.7331	2.3e-04	10.3519
1449	-102.5622	-102.5625	-70.0336	0.6828	74.8630	0.7305	2.3e-04	10.3453
1450	-102.5100	-102.5100	-71.2477	0.6950	73.6184	0.7189	2.3e-04	10.3337
1451	-102.5507	-102.5508	-71.3471	0.6957	73.5818	0.7183	2.3e-04	10.3426
1452	-102.5646	-102.5646	-71.5703	0.6978	73.3924	0.7162	2.3e-04	10.3514
1453	-102.5337	-102.5338	-71.3907	0.6963	73.5320	0.7177	2.3e-04	10.3509
1454	-102.5772	-102.5772	-71.6302	0.6983	73.3339	0.7156	2.3e-04	10.3555
1455	-102.5114	-102.5115	-71.1915	0.6945	73.6857	0.7195	2.3e-04	10.3573
1456	-102.5365	-102.5365	-71.8089	0.7003	73.1175	0.7138	2.3e-04	10.3334
1457	-102.5630	-102.5630	-71.6191	0.6983	73.3433	0.7158	2.3e-04	10.3601
1458	-102.5395	-102.5395	-72.4115	0.7062	72.5451	0.7080	2.3e-04	10.3728
1459	-102.5367	-102.5368	-71.0476	0.6929	73.8551	0.7209	2.3e-04	10.3521
1460	-102.5234	-102.5234	-72.4218	0.7064	72.4740	0.7076	2.3e-04	10.3445
1461	-102.5514	-102.5514	-71.5235	0.6974	73.3961	0.7166	2.3e-04	10.3387
1462	-102.5341	-102.5341	-72.4762	0.7069	72.4669	0.7073	2.3e-04	10.3357
1463	-102.5899	-102.5899	-71.9650	0.7015	73.0394	0.7127	2.3e-04	10.3496
1464	-102.5028	-102.5028	-71.2389	0.6950	73.6442	0.7190	2.3e-04	10.3517
1465	-102.4780	-102.4780	-73.8349	0.7205	71.0320	0.6934	2.3e-04	10.3568
1466	-102.4964	-102.4964	-71.9828	0.7023	72.8909	0.7119	2.3e-04	10.3514
1467	-102.5322	-102.5322	-72.4374	0.7065	72.5128	0.7077	2.3e-04	10.3405
1468	-102.5508	-102.5508	-72.2893	0.7049	72.6631	0.7092	2.3e-04	10.3346
1469	-102.5866	-102.5866	-72.3557	0.7053	72.6482	0.7089	2.3e-04	10.3535
1470	-102.5434	-102.5434	-71.6495	0.6987	73.2964	0.7154	2.3e-04	10.3520
1471	-102.5103	-102.5103	-72.2334	0.7046	72.6678	0.7095	2.3e-04	10.3526
1472	-102.5542	-102.5542	-71.9909	0.7020	72.9706	0.7122	2.3e-04	10.3458
1473	-102.5267	-102.5267	-72.4109	0.7063	72.5084	0.7078	2.3e-04	10.3434
1474	-102.5287	-102.5287	-72.0377	0.7026	72.8714	0.7115	2.3e-04	10.3342
1475	-102.5314	-102.5314	-72.0603	0.7028	72.8781	0.7113	2.3e-04	10.3531
1476	-102.5321	-102.5321	-71.5298	0.6976	73.3639	0.7164	2.3e-04	10.3405
1477	-102.5389	-102.5389	-71.8858	0.7011	73.0389	0.7131	2.3e-04	10.3420
1478	-102.5699	-102.5699	-71.9016	0.7010	73.0741	0.7132	2.3e-04	10.3625
1479	-102.5572	-102.5572	-72.2729	0.7047	72.6520	0.7094	2.3e-04	10.3531
1480	-102.5582	-102.5583	-70.7222	0.6896	74.1992	0.7242	2.3e-04	10.3400
1481	-102.5513	-102.5514	-70.6244	0.6887	74.2432	0.7248	2.3e-04	10.3485
1482	-102.5353	-102.5354	-70.9101	0.6916	73.9726	0.7222	2.3e-04	10.3514
1483	-102.5157	-102.5158	-70.5038	0.6877	74.3809	0.7259	2.3e-04	10.3648
1484	-102.5204	-102.5205	-70.7068	0.6897	74.1610	0.7241	2.3e-04	10.3480
1485	-102.5384	-102.5388	-69.6709	0.6795	75.1821	0.7337	2.3e-04	10.3554
1486	-102.5469	-102.5474	-69.7139	0.6798	75.1270	0.7333	2.3e-04	10.3369
1487	-102.5484	-102.5487	-70.0558	0.6831	74.7969	0.7302	2.3e-04	10.3458
1488	-102.5310	-102.5313	-70.0808	0.6835	74.7840	0.7299	2.3e-04	10.3691
1489	-102.5667	-102.5669	-70.5779	0.6881	74.3381	0.7255	2.3e-04	10.3553
1490	-102.5762	-102.5762	-71.2087	0.6942	73.7264	0.7198	2.3e-04	10.3594
1491	-102.5302	-102.5303	-70.6003	0.6886	74.2847	0.7251	2.3e-04	10.3547
1492	-102.5113	-102.5114	-70.8856	0.6915	74.0063	0.7224	2.3e-04	10.3264
1493	-102.5130	-102.5130	-71.2671	0.6952	73.6188	0.7188	2.3e-04	10.3561
1494	-102.5221	-102.5222	-70.9596	0.6921	73.9199	0.7218	2.3e-04	10.3638
1495	-102.5410	-102.5411	-70.6329	0.6888	74.2618	0.7249	2.3e-04	10.3497
1496	-102.5113	-102.5113	-70.8951	0.6916	73.9875	0.7222	2.3e-04	10.3460
1497	-102.5085	-102.5086	-70.8295	0.6910	74.0583	0.7229	2.3e-04	10.3529
1498	-102.5305	-102.5305	-72.1960	0.7041	72.7249	0.7099	2.3e-04	10.3348
1499	-102.5541	-102.5541	-71.7480	0.6996	73.1864	0.7144	2.3e-04	10.3530
1500	-102.5127	-102.5127	-72.3382	0.7057	72.5843	0.7085	2.3e-04	10.3621
1501	-102.4904	-102.4904	-73.0381	0.7126	71.8394	0.7015	2.3e-04	10.3518
1502	-102.5341	-102.5341	-71.7985	0.7002	73.0941	0.7139	2.3e-04	10.3557
1503	-102.5426	-102.5426	-72.0637	0.7028	72.8854	0.7114	2.3e-04	10.3355
1504	-102.4915	-102.4915	-72.3523	0.7059	72.5431	0.7083	2.3e-04	10.3254
1505	-102.5367	-102.5367	-71.6227	0.6985	73.2971	0.7154	2.3e-04	10.3499
1506	-102.5620	-102.5620	-71.3914	0.6961	73.5761	0.7180	2.3e-04	10.3669
1507	-102.5365	-102.5367	-70.5545	0.6881	74.3030	0.7253	2.3e-04	10.3456
1508	-102.5437	-102.5437	-71.7642	0.6998	73.1907	0.7142	2.3e-04	10.3332
1509	-102.5484	-102.5484	-70.8214	0.6906	74.1289	0.7232	2.3e-04	10.3498
1510	-102.4938	-102.4939	-70.6011	0.6888	74.2523	0.7249	2.3e-04	10.3269
1511	-102.5465	-102.5465	-71.4224	0.6965	73.5301	0.7175	2.3e-04	10.3421
1512	-102.4926	-102.4926	-72.8004	0.7103	72.1026	0.7039	2.3e-04	10.3562
1513	-102.5528	-102.5528	-72.5577	0.7075	72.4012	0.7066	2.3e-04	10.3449
1514	-102.5436	-102.5436	-71.9160	0.7013	73.0297	0.7128	2.3e-04	10.3520
1515	-102.5638	-102.5638	-71.7692	0.6998	73.1992	0.7144	2.3e-04	10.3553
1516	-102.5331	-102.5331	-72.4990	0.7071	72.4450	0.7071	2.3e-04	10.3273
1517	-102.5863	-102.5863	-72.6140	0.7078	72.3737	0.7061	2.3e-04	10.3456
1518	-102.5330	-102.5330	-72.6152	0.7082	72.3386	0.7060	2.3e-04	10.3621
1519	-102.5348	-102.5348	-72.5092	0.7072	72.3904	0.7067	2.3e-04	10.3620
1520	-102.5705	-102.5705	-72.1169	0.7031	72.8737	0.7111	2.3e-04	10.3477
1521	-102.5403	-102.5403	-72.2033	0.7041	72.7360	0.7100	2.3e-04	10.3385
1522	-102.5173	-102.5173	-71.4931	0.6974	73.4316	0.7167	2.3e-04	10.3424
1523	-102.5291	-102.5291	-72.2741	0.7049	72.6757	0.7093	2.3e-04	10.3572
1524	-102.5526	-102.5526	-72.4990	0.7069	72.4745	0.7072	2.3e-04	10.3662
1525	-102.5592	-102.5592	-72.9578	0.7114	72.0194	0.7028	2.3e-04	10.3455
1526	-102.5407	-102.5407	-72.9625	0.7115	71.9783	0.7026	2.3e-04	10.3514
1527	-102.5703	-102.5704	-71.1944	0.6941	73.7717	0.7198	2.3e-04	10.3532
1528	-102.5498	-102.5498	-72.6940	0.7089	72.2774	0.7053	2.3e-04	10.3365
1529	-102.5164	-102.5165	-71.1100	0.6936	73.7668	0.7203	2.3e-04	10.3437
1530	-102.5691	-102.5691	-72.7987	0.7098	72.1780	0.7044	2.3e-04	10.3467
1531	-102.5337	-102.5337	-71.9581	0.7018	72.9870	0.7123	2.3e-04	10.3500
1532	-102.5165	-102.5165	-72.0440	0.7028	72.8648	0.7114	2.3e-04	10.3494
1533	-102.5551	-102.5551	-73.1471	0.7132	71.8107	0.7008	2.3e-04	10.3574
1534	-102.5295	-102.5295	-73.2080	0.7140	71.6722	0.6997	2.3e-04	10.3381
1535	-102.5512	-102.5512	-72.2575	0.7046	72.7065	0.7096	2.3e-04	10.3405
1536	-102.5208	-102.5208	-71.4850	0.6973	73.4652	0.7168	2.3e-04	10.3719
1537	-102.5081	-102.5081	-71.4844	0.6974	73.4183	0.7167	2.3e-04	10.3488
1538	-102.5204	-102.5205	-71.0924	0.6934	73.8034	0.7203	2.3e-04	10.3507
1539	-102.5552	-102.5553	-71.4367	0.6966	73.5161	0.7175	2.3e-04	10.3527
1540	-102.5446	-102.5447	-71.4238	0.6965	73.5272	0.7175	2.3e-04	10.3387
1541	-102.5736	-102.5736	-71.0154	0.6923	73.9492	0.7216	2.3e-04	10.3542
1542	-102.5538	-102.5538	-71.1022	0.6933	73.8297	0.7206	2.3e-04	10.3440
1543	-102.5404	-102.5404	-71.0827	0.6932	73.8276	0.7205	2.3e-04	10.3544
1544	-102.5574	-102.5574	-71.5800	0.6980	73.3505	0.7159	2.3e-04	10.3520
1545	-102.5274	-102.5275	-70.6725	0.6893	74.2112	0.7245	2.3e-04	10.3458
1546	-102.5201	-102.5202	-70.9818	0.6924	73.9221	0.7215	2.3e-04	10.3411
1547	-102.5220	-102.5222	-70.3247	0.6859	74.5339	0.7276	2.3e-04	10.3298
1548	-102.5134	-102.5135	-70.8405	0.6910	74.0328	0.7228	2.3e-04	10.3477
1549	-102.5590	-102.5591	-70.7892	0.6902	74.1381	0.7236	2.3e-04	10.3615
1550	-102.5208	-102.5209	-71.2093	0.6946	73.6803	0.7193	2.3e-04	10.3502
1551	-102.5469	-102.5470	-70.8226	0.6906	74.0857	0.7231	2.3e-04	10.3455
1552	-102.4982	-102.4987	-69.5380	0.6784	75.2342	0.7345	2.3e-04	10.3410
1553	-102.5558	-102.5564	-69.4761	0.6774	75.3915	0.7355	2.3e-04	10.3342
1554	-102.5422	-102.5423	-70.5285	0.6878	74.3673	0.7258	2.3e-04	10.3527
1555	-102.5375	-102.5384	-68.5937	0.6690	76.1476	0.7433	2.3e-04	10.3530
1556	-102.5541	-102.5549	-68.9740	0.6726	75.8194	0.7399	2.3e-04	10.3438
1557	-102.5809	-102.5817	-68.7895	0.6706	76.0323	0.7418	2.3e-04	10.3510
1558	-102.5755	-102.5759	-69.6319	0.6788	75.2519	0.7341	2.3e-04	10.3395
1559	-102.5482	-102.5482	-71.2062	0.6944	73.7288	0.7196	2.3e-04	10.3396
1560	-102.5378	-102.5379	-70.6227	0.6887	74.2784	0.7250	2.3e-04	10.3553
1561	-102.5546	-102.5546	-71.6886	0.6990	73.2552	0.7149	2.3e-04	10.3580
1562	-102.5170	-102.5170	-71.5389	0.6978	73.3545	0.7161	2.3e-04	10.3424
1563	-102.5581	-102.5581	-71.9987	0.7020	72.9744	0.7121	2.3e-04	10.3392
1564	-102.5515	-102.5515	-71.4634	0.6969	73.4892	0.7172	2.3e-04	10.3375
1565	-102.5256	-102.5256	-72.9001	0.7110	72.0316	0.7031	2.3e-04	10.3365
1566	-102.5565	-102.5565	-72.5135	0.7071	72.4704	0.7071	2.3e-04	10.3504
1567	-102.5616	-102.5616	-72.5080	0.7070	72.4732	0.7071	2.3e-04	10.3719
1568	-102.5734	-102.5734	-72.4406	0.7062	72.5594	0.7080	2.3e-04	10.3633
1569	-102.5428	-102.5428	-72.5600	0.7076	72.3790	0.7064	2.3e-04	10.3742
1570	-102.4985	-102.4985	-73.5008	0.7171	71.3909	0.6969	2.3e-04	10.3346
1571	-102.5419	-102.5419	-74.0106	0.7218	70.9078	0.6921	2.3e-04	10.3324
1572	-102.5176	-102.5176	-74.1663	0.7235	70.7145	0.6904	2.3e-04	10.3528
1573	-102.5614	-102.5614	-74.1720	0.7232	70.7564	0.6906	2.3e-04	10.3667
1574	-102.5632	-102.5632	-74.3302	0.7247	70.6110	0.6890	2.3e-04	10.3419
1575	-102.5374	-102.5374	-74.3107	0.7247	70.5706	0.6890	2.3e-04	10.3503
1576	-102.5191	-102.5191	-74.4342	0.7261	70.4416	0.6876	2.3e-04	10.3470
1577	-102.5380	-102.5380	-74.1252	0.7229	70.7568	0.6906	2.3e-04	10.3300
1578	-102.5350	-102.5350	-74.0259	0.7220	70.8891	0.6919	2.3e-04	10.3450
1579	-102.5584	-102.5584	-73.8517	0.7201	71.0800	0.6939	2.3e-04	10.3430
1580	-102.5785	-102.5785	-73.1360	0.7130	71.8675	0.7011	2.3e-04	10.3454
1581	-102.5803	-102.5803	-73.2001	0.7136	71.7909	0.7005	2.3e-04	10.3395
1582	-102.5165	-102.5165	-72.5713	0.7079	72.3561	0.7063	2.3e-04	10.3437
1583	-102.5447	-102.5447	-73.0376	0.7123	71.8839	0.7018	2.3e-04	10.3325
1584	-102.5338	-102.5338	-72.7173	0.7092	72.2483	0.7050	2.3e-04	10.3517
1585	-102.5831	-102.5831	-71.6634	0.6986	73.3066	0.7155	2.3e-04	10.3458
1586	-102.5436	-102.5436	-72.3000	0.7051	72.6348	0.7089	2.3e-04	10.3511
1587	-102.5257	-102.5257	-72.5593	0.7077	72.3680	0.7064	2.3e-04	10.3498
1588	-102.5249	-102.5249	-72.4796	0.7069	72.4339	0.7073	2.3e-04	10.3418
1589	-102.5593	-102.5593	-71.2450	0.6947	73.7261	0.7193	2.3e-04	10.3345
1590	-102.5792	-102.5792	-71.0585	0.6927	73.9015	0.7212	2.3e-04	10.3526
1591	-102.5449	-102.5450	-70.5499	0.6880	74.3344	0.7257	2.3e-04	10.3503
1592	-102.5088	-102.5088	-71.2467	0.6950	73.6440	0.7190	2.3e-04	10.3551
1593	-102.5231	-102.5231	-71.6338	0.6987	73.2628	0.7154	2.3e-04	10.3421
1594	-102.5670	-102.5671	-71.1784	0.6940	73.7568	0.7200	2.3e-04	10.3425
1595	-102.5233	-102.5237	-69.5590	0.6785	75.2694	0.7346	2.3e-04	10.3270
1596	-102.4908	-102.4915	-69.0391	0.6736	75.6889	0.7391	2.3e-04	10.3494
1597	-102.5757	-102.5760	-70.0232	0.6826	74.8716	0.7307	2.3e-04	10.3468
1598	-102.4870	-102.4872	-70.2651	0.6856	74.5412	0.7279	2.3e-04	10.3407
1599	-102.5626	-102.5630	-69.6422	0.6790	75.2084	0.7341	2.3e-04	10.3345
1600	-102.4967	-102.4971	-69.8374	0.6814	74.9525	0.7319	2.3e-04	10.3450
1601	-102.5534	-102.5537	-70.0093	0.6827	74.8503	0.7307	2.3e-04	10.3234
1602	-102.5265	-102.5267	-70.1669	0.6844	74.6558	0.7291	2.3e-04	10.3341
1603	-102.5829	-102.5831	-70.4466	0.6867	74.4626	0.7267	2.3e-04	10.3506
1604	-102.5322	-102.5323	-71.4456	0.6968	73.4349	0.7172	2.3e-04	10.3628
1605	-102.5368	-102.5370	-70.4282	0.6869	74.4533	0.7267	2.3e-04	10.3453
1606	-102.5435	-102.5437	-70.2099	0.6847	74.6439	0.7288	2.3e-04	10.3525
1607	-102.5474	-102.5478	-69.8721	0.6814	74.9619	0.7316	2.3e-04	10.3345
1608	-102.5413	-102.5415	-70.0812	0.6834	74.7544	0.7299	2.3e-04	10.3466
1609	-102.5156	-102.5157	-71.2054	0.6946	73.6911	0.7193	2.3e-04	10.3684
1610	-102.5542	-102.5542	-71.5930	0.6981	73.3455	0.7160	2.3e-04	10.3435
1611	-102.5462	-102.5462	-71.5516	0.6978	73.3931	0.7163	2.3e-04	10.3478
1612	-102.5195	-102.5195	-71.6506	0.6989	73.2513	0.7152	2.3e-04	10.3506
1613	-102.5520	-102.5520	-71.0105	0.6924	73.7885	0.7203	2.3e-04	10.3334
1614	-102.5390	-102.5390	-71.3984	0.6963	73.5195	0.7177	2.3e-04	10.3431
1615	-102.5494	-102.5495	-71.1074	0.6934	73.8072	0.7204	2.3e-04	10.3513
1616	-102.4880	-102.4881	-71.3320	0.6960	73.5254	0.7180	2.3e-04	10.3532
1617	-102.5028	-102.5029	-71.1205	0.6938	73.7389	0.7201	2.3e-04	10.3523
1618	-102.5283	-102.5287	-69.6057	0.6789	75.2108	0.7342	2.3e-04	10.3456
1619	-102.5053	-102.5055	-70.5433	0.6882	74.2925	0.7255	2.3e-04	10.3311
1620	-102.5527	-102.5527	-70.8472	0.6908	74.0154	0.7228	2.3e-04	10.3377
1621	-102.5533	-102.5537	-69.8206	0.6808	74.9947	0.7320	2.3e-04	10.3593
1622	-102.4999	-102.5003	-69.8900	0.6819	74.9147	0.7315	2.3e-04	10.3469
1623	-102.5409	-102.5413	-69.7611	0.6803	75.0524	0.7326	2.3e-04	10.3531
1624	-102.5348	-102.5353	-69.3558	0.6764	75.4047	0.7363	2.3e-04	10.3436
1625	-102.5411	-102.5416	-69.5897	0.6786	75.2009	0.7345	2.3e-04	10.3310
1626	-102.5275	-102.5277	-70.2379	0.6851	74.5864	0.7284	2.3e-04	10.3556
1627	-102.5246	-102.5251	-69.7031	0.6799	75.0792	0.7332	2.3e-04	10.3462
1628	-102.5364	-102.5367	-69.8959	0.6817	74.9326	0.7316	2.3e-04	10.3511
1629	-102.4845	-102.4851	-69.2794	0.6760	75.4426	0.7369	2.3e-04	10.3434
1630	-102.5858	-102.5860	-70.4948	0.6872	74.4275	0.7263	2.3e-04	10.3376
1631	-102.5077	-102.5083	-69.1898	0.6750	75.5552	0.7378	2.3e-04	10.3326
1632	-102.5225	-102.5233	-68.9139	0.6722	75.8204	0.7404	2.3e-04	10.3418
1633	-102.5381	-102.5383	-70.4292	0.6869	74.4436	0.7268	2.3e-04	10.3515
1634	-102.5881	-102.5883	-70.2183	0.6845	74.6984	0.7290	2.3e-04	10.3405
1635	-102.5387	-102.5388	-71.0082	0.6925	73.9036	0.7214	2.3e-04	10.3374
1636	-102.5553	-102.5556	-69.7566	0.6802	75.0849	0.7330	2.3e-04	10.3537
1637	-102.5396	-102.5396	-71.0528	0.6929	73.8256	0.7209	2.3e-04	10.3286
1638	-102.5290	-102.5291	-70.4921	0.6875	74.3552	0.7261	2.3e-04	10.3388
1639	-102.5499	-102.5499	-71.9919	0.7020	72.9449	0.7121	2.3e-04	10.3432
1640	-102.5258	-102.5258	-72.0800	0.7030	72.8303	0.7111	2.3e-04	10.3512
1641	-102.5775	-102.5776	-70.8446	0.6906	74.0723	0.7232	2.3e-04	10.3520
1642	-102.5709	-102.5709	-71.0252	0.6924	73.9098	0.7213	2.3e-04	10.3483
1643	-102.5172	-102.5172	-71.4470	0.6969	73.4390	0.7171	2.3e-04	10.3352
1644	-102.5389	-102.5389	-71.9024	0.7012	72.9990	0.7129	2.3e-04	10.3424
1645	-102.5295	-102.5295	-72.0134	0.7024	72.8786	0.7116	2.3e-04	10.3538
1646	-102.5245	-102.5245	-72.3434	0.7056	72.5551	0.7085	2.3e-04	10.3528
1647	-102.5799	-102.5799	-71.6613	0.6986	73.3138	0.7153	2.3e-04	10.3524
1648	-102.5383	-102.5383	-72.0590	0.7028	72.8504	0.7113	2.3e-04	10.3533
1649	-102.5055	-102.5055	-71.1914	0.6945	73.6952	0.7195	2.3e-04	10.3393
1650	-102.5224	-102.5225	-71.5225	0.6976	73.3919	0.7165	2.3e-04	10.3462
1651	-102.5237	-102.5237	-72.3680	0.7059	72.5136	0.7083	2.3e-04	10.3513
1652	-102.5363	-102.5363	-71.6726	0.6990	73.2473	0.7151	2.3e-04	10.3425
1653	-102.5128	-102.5128	-71.8595	0.7010	73.0293	0.7132	2.3e-04	10.3479
1654	-102.5621	-102.5622	-71.3390	0.6956	73.6127	0.7185	2.3e-04	10.3640
1655	-102.5303	-102.5303	-71.4202	0.6966	73.4925	0.7173	2.3e-04	10.3309
1656	-102.5462	-102.5462	-71.5893	0.6981	73.3426	0.7160	2.3e-04	10.3433
1657	-102.5535	-102.5535	-71.9719	0.7018	72.9715	0.7124	2.3e-04	10.3476
1658	-102.5121	-102.5121	-72.9536	0.7117	71.9144	0.7023	2.3e-04	10.3515
1659	-102.5349	-102.5349	-71.1365	0.6938	73.7440	0.7201	2.3e-04	10.3382
1660	-102.5673	-102.5673	-71.5359	0.6975	73.3851	0.7165	2.3e-04	10.3497
1661	-102.5518	-102.5518	-71.1190	0.6935	73.8036	0.7203	2.3e-04	10.3373
1662	-102.5483	-102.5483	-71.9048	0.7012	73.0186	0.7129	2.3e-04	10.3345
1663	-102.5192	-102.5192	-71.8477	0.7008	73.0288	0.7133	2.3e-04	10.3438
1664	-102.5434	-102.5434	-70.8784	0.6912	74.0197	0.7227	2.3e-04	10.3508
1665	-102.5282	-102.5282	-71.4030	0.6964	73.4625	0.7176	2.3e-04	10.3506
1666	-102.5198	-102.5200	-70.4365	0.6871	74.4198	0.7266	2.2e-04	10.3340
1667	-102.5264	-102.5265	-70.6256	0.6889	74.2401	0.7249	2.2e-04	10.3460
1668	-102.5188	-102.5189	-70.5066	0.6877	74.3547	0.7259	2.2e-04	10.3299
1669	-102.5645	-102.5647	-70.1499	0.6840	74.7305	0.7294	2.2e-04	10.3385
1670	-102.4844	-102.4846	-70.3034	0.6860	74.4964	0.7276	2.2e-04	10.3463
1671	-102.5583	-102.5584	-70.9711	0.6920	73.8932	0.7215	2.2e-04	10.3401
1672	-102.5229	-102.5231	-70.2562	0.6853	74.5782	0.7282	2.2e-04	10.3565
1673	-102.5156	-102.5159	-70.1070	0.6839	74.7195	0.7296	2.2e-04	10.3396
1674	-102.5152	-102.5155	-70.1769	0.6845	74.6386	0.7289	2.2e-04	10.3301
1675	-102.5729	-102.5730	-70.9110	0.6913	74.0233	0.7225	2.2e-04	10.3494
1676	-102.5434	-102.5434	-71.4910	0.6972	73.4208	0.7169	2.2e-04	10.3467
1677	-102.5228	-102.5230	-70.4958	0.6876	74.3634	0.7260	2.2e-04	10.3514
1678	-102.5401	-102.5401	-70.8320	0.6908	74.0616	0.7231	2.2e-04	10.3496
1679	-102.5662	-102.5663	-70.8637	0.6909	74.0524	0.7229	2.2e-04	10.3318
1680	-102.5195	-102.5196	-70.5163	0.6878	74.3131	0.7258	2.2e-04	10.3413
1681	-102.5279	-102.5280	-70.6296	0.6889	74.2363	0.7249	2.2e-04	10.3632
1682	-102.4920	-102.4922	-70.3897	0.6868	74.4326	0.7268	2.2e-04	10.3560
1683	-102.4940	-102.4941	-70.7179	0.6900	74.1048	0.7238	2.2e-04	10.3538
1684	-102.4895	-102.4896	-70.5823	0.6887	74.2327	0.7250	2.2e-04	10.3436
1685	-102.5254	-102.5254	-70.8760	0.6913	73.9790	0.7225	2.2e-04	10.3418
1686	-102.5357	-102.5361	-69.5384	0.6782	75.2802	0.7349	2.2e-04	10.3457
1687	-102.5387	-102.5391	-69.6591	0.6793	75.1519	0.7338	2.2e-04	10.3528
1688	-102.4911	-102.4914	-70.1255	0.6842	74.6962	0.7293	2.2e-04	10.3498
1689	-102.5669	-102.5671	-70.2010	0.6844	74.6932	0.7290	2.2e-04	10.3508
1690	-102.5202	-102.5206	-69.7563	0.6804	75.0525	0.7327	2.2e-04	10.3352
1691	-102.5342	-102.5345	-69.9554	0.6823	74.8637	0.7309	2.2e-04	10.3398
1692	-102.5515	-102.5519	-69.7339	0.6800	75.0926	0.7332	2.2e-04	10.3362
1693	-102.5390	-102.5395	-69.5194	0.6780	75.2984	0.7350	2.2e-04	10.3513
1694	-102.5384	-102.5389	-69.4585	0.6774	75.2984	0.7353	2.2e-04	10.3496
1695	-102.5425	-102.5426	-70.7648	0.6901	74.1695	0.7237	2.2e-04	10.3506
1696	-102.5438	-102.5440	-70.3559	0.6861	74.5332	0.7275	2.2e-04	10.3439
1697	-102.5394	-102.5397	-70.1205	0.6838	74.7350	0.7296	2.2e-04	10.3417
1698	-102.5177	-102.5177	-71.2781	0.6953	73.6300	0.7187	2.2e-04	10.3421
1699	-102.5280	-102.5281	-71.1580	0.6940	73.7199	0.7199	2.2e-04	10.3446
1700	-102.5251	-102.5251	-71.5382	0.6978	73.3719	0.7163	2.2e-04	10.3717
1701	-102.5400	-102.5400	-71.4788	0.6971	73.4657	0.7170	2.2e-04	10.3577
1702	-102.5115	-102.5115	-71.2262	0.6948	73.6582	0.7192	2.2e-04	10.3458
1703	-102.5485	-102.5486	-71.0919	0.6933	73.8266	0.7207	2.2e-04	10.3460
1704	-102.6128	-102.6128	-71.3486	0.6953	73.6394	0.7187	2.2e-04	10.3338
1705	-102.5480	-102.5480	-72.2389	0.7044	72.6997	0.7097	2.2e-04	10.3434
1706	-102.5083	-102.5083	-71.2366	0.6949	73.6019	0.7188	2.2e-04	10.3588
1707	-102.5223	-102.5223	-72.0625	0.7029	72.8295	0.7112	2.2e-04	10.3558
1708	-102.5296	-102.5296	-72.4441	0.7066	72.5028	0.7076	2.2e-04	10.3600
1709	-102.5627	-102.5627	-72.2546	0.7045	72.6781	0.7094	2.2e-04	10.3440
1710	-102.5607	-102.5607	-71.8845	0.7009	73.0376	0.7133	2.2e-04	10.3329
1711	-102.5415	-102.5415	-72.0535	0.7027	72.8453	0.7113	2.2e-04	10.3513
1712	-102.5747	-102.5748	-71.0597	0.6928	73.8825	0.7211	2.2e-04	10.3492
1713	-102.5364	-102.5364	-71.1783	0.6942	73.7004	0.7196	2.2e-04	10.3472
1714	-102.5173	-102.5173	-72.8543	0.7107	72.0360	0.7035	2.2e-04	10.3528
1715	-102.5231	-102.5231	-72.0367	0.7026	72.8389	0.7114	2.2e-04	10.3495
1716	-102.5715	-102.5715	-72.4103	0.7059	72.5508	0.7082	2.2e-04	10.3360
1717	-102.5668	-102.5668	-71.9864	0.7018	72.9633	0.7122	2.2e-04	10.3329
1718	-102.5748	-102.5748	-71.7108	0.6991	73.2288	0.7150	2.2e-04	10.3695
1719	-102.5823	-102.5823	-71.5848	0.6978	73.3756	0.7162	2.2e-04	10.3512
1720	-102.5019	-102.5019	-72.1985	0.7044	72.6848	0.7098	2.2e-04	10.3574
1721	-102.5124	-102.5124	-72.0633	0.7030	72.7862	0.7107	2.2e-04	10.3583
1722	-102.5123	-102.5123	-71.6027	0.6985	73.2950	0.7156	2.2e-04	10.3329
1723	-102.5337	-102.5338	-71.2696	0.6951	73.6109	0.7188	2.2e-04	10.3544
1724	-102.5138	-102.5138	-71.7906	0.7003	73.1143	0.7138	2.2e-04	10.3527
1725	-102.5355	-102.5355	-71.9051	0.7013	72.9966	0.7129	2.2e-04	10.3415
1726	-102.5365	-102.5367	-70.6383	0.6889	74.2307	0.7248	2.2e-04	10.3452
1727	-102.5419	-102.5420	-71.4188	0.6965	73.5097	0.7175	2.2e-04	10.3552
1728	-102.5514	-102.5515	-70.6353	0.6888	74.2454	0.7250	2.2e-04	10.3282
1729	-102.5183	-102.5185	-70.2469	0.6852	74.6056	0.7283	2.2e-04	10.3508
1730	-102.5428	-102.5429	-70.6226	0.6887	74.2774	0.7250	2.2e-04	10.3505
1731	-102.5181	-102.5181	-71.7194	0.6996	73.1829	0.7146	2.2e-04	10.3448
1732	-102.5392	-102.5394	-70.5470	0.6880	74.2965	0.7254	2.2e-04	10.3505
1733	-102.5215	-102.5216	-70.6461	0.6891	74.2095	0.7246	2.2e-04	10.3454
1734	-102.5283	-102.5285	-70.5819	0.6884	74.2783	0.7252	2.2e-04	10.3254
1735	-102.5566	-102.5567	-70.9787	0.6921	73.9354	0.7217	2.2e-04	10.3409
1736	-102.5711	-102.5711	-71.2721	0.6949	73.6867	0.7191	2.2e-04	10.3445
1737	-102.5174	-102.5174	-71.7012	0.6994	73.1926	0.7146	2.2e-04	10.3507
1738	-102.5898	-102.5898	-71.4719	0.6967	73.4898	0.7171	2.2e-04	10.3525
1739	-102.5565	-102.5565	-72.4902	0.7068	72.4475	0.7070	2.2e-04	10.3560
1740	-102.5298	-102.5298	-72.1426	0.7036	72.7816	0.7106	2.2e-04	10.3312
1741	-102.5309	-102.5309	-72.0608	0.7028	72.8490	0.7112	2.2e-04	10.3547
1742	-102.5298	-102.5298	-72.3039	0.7052	72.5995	0.7088	2.2e-04	10.3507
1743	-102.5239	-102.5239	-71.3994	0.6964	73.5092	0.7176	2.2e-04	10.3648
1744	-102.5685	-102.5685	-72.3634	0.7055	72.5980	0.7086	2.2e-04	10.3525
1745	-102.5479	-102.5479	-73.2228	0.7140	71.6859	0.7000	2.2e-04	10.3422
1746	-102.5320	-102.5320	-72.6376	0.7084	72.3006	0.7058	2.2e-04	10.3344
1747	-102.5244	-102.5244	-72.8619	0.7107	72.0266	0.7035	2.2e-04	10.3489
1748	-102.5385	-102.5385	-72.8402	0.7104	72.0905	0.7038	2.2e-04	10.3684
1749	-102.5324	-102.5324	-72.4150	0.7063	72.4525	0.7075	2.2e-04	10.3430
1750	-102.4768	-102.4768	-72.3606	0.7061	72.5078	0.7081	2.2e-04	10.3512
1751	-102.5417	-102.5418	-70.7588	0.6900	74.1262	0.7236	2.2e-04	10.3466
1752	-102.5435	-102.5435	-71.5737	0.6980	73.3477	0.7160	2.2e-04	10.3327
1753	-102.5157	-102.5158	-70.6086	0.6888	74.2468	0.7250	2.2e-04	10.3447
1754	-102.5099	-102.5099	-72.4149	0.7064	72.4497	0.7076	2.2e-04	10.3560
1755	-102.5562	-102.5564	-70.7326	0.6897	74.1866	0.7239	2.2e-04	10.3533
1756	-102.5419	-102.5422	-69.9295	0.6820	74.9056	0.7313	2.2e-04	10.3606
1757	-102.5337	-102.5337	-70.8097	0.6906	74.0794	0.7230	2.2e-04	10.3562
1758	-102.5213	-102.5214	-70.6843	0.6895	74.1919	0.7242	2.2e-04	10.3291
1759	-102.5384	-102.5392	-69.0088	0.6730	75.7756	0.7395	2.2e-04	10.3434
1760	-102.5265	-102.5267	-70.1976	0.6847	74.6898	0.7288	2.2e-04	10.3479
1761	-102.5441	-102.5443	-70.1545	0.6841	74.7340	0.7293	2.2e-04	10.3455
1762	-102.5344	-102.5346	-70.1206	0.6839	74.7545	0.7295	2.2e-04	10.3473
1763	-102.5070	-102.5074	-69.7880	0.6808	75.0329	0.7325	2.2e-04	10.3504
1764	-102.4965	-102.4966	-70.4565	0.6874	74.3810	0.7262	2.2e-04	10.3302
1765	-102.5532	-102.5532	-71.0130	0.6925	73.9304	0.7214	2.2e-04	10.3370
1766	-102.5516	-102.5516	-71.3394	0.6956	73.6060	0.7183	2.2e-04	10.3493
1767	-102.5655	-102.5656	-70.7739	0.6900	74.1490	0.7237	2.2e-04	10.3629
1768	-102.5754	-102.5754	-71.5140	0.6972	73.4763	0.7168	2.2e-04	10.3687
1769	-102.5087	-102.5087	-72.4370	0.7066	72.4845	0.7075	2.2e-04	10.3581
1770	-102.5279	-102.5279	-72.7155	0.7092	72.2241	0.7050	2.2e-04	10.3307
1771	-102.5237	-102.5237	-72.1369	0.7036	72.8036	0.7106	2.2e-04	10.3426
1772	-102.5184	-102.5184	-73.0362	0.7124	71.9125	0.7017	2.2e-04	10.3553
1773	-102.5761	-102.5761	-73.4796	0.7163	71.5130	0.6977	2.2e-04	10.3505
1774	-102.5665	-102.5665	-73.4580	0.7162	71.4756	0.6975	2.2e-04	10.3511
1775	-102.5143	-102.5143	-73.9063	0.7209	70.9627	0.6929	2.2e-04	10.3466
1776	-102.4826	-102.4826	-73.8585	0.7207	70.9792	0.6931	2.2e-04	10.3371
1777	-102.5442	-102.5442	-74.0270	0.7219	70.8757	0.6918	2.2e-04	10.3488
1778	-102.5281	-102.5281	-73.9630	0.7214	70.9372	0.6925	2.2e-04	10.3504
1779	-102.5291	-102.5291	-73.9034	0.7208	71.0098	0.6930	2.2e-04	10.3384
1780	-102.5384	-102.5384	-73.9597	0.7213	70.9636	0.6924	2.2e-04	10.3397
1781	-102.5629	-102.5629	-74.3411	0.7248	70.5366	0.6886	2.2e-04	10.3515
1782	-102.5386	-102.5386	-73.3829	0.7157	71.5640	0.6984	2.2e-04	10.3360
1783	-102.5848	-102.5848	-74.6632	0.7278	70.3043	0.6858	2.2e-04	10.3556
1784	-102.5664	-102.5664	-73.6144	0.7177	71.3419	0.6962	2.2e-04	10.3635
1785	-102.5066	-102.5066	-73.9493	0.7214	70.9273	0.6925	2.2e-04	10.3448
1786	-102.5340	-102.5340	-73.1460	0.7134	71.8053	0.7008	2.2e-04	10.3484
1787	-102.5567	-102.5567	-73.8139	0.7197	71.1270	0.6941	2.2e-04	10.3502
1788	-102.4979	-102.4979	-73.4190	0.7163	71.4632	0.6976	2.2e-04	10.3385
1789	-102.5411	-102.5411	-72.8773	0.7107	72.0786	0.7035	2.2e-04	10.3444
1790	-102.5412	-102.5412	-73.1210	0.7131	71.8140	0.7010	2.2e-04	10.3470
1791	-102.5338	-102.5338	-72.7873	0.7099	72.0823	0.7036	2.2e-04	10.3614
1792	-102.5588	-102.5588	-72.8152	0.7100	72.1581	0.7042	2.2e-04	10.3487
1793	-102.5813	-102.5813	-72.2764	0.7046	72.7228	0.7096	2.2e-04	10.3492
1794	-102.4786	-102.4786	-72.3728	0.7062	72.4930	0.7079	2.2e-04	10.3310
1795	-102.4858	-102.4858	-73.1237	0.7135	71.7536	0.7006	2.2e-04	10.3417
1796	-102.5379	-102.5380	-71.6041	0.6983	73.3400	0.7158	2.2e-04	10.3504
1797	-102.4999	-102.4999	-71.7817	0.7003	73.0820	0.7136	2.2e-04	10.3525
1798	-102.5516	-102.5517	-71.1261	0.6936	73.7983	0.7204	2.2e-04	10.3440
1799	-102.5457	-102.5457	-71.0329	0.6927	73.9137	0.7212	2.2e-04	10.3529
1800	-102.5444	-102.5447	-70.0784	0.6834	74.7701	0.7298	2.2e-04	10.3377
1801	-102.5215	-102.5217	-70.3324	0.6860	74.5610	0.7276	2.2e-04	10.3420
1802	-102.4966	-102.4968	-70.3503	0.6864	74.4518	0.7268	2.2e-04	10.3535
1803	-102.5240	-102.5241	-70.5160	0.6878	74.3089	0.7255	2.2e-04	10.3580
1804	-102.5762	-102.5765	-69.9229	0.6817	74.9898	0.7316	2.2e-04	10.3513
1805	-102.5434	-102.5438	-69.7102	0.6798	75.1574	0.7333	2.2e-04	10.3518
1806	-102.5068	-102.5071	-70.1878	0.6847	74.6606	0.7287	2.2e-04	10.3362
1807	-102.5086	-102.5088	-70.4692	0.6874	74.3989	0.7262	2.2e-04	10.3428
1808	-102.5075	-102.5076	-70.5661	0.6884	74.3157	0.7253	2.2e-04	10.3505
1809	-102.4835	-102.4837	-70.3381	0.6863	74.4963	0.7273	2.2e-04	10.3762
1810	-102.5204	-102.5204	-72.2656	0.7049	72.6711	0.7093	2.2e-04	10.3502
1811	-102.4914	-102.4914	-71.5875	0.6985	73.3021	0.7156	2.2e-04	10.3487
1812	-102.5285	-102.5285	-71.7177	0.6995	73.2030	0.7145	2.2e-04	10.3436
1813	-102.5155	-102.5156	-70.7919	0.6905	74.1042	0.7233	2.2e-04	10.3492
1814	-102.5541	-102.5541	-71.2838	0.6951	73.6823	0.7189	2.2e-04	10.3368
1815	-102.5522	-102.5522	-71.3951	0.6962	73.5601	0.7179	2.2e-04	10.3550
1816	-102.5556	-102.5556	-71.5945	0.6981	73.3551	0.7158	2.2e-04	10.3506
1817	-102.5520	-102.5521	-71.3638	0.6959	73.5991	0.7181	2.2e-04	10.3529
1818	-102.5750	-102.5750	-71.7859	0.6998	73.1971	0.7143	2.2e-04	10.3393
1819	-102.5607	-102.5607	-72.3372	0.7053	72.6446	0.7088	2.2e-04	10.3347
1820	-102.5125	-102.5125	-71.4607	0.6971	73.4034	0.7167	2.2e-04	10.3523
1821	-102.4811	-102.4811	-71.2225	0.6950	73.6539	0.7190	2.2e-04	10.3411
1822	-102.5188	-102.5188	-71.5224	0.6977	73.4035	0.7164	2.2e-04	10.3520
1823	-102.4963	-102.4964	-70.5378	0.6882	74.3345	0.7255	2.2e-04	10.3509
1824	-102.5441	-102.5441	-71.8745	0.7009	73.0755	0.7132	2.2e-04	10.3347
1825	-102.5683	-102.5687	-69.7058	0.6796	75.1525	0.7332	2.2e-04	10.3323
1826	-102.5037	-102.5038	-70.8131	0.6908	74.0501	0.7228	2.2e-04	10.3540
1827	-102.5366	-102.5367	-71.1959	0.6943	73.7430	0.7196	2.2e-04	10.3468
1828	-102.5402	-102.5403	-70.6010	0.6885	74.3182	0.7251	2.2e-04	10.3405
1829	-102.5667	-102.5669	-70.5377	0.6877	74.3837	0.7260	2.2e-04	10.3383
1830	-102.5271	-102.5271	-71.4028	0.6964	73.5156	0.7176	2.2e-04	10.3441
1831	-102.5338	-102.5340	-70.5568	0.6881	74.3508	0.7255	2.2e-04	10.3350
1832	-102.5381	-102.5382	-71.3017	0.6954	73.6138	0.7185	2.2e-04	10.3508
1833	-102.4911	-102.4912	-70.5098	0.6880	74.3195	0.7255	2.2e-04	10.3516
1834	-102.5076	-102.5078	-70.4444	0.6872	74.4216	0.7263	2.2e-04	10.3546
1835	-102.5467	-102.5468	-70.9010	0.6914	74.0295	0.7224	2.2e-04	10.3511
1836	-102.5466	-102.5466	-71.5883	0.6981	73.3638	0.7159	2.2e-04	10.3468
1837	-102.5216	-102.5216	-71.8399	0.7007	73.0828	0.7134	2.2e-04	10.3348
1838	-102.5134	-102.5134	-71.1876	0.6944	73.7116	0.7196	2.2e-04	10.3512
1839	-102.5045	-102.5045	-72.1842	0.7042	72.7275	0.7100	2.2e-04	10.3386
1840	-102.5143	-102.5144	-70.7906	0.6905	74.1146	0.7233	2.2e-04	10.3412
1841	-102.5067	-102.5067	-71.2233	0.6948	73.6640	0.7192	2.2e-04	10.3526
1842	-102.5369	-102.5370	-70.7603	0.6901	74.1069	0.7234	2.2e-04	10.3445
1843	-102.5336	-102.5338	-70.6401	0.6889	74.2674	0.7248	2.2e-04	10.3285
1844	-102.5235	-102.5235	-71.2919	0.6954	73.6346	0.7185	2.2e-04	10.3517
1845	-102.5316	-102.5318	-70.2931	0.6856	74.5995	0.7280	2.2e-04	10.3356
1846	-102.4966	-102.4967	-70.6502	0.6893	74.2214	0.7244	2.2e-04	10.3463
1847	-102.5421	-102.5421	-71.2024	0.6944	73.7288	0.7196	2.2e-04	10.3577
1848	-102.4900	-102.4902	-70.5982	0.6888	74.2742	0.7249	2.2e-04	10.3427
1849	-102.5099	-102.5100	-71.3779	0.6963	73.5265	0.7177	2.2e-04	10.3386
1850	-102.5183	-102.5183	-71.0032	0.6926	73.9077	0.7213	2.2e-04	10.3494
1851	-102.5065	-102.5065	-70.8491	0.6912	74.0487	0.7227	2.2e-04	10.3480
1852	-102.5444	-102.5444	-71.3110	0.6954	73.6705	0.7186	2.2e-04	10.3537
1853	-102.5634	-102.5634	-71.5464	0.6976	73.4263	0.7165	2.2e-04	10.3400
1854	-102.5564	-102.5564	-72.0496	0.7025	72.8676	0.7111	2.2e-04	10.3462
1855	-102.5355	-102.5355	-72.9557	0.7115	71.9873	0.7027	2.2e-04	10.3329
1856	-102.5185	-102.5185	-71.6340	0.6987	73.2798	0.7152	2.2e-04	10.3501
1857	-102.5078	-102.5078	-72.1225	0.7036	72.7917	0.7106	2.2e-04	10.3425
1858	-102.5601	-102.5601	-71.9731	0.7018	73.0099	0.7124	2.2e-04	10.3489
1859	-102.5286	-102.5286	-72.3264	0.7054	72.6125	0.7087	2.2e-04	10.3417
1860	-102.4839	-102.4839	-72.3435	0.7059	72.5401	0.7083	2.2e-04	10.3412
1861	-102.5447	-102.5447	-72.2868	0.7049	72.6554	0.7092	2.2e-04	10.3314
1862	-102.5474	-102.5474	-71.5767	0.6980	73.3647	0.7161	2.2e-04	10.3417
1863	-102.5192	-102.5192	-70.9570	0.6921	73.9129	0.7214	2.2e-04	10.3496
1864	-102.5471	-102.5472	-70.6362	0.6888	74.3118	0.7249	2.2e-04	10.3394
1865	-102.5236	-102.5236	-71.5195	0.6976	73.4012	0.7165	2.2e-04	10.3563
1866	-102.5359	-102.5359	-70.9965	0.6924	73.9547	0.7215	2.2e-04	10.3408
1867	-102.5184	-102.5184	-71.6287	0.6987	73.2847	0.7153	2.2e-04	10.3335
1868	-102.5495	-102.5495	-71.7676	0.6998	73.1894	0.7142	2.2e-04	10.3545
1869	-102.5879	-102.5879	-71.3959	0.6959	73.5838	0.7181	2.2e-04	10.3671
1870	-102.5271	-102.5271	-70.8964	0.6915	74.0130	0.7224	2.2e-04	10.3473
1871	-102.5315	-102.5316	-71.1495	0.6939	73.7794	0.7200	2.2e-04	10.3501
1872	-102.5280	-102.5280	-71.1535	0.6940	73.7558	0.7199	2.2e-04	10.3476
1873	-102.5358	-102.5358	-71.8570	0.7008	73.1044	0.7134	2.2e-04	10.3350
1874	-102.5380	-102.5381	-71.0575	0.6930	73.8649	0.7210	2.2e-04	10.3382
1875	-102.5413	-102.5413	-72.3194	0.7053	72.6309	0.7089	2.2e-04	10.3630
1876	-102.5393	-102.5393	-71.9113	0.7013	73.0229	0.7128	2.2e-04	10.3392
1877	-102.5375	-102.5375	-72.1583	0.7037	72.8024	0.7104	2.2e-04	10.3506
1878	-102.5668	-102.5668	-71.3916	0.6961	73.5786	0.7180	2.2e-04	10.3372
1879	-102.5461	-102.5461	-71.7793	0.7000	73.1673	0.7141	2.2e-04	10.3318
1880	-102.5437	-102.5437	-72.0682	0.7028	72.8892	0.7113	2.2e-04	10.3406
1881	-102.5389	-102.5389	-71.6062	0.6983	73.3433	0.7158	2.2e-04	10.3634
1882	-102.5641	-102.5641	-71.7299	0.6994	73.2482	0.7147	2.2e-04	10.3416
1883	-102.4866	-102.4867	-70.6370	0.6892	74.1971	0.7245	2.2e-04	10.3493
1884	-102.5384	-102.5386	-70.4638	0.6872	74.4373	0.7264	2.2e-04	10.3398
1885	-102.5288	-102.5289	-70.6704	0.6893	74.2104	0.7244	2.2e-04	10.3299
1886	-102.5464	-102.5464	-71.2835	0.6951	73.6144	0.7185	2.2e-04	10.3368
1887	-102.5325	-102.5328	-70.1469	0.6841	74.7295	0.7293	2.2e-04	10.3377
1888	-102.5063	-102.5065	-70.2688	0.6855	74.5848	0.7280	2.2e-04	10.3487
1889	-102.5412	-102.5412	-70.8639	0.6911	74.0690	0.7227	2.2e-04	10.3546
1890	-102.5670	-102.5671	-70.6382	0.6887	74.2836	0.7248	2.2e-04	10.3366
1891	-102.5254	-102.5255	-71.1048	0.6935	73.8104	0.7204	2.2e-04	10.3292
1892	-102.5268	-102.5269	-70.9514	0.6920	73.9688	0.7219	2.2e-04	10.3391
1893	-102.5234	-102.5239	-69.6614	0.6795	75.1700	0.7337	2.2e-04	10.3679
1894	-102.5460	-102.5460	-71.1971	0.6943	73.7075	0.7197	2.2e-04	10.3579
1895	-102.5163	-102.5163	-71.4325	0.6968	73.4663	0.7172	2.2e-04	10.3490
1896	-102.4998	-102.5000	-70.3568	0.6864	74.5096	0.7272	2.2e-04	10.3424
1897	-102.5302	-102.5302	-71.4816	0.6972	73.4099	0.7167	2.2e-04	10.3316
1898	-102.5503	-102.5504	-71.0406	0.6927	73.8693	0.7210	2.2e-04	10.3353
1899	-102.5512	-102.5513	-70.6808	0.6892	74.2460	0.7245	2.2e-04	10.3568
1900	-102.5344	-102.5345	-70.8889	0.6914	74.0374	0.7225	2.2e-04	10.3466
1901	-102.5426	-102.5428	-70.2177	0.6848	74.6610	0.7285	2.2e-04	10.3412
1902	-102.5640	-102.5643	-69.9943	0.6824	74.8575	0.7306	2.2e-04	10.3442
1903	-102.5477	-102.5478	-70.7129	0.6896	74.2223	0.7242	2.2e-04	10.3292
1904	-102.4865	-102.4867	-70.1619	0.6846	74.6637	0.7289	2.2e-04	10.3352
1905	-102.5050	-102.5052	-70.3802	0.6866	74.4904	0.7270	2.2e-04	10.3490
1906	-102.5326	-102.5326	-71.7829	0.7001	73.1608	0.7140	2.2e-04	10.3375
1907	-102.5507	-102.5507	-71.6552	0.6987	73.3200	0.7153	2.2e-04	10.3480
1908	-102.5451	-102.5454	-70.0912	0.6835	74.7748	0.7297	2.2e-04	10.3454
1909	-102.5666	-102.5666	-71.4930	0.6970	73.4752	0.7169	2.2e-04	10.3358
1910	-102.5273	-102.5273	-71.7088	0.6994	73.2367	0.7147	2.2e-04	10.3430
1911	-102.4979	-102.4979	-71.8599	0.7011	73.0254	0.7131	2.2e-04	10.3451
1912	-102.5392	-102.5392	-71.7230	0.6995	73.2286	0.7146	2.2e-04	10.3494
1913	-102.5446	-102.5447	-71.2428	0.6947	73.7155	0.7191	2.2e-04	10.3505
1914	-102.5176	-102.5176	-72.3447	0.7057	72.5691	0.7085	2.2e-04	10.3551
1915	-102.5129	-102.5129	-71.9269	0.7016	72.9866	0.7124	2.2e-04	10.3276
1916	-102.5183	-102.5183	-73.1041	0.7131	71.8192	0.7011	2.2e-04	10.3406
1917	-102.4923	-102.4923	-72.3383	0.7058	72.5281	0.7083	2.2e-04	10.3526
1918	-102.5576	-102.5576	-72.0112	0.7022	72.9253	0.7118	2.2e-04	10.3418
1919	-102.4959	-102.4959	-71.7773	0.7003	73.1082	0.7138	2.2e-04	10.3521
1920	-102.5449	-102.5449	-71.1331	0.6937	73.8096	0.7202	2.2e-04	10.3497
1921	-102.5276	-102.5277	-70.6989	0.6896	74.1985	0.7242	2.2e-04	10.3317
1922	-102.5707	-102.5709	-70.7188	0.6895	74.2330	0.7242	2.2e-04	10.3454
1923	-102.5194	-102.5194	-71.6639	0.6990	73.2741	0.7150	2.2e-04	10.3448
1924	-102.5349	-102.5349	-71.4394	0.6967	73.5163	0.7173	2.2e-04	10.3504
1925	-102.5578	-102.5579	-70.7196	0.6896	74.2277	0.7242	2.2e-04	10.3521
1926	-102.4866	-102.4868	-70.5644	0.6885	74.2925	0.7252	2.2e-04	10.3426
1927	-102.5231	-102.5231	-71.1320	0.6938	73.7843	0.7200	2.2e-04	10.3358
1928	-102.5245	-102.5245	-71.7738	0.7001	73.1536	0.7140	2.2e-04	10.3385
1929	-102.5648	-102.5648	-71.4678	0.6968	73.5122	0.7172	2.2e-04	10.3516
1930	-102.5360	-102.5360	-71.7556	0.6998	73.1703	0.7142	2.2e-04	10.3488
1931	-102.5373	-102.5374	-71.4523	0.6968	73.4942	0.7172	2.2e-04	10.3482
1932	-102.5130	-102.5130	-71.3682	0.6962	73.5370	0.7178	2.2e-04	10.3478
1933	-102.5445	-102.5445	-72.4926	0.7069	72.4497	0.7072	2.2e-04	10.3349
1934	-102.5397	-102.5397	-71.2985	0.6953	73.6465	0.7186	2.2e-04	10.3388
1935	-102.5447	-102.5447	-72.4485	0.7065	72.5007	0.7075	2.2e-04	10.3533
1936	-102.5411	-102.5411	-72.3834	0.7059	72.5707	0.7083	2.2e-04	10.3508
1937	-102.5550	-102.5550	-72.1054	0.7031	72.8372	0.7107	2.2e-04	10.3511
1938	-102.5557	-102.5557	-72.7526	0.7094	72.2220	0.7048	2.2e-04	10.3553
1939	-102.5298	-102.5298	-72.3264	0.7054	72.6158	0.7087	2.2e-04	10.3330
1940	-102.5261	-102.5261	-71.2827	0.6953	73.6443	0.7187	2.2e-04	10.3317
1941	-102.5382	-102.5382	-72.0568	0.7027	72.8940	0.7113	2.2e-04	10.3487
1942	-102.5390	-102.5390	-72.2275	0.7044	72.7053	0.7097	2.2e-04	10.3510
1943	-102.5370	-102.5370	-73.5528	0.7173	71.3906	0.6967	2.2e-04	10.3517
1944	-102.5290	-102.5290	-72.9054	0.7111	72.0544	0.7031	2.2e-04	10.3443
1945	-102.5457	-102.5457	-72.8901	0.7108	72.0474	0.7032	2.2e-04	10.3479
1946	-102.5466	-102.5466	-72.7700	0.7096	72.1546	0.7043	2.2e-04	10.3288
1947	-102.5281	-102.5281	-71.9654	0.7019	72.9909	0.7122	2.2e-04	10.3361
1948	-102.5280	-102.5280	-72.9513	0.7115	71.9963	0.7026	2.2e-04	10.3493
1949	-102.5509	-102.5509	-71.5147	0.6974	73.4714	0.7167	2.2e-04	10.3552
1950	-102.5346	-102.5346	-72.4793	0.7069	72.4649	0.7073	2.2e-04	10.3392
1951	-102.5231	-102.5231	-71.7451	0.6998	73.1741	0.7143	2.2e-04	10.3434
1952	-102.5486	-102.5486	-71.7370	0.6995	73.2176	0.7145	2.2e-04	10.3337
1953	-102.5130	-102.5130	-72.5024	0.7073	72.4217	0.7070	2.2e-04	10.3542
1954	-102.5620	-102.5620	-72.1791	0.7038	72.8016	0.7104	2.2e-04	10.3568
1955	-102.5170	-102.5170	-71.6220	0.6986	73.3092	0.7155	2.2e-04	10.3472
1956	-102.5381	-102.5381	-71.9576	0.7018	72.9804	0.7124	2.2e-04	10.3446
1957	-102.5648	-102.5648	-71.6276	0.6984	73.3404	0.7157	2.2e-04	10.3436
1958	-102.5645	-102.5645	-71.4394	0.6965	73.5504	0.7174	2.2e-04	10.3342
1959	-102.5119	-102.5119	-71.2760	0.6953	73.6254	0.7187	2.2e-04	10.3511
1960	-102.5595	-102.5595	-71.3808	0.6960	73.5790	0.7180	2.2e-04	10.3485
1961	-102.5264	-102.5264	-71.1045	0.6935	73.8058	0.7204	2.2e-04	10.3457
1962	-102.5597	-102.5597	-71.5248	0.6974	73.4531	0.7166	2.2e-04	10.3503
1963	-102.5041	-102.5041	-71.1841	0.6945	73.7028	0.7195	2.2e-04	10.3462
1964	-102.5137	-102.5137	-71.2466	0.6950	73.6563	0.7189	2.2e-04	10.3244
1965	-102.5137	-102.5137	-71.9914	0.7023	72.9338	0.7119	2.2e-04	10.3442
1966	-102.5399	-102.5399	-71.2565	0.6949	73.6670	0.7190	2.2e-04	10.3503
1967	-102.5217	-102.5217	-71.4142	0.6966	73.4974	0.7175	2.2e-04	10.3467
1968	-102.5424	-102.5424	-71.8804	0.7010	73.0849	0.7132	2.2e-04	10.3463
1969	-102.5649	-102.5649	-72.0082	0.7021	72.9453	0.7119	2.2e-04	10.3462
1970	-102.5329	-102.5329	-71.6907	0.6992	73.2260	0.7148	2.2e-04	10.3164
1971	-102.5212	-102.5212	-72.3157	0.7054	72.6284	0.7088	2.2e-04	10.3378
1972	-102.5267	-102.5267	-72.6655	0.7087	72.2575	0.7053	2.2e-04	10.3419
1973	-102.5274	-102.5274	-71.8654	0.7009	73.0627	0.7132	2.2e-04	10.3540
1974	-102.5597	-102.5597	-72.3271	0.7052	72.6438	0.7089	2.2e-04	10.3501
1975	-102.5073	-102.5073	-71.4949	0.6975	73.4007	0.7166	2.2e-04	10.3507
1976	-102.5157	-102.5157	-72.4435	0.7067	72.4752	0.7075	2.1e-04	10.3311
1977	-102.5554	-102.5554	-72.0628	0.7027	72.8869	0.7114	2.1e-04	10.3499
1978	-102.5547	-102.5547	-72.9383	0.7112	72.0319	0.7029	2.1e-04	10.3404
1979	-102.5430	-102.5430	-72.4423	0.7065	72.5273	0.7077	2.1e-04	10.3478
1980	-102.5430	-102.5430	-71.8646	0.7008	73.0702	0.7132	2.1e-04	10.3432
1981	-102.5601	-102.5601	-73.0617	0.7124	71.9198	0.7018	2.1e-04	10.3410
1982	-102.5519	-102.5519	-73.1702	0.7135	71.7762	0.7007	2.1e-04	10.3301
1983	-102.5655	-102.5655	-72.8497	0.7103	72.1253	0.7039	2.1e-04	10.3378
1984	-102.5290	-102.5290	-73.4259	0.7161	71.4860	0.6978	2.1e-04	10.3529
1985	-102.5513	-102.5513	-73.2428	0.7142	71.6837	0.6998	2.1e-04	10.3461
1986	-102.5037	-102.5037	-73.0993	0.7131	71.8067	0.7010	2.1e-04	10.3673
1987	-102.4855	-102.4855	-72.9745	0.7120	71.8696	0.7019	2.1e-04	10.3507
1988	-102.5456	-102.5456	-72.5812	0.7078	72.3695	0.7064	2.1e-04	10.3236
1989	-102.5223	-102.5223	-73.0044	0.7121	71.9012	0.7020	2.1e-04	10.3429
1990	-102.5476	-102.5476	-72.3381	0.7054	72.6087	0.7087	2.1e-04	10.3428
1991	-102.5762	-102.5762	-72.1562	0.7034	72.8206	0.7106	2.1e-04	10.3376
1992	-102.5339	-102.5339	-72.6077	0.7081	72.3515	0.7061	2.1e-04	10.3496
1993	-102.5574	-102.5574	-72.0716	0.7027	72.8928	0.7114	2.1e-04	10.3399
1994	-102.4980	-102.4980	-71.3685	0.6963	73.4763	0.7175	2.1e-04	10.3264
1995	-102.5192	-102.5192	-71.2723	0.6952	73.6540	0.7188	2.1e-04	10.3329
1996	-102.4947	-102.4947	-71.8980	0.7015	73.0214	0.7127	2.1e-04	10.3711
1997	-102.5405	-102.5405	-71.7098	0.6993	73.2321	0.7147	2.1e-04	10.3423
1998	-102.5173	-102.5174	-71.1620	0.6941	73.7409	0.7198	2.1e-04	10.3397
1999	-102.5467	-102.5467	-71.8650	0.7008	73.1052	0.7133	2.1e-04	10.3370
2000	-102.5340	-102.5340	-71.7723	0.7000	73.1632	0.7141	2.1e-04	10.3259
2001	-102.5307	-102.5307	-72.0497	0.7027	72.8626	0.7114	2.1e-04	10.3455
2002	-102.5388	-102.5388	-72.0268	0.7024	72.9051	0.7117	2.1e-04	10.3483
2003	-102.5786	-102.5786	-71.3664	0.6957	73.5805	0.7181	2.1e-04	10.3525
2004	-102.5684	-102.5684	-71.3287	0.6954	73.6320	0.7186	2.1e-04	10.3378
2005	-102.4893	-102.4893	-71.7551	0.7001	73.1140	0.7140	2.1e-04	10.3447
2006	-102.5397	-102.5397	-71.3356	0.6957	73.5992	0.7183	2.1e-04	10.3200
2007	-102.5922	-102.5923	-70.6033	0.6882	74.3531	0.7254	2.1e-04	10.3294
2008	-102.5357	-102.5357	-72.7812	0.7098	72.1684	0.7044	2.1e-04	10.3459
2009	-102.5166	-102.5166	-71.3419	0.6959	73.5368	0.7179	2.1e-04	10.3487
2010	-102.5518	-102.5518	-72.2768	0.7048	72.6590	0.7092	2.1e-04	10.3429
2011	-102.5122	-102.5122	-71.8936	0.7013	73.0128	0.7128	2.1e-04	10.3387
2012	-102.5680	-102.5681	-71.1431	0.6936	73.8127	0.7203	2.1e-04	10.3346
2013	-102.5311	-102.5311	-71.9080	0.7013	73.0242	0.7128	2.1e-04	10.3383
2014	-102.5079	-102.5079	-71.7391	0.6998	73.1681	0.7143	2.1e-04	10.3439
2015	-102.5410	-102.5410	-71.7322	0.6995	73.1847	0.7144	2.1e-04	10.3508
2016	-102.5628	-102.5628	-72.4705	0.7066	72.4835	0.7076	2.1e-04	10.3417
2017	-102.5481	-102.5481	-71.9332	0.7015	73.0071	0.7127	2.1e-04	10.3501
2018	-102.5470	-102.5470	-72.2538	0.7046	72.6906	0.7095	2.1e-04	10.3288
2019	-102.5398	-102.5398	-72.4607	0.7067	72.4916	0.7076	2.1e-04	10.3352
2020	-102.5509	-102.5511	-70.2988	0.6855	74.5644	0.7281	2.1e-04	10.3487
2021	-102.5793	-102.5793	-71.2364	0.6945	73.7217	0.7195	2.1e-04	10.3432
2022	-102.5688	-102.5688	-71.4747	0.6968	73.4834	0.7172	2.1e-04	10.3427
2023	-102.5945	-102.5945	-71.7167	0.6990	73.2984	0.7151	2.1e-04	10.3395
2024	-102.5262	-102.5262	-71.5753	0.6981	73.3504	0.7160	2.1e-04	10.3296
2025	-102.5481	-102.5481	-71.8320	0.7005	73.0806	0.7134	2.1e-04	10.3301
2026	-102.5387	-102.5387	-71.4471	0.6968	73.4957	0.7172	2.1e-04	10.3486
2027	-102.5537	-102.5537	-71.4418	0.6966	73.4994	0.7174	2.1e-04	10.3451
2028	-102.5657	-102.5657	-72.4803	0.7067	72.4465	0.7071	2.1e-04	10.3504
2029	-102.5400	-102.5400	-71.7444	0.6997	73.1986	0.7145	2.1e-04	10.3389
2030	-102.5436	-102.5436	-72.2585	0.7047	72.6897	0.7095	2.1e-04	10.3204
2031	-102.5123	-102.5123	-72.9666	0.7118	71.9380	0.7024	2.1e-04	10.3358
2032	-102.5533	-102.5533	-72.7788	0.7097	72.1630	0.7044	2.1e-04	10.3497
2033	-102.5064	-102.5064	-72.6838	0.7091	72.1935	0.7050	2.1e-04	10.3401
2034	-102.5422	-102.5422	-72.8447	0.7104	72.0618	0.7036	2.1e-04	10.3427
2035	-102.5450	-102.5450	-72.0306	0.7024	72.9368	0.7117	2.1e-04	10.3447
2036	-102.5778	-102.5778	-72.1935	0.7038	72.7721	0.7103	2.1e-04	10.3341
2037	-102.5325	-102.5325	-72.6877	0.7089	72.2128	0.7050	2.1e-04	10.3380
2038	-102.4843	-102.4843	-72.9042	0.7114	71.9460	0.7027	2.1e-04	10.3384
2039	-102.5887	-102.5887	-72.1126	0.7029	72.8732	0.7113	2.1e-04	10.3398
2040	-102.5535	-102.5535	-72.1513	0.7035	72.8088	0.7106	2.1e-04	10.3436
2041	-102.5747	-102.5747	-71.4621	0.6967	73.4781	0.7173	2.1e-04	10.3457
2042	-102.5363	-102.5363	-72.1467	0.7036	72.7737	0.7106	2.1e-04	10.3256
2043	-102.5653	-102.5653	-72.9026	0.7108	72.0550	0.7032	2.1e-04	10.3254
2044	-102.5223	-102.5223	-71.3703	0.6961	73.5412	0.7178	2.1e-04	10.3498
2045	-102.5211	-102.5212	-70.5075	0.6877	74.3541	0.7260	2.1e-04	10.3514
2046	-102.5359	-102.5361	-70.2869	0.6855	74.5695	0.7281	2.1e-04	10.3432
2047	-102.5746	-102.5747	-70.8118	0.6903	74.1294	0.7235	2.1e-04	10.3425
2048	-102.5069	-102.5070	-70.8292	0.6910	74.0205	0.7229	2.1e-04	10.3333
2049	-102.5539	-102.5541	-70.4620	0.6871	74.4243	0.7265	2.1e-04	10.3438
2050	-102.5408	-102.5409	-70.4419	0.6870	74.4356	0.7267	2.1e-04	10.3242
2051	-102.5332	-102.5333	-70.5811	0.6884	74.2730	0.7250	2.1e-04	10.3494
2052	-102.5271	-102.5273	-70.2726	0.6854	74.5907	0.7281	2.1e-04	10.3471
2053	-102.5626	-102.5628	-70.1929	0.6844	74.7296	0.7291	2.1e-04	10.3429
2054	-102.4687	-102.4688	-70.8308	0.6912	74.0018	0.7226	2.1e-04	10.3286
2055	-102.5155	-102.5155	-72.2848	0.7051	72.6457	0.7091	2.1e-04	10.3423
2056	-102.5454	-102.5454	-71.3800	0.6961	73.5434	0.7179	2.1e-04	10.3484
2057	-102.5718	-102.5718	-72.3676	0.7055	72.6000	0.7086	2.1e-04	10.3532
2058	-102.5667	-102.5667	-71.7230	0.6993	73.2205	0.7148	2.1e-04	10.3432
2059	-102.5276	-102.5276	-73.1535	0.7135	71.7648	0.7006	2.1e-04	10.3514
2060	-102.5193	-102.5193	-73.5916	0.7178	71.3175	0.6962	2.1e-04	10.3316
2061	-102.5318	-102.5318	-72.6447	0.7085	72.3024	0.7057	2.1e-04	10.3224
2062	-102.5739	-102.5739	-73.2022	0.7137	71.7828	0.7005	2.1e-04	10.3516
2063	-102.5446	-102.5446	-73.2340	0.7142	71.7087	0.7000	2.1e-04	10.3503
2064	-102.5542	-102.5542	-73.0480	0.7123	71.8903	0.7017	2.1e-04	10.3397
2065	-102.5501	-102.5501	-73.6789	0.7185	71.2377	0.6954	2.1e-04	10.3382
2066	-102.5294	-102.5294	-73.7484	0.7193	71.1328	0.6945	2.1e-04	10.3298
2067	-102.5720	-102.5720	-73.7314	0.7188	71.2216	0.6951	2.1e-04	10.3363
2068	-102.5869	-102.5869	-74.4745	0.7260	70.4392	0.6876	2.1e-04	10.3377
2069	-102.4832	-102.4832	-74.2712	0.7247	70.5398	0.6890	2.1e-04	10.3433
2070	-102.5060	-102.5060	-74.1629	0.7235	70.6635	0.6900	2.1e-04	10.3521
2071	-102.5568	-102.5568	-74.3031	0.7245	70.6137	0.6891	2.1e-04	10.3531
2072	-102.5332	-102.5332	-74.0056	0.7218	70.8848	0.6920	2.1e-04	10.3417
2073	-102.5545	-102.5545	-73.8467	0.7201	71.0931	0.6939	2.1e-04	10.3408
2074	-102.5397	-102.5397	-74.2212	0.7238	70.6911	0.6900	2.1e-04	10.3510
2075	-102.5126	-102.5126	-74.0939	0.7228	70.7737	0.6910	2.1e-04	10.3416
2076	-102.5288	-102.5288	-74.1081	0.7228	70.7597	0.6909	2.1e-04	10.3525
2077	-102.5424	-102.5424	-73.2781	0.7146	71.6712	0.6995	2.1e-04	10.3456
2078	-102.5159	-102.5159	-74.2928	0.7247	70.5500	0.6890	2.1e-04	10.3312
2079	-102.5207	-102.5207	-74.4511	0.7262	70.4092	0.6875	2.1e-04	10.3309
2080	-102.5868	-102.5868	-73.0748	0.7123	71.9004	0.7018	2.1e-04	10.3328
2081	-102.5431	-102.5431	-74.0611	0.7222	70.8664	0.6916	2.1e-04	10.3449
2082	-102.5403	-102.5403	-73.5746	0.7175	71.3220	0.6963	2.1e-04	10.3399
2083	-102.5503	-102.5503	-73.7195	0.7189	71.2026	0.6950	2.1e-04	10.3472
2084	-102.5610	-102.5610	-73.9820	0.7213	70.9042	0.6925	2.1e-04	10.3448
2085	-102.5103	-102.5103	-74.2184	0.7240	70.6522	0.6896	2.1e-04	10.3307
2086	-102.5562	-102.5562	-74.0055	0.7216	70.8333	0.6915	2.1e-04	10.3445
2087	-102.5344	-102.5344	-73.8598	0.7203	71.0365	0.6936	2.1e-04	10.3527
2088	-102.5161	-102.5161	-73.7667	0.7196	71.1278	0.6943	2.1e-04	10.3365
2089	-102.5308	-102.5308	-72.9546	0.7115	71.9540	0.7025	2.1e-04	10.3425
2090	-102.5550	-102.5550	-73.2464	0.7142	71.6915	0.6998	2.1e-04	10.3397
2091	-102.5400	-102.5400	-73.3764	0.7156	71.5543	0.6985	2.1e-04	10.3260
2092	-102.5405	-102.5405	-72.9441	0.7114	71.9860	0.7028	2.1e-04	10.3371
2093	-102.5248	-102.5248	-73.7703	0.7195	71.0978	0.6945	2.1e-04	10.3331
2094	-102.5410	-102.5410	-72.4149	0.7062	72.5254	0.7080	2.1e-04	10.3366
2095	-102.5857	-102.5857	-73.2073	0.7136	71.7750	0.7005	2.1e-04	10.3507
2096	-102.5496	-102.5496	-72.5349	0.7073	72.4177	0.7069	2.1e-04	10.3403
2097	-102.5521	-102.5521	-72.0246	0.7023	72.9151	0.7119	2.1e-04	10.3230
2098	-102.5060	-102.5060	-72.5931	0.7082	72.3212	0.7060	2.1e-04	10.3258
2099	-102.5077	-102.5077	-73.2076	0.7142	71.6407	0.6999	2.1e-04	10.3510
2100	-102.5572	-102.5572	-72.3602	0.7056	72.5852	0.7086	2.1e-04	10.3517
2101	-102.5629	-102.5629	-72.2671	0.7046	72.6945	0.7095	2.1e-04	10.3358
2102	-102.5264	-102.5264	-73.2080	0.7140	71.6979	0.7000	2.1e-04	10.3348
2103	-102.5605	-102.5605	-72.8770	0.7106	72.0851	0.7036	2.1e-04	10.3228
2104	-102.5331	-102.5331	-72.2998	0.7051	72.6065	0.7091	2.1e-04	10.3281
2105	-102.5541	-102.5541	-71.3961	0.6962	73.5079	0.7176	2.1e-04	10.3557
2106	-102.5456	-102.5456	-72.3737	0.7058	72.5557	0.7084	2.1e-04	10.3304
2107	-102.5424	-102.5424	-72.2143	0.7042	72.7129	0.7097	2.1e-04	10.3477
2108	-102.5104	-102.5104	-72.5150	0.7074	72.3709	0.7067	2.1e-04	10.3395
2109	-102.5274	-102.5274	-71.5528	0.6979	73.3554	0.7161	2.1e-04	10.3254
2110	-102.5748	-102.5748	-72.1260	0.7032	72.8419	0.7110	2.1e-04	10.3378
2111	-102.5694	-102.5694	-72.7545	0.7093	72.2015	0.7047	2.1e-04	10.3498
2112	-102.5517	-102.5517	-72.6624	0.7085	72.2839	0.7057	2.1e-04	10.3343
2113	-102.5438	-102.5438	-72.9535	0.7114	71.9859	0.7027	2.1e-04	10.3364
2114	-102.4962	-102.4962	-72.5302	0.7076	72.3674	0.7066	2.1e-04	10.3360
2115	-102.5354	-102.5354	-72.0326	0.7025	72.8744	0.7116	2.1e-04	10.3265
2116	-102.5363	-102.5363	-72.1647	0.7038	72.7648	0.7104	2.1e-04	10.3353
2117	-102.5476	-102.5476	-71.2973	0.6953	73.6188	0.7187	2.1e-04	10.3518
2118	-102.5873	-102.5873	-71.2105	0.6941	73.7565	0.7198	2.1e-04	10.3546
2119	-102.5196	-102.5196	-71.7570	0.6999	73.1442	0.7142	2.1e-04	10.3425
2120	-102.5654	-102.5654	-71.8225	0.7003	73.1338	0.7138	2.1e-04	10.3443
2121	-102.5517	-102.5517	-71.5050	0.6973	73.4084	0.7166	2.1e-04	10.3264
2122	-102.5303	-102.5304	-70.4338	0.6870	74.4207	0.7265	2.1e-04	10.3444
2123	-102.5287	-102.5287	-70.9772	0.6923	73.9050	0.7216	2.1e-04	10.3457
2124	-102.5230	-102.5233	-70.0514	0.6833	74.7704	0.7299	2.1e-04	10.3356
2125	-102.5475	-102.5476	-70.6130	0.6886	74.2806	0.7251	2.1e-04	10.3497
2126	-102.5360	-102.5361	-70.5786	0.6883	74.2995	0.7253	2.1e-04	10.3242
2127	-102.5425	-102.5425	-71.4268	0.6966	73.5040	0.7175	2.1e-04	10.3259
2128	-102.5663	-102.5664	-70.7437	0.6897	74.1709	0.7241	2.1e-04	10.3326
2129	-102.5367	-102.5367	-71.1356	0.6938	73.7398	0.7201	2.1e-04	10.3477
2130	-102.5176	-102.5177	-70.6624	0.6893	74.1673	0.7245	2.1e-04	10.3436
2131	-102.5206	-102.5208	-70.2322	0.6851	74.6289	0.7285	2.1e-04	10.3493
2132	-102.5177	-102.5178	-70.4399	0.6871	74.3905	0.7264	2.1e-04	10.3385
2133	-102.5158	-102.5162	-69.8831	0.6817	74.9285	0.7315	2.1e-04	10.3245
2134	-102.5328	-102.5329	-70.4663	0.6873	74.4536	0.7264	2.1e-04	10.3343
2135	-102.5737	-102.5741	-69.6681	0.6792	75.1846	0.7337	2.1e-04	10.3432
2136	-102.5807	-102.5811	-69.9892	0.6823	74.8985	0.7311	2.1e-04	10.3485
2137	-102.5297	-102.5297	-71.3106	0.6955	73.6037	0.7185	2.1e-04	10.3424
2138	-102.5579	-102.5581	-70.3567	0.6860	74.5619	0.7276	2.1e-04	10.3429
2139	-102.5349	-102.5350	-70.6675	0.6892	74.2289	0.7245	2.1e-04	10.3230
2140	-102.5538	-102.5538	-71.7707	0.6998	73.1712	0.7143	2.1e-04	10.3306
2141	-102.5190	-102.5190	-71.9812	0.7021	72.9125	0.7120	2.1e-04	10.3481
2142	-102.5692	-102.5692	-72.0728	0.7027	72.8888	0.7115	2.1e-04	10.3441
2143	-102.5248	-102.5248	-72.7128	0.7092	72.1965	0.7050	2.1e-04	10.3523
2144	-102.5136	-102.5136	-71.9906	0.7023	72.9326	0.7119	2.1e-04	10.3238
2145	-102.4982	-102.4982	-72.4163	0.7065	72.4742	0.7076	2.1e-04	10.3227
2146	-102.5335	-102.5335	-72.3354	0.7055	72.6164	0.7087	2.1e-04	10.3348
2147	-102.5212	-102.5212	-72.3466	0.7057	72.5646	0.7085	2.1e-04	10.3416
2148	-102.5480	-102.5480	-71.6016	0.6982	73.3023	0.7157	2.1e-04	10.3462
2149	-102.5452	-102.5452	-72.3417	0.7055	72.5816	0.7087	2.1e-04	10.3485
2150	-102.5173	-102.5173	-72.0659	0.7030	72.8332	0.7112	2.1e-04	10.3374
2151	-102.5729	-102.5730	-71.3848	0.6959	73.5909	0.7181	2.1e-04	10.3324
2152	-102.5346	-102.5346	-71.8639	0.7009	73.0727	0.7132	2.1e-04	10.3278
2153	-102.5524	-102.5524	-71.1807	0.6941	73.7453	0.7199	2.1e-04	10.3460
2154	-102.5246	-102.5247	-70.7979	0.6905	74.0808	0.7233	2.1e-04	10.3437
2155	-102.5530	-102.5533	-70.1980	0.6845	74.6913	0.7290	2.1e-04	10.3478
2156	-102.5293	-102.5293	-71.0571	0.6930	73.8520	0.7209	2.1e-04	10.3515
2157	-102.5571	-102.5572	-70.9389	0.6917	73.9465	0.7216	2.1e-04	10.3298
2158	-102.5205	-102.5205	-71.0878	0.6934	73.7935	0.7203	2.1e-04	10.3299
2159	-102.5365	-102.5366	-70.5201	0.6878	74.3572	0.7259	2.1e-04	10.3365
2160	-102.5253	-102.5254	-70.9388	0.6919	73.9373	0.7219	2.1e-04	10.3577
2161	-102.5268	-102.5269	-70.5553	0.6882	74.3115	0.7254	2.1e-04	10.3362
2162	-102.5030	-102.5031	-70.7690	0.6904	74.0983	0.7234	2.1e-04	10.3424
2163	-102.5361	-102.5363	-70.2870	0.6855	74.5680	0.7280	2.1e-04	10.3340
2164	-102.5462	-102.5462	-70.7938	0.6904	74.1176	0.7234	2.1e-04	10.3282
2165	-102.5219	-102.5219	-71.5910	0.6983	73.3027	0.7158	2.1e-04	10.3506
2166	-102.5763	-102.5763	-70.8740	0.6909	74.0621	0.7228	2.1e-04	10.3459
2167	-102.5587	-102.5587	-71.4387	0.6966	73.4972	0.7175	2.1e-04	10.3411
2168	-102.5816	-102.5816	-71.1954	0.6940	73.7729	0.7199	2.1e-04	10.3340
2169	-102.5369	-102.5369	-70.9522	0.6920	73.9438	0.7219	2.1e-04	10.3436
2170	-102.5441	-102.5441	-71.9141	0.7013	73.0123	0.7129	2.1e-04	10.3298
2171	-102.5388	-102.5388	-72.3913	0.7060	72.5322	0.7082	2.1e-04	10.3345
2172	-102.5268	-102.5268	-72.5480	0.7076	72.3692	0.7066	2.1e-04	10.3394
2173	-102.5700	-102.5700	-71.8594	0.7006	73.0972	0.7135	2.1e-04	10.3481
2174	-102.5642	-102.5642	-73.2031	0.7137	71.7580	0.7004	2.1e-04	10.3396
2175	-102.5085	-102.5085	-71.5399	0.6979	73.3184	0.7161	2.1e-04	10.3344
2176	-102.5329	-102.5329	-71.6922	0.6992	73.2335	0.7149	2.1e-04	10.3324
2177	-102.5537	-102.5537	-72.5867	0.7078	72.3442	0.7064	2.1e-04	10.3505
2178	-102.5128	-102.5128	-73.0186	0.7123	71.8762	0.7018	2.1e-04	10.3462
2179	-102.5893	-102.5893	-71.7801	0.6997	73.1988	0.7144	2.1e-04	10.3529
2180	-102.5791	-102.5791	-72.5185	0.7070	72.4590	0.7073	2.1e-04	10.3439
2181	-102.5182	-102.5182	-72.5602	0.7078	72.3365	0.7063	2.1e-04	10.3352
2182	-102.5471	-102.5471	-72.8987	0.7109	72.0299	0.7033	2.1e-04	10.3195
2183	-102.5303	-102.5303	-73.0931	0.7129	71.8288	0.7013	2.1e-04	10.3497
2184	-102.5367	-102.5367	-72.3360	0.7055	72.5881	0.7087	2.1e-04	10.3444
2185	-102.5518	-102.5518	-72.4494	0.7065	72.4752	0.7075	2.1e-04	10.3417
2186	-102.5440	-102.5440	-72.6484	0.7085	72.2810	0.7057	2.1e-04	10.3464
2187	-102.5381	-102.5381	-73.0889	0.7128	71.7916	0.7010	2.1e-04	10.3285
2188	-102.5465	-102.5465	-72.6283	0.7082	72.2901	0.7059	2.1e-04	10.3359
2189	-102.5366	-102.5366	-72.6152	0.7082	72.3280	0.7060	2.1e-04	10.3339
2190	-102.4992	-102.4992	-72.1007	0.7034	72.7532	0.7107	2.1e-04	10.3405
2191	-102.5282	-102.5282	-72.0303	0.7025	72.8801	0.7116	2.1e-04	10.3457
2192	-102.5644	-102.5644	-71.6324	0.6984	73.3024	0.7157	2.1e-04	10.3471
2193	-102.5455	-102.5455	-71.7538	0.6997	73.1656	0.7144	2.1e-04	10.3298
2194	-102.5570	-102.5571	-71.1377	0.6936	73.7821	0.7203	2.1e-04	10.3351
2195	-102.5080	-102.5084	-69.8276	0.6812	74.9674	0.7321	2.1e-04	10.3463
2196	-102.5290	-102.5291	-70.7428	0.6900	74.1266	0.7238	2.1e-04	10.3471
2197	-102.5205	-102.5206	-70.7420	0.6900	74.0766	0.7232	2.1e-04	10.3448
2198	-102.5049	-102.5050	-70.4921	0.6877	74.3438	0.7260	2.1e-04	10.3516
2199	-102.5545	-102.5547	-70.2980	0.6855	74.5689	0.7280	2.1e-04	10.3356
2200	-102.5273	-102.5276	-70.1191	0.6839	74.7288	0.7296	2.1e-04	10.3205
2201	-102.5074	-102.5077	-70.1229	0.6841	74.6909	0.7294	2.1e-04	10.3272
2202	-102.5466	-102.5470	-69.9189	0.6818	74.8993	0.7314	2.1e-04	10.3523
2203	-102.5375	-102.5377	-70.5096	0.6876	74.3291	0.7258	2.1e-04	10.3490
2204	-102.5556	-102.5561	-69.5188	0.6779	75.3067	0.7352	2.1e-04	10.3319
2205	-102.5806	-102.5809	-69.9914	0.6823	74.8620	0.7311	2.1e-04	10.3377
2206	-102.5050	-102.5052	-70.4620	0.6874	74.3456	0.7261	2.1e-04	10.3228
2207	-102.5059	-102.5060	-70.4714	0.6875	74.3369	0.7262	2.1e-04	10.3421
2208	-102.5299	-102.5300	-70.6059	0.6886	74.2008	0.7247	2.1e-04	10.3499
2209	-102.5291	-102.5294	-69.7857	0.6806	75.0096	0.7326	2.1e-04	10.3488
2210	-102.5553	-102.5556	-69.9929	0.6825	74.8450	0.7307	2.1e-04	10.3342
2211	-102.5450	-102.5454	-69.8554	0.6812	74.9615	0.7320	2.1e-04	10.3385
2212	-102.5553	-102.5555	-70.6461	0.6889	74.2403	0.7249	2.1e-04	10.3150
2213	-102.5126	-102.5135	-68.6889	0.6700	76.0171	0.7423	2.1e-04	10.3295
2214	-102.5499	-102.5500	-70.7335	0.6897	74.1514	0.7239	2.1e-04	10.3484
2215	-102.5590	-102.5594	-69.6224	0.6788	75.2136	0.7341	2.1e-04	10.3412
2216	-102.5279	-102.5280	-70.9623	0.6921	73.9214	0.7218	2.1e-04	10.3341
2217	-102.5050	-102.5052	-70.2578	0.6854	74.5763	0.7281	2.1e-04	10.3368
2218	-102.4783	-102.4785	-70.2421	0.6854	74.5559	0.7281	2.1e-04	10.3264
2219	-102.5524	-102.5524	-71.8576	0.7007	73.0486	0.7133	2.1e-04	10.3429
2220	-102.5894	-102.5895	-70.9704	0.6918	73.9563	0.7219	2.1e-04	10.3522
2221	-102.5582	-102.5582	-71.6613	0.6987	73.2648	0.7153	2.1e-04	10.3347
2222	-102.5506	-102.5506	-72.6642	0.7086	72.2413	0.7055	2.1e-04	10.3374
2223	-102.5313	-102.5314	-71.1897	0.6943	73.7039	0.7195	2.1e-04	10.3294
2224	-102.5404	-102.5404	-71.7797	0.7000	73.1190	0.7140	2.1e-04	10.3216
2225	-102.5229	-102.5229	-71.6866	0.6992	73.1788	0.7147	2.1e-04	10.3368
2226	-102.4944	-102.4944	-71.1163	0.6939	73.7492	0.7201	2.1e-04	10.3337
2227	-102.5327	-102.5327	-71.5361	0.6977	73.3694	0.7162	2.1e-04	10.3518
2228	-102.5005	-102.5005	-71.6065	0.6986	73.2690	0.7155	2.1e-04	10.3390
2229	-102.5549	-102.5549	-72.2517	0.7045	72.6949	0.7096	2.1e-04	10.3377
2230	-102.5215	-102.5215	-71.9802	0.7021	72.8926	0.7118	2.1e-04	10.3310
2231	-102.5081	-102.5081	-72.5362	0.7076	72.3379	0.7065	2.1e-04	10.3406
2232	-102.5346	-102.5348	-70.4700	0.6873	74.4107	0.7264	2.1e-04	10.3485
2233	-102.5321	-102.5321	-71.5260	0.6976	73.3918	0.7165	2.1e-04	10.3346
2234	-102.5180	-102.5180	-72.2829	0.7051	72.6056	0.7090	2.1e-04	10.3338
2235	-102.5476	-102.5476	-71.4573	0.6968	73.4808	0.7172	2.1e-04	10.3369
2236	-102.5526	-102.5526	-72.0900	0.7030	72.8400	0.7110	2.1e-04	10.3253
2237	-102.5307	-102.5307	-72.3679	0.7058	72.5417	0.7082	2.1e-04	10.3350
2238	-102.5616	-102.5616	-71.7300	0.6994	73.2127	0.7147	2.1e-04	10.3478
2239	-102.5316	-102.5316	-71.3034	0.6954	73.5980	0.7186	2.1e-04	10.3430
2240	-102.5466	-102.5466	-71.5988	0.6982	73.3293	0.7159	2.1e-04	10.3345
2241	-102.5332	-102.5332	-71.4915	0.6973	73.4070	0.7168	2.1e-04	10.3380
2242	-102.5355	-102.5355	-71.6976	0.6992	73.2129	0.7148	2.1e-04	10.3291
2243	-102.5300	-102.5301	-70.7097	0.6896	74.1666	0.7241	2.1e-04	10.3326
2244	-102.5635	-102.5635	-71.9123	0.7011	73.0288	0.7129	2.1e-04	10.3508
2245	-102.5152	-102.5153	-71.2476	0.6950	73.5692	0.7188	2.1e-04	10.3436
2246	-102.5570	-102.5571	-70.4877	0.6873	74.3999	0.7264	2.1e-04	10.3513
2247	-102.5048	-102.5050	-70.3642	0.6864	74.4458	0.7271	2.1e-04	10.3399
2248	-102.5791	-102.5791	-70.9985	0.6921	73.9452	0.7218	2.1e-04	10.3239
2249	-102.5539	-102.5539	-70.9981	0.6923	73.9396	0.7216	2.1e-04	10.3375
2250	-102.5523	-102.5523	-71.4373	0.6966	73.4806	0.7174	2.1e-04	10.3355
2251	-102.5699	-102.5699	-71.0518	0.6927	73.8800	0.7212	2.1e-04	10.3503
2252	-102.5256	-102.5257	-70.4860	0.6875	74.3623	0.7262	2.1e-04	10.3450
2253	-102.5919	-102.5921	-70.5828	0.6880	74.3567	0.7257	2.1e-04	10.3441
2254	-102.5345	-102.5345	-71.3264	0.6956	73.5801	0.7183	2.1e-04	10.3218
2255	-102.5588	-102.5588	-71.0347	0.6926	73.8694	0.7213	2.1e-04	10.3393
2256	-102.5429	-102.5429	-71.4263	0.6966	73.4812	0.7175	2.1e-04	10.3472
2257	-102.5528	-102.5528	-71.5596	0.6978	73.3983	0.7163	2.1e-04	10.3473
2258	-102.5169	-102.5169	-72.1133	0.7034	72.7603	0.7103	2.1e-04	10.3549
2259	-102.5602	-102.5602	-71.7091	0.6992	73.2284	0.7149	2.1e-04	10.3378
2260	-102.5078	-102.5078	-72.1405	0.7038	72.7458	0.7104	2.1e-04	10.3213
2261	-102.5853	-102.5853	-71.7708	0.6996	73.2069	0.7145	2.1e-04	10.3383
2262	-102.5223	-102.5223	-72.1339	0.7036	72.7650	0.7105	2.1e-04	10.3362
2263	-102.5465	-102.5465	-72.7518	0.7095	72.1789	0.7046	2.1e-04	10.3366
2264	-102.5696	-102.5696	-72.3735	0.7056	72.6050	0.7086	2.1e-04	10.3663
2265	-102.5374	-102.5374	-71.9593	0.7018	72.9655	0.7122	2.1e-04	10.3492
2266	-102.5766	-102.5766	-72.5902	0.7077	72.3741	0.7065	2.1e-04	10.3296
2267	-102.5600	-102.5600	-73.1246	0.7130	71.8241	0.7011	2.1e-04	10.3243
2268	-102.5166	-102.5166	-72.3143	0.7054	72.5801	0.7088	2.1e-04	10.3391
2269	-102.5412	-102.5412	-73.7682	0.7194	71.1248	0.6946	2.1e-04	10.3487
2270	-102.5264	-102.5264	-73.7702	0.7195	71.1244	0.6945	2.1e-04	10.3481
2271	-102.5851	-102.5851	-73.9079	0.7205	71.0585	0.6935	2.1e-04	10.3310
2272	-102.5337	-102.5337	-74.0689	0.7224	70.8094	0.6914	2.1e-04	10.3297
2273	-102.5061	-102.5061	-73.4455	0.7165	71.4301	0.6976	2.1e-04	10.3296
2274	-102.5224	-102.5224	-73.4803	0.7167	71.4007	0.6974	2.1e-04	10.3493
2275	-102.5376	-102.5376	-72.9293	0.7112	71.9877	0.7029	2.1e-04	10.3396
2276	-102.5461	-102.5461	-73.3380	0.7152	71.5964	0.6989	2.1e-04	10.3490
2277	-102.5275	-102.5275	-73.0746	0.7127	71.8421	0.7014	2.1e-04	10.3333
2278	-102.5376	-102.5376	-73.5859	0.7176	71.3387	0.6964	2.1e-04	10.3226
2279	-102.5694	-102.5694	-73.4931	0.7165	71.4354	0.6976	2.1e-04	10.3249
2280	-102.5435	-102.5435	-73.0099	0.7120	71.9268	0.7020	2.1e-04	10.3390
2281	-102.5469	-102.5469	-73.0038	0.7119	71.9281	0.7021	2.1e-04	10.3501
2282	-102.5351	-102.5351	-73.2667	0.7146	71.6366	0.6996	2.1e-04	10.3276
2283	-102.5340	-102.5340	-71.7341	0.6996	73.1628	0.7144	2.1e-04	10.3488
2284	-102.5722	-102.5722	-71.2557	0.6947	73.6982	0.7193	2.1e-04	10.3332
2285	-102.5277	-102.5277	-72.0100	0.7023	72.9135	0.7118	2.1e-04	10.3402
2286	-102.5454	-102.5454	-72.1226	0.7033	72.7864	0.7106	2.1e-04	10.3385
2287	-102.5251	-102.5251	-71.7416	0.6997	73.1522	0.7144	2.1e-04	10.3432
2288	-102.5655	-102.5658	-70.2345	0.6848	74.7014	0.7288	2.1e-04	10.3456
2289	-102.5441	-102.5442	-70.9022	0.6914	74.0002	0.7224	2.1e-04	10.3488
2290	-102.5089	-102.5090	-70.8658	0.6913	74.0069	0.7226	2.1e-04	10.3435
2291	-102.5583	-102.5583	-71.2023	0.6943	73.7145	0.7197	2.1e-04	10.3307
2292	-102.5202	-102.5208	-69.1746	0.6747	75.5624	0.7380	2.1e-04	10.3477
2293	-102.5742	-102.5747	-69.3065	0.6757	75.5248	0.7372	2.1e-04	10.3528
2294	-102.5532	-102.5534	-70.2179	0.6847	74.6681	0.7288	2.1e-04	10.3433
2295	-102.5512	-102.5515	-69.8472	0.6811	74.9880	0.7318	2.1e-04	10.3464
2296	-102.5700	-102.5702	-70.3229	0.6856	74.5850	0.7279	2.1e-04	10.3314
2297	-102.5473	-102.5477	-69.5699	0.6784	75.2780	0.7347	2.1e-04	10.3338
2298	-102.5527	-102.5531	-69.5928	0.6786	75.2465	0.7343	2.1e-04	10.3301
2299	-102.5304	-102.5307	-69.9273	0.6820	74.8985	0.7313	2.1e-04	10.3328
2300	-102.5482	-102.5484	-70.3900	0.6864	74.5110	0.7272	2.1e-04	10.3353
2301	-102.5466	-102.5470	-69.6572	0.6793	75.1784	0.7339	2.1e-04	10.3354
2302	-102.5938	-102.5939	-70.9086	0.6912	74.0525	0.7227	2.1e-04	10.3206
2303	-102.5118	-102.5119	-70.7180	0.6899	74.1294	0.7238	2.1e-04	10.3303
2304	-102.5144	-102.5144	-72.3357	0.7056	72.5681	0.7086	2.1e-04	10.3328
2305	-102.5427	-102.5427	-72.9495	0.7114	71.9656	0.7026	2.1e-04	10.3339
2306	-102.5340	-102.5340	-72.1862	0.7040	72.7444	0.7102	2.1e-04	10.3322
2307	-102.5500	-102.5500	-71.5453	0.6977	73.3494	0.7162	2.1e-04	10.3465
2308	-102.5358	-102.5358	-73.1097	0.7130	71.8117	0.7011	2.1e-04	10.3338
2309	-102.5225	-102.5225	-72.7959	0.7100	72.1266	0.7041	2.1e-04	10.3256
2310	-102.4874	-102.4874	-73.1656	0.7139	71.6889	0.7002	2.1e-04	10.3312
2311	-102.5379	-102.5379	-72.1788	0.7039	72.7378	0.7101	2.1e-04	10.3340
2312	-102.5197	-102.5197	-71.8494	0.7008	73.0779	0.7133	2.1e-04	10.3283
2313	-102.5388	-102.5388	-72.3654	0.7057	72.5843	0.7085	2.1e-04	10.3391
2314	-102.5579	-102.5579	-72.1405	0.7034	72.8099	0.7106	2.1e-04	10.3343
2315	-102.5577	-102.5577	-71.9164	0.7012	73.0378	0.7126	2.1e-04	10.3223
2316	-102.5355	-102.5355	-71.9924	0.7021	72.9204	0.7119	2.1e-04	10.3287
2317	-102.5602	-102.5602	-71.2780	0.6950	73.6401	0.7189	2.0e-04	10.3517
2318	-102.5329	-102.5329	-71.8378	0.7006	73.0559	0.7135	2.0e-04	10.3255
2319	-102.5204	-102.5204	-72.6188	0.7083	72.3014	0.7059	2.0e-04	10.3350
2320	-102.5642	-102.5642	-71.7660	0.6997	73.1974	0.7144	2.0e-04	10.3257
2321	-102.5807	-102.5807	-71.9206	0.7011	73.0445	0.7129	2.0e-04	10.3241
2322	-102.5493	-102.5493	-71.8769	0.7009	73.0537	0.7132	2.0e-04	10.3328
2323	-102.5193	-102.5193	-71.4419	0.6969	73.4811	0.7172	2.0e-04	10.3404
2324	-102.5419	-102.5419	-72.7000	0.7090	72.2775	0.7052	2.0e-04	10.3337
2325	-102.5737	-102.5737	-72.0448	0.7024	72.9219	0.7117	2.0e-04	10.3307
2326	-102.5565	-102.5565	-71.9594	0.7017	72.9925	0.7125	2.0e-04	10.3297
2327	-102.5719	-102.5719	-71.8953	0.7009	73.0824	0.7132	2.0e-04	10.3237
2328	-102.5090	-102.5090	-72.9595	0.7117	71.9337	0.7024	2.0e-04	10.3307
2329	-102.5619	-102.5619	-71.9632	0.7017	72.9835	0.7125	2.0e-04	10.3353
2330	-102.5552	-102.5552	-72.3114	0.7051	72.6494	0.7091	2.0e-04	10.3483
2331	-102.5530	-102.5530	-71.6761	0.6989	73.2592	0.7151	2.0e-04	10.3476
2332	-102.5660	-102.5660	-71.6018	0.6981	73.3723	0.7160	2.0e-04	10.3339
2333	-102.5423	-102.5423	-71.8676	0.7009	73.0555	0.7133	2.0e-04	10.3231
2334	-102.5262	-102.5262	-71.3668	0.6961	73.5385	0.7179	2.0e-04	10.3301
2335	-102.5287	-102.5287	-71.9271	0.7015	72.9999	0.7126	2.0e-04	10.3392
2336	-102.5132	-102.5132	-71.7529	0.6999	73.1254	0.7138	2.0e-04	10.3362
2337	-102.5431	-102.5431	-73.0504	0.7124	71.8857	0.7017	2.0e-04	10.3362
2338	-102.5648	-102.5648	-71.6123	0.6982	73.3545	0.7158	2.0e-04	10.3238
2339	-102.5821	-102.5821	-72.0819	0.7027	72.8695	0.7113	2.0e-04	10.3244
2340	-102.5629	-102.5629	-72.5915	0.7078	72.3649	0.7063	2.0e-04	10.3248
2341	-102.5309	-102.5309	-71.8954	0.7012	73.0203	0.7130	2.0e-04	10.3374
2342	-102.5060	-102.5060	-71.8094	0.7005	73.0916	0.7136	2.0e-04	10.3366
2343	-102.5446	-102.5446	-71.5502	0.6977	73.3920	0.7163	2.0e-04	10.3354
2344	-102.4986	-102.4986	-72.0740	0.7032	72.8032	0.7109	2.0e-04	10.3327
2345	-102.4837	-102.4838	-70.8943	0.6918	73.9455	0.7220	2.0e-04	10.3235
2346	-102.5772	-102.5773	-70.8677	0.6909	74.0877	0.7230	2.0e-04	10.3301
2347	-102.5626	-102.5626	-70.8416	0.6907	74.0886	0.7231	2.0e-04	10.3462
2348	-102.4928	-102.4929	-70.8141	0.6909	74.0263	0.7227	2.0e-04	10.3421
2349	-102.5522	-102.5523	-70.9845	0.6922	73.9482	0.7217	2.0e-04	10.3372
2350	-102.5264	-102.5267	-69.8184	0.6810	75.0064	0.7322	2.0e-04	10.3365
2351	-102.5299	-102.5300	-70.5830	0.6884	74.2873	0.7253	2.0e-04	10.3234
2352	-102.5412	-102.5414	-70.5108	0.6876	74.3437	0.7258	2.0e-04	10.3341
2353	-102.5439	-102.5440	-70.6080	0.6886	74.2869	0.7252	2.0e-04	10.3366
2354	-102.5380	-102.5381	-70.6467	0.6890	74.2550	0.7248	2.0e-04	10.3507
2355	-102.5862	-102.5864	-70.4290	0.6865	74.4982	0.7271	2.0e-04	10.3326
2356	-102.5031	-102.5033	-70.3576	0.6864	74.4581	0.7269	2.0e-04	10.3388
2357	-102.5276	-102.5278	-70.7011	0.6896	74.1698	0.7242	2.0e-04	10.3250
2358	-102.5322	-102.5324	-70.5097	0.6877	74.3839	0.7260	2.0e-04	10.3285
2359	-102.5388	-102.5390	-70.6492	0.6890	74.2351	0.7247	2.0e-04	10.3450
2360	-102.5455	-102.5456	-71.1859	0.6942	73.7564	0.7198	2.0e-04	10.3283
2361	-102.5325	-102.5326	-70.6428	0.6890	74.2196	0.7246	2.0e-04	10.3459
2362	-102.5655	-102.5656	-70.6977	0.6893	74.2203	0.7245	2.0e-04	10.3495
2363	-102.5537	-102.5538	-70.7579	0.6900	74.1714	0.7238	2.0e-04	10.3228
2364	-102.5480	-102.5481	-71.0015	0.6924	73.9001	0.7215	2.0e-04	10.3256
2365	-102.5169	-102.5169	-71.2220	0.6947	73.6808	0.7192	2.0e-04	10.3342
2366	-102.5564	-102.5565	-70.9068	0.6914	74.0237	0.7224	2.0e-04	10.3445
2367	-102.5365	-102.5365	-71.5781	0.6981	73.3432	0.7160	2.0e-04	10.3373
2368	-102.5543	-102.5543	-71.6881	0.6990	73.2443	0.7150	2.0e-04	10.3324
2369	-102.5544	-102.5544	-71.3000	0.6952	73.6468	0.7188	2.0e-04	10.3317
2370	-102.5628	-102.5628	-71.8015	0.7001	73.1696	0.7141	2.0e-04	10.3440
2371	-102.5485	-102.5485	-71.6049	0.6983	73.3198	0.7158	2.0e-04	10.3463
2372	-102.5383	-102.5383	-72.4606	0.7067	72.4602	0.7075	2.0e-04	10.3415
2373	-102.5824	-102.5824	-72.4867	0.7066	72.4937	0.7075	2.0e-04	10.3361
2374	-102.5889	-102.5889	-72.9530	0.7111	72.0397	0.7031	2.0e-04	10.3372
2375	-102.5236	-102.5236	-72.5267	0.7074	72.3944	0.7068	2.0e-04	10.3344
2376	-102.5429	-102.5429	-71.5902	0.6981	73.3417	0.7159	2.0e-04	10.3405
2377	-102.5098	-102.5098	-72.4402	0.7067	72.4637	0.7074	2.0e-04	10.3373
2378	-102.5133	-102.5133	-72.2745	0.7050	72.6338	0.7092	2.0e-04	10.3381
2379	-102.5753	-102.5753	-71.8858	0.7008	73.0512	0.7133	2.0e-04	10.3367
2380	-102.5584	-102.5584	-71.8290	0.7004	73.1256	0.7137	2.0e-04	10.3379
2381	-102.5301	-102.5301	-71.7445	0.6997	73.1766	0.7144	2.0e-04	10.3345
2382	-102.5138	-102.5138	-71.6320	0.6988	73.2673	0.7154	2.0e-04	10.3304
2383	-102.5482	-102.5482	-71.3880	0.6961	73.5279	0.7175	2.0e-04	10.3381
2384	-102.5311	-102.5312	-70.5826	0.6884	74.2807	0.7252	2.0e-04	10.3445
2385	-102.5348	-102.5348	-71.3443	0.6958	73.5446	0.7181	2.0e-04	10.3395
2386	-102.5087	-102.5088	-70.8196	0.6909	74.0414	0.7230	2.0e-04	10.3349
2387	-102.5350	-102.5351	-70.8594	0.6911	74.0294	0.7228	2.0e-04	10.3248
2388	-102.5758	-102.5760	-70.3826	0.6862	74.5176	0.7274	2.0e-04	10.3301
2389	-102.5377	-102.5377	-71.3165	0.6955	73.6099	0.7185	2.0e-04	10.3466
2390	-102.5669	-102.5673	-69.5525	0.6781	75.2887	0.7349	2.0e-04	10.3310
2391	-102.5328	-102.5329	-70.6869	0.6894	74.1806	0.7242	2.0e-04	10.3447
2392	-102.5631	-102.5632	-70.7833	0.6901	74.1115	0.7236	2.0e-04	10.3358
2393	-102.5253	-102.5256	-70.0359	0.6831	74.7976	0.7303	2.0e-04	10.3272
2394	-102.5626	-102.5629	-70.2352	0.6848	74.6792	0.7287	2.0e-04	10.3259
2395	-102.4882	-102.4883	-70.5338	0.6882	74.2803	0.7254	2.0e-04	10.3355
2396	-102.5200	-102.5201	-70.5794	0.6884	74.2574	0.7250	2.0e-04	10.3445
2397	-102.5221	-102.5224	-70.0988	0.6837	74.7479	0.7297	2.0e-04	10.3410
2398	-102.5275	-102.5277	-70.4420	0.6871	74.4263	0.7265	2.0e-04	10.3381
2399	-102.5908	-102.5914	-69.2320	0.6748	75.6092	0.7377	2.0e-04	10.3253
2400	-102.5563	-102.5564	-70.7070	0.6894	74.2239	0.7243	2.0e-04	10.3328
2401	-102.5545	-102.5549	-69.8980	0.6816	74.9873	0.7318	2.0e-04	10.3395
2402	-102.5008	-102.5008	-71.5033	0.6976	73.3598	0.7165	2.0e-04	10.3300
2403	-102.5623	-102.5623	-71.4570	0.6967	73.5064	0.7173	2.0e-04	10.3300
2404	-102.4908	-102.4909	-71.0161	0.6929	73.8469	0.7210	2.0e-04	10.3472
2405	-102.5399	-102.5399	-72.1873	0.7040	72.7562	0.7102	2.0e-04	10.3379
2406	-102.5554	-102.5555	-71.5592	0.6978	73.4141	0.7163	2.0e-04	10.3269
2407	-102.5346	-102.5346	-72.1592	0.7038	72.7250	0.7104	2.0e-04	10.3358
2408	-102.5142	-102.5142	-72.6362	0.7085	72.2536	0.7055	2.0e-04	10.3503
2409	-102.5619	-102.5619	-72.6401	0.7083	72.3458	0.7058	2.0e-04	10.3341
2410	-102.5453	-102.5453	-71.7574	0.6998	73.1739	0.7143	2.0e-04	10.3362
2411	-102.5511	-102.5511	-72.1094	0.7032	72.8419	0.7110	2.0e-04	10.3295
2412	-102.5204	-102.5205	-71.2601	0.6951	73.6484	0.7189	2.0e-04	10.3207
2413	-102.5275	-102.5275	-71.2498	0.6949	73.6548	0.7190	2.0e-04	10.3384
2414	-102.5428	-102.5428	-71.8781	0.7010	73.0677	0.7132	2.0e-04	10.3353
2415	-102.5590	-102.5591	-70.7447	0.6898	74.1755	0.7240	2.0e-04	10.3358
2416	-102.5585	-102.5586	-71.3137	0.6953	73.6293	0.7186	2.0e-04	10.3380
2417	-102.5398	-102.5398	-71.8220	0.7004	73.0973	0.7137	2.0e-04	10.3342
2418	-102.5332	-102.5333	-70.9985	0.6924	73.8901	0.7215	2.0e-04	10.3247
2419	-102.5759	-102.5759	-71.5602	0.6976	73.4152	0.7164	2.0e-04	10.3406
2420	-102.5574	-102.5575	-71.4079	0.6963	73.5496	0.7178	2.0e-04	10.3337
2421	-102.5022	-102.5022	-71.6421	0.6989	73.2193	0.7151	2.0e-04	10.3304
2422	-102.5796	-102.5798	-70.2522	0.6849	74.6534	0.7286	2.0e-04	10.3333
2423	-102.5312	-102.5312	-71.6531	0.6988	73.2507	0.7153	2.0e-04	10.3379
2424	-102.5502	-102.5502	-71.1636	0.6939	73.7707	0.7199	2.0e-04	10.3136
2425	-102.5335	-102.5335	-71.6728	0.6990	73.2372	0.7151	2.0e-04	10.3366
2426	-102.5143	-102.5144	-70.8951	0.6916	73.9650	0.7221	2.0e-04	10.3371
2427	-102.5643	-102.5646	-69.9058	0.6816	74.9790	0.7317	2.0e-04	10.3547
2428	-102.5468	-102.5470	-70.1655	0.6842	74.7402	0.7293	2.0e-04	10.3463
2429	-102.5420	-102.5421	-70.8188	0.6906	74.0937	0.7232	2.0e-04	10.3347
2430	-102.5269	-102.5270	-70.7486	0.6900	74.1582	0.7237	2.0e-04	10.3257
2431	-102.5352	-102.5354	-70.6686	0.6892	74.2365	0.7245	2.0e-04	10.3337
2432	-102.4857	-102.4859	-70.1307	0.6843	74.6619	0.7291	2.0e-04	10.3290
2433	-102.5323	-102.5325	-70.4731	0.6873	74.4007	0.7263	2.0e-04	10.3341
2434	-102.5581	-102.5581	-71.1970	0.6942	73.7066	0.7197	2.0e-04	10.3447
2435	-102.5746	-102.5749	-70.2429	0.6848	74.6252	0.7283	2.0e-04	10.3407
2436	-102.5442	-102.5443	-70.5876	0.6884	74.3552	0.7254	2.0e-04	10.3218
2437	-102.5216	-102.5217	-70.7061	0.6897	74.1633	0.7241	2.0e-04	10.3249
2438	-102.5636	-102.5639	-70.0757	0.6832	74.7949	0.7299	2.0e-04	10.3344
2439	-102.5401	-102.5403	-70.2858	0.6854	74.6011	0.7281	2.0e-04	10.3366
2440	-102.5185	-102.5186	-71.1729	0.6942	73.7099	0.7197	2.0e-04	10.3406
2441	-102.5256	-102.5257	-70.5958	0.6886	74.2996	0.7251	2.0e-04	10.3390
2442	-102.5690	-102.5692	-70.4164	0.6865	74.4930	0.7271	2.0e-04	10.3274
2443	-102.5727	-102.5728	-71.0255	0.6924	73.9059	0.7214	2.0e-04	10.3404
2444	-102.5789	-102.5791	-70.3596	0.6859	74.5396	0.7275	2.0e-04	10.3479
2445	-102.5546	-102.5548	-70.1876	0.6844	74.7153	0.7291	2.0e-04	10.3385
2446	-102.5263	-102.5267	-69.7428	0.6802	75.0917	0.7330	2.0e-04	10.3428
2447	-102.5275	-102.5277	-70.1498	0.6842	74.7197	0.7293	2.0e-04	10.3412
2448	-102.5094	-102.5095	-70.8537	0.6912	73.9977	0.7227	2.0e-04	10.3170
2449	-102.5324	-102.5327	-70.1098	0.6838	74.7642	0.7296	2.0e-04	10.3385
2450	-102.5085	-102.5086	-70.6907	0.6896	74.1477	0.7242	2.0e-04	10.3310
2451	-102.5442	-102.5446	-69.8201	0.6809	74.9627	0.7319	2.0e-04	10.3480
2452	-102.5457	-102.5459	-70.5263	0.6878	74.3760	0.7259	2.0e-04	10.3314
2453	-102.5629	-102.5631	-70.3456	0.6859	74.5622	0.7277	2.0e-04	10.3342
2454	-102.5533	-102.5539	-69.1507	0.6743	75.6632	0.7384	2.0e-04	10.3157
2455	-102.5449	-102.5456	-69.1824	0.6747	75.6268	0.7381	2.0e-04	10.3433
2456	-102.5458	-102.5466	-68.8565	0.6715	75.9542	0.7410	2.0e-04	10.3357
2457	-102.5472	-102.5479	-69.2250	0.6751	75.6013	0.7378	2.0e-04	10.3391
2458	-102.5448	-102.5452	-69.5105	0.6779	75.2997	0.7350	2.0e-04	10.3351
2459	-102.5953	-102.5956	-70.0825	0.6831	74.8414	0.7303	2.0e-04	10.3249
2460	-102.5353	-102.5354	-70.6662	0.6892	74.2042	0.7244	2.0e-04	10.3265
2461	-102.5809	-102.5809	-71.4820	0.6968	73.4910	0.7170	2.0e-04	10.3459
2462	-102.5378	-102.5378	-71.3139	0.6955	73.6038	0.7185	2.0e-04	10.3397
2463	-102.5523	-102.5523	-71.0845	0.6932	73.8518	0.7208	2.0e-04	10.3343
2464	-102.5325	-102.5325	-72.3183	0.7053	72.6281	0.7088	2.0e-04	10.3327
2465	-102.5214	-102.5215	-71.2493	0.6950	73.6477	0.7190	2.0e-04	10.3317
2466	-102.5696	-102.5696	-71.2091	0.6943	73.7523	0.7197	2.0e-04	10.3257
2467	-102.5166	-102.5166	-72.0749	0.7031	72.8225	0.7111	2.0e-04	10.3397
2468	-102.5547	-102.5547	-71.6658	0.6988	73.2708	0.7152	2.0e-04	10.3212
2469	-102.5302	-102.5302	-71.7307	0.6996	73.1373	0.7138	2.0e-04	10.3328
2470	-102.5707	-102.5707	-71.5206	0.6973	73.4438	0.7168	2.0e-04	10.3292
2471	-102.5415	-102.5415	-71.6485	0.6987	73.2791	0.7154	2.0e-04	10.3378
2472	-102.5570	-102.5570	-72.1974	0.7040	72.7585	0.7102	2.0e-04	10.3270
2473	-102.5173	-102.5173	-71.8888	0.7012	73.0074	0.7129	2.0e-04	10.3255
2474	-102.4731	-102.4731	-71.7891	0.7006	73.0585	0.7134	2.0e-04	10.3399
2475	-102.5401	-102.5402	-70.9621	0.6920	73.9387	0.7218	2.0e-04	10.3350
2476	-102.5133	-102.5133	-71.7238	0.6997	73.1598	0.7140	2.0e-04	10.3510
2477	-102.5582	-102.5584	-70.4667	0.6871	74.4453	0.7266	2.0e-04	10.3360
2478	-102.5506	-102.5507	-70.9945	0.6923	73.9311	0.7215	2.0e-04	10.3293
2479	-102.5790	-102.5790	-71.7778	0.6997	73.1897	0.7144	2.0e-04	10.3279
2480	-102.5425	-102.5426	-71.1847	0.6942	73.7173	0.7195	2.0e-04	10.3383
2481	-102.5334	-102.5334	-72.1058	0.7032	72.8155	0.7110	2.0e-04	10.3350
2482	-102.5426	-102.5426	-72.2751	0.7048	72.6338	0.7094	2.0e-04	10.3425
2483	-102.5081	-102.5081	-72.7535	0.7097	72.1313	0.7044	2.0e-04	10.3354
2484	-102.5707	-102.5707	-72.4376	0.7062	72.5464	0.7080	2.0e-04	10.3165
2485	-102.5496	-102.5496	-72.1651	0.7037	72.7927	0.7104	2.0e-04	10.3315
2486	-102.5402	-102.5402	-71.9286	0.7015	72.9797	0.7126	2.0e-04	10.3335
2487	-102.5076	-102.5076	-72.0829	0.7032	72.8039	0.7110	2.0e-04	10.3404
2488	-102.5328	-102.5328	-72.1009	0.7032	72.8364	0.7110	2.0e-04	10.3349
2489	-102.5322	-102.5322	-71.3853	0.6962	73.5206	0.7178	2.0e-04	10.3272
2490	-102.5554	-102.5555	-70.9570	0.6919	73.9656	0.7220	2.0e-04	10.3279
2491	-102.5756	-102.5759	-70.1420	0.6838	74.7389	0.7296	2.0e-04	10.3295
2492	-102.5855	-102.5858	-70.0558	0.6829	74.8566	0.7305	2.0e-04	10.3396
2493	-102.5153	-102.5157	-69.6502	0.6794	75.1264	0.7336	2.0e-04	10.3510
2494	-102.5440	-102.5444	-69.7835	0.6805	75.0518	0.7326	2.0e-04	10.3321
2495	-102.5066	-102.5071	-69.3646	0.6767	75.3670	0.7358	2.0e-04	10.3377
2496	-102.5051	-102.5054	-70.2052	0.6849	74.6231	0.7286	2.0e-04	10.3354
2497	-102.5932	-102.5935	-70.3458	0.6857	74.6046	0.7279	2.0e-04	10.3295
2498	-102.5532	-102.5533	-70.6383	0.6888	74.2819	0.7249	2.0e-04	10.3379
2499	-102.5453	-102.5455	-70.3524	0.6861	74.5119	0.7275	2.0e-04	10.3445
2500	-102.5082	-102.5084	-70.3438	0.6862	74.4821	0.7273	2.0e-04	10.3365
2501	-102.5281	-102.5284	-70.1580	0.6843	74.7187	0.7292	2.0e-04	10.3224
2502	-102.5282	-102.5283	-70.6012	0.6886	74.2635	0.7250	2.0e-04	10.3267
2503	-102.5510	-102.5510	-71.3928	0.6962	73.5005	0.7175	2.0e-04	10.3280
2504	-102.5343	-102.5346	-70.2639	0.6853	74.6007	0.7283	2.0e-04	10.3444
2505	-102.5498	-102.5500	-70.3499	0.6860	74.5508	0.7276	2.0e-04	10.3345
2506	-102.5332	-102.5333	-70.7001	0.6895	74.1874	0.7242	2.0e-04	10.3341
2507	-102.5669	-102.5669	-72.1076	0.7030	72.8596	0.7112	2.0e-04	10.3459
2508	-102.5366	-102.5367	-70.9884	0.6923	73.9001	0.7216	2.0e-04	10.3403
2509	-102.5902	-102.5903	-70.7931	0.6901	74.1356	0.7237	2.0e-04	10.3289
2510	-102.5185	-102.5185	-71.7542	0.6999	73.1426	0.7141	2.0e-04	10.3373
2511	-102.5564	-102.5565	-70.7734	0.6901	74.1287	0.7237	2.0e-04	10.3405
2512	-102.5847	-102.5847	-71.7502	0.6994	73.2281	0.7147	2.0e-04	10.3401
2513	-102.5424	-102.5424	-71.2272	0.6946	73.6715	0.7192	2.0e-04	10.3370
2514	-102.5586	-102.5586	-71.9085	0.7011	73.0178	0.7128	2.0e-04	10.3384
2515	-102.5805	-102.5805	-71.6079	0.6981	73.3659	0.7159	2.0e-04	10.3280
2516	-102.5475	-102.5475	-71.7639	0.6998	73.1625	0.7141	2.0e-04	10.3370
2517	-102.5074	-102.5074	-71.4797	0.6973	73.4173	0.7166	2.0e-04	10.3368
2518	-102.5680	-102.5680	-71.7465	0.6995	73.2061	0.7145	2.0e-04	10.3404
2519	-102.5557	-102.5557	-71.3302	0.6955	73.5479	0.7179	2.0e-04	10.3329
2520	-102.5382	-102.5382	-72.0578	0.7027	72.8796	0.7113	2.0e-04	10.3238
2521	-102.5418	-102.5418	-71.2511	0.6948	73.6863	0.7192	2.0e-04	10.3245
2522	-102.5341	-102.5343	-70.2919	0.6855	74.5646	0.7280	2.0e-04	10.3334
2523	-102.4855	-102.4855	-71.7133	0.6997	73.1279	0.7141	2.0e-04	10.3503
2524	-102.5852	-102.5854	-70.3048	0.6853	74.5947	0.7281	2.0e-04	10.3317
2525	-102.5504	-102.5506	-70.2449	0.6850	74.6399	0.7286	2.0e-04	10.3341
2526	-102.5258	-102.5260	-70.3242	0.6859	74.5357	0.7276	2.0e-04	10.3332
2527	-102.5465	-102.5465	-71.6640	0.6988	73.1843	0.7144	2.0e-04	10.3238
2528	-102.5581	-102.5582	-70.9411	0.6917	73.9879	0.7222	2.0e-04	10.3285
2529	-102.5607	-102.5607	-70.9802	0.6921	73.9462	0.7218	2.0e-04	10.3327
2530	-102.5347	-102.5349	-70.4646	0.6872	74.4190	0.7264	2.0e-04	10.3356
2531	-102.5405	-102.5409	-69.7163	0.6799	75.1225	0.7333	2.0e-04	10.3384
2532	-102.5029	-102.5032	-69.9916	0.6828	74.8151	0.7305	2.0e-04	10.3418
2533	-102.5462	-102.5464	-70.4663	0.6872	74.4083	0.7264	2.0e-04	10.3230
2534	-102.5265	-102.5265	-70.9894	0.6924	73.8948	0.7215	2.0e-04	10.3281
2535	-102.5388	-102.5388	-70.9397	0.6918	73.9314	0.7216	2.0e-04	10.3365
2536	-102.5090	-102.5092	-70.3822	0.6866	74.4381	0.7267	2.0e-04	10.3331
2537	-102.5584	-102.5585	-71.2302	0.6945	73.6900	0.7193	2.0e-04	10.3490
2538	-102.5543	-102.5544	-70.6289	0.6887	74.2644	0.7247	2.0e-04	10.3389
2539	-102.5403	-102.5403	-71.4257	0.6966	73.4637	0.7172	2.0e-04	10.3244
2540	-102.5720	-102.5720	-71.1077	0.6932	73.8249	0.7206	2.0e-04	10.3394
2541	-102.5398	-102.5400	-70.1481	0.6841	74.7043	0.7294	2.0e-04	10.3344
2542	-102.5251	-102.5251	-71.2473	0.6949	73.6689	0.7191	2.0e-04	10.3342
2543	-102.5147	-102.5147	-72.2666	0.7049	72.6368	0.7092	2.0e-04	10.3359
2544	-102.5508	-102.5508	-71.7607	0.6998	73.1998	0.7144	2.0e-04	10.3407
2545	-102.5268	-102.5268	-71.4645	0.6970	73.4512	0.7170	2.0e-04	10.3252
2546	-102.5138	-102.5138	-72.3331	0.7056	72.5740	0.7086	2.0e-04	10.3344
2547	-102.5186	-102.5186	-72.1589	0.7039	72.7454	0.7103	2.0e-04	10.3325
2548	-102.5602	-102.5602	-72.0255	0.7023	72.9201	0.7118	2.0e-04	10.3469
2549	-102.5101	-102.5102	-71.0822	0.6934	73.7979	0.7205	2.0e-04	10.3370
2550	-102.5755	-102.5756	-71.0934	0.6931	73.8724	0.7208	2.0e-04	10.3410
2551	-102.5352	-102.5352	-71.3996	0.6963	73.4998	0.7175	2.0e-04	10.3274
2552	-102.5587	-102.5587	-71.8369	0.7004	73.1240	0.7137	2.0e-04	10.3353
2553	-102.5484	-102.5484	-72.1190	0.7033	72.8104	0.7109	2.0e-04	10.3483
2554	-102.5565	-102.5566	-71.0282	0.6926	73.9014	0.7213	2.0e-04	10.3408
2555	-102.5688	-102.5688	-71.1750	0.6939	73.7682	0.7200	2.0e-04	10.3370
2556	-102.5368	-102.5369	-70.6672	0.6892	74.2345	0.7245	2.0e-04	10.3222
2557	-102.5680	-102.5680	-71.9908	0.7019	72.9525	0.7121	2.0e-04	10.3287
2558	-102.5871	-102.5871	-71.5816	0.6978	73.3952	0.7163	2.0e-04	10.3321
2559	-102.5595	-102.5595	-71.8121	0.7002	73.1354	0.7139	2.0e-04	10.3478
2560	-102.5614	-102.5614	-71.4206	0.6964	73.5361	0.7177	2.0e-04	10.3477
2561	-102.5614	-102.5614	-71.8997	0.7010	73.0464	0.7131	2.0e-04	10.3305
2562	-102.5626	-102.5627	-71.1891	0.6941	73.7825	0.7199	2.0e-04	10.3463
2563	-102.5755	-102.5755	-72.6036	0.7078	72.3730	0.7064	2.0e-04	10.3291
2564	-102.5580	-102.5580	-71.5483	0.6976	73.4000	0.7164	2.0e-04	10.3233
2565	-102.5188	-102.5188	-72.9053	0.7111	71.9855	0.7030	2.0e-04	10.3432
2566	-102.5902	-102.5902	-72.2407	0.7042	72.7249	0.7098	2.0e-04	10.3343
2567	-102.5450	-102.5450	-72.2753	0.7048	72.6615	0.7092	2.0e-04	10.3382
2568	-102.5291	-102.5291	-71.7079	0.6994	73.2100	0.7147	2.0e-04	10.3383
2569	-102.5506	-102.5506	-71.8860	0.7010	73.0590	0.7132	2.0e-04	10.3259
2570	-102.5230	-102.5230	-72.0650	0.7029	72.8500	0.7113	2.0e-04	10.3291
2571	-102.4773	-102.4773	-71.4816	0.6975	73.3572	0.7165	2.0e-04	10.3418
2572	-102.5509	-102.5509	-71.9991	0.7021	72.9518	0.7121	2.0e-04	10.3261
2573	-102.5736	-102.5736	-71.8538	0.7005	73.1252	0.7136	2.0e-04	10.3347
2574	-102.5483	-102.5483	-71.1582	0.6939	73.7655	0.7201	2.0e-04	10.3282
2575	-102.4849	-102.4849	-71.0714	0.6935	73.7821	0.7205	2.0e-04	10.3223
2576	-102.5704	-102.5706	-70.4036	0.6864	74.5058	0.7272	2.0e-04	10.3356
2577	-102.5535	-102.5536	-70.8471	0.6908	74.0486	0.7228	2.0e-04	10.3264
2578	-102.4982	-102.4982	-72.1228	0.7036	72.7493	0.7103	2.0e-04	10.3502
2579	-102.5838	-102.5840	-70.7298	0.6895	74.2235	0.7243	2.0e-04	10.3458
2580	-102.5362	-102.5363	-70.9958	0.6924	73.9175	0.7214	2.0e-04	10.3365
2581	-102.5273	-102.5273	-71.0808	0.6933	73.8104	0.7206	2.0e-04	10.3222
2582	-102.5163	-102.5163	-71.4705	0.6972	73.4143	0.7169	2.0e-04	10.3282
2583	-102.5290	-102.5290	-71.8952	0.7012	73.0555	0.7129	2.0e-04	10.3251
2584	-102.5724	-102.5724	-71.4727	0.6968	73.4954	0.7173	2.0e-04	10.3474
2585	-102.5657	-102.5658	-71.1478	0.6937	73.8140	0.7203	2.0e-04	10.3281
2586	-102.5600	-102.5600	-71.4257	0.6964	73.5429	0.7176	2.0e-04	10.3476
2587	-102.5417	-102.5417	-71.5103	0.6974	73.3815	0.7161	2.0e-04	10.3221
2588	-102.5280	-102.5280	-71.2503	0.6949	73.6810	0.7191	2.0e-04	10.3314
2589	-102.5127	-102.5127	-71.2904	0.6954	73.5993	0.7186	2.0e-04	10.3381
2590	-102.5618	-102.5619	-70.9867	0.6921	73.9498	0.7218	2.0e-04	10.3438
2591	-102.5616	-102.5616	-72.1715	0.7037	72.8086	0.7105	2.0e-04	10.3204
2592	-102.5389	-102.5389	-72.7013	0.7090	72.2396	0.7052	2.0e-04	10.3383
2593	-102.5375	-102.5375	-72.5166	0.7072	72.4142	0.7070	2.0e-04	10.3254
2594	-102.5363	-102.5363	-71.5230	0.6975	73.3962	0.7163	2.0e-04	10.3339
2595	-102.5062	-102.5062	-71.8000	0.7004	73.0983	0.7137	2.0e-04	10.3440
2596	-102.5331	-102.5331	-72.1330	0.7035	72.7921	0.7106	2.0e-04	10.3337
2597	-102.5216	-102.5216	-71.7475	0.6998	73.1540	0.7141	2.0e-04	10.3353
2598	-102.5678	-102.5678	-71.7468	0.6995	73.2407	0.7146	2.0e-04	10.3354
2599	-102.5387	-102.5387	-72.2475	0.7046	72.6798	0.7096	2.0e-04	10.3259
2600	-102.5325	-102.5325	-72.3054	0.7052	72.6426	0.7090	2.0e-04	10.3231
2601	-102.5614	-102.5614	-72.2399	0.7044	72.7220	0.7098	2.0e-04	10.3290
2602	-102.5126	-102.5126	-71.7198	0.6996	73.1684	0.7145	2.0e-04	10.3311
2603	-102.5410	-102.5410	-71.7744	0.7000	73.1668	0.7142	2.0e-04	10.3362
2604	-102.5834	-102.5835	-70.8799	0.6909	74.0678	0.7229	2.0e-04	10.3338
2605	-102.5018	-102.5019	-71.1244	0.6939	73.7177	0.7199	2.0e-04	10.3313
2606	-102.5664	-102.5666	-70.4891	0.6873	74.4249	0.7264	2.0e-04	10.3287
2607	-102.5416	-102.5418	-70.3578	0.6861	74.5335	0.7275	2.0e-04	10.3389
2608	-102.5514	-102.5516	-70.2626	0.6851	74.6459	0.7284	2.0e-04	10.3374
2609	-102.5303	-102.5305	-70.3924	0.6866	74.4762	0.7271	2.0e-04	10.3427
2610	-102.5297	-102.5300	-70.0406	0.6831	74.7959	0.7300	2.0e-04	10.3324
2611	-102.5392	-102.5394	-70.4166	0.6867	74.4753	0.7269	2.0e-04	10.3250
2612	-102.5403	-102.5405	-70.3923	0.6865	74.4836	0.7271	2.0e-04	10.3198
2613	-102.5307	-102.5308	-71.0652	0.6931	73.8516	0.7208	2.0e-04	10.3352
2614	-102.5500	-102.5504	-69.7301	0.6800	75.1202	0.7332	2.0e-04	10.3487
2615	-102.5439	-102.5441	-70.2987	0.6855	74.5816	0.7279	2.0e-04	10.3364
2616	-102.5518	-102.5519	-71.0046	0.6924	73.9059	0.7213	2.0e-04	10.3333
2617	-102.5189	-102.5189	-70.9805	0.6924	73.8957	0.7215	2.0e-04	10.3178
2618	-102.5464	-102.5465	-71.0957	0.6933	73.8158	0.7206	2.0e-04	10.3233
2619	-102.5442	-102.5442	-71.1854	0.6942	73.7436	0.7197	2.0e-04	10.3368
2620	-102.5156	-102.5156	-71.0285	0.6929	73.8381	0.7209	2.0e-04	10.3330
2621	-102.5035	-102.5036	-70.7910	0.6906	74.0726	0.7232	2.0e-04	10.3363
2622	-102.5330	-102.5331	-70.8165	0.6907	74.0846	0.7232	2.0e-04	10.3354
2623	-102.5460	-102.5461	-70.7124	0.6896	74.1984	0.7242	2.0e-04	10.3297
2624	-102.5750	-102.5753	-70.1673	0.6841	74.7428	0.7294	2.0e-04	10.3249
2625	-102.5742	-102.5743	-70.7499	0.6897	74.1919	0.7240	2.0e-04	10.3354
2626	-102.5723	-102.5723	-71.0160	0.6924	73.9392	0.7216	2.0e-04	10.3340
2627	-102.5130	-102.5130	-71.3240	0.6958	73.5573	0.7182	2.0e-04	10.3386
2628	-102.5286	-102.5286	-71.3361	0.6958	73.5496	0.7180	2.0e-04	10.3477
2629	-102.5923	-102.5923	-71.8992	0.7008	73.0988	0.7133	2.0e-04	10.3311
2630	-102.5739	-102.5739	-72.3339	0.7052	72.6380	0.7090	2.0e-04	10.3213
2631	-102.5411	-102.5411	-71.7169	0.6994	73.2102	0.7147	2.0e-04	10.3290
2632	-102.5441	-102.5441	-71.4323	0.6966	73.4582	0.7172	2.0e-04	10.3403
2633	-102.5440	-102.5440	-72.0126	0.7023	72.9580	0.7119	2.0e-04	10.3366
2634	-102.4845	-102.4846	-71.2007	0.6947	73.6549	0.7192	2.0e-04	10.3368
2635	-102.5515	-102.5515	-72.5090	0.7071	72.4572	0.7071	2.0e-04	10.3327
2636	-102.5657	-102.5657	-72.4551	0.7064	72.5337	0.7077	2.0e-04	10.3162
2637	-102.5597	-102.5597	-72.4000	0.7059	72.5909	0.7083	2.0e-04	10.3388
2638	-102.5654	-102.5654	-72.6026	0.7079	72.3694	0.7063	2.0e-04	10.3351
2639	-102.5353	-102.5353	-72.5668	0.7077	72.3518	0.7065	2.0e-04	10.3415
2640	-102.5583	-102.5583	-71.8930	0.7010	73.0568	0.7131	2.0e-04	10.3285
2641	-102.5399	-102.5399	-72.4421	0.7065	72.5021	0.7076	2.0e-04	10.3413
2642	-102.5088	-102.5088	-72.6027	0.7083	72.2751	0.7057	2.0e-04	10.3167
2643	-102.5114	-102.5114	-73.4305	0.7163	71.4719	0.6977	2.0e-04	10.3226
2644	-102.5638	-102.5638	-72.1930	0.7039	72.7589	0.7103	2.0e-04	10.3305
2645	-102.5283	-102.5283	-72.7725	0.7098	72.1627	0.7044	2.0e-04	10.3434
2646	-102.5402	-102.5402	-73.4271	0.7161	71.4942	0.6980	2.0e-04	10.3431
2647	-102.5631	-102.5631	-73.1537	0.7133	71.8190	0.7009	2.0e-04	10.3451
2648	-102.5344	-102.5344	-73.1809	0.7137	71.7480	0.7004	2.0e-04	10.3211
2649	-102.5209	-102.5209	-73.1209	0.7132	71.8109	0.7009	2.0e-04	10.3237
2650	-102.5498	-102.5498	-73.6936	0.7186	71.2268	0.6951	2.0e-04	10.3352
2651	-102.5494	-102.5494	-71.6574	0.6988	73.2614	0.7152	2.0e-04	10.3274
2652	-102.5323	-102.5323	-71.9017	0.7013	73.0395	0.7129	2.0e-04	10.3353
2653	-102.5131	-102.5131	-72.0820	0.7031	72.8155	0.7110	2.0e-04	10.3370
2654	-102.5364	-102.5364	-72.9894	0.7118	71.9546	0.7023	2.0e-04	10.3243
2655	-102.5527	-102.5527	-72.0435	0.7025	72.9065	0.7117	2.0e-04	10.3252
2656	-102.5587	-102.5587	-73.0107	0.7119	71.9100	0.7020	2.0e-04	10.3353
2657	-102.5452	-102.5452	-73.0347	0.7122	71.9080	0.7019	2.0e-04	10.3271
2658	-102.5404	-102.5404	-71.7909	0.7001	73.1086	0.7139	2.0e-04	10.3544
2659	-102.5439	-102.5439	-72.0473	0.7026	72.8802	0.7116	2.0e-04	10.3421
2660	-102.5477	-102.5477	-71.9943	0.7021	72.9513	0.7121	2.0e-04	10.3186
2661	-102.5504	-102.5504	-72.1454	0.7035	72.8073	0.7107	2.0e-04	10.3302
2662	-102.5360	-102.5360	-72.5953	0.7080	72.3402	0.7062	2.0e-04	10.3321
2663	-102.5945	-102.5946	-71.0779	0.6928	73.9057	0.7211	2.0e-04	10.3402
2664	-102.5282	-102.5282	-71.5429	0.6978	73.3570	0.7162	2.0e-04	10.3297
2665	-102.5654	-102.5654	-71.6444	0.6985	73.2956	0.7155	2.0e-04	10.3332
2666	-102.5854	-102.5855	-70.8485	0.6906	74.1177	0.7232	2.0e-04	10.3251
2667	-102.5359	-102.5359	-71.9680	0.7019	72.9701	0.7122	2.0e-04	10.3304
2668	-102.5514	-102.5514	-71.6226	0.6984	73.3024	0.7155	2.0e-04	10.3364
2669	-102.5591	-102.5591	-72.1634	0.7036	72.7925	0.7106	2.0e-04	10.3211
2670	-102.5044	-102.5045	-70.6844	0.6896	74.1483	0.7241	2.0e-04	10.3298
2671	-102.5187	-102.5187	-72.2563	0.7048	72.6267	0.7093	2.0e-04	10.3348
2672	-102.5527	-102.5528	-71.1610	0.6939	73.7779	0.7201	2.0e-04	10.3165
2673	-102.5371	-102.5371	-71.1567	0.6940	73.7747	0.7200	2.0e-04	10.3280
2674	-102.5791	-102.5791	-71.6191	0.6982	73.3057	0.7155	2.0e-04	10.3322
2675	-102.5640	-102.5640	-71.8569	0.7006	73.0676	0.7131	2.0e-04	10.3337
2676	-102.5238	-102.5238	-71.2250	0.6947	73.6713	0.7193	2.0e-04	10.3330
2677	-102.5534	-102.5534	-71.6401	0.6986	73.3050	0.7155	2.0e-04	10.3282
2678	-102.5336	-102.5336	-72.0405	0.7026	72.8772	0.7115	2.0e-04	10.3185
2679	-102.5412	-102.5412	-71.4885	0.6972	73.4038	0.7166	2.0e-04	10.3258
2680	-102.5033	-102.5033	-71.0972	0.6936	73.7671	0.7203	2.0e-04	10.3413
2681	-102.4920	-102.4920	-71.9614	0.7021	72.9341	0.7121	2.0e-04	10.3480
2682	-102.5768	-102.5768	-71.8177	0.7001	73.1548	0.7140	2.0e-04	10.3368
2683	-102.5226	-102.5226	-72.3567	0.7058	72.5594	0.7084	2.0e-04	10.3323
2684	-102.5235	-102.5235	-72.7953	0.7100	72.0976	0.7041	2.0e-04	10.3270
2685	-102.5372	-102.5372	-71.3719	0.6961	73.5273	0.7180	2.0e-04	10.3359
2686	-102.5486	-102.5486	-72.4668	0.7067	72.4445	0.7072	2.0e-04	10.3278
2687	-102.5412	-102.5413	-71.1146	0.6935	73.7454	0.7200	2.0e-04	10.3345
2688	-102.5671	-102.5671	-71.4095	0.6962	73.5378	0.7177	2.0e-04	10.3313
2689	-102.5370	-102.5370	-70.8943	0.6914	74.0137	0.7224	2.0e-04	10.3298
2690	-102.5134	-102.5134	-71.8714	0.7011	73.0016	0.7129	2.0e-04	10.3267
2691	-102.5818	-102.5820	-70.3746	0.6860	74.5573	0.7276	2.0e-04	10.3308
2692	-102.5294	-102.5295	-70.6878	0.6894	74.1913	0.7243	1.9e-04	10.3398
2693	-102.5211	-102.5213	-70.3921	0.6866	74.4895	0.7270	1.9e-04	10.3382
2694	-102.5582	-102.5583	-70.8945	0.6913	74.0203	0.7226	1.9e-04	10.3339
2695	-102.5412	-102.5413	-71.4395	0.6967	73.4870	0.7173	1.9e-04	10.3393
2696	-102.5407	-102.5407	-71.1217	0.6936	73.7950	0.7203	1.9e-04	10.3243
2697	-102.5339	-102.5344	-69.5827	0.6786	75.2142	0.7344	1.9e-04	10.3274
2698	-102.5665	-102.5665	-71.4260	0.6964	73.5141	0.7176	1.9e-04	10.3341
2699	-102.5305	-102.5307	-70.4855	0.6875	74.3722	0.7261	1.9e-04	10.3320
2700	-102.5710	-102.5710	-71.5734	0.6978	73.3890	0.7163	1.9e-04	10.3317
2701	-102.5270	-102.5270	-71.0852	0.6933	73.8398	0.7206	1.9e-04	10.3247
2702	-102.5475	-102.5477	-70.2716	0.6853	74.6164	0.7283	1.9e-04	10.3212
2703	-102.5513	-102.5513	-70.8730	0.6911	74.0279	0.7228	1.9e-04	10.3288
2704	-102.5766	-102.5769	-70.1784	0.6842	74.7021	0.7293	1.9e-04	10.3417
2705	-102.5422	-102.5423	-70.7874	0.6903	74.0702	0.7232	1.9e-04	10.3486
2706	-102.5617	-102.5618	-70.9172	0.6915	74.0186	0.7224	1.9e-04	10.3410
2707	-102.5580	-102.5580	-71.3931	0.6961	73.5388	0.7179	1.9e-04	10.3482
2708	-102.5594	-102.5597	-70.0692	0.6832	74.7933	0.7302	1.9e-04	10.3290
2709	-102.5542	-102.5543	-70.8406	0.6908	74.0750	0.7230	1.9e-04	10.3258
2710	-102.5449	-102.5449	-71.3815	0.6961	73.5297	0.7178	1.9e-04	10.3344
2711	-102.5207	-102.5207	-71.9740	0.7020	72.9609	0.7121	1.9e-04	10.3306
2712	-102.5364	-102.5364	-71.4206	0.6965	73.4836	0.7174	1.9e-04	10.3283
2713	-102.5727	-102.5730	-70.0802	0.6832	74.8043	0.7302	1.9e-04	10.3295
2714	-102.5242	-102.5242	-71.4492	0.6969	73.4322	0.7171	1.9e-04	10.3267
2715	-102.5475	-102.5476	-70.7977	0.6904	74.1021	0.7232	1.9e-04	10.3320
2716	-102.5497	-102.5497	-71.8284	0.7004	73.1144	0.7137	1.9e-04	10.3322
2717	-102.5217	-102.5218	-71.0125	0.6927	73.8775	0.7212	1.9e-04	10.3425
2718	-102.5393	-102.5393	-71.8961	0.7012	73.0400	0.7129	1.9e-04	10.3338
2719	-102.5649	-102.5649	-71.9695	0.7017	72.9859	0.7124	1.9e-04	10.3509
2720	-102.5799	-102.5799	-71.6056	0.6980	73.3777	0.7160	1.9e-04	10.3282
2721	-102.5543	-102.5543	-72.2897	0.7049	72.6916	0.7093	1.9e-04	10.3363
2722	-102.5447	-102.5447	-72.5380	0.7074	72.3955	0.7068	1.9e-04	10.3369
2723	-102.5207	-102.5207	-73.6546	0.7184	71.2462	0.6955	1.9e-04	10.3345
2724	-102.5530	-102.5530	-72.7142	0.7090	72.2170	0.7049	1.9e-04	10.3360
2725	-102.5864	-102.5864	-73.2811	0.7143	71.6960	0.6998	1.9e-04	10.3485
2726	-102.5608	-102.5608	-73.0983	0.7127	71.8251	0.7010	1.9e-04	10.3259
2727	-102.5548	-102.5548	-73.9326	0.7209	70.9923	0.6930	1.9e-04	10.3248
2728	-102.5516	-102.5516	-73.6773	0.7184	71.2590	0.6956	1.9e-04	10.3335
2729	-102.5313	-102.5313	-73.5223	0.7171	71.3777	0.6969	1.9e-04	10.3477
2730	-102.5377	-102.5377	-73.4574	0.7164	71.4861	0.6977	1.9e-04	10.3278
2731	-102.5726	-102.5726	-73.1094	0.7128	71.8418	0.7014	1.9e-04	10.3284
2732	-102.5384	-102.5384	-73.4778	0.7166	71.4495	0.6974	1.9e-04	10.3315
2733	-102.5327	-102.5327	-73.5259	0.7171	71.3853	0.6969	1.9e-04	10.3244
2734	-102.5794	-102.5794	-73.5736	0.7172	71.3896	0.6968	1.9e-04	10.3354
2735	-102.5384	-102.5384	-72.9553	0.7115	71.9895	0.7027	1.9e-04	10.3435
2736	-102.5362	-102.5362	-73.7017	0.7188	71.2126	0.6952	1.9e-04	10.3352
2737	-102.5476	-102.5476	-73.1149	0.7130	71.8372	0.7011	1.9e-04	10.3389
2738	-102.5242	-102.5242	-72.8940	0.7110	72.0285	0.7032	1.9e-04	10.3394
2739	-102.5482	-102.5482	-73.2756	0.7145	71.6787	0.6995	1.9e-04	10.3234
2740	-102.5308	-102.5308	-72.0642	0.7029	72.8768	0.7113	1.9e-04	10.3275
2741	-102.5381	-102.5381	-72.9914	0.7118	71.9247	0.7023	1.9e-04	10.3327
2742	-102.5425	-102.5425	-73.0345	0.7122	71.8870	0.7019	1.9e-04	10.3383
2743	-102.5412	-102.5412	-72.5201	0.7072	72.4343	0.7070	1.9e-04	10.3314
2744	-102.5325	-102.5325	-73.6546	0.7184	71.2649	0.6956	1.9e-04	10.3275
2745	-102.5167	-102.5167	-72.5797	0.7080	72.3195	0.7062	1.9e-04	10.3257
2746	-102.5522	-102.5522	-72.6191	0.7081	72.3273	0.7061	1.9e-04	10.3307
2747	-102.5911	-102.5911	-73.9407	0.7207	71.0052	0.6932	1.9e-04	10.3344
2748	-102.5557	-102.5557	-72.3910	0.7059	72.5621	0.7083	1.9e-04	10.3295
2749	-102.5785	-102.5785	-72.4376	0.7062	72.5632	0.7080	1.9e-04	10.3307
2750	-102.5335	-102.5335	-72.8823	0.7108	72.0786	0.7034	1.9e-04	10.3335
2751	-102.5287	-102.5287	-72.7929	0.7100	72.1440	0.7042	1.9e-04	10.3214
2752	-102.5476	-102.5476	-72.3577	0.7056	72.6121	0.7086	1.9e-04	10.3423
2753	-102.5400	-102.5400	-72.5694	0.7077	72.3758	0.7064	1.9e-04	10.3337
2754	-102.5328	-102.5328	-72.4496	0.7066	72.4731	0.7075	1.9e-04	10.3387
2755	-102.5346	-102.5346	-72.7707	0.7097	72.1492	0.7043	1.9e-04	10.3323
2756	-102.5203	-102.5203	-72.5116	0.7073	72.4072	0.7069	1.9e-04	10.3496
2757	-102.5293	-102.5293	-72.1340	0.7035	72.7938	0.7106	1.9e-04	10.3228
2758	-102.5212	-102.5212	-71.8785	0.7011	73.0486	0.7130	1.9e-04	10.3472
2759	-102.5231	-102.5231	-71.5921	0.6983	73.3178	0.7158	1.9e-04	10.3289
2760	-102.5346	-102.5346	-71.4979	0.6973	73.4323	0.7168	1.9e-04	10.3421
2761	-102.5858	-102.5859	-70.8923	0.6911	74.0648	0.7228	1.9e-04	10.3343
2762	-102.5744	-102.5744	-71.2808	0.6949	73.6772	0.7190	1.9e-04	10.3400
2763	-102.5590	-102.5592	-70.4674	0.6871	74.3928	0.7263	1.9e-04	10.3242
2764	-102.5149	-102.5152	-70.2637	0.6854	74.5753	0.7281	1.9e-04	10.3257
2765	-102.5474	-102.5474	-71.2253	0.6946	73.6937	0.7193	1.9e-04	10.3500
2766	-102.5452	-102.5453	-70.9543	0.6919	73.9789	0.7219	1.9e-04	10.3273
2767	-102.5438	-102.5439	-70.4697	0.6872	74.4157	0.7264	1.9e-04	10.3456
2768	-102.5491	-102.5496	-69.4298	0.6770	75.3571	0.7356	1.9e-04	10.3298
2769	-102.5379	-102.5380	-70.7004	0.6895	74.1755	0.7243	1.9e-04	10.3276
2770	-102.4938	-102.4938	-71.0025	0.6927	73.8472	0.7211	1.9e-04	10.3277
2771	-102.5247	-102.5248	-70.9341	0.6919	73.9026	0.7217	1.9e-04	10.3263
2772	-102.5218	-102.5222	-69.6504	0.6794	75.1699	0.7338	1.9e-04	10.3310
2773	-102.5408	-102.5409	-70.7887	0.6903	74.1291	0.7234	1.9e-04	10.3378
2774	-102.5589	-102.5594	-69.5253	0.6779	75.3143	0.7351	1.9e-04	10.3302
2775	-102.5610	-102.5614	-69.7809	0.6804	75.0881	0.7328	1.9e-04	10.3236
2776	-102.5491	-102.5495	-69.7157	0.6798	75.1631	0.7334	1.9e-04	10.3247
2777	-102.5411	-102.5416	-69.6069	0.6788	75.2281	0.7343	1.9e-04	10.3356
2778	-102.5100	-102.5101	-70.6685	0.6894	74.1940	0.7243	1.9e-04	10.3509
2779	-102.5162	-102.5163	-70.5459	0.6881	74.3143	0.7255	1.9e-04	10.3394
2780	-102.5201	-102.5201	-70.9352	0.6919	73.9610	0.7220	1.9e-04	10.3350
2781	-102.5380	-102.5380	-71.0995	0.6934	73.8102	0.7206	1.9e-04	10.3171
2782	-102.5530	-102.5530	-71.8080	0.7002	73.1232	0.7139	1.9e-04	10.3252
2783	-102.5504	-102.5504	-71.1618	0.6939	73.7786	0.7200	1.9e-04	10.3478
2784	-102.5233	-102.5234	-71.2338	0.6948	73.6745	0.7192	1.9e-04	10.3348
2785	-102.5764	-102.5766	-70.5820	0.6881	74.3538	0.7256	1.9e-04	10.3347
2786	-102.5499	-102.5499	-71.6853	0.6990	73.2424	0.7150	1.9e-04	10.3320
2787	-102.5563	-102.5563	-71.4657	0.6968	73.4869	0.7172	1.9e-04	10.3218
2788	-102.5580	-102.5580	-71.1805	0.6941	73.7430	0.7199	1.9e-04	10.3280
2789	-102.5681	-102.5681	-71.4443	0.6966	73.5220	0.7175	1.9e-04	10.3395
2790	-102.5096	-102.5096	-71.6623	0.6991	73.2466	0.7150	1.9e-04	10.3340
2791	-102.5374	-102.5374	-71.5699	0.6980	73.3369	0.7161	1.9e-04	10.3369
2792	-102.5330	-102.5331	-71.2191	0.6946	73.7058	0.7194	1.9e-04	10.3356
2793	-102.5303	-102.5304	-70.8942	0.6914	73.9909	0.7224	1.9e-04	10.3150
2794	-102.5531	-102.5531	-71.2217	0.6945	73.7196	0.7195	1.9e-04	10.3290
2795	-102.5659	-102.5660	-71.1686	0.6939	73.7692	0.7199	1.9e-04	10.3300
2796	-102.5434	-102.5435	-70.8228	0.6907	74.0572	0.7230	1.9e-04	10.3350
2797	-102.5736	-102.5737	-70.7745	0.6900	74.1537	0.7238	1.9e-04	10.3372
2798	-102.5269	-102.5271	-70.3535	0.6862	74.4970	0.7273	1.9e-04	10.3364
2799	-102.5613	-102.5613	-70.9995	0.6923	73.9336	0.7216	1.9e-04	10.3190
2800	-102.5570	-102.5570	-71.3503	0.6957	73.5959	0.7183	1.9e-04	10.3265
2801	-102.5276	-102.5276	-71.0199	0.6927	73.8712	0.7211	1.9e-04	10.3189
2802	-102.5750	-102.5751	-70.6980	0.6892	74.2418	0.7245	1.9e-04	10.3258
2803	-102.5618	-102.5618	-71.2067	0.6943	73.7367	0.7196	1.9e-04	10.3212
2804	-102.5515	-102.5517	-70.3028	0.6855	74.5471	0.7277	1.9e-04	10.3394
2805	-102.5681	-102.5682	-71.1956	0.6941	73.7094	0.7197	1.9e-04	10.3220
2806	-102.5065	-102.5066	-70.6561	0.6893	74.2016	0.7245	1.9e-04	10.3204
2807	-102.5003	-102.5003	-71.5437	0.6980	73.3148	0.7159	1.9e-04	10.3357
2808	-102.5204	-102.5204	-71.3295	0.6958	73.5350	0.7181	1.9e-04	10.3511
2809	-102.5783	-102.5784	-71.0057	0.6922	73.9472	0.7216	1.9e-04	10.3417
2810	-102.5395	-102.5395	-70.9148	0.6916	73.9869	0.7223	1.9e-04	10.3444
2811	-102.5375	-102.5375	-71.3864	0.6962	73.5367	0.7178	1.9e-04	10.3328
2812	-102.5708	-102.5708	-71.1806	0.6940	73.7915	0.7200	1.9e-04	10.3327
2813	-102.4867	-102.4868	-70.5860	0.6887	74.2450	0.7250	1.9e-04	10.3294
2814	-102.5966	-102.5967	-70.8538	0.6906	74.1166	0.7232	1.9e-04	10.3408
2815	-102.5552	-102.5554	-70.5900	0.6883	74.3396	0.7254	1.9e-04	10.3349
2816	-102.5598	-102.5598	-71.9297	0.7013	73.0406	0.7128	1.9e-04	10.3360
2817	-102.5593	-102.5595	-70.5735	0.6881	74.3205	0.7253	1.9e-04	10.3307
2818	-102.5483	-102.5483	-71.8192	0.7003	73.1007	0.7134	1.9e-04	10.3197
2819	-102.5240	-102.5240	-72.1429	0.7037	72.7835	0.7105	1.9e-04	10.3397
2820	-102.5400	-102.5400	-71.4948	0.6972	73.4143	0.7168	1.9e-04	10.3395
2821	-102.5463	-102.5463	-72.7301	0.7092	72.2137	0.7049	1.9e-04	10.3345
2822	-102.5096	-102.5097	-71.4247	0.6968	73.4720	0.7173	1.9e-04	10.3364
2823	-102.5240	-102.5240	-71.5213	0.6976	73.3953	0.7165	1.9e-04	10.3313
2824	-102.5416	-102.5416	-71.7401	0.6996	73.2115	0.7145	1.9e-04	10.3287
2825	-102.5546	-102.5546	-70.9388	0.6917	74.0017	0.7221	1.9e-04	10.3387
2826	-102.5369	-102.5369	-72.1619	0.7038	72.7915	0.7104	1.9e-04	10.3353
2827	-102.5233	-102.5233	-71.7133	0.6995	73.1879	0.7146	1.9e-04	10.3336
2828	-102.5139	-102.5139	-71.2713	0.6952	73.5818	0.7184	1.9e-04	10.3324
2829	-102.5466	-102.5466	-71.8827	0.7010	73.0835	0.7132	1.9e-04	10.3323
2830	-102.5367	-102.5367	-71.7786	0.7000	73.1711	0.7141	1.9e-04	10.3189
2831	-102.5470	-102.5470	-71.2607	0.6949	73.6405	0.7189	1.9e-04	10.3346
2832	-102.5494	-102.5494	-71.8306	0.7004	73.1304	0.7137	1.9e-04	10.3482
2833	-102.5298	-102.5298	-71.9176	0.7014	73.0061	0.7127	1.9e-04	10.3362
2834	-102.5644	-102.5644	-71.5391	0.6975	73.4299	0.7165	1.9e-04	10.3368
2835	-102.5548	-102.5548	-71.4618	0.6968	73.4818	0.7172	1.9e-04	10.3314
2836	-102.5468	-102.5468	-71.5593	0.6978	73.3429	0.7161	1.9e-04	10.3265
2837	-102.5679	-102.5679	-71.9841	0.7018	73.0061	0.7123	1.9e-04	10.3382
2838	-102.5273	-102.5273	-72.5292	0.7074	72.4027	0.7068	1.9e-04	10.3354
2839	-102.5503	-102.5503	-71.8987	0.7011	73.0370	0.7128	1.9e-04	10.3350
2840	-102.5236	-102.5236	-71.2412	0.6949	73.6651	0.7191	1.9e-04	10.3458
2841	-102.5368	-102.5368	-71.8804	0.7010	73.0618	0.7131	1.9e-04	10.3272
2842	-102.5523	-102.5524	-70.8488	0.6909	74.0529	0.7230	1.9e-04	10.3198
2843	-102.5586	-102.5586	-71.7742	0.6998	73.1632	0.7140	1.9e-04	10.3291
2844	-102.5626	-102.5626	-71.5428	0.6976	73.3593	0.7161	1.9e-04	10.3491
2845	-102.5250	-102.5251	-70.6001	0.6886	74.2741	0.7251	1.9e-04	10.3299
2846	-102.5159	-102.5159	-71.3088	0.6956	73.5987	0.7184	1.9e-04	10.3408
2847	-102.5311	-102.5311	-71.8509	0.7008	73.0801	0.7133	1.9e-04	10.3345
2848	-102.5254	-102.5254	-71.4250	0.6967	73.4639	0.7173	1.9e-04	10.3227
2849	-102.5712	-102.5713	-71.1911	0.6941	73.7661	0.7199	1.9e-04	10.3213
2850	-102.5430	-102.5431	-70.8232	0.6907	74.0598	0.7230	1.9e-04	10.3465
2851	-102.5169	-102.5170	-70.7912	0.6905	74.1066	0.7233	1.9e-04	10.3530
2852	-102.5516	-102.5516	-71.9157	0.7013	73.0125	0.7128	1.9e-04	10.3260
2853	-102.5667	-102.5667	-71.2506	0.6947	73.6860	0.7193	1.9e-04	10.3229
2854	-102.5615	-102.5616	-71.1423	0.6937	73.8094	0.7203	1.9e-04	10.3260
2855	-102.5275	-102.5275	-71.3234	0.6957	73.6163	0.7184	1.9e-04	10.3226
2856	-102.5558	-102.5559	-70.9418	0.6917	73.9681	0.7221	1.9e-04	10.3472
2857	-102.5574	-102.5575	-70.7055	0.6894	74.2042	0.7241	1.9e-04	10.3385
2858	-102.5800	-102.5801	-71.0900	0.6930	73.8843	0.7209	1.9e-04	10.3309
2859	-102.5465	-102.5467	-70.3226	0.6858	74.5681	0.7278	1.9e-04	10.3234
2860	-102.5080	-102.5080	-71.1074	0.6937	73.7773	0.7203	1.9e-04	10.3239
2861	-102.5164	-102.5165	-71.1668	0.6942	73.7330	0.7196	1.9e-04	10.3364
2862	-102.5104	-102.5104	-71.4075	0.6966	73.4865	0.7175	1.9e-04	10.3383
2863	-102.5769	-102.5769	-71.7938	0.6999	73.1877	0.7142	1.9e-04	10.3380
2864	-102.5322	-102.5322	-72.6572	0.7086	72.2768	0.7054	1.9e-04	10.3333
2865	-102.5498	-102.5498	-72.4441	0.7064	72.5278	0.7078	1.9e-04	10.3353
2866	-102.5683	-102.5683	-73.2799	0.7144	71.6777	0.6996	1.9e-04	10.3266
2867	-102.5395	-102.5395	-72.8291	0.7103	72.1152	0.7039	1.9e-04	10.3361
2868	-102.5338	-102.5338	-72.7889	0.7099	72.1759	0.7043	1.9e-04	10.3329
2869	-102.5365	-102.5365	-73.0911	0.7128	71.8337	0.7012	1.9e-04	10.3458
2870	-102.5270	-102.5270	-72.8783	0.7108	72.0281	0.7032	1.9e-04	10.3317
2871	-102.5577	-102.5577	-73.0311	0.7121	71.9233	0.7020	1.9e-04	10.3392
2872	-102.5497	-102.5497	-72.7112	0.7090	72.2342	0.7051	1.9e-04	10.3227
2873	-102.5382	-102.5382	-72.9461	0.7114	71.9935	0.7027	1.9e-04	10.3309
2874	-102.5497	-102.5497	-73.7858	0.7195	71.1337	0.6944	1.9e-04	10.3339
2875	-102.5167	-102.5167	-73.2038	0.7141	71.7094	0.7000	1.9e-04	10.3388
2876	-102.5025	-102.5025	-73.1721	0.7139	71.7030	0.7003	1.9e-04	10.3351
2877	-102.5348	-102.5348	-74.0590	0.7223	70.8645	0.6916	1.9e-04	10.3408
2878	-102.5542	-102.5542	-73.0237	0.7120	71.9380	0.7021	1.9e-04	10.3233
2879	-102.5329	-102.5329	-72.2309	0.7045	72.7023	0.7097	1.9e-04	10.3345
2880	-102.5339	-102.5339	-73.2687	0.7146	71.6711	0.6996	1.9e-04	10.3329
2881	-102.5407	-102.5407	-72.3471	0.7055	72.6068	0.7086	1.9e-04	10.3463
2882	-102.5314	-102.5314	-73.6719	0.7185	71.2551	0.6954	1.9e-04	10.3505
2883	-102.5272	-102.5272	-73.0781	0.7128	71.8708	0.7014	1.9e-04	10.3250
2884	-102.5395	-102.5395	-72.7909	0.7099	72.1642	0.7043	1.9e-04	10.3242
2885	-102.5302	-102.5302	-72.6921	0.7090	72.2482	0.7052	1.9e-04	10.3312
2886	-102.5325	-102.5325	-72.7117	0.7092	72.1933	0.7047	1.9e-04	10.3368
2887	-102.5306	-102.5306	-73.4377	0.7163	71.4240	0.6975	1.9e-04	10.3502
2888	-102.5307	-102.5307	-72.9244	0.7112	72.0302	0.7029	1.9e-04	10.3253
2889	-102.4990	-102.4990	-72.7245	0.7095	72.1690	0.7046	1.9e-04	10.3468
2890	-102.5094	-102.5094	-72.8290	0.7105	72.0681	0.7035	1.9e-04	10.3251
2891	-102.5697	-102.5697	-73.3900	0.7155	71.5757	0.6986	1.9e-04	10.3290
2892	-102.5488	-102.5488	-72.7723	0.7096	72.1789	0.7044	1.9e-04	10.3298
2893	-102.5699	-102.5699	-72.5232	0.7071	72.4698	0.7071	1.9e-04	10.3433
2894	-102.5401	-102.5401	-71.7409	0.6996	73.2004	0.7144	1.9e-04	10.3341
2895	-102.5570	-102.5570	-72.7368	0.7092	72.2235	0.7050	1.9e-04	10.3504
2896	-102.5023	-102.5023	-72.2693	0.7051	72.6267	0.7091	1.9e-04	10.3208
2897	-102.5072	-102.5072	-73.1963	0.7141	71.6942	0.7001	1.9e-04	10.3344
2898	-102.5349	-102.5349	-72.9993	0.7119	71.9746	0.7022	1.9e-04	10.3381
2899	-102.5568	-102.5568	-72.3790	0.7057	72.5814	0.7085	1.9e-04	10.3346
2900	-102.5346	-102.5346	-72.7856	0.7099	72.1456	0.7042	1.9e-04	10.3345
2901	-102.5488	-102.5488	-72.1573	0.7036	72.7962	0.7105	1.9e-04	10.3391
2902	-102.5298	-102.5298	-72.6876	0.7089	72.2469	0.7053	1.9e-04	10.3222
2903	-102.5375	-102.5375	-71.7306	0.6996	73.2057	0.7146	1.9e-04	10.3299
2904	-102.5155	-102.5155	-71.8257	0.7006	73.0782	0.7134	1.9e-04	10.3345
2905	-102.5673	-102.5674	-70.9202	0.6914	74.0265	0.7224	1.9e-04	10.3368
2906	-102.5266	-102.5266	-71.6008	0.6984	73.3279	0.7157	1.9e-04	10.3348
2907	-102.5157	-102.5157	-71.6576	0.6990	73.2662	0.7151	1.9e-04	10.3372
2908	-102.5400	-102.5401	-70.9237	0.6917	73.9897	0.7222	1.9e-04	10.3238
2909	-102.5187	-102.5187	-71.6599	0.6990	73.2456	0.7151	1.9e-04	10.3227
2910	-102.5585	-102.5586	-71.0852	0.6931	73.8868	0.7208	1.9e-04	10.3428
2911	-102.4964	-102.4965	-70.8285	0.6910	74.0102	0.7228	1.9e-04	10.3396
2912	-102.5427	-102.5432	-69.5092	0.6779	75.3486	0.7352	1.9e-04	10.3346
2913	-102.5604	-102.5607	-70.0791	0.6833	74.8124	0.7301	1.9e-04	10.3442
2914	-102.5347	-102.5349	-70.1942	0.6846	74.6841	0.7289	1.9e-04	10.3249
2915	-102.5309	-102.5310	-70.7626	0.6902	74.1395	0.7236	1.9e-04	10.3261
2916	-102.5520	-102.5523	-70.2316	0.6848	74.6608	0.7287	1.9e-04	10.3235
2917	-102.5256	-102.5258	-70.3905	0.6866	74.4760	0.7270	1.9e-04	10.3313
2918	-102.5481	-102.5481	-72.4631	0.7066	72.4975	0.7075	1.9e-04	10.3396
2919	-102.5715	-102.5716	-70.6063	0.6884	74.3114	0.7253	1.9e-04	10.3276
2920	-102.5593	-102.5596	-70.0055	0.6826	74.8845	0.7307	1.9e-04	10.3192
2921	-102.5456	-102.5456	-71.7511	0.6997	73.1924	0.7144	1.9e-04	10.3253
2922	-102.5118	-102.5119	-70.6695	0.6894	74.1843	0.7244	1.9e-04	10.3341
2923	-102.5276	-102.5276	-71.3890	0.6963	73.5258	0.7178	1.9e-04	10.3344
2924	-102.5366	-102.5367	-71.1802	0.6942	73.7386	0.7198	1.9e-04	10.3318
2925	-102.4892	-102.4893	-70.8658	0.6914	73.9962	0.7224	1.9e-04	10.3453
2926	-102.5355	-102.5356	-71.3346	0.6957	73.5954	0.7182	1.9e-04	10.3297
2927	-102.5297	-102.5297	-71.2417	0.6948	73.6407	0.7189	1.9e-04	10.3249
2928	-102.5229	-102.5231	-70.2364	0.6851	74.6255	0.7284	1.9e-04	10.3340
2929	-102.5096	-102.5098	-70.3606	0.6864	74.4494	0.7269	1.9e-04	10.3421
2930	-102.5292	-102.5292	-70.8388	0.6909	74.0638	0.7229	1.9e-04	10.3314
2931	-102.5616	-102.5619	-70.1211	0.6837	74.7613	0.7296	1.9e-04	10.3299
2932	-102.5354	-102.5359	-69.5170	0.6780	75.2972	0.7351	1.9e-04	10.3263
2933	-102.4963	-102.4966	-70.0444	0.6834	74.7888	0.7301	1.9e-04	10.3256
2934	-102.5490	-102.5491	-70.7964	0.6904	74.1205	0.7233	1.9e-04	10.3305
2935	-102.5397	-102.5398	-71.0277	0.6927	73.8596	0.7210	1.9e-04	10.3322
2936	-102.5200	-102.5203	-70.2450	0.6852	74.6458	0.7283	1.9e-04	10.3421
2937	-102.5200	-102.5202	-70.2195	0.6849	74.6551	0.7286	1.9e-04	10.3423
2938	-102.5236	-102.5236	-70.8362	0.6909	74.0498	0.7228	1.9e-04	10.3400
2939	-102.5257	-102.5263	-69.3348	0.6763	75.4825	0.7366	1.9e-04	10.3289
2940	-102.5510	-102.5512	-70.4876	0.6873	74.4189	0.7262	1.9e-04	10.3340
2941	-102.5204	-102.5204	-71.0218	0.6928	73.8660	0.7212	1.9e-04	10.3326
2942	-102.5362	-102.5362	-71.5955	0.6982	73.3499	0.7158	1.9e-04	10.3413
2943	-102.5368	-102.5368	-72.5839	0.7079	72.3266	0.7060	1.9e-04	10.3378
2944	-102.5519	-102.5520	-70.5647	0.6881	74.3670	0.7256	1.9e-04	10.3328
2945	-102.5203	-102.5203	-72.2019	0.7043	72.7274	0.7099	1.9e-04	10.3255
2946	-102.5788	-102.5788	-72.4330	0.7061	72.5841	0.7081	1.9e-04	10.3305
2947	-102.5204	-102.5204	-72.9201	0.7113	72.0152	0.7029	1.9e-04	10.3361
2948	-102.5732	-102.5732	-72.6329	0.7081	72.3339	0.7060	1.9e-04	10.3413
2949	-102.5458	-102.5458	-72.9628	0.7115	71.9874	0.7027	1.9e-04	10.3483
2950	-102.5007	-102.5007	-73.4106	0.7162	71.4718	0.6979	1.9e-04	10.3328
2951	-102.5628	-102.5628	-73.1363	0.7131	71.8644	0.7010	1.9e-04	10.3264
2952	-102.5341	-102.5341	-73.0937	0.7129	71.8288	0.7013	1.9e-04	10.3269
2953	-102.5690	-102.5690	-73.5051	0.7166	71.4519	0.6973	1.9e-04	10.3420
2954	-102.5360	-102.5360	-74.0205	0.7219	70.8896	0.6919	1.9e-04	10.3333
2955	-102.5668	-102.5668	-73.0680	0.7124	71.8948	0.7016	1.9e-04	10.3301
2956	-102.5398	-102.5398	-72.9950	0.7119	71.9285	0.7021	1.9e-04	10.3374
2957	-102.5537	-102.5537	-73.7748	0.7194	71.1467	0.6944	1.9e-04	10.3275
2958	-102.5359	-102.5359	-72.9427	0.7114	72.0075	0.7027	1.9e-04	10.3431
2959	-102.5260	-102.5260	-73.0500	0.7125	71.9029	0.7017	1.9e-04	10.3381
2960	-102.5246	-102.5246	-72.9321	0.7114	72.0024	0.7028	1.9e-04	10.3344
2961	-102.5316	-102.5316	-73.4291	0.7162	71.5061	0.6979	1.9e-04	10.3478
2962	-102.5043	-102.5043	-73.9175	0.7211	70.9456	0.6927	1.9e-04	10.3382
2963	-102.5020	-102.5020	-73.9505	0.7215	70.9367	0.6925	1.9e-04	10.3269
2964	-102.5765	-102.5765	-74.0061	0.7215	70.9219	0.6920	1.9e-04	10.3267
2965	-102.5844	-102.5844	-73.7157	0.7186	71.2592	0.6954	1.9e-04	10.3494
2966	-102.5327	-102.5327	-74.2107	0.7238	70.6862	0.6899	1.9e-04	10.3328
2967	-102.5090	-102.5090	-73.3485	0.7155	71.5144	0.6983	1.9e-04	10.3468
2968	-102.5640	-102.5640	-73.7418	0.7190	71.2163	0.6950	1.9e-04	10.3390
2969	-102.5041	-102.5041	-73.3634	0.7157	71.5427	0.6984	1.9e-04	10.3224
2970	-102.5368	-102.5368	-72.2818	0.7049	72.6782	0.7093	1.9e-04	10.3262
2971	-102.5310	-102.5310	-72.2124	0.7043	72.7301	0.7099	1.9e-04	10.3525
2972	-102.5246	-102.5246	-72.4041	0.7062	72.5070	0.7080	1.9e-04	10.3426
2973	-102.5387	-102.5387	-72.0301	0.7025	72.9361	0.7117	1.9e-04	10.3428
2974	-102.5552	-102.5552	-72.7437	0.7093	72.2397	0.7049	1.9e-04	10.3433
2975	-102.5063	-102.5063	-72.0482	0.7029	72.8663	0.7112	1.9e-04	10.3282
2976	-102.5478	-102.5478	-72.2223	0.7043	72.7396	0.7099	1.9e-04	10.3278
2977	-102.5471	-102.5471	-73.0590	0.7124	71.9026	0.7017	1.9e-04	10.3338
2978	-102.5593	-102.5593	-72.4694	0.7066	72.4921	0.7075	1.9e-04	10.3420
2979	-102.5335	-102.5335	-71.9486	0.7017	72.9954	0.7124	1.9e-04	10.3444
2980	-102.5205	-102.5205	-71.8976	0.7013	73.0051	0.7127	1.9e-04	10.3384
2981	-102.5363	-102.5363	-71.8123	0.7004	73.1065	0.7138	1.9e-04	10.3274
2982	-102.5333	-102.5333	-72.1069	0.7033	72.8343	0.7109	1.9e-04	10.3310
2983	-102.5596	-102.5596	-72.1486	0.7035	72.8533	0.7107	1.9e-04	10.3383
2984	-102.5959	-102.5960	-71.0461	0.6925	73.9533	0.7214	1.9e-04	10.3372
2985	-102.5670	-102.5670	-71.8699	0.7007	73.1250	0.7134	1.9e-04	10.3429
2986	-102.5609	-102.5609	-71.4601	0.6968	73.5122	0.7173	1.9e-04	10.3378
2987	-102.5408	-102.5408	-71.8555	0.7008	73.1029	0.7134	1.9e-04	10.3307
2988	-102.5367	-102.5367	-72.3149	0.7053	72.6249	0.7088	1.9e-04	10.3307
2989	-102.5215	-102.5215	-72.7775	0.7099	72.1357	0.7043	1.9e-04	10.3466
2990	-102.5544	-102.5544	-71.8345	0.7005	73.1312	0.7137	1.9e-04	10.3355
2991	-102.5699	-102.5699	-72.5946	0.7078	72.4127	0.7065	1.9e-04	10.3351
2992	-102.5328	-102.5328	-72.6815	0.7089	72.2750	0.7052	1.9e-04	10.3394
2993	-102.5316	-102.5316	-72.9629	0.7116	72.0055	0.7026	1.9e-04	10.3196
2994	-102.5263	-102.5263	-73.3572	0.7155	71.5783	0.6986	1.9e-04	10.3281
2995	-102.5503	-102.5503	-73.7520	0.7192	71.2111	0.6948	1.9e-04	10.3370
2996	-102.5984	-102.5984	-73.1496	0.7130	71.8588	0.7012	1.9e-04	10.3418
2997	-102.5031	-102.5031	-73.0848	0.7130	71.8206	0.7011	1.9e-04	10.3404
2998	-102.5067	-102.5067	-73.4401	0.7164	71.4579	0.6976	1.9e-04	10.3390
2999	-102.5454	-102.5454	-73.1106	0.7130	71.8325	0.7012	1.9e-04	10.3305
3000	-102.5561	-102.5561	-73.4333	0.7160	71.5593	0.6981	1.9e-04	10.3311
3001	-102.5631	-102.5631	-73.9333	0.7209	71.0010	0.6929	1.9e-04	10.3350
3002	-102.5090	-102.5090	-73.8853	0.7208	70.9663	0.6929	1.9e-04	10.3349
3003	-102.5810	-102.5810	-74.0295	0.7217	70.9521	0.6922	1.9e-04	10.3419
3004	-102.5478	-102.5478	-73.7339	0.7190	71.2146	0.6949	1.9e-04	10.3351
3005	-102.5699	-102.5699	-73.7727	0.7192	71.1841	0.6948	1.9e-04	10.3404
3006	-102.5109	-102.5109	-74.5583	0.7273	70.3103	0.6863	1.9e-04	10.3396
3007	-102.5644	-102.5644	-73.0817	0.7125	71.8984	0.7016	1.9e-04	10.3386
3008	-102.4947	-102.4947	-73.3533	0.7157	71.5418	0.6983	1.9e-04	10.3436
3009	-102.5174	-102.5174	-73.4043	0.7160	71.4969	0.6981	1.9e-04	10.3378
3010	-102.5357	-102.5357	-73.0433	0.7124	71.9056	0.7017	1.9e-04	10.3395
3011	-102.5609	-102.5609	-73.6333	0.7179	71.3418	0.6961	1.9e-04	10.3258
3012	-102.5287	-102.5287	-73.3901	0.7158	71.5301	0.6983	1.9e-04	10.3303
3013	-102.5733	-102.5733	-72.2340	0.7042	72.7505	0.7098	1.9e-04	10.3325
3014	-102.5390	-102.5390	-73.1202	0.7131	71.8438	0.7011	1.9e-04	10.3302
3015	-102.5319	-102.5319	-73.1264	0.7132	71.7826	0.7007	1.9e-04	10.3336
3016	-102.5316	-102.5316	-73.0665	0.7126	71.8792	0.7015	1.9e-04	10.3288
3017	-102.5410	-102.5410	-72.9269	0.7112	72.0359	0.7030	1.9e-04	10.3199
3018	-102.5308	-102.5308	-72.5501	0.7076	72.3893	0.7065	1.9e-04	10.3224
3019	-102.4759	-102.4759	-72.2568	0.7051	72.6208	0.7091	1.9e-04	10.3457
3020	-102.5256	-102.5256	-72.0171	0.7024	72.9046	0.7117	1.9e-04	10.3335
3021	-102.5148	-102.5148	-71.5682	0.6981	73.3482	0.7159	1.9e-04	10.3360
3022	-102.5564	-102.5564	-71.7010	0.6991	73.2764	0.7150	1.9e-04	10.3403
3023	-102.5564	-102.5564	-71.8648	0.7007	73.1122	0.7134	1.9e-04	10.3336
3024	-102.5469	-102.5469	-71.5088	0.6973	73.4402	0.7167	1.9e-04	10.3343
3025	-102.5491	-102.5491	-70.9413	0.6918	73.9763	0.7221	1.9e-04	10.3417
3026	-102.5529	-102.5531	-70.5938	0.6884	74.3051	0.7252	1.9e-04	10.3371
3027	-102.5281	-102.5281	-71.4453	0.6968	73.4866	0.7172	1.9e-04	10.3370
3028	-102.5578	-102.5578	-71.3056	0.6953	73.6505	0.7187	1.9e-04	10.3433
3029	-102.5683	-102.5684	-70.9169	0.6914	74.0229	0.7224	1.9e-04	10.3247
3030	-102.5446	-102.5449	-70.2665	0.6852	74.6207	0.7283	1.9e-04	10.3323
3031	-102.5581	-102.5581	-71.1998	0.6942	73.7545	0.7197	1.9e-04	10.3401
3032	-102.5496	-102.5497	-70.9283	0.6916	73.9927	0.7222	1.9e-04	10.3390
3033	-102.5209	-102.5209	-71.8673	0.7010	73.0573	0.7131	1.9e-04	10.3351
3034	-102.5371	-102.5371	-71.7394	0.6996	73.1956	0.7144	1.9e-04	10.3361
3035	-102.5138	-102.5139	-71.2475	0.6950	73.6266	0.7189	1.9e-04	10.3341
3036	-102.5675	-102.5675	-71.7189	0.6992	73.2492	0.7148	1.9e-04	10.3317
3037	-102.5315	-102.5316	-71.2177	0.6946	73.7012	0.7194	1.9e-04	10.3468
3038	-102.5402	-102.5402	-71.3732	0.6961	73.5411	0.7179	1.9e-04	10.3337
3039	-102.5227	-102.5227	-71.0832	0.6933	73.8127	0.7202	1.9e-04	10.3544
3040	-102.5156	-102.5156	-71.2841	0.6953	73.6062	0.7186	1.9e-04	10.3393
3041	-102.5565	-102.5565	-71.4100	0.6963	73.5338	0.7178	1.9e-04	10.3274
3042	-102.5465	-102.5466	-70.7279	0.6897	74.1675	0.7240	1.9e-04	10.3244
3043	-102.5468	-102.5469	-70.5368	0.6878	74.3549	0.7256	1.9e-04	10.3447
3044	-102.5853	-102.5853	-71.1007	0.6931	73.8695	0.7207	1.9e-04	10.3565
3045	-102.5000	-102.5001	-71.2075	0.6947	73.6496	0.7191	1.9e-04	10.3330
3046	-102.5386	-102.5387	-70.7347	0.6898	74.1565	0.7237	1.9e-04	10.3341
3047	-102.5310	-102.5310	-71.3986	0.6964	73.5281	0.7177	1.9e-04	10.3396
3048	-102.5471	-102.5471	-71.4806	0.6971	73.4746	0.7170	1.9e-04	10.3235
3049	-102.5521	-102.5523	-70.6804	0.6892	74.2018	0.7245	1.9e-04	10.3475
3050	-102.5675	-102.5677	-70.0541	0.6830	74.8488	0.7303	1.9e-04	10.3357
3051	-102.5652	-102.5654	-70.4225	0.6866	74.4851	0.7270	1.9e-04	10.3434
3052	-102.5293	-102.5294	-71.1632	0.6941	73.7644	0.7199	1.9e-04	10.3287
3053	-102.5905	-102.5907	-70.3344	0.6856	74.6135	0.7278	1.9e-04	10.3468
3054	-102.5505	-102.5507	-70.2901	0.6854	74.6203	0.7281	1.9e-04	10.3259
3055	-102.5155	-102.5155	-71.5010	0.6975	73.4273	0.7166	1.9e-04	10.3385
3056	-102.5313	-102.5313	-71.3156	0.6955	73.5975	0.7184	1.9e-04	10.3307
3057	-102.4987	-102.4987	-71.7072	0.6996	73.1773	0.7143	1.9e-04	10.3536
3058	-102.5636	-102.5636	-71.9246	0.7013	73.0575	0.7129	1.9e-04	10.3399
3059	-102.5432	-102.5432	-72.4628	0.7067	72.5104	0.7076	1.9e-04	10.3424
3060	-102.5676	-102.5676	-72.7715	0.7095	72.2122	0.7047	1.9e-04	10.3241
3061	-102.5436	-102.5436	-72.3906	0.7059	72.5669	0.7082	1.9e-04	10.3428
3062	-102.5548	-102.5548	-72.2909	0.7049	72.6757	0.7093	1.9e-04	10.3378
3063	-102.5299	-102.5299	-72.8002	0.7100	72.1475	0.7041	1.9e-04	10.3542
3064	-102.5006	-102.5006	-73.7484	0.7195	71.1193	0.6945	1.9e-04	10.3479
3065	-102.5276	-102.5276	-73.4788	0.7167	71.4413	0.6974	1.9e-04	10.3391
3066	-102.5437	-102.5437	-73.0818	0.7127	71.8683	0.7015	1.9e-04	10.3302
3067	-102.5744	-102.5744	-72.8409	0.7101	72.1335	0.7041	1.9e-04	10.3423
3068	-102.5248	-102.5248	-73.4430	0.7163	71.4919	0.6977	1.9e-04	10.3418
3069	-102.5355	-102.5355	-72.9789	0.7117	71.9260	0.7021	1.9e-04	10.3506
3070	-102.5452	-102.5452	-73.0866	0.7127	71.8668	0.7014	1.9e-04	10.3533
3071	-102.5237	-102.5237	-73.3035	0.7150	71.5735	0.6988	1.9e-04	10.3395
3072	-102.5553	-102.5553	-73.3000	0.7147	71.6547	0.6993	1.9e-04	10.3331
3073	-102.5361	-102.5361	-72.2758	0.7049	72.6788	0.7093	1.9e-04	10.3389
3074	-102.5275	-102.5275	-72.8105	0.7102	72.1001	0.7038	1.9e-04	10.3356
3075	-102.5745	-102.5745	-72.5908	0.7077	72.3847	0.7065	1.9e-04	10.3515
3076	-102.5295	-102.5295	-73.2066	0.7140	71.7316	0.7001	1.9e-04	10.3487
3077	-102.5359	-102.5359	-71.7979	0.7002	73.1158	0.7137	1.9e-04	10.3408
3078	-102.5293	-102.5293	-72.0382	0.7026	72.9005	0.7116	1.9e-04	10.3358
3079	-102.5221	-102.5221	-71.7059	0.6994	73.2275	0.7147	1.9e-04	10.3397
3080	-102.5135	-102.5135	-71.5483	0.6979	73.3519	0.7161	1.9e-04	10.3475
3081	-102.5656	-102.5656	-71.8535	0.7006	73.1033	0.7136	1.9e-04	10.3530
3082	-102.5641	-102.5641	-71.8932	0.7010	73.0866	0.7132	1.9e-04	10.3436
3083	-102.5289	-102.5289	-71.2993	0.6954	73.6291	0.7186	1.9e-04	10.3554
3084	-102.5529	-102.5530	-71.5515	0.6977	73.4045	0.7164	1.9e-04	10.3300
3085	-102.5475	-102.5476	-70.6523	0.6890	74.2501	0.7248	1.9e-04	10.3429
3086	-102.5312	-102.5314	-70.3574	0.6862	74.5297	0.7274	1.9e-04	10.3552
3087	-102.5207	-102.5208	-70.9568	0.6921	73.9337	0.7217	1.9e-04	10.3551
3088	-102.5506	-102.5508	-70.5042	0.6875	74.3822	0.7262	1.9e-04	10.3606
3089	-102.5560	-102.5561	-71.0602	0.6929	73.8984	0.7210	1.9e-04	10.3473
3090	-102.5420	-102.5420	-71.1477	0.6938	73.7809	0.7201	1.9e-04	10.3428
3091	-102.5570	-102.5574	-69.8097	0.6807	75.0847	0.7326	1.9e-04	10.3580
3092	-102.5275	-102.5275	-71.4198	0.6966	73.5055	0.7174	1.9e-04	10.3462
3093	-102.5607	-102.5607	-71.3714	0.6959	73.5934	0.7181	1.9e-04	10.3625
3094	-102.5431	-102.5431	-71.3526	0.6958	73.5737	0.7181	1.9e-04	10.3471
3095	-102.5912	-102.5912	-71.8100	0.7000	73.1888	0.7142	1.9e-04	10.3564
3096	-102.5481	-102.5482	-70.9763	0.6921	73.9368	0.7214	1.9e-04	10.3304
3097	-102.5667	-102.5667	-72.7315	0.7091	72.2663	0.7051	1.9e-04	10.3595
3098	-102.5692	-102.5692	-71.7053	0.6991	73.2768	0.7150	1.9e-04	10.3454
3099	-102.5341	-102.5342	-71.0762	0.6932	73.8329	0.7206	1.9e-04	10.3346
3100	-102.5168	-102.5168	-72.5983	0.7082	72.3220	0.7060	1.9e-04	10.3372
3101	-102.5778	-102.5778	-72.3793	0.7056	72.6310	0.7086	1.9e-04	10.3459
3102	-102.5141	-102.5141	-72.9516	0.7116	71.9578	0.7026	1.9e-04	10.3357
3103	-102.5506	-102.5506	-72.8670	0.7105	72.0994	0.7036	1.9e-04	10.3441
3104	-102.5126	-102.5126	-73.5641	0.7176	71.3383	0.6964	1.9e-04	10.3579
3105	-102.5419	-102.5419	-73.3694	0.7155	71.5878	0.6986	1.9e-04	10.3481
3106	-102.5200	-102.5200	-72.5927	0.7081	72.3202	0.7060	1.9e-04	10.3372
3107	-102.5234	-102.5234	-73.0062	0.7121	71.9418	0.7021	1.9e-04	10.3546
3108	-102.5256	-102.5256	-73.0846	0.7128	71.8424	0.7012	1.8e-04	10.3364
3109	-102.5490	-102.5490	-72.5797	0.7078	72.3524	0.7061	1.8e-04	10.3484
3110	-102.5280	-102.5280	-72.7117	0.7092	72.2292	0.7050	1.8e-04	10.3601
3111	-102.5215	-102.5215	-73.8150	0.7200	71.0957	0.6940	1.8e-04	10.3552
3112	-102.5427	-102.5427	-72.1685	0.7038	72.7987	0.7104	1.8e-04	10.3353
3113	-102.5332	-102.5332	-73.6117	0.7179	71.3208	0.6960	1.8e-04	10.3515
3114	-102.5308	-102.5308	-72.3705	0.7058	72.5843	0.7084	1.8e-04	10.3337
3115	-102.5563	-102.5563	-72.9053	0.7109	72.0556	0.7033	1.8e-04	10.3416
3116	-102.5700	-102.5700	-72.2274	0.7042	72.7606	0.7100	1.8e-04	10.3465
3117	-102.5375	-102.5375	-72.8217	0.7102	72.1166	0.7040	1.8e-04	10.3649
3118	-102.4923	-102.4923	-72.7259	0.7096	72.1427	0.7042	1.8e-04	10.3446
3119	-102.5493	-102.5493	-72.3948	0.7060	72.5660	0.7082	1.8e-04	10.3580
3120	-102.5250	-102.5250	-72.5725	0.7079	72.3258	0.7061	1.8e-04	10.3350
3121	-102.5586	-102.5586	-73.2320	0.7140	71.7499	0.7001	1.8e-04	10.3514
3122	-102.5451	-102.5451	-72.7158	0.7091	72.2387	0.7050	1.8e-04	10.3575
3123	-102.5420	-102.5420	-72.2194	0.7043	72.7431	0.7099	1.8e-04	10.3534
3124	-102.5476	-102.5476	-72.9001	0.7109	72.0797	0.7032	1.8e-04	10.3554
3125	-102.5364	-102.5364	-71.8206	0.7004	73.1052	0.7135	1.8e-04	10.3467
3126	-102.5928	-102.5928	-72.5123	0.7068	72.4966	0.7074	1.8e-04	10.3384
3127	-102.5858	-102.5858	-71.3426	0.6954	73.6486	0.7186	1.8e-04	10.3456
3128	-102.5071	-102.5071	-72.7504	0.7097	72.1836	0.7045	1.8e-04	10.3428
3129	-102.5851	-102.5851	-72.5555	0.7073	72.4532	0.7069	1.8e-04	10.3667
3130	-102.5278	-102.5278	-71.2678	0.6951	73.6562	0.7189	1.8e-04	10.3552
3131	-102.5228	-102.5228	-72.9615	0.7117	71.9838	0.7025	1.8e-04	10.3509
3132	-102.4996	-102.4996	-71.5028	0.6976	73.3881	0.7164	1.8e-04	10.3354
3133	-102.5502	-102.5503	-71.0772	0.6931	73.8534	0.7208	1.8e-04	10.3427
3134	-102.5439	-102.5439	-71.0237	0.6926	73.9318	0.7213	1.8e-04	10.3527
3135	-102.5543	-102.5543	-71.6451	0.6986	73.3079	0.7155	1.8e-04	10.3630
3136	-102.5448	-102.5449	-70.6314	0.6888	74.2337	0.7245	1.8e-04	10.3671
3137	-102.5238	-102.5238	-71.1679	0.6942	73.7505	0.7198	1.8e-04	10.3490
3138	-102.5335	-102.5338	-69.8843	0.6816	74.9558	0.7316	1.8e-04	10.3433
3139	-102.5527	-102.5528	-71.0585	0.6929	73.8841	0.7210	1.8e-04	10.3325
3140	-102.5454	-102.5456	-70.1927	0.6845	74.6856	0.7289	1.8e-04	10.3539
3141	-102.5453	-102.5453	-70.9124	0.6915	73.9903	0.7220	1.8e-04	10.3578
3142	-102.5135	-102.5137	-70.4530	0.6873	74.3929	0.7259	1.8e-04	10.3388
3143	-102.5357	-102.5360	-70.2543	0.6852	74.6211	0.7283	1.8e-04	10.3384
3144	-102.5377	-102.5377	-71.1231	0.6936	73.7830	0.7203	1.8e-04	10.3409
3145	-102.5408	-102.5409	-70.4950	0.6875	74.4079	0.7260	1.8e-04	10.3377
3146	-102.5404	-102.5405	-71.2422	0.6948	73.6938	0.7192	1.8e-04	10.3577
3147	-102.5210	-102.5211	-70.8185	0.6908	74.0578	0.7229	1.8e-04	10.3722
3148	-102.5529	-102.5529	-71.6745	0.6989	73.2625	0.7149	1.8e-04	10.3561
3149	-102.5057	-102.5057	-71.0045	0.6927	73.8726	0.7211	1.8e-04	10.3522
3150	-102.5790	-102.5795	-69.5383	0.6779	75.3461	0.7352	1.8e-04	10.3417
3151	-102.5468	-102.5472	-69.9710	0.6823	74.8961	0.7310	1.8e-04	10.3324
3152	-102.5395	-102.5395	-71.6162	0.6984	73.3180	0.7156	1.8e-04	10.3473
3153	-102.6001	-102.6001	-71.1633	0.6936	73.8259	0.7201	1.8e-04	10.3541
3154	-102.5367	-102.5368	-70.9847	0.6923	73.9499	0.7216	1.8e-04	10.3640
3155	-102.5513	-102.5514	-70.9492	0.6918	73.9967	0.7220	1.8e-04	10.3494
3156	-102.5638	-102.5640	-70.2625	0.6851	74.6411	0.7284	1.8e-04	10.3469
3157	-102.5787	-102.5789	-70.5087	0.6874	74.4376	0.7262	1.8e-04	10.3385
3158	-102.5313	-102.5314	-70.4367	0.6870	74.4535	0.7267	1.8e-04	10.3531
3159	-102.5208	-102.5208	-71.0451	0.6930	73.8522	0.7208	1.8e-04	10.3676
3160	-102.5280	-102.5280	-71.5785	0.6981	73.3441	0.7160	1.8e-04	10.3591
3161	-102.5422	-102.5422	-71.4205	0.6965	73.5228	0.7175	1.8e-04	10.3490
3162	-102.5471	-102.5471	-72.6188	0.7082	72.3396	0.7061	1.8e-04	10.3370
3163	-102.5201	-102.5201	-71.6502	0.6989	73.3057	0.7152	1.8e-04	10.3371
3164	-102.5778	-102.5778	-72.1345	0.7032	72.8759	0.7110	1.8e-04	10.3371
3165	-102.5794	-102.5794	-72.7751	0.7095	72.2247	0.7047	1.8e-04	10.3695
3166	-102.5534	-102.5534	-72.7564	0.7094	72.2104	0.7047	1.8e-04	10.3691
3167	-102.5382	-102.5382	-72.1437	0.7036	72.7955	0.7105	1.8e-04	10.3561
3168	-102.5528	-102.5528	-72.4439	0.7064	72.5268	0.7078	1.8e-04	10.3380
3169	-102.5309	-102.5309	-72.8191	0.7102	72.1256	0.7039	1.8e-04	10.3333
3170	-102.5208	-102.5208	-72.2676	0.7049	72.6879	0.7093	1.8e-04	10.3371
3171	-102.5688	-102.5688	-72.8690	0.7104	72.1268	0.7037	1.8e-04	10.3519
3172	-102.5365	-102.5365	-72.1150	0.7033	72.8304	0.7109	1.8e-04	10.3502
3173	-102.5508	-102.5508	-73.3027	0.7148	71.6703	0.6993	1.8e-04	10.3545
3174	-102.5544	-102.5544	-73.6930	0.7186	71.2152	0.6952	1.8e-04	10.3401
3175	-102.5740	-102.5740	-73.5455	0.7170	71.4332	0.6970	1.8e-04	10.3342
3176	-102.5586	-102.5586	-73.5127	0.7168	71.4287	0.6971	1.8e-04	10.3409
3177	-102.5400	-102.5400	-73.0041	0.7120	71.9527	0.7022	1.8e-04	10.3529
3178	-102.5740	-102.5740	-73.8810	0.7203	71.0537	0.6935	1.8e-04	10.3510
3179	-102.5281	-102.5281	-73.8524	0.7203	71.0276	0.6934	1.8e-04	10.3533
3180	-102.5460	-102.5460	-73.5836	0.7176	71.3684	0.6965	1.8e-04	10.3402
3181	-102.5616	-102.5616	-74.4038	0.7255	70.4939	0.6880	1.8e-04	10.3307
3182	-102.5371	-102.5371	-72.7102	0.7091	72.2516	0.7051	1.8e-04	10.3373
3183	-102.5361	-102.5361	-73.6206	0.7180	71.2860	0.6959	1.8e-04	10.3542
3184	-102.5531	-102.5531	-74.1470	0.7230	70.7995	0.6908	1.8e-04	10.3536
3185	-102.5407	-102.5407	-72.7741	0.7097	72.1718	0.7044	1.8e-04	10.3485
3186	-102.5157	-102.5157	-73.9963	0.7218	70.8598	0.6919	1.8e-04	10.3482
3187	-102.5354	-102.5354	-72.9972	0.7119	71.9463	0.7023	1.8e-04	10.3325
3188	-102.5359	-102.5359	-73.5784	0.7176	71.3584	0.6964	1.8e-04	10.3413
3189	-102.5094	-102.5094	-73.4085	0.7161	71.4849	0.6979	1.8e-04	10.3657
3190	-102.5198	-102.5198	-73.7081	0.7190	71.1933	0.6949	1.8e-04	10.3526
3191	-102.5340	-102.5340	-72.6953	0.7090	72.2438	0.7052	1.8e-04	10.3647
3192	-102.5306	-102.5306	-72.2703	0.7049	72.6648	0.7093	1.8e-04	10.3491
3193	-102.5633	-102.5633	-73.6137	0.7177	71.3222	0.6961	1.8e-04	10.3394
3194	-102.5415	-102.5415	-72.8521	0.7105	72.1010	0.7037	1.8e-04	10.3572
3195	-102.5543	-102.5543	-71.9269	0.7014	73.0417	0.7128	1.8e-04	10.3571
3196	-102.5121	-102.5121	-72.4189	0.7064	72.4589	0.7076	1.8e-04	10.3610
3197	-102.5630	-102.5630	-72.1601	0.7036	72.7943	0.7103	1.8e-04	10.3568
3198	-102.5145	-102.5145	-71.7992	0.7004	73.1108	0.7137	1.8e-04	10.3558
3199	-102.5396	-102.5396	-71.0543	0.6929	73.8485	0.7209	1.8e-04	10.3296
3200	-102.5531	-102.5532	-71.1861	0.6941	73.7397	0.7198	1.8e-04	10.3653
3201	-102.5269	-102.5269	-71.2981	0.6954	73.5774	0.7184	1.8e-04	10.3596
3202	-102.5379	-102.5381	-70.2278	0.6849	74.6362	0.7286	1.8e-04	10.3542
3203	-102.5106	-102.5110	-69.6560	0.6795	75.1699	0.7336	1.8e-04	10.3757
3204	-102.5749	-102.5753	-69.7944	0.6804	75.1095	0.7327	1.8e-04	10.3437
3205	-102.5457	-102.5461	-69.8782	0.6814	74.9936	0.7319	1.8e-04	10.3297
3206	-102.5061	-102.5062	-70.5563	0.6883	74.3036	0.7254	1.8e-04	10.3346
3207	-102.5391	-102.5394	-70.0430	0.6831	74.8291	0.7303	1.8e-04	10.3557
3208	-102.5304	-102.5305	-70.7738	0.6903	74.0865	0.7233	1.8e-04	10.3434
3209	-102.5300	-102.5304	-69.5749	0.6786	75.2564	0.7345	1.8e-04	10.3447
3210	-102.5630	-102.5633	-70.1591	0.6841	74.7368	0.7294	1.8e-04	10.3406
3211	-102.5342	-102.5342	-70.8936	0.6914	74.0294	0.7225	1.8e-04	10.3349
3212	-102.5435	-102.5439	-69.9148	0.6818	74.9472	0.7315	1.8e-04	10.3411
3213	-102.5052	-102.5053	-70.9929	0.6926	73.8519	0.7211	1.8e-04	10.3735
3214	-102.5546	-102.5547	-70.6007	0.6884	74.2794	0.7251	1.8e-04	10.3558
3215	-102.5775	-102.5778	-69.9588	0.6820	74.9700	0.7313	1.8e-04	10.3480
3216	-102.5468	-102.5471	-69.9954	0.6826	74.8961	0.7308	1.8e-04	10.3617
3217	-102.5778	-102.5779	-70.8557	0.6908	74.0811	0.7231	1.8e-04	10.3284
3218	-102.5169	-102.5169	-71.8982	0.7013	72.9996	0.7128	1.8e-04	10.3420
3219	-102.5299	-102.5299	-71.3669	0.6961	73.5248	0.7178	1.8e-04	10.3719
3220	-102.5682	-102.5683	-70.5893	0.6882	74.3297	0.7255	1.8e-04	10.3513
3221	-102.5189	-102.5190	-70.5852	0.6885	74.2914	0.7252	1.8e-04	10.3518
3222	-102.5245	-102.5245	-70.9489	0.6920	73.9301	0.7218	1.8e-04	10.3478
3223	-102.5032	-102.5033	-70.9092	0.6918	73.9548	0.7221	1.8e-04	10.3381
3224	-102.5617	-102.5619	-70.1250	0.6837	74.7539	0.7297	1.8e-04	10.3457
3225	-102.5330	-102.5331	-70.9031	0.6915	73.9739	0.7220	1.8e-04	10.3516
3226	-102.5753	-102.5755	-70.2386	0.6848	74.6689	0.7286	1.8e-04	10.3570
3227	-102.5537	-102.5540	-70.0820	0.6834	74.8097	0.7300	1.8e-04	10.3555
3228	-102.5064	-102.5066	-70.4004	0.6868	74.4233	0.7267	1.8e-04	10.3583
3229	-102.5227	-102.5228	-70.8429	0.6910	74.0450	0.7228	1.8e-04	10.3336
3230	-102.5243	-102.5246	-70.0518	0.6833	74.7589	0.7300	1.8e-04	10.3556
3231	-102.5712	-102.5714	-70.5383	0.6877	74.3880	0.7260	1.8e-04	10.3733
3232	-102.5419	-102.5420	-70.6051	0.6885	74.3110	0.7252	1.8e-04	10.3547
3233	-102.5305	-102.5305	-71.7619	0.6999	73.1321	0.7140	1.8e-04	10.3602
3234	-102.5645	-102.5646	-70.8798	0.6911	74.0390	0.7226	1.8e-04	10.3412
3235	-102.5737	-102.5738	-70.7839	0.6901	74.1177	0.7234	1.8e-04	10.3360
3236	-102.5276	-102.5277	-71.3521	0.6959	73.5394	0.7179	1.8e-04	10.3675
3237	-102.5320	-102.5320	-71.4649	0.6970	73.4554	0.7170	1.8e-04	10.3617
3238	-102.5740	-102.5740	-70.8768	0.6910	74.0554	0.7228	1.8e-04	10.3704
3239	-102.5538	-102.5540	-70.5475	0.6879	74.3399	0.7256	1.8e-04	10.3724
3240	-102.5362	-102.5362	-71.3630	0.6960	73.5365	0.7180	1.8e-04	10.3516
3241	-102.4844	-102.4846	-70.2595	0.6856	74.5672	0.7280	1.8e-04	10.3350
3242	-102.5577	-102.5578	-70.8811	0.6911	74.0278	0.7227	1.8e-04	10.3490
3243	-102.5090	-102.5090	-71.3827	0.6964	73.4839	0.7175	1.8e-04	10.3520
3244	-102.4976	-102.4978	-70.3705	0.6866	74.4527	0.7270	1.8e-04	10.3527
3245	-102.5377	-102.5377	-71.2959	0.6953	73.6229	0.7186	1.8e-04	10.3612
3246	-102.5211	-102.5214	-70.0218	0.6830	74.8081	0.7303	1.8e-04	10.3704
3247	-102.5447	-102.5451	-69.7595	0.6803	75.0743	0.7328	1.8e-04	10.3395
3248	-102.5193	-102.5194	-70.9401	0.6920	73.9558	0.7219	1.8e-04	10.3343
3249	-102.5392	-102.5392	-70.9244	0.6917	73.9998	0.7222	1.8e-04	10.3706
3250	-102.5561	-102.5562	-70.6828	0.6892	74.2379	0.7246	1.8e-04	10.3541
3251	-102.5333	-102.5334	-70.9037	0.6915	73.9997	0.7224	1.8e-04	10.3722
3252	-102.5462	-102.5463	-71.4683	0.6969	73.4693	0.7170	1.8e-04	10.3558
3253	-102.5018	-102.5018	-71.5367	0.6979	73.3509	0.7160	1.8e-04	10.3433
3254	-102.5522	-102.5522	-71.0881	0.6932	73.8395	0.7207	1.8e-04	10.3352
3255	-102.5653	-102.5653	-71.9975	0.7020	72.9517	0.7122	1.8e-04	10.3559
3256	-102.5503	-102.5503	-72.0041	0.7021	72.9513	0.7119	1.8e-04	10.3638
3257	-102.5384	-102.5384	-72.0613	0.7028	72.8919	0.7113	1.8e-04	10.3719
3258	-102.5343	-102.5343	-71.8274	0.7005	73.1066	0.7136	1.8e-04	10.3707
3259	-102.5256	-102.5256	-71.7532	0.6999	73.1626	0.7143	1.8e-04	10.3423
3260	-102.5541	-102.5542	-71.0488	0.6928	73.8796	0.7211	1.8e-04	10.3526
3261	-102.5684	-102.5684	-71.2581	0.6947	73.6969	0.7192	1.8e-04	10.3552
3262	-102.5398	-102.5399	-70.8560	0.6910	74.0329	0.7228	1.8e-04	10.3673
3263	-102.5582	-102.5582	-72.2062	0.7041	72.7640	0.7101	1.8e-04	10.3538
3264	-102.5250	-102.5250	-71.2145	0.6946	73.6690	0.7193	1.8e-04	10.3655
3265	-102.5358	-102.5358	-71.8077	0.7003	73.1242	0.7138	1.8e-04	10.3415
3266	-102.5105	-102.5105	-71.3632	0.6962	73.5312	0.7179	1.8e-04	10.3376
3267	-102.5377	-102.5377	-71.3456	0.6958	73.5912	0.7182	1.8e-04	10.3739
3268	-102.5472	-102.5474	-70.1421	0.6840	74.7675	0.7295	1.8e-04	10.3717
3269	-102.5212	-102.5212	-70.7997	0.6906	74.0739	0.7231	1.8e-04	10.3761
3270	-102.5527	-102.5529	-70.4980	0.6874	74.3996	0.7262	1.8e-04	10.3714
3271	-102.5606	-102.5607	-71.1037	0.6933	73.8718	0.7207	1.8e-04	10.3511
3272	-102.5426	-102.5426	-72.0186	0.7023	72.9079	0.7118	1.8e-04	10.3341
3273	-102.5296	-102.5296	-72.1147	0.7034	72.8194	0.7108	1.8e-04	10.3568
3274	-102.5450	-102.5450	-71.2634	0.6949	73.6626	0.7189	1.8e-04	10.3679
3275	-102.5812	-102.5812	-72.3571	0.7054	72.6449	0.7088	1.8e-04	10.3721
3276	-102.5764	-102.5764	-72.4089	0.7059	72.6007	0.7083	1.8e-04	10.3534
3277	-102.5437	-102.5437	-72.2115	0.7042	72.7450	0.7100	1.8e-04	10.3531
3278	-102.5347	-102.5347	-72.4450	0.7065	72.5102	0.7076	1.8e-04	10.3515
3279	-102.5390	-102.5390	-73.5134	0.7169	71.4321	0.6970	1.8e-04	10.3473
3280	-102.5267	-102.5267	-73.5816	0.7177	71.3603	0.6963	1.8e-04	10.3716
3281	-102.5442	-102.5442	-73.4734	0.7165	71.4842	0.6976	1.8e-04	10.3571
3282	-102.5472	-102.5472	-73.4417	0.7162	71.5150	0.6979	1.8e-04	10.3543
3283	-102.5602	-102.5602	-72.9625	0.7114	72.0257	0.7028	1.8e-04	10.3476
3284	-102.5352	-102.5352	-74.3859	0.7255	70.5094	0.6882	1.8e-04	10.3388
3285	-102.5392	-102.5392	-73.8542	0.7203	71.0774	0.6937	1.8e-04	10.3748
3286	-102.5456	-102.5456	-74.5362	0.7269	70.4041	0.6868	1.8e-04	10.3750
3287	-102.5354	-102.5354	-73.9835	0.7215	70.9379	0.6924	1.8e-04	10.3743
3288	-102.5591	-102.5591	-74.2514	0.7240	70.6930	0.6898	1.8e-04	10.3591
3289	-102.5304	-102.5304	-75.3660	0.7351	69.4662	0.6779	1.8e-04	10.3486
3290	-102.5214	-102.5214	-74.2173	0.7239	70.6893	0.6899	1.8e-04	10.3418
3291	-102.5725	-102.5725	-74.8456	0.7297	70.0861	0.6837	1.8e-04	10.3564
3292	-102.5490	-102.5490	-75.5493	0.7367	69.2854	0.6761	1.8e-04	10.3743
3293	-102.5713	-102.5713	-74.9941	0.7311	69.9117	0.6822	1.8e-04	10.3732
3294	-102.5587	-102.5587	-74.3045	0.7245	70.6407	0.6893	1.8e-04	10.3738
3295	-102.5878	-102.5878	-75.1710	0.7327	69.7521	0.6805	1.8e-04	10.3549
3296	-102.5660	-102.5660	-75.4949	0.7361	69.3398	0.6766	1.8e-04	10.3445
3297	-102.5161	-102.5161	-74.6867	0.7285	70.1724	0.6849	1.8e-04	10.3568
3298	-102.5284	-102.5284	-75.4479	0.7359	69.3309	0.6767	1.8e-04	10.3745
3299	-102.5478	-102.5478	-75.2561	0.7339	69.6174	0.6793	1.8e-04	10.3702
3300	-102.5703	-102.5703	-75.0021	0.7312	69.8953	0.6821	1.8e-04	10.3691
3301	-102.5499	-102.5499	-75.3590	0.7349	69.5014	0.6782	1.8e-04	10.3527
3302	-102.5459	-102.5459	-75.2923	0.7342	69.5611	0.6789	1.8e-04	10.3408
3303	-102.5652	-102.5652	-74.8177	0.7295	70.0999	0.6840	1.8e-04	10.3765
3304	-102.5187	-102.5187	-74.0414	0.7222	70.8609	0.6915	1.8e-04	10.3714
3305	-102.5518	-102.5518	-75.2429	0.7337	69.6097	0.6795	1.8e-04	10.3591
3306	-102.5185	-102.5185	-74.8103	0.7297	70.0537	0.6837	1.8e-04	10.3665
3307	-102.5717	-102.5717	-74.1762	0.7232	70.7755	0.6907	1.8e-04	10.3619
3308	-102.5952	-102.5952	-75.0848	0.7319	69.8708	0.6814	1.8e-04	10.3404
3309	-102.5456	-102.5456	-74.6128	0.7276	70.2980	0.6859	1.8e-04	10.3763
3310	-102.5375	-102.5375	-75.0090	0.7315	69.8660	0.6818	1.8e-04	10.3726
3311	-102.5794	-102.5794	-74.7110	0.7283	70.2399	0.6852	1.8e-04	10.3561
3312	-102.5372	-102.5372	-74.9453	0.7309	69.9382	0.6825	1.8e-04	10.3714
3313	-102.5298	-102.5298	-75.1625	0.7331	69.6770	0.6801	1.8e-04	10.3538
3314	-102.5858	-102.5858	-74.9138	0.7303	70.0059	0.6831	1.8e-04	10.3428
3315	-102.5686	-102.5686	-74.7074	0.7284	70.2121	0.6852	1.8e-04	10.3544
3316	-102.5246	-102.5246	-75.0323	0.7318	69.7912	0.6813	1.8e-04	10.3713
3317	-102.5234	-102.5234	-74.7244	0.7289	70.1592	0.6846	1.8e-04	10.3734
3318	-102.5308	-102.5308	-74.7521	0.7291	70.1260	0.6844	1.8e-04	10.3728
3319	-102.5588	-102.5588	-75.7912	0.7390	69.0466	0.6736	1.8e-04	10.3626
3320	-102.5438	-102.5438	-74.4936	0.7265	70.4428	0.6871	1.8e-04	10.3390
3321	-102.5379	-102.5379	-74.2669	0.7243	70.6449	0.6894	1.8e-04	10.3711
3322	-102.5462	-102.5462	-74.1422	0.7230	70.7864	0.6908	1.8e-04	10.3932
3323	-102.5085	-102.5085	-75.7649	0.7391	68.9950	0.6735	1.8e-04	10.3734
3324	-102.5338	-102.5338	-74.6743	0.7283	70.2213	0.6853	1.8e-04	10.3729
3325	-102.5529	-102.5529	-74.7759	0.7291	70.1393	0.6843	1.8e-04	10.3561
3326	-102.5056	-102.5056	-74.0249	0.7222	70.8555	0.6917	1.8e-04	10.3472
3327	-102.4903	-102.4903	-73.9274	0.7213	70.9453	0.6925	1.8e-04	10.3490
3328	-102.5417	-102.5417	-75.3173	0.7345	69.5339	0.6784	1.8e-04	10.3920
3329	-102.5618	-102.5618	-74.9494	0.7308	69.9545	0.6826	1.8e-04	10.3746
3330	-102.5402	-102.5402	-74.3265	0.7249	70.5959	0.6887	1.8e-04	10.3666
3331	-102.5566	-102.5566	-74.2552	0.7240	70.6592	0.6896	1.8e-04	10.3610
3332	-102.5474	-102.5474	-74.1483	0.7231	70.7753	0.6906	1.8e-04	10.3440
3333	-102.6059	-102.6059	-74.9560	0.7305	69.9913	0.6828	1.8e-04	10.3623
3334	-102.5742	-102.5742	-74.9663	0.7308	69.9587	0.6825	1.8e-04	10.3633
3335	-102.5445	-102.5445	-73.5690	0.7174	71.3591	0.6965	1.8e-04	10.3860
3336	-102.5367	-102.5367	-73.2799	0.7147	71.6289	0.6992	1.8e-04	10.3719
3337	-102.5582	-102.5582	-73.9258	0.7208	71.0296	0.6931	1.8e-04	10.3583
3338	-102.5489	-102.5489	-73.4435	0.7162	71.5146	0.6978	1.8e-04	10.3477
3339	-102.5637	-102.5637	-73.3808	0.7155	71.5827	0.6984	1.8e-04	10.3517
3340	-102.5583	-102.5583	-73.8773	0.7203	71.0810	0.6935	1.8e-04	10.3711
3341	-102.5440	-102.5440	-73.2158	0.7140	71.7533	0.7001	1.8e-04	10.3730
3342	-102.5622	-102.5622	-72.8257	0.7101	72.1511	0.7041	1.8e-04	10.3746
3343	-102.6069	-102.6069	-74.7111	0.7281	70.2717	0.6853	1.8e-04	10.3512
3344	-102.5916	-102.5916	-74.0322	0.7216	70.9698	0.6923	1.8e-04	10.3426
3345	-102.5374	-102.5374	-73.4469	0.7163	71.5162	0.6978	1.8e-04	10.3561
3346	-102.5265	-102.5265	-73.4720	0.7166	71.4240	0.6972	1.8e-04	10.3724
3347	-102.5082	-102.5082	-74.1955	0.7238	70.6701	0.6898	1.8e-04	10.3578
3348	-102.5284	-102.5284	-73.7697	0.7195	71.1502	0.6944	1.8e-04	10.3672
3349	-102.5269	-102.5269	-73.6034	0.7179	71.3281	0.6961	1.8e-04	10.3570
3350	-102.5233	-102.5233	-72.9795	0.7118	71.9604	0.7023	1.8e-04	10.3535
3351	-102.5461	-102.5461	-72.9984	0.7119	71.9581	0.7023	1.8e-04	10.3559
3352	-102.5498	-102.5498	-73.0565	0.7124	71.9176	0.7018	1.8e-04	10.3810
3353	-102.5411	-102.5411	-73.4353	0.7162	71.5213	0.6979	1.8e-04	10.3835
3354	-102.4963	-102.4963	-73.3094	0.7152	71.5827	0.6987	1.8e-04	10.3743
3355	-102.5760	-102.5760	-73.2850	0.7144	71.6996	0.6997	1.8e-04	10.3785
3356	-102.5202	-102.5202	-73.0628	0.7127	71.8479	0.7013	1.8e-04	10.3426
3357	-102.5582	-102.5582	-73.0478	0.7123	71.9324	0.7018	1.8e-04	10.3654
3358	-102.5485	-102.5485	-72.3881	0.7059	72.5979	0.7083	1.8e-04	10.3738
3359	-102.5361	-102.5361	-72.5085	0.7072	72.4393	0.7069	1.8e-04	10.3755
3360	-102.5518	-102.5518	-72.5022	0.7070	72.4332	0.7071	1.8e-04	10.3688
3361	-102.5309	-102.5309	-72.9087	0.7111	72.0419	0.7030	1.8e-04	10.3500
3362	-102.5103	-102.5103	-72.7235	0.7094	72.2119	0.7048	1.8e-04	10.3482
3363	-102.5385	-102.5385	-72.1733	0.7039	72.7854	0.7102	1.8e-04	10.3619
3364	-102.5385	-102.5385	-72.6630	0.7086	72.2917	0.7055	1.8e-04	10.3738
3365	-102.5456	-102.5456	-72.5262	0.7073	72.4499	0.7069	1.8e-04	10.3702
3366	-102.5239	-102.5239	-72.4156	0.7063	72.5191	0.7077	1.8e-04	10.3837
3367	-102.5682	-102.5682	-72.4343	0.7062	72.5719	0.7080	1.8e-04	10.3701
3368	-102.5422	-102.5422	-71.9918	0.7021	72.9903	0.7121	1.8e-04	10.3479
3369	-102.5700	-102.5700	-71.8909	0.7009	73.0596	0.7131	1.8e-04	10.3574
3370	-102.5511	-102.5511	-72.1933	0.7040	72.7878	0.7102	1.8e-04	10.3580
3371	-102.5424	-102.5424	-71.7591	0.6998	73.2010	0.7142	1.8e-04	10.3734
3372	-102.5499	-102.5499	-71.8801	0.7009	73.0812	0.7132	1.8e-04	10.3731
3373	-102.5256	-102.5256	-72.1724	0.7039	72.7753	0.7102	1.8e-04	10.3558
3374	-102.5646	-102.5646	-72.1077	0.7030	72.8694	0.7110	1.8e-04	10.3480
3375	-102.5595	-102.5595	-71.6875	0.6990	73.2999	0.7150	1.8e-04	10.3501
3376	-102.5624	-102.5624	-71.7838	0.6999	73.2048	0.7142	1.8e-04	10.3764
3377	-102.5245	-102.5246	-70.9387	0.6919	73.9777	0.7219	1.8e-04	10.3730
3378	-102.5239	-102.5239	-71.9986	0.7023	72.9479	0.7119	1.8e-04	10.3731
3379	-102.5613	-102.5613	-72.1850	0.7038	72.8028	0.7103	1.8e-04	10.3724
3380	-102.5821	-102.5821	-72.7012	0.7087	72.3081	0.7053	1.8e-04	10.3556
3381	-102.5329	-102.5329	-72.6251	0.7083	72.3123	0.7057	1.8e-04	10.3645
3382	-102.5393	-102.5393	-72.1582	0.7037	72.8082	0.7105	1.8e-04	10.3647
3383	-102.5532	-102.5532	-71.5908	0.6981	73.3743	0.7160	1.8e-04	10.3711
3384	-102.5615	-102.5615	-72.8460	0.7103	72.1332	0.7039	1.8e-04	10.3758
3385	-102.5575	-102.5575	-72.1678	0.7037	72.8173	0.7105	1.8e-04	10.3664
3386	-102.5513	-102.5513	-73.1859	0.7137	71.7615	0.7005	1.8e-04	10.3394
3387	-102.5303	-102.5304	-71.3059	0.6955	73.6329	0.7185	1.8e-04	10.3650
3388	-102.5544	-102.5544	-71.9761	0.7018	72.9917	0.7122	1.8e-04	10.3894
3389	-102.5482	-102.5482	-72.2853	0.7049	72.6433	0.7088	1.8e-04	10.3743
3390	-102.5314	-102.5314	-72.1817	0.7040	72.7254	0.7100	1.8e-04	10.3723
3391	-102.5688	-102.5688	-73.5502	0.7171	71.4081	0.6966	1.8e-04	10.3778
3392	-102.5510	-102.5510	-72.3333	0.7053	72.6466	0.7088	1.8e-04	10.3444
3393	-102.5544	-102.5544	-72.1322	0.7034	72.8460	0.7108	1.8e-04	10.3554
3394	-102.4966	-102.4966	-71.7847	0.7004	73.1347	0.7138	1.8e-04	10.3683
3395	-102.5507	-102.5507	-71.8921	0.7010	73.0835	0.7131	1.8e-04	10.3670
3396	-102.5602	-102.5602	-71.9542	0.7016	73.0147	0.7125	1.8e-04	10.3701
3397	-102.5520	-102.5520	-72.6529	0.7084	72.3158	0.7057	1.8e-04	10.3565
3398	-102.5361	-102.5361	-71.7037	0.6993	73.2275	0.7148	1.8e-04	10.3516
3399	-102.5333	-102.5333	-72.3382	0.7055	72.5720	0.7083	1.8e-04	10.3666
3400	-102.5381	-102.5381	-71.5351	0.6976	73.4187	0.7164	1.8e-04	10.3866
3401	-102.5306	-102.5306	-71.2010	0.6944	73.7018	0.7193	1.8e-04	10.3612
3402	-102.5492	-102.5492	-72.0605	0.7027	72.8822	0.7114	1.8e-04	10.3749
3403	-102.4889	-102.4889	-71.4502	0.6972	73.4357	0.7169	1.8e-04	10.3592
3404	-102.5084	-102.5085	-70.8099	0.6908	74.0911	0.7231	1.8e-04	10.3502
3405	-102.5534	-102.5536	-70.3564	0.6860	74.5694	0.7276	1.8e-04	10.3861
3406	-102.5248	-102.5252	-69.5473	0.6783	75.2881	0.7347	1.8e-04	10.3615
3407	-102.4991	-102.4995	-69.6500	0.6795	75.1530	0.7336	1.8e-04	10.3757
3408	-102.5706	-102.5707	-70.4703	0.6870	74.4695	0.7266	1.8e-04	10.3723
3409	-102.5450	-102.5452	-70.2445	0.6850	74.6491	0.7285	1.8e-04	10.3755
3410	-102.5873	-102.5876	-69.8673	0.6810	75.0534	0.7322	1.8e-04	10.3472
3411	-102.5505	-102.5506	-70.8783	0.6912	74.0656	0.7226	1.8e-04	10.3511
3412	-102.5445	-102.5451	-69.3921	0.6767	75.4600	0.7362	1.8e-04	10.3657
3413	-102.5842	-102.5846	-69.9937	0.6823	74.9374	0.7310	1.8e-04	10.3731
3414	-102.5487	-102.5491	-69.8056	0.6807	75.0751	0.7325	1.8e-04	10.3731
3415	-102.5090	-102.5092	-70.3013	0.6858	74.5575	0.7278	1.8e-04	10.3900
3416	-102.5167	-102.5170	-70.1926	0.6847	74.6668	0.7288	1.8e-04	10.3484
3417	-102.5428	-102.5428	-71.2643	0.6950	73.6797	0.7190	1.8e-04	10.3506
3418	-102.5624	-102.5624	-71.6352	0.6985	73.3101	0.7154	1.8e-04	10.3830
3419	-102.5312	-102.5313	-71.1532	0.6940	73.7654	0.7199	1.8e-04	10.3934
3420	-102.5104	-102.5104	-71.7866	0.7003	73.1501	0.7139	1.8e-04	10.3612
3421	-102.5566	-102.5566	-72.1453	0.7035	72.8586	0.7107	1.8e-04	10.3766
3422	-102.5386	-102.5386	-72.3907	0.7060	72.5688	0.7082	1.8e-04	10.3631
3423	-102.5634	-102.5634	-71.4038	0.6962	73.5854	0.7178	1.8e-04	10.3528
3424	-102.5296	-102.5296	-71.9982	0.7022	72.9706	0.7120	1.8e-04	10.3904
3425	-102.4769	-102.4769	-71.6909	0.6996	73.1727	0.7144	1.8e-04	10.3703
3426	-102.5118	-102.5118	-72.4580	0.7068	72.4716	0.7073	1.8e-04	10.3735
3427	-102.5262	-102.5262	-72.5026	0.7072	72.4394	0.7069	1.8e-04	10.3795
3428	-102.5693	-102.5693	-72.1145	0.7031	72.8692	0.7111	1.8e-04	10.3559
3429	-102.5968	-102.5968	-72.3635	0.7053	72.6838	0.7088	1.8e-04	10.3520
3430	-102.5604	-102.5604	-72.8259	0.7101	72.1450	0.7041	1.8e-04	10.3761
3431	-102.5296	-102.5296	-72.5786	0.7079	72.3935	0.7063	1.8e-04	10.3964
3432	-102.5559	-102.5559	-73.3963	0.7157	71.6076	0.6984	1.8e-04	10.3703
3433	-102.5173	-102.5173	-73.4538	0.7165	71.4447	0.6976	1.8e-04	10.3789
3434	-102.5722	-102.5722	-72.7475	0.7092	72.2377	0.7048	1.8e-04	10.3616
3435	-102.5182	-102.5182	-72.0384	0.7027	72.8929	0.7113	1.8e-04	10.3504
3436	-102.5504	-102.5504	-72.3606	0.7056	72.6259	0.7086	1.8e-04	10.3690
3437	-102.5453	-102.5453	-73.3225	0.7150	71.6332	0.6991	1.8e-04	10.3807
3438	-102.5335	-102.5335	-72.9151	0.7111	72.0390	0.7030	1.8e-04	10.3773
3439	-102.5490	-102.5490	-72.3583	0.7056	72.6154	0.7086	1.8e-04	10.3591
3440	-102.5569	-102.5569	-73.0851	0.7126	71.8737	0.7015	1.8e-04	10.3603
3441	-102.5396	-102.5396	-73.0435	0.7123	71.9017	0.7018	1.8e-04	10.3492
3442	-102.5300	-102.5300	-72.2503	0.7047	72.6711	0.7095	1.8e-04	10.3854
3443	-102.5547	-102.5547	-73.3894	0.7156	71.5729	0.6985	1.8e-04	10.3749
3444	-102.5620	-102.5620	-71.5917	0.6980	73.3860	0.7160	1.8e-04	10.3726
3445	-102.5204	-102.5204	-72.5698	0.7079	72.3633	0.7062	1.8e-04	10.3733
3446	-102.5589	-102.5589	-72.8300	0.7101	72.1368	0.7039	1.8e-04	10.3506
3447	-102.5551	-102.5551	-72.6526	0.7084	72.3397	0.7058	1.8e-04	10.3495
3448	-102.5155	-102.5155	-72.7080	0.7092	72.2047	0.7048	1.8e-04	10.3696
3449	-102.5527	-102.5527	-71.8980	0.7011	73.0685	0.7131	1.8e-04	10.3871
3450	-102.5368	-102.5368	-72.1940	0.7041	72.6966	0.7096	1.8e-04	10.3913
3451	-102.5307	-102.5307	-71.8955	0.7012	73.0438	0.7129	1.8e-04	10.3742
3452	-102.5485	-102.5485	-71.2834	0.6951	73.6581	0.7189	1.8e-04	10.3581
3453	-102.5551	-102.5551	-72.1047	0.7031	72.8711	0.7111	1.8e-04	10.3526
3454	-102.5487	-102.5487	-71.4294	0.6965	73.4968	0.7174	1.8e-04	10.3718
3455	-102.5192	-102.5192	-71.5643	0.6981	73.3624	0.7160	1.8e-04	10.3783
3456	-102.5709	-102.5710	-70.8156	0.6904	74.1253	0.7234	1.8e-04	10.3692
3457	-102.5369	-102.5371	-70.4682	0.6872	74.4367	0.7264	1.8e-04	10.3790
3458	-102.5526	-102.5526	-71.4913	0.6971	73.4659	0.7169	1.8e-04	10.3636
3459	-102.5266	-102.5267	-70.8867	0.6914	74.0212	0.7224	1.8e-04	10.3387
3460	-102.5649	-102.5652	-70.0892	0.6834	74.8009	0.7300	1.8e-04	10.3789
3461	-102.5453	-102.5454	-70.8125	0.6905	74.1035	0.7233	1.8e-04	10.3889
3462	-102.5291	-102.5293	-70.5233	0.6878	74.3602	0.7259	1.8e-04	10.3900
3463	-102.5656	-102.5659	-69.9340	0.6818	74.9855	0.7315	1.8e-04	10.3735
3464	-102.5385	-102.5388	-70.0766	0.6834	74.8093	0.7300	1.8e-04	10.3668
3465	-102.5621	-102.5623	-70.2019	0.6845	74.6982	0.7290	1.8e-04	10.3404
3466	-102.5324	-102.5327	-70.0800	0.6835	74.7878	0.7300	1.8e-04	10.3778
3467	-102.5204	-102.5207	-70.0273	0.6831	74.7826	0.7299	1.8e-04	10.3923
3468	-102.5352	-102.5355	-69.9287	0.6820	74.9158	0.7313	1.8e-04	10.3908
3469	-102.5071	-102.5074	-70.2119	0.6849	74.5614	0.7280	1.8e-04	10.3897
3470	-102.5851	-102.5851	-70.9872	0.6920	73.9716	0.7219	1.8e-04	10.3652
3471	-102.5539	-102.5540	-70.5514	0.6879	74.3682	0.7258	1.8e-04	10.3413
3472	-102.5670	-102.5672	-70.2928	0.6853	74.6131	0.7282	1.8e-04	10.3599
3473	-102.5686	-102.5687	-70.4801	0.6872	74.4690	0.7265	1.8e-04	10.3612
3474	-102.5668	-102.5669	-70.9956	0.6922	73.9817	0.7217	1.8e-04	10.3708
3475	-102.5200	-102.5200	-72.4183	0.7064	72.5103	0.7078	1.8e-04	10.3742
3476	-102.5495	-102.5496	-70.9199	0.6916	74.0031	0.7223	1.8e-04	10.3795
3477	-102.5562	-102.5563	-71.0419	0.6927	73.9022	0.7212	1.8e-04	10.3493
3478	-102.5211	-102.5211	-71.2603	0.6951	73.6457	0.7189	1.8e-04	10.3600
3479	-102.5356	-102.5356	-71.3920	0.6963	73.5683	0.7178	1.8e-04	10.3905
3480	-102.5544	-102.5544	-71.1258	0.6935	73.8196	0.7204	1.8e-04	10.3725
3481	-102.5650	-102.5651	-71.1375	0.6936	73.8327	0.7204	1.8e-04	10.3742
3482	-102.5462	-102.5462	-71.6663	0.6989	73.2701	0.7151	1.8e-04	10.3623
3483	-102.5608	-102.5609	-70.9053	0.6913	74.0119	0.7225	1.8e-04	10.3590
3484	-102.5572	-102.5572	-72.1638	0.7036	72.8000	0.7105	1.8e-04	10.3901
3485	-102.5451	-102.5452	-70.9380	0.6918	73.9744	0.7221	1.8e-04	10.3908
3486	-102.5457	-102.5458	-71.2186	0.6945	73.7123	0.7194	1.8e-04	10.3929
3487	-102.5209	-102.5209	-71.0729	0.6933	73.8119	0.7205	1.8e-04	10.3774
3488	-102.5521	-102.5522	-70.8657	0.6910	74.0381	0.7226	1.8e-04	10.3607
3489	-102.5457	-102.5457	-71.4422	0.6967	73.4843	0.7172	1.8e-04	10.3443
3490	-102.5877	-102.5878	-70.8297	0.6904	74.1389	0.7233	1.8e-04	10.3768
3491	-102.5455	-102.5458	-69.9328	0.6820	74.9489	0.7313	1.8e-04	10.3879
3492	-102.5499	-102.5499	-71.0600	0.6929	73.8840	0.7210	1.8e-04	10.3920
3493	-102.5400	-102.5400	-71.8215	0.7004	73.1303	0.7137	1.8e-04	10.3721
3494	-102.5647	-102.5647	-71.1387	0.6936	73.8199	0.7203	1.8e-04	10.3800
3495	-102.5433	-102.5433	-71.8247	0.7004	73.1267	0.7137	1.8e-04	10.3479
3496	-102.5618	-102.5619	-70.6018	0.6884	74.3305	0.7253	1.8e-04	10.3806
3497	-102.5412	-102.5413	-71.1555	0.6939	73.7749	0.7199	1.8e-04	10.3744
3498	-102.5169	-102.5169	-72.0470	0.7028	72.8607	0.7112	1.8e-04	10.3936
3499	-102.5448	-102.5448	-72.1206	0.7033	72.8083	0.7109	1.8e-04	10.3938
3500	-102.5609	-102.5609	-71.9074	0.7011	73.0736	0.7130	1.8e-04	10.3751
3501	-102.5558	-102.5558	-71.8647	0.7007	73.1175	0.7134	1.8e-04	10.3378
3502	-102.5006	-102.5006	-72.2138	0.7045	72.6831	0.7095	1.8e-04	10.3676
3503	-102.5293	-102.5294	-70.9414	0.6919	73.9771	0.7220	1.8e-04	10.3743
3504	-102.5361	-102.5361	-71.4030	0.6964	73.5049	0.7176	1.8e-04	10.3938
3505	-102.5222	-102.5222	-71.5787	0.6982	73.3226	0.7159	1.8e-04	10.3929
3506	-102.5193	-102.5193	-72.3707	0.7059	72.5533	0.7083	1.8e-04	10.3531
3507	-102.5307	-102.5309	-70.6969	0.6895	74.1912	0.7242	1.8e-04	10.3440
3508	-102.5608	-102.5610	-70.3243	0.6857	74.5819	0.7279	1.8e-04	10.3610
3509	-102.5193	-102.5193	-71.0158	0.6927	73.9110	0.7212	1.8e-04	10.3720
3510	-102.5296	-102.5297	-70.7028	0.6896	74.1969	0.7242	1.8e-04	10.3909
3511	-102.5290	-102.5294	-69.7280	0.6801	75.0798	0.7328	1.8e-04	10.3933
3512	-102.5361	-102.5366	-69.4251	0.6771	75.4320	0.7359	1.8e-04	10.3589
3513	-102.5369	-102.5371	-70.2093	0.6847	74.6740	0.7287	1.8e-04	10.3450
3514	-102.5565	-102.5566	-70.6878	0.6893	74.2217	0.7245	1.8e-04	10.3622
3515	-102.5246	-102.5247	-70.6702	0.6893	74.2029	0.7245	1.8e-04	10.3729
3516	-102.5092	-102.5092	-71.0957	0.6936	73.7947	0.7204	1.8e-04	10.3706
3517	-102.5551	-102.5552	-70.9949	0.6923	73.9507	0.7216	1.8e-04	10.3511
3518	-102.5570	-102.5570	-71.3464	0.6957	73.6013	0.7183	1.8e-04	10.3671
3519	-102.5949	-102.5949	-71.3795	0.6957	73.6222	0.7183	1.8e-04	10.3515
3520	-102.5164	-102.5167	-70.0771	0.6836	74.7678	0.7299	1.8e-04	10.3704
3521	-102.5280	-102.5281	-70.8601	0.6911	74.0679	0.7227	1.8e-04	10.3856
3522	-102.5070	-102.5072	-70.2948	0.6858	74.5654	0.7278	1.8e-04	10.3725
3523	-102.5071	-102.5072	-71.1430	0.6940	73.7457	0.7199	1.8e-04	10.3936
3524	-102.5402	-102.5402	-70.9007	0.6914	74.0134	0.7223	1.8e-04	10.3755
3525	-102.4937	-102.4937	-71.2566	0.6952	73.6606	0.7187	1.8e-04	10.3561
3526	-102.5229	-102.5229	-71.8970	0.7013	73.0410	0.7128	1.8e-04	10.3801
3527	-102.5542	-102.5542	-72.1823	0.7038	72.7819	0.7102	1.8e-04	10.3595
3528	-102.5443	-102.5443	-71.7168	0.6994	73.2215	0.7147	1.8e-04	10.3701
3529	-102.5188	-102.5188	-72.7128	0.7093	72.2004	0.7046	1.8e-04	10.3747
3530	-102.5264	-102.5264	-72.4433	0.7066	72.4924	0.7076	1.8e-04	10.3878
3531	-102.5327	-102.5327	-71.7182	0.6995	73.1881	0.7146	1.8e-04	10.3573
3532	-102.5479	-102.5479	-71.4297	0.6965	73.5018	0.7175	1.8e-04	10.3642
3533	-102.5243	-102.5243	-71.4532	0.6969	73.4738	0.7171	1.8e-04	10.3928
3534	-102.5427	-102.5427	-71.7392	0.6996	73.1852	0.7145	1.8e-04	10.3708
3535	-102.5486	-102.5486	-71.8148	0.7003	73.1378	0.7138	1.8e-04	10.3917
3536	-102.5237	-102.5238	-70.9256	0.6918	73.9507	0.7217	1.8e-04	10.3747
3537	-102.5635	-102.5636	-70.7370	0.6897	74.2120	0.7241	1.8e-04	10.3572
3538	-102.5540	-102.5540	-71.9059	0.7012	73.0304	0.7128	1.8e-04	10.3791
3539	-102.5630	-102.5631	-71.0364	0.6926	73.9419	0.7213	1.8e-04	10.3917
3540	-102.5055	-102.5057	-70.3849	0.6866	74.4877	0.7269	1.8e-04	10.3708
3541	-102.5277	-102.5278	-70.7517	0.6901	74.1484	0.7237	1.8e-04	10.3905
3542	-102.5555	-102.5555	-71.3106	0.6953	73.6376	0.7186	1.8e-04	10.3702
3543	-102.5320	-102.5320	-71.3792	0.6962	73.5439	0.7179	1.8e-04	10.3633
3544	-102.5794	-102.5796	-70.3127	0.6854	74.6113	0.7280	1.8e-04	10.3784
3545	-102.5457	-102.5460	-70.0431	0.6830	74.8231	0.7302	1.8e-04	10.3811
3546	-102.5488	-102.5489	-71.3060	0.6953	73.6147	0.7184	1.8e-04	10.3876
3547	-102.5428	-102.5430	-70.4528	0.6871	74.4301	0.7266	1.8e-04	10.3942
3548	-102.5715	-102.5716	-70.8598	0.6908	74.0862	0.7230	1.8e-04	10.3902
3549	-102.5532	-102.5532	-71.3583	0.6958	73.5955	0.7182	1.8e-04	10.3519
3550	-102.5291	-102.5291	-71.1212	0.6937	73.7929	0.7202	1.8e-04	10.3803
3551	-102.5352	-102.5352	-71.3385	0.6957	73.5864	0.7181	1.8e-04	10.3896
3552	-102.5139	-102.5139	-71.7390	0.6998	73.1835	0.7143	1.8e-04	10.3873
3553	-102.5214	-102.5214	-71.2613	0.6951	73.6422	0.7188	1.8e-04	10.3701
3554	-102.5276	-102.5276	-71.7123	0.6994	73.2094	0.7147	1.8e-04	10.3756
3555	-102.5588	-102.5588	-72.0179	0.7022	72.9671	0.7119	1.8e-04	10.3453
3556	-102.5298	-102.5298	-72.2359	0.7045	72.7190	0.7097	1.8e-04	10.3640
3557	-102.5762	-102.5762	-71.5648	0.6977	73.4217	0.7164	1.8e-04	10.3904
3558	-102.5381	-102.5381	-72.0844	0.7030	72.8176	0.7107	1.8e-04	10.3892
3559	-102.5682	-102.5683	-71.2935	0.6951	73.6676	0.7189	1.8e-04	10.3917
3560	-102.5211	-102.5211	-72.0184	0.7025	72.9251	0.7117	1.8e-04	10.3681
3561	-102.5276	-102.5276	-71.9095	0.7014	73.0154	0.7128	1.8e-04	10.3452
3562	-102.5887	-102.5888	-70.8611	0.6907	74.1096	0.7230	1.8e-04	10.3601
3563	-102.5484	-102.5484	-71.3212	0.6955	73.6291	0.7185	1.8e-04	10.3754
3564	-102.5151	-102.5151	-71.7837	0.7002	73.1406	0.7139	1.8e-04	10.3927
3565	-102.5677	-102.5677	-72.5110	0.7070	72.4728	0.7072	1.8e-04	10.3919
3566	-102.5373	-102.5373	-72.1283	0.7034	72.7975	0.7104	1.8e-04	10.3935
3567	-102.5467	-102.5467	-72.6245	0.7082	72.3589	0.7060	1.8e-04	10.3615
3568	-102.5515	-102.5515	-72.8809	0.7107	72.0391	0.7032	1.8e-04	10.3548
3569	-102.5362	-102.5362	-73.0750	0.7127	71.8518	0.7015	1.8e-04	10.3645
3570	-102.4897	-102.4897	-72.3374	0.7058	72.5408	0.7083	1.8e-04	10.3693
3571	-102.5522	-102.5522	-72.6192	0.7081	72.3273	0.7061	1.7e-04	10.3710
3572	-102.5144	-102.5144	-72.5074	0.7073	72.4135	0.7068	1.7e-04	10.3758
3573	-102.5458	-102.5458	-72.9670	0.7116	72.0120	0.7026	1.7e-04	10.3604
3574	-102.5597	-102.5597	-71.5424	0.6976	73.4400	0.7165	1.7e-04	10.3746
3575	-102.5132	-102.5132	-72.1583	0.7039	72.7684	0.7103	1.7e-04	10.3878
3576	-102.4808	-102.4808	-71.8451	0.7011	73.0254	0.7130	1.7e-04	10.3718
3577	-102.5132	-102.5132	-72.5497	0.7077	72.3980	0.7065	1.7e-04	10.3902
3578	-102.5369	-102.5369	-72.1755	0.7039	72.7716	0.7103	1.7e-04	10.3741
3579	-102.5633	-102.5633	-71.6295	0.6984	73.3319	0.7157	1.7e-04	10.3548
3580	-102.5507	-102.5507	-71.6608	0.6988	73.2848	0.7153	1.7e-04	10.3887
3581	-102.5767	-102.5768	-70.8974	0.6912	74.0671	0.7227	1.7e-04	10.3840
3582	-102.5024	-102.5024	-72.1129	0.7035	72.7699	0.7105	1.7e-04	10.3879
3583	-102.5446	-102.5446	-72.9774	0.7117	71.9667	0.7025	1.7e-04	10.3648
3584	-102.5485	-102.5485	-72.3316	0.7053	72.6347	0.7088	1.7e-04	10.3750
3585	-102.5573	-102.5573	-71.7596	0.6997	73.2169	0.7144	1.7e-04	10.3666
3586	-102.5042	-102.5042	-71.3317	0.6959	73.5421	0.7181	1.7e-04	10.3820
3587	-102.5533	-102.5533	-71.6339	0.6985	73.3254	0.7156	1.7e-04	10.3903
3588	-102.5792	-102.5792	-71.9242	0.7012	73.0914	0.7130	1.7e-04	10.3716
3589	-102.5541	-102.5541	-70.9562	0.6919	73.9902	0.7219	1.7e-04	10.3942
3590	-102.5196	-102.5196	-71.6650	0.6990	73.2475	0.7150	1.7e-04	10.3789
3591	-102.4791	-102.4791	-71.5902	0.6986	73.2950	0.7155	1.7e-04	10.3640
3592	-102.5500	-102.5500	-71.3976	0.6962	73.5304	0.7178	1.7e-04	10.3662
3593	-102.5626	-102.5626	-71.3212	0.6954	73.6251	0.7185	1.7e-04	10.3984
3594	-102.5716	-102.5716	-71.7672	0.6997	73.2081	0.7144	1.7e-04	10.3883
3595	-102.5485	-102.5486	-70.6252	0.6887	74.2812	0.7250	1.7e-04	10.3854
3596	-102.5397	-102.5397	-71.4543	0.6968	73.4920	0.7172	1.7e-04	10.3919
3597	-102.5229	-102.5229	-71.7484	0.6998	73.1821	0.7143	1.7e-04	10.3556
3598	-102.5128	-102.5128	-71.5200	0.6977	73.3692	0.7164	1.7e-04	10.3571
3599	-102.5505	-102.5507	-70.4223	0.6867	74.5035	0.7269	1.7e-04	10.3719
3600	-102.5583	-102.5584	-70.8769	0.6911	74.0658	0.7228	1.7e-04	10.3692
3601	-102.5689	-102.5691	-70.6660	0.6890	74.2747	0.7248	1.7e-04	10.3950
3602	-102.5667	-102.5668	-70.6304	0.6886	74.2976	0.7251	1.7e-04	10.3758
3603	-102.5584	-102.5585	-71.1721	0.6940	73.7564	0.7197	1.7e-04	10.3668
3604	-102.5746	-102.5746	-71.4587	0.6967	73.5438	0.7174	1.7e-04	10.3640
3605	-102.5173	-102.5173	-71.8121	0.7005	73.1111	0.7137	1.7e-04	10.3634
3606	-102.5631	-102.5631	-71.5246	0.6974	73.4540	0.7167	1.7e-04	10.3852
3607	-102.5148	-102.5148	-71.7388	0.6998	73.1753	0.7142	1.7e-04	10.3650
3608	-102.5181	-102.5181	-71.8119	0.7005	73.1064	0.7137	1.7e-04	10.3736
3609	-102.5126	-102.5126	-71.1963	0.6945	73.7031	0.7193	1.7e-04	10.3507
3610	-102.5635	-102.5635	-72.1943	0.7039	72.7777	0.7103	1.7e-04	10.3542
3611	-102.5581	-102.5581	-71.6389	0.6985	73.2922	0.7154	1.7e-04	10.3942
3612	-102.5525	-102.5525	-71.3482	0.6957	73.6009	0.7183	1.7e-04	10.3886
3613	-102.5545	-102.5545	-71.3237	0.6955	73.6385	0.7185	1.7e-04	10.3911
3614	-102.6278	-102.6278	-72.2406	0.7039	72.8215	0.7103	1.7e-04	10.3745
3615	-102.5424	-102.5424	-71.8967	0.7011	73.0516	0.7130	1.7e-04	10.3587
3616	-102.5604	-102.5604	-72.3039	0.7050	72.6803	0.7091	1.7e-04	10.3506
3617	-102.5312	-102.5312	-71.4313	0.6967	73.4975	0.7174	1.7e-04	10.3930
3618	-102.5510	-102.5510	-72.8474	0.7104	72.0998	0.7037	1.7e-04	10.3711
3619	-102.4926	-102.4926	-72.7011	0.7093	72.2096	0.7049	1.7e-04	10.3869
3620	-102.5823	-102.5823	-71.5616	0.6976	73.4051	0.7164	1.7e-04	10.3909
3621	-102.5066	-102.5066	-71.8652	0.7011	73.0037	0.7127	1.7e-04	10.3683
3622	-102.5255	-102.5256	-70.8785	0.6913	74.0323	0.7225	1.7e-04	10.3717
3623	-102.5165	-102.5165	-72.8723	0.7108	72.0393	0.7033	1.7e-04	10.3761
3624	-102.5505	-102.5505	-72.5414	0.7074	72.4241	0.7068	1.7e-04	10.3911
3625	-102.5437	-102.5437	-71.6883	0.6991	73.2606	0.7150	1.7e-04	10.3865
3626	-102.5557	-102.5557	-71.7472	0.6996	73.2154	0.7145	1.7e-04	10.3901
3627	-102.5325	-102.5325	-72.3181	0.7053	72.6201	0.7088	1.7e-04	10.3635
3628	-102.5183	-102.5183	-71.6127	0.6985	73.3124	0.7156	1.7e-04	10.3641
3629	-102.5540	-102.5540	-72.0688	0.7027	72.8908	0.7114	1.7e-04	10.3885
3630	-102.5572	-102.5572	-72.0742	0.7028	72.8942	0.7114	1.7e-04	10.3868
3631	-102.5363	-102.5363	-71.2520	0.6949	73.6752	0.7191	1.7e-04	10.3936
3632	-102.5494	-102.5494	-71.5221	0.6974	73.4113	0.7166	1.7e-04	10.3732
3633	-102.5882	-102.5883	-71.1117	0.6932	73.8670	0.7207	1.7e-04	10.3679
3634	-102.5758	-102.5758	-72.0205	0.7021	72.9347	0.7119	1.7e-04	10.3509
3635	-102.5465	-102.5465	-71.5405	0.6976	73.4102	0.7164	1.7e-04	10.3723
3636	-102.5728	-102.5731	-70.0403	0.6828	74.8517	0.7305	1.7e-04	10.3758
3637	-102.5399	-102.5401	-70.2193	0.6848	74.6499	0.7287	1.7e-04	10.3750
3638	-102.5157	-102.5157	-71.9590	0.7019	72.9628	0.7122	1.7e-04	10.3902
3639	-102.5693	-102.5696	-69.9038	0.6815	74.9977	0.7318	1.7e-04	10.3754
3640	-102.5446	-102.5446	-71.2069	0.6944	73.7047	0.7196	1.7e-04	10.3571
3641	-102.5803	-102.5806	-70.1648	0.6840	74.7614	0.7295	1.7e-04	10.3903
3642	-102.5086	-102.5086	-71.6329	0.6988	73.2445	0.7153	1.7e-04	10.3928
3643	-102.5443	-102.5443	-71.1640	0.6940	73.7618	0.7200	1.7e-04	10.3918
3644	-102.5506	-102.5506	-71.4040	0.6963	73.5432	0.7177	1.7e-04	10.3905
3645	-102.5257	-102.5259	-70.1571	0.6843	74.6863	0.7291	1.7e-04	10.3784
3646	-102.5344	-102.5346	-70.4627	0.6872	74.3934	0.7261	1.7e-04	10.3510
3647	-102.5117	-102.5117	-71.4182	0.6967	73.4757	0.7174	1.7e-04	10.3972
3648	-102.5423	-102.5424	-70.8899	0.6913	74.0131	0.7225	1.7e-04	10.3933
3649	-102.5864	-102.5864	-71.1531	0.6936	73.8240	0.7203	1.7e-04	10.3703
3650	-102.5972	-102.5975	-70.1466	0.6837	74.7976	0.7297	1.7e-04	10.3889
3651	-102.5469	-102.5469	-71.6841	0.6990	73.2841	0.7151	1.7e-04	10.3801
3652	-102.5454	-102.5455	-70.9696	0.6921	73.9359	0.7218	1.7e-04	10.3603
3653	-102.5576	-102.5577	-71.0796	0.6931	73.8562	0.7209	1.7e-04	10.3663
3654	-102.5318	-102.5318	-71.4122	0.6965	73.5140	0.7176	1.7e-04	10.3698
3655	-102.5551	-102.5551	-71.9879	0.7019	72.9654	0.7122	1.7e-04	10.3912
3656	-102.5634	-102.5634	-72.0977	0.7030	72.8691	0.7112	1.7e-04	10.3686
3657	-102.5318	-102.5318	-72.2577	0.7047	72.6791	0.7093	1.7e-04	10.3823
3658	-102.5408	-102.5408	-72.9729	0.7116	71.9458	0.7023	1.7e-04	10.3561
3659	-102.4923	-102.4923	-73.1512	0.7137	71.7390	0.7004	1.7e-04	10.3948
3660	-102.5219	-102.5219	-72.9125	0.7112	72.0105	0.7030	1.7e-04	10.3925
3661	-102.5863	-102.5863	-72.5389	0.7071	72.4277	0.7068	1.7e-04	10.3889
3662	-102.5363	-102.5363	-72.8332	0.7103	72.1008	0.7038	1.7e-04	10.3937
3663	-102.5646	-102.5646	-73.1292	0.7130	71.8555	0.7011	1.7e-04	10.3705
3664	-102.5515	-102.5515	-72.4824	0.7068	72.4810	0.7074	1.7e-04	10.3589
3665	-102.5441	-102.5441	-73.5819	0.7176	71.3485	0.6965	1.7e-04	10.3782
3666	-102.5704	-102.5704	-74.1669	0.7231	70.7678	0.6908	1.7e-04	10.3913
3667	-102.5378	-102.5378	-73.6077	0.7179	71.3269	0.6962	1.7e-04	10.3914
3668	-102.5557	-102.5557	-72.6079	0.7080	72.3441	0.7062	1.7e-04	10.3959
3669	-102.5328	-102.5328	-73.2302	0.7142	71.7059	0.6998	1.7e-04	10.3999
3670	-102.5453	-102.5453	-73.5346	0.7171	71.4090	0.6970	1.7e-04	10.3591
3671	-102.5078	-102.5078	-74.2854	0.7247	70.5666	0.6891	1.7e-04	10.3970
3672	-102.5408	-102.5408	-73.8905	0.7206	71.0384	0.6933	1.7e-04	10.3894
3673	-102.5011	-102.5011	-72.7604	0.7099	72.1343	0.7043	1.7e-04	10.3906
3674	-102.5484	-102.5484	-73.9029	0.7207	71.0231	0.6932	1.7e-04	10.3894
3675	-102.5117	-102.5117	-73.5539	0.7175	71.3266	0.6965	1.7e-04	10.3799
3676	-102.5572	-102.5572	-73.6056	0.7177	71.3387	0.6963	1.7e-04	10.3495
3677	-102.5237	-102.5237	-72.9094	0.7111	71.9902	0.7030	1.7e-04	10.3953
3678	-102.5091	-102.5091	-73.0254	0.7124	71.8630	0.7018	1.7e-04	10.3910
3679	-102.5430	-102.5430	-72.7840	0.7098	72.1673	0.7044	1.7e-04	10.3726
3680	-102.5324	-102.5324	-73.1190	0.7131	71.7681	0.7007	1.7e-04	10.3934
3681	-102.5698	-102.5698	-72.2733	0.7046	72.6852	0.7095	1.7e-04	10.3826
3682	-102.5533	-102.5533	-72.3213	0.7052	72.6464	0.7090	1.7e-04	10.3482
3683	-102.5591	-102.5591	-71.8742	0.7008	73.0958	0.7133	1.7e-04	10.3763
3684	-102.5411	-102.5411	-71.6295	0.6985	73.3239	0.7156	1.7e-04	10.3941
3685	-102.4992	-102.4992	-71.3016	0.6956	73.5739	0.7184	1.7e-04	10.3934
3686	-102.5253	-102.5254	-70.7840	0.6904	74.0860	0.7234	1.7e-04	10.3986
3687	-102.5516	-102.5517	-70.8518	0.6909	74.0798	0.7230	1.7e-04	10.3768
3688	-102.5736	-102.5736	-71.7134	0.6991	73.2493	0.7147	1.7e-04	10.3613
3689	-102.5188	-102.5188	-71.8061	0.7004	73.1186	0.7136	1.7e-04	10.3757
3690	-102.5519	-102.5519	-71.3906	0.6961	73.5407	0.7178	1.7e-04	10.3884
3691	-102.5549	-102.5550	-70.4842	0.6873	74.3895	0.7263	1.7e-04	10.3883
3692	-102.5012	-102.5012	-71.3396	0.6960	73.5341	0.7180	1.7e-04	10.3939
3693	-102.5528	-102.5531	-70.2302	0.6848	74.6448	0.7286	1.7e-04	10.3597
3694	-102.5217	-102.5220	-69.9663	0.6825	74.8602	0.7309	1.7e-04	10.3629
3695	-102.5631	-102.5634	-70.1705	0.6842	74.7106	0.7293	1.7e-04	10.3897
3696	-102.5512	-102.5512	-71.4127	0.6964	73.5364	0.7177	1.7e-04	10.3921
3697	-102.5431	-102.5433	-70.3491	0.6860	74.5454	0.7275	1.7e-04	10.3932
3698	-102.5471	-102.5473	-70.0837	0.6834	74.7954	0.7300	1.7e-04	10.3886
3699	-102.5642	-102.5643	-70.7215	0.6895	74.2223	0.7243	1.7e-04	10.3972
3700	-102.5460	-102.5462	-70.3047	0.6856	74.5765	0.7280	1.7e-04	10.3549
3701	-102.5521	-102.5522	-70.4864	0.6873	74.4143	0.7264	1.7e-04	10.3838
3702	-102.5369	-102.5370	-70.7266	0.6898	74.1736	0.7240	1.7e-04	10.3878
3703	-102.5390	-102.5390	-71.2285	0.6946	73.7178	0.7193	1.7e-04	10.3708
3704	-102.5310	-102.5310	-71.0579	0.6930	73.8244	0.7207	1.7e-04	10.4130
3705	-102.5307	-102.5307	-71.4120	0.6965	73.5040	0.7175	1.7e-04	10.3795
3706	-102.5153	-102.5154	-71.1596	0.6941	73.7300	0.7198	1.7e-04	10.3617
3707	-102.5652	-102.5652	-71.0768	0.6930	73.8274	0.7206	1.7e-04	10.3936
3708	-102.5435	-102.5435	-71.4140	0.6964	73.5348	0.7175	1.7e-04	10.3988
3709	-102.5461	-102.5462	-71.1532	0.6939	73.7736	0.7201	1.7e-04	10.3929
3710	-102.5678	-102.5678	-71.6552	0.6986	73.3220	0.7155	1.7e-04	10.3903
3711	-102.5660	-102.5660	-72.5355	0.7072	72.4131	0.7069	1.7e-04	10.3752
3712	-102.5185	-102.5185	-72.6925	0.7091	72.2514	0.7051	1.7e-04	10.3637
3713	-102.5169	-102.5170	-70.7931	0.6905	74.0626	0.7231	1.7e-04	10.3792
3714	-102.5783	-102.5783	-71.5949	0.6980	73.3572	0.7160	1.7e-04	10.3882
3715	-102.5091	-102.5091	-72.4429	0.7067	72.4661	0.7074	1.7e-04	10.3894
3716	-102.5401	-102.5401	-72.1210	0.7033	72.8254	0.7108	1.7e-04	10.3888
3717	-102.5545	-102.5545	-71.5011	0.6972	73.4286	0.7168	1.7e-04	10.3936
3718	-102.4959	-102.4959	-72.3177	0.7056	72.5742	0.7084	1.7e-04	10.3644
3719	-102.5935	-102.5935	-72.3319	0.7050	72.6632	0.7092	1.7e-04	10.3857
3720	-102.5328	-102.5328	-71.8276	0.7005	73.1015	0.7136	1.7e-04	10.3900
3721	-102.5246	-102.5246	-71.5659	0.6980	73.3595	0.7160	1.7e-04	10.3916
3722	-102.5614	-102.5614	-71.8673	0.7007	73.1008	0.7134	1.7e-04	10.3884
3723	-102.5094	-102.5094	-72.4825	0.7071	72.4331	0.7071	1.7e-04	10.3786
3724	-102.5534	-102.5534	-72.2133	0.7042	72.7603	0.7100	1.7e-04	10.3634
3725	-102.5471	-102.5471	-72.3781	0.7058	72.5773	0.7084	1.7e-04	10.3762
3726	-102.5747	-102.5747	-72.6149	0.7079	72.3616	0.7063	1.7e-04	10.3870
3727	-102.5020	-102.5020	-71.7334	0.6998	73.1689	0.7143	1.7e-04	10.3921
3728	-102.5661	-102.5662	-71.3604	0.6957	73.6069	0.7183	1.7e-04	10.3939
3729	-102.5312	-102.5312	-71.5389	0.6977	73.3861	0.7163	1.7e-04	10.3703
3730	-102.5411	-102.5411	-71.7265	0.6995	73.1788	0.7143	1.7e-04	10.3676
3731	-102.5613	-102.5613	-72.2493	0.7045	72.6980	0.7097	1.7e-04	10.3815
3732	-102.5538	-102.5538	-71.7504	0.6996	73.2121	0.7144	1.7e-04	10.3928
3733	-102.5547	-102.5547	-71.7784	0.6999	73.1777	0.7142	1.7e-04	10.3927
3734	-102.5309	-102.5309	-72.4138	0.7063	72.5405	0.7079	1.7e-04	10.3911
3735	-102.5524	-102.5524	-71.7290	0.6994	73.2227	0.7146	1.7e-04	10.3944
3736	-102.5685	-102.5685	-71.7632	0.6997	73.1834	0.7144	1.7e-04	10.3525
3737	-102.5437	-102.5437	-71.7490	0.6997	73.1858	0.7144	1.7e-04	10.3844
3738	-102.5381	-102.5381	-71.1137	0.6935	73.8100	0.7204	1.7e-04	10.3929
3739	-102.4986	-102.4986	-71.0553	0.6932	73.8137	0.7207	1.7e-04	10.3881
3740	-102.5350	-102.5350	-71.9105	0.7013	73.0343	0.7128	1.7e-04	10.3824
3741	-102.4903	-102.4903	-71.6587	0.6992	73.2382	0.7149	1.7e-04	10.3977
3742	-102.5242	-102.5242	-71.7911	0.7002	73.1186	0.7139	1.7e-04	10.3638
3743	-102.5786	-102.5786	-71.3320	0.6954	73.6486	0.7186	1.7e-04	10.3851
3744	-102.5309	-102.5311	-70.4743	0.6873	74.4140	0.7263	1.7e-04	10.3937
3745	-102.5593	-102.5596	-69.9676	0.6822	74.9091	0.7311	1.7e-04	10.3940
3746	-102.5045	-102.5046	-70.9702	0.6924	73.9136	0.7215	1.7e-04	10.3737
3747	-102.5268	-102.5269	-71.0231	0.6927	73.8562	0.7212	1.7e-04	10.3710
3748	-102.5363	-102.5363	-71.6001	0.6983	73.2805	0.7154	1.7e-04	10.3623
3749	-102.4918	-102.4919	-71.0122	0.6929	73.7902	0.7206	1.7e-04	10.3748
3750	-102.5406	-102.5408	-70.5405	0.6879	74.3553	0.7258	1.7e-04	10.3904
3751	-102.5741	-102.5743	-70.5038	0.6873	74.4132	0.7263	1.7e-04	10.3980
3752	-102.5962	-102.5963	-70.8331	0.6904	74.1469	0.7234	1.7e-04	10.3907
3753	-102.5308	-102.5309	-71.2365	0.6948	73.6648	0.7192	1.7e-04	10.3944
3754	-102.5608	-102.5609	-70.8210	0.6905	74.1054	0.7233	1.7e-04	10.3710
3755	-102.4978	-102.4978	-71.1548	0.6942	73.6899	0.7197	1.7e-04	10.3846
3756	-102.5744	-102.5746	-70.5451	0.6877	74.4013	0.7260	1.7e-04	10.3873
3757	-102.5384	-102.5384	-71.6668	0.6989	73.2528	0.7151	1.7e-04	10.3916
3758	-102.5317	-102.5317	-72.4099	0.7062	72.4907	0.7078	1.7e-04	10.3901
3759	-102.5465	-102.5465	-71.1748	0.6941	73.7552	0.7199	1.7e-04	10.3942
3760	-102.5665	-102.5665	-71.5471	0.6976	73.4031	0.7164	1.7e-04	10.3550
3761	-102.5406	-102.5406	-71.2713	0.6951	73.6464	0.7189	1.7e-04	10.4015
3762	-102.5334	-102.5334	-71.6833	0.6991	73.2168	0.7148	1.7e-04	10.3906
3763	-102.5563	-102.5564	-70.9017	0.6913	74.0276	0.7225	1.7e-04	10.3904
3764	-102.5823	-102.5824	-71.1238	0.6933	73.8303	0.7205	1.7e-04	10.3915
3765	-102.5305	-102.5305	-71.9558	0.7018	72.9552	0.7121	1.7e-04	10.3949
3766	-102.5684	-102.5684	-71.2151	0.6943	73.7466	0.7197	1.7e-04	10.3533
3767	-102.5674	-102.5674	-71.4217	0.6963	73.5422	0.7177	1.7e-04	10.4065
3768	-102.5521	-102.5521	-72.3144	0.7051	72.6292	0.7091	1.7e-04	10.3932
3769	-102.5577	-102.5577	-72.9012	0.7108	72.0496	0.7033	1.7e-04	10.3895
3770	-102.5446	-102.5446	-71.6448	0.6987	73.2788	0.7153	1.7e-04	10.3904
3771	-102.5264	-102.5264	-72.7808	0.7099	72.1557	0.7043	1.7e-04	10.3774
3772	-102.5239	-102.5239	-72.8121	0.7102	72.1204	0.7040	1.7e-04	10.3640
3773	-102.5589	-102.5589	-72.5552	0.7074	72.4052	0.7067	1.7e-04	10.3810
3774	-102.5691	-102.5691	-73.1401	0.7131	71.8220	0.7011	1.7e-04	10.3834
3775	-102.5274	-102.5274	-72.6345	0.7084	72.2966	0.7057	1.7e-04	10.3892
3776	-102.5512	-102.5512	-72.9137	0.7110	72.0398	0.7032	1.7e-04	10.3919
3777	-102.5297	-102.5297	-73.7867	0.7197	71.1214	0.6943	1.7e-04	10.3921
3778	-102.5460	-102.5460	-72.4114	0.7061	72.5362	0.7081	1.7e-04	10.3592
3779	-102.5436	-102.5436	-73.6188	0.7179	71.3051	0.6960	1.7e-04	10.3854
3780	-102.5697	-102.5697	-72.6763	0.7086	72.3038	0.7056	1.7e-04	10.3935
3781	-102.5478	-102.5478	-72.1493	0.7036	72.8264	0.7106	1.7e-04	10.3913
3782	-102.5474	-102.5474	-71.5509	0.6977	73.3534	0.7161	1.7e-04	10.3905
3783	-102.5378	-102.5378	-72.5647	0.7077	72.3666	0.7065	1.7e-04	10.3938
3784	-102.5416	-102.5416	-73.2155	0.7140	71.7324	0.7000	1.7e-04	10.3551
3785	-102.5433	-102.5433	-72.4129	0.7062	72.5499	0.7080	1.7e-04	10.3711
3786	-102.6027	-102.6027	-72.0988	0.7027	72.9027	0.7115	1.7e-04	10.3912
3787	-102.5791	-102.5791	-72.0798	0.7027	72.8972	0.7114	1.7e-04	10.3876
3788	-102.5604	-102.5604	-73.0048	0.7118	71.9387	0.7023	1.7e-04	10.3739
3789	-102.5625	-102.5625	-72.8325	0.7101	72.1458	0.7040	1.7e-04	10.3886
3790	-102.5520	-102.5520	-72.3596	0.7056	72.6040	0.7085	1.7e-04	10.3610
3791	-102.5737	-102.5737	-73.8878	0.7203	71.0718	0.6936	1.7e-04	10.3762
3792	-102.5673	-102.5673	-74.0250	0.7217	70.9181	0.6922	1.7e-04	10.3702
3793	-102.5402	-102.5402	-74.2948	0.7245	70.5983	0.6892	1.7e-04	10.4047
3794	-102.5705	-102.5705	-74.0475	0.7219	70.8904	0.6919	1.7e-04	10.4045
3795	-102.5266	-102.5266	-74.9101	0.7306	69.9186	0.6827	1.7e-04	10.3947
3796	-102.5733	-102.5733	-74.0099	0.7215	70.9364	0.6924	1.7e-04	10.3593
3797	-102.5318	-102.5318	-73.4935	0.7168	71.4168	0.6973	1.7e-04	10.3829
3798	-102.5371	-102.5371	-74.8250	0.7297	70.0305	0.6837	1.7e-04	10.3827
3799	-102.5639	-102.5639	-75.2344	0.7335	69.5910	0.6795	1.7e-04	10.3902
3800	-102.5184	-102.5184	-74.8683	0.7303	69.9454	0.6831	1.7e-04	10.3881
3801	-102.5533	-102.5533	-75.4008	0.7352	69.4411	0.6778	1.7e-04	10.3962
3802	-102.5010	-102.5010	-75.0738	0.7324	69.7251	0.6809	1.7e-04	10.3588
3803	-102.5597	-102.5597	-74.2407	0.7239	70.6618	0.6898	1.7e-04	10.3912
3804	-102.5519	-102.5519	-74.3082	0.7246	70.6009	0.6892	1.7e-04	10.3885
3805	-102.5455	-102.5455	-74.3541	0.7251	70.5375	0.6886	1.7e-04	10.3950
3806	-102.5408	-102.5408	-74.0988	0.7226	70.8119	0.6912	1.7e-04	10.3906
3807	-102.5641	-102.5641	-74.9290	0.7306	69.9437	0.6827	1.7e-04	10.3722
3808	-102.5482	-102.5482	-74.8506	0.7299	70.0184	0.6835	1.7e-04	10.3642
3809	-102.5677	-102.5677	-74.1079	0.7225	70.8273	0.6913	1.7e-04	10.3709
3810	-102.5400	-102.5400	-74.1321	0.7230	70.7691	0.6908	1.7e-04	10.3903
3811	-102.5415	-102.5415	-74.0482	0.7221	70.8537	0.6917	1.7e-04	10.3888
3812	-102.5806	-102.5806	-73.7731	0.7192	71.1847	0.6948	1.7e-04	10.3904
3813	-102.5177	-102.5177	-74.0652	0.7225	70.7988	0.6914	1.7e-04	10.3823
3814	-102.5295	-102.5295	-73.6090	0.7179	71.2918	0.6961	1.7e-04	10.3727
3815	-102.5014	-102.5014	-73.4254	0.7163	71.4336	0.6976	1.7e-04	10.3848
3816	-102.5264	-102.5264	-73.7472	0.7193	71.1505	0.6947	1.7e-04	10.3703
3817	-102.5406	-102.5406	-72.7565	0.7095	72.1854	0.7047	1.7e-04	10.3894
3818	-102.5223	-102.5223	-73.5580	0.7175	71.3293	0.6966	1.7e-04	10.3895
3819	-102.5700	-102.5700	-72.7416	0.7092	72.2169	0.7050	1.7e-04	10.3916
3820	-102.5261	-102.5261	-71.8926	0.7012	73.0246	0.7129	1.7e-04	10.3641
3821	-102.5296	-102.5296	-71.9962	0.7022	72.9449	0.7120	1.7e-04	10.3695
3822	-102.5229	-102.5230	-70.9425	0.6920	73.9231	0.7219	1.7e-04	10.3938
3823	-102.5448	-102.5448	-72.1564	0.7037	72.7826	0.7105	1.7e-04	10.3881
3824	-102.5271	-102.5271	-71.9330	0.7016	72.9811	0.7125	1.7e-04	10.3905
3825	-102.5382	-102.5382	-71.3405	0.6957	73.5681	0.7183	1.7e-04	10.3825
3826	-102.4980	-102.4980	-71.7399	0.6999	73.1366	0.7142	1.7e-04	10.3644
3827	-102.5666	-102.5668	-70.3088	0.6855	74.5688	0.7281	1.7e-04	10.3713
3828	-102.5306	-102.5306	-72.1663	0.7039	72.7527	0.7103	1.7e-04	10.3907
3829	-102.5410	-102.5411	-70.8267	0.6907	74.0601	0.7230	1.7e-04	10.3914
3830	-102.5273	-102.5274	-71.0083	0.6926	73.8877	0.7213	1.7e-04	10.3871
3831	-102.5461	-102.5461	-72.2901	0.7050	72.6401	0.7092	1.7e-04	10.3963
3832	-102.5307	-102.5307	-71.5888	0.6982	73.3189	0.7159	1.7e-04	10.3661
3833	-102.5200	-102.5201	-71.0580	0.6931	73.8290	0.7208	1.7e-04	10.3711
3834	-102.5457	-102.5457	-71.8912	0.7011	73.0589	0.7131	1.7e-04	10.3928
3835	-102.5315	-102.5315	-71.6411	0.6987	73.2626	0.7154	1.7e-04	10.3920
3836	-102.5572	-102.5572	-71.3162	0.6954	73.6226	0.7186	1.7e-04	10.3906
3837	-102.5626	-102.5626	-70.9156	0.6914	74.0049	0.7224	1.7e-04	10.3916
3838	-102.5245	-102.5247	-70.4665	0.6873	74.3934	0.7264	1.7e-04	10.3700
3839	-102.5633	-102.5634	-71.2108	0.6943	73.7323	0.7197	1.7e-04	10.3601
3840	-102.5193	-102.5193	-71.4539	0.6970	73.4277	0.7170	1.7e-04	10.3942
3841	-102.5294	-102.5295	-70.6224	0.6888	74.2347	0.7248	1.7e-04	10.3910
3842	-102.5679	-102.5679	-70.9929	0.6922	73.9276	0.7217	1.7e-04	10.3905
3843	-102.5194	-102.5195	-70.6513	0.6891	74.2063	0.7246	1.7e-04	10.3922
3844	-102.5384	-102.5386	-70.1329	0.6840	74.7123	0.7295	1.7e-04	10.3748
3845	-102.5276	-102.5277	-70.5462	0.6881	74.3203	0.7256	1.7e-04	10.3694
3846	-102.5511	-102.5512	-71.0833	0.6931	73.8145	0.7208	1.7e-04	10.3896
3847	-102.5209	-102.5209	-71.0005	0.6925	73.8627	0.7212	1.7e-04	10.4052
3848	-102.5577	-102.5581	-69.7490	0.6801	75.0926	0.7331	1.7e-04	10.3911
3849	-102.5453	-102.5454	-70.6953	0.6894	74.1206	0.7236	1.7e-04	10.3721
3850	-102.5058	-102.5059	-70.9782	0.6924	73.8821	0.7214	1.7e-04	10.3682
3851	-102.5713	-102.5714	-70.7235	0.6895	74.1823	0.7241	1.7e-04	10.3720
3852	-102.5350	-102.5351	-70.7881	0.6904	74.0816	0.7233	1.7e-04	10.3850
3853	-102.5351	-102.5352	-70.8862	0.6913	73.9540	0.7222	1.7e-04	10.3902
3854	-102.5605	-102.5605	-71.5819	0.6979	73.3422	0.7161	1.7e-04	10.3904
3855	-102.5249	-102.5249	-71.9292	0.7016	72.9682	0.7126	1.7e-04	10.3901
3856	-102.5816	-102.5816	-71.6128	0.6981	73.3547	0.7160	1.7e-04	10.3807
3857	-102.5263	-102.5263	-71.1750	0.6942	73.7157	0.7198	1.7e-04	10.3730
3858	-102.5461	-102.5462	-70.5454	0.6879	74.3274	0.7256	1.7e-04	10.4054
3859	-102.5341	-102.5342	-70.8757	0.6912	74.0320	0.7226	1.7e-04	10.3889
3860	-102.5468	-102.5468	-71.7001	0.6992	73.2253	0.7148	1.7e-04	10.3927
3861	-102.5584	-102.5585	-70.8763	0.6911	74.0206	0.7227	1.7e-04	10.3975
3862	-102.5183	-102.5183	-72.5302	0.7075	72.3792	0.7067	1.7e-04	10.3849
3863	-102.5343	-102.5344	-71.0971	0.6934	73.8038	0.7205	1.7e-04	10.3685
3864	-102.5270	-102.5270	-71.4659	0.6970	73.4387	0.7170	1.7e-04	10.4027
3865	-102.5643	-102.5643	-71.7824	0.6999	73.1798	0.7143	1.7e-04	10.3910
3866	-102.5473	-102.5474	-70.6907	0.6893	74.1884	0.7244	1.7e-04	10.3918
3867	-102.5381	-102.5381	-71.3480	0.6958	73.5792	0.7182	1.7e-04	10.3941
3868	-102.5651	-102.5651	-72.0796	0.7028	72.8807	0.7114	1.7e-04	10.3906
3869	-102.5434	-102.5435	-71.3798	0.6961	73.5086	0.7176	1.7e-04	10.3731
3870	-102.5509	-102.5509	-72.2123	0.7042	72.7206	0.7099	1.7e-04	10.3921
3871	-102.5383	-102.5383	-72.3503	0.7056	72.6038	0.7086	1.7e-04	10.3916
3872	-102.5695	-102.5695	-71.5016	0.6971	73.4535	0.7169	1.7e-04	10.3926
3873	-102.5636	-102.5636	-71.6620	0.6987	73.2845	0.7153	1.7e-04	10.3924
3874	-102.5882	-102.5882	-72.3410	0.7052	72.6525	0.7090	1.7e-04	10.3780
3875	-102.5432	-102.5432	-72.7264	0.7092	72.2038	0.7048	1.7e-04	10.3630
3876	-102.5412	-102.5412	-72.1390	0.7035	72.7906	0.7107	1.7e-04	10.3913
3877	-102.5627	-102.5627	-72.5313	0.7072	72.4423	0.7070	1.7e-04	10.3887
3878	-102.5334	-102.5334	-72.1106	0.7033	72.8113	0.7108	1.7e-04	10.3933
3879	-102.5412	-102.5412	-72.4295	0.7063	72.4575	0.7075	1.7e-04	10.3933
3880	-102.5167	-102.5167	-73.0887	0.7129	71.8063	0.7011	1.7e-04	10.3757
3881	-102.5355	-102.5355	-72.0549	0.7027	72.8717	0.7114	1.7e-04	10.3668
3882	-102.5177	-102.5177	-71.9758	0.7021	72.9079	0.7121	1.7e-04	10.3909
3883	-102.5668	-102.5668	-72.7515	0.7093	72.1787	0.7048	1.7e-04	10.3881
3884	-102.5627	-102.5627	-72.2829	0.7048	72.6834	0.7094	1.7e-04	10.3919
3885	-102.5663	-102.5663	-72.6317	0.7081	72.3338	0.7061	1.7e-04	10.3900
3886	-102.5466	-102.5466	-72.1311	0.7034	72.8043	0.7106	1.7e-04	10.3814
3887	-102.5525	-102.5525	-72.4048	0.7060	72.5509	0.7081	1.7e-04	10.3716
3888	-102.5258	-102.5258	-73.4328	0.7162	71.4784	0.6978	1.7e-04	10.3933
3889	-102.5540	-102.5540	-72.0422	0.7025	72.8911	0.7117	1.7e-04	10.4102
3890	-102.5166	-102.5166	-72.5490	0.7077	72.3299	0.7064	1.7e-04	10.3934
3891	-102.5604	-102.5604	-71.7513	0.6996	73.1963	0.7145	1.7e-04	10.3885
3892	-102.5323	-102.5323	-72.0963	0.7032	72.8089	0.7110	1.7e-04	10.3970
3893	-102.5708	-102.5708	-72.1456	0.7034	72.8264	0.7106	1.7e-04	10.3664
3894	-102.5202	-102.5202	-71.8216	0.7006	73.0758	0.7136	1.7e-04	10.3966
3895	-102.5544	-102.5544	-72.1917	0.7039	72.7334	0.7101	1.7e-04	10.4086
3896	-102.5330	-102.5330	-72.5521	0.7076	72.3809	0.7066	1.7e-04	10.3950
3897	-102.5403	-102.5403	-72.5192	0.7072	72.4142	0.7070	1.7e-04	10.3915
3898	-102.5536	-102.5536	-72.3033	0.7050	72.6277	0.7091	1.7e-04	10.3970
3899	-102.5509	-102.5509	-72.6794	0.7087	72.2502	0.7054	1.7e-04	10.3776
3900	-102.5462	-102.5462	-71.8649	0.7008	73.0708	0.7133	1.7e-04	10.3945
3901	-102.5206	-102.5206	-72.5316	0.7075	72.3751	0.7067	1.7e-04	10.3849
3902	-102.4593	-102.4593	-71.8603	0.7014	72.9708	0.7128	1.7e-04	10.3882
3903	-102.5349	-102.5350	-71.2035	0.6944	73.6894	0.7196	1.7e-04	10.3903
3904	-102.5241	-102.5242	-70.9478	0.6920	73.9529	0.7219	1.7e-04	10.3875
3905	-102.5236	-102.5236	-71.5433	0.6978	73.3586	0.7163	1.7e-04	10.3690
3906	-102.5402	-102.5402	-71.3276	0.6956	73.5416	0.7181	1.7e-04	10.3955
3907	-102.6016	-102.6018	-70.2452	0.6846	74.6630	0.7288	1.7e-04	10.3898
3908	-102.5186	-102.5187	-70.8998	0.6916	73.9360	0.7218	1.7e-04	10.3904
3909	-102.5297	-102.5297	-70.9181	0.6917	73.9676	0.7222	1.7e-04	10.3932
3910	-102.5374	-102.5374	-71.6510	0.6988	73.2440	0.7152	1.7e-04	10.3827
3911	-102.5022	-102.5023	-70.8673	0.6914	73.9937	0.7225	1.7e-04	10.3637
3912	-102.5290	-102.5291	-70.9460	0.6920	73.9643	0.7219	1.7e-04	10.3777
3913	-102.5214	-102.5215	-70.7435	0.6900	74.1383	0.7237	1.7e-04	10.3915
3914	-102.5541	-102.5541	-71.4137	0.6964	73.5098	0.7176	1.7e-04	10.3926
3915	-102.5479	-102.5481	-70.3880	0.6864	74.4802	0.7271	1.7e-04	10.3914
3916	-102.5506	-102.5507	-70.8918	0.6913	74.0119	0.7225	1.7e-04	10.3860
3917	-102.5473	-102.5474	-70.7772	0.6902	74.1187	0.7236	1.7e-04	10.3624
3918	-102.5643	-102.5645	-70.5558	0.6879	74.3286	0.7257	1.7e-04	10.4008
3919	-102.5189	-102.5194	-69.6599	0.6795	75.1573	0.7337	1.7e-04	10.3860
3920	-102.5892	-102.5893	-70.6787	0.6889	74.2678	0.7248	1.7e-04	10.3932
3921	-102.5467	-102.5468	-71.0722	0.6931	73.8451	0.7209	1.7e-04	10.3903
3922	-102.5082	-102.5083	-70.5463	0.6882	74.3055	0.7255	1.7e-04	10.3988
3923	-102.5562	-102.5562	-71.0149	0.6924	73.9079	0.7214	1.7e-04	10.3658
3924	-102.5688	-102.5689	-71.2786	0.6949	73.6642	0.7191	1.7e-04	10.3990
3925	-102.5598	-102.5600	-70.3164	0.6856	74.5945	0.7279	1.7e-04	10.3906
3926	-102.5407	-102.5407	-71.8663	0.7009	73.0741	0.7133	1.7e-04	10.3912
3927	-102.5525	-102.5525	-71.4113	0.6963	73.4906	0.7174	1.7e-04	10.4099
3928	-102.5330	-102.5330	-71.6967	0.6993	73.1812	0.7145	1.7e-04	10.3989
3929	-102.5103	-102.5103	-71.6710	0.6992	73.2176	0.7150	1.7e-04	10.3639
3930	-102.5326	-102.5326	-71.4578	0.6969	73.4491	0.7171	1.7e-04	10.3788
3931	-102.5442	-102.5442	-71.3432	0.6957	73.5711	0.7183	1.7e-04	10.3917
3932	-102.5639	-102.5639	-72.2109	0.7041	72.7317	0.7101	1.7e-04	10.3942
3933	-102.5490	-102.5490	-71.2711	0.6950	73.6327	0.7189	1.7e-04	10.3908
3934	-102.5536	-102.5536	-71.6081	0.6983	73.3181	0.7158	1.7e-04	10.3974
3935	-102.5867	-102.5867	-71.9583	0.7014	73.0246	0.7127	1.7e-04	10.3762
3936	-102.5518	-102.5518	-71.9999	0.7021	72.9185	0.7120	1.7e-04	10.3947
3937	-102.5216	-102.5216	-71.9961	0.7023	72.8893	0.7119	1.7e-04	10.3898
3938	-102.5819	-102.5819	-71.7927	0.6999	73.1676	0.7143	1.7e-04	10.3911
3939	-102.5769	-102.5769	-71.6362	0.6984	73.2821	0.7155	1.7e-04	10.3912
3940	-102.5748	-102.5748	-72.2938	0.7048	72.6626	0.7092	1.7e-04	10.3975
3941	-102.5626	-102.5626	-71.7680	0.6997	73.1907	0.7144	1.7e-04	10.3680
3942	-102.5474	-102.5474	-71.3616	0.6959	73.5521	0.7181	1.7e-04	10.4005
3943	-102.5506	-102.5506	-71.9727	0.7018	72.9666	0.7123	1.7e-04	10.3915
3944	-102.5151	-102.5152	-70.5237	0.6879	74.3088	0.7257	1.7e-04	10.3912
3945	-102.5326	-102.5326	-71.3826	0.6962	73.5142	0.7179	1.7e-04	10.3905
3946	-102.5534	-102.5534	-71.7444	0.6996	73.1878	0.7145	1.7e-04	10.3750
3947	-102.5623	-102.5623	-71.7908	0.7000	73.1523	0.7142	1.7e-04	10.3662
3948	-102.5349	-102.5351	-70.7140	0.6897	74.1313	0.7239	1.7e-04	10.3803
3949	-102.5653	-102.5654	-70.4647	0.6870	74.4384	0.7266	1.7e-04	10.3931
3950	-102.5187	-102.5187	-71.1716	0.6942	73.6992	0.7195	1.7e-04	10.3949
3951	-102.5467	-102.5469	-70.3238	0.6858	74.5515	0.7278	1.7e-04	10.3931
3952	-102.5225	-102.5225	-71.7196	0.6995	73.1782	0.7146	1.7e-04	10.3798
3953	-102.5098	-102.5098	-71.2252	0.6948	73.6375	0.7191	1.7e-04	10.3723
3954	-102.5203	-102.5203	-72.0700	0.7030	72.8333	0.7112	1.7e-04	10.3940
3955	-102.5311	-102.5311	-71.2124	0.6945	73.6972	0.7194	1.7e-04	10.3858
3956	-102.5252	-102.5253	-71.1002	0.6935	73.7792	0.7204	1.7e-04	10.3920
3957	-102.5611	-102.5612	-71.3882	0.6961	73.5240	0.7180	1.7e-04	10.3898
3958	-102.5763	-102.5763	-73.0381	0.7120	71.9083	0.7020	1.7e-04	10.3767
3959	-102.5564	-102.5565	-70.9141	0.6915	73.9569	0.7222	1.7e-04	10.3632
3960	-102.5253	-102.5253	-71.6956	0.6993	73.2206	0.7148	1.7e-04	10.4007
3961	-102.5514	-102.5515	-71.5172	0.6974	73.4189	0.7167	1.7e-04	10.3920
3962	-102.5550	-102.5550	-72.1039	0.7031	72.8301	0.7109	1.7e-04	10.3883
3963	-102.5747	-102.5747	-71.8733	0.7007	73.0837	0.7135	1.7e-04	10.3890
3964	-102.5447	-102.5447	-71.8265	0.7004	73.0840	0.7136	1.7e-04	10.3963
3965	-102.5501	-102.5501	-71.7840	0.7000	73.1545	0.7141	1.7e-04	10.3707
3966	-102.5523	-102.5523	-72.2259	0.7043	72.7048	0.7099	1.7e-04	10.3953
3967	-102.5647	-102.5647	-71.2880	0.6951	73.6536	0.7189	1.7e-04	10.3896
3968	-102.5108	-102.5108	-71.2355	0.6949	73.6418	0.7191	1.7e-04	10.3887
3969	-102.5603	-102.5603	-72.1465	0.7035	72.7806	0.7107	1.7e-04	10.3951
3970	-102.5076	-102.5076	-71.8669	0.7011	72.9941	0.7128	1.7e-04	10.3958
3971	-102.5398	-102.5398	-71.8835	0.7010	73.0462	0.7131	1.7e-04	10.3605
3972	-102.5551	-102.5551	-71.3784	0.6960	73.5362	0.7180	1.7e-04	10.4120
3973	-102.5825	-102.5825	-71.9835	0.7017	72.9620	0.7123	1.7e-04	10.3909
3974	-102.5107	-102.5107	-71.7782	0.7002	73.1188	0.7139	1.7e-04	10.3920
3975	-102.4993	-102.4993	-72.2446	0.7048	72.6294	0.7094	1.7e-04	10.3888
3976	-102.5336	-102.5336	-71.6907	0.6992	73.1747	0.7145	1.7e-04	10.3942
3977	-102.4974	-102.4975	-71.1306	0.6940	73.7275	0.7200	1.7e-04	10.3677
3978	-102.5517	-102.5517	-71.2871	0.6951	73.6083	0.7188	1.7e-04	10.3777
3979	-102.5360	-102.5360	-71.7986	0.7002	73.1210	0.7139	1.7e-04	10.3893
3980	-102.5152	-102.5153	-70.5650	0.6883	74.2933	0.7253	1.7e-04	10.3936
3981	-102.5459	-102.5460	-70.6575	0.6890	74.2030	0.7247	1.7e-04	10.3914
3982	-102.5365	-102.5367	-70.3075	0.6857	74.5610	0.7278	1.7e-04	10.3941
3983	-102.5351	-102.5353	-70.5660	0.6882	74.2989	0.7254	1.7e-04	10.3640
3984	-102.5293	-102.5296	-70.0789	0.6835	74.7462	0.7299	1.7e-04	10.3728
3985	-102.5344	-102.5349	-69.4035	0.6769	75.3967	0.7361	1.7e-04	10.4075
3986	-102.5054	-102.5055	-70.6819	0.6895	74.1650	0.7242	1.7e-04	10.3931
3987	-102.5370	-102.5372	-70.5500	0.6880	74.3269	0.7257	1.7e-04	10.3953
3988	-102.6040	-102.6041	-70.5139	0.6872	74.4221	0.7264	1.7e-04	10.3978
3989	-102.5221	-102.5222	-70.5511	0.6882	74.2926	0.7255	1.7e-04	10.3780
3990	-102.5546	-102.5546	-71.4343	0.6965	73.4942	0.7175	1.7e-04	10.4011
3991	-102.5258	-102.5258	-70.9215	0.6917	73.9404	0.7221	1.7e-04	10.3918
3992	-102.5785	-102.5785	-71.9053	0.7010	73.0377	0.7131	1.7e-04	10.3924
3993	-102.5412	-102.5413	-71.3980	0.6963	73.5207	0.7177	1.7e-04	10.3963
3994	-102.5127	-102.5127	-71.2288	0.6948	73.6469	0.7191	1.7e-04	10.3940
3995	-102.5012	-102.5012	-71.6318	0.6988	73.2660	0.7153	1.7e-04	10.3847
3996	-102.5433	-102.5433	-71.8583	0.7008	73.0559	0.7133	1.7e-04	10.4086
3997	-102.5006	-102.5006	-71.7897	0.7004	73.0705	0.7137	1.7e-04	10.3898
3998	-102.5512	-102.5512	-71.8670	0.7008	73.0524	0.7131	1.7e-04	10.3887
3999	-102.5149	-102.5149	-71.5444	0.6979	73.3407	0.7161	1.7e-04	10.3919
4000	-102.5616	-102.5616	-71.4185	0.6963	73.5257	0.7177	1.7e-04	10.3948
4001	-102.5493	-102.5493	-71.9408	0.7015	72.9475	0.7125	1.7e-04	10.3683
4002	-102.5144	-102.5144	-71.9405	0.7018	72.9434	0.7123	1.7e-04	10.4051
4003	-102.5394	-102.5394	-71.2833	0.6952	73.6084	0.7188	1.7e-04	10.3914
4004	-102.5347	-102.5347	-71.3638	0.6960	73.5320	0.7180	1.7e-04	10.3892
4005	-102.5828	-102.5828	-71.7769	0.6997	73.1920	0.7144	1.7e-04	10.3886
4006	-102.5639	-102.5639	-71.4483	0.6966	73.4966	0.7174	1.7e-04	10.3938
4007	-102.5382	-102.5382	-71.7056	0.6993	73.2004	0.7148	1.7e-04	10.3641
4008	-102.5442	-102.5442	-71.1582	0.6939	73.7111	0.7196	1.7e-04	10.3822
4009	-102.5967	-102.5968	-71.0711	0.6927	73.8671	0.7210	1.7e-04	10.3898
4010	-102.5708	-102.5708	-71.6211	0.6983	73.3476	0.7158	1.7e-04	10.3885
4011	-102.5600	-102.5601	-71.4361	0.6965	73.5070	0.7175	1.7e-04	10.3933
4012	-102.5854	-102.5854	-71.8375	0.7003	73.1323	0.7138	1.7e-04	10.3952
4013	-102.5084	-102.5084	-70.9222	0.6919	73.9409	0.7220	1.7e-04	10.3823
4014	-102.5545	-102.5545	-71.8447	0.7006	73.0792	0.7136	1.7e-04	10.3965
4015	-102.5044	-102.5045	-70.7507	0.6902	74.0889	0.7235	1.7e-04	10.3884
4016	-102.5813	-102.5813	-71.9938	0.7018	73.0158	0.7123	1.7e-04	10.4086
4017	-102.5271	-102.5271	-71.0220	0.6927	73.8651	0.7212	1.7e-04	10.3908
4018	-102.5661	-102.5662	-70.9305	0.6916	73.9999	0.7223	1.7e-04	10.3950
4019	-102.5629	-102.5629	-72.3268	0.7052	72.6059	0.7090	1.7e-04	10.3715
4020	-102.5409	-102.5409	-71.2581	0.6949	73.6560	0.7191	1.7e-04	10.3868
4021	-102.5045	-102.5045	-71.1613	0.6942	73.7153	0.7197	1.7e-04	10.3912
4022	-102.5393	-102.5393	-72.0076	0.7022	72.8828	0.7116	1.7e-04	10.4071
4023	-102.5782	-102.5782	-71.8852	0.7008	73.0624	0.7134	1.7e-04	10.3899
4024	-102.5243	-102.5243	-71.6535	0.6989	73.2273	0.7151	1.7e-04	10.3808
4025	-102.5500	-102.5500	-71.9482	0.7016	72.9784	0.7125	1.7e-04	10.3655
4026	-102.5233	-102.5234	-70.8247	0.6908	74.0466	0.7230	1.7e-04	10.3846
4027	-102.5411	-102.5413	-70.3909	0.6865	74.4491	0.7271	1.7e-04	10.3915
4028	-102.5727	-102.5727	-71.2547	0.6947	73.6399	0.7191	1.7e-04	10.3911
4029	-102.5211	-102.5211	-71.7744	0.7001	73.1338	0.7140	1.7e-04	10.4135
4030	-102.5181	-102.5182	-70.8722	0.6913	73.9942	0.7225	1.7e-04	10.3929
4031	-102.5219	-102.5219	-71.6245	0.6986	73.2259	0.7150	1.7e-04	10.3666
4032	-102.5068	-102.5069	-71.0180	0.6928	73.8464	0.7211	1.7e-04	10.3907
4033	-102.5613	-102.5613	-71.9073	0.7011	73.0091	0.7130	1.7e-04	10.3938
4034	-102.5563	-102.5563	-71.4922	0.6971	73.4253	0.7168	1.7e-04	10.3933
4035	-102.5524	-102.5524	-71.5599	0.6978	73.3729	0.7163	1.7e-04	10.3914
4036	-102.5205	-102.5205	-71.6316	0.6987	73.2757	0.7154	1.7e-04	10.4088
4037	-102.5666	-102.5666	-71.5060	0.6972	73.4157	0.7169	1.7e-04	10.3800
4038	-102.5187	-102.5187	-71.1460	0.6940	73.6987	0.7196	1.7e-04	10.3978
4039	-102.5592	-102.5592	-71.1937	0.6942	73.7096	0.7198	1.7e-04	10.3765
4040	-102.5384	-102.5385	-70.9073	0.6915	73.9725	0.7223	1.7e-04	10.3924
4041	-102.5129	-102.5130	-70.9857	0.6925	73.8399	0.7211	1.7e-04	10.4091
4042	-102.5043	-102.5043	-71.6516	0.6990	73.2106	0.7151	1.7e-04	10.3762
4043	-102.5357	-102.5358	-71.4144	0.6965	73.4909	0.7175	1.7e-04	10.3737
4044	-102.5271	-102.5272	-70.8663	0.6912	73.9992	0.7226	1.7e-04	10.3871
4045	-102.5325	-102.5325	-71.8180	0.7004	73.0851	0.7136	1.7e-04	10.3910
4046	-102.5579	-102.5579	-71.3389	0.6956	73.5750	0.7184	1.7e-04	10.3921
4047	-102.4970	-102.4970	-71.1816	0.6945	73.6677	0.7194	1.7e-04	10.3914
4048	-102.5752	-102.5752	-71.4537	0.6966	73.4381	0.7170	1.7e-04	10.3928
4049	-102.5512	-102.5513	-71.1438	0.6937	73.7606	0.7202	1.7e-04	10.3600
4050	-102.5604	-102.5605	-70.8375	0.6907	74.0825	0.7232	1.7e-04	10.3769
4051	-102.5617	-102.5618	-70.7468	0.6898	74.1511	0.7237	1.7e-04	10.4096
4052	-102.5369	-102.5369	-71.8290	0.7005	73.0652	0.7135	1.7e-04	10.3893
4053	-102.5287	-102.5287	-71.2523	0.6949	73.6502	0.7190	1.7e-04	10.3898
4054	-102.5438	-102.5438	-71.6921	0.6991	73.2168	0.7150	1.7e-04	10.3937
4055	-102.5251	-102.5251	-71.5199	0.6976	73.3284	0.7161	1.7e-04	10.3644
4056	-102.5033	-102.5033	-71.8095	0.7006	73.0542	0.7136	1.7e-04	10.3842
4057	-102.5343	-102.5343	-71.6285	0.6986	73.2722	0.7155	1.7e-04	10.4051
4058	-102.5558	-102.5558	-71.3381	0.6956	73.5808	0.7184	1.7e-04	10.3935
4059	-102.5317	-102.5317	-71.4069	0.6964	73.4930	0.7176	1.7e-04	10.3914
4060	-102.5195	-102.5195	-71.9888	0.7022	72.8938	0.7120	1.7e-04	10.3945
4061	-102.5343	-102.5343	-71.3825	0.6962	73.4793	0.7177	1.7e-04	10.3832
4062	-102.5243	-102.5243	-71.4206	0.6966	73.4500	0.7174	1.7e-04	10.3778
4063	-102.5439	-102.5439	-71.4860	0.6971	73.4223	0.7169	1.7e-04	10.3985
4064	-102.5306	-102.5306	-71.2903	0.6953	73.5836	0.7185	1.7e-04	10.3952
4065	-102.5510	-102.5511	-70.9551	0.6919	73.9252	0.7220	1.7e-04	10.3929
4066	-102.5688	-102.5690	-70.3617	0.6860	74.4867	0.7274	1.7e-04	10.3933
4067	-102.5916	-102.5920	-69.7530	0.6799	75.1051	0.7331	1.7e-04	10.3842
4068	-102.5774	-102.5774	-71.2503	0.6946	73.6647	0.7194	1.7e-04	10.3897
4069	-102.5245	-102.5245	-71.1475	0.6940	73.7293	0.7200	1.7e-04	10.3954
4070	-102.5037	-102.5037	-71.8277	0.7007	73.0140	0.7134	1.7e-04	10.3934
4071	-102.5207	-102.5208	-70.8580	0.6912	73.9752	0.7226	1.7e-04	10.3930
4072	-102.5462	-102.5462	-71.6931	0.6991	73.2147	0.7149	1.7e-04	10.3926
4073	-102.5687	-102.5687	-71.8209	0.7002	73.1252	0.7138	1.7e-04	10.3772
4074	-102.5695	-102.5696	-70.9142	0.6914	73.9953	0.7225	1.7e-04	10.3890
4075	-102.5132	-102.5132	-71.6629	0.6991	73.2096	0.7151	1.7e-04	10.4054
4076	-102.5382	-102.5382	-71.6644	0.6989	73.2312	0.7152	1.7e-04	10.3887
4077	-102.5483	-102.5484	-70.7441	0.6899	74.0849	0.7236	1.7e-04	10.3896
4078	-102.5585	-102.5585	-70.9293	0.6916	73.9461	0.7222	1.7e-04	10.3924
4079	-102.5370	-102.5370	-71.6423	0.6987	73.2533	0.7154	1.7e-04	10.3687
4080	-102.5553	-102.5553	-71.6936	0.6991	73.1972	0.7148	1.7e-04	10.3905
4081	-102.5557	-102.5557	-72.1079	0.7031	72.7913	0.7107	1.7e-04	10.3916
4082	-102.5295	-102.5295	-72.3311	0.7055	72.5240	0.7084	1.7e-04	10.3889
4083	-102.5388	-102.5389	-71.2374	0.6947	73.6260	0.7193	1.7e-04	10.3895
4084	-102.5413	-102.5413	-71.5325	0.6976	73.3748	0.7165	1.7e-04	10.3823
4085	-102.5407	-102.5407	-71.8337	0.7005	73.0662	0.7135	1.7e-04	10.3814
4086	-102.5608	-102.5608	-71.8134	0.7002	73.0944	0.7138	1.7e-04	10.3903
4087	-102.5695	-102.5695	-71.5921	0.6980	73.3311	0.7161	1.7e-04	10.3922
4088	-102.5394	-102.5395	-71.6146	0.6984	73.3043	0.7157	1.7e-04	10.3895
4089	-102.5583	-102.5584	-71.3093	0.6953	73.5849	0.7187	1.7e-04	10.3928
4090	-102.5378	-102.5378	-71.8793	0.7010	73.0018	0.7128	1.6e-04	10.3941
4091	-102.5231	-102.5231	-70.8950	0.6915	73.9710	0.7224	1.6e-04	10.3757
4092	-102.5595	-102.5595	-71.3966	0.6961	73.5153	0.7179	1.6e-04	10.3711
4093	-102.5682	-102.5682	-71.3255	0.6954	73.5900	0.7185	1.6e-04	10.3898
4094	-102.5676	-102.5677	-71.1766	0.6939	73.7365	0.7200	1.6e-04	10.3904
4095	-102.5151	-102.5151	-71.2657	0.6952	73.6181	0.7188	1.6e-04	10.3918
4096	-102.5494	-102.5494	-71.5183	0.6974	73.3937	0.7167	1.6e-04	10.3921
4097	-102.5186	-102.5186	-71.2564	0.6951	73.6152	0.7190	1.6e-04	10.3887
4098	-102.5460	-102.5460	-72.1867	0.7039	72.7281	0.7102	1.6e-04	10.3764
4099	-102.5325	-102.5325	-71.8439	0.7007	73.0521	0.7134	1.6e-04	10.4001
4100	-102.5172	-102.5173	-70.9375	0.6920	73.8765	0.7216	1.6e-04	10.4060
4101	-102.5219	-102.5219	-71.3160	0.6956	73.5582	0.7184	1.6e-04	10.4045
4102	-102.5424	-102.5424	-71.3324	0.6956	73.5494	0.7184	1.6e-04	10.3936
4103	-102.5746	-102.5747	-70.8893	0.6911	74.0195	0.7227	1.6e-04	10.3746
4104	-102.5666	-102.5667	-71.0422	0.6926	73.8447	0.7211	1.6e-04	10.3713
4105	-102.5602	-102.5603	-70.6884	0.6892	74.1892	0.7245	1.6e-04	10.3927
4106	-102.5911	-102.5913	-70.2120	0.6844	74.6675	0.7289	1.6e-04	10.3925
4107	-102.5480	-102.5481	-70.8503	0.6909	74.0408	0.7229	1.6e-04	10.3951
4108	-102.5619	-102.5620	-70.5264	0.6876	74.3435	0.7258	1.6e-04	10.3928
4109	-102.5490	-102.5491	-70.7287	0.6897	74.1753	0.7241	1.6e-04	10.3753
4110	-102.5488	-102.5488	-71.4279	0.6965	73.4682	0.7175	1.6e-04	10.3764
4111	-102.5490	-102.5490	-71.4002	0.6963	73.5243	0.7178	1.6e-04	10.3740
4112	-102.5610	-102.5612	-70.6704	0.6891	74.2355	0.7247	1.6e-04	10.3899
4113	-102.5879	-102.5879	-72.3300	0.7051	72.6520	0.7091	1.6e-04	10.3920
4114	-102.5352	-102.5352	-72.1560	0.7037	72.7758	0.7105	1.6e-04	10.3916
4115	-102.5462	-102.5462	-71.9487	0.7016	72.9612	0.7125	1.6e-04	10.3686
4116	-102.5598	-102.5598	-72.6375	0.7082	72.2846	0.7060	1.6e-04	10.3718
4117	-102.5209	-102.5209	-72.0983	0.7033	72.8093	0.7109	1.6e-04	10.3932
4118	-102.5538	-102.5538	-72.7185	0.7091	72.2049	0.7051	1.6e-04	10.3918
4119	-102.5753	-102.5753	-72.9477	0.7112	71.9851	0.7030	1.6e-04	10.3932
4120	-102.5464	-102.5464	-73.6732	0.7184	71.2214	0.6956	1.6e-04	10.4099
4121	-102.5636	-102.5636	-72.4034	0.7059	72.4905	0.7078	1.6e-04	10.3823
4122	-102.5482	-102.5482	-72.2051	0.7041	72.7100	0.7101	1.6e-04	10.3954
4123	-102.5032	-102.5032	-72.3459	0.7058	72.5501	0.7084	1.6e-04	10.3985
4124	-102.5510	-102.5510	-72.2589	0.7046	72.6891	0.7096	1.6e-04	10.3905
4125	-102.5467	-102.5467	-72.6925	0.7089	72.2167	0.7053	1.6e-04	10.3911
4126	-102.5214	-102.5214	-72.0325	0.7026	72.8664	0.7116	1.6e-04	10.3931
4127	-102.5363	-102.5363	-72.1194	0.7034	72.7773	0.7108	1.6e-04	10.3809
4128	-102.5417	-102.5417	-72.4049	0.7061	72.5039	0.7081	1.6e-04	10.3736
4129	-102.5303	-102.5303	-71.4828	0.6972	73.3849	0.7166	1.6e-04	10.3989
4130	-102.5726	-102.5726	-71.7203	0.6992	73.2150	0.7148	1.6e-04	10.3915
4131	-102.5636	-102.5636	-71.7193	0.6993	73.1655	0.7142	1.6e-04	10.3965
4132	-102.5393	-102.5393	-71.6827	0.6991	73.2325	0.7150	1.6e-04	10.3937
4133	-102.5829	-102.5830	-71.0924	0.6930	73.8506	0.7209	1.6e-04	10.3834
4134	-102.5421	-102.5421	-72.6442	0.7084	72.2637	0.7054	1.6e-04	10.3708
4135	-102.5202	-102.5202	-72.0378	0.7027	72.8682	0.7115	1.6e-04	10.4146
4136	-102.4933	-102.4933	-71.8122	0.7007	72.9908	0.7130	1.6e-04	10.4089
4137	-102.5282	-102.5282	-72.1590	0.7038	72.7696	0.7104	1.6e-04	10.4105
4138	-102.5495	-102.5495	-71.2880	0.6952	73.6023	0.7188	1.6e-04	10.4102
4139	-102.5314	-102.5314	-71.7995	0.7003	73.1083	0.7139	1.6e-04	10.4003
4140	-102.5497	-102.5497	-71.5817	0.6980	73.3297	0.7161	1.6e-04	10.3724
4141	-102.5188	-102.5188	-71.3141	0.6956	73.5608	0.7181	1.6e-04	10.4138
4142	-102.5030	-102.5030	-72.0129	0.7025	72.8363	0.7116	1.6e-04	10.4080
4143	-102.5346	-102.5346	-71.6767	0.6990	73.2213	0.7150	1.6e-04	10.4102
4144	-102.5048	-102.5051	-70.0541	0.6834	74.7318	0.7300	1.6e-04	10.4144
4145	-102.5892	-102.5892	-71.8521	0.7004	73.0929	0.7136	1.6e-04	10.4017
4146	-102.5042	-102.5044	-70.3397	0.6862	74.4915	0.7274	1.6e-04	10.3786
4147	-102.5207	-102.5209	-70.6306	0.6889	74.2236	0.7248	1.6e-04	10.3929
4148	-102.5656	-102.5661	-69.5755	0.6783	75.2692	0.7346	1.6e-04	10.4097
4149	-102.5249	-102.5251	-70.5654	0.6883	74.3046	0.7254	1.6e-04	10.4119
4150	-102.5676	-102.5677	-70.4609	0.6870	74.4313	0.7265	1.6e-04	10.3967
4151	-102.5303	-102.5305	-70.5287	0.6879	74.3237	0.7258	1.6e-04	10.3905
4152	-102.5639	-102.5641	-70.4618	0.6870	74.4184	0.7266	1.6e-04	10.3815
4153	-102.5307	-102.5308	-70.4627	0.6872	74.4110	0.7264	1.6e-04	10.4012
4154	-102.5798	-102.5801	-70.1731	0.6841	74.7097	0.7294	1.6e-04	10.4134
4155	-102.5548	-102.5554	-69.2445	0.6752	75.5680	0.7375	1.6e-04	10.3943
4156	-102.5541	-102.5543	-70.3643	0.6861	74.5277	0.7275	1.6e-04	10.3909
4157	-102.5099	-102.5101	-70.5579	0.6883	74.2724	0.7252	1.6e-04	10.4028
4158	-102.5358	-102.5359	-70.7081	0.6896	74.1194	0.7237	1.6e-04	10.3760
4159	-102.5291	-102.5292	-70.5368	0.6880	74.3342	0.7257	1.6e-04	10.3948
4160	-102.5231	-102.5234	-70.1300	0.6840	74.6911	0.7294	1.6e-04	10.4123
4161	-102.5216	-102.5216	-70.9142	0.6917	73.9621	0.7222	1.6e-04	10.4140
4162	-102.5535	-102.5535	-72.1250	0.7033	72.7811	0.7106	1.6e-04	10.4130
4163	-102.5933	-102.5933	-72.2589	0.7043	72.7321	0.7098	1.6e-04	10.3969
4164	-102.5860	-102.5860	-71.7554	0.6995	73.2338	0.7147	1.6e-04	10.3686
4165	-102.4940	-102.4940	-72.3191	0.7056	72.5325	0.7086	1.6e-04	10.3961
4166	-102.5157	-102.5157	-72.1869	0.7042	72.7066	0.7100	1.6e-04	10.4122
4167	-102.5713	-102.5713	-72.8320	0.7101	72.1315	0.7041	1.6e-04	10.4170
4168	-102.5630	-102.5630	-72.3171	0.7051	72.6062	0.7090	1.6e-04	10.4124
4169	-102.5626	-102.5626	-72.2673	0.7046	72.6719	0.7096	1.6e-04	10.4075
4170	-102.5758	-102.5758	-72.7637	0.7094	72.1833	0.7046	1.6e-04	10.3846
4171	-102.5304	-102.5304	-73.9330	0.7211	70.9635	0.6928	1.6e-04	10.3964
4172	-102.5298	-102.5298	-72.2614	0.7048	72.6641	0.7094	1.6e-04	10.4115
4173	-102.5731	-102.5731	-72.9472	0.7112	72.0135	0.7028	1.6e-04	10.4118
4174	-102.5232	-102.5232	-73.5451	0.7174	71.3638	0.6967	1.6e-04	10.4133
4175	-102.5606	-102.5606	-73.2232	0.7140	71.6880	0.6998	1.6e-04	10.3979
4176	-102.5485	-102.5485	-74.0496	0.7221	70.8661	0.6918	1.6e-04	10.3767
4177	-102.5100	-102.5100	-73.5812	0.7178	71.2967	0.6963	1.6e-04	10.4165
4178	-102.5631	-102.5631	-73.9123	0.7207	71.0201	0.6933	1.6e-04	10.4123
4179	-102.5381	-102.5381	-73.8397	0.7201	71.0591	0.6939	1.6e-04	10.4118
4180	-102.5230	-102.5230	-73.8506	0.7203	71.0342	0.6936	1.6e-04	10.4143
4181	-102.5673	-102.5673	-73.2420	0.7141	71.6827	0.6999	1.6e-04	10.4164
4182	-102.5611	-102.5611	-73.7521	0.7191	71.1887	0.6949	1.6e-04	10.3765
4183	-102.5555	-102.5555	-73.8954	0.7205	71.0281	0.6933	1.6e-04	10.4120
4184	-102.5823	-102.5823	-73.4029	0.7156	71.5777	0.6985	1.6e-04	10.3944
4185	-102.5306	-102.5306	-73.1457	0.7134	71.7553	0.7007	1.6e-04	10.3944
4186	-102.5204	-102.5204	-73.3818	0.7158	71.5335	0.6983	1.6e-04	10.3967
4187	-102.5348	-102.5348	-72.9515	0.7115	71.9607	0.7026	1.6e-04	10.4034
4188	-102.5653	-102.5653	-73.1015	0.7127	71.8420	0.7013	1.6e-04	10.3666
4189	-102.5827	-102.5827	-73.9180	0.7206	71.0515	0.6934	1.6e-04	10.3992
4190	-102.5856	-102.5856	-72.9099	0.7107	72.0753	0.7033	1.6e-04	10.4133
4191	-102.5576	-102.5576	-72.7044	0.7089	72.2304	0.7053	1.6e-04	10.4115
4192	-102.5538	-102.5538	-73.4265	0.7160	71.5183	0.6981	1.6e-04	10.4109
4193	-102.5510	-102.5510	-73.0715	0.7125	71.8649	0.7016	1.6e-04	10.4190
4194	-102.5585	-102.5585	-72.7103	0.7090	72.2302	0.7052	1.6e-04	10.3621
4195	-102.5056	-102.5056	-72.6091	0.7083	72.2883	0.7058	1.6e-04	10.4018
4196	-102.5505	-102.5505	-71.9816	0.7019	72.9255	0.7121	1.6e-04	10.4116
4197	-102.5437	-102.5437	-73.3104	0.7149	71.5968	0.6988	1.6e-04	10.4108
4198	-102.5433	-102.5433	-72.1608	0.7037	72.7559	0.7102	1.6e-04	10.4109
4199	-102.5421	-102.5421	-72.5839	0.7078	72.3717	0.7063	1.6e-04	10.4188
4200	-102.5456	-102.5456	-71.6515	0.6987	73.2512	0.7151	1.6e-04	10.3669
4201	-102.5538	-102.5539	-71.5207	0.6974	73.4079	0.7167	1.6e-04	10.3868
4202	-102.5252	-102.5252	-71.9949	0.7022	72.9299	0.7120	1.6e-04	10.4103
4203	-102.5412	-102.5412	-71.6402	0.6986	73.2870	0.7155	1.6e-04	10.4110
4204	-102.5688	-102.5688	-72.0438	0.7024	72.9174	0.7118	1.6e-04	10.4100
4205	-102.5620	-102.5620	-71.4649	0.6968	73.4804	0.7172	1.6e-04	10.4027
4206	-102.5347	-102.5349	-70.6607	0.6891	74.2220	0.7245	1.6e-04	10.3647
4207	-102.5282	-102.5282	-71.7074	0.6994	73.2009	0.7147	1.6e-04	10.4162
4208	-102.5526	-102.5526	-71.3973	0.6962	73.5457	0.7178	1.6e-04	10.4092
4209	-102.5533	-102.5533	-71.0443	0.6928	73.8894	0.7212	1.6e-04	10.4121
4210	-102.5576	-102.5576	-71.5728	0.6979	73.3700	0.7162	1.6e-04	10.4107
4211	-102.5647	-102.5647	-71.1206	0.6934	73.7870	0.7205	1.6e-04	10.4156
4212	-102.5108	-102.5108	-70.9847	0.6925	73.8670	0.7214	1.6e-04	10.3783
4213	-102.5391	-102.5391	-72.2285	0.7044	72.6775	0.7098	1.6e-04	10.4124
4214	-102.5770	-102.5770	-71.7056	0.6990	73.2571	0.7149	1.6e-04	10.4115
4215	-102.5510	-102.5513	-69.9943	0.6825	74.8598	0.7309	1.6e-04	10.4108
4216	-102.5508	-102.5508	-71.3231	0.6955	73.6101	0.7185	1.6e-04	10.4094
4217	-102.5453	-102.5454	-70.6214	0.6887	74.2626	0.7251	1.6e-04	10.3808
4218	-102.5639	-102.5639	-71.1686	0.6939	73.7665	0.7201	1.6e-04	10.3801
4219	-102.5402	-102.5406	-69.6980	0.6797	75.1204	0.7334	1.6e-04	10.4183
4220	-102.5843	-102.5846	-69.9755	0.6821	74.9260	0.7312	1.6e-04	10.4076
4221	-102.5248	-102.5248	-70.9563	0.6921	73.9229	0.7217	1.6e-04	10.4080
4222	-102.5696	-102.5696	-71.1026	0.6932	73.8421	0.7207	1.6e-04	10.4117
4223	-102.5439	-102.5439	-71.6500	0.6987	73.2669	0.7154	1.6e-04	10.3962
4224	-102.5593	-102.5594	-71.3992	0.6962	73.5578	0.7179	1.6e-04	10.3665
4225	-102.5869	-102.5870	-70.8054	0.6902	74.1364	0.7235	1.6e-04	10.4004
4226	-102.5607	-102.5608	-70.9505	0.6918	73.9444	0.7220	1.6e-04	10.4098
4227	-102.5108	-102.5108	-71.6634	0.6991	73.1971	0.7149	1.6e-04	10.4107
4228	-102.5265	-102.5265	-71.3900	0.6963	73.4955	0.7176	1.6e-04	10.4093
4229	-102.5081	-102.5081	-71.8722	0.7011	73.0030	0.7130	1.6e-04	10.4198
4230	-102.5182	-102.5182	-71.3633	0.6961	73.4780	0.7176	1.6e-04	10.3644
4231	-102.5605	-102.5605	-71.3815	0.6960	73.5447	0.7180	1.6e-04	10.4016
4232	-102.5339	-102.5339	-71.3189	0.6956	73.5679	0.7185	1.6e-04	10.4097
4233	-102.5638	-102.5640	-70.7192	0.6895	74.2260	0.7242	1.6e-04	10.4152
4234	-102.5440	-102.5441	-70.7968	0.6904	74.0919	0.7234	1.6e-04	10.4090
4235	-102.5664	-102.5664	-71.8650	0.7007	73.0902	0.7135	1.6e-04	10.4160
4236	-102.5477	-102.5480	-70.0932	0.6835	74.7904	0.7299	1.6e-04	10.3721
4237	-102.5703	-102.5703	-71.7124	0.6992	73.2281	0.7148	1.6e-04	10.3772
4238	-102.5467	-102.5468	-70.7355	0.6898	74.1281	0.7236	1.6e-04	10.4093
4239	-102.5550	-102.5550	-71.1830	0.6941	73.7389	0.7197	1.6e-04	10.4143
4240	-102.5430	-102.5430	-71.2569	0.6949	73.6225	0.7188	1.6e-04	10.4119
4241	-102.5784	-102.5785	-71.2139	0.6942	73.7399	0.7197	1.6e-04	10.4169
4242	-102.5634	-102.5635	-71.3020	0.6952	73.6409	0.7188	1.6e-04	10.3758
4243	-102.5371	-102.5371	-71.3837	0.6962	73.5193	0.7178	1.6e-04	10.4020
4244	-102.5486	-102.5486	-71.8241	0.7004	73.1112	0.7137	1.6e-04	10.4104
4245	-102.5100	-102.5100	-72.0108	0.7025	72.8821	0.7117	1.6e-04	10.4137
4246	-102.5305	-102.5305	-72.6315	0.7084	72.2643	0.7055	1.6e-04	10.4106
4247	-102.6010	-102.6010	-71.2578	0.6945	73.7241	0.7195	1.6e-04	10.4155
4248	-102.5544	-102.5544	-72.1877	0.7039	72.7457	0.7103	1.6e-04	10.3777
4249	-102.5666	-102.5666	-71.7493	0.6995	73.1777	0.7144	1.6e-04	10.3961
4250	-102.5479	-102.5479	-71.6719	0.6989	73.2664	0.7152	1.6e-04	10.4116
4251	-102.5517	-102.5517	-72.4928	0.7069	72.4573	0.7072	1.6e-04	10.4102
4252	-102.5311	-102.5311	-71.7648	0.6999	73.1372	0.7139	1.6e-04	10.4099
4253	-102.5163	-102.5163	-71.0507	0.6931	73.8187	0.7208	1.6e-04	10.4179
4254	-102.5266	-102.5266	-71.7481	0.6998	73.1707	0.7142	1.6e-04	10.3800
4255	-102.5541	-102.5541	-71.6113	0.6983	73.3155	0.7158	1.6e-04	10.4210
4256	-102.5570	-102.5570	-72.1524	0.7035	72.8214	0.7106	1.6e-04	10.4095
4257	-102.5392	-102.5392	-72.2038	0.7042	72.7370	0.7100	1.6e-04	10.4108
4258	-102.5653	-102.5653	-72.4181	0.7061	72.5580	0.7081	1.6e-04	10.4115
4259	-102.5438	-102.5438	-72.0897	0.7030	72.8350	0.7110	1.6e-04	10.4170
4260	-102.5670	-102.5670	-71.2853	0.6950	73.6454	0.7190	1.6e-04	10.3807
4261	-102.5053	-102.5053	-72.8488	0.7107	72.0518	0.7035	1.6e-04	10.3868
4262	-102.5247	-102.5247	-72.1227	0.7035	72.7687	0.7106	1.6e-04	10.4107
4263	-102.5151	-102.5151	-72.0857	0.7032	72.8306	0.7110	1.6e-04	10.4125
4264	-102.5203	-102.5203	-72.7970	0.7101	72.1096	0.7041	1.6e-04	10.4145
4265	-102.5484	-102.5484	-72.9828	0.7117	71.9701	0.7025	1.6e-04	10.4183
4266	-102.5287	-102.5287	-72.2750	0.7049	72.6333	0.7093	1.6e-04	10.3793
4267	-102.5705	-102.5705	-71.7630	0.6996	73.2152	0.7145	1.6e-04	10.4162
4268	-102.5274	-102.5274	-71.4082	0.6965	73.5205	0.7176	1.6e-04	10.4078
4269	-102.5319	-102.5319	-72.4110	0.7062	72.4804	0.7077	1.6e-04	10.3941
4270	-102.5419	-102.5419	-71.6241	0.6985	73.2954	0.7156	1.6e-04	10.4136
4271	-102.5531	-102.5531	-71.2332	0.6946	73.6941	0.7193	1.6e-04	10.3997
4272	-102.5195	-102.5195	-71.1572	0.6941	73.7392	0.7199	1.6e-04	10.3728
4273	-102.5409	-102.5409	-71.0633	0.6930	73.8326	0.7209	1.6e-04	10.4183
4274	-102.5817	-102.5817	-71.2397	0.6945	73.7438	0.7195	1.6e-04	10.4119
4275	-102.5130	-102.5130	-71.2635	0.6952	73.6161	0.7188	1.6e-04	10.4100
4276	-102.5312	-102.5312	-71.5005	0.6974	73.4239	0.7167	1.6e-04	10.4125
4277	-102.5141	-102.5141	-71.4513	0.6970	73.4447	0.7170	1.6e-04	10.4155
4278	-102.5587	-102.5588	-71.2342	0.6946	73.7109	0.7194	1.6e-04	10.3719
4279	-102.5573	-102.5574	-70.9329	0.6916	73.9810	0.7222	1.6e-04	10.4021
4280	-102.5380	-102.5380	-71.6362	0.6986	73.2824	0.7154	1.6e-04	10.4123
4281	-102.5772	-102.5773	-70.7730	0.6899	74.1576	0.7238	1.6e-04	10.4126
4282	-102.5121	-102.5124	-70.0721	0.6835	74.7866	0.7298	1.6e-04	10.4154
4283	-102.5356	-102.5356	-71.0201	0.6926	73.8758	0.7213	1.6e-04	10.4171
4284	-102.5458	-102.5458	-71.1584	0.6939	73.7720	0.7200	1.6e-04	10.3824
4285	-102.5399	-102.5400	-70.7917	0.6904	74.1002	0.7233	1.6e-04	10.3970
4286	-102.5315	-102.5317	-70.4997	0.6876	74.3994	0.7261	1.6e-04	10.4165
4287	-102.5517	-102.5518	-71.3622	0.6959	73.5320	0.7177	1.6e-04	10.4149
4288	-102.5634	-102.5634	-71.5598	0.6977	73.3824	0.7161	1.6e-04	10.4105
4289	-102.5876	-102.5876	-72.2966	0.7047	72.6900	0.7095	1.6e-04	10.4133
4290	-102.5259	-102.5259	-72.1028	0.7033	72.7950	0.7108	1.6e-04	10.3814
4291	-102.5333	-102.5333	-72.3504	0.7056	72.6012	0.7086	1.6e-04	10.4142
4292	-102.5804	-102.5804	-73.3911	0.7154	71.5303	0.6983	1.6e-04	10.4123
4293	-102.5495	-102.5495	-73.0860	0.7127	71.8611	0.7015	1.6e-04	10.4163
4294	-102.5814	-102.5814	-73.1155	0.7128	71.8683	0.7014	1.6e-04	10.4151
4295	-102.5505	-102.5505	-72.1664	0.7037	72.7671	0.7105	1.6e-04	10.3989
4296	-102.5159	-102.5159	-73.4648	0.7166	71.4162	0.6974	1.6e-04	10.3820
4297	-102.5421	-102.5421	-73.5729	0.7175	71.3444	0.6965	1.6e-04	10.4065
4298	-102.5446	-102.5446	-72.8878	0.7108	72.0451	0.7034	1.6e-04	10.4079
4299	-102.5066	-102.5066	-72.6619	0.7089	72.2494	0.7053	1.6e-04	10.4135
4300	-102.5620	-102.5620	-72.6309	0.7082	72.3277	0.7060	1.6e-04	10.4124
4301	-102.5105	-102.5105	-72.7642	0.7098	72.1369	0.7044	1.6e-04	10.4133
4302	-102.5408	-102.5408	-71.8186	0.7004	73.1201	0.7137	1.6e-04	10.3805
4303	-102.5551	-102.5551	-72.2088	0.7041	72.7318	0.7101	1.6e-04	10.4031
4304	-102.5403	-102.5403	-72.4213	0.7063	72.5190	0.7079	1.6e-04	10.4116
4305	-102.5435	-102.5435	-71.5057	0.6973	73.4035	0.7167	1.6e-04	10.4105
4306	-102.5782	-102.5783	-70.8264	0.6905	74.1143	0.7233	1.6e-04	10.4086
4307	-102.5541	-102.5541	-71.3756	0.6960	73.5189	0.7177	1.6e-04	10.4158
4308	-102.5435	-102.5435	-71.1345	0.6937	73.7141	0.7197	1.6e-04	10.3828
4309	-102.5203	-102.5203	-72.0700	0.7030	72.8481	0.7112	1.6e-04	10.4055
4310	-102.5196	-102.5197	-70.8161	0.6908	74.0390	0.7230	1.6e-04	10.4098
4311	-102.5644	-102.5646	-70.2969	0.6854	74.5981	0.7281	1.6e-04	10.4103
4312	-102.5515	-102.5519	-69.6037	0.6787	75.2432	0.7343	1.6e-04	10.4119
4313	-102.4787	-102.4789	-70.2587	0.6856	74.5292	0.7278	1.6e-04	10.4170
4314	-102.5341	-102.5345	-69.8968	0.6817	74.9450	0.7316	1.6e-04	10.3747
4315	-102.4977	-102.4981	-69.7003	0.6800	75.0779	0.7331	1.6e-04	10.4033
4316	-102.5684	-102.5688	-69.8386	0.6809	75.0061	0.7322	1.6e-04	10.4113
4317	-102.5474	-102.5478	-69.7883	0.6805	75.0740	0.7326	1.6e-04	10.4142
4318	-102.5167	-102.5172	-69.4118	0.6771	75.3827	0.7359	1.6e-04	10.4153
4319	-102.5134	-102.5137	-69.9540	0.6824	74.8456	0.7307	1.6e-04	10.4141
4320	-102.5366	-102.5370	-69.6277	0.6790	75.2065	0.7340	1.6e-04	10.3850
4321	-102.5361	-102.5371	-68.5070	0.6681	76.2414	0.7440	1.6e-04	10.4167
4322	-102.5404	-102.5409	-69.6003	0.6788	75.2136	0.7343	1.6e-04	10.4094
4323	-102.5408	-102.5413	-69.3957	0.6768	75.3963	0.7362	1.6e-04	10.4081
4324	-102.5561	-102.5568	-69.1864	0.6746	75.6182	0.7381	1.6e-04	10.4116
4325	-102.5341	-102.5344	-69.9247	0.6820	74.9071	0.7312	1.6e-04	10.4171
4326	-102.5181	-102.5186	-69.5772	0.6787	75.2367	0.7344	1.6e-04	10.3753
4327	-102.5409	-102.5411	-70.2521	0.6851	74.6218	0.7284	1.6e-04	10.4051
4328	-102.5424	-102.5426	-70.6631	0.6891	74.2235	0.7245	1.6e-04	10.4087
4329	-102.5261	-102.5262	-70.6793	0.6894	74.2032	0.7244	1.6e-04	10.4133
4330	-102.5248	-102.5249	-71.1277	0.6938	73.7619	0.7201	1.6e-04	10.4118
4331	-102.5545	-102.5546	-70.7660	0.6900	74.1556	0.7238	1.6e-04	10.4135
4332	-102.5033	-102.5033	-72.3476	0.7058	72.5443	0.7083	1.6e-04	10.3871
4333	-102.6047	-102.6047	-72.3494	0.7051	72.6791	0.7090	1.6e-04	10.3932
4334	-102.5090	-102.5090	-71.5350	0.6978	73.3556	0.7162	1.6e-04	10.4119
4335	-102.5412	-102.5413	-71.1945	0.6943	73.7212	0.7196	1.6e-04	10.4100
4336	-102.5121	-102.5121	-71.4137	0.6966	73.4933	0.7174	1.6e-04	10.4097
4337	-102.5070	-102.5070	-71.7701	0.7001	73.1323	0.7139	1.6e-04	10.4187
4338	-102.5795	-102.5795	-71.4145	0.6962	73.5475	0.7177	1.6e-04	10.3727
4339	-102.5475	-102.5475	-72.7302	0.7092	72.2302	0.7048	1.6e-04	10.4039
4340	-102.5336	-102.5336	-72.2193	0.7043	72.7088	0.7097	1.6e-04	10.4111
4341	-102.5129	-102.5129	-72.6135	0.7083	72.3075	0.7059	1.6e-04	10.4129
4342	-102.5281	-102.5281	-73.0390	0.7124	71.8988	0.7018	1.6e-04	10.4107
4343	-102.5503	-102.5503	-71.8232	0.7004	73.1136	0.7135	1.6e-04	10.4183
4344	-102.5462	-102.5462	-72.1191	0.7033	72.8195	0.7108	1.6e-04	10.3827
4345	-102.5348	-102.5348	-72.0063	0.7023	72.9431	0.7119	1.6e-04	10.4174
4346	-102.5718	-102.5718	-71.7419	0.6994	73.2423	0.7147	1.6e-04	10.4104
4347	-102.5578	-102.5579	-70.9287	0.6916	74.0175	0.7222	1.6e-04	10.4144
4348	-102.5207	-102.5207	-72.1758	0.7040	72.7196	0.7101	1.6e-04	10.4135
4349	-102.5476	-102.5476	-71.7451	0.6996	73.2290	0.7145	1.6e-04	10.4181
4350	-102.5353	-102.5354	-71.0510	0.6929	73.8521	0.7210	1.6e-04	10.3663
4351	-102.5138	-102.5138	-71.2334	0.6949	73.6678	0.7191	1.6e-04	10.4045
4352	-102.5236	-102.5237	-71.1554	0.6940	73.7365	0.7197	1.6e-04	10.4097
4353	-102.5213	-102.5213	-71.8096	0.7004	73.1153	0.7137	1.6e-04	10.4162
4354	-102.5373	-102.5373	-71.8398	0.7006	73.1080	0.7135	1.6e-04	10.3936
4355	-102.5498	-102.5499	-70.7373	0.6898	74.1870	0.7240	1.6e-04	10.4156
4356	-102.5432	-102.5432	-71.1120	0.6935	73.8035	0.7204	1.6e-04	10.3810
4357	-102.5097	-102.5097	-71.5212	0.6977	73.3513	0.7160	1.6e-04	10.4221
4358	-102.5279	-102.5279	-71.6602	0.6989	73.2612	0.7152	1.6e-04	10.4147
4359	-102.5122	-102.5122	-71.2386	0.6949	73.6577	0.7190	1.6e-04	10.4134
4360	-102.5171	-102.5171	-71.3716	0.6962	73.5228	0.7178	1.6e-04	10.3946
4361	-102.5913	-102.5914	-70.8313	0.6904	74.1396	0.7234	1.6e-04	10.4148
4362	-102.5021	-102.5023	-70.4201	0.6870	74.4344	0.7266	1.6e-04	10.3825
4363	-102.5415	-102.5415	-71.9334	0.7015	73.0183	0.7125	1.6e-04	10.4043
4364	-102.5422	-102.5422	-71.4432	0.6967	73.4654	0.7173	1.6e-04	10.4118
4365	-102.5340	-102.5340	-71.3956	0.6963	73.5458	0.7177	1.6e-04	10.4093
4366	-102.5009	-102.5009	-71.2875	0.6955	73.5918	0.7185	1.6e-04	10.4117
4367	-102.5391	-102.5392	-70.6478	0.6890	74.2607	0.7246	1.6e-04	10.4147
4368	-102.5459	-102.5460	-70.9499	0.6919	73.9579	0.7217	1.6e-04	10.4005
4369	-102.5476	-102.5477	-70.7835	0.6902	74.1407	0.7236	1.6e-04	10.4017
4370	-102.5080	-102.5080	-71.7374	0.6998	73.1506	0.7141	1.6e-04	10.4135
4371	-102.5398	-102.5398	-71.8835	0.7010	73.0690	0.7131	1.6e-04	10.3951
4372	-102.5544	-102.5545	-70.8005	0.6904	74.1318	0.7234	1.6e-04	10.4126
4373	-102.5504	-102.5505	-71.0178	0.6925	73.9116	0.7214	1.6e-04	10.4170
4374	-102.5551	-102.5551	-71.7555	0.6997	73.1822	0.7142	1.6e-04	10.3752
4375	-102.5214	-102.5214	-71.4608	0.6970	73.4556	0.7170	1.6e-04	10.3863
4376	-102.5195	-102.5195	-71.3367	0.6958	73.5665	0.7181	1.6e-04	10.4106
4377	-102.5276	-102.5276	-71.8599	0.7009	73.1015	0.7133	1.6e-04	10.4137
4378	-102.5143	-102.5144	-71.4762	0.6972	73.3836	0.7164	1.6e-04	10.4107
4379	-102.5545	-102.5545	-71.7351	0.6995	73.2347	0.7146	1.6e-04	10.4145
4380	-102.5520	-102.5521	-70.8360	0.6907	74.1075	0.7231	1.6e-04	10.3768
4381	-102.5459	-102.5459	-71.1557	0.6939	73.7830	0.7201	1.6e-04	10.4101
4382	-102.5285	-102.5286	-71.4515	0.6969	73.4801	0.7171	1.6e-04	10.4121
4383	-102.5424	-102.5424	-71.7175	0.6994	73.2071	0.7147	1.6e-04	10.4103
4384	-102.5511	-102.5511	-71.1464	0.6938	73.7970	0.7202	1.6e-04	10.4090
4385	-102.5606	-102.5606	-71.4892	0.6970	73.4504	0.7168	1.6e-04	10.4145
4386	-102.5352	-102.5352	-72.3967	0.7061	72.5395	0.7081	1.6e-04	10.3983
4387	-102.5299	-102.5299	-72.1607	0.7038	72.7729	0.7104	1.6e-04	10.4096
4388	-102.5592	-102.5592	-72.1528	0.7035	72.7693	0.7102	1.6e-04	10.4155
4389	-102.5917	-102.5917	-72.6496	0.7081	72.3762	0.7060	1.6e-04	10.4114
4390	-102.5478	-102.5478	-72.7253	0.7092	72.2031	0.7049	1.6e-04	10.4148
4391	-102.5343	-102.5343	-71.0374	0.6928	73.8645	0.7210	1.6e-04	10.4136
4392	-102.5253	-102.5253	-71.2539	0.6950	73.6630	0.7190	1.6e-04	10.3837
4393	-102.5153	-102.5153	-71.8153	0.7005	73.0829	0.7136	1.6e-04	10.4092
4394	-102.5507	-102.5507	-72.4298	0.7063	72.5195	0.7079	1.6e-04	10.4136
4395	-102.5495	-102.5496	-70.7965	0.6904	74.1091	0.7234	1.6e-04	10.4135
4396	-102.5682	-102.5682	-71.9608	0.7016	73.0211	0.7125	1.6e-04	10.4087
4397	-102.5834	-102.5835	-70.9559	0.6917	74.0165	0.7222	1.6e-04	10.4174
4398	-102.5570	-102.5571	-70.9509	0.6918	73.9821	0.7220	1.6e-04	10.3803
4399	-102.5542	-102.5542	-70.9136	0.6915	74.0183	0.7224	1.6e-04	10.3983
4400	-102.5432	-102.5433	-70.9271	0.6917	73.9886	0.7222	1.6e-04	10.4113
4401	-102.5568	-102.5568	-72.2287	0.7043	72.7547	0.7098	1.6e-04	10.3922
4402	-102.5011	-102.5011	-72.1040	0.7034	72.8237	0.7105	1.6e-04	10.4124
4403	-102.5095	-102.5096	-71.0041	0.6927	73.8535	0.7210	1.6e-04	10.4182
4404	-102.5306	-102.5306	-71.3243	0.6956	73.6081	0.7184	1.6e-04	10.3833
4405	-102.5660	-102.5660	-71.7801	0.6998	73.1837	0.7143	1.6e-04	10.4061
4406	-102.5575	-102.5575	-71.2518	0.6947	73.6962	0.7192	1.6e-04	10.4161
4407	-102.5098	-102.5098	-71.7329	0.6998	73.1775	0.7143	1.6e-04	10.4126
4408	-102.5468	-102.5468	-71.4913	0.6972	73.4499	0.7169	1.6e-04	10.4110
4409	-102.5485	-102.5485	-71.8563	0.7007	73.1107	0.7134	1.6e-04	10.4134
4410	-102.5570	-102.5570	-72.5030	0.7070	72.4771	0.7073	1.6e-04	10.3803
4411	-102.5604	-102.5604	-72.6638	0.7085	72.3040	0.7057	1.6e-04	10.4065
4412	-102.5566	-102.5566	-72.7228	0.7091	72.2378	0.7050	1.6e-04	10.4147
4413	-102.5580	-102.5580	-72.4513	0.7064	72.5104	0.7077	1.6e-04	10.4100
4414	-102.5244	-102.5244	-72.9269	0.7113	72.0204	0.7028	1.6e-04	10.4147
4415	-102.5750	-102.5750	-72.4034	0.7059	72.5824	0.7084	1.6e-04	10.4179
4416	-102.5388	-102.5388	-72.1228	0.7034	72.8516	0.7108	1.6e-04	10.3901
4417	-102.5581	-102.5581	-72.3859	0.7058	72.5843	0.7083	1.6e-04	10.4069
4418	-102.5516	-102.5516	-72.5214	0.7072	72.4456	0.7070	1.6e-04	10.4158
4419	-102.5730	-102.5730	-73.0339	0.7120	71.9260	0.7021	1.6e-04	10.4127
4420	-102.5041	-102.5041	-72.4801	0.7071	72.4339	0.7071	1.6e-04	10.4158
4421	-102.5615	-102.5615	-72.7531	0.7094	72.2209	0.7047	1.6e-04	10.4138
4422	-102.5122	-102.5122	-71.8217	0.7006	73.0927	0.7135	1.6e-04	10.3813
4423	-102.5793	-102.5793	-72.4625	0.7064	72.5397	0.7078	1.6e-04	10.4134
4424	-102.5530	-102.5531	-71.3351	0.6956	73.6134	0.7184	1.6e-04	10.4118
4425	-102.5185	-102.5185	-72.4676	0.7069	72.4716	0.7073	1.6e-04	10.4143
4426	-102.5672	-102.5672	-72.4689	0.7066	72.5220	0.7077	1.6e-04	10.4119
4427	-102.5343	-102.5343	-72.4060	0.7062	72.5173	0.7079	1.6e-04	10.4135
4428	-102.5550	-102.5550	-72.8284	0.7101	72.1441	0.7040	1.6e-04	10.3953
4429	-102.5711	-102.5711	-73.0416	0.7121	71.9081	0.7020	1.6e-04	10.3957
4430	-102.5894	-102.5894	-72.3868	0.7056	72.6459	0.7085	1.6e-04	10.4127
4431	-102.5180	-102.5180	-72.2493	0.7047	72.6794	0.7094	1.6e-04	10.4130
4432	-102.5812	-102.5812	-72.4047	0.7058	72.5765	0.7083	1.6e-04	10.4121
4433	-102.5381	-102.5381	-73.5471	0.7173	71.4008	0.6968	1.6e-04	10.4133
4434	-102.5752	-102.5752	-73.2412	0.7140	71.7369	0.6999	1.6e-04	10.3908
4435	-102.4964	-102.4964	-72.8887	0.7111	72.0140	0.7031	1.6e-04	10.4100
4436	-102.5138	-102.5138	-72.6995	0.7092	72.2219	0.7050	1.6e-04	10.4114
4437	-102.5583	-102.5583	-73.0436	0.7122	71.9367	0.7019	1.6e-04	10.4107
4438	-102.5214	-102.5214	-72.7933	0.7100	72.1208	0.7042	1.6e-04	10.4133
4439	-102.5264	-102.5264	-72.8077	0.7101	72.1440	0.7041	1.6e-04	10.4112
4440	-102.5179	-102.5179	-73.3319	0.7153	71.5600	0.6984	1.6e-04	10.3785
4441	-102.5310	-102.5310	-73.2709	0.7146	71.6733	0.6995	1.6e-04	10.3944
4442	-102.5300	-102.5300	-73.2792	0.7147	71.6531	0.6994	1.6e-04	10.4142
4443	-102.5733	-102.5733	-73.0345	0.7120	71.9594	0.7022	1.6e-04	10.4122
4444	-102.5247	-102.5247	-72.9961	0.7120	71.9351	0.7022	1.6e-04	10.4112
4445	-102.5555	-102.5555	-72.4194	0.7061	72.5616	0.7081	1.6e-04	10.4098
4446	-102.5199	-102.5199	-72.7730	0.7098	72.1399	0.7043	1.6e-04	10.4140
4447	-102.5526	-102.5526	-73.2618	0.7144	71.7008	0.6997	1.6e-04	10.4111
4448	-102.5231	-102.5231	-73.0713	0.7127	71.8473	0.7013	1.6e-04	10.4088
4449	-102.5431	-102.5431	-72.9942	0.7118	71.9618	0.7023	1.6e-04	10.4098
4450	-102.5361	-102.5361	-72.6539	0.7086	72.3086	0.7056	1.6e-04	10.4117
4451	-102.5455	-102.5455	-72.3605	0.7056	72.6022	0.7085	1.6e-04	10.4167
4452	-102.5430	-102.5430	-72.5103	0.7071	72.4386	0.7071	1.6e-04	10.3851
4453	-102.5666	-102.5666	-72.5778	0.7076	72.4090	0.7066	1.6e-04	10.4094
4454	-102.5685	-102.5685	-73.2669	0.7143	71.7209	0.6998	1.6e-04	10.4158
4455	-102.5507	-102.5507	-72.6528	0.7085	72.3005	0.7057	1.6e-04	10.4151
4456	-102.5831	-102.5831	-72.2127	0.7039	72.7874	0.7103	1.6e-04	10.4090
4457	-102.5291	-102.5291	-73.0086	0.7121	71.9252	0.7021	1.6e-04	10.4171
4458	-102.5063	-102.5063	-72.9313	0.7115	71.9776	0.7027	1.6e-04	10.3948
4459	-102.5212	-102.5212	-72.1611	0.7039	72.7575	0.7103	1.6e-04	10.4094
4460	-102.5195	-102.5195	-72.6593	0.7087	72.2701	0.7055	1.6e-04	10.4149
4461	-102.5719	-102.5719	-72.6795	0.7086	72.3206	0.7056	1.6e-04	10.4133
4462	-102.5797	-102.5797	-72.1746	0.7036	72.8484	0.7106	1.6e-04	10.4138
4463	-102.5390	-102.5390	-72.9991	0.7119	71.9267	0.7020	1.6e-04	10.4173
4464	-102.5370	-102.5370	-73.7961	0.7197	71.1197	0.6943	1.6e-04	10.3969
4465	-102.5605	-102.5605	-73.0661	0.7124	71.9246	0.7017	1.6e-04	10.3901
4466	-102.5504	-102.5504	-72.1129	0.7032	72.8370	0.7108	1.6e-04	10.4137
4467	-102.5557	-102.5557	-73.0913	0.7127	71.8723	0.7014	1.6e-04	10.4163
4468	-102.5308	-102.5308	-73.1571	0.7135	71.7703	0.7005	1.6e-04	10.4142
4469	-102.5451	-102.5451	-72.1286	0.7034	72.8301	0.7106	1.6e-04	10.4119
4470	-102.5452	-102.5452	-72.4420	0.7064	72.5144	0.7078	1.6e-04	10.3980
4471	-102.5308	-102.5308	-73.3994	0.7159	71.5526	0.6982	1.6e-04	10.4150
4472	-102.5116	-102.5116	-73.6688	0.7186	71.2400	0.6954	1.6e-04	10.4110
4473	-102.5378	-102.5378	-72.7969	0.7100	72.1660	0.7042	1.6e-04	10.4137
4474	-102.5330	-102.5330	-73.2424	0.7143	71.6431	0.6991	1.6e-04	10.4140
4475	-102.5850	-102.5850	-73.4652	0.7161	71.5264	0.6979	1.6e-04	10.4164
4476	-102.5497	-102.5497	-72.5018	0.7070	72.4673	0.7072	1.6e-04	10.3954
4477	-102.5283	-102.5283	-72.4658	0.7068	72.4396	0.7072	1.6e-04	10.4146
4478	-102.5344	-102.5344	-73.6198	0.7180	71.2715	0.6960	1.6e-04	10.4145
4479	-102.5177	-102.5177	-73.3074	0.7151	71.6124	0.6989	1.6e-04	10.4154
4480	-102.5347	-102.5347	-73.3980	0.7158	71.5563	0.6983	1.6e-04	10.4128
4481	-102.5718	-102.5718	-72.5775	0.7076	72.4002	0.7066	1.6e-04	10.4148
4482	-102.5201	-102.5201	-73.4299	0.7162	71.5083	0.6978	1.6e-04	10.4103
4483	-102.5174	-102.5174	-72.7114	0.7093	72.2137	0.7049	1.6e-04	10.4122
4484	-102.5536	-102.5536	-73.0324	0.7121	71.9083	0.7019	1.6e-04	10.4122
4485	-102.5117	-102.5117	-73.0399	0.7125	71.8432	0.7015	1.6e-04	10.4136
4486	-102.5434	-102.5434	-73.3037	0.7149	71.6529	0.6993	1.6e-04	10.4171
4487	-102.5288	-102.5288	-73.1429	0.7134	71.8129	0.7008	1.6e-04	10.4178
4488	-102.5619	-102.5619	-72.4347	0.7063	72.5129	0.7076	1.6e-04	10.3939
4489	-102.5113	-102.5113	-72.9242	0.7114	71.9967	0.7027	1.6e-04	10.4016
4490	-102.5546	-102.5546	-73.6862	0.7185	71.2676	0.6955	1.6e-04	10.4148
4491	-102.5776	-102.5776	-72.7022	0.7088	72.2747	0.7054	1.6e-04	10.4137
4492	-102.5320	-102.5320	-72.8683	0.7107	72.0750	0.7035	1.6e-04	10.4102
4493	-102.5618	-102.5618	-72.2693	0.7046	72.6963	0.7095	1.6e-04	10.4135
4494	-102.5485	-102.5485	-72.5322	0.7073	72.4340	0.7069	1.6e-04	10.4123
4495	-102.5369	-102.5369	-72.0175	0.7024	72.9054	0.7116	1.6e-04	10.3892
4496	-102.5167	-102.5167	-72.1376	0.7037	72.7870	0.7104	1.6e-04	10.3989
4497	-102.5381	-102.5381	-72.5139	0.7072	72.4118	0.7068	1.6e-04	10.4111
4498	-102.5213	-102.5213	-72.7590	0.7097	72.1678	0.7045	1.6e-04	10.4154
4499	-102.5782	-102.5782	-72.0265	0.7022	72.9735	0.7120	1.6e-04	10.4138
4500	-102.5218	-102.5218	-72.2342	0.7046	72.6918	0.7096	1.6e-04	10.4091
4501	-102.5303	-102.5303	-71.6837	0.6991	73.2595	0.7150	1.6e-04	10.3889
4502	-102.5352	-102.5352	-71.5265	0.6976	73.3474	0.7158	1.6e-04	10.4041
4503	-102.5567	-102.5567	-71.8621	0.7007	73.0893	0.7134	1.6e-04	10.4093
4504	-102.5303	-102.5303	-71.6701	0.6990	73.2504	0.7151	1.6e-04	10.4128
4505	-102.5517	-102.5519	-70.2173	0.6847	74.6490	0.7285	1.6e-04	10.4159
4506	-102.5693	-102.5694	-70.5839	0.6882	74.3546	0.7255	1.6e-04	10.4092
4507	-102.5122	-102.5122	-71.2911	0.6954	73.5979	0.7186	1.6e-04	10.4125
4508	-102.5077	-102.5078	-70.7451	0.6901	74.1081	0.7237	1.6e-04	10.4165
4509	-102.5289	-102.5292	-70.0944	0.6837	74.7746	0.7297	1.6e-04	10.4108
4510	-102.5511	-102.5512	-71.0514	0.6928	73.8675	0.7210	1.6e-04	10.4143
4511	-102.5674	-102.5676	-70.5171	0.6875	74.3947	0.7262	1.6e-04	10.4145
4512	-102.5800	-102.5802	-70.2983	0.6853	74.6307	0.7283	1.6e-04	10.4183
4513	-102.5490	-102.5492	-70.1939	0.6845	74.6816	0.7290	1.6e-04	10.3938
4514	-102.5181	-102.5190	-68.7319	0.6704	76.0156	0.7419	1.6e-04	10.4169
4515	-102.5148	-102.5154	-69.2508	0.6755	75.5611	0.7373	1.6e-04	10.4112
4516	-102.5545	-102.5546	-70.4987	0.6874	74.4344	0.7263	1.6e-04	10.4112
4517	-102.5793	-102.5796	-70.1332	0.6837	74.7884	0.7298	1.6e-04	10.4129
4518	-102.5474	-102.5475	-70.4712	0.6872	74.4430	0.7265	1.6e-04	10.3946
4519	-102.5502	-102.5503	-70.7767	0.6902	74.1295	0.7236	1.6e-04	10.3737
4520	-102.5131	-102.5131	-71.1436	0.6940	73.7560	0.7199	1.6e-04	10.4161
4521	-102.5678	-102.5678	-70.9606	0.6918	73.9716	0.7220	1.6e-04	10.4115
4522	-102.5127	-102.5127	-71.4996	0.6975	73.3903	0.7166	1.6e-04	10.4123
4523	-102.5340	-102.5340	-72.0116	0.7023	72.9343	0.7118	1.6e-04	10.4128
4524	-102.5587	-102.5587	-71.6188	0.6983	73.3209	0.7157	1.6e-04	10.4068
4525	-102.5205	-102.5206	-70.9603	0.6922	73.9192	0.7217	1.6e-04	10.4071
4526	-102.5100	-102.5100	-71.6420	0.6989	73.2556	0.7151	1.6e-04	10.4154
4527	-102.5160	-102.5163	-69.9554	0.6824	74.9000	0.7310	1.6e-04	10.4124
4528	-102.5032	-102.5032	-71.7023	0.6995	73.2004	0.7146	1.6e-04	10.4129
4529	-102.4952	-102.4952	-71.9871	0.7023	72.8870	0.7116	1.6e-04	10.4118
4530	-102.5287	-102.5288	-70.6811	0.6894	74.2223	0.7244	1.6e-04	10.4103
4531	-102.5628	-102.5628	-72.5000	0.7069	72.4519	0.7073	1.6e-04	10.3940
4532	-102.5407	-102.5408	-71.0794	0.6932	73.8483	0.7206	1.6e-04	10.3984
4533	-102.5575	-102.5575	-71.6588	0.6987	73.2607	0.7151	1.6e-04	10.4133
4534	-102.5157	-102.5157	-71.6541	0.6990	73.2467	0.7151	1.6e-04	10.4126
4535	-102.5426	-102.5427	-70.9032	0.6915	74.0062	0.7224	1.6e-04	10.4151
4536	-102.5830	-102.5831	-70.8320	0.6905	74.1099	0.7233	1.6e-04	10.4133
4537	-102.5729	-102.5729	-71.9372	0.7013	73.0555	0.7127	1.6e-04	10.3992
4538	-102.5435	-102.5436	-71.2851	0.6952	73.6423	0.7188	1.6e-04	10.4161
4539	-102.5268	-102.5268	-71.5850	0.6982	73.3431	0.7159	1.6e-04	10.4144
4540	-102.5080	-102.5080	-71.6570	0.6990	73.2396	0.7151	1.6e-04	10.4141
4541	-102.4968	-102.4968	-71.7274	0.6998	73.1476	0.7143	1.6e-04	10.4150
4542	-102.5497	-102.5497	-72.5947	0.7079	72.3629	0.7063	1.6e-04	10.4086
4543	-102.5189	-102.5189	-72.4644	0.7068	72.4495	0.7071	1.6e-04	10.3970
4544	-102.5332	-102.5332	-71.8253	0.7005	73.0826	0.7135	1.6e-04	10.4139
4545	-102.5639	-102.5639	-71.4288	0.6964	73.5170	0.7176	1.6e-04	10.4124
4546	-102.5161	-102.5161	-72.5086	0.7073	72.3947	0.7069	1.6e-04	10.4111
4547	-102.5916	-102.5916	-71.7484	0.6994	73.2294	0.7147	1.6e-04	10.4139
4548	-102.5553	-102.5553	-72.1723	0.7037	72.7927	0.7105	1.6e-04	10.4097
4549	-102.5766	-102.5766	-71.6467	0.6985	73.3329	0.7156	1.6e-04	10.3993
4550	-102.5733	-102.5733	-71.6441	0.6985	73.3187	0.7156	1.6e-04	10.4166
4551	-102.5150	-102.5150	-71.4088	0.6966	73.4770	0.7175	1.6e-04	10.4154
4552	-102.5593	-102.5593	-71.7870	0.7000	73.1715	0.7141	1.6e-04	10.4134
4553	-102.5428	-102.5428	-72.5805	0.7078	72.3525	0.7063	1.6e-04	10.4105
4554	-102.5602	-102.5602	-71.4955	0.6971	73.4422	0.7168	1.6e-04	10.4071
4555	-102.5099	-102.5100	-70.3770	0.6865	74.4719	0.7271	1.6e-04	10.3876
4556	-102.5674	-102.5674	-71.5591	0.6977	73.4001	0.7163	1.6e-04	10.4151
4557	-102.5419	-102.5419	-71.7906	0.7001	73.1532	0.7140	1.6e-04	10.4125
4558	-102.5741	-102.5741	-71.2037	0.6942	73.7590	0.7197	1.6e-04	10.4133
4559	-102.5624	-102.5625	-71.2007	0.6942	73.7632	0.7198	1.6e-04	10.4174
4560	-102.5496	-102.5496	-72.2288	0.7043	72.6845	0.7098	1.6e-04	10.4172
4561	-102.5661	-102.5661	-71.4714	0.6968	73.4895	0.7172	1.6e-04	10.4003
4562	-102.5621	-102.5621	-71.8720	0.7008	73.0801	0.7134	1.6e-04	10.4170
4563	-102.5381	-102.5381	-71.8468	0.7007	73.0762	0.7134	1.6e-04	10.4115
4564	-102.5704	-102.5704	-72.4472	0.7063	72.5265	0.7078	1.6e-04	10.4120
4565	-102.5850	-102.5850	-72.4917	0.7066	72.4817	0.7075	1.6e-04	10.4131
4566	-102.5824	-102.5824	-71.7687	0.6996	73.1977	0.7143	1.6e-04	10.4256
4567	-102.5493	-102.5493	-72.2286	0.7043	72.7199	0.7097	1.6e-04	10.3993
4568	-102.5295	-102.5295	-71.8266	0.7005	73.0870	0.7136	1.6e-04	10.4161
4569	-102.5431	-102.5431	-72.1910	0.7040	72.7238	0.7101	1.6e-04	10.4119
4570	-102.5579	-102.5579	-71.4149	0.6963	73.5598	0.7177	1.6e-04	10.4149
4571	-102.5496	-102.5496	-71.6360	0.6985	73.2855	0.7154	1.6e-04	10.4137
4572	-102.4864	-102.4864	-71.5233	0.6979	73.3407	0.7162	1.6e-04	10.4097
4573	-102.5353	-102.5353	-71.5235	0.6975	73.3830	0.7163	1.6e-04	10.3999
4574	-102.5542	-102.5542	-71.1379	0.6937	73.7959	0.7203	1.6e-04	10.4142
4575	-102.4841	-102.4841	-72.4925	0.7074	72.3746	0.7068	1.6e-04	10.4142
4576	-102.5515	-102.5515	-71.5696	0.6979	73.3273	0.7161	1.6e-04	10.4107
4577	-102.5433	-102.5433	-71.5489	0.6977	73.3840	0.7163	1.6e-04	10.4144
4578	-102.5369	-102.5369	-72.1065	0.7032	72.8173	0.7108	1.6e-04	10.4248
4579	-102.5321	-102.5322	-71.3696	0.6961	73.5355	0.7180	1.6e-04	10.3931
4580	-102.5185	-102.5185	-71.5329	0.6978	73.3847	0.7163	1.6e-04	10.4178
4581	-102.5762	-102.5762	-71.9683	0.7016	72.9931	0.7126	1.6e-04	10.4134
4582	-102.5433	-102.5434	-70.8279	0.6907	74.0798	0.7231	1.6e-04	10.4094
4583	-102.5436	-102.5437	-70.7340	0.6898	74.1742	0.7240	1.6e-04	10.4145
4584	-102.4844	-102.4844	-72.0190	0.7027	72.8713	0.7115	1.6e-04	10.4257
4585	-102.5487	-102.5488	-71.0729	0.6931	73.8602	0.7209	1.6e-04	10.3908
4586	-102.5161	-102.5161	-71.2506	0.6950	73.6298	0.7189	1.6e-04	10.4168
4587	-102.5271	-102.5271	-72.2369	0.7046	72.6633	0.7095	1.6e-04	10.4178
4588	-102.5338	-102.5340	-70.4386	0.6870	74.4315	0.7267	1.6e-04	10.4140
4589	-102.5373	-102.5373	-71.4423	0.6967	73.4963	0.7173	1.6e-04	10.4134
4590	-102.5792	-102.5794	-70.3219	0.6855	74.6139	0.7280	1.6e-04	10.4055
4591	-102.5534	-102.5534	-71.9350	0.7014	73.0057	0.7125	1.6e-04	10.4028
4592	-102.5348	-102.5349	-70.8162	0.6907	74.0908	0.7232	1.6e-04	10.4116
4593	-102.5095	-102.5097	-70.2660	0.6855	74.5793	0.7281	1.6e-04	10.4144
4594	-102.5443	-102.5443	-71.4529	0.6968	73.4963	0.7172	1.6e-04	10.4168
4595	-102.5489	-102.5489	-71.4145	0.6964	73.5411	0.7176	1.6e-04	10.4153
4596	-102.5684	-102.5684	-72.0699	0.7027	72.9042	0.7115	1.6e-04	10.4063
4597	-102.5159	-102.5159	-71.6866	0.6993	73.2166	0.7147	1.6e-04	10.4017
4598	-102.5141	-102.5141	-72.3988	0.7062	72.4985	0.7079	1.6e-04	10.4175
4599	-102.5397	-102.5397	-71.5792	0.6981	73.3486	0.7160	1.6e-04	10.4153
4600	-102.5610	-102.5610	-72.6825	0.7087	72.3013	0.7055	1.6e-04	10.4143
4601	-102.5435	-102.5436	-71.0292	0.6927	73.8948	0.7212	1.6e-04	10.4034
4602	-102.5254	-102.5254	-72.3176	0.7054	72.5923	0.7087	1.6e-04	10.4155
4603	-102.5306	-102.5306	-71.1352	0.6938	73.7827	0.7201	1.6e-04	10.4011
4604	-102.5895	-102.5895	-71.6658	0.6986	73.3178	0.7154	1.6e-04	10.4169
4605	-102.5392	-102.5392	-71.4321	0.6966	73.4972	0.7174	1.6e-04	10.4108
4606	-102.5440	-102.5440	-71.9295	0.7015	73.0044	0.7126	1.6e-04	10.4144
4607	-102.5198	-102.5198	-72.3455	0.7057	72.5764	0.7085	1.6e-04	10.4143
4608	-102.5658	-102.5658	-71.8194	0.7002	73.1605	0.7139	1.6e-04	10.4259
4609	-102.5302	-102.5302	-71.7333	0.6996	73.1981	0.7145	1.6e-04	10.4022
4610	-102.5507	-102.5507	-71.7212	0.6994	73.2218	0.7148	1.6e-04	10.4169
4611	-102.5795	-102.5795	-71.6563	0.6985	73.2994	0.7155	1.6e-04	10.4118
4612	-102.5608	-102.5608	-72.5561	0.7074	72.4137	0.7067	1.6e-04	10.4148
4613	-102.5328	-102.5328	-71.3219	0.6956	73.6184	0.7184	1.6e-04	10.4121
4614	-102.5738	-102.5738	-72.2811	0.7047	72.6997	0.7095	1.6e-04	10.4046
4615	-102.5076	-102.5076	-72.0963	0.7033	72.7977	0.7108	1.6e-04	10.3815
4616	-102.4986	-102.4986	-72.1820	0.7042	72.6900	0.7097	1.6e-04	10.4185
4617	-102.5380	-102.5380	-72.5301	0.7073	72.3885	0.7067	1.6e-04	10.4146
4618	-102.5505	-102.5505	-72.9168	0.7110	72.0433	0.7031	1.6e-04	10.4169
4619	-102.5695	-102.5695	-72.3433	0.7053	72.6452	0.7088	1.6e-04	10.4171
4620	-102.5257	-102.5257	-72.6938	0.7090	72.2436	0.7052	1.6e-04	10.4028
4621	-102.5417	-102.5417	-72.1493	0.7036	72.7981	0.7106	1.6e-04	10.3914
4622	-102.5484	-102.5484	-71.9907	0.7020	72.9648	0.7122	1.6e-04	10.4183
4623	-102.5525	-102.5525	-72.4255	0.7062	72.5602	0.7080	1.6e-04	10.4126
4624	-102.5397	-102.5397	-72.1687	0.7038	72.7621	0.7102	1.6e-04	10.4152
4625	-102.5401	-102.5401	-72.7555	0.7095	72.1928	0.7047	1.6e-04	10.4159
4626	-102.5382	-102.5382	-72.9155	0.7111	72.0272	0.7031	1.6e-04	10.4226
4627	-102.5504	-102.5504	-72.1335	0.7034	72.8079	0.7108	1.6e-04	10.3843
4628	-102.5345	-102.5345	-71.8661	0.7009	73.0770	0.7133	1.6e-04	10.4192
4629	-102.5514	-102.5514	-72.5380	0.7073	72.4232	0.7068	1.6e-04	10.4121
4630	-102.5195	-102.5195	-72.8028	0.7101	72.1210	0.7041	1.6e-04	10.4046
4631	-102.5587	-102.5587	-72.9447	0.7112	72.0442	0.7029	1.6e-04	10.4181
4632	-102.5290	-102.5290	-72.8895	0.7109	72.0631	0.7032	1.6e-04	10.4220
4633	-102.5714	-102.5714	-71.9154	0.7011	73.0706	0.7130	1.6e-04	10.3931
4634	-102.5699	-102.5699	-72.4267	0.7061	72.5442	0.7081	1.6e-04	10.4183
4635	-102.5797	-102.5797	-72.5725	0.7075	72.4291	0.7067	1.6e-04	10.4150
4636	-102.5260	-102.5260	-72.3415	0.7056	72.5803	0.7086	1.6e-04	10.4133
4637	-102.5313	-102.5313	-72.8220	0.7102	72.1161	0.7040	1.6e-04	10.4146
4638	-102.5015	-102.5015	-72.5932	0.7082	72.3097	0.7060	1.6e-04	10.4224
4639	-102.5935	-102.5935	-72.7429	0.7090	72.2783	0.7052	1.6e-04	10.4032
4640	-102.5406	-102.5406	-73.0689	0.7126	71.8861	0.7016	1.6e-04	10.4166
4641	-102.5453	-102.5453	-72.6410	0.7084	72.3248	0.7058	1.6e-04	10.4136
4642	-102.5519	-102.5519	-72.1387	0.7034	72.8288	0.7107	1.6e-04	10.4182
4643	-102.5596	-102.5596	-72.3518	0.7055	72.5809	0.7085	1.6e-04	10.4127
4644	-102.5590	-102.5590	-72.7281	0.7091	72.2503	0.7051	1.6e-04	10.4199
4645	-102.5351	-102.5351	-72.7923	0.7099	72.1504	0.7041	1.6e-04	10.4056
4646	-102.5463	-102.5463	-72.6155	0.7081	72.3367	0.7059	1.6e-04	10.4081
4647	-102.5141	-102.5141	-74.3090	0.7249	70.5759	0.6888	1.6e-04	10.4150
4648	-102.5285	-102.5285	-73.6617	0.7185	71.2563	0.6956	1.6e-04	10.4147
4649	-102.5482	-102.5482	-73.8555	0.7202	71.0587	0.6937	1.6e-04	10.4134
4650	-102.5592	-102.5592	-73.3668	0.7154	71.6254	0.6987	1.6e-04	10.4256
4651	-102.5607	-102.5607	-73.2480	0.7142	71.7115	0.6999	1.6e-04	10.4077
4652	-102.5636	-102.5636	-73.6065	0.7177	71.3600	0.6964	1.6e-04	10.4152
4653	-102.5261	-102.5261	-73.7637	0.7195	71.1261	0.6943	1.6e-04	10.4135
4654	-102.5572	-102.5572	-74.1261	0.7228	70.8288	0.6910	1.6e-04	10.4156
4655	-102.5346	-102.5346	-73.9445	0.7212	70.9506	0.6927	1.6e-04	10.4120
4656	-102.5289	-102.5289	-74.6435	0.7280	70.2159	0.6854	1.6e-04	10.4259
4657	-102.5264	-102.5264	-74.1989	0.7237	70.6913	0.6901	1.6e-04	10.4081
4658	-102.5626	-102.5626	-74.8928	0.7302	69.9993	0.6832	1.6e-04	10.4243
4659	-102.5481	-102.5481	-74.1878	0.7234	70.7394	0.6904	1.6e-04	10.4155
4660	-102.4971	-102.4971	-74.2298	0.7242	70.6359	0.6896	1.6e-04	10.4151
4661	-102.5513	-102.5513	-74.9939	0.7313	69.8199	0.6812	1.6e-04	10.4127
4662	-102.5353	-102.5353	-74.6751	0.7283	70.1917	0.6851	1.6e-04	10.4211
4663	-102.5309	-102.5309	-74.2499	0.7242	70.6512	0.6896	1.6e-04	10.3917
4664	-102.5350	-102.5350	-74.6595	0.7281	70.2218	0.6854	1.6e-04	10.4209
4665	-102.5680	-102.5680	-74.6879	0.7282	70.2457	0.6854	1.6e-04	10.4113
4666	-102.5458	-102.5458	-74.8833	0.7302	70.0072	0.6832	1.6e-04	10.4145
4667	-102.5489	-102.5489	-75.3400	0.7347	69.5021	0.6784	1.6e-04	10.4103
4668	-102.5675	-102.5675	-74.3136	0.7245	70.6142	0.6892	1.6e-04	10.4219
4669	-102.5649	-102.5649	-75.5052	0.7362	69.3456	0.6768	1.6e-04	10.3883
4670	-102.5137	-102.5137	-74.3671	0.7254	70.4869	0.6883	1.6e-04	10.4155
4671	-102.5510	-102.5510	-74.6304	0.7277	70.2787	0.6858	1.6e-04	10.4150
4672	-102.5312	-102.5312	-74.5353	0.7270	70.3085	0.6864	1.6e-04	10.4134
4673	-102.5472	-102.5472	-75.1132	0.7325	69.7020	0.6804	1.6e-04	10.4105
4674	-102.5238	-102.5238	-74.6414	0.7280	70.2201	0.6855	1.6e-04	10.4213
4675	-102.5617	-102.5617	-75.0158	0.7314	69.8631	0.6819	1.6e-04	10.3803
4676	-102.5218	-102.5218	-74.6087	0.7277	70.2595	0.6857	1.6e-04	10.4156
4677	-102.5425	-102.5425	-74.0542	0.7222	70.8550	0.6917	1.5e-04	10.4091
4678	-102.5528	-102.5528	-73.6657	0.7183	71.2822	0.6957	1.5e-04	10.4141
4679	-102.5170	-102.5170	-73.7929	0.7198	71.1089	0.6942	1.5e-04	10.4122
4680	-102.5302	-102.5302	-73.4855	0.7167	71.4362	0.6974	1.5e-04	10.4196
4681	-102.5673	-102.5673	-73.6768	0.7183	71.2923	0.6957	1.5e-04	10.3975
4682	-102.5364	-102.5364	-72.8315	0.7103	72.0859	0.7037	1.5e-04	10.4167
4683	-102.5667	-102.5667	-72.8296	0.7101	72.1606	0.7040	1.5e-04	10.4139
4684	-102.5415	-102.5415	-73.3058	0.7149	71.6272	0.6992	1.5e-04	10.4103
4685	-102.5450	-102.5450	-72.9583	0.7115	71.9883	0.7026	1.5e-04	10.4165
4686	-102.5257	-102.5257	-73.2776	0.7147	71.6247	0.6994	1.5e-04	10.4211
4687	-102.5308	-102.5308	-72.6398	0.7085	72.2560	0.7055	1.5e-04	10.4038
4688	-102.5768	-102.5768	-72.9280	0.7110	72.0550	0.7032	1.5e-04	10.4164
4689	-102.5902	-102.5902	-73.2222	0.7137	71.7725	0.7004	1.5e-04	10.4105
4690	-102.5497	-102.5497	-72.7366	0.7093	72.2203	0.7049	1.5e-04	10.4140
4691	-102.5287	-102.5287	-72.7687	0.7097	72.1664	0.7045	1.5e-04	10.4147
4692	-102.5142	-102.5142	-72.6054	0.7082	72.3209	0.7059	1.5e-04	10.4237
4693	-102.5210	-102.5210	-71.6541	0.6989	73.2700	0.7152	1.5e-04	10.3841
4694	-102.5536	-102.5536	-71.7183	0.6993	73.2346	0.7148	1.5e-04	10.4216
4695	-102.5084	-102.5084	-72.0648	0.7030	72.8192	0.7109	1.5e-04	10.4115
4696	-102.5565	-102.5565	-71.8738	0.7008	73.0700	0.7133	1.5e-04	10.4149
4697	-102.5295	-102.5296	-71.0296	0.6928	73.8705	0.7212	1.5e-04	10.4131
4698	-102.5071	-102.5071	-71.1282	0.6939	73.7337	0.7201	1.5e-04	10.4199
4699	-102.5329	-102.5330	-71.3810	0.6962	73.5258	0.7178	1.5e-04	10.4070
4700	-102.5369	-102.5370	-70.8978	0.6914	73.9997	0.7224	1.5e-04	10.4093
4701	-102.5371	-102.5371	-71.0641	0.6931	73.8659	0.7209	1.5e-04	10.4067
4702	-102.5709	-102.5710	-70.7985	0.6902	74.1361	0.7235	1.5e-04	10.4136
4703	-102.5928	-102.5930	-70.4261	0.6865	74.4656	0.7268	1.5e-04	10.4149
4704	-102.5408	-102.5409	-70.9187	0.6916	73.9951	0.7222	1.5e-04	10.4200
4705	-102.4746	-102.4747	-70.3945	0.6869	74.3927	0.7263	1.5e-04	10.4036
4706	-102.5162	-102.5165	-69.9612	0.6824	74.8507	0.7306	1.5e-04	10.4116
4707	-102.5426	-102.5430	-69.5572	0.6783	75.2843	0.7348	1.5e-04	10.4158
4708	-102.5442	-102.5445	-70.1411	0.6840	74.7587	0.7295	1.5e-04	10.4153
4709	-102.5142	-102.5148	-69.3489	0.6765	75.4328	0.7364	1.5e-04	10.4156
4710	-102.5366	-102.5371	-69.6096	0.6789	75.2012	0.7341	1.5e-04	10.4220
4711	-102.5437	-102.5440	-69.8012	0.6807	75.0435	0.7325	1.5e-04	10.3886
4712	-102.5210	-102.5212	-70.2499	0.6852	74.6052	0.7282	1.5e-04	10.4175
4713	-102.5710	-102.5715	-69.5508	0.6781	75.3110	0.7349	1.5e-04	10.4143
4714	-102.5478	-102.5479	-70.4935	0.6874	74.3800	0.7262	1.5e-04	10.4170
4715	-102.5282	-102.5287	-69.4905	0.6778	75.3324	0.7352	1.5e-04	10.4143
4716	-102.5396	-102.5398	-70.5243	0.6878	74.3562	0.7256	1.5e-04	10.4215
4717	-102.5601	-102.5603	-70.3052	0.6855	74.6011	0.7281	1.5e-04	10.4012
4718	-102.5560	-102.5562	-70.4108	0.6866	74.4732	0.7270	1.5e-04	10.4122
4719	-102.5775	-102.5777	-70.4686	0.6870	74.4622	0.7267	1.5e-04	10.4139
4720	-102.5389	-102.5389	-71.7661	0.6999	73.1622	0.7141	1.5e-04	10.4130
4721	-102.5671	-102.5672	-71.1199	0.6934	73.8357	0.7206	1.5e-04	10.4135
4722	-102.5647	-102.5647	-71.5570	0.6977	73.3995	0.7161	1.5e-04	10.4209
4723	-102.5597	-102.5598	-70.8356	0.6907	74.0942	0.7231	1.5e-04	10.4020
4724	-102.5341	-102.5341	-71.6152	0.6985	73.3008	0.7154	1.5e-04	10.4172
4725	-102.5698	-102.5698	-72.0917	0.7029	72.8782	0.7113	1.5e-04	10.4139
4726	-102.5407	-102.5407	-71.0748	0.6931	73.8558	0.7208	1.5e-04	10.4140
4727	-102.5099	-102.5099	-71.9430	0.7018	72.9914	0.7124	1.5e-04	10.4162
4728	-102.5189	-102.5189	-71.8243	0.7006	73.0756	0.7134	1.5e-04	10.4206
4729	-102.5528	-102.5528	-71.4080	0.6963	73.5297	0.7177	1.5e-04	10.4061
4730	-102.5528	-102.5528	-71.3634	0.6959	73.5510	0.7179	1.5e-04	10.4232
4731	-102.5542	-102.5542	-73.0649	0.7125	71.9129	0.7017	1.5e-04	10.4107
4732	-102.5506	-102.5507	-70.8143	0.6905	74.1032	0.7231	1.5e-04	10.4146
4733	-102.5102	-102.5102	-71.9118	0.7015	72.9825	0.7125	1.5e-04	10.4140
4734	-102.5228	-102.5228	-73.0105	0.7121	71.9273	0.7020	1.5e-04	10.4194
4735	-102.5591	-102.5591	-71.9707	0.7017	72.9955	0.7124	1.5e-04	10.4068
4736	-102.5946	-102.5946	-71.2886	0.6949	73.7136	0.7191	1.5e-04	10.4191
4737	-102.5375	-102.5375	-72.0111	0.7023	72.9091	0.7119	1.5e-04	10.4153
4738	-102.5231	-102.5232	-70.8936	0.6915	74.0035	0.7222	1.5e-04	10.4147
4739	-102.5209	-102.5209	-71.9629	0.7019	72.9649	0.7122	1.5e-04	10.4130
4740	-102.5371	-102.5371	-72.7969	0.7100	72.1218	0.7042	1.5e-04	10.4186
4741	-102.5767	-102.5768	-71.1083	0.6932	73.8481	0.7206	1.5e-04	10.4001
4742	-102.5214	-102.5214	-71.7156	0.6995	73.1805	0.7142	1.5e-04	10.4167
4743	-102.5773	-102.5773	-71.5053	0.6971	73.4845	0.7170	1.5e-04	10.4126
4744	-102.5129	-102.5130	-71.1325	0.6939	73.7597	0.7201	1.5e-04	10.4120
4745	-102.5424	-102.5424	-71.6891	0.6991	73.2663	0.7150	1.5e-04	10.4147
4746	-102.5610	-102.5611	-71.4574	0.6967	73.4718	0.7172	1.5e-04	10.4220
4747	-102.5132	-102.5132	-72.0110	0.7025	72.9118	0.7117	1.5e-04	10.3870
4748	-102.5578	-102.5578	-71.8715	0.7008	73.0582	0.7132	1.5e-04	10.4230
4749	-102.5397	-102.5397	-71.4303	0.6966	73.5045	0.7174	1.5e-04	10.4133
4750	-102.5447	-102.5447	-71.8554	0.7007	73.0745	0.7134	1.5e-04	10.4150
4751	-102.5527	-102.5528	-70.9168	0.6915	74.0111	0.7223	1.5e-04	10.4172
4752	-102.5414	-102.5415	-70.6263	0.6888	74.2768	0.7250	1.5e-04	10.4195
4753	-102.5275	-102.5275	-71.3748	0.6962	73.5278	0.7179	1.5e-04	10.3889
4754	-102.5513	-102.5513	-71.3198	0.6955	73.5989	0.7183	1.5e-04	10.4277
4755	-102.5613	-102.5614	-71.2399	0.6946	73.6989	0.7194	1.5e-04	10.4131
4756	-102.5541	-102.5541	-71.1424	0.6937	73.6990	0.7196	1.5e-04	10.4156
4757	-102.5536	-102.5537	-70.9015	0.6914	74.0482	0.7225	1.5e-04	10.4118
4758	-102.5541	-102.5543	-70.2728	0.6852	74.6097	0.7283	1.5e-04	10.4220
4759	-102.5518	-102.5518	-71.0597	0.6929	73.8765	0.7209	1.5e-04	10.3999
4760	-102.5185	-102.5185	-71.3434	0.6959	73.5909	0.7181	1.5e-04	10.4129
4761	-102.5223	-102.5226	-70.1398	0.6841	74.7107	0.7293	1.5e-04	10.4097
4762	-102.5663	-102.5667	-69.9065	0.6816	74.9895	0.7317	1.5e-04	10.4141
4763	-102.5506	-102.5509	-69.9921	0.6825	74.8869	0.7308	1.5e-04	10.4151
4764	-102.4983	-102.4983	-71.2704	0.6953	73.6027	0.7185	1.5e-04	10.4221
4765	-102.5317	-102.5322	-69.4859	0.6777	75.3304	0.7353	1.5e-04	10.3899
4766	-102.5212	-102.5214	-70.2477	0.6852	74.6172	0.7284	1.5e-04	10.4233
4767	-102.5469	-102.5469	-71.3263	0.6955	73.6158	0.7184	1.5e-04	10.4159
4768	-102.5092	-102.5094	-70.2105	0.6849	74.6046	0.7285	1.5e-04	10.4115
4769	-102.5163	-102.5164	-70.7626	0.6903	74.1275	0.7236	1.5e-04	10.4126
4770	-102.5707	-102.5707	-72.4768	0.7066	72.5042	0.7076	1.5e-04	10.4160
4771	-102.5229	-102.5229	-71.0510	0.6930	73.8412	0.7208	1.5e-04	10.3982
4772	-102.5335	-102.5335	-71.7264	0.6995	73.2101	0.7146	1.5e-04	10.4239
4773	-102.5598	-102.5598	-72.3910	0.7058	72.5699	0.7081	1.5e-04	10.4137
4774	-102.5382	-102.5382	-72.1791	0.7039	72.7680	0.7103	1.5e-04	10.4142
4775	-102.5851	-102.5851	-71.8997	0.7009	73.0677	0.7130	1.5e-04	10.4096
4776	-102.5390	-102.5390	-71.8056	0.7003	73.1471	0.7137	1.5e-04	10.4233
4777	-102.5448	-102.5448	-72.1161	0.7033	72.8199	0.7107	1.5e-04	10.3884
4778	-102.5627	-102.5627	-71.7484	0.6996	73.2204	0.7146	1.5e-04	10.4228
4779	-102.5210	-102.5210	-71.8356	0.7007	73.0346	0.7130	1.5e-04	10.4123
4780	-102.5598	-102.5598	-72.6950	0.7088	72.2662	0.7053	1.5e-04	10.4148
4781	-102.5463	-102.5463	-73.4095	0.7159	71.5256	0.6981	1.5e-04	10.4122
4782	-102.5587	-102.5587	-71.6916	0.6990	73.2527	0.7151	1.5e-04	10.4187
4783	-102.5275	-102.5275	-73.0621	0.7126	71.8372	0.7012	1.5e-04	10.3862
4784	-102.5758	-102.5758	-72.6426	0.7082	72.3086	0.7055	1.5e-04	10.4243
4785	-102.5909	-102.5909	-71.5649	0.6976	73.3997	0.7162	1.5e-04	10.4108
4786	-102.5325	-102.5325	-72.5925	0.7080	72.3601	0.7062	1.5e-04	10.4129
4787	-102.5314	-102.5314	-72.6245	0.7083	72.2976	0.7059	1.5e-04	10.4131
4788	-102.5090	-102.5090	-72.6446	0.7087	72.2222	0.7053	1.5e-04	10.4174
4789	-102.5698	-102.5698	-72.2816	0.7047	72.7001	0.7095	1.5e-04	10.4001
4790	-102.5670	-102.5670	-71.2270	0.6944	73.7158	0.7192	1.5e-04	10.4247
4791	-102.5418	-102.5418	-71.4037	0.6963	73.5286	0.7177	1.5e-04	10.4143
4792	-102.5519	-102.5519	-71.8442	0.7006	73.1084	0.7136	1.5e-04	10.4147
4793	-102.5417	-102.5417	-71.9272	0.7014	73.0128	0.7126	1.5e-04	10.4127
4794	-102.5706	-102.5706	-72.0811	0.7027	72.8943	0.7114	1.5e-04	10.4186
4795	-102.5506	-102.5506	-71.9645	0.7017	73.0196	0.7124	1.5e-04	10.4034
4796	-102.5154	-102.5154	-71.5372	0.6978	73.3921	0.7163	1.5e-04	10.4241
4797	-102.5705	-102.5705	-73.1713	0.7134	71.7928	0.7007	1.5e-04	10.4155
4798	-102.5176	-102.5176	-71.7428	0.6998	73.1836	0.7143	1.5e-04	10.4135
4799	-102.5058	-102.5058	-72.0964	0.7033	72.8335	0.7108	1.5e-04	10.4159
4800	-102.5239	-102.5239	-72.0101	0.7024	72.9212	0.7118	1.5e-04	10.4195
4801	-102.5335	-102.5335	-72.5122	0.7072	72.4116	0.7068	1.5e-04	10.3993
4802	-102.5493	-102.5493	-72.7615	0.7095	72.2043	0.7046	1.5e-04	10.4232
4803	-102.5541	-102.5541	-72.9787	0.7116	72.0008	0.7025	1.5e-04	10.4123
4804	-102.5440	-102.5440	-73.4274	0.7161	71.5278	0.6980	1.5e-04	10.4150
4805	-102.5790	-102.5790	-72.3699	0.7055	72.6339	0.7086	1.5e-04	10.4127
4806	-102.5223	-102.5223	-74.0859	0.7226	70.8000	0.6911	1.5e-04	10.4196
4807	-102.5467	-102.5467	-73.9556	0.7212	70.9828	0.6927	1.5e-04	10.4037
4808	-102.5606	-102.5606	-73.5528	0.7172	71.4177	0.6969	1.5e-04	10.4081
4809	-102.5220	-102.5220	-73.3447	0.7154	71.5811	0.6987	1.5e-04	10.4121
4810	-102.5689	-102.5689	-74.0536	0.7220	70.9049	0.6919	1.5e-04	10.4139
4811	-102.5387	-102.5387	-73.6520	0.7183	71.2944	0.6957	1.5e-04	10.4172
4812	-102.5422	-102.5422	-73.9444	0.7211	70.9523	0.6926	1.5e-04	10.4214
4813	-102.5184	-102.5184	-73.6346	0.7183	71.2699	0.6958	1.5e-04	10.4003
4814	-102.5600	-102.5600	-74.2032	0.7235	70.7096	0.6902	1.5e-04	10.4218
4815	-102.5146	-102.5146	-74.5207	0.7269	70.3325	0.6867	1.5e-04	10.4147
4816	-102.5293	-102.5293	-73.9702	0.7215	70.9248	0.6923	1.5e-04	10.4141
4817	-102.5481	-102.5481	-73.7045	0.7187	71.2334	0.6952	1.5e-04	10.4117
4818	-102.5598	-102.5598	-73.5896	0.7175	71.3578	0.6965	1.5e-04	10.4188
4819	-102.5602	-102.5602	-74.2201	0.7237	70.6888	0.6900	1.5e-04	10.4069
4820	-102.4962	-102.4962	-73.8999	0.7210	70.9678	0.6927	1.5e-04	10.4270
4821	-102.5279	-102.5279	-73.9070	0.7208	70.9939	0.6931	1.5e-04	10.4142
4822	-102.5711	-102.5711	-73.2747	0.7144	71.6931	0.6996	1.5e-04	10.4144
4823	-102.5450	-102.5450	-73.4200	0.7160	71.4936	0.6979	1.5e-04	10.4177
4824	-102.5207	-102.5207	-73.4132	0.7161	71.4968	0.6980	1.5e-04	10.4198
4825	-102.5197	-102.5197	-73.8881	0.7207	70.9905	0.6931	1.5e-04	10.4212
4826	-102.4835	-102.4835	-73.4423	0.7166	71.4140	0.6974	1.5e-04	10.4201
4827	-102.5629	-102.5629	-73.0069	0.7118	71.9751	0.7024	1.5e-04	10.4149
4828	-102.5644	-102.5644	-72.1912	0.7039	72.7741	0.7103	1.5e-04	10.4173
4829	-102.4992	-102.4992	-72.6812	0.7091	72.2264	0.7049	1.5e-04	10.4100
4830	-102.5353	-102.5353	-72.1327	0.7035	72.8142	0.7107	1.5e-04	10.4215
4831	-102.5080	-102.5080	-71.5587	0.6981	73.3397	0.7159	1.5e-04	10.4053
4832	-102.5517	-102.5517	-71.9561	0.7017	73.0000	0.7124	1.5e-04	10.4281
4833	-102.5337	-102.5337	-72.2205	0.7044	72.7348	0.7098	1.5e-04	10.4112
4834	-102.5578	-102.5578	-71.0640	0.6929	73.8996	0.7210	1.5e-04	10.4156
4835	-102.5485	-102.5486	-71.0983	0.6933	73.8195	0.7205	1.5e-04	10.4160
4836	-102.5215	-102.5215	-71.5622	0.6980	73.3610	0.7160	1.5e-04	10.4187
4837	-102.5462	-102.5462	-71.6112	0.6983	73.3261	0.7158	1.5e-04	10.3928
4838	-102.5442	-102.5442	-71.9194	0.7014	73.0214	0.7127	1.5e-04	10.4241
4839	-102.5044	-102.5044	-71.0481	0.6931	73.8253	0.7208	1.5e-04	10.4137
4840	-102.5941	-102.5941	-71.6120	0.6980	73.3818	0.7161	1.5e-04	10.4126
4841	-102.5482	-102.5483	-70.6926	0.6894	74.2103	0.7242	1.5e-04	10.4129
4842	-102.5580	-102.5580	-71.7333	0.6994	73.2264	0.7146	1.5e-04	10.4172
4843	-102.5210	-102.5210	-71.1778	0.6943	73.7278	0.7197	1.5e-04	10.4050
4844	-102.5265	-102.5266	-71.0522	0.6930	73.8501	0.7209	1.5e-04	10.4191
4845	-102.5538	-102.5538	-72.0432	0.7025	72.9548	0.7117	1.5e-04	10.4125
4846	-102.5385	-102.5386	-70.8177	0.6906	74.0796	0.7232	1.5e-04	10.4146
4847	-102.5285	-102.5285	-71.5649	0.6980	73.3603	0.7161	1.5e-04	10.4130
4848	-102.5426	-102.5426	-70.8765	0.6912	74.0255	0.7227	1.5e-04	10.4222
4849	-102.5303	-102.5307	-69.7327	0.6801	75.0916	0.7331	1.5e-04	10.3995
4850	-102.5615	-102.5618	-70.2594	0.6850	74.6287	0.7284	1.5e-04	10.4060
4851	-102.5471	-102.5472	-71.0909	0.6933	73.8163	0.7204	1.5e-04	10.4138
4852	-102.5120	-102.5121	-70.5187	0.6879	74.3421	0.7257	1.5e-04	10.4153
4853	-102.5478	-102.5479	-70.6649	0.6891	74.2459	0.7246	1.5e-04	10.4145
4854	-102.5823	-102.5824	-70.6213	0.6884	74.3066	0.7252	1.5e-04	10.4186
4855	-102.5044	-102.5045	-70.8799	0.6915	74.0082	0.7224	1.5e-04	10.4089
4856	-102.5607	-102.5608	-70.6365	0.6887	74.3077	0.7250	1.5e-04	10.4082
4857	-102.5666	-102.5667	-70.6650	0.6890	74.2576	0.7248	1.5e-04	10.4121
4858	-102.5255	-102.5255	-71.2729	0.6952	73.6170	0.7187	1.5e-04	10.4148
4859	-102.5600	-102.5601	-71.1130	0.6934	73.8317	0.7206	1.5e-04	10.4140
4860	-102.5216	-102.5216	-71.4479	0.6969	73.4603	0.7172	1.5e-04	10.4211
4861	-102.5443	-102.5443	-72.2596	0.7047	72.6782	0.7095	1.5e-04	10.4025
4862	-102.5740	-102.5741	-71.3077	0.6952	73.6721	0.7188	1.5e-04	10.4272
4863	-102.5564	-102.5564	-71.4476	0.6967	73.4926	0.7173	1.5e-04	10.4094
4864	-102.5443	-102.5443	-71.5925	0.6982	73.3600	0.7159	1.5e-04	10.4136
4865	-102.5055	-102.5055	-72.0827	0.7032	72.8174	0.7109	1.5e-04	10.4116
4866	-102.5749	-102.5749	-71.8801	0.7008	73.1395	0.7134	1.5e-04	10.4203
4867	-102.5390	-102.5390	-71.9672	0.7019	72.9865	0.7123	1.5e-04	10.3917
4868	-102.5292	-102.5293	-71.5906	0.6982	73.3232	0.7158	1.5e-04	10.4233
4869	-102.5489	-102.5489	-71.6853	0.6990	73.2562	0.7150	1.5e-04	10.4104
4870	-102.5449	-102.5449	-71.7458	0.6997	73.1981	0.7144	1.5e-04	10.4136
4871	-102.5443	-102.5443	-72.2397	0.7045	72.7318	0.7096	1.5e-04	10.4155
4872	-102.5442	-102.5442	-71.9920	0.7021	72.9812	0.7121	1.5e-04	10.4178
4873	-102.5407	-102.5407	-72.2382	0.7045	72.6993	0.7096	1.5e-04	10.3970
4874	-102.5011	-102.5011	-71.1792	0.6944	73.6841	0.7195	1.5e-04	10.4242
4875	-102.5882	-102.5882	-72.3462	0.7052	72.6664	0.7089	1.5e-04	10.4153
4876	-102.5145	-102.5145	-72.6711	0.7089	72.2286	0.7051	1.5e-04	10.4168
4877	-102.5469	-102.5469	-73.3112	0.7149	71.6314	0.6992	1.5e-04	10.4159
4878	-102.5575	-102.5575	-72.2161	0.7042	72.7601	0.7100	1.5e-04	10.4191
4879	-102.5164	-102.5164	-73.1280	0.7133	71.7761	0.7007	1.5e-04	10.4007
4880	-102.5270	-102.5270	-73.3875	0.7158	71.5445	0.6982	1.5e-04	10.4214
4881	-102.5519	-102.5519	-73.2180	0.7140	71.7450	0.7002	1.5e-04	10.4129
4882	-102.5381	-102.5381	-72.9554	0.7115	71.9964	0.7026	1.5e-04	10.4131
4883	-102.5404	-102.5404	-72.8107	0.7101	72.1222	0.7041	1.5e-04	10.4125
4884	-102.5748	-102.5748	-73.6726	0.7182	71.2040	0.6950	1.5e-04	10.4192
4885	-102.5515	-102.5515	-72.7894	0.7098	72.1426	0.7043	1.5e-04	10.4043
4886	-102.5524	-102.5524	-72.6776	0.7087	72.2593	0.7052	1.5e-04	10.4160
4887	-102.5018	-102.5018	-73.6110	0.7181	71.2715	0.6958	1.5e-04	10.4140
4888	-102.5157	-102.5157	-72.4507	0.7067	72.4732	0.7074	1.5e-04	10.4173
4889	-102.5010	-102.5010	-71.9093	0.7015	72.9789	0.7125	1.5e-04	10.4158
4890	-102.5159	-102.5159	-72.1580	0.7039	72.7501	0.7102	1.5e-04	10.4197
4891	-102.5345	-102.5345	-72.8096	0.7101	72.1443	0.7041	1.5e-04	10.3933
4892	-102.5552	-102.5552	-72.3793	0.7058	72.5927	0.7084	1.5e-04	10.4041
4893	-102.5108	-102.5108	-73.1808	0.7139	71.7312	0.7002	1.5e-04	10.4136
4894	-102.5347	-102.5347	-71.7513	0.6998	73.1951	0.7144	1.5e-04	10.4161
4895	-102.5174	-102.5174	-72.2172	0.7044	72.7140	0.7098	1.5e-04	10.4152
4896	-102.5573	-102.5573	-74.5200	0.7266	70.3921	0.6870	1.5e-04	10.4185
4897	-102.5191	-102.5191	-73.6898	0.7188	71.2222	0.6952	1.5e-04	10.4020
4898	-102.5067	-102.5067	-72.4117	0.7064	72.4837	0.7077	1.5e-04	10.4189
4899	-102.5738	-102.5738	-72.1079	0.7030	72.8948	0.7112	1.5e-04	10.4117
4900	-102.5335	-102.5335	-72.7969	0.7100	72.1271	0.7041	1.5e-04	10.4118
4901	-102.5950	-102.5950	-72.5662	0.7073	72.4485	0.7069	1.5e-04	10.4004
4902	-102.5475	-102.5475	-73.1620	0.7134	71.7866	0.7006	1.5e-04	10.4201
4903	-102.5969	-102.5969	-73.3392	0.7148	71.6763	0.6993	1.5e-04	10.4204
4904	-102.5037	-102.5037	-72.2444	0.7048	72.6538	0.7094	1.5e-04	10.4210
4905	-102.5398	-102.5398	-72.1229	0.7034	72.8393	0.7108	1.5e-04	10.4132
4906	-102.5613	-102.5613	-73.0742	0.7125	71.9048	0.7016	1.5e-04	10.4129
4907	-102.5783	-102.5783	-71.4855	0.6969	73.5112	0.7172	1.5e-04	10.4148
4908	-102.5164	-102.5164	-71.8718	0.7011	73.0404	0.7130	1.5e-04	10.4165
4909	-102.5411	-102.5411	-72.3280	0.7054	72.6211	0.7088	1.5e-04	10.4230
4910	-102.5550	-102.5550	-72.5986	0.7079	72.3736	0.7063	1.5e-04	10.4095
4911	-102.5248	-102.5248	-72.0123	0.7024	72.9045	0.7117	1.5e-04	10.4171
4912	-102.5565	-102.5565	-72.1110	0.7031	72.8667	0.7110	1.5e-04	10.4131
4913	-102.5163	-102.5163	-71.9297	0.7016	72.9835	0.7123	1.5e-04	10.4103
4914	-102.5230	-102.5230	-71.4629	0.6970	73.4416	0.7170	1.5e-04	10.4200
4915	-102.4809	-102.4809	-71.1054	0.6938	73.7429	0.7201	1.5e-04	10.4153
4916	-102.5559	-102.5559	-72.1435	0.7035	72.8248	0.7106	1.5e-04	10.4250
4917	-102.5219	-102.5219	-71.0309	0.6928	73.8584	0.7211	1.5e-04	10.4117
4918	-102.5467	-102.5468	-70.5179	0.6877	74.4047	0.7260	1.5e-04	10.4169
4919	-102.4979	-102.4981	-70.3344	0.6862	74.5343	0.7274	1.5e-04	10.4153
4920	-102.5146	-102.5147	-70.9394	0.6920	73.9253	0.7219	1.5e-04	10.4186
4921	-102.5511	-102.5511	-71.5354	0.6976	73.4125	0.7165	1.5e-04	10.4045
4922	-102.5173	-102.5174	-70.9956	0.6925	73.9004	0.7213	1.5e-04	10.4096
4923	-102.5981	-102.5982	-71.2254	0.6942	73.7565	0.7198	1.5e-04	10.4182
4924	-102.5412	-102.5413	-71.0711	0.6931	73.8590	0.7208	1.5e-04	10.4122
4925	-102.5238	-102.5238	-71.8580	0.7009	73.0281	0.7131	1.5e-04	10.4135
4926	-102.5532	-102.5533	-70.5576	0.6880	74.3323	0.7255	1.5e-04	10.4147
4927	-102.5833	-102.5834	-71.2768	0.6948	73.7082	0.7191	1.5e-04	10.4184
4928	-102.5339	-102.5340	-70.6296	0.6888	74.2659	0.7249	1.5e-04	10.4248
4929	-102.5454	-102.5455	-70.8392	0.6908	74.0674	0.7230	1.5e-04	10.4123
4930	-102.5243	-102.5243	-71.0890	0.6934	73.8055	0.7206	1.5e-04	10.4153
4931	-102.5449	-102.5453	-69.7118	0.6798	75.1298	0.7332	1.5e-04	10.4183
4932	-102.5309	-102.5310	-70.4696	0.6873	74.4293	0.7264	1.5e-04	10.4195
4933	-102.5424	-102.5425	-71.0438	0.6928	73.8520	0.7211	1.5e-04	10.4047
4934	-102.5532	-102.5533	-70.8480	0.6908	74.1021	0.7230	1.5e-04	10.4331
4935	-102.5143	-102.5144	-70.7248	0.6899	74.1669	0.7239	1.5e-04	10.4164
4936	-102.5110	-102.5111	-70.6072	0.6888	74.2401	0.7249	1.5e-04	10.4163
4937	-102.5264	-102.5264	-71.4142	0.6965	73.4798	0.7174	1.5e-04	10.4138
4938	-102.5763	-102.5766	-70.0544	0.6829	74.8604	0.7305	1.5e-04	10.4185
4939	-102.5303	-102.5303	-70.9437	0.6919	73.9606	0.7219	1.5e-04	10.4234
4940	-102.5542	-102.5542	-71.1788	0.6941	73.7448	0.7198	1.5e-04	10.4286
4941	-102.5354	-102.5357	-70.0007	0.6827	74.8675	0.7307	1.5e-04	10.4140
4942	-102.5512	-102.5513	-70.4958	0.6874	74.4152	0.7263	1.5e-04	10.4125
4943	-102.5555	-102.5555	-71.6203	0.6984	73.3197	0.7157	1.5e-04	10.4138
4944	-102.5764	-102.5766	-70.5246	0.6875	74.4128	0.7261	1.5e-04	10.4179
4945	-102.5489	-102.5489	-72.1979	0.7040	72.7667	0.7101	1.5e-04	10.4202
4946	-102.5478	-102.5479	-70.7341	0.6898	74.1878	0.7240	1.5e-04	10.4195
4947	-102.5426	-102.5426	-71.3493	0.6958	73.5916	0.7182	1.5e-04	10.4177
4948	-102.5609	-102.5610	-70.5772	0.6881	74.3580	0.7255	1.5e-04	10.4173
4949	-102.5695	-102.5695	-72.0474	0.7024	72.9385	0.7117	1.5e-04	10.4132
4950	-102.5603	-102.5604	-71.3901	0.6961	73.5749	0.7180	1.5e-04	10.4200
4951	-102.5304	-102.5304	-70.9285	0.6918	73.9929	0.7221	1.5e-04	10.4161
4952	-102.5003	-102.5003	-73.2038	0.7142	71.6746	0.6999	1.5e-04	10.4283
4953	-102.5412	-102.5412	-72.2582	0.7047	72.6882	0.7095	1.5e-04	10.4154
4954	-102.5333	-102.5333	-71.5100	0.6974	73.4087	0.7165	1.5e-04	10.4167
4955	-102.5125	-102.5125	-71.9816	0.7022	72.9279	0.7120	1.5e-04	10.4143
4956	-102.5474	-102.5474	-71.7382	0.6996	73.2127	0.7144	1.5e-04	10.4208
4957	-102.5369	-102.5369	-72.8584	0.7106	72.0361	0.7032	1.5e-04	10.4090
4958	-102.5212	-102.5212	-72.3553	0.7058	72.5698	0.7084	1.5e-04	10.4100
4959	-102.5155	-102.5155	-72.7057	0.7092	72.2098	0.7050	1.5e-04	10.4173
4960	-102.5345	-102.5345	-72.0549	0.7027	72.8782	0.7114	1.5e-04	10.4138
4961	-102.5843	-102.5843	-71.6447	0.6984	73.3284	0.7157	1.5e-04	10.4134
4962	-102.5941	-102.5941	-71.7789	0.6996	73.2199	0.7144	1.5e-04	10.4180
4963	-102.5470	-102.5470	-72.2906	0.7050	72.6567	0.7091	1.5e-04	10.4390
4964	-102.5403	-102.5403	-72.0136	0.7023	72.9259	0.7116	1.5e-04	10.4265
4965	-102.5325	-102.5325	-71.8102	0.7004	73.1147	0.7137	1.5e-04	10.4140
4966	-102.5319	-102.5319	-71.6354	0.6987	73.2943	0.7154	1.5e-04	10.4154
4967	-102.5138	-102.5138	-71.9900	0.7022	72.9202	0.7119	1.5e-04	10.4152
4968	-102.5634	-102.5634	-72.2297	0.7042	72.7207	0.7096	1.5e-04	10.4178
4969	-102.5122	-102.5122	-72.5975	0.7082	72.3059	0.7059	1.5e-04	10.4205
4970	-102.5596	-102.5596	-72.0530	0.7025	72.9258	0.7116	1.5e-04	10.4260
4971	-102.5436	-102.5436	-71.8992	0.7012	73.0524	0.7130	1.5e-04	10.4191
4972	-102.5458	-102.5458	-71.7322	0.6995	73.1942	0.7144	1.5e-04	10.4136
4973	-102.5335	-102.5335	-72.3640	0.7058	72.5963	0.7084	1.5e-04	10.4144
4974	-102.5537	-102.5537	-72.1193	0.7032	72.8408	0.7108	1.5e-04	10.4184
4975	-102.5938	-102.5939	-71.3253	0.6952	73.6633	0.7188	1.5e-04	10.4154
4976	-102.5270	-102.5270	-71.8462	0.7008	73.0870	0.7134	1.5e-04	10.4256
4977	-102.5743	-102.5743	-71.7056	0.6991	73.2947	0.7151	1.5e-04	10.4151
4978	-102.5444	-102.5444	-71.3887	0.6962	73.5550	0.7178	1.5e-04	10.4149
4979	-102.5705	-102.5705	-72.0715	0.7027	72.8211	0.7107	1.5e-04	10.4165
4980	-102.5552	-102.5552	-72.1477	0.7035	72.8156	0.7107	1.5e-04	10.4193
4981	-102.5556	-102.5556	-72.5158	0.7071	72.4486	0.7070	1.5e-04	10.4175
4982	-102.5704	-102.5704	-72.2307	0.7042	72.7481	0.7100	1.5e-04	10.4301
4983	-102.5574	-102.5574	-72.2715	0.7047	72.6802	0.7095	1.5e-04	10.4165
4984	-102.5481	-102.5481	-72.0039	0.7021	72.9529	0.7120	1.5e-04	10.4139
4985	-102.5687	-102.5687	-72.7321	0.7091	72.2384	0.7049	1.5e-04	10.4152
4986	-102.5364	-102.5364	-72.7994	0.7100	72.1387	0.7042	1.5e-04	10.4214
4987	-102.5200	-102.5200	-72.4871	0.7071	72.4299	0.7071	1.5e-04	10.4138
4988	-102.5137	-102.5137	-72.7867	0.7100	72.1111	0.7040	1.5e-04	10.4129
4989	-102.5416	-102.5416	-72.6978	0.7090	72.2681	0.7052	1.5e-04	10.4124
4990	-102.5868	-102.5868	-72.5490	0.7072	72.4344	0.7069	1.5e-04	10.4134
4991	-102.5362	-102.5362	-72.6182	0.7082	72.2879	0.7057	1.5e-04	10.4170
4992	-102.5664	-102.5664	-71.8616	0.7006	73.0962	0.7134	1.5e-04	10.4177
4993	-102.5868	-102.5868	-72.0421	0.7023	72.9546	0.7119	1.5e-04	10.4184
4994	-102.5710	-102.5710	-72.6361	0.7082	72.3339	0.7059	1.5e-04	10.4132
4995	-102.5627	-102.5627	-72.0826	0.7028	72.8933	0.7113	1.5e-04	10.4165
4996	-102.5151	-102.5152	-71.1604	0.6941	73.7132	0.7194	1.5e-04	10.4133
4997	-102.5457	-102.5457	-71.5237	0.6975	73.4183	0.7166	1.5e-04	10.4121
4998	-102.5322	-102.5322	-71.5984	0.6983	73.3363	0.7156	1.5e-04	10.4171
4999	-102.5241	-102.5241	-71.6581	0.6989	73.2581	0.7151	1.5e-04	10.4185
5000	-102.5775	-102.5775	-71.7705	0.6997	73.2171	0.7145	1.5e-04	10.4335
5001	-102.5933	-102.5933	-72.2083	0.7038	72.7960	0.7104	1.5e-04	10.4131
5002	-102.5407	-102.5407	-72.5124	0.7072	72.4265	0.7070	1.5e-04	10.4132
5003	-102.5416	-102.5416	-72.4118	0.7062	72.5281	0.7080	1.5e-04	10.4169
5004	-102.5246	-102.5246	-72.4243	0.7064	72.4640	0.7075	1.5e-04	10.4202
5005	-102.5609	-102.5609	-71.4455	0.6966	73.5215	0.7174	1.5e-04	10.4178
5006	-102.5164	-102.5164	-72.1573	0.7039	72.7726	0.7102	1.5e-04	10.4098
5007	-102.5314	-102.5314	-71.6841	0.6991	73.2343	0.7149	1.5e-04	10.4177
5008	-102.5346	-102.5346	-71.9993	0.7022	72.9481	0.7120	1.5e-04	10.4181
5009	-102.5609	-102.5610	-70.9088	0.6914	74.0397	0.7224	1.5e-04	10.4102
5010	-102.5422	-102.5422	-71.9308	0.7015	72.9932	0.7125	1.5e-04	10.4137
5011	-102.5357	-102.5357	-71.2777	0.6952	73.6351	0.7186	1.5e-04	10.4384
5012	-102.5398	-102.5398	-71.2756	0.6951	73.6364	0.7188	1.5e-04	10.4129
5013	-102.5596	-102.5596	-71.4105	0.6963	73.5208	0.7177	1.5e-04	10.4151
5014	-102.5719	-102.5719	-71.6118	0.6982	73.3584	0.7158	1.5e-04	10.4151
5015	-102.5672	-102.5672	-71.6375	0.6984	73.3534	0.7157	1.5e-04	10.4161
5016	-102.5608	-102.5609	-71.3002	0.6952	73.6650	0.7188	1.5e-04	10.4181
5017	-102.5669	-102.5669	-71.4906	0.6970	73.4868	0.7171	1.5e-04	10.4342
5018	-102.5509	-102.5510	-71.1658	0.6940	73.7642	0.7200	1.5e-04	10.4224
5019	-102.5655	-102.5655	-72.6903	0.7087	72.2957	0.7055	1.5e-04	10.4169
5020	-102.5894	-102.5894	-71.9537	0.7014	73.0499	0.7128	1.5e-04	10.4134
5021	-102.5559	-102.5559	-71.6363	0.6985	73.3119	0.7156	1.5e-04	10.4132
5022	-102.5741	-102.5742	-71.1674	0.6938	73.7939	0.7202	1.5e-04	10.4158
5023	-102.5655	-102.5656	-71.2411	0.6946	73.7187	0.7193	1.5e-04	10.4192
5024	-102.5321	-102.5321	-71.8008	0.7003	73.1478	0.7139	1.5e-04	10.4130
5025	-102.5356	-102.5356	-71.1389	0.6938	73.7543	0.7202	1.5e-04	10.4143
5026	-102.5571	-102.5571	-71.8049	0.7001	73.1499	0.7139	1.5e-04	10.4135
5027	-102.5220	-102.5220	-71.9679	0.7020	72.9443	0.7122	1.5e-04	10.4155
5028	-102.5782	-102.5782	-71.5090	0.6971	73.4758	0.7170	1.5e-04	10.4180
5029	-102.5230	-102.5230	-71.6724	0.6991	73.2572	0.7150	1.5e-04	10.4210
5030	-102.5231	-102.5232	-71.2211	0.6947	73.6988	0.7193	1.5e-04	10.4306
5031	-102.5723	-102.5723	-71.7801	0.6998	73.1930	0.7142	1.5e-04	10.4167
5032	-102.5631	-102.5631	-72.2440	0.7044	72.7463	0.7098	1.5e-04	10.4152
5033	-102.5310	-102.5310	-72.0901	0.7031	72.8528	0.7111	1.5e-04	10.4142
5034	-102.5240	-102.5241	-71.6659	0.6990	73.2557	0.7151	1.5e-04	10.4164
5035	-102.5402	-102.5402	-71.4863	0.6972	73.4427	0.7169	1.5e-04	10.4255
5036	-102.5416	-102.5416	-71.8562	0.7008	73.0775	0.7134	1.5e-04	10.4111
5037	-102.5802	-102.5802	-71.2663	0.6947	73.6814	0.7190	1.5e-04	10.4165
5038	-102.5451	-102.5451	-71.4668	0.6969	73.4480	0.7170	1.5e-04	10.4141
5039	-102.5356	-102.5356	-71.7561	0.6998	73.1645	0.7142	1.5e-04	10.4118
5040	-102.5497	-102.5497	-71.5479	0.6977	73.4044	0.7164	1.5e-04	10.4158
5041	-102.5444	-102.5445	-71.0727	0.6931	73.8489	0.7208	1.5e-04	10.4010
5042	-102.5677	-102.5678	-70.8394	0.6907	74.1298	0.7232	1.5e-04	10.4325
5043	-102.5142	-102.5143	-70.8844	0.6915	73.9921	0.7224	1.5e-04	10.4174
5044	-102.5508	-102.5510	-70.5539	0.6880	74.3690	0.7257	1.5e-04	10.4123
5045	-102.5228	-102.5231	-69.9121	0.6819	74.9332	0.7314	1.5e-04	10.4150
5046	-102.5748	-102.5750	-70.3844	0.6862	74.5079	0.7270	1.5e-04	10.4178
5047	-102.5115	-102.5116	-70.6159	0.6889	74.2657	0.7248	1.5e-04	10.4310
5048	-102.5209	-102.5210	-70.9498	0.6921	73.9494	0.7218	1.5e-04	10.4045
5049	-102.5218	-102.5218	-71.7766	0.7001	73.1328	0.7139	1.5e-04	10.4132
5050	-102.5669	-102.5669	-71.0726	0.6929	73.8934	0.7210	1.5e-04	10.4106
5051	-102.5587	-102.5587	-71.1936	0.6942	73.7579	0.7197	1.5e-04	10.4143
5052	-102.5606	-102.5606	-72.2735	0.7047	72.6791	0.7092	1.5e-04	10.4158
5053	-102.5734	-102.5734	-71.9386	0.7013	73.0403	0.7126	1.5e-04	10.4190
5054	-102.5210	-102.5210	-71.9472	0.7018	73.0041	0.7124	1.5e-04	10.4156
5055	-102.5978	-102.5978	-71.7692	0.6995	73.1893	0.7140	1.5e-04	10.4194
5056	-102.5491	-102.5491	-71.8042	0.7002	73.1367	0.7139	1.5e-04	10.4147
5057	-102.5665	-102.5665	-72.4552	0.7064	72.5378	0.7077	1.5e-04	10.4147
5058	-102.5688	-102.5688	-72.3962	0.7058	72.5823	0.7083	1.5e-04	10.4152
5059	-102.5332	-102.5332	-73.0843	0.7128	71.7970	0.7009	1.5e-04	10.4144
5060	-102.5082	-102.5082	-73.0083	0.7122	71.8856	0.7019	1.5e-04	10.4042
5061	-102.5692	-102.5692	-73.0603	0.7123	71.9128	0.7019	1.5e-04	10.4181
5062	-102.5624	-102.5624	-72.9144	0.7109	72.0465	0.7031	1.5e-04	10.4102
5063	-102.5294	-102.5294	-73.4274	0.7162	71.4901	0.6979	1.5e-04	10.4182
5064	-102.5522	-102.5522	-73.3714	0.7155	71.5734	0.6984	1.5e-04	10.4153
5065	-102.5484	-102.5484	-73.5595	0.7173	71.3812	0.6967	1.5e-04	10.4156
5066	-102.5727	-102.5727	-73.0215	0.7119	71.9476	0.7023	1.5e-04	10.4167
5067	-102.5870	-102.5870	-72.9504	0.7111	72.0342	0.7030	1.5e-04	10.4158
5068	-102.5437	-102.5437	-73.1629	0.7135	71.8038	0.7006	1.5e-04	10.4151
5069	-102.4757	-102.4757	-73.8645	0.7208	70.9747	0.6930	1.5e-04	10.4125
5070	-102.5278	-102.5278	-71.8447	0.7007	73.0980	0.7134	1.5e-04	10.4115
5071	-102.5126	-102.5126	-73.1021	0.7131	71.8217	0.7011	1.5e-04	10.4166
5072	-102.5622	-102.5622	-72.8695	0.7105	72.0768	0.7036	1.5e-04	10.4144
5073	-102.5063	-102.5063	-73.3573	0.7156	71.5413	0.6984	1.5e-04	10.4153
5074	-102.5677	-102.5677	-73.3054	0.7147	71.6877	0.6994	1.5e-04	10.4124
5075	-102.5294	-102.5294	-73.7173	0.7190	71.2041	0.6950	1.5e-04	10.4130
5076	-102.5718	-102.5718	-73.3749	0.7154	71.6058	0.6988	1.5e-04	10.4190
5077	-102.5775	-102.5775	-72.9682	0.7113	71.9984	0.7028	1.5e-04	10.4140
5078	-102.5612	-102.5612	-72.7180	0.7090	72.2488	0.7051	1.5e-04	10.4335
5079	-102.5711	-102.5711	-73.0487	0.7122	71.9333	0.7020	1.5e-04	10.4162
5080	-102.5380	-102.5380	-73.2784	0.7146	71.6540	0.6995	1.5e-04	10.4156
5081	-102.5289	-102.5289	-72.8617	0.7106	72.0858	0.7035	1.5e-04	10.4127
5082	-102.5642	-102.5642	-73.1898	0.7136	71.7619	0.7001	1.5e-04	10.4142
5083	-102.5778	-102.5778	-73.1755	0.7134	71.8253	0.7008	1.5e-04	10.4101
5084	-102.5840	-102.5840	-71.6945	0.6989	73.2660	0.7150	1.5e-04	10.4019
5085	-102.5078	-102.5078	-73.3419	0.7155	71.5722	0.6986	1.5e-04	10.4143
5086	-102.5373	-102.5373	-73.4706	0.7165	71.4604	0.6975	1.5e-04	10.4140
5087	-102.5079	-102.5079	-73.0892	0.7130	71.8036	0.7010	1.5e-04	10.4142
5088	-102.5285	-102.5285	-73.7186	0.7190	71.1871	0.6949	1.5e-04	10.4180
5089	-102.5387	-102.5387	-73.9016	0.7207	71.0313	0.6932	1.5e-04	10.4323
5090	-102.5758	-102.5758	-71.8897	0.7008	73.0535	0.7128	1.5e-04	10.4175
5091	-102.5656	-102.5656	-73.5427	0.7170	71.4075	0.6969	1.5e-04	10.4159
5092	-102.5486	-102.5486	-73.1254	0.7131	71.8192	0.7011	1.5e-04	10.4135
5093	-102.5347	-102.5347	-72.9344	0.7113	72.0212	0.7029	1.5e-04	10.4128
5094	-102.5550	-102.5550	-73.1282	0.7131	71.8187	0.7010	1.5e-04	10.4171
5095	-102.5391	-102.5391	-73.2908	0.7148	71.6391	0.6992	1.5e-04	10.4221
5096	-102.5169	-102.5169	-73.2528	0.7145	71.6742	0.6996	1.5e-04	10.4154
5097	-102.5312	-102.5312	-72.8638	0.7106	72.0677	0.7035	1.5e-04	10.4172
5098	-102.5664	-102.5664	-73.0648	0.7124	71.9098	0.7017	1.5e-04	10.4095
5099	-102.5317	-102.5317	-72.4935	0.7070	72.4328	0.7068	1.5e-04	10.4126
5100	-102.5541	-102.5541	-72.1888	0.7039	72.7676	0.7103	1.5e-04	10.4181
5101	-102.5807	-102.5807	-72.6349	0.7081	72.3942	0.7060	1.5e-04	10.4203
5102	-102.5359	-102.5359	-73.0747	0.7127	71.8711	0.7014	1.5e-04	10.4159
5103	-102.5445	-102.5445	-71.8989	0.7011	73.0363	0.7130	1.5e-04	10.4154
5104	-102.5722	-102.5722	-72.5970	0.7078	72.3885	0.7064	1.5e-04	10.4119
5105	-102.5256	-102.5256	-72.8938	0.7110	72.0535	0.7032	1.5e-04	10.4119
5106	-102.5215	-102.5215	-72.8770	0.7108	72.0275	0.7032	1.5e-04	10.4153
5107	-102.5356	-102.5356	-73.0674	0.7126	71.8651	0.7016	1.5e-04	10.4226
5108	-102.5521	-102.5521	-72.8355	0.7102	72.0778	0.7039	1.5e-04	10.4168
5109	-102.5540	-102.5540	-72.6119	0.7080	72.3644	0.7062	1.5e-04	10.4159
5110	-102.5427	-102.5427	-73.4022	0.7158	71.5377	0.6982	1.5e-04	10.4136
5111	-102.5493	-102.5493	-72.6312	0.7083	72.3254	0.7058	1.5e-04	10.4163
5112	-102.5685	-102.5685	-72.6054	0.7079	72.3840	0.7063	1.5e-04	10.4142
5113	-102.5613	-102.5613	-72.7749	0.7096	72.2103	0.7046	1.5e-04	10.4308
5114	-102.5220	-102.5220	-72.0973	0.7032	72.8082	0.7110	1.5e-04	10.4107
5115	-102.5454	-102.5454	-72.7947	0.7099	72.1686	0.7043	1.5e-04	10.4185
5116	-102.5305	-102.5305	-72.2566	0.7047	72.6785	0.7094	1.5e-04	10.4140
5117	-102.5699	-102.5699	-72.4939	0.7068	72.4645	0.7074	1.5e-04	10.4105
5118	-102.5352	-102.5352	-71.5728	0.6980	73.3651	0.7160	1.5e-04	10.4171
5119	-102.5505	-102.5505	-72.0305	0.7024	72.9373	0.7118	1.5e-04	10.4130
5120	-102.5083	-102.5083	-72.4890	0.7072	72.3983	0.7070	1.5e-04	10.4183
5121	-102.5344	-102.5344	-71.5224	0.6975	73.4134	0.7165	1.5e-04	10.4127
5122	-102.5464	-102.5464	-71.8613	0.7008	73.0827	0.7134	1.5e-04	10.4153
5123	-102.5294	-102.5294	-71.6444	0.6988	73.2446	0.7153	1.5e-04	10.4144
5124	-102.5588	-102.5588	-71.3634	0.6958	73.5900	0.7182	1.5e-04	10.4141
5125	-102.5861	-102.5862	-70.8546	0.6907	74.0920	0.7231	1.5e-04	10.4305
5126	-102.5225	-102.5225	-71.4997	0.6974	73.3951	0.7165	1.5e-04	10.4005
5127	-102.5639	-102.5640	-71.4808	0.6969	73.4664	0.7170	1.5e-04	10.4157
5128	-102.5033	-102.5033	-70.8410	0.6911	74.0353	0.7227	1.5e-04	10.4160
5129	-102.5080	-102.5080	-70.7959	0.6906	74.0730	0.7231	1.5e-04	10.4110
5130	-102.5591	-102.5591	-70.8360	0.6907	74.1087	0.7231	1.5e-04	10.4119
5131	-102.5435	-102.5435	-70.9901	0.6923	73.9339	0.7216	1.5e-04	10.4163
5132	-102.5569	-102.5571	-70.1806	0.6843	74.7032	0.7290	1.5e-04	10.3994
5133	-102.5805	-102.5805	-71.2235	0.6943	73.7468	0.7196	1.5e-04	10.4169
5134	-102.5250	-102.5250	-71.2352	0.6948	73.6712	0.7192	1.5e-04	10.4153
5135	-102.5256	-102.5257	-70.6150	0.6888	74.2431	0.7249	1.5e-04	10.4110
5136	-102.5335	-102.5335	-71.3697	0.6961	73.5566	0.7179	1.5e-04	10.4147
5137	-102.5490	-102.5490	-71.5186	0.6974	73.3980	0.7167	1.5e-04	10.4306
5138	-102.5268	-102.5269	-71.2042	0.6945	73.7077	0.7194	1.5e-04	10.3977
5139	-102.5404	-102.5404	-71.3167	0.6955	73.6047	0.7185	1.5e-04	10.4172
5140	-102.5586	-102.5586	-71.0984	0.6932	73.8411	0.7207	1.5e-04	10.4143
5141	-102.5225	-102.5225	-71.5913	0.6983	73.3086	0.7158	1.5e-04	10.4155
5142	-102.5141	-102.5141	-71.7710	0.7001	73.1165	0.7139	1.5e-04	10.4133
5143	-102.5147	-102.5147	-71.4347	0.6968	73.4578	0.7171	1.5e-04	10.4275
5144	-102.5678	-102.5678	-71.5688	0.6978	73.3981	0.7163	1.5e-04	10.4216
5145	-102.5276	-102.5276	-71.1747	0.6942	73.7254	0.7196	1.5e-04	10.4168
5146	-102.5637	-102.5637	-71.6213	0.6983	73.3353	0.7157	1.5e-04	10.4124
5147	-102.5384	-102.5384	-71.7771	0.7000	73.1328	0.7141	1.5e-04	10.4156
5148	-102.5136	-102.5136	-71.9335	0.7017	72.9868	0.7125	1.5e-04	10.4161
5149	-102.5569	-102.5569	-71.9170	0.7012	73.0284	0.7129	1.5e-04	10.4302
5150	-102.5260	-102.5261	-70.8740	0.6913	74.0106	0.7226	1.5e-04	10.4015
5151	-102.5633	-102.5633	-71.7372	0.6994	73.2100	0.7147	1.5e-04	10.4187
5152	-102.4791	-102.4792	-70.9773	0.6926	73.8667	0.7213	1.5e-04	10.4183
5153	-102.5376	-102.5376	-71.8039	0.7003	73.1508	0.7138	1.5e-04	10.4166
5154	-102.5801	-102.5802	-70.5695	0.6879	74.3599	0.7257	1.5e-04	10.4161
5155	-102.5608	-102.5608	-71.7065	0.6992	73.2326	0.7149	1.5e-04	10.4283
5156	-102.5652	-102.5653	-70.9775	0.6920	73.9682	0.7218	1.5e-04	10.4244
5157	-102.5496	-102.5497	-71.3545	0.6958	73.5947	0.7182	1.5e-04	10.4192
5158	-102.5364	-102.5364	-71.1979	0.6944	73.7389	0.7196	1.5e-04	10.4137
5159	-102.5574	-102.5574	-72.0980	0.7030	72.8634	0.7111	1.5e-04	10.4149
5160	-102.5249	-102.5249	-71.6919	0.6993	73.2049	0.7146	1.5e-04	10.4158
5161	-102.5884	-102.5884	-71.4966	0.6969	73.4886	0.7171	1.5e-04	10.4252
5162	-102.4963	-102.4963	-72.2749	0.7051	72.6163	0.7091	1.5e-04	10.4033
5163	-102.5751	-102.5751	-71.4298	0.6964	73.5352	0.7176	1.5e-04	10.4158
5164	-102.5107	-102.5107	-72.1235	0.7036	72.7677	0.7104	1.5e-04	10.4154
5165	-102.5685	-102.5685	-72.1906	0.7038	72.7726	0.7104	1.5e-04	10.4162
5166	-102.4742	-102.4742	-71.7509	0.7002	73.1234	0.7139	1.5e-04	10.4172
5167	-102.5530	-102.5530	-72.2822	0.7048	72.6687	0.7094	1.5e-04	10.4296
5168	-102.5741	-102.5741	-71.8517	0.7005	73.1189	0.7136	1.5e-04	10.4056
5169	-102.5054	-102.5054	-72.1752	0.7041	72.7127	0.7101	1.5e-04	10.4196
5170	-102.5630	-102.5630	-71.7364	0.6994	73.2183	0.7145	1.5e-04	10.4135
5171	-102.5479	-102.5479	-71.9106	0.7012	73.0663	0.7129	1.5e-04	10.4184
5172	-102.5340	-102.5340	-72.3338	0.7055	72.5146	0.7079	1.5e-04	10.4176
5173	-102.5445	-102.5445	-72.2141	0.7042	72.7126	0.7097	1.5e-04	10.4312
5174	-102.5609	-102.5609	-71.8892	0.7009	73.0476	0.7131	1.5e-04	10.4049
5175	-102.5603	-102.5603	-71.4268	0.6964	73.5221	0.7175	1.5e-04	10.4177
5176	-102.5039	-102.5039	-72.4771	0.7071	72.4336	0.7071	1.5e-04	10.4169
5177	-102.5470	-102.5470	-71.7876	0.7000	73.1597	0.7141	1.5e-04	10.4151
5178	-102.5598	-102.5598	-71.2988	0.6952	73.6593	0.7188	1.5e-04	10.4165
5179	-102.5272	-102.5272	-72.0722	0.7030	72.8524	0.7112	1.5e-04	10.4218
5180	-102.5300	-102.5300	-72.3018	0.7052	72.6287	0.7090	1.5e-04	10.4215
5181	-102.5597	-102.5597	-71.6842	0.6990	73.2846	0.7151	1.5e-04	10.4206
5182	-102.5340	-102.5340	-71.8998	0.7012	73.0425	0.7129	1.5e-04	10.4148
5183	-102.5458	-102.5458	-71.2462	0.6948	73.6959	0.7192	1.5e-04	10.4158
5184	-102.5545	-102.5545	-72.4942	0.7069	72.4688	0.7072	1.5e-04	10.4182
5185	-102.4914	-102.4914	-71.8777	0.7013	73.0186	0.7128	1.5e-04	10.4263
5186	-102.5150	-102.5150	-72.1638	0.7039	72.7191	0.7101	1.5e-04	10.4186
5187	-102.5904	-102.5904	-71.6478	0.6984	73.3493	0.7157	1.5e-04	10.4213
5188	-102.5621	-102.5621	-71.5779	0.6979	73.3989	0.7162	1.5e-04	10.4148
5189	-102.5535	-102.5535	-71.6566	0.6987	73.2855	0.7153	1.5e-04	10.4156
5190	-102.5585	-102.5585	-72.0812	0.7028	72.8759	0.7112	1.5e-04	10.4133
5191	-102.5714	-102.5714	-71.8284	0.7003	73.1643	0.7139	1.5e-04	10.4301
5192	-102.5497	-102.5497	-71.8368	0.7005	73.1156	0.7136	1.5e-04	10.4027
5193	-102.5961	-102.5961	-72.6073	0.7077	72.4162	0.7065	1.5e-04	10.4189
5194	-102.5000	-102.5000	-72.5667	0.7080	72.3403	0.7062	1.5e-04	10.4130
5195	-102.5326	-102.5326	-72.7398	0.7094	72.2029	0.7048	1.5e-04	10.4139
5196	-102.5365	-102.5365	-73.5696	0.7175	71.3645	0.6966	1.5e-04	10.4201
5197	-102.5332	-102.5332	-74.0030	0.7217	70.8912	0.6919	1.5e-04	10.4287
5198	-102.5139	-102.5139	-73.2824	0.7149	71.6359	0.6993	1.5e-04	10.4036
5199	-102.5546	-102.5546	-72.5294	0.7072	72.4524	0.7070	1.5e-04	10.4203
5200	-102.4936	-102.4936	-73.3812	0.7160	71.5041	0.6981	1.5e-04	10.4164
5201	-102.5609	-102.5609	-73.8318	0.7199	71.1043	0.6938	1.5e-04	10.4106
5202	-102.5923	-102.5923	-72.6559	0.7082	72.3569	0.7060	1.5e-04	10.4158
5203	-102.5912	-102.5912	-73.1029	0.7126	71.8431	0.7011	1.5e-04	10.4257
5204	-102.5327	-102.5327	-73.4055	0.7159	71.5439	0.6982	1.5e-04	10.4044
5205	-102.5633	-102.5633	-74.0661	0.7221	70.8890	0.6917	1.5e-04	10.4151
5206	-102.5440	-102.5440	-74.7392	0.7289	70.1216	0.6845	1.5e-04	10.4139
5207	-102.5231	-102.5231	-74.3003	0.7247	70.5698	0.6890	1.5e-04	10.4174
5208	-102.5442	-102.5442	-73.7945	0.7196	71.1076	0.6940	1.5e-04	10.4180
5209	-102.5747	-102.5747	-73.9100	0.7205	71.0603	0.6934	1.5e-04	10.4254
5210	-102.5449	-102.5449	-74.3516	0.7251	70.5196	0.6886	1.5e-04	10.4008
5211	-102.5558	-102.5558	-74.0403	0.7220	70.8892	0.6919	1.5e-04	10.4190
5212	-102.5465	-102.5465	-73.2680	0.7145	71.6981	0.6996	1.5e-04	10.4186
5213	-102.5467	-102.5467	-74.1755	0.7233	70.7227	0.6904	1.5e-04	10.4170
5214	-102.6001	-102.6001	-74.7157	0.7282	70.2292	0.6851	1.5e-04	10.4160
5215	-102.5763	-102.5763	-74.8183	0.7294	70.0965	0.6841	1.5e-04	10.4237
5216	-102.5497	-102.5497	-73.6328	0.7180	71.3343	0.6960	1.5e-04	10.4016
5217	-102.5613	-102.5613	-74.2443	0.7239	70.6703	0.6898	1.5e-04	10.4180
5218	-102.5662	-102.5662	-75.0235	0.7315	69.8774	0.6819	1.5e-04	10.4139
5219	-102.5663	-102.5663	-74.1772	0.7232	70.7760	0.6906	1.5e-04	10.4161
5220	-102.5459	-102.5459	-74.8247	0.7297	70.0558	0.6838	1.5e-04	10.4176
5221	-102.5073	-102.5073	-74.6174	0.7279	70.2252	0.6855	1.5e-04	10.4267
5222	-102.5644	-102.5644	-75.0537	0.7318	69.8397	0.6816	1.5e-04	10.4003
5223	-102.5275	-102.5275	-75.2172	0.7336	69.6190	0.6795	1.5e-04	10.4231
5224	-102.4907	-102.4907	-74.6179	0.7280	70.1988	0.6855	1.5e-04	10.4138
5225	-102.5581	-102.5581	-75.1398	0.7327	69.7293	0.6806	1.5e-04	10.4134
5226	-102.5134	-102.5134	-74.9734	0.7314	69.8600	0.6820	1.5e-04	10.4171
5227	-102.5252	-102.5252	-74.7072	0.7287	70.1308	0.6848	1.5e-04	10.4199
5228	-102.5513	-102.5513	-74.5876	0.7273	70.3066	0.6863	1.5e-04	10.3987
5229	-102.5644	-102.5644	-74.0158	0.7217	70.9308	0.6922	1.5e-04	10.4177
5230	-102.5269	-102.5269	-74.5511	0.7271	70.3097	0.6864	1.5e-04	10.4110
5231	-102.5131	-102.5131	-73.5301	0.7173	71.3762	0.6968	1.5e-04	10.4182
5232	-102.5489	-102.5489	-74.1091	0.7227	70.8227	0.6910	1.5e-04	10.4174
5233	-102.5625	-102.5625	-74.1977	0.7234	70.7294	0.6902	1.5e-04	10.4280
5234	-102.5007	-102.5007	-73.2958	0.7151	71.5909	0.6990	1.5e-04	10.4039
5235	-102.5091	-102.5091	-73.5396	0.7174	71.3381	0.6965	1.5e-04	10.4189
5236	-102.5182	-102.5182	-72.9880	0.7120	71.9355	0.7022	1.5e-04	10.4174
5237	-102.5462	-102.5462	-73.6610	0.7183	71.2652	0.6955	1.5e-04	10.4163
5238	-102.5720	-102.5720	-73.3863	0.7155	71.5867	0.6986	1.5e-04	10.4139
5239	-102.5227	-102.5227	-74.2904	0.7246	70.5491	0.6888	1.5e-04	10.4259
5240	-102.5428	-102.5428	-73.5392	0.7172	71.3965	0.6969	1.5e-04	10.4081
5241	-102.5281	-102.5281	-72.9686	0.7117	71.9356	0.7023	1.5e-04	10.4218
5242	-102.5232	-102.5232	-73.6664	0.7185	71.2225	0.6955	1.5e-04	10.4144
5243	-102.5580	-102.5580	-72.5875	0.7078	72.3726	0.7064	1.5e-04	10.4166
5244	-102.5545	-102.5545	-73.0627	0.7124	71.9063	0.7016	1.5e-04	10.4184
5245	-102.5214	-102.5214	-73.3439	0.7154	71.5559	0.6986	1.5e-04	10.4200
5246	-102.5501	-102.5501	-72.0178	0.7023	72.9345	0.7119	1.5e-04	10.4034
5247	-102.5261	-102.5261	-72.2055	0.7043	72.7260	0.7099	1.5e-04	10.4197
5248	-102.5619	-102.5619	-72.1794	0.7038	72.7902	0.7104	1.5e-04	10.4181
5249	-102.5452	-102.5452	-72.1124	0.7032	72.8609	0.7109	1.5e-04	10.4159
5250	-102.6137	-102.6137	-72.2391	0.7040	72.7544	0.7098	1.5e-04	10.4126
5251	-102.5370	-102.5370	-72.3469	0.7056	72.6175	0.7086	1.5e-04	10.4265
5252	-102.5233	-102.5233	-71.9094	0.7014	73.0170	0.7128	1.5e-04	10.4036
5253	-102.5466	-102.5466	-72.8920	0.7108	72.0603	0.7034	1.5e-04	10.4197
5254	-102.5595	-102.5595	-71.7813	0.6999	73.1598	0.7141	1.5e-04	10.4161
5255	-102.5365	-102.5365	-72.4192	0.7063	72.5144	0.7078	1.5e-04	10.4130
5256	-102.5170	-102.5170	-71.5340	0.6978	73.3731	0.7162	1.5e-04	10.4136
5257	-102.5494	-102.5494	-71.5057	0.6973	73.3822	0.7162	1.5e-04	10.4228
5258	-102.5238	-102.5238	-72.4255	0.7064	72.4848	0.7077	1.5e-04	10.4002
5259	-102.5203	-102.5203	-72.3896	0.7061	72.5148	0.7078	1.5e-04	10.4167
5260	-102.5533	-102.5533	-72.5380	0.7073	72.4135	0.7069	1.5e-04	10.4150
5261	-102.5312	-102.5312	-71.8380	0.7006	73.1088	0.7135	1.5e-04	10.4166
5262	-102.5443	-102.5443	-71.7049	0.6993	73.2489	0.7149	1.5e-04	10.4170
5263	-102.5761	-102.5761	-71.5794	0.6978	73.3901	0.7161	1.5e-04	10.4266
5264	-102.5547	-102.5547	-71.1562	0.6938	73.7856	0.7201	1.5e-04	10.4079
5265	-102.5624	-102.5625	-70.8251	0.6906	74.1106	0.7233	1.5e-04	10.4208
5266	-102.5159	-102.5159	-72.5313	0.7075	72.3680	0.7067	1.5e-04	10.4114
5267	-102.5097	-102.5097	-71.7967	0.7004	73.1075	0.7137	1.5e-04	10.4140
5268	-102.5367	-102.5368	-71.3018	0.6954	73.5921	0.7186	1.5e-04	10.4144
5269	-102.5520	-102.5520	-71.2279	0.6946	73.7087	0.7193	1.5e-04	10.4251
5270	-102.5501	-102.5501	-71.7383	0.6995	73.1813	0.7146	1.5e-04	10.4048
5271	-102.5092	-102.5092	-72.3876	0.7062	72.5169	0.7080	1.5e-04	10.4186
5272	-102.5116	-102.5117	-70.6496	0.6892	74.2024	0.7246	1.5e-04	10.4107
5273	-102.5608	-102.5608	-71.1553	0.6938	73.7629	0.7202	1.5e-04	10.4163
5274	-102.5647	-102.5650	-69.8247	0.6808	75.0192	0.7323	1.5e-04	10.4160
5275	-102.5629	-102.5629	-71.3600	0.6958	73.5988	0.7183	1.5e-04	10.4250
5276	-102.5053	-102.5055	-70.5302	0.6881	74.3178	0.7256	1.5e-04	10.4008
5277	-102.5484	-102.5486	-70.3270	0.6858	74.5624	0.7277	1.5e-04	10.4186
5278	-102.4859	-102.4860	-70.4213	0.6871	74.3041	0.7256	1.5e-04	10.4127
5279	-102.5533	-102.5537	-69.6736	0.6794	75.1907	0.7338	1.5e-04	10.4155
5280	-102.5412	-102.5415	-69.9692	0.6823	74.8781	0.7310	1.5e-04	10.4129
5281	-102.5631	-102.5638	-68.9429	0.6722	75.8412	0.7404	1.5e-04	10.4226
5282	-102.5566	-102.5567	-70.7540	0.6899	74.1689	0.7239	1.5e-04	10.4084
5283	-102.5314	-102.5316	-70.1073	0.6838	74.7191	0.7296	1.5e-04	10.4216
5284	-102.5162	-102.5164	-70.5879	0.6886	74.2590	0.7252	1.5e-04	10.4169
5285	-102.5140	-102.5143	-70.0824	0.6836	74.7403	0.7298	1.5e-04	10.4152
5286	-102.5337	-102.5347	-68.6376	0.6694	76.0824	0.7427	1.5e-04	10.4161
5287	-102.5346	-102.5349	-69.8890	0.6816	74.9666	0.7317	1.5e-04	10.4237
5288	-102.5573	-102.5577	-69.6144	0.6788	75.2264	0.7343	1.5e-04	10.4237
5289	-102.5236	-102.5243	-69.0621	0.6736	75.7036	0.7391	1.5e-04	10.4248
5290	-102.5576	-102.5583	-69.0588	0.6734	75.6997	0.7389	1.5e-04	10.4161
5291	-102.5534	-102.5544	-68.6128	0.6690	76.1174	0.7432	1.5e-04	10.4184
5292	-102.5639	-102.5650	-68.4681	0.6676	76.2753	0.7445	1.5e-04	10.4176
5293	-102.5744	-102.5746	-70.1252	0.6837	74.7859	0.7298	1.5e-04	10.4243
5294	-102.5284	-102.5291	-69.1469	0.6744	75.6503	0.7383	1.5e-04	10.4100
5295	-102.5340	-102.5343	-70.0540	0.6832	74.7644	0.7300	1.5e-04	10.4248
5296	-102.5175	-102.5177	-70.2579	0.6853	74.5873	0.7282	1.5e-04	10.4149
5297	-102.5400	-102.5405	-69.4295	0.6771	75.3984	0.7359	1.5e-04	10.4177
5298	-102.5455	-102.5457	-70.2701	0.6853	74.6156	0.7283	1.5e-04	10.4143
5299	-102.5330	-102.5332	-70.4811	0.6874	74.3919	0.7261	1.5e-04	10.4229
5300	-102.5142	-102.5149	-69.0683	0.6737	75.6795	0.7390	1.5e-04	10.4074
5301	-102.5424	-102.5425	-70.6732	0.6892	74.2069	0.7244	1.5e-04	10.4190
5302	-102.5256	-102.5263	-69.0668	0.6736	75.7162	0.7390	1.5e-04	10.4139
5303	-102.4971	-102.4975	-69.7933	0.6809	74.9803	0.7318	1.5e-04	10.4167
5304	-102.5188	-102.5190	-70.1034	0.6838	74.7621	0.7297	1.5e-04	10.4146
5305	-102.5383	-102.5385	-70.4814	0.6874	74.3918	0.7262	1.5e-04	10.4245
5306	-102.5586	-102.5588	-70.5236	0.6876	74.3653	0.7259	1.5e-04	10.3996
5307	-102.5273	-102.5274	-71.4961	0.6973	73.4388	0.7166	1.5e-04	10.4124
5308	-102.5653	-102.5653	-71.3997	0.6961	73.5700	0.7179	1.5e-04	10.4173
5309	-102.5184	-102.5184	-72.4504	0.7067	72.4674	0.7075	1.5e-04	10.4167
5310	-102.5306	-102.5307	-71.2795	0.6952	73.6378	0.7188	1.5e-04	10.4136
5311	-102.5446	-102.5446	-71.3832	0.6961	73.5387	0.7178	1.5e-04	10.4238
5312	-102.5372	-102.5372	-70.9884	0.6923	73.9059	0.7214	1.5e-04	10.4050
5313	-102.5438	-102.5438	-71.5591	0.6978	73.3727	0.7162	1.5e-04	10.4218
5314	-102.5351	-102.5351	-72.1128	0.7033	72.8105	0.7109	1.5e-04	10.4145
5315	-102.5955	-102.5955	-71.5480	0.6974	73.4352	0.7167	1.5e-04	10.4185
5316	-102.5612	-102.5612	-71.1479	0.6937	73.7808	0.7201	1.5e-04	10.4177
5317	-102.5236	-102.5236	-71.7147	0.6995	73.2165	0.7146	1.5e-04	10.4268
5318	-102.5465	-102.5465	-71.6916	0.6991	73.2125	0.7148	1.5e-04	10.4255
5319	-102.5339	-102.5339	-72.7557	0.7096	72.1715	0.7046	1.5e-04	10.4160
5320	-102.5619	-102.5619	-71.9888	0.7019	72.9831	0.7122	1.5e-04	10.4141
5321	-102.5131	-102.5131	-72.2055	0.7044	72.7068	0.7098	1.5e-04	10.4163
5322	-102.5611	-102.5611	-71.4398	0.6966	73.4851	0.7171	1.5e-04	10.4120
5323	-102.5808	-102.5808	-72.0229	0.7021	72.9760	0.7120	1.5e-04	10.4238
5324	-102.5290	-102.5290	-72.5293	0.7074	72.3839	0.7068	1.5e-04	10.4038
5325	-102.5372	-102.5372	-71.6878	0.6991	73.2482	0.7149	1.5e-04	10.4172
5326	-102.5593	-102.5593	-71.9794	0.7018	72.9710	0.7123	1.5e-04	10.4142
5327	-102.5486	-102.5486	-72.0259	0.7024	72.9012	0.7118	1.5e-04	10.4150
5328	-102.5763	-102.5763	-71.7376	0.6994	73.2338	0.7148	1.5e-04	10.4138
5329	-102.5542	-102.5542	-71.9360	0.7014	73.0375	0.7127	1.5e-04	10.4238
5330	-102.5362	-102.5362	-71.6926	0.6992	73.2124	0.7149	1.5e-04	10.4055
5331	-102.5129	-102.5129	-71.4958	0.6974	73.3918	0.7166	1.5e-04	10.4077
5332	-102.5474	-102.5474	-71.7215	0.6994	73.2068	0.7147	1.5e-04	10.4157
5333	-102.5391	-102.5391	-71.3716	0.6960	73.5214	0.7178	1.5e-04	10.4166
5334	-102.5161	-102.5161	-71.8079	0.7005	73.0723	0.7135	1.5e-04	10.4137
5335	-102.5499	-102.5500	-70.8801	0.6912	74.0143	0.7227	1.5e-04	10.4233
5336	-102.5524	-102.5524	-71.0039	0.6924	73.9162	0.7215	1.5e-04	10.4070
5337	-102.5773	-102.5774	-71.0010	0.6922	73.9612	0.7216	1.5e-04	10.4223
5338	-102.5611	-102.5611	-71.7229	0.6993	73.2148	0.7147	1.5e-04	10.4150
5339	-102.5810	-102.5811	-71.3419	0.6955	73.6306	0.7185	1.5e-04	10.4188
5340	-102.5243	-102.5243	-71.6835	0.6992	73.2153	0.7149	1.5e-04	10.4165
5341	-102.5232	-102.5233	-71.0998	0.6935	73.7770	0.7204	1.5e-04	10.4207
5342	-102.5721	-102.5721	-71.5906	0.6980	73.3531	0.7161	1.5e-04	10.4091
5343	-102.5236	-102.5236	-71.5508	0.6979	73.3435	0.7162	1.5e-04	10.4226
5344	-102.5787	-102.5788	-71.1334	0.6935	73.8332	0.7204	1.4e-04	10.4127
5345	-102.5206	-102.5206	-71.8875	0.7012	73.0192	0.7129	1.4e-04	10.4163
5346	-102.5276	-102.5277	-71.0372	0.6929	73.8455	0.7211	1.4e-04	10.4143
5347	-102.5411	-102.5411	-71.2302	0.6947	73.6884	0.7193	1.4e-04	10.4176
5348	-102.5532	-102.5533	-71.0323	0.6926	73.8640	0.7211	1.4e-04	10.4216
5349	-102.4925	-102.4927	-70.1830	0.6848	74.6152	0.7287	1.4e-04	10.4230
5350	-102.5528	-102.5530	-70.6105	0.6885	74.2725	0.7252	1.4e-04	10.4100
5351	-102.5817	-102.5817	-71.8813	0.7007	73.0941	0.7134	1.4e-04	10.4164
5352	-102.5095	-102.5095	-71.1816	0.6944	73.7136	0.7196	1.4e-04	10.4156
5353	-102.5140	-102.5140	-71.3424	0.6959	73.4939	0.7180	1.4e-04	10.4253
5354	-102.5466	-102.5467	-70.7523	0.6900	74.1356	0.7238	1.4e-04	10.4229
5355	-102.5375	-102.5375	-71.8105	0.7003	73.0902	0.7138	1.4e-04	10.4252
5356	-102.5313	-102.5313	-71.9304	0.7015	72.9728	0.7125	1.4e-04	10.4158
5357	-102.5721	-102.5721	-71.5979	0.6980	73.3421	0.7161	1.4e-04	10.4161
5358	-102.5581	-102.5581	-71.1236	0.6935	73.7848	0.7203	1.4e-04	10.4134
5359	-102.5699	-102.5699	-71.3730	0.6958	73.5624	0.7182	1.4e-04	10.4237
5360	-102.5314	-102.5314	-71.7491	0.6998	73.1517	0.7144	1.4e-04	10.4090
5361	-102.5728	-102.5729	-70.6989	0.6893	74.2234	0.7245	1.4e-04	10.4266
5362	-102.5422	-102.5424	-70.2896	0.6855	74.5632	0.7281	1.4e-04	10.4139
5363	-102.5674	-102.5675	-70.6507	0.6888	74.2384	0.7247	1.4e-04	10.4173
5364	-102.5314	-102.5314	-71.4166	0.6965	73.4687	0.7174	1.4e-04	10.4173
5365	-102.5247	-102.5247	-71.4982	0.6974	73.3983	0.7167	1.4e-04	10.4231
5366	-102.5518	-102.5519	-70.6887	0.6893	74.2057	0.7244	1.4e-04	10.4260
5367	-102.5400	-102.5400	-71.4177	0.6965	73.4951	0.7175	1.4e-04	10.4218
5368	-102.5633	-102.5634	-70.5625	0.6880	74.3301	0.7257	1.4e-04	10.4144
5369	-102.5555	-102.5555	-71.3803	0.6960	73.5452	0.7180	1.4e-04	10.4185
5370	-102.5103	-102.5105	-70.1502	0.6843	74.6859	0.7292	1.4e-04	10.4104
5371	-102.5264	-102.5265	-71.3109	0.6955	73.5783	0.7185	1.4e-04	10.4117
5372	-102.5641	-102.5641	-71.6483	0.6986	73.2965	0.7155	1.4e-04	10.4091
5373	-102.5591	-102.5591	-71.0259	0.6925	73.8880	0.7214	1.4e-04	10.4242
5374	-102.5439	-102.5439	-72.1978	0.7041	72.7384	0.7101	1.4e-04	10.4132
5375	-102.5410	-102.5410	-71.8666	0.7009	73.0231	0.7132	1.4e-04	10.4160
5376	-102.5482	-102.5482	-71.3966	0.6962	73.4990	0.7177	1.4e-04	10.4160
5377	-102.5187	-102.5187	-71.5242	0.6977	73.3631	0.7164	1.4e-04	10.4249
5378	-102.4950	-102.4950	-71.7472	0.7000	73.1131	0.7141	1.4e-04	10.4253
5379	-102.5229	-102.5229	-71.9694	0.7020	72.9104	0.7120	1.4e-04	10.4306
5380	-102.5233	-102.5234	-71.2806	0.6953	73.5916	0.7185	1.4e-04	10.4169
5381	-102.5280	-102.5281	-71.0782	0.6933	73.8147	0.7207	1.4e-04	10.4157
5382	-102.5613	-102.5613	-71.4983	0.6971	73.4649	0.7169	1.4e-04	10.4149
5383	-102.5010	-102.5010	-71.8965	0.7014	72.9893	0.7127	1.4e-04	10.4259
5384	-102.5357	-102.5357	-72.2387	0.7045	72.6721	0.7096	1.4e-04	10.4281
5385	-102.5459	-102.5459	-71.9718	0.7018	72.9551	0.7122	1.4e-04	10.4240
5386	-102.5371	-102.5371	-71.5003	0.6973	73.3924	0.7167	1.4e-04	10.4142
5387	-102.5526	-102.5526	-72.3930	0.7059	72.5291	0.7082	1.4e-04	10.4151
5388	-102.5457	-102.5457	-71.5457	0.6977	73.3622	0.7164	1.4e-04	10.4138
5389	-102.5866	-102.5866	-72.5358	0.7071	72.4499	0.7071	1.4e-04	10.4199
5390	-102.5288	-102.5288	-72.7546	0.7096	72.1672	0.7046	1.4e-04	10.4219
5391	-102.5112	-102.5112	-72.7714	0.7099	72.1345	0.7043	1.4e-04	10.4234
5392	-102.5314	-102.5314	-71.4800	0.6972	73.4406	0.7169	1.4e-04	10.4184
5393	-102.5197	-102.5197	-71.7804	0.7002	73.1037	0.7138	1.4e-04	10.4143
5394	-102.5050	-102.5050	-71.6713	0.6992	73.2109	0.7148	1.4e-04	10.4119
5395	-102.5541	-102.5541	-71.5682	0.6979	73.3797	0.7162	1.4e-04	10.4194
5396	-102.5194	-102.5194	-71.3157	0.6956	73.5612	0.7183	1.4e-04	10.4256
5397	-102.5035	-102.5035	-71.5764	0.6983	73.3010	0.7158	1.4e-04	10.4229
5398	-102.5675	-102.5675	-71.6723	0.6988	73.2601	0.7153	1.4e-04	10.4079
5399	-102.5305	-102.5305	-72.6036	0.7081	72.2986	0.7060	1.4e-04	10.4175
5400	-102.5733	-102.5734	-71.1500	0.6936	73.7783	0.7202	1.4e-04	10.4125
5401	-102.5401	-102.5401	-71.2578	0.6949	73.6482	0.7191	1.4e-04	10.4282
5402	-102.4999	-102.4999	-71.5788	0.6983	73.3013	0.7158	1.4e-04	10.4087
5403	-102.5735	-102.5737	-70.2662	0.6850	74.6342	0.7285	1.4e-04	10.4143
5404	-102.5067	-102.5067	-71.6037	0.6985	73.2792	0.7156	1.4e-04	10.4146
5405	-102.5226	-102.5227	-71.1782	0.6943	73.7010	0.7196	1.4e-04	10.4184
5406	-102.5744	-102.5745	-71.5001	0.6971	73.4515	0.7169	1.4e-04	10.4151
5407	-102.5250	-102.5251	-70.9434	0.6920	73.9334	0.7219	1.4e-04	10.4251
5408	-102.5521	-102.5521	-71.6894	0.6991	73.2446	0.7149	1.4e-04	10.4066
5409	-102.4953	-102.4953	-71.0972	0.6937	73.7493	0.7203	1.4e-04	10.4245
5410	-102.5636	-102.5637	-70.5378	0.6877	74.3540	0.7258	1.4e-04	10.4116
5411	-102.5416	-102.5416	-71.6698	0.6989	73.2345	0.7148	1.4e-04	10.4152
5412	-102.5743	-102.5743	-71.3199	0.6953	73.6235	0.7187	1.4e-04	10.4160
5413	-102.5669	-102.5670	-70.9138	0.6914	74.0152	0.7224	1.4e-04	10.4233
5414	-102.5234	-102.5234	-71.4406	0.6968	73.4813	0.7172	1.4e-04	10.4263
5415	-102.5364	-102.5364	-71.3339	0.6957	73.5652	0.7181	1.4e-04	10.4271
5416	-102.5401	-102.5401	-72.1357	0.7035	72.7989	0.7107	1.4e-04	10.4175
5417	-102.5562	-102.5562	-71.2649	0.6949	73.6992	0.7190	1.4e-04	10.4131
5418	-102.5476	-102.5476	-71.1893	0.6942	73.7387	0.7198	1.4e-04	10.4111
5419	-102.5545	-102.5545	-72.4144	0.7061	72.5101	0.7080	1.4e-04	10.4191
5420	-102.5199	-102.5199	-72.0665	0.7030	72.8298	0.7110	1.4e-04	10.4263
5421	-102.5273	-102.5273	-71.6825	0.6992	73.2067	0.7148	1.4e-04	10.4262
5422	-102.5591	-102.5591	-71.6794	0.6989	73.2620	0.7150	1.4e-04	10.4123
5423	-102.5244	-102.5244	-72.7314	0.7094	72.1754	0.7047	1.4e-04	10.4161
5424	-102.5367	-102.5367	-71.5588	0.6979	73.3384	0.7161	1.4e-04	10.4173
5425	-102.5609	-102.5609	-72.4354	0.7063	72.4936	0.7077	1.4e-04	10.4229
5426	-102.5363	-102.5363	-71.9267	0.7015	72.9938	0.7125	1.4e-04	10.4141
5427	-102.5915	-102.5916	-71.2723	0.6947	73.7108	0.7193	1.4e-04	10.4200
5428	-102.5518	-102.5518	-71.9947	0.7020	72.9593	0.7121	1.4e-04	10.4173
5429	-102.5707	-102.5708	-71.1713	0.6939	73.7788	0.7200	1.4e-04	10.4145
5430	-102.5666	-102.5666	-71.2465	0.6946	73.6977	0.7193	1.4e-04	10.4139
5431	-102.5793	-102.5793	-71.7883	0.6998	73.1925	0.7142	1.4e-04	10.4198
5432	-102.5678	-102.5678	-71.4485	0.6966	73.4933	0.7174	1.4e-04	10.4116
5433	-102.5328	-102.5328	-71.4833	0.6972	73.4109	0.7167	1.4e-04	10.4262
5434	-102.5769	-102.5769	-72.5869	0.7076	72.3922	0.7066	1.4e-04	10.4125
5435	-102.5382	-102.5382	-71.5619	0.6979	73.3779	0.7162	1.4e-04	10.4148
5436	-102.5361	-102.5361	-72.0176	0.7024	72.9181	0.7118	1.4e-04	10.4125
5437	-102.5346	-102.5346	-71.3544	0.6959	73.5762	0.7180	1.4e-04	10.4220
5438	-102.5708	-102.5708	-72.1617	0.7035	72.8123	0.7107	1.4e-04	10.4057
5439	-102.5554	-102.5554	-70.9652	0.6920	73.9483	0.7219	1.4e-04	10.4273
5440	-102.5888	-102.5888	-72.0231	0.7021	72.9662	0.7120	1.4e-04	10.4152
5441	-102.5135	-102.5135	-71.8113	0.7005	73.0692	0.7135	1.4e-04	10.4188
5442	-102.5368	-102.5368	-71.2166	0.6945	73.6635	0.7194	1.4e-04	10.4142
5443	-102.5228	-102.5228	-71.4128	0.6966	73.4829	0.7175	1.4e-04	10.4224
5444	-102.5398	-102.5398	-71.6758	0.6990	73.2547	0.7151	1.4e-04	10.4251
5445	-102.5245	-102.5246	-71.4958	0.6974	73.4138	0.7167	1.4e-04	10.4112
5446	-102.5165	-102.5165	-71.8027	0.7004	73.1127	0.7137	1.4e-04	10.4140
5447	-102.5279	-102.5279	-71.6576	0.6989	73.2620	0.7152	1.4e-04	10.4159
5448	-102.5462	-102.5463	-70.8529	0.6909	74.0365	0.7229	1.4e-04	10.4153
5449	-102.5826	-102.5826	-72.0551	0.7024	72.9371	0.7118	1.4e-04	10.4194
5450	-102.5319	-102.5319	-71.7245	0.6995	73.2087	0.7146	1.4e-04	10.4260
5451	-102.5638	-102.5638	-71.2818	0.6950	73.6574	0.7190	1.4e-04	10.4277
5452	-102.5623	-102.5623	-71.4780	0.6969	73.4852	0.7171	1.4e-04	10.4142
5453	-102.5516	-102.5516	-72.0364	0.7024	72.9147	0.7117	1.4e-04	10.4169
5454	-102.5261	-102.5261	-71.9717	0.7020	72.9446	0.7122	1.4e-04	10.4107
5455	-102.6012	-102.6012	-71.9139	0.7009	73.0557	0.7132	1.4e-04	10.4223
5456	-102.5274	-102.5274	-72.3752	0.7059	72.5387	0.7083	1.4e-04	10.4251
5457	-102.5587	-102.5587	-72.0198	0.7022	72.9359	0.7120	1.4e-04	10.4159
5458	-102.5146	-102.5146	-72.6707	0.7089	72.2184	0.7050	1.4e-04	10.4086
5459	-102.5330	-102.5330	-71.9858	0.7021	72.9244	0.7121	1.4e-04	10.4154
5460	-102.5487	-102.5487	-72.8299	0.7102	72.1231	0.7040	1.4e-04	10.4178
5461	-102.5735	-102.5735	-72.6293	0.7081	72.3539	0.7061	1.4e-04	10.4196
5462	-102.5174	-102.5174	-72.5898	0.7081	72.3187	0.7061	1.4e-04	10.4230
5463	-102.5781	-102.5781	-72.8939	0.7106	72.0894	0.7035	1.4e-04	10.4133
5464	-102.5399	-102.5399	-73.3773	0.7156	71.5502	0.6985	1.4e-04	10.4180
5465	-102.5617	-102.5617	-73.4480	0.7161	71.4839	0.6978	1.4e-04	10.4117
5466	-102.5510	-102.5510	-73.0635	0.7125	71.8697	0.7016	1.4e-04	10.4140
5467	-102.5058	-102.5058	-72.4575	0.7069	72.4119	0.7071	1.4e-04	10.4205
5468	-102.5346	-102.5346	-73.3421	0.7153	71.5751	0.6988	1.4e-04	10.4169
5469	-102.5187	-102.5187	-73.3012	0.7150	71.6202	0.6991	1.4e-04	10.4232
5470	-102.5521	-102.5521	-73.2532	0.7143	71.6808	0.6998	1.4e-04	10.4095
5471	-102.5423	-102.5423	-73.7355	0.7191	71.1495	0.6946	1.4e-04	10.4169
5472	-102.5189	-102.5189	-72.9108	0.7112	72.0089	0.7030	1.4e-04	10.4149
5473	-102.5140	-102.5140	-72.7912	0.7101	72.0884	0.7039	1.4e-04	10.4170
5474	-102.5360	-102.5360	-73.2035	0.7139	71.7290	0.7002	1.4e-04	10.4253
5475	-102.5248	-102.5248	-72.9639	0.7117	71.9503	0.7025	1.4e-04	10.4282
5476	-102.5719	-102.5719	-73.5470	0.7170	71.3958	0.6969	1.4e-04	10.4175
5477	-102.5315	-102.5315	-73.7131	0.7189	71.1778	0.6951	1.4e-04	10.4148
5478	-102.5678	-102.5678	-73.6875	0.7184	71.2488	0.6955	1.4e-04	10.4106
5479	-102.5620	-102.5620	-73.1251	0.7130	71.7838	0.7007	1.4e-04	10.4231
5480	-102.5250	-102.5250	-73.9999	0.7218	70.8799	0.6921	1.4e-04	10.4290
5481	-102.5393	-102.5393	-72.8457	0.7104	72.0848	0.7037	1.4e-04	10.4260
5482	-102.6127	-102.6127	-73.2321	0.7137	71.7547	0.7003	1.4e-04	10.4118
5483	-102.5316	-102.5316	-72.6614	0.7087	72.2643	0.7054	1.4e-04	10.4160
5484	-102.5659	-102.5659	-72.7710	0.7095	72.1633	0.7042	1.4e-04	10.4148
5485	-102.5167	-102.5167	-72.2493	0.7048	72.6467	0.7093	1.4e-04	10.4198
5486	-102.5684	-102.5684	-72.7339	0.7091	72.2285	0.7051	1.4e-04	10.4285
5487	-102.5004	-102.5004	-72.9882	0.7121	71.8873	0.7021	1.4e-04	10.4283
5488	-102.5520	-102.5520	-73.4121	0.7159	71.5065	0.6981	1.4e-04	10.4147
5489	-102.5198	-102.5198	-72.7743	0.7099	72.1210	0.7041	1.4e-04	10.4193
5490	-102.5793	-102.5793	-72.7037	0.7088	72.2794	0.7055	1.4e-04	10.4136
5491	-102.5240	-102.5240	-72.4905	0.7071	72.4208	0.7071	1.4e-04	10.4245
5492	-102.5589	-102.5589	-72.8701	0.7105	72.0890	0.7037	1.4e-04	10.4313
5493	-102.5499	-102.5499	-73.2170	0.7140	71.7052	0.7000	1.4e-04	10.4263
5494	-102.5602	-102.5602	-72.2061	0.7040	72.7587	0.7101	1.4e-04	10.4122
5495	-102.5154	-102.5154	-72.6703	0.7089	72.2570	0.7053	1.4e-04	10.4153
5496	-102.5566	-102.5566	-72.4397	0.7063	72.5098	0.7076	1.4e-04	10.4135
5497	-102.5502	-102.5502	-72.6302	0.7082	72.3339	0.7059	1.4e-04	10.4182
5498	-102.5544	-102.5544	-72.8106	0.7100	72.1300	0.7042	1.4e-04	10.4435
5499	-102.5603	-102.5603	-73.1574	0.7133	71.7812	0.7008	1.4e-04	10.4268
5500	-102.5417	-102.5417	-73.2104	0.7140	71.7072	0.7001	1.4e-04	10.4112
5501	-102.5571	-102.5571	-72.8105	0.7100	72.1251	0.7041	1.4e-04	10.4179
5502	-102.5214	-102.5214	-72.3356	0.7056	72.5634	0.7086	1.4e-04	10.4125
5503	-102.5626	-102.5626	-72.4811	0.7067	72.4767	0.7075	1.4e-04	10.4177
5504	-102.5804	-102.5804	-71.3924	0.6960	73.5555	0.7180	1.4e-04	10.4250
5505	-102.5555	-102.5555	-72.4051	0.7060	72.5325	0.7082	1.4e-04	10.4294
5506	-102.5496	-102.5496	-72.5620	0.7076	72.3814	0.7066	1.4e-04	10.4120
5507	-102.5472	-102.5472	-71.2763	0.6951	73.6379	0.7188	1.4e-04	10.4159
5508	-102.5228	-102.5228	-72.7880	0.7100	72.1014	0.7041	1.4e-04	10.4102
5509	-102.5508	-102.5508	-72.2355	0.7044	72.7017	0.7097	1.4e-04	10.4194
5510	-102.5149	-102.5149	-72.3088	0.7053	72.5862	0.7087	1.4e-04	10.4187
5511	-102.5438	-102.5438	-72.6555	0.7085	72.2807	0.7057	1.4e-04	10.4219
5512	-102.5670	-102.5670	-72.1144	0.7031	72.8665	0.7111	1.4e-04	10.4154
5513	-102.5275	-102.5275	-71.5413	0.6978	73.3469	0.7160	1.4e-04	10.4171
5514	-102.5540	-102.5540	-72.1476	0.7035	72.8189	0.7106	1.4e-04	10.4146
5515	-102.5858	-102.5858	-71.6904	0.6988	73.3050	0.7153	1.4e-04	10.4227
5516	-102.5079	-102.5079	-72.9421	0.7116	71.9592	0.7026	1.4e-04	10.4262
5517	-102.5233	-102.5233	-72.3844	0.7060	72.5225	0.7082	1.4e-04	10.4100
5518	-102.5622	-102.5622	-72.3988	0.7059	72.5305	0.7081	1.4e-04	10.4122
5519	-102.5295	-102.5295	-72.3408	0.7056	72.5629	0.7084	1.4e-04	10.4156
5520	-102.5653	-102.5653	-73.3273	0.7149	71.6214	0.6990	1.4e-04	10.4133
5521	-102.5663	-102.5663	-72.3997	0.7059	72.5819	0.7083	1.4e-04	10.4178
5522	-102.5245	-102.5245	-72.8140	0.7102	72.1153	0.7040	1.4e-04	10.4301
5523	-102.5549	-102.5549	-72.2756	0.7048	72.6709	0.7095	1.4e-04	10.4269
5524	-102.5554	-102.5554	-71.8364	0.7005	73.1032	0.7136	1.4e-04	10.4135
5525	-102.5381	-102.5381	-72.6622	0.7086	72.2895	0.7056	1.4e-04	10.4112
5526	-102.5722	-102.5722	-72.9366	0.7111	72.0475	0.7031	1.4e-04	10.4116
5527	-102.5474	-102.5474	-71.8016	0.7002	73.1216	0.7139	1.4e-04	10.4191
5528	-102.5488	-102.5488	-71.9173	0.7013	73.0162	0.7127	1.4e-04	10.4032
5529	-102.5441	-102.5441	-72.4910	0.7069	72.4652	0.7073	1.4e-04	10.4296
5530	-102.5188	-102.5188	-72.0009	0.7023	72.8910	0.7117	1.4e-04	10.4147
5531	-102.5043	-102.5043	-73.1731	0.7139	71.7112	0.7001	1.4e-04	10.4167
5532	-102.5464	-102.5464	-72.8835	0.7107	72.0594	0.7034	1.4e-04	10.4137
5533	-102.5520	-102.5520	-71.5529	0.6977	73.3938	0.7164	1.4e-04	10.4218
5534	-102.5368	-102.5368	-71.8046	0.7003	73.1489	0.7138	1.4e-04	10.4166
5535	-102.5317	-102.5318	-71.1505	0.6939	73.7444	0.7200	1.4e-04	10.4234
5536	-102.5453	-102.5453	-71.7126	0.6993	73.2241	0.7148	1.4e-04	10.4155
5537	-102.5761	-102.5761	-71.6111	0.6981	73.3606	0.7160	1.4e-04	10.4136
5538	-102.5920	-102.5920	-72.5808	0.7075	72.4062	0.7067	1.4e-04	10.4144
5539	-102.5338	-102.5338	-72.3698	0.7058	72.5518	0.7084	1.4e-04	10.4172
5540	-102.5467	-102.5467	-71.8000	0.7002	73.1097	0.7140	1.4e-04	10.4230
5541	-102.5731	-102.5731	-72.1989	0.7039	72.7627	0.7103	1.4e-04	10.4334
5542	-102.4710	-102.4710	-71.6618	0.6993	73.1872	0.7147	1.4e-04	10.4146
5543	-102.5333	-102.5333	-72.2713	0.7049	72.6709	0.7093	1.4e-04	10.4158
5544	-102.5635	-102.5635	-72.4901	0.7068	72.4844	0.7074	1.4e-04	10.4172
5545	-102.4858	-102.4858	-71.9666	0.7022	72.9115	0.7119	1.4e-04	10.4192
5546	-102.5287	-102.5287	-72.0717	0.7029	72.8638	0.7112	1.4e-04	10.4430
5547	-102.5500	-102.5501	-71.0345	0.6927	73.8853	0.7212	1.4e-04	10.4169
5548	-102.4912	-102.4912	-71.7210	0.6998	73.1349	0.7141	1.4e-04	10.4134
5549	-102.5955	-102.5956	-71.6104	0.6980	73.3671	0.7161	1.4e-04	10.4151
5550	-102.5598	-102.5598	-71.6667	0.6988	73.2935	0.7153	1.4e-04	10.4121
5551	-102.5147	-102.5147	-72.7166	0.7093	72.1954	0.7049	1.4e-04	10.4167
5552	-102.5224	-102.5224	-71.6135	0.6985	73.2892	0.7154	1.4e-04	10.4253
5553	-102.5359	-102.5359	-71.7556	0.6998	73.1701	0.7142	1.4e-04	10.4291
5554	-102.5499	-102.5499	-72.0697	0.7028	72.8615	0.7114	1.4e-04	10.4138
5555	-102.5677	-102.5677	-72.2204	0.7041	72.7698	0.7101	1.4e-04	10.4132
5556	-102.5346	-102.5346	-71.8381	0.7006	73.0979	0.7135	1.4e-04	10.4054
5557	-102.4981	-102.4981	-72.5195	0.7075	72.3451	0.7065	1.4e-04	10.4221
5558	-102.5552	-102.5552	-71.7910	0.7000	73.1615	0.7141	1.4e-04	10.4242
5559	-102.5269	-102.5269	-71.9139	0.7014	73.0053	0.7127	1.4e-04	10.4266
5560	-102.5954	-102.5954	-71.9633	0.7014	73.0231	0.7126	1.4e-04	10.4146
5561	-102.5623	-102.5623	-72.0598	0.7026	72.9072	0.7116	1.4e-04	10.4176
5562	-102.5509	-102.5509	-71.5542	0.6977	73.3641	0.7163	1.4e-04	10.4134
5563	-102.5384	-102.5384	-71.9793	0.7020	72.9476	0.7121	1.4e-04	10.4220
5564	-102.5352	-102.5352	-71.3388	0.6957	73.5538	0.7182	1.4e-04	10.4281
5565	-102.5028	-102.5028	-72.0424	0.7028	72.8361	0.7112	1.4e-04	10.4294
5566	-102.4867	-102.4867	-71.9384	0.7019	72.9218	0.7121	1.4e-04	10.4154
5567	-102.5454	-102.5455	-71.0951	0.6933	73.8472	0.7206	1.4e-04	10.4158
5568	-102.5448	-102.5449	-70.8287	0.6907	74.0248	0.7228	1.4e-04	10.4155
5569	-102.5433	-102.5437	-69.8247	0.6809	75.0252	0.7323	1.4e-04	10.4195
5570	-102.5365	-102.5365	-72.1442	0.7036	72.7835	0.7105	1.4e-04	10.4300
5571	-102.5342	-102.5344	-70.5357	0.6879	74.3297	0.7256	1.4e-04	10.4292
5572	-102.5375	-102.5375	-70.9183	0.6916	73.9844	0.7222	1.4e-04	10.4145
5573	-102.5797	-102.5797	-71.2709	0.6948	73.6847	0.7192	1.4e-04	10.4176
5574	-102.5350	-102.5352	-70.5995	0.6885	74.2797	0.7251	1.4e-04	10.4133
5575	-102.5276	-102.5276	-70.7946	0.6905	74.0962	0.7233	1.4e-04	10.4185
5576	-102.5351	-102.5352	-70.5974	0.6885	74.2804	0.7252	1.4e-04	10.4417
5577	-102.5630	-102.5631	-71.0233	0.6925	73.9024	0.7214	1.4e-04	10.4320
5578	-102.5254	-102.5254	-71.2456	0.6949	73.6765	0.7191	1.4e-04	10.4105
5579	-102.5272	-102.5272	-71.6400	0.6987	73.2617	0.7153	1.4e-04	10.4126
5580	-102.5617	-102.5617	-71.2712	0.6949	73.6583	0.7191	1.4e-04	10.4118
5581	-102.5783	-102.5784	-70.9551	0.6917	74.0022	0.7222	1.4e-04	10.4188
5582	-102.5570	-102.5570	-71.4469	0.6967	73.4917	0.7174	1.4e-04	10.4432
5583	-102.5380	-102.5380	-71.2630	0.6950	73.6729	0.7190	1.4e-04	10.4311
5584	-102.5128	-102.5130	-70.2428	0.6852	74.5816	0.7282	1.4e-04	10.4162
5585	-102.5829	-102.5830	-71.2895	0.6949	73.6543	0.7191	1.4e-04	10.4142
5586	-102.5343	-102.5343	-71.1420	0.6938	73.7541	0.7201	1.4e-04	10.4157
5587	-102.5839	-102.5841	-70.3254	0.6855	74.5981	0.7280	1.4e-04	10.4207
5588	-102.5305	-102.5306	-71.2424	0.6948	73.6694	0.7192	1.4e-04	10.4267
5589	-102.5616	-102.5617	-70.4905	0.6873	74.4206	0.7264	1.4e-04	10.4333
5590	-102.5184	-102.5186	-70.1927	0.6847	74.6311	0.7286	1.4e-04	10.4158
5591	-102.5528	-102.5528	-71.0630	0.6929	73.8463	0.7210	1.4e-04	10.4158
5592	-102.5272	-102.5273	-70.8634	0.6912	74.0139	0.7227	1.4e-04	10.4158
5593	-102.5528	-102.5531	-70.1421	0.6840	74.6962	0.7291	1.4e-04	10.4226
5594	-102.5363	-102.5365	-70.4840	0.6874	74.4050	0.7263	1.4e-04	10.4422
5595	-102.5894	-102.5894	-71.2203	0.6942	73.7461	0.7197	1.4e-04	10.4265
5596	-102.5021	-102.5024	-70.0159	0.6831	74.7812	0.7302	1.4e-04	10.4178
5597	-102.5163	-102.5163	-71.3593	0.6961	73.5029	0.7178	1.4e-04	10.4175
5598	-102.5742	-102.5743	-70.5834	0.6881	74.3278	0.7255	1.4e-04	10.4115
5599	-102.5409	-102.5410	-71.0808	0.6932	73.8229	0.7207	1.4e-04	10.4205
5600	-102.4944	-102.4944	-71.7165	0.6997	73.1523	0.7144	1.4e-04	10.4403
5601	-102.5763	-102.5763	-71.1530	0.6937	73.8014	0.7203	1.4e-04	10.4204
5602	-102.5283	-102.5285	-70.4258	0.6869	74.4398	0.7268	1.4e-04	10.4167
5603	-102.5463	-102.5464	-70.6231	0.6887	74.2368	0.7246	1.4e-04	10.4124
5604	-102.5370	-102.5370	-71.3143	0.6955	73.5741	0.7185	1.4e-04	10.4163
5605	-102.5214	-102.5215	-71.0971	0.6935	73.7823	0.7205	1.4e-04	10.4186
5606	-102.5272	-102.5273	-70.4957	0.6876	74.3717	0.7260	1.4e-04	10.4415
5607	-102.5470	-102.5471	-70.6484	0.6889	74.2136	0.7245	1.4e-04	10.4289
5608	-102.5570	-102.5573	-70.1415	0.6839	74.7189	0.7295	1.4e-04	10.4173
5609	-102.5966	-102.5967	-71.1338	0.6933	73.8302	0.7206	1.4e-04	10.4163
5610	-102.5692	-102.5693	-71.0491	0.6927	73.8946	0.7212	1.4e-04	10.4164
5611	-102.5402	-102.5403	-70.6736	0.6892	74.2254	0.7245	1.4e-04	10.4189
5612	-102.5492	-102.5492	-71.0998	0.6933	73.8199	0.7206	1.4e-04	10.4474
5613	-102.5681	-102.5682	-71.0201	0.6924	73.9181	0.7215	1.4e-04	10.4226
5614	-102.5493	-102.5493	-72.0036	0.7021	72.9261	0.7120	1.4e-04	10.4136
5615	-102.5644	-102.5644	-71.7624	0.6997	73.1945	0.7144	1.4e-04	10.4157
5616	-102.5634	-102.5634	-71.5102	0.6972	73.4229	0.7168	1.4e-04	10.4155
5617	-102.5545	-102.5545	-71.5617	0.6978	73.3762	0.7163	1.4e-04	10.4211
5618	-102.5256	-102.5256	-71.7898	0.7002	73.0958	0.7138	1.4e-04	10.4423
5619	-102.5726	-102.5726	-72.3572	0.7054	72.6278	0.7088	1.4e-04	10.4313
5620	-102.5542	-102.5542	-71.5766	0.6979	73.3405	0.7162	1.4e-04	10.4180
5621	-102.5402	-102.5402	-71.2305	0.6947	73.6717	0.7192	1.4e-04	10.4156
5622	-102.5426	-102.5427	-71.0609	0.6930	73.8320	0.7209	1.4e-04	10.4112
5623	-102.5021	-102.5021	-71.8702	0.7012	73.0171	0.7130	1.4e-04	10.4198
5624	-102.5445	-102.5445	-72.1457	0.7036	72.7860	0.7106	1.4e-04	10.4403
5625	-102.5621	-102.5622	-71.1753	0.6940	73.7664	0.7200	1.4e-04	10.4298
5626	-102.5485	-102.5485	-72.3536	0.7056	72.5909	0.7087	1.4e-04	10.4126
5627	-102.5705	-102.5705	-71.6637	0.6987	73.3043	0.7154	1.4e-04	10.4145
5628	-102.5087	-102.5087	-72.3577	0.7059	72.5333	0.7083	1.4e-04	10.4129
5629	-102.5346	-102.5346	-72.1470	0.7036	72.7702	0.7103	1.4e-04	10.4180
5630	-102.5366	-102.5366	-71.8293	0.7005	73.0802	0.7136	1.4e-04	10.4385
5631	-102.5427	-102.5427	-71.3321	0.6956	73.5848	0.7183	1.4e-04	10.4286
5632	-102.5808	-102.5808	-71.1476	0.6936	73.7984	0.7203	1.4e-04	10.4165
5633	-102.5286	-102.5286	-71.7669	0.7000	73.1562	0.7142	1.4e-04	10.4151
5634	-102.5330	-102.5330	-71.1094	0.6935	73.7940	0.7204	1.4e-04	10.4123
5635	-102.5330	-102.5330	-72.0169	0.7024	72.9097	0.7118	1.4e-04	10.4193
5636	-102.5101	-102.5101	-71.7673	0.7001	73.1344	0.7140	1.4e-04	10.4197
5637	-102.5412	-102.5412	-71.4113	0.6964	73.4799	0.7175	1.4e-04	10.4299
5638	-102.5437	-102.5437	-72.7941	0.7099	72.1264	0.7042	1.4e-04	10.4130
5639	-102.5691	-102.5691	-72.3482	0.7054	72.6403	0.7088	1.4e-04	10.4158
5640	-102.5484	-102.5484	-72.4389	0.7064	72.4904	0.7077	1.4e-04	10.4145
5641	-102.5743	-102.5743	-72.2034	0.7039	72.7429	0.7100	1.4e-04	10.4172
5642	-102.5247	-102.5247	-71.5286	0.6977	73.3843	0.7164	1.4e-04	10.4183
5643	-102.5427	-102.5427	-70.9767	0.6922	73.8927	0.7215	1.4e-04	10.4298
5644	-102.5538	-102.5538	-71.3685	0.6959	73.5434	0.7181	1.4e-04	10.4155
5645	-102.5518	-102.5518	-72.3372	0.7054	72.6205	0.7088	1.4e-04	10.4150
5646	-102.5431	-102.5431	-71.9861	0.7020	72.9422	0.7122	1.4e-04	10.4111
5647	-102.5299	-102.5299	-71.0710	0.6932	73.8168	0.7208	1.4e-04	10.4172
5648	-102.5678	-102.5678	-71.2654	0.6948	73.6828	0.7191	1.4e-04	10.4199
5649	-102.5636	-102.5636	-72.0559	0.7025	72.8831	0.7116	1.4e-04	10.4326
5650	-102.5330	-102.5331	-71.0137	0.6926	73.8745	0.7213	1.4e-04	10.4135
5651	-102.5143	-102.5143	-72.2738	0.7050	72.6395	0.7092	1.4e-04	10.4167
5652	-102.5457	-102.5458	-71.0007	0.6924	73.9220	0.7215	1.4e-04	10.4177
5653	-102.5654	-102.5654	-71.2858	0.6950	73.6259	0.7188	1.4e-04	10.4162
5654	-102.5481	-102.5481	-71.4246	0.6965	73.4995	0.7175	1.4e-04	10.4218
5655	-102.5861	-102.5861	-71.3430	0.6954	73.6348	0.7185	1.4e-04	10.4326
5656	-102.5366	-102.5367	-70.8360	0.6908	74.0563	0.7229	1.4e-04	10.4173
5657	-102.5782	-102.5782	-71.8871	0.7008	73.0828	0.7134	1.4e-04	10.4159
5658	-102.5439	-102.5439	-72.1437	0.7035	72.7601	0.7105	1.4e-04	10.4112
5659	-102.5134	-102.5134	-72.2301	0.7046	72.6886	0.7096	1.4e-04	10.4184
5660	-102.5310	-102.5310	-72.2798	0.7050	72.6474	0.7092	1.4e-04	10.4216
5661	-102.5162	-102.5162	-72.3915	0.7061	72.5243	0.7080	1.4e-04	10.4346
5662	-102.5409	-102.5409	-72.3556	0.7056	72.5686	0.7086	1.4e-04	10.4147
5663	-102.5506	-102.5506	-71.8223	0.7004	73.0886	0.7138	1.4e-04	10.4173
5664	-102.5619	-102.5619	-72.4802	0.7067	72.4750	0.7075	1.4e-04	10.4143
5665	-102.5165	-102.5165	-71.6438	0.6989	73.2304	0.7153	1.4e-04	10.4189
5666	-102.5666	-102.5666	-71.9834	0.7018	72.9831	0.7123	1.4e-04	10.4244
5667	-102.5517	-102.5517	-72.3258	0.7053	72.6018	0.7089	1.4e-04	10.4286
5668	-102.5605	-102.5605	-71.5047	0.6972	73.4289	0.7169	1.4e-04	10.4148
5669	-102.5722	-102.5722	-71.5822	0.6979	73.3902	0.7162	1.4e-04	10.4144
5670	-102.5273	-102.5273	-71.6890	0.6992	73.2105	0.7149	1.4e-04	10.4095
5671	-102.5630	-102.5630	-72.6233	0.7081	72.3263	0.7061	1.4e-04	10.4198
5672	-102.5845	-102.5845	-72.2044	0.7039	72.7764	0.7102	1.4e-04	10.4394
5673	-102.5508	-102.5508	-72.4390	0.7064	72.4898	0.7077	1.4e-04	10.4321
5674	-102.5432	-102.5432	-72.2177	0.7043	72.7029	0.7099	1.4e-04	10.4156
5675	-102.5340	-102.5340	-72.3669	0.7058	72.5007	0.7078	1.4e-04	10.4161
5676	-102.5359	-102.5359	-71.3605	0.6960	73.5512	0.7181	1.4e-04	10.4189
5677	-102.5651	-102.5651	-72.1894	0.7038	72.7625	0.7104	1.4e-04	10.4191
5678	-102.5368	-102.5368	-72.1164	0.7033	72.7989	0.7107	1.4e-04	10.4219
5679	-102.5540	-102.5541	-71.2452	0.6947	73.6711	0.7191	1.4e-04	10.4300
5680	-102.5449	-102.5449	-72.2968	0.7050	72.6073	0.7091	1.4e-04	10.4136
5681	-102.5152	-102.5152	-71.8341	0.7007	73.0688	0.7134	1.4e-04	10.4149
5682	-102.5509	-102.5509	-71.5211	0.6974	73.3857	0.7166	1.4e-04	10.4169
5683	-102.5743	-102.5745	-70.2913	0.6853	74.6129	0.7283	1.4e-04	10.4209
5684	-102.5431	-102.5433	-70.6149	0.6886	74.2820	0.7251	1.4e-04	10.4389
5685	-102.5914	-102.5914	-71.7742	0.6996	73.2309	0.7145	1.4e-04	10.4347
5686	-102.4770	-102.4770	-71.6880	0.6996	73.1607	0.7146	1.4e-04	10.4177
5687	-102.5414	-102.5414	-71.3606	0.6959	73.5537	0.7181	1.4e-04	10.4139
5688	-102.5325	-102.5325	-71.8398	0.7007	73.0788	0.7134	1.4e-04	10.4146
5689	-102.5605	-102.5605	-71.7800	0.6999	73.1596	0.7142	1.4e-04	10.4162
5690	-102.5627	-102.5627	-71.8702	0.7007	73.0906	0.7134	1.4e-04	10.4384
5691	-102.5358	-102.5358	-71.6565	0.6988	73.2628	0.7153	1.4e-04	10.4311
5692	-102.5021	-102.5021	-71.4762	0.6973	73.3984	0.7168	1.4e-04	10.4150
5693	-102.5364	-102.5365	-70.6173	0.6887	74.2413	0.7250	1.4e-04	10.4129
5694	-102.5634	-102.5634	-71.7309	0.6994	73.2067	0.7147	1.4e-04	10.4127
5695	-102.5484	-102.5485	-71.3684	0.6959	73.5341	0.7179	1.4e-04	10.4201
5696	-102.5854	-102.5854	-71.7445	0.6994	73.2505	0.7147	1.4e-04	10.4203
5697	-102.5263	-102.5263	-71.4314	0.6967	73.4854	0.7173	1.4e-04	10.4358
5698	-102.5234	-102.5234	-73.0925	0.7129	71.8022	0.7009	1.4e-04	10.4144
5699	-102.5119	-102.5119	-71.8375	0.7008	73.0765	0.7134	1.4e-04	10.4156
5700	-102.5592	-102.5592	-71.6718	0.6988	73.2377	0.7151	1.4e-04	10.4172
5701	-102.5454	-102.5454	-71.6726	0.6989	73.2279	0.7150	1.4e-04	10.4136
5702	-102.5117	-102.5117	-71.4978	0.6975	73.4022	0.7166	1.4e-04	10.4362
5703	-102.5461	-102.5461	-71.5591	0.6978	73.3717	0.7163	1.4e-04	10.4177
5704	-102.5463	-102.5463	-71.2216	0.6945	73.7245	0.7195	1.4e-04	10.4192
5705	-102.5431	-102.5432	-70.7021	0.6895	74.1808	0.7243	1.4e-04	10.4146
5706	-102.5737	-102.5737	-71.2659	0.6948	73.7046	0.7192	1.4e-04	10.4137
5707	-102.5362	-102.5364	-70.5729	0.6883	74.2934	0.7252	1.4e-04	10.4165
5708	-102.5228	-102.5229	-70.9057	0.6916	73.9609	0.7221	1.4e-04	10.4178
5709	-102.5298	-102.5299	-71.2879	0.6953	73.6056	0.7187	1.4e-04	10.4318
5710	-102.5180	-102.5180	-71.3784	0.6963	73.5011	0.7176	1.4e-04	10.4139
5711	-102.5746	-102.5747	-71.2197	0.6943	73.7153	0.7197	1.4e-04	10.4130
5712	-102.5562	-102.5563	-71.3227	0.6954	73.6161	0.7186	1.4e-04	10.4178
5713	-102.5188	-102.5188	-71.3454	0.6959	73.5168	0.7180	1.4e-04	10.4171
5714	-102.5571	-102.5572	-70.9311	0.6916	73.9773	0.7222	1.4e-04	10.4327
5715	-102.5221	-102.5222	-70.7411	0.6900	74.1402	0.7237	1.4e-04	10.4323
5716	-102.5761	-102.5761	-71.0773	0.6929	73.8610	0.7210	1.4e-04	10.4178
5717	-102.5532	-102.5532	-72.2498	0.7045	72.6965	0.7096	1.4e-04	10.4108
5718	-102.5447	-102.5448	-71.0100	0.6925	73.8827	0.7214	1.4e-04	10.4136
5719	-102.5457	-102.5457	-71.5666	0.6979	73.3673	0.7162	1.4e-04	10.4187
5720	-102.5285	-102.5286	-71.5253	0.6976	73.3675	0.7165	1.4e-04	10.4388
5721	-102.5469	-102.5470	-71.3623	0.6959	73.5664	0.7181	1.4e-04	10.4309
5722	-102.5314	-102.5316	-70.5682	0.6883	74.2919	0.7254	1.4e-04	10.4154
5723	-102.5330	-102.5330	-72.6673	0.7087	72.2683	0.7055	1.4e-04	10.4141
5724	-102.4761	-102.4761	-71.3954	0.6967	73.4395	0.7173	1.4e-04	10.4145
5725	-102.5333	-102.5333	-71.4793	0.6971	73.4178	0.7169	1.4e-04	10.4159
5726	-102.5517	-102.5517	-72.7863	0.7098	72.1548	0.7044	1.4e-04	10.4389
5727	-102.5765	-102.5766	-71.2089	0.6942	73.7141	0.7197	1.4e-04	10.4358
5728	-102.5722	-102.5722	-71.1194	0.6934	73.8135	0.7205	1.4e-04	10.4189
5729	-102.5439	-102.5439	-71.4846	0.6971	73.4316	0.7169	1.4e-04	10.4167
5730	-102.5592	-102.5592	-71.2174	0.6944	73.6881	0.7196	1.4e-04	10.4131
5731	-102.5270	-102.5270	-71.7991	0.7003	73.1288	0.7139	1.4e-04	10.4148
5732	-102.5974	-102.5974	-71.1033	0.6930	73.8658	0.7209	1.4e-04	10.4355
5733	-102.5482	-102.5482	-71.3524	0.6958	73.5710	0.7182	1.4e-04	10.4344
5734	-102.5847	-102.5848	-70.6478	0.6887	74.2821	0.7251	1.4e-04	10.4150
5735	-102.5551	-102.5551	-71.3842	0.6961	73.5364	0.7180	1.4e-04	10.4171
5736	-102.5576	-102.5577	-71.0418	0.6927	73.8800	0.7212	1.4e-04	10.4147
5737	-102.5493	-102.5494	-71.2923	0.6952	73.5807	0.7183	1.4e-04	10.4161
5738	-102.5550	-102.5550	-72.5279	0.7072	72.4299	0.7069	1.4e-04	10.4388
5739	-102.5181	-102.5182	-70.8922	0.6915	73.9700	0.7224	1.4e-04	10.4244
5740	-102.5600	-102.5601	-70.5176	0.6876	74.3842	0.7261	1.4e-04	10.4156
5741	-102.5635	-102.5636	-71.1958	0.6942	73.7342	0.7198	1.4e-04	10.4183
5742	-102.5120	-102.5120	-71.1166	0.6937	73.7569	0.7202	1.4e-04	10.4151
5743	-102.5740	-102.5740	-71.6079	0.6981	73.3747	0.7160	1.4e-04	10.4155
5744	-102.5587	-102.5588	-71.1874	0.6941	73.7389	0.7198	1.4e-04	10.4359
5745	-102.5258	-102.5258	-71.0357	0.6929	73.8318	0.7210	1.4e-04	10.4341
5746	-102.5459	-102.5459	-71.6571	0.6988	73.2307	0.7153	1.4e-04	10.4178
5747	-102.5686	-102.5687	-70.5945	0.6883	74.2765	0.7255	1.4e-04	10.4176
5748	-102.5139	-102.5139	-71.1481	0.6940	73.7352	0.7199	1.4e-04	10.4154
5749	-102.5545	-102.5546	-70.8377	0.6907	74.0615	0.7231	1.4e-04	10.4153
5750	-102.5341	-102.5341	-71.7412	0.6997	73.1566	0.7143	1.4e-04	10.4360
5751	-102.5302	-102.5302	-71.5800	0.6981	73.3236	0.7159	1.4e-04	10.4318
5752	-102.5507	-102.5509	-70.3787	0.6863	74.4941	0.7272	1.4e-04	10.4155
5753	-102.5490	-102.5492	-70.4803	0.6873	74.3264	0.7257	1.4e-04	10.4155
5754	-102.5291	-102.5291	-71.8119	0.7004	73.0691	0.7134	1.4e-04	10.4144
5755	-102.5524	-102.5527	-69.9528	0.6821	74.8791	0.7311	1.4e-04	10.4162
5756	-102.5464	-102.5465	-70.5569	0.6880	74.3144	0.7256	1.4e-04	10.4323
5757	-102.5733	-102.5734	-70.6653	0.6889	74.2453	0.7248	1.4e-04	10.4313
5758	-102.5645	-102.5646	-70.8554	0.6908	73.9854	0.7223	1.4e-04	10.4148
5759	-102.5465	-102.5467	-70.3424	0.6860	74.5325	0.7276	1.4e-04	10.4146
5760	-102.5395	-102.5396	-70.5824	0.6883	74.3066	0.7254	1.4e-04	10.4155
5761	-102.5743	-102.5746	-70.2859	0.6852	74.6150	0.7283	1.4e-04	10.4193
5762	-102.5731	-102.5732	-70.8600	0.6908	74.0747	0.7230	1.4e-04	10.4339
5763	-102.5480	-102.5481	-70.8637	0.6910	74.0657	0.7228	1.4e-04	10.4334
5764	-102.5777	-102.5780	-70.0577	0.6830	74.8291	0.7303	1.4e-04	10.4145
5765	-102.5272	-102.5272	-71.0258	0.6928	73.8510	0.7210	1.4e-04	10.4124
5766	-102.5466	-102.5466	-71.4247	0.6965	73.5003	0.7174	1.4e-04	10.4161
5767	-102.5431	-102.5431	-71.5322	0.6976	73.3593	0.7161	1.4e-04	10.4183
5768	-102.5576	-102.5577	-71.1311	0.6936	73.8162	0.7203	1.4e-04	10.4355
5769	-102.5211	-102.5211	-71.6741	0.6991	73.2357	0.7150	1.4e-04	10.4367
5770	-102.5303	-102.5303	-71.7237	0.6995	73.2007	0.7146	1.4e-04	10.4158
5771	-102.5620	-102.5620	-71.1823	0.6940	73.7340	0.7199	1.4e-04	10.4150
5772	-102.5410	-102.5410	-72.4823	0.7069	72.4528	0.7073	1.4e-04	10.4167
5773	-102.5494	-102.5494	-72.6148	0.7081	72.3290	0.7061	1.4e-04	10.4175
5774	-102.5470	-102.5470	-72.1846	0.7039	72.7365	0.7101	1.4e-04	10.4361
5775	-102.5311	-102.5311	-72.4021	0.7061	72.5166	0.7081	1.4e-04	10.4197
5776	-102.5583	-102.5583	-71.2160	0.6944	73.7269	0.7196	1.4e-04	10.4179
5777	-102.5244	-102.5244	-72.1525	0.7038	72.7533	0.7102	1.4e-04	10.4145
5778	-102.5509	-102.5509	-71.8470	0.7006	73.0965	0.7135	1.4e-04	10.4146
5779	-102.5627	-102.5627	-71.2786	0.6950	73.6607	0.7190	1.4e-04	10.4168
5780	-102.5725	-102.5725	-72.0005	0.7019	72.9606	0.7122	1.4e-04	10.4362
5781	-102.5515	-102.5515	-71.3727	0.6960	73.5584	0.7181	1.4e-04	10.4157
5782	-102.5425	-102.5425	-71.9402	0.7016	72.9995	0.7126	1.4e-04	10.4162
5783	-102.5912	-102.5912	-72.3645	0.7054	72.6370	0.7088	1.4e-04	10.4133
5784	-102.5095	-102.5095	-72.3462	0.7058	72.5530	0.7084	1.4e-04	10.4178
5785	-102.5279	-102.5279	-71.5683	0.6980	73.3161	0.7158	1.4e-04	10.4191
5786	-102.5429	-102.5429	-72.2188	0.7043	72.6759	0.7095	1.4e-04	10.4329
5787	-102.5361	-102.5361	-72.3933	0.7060	72.5341	0.7080	1.4e-04	10.4216
5788	-102.5294	-102.5294	-71.6064	0.6984	73.2990	0.7156	1.4e-04	10.4162
5789	-102.5561	-102.5561	-71.9591	0.7017	73.0035	0.7125	1.4e-04	10.4192
5790	-102.5283	-102.5283	-71.8157	0.7004	73.1000	0.7137	1.4e-04	10.4138
5791	-102.5167	-102.5167	-72.3201	0.7054	72.5521	0.7086	1.4e-04	10.4169
5792	-102.5966	-102.5966	-71.9480	0.7013	73.0341	0.7128	1.4e-04	10.4338
5793	-102.5063	-102.5063	-72.1203	0.7036	72.7853	0.7106	1.4e-04	10.4211
5794	-102.5740	-102.5740	-71.9043	0.7010	73.0567	0.7131	1.4e-04	10.4154
5795	-102.5375	-102.5375	-71.0344	0.6928	73.8499	0.7209	1.4e-04	10.4134
5796	-102.5376	-102.5376	-72.2667	0.7048	72.6690	0.7094	1.4e-04	10.4184
5797	-102.5611	-102.5611	-72.2745	0.7047	72.6730	0.7095	1.4e-04	10.4168
5798	-102.5220	-102.5220	-71.6533	0.6989	73.2607	0.7152	1.4e-04	10.4338
5799	-102.5175	-102.5175	-72.0426	0.7027	72.8605	0.7115	1.4e-04	10.4360
5800	-102.5832	-102.5832	-71.8913	0.7008	73.0717	0.7131	1.4e-04	10.4169
5801	-102.5721	-102.5721	-71.7133	0.6992	73.2306	0.7147	1.4e-04	10.4031
5802	-102.5347	-102.5347	-71.4669	0.6970	73.4707	0.7170	1.4e-04	10.4154
5803	-102.5299	-102.5299	-71.2673	0.6951	73.6407	0.7189	1.4e-04	10.4184
5804	-102.5377	-102.5377	-72.3385	0.7055	72.5597	0.7085	1.4e-04	10.4332
5805	-102.5331	-102.5331	-72.2607	0.7048	72.6417	0.7093	1.4e-04	10.4240
5806	-102.5118	-102.5118	-71.8239	0.7006	73.0559	0.7134	1.4e-04	10.4158
5807	-102.5325	-102.5325	-72.3323	0.7055	72.6039	0.7087	1.4e-04	10.4110
5808	-102.5303	-102.5303	-72.2895	0.7051	72.6213	0.7090	1.4e-04	10.4142
5809	-102.5544	-102.5544	-72.2834	0.7048	72.6632	0.7093	1.4e-04	10.4175
5810	-102.5605	-102.5605	-71.5189	0.6973	73.4179	0.7166	1.4e-04	10.4330
5811	-102.5263	-102.5263	-71.4661	0.6971	73.4432	0.7170	1.4e-04	10.4343
5812	-102.5700	-102.5701	-70.9748	0.6920	73.9622	0.7219	1.4e-04	10.4179
5813	-102.5404	-102.5404	-72.0819	0.7030	72.8605	0.7112	1.4e-04	10.4159
5814	-102.5518	-102.5518	-71.8404	0.7005	73.1161	0.7136	1.4e-04	10.4114
5815	-102.5181	-102.5181	-71.7269	0.6997	73.1718	0.7145	1.4e-04	10.4198
5816	-102.5470	-102.5470	-71.9338	0.7015	72.9757	0.7126	1.4e-04	10.4340
5817	-102.5663	-102.5664	-70.7539	0.6898	74.1626	0.7239	1.4e-04	10.4343
5818	-102.5575	-102.5575	-71.2389	0.6946	73.7113	0.7193	1.4e-04	10.4181
5819	-102.5326	-102.5326	-72.0732	0.7029	72.8420	0.7110	1.4e-04	10.4170
5820	-102.5485	-102.5486	-71.4039	0.6963	73.4924	0.7174	1.4e-04	10.4148
5821	-102.5542	-102.5543	-71.1993	0.6943	73.7352	0.7197	1.4e-04	10.4189
5822	-102.5837	-102.5838	-70.6721	0.6889	74.2697	0.7248	1.4e-04	10.4158
5823	-102.5794	-102.5794	-71.2637	0.6947	73.6818	0.7193	1.4e-04	10.4160
5824	-102.5270	-102.5270	-70.9656	0.6922	73.9188	0.7217	1.4e-04	10.4170
5825	-102.5599	-102.5599	-71.0204	0.6925	73.9234	0.7214	1.4e-04	10.4142
5826	-102.5514	-102.5514	-71.9285	0.7014	73.0309	0.7128	1.4e-04	10.4129
5827	-102.5487	-102.5487	-71.4342	0.6966	73.5341	0.7174	1.4e-04	10.4156
5828	-102.5288	-102.5288	-71.6319	0.6987	73.2839	0.7155	1.4e-04	10.4288
5829	-102.5243	-102.5243	-72.0769	0.7030	72.8224	0.7110	1.4e-04	10.4286
5830	-102.5322	-102.5322	-72.2257	0.7044	72.6880	0.7095	1.4e-04	10.4144
5831	-102.5005	-102.5005	-72.6222	0.7085	72.1984	0.7053	1.4e-04	10.4137
5832	-102.5510	-102.5510	-72.7777	0.7097	72.1731	0.7044	1.4e-04	10.4218
5833	-102.5410	-102.5410	-72.9013	0.7109	72.0349	0.7032	1.4e-04	10.4178
5834	-102.5765	-102.5765	-72.4105	0.7059	72.5581	0.7081	1.4e-04	10.4300
5835	-102.5678	-102.5678	-71.7930	0.7000	73.1678	0.7142	1.4e-04	10.4376
5836	-102.5857	-102.5857	-72.6243	0.7079	72.3594	0.7063	1.4e-04	10.4125
5837	-102.5933	-102.5933	-72.3490	0.7052	72.6528	0.7090	1.4e-04	10.4186
5838	-102.5115	-102.5115	-73.3017	0.7151	71.6076	0.6990	1.4e-04	10.4172
5839	-102.5352	-102.5352	-73.1439	0.7134	71.7975	0.7008	1.4e-04	10.4156
5840	-102.5708	-102.5708	-73.2647	0.7143	71.7036	0.6999	1.4e-04	10.4308
5841	-102.5261	-102.5261	-73.3073	0.7150	71.5929	0.6990	1.4e-04	10.4177
5842	-102.5421	-102.5421	-73.3558	0.7154	71.5761	0.6987	1.4e-04	10.4180
5843	-102.5408	-102.5408	-73.8490	0.7202	71.0759	0.6937	1.4e-04	10.4142
5844	-102.5571	-102.5571	-72.9649	0.7115	71.9757	0.7025	1.4e-04	10.4164
5845	-102.5519	-102.5519	-73.2390	0.7142	71.6741	0.6997	1.4e-04	10.4206
5846	-102.5710	-102.5710	-73.1342	0.7130	71.8241	0.7011	1.4e-04	10.4332
5847	-102.5474	-102.5474	-73.4099	0.7159	71.5340	0.6982	1.4e-04	10.3992
5848	-102.5471	-102.5471	-72.3384	0.7054	72.6062	0.7088	1.4e-04	10.4153
5849	-102.5293	-102.5293	-73.3580	0.7155	71.5524	0.6983	1.4e-04	10.4176
5850	-102.5681	-102.5681	-73.3957	0.7156	71.5564	0.6984	1.4e-04	10.4160
5851	-102.5622	-102.5622	-73.4372	0.7160	71.5268	0.6981	1.4e-04	10.4168
5852	-102.5189	-102.5189	-73.1853	0.7139	71.6714	0.7000	1.4e-04	10.4299
5853	-102.5414	-102.5414	-72.3619	0.7057	72.5905	0.7085	1.4e-04	10.4115
5854	-102.5521	-102.5521	-73.3684	0.7154	71.5728	0.6987	1.4e-04	10.4181
5855	-102.5347	-102.5347	-74.2575	0.7242	70.6260	0.6896	1.4e-04	10.4135
5856	-102.5395	-102.5395	-73.0181	0.7121	71.9272	0.7021	1.4e-04	10.4169
5857	-102.5617	-102.5617	-72.9106	0.7109	72.0506	0.7033	1.4e-04	10.4211
5858	-102.5474	-102.5474	-73.2017	0.7138	71.7332	0.7003	1.4e-04	10.4320
5859	-102.5404	-102.5404	-73.3179	0.7150	71.5949	0.6989	1.4e-04	10.4013
5860	-102.4991	-102.4991	-73.0038	0.7122	71.8660	0.7018	1.4e-04	10.4141
5861	-102.5040	-102.5040	-72.6897	0.7091	72.2101	0.7050	1.4e-04	10.4177
5862	-102.5471	-102.5471	-72.3453	0.7055	72.6058	0.7087	1.4e-04	10.4164
5863	-102.5415	-102.5415	-72.6311	0.7083	72.2869	0.7059	1.4e-04	10.4177
5864	-102.5280	-102.5280	-72.3232	0.7054	72.6032	0.7088	1.4e-04	10.4321
5865	-102.5669	-102.5669	-71.9644	0.7016	72.9928	0.7124	1.4e-04	10.4193
5866	-102.5579	-102.5579	-72.5967	0.7079	72.3618	0.7063	1.4e-04	10.4175
5867	-102.5722	-102.5722	-71.6117	0.6982	73.3572	0.7159	1.4e-04	10.4137
5868	-102.5498	-102.5499	-71.1826	0.6941	73.7364	0.7198	1.4e-04	10.4197
5869	-102.5405	-102.5405	-72.6124	0.7081	72.3183	0.7060	1.4e-04	10.4190
5870	-102.5528	-102.5528	-71.8854	0.7010	73.0745	0.7132	1.4e-04	10.4324
5871	-102.5599	-102.5599	-71.8136	0.7002	73.1167	0.7139	1.4e-04	10.4190
5872	-102.5461	-102.5461	-72.5073	0.7071	72.4255	0.7070	1.4e-04	10.4175
5873	-102.5744	-102.5744	-71.8565	0.7005	73.0882	0.7134	1.4e-04	10.4176
5874	-102.5156	-102.5157	-70.8491	0.6911	74.0297	0.7227	1.4e-04	10.4153
5875	-102.5264	-102.5264	-71.5663	0.6980	73.3333	0.7160	1.4e-04	10.4147
5876	-102.5242	-102.5242	-71.2593	0.6950	73.6402	0.7189	1.4e-04	10.4309
5877	-102.5488	-102.5489	-70.8080	0.6905	74.1010	0.7232	1.4e-04	10.4252
5878	-102.5956	-102.5956	-71.0343	0.6924	73.9346	0.7215	1.4e-04	10.4156
5879	-102.5853	-102.5853	-71.6263	0.6982	73.3629	0.7159	1.4e-04	10.4156
5880	-102.5926	-102.5926	-71.6093	0.6980	73.3913	0.7161	1.4e-04	10.4160
5881	-102.5537	-102.5537	-71.6305	0.6985	73.3391	0.7156	1.4e-04	10.4183
5882	-102.5311	-102.5313	-70.4716	0.6873	74.4129	0.7263	1.4e-04	10.4292
5883	-102.5629	-102.5629	-71.8155	0.7002	73.1528	0.7139	1.4e-04	10.4047
5884	-102.5601	-102.5601	-71.7958	0.7000	73.1572	0.7139	1.4e-04	10.4169
5885	-102.5602	-102.5602	-71.6106	0.6982	73.2703	0.7152	1.4e-04	10.4146
5886	-102.5382	-102.5382	-71.7978	0.7002	73.1270	0.7139	1.4e-04	10.4173
5887	-102.5456	-102.5456	-71.3545	0.6958	73.5599	0.7181	1.4e-04	10.4172
5888	-102.5116	-102.5116	-71.6231	0.6987	73.2733	0.7154	1.4e-04	10.4261
5889	-102.5538	-102.5538	-71.9217	0.7013	73.0212	0.7127	1.4e-04	10.4106
5890	-102.4656	-102.4656	-71.6013	0.6988	73.2408	0.7153	1.4e-04	10.4160
5891	-102.5874	-102.5874	-73.1122	0.7127	71.8911	0.7015	1.4e-04	10.4146
5892	-102.6066	-102.6066	-72.9781	0.7112	72.0414	0.7029	1.4e-04	10.4170
5893	-102.5786	-102.5786	-72.7786	0.7095	72.1938	0.7047	1.4e-04	10.4159
5894	-102.5575	-102.5575	-72.6149	0.7080	72.3471	0.7061	1.4e-04	10.4313
5895	-102.5266	-102.5266	-73.3221	0.7152	71.5879	0.6989	1.4e-04	10.4213
5896	-102.5380	-102.5380	-72.2733	0.7048	72.6810	0.7094	1.4e-04	10.4210
5897	-102.5502	-102.5502	-72.0133	0.7022	72.9461	0.7120	1.4e-04	10.4173
5898	-102.5234	-102.5234	-72.9502	0.7115	71.9873	0.7026	1.4e-04	10.4161
5899	-102.5557	-102.5557	-72.4571	0.7065	72.5102	0.7076	1.4e-04	10.4172
5900	-102.5452	-102.5452	-73.3733	0.7155	71.5675	0.6986	1.4e-04	10.4327
5901	-102.5427	-102.5427	-74.6355	0.7278	70.2509	0.6857	1.4e-04	10.4021
5902	-102.5805	-102.5805	-73.9269	0.7207	71.0191	0.6931	1.4e-04	10.4172
5903	-102.5438	-102.5438	-73.0525	0.7124	71.8696	0.7015	1.4e-04	10.4097
5904	-102.5373	-102.5373	-74.3696	0.7253	70.5054	0.6884	1.4e-04	10.4166
5905	-102.5592	-102.5592	-73.3418	0.7151	71.6043	0.6989	1.4e-04	10.4204
5906	-102.5385	-102.5385	-73.5200	0.7170	71.4017	0.6970	1.4e-04	10.4270
5907	-102.5306	-102.5306	-72.8872	0.7109	72.0401	0.7033	1.4e-04	10.4221
5908	-102.5569	-102.5569	-73.8513	0.7201	71.0926	0.6938	1.4e-04	10.4161
5909	-102.5434	-102.5434	-73.4981	0.7168	71.4484	0.6973	1.4e-04	10.4163
5910	-102.5183	-102.5183	-72.6838	0.7090	72.2209	0.7052	1.4e-04	10.4158
5911	-102.5725	-102.5725	-73.2390	0.7140	71.7311	0.7001	1.4e-04	10.4122
5912	-102.5711	-102.5711	-72.9410	0.7111	72.0281	0.7030	1.4e-04	10.4271
5913	-102.5442	-102.5442	-73.1122	0.7130	71.7991	0.7009	1.4e-04	10.4019
5914	-102.5394	-102.5394	-73.3696	0.7155	71.5551	0.6985	1.4e-04	10.4207
5915	-102.5630	-102.5630	-72.6268	0.7081	72.3445	0.7061	1.4e-04	10.4147
5916	-102.5144	-102.5144	-72.9310	0.7114	71.9971	0.7028	1.4e-04	10.4139
5917	-102.5264	-102.5264	-72.5757	0.7079	72.3415	0.7062	1.4e-04	10.4156
5918	-102.5365	-102.5365	-72.4715	0.7068	72.4395	0.7074	1.4e-04	10.4261
5919	-102.5837	-102.5837	-72.9312	0.7109	72.0671	0.7032	1.4e-04	10.4052
5920	-102.5204	-102.5204	-71.3883	0.6963	73.4918	0.7176	1.4e-04	10.4192
5921	-102.5250	-102.5250	-71.6641	0.6990	73.2486	0.7151	1.4e-04	10.4151
5922	-102.5451	-102.5451	-73.0698	0.7126	71.8599	0.7016	1.4e-04	10.4141
5923	-102.5230	-102.5230	-72.2746	0.7050	72.6519	0.7092	1.4e-04	10.4139
5924	-102.5836	-102.5837	-70.8447	0.6906	74.1160	0.7232	1.4e-04	10.4242
5925	-102.5676	-102.5677	-70.8176	0.6904	74.1067	0.7231	1.4e-04	10.4022
5926	-102.4892	-102.4892	-71.6349	0.6990	73.2449	0.7150	1.4e-04	10.4159
5927	-102.5535	-102.5536	-70.5895	0.6883	74.3175	0.7254	1.4e-04	10.4163
5928	-102.5260	-102.5260	-71.4437	0.6968	73.4704	0.7172	1.4e-04	10.4132
5929	-102.5601	-102.5601	-70.9307	0.6916	73.9955	0.7222	1.4e-04	10.4166
5930	-102.5757	-102.5757	-71.8997	0.7009	73.0931	0.7131	1.4e-04	10.4235
5931	-102.5121	-102.5121	-71.8238	0.7006	73.0688	0.7133	1.4e-04	10.4024
5932	-102.5248	-102.5250	-70.2066	0.6848	74.6522	0.7288	1.4e-04	10.4211
5933	-102.5619	-102.5619	-71.4839	0.6970	73.4464	0.7167	1.4e-04	10.4157
5934	-102.5642	-102.5643	-70.7697	0.6900	74.1533	0.7238	1.4e-04	10.4157
5935	-102.5511	-102.5511	-72.1301	0.7034	72.8295	0.7108	1.4e-04	10.4111
5936	-102.5659	-102.5659	-72.1851	0.7038	72.7734	0.7103	1.4e-04	10.4248
5937	-102.5626	-102.5626	-71.5244	0.6974	73.4188	0.7165	1.4e-04	10.4039
5938	-102.5759	-102.5759	-72.0069	0.7020	72.9906	0.7122	1.4e-04	10.4166
5939	-102.5497	-102.5497	-71.7570	0.6997	73.1614	0.7140	1.4e-04	10.4114
5940	-102.5312	-102.5312	-72.8534	0.7105	72.0700	0.7035	1.4e-04	10.4125
5941	-102.5620	-102.5620	-73.2499	0.7142	71.7189	0.6997	1.4e-04	10.4147
5942	-102.5550	-102.5550	-71.4504	0.6967	73.5159	0.7174	1.4e-04	10.4223
5943	-102.5432	-102.5432	-72.4344	0.7064	72.5125	0.7078	1.4e-04	10.4083
5944	-102.5617	-102.5617	-72.1556	0.7035	72.8057	0.7105	1.4e-04	10.4215
5945	-102.5469	-102.5469	-72.4068	0.7061	72.5399	0.7080	1.4e-04	10.4131
5946	-102.5281	-102.5281	-72.4254	0.7064	72.4937	0.7078	1.4e-04	10.4113
5947	-102.5240	-102.5240	-72.7068	0.7092	72.2040	0.7049	1.4e-04	10.4162
5948	-102.5609	-102.5609	-72.3635	0.7056	72.5822	0.7086	1.4e-04	10.4251
5949	-102.5020	-102.5020	-72.5093	0.7074	72.3901	0.7067	1.4e-04	10.3965
5950	-102.5428	-102.5428	-72.8933	0.7109	72.0671	0.7033	1.4e-04	10.4189
5951	-102.5409	-102.5409	-73.5381	0.7172	71.4220	0.6967	1.4e-04	10.4130
5952	-102.5496	-102.5496	-72.9277	0.7111	72.0162	0.7030	1.4e-04	10.4169
5953	-102.5516	-102.5516	-72.0037	0.7021	72.9546	0.7120	1.4e-04	10.4163
5954	-102.5425	-102.5425	-72.5548	0.7076	72.3797	0.7065	1.4e-04	10.4256
5955	-102.5391	-102.5391	-72.8039	0.7100	72.1195	0.7042	1.4e-04	10.3913
5956	-102.4993	-102.4993	-72.8431	0.7107	72.0487	0.7035	1.4e-04	10.4176
5957	-102.5555	-102.5555	-72.6056	0.7080	72.3221	0.7059	1.4e-04	10.4188
5958	-102.5298	-102.5298	-72.6222	0.7083	72.3154	0.7059	1.4e-04	10.4140
5959	-102.5878	-102.5878	-73.1090	0.7126	71.8862	0.7015	1.4e-04	10.4148
5960	-102.5785	-102.5785	-72.4630	0.7064	72.5235	0.7077	1.4e-04	10.4284
5961	-102.5248	-102.5248	-72.8028	0.7101	72.1242	0.7041	1.4e-04	10.4050
5962	-102.5643	-102.5643	-72.3053	0.7050	72.6542	0.7090	1.4e-04	10.4230
5963	-102.5619	-102.5619	-72.4347	0.7063	72.5340	0.7080	1.4e-04	10.4153
5964	-102.5287	-102.5287	-72.4726	0.7069	72.4587	0.7073	1.4e-04	10.4122
5965	-102.5731	-102.5731	-71.4745	0.6968	73.4898	0.7172	1.4e-04	10.4154
5966	-102.5192	-102.5192	-71.8613	0.7010	73.0548	0.7132	1.4e-04	10.4236
5967	-102.5390	-102.5390	-72.0836	0.7030	72.8936	0.7112	1.4e-04	10.4057
5968	-102.5015	-102.5015	-72.2590	0.7050	72.6498	0.7092	1.4e-04	10.4179
5969	-102.5649	-102.5649	-71.9130	0.7011	73.0234	0.7127	1.4e-04	10.4174
5970	-102.5439	-102.5439	-71.7920	0.7001	73.1580	0.7139	1.4e-04	10.4167
5971	-102.5072	-102.5072	-71.3004	0.6956	73.5717	0.7185	1.4e-04	10.4142
5972	-102.5165	-102.5165	-71.5630	0.6981	73.3466	0.7160	1.4e-04	10.4237
5973	-102.5581	-102.5581	-71.7834	0.6999	73.1443	0.7140	1.4e-04	10.4015
5974	-102.5058	-102.5059	-71.2302	0.6949	73.6754	0.7191	1.4e-04	10.4128
5975	-102.5748	-102.5748	-72.1789	0.7037	72.8339	0.7105	1.4e-04	10.4133
5976	-102.5459	-102.5460	-70.7525	0.6900	74.1535	0.7237	1.4e-04	10.4163
5977	-102.5704	-102.5704	-71.0583	0.6928	73.8708	0.7211	1.4e-04	10.4172
5978	-102.5474	-102.5474	-71.8547	0.7007	73.1011	0.7135	1.4e-04	10.4246
5979	-102.5540	-102.5541	-70.9204	0.6915	74.0067	0.7223	1.4e-04	10.3895
5980	-102.6105	-102.6105	-70.9298	0.6913	74.0434	0.7225	1.4e-04	10.4207
5981	-102.5266	-102.5266	-71.3675	0.6961	73.5493	0.7179	1.4e-04	10.4124
5982	-102.5396	-102.5398	-70.3630	0.6862	74.5136	0.7274	1.4e-04	10.4160
5983	-102.4929	-102.4929	-71.0414	0.6931	73.7732	0.7204	1.4e-04	10.4126
5984	-102.5275	-102.5275	-71.3818	0.6962	73.4992	0.7175	1.4e-04	10.4201
5985	-102.4771	-102.4771	-71.5449	0.6982	73.3080	0.7159	1.4e-04	10.3889
5986	-102.5750	-102.5750	-71.4705	0.6968	73.5017	0.7173	1.4e-04	10.4209
5987	-102.6048	-102.6048	-72.0696	0.7024	72.9737	0.7118	1.4e-04	10.4154
5988	-102.5567	-102.5567	-71.3206	0.6954	73.6021	0.7183	1.4e-04	10.4145
5989	-102.5450	-102.5450	-71.3645	0.6959	73.5434	0.7178	1.4e-04	10.4132
5990	-102.5503	-102.5503	-70.9398	0.6918	73.9527	0.7220	1.4e-04	10.4228
5991	-102.5515	-102.5515	-72.9431	0.7113	72.0012	0.7029	1.4e-04	10.4057
5992	-102.5189	-102.5189	-71.4836	0.6973	73.4251	0.7168	1.4e-04	10.4222
5993	-102.5332	-102.5332	-71.2044	0.6945	73.7074	0.7195	1.4e-04	10.4146
5994	-102.5388	-102.5388	-71.5362	0.6976	73.3860	0.7164	1.4e-04	10.4182
5995	-102.5453	-102.5453	-71.4265	0.6965	73.5190	0.7175	1.4e-04	10.4141
5996	-102.5259	-102.5260	-70.4380	0.6870	74.4279	0.7264	1.4e-04	10.4225
5997	-102.5141	-102.5141	-72.0400	0.7027	72.8538	0.7113	1.4e-04	10.3866
5998	-102.5484	-102.5484	-72.0279	0.7024	72.9206	0.7116	1.4e-04	10.4222
5999	-102.5343	-102.5343	-72.5850	0.7079	72.3551	0.7063	1.4e-04	10.4147
6000	-102.5640	-102.5640	-71.8667	0.7007	73.0911	0.7134	1.4e-04	10.4174
6001	-102.5469	-102.5469	-71.4240	0.6965	73.5385	0.7175	1.4e-04	10.4058
6002	-102.5684	-102.5684	-72.3344	0.7052	72.5996	0.7087	1.4e-04	10.4208
6003	-102.5348	-102.5348	-71.7447	0.6997	73.1877	0.7143	1.4e-04	10.3981
6004	-102.5213	-102.5213	-71.3293	0.6958	73.5763	0.7183	1.4e-04	10.4203
6005	-102.5695	-102.5695	-72.5147	0.7070	72.4821	0.7072	1.4e-04	10.4192
6006	-102.5038	-102.5038	-72.7982	0.7102	72.0560	0.7036	1.4e-04	10.4154
6007	-102.5232	-102.5232	-72.0916	0.7032	72.8384	0.7110	1.4e-04	10.4185
6008	-102.5317	-102.5317	-72.0441	0.7027	72.8964	0.7115	1.4e-04	10.4219
6009	-102.4981	-102.4981	-72.2390	0.7048	72.6530	0.7093	1.4e-04	10.3922
6010	-102.5574	-102.5574	-72.3289	0.7053	72.6314	0.7089	1.4e-04	10.4231
6011	-102.5449	-102.5449	-72.6974	0.7089	72.2399	0.7051	1.4e-04	10.4137
6012	-102.5552	-102.5552	-71.7857	0.7000	73.1764	0.7142	1.4e-04	10.4169
6013	-102.5853	-102.5853	-71.7726	0.6996	73.1794	0.7142	1.4e-04	10.4200
6014	-102.5376	-102.5376	-72.7312	0.7093	72.2210	0.7049	1.4e-04	10.4232
6015	-102.4960	-102.4960	-72.3386	0.7058	72.5684	0.7084	1.4e-04	10.3860
6016	-102.5264	-102.5264	-71.8089	0.7004	73.1095	0.7138	1.4e-04	10.4045
6017	-102.5706	-102.5706	-72.9719	0.7114	72.0125	0.7027	1.4e-04	10.4173
6018	-102.5316	-102.5316	-72.4310	0.7064	72.4976	0.7077	1.4e-04	10.4159
6019	-102.5448	-102.5448	-72.6272	0.7082	72.3142	0.7058	1.4e-04	10.4148
6020	-102.5390	-102.5390	-71.9091	0.7013	73.0087	0.7129	1.4e-04	10.4223
6021	-102.5459	-102.5459	-72.6904	0.7089	72.2413	0.7052	1.4e-04	10.3889
6022	-102.5597	-102.5597	-72.9048	0.7109	72.0229	0.7028	1.4e-04	10.4222
6023	-102.5506	-102.5506	-71.9260	0.7014	73.0428	0.7128	1.4e-04	10.4145
6024	-102.5396	-102.5397	-70.6264	0.6888	74.2724	0.7249	1.4e-04	10.4173
6025	-102.5633	-102.5633	-71.6843	0.6989	73.2746	0.7151	1.4e-04	10.4153
6026	-102.5431	-102.5431	-72.3947	0.7060	72.5567	0.7081	1.4e-04	10.4214
6027	-102.5535	-102.5535	-71.9311	0.7014	73.0181	0.7128	1.4e-04	10.4091
6028	-102.5493	-102.5493	-72.0622	0.7027	72.8900	0.7115	1.4e-04	10.4193
6029	-102.5492	-102.5492	-71.7010	0.6992	73.2289	0.7149	1.4e-04	10.4147
6030	-102.5248	-102.5248	-72.0116	0.7024	72.9181	0.7118	1.4e-04	10.4160
6031	-102.5282	-102.5282	-72.1776	0.7040	72.7560	0.7102	1.4e-04	10.4153
6032	-102.5377	-102.5377	-71.4643	0.6970	73.4801	0.7171	1.4e-04	10.4230
6033	-102.5631	-102.5631	-71.6888	0.6990	73.2556	0.7151	1.4e-04	10.4011
6034	-102.5661	-102.5661	-72.1744	0.7037	72.7917	0.7105	1.4e-04	10.4180
6035	-102.5354	-102.5355	-70.7888	0.6904	74.0869	0.7231	1.4e-04	10.4131
6036	-102.5724	-102.5724	-71.9536	0.7015	73.0057	0.7125	1.4e-04	10.4149
6037	-102.5286	-102.5287	-70.9623	0.6921	73.9294	0.7218	1.4e-04	10.4127
6038	-102.5649	-102.5649	-71.3476	0.6956	73.5957	0.7184	1.4e-04	10.4245
6039	-102.5384	-102.5384	-72.1509	0.7036	72.7893	0.7105	1.4e-04	10.3912
6040	-102.5360	-102.5360	-71.3407	0.6958	73.5660	0.7182	1.4e-04	10.4195
6041	-102.5042	-102.5042	-71.5645	0.6982	73.3387	0.7159	1.4e-04	10.4142
6042	-102.5537	-102.5537	-71.6206	0.6984	73.3175	0.7157	1.4e-04	10.4150
6043	-102.5264	-102.5264	-71.3328	0.6958	73.5529	0.7181	1.4e-04	10.4140
6044	-102.5645	-102.5646	-70.7007	0.6893	74.2101	0.7244	1.4e-04	10.4231
6045	-102.6089	-102.6089	-70.9206	0.6912	74.0391	0.7226	1.4e-04	10.3907
6046	-102.5098	-102.5098	-71.8514	0.7009	73.0217	0.7130	1.4e-04	10.4248
6047	-102.5463	-102.5463	-71.1124	0.6935	73.8235	0.7205	1.4e-04	10.4139
6048	-102.5210	-102.5210	-71.1464	0.6940	73.7544	0.7200	1.4e-04	10.4153
6049	-102.5366	-102.5367	-70.6456	0.6890	74.2257	0.7247	1.4e-04	10.4141
6050	-102.5671	-102.5673	-70.4413	0.6868	74.4560	0.7269	1.4e-04	10.4219
6051	-102.5972	-102.5972	-71.7635	0.6995	73.2134	0.7143	1.4e-04	10.3876
6052	-102.5391	-102.5392	-70.8477	0.6909	74.0336	0.7227	1.4e-04	10.4251
6053	-102.5520	-102.5521	-70.7218	0.6896	74.1932	0.7242	1.4e-04	10.4163
6054	-102.5514	-102.5514	-71.0254	0.6926	73.8853	0.7213	1.4e-04	10.4132
6055	-102.4974	-102.4974	-71.5502	0.6981	73.3268	0.7159	1.4e-04	10.4134
6056	-102.5133	-102.5133	-71.9880	0.7022	72.9201	0.7119	1.4e-04	10.4265
6057	-102.5583	-102.5583	-72.2270	0.7043	72.7123	0.7097	1.4e-04	10.3966
6058	-102.5618	-102.5618	-72.4380	0.7063	72.5267	0.7079	1.4e-04	10.4224
6059	-102.5514	-102.5514	-72.1230	0.7033	72.8405	0.7109	1.4e-04	10.4130
6060	-102.6007	-102.6007	-71.5930	0.6978	73.3952	0.7163	1.4e-04	10.4170
6061	-102.5290	-102.5291	-70.9834	0.6923	73.8857	0.7213	1.4e-04	10.4167
6062	-102.5335	-102.5336	-71.4036	0.6964	73.5333	0.7177	1.4e-04	10.4183
6063	-102.5551	-102.5551	-71.8432	0.7005	73.1061	0.7136	1.4e-04	10.3891
6064	-102.5721	-102.5721	-72.2211	0.7041	72.7579	0.7100	1.4e-04	10.4255
6065	-102.5610	-102.5610	-72.6725	0.7086	72.2875	0.7055	1.4e-04	10.4119
6066	-102.4945	-102.4945	-71.4050	0.6967	73.4539	0.7172	1.4e-04	10.4126
6067	-102.5678	-102.5678	-71.4050	0.6962	73.5331	0.7177	1.4e-04	10.4135
6068	-102.5814	-102.5814	-72.2756	0.7046	72.7226	0.7096	1.4e-04	10.4188
6069	-102.5620	-102.5620	-72.7968	0.7098	72.1791	0.7044	1.4e-04	10.3913
6070	-102.5379	-102.5379	-73.2906	0.7148	71.6385	0.6993	1.4e-04	10.4164
6071	-102.5716	-102.5716	-72.5493	0.7073	72.4226	0.7069	1.4e-04	10.4145
6072	-102.5626	-102.5626	-72.2417	0.7044	72.7116	0.7097	1.4e-04	10.4173
6073	-102.5139	-102.5139	-72.5821	0.7080	72.3310	0.7062	1.4e-04	10.4170
6074	-102.5112	-102.5112	-72.7215	0.7094	72.1529	0.7047	1.4e-04	10.4217
6075	-102.5490	-102.5490	-73.3127	0.7149	71.5839	0.6990	1.4e-04	10.4049
6076	-102.5333	-102.5333	-73.2644	0.7145	71.6549	0.6995	1.4e-04	10.4191
6077	-102.5292	-102.5292	-72.6952	0.7090	72.2248	0.7052	1.4e-04	10.4158
6078	-102.5353	-102.5353	-72.7989	0.7100	72.1560	0.7042	1.4e-04	10.4138
6079	-102.5492	-102.5492	-73.6471	0.7182	71.2880	0.6959	1.4e-04	10.4131
6080	-102.6172	-102.6172	-72.6637	0.7081	72.3767	0.7061	1.4e-04	10.4208
6081	-102.5556	-102.5556	-72.4823	0.7068	72.4802	0.7074	1.4e-04	10.3913
6082	-102.5465	-102.5465	-71.8011	0.7002	73.1383	0.7140	1.4e-04	10.4273
6083	-102.5828	-102.5828	-71.7478	0.6994	73.2428	0.7147	1.4e-04	10.4126
6084	-102.5828	-102.5828	-71.5715	0.6977	73.4328	0.7164	1.4e-04	10.4148
6085	-102.5060	-102.5060	-71.8564	0.7010	73.0215	0.7130	1.4e-04	10.4174
6086	-102.5402	-102.5402	-71.6553	0.6988	73.2793	0.7153	1.4e-04	10.4204
6087	-102.5792	-102.5792	-72.3647	0.7055	72.6259	0.7088	1.4e-04	10.3859
6088	-102.5436	-102.5436	-72.5140	0.7072	72.4219	0.7070	1.4e-04	10.4236
6089	-102.5576	-102.5576	-71.8293	0.7004	73.1381	0.7138	1.4e-04	10.4183
6090	-102.5311	-102.5311	-72.0403	0.7026	72.8853	0.7116	1.4e-04	10.4149
6091	-102.5816	-102.5816	-72.0176	0.7021	72.9820	0.7121	1.4e-04	10.4155
6092	-102.6378	-102.6378	-72.2179	0.7036	72.8337	0.7104	1.4e-04	10.4218
6093	-102.5266	-102.5266	-72.2258	0.7045	72.6990	0.7096	1.4e-04	10.4004
6094	-102.5608	-102.5608	-71.5962	0.6981	73.3637	0.7160	1.4e-04	10.4227
6095	-102.5529	-102.5529	-72.6443	0.7084	72.3102	0.7058	1.4e-04	10.4131
6096	-102.5480	-102.5480	-71.7214	0.6994	73.2141	0.7147	1.4e-04	10.4163
6097	-102.5575	-102.5576	-70.6749	0.6891	74.2461	0.7246	1.4e-04	10.4141
6098	-102.5471	-102.5471	-71.7677	0.6999	73.1951	0.7142	1.4e-04	10.4211
6099	-102.5681	-102.5681	-72.6994	0.7088	72.2668	0.7054	1.4e-04	10.3859
6100	-102.5347	-102.5347	-72.0089	0.7023	72.9066	0.7117	1.4e-04	10.4286
6101	-102.5450	-102.5450	-71.9120	0.7013	73.0125	0.7129	1.4e-04	10.4028
6102	-102.5622	-102.5622	-71.6962	0.6991	73.2562	0.7150	1.4e-04	10.4158
6103	-102.5461	-102.5461	-71.9166	0.7013	73.0171	0.7128	1.4e-04	10.4131
6104	-102.5532	-102.5532	-71.8548	0.7007	73.0964	0.7135	1.4e-04	10.4236
6105	-102.5832	-102.5832	-71.8793	0.7007	73.1020	0.7135	1.4e-04	10.3979
6106	-102.5378	-102.5378	-72.0571	0.7027	72.8682	0.7114	1.4e-04	10.4211
6107	-102.5166	-102.5166	-71.8547	0.7009	73.0270	0.7131	1.4e-04	10.4153
6108	-102.5879	-102.5879	-71.4176	0.6962	73.5573	0.7178	1.4e-04	10.4132
6109	-102.5434	-102.5434	-70.9993	0.6924	73.9156	0.7215	1.4e-04	10.4152
6110	-102.5123	-102.5123	-71.5904	0.6984	73.3116	0.7157	1.4e-04	10.4195
6111	-102.5546	-102.5547	-70.9328	0.6917	73.9969	0.7222	1.3e-04	10.3888
6112	-102.5511	-102.5511	-71.8522	0.7006	73.1007	0.7135	1.3e-04	10.3964
6113	-102.5587	-102.5588	-70.6768	0.6891	74.2065	0.7243	1.3e-04	10.4159
6114	-102.5599	-102.5600	-70.8156	0.6905	74.0807	0.7232	1.3e-04	10.4127
6115	-102.5233	-102.5234	-70.9546	0.6921	73.9281	0.7218	1.3e-04	10.4120
6116	-102.5732	-102.5734	-70.5471	0.6878	74.3500	0.7257	1.3e-04	10.4187
6117	-102.5490	-102.5490	-71.3740	0.6960	73.5616	0.7179	1.3e-04	10.3847
6118	-102.5390	-102.5390	-71.4573	0.6969	73.4651	0.7172	1.3e-04	10.4253
6119	-102.5477	-102.5479	-70.5021	0.6875	74.3980	0.7262	1.3e-04	10.4106
6120	-102.5627	-102.5628	-70.7322	0.6896	74.1984	0.7241	1.3e-04	10.4145
6121	-102.5581	-102.5582	-70.9646	0.6919	73.9322	0.7219	1.3e-04	10.4159
6122	-102.5480	-102.5482	-70.1113	0.6837	74.7613	0.7297	1.3e-04	10.4192
6123	-102.5587	-102.5587	-71.6307	0.6984	73.2947	0.7155	1.3e-04	10.3875
6124	-102.5472	-102.5472	-71.3061	0.6953	73.6317	0.7185	1.3e-04	10.4272
6125	-102.5562	-102.5562	-72.0579	0.7026	72.8871	0.7116	1.3e-04	10.4144
6126	-102.5160	-102.5160	-71.1651	0.6942	73.7030	0.7197	1.3e-04	10.4155
6127	-102.5259	-102.5259	-71.0672	0.6932	73.8190	0.7205	1.3e-04	10.4155
6128	-102.5274	-102.5274	-71.5204	0.6976	73.3884	0.7165	1.3e-04	10.4223
6129	-102.5396	-102.5396	-71.6501	0.6988	73.2552	0.7154	1.3e-04	10.3955
6130	-102.5722	-102.5722	-71.3105	0.6952	73.6489	0.7188	1.3e-04	10.4056
6131	-102.5099	-102.5099	-71.8488	0.7009	73.0506	0.7132	1.3e-04	10.4125
6132	-102.5552	-102.5552	-72.2340	0.7043	72.7052	0.7098	1.3e-04	10.4162
6133	-102.5501	-102.5501	-71.2362	0.6946	73.6841	0.7193	1.3e-04	10.4135
6134	-102.5583	-102.5583	-72.1489	0.7035	72.7894	0.7105	1.3e-04	10.4180
6135	-102.5707	-102.5707	-71.6566	0.6986	73.2917	0.7154	1.3e-04	10.4028
6136	-102.5659	-102.5659	-72.0853	0.7028	72.8645	0.7113	1.3e-04	10.4095
6137	-102.5625	-102.5625	-72.2717	0.7047	72.6659	0.7095	1.3e-04	10.4163
6138	-102.5369	-102.5369	-72.2721	0.7048	72.6610	0.7094	1.3e-04	10.4119
6139	-102.5540	-102.5542	-70.2015	0.6845	74.6383	0.7287	1.3e-04	10.4141
6140	-102.5515	-102.5515	-71.2431	0.6947	73.6760	0.7193	1.3e-04	10.4227
6141	-102.5430	-102.5431	-71.1868	0.6942	73.7364	0.7198	1.3e-04	10.4053
6142	-102.6223	-102.6223	-71.6158	0.6979	73.3569	0.7161	1.3e-04	10.4208
6143	-102.5577	-102.5578	-70.4586	0.6870	74.4265	0.7266	1.3e-04	10.4135
6144	-102.5600	-102.5600	-71.4374	0.6965	73.5008	0.7175	1.3e-04	10.4178
6145	-102.5153	-102.5155	-70.2183	0.6850	74.6088	0.7285	1.3e-04	10.4191
6146	-102.5310	-102.5311	-71.3740	0.6961	73.5321	0.7178	1.3e-04	10.4209
6147	-102.5436	-102.5437	-70.6172	0.6887	74.2697	0.7249	1.3e-04	10.3892
6148	-102.4860	-102.4861	-70.8161	0.6910	73.9811	0.7225	1.3e-04	10.4232
6149	-102.5255	-102.5257	-70.2107	0.6848	74.6366	0.7287	1.3e-04	10.4151
6150	-102.5645	-102.5647	-70.4275	0.6867	74.4596	0.7270	1.3e-04	10.4161
6151	-102.5817	-102.5820	-70.1903	0.6842	74.7232	0.7292	1.3e-04	10.4116
6152	-102.5650	-102.5652	-70.4936	0.6873	74.4165	0.7262	1.3e-04	10.4203
6153	-102.5167	-102.5167	-71.2396	0.6949	73.6177	0.7188	1.3e-04	10.3906
6154	-102.5191	-102.5192	-71.1345	0.6939	73.7510	0.7201	1.3e-04	10.4066
6155	-102.5363	-102.5363	-71.4930	0.6972	73.4183	0.7168	1.3e-04	10.4155
6156	-102.5482	-102.5482	-71.0271	0.6926	73.9035	0.7213	1.3e-04	10.4142
6157	-102.4779	-102.4779	-72.0595	0.7032	72.7910	0.7110	1.3e-04	10.4111
6158	-102.5278	-102.5278	-71.7028	0.6993	73.1948	0.7146	1.3e-04	10.4199
6159	-102.5727	-102.5727	-71.4219	0.6963	73.5352	0.7177	1.3e-04	10.3937
6160	-102.5719	-102.5719	-71.4935	0.6970	73.4594	0.7171	1.3e-04	10.4265
6161	-102.5992	-102.5993	-70.7884	0.6900	74.1523	0.7238	1.3e-04	10.4147
6162	-102.5196	-102.5196	-71.3244	0.6957	73.5980	0.7183	1.3e-04	10.4141
6163	-102.5361	-102.5362	-70.8697	0.6912	74.0038	0.7223	1.3e-04	10.4150
6164	-102.5332	-102.5333	-70.9704	0.6922	73.9413	0.7217	1.3e-04	10.4224
6165	-102.5323	-102.5323	-71.3036	0.6954	73.6019	0.7186	1.3e-04	10.3932
6166	-102.5858	-102.5859	-70.8306	0.6905	74.0998	0.7234	1.3e-04	10.4096
6167	-102.5939	-102.5940	-70.8749	0.6908	74.0699	0.7230	1.3e-04	10.4157
6168	-102.5059	-102.5061	-70.4952	0.6877	74.3533	0.7258	1.3e-04	10.4162
6169	-102.5369	-102.5369	-72.0148	0.7023	72.8892	0.7118	1.3e-04	10.4112
6170	-102.4894	-102.4894	-72.2280	0.7047	72.6475	0.7094	1.3e-04	10.4229
6171	-102.5388	-102.5388	-72.0157	0.7023	72.8957	0.7118	1.3e-04	10.4071
6172	-102.5209	-102.5209	-70.9679	0.6922	73.9174	0.7216	1.3e-04	10.4073
6173	-102.4750	-102.4750	-71.2136	0.6949	73.6272	0.7190	1.3e-04	10.4142
6174	-102.5606	-102.5607	-71.0272	0.6925	73.8860	0.7213	1.3e-04	10.4154
6175	-102.5615	-102.5616	-71.0763	0.6930	73.8303	0.7208	1.3e-04	10.4117
6176	-102.5482	-102.5484	-70.3714	0.6862	74.4998	0.7274	1.3e-04	10.4194
6177	-102.5468	-102.5469	-71.3738	0.6960	73.5474	0.7180	1.3e-04	10.3830
6178	-102.5216	-102.5217	-70.5573	0.6882	74.2641	0.7255	1.3e-04	10.4220
6179	-102.5854	-102.5855	-71.0769	0.6929	73.8668	0.7209	1.3e-04	10.4108
6180	-102.5626	-102.5628	-70.4043	0.6865	74.4730	0.7271	1.3e-04	10.4141
6181	-102.5423	-102.5425	-70.3051	0.6856	74.5629	0.7278	1.3e-04	10.4146
6182	-102.5430	-102.5431	-70.7277	0.6897	74.1467	0.7239	1.3e-04	10.4161
6183	-102.5269	-102.5272	-70.0281	0.6830	74.7423	0.7298	1.3e-04	10.3901
6184	-102.5096	-102.5096	-71.2435	0.6950	73.6040	0.7190	1.3e-04	10.4073
6185	-102.5413	-102.5414	-70.4870	0.6874	74.3935	0.7263	1.3e-04	10.4116
6186	-102.5440	-102.5444	-69.5602	0.6783	75.2546	0.7347	1.3e-04	10.4168
6187	-102.5347	-102.5349	-70.5913	0.6885	74.2838	0.7253	1.3e-04	10.4150
6188	-102.5249	-102.5251	-70.2864	0.6856	74.5558	0.7280	1.3e-04	10.4206
6189	-102.5400	-102.5401	-70.8373	0.6908	74.0544	0.7230	1.3e-04	10.3994
6190	-102.5290	-102.5291	-70.8479	0.6910	74.0258	0.7228	1.3e-04	10.4245
6191	-102.5278	-102.5281	-70.0911	0.6836	74.7310	0.7298	1.3e-04	10.4107
6192	-102.5436	-102.5438	-70.1418	0.6840	74.7283	0.7294	1.3e-04	10.4182
6193	-102.5605	-102.5607	-70.1979	0.6845	74.6742	0.7290	1.3e-04	10.4181
6194	-102.5303	-102.5306	-69.8727	0.6815	74.9463	0.7316	1.3e-04	10.4199
6195	-102.5762	-102.5762	-71.2150	0.6943	73.7410	0.7197	1.3e-04	10.4025
6196	-102.5012	-102.5014	-70.3902	0.6867	74.4376	0.7269	1.3e-04	10.4261
6197	-102.5192	-102.5193	-70.5843	0.6885	74.2823	0.7252	1.3e-04	10.4161
6198	-102.5529	-102.5530	-70.6722	0.6891	74.2266	0.7246	1.3e-04	10.4133
6199	-102.5537	-102.5540	-69.9586	0.6822	74.8885	0.7312	1.3e-04	10.4130
6200	-102.5487	-102.5487	-70.8659	0.6910	74.0219	0.7226	1.3e-04	10.4201
6201	-102.5657	-102.5658	-70.8405	0.6907	74.0724	0.7231	1.3e-04	10.3901
6202	-102.5251	-102.5252	-71.2168	0.6946	73.6655	0.7193	1.3e-04	10.4257
6203	-102.5270	-102.5270	-71.6860	0.6992	73.2127	0.7149	1.3e-04	10.4133
6204	-102.5643	-102.5643	-71.8654	0.7007	73.0795	0.7135	1.3e-04	10.4149
6205	-102.5655	-102.5655	-71.4061	0.6962	73.5206	0.7177	1.3e-04	10.4129
6206	-102.5313	-102.5313	-71.9273	0.7015	72.9875	0.7125	1.3e-04	10.4193
6207	-102.5752	-102.5752	-71.9110	0.7011	73.0325	0.7131	1.3e-04	10.3944
6208	-102.5456	-102.5456	-72.0578	0.7027	72.8711	0.7114	1.3e-04	10.4061
6209	-102.5850	-102.5850	-71.7455	0.6994	73.2346	0.7147	1.3e-04	10.4140
6210	-102.5441	-102.5441	-71.8013	0.7002	73.1159	0.7138	1.3e-04	10.4177
6211	-102.5511	-102.5511	-72.1489	0.7035	72.7869	0.7106	1.3e-04	10.4130
6212	-102.5432	-102.5432	-72.6600	0.7086	72.2654	0.7056	1.3e-04	10.4198
6213	-102.5800	-102.5800	-71.8593	0.7005	73.1025	0.7136	1.3e-04	10.4065
6214	-102.5504	-102.5504	-71.8827	0.7009	73.0149	0.7128	1.3e-04	10.4112
6215	-102.5246	-102.5246	-72.2488	0.7047	72.6765	0.7095	1.3e-04	10.4134
6216	-102.5560	-102.5560	-71.3926	0.6961	73.5431	0.7179	1.3e-04	10.4148
6217	-102.5632	-102.5632	-71.9035	0.7011	73.0430	0.7130	1.3e-04	10.4107
6218	-102.5235	-102.5235	-72.6659	0.7088	72.2294	0.7054	1.3e-04	10.4039
6219	-102.5492	-102.5492	-72.6130	0.7081	72.2980	0.7060	1.3e-04	10.4085
6220	-102.5745	-102.5745	-72.3392	0.7052	72.6171	0.7088	1.3e-04	10.4094
6221	-102.5222	-102.5222	-72.8633	0.7107	72.0459	0.7035	1.3e-04	10.4151
6222	-102.5347	-102.5347	-72.2972	0.7051	72.6293	0.7091	1.3e-04	10.4174
6223	-102.5673	-102.5673	-73.0499	0.7122	71.9025	0.7019	1.3e-04	10.4128
6224	-102.5674	-102.5674	-72.6937	0.7087	72.2541	0.7054	1.3e-04	10.4175
6225	-102.5601	-102.5601	-72.7385	0.7092	72.1751	0.7047	1.3e-04	10.4044
6226	-102.5361	-102.5361	-72.3589	0.7057	72.5740	0.7085	1.3e-04	10.4228
6227	-102.5342	-102.5342	-71.3666	0.6960	73.5278	0.7180	1.3e-04	10.4102
6228	-102.5494	-102.5494	-72.3642	0.7057	72.5183	0.7082	1.3e-04	10.4148
6229	-102.5374	-102.5374	-72.1782	0.7039	72.7458	0.7102	1.3e-04	10.4181
6230	-102.5692	-102.5692	-72.2351	0.7043	72.7299	0.7099	1.3e-04	10.4214
6231	-102.5929	-102.5929	-72.5153	0.7068	72.4548	0.7073	1.3e-04	10.3834
6232	-102.5749	-102.5749	-71.5553	0.6976	73.3753	0.7163	1.3e-04	10.3984
6233	-102.5252	-102.5252	-72.2112	0.7043	72.6808	0.7098	1.3e-04	10.4141
6234	-102.5738	-102.5738	-71.0273	0.6925	73.8951	0.7214	1.3e-04	10.4134
6235	-102.5476	-102.5476	-71.6684	0.6989	73.2631	0.7152	1.3e-04	10.4139
6236	-102.5341	-102.5341	-71.8599	0.7008	73.0621	0.7133	1.3e-04	10.4188
6237	-102.5476	-102.5476	-72.9912	0.7118	71.9377	0.7024	1.3e-04	10.3811
6238	-102.5428	-102.5428	-72.0148	0.7023	72.9233	0.7119	1.3e-04	10.4107
6239	-102.5097	-102.5098	-70.5601	0.6883	74.2617	0.7253	1.3e-04	10.4111
6240	-102.5336	-102.5336	-71.8629	0.7009	73.0407	0.7131	1.3e-04	10.4133
6241	-102.5654	-102.5654	-72.3664	0.7056	72.5945	0.7086	1.3e-04	10.4152
6242	-102.5150	-102.5150	-71.9123	0.7015	72.9750	0.7127	1.3e-04	10.4186
6243	-102.5218	-102.5218	-72.5094	0.7073	72.3860	0.7069	1.3e-04	10.3862
6244	-102.5209	-102.5209	-72.7938	0.7100	72.1068	0.7040	1.3e-04	10.4090
6245	-102.5446	-102.5446	-72.4998	0.7070	72.4296	0.7072	1.3e-04	10.4115
6246	-102.5316	-102.5316	-71.9195	0.7014	72.9969	0.7127	1.3e-04	10.4121
6247	-102.5419	-102.5419	-71.5149	0.6974	73.4168	0.7166	1.3e-04	10.4151
6248	-102.5371	-102.5371	-72.7399	0.7094	72.1742	0.7047	1.3e-04	10.4163
6249	-102.5098	-102.5098	-72.2610	0.7049	72.6447	0.7092	1.3e-04	10.4071
6250	-102.5490	-102.5490	-71.8315	0.7005	73.0836	0.7136	1.3e-04	10.4098
6251	-102.5641	-102.5641	-71.8764	0.7008	73.0676	0.7133	1.3e-04	10.4148
6252	-102.5102	-102.5102	-71.5885	0.6984	73.2640	0.7157	1.3e-04	10.4149
6253	-102.5622	-102.5622	-72.1760	0.7037	72.7674	0.7103	1.3e-04	10.4141
6254	-102.5138	-102.5138	-72.5823	0.7080	72.3153	0.7062	1.3e-04	10.4142
6255	-102.5861	-102.5861	-72.2135	0.7039	72.7486	0.7102	1.3e-04	10.4045
6256	-102.5844	-102.5844	-72.1908	0.7037	72.7639	0.7105	1.3e-04	10.4207
6257	-102.5433	-102.5433	-72.3015	0.7051	72.6111	0.7088	1.3e-04	10.4030
6258	-102.5557	-102.5557	-72.5201	0.7071	72.4182	0.7071	1.3e-04	10.4168
6259	-102.5200	-102.5200	-72.1104	0.7034	72.7930	0.7108	1.3e-04	10.4117
6260	-102.5453	-102.5453	-72.5570	0.7076	72.3484	0.7063	1.3e-04	10.4212
6261	-102.5308	-102.5308	-71.4509	0.6969	73.4504	0.7172	1.3e-04	10.3869
6262	-102.5490	-102.5490	-71.3690	0.6959	73.5484	0.7179	1.3e-04	10.4146
6263	-102.5355	-102.5355	-72.6957	0.7090	72.2366	0.7052	1.3e-04	10.4183
6264	-102.5597	-102.5597	-72.3221	0.7052	72.6142	0.7090	1.3e-04	10.4153
6265	-102.4996	-102.4996	-72.3124	0.7055	72.5407	0.7086	1.3e-04	10.4142
6266	-102.5444	-102.5444	-72.6737	0.7087	72.2572	0.7055	1.3e-04	10.4189
6267	-102.5742	-102.5742	-72.4898	0.7067	72.4409	0.7073	1.3e-04	10.4004
6268	-102.5677	-102.5677	-72.0729	0.7027	72.8883	0.7115	1.3e-04	10.4111
6269	-102.5056	-102.5056	-71.9405	0.7018	72.9290	0.7124	1.3e-04	10.4159
6270	-102.5372	-102.5372	-71.3886	0.6962	73.5139	0.7178	1.3e-04	10.4134
6271	-102.5451	-102.5451	-71.7587	0.6998	73.1611	0.7143	1.3e-04	10.4124
6272	-102.5723	-102.5724	-70.8788	0.6910	74.0645	0.7228	1.3e-04	10.4187
6273	-102.5428	-102.5428	-72.1632	0.7037	72.7804	0.7105	1.3e-04	10.3981
6274	-102.5272	-102.5272	-72.2844	0.7050	72.6117	0.7091	1.3e-04	10.4157
6275	-102.5699	-102.5699	-71.5559	0.6976	73.3970	0.7165	1.3e-04	10.4142
6276	-102.5533	-102.5533	-72.4157	0.7061	72.5131	0.7081	1.3e-04	10.4167
6277	-102.5108	-102.5108	-72.6051	0.7083	72.2833	0.7059	1.3e-04	10.4164
6278	-102.5391	-102.5391	-72.7702	0.7097	72.1552	0.7045	1.3e-04	10.4178
6279	-102.5388	-102.5388	-72.3055	0.7052	72.6064	0.7090	1.3e-04	10.3980
6280	-102.6143	-102.6143	-71.7693	0.6994	73.2012	0.7147	1.3e-04	10.4128
6281	-102.5712	-102.5712	-72.5030	0.7069	72.4538	0.7073	1.3e-04	10.4150
6282	-102.5380	-102.5380	-71.6566	0.6988	73.2520	0.7152	1.3e-04	10.4154
6283	-102.5579	-102.5579	-71.5437	0.6976	73.4086	0.7165	1.3e-04	10.4148
6284	-102.5710	-102.5710	-71.8859	0.7008	73.0505	0.7131	1.3e-04	10.4164
6285	-102.5669	-102.5669	-72.4760	0.7066	72.4687	0.7074	1.3e-04	10.3991
6286	-102.5451	-102.5451	-71.5366	0.6976	73.3696	0.7165	1.3e-04	10.4094
6287	-102.5377	-102.5377	-72.4168	0.7062	72.5215	0.7080	1.3e-04	10.4124
6288	-102.5377	-102.5377	-72.4743	0.7068	72.4536	0.7074	1.3e-04	10.4157
6289	-102.5416	-102.5416	-72.8919	0.7109	72.0501	0.7033	1.3e-04	10.4150
6290	-102.5786	-102.5786	-72.5416	0.7072	72.4085	0.7070	1.3e-04	10.4172
6291	-102.5634	-102.5634	-72.5213	0.7071	72.4092	0.7067	1.3e-04	10.3833
6292	-102.5258	-102.5258	-72.2557	0.7048	72.6570	0.7094	1.3e-04	10.4126
6293	-102.5850	-102.5850	-71.9779	0.7016	72.9941	0.7125	1.3e-04	10.3973
6294	-102.5701	-102.5701	-72.8814	0.7106	72.0767	0.7036	1.3e-04	10.4151
6295	-102.5237	-102.5237	-72.7323	0.7094	72.1589	0.7046	1.3e-04	10.4122
6296	-102.5349	-102.5349	-72.6823	0.7089	72.2509	0.7053	1.3e-04	10.4186
6297	-102.5332	-102.5332	-72.4186	0.7063	72.5099	0.7078	1.3e-04	10.4096
6298	-102.5603	-102.5603	-73.4794	0.7165	71.4441	0.6976	1.3e-04	10.4012
6299	-102.5254	-102.5254	-73.1461	0.7134	71.7071	0.6999	1.3e-04	10.4125
6300	-102.5496	-102.5496	-73.3403	0.7152	71.5720	0.6989	1.3e-04	10.4123
6301	-102.5697	-102.5697	-72.7062	0.7088	72.2400	0.7053	1.3e-04	10.4097
6302	-102.5665	-102.5665	-73.3385	0.7150	71.6120	0.6991	1.3e-04	10.4158
6303	-102.5418	-102.5418	-73.2188	0.7140	71.6899	0.7001	1.3e-04	10.4084
6304	-102.5439	-102.5439	-72.8854	0.7108	72.0507	0.7034	1.3e-04	10.4158
6305	-102.5110	-102.5110	-73.0096	0.7122	71.8676	0.7020	1.3e-04	10.4139
6306	-102.5676	-102.5676	-73.0481	0.7122	71.8280	0.7013	1.3e-04	10.4116
6307	-102.4759	-102.4759	-74.0012	0.7221	70.8097	0.6915	1.3e-04	10.4152
6308	-102.5363	-102.5363	-71.9282	0.7015	72.9820	0.7127	1.3e-04	10.4185
6309	-102.5492	-102.5492	-73.0999	0.7128	71.8118	0.7012	1.3e-04	10.3843
6310	-102.5528	-102.5528	-72.3252	0.7052	72.6211	0.7090	1.3e-04	10.3973
6311	-102.5289	-102.5289	-72.5717	0.7078	72.3650	0.7064	1.3e-04	10.4105
6312	-102.5430	-102.5430	-73.1321	0.7132	71.7878	0.7010	1.3e-04	10.4151
6313	-102.5414	-102.5414	-72.7422	0.7094	72.1785	0.7048	1.3e-04	10.4154
6314	-102.5672	-102.5672	-71.7935	0.7000	73.1551	0.7141	1.3e-04	10.4162
6315	-102.5133	-102.5133	-72.1802	0.7041	72.7230	0.7100	1.3e-04	10.4155
6316	-102.5339	-102.5339	-72.5910	0.7080	72.2990	0.7059	1.3e-04	10.4062
6317	-102.5195	-102.5195	-72.1169	0.7034	72.7714	0.7107	1.3e-04	10.4160
6318	-102.5390	-102.5390	-72.7283	0.7093	72.1978	0.7049	1.3e-04	10.4160
6319	-102.5469	-102.5469	-72.0614	0.7027	72.8720	0.7115	1.3e-04	10.4137
6320	-102.5115	-102.5115	-72.3589	0.7059	72.5265	0.7083	1.3e-04	10.4172
6321	-102.5259	-102.5259	-72.5393	0.7075	72.3762	0.7067	1.3e-04	10.4113
6322	-102.5842	-102.5842	-72.1489	0.7033	72.7856	0.7104	1.3e-04	10.3928
6323	-102.5851	-102.5851	-71.3807	0.6958	73.5580	0.7182	1.3e-04	10.4172
6324	-102.5405	-102.5405	-71.5245	0.6975	73.3610	0.7163	1.3e-04	10.4132
6325	-102.5350	-102.5350	-71.3476	0.6958	73.5616	0.7182	1.3e-04	10.4142
6326	-102.6025	-102.6025	-71.0340	0.6923	73.9165	0.7214	1.3e-04	10.4184
6327	-102.5363	-102.5363	-71.3958	0.6963	73.4872	0.7176	1.3e-04	10.4114
6328	-102.5308	-102.5308	-71.3270	0.6957	73.5935	0.7183	1.3e-04	10.3936
6329	-102.5896	-102.5896	-71.8815	0.7007	73.1027	0.7134	1.3e-04	10.4144
6330	-102.5575	-102.5575	-72.3963	0.7059	72.5652	0.7083	1.3e-04	10.4136
6331	-102.5494	-102.5494	-71.9948	0.7020	72.9447	0.7121	1.3e-04	10.4125
6332	-102.5469	-102.5469	-72.2673	0.7047	72.6513	0.7094	1.3e-04	10.4165
6333	-102.4917	-102.4917	-72.7976	0.7103	72.0888	0.7039	1.3e-04	10.4073
6334	-102.5221	-102.5221	-72.8935	0.7110	72.0155	0.7032	1.3e-04	10.3975
6335	-102.5454	-102.5454	-72.1850	0.7039	72.7314	0.7102	1.3e-04	10.4168
6336	-102.5475	-102.5475	-72.7183	0.7091	72.2242	0.7051	1.3e-04	10.4112
6337	-102.5235	-102.5235	-72.8382	0.7105	72.0736	0.7037	1.3e-04	10.4134
6338	-102.5580	-102.5580	-72.6634	0.7085	72.2891	0.7057	1.3e-04	10.4183
6339	-102.5175	-102.5175	-73.9107	0.7210	70.9545	0.6930	1.3e-04	10.4105
6340	-102.5339	-102.5339	-73.5721	0.7175	71.3303	0.6965	1.3e-04	10.3969
6341	-102.5344	-102.5344	-73.2612	0.7145	71.6537	0.6996	1.3e-04	10.4157
6342	-102.5517	-102.5517	-72.9509	0.7114	71.9988	0.7028	1.3e-04	10.4138
6343	-102.5185	-102.5185	-73.6873	0.7188	71.1926	0.6951	1.3e-04	10.4127
6344	-102.5256	-102.5256	-73.9177	0.7210	70.9820	0.6930	1.3e-04	10.4139
6345	-102.5404	-102.5404	-73.5803	0.7176	71.3260	0.6965	1.3e-04	10.4239
6346	-102.5597	-102.5597	-74.9342	0.7306	69.9140	0.6827	1.3e-04	10.3965
6347	-102.5414	-102.5414	-73.7517	0.7192	71.1440	0.6947	1.3e-04	10.4148
6348	-102.5578	-102.5578	-74.4094	0.7255	70.4747	0.6881	1.3e-04	10.4131
6349	-102.5699	-102.5699	-74.3699	0.7251	70.5413	0.6887	1.3e-04	10.4099
6350	-102.5372	-102.5372	-74.5149	0.7267	70.3581	0.6869	1.3e-04	10.4178
6351	-102.5367	-102.5367	-74.7095	0.7286	70.1328	0.6848	1.3e-04	10.3919
6352	-102.5509	-102.5509	-74.6036	0.7275	70.2546	0.6861	1.3e-04	10.3956
6353	-102.4904	-102.4904	-74.0512	0.7225	70.7952	0.6913	1.3e-04	10.4141
6354	-102.5328	-102.5328	-74.7593	0.7291	70.0719	0.6843	1.3e-04	10.4148
6355	-102.5401	-102.5401	-74.0312	0.7220	70.8449	0.6919	1.3e-04	10.4124
6356	-102.5409	-102.5409	-74.6413	0.7279	70.2433	0.6857	1.3e-04	10.4130
6357	-102.5761	-102.5761	-73.4386	0.7159	71.4731	0.6978	1.3e-04	10.4122
6358	-102.5255	-102.5255	-74.8707	0.7303	69.9562	0.6832	1.3e-04	10.4002
6359	-102.5496	-102.5496	-74.3571	0.7251	70.5285	0.6886	1.3e-04	10.4144
6360	-102.5745	-102.5745	-74.1903	0.7233	70.7414	0.6905	1.3e-04	10.4153
6361	-102.5715	-102.5715	-74.9250	0.7305	69.9490	0.6829	1.3e-04	10.4146
6362	-102.5520	-102.5520	-74.4465	0.7259	70.4210	0.6877	1.3e-04	10.4159
6363	-102.5507	-102.5507	-74.6048	0.7275	70.2339	0.6857	1.3e-04	10.4090
6364	-102.5825	-102.5825	-74.5072	0.7263	70.4069	0.6873	1.3e-04	10.3962
6365	-102.5525	-102.5525	-73.1384	0.7132	71.7908	0.7010	1.3e-04	10.4168
6366	-102.5232	-102.5232	-73.6465	0.7183	71.2259	0.6957	1.3e-04	10.4136
6367	-102.5189	-102.5189	-73.2032	0.7140	71.6840	0.7001	1.3e-04	10.4154
6368	-102.5426	-102.5426	-73.6967	0.7187	71.2195	0.6953	1.3e-04	10.4193
6369	-102.5369	-102.5369	-73.7272	0.7190	71.1592	0.6948	1.3e-04	10.4143
6370	-102.5382	-102.5382	-74.1637	0.7233	70.7125	0.6906	1.3e-04	10.3978
6371	-102.5527	-102.5527	-72.9970	0.7118	71.9357	0.7024	1.3e-04	10.4143
6372	-102.5806	-102.5806	-72.7976	0.7097	72.1644	0.7045	1.3e-04	10.4140
6373	-102.5819	-102.5819	-73.7589	0.7190	71.1225	0.6943	1.3e-04	10.4127
6374	-102.5778	-102.5778	-73.3121	0.7147	71.6526	0.6994	1.3e-04	10.4151
6375	-102.5777	-102.5777	-73.7236	0.7187	71.2073	0.6952	1.3e-04	10.4092
6376	-102.5750	-102.5750	-73.1131	0.7128	71.8190	0.7011	1.3e-04	10.3883
6377	-102.5639	-102.5639	-73.1880	0.7136	71.7669	0.7005	1.3e-04	10.4136
6378	-102.5252	-102.5252	-72.9161	0.7112	72.0126	0.7030	1.3e-04	10.4136
6379	-102.5558	-102.5558	-73.6531	0.7182	71.2509	0.6958	1.3e-04	10.4137
6380	-102.5026	-102.5026	-72.6432	0.7087	72.2375	0.7055	1.3e-04	10.4135
6381	-102.5609	-102.5609	-73.6406	0.7180	71.2887	0.6960	1.3e-04	10.4117
6382	-102.5476	-102.5476	-72.5084	0.7071	72.4471	0.7071	1.3e-04	10.3979
6383	-102.5119	-102.5119	-73.1452	0.7135	71.7363	0.7006	1.3e-04	10.3972
6384	-102.5286	-102.5286	-73.0695	0.7127	71.8220	0.7013	1.3e-04	10.4139
6385	-102.5161	-102.5161	-72.7660	0.7098	72.1086	0.7044	1.3e-04	10.4174
6386	-102.5389	-102.5389	-72.8965	0.7109	72.0259	0.7033	1.3e-04	10.4158
6387	-102.4966	-102.4966	-72.6795	0.7091	72.1827	0.7051	1.3e-04	10.4108
6388	-102.5920	-102.5920	-72.3066	0.7048	72.6610	0.7093	1.3e-04	10.3865
6389	-102.5409	-102.5409	-72.8945	0.7109	72.0131	0.7029	1.3e-04	10.4166
6390	-102.5735	-102.5735	-72.2286	0.7042	72.7354	0.7099	1.3e-04	10.4185
6391	-102.5831	-102.5831	-72.7009	0.7087	72.2907	0.7055	1.3e-04	10.4134
6392	-102.5740	-102.5740	-72.5960	0.7077	72.3401	0.7063	1.3e-04	10.4139
6393	-102.5662	-102.5662	-72.5529	0.7074	72.3847	0.7068	1.3e-04	10.4109
6394	-102.5456	-102.5456	-71.5752	0.6980	73.3520	0.7159	1.3e-04	10.3859
6395	-102.5291	-102.5291	-73.0428	0.7124	71.8696	0.7018	1.3e-04	10.3985
6396	-102.5799	-102.5799	-72.8763	0.7104	72.0718	0.7037	1.3e-04	10.4143
6397	-102.5158	-102.5158	-73.0790	0.7129	71.8156	0.7013	1.3e-04	10.4144
6398	-102.5415	-102.5415	-72.6050	0.7081	72.3165	0.7061	1.3e-04	10.4175
6399	-102.5521	-102.5521	-71.8039	0.7002	73.0768	0.7135	1.3e-04	10.4156
6400	-102.5924	-102.5924	-72.7023	0.7087	72.2956	0.7056	1.3e-04	10.3813
6401	-102.5406	-102.5406	-72.4197	0.7063	72.5312	0.7080	1.3e-04	10.4145
6402	-102.5106	-102.5106	-71.9557	0.7019	72.9500	0.7122	1.3e-04	10.4104
6403	-102.6066	-102.6066	-73.5023	0.7164	71.4594	0.6976	1.3e-04	10.4171
6404	-102.5344	-102.5344	-73.2429	0.7143	71.6477	0.6998	1.3e-04	10.4184
6405	-102.5241	-102.5241	-73.3127	0.7151	71.5788	0.6990	1.3e-04	10.4268
6406	-102.5022	-102.5022	-73.5600	0.7176	71.2869	0.6964	1.3e-04	10.3811
6407	-102.5535	-102.5535	-72.0849	0.7029	72.8186	0.7112	1.3e-04	10.4000
6408	-102.5596	-102.5596	-72.3409	0.7054	72.5937	0.7089	1.3e-04	10.4127
6409	-102.5492	-102.5492	-72.4417	0.7064	72.4826	0.7077	1.3e-04	10.4095
6410	-102.5553	-102.5553	-72.5605	0.7075	72.3869	0.7067	1.3e-04	10.4155
6411	-102.5584	-102.5584	-71.7836	0.6999	73.1341	0.7141	1.3e-04	10.4248
6412	-102.5376	-102.5377	-71.7118	0.6994	73.2001	0.7147	1.3e-04	10.3889
6413	-102.5133	-102.5133	-71.2908	0.6954	73.5974	0.7186	1.3e-04	10.4159
6414	-102.5149	-102.5149	-71.2137	0.6947	73.6309	0.7189	1.3e-04	10.4152
6415	-102.5307	-102.5307	-71.7747	0.7000	73.1460	0.7141	1.3e-04	10.4186
6416	-102.5629	-102.5629	-70.9575	0.6918	73.9506	0.7220	1.3e-04	10.4174
6417	-102.5432	-102.5432	-71.0859	0.6932	73.8422	0.7207	1.3e-04	10.4115
6418	-102.5247	-102.5247	-71.8971	0.7013	73.0056	0.7129	1.3e-04	10.3995
6419	-102.5648	-102.5648	-71.6249	0.6983	73.2836	0.7154	1.3e-04	10.3976
6420	-102.4790	-102.4790	-70.9130	0.6920	73.8688	0.7213	1.3e-04	10.4155
6421	-102.5294	-102.5294	-71.3932	0.6963	73.5170	0.7177	1.3e-04	10.4114
6422	-102.5511	-102.5511	-71.8333	0.7005	73.1070	0.7137	1.3e-04	10.4143
6423	-102.5320	-102.5320	-71.2174	0.6946	73.6517	0.7190	1.3e-04	10.4055
6424	-102.5785	-102.5785	-71.1179	0.6933	73.8392	0.7206	1.3e-04	10.3881
6425	-102.5913	-102.5915	-70.5468	0.6876	74.3761	0.7260	1.3e-04	10.4072
6426	-102.5395	-102.5397	-70.3726	0.6863	74.4756	0.7271	1.3e-04	10.4127
6427	-102.5597	-102.5598	-70.6777	0.6891	74.2560	0.7246	1.3e-04	10.4154
6428	-102.5852	-102.5852	-71.3500	0.6955	73.6060	0.7185	1.3e-04	10.4177
6429	-102.5682	-102.5682	-71.4936	0.6970	73.4503	0.7170	1.3e-04	10.4215
6430	-102.5506	-102.5507	-71.4757	0.6970	73.4500	0.7171	1.3e-04	10.3764
6431	-102.5309	-102.5309	-71.4038	0.6964	73.4877	0.7176	1.3e-04	10.4175
6432	-102.5685	-102.5685	-71.5204	0.6973	73.4296	0.7168	1.3e-04	10.4117
6433	-102.5418	-102.5418	-71.4336	0.6966	73.4986	0.7174	1.3e-04	10.4126
6434	-102.5487	-102.5487	-71.5078	0.6973	73.4307	0.7168	1.3e-04	10.4163
6435	-102.5523	-102.5523	-71.5192	0.6974	73.3968	0.7167	1.3e-04	10.4076
6436	-102.5322	-102.5323	-71.3043	0.6954	73.5900	0.7185	1.3e-04	10.3830
6437	-102.5388	-102.5388	-72.6094	0.7081	72.3194	0.7061	1.3e-04	10.3999
6438	-102.5654	-102.5654	-71.7546	0.6996	73.2100	0.7145	1.3e-04	10.4142
6439	-102.5341	-102.5341	-72.4377	0.7065	72.4608	0.7075	1.3e-04	10.4140
6440	-102.5112	-102.5112	-72.5793	0.7080	72.2873	0.7058	1.3e-04	10.4173
6441	-102.5561	-102.5561	-72.3834	0.7058	72.5270	0.7082	1.3e-04	10.4066
6442	-102.5646	-102.5646	-71.9009	0.7010	73.0592	0.7131	1.3e-04	10.3767
6443	-102.6038	-102.6038	-72.2872	0.7045	72.6970	0.7095	1.3e-04	10.4196
6444	-102.5989	-102.5990	-71.2232	0.6942	73.7431	0.7197	1.3e-04	10.4121
6445	-102.5644	-102.5644	-71.0841	0.6931	73.8385	0.7208	1.3e-04	10.4149
6446	-102.5249	-102.5249	-73.0193	0.7122	71.8869	0.7020	1.3e-04	10.4162
6447	-102.5449	-102.5449	-71.4919	0.6972	73.4214	0.7169	1.3e-04	10.4238
6448	-102.5169	-102.5169	-72.0513	0.7028	72.8489	0.7113	1.3e-04	10.3832
6449	-102.5050	-102.5050	-71.6237	0.6987	73.2337	0.7152	1.3e-04	10.4200
6450	-102.5526	-102.5526	-71.6484	0.6986	73.3073	0.7155	1.3e-04	10.4149
6451	-102.5088	-102.5088	-71.9547	0.7019	72.9195	0.7122	1.3e-04	10.4137
6452	-102.5097	-102.5097	-72.1633	0.7040	72.7336	0.7102	1.3e-04	10.4128
6453	-102.6102	-102.6102	-72.0896	0.7026	72.9158	0.7116	1.3e-04	10.4235
6454	-102.5356	-102.5357	-71.3330	0.6957	73.5588	0.7181	1.3e-04	10.3850
6455	-102.5650	-102.5650	-72.3575	0.7055	72.6162	0.7087	1.3e-04	10.4153
6456	-102.5374	-102.5374	-72.2948	0.7051	72.6178	0.7089	1.3e-04	10.4110
6457	-102.5391	-102.5391	-72.0589	0.7027	72.8771	0.7114	1.3e-04	10.4150
6458	-102.5015	-102.5015	-71.5253	0.6978	73.3233	0.7160	1.3e-04	10.4151
6459	-102.5452	-102.5452	-72.1007	0.7031	72.8236	0.7111	1.3e-04	10.4054
6460	-102.5202	-102.5202	-72.4029	0.7062	72.5031	0.7079	1.3e-04	10.3861
6461	-102.5534	-102.5534	-72.4373	0.7063	72.5147	0.7078	1.3e-04	10.3995
6462	-102.5749	-102.5750	-70.7924	0.6902	74.1204	0.7236	1.3e-04	10.4152
6463	-102.5455	-102.5455	-71.6896	0.6991	73.1853	0.7146	1.3e-04	10.4140
6464	-102.5580	-102.5580	-72.3326	0.7053	72.6093	0.7088	1.3e-04	10.4150
6465	-102.5442	-102.5442	-72.1540	0.7036	72.7742	0.7105	1.3e-04	10.4050
6466	-102.5319	-102.5319	-72.6244	0.7083	72.2643	0.7058	1.3e-04	10.3820
6467	-102.5501	-102.5501	-72.1716	0.7038	72.7734	0.7104	1.3e-04	10.4014
6468	-102.5347	-102.5347	-71.9048	0.7013	72.9957	0.7128	1.3e-04	10.4129
6469	-102.5263	-102.5263	-72.3207	0.7054	72.5957	0.7088	1.3e-04	10.4115
6470	-102.5368	-102.5368	-72.3977	0.7061	72.5150	0.7081	1.3e-04	10.4157
6471	-102.5460	-102.5460	-73.1736	0.7136	71.7673	0.7006	1.3e-04	10.4222
6472	-102.5647	-102.5647	-71.9031	0.7011	73.0276	0.7131	1.3e-04	10.3749
6473	-102.5057	-102.5057	-72.3622	0.7059	72.5274	0.7082	1.3e-04	10.4167
6474	-102.5567	-102.5567	-71.5216	0.6974	73.3927	0.7167	1.3e-04	10.4158
6475	-102.5541	-102.5542	-70.9568	0.6919	73.9610	0.7220	1.3e-04	10.4134
6476	-102.5530	-102.5530	-71.4418	0.6966	73.4729	0.7174	1.3e-04	10.4120
6477	-102.5651	-102.5653	-70.5100	0.6875	74.3599	0.7260	1.3e-04	10.4219
6478	-102.5289	-102.5290	-70.7536	0.6901	74.1144	0.7237	1.3e-04	10.3727
6479	-102.5623	-102.5626	-70.0454	0.6830	74.8191	0.7304	1.3e-04	10.3992
6480	-102.5859	-102.5862	-70.2762	0.6850	74.6704	0.7285	1.3e-04	10.4138
6481	-102.5387	-102.5388	-70.8924	0.6914	73.9957	0.7225	1.3e-04	10.4136
6482	-102.5325	-102.5327	-70.1622	0.6843	74.6788	0.7291	1.3e-04	10.4132
6483	-102.5085	-102.5088	-70.0527	0.6834	74.7602	0.7300	1.3e-04	10.4218
6484	-102.5213	-102.5214	-70.8227	0.6908	74.0591	0.7230	1.3e-04	10.3730
6485	-102.5079	-102.5084	-69.3344	0.6764	75.4110	0.7364	1.3e-04	10.4009
6486	-102.5327	-102.5329	-70.5933	0.6885	74.3001	0.7252	1.3e-04	10.4135
6487	-102.5225	-102.5226	-70.9232	0.6918	73.9117	0.7220	1.3e-04	10.4114
6488	-102.5367	-102.5368	-71.2190	0.6946	73.6980	0.7194	1.3e-04	10.4162
6489	-102.5358	-102.5359	-70.9994	0.6924	73.8941	0.7213	1.3e-04	10.4199
6490	-102.5700	-102.5701	-70.6265	0.6886	74.2887	0.7251	1.3e-04	10.3685
6491	-102.5440	-102.5441	-70.8612	0.6910	74.0094	0.7227	1.3e-04	10.4021
6492	-102.5144	-102.5144	-71.6129	0.6986	73.2843	0.7155	1.3e-04	10.4127
6493	-102.5825	-102.5825	-72.2467	0.7043	72.7192	0.7098	1.3e-04	10.4170
6494	-102.5546	-102.5548	-70.6945	0.6893	74.1553	0.7242	1.3e-04	10.4124
6495	-102.5628	-102.5628	-71.1209	0.6934	73.8113	0.7205	1.3e-04	10.4216
6496	-102.5175	-102.5176	-71.2792	0.6953	73.6068	0.7187	1.3e-04	10.3812
6497	-102.5364	-102.5364	-71.0964	0.6934	73.8037	0.7205	1.3e-04	10.4142
6498	-102.5081	-102.5081	-71.0179	0.6928	73.8481	0.7211	1.3e-04	10.4126
6499	-102.4942	-102.4943	-70.6246	0.6891	74.1718	0.7242	1.3e-04	10.4149
6500	-102.5138	-102.5138	-71.4451	0.6969	73.4231	0.7170	1.3e-04	10.4101
6501	-102.5289	-102.5289	-71.2562	0.6950	73.6474	0.7190	1.3e-04	10.4848
6502	-102.5787	-102.5788	-70.7934	0.6901	74.1451	0.7236	1.3e-04	10.3663
6503	-102.5670	-102.5670	-71.2923	0.6951	73.5915	0.7184	1.3e-04	10.3935
6504	-102.5396	-102.5397	-70.6783	0.6893	74.2183	0.7245	1.3e-04	10.4128
6505	-102.4844	-102.4844	-71.6657	0.6993	73.1964	0.7147	1.3e-04	10.4136
6506	-102.5323	-102.5326	-69.9474	0.6822	74.8853	0.7311	1.3e-04	10.3977
6507	-102.5569	-102.5569	-71.1424	0.6937	73.7841	0.7203	1.3e-04	10.4035
6508	-102.5443	-102.5445	-70.6400	0.6889	74.2607	0.7249	1.3e-04	10.3794
6509	-102.4912	-102.4914	-70.4396	0.6873	74.3575	0.7263	1.3e-04	10.4061
6510	-102.5593	-102.5593	-71.5308	0.6975	73.4049	0.7166	1.3e-04	10.4133
6511	-102.5246	-102.5247	-71.4393	0.6968	73.4533	0.7172	1.3e-04	10.4100
6512	-102.5318	-102.5318	-71.9819	0.7020	72.9383	0.7121	1.3e-04	10.4134
6513	-102.5525	-102.5525	-71.1703	0.6940	73.7527	0.7200	1.3e-04	10.3844
6514	-102.5612	-102.5613	-70.9925	0.6922	73.9155	0.7216	1.3e-04	10.3858
6515	-102.5553	-102.5553	-71.6798	0.6989	73.2524	0.7151	1.3e-04	10.4109
6516	-102.5327	-102.5327	-71.6260	0.6986	73.3002	0.7155	1.3e-04	10.4124
6517	-102.5597	-102.5597	-71.3700	0.6959	73.5369	0.7178	1.3e-04	10.4176
6518	-102.5642	-102.5642	-71.5978	0.6981	73.3298	0.7157	1.3e-04	10.4187
6519	-102.5332	-102.5332	-71.6561	0.6989	73.2008	0.7149	1.3e-04	10.4058
6520	-102.5593	-102.5593	-72.0395	0.7024	72.8924	0.7116	1.3e-04	10.3867
6521	-102.5297	-102.5298	-71.1272	0.6937	73.7875	0.7202	1.3e-04	10.4155
6522	-102.5489	-102.5489	-71.4560	0.6968	73.4682	0.7173	1.3e-04	10.4139
6523	-102.5711	-102.5711	-71.6668	0.6987	73.2680	0.7154	1.3e-04	10.4127
6524	-102.5415	-102.5416	-71.1663	0.6940	73.7358	0.7198	1.3e-04	10.4135
6525	-102.5214	-102.5214	-71.9867	0.7022	72.9314	0.7120	1.3e-04	10.4036
6526	-102.5666	-102.5666	-71.8790	0.7008	73.0707	0.7132	1.3e-04	10.3827
6527	-102.5764	-102.5764	-72.4090	0.7059	72.5594	0.7082	1.3e-04	10.4040
6528	-102.5213	-102.5213	-72.0216	0.7025	72.8770	0.7117	1.3e-04	10.4121
6529	-102.5233	-102.5233	-71.7075	0.6994	73.1913	0.7147	1.3e-04	10.3971
6530	-102.5594	-102.5594	-71.0151	0.6924	73.9034	0.7213	1.3e-04	10.4161
6531	-102.5614	-102.5614	-72.7241	0.7091	72.2448	0.7049	1.3e-04	10.4015
6532	-102.5297	-102.5297	-72.4051	0.7062	72.5179	0.7080	1.3e-04	10.3800
6533	-102.5288	-102.5288	-72.1711	0.7039	72.7168	0.7102	1.3e-04	10.4012
6534	-102.5158	-102.5158	-71.8782	0.7011	73.0282	0.7130	1.3e-04	10.4128
6535	-102.5507	-102.5507	-72.5495	0.7074	72.3834	0.7067	1.3e-04	10.4099
6536	-102.5665	-102.5665	-72.5368	0.7072	72.4178	0.7069	1.3e-04	10.4126
6537	-102.5189	-102.5189	-71.7616	0.7000	73.1270	0.7141	1.3e-04	10.4214
6538	-102.5571	-102.5571	-72.8671	0.7105	72.0699	0.7037	1.3e-04	10.3893
6539	-102.4914	-102.4914	-73.0756	0.7130	71.7666	0.7010	1.3e-04	10.4086
6540	-102.5312	-102.5312	-72.0314	0.7025	72.8799	0.7116	1.3e-04	10.4096
6541	-102.5200	-102.5200	-72.1406	0.7037	72.7740	0.7104	1.3e-04	10.4146
6542	-102.5145	-102.5145	-72.3343	0.7056	72.5921	0.7086	1.3e-04	10.4124
6543	-102.5531	-102.5531	-71.7438	0.6996	73.1821	0.7144	1.3e-04	10.4170
6544	-102.5370	-102.5370	-72.0651	0.7028	72.8051	0.7110	1.3e-04	10.3729
6545	-102.5306	-102.5307	-71.1087	0.6935	73.7876	0.7203	1.3e-04	10.3991
6546	-102.5393	-102.5393	-71.8734	0.7009	73.0286	0.7131	1.3e-04	10.4136
6547	-102.5248	-102.5248	-72.3667	0.7058	72.5490	0.7084	1.3e-04	10.4138
6548	-102.5424	-102.5424	-71.1866	0.6942	73.7029	0.7198	1.3e-04	10.4114
6549	-102.5864	-102.5864	-71.7908	0.6998	73.1787	0.7143	1.3e-04	10.4007
6550	-102.5669	-102.5670	-70.7154	0.6895	74.2121	0.7243	1.3e-04	10.3735
6551	-102.5640	-102.5640	-71.3282	0.6955	73.6377	0.7186	1.3e-04	10.4003
6552	-102.5518	-102.5518	-71.5720	0.6979	73.3133	0.7158	1.3e-04	10.4123
6553	-102.5622	-102.5622	-71.4867	0.6970	73.4420	0.7169	1.3e-04	10.4162
6554	-102.5447	-102.5447	-71.8428	0.7006	73.0725	0.7135	1.3e-04	10.4149
6555	-102.5505	-102.5505	-71.7416	0.6996	73.1730	0.7146	1.3e-04	10.4026
6556	-102.5414	-102.5414	-72.3996	0.7061	72.5140	0.7081	1.3e-04	10.3748
6557	-102.5284	-102.5284	-71.6507	0.6988	73.2124	0.7149	1.3e-04	10.4188
6558	-102.5526	-102.5526	-71.6248	0.6984	73.2803	0.7157	1.3e-04	10.4148
6559	-102.5263	-102.5263	-71.6421	0.6988	73.2289	0.7152	1.3e-04	10.4164
6560	-102.5474	-102.5474	-71.4992	0.6972	73.3929	0.7166	1.3e-04	10.4149
6561	-102.5326	-102.5326	-70.9553	0.6920	73.9190	0.7217	1.3e-04	10.4236
6562	-102.5257	-102.5257	-71.9033	0.7013	72.9953	0.7127	1.3e-04	10.3806
6563	-102.5346	-102.5346	-72.0618	0.7028	72.8418	0.7114	1.3e-04	10.4166
6564	-102.5306	-102.5306	-70.9080	0.6916	73.9634	0.7223	1.3e-04	10.4091
6565	-102.5766	-102.5766	-71.3305	0.6954	73.5920	0.7185	1.3e-04	10.4154
6566	-102.5737	-102.5740	-70.2255	0.6846	74.6422	0.7289	1.3e-04	10.4109
6567	-102.5411	-102.5412	-71.0905	0.6933	73.8102	0.7206	1.3e-04	10.4196
6568	-102.5611	-102.5611	-70.9326	0.6916	73.9732	0.7222	1.3e-04	10.3734
6569	-102.5265	-102.5266	-70.6478	0.6891	74.2273	0.7247	1.3e-04	10.3978
6570	-102.5473	-102.5475	-70.5142	0.6876	74.3600	0.7261	1.3e-04	10.4124
6571	-102.5067	-102.5068	-70.9692	0.6923	73.8490	0.7215	1.3e-04	10.4111
6572	-102.5405	-102.5406	-70.7012	0.6895	74.1772	0.7242	1.3e-04	10.4088
6573	-102.5997	-102.5999	-70.3987	0.6861	74.5236	0.7274	1.3e-04	10.4047
6574	-102.5380	-102.5380	-71.8625	0.7008	73.0411	0.7133	1.3e-04	10.3823
6575	-102.5473	-102.5474	-70.5411	0.6879	74.3518	0.7258	1.3e-04	10.4171
6576	-102.5224	-102.5225	-70.7927	0.6905	74.0635	0.7233	1.3e-04	10.4107
6577	-102.5144	-102.5144	-70.9212	0.6918	73.9521	0.7221	1.3e-04	10.4142
6578	-102.5579	-102.5581	-70.3763	0.6862	74.5134	0.7274	1.3e-04	10.4119
6579	-102.5295	-102.5296	-70.7602	0.6901	74.1082	0.7237	1.3e-04	10.3997
6580	-102.5666	-102.5667	-70.7478	0.6898	74.1600	0.7240	1.3e-04	10.3768
6581	-102.5231	-102.5235	-69.8852	0.6817	74.9328	0.7317	1.3e-04	10.3993
6582	-102.5710	-102.5712	-70.3476	0.6858	74.5037	0.7277	1.3e-04	10.4133
6583	-102.5538	-102.5542	-69.7715	0.6803	75.0570	0.7329	1.3e-04	10.4090
6584	-102.5553	-102.5554	-70.4742	0.6872	74.3862	0.7263	1.3e-04	10.4116
6585	-102.5531	-102.5533	-70.2764	0.6853	74.5979	0.7283	1.3e-04	10.4220
6586	-102.5060	-102.5062	-70.3566	0.6864	74.4503	0.7272	1.3e-04	10.3869
6587	-102.5610	-102.5611	-70.7872	0.6902	74.1256	0.7236	1.3e-04	10.4111
6588	-102.5503	-102.5504	-70.7974	0.6904	74.0480	0.7230	1.3e-04	10.4133
6589	-102.6234	-102.6235	-71.0216	0.6921	73.9751	0.7218	1.3e-04	10.4125
6590	-102.5805	-102.5810	-69.5516	0.6780	75.2733	0.7348	1.3e-04	10.3934
6591	-102.5747	-102.5748	-70.5430	0.6877	74.3864	0.7259	1.3e-04	10.4180
6592	-102.5271	-102.5271	-71.7645	0.7000	73.1333	0.7141	1.3e-04	10.3778
6593	-102.4952	-102.4953	-70.9220	0.6920	73.8946	0.7219	1.3e-04	10.4011
6594	-102.5194	-102.5194	-71.0512	0.6931	73.8274	0.7209	1.3e-04	10.4155
6595	-102.5655	-102.5655	-71.4223	0.6964	73.5316	0.7176	1.3e-04	10.3927
6596	-102.5296	-102.5296	-71.1577	0.6940	73.7318	0.7199	1.3e-04	10.4091
6597	-102.5660	-102.5660	-72.2897	0.7048	72.6587	0.7093	1.3e-04	10.4174
6598	-102.5392	-102.5392	-71.6800	0.6990	73.2541	0.7150	1.3e-04	10.3785
6599	-102.5209	-102.5210	-71.4426	0.6969	73.4540	0.7172	1.3e-04	10.3997
6600	-102.5612	-102.5612	-72.3042	0.7050	72.6331	0.7092	1.3e-04	10.4104
6601	-102.5636	-102.5636	-72.4293	0.7062	72.5563	0.7080	1.3e-04	10.4904
6602	-102.5211	-102.5211	-71.3643	0.6961	73.5220	0.7180	1.3e-04	10.4127
6603	-102.5558	-102.5558	-72.3964	0.7059	72.5377	0.7083	1.3e-04	10.4173
6604	-102.4965	-102.4965	-72.8017	0.7103	72.0800	0.7039	1.3e-04	10.3746
6605	-102.5553	-102.5553	-72.7605	0.7095	72.1835	0.7047	1.3e-04	10.3919
6606	-102.5395	-102.5395	-72.7208	0.7092	72.2192	0.7050	1.3e-04	10.4125
6607	-102.5276	-102.5276	-72.7062	0.7091	72.1869	0.7050	1.3e-04	10.4116
6608	-102.5468	-102.5468	-72.6702	0.7087	72.2763	0.7056	1.3e-04	10.4123
6609	-102.5260	-102.5260	-72.6384	0.7085	72.2476	0.7056	1.3e-04	10.4224
6610	-102.5358	-102.5358	-72.8698	0.7107	72.0283	0.7035	1.3e-04	10.3880
6611	-102.5556	-102.5556	-73.1216	0.7130	71.8414	0.7012	1.3e-04	10.4104
6612	-102.5498	-102.5498	-72.4285	0.7063	72.5152	0.7079	1.3e-04	10.4148
6613	-102.5060	-102.5060	-71.8755	0.7012	72.9953	0.7129	1.3e-04	10.4165
6614	-102.5675	-102.5675	-72.6623	0.7084	72.2933	0.7058	1.3e-04	10.4136
6615	-102.5844	-102.5844	-72.0190	0.7020	72.9316	0.7120	1.3e-04	10.4197
6616	-102.5435	-102.5435	-72.3418	0.7055	72.5912	0.7086	1.3e-04	10.3713
6617	-102.6196	-102.6196	-71.6936	0.6986	73.3006	0.7153	1.3e-04	10.4191
6618	-102.5278	-102.5278	-71.9332	0.7016	72.9908	0.7125	1.3e-04	10.4171
6619	-102.5699	-102.5700	-71.0475	0.6927	73.8630	0.7211	1.3e-04	10.4118
6620	-102.5600	-102.5600	-71.7783	0.6999	73.1417	0.7143	1.3e-04	10.4147
6621	-102.5252	-102.5252	-71.9169	0.7015	72.9764	0.7127	1.3e-04	10.4205
6622	-102.5615	-102.5615	-72.5480	0.7074	72.3875	0.7068	1.3e-04	10.3859
6623	-102.5302	-102.5302	-72.7802	0.7098	72.1283	0.7042	1.3e-04	10.4048
6624	-102.5631	-102.5631	-71.2822	0.6950	73.6473	0.7189	1.3e-04	10.4120
6625	-102.5672	-102.5672	-72.6482	0.7083	72.2983	0.7059	1.3e-04	10.4134
6626	-102.5516	-102.5516	-72.7749	0.7096	72.1362	0.7044	1.3e-04	10.4149
6627	-102.5729	-102.5729	-71.5870	0.6979	73.3635	0.7162	1.3e-04	10.4194
6628	-102.5417	-102.5417	-72.9434	0.7114	71.9616	0.7027	1.3e-04	10.3751
6629	-102.5538	-102.5538	-72.8668	0.7105	72.0440	0.7034	1.3e-04	10.3833
6630	-102.5006	-102.5006	-72.6787	0.7091	72.2076	0.7051	1.3e-04	10.4160
6631	-102.6026	-102.6026	-72.4833	0.7064	72.5107	0.7077	1.3e-04	10.4139
6632	-102.5419	-102.5419	-72.4868	0.7069	72.4368	0.7073	1.3e-04	10.4099
6633	-102.5668	-102.5668	-72.5199	0.7070	72.4282	0.7071	1.3e-04	10.4198
6634	-102.5543	-102.5543	-71.9783	0.7019	72.9716	0.7123	1.3e-04	10.3753
6635	-102.5282	-102.5282	-72.4733	0.7069	72.4285	0.7074	1.3e-04	10.4002
6636	-102.5479	-102.5479	-72.9744	0.7116	71.9543	0.7025	1.3e-04	10.4112
6637	-102.5506	-102.5506	-72.3568	0.7056	72.5925	0.7086	1.3e-04	10.4157
6638	-102.5559	-102.5559	-71.8981	0.7011	73.0331	0.7130	1.3e-04	10.4157
6639	-102.5548	-102.5548	-71.7785	0.6999	73.1477	0.7142	1.3e-04	10.4208
6640	-102.5246	-102.5246	-71.9261	0.7015	72.9402	0.7124	1.3e-04	10.3866
6641	-102.5558	-102.5558	-71.7746	0.6999	73.1571	0.7140	1.3e-04	10.4097
6642	-102.5670	-102.5670	-72.1568	0.7035	72.7888	0.7107	1.3e-04	10.4144
6643	-102.5649	-102.5649	-71.9289	0.7013	73.0066	0.7128	1.3e-04	10.4125
6644	-102.5275	-102.5275	-71.7666	0.7000	73.1213	0.7139	1.3e-04	10.4127
6645	-102.5101	-102.5101	-71.8273	0.7007	73.0489	0.7135	1.3e-04	10.4195
6646	-102.5887	-102.5887	-71.1965	0.6940	73.7429	0.7200	1.3e-04	10.3802
6647	-102.5263	-102.5264	-70.8522	0.6911	74.0032	0.7228	1.3e-04	10.3992
6648	-102.5891	-102.5891	-71.3125	0.6951	73.6380	0.7188	1.3e-04	10.4136
6649	-102.5495	-102.5495	-71.3473	0.6957	73.5761	0.7183	1.3e-04	10.4156
6650	-102.5452	-102.5453	-70.4132	0.6867	74.4472	0.7270	1.3e-04	10.4143
6651	-102.5391	-102.5394	-70.1179	0.6838	74.7163	0.7296	1.3e-04	10.4218
6652	-102.5591	-102.5592	-71.2815	0.6950	73.6349	0.7189	1.3e-04	10.3837
6653	-102.5582	-102.5582	-70.9779	0.6921	73.9173	0.7218	1.3e-04	10.4085
6654	-102.5126	-102.5127	-70.6707	0.6894	74.1787	0.7244	1.3e-04	10.4132
6655	-102.5555	-102.5557	-70.4353	0.6868	74.4304	0.7268	1.3e-04	10.4114
6656	-102.5117	-102.5119	-70.3945	0.6867	74.4549	0.7268	1.3e-04	10.4118
6657	-102.5287	-102.5289	-70.4785	0.6874	74.3893	0.7263	1.3e-04	10.4205
6658	-102.5233	-102.5235	-70.3084	0.6858	74.5382	0.7278	1.3e-04	10.3789
6659	-102.5692	-102.5696	-69.6655	0.6792	75.1709	0.7339	1.3e-04	10.3997
6660	-102.5446	-102.5450	-69.6957	0.6797	75.1348	0.7335	1.3e-04	10.4103
6661	-102.5348	-102.5349	-70.8272	0.6908	74.0818	0.7231	1.3e-04	10.4110
6662	-102.5097	-102.5099	-70.4205	0.6870	74.4257	0.7267	1.3e-04	10.4152
6663	-102.5898	-102.5900	-70.6084	0.6883	74.3072	0.7254	1.3e-04	10.4148
6664	-102.5318	-102.5320	-70.6844	0.6894	74.1825	0.7244	1.3e-04	10.3766
6665	-102.5475	-102.5475	-71.0662	0.6930	73.8020	0.7207	1.3e-04	10.4173
6666	-102.5628	-102.5629	-70.9242	0.6915	73.9876	0.7223	1.3e-04	10.4124
6667	-102.5644	-102.5645	-70.6950	0.6893	74.2011	0.7245	1.3e-04	10.4103
6668	-102.5533	-102.5534	-70.7088	0.6895	74.1561	0.7241	1.3e-04	10.4136
6669	-102.5540	-102.5540	-71.2256	0.6945	73.6970	0.7195	1.3e-04	10.4208
6670	-102.5194	-102.5194	-71.8795	0.7011	73.0147	0.7130	1.3e-04	10.3884
6671	-102.5349	-102.5349	-72.2396	0.7045	72.6798	0.7097	1.3e-04	10.4110
6672	-102.6011	-102.6011	-72.4325	0.7060	72.5439	0.7082	1.3e-04	10.4103
6673	-102.5400	-102.5400	-71.9194	0.7014	73.0105	0.7128	1.3e-04	10.4176
6674	-102.5129	-102.5129	-71.6175	0.6986	73.2528	0.7154	1.3e-04	10.4115
6675	-102.5747	-102.5747	-72.5874	0.7077	72.3848	0.7066	1.3e-04	10.3850
6676	-102.5448	-102.5448	-71.3554	0.6958	73.5341	0.7182	1.3e-04	10.3726
6677	-102.5824	-102.5824	-71.9393	0.7013	73.0235	0.7129	1.3e-04	10.4019
6678	-102.4929	-102.4929	-71.4833	0.6974	73.3691	0.7165	1.3e-04	10.4164
6679	-102.5590	-102.5590	-71.4815	0.6970	73.4510	0.7170	1.3e-04	10.4141
6680	-102.5631	-102.5631	-71.6248	0.6983	73.3187	0.7157	1.3e-04	10.4126
6681	-102.5869	-102.5869	-71.5301	0.6973	73.4246	0.7168	1.3e-04	10.4213
6682	-102.5755	-102.5755	-72.0731	0.7026	72.9043	0.7115	1.3e-04	10.3887
6683	-102.5063	-102.5063	-71.4532	0.6971	73.4270	0.7170	1.3e-04	10.4127
6684	-102.5739	-102.5739	-72.8637	0.7104	72.0785	0.7036	1.3e-04	10.4097
6685	-102.5319	-102.5319	-71.8520	0.7008	73.0741	0.7134	1.3e-04	10.4103
6686	-102.5243	-102.5243	-72.3281	0.7055	72.5784	0.7087	1.3e-04	10.4176
6687	-102.5517	-102.5517	-71.7689	0.6998	73.1509	0.7142	1.3e-04	10.4188
6688	-102.5134	-102.5134	-71.8684	0.7011	73.0112	0.7131	1.3e-04	10.3801
6689	-102.5267	-102.5267	-72.3164	0.7053	72.5928	0.7087	1.3e-04	10.4043
6690	-102.5677	-102.5678	-70.9545	0.6918	73.9865	0.7221	1.3e-04	10.4130
6691	-102.5489	-102.5489	-71.6040	0.6982	73.3255	0.7159	1.3e-04	10.4138
6692	-102.5766	-102.5766	-70.9495	0.6917	73.9902	0.7222	1.3e-04	10.4103
6693	-102.5382	-102.5382	-71.9178	0.7014	72.9956	0.7127	1.3e-04	10.4156
6694	-102.5538	-102.5538	-72.3586	0.7056	72.5875	0.7086	1.3e-04	10.3789
6695	-102.5227	-102.5227	-71.9917	0.7022	72.8909	0.7120	1.3e-04	10.4054
6696	-102.5372	-102.5372	-71.9963	0.7021	72.9158	0.7120	1.3e-04	10.4119
6697	-102.5312	-102.5312	-72.4690	0.7068	72.4197	0.7074	1.3e-04	10.4116
6698	-102.5577	-102.5577	-71.7514	0.6996	73.1673	0.7145	1.3e-04	10.4121
6699	-102.5642	-102.5642	-71.7578	0.6996	73.1546	0.7142	1.3e-04	10.4169
6700	-102.5017	-102.5017	-71.7642	0.7001	73.1112	0.7140	1.3e-04	10.3824
6701	-102.5545	-102.5546	-71.0792	0.6931	73.8424	0.7209	1.3e-04	10.4732
6702	-102.5246	-102.5247	-71.0964	0.6935	73.7650	0.7203	1.3e-04	10.4087
6703	-102.5769	-102.5769	-71.1664	0.6938	73.7629	0.7202	1.3e-04	10.3927
6704	-102.5223	-102.5223	-71.2151	0.6946	73.6630	0.7193	1.3e-04	10.3941
6705	-102.5553	-102.5554	-70.8737	0.6911	73.9921	0.7227	1.3e-04	10.4194
6706	-102.5776	-102.5777	-70.7702	0.6899	74.1285	0.7237	1.3e-04	10.3680
6707	-102.5635	-102.5635	-71.6868	0.6990	73.2616	0.7152	1.3e-04	10.4005
6708	-102.5643	-102.5647	-69.6622	0.6792	75.1827	0.7339	1.3e-04	10.4152
6709	-102.5930	-102.5931	-71.1973	0.6940	73.7589	0.7200	1.3e-04	10.4162
6710	-102.5746	-102.5747	-70.9641	0.6918	73.9698	0.7220	1.3e-04	10.4139
6711	-102.5170	-102.5172	-70.6261	0.6889	74.2263	0.7248	1.3e-04	10.4196
6712	-102.5807	-102.5808	-70.8737	0.6909	74.0470	0.7229	1.3e-04	10.3677
6713	-102.5965	-102.5966	-70.6181	0.6883	74.3098	0.7254	1.3e-04	10.3978
6714	-102.5510	-102.5511	-70.8412	0.6908	74.0704	0.7231	1.3e-04	10.4097
6715	-102.5576	-102.5576	-71.3058	0.6953	73.6198	0.7187	1.3e-04	10.4140
6716	-102.5262	-102.5263	-70.6531	0.6891	74.2058	0.7246	1.3e-04	10.4110
6717	-102.5559	-102.5562	-70.2938	0.6854	74.6047	0.7281	1.3e-04	10.4205
6718	-102.5565	-102.5566	-71.1731	0.6940	73.7483	0.7200	1.3e-04	10.3817
6719	-102.5596	-102.5596	-72.2703	0.7047	72.6717	0.7095	1.3e-04	10.4046
6720	-102.5380	-102.5380	-71.5227	0.6975	73.4006	0.7166	1.3e-04	10.4101
6721	-102.5453	-102.5453	-71.6786	0.6990	73.2327	0.7151	1.3e-04	10.4137
6722	-102.5571	-102.5571	-72.3564	0.7055	72.5733	0.7085	1.3e-04	10.4132
6723	-102.5422	-102.5422	-72.1940	0.7040	72.7680	0.7101	1.3e-04	10.4181
6724	-102.5682	-102.5682	-71.6414	0.6985	73.3039	0.7156	1.3e-04	10.3757
6725	-102.5339	-102.5339	-72.2031	0.7042	72.7276	0.7100	1.3e-04	10.4011
6726	-102.5341	-102.5341	-72.1312	0.7035	72.7930	0.7107	1.3e-04	10.4134
6727	-102.5617	-102.5617	-73.3525	0.7152	71.5936	0.6989	1.3e-04	10.4129
6728	-102.5424	-102.5424	-72.5478	0.7075	72.3668	0.7067	1.3e-04	10.4159
6729	-102.5244	-102.5244	-73.1928	0.7139	71.6987	0.7002	1.3e-04	10.4184
6730	-102.5007	-102.5007	-71.9387	0.7018	72.9263	0.7123	1.3e-04	10.3669
6731	-102.5533	-102.5533	-71.4916	0.6971	73.4120	0.7169	1.3e-04	10.3997
6732	-102.5177	-102.5177	-72.0572	0.7029	72.8615	0.7113	1.3e-04	10.4124
6733	-102.5089	-102.5089	-72.3462	0.7058	72.5643	0.7084	1.3e-04	10.4177
6734	-102.5529	-102.5529	-72.2270	0.7043	72.7229	0.7098	1.3e-04	10.4118
6735	-102.5255	-102.5255	-72.3446	0.7056	72.5594	0.7086	1.3e-04	10.4207
6736	-102.4868	-102.4868	-71.3843	0.6965	73.4573	0.7173	1.3e-04	10.3758
6737	-102.5477	-102.5477	-72.2968	0.7050	72.6242	0.7091	1.3e-04	10.4008
6738	-102.5408	-102.5408	-72.6295	0.7083	72.3065	0.7059	1.3e-04	10.4173
6739	-102.5346	-102.5346	-73.2229	0.7141	71.7057	0.6999	1.3e-04	10.4147
6740	-102.5105	-102.5105	-72.6021	0.7082	72.3004	0.7060	1.3e-04	10.4106
6741	-102.5321	-102.5321	-73.4909	0.7168	71.4190	0.6973	1.3e-04	10.4153
6742	-102.5321	-102.5321	-72.0223	0.7024	72.8941	0.7117	1.3e-04	10.3727
6743	-102.5317	-102.5317	-72.3509	0.7056	72.5386	0.7083	1.3e-04	10.3805
6744	-102.5624	-102.5624	-72.4853	0.7067	72.4842	0.7075	1.3e-04	10.4126
6745	-102.5762	-102.5762	-72.1662	0.7035	72.8032	0.7107	1.3e-04	10.4148
6746	-102.5478	-102.5478	-72.7729	0.7096	72.1624	0.7044	1.3e-04	10.4152
6747	-102.5157	-102.5157	-73.5015	0.7170	71.3913	0.6970	1.3e-04	10.4156
6748	-102.5676	-102.5676	-73.0982	0.7127	71.8620	0.7015	1.3e-04	10.3795
6749	-102.5077	-102.5077	-73.1875	0.7140	71.6953	0.7002	1.3e-04	10.4070
6750	-102.5503	-102.5503	-73.2774	0.7146	71.6447	0.6992	1.3e-04	10.4138
6751	-102.5358	-102.5358	-73.1302	0.7132	71.7640	0.7008	1.3e-04	10.4101
6752	-102.5760	-102.5760	-73.7443	0.7189	71.2253	0.6951	1.3e-04	10.4097
6753	-102.5730	-102.5730	-73.2439	0.7141	71.7219	0.7000	1.3e-04	10.4173
6754	-102.5276	-102.5276	-73.5605	0.7175	71.3414	0.6966	1.3e-04	10.3727
6755	-102.5333	-102.5333	-72.6136	0.7082	72.3007	0.7060	1.3e-04	10.4020
6756	-102.5465	-102.5465	-73.7192	0.7189	71.1968	0.6951	1.3e-04	10.4112
6757	-102.5201	-102.5201	-74.5870	0.7275	70.2734	0.6861	1.3e-04	10.4136
6758	-102.5599	-102.5599	-72.7751	0.7096	72.1842	0.7046	1.3e-04	10.4144
6759	-102.5418	-102.5418	-73.5733	0.7175	71.3663	0.6966	1.3e-04	10.4178
6760	-102.5547	-102.5547	-73.1606	0.7134	71.7774	0.7008	1.3e-04	10.3766
6761	-102.5644	-102.5644	-73.7199	0.7188	71.2085	0.6951	1.3e-04	10.4002
6762	-102.5148	-102.5148	-73.3946	0.7159	71.5233	0.6982	1.3e-04	10.4120
6763	-102.5674	-102.5674	-73.2748	0.7144	71.6405	0.6995	1.3e-04	10.4122
6764	-102.5534	-102.5534	-74.1491	0.7230	70.7548	0.6907	1.3e-04	10.4061
6765	-102.5613	-102.5613	-74.1351	0.7228	70.7637	0.6909	1.3e-04	10.4104
6766	-102.5439	-102.5439	-73.6766	0.7185	71.2500	0.6955	1.3e-04	10.3719
6767	-102.5440	-102.5440	-73.8876	0.7205	71.0168	0.6932	1.3e-04	10.4032
6768	-102.5480	-102.5480	-74.2082	0.7236	70.6813	0.6901	1.3e-04	10.4079
6769	-102.5540	-102.5540	-73.7074	0.7187	71.1750	0.6951	1.3e-04	10.4119
6770	-102.5497	-102.5497	-74.6483	0.7279	70.2302	0.6856	1.3e-04	10.4121
6771	-102.5690	-102.5690	-73.8265	0.7198	71.1146	0.6940	1.3e-04	10.4177
6772	-102.5464	-102.5464	-74.6940	0.7284	70.1826	0.6851	1.3e-04	10.3688
6773	-102.5555	-102.5555	-74.7653	0.7290	70.1078	0.6845	1.3e-04	10.4031
6774	-102.5415	-102.5415	-74.3967	0.7255	70.4709	0.6881	1.3e-04	10.4142
6775	-102.5612	-102.5612	-74.8514	0.7298	70.0205	0.6836	1.3e-04	10.4127
6776	-102.4832	-102.4832	-73.7949	0.7201	71.0317	0.6938	1.3e-04	10.4095
6777	-102.5608	-102.5608	-74.4893	0.7263	70.4168	0.6874	1.3e-04	10.4194
6778	-102.5244	-102.5244	-74.2786	0.7245	70.6076	0.6893	1.3e-04	10.3807
6779	-102.5651	-102.5651	-73.8082	0.7196	71.1313	0.6944	1.3e-04	10.4080
6780	-102.5519	-102.5519	-73.7438	0.7191	71.1587	0.6949	1.3e-04	10.4097
6781	-102.5539	-102.5539	-74.1974	0.7235	70.6665	0.6902	1.3e-04	10.4122
6782	-102.5322	-102.5322	-74.1166	0.7229	70.7543	0.6910	1.3e-04	10.4144
6783	-102.5721	-102.5721	-75.0057	0.7312	69.8845	0.6821	1.3e-04	10.4133
6784	-102.5289	-102.5289	-74.1090	0.7228	70.7661	0.6909	1.3e-04	10.3691
6785	-102.5400	-102.5400	-73.3113	0.7150	71.5997	0.6991	1.3e-04	10.4017
6786	-102.5515	-102.5515	-73.4626	0.7163	71.4447	0.6975	1.3e-04	10.4108
6787	-102.5671	-102.5671	-73.6162	0.7177	71.2990	0.6962	1.3e-04	10.4128
6788	-102.5654	-102.5654	-72.8167	0.7100	72.1351	0.7041	1.3e-04	10.4155
6789	-102.5574	-102.5574	-73.3822	0.7155	71.5724	0.6986	1.3e-04	10.4180
6790	-102.5573	-102.5573	-72.5110	0.7070	72.4275	0.7072	1.3e-04	10.3840
6791	-102.5469	-102.5469	-73.0940	0.7128	71.8392	0.7014	1.3e-04	10.3984
6792	-102.5382	-102.5382	-72.3891	0.7060	72.5426	0.7082	1.3e-04	10.4127
6793	-102.5801	-102.5801	-72.7134	0.7088	72.2556	0.7053	1.3e-04	10.4186
6794	-102.5376	-102.5376	-73.2051	0.7139	71.6794	0.7002	1.3e-04	10.4150
6795	-102.5388	-102.5388	-73.7960	0.7197	71.0964	0.6942	1.3e-04	10.4198
6796	-102.5303	-102.5303	-72.5414	0.7075	72.3866	0.7067	1.3e-04	10.3782
6797	-102.5813	-102.5813	-72.7340	0.7090	72.2418	0.7051	1.3e-04	10.4026
6798	-102.5564	-102.5564	-72.4442	0.7064	72.4985	0.7078	1.3e-04	10.4127
6799	-102.5192	-102.5192	-72.8900	0.7110	71.9979	0.7032	1.3e-04	10.4113
6800	-102.5621	-102.5621	-72.8917	0.7107	72.0469	0.7035	1.3e-04	10.4134
6801	-102.5591	-102.5591	-72.9218	0.7110	72.0118	0.7031	1.3e-04	10.4764
6802	-102.5383	-102.5383	-72.4264	0.7063	72.5089	0.7079	1.3e-04	10.3625
6803	-102.5427	-102.5427	-73.5496	0.7173	71.3562	0.6967	1.3e-04	10.4102
6804	-102.5335	-102.5335	-72.6661	0.7087	72.2341	0.7054	1.3e-04	10.3906
6805	-102.5682	-102.5682	-71.8794	0.7008	73.0938	0.7134	1.3e-04	10.4109
6806	-102.5494	-102.5494	-72.6366	0.7083	72.3076	0.7059	1.3e-04	10.3977
6807	-102.5252	-102.5253	-71.2384	0.6948	73.6422	0.7192	1.3e-04	10.4018
6808	-102.5171	-102.5171	-72.1177	0.7035	72.7505	0.7106	1.3e-04	10.3765
6809	-102.5378	-102.5378	-71.9668	0.7019	72.9572	0.7123	1.3e-04	10.4011
6810	-102.5317	-102.5317	-72.0690	0.7029	72.8285	0.7110	1.3e-04	10.4156
6811	-102.5672	-102.5672	-71.6227	0.6983	73.3163	0.7157	1.3e-04	10.4127
6812	-102.5444	-102.5444	-72.0118	0.7022	72.9025	0.7119	1.3e-04	10.4098
6813	-102.5406	-102.5406	-71.1370	0.6937	73.7529	0.7200	1.3e-04	10.4188
6814	-102.5556	-102.5556	-72.0901	0.7029	72.8197	0.7110	1.3e-04	10.3814
6815	-102.5616	-102.5617	-70.9028	0.6913	74.0314	0.7225	1.3e-04	10.4167
6816	-102.5230	-102.5230	-71.9151	0.7015	72.9767	0.7126	1.3e-04	10.4127
6817	-102.5491	-102.5492	-70.5912	0.6884	74.2955	0.7254	1.3e-04	10.4115
6818	-102.5607	-102.5607	-71.1310	0.6936	73.8145	0.7204	1.3e-04	10.4124
6819	-102.5423	-102.5423	-70.9382	0.6918	73.9567	0.7221	1.3e-04	10.4044
6820	-102.5645	-102.5646	-71.0653	0.6929	73.8842	0.7210	1.3e-04	10.3667
6821	-102.5966	-102.5967	-70.8563	0.6906	74.1002	0.7231	1.3e-04	10.4025
6822	-102.5324	-102.5325	-71.0894	0.6933	73.7889	0.7205	1.3e-04	10.4119
6823	-102.5133	-102.5134	-71.0851	0.6934	73.7534	0.7201	1.3e-04	10.4122
6824	-102.5677	-102.5677	-71.4187	0.6963	73.5024	0.7177	1.3e-04	10.4130
6825	-102.5598	-102.5601	-70.0412	0.6829	74.7955	0.7304	1.3e-04	10.4179
6826	-102.5328	-102.5328	-71.8093	0.7004	73.1071	0.7137	1.3e-04	10.3733
6827	-102.5313	-102.5313	-71.5436	0.6978	73.3764	0.7163	1.3e-04	10.3846
6828	-102.5408	-102.5409	-70.6927	0.6894	74.1871	0.7244	1.3e-04	10.4097
6829	-102.5773	-102.5774	-70.9234	0.6914	73.9999	0.7224	1.3e-04	10.3958
6830	-102.5522	-102.5523	-70.8880	0.6912	74.0531	0.7226	1.3e-04	10.4123
6831	-102.5551	-102.5553	-70.1911	0.6844	74.6890	0.7290	1.3e-04	10.4149
6832	-102.5137	-102.5138	-70.8201	0.6908	74.0562	0.7230	1.3e-04	10.3757
6833	-102.5492	-102.5495	-70.0324	0.6829	74.8345	0.7304	1.3e-04	10.4176
6834	-102.5431	-102.5431	-70.8702	0.6911	74.0144	0.7227	1.3e-04	10.3957
6835	-102.5705	-102.5707	-70.6842	0.6891	74.2231	0.7246	1.3e-04	10.4149
6836	-102.5324	-102.5324	-71.2357	0.6948	73.6479	0.7190	1.3e-04	10.4109
6837	-102.5409	-102.5409	-71.5107	0.6974	73.3845	0.7166	1.3e-04	10.4173
6838	-102.5575	-102.5575	-71.6822	0.6989	73.2540	0.7152	1.3e-04	10.3700
6839	-102.5359	-102.5359	-70.9402	0.6919	73.9604	0.7220	1.3e-04	10.4022
6840	-102.5185	-102.5185	-72.2362	0.7046	72.6655	0.7096	1.3e-04	10.4123
6841	-102.5417	-102.5417	-71.9091	0.7013	73.0346	0.7129	1.3e-04	10.4128
6842	-102.5543	-102.5543	-71.7392	0.6995	73.2067	0.7146	1.3e-04	10.4102
6843	-102.5296	-102.5296	-71.8317	0.7006	73.0507	0.7134	1.3e-04	10.4178
6844	-102.5581	-102.5581	-72.1243	0.7033	72.8188	0.7108	1.3e-04	10.3828
6845	-102.5431	-102.5431	-71.1609	0.6940	73.7354	0.7200	1.3e-04	10.4112
6846	-102.5691	-102.5691	-72.0598	0.7025	72.9070	0.7116	1.3e-04	10.4144
6847	-102.5358	-102.5358	-72.5668	0.7077	72.3415	0.7065	1.3e-04	10.4109
6848	-102.5498	-102.5498	-72.2213	0.7043	72.6813	0.7098	1.3e-04	10.3950
6849	-102.5303	-102.5303	-72.1535	0.7037	72.7835	0.7104	1.3e-04	10.4191
6850	-102.5794	-102.5794	-71.8456	0.7004	73.1422	0.7138	1.3e-04	10.3774
6851	-102.5326	-102.5326	-72.2426	0.7046	72.6765	0.7096	1.3e-04	10.3866
6852	-102.5427	-102.5427	-72.1836	0.7039	72.7408	0.7102	1.3e-04	10.4106
6853	-102.5754	-102.5754	-71.8885	0.7008	73.0919	0.7133	1.3e-04	10.3969
6854	-102.5254	-102.5254	-71.4108	0.6965	73.4836	0.7173	1.3e-04	10.4137
6855	-102.5104	-102.5104	-71.7815	0.7002	73.1051	0.7139	1.3e-04	10.3988
6856	-102.5254	-102.5254	-71.2877	0.6953	73.5989	0.7187	1.3e-04	10.3675
6857	-102.5538	-102.5539	-70.8745	0.6911	74.0341	0.7227	1.3e-04	10.4138
6858	-102.5610	-102.5610	-71.8091	0.7002	73.1246	0.7138	1.3e-04	10.4119
6859	-102.5379	-102.5379	-72.5577	0.7076	72.3709	0.7066	1.3e-04	10.4138
6860	-102.5637	-102.5637	-71.8997	0.7010	73.0553	0.7131	1.3e-04	10.4150
6861	-102.5188	-102.5188	-71.2981	0.6955	73.5767	0.7184	1.3e-04	10.3988
6862	-102.5202	-102.5202	-71.8391	0.7007	73.0353	0.7134	1.3e-04	10.3730
6863	-102.5177	-102.5177	-71.4496	0.6969	73.4389	0.7171	1.3e-04	10.3921
6864	-102.5462	-102.5462	-71.9335	0.7015	72.9917	0.7126	1.3e-04	10.4098
6865	-102.5131	-102.5132	-70.8599	0.6912	73.9977	0.7226	1.3e-04	10.4152
6866	-102.5739	-102.5740	-70.8791	0.6910	74.0440	0.7228	1.3e-04	10.4115
6867	-102.4913	-102.4913	-71.1121	0.6938	73.7340	0.7201	1.3e-04	10.4186
6868	-102.5420	-102.5423	-70.1136	0.6838	74.7429	0.7297	1.3e-04	10.3791
6869	-102.5749	-102.5749	-72.0451	0.7024	72.9327	0.7118	1.3e-04	10.3983
6870	-102.5040	-102.5041	-70.7563	0.6903	74.0993	0.7235	1.3e-04	10.4111
6871	-102.4966	-102.4968	-70.3181	0.6861	74.4988	0.7275	1.3e-04	10.4112
6872	-102.5586	-102.5590	-69.6048	0.6787	75.2224	0.7343	1.3e-04	10.4073
6873	-102.5005	-102.5006	-70.4975	0.6878	74.3255	0.7259	1.3e-04	10.3973
6874	-102.5234	-102.5236	-70.6014	0.6886	74.2691	0.7250	1.3e-04	10.3767
6875	-102.5414	-102.5416	-70.4331	0.6869	74.4299	0.7267	1.3e-04	10.4031
6876	-102.5089	-102.5092	-69.9916	0.6828	74.8118	0.7306	1.3e-04	10.4131
6877	-102.5758	-102.5760	-70.3575	0.6859	74.5728	0.7277	1.3e-04	10.4146
6878	-102.5421	-102.5424	-70.1393	0.6840	74.7172	0.7295	1.3e-04	10.4123
6879	-102.5005	-102.5007	-70.6643	0.6894	74.1807	0.7243	1.3e-04	10.3996
6880	-102.5529	-102.5529	-71.0549	0.6929	73.8394	0.7210	1.3e-04	10.3805
6881	-102.5868	-102.5872	-69.7111	0.6795	75.1638	0.7335	1.3e-04	10.4143
6882	-102.5180	-102.5184	-69.5581	0.6785	75.2398	0.7346	1.3e-04	10.3975
6883	-102.5259	-102.5261	-70.2064	0.6848	74.6038	0.7287	1.3e-04	10.4134
6884	-102.5480	-102.5481	-70.9662	0.6920	73.9347	0.7218	1.3e-04	10.4109
6885	-102.5107	-102.5109	-70.1098	0.6839	74.7208	0.7295	1.3e-04	10.4200
6886	-102.5128	-102.5130	-70.1638	0.6844	74.6646	0.7291	1.3e-04	10.3833
6887	-102.5674	-102.5676	-70.1871	0.6843	74.6862	0.7291	1.3e-04	10.4052
6888	-102.5420	-102.5422	-70.2645	0.6852	74.5883	0.7283	1.3e-04	10.4127
6889	-102.5082	-102.5083	-71.1622	0.6942	73.7167	0.7198	1.3e-04	10.4098
6890	-102.5338	-102.5342	-69.6664	0.6794	75.1299	0.7337	1.3e-04	10.4117
6891	-102.5740	-102.5740	-71.6026	0.6981	73.3420	0.7160	1.3e-04	10.4001
6892	-102.5183	-102.5184	-70.6971	0.6896	74.1420	0.7240	1.3e-04	10.3816
6893	-102.5071	-102.5072	-70.5576	0.6883	74.2857	0.7254	1.3e-04	10.4013
6894	-102.5584	-102.5588	-69.7037	0.6796	75.0955	0.7332	1.3e-04	10.4131
6895	-102.5385	-102.5387	-70.1020	0.6837	74.7558	0.7296	1.3e-04	10.4141
6896	-102.5853	-102.5856	-70.0511	0.6829	74.8511	0.7305	1.3e-04	10.4077
6897	-102.5471	-102.5475	-69.7018	0.6797	75.1071	0.7333	1.3e-04	10.4171
6898	-102.5252	-102.5253	-70.7448	0.6900	74.1167	0.7238	1.3e-04	10.3736
6899	-102.5605	-102.5608	-70.2519	0.6850	74.6328	0.7286	1.3e-04	10.4023
6900	-102.5107	-102.5107	-70.8057	0.6907	74.0559	0.7231	1.3e-04	10.4147
6901	-102.5669	-102.5670	-71.0574	0.6928	73.8900	0.7211	1.3e-04	10.4773
6902	-102.5719	-102.5719	-70.9788	0.6920	73.9473	0.7219	1.3e-04	10.3708
6903	-102.5707	-102.5708	-70.8031	0.6903	74.1121	0.7235	1.3e-04	10.3751
6904	-102.5162	-102.5162	-71.3598	0.6961	73.5007	0.7179	1.3e-04	10.3661
6905	-102.6000	-102.6000	-71.9638	0.7014	73.0483	0.7128	1.3e-04	10.3778
6906	-102.5629	-102.5629	-71.3710	0.6959	73.5468	0.7182	1.3e-04	10.3906
6907	-102.5502	-102.5502	-71.9444	0.7016	72.9519	0.7122	1.3e-04	10.3916
6908	-102.5353	-102.5353	-72.2632	0.7048	72.6674	0.7094	1.3e-04	10.3888
6909	-102.5506	-102.5506	-71.5619	0.6978	73.3202	0.7159	1.3e-04	10.3986
6910	-102.5692	-102.5692	-72.5798	0.7076	72.3549	0.7066	1.3e-04	10.3758
6911	-102.5334	-102.5334	-72.2539	0.7047	72.6551	0.7095	1.3e-04	10.3789
6912	-102.5393	-102.5393	-72.0203	0.7024	72.9081	0.7118	1.3e-04	10.4104
6913	-102.5330	-102.5330	-71.6224	0.6985	73.2512	0.7155	1.3e-04	10.4153
6914	-102.5148	-102.5148	-71.9831	0.7022	72.9272	0.7120	1.3e-04	10.3915
6915	-102.5299	-102.5299	-71.7104	0.6994	73.1903	0.7147	1.3e-04	10.4168
6916	-102.5138	-102.5138	-73.1160	0.7132	71.7575	0.7008	1.3e-04	10.3815
6917	-102.5269	-102.5269	-72.2947	0.7051	72.6028	0.7089	1.3e-04	10.4003
6918	-102.5581	-102.5581	-71.6626	0.6988	73.2716	0.7153	1.3e-04	10.3919
6919	-102.5206	-102.5206	-72.7710	0.7098	72.1237	0.7044	1.3e-04	10.4105
6920	-102.5441	-102.5441	-72.4679	0.7067	72.4477	0.7075	1.3e-04	10.4082
6921	-102.5809	-102.5809	-71.7570	0.6995	73.1453	0.7141	1.3e-04	10.3960
6922	-102.5459	-102.5462	-70.0128	0.6827	74.8344	0.7306	1.3e-04	10.3707
6923	-102.5320	-102.5320	-71.4478	0.6968	73.4247	0.7170	1.3e-04	10.3940
6924	-102.5691	-102.5691	-71.3750	0.6959	73.5654	0.7182	1.3e-04	10.4094
6925	-102.5482	-102.5483	-70.9544	0.6919	73.9279	0.7219	1.3e-04	10.4126
6926	-102.5939	-102.5939	-71.0203	0.6922	73.9537	0.7217	1.3e-04	10.3920
6927	-102.5291	-102.5291	-72.0058	0.7023	72.8853	0.7119	1.3e-04	10.3992
6928	-102.5350	-102.5350	-71.4481	0.6968	73.4543	0.7171	1.3e-04	10.3875
6929	-102.5432	-102.5432	-71.3671	0.6960	73.5365	0.7178	1.3e-04	10.4067
6930	-102.5499	-102.5499	-71.5206	0.6974	73.3562	0.7162	1.3e-04	10.3903
6931	-102.5332	-102.5332	-71.1906	0.6943	73.7063	0.7197	1.3e-04	10.3922
6932	-102.5565	-102.5567	-70.4344	0.6868	74.4332	0.7268	1.3e-04	10.3896
6933	-102.5635	-102.5636	-70.9105	0.6914	74.0043	0.7224	1.3e-04	10.4168
6934	-102.5312	-102.5312	-71.8496	0.7008	73.0238	0.7130	1.3e-04	10.3666
6935	-102.5308	-102.5308	-71.5820	0.6982	73.3114	0.7159	1.3e-04	10.4044
6936	-102.5572	-102.5572	-71.6731	0.6989	73.2628	0.7151	1.3e-04	10.4061
6937	-102.5485	-102.5485	-71.1512	0.6938	73.7636	0.7201	1.3e-04	10.3901
6938	-102.5856	-102.5856	-71.3695	0.6957	73.5461	0.7181	1.3e-04	10.3910
6939	-102.5015	-102.5016	-71.1657	0.6943	73.6840	0.7196	1.3e-04	10.3957
6940	-102.5407	-102.5408	-71.0409	0.6928	73.8424	0.7210	1.3e-04	10.3769
6941	-102.5999	-102.6000	-70.8893	0.6909	74.0580	0.7229	1.3e-04	10.4000
6942	-102.5705	-102.5705	-71.7637	0.6997	73.1827	0.7145	1.3e-04	10.4112
6943	-102.5131	-102.5131	-71.3897	0.6964	73.4888	0.7177	1.3e-04	10.3913
6944	-102.5310	-102.5310	-71.6331	0.6986	73.2449	0.7154	1.3e-04	10.3929
6945	-102.5158	-102.5158	-70.8926	0.6915	73.9570	0.7223	1.3e-04	10.3968
6946	-102.5319	-102.5322	-70.1161	0.6838	74.6894	0.7294	1.3e-04	10.3835
6947	-102.5694	-102.5695	-70.7743	0.6900	74.1139	0.7238	1.3e-04	10.4078
6948	-102.5192	-102.5193	-71.0131	0.6927	73.8547	0.7212	1.3e-04	10.3892
6949	-102.5373	-102.5374	-70.7556	0.6900	74.1230	0.7237	1.3e-04	10.4120
6950	-102.5132	-102.5132	-70.8285	0.6909	74.0207	0.7227	1.3e-04	10.3908
6951	-102.5695	-102.5695	-71.5242	0.6973	73.4490	0.7168	1.3e-04	10.3965
6952	-102.5287	-102.5287	-71.0477	0.6930	73.7845	0.7207	1.3e-04	10.3754
6953	-102.5448	-102.5448	-71.1877	0.6942	73.6310	0.7192	1.3e-04	10.3823
6954	-102.5391	-102.5391	-71.4948	0.6972	73.4083	0.7168	1.3e-04	10.3903
6955	-102.5715	-102.5716	-71.3284	0.6954	73.6025	0.7185	1.3e-04	10.3911
6956	-102.5490	-102.5493	-70.0921	0.6835	74.7512	0.7300	1.3e-04	10.3892
6957	-102.5540	-102.5540	-71.2959	0.6952	73.6088	0.7186	1.3e-04	10.3974
6958	-102.5278	-102.5279	-71.2060	0.6945	73.6849	0.7195	1.3e-04	10.3683
6959	-102.5645	-102.5645	-71.4099	0.6962	73.5306	0.7177	1.3e-04	10.3895
6960	-102.5137	-102.5139	-70.1994	0.6848	74.5950	0.7286	1.3e-04	10.4088
6961	-102.5127	-102.5128	-71.0233	0.6928	73.8488	0.7211	1.3e-04	10.3927
6962	-102.5961	-102.5965	-69.7307	0.6797	75.1330	0.7334	1.3e-04	10.4059
6963	-102.5351	-102.5351	-72.5034	0.7071	72.4189	0.7070	1.3e-04	10.4150
6964	-102.5557	-102.5559	-70.3243	0.6857	74.5295	0.7278	1.3e-04	10.3726
6965	-102.5641	-102.5641	-72.2438	0.7044	72.6977	0.7097	1.3e-04	10.4014
6966	-102.5346	-102.5346	-71.5674	0.6980	73.3401	0.7161	1.3e-04	10.4084
6967	-102.5456	-102.5456	-71.7296	0.6995	73.1852	0.7146	1.3e-04	10.3926
6968	-102.5733	-102.5733	-71.8844	0.7008	73.0712	0.7133	1.3e-04	10.3926
6969	-102.5538	-102.5538	-71.5663	0.6978	73.3529	0.7162	1.3e-04	10.3947
6970	-102.5519	-102.5519	-72.5413	0.7074	72.3892	0.7068	1.3e-04	10.3657
6971	-102.5018	-102.5018	-72.5914	0.7082	72.2916	0.7060	1.3e-04	10.4027
6972	-102.5624	-102.5624	-73.1039	0.7128	71.8356	0.7014	1.3e-04	10.4110
6973	-102.5643	-102.5643	-71.7310	0.6994	73.2009	0.7148	1.3e-04	10.4129
6974	-102.5406	-102.5406	-72.4383	0.7064	72.4754	0.7076	1.3e-04	10.4088
6975	-102.5671	-102.5671	-72.8387	0.7102	72.1352	0.7040	1.3e-04	10.3969
6976	-102.5292	-102.5292	-72.5468	0.7076	72.3527	0.7066	1.3e-04	10.3707
6977	-102.5239	-102.5239	-72.9528	0.7116	71.9548	0.7026	1.3e-04	10.3691
6978	-102.5547	-102.5547	-72.3087	0.7051	72.6393	0.7091	1.3e-04	10.3951
6979	-102.5935	-102.5935	-73.6665	0.7180	71.2873	0.6960	1.3e-04	10.3944
6980	-102.5244	-102.5244	-72.6758	0.7089	72.2194	0.7053	1.3e-04	10.3898
6981	-102.5344	-102.5344	-72.2931	0.7051	72.6314	0.7091	1.3e-04	10.4155
6982	-102.5091	-102.5091	-72.6268	0.7085	72.1872	0.7052	1.3e-04	10.3735
6983	-102.5578	-102.5578	-72.4223	0.7062	72.4996	0.7079	1.3e-04	10.3832
6984	-102.5669	-102.5669	-72.6700	0.7085	72.2732	0.7056	1.3e-04	10.3909
6985	-102.5347	-102.5347	-72.0689	0.7029	72.8393	0.7113	1.3e-04	10.4119
6986	-102.5178	-102.5178	-72.6502	0.7087	72.1527	0.7048	1.3e-04	10.3925
6987	-102.5071	-102.5071	-72.1732	0.7041	72.6895	0.7101	1.3e-04	10.3920
6988	-102.5662	-102.5662	-71.8040	0.7001	73.1632	0.7141	1.3e-04	10.3656
6989	-102.5729	-102.5729	-72.2719	0.7046	72.6903	0.7096	1.3e-04	10.3864
6990	-102.5409	-102.5409	-72.6254	0.7083	72.3073	0.7059	1.3e-04	10.3918
6991	-102.5273	-102.5273	-72.5365	0.7075	72.3709	0.7067	1.3e-04	10.3936
6992	-102.5504	-102.5504	-71.7595	0.6997	73.1606	0.7144	1.3e-04	10.3890
6993	-102.5024	-102.5024	-71.5910	0.6984	73.2640	0.7157	1.3e-04	10.3930
6994	-102.5755	-102.5757	-70.4253	0.6866	74.4606	0.7270	1.3e-04	10.3605
6995	-102.5531	-102.5531	-71.5397	0.6976	73.3813	0.7165	1.3e-04	10.3907
6996	-102.5337	-102.5338	-71.0159	0.6926	73.8923	0.7213	1.3e-04	10.3942
6997	-102.5380	-102.5380	-71.3766	0.6961	73.5266	0.7179	1.3e-04	10.3923
6998	-102.5649	-102.5649	-71.3184	0.6953	73.5912	0.7186	1.3e-04	10.3893
6999	-102.5587	-102.5587	-71.4957	0.6971	73.4561	0.7169	1.3e-04	10.3979
7000	-102.5074	-102.5074	-71.5542	0.6980	73.3336	0.7160	1.2e-04	10.3727
7001	-102.5271	-102.5272	-71.0445	0.6929	73.8142	0.7209	1.2e-04	10.4455
7002	-102.5220	-102.5221	-71.0971	0.6935	73.7767	0.7205	1.2e-04	10.3693
7003	-102.5620	-102.5621	-70.8950	0.6912	74.0186	0.7226	1.2e-04	10.3867
7004	-102.5418	-102.5419	-70.7886	0.6903	74.0551	0.7232	1.2e-04	10.3885
7005	-102.5517	-102.5517	-71.0883	0.6932	73.8087	0.7207	1.2e-04	10.3919
7006	-102.5385	-102.5386	-70.8372	0.6908	74.0185	0.7229	1.2e-04	10.3614
7007	-102.5419	-102.5419	-71.9626	0.7018	72.9618	0.7124	1.2e-04	10.3813
7008	-102.5442	-102.5443	-70.6897	0.6894	74.1972	0.7243	1.2e-04	10.3916
7009	-102.5499	-102.5499	-71.2866	0.6951	73.6367	0.7189	1.2e-04	10.3947
7010	-102.5548	-102.5551	-70.0085	0.6826	74.8475	0.7307	1.2e-04	10.3906
7011	-102.5662	-102.5665	-70.2067	0.6845	74.6667	0.7289	1.2e-04	10.3820
7012	-102.5561	-102.5562	-70.8323	0.6907	74.0436	0.7231	1.2e-04	10.3650
7013	-102.5418	-102.5419	-70.8371	0.6908	74.0388	0.7230	1.2e-04	10.3814
7014	-102.5385	-102.5387	-70.5074	0.6876	74.3588	0.7261	1.2e-04	10.4095
7015	-102.5447	-102.5447	-71.0712	0.6931	73.8298	0.7208	1.2e-04	10.3950
7016	-102.5211	-102.5213	-70.3043	0.6858	74.5287	0.7278	1.2e-04	10.3892
7017	-102.5425	-102.5425	-70.8958	0.6914	73.9760	0.7223	1.2e-04	10.4009
7018	-102.5904	-102.5905	-70.8338	0.6905	74.0964	0.7231	1.2e-04	10.3611
7019	-102.5515	-102.5515	-71.5810	0.6980	73.3418	0.7161	1.2e-04	10.3764
7020	-102.5754	-102.5756	-70.3919	0.6862	74.5264	0.7274	1.2e-04	10.3904
7021	-102.5817	-102.5818	-70.6201	0.6884	74.3130	0.7253	1.2e-04	10.3894
7022	-102.4965	-102.4966	-71.0037	0.6927	73.8566	0.7212	1.2e-04	10.3919
7023	-102.5529	-102.5530	-70.7857	0.6902	74.1111	0.7234	1.2e-04	10.3770
7024	-102.5751	-102.5753	-70.6260	0.6885	74.3017	0.7252	1.2e-04	10.3608
7025	-102.5457	-102.5457	-72.3998	0.7060	72.5314	0.7081	1.2e-04	10.3888
7026	-102.5838	-102.5838	-72.0709	0.7026	72.9104	0.7116	1.2e-04	10.3914
7027	-102.5203	-102.5203	-72.7877	0.7100	72.1102	0.7041	1.2e-04	10.3937
7028	-102.5556	-102.5556	-72.3649	0.7056	72.5862	0.7086	1.2e-04	10.3954
7029	-102.5247	-102.5247	-72.3975	0.7061	72.5190	0.7080	1.2e-04	10.3814
7030	-102.5465	-102.5465	-72.7156	0.7091	72.2170	0.7050	1.2e-04	10.3597
7031	-102.5200	-102.5200	-72.8674	0.7108	72.0432	0.7034	1.2e-04	10.3806
7032	-102.5925	-102.5925	-72.7027	0.7087	72.2530	0.7052	1.2e-04	10.3900
7033	-102.5425	-102.5425	-72.7489	0.7095	72.1486	0.7046	1.2e-04	10.3933
7034	-102.5321	-102.5321	-73.0757	0.7127	71.8477	0.7014	1.2e-04	10.3899
7035	-102.5282	-102.5282	-73.5994	0.7178	71.2815	0.6962	1.2e-04	10.3923
7036	-102.5637	-102.5637	-72.9392	0.7112	72.0010	0.7028	1.2e-04	10.3598
7037	-102.5149	-102.5149	-73.2714	0.7147	71.5939	0.6992	1.2e-04	10.3823
7038	-102.5121	-102.5121	-73.1510	0.7136	71.7330	0.7005	1.2e-04	10.3968
7039	-102.5408	-102.5408	-74.3883	0.7255	70.4814	0.6882	1.2e-04	10.3900
7040	-102.5643	-102.5643	-73.8453	0.7200	71.0868	0.6939	1.2e-04	10.3882
7041	-102.5273	-102.5273	-74.5517	0.7271	70.3164	0.6865	1.2e-04	10.3978
7042	-102.5332	-102.5332	-73.3865	0.7157	71.5307	0.6982	1.2e-04	10.3639
7043	-102.5552	-102.5552	-72.8230	0.7101	72.1221	0.7041	1.2e-04	10.3892
7044	-102.5341	-102.5341	-74.0527	0.7222	70.8339	0.6916	1.2e-04	10.4011
7045	-102.5651	-102.5651	-73.6550	0.7181	71.2880	0.6959	1.2e-04	10.3931
7046	-102.5313	-102.5313	-74.8793	0.7303	69.9701	0.6831	1.2e-04	10.3936
7047	-102.5778	-102.5778	-73.2381	0.7140	71.7376	0.7002	1.2e-04	10.3941
7048	-102.5547	-102.5547	-73.7683	0.7193	71.1364	0.6947	1.2e-04	10.3589
7049	-102.5265	-102.5265	-72.9388	0.7114	71.9539	0.7026	1.2e-04	10.3731
7050	-102.5557	-102.5557	-73.7190	0.7188	71.2341	0.6952	1.2e-04	10.3902
7051	-102.5305	-102.5305	-73.9082	0.7208	71.0031	0.6931	1.2e-04	10.3894
7052	-102.5298	-102.5298	-73.9703	0.7215	70.9270	0.6924	1.2e-04	10.3889
7053	-102.5161	-102.5161	-74.6988	0.7287	70.1417	0.6849	1.2e-04	10.3726
7054	-102.5479	-102.5479	-73.1074	0.7129	71.8456	0.7012	1.2e-04	10.3695
7055	-102.5770	-102.5770	-74.1408	0.7228	70.7709	0.6910	1.2e-04	10.3834
7056	-102.5265	-102.5265	-72.9390	0.7114	71.9745	0.7027	1.2e-04	10.3883
7057	-102.5649	-102.5649	-73.6239	0.7178	71.3168	0.6962	1.2e-04	10.3895
7058	-102.5419	-102.5419	-73.7178	0.7189	71.1700	0.6949	1.2e-04	10.3912
7059	-102.5438	-102.5438	-73.3136	0.7149	71.6362	0.6992	1.2e-04	10.3963
7060	-102.5423	-102.5423	-73.6641	0.7184	71.2685	0.6957	1.2e-04	10.3734
7061	-102.5438	-102.5438	-73.5874	0.7176	71.3274	0.6964	1.2e-04	10.3613
7062	-102.5295	-102.5295	-73.6823	0.7186	71.2413	0.6953	1.2e-04	10.3894
7063	-102.5204	-102.5204	-73.8602	0.7204	71.0030	0.6932	1.2e-04	10.3801
7064	-102.5335	-102.5335	-73.4107	0.7160	71.4409	0.6975	1.2e-04	10.3892
7065	-102.5121	-102.5121	-73.5035	0.7170	71.3960	0.6970	1.2e-04	10.3925
7066	-102.5401	-102.5401	-73.7212	0.7189	71.1654	0.6947	1.2e-04	10.3634
7067	-102.5212	-102.5212	-73.0874	0.7129	71.8054	0.7013	1.2e-04	10.3898
7068	-102.5516	-102.5516	-72.6925	0.7088	72.2574	0.7053	1.2e-04	10.3911
7069	-102.4753	-102.4753	-73.6836	0.7190	71.1976	0.6948	1.2e-04	10.3901
7070	-102.5114	-102.5114	-73.7840	0.7198	71.1080	0.6942	1.2e-04	10.3925
7071	-102.5355	-102.5355	-73.7462	0.7192	71.1295	0.6948	1.2e-04	10.3925
7072	-102.5506	-102.5506	-73.9078	0.7207	71.0252	0.6932	1.2e-04	10.3767
7073	-102.5468	-102.5468	-73.1481	0.7133	71.7966	0.7008	1.2e-04	10.3869
7074	-102.5600	-102.5600	-73.7096	0.7187	71.2099	0.6952	1.2e-04	10.3898
7075	-102.5496	-102.5496	-73.2863	0.7146	71.6427	0.6995	1.2e-04	10.3922
7076	-102.5268	-102.5268	-73.6845	0.7187	71.2310	0.6953	1.2e-04	10.3909
7077	-102.5550	-102.5550	-73.2983	0.7147	71.6388	0.6994	1.2e-04	10.3949
7078	-102.5308	-102.5308	-73.5658	0.7175	71.3359	0.6965	1.2e-04	10.3715
7079	-102.6211	-102.6211	-73.0815	0.7121	71.9358	0.7020	1.2e-04	10.3739
7080	-102.5473	-102.5473	-73.8923	0.7206	71.0432	0.6934	1.2e-04	10.3877
7081	-102.5718	-102.5718	-73.4191	0.7158	71.5343	0.6983	1.2e-04	10.3873
7082	-102.5540	-102.5540	-72.5456	0.7074	72.4274	0.7068	1.2e-04	10.3958
7083	-102.5816	-102.5816	-72.8059	0.7097	72.2018	0.7045	1.2e-04	10.3954
7084	-102.5179	-102.5179	-73.2026	0.7140	71.6894	0.7000	1.2e-04	10.3690
7085	-102.5238	-102.5238	-73.8014	0.7198	71.0759	0.6941	1.2e-04	10.3741
7086	-102.5392	-102.5392	-73.7373	0.7191	71.1856	0.6949	1.2e-04	10.3964
7087	-102.5779	-102.5779	-73.4267	0.7158	71.5303	0.6981	1.2e-04	10.3913
7088	-102.5474	-102.5474	-74.2418	0.7240	70.6634	0.6898	1.2e-04	10.3949
7089	-102.5335	-102.5335	-73.4449	0.7163	71.4775	0.6977	1.2e-04	10.3923
7090	-102.5619	-102.5619	-74.4051	0.7255	70.5118	0.6883	1.2e-04	10.3678
7091	-102.5984	-102.5984	-73.7571	0.7189	71.2333	0.6950	1.2e-04	10.3690
7092	-102.5180	-102.5180	-74.2715	0.7245	70.5857	0.6893	1.2e-04	10.3705
7093	-102.5426	-102.5426	-73.1021	0.7129	71.8327	0.7012	1.2e-04	10.4116
7094	-102.5576	-102.5576	-74.5827	0.7272	70.3234	0.6864	1.2e-04	10.3926
7095	-102.5217	-102.5217	-73.6313	0.7182	71.2531	0.6958	1.2e-04	10.3735
7096	-102.5382	-102.5382	-73.4061	0.7159	71.5183	0.6982	1.2e-04	10.3595
7097	-102.5490	-102.5490	-73.8025	0.7197	71.1081	0.6943	1.2e-04	10.3744
7098	-102.5362	-102.5362	-74.6192	0.7277	70.2480	0.6858	1.2e-04	10.3902
7099	-102.5648	-102.5648	-73.4847	0.7165	71.4379	0.6976	1.2e-04	10.3918
7100	-102.5497	-102.5497	-73.7434	0.7191	71.1751	0.6949	1.2e-04	10.3919
7101	-102.5984	-102.5984	-74.2764	0.7240	70.6985	0.6898	1.2e-04	10.4962
7102	-102.4829	-102.4829	-74.6304	0.7282	70.1826	0.6853	1.2e-04	10.3629
7103	-102.4942	-102.4942	-73.6238	0.7183	71.2349	0.6957	1.2e-04	10.3547
7104	-102.5122	-102.5122	-74.0732	0.7226	70.7815	0.6913	1.2e-04	10.3925
7105	-102.5660	-102.5660	-74.6095	0.7274	70.3200	0.6862	1.2e-04	10.3939
7106	-102.5115	-102.5115	-73.9607	0.7215	70.9099	0.6924	1.2e-04	10.3924
7107	-102.5495	-102.5495	-74.1282	0.7229	70.7675	0.6909	1.2e-04	10.3937
7108	-102.5448	-102.5448	-75.0363	0.7317	69.7382	0.6810	1.2e-04	10.3742
7109	-102.5313	-102.5313	-74.1971	0.7237	70.6783	0.6901	1.2e-04	10.3768
7110	-102.5789	-102.5789	-73.6125	0.7176	71.3598	0.6964	1.2e-04	10.3902
7111	-102.5588	-102.5588	-74.0606	0.7221	70.8697	0.6917	1.2e-04	10.3920
7112	-102.5410	-102.5410	-73.3258	0.7151	71.5794	0.6989	1.2e-04	10.3889
7113	-102.5247	-102.5247	-74.4139	0.7258	70.4332	0.6878	1.2e-04	10.3930
7114	-102.5443	-102.5443	-74.3194	0.7248	70.5384	0.6885	1.2e-04	10.3740
7115	-102.5086	-102.5086	-74.2535	0.7244	70.5863	0.6893	1.2e-04	10.3733
7116	-102.5555	-102.5555	-74.3346	0.7248	70.5724	0.6889	1.2e-04	10.3901
7117	-102.5502	-102.5502	-74.0135	0.7217	70.9026	0.6921	1.2e-04	10.3926
7118	-102.5624	-102.5624	-74.2874	0.7243	70.6347	0.6894	1.2e-04	10.3929
7119	-102.5814	-102.5814	-74.7533	0.7287	70.1456	0.6848	1.2e-04	10.3924
7120	-102.5326	-102.5326	-74.5561	0.7271	70.2935	0.6865	1.2e-04	10.3602
7121	-102.5545	-102.5545	-73.6750	0.7184	71.2462	0.6956	1.2e-04	10.3733
7122	-102.5537	-102.5537	-74.4280	0.7257	70.4418	0.6878	1.2e-04	10.3903
7123	-102.5600	-102.5600	-73.8472	0.7200	71.0802	0.6938	1.2e-04	10.3915
7124	-102.5249	-102.5249	-74.1059	0.7228	70.7553	0.6909	1.2e-04	10.3902
7125	-102.5288	-102.5288	-73.3403	0.7153	71.5504	0.6988	1.2e-04	10.3976
7126	-102.5351	-102.5351	-73.8180	0.7199	71.1073	0.6940	1.2e-04	10.3735
7127	-102.5170	-102.5170	-74.1823	0.7236	70.6712	0.6901	1.2e-04	10.3782
7128	-102.5647	-102.5647	-73.7125	0.7187	71.2203	0.6953	1.2e-04	10.3871
7129	-102.5436	-102.5436	-73.3376	0.7152	71.6058	0.6989	1.2e-04	10.4121
7130	-102.5173	-102.5173	-72.9864	0.7119	71.8947	0.7022	1.2e-04	10.3935
7131	-102.5680	-102.5680	-74.1417	0.7229	70.7896	0.6909	1.2e-04	10.3777
7132	-102.5453	-102.5453	-74.3083	0.7246	70.5671	0.6890	1.2e-04	10.3656
7133	-102.5269	-102.5269	-74.0799	0.7225	70.7944	0.6913	1.2e-04	10.3732
7134	-102.5303	-102.5303	-73.1993	0.7139	71.7228	0.7001	1.2e-04	10.3907
7135	-102.5683	-102.5683	-73.3558	0.7152	71.6010	0.6989	1.2e-04	10.3913
7136	-102.5757	-102.5757	-73.4599	0.7162	71.4969	0.6979	1.2e-04	10.3920
7137	-102.5371	-102.5371	-74.4436	0.7260	70.3949	0.6876	1.2e-04	10.3922
7138	-102.5308	-102.5308	-73.4184	0.7161	71.4966	0.6980	1.2e-04	10.3674
7139	-102.5461	-102.5461	-74.2427	0.7240	70.6194	0.6895	1.2e-04	10.3787
7140	-102.5523	-102.5523	-73.1686	0.7135	71.7901	0.7006	1.2e-04	10.4058
7141	-102.5663	-102.5663	-73.6622	0.7182	71.2794	0.6958	1.2e-04	10.3734
7142	-102.5260	-102.5260	-73.4202	0.7161	71.4687	0.6977	1.2e-04	10.3925
7143	-102.5264	-102.5264	-73.2732	0.7147	71.6134	0.6994	1.2e-04	10.3924
7144	-102.5572	-102.5572	-72.9131	0.7110	72.0178	0.7031	1.2e-04	10.3771
7145	-102.5775	-102.5775	-73.8641	0.7201	71.0694	0.6938	1.2e-04	10.3718
7146	-102.5392	-102.5392	-73.7844	0.7196	71.1055	0.6944	1.2e-04	10.3915
7147	-102.5177	-102.5177	-74.2516	0.7243	70.5718	0.6893	1.2e-04	10.4103
7148	-102.5479	-102.5479	-73.0491	0.7123	71.8898	0.7018	1.2e-04	10.3925
7149	-102.5564	-102.5564	-73.5706	0.7174	71.3690	0.6967	1.2e-04	10.3956
7150	-102.5283	-102.5283	-73.4859	0.7167	71.4330	0.6973	1.2e-04	10.3644
7151	-102.5387	-102.5387	-73.2101	0.7140	71.6987	0.7000	1.2e-04	10.3661
7152	-102.5563	-102.5563	-73.2637	0.7144	71.6739	0.6997	1.2e-04	10.3939
7153	-102.6014	-102.6014	-73.2024	0.7135	71.7884	0.7007	1.2e-04	10.3938
7154	-102.5572	-102.5572	-72.9504	0.7113	72.0081	0.7028	1.2e-04	10.3933
7155	-102.5522	-102.5522	-72.7855	0.7097	72.1609	0.7044	1.2e-04	10.3769
7156	-102.5528	-102.5528	-73.1506	0.7133	71.7713	0.7009	1.2e-04	10.3908
7157	-102.5433	-102.5433	-73.6998	0.7187	71.1863	0.6953	1.2e-04	10.3624
7158	-102.5722	-102.5722	-73.4348	0.7159	71.5028	0.6981	1.2e-04	10.3915
7159	-102.5253	-102.5253	-73.2545	0.7145	71.6495	0.6996	1.2e-04	10.3901
7160	-102.5586	-102.5586	-73.6413	0.7180	71.2933	0.6960	1.2e-04	10.3907
7161	-102.5759	-102.5759	-72.5739	0.7075	72.3617	0.7065	1.2e-04	10.3923
7162	-102.5814	-102.5814	-72.7244	0.7089	72.2283	0.7052	1.2e-04	10.3804
7163	-102.5457	-102.5457	-72.8161	0.7101	72.0824	0.7040	1.2e-04	10.3708
7164	-102.5699	-102.5699	-71.9392	0.7014	73.0024	0.7128	1.2e-04	10.3986
7165	-102.5591	-102.5591	-71.7065	0.6992	73.2280	0.7149	1.2e-04	10.3960
7166	-102.5598	-102.5598	-72.4233	0.7062	72.5410	0.7080	1.2e-04	10.3925
7167	-102.5372	-102.5372	-71.9290	0.7015	72.9749	0.7125	1.2e-04	10.3934
7168	-102.5221	-102.5221	-72.4394	0.7066	72.4678	0.7076	1.2e-04	10.3710
7169	-102.5591	-102.5591	-72.3303	0.7053	72.6071	0.7090	1.2e-04	10.3624
7170	-102.5618	-102.5618	-71.5923	0.6980	73.3479	0.7161	1.2e-04	10.3933
7171	-102.5540	-102.5540	-72.2088	0.7041	72.7114	0.7100	1.2e-04	10.3933
7172	-102.5337	-102.5337	-71.4457	0.6968	73.4538	0.7172	1.2e-04	10.3926
7173	-102.5803	-102.5803	-71.6787	0.6988	73.2658	0.7154	1.2e-04	10.3902
7174	-102.5681	-102.5681	-71.3588	0.6957	73.5656	0.7183	1.2e-04	10.3792
7175	-102.5470	-102.5470	-71.0843	0.6932	73.8332	0.7208	1.2e-04	10.3797
7176	-102.5995	-102.5996	-71.0552	0.6925	73.8923	0.7213	1.2e-04	10.3937
7177	-102.5448	-102.5448	-72.1166	0.7033	72.8126	0.7109	1.2e-04	10.3912
7178	-102.5045	-102.5045	-71.7635	0.7001	73.1026	0.7139	1.2e-04	10.3897
7179	-102.5816	-102.5816	-71.8013	0.6999	73.1552	0.7141	1.2e-04	10.3930
7180	-102.5280	-102.5281	-71.0870	0.6933	73.8075	0.7206	1.2e-04	10.3672
7181	-102.5547	-102.5548	-70.5963	0.6884	74.3060	0.7253	1.2e-04	10.3611
7182	-102.5243	-102.5243	-71.7899	0.7002	73.0874	0.7139	1.2e-04	10.3827
7183	-102.5453	-102.5453	-71.1751	0.6941	73.7149	0.7199	1.2e-04	10.3903
7184	-102.5553	-102.5553	-72.0606	0.7027	72.8783	0.7115	1.2e-04	10.3870
7185	-102.5311	-102.5312	-70.5117	0.6877	74.3198	0.7259	1.2e-04	10.3927
7186	-102.5250	-102.5250	-71.1440	0.6939	73.7143	0.7199	1.2e-04	10.3945
7187	-102.5306	-102.5307	-71.2521	0.6949	73.6287	0.7191	1.2e-04	10.3648
7188	-102.5606	-102.5608	-70.1166	0.6837	74.7425	0.7298	1.2e-04	10.3747
7189	-102.5524	-102.5526	-70.3555	0.6860	74.5177	0.7276	1.2e-04	10.3892
7190	-102.5603	-102.5605	-70.1800	0.6843	74.6926	0.7291	1.2e-04	10.3918
7191	-102.5409	-102.5412	-70.1914	0.6845	74.6639	0.7289	1.2e-04	10.3912
7192	-102.4916	-102.4916	-70.9631	0.6924	73.8524	0.7215	1.2e-04	10.3927
7193	-102.5332	-102.5335	-69.9112	0.6818	74.8840	0.7314	1.2e-04	10.3604
7194	-102.5584	-102.5587	-69.8491	0.6811	74.9931	0.7322	1.2e-04	10.3770
7195	-102.5725	-102.5728	-70.0136	0.6826	74.8441	0.7307	1.2e-04	10.3924
7196	-102.5773	-102.5777	-69.8687	0.6811	75.0138	0.7321	1.2e-04	10.3917
7197	-102.5817	-102.5820	-70.2523	0.6848	74.6469	0.7287	1.2e-04	10.3930
7198	-102.5259	-102.5262	-70.0717	0.6835	74.7555	0.7299	1.2e-04	10.3986
7199	-102.4970	-102.4971	-71.1313	0.6940	73.7070	0.7199	1.2e-04	10.3639
7200	-102.5386	-102.5390	-69.8696	0.6814	74.9550	0.7319	1.2e-04	10.3777
7201	-102.5409	-102.5410	-70.5558	0.6881	74.3228	0.7256	1.2e-04	10.4418
7202	-102.5811	-102.5811	-71.7261	0.6992	73.2351	0.7148	1.2e-04	10.3685
7203	-102.5340	-102.5342	-70.3251	0.6859	74.5016	0.7273	1.2e-04	10.3879
7204	-102.5557	-102.5560	-69.9865	0.6824	74.8641	0.7309	1.2e-04	10.3628
7205	-102.5194	-102.5195	-71.1234	0.6938	73.7464	0.7202	1.2e-04	10.3612
7206	-102.5846	-102.5847	-71.4309	0.6963	73.5048	0.7175	1.2e-04	10.3886
7207	-102.5434	-102.5434	-71.1908	0.6943	73.7361	0.7197	1.2e-04	10.3854
7208	-102.5548	-102.5549	-71.2057	0.6943	73.6978	0.7195	1.2e-04	10.4003
7209	-102.5347	-102.5347	-71.1442	0.6939	73.7325	0.7201	1.2e-04	10.3730
7210	-102.5585	-102.5585	-71.8996	0.7011	73.0508	0.7131	1.2e-04	10.3619
7211	-102.5338	-102.5338	-71.8980	0.7012	73.0041	0.7129	1.2e-04	10.3650
7212	-102.5513	-102.5513	-72.1033	0.7031	72.8241	0.7111	1.2e-04	10.3952
7213	-102.5251	-102.5251	-72.0957	0.7032	72.8041	0.7110	1.2e-04	10.4108
7214	-102.5633	-102.5633	-72.6187	0.7080	72.3248	0.7061	1.2e-04	10.3933
7215	-102.4987	-102.4987	-71.5541	0.6981	73.3135	0.7160	1.2e-04	10.3914
7216	-102.5490	-102.5490	-72.4483	0.7065	72.4779	0.7077	1.2e-04	10.3753
7217	-102.5580	-102.5580	-72.4519	0.7064	72.4638	0.7077	1.2e-04	10.3679
7218	-102.5325	-102.5325	-71.7464	0.6997	73.1572	0.7143	1.2e-04	10.3939
7219	-102.5557	-102.5557	-72.5394	0.7073	72.3961	0.7069	1.2e-04	10.3911
7220	-102.5761	-102.5761	-72.8416	0.7101	72.1121	0.7041	1.2e-04	10.3913
7221	-102.5915	-102.5915	-72.9924	0.7115	71.9843	0.7027	1.2e-04	10.3902
7222	-102.5448	-102.5448	-72.2994	0.7051	72.6049	0.7092	1.2e-04	10.3814
7223	-102.5549	-102.5549	-71.8115	0.7002	73.1272	0.7139	1.2e-04	10.3603
7224	-102.5136	-102.5136	-72.0796	0.7031	72.8301	0.7111	1.2e-04	10.3900
7225	-102.5271	-102.5271	-72.4616	0.7068	72.4550	0.7075	1.2e-04	10.3885
7226	-102.5332	-102.5332	-72.6490	0.7085	72.2548	0.7057	1.2e-04	10.3901
7227	-102.5325	-102.5325	-71.6133	0.6984	73.2956	0.7156	1.2e-04	10.3922
7228	-102.5059	-102.5060	-70.8794	0.6915	73.9611	0.7224	1.2e-04	10.3743
7229	-102.5833	-102.5833	-71.5359	0.6973	73.4354	0.7167	1.2e-04	10.3600
7230	-102.4904	-102.4904	-72.4574	0.7070	72.4211	0.7071	1.2e-04	10.3975
7231	-102.4929	-102.4930	-70.7254	0.6901	74.0867	0.7237	1.2e-04	10.3960
7232	-102.5385	-102.5386	-70.7613	0.6901	74.1150	0.7237	1.2e-04	10.3899
7233	-102.5699	-102.5700	-70.7873	0.6901	74.1550	0.7237	1.2e-04	10.3903
7234	-102.5071	-102.5071	-72.0815	0.7032	72.7985	0.7110	1.2e-04	10.3749
7235	-102.5473	-102.5473	-71.5227	0.6975	73.3762	0.7166	1.2e-04	10.3627
7236	-102.5784	-102.5784	-71.9129	0.7011	73.0394	0.7131	1.2e-04	10.3786
7237	-102.5856	-102.5856	-71.5448	0.6974	73.4233	0.7166	1.2e-04	10.3912
7238	-102.5310	-102.5310	-71.5324	0.6977	73.3322	0.7164	1.2e-04	10.3883
7239	-102.5014	-102.5014	-71.2865	0.6955	73.5711	0.7185	1.2e-04	10.3949
7240	-102.5737	-102.5737	-71.2784	0.6949	73.6406	0.7191	1.2e-04	10.3920
7241	-102.5196	-102.5196	-71.1288	0.6938	73.7338	0.7202	1.2e-04	10.3782
7242	-102.5639	-102.5639	-71.0424	0.6927	73.8686	0.7212	1.2e-04	10.3691
7243	-102.5657	-102.5657	-71.5683	0.6978	73.3630	0.7163	1.2e-04	10.3917
7244	-102.5491	-102.5493	-70.4380	0.6869	74.4428	0.7268	1.2e-04	10.3932
7245	-102.5400	-102.5402	-70.0872	0.6835	74.7568	0.7299	1.2e-04	10.3917
7246	-102.5557	-102.5559	-70.3639	0.6861	74.4999	0.7274	1.2e-04	10.3789
7247	-102.5321	-102.5322	-70.4390	0.6870	74.4110	0.7267	1.2e-04	10.3579
7248	-102.5189	-102.5190	-70.7530	0.6901	74.0673	0.7237	1.2e-04	10.3973
7249	-102.5216	-102.5216	-71.0773	0.6933	73.8132	0.7206	1.2e-04	10.3900
7250	-102.5766	-102.5767	-71.2049	0.6942	73.7484	0.7198	1.2e-04	10.3899
7251	-102.5345	-102.5348	-69.9656	0.6824	74.8797	0.7310	1.2e-04	10.3908
7252	-102.5457	-102.5457	-71.3988	0.6963	73.5069	0.7178	1.2e-04	10.3967
7253	-102.5244	-102.5246	-70.3052	0.6857	74.5445	0.7278	1.2e-04	10.3668
7254	-102.5955	-102.5960	-69.5923	0.6783	75.2971	0.7348	1.2e-04	10.3855
7255	-102.6155	-102.6156	-70.9162	0.6911	74.0421	0.7226	1.2e-04	10.4114
7256	-102.5107	-102.5108	-70.8353	0.6910	73.9710	0.7224	1.2e-04	10.3946
7257	-102.5157	-102.5159	-70.6051	0.6887	74.2461	0.7250	1.2e-04	10.3892
7258	-102.5526	-102.5526	-70.9158	0.6915	73.9857	0.7224	1.2e-04	10.3967
7259	-102.5431	-102.5434	-69.9152	0.6818	74.9130	0.7315	1.2e-04	10.3619
7260	-102.5120	-102.5123	-70.0806	0.6836	74.7240	0.7297	1.2e-04	10.3800
7261	-102.5186	-102.5187	-71.2774	0.6953	73.6207	0.7187	1.2e-04	10.3887
7262	-102.5482	-102.5482	-71.4417	0.6967	73.4980	0.7173	1.2e-04	10.3907
7263	-102.5664	-102.5664	-71.6137	0.6982	73.3403	0.7159	1.2e-04	10.3896
7264	-102.5643	-102.5643	-71.4789	0.6969	73.4553	0.7170	1.2e-04	10.3970
7265	-102.5503	-102.5503	-72.4326	0.7063	72.4969	0.7079	1.2e-04	10.3658
7266	-102.5611	-102.5611	-71.3721	0.6959	73.5530	0.7181	1.2e-04	10.3992
7267	-102.5398	-102.5398	-72.6845	0.7088	72.2290	0.7053	1.2e-04	10.3870
7268	-102.5594	-102.5594	-71.7770	0.6999	73.1161	0.7138	1.2e-04	10.3930
7269	-102.5495	-102.5495	-72.8474	0.7104	72.0883	0.7038	1.2e-04	10.4074
7270	-102.5328	-102.5328	-72.3553	0.7057	72.5504	0.7085	1.2e-04	10.3954
7271	-102.5261	-102.5261	-71.8805	0.7011	73.0196	0.7130	1.2e-04	10.3638
7272	-102.5182	-102.5182	-72.9895	0.7120	71.8763	0.7019	1.2e-04	10.3807
7273	-102.5598	-102.5598	-72.3385	0.7053	72.6097	0.7089	1.2e-04	10.3927
7274	-102.5548	-102.5548	-72.8084	0.7099	72.1517	0.7042	1.2e-04	10.3928
7275	-102.5226	-102.5226	-72.7491	0.7096	72.1484	0.7046	1.2e-04	10.4104
7276	-102.6082	-102.6082	-72.5475	0.7070	72.4420	0.7071	1.2e-04	10.3816
7277	-102.5864	-102.5864	-73.6251	0.7177	71.3329	0.6963	1.2e-04	10.3627
7278	-102.5500	-102.5500	-73.2311	0.7141	71.6648	0.7000	1.2e-04	10.3827
7279	-102.5439	-102.5439	-73.1822	0.7137	71.7432	0.7004	1.2e-04	10.3913
7280	-102.5794	-102.5794	-72.8896	0.7106	72.0571	0.7035	1.2e-04	10.3936
7281	-102.5648	-102.5648	-72.7401	0.7092	72.2164	0.7050	1.2e-04	10.3770
7282	-102.5178	-102.5178	-73.8760	0.7206	71.0044	0.6933	1.2e-04	10.3966
7283	-102.5522	-102.5522	-73.5000	0.7167	71.4272	0.6974	1.2e-04	10.3547
7284	-102.5521	-102.5521	-73.4448	0.7162	71.4262	0.6975	1.2e-04	10.3967
7285	-102.5417	-102.5417	-73.4721	0.7165	71.4487	0.6976	1.2e-04	10.3907
7286	-102.5013	-102.5013	-73.4860	0.7169	71.3687	0.6970	1.2e-04	10.3916
7287	-102.5683	-102.5683	-73.4138	0.7158	71.5077	0.6982	1.2e-04	10.3897
7288	-102.5787	-102.5787	-73.2242	0.7138	71.7247	0.7002	1.2e-04	10.3954
7289	-102.5803	-102.5803	-74.0703	0.7221	70.8076	0.6914	1.2e-04	10.3670
7290	-102.5685	-102.5685	-73.2797	0.7144	71.6622	0.6996	1.2e-04	10.3771
7291	-102.5550	-102.5550	-73.7919	0.7195	71.0897	0.6943	1.2e-04	10.3925
7292	-102.5665	-102.5665	-73.5268	0.7169	71.4392	0.6972	1.2e-04	10.3934
7293	-102.5148	-102.5148	-73.4847	0.7168	71.3965	0.6972	1.2e-04	10.3883
7294	-102.5479	-102.5479	-73.5216	0.7169	71.4018	0.6970	1.2e-04	10.3957
7295	-102.5720	-102.5720	-73.1629	0.7133	71.7780	0.7008	1.2e-04	10.3644
7296	-102.5196	-102.5196	-73.3919	0.7159	71.4631	0.6980	1.2e-04	10.3813
7297	-102.5094	-102.5094	-73.2603	0.7147	71.6290	0.6995	1.2e-04	10.3893
7298	-102.5618	-102.5618	-73.3455	0.7151	71.5992	0.6990	1.2e-04	10.3927
7299	-102.5741	-102.5741	-72.8570	0.7103	72.0958	0.7039	1.2e-04	10.3893
7300	-102.5204	-102.5204	-74.1674	0.7234	70.7028	0.6904	1.2e-04	10.3925
7301	-102.5379	-102.5379	-73.2405	0.7143	71.6694	0.6999	1.2e-04	10.4389
7302	-102.5733	-102.5733	-72.4826	0.7066	72.4749	0.7075	1.2e-04	10.3702
7303	-102.4987	-102.4987	-73.1881	0.7140	71.6180	0.6995	1.2e-04	10.3910
7304	-102.5591	-102.5591	-72.5503	0.7074	72.4055	0.7068	1.2e-04	10.3920
7305	-102.5272	-102.5272	-73.3820	0.7157	71.4963	0.6982	1.2e-04	10.3912
7306	-102.5499	-102.5499	-72.0453	0.7025	72.8872	0.7116	1.2e-04	10.3781
7307	-102.5875	-102.5875	-72.9134	0.7107	72.0051	0.7029	1.2e-04	10.3657
7308	-102.5987	-102.5987	-72.5279	0.7069	72.4218	0.7071	1.2e-04	10.3794
7309	-102.5569	-102.5569	-72.9765	0.7116	71.9190	0.7022	1.2e-04	10.3917
7310	-102.5329	-102.5329	-72.7659	0.7097	72.1560	0.7044	1.2e-04	10.3925
7311	-102.5471	-102.5471	-73.1013	0.7129	71.8313	0.7013	1.2e-04	10.4119
7312	-102.5366	-102.5366	-72.1787	0.7039	72.7126	0.7100	1.2e-04	10.3775
7313	-102.5386	-102.5386	-72.0151	0.7023	72.8967	0.7117	1.2e-04	10.3633
7314	-102.5225	-102.5225	-72.8382	0.7105	72.0568	0.7037	1.2e-04	10.3761
7315	-102.5567	-102.5567	-72.8420	0.7103	72.0586	0.7037	1.2e-04	10.3916
7316	-102.5620	-102.5620	-72.1180	0.7032	72.8139	0.7110	1.2e-04	10.3938
7317	-102.5250	-102.5250	-72.0980	0.7032	72.8224	0.7109	1.2e-04	10.3901
7318	-102.5096	-102.5096	-72.1397	0.7037	72.7370	0.7104	1.2e-04	10.3953
7319	-102.6069	-102.6069	-71.9066	0.7008	73.0626	0.7132	1.2e-04	10.3620
7320	-102.5608	-102.5608	-72.1626	0.7036	72.7602	0.7104	1.2e-04	10.3806
7321	-102.5189	-102.5190	-71.0063	0.6926	73.8742	0.7213	1.2e-04	10.3918
7322	-102.5236	-102.5236	-72.1557	0.7038	72.7347	0.7104	1.2e-04	10.3913
7323	-102.5423	-102.5423	-71.8277	0.7005	73.0962	0.7137	1.2e-04	10.3895
7324	-102.5015	-102.5015	-71.8224	0.7007	73.0554	0.7135	1.2e-04	10.4000
7325	-102.5347	-102.5347	-71.2498	0.6949	73.6370	0.7191	1.2e-04	10.3644
7326	-102.5381	-102.5382	-70.9690	0.6921	73.9272	0.7218	1.2e-04	10.3903
7327	-102.5635	-102.5636	-71.4336	0.6965	73.4947	0.7176	1.2e-04	10.3943
7328	-102.5608	-102.5608	-71.5425	0.6976	73.3505	0.7163	1.2e-04	10.3957
7329	-102.5670	-102.5671	-71.3560	0.6957	73.5801	0.7183	1.2e-04	10.3935
7330	-102.5670	-102.5670	-71.5370	0.6975	73.4112	0.7166	1.2e-04	10.3760
7331	-102.5195	-102.5195	-71.2215	0.6947	73.6340	0.7193	1.2e-04	10.3679
7332	-102.5203	-102.5203	-71.8438	0.7008	73.0239	0.7133	1.2e-04	10.4024
7333	-102.5500	-102.5501	-70.6626	0.6891	74.2203	0.7247	1.2e-04	10.4095
7334	-102.5721	-102.5721	-71.6504	0.6985	73.2970	0.7154	1.2e-04	10.3933
7335	-102.5754	-102.5754	-71.0855	0.6930	73.8060	0.7207	1.2e-04	10.3924
7336	-102.5647	-102.5647	-70.9669	0.6919	73.9585	0.7220	1.2e-04	10.3761
7337	-102.5457	-102.5458	-70.5351	0.6878	74.3502	0.7259	1.2e-04	10.3633
7338	-102.5728	-102.5729	-71.3648	0.6957	73.5750	0.7182	1.2e-04	10.3855
7339	-102.5539	-102.5540	-71.1479	0.6938	73.7330	0.7200	1.2e-04	10.4089
7340	-102.5151	-102.5151	-71.6113	0.6985	73.2676	0.7156	1.2e-04	10.3927
7341	-102.5050	-102.5051	-71.0521	0.6932	73.8050	0.7207	1.2e-04	10.4096
7342	-102.5233	-102.5233	-71.4740	0.6971	73.3921	0.7168	1.2e-04	10.4018
7343	-102.5723	-102.5723	-71.2653	0.6948	73.6808	0.7192	1.2e-04	10.3639
7344	-102.5374	-102.5374	-72.0528	0.7027	72.8706	0.7115	1.2e-04	10.3724
7345	-102.5427	-102.5427	-72.3849	0.7059	72.5104	0.7082	1.2e-04	10.3700
7346	-102.5402	-102.5402	-71.5351	0.6976	73.3503	0.7164	1.2e-04	10.3888
7347	-102.5368	-102.5369	-71.0425	0.6928	73.8493	0.7211	1.2e-04	10.3915
7348	-102.5259	-102.5259	-71.2064	0.6945	73.6589	0.7192	1.2e-04	10.3943
7349	-102.5437	-102.5439	-70.4873	0.6874	74.3888	0.7263	1.2e-04	10.3702
7350	-102.5964	-102.5965	-70.9640	0.6917	73.9773	0.7222	1.2e-04	10.3793
7351	-102.5602	-102.5602	-70.9634	0.6919	73.9585	0.7219	1.2e-04	10.3927
7352	-102.5146	-102.5149	-70.2709	0.6855	74.5254	0.7279	1.2e-04	10.3887
7353	-102.5350	-102.5351	-70.8747	0.6912	74.0029	0.7226	1.2e-04	10.3886
7354	-102.5447	-102.5447	-70.8154	0.6906	74.0588	0.7231	1.2e-04	10.3733
7355	-102.5557	-102.5558	-70.5403	0.6878	74.3179	0.7259	1.2e-04	10.3678
7356	-102.5558	-102.5559	-70.4631	0.6871	74.4002	0.7264	1.2e-04	10.3830
7357	-102.5498	-102.5499	-71.0118	0.6925	73.8920	0.7214	1.2e-04	10.3874
7358	-102.5409	-102.5410	-70.9346	0.6918	73.9459	0.7220	1.2e-04	10.3928
7359	-102.5376	-102.5376	-71.3129	0.6955	73.5683	0.7185	1.2e-04	10.3883
7360	-102.5765	-102.5765	-70.9167	0.6914	74.0130	0.7225	1.2e-04	10.3941
7361	-102.5777	-102.5778	-71.2482	0.6946	73.6764	0.7194	1.2e-04	10.3654
7362	-102.5604	-102.5605	-70.6048	0.6884	74.2963	0.7253	1.2e-04	10.3933
7363	-102.5264	-102.5265	-70.6695	0.6893	74.1799	0.7245	1.2e-04	10.3891
7364	-102.5349	-102.5352	-70.1984	0.6846	74.6612	0.7289	1.2e-04	10.3905
7365	-102.5680	-102.5682	-70.5931	0.6883	74.3047	0.7255	1.2e-04	10.3805
7366	-102.5128	-102.5129	-70.8996	0.6916	73.9329	0.7223	1.2e-04	10.3737
7367	-102.5457	-102.5460	-70.0239	0.6829	74.8189	0.7305	1.2e-04	10.3572
7368	-102.5256	-102.5256	-70.8543	0.6911	73.9940	0.7227	1.2e-04	10.3775
7369	-102.5338	-102.5338	-71.0634	0.6931	73.7925	0.7207	1.2e-04	10.3871
7370	-102.5274	-102.5276	-70.4976	0.6876	74.3581	0.7261	1.2e-04	10.3909
7371	-102.5579	-102.5582	-69.8586	0.6812	74.9788	0.7320	1.2e-04	10.3902
7372	-102.5321	-102.5322	-70.6938	0.6895	74.1714	0.7242	1.2e-04	10.3732
7373	-102.5511	-102.5513	-70.2878	0.6854	74.5718	0.7282	1.2e-04	10.3586
7374	-102.5495	-102.5496	-70.8876	0.6913	73.9775	0.7224	1.2e-04	10.4003
7375	-102.5493	-102.5495	-70.4910	0.6874	74.3955	0.7263	1.2e-04	10.4035
7376	-102.5251	-102.5252	-70.6638	0.6892	74.1681	0.7244	1.2e-04	10.3912
7377	-102.5707	-102.5708	-70.5297	0.6876	74.3471	0.7260	1.2e-04	10.3926
7378	-102.5379	-102.5381	-70.3591	0.6862	74.4978	0.7274	1.2e-04	10.3932
7379	-102.5639	-102.5640	-70.9658	0.6919	73.9614	0.7220	1.2e-04	10.3642
7380	-102.5513	-102.5516	-70.3101	0.6856	74.5553	0.7280	1.2e-04	10.4060
7381	-102.5593	-102.5594	-70.5413	0.6878	74.3392	0.7257	1.2e-04	10.3893
7382	-102.5492	-102.5494	-70.0296	0.6829	74.8465	0.7305	1.2e-04	10.3900
7383	-102.5487	-102.5487	-71.0028	0.6924	73.9151	0.7215	1.2e-04	10.3707
7384	-102.5222	-102.5222	-71.1995	0.6945	73.6618	0.7195	1.2e-04	10.3571
7385	-102.5229	-102.5230	-70.6555	0.6892	74.2155	0.7246	1.2e-04	10.3613
7386	-102.5694	-102.5694	-71.6095	0.6982	73.3347	0.7159	1.2e-04	10.3882
7387	-102.5650	-102.5650	-71.3945	0.6961	73.5425	0.7179	1.2e-04	10.3888
7388	-102.5595	-102.5595	-71.6569	0.6987	73.2740	0.7154	1.2e-04	10.3883
7389	-102.5527	-102.5527	-71.8665	0.7008	73.0527	0.7134	1.2e-04	10.3710
7390	-102.5751	-102.5752	-70.6623	0.6889	74.2763	0.7249	1.2e-04	10.3763
7391	-102.5374	-102.5374	-71.2899	0.6953	73.6303	0.7188	1.2e-04	10.3622
7392	-102.5471	-102.5471	-71.8425	0.7006	73.1001	0.7136	1.2e-04	10.3780
7393	-102.5468	-102.5468	-71.5758	0.6980	73.3219	0.7160	1.2e-04	10.3905
7394	-102.5470	-102.5470	-72.3227	0.7053	72.5697	0.7088	1.2e-04	10.3913
7395	-102.5061	-102.5061	-72.4132	0.7064	72.4709	0.7078	1.2e-04	10.3971
7396	-102.5373	-102.5373	-72.2319	0.7044	72.6811	0.7097	1.2e-04	10.3931
7397	-102.5394	-102.5394	-72.1709	0.7038	72.7285	0.7103	1.2e-04	10.3668
7398	-102.5437	-102.5437	-72.2339	0.7044	72.6940	0.7098	1.2e-04	10.3852
7399	-102.5465	-102.5465	-72.3797	0.7058	72.5435	0.7084	1.2e-04	10.3798
7400	-102.5496	-102.5496	-71.5972	0.6982	73.3156	0.7159	1.2e-04	10.3861
7401	-102.5295	-102.5295	-72.3337	0.7055	72.5570	0.7084	1.2e-04	10.4666
7402	-102.5227	-102.5227	-71.8479	0.7008	73.0562	0.7133	1.2e-04	10.3665
7403	-102.5115	-102.5115	-72.2059	0.7044	72.6082	0.7091	1.2e-04	10.3645
7404	-102.5343	-102.5343	-71.8388	0.7006	73.0912	0.7134	1.2e-04	10.3755
7405	-102.5541	-102.5541	-71.5715	0.6979	73.3309	0.7160	1.2e-04	10.3850
7406	-102.5509	-102.5509	-72.2738	0.7048	72.6367	0.7092	1.2e-04	10.3949
7407	-102.5297	-102.5297	-71.3198	0.6956	73.5677	0.7184	1.2e-04	10.3973
7408	-102.5811	-102.5811	-71.9702	0.7016	72.9768	0.7126	1.2e-04	10.3832
7409	-102.5501	-102.5501	-71.3800	0.6960	73.5357	0.7179	1.2e-04	10.3602
7410	-102.5388	-102.5388	-71.4783	0.6971	73.4024	0.7170	1.2e-04	10.4005
7411	-102.5318	-102.5319	-71.4710	0.6971	73.4417	0.7169	1.2e-04	10.3889
7412	-102.5584	-102.5586	-70.2952	0.6854	74.5252	0.7277	1.2e-04	10.3850
7413	-102.5441	-102.5441	-71.8153	0.7003	73.1113	0.7138	1.2e-04	10.4021
7414	-102.5331	-102.5333	-70.1910	0.6846	74.6029	0.7288	1.2e-04	10.3732
7415	-102.5782	-102.5783	-70.9753	0.6919	73.9609	0.7220	1.2e-04	10.3631
7416	-102.5609	-102.5614	-69.7069	0.6797	75.1232	0.7335	1.2e-04	10.3994
7417	-102.5433	-102.5438	-69.5764	0.6785	75.2495	0.7346	1.2e-04	10.3963
7418	-102.5799	-102.5800	-70.5969	0.6882	74.3061	0.7254	1.2e-04	10.3942
7419	-102.5024	-102.5025	-70.8513	0.6912	73.9638	0.7225	1.2e-04	10.3880
7420	-102.5472	-102.5473	-70.7668	0.6901	74.1180	0.7237	1.2e-04	10.3948
7421	-102.5326	-102.5327	-70.7173	0.6897	74.1437	0.7240	1.2e-04	10.3628
7422	-102.5350	-102.5352	-70.2418	0.6851	74.5862	0.7283	1.2e-04	10.3800
7423	-102.5727	-102.5730	-70.0410	0.6828	74.8259	0.7306	1.2e-04	10.3917
7424	-102.5366	-102.5368	-70.2855	0.6855	74.5595	0.7281	1.2e-04	10.3892
7425	-102.5645	-102.5647	-70.1192	0.6837	74.7585	0.7298	1.2e-04	10.3854
7426	-102.5306	-102.5307	-70.5645	0.6882	74.2825	0.7255	1.2e-04	10.3954
7427	-102.5866	-102.5867	-70.9741	0.6918	73.9667	0.7220	1.2e-04	10.3655
7428	-102.5421	-102.5423	-70.7056	0.6895	74.1569	0.7243	1.2e-04	10.3850
7429	-102.5225	-102.5230	-69.4625	0.6775	75.3391	0.7355	1.2e-04	10.3903
7430	-102.4942	-102.4943	-70.5466	0.6883	74.2633	0.7254	1.2e-04	10.3884
7431	-102.5262	-102.5263	-70.5644	0.6883	74.2744	0.7253	1.2e-04	10.3973
7432	-102.5288	-102.5293	-69.5673	0.6785	75.2084	0.7345	1.2e-04	10.3974
7433	-102.5317	-102.5320	-70.1432	0.6841	74.7131	0.7293	1.2e-04	10.3584
7434	-102.5513	-102.5518	-69.4744	0.6775	75.3546	0.7353	1.2e-04	10.3764
7435	-102.5775	-102.5775	-71.0835	0.6930	73.8605	0.7210	1.2e-04	10.3877
7436	-102.5391	-102.5391	-71.6206	0.6985	73.2823	0.7156	1.2e-04	10.3777
7437	-102.5830	-102.5830	-70.9243	0.6914	74.0057	0.7223	1.2e-04	10.3900
7438	-102.5255	-102.5255	-71.5564	0.6979	73.3534	0.7161	1.2e-04	10.3869
7439	-102.5325	-102.5325	-71.4571	0.6969	73.4376	0.7170	1.2e-04	10.3599
7440	-102.5165	-102.5165	-71.1112	0.6937	73.7515	0.7203	1.2e-04	10.3761
7441	-102.5349	-102.5349	-73.0583	0.7125	71.8106	0.7015	1.2e-04	10.3879
7442	-102.5661	-102.5661	-71.6800	0.6989	73.2621	0.7152	1.2e-04	10.3936
7443	-102.5661	-102.5661	-71.9246	0.7013	72.9996	0.7128	1.2e-04	10.3705
7444	-102.5495	-102.5495	-72.6466	0.7084	72.2929	0.7058	1.2e-04	10.3924
7445	-102.5642	-102.5642	-72.6308	0.7081	72.3108	0.7060	1.2e-04	10.3688
7446	-102.5355	-102.5355	-71.7808	0.7001	73.1459	0.7141	1.2e-04	10.3836
7447	-102.5448	-102.5448	-71.8921	0.7011	73.0284	0.7131	1.2e-04	10.3886
7448	-102.5348	-102.5348	-72.1121	0.7033	72.7802	0.7106	1.2e-04	10.3906
7449	-102.5634	-102.5634	-71.4637	0.6968	73.4678	0.7173	1.2e-04	10.3903
7450	-102.5552	-102.5552	-72.2850	0.7048	72.6339	0.7092	1.2e-04	10.3944
7451	-102.5532	-102.5532	-71.8580	0.7007	73.0861	0.7134	1.2e-04	10.3632
7452	-102.5127	-102.5127	-72.4899	0.7071	72.3943	0.7070	1.2e-04	10.3790
7453	-102.5202	-102.5202	-72.6713	0.7088	72.2105	0.7053	1.2e-04	10.3896
7454	-102.5472	-102.5472	-71.9646	0.7018	72.9577	0.7124	1.2e-04	10.3932
7455	-102.5268	-102.5268	-71.9779	0.7020	72.9321	0.7121	1.2e-04	10.3907
7456	-102.5375	-102.5375	-71.3364	0.6957	73.5533	0.7181	1.2e-04	10.3713
7457	-102.5753	-102.5753	-72.1880	0.7038	72.7648	0.7104	1.2e-04	10.3681
7458	-102.5279	-102.5279	-71.9165	0.7014	72.9922	0.7127	1.2e-04	10.3613
7459	-102.5710	-102.5710	-71.4424	0.6965	73.5136	0.7175	1.2e-04	10.3925
7460	-102.5495	-102.5495	-71.7975	0.7001	73.1275	0.7140	1.2e-04	10.3889
7461	-102.5272	-102.5272	-72.2893	0.7051	72.5760	0.7087	1.2e-04	10.3882
7462	-102.5443	-102.5444	-70.8985	0.6914	73.9905	0.7225	1.2e-04	10.3726
7463	-102.5435	-102.5435	-72.4203	0.7062	72.5023	0.7079	1.2e-04	10.3688
7464	-102.5450	-102.5450	-72.5513	0.7075	72.3119	0.7060	1.2e-04	10.3811
7465	-102.5586	-102.5586	-72.1696	0.7037	72.7826	0.7105	1.2e-04	10.3999
7466	-102.5606	-102.5606	-72.0303	0.7023	72.8857	0.7116	1.2e-04	10.3891
7467	-102.5148	-102.5148	-72.6222	0.7084	72.2663	0.7057	1.2e-04	10.3909
7468	-102.5959	-102.5959	-72.1243	0.7030	72.8692	0.7112	1.2e-04	10.3939
7469	-102.5331	-102.5331	-72.1532	0.7037	72.7572	0.7105	1.2e-04	10.3632
7470	-102.5704	-102.5704	-71.8219	0.7002	73.1152	0.7138	1.2e-04	10.3588
7471	-102.5494	-102.5494	-72.0179	0.7023	72.9151	0.7119	1.2e-04	10.3902
7472	-102.5715	-102.5715	-72.2798	0.7047	72.6781	0.7095	1.2e-04	10.3716
7473	-102.5491	-102.5491	-72.3270	0.7053	72.5940	0.7089	1.2e-04	10.3866
7474	-102.5541	-102.5541	-72.3286	0.7053	72.6223	0.7088	1.2e-04	10.3938
7475	-102.5066	-102.5066	-72.0375	0.7028	72.8472	0.7113	1.2e-04	10.3629
7476	-102.5256	-102.5256	-72.4687	0.7068	72.4138	0.7074	1.2e-04	10.3849
7477	-102.5674	-102.5674	-72.4932	0.7068	72.4579	0.7074	1.2e-04	10.3863
7478	-102.5248	-102.5248	-72.3251	0.7054	72.5772	0.7087	1.2e-04	10.3892
7479	-102.5433	-102.5433	-71.5058	0.6973	73.3633	0.7166	1.2e-04	10.3937
7480	-102.5538	-102.5538	-72.3341	0.7053	72.5989	0.7089	1.2e-04	10.3707
7481	-102.5767	-102.5767	-72.2985	0.7048	72.7036	0.7094	1.2e-04	10.3593
7482	-102.5607	-102.5607	-72.7279	0.7091	72.2069	0.7051	1.2e-04	10.3920
7483	-102.5277	-102.5277	-71.4165	0.6966	73.4536	0.7173	1.2e-04	10.3940
7484	-102.5542	-102.5542	-72.6557	0.7085	72.2338	0.7054	1.2e-04	10.3824
7485	-102.5059	-102.5059	-72.9210	0.7114	71.9716	0.7028	1.2e-04	10.4105
7486	-102.5282	-102.5282	-71.9594	0.7018	72.9470	0.7122	1.2e-04	10.3751
7487	-102.5294	-102.5294	-72.1028	0.7032	72.7927	0.7108	1.2e-04	10.3690
7488	-102.5555	-102.5555	-72.2091	0.7041	72.7345	0.7101	1.2e-04	10.3665
7489	-102.5685	-102.5685	-71.9323	0.7013	73.0081	0.7128	1.2e-04	10.3879
7490	-102.5687	-102.5687	-72.0650	0.7026	72.8712	0.7114	1.2e-04	10.3926
7491	-102.5625	-102.5625	-71.0526	0.6928	73.8644	0.7211	1.2e-04	10.3765
7492	-102.5171	-102.5171	-72.2216	0.7045	72.6668	0.7095	1.2e-04	10.3752
7493	-102.5577	-102.5577	-71.4832	0.6970	73.4579	0.7171	1.2e-04	10.3692
7494	-102.5362	-102.5362	-71.8117	0.7004	73.0744	0.7138	1.2e-04	10.3801
7495	-102.5707	-102.5707	-71.5770	0.6978	73.3760	0.7162	1.2e-04	10.3922
7496	-102.5204	-102.5204	-71.9952	0.7023	72.8863	0.7119	1.2e-04	10.3983
7497	-102.5951	-102.5951	-71.7207	0.6991	73.2456	0.7150	1.2e-04	10.3878
7498	-102.5726	-102.5726	-72.2969	0.7048	72.6828	0.7094	1.2e-04	10.3777
7499	-102.5372	-102.5372	-72.2044	0.7042	72.7332	0.7100	1.2e-04	10.3661
7500	-102.5249	-102.5249	-71.6970	0.6993	73.2055	0.7148	1.2e-04	10.3570
7501	-102.5277	-102.5277	-71.2023	0.6945	73.6669	0.7195	1.2e-04	10.4396
7502	-102.5411	-102.5411	-72.0577	0.7027	72.8572	0.7114	1.2e-04	10.3705
7503	-102.5270	-102.5270	-72.1827	0.7040	72.7135	0.7102	1.2e-04	10.3686
7504	-102.5238	-102.5238	-72.0777	0.7030	72.8243	0.7111	1.2e-04	10.3722
7505	-102.5625	-102.5625	-72.3613	0.7055	72.5844	0.7086	1.2e-04	10.3621
7506	-102.5194	-102.5194	-73.6208	0.7181	71.2613	0.6959	1.2e-04	10.3688
7507	-102.5580	-102.5580	-72.1316	0.7033	72.8081	0.7109	1.2e-04	10.3939
7508	-102.5460	-102.5460	-71.7251	0.6994	73.1830	0.7145	1.2e-04	10.3933
7509	-102.5337	-102.5337	-72.9252	0.7112	71.9862	0.7029	1.2e-04	10.3919
7510	-102.5542	-102.5543	-70.8352	0.6907	74.0710	0.7231	1.2e-04	10.3749
7511	-102.5590	-102.5590	-72.9589	0.7114	71.9929	0.7027	1.2e-04	10.3611
7512	-102.4948	-102.4948	-72.3385	0.7058	72.5251	0.7084	1.2e-04	10.3674
7513	-102.5845	-102.5845	-72.3408	0.7052	72.6525	0.7090	1.2e-04	10.3882
7514	-102.5295	-102.5295	-72.3712	0.7059	72.5132	0.7081	1.2e-04	10.3964
7515	-102.5414	-102.5414	-71.4701	0.6970	73.3939	0.7168	1.2e-04	10.3924
7516	-102.5752	-102.5752	-71.6177	0.6982	73.3366	0.7158	1.2e-04	10.3934
7517	-102.5567	-102.5567	-72.1831	0.7038	72.7552	0.7103	1.2e-04	10.3604
7518	-102.5419	-102.5419	-71.2190	0.6945	73.6685	0.7195	1.2e-04	10.3803
7519	-102.5487	-102.5487	-71.1557	0.6939	73.7400	0.7201	1.2e-04	10.3911
7520	-102.5733	-102.5733	-72.0928	0.7028	72.8609	0.7112	1.2e-04	10.3907
7521	-102.5425	-102.5425	-71.9816	0.7020	72.9351	0.7122	1.2e-04	10.3910
7522	-102.5303	-102.5303	-71.1672	0.6941	73.6899	0.7198	1.2e-04	10.3796
7523	-102.5214	-102.5214	-71.6580	0.6990	73.2393	0.7151	1.2e-04	10.3583
7524	-102.5856	-102.5856	-71.9341	0.7012	73.0207	0.7129	1.2e-04	10.3885
7525	-102.5351	-102.5352	-70.8752	0.6912	73.9995	0.7226	1.2e-04	10.3959
7526	-102.5571	-102.5572	-70.7547	0.6899	74.1411	0.7239	1.2e-04	10.3953
7527	-102.5607	-102.5608	-70.8705	0.6910	73.9913	0.7226	1.2e-04	10.3920
7528	-102.5226	-102.5226	-71.5942	0.6983	73.2827	0.7158	1.2e-04	10.3773
7529	-102.5384	-102.5384	-70.8357	0.6908	74.0312	0.7230	1.2e-04	10.3692
7530	-102.5812	-102.5812	-70.9301	0.6915	73.9848	0.7224	1.2e-04	10.3843
7531	-102.5762	-102.5763	-70.8475	0.6907	74.1030	0.7231	1.2e-04	10.3915
7532	-102.5480	-102.5481	-70.5455	0.6879	74.3308	0.7257	1.2e-04	10.3892
7533	-102.5482	-102.5483	-70.4623	0.6871	74.4085	0.7265	1.2e-04	10.3957
7534	-102.5172	-102.5172	-70.9515	0.6921	73.8955	0.7218	1.2e-04	10.3792
7535	-102.5301	-102.5302	-71.3720	0.6961	73.5325	0.7179	1.2e-04	10.3553
7536	-102.5580	-102.5581	-70.4657	0.6871	74.4406	0.7265	1.2e-04	10.3674
7537	-102.5593	-102.5593	-71.0005	0.6923	73.9226	0.7216	1.2e-04	10.3916
7538	-102.5790	-102.5791	-70.4667	0.6869	74.4287	0.7267	1.2e-04	10.3738
7539	-102.5461	-102.5461	-71.2480	0.6948	73.6670	0.7192	1.2e-04	10.3907
7540	-102.5793	-102.5794	-70.7013	0.6892	74.2172	0.7245	1.2e-04	10.3861
7541	-102.5428	-102.5429	-70.9265	0.6917	73.9743	0.7222	1.2e-04	10.3610
7542	-102.5774	-102.5774	-71.7130	0.6991	73.2286	0.7149	1.2e-04	10.3730
7543	-102.5376	-102.5377	-70.9624	0.6921	73.9102	0.7217	1.2e-04	10.3903
7544	-102.4848	-102.4849	-70.8358	0.6912	73.9898	0.7226	1.2e-04	10.3892
7545	-102.5517	-102.5517	-72.1277	0.7033	72.7696	0.7107	1.2e-04	10.3866
7546	-102.5687	-102.5687	-71.7702	0.6997	73.1567	0.7144	1.2e-04	10.3887
7547	-102.5050	-102.5050	-71.8439	0.7009	73.0447	0.7133	1.2e-04	10.3636
7548	-102.5881	-102.5881	-71.8709	0.7006	73.0754	0.7133	1.2e-04	10.3568
7549	-102.5294	-102.5295	-71.1434	0.6939	73.7335	0.7201	1.2e-04	10.3711
7550	-102.6254	-102.6255	-71.6579	0.6982	73.3707	0.7159	1.2e-04	10.3937
7551	-102.5479	-102.5479	-71.8254	0.7004	73.0910	0.7136	1.2e-04	10.3941
7552	-102.5076	-102.5077	-71.4377	0.6969	73.4177	0.7172	1.2e-04	10.3888
7553	-102.5376	-102.5376	-71.6960	0.6992	73.2041	0.7149	1.2e-04	10.3649
7554	-102.5250	-102.5250	-72.4808	0.7070	72.4257	0.7072	1.2e-04	10.3685
7555	-102.5626	-102.5627	-70.9059	0.6913	73.9785	0.7223	1.2e-04	10.3892
7556	-102.5538	-102.5538	-72.0710	0.7028	72.8618	0.7114	1.2e-04	10.3899
7557	-102.5578	-102.5579	-71.2695	0.6949	73.6580	0.7191	1.2e-04	10.3903
7558	-102.5794	-102.5795	-71.4180	0.6962	73.5442	0.7178	1.2e-04	10.3919
7559	-102.5411	-102.5411	-72.1546	0.7037	72.7312	0.7100	1.2e-04	10.3863
7560	-102.5588	-102.5588	-71.7955	0.7000	73.1490	0.7140	1.2e-04	10.3592
7561	-102.5636	-102.5636	-72.0990	0.7030	72.8228	0.7112	1.2e-04	10.3947
7562	-102.5858	-102.5858	-72.3894	0.7056	72.5808	0.7086	1.2e-04	10.3912
7563	-102.5293	-102.5293	-72.2446	0.7046	72.6619	0.7096	1.2e-04	10.3724
7564	-102.5240	-102.5240	-72.1310	0.7036	72.7699	0.7106	1.2e-04	10.3882
7565	-102.5590	-102.5590	-72.3489	0.7054	72.5882	0.7086	1.2e-04	10.3645
7566	-102.5599	-102.5599	-72.3799	0.7057	72.5497	0.7084	1.2e-04	10.3597
7567	-102.5728	-102.5728	-71.5676	0.6977	73.3764	0.7164	1.2e-04	10.4031
7568	-102.5125	-102.5125	-71.8519	0.7009	73.0572	0.7132	1.2e-04	10.3897
7569	-102.5748	-102.5748	-71.5106	0.6972	73.4184	0.7168	1.2e-04	10.3919
7570	-102.4973	-102.4973	-71.8097	0.7006	73.0555	0.7135	1.2e-04	10.3922
7571	-102.5412	-102.5412	-72.0226	0.7024	72.8835	0.7117	1.2e-04	10.3729
7572	-102.4934	-102.4934	-72.4792	0.7072	72.3915	0.7071	1.2e-04	10.3602
7573	-102.5406	-102.5406	-71.3159	0.6955	73.5670	0.7184	1.2e-04	10.3925
7574	-102.5432	-102.5432	-72.9342	0.7113	71.9939	0.7029	1.2e-04	10.3716
7575	-102.5214	-102.5214	-71.9029	0.7013	73.0042	0.7128	1.2e-04	10.3882
7576	-102.5499	-102.5499	-72.2483	0.7045	72.6813	0.7097	1.2e-04	10.3921
7577	-102.5122	-102.5122	-72.4828	0.7071	72.4120	0.7071	1.2e-04	10.3651
7578	-102.4979	-102.4979	-71.2317	0.6950	73.6054	0.7189	1.2e-04	10.3647
7579	-102.5269	-102.5269	-71.9303	0.7016	72.9845	0.7126	1.2e-04	10.3926
7580	-102.5533	-102.5533	-72.1388	0.7034	72.7853	0.7107	1.2e-04	10.3706
7581	-102.5567	-102.5567	-71.8542	0.7006	73.0425	0.7135	1.2e-04	10.3911
7582	-102.5564	-102.5565	-71.0484	0.6928	73.8465	0.7210	1.2e-04	10.3908
7583	-102.5587	-102.5587	-71.5611	0.6978	73.3360	0.7163	1.2e-04	10.3666
7584	-102.5545	-102.5545	-72.0193	0.7023	72.8980	0.7119	1.2e-04	10.3572
7585	-102.5871	-102.5871	-71.2374	0.6944	73.7244	0.7195	1.2e-04	10.3753
7586	-102.5284	-102.5284	-71.2880	0.6953	73.5773	0.7186	1.2e-04	10.3915
7587	-102.5370	-102.5371	-71.1464	0.6939	73.7458	0.7201	1.2e-04	10.3734
7588	-102.5149	-102.5149	-71.1814	0.6944	73.6695	0.7196	1.2e-04	10.3872
7589	-102.5780	-102.5782	-70.5337	0.6876	74.3486	0.7256	1.2e-04	10.3623
7590	-102.4793	-102.4793	-70.8433	0.6913	73.9663	0.7225	1.2e-04	10.3490
7591	-102.5649	-102.5651	-70.3083	0.6855	74.5871	0.7280	1.2e-04	10.3748
7592	-102.5605	-102.5607	-70.3490	0.6859	74.5047	0.7277	1.2e-04	10.3911
7593	-102.6015	-102.6018	-70.1563	0.6838	74.7686	0.7296	1.2e-04	10.4008
7594	-102.5618	-102.5620	-70.6134	0.6885	74.2651	0.7252	1.2e-04	10.3791
7595	-102.5363	-102.5365	-70.2204	0.6848	74.6133	0.7284	1.2e-04	10.3778
7596	-102.5640	-102.5642	-70.5514	0.6879	74.3526	0.7258	1.2e-04	10.3552
7597	-102.5348	-102.5349	-70.8189	0.6907	74.0355	0.7230	1.2e-04	10.3831
7598	-102.5488	-102.5491	-70.1290	0.6839	74.7058	0.7296	1.2e-04	10.3806
7599	-102.5537	-102.5538	-71.0002	0.6923	73.8955	0.7216	1.2e-04	10.3906
7600	-102.5380	-102.5381	-70.6249	0.6888	74.2351	0.7250	1.2e-04	10.3875
7601	-102.5788	-102.5788	-71.7186	0.6992	73.2282	0.7149	1.2e-04	10.4315
7602	-102.5434	-102.5435	-70.5113	0.6876	74.3435	0.7260	1.2e-04	10.3474
7603	-102.5378	-102.5378	-71.4293	0.6966	73.4749	0.7174	1.2e-04	10.3925
7604	-102.5721	-102.5722	-70.9875	0.6921	73.9484	0.7218	1.2e-04	10.3741
7605	-102.5281	-102.5281	-72.5047	0.7072	72.3883	0.7070	1.2e-04	10.3883
7606	-102.5293	-102.5293	-71.5523	0.6979	73.3393	0.7162	1.2e-04	10.3728
7607	-102.5692	-102.5693	-71.1834	0.6940	73.7520	0.7199	1.2e-04	10.3711
7608	-102.5325	-102.5325	-71.3982	0.6963	73.4975	0.7177	1.2e-04	10.3571
7609	-102.5725	-102.5725	-71.2011	0.6942	73.7119	0.7198	1.2e-04	10.3922
7610	-102.4993	-102.4993	-72.3812	0.7062	72.4718	0.7080	1.2e-04	10.3902
7611	-102.5619	-102.5619	-71.5516	0.6976	73.3636	0.7164	1.2e-04	10.3957
7612	-102.5585	-102.5585	-71.8549	0.7006	73.0651	0.7135	1.2e-04	10.3825
7613	-102.5173	-102.5173	-71.5745	0.6982	73.3098	0.7159	1.2e-04	10.3621
7614	-102.5400	-102.5400	-71.1032	0.6934	73.7962	0.7205	1.2e-04	10.3633
7615	-102.5317	-102.5317	-71.5243	0.6976	73.3592	0.7165	1.2e-04	10.3923
7616	-102.5731	-102.5732	-71.5483	0.6975	73.3911	0.7165	1.2e-04	10.3903
7617	-102.5542	-102.5542	-72.4080	0.7060	72.5286	0.7082	1.2e-04	10.3893
7618	-102.5300	-102.5300	-71.5891	0.6982	73.2941	0.7159	1.2e-04	10.3928
7619	-102.5463	-102.5463	-71.3748	0.6960	73.5305	0.7180	1.2e-04	10.3611
7620	-102.5075	-102.5075	-71.0329	0.6930	73.8068	0.7209	1.2e-04	10.3568
7621	-102.5500	-102.5500	-71.4756	0.6970	73.4052	0.7169	1.2e-04	10.3907
7622	-102.5310	-102.5310	-71.4283	0.6967	73.4881	0.7174	1.2e-04	10.3917
7623	-102.5532	-102.5533	-70.9839	0.6922	73.9221	0.7217	1.2e-04	10.3801
7624	-102.5626	-102.5626	-71.5951	0.6981	73.3388	0.7160	1.2e-04	10.3705
7625	-102.5544	-102.5545	-70.7106	0.6895	74.1856	0.7243	1.2e-04	10.3794
7626	-102.5426	-102.5427	-70.6477	0.6890	74.2050	0.7246	1.2e-04	10.3595
7627	-102.6054	-102.6055	-70.8504	0.6905	74.1067	0.7232	1.2e-04	10.3695
7628	-102.5353	-102.5355	-70.4648	0.6872	74.3861	0.7264	1.2e-04	10.3904
7629	-102.5545	-102.5546	-71.1160	0.6934	73.8102	0.7205	1.2e-04	10.3724
7630	-102.5670	-102.5670	-71.4641	0.6968	73.4617	0.7173	1.2e-04	10.3739
7631	-102.5219	-102.5221	-70.1514	0.6843	74.6645	0.7290	1.2e-04	10.3790
7632	-102.5575	-102.5575	-71.6322	0.6985	73.2891	0.7156	1.2e-04	10.3550
7633	-102.5378	-102.5378	-72.1106	0.7033	72.7990	0.7109	1.2e-04	10.3970
7634	-102.5640	-102.5640	-71.5889	0.6980	73.3332	0.7160	1.2e-04	10.3725
7635	-102.5254	-102.5255	-70.9538	0.6921	73.8982	0.7218	1.2e-04	10.3915
7636	-102.5554	-102.5555	-70.6898	0.6893	74.2072	0.7244	1.2e-04	10.3888
7637	-102.5002	-102.5003	-70.5204	0.6880	74.2946	0.7255	1.2e-04	10.3798
7638	-102.5161	-102.5163	-70.0168	0.6830	74.8026	0.7304	1.2e-04	10.3578
7639	-102.5610	-102.5610	-71.4580	0.6967	73.4776	0.7173	1.2e-04	10.3775
7640	-102.5057	-102.5057	-71.3924	0.6965	73.4726	0.7175	1.2e-04	10.3943
7641	-102.5360	-102.5362	-70.5168	0.6877	74.3529	0.7259	1.2e-04	10.3927
7642	-102.4998	-102.4998	-71.7704	0.7002	73.0784	0.7136	1.2e-04	10.3743
7643	-102.5775	-102.5775	-72.0012	0.7019	72.9626	0.7123	1.2e-04	10.3972
7644	-102.5516	-102.5516	-71.6841	0.6990	73.2453	0.7151	1.2e-04	10.3556
7645	-102.5693	-102.5693	-72.0776	0.7027	72.8484	0.7111	1.2e-04	10.3936
7646	-102.5019	-102.5019	-72.2183	0.7046	72.6369	0.7095	1.2e-04	10.3886
7647	-102.5047	-102.5047	-72.3736	0.7061	72.4983	0.7081	1.2e-04	10.3698
7648	-102.5179	-102.5179	-71.8462	0.7008	73.0232	0.7131	1.2e-04	10.3716
7649	-102.5606	-102.5606	-72.6181	0.7081	72.2714	0.7056	1.2e-04	10.3719
7650	-102.5347	-102.5347	-72.1784	0.7039	72.7147	0.7103	1.2e-04	10.3509
7651	-102.5216	-102.5216	-72.6112	0.7083	72.2791	0.7059	1.2e-04	10.3663
7652	-102.5703	-102.5703	-71.0997	0.6932	73.8271	0.7206	1.2e-04	10.3925
7653	-102.5362	-102.5362	-71.7268	0.6995	73.1933	0.7146	1.2e-04	10.3885
7654	-102.5255	-102.5255	-71.6694	0.6990	73.2336	0.7151	1.2e-04	10.3893
7655	-102.5700	-102.5700	-71.4169	0.6963	73.5274	0.7178	1.2e-04	10.3772
7656	-102.5713	-102.5713	-71.9099	0.7011	73.0256	0.7130	1.2e-04	10.3515
7657	-102.5459	-102.5459	-72.3688	0.7057	72.5713	0.7084	1.2e-04	10.3986
7658	-102.5388	-102.5388	-71.6792	0.6990	73.2408	0.7150	1.2e-04	10.3888
7659	-102.5652	-102.5652	-71.1411	0.6936	73.7423	0.7202	1.2e-04	10.3705
7660	-102.5533	-102.5533	-71.8878	0.7010	73.0707	0.7132	1.2e-04	10.3716
7661	-102.5384	-102.5384	-71.5836	0.6981	73.3119	0.7160	1.2e-04	10.3784
7662	-102.5080	-102.5080	-71.8347	0.7008	73.0064	0.7132	1.2e-04	10.3544
7663	-102.5384	-102.5384	-72.3877	0.7060	72.5303	0.7083	1.2e-04	10.3729
7664	-102.5194	-102.5194	-71.6348	0.6987	73.2473	0.7154	1.2e-04	10.3937
7665	-102.5302	-102.5302	-71.5247	0.6976	73.3567	0.7163	1.2e-04	10.3786
7666	-102.5333	-102.5333	-72.0620	0.7028	72.8247	0.7110	1.2e-04	10.3880
7667	-102.5972	-102.5972	-71.6147	0.6980	73.3860	0.7161	1.2e-04	10.3943
7668	-102.5540	-102.5540	-71.3413	0.6956	73.5597	0.7181	1.2e-04	10.3577
7669	-102.5778	-102.5778	-71.9251	0.7012	73.0247	0.7129	1.2e-04	10.3824
7670	-102.5536	-102.5536	-72.1352	0.7034	72.7944	0.7108	1.2e-04	10.3843
7671	-102.5634	-102.5634	-71.3520	0.6957	73.5740	0.7183	1.2e-04	10.3698
7672	-102.5358	-102.5358	-71.6397	0.6987	73.2716	0.7154	1.2e-04	10.3787
7673	-102.5440	-102.5441	-71.3970	0.6963	73.4779	0.7175	1.2e-04	10.3751
7674	-102.5267	-102.5267	-71.9450	0.7017	72.9428	0.7124	1.2e-04	10.3487
7675	-102.5111	-102.5111	-72.9704	0.7118	71.9273	0.7024	1.2e-04	10.3688
7676	-102.5357	-102.5357	-72.6430	0.7085	72.2758	0.7057	1.2e-04	10.3704
7677	-102.5420	-102.5420	-72.2648	0.7047	72.6342	0.7094	1.2e-04	10.3695
7678	-102.5332	-102.5332	-72.2851	0.7050	72.6265	0.7092	1.2e-04	10.3884
7679	-102.5406	-102.5406	-71.8550	0.7007	73.0614	0.7134	1.2e-04	10.3642
7680	-102.5871	-102.5871	-72.0714	0.7025	72.8840	0.7115	1.2e-04	10.3580
7681	-102.5388	-102.5388	-72.5770	0.7078	72.3384	0.7063	1.2e-04	10.3741
7682	-102.5475	-102.5475	-72.5691	0.7077	72.3723	0.7065	1.2e-04	10.3905
7683	-102.5587	-102.5587	-71.0801	0.6931	73.8282	0.7208	1.2e-04	10.3710
7684	-102.5423	-102.5423	-71.2194	0.6945	73.6805	0.7194	1.2e-04	10.3896
7685	-102.5626	-102.5626	-71.6244	0.6983	73.3199	0.7157	1.2e-04	10.3724
7686	-102.5269	-102.5270	-70.8793	0.6913	73.9633	0.7225	1.2e-04	10.3525
7687	-102.5677	-102.5677	-71.3659	0.6958	73.5716	0.7182	1.2e-04	10.3782
7688	-102.5916	-102.5916	-71.5617	0.6975	73.4103	0.7165	1.2e-04	10.3817
7689	-102.5591	-102.5591	-71.1763	0.6940	73.7474	0.7199	1.2e-04	10.3710
7690	-102.5633	-102.5633	-71.9531	0.7015	72.9996	0.7126	1.2e-04	10.3910
7691	-102.5264	-102.5264	-72.9224	0.7113	72.0087	0.7029	1.2e-04	10.3737
7692	-102.5077	-102.5078	-71.1981	0.6946	73.6575	0.7194	1.2e-04	10.3634
7693	-102.5209	-102.5210	-70.8422	0.6910	74.0225	0.7228	1.2e-04	10.3831
7694	-102.5676	-102.5676	-71.5821	0.6979	73.3492	0.7162	1.2e-04	10.3973
7695	-102.5644	-102.5645	-71.2569	0.6948	73.6577	0.7192	1.2e-04	10.3926
7696	-102.5333	-102.5333	-72.4454	0.7066	72.4789	0.7077	1.2e-04	10.3895
7697	-102.6334	-102.6334	-72.0700	0.7022	72.9601	0.7120	1.2e-04	10.3762
7698	-102.5472	-102.5472	-71.4079	0.6963	73.5131	0.7177	1.2e-04	10.3567
7699	-102.5617	-102.5617	-71.9476	0.7015	72.9888	0.7126	1.2e-04	10.3605
7700	-102.5388	-102.5388	-71.7327	0.6996	73.1815	0.7145	1.2e-04	10.3861
7701	-102.4886	-102.4886	-71.6870	0.6995	73.1509	0.7146	1.2e-04	10.4146
7702	-102.5578	-102.5578	-72.3320	0.7053	72.6164	0.7089	1.2e-04	10.3584
7703	-102.5691	-102.5692	-70.6633	0.6889	74.2521	0.7248	1.2e-04	10.3595
7704	-102.5547	-102.5547	-71.8820	0.7009	73.0520	0.7132	1.2e-04	10.3445
7705	-102.5440	-102.5440	-71.5902	0.6981	73.3157	0.7159	1.2e-04	10.3794
7706	-102.5177	-102.5177	-71.8781	0.7011	73.0173	0.7130	1.2e-04	10.3751
7707	-102.5181	-102.5181	-72.6287	0.7084	72.2608	0.7057	1.2e-04	10.3712
7708	-102.5496	-102.5496	-71.8383	0.7005	73.0895	0.7136	1.2e-04	10.3676
7709	-102.5515	-102.5515	-71.7177	0.6993	73.2016	0.7148	1.2e-04	10.3697
7710	-102.5557	-102.5557	-72.2350	0.7043	72.7070	0.7099	1.2e-04	10.3541
7711	-102.5420	-102.5420	-72.2973	0.7051	72.5700	0.7087	1.2e-04	10.3749
7712	-102.5551	-102.5552	-71.3519	0.6957	73.5673	0.7183	1.2e-04	10.3904
7713	-102.5648	-102.5648	-71.7647	0.6997	73.1894	0.7144	1.2e-04	10.3786
7714	-102.5126	-102.5126	-71.3243	0.6958	73.5410	0.7183	1.2e-04	10.3862
7715	-102.5619	-102.5619	-71.6820	0.6989	73.2441	0.7151	1.2e-04	10.3724
7716	-102.5580	-102.5580	-71.3953	0.6961	73.4909	0.7174	1.2e-04	10.3591
7717	-102.5433	-102.5433	-71.5393	0.6976	73.3546	0.7163	1.2e-04	10.3597
7718	-102.5439	-102.5440	-70.7622	0.6901	74.1328	0.7237	1.2e-04	10.3726
7719	-102.5133	-102.5133	-71.9357	0.7017	72.9684	0.7124	1.2e-04	10.3898
7720	-102.5264	-102.5265	-70.8493	0.6910	74.0096	0.7228	1.2e-04	10.3908
7721	-102.5477	-102.5478	-70.8104	0.6905	74.0599	0.7232	1.2e-04	10.3718
7722	-102.5780	-102.5780	-71.6046	0.6980	73.3445	0.7160	1.2e-04	10.3561
7723	-102.5823	-102.5824	-70.8555	0.6907	74.0127	0.7225	1.2e-04	10.3727
7724	-102.5816	-102.5817	-71.1586	0.6937	73.7957	0.7203	1.2e-04	10.3885
7725	-102.5622	-102.5623	-71.3223	0.6954	73.5834	0.7186	1.2e-04	10.3905
7726	-102.5400	-102.5401	-70.6970	0.6895	74.1753	0.7243	1.2e-04	10.3677
7727	-102.5259	-102.5259	-72.5397	0.7075	72.3465	0.7067	1.2e-04	10.3600
7728	-102.4894	-102.4894	-72.4586	0.7070	72.4153	0.7072	1.2e-04	10.3505
7729	-102.5474	-102.5477	-70.1336	0.6839	74.7116	0.7295	1.2e-04	10.3937
7730	-102.5869	-102.5870	-71.1403	0.6935	73.8103	0.7205	1.2e-04	10.3848
7731	-102.6157	-102.6157	-71.9909	0.7016	73.0260	0.7126	1.2e-04	10.3867
7732	-102.5277	-102.5277	-71.4263	0.6967	73.4779	0.7174	1.2e-04	10.3869
7733	-102.5261	-102.5261	-72.1679	0.7039	72.7545	0.7103	1.2e-04	10.3734
7734	-102.5672	-102.5672	-71.5640	0.6977	73.3721	0.7164	1.2e-04	10.3585
7735	-102.5281	-102.5281	-71.2886	0.6953	73.5664	0.7184	1.2e-04	10.3714
7736	-102.5477	-102.5478	-71.6173	0.6984	73.3053	0.7155	1.2e-04	10.3894
7737	-102.4875	-102.4875	-71.4687	0.6973	73.3757	0.7167	1.2e-04	10.3706
7738	-102.5181	-102.5181	-72.0373	0.7027	72.8568	0.7115	1.2e-04	10.3688
7739	-102.5705	-102.5705	-71.8842	0.7008	73.0530	0.7132	1.2e-04	10.3768
7740	-102.5812	-102.5812	-71.8003	0.6999	73.1497	0.7142	1.2e-04	10.3601
7741	-102.5408	-102.5409	-70.7277	0.6898	74.1486	0.7238	1.2e-04	10.3645
7742	-102.5464	-102.5464	-72.4540	0.7065	72.4463	0.7075	1.2e-04	10.3788
7743	-102.5941	-102.5941	-72.2333	0.7041	72.7418	0.7101	1.2e-04	10.3905
7744	-102.5167	-102.5167	-71.8851	0.7012	73.0251	0.7129	1.2e-04	10.3871
7745	-102.5639	-102.5639	-71.8026	0.7001	73.1235	0.7139	1.2e-04	10.3787
7746	-102.5709	-102.5709	-71.6073	0.6981	73.3287	0.7159	1.2e-04	10.3543
7747	-102.5557	-102.5557	-71.6323	0.6985	73.2892	0.7156	1.2e-04	10.3776
7748	-102.5739	-102.5739	-71.5364	0.6974	73.4150	0.7166	1.2e-04	10.3696
7749	-102.5057	-102.5057	-72.7574	0.7098	72.1693	0.7044	1.2e-04	10.3908
7750	-102.5731	-102.5731	-72.4491	0.7063	72.5243	0.7079	1.2e-04	10.3836
7751	-102.5242	-102.5242	-72.5513	0.7077	72.3612	0.7065	1.2e-04	10.3707
7752	-102.5410	-102.5410	-71.7788	0.7000	73.1359	0.7141	1.2e-04	10.3493
7753	-102.5632	-102.5632	-72.5719	0.7076	72.3685	0.7065	1.2e-04	10.3729
7754	-102.5763	-102.5763	-72.4821	0.7066	72.4664	0.7074	1.2e-04	10.3680
7755	-102.5402	-102.5402	-71.9990	0.7022	72.9082	0.7120	1.2e-04	10.3871
7756	-102.5440	-102.5440	-72.2824	0.7049	72.6045	0.7090	1.2e-04	10.3698
7757	-102.5651	-102.5651	-71.3826	0.6960	73.5413	0.7180	1.2e-04	10.3704
7758	-102.5118	-102.5118	-71.7364	0.6998	73.1580	0.7143	1.2e-04	10.3482
7759	-102.5281	-102.5281	-72.3332	0.7055	72.5618	0.7085	1.2e-04	10.3635
7760	-102.5571	-102.5571	-72.3614	0.7056	72.5842	0.7086	1.2e-04	10.3847
7761	-102.5667	-102.5667	-72.6274	0.7081	72.3299	0.7060	1.2e-04	10.3731
7762	-102.5687	-102.5687	-72.1779	0.7037	72.7634	0.7101	1.2e-04	10.3896
7763	-102.5668	-102.5668	-72.5417	0.7073	72.4258	0.7069	1.2e-04	10.3754
7764	-102.5371	-102.5371	-72.2157	0.7043	72.7220	0.7099	1.2e-04	10.3581
7765	-102.5267	-102.5267	-73.0084	0.7121	71.8856	0.7019	1.2e-04	10.3571
7766	-102.5561	-102.5561	-72.6182	0.7081	72.3124	0.7061	1.2e-04	10.3866
7767	-102.5556	-102.5556	-72.6638	0.7085	72.2848	0.7057	1.2e-04	10.3883
7768	-102.5430	-102.5430	-72.1225	0.7033	72.8199	0.7108	1.2e-04	10.3884
7769	-102.5227	-102.5227	-72.1894	0.7041	72.7105	0.7100	1.2e-04	10.3835
7770	-102.5647	-102.5647	-72.5153	0.7070	72.4235	0.7072	1.2e-04	10.3559
7771	-102.5778	-102.5778	-73.4535	0.7161	71.4689	0.6977	1.2e-04	10.3692
7772	-102.5676	-102.5676	-72.2195	0.7041	72.7473	0.7101	1.2e-04	10.3911
7773	-102.5070	-102.5070	-72.6614	0.7088	72.2178	0.7053	1.2e-04	10.3704
7774	-102.5534	-102.5534	-72.0285	0.7024	72.8777	0.7117	1.2e-04	10.3901
7775	-102.5761	-102.5761	-72.2500	0.7044	72.7038	0.7098	1.2e-04	10.3747
7776	-102.5228	-102.5228	-72.1019	0.7033	72.8236	0.7109	1.2e-04	10.3558
7777	-102.5032	-102.5032	-71.2917	0.6955	73.5637	0.7184	1.2e-04	10.3859
7778	-102.5499	-102.5499	-71.4133	0.6964	73.4804	0.7177	1.2e-04	10.3969
7779	-102.5395	-102.5395	-72.2238	0.7044	72.6962	0.7097	1.2e-04	10.3719
7780	-102.5237	-102.5237	-71.7014	0.6994	73.2024	0.7146	1.2e-04	10.3862
7781	-102.5491	-102.5491	-72.2877	0.7049	72.6472	0.7093	1.2e-04	10.3713
7782	-102.5553	-102.5553	-71.4194	0.6964	73.4955	0.7176	1.2e-04	10.3578
7783	-102.5048	-102.5050	-70.3377	0.6862	74.4988	0.7274	1.2e-04	10.3690
7784	-102.5348	-102.5348	-71.6497	0.6988	73.2741	0.7153	1.2e-04	10.3874
7785	-102.5914	-102.5914	-71.3055	0.6950	73.6756	0.7189	1.2e-04	10.3917
7786	-102.5234	-102.5234	-71.3866	0.6963	73.5019	0.7177	1.2e-04	10.3681
7787	-102.5207	-102.5208	-70.5613	0.6883	74.2928	0.7252	1.2e-04	10.3949
7788	-102.5314	-102.5314	-71.3630	0.6960	73.5312	0.7179	1.2e-04	10.3546
7789	-102.5039	-102.5039	-71.9200	0.7016	72.9718	0.7125	1.2e-04	10.3718
7790	-102.4978	-102.4978	-71.1020	0.6937	73.7891	0.7203	1.2e-04	10.3688
7791	-102.5509	-102.5509	-71.6278	0.6985	73.3016	0.7156	1.2e-04	10.3906
7792	-102.5397	-102.5397	-71.3035	0.6954	73.5906	0.7186	1.2e-04	10.3712
7793	-102.5495	-102.5495	-72.0201	0.7023	72.8988	0.7116	1.2e-04	10.3935
7794	-102.5338	-102.5338	-71.9306	0.7015	72.9836	0.7126	1.2e-04	10.3512
7795	-102.5638	-102.5639	-71.3867	0.6960	73.5521	0.7180	1.2e-04	10.3744
7796	-102.5171	-102.5171	-72.1469	0.7038	72.7524	0.7103	1.2e-04	10.3889
7797	-102.5495	-102.5495	-71.7554	0.6997	73.1972	0.7143	1.2e-04	10.3940
7798	-102.5767	-102.5767	-72.2842	0.7047	72.6883	0.7094	1.2e-04	10.3807
7799	-102.5558	-102.5558	-72.2458	0.7045	72.7260	0.7097	1.2e-04	10.3710
7800	-102.5364	-102.5364	-71.9447	0.7017	72.9596	0.7123	1.2e-04	10.3539
7801	-102.5392	-102.5392	-72.8612	0.7106	72.0668	0.7036	1.2e-04	10.4180
7802	-102.5304	-102.5304	-73.4566	0.7164	71.4507	0.6976	1.2e-04	10.3631
7803	-102.5639	-102.5639	-72.0839	0.7028	72.8502	0.7114	1.2e-04	10.3723
7804	-102.5558	-102.5558	-73.2133	0.7139	71.7238	0.7002	1.2e-04	10.3898
7805	-102.5411	-102.5411	-72.5381	0.7074	72.4238	0.7068	1.2e-04	10.3648
7806	-102.5307	-102.5307	-72.2820	0.7050	72.6100	0.7090	1.2e-04	10.3559
7807	-102.5604	-102.5604	-74.1760	0.7232	70.7219	0.6904	1.2e-04	10.3708
7808	-102.5640	-102.5640	-73.1856	0.7136	71.7349	0.7004	1.2e-04	10.3679
7809	-102.5362	-102.5362	-72.7240	0.7093	72.2140	0.7049	1.2e-04	10.3715
7810	-102.5706	-102.5706	-73.6456	0.7180	71.3186	0.6960	1.2e-04	10.3861
7811	-102.5303	-102.5303	-74.1329	0.7230	70.7495	0.6908	1.2e-04	10.3742
7812	-102.5403	-102.5403	-73.7208	0.7189	71.1901	0.6950	1.2e-04	10.3488
7813	-102.5583	-102.5583	-74.2030	0.7235	70.7199	0.6903	1.2e-04	10.3586
7814	-102.5038	-102.5038	-73.0188	0.7124	71.8743	0.7018	1.2e-04	10.3868
7815	-102.5452	-102.5452	-74.0711	0.7223	70.8208	0.6915	1.2e-04	10.3920
7816	-102.5516	-102.5516	-74.2687	0.7242	70.6197	0.6896	1.2e-04	10.3713
7817	-102.5153	-102.5153	-73.2629	0.7147	71.5942	0.6994	1.2e-04	10.3745
7818	-102.5665	-102.5665	-73.5264	0.7169	71.3942	0.6970	1.2e-04	10.3450
7819	-102.5669	-102.5669	-73.3714	0.7154	71.5858	0.6987	1.2e-04	10.3635
7820	-102.5744	-102.5744	-73.4448	0.7160	71.4863	0.6979	1.2e-04	10.3703
7821	-102.4951	-102.4951	-74.2159	0.7241	70.6160	0.6897	1.2e-04	10.3695
7822	-102.5700	-102.5700	-73.5363	0.7169	71.4050	0.6971	1.2e-04	10.3823
7823	-102.5460	-102.5460	-73.5233	0.7170	71.3675	0.6970	1.2e-04	10.3693
7824	-102.5428	-102.5428	-73.8852	0.7205	71.0086	0.6934	1.2e-04	10.3501
7825	-102.5175	-102.5175	-73.0028	0.7121	71.8977	0.7021	1.2e-04	10.3673
7826	-102.5041	-102.5041	-73.3193	0.7153	71.5520	0.6988	1.2e-04	10.3907
7827	-102.5387	-102.5387	-73.5960	0.7177	71.2834	0.6961	1.2e-04	10.3882
7828	-102.5151	-102.5151	-74.0310	0.7221	70.8226	0.6916	1.2e-04	10.3604
7829	-102.5605	-102.5605	-73.0976	0.7127	71.8550	0.7014	1.2e-04	10.3727
7830	-102.5328	-102.5328	-73.3971	0.7158	71.5232	0.6983	1.2e-04	10.3580
7831	-102.5833	-102.5833	-72.8673	0.7103	72.0948	0.7038	1.2e-04	10.3599
7832	-102.5572	-102.5572	-72.6080	0.7080	72.2978	0.7060	1.2e-04	10.3904
7833	-102.5539	-102.5539	-72.3141	0.7051	72.6255	0.7090	1.2e-04	10.3665
7834	-102.5341	-102.5341	-73.7725	0.7195	71.1081	0.6942	1.2e-04	10.3860
7835	-102.5607	-102.5607	-72.9251	0.7110	72.0234	0.7031	1.2e-04	10.3598
7836	-102.5635	-102.5635	-73.7120	0.7187	71.2183	0.6953	1.2e-04	10.3586
7837	-102.5368	-102.5368	-72.1612	0.7038	72.7399	0.7101	1.2e-04	10.3635
7838	-102.5361	-102.5361	-73.1786	0.7137	71.6958	0.7003	1.2e-04	10.3897
7839	-102.5686	-102.5686	-72.5318	0.7072	72.4119	0.7070	1.2e-04	10.3906
7840	-102.5756	-102.5756	-73.7600	0.7191	71.1965	0.6949	1.2e-04	10.3890
7841	-102.5404	-102.5404	-73.3819	0.7156	71.5241	0.6984	1.2e-04	10.3648
7842	-102.5473	-102.5473	-73.7177	0.7189	71.1993	0.6951	1.2e-04	10.3490
7843	-102.5577	-102.5577	-72.9729	0.7115	71.9471	0.7026	1.2e-04	10.3626
7844	-102.5469	-102.5469	-72.2805	0.7049	72.6384	0.7091	1.2e-04	10.3841
7845	-102.5473	-102.5473	-72.7713	0.7096	72.1682	0.7046	1.2e-04	10.3901
7846	-102.5286	-102.5286	-72.7498	0.7096	72.1462	0.7044	1.2e-04	10.3663
7847	-102.5589	-102.5589	-72.6092	0.7080	72.3398	0.7062	1.2e-04	10.3804
7848	-102.5224	-102.5224	-72.0411	0.7027	72.8726	0.7115	1.2e-04	10.3521
7849	-102.5455	-102.5455	-72.4372	0.7064	72.5056	0.7077	1.2e-04	10.3784
7850	-102.5468	-102.5468	-72.2750	0.7048	72.6654	0.7093	1.2e-04	10.3694
7851	-102.5704	-102.5704	-71.3774	0.6959	73.5433	0.7181	1.2e-04	10.3693
7852	-102.5642	-102.5642	-72.3406	0.7053	72.6251	0.7089	1.2e-04	10.3908
7853	-102.5261	-102.5261	-71.8889	0.7012	73.0211	0.7130	1.2e-04	10.3706
7854	-102.5740	-102.5740	-71.6863	0.6989	73.2763	0.7151	1.2e-04	10.3617
7855	-102.5120	-102.5120	-73.0371	0.7125	71.8449	0.7017	1.2e-04	10.3630
7856	-102.5627	-102.5627	-71.5983	0.6981	73.3293	0.7158	1.2e-04	10.3876
7857	-102.5383	-102.5383	-71.8993	0.7012	72.9967	0.7128	1.2e-04	10.3682
7858	-102.5104	-102.5104	-72.1701	0.7040	72.6882	0.7100	1.2e-04	10.3685
7859	-102.5542	-102.5542	-72.4499	0.7065	72.4921	0.7077	1.2e-04	10.3664
7860	-102.5691	-102.5692	-71.3746	0.6959	73.5658	0.7180	1.2e-04	10.3553
7861	-102.5397	-102.5397	-71.7574	0.6998	73.1712	0.7142	1.2e-04	10.3521
7862	-102.5384	-102.5386	-70.3856	0.6864	74.4677	0.7272	1.2e-04	10.3697
7863	-102.5482	-102.5482	-71.8746	0.7009	73.0272	0.7130	1.2e-04	10.3815
7864	-102.5367	-102.5367	-72.3968	0.7061	72.5128	0.7081	1.2e-04	10.3787
7865	-102.5824	-102.5824	-72.5504	0.7072	72.4328	0.7070	1.2e-04	10.3887
7866	-102.5146	-102.5146	-71.7443	0.6998	73.1312	0.7143	1.2e-04	10.3522
7867	-102.5113	-102.5113	-72.3595	0.7059	72.5321	0.7083	1.2e-04	10.3609
7868	-102.5589	-102.5589	-71.9188	0.7012	73.0045	0.7127	1.2e-04	10.3673
7869	-102.5414	-102.5414	-71.9139	0.7013	72.9901	0.7128	1.2e-04	10.3898
7870	-102.5579	-102.5579	-72.1001	0.7030	72.8303	0.7111	1.2e-04	10.3915
7871	-102.5027	-102.5027	-73.3056	0.7152	71.5617	0.6990	1.2e-04	10.3759
7872	-102.5558	-102.5558	-72.3671	0.7056	72.5844	0.7085	1.2e-04	10.3472
7873	-102.5424	-102.5424	-72.0855	0.7030	72.8523	0.7112	1.2e-04	10.3514
7874	-102.5401	-102.5401	-72.0057	0.7022	72.9031	0.7118	1.2e-04	10.3914
7875	-102.5235	-102.5235	-71.9045	0.7013	72.9841	0.7128	1.2e-04	10.3711
7876	-102.5405	-102.5405	-72.2593	0.7047	72.6581	0.7094	1.2e-04	10.3677
7877	-102.5421	-102.5421	-72.6495	0.7085	72.2901	0.7057	1.2e-04	10.3695
7878	-102.5348	-102.5348	-71.6858	0.6991	73.2077	0.7149	1.2e-04	10.3619
7879	-102.5119	-102.5119	-71.3416	0.6959	73.5111	0.7180	1.2e-04	10.3566
7880	-102.5679	-102.5679	-72.1239	0.7032	72.8108	0.7110	1.2e-04	10.3664
7881	-102.5534	-102.5534	-71.5964	0.6981	73.3373	0.7159	1.2e-04	10.3694
7882	-102.5415	-102.5415	-71.6901	0.6991	73.2238	0.7149	1.2e-04	10.3657
7883	-102.5492	-102.5492	-71.3639	0.6959	73.5562	0.7181	1.2e-04	10.3594
7884	-102.5643	-102.5644	-71.2129	0.6943	73.6989	0.7195	1.2e-04	10.3646
7885	-102.5683	-102.5686	-70.1480	0.6839	74.7567	0.7296	1.2e-04	10.3542
7886	-102.5425	-102.5426	-70.7516	0.6900	74.1330	0.7238	1.2e-04	10.3776
7887	-102.5899	-102.5901	-70.6108	0.6883	74.3090	0.7254	1.2e-04	10.3896
7888	-102.5570	-102.5570	-71.2118	0.6944	73.6944	0.7196	1.2e-04	10.3696
7889	-102.5558	-102.5559	-70.7749	0.6901	74.1396	0.7237	1.2e-04	10.3843
7890	-102.5743	-102.5744	-70.9972	0.6922	73.9557	0.7217	1.2e-04	10.3610
7891	-102.5296	-102.5296	-71.4767	0.6971	73.4106	0.7168	1.2e-04	10.3718
7892	-102.5494	-102.5494	-71.5467	0.6977	73.3646	0.7164	1.2e-04	10.3668
7893	-102.5533	-102.5533	-72.3756	0.7057	72.5574	0.7084	1.2e-04	10.3896
7894	-102.5272	-102.5272	-72.1084	0.7033	72.8129	0.7108	1.2e-04	10.3672
7895	-102.5376	-102.5376	-72.1669	0.7038	72.7395	0.7103	1.2e-04	10.3689
7896	-102.5625	-102.5625	-71.3949	0.6961	73.5131	0.7179	1.2e-04	10.3716
7897	-102.5295	-102.5295	-72.3478	0.7056	72.5588	0.7085	1.2e-04	10.3577
7898	-102.5415	-102.5415	-72.3851	0.7059	72.5565	0.7083	1.2e-04	10.3746
7899	-102.5390	-102.5390	-71.4171	0.6965	73.4806	0.7176	1.2e-04	10.3897
7900	-102.5586	-102.5587	-71.0506	0.6928	73.8918	0.7211	1.2e-04	10.3737
7901	-102.5294	-102.5294	-71.8716	0.7010	73.0472	0.7132	1.2e-04	10.3961
7902	-102.5443	-102.5443	-72.9054	0.7110	72.0248	0.7032	1.2e-04	10.3502
7903	-102.5395	-102.5395	-72.5346	0.7074	72.3880	0.7068	1.2e-04	10.3539
7904	-102.5662	-102.5662	-72.2930	0.7048	72.6644	0.7093	1.2e-04	10.3894
7905	-102.5538	-102.5538	-71.8762	0.7009	73.0643	0.7133	1.2e-04	10.3720
7906	-102.5033	-102.5033	-72.3570	0.7059	72.5154	0.7081	1.2e-04	10.3905
7907	-102.5652	-102.5652	-73.0913	0.7126	71.8424	0.7015	1.2e-04	10.3895
7908	-102.5580	-102.5580	-73.0221	0.7120	71.9379	0.7022	1.2e-04	10.3696
7909	-102.5635	-102.5635	-74.3107	0.7245	70.5613	0.6890	1.2e-04	10.3462
7910	-102.5430	-102.5430	-73.8262	0.7200	71.0716	0.6940	1.2e-04	10.3698
7911	-102.5484	-102.5484	-73.7362	0.7190	71.1482	0.6950	1.2e-04	10.3814
7912	-102.5828	-102.5828	-73.6701	0.7182	71.2663	0.6958	1.2e-04	10.3824
7913	-102.5729	-102.5729	-73.0771	0.7124	71.8552	0.7014	1.2e-04	10.3678
7914	-102.5378	-102.5378	-73.6368	0.7181	71.2659	0.6959	1.2e-04	10.3615
7915	-102.5694	-102.5694	-73.7084	0.7186	71.2298	0.6954	1.2e-04	10.3534
7916	-102.5439	-102.5439	-72.2787	0.7049	72.6446	0.7093	1.2e-04	10.3510
7917	-102.5596	-102.5596	-74.2006	0.7235	70.7016	0.6903	1.2e-04	10.3890
7918	-102.5307	-102.5307	-73.8377	0.7202	71.0520	0.6938	1.2e-04	10.3727
7919	-102.5074	-102.5074	-73.9126	0.7210	70.9312	0.6928	1.2e-04	10.3908
7920	-102.5653	-102.5653	-73.1413	0.7131	71.7918	0.7010	1.2e-04	10.3590
7921	-102.5754	-102.5754	-72.7849	0.7096	72.1650	0.7046	1.2e-04	10.3408
7922	-102.5268	-102.5268	-73.2062	0.7140	71.6702	0.7001	1.2e-04	10.3576
7923	-102.5117	-102.5117	-73.7036	0.7190	71.1699	0.6950	1.2e-04	10.3700
7924	-102.5890	-102.5890	-73.2877	0.7144	71.6796	0.6997	1.2e-04	10.3698
7925	-102.5297	-102.5297	-72.2691	0.7049	72.6471	0.7093	1.2e-04	10.3790
7926	-102.5548	-102.5548	-72.8310	0.7102	72.1058	0.7039	1.2e-04	10.3678
7927	-102.5364	-102.5364	-72.1554	0.7037	72.7590	0.7104	1.2e-04	10.3460
7928	-102.5020	-102.5020	-72.1336	0.7037	72.7283	0.7104	1.2e-04	10.3533
7929	-102.5594	-102.5594	-72.4326	0.7063	72.4847	0.7079	1.2e-04	10.3663
7930	-102.5303	-102.5303	-72.6347	0.7084	72.2348	0.7053	1.2e-04	10.3723
7931	-102.5339	-102.5339	-72.5742	0.7078	72.3034	0.7061	1.2e-04	10.3720
7932	-102.5726	-102.5726	-73.1417	0.7131	71.7968	0.7011	1.2e-04	10.3569
7933	-102.5651	-102.5651	-72.5786	0.7076	72.3582	0.7066	1.2e-04	10.3467
7934	-102.5396	-102.5396	-73.0328	0.7122	71.8608	0.7018	1.2e-04	10.3670
7935	-102.5493	-102.5493	-73.0938	0.7128	71.8273	0.7013	1.2e-04	10.3701
7936	-102.5317	-102.5317	-72.5294	0.7074	72.3861	0.7068	1.2e-04	10.3696
7937	-102.5671	-102.5671	-72.0433	0.7024	72.8952	0.7118	1.2e-04	10.3625
7938	-102.5237	-102.5237	-71.9259	0.7016	72.9665	0.7126	1.2e-04	10.3678
7939	-102.5350	-102.5350	-72.7037	0.7091	72.2078	0.7051	1.2e-04	10.3557
7940	-102.5339	-102.5339	-71.7610	0.6999	73.1396	0.7143	1.2e-04	10.3670
7941	-102.5319	-102.5319	-71.3527	0.6959	73.5114	0.7179	1.2e-04	10.3663
7942	-102.5302	-102.5302	-71.9047	0.7013	72.9948	0.7128	1.2e-04	10.3674
7943	-102.5581	-102.5581	-72.8923	0.7107	72.0155	0.7033	1.2e-04	10.3824
7944	-102.5467	-102.5467	-72.0418	0.7025	72.8747	0.7116	1.2e-04	10.3744
7945	-102.5293	-102.5293	-71.1868	0.6943	73.6989	0.7196	1.2e-04	10.3421
7946	-102.5609	-102.5610	-70.5906	0.6883	74.2860	0.7253	1.2e-04	10.3546
7947	-102.5209	-102.5209	-71.1115	0.6936	73.7340	0.7201	1.2e-04	10.3668
7948	-102.5388	-102.5389	-71.4833	0.6971	73.4123	0.7168	1.2e-04	10.3873
7949	-102.5127	-102.5127	-71.6514	0.6990	73.2226	0.7151	1.2e-04	10.3696
7950	-102.5449	-102.5449	-71.5674	0.6979	73.2819	0.7157	1.2e-04	10.3519
7951	-102.5835	-102.5835	-71.7893	0.6998	73.1838	0.7142	1.2e-04	10.3450
7952	-102.5453	-102.5455	-70.4128	0.6866	74.4611	0.7270	1.2e-04	10.3554
7953	-102.5308	-102.5308	-71.9852	0.7021	72.8830	0.7118	1.2e-04	10.3713
7954	-102.5622	-102.5622	-71.1686	0.6939	73.7488	0.7201	1.2e-04	10.3884
7955	-102.5505	-102.5505	-71.0154	0.6925	73.8836	0.7213	1.2e-04	10.3898
7956	-102.5613	-102.5613	-71.1230	0.6935	73.8057	0.7205	1.2e-04	10.3578
7957	-102.5534	-102.5535	-71.3314	0.6956	73.5806	0.7184	1.2e-04	10.3431
7958	-102.5782	-102.5783	-70.7355	0.6896	74.1905	0.7242	1.2e-04	10.3609
7959	-102.5697	-102.5697	-72.4448	0.7063	72.5221	0.7079	1.2e-04	10.3808
7960	-102.5182	-102.5182	-71.1690	0.6942	73.6986	0.7197	1.2e-04	10.3678
7961	-102.5517	-102.5517	-71.6855	0.6990	73.2358	0.7151	1.2e-04	10.3667
7962	-102.5575	-102.5576	-71.3419	0.6956	73.5895	0.7184	1.2e-04	10.3628
7963	-102.5516	-102.5516	-72.1067	0.7031	72.8267	0.7110	1.2e-04	10.3498
7964	-102.5953	-102.5953	-72.4376	0.7061	72.5277	0.7081	1.2e-04	10.3521
7965	-102.5239	-102.5239	-72.2489	0.7047	72.6592	0.7095	1.2e-04	10.3600
7966	-102.5503	-102.5503	-73.0757	0.7126	71.8483	0.7016	1.2e-04	10.3901
7967	-102.5356	-102.5356	-72.6577	0.7086	72.2348	0.7056	1.2e-04	10.3859
7968	-102.5631	-102.5631	-72.5933	0.7078	72.3129	0.7063	1.2e-04	10.3504
7969	-102.5292	-102.5292	-72.1948	0.7041	72.6946	0.7100	1.2e-04	10.3505
7970	-102.5874	-102.5874	-72.5282	0.7070	72.4334	0.7071	1.2e-04	10.3433
7971	-102.5850	-102.5850	-71.9057	0.7009	73.0077	0.7129	1.2e-04	10.3649
7972	-102.5295	-102.5295	-72.7228	0.7093	72.1715	0.7049	1.2e-04	10.3687
7973	-102.5028	-102.5028	-72.2643	0.7050	72.6069	0.7092	1.2e-04	10.3631
7974	-102.5296	-102.5296	-72.5203	0.7073	72.3776	0.7068	1.2e-04	10.3651
7975	-102.5870	-102.5870	-72.7944	0.7096	72.1810	0.7046	1.2e-04	10.3478
7976	-102.5846	-102.5846	-72.0286	0.7021	72.9308	0.7120	1.2e-04	10.3662
7977	-102.5558	-102.5558	-71.9263	0.7013	72.9716	0.7125	1.2e-04	10.3690
7978	-102.5761	-102.5761	-71.2694	0.6948	73.6091	0.7188	1.2e-04	10.3771
7979	-102.5106	-102.5106	-72.3768	0.7060	72.4926	0.7081	1.2e-04	10.3668
7980	-102.5724	-102.5724	-71.8933	0.7009	73.0249	0.7132	1.2e-04	10.3687
7981	-102.5450	-102.5450	-72.6313	0.7083	72.2770	0.7059	1.2e-04	10.3462
7982	-102.5182	-102.5182	-72.1770	0.7040	72.7014	0.7101	1.2e-04	10.3622
7983	-102.5451	-102.5451	-71.8199	0.7004	73.0493	0.7136	1.2e-04	10.3775
7984	-102.5240	-102.5240	-71.9190	0.7015	72.9951	0.7127	1.2e-04	10.3536
7985	-102.5528	-102.5528	-72.0911	0.7030	72.8269	0.7112	1.2e-04	10.3709
7986	-102.5455	-102.5455	-71.4616	0.6969	73.4458	0.7172	1.2e-04	10.3543
7987	-102.5608	-102.5608	-71.8726	0.7008	73.0735	0.7134	1.2e-04	10.3486
7988	-102.5479	-102.5479	-71.5872	0.6981	73.3224	0.7160	1.2e-04	10.3681
7989	-102.4950	-102.4950	-70.8202	0.6910	74.0094	0.7229	1.2e-04	10.3839
7990	-102.5581	-102.5581	-71.8842	0.7009	73.0584	0.7132	1.2e-04	10.3644
7991	-102.5661	-102.5662	-70.8326	0.6906	74.0487	0.7231	1.2e-04	10.3769
7992	-102.5709	-102.5709	-71.6284	0.6983	73.2525	0.7154	1.2e-04	10.3637
7993	-102.5560	-102.5562	-70.1669	0.6842	74.6901	0.7293	1.2e-04	10.3486
7994	-102.5499	-102.5501	-70.7132	0.6895	74.1800	0.7242	1.2e-04	10.3642
7995	-102.5244	-102.5245	-70.5820	0.6884	74.2570	0.7253	1.2e-04	10.3654
7996	-102.5715	-102.5719	-69.6946	0.6795	75.1584	0.7337	1.2e-04	10.3763
7997	-102.5259	-102.5260	-70.6686	0.6893	74.1687	0.7245	1.2e-04	10.3623
7998	-102.5303	-102.5306	-70.2072	0.6847	74.6344	0.7288	1.2e-04	10.3702
7999	-102.5300	-102.5301	-70.9258	0.6918	73.9445	0.7220	1.2e-04	10.3465
8000	-102.5258	-102.5260	-70.4657	0.6873	74.3850	0.7264	1.2e-04	10.3648
8001	-102.5323	-102.5324	-71.0467	0.6929	73.8310	0.7210	1.2e-04	10.3760
8002	-102.5563	-102.5565	-70.3532	0.6860	74.5120	0.7274	1.2e-04	10.3497
8003	-102.5450	-102.5452	-70.4006	0.6865	74.4573	0.7271	1.2e-04	10.3707
8004	-102.5292	-102.5293	-70.4895	0.6875	74.3365	0.7261	1.2e-04	10.3527
8005	-102.5385	-102.5387	-70.1296	0.6839	74.6712	0.7295	1.2e-04	10.3462
8006	-102.5462	-102.5463	-70.6650	0.6891	74.2192	0.7246	1.2e-04	10.3634
8007	-102.5179	-102.5179	-71.3512	0.6960	73.5236	0.7180	1.2e-04	10.3903
8008	-102.5314	-102.5316	-70.3847	0.6865	74.4510	0.7271	1.2e-04	10.3827
8009	-102.5339	-102.5343	-69.8060	0.6808	74.9789	0.7324	1.2e-04	10.3676
8010	-102.5206	-102.5207	-70.7310	0.6899	74.1205	0.7239	1.2e-04	10.3628
8011	-102.5126	-102.5126	-71.4814	0.6973	73.3745	0.7167	1.2e-04	10.3448
8012	-102.5100	-102.5100	-71.3758	0.6963	73.4869	0.7178	1.2e-04	10.3656
8013	-102.5176	-102.5176	-71.6360	0.6988	73.2403	0.7152	1.2e-04	10.3888
8014	-102.5614	-102.5614	-71.3574	0.6958	73.5138	0.7178	1.2e-04	10.3735
8015	-102.5345	-102.5345	-71.4235	0.6966	73.4695	0.7175	1.2e-04	10.3690
8016	-102.5391	-102.5391	-71.1884	0.6943	73.7258	0.7197	1.2e-04	10.3484
8017	-102.5464	-102.5464	-71.9814	0.7019	72.9151	0.7122	1.2e-04	10.3523
8018	-102.5452	-102.5453	-70.5854	0.6883	74.2386	0.7249	1.2e-04	10.3476
8019	-102.5459	-102.5461	-70.4046	0.6866	74.4395	0.7270	1.2e-04	10.3886
8020	-102.5612	-102.5612	-71.8832	0.7009	73.0311	0.7132	1.2e-04	10.3686
8021	-102.5404	-102.5404	-71.8860	0.7011	73.0050	0.7131	1.2e-04	10.3620
8022	-102.5596	-102.5597	-70.9996	0.6923	73.8851	0.7216	1.2e-04	10.3760
8023	-102.5673	-102.5673	-72.1442	0.7034	72.8028	0.7108	1.2e-04	10.3399
8024	-102.5233	-102.5233	-70.7871	0.6904	74.0736	0.7234	1.2e-04	10.3550
8025	-102.5562	-102.5563	-70.7377	0.6897	74.1664	0.7240	1.2e-04	10.3801
8026	-102.5605	-102.5606	-71.1061	0.6933	73.7485	0.7202	1.2e-04	10.3588
8027	-102.5685	-102.5685	-71.5424	0.6975	73.3824	0.7163	1.2e-04	10.3648
8028	-102.5960	-102.5960	-71.3760	0.6957	73.5819	0.7183	1.2e-04	10.3522
8029	-102.5689	-102.5689	-71.5390	0.6975	73.3854	0.7164	1.2e-04	10.3534
8030	-102.5407	-102.5408	-70.9379	0.6918	73.9619	0.7221	1.2e-04	10.3465
8031	-102.5152	-102.5152	-71.2186	0.6947	73.6241	0.7193	1.2e-04	10.3918
8032	-102.5511	-102.5511	-71.9457	0.7016	72.9614	0.7125	1.2e-04	10.3901
8033	-102.5253	-102.5253	-72.0119	0.7024	72.8790	0.7117	1.2e-04	10.3795
8034	-102.5404	-102.5404	-71.4734	0.6970	73.4278	0.7170	1.2e-04	10.3487
8035	-102.5714	-102.5714	-71.6923	0.6989	73.2116	0.7150	1.2e-04	10.3471
8036	-102.5803	-102.5803	-71.1944	0.6940	73.7647	0.7199	1.2e-04	10.3511
8037	-102.5530	-102.5530	-70.8870	0.6912	74.0134	0.7226	1.2e-04	10.3737
8038	-102.5467	-102.5467	-71.4522	0.6968	73.4651	0.7173	1.2e-04	10.3776
8039	-102.5238	-102.5238	-71.4242	0.6967	73.4735	0.7173	1.2e-04	10.3671
8040	-102.5710	-102.5710	-72.0527	0.7025	72.8836	0.7117	1.2e-04	10.3561
8041	-102.5187	-102.5187	-72.3134	0.7054	72.6009	0.7088	1.2e-04	10.3574
8042	-102.5397	-102.5397	-71.4196	0.6965	73.4786	0.7175	1.2e-04	10.3415
8043	-102.5603	-102.5603	-72.3157	0.7051	72.6115	0.7090	1.1e-04	10.3693
8044	-102.5495	-102.5495	-72.4079	0.7061	72.5122	0.7080	1.1e-04	10.3675
8045	-102.5231	-102.5231	-72.0347	0.7026	72.8321	0.7115	1.1e-04	10.3545
8046	-102.5852	-102.5852	-71.9653	0.7015	72.9784	0.7125	1.1e-04	10.3685
8047	-102.5585	-102.5585	-72.3009	0.7050	72.6222	0.7091	1.1e-04	10.3430
8048	-102.5086	-102.5086	-72.8309	0.7105	72.0615	0.7037	1.1e-04	10.3326
8049	-102.5492	-102.5492	-72.6061	0.7080	72.3049	0.7061	1.1e-04	10.3732
8050	-102.5394	-102.5394	-72.0474	0.7026	72.8659	0.7115	1.1e-04	10.3698
8051	-102.5700	-102.5700	-71.9177	0.7012	73.0425	0.7130	1.1e-04	10.3635
8052	-102.5440	-102.5440	-71.7060	0.6993	73.2110	0.7148	1.1e-04	10.3557
8053	-102.5339	-102.5339	-72.2809	0.7049	72.6409	0.7093	1.1e-04	10.3625
8054	-102.5701	-102.5701	-72.1086	0.7030	72.8488	0.7111	1.1e-04	10.3475
8055	-102.5361	-102.5361	-72.2503	0.7046	72.6720	0.7096	1.1e-04	10.3617
8056	-102.5537	-102.5537	-72.2227	0.7042	72.7125	0.7099	1.1e-04	10.3569
8057	-102.5117	-102.5117	-72.3483	0.7058	72.5346	0.7084	1.1e-04	10.3672
8058	-102.5655	-102.5655	-71.3251	0.6954	73.6237	0.7186	1.1e-04	10.3605
8059	-102.5767	-102.5767	-72.1002	0.7029	72.8377	0.7112	1.1e-04	10.3459
8060	-102.5552	-102.5552	-73.1106	0.7129	71.8401	0.7013	1.1e-04	10.3380
8061	-102.5438	-102.5438	-72.3131	0.7052	72.6102	0.7090	1.1e-04	10.3702
8062	-102.5263	-102.5263	-71.4754	0.6971	73.4273	0.7169	1.1e-04	10.3619
8063	-102.5353	-102.5353	-72.4500	0.7066	72.4640	0.7076	1.1e-04	10.3884
8064	-102.5102	-102.5102	-71.8568	0.7010	73.0027	0.7131	1.1e-04	10.3473
8065	-102.4903	-102.4903	-71.9170	0.7017	72.9365	0.7125	1.1e-04	10.3456
8066	-102.5935	-102.5935	-71.4932	0.6969	73.4491	0.7169	1.1e-04	10.3387
8067	-102.5205	-102.5205	-72.3345	0.7056	72.5538	0.7086	1.1e-04	10.3745
8068	-102.5277	-102.5277	-72.2944	0.7051	72.6013	0.7091	1.1e-04	10.3517
8069	-102.5671	-102.5671	-71.9860	0.7018	72.9594	0.7123	1.1e-04	10.3896
8070	-102.5129	-102.5129	-71.6584	0.6990	73.2083	0.7151	1.1e-04	10.3674
8071	-102.5434	-102.5434	-72.2924	0.7050	72.6494	0.7092	1.1e-04	10.3606
8072	-102.5803	-102.5804	-71.0869	0.6930	73.8530	0.7209	1.1e-04	10.3425
8073	-102.5502	-102.5502	-72.0431	0.7025	72.9073	0.7117	1.1e-04	10.3487
8074	-102.5247	-102.5247	-71.8434	0.7007	73.0183	0.7131	1.1e-04	10.3726
8075	-102.5898	-102.5899	-71.2007	0.6940	73.7265	0.7198	1.1e-04	10.3569
8076	-102.5527	-102.5527	-71.5394	0.6976	73.3476	0.7161	1.1e-04	10.3505
8077	-102.5484	-102.5485	-71.2114	0.6944	73.6827	0.7195	1.1e-04	10.3626
8078	-102.5223	-102.5223	-70.9382	0.6919	73.9180	0.7219	1.1e-04	10.3441
8079	-102.5215	-102.5215	-71.2206	0.6947	73.6463	0.7193	1.1e-04	10.3734
8080	-102.5510	-102.5510	-70.9794	0.6921	73.9341	0.7218	1.1e-04	10.3595
8081	-102.4984	-102.4986	-70.1939	0.6848	74.5801	0.7285	1.1e-04	10.3688
8082	-102.5199	-102.5200	-70.6448	0.6891	74.2111	0.7247	1.1e-04	10.3511
8083	-102.5775	-102.5777	-70.3489	0.6858	74.5604	0.7278	1.1e-04	10.3446
8084	-102.5611	-102.5616	-69.5623	0.6782	75.2741	0.7347	1.1e-04	10.3359
8085	-102.5649	-102.5650	-70.6423	0.6888	74.2725	0.7250	1.1e-04	10.3795
8086	-102.5557	-102.5561	-69.7912	0.6805	75.0500	0.7327	1.1e-04	10.3726
8087	-102.5693	-102.5693	-71.6513	0.6986	73.2934	0.7153	1.1e-04	10.3707
8088	-102.5508	-102.5509	-70.8639	0.6910	74.0604	0.7228	1.1e-04	10.3640
8089	-102.5440	-102.5440	-71.2639	0.6950	73.6385	0.7190	1.1e-04	10.3564
8090	-102.5662	-102.5662	-71.4755	0.6969	73.4254	0.7168	1.1e-04	10.3368
8091	-102.5266	-102.5267	-70.7110	0.6897	74.1230	0.7240	1.1e-04	10.3531
8092	-102.5789	-102.5789	-71.1671	0.6938	73.7714	0.7202	1.1e-04	10.3447
8093	-102.5345	-102.5345	-71.6707	0.6990	73.2282	0.7151	1.1e-04	10.3748
8094	-102.5864	-102.5865	-70.7778	0.6899	74.1349	0.7236	1.1e-04	10.3615
8095	-102.5464	-102.5464	-72.0852	0.7030	72.8261	0.7112	1.1e-04	10.3742
8096	-102.5578	-102.5579	-71.2449	0.6947	73.6622	0.7193	1.1e-04	10.3382
8097	-102.5401	-102.5401	-71.4984	0.6973	73.4065	0.7168	1.1e-04	10.3726
8098	-102.5526	-102.5526	-71.5274	0.6975	73.3867	0.7166	1.1e-04	10.3858
8099	-102.5173	-102.5173	-72.0979	0.7033	72.7840	0.7109	1.1e-04	10.3546
8100	-102.5937	-102.5937	-71.6519	0.6984	73.2968	0.7156	1.1e-04	10.3871
8101	-102.5687	-102.5687	-71.7780	0.6998	73.1673	0.7143	1.1e-04	10.3437
8102	-102.5243	-102.5243	-71.3050	0.6955	73.5757	0.7185	1.1e-04	10.3428
8103	-102.5756	-102.5756	-71.7258	0.6992	73.2003	0.7147	1.1e-04	10.3545
8104	-102.4908	-102.4908	-71.7165	0.6997	73.1086	0.7142	1.1e-04	10.3665
8105	-102.5763	-102.5765	-70.3383	0.6857	74.5370	0.7277	1.1e-04	10.3759
8106	-102.5413	-102.5413	-71.9410	0.7016	72.9617	0.7125	1.1e-04	10.3600
8107	-102.5591	-102.5591	-70.9046	0.6914	73.9854	0.7225	1.1e-04	10.3508
8108	-102.5561	-102.5561	-70.8587	0.6909	74.0444	0.7229	1.1e-04	10.3401
8109	-102.4987	-102.4987	-71.5021	0.6976	73.3592	0.7165	1.1e-04	10.3484
8110	-102.5336	-102.5337	-71.0405	0.6929	73.8539	0.7210	1.1e-04	10.3543
8111	-102.4955	-102.4956	-71.0249	0.6930	73.8044	0.7209	1.1e-04	10.3543
8112	-102.5588	-102.5588	-71.5091	0.6972	73.3637	0.7163	1.1e-04	10.3603
8113	-102.4983	-102.4983	-71.3309	0.6959	73.4863	0.7180	1.1e-04	10.3594
8114	-102.5436	-102.5437	-70.6673	0.6891	74.2061	0.7246	1.1e-04	10.3418
8115	-102.5542	-102.5542	-72.0691	0.7027	72.8422	0.7114	1.1e-04	10.3503
8116	-102.5643	-102.5643	-70.9012	0.6913	74.0040	0.7225	1.1e-04	10.3421
8117	-102.5325	-102.5325	-71.6238	0.6985	73.2648	0.7155	1.1e-04	10.3604
8118	-102.5170	-102.5174	-69.7950	0.6808	74.9601	0.7322	1.1e-04	10.3712
8119	-102.5629	-102.5636	-69.0701	0.6734	75.7426	0.7392	1.1e-04	10.3509
8120	-102.5518	-102.5521	-69.9116	0.6817	74.9594	0.7316	1.1e-04	10.3444
8121	-102.5574	-102.5575	-70.8094	0.6904	74.0895	0.7233	1.1e-04	10.3534
8122	-102.5332	-102.5337	-69.4340	0.6772	75.3383	0.7358	1.1e-04	10.3515
8123	-102.5081	-102.5082	-70.5370	0.6881	74.3064	0.7256	1.1e-04	10.3625
8124	-102.5289	-102.5294	-69.4435	0.6773	75.3429	0.7357	1.1e-04	10.3644
8125	-102.5537	-102.5538	-70.3790	0.6863	74.4835	0.7273	1.1e-04	10.3449
8126	-102.5379	-102.5381	-70.1033	0.6837	74.7626	0.7298	1.1e-04	10.3367
8127	-102.5827	-102.5828	-70.8991	0.6911	74.0245	0.7226	1.1e-04	10.3487
8128	-102.5039	-102.5039	-71.4139	0.6967	73.4498	0.7173	1.1e-04	10.3873
8129	-102.5694	-102.5694	-71.8353	0.7004	73.0991	0.7137	1.1e-04	10.3691
8130	-102.5311	-102.5311	-71.9610	0.7018	72.9424	0.7123	1.1e-04	10.3483
8131	-102.5360	-102.5360	-72.1382	0.7035	72.7346	0.7104	1.1e-04	10.3631
8132	-102.5718	-102.5718	-72.6071	0.7079	72.3537	0.7063	1.1e-04	10.3438
8133	-102.5638	-102.5638	-72.1994	0.7039	72.7491	0.7102	1.1e-04	10.3600
8134	-102.5452	-102.5452	-71.8880	0.7010	73.0413	0.7131	1.1e-04	10.3621
8135	-102.5388	-102.5388	-72.5410	0.7074	72.3806	0.7068	1.1e-04	10.3631
8136	-102.5376	-102.5376	-72.7772	0.7098	72.1332	0.7044	1.1e-04	10.3655
8137	-102.5604	-102.5604	-71.5780	0.6979	73.3690	0.7161	1.1e-04	10.3402
8138	-102.5487	-102.5487	-72.3194	0.7052	72.5798	0.7090	1.1e-04	10.3395
8139	-102.5685	-102.5685	-72.1106	0.7030	72.7940	0.7110	1.1e-04	10.3476
8140	-102.5799	-102.5800	-71.2852	0.6949	73.6363	0.7190	1.1e-04	10.3554
8141	-102.5157	-102.5157	-72.3312	0.7056	72.5245	0.7083	1.1e-04	10.3618
8142	-102.5415	-102.5415	-72.3114	0.7052	72.6295	0.7089	1.1e-04	10.3648
8143	-102.5736	-102.5736	-72.2263	0.7041	72.6948	0.7098	1.1e-04	10.3547
8144	-102.5641	-102.5641	-72.1560	0.7035	72.7800	0.7107	1.1e-04	10.3487
8145	-102.5633	-102.5633	-73.0939	0.7127	71.8251	0.7015	1.1e-04	10.3581
8146	-102.5544	-102.5544	-72.2000	0.7040	72.7337	0.7101	1.1e-04	10.3651
8147	-102.5234	-102.5234	-72.2846	0.7051	72.6173	0.7091	1.1e-04	10.3571
8148	-102.5879	-102.5879	-72.1539	0.7033	72.8268	0.7108	1.1e-04	10.3657
8149	-102.5315	-102.5315	-72.3990	0.7061	72.4643	0.7080	1.1e-04	10.3520
8150	-102.5470	-102.5470	-72.9163	0.7111	71.9918	0.7031	1.1e-04	10.3502
8151	-102.5388	-102.5388	-72.0345	0.7025	72.8626	0.7116	1.1e-04	10.3599
8152	-102.5883	-102.5883	-72.4186	0.7059	72.5655	0.7083	1.1e-04	10.3857
8153	-102.5656	-102.5656	-71.7673	0.6997	73.1753	0.7144	1.1e-04	10.3725
8154	-102.5076	-102.5076	-71.7940	0.7004	73.0750	0.7138	1.1e-04	10.3725
8155	-102.5197	-102.5197	-71.5772	0.6982	73.2184	0.7150	1.1e-04	10.3546
8156	-102.5700	-102.5700	-72.4432	0.7063	72.5230	0.7079	1.1e-04	10.3388
8157	-102.5645	-102.5645	-72.4578	0.7065	72.5023	0.7077	1.1e-04	10.3492
8158	-102.5522	-102.5522	-71.5032	0.6972	73.4205	0.7168	1.1e-04	10.3611
8159	-102.5664	-102.5664	-71.2659	0.6948	73.6512	0.7191	1.1e-04	10.3705
8160	-102.5246	-102.5247	-70.9650	0.6922	73.9100	0.7217	1.1e-04	10.3812
8161	-102.5210	-102.5210	-72.1655	0.7039	72.6779	0.7097	1.1e-04	10.3593
8162	-102.5472	-102.5473	-71.0608	0.6930	73.8278	0.7209	1.1e-04	10.3426
8163	-102.5879	-102.5880	-70.9361	0.6915	73.9945	0.7224	1.1e-04	10.3458
8164	-102.5299	-102.5299	-71.2241	0.6947	73.6599	0.7193	1.1e-04	10.3660
8165	-102.5883	-102.5883	-71.7054	0.6990	73.2374	0.7152	1.1e-04	10.3570
8166	-102.5230	-102.5230	-72.1922	0.7042	72.7102	0.7100	1.1e-04	10.3654
8167	-102.5788	-102.5788	-71.1956	0.6941	73.7550	0.7199	1.1e-04	10.3536
8168	-102.5266	-102.5266	-71.6691	0.6990	73.2127	0.7151	1.1e-04	10.3423
8169	-102.5457	-102.5457	-71.4324	0.6966	73.4816	0.7174	1.1e-04	10.3516
8170	-102.5513	-102.5514	-70.7200	0.6896	74.1771	0.7242	1.1e-04	10.3670
8171	-102.5268	-102.5268	-71.4967	0.6973	73.3935	0.7166	1.1e-04	10.3605
8172	-102.5041	-102.5041	-71.2223	0.6948	73.6264	0.7191	1.1e-04	10.3687
8173	-102.5422	-102.5422	-71.7300	0.6995	73.1771	0.7146	1.1e-04	10.3523
8174	-102.5916	-102.5918	-70.6955	0.6891	74.2344	0.7247	1.1e-04	10.3384
8175	-102.5510	-102.5511	-70.9366	0.6917	73.9670	0.7222	1.1e-04	10.3456
8176	-102.5879	-102.5879	-71.3742	0.6957	73.5567	0.7180	1.1e-04	10.3730
8177	-102.5148	-102.5148	-71.5370	0.6978	73.3418	0.7163	1.1e-04	10.3473
8178	-102.5808	-102.5808	-71.6636	0.6986	73.3013	0.7155	1.1e-04	10.3507
8179	-102.5819	-102.5819	-71.6205	0.6982	73.3464	0.7159	1.1e-04	10.3733
8180	-102.5459	-102.5459	-71.6468	0.6987	73.2793	0.7154	1.1e-04	10.3470
8181	-102.5754	-102.5754	-72.2030	0.7039	72.7469	0.7102	1.1e-04	10.3334
8182	-102.6005	-102.6005	-72.5308	0.7069	72.4379	0.7073	1.1e-04	10.3585
8183	-102.5491	-102.5491	-72.8065	0.7100	72.1115	0.7041	1.1e-04	10.3572
8184	-102.5572	-102.5572	-71.3434	0.6956	73.5789	0.7183	1.1e-04	10.3701
8185	-102.5653	-102.5653	-71.9736	0.7017	72.9510	0.7124	1.1e-04	10.3447
8186	-102.5659	-102.5659	-71.3611	0.6958	73.5674	0.7181	1.1e-04	10.3558
8187	-102.5622	-102.5622	-71.9437	0.7015	72.9730	0.7127	1.1e-04	10.3361
8188	-102.5359	-102.5359	-72.4223	0.7063	72.4697	0.7078	1.1e-04	10.3644
8189	-102.5605	-102.5605	-72.4559	0.7065	72.4766	0.7077	1.1e-04	10.3563
8190	-102.5358	-102.5358	-71.8504	0.7007	73.0381	0.7132	1.1e-04	10.3605
8191	-102.5670	-102.5670	-71.8675	0.7007	73.0655	0.7135	1.1e-04	10.3668
8192	-102.5543	-102.5543	-72.1861	0.7039	72.7531	0.7103	1.1e-04	10.3454
8193	-102.5853	-102.5854	-71.1394	0.6935	73.8062	0.7203	1.1e-04	10.3483
8194	-102.5536	-102.5536	-71.9569	0.7017	72.9429	0.7121	1.1e-04	10.3693
8195	-102.5304	-102.5304	-71.5364	0.6977	73.3458	0.7164	1.1e-04	10.3511
8196	-102.5595	-102.5595	-72.2648	0.7046	72.6583	0.7093	1.1e-04	10.3692
8197	-102.5076	-102.5076	-71.4732	0.6972	73.3811	0.7168	1.1e-04	10.3547
8198	-102.5467	-102.5467	-72.0797	0.7029	72.8209	0.7113	1.1e-04	10.3659
8199	-102.5256	-102.5256	-72.3418	0.7056	72.5448	0.7086	1.1e-04	10.3465
8200	-102.5765	-102.5765	-71.3345	0.6954	73.6019	0.7186	1.1e-04	10.3694
8201	-102.5434	-102.5434	-72.2489	0.7046	72.6761	0.7095	1.1e-04	10.3450
8202	-102.5223	-102.5223	-72.4425	0.7066	72.4690	0.7076	1.1e-04	10.3654
8203	-102.5357	-102.5357	-71.5225	0.6975	73.3972	0.7165	1.1e-04	10.3569
8204	-102.5403	-102.5403	-72.7958	0.7099	72.1101	0.7042	1.1e-04	10.3512
8205	-102.5038	-102.5038	-71.9978	0.7024	72.8521	0.7117	1.1e-04	10.3397
8206	-102.5446	-102.5446	-71.4457	0.6967	73.4499	0.7173	1.1e-04	10.3620
8207	-102.5430	-102.5430	-71.6104	0.6983	73.2879	0.7158	1.1e-04	10.3692
8208	-102.5523	-102.5523	-72.0077	0.7022	72.9291	0.7120	1.1e-04	10.3657
8209	-102.5271	-102.5271	-72.7093	0.7092	72.1689	0.7050	1.1e-04	10.3749
8210	-102.5768	-102.5768	-71.9221	0.7012	73.0528	0.7130	1.1e-04	10.3425
8211	-102.5469	-102.5469	-72.4977	0.7070	72.4107	0.7070	1.1e-04	10.3345
8212	-102.5521	-102.5521	-71.6550	0.6987	73.2372	0.7154	1.1e-04	10.3528
8213	-102.5065	-102.5065	-72.3055	0.7054	72.5757	0.7088	1.1e-04	10.3725
8214	-102.5349	-102.5349	-71.7980	0.7002	73.0914	0.7137	1.1e-04	10.3438
8215	-102.5589	-102.5589	-71.5935	0.6981	73.3419	0.7160	1.1e-04	10.3497
8216	-102.5551	-102.5551	-71.1611	0.6939	73.7571	0.7200	1.1e-04	10.3497
8217	-102.5492	-102.5493	-71.6214	0.6984	73.2843	0.7157	1.1e-04	10.3363
8218	-102.5424	-102.5424	-71.0782	0.6932	73.8335	0.7208	1.1e-04	10.3624
8219	-102.5328	-102.5329	-71.1592	0.6940	73.7129	0.7199	1.1e-04	10.3535
8220	-102.5382	-102.5382	-71.5618	0.6979	73.3348	0.7160	1.1e-04	10.3719
8221	-102.5353	-102.5353	-71.0216	0.6927	73.8649	0.7213	1.1e-04	10.3522
8222	-102.5441	-102.5441	-71.5064	0.6973	73.3861	0.7167	1.1e-04	10.3562
8223	-102.5252	-102.5252	-71.4553	0.6970	73.4257	0.7171	1.1e-04	10.3420
8224	-102.5501	-102.5502	-70.6760	0.6892	74.1810	0.7243	1.1e-04	10.3534
8225	-102.5175	-102.5176	-70.9576	0.6922	73.8943	0.7216	1.1e-04	10.3663
8226	-102.5252	-102.5252	-71.3563	0.6960	73.5154	0.7180	1.1e-04	10.3474
8227	-102.5328	-102.5330	-70.5753	0.6883	74.2768	0.7253	1.1e-04	10.3688
8228	-102.5432	-102.5434	-70.3974	0.6865	74.4692	0.7271	1.1e-04	10.3483
8229	-102.5710	-102.5711	-70.6547	0.6888	74.2692	0.7249	1.1e-04	10.3386
8230	-102.5421	-102.5421	-71.4116	0.6964	73.4885	0.7176	1.1e-04	10.3524
8231	-102.5514	-102.5518	-69.7276	0.6799	75.1029	0.7333	1.1e-04	10.3637
8232	-102.5411	-102.5412	-71.1912	0.6943	73.6994	0.7196	1.1e-04	10.3518
8233	-102.5504	-102.5504	-71.2010	0.6943	73.7198	0.7197	1.1e-04	10.3514
8234	-102.5488	-102.5488	-71.7543	0.6997	73.1832	0.7144	1.1e-04	10.3555
8235	-102.5236	-102.5236	-71.1928	0.6944	73.6801	0.7196	1.1e-04	10.3400
8236	-102.5355	-102.5355	-71.5976	0.6983	73.3104	0.7158	1.1e-04	10.3521
8237	-102.5441	-102.5441	-72.1430	0.7035	72.8012	0.7106	1.1e-04	10.3466
8238	-102.5601	-102.5602	-70.6454	0.6888	74.2592	0.7249	1.1e-04	10.3705
8239	-102.5692	-102.5693	-70.5962	0.6883	74.3068	0.7254	1.1e-04	10.3554
8240	-102.5518	-102.5518	-71.9338	0.7014	72.9899	0.7126	1.1e-04	10.3487
8241	-102.5493	-102.5493	-72.0749	0.7028	72.8396	0.7113	1.1e-04	10.3396
8242	-102.5280	-102.5280	-71.6802	0.6991	73.2074	0.7150	1.1e-04	10.3429
8243	-102.6023	-102.6023	-71.4488	0.6964	73.5094	0.7177	1.1e-04	10.3521
8244	-102.5783	-102.5783	-72.6899	0.7086	72.2586	0.7056	1.1e-04	10.3529
8245	-102.5456	-102.5456	-72.1947	0.7040	72.7339	0.7102	1.1e-04	10.3673
8246	-102.5053	-102.5053	-72.5744	0.7080	72.3055	0.7061	1.1e-04	10.3453
8247	-102.5583	-102.5583	-71.2753	0.6950	73.6479	0.7189	1.1e-04	10.3414
8248	-102.5381	-102.5382	-71.1677	0.6941	73.6740	0.7196	1.1e-04	10.3444
8249	-102.5762	-102.5762	-71.9420	0.7014	73.0258	0.7128	1.1e-04	10.3468
8250	-102.5631	-102.5631	-71.9975	0.7020	72.9422	0.7122	1.1e-04	10.3697
8251	-102.5353	-102.5353	-71.9937	0.7021	72.9214	0.7120	1.1e-04	10.3504
8252	-102.5566	-102.5566	-71.6191	0.6983	73.2967	0.7156	1.1e-04	10.3538
8253	-102.5773	-102.5773	-71.6707	0.6987	73.2703	0.7154	1.1e-04	10.3269
8254	-102.5221	-102.5221	-71.6728	0.6991	73.2264	0.7148	1.1e-04	10.3665
8255	-102.5264	-102.5264	-71.9209	0.7015	72.9725	0.7126	1.1e-04	10.3572
8256	-102.5389	-102.5389	-71.8309	0.7005	73.0555	0.7134	1.1e-04	10.3478
8257	-102.5769	-102.5769	-71.5830	0.6978	73.3426	0.7162	1.1e-04	10.3521
8258	-102.5379	-102.5379	-71.5144	0.6974	73.3749	0.7166	1.1e-04	10.3566
8259	-102.5120	-102.5121	-70.7372	0.6900	74.1083	0.7237	1.1e-04	10.3304
8260	-102.5096	-102.5096	-71.5468	0.6980	73.3302	0.7161	1.1e-04	10.3484
8261	-102.5755	-102.5755	-71.5192	0.6972	73.4109	0.7168	1.1e-04	10.5330
8262	-102.5566	-102.5566	-71.3420	0.6956	73.5682	0.7184	1.1e-04	10.3558
8263	-102.5491	-102.5493	-70.2007	0.6846	74.6705	0.7290	1.1e-04	10.3616
8264	-102.5202	-102.5202	-71.0258	0.6928	73.8191	0.7210	1.1e-04	10.3421
8265	-102.4972	-102.4972	-71.4995	0.6976	73.3658	0.7165	1.1e-04	10.3397
8266	-102.5821	-102.5821	-71.3499	0.6955	73.5953	0.7185	1.1e-04	10.3563
8267	-102.5884	-102.5884	-71.6944	0.6989	73.2713	0.7152	1.1e-04	10.3484
8268	-102.5480	-102.5480	-70.9947	0.6923	73.9121	0.7216	1.1e-04	10.3704
8269	-102.5702	-102.5703	-70.6886	0.6892	74.2180	0.7245	1.1e-04	10.3480
8270	-102.5493	-102.5493	-72.4084	0.7061	72.5069	0.7081	1.1e-04	10.3543
8271	-102.5258	-102.5258	-71.6395	0.6987	73.2336	0.7153	1.1e-04	10.3430
8272	-102.5109	-102.5109	-71.3469	0.6960	73.5214	0.7180	1.1e-04	10.3482
8273	-102.5314	-102.5314	-72.1178	0.7034	72.8008	0.7108	1.1e-04	10.3485
8274	-102.5089	-102.5089	-71.9900	0.7023	72.8870	0.7118	1.1e-04	10.3635
8275	-102.5457	-102.5457	-72.2310	0.7044	72.6840	0.7098	1.1e-04	10.3566
8276	-102.5196	-102.5197	-71.2985	0.6955	73.5709	0.7186	1.1e-04	10.3528
8277	-102.5432	-102.5432	-71.8736	0.7009	73.0267	0.7132	1.1e-04	10.3422
8278	-102.5495	-102.5495	-71.4740	0.6970	73.4350	0.7171	1.1e-04	10.3427
8279	-102.5336	-102.5336	-71.2481	0.6949	73.6267	0.7190	1.1e-04	10.3498
8280	-102.5625	-102.5625	-71.8966	0.7010	73.0438	0.7131	1.1e-04	10.3600
8281	-102.5477	-102.5477	-71.5514	0.6977	73.3688	0.7163	1.1e-04	10.3654
8282	-102.5422	-102.5422	-72.1464	0.7036	72.7573	0.7106	1.1e-04	10.3472
8283	-102.5718	-102.5719	-70.9687	0.6919	73.9432	0.7220	1.1e-04	10.3345
8284	-102.5320	-102.5320	-72.1639	0.7038	72.7292	0.7104	1.1e-04	10.3495
8285	-102.5392	-102.5392	-72.1723	0.7039	72.7354	0.7103	1.1e-04	10.3565
8286	-102.5527	-102.5527	-71.2482	0.6947	73.6586	0.7192	1.1e-04	10.3444
8287	-102.5694	-102.5694	-71.2053	0.6942	73.7344	0.7198	1.1e-04	10.3485
8288	-102.5956	-102.5956	-71.3422	0.6954	73.6184	0.7186	1.1e-04	10.3541
8289	-102.5050	-102.5051	-70.7069	0.6898	74.1069	0.7239	1.1e-04	10.3479
8290	-102.5529	-102.5529	-71.2036	0.6943	73.7068	0.7197	1.1e-04	10.3416
8291	-102.5465	-102.5465	-72.3641	0.7057	72.5494	0.7085	1.1e-04	10.3562
8292	-102.5832	-102.5833	-70.8630	0.6908	74.0512	0.7230	1.1e-04	10.3629
8293	-102.5370	-102.5370	-71.7462	0.6997	73.1531	0.7144	1.1e-04	10.3606
8294	-102.5507	-102.5508	-71.4034	0.6963	73.5149	0.7178	1.1e-04	10.3543
8295	-102.5084	-102.5084	-71.5416	0.6979	73.2638	0.7156	1.1e-04	10.3355
8296	-102.5402	-102.5402	-71.1721	0.6941	73.7191	0.7199	1.1e-04	10.3324
8297	-102.5462	-102.5462	-70.8765	0.6912	74.0044	0.7226	1.1e-04	10.3691
8298	-102.5285	-102.5286	-71.0898	0.6934	73.7958	0.7206	1.1e-04	10.3570
8299	-102.5655	-102.5655	-71.3527	0.6957	73.5512	0.7183	1.1e-04	10.3698
8300	-102.5301	-102.5301	-71.7337	0.6996	73.1444	0.7144	1.1e-04	10.3450
8301	-102.5435	-102.5436	-70.9484	0.6919	73.9351	0.7220	1.1e-04	10.3428
8302	-102.5378	-102.5378	-71.1642	0.6940	73.7290	0.7199	1.1e-04	10.3319
8303	-102.5052	-102.5053	-70.6749	0.6895	74.1324	0.7239	1.1e-04	10.3548
8304	-102.5700	-102.5700	-71.4820	0.6969	73.4510	0.7172	1.1e-04	10.3499
8305	-102.5368	-102.5368	-71.6102	0.6984	73.2700	0.7157	1.1e-04	10.3442
8306	-102.5563	-102.5563	-71.3749	0.6960	73.5450	0.7180	1.1e-04	10.3526
8307	-102.5068	-102.5068	-71.8303	0.7007	73.0462	0.7134	1.1e-04	10.3390
8308	-102.5354	-102.5355	-70.9679	0.6921	73.9247	0.7218	1.1e-04	10.3307
8309	-102.5172	-102.5173	-70.7022	0.6897	74.1545	0.7240	1.1e-04	10.3566
8310	-102.5254	-102.5256	-70.3564	0.6862	74.4883	0.7273	1.1e-04	10.3537
8311	-102.5546	-102.5547	-71.0934	0.6932	73.8190	0.7207	1.1e-04	10.3514
8312	-102.5592	-102.5592	-71.0520	0.6928	73.8560	0.7211	1.1e-04	10.3425
8313	-102.5320	-102.5320	-71.6169	0.6985	73.2854	0.7155	1.1e-04	10.3336
8314	-102.5640	-102.5640	-71.6131	0.6982	73.3024	0.7158	1.1e-04	10.3341
8315	-102.5497	-102.5498	-70.6631	0.6891	74.2325	0.7247	1.1e-04	10.3662
8316	-102.5388	-102.5388	-72.5895	0.7079	72.2955	0.7059	1.1e-04	10.3509
8317	-102.5289	-102.5289	-72.5216	0.7073	72.3887	0.7069	1.1e-04	10.3513
8318	-102.5806	-102.5806	-72.3211	0.7050	72.6277	0.7092	1.1e-04	10.3505
8319	-102.5334	-102.5334	-71.7877	0.7001	73.1143	0.7140	1.1e-04	10.3468
8320	-102.5572	-102.5573	-71.3090	0.6953	73.5615	0.7185	1.1e-04	10.3412
8321	-102.5837	-102.5837	-72.2004	0.7038	72.7631	0.7104	1.1e-04	10.3724
8322	-102.5135	-102.5135	-73.5720	0.7177	71.2967	0.6964	1.1e-04	10.3504
8323	-102.5572	-102.5572	-72.8308	0.7101	72.0977	0.7040	1.1e-04	10.3692
8324	-102.5463	-102.5463	-72.3172	0.7052	72.6014	0.7090	1.1e-04	10.3514
8325	-102.5610	-102.5610	-72.3519	0.7055	72.5934	0.7087	1.1e-04	10.3384
8326	-102.5470	-102.5470	-73.4858	0.7166	71.4315	0.6975	1.1e-04	10.3391
8327	-102.5348	-102.5348	-72.0829	0.7030	72.8118	0.7111	1.1e-04	10.3614
8328	-102.5471	-102.5471	-72.8121	0.7100	72.0840	0.7040	1.1e-04	10.3551
8329	-102.5387	-102.5387	-73.3039	0.7149	71.6075	0.6992	1.1e-04	10.3382
8330	-102.5015	-102.5015	-73.3917	0.7160	71.4792	0.6981	1.1e-04	10.3561
8331	-102.5892	-102.5892	-73.4992	0.7164	71.4467	0.6976	1.1e-04	10.3503
8332	-102.5784	-102.5784	-73.1780	0.7134	71.7459	0.7006	1.1e-04	10.3372
8333	-102.5894	-102.5894	-72.6322	0.7080	72.3375	0.7062	1.1e-04	10.3597
8334	-102.5635	-102.5635	-73.7880	0.7194	71.1228	0.6946	1.1e-04	10.3534
8335	-102.5325	-102.5325	-72.5530	0.7076	72.3536	0.7066	1.1e-04	10.3501
8336	-102.5938	-102.5938	-72.8605	0.7102	72.1096	0.7040	1.1e-04	10.3499
8337	-102.5266	-102.5266	-73.5323	0.7172	71.3513	0.6968	1.1e-04	10.3428
8338	-102.5563	-102.5563	-72.9674	0.7115	71.9508	0.7027	1.1e-04	10.3261
8339	-102.5369	-102.5369	-73.1946	0.7138	71.6866	0.7002	1.1e-04	10.3372
8340	-102.5419	-102.5419	-74.2674	0.7243	70.6092	0.6895	1.1e-04	10.3515
8341	-102.5859	-102.5859	-74.3694	0.7249	70.5433	0.6887	1.1e-04	10.3533
8342	-102.5057	-102.5057	-73.0026	0.7122	71.8773	0.7020	1.1e-04	10.3669
8343	-102.5380	-102.5380	-73.9666	0.7214	70.9211	0.6926	1.1e-04	10.3372
8344	-102.5509	-102.5509	-72.8260	0.7101	72.1218	0.7041	1.1e-04	10.3286
8345	-102.5659	-102.5659	-74.3520	0.7249	70.5541	0.6888	1.1e-04	10.3547
8346	-102.5195	-102.5195	-73.9025	0.7209	70.9412	0.6929	1.1e-04	10.3598
8347	-102.5608	-102.5608	-73.9288	0.7208	70.9983	0.6931	1.1e-04	10.3536
8348	-102.5341	-102.5341	-73.6252	0.7181	71.2381	0.6959	1.1e-04	10.3507
8349	-102.5309	-102.5309	-73.5764	0.7176	71.3130	0.6965	1.1e-04	10.3465
8350	-102.5820	-102.5820	-73.5797	0.7173	71.3962	0.6968	1.1e-04	10.3305
8351	-102.5621	-102.5621	-73.4427	0.7161	71.4933	0.6980	1.1e-04	10.3523
8352	-102.5387	-102.5387	-73.5726	0.7175	71.3381	0.6965	1.1e-04	10.3588
8353	-102.5561	-102.5561	-74.1922	0.7234	70.6941	0.6904	1.1e-04	10.3536
8354	-102.5395	-102.5395	-74.3273	0.7249	70.5275	0.6888	1.1e-04	10.3450
8355	-102.5322	-102.5322	-73.7820	0.7196	71.1079	0.6944	1.1e-04	10.3425
8356	-102.5357	-102.5357	-74.4287	0.7259	70.3746	0.6872	1.1e-04	10.3265
8357	-102.5189	-102.5189	-74.3362	0.7251	70.4922	0.6886	1.1e-04	10.3540
8358	-102.5254	-102.5254	-74.0145	0.7219	70.8361	0.6920	1.1e-04	10.3580
8359	-102.4954	-102.4954	-73.1233	0.7134	71.7396	0.7007	1.1e-04	10.3375
8360	-102.5394	-102.5394	-74.2883	0.7245	70.5778	0.6893	1.1e-04	10.3488
8361	-102.5935	-102.5935	-73.7114	0.7185	71.2583	0.6955	1.1e-04	10.3497
8362	-102.5398	-102.5398	-73.3832	0.7157	71.5118	0.6984	1.1e-04	10.3308
8363	-102.5331	-102.5331	-73.3943	0.7158	71.4837	0.6982	1.1e-04	10.3417
8364	-102.5294	-102.5294	-73.9287	0.7210	70.9446	0.6929	1.1e-04	10.3673
8365	-102.5696	-102.5696	-74.1701	0.7231	70.7460	0.6907	1.1e-04	10.3456
8366	-102.5419	-102.5419	-73.9898	0.7216	70.9016	0.6923	1.1e-04	10.3426
8367	-102.5468	-102.5468	-73.8713	0.7204	71.0459	0.6936	1.1e-04	10.3497
8368	-102.5496	-102.5496	-72.9082	0.7110	72.0242	0.7032	1.1e-04	10.3248
8369	-102.5240	-102.5240	-73.0009	0.7120	71.8728	0.7021	1.1e-04	10.3387
8370	-102.5297	-102.5297	-74.5073	0.7267	70.3298	0.6869	1.1e-04	10.3508
8371	-102.5358	-102.5358	-73.4498	0.7163	71.4386	0.6977	1.1e-04	10.3522
8372	-102.5222	-102.5222	-72.9861	0.7119	71.8756	0.7020	1.1e-04	10.3414
8373	-102.5177	-102.5177	-74.3029	0.7248	70.5384	0.6889	1.1e-04	10.3510
8374	-102.5370	-102.5370	-73.7227	0.7190	71.1649	0.6950	1.1e-04	10.3301
8375	-102.5486	-102.5486	-73.9971	0.7216	70.8811	0.6923	1.1e-04	10.3497
8376	-102.5253	-102.5253	-74.0721	0.7225	70.7788	0.6913	1.1e-04	10.3580
8377	-102.5739	-102.5739	-73.2960	0.7146	71.6364	0.6996	1.1e-04	10.3498
8378	-102.5308	-102.5308	-73.4399	0.7163	71.4351	0.6976	1.1e-04	10.3492
8379	-102.5681	-102.5681	-73.0623	0.7123	71.9075	0.7018	1.1e-04	10.3432
8380	-102.5527	-102.5527	-73.0143	0.7120	71.9287	0.7022	1.1e-04	10.3288
8381	-102.5587	-102.5587	-72.7393	0.7092	72.1921	0.7049	1.1e-04	10.3316
8382	-102.5623	-102.5623	-73.2374	0.7141	71.6781	0.7000	1.1e-04	10.3504
8383	-102.5191	-102.5191	-73.5538	0.7175	71.3060	0.6966	1.1e-04	10.3519
8384	-102.5575	-102.5575	-73.6135	0.7178	71.2795	0.6963	1.1e-04	10.3416
8385	-102.5737	-102.5737	-72.6474	0.7082	72.2985	0.7059	1.1e-04	10.3563
8386	-102.5244	-102.5244	-72.8261	0.7103	72.0706	0.7039	1.1e-04	10.3273
8387	-102.5322	-102.5322	-72.3154	0.7053	72.5699	0.7087	1.1e-04	10.3342
8388	-102.5498	-102.5498	-71.8941	0.7011	73.0285	0.7131	1.1e-04	10.3552
8389	-102.5732	-102.5732	-73.6845	0.7184	71.2101	0.6953	1.1e-04	10.3528
8390	-102.5218	-102.5218	-71.9957	0.7022	72.9018	0.7119	1.1e-04	10.3439
8391	-102.5159	-102.5159	-71.7723	0.7001	73.0974	0.7140	1.1e-04	10.3526
8392	-102.5427	-102.5427	-72.1364	0.7035	72.7924	0.7106	1.1e-04	10.3307
8393	-102.5240	-102.5240	-73.0229	0.7123	71.8787	0.7019	1.1e-04	10.3450
8394	-102.5050	-102.5050	-73.0415	0.7126	71.8114	0.7016	1.1e-04	10.3523
8395	-102.5290	-102.5290	-72.6021	0.7081	72.2887	0.7061	1.1e-04	10.3537
8396	-102.5345	-102.5345	-72.3886	0.7060	72.5130	0.7080	1.1e-04	10.3463
8397	-102.5457	-102.5457	-71.9761	0.7019	72.9509	0.7123	1.1e-04	10.3491
8398	-102.5649	-102.5649	-72.1203	0.7032	72.8234	0.7110	1.1e-04	10.3319
8399	-102.5802	-102.5803	-71.3806	0.6959	73.5493	0.7181	1.1e-04	10.3417
8400	-102.5678	-102.5678	-72.0973	0.7029	72.8477	0.7111	1.1e-04	10.3501
8401	-102.5392	-102.5392	-71.7212	0.6995	73.1631	0.7147	1.1e-04	10.3493
8402	-102.5734	-102.5735	-71.4570	0.6966	73.4747	0.7174	1.1e-04	10.3548
8403	-102.5217	-102.5217	-71.5459	0.6979	73.3456	0.7162	1.1e-04	10.3548
8404	-102.5609	-102.5609	-71.2315	0.6945	73.6874	0.7195	1.1e-04	10.3332
8405	-102.5462	-102.5462	-71.4141	0.6964	73.4868	0.7176	1.1e-04	10.3396
8406	-102.5572	-102.5573	-70.9822	0.6921	73.9160	0.7218	1.1e-04	10.3672
8407	-102.5581	-102.5581	-71.9047	0.7011	73.0347	0.7130	1.1e-04	10.3407
8408	-102.5570	-102.5570	-71.8553	0.7006	73.0619	0.7135	1.1e-04	10.3608
8409	-102.5516	-102.5517	-71.0089	0.6924	73.9095	0.7215	1.1e-04	10.3473
8410	-102.5435	-102.5437	-70.6437	0.6889	74.2399	0.7248	1.1e-04	10.3373
8411	-102.5575	-102.5576	-70.6209	0.6886	74.2771	0.7251	1.1e-04	10.3420
8412	-102.5394	-102.5394	-71.4379	0.6967	73.4769	0.7174	1.1e-04	10.3391
8413	-102.5664	-102.5665	-71.2165	0.6943	73.6680	0.7194	1.1e-04	10.3564
8414	-102.5482	-102.5482	-71.5143	0.6974	73.3644	0.7164	1.1e-04	10.3509
8415	-102.5863	-102.5863	-72.0665	0.7025	72.8961	0.7115	1.1e-04	10.3435
8416	-102.5547	-102.5547	-71.8501	0.7006	73.0649	0.7135	1.1e-04	10.3390
8417	-102.5387	-102.5387	-72.2568	0.7047	72.6668	0.7095	1.1e-04	10.3402
8418	-102.5370	-102.5370	-71.3481	0.6958	73.5338	0.7181	1.1e-04	10.3554
8419	-102.5725	-102.5725	-71.6588	0.6986	73.2614	0.7155	1.1e-04	10.3375
8420	-102.5644	-102.5644	-72.4210	0.7061	72.5437	0.7081	1.1e-04	10.3491
8421	-102.5592	-102.5592	-72.5467	0.7074	72.4001	0.7068	1.1e-04	10.3604
8422	-102.5157	-102.5157	-72.2454	0.7047	72.5994	0.7091	1.1e-04	10.3386
8423	-102.5169	-102.5169	-72.1467	0.7038	72.7101	0.7102	1.1e-04	10.3323
8424	-102.5300	-102.5300	-72.4737	0.7069	72.4319	0.7074	1.1e-04	10.3410
8425	-102.5557	-102.5557	-72.4685	0.7066	72.4614	0.7076	1.1e-04	10.3538
8426	-102.5916	-102.5916	-73.3909	0.7154	71.5471	0.6987	1.1e-04	10.3554
8427	-102.5367	-102.5367	-72.2877	0.7050	72.6218	0.7092	1.1e-04	10.3516
8428	-102.5900	-102.5900	-72.6249	0.7079	72.3519	0.7062	1.1e-04	10.3483
8429	-102.5821	-102.5821	-73.1910	0.7135	71.7570	0.7006	1.1e-04	10.3301
8430	-102.5315	-102.5315	-73.4149	0.7160	71.4862	0.6981	1.1e-04	10.3537
8431	-102.4995	-102.4995	-73.2178	0.7143	71.6239	0.6997	1.1e-04	10.3454
8432	-102.5477	-102.5477	-72.9507	0.7114	71.9736	0.7027	1.1e-04	10.3415
8433	-102.5336	-102.5336	-73.6096	0.7179	71.2829	0.6961	1.1e-04	10.3431
8434	-102.5501	-102.5501	-73.1867	0.7137	71.7345	0.7005	1.1e-04	10.3321
8435	-102.5552	-102.5552	-72.9650	0.7115	71.9551	0.7026	1.1e-04	10.3411
8436	-102.5880	-102.5880	-73.6813	0.7182	71.2728	0.6957	1.1e-04	10.3564
8437	-102.5765	-102.5765	-73.9953	0.7214	70.9346	0.6925	1.1e-04	10.3343
8438	-102.5456	-102.5456	-73.4963	0.7167	71.4316	0.6973	1.1e-04	10.3661
8439	-102.5711	-102.5711	-73.0220	0.7119	71.9351	0.7023	1.1e-04	10.3488
8440	-102.5614	-102.5614	-73.5364	0.7170	71.4089	0.6971	1.1e-04	10.3369
8441	-102.5576	-102.5576	-73.7092	0.7187	71.2163	0.6953	1.1e-04	10.3291
8442	-102.5102	-102.5102	-73.3906	0.7159	71.4446	0.6979	1.1e-04	10.3524
8443	-102.5320	-102.5320	-73.7997	0.7198	71.0723	0.6942	1.1e-04	10.3530
8444	-102.5530	-102.5530	-74.2399	0.7239	70.6349	0.6899	1.1e-04	10.3534
8445	-102.5517	-102.5517	-73.7733	0.7194	71.1105	0.6943	1.1e-04	10.3414
8446	-102.5577	-102.5577	-74.0672	0.7222	70.8350	0.6917	1.1e-04	10.3484
8447	-102.5453	-102.5453	-74.2672	0.7242	70.6100	0.6895	1.1e-04	10.3397
8448	-102.5492	-102.5492	-74.1804	0.7234	70.6890	0.6905	1.1e-04	10.3421
8449	-102.5919	-102.5919	-72.7796	0.7094	72.2050	0.7048	1.1e-04	10.3480
8450	-102.5803	-102.5803	-74.3587	0.7249	70.5731	0.6889	1.1e-04	10.3542
8451	-102.5385	-102.5385	-73.3526	0.7154	71.5359	0.6987	1.1e-04	10.3545
8452	-102.5433	-102.5433	-73.9543	0.7212	70.9050	0.6926	1.1e-04	10.3457
8453	-102.5604	-102.5604	-74.8149	0.7295	70.0520	0.6840	1.1e-04	10.3354
8454	-102.5547	-102.5547	-74.4937	0.7264	70.3851	0.6873	1.1e-04	10.3384
8455	-102.5465	-102.5465	-73.5383	0.7171	71.3557	0.6969	1.1e-04	10.3558
8456	-102.5645	-102.5645	-74.4111	0.7255	70.4427	0.6879	1.1e-04	10.3491
8457	-102.5174	-102.5174	-75.2321	0.7338	69.5228	0.6791	1.1e-04	10.3551
8458	-102.5702	-102.5702	-74.0827	0.7223	70.8501	0.6915	1.1e-04	10.3423
8459	-102.5408	-102.5408	-74.2701	0.7243	70.6072	0.6894	1.1e-04	10.3391
8460	-102.5392	-102.5392	-73.7230	0.7190	71.1400	0.6949	1.1e-04	10.3727
8461	-102.5338	-102.5338	-73.3895	0.7158	71.4845	0.6983	1.1e-04	10.3407
8462	-102.5664	-102.5664	-73.8816	0.7203	71.0277	0.6935	1.1e-04	10.3609
8463	-102.5708	-102.5708	-72.9376	0.7111	72.0125	0.7031	1.1e-04	10.3448
8464	-102.5685	-102.5685	-73.0296	0.7120	71.9150	0.7022	1.1e-04	10.3507
8465	-102.5546	-102.5546	-73.6653	0.7183	71.2455	0.6957	1.1e-04	10.3351
8466	-102.5611	-102.5611	-73.1997	0.7137	71.7365	0.7004	1.1e-04	10.3468
8467	-102.5443	-102.5443	-73.7587	0.7193	71.1354	0.6946	1.1e-04	10.3503
8468	-102.5275	-102.5275	-72.9995	0.7120	71.8863	0.7021	1.1e-04	10.3595
8469	-102.5650	-102.5650	-73.6129	0.7177	71.3148	0.6962	1.1e-04	10.3675
8470	-102.5024	-102.5024	-73.1379	0.7135	71.7290	0.7005	1.1e-04	10.3536
8471	-102.5338	-102.5338	-72.9184	0.7112	71.9933	0.7030	1.1e-04	10.3325
8472	-102.5184	-102.5184	-72.9067	0.7112	71.9567	0.7025	1.1e-04	10.3508
8473	-102.5377	-102.5377	-72.7702	0.7097	72.1358	0.7044	1.1e-04	10.3485
8474	-102.5909	-102.5909	-73.2298	0.7138	71.7465	0.7003	1.1e-04	10.3402
8475	-102.5191	-102.5191	-71.9529	0.7018	72.9008	0.7122	1.1e-04	10.3564
8476	-102.5358	-102.5358	-72.2707	0.7048	72.6293	0.7094	1.1e-04	10.3365
8477	-102.5289	-102.5289	-72.9340	0.7114	71.9491	0.7027	1.1e-04	10.3298
8478	-102.5751	-102.5751	-72.4093	0.7059	72.5640	0.7083	1.1e-04	10.3347
8479	-102.5612	-102.5612	-72.6479	0.7083	72.2961	0.7057	1.1e-04	10.3468
8480	-102.5464	-102.5464	-72.3885	0.7059	72.5507	0.7083	1.1e-04	10.3516
8481	-102.5842	-102.5842	-72.6554	0.7083	72.3050	0.7060	1.1e-04	10.3524
8482	-102.5812	-102.5812	-72.3728	0.7055	72.5856	0.7085	1.1e-04	10.3438
8483	-102.5533	-102.5533	-73.5147	0.7168	71.4015	0.6972	1.1e-04	10.3292
8484	-102.5310	-102.5310	-72.5488	0.7076	72.3800	0.7066	1.1e-04	10.3398
8485	-102.5471	-102.5471	-72.9007	0.7109	72.0283	0.7033	1.1e-04	10.3518
8486	-102.5799	-102.5799	-72.2391	0.7042	72.7139	0.7100	1.1e-04	10.3514
8487	-102.5275	-102.5275	-73.2649	0.7146	71.6055	0.6994	1.1e-04	10.3574
8488	-102.5450	-102.5450	-73.5536	0.7173	71.3603	0.6968	1.1e-04	10.3403
8489	-102.5719	-102.5719	-73.4237	0.7158	71.4919	0.6982	1.1e-04	10.3323
8490	-102.5347	-102.5347	-73.6548	0.7183	71.2347	0.6956	1.1e-04	10.3375
8491	-102.5386	-102.5386	-73.0712	0.7126	71.8442	0.7015	1.1e-04	10.3455
8492	-102.5257	-102.5257	-72.4510	0.7067	72.4380	0.7074	1.1e-04	10.3482
8493	-102.5421	-102.5421	-72.6954	0.7089	72.2020	0.7051	1.1e-04	10.3443
8494	-102.5864	-102.5864	-72.3693	0.7054	72.5968	0.7086	1.1e-04	10.3416
8495	-102.5654	-102.5654	-72.2749	0.7047	72.6710	0.7094	1.1e-04	10.3379
8496	-102.5340	-102.5340	-72.8772	0.7108	72.0068	0.7033	1.1e-04	10.3409
8497	-102.5557	-102.5557	-72.4697	0.7066	72.4261	0.7074	1.1e-04	10.3507
8498	-102.5468	-102.5468	-72.5455	0.7074	72.3623	0.7067	1.1e-04	10.3480
8499	-102.5250	-102.5250	-72.5885	0.7080	72.3333	0.7062	1.1e-04	10.3502
8500	-102.5369	-102.5369	-72.4888	0.7070	72.3887	0.7072	1.1e-04	10.3514
8501	-102.5431	-102.5431	-73.6782	0.7185	71.2023	0.6955	1.1e-04	10.3260
8502	-102.5227	-102.5227	-71.7155	0.6995	73.1592	0.7146	1.1e-04	10.3441
8503	-102.5560	-102.5560	-71.5247	0.6974	73.3948	0.7167	1.1e-04	10.3538
8504	-102.5567	-102.5567	-71.7282	0.6994	73.1809	0.7143	1.1e-04	10.3491
8505	-102.5090	-102.5090	-71.9376	0.7018	72.9439	0.7124	1.1e-04	10.3452
8506	-102.5381	-102.5381	-71.2740	0.6951	73.6053	0.7189	1.1e-04	10.3507
8507	-102.5443	-102.5443	-71.1884	0.6942	73.6887	0.7196	1.1e-04	10.3352
8508	-102.5453	-102.5453	-71.4872	0.6971	73.4296	0.7169	1.1e-04	10.3321
8509	-102.5270	-102.5270	-71.8004	0.7003	73.0868	0.7138	1.1e-04	10.3561
8510	-102.5590	-102.5590	-71.6469	0.6986	73.2870	0.7154	1.1e-04	10.3542
8511	-102.5260	-102.5262	-70.4663	0.6873	74.3769	0.7264	1.1e-04	10.3671
8512	-102.5908	-102.5911	-69.9073	0.6814	74.9953	0.7319	1.1e-04	10.3530
8513	-102.5445	-102.5446	-70.4902	0.6874	74.3721	0.7263	1.1e-04	10.3372
8514	-102.5628	-102.5628	-71.6318	0.6984	73.2909	0.7157	1.1e-04	10.3392
8515	-102.5283	-102.5285	-70.2126	0.6848	74.6268	0.7287	1.1e-04	10.3426
8516	-102.5541	-102.5544	-70.0514	0.6831	74.7918	0.7303	1.1e-04	10.3373
8517	-102.5278	-102.5278	-71.3566	0.6960	73.5359	0.7181	1.1e-04	10.3565
8518	-102.5928	-102.5932	-69.8874	0.6812	74.9771	0.7321	1.1e-04	10.3378
8519	-102.5902	-102.5903	-70.6750	0.6889	74.2623	0.7248	1.1e-04	10.3307
8520	-102.5735	-102.5738	-70.1594	0.6840	74.7390	0.7295	1.1e-04	10.3305
8521	-102.5522	-102.5523	-71.1397	0.6937	73.7695	0.7202	1.1e-04	10.3606
8522	-102.5382	-102.5383	-70.7275	0.6898	74.1307	0.7240	1.1e-04	10.3679
8523	-102.5924	-102.5924	-70.9778	0.6918	73.9984	0.7220	1.1e-04	10.3525
8524	-102.5499	-102.5499	-71.4325	0.6966	73.4902	0.7175	1.1e-04	10.3406
8525	-102.5505	-102.5505	-71.0402	0.6927	73.8479	0.7211	1.1e-04	10.3376
8526	-102.5860	-102.5860	-71.7397	0.6993	73.1875	0.7147	1.1e-04	10.3308
8527	-102.5656	-102.5656	-71.6335	0.6984	73.2976	0.7157	1.1e-04	10.3513
8528	-102.5071	-102.5071	-71.2019	0.6946	73.6534	0.7194	1.1e-04	10.3543
8529	-102.5899	-102.5899	-70.9157	0.6913	74.0481	0.7225	1.1e-04	10.3428
8530	-102.5211	-102.5211	-71.4652	0.6971	73.4215	0.7170	1.1e-04	10.3374
8531	-102.5512	-102.5512	-72.0880	0.7029	72.8548	0.7112	1.1e-04	10.3362
8532	-102.5503	-102.5503	-72.4751	0.7067	72.4471	0.7074	1.1e-04	10.3384
8533	-102.5152	-102.5152	-72.4828	0.7070	72.3905	0.7071	1.1e-04	10.3514
8534	-102.5114	-102.5114	-71.6832	0.6993	73.2146	0.7148	1.1e-04	10.3524
8535	-102.5507	-102.5507	-71.2403	0.6947	73.6548	0.7191	1.1e-04	10.3492
8536	-102.5557	-102.5557	-71.8244	0.7003	73.1101	0.7138	1.1e-04	10.3445
8537	-102.5584	-102.5584	-71.2291	0.6945	73.6831	0.7195	1.1e-04	10.3388
8538	-102.5609	-102.5609	-72.4782	0.7067	72.4619	0.7075	1.1e-04	10.3301
8539	-102.5638	-102.5638	-72.6945	0.7088	72.2582	0.7054	1.1e-04	10.3510
8540	-102.5712	-102.5712	-73.1075	0.7127	71.8143	0.7012	1.1e-04	10.3398
8541	-102.5329	-102.5329	-71.9629	0.7019	72.9427	0.7123	1.1e-04	10.3483
8542	-102.5466	-102.5466	-71.4053	0.6963	73.5022	0.7177	1.1e-04	10.3442
8543	-102.5487	-102.5487	-71.6648	0.6988	73.2417	0.7152	1.1e-04	10.3427
8544	-102.5589	-102.5589	-71.5924	0.6981	73.2739	0.7155	1.1e-04	10.3315
8545	-102.5450	-102.5450	-71.6431	0.6987	73.2619	0.7155	1.1e-04	10.3571
8546	-102.5595	-102.5595	-72.1871	0.7039	72.7465	0.7103	1.1e-04	10.3433
8547	-102.5484	-102.5484	-72.1566	0.7036	72.7660	0.7106	1.1e-04	10.3523
8548	-102.5601	-102.5601	-73.0474	0.7122	71.8813	0.7019	1.1e-04	10.3567
8549	-102.5847	-102.5847	-72.3985	0.7057	72.5739	0.7084	1.1e-04	10.3343
8550	-102.5523	-102.5523	-71.5412	0.6976	73.3688	0.7165	1.1e-04	10.3324
8551	-102.5511	-102.5511	-72.0434	0.7025	72.8767	0.7117	1.1e-04	10.3443
8552	-102.5419	-102.5420	-71.2444	0.6948	73.6466	0.7192	1.1e-04	10.3401
8553	-102.5879	-102.5879	-72.7558	0.7092	72.1925	0.7048	1.1e-04	10.3514
8554	-102.5263	-102.5263	-72.1822	0.7040	72.7223	0.7101	1.1e-04	10.3431
8555	-102.5633	-102.5633	-72.3753	0.7057	72.5454	0.7085	1.1e-04	10.3344
8556	-102.5364	-102.5364	-71.9503	0.7017	72.9648	0.7125	1.1e-04	10.3379
8557	-102.5371	-102.5371	-72.7426	0.7094	72.1693	0.7048	1.1e-04	10.3485
8558	-102.5874	-102.5874	-71.8298	0.7002	73.1555	0.7139	1.1e-04	10.3528
8559	-102.5797	-102.5797	-72.0037	0.7019	72.9467	0.7122	1.1e-04	10.3410
8560	-102.5331	-102.5331	-72.7549	0.7096	72.1699	0.7046	1.1e-04	10.3503
8561	-102.6003	-102.6003	-72.4769	0.7064	72.5161	0.7078	1.1e-04	10.3429
8562	-102.5323	-102.5323	-73.0201	0.7122	71.8772	0.7020	1.1e-04	10.3244
8563	-102.5216	-102.5216	-72.9088	0.7112	71.9809	0.7030	1.1e-04	10.3335
8564	-102.5329	-102.5329	-71.8091	0.7004	73.1002	0.7137	1.1e-04	10.3503
8565	-102.5466	-102.5466	-71.9391	0.7015	72.9527	0.7125	1.1e-04	10.3481
8566	-102.5551	-102.5551	-71.4233	0.6964	73.4650	0.7176	1.1e-04	10.3470
8567	-102.5168	-102.5168	-72.3299	0.7055	72.5373	0.7086	1.1e-04	10.3507
8568	-102.5477	-102.5477	-73.0171	0.7120	71.9191	0.7019	1.1e-04	10.3284
8569	-102.5527	-102.5527	-71.4285	0.6965	73.4977	0.7175	1.1e-04	10.3388
8570	-102.5817	-102.5817	-72.5395	0.7071	72.4105	0.7071	1.1e-04	10.3425
8571	-102.5548	-102.5548	-72.2544	0.7045	72.6777	0.7095	1.1e-04	10.3492
8572	-102.5350	-102.5350	-71.8636	0.7009	73.0417	0.7133	1.1e-04	10.3331
8573	-102.5367	-102.5367	-72.3563	0.7057	72.5521	0.7084	1.1e-04	10.3430
8574	-102.5874	-102.5874	-72.2701	0.7045	72.6809	0.7097	1.1e-04	10.3271
8575	-102.5703	-102.5703	-71.9335	0.7013	73.0138	0.7127	1.1e-04	10.3527
8576	-102.5381	-102.5381	-71.7647	0.6999	73.1325	0.7142	1.1e-04	10.3540
8577	-102.5658	-102.5658	-71.6804	0.6989	73.2412	0.7152	1.1e-04	10.3580
8578	-102.5092	-102.5092	-71.7127	0.6996	73.1578	0.7145	1.1e-04	10.3374
8579	-102.5427	-102.5427	-71.9629	0.7018	72.9364	0.7124	1.1e-04	10.3431
8580	-102.5334	-102.5335	-71.0617	0.6931	73.8263	0.7208	1.1e-04	10.3275
8581	-102.5201	-102.5201	-71.4107	0.6966	73.4613	0.7174	1.1e-04	10.3424
8582	-102.4827	-102.4827	-71.3588	0.6963	73.4651	0.7176	1.1e-04	10.3501
8583	-102.5347	-102.5347	-71.4592	0.6969	73.4412	0.7171	1.1e-04	10.3459
8584	-102.5663	-102.5663	-71.3696	0.6958	73.5616	0.7182	1.1e-04	10.3480
8585	-102.5349	-102.5350	-70.8228	0.6907	74.0037	0.7227	1.1e-04	10.3491
8586	-102.5550	-102.5551	-71.2993	0.6952	73.6286	0.7188	1.1e-04	10.3264
8587	-102.5549	-102.5549	-72.0154	0.7022	72.8772	0.7115	1.1e-04	10.3427
8588	-102.5423	-102.5425	-70.6028	0.6885	74.2483	0.7251	1.1e-04	10.3429
8589	-102.5425	-102.5425	-71.8944	0.7011	72.9932	0.7128	1.1e-04	10.3483
8590	-102.5636	-102.5636	-71.6016	0.6981	73.3386	0.7160	1.1e-04	10.3428
8591	-102.5747	-102.5747	-71.4290	0.6964	73.4851	0.7176	1.1e-04	10.3415
8592	-102.5644	-102.5644	-71.3860	0.6960	73.5664	0.7180	1.1e-04	10.3343
8593	-102.5135	-102.5136	-70.6227	0.6889	74.1769	0.7244	1.1e-04	10.3447
8594	-102.5604	-102.5604	-71.1039	0.6933	73.8019	0.7206	1.1e-04	10.3512
8595	-102.4902	-102.4903	-71.2719	0.6954	73.5545	0.7186	1.1e-04	10.3347
8596	-102.5525	-102.5528	-69.8542	0.6812	74.9869	0.7321	1.1e-04	10.3516
8597	-102.5501	-102.5504	-69.9605	0.6822	74.8588	0.7310	1.1e-04	10.3402
8598	-102.5579	-102.5579	-71.3515	0.6957	73.5583	0.7182	1.1e-04	10.3239
8599	-102.5037	-102.5039	-70.5699	0.6885	74.2433	0.7252	1.1e-04	10.3532
8600	-102.5511	-102.5515	-69.8607	0.6812	74.9710	0.7321	1.1e-04	10.3441
8601	-102.5963	-102.5964	-70.9610	0.6917	74.0173	0.7222	1.1e-04	10.3548
8602	-102.5631	-102.5632	-70.7612	0.6899	74.1485	0.7239	1.1e-04	10.3431
8603	-102.5763	-102.5766	-69.8747	0.6812	75.0068	0.7321	1.1e-04	10.3393
8604	-102.5393	-102.5394	-70.7522	0.6900	74.1323	0.7238	1.1e-04	10.3283
8605	-102.5493	-102.5493	-71.6591	0.6988	73.2809	0.7152	1.1e-04	10.3347
8606	-102.5398	-102.5399	-70.8555	0.6910	73.9758	0.7224	1.1e-04	10.3465
8607	-102.5453	-102.5453	-71.4375	0.6966	73.4801	0.7174	1.1e-04	10.3472
8608	-102.5451	-102.5451	-71.4589	0.6969	73.4474	0.7171	1.1e-04	10.3492
8609	-102.5155	-102.5155	-71.8484	0.7009	73.0181	0.7133	1.1e-04	10.3409
8610	-102.5807	-102.5807	-72.2627	0.7044	72.6976	0.7098	1.1e-04	10.3306
8611	-102.5546	-102.5546	-71.7804	0.6999	73.1447	0.7142	1.1e-04	10.3426
8612	-102.5903	-102.5903	-71.7438	0.6993	73.2181	0.7148	1.1e-04	10.3502
8613	-102.5460	-102.5460	-72.5112	0.7071	72.4003	0.7071	1.1e-04	10.3724
8614	-102.5661	-102.5662	-71.2936	0.6951	73.6185	0.7188	1.1e-04	10.3406
8615	-102.5586	-102.5586	-71.4803	0.6970	73.4315	0.7170	1.1e-04	10.3534
8616	-102.5350	-102.5350	-71.9806	0.7020	72.9180	0.7122	1.1e-04	10.3277
8617	-102.5473	-102.5473	-71.8409	0.7006	73.0775	0.7135	1.1e-04	10.3382
8618	-102.5472	-102.5472	-72.0431	0.7025	72.8930	0.7116	1.1e-04	10.3516
8619	-102.5359	-102.5359	-71.2271	0.6947	73.6477	0.7193	1.1e-04	10.3476
8620	-102.5478	-102.5478	-71.8269	0.7004	73.1022	0.7137	1.1e-04	10.3303
8621	-102.5420	-102.5420	-71.0882	0.6933	73.7918	0.7206	1.1e-04	10.3471
8622	-102.5565	-102.5566	-71.1799	0.6941	73.7128	0.7197	1.1e-04	10.3265
8623	-102.5496	-102.5496	-71.1386	0.6937	73.7612	0.7202	1.1e-04	10.3332
8624	-102.5415	-102.5415	-71.3534	0.6958	73.5261	0.7181	1.1e-04	10.3506
8625	-102.5421	-102.5421	-71.3464	0.6958	73.5650	0.7182	1.1e-04	10.3344
8626	-102.5025	-102.5025	-71.9144	0.7016	72.9629	0.7126	1.1e-04	10.3548
8627	-102.5549	-102.5549	-71.4917	0.6971	73.4466	0.7169	1.1e-04	10.3378
8628	-102.5636	-102.5637	-71.1973	0.6942	73.7012	0.7196	1.1e-04	10.3357
8629	-102.5988	-102.5988	-71.8844	0.7006	73.1132	0.7135	1.1e-04	10.3539
8630	-102.5357	-102.5357	-71.9554	0.7018	72.9396	0.7122	1.1e-04	10.3508
8631	-102.5340	-102.5340	-71.9938	0.7021	72.9307	0.7120	1.1e-04	10.3450
8632	-102.5459	-102.5459	-72.5778	0.7078	72.3524	0.7064	1.1e-04	10.3478
8633	-102.5586	-102.5586	-71.9655	0.7017	72.9730	0.7125	1.1e-04	10.3416
8634	-102.5534	-102.5534	-70.9719	0.6920	73.9341	0.7218	1.1e-04	10.3285
8635	-102.5331	-102.5331	-72.3710	0.7058	72.5231	0.7083	1.1e-04	10.3455
8636	-102.5820	-102.5820	-72.6152	0.7079	72.3474	0.7063	1.1e-04	10.3422
8637	-102.5102	-102.5102	-72.1471	0.7038	72.7384	0.7104	1.1e-04	10.3659
8638	-102.5693	-102.5693	-72.4953	0.7068	72.4755	0.7074	1.1e-04	10.3531
8639	-102.4683	-102.4683	-72.4215	0.7068	72.4221	0.7073	1.1e-04	10.3421
8640	-102.5436	-102.5436	-71.1139	0.6935	73.7765	0.7204	1.1e-04	10.3292
8641	-102.5606	-102.5606	-72.7552	0.7094	72.1792	0.7048	1.1e-04	10.3390
8642	-102.5601	-102.5601	-72.0110	0.7021	72.9080	0.7120	1.1e-04	10.3509
8643	-102.5376	-102.5376	-72.0361	0.7025	72.8900	0.7116	1.1e-04	10.3409
8644	-102.5837	-102.5837	-71.3118	0.6952	73.6394	0.7188	1.1e-04	10.3493
8645	-102.5428	-102.5428	-72.3608	0.7057	72.5663	0.7085	1.1e-04	10.3463
8646	-102.5468	-102.5468	-71.8784	0.7009	73.0595	0.7132	1.1e-04	10.3339
8647	-102.5415	-102.5416	-71.1362	0.6937	73.7380	0.7199	1.1e-04	10.3348
8648	-102.5365	-102.5365	-71.8566	0.7008	73.0500	0.7134	1.1e-04	10.3514
8649	-102.5385	-102.5385	-72.4541	0.7066	72.4701	0.7076	1.1e-04	10.3648
8650	-102.5521	-102.5521	-71.7200	0.6994	73.1990	0.7148	1.1e-04	10.3401
8651	-102.5584	-102.5584	-72.4942	0.7069	72.4475	0.7073	1.1e-04	10.3435
8652	-102.5695	-102.5695	-71.7491	0.6995	73.2007	0.7146	1.1e-04	10.3369
8653	-102.4999	-102.4999	-71.2218	0.6948	73.6429	0.7192	1.1e-04	10.3371
8654	-102.5605	-102.5605	-72.6903	0.7088	72.2492	0.7054	1.1e-04	10.3413
8655	-102.5217	-102.5217	-72.9085	0.7112	71.9754	0.7030	1.1e-04	10.3537
8656	-102.5449	-102.5449	-72.7928	0.7099	72.1297	0.7043	1.1e-04	10.3538
8657	-102.5473	-102.5473	-72.3942	0.7060	72.5142	0.7082	1.1e-04	10.3495
8658	-102.5466	-102.5466	-72.1570	0.7037	72.7526	0.7105	1.1e-04	10.3332
8659	-102.5555	-102.5555	-72.7505	0.7094	72.2007	0.7048	1.1e-04	10.3369
8660	-102.5453	-102.5453	-73.1199	0.7131	71.7834	0.7011	1.1e-04	10.3463
8661	-102.5578	-102.5578	-72.3686	0.7056	72.5684	0.7086	1.1e-04	10.3360
8662	-102.5408	-102.5408	-72.6863	0.7089	72.2472	0.7054	1.1e-04	10.3524
8663	-102.5317	-102.5317	-71.7768	0.7000	73.1328	0.7141	1.1e-04	10.3461
8664	-102.5921	-102.5921	-72.1472	0.7032	72.8336	0.7109	1.1e-04	10.3406
8665	-102.5618	-102.5618	-72.4418	0.7063	72.5018	0.7079	1.1e-04	10.3325
8666	-102.5730	-102.5730	-71.7529	0.6995	73.1992	0.7145	1.1e-04	10.3497
8667	-102.5522	-102.5522	-73.0171	0.7120	71.9229	0.7022	1.1e-04	10.3427
8668	-102.5043	-102.5043	-71.7004	0.6995	73.1462	0.7145	1.1e-04	10.3494
8669	-102.5484	-102.5484	-72.6770	0.7087	72.2329	0.7055	1.1e-04	10.3501
8670	-102.5276	-102.5276	-72.0022	0.7023	72.8700	0.7116	1.1e-04	10.3412
8671	-102.5256	-102.5256	-71.5031	0.6974	73.3807	0.7166	1.1e-04	10.3382
8672	-102.5562	-102.5562	-72.3085	0.7051	72.6399	0.7091	1.1e-04	10.3593
8673	-102.5223	-102.5223	-72.8796	0.7109	71.9946	0.7032	1.1e-04	10.3380
8674	-102.5782	-102.5782	-71.8378	0.7003	73.1241	0.7138	1.1e-04	10.3530
8675	-102.5358	-102.5358	-71.8495	0.7007	73.0596	0.7133	1.1e-04	10.3500
8676	-102.5417	-102.5417	-72.0620	0.7028	72.8563	0.7113	1.1e-04	10.3405
8677	-102.5506	-102.5506	-72.1999	0.7040	72.7376	0.7101	1.1e-04	10.3324
8678	-102.5356	-102.5356	-72.4834	0.7069	72.3589	0.7066	1.1e-04	10.3686
8679	-102.5523	-102.5523	-71.8326	0.7004	73.0836	0.7137	1.1e-04	10.3326
8680	-102.5321	-102.5321	-73.0188	0.7122	71.8857	0.7020	1.1e-04	10.3484
8681	-102.5568	-102.5568	-72.3507	0.7055	72.5741	0.7087	1.1e-04	10.3527
8682	-102.5424	-102.5424	-72.0168	0.7023	72.8999	0.7119	1.1e-04	10.3411
8683	-102.5835	-102.5836	-70.7595	0.6898	74.1522	0.7239	1.1e-04	10.3264
8684	-102.5595	-102.5595	-72.0980	0.7030	72.8311	0.7112	1.1e-04	10.3489
8685	-102.5406	-102.5406	-71.3977	0.6963	73.4917	0.7177	1.1e-04	10.3484
8686	-102.5776	-102.5776	-71.9519	0.7014	73.0058	0.7127	1.1e-04	10.3393
8687	-102.5204	-102.5204	-71.5716	0.6981	73.2794	0.7158	1.1e-04	10.3396
8688	-102.5665	-102.5665	-71.4579	0.6967	73.4580	0.7173	1.1e-04	10.3416
8689	-102.5328	-102.5328	-71.8822	0.7011	72.9996	0.7130	1.1e-04	10.3279
8690	-102.5049	-102.5049	-72.1936	0.7043	72.6837	0.7099	1.1e-04	10.3520
8691	-102.5365	-102.5365	-71.5432	0.6977	73.3548	0.7163	1.1e-04	10.3575
8692	-102.5297	-102.5298	-70.9182	0.6917	73.9665	0.7222	1.1e-04	10.3618
8693	-102.5351	-102.5352	-70.9774	0.6922	73.9009	0.7216	1.1e-04	10.3449
8694	-102.5508	-102.5508	-71.8105	0.7002	73.0869	0.7138	1.1e-04	10.3424
8695	-102.5526	-102.5526	-71.0961	0.6933	73.7956	0.7206	1.1e-04	10.3259
8696	-102.5222	-102.5222	-71.6620	0.6990	73.2439	0.7151	1.1e-04	10.3364
8697	-102.5390	-102.5390	-71.8468	0.7007	73.0434	0.7133	1.1e-04	10.3431
8698	-102.5610	-102.5610	-71.2614	0.6948	73.6552	0.7190	1.1e-04	10.3685
8699	-102.5465	-102.5466	-71.0453	0.6928	73.8338	0.7211	1.1e-04	10.3374
8700	-102.5476	-102.5479	-70.1764	0.6843	74.6616	0.7291	1.1e-04	10.3534
8701	-102.5168	-102.5170	-70.5407	0.6881	74.2960	0.7256	1.1e-04	10.3273
8702	-102.5275	-102.5278	-70.1178	0.6839	74.7014	0.7295	1.1e-04	10.3419
8703	-102.5523	-102.5525	-70.2988	0.6855	74.5740	0.7281	1.1e-04	10.3442
8704	-102.5532	-102.5533	-70.7456	0.6898	74.1274	0.7238	1.1e-04	10.3476
8705	-102.5266	-102.5268	-70.1918	0.6846	74.6331	0.7287	1.1e-04	10.3451
8706	-102.5532	-102.5533	-70.7058	0.6895	74.1586	0.7242	1.1e-04	10.3460
8707	-102.5460	-102.5462	-70.3159	0.6857	74.5280	0.7278	1.1e-04	10.3257
8708	-102.5852	-102.5853	-70.9911	0.6920	73.9116	0.7218	1.1e-04	10.3524
8709	-102.5701	-102.5705	-69.8046	0.6806	75.0335	0.7327	1.1e-04	10.3479
8710	-102.5450	-102.5452	-70.2927	0.6855	74.5655	0.7280	1.1e-04	10.3448
8711	-102.5223	-102.5224	-70.5097	0.6877	74.3260	0.7259	1.1e-04	10.3395
8712	-102.5004	-102.5006	-70.2695	0.6856	74.5469	0.7280	1.1e-04	10.3489
8713	-102.5479	-102.5479	-71.3344	0.6956	73.5645	0.7182	1.1e-04	10.3346
8714	-102.5432	-102.5438	-69.4216	0.6770	75.3602	0.7359	1.1e-04	10.3390
8715	-102.5365	-102.5367	-70.2086	0.6847	74.6264	0.7287	1.1e-04	10.3464
8716	-102.5629	-102.5629	-71.0174	0.6924	73.8909	0.7215	1.1e-04	10.3358
8717	-102.5770	-102.5771	-71.0506	0.6927	73.8922	0.7212	1.1e-04	10.3371
8718	-102.5545	-102.5546	-71.4048	0.6963	73.4781	0.7177	1.1e-04	10.3412
8719	-102.5488	-102.5488	-70.9282	0.6917	73.9643	0.7222	1.1e-04	10.3315
8720	-102.5687	-102.5687	-71.2079	0.6942	73.6923	0.7197	1.1e-04	10.3275
8721	-102.5246	-102.5247	-70.8068	0.6906	74.0120	0.7230	1.1e-04	10.3504
8722	-102.5446	-102.5447	-71.1469	0.6938	73.7398	0.7200	1.1e-04	10.3498
8723	-102.5808	-102.5808	-71.4167	0.6962	73.5260	0.7178	1.1e-04	10.3491
8724	-102.5392	-102.5393	-71.1539	0.6939	73.7601	0.7200	1.1e-04	10.3429
8725	-102.5472	-102.5472	-70.9713	0.6921	73.9274	0.7218	1.1e-04	10.3258
8726	-102.5609	-102.5610	-70.8847	0.6911	74.0158	0.7227	1.1e-04	10.3323
8727	-102.5622	-102.5622	-71.3593	0.6958	73.5728	0.7182	1.1e-04	10.3546
8728	-102.5378	-102.5378	-72.0614	0.7028	72.8380	0.7113	1.1e-04	10.3505
8729	-102.5544	-102.5544	-72.7058	0.7089	72.2140	0.7052	1.1e-04	10.3550
8730	-102.5780	-102.5780	-71.9310	0.7012	73.0228	0.7129	1.1e-04	10.3362
8731	-102.5400	-102.5400	-71.6043	0.6983	73.3223	0.7158	1.1e-04	10.3277
8732	-102.5688	-102.5688	-71.8995	0.7010	73.0615	0.7131	1.1e-04	10.3385
8733	-102.5518	-102.5518	-72.1336	0.7034	72.8071	0.7108	1.1e-04	10.3509
8734	-102.5283	-102.5283	-72.2973	0.7051	72.6215	0.7090	1.1e-04	10.3449
8735	-102.5249	-102.5249	-72.3118	0.7053	72.6093	0.7089	1.1e-04	10.3390
8736	-102.5499	-102.5499	-71.9490	0.7016	72.9668	0.7123	1.1e-04	10.3390
8737	-102.5457	-102.5457	-72.4245	0.7063	72.5152	0.7079	1.1e-04	10.3280
8738	-102.5655	-102.5655	-72.0493	0.7025	72.8885	0.7117	1.1e-04	10.3309
8739	-102.5804	-102.5804	-72.5754	0.7075	72.3763	0.7067	1.1e-04	10.3309
8740	-102.5547	-102.5547	-71.6859	0.6990	73.2460	0.7151	1.1e-04	10.3444
8741	-102.5643	-102.5643	-72.4529	0.7064	72.4869	0.7077	1.1e-04	10.3501
8742	-102.5739	-102.5739	-73.1015	0.7127	71.8395	0.7015	1.1e-04	10.3543
8743	-102.5367	-102.5367	-72.8063	0.7101	72.1041	0.7041	1.1e-04	10.3297
8744	-102.5528	-102.5528	-73.1573	0.7134	71.7639	0.7006	1.1e-04	10.3337
8745	-102.5718	-102.5718	-72.6105	0.7079	72.3217	0.7062	1.1e-04	10.3273
8746	-102.5533	-102.5533	-72.3723	0.7057	72.5428	0.7083	1.1e-04	10.3480
8747	-102.5183	-102.5183	-72.5719	0.7079	72.3143	0.7062	1.1e-04	10.3510
8748	-102.5421	-102.5421	-73.0280	0.7122	71.8843	0.7020	1.1e-04	10.3439
8749	-102.5467	-102.5467	-71.7523	0.6997	73.1615	0.7144	1.1e-04	10.3295
8750	-102.5210	-102.5210	-72.5478	0.7076	72.3527	0.7065	1.1e-04	10.3385
8751	-102.5660	-102.5660	-71.9608	0.7016	72.9931	0.7125	1.1e-04	10.3493
8752	-102.5566	-102.5566	-72.5588	0.7075	72.3712	0.7065	1.1e-04	10.3473
8753	-102.5209	-102.5209	-72.1194	0.7035	72.7731	0.7107	1.1e-04	10.3489
8754	-102.6005	-102.6005	-72.2696	0.7044	72.7357	0.7098	1.1e-04	10.3476
8755	-102.5692	-102.5692	-72.4324	0.7062	72.5453	0.7080	1.1e-04	10.3255
8756	-102.5601	-102.5601	-71.9093	0.7011	73.0236	0.7130	1.1e-04	10.3328
8757	-102.5148	-102.5148	-72.2921	0.7052	72.6268	0.7090	1.1e-04	10.3417
8758	-102.5533	-102.5533	-72.2743	0.7047	72.6679	0.7095	1.1e-04	10.3496
8759	-102.5164	-102.5164	-72.4523	0.7067	72.4340	0.7075	1.1e-04	10.3542
8760	-102.5646	-102.5646	-72.6193	0.7080	72.3524	0.7062	1.1e-04	10.3328
8761	-102.5823	-102.5823	-73.0838	0.7124	71.8733	0.7017	1.1e-04	10.3242
8762	-102.5577	-102.5577	-72.6355	0.7082	72.2791	0.7056	1.1e-04	10.3314
8763	-102.5590	-102.5590	-72.5627	0.7075	72.3655	0.7067	1.1e-04	10.3519
8764	-102.4712	-102.4712	-72.7283	0.7097	72.0940	0.7044	1.1e-04	10.3390
8765	-102.4994	-102.4994	-74.1834	0.7237	70.6333	0.6900	1.1e-04	10.3441
8766	-102.5484	-102.5484	-72.3226	0.7053	72.6024	0.7090	1.1e-04	10.3380
8767	-102.5528	-102.5528	-72.4671	0.7066	72.4462	0.7075	1.1e-04	10.3204
8768	-102.5660	-102.5660	-72.3067	0.7050	72.6302	0.7092	1.1e-04	10.3224
8769	-102.5456	-102.5456	-72.7427	0.7094	72.1709	0.7047	1.1e-04	10.3519
8770	-102.5336	-102.5336	-73.2903	0.7148	71.6003	0.6993	1.1e-04	10.3543
8771	-102.5732	-102.5732	-72.1167	0.7031	72.8172	0.7109	1.1e-04	10.3425
8772	-102.5405	-102.5405	-72.9269	0.7112	71.9756	0.7030	1.1e-04	10.3441
8773	-102.5123	-102.5123	-71.3715	0.6962	73.5061	0.7178	1.1e-04	10.3364
8774	-102.5702	-102.5702	-72.6098	0.7079	72.3310	0.7063	1.1e-04	10.3339
8775	-102.5410	-102.5410	-71.9997	0.7022	72.9061	0.7120	1.1e-04	10.3312
8776	-102.5394	-102.5394	-71.5948	0.6982	73.3326	0.7159	1.1e-04	10.3252
8777	-102.5795	-102.5797	-70.4728	0.6870	74.4310	0.7266	1.1e-04	10.3391
8778	-102.5843	-102.5843	-71.4191	0.6962	73.5307	0.7178	1.1e-04	10.3441
8779	-102.5033	-102.5033	-71.7355	0.6998	73.1255	0.7143	1.1e-04	10.3337
8780	-102.5559	-102.5560	-71.2910	0.6951	73.6033	0.7189	1.1e-04	10.3281
8781	-102.5353	-102.5353	-71.7317	0.6996	73.1664	0.7145	1.1e-04	10.3483
8782	-102.5439	-102.5440	-71.1476	0.6938	73.7384	0.7201	1.1e-04	10.3409
8783	-102.5435	-102.5436	-70.7569	0.6900	74.1045	0.7235	1.1e-04	10.3404
8784	-102.5725	-102.5727	-70.3504	0.6859	74.5633	0.7277	1.1e-04	10.3375
8785	-102.5760	-102.5761	-71.2478	0.6946	73.6979	0.7194	1.1e-04	10.3428
8786	-102.5576	-102.5578	-70.2931	0.6854	74.5197	0.7278	1.1e-04	10.3341
8787	-102.5250	-102.5250	-71.3811	0.6962	73.5160	0.7178	1.1e-04	10.3501
8788	-102.5590	-102.5590	-71.1371	0.6936	73.7589	0.7203	1.1e-04	10.3342
8789	-102.5093	-102.5093	-71.3953	0.6965	73.4688	0.7176	1.1e-04	10.3488
8790	-102.5886	-102.5887	-71.1187	0.6932	73.8225	0.7207	1.1e-04	10.3356
8791	-102.5409	-102.5409	-71.9099	0.7013	73.0051	0.7129	1.1e-04	10.3364
8792	-102.4770	-102.4770	-72.0340	0.7029	72.8085	0.7111	1.1e-04	10.3310
8793	-102.5422	-102.5422	-71.5027	0.6973	73.3743	0.7166	1.1e-04	10.3534
8794	-102.5242	-102.5243	-70.9301	0.6918	73.9317	0.7220	1.1e-04	10.3350
8795	-102.5414	-102.5415	-70.7388	0.6899	74.1095	0.7237	1.1e-04	10.3371
8796	-102.5146	-102.5146	-71.2643	0.6952	73.5891	0.7187	1.1e-04	10.3384
8797	-102.5298	-102.5299	-70.7525	0.6901	74.1265	0.7237	1.1e-04	10.3309
8798	-102.5175	-102.5177	-70.3644	0.6864	74.4302	0.7268	1.1e-04	10.3243
8799	-102.5235	-102.5236	-71.4251	0.6967	73.4690	0.7174	1.1e-04	10.3363
8800	-102.5779	-102.5780	-70.7637	0.6899	74.1590	0.7239	1.1e-04	10.3464
8801	-102.5395	-102.5396	-70.7659	0.6901	74.1083	0.7237	1.1e-04	10.3463
8802	-102.5844	-102.5844	-71.9148	0.7010	73.0709	0.7131	1.1e-04	10.3365
8803	-102.5476	-102.5476	-71.4422	0.6967	73.4764	0.7173	1.1e-04	10.3405
8804	-102.5368	-102.5368	-71.0849	0.6933	73.7797	0.7207	1.1e-04	10.3311
8805	-102.4963	-102.4964	-71.0977	0.6937	73.7863	0.7202	1.1e-04	10.3330
8806	-102.5265	-102.5265	-72.2717	0.7049	72.6308	0.7093	1.1e-04	10.3581
8807	-102.5305	-102.5305	-71.6623	0.6989	73.2395	0.7151	1.1e-04	10.3451
8808	-102.5600	-102.5600	-72.5286	0.7072	72.4190	0.7070	1.1e-04	10.3383
8809	-102.5273	-102.5273	-71.7252	0.6996	73.1673	0.7145	1.1e-04	10.3427
8810	-102.5317	-102.5317	-72.0635	0.7028	72.8344	0.7113	1.1e-04	10.3249
8811	-102.5407	-102.5407	-72.0862	0.7030	72.8256	0.7112	1.1e-04	10.3310
8812	-102.5717	-102.5717	-71.4133	0.6962	73.5151	0.7178	1.1e-04	10.3414
8813	-102.5131	-102.5131	-72.1866	0.7042	72.7239	0.7100	1.1e-04	10.3493
8814	-102.5500	-102.5500	-72.2006	0.7041	72.7178	0.7100	1.1e-04	10.3433
8815	-102.5908	-102.5908	-72.4224	0.7059	72.5533	0.7081	1.1e-04	10.3343
8816	-102.5355	-102.5355	-72.8090	0.7101	72.0911	0.7041	1.1e-04	10.3267
8817	-102.5310	-102.5310	-71.8728	0.7010	73.0348	0.7131	1.1e-04	10.3434
8818	-102.5307	-102.5307	-72.5024	0.7071	72.3983	0.7070	1.1e-04	10.3652
8819	-102.5612	-102.5612	-72.6035	0.7079	72.3306	0.7061	1.1e-04	10.3484
8820	-102.5272	-102.5272	-72.4413	0.7066	72.4727	0.7076	1.1e-04	10.3485
8821	-102.5567	-102.5567	-72.5622	0.7075	72.3515	0.7067	1.1e-04	10.3461
8822	-102.5570	-102.5570	-72.8347	0.7102	72.1138	0.7039	1.1e-04	10.3236
8823	-102.5734	-102.5734	-73.1382	0.7130	71.8211	0.7011	1.1e-04	10.3386
8824	-102.5508	-102.5508	-72.1678	0.7037	72.7730	0.7105	1.1e-04	10.3503
8825	-102.5293	-102.5293	-72.4722	0.7068	72.4417	0.7074	1.1e-04	10.3448
8826	-102.5411	-102.5411	-72.2495	0.7046	72.6642	0.7096	1.1e-04	10.3354
8827	-102.5372	-102.5372	-72.6240	0.7083	72.2690	0.7059	1.1e-04	10.3466
8828	-102.5659	-102.5659	-73.0800	0.7125	71.8426	0.7017	1.1e-04	10.3220
8829	-102.5472	-102.5472	-73.2468	0.7143	71.6746	0.6998	1.1e-04	10.3257
8830	-102.5518	-102.5518	-72.8454	0.7103	72.0835	0.7038	1.1e-04	10.3494
8831	-102.5483	-102.5483	-72.8326	0.7102	72.0941	0.7040	1.1e-04	10.3537
8832	-102.5067	-102.5067	-72.8259	0.7105	72.0766	0.7037	1.1e-04	10.3448
8833	-102.5432	-102.5432	-72.7991	0.7099	72.1314	0.7043	1.1e-04	10.3508
8834	-102.5088	-102.5088	-73.3607	0.7157	71.4939	0.6983	1.1e-04	10.3222
8835	-102.5521	-102.5521	-73.3166	0.7149	71.6028	0.6992	1.1e-04	10.3354
8836	-102.5727	-102.5727	-73.0233	0.7119	71.9217	0.7023	1.1e-04	10.3459
8837	-102.5429	-102.5429	-72.0478	0.7026	72.8608	0.7115	1.1e-04	10.3493
8838	-102.5574	-102.5574	-72.7831	0.7097	72.1559	0.7045	1.1e-04	10.3403
8839	-102.5576	-102.5576	-72.4811	0.7067	72.4575	0.7073	1.1e-04	10.3411
8840	-102.5659	-102.5659	-72.0754	0.7027	72.8557	0.7115	1.1e-04	10.3296
8841	-102.5526	-102.5526	-73.1709	0.7135	71.7382	0.7006	1.1e-04	10.3459
8842	-102.5562	-102.5562	-73.6715	0.7184	71.2399	0.6956	1.1e-04	10.3480
8843	-102.5178	-102.5178	-73.1449	0.7135	71.7361	0.7007	1.1e-04	10.3502
8844	-102.5330	-102.5330	-73.0128	0.7121	71.8981	0.7021	1.1e-04	10.3407
8845	-102.5545	-102.5545	-72.0782	0.7028	72.8461	0.7112	1.1e-04	10.3374
8846	-102.5397	-102.5397	-72.0458	0.7026	72.8616	0.7116	1.1e-04	10.3283
8847	-102.5295	-102.5295	-73.0818	0.7128	71.8227	0.7014	1.1e-04	10.3458
8848	-102.5591	-102.5591	-72.7055	0.7089	72.2000	0.7050	1.1e-04	10.3468
8849	-102.5294	-102.5294	-72.5957	0.7080	72.2628	0.7058	1.1e-04	10.3467
8850	-102.5405	-102.5405	-72.7348	0.7093	72.1712	0.7049	1.1e-04	10.3445
8851	-102.5652	-102.5652	-71.4541	0.6967	73.4537	0.7171	1.1e-04	10.3386
8852	-102.5344	-102.5344	-71.7776	0.7000	73.1246	0.7138	1.1e-04	10.3282
8853	-102.5623	-102.5623	-71.9043	0.7011	73.0400	0.7131	1.1e-04	10.3367
8854	-102.5551	-102.5551	-71.9335	0.7014	72.9979	0.7127	1.1e-04	10.3508
8855	-102.5666	-102.5666	-72.8104	0.7099	72.1083	0.7040	1.1e-04	10.3492
8856	-102.5162	-102.5162	-72.5572	0.7078	72.3357	0.7064	1.1e-04	10.3369
8857	-102.5344	-102.5344	-71.8180	0.7004	73.0880	0.7137	1.1e-04	10.3393
8858	-102.5496	-102.5496	-72.1801	0.7039	72.7375	0.7103	1.1e-04	10.3226
8859	-102.5123	-102.5123	-72.2015	0.7043	72.6757	0.7099	1.1e-04	10.3402
8860	-102.5464	-102.5464	-71.7590	0.6998	73.1481	0.7144	1.1e-04	10.3508
8861	-102.5125	-102.5125	-72.3552	0.7058	72.5103	0.7083	1.1e-04	10.3460
8862	-102.5242	-102.5242	-72.0696	0.7030	72.8069	0.7111	1.1e-04	10.3346
8863	-102.5445	-102.5445	-71.0823	0.6932	73.7743	0.7206	1.1e-04	10.3378
8864	-102.5139	-102.5139	-71.7687	0.7001	73.0242	0.7132	1.1e-04	10.3266
8865	-102.5314	-102.5314	-72.1028	0.7032	72.8019	0.7110	1.1e-04	10.3363
8866	-102.5393	-102.5393	-71.8118	0.7003	73.0904	0.7137	1.1e-04	10.3509
8867	-102.5448	-102.5448	-71.5562	0.6978	73.3409	0.7163	1.1e-04	10.3479
8868	-102.5598	-102.5598	-71.4138	0.6963	73.4998	0.7177	1.1e-04	10.3486
8869	-102.5039	-102.5039	-71.9992	0.7024	72.8760	0.7118	1.1e-04	10.3414
8870	-102.5368	-102.5369	-70.5909	0.6884	74.2688	0.7253	1.1e-04	10.3369
8871	-102.5414	-102.5415	-70.6082	0.6886	74.2548	0.7251	1.1e-04	10.3296
8872	-102.4844	-102.4844	-71.3037	0.6958	73.5373	0.7183	1.1e-04	10.3339
8873	-102.5537	-102.5538	-70.7817	0.6902	74.1013	0.7236	1.1e-04	10.3439
8874	-102.5726	-102.5726	-71.2787	0.6949	73.6603	0.7191	1.1e-04	10.3361
8875	-102.5680	-102.5681	-71.0455	0.6927	73.8762	0.7212	1.1e-04	10.3440
8876	-102.6121	-102.6125	-69.6484	0.6788	75.2488	0.7344	1.1e-04	10.3369
8877	-102.5481	-102.5481	-71.6777	0.6990	73.2593	0.7152	1.1e-04	10.3370
8878	-102.5707	-102.5707	-71.5243	0.6973	73.3999	0.7168	1.1e-04	10.3509
8879	-102.5598	-102.5598	-71.0684	0.6929	73.8331	0.7210	1.1e-04	10.3560
8880	-102.5531	-102.5531	-71.1972	0.6942	73.6685	0.7194	1.1e-04	10.3451
8881	-102.5634	-102.5634	-71.0351	0.6926	73.8601	0.7213	1.1e-04	10.3390
8882	-102.5384	-102.5385	-70.8778	0.6912	73.9735	0.7225	1.1e-04	10.3320
8883	-102.5630	-102.5631	-70.6854	0.6892	74.2019	0.7245	1.1e-04	10.3363
8884	-102.5332	-102.5334	-70.2110	0.6848	74.6113	0.7288	1.1e-04	10.3530
8885	-102.5523	-102.5524	-70.8906	0.6913	74.0165	0.7226	1.1e-04	10.3445
8886	-102.5458	-102.5459	-71.1619	0.6940	73.7356	0.7200	1.1e-04	10.3510
8887	-102.5296	-102.5297	-70.9417	0.6919	73.8925	0.7218	1.1e-04	10.3488
8888	-102.5262	-102.5264	-70.5479	0.6881	74.2667	0.7256	1.1e-04	10.3427
8889	-102.5428	-102.5428	-71.3382	0.6957	73.5388	0.7183	1.1e-04	10.3356
8890	-102.5208	-102.5209	-70.9712	0.6923	73.8737	0.7214	1.1e-04	10.3366
8891	-102.5405	-102.5405	-71.3834	0.6961	73.5133	0.7179	1.1e-04	10.3522
8892	-102.5287	-102.5287	-72.0864	0.7031	72.8215	0.7111	1.1e-04	10.3535
8893	-102.5151	-102.5152	-71.0882	0.6934	73.7654	0.7205	1.1e-04	10.3482
8894	-102.5224	-102.5225	-70.6486	0.6891	74.2014	0.7246	1.1e-04	10.3323
8895	-102.5202	-102.5202	-71.2116	0.6946	73.6494	0.7194	1.1e-04	10.3293
8896	-102.5521	-102.5521	-71.4932	0.6971	73.4021	0.7169	1.1e-04	10.3518
8897	-102.5462	-102.5462	-71.4490	0.6967	73.4579	0.7173	1.1e-04	10.3537
8898	-102.5517	-102.5518	-70.7560	0.6900	74.1313	0.7238	1.1e-04	10.3495
8899	-102.5577	-102.5578	-70.6664	0.6890	74.2419	0.7247	1.1e-04	10.3545
8900	-102.5904	-102.5904	-70.8411	0.6905	74.0815	0.7233	1.1e-04	10.3349
8901	-102.5610	-102.5612	-70.4163	0.6866	74.4389	0.7270	1.1e-04	10.3197
8902	-102.5194	-102.5194	-71.0720	0.6933	73.7923	0.7207	1.1e-04	10.3344
8903	-102.5388	-102.5388	-72.0757	0.7029	72.8424	0.7113	1.1e-04	10.3387
8904	-102.5630	-102.5631	-70.7447	0.6898	74.1342	0.7238	1.1e-04	10.3417
8905	-102.5419	-102.5421	-70.5071	0.6876	74.3600	0.7261	1.1e-04	10.3479
8906	-102.5199	-102.5200	-70.8364	0.6910	74.0173	0.7229	1.1e-04	10.3488
8907	-102.5570	-102.5570	-71.8731	0.7008	73.0518	0.7133	1.1e-04	10.3282
8908	-102.5157	-102.5157	-71.8256	0.7006	73.0385	0.7135	1.1e-04	10.3528
8909	-102.5653	-102.5653	-71.8134	0.7002	73.1289	0.7139	1.1e-04	10.3418
8910	-102.5341	-102.5342	-70.8987	0.6915	73.9965	0.7224	1.1e-04	10.3507
8911	-102.5086	-102.5087	-70.8118	0.6908	74.0133	0.7230	1.1e-04	10.3365
8912	-102.5820	-102.5821	-71.4879	0.6969	73.4581	0.7172	1.1e-04	10.3366
8913	-102.5497	-102.5497	-71.9733	0.7018	72.9632	0.7123	1.1e-04	10.3309
8914	-102.5445	-102.5445	-71.2484	0.6948	73.6429	0.7190	1.1e-04	10.3362
8915	-102.5059	-102.5059	-72.3673	0.7060	72.5177	0.7082	1.1e-04	10.3503
8916	-102.5583	-102.5583	-72.6299	0.7082	72.2894	0.7060	1.1e-04	10.3417
8917	-102.5315	-102.5315	-72.2979	0.7051	72.5865	0.7091	1.1e-04	10.3523
8918	-102.5496	-102.5496	-72.8323	0.7102	72.0889	0.7040	1.1e-04	10.3432
8919	-102.5125	-102.5125	-72.3146	0.7054	72.5444	0.7087	1.1e-04	10.3241
8920	-102.5466	-102.5466	-72.3205	0.7052	72.5862	0.7089	1.1e-04	10.3372
8921	-102.5560	-102.5560	-73.0776	0.7126	71.8318	0.7015	1.1e-04	10.3361
8922	-102.5403	-102.5403	-72.3906	0.7060	72.5019	0.7082	1.1e-04	10.3619
8923	-102.5696	-102.5696	-72.0720	0.7027	72.8747	0.7115	1.1e-04	10.3456
8924	-102.5590	-102.5590	-71.5840	0.6980	73.3535	0.7161	1.1e-04	10.3416
8925	-102.5323	-102.5323	-71.9012	0.7013	72.9992	0.7129	1.1e-04	10.3259
8926	-102.5766	-102.5766	-71.3636	0.6957	73.5384	0.7180	1.1e-04	10.3282
8927	-102.5566	-102.5566	-71.8193	0.7003	73.1032	0.7139	1.1e-04	10.3537
8928	-102.5854	-102.5854	-72.5039	0.7068	72.4603	0.7073	1.1e-04	10.3508
8929	-102.4777	-102.4777	-71.9332	0.7019	72.9217	0.7121	1.1e-04	10.3472
8930	-102.5080	-102.5080	-72.8964	0.7111	71.9798	0.7030	1.1e-04	10.3571
8931	-102.5199	-102.5200	-71.2677	0.6952	73.5904	0.7185	1.1e-04	10.3229
8932	-102.5591	-102.5591	-72.2101	0.7041	72.7456	0.7101	1.1e-04	10.3470
8933	-102.5742	-102.5742	-72.0430	0.7023	72.8914	0.7117	1.1e-04	10.3503
8934	-102.5441	-102.5441	-71.9812	0.7020	72.9277	0.7121	1.1e-04	10.3495
8935	-102.5412	-102.5412	-72.8100	0.7101	72.1102	0.7040	1.1e-04	10.3532
8936	-102.4945	-102.4945	-71.6725	0.6993	73.1744	0.7148	1.1e-04	10.3411
8937	-102.5666	-102.5666	-72.3491	0.7054	72.5683	0.7086	1.1e-04	10.3253
8938	-102.5376	-102.5376	-73.3438	0.7153	71.5476	0.6988	1.1e-04	10.3376
8939	-102.5576	-102.5576	-72.8136	0.7100	72.1102	0.7040	1.1e-04	10.3499
8940	-102.5704	-102.5704	-72.2077	0.7040	72.7501	0.7102	1.1e-04	10.3385
8941	-102.5580	-102.5580	-72.7628	0.7095	72.1685	0.7046	1.1e-04	10.3426
8942	-102.5932	-102.5932	-72.7248	0.7089	72.2483	0.7053	1.1e-04	10.3540
8943	-102.5503	-102.5503	-73.5966	0.7177	71.3214	0.6964	1.1e-04	10.3264
8944	-102.5299	-102.5299	-72.4005	0.7061	72.4869	0.7080	1.1e-04	10.3332
8945	-102.5276	-102.5276	-72.9534	0.7115	71.9291	0.7026	1.1e-04	10.3522
8946	-102.5238	-102.5238	-72.5536	0.7077	72.3327	0.7065	1.1e-04	10.3483
8947	-102.5547	-102.5547	-72.9247	0.7111	72.0223	0.7031	1.1e-04	10.3382
8948	-102.5635	-102.5635	-73.1414	0.7131	71.8141	0.7010	1.1e-04	10.3400
8949	-102.5579	-102.5579	-73.1715	0.7135	71.7504	0.7007	1.1e-04	10.3305
8950	-102.5644	-102.5644	-72.9008	0.7108	72.0257	0.7034	1.1e-04	10.3317
8951	-102.5301	-102.5301	-72.3943	0.7061	72.4930	0.7081	1.1e-04	10.3455
8952	-102.5464	-102.5464	-73.4250	0.7160	71.5022	0.6981	1.1e-04	10.3407
8953	-102.5572	-102.5572	-72.5990	0.7079	72.3182	0.7062	1.1e-04	10.3435
8954	-102.5684	-102.5684	-72.6183	0.7080	72.3191	0.7059	1.1e-04	10.3343
8955	-102.6039	-102.6039	-72.7086	0.7086	72.2938	0.7055	1.1e-04	10.3364
8956	-102.5108	-102.5108	-71.4578	0.6971	73.4298	0.7170	1.1e-04	10.3378
8957	-102.5502	-102.5502	-72.4275	0.7063	72.4871	0.7078	1.1e-04	10.3527
8958	-102.5183	-102.5183	-73.1208	0.7132	71.7723	0.7009	1.1e-04	10.3513
8959	-102.5370	-102.5370	-72.7225	0.7092	72.1553	0.7047	1.1e-04	10.3401
8960	-102.5153	-102.5153	-72.5867	0.7081	72.3007	0.7061	1.1e-04	10.3353
8961	-102.5139	-102.5139	-73.2457	0.7145	71.6521	0.6996	1.1e-04	10.3255
8962	-102.5537	-102.5537	-72.6095	0.7080	72.3374	0.7061	1.1e-04	10.3384
8963	-102.5662	-102.5662	-71.8621	0.7006	73.0809	0.7135	1.1e-04	10.3352
8964	-102.5400	-102.5400	-72.3451	0.7055	72.5644	0.7087	1.1e-04	10.3502
8965	-102.5624	-102.5624	-72.2492	0.7044	72.6924	0.7097	1.1e-04	10.3488
8966	-102.5157	-102.5157	-71.8435	0.7008	73.0383	0.7133	1.1e-04	10.3444
8967	-102.5413	-102.5413	-72.0103	0.7023	72.9248	0.7119	1.1e-04	10.3285
8968	-102.5001	-102.5001	-72.7823	0.7101	72.1098	0.7041	1.1e-04	10.3295
8969	-102.5116	-102.5116	-72.2117	0.7044	72.6961	0.7098	1.1e-04	10.3419
8970	-102.5398	-102.5398	-72.5630	0.7077	72.3385	0.7065	1.1e-04	10.3454
8971	-102.5373	-102.5373	-72.0768	0.7029	72.8138	0.7111	1.1e-04	10.3463
8972	-102.5469	-102.5469	-72.0159	0.7023	72.8924	0.7119	1.1e-04	10.3403
8973	-102.5438	-102.5438	-72.4893	0.7069	72.4498	0.7073	1.1e-04	10.3225
8974	-102.5761	-102.5762	-70.5680	0.6880	74.3315	0.7256	1.1e-04	10.3297
8975	-102.5700	-102.5700	-72.0255	0.7022	72.9150	0.7120	1.1e-04	10.3485
8976	-102.5485	-102.5485	-71.2838	0.6951	73.6375	0.7188	1.1e-04	10.3386
8977	-102.5685	-102.5686	-71.4286	0.6964	73.4693	0.7175	1.1e-04	10.3509
8978	-102.5539	-102.5539	-71.3807	0.6960	73.5498	0.7180	1.1e-04	10.3501
8979	-102.5318	-102.5318	-71.8359	0.7006	73.0521	0.7135	1.1e-04	10.3320
8980	-102.5263	-102.5263	-71.8253	0.7006	73.0583	0.7135	1.1e-04	10.3386
8981	-102.5895	-102.5895	-71.0124	0.6922	73.9295	0.7217	1.1e-04	10.3372
8982	-102.5602	-102.5602	-72.0017	0.7020	72.9347	0.7121	1.1e-04	10.3367
8983	-102.5720	-102.5720	-72.6193	0.7080	72.3348	0.7062	1.1e-04	10.3418
8984	-102.5596	-102.5596	-72.0326	0.7023	72.8957	0.7117	1.1e-04	10.3370
8985	-102.5427	-102.5427	-72.8156	0.7101	72.0939	0.7041	1.1e-04	10.3395
8986	-102.5955	-102.5955	-71.4211	0.6961	73.5221	0.7178	1.1e-04	10.3464
8987	-102.5485	-102.5485	-71.6465	0.6987	73.2741	0.7154	1.1e-04	10.3518
8988	-102.5275	-102.5275	-71.5681	0.6980	73.2789	0.7158	1.1e-04	10.3512
8989	-102.5469	-102.5469	-71.9279	0.7014	72.9775	0.7126	1.1e-04	10.3428
8990	-102.5893	-102.5893	-72.0829	0.7026	72.8668	0.7115	1.1e-04	10.3363
8991	-102.5573	-102.5573	-72.4718	0.7066	72.4457	0.7074	1.1e-04	10.3375
8992	-102.5802	-102.5802	-71.9641	0.7015	72.9811	0.7126	1.1e-04	10.3329
8993	-102.5382	-102.5382	-71.9238	0.7014	72.9835	0.7127	1.1e-04	10.3500
8994	-102.5280	-102.5280	-71.3526	0.6959	73.5261	0.7181	1.1e-04	10.3485
8995	-102.5218	-102.5218	-72.7350	0.7095	72.1380	0.7046	1.1e-04	10.3490
8996	-102.5722	-102.5722	-71.6979	0.6990	73.2275	0.7151	1.1e-04	10.3421
8997	-102.5502	-102.5502	-72.0420	0.7025	72.8640	0.7117	1.1e-04	10.3385
8998	-102.5702	-102.5702	-72.2935	0.7048	72.6547	0.7094	1.1e-04	10.3322
8999	-102.5532	-102.5532	-71.7781	0.6999	73.1445	0.7142	1.1e-04	10.3442
9000	-102.5196	-102.5196	-72.4092	0.7063	72.4833	0.7079	1.1e-04	10.3504
9001	-102.5228	-102.5228	-71.5105	0.6975	73.3761	0.7166	1.1e-04	10.3345
9002	-102.5271	-102.5271	-71.5903	0.6983	73.2649	0.7157	1.1e-04	10.3513
9003	-102.5460	-102.5461	-71.0977	0.6933	73.8001	0.7206	1.1e-04	10.3307
9004	-102.5813	-102.5814	-71.3690	0.6957	73.5757	0.7183	1.1e-04	10.3321
9005	-102.5018	-102.5018	-71.5987	0.6985	73.2688	0.7156	1.1e-04	10.3509
9006	-102.5432	-102.5433	-71.1821	0.6942	73.6716	0.7195	1.1e-04	10.3355
9007	-102.5303	-102.5304	-71.0126	0.6926	73.8712	0.7213	1.1e-04	10.3491
9008	-102.5628	-102.5629	-70.8731	0.6910	74.0352	0.7228	1.1e-04	10.3386
9009	-102.5277	-102.5277	-71.5842	0.6982	73.3220	0.7159	1.1e-04	10.3395
9010	-102.5240	-102.5241	-71.1806	0.6943	73.6640	0.7196	1.1e-04	10.3299
9011	-102.5895	-102.5896	-70.8148	0.6903	74.1338	0.7235	1.1e-04	10.3467
9012	-102.5551	-102.5552	-70.7906	0.6903	74.1077	0.7235	1.1e-04	10.3552
9013	-102.5636	-102.5637	-70.7717	0.6900	74.1357	0.7238	1.1e-04	10.3424
9014	-102.5685	-102.5685	-71.7059	0.6991	73.2088	0.7148	1.1e-04	10.3341
9015	-102.5366	-102.5369	-69.9794	0.6825	74.8638	0.7308	1.1e-04	10.3344
9016	-102.5483	-102.5486	-70.0859	0.6834	74.7647	0.7300	1.1e-04	10.3306
9017	-102.5560	-102.5560	-71.3989	0.6962	73.5090	0.7178	1.1e-04	10.3530
9018	-102.5106	-102.5106	-71.6189	0.6986	73.2608	0.7154	1.1e-04	10.3389
9019	-102.5842	-102.5843	-71.2096	0.6942	73.7257	0.7198	1.1e-04	10.3539
9020	-102.5343	-102.5343	-71.5901	0.6982	73.3220	0.7159	1.1e-04	10.3370
9021	-102.5516	-102.5516	-71.5528	0.6977	73.3805	0.7163	1.1e-04	10.3355
9022	-102.4997	-102.4998	-71.4846	0.6974	73.3567	0.7166	1.1e-04	10.3255
9023	-102.5340	-102.5340	-71.9967	0.7022	72.9158	0.7120	1.1e-04	10.3352
9024	-102.5668	-102.5668	-71.5150	0.6973	73.4248	0.7167	1.1e-04	10.3376
9025	-102.5389	-102.5389	-71.2056	0.6944	73.6750	0.7195	1.1e-04	10.3358
9026	-102.5311	-102.5312	-70.9624	0.6921	73.9116	0.7217	1.1e-04	10.3392
9027	-102.5819	-102.5820	-70.8597	0.6908	74.0706	0.7231	1.1e-04	10.3470
9028	-102.5745	-102.5745	-71.4034	0.6961	73.5323	0.7179	1.1e-04	10.3254
9029	-102.5325	-102.5325	-71.9412	0.7016	72.9481	0.7125	1.1e-04	10.3395
9030	-102.5389	-102.5389	-71.5823	0.6981	73.3166	0.7160	1.1e-04	10.3437
9031	-102.5456	-102.5456	-71.8350	0.7005	73.0899	0.7136	1.1e-04	10.3539
9032	-102.5793	-102.5793	-71.9212	0.7011	73.0578	0.7130	1.1e-04	10.3518
9033	-102.5481	-102.5481	-72.1303	0.7034	72.7705	0.7105	1.1e-04	10.3407
9034	-102.5748	-102.5748	-71.8282	0.7003	73.1324	0.7139	1.1e-04	10.3179
9035	-102.5558	-102.5558	-72.3757	0.7057	72.5551	0.7085	1.1e-04	10.3365
9036	-102.5557	-102.5557	-71.4260	0.6965	73.4734	0.7175	1.1e-04	10.3355
9037	-102.5217	-102.5217	-72.4908	0.7071	72.4138	0.7071	1.1e-04	10.3348
9038	-102.5864	-102.5864	-72.1237	0.7031	72.8439	0.7111	1.1e-04	10.3356
9039	-102.5430	-102.5430	-72.1953	0.7040	72.7258	0.7101	1.1e-04	10.3568
9040	-102.5507	-102.5507	-71.6900	0.6991	73.2228	0.7149	1.1e-04	10.3262
9041	-102.5394	-102.5394	-72.8192	0.7102	72.0951	0.7040	1.1e-04	10.3291
9042	-102.5328	-102.5328	-72.6929	0.7090	72.2168	0.7052	1.1e-04	10.3420
9043	-102.5540	-102.5540	-72.4836	0.7068	72.4599	0.7074	1.1e-04	10.3485
9044	-102.5036	-102.5036	-72.9747	0.7119	71.9059	0.7021	1.1e-04	10.3399
9045	-102.5473	-102.5473	-71.9238	0.7014	73.0096	0.7127	1.1e-04	10.3406
9046	-102.5529	-102.5529	-72.7341	0.7092	72.1936	0.7048	1.1e-04	10.3302
9047	-102.5577	-102.5577	-72.8553	0.7104	72.0757	0.7038	1.1e-04	10.3408
9048	-102.5534	-102.5534	-72.0292	0.7024	72.8700	0.7118	1.1e-04	10.3481
9049	-102.5490	-102.5490	-72.3581	0.7056	72.5700	0.7086	1.1e-04	10.3455
9050	-102.5348	-102.5348	-73.1061	0.7130	71.7826	0.7010	1.1e-04	10.3398
9051	-102.5635	-102.5635	-72.7456	0.7093	72.2046	0.7049	1.1e-04	10.3482
9052	-102.5096	-102.5096	-72.0248	0.7026	72.8695	0.7115	1.1e-04	10.3244
9053	-102.5671	-102.5671	-72.1394	0.7033	72.8185	0.7109	1.1e-04	10.3392
9054	-102.5285	-102.5285	-72.4314	0.7065	72.4896	0.7078	1.1e-04	10.3461
9055	-102.5150	-102.5150	-72.0440	0.7028	72.8647	0.7114	1.1e-04	10.3528
9056	-102.5347	-102.5347	-72.1770	0.7039	72.7282	0.7101	1.1e-04	10.3424
9057	-102.5326	-102.5326	-71.7779	0.7001	73.1353	0.7141	1.1e-04	10.3351
9058	-102.5674	-102.5674	-72.1901	0.7038	72.7721	0.7103	1.1e-04	10.3234
9059	-102.6072	-102.6072	-72.2505	0.7041	72.7386	0.7100	1.1e-04	10.3331
9060	-102.6022	-102.6022	-72.5361	0.7070	72.4519	0.7072	1.1e-04	10.3458
9061	-102.5704	-102.5704	-72.1801	0.7037	72.7886	0.7105	1.1e-04	10.3525
9062	-102.5475	-102.5475	-72.5664	0.7076	72.3580	0.7064	1.1e-04	10.3359
9063	-102.5593	-102.5593	-72.3761	0.7057	72.5880	0.7085	1.1e-04	10.3285
9064	-102.5524	-102.5524	-72.1826	0.7039	72.7509	0.7102	1.1e-04	10.3286
9065	-102.5367	-102.5367	-72.5159	0.7072	72.4016	0.7070	1.1e-04	10.3343
9066	-102.5173	-102.5173	-72.6166	0.7083	72.2644	0.7057	1.1e-04	10.3393
9067	-102.5592	-102.5592	-72.7003	0.7089	72.2451	0.7053	1.1e-04	10.3445
9068	-102.5369	-102.5369	-72.3258	0.7054	72.6032	0.7088	1.1e-04	10.3487
9069	-102.5390	-102.5390	-74.0383	0.7221	70.8311	0.6916	1.1e-04	10.3375
9070	-102.5256	-102.5256	-72.4121	0.7063	72.4965	0.7078	1.1e-04	10.3240
9071	-102.5800	-102.5800	-73.1401	0.7130	71.8356	0.7012	1.1e-04	10.3366
9072	-102.5449	-102.5449	-72.8193	0.7101	72.1260	0.7041	1.1e-04	10.3390
9073	-102.5623	-102.5623	-73.5912	0.7175	71.3570	0.6964	1.1e-04	10.3525
9074	-102.5407	-102.5407	-73.0210	0.7121	71.9030	0.7020	1.1e-04	10.3508
9075	-102.5582	-102.5582	-73.8878	0.7204	71.0169	0.6935	1.1e-04	10.3360
9076	-102.4710	-102.4710	-73.8805	0.7210	70.9068	0.6928	1.1e-04	10.3229
9077	-102.5435	-102.5435	-73.8326	0.7200	71.0337	0.6937	1.1e-04	10.3358
9078	-102.5646	-102.5646	-73.6130	0.7177	71.3344	0.6963	1.1e-04	10.3472
9079	-102.5519	-102.5519	-73.8800	0.7204	71.0131	0.6935	1.1e-04	10.3389
9080	-102.4943	-102.4943	-73.7412	0.7195	71.0781	0.6945	1.1e-04	10.3403
9081	-102.5490	-102.5490	-73.8291	0.7199	71.0994	0.6940	1.1e-04	10.3374
9082	-102.5557	-102.5557	-73.6968	0.7186	71.2222	0.6954	1.1e-04	10.3247
9083	-102.5452	-102.5452	-74.1540	0.7231	70.7538	0.6907	1.1e-04	10.3314
9084	-102.5840	-102.5840	-73.2734	0.7143	71.7050	0.6999	1.1e-04	10.3431
9085	-102.5630	-102.5630	-73.6776	0.7184	71.2342	0.6956	1.1e-04	10.3536
9086	-102.5519	-102.5519	-73.9789	0.7214	70.9142	0.6924	1.1e-04	10.3368
9087	-102.5738	-102.5738	-72.5931	0.7077	72.3624	0.7063	1.1e-04	10.3541
9088	-102.5466	-102.5466	-73.4137	0.7159	71.5004	0.6982	1.1e-04	10.3281
9089	-102.5487	-102.5487	-73.0250	0.7121	71.9018	0.7021	1.1e-04	10.3431
9090	-102.5013	-102.5013	-73.7707	0.7197	71.0729	0.6942	1.1e-04	10.3334
9091	-102.5382	-102.5382	-73.0249	0.7122	71.9033	0.7020	1.1e-04	10.3494
9092	-102.5694	-102.5694	-73.0140	0.7118	71.9398	0.7023	1.1e-04	10.3495
9093	-102.5545	-102.5545	-72.6397	0.7083	72.3129	0.7059	1.1e-04	10.3411
9094	-102.5725	-102.5725	-72.9114	0.7108	72.0557	0.7033	1.1e-04	10.3285
9095	-102.5629	-102.5629	-73.3040	0.7147	71.6267	0.6993	1.1e-04	10.3291
9096	-102.5339	-102.5339	-72.7726	0.7097	72.1531	0.7045	1.1e-04	10.3513
9097	-102.5108	-102.5108	-73.0423	0.7125	71.8114	0.7014	1.1e-04	10.3382
9098	-102.5583	-102.5583	-73.0559	0.7123	71.8618	0.7017	1.1e-04	10.3450
9099	-102.5583	-102.5583	-73.1124	0.7129	71.8362	0.7012	1.1e-04	10.3451
9100	-102.5498	-102.5498	-72.3370	0.7054	72.5919	0.7088	1.1e-04	10.3222
9101	-102.5246	-102.5246	-73.4555	0.7165	71.4172	0.6975	1.1e-04	10.3281
9102	-102.5587	-102.5587	-72.2885	0.7049	72.6437	0.7093	1.1e-04	10.3482
9103	-102.5646	-102.5646	-72.8145	0.7099	72.1141	0.7042	1.1e-04	10.3356
9104	-102.5009	-102.5009	-73.7556	0.7196	71.0510	0.6942	1.1e-04	10.3366
9105	-102.5891	-102.5891	-72.1805	0.7036	72.7437	0.7102	1.1e-04	10.3389
9106	-102.5246	-102.5246	-72.1967	0.7042	72.6877	0.7099	1.1e-04	10.3325
9107	-102.5493	-102.5493	-72.4176	0.7062	72.5244	0.7080	1.1e-04	10.3342
9108	-102.5517	-102.5517	-72.5751	0.7077	72.3511	0.7065	1.1e-04	10.3501
9109	-102.5531	-102.5531	-72.1229	0.7033	72.8155	0.7109	1.1e-04	10.3334
9110	-102.5374	-102.5374	-72.6228	0.7083	72.2858	0.7059	1.1e-04	10.3502
9111	-102.5965	-102.5965	-71.7206	0.6991	73.2540	0.7150	1.1e-04	10.3402
9112	-102.5090	-102.5090	-71.8212	0.7006	73.0365	0.7135	1.1e-04	10.3321
9113	-102.5660	-102.5660	-72.4975	0.7068	72.4578	0.7073	1.1e-04	10.3271
9114	-102.5362	-102.5362	-71.9617	0.7018	72.9416	0.7122	1.1e-04	10.3440
9115	-102.5721	-102.5721	-71.4283	0.6964	73.5049	0.7176	1.1e-04	10.3417
9116	-102.5706	-102.5706	-71.3382	0.6955	73.6079	0.7185	1.1e-04	10.3424
9117	-102.5254	-102.5254	-71.4527	0.6969	73.4436	0.7171	1.1e-04	10.3478
9118	-102.5338	-102.5338	-71.0238	0.6927	73.8376	0.7211	1.1e-04	10.3272
9119	-102.5300	-102.5301	-70.8014	0.6905	74.0366	0.7230	1.1e-04	10.3306
9120	-102.5407	-102.5407	-71.0235	0.6926	73.8766	0.7212	1.1e-04	10.3491
9121	-102.5182	-102.5183	-70.8763	0.6914	73.9566	0.7222	1.1e-04	10.3480
9122	-102.5124	-102.5125	-70.8530	0.6912	73.9738	0.7224	1.1e-04	10.3508
9123	-102.5270	-102.5271	-71.0870	0.6933	73.7984	0.7206	1.1e-04	10.3486
9124	-102.5269	-102.5269	-71.5509	0.6979	73.3484	0.7161	1.1e-04	10.3254
9125	-102.5020	-102.5020	-70.8854	0.6916	73.9724	0.7222	1.1e-04	10.3236
9126	-102.5547	-102.5547	-71.0996	0.6933	73.8209	0.7207	1.1e-04	10.3379
9127	-102.5534	-102.5535	-70.6400	0.6888	74.2637	0.7249	1.1e-04	10.3504
9128	-102.5157	-102.5158	-70.7124	0.6898	74.1436	0.7240	1.1e-04	10.3465
9129	-102.5501	-102.5502	-70.8274	0.6907	74.0690	0.7232	1.1e-04	10.3437
9130	-102.5104	-102.5104	-72.3264	0.7056	72.5574	0.7086	1.1e-04	10.3328
9131	-102.5742	-102.5743	-71.0816	0.6930	73.8558	0.7210	1.1e-04	10.3352
9132	-102.5531	-102.5531	-71.7387	0.6995	73.1782	0.7144	1.1e-04	10.3335
9133	-102.5266	-102.5267	-70.8788	0.6913	73.9824	0.7225	1.1e-04	10.3472
9134	-102.5050	-102.5050	-71.3731	0.6963	73.4842	0.7177	1.1e-04	10.3504
9135	-102.5187	-102.5187	-71.0339	0.6929	73.8227	0.7210	1.1e-04	10.3362
9136	-102.5767	-102.5767	-72.0801	0.7027	72.8874	0.7115	1.1e-04	10.3418
9137	-102.5185	-102.5185	-71.0264	0.6928	73.8060	0.7208	1.1e-04	10.3268
9138	-102.5480	-102.5482	-70.5187	0.6877	74.3450	0.7257	1.1e-04	10.3373
9139	-102.5627	-102.5627	-71.3640	0.6958	73.5691	0.7182	1.1e-04	10.3453
9140	-102.5468	-102.5468	-71.8321	0.7005	73.0863	0.7136	1.1e-04	10.3340
9141	-102.5463	-102.5464	-70.8290	0.6907	74.0562	0.7231	1.1e-04	10.3351
9142	-102.5384	-102.5385	-70.5710	0.6882	74.3008	0.7255	1.1e-04	10.3459
9143	-102.5483	-102.5485	-70.5641	0.6881	74.3050	0.7255	1.1e-04	10.3240
9144	-102.5784	-102.5789	-69.5353	0.6779	75.3293	0.7351	1.1e-04	10.3263
9145	-102.5107	-102.5107	-71.5632	0.6981	73.3343	0.7160	1.1e-04	10.3439
9146	-102.5710	-102.5712	-70.2469	0.6849	74.6206	0.7286	1.1e-04	10.3351
9147	-102.5693	-102.5693	-71.4167	0.6963	73.4945	0.7176	1.1e-04	10.3392
9148	-102.5239	-102.5240	-71.2613	0.6951	73.5909	0.7186	1.1e-04	10.3275
9149	-102.5649	-102.5649	-71.5664	0.6978	73.3892	0.7163	1.1e-04	10.3277
9150	-102.5570	-102.5570	-71.3798	0.6960	73.5425	0.7179	1.1e-04	10.3304
9151	-102.5301	-102.5301	-71.4226	0.6966	73.4352	0.7171	1.1e-04	10.3545
9152	-102.5267	-102.5267	-71.3597	0.6960	73.5217	0.7180	1.1e-04	10.3396
9153	-102.5388	-102.5388	-72.0046	0.7022	72.9150	0.7119	1.1e-04	10.3445
9154	-102.5414	-102.5415	-71.5136	0.6974	73.4094	0.7167	1.1e-04	10.3315
9155	-102.5208	-102.5208	-71.9262	0.7016	72.9653	0.7125	1.1e-04	10.3241
9156	-102.5359	-102.5359	-72.9561	0.7115	71.9372	0.7027	1.1e-04	10.3295
9157	-102.5459	-102.5459	-72.1544	0.7036	72.7619	0.7104	1.1e-04	10.3526
9158	-102.5099	-102.5099	-72.0823	0.7032	72.7858	0.7109	1.1e-04	10.3384
9159	-102.5990	-102.5990	-72.7110	0.7087	72.2614	0.7055	1.1e-04	10.3362
9160	-102.5318	-102.5318	-72.4806	0.7069	72.4258	0.7073	1.1e-04	10.3378
9161	-102.5580	-102.5580	-72.1454	0.7035	72.7990	0.7107	1.1e-04	10.3266
9162	-102.5879	-102.5879	-71.7336	0.6992	73.2340	0.7148	1.1e-04	10.3259
9163	-102.5410	-102.5410	-73.1781	0.7136	71.7391	0.7004	1.1e-04	10.3337
9164	-102.5544	-102.5544	-72.5176	0.7071	72.3896	0.7070	1.1e-04	10.3414
9165	-102.5528	-102.5528	-73.0984	0.7128	71.8286	0.7014	1.1e-04	10.3436
9166	-102.5379	-102.5379	-73.1617	0.7135	71.7544	0.7006	1.1e-04	10.3380
9167	-102.5468	-102.5468	-72.7593	0.7095	72.1688	0.7047	1.1e-04	10.3228
9168	-102.5174	-102.5174	-71.7993	0.7004	73.0519	0.7137	1.1e-04	10.3310
9169	-102.5047	-102.5047	-72.1873	0.7042	72.6914	0.7100	1.1e-04	10.3484
9170	-102.5481	-102.5481	-72.3747	0.7058	72.5367	0.7084	1.1e-04	10.3428
9171	-102.5486	-102.5486	-72.5012	0.7070	72.4380	0.7072	1.1e-04	10.3480
9172	-102.5519	-102.5519	-72.2355	0.7044	72.6950	0.7098	1.1e-04	10.3323
9173	-102.5338	-102.5338	-71.7033	0.6993	73.2065	0.7148	1.1e-04	10.3238
9174	-102.5497	-102.5497	-72.4494	0.7065	72.4841	0.7077	1.1e-04	10.3317
9175	-102.5423	-102.5423	-71.8899	0.7011	73.0075	0.7130	1.1e-04	10.3529
9176	-102.5699	-102.5699	-71.5919	0.6980	73.3543	0.7161	1.1e-04	10.3396
9177	-102.5777	-102.5777	-71.4586	0.6966	73.4833	0.7174	1.1e-04	10.3513
9178	-102.5408	-102.5408	-71.1859	0.6942	73.6754	0.7196	1.1e-04	10.3461
9179	-102.5408	-102.5408	-72.5954	0.7080	72.3197	0.7062	1.1e-04	10.3247
9180	-102.5564	-102.5564	-71.4907	0.6971	73.4299	0.7170	1.1e-04	10.3344
9181	-102.5273	-102.5273	-72.1853	0.7041	72.6803	0.7098	1.1e-04	10.3439
9182	-102.5479	-102.5479	-71.5025	0.6973	73.3961	0.7168	1.1e-04	10.3493
9183	-102.5066	-102.5067	-71.2547	0.6951	73.6159	0.7189	1.1e-04	10.3464
9184	-102.6022	-102.6023	-70.7748	0.6898	74.1517	0.7239	1.1e-04	10.3329
9185	-102.5407	-102.5407	-71.2846	0.6952	73.6246	0.7188	1.1e-04	10.3301
9186	-102.5625	-102.5625	-71.0535	0.6928	73.8437	0.7211	1.1e-04	10.3333
9187	-102.5785	-102.5786	-70.9375	0.6915	73.9937	0.7223	1.1e-04	10.3382
9188	-102.5775	-102.5776	-71.0218	0.6924	73.8985	0.7215	1.1e-04	10.3450
9189	-102.5294	-102.5295	-71.3768	0.6962	73.5029	0.7178	1.1e-04	10.3665
9190	-102.5331	-102.5334	-69.9708	0.6824	74.8244	0.7308	1.1e-04	10.3500
9191	-102.4996	-102.4997	-70.7163	0.6899	74.1258	0.7238	1.1e-04	10.3211
9192	-102.5280	-102.5280	-71.3876	0.6963	73.5023	0.7178	1.1e-04	10.3252
9193	-102.5583	-102.5584	-70.4962	0.6874	74.3787	0.7263	1.1e-04	10.3341
9194	-102.5644	-102.5644	-70.8966	0.6912	74.0115	0.7225	1.1e-04	10.3395
9195	-102.5446	-102.5447	-70.4046	0.6866	74.4811	0.7270	1.1e-04	10.3375
9196	-102.5252	-102.5252	-70.8004	0.6906	74.0727	0.7233	1.1e-04	10.3410
9197	-102.5841	-102.5842	-70.9549	0.6917	73.9859	0.7222	1.1e-04	10.3299
9198	-102.5267	-102.5269	-70.1561	0.6843	74.6565	0.7291	1.1e-04	10.3310
9199	-102.5594	-102.5594	-72.3065	0.7050	72.6283	0.7092	1.1e-04	10.3431
9200	-102.5317	-102.5318	-71.2355	0.6948	73.6696	0.7192	1.1e-04	10.3328
9201	-102.5700	-102.5700	-72.2017	0.7039	72.7513	0.7102	1.1e-04	10.3378
9202	-102.5704	-102.5705	-70.8137	0.6904	74.0851	0.7232	1.1e-04	10.3348
9203	-102.5125	-102.5125	-71.3832	0.6963	73.4681	0.7177	1.1e-04	10.3245
9204	-102.5485	-102.5485	-72.3071	0.7051	72.6314	0.7091	1.1e-04	10.3257
9205	-102.5293	-102.5293	-72.3702	0.7058	72.5290	0.7083	1.1e-04	10.3380
9206	-102.5650	-102.5650	-71.2431	0.6946	73.6830	0.7193	1.1e-04	10.3387
9207	-102.5491	-102.5491	-71.3735	0.6960	73.5306	0.7180	1.1e-04	10.3436
9208	-102.5488	-102.5489	-70.9159	0.6915	73.9548	0.7223	1.1e-04	10.3356
9209	-102.5431	-102.5431	-71.4530	0.6968	73.4421	0.7170	1.1e-04	10.3354
9210	-102.5289	-102.5289	-71.8996	0.7013	73.0008	0.7129	1.1e-04	10.3262
9211	-102.5461	-102.5461	-71.2994	0.6953	73.5969	0.7187	1.1e-04	10.3495
9212	-102.5744	-102.5744	-72.1130	0.7030	72.8284	0.7111	1.1e-04	10.3464
9213	-102.5494	-102.5494	-71.8805	0.7009	73.0071	0.7131	1.1e-04	10.3457
9214	-102.4939	-102.4939	-72.1303	0.7038	72.7529	0.7104	1.1e-04	10.3385
9215	-102.5255	-102.5255	-71.7105	0.6994	73.1443	0.7144	1.1e-04	10.3278
9216	-102.5568	-102.5568	-71.1142	0.6934	73.7767	0.7205	1.1e-04	10.3380
9217	-102.5547	-102.5547	-71.0968	0.6933	73.8163	0.7207	1.1e-04	10.3444
9218	-102.5213	-102.5215	-70.5456	0.6881	74.2816	0.7255	1.1e-04	10.3446
9219	-102.5149	-102.5150	-70.8980	0.6916	73.9502	0.7222	1.1e-04	10.3507
9220	-102.5352	-102.5352	-71.0583	0.6930	73.8228	0.7208	1.1e-04	10.3374
9221	-102.5371	-102.5372	-71.4690	0.6970	73.4320	0.7168	1.1e-04	10.3323
9222	-102.5595	-102.5595	-72.2826	0.7048	72.6703	0.7094	1.1e-04	10.3356
9223	-102.5288	-102.5288	-70.9306	0.6918	73.9022	0.7219	1.1e-04	10.3530
9224	-102.5571	-102.5571	-71.2717	0.6949	73.6460	0.7190	1.1e-04	10.3483
9225	-102.5478	-102.5478	-71.0875	0.6932	73.8101	0.7207	1.1e-04	10.3465
9226	-102.5427	-102.5428	-70.8075	0.6905	74.0712	0.7232	1.1e-04	10.3465
9227	-102.4884	-102.4884	-71.3476	0.6962	73.5191	0.7179	1.1e-04	10.3273
9228	-102.5145	-102.5146	-70.5312	0.6880	74.3440	0.7257	1.1e-04	10.3407
9229	-102.5716	-102.5716	-72.2162	0.7041	72.7500	0.7101	1.1e-04	10.3524
9230	-102.5164	-102.5164	-71.0573	0.6931	73.7880	0.7207	1.1e-04	10.3387
9231	-102.5537	-102.5537	-71.4293	0.6965	73.4301	0.7169	1.1e-04	10.3478
9232	-102.5391	-102.5392	-70.7442	0.6899	74.1174	0.7238	1.1e-04	10.3287
9233	-102.5658	-102.5658	-71.9487	0.7015	72.9989	0.7127	1.1e-04	10.3271
9234	-102.5959	-102.5959	-71.6332	0.6982	73.3080	0.7159	1.1e-04	10.3273
9235	-102.5418	-102.5418	-71.1694	0.6941	73.6822	0.7194	1.1e-04	10.3507
9236	-102.5171	-102.5171	-71.7424	0.6998	73.1247	0.7143	1.1e-04	10.3482
9237	-102.5730	-102.5731	-70.7070	0.6893	74.1677	0.7243	1.1e-04	10.3462
9238	-102.5662	-102.5662	-71.6857	0.6989	73.2437	0.7152	1.1e-04	10.3376
9239	-102.5488	-102.5489	-71.0507	0.6928	73.8477	0.7210	1.1e-04	10.3261
9240	-102.5833	-102.5833	-71.4724	0.6967	73.4811	0.7173	1.1e-04	10.3241
9241	-102.5041	-102.5042	-70.9001	0.6917	73.9424	0.7222	1.1e-04	10.3412
9242	-102.5598	-102.5599	-70.6513	0.6889	74.2441	0.7249	1.1e-04	10.3456
9243	-102.5301	-102.5302	-70.5539	0.6881	74.2896	0.7254	1.1e-04	10.3433
9244	-102.5684	-102.5684	-71.3970	0.6961	73.5007	0.7179	1.1e-04	10.3318
9245	-102.5644	-102.5647	-70.1878	0.6843	74.6736	0.7292	1.1e-04	10.3327
9246	-102.5533	-102.5536	-70.2638	0.6851	74.5834	0.7283	1.1e-04	10.3241
9247	-102.5530	-102.5531	-70.9048	0.6914	74.0001	0.7224	1.1e-04	10.3470
9248	-102.5559	-102.5560	-70.9053	0.6914	74.0041	0.7224	1.1e-04	10.3486
9249	-102.5405	-102.5405	-71.4272	0.6966	73.4879	0.7175	1.1e-04	10.3410
9250	-102.5563	-102.5563	-71.3431	0.6956	73.5469	0.7181	1.1e-04	10.3415
9251	-102.5773	-102.5773	-71.2509	0.6946	73.6948	0.7194	1.1e-04	10.3392
9252	-102.5106	-102.5107	-70.9452	0.6921	73.9262	0.7218	1.1e-04	10.3227
9253	-102.5117	-102.5117	-71.5960	0.6984	73.2840	0.7157	1.1e-04	10.3233
9254	-102.4977	-102.4977	-71.6852	0.6994	73.1670	0.7147	1.1e-04	10.3484
9255	-102.5309	-102.5310	-70.8356	0.6909	74.0325	0.7230	1.1e-04	10.3469
9256	-102.5277	-102.5278	-70.3557	0.6862	74.4784	0.7273	1.1e-04	10.3471
9257	-102.5316	-102.5316	-71.6751	0.6991	73.2340	0.7150	1.1e-04	10.3366
9258	-102.4756	-102.4756	-71.2210	0.6950	73.5849	0.7190	1.1e-04	10.3201
9259	-102.5534	-102.5534	-71.3849	0.6961	73.5177	0.7180	1.1e-04	10.3402
9260	-102.5576	-102.5576	-71.8107	0.7002	73.1053	0.7138	1.1e-04	10.3457
9261	-102.5131	-102.5131	-71.2296	0.6948	73.6318	0.7192	1.1e-04	10.3475
9262	-102.5028	-102.5028	-71.3653	0.6962	73.4715	0.7177	1.1e-04	10.3324
9263	-102.5208	-102.5208	-71.5655	0.6981	73.3120	0.7159	1.1e-04	10.3404
9264	-102.5540	-102.5540	-71.7893	0.7000	73.1051	0.7141	1.1e-04	10.3247
9265	-102.5053	-102.5053	-71.6770	0.6993	73.2031	0.7149	1.1e-04	10.3271
9266	-102.5513	-102.5513	-71.3445	0.6957	73.5394	0.7183	1.1e-04	10.3354
9267	-102.5321	-102.5323	-70.2951	0.6856	74.5373	0.7280	1.1e-04	10.3539
9268	-102.4814	-102.4815	-70.4765	0.6877	74.3274	0.7260	1.1e-04	10.3401
9269	-102.5381	-102.5386	-69.4261	0.6771	75.3706	0.7359	1.1e-04	10.3381
9270	-102.5639	-102.5644	-69.5517	0.6781	75.2407	0.7347	1.1e-04	10.3284
9271	-102.5272	-102.5274	-70.2936	0.6856	74.5434	0.7280	1.1e-04	10.3404
9272	-102.5298	-102.5301	-69.9770	0.6825	74.8461	0.7309	1.1e-04	10.3520
9273	-102.5690	-102.5693	-69.9118	0.6816	74.9369	0.7316	1.1e-04	10.3392
9274	-102.5502	-102.5505	-69.9944	0.6825	74.8295	0.7307	1.1e-04	10.3419
9275	-102.5204	-102.5207	-70.1466	0.6842	74.6797	0.7293	1.1e-04	10.3463
9276	-102.5315	-102.5318	-70.0758	0.6835	74.7405	0.7299	1.1e-04	10.3280
9277	-102.5435	-102.5437	-70.4040	0.6866	74.4553	0.7271	1.1e-04	10.3400
9278	-102.5532	-102.5534	-70.2167	0.6847	74.6383	0.7288	1.1e-04	10.3352
9279	-102.5559	-102.5561	-70.3327	0.6858	74.5401	0.7278	1.1e-04	10.3371
9280	-102.5453	-102.5455	-70.6090	0.6886	74.2502	0.7252	1.1e-04	10.3361
9281	-102.5581	-102.5584	-70.0183	0.6827	74.8178	0.7306	1.1e-04	10.3397
9282	-102.5592	-102.5597	-69.5890	0.6785	75.2403	0.7346	1.1e-04	10.3214
9283	-102.5571	-102.5573	-70.5278	0.6877	74.3685	0.7258	1.1e-04	10.3408
9284	-102.5603	-102.5603	-71.6514	0.6986	73.2942	0.7155	1.1e-04	10.3340
9285	-102.5319	-102.5320	-70.6512	0.6891	74.1927	0.7247	1.0e-04	10.3457
9286	-102.5370	-102.5370	-70.8650	0.6911	73.9987	0.7227	1.0e-04	10.3490
9287	-102.5612	-102.5614	-70.3227	0.6857	74.5359	0.7276	1.0e-04	10.3440
9288	-102.5296	-102.5296	-71.4971	0.6973	73.3740	0.7167	1.0e-04	10.3239
9289	-102.5749	-102.5750	-71.1935	0.6941	73.7142	0.7198	1.0e-04	10.3391
9290	-102.5388	-102.5389	-71.1825	0.6942	73.7027	0.7198	1.0e-04	10.3386
9291	-102.5370	-102.5371	-71.1617	0.6940	73.7269	0.7200	1.0e-04	10.3439
9292	-102.5552	-102.5554	-70.3522	0.6860	74.5440	0.7276	1.0e-04	10.3486
9293	-102.5252	-102.5252	-71.4229	0.6966	73.4853	0.7174	1.0e-04	10.3418
9294	-102.5242	-102.5243	-70.8684	0.6912	73.9721	0.7224	1.0e-04	10.3250
9295	-102.5333	-102.5333	-71.8885	0.7011	72.9988	0.7130	1.0e-04	10.3314
9296	-102.5703	-102.5705	-70.4741	0.6871	74.4200	0.7266	1.0e-04	10.3579
9297	-102.5479	-102.5480	-70.9275	0.6917	73.9609	0.7221	1.0e-04	10.3335
9298	-102.5283	-102.5283	-71.1445	0.6939	73.7400	0.7201	1.0e-04	10.3337
9299	-102.5241	-102.5241	-71.6804	0.6992	73.2009	0.7150	1.0e-04	10.3467
9300	-102.5845	-102.5845	-71.4450	0.6965	73.4896	0.7174	1.0e-04	10.3254
9301	-102.5491	-102.5491	-71.5302	0.6975	73.3689	0.7165	1.0e-04	10.3365
9302	-102.5472	-102.5473	-71.0701	0.6930	73.8258	0.7209	1.0e-04	10.3454
9303	-102.5028	-102.5029	-71.1461	0.6941	73.6779	0.7198	1.0e-04	10.3484
9304	-102.5591	-102.5592	-71.0393	0.6927	73.8641	0.7212	1.0e-04	10.3470
9305	-102.5598	-102.5599	-70.5359	0.6878	74.3520	0.7259	1.0e-04	10.3353
9306	-102.5668	-102.5668	-72.1540	0.7035	72.8175	0.7107	1.0e-04	10.3257
9307	-102.5312	-102.5313	-70.9816	0.6923	73.9068	0.7216	1.0e-04	10.3328
9308	-102.5579	-102.5579	-71.4724	0.6969	73.4514	0.7172	1.0e-04	10.3521
9309	-102.4941	-102.4941	-71.7990	0.7005	73.0575	0.7136	1.0e-04	10.3398
9310	-102.5623	-102.5623	-72.3553	0.7055	72.5613	0.7085	1.0e-04	10.3348
9311	-102.5381	-102.5381	-72.0902	0.7031	72.8222	0.7111	1.0e-04	10.3374
9312	-102.5869	-102.5869	-71.1559	0.6936	73.7923	0.7203	1.0e-04	10.3290
9313	-102.5561	-102.5562	-71.3614	0.6958	73.5629	0.7182	1.0e-04	10.3264
9314	-102.5679	-102.5679	-72.0392	0.7024	72.8963	0.7118	1.0e-04	10.3391
9315	-102.5622	-102.5622	-72.1939	0.7039	72.7428	0.7102	1.0e-04	10.3385
9316	-102.5915	-102.5915	-71.8355	0.7002	73.1366	0.7139	1.0e-04	10.3384
9317	-102.5610	-102.5610	-72.6485	0.7083	72.2790	0.7057	1.0e-04	10.3477
9318	-102.5283	-102.5283	-72.0089	0.7023	72.8770	0.7116	1.0e-04	10.3275
9319	-102.4860	-102.4860	-71.8280	0.7009	73.0084	0.7133	1.0e-04	10.3261
9320	-102.5565	-102.5565	-72.6043	0.7079	72.3135	0.7062	1.0e-04	10.3393
9321	-102.5632	-102.5632	-72.1153	0.7031	72.8227	0.7110	1.0e-04	10.3366
9322	-102.5639	-102.5639	-72.6094	0.7079	72.3226	0.7062	1.0e-04	10.3348
9323	-102.5280	-102.5280	-72.5147	0.7073	72.3904	0.7069	1.0e-04	10.3401
9324	-102.6218	-102.6218	-71.9437	0.7011	73.0487	0.7131	1.0e-04	10.3297
9325	-102.6004	-102.6004	-72.3623	0.7053	72.6227	0.7088	1.0e-04	10.3240
9326	-102.5436	-102.5436	-72.4977	0.7070	72.4207	0.7072	1.0e-04	10.3505
9327	-102.5373	-102.5373	-72.7210	0.7092	72.1833	0.7050	1.0e-04	10.3323
9328	-102.5311	-102.5311	-71.5059	0.6974	73.3822	0.7167	1.0e-04	10.3331
9329	-102.5107	-102.5107	-72.2890	0.7052	72.6152	0.7090	1.0e-04	10.3358
9330	-102.5651	-102.5651	-72.7287	0.7091	72.2312	0.7051	1.0e-04	10.3205
9331	-102.5700	-102.5700	-72.4440	0.7063	72.4968	0.7078	1.0e-04	10.3285
9332	-102.5157	-102.5157	-72.9250	0.7114	71.9758	0.7028	1.0e-04	10.3538
9333	-102.5845	-102.5845	-71.6821	0.6988	73.2055	0.7147	1.0e-04	10.3382
9334	-102.5484	-102.5484	-72.4702	0.7067	72.4503	0.7073	1.0e-04	10.3422
9335	-102.5748	-102.5748	-72.1306	0.7032	72.8243	0.7109	1.0e-04	10.3492
9336	-102.5440	-102.5440	-73.5978	0.7177	71.3135	0.6963	1.0e-04	10.3462
9337	-102.5119	-102.5119	-73.1674	0.7137	71.6602	0.7002	1.0e-04	10.3251
9338	-102.5056	-102.5056	-71.8003	0.7005	73.0526	0.7137	1.0e-04	10.3483
9339	-102.5179	-102.5179	-72.7160	0.7093	72.1830	0.7049	1.0e-04	10.3352
9340	-102.5000	-102.5000	-72.5691	0.7080	72.3078	0.7062	1.0e-04	10.3428
9341	-102.5512	-102.5512	-72.4526	0.7065	72.4829	0.7077	1.0e-04	10.3534
9342	-102.5156	-102.5156	-71.5133	0.6976	73.3152	0.7159	1.0e-04	10.3350
9343	-102.5390	-102.5390	-72.0359	0.7025	72.8812	0.7117	1.0e-04	10.3218
9344	-102.5710	-102.5710	-71.7148	0.6992	73.2197	0.7150	1.0e-04	10.3380
9345	-102.5268	-102.5268	-71.9087	0.7014	72.9831	0.7127	1.0e-04	10.3425
9346	-102.5668	-102.5668	-71.9212	0.7012	73.0074	0.7128	1.0e-04	10.3493
9347	-102.5449	-102.5449	-71.3078	0.6954	73.5939	0.7186	1.0e-04	10.3363
9348	-102.5519	-102.5519	-72.5737	0.7077	72.3785	0.7065	1.0e-04	10.3241
9349	-102.5366	-102.5366	-72.6995	0.7090	72.2187	0.7052	1.0e-04	10.3242
9350	-102.5280	-102.5280	-72.3843	0.7060	72.5429	0.7082	1.0e-04	10.3316
9351	-102.5506	-102.5506	-71.8500	0.7006	73.0765	0.7135	1.0e-04	10.3384
9352	-102.5693	-102.5693	-71.7302	0.6993	73.2000	0.7148	1.0e-04	10.3498
9353	-102.5380	-102.5380	-72.0659	0.7028	72.7651	0.7105	1.0e-04	10.3306
9354	-102.5568	-102.5568	-71.8615	0.7007	73.0724	0.7133	1.0e-04	10.3346
9355	-102.5115	-102.5115	-72.9073	0.7112	71.9924	0.7029	1.0e-04	10.3238
9356	-102.5203	-102.5203	-72.4154	0.7064	72.5022	0.7078	1.0e-04	10.3434
9357	-102.5183	-102.5183	-73.5451	0.7174	71.3142	0.6966	1.0e-04	10.3532
9358	-102.5418	-102.5418	-72.4891	0.7069	72.4276	0.7072	1.0e-04	10.3381
9359	-102.5240	-102.5240	-72.5048	0.7072	72.3829	0.7070	1.0e-04	10.3377
9360	-102.5454	-102.5454	-73.1770	0.7136	71.7430	0.7005	1.0e-04	10.3382
9361	-102.5621	-102.5621	-72.1367	0.7033	72.8099	0.7108	1.0e-04	10.3233
9362	-102.5485	-102.5485	-72.5520	0.7075	72.3539	0.7067	1.0e-04	10.3301
9363	-102.5740	-102.5740	-72.1394	0.7033	72.8190	0.7109	1.0e-04	10.3512
9364	-102.5180	-102.5180	-72.6098	0.7083	72.2980	0.7059	1.0e-04	10.3473
9365	-102.5698	-102.5698	-71.4559	0.6967	73.4910	0.7174	1.0e-04	10.3480
9366	-102.5135	-102.5135	-72.0642	0.7030	72.8227	0.7112	1.0e-04	10.3535
9367	-102.5759	-102.5759	-72.2605	0.7045	72.6746	0.7097	1.0e-04	10.3184
9368	-102.5657	-102.5657	-71.5760	0.6979	73.3317	0.7159	1.0e-04	10.3249
9369	-102.5579	-102.5579	-72.3029	0.7050	72.6305	0.7091	1.0e-04	10.3327
9370	-102.5580	-102.5580	-71.9658	0.7017	72.9785	0.7125	1.0e-04	10.3449
9371	-102.5254	-102.5254	-72.4874	0.7070	72.3856	0.7069	1.0e-04	10.3364
9372	-102.5657	-102.5657	-72.3969	0.7059	72.5571	0.7082	1.0e-04	10.3481
9373	-102.5086	-102.5086	-72.3634	0.7059	72.5223	0.7082	1.0e-04	10.3316
9374	-102.5674	-102.5674	-72.7609	0.7094	72.1646	0.7046	1.0e-04	10.3336
9375	-102.5358	-102.5358	-72.3753	0.7059	72.5181	0.7082	1.0e-04	10.3466
9376	-102.5353	-102.5353	-73.3168	0.7150	71.5835	0.6991	1.0e-04	10.3495
9377	-102.5511	-102.5511	-71.7728	0.6999	73.1370	0.7141	1.0e-04	10.3410
9378	-102.5503	-102.5503	-71.6887	0.6991	73.2234	0.7150	1.0e-04	10.3376
9379	-102.5140	-102.5140	-71.5719	0.6982	73.3184	0.7159	1.0e-04	10.3240
9380	-102.5640	-102.5640	-71.9430	0.7014	72.9993	0.7127	1.0e-04	10.3359
9381	-102.5728	-102.5728	-72.4870	0.7067	72.4703	0.7075	1.0e-04	10.3396
9382	-102.5508	-102.5508	-72.2584	0.7046	72.7051	0.7096	1.0e-04	10.3457
9383	-102.5361	-102.5361	-72.5837	0.7079	72.3342	0.7063	1.0e-04	10.3530
9384	-102.5155	-102.5155	-72.5901	0.7081	72.3163	0.7061	1.0e-04	10.3384
9385	-102.5458	-102.5458	-72.9980	0.7119	71.9195	0.7023	1.0e-04	10.3314
9386	-102.5203	-102.5203	-71.5515	0.6979	73.3369	0.7162	1.0e-04	10.3377
9387	-102.5928	-102.5928	-72.9724	0.7113	72.0073	0.7029	1.0e-04	10.3351
9388	-102.5587	-102.5587	-72.6978	0.7088	72.2336	0.7054	1.0e-04	10.3380
9389	-102.5645	-102.5645	-71.4433	0.6966	73.4849	0.7175	1.0e-04	10.3355
9390	-102.5250	-102.5250	-71.8189	0.7005	73.0714	0.7135	1.0e-04	10.3352
9391	-102.5837	-102.5837	-72.0615	0.7025	72.9031	0.7116	1.0e-04	10.3235
9392	-102.5587	-102.5587	-70.9674	0.6920	73.9367	0.7219	1.0e-04	10.3374
9393	-102.5358	-102.5358	-71.9601	0.7018	72.9400	0.7123	1.0e-04	10.3530
9394	-102.4876	-102.4876	-70.9939	0.6927	73.8330	0.7212	1.0e-04	10.3474
9395	-102.5693	-102.5693	-71.7336	0.6994	73.1687	0.7144	1.0e-04	10.3420
9396	-102.5690	-102.5690	-71.1420	0.6936	73.7928	0.7203	1.0e-04	10.3365
9397	-102.5539	-102.5540	-70.5906	0.6883	74.3039	0.7254	1.0e-04	10.3260
9398	-102.5496	-102.5496	-71.9005	0.7011	73.0263	0.7130	1.0e-04	10.3258
9399	-102.5317	-102.5317	-71.1078	0.6935	73.7888	0.7204	1.0e-04	10.3499
9400	-102.5562	-102.5562	-71.2602	0.6948	73.6368	0.7189	1.0e-04	10.3386
9401	-102.5225	-102.5226	-70.5517	0.6882	74.3202	0.7255	1.0e-04	10.3464
9402	-102.5486	-102.5488	-70.3538	0.6861	74.5139	0.7276	1.0e-04	10.3260
9403	-102.5755	-102.5755	-71.2550	0.6947	73.6953	0.7193	1.0e-04	10.3278
9404	-102.5696	-102.5698	-70.6804	0.6891	74.2360	0.7246	1.0e-04	10.3255
9405	-102.5302	-102.5302	-71.8897	0.7012	73.0045	0.7130	1.0e-04	10.3404
9406	-102.5708	-102.5708	-71.9639	0.7016	72.9983	0.7126	1.0e-04	10.3340
9407	-102.5383	-102.5384	-70.9283	0.6917	73.9738	0.7221	1.0e-04	10.3500
9408	-102.5312	-102.5313	-70.8750	0.6913	73.9998	0.7226	1.0e-04	10.3288
9409	-102.5370	-102.5371	-70.9360	0.6918	73.9389	0.7221	1.0e-04	10.3205
9410	-102.6036	-102.6036	-71.5536	0.6974	73.4123	0.7167	1.0e-04	10.3289
9411	-102.5368	-102.5368	-72.7661	0.7097	72.1658	0.7045	1.0e-04	10.3437
9412	-102.5451	-102.5451	-71.2573	0.6949	73.6430	0.7191	1.0e-04	10.3493
9413	-102.5365	-102.5365	-72.4765	0.7068	72.4565	0.7074	1.0e-04	10.3388
9414	-102.5239	-102.5240	-70.8561	0.6911	74.0437	0.7227	1.0e-04	10.3255
9415	-102.5423	-102.5423	-72.2776	0.7049	72.6180	0.7090	1.0e-04	10.3218
9416	-102.5677	-102.5677	-71.5290	0.6974	73.4350	0.7167	1.0e-04	10.3305
9417	-102.5761	-102.5762	-71.0924	0.6931	73.8416	0.7207	1.0e-04	10.3498
9418	-102.5581	-102.5581	-72.6292	0.7082	72.3171	0.7059	1.0e-04	10.3498
9419	-102.5965	-102.5965	-72.4816	0.7065	72.5046	0.7077	1.0e-04	10.3380
9420	-102.5564	-102.5564	-72.4781	0.7067	72.4684	0.7074	1.0e-04	10.3366
9421	-102.5369	-102.5369	-72.7403	0.7094	72.1615	0.7047	1.0e-04	10.3251
9422	-102.5178	-102.5178	-71.4917	0.6974	73.3974	0.7167	1.0e-04	10.3224
9423	-102.5331	-102.5331	-73.1333	0.7133	71.8082	0.7009	1.0e-04	10.3511
9424	-102.5298	-102.5298	-73.1132	0.7131	71.7884	0.7011	1.0e-04	10.3353
9425	-102.5391	-102.5391	-72.1572	0.7037	72.7691	0.7105	1.0e-04	10.3413
9426	-102.5501	-102.5501	-72.9657	0.7115	71.9872	0.7027	1.0e-04	10.3375
9427	-102.5588	-102.5588	-72.7164	0.7090	72.2224	0.7052	1.0e-04	10.3289
9428	-102.5198	-102.5198	-73.4975	0.7169	71.3673	0.6970	1.0e-04	10.3348
9429	-102.5335	-102.5335	-73.8219	0.7200	71.0614	0.6939	1.0e-04	10.3516
9430	-102.5332	-102.5332	-72.5003	0.7071	72.4265	0.7071	1.0e-04	10.3466
9431	-102.5476	-102.5476	-72.5248	0.7072	72.3686	0.7065	1.0e-04	10.3449
9432	-102.4921	-102.4921	-72.4655	0.7070	72.4059	0.7072	1.0e-04	10.3364
9433	-102.5544	-102.5544	-72.4501	0.7065	72.4850	0.7078	1.0e-04	10.3247
9434	-102.5449	-102.5449	-72.7169	0.7091	72.2095	0.7050	1.0e-04	10.3227
9435	-102.5597	-102.5597	-72.6176	0.7081	72.3320	0.7062	1.0e-04	10.3370
9436	-102.5823	-102.5823	-72.1760	0.7036	72.7959	0.7106	1.0e-04	10.3401
9437	-102.5441	-102.5441	-72.4574	0.7066	72.4682	0.7075	1.0e-04	10.3418
9438	-102.5403	-102.5403	-71.7944	0.7002	73.1471	0.7140	1.0e-04	10.3466
9439	-102.5689	-102.5689	-72.1766	0.7037	72.7912	0.7105	1.0e-04	10.3292
9440	-102.5647	-102.5647	-71.7182	0.6992	73.2549	0.7149	1.0e-04	10.3279
9441	-102.5338	-102.5338	-72.2047	0.7042	72.7078	0.7098	1.0e-04	10.3472
9442	-102.5677	-102.5677	-71.6269	0.6983	73.3135	0.7158	1.0e-04	10.3541
9443	-102.5469	-102.5469	-71.8775	0.7009	73.0544	0.7132	1.0e-04	10.3503
9444	-102.5017	-102.5017	-71.3692	0.6963	73.4884	0.7177	1.0e-04	10.3376
9445	-102.5791	-102.5791	-72.4515	0.7063	72.4994	0.7076	1.0e-04	10.3285
9446	-102.4943	-102.4944	-71.3544	0.6962	73.4981	0.7178	1.0e-04	10.3265
9447	-102.5925	-102.5925	-71.6759	0.6986	73.2962	0.7155	1.0e-04	10.3430
9448	-102.5284	-102.5285	-71.0863	0.6933	73.7861	0.7204	1.0e-04	10.3426
9449	-102.5685	-102.5685	-71.3349	0.6955	73.6254	0.7185	1.0e-04	10.3392
9450	-102.5610	-102.5610	-72.5232	0.7071	72.4397	0.7071	1.0e-04	10.3563
9451	-102.4981	-102.4981	-71.8432	0.7009	72.9989	0.7131	1.0e-04	10.3236
9452	-102.5509	-102.5509	-71.0039	0.6924	73.8947	0.7214	1.0e-04	10.3185
9453	-102.5387	-102.5387	-71.1627	0.6940	73.7565	0.7200	1.0e-04	10.3353
9454	-102.5355	-102.5355	-71.3429	0.6958	73.5450	0.7181	1.0e-04	10.3398
9455	-102.5449	-102.5449	-72.0798	0.7029	72.8358	0.7113	1.0e-04	10.3365
9456	-102.5526	-102.5526	-71.5365	0.6976	73.3975	0.7165	1.0e-04	10.3354
9457	-102.5380	-102.5380	-71.1338	0.6937	73.7622	0.7202	1.0e-04	10.3406
9458	-102.5419	-102.5419	-71.1979	0.6943	73.7105	0.7196	1.0e-04	10.3217
9459	-102.5526	-102.5526	-71.1518	0.6938	73.7878	0.7201	1.0e-04	10.3415
9460	-102.5024	-102.5025	-71.3549	0.6961	73.5255	0.7179	1.0e-04	10.3347
9461	-102.5690	-102.5691	-70.8244	0.6905	74.0828	0.7233	1.0e-04	10.3359
9462	-102.5565	-102.5567	-70.4905	0.6873	74.3979	0.7262	1.0e-04	10.3361
9463	-102.5250	-102.5250	-71.2869	0.6953	73.6131	0.7187	1.0e-04	10.3292
9464	-102.5747	-102.5747	-71.9394	0.7013	73.0521	0.7128	1.0e-04	10.3323
9465	-102.5906	-102.5907	-70.8868	0.6910	74.0465	0.7227	1.0e-04	10.3497
9466	-102.6008	-102.6008	-71.3066	0.6950	73.6557	0.7190	1.0e-04	10.3463
9467	-102.5288	-102.5288	-71.3320	0.6957	73.5553	0.7181	1.0e-04	10.3385
9468	-102.5452	-102.5452	-71.6152	0.6984	73.3093	0.7157	1.0e-04	10.3490
9469	-102.5482	-102.5482	-71.7460	0.6996	73.1842	0.7145	1.0e-04	10.3410
9470	-102.5097	-102.5097	-71.1387	0.6940	73.7429	0.7200	1.0e-04	10.3242
9471	-102.5073	-102.5073	-71.6949	0.6994	73.1762	0.7147	1.0e-04	10.3486
9472	-102.5390	-102.5390	-71.1405	0.6938	73.7711	0.7201	1.0e-04	10.3372
9473	-102.5429	-102.5429	-71.6526	0.6988	73.3044	0.7153	1.0e-04	10.3437
9474	-102.5570	-102.5570	-72.3678	0.7056	72.5553	0.7084	1.0e-04	10.3501
9475	-102.5518	-102.5518	-71.5429	0.6976	73.3699	0.7162	1.0e-04	10.3419
9476	-102.5389	-102.5389	-72.9910	0.7118	71.9319	0.7023	1.0e-04	10.3225
9477	-102.5402	-102.5402	-72.5920	0.7079	72.3271	0.7062	1.0e-04	10.3335
9478	-102.5281	-102.5281	-72.4393	0.7065	72.4645	0.7075	1.0e-04	10.3332
9479	-102.5078	-102.5078	-72.9480	0.7116	71.9523	0.7025	1.0e-04	10.3393
9480	-102.5268	-102.5268	-72.4008	0.7062	72.5182	0.7080	1.0e-04	10.3477
9481	-102.5536	-102.5536	-72.2182	0.7042	72.7159	0.7097	1.0e-04	10.3264
9482	-102.5397	-102.5397	-72.1682	0.7038	72.7587	0.7102	1.0e-04	10.3291
9483	-102.5882	-102.5882	-72.7100	0.7088	72.2817	0.7054	1.0e-04	10.3389
9484	-102.5916	-102.5916	-72.0365	0.7022	72.9377	0.7119	1.0e-04	10.3519
9485	-102.5315	-102.5315	-71.2499	0.6949	73.6511	0.7190	1.0e-04	10.3416
9486	-102.5171	-102.5171	-72.5887	0.7081	72.3056	0.7059	1.0e-04	10.3463
9487	-102.5419	-102.5419	-73.2216	0.7141	71.7069	0.7001	1.0e-04	10.3394
9488	-102.5309	-102.5309	-73.1568	0.7135	71.7704	0.7006	1.0e-04	10.3238
9489	-102.5108	-102.5108	-72.3173	0.7055	72.5356	0.7081	1.0e-04	10.3343
9490	-102.5252	-102.5252	-72.7517	0.7096	72.1264	0.7042	1.0e-04	10.3300
9491	-102.5505	-102.5505	-72.4484	0.7065	72.4761	0.7077	1.0e-04	10.3504
9492	-102.5572	-102.5572	-72.4139	0.7061	72.5671	0.7081	1.0e-04	10.3391
9493	-102.5597	-102.5597	-73.1465	0.7132	71.7855	0.7007	1.0e-04	10.3516
9494	-102.5528	-102.5528	-71.8901	0.7010	73.0464	0.7131	1.0e-04	10.3189
9495	-102.5542	-102.5542	-72.5496	0.7074	72.4090	0.7068	1.0e-04	10.3375
9496	-102.5555	-102.5555	-72.9621	0.7114	72.0057	0.7027	1.0e-04	10.3515
9497	-102.5638	-102.5638	-73.0142	0.7119	71.9516	0.7022	1.0e-04	10.3415
9498	-102.5484	-102.5484	-71.6062	0.6983	73.3136	0.7158	1.0e-04	10.3432
9499	-102.5666	-102.5666	-72.2202	0.7041	72.7338	0.7098	1.0e-04	10.3252
9500	-102.5400	-102.5400	-72.9577	0.7115	71.9912	0.7026	1.0e-04	10.3260
9501	-102.5708	-102.5708	-72.8335	0.7101	72.1234	0.7039	1.0e-04	10.3458
9502	-102.5161	-102.5161	-72.2682	0.7049	72.6281	0.7092	1.0e-04	10.3432
9503	-102.5536	-102.5536	-72.3579	0.7056	72.5938	0.7086	1.0e-04	10.3480
9504	-102.5587	-102.5587	-71.7725	0.6998	73.1692	0.7143	1.0e-04	10.3347
9505	-102.5463	-102.5463	-71.7951	0.7001	73.1689	0.7140	1.0e-04	10.3410
9506	-102.4923	-102.4923	-71.9555	0.7021	72.9443	0.7121	1.0e-04	10.3229
9507	-102.5437	-102.5437	-73.7611	0.7193	71.1592	0.6947	1.0e-04	10.3412
9508	-102.5300	-102.5300	-72.7851	0.7099	72.0885	0.7040	1.0e-04	10.3491
9509	-102.5903	-102.5903	-72.6054	0.7077	72.3739	0.7065	1.0e-04	10.3424
9510	-102.5313	-102.5313	-73.3422	0.7153	71.5626	0.6988	1.0e-04	10.3568
9511	-102.5213	-102.5213	-73.8177	0.7200	71.0757	0.6939	1.0e-04	10.3268
9512	-102.5690	-102.5690	-72.7292	0.7091	72.2351	0.7051	1.0e-04	10.3246
9513	-102.5872	-102.5872	-73.3251	0.7148	71.6533	0.6993	1.0e-04	10.3475
9514	-102.5034	-102.5034	-72.1892	0.7043	72.6971	0.7098	1.0e-04	10.3502
9515	-102.5372	-102.5372	-73.3644	0.7155	71.5670	0.6986	1.0e-04	10.3282
9516	-102.5183	-102.5183	-73.2480	0.7145	71.6530	0.6996	1.0e-04	10.3500
9517	-102.5607	-102.5607	-72.7119	0.7090	72.2458	0.7052	1.0e-04	10.3394
9518	-102.5496	-102.5496	-72.9707	0.7116	71.9695	0.7026	1.0e-04	10.3204
9519	-102.5471	-102.5471	-73.4788	0.7165	71.4395	0.6975	1.0e-04	10.3396
9520	-102.5679	-102.5679	-72.9132	0.7109	72.0574	0.7033	1.0e-04	10.3523
9521	-102.5750	-102.5750	-72.7410	0.7091	72.2415	0.7050	1.0e-04	10.3452
9522	-102.5371	-102.5371	-72.7844	0.7098	72.1210	0.7041	1.0e-04	10.3514
9523	-102.5287	-102.5287	-73.6136	0.7180	71.2659	0.6958	1.0e-04	10.3450
9524	-102.5707	-102.5707	-73.1140	0.7128	71.8411	0.7013	1.0e-04	10.3218
9525	-102.5483	-102.5483	-72.8359	0.7103	72.0976	0.7039	1.0e-04	10.3389
9526	-102.5454	-102.5454	-73.2482	0.7143	71.7038	0.6997	1.0e-04	10.3542
9527	-102.5224	-102.5224	-72.2104	0.7043	72.6896	0.7097	1.0e-04	10.3436
9528	-102.5218	-102.5218	-73.2692	0.7147	71.6381	0.6995	1.0e-04	10.3343
9529	-102.5469	-102.5469	-72.1970	0.7040	72.7442	0.7101	1.0e-04	10.3400
9530	-102.5453	-102.5453	-72.9998	0.7119	71.9512	0.7023	1.0e-04	10.3235
9531	-102.5361	-102.5361	-73.7467	0.7192	71.1791	0.6948	1.0e-04	10.3209
9532	-102.5271	-102.5271	-72.2773	0.7050	72.6461	0.7089	1.0e-04	10.3465
9533	-102.5553	-102.5553	-73.1923	0.7137	71.7429	0.7005	1.0e-04	10.3502
9534	-102.5495	-102.5495	-72.6462	0.7084	72.2910	0.7058	1.0e-04	10.3491
9535	-102.5573	-102.5573	-72.6153	0.7080	72.3134	0.7060	1.0e-04	10.3399
9536	-102.5371	-102.5371	-73.0021	0.7120	71.9016	0.7020	1.0e-04	10.3314
9537	-102.5029	-102.5029	-72.7498	0.7097	72.1469	0.7045	1.0e-04	10.3222
9538	-102.5199	-102.5199	-72.5482	0.7076	72.3553	0.7064	1.0e-04	10.3398
9539	-102.5592	-102.5592	-71.8429	0.7005	73.1292	0.7137	1.0e-04	10.3366
9540	-102.5626	-102.5626	-72.6023	0.7079	72.3475	0.7062	1.0e-04	10.3412
9541	-102.5343	-102.5343	-72.7792	0.7098	72.1410	0.7044	1.0e-04	10.3480
9542	-102.5233	-102.5233	-72.6185	0.7083	72.3012	0.7059	1.0e-04	10.3382
9543	-102.5401	-102.5401	-72.3212	0.7053	72.6106	0.7089	1.0e-04	10.3336
9544	-102.5620	-102.5620	-72.0608	0.7026	72.9115	0.7115	1.0e-04	10.3638
9545	-102.5491	-102.5491	-72.5469	0.7074	72.4100	0.7068	1.0e-04	10.3304
9546	-102.5288	-102.5288	-72.5776	0.7079	72.3399	0.7061	1.0e-04	10.3351
9547	-102.5693	-102.5693	-72.0834	0.7028	72.8898	0.7114	1.0e-04	10.3360
9548	-102.5233	-102.5234	-70.9186	0.6917	73.9722	0.7222	1.0e-04	10.3314
9549	-102.5130	-102.5130	-72.8001	0.7102	72.0968	0.7040	1.0e-04	10.3366
9550	-102.4990	-102.4990	-71.2793	0.6954	73.5945	0.7186	1.0e-04	10.3346
9551	-102.5603	-102.5603	-71.9008	0.7011	73.0701	0.7131	1.0e-04	10.3497
9552	-102.5614	-102.5614	-72.3484	0.7054	72.6216	0.7088	1.0e-04	10.3458
9553	-102.5871	-102.5871	-71.8028	0.6999	73.1556	0.7142	1.0e-04	10.3378
9554	-102.5259	-102.5259	-71.3228	0.6957	73.5733	0.7183	1.0e-04	10.3366
9555	-102.5377	-102.5377	-71.8225	0.7004	73.1112	0.7136	1.0e-04	10.3205
9556	-102.5443	-102.5443	-71.9386	0.7015	72.9993	0.7126	1.0e-04	10.3361
9557	-102.5775	-102.5776	-70.9801	0.6920	73.9947	0.7219	1.0e-04	10.3456
9558	-102.5266	-102.5266	-72.0119	0.7024	72.9170	0.7117	1.0e-04	10.3311
9559	-102.5354	-102.5355	-71.1701	0.6941	73.7306	0.7198	1.0e-04	10.3390
9560	-102.5204	-102.5204	-71.6133	0.6985	73.2954	0.7155	1.0e-04	10.3294
9561	-102.5092	-102.5092	-72.0520	0.7029	72.8155	0.7113	1.0e-04	10.3305
9562	-102.5288	-102.5288	-71.2702	0.6951	73.6288	0.7189	1.0e-04	10.3424
9563	-102.5347	-102.5347	-71.8004	0.7003	73.1312	0.7139	1.0e-04	10.3329
9564	-102.5591	-102.5591	-71.5284	0.6974	73.4137	0.7166	1.0e-04	10.3272
9565	-102.5478	-102.5478	-71.4606	0.6969	73.4750	0.7172	1.0e-04	10.3369
9566	-102.5235	-102.5235	-72.3770	0.7060	72.5633	0.7082	1.0e-04	10.3253
9567	-102.5494	-102.5494	-71.4074	0.6963	73.5098	0.7175	1.0e-04	10.3252
9568	-102.5211	-102.5211	-71.1842	0.6943	73.6978	0.7196	1.0e-04	10.3429
9569	-102.5509	-102.5509	-71.6204	0.6984	73.3335	0.7157	1.0e-04	10.3354
9570	-102.5348	-102.5349	-70.7604	0.6901	74.0895	0.7235	1.0e-04	10.3524
9571	-102.5690	-102.5690	-70.8576	0.6908	74.0723	0.7229	1.0e-04	10.3378
9572	-102.5213	-102.5213	-72.1020	0.7033	72.8108	0.7109	1.0e-04	10.3410
9573	-102.5198	-102.5200	-70.0143	0.6829	74.8278	0.7304	1.0e-04	10.3221
9574	-102.5236	-102.5239	-70.1442	0.6842	74.6678	0.7292	1.0e-04	10.3326
9575	-102.5540	-102.5543	-70.0937	0.6835	74.8007	0.7300	1.0e-04	10.3408
9576	-102.5390	-102.5392	-70.3555	0.6861	74.5133	0.7274	1.0e-04	10.3441
9577	-102.5819	-102.5819	-71.5484	0.6975	73.4155	0.7166	1.0e-04	10.3532
9578	-102.5994	-102.5995	-71.2801	0.6947	73.6999	0.7193	1.0e-04	10.3341
9579	-102.5338	-102.5340	-70.2142	0.6848	74.6876	0.7287	1.0e-04	10.3261
9580	-102.5274	-102.5274	-71.7265	0.6996	73.1818	0.7145	1.0e-04	10.3288
9581	-102.5190	-102.5190	-70.8025	0.6906	74.0652	0.7232	1.0e-04	10.3303
9582	-102.5292	-102.5293	-70.8763	0.6913	74.0053	0.7224	1.0e-04	10.3450
9583	-102.5581	-102.5581	-71.5058	0.6972	73.4522	0.7168	1.0e-04	10.3504
9584	-102.5521	-102.5522	-71.1168	0.6935	73.8176	0.7204	1.0e-04	10.3284
9585	-102.5682	-102.5682	-71.7780	0.6998	73.2048	0.7143	1.0e-04	10.3236
9586	-102.5694	-102.5695	-70.7860	0.6901	74.1615	0.7237	1.0e-04	10.3244
9587	-102.5428	-102.5428	-71.5413	0.6977	73.3578	0.7161	1.0e-04	10.3462
9588	-102.5760	-102.5760	-72.0544	0.7024	72.8975	0.7115	1.0e-04	10.3346
9589	-102.5205	-102.5205	-71.0923	0.6934	73.8107	0.7205	1.0e-04	10.3298
9590	-102.5735	-102.5735	-71.9628	0.7016	73.0028	0.7126	1.0e-04	10.3353
9591	-102.5622	-102.5622	-71.9713	0.7017	72.9944	0.7124	1.0e-04	10.3266
9592	-102.5043	-102.5043	-72.0735	0.7031	72.8211	0.7109	1.0e-04	10.3335
9593	-102.5822	-102.5822	-73.1487	0.7131	71.8278	0.7009	1.0e-04	10.3444
9594	-102.5972	-102.5972	-72.1956	0.7037	72.8159	0.7104	1.0e-04	10.3428
9595	-102.5470	-102.5470	-73.3841	0.7156	71.5662	0.6985	1.0e-04	10.3449
9596	-102.5511	-102.5511	-72.0472	0.7025	72.8919	0.7116	1.0e-04	10.3299
9597	-102.5560	-102.5560	-73.4036	0.7157	71.5097	0.6983	1.0e-04	10.3260
9598	-102.5014	-102.5014	-73.4251	0.7163	71.4306	0.6976	1.0e-04	10.3349
9599	-102.5920	-102.5920	-73.6057	0.7175	71.3833	0.6966	1.0e-04	10.3360
9600	-102.5548	-102.5548	-73.6706	0.7184	71.2784	0.6956	1.0e-04	10.3505
9601	-102.5461	-102.5461	-72.8373	0.7103	72.1037	0.7039	1.0e-04	10.3384
9602	-102.5381	-102.5381	-73.5322	0.7171	71.3914	0.6969	1.0e-04	10.3394
9603	-102.5472	-102.5472	-73.4559	0.7163	71.4640	0.6978	1.0e-04	10.3143
9604	-102.5152	-102.5152	-74.0064	0.7219	70.8984	0.6919	1.0e-04	10.3197
9605	-102.5327	-102.5327	-74.3556	0.7252	70.5183	0.6884	1.0e-04	10.3503
9606	-102.5457	-102.5457	-73.4806	0.7166	71.4519	0.6974	1.0e-04	10.3312
9607	-102.5394	-102.5394	-73.7855	0.7196	71.1563	0.6944	1.0e-04	10.3387
9608	-102.5475	-102.5475	-74.6982	0.7284	70.1841	0.6851	1.0e-04	10.3332
9609	-102.5055	-102.5055	-74.1298	0.7232	70.7359	0.6906	1.0e-04	10.3184
9610	-102.5787	-102.5787	-73.3803	0.7154	71.5825	0.6987	1.0e-04	10.3369
9611	-102.5404	-102.5404	-74.2921	0.7245	70.6116	0.6892	1.0e-04	10.3380
9612	-102.5399	-102.5399	-73.7818	0.7195	71.1136	0.6944	1.0e-04	10.3455
9613	-102.5677	-102.5677	-73.9664	0.7211	70.9696	0.6927	1.0e-04	10.3315
9614	-102.5631	-102.5631	-73.1356	0.7131	71.7952	0.7007	1.0e-04	10.3395
9615	-102.5530	-102.5530	-73.6547	0.7182	71.2803	0.6958	1.0e-04	10.3161
9616	-102.5296	-102.5296	-73.8368	0.7202	71.0599	0.6938	1.0e-04	10.3246
9617	-102.5212	-102.5212	-74.1861	0.7236	70.6922	0.6902	1.0e-04	10.3497
9618	-102.5580	-102.5580	-73.9954	0.7215	70.9289	0.6924	1.0e-04	10.3444
9619	-102.5027	-102.5027	-74.3102	0.7250	70.5341	0.6887	1.0e-04	10.3416
9620	-102.5564	-102.5564	-73.1724	0.7135	71.7595	0.7007	1.0e-04	10.3437
9621	-102.5353	-102.5353	-73.4725	0.7166	71.4500	0.6975	1.0e-04	10.3269
9622	-102.4785	-102.4785	-73.8913	0.7210	70.9357	0.6929	1.0e-04	10.3231
9623	-102.5414	-102.5414	-73.5046	0.7168	71.3549	0.6969	1.0e-04	10.3396
9624	-102.6159	-102.6159	-72.9236	0.7106	72.0835	0.7035	1.0e-04	10.3424
9625	-102.5186	-102.5186	-72.6307	0.7085	72.2711	0.7057	1.0e-04	10.3375
9626	-102.5284	-102.5284	-72.9460	0.7115	71.9722	0.7027	1.0e-04	10.3382
9627	-102.5336	-102.5336	-73.6340	0.7181	71.2845	0.6959	1.0e-04	10.3343
9628	-102.5239	-102.5239	-73.5065	0.7170	71.3993	0.6970	1.0e-04	10.3354
9629	-102.5009	-102.5009	-72.0634	0.7031	72.8144	0.7111	1.0e-04	10.3305
9630	-102.5409	-102.5409	-71.4570	0.6969	73.4502	0.7171	1.0e-04	10.3311
9631	-102.5673	-102.5673	-72.0394	0.7024	72.8910	0.7112	1.0e-04	10.3265
9632	-102.5573	-102.5573	-72.0472	0.7025	72.8973	0.7116	1.0e-04	10.3505
9633	-102.5233	-102.5233	-71.5383	0.6978	73.3856	0.7163	1.0e-04	10.3243
9634	-102.5241	-102.5242	-70.7948	0.6905	74.0665	0.7232	1.0e-04	10.3330
9635	-102.5653	-102.5653	-71.8050	0.7001	73.1484	0.7141	1.0e-04	10.3456
9636	-102.5190	-102.5190	-72.2715	0.7050	72.6270	0.7090	1.0e-04	10.3462
9637	-102.5689	-102.5689	-72.1383	0.7033	72.8353	0.7109	1.0e-04	10.3476
9638	-102.5489	-102.5489	-72.4499	0.7065	72.4883	0.7077	1.0e-04	10.3404
9639	-102.5391	-102.5392	-70.9669	0.6921	73.9475	0.7218	1.0e-04	10.3294
9640	-102.5480	-102.5481	-70.6497	0.6889	74.2531	0.7248	1.0e-04	10.3325
9641	-102.5385	-102.5387	-70.4761	0.6873	74.3817	0.7261	1.0e-04	10.3510
9642	-102.5715	-102.5715	-71.6039	0.6981	73.3616	0.7160	1.0e-04	10.3370
9643	-102.5343	-102.5343	-71.2181	0.6946	73.6845	0.7193	1.0e-04	10.3341
9644	-102.5384	-102.5385	-70.7139	0.6896	74.1902	0.7242	1.0e-04	10.3374
9645	-102.5451	-102.5452	-70.9542	0.6919	73.9562	0.7220	1.0e-04	10.3237
9646	-102.5723	-102.5724	-71.1601	0.6938	73.7848	0.7202	1.0e-04	10.3319
9647	-102.5757	-102.5757	-71.0332	0.6925	73.9049	0.7214	1.0e-04	10.3504
9648	-102.5338	-102.5339	-70.6552	0.6891	74.2411	0.7247	1.0e-04	10.3404
9649	-102.5350	-102.5350	-71.4835	0.6972	73.4471	0.7169	1.0e-04	10.3372
9650	-102.5441	-102.5441	-71.7644	0.6998	73.1692	0.7143	1.0e-04	10.3308
9651	-102.5759	-102.5760	-70.8448	0.6907	74.0918	0.7232	1.0e-04	10.3201
9652	-102.5535	-102.5537	-70.2821	0.6853	74.5339	0.7274	1.0e-04	10.3270
9653	-102.5580	-102.5580	-72.5694	0.7076	72.3829	0.7066	1.0e-04	10.3492
9654	-102.5295	-102.5295	-71.5871	0.6982	73.3024	0.7158	1.0e-04	10.3369
9655	-102.5064	-102.5064	-71.1522	0.6941	73.7142	0.7198	1.0e-04	10.3545
9656	-102.5514	-102.5514	-71.5165	0.6974	73.4160	0.7166	1.0e-04	10.3353
9657	-102.5319	-102.5319	-71.4203	0.6966	73.4920	0.7175	1.0e-04	10.3272
9658	-102.5896	-102.5896	-71.1822	0.6939	73.7947	0.7201	1.0e-04	10.3234
9659	-102.5403	-102.5403	-71.4612	0.6969	73.4473	0.7170	1.0e-04	10.3499
9660	-102.5685	-102.5685	-71.9667	0.7016	72.9818	0.7125	1.0e-04	10.3406
9661	-102.5582	-102.5582	-72.3903	0.7058	72.5541	0.7084	1.0e-04	10.3529
9662	-102.5004	-102.5004	-72.0355	0.7028	72.8495	0.7114	1.0e-04	10.3416
9663	-102.5524	-102.5524	-71.8872	0.7010	73.0620	0.7131	1.0e-04	10.3260
9664	-102.5163	-102.5163	-72.7996	0.7101	72.1034	0.7040	1.0e-04	10.3297
9665	-102.5254	-102.5254	-72.0972	0.7032	72.8029	0.7108	1.0e-04	10.3384
9666	-102.5377	-102.5377	-72.2462	0.7046	72.6818	0.7096	1.0e-04	10.3347
9667	-102.5085	-102.5085	-72.9998	0.7121	71.8420	0.7015	1.0e-04	10.3493
9668	-102.5194	-102.5194	-72.2202	0.7045	72.6780	0.7097	1.0e-04	10.3336
9669	-102.5777	-102.5777	-72.4675	0.7065	72.5119	0.7077	1.0e-04	10.3270
9670	-102.5362	-102.5362	-71.8327	0.7006	73.0720	0.7136	1.0e-04	10.3229
9671	-102.5360	-102.5360	-72.1996	0.7041	72.7313	0.7099	1.0e-04	10.3340
9672	-102.5925	-102.5925	-72.0642	0.7024	72.9337	0.7117	1.0e-04	10.3433
9673	-102.5907	-102.5907	-72.6425	0.7081	72.3222	0.7059	1.0e-04	10.3491
9674	-102.5371	-102.5371	-71.8765	0.7010	73.0295	0.7132	1.0e-04	10.3533
9675	-102.5255	-102.5255	-72.4408	0.7066	72.4283	0.7073	1.0e-04	10.3386
9676	-102.5493	-102.5493	-72.3609	0.7056	72.5805	0.7086	1.0e-04	10.3244
9677	-102.5109	-102.5109	-71.5086	0.6976	73.3885	0.7165	1.0e-04	10.3318
9678	-102.5776	-102.5777	-71.0645	0.6928	73.9042	0.7211	1.0e-04	10.3370
9679	-102.5497	-102.5497	-72.5120	0.7071	72.4361	0.7071	1.0e-04	10.3367
9680	-102.5633	-102.5633	-73.0933	0.7127	71.8658	0.7015	1.0e-04	10.3411
9681	-102.5476	-102.5476	-72.0635	0.7027	72.8695	0.7115	1.0e-04	10.3358
9682	-102.5657	-102.5657	-71.7268	0.6993	73.2314	0.7148	1.0e-04	10.3210
9683	-102.5256	-102.5256	-71.9464	0.7017	72.9647	0.7124	1.0e-04	10.3262
9684	-102.5250	-102.5250	-72.3626	0.7058	72.5460	0.7084	1.0e-04	10.3373
9685	-102.5355	-102.5355	-71.9199	0.7014	72.9993	0.7126	1.0e-04	10.3572
9686	-102.5284	-102.5284	-72.1820	0.7040	72.7492	0.7101	1.0e-04	10.3419
9687	-102.4920	-102.4920	-72.2987	0.7054	72.5779	0.7088	1.0e-04	10.3275
9688	-102.5557	-102.5557	-71.7071	0.6992	73.2200	0.7149	1.0e-04	10.3237
9689	-102.5428	-102.5428	-72.0699	0.7028	72.8599	0.7112	1.0e-04	10.3335
9690	-102.5300	-102.5300	-71.9812	0.7020	72.9259	0.7121	1.0e-04	10.3345
9691	-102.5803	-102.5803	-72.7591	0.7093	72.2323	0.7049	1.0e-04	10.3294
9692	-102.5850	-102.5850	-72.5705	0.7074	72.4291	0.7067	1.0e-04	10.3456
9693	-102.5158	-102.5158	-72.4784	0.7070	72.4288	0.7072	1.0e-04	10.3214
9694	-102.5368	-102.5368	-72.7688	0.7097	72.1563	0.7044	1.0e-04	10.3226
9695	-102.5434	-102.5434	-72.4087	0.7061	72.5331	0.7081	1.0e-04	10.3337
9696	-102.5386	-102.5386	-72.1586	0.7037	72.7533	0.7105	1.0e-04	10.3351
9697	-102.5381	-102.5381	-73.2531	0.7144	71.6693	0.6997	1.0e-04	10.3544
9698	-102.5647	-102.5647	-72.5602	0.7075	72.3682	0.7065	1.0e-04	10.3442
9699	-102.5563	-102.5563	-72.0484	0.7025	72.8879	0.7117	1.0e-04	10.3342
9700	-102.5204	-102.5204	-72.7273	0.7094	72.1517	0.7045	1.0e-04	10.3191
9701	-102.5411	-102.5411	-72.8148	0.7101	72.1327	0.7041	1.0e-04	10.3320
9702	-102.5272	-102.5272	-73.1580	0.7135	71.7431	0.7006	1.0e-04	10.3304
9703	-102.5119	-102.5119	-73.7525	0.7195	71.1077	0.6944	1.0e-04	10.3482
9704	-102.5441	-102.5441	-72.9835	0.7117	71.9492	0.7025	1.0e-04	10.3473
9705	-102.5351	-102.5351	-73.2774	0.7147	71.5874	0.6989	1.0e-04	10.3409
9706	-102.5286	-102.5286	-73.7860	0.7197	71.1073	0.6943	1.0e-04	10.3228
9707	-102.5748	-102.5748	-72.9627	0.7113	72.0063	0.7029	1.0e-04	10.3244
9708	-102.5800	-102.5800	-72.4341	0.7061	72.5549	0.7081	1.0e-04	10.3523
9709	-102.5731	-102.5731	-73.1825	0.7135	71.8110	0.7007	1.0e-04	10.3381
9710	-102.5343	-102.5343	-73.2297	0.7142	71.6553	0.6998	1.0e-04	10.3470
9711	-102.5098	-102.5098	-72.9781	0.7119	71.9033	0.7022	1.0e-04	10.3423
9712	-102.5641	-102.5641	-72.7883	0.7097	72.1560	0.7045	1.0e-04	10.3240
9713	-102.5550	-102.5550	-72.1462	0.7035	72.7741	0.7106	1.0e-04	10.3302
9714	-102.5578	-102.5578	-72.7040	0.7089	72.2452	0.7053	1.0e-04	10.3487
9715	-102.4902	-102.4902	-73.0949	0.7132	71.7570	0.7009	1.0e-04	10.3478
9716	-102.5616	-102.5616	-73.0339	0.7121	71.9115	0.7020	1.0e-04	10.3342
9717	-102.5359	-102.5359	-72.9638	0.7116	71.9526	0.7026	1.0e-04	10.3343
9718	-102.5479	-102.5479	-73.3391	0.7152	71.5797	0.6988	1.0e-04	10.3214
9719	-102.5415	-102.5415	-72.7542	0.7095	72.1722	0.7047	1.0e-04	10.3325
9720	-102.5408	-102.5408	-72.6234	0.7082	72.3207	0.7059	1.0e-04	10.3438
9721	-102.5693	-102.5693	-73.0738	0.7124	71.8488	0.7015	1.0e-04	10.3555
9722	-102.5501	-102.5501	-72.4392	0.7064	72.4693	0.7077	1.0e-04	10.3447
9723	-102.5299	-102.5299	-73.7185	0.7190	71.1599	0.6949	1.0e-04	10.3460
9724	-102.5200	-102.5200	-72.4467	0.7067	72.4553	0.7075	1.0e-04	10.3178
9725	-102.5335	-102.5335	-72.5333	0.7074	72.3632	0.7068	1.0e-04	10.3381
9726	-102.5413	-102.5413	-72.8559	0.7105	72.0580	0.7036	1.0e-04	10.3470
9727	-102.5638	-102.5638	-71.5871	0.6980	73.3597	0.7161	1.0e-04	10.3448
9728	-102.5549	-102.5550	-71.1790	0.6941	73.7258	0.7199	1.0e-04	10.3395
9729	-102.5527	-102.5527	-71.5032	0.6972	73.4288	0.7168	1.0e-04	10.3350
9730	-102.5331	-102.5331	-71.4485	0.6968	73.4611	0.7172	1.0e-04	10.3215
9731	-102.5377	-102.5377	-71.2344	0.6947	73.6638	0.7192	1.0e-04	10.3299
9732	-102.4988	-102.4988	-71.7890	0.7004	73.0825	0.7136	1.0e-04	10.3514
9733	-102.5592	-102.5592	-71.7163	0.6993	73.2243	0.7148	1.0e-04	10.3504
9734	-102.5840	-102.5841	-70.8731	0.6909	74.0735	0.7230	1.0e-04	10.3471
9735	-102.5416	-102.5416	-71.6274	0.6985	73.3021	0.7156	1.0e-04	10.3410
9736	-102.5642	-102.5642	-70.9473	0.6917	73.9746	0.7222	1.0e-04	10.3262
9737	-102.5430	-102.5430	-71.8138	0.7003	73.1225	0.7138	1.0e-04	10.3290
9738	-102.5281	-102.5281	-71.3574	0.6960	73.5232	0.7180	1.0e-04	10.3387
9739	-102.5401	-102.5402	-71.5978	0.6982	73.3086	0.7159	1.0e-04	10.3303
9740	-102.5377	-102.5377	-72.0064	0.7022	72.9147	0.7119	1.0e-04	10.3351
9741	-102.5257	-102.5257	-72.3671	0.7058	72.5530	0.7084	1.0e-04	10.3380
9742	-102.5623	-102.5623	-71.6456	0.6986	73.2812	0.7156	1.0e-04	10.3239
9743	-102.5041	-102.5041	-71.7821	0.7003	73.0665	0.7139	1.0e-04	10.3278
9744	-102.5573	-102.5573	-72.2841	0.7048	72.6588	0.7094	1.0e-04	10.3311
9745	-102.5333	-102.5333	-71.5931	0.6982	73.3103	0.7158	1.0e-04	10.3368
9746	-102.5398	-102.5399	-70.6182	0.6887	74.2659	0.7251	1.0e-04	10.3305
9747	-102.5395	-102.5395	-71.2329	0.6947	73.6593	0.7192	1.0e-04	10.3366
9748	-102.5406	-102.5407	-70.9261	0.6917	73.9942	0.7222	1.0e-04	10.3246
9749	-102.5148	-102.5148	-71.4270	0.6967	73.4590	0.7173	1.0e-04	10.3368
9750	-102.5619	-102.5619	-71.3886	0.6961	73.5532	0.7179	1.0e-04	10.3441
9751	-102.5182	-102.5182	-72.2040	0.7043	72.6917	0.7099	1.0e-04	10.3396
9752	-102.5783	-102.5784	-70.9534	0.6917	73.9906	0.7222	1.0e-04	10.3354
9753	-102.5745	-102.5746	-70.7770	0.6900	74.1578	0.7238	1.0e-04	10.3254
9754	-102.5295	-102.5296	-71.1117	0.6936	73.7526	0.7203	1.0e-04	10.3228
9755	-102.5740	-102.5740	-71.7416	0.6994	73.1887	0.7146	1.0e-04	10.3324
9756	-102.5946	-102.5946	-71.3989	0.6959	73.5899	0.7181	1.0e-04	10.3402
9757	-102.5687	-102.5688	-70.7123	0.6894	74.1843	0.7243	1.0e-04	10.3372
9758	-102.5407	-102.5409	-70.2721	0.6853	74.5612	0.7278	1.0e-04	10.3478
9759	-102.6067	-102.6069	-70.7372	0.6894	74.1946	0.7243	1.0e-04	10.3424
9760	-102.5264	-102.5264	-71.8435	0.7007	73.0497	0.7134	1.0e-04	10.3409
9761	-102.5451	-102.5451	-71.5778	0.6980	73.3391	0.7161	1.0e-04	10.3294
9762	-102.5563	-102.5565	-70.4843	0.6873	74.4195	0.7263	1.0e-04	10.3496
9763	-102.5560	-102.5560	-71.8630	0.7007	73.0757	0.7134	1.0e-04	10.3359
9764	-102.5096	-102.5096	-72.4321	0.7066	72.4832	0.7076	1.0e-04	10.3375
9765	-102.5100	-102.5100	-71.3873	0.6964	73.4796	0.7177	1.0e-04	10.3345
9766	-102.5507	-102.5507	-71.2565	0.6948	73.6626	0.7192	1.0e-04	10.3407
9767	-102.5398	-102.5398	-71.7397	0.6996	73.1778	0.7145	1.0e-04	10.3343
9768	-102.5327	-102.5327	-72.0887	0.7031	72.8274	0.7111	1.0e-04	10.3506
9769	-102.5283	-102.5283	-71.7780	0.7001	73.1137	0.7141	1.0e-04	10.3432
9770	-102.5392	-102.5392	-71.9514	0.7017	72.9680	0.7125	1.0e-04	10.3459
9771	-102.5623	-102.5623	-72.2118	0.7041	72.7164	0.7100	1.0e-04	10.3534
9772	-102.5602	-102.5602	-71.2894	0.6951	73.6410	0.7189	1.0e-04	10.3284
9773	-102.5632	-102.5632	-71.5127	0.6973	73.3903	0.7165	1.0e-04	10.3341
9774	-102.5245	-102.5245	-71.7869	0.7002	73.1114	0.7138	1.0e-04	10.3473
9775	-102.5829	-102.5829	-71.0079	0.6922	73.9391	0.7217	1.0e-04	10.3444
9776	-102.5545	-102.5545	-71.3862	0.6961	73.5376	0.7180	1.0e-04	10.3462
9777	-102.5851	-102.5851	-71.8658	0.7005	73.0851	0.7135	1.0e-04	10.3514
9778	-102.5666	-102.5666	-71.3809	0.6959	73.5484	0.7181	1.0e-04	10.3430
9779	-102.5576	-102.5576	-71.9111	0.7012	73.0216	0.7130	1.0e-04	10.3134
9780	-102.5739	-102.5739	-71.5639	0.6977	73.3939	0.7164	1.0e-04	10.3361
9781	-102.5611	-102.5611	-72.1924	0.7039	72.7601	0.7103	1.0e-04	10.3441
9782	-102.5636	-102.5636	-72.5421	0.7073	72.3984	0.7069	1.0e-04	10.3505
9783	-102.5152	-102.5152	-72.1603	0.7039	72.7315	0.7103	1.0e-04	10.3458
9784	-102.5831	-102.5831	-71.3607	0.6956	73.5861	0.7182	1.0e-04	10.3298
9785	-102.5688	-102.5688	-72.0838	0.7028	72.8707	0.7114	1.0e-04	10.3237
9786	-102.5627	-102.5627	-71.4928	0.6971	73.4180	0.7170	1.0e-04	10.3390
9787	-102.5599	-102.5599	-72.0710	0.7027	72.8403	0.7113	1.0e-04	10.3422
9788	-102.5745	-102.5745	-72.0867	0.7028	72.8607	0.7114	1.0e-04	10.3403
9789	-102.5441	-102.5441	-72.3175	0.7052	72.6277	0.7090	1.0e-04	10.3541
9790	-102.5846	-102.5846	-71.2361	0.6944	73.7263	0.7196	1.0e-04	10.3363
9791	-102.5485	-102.5485	-71.9575	0.7017	72.9613	0.7124	1.0e-04	10.3238
9792	-102.5366	-102.5366	-71.6027	0.6983	73.3031	0.7158	1.0e-04	10.3266
9793	-102.5575	-102.5575	-71.4636	0.6968	73.4644	0.7172	1.0e-04	10.3465
9794	-102.5518	-102.5518	-72.3548	0.7055	72.5519	0.7083	1.0e-04	10.3499
9795	-102.5518	-102.5518	-72.3115	0.7051	72.6135	0.7090	1.0e-04	10.3482
9796	-102.5285	-102.5285	-72.2168	0.7044	72.6478	0.7093	1.0e-04	10.3361
9797	-102.6018	-102.6018	-72.6802	0.7084	72.2906	0.7056	1.0e-04	10.3273
9798	-102.5457	-102.5457	-72.5407	0.7074	72.3676	0.7067	1.0e-04	10.3356
9799	-102.5074	-102.5074	-72.8008	0.7102	72.0646	0.7040	1.0e-04	10.3382
9800	-102.5203	-102.5203	-71.7336	0.6997	73.1457	0.7144	1.0e-04	10.3528
9801	-102.5265	-102.5265	-72.0882	0.7031	72.8108	0.7109	1.0e-04	10.3384
9802	-102.5147	-102.5147	-72.6069	0.7083	72.2735	0.7057	1.0e-04	10.3485
9803	-102.5482	-102.5482	-72.4417	0.7064	72.4711	0.7078	1.0e-04	10.3187
9804	-102.5596	-102.5596	-72.9258	0.7111	72.0178	0.7030	1.0e-04	10.3284
9805	-102.5475	-102.5475	-72.7730	0.7097	72.1506	0.7045	1.0e-04	10.3441
9806	-102.5358	-102.5358	-73.5238	0.7171	71.3478	0.6968	1.0e-04	10.3479
9807	-102.5624	-102.5624	-72.6129	0.7080	72.3356	0.7062	1.0e-04	10.3488
9808	-102.5678	-102.5678	-73.3593	0.7152	71.6079	0.6988	1.0e-04	10.3484
9809	-102.5717	-102.5717	-72.7890	0.7096	72.1695	0.7046	1.0e-04	10.3241
9810	-102.5346	-102.5346	-72.6675	0.7087	72.2647	0.7055	1.0e-04	10.3329
9811	-102.5599	-102.5599	-73.0048	0.7118	71.9012	0.7021	1.0e-04	10.3430
9812	-102.5401	-102.5401	-72.8857	0.7108	72.0380	0.7034	1.0e-04	10.3322
9813	-102.5962	-102.5962	-72.6999	0.7086	72.2867	0.7056	1.0e-04	10.3366
9814	-102.5590	-102.5590	-73.5972	0.7176	71.3428	0.6964	1.0e-04	10.3510
9815	-102.5176	-102.5176	-73.4307	0.7163	71.4739	0.6978	1.0e-04	10.3345
9816	-102.5490	-102.5490	-72.9353	0.7112	71.9902	0.7029	1.0e-04	10.3232
9817	-102.5818	-102.5818	-72.5763	0.7075	72.4020	0.7067	1.0e-04	10.3523
9818	-102.5591	-102.5591	-73.5164	0.7168	71.3900	0.6971	1.0e-04	10.3452
9819	-102.5211	-102.5211	-73.8572	0.7204	70.9572	0.6933	1.0e-04	10.3339
9820	-102.5431	-102.5431	-72.9262	0.7112	72.0001	0.7030	1.0e-04	10.3351
9821	-102.5366	-102.5366	-73.5201	0.7170	71.3679	0.6970	1.0e-04	10.3263
9822	-102.5606	-102.5606	-73.1418	0.7132	71.7851	0.7008	1.0e-04	10.3290
9823	-102.5719	-102.5719	-73.3386	0.7150	71.6025	0.6991	1.0e-04	10.3303
9824	-102.5727	-102.5727	-72.9935	0.7116	71.9729	0.7025	1.0e-04	10.3435
9825	-102.5534	-102.5534	-74.0819	0.7224	70.8097	0.6915	1.0e-04	10.3472
9826	-102.5673	-102.5673	-73.1615	0.7133	71.7875	0.7007	1.0e-04	10.3227
9827	-102.5474	-102.5474	-73.0676	0.7125	71.8641	0.7016	1.0e-04	10.3298
9828	-102.5475	-102.5475	-73.4634	0.7164	71.4522	0.6977	1.0e-04	10.3347
9829	-102.5993	-102.5993	-73.6042	0.7174	71.3801	0.6967	1.0e-04	10.3567
9830	-102.5372	-102.5372	-72.6937	0.7089	72.2413	0.7053	1.0e-04	10.3436
9831	-102.5709	-102.5709	-72.3502	0.7054	72.5923	0.7086	1.0e-04	10.3512
9832	-102.5419	-102.5419	-72.5622	0.7076	72.3583	0.7065	1.0e-04	10.3452
9833	-102.5462	-102.5462	-72.1899	0.7040	72.7105	0.7100	1.0e-04	10.3196
9834	-102.4942	-102.4942	-73.5188	0.7173	71.3348	0.6967	1.0e-04	10.3380
9835	-102.5213	-102.5213	-72.2227	0.7045	72.6825	0.7097	1.0e-04	10.3449
9836	-102.6062	-102.6062	-72.0427	0.7021	72.9044	0.7117	1.0e-04	10.3485
9837	-102.5667	-102.5667	-72.1440	0.7034	72.7772	0.7106	1.0e-04	10.3415
9838	-102.5575	-102.5575	-72.3255	0.7052	72.6287	0.7090	1.0e-04	10.3454
9839	-102.5653	-102.5653	-72.2535	0.7045	72.6906	0.7096	1.0e-04	10.3254
9840	-102.5680	-102.5680	-72.2467	0.7044	72.7078	0.7098	1.0e-04	10.3378
9841	-102.5755	-102.5755	-72.1755	0.7036	72.7737	0.7105	1.0e-04	10.3394
9842	-102.5766	-102.5766	-72.7324	0.7091	72.2314	0.7051	1.0e-04	10.3419
9843	-102.5574	-102.5574	-72.1591	0.7036	72.7908	0.7106	1.0e-04	10.3391
9844	-102.5884	-102.5884	-71.4955	0.6969	73.4602	0.7171	1.0e-04	10.3291
9845	-102.5479	-102.5479	-72.8018	0.7099	72.1285	0.7043	1.0e-04	10.3235
9846	-102.5628	-102.5628	-72.0783	0.7028	72.8737	0.7114	1.0e-04	10.3322
9847	-102.5842	-102.5842	-72.1169	0.7030	72.8610	0.7111	1.0e-04	10.3465
9848	-102.5721	-102.5721	-72.0464	0.7024	72.8769	0.7117	1.0e-04	10.3338
9849	-102.5560	-102.5560	-72.2867	0.7049	72.6098	0.7091	1.0e-04	10.3508
9850	-102.5651	-102.5651	-71.5175	0.6973	73.3708	0.7163	1.0e-04	10.3436
9851	-102.5513	-102.5513	-71.3939	0.6962	73.5368	0.7178	1.0e-04	10.3275
9852	-102.5756	-102.5756	-71.6135	0.6982	73.3419	0.7158	1.0e-04	10.3413
9853	-102.5420	-102.5420	-71.7080	0.6993	73.2021	0.7148	1.0e-04	10.3531
9854	-102.5060	-102.5060	-72.1932	0.7043	72.6728	0.7099	1.0e-04	10.3406
9855	-102.5445	-102.5445	-72.2163	0.7042	72.6901	0.7099	1.0e-04	10.3368
9856	-102.5205	-102.5205	-71.5195	0.6976	73.3962	0.7164	1.0e-04	10.3454
9857	-102.5790	-102.5790	-71.9123	0.7010	73.0494	0.7130	1.0e-04	10.3258
9858	-102.5166	-102.5166	-72.8056	0.7102	72.0797	0.7040	1.0e-04	10.3288
9859	-102.5892	-102.5892	-72.0045	0.7019	72.9800	0.7123	1.0e-04	10.3536
9860	-102.5273	-102.5273	-72.3937	0.7061	72.5146	0.7081	1.0e-04	10.3440
9861	-102.5537	-102.5537	-71.8756	0.7009	73.0481	0.7132	1.0e-04	10.3352
9862	-102.5643	-102.5643	-71.4912	0.6970	73.4480	0.7170	1.0e-04	10.3367
9863	-102.5510	-102.5510	-72.4427	0.7064	72.4852	0.7077	1.0e-04	10.3354
9864	-102.5669	-102.5669	-71.6982	0.6990	73.2179	0.7149	1.0e-04	10.3280
9865	-102.5410	-102.5410	-72.3722	0.7058	72.5520	0.7084	1.0e-04	10.3453
9866	-102.5239	-102.5239	-73.2713	0.7147	71.6080	0.6993	1.0e-04	10.3419
9867	-102.5599	-102.5599	-71.7798	0.6999	73.1203	0.7141	1.0e-04	10.3523
9868	-102.5391	-102.5391	-72.9748	0.7117	71.9106	0.7024	1.0e-04	10.3363
9869	-102.5745	-102.5745	-73.0289	0.7120	71.8731	0.7019	1.0e-04	10.3352
9870	-102.5817	-102.5817	-72.2578	0.7044	72.7035	0.7097	1.0e-04	10.3282
9871	-102.5558	-102.5558	-72.8522	0.7104	72.0508	0.7038	1.0e-04	10.3283
9872	-102.5636	-102.5636	-72.8059	0.7099	72.1230	0.7043	1.0e-04	10.3458
9873	-102.5851	-102.5851	-71.9325	0.7012	73.0407	0.7129	1.0e-04	10.3514
9874	-102.5430	-102.5430	-71.8375	0.7006	73.0728	0.7136	1.0e-04	10.3404
9875	-102.5629	-102.5630	-70.9866	0.6921	73.9149	0.7218	1.0e-04	10.3450
9876	-102.5193	-102.5193	-72.4836	0.7070	72.4119	0.7071	1.0e-04	10.3310
9877	-102.5671	-102.5671	-71.8170	0.7002	73.1102	0.7140	1.0e-04	10.3367
9878	-102.5234	-102.5234	-71.3391	0.6958	73.5555	0.7182	1.0e-04	10.3503
9879	-102.5443	-102.5443	-71.6135	0.6984	73.3060	0.7157	1.0e-04	10.3371
9880	-102.5355	-102.5355	-71.0632	0.6931	73.8273	0.7209	1.0e-04	10.3319
9881	-102.5404	-102.5406	-70.3332	0.6859	74.5233	0.7277	1.0e-04	10.3370
9882	-102.5138	-102.5138	-71.7257	0.6997	73.1496	0.7144	1.0e-04	10.3304
9883	-102.5317	-102.5318	-70.7868	0.6904	74.0821	0.7234	1.0e-04	10.3507
9884	-102.5398	-102.5398	-71.1094	0.6935	73.7756	0.7203	1.0e-04	10.3425
9885	-102.5718	-102.5718	-71.3755	0.6959	73.5403	0.7181	1.0e-04	10.3385
9886	-102.5315	-102.5315	-70.9740	0.6922	73.8981	0.7216	1.0e-04	10.3415
9887	-102.5304	-102.5305	-71.0931	0.6934	73.7862	0.7205	1.0e-04	10.3264
9888	-102.5117	-102.5118	-70.9102	0.6917	73.9455	0.7222	1.0e-04	10.3176
9889	-102.5512	-102.5515	-69.8020	0.6807	75.0322	0.7326	1.0e-04	10.3311
9890	-102.5414	-102.5414	-72.0131	0.7023	72.9036	0.7119	1.0e-04	10.3423
9891	-102.5510	-102.5511	-71.1217	0.6935	73.7662	0.7202	1.0e-04	10.3289
9892	-102.5526	-102.5527	-70.9105	0.6915	73.9704	0.7223	1.0e-04	10.3344
9893	-102.4964	-102.4965	-70.5022	0.6879	74.3085	0.7258	1.0e-04	10.3385
9894	-102.5561	-102.5562	-70.9541	0.6919	73.9442	0.7220	1.0e-04	10.3195
9895	-102.5303	-102.5305	-70.6109	0.6887	74.2537	0.7251	1.0e-04	10.3312
9896	-102.5259	-102.5261	-70.0637	0.6834	74.7453	0.7301	1.0e-04	10.3419
9897	-102.5403	-102.5405	-70.1130	0.6838	74.7229	0.7295	1.0e-04	10.3474
9898	-102.5562	-102.5566	-69.6507	0.6791	75.1677	0.7339	1.0e-04	10.3490
9899	-102.5375	-102.5378	-69.8221	0.6809	74.9836	0.7322	1.0e-04	10.3387
9900	-102.5462	-102.5464	-70.1009	0.6836	74.7406	0.7298	1.0e-04	10.3268
9901	-102.5687	-102.5690	-69.9086	0.6816	74.9661	0.7317	1.0e-04	10.3207
9902	-102.5609	-102.5611	-70.0499	0.6830	74.8492	0.7304	1.0e-04	10.3354
9903	-102.5582	-102.5582	-72.0790	0.7028	72.8706	0.7114	1.0e-04	10.3358
9904	-102.5587	-102.5587	-71.2100	0.6943	73.6930	0.7197	1.0e-04	10.3337
9905	-102.5345	-102.5345	-71.2677	0.6951	73.6292	0.7189	1.0e-04	10.3413
9906	-102.5465	-102.5465	-71.6721	0.6989	73.2407	0.7150	1.0e-04	10.3246
9907	-102.5355	-102.5355	-71.8064	0.7003	73.1101	0.7138	1.0e-04	10.3265
9908	-102.5438	-102.5438	-70.8933	0.6913	74.0032	0.7225	1.0e-04	10.3371
9909	-102.5173	-102.5173	-71.3914	0.6964	73.4770	0.7176	1.0e-04	10.3505
9910	-102.5304	-102.5304	-71.0523	0.6930	73.8325	0.7209	1.0e-04	10.3366
9911	-102.5778	-102.5778	-71.5677	0.6977	73.3648	0.7164	1.0e-04	10.3395
9912	-102.5531	-102.5531	-72.2680	0.7047	72.6651	0.7095	1.0e-04	10.3168
9913	-102.5582	-102.5582	-72.2140	0.7041	72.7114	0.7100	1.0e-04	10.3243
9914	-102.4995	-102.4995	-71.7229	0.6997	73.1499	0.7143	1.0e-04	10.3495
9915	-102.5181	-102.5181	-72.0020	0.7023	72.9087	0.7118	1.0e-04	10.3486
9916	-102.5410	-102.5410	-71.7435	0.6997	73.1939	0.7145	1.0e-04	10.3377
9917	-102.5391	-102.5391	-72.7629	0.7096	72.1535	0.7045	1.0e-04	10.3394
9918	-102.5504	-102.5504	-72.3519	0.7055	72.5742	0.7087	1.0e-04	10.3205
9919	-102.5976	-102.5976	-72.5182	0.7068	72.4633	0.7073	1.0e-04	10.3327
9920	-102.5177	-102.5177	-72.6963	0.7091	72.2092	0.7050	1.0e-04	10.3389
9921	-102.5684	-102.5684	-72.6724	0.7085	72.3079	0.7057	1.0e-04	10.3301
9922	-102.5510	-102.5510	-72.0682	0.7028	72.8633	0.7114	1.0e-04	10.3443
9923	-102.5270	-102.5270	-71.4511	0.6969	73.4302	0.7171	1.0e-04	10.3377
9924	-102.5417	-102.5417	-71.9934	0.7021	72.9302	0.7121	1.0e-04	10.3230
9925	-102.5286	-102.5287	-71.2028	0.6945	73.6774	0.7195	1.0e-04	10.3367
9926	-102.5328	-102.5328	-71.8804	0.7010	73.0454	0.7131	1.0e-04	10.3348
9927	-102.5696	-102.5696	-71.6768	0.6988	73.2660	0.7152	1.0e-04	10.3329
9928	-102.5681	-102.5681	-71.7698	0.6997	73.1830	0.7144	1.0e-04	10.3455
9929	-102.5398	-102.5398	-71.5857	0.6981	73.2874	0.7157	1.0e-04	10.3492
9930	-102.5525	-102.5525	-72.5495	0.7074	72.3697	0.7067	1.0e-04	10.3179
9931	-102.5431	-102.5432	-71.4461	0.6967	73.4744	0.7173	1.0e-04	10.3217
9932	-102.4889	-102.4889	-71.5927	0.6985	73.2716	0.7156	1.0e-04	10.3288
9933	-102.5317	-102.5317	-71.0726	0.6932	73.8401	0.7207	1.0e-04	10.3331
9934	-102.5654	-102.5654	-71.9497	0.7015	72.9876	0.7126	1.0e-04	10.3348
9935	-102.5489	-102.5489	-72.5145	0.7071	72.4227	0.7070	1.0e-04	10.3387
9936	-102.5425	-102.5425	-71.7112	0.6993	73.2251	0.7147	1.0e-04	10.3174
9937	-102.5177	-102.5177	-72.6446	0.7086	72.2382	0.7054	1.0e-04	10.3267
9938	-102.5766	-102.5766	-71.3368	0.6954	73.5849	0.7183	1.0e-04	10.3509
9939	-102.5442	-102.5442	-72.6947	0.7089	72.2348	0.7052	1.0e-04	10.3487
9940	-102.5517	-102.5517	-72.1092	0.7031	72.8211	0.7110	1.0e-04	10.3289
9941	-102.5143	-102.5143	-71.6935	0.6994	73.1876	0.7148	1.0e-04	10.3311
9942	-102.5675	-102.5675	-71.4781	0.6969	73.4731	0.7172	1.0e-04	10.3260
9943	-102.5897	-102.5898	-71.0855	0.6929	73.8717	0.7210	1.0e-04	10.3341
9944	-102.5883	-102.5883	-71.8183	0.7001	73.1293	0.7139	1.0e-04	10.3429
9945	-102.5288	-102.5289	-71.3845	0.6962	73.5199	0.7178	1.0e-04	10.3416
9946	-102.5154	-102.5154	-72.2382	0.7047	72.6644	0.7094	1.0e-04	10.3370
9947	-102.5422	-102.5422	-72.2428	0.7045	72.6946	0.7097	1.0e-04	10.3347
9948	-102.5254	-102.5254	-71.3877	0.6963	73.4870	0.7177	1.0e-04	10.3260
9949	-102.5170	-102.5170	-71.8894	0.7012	73.0140	0.7128	1.0e-04	10.3298
9950	-102.5356	-102.5356	-72.3461	0.7056	72.5683	0.7086	1.0e-04	10.3481
9951	-102.5458	-102.5458	-71.1575	0.6939	73.7563	0.7201	1.0e-04	10.3418
9952	-102.5472	-102.5472	-71.4929	0.6972	73.3956	0.7166	1.0e-04	10.3366
9953	-102.5136	-102.5136	-71.4792	0.6973	73.4152	0.7168	1.0e-04	10.3363
9954	-102.5681	-102.5681	-71.8605	0.7006	73.0901	0.7134	1.0e-04	10.3234
9955	-102.5821	-102.5821	-72.0732	0.7026	72.8728	0.7115	1.0e-04	10.3419
9956	-102.5524	-102.5524	-71.3158	0.6954	73.6096	0.7186	1.0e-04	10.3388
9957	-102.5531	-102.5531	-71.5070	0.6973	73.4019	0.7168	1.0e-04	10.3507
9958	-102.5498	-102.5498	-70.9809	0.6922	73.9188	0.7217	1.0e-04	10.3406
9959	-102.5622	-102.5623	-70.5844	0.6882	74.3189	0.7255	1.0e-04	10.3321
9960	-102.5825	-102.5825	-71.5019	0.6970	73.4834	0.7170	1.0e-04	10.3264
9961	-102.5379	-102.5380	-70.7670	0.6902	74.1170	0.7236	1.0e-04	10.3242
9962	-102.5262	-102.5263	-70.9580	0.6921	73.9089	0.7216	1.0e-04	10.3464
9963	-102.5809	-102.5809	-71.9223	0.7011	73.0196	0.7127	1.0e-04	10.3523
9964	-102.5320	-102.5321	-70.8974	0.6915	73.9619	0.7222	1.0e-04	10.3468
9965	-102.5810	-102.5811	-70.7817	0.6900	74.1779	0.7238	1.0e-04	10.3485
9966	-102.5716	-102.5716	-71.0810	0.6930	73.8469	0.7209	1.0e-04	10.3270
9967	-102.5433	-102.5433	-71.9958	0.7021	72.9104	0.7118	1.0e-04	10.3387
9968	-102.5909	-102.5909	-71.4535	0.6965	73.5161	0.7175	1.0e-04	10.3282
9969	-102.5740	-102.5740	-71.6694	0.6987	73.2764	0.7154	1.0e-04	10.3382
9970	-102.5512	-102.5512	-71.4436	0.6967	73.4857	0.7173	1.0e-04	10.3345
9971	-102.5757	-102.5758	-70.6209	0.6885	74.2671	0.7250	1.0e-04	10.3268
9972	-102.5126	-102.5127	-71.1668	0.6942	73.7080	0.7198	1.0e-04	10.3281
9973	-102.5393	-102.5394	-70.7631	0.6901	74.1422	0.7236	1.0e-04	10.3172
9974	-102.5602	-102.5602	-71.9016	0.7011	73.0483	0.7131	1.0e-04	10.3308
9975	-102.5717	-102.5717	-71.8713	0.7007	73.0778	0.7134	1.0e-04	10.3330
9976	-102.5635	-102.5635	-71.3715	0.6959	73.5559	0.7181	1.0e-04	10.3335
9977	-102.5426	-102.5426	-72.0638	0.7028	72.8468	0.7114	1.0e-04	10.3379
9978	-102.5629	-102.5629	-71.6042	0.6981	73.3254	0.7158	1.0e-04	10.3174
9979	-102.5604	-102.5604	-71.1400	0.6936	73.7709	0.7201	1.0e-04	10.3216
9980	-102.5315	-102.5315	-71.2970	0.6954	73.5853	0.7186	1.0e-04	10.3326
9981	-102.5302	-102.5302	-71.8706	0.7010	73.0092	0.7130	1.0e-04	10.3351
9982	-102.5050	-102.5050	-71.1458	0.6941	73.6752	0.7196	1.0e-04	10.3450
9983	-102.5597	-102.5597	-71.9392	0.7014	73.0192	0.7127	1.0e-04	10.3447
9984	-102.5889	-102.5890	-70.8248	0.6904	74.1128	0.7233	1.0e-04	10.3339
9985	-102.5517	-102.5517	-71.5766	0.6980	73.3554	0.7161	1.0e-04	10.3263
9986	-102.5080	-102.5080	-71.9254	0.7017	72.9486	0.7125	1.0e-04	10.3450
9987	-102.5268	-102.5268	-71.5010	0.6974	73.4069	0.7166	1.0e-04	10.3329
9988	-102.5383	-102.5383	-71.5912	0.6982	73.3509	0.7158	1.0e-04	10.3541
9989	-102.5536	-102.5538	-70.3150	0.6856	74.5868	0.7279	1.0e-04	10.3233
9990	-102.5763	-102.5763	-71.8288	0.7002	73.1187	0.7139	1.0e-04	10.3175
9991	-102.5158	-102.5158	-72.9844	0.7119	71.9212	0.7022	1.0e-04	10.3239
9992	-102.5136	-102.5136	-72.7978	0.7101	72.0954	0.7040	1.0e-04	10.3293
9993	-102.5542	-102.5542	-71.6430	0.6986	73.3061	0.7155	1.0e-04	10.3301
9994	-102.5331	-102.5331	-72.4178	0.7063	72.4894	0.7079	1.0e-04	10.3515
9995	-102.5738	-102.5738	-72.0229	0.7022	72.9558	0.7120	1.0e-04	10.3404
9996	-102.5630	-102.5630	-72.4932	0.7068	72.4534	0.7074	1.0e-04	10.3295
9997	-102.5538	-102.5538	-71.8768	0.7009	73.0576	0.7133	1.0e-04	10.3193
9998	-102.5393	-102.5393	-71.4469	0.6968	73.4273	0.7169	1.0e-04	10.3400
9999	-102.5200	-102.5200	-72.4683	0.7069	72.4165	0.7072	1.0e-04	10.3514
10000	-102.5165	-102.5165	-71.8785	0.7011	73.0009	0.7129	1.0e-04	10.3407
