# [2025-01-03 16:06:29,810] INFO: Loading Hamiltonian from saved file
# [2025-01-03 16:06:31,768] INFO: Setting up the training loop
# [2025-01-03 16:06:33,006] INFO: Initializing parameters and states
# [2025-01-03 16:06:42,318] INFO: Burning in the sampler for 100 steps
# [2025-01-03 16:06:50,197] INFO: Start training
# HF energy from loaded: -108.60622571587143
# step	loss	e_tot	exp_es	exp_s	std_es	std_s	lr	time
0	-108.6299	-108.6299	-108.6085	0.9998	2.1575	0.0199	3.0e-04	10.5856
1	-108.6305	-108.6305	-108.6088	0.9998	2.1685	0.0200	3.0e-04	0.7905
2	-108.6301	-108.6301	-108.6077	0.9998	2.2057	0.0203	3.0e-04	0.5357
3	-108.6307	-108.6307	-108.6069	0.9998	2.2780	0.0210	3.0e-04	0.5355
4	-108.6323	-108.6323	-108.6055	0.9998	2.4173	0.0222	3.0e-04	0.5370
5	-108.6316	-108.6316	-108.6026	0.9997	2.5065	0.0231	3.0e-04	0.5345
6	-108.6327	-108.6327	-108.5998	0.9997	2.6718	0.0246	3.0e-04	0.5342
7	-108.6339	-108.6339	-108.5973	0.9997	2.8163	0.0259	3.0e-04	0.5333
8	-108.6344	-108.6344	-108.5943	0.9996	2.9511	0.0272	3.0e-04	0.5350
9	-108.6365	-108.6365	-108.5916	0.9996	3.1223	0.0287	3.0e-04	0.5355
10	-108.6378	-108.6378	-108.5882	0.9995	3.2833	0.0302	3.0e-04	0.5353
11	-108.6360	-108.6360	-108.5825	0.9995	3.4110	0.0314	3.0e-04	0.5350
12	-108.6368	-108.6368	-108.5756	0.9994	3.6458	0.0336	3.0e-04	0.5349
13	-108.6387	-108.6387	-108.5756	0.9994	3.7042	0.0341	3.0e-04	0.5351
14	-108.6382	-108.6382	-108.5636	0.9993	4.0257	0.0371	3.0e-04	0.5363
15	-108.6402	-108.6402	-108.5603	0.9993	4.1657	0.0383	3.0e-04	0.5357
16	-108.6399	-108.6399	-108.5531	0.9992	4.3410	0.0400	3.0e-04	0.5367
17	-108.6436	-108.6436	-108.5477	0.9991	4.5646	0.0420	3.0e-04	0.5354
18	-108.6450	-108.6450	-108.5360	0.9990	4.8641	0.0448	3.0e-04	0.5366
19	-108.6451	-108.6451	-108.5303	0.9989	4.9924	0.0459	3.0e-04	0.5370
20	-108.6503	-108.6503	-108.5247	0.9988	5.2240	0.0481	3.0e-04	0.5358
21	-108.6494	-108.6494	-108.5108	0.9987	5.4858	0.0505	3.0e-04	0.5337
22	-108.6509	-108.6509	-108.4992	0.9986	5.7384	0.0528	3.0e-04	0.5373
23	-108.6509	-108.6509	-108.4889	0.9985	5.9288	0.0546	3.0e-04	0.5376
24	-108.6555	-108.6555	-108.4801	0.9984	6.1701	0.0568	3.0e-04	0.5364
25	-108.6554	-108.6554	-108.4580	0.9982	6.5453	0.0602	3.0e-04	0.5365
26	-108.6562	-108.6562	-108.4391	0.9980	6.8658	0.0632	3.0e-04	0.5355
27	-108.6637	-108.6637	-108.4356	0.9979	7.0361	0.0647	3.0e-04	0.5364
28	-108.6670	-108.6670	-108.4138	0.9977	7.4122	0.0682	3.0e-04	0.5375
29	-108.6659	-108.6659	-108.3969	0.9975	7.6416	0.0703	3.0e-04	0.5378
30	-108.6704	-108.6704	-108.3879	0.9974	7.8302	0.0721	3.0e-04	0.5383
31	-108.6745	-108.6745	-108.3661	0.9972	8.1816	0.0753	3.0e-04	0.5360
32	-108.6805	-108.6805	-108.3530	0.9970	8.4316	0.0776	3.0e-04	0.5375
33	-108.6797	-108.6797	-108.3313	0.9968	8.6961	0.0800	3.0e-04	0.5373
34	-108.6818	-108.6818	-108.3256	0.9967	8.7913	0.0809	3.0e-04	0.5381
35	-108.6893	-108.6893	-108.2965	0.9964	9.2325	0.0849	3.0e-04	0.5370
36	-108.6870	-108.6870	-108.2825	0.9963	9.3650	0.0862	3.0e-04	0.5369
37	-108.7003	-108.7003	-108.2830	0.9962	9.5154	0.0875	3.0e-04	0.5381
38	-108.7008	-108.7008	-108.2434	0.9958	9.9606	0.0916	3.0e-04	0.5371
39	-108.6979	-108.6979	-108.2316	0.9957	10.0564	0.0925	3.0e-04	0.5376
40	-108.7076	-108.7076	-108.2205	0.9955	10.2791	0.0946	3.0e-04	0.5371
41	-108.7200	-108.7200	-108.2089	0.9953	10.5296	0.0969	3.0e-04	0.5378
42	-108.7196	-108.7196	-108.1790	0.9950	10.8244	0.0996	3.0e-04	0.5373
43	-108.7352	-108.7352	-108.1889	0.9950	10.8854	0.1001	3.0e-04	0.5373
44	-108.7430	-108.7430	-108.1733	0.9948	11.1140	0.1022	3.0e-04	0.5363
45	-108.7435	-108.7435	-108.1698	0.9947	11.1523	0.1026	3.0e-04	0.5380
46	-108.7520	-108.7520	-108.1897	0.9948	11.0450	0.1016	3.0e-04	0.5366
47	-108.7571	-108.7571	-108.1662	0.9946	11.3202	0.1041	3.0e-04	0.5372
48	-108.7692	-108.7692	-108.2042	0.9948	11.0720	0.1018	3.0e-04	0.5369
49	-108.7750	-108.7750	-108.2274	0.9950	10.8992	0.1002	3.0e-04	0.5374
50	-108.7830	-108.7830	-108.2395	0.9950	10.8602	0.0998	3.0e-04	0.5363
51	-108.7867	-108.7867	-108.2392	0.9950	10.8992	0.1002	3.0e-04	0.5369
52	-108.7958	-108.7958	-108.2635	0.9951	10.7474	0.0988	3.0e-04	0.5366
53	-108.7995	-108.7995	-108.2670	0.9951	10.7467	0.0988	3.0e-04	0.5375
54	-108.8213	-108.8213	-108.2997	0.9952	10.6395	0.0978	3.0e-04	0.5367
55	-108.8157	-108.8157	-108.3149	0.9954	10.4279	0.0958	3.0e-04	0.5386
56	-108.8256	-108.8256	-108.3369	0.9955	10.3048	0.0947	3.0e-04	0.5375
57	-108.8501	-108.8501	-108.3521	0.9954	10.3985	0.0955	3.0e-04	0.5363
58	-108.8447	-108.8447	-108.3578	0.9955	10.2880	0.0945	3.0e-04	0.5378
59	-108.8481	-108.8481	-108.3742	0.9956	10.1464	0.0932	3.0e-04	0.5366
60	-108.8495	-108.8495	-108.4039	0.9959	9.8422	0.0904	3.0e-04	0.5373
61	-108.8769	-108.8769	-108.4198	0.9958	9.9711	0.0915	3.0e-04	0.5368
62	-108.8720	-108.8720	-108.4363	0.9960	9.7329	0.0894	3.0e-04	0.5356
63	-108.8681	-108.8681	-108.4402	0.9961	9.6453	0.0886	3.0e-04	0.5378
64	-108.8741	-108.8741	-108.4500	0.9961	9.6028	0.0882	3.0e-04	0.5365
65	-108.8927	-108.8927	-108.4937	0.9963	9.3148	0.0855	3.0e-04	0.5376
66	-108.8972	-108.8972	-108.5041	0.9964	9.2480	0.0849	3.0e-04	0.5385
67	-108.8841	-108.8841	-108.4971	0.9964	9.1744	0.0842	3.0e-04	0.5368
68	-108.9030	-108.9030	-108.5270	0.9965	9.0443	0.0830	3.0e-04	0.5351
69	-108.9135	-108.9135	-108.5306	0.9965	9.1287	0.0838	3.0e-04	0.5379
70	-108.9221	-108.9221	-108.5371	0.9965	9.1547	0.0840	3.0e-04	0.5379
71	-108.9235	-108.9235	-108.5355	0.9964	9.1874	0.0843	3.0e-04	0.5373
72	-108.9096	-108.9096	-108.5254	0.9965	9.1394	0.0839	3.0e-04	0.5395
73	-108.9305	-108.9305	-108.5550	0.9966	9.0384	0.0830	3.0e-04	0.5367
74	-108.9209	-108.9209	-108.5437	0.9965	9.0578	0.0831	3.0e-04	0.5374
75	-108.9355	-108.9355	-108.5447	0.9964	9.2165	0.0846	3.0e-04	0.5375
76	-108.9288	-108.9288	-108.5457	0.9965	9.1205	0.0838	3.0e-04	0.5369
77	-108.9305	-108.9305	-108.5426	0.9964	9.1775	0.0843	3.0e-04	0.5367
78	-108.9396	-108.9396	-108.5519	0.9964	9.1764	0.0843	3.0e-04	0.5377
79	-108.9513	-108.9513	-108.5472	0.9963	9.3673	0.0861	3.0e-04	0.5351
80	-108.9600	-108.9600	-108.5497	0.9962	9.4402	0.0867	3.0e-04	0.5363
81	-108.9619	-108.9619	-108.5500	0.9962	9.4567	0.0869	3.0e-04	0.5386
82	-108.9401	-108.9401	-108.5108	0.9961	9.6465	0.0887	3.0e-04	0.5364
83	-108.9514	-108.9514	-108.5248	0.9961	9.6183	0.0884	3.0e-04	0.5357
84	-108.9674	-108.9674	-108.5246	0.9959	9.8011	0.0901	2.9e-04	0.5359
85	-108.9518	-108.9518	-108.5128	0.9960	9.7599	0.0897	2.9e-04	0.5362
86	-108.9608	-108.9608	-108.5259	0.9960	9.7166	0.0892	2.9e-04	0.5363
87	-108.9569	-108.9569	-108.4900	0.9957	10.0595	0.0925	2.9e-04	0.5380
88	-108.9871	-108.9871	-108.5229	0.9957	10.0311	0.0922	2.9e-04	0.5374
89	-108.9971	-108.9971	-108.5150	0.9956	10.2211	0.0939	2.9e-04	0.5380
90	-108.9891	-108.9891	-108.4863	0.9954	10.4371	0.0959	2.9e-04	0.5377
91	-108.9922	-108.9922	-108.4900	0.9954	10.4346	0.0959	2.9e-04	0.5366
92	-108.9769	-108.9769	-108.4771	0.9954	10.4124	0.0957	2.9e-04	0.5375
93	-109.0008	-109.0008	-108.4843	0.9953	10.5832	0.0972	2.9e-04	0.5374
94	-108.9899	-108.9899	-108.4528	0.9951	10.7898	0.0992	2.9e-04	0.5367
95	-108.9910	-108.9910	-108.4237	0.9948	11.0888	0.1019	2.9e-04	0.5356
96	-108.9884	-108.9884	-108.4194	0.9948	11.1100	0.1020	2.9e-04	0.5358
97	-108.9973	-108.9973	-108.3991	0.9945	11.3856	0.1046	2.9e-04	0.5382
98	-108.9976	-108.9976	-108.3723	0.9943	11.6436	0.1070	2.9e-04	0.5373
99	-108.9891	-108.9891	-108.3511	0.9941	11.7517	0.1080	2.9e-04	0.5369
100	-108.9945	-108.9945	-108.3535	0.9941	11.7876	0.1083	2.9e-04	0.5369
101	-109.0012	-109.0012	-108.3522	0.9940	11.8568	0.1089	2.9e-04	0.5361
102	-108.9913	-108.9913	-108.3308	0.9939	11.9626	0.1099	2.9e-04	0.5367
103	-108.9818	-108.9818	-108.2892	0.9936	12.2450	0.1125	2.9e-04	0.5373
104	-109.0171	-109.0171	-108.3149	0.9936	12.3327	0.1133	2.9e-04	0.5370
105	-108.9831	-108.9831	-108.2640	0.9934	12.4816	0.1147	2.9e-04	0.5362
106	-109.0137	-109.0137	-108.2839	0.9933	12.5735	0.1155	2.9e-04	0.5387
107	-109.0118	-109.0118	-108.2872	0.9934	12.5299	0.1151	2.9e-04	0.5368
108	-108.9985	-108.9985	-108.2694	0.9933	12.5681	0.1155	2.9e-04	0.5356
109	-109.0124	-109.0124	-108.2271	0.9928	13.0434	0.1198	2.9e-04	0.5387
110	-109.0133	-109.0133	-108.2528	0.9930	12.8347	0.1179	2.9e-04	0.5369
111	-109.0104	-109.0104	-108.2436	0.9930	12.8884	0.1184	2.9e-04	0.5382
112	-109.0087	-109.0087	-108.2221	0.9928	13.0548	0.1199	2.9e-04	0.5372
113	-109.0154	-109.0154	-108.2205	0.9927	13.1197	0.1205	2.9e-04	0.5357
114	-109.0106	-109.0106	-108.2207	0.9928	13.0759	0.1201	2.9e-04	0.5384
115	-109.0173	-109.0173	-108.2092	0.9926	13.2291	0.1215	2.9e-04	0.5374
116	-109.0345	-109.0345	-108.2137	0.9925	13.3343	0.1225	2.9e-04	0.5365
117	-109.0182	-109.0182	-108.2050	0.9925	13.2716	0.1219	2.9e-04	0.5378
118	-109.0241	-109.0241	-108.1862	0.9923	13.4656	0.1237	2.9e-04	0.5365
119	-109.0110	-109.0110	-108.2080	0.9926	13.1867	0.1211	2.9e-04	0.5362
120	-109.0185	-109.0185	-108.1651	0.9922	13.5930	0.1249	2.9e-04	0.5362
121	-109.0143	-109.0143	-108.1555	0.9921	13.6381	0.1253	2.9e-04	0.5377
122	-109.0085	-109.0085	-108.1372	0.9920	13.7305	0.1261	2.9e-04	0.5388
123	-109.0149	-109.0149	-108.1659	0.9922	13.5551	0.1245	2.9e-04	0.5392
124	-109.0144	-109.0144	-108.1293	0.9919	13.8439	0.1272	2.9e-04	0.5380
125	-109.0120	-109.0120	-108.1356	0.9920	13.7764	0.1265	2.9e-04	0.5392
126	-109.0263	-109.0263	-108.1463	0.9919	13.7992	0.1268	2.9e-04	0.5364
127	-109.0231	-109.0231	-108.1338	0.9918	13.8730	0.1274	2.9e-04	0.5388
128	-109.0204	-109.0204	-108.1047	0.9916	14.0783	0.1293	2.9e-04	0.5373
129	-109.0163	-109.0163	-108.0928	0.9915	14.1384	0.1299	2.9e-04	0.5372
130	-109.0236	-109.0236	-108.0787	0.9913	14.3052	0.1314	2.9e-04	0.5380
131	-109.0074	-109.0074	-108.0584	0.9913	14.3273	0.1317	2.9e-04	0.5376
132	-109.0222	-109.0222	-108.0639	0.9912	14.3978	0.1323	2.9e-04	0.5353
133	-109.0214	-109.0214	-108.0508	0.9911	14.4840	0.1330	2.9e-04	0.5380
134	-109.0315	-109.0315	-108.0323	0.9908	14.7087	0.1351	2.9e-04	0.5366
135	-109.0284	-109.0284	-108.0339	0.9909	14.6724	0.1348	2.9e-04	0.5390
136	-109.0203	-109.0203	-108.0269	0.9909	14.6612	0.1347	2.9e-04	0.5367
137	-109.0178	-109.0178	-107.9723	0.9904	15.0272	0.1381	2.9e-04	0.5371
138	-109.0277	-109.0277	-108.0090	0.9907	14.8424	0.1363	2.9e-04	0.5393
139	-109.0270	-109.0270	-107.9802	0.9904	15.0461	0.1382	2.9e-04	0.5381
140	-109.0182	-109.0182	-107.9243	0.9900	15.3869	0.1413	2.9e-04	0.5363
141	-109.0395	-109.0395	-107.9214	0.9897	15.5511	0.1428	2.9e-04	0.5388
142	-109.0459	-109.0459	-107.9250	0.9897	15.5762	0.1430	2.9e-04	0.5369
143	-109.0308	-109.0308	-107.9055	0.9897	15.6038	0.1433	2.9e-04	0.5379
144	-109.0235	-109.0235	-107.9164	0.9898	15.4680	0.1421	2.9e-04	0.5361
145	-109.0219	-109.0219	-107.8832	0.9896	15.6976	0.1442	2.9e-04	0.5374
146	-109.0234	-109.0234	-107.8392	0.9891	16.0007	0.1470	2.9e-04	0.5380
147	-109.0246	-109.0246	-107.8852	0.9895	15.6991	0.1442	2.9e-04	0.5367
148	-109.0259	-109.0259	-107.8188	0.9889	16.1469	0.1483	2.9e-04	0.5370
149	-109.0334	-109.0334	-107.8050	0.9887	16.2999	0.1497	2.9e-04	0.5376
150	-109.0489	-109.0489	-107.8065	0.9886	16.3919	0.1505	2.9e-04	0.5374
151	-109.0313	-109.0313	-107.7580	0.9883	16.5943	0.1524	2.9e-04	0.5374
152	-109.0289	-109.0289	-107.7963	0.9887	16.3119	0.1498	2.9e-04	0.5367
153	-109.0418	-109.0418	-107.7327	0.9880	16.8249	0.1545	2.9e-04	0.5363
154	-109.0301	-109.0301	-107.7268	0.9880	16.7870	0.1541	2.9e-04	0.5372
155	-109.0459	-109.0459	-107.7085	0.9877	17.0039	0.1561	2.9e-04	0.5376
156	-109.0428	-109.0428	-107.7048	0.9877	17.0087	0.1562	2.9e-04	0.5362
157	-109.0272	-109.0272	-107.6996	0.9878	16.9405	0.1556	2.9e-04	0.5389
158	-109.0356	-109.0356	-107.6937	0.9877	17.0291	0.1563	2.9e-04	0.5357
159	-109.0353	-109.0353	-107.6494	0.9873	17.3095	0.1589	2.9e-04	0.5367
160	-109.0397	-109.0397	-107.6790	0.9875	17.1581	0.1575	2.9e-04	0.5365
161	-109.0485	-109.0485	-107.6502	0.9872	17.3800	0.1595	2.9e-04	0.5367
162	-109.0722	-109.0722	-107.6902	0.9873	17.2878	0.1587	2.9e-04	0.5365
163	-109.0335	-109.0335	-107.6909	0.9877	17.0284	0.1563	2.9e-04	0.5386
164	-109.0353	-109.0353	-107.6300	0.9871	17.4262	0.1600	2.9e-04	0.5361
165	-109.0297	-109.0297	-107.6422	0.9873	17.3227	0.1590	2.9e-04	0.5376
166	-109.0421	-109.0421	-107.6536	0.9873	17.3248	0.1591	2.9e-04	0.5364
167	-109.0405	-109.0405	-107.6425	0.9872	17.3832	0.1596	2.9e-04	0.5362
168	-109.0278	-109.0278	-107.6632	0.9875	17.1752	0.1577	2.9e-04	0.5365
169	-109.0598	-109.0598	-107.6524	0.9871	17.4452	0.1601	2.9e-04	0.5369
170	-109.0277	-109.0277	-107.6469	0.9873	17.2827	0.1586	2.9e-04	0.5381
171	-109.0456	-109.0456	-107.6488	0.9872	17.3747	0.1595	2.9e-04	0.5367
172	-109.0475	-109.0475	-107.6318	0.9870	17.4924	0.1606	2.9e-04	0.5370
173	-109.0427	-109.0427	-107.6578	0.9873	17.3077	0.1589	2.9e-04	0.5377
174	-109.0398	-109.0398	-107.6253	0.9870	17.4850	0.1605	2.9e-04	0.5369
175	-109.0474	-109.0474	-107.6463	0.9872	17.4102	0.1598	2.9e-04	0.5381
176	-109.0665	-109.0665	-107.7039	0.9875	17.1692	0.1576	2.9e-04	0.5373
177	-109.0332	-109.0332	-107.6416	0.9872	17.3464	0.1593	2.9e-04	0.5373
178	-109.0298	-109.0298	-107.6205	0.9871	17.4516	0.1602	2.9e-04	0.5385
179	-109.0239	-109.0239	-107.5575	0.9866	17.7975	0.1634	2.9e-04	0.5372
180	-109.0395	-109.0395	-107.5985	0.9868	17.6483	0.1620	2.9e-04	0.5380
181	-109.0534	-109.0534	-107.6170	0.9868	17.6216	0.1618	2.9e-04	0.5369
182	-109.0604	-109.0604	-107.5900	0.9865	17.8311	0.1637	2.9e-04	0.5374
183	-109.0343	-109.0343	-107.5631	0.9865	17.8289	0.1637	2.9e-04	0.5389
184	-109.0236	-109.0236	-107.5446	0.9864	17.8796	0.1642	2.9e-04	0.5374
185	-109.0465	-109.0465	-107.5301	0.9861	18.1060	0.1662	2.9e-04	0.5378
186	-109.0371	-109.0371	-107.5162	0.9861	18.1101	0.1662	2.9e-04	0.5359
187	-109.0384	-109.0384	-107.5171	0.9860	18.1289	0.1664	2.9e-04	0.5380
188	-109.0389	-109.0389	-107.4939	0.9858	18.2701	0.1677	2.9e-04	0.5381
189	-109.0486	-109.0486	-107.4510	0.9853	18.5822	0.1705	2.9e-04	0.5387
190	-109.0467	-109.0467	-107.4739	0.9856	18.4388	0.1692	2.9e-04	0.5367
191	-109.0464	-109.0464	-107.4661	0.9855	18.4780	0.1696	2.9e-04	0.5372
192	-109.0522	-109.0522	-107.4802	0.9856	18.4341	0.1692	2.9e-04	0.5380
193	-109.0523	-109.0523	-107.4475	0.9853	18.6189	0.1709	2.9e-04	0.5367
194	-109.0617	-109.0617	-107.4222	0.9850	18.8204	0.1727	2.9e-04	0.5385
195	-109.0490	-109.0490	-107.4106	0.9850	18.8024	0.1726	2.9e-04	0.5389
196	-109.0435	-109.0435	-107.3976	0.9849	18.8550	0.1731	2.9e-04	0.5397
197	-109.0496	-109.0496	-107.3685	0.9846	19.0478	0.1748	2.9e-04	0.5387
198	-109.0502	-109.0502	-107.3854	0.9847	18.9580	0.1740	2.9e-04	0.5379
199	-109.0539	-109.0539	-107.4069	0.9849	18.8603	0.1731	2.9e-04	0.5376
200	-109.0519	-109.0519	-107.3533	0.9844	19.1540	0.1758	2.9e-04	0.5363
201	-109.0638	-109.0638	-107.3514	0.9843	19.2314	0.1765	2.9e-04	0.5357
202	-109.0437	-109.0437	-107.2678	0.9837	19.5798	0.1797	2.9e-04	0.5366
203	-109.0400	-109.0400	-107.2738	0.9838	19.5210	0.1792	2.9e-04	0.5372
204	-109.0317	-109.0317	-107.2724	0.9839	19.4884	0.1789	2.9e-04	0.5377
205	-109.0611	-109.0611	-107.2590	0.9835	19.7233	0.1810	2.9e-04	0.5379
206	-109.0458	-109.0458	-107.1842	0.9829	20.0396	0.1840	2.9e-04	0.5375
207	-109.0382	-109.0382	-107.2152	0.9833	19.8339	0.1821	2.9e-04	0.5371
208	-109.0467	-109.0467	-107.1017	0.9822	20.4832	0.1880	2.9e-04	0.5365
209	-109.0562	-109.0562	-107.1616	0.9826	20.2215	0.1856	2.9e-04	0.5375
210	-109.0543	-109.0543	-107.1398	0.9824	20.3243	0.1865	2.9e-04	0.5367
211	-109.0492	-109.0492	-107.1332	0.9824	20.3330	0.1866	2.9e-04	0.5360
212	-109.0382	-109.0382	-107.0981	0.9822	20.4478	0.1877	2.9e-04	0.5373
213	-109.0542	-109.0542	-107.0996	0.9821	20.5045	0.1882	2.9e-04	0.5374
214	-109.0651	-109.0651	-107.1154	0.9821	20.5065	0.1882	2.9e-04	0.5380
215	-109.0366	-109.0366	-107.1035	0.9823	20.4167	0.1874	2.9e-04	0.5374
216	-109.0582	-109.0582	-107.0940	0.9820	20.5776	0.1889	2.9e-04	0.5360
217	-109.0491	-109.0491	-107.0621	0.9818	20.7043	0.1900	2.9e-04	0.5378
218	-109.0594	-109.0594	-107.0376	0.9815	20.8847	0.1917	2.9e-04	0.5380
219	-109.0549	-109.0549	-107.0525	0.9816	20.7821	0.1907	2.9e-04	0.5391
220	-109.0481	-109.0481	-107.1270	0.9824	20.3591	0.1869	2.9e-04	0.5370
221	-109.0555	-109.0555	-107.1406	0.9824	20.3267	0.1866	2.9e-04	0.5388
222	-109.0619	-109.0619	-107.1269	0.9823	20.4335	0.1875	2.9e-04	0.5378
223	-109.0643	-109.0643	-107.1016	0.9820	20.5779	0.1888	2.9e-04	0.5379
224	-109.0650	-109.0650	-107.0736	0.9817	20.7155	0.1901	2.9e-04	0.5374
225	-109.0558	-109.0558	-107.0288	0.9814	20.9094	0.1919	2.9e-04	0.5370
226	-109.0605	-109.0605	-107.1322	0.9823	20.3984	0.1872	2.9e-04	0.5385
227	-109.0695	-109.0695	-107.1235	0.9822	20.4909	0.1880	2.9e-04	0.5366
228	-109.0624	-109.0624	-107.1751	0.9827	20.1755	0.1852	2.9e-04	0.5363
229	-109.0477	-109.0477	-107.0787	0.9819	20.6033	0.1891	2.9e-04	0.5384
230	-109.0443	-109.0443	-107.1175	0.9823	20.3863	0.1871	2.9e-04	0.5382
231	-109.0523	-109.0523	-107.0117	0.9813	20.9723	0.1925	2.9e-04	0.5381
232	-109.0449	-109.0449	-107.0990	0.9822	20.4858	0.1881	2.9e-04	0.5367
233	-109.0466	-109.0466	-107.0934	0.9821	20.5246	0.1884	2.9e-04	0.5386
234	-109.0667	-109.0667	-107.0061	0.9811	21.0757	0.1934	2.9e-04	0.5382
235	-109.0628	-109.0628	-106.9871	0.9810	21.1574	0.1942	2.9e-04	0.5396
236	-109.0684	-109.0684	-106.9674	0.9807	21.2796	0.1953	2.9e-04	0.5356
237	-109.0739	-109.0739	-106.9704	0.9807	21.2995	0.1954	2.9e-04	0.5370
238	-109.0533	-109.0533	-106.9315	0.9805	21.3865	0.1963	2.9e-04	0.5366
239	-109.0418	-109.0418	-106.8695	0.9801	21.6386	0.1986	2.9e-04	0.5383
240	-109.0581	-109.0581	-106.8877	0.9801	21.6294	0.1985	2.9e-04	0.5368
241	-109.0508	-109.0508	-106.8460	0.9798	21.8006	0.2001	2.9e-04	0.5382
242	-109.0563	-109.0563	-106.8867	0.9801	21.6274	0.1985	2.9e-04	0.5363
243	-109.0552	-109.0552	-106.9581	0.9808	21.2654	0.1952	2.9e-04	0.5370
244	-109.0495	-109.0495	-106.9289	0.9806	21.3799	0.1962	2.9e-04	0.5371
245	-109.0593	-109.0593	-106.8664	0.9799	21.7401	0.1995	2.9e-04	0.5378
246	-109.0548	-109.0548	-106.8309	0.9796	21.8864	0.2009	2.9e-04	0.5378
247	-109.0585	-109.0585	-106.8048	0.9793	22.0333	0.2022	2.9e-04	0.5376
248	-109.0448	-109.0448	-106.7688	0.9791	22.1418	0.2032	2.9e-04	0.5364
249	-109.0549	-109.0549	-106.7172	0.9786	22.4388	0.2059	2.9e-04	0.5380
250	-109.0579	-109.0579	-106.7083	0.9785	22.4906	0.2064	2.9e-04	0.5363
251	-109.0516	-109.0516	-106.7399	0.9788	22.3153	0.2048	2.9e-04	0.5375
252	-109.0572	-109.0572	-106.6023	0.9775	22.9843	0.2110	2.9e-04	0.5378
253	-109.0463	-109.0463	-106.5917	0.9775	22.9847	0.2110	2.9e-04	0.5372
254	-109.0507	-109.0507	-106.5316	0.9769	23.2852	0.2137	2.9e-04	0.5375
255	-109.0661	-109.0661	-106.4852	0.9763	23.5537	0.2162	2.9e-04	0.5372
256	-109.0690	-109.0690	-106.3850	0.9754	24.0297	0.2205	2.9e-04	0.5371
257	-109.0458	-109.0458	-106.3901	0.9756	23.8936	0.2193	2.9e-04	0.5378
258	-109.0523	-109.0523	-106.3297	0.9750	24.1899	0.2220	2.9e-04	0.5374
259	-109.0581	-109.0581	-106.3312	0.9750	24.2154	0.2222	2.9e-04	0.5390
260	-109.0536	-109.0536	-106.2128	0.9739	24.7029	0.2267	2.9e-04	0.5358
261	-109.0760	-109.0760	-106.2366	0.9740	24.7064	0.2267	2.9e-04	0.5370
262	-109.0704	-109.0704	-106.1887	0.9736	24.8770	0.2283	2.9e-04	0.5374
263	-109.0503	-109.0503	-106.0568	0.9725	25.3557	0.2327	2.8e-04	0.5365
264	-109.0575	-109.0575	-106.0603	0.9725	25.3725	0.2328	2.8e-04	0.5360
265	-109.0623	-109.0623	-106.0771	0.9726	25.3243	0.2324	2.8e-04	0.5379
266	-109.0683	-109.0683	-106.0766	0.9726	25.3514	0.2326	2.8e-04	0.5360
267	-109.0533	-109.0533	-106.0287	0.9723	25.4861	0.2339	2.8e-04	0.5374
268	-109.0581	-109.0581	-106.0561	0.9725	25.3921	0.2330	2.8e-04	0.5358
269	-109.0503	-109.0503	-106.1146	0.9731	25.1146	0.2305	2.8e-04	0.5378
270	-109.0411	-109.0411	-106.0388	0.9725	25.3968	0.2330	2.8e-04	0.5386
271	-109.0549	-109.0549	-106.0976	0.9729	25.2022	0.2313	2.8e-04	0.5380
272	-109.0480	-109.0480	-105.9486	0.9716	25.7874	0.2367	2.8e-04	0.5375
273	-109.0673	-109.0673	-106.0134	0.9720	25.5964	0.2349	2.8e-04	0.5364
274	-109.0451	-109.0451	-105.8713	0.9709	26.0936	0.2395	2.8e-04	0.5361
275	-109.0752	-109.0752	-106.0081	0.9719	25.6681	0.2355	2.8e-04	0.5390
276	-109.0708	-109.0708	-105.8598	0.9706	26.2460	0.2408	2.8e-04	0.5370
277	-109.0518	-109.0518	-105.9463	0.9715	25.8254	0.2369	2.8e-04	0.5384
278	-109.0659	-109.0659	-105.8772	0.9708	26.1632	0.2400	2.8e-04	0.5382
279	-109.0687	-109.0687	-105.8762	0.9707	26.1634	0.2400	2.8e-04	0.5366
280	-109.0593	-109.0593	-105.8414	0.9705	26.2770	0.2411	2.8e-04	0.5369
281	-109.0560	-109.0560	-105.8634	0.9707	26.1724	0.2402	2.8e-04	0.5372
282	-109.0677	-109.0677	-105.9071	0.9710	26.0472	0.2390	2.8e-04	0.5364
283	-109.0578	-109.0578	-105.9333	0.9713	25.8964	0.2376	2.8e-04	0.5382
284	-109.0651	-109.0651	-105.8914	0.9709	26.0956	0.2395	2.8e-04	0.5364
285	-109.0584	-109.0584	-105.8935	0.9710	26.0646	0.2392	2.8e-04	0.5375
286	-109.0640	-109.0640	-105.7247	0.9694	26.7614	0.2456	2.8e-04	0.5389
287	-109.0594	-109.0594	-105.7408	0.9696	26.6779	0.2448	2.8e-04	0.5364
288	-109.0399	-109.0399	-105.7833	0.9701	26.4269	0.2426	2.8e-04	0.5368
289	-109.0647	-109.0647	-105.5856	0.9681	27.2965	0.2505	2.8e-04	0.5376
290	-109.0518	-109.0518	-105.6131	0.9685	27.1515	0.2491	2.8e-04	0.5368
291	-109.0699	-109.0699	-105.5745	0.9680	27.3671	0.2511	2.8e-04	0.5383
292	-109.0695	-109.0695	-105.5169	0.9674	27.5880	0.2531	2.8e-04	0.5360
293	-109.0809	-109.0809	-105.4976	0.9672	27.7097	0.2542	2.8e-04	0.5381
294	-109.0800	-109.0800	-105.4430	0.9667	27.9030	0.2560	2.8e-04	0.5373
295	-109.0497	-109.0497	-105.3983	0.9665	27.9633	0.2566	2.8e-04	0.5360
296	-109.0646	-109.0646	-105.3685	0.9661	28.1318	0.2581	2.8e-04	0.5371
297	-109.0689	-109.0689	-105.4092	0.9664	27.9788	0.2567	2.8e-04	0.5367
298	-109.0706	-109.0706	-105.4534	0.9668	27.8253	0.2553	2.8e-04	0.5363
299	-109.0737	-109.0737	-105.1475	0.9640	28.9784	0.2659	2.8e-04	0.5396
300	-109.0713	-109.0713	-105.2993	0.9654	28.4119	0.2607	2.8e-04	0.5370
301	-109.0584	-109.0584	-105.3472	0.9660	28.1816	0.2586	2.8e-04	0.5357
302	-109.0710	-109.0710	-105.2680	0.9651	28.5298	0.2618	2.8e-04	0.5374
303	-109.0553	-109.0553	-105.2352	0.9650	28.5892	0.2624	2.8e-04	0.5367
304	-109.0632	-109.0632	-105.2743	0.9653	28.4747	0.2613	2.8e-04	0.5358
305	-109.0835	-109.0835	-105.2445	0.9648	28.6354	0.2627	2.8e-04	0.5377
306	-109.0695	-109.0695	-105.2556	0.9650	28.5681	0.2621	2.8e-04	0.5371
307	-109.0646	-109.0646	-105.1959	0.9645	28.7638	0.2640	2.8e-04	0.5368
308	-109.0682	-109.0682	-105.1819	0.9644	28.8349	0.2646	2.8e-04	0.5362
309	-109.0794	-109.0794	-105.2863	0.9652	28.4912	0.2614	2.8e-04	0.5389
310	-109.0765	-109.0765	-105.3796	0.9661	28.1149	0.2580	2.8e-04	0.5376
311	-109.0531	-109.0531	-105.3437	0.9660	28.1782	0.2586	2.8e-04	0.5369
312	-109.0686	-109.0686	-105.3040	0.9655	28.3707	0.2603	2.8e-04	0.5367
313	-109.0617	-109.0617	-105.3193	0.9657	28.2911	0.2596	2.8e-04	0.5371
314	-109.0718	-109.0718	-105.1848	0.9644	28.8371	0.2646	2.8e-04	0.5385
315	-109.0626	-109.0626	-105.2889	0.9654	28.4176	0.2608	2.8e-04	0.5382
316	-109.0652	-109.0652	-105.1313	0.9639	28.9965	0.2661	2.8e-04	0.5371
317	-109.0552	-109.0552	-105.2092	0.9647	28.6820	0.2632	2.8e-04	0.5371
318	-109.0767	-109.0767	-105.2524	0.9649	28.6019	0.2624	2.8e-04	0.5369
319	-109.0455	-109.0455	-105.1617	0.9644	28.8270	0.2645	2.8e-04	0.5377
320	-109.0626	-109.0626	-105.0283	0.9630	29.3654	0.2694	2.8e-04	0.5361
321	-109.0742	-109.0742	-105.0090	0.9627	29.4695	0.2704	2.8e-04	0.5357
322	-109.0764	-109.0764	-104.9996	0.9626	29.5171	0.2708	2.8e-04	0.5380
323	-109.0546	-109.0546	-104.9684	0.9625	29.5477	0.2712	2.8e-04	0.5379
324	-109.0558	-109.0558	-105.0629	0.9634	29.2179	0.2681	2.8e-04	0.5377
325	-109.0779	-109.0779	-105.1300	0.9638	29.0579	0.2666	2.8e-04	0.5381
326	-109.0735	-109.0735	-104.9380	0.9621	29.7265	0.2727	2.8e-04	0.5358
327	-109.0633	-109.0633	-105.0149	0.9629	29.4182	0.2699	2.8e-04	0.5386
328	-109.0491	-109.0491	-104.8457	0.9615	29.9494	0.2749	2.8e-04	0.5367
329	-109.0685	-109.0685	-104.8242	0.9611	30.1062	0.2763	2.8e-04	0.5370
330	-109.0748	-109.0748	-104.8556	0.9613	30.0221	0.2754	2.8e-04	0.5382
331	-109.0600	-109.0600	-104.8059	0.9610	30.1392	0.2766	2.8e-04	0.5371
332	-109.0634	-109.0634	-104.9021	0.9618	29.8064	0.2735	2.8e-04	0.5367
333	-109.0750	-109.0750	-104.7692	0.9605	30.3216	0.2782	2.8e-04	0.5377
334	-109.0745	-109.0745	-104.7206	0.9601	30.4770	0.2797	2.8e-04	0.5361
335	-109.0773	-109.0773	-104.7197	0.9601	30.4972	0.2798	2.8e-04	0.5383
336	-109.0738	-109.0738	-104.6539	0.9595	30.7093	0.2817	2.8e-04	0.5357
337	-109.0677	-109.0677	-104.6906	0.9599	30.5523	0.2803	2.8e-04	0.5364
338	-109.0648	-109.0648	-104.5393	0.9585	31.0696	0.2851	2.8e-04	0.5362
339	-109.0676	-109.0676	-104.4545	0.9577	31.3586	0.2877	2.8e-04	0.5397
340	-109.0723	-109.0723	-104.7120	0.9600	30.4996	0.2798	2.8e-04	0.5360
341	-109.0603	-109.0603	-104.5963	0.9591	30.8594	0.2831	2.8e-04	0.5384
342	-109.0593	-109.0593	-104.4011	0.9573	31.5046	0.2891	2.8e-04	0.5372
343	-109.0589	-109.0589	-104.3521	0.9568	31.6747	0.2906	2.8e-04	0.5374
344	-109.0722	-109.0722	-104.2932	0.9562	31.8846	0.2926	2.8e-04	0.5385
345	-109.0713	-109.0713	-104.5145	0.9582	31.1582	0.2859	2.8e-04	0.5381
346	-109.0728	-109.0728	-104.1940	0.9553	32.2232	0.2957	2.8e-04	0.5377
347	-109.0718	-109.0718	-104.4404	0.9575	31.4101	0.2882	2.8e-04	0.5375
348	-109.0515	-109.0515	-104.1939	0.9555	32.1571	0.2951	2.8e-04	0.5369
349	-109.0591	-109.0591	-104.2275	0.9557	32.0777	0.2943	2.8e-04	0.5364
350	-109.0726	-109.0726	-104.0813	0.9542	32.5933	0.2990	2.8e-04	0.5378
351	-109.0682	-109.0682	-104.0193	0.9537	32.7713	0.3007	2.8e-04	0.5381
352	-109.0825	-109.0825	-103.9519	0.9530	33.0323	0.3031	2.8e-04	0.5367
353	-109.0578	-109.0578	-103.9497	0.9532	32.9625	0.3025	2.8e-04	0.5389
354	-109.0656	-109.0656	-103.8693	0.9524	33.2375	0.3050	2.8e-04	0.5383
355	-109.0674	-109.0674	-103.8490	0.9522	33.3075	0.3056	2.8e-04	0.5378
356	-109.0571	-109.0571	-103.7494	0.9513	33.5815	0.3082	2.8e-04	0.5365
357	-109.0833	-109.0833	-103.6583	0.9503	33.9428	0.3114	2.8e-04	0.5374
358	-109.0662	-109.0662	-103.7723	0.9515	33.5204	0.3076	2.8e-04	0.5377
359	-109.0681	-109.0681	-103.5580	0.9495	34.2019	0.3138	2.8e-04	0.5366
360	-109.0609	-109.0609	-103.7829	0.9516	33.4842	0.3073	2.8e-04	0.5373
361	-109.0617	-109.0617	-103.6116	0.9500	34.0178	0.3121	2.8e-04	0.5371
362	-109.0573	-109.0573	-103.5377	0.9494	34.2316	0.3141	2.8e-04	0.5364
363	-109.0683	-109.0683	-103.5224	0.9492	34.2957	0.3147	2.8e-04	0.5385
364	-109.0712	-109.0712	-103.4175	0.9482	34.6310	0.3178	2.8e-04	0.5363
365	-109.0696	-109.0696	-103.3749	0.9478	34.7536	0.3189	2.8e-04	0.5387
366	-109.0599	-109.0599	-103.2853	0.9471	34.9850	0.3210	2.8e-04	0.5367
367	-109.0866	-109.0866	-103.2374	0.9464	35.2105	0.3230	2.8e-04	0.5380
368	-109.0680	-109.0680	-103.2317	0.9465	35.1730	0.3227	2.8e-04	0.5367
369	-109.0740	-109.0740	-103.3065	0.9471	34.9406	0.3206	2.8e-04	0.5365
370	-109.0617	-109.0617	-103.2507	0.9467	35.1011	0.3220	2.8e-04	0.5381
371	-109.0925	-109.0925	-103.3035	0.9469	35.0401	0.3214	2.8e-04	0.5375
372	-109.0779	-109.0779	-103.1506	0.9457	35.4452	0.3252	2.8e-04	0.5363
373	-109.0864	-109.0864	-103.1302	0.9454	35.5291	0.3259	2.8e-04	0.5363
374	-109.0808	-109.0808	-103.1309	0.9455	35.4787	0.3255	2.8e-04	0.5358
375	-109.0465	-109.0465	-103.1855	0.9463	35.2426	0.3234	2.8e-04	0.5381
376	-109.0518	-109.0518	-103.2583	0.9469	35.0481	0.3216	2.8e-04	0.5366
377	-109.0696	-109.0696	-103.1201	0.9455	35.5029	0.3258	2.8e-04	0.5369
378	-109.0703	-109.0703	-102.9315	0.9437	36.0491	0.3307	2.8e-04	0.5362
379	-109.0641	-109.0641	-103.0973	0.9453	35.5524	0.3262	2.8e-04	0.5391
380	-109.0772	-109.0772	-103.2048	0.9462	35.2764	0.3237	2.8e-04	0.5374
381	-109.0777	-109.0777	-103.0007	0.9443	35.8754	0.3291	2.8e-04	0.5372
382	-109.0623	-109.0623	-102.9923	0.9443	35.8033	0.3285	2.8e-04	0.5374
383	-109.0852	-109.0852	-102.8572	0.9429	36.2982	0.3330	2.8e-04	0.5363
384	-109.0578	-109.0578	-102.8580	0.9432	36.2040	0.3322	2.8e-04	0.5353
385	-109.0608	-109.0608	-102.9898	0.9443	35.8544	0.3290	2.8e-04	0.5373
386	-109.0710	-109.0710	-102.9028	0.9434	36.1299	0.3315	2.8e-04	0.5372
387	-109.0630	-109.0630	-102.5239	0.9400	37.1701	0.3411	2.8e-04	0.5373
388	-109.0738	-109.0738	-102.7478	0.9420	36.5826	0.3356	2.8e-04	0.5372
389	-109.0727	-109.0727	-102.6438	0.9411	36.8591	0.3382	2.8e-04	0.5362
390	-109.0690	-109.0690	-102.5641	0.9404	37.0674	0.3401	2.8e-04	0.5372
391	-109.0692	-109.0692	-102.4374	0.9392	37.4141	0.3432	2.8e-04	0.5379
392	-109.0799	-109.0799	-102.4544	0.9393	37.4083	0.3432	2.8e-04	0.5370
393	-109.0720	-109.0720	-102.4688	0.9395	37.3380	0.3425	2.8e-04	0.5381
394	-109.0827	-109.0827	-102.4123	0.9389	37.5293	0.3443	2.8e-04	0.5368
395	-109.0669	-109.0669	-102.2575	0.9376	37.9057	0.3478	2.8e-04	0.5374
396	-109.0624	-109.0624	-102.3582	0.9385	37.6216	0.3452	2.8e-04	0.5377
397	-109.0819	-109.0819	-102.4235	0.9390	37.4996	0.3440	2.8e-04	0.5372
398	-109.0550	-109.0550	-102.0793	0.9360	38.3479	0.3519	2.8e-04	0.5363
399	-109.0681	-109.0681	-102.2088	0.9371	38.0430	0.3490	2.8e-04	0.5384
400	-109.0755	-109.0755	-102.2054	0.9370	38.0704	0.3493	2.8e-04	0.5371
401	-109.0752	-109.0752	-101.8495	0.9338	39.0006	0.3578	2.8e-04	0.5361
402	-109.0518	-109.0518	-102.4269	0.9393	37.3980	0.3432	2.8e-04	0.5359
403	-109.0773	-109.0773	-102.2203	0.9371	38.0320	0.3489	2.8e-04	0.5386
404	-109.0553	-109.0553	-101.9898	0.9352	38.5866	0.3541	2.8e-04	0.5362
405	-109.0750	-109.0750	-101.9419	0.9346	38.7653	0.3557	2.8e-04	0.5373
406	-109.0628	-109.0628	-102.0138	0.9354	38.5313	0.3536	2.8e-04	0.5369
407	-109.0688	-109.0688	-101.7761	0.9331	39.1847	0.3595	2.8e-04	0.5376
408	-109.0720	-109.0720	-101.9416	0.9346	38.7581	0.3556	2.8e-04	0.5391
409	-109.0803	-109.0803	-102.0003	0.9351	38.6253	0.3543	2.8e-04	0.5398
410	-109.0628	-109.0628	-101.5970	0.9315	39.6275	0.3636	2.8e-04	0.5390
411	-109.0878	-109.0878	-101.7733	0.9329	39.2389	0.3600	2.8e-04	0.5386
412	-109.1004	-109.1004	-102.0839	0.9357	38.4559	0.3528	2.8e-04	0.5391
413	-109.0703	-109.0703	-102.0188	0.9353	38.5534	0.3537	2.8e-04	0.5366
414	-109.0580	-109.0580	-102.2020	0.9371	38.0177	0.3488	2.8e-04	0.5391
415	-109.0678	-109.0678	-102.0069	0.9353	38.5832	0.3540	2.8e-04	0.5384
416	-109.0857	-109.0857	-101.7729	0.9330	39.2405	0.3599	2.8e-04	0.5370
417	-109.0545	-109.0545	-101.9822	0.9351	38.6019	0.3542	2.8e-04	0.5369
418	-109.0748	-109.0748	-101.8276	0.9336	39.0625	0.3584	2.8e-04	0.5377
419	-109.0672	-109.0672	-101.9057	0.9343	38.8437	0.3564	2.8e-04	0.5378
420	-109.0703	-109.0703	-101.6753	0.9322	39.4295	0.3617	2.8e-04	0.5385
421	-109.0712	-109.0712	-101.9084	0.9343	38.8442	0.3564	2.8e-04	0.5383
422	-109.0775	-109.0775	-101.8039	0.9333	39.1344	0.3590	2.8e-04	0.5379
423	-109.0858	-109.0858	-101.6908	0.9322	39.4555	0.3619	2.8e-04	0.5397
424	-109.0870	-109.0870	-101.6047	0.9314	39.6809	0.3640	2.8e-04	0.5372
425	-109.0793	-109.0793	-101.7391	0.9327	39.3048	0.3606	2.8e-04	0.5379
426	-109.0704	-109.0704	-101.6311	0.9318	39.5631	0.3630	2.8e-04	0.5372
427	-109.0685	-109.0685	-101.6074	0.9316	39.5935	0.3633	2.8e-04	0.5370
428	-109.0647	-109.0647	-101.5698	0.9313	39.6989	0.3642	2.8e-04	0.5391
429	-109.0620	-109.0620	-101.6454	0.9320	39.5054	0.3625	2.8e-04	0.5377
430	-109.0690	-109.0690	-101.6583	0.9321	39.4794	0.3622	2.8e-04	0.5386
431	-109.0646	-109.0646	-101.6121	0.9317	39.5894	0.3633	2.8e-04	0.5389
432	-109.0727	-109.0727	-101.3728	0.9294	40.2275	0.3690	2.8e-04	0.5366
433	-109.0726	-109.0726	-101.2340	0.9281	40.5674	0.3722	2.8e-04	0.5369
434	-109.0730	-109.0730	-101.3111	0.9288	40.3814	0.3705	2.8e-04	0.5372
435	-109.0766	-109.0766	-101.5334	0.9308	39.8337	0.3654	2.8e-04	0.5369
436	-109.0525	-109.0525	-101.0247	0.9264	41.0379	0.3765	2.8e-04	0.5376
437	-109.0950	-109.0950	-101.2070	0.9277	40.7023	0.3733	2.8e-04	0.5360
438	-109.0693	-109.0693	-101.2755	0.9285	40.4609	0.3712	2.8e-04	0.5361
439	-109.0710	-109.0710	-101.2180	0.9280	40.6117	0.3726	2.8e-04	0.5375
440	-109.0612	-109.0612	-101.2238	0.9281	40.5772	0.3722	2.8e-04	0.5364
441	-109.0798	-109.0798	-101.2515	0.9282	40.5400	0.3720	2.8e-04	0.5386
442	-109.0640	-109.0640	-101.1097	0.9271	40.8554	0.3749	2.8e-04	0.5365
443	-109.0844	-109.0844	-100.9398	0.9253	41.3300	0.3791	2.8e-04	0.5382
444	-109.0605	-109.0605	-101.2141	0.9281	40.5921	0.3724	2.8e-04	0.5380
445	-109.0775	-109.0775	-100.7336	0.9235	41.8038	0.3835	2.8e-04	0.5380
446	-109.0684	-109.0684	-100.9635	0.9257	41.2143	0.3781	2.8e-04	0.5392
447	-109.0739	-109.0739	-100.7475	0.9237	41.7685	0.3832	2.8e-04	0.5382
448	-109.0514	-109.0514	-100.8773	0.9250	41.3798	0.3797	2.8e-04	0.5395
449	-109.0693	-109.0693	-100.6185	0.9225	42.0652	0.3859	2.8e-04	0.5383
450	-109.0722	-109.0722	-100.5028	0.9214	42.3447	0.3885	2.8e-04	0.5372
451	-109.0705	-109.0705	-100.7011	0.9233	41.8714	0.3842	2.8e-04	0.5385
452	-109.0787	-109.0787	-100.4907	0.9213	42.3901	0.3889	2.8e-04	0.5374
453	-109.0637	-109.0637	-100.7087	0.9234	41.8384	0.3839	2.8e-04	0.5381
454	-109.0629	-109.0629	-100.3915	0.9205	42.5887	0.3907	2.7e-04	0.5380
455	-109.0711	-109.0711	-100.5281	0.9217	42.2886	0.3880	2.7e-04	0.5380
456	-109.0682	-109.0682	-100.2682	0.9193	42.8839	0.3935	2.7e-04	0.5394
457	-109.0903	-109.0903	-100.3309	0.9197	42.7974	0.3926	2.7e-04	0.5379
458	-109.0731	-109.0731	-100.0926	0.9177	43.3159	0.3973	2.7e-04	0.5382
459	-109.1017	-109.1017	-99.9870	0.9165	43.6178	0.4001	2.7e-04	0.5388
460	-109.0461	-109.0461	-99.9246	0.9164	43.6307	0.4004	2.7e-04	0.5387
461	-109.0846	-109.0846	-100.0412	0.9171	43.4269	0.3984	2.7e-04	0.5369
462	-109.0739	-109.0739	-99.8123	0.9151	43.9486	0.4032	2.7e-04	0.5384
463	-109.0744	-109.0744	-100.0733	0.9175	43.3541	0.3977	2.7e-04	0.5382
464	-109.0785	-109.0785	-99.7417	0.9144	44.1240	0.4048	2.7e-04	0.5394
465	-109.0590	-109.0590	-99.8738	0.9158	43.7798	0.4017	2.7e-04	0.5374
466	-109.0617	-109.0617	-99.5078	0.9124	44.6046	0.4093	2.7e-04	0.5387
467	-109.0699	-109.0699	-99.4128	0.9115	44.8104	0.4111	2.7e-04	0.5378
468	-109.0830	-109.0830	-99.5456	0.9126	44.5814	0.4089	2.7e-04	0.5386
469	-109.0566	-109.0566	-99.5777	0.9131	44.4361	0.4077	2.7e-04	0.5379
470	-109.0716	-109.0716	-98.9534	0.9072	45.8408	0.4206	2.7e-04	0.5387
471	-109.0622	-109.0622	-99.3120	0.9106	45.0413	0.4132	2.7e-04	0.5380
472	-109.0897	-109.0897	-99.0248	0.9077	45.7391	0.4195	2.7e-04	0.5383
473	-109.0867	-109.0867	-99.0857	0.9083	45.5739	0.4181	2.7e-04	0.5379
474	-109.0768	-109.0768	-99.2078	0.9095	45.2738	0.4154	2.7e-04	0.5385
475	-109.0679	-109.0679	-99.2048	0.9096	45.2906	0.4155	2.7e-04	0.5373
476	-109.0624	-109.0624	-99.2535	0.9101	45.1665	0.4144	2.7e-04	0.5357
477	-109.0889	-109.0889	-99.5519	0.9126	44.5714	0.4089	2.7e-04	0.5384
478	-109.0726	-109.0726	-99.2977	0.9104	45.1045	0.4137	2.7e-04	0.5394
479	-109.0743	-109.0743	-99.1061	0.9086	45.5220	0.4176	2.7e-04	0.5387
480	-109.0663	-109.0663	-99.2306	0.9098	45.2207	0.4148	2.7e-04	0.5377
481	-109.0676	-109.0676	-99.1451	0.9090	45.3756	0.4163	2.7e-04	0.5384
482	-109.0668	-109.0668	-99.1313	0.9089	45.4508	0.4170	2.7e-04	0.5372
483	-109.0859	-109.0859	-99.3052	0.9103	45.1135	0.4139	2.7e-04	0.5377
484	-109.0799	-109.0799	-99.4067	0.9113	44.8727	0.4117	2.7e-04	0.5383
485	-109.0591	-109.0591	-99.2036	0.9096	45.2726	0.4154	2.7e-04	0.5379
486	-109.1084	-109.1084	-99.3120	0.9102	45.1587	0.4141	2.7e-04	0.5365
487	-109.0887	-109.0887	-99.3356	0.9106	45.0550	0.4133	2.7e-04	0.5370
488	-109.0752	-109.0752	-99.5633	0.9128	44.5106	0.4083	2.7e-04	0.5373
489	-109.0754	-109.0754	-99.5673	0.9128	44.5074	0.4083	2.7e-04	0.5368
490	-109.0786	-109.0786	-99.4827	0.9120	44.7076	0.4101	2.7e-04	0.5391
491	-109.0868	-109.0868	-99.4587	0.9117	44.7749	0.4108	2.7e-04	0.5383
492	-109.0613	-109.0613	-99.5778	0.9130	44.4536	0.4079	2.7e-04	0.5375
493	-109.0775	-109.0775	-99.7544	0.9145	44.0964	0.4045	2.7e-04	0.5365
494	-109.0682	-109.0682	-99.5130	0.9124	44.6016	0.4092	2.7e-04	0.5369
495	-109.0674	-109.0674	-99.4355	0.9117	44.7845	0.4109	2.7e-04	0.5388
496	-109.0765	-109.0765	-99.5134	0.9123	44.6335	0.4095	2.7e-04	0.5383
497	-109.0669	-109.0669	-99.1841	0.9094	45.2964	0.4156	2.7e-04	0.5377
498	-109.0623	-109.0623	-99.5243	0.9125	44.5697	0.4090	2.7e-04	0.5381
499	-109.0701	-109.0701	-99.3385	0.9108	45.0003	0.4129	2.7e-04	0.5370
500	-109.0728	-109.0728	-99.6541	0.9136	44.3024	0.4065	2.7e-04	0.5387
501	-109.0668	-109.0668	-99.2146	0.9097	45.2609	0.4153	2.7e-04	0.5366
502	-109.0647	-109.0647	-99.1668	0.9092	45.3630	0.4162	2.7e-04	0.5401
503	-109.0986	-109.0986	-99.4021	0.9111	44.9320	0.4121	2.7e-04	0.5388
504	-109.0618	-109.0618	-99.1303	0.9089	45.4421	0.4169	2.7e-04	0.5388
505	-109.0614	-109.0614	-99.4787	0.9121	44.6680	0.4099	2.7e-04	0.5382
506	-109.0740	-109.0740	-98.9839	0.9075	45.7865	0.4201	2.7e-04	0.5399
507	-109.0752	-109.0752	-99.2604	0.9100	45.1886	0.4146	2.7e-04	0.5376
508	-109.0896	-109.0896	-99.0805	0.9082	45.6063	0.4183	2.7e-04	0.5390
509	-109.0708	-109.0708	-99.0542	0.9082	45.6291	0.4186	2.7e-04	0.5376
510	-109.0795	-109.0795	-99.2225	0.9096	45.2821	0.4154	2.7e-04	0.5391
511	-109.0704	-109.0704	-99.2665	0.9101	45.1601	0.4143	2.7e-04	0.5384
512	-109.0674	-109.0674	-99.3927	0.9113	44.8818	0.4117	2.7e-04	0.5404
513	-109.0691	-109.0691	-99.2649	0.9101	45.1667	0.4144	2.7e-04	0.5389
514	-109.0809	-109.0809	-98.9948	0.9075	45.7826	0.4200	2.7e-04	0.5394
515	-109.0606	-109.0606	-99.3310	0.9108	44.9957	0.4129	2.7e-04	0.5374
516	-109.0625	-109.0625	-99.1297	0.9089	45.4387	0.4169	2.7e-04	0.5383
517	-109.0788	-109.0788	-99.0837	0.9084	45.5865	0.4182	2.7e-04	0.5374
518	-109.0683	-109.0683	-99.2442	0.9099	45.1923	0.4147	2.7e-04	0.5371
519	-109.0688	-109.0688	-99.4404	0.9117	44.7684	0.4107	2.7e-04	0.5390
520	-109.1051	-109.1051	-99.2543	0.9097	45.2722	0.4152	2.7e-04	0.5375
521	-109.0740	-109.0740	-99.2646	0.9101	45.1787	0.4145	2.7e-04	0.5392
522	-109.0900	-109.0900	-99.5137	0.9122	44.6586	0.4097	2.7e-04	0.5371
523	-109.0886	-109.0886	-99.3487	0.9107	45.0226	0.4130	2.7e-04	0.5378
524	-109.0726	-109.0726	-99.2476	0.9099	45.1948	0.4147	2.7e-04	0.5371
525	-109.0683	-109.0683	-99.4034	0.9114	44.8530	0.4115	2.7e-04	0.5376
526	-109.0819	-109.0819	-99.0081	0.9076	45.7514	0.4197	2.7e-04	0.5378
527	-109.0750	-109.0750	-99.3687	0.9110	44.9354	0.4123	2.7e-04	0.5401
528	-109.0751	-109.0751	-99.2342	0.9098	45.2409	0.4150	2.7e-04	0.5386
529	-109.0947	-109.0947	-98.9464	0.9070	45.8843	0.4210	2.7e-04	0.5385
530	-109.0722	-109.0722	-99.2228	0.9097	45.2525	0.4153	2.7e-04	0.5358
531	-109.0811	-109.0811	-99.1872	0.9093	45.3512	0.4161	2.7e-04	0.5366
532	-109.0535	-109.0535	-99.1114	0.9088	45.4575	0.4171	2.7e-04	0.5384
533	-109.0739	-109.0739	-98.9988	0.9076	45.7528	0.4198	2.7e-04	0.5392
534	-109.0903	-109.0903	-98.9291	0.9069	45.9412	0.4214	2.7e-04	0.5373
535	-109.0687	-109.0687	-99.0533	0.9082	45.6152	0.4186	2.7e-04	0.5396
536	-109.0862	-109.0862	-98.9881	0.9074	45.7961	0.4202	2.7e-04	0.5383
537	-109.0767	-109.0767	-99.1946	0.9094	45.3341	0.4159	2.7e-04	0.5391
538	-109.0835	-109.0835	-99.0928	0.9084	45.5644	0.4181	2.7e-04	0.5383
539	-109.0863	-109.0863	-99.0181	0.9077	45.7339	0.4196	2.7e-04	0.5402
540	-109.0762	-109.0762	-98.6846	0.9047	46.4244	0.4260	2.7e-04	0.5375
541	-109.0629	-109.0629	-99.1523	0.9091	45.3907	0.4165	2.7e-04	0.5391
542	-109.0813	-109.0813	-99.2550	0.9099	45.2009	0.4147	2.7e-04	0.5384
543	-109.0915	-109.0915	-99.0690	0.9081	45.6319	0.4186	2.7e-04	0.5397
544	-109.0643	-109.0643	-98.7468	0.9054	46.2420	0.4243	2.7e-04	0.5378
545	-109.0759	-109.0759	-99.2007	0.9095	45.3124	0.4158	2.7e-04	0.5395
546	-109.0846	-109.0846	-99.1772	0.9092	45.3893	0.4164	2.7e-04	0.5382
547	-109.0691	-109.0691	-99.2706	0.9102	45.1487	0.4142	2.7e-04	0.5391
548	-109.0867	-109.0867	-98.9378	0.9070	45.9093	0.4212	2.7e-04	0.5376
549	-109.0936	-109.0936	-98.8470	0.9061	46.1198	0.4231	2.7e-04	0.5386
550	-109.0877	-109.0877	-99.2265	0.9096	45.2856	0.4155	2.7e-04	0.5382
551	-109.0732	-109.0732	-98.9491	0.9072	45.8390	0.4205	2.7e-04	0.5395
552	-109.0637	-109.0637	-98.9432	0.9072	45.8491	0.4207	2.7e-04	0.5384
553	-109.0707	-109.0707	-99.4039	0.9114	44.8403	0.4114	2.7e-04	0.5397
554	-109.0716	-109.0716	-99.2292	0.9098	45.2386	0.4151	2.7e-04	0.5389
555	-109.0765	-109.0765	-99.4159	0.9114	44.8274	0.4113	2.7e-04	0.5393
556	-109.0772	-109.0772	-99.2440	0.9099	45.2195	0.4149	2.7e-04	0.5368
557	-109.0849	-109.0849	-99.0616	0.9081	45.6365	0.4187	2.7e-04	0.5384
558	-109.0809	-109.0809	-99.6358	0.9134	44.3643	0.4070	2.7e-04	0.5375
559	-109.0946	-109.0946	-99.1699	0.9090	45.4278	0.4167	2.7e-04	0.5396
560	-109.0857	-109.0857	-99.1094	0.9085	45.5237	0.4177	2.7e-04	0.5377
561	-109.0750	-109.0750	-99.2409	0.9098	45.2305	0.4149	2.7e-04	0.5384
562	-109.0884	-109.0884	-99.1715	0.9091	45.4109	0.4166	2.7e-04	0.5379
563	-109.0515	-109.0515	-99.4382	0.9118	44.7365	0.4105	2.7e-04	0.5387
564	-109.0744	-109.0744	-99.3348	0.9107	45.0104	0.4130	2.7e-04	0.5392
565	-109.0713	-109.0713	-99.0444	0.9081	45.6403	0.4188	2.7e-04	0.5385
566	-109.0794	-109.0794	-99.0409	0.9080	45.6683	0.4190	2.7e-04	0.5379
567	-109.0666	-109.0666	-99.2070	0.9096	45.2800	0.4155	2.7e-04	0.5377
568	-109.0771	-109.0771	-99.6107	0.9132	44.4043	0.4075	2.7e-04	0.5393
569	-109.0710	-109.0710	-99.2529	0.9100	45.1795	0.4146	2.7e-04	0.5383
570	-109.0776	-109.0776	-99.5177	0.9124	44.6111	0.4093	2.7e-04	0.5394
571	-109.0798	-109.0798	-99.1747	0.9092	45.3789	0.4163	2.7e-04	0.5386
572	-109.0727	-109.0727	-99.2587	0.9100	45.1517	0.4143	2.7e-04	0.5391
573	-109.0836	-109.0836	-99.0694	0.9082	45.6110	0.4184	2.7e-04	0.5369
574	-109.0655	-109.0655	-98.8519	0.9064	46.0346	0.4224	2.7e-04	0.5375
575	-109.0911	-109.0911	-98.6468	0.9043	46.5085	0.4267	2.7e-04	0.5391
576	-109.0696	-109.0696	-98.8772	0.9066	46.0058	0.4221	2.7e-04	0.5374
577	-109.0786	-109.0786	-99.0899	0.9084	45.5583	0.4180	2.7e-04	0.5397
578	-109.0868	-109.0868	-99.0489	0.9080	45.6666	0.4190	2.7e-04	0.5379
579	-109.0848	-109.0848	-98.9060	0.9067	45.9782	0.4218	2.7e-04	0.5378
580	-109.0758	-109.0758	-98.9038	0.9067	45.9629	0.4217	2.7e-04	0.5384
581	-109.0776	-109.0776	-98.6577	0.9045	46.4835	0.4265	2.7e-04	0.5393
582	-109.0553	-109.0553	-98.7910	0.9059	46.1537	0.4235	2.7e-04	0.5386
583	-109.0858	-109.0858	-99.1647	0.9091	45.4210	0.4167	2.7e-04	0.5398
584	-109.0686	-109.0686	-98.9431	0.9072	45.8508	0.4207	2.7e-04	0.5372
585	-109.0839	-109.0839	-98.6900	0.9047	46.4270	0.4260	2.7e-04	0.5381
586	-109.0844	-109.0844	-98.7857	0.9056	46.2324	0.4241	2.7e-04	0.5378
587	-109.0889	-109.0889	-98.8097	0.9058	46.1883	0.4237	2.7e-04	0.5395
588	-109.0748	-109.0748	-98.7444	0.9053	46.2964	0.4248	2.7e-04	0.5374
589	-109.0764	-109.0764	-98.4370	0.9025	46.9469	0.4308	2.7e-04	0.5401
590	-109.0600	-109.0600	-98.6711	0.9047	46.4100	0.4259	2.7e-04	0.5378
591	-109.0805	-109.0805	-98.6025	0.9039	46.5733	0.4273	2.7e-04	0.5387
592	-109.0872	-109.0872	-98.5369	0.9033	46.7669	0.4290	2.7e-04	0.5375
593	-109.0568	-109.0568	-98.4972	0.9032	46.7763	0.4292	2.7e-04	0.5396
594	-109.0765	-109.0765	-98.5918	0.9039	46.6253	0.4278	2.7e-04	0.5376
595	-109.0893	-109.0893	-98.1732	0.8999	47.5290	0.4360	2.7e-04	0.5384
596	-109.0666	-109.0666	-97.7926	0.8966	48.2560	0.4428	2.7e-04	0.5393
597	-109.0719	-109.0719	-98.0187	0.8987	47.8003	0.4386	2.7e-04	0.5375
598	-109.0790	-109.0790	-98.3474	0.9016	47.1383	0.4325	2.7e-04	0.5391
599	-109.0827	-109.0827	-97.7250	0.8959	48.4195	0.4443	2.7e-04	0.5383
600	-109.0815	-109.0815	-97.6816	0.8955	48.5120	0.4451	2.7e-04	0.5383
601	-109.0860	-109.0860	-97.5378	0.8941	48.7822	0.4475	2.7e-04	0.5364
602	-109.0746	-109.0746	-97.6520	0.8953	48.5586	0.4455	2.7e-04	0.5393
603	-109.0749	-109.0749	-97.6721	0.8955	48.5150	0.4451	2.7e-04	0.5386
604	-109.0790	-109.0790	-96.9756	0.8890	49.9044	0.4578	2.7e-04	0.5381
605	-109.0800	-109.0800	-97.1649	0.8908	49.5312	0.4544	2.7e-04	0.5388
606	-109.0846	-109.0846	-96.8841	0.8882	50.0964	0.4595	2.7e-04	0.5390
607	-109.0814	-109.0814	-97.1825	0.8909	49.5063	0.4542	2.7e-04	0.5383
608	-109.0668	-109.0668	-96.8639	0.8881	50.0878	0.4596	2.7e-04	0.5376
609	-109.0698	-109.0698	-96.9317	0.8887	49.9673	0.4584	2.7e-04	0.5383
610	-109.0903	-109.0903	-97.0087	0.8893	49.8501	0.4574	2.7e-04	0.5379
611	-109.0680	-109.0680	-96.8518	0.8880	50.1130	0.4598	2.7e-04	0.5397
612	-109.0676	-109.0676	-97.3046	0.8921	49.2251	0.4517	2.7e-04	0.5373
613	-109.0809	-109.0809	-96.9839	0.8891	49.8883	0.4577	2.7e-04	0.5388
614	-109.0724	-109.0724	-97.1880	0.8910	49.4764	0.4539	2.7e-04	0.5387
615	-109.0772	-109.0772	-96.8596	0.8880	50.1217	0.4599	2.7e-04	0.5383
616	-109.0698	-109.0698	-96.7753	0.8873	50.2739	0.4612	2.7e-04	0.5371
617	-109.0511	-109.0511	-96.8144	0.8878	50.1456	0.4602	2.7e-04	0.5396
618	-109.0960	-109.0960	-97.0953	0.8900	49.6928	0.4560	2.7e-04	0.5376
619	-109.0778	-109.0778	-97.0324	0.8896	49.7776	0.4568	2.7e-04	0.5390
620	-109.0523	-109.0523	-96.4103	0.8841	50.9172	0.4672	2.7e-04	0.5382
621	-109.0841	-109.0841	-96.5183	0.8848	50.7884	0.4660	2.7e-04	0.5393
622	-109.0741	-109.0741	-96.3570	0.8834	51.0751	0.4686	2.7e-04	0.5381
623	-109.0817	-109.0817	-96.0335	0.8804	51.6914	0.4743	2.7e-04	0.5400
624	-109.0830	-109.0830	-96.3972	0.8837	51.0276	0.4680	2.7e-04	0.5387
625	-109.0642	-109.0642	-95.8526	0.8789	51.9903	0.4771	2.7e-04	0.5396
626	-109.0750	-109.0750	-95.9056	0.8793	51.9142	0.4763	2.7e-04	0.5390
627	-109.0797	-109.0797	-95.9436	0.8796	51.8333	0.4756	2.7e-04	0.5400
628	-109.0669	-109.0669	-95.7483	0.8779	52.1907	0.4789	2.7e-04	0.5381
629	-109.0900	-109.0900	-95.6922	0.8772	52.3331	0.4801	2.7e-04	0.5398
630	-109.0886	-109.0886	-95.4901	0.8753	52.7009	0.4835	2.7e-04	0.5392
631	-109.0734	-109.0734	-95.2925	0.8737	53.0344	0.4865	2.7e-04	0.5397
632	-109.0788	-109.0788	-94.8681	0.8697	53.7981	0.4935	2.7e-04	0.5377
633	-109.0682	-109.0682	-95.2783	0.8736	53.0421	0.4867	2.7e-04	0.5385
634	-109.0666	-109.0666	-95.1044	0.8720	53.3482	0.4895	2.7e-04	0.5379
635	-109.0863	-109.0863	-94.3506	0.8649	54.7075	0.5019	2.7e-04	0.5383
636	-109.0822	-109.0822	-94.3113	0.8646	54.7793	0.5025	2.7e-04	0.5384
637	-109.0770	-109.0770	-94.5071	0.8664	54.4266	0.4993	2.7e-04	0.5381
638	-109.0767	-109.0767	-93.9760	0.8616	55.3369	0.5076	2.7e-04	0.5369
639	-109.0891	-109.0891	-94.5731	0.8669	54.3298	0.4984	2.7e-04	0.5382
640	-109.0598	-109.0598	-93.7944	0.8600	55.6091	0.5102	2.7e-04	0.5384
641	-109.0819	-109.0819	-93.9951	0.8617	55.3071	0.5074	2.7e-04	0.5392
642	-109.0813	-109.0813	-93.5730	0.8578	55.9937	0.5137	2.7e-04	0.5397
643	-109.0880	-109.0880	-93.4148	0.8563	56.2894	0.5164	2.7e-04	0.5392
644	-109.0898	-109.0898	-93.7294	0.8592	55.7638	0.5116	2.7e-04	0.5384
645	-109.0630	-109.0630	-93.9034	0.8610	55.4321	0.5086	2.7e-04	0.5386
646	-109.0869	-109.0869	-93.5633	0.8577	56.0481	0.5141	2.7e-04	0.5382
647	-109.0816	-109.0816	-93.4823	0.8570	56.1592	0.5153	2.7e-04	0.5409
648	-109.0689	-109.0689	-93.6455	0.8586	55.8832	0.5127	2.7e-04	0.5379
649	-109.0839	-109.0839	-93.6126	0.8582	55.9492	0.5132	2.7e-04	0.5391
650	-109.0750	-109.0750	-94.0367	0.8621	55.2254	0.5067	2.7e-04	0.5387
651	-109.0631	-109.0631	-94.0123	0.8620	55.2424	0.5069	2.7e-04	0.5399
652	-109.0902	-109.0902	-93.4598	0.8567	56.2266	0.5158	2.7e-04	0.5388
653	-109.1007	-109.1007	-94.0107	0.8617	55.3213	0.5074	2.7e-04	0.5397
654	-109.0636	-109.0636	-94.0321	0.8622	55.1905	0.5066	2.7e-04	0.5375
655	-109.0807	-109.0807	-93.7207	0.8592	55.7788	0.5116	2.7e-04	0.5398
656	-109.0759	-109.0759	-94.0587	0.8623	55.1900	0.5063	2.7e-04	0.5373
657	-109.0827	-109.0827	-94.1561	0.8632	55.0369	0.5049	2.7e-04	0.5389
658	-109.0798	-109.0798	-93.6905	0.8589	55.8192	0.5121	2.7e-04	0.5383
659	-109.0786	-109.0786	-94.3521	0.8650	54.6959	0.5018	2.7e-04	0.5383
660	-109.0828	-109.0828	-94.4542	0.8659	54.5230	0.5002	2.6e-04	0.5395
661	-109.0885	-109.0885	-94.6327	0.8675	54.2088	0.4973	2.6e-04	0.5388
662	-109.0730	-109.0730	-94.5966	0.8673	54.2512	0.4977	2.6e-04	0.5394
663	-109.0760	-109.0760	-94.6638	0.8679	54.1557	0.4968	2.6e-04	0.5384
664	-109.0764	-109.0764	-94.7370	0.8685	54.0149	0.4955	2.6e-04	0.5379
665	-109.0690	-109.0690	-94.9554	0.8706	53.6219	0.4919	2.6e-04	0.5385
666	-109.0880	-109.0880	-95.0590	0.8714	53.4610	0.4904	2.6e-04	0.5390
667	-109.0725	-109.0725	-94.8273	0.8694	53.8523	0.4941	2.6e-04	0.5387
668	-109.0613	-109.0613	-95.0586	0.8716	53.4284	0.4902	2.6e-04	0.5381
669	-109.0764	-109.0764	-95.2503	0.8732	53.0987	0.4872	2.6e-04	0.5385
670	-109.0811	-109.0811	-94.9573	0.8705	53.6478	0.4921	2.6e-04	0.5381
671	-109.0744	-109.0744	-95.6916	0.8773	52.3129	0.4799	2.6e-04	0.5394
672	-109.0602	-109.0602	-95.5108	0.8758	52.5985	0.4827	2.6e-04	0.5386
673	-109.0765	-109.0765	-95.5927	0.8764	52.4913	0.4816	2.6e-04	0.5384
674	-109.0827	-109.0827	-95.3279	0.8739	52.9845	0.4861	2.6e-04	0.5392
675	-109.0637	-109.0637	-95.6150	0.8767	52.4257	0.4810	2.6e-04	0.5403
676	-109.0752	-109.0752	-95.5683	0.8762	52.5386	0.4820	2.6e-04	0.5384
677	-109.0953	-109.0953	-95.1143	0.8718	53.3893	0.4898	2.6e-04	0.5385
678	-109.0835	-109.0835	-95.1779	0.8725	53.2540	0.4886	2.6e-04	0.5378
679	-109.0758	-109.0758	-94.9498	0.8705	53.6361	0.4920	2.6e-04	0.5398
680	-109.0882	-109.0882	-95.1835	0.8725	53.2435	0.4885	2.6e-04	0.5379
681	-109.0738	-109.0738	-95.1573	0.8724	53.2054	0.4882	2.6e-04	0.5363
682	-109.0728	-109.0728	-95.4062	0.8747	52.8192	0.4846	2.6e-04	0.5397
683	-109.0721	-109.0721	-95.3726	0.8744	52.8891	0.4852	2.6e-04	0.5385
684	-109.0906	-109.0906	-95.0384	0.8712	53.5195	0.4909	2.6e-04	0.5384
685	-109.0518	-109.0518	-95.6157	0.8768	52.4065	0.4809	2.6e-04	0.5385
686	-109.0772	-109.0772	-95.6386	0.8768	52.4069	0.4809	2.6e-04	0.5381
687	-109.0658	-109.0658	-95.4792	0.8754	52.6665	0.4832	2.6e-04	0.5384
688	-109.0865	-109.0865	-95.3632	0.8742	52.9301	0.4856	2.6e-04	0.5392
689	-109.0807	-109.0807	-95.6307	0.8767	52.4254	0.4810	2.6e-04	0.5388
690	-109.0822	-109.0822	-94.6461	0.8677	54.1993	0.4972	2.6e-04	0.5403
691	-109.0728	-109.0728	-95.7518	0.8779	52.1881	0.4789	2.6e-04	0.5385
692	-109.0739	-109.0739	-95.4503	0.8751	52.7483	0.4839	2.6e-04	0.5395
693	-109.0955	-109.0955	-95.0524	0.8713	53.4999	0.4908	2.6e-04	0.5382
694	-109.0687	-109.0687	-95.2133	0.8730	53.1461	0.4877	2.6e-04	0.5370
695	-109.0930	-109.0930	-95.0377	0.8712	53.5211	0.4910	2.6e-04	0.5383
696	-109.0750	-109.0750	-95.4866	0.8754	52.6840	0.4834	2.6e-04	0.5374
697	-109.0715	-109.0715	-95.0374	0.8713	53.4792	0.4907	2.6e-04	0.5388
698	-109.0819	-109.0819	-94.9257	0.8702	53.6865	0.4926	2.6e-04	0.5374
699	-109.0722	-109.0722	-94.8346	0.8695	53.8173	0.4938	2.6e-04	0.5388
700	-109.0868	-109.0868	-95.3793	0.8743	52.8842	0.4852	2.6e-04	0.5385
701	-109.0769	-109.0769	-94.3562	0.8650	54.6709	0.5016	2.6e-04	0.5372
702	-109.0832	-109.0832	-94.3012	0.8645	54.7919	0.5027	2.6e-04	0.5384
703	-109.0865	-109.0865	-94.4172	0.8655	54.5969	0.5009	2.6e-04	0.5400
704	-109.0755	-109.0755	-93.8357	0.8603	55.5602	0.5098	2.6e-04	0.5381
705	-109.0853	-109.0853	-94.0033	0.8617	55.2622	0.5069	2.6e-04	0.5379
706	-109.0690	-109.0690	-94.3078	0.8647	54.7565	0.5023	2.6e-04	0.5382
707	-109.0887	-109.0887	-94.4503	0.8658	54.5447	0.5004	2.6e-04	0.5389
708	-109.0899	-109.0899	-94.3976	0.8653	54.6279	0.5011	2.6e-04	0.5374
709	-109.0653	-109.0653	-94.0677	0.8625	55.1393	0.5059	2.6e-04	0.5395
710	-109.0738	-109.0738	-94.1574	0.8632	55.0224	0.5048	2.6e-04	0.5399
711	-109.0938	-109.0938	-94.1230	0.8628	55.1019	0.5054	2.6e-04	0.5381
712	-109.0822	-109.0822	-94.2184	0.8637	54.9298	0.5039	2.6e-04	0.5389
713	-109.0841	-109.0841	-94.3143	0.8646	54.7635	0.5025	2.6e-04	0.5386
714	-109.0903	-109.0903	-94.2750	0.8642	54.8370	0.5031	2.6e-04	0.5392
715	-109.0903	-109.0903	-94.0334	0.8620	55.2623	0.5069	2.6e-04	0.5390
716	-109.0843	-109.0843	-93.9547	0.8613	55.3619	0.5078	2.6e-04	0.5391
717	-109.0780	-109.0780	-93.8978	0.8608	55.4463	0.5087	2.6e-04	0.5378
718	-109.0801	-109.0801	-94.7473	0.8686	54.0069	0.4955	2.6e-04	0.5380
719	-109.0813	-109.0813	-94.7038	0.8682	54.0873	0.4962	2.6e-04	0.5388
720	-109.0707	-109.0707	-94.8920	0.8700	53.7307	0.4930	2.6e-04	0.5379
721	-109.0756	-109.0756	-94.8514	0.8696	53.8198	0.4938	2.6e-04	0.5395
722	-109.0703	-109.0703	-94.3031	0.8646	54.7643	0.5024	2.6e-04	0.5386
723	-109.1017	-109.1017	-94.3762	0.8650	54.6931	0.5017	2.6e-04	0.5397
724	-109.0913	-109.0913	-94.6657	0.8678	54.1732	0.4970	2.6e-04	0.5377
725	-109.0819	-109.0819	-94.2527	0.8641	54.8614	0.5033	2.6e-04	0.5400
726	-109.0567	-109.0567	-94.5542	0.8670	54.3011	0.4983	2.6e-04	0.5377
727	-109.0946	-109.0946	-94.5386	0.8666	54.3740	0.4988	2.6e-04	0.5397
728	-109.0822	-109.0822	-94.6896	0.8681	54.1045	0.4964	2.6e-04	0.5378
729	-109.0780	-109.0780	-94.3726	0.8652	54.6586	0.5014	2.6e-04	0.5391
730	-109.0926	-109.0926	-94.5676	0.8669	54.3368	0.4985	2.6e-04	0.5372
731	-109.0659	-109.0659	-94.5299	0.8667	54.3606	0.4988	2.6e-04	0.5399
732	-109.0736	-109.0736	-94.5890	0.8672	54.2727	0.4979	2.6e-04	0.5391
733	-109.0821	-109.0821	-94.6844	0.8680	54.1151	0.4965	2.6e-04	0.5407
734	-109.0900	-109.0900	-94.4615	0.8659	54.5226	0.5002	2.6e-04	0.5399
735	-109.0896	-109.0896	-94.8615	0.8696	53.8255	0.4938	2.6e-04	0.5406
736	-109.0888	-109.0888	-94.1479	0.8630	55.0560	0.5051	2.6e-04	0.5372
737	-109.0710	-109.0710	-93.9782	0.8616	55.3110	0.5075	2.6e-04	0.5398
738	-109.0727	-109.0727	-94.1416	0.8631	55.0372	0.5050	2.6e-04	0.5372
739	-109.0901	-109.0901	-93.9239	0.8610	55.4438	0.5086	2.6e-04	0.5388
740	-109.0819	-109.0819	-93.7404	0.8594	55.7286	0.5113	2.6e-04	0.5385
741	-109.0911	-109.0911	-93.9334	0.8611	55.4023	0.5083	2.6e-04	0.5448
742	-109.0743	-109.0743	-94.3776	0.8653	54.6373	0.5013	2.6e-04	0.5375
743	-109.0870	-109.0870	-93.5674	0.8577	56.0292	0.5141	2.6e-04	0.5400
744	-109.0784	-109.0784	-93.7909	0.8598	55.6487	0.5105	2.6e-04	0.5387
745	-109.0752	-109.0752	-92.9484	0.8521	57.0386	0.5233	2.6e-04	0.5388
746	-109.0713	-109.0713	-94.3114	0.8647	54.7389	0.5023	2.6e-04	0.5390
747	-109.0645	-109.0645	-93.8886	0.8609	55.4518	0.5088	2.6e-04	0.5370
748	-109.0599	-109.0599	-93.4676	0.8570	56.1505	0.5153	2.6e-04	0.5378
749	-109.0845	-109.0845	-93.3699	0.8559	56.3304	0.5168	2.6e-04	0.5398
750	-109.0736	-109.0736	-94.0773	0.8625	55.1598	0.5060	2.6e-04	0.5391
751	-109.0758	-109.0758	-93.7645	0.8596	55.6895	0.5109	2.6e-04	0.5376
752	-109.0681	-109.0681	-93.3727	0.8561	56.3206	0.5167	2.6e-04	0.5382
753	-109.0688	-109.0688	-93.6903	0.8590	55.7902	0.5119	2.6e-04	0.5373
754	-109.0912	-109.0912	-93.5180	0.8572	56.1281	0.5149	2.6e-04	0.5389
755	-109.0813	-109.0813	-93.5519	0.8576	56.0439	0.5142	2.6e-04	0.5396
756	-109.0815	-109.0815	-93.2889	0.8552	56.4849	0.5182	2.6e-04	0.5374
757	-109.0577	-109.0577	-93.1337	0.8540	56.7020	0.5202	2.6e-04	0.5395
758	-109.0818	-109.0818	-93.2085	0.8545	56.6071	0.5193	2.6e-04	0.5389
759	-109.0809	-109.0809	-93.1237	0.8537	56.7523	0.5207	2.6e-04	0.5395
760	-109.0820	-109.0820	-93.2161	0.8546	56.6008	0.5193	2.6e-04	0.5384
761	-109.0948	-109.0948	-92.6437	0.8492	57.5658	0.5280	2.6e-04	0.5398
762	-109.0996	-109.0996	-92.9292	0.8518	57.1014	0.5238	2.6e-04	0.5377
763	-109.0831	-109.0831	-92.9005	0.8516	57.1312	0.5241	2.6e-04	0.5394
764	-109.0702	-109.0702	-92.7138	0.8500	57.3900	0.5266	2.6e-04	0.5388
765	-109.0727	-109.0727	-92.3962	0.8471	57.9184	0.5314	2.6e-04	0.5386
766	-109.0795	-109.0795	-92.3851	0.8470	57.9417	0.5316	2.6e-04	0.5388
767	-109.0787	-109.0787	-92.9298	0.8520	57.0677	0.5236	2.6e-04	0.5383
768	-109.0680	-109.0680	-92.8715	0.8515	57.1457	0.5243	2.6e-04	0.5390
769	-109.0778	-109.0778	-92.0248	0.8437	58.5087	0.5368	2.6e-04	0.5389
770	-109.0821	-109.0821	-92.0036	0.8434	58.5497	0.5372	2.6e-04	0.5392
771	-109.0767	-109.0767	-92.5349	0.8483	57.7096	0.5294	2.6e-04	0.5403
772	-109.0800	-109.0800	-91.9077	0.8426	58.7009	0.5386	2.6e-04	0.5387
773	-109.0943	-109.0943	-92.0852	0.8441	58.4533	0.5362	2.6e-04	0.5395
774	-109.0899	-109.0899	-92.2214	0.8454	58.2212	0.5342	2.6e-04	0.5386
775	-109.0825	-109.0825	-91.9694	0.8431	58.6196	0.5377	2.6e-04	0.5391
776	-109.0860	-109.0860	-91.7739	0.8413	58.9203	0.5405	2.6e-04	0.5385
777	-109.0716	-109.0716	-92.3838	0.8470	57.9360	0.5316	2.6e-04	0.5370
778	-109.0862	-109.0862	-91.8478	0.8420	58.8103	0.5395	2.6e-04	0.5396
779	-109.0869	-109.0869	-91.8408	0.8419	58.8071	0.5396	2.6e-04	0.5385
780	-109.0724	-109.0724	-91.7859	0.8415	58.8513	0.5401	2.6e-04	0.5396
781	-109.0757	-109.0757	-91.9562	0.8430	58.6130	0.5378	2.6e-04	0.5392
782	-109.0937	-109.0937	-91.7128	0.8407	59.0164	0.5415	2.6e-04	0.5393
783	-109.0790	-109.0790	-92.0956	0.8443	58.3884	0.5358	2.6e-04	0.5384
784	-109.0867	-109.0867	-92.0244	0.8436	58.5299	0.5370	2.6e-04	0.5384
785	-109.0802	-109.0802	-92.2197	0.8454	58.2201	0.5341	2.6e-04	0.5378
786	-109.0946	-109.0946	-91.5624	0.8393	59.2590	0.5437	2.6e-04	0.5381
787	-109.0822	-109.0822	-91.5645	0.8394	59.2294	0.5435	2.6e-04	0.5401
788	-109.0774	-109.0774	-91.2652	0.8367	59.6464	0.5473	2.6e-04	0.5388
789	-109.0695	-109.0695	-91.1094	0.8353	59.9064	0.5497	2.6e-04	0.5370
790	-109.0853	-109.0853	-91.3328	0.8373	59.5975	0.5468	2.6e-04	0.5385
791	-109.0764	-109.0764	-91.1542	0.8357	59.8596	0.5492	2.6e-04	0.5392
792	-109.0683	-109.0683	-91.4299	0.8383	59.4038	0.5451	2.6e-04	0.5376
793	-109.0713	-109.0713	-91.6077	0.8399	59.1459	0.5426	2.6e-04	0.5395
794	-109.0796	-109.0796	-91.9567	0.8430	58.6179	0.5378	2.6e-04	0.5386
795	-109.0868	-109.0868	-91.5554	0.8393	59.2604	0.5437	2.6e-04	0.5383
796	-109.0785	-109.0785	-91.5569	0.8394	59.2484	0.5436	2.6e-04	0.5380
797	-109.0873	-109.0873	-91.6472	0.8401	59.1279	0.5424	2.6e-04	0.5395
798	-109.0918	-109.0918	-91.5343	0.8391	59.2991	0.5440	2.6e-04	0.5373
799	-109.0898	-109.0898	-91.6822	0.8404	59.0679	0.5419	2.6e-04	0.5370
800	-109.0782	-109.0782	-91.7010	0.8407	59.0066	0.5415	2.6e-04	0.5381
801	-109.0862	-109.0862	-91.6864	0.8405	59.0576	0.5418	2.6e-04	0.5359
802	-109.0836	-109.0836	-91.2235	0.8363	59.7620	0.5483	2.6e-04	0.5372
803	-109.0704	-109.0704	-91.5099	0.8390	59.3121	0.5441	2.6e-04	0.5392
804	-109.0503	-109.0503	-92.1349	0.8449	58.2800	0.5348	2.6e-04	0.5379
805	-109.0882	-109.0882	-91.4610	0.8384	59.3932	0.5449	2.6e-04	0.5404
806	-109.0831	-109.0831	-90.7118	0.8316	60.5371	0.5554	2.6e-04	0.5393
807	-109.0903	-109.0903	-91.0998	0.8351	59.9718	0.5501	2.6e-04	0.5395
808	-109.0733	-109.0733	-91.8008	0.8416	58.8538	0.5400	2.6e-04	0.5379
809	-109.0773	-109.0773	-91.5540	0.8393	59.2342	0.5435	2.6e-04	0.5392
810	-109.0919	-109.0919	-91.2555	0.8365	59.7284	0.5480	2.6e-04	0.5380
811	-109.0935	-109.0935	-91.4177	0.8380	59.4619	0.5455	2.6e-04	0.5394
812	-109.0616	-109.0616	-91.1691	0.8359	59.7949	0.5487	2.6e-04	0.5382
813	-109.0716	-109.0716	-91.4199	0.8382	59.4433	0.5454	2.6e-04	0.5371
814	-109.0930	-109.0930	-91.8385	0.8418	58.8307	0.5397	2.6e-04	0.5397
815	-109.0939	-109.0939	-91.7058	0.8406	59.0403	0.5416	2.6e-04	0.5373
816	-109.0771	-109.0771	-91.6214	0.8400	59.1265	0.5425	2.6e-04	0.5389
817	-109.0818	-109.0818	-91.9869	0.8433	58.5796	0.5374	2.6e-04	0.5384
818	-109.0781	-109.0781	-91.5976	0.8397	59.1842	0.5430	2.6e-04	0.5381
819	-109.0879	-109.0879	-92.4445	0.8474	57.8724	0.5309	2.6e-04	0.5384
820	-109.0872	-109.0872	-91.1070	0.8352	59.9320	0.5498	2.6e-04	0.5378
821	-109.0800	-109.0800	-91.6487	0.8402	59.1033	0.5422	2.6e-04	0.5386
822	-109.0693	-109.0693	-92.1300	0.8447	58.3369	0.5353	2.6e-04	0.5380
823	-109.0904	-109.0904	-92.2074	0.8452	58.2340	0.5343	2.6e-04	0.5385
824	-109.0818	-109.0818	-92.6228	0.8491	57.5470	0.5281	2.6e-04	0.5373
825	-109.0993	-109.0993	-92.2071	0.8452	58.2607	0.5345	2.6e-04	0.5384
826	-109.0728	-109.0728	-93.0289	0.8529	56.8938	0.5220	2.6e-04	0.5380
827	-109.0852	-109.0852	-92.6530	0.8494	57.5175	0.5278	2.6e-04	0.5375
828	-109.0848	-109.0848	-92.3857	0.8469	57.9537	0.5317	2.6e-04	0.5364
829	-109.0833	-109.0833	-92.8913	0.8516	57.1303	0.5242	2.6e-04	0.5386
830	-109.0832	-109.0832	-92.6925	0.8497	57.4534	0.5271	2.6e-04	0.5374
831	-109.0829	-109.0829	-92.8265	0.8510	57.2459	0.5252	2.6e-04	0.5380
832	-109.0786	-109.0786	-92.4600	0.8476	57.8228	0.5305	2.6e-04	0.5379
833	-109.0962	-109.0962	-92.4802	0.8477	57.8072	0.5303	2.6e-04	0.5374
834	-109.0852	-109.0852	-93.0480	0.8530	56.8520	0.5216	2.6e-04	0.5381
835	-109.0904	-109.0904	-92.7404	0.8501	57.3984	0.5266	2.6e-04	0.5378
836	-109.0802	-109.0802	-92.5331	0.8483	57.7192	0.5295	2.6e-04	0.5393
837	-109.0759	-109.0759	-92.5272	0.8483	57.7091	0.5295	2.6e-04	0.5368
838	-109.0665	-109.0665	-92.9384	0.8521	57.0366	0.5233	2.6e-04	0.5396
839	-109.0699	-109.0699	-93.5479	0.8577	56.0211	0.5139	2.6e-04	0.5378
840	-109.0770	-109.0770	-93.0954	0.8535	56.7966	0.5211	2.6e-04	0.5386
841	-109.0870	-109.0870	-93.3390	0.8556	56.4158	0.5176	2.6e-04	0.5376
842	-109.0770	-109.0770	-93.7322	0.8593	55.7390	0.5114	2.6e-04	0.5380
843	-109.0719	-109.0719	-93.5327	0.8575	56.0598	0.5144	2.6e-04	0.5391
844	-109.0743	-109.0743	-93.6247	0.8584	55.9165	0.5131	2.6e-04	0.5378
845	-109.0750	-109.0750	-94.0118	0.8619	55.2434	0.5069	2.6e-04	0.5403
846	-109.0675	-109.0675	-93.5851	0.8580	55.9469	0.5134	2.6e-04	0.5373
847	-109.0824	-109.0824	-93.5715	0.8578	56.0182	0.5140	2.6e-04	0.5405
848	-109.0812	-109.0812	-94.0479	0.8622	55.2103	0.5066	2.6e-04	0.5379
849	-109.0631	-109.0631	-93.7151	0.8593	55.7384	0.5114	2.6e-04	0.5387
850	-109.0713	-109.0713	-93.7469	0.8595	55.7058	0.5111	2.6e-04	0.5387
851	-109.0775	-109.0775	-93.4186	0.8564	56.2622	0.5162	2.6e-04	0.5398
852	-109.0803	-109.0803	-94.1148	0.8628	55.0898	0.5055	2.6e-04	0.5370
853	-109.0867	-109.0867	-93.0017	0.8525	56.9500	0.5225	2.6e-04	0.5378
854	-109.0832	-109.0832	-93.4175	0.8564	56.2561	0.5162	2.6e-04	0.5396
855	-109.0639	-109.0639	-93.8150	0.8602	55.5725	0.5100	2.6e-04	0.5379
856	-109.0878	-109.0878	-92.7008	0.8498	57.4612	0.5271	2.6e-04	0.5392
857	-109.0853	-109.0853	-92.9912	0.8525	56.9781	0.5228	2.6e-04	0.5383
858	-109.0673	-109.0673	-92.8632	0.8514	57.1458	0.5244	2.6e-04	0.5380
859	-109.0666	-109.0666	-92.6775	0.8497	57.4565	0.5272	2.6e-04	0.5376
860	-109.0809	-109.0809	-92.5458	0.8484	57.6872	0.5293	2.6e-04	0.5388
861	-109.0755	-109.0755	-92.3147	0.8463	58.0511	0.5326	2.6e-04	0.5381
862	-109.0923	-109.0923	-92.5089	0.8480	57.7719	0.5300	2.6e-04	0.5396
863	-109.0818	-109.0818	-92.6252	0.8491	57.5578	0.5281	2.6e-04	0.5384
864	-109.0658	-109.0658	-92.9035	0.8518	57.0810	0.5238	2.6e-04	0.5388
865	-109.0834	-109.0834	-92.8652	0.8513	57.1728	0.5245	2.6e-04	0.5393
866	-109.0839	-109.0839	-92.2321	0.8455	58.1838	0.5338	2.6e-04	0.5386
867	-109.0820	-109.0820	-92.0250	0.8436	58.5288	0.5369	2.6e-04	0.5391
868	-109.0798	-109.0798	-92.6357	0.8492	57.5268	0.5279	2.6e-04	0.5374
869	-109.0683	-109.0683	-92.1768	0.8451	58.2519	0.5345	2.6e-04	0.5388
870	-109.0884	-109.0884	-91.9568	0.8430	58.6448	0.5380	2.6e-04	0.5380
871	-109.0939	-109.0939	-92.3569	0.8466	58.0144	0.5323	2.6e-04	0.5402
872	-109.0871	-109.0871	-92.1697	0.8449	58.3001	0.5349	2.6e-04	0.5380
873	-109.0762	-109.0762	-92.6276	0.8492	57.5541	0.5281	2.6e-04	0.5385
874	-109.0739	-109.0739	-92.3732	0.8469	57.9498	0.5318	2.6e-04	0.5377
875	-109.0815	-109.0815	-92.2874	0.8460	58.1065	0.5331	2.6e-04	0.5397
876	-109.0842	-109.0842	-91.8439	0.8420	58.8079	0.5395	2.6e-04	0.5375
877	-109.0824	-109.0824	-92.4337	0.8474	57.8545	0.5309	2.6e-04	0.5391
878	-109.0800	-109.0800	-91.8369	0.8419	58.8097	0.5395	2.6e-04	0.5386
879	-109.0869	-109.0869	-91.2821	0.8368	59.6787	0.5475	2.6e-04	0.5401
880	-109.0824	-109.0824	-91.6777	0.8404	59.0647	0.5419	2.6e-04	0.5369
881	-109.0884	-109.0884	-92.1659	0.8449	58.3142	0.5350	2.6e-04	0.5392
882	-109.0699	-109.0699	-91.6625	0.8404	59.0549	0.5419	2.5e-04	0.5381
883	-109.0912	-109.0912	-91.4812	0.8386	59.3844	0.5448	2.5e-04	0.5402
884	-109.0826	-109.0826	-92.1787	0.8450	58.2732	0.5347	2.5e-04	0.5378
885	-109.0662	-109.0662	-92.1566	0.8450	58.2859	0.5348	2.5e-04	0.5364
886	-109.0697	-109.0697	-91.5161	0.8391	59.2807	0.5439	2.5e-04	0.5385
887	-109.0886	-109.0886	-91.9241	0.8427	58.6296	0.5379	2.5e-04	0.5375
888	-109.0674	-109.0674	-91.6962	0.8407	59.0221	0.5414	2.5e-04	0.5387
889	-109.0746	-109.0746	-91.4407	0.8383	59.4137	0.5451	2.5e-04	0.5379
890	-109.0669	-109.0669	-92.0500	0.8440	58.4570	0.5363	2.5e-04	0.5375
891	-109.0628	-109.0628	-91.7699	0.8414	58.8604	0.5400	2.5e-04	0.5384
892	-109.0665	-109.0665	-92.1373	0.8448	58.3146	0.5351	2.5e-04	0.5374
893	-109.0690	-109.0690	-92.0515	0.8440	58.4398	0.5363	2.5e-04	0.5382
894	-109.0879	-109.0879	-91.8317	0.8418	58.8436	0.5398	2.5e-04	0.5388
895	-109.0752	-109.0752	-91.8391	0.8420	58.7977	0.5395	2.5e-04	0.5396
896	-109.0927	-109.0927	-91.9794	0.8431	58.6159	0.5377	2.5e-04	0.5391
897	-109.0889	-109.0889	-91.8774	0.8422	58.7617	0.5390	2.5e-04	0.5383
898	-109.0856	-109.0856	-92.2870	0.8460	58.1071	0.5332	2.5e-04	0.5378
899	-109.0888	-109.0888	-91.7612	0.8412	58.9416	0.5407	2.5e-04	0.5370
900	-109.0767	-109.0767	-91.9613	0.8431	58.6073	0.5377	2.5e-04	0.5378
901	-109.0993	-109.0993	-91.6622	0.8402	59.0932	0.5422	2.5e-04	0.5371
902	-109.0853	-109.0853	-91.5055	0.8388	59.3292	0.5443	2.5e-04	0.5405
903	-109.0703	-109.0703	-91.7505	0.8412	58.9208	0.5407	2.5e-04	0.5381
904	-109.0830	-109.0830	-91.7798	0.8414	58.8838	0.5402	2.5e-04	0.5396
905	-109.1007	-109.1007	-91.6210	0.8398	59.1801	0.5429	2.5e-04	0.5378
906	-109.0818	-109.0818	-91.4795	0.8386	59.3395	0.5444	2.5e-04	0.5392
907	-109.0760	-109.0760	-91.5601	0.8394	59.2318	0.5435	2.5e-04	0.5379
908	-109.0721	-109.0721	-92.2860	0.8461	58.0846	0.5330	2.5e-04	0.5392
909	-109.0721	-109.0721	-91.8742	0.8423	58.7387	0.5390	2.5e-04	0.5370
910	-109.0814	-109.0814	-91.7595	0.8412	58.9315	0.5407	2.5e-04	0.5376
911	-109.0717	-109.0717	-91.8314	0.8419	58.8027	0.5395	2.5e-04	0.5388
912	-109.0931	-109.0931	-91.3357	0.8372	59.6095	0.5469	2.5e-04	0.5375
913	-109.0804	-109.0804	-91.6863	0.8405	59.0517	0.5417	2.5e-04	0.5395
914	-109.0755	-109.0755	-91.5751	0.8396	59.1599	0.5428	2.5e-04	0.5390
915	-109.0743	-109.0743	-92.0933	0.8443	58.3917	0.5358	2.5e-04	0.5399
916	-109.0914	-109.0914	-91.7489	0.8410	58.9657	0.5410	2.5e-04	0.5375
917	-109.0823	-109.0823	-91.6155	0.8399	59.1522	0.5427	2.5e-04	0.5395
918	-109.0931	-109.0931	-91.6581	0.8402	59.1129	0.5423	2.5e-04	0.5374
919	-109.0744	-109.0744	-91.7135	0.8408	58.9935	0.5413	2.5e-04	0.5399
920	-109.0992	-109.0992	-91.4227	0.8380	59.4620	0.5455	2.5e-04	0.5387
921	-109.0922	-109.0922	-91.4421	0.8382	59.4149	0.5452	2.5e-04	0.5371
922	-109.0781	-109.0781	-91.9540	0.8430	58.6190	0.5379	2.5e-04	0.5384
923	-109.0691	-109.0691	-91.5174	0.8391	59.2926	0.5440	2.5e-04	0.5370
924	-109.0843	-109.0843	-91.5032	0.8388	59.3426	0.5444	2.5e-04	0.5378
925	-109.0821	-109.0821	-91.3979	0.8379	59.4989	0.5458	2.5e-04	0.5387
926	-109.0730	-109.0730	-91.7305	0.8410	58.9463	0.5409	2.5e-04	0.5456
927	-109.0904	-109.0904	-91.5862	0.8395	59.2054	0.5432	2.5e-04	0.5378
928	-109.0744	-109.0744	-91.6819	0.8405	59.0303	0.5417	2.5e-04	0.5382
929	-109.0994	-109.0994	-91.4568	0.8383	59.4205	0.5451	2.5e-04	0.5379
930	-109.0731	-109.0731	-91.7670	0.8413	58.8886	0.5403	2.5e-04	0.5386
931	-109.0885	-109.0885	-92.0626	0.8439	58.4637	0.5364	2.5e-04	0.5386
932	-109.0736	-109.0736	-91.6893	0.8406	58.9836	0.5413	2.5e-04	0.5388
933	-109.0803	-109.0803	-91.4888	0.8387	59.3505	0.5445	2.5e-04	0.5372
934	-109.0725	-109.0725	-91.4628	0.8386	59.3428	0.5445	2.5e-04	0.5390
935	-109.0772	-109.0772	-91.8213	0.8418	58.8251	0.5398	2.5e-04	0.5385
936	-109.0762	-109.0762	-90.9332	0.8337	60.1831	0.5523	2.5e-04	0.5375
937	-109.0938	-109.0938	-91.4588	0.8384	59.4150	0.5451	2.5e-04	0.5386
938	-109.0780	-109.0780	-91.6551	0.8403	59.0902	0.5421	2.5e-04	0.5397
939	-109.0808	-109.0808	-90.6440	0.8310	60.6227	0.5563	2.5e-04	0.5377
940	-109.0714	-109.0714	-91.3519	0.8375	59.5382	0.5463	2.5e-04	0.5372
941	-109.0902	-109.0902	-90.8594	0.8329	60.3109	0.5534	2.5e-04	0.5385
942	-109.0835	-109.0835	-91.1550	0.8356	59.8423	0.5491	2.5e-04	0.5374
943	-109.0881	-109.0881	-91.1607	0.8357	59.8290	0.5489	2.5e-04	0.5390
944	-109.0710	-109.0710	-90.8338	0.8328	60.3266	0.5536	2.5e-04	0.5377
945	-109.0802	-109.0802	-91.1434	0.8356	59.8579	0.5493	2.5e-04	0.5381
946	-109.0869	-109.0869	-90.5973	0.8305	60.7027	0.5570	2.5e-04	0.5371
947	-109.0795	-109.0795	-91.2319	0.8364	59.7292	0.5481	2.5e-04	0.5389
948	-109.0849	-109.0849	-91.0991	0.8351	59.9490	0.5501	2.5e-04	0.5382
949	-109.0872	-109.0872	-90.8689	0.8330	60.2952	0.5533	2.5e-04	0.5383
950	-109.0784	-109.0784	-90.5660	0.8303	60.7310	0.5572	2.5e-04	0.5394
951	-109.0895	-109.0895	-90.8617	0.8329	60.3129	0.5534	2.5e-04	0.5375
952	-109.0842	-109.0842	-90.7371	0.8318	60.4586	0.5548	2.5e-04	0.5393
953	-109.0701	-109.0701	-90.8062	0.8325	60.3719	0.5539	2.5e-04	0.5391
954	-109.0911	-109.0911	-90.5941	0.8304	60.7108	0.5570	2.5e-04	0.5384
955	-109.0815	-109.0815	-90.4974	0.8296	60.8549	0.5583	2.5e-04	0.5398
956	-109.0792	-109.0792	-90.3285	0.8281	61.0809	0.5605	2.5e-04	0.5375
957	-109.0918	-109.0918	-91.0238	0.8344	60.0608	0.5510	2.5e-04	0.5375
958	-109.0907	-109.0907	-90.7470	0.8318	60.4843	0.5550	2.5e-04	0.5378
959	-109.0798	-109.0798	-90.8907	0.8332	60.2513	0.5529	2.5e-04	0.5372
960	-109.0896	-109.0896	-90.8244	0.8326	60.3460	0.5538	2.5e-04	0.5385
961	-109.0836	-109.0836	-90.3450	0.8282	61.0737	0.5604	2.5e-04	0.5382
962	-109.1017	-109.1017	-90.6728	0.8311	60.6180	0.5561	2.5e-04	0.5382
963	-109.0701	-109.0701	-90.6099	0.8307	60.6598	0.5566	2.5e-04	0.5396
964	-109.0931	-109.0931	-89.8118	0.8233	61.8555	0.5675	2.5e-04	0.5377
965	-109.0759	-109.0759	-89.6715	0.8221	62.0474	0.5693	2.5e-04	0.5396
966	-109.0824	-109.0824	-90.2187	0.8271	61.2604	0.5621	2.5e-04	0.5380
967	-109.0942	-109.0942	-89.8624	0.8237	61.7646	0.5666	2.5e-04	0.5380
968	-109.0828	-109.0828	-89.8581	0.8238	61.7909	0.5669	2.5e-04	0.5386
969	-109.0865	-109.0865	-90.3382	0.8281	61.0791	0.5604	2.5e-04	0.5376
970	-109.0717	-109.0717	-90.4424	0.8292	60.9118	0.5589	2.5e-04	0.5381
971	-109.0984	-109.0984	-90.4387	0.8290	60.9584	0.5593	2.5e-04	0.5385
972	-109.0764	-109.0764	-90.0067	0.8252	61.5474	0.5648	2.5e-04	0.5390
973	-109.0646	-109.0646	-89.9545	0.8248	61.6035	0.5653	2.5e-04	0.5389
974	-109.0789	-109.0789	-90.0664	0.8257	61.4734	0.5641	2.5e-04	0.5391
975	-109.0943	-109.0943	-89.9316	0.8243	61.7039	0.5661	2.5e-04	0.5384
976	-109.0780	-109.0780	-90.3648	0.8284	61.0327	0.5600	2.5e-04	0.5386
977	-109.0757	-109.0757	-90.4857	0.8296	60.8480	0.5583	2.5e-04	0.5389
978	-109.0706	-109.0706	-89.6014	0.8215	62.1217	0.5701	2.5e-04	0.5391
979	-109.0885	-109.0885	-89.4755	0.8202	62.3484	0.5720	2.5e-04	0.5381
980	-109.0910	-109.0910	-89.3592	0.8191	62.5062	0.5735	2.5e-04	0.5390
981	-109.0852	-109.0852	-89.4754	0.8202	62.3415	0.5720	2.5e-04	0.5366
982	-109.0879	-109.0879	-89.5108	0.8205	62.2983	0.5716	2.5e-04	0.5391
983	-109.0821	-109.0821	-89.9330	0.8245	61.6658	0.5658	2.5e-04	0.5386
984	-109.0895	-109.0895	-89.6061	0.8214	62.1602	0.5703	2.5e-04	0.5387
985	-109.0706	-109.0706	-89.6424	0.8219	62.0842	0.5697	2.5e-04	0.5383
986	-109.0743	-109.0743	-89.7607	0.8229	61.9139	0.5680	2.5e-04	0.5398
987	-109.0917	-109.0917	-89.5432	0.8208	62.2726	0.5712	2.5e-04	0.5387
988	-109.0742	-109.0742	-89.3064	0.8188	62.5807	0.5741	2.5e-04	0.5382
989	-109.0919	-109.0919	-89.1321	0.8170	62.8527	0.5766	2.5e-04	0.5377
990	-109.0661	-109.0661	-89.4847	0.8205	62.2950	0.5717	2.5e-04	0.5370
991	-109.0793	-109.0793	-89.2317	0.8180	62.6881	0.5751	2.5e-04	0.5381
992	-109.0892	-109.0892	-89.7493	0.8227	61.9401	0.5683	2.5e-04	0.5380
993	-109.0853	-109.0853	-89.5168	0.8206	62.2653	0.5713	2.5e-04	0.5386
994	-109.0688	-109.0688	-89.7233	0.8226	61.9609	0.5686	2.5e-04	0.5381
995	-109.0761	-109.0761	-89.3567	0.8192	62.4954	0.5734	2.5e-04	0.5387
996	-109.0902	-109.0902	-89.5778	0.8211	62.2110	0.5707	2.5e-04	0.5392
997	-109.0851	-109.0851	-89.5504	0.8209	62.2241	0.5710	2.5e-04	0.5375
998	-109.0846	-109.0846	-88.7938	0.8140	63.3156	0.5808	2.5e-04	0.5388
999	-109.0879	-109.0879	-89.8207	0.8234	61.8425	0.5674	2.5e-04	0.5378
1000	-109.0901	-109.0901	-89.4895	0.8203	62.3398	0.5719	2.5e-04	0.5384
1001	-109.0595	-109.0595	-89.7306	0.8228	61.9128	0.5682	2.5e-04	0.5364
1002	-109.0847	-109.0847	-88.9426	0.8154	63.0870	0.5788	2.5e-04	0.5379
1003	-109.0757	-109.0757	-89.1383	0.8172	62.8130	0.5763	2.5e-04	0.5364
1004	-109.0694	-109.0694	-89.7889	0.8232	61.8741	0.5677	2.5e-04	0.5377
1005	-109.0894	-109.0894	-89.9609	0.8247	61.6429	0.5656	2.5e-04	0.5373
1006	-109.0761	-109.0761	-89.8168	0.8234	61.8418	0.5674	2.5e-04	0.5389
1007	-109.0857	-109.0857	-89.4255	0.8198	62.4168	0.5726	2.5e-04	0.5381
1008	-109.0935	-109.0935	-89.0349	0.8161	62.9692	0.5777	2.5e-04	0.5379
1009	-109.0690	-109.0690	-88.7682	0.8139	63.2697	0.5805	2.5e-04	0.5381
1010	-109.0629	-109.0629	-89.6804	0.8223	61.9949	0.5688	2.5e-04	0.5385
1011	-109.0674	-109.0674	-88.9919	0.8159	63.0072	0.5781	2.5e-04	0.5396
1012	-109.1004	-109.1004	-88.8529	0.8144	63.2079	0.5799	2.5e-04	0.5381
1013	-109.0658	-109.0658	-88.7425	0.8137	63.3469	0.5813	2.5e-04	0.5394
1014	-109.0584	-109.0584	-88.3102	0.8098	63.9444	0.5867	2.5e-04	0.5387
1015	-109.0814	-109.0814	-89.3877	0.8195	62.4657	0.5731	2.5e-04	0.5390
1016	-109.0926	-109.0926	-88.7643	0.8137	63.3597	0.5813	2.5e-04	0.5373
1017	-109.0752	-109.0752	-88.3762	0.8102	63.8730	0.5861	2.5e-04	0.5373
1018	-109.0921	-109.0921	-88.0342	0.8070	64.3751	0.5905	2.5e-04	0.5381
1019	-109.0968	-109.0968	-88.4134	0.8104	63.8467	0.5856	2.5e-04	0.5389
1020	-109.0840	-109.0840	-87.8253	0.8051	64.6476	0.5931	2.5e-04	0.5393
1021	-109.0785	-109.0785	-87.8218	0.8051	64.6333	0.5930	2.5e-04	0.5383
1022	-109.0536	-109.0536	-88.8177	0.8144	63.2294	0.5802	2.5e-04	0.5395
1023	-109.0787	-109.0787	-88.5233	0.8116	63.6863	0.5843	2.5e-04	0.5380
1024	-109.0717	-109.0717	-88.0964	0.8077	64.2487	0.5895	2.5e-04	0.5397
1025	-109.0714	-109.0714	-88.2669	0.8093	64.0236	0.5874	2.5e-04	0.5395
1026	-109.0735	-109.0735	-87.6527	0.8036	64.8601	0.5951	2.5e-04	0.5393
1027	-109.0891	-109.0891	-88.2022	0.8085	64.1402	0.5884	2.5e-04	0.5391
1028	-109.0776	-109.0776	-87.5465	0.8026	65.0096	0.5965	2.5e-04	0.5398
1029	-109.0800	-109.0800	-87.7322	0.8043	64.7672	0.5942	2.5e-04	0.5375
1030	-109.0964	-109.0964	-87.8005	0.8048	64.6899	0.5935	2.5e-04	0.5392
1031	-109.0981	-109.0981	-87.1229	0.7986	65.6113	0.6018	2.5e-04	0.5379
1032	-109.0817	-109.0817	-87.1339	0.7988	65.5639	0.6015	2.5e-04	0.5387
1033	-109.0887	-109.0887	-87.0870	0.7983	65.6414	0.6022	2.5e-04	0.5389
1034	-109.0894	-109.0894	-88.2429	0.8089	64.0882	0.5879	2.5e-04	0.5395
1035	-109.0725	-109.0725	-87.7466	0.8045	64.7418	0.5939	2.5e-04	0.5384
1036	-109.0757	-109.0757	-87.4490	0.8017	65.1499	0.5977	2.5e-04	0.5397
1037	-109.0856	-109.0856	-87.3842	0.8011	65.2474	0.5986	2.5e-04	0.5378
1038	-109.0884	-109.0884	-87.0810	0.7983	65.6521	0.6023	2.5e-04	0.5390
1039	-109.0839	-109.0839	-87.7620	0.8045	64.7374	0.5938	2.5e-04	0.5383
1040	-109.0836	-109.0836	-87.9627	0.8064	64.4618	0.5914	2.5e-04	0.5376
1041	-109.0901	-109.0901	-87.9558	0.8063	64.4655	0.5915	2.5e-04	0.5381
1042	-109.0735	-109.0735	-88.4577	0.8110	63.7566	0.5850	2.5e-04	0.5379
1043	-109.0866	-109.0866	-88.5506	0.8117	63.6599	0.5840	2.5e-04	0.5381
1044	-109.0634	-109.0634	-88.8840	0.8150	63.1511	0.5795	2.5e-04	0.5382
1045	-109.0793	-109.0793	-88.3940	0.8104	63.8492	0.5858	2.5e-04	0.5389
1046	-109.0865	-109.0865	-88.6356	0.8125	63.5398	0.5829	2.5e-04	0.5391
1047	-109.0749	-109.0749	-88.4503	0.8109	63.7802	0.5851	2.5e-04	0.5376
1048	-109.0741	-109.0741	-89.0814	0.8167	62.8743	0.5769	2.5e-04	0.5381
1049	-109.0827	-109.0827	-88.5676	0.8119	63.6210	0.5837	2.5e-04	0.5399
1050	-109.0844	-109.0844	-88.4045	0.8104	63.8536	0.5858	2.5e-04	0.5385
1051	-109.0859	-109.0859	-88.3232	0.8097	63.9644	0.5869	2.5e-04	0.5394
1052	-109.0834	-109.0834	-88.3373	0.8098	63.9513	0.5867	2.5e-04	0.5369
1053	-109.0714	-109.0714	-88.9751	0.8158	63.0336	0.5784	2.5e-04	0.5363
1054	-109.0962	-109.0962	-88.4106	0.8104	63.8429	0.5857	2.5e-04	0.5383
1055	-109.0797	-109.0797	-88.1426	0.8081	64.2103	0.5890	2.5e-04	0.5369
1056	-109.0743	-109.0743	-88.6484	0.8127	63.4909	0.5826	2.5e-04	0.5392
1057	-109.0940	-109.0940	-88.0325	0.8069	64.3710	0.5905	2.5e-04	0.5382
1058	-109.0978	-109.0978	-88.2780	0.8092	64.0559	0.5876	2.5e-04	0.5403
1059	-109.0943	-109.0943	-88.7876	0.8139	63.2967	0.5807	2.5e-04	0.5383
1060	-109.0871	-109.0871	-88.1224	0.8078	64.2448	0.5894	2.5e-04	0.5394
1061	-109.0895	-109.0895	-88.6424	0.8126	63.5312	0.5828	2.5e-04	0.5372
1062	-109.0832	-109.0832	-88.3419	0.8099	63.9383	0.5866	2.5e-04	0.5390
1063	-109.0910	-109.0910	-88.0506	0.8071	64.3496	0.5904	2.5e-04	0.5388
1064	-109.0670	-109.0670	-88.5015	0.8114	63.6748	0.5843	2.5e-04	0.5378
1065	-109.0664	-109.0664	-88.0092	0.8069	64.3565	0.5905	2.5e-04	0.5365
1066	-109.0816	-109.0816	-88.3781	0.8102	63.8614	0.5860	2.5e-04	0.5373
1067	-109.0716	-109.0716	-88.2423	0.8090	64.0378	0.5877	2.5e-04	0.5399
1068	-109.0866	-109.0866	-87.6977	0.8039	64.8174	0.5947	2.5e-04	0.5376
1069	-109.0702	-109.0702	-87.1900	0.7994	65.4899	0.6008	2.5e-04	0.5391
1070	-109.0856	-109.0856	-87.4423	0.8016	65.1504	0.5978	2.5e-04	0.5374
1071	-109.0952	-109.0952	-87.8522	0.8053	64.6052	0.5928	2.5e-04	0.5390
1072	-109.0773	-109.0773	-87.2334	0.7997	65.4323	0.6003	2.5e-04	0.5386
1073	-109.0759	-109.0759	-88.4209	0.8106	63.8177	0.5855	2.5e-04	0.5378
1074	-109.0790	-109.0790	-86.9661	0.7973	65.7855	0.6036	2.5e-04	0.5393
1075	-109.0832	-109.0832	-86.6775	0.7946	66.1760	0.6071	2.5e-04	0.5373
1076	-109.0785	-109.0785	-87.3646	0.8009	65.2633	0.5987	2.5e-04	0.5400
1077	-109.0706	-109.0706	-87.5530	0.8027	64.9971	0.5964	2.5e-04	0.5369
1078	-109.0701	-109.0701	-87.6483	0.8036	64.8662	0.5952	2.5e-04	0.5373
1079	-109.0703	-109.0703	-86.7818	0.7956	66.0234	0.6058	2.5e-04	0.5393
1080	-109.0697	-109.0697	-87.7137	0.8042	64.7710	0.5943	2.5e-04	0.5380
1081	-109.0632	-109.0632	-87.0301	0.7980	65.6545	0.6024	2.5e-04	0.5360
1082	-109.0669	-109.0669	-87.3238	0.8006	65.3008	0.5991	2.5e-04	0.5381
1083	-109.0822	-109.0822	-86.8341	0.7960	65.9637	0.6052	2.5e-04	0.5377
1084	-109.0770	-109.0770	-87.2107	0.7995	65.4517	0.6004	2.5e-04	0.5366
1085	-109.0860	-109.0860	-87.1288	0.7987	65.5806	0.6016	2.5e-04	0.5392
1086	-109.0786	-109.0786	-87.0098	0.7977	65.6778	0.6025	2.5e-04	0.5383
1087	-109.0691	-109.0691	-87.4826	0.8021	65.0985	0.5972	2.5e-04	0.5386
1088	-109.0773	-109.0773	-86.6843	0.7947	66.1600	0.6070	2.5e-04	0.5394
1089	-109.0745	-109.0745	-86.8335	0.7961	65.9728	0.6052	2.5e-04	0.5371
1090	-109.0843	-109.0843	-87.0100	0.7976	65.7411	0.6031	2.5e-04	0.5390
1091	-109.0762	-109.0762	-87.5827	0.8030	64.9581	0.5960	2.5e-04	0.5372
1092	-109.0671	-109.0671	-86.8080	0.7959	65.9878	0.6054	2.5e-04	0.5375
1093	-109.0756	-109.0756	-87.0698	0.7983	65.6491	0.6022	2.5e-04	0.5377
1094	-109.0787	-109.0787	-87.5531	0.8027	64.9860	0.5961	2.5e-04	0.5378
1095	-109.1011	-109.1011	-87.1809	0.7991	65.5437	0.6012	2.5e-04	0.5391
1096	-109.1024	-109.1024	-86.2529	0.7906	66.7570	0.6122	2.5e-04	0.5368
1097	-109.0829	-109.0829	-87.3683	0.8009	65.2602	0.5987	2.5e-04	0.5385
1098	-109.1002	-109.1002	-87.0095	0.7975	65.7632	0.6033	2.5e-04	0.5366
1099	-109.0815	-109.0815	-87.4399	0.8016	65.1611	0.5977	2.5e-04	0.5382
1100	-109.0704	-109.0704	-87.0392	0.7980	65.6142	0.6020	2.5e-04	0.5378
1101	-109.0821	-109.0821	-87.3182	0.8005	65.3340	0.5994	2.5e-04	0.5354
1102	-109.0938	-109.0938	-87.1105	0.7985	65.6113	0.6019	2.5e-04	0.5385
1103	-109.0933	-109.0933	-87.1304	0.7987	65.5917	0.6017	2.5e-04	0.5378
1104	-109.0782	-109.0782	-87.8414	0.8053	64.6221	0.5929	2.5e-04	0.5387
1105	-109.0873	-109.0873	-87.0670	0.7981	65.6744	0.6024	2.5e-04	0.5376
1106	-109.0936	-109.0936	-86.6579	0.7943	66.2230	0.6075	2.5e-04	0.5398
1107	-109.0766	-109.0766	-86.9759	0.7974	65.7706	0.6034	2.5e-04	0.5380
1108	-109.0866	-109.0866	-87.5687	0.8027	64.9988	0.5963	2.5e-04	0.5388
1109	-109.0892	-109.0892	-86.8406	0.7961	65.9765	0.6052	2.5e-04	0.5373
1110	-109.0647	-109.0647	-87.4685	0.8020	65.1102	0.5973	2.5e-04	0.5396
1111	-109.0823	-109.0823	-87.0255	0.7978	65.7165	0.6029	2.5e-04	0.5381
1112	-109.0904	-109.0904	-87.5003	0.8021	65.0942	0.5971	2.5e-04	0.5371
1113	-109.0946	-109.0946	-87.2685	0.7999	65.4158	0.6001	2.5e-04	0.5372
1114	-109.0787	-109.0787	-86.5990	0.7939	66.2838	0.6080	2.5e-04	0.5381
1115	-109.0662	-109.0662	-87.5492	0.8027	64.9848	0.5963	2.5e-04	0.5388
1116	-109.0751	-109.0751	-87.1626	0.7991	65.5199	0.6012	2.5e-04	0.5381
1117	-109.0766	-109.0766	-87.8680	0.8056	64.5796	0.5925	2.5e-04	0.5385
1118	-109.0726	-109.0726	-87.1995	0.7995	65.4813	0.6007	2.5e-04	0.5381
1119	-109.0762	-109.0762	-87.1163	0.7987	65.5868	0.6018	2.5e-04	0.5374
1120	-109.0705	-109.0705	-87.3030	0.8004	65.3371	0.5994	2.5e-04	0.5382
1121	-109.0767	-109.0767	-87.3019	0.8004	65.3512	0.5995	2.5e-04	0.5386
1122	-109.0790	-109.0790	-87.5729	0.8028	64.9941	0.5962	2.4e-04	0.5377
1123	-109.0778	-109.0778	-87.2785	0.8001	65.3829	0.5998	2.4e-04	0.5392
1124	-109.0846	-109.0846	-87.0551	0.7981	65.6800	0.6026	2.4e-04	0.5376
1125	-109.0865	-109.0865	-86.7455	0.7952	66.0933	0.6063	2.4e-04	0.5375
1126	-109.0811	-109.0811	-86.9930	0.7975	65.7666	0.6033	2.4e-04	0.5371
1127	-109.0808	-109.0808	-86.5802	0.7937	66.3048	0.6083	2.4e-04	0.5368
1128	-109.0713	-109.0713	-86.6563	0.7945	66.1982	0.6072	2.4e-04	0.5384
1129	-109.0804	-109.0804	-86.8099	0.7958	65.9922	0.6054	2.4e-04	0.5375
1130	-109.0761	-109.0761	-86.7341	0.7952	66.0834	0.6063	2.4e-04	0.5389
1131	-109.0854	-109.0854	-86.2005	0.7902	66.7952	0.6128	2.4e-04	0.5386
1132	-109.0853	-109.0853	-86.5171	0.7931	66.3907	0.6091	2.4e-04	0.5378
1133	-109.0861	-109.0861	-86.4922	0.7929	66.4218	0.6093	2.4e-04	0.5370
1134	-109.0861	-109.0861	-85.5891	0.7846	67.5832	0.6200	2.4e-04	0.5383
1135	-109.0960	-109.0960	-86.1373	0.7896	66.9048	0.6137	2.4e-04	0.5378
1136	-109.0662	-109.0662	-84.9965	0.7793	68.2932	0.6266	2.4e-04	0.5394
1137	-109.0710	-109.0710	-85.6225	0.7850	67.5180	0.6194	2.4e-04	0.5367
1138	-109.0831	-109.0831	-85.9524	0.7880	67.1114	0.6157	2.4e-04	0.5409
1139	-109.0869	-109.0869	-85.7563	0.7861	67.3723	0.6180	2.4e-04	0.5380
1140	-109.0750	-109.0750	-85.6172	0.7849	67.5119	0.6193	2.4e-04	0.5393
1141	-109.0772	-109.0772	-85.1801	0.7809	68.0820	0.6246	2.4e-04	0.5379
1142	-109.0971	-109.0971	-85.9311	0.7877	67.1547	0.6160	2.4e-04	0.5400
1143	-109.0799	-109.0799	-85.1789	0.7809	68.0665	0.6244	2.4e-04	0.5379
1144	-109.0767	-109.0767	-85.0867	0.7801	68.1963	0.6257	2.4e-04	0.5369
1145	-109.0719	-109.0719	-84.5350	0.7750	68.8838	0.6319	2.4e-04	0.5383
1146	-109.0556	-109.0556	-84.9421	0.7789	68.3533	0.6272	2.4e-04	0.5376
1147	-109.0763	-109.0763	-85.0298	0.7795	68.2774	0.6263	2.4e-04	0.5391
1148	-109.0705	-109.0705	-85.4502	0.7834	67.7386	0.6215	2.4e-04	0.5377
1149	-109.0979	-109.0979	-84.0243	0.7702	69.5230	0.6377	2.4e-04	0.5370
1150	-109.0636	-109.0636	-85.2651	0.7818	67.9593	0.6235	2.4e-04	0.5387
1151	-109.0607	-109.0607	-84.5454	0.7752	68.8517	0.6317	2.4e-04	0.5377
1152	-109.0650	-109.0650	-84.4431	0.7742	68.9759	0.6328	2.4e-04	0.5384
1153	-109.1013	-109.1013	-84.9447	0.7786	68.4156	0.6275	2.4e-04	0.5393
1154	-109.0705	-109.0705	-84.7375	0.7769	68.6310	0.6296	2.4e-04	0.5390
1155	-109.0744	-109.0744	-84.3661	0.7735	69.0919	0.6338	2.4e-04	0.5384
1156	-109.0741	-109.0741	-84.7748	0.7772	68.5847	0.6292	2.4e-04	0.5375
1157	-109.0720	-109.0720	-84.5469	0.7751	68.8788	0.6318	2.4e-04	0.5392
1158	-109.0809	-109.0809	-84.3312	0.7731	69.1434	0.6342	2.4e-04	0.5386
1159	-109.0815	-109.0815	-84.0985	0.7710	69.4115	0.6367	2.4e-04	0.5380
1160	-109.0700	-109.0700	-84.4384	0.7742	68.9808	0.6328	2.4e-04	0.5389
1161	-109.0868	-109.0868	-84.7894	0.7773	68.5694	0.6291	2.4e-04	0.5364
1162	-109.0702	-109.0702	-84.5021	0.7747	68.8989	0.6321	2.4e-04	0.5367
1163	-109.0664	-109.0664	-84.2122	0.7721	69.2477	0.6354	2.4e-04	0.5386
1164	-109.0751	-109.0751	-84.3075	0.7729	69.1078	0.6340	2.4e-04	0.5364
1165	-109.0646	-109.0646	-84.6655	0.7763	68.7121	0.6304	2.4e-04	0.5377
1166	-109.0857	-109.0857	-84.0756	0.7707	69.3946	0.6366	2.4e-04	0.5390
1167	-109.0810	-109.0810	-83.9907	0.7700	69.5316	0.6379	2.4e-04	0.5379
1168	-109.0832	-109.0832	-83.8436	0.7686	69.7251	0.6396	2.4e-04	0.5379
1169	-109.0804	-109.0804	-83.3224	0.7639	70.3465	0.6454	2.4e-04	0.5377
1170	-109.0772	-109.0772	-83.7206	0.7675	69.8727	0.6410	2.4e-04	0.5383
1171	-109.0775	-109.0775	-83.7875	0.7681	69.7703	0.6400	2.4e-04	0.5385
1172	-109.0696	-109.0696	-83.0740	0.7617	70.6083	0.6477	2.4e-04	0.5392
1173	-109.0726	-109.0726	-83.9818	0.7700	69.5447	0.6380	2.4e-04	0.5364
1174	-109.0812	-109.0812	-83.2214	0.7629	70.4637	0.6464	2.4e-04	0.5394
1175	-109.0908	-109.0908	-83.5185	0.7656	70.1304	0.6433	2.4e-04	0.5382
1176	-109.0880	-109.0880	-83.4181	0.7647	70.2423	0.6443	2.4e-04	0.5392
1177	-109.0807	-109.0807	-83.2585	0.7633	70.4285	0.6461	2.4e-04	0.5387
1178	-109.0776	-109.0776	-83.8271	0.7685	69.7258	0.6397	2.4e-04	0.5390
1179	-109.0721	-109.0721	-83.2836	0.7636	70.3806	0.6457	2.4e-04	0.5375
1180	-109.0823	-109.0823	-83.0155	0.7610	70.7171	0.6487	2.4e-04	0.5390
1181	-109.0678	-109.0678	-83.0310	0.7613	70.6853	0.6484	2.4e-04	0.5388
1182	-109.0810	-109.0810	-82.9797	0.7607	70.7564	0.6490	2.4e-04	0.5387
1183	-109.0901	-109.0901	-82.5916	0.7571	71.2234	0.6533	2.4e-04	0.5383
1184	-109.0946	-109.0946	-83.4481	0.7649	70.2094	0.6441	2.4e-04	0.5380
1185	-109.0686	-109.0686	-82.9570	0.7606	70.7634	0.6492	2.4e-04	0.5370
1186	-109.0763	-109.0763	-82.7183	0.7584	71.0477	0.6518	2.4e-04	0.5376
1187	-109.0763	-109.0763	-83.2773	0.7635	70.3867	0.6457	2.4e-04	0.5385
1188	-109.0822	-109.0822	-83.4048	0.7646	70.2617	0.6445	2.4e-04	0.5393
1189	-109.0732	-109.0732	-82.8074	0.7592	70.9357	0.6508	2.4e-04	0.5392
1190	-109.0798	-109.0798	-81.9358	0.7512	71.9511	0.6601	2.4e-04	0.5377
1191	-109.0864	-109.0864	-81.5021	0.7471	72.4674	0.6647	2.4e-04	0.5390
1192	-109.0838	-109.0838	-82.3067	0.7545	71.5398	0.6563	2.4e-04	0.5392
1193	-109.0956	-109.0956	-82.5395	0.7566	71.2940	0.6539	2.4e-04	0.5382
1194	-109.0839	-109.0839	-82.1592	0.7532	71.7050	0.6578	2.4e-04	0.5381
1195	-109.0780	-109.0780	-83.1055	0.7619	70.6066	0.6477	2.4e-04	0.5394
1196	-109.0765	-109.0765	-82.7510	0.7587	71.0119	0.6515	2.4e-04	0.5387
1197	-109.1011	-109.1011	-82.0678	0.7522	71.8308	0.6588	2.4e-04	0.5372
1198	-109.1019	-109.1019	-81.7170	0.7490	72.2289	0.6626	2.4e-04	0.5386
1199	-109.0694	-109.0694	-81.8541	0.7505	72.0396	0.6609	2.4e-04	0.5382
1200	-109.0734	-109.0734	-82.0677	0.7524	71.7998	0.6587	2.4e-04	0.5383
1201	-109.0771	-109.0771	-82.3009	0.7545	71.5502	0.6562	2.4e-04	0.5367
1202	-109.0716	-109.0716	-82.2251	0.7539	71.6221	0.6570	2.4e-04	0.5387
1203	-109.0627	-109.0627	-82.0298	0.7521	71.8316	0.6590	2.4e-04	0.5394
1204	-109.0715	-109.0715	-81.4047	0.7463	72.5504	0.6656	2.4e-04	0.5392
1205	-109.0796	-109.0796	-81.7061	0.7491	72.2196	0.6625	2.4e-04	0.5389
1206	-109.0952	-109.0952	-82.2074	0.7535	71.6681	0.6574	2.4e-04	0.5401
1207	-109.0694	-109.0694	-81.9803	0.7516	71.8763	0.6593	2.4e-04	0.5388
1208	-109.0767	-109.0767	-82.0909	0.7526	71.7770	0.6585	2.4e-04	0.5377
1209	-109.0874	-109.0874	-81.3300	0.7455	72.6362	0.6664	2.4e-04	0.5383
1210	-109.0774	-109.0774	-82.2838	0.7544	71.5566	0.6564	2.4e-04	0.5376
1211	-109.0779	-109.0779	-82.0081	0.7518	71.8274	0.6589	2.4e-04	0.5387
1212	-109.0803	-109.0803	-81.8151	0.7500	72.0916	0.6613	2.4e-04	0.5366
1213	-109.0857	-109.0857	-82.1866	0.7534	71.6654	0.6574	2.4e-04	0.5401
1214	-109.0632	-109.0632	-81.8851	0.7508	71.9861	0.6604	2.4e-04	0.5387
1215	-109.0888	-109.0888	-81.6268	0.7483	72.2892	0.6632	2.4e-04	0.5396
1216	-109.0810	-109.0810	-82.1739	0.7533	71.6716	0.6576	2.4e-04	0.5382
1217	-109.0802	-109.0802	-81.9474	0.7513	71.9433	0.6600	2.4e-04	0.5398
1218	-109.0801	-109.0801	-80.8012	0.7408	73.2286	0.6718	2.4e-04	0.5379
1219	-109.0821	-109.0821	-80.5267	0.7382	73.5329	0.6745	2.4e-04	0.5392
1220	-109.0753	-109.0753	-80.3296	0.7365	73.7217	0.6763	2.4e-04	0.5380
1221	-109.0833	-109.0833	-81.4054	0.7463	72.5589	0.6656	2.4e-04	0.5366
1222	-109.0677	-109.0677	-81.4794	0.7471	72.4531	0.6648	2.4e-04	0.5382
1223	-109.0678	-109.0678	-80.8388	0.7412	73.1494	0.6711	2.4e-04	0.5379
1224	-109.0865	-109.0865	-80.9771	0.7423	73.0504	0.6700	2.4e-04	0.5393
1225	-109.0868	-109.0868	-80.8722	0.7414	73.1525	0.6711	2.4e-04	0.5388
1226	-109.0619	-109.0619	-80.8228	0.7411	73.1703	0.6713	2.4e-04	0.5400
1227	-109.0719	-109.0719	-80.4647	0.7377	73.5985	0.6751	2.4e-04	0.5389
1228	-109.0865	-109.0865	-79.8643	0.7321	74.2427	0.6810	2.4e-04	0.5382
1229	-109.0879	-109.0879	-80.0950	0.7342	73.9997	0.6789	2.4e-04	0.5376
1230	-109.0733	-109.0733	-80.8890	0.7416	73.1325	0.6708	2.4e-04	0.5388
1231	-109.0851	-109.0851	-79.5605	0.7293	74.5742	0.6840	2.4e-04	0.5383
1232	-109.0721	-109.0721	-80.7578	0.7404	73.2580	0.6720	2.4e-04	0.5393
1233	-109.0853	-109.0853	-80.5568	0.7385	73.4896	0.6742	2.4e-04	0.5370
1234	-109.0709	-109.0709	-80.5373	0.7384	73.5023	0.6743	2.4e-04	0.5367
1235	-109.0837	-109.0837	-80.4640	0.7376	73.6022	0.6752	2.4e-04	0.5375
1236	-109.0692	-109.0692	-80.2904	0.7361	73.7472	0.6766	2.4e-04	0.5382
1237	-109.0713	-109.0713	-80.3181	0.7364	73.7528	0.6766	2.4e-04	0.5389
1238	-109.0879	-109.0879	-79.9747	0.7331	74.1443	0.6801	2.4e-04	0.5381
1239	-109.0839	-109.0839	-79.9646	0.7331	74.1278	0.6800	2.4e-04	0.5392
1240	-109.0897	-109.0897	-81.1014	0.7434	72.9161	0.6688	2.4e-04	0.5374
1241	-109.0931	-109.0931	-80.2037	0.7352	73.9029	0.6778	2.4e-04	0.5384
1242	-109.0781	-109.0781	-81.9780	0.7516	71.9014	0.6596	2.4e-04	0.5386
1243	-109.0584	-109.0584	-81.7511	0.7496	72.1283	0.6618	2.4e-04	0.5387
1244	-109.0674	-109.0674	-80.6064	0.7391	73.4163	0.6736	2.4e-04	0.5389
1245	-109.0899	-109.0899	-81.0271	0.7428	72.9593	0.6692	2.4e-04	0.5370
1246	-109.0744	-109.0744	-81.4003	0.7463	72.5598	0.6656	2.4e-04	0.5377
1247	-109.0818	-109.0818	-81.0507	0.7430	72.9456	0.6692	2.4e-04	0.5381
1248	-109.0904	-109.0904	-82.2199	0.7537	71.6360	0.6572	2.4e-04	0.5372
1249	-109.0916	-109.0916	-81.0820	0.7432	72.9296	0.6690	2.4e-04	0.5394
1250	-109.0812	-109.0812	-81.2676	0.7450	72.7129	0.6670	2.4e-04	0.5383
1251	-109.0702	-109.0702	-81.1634	0.7441	72.8083	0.6680	2.4e-04	0.5383
1252	-109.0854	-109.0854	-80.1602	0.7348	73.9304	0.6782	2.4e-04	0.5367
1253	-109.0829	-109.0829	-81.2676	0.7450	72.7123	0.6670	2.4e-04	0.5388
1254	-109.0729	-109.0729	-81.0003	0.7426	72.9695	0.6694	2.4e-04	0.5367
1255	-109.1027	-109.1027	-80.7353	0.7400	73.3270	0.6726	2.4e-04	0.5387
1256	-109.0782	-109.0782	-81.0846	0.7434	72.9098	0.6688	2.4e-04	0.5383
1257	-109.0720	-109.0720	-81.4683	0.7469	72.4537	0.6646	2.4e-04	0.5364
1258	-109.0821	-109.0821	-80.9275	0.7419	73.0990	0.6705	2.4e-04	0.5389
1259	-109.0790	-109.0790	-80.9165	0.7418	73.1110	0.6706	2.4e-04	0.5368
1260	-109.0723	-109.0723	-80.7128	0.7400	73.3118	0.6725	2.4e-04	0.5371
1261	-109.0971	-109.0971	-80.3278	0.7363	73.7640	0.6765	2.4e-04	0.5387
1262	-109.0849	-109.0849	-80.3024	0.7361	73.7935	0.6768	2.4e-04	0.5380
1263	-109.0630	-109.0630	-81.4688	0.7470	72.4477	0.6647	2.4e-04	0.5369
1264	-109.0991	-109.0991	-80.7162	0.7398	73.3315	0.6727	2.4e-04	0.5369
1265	-109.0891	-109.0891	-80.9623	0.7422	73.0677	0.6702	2.4e-04	0.5382
1266	-109.0722	-109.0722	-80.4190	0.7373	73.6293	0.6755	2.4e-04	0.5398
1267	-109.0701	-109.0701	-80.8429	0.7412	73.1758	0.6712	2.4e-04	0.5385
1268	-109.0768	-109.0768	-80.8939	0.7416	73.1238	0.6708	2.4e-04	0.5381
1269	-109.0796	-109.0796	-80.2376	0.7356	73.8373	0.6773	2.4e-04	0.5374
1270	-109.0781	-109.0781	-80.0056	0.7335	74.0733	0.6795	2.4e-04	0.5384
1271	-109.0900	-109.0900	-80.8841	0.7414	73.1508	0.6710	2.4e-04	0.5381
1272	-109.0888	-109.0888	-80.8775	0.7414	73.1653	0.6711	2.4e-04	0.5393
1273	-109.0831	-109.0831	-81.0505	0.7430	72.9425	0.6692	2.4e-04	0.5391
1274	-109.0599	-109.0599	-80.7880	0.7408	73.2100	0.6716	2.4e-04	0.5376
1275	-109.0871	-109.0871	-80.0562	0.7339	74.0454	0.6793	2.4e-04	0.5384
1276	-109.1033	-109.1033	-79.3695	0.7275	74.8045	0.6861	2.4e-04	0.5368
1277	-109.0738	-109.0738	-79.8504	0.7321	74.2599	0.6812	2.4e-04	0.5384
1278	-109.0646	-109.0646	-80.2867	0.7361	73.7737	0.6768	2.4e-04	0.5379
1279	-109.0840	-109.0840	-80.0818	0.7341	74.0145	0.6789	2.4e-04	0.5392
1280	-109.0762	-109.0762	-80.1093	0.7344	73.9738	0.6786	2.4e-04	0.5387
1281	-109.0623	-109.0623	-80.4317	0.7375	73.6110	0.6754	2.4e-04	0.5374
1282	-109.0941	-109.0941	-80.6191	0.7390	73.4543	0.6737	2.4e-04	0.5378
1283	-109.0973	-109.0973	-79.3810	0.7276	74.7946	0.6860	2.4e-04	0.5372
1284	-109.0905	-109.0905	-80.4245	0.7372	73.6314	0.6754	2.4e-04	0.5379
1285	-109.0761	-109.0761	-80.0982	0.7343	73.9879	0.6787	2.4e-04	0.5377
1286	-109.0943	-109.0943	-80.4070	0.7370	73.6787	0.6758	2.4e-04	0.5389
1287	-109.0731	-109.0731	-79.4983	0.7289	74.6247	0.6846	2.4e-04	0.5384
1288	-109.1024	-109.1024	-80.2282	0.7353	73.8527	0.6775	2.4e-04	0.5393
1289	-109.0858	-109.0858	-79.4947	0.7287	74.6345	0.6846	2.4e-04	0.5381
1290	-109.0742	-109.0742	-79.6225	0.7300	74.4902	0.6834	2.4e-04	0.5380
1291	-109.0753	-109.0753	-79.7944	0.7316	74.3167	0.6818	2.4e-04	0.5379
1292	-109.0823	-109.0823	-80.5209	0.7382	73.5418	0.6746	2.4e-04	0.5376
1293	-109.0862	-109.0862	-79.7812	0.7314	74.3261	0.6818	2.4e-04	0.5381
1294	-109.0928	-109.0928	-80.4966	0.7379	73.5758	0.6749	2.4e-04	0.5400
1295	-109.0890	-109.0890	-80.4002	0.7370	73.6856	0.6759	2.4e-04	0.5382
1296	-109.0827	-109.0827	-79.4869	0.7287	74.6637	0.6848	2.4e-04	0.5385
1297	-109.0736	-109.0736	-79.8621	0.7322	74.2385	0.6811	2.4e-04	0.5392
1298	-109.0611	-109.0611	-80.1281	0.7347	73.9286	0.6783	2.4e-04	0.5399
1299	-109.0888	-109.0888	-80.6473	0.7393	73.3968	0.6733	2.4e-04	0.5379
1300	-109.0730	-109.0730	-79.8923	0.7325	74.1971	0.6807	2.4e-04	0.5373
1301	-109.0879	-109.0879	-80.0410	0.7337	74.0663	0.6794	2.4e-04	0.5367
1302	-109.0727	-109.0727	-79.3706	0.7277	74.7639	0.6859	2.4e-04	0.5399
1303	-109.0648	-109.0648	-79.1089	0.7253	75.0340	0.6884	2.4e-04	0.5386
1304	-109.0931	-109.0931	-79.7929	0.7314	74.3444	0.6819	2.4e-04	0.5372
1305	-109.0795	-109.0795	-79.4668	0.7285	74.6649	0.6850	2.4e-04	0.5367
1306	-109.0885	-109.0885	-80.0960	0.7342	73.9928	0.6788	2.4e-04	0.5389
1307	-109.0858	-109.0858	-80.2728	0.7359	73.7965	0.6770	2.4e-04	0.5378
1308	-109.0706	-109.0706	-79.2553	0.7266	74.8398	0.6867	2.4e-04	0.5370
1309	-109.0774	-109.0774	-79.3403	0.7274	74.7863	0.6861	2.4e-04	0.5395
1310	-109.0653	-109.0653	-79.0572	0.7249	75.0905	0.6889	2.4e-04	0.5377
1311	-109.0960	-109.0960	-79.0413	0.7245	75.1418	0.6893	2.4e-04	0.5397
1312	-109.0892	-109.0892	-79.6764	0.7304	74.4520	0.6830	2.4e-04	0.5377
1313	-109.0910	-109.0910	-78.8721	0.7230	75.3151	0.6908	2.4e-04	0.5393
1314	-109.0712	-109.0712	-79.7095	0.7308	74.4004	0.6826	2.4e-04	0.5382
1315	-109.0853	-109.0853	-79.9708	0.7331	74.1452	0.6801	2.4e-04	0.5388
1316	-109.0907	-109.0907	-78.8590	0.7229	75.3241	0.6910	2.4e-04	0.5387
1317	-109.0825	-109.0825	-78.3519	0.7183	75.8269	0.6956	2.4e-04	0.5385
1318	-109.0716	-109.0716	-79.1880	0.7260	74.9523	0.6877	2.4e-04	0.5383
1319	-109.0723	-109.0723	-79.3786	0.7278	74.7622	0.6858	2.4e-04	0.5390
1320	-109.0462	-109.0462	-78.7590	0.7223	75.3875	0.6916	2.4e-04	0.5376
1321	-109.0781	-109.0781	-79.2888	0.7269	74.8384	0.6865	2.4e-04	0.5394
1322	-109.0872	-109.0872	-79.0172	0.7243	75.1516	0.6894	2.4e-04	0.5388
1323	-109.0848	-109.0848	-78.7082	0.7215	75.4833	0.6924	2.4e-04	0.5390
1324	-109.0739	-109.0739	-78.5314	0.7200	75.6551	0.6940	2.4e-04	0.5373
1325	-109.0750	-109.0750	-78.8943	0.7233	75.2475	0.6903	2.4e-04	0.5380
1326	-109.0810	-109.0810	-79.6301	0.7300	74.5077	0.6834	2.4e-04	0.5388
1327	-109.0788	-109.0788	-78.5055	0.7197	75.6832	0.6942	2.4e-04	0.5384
1328	-109.0717	-109.0717	-79.2118	0.7262	74.9337	0.6874	2.4e-04	0.5392
1329	-109.0718	-109.0718	-79.3329	0.7273	74.7744	0.6860	2.4e-04	0.5371
1330	-109.0846	-109.0846	-78.7163	0.7216	75.4606	0.6922	2.4e-04	0.5371
1331	-109.0842	-109.0842	-80.0634	0.7340	74.0372	0.6792	2.4e-04	0.5389
1332	-109.0816	-109.0816	-79.2781	0.7268	74.8704	0.6868	2.4e-04	0.5381
1333	-109.0766	-109.0766	-79.5363	0.7292	74.5828	0.6843	2.4e-04	0.5407
1334	-109.0898	-109.0898	-78.8525	0.7228	75.3276	0.6910	2.4e-04	0.5382
1335	-109.0880	-109.0880	-79.2470	0.7264	74.9150	0.6871	2.4e-04	0.5388
1336	-109.0784	-109.0784	-78.7360	0.7218	75.4418	0.6921	2.4e-04	0.5386
1337	-109.0742	-109.0742	-79.3609	0.7276	74.7813	0.6860	2.4e-04	0.5384
1338	-109.0798	-109.0798	-78.7209	0.7217	75.4634	0.6922	2.4e-04	0.5375
1339	-109.0659	-109.0659	-78.4428	0.7192	75.7239	0.6947	2.4e-04	0.5384
1340	-109.0850	-109.0850	-78.6047	0.7206	75.5841	0.6933	2.4e-04	0.5382
1341	-109.0537	-109.0537	-78.2617	0.7176	75.8614	0.6961	2.4e-04	0.5377
1342	-109.0836	-109.0836	-77.9572	0.7147	76.2481	0.6995	2.4e-04	0.5388
1343	-109.0875	-109.0875	-78.4850	0.7195	75.7113	0.6945	2.4e-04	0.5371
1344	-109.0892	-109.0892	-78.7920	0.7223	75.3911	0.6916	2.4e-04	0.5382
1345	-109.0782	-109.0782	-78.8552	0.7229	75.3090	0.6909	2.4e-04	0.5387
1346	-109.0913	-109.0913	-78.5101	0.7197	75.6859	0.6943	2.4e-04	0.5378
1347	-109.0851	-109.0851	-79.6593	0.7302	74.4732	0.6832	2.4e-04	0.5393
1348	-109.0722	-109.0722	-79.8701	0.7323	74.2263	0.6810	2.4e-04	0.5373
1349	-109.0848	-109.0848	-78.5346	0.7199	75.6540	0.6940	2.4e-04	0.5381
1350	-109.0791	-109.0791	-78.6306	0.7209	75.5198	0.6928	2.4e-04	0.5368
1351	-109.0614	-109.0614	-77.6339	0.7118	76.5550	0.7023	2.4e-04	0.5398
1352	-109.0971	-109.0971	-78.5808	0.7203	75.6222	0.6937	2.4e-04	0.5379
1353	-109.0628	-109.0628	-78.6764	0.7214	75.4752	0.6925	2.4e-04	0.5381
1354	-109.0781	-109.0781	-78.2410	0.7173	75.9464	0.6968	2.4e-04	0.5384
1355	-109.0902	-109.0902	-78.4912	0.7195	75.7038	0.6944	2.4e-04	0.5395
1356	-109.0712	-109.0712	-78.0591	0.7157	76.1263	0.6983	2.4e-04	0.5369
1357	-109.0847	-109.0847	-78.7533	0.7219	75.4302	0.6919	2.4e-04	0.5404
1358	-109.0756	-109.0756	-77.5569	0.7110	76.6248	0.7029	2.4e-04	0.5391
1359	-109.0744	-109.0744	-78.3402	0.7182	75.8512	0.6958	2.4e-04	0.5399
1360	-109.0984	-109.0984	-78.4047	0.7187	75.7959	0.6952	2.4e-04	0.5384
1361	-109.0666	-109.0666	-78.8332	0.7228	75.3397	0.6911	2.4e-04	0.5390
1362	-109.0788	-109.0788	-77.4983	0.7105	76.7051	0.7037	2.4e-04	0.5392
1363	-109.0739	-109.0739	-79.3301	0.7273	74.8066	0.6862	2.4e-04	0.5400
1364	-109.0743	-109.0743	-78.1421	0.7164	76.0532	0.6977	2.4e-04	0.5386
1365	-109.0841	-109.0841	-78.8409	0.7228	75.3304	0.6911	2.4e-04	0.5383
1366	-109.0716	-109.0716	-78.9343	0.7237	75.2161	0.6900	2.4e-04	0.5377
1367	-109.0752	-109.0752	-78.1888	0.7168	75.9967	0.6972	2.4e-04	0.5390
1368	-109.0936	-109.0936	-78.0361	0.7153	76.1699	0.6987	2.4e-04	0.5377
1369	-109.0891	-109.0891	-78.0585	0.7155	76.1460	0.6985	2.4e-04	0.5397
1370	-109.0888	-109.0888	-77.7660	0.7129	76.4565	0.7013	2.4e-04	0.5384
1371	-109.0665	-109.0665	-79.2063	0.7262	74.9346	0.6875	2.4e-04	0.5396
1372	-109.0888	-109.0888	-78.7168	0.7216	75.4538	0.6921	2.4e-04	0.5372
1373	-109.0714	-109.0714	-78.3990	0.7188	75.7757	0.6951	2.4e-04	0.5380
1374	-109.0774	-109.0774	-78.7301	0.7218	75.4521	0.6921	2.4e-04	0.5388
1375	-109.0877	-109.0877	-78.4156	0.7188	75.7833	0.6950	2.4e-04	0.5386
1376	-109.0720	-109.0720	-78.3726	0.7185	75.7789	0.6952	2.4e-04	0.5379
1377	-109.0772	-109.0772	-79.0868	0.7251	75.0748	0.6887	2.4e-04	0.5370
1378	-109.0932	-109.0932	-77.6100	0.7114	76.6179	0.7028	2.4e-04	0.5387
1379	-109.0878	-109.0878	-78.6965	0.7214	75.4826	0.6923	2.4e-04	0.5379
1380	-109.0932	-109.0932	-79.2474	0.7264	74.9238	0.6872	2.4e-04	0.5371
1381	-109.0802	-109.0802	-79.5042	0.7289	74.6232	0.6846	2.4e-04	0.5390
1382	-109.0744	-109.0744	-78.9235	0.7236	75.2124	0.6901	2.3e-04	0.5379
1383	-109.0947	-109.0947	-79.3150	0.7270	74.8563	0.6866	2.3e-04	0.5377
1384	-109.0563	-109.0563	-78.8155	0.7227	75.3153	0.6910	2.3e-04	0.5379
1385	-109.0833	-109.0833	-78.9002	0.7233	75.2715	0.6905	2.3e-04	0.5372
1386	-109.0726	-109.0726	-80.0811	0.7342	73.9939	0.6788	2.3e-04	0.5391
1387	-109.0742	-109.0742	-80.1047	0.7344	73.9699	0.6786	2.3e-04	0.5387
1388	-109.0864	-109.0864	-79.2818	0.7268	74.8614	0.6868	2.3e-04	0.5388
1389	-109.0791	-109.0791	-79.6732	0.7304	74.4304	0.6829	2.3e-04	0.5380
1390	-109.0828	-109.0828	-79.3888	0.7278	74.7291	0.6857	2.3e-04	0.5395
1391	-109.0818	-109.0818	-79.4004	0.7279	74.7347	0.6856	2.3e-04	0.5376
1392	-109.0899	-109.0899	-79.6976	0.7306	74.4332	0.6828	2.3e-04	0.5381
1393	-109.1039	-109.1039	-79.4280	0.7280	74.7460	0.6855	2.3e-04	0.5388
1394	-109.0642	-109.0642	-79.7229	0.7310	74.3762	0.6823	2.3e-04	0.5387
1395	-109.0782	-109.0782	-79.5279	0.7291	74.6104	0.6844	2.3e-04	0.5375
1396	-109.0960	-109.0960	-79.7741	0.7312	74.3576	0.6821	2.3e-04	0.5365
1397	-109.0919	-109.0919	-80.0976	0.7342	74.0107	0.6788	2.3e-04	0.5395
1398	-109.0751	-109.0751	-80.1981	0.7353	73.8863	0.6778	2.3e-04	0.5373
1399	-109.0922	-109.0922	-79.6908	0.7305	74.4378	0.6829	2.3e-04	0.5397
1400	-109.0684	-109.0684	-79.1825	0.7260	74.9591	0.6877	2.3e-04	0.5377
1401	-109.0884	-109.0884	-80.3970	0.7370	73.6953	0.6759	2.3e-04	0.5361
1402	-109.0761	-109.0761	-79.6564	0.7303	74.4701	0.6831	2.3e-04	0.5377
1403	-109.0696	-109.0696	-79.3268	0.7273	74.8003	0.6862	2.3e-04	0.5384
1404	-109.0821	-109.0821	-80.2558	0.7357	73.8195	0.6772	2.3e-04	0.5394
1405	-109.0856	-109.0856	-80.1436	0.7347	73.9511	0.6784	2.3e-04	0.5381
1406	-109.0668	-109.0668	-80.0303	0.7338	74.0424	0.6794	2.3e-04	0.5393
1407	-109.0754	-109.0754	-79.3069	0.7271	74.8341	0.6865	2.3e-04	0.5373
1408	-109.0768	-109.0768	-79.5695	0.7295	74.5312	0.6837	2.3e-04	0.5384
1409	-109.0885	-109.0885	-80.0835	0.7341	74.0211	0.6790	2.3e-04	0.5384
1410	-109.0815	-109.0815	-79.4617	0.7285	74.6716	0.6850	2.3e-04	0.5376
1411	-109.0833	-109.0833	-80.4608	0.7376	73.6124	0.6752	2.3e-04	0.5407
1412	-109.0719	-109.0719	-79.9357	0.7329	74.1753	0.6803	2.3e-04	0.5387
1413	-109.0930	-109.0930	-79.1784	0.7258	74.9921	0.6879	2.3e-04	0.5368
1414	-109.0988	-109.0988	-79.9382	0.7327	74.1884	0.6805	2.3e-04	0.5382
1415	-109.0714	-109.0714	-80.0024	0.7335	74.0829	0.6796	2.3e-04	0.5379
1416	-109.0835	-109.0835	-79.8697	0.7322	74.2517	0.6811	2.3e-04	0.5395
1417	-109.0839	-109.0839	-80.5231	0.7382	73.5367	0.6746	2.3e-04	0.5386
1418	-109.0862	-109.0862	-80.6448	0.7393	73.3927	0.6732	2.3e-04	0.5381
1419	-109.0721	-109.0721	-79.3216	0.7272	74.8099	0.6863	2.3e-04	0.5393
1420	-109.0702	-109.0702	-81.2108	0.7446	72.7736	0.6675	2.3e-04	0.5374
1421	-109.0913	-109.0913	-80.5839	0.7387	73.4723	0.6740	2.3e-04	0.5373
1422	-109.0892	-109.0892	-80.2401	0.7355	73.8382	0.6774	2.3e-04	0.5388
1423	-109.0864	-109.0864	-80.6774	0.7396	73.3610	0.6731	2.3e-04	0.5380
1424	-109.0855	-109.0855	-81.0595	0.7431	72.9347	0.6691	2.3e-04	0.5383
1425	-109.0945	-109.0945	-80.4769	0.7377	73.6018	0.6751	2.3e-04	0.5377
1426	-109.0761	-109.0761	-80.1319	0.7346	73.9696	0.6784	2.3e-04	0.5374
1427	-109.0921	-109.0921	-80.3619	0.7366	73.7105	0.6761	2.3e-04	0.5381
1428	-109.0841	-109.0841	-80.0717	0.7340	74.0275	0.6791	2.3e-04	0.5384
1429	-109.0772	-109.0772	-80.4591	0.7376	73.6077	0.6752	2.3e-04	0.5403
1430	-109.0525	-109.0525	-80.4937	0.7381	73.5324	0.6747	2.3e-04	0.5386
1431	-109.0877	-109.0877	-81.1721	0.7441	72.8184	0.6680	2.3e-04	0.5393
1432	-109.0889	-109.0889	-80.9462	0.7420	73.0680	0.6703	2.3e-04	0.5382
1433	-109.0767	-109.0767	-80.9937	0.7425	73.0062	0.6698	2.3e-04	0.5397
1434	-109.0949	-109.0949	-80.8627	0.7412	73.1759	0.6713	2.3e-04	0.5384
1435	-109.0820	-109.0820	-81.0636	0.7431	72.9276	0.6690	2.3e-04	0.5402
1436	-109.0728	-109.0728	-81.5550	0.7477	72.3788	0.6640	2.3e-04	0.5385
1437	-109.0798	-109.0798	-80.4176	0.7372	73.6518	0.6756	2.3e-04	0.5398
1438	-109.0713	-109.0713	-81.2442	0.7449	72.7138	0.6672	2.3e-04	0.5385
1439	-109.0977	-109.0977	-79.7158	0.7307	74.4318	0.6827	2.3e-04	0.5406
1440	-109.0837	-109.0837	-80.0949	0.7343	74.0081	0.6788	2.3e-04	0.5402
1441	-109.0659	-109.0659	-80.1992	0.7353	73.8580	0.6776	2.3e-04	0.5393
1442	-109.0645	-109.0645	-80.1458	0.7348	73.9093	0.6782	2.3e-04	0.5391
1443	-109.0876	-109.0876	-80.1853	0.7351	73.9158	0.6780	2.3e-04	0.5383
1444	-109.0716	-109.0716	-80.1532	0.7349	73.9243	0.6782	2.3e-04	0.5378
1445	-109.0795	-109.0795	-80.1638	0.7349	73.9165	0.6780	2.3e-04	0.5376
1446	-109.0852	-109.0852	-79.7291	0.7309	74.3478	0.6820	2.3e-04	0.5382
1447	-109.0848	-109.0848	-79.9041	0.7325	74.2011	0.6807	2.3e-04	0.5399
1448	-109.0749	-109.0749	-79.6118	0.7299	74.5068	0.6835	2.3e-04	0.5379
1449	-109.1018	-109.1018	-79.6556	0.7301	74.4934	0.6833	2.3e-04	0.5374
1450	-109.0789	-109.0789	-79.8575	0.7321	74.2555	0.6812	2.3e-04	0.5381
1451	-109.0764	-109.0764	-79.4259	0.7282	74.7109	0.6854	2.3e-04	0.5401
1452	-109.0893	-109.0893	-79.2049	0.7261	74.9704	0.6876	2.3e-04	0.5387
1453	-109.0960	-109.0960	-80.2029	0.7352	73.9067	0.6779	2.3e-04	0.5388
1454	-109.0793	-109.0793	-80.4716	0.7377	73.5776	0.6750	2.3e-04	0.5389
1455	-109.0747	-109.0747	-79.6088	0.7299	74.5116	0.6836	2.3e-04	0.5402
1456	-109.0823	-109.0823	-79.6226	0.7299	74.5059	0.6835	2.3e-04	0.5381
1457	-109.0893	-109.0893	-79.8993	0.7324	74.2138	0.6807	2.3e-04	0.5385
1458	-109.0973	-109.0973	-79.7675	0.7312	74.3299	0.6819	2.3e-04	0.5376
1459	-109.0767	-109.0767	-80.1962	0.7352	73.8834	0.6777	2.3e-04	0.5395
1460	-109.0852	-109.0852	-80.1732	0.7350	73.8934	0.6779	2.3e-04	0.5381
1461	-109.0997	-109.0997	-80.5760	0.7386	73.4980	0.6742	2.3e-04	0.5386
1462	-109.0896	-109.0896	-78.9999	0.7242	75.1683	0.6896	2.3e-04	0.5382
1463	-109.0833	-109.0833	-80.0819	0.7341	74.0105	0.6788	2.3e-04	0.5397
1464	-109.0927	-109.0927	-80.5634	0.7385	73.5022	0.6742	2.3e-04	0.5377
1465	-109.0982	-109.0982	-79.9218	0.7326	74.1992	0.6806	2.3e-04	0.5399
1466	-109.0830	-109.0830	-79.8812	0.7323	74.2354	0.6810	2.3e-04	0.5389
1467	-109.0677	-109.0677	-80.3141	0.7364	73.7563	0.6766	2.3e-04	0.5390
1468	-109.0898	-109.0898	-80.3228	0.7363	73.7633	0.6767	2.3e-04	0.5372
1469	-109.0576	-109.0576	-80.1768	0.7352	73.8935	0.6778	2.3e-04	0.5406
1470	-109.0647	-109.0647	-81.0310	0.7430	72.9608	0.6693	2.3e-04	0.5400
1471	-109.0775	-109.0775	-79.7948	0.7315	74.3240	0.6818	2.3e-04	0.5392
1472	-109.0866	-109.0866	-80.9629	0.7422	73.0631	0.6702	2.3e-04	0.5388
1473	-109.0568	-109.0568	-80.7088	0.7401	73.2940	0.6725	2.3e-04	0.5377
1474	-109.0753	-109.0753	-81.0094	0.7427	72.9797	0.6695	2.3e-04	0.5373
1475	-109.0746	-109.0746	-80.4688	0.7377	73.6048	0.6751	2.3e-04	0.5400
1476	-109.0772	-109.0772	-79.9602	0.7331	74.1357	0.6802	2.3e-04	0.5371
1477	-109.0651	-109.0651	-80.9594	0.7423	73.0454	0.6701	2.3e-04	0.5406
1478	-109.0602	-109.0602	-81.7755	0.7498	72.1195	0.6616	2.3e-04	0.5387
1479	-109.0977	-109.0977	-82.0238	0.7518	71.8777	0.6593	2.3e-04	0.5407
1480	-109.0697	-109.0697	-80.4425	0.7375	73.6068	0.6753	2.3e-04	0.5381
1481	-109.0861	-109.0861	-80.5291	0.7382	73.5413	0.6745	2.3e-04	0.5396
1482	-109.0746	-109.0746	-81.2219	0.7446	72.7530	0.6674	2.3e-04	0.5388
1483	-109.0611	-109.0611	-81.6766	0.7489	72.2371	0.6626	2.3e-04	0.5388
1484	-109.0929	-109.0929	-80.5420	0.7383	73.5345	0.6745	2.3e-04	0.5403
1485	-109.0717	-109.0717	-82.3790	0.7553	71.4417	0.6554	2.3e-04	0.5383
1486	-109.0780	-109.0780	-81.5981	0.7481	72.3544	0.6636	2.3e-04	0.5381
1487	-109.0881	-109.0881	-81.6686	0.7486	72.2848	0.6630	2.3e-04	0.5389
1488	-109.0801	-109.0801	-80.5494	0.7384	73.5136	0.6743	2.3e-04	0.5372
1489	-109.0862	-109.0862	-81.8160	0.7500	72.1093	0.6614	2.3e-04	0.5383
1490	-109.0691	-109.0691	-81.6669	0.7488	72.2467	0.6628	2.3e-04	0.5399
1491	-109.0728	-109.0728	-81.4041	0.7463	72.5426	0.6655	2.3e-04	0.5390
1492	-109.0868	-109.0868	-81.6284	0.7483	72.3032	0.6633	2.3e-04	0.5380
1493	-109.0737	-109.0737	-81.1520	0.7440	72.8382	0.6681	2.3e-04	0.5395
1494	-109.0844	-109.0844	-81.9270	0.7510	71.9710	0.6602	2.3e-04	0.5375
1495	-109.0675	-109.0675	-81.0170	0.7428	72.9883	0.6695	2.3e-04	0.5388
1496	-109.0745	-109.0745	-81.6148	0.7482	72.2852	0.6631	2.3e-04	0.5374
1497	-109.0771	-109.0771	-82.1307	0.7530	71.7167	0.6579	2.3e-04	0.5383
1498	-109.1010	-109.1010	-82.4523	0.7557	71.3973	0.6547	2.3e-04	0.5368
1499	-109.0764	-109.0764	-81.8084	0.7500	72.1035	0.6614	2.3e-04	0.5406
1500	-109.0810	-109.0810	-81.8188	0.7501	72.0946	0.6613	2.3e-04	0.5389
1501	-109.0828	-109.0828	-81.7895	0.7498	72.1401	0.6617	2.3e-04	0.5368
1502	-109.0911	-109.0911	-82.0242	0.7519	71.8635	0.6593	2.3e-04	0.5396
1503	-109.0822	-109.0822	-82.4362	0.7557	71.3894	0.6549	2.3e-04	0.5379
1504	-109.0852	-109.0852	-82.3343	0.7548	71.4989	0.6558	2.3e-04	0.5390
1505	-109.0692	-109.0692	-82.7511	0.7587	70.9990	0.6513	2.3e-04	0.5386
1506	-109.0781	-109.0781	-82.5470	0.7568	71.2609	0.6536	2.3e-04	0.5392
1507	-109.0926	-109.0926	-82.2846	0.7543	71.5774	0.6565	2.3e-04	0.5373
1508	-109.0719	-109.0719	-82.3403	0.7549	71.4881	0.6558	2.3e-04	0.5396
1509	-109.0856	-109.0856	-82.9907	0.7608	70.7565	0.6490	2.3e-04	0.5379
1510	-109.0787	-109.0787	-81.8426	0.7503	72.0596	0.6610	2.3e-04	0.5394
1511	-109.0626	-109.0626	-82.2942	0.7546	71.5075	0.6560	2.3e-04	0.5385
1512	-109.0716	-109.0716	-82.9538	0.7605	70.7661	0.6492	2.3e-04	0.5384
1513	-109.0718	-109.0718	-82.8321	0.7594	70.9186	0.6506	2.3e-04	0.5379
1514	-109.0792	-109.0792	-82.1396	0.7530	71.7290	0.6580	2.3e-04	0.5387
1515	-109.0954	-109.0954	-81.9118	0.7508	72.0091	0.6605	2.3e-04	0.5380
1516	-109.0877	-109.0877	-82.3662	0.7550	71.4628	0.6556	2.3e-04	0.5371
1517	-109.0673	-109.0673	-82.0278	0.7521	71.8409	0.6590	2.3e-04	0.5385
1518	-109.0815	-109.0815	-83.0227	0.7611	70.6608	0.6483	2.3e-04	0.5369
1519	-109.0820	-109.0820	-82.8059	0.7591	70.9657	0.6509	2.3e-04	0.5388
1520	-109.0943	-109.0943	-82.3768	0.7551	71.4813	0.6556	2.3e-04	0.5385
1521	-109.0805	-109.0805	-81.5159	0.7473	72.4241	0.6643	2.3e-04	0.5371
1522	-109.0738	-109.0738	-82.7612	0.7588	70.9993	0.6513	2.3e-04	0.5380
1523	-109.1007	-109.1007	-82.4051	0.7553	71.4414	0.6554	2.3e-04	0.5373
1524	-109.0955	-109.0955	-82.9896	0.7607	70.7656	0.6491	2.3e-04	0.5378
1525	-109.0880	-109.0880	-81.7216	0.7491	72.2218	0.6624	2.3e-04	0.5393
1526	-109.0902	-109.0902	-82.7058	0.7581	71.0869	0.6521	2.3e-04	0.5391
1527	-109.1012	-109.1012	-81.2530	0.7447	72.7625	0.6673	2.3e-04	0.5374
1528	-109.0917	-109.0917	-82.7027	0.7581	71.1041	0.6521	2.3e-04	0.5388
1529	-109.0928	-109.0928	-82.3336	0.7547	71.5180	0.6560	2.3e-04	0.5384
1530	-109.0785	-109.0785	-81.6998	0.7490	72.2307	0.6626	2.3e-04	0.5375
1531	-109.0680	-109.0680	-81.8941	0.7509	71.9966	0.6605	2.3e-04	0.5391
1532	-109.0823	-109.0823	-82.1324	0.7529	71.7471	0.6581	2.3e-04	0.5371
1533	-109.0707	-109.0707	-81.5769	0.7479	72.3558	0.6637	2.3e-04	0.5381
1534	-109.0949	-109.0949	-80.6311	0.7391	73.4444	0.6736	2.3e-04	0.5372
1535	-109.0753	-109.0753	-82.0459	0.7522	71.8107	0.6588	2.3e-04	0.5381
1536	-109.0934	-109.0934	-81.8258	0.7501	72.0967	0.6613	2.3e-04	0.5371
1537	-109.0967	-109.0967	-81.9969	0.7516	71.8855	0.6594	2.3e-04	0.5377
1538	-109.0780	-109.0780	-81.3404	0.7457	72.6344	0.6663	2.3e-04	0.5391
1539	-109.0697	-109.0697	-82.5274	0.7566	71.2538	0.6537	2.3e-04	0.5369
1540	-109.0691	-109.0691	-81.3553	0.7459	72.5980	0.6660	2.3e-04	0.5379
1541	-109.0919	-109.0919	-82.0294	0.7519	71.8562	0.6591	2.3e-04	0.5373
1542	-109.0878	-109.0878	-81.7749	0.7496	72.1523	0.6618	2.3e-04	0.5384
1543	-109.0950	-109.0950	-81.3025	0.7452	72.6919	0.6667	2.3e-04	0.5379
1544	-109.0862	-109.0862	-81.4049	0.7462	72.5556	0.6656	2.3e-04	0.5379
1545	-109.0955	-109.0955	-80.8615	0.7412	73.1888	0.6713	2.3e-04	0.5363
1546	-109.0810	-109.0810	-81.6360	0.7484	72.3127	0.6632	2.3e-04	0.5386
1547	-109.0932	-109.0932	-80.8210	0.7408	73.1945	0.6714	2.3e-04	0.5372
1548	-109.0744	-109.0744	-81.5252	0.7474	72.4076	0.6643	2.3e-04	0.5377
1549	-109.0783	-109.0783	-82.0434	0.7522	71.8340	0.6590	2.3e-04	0.5382
1550	-109.0868	-109.0868	-81.9395	0.7511	71.9711	0.6601	2.3e-04	0.5373
1551	-109.0871	-109.0871	-82.5425	0.7567	71.2793	0.6538	2.3e-04	0.5390
1552	-109.0720	-109.0720	-81.0170	0.7428	72.9936	0.6695	2.3e-04	0.5362
1553	-109.0821	-109.0821	-82.4818	0.7561	71.3320	0.6544	2.3e-04	0.5379
1554	-109.0839	-109.0839	-82.1442	0.7530	71.6846	0.6576	2.3e-04	0.5384
1555	-109.0917	-109.0917	-81.8712	0.7505	72.0316	0.6608	2.3e-04	0.5388
1556	-109.0721	-109.0721	-81.2185	0.7446	72.7633	0.6675	2.3e-04	0.5383
1557	-109.0796	-109.0796	-82.5934	0.7572	71.1894	0.6531	2.3e-04	0.5366
1558	-109.0691	-109.0691	-83.1328	0.7622	70.5495	0.6473	2.3e-04	0.5368
1559	-109.0880	-109.0880	-81.6968	0.7489	72.2279	0.6626	2.3e-04	0.5381
1560	-109.0817	-109.0817	-82.8800	0.7598	70.8571	0.6501	2.3e-04	0.5395
1561	-109.0754	-109.0754	-81.6662	0.7487	72.2602	0.6629	2.3e-04	0.5406
1562	-109.0847	-109.0847	-81.9723	0.7515	71.9220	0.6597	2.3e-04	0.5389
1563	-109.0913	-109.0913	-82.5317	0.7565	71.2893	0.6539	2.3e-04	0.5380
1564	-109.0881	-109.0881	-82.2713	0.7542	71.5982	0.6567	2.3e-04	0.5384
1565	-109.0953	-109.0953	-82.2154	0.7536	71.6577	0.6573	2.3e-04	0.5380
1566	-109.0808	-109.0808	-81.8684	0.7505	72.0296	0.6608	2.3e-04	0.5376
1567	-109.0946	-109.0946	-82.4815	0.7561	71.3557	0.6545	2.3e-04	0.5402
1568	-109.0767	-109.0767	-82.5028	0.7564	71.2968	0.6541	2.3e-04	0.5385
1569	-109.0788	-109.0788	-82.5625	0.7569	71.2461	0.6535	2.3e-04	0.5388
1570	-109.0702	-109.0702	-83.2763	0.7635	70.3908	0.6458	2.3e-04	0.5377
1571	-109.0555	-109.0555	-82.9700	0.7608	70.7401	0.6490	2.3e-04	0.5393
1572	-109.0786	-109.0786	-82.3499	0.7550	71.4850	0.6558	2.3e-04	0.5371
1573	-109.0787	-109.0787	-83.5233	0.7657	70.0868	0.6430	2.3e-04	0.5389
1574	-109.0959	-109.0959	-83.1525	0.7622	70.5391	0.6471	2.3e-04	0.5393
1575	-109.0763	-109.0763	-82.9849	0.7608	70.7492	0.6490	2.3e-04	0.5391
1576	-109.0660	-109.0660	-82.5267	0.7567	71.2690	0.6538	2.3e-04	0.5394
1577	-109.1017	-109.1017	-83.7277	0.7674	69.9002	0.6411	2.3e-04	0.5391
1578	-109.0853	-109.0853	-82.8274	0.7593	70.9465	0.6507	2.3e-04	0.5388
1579	-109.0797	-109.0797	-83.3310	0.7639	70.3381	0.6452	2.3e-04	0.5393
1580	-109.0676	-109.0676	-83.9299	0.7695	69.6002	0.6386	2.3e-04	0.5380
1581	-109.0946	-109.0946	-83.8219	0.7683	69.7760	0.6400	2.3e-04	0.5403
1582	-109.0957	-109.0957	-82.9749	0.7606	70.7478	0.6490	2.3e-04	0.5378
1583	-109.0899	-109.0899	-83.3761	0.7643	70.2973	0.6449	2.3e-04	0.5400
1584	-109.0886	-109.0886	-83.8424	0.7686	69.7380	0.6397	2.3e-04	0.5375
1585	-109.0847	-109.0847	-82.9978	0.7609	70.7247	0.6488	2.3e-04	0.5395
1586	-109.0776	-109.0776	-83.4694	0.7652	70.1766	0.6438	2.3e-04	0.5384
1587	-109.0995	-109.0995	-83.9190	0.7692	69.6552	0.6390	2.3e-04	0.5392
1588	-109.0909	-109.0909	-83.4150	0.7646	70.2323	0.6443	2.3e-04	0.5397
1589	-109.0841	-109.0841	-84.0776	0.7708	69.4445	0.6370	2.3e-04	0.5394
1590	-109.0661	-109.0661	-83.8151	0.7685	69.7387	0.6398	2.3e-04	0.5386
1591	-109.0897	-109.0897	-83.0363	0.7612	70.6941	0.6485	2.3e-04	0.5386
1592	-109.1009	-109.1009	-83.5655	0.7659	70.0870	0.6429	2.3e-04	0.5392
1593	-109.0789	-109.0789	-84.3210	0.7730	69.1248	0.6342	2.3e-04	0.5368
1594	-109.0805	-109.0805	-82.9186	0.7602	70.8286	0.6497	2.3e-04	0.5392
1595	-109.0907	-109.0907	-83.0194	0.7610	70.7165	0.6487	2.3e-04	0.5381
1596	-109.0814	-109.0814	-83.4894	0.7654	70.1299	0.6433	2.3e-04	0.5386
1597	-109.0614	-109.0614	-84.3848	0.7737	69.0141	0.6332	2.3e-04	0.5404
1598	-109.0790	-109.0790	-83.3729	0.7643	70.2873	0.6448	2.3e-04	0.5402
1599	-109.0863	-109.0863	-83.8547	0.7687	69.7108	0.6396	2.3e-04	0.5379
1600	-109.0848	-109.0848	-83.8146	0.7683	69.7554	0.6399	2.3e-04	0.5384
1601	-109.0699	-109.0699	-83.7369	0.7677	69.8449	0.6408	2.3e-04	0.5371
1602	-109.0961	-109.0961	-83.1223	0.7619	70.6072	0.6476	2.3e-04	0.5393
1603	-109.0722	-109.0722	-83.1036	0.7619	70.5936	0.6477	2.3e-04	0.5380
1604	-109.0722	-109.0722	-83.9033	0.7692	69.6459	0.6390	2.3e-04	0.5396
1605	-109.0772	-109.0772	-83.1777	0.7626	70.5150	0.6469	2.3e-04	0.5379
1606	-109.0769	-109.0769	-83.1337	0.7622	70.5700	0.6474	2.3e-04	0.5392
1607	-109.0981	-109.0981	-82.8322	0.7592	70.9582	0.6508	2.3e-04	0.5381
1608	-109.0972	-109.0972	-83.0797	0.7615	70.6545	0.6481	2.3e-04	0.5385
1609	-109.0764	-109.0764	-82.7726	0.7589	70.9968	0.6513	2.3e-04	0.5376
1610	-109.0824	-109.0824	-83.2158	0.7629	70.4908	0.6465	2.3e-04	0.5401
1611	-109.0595	-109.0595	-83.8295	0.7687	69.7222	0.6397	2.3e-04	0.5388
1612	-109.0909	-109.0909	-84.3208	0.7729	69.1549	0.6343	2.3e-04	0.5381
1613	-109.0667	-109.0667	-83.7780	0.7681	69.7937	0.6403	2.3e-04	0.5395
1614	-109.0905	-109.0905	-83.7237	0.7675	69.8615	0.6409	2.3e-04	0.5390
1615	-109.0868	-109.0868	-83.3736	0.7643	70.3041	0.6449	2.3e-04	0.5404
1616	-109.0749	-109.0749	-83.5852	0.7663	70.0355	0.6425	2.3e-04	0.5381
1617	-109.0822	-109.0822	-83.8298	0.7685	69.7463	0.6398	2.3e-04	0.5396
1618	-109.0864	-109.0864	-83.6490	0.7668	69.9709	0.6418	2.3e-04	0.5386
1619	-109.0796	-109.0796	-83.8387	0.7686	69.7384	0.6397	2.3e-04	0.5396
1620	-109.0725	-109.0725	-83.7097	0.7675	69.8767	0.6410	2.3e-04	0.5367
1621	-109.0723	-109.0723	-84.5685	0.7753	68.8385	0.6315	2.3e-04	0.5401
1622	-109.0769	-109.0769	-83.7224	0.7676	69.8748	0.6410	2.3e-04	0.5382
1623	-109.0911	-109.0911	-83.6408	0.7667	69.9975	0.6420	2.3e-04	0.5400
1624	-109.0926	-109.0926	-83.7940	0.7681	69.8046	0.6403	2.3e-04	0.5382
1625	-109.0754	-109.0754	-83.2398	0.7631	70.4411	0.6462	2.3e-04	0.5400
1626	-109.0635	-109.0635	-83.4485	0.7651	70.1697	0.6438	2.3e-04	0.5380
1627	-109.0849	-109.0849	-83.9852	0.7699	69.5577	0.6380	2.3e-04	0.5398
1628	-109.0660	-109.0660	-84.1739	0.7718	69.3177	0.6359	2.3e-04	0.5382
1629	-109.0959	-109.0959	-84.4692	0.7743	68.9942	0.6329	2.3e-04	0.5390
1630	-109.0776	-109.0776	-84.1653	0.7716	69.3384	0.6361	2.3e-04	0.5382
1631	-109.0777	-109.0777	-83.9444	0.7696	69.6141	0.6385	2.3e-04	0.5387
1632	-109.0874	-109.0874	-83.6687	0.7670	69.9458	0.6416	2.3e-04	0.5386
1633	-109.0852	-109.0852	-82.7367	0.7585	71.0449	0.6516	2.3e-04	0.5386
1634	-109.0828	-109.0828	-84.8579	0.7779	68.5010	0.6283	2.3e-04	0.5386
1635	-109.0682	-109.0682	-84.2343	0.7723	69.2422	0.6352	2.3e-04	0.5386
1636	-109.0808	-109.0808	-84.3214	0.7730	69.1430	0.6343	2.3e-04	0.5392
1637	-109.0823	-109.0823	-84.5070	0.7747	68.9270	0.6323	2.3e-04	0.5396
1638	-109.1139	-109.1139	-83.8882	0.7688	69.7101	0.6394	2.3e-04	0.5375
1639	-109.0826	-109.0826	-84.1782	0.7717	69.3288	0.6360	2.3e-04	0.5400
1640	-109.0754	-109.0754	-83.7821	0.7681	69.7998	0.6403	2.3e-04	0.5387
1641	-109.0730	-109.0730	-82.6691	0.7579	71.1098	0.6523	2.3e-04	0.5401
1642	-109.0895	-109.0895	-83.3179	0.7638	70.3727	0.6455	2.3e-04	0.5388
1643	-109.0786	-109.0786	-83.0326	0.7612	70.6803	0.6484	2.3e-04	0.5394
1644	-109.0857	-109.0857	-83.5574	0.7660	70.0823	0.6429	2.3e-04	0.5388
1645	-109.0985	-109.0985	-84.0963	0.7708	69.4495	0.6370	2.3e-04	0.5394
1646	-109.0875	-109.0875	-84.1621	0.7715	69.3678	0.6362	2.3e-04	0.5381
1647	-109.0918	-109.0918	-83.5980	0.7663	70.0427	0.6424	2.3e-04	0.5376
1648	-109.0614	-109.0614	-83.0380	0.7614	70.6586	0.6482	2.3e-04	0.5381
1649	-109.0734	-109.0734	-83.6427	0.7668	69.9593	0.6418	2.3e-04	0.5397
1650	-109.0792	-109.0792	-83.2945	0.7636	70.3816	0.6456	2.3e-04	0.5377
1651	-109.0749	-109.0749	-83.3429	0.7641	70.3190	0.6451	2.3e-04	0.5390
1652	-109.0904	-109.0904	-83.6694	0.7670	69.9494	0.6417	2.3e-04	0.5379
1653	-109.0633	-109.0633	-83.1881	0.7628	70.4988	0.6467	2.3e-04	0.5385
1654	-109.0819	-109.0819	-83.3271	0.7639	70.3505	0.6453	2.3e-04	0.5383
1655	-109.0773	-109.0773	-83.7319	0.7676	69.8635	0.6409	2.3e-04	0.5406
1656	-109.0939	-109.0939	-83.5716	0.7661	70.0806	0.6427	2.3e-04	0.5375
1657	-109.0919	-109.0919	-84.4917	0.7745	68.9450	0.6325	2.3e-04	0.5384
1658	-109.0776	-109.0776	-83.8967	0.7691	69.6597	0.6391	2.3e-04	0.5378
1659	-109.0690	-109.0690	-83.9770	0.7699	69.5523	0.6381	2.3e-04	0.5400
1660	-109.0764	-109.0764	-83.8233	0.7685	69.7531	0.6399	2.3e-04	0.5380
1661	-109.1046	-109.1046	-83.2716	0.7632	70.4376	0.6461	2.3e-04	0.5385
1662	-109.0784	-109.0784	-83.7581	0.7679	69.8314	0.6406	2.3e-04	0.5377
1663	-109.0883	-109.0883	-83.3153	0.7637	70.3680	0.6455	2.3e-04	0.5382
1664	-109.0846	-109.0846	-83.0132	0.7610	70.7120	0.6486	2.3e-04	0.5382
1665	-109.0704	-109.0704	-83.2066	0.7629	70.4799	0.6465	2.3e-04	0.5376
1666	-109.0893	-109.0893	-83.7110	0.7674	69.9054	0.6412	2.2e-04	0.5399
1667	-109.0720	-109.0720	-83.2169	0.7630	70.4731	0.6464	2.2e-04	0.5470
1668	-109.0782	-109.0782	-83.4677	0.7652	70.1582	0.6436	2.2e-04	0.5383
1669	-109.1071	-109.1071	-82.5399	0.7565	71.3086	0.6540	2.2e-04	0.5374
1670	-109.0936	-109.0936	-83.3888	0.7644	70.2943	0.6447	2.2e-04	0.5392
1671	-109.0830	-109.0830	-83.5675	0.7661	70.0501	0.6425	2.2e-04	0.5394
1672	-109.0898	-109.0898	-83.5264	0.7657	70.1306	0.6432	2.2e-04	0.5394
1673	-109.0712	-109.0712	-83.2161	0.7630	70.4588	0.6464	2.2e-04	0.5370
1674	-109.0628	-109.0628	-83.5360	0.7659	70.0740	0.6428	2.2e-04	0.5380
1675	-109.0792	-109.0792	-83.9647	0.7698	69.5793	0.6383	2.2e-04	0.5400
1676	-109.0820	-109.0820	-83.5147	0.7656	70.1199	0.6432	2.2e-04	0.5385
1677	-109.0591	-109.0591	-83.7829	0.7682	69.7345	0.6397	2.2e-04	0.5376
1678	-109.0652	-109.0652	-83.4218	0.7649	70.1905	0.6440	2.2e-04	0.5405
1679	-109.0747	-109.0747	-83.2906	0.7636	70.3869	0.6457	2.2e-04	0.5380
1680	-109.0686	-109.0686	-83.2578	0.7634	70.3781	0.6457	2.2e-04	0.5393
1681	-109.0864	-109.0864	-83.2344	0.7630	70.4740	0.6464	2.2e-04	0.5383
1682	-109.0715	-109.0715	-83.2963	0.7637	70.3863	0.6456	2.2e-04	0.5391
1683	-109.0763	-109.0763	-84.3486	0.7733	69.1138	0.6340	2.2e-04	0.5381
1684	-109.0915	-109.0915	-83.3725	0.7642	70.2710	0.6446	2.2e-04	0.5391
1685	-109.0841	-109.0841	-82.6841	0.7580	71.0915	0.6522	2.2e-04	0.5379
1686	-109.0806	-109.0806	-83.2315	0.7630	70.4651	0.6464	2.2e-04	0.5394
1687	-109.0725	-109.0725	-83.4803	0.7654	70.1491	0.6436	2.2e-04	0.5388
1688	-109.0759	-109.0759	-82.4004	0.7554	71.4277	0.6552	2.2e-04	0.5399
1689	-109.0862	-109.0862	-83.3962	0.7645	70.2796	0.6446	2.2e-04	0.5385
1690	-109.0761	-109.0761	-83.7578	0.7679	69.8274	0.6405	2.2e-04	0.5402
1691	-109.0904	-109.0904	-83.0177	0.7610	70.7281	0.6487	2.2e-04	0.5383
1692	-109.0826	-109.0826	-83.9570	0.7697	69.5851	0.6383	2.2e-04	0.5386
1693	-109.0946	-109.0946	-83.3320	0.7639	70.3637	0.6453	2.2e-04	0.5386
1694	-109.0851	-109.0851	-83.1430	0.7622	70.5731	0.6473	2.2e-04	0.5392
1695	-109.0776	-109.0776	-82.6102	0.7574	71.1691	0.6529	2.2e-04	0.5381
1696	-109.0888	-109.0888	-82.9170	0.7601	70.8520	0.6498	2.2e-04	0.5374
1697	-109.0976	-109.0976	-84.0148	0.7701	69.5462	0.6379	2.2e-04	0.5378
1698	-109.0862	-109.0862	-83.0400	0.7612	70.7056	0.6484	2.2e-04	0.5390
1699	-109.0779	-109.0779	-83.5072	0.7656	70.1348	0.6433	2.2e-04	0.5381
1700	-109.0859	-109.0859	-83.8689	0.7688	69.7118	0.6394	2.2e-04	0.5380
1701	-109.0987	-109.0987	-82.9511	0.7603	70.8046	0.6495	2.2e-04	0.5369
1702	-109.0687	-109.0687	-83.3502	0.7642	70.3184	0.6450	2.2e-04	0.5388
1703	-109.0855	-109.0855	-83.6215	0.7666	70.0036	0.6422	2.2e-04	0.5385
1704	-109.0694	-109.0694	-83.7475	0.7678	69.8290	0.6406	2.2e-04	0.5368
1705	-109.0773	-109.0773	-83.6512	0.7669	69.9620	0.6418	2.2e-04	0.5388
1706	-109.0870	-109.0870	-84.2967	0.7727	69.1897	0.6347	2.2e-04	0.5379
1707	-109.0854	-109.0854	-84.2395	0.7722	69.2576	0.6353	2.2e-04	0.5385
1708	-109.0615	-109.0615	-83.4426	0.7651	70.1845	0.6439	2.2e-04	0.5379
1709	-109.0813	-109.0813	-83.7139	0.7674	69.8812	0.6411	2.2e-04	0.5384
1710	-109.0696	-109.0696	-83.9891	0.7701	69.5312	0.6378	2.2e-04	0.5379
1711	-109.0538	-109.0538	-83.5846	0.7665	69.9803	0.6419	2.2e-04	0.5391
1712	-109.0860	-109.0860	-84.2038	0.7719	69.3018	0.6357	2.2e-04	0.5383
1713	-109.0825	-109.0825	-84.4065	0.7738	69.0625	0.6334	2.2e-04	0.5391
1714	-109.0787	-109.0787	-83.5634	0.7661	70.0632	0.6427	2.2e-04	0.5392
1715	-109.0840	-109.0840	-83.6926	0.7672	69.9128	0.6414	2.2e-04	0.5397
1716	-109.0974	-109.0974	-83.5958	0.7662	70.0478	0.6425	2.2e-04	0.5391
1717	-109.0984	-109.0984	-83.4712	0.7651	70.2090	0.6439	2.2e-04	0.5379
1718	-109.1041	-109.1041	-83.3627	0.7641	70.3413	0.6451	2.2e-04	0.5390
1719	-109.0650	-109.0650	-84.5409	0.7751	68.8536	0.6317	2.2e-04	0.5378
1720	-109.0723	-109.0723	-84.0441	0.7705	69.4904	0.6374	2.2e-04	0.5387
1721	-109.0872	-109.0872	-83.5783	0.7662	70.0469	0.6426	2.2e-04	0.5380
1722	-109.0814	-109.0814	-83.0522	0.7614	70.6515	0.6482	2.2e-04	0.5394
1723	-109.0785	-109.0785	-83.9347	0.7695	69.6175	0.6387	2.2e-04	0.5387
1724	-109.0843	-109.0843	-83.9979	0.7700	69.5513	0.6380	2.2e-04	0.5389
1725	-109.0738	-109.0738	-83.2342	0.7631	70.4486	0.6463	2.2e-04	0.5369
1726	-109.0899	-109.0899	-83.1574	0.7623	70.5518	0.6472	2.2e-04	0.5391
1727	-109.0865	-109.0865	-82.7551	0.7586	71.0256	0.6515	2.2e-04	0.5388
1728	-109.0868	-109.0868	-83.0015	0.7609	70.7360	0.6488	2.2e-04	0.5382
1729	-109.0921	-109.0921	-82.7345	0.7584	71.0635	0.6518	2.2e-04	0.5375
1730	-109.0831	-109.0831	-82.8642	0.7596	70.8477	0.6499	2.2e-04	0.5395
1731	-109.0662	-109.0662	-82.0317	0.7521	71.8366	0.6590	2.2e-04	0.5384
1732	-109.0898	-109.0898	-82.0367	0.7520	71.8568	0.6591	2.2e-04	0.5394
1733	-109.0905	-109.0905	-82.2349	0.7538	71.6401	0.6571	2.2e-04	0.5385
1734	-109.0903	-109.0903	-82.4593	0.7559	71.3787	0.6547	2.2e-04	0.5393
1735	-109.0882	-109.0882	-82.2627	0.7541	71.5931	0.6568	2.2e-04	0.5377
1736	-109.0959	-109.0959	-82.3515	0.7549	71.5134	0.6559	2.2e-04	0.5394
1737	-109.0850	-109.0850	-81.4346	0.7465	72.5401	0.6654	2.2e-04	0.5380
1738	-109.0966	-109.0966	-81.9248	0.7509	71.9935	0.6603	2.2e-04	0.5398
1739	-109.0983	-109.0983	-81.4377	0.7465	72.5472	0.6654	2.2e-04	0.5403
1740	-109.0838	-109.0838	-81.9634	0.7514	71.9296	0.6598	2.2e-04	0.5384
1741	-109.0856	-109.0856	-82.4057	0.7554	71.4294	0.6552	2.2e-04	0.5369
1742	-109.0983	-109.0983	-81.3240	0.7454	72.6525	0.6664	2.2e-04	0.5395
1743	-109.0731	-109.0731	-82.0712	0.7524	71.7874	0.6585	2.2e-04	0.5393
1744	-109.0940	-109.0940	-81.7958	0.7498	72.1320	0.6615	2.2e-04	0.5387
1745	-109.0932	-109.0932	-81.9447	0.7511	71.9601	0.6601	2.2e-04	0.5387
1746	-109.0774	-109.0774	-82.3391	0.7549	71.4980	0.6559	2.2e-04	0.5406
1747	-109.0781	-109.0781	-82.1001	0.7527	71.7748	0.6584	2.2e-04	0.5391
1748	-109.0616	-109.0616	-82.5004	0.7565	71.2429	0.6536	2.2e-04	0.5380
1749	-109.0773	-109.0773	-81.4596	0.7468	72.4996	0.6650	2.2e-04	0.5401
1750	-109.0776	-109.0776	-82.2683	0.7542	71.5708	0.6565	2.2e-04	0.5380
1751	-109.0829	-109.0829	-81.9429	0.7512	71.9625	0.6601	2.2e-04	0.5399
1752	-109.0832	-109.0832	-81.6127	0.7482	72.3331	0.6635	2.2e-04	0.5386
1753	-109.0911	-109.0911	-81.8211	0.7500	72.1030	0.6614	2.2e-04	0.5391
1754	-109.0850	-109.0850	-81.8194	0.7501	72.1041	0.6613	2.2e-04	0.5378
1755	-109.0912	-109.0912	-81.7532	0.7494	72.1926	0.6621	2.2e-04	0.5399
1756	-109.1027	-109.1027	-81.4532	0.7466	72.5296	0.6652	2.2e-04	0.5382
1757	-109.0929	-109.0929	-82.0390	0.7520	71.8570	0.6591	2.2e-04	0.5407
1758	-109.0730	-109.0730	-81.5501	0.7477	72.3813	0.6640	2.2e-04	0.5376
1759	-109.1029	-109.1029	-81.9695	0.7513	71.9334	0.6599	2.2e-04	0.5396
1760	-109.0627	-109.0627	-82.4018	0.7555	71.3846	0.6548	2.2e-04	0.5373
1761	-109.0949	-109.0949	-81.3710	0.7459	72.6154	0.6661	2.2e-04	0.5395
1762	-109.1044	-109.1044	-81.8215	0.7499	72.1334	0.6615	2.2e-04	0.5379
1763	-109.0703	-109.0703	-81.3597	0.7459	72.5982	0.6660	2.2e-04	0.5388
1764	-109.0945	-109.0945	-82.1543	0.7531	71.7317	0.6579	2.2e-04	0.5378
1765	-109.0998	-109.0998	-81.3236	0.7454	72.6820	0.6666	2.2e-04	0.5379
1766	-109.0845	-109.0845	-81.5106	0.7472	72.4468	0.6645	2.2e-04	0.5379
1767	-109.0871	-109.0871	-81.5223	0.7473	72.4391	0.6645	2.2e-04	0.5393
1768	-109.1191	-109.1191	-80.6130	0.7388	73.4556	0.6737	2.2e-04	0.5390
1769	-109.0840	-109.0840	-81.0448	0.7430	72.9617	0.6693	2.2e-04	0.5400
1770	-109.0705	-109.0705	-82.0969	0.7527	71.7746	0.6584	2.2e-04	0.5386
1771	-109.0891	-109.0891	-81.7305	0.7492	72.1952	0.6622	2.2e-04	0.5391
1772	-109.0762	-109.0762	-80.8345	0.7411	73.1758	0.6712	2.2e-04	0.5384
1773	-109.0639	-109.0639	-81.5006	0.7473	72.4326	0.6645	2.2e-04	0.5403
1774	-109.0752	-109.0752	-82.2431	0.7540	71.5776	0.6565	2.2e-04	0.5382
1775	-109.0872	-109.0872	-81.3633	0.7459	72.6201	0.6661	2.2e-04	0.5392
1776	-109.0832	-109.0832	-82.4287	0.7556	71.3838	0.6547	2.2e-04	0.5385
1777	-109.0738	-109.0738	-81.8946	0.7508	71.9877	0.6604	2.2e-04	0.5376
1778	-109.0764	-109.0764	-81.8792	0.7507	72.0136	0.6607	2.2e-04	0.5377
1779	-109.0892	-109.0892	-82.1109	0.7527	71.7525	0.6582	2.2e-04	0.5394
1780	-109.0766	-109.0766	-82.1164	0.7528	71.7490	0.6582	2.2e-04	0.5373
1781	-109.0731	-109.0731	-82.8343	0.7594	70.9166	0.6506	2.2e-04	0.5390
1782	-109.1048	-109.1048	-82.6274	0.7573	71.1679	0.6528	2.2e-04	0.5370
1783	-109.0991	-109.0991	-82.1791	0.7533	71.6938	0.6577	2.2e-04	0.5386
1784	-109.0679	-109.0679	-82.4654	0.7561	71.3310	0.6545	2.2e-04	0.5386
1785	-109.0792	-109.0792	-82.4699	0.7561	71.3406	0.6545	2.2e-04	0.5390
1786	-109.0860	-109.0860	-82.6031	0.7572	71.2051	0.6531	2.2e-04	0.5378
1787	-109.0743	-109.0743	-81.9726	0.7515	71.9113	0.6597	2.2e-04	0.5396
1788	-109.1038	-109.1038	-82.9400	0.7602	70.8504	0.6497	2.2e-04	0.5374
1789	-109.0782	-109.0782	-81.4244	0.7465	72.5252	0.6653	2.2e-04	0.5384
1790	-109.0865	-109.0865	-83.2413	0.7631	70.4517	0.6462	2.2e-04	0.5375
1791	-109.0848	-109.0848	-82.1995	0.7535	71.6756	0.6574	2.2e-04	0.5386
1792	-109.0890	-109.0890	-81.9900	0.7516	71.9117	0.6596	2.2e-04	0.5385
1793	-109.0798	-109.0798	-81.8918	0.7508	72.0020	0.6605	2.2e-04	0.5394
1794	-109.0900	-109.0900	-82.6278	0.7574	71.1810	0.6529	2.2e-04	0.5362
1795	-109.0890	-109.0890	-81.6430	0.7484	72.3025	0.6632	2.2e-04	0.5380
1796	-109.0785	-109.0785	-82.4751	0.7561	71.3287	0.6543	2.2e-04	0.5424
1797	-109.0916	-109.0916	-82.3308	0.7547	71.5301	0.6561	2.2e-04	0.5393
1798	-109.0706	-109.0706	-82.3962	0.7554	71.4167	0.6551	2.2e-04	0.5383
1799	-109.0931	-109.0931	-82.6901	0.7580	71.1201	0.6523	2.2e-04	0.5382
1800	-109.0774	-109.0774	-82.9134	0.7601	70.8211	0.6496	2.2e-04	0.5374
1801	-109.0943	-109.0943	-82.7939	0.7589	70.9908	0.6512	2.2e-04	0.5355
1802	-109.0771	-109.0771	-82.0770	0.7525	71.7963	0.6586	2.2e-04	0.5385
1803	-109.0861	-109.0861	-82.6608	0.7578	71.1319	0.6525	2.2e-04	0.5366
1804	-109.0988	-109.0988	-82.0061	0.7517	71.8845	0.6593	2.2e-04	0.5371
1805	-109.0896	-109.0896	-82.4566	0.7559	71.3829	0.6547	2.2e-04	0.5404
1806	-109.0841	-109.0841	-81.5692	0.7478	72.3892	0.6640	2.2e-04	0.5374
1807	-109.0968	-109.0968	-82.3502	0.7548	71.4872	0.6557	2.2e-04	0.5373
1808	-109.0906	-109.0906	-82.2128	0.7536	71.6518	0.6573	2.2e-04	0.5367
1809	-109.0792	-109.0792	-82.3222	0.7547	71.5298	0.6561	2.2e-04	0.5382
1810	-109.0889	-109.0889	-81.2903	0.7452	72.7000	0.6669	2.2e-04	0.5376
1811	-109.0817	-109.0817	-82.2913	0.7544	71.5573	0.6563	2.2e-04	0.5396
1812	-109.0991	-109.0991	-81.8912	0.7506	72.0363	0.6607	2.2e-04	0.5379
1813	-109.0689	-109.0689	-82.0866	0.7526	71.7808	0.6585	2.2e-04	0.5395
1814	-109.0877	-109.0877	-82.2356	0.7538	71.5963	0.6568	2.2e-04	0.5373
1815	-109.0890	-109.0890	-82.3968	0.7553	71.4159	0.6551	2.2e-04	0.5382
1816	-109.0654	-109.0654	-82.8158	0.7593	70.9200	0.6507	2.2e-04	0.5391
1817	-109.0735	-109.0735	-82.2296	0.7539	71.6195	0.6570	2.2e-04	0.5388
1818	-109.0751	-109.0751	-82.7719	0.7589	70.9871	0.6513	2.2e-04	0.5376
1819	-109.0784	-109.0784	-82.5719	0.7570	71.2298	0.6534	2.2e-04	0.5373
1820	-109.0732	-109.0732	-82.2443	0.7540	71.5881	0.6568	2.2e-04	0.5384
1821	-109.0741	-109.0741	-82.4283	0.7557	71.3974	0.6549	2.2e-04	0.5394
1822	-109.1039	-109.1039	-81.0780	0.7431	72.9649	0.6691	2.2e-04	0.5381
1823	-109.0865	-109.0865	-81.8470	0.7503	72.0455	0.6609	2.2e-04	0.5386
1824	-109.0888	-109.0888	-81.5610	0.7477	72.3849	0.6641	2.2e-04	0.5388
1825	-109.0690	-109.0690	-81.8889	0.7508	72.0058	0.6605	2.2e-04	0.5374
1826	-109.0969	-109.0969	-81.5655	0.7476	72.4073	0.6641	2.2e-04	0.5386
1827	-109.0872	-109.0872	-81.7312	0.7492	72.1876	0.6622	2.2e-04	0.5379
1828	-109.0822	-109.0822	-82.4347	0.7557	71.3824	0.6548	2.2e-04	0.5381
1829	-109.0880	-109.0880	-81.8147	0.7500	72.0978	0.6614	2.2e-04	0.5394
1830	-109.1010	-109.1010	-81.4970	0.7470	72.4683	0.6648	2.2e-04	0.5382
1831	-109.0814	-109.0814	-81.6588	0.7486	72.2715	0.6629	2.2e-04	0.5370
1832	-109.0859	-109.0859	-82.0133	0.7518	71.8654	0.6593	2.2e-04	0.5369
1833	-109.0814	-109.0814	-81.1598	0.7440	72.8291	0.6681	2.2e-04	0.5379
1834	-109.0719	-109.0719	-81.5100	0.7473	72.4293	0.6644	2.2e-04	0.5382
1835	-109.0770	-109.0770	-81.4845	0.7470	72.4666	0.6648	2.2e-04	0.5399
1836	-109.0820	-109.0820	-81.5429	0.7475	72.3980	0.6642	2.2e-04	0.5372
1837	-109.0923	-109.0923	-81.8770	0.7505	72.0436	0.6608	2.2e-04	0.5387
1838	-109.0638	-109.0638	-81.4260	0.7466	72.5212	0.6653	2.2e-04	0.5373
1839	-109.0625	-109.0625	-81.1949	0.7445	72.7569	0.6676	2.2e-04	0.5380
1840	-109.0678	-109.0678	-80.9742	0.7424	73.0262	0.6699	2.2e-04	0.5392
1841	-109.0829	-109.0829	-81.6577	0.7486	72.2725	0.6630	2.2e-04	0.5401
1842	-109.0834	-109.0834	-81.7937	0.7498	72.1300	0.6616	2.2e-04	0.5362
1843	-109.0820	-109.0820	-81.0941	0.7434	72.9054	0.6688	2.2e-04	0.5378
1844	-109.0909	-109.0909	-80.9687	0.7422	73.0543	0.6701	2.2e-04	0.5377
1845	-109.0766	-109.0766	-80.5213	0.7382	73.5040	0.6742	2.2e-04	0.5375
1846	-109.0791	-109.0791	-80.3218	0.7364	73.7442	0.6765	2.2e-04	0.5392
1847	-109.0953	-109.0953	-80.5461	0.7383	73.5247	0.6744	2.2e-04	0.5377
1848	-109.0892	-109.0892	-80.6889	0.7397	73.3586	0.6730	2.2e-04	0.5378
1849	-109.0866	-109.0866	-80.6056	0.7389	73.4030	0.6734	2.2e-04	0.5380
1850	-109.0828	-109.0828	-80.4613	0.7376	73.5993	0.6752	2.2e-04	0.5356
1851	-109.0923	-109.0923	-80.4206	0.7372	73.6731	0.6757	2.2e-04	0.5377
1852	-109.0860	-109.0860	-79.6539	0.7302	74.4500	0.6829	2.2e-04	0.5464
1853	-109.0873	-109.0873	-79.9139	0.7326	74.2069	0.6807	2.2e-04	0.5383
1854	-109.0809	-109.0809	-79.9892	0.7333	74.1167	0.6798	2.2e-04	0.5391
1855	-109.0904	-109.0904	-79.8976	0.7324	74.2193	0.6809	2.2e-04	0.5374
1856	-109.0706	-109.0706	-79.8127	0.7318	74.2774	0.6815	2.2e-04	0.5382
1857	-109.0975	-109.0975	-80.2169	0.7353	73.8833	0.6778	2.2e-04	0.5385
1858	-109.0662	-109.0662	-79.5441	0.7293	74.5865	0.6842	2.2e-04	0.5400
1859	-109.0878	-109.0878	-79.1106	0.7252	75.0443	0.6884	2.2e-04	0.5383
1860	-109.0713	-109.0713	-79.8148	0.7318	74.3015	0.6815	2.2e-04	0.5380
1861	-109.0938	-109.0938	-80.3410	0.7364	73.7552	0.6765	2.2e-04	0.5389
1862	-109.0941	-109.0941	-79.4166	0.7280	74.7453	0.6856	2.2e-04	0.5374
1863	-109.0768	-109.0768	-80.1111	0.7344	73.9733	0.6787	2.2e-04	0.5378
1864	-109.0786	-109.0786	-79.7968	0.7316	74.3205	0.6818	2.2e-04	0.5397
1865	-109.0863	-109.0863	-79.3184	0.7271	74.8382	0.6865	2.2e-04	0.5375
1866	-109.0738	-109.0738	-79.5970	0.7298	74.5254	0.6837	2.2e-04	0.5376
1867	-109.0939	-109.0939	-79.6416	0.7300	74.5051	0.6834	2.2e-04	0.5370
1868	-109.0602	-109.0602	-80.2328	0.7357	73.8288	0.6773	2.2e-04	0.5389
1869	-109.0692	-109.0692	-78.9967	0.7243	75.1645	0.6895	2.2e-04	0.5376
1870	-109.0975	-109.0975	-79.8114	0.7316	74.3343	0.6818	2.2e-04	0.5388
1871	-109.0863	-109.0863	-79.2167	0.7262	74.9470	0.6875	2.2e-04	0.5378
1872	-109.0849	-109.0849	-80.3370	0.7365	73.7366	0.6765	2.2e-04	0.5369
1873	-109.0762	-109.0762	-78.9729	0.7240	75.1673	0.6896	2.2e-04	0.5389
1874	-109.0947	-109.0947	-79.4337	0.7281	74.7167	0.6854	2.2e-04	0.5366
1875	-109.0892	-109.0892	-79.2623	0.7266	74.9076	0.6871	2.2e-04	0.5380
1876	-109.0718	-109.0718	-80.1985	0.7353	73.8632	0.6777	2.2e-04	0.5371
1877	-109.0928	-109.0928	-79.5633	0.7293	74.5622	0.6841	2.2e-04	0.5388
1878	-109.0691	-109.0691	-79.7617	0.7313	74.3409	0.6820	2.2e-04	0.5373
1879	-109.0925	-109.0925	-79.1541	0.7256	75.0233	0.6881	2.2e-04	0.5372
1880	-109.0867	-109.0867	-79.6513	0.7302	74.4542	0.6830	2.2e-04	0.5387
1881	-109.0941	-109.0941	-80.1971	0.7351	73.8830	0.6778	2.2e-04	0.5389
1882	-109.0910	-109.0910	-80.3007	0.7361	73.7884	0.6769	2.2e-04	0.5388
1883	-109.0973	-109.0973	-79.8534	0.7319	74.2563	0.6811	2.2e-04	0.5385
1884	-109.0909	-109.0909	-79.7912	0.7314	74.3375	0.6819	2.2e-04	0.5382
1885	-109.0701	-109.0701	-80.4522	0.7376	73.6004	0.6752	2.2e-04	0.5393
1886	-109.0752	-109.0752	-80.2329	0.7356	73.8362	0.6774	2.2e-04	0.5363
1887	-109.0855	-109.0855	-79.8770	0.7322	74.2369	0.6809	2.2e-04	0.5392
1888	-109.0742	-109.0742	-79.6722	0.7304	74.4423	0.6829	2.2e-04	0.5388
1889	-109.0789	-109.0789	-79.7414	0.7310	74.3800	0.6823	2.2e-04	0.5384
1890	-109.0797	-109.0797	-79.1178	0.7253	75.0248	0.6883	2.2e-04	0.5379
1891	-109.0814	-109.0814	-79.3954	0.7279	74.7429	0.6857	2.2e-04	0.5384
1892	-109.0920	-109.0920	-78.8645	0.7229	75.3247	0.6909	2.2e-04	0.5388
1893	-109.0851	-109.0851	-79.1767	0.7258	74.9996	0.6879	2.2e-04	0.5382
1894	-109.0796	-109.0796	-79.0822	0.7250	75.0683	0.6886	2.2e-04	0.5389
1895	-109.0827	-109.0827	-79.3268	0.7272	74.8294	0.6864	2.2e-04	0.5391
1896	-109.0815	-109.0815	-79.1382	0.7255	75.0323	0.6882	2.2e-04	0.5380
1897	-109.0880	-109.0880	-79.4644	0.7284	74.6832	0.6851	2.2e-04	0.5396
1898	-109.0813	-109.0813	-79.2614	0.7266	74.8328	0.6865	2.2e-04	0.5379
1899	-109.0919	-109.0919	-78.5358	0.7199	75.6659	0.6940	2.2e-04	0.5400
1900	-109.0887	-109.0887	-79.2124	0.7261	74.9596	0.6875	2.2e-04	0.5392
1901	-109.0680	-109.0680	-78.7296	0.7218	75.4288	0.6920	2.2e-04	0.5366
1902	-109.0791	-109.0791	-79.6525	0.7302	74.4667	0.6831	2.2e-04	0.5382
1903	-109.0828	-109.0828	-78.4386	0.7191	75.7405	0.6949	2.2e-04	0.5399
1904	-109.0830	-109.0830	-79.4118	0.7280	74.6983	0.6853	2.2e-04	0.5379
1905	-109.0826	-109.0826	-78.5427	0.7200	75.6515	0.6939	2.2e-04	0.5397
1906	-109.0951	-109.0951	-79.6261	0.7299	74.5011	0.6834	2.2e-04	0.5376
1907	-109.0887	-109.0887	-79.1596	0.7256	74.9911	0.6880	2.2e-04	0.5385
1908	-109.0935	-109.0935	-78.9761	0.7239	75.2002	0.6899	2.2e-04	0.5378
1909	-109.0841	-109.0841	-78.2983	0.7178	75.8860	0.6962	2.2e-04	0.5404
1910	-109.0879	-109.0879	-78.4923	0.7195	75.6943	0.6944	2.2e-04	0.5377
1911	-109.0887	-109.0887	-77.9452	0.7145	76.2414	0.6994	2.2e-04	0.5394
1912	-109.0767	-109.0767	-78.0144	0.7152	76.1861	0.6989	2.2e-04	0.5384
1913	-109.0860	-109.0860	-78.7626	0.7220	75.4239	0.6919	2.2e-04	0.5389
1914	-109.0829	-109.0829	-78.1823	0.7167	76.0336	0.6973	2.2e-04	0.5376
1915	-109.0774	-109.0774	-78.7509	0.7220	75.4118	0.6918	2.2e-04	0.5390
1916	-109.0627	-109.0627	-78.2800	0.7178	75.8853	0.6963	2.2e-04	0.5380
1917	-109.0798	-109.0798	-77.0109	0.7060	77.1860	0.7081	2.2e-04	0.5391
1918	-109.0810	-109.0810	-78.0617	0.7156	76.1272	0.6983	2.2e-04	0.5381
1919	-109.0828	-109.0828	-77.5343	0.7108	76.6700	0.7033	2.2e-04	0.5378
1920	-109.0919	-109.0919	-77.7576	0.7128	76.4561	0.7013	2.2e-04	0.5381
1921	-109.0921	-109.0921	-78.0853	0.7158	76.1246	0.6983	2.2e-04	0.5385
1922	-109.0763	-109.0763	-76.5832	0.7021	77.6226	0.7120	2.2e-04	0.5395
1923	-109.0921	-109.0921	-77.2706	0.7083	76.9513	0.7059	2.2e-04	0.5386
1924	-109.0912	-109.0912	-77.7317	0.7125	76.4874	0.7016	2.2e-04	0.5393
1925	-109.0901	-109.0901	-77.0483	0.7063	77.1712	0.7079	2.2e-04	0.5376
1926	-109.0966	-109.0966	-76.9861	0.7057	77.2386	0.7085	2.2e-04	0.5385
1927	-109.0884	-109.0884	-76.7272	0.7033	77.4778	0.7107	2.2e-04	0.5395
1928	-109.0734	-109.0734	-77.2859	0.7086	76.9156	0.7056	2.2e-04	0.5381
1929	-109.0983	-109.0983	-76.8359	0.7043	77.3865	0.7099	2.2e-04	0.5386
1930	-109.0742	-109.0742	-76.1553	0.6982	78.0260	0.7158	2.2e-04	0.5375
1931	-109.0782	-109.0782	-77.5563	0.7110	76.6413	0.7031	2.2e-04	0.5404
1932	-109.0735	-109.0735	-76.3162	0.6997	77.8762	0.7145	2.2e-04	0.5381
1933	-109.0881	-109.0881	-76.6571	0.7027	77.5689	0.7115	2.2e-04	0.5388
1934	-109.0950	-109.0950	-76.6940	0.7030	77.5291	0.7112	2.2e-04	0.5398
1935	-109.0829	-109.0829	-76.5647	0.7019	77.6594	0.7123	2.2e-04	0.5385
1936	-109.0874	-109.0874	-76.9432	0.7053	77.2587	0.7087	2.2e-04	0.5397
1937	-109.0951	-109.0951	-76.4132	0.7004	77.8074	0.7137	2.2e-04	0.5388
1938	-109.0774	-109.0774	-77.6024	0.7114	76.6072	0.7027	2.2e-04	0.5389
1939	-109.0882	-109.0882	-76.1832	0.6984	78.0280	0.7157	2.2e-04	0.5377
1940	-109.0930	-109.0930	-76.3055	0.6995	77.9012	0.7146	2.2e-04	0.5391
1941	-109.0769	-109.0769	-76.5308	0.7016	77.6267	0.7122	2.2e-04	0.5382
1942	-109.0935	-109.0935	-76.9426	0.7053	77.2813	0.7088	2.2e-04	0.5395
1943	-109.0912	-109.0912	-76.7947	0.7039	77.4155	0.7102	2.2e-04	0.5373
1944	-109.0741	-109.0741	-75.7705	0.6947	78.4133	0.7193	2.2e-04	0.5382
1945	-109.0727	-109.0727	-75.7708	0.6947	78.3862	0.7191	2.2e-04	0.5384
1946	-109.0751	-109.0751	-76.0448	0.6972	78.1345	0.7168	2.2e-04	0.5392
1947	-109.0906	-109.0906	-76.0214	0.6969	78.1829	0.7172	2.2e-04	0.5386
1948	-109.0692	-109.0692	-76.4717	0.7011	77.7116	0.7129	2.2e-04	0.5389
1949	-109.0956	-109.0956	-76.4550	0.7008	77.7536	0.7133	2.2e-04	0.5387
1950	-109.0937	-109.0937	-76.0472	0.6971	78.1574	0.7170	2.2e-04	0.5402
1951	-109.0820	-109.0820	-75.4889	0.6920	78.6787	0.7218	2.2e-04	0.5378
1952	-109.0982	-109.0982	-76.4730	0.7010	77.7558	0.7132	2.2e-04	0.5386
1953	-109.0909	-109.0910	-75.0981	0.6884	79.0754	0.7253	2.2e-04	0.5387
1954	-109.0810	-109.0810	-76.4667	0.7010	77.7419	0.7131	2.2e-04	0.5397
1955	-109.0762	-109.0762	-75.6404	0.6935	78.5398	0.7205	2.2e-04	0.5382
1956	-109.0911	-109.0912	-75.5646	0.6927	78.6237	0.7213	2.2e-04	0.5400
1957	-109.0923	-109.0924	-74.9191	0.6867	79.2253	0.7267	2.2e-04	0.5377
1958	-109.0819	-109.0820	-75.6837	0.6938	78.5060	0.7201	2.2e-04	0.5388
1959	-109.0788	-109.0788	-76.7664	0.7038	77.4478	0.7104	2.2e-04	0.5378
1960	-109.0894	-109.0895	-75.7826	0.6947	78.4072	0.7193	2.2e-04	0.5396
1961	-109.0643	-109.0643	-76.7778	0.7040	77.3838	0.7100	2.2e-04	0.5389
1962	-109.0820	-109.0820	-75.9368	0.6961	78.2578	0.7179	2.2e-04	0.5388
1963	-109.0900	-109.0900	-76.3627	0.7000	77.8518	0.7141	2.2e-04	0.5370
1964	-109.0848	-109.0848	-76.5061	0.7013	77.7106	0.7128	2.2e-04	0.5384
1965	-109.0803	-109.0803	-77.1884	0.7076	77.0139	0.7065	2.2e-04	0.5378
1966	-109.0888	-109.0888	-76.7821	0.7038	77.4282	0.7103	2.2e-04	0.5391
1967	-109.0751	-109.0751	-76.3141	0.6996	77.8732	0.7145	2.2e-04	0.5385
1968	-109.0802	-109.0802	-77.2403	0.7081	76.9783	0.7061	2.2e-04	0.5378
1969	-109.0990	-109.0990	-76.8937	0.7048	77.3399	0.7094	2.2e-04	0.5392
1970	-109.0938	-109.0938	-76.0936	0.6975	78.1125	0.7166	2.2e-04	0.5381
1971	-109.0851	-109.0851	-76.5922	0.7021	77.6239	0.7120	2.2e-04	0.5370
1972	-109.0888	-109.0888	-76.6780	0.7029	77.5465	0.7113	2.2e-04	0.5397
1973	-109.0870	-109.0870	-77.6308	0.7116	76.5752	0.7024	2.2e-04	0.5390
1974	-109.0971	-109.0971	-76.7089	0.7031	77.5074	0.7109	2.2e-04	0.5397
1975	-109.0704	-109.0704	-77.9191	0.7144	76.2674	0.6997	2.2e-04	0.5382
1976	-109.0771	-109.0771	-77.6119	0.7115	76.5793	0.7027	2.1e-04	0.5384
1977	-109.0775	-109.0775	-77.6080	0.7115	76.5938	0.7027	2.1e-04	0.5384
1978	-109.0754	-109.0754	-76.4666	0.7010	77.7309	0.7131	2.1e-04	0.5382
1979	-109.0879	-109.0879	-76.8928	0.7049	77.3143	0.7092	2.1e-04	0.5397
1980	-109.0895	-109.0895	-76.5824	0.7020	77.6390	0.7122	2.1e-04	0.5378
1981	-109.0887	-109.0887	-76.0154	0.6968	78.1794	0.7172	2.1e-04	0.5374
1982	-109.0909	-109.0909	-75.8417	0.6952	78.3462	0.7188	2.1e-04	0.5381
1983	-109.0874	-109.0874	-76.8848	0.7048	77.3454	0.7094	2.1e-04	0.5378
1984	-109.0964	-109.0964	-76.6725	0.7028	77.5470	0.7114	2.1e-04	0.5392
1985	-109.0729	-109.0729	-76.6751	0.7030	77.5203	0.7111	2.1e-04	0.5378
1986	-109.1011	-109.1011	-76.6859	0.7029	77.5405	0.7113	2.1e-04	0.5383
1987	-109.0944	-109.0944	-76.3061	0.6995	77.9037	0.7147	2.1e-04	0.5360
1988	-109.0739	-109.0740	-75.5904	0.6930	78.5755	0.7209	2.1e-04	0.5387
1989	-109.0716	-109.0716	-76.1633	0.6983	78.0255	0.7158	2.1e-04	0.5374
1990	-109.0855	-109.0855	-75.7425	0.6943	78.4442	0.7196	2.1e-04	0.5383
1991	-109.0803	-109.0803	-75.8744	0.6956	78.3042	0.7184	2.1e-04	0.5381
1992	-109.0901	-109.0901	-76.4394	0.7007	77.7694	0.7134	2.1e-04	0.5394
1993	-109.1081	-109.1081	-76.0182	0.6967	78.2012	0.7173	2.1e-04	0.5386
1994	-109.0832	-109.0833	-75.0201	0.6877	79.1357	0.7260	2.1e-04	0.5388
1995	-109.0494	-109.0494	-76.6473	0.7029	77.5074	0.7111	2.1e-04	0.5383
1996	-109.0755	-109.0755	-76.3779	0.7002	77.8315	0.7139	2.1e-04	0.5402
1997	-109.0728	-109.0728	-76.5455	0.7018	77.6468	0.7124	2.1e-04	0.5382
1998	-109.0778	-109.0778	-76.3247	0.6997	77.8658	0.7142	2.1e-04	0.5396
1999	-109.0716	-109.0716	-76.5252	0.7016	77.6653	0.7125	2.1e-04	0.5370
2000	-109.0869	-109.0869	-76.7371	0.7034	77.4467	0.7105	2.1e-04	0.5375
2001	-109.0776	-109.0776	-76.2759	0.6993	77.9067	0.7146	2.1e-04	0.5367
2002	-109.0935	-109.0935	-75.9676	0.6964	78.2332	0.7176	2.1e-04	0.5384
2003	-109.0844	-109.0844	-76.3370	0.6998	77.8548	0.7143	2.1e-04	0.5377
2004	-109.0622	-109.0622	-76.3327	0.6999	77.8513	0.7142	2.1e-04	0.5378
2005	-109.0652	-109.0652	-76.6112	0.7024	77.5798	0.7117	2.1e-04	0.5385
2006	-109.0932	-109.0932	-75.9106	0.6958	78.2755	0.7181	2.1e-04	0.5383
2007	-109.0667	-109.0667	-76.5212	0.7016	77.6746	0.7126	2.1e-04	0.5381
2008	-109.0807	-109.0807	-75.4974	0.6921	78.6671	0.7216	2.1e-04	0.5391
2009	-109.0892	-109.0892	-76.2557	0.6990	77.9512	0.7151	2.1e-04	0.5378
2010	-109.0736	-109.0736	-76.6896	0.7031	77.5158	0.7110	2.1e-04	0.5380
2011	-109.0862	-109.0862	-77.1652	0.7074	77.0319	0.7067	2.1e-04	0.5372
2012	-109.0898	-109.0898	-76.3533	0.6999	77.8585	0.7142	2.1e-04	0.5391
2013	-109.0809	-109.0809	-77.3957	0.7095	76.8191	0.7047	2.1e-04	0.5385
2014	-109.0723	-109.0723	-75.7480	0.6945	78.4325	0.7195	2.1e-04	0.5405
2015	-109.0818	-109.0818	-76.3164	0.6996	77.8933	0.7145	2.1e-04	0.5374
2016	-109.0840	-109.0842	-75.1844	0.6892	78.9789	0.7245	2.1e-04	0.5392
2017	-109.0829	-109.0829	-75.7885	0.6948	78.4009	0.7192	2.1e-04	0.5380
2018	-109.0707	-109.0707	-76.1778	0.6984	77.9999	0.7155	2.1e-04	0.5389
2019	-109.0752	-109.0753	-74.9826	0.6874	79.1385	0.7260	2.1e-04	0.5379
2020	-109.0748	-109.0748	-76.2801	0.6993	77.8896	0.7146	2.1e-04	0.5378
2021	-109.0919	-109.0919	-76.3491	0.6999	77.8646	0.7143	2.1e-04	0.5382
2022	-109.0827	-109.0827	-75.7634	0.6946	78.4253	0.7194	2.1e-04	0.5394
2023	-109.0700	-109.0700	-76.4461	0.7009	77.7360	0.7131	2.1e-04	0.5364
2024	-109.0717	-109.0717	-75.8305	0.6952	78.3082	0.7185	2.1e-04	0.5393
2025	-109.0712	-109.0712	-77.3938	0.7096	76.7967	0.7045	2.1e-04	0.5389
2026	-109.0938	-109.0938	-75.8663	0.6954	78.3347	0.7185	2.1e-04	0.5395
2027	-109.0800	-109.0800	-76.3440	0.6999	77.8566	0.7141	2.1e-04	0.5384
2028	-109.0813	-109.0813	-75.7278	0.6942	78.4579	0.7197	2.1e-04	0.5397
2029	-109.0832	-109.0834	-74.8879	0.6865	79.2289	0.7267	2.1e-04	0.5383
2030	-109.0737	-109.0737	-77.3713	0.7093	76.7953	0.7045	2.1e-04	0.5388
2031	-109.0809	-109.0809	-76.7954	0.7040	77.4121	0.7102	2.1e-04	0.5380
2032	-109.0716	-109.0716	-76.5858	0.7022	77.6155	0.7120	2.1e-04	0.5393
2033	-109.0918	-109.0918	-77.0108	0.7059	77.2240	0.7083	2.1e-04	0.5387
2034	-109.0965	-109.0965	-76.5440	0.7016	77.6509	0.7123	2.1e-04	0.5390
2035	-109.0764	-109.0764	-76.1732	0.6983	78.0164	0.7157	2.1e-04	0.5379
2036	-109.0781	-109.0781	-76.2660	0.6992	77.9200	0.7147	2.1e-04	0.5395
2037	-109.0867	-109.0867	-76.7050	0.7032	77.5160	0.7110	2.1e-04	0.5385
2038	-109.0746	-109.0746	-77.0859	0.7067	77.1223	0.7075	2.1e-04	0.5373
2039	-109.0664	-109.0664	-77.1849	0.7077	77.0199	0.7065	2.1e-04	0.5398
2040	-109.0927	-109.0927	-75.9346	0.6961	78.2766	0.7179	2.1e-04	0.5386
2041	-109.0854	-109.0854	-76.4067	0.7004	77.8120	0.7137	2.1e-04	0.5377
2042	-109.0899	-109.0899	-76.2885	0.6993	77.9191	0.7148	2.1e-04	0.5378
2043	-109.0710	-109.0710	-76.6875	0.7031	77.5060	0.7111	2.1e-04	0.5398
2044	-109.0923	-109.0923	-76.5679	0.7019	77.6525	0.7123	2.1e-04	0.5380
2045	-109.0852	-109.0852	-76.8387	0.7044	77.3722	0.7098	2.1e-04	0.5371
2046	-109.0801	-109.0801	-76.4165	0.7006	77.7876	0.7136	2.1e-04	0.5393
2047	-109.0920	-109.0920	-76.6722	0.7028	77.5525	0.7114	2.1e-04	0.5375
2048	-109.0937	-109.0937	-76.3619	0.7000	77.8499	0.7141	2.1e-04	0.5389
2049	-109.0791	-109.0791	-76.5144	0.7015	77.6951	0.7127	2.1e-04	0.5384
2050	-109.0837	-109.0837	-76.7350	0.7035	77.4576	0.7106	2.1e-04	0.5392
2051	-109.0966	-109.0966	-76.2347	0.6988	77.9837	0.7153	2.1e-04	0.5377
2052	-109.1003	-109.1003	-76.3114	0.6995	77.9145	0.7147	2.1e-04	0.5396
2053	-109.0794	-109.0794	-76.7469	0.7036	77.4552	0.7105	2.1e-04	0.5375
2054	-109.0813	-109.0813	-76.5836	0.7021	77.6245	0.7120	2.1e-04	0.5391
2055	-109.0821	-109.0821	-76.9301	0.7052	77.2825	0.7090	2.1e-04	0.5374
2056	-109.0921	-109.0921	-76.7307	0.7034	77.4834	0.7108	2.1e-04	0.5403
2057	-109.0865	-109.0865	-76.1846	0.6984	77.9994	0.7156	2.1e-04	0.5388
2058	-109.0945	-109.0945	-76.4338	0.7006	77.7538	0.7132	2.1e-04	0.5396
2059	-109.0910	-109.0910	-76.6200	0.7023	77.5986	0.7118	2.1e-04	0.5366
2060	-109.0729	-109.0729	-76.4523	0.7009	77.7461	0.7132	2.1e-04	0.5395
2061	-109.0775	-109.0775	-77.1947	0.7077	76.9995	0.7064	2.1e-04	0.5382
2062	-109.1074	-109.1074	-75.9282	0.6959	78.2823	0.7181	2.1e-04	0.5389
2063	-109.0755	-109.0757	-75.1135	0.6886	79.0367	0.7251	2.1e-04	0.5375
2064	-109.0736	-109.0736	-76.1628	0.6983	78.0372	0.7158	2.1e-04	0.5391
2065	-109.0889	-109.0889	-75.6301	0.6933	78.5574	0.7207	2.1e-04	0.5377
2066	-109.0886	-109.0886	-76.3093	0.6995	77.8946	0.7146	2.1e-04	0.5393
2067	-109.0935	-109.0935	-76.4597	0.7009	77.7620	0.7133	2.1e-04	0.5385
2068	-109.0959	-109.0961	-74.8738	0.6863	79.2923	0.7273	2.1e-04	0.5384
2069	-109.0806	-109.0807	-75.8370	0.6952	78.2625	0.7179	2.1e-04	0.5391
2070	-109.0829	-109.0829	-75.7071	0.6940	78.4845	0.7199	2.1e-04	0.5368
2071	-109.0792	-109.0793	-75.3401	0.6907	78.8228	0.7231	2.1e-04	0.5372
2072	-109.0613	-109.0613	-77.5259	0.7108	76.6451	0.7031	2.1e-04	0.5373
2073	-109.0940	-109.0941	-75.1478	0.6888	79.0358	0.7249	2.1e-04	0.5397
2074	-109.0830	-109.0830	-77.2023	0.7077	77.0108	0.7065	2.1e-04	0.5387
2075	-109.0854	-109.0854	-77.1187	0.7070	77.0871	0.7072	2.1e-04	0.5385
2076	-109.0826	-109.0826	-77.4193	0.7097	76.7853	0.7044	2.1e-04	0.5385
2077	-109.0730	-109.0730	-77.2512	0.7083	76.9424	0.7060	2.1e-04	0.5387
2078	-109.0759	-109.0759	-77.4594	0.7101	76.7460	0.7040	2.1e-04	0.5399
2079	-109.0804	-109.0804	-76.7338	0.7035	77.4511	0.7106	2.1e-04	0.5379
2080	-109.0830	-109.0830	-76.9297	0.7052	77.2670	0.7088	2.1e-04	0.5377
2081	-109.0675	-109.0675	-76.3288	0.6998	77.8515	0.7143	2.1e-04	0.5394
2082	-109.0954	-109.0954	-76.5798	0.7020	77.6150	0.7120	2.1e-04	0.5396
2083	-109.0891	-109.0891	-76.3369	0.6998	77.8770	0.7144	2.1e-04	0.5394
2084	-109.0753	-109.0753	-77.1319	0.7071	77.0734	0.7070	2.1e-04	0.5366
2085	-109.0815	-109.0815	-76.6911	0.7031	77.5109	0.7111	2.1e-04	0.5402
2086	-109.0918	-109.0918	-76.4872	0.7011	77.7297	0.7130	2.1e-04	0.5387
2087	-109.0799	-109.0799	-76.6970	0.7031	77.5123	0.7110	2.1e-04	0.5384
2088	-109.0900	-109.0900	-76.2389	0.6989	77.9580	0.7151	2.1e-04	0.5393
2089	-109.0809	-109.0809	-76.1812	0.6984	78.0187	0.7157	2.1e-04	0.5379
2090	-109.0834	-109.0834	-75.5870	0.6929	78.5948	0.7210	2.1e-04	0.5375
2091	-109.0765	-109.0765	-76.5759	0.7020	77.6118	0.7121	2.1e-04	0.5391
2092	-109.0899	-109.0899	-76.6667	0.7028	77.5500	0.7114	2.1e-04	0.5371
2093	-109.0838	-109.0838	-75.8191	0.6951	78.3658	0.7188	2.1e-04	0.5402
2094	-109.0995	-109.0996	-75.6530	0.6934	78.5638	0.7205	2.1e-04	0.5379
2095	-109.0809	-109.0810	-75.7311	0.6943	78.4538	0.7197	2.1e-04	0.5387
2096	-109.0703	-109.0703	-75.9626	0.6965	78.2052	0.7175	2.1e-04	0.5383
2097	-109.0905	-109.0905	-76.5527	0.7017	77.6717	0.7124	2.1e-04	0.5403
2098	-109.0777	-109.0778	-75.1718	0.6892	78.9786	0.7246	2.1e-04	0.5376
2099	-109.0810	-109.0810	-76.9107	0.7051	77.3041	0.7091	2.1e-04	0.5392
2100	-109.1033	-109.1033	-76.4596	0.7008	77.7643	0.7133	2.1e-04	0.5391
2101	-109.0815	-109.0815	-77.3208	0.7088	76.8957	0.7053	2.1e-04	0.5367
2102	-109.0715	-109.0715	-75.5075	0.6923	78.6515	0.7215	2.1e-04	0.5399
2103	-109.0879	-109.0879	-77.3976	0.7095	76.8244	0.7047	2.1e-04	0.5391
2104	-109.0732	-109.0732	-77.1277	0.7071	77.0738	0.7070	2.1e-04	0.5394
2105	-109.1006	-109.1006	-76.8850	0.7047	77.3424	0.7095	2.1e-04	0.5384
2106	-109.0717	-109.0717	-76.6035	0.7023	77.5876	0.7118	2.1e-04	0.5372
2107	-109.0811	-109.0812	-75.5579	0.6927	78.5935	0.7210	2.1e-04	0.5383
2108	-109.0739	-109.0739	-77.2573	0.7083	76.9341	0.7058	2.1e-04	0.5387
2109	-109.0731	-109.0731	-75.8825	0.6957	78.3023	0.7183	2.1e-04	0.5399
2110	-109.0580	-109.0580	-76.0994	0.6978	78.0760	0.7163	2.1e-04	0.5386
2111	-109.0817	-109.0817	-77.4982	0.7105	76.7151	0.7037	2.1e-04	0.5397
2112	-109.0934	-109.0935	-75.2591	0.6899	78.8618	0.7234	2.1e-04	0.5402
2113	-109.0879	-109.0879	-76.7242	0.7033	77.4842	0.7109	2.1e-04	0.5379
2114	-109.0847	-109.0848	-75.6284	0.6933	78.5516	0.7206	2.1e-04	0.5381
2115	-109.0821	-109.0821	-76.5533	0.7018	77.6390	0.7123	2.1e-04	0.5395
2116	-109.1006	-109.1006	-75.5539	0.6925	78.6608	0.7214	2.1e-04	0.5384
2117	-109.1262	-109.1262	-76.0115	0.6965	78.2344	0.7175	2.1e-04	0.5388
2118	-109.0868	-109.0868	-75.8805	0.6956	78.3222	0.7184	2.1e-04	0.5399
2119	-109.0850	-109.0850	-76.9614	0.7055	77.2486	0.7086	2.1e-04	0.5381
2120	-109.1014	-109.1014	-76.1196	0.6977	78.0866	0.7163	2.1e-04	0.5396
2121	-109.0844	-109.0844	-77.2303	0.7080	76.9842	0.7062	2.1e-04	0.5380
2122	-109.0865	-109.0865	-76.5398	0.7016	77.6786	0.7125	2.1e-04	0.5398
2123	-109.0932	-109.0932	-77.0196	0.7060	77.2054	0.7082	2.1e-04	0.5385
2124	-109.0751	-109.0751	-76.2322	0.6989	77.9660	0.7152	2.1e-04	0.5406
2125	-109.0780	-109.0780	-76.1644	0.6983	78.0363	0.7158	2.1e-04	0.5376
2126	-109.0670	-109.0670	-76.0493	0.6973	78.1369	0.7168	2.1e-04	0.5406
2127	-109.0708	-109.0708	-76.5645	0.7020	77.6301	0.7121	2.1e-04	0.5382
2128	-109.0684	-109.0684	-77.0166	0.7061	77.1843	0.7080	2.1e-04	0.5378
2129	-109.0620	-109.0620	-76.6983	0.7033	77.4863	0.7109	2.1e-04	0.5369
2130	-109.0732	-109.0732	-76.7327	0.7035	77.4733	0.7107	2.1e-04	0.5396
2131	-109.0935	-109.0935	-76.6746	0.7028	77.5539	0.7114	2.1e-04	0.5387
2132	-109.0939	-109.0939	-77.0936	0.7067	77.1152	0.7073	2.1e-04	0.5398
2133	-109.0723	-109.0724	-76.0161	0.6969	78.1615	0.7171	2.1e-04	0.5375
2134	-109.0861	-109.0861	-76.6033	0.7022	77.6017	0.7119	2.1e-04	0.5378
2135	-109.0731	-109.0732	-75.8413	0.6953	78.3483	0.7187	2.1e-04	0.5367
2136	-109.0793	-109.0794	-75.5106	0.6923	78.6605	0.7216	2.1e-04	0.5380
2137	-109.0852	-109.0852	-77.0444	0.7063	77.1714	0.7079	2.1e-04	0.5368
2138	-109.0988	-109.0989	-75.3857	0.6910	78.8127	0.7228	2.1e-04	0.5396
2139	-109.0751	-109.0752	-75.2282	0.6897	78.9306	0.7241	2.1e-04	0.5387
2140	-109.0969	-109.0969	-76.6891	0.7029	77.5268	0.7112	2.1e-04	0.5386
2141	-109.0802	-109.0802	-76.2222	0.6988	77.9747	0.7153	2.1e-04	0.5371
2142	-109.0867	-109.0867	-75.5005	0.6921	78.6813	0.7217	2.1e-04	0.5396
2143	-109.0809	-109.0810	-75.4048	0.6913	78.7571	0.7225	2.1e-04	0.5381
2144	-109.0714	-109.0714	-75.8796	0.6957	78.3062	0.7183	2.1e-04	0.5389
2145	-109.0935	-109.0935	-76.0840	0.6974	78.1276	0.7167	2.1e-04	0.5378
2146	-109.0679	-109.0679	-75.9876	0.6967	78.2026	0.7173	2.1e-04	0.5377
2147	-109.0751	-109.0751	-76.5900	0.7022	77.6073	0.7120	2.1e-04	0.5401
2148	-109.0814	-109.0814	-76.1923	0.6985	78.0170	0.7156	2.1e-04	0.5376
2149	-109.0790	-109.0790	-76.8672	0.7047	77.3444	0.7095	2.1e-04	0.5368
2150	-109.0935	-109.0936	-75.0100	0.6876	79.1640	0.7261	2.1e-04	0.5379
2151	-109.0843	-109.0843	-76.4141	0.7005	77.7949	0.7136	2.1e-04	0.5381
2152	-109.0844	-109.0845	-75.1137	0.6886	79.0479	0.7251	2.1e-04	0.5378
2153	-109.0946	-109.0946	-75.7533	0.6944	78.4519	0.7196	2.1e-04	0.5375
2154	-109.0841	-109.0841	-76.5505	0.7018	77.6528	0.7123	2.1e-04	0.5372
2155	-109.0781	-109.0781	-75.7417	0.6944	78.4503	0.7196	2.1e-04	0.5369
2156	-109.0750	-109.0750	-76.2014	0.6986	77.9804	0.7154	2.1e-04	0.5389
2157	-109.0568	-109.0568	-76.4220	0.7008	77.7645	0.7134	2.1e-04	0.5383
2158	-109.0865	-109.0865	-75.5244	0.6923	78.6552	0.7214	2.1e-04	0.5392
2159	-109.0816	-109.0816	-75.9457	0.6962	78.2500	0.7178	2.1e-04	0.5379
2160	-109.0671	-109.0671	-75.8420	0.6954	78.3179	0.7185	2.1e-04	0.5390
2161	-109.0783	-109.0783	-77.5780	0.7112	76.6363	0.7030	2.1e-04	0.5362
2162	-109.0791	-109.0791	-75.6561	0.6936	78.5402	0.7204	2.1e-04	0.5383
2163	-109.0921	-109.0921	-76.4375	0.7007	77.7788	0.7134	2.1e-04	0.5378
2164	-109.0873	-109.0873	-75.8063	0.6949	78.3981	0.7191	2.1e-04	0.5377
2165	-109.0835	-109.0835	-76.4379	0.7007	77.7632	0.7134	2.1e-04	0.5375
2166	-109.0556	-109.0556	-76.6925	0.7032	77.4880	0.7109	2.1e-04	0.5362
2167	-109.0878	-109.0878	-76.9165	0.7051	77.3097	0.7091	2.1e-04	0.5394
2168	-109.0962	-109.0962	-75.9952	0.6966	78.2126	0.7175	2.1e-04	0.5369
2169	-109.1029	-109.1029	-75.7488	0.6943	78.4641	0.7197	2.1e-04	0.5392
2170	-109.0838	-109.0838	-75.5180	0.6923	78.6617	0.7216	2.1e-04	0.5375
2171	-109.0806	-109.0806	-75.8339	0.6952	78.3673	0.7188	2.1e-04	0.5365
2172	-109.0716	-109.0716	-76.6976	0.7032	77.5117	0.7110	2.1e-04	0.5384
2173	-109.0875	-109.0875	-76.4272	0.7006	77.7543	0.7133	2.1e-04	0.5384
2174	-109.0728	-109.0728	-76.7158	0.7033	77.4763	0.7108	2.1e-04	0.5397
2175	-109.0728	-109.0728	-76.1311	0.6980	78.0431	0.7160	2.1e-04	0.5382
2176	-109.0778	-109.0778	-75.7275	0.6943	78.4506	0.7197	2.1e-04	0.5379
2177	-109.0878	-109.0878	-76.2955	0.6994	77.9144	0.7147	2.1e-04	0.5370
2178	-109.0980	-109.0980	-76.2327	0.6988	77.9492	0.7150	2.1e-04	0.5382
2179	-109.0743	-109.0743	-76.4722	0.7011	77.7251	0.7131	2.1e-04	0.5375
2180	-109.0842	-109.0842	-75.9785	0.6965	78.2186	0.7175	2.1e-04	0.5381
2181	-109.0969	-109.0969	-76.8977	0.7049	77.3294	0.7093	2.1e-04	0.5403
2182	-109.0937	-109.0937	-76.6808	0.7029	77.5366	0.7111	2.1e-04	0.5376
2183	-109.0557	-109.0557	-76.4478	0.7010	77.7275	0.7131	2.1e-04	0.5395
2184	-109.0643	-109.0643	-78.0536	0.7157	76.1200	0.6983	2.1e-04	0.5376
2185	-109.0781	-109.0781	-76.4884	0.7012	77.7213	0.7129	2.1e-04	0.5374
2186	-109.0717	-109.0718	-76.0635	0.6974	78.1212	0.7167	2.1e-04	0.5395
2187	-109.0810	-109.0810	-76.5131	0.7014	77.6921	0.7127	2.1e-04	0.5383
2188	-109.0866	-109.0866	-75.9511	0.6962	78.2625	0.7178	2.1e-04	0.5375
2189	-109.0712	-109.0712	-76.7741	0.7039	77.4245	0.7102	2.1e-04	0.5378
2190	-109.0840	-109.0840	-76.5245	0.7015	77.6800	0.7125	2.1e-04	0.5391
2191	-109.0974	-109.0975	-75.3036	0.6902	78.8722	0.7234	2.1e-04	0.5382
2192	-109.0916	-109.0916	-76.3430	0.6998	77.8726	0.7143	2.1e-04	0.5385
2193	-109.0923	-109.0923	-76.6527	0.7026	77.5667	0.7115	2.1e-04	0.5394
2194	-109.0883	-109.0883	-76.7838	0.7039	77.4459	0.7103	2.1e-04	0.5382
2195	-109.0898	-109.0898	-76.1975	0.6985	78.0139	0.7156	2.1e-04	0.5372
2196	-109.0788	-109.0788	-77.0130	0.7060	77.1853	0.7080	2.1e-04	0.5403
2197	-109.0922	-109.0922	-77.1919	0.7076	77.0348	0.7066	2.1e-04	0.5365
2198	-109.0636	-109.0636	-77.3513	0.7092	76.8407	0.7050	2.1e-04	0.5392
2199	-109.0783	-109.0783	-76.9613	0.7056	77.2455	0.7086	2.1e-04	0.5392
2200	-109.0797	-109.0797	-77.2087	0.7078	76.9977	0.7064	2.1e-04	0.5393
2201	-109.0752	-109.0752	-76.6162	0.7024	77.5851	0.7117	2.1e-04	0.5363
2202	-109.0691	-109.0691	-76.6394	0.7027	77.5650	0.7115	2.1e-04	0.5376
2203	-109.0666	-109.0666	-75.9868	0.6967	78.1917	0.7173	2.1e-04	0.5402
2204	-109.0839	-109.0839	-76.5270	0.7015	77.6761	0.7125	2.1e-04	0.5382
2205	-109.0850	-109.0850	-76.3343	0.6998	77.8799	0.7144	2.1e-04	0.5395
2206	-109.0742	-109.0742	-76.3738	0.7002	77.8184	0.7139	2.1e-04	0.5367
2207	-109.0863	-109.0863	-77.4492	0.7100	76.7604	0.7042	2.1e-04	0.5383
2208	-109.0869	-109.0869	-75.4338	0.6915	78.7456	0.7224	2.1e-04	0.5374
2209	-109.0967	-109.0967	-76.0530	0.6971	78.1499	0.7169	2.1e-04	0.5396
2210	-109.0804	-109.0804	-77.1839	0.7076	77.0289	0.7066	2.1e-04	0.5372
2211	-109.0675	-109.0676	-76.0565	0.6973	78.1358	0.7167	2.1e-04	0.5389
2212	-109.0688	-109.0688	-76.5337	0.7017	77.6574	0.7124	2.1e-04	0.5373
2213	-109.1031	-109.1031	-75.8270	0.6950	78.3792	0.7189	2.1e-04	0.5393
2214	-109.0803	-109.0803	-76.0826	0.6975	78.1140	0.7166	2.1e-04	0.5370
2215	-109.0841	-109.0841	-76.3951	0.7003	77.8281	0.7138	2.1e-04	0.5386
2216	-109.0868	-109.0868	-77.3250	0.7088	76.8922	0.7054	2.1e-04	0.5386
2217	-109.0756	-109.0756	-76.1394	0.6980	78.0627	0.7161	2.1e-04	0.5398
2218	-109.0945	-109.0945	-76.5113	0.7013	77.7254	0.7128	2.1e-04	0.5379
2219	-109.0742	-109.0742	-77.2959	0.7087	76.8948	0.7053	2.1e-04	0.5386
2220	-109.0679	-109.0679	-77.4610	0.7102	76.7226	0.7039	2.1e-04	0.5376
2221	-109.0627	-109.0627	-77.2606	0.7084	76.9330	0.7058	2.1e-04	0.5384
2222	-109.0691	-109.0691	-78.5040	0.7198	75.6630	0.6942	2.1e-04	0.5379
2223	-109.0831	-109.0831	-77.3766	0.7093	76.8368	0.7049	2.1e-04	0.5384
2224	-109.0939	-109.0939	-76.6490	0.7026	77.5737	0.7116	2.1e-04	0.5371
2225	-109.0813	-109.0813	-77.2512	0.7082	76.9627	0.7060	2.1e-04	0.5374
2226	-109.0888	-109.0888	-76.6421	0.7026	77.5462	0.7114	2.1e-04	0.5374
2227	-109.0799	-109.0799	-76.8219	0.7043	77.3722	0.7098	2.1e-04	0.5384
2228	-109.0947	-109.0947	-76.4143	0.7004	77.7854	0.7135	2.1e-04	0.5396
2229	-109.0715	-109.0715	-77.2417	0.7082	76.9508	0.7060	2.1e-04	0.5399
2230	-109.0932	-109.0932	-76.3860	0.7002	77.8291	0.7140	2.1e-04	0.5369
2231	-109.0915	-109.0915	-76.4127	0.7004	77.7607	0.7133	2.1e-04	0.5378
2232	-109.0789	-109.0789	-75.6161	0.6932	78.5615	0.7207	2.1e-04	0.5380
2233	-109.0746	-109.0746	-76.9421	0.7054	77.2532	0.7088	2.1e-04	0.5367
2234	-109.0720	-109.0720	-75.8287	0.6952	78.3391	0.7187	2.1e-04	0.5393
2235	-109.0597	-109.0597	-76.4213	0.7007	77.7680	0.7134	2.1e-04	0.5375
2236	-109.0771	-109.0771	-76.1642	0.6983	78.0228	0.7158	2.1e-04	0.5385
2237	-109.0699	-109.0700	-75.5509	0.6927	78.6211	0.7212	2.1e-04	0.5371
2238	-109.0841	-109.0841	-76.2675	0.6992	77.9273	0.7149	2.1e-04	0.5395
2239	-109.0914	-109.0914	-76.2784	0.6992	77.9395	0.7149	2.1e-04	0.5377
2240	-109.0874	-109.0875	-75.4302	0.6915	78.7372	0.7223	2.1e-04	0.5401
2241	-109.0790	-109.0790	-77.0418	0.7063	77.1648	0.7079	2.1e-04	0.5373
2242	-109.0970	-109.0971	-75.5240	0.6923	78.6546	0.7214	2.1e-04	0.5386
2243	-109.0796	-109.0796	-75.7202	0.6942	78.4632	0.7198	2.1e-04	0.5376
2244	-109.0549	-109.0550	-75.3643	0.6911	78.7798	0.7228	2.1e-04	0.5368
2245	-109.0684	-109.0684	-76.6801	0.7030	77.5079	0.7111	2.1e-04	0.5368
2246	-109.0843	-109.0843	-75.8001	0.6949	78.3769	0.7191	2.1e-04	0.5379
2247	-109.0996	-109.0996	-75.9141	0.6958	78.2952	0.7182	2.1e-04	0.5395
2248	-109.0752	-109.0752	-75.6257	0.6933	78.5567	0.7206	2.1e-04	0.5368
2249	-109.0793	-109.0793	-75.9920	0.6967	78.2126	0.7174	2.1e-04	0.5394
2250	-109.0899	-109.0899	-75.6295	0.6933	78.5730	0.7207	2.1e-04	0.5366
2251	-109.0824	-109.0824	-77.1523	0.7073	77.0618	0.7069	2.1e-04	0.5375
2252	-109.0881	-109.0883	-75.1820	0.6892	78.9930	0.7246	2.1e-04	0.5396
2253	-109.0924	-109.0925	-75.6567	0.6935	78.5393	0.7204	2.1e-04	0.5381
2254	-109.0702	-109.0702	-75.6672	0.6937	78.5081	0.7202	2.1e-04	0.5391
2255	-109.0783	-109.0783	-76.2500	0.6990	77.9483	0.7151	2.1e-04	0.5377
2256	-109.0567	-109.0567	-76.2197	0.6989	77.9564	0.7152	2.1e-04	0.5383
2257	-109.0567	-109.0568	-75.8152	0.6952	78.3499	0.7188	2.1e-04	0.5377
2258	-109.0831	-109.0832	-75.7084	0.6940	78.4817	0.7199	2.1e-04	0.5380
2259	-109.0940	-109.0940	-76.0498	0.6971	78.1576	0.7169	2.1e-04	0.5397
2260	-109.1020	-109.1020	-75.8576	0.6953	78.3572	0.7187	2.1e-04	0.5383
2261	-109.0922	-109.0922	-75.9819	0.6965	78.2378	0.7176	2.1e-04	0.5373
2262	-109.0939	-109.0939	-76.6782	0.7029	77.5166	0.7110	2.1e-04	0.5376
2263	-109.0586	-109.0586	-77.0050	0.7061	77.1576	0.7079	2.1e-04	0.5386
2264	-109.0826	-109.0826	-77.3367	0.7090	76.8787	0.7052	2.1e-04	0.5408
2265	-109.0718	-109.0718	-77.0871	0.7068	77.1126	0.7074	2.1e-04	0.5389
2266	-109.0775	-109.0775	-76.4271	0.7007	77.7625	0.7133	2.1e-04	0.5380
2267	-109.0859	-109.0859	-77.0174	0.7060	77.1880	0.7081	2.1e-04	0.5387
2268	-109.0802	-109.0802	-77.0813	0.7066	77.1219	0.7075	2.1e-04	0.5375
2269	-109.0910	-109.0910	-75.7775	0.6946	78.4143	0.7193	2.1e-04	0.5402
2270	-109.0705	-109.0705	-75.9753	0.6966	78.1709	0.7172	2.1e-04	0.5385
2271	-109.0802	-109.0802	-77.4767	0.7103	76.7366	0.7039	2.1e-04	0.5392
2272	-109.0981	-109.0981	-77.4942	0.7103	76.7299	0.7039	2.1e-04	0.5374
2273	-109.0819	-109.0819	-76.9972	0.7059	77.2073	0.7083	2.1e-04	0.5384
2274	-109.0823	-109.0823	-77.2219	0.7079	76.9872	0.7062	2.1e-04	0.5380
2275	-109.0833	-109.0833	-76.5589	0.7018	77.6448	0.7122	2.1e-04	0.5392
2276	-109.0741	-109.0741	-76.1697	0.6983	78.0231	0.7157	2.1e-04	0.5365
2277	-109.0913	-109.0913	-75.8560	0.6953	78.3373	0.7186	2.1e-04	0.5383
2278	-109.0682	-109.0682	-76.0049	0.6969	78.1796	0.7172	2.1e-04	0.5373
2279	-109.0734	-109.0734	-77.3626	0.7093	76.8427	0.7049	2.1e-04	0.5376
2280	-109.0871	-109.0871	-75.8892	0.6957	78.3105	0.7183	2.1e-04	0.5374
2281	-109.0715	-109.0715	-76.2287	0.6989	77.9635	0.7152	2.1e-04	0.5371
2282	-109.0841	-109.0841	-77.1212	0.7070	77.0872	0.7072	2.1e-04	0.5398
2283	-109.0928	-109.0928	-76.3322	0.6997	77.8799	0.7144	2.1e-04	0.5391
2284	-109.0793	-109.0793	-76.4901	0.7012	77.7115	0.7129	2.1e-04	0.5378
2285	-109.1063	-109.1064	-75.3580	0.6907	78.8345	0.7231	2.1e-04	0.5370
2286	-109.0753	-109.0753	-77.7172	0.7125	76.4821	0.7017	2.1e-04	0.5377
2287	-109.0966	-109.0966	-76.9760	0.7056	77.2330	0.7085	2.1e-04	0.5376
2288	-109.0998	-109.0998	-76.7563	0.7035	77.4812	0.7107	2.1e-04	0.5372
2289	-109.1008	-109.1009	-75.9281	0.6959	78.2890	0.7181	2.1e-04	0.5388
2290	-109.0724	-109.0724	-76.2901	0.6994	77.8966	0.7147	2.1e-04	0.5363
2291	-109.0819	-109.0819	-77.0160	0.7060	77.1989	0.7081	2.1e-04	0.5382
2292	-109.0737	-109.0737	-77.4683	0.7102	76.7312	0.7040	2.1e-04	0.5383
2293	-109.0645	-109.0645	-77.0344	0.7063	77.1511	0.7079	2.1e-04	0.5387
2294	-109.0791	-109.0791	-76.8726	0.7047	77.3286	0.7094	2.1e-04	0.5398
2295	-109.0773	-109.0773	-75.7419	0.6944	78.4206	0.7195	2.1e-04	0.5391
2296	-109.0865	-109.0865	-76.6973	0.7031	77.4783	0.7107	2.1e-04	0.5377
2297	-109.0865	-109.0865	-76.7645	0.7037	77.4469	0.7105	2.1e-04	0.5369
2298	-109.0570	-109.0570	-76.7242	0.7035	77.4559	0.7107	2.1e-04	0.5375
2299	-109.0640	-109.0640	-76.0852	0.6976	78.0988	0.7165	2.1e-04	0.5380
2300	-109.0770	-109.0770	-76.4690	0.7011	77.7345	0.7131	2.1e-04	0.5388
2301	-109.0900	-109.0900	-76.8426	0.7044	77.3581	0.7097	2.1e-04	0.5363
2302	-109.0839	-109.0839	-76.4594	0.7009	77.7397	0.7131	2.1e-04	0.5376
2303	-109.0735	-109.0735	-76.4431	0.7008	77.7474	0.7133	2.1e-04	0.5387
2304	-109.0789	-109.0789	-76.9560	0.7055	77.2535	0.7087	2.1e-04	0.5375
2305	-109.0996	-109.0996	-76.3332	0.6997	77.8796	0.7145	2.1e-04	0.5388
2306	-109.0783	-109.0783	-76.0293	0.6970	78.1640	0.7170	2.1e-04	0.5369
2307	-109.0801	-109.0801	-76.6424	0.7026	77.5648	0.7116	2.1e-04	0.5387
2308	-109.0887	-109.0887	-77.1645	0.7074	77.0474	0.7067	2.1e-04	0.5372
2309	-109.0867	-109.0867	-77.0986	0.7068	77.1074	0.7074	2.1e-04	0.5389
2310	-109.0852	-109.0853	-75.5851	0.6929	78.6028	0.7210	2.1e-04	0.5373
2311	-109.1063	-109.1064	-75.2913	0.6901	78.9081	0.7237	2.1e-04	0.5388
2312	-109.0859	-109.0860	-75.6278	0.6933	78.5580	0.7206	2.1e-04	0.5386
2313	-109.0953	-109.0954	-75.4571	0.6917	78.7275	0.7222	2.1e-04	0.5387
2314	-109.0900	-109.0900	-76.1155	0.6977	78.0849	0.7164	2.1e-04	0.5367
2315	-109.0819	-109.0819	-75.7614	0.6945	78.4235	0.7194	2.1e-04	0.5370
2316	-109.0954	-109.0954	-76.3833	0.7002	77.8193	0.7139	2.1e-04	0.5388
2317	-109.0794	-109.0794	-75.5543	0.6927	78.6254	0.7213	2.0e-04	0.5365
2318	-109.0922	-109.0922	-76.8132	0.7041	77.4039	0.7101	2.0e-04	0.5394
2319	-109.0886	-109.0886	-76.8583	0.7045	77.3470	0.7096	2.0e-04	0.5392
2320	-109.0888	-109.0888	-76.6356	0.7025	77.5662	0.7116	2.0e-04	0.5403
2321	-109.0785	-109.0785	-75.7659	0.6946	78.4206	0.7194	2.0e-04	0.5374
2322	-109.0733	-109.0733	-75.8743	0.6956	78.3110	0.7184	2.0e-04	0.5375
2323	-109.0761	-109.0761	-75.9620	0.6964	78.2283	0.7176	2.0e-04	0.5388
2324	-109.0783	-109.0784	-75.1743	0.6892	78.9761	0.7245	2.0e-04	0.5375
2325	-109.0943	-109.0943	-76.3020	0.6994	77.8967	0.7147	2.0e-04	0.5397
2326	-109.0719	-109.0719	-76.5818	0.7021	77.5864	0.7118	2.0e-04	0.5370
2327	-109.0878	-109.0879	-75.9844	0.6965	78.2125	0.7174	2.0e-04	0.5376
2328	-109.0762	-109.0762	-76.5450	0.7018	77.6583	0.7124	2.0e-04	0.5377
2329	-109.0731	-109.0731	-76.1865	0.6985	78.0031	0.7156	2.0e-04	0.5376
2330	-109.0735	-109.0735	-76.8169	0.7043	77.3733	0.7099	2.0e-04	0.5383
2331	-109.0992	-109.0992	-75.9788	0.6964	78.2381	0.7176	2.0e-04	0.5386
2332	-109.0862	-109.0862	-77.0005	0.7059	77.2206	0.7083	2.0e-04	0.5384
2333	-109.0811	-109.0811	-76.4501	0.7009	77.7557	0.7133	2.0e-04	0.5406
2334	-109.0659	-109.0659	-76.7662	0.7039	77.4117	0.7102	2.0e-04	0.5370
2335	-109.0732	-109.0733	-76.2249	0.6988	77.9627	0.7153	2.0e-04	0.5370
2336	-109.0820	-109.0820	-77.0761	0.7066	77.1331	0.7076	2.0e-04	0.5377
2337	-109.0867	-109.0867	-77.4710	0.7102	76.7478	0.7040	2.0e-04	0.5375
2338	-109.0517	-109.0517	-76.9399	0.7055	77.2435	0.7086	2.0e-04	0.5382
2339	-109.0788	-109.0788	-76.7926	0.7040	77.4241	0.7102	2.0e-04	0.5366
2340	-109.0808	-109.0808	-76.4727	0.7011	77.7179	0.7130	2.0e-04	0.5372
2341	-109.0759	-109.0759	-76.1363	0.6980	78.0648	0.7161	2.0e-04	0.5387
2342	-109.0974	-109.0974	-77.5638	0.7110	76.6546	0.7032	2.0e-04	0.5375
2343	-109.0871	-109.0871	-76.4528	0.7008	77.7575	0.7133	2.0e-04	0.5393
2344	-109.0826	-109.0826	-76.7139	0.7033	77.5010	0.7109	2.0e-04	0.5372
2345	-109.0782	-109.0782	-77.4910	0.7104	76.7130	0.7037	2.0e-04	0.5384
2346	-109.0915	-109.0915	-75.4759	0.6919	78.7177	0.7220	2.0e-04	0.5369
2347	-109.0916	-109.0916	-76.4670	0.7009	77.7527	0.7132	2.0e-04	0.5376
2348	-109.0913	-109.0913	-76.5478	0.7017	77.6676	0.7124	2.0e-04	0.5398
2349	-109.0670	-109.0670	-77.1333	0.7072	77.0612	0.7070	2.0e-04	0.5379
2350	-109.0894	-109.0894	-77.1756	0.7075	77.0487	0.7068	2.0e-04	0.5380
2351	-109.0669	-109.0669	-77.3882	0.7095	76.8103	0.7047	2.0e-04	0.5362
2352	-109.0806	-109.0806	-76.5138	0.7014	77.6909	0.7127	2.0e-04	0.5376
2353	-109.0968	-109.0968	-77.0845	0.7066	77.1471	0.7076	2.0e-04	0.5374
2354	-109.0902	-109.0902	-76.7625	0.7037	77.4411	0.7105	2.0e-04	0.5372
2355	-109.0711	-109.0711	-76.0921	0.6976	78.0892	0.7164	2.0e-04	0.5394
2356	-109.0751	-109.0751	-77.0163	0.7061	77.1625	0.7078	2.0e-04	0.5367
2357	-109.0833	-109.0833	-76.3747	0.7002	77.8230	0.7138	2.0e-04	0.5388
2358	-109.0758	-109.0758	-76.5552	0.7019	77.6458	0.7123	2.0e-04	0.5363
2359	-109.0921	-109.0921	-77.4255	0.7097	76.7977	0.7044	2.0e-04	0.5388
2360	-109.0990	-109.0990	-77.5909	0.7112	76.6399	0.7030	2.0e-04	0.5386
2361	-109.0906	-109.0906	-76.6340	0.7025	77.5822	0.7117	2.0e-04	0.5395
2362	-109.0885	-109.0885	-78.1833	0.7167	76.0183	0.6974	2.0e-04	0.5372
2363	-109.0945	-109.0945	-77.3299	0.7088	76.8890	0.7053	2.0e-04	0.5392
2364	-109.0734	-109.0734	-76.8766	0.7048	77.3246	0.7094	2.0e-04	0.5369
2365	-109.0791	-109.0791	-76.8290	0.7043	77.3731	0.7099	2.0e-04	0.5378
2366	-109.0716	-109.0716	-77.7347	0.7127	76.4573	0.7014	2.0e-04	0.5395
2367	-109.0716	-109.0716	-77.4287	0.7099	76.7672	0.7043	2.0e-04	0.5379
2368	-109.0738	-109.0738	-76.9451	0.7054	77.2313	0.7085	2.0e-04	0.5388
2369	-109.0818	-109.0818	-77.0416	0.7063	77.1637	0.7079	2.0e-04	0.5380
2370	-109.0725	-109.0725	-77.9030	0.7142	76.2775	0.6997	2.0e-04	0.5374
2371	-109.0734	-109.0734	-76.7144	0.7033	77.4846	0.7109	2.0e-04	0.5374
2372	-109.1050	-109.1050	-78.0004	0.7149	76.2251	0.6992	2.0e-04	0.5379
2373	-109.0705	-109.0705	-76.9692	0.7057	77.2171	0.7085	2.0e-04	0.5400
2374	-109.0680	-109.0680	-76.8586	0.7047	77.3353	0.7095	2.0e-04	0.5388
2375	-109.0542	-109.0542	-76.4703	0.7012	77.7203	0.7129	2.0e-04	0.5391
2376	-109.0718	-109.0718	-77.2827	0.7085	76.9200	0.7057	2.0e-04	0.5377
2377	-109.0900	-109.0900	-78.1149	0.7161	76.0839	0.6979	2.0e-04	0.5398
2378	-109.0776	-109.0776	-76.9938	0.7059	77.2258	0.7083	2.0e-04	0.5377
2379	-109.0877	-109.0877	-76.4807	0.7011	77.7331	0.7131	2.0e-04	0.5406
2380	-109.0796	-109.0796	-76.3150	0.6996	77.8848	0.7145	2.0e-04	0.5372
2381	-109.1010	-109.1010	-76.9171	0.7050	77.3129	0.7092	2.0e-04	0.5384
2382	-109.0889	-109.0889	-76.8424	0.7044	77.3619	0.7097	2.0e-04	0.5376
2383	-109.0886	-109.0886	-77.0879	0.7067	77.1225	0.7075	2.0e-04	0.5375
2384	-109.0837	-109.0837	-76.5970	0.7022	77.6165	0.7120	2.0e-04	0.5391
2385	-109.0894	-109.0894	-77.5379	0.7108	76.6465	0.7031	2.0e-04	0.5401
2386	-109.0765	-109.0765	-76.8657	0.7047	77.3204	0.7093	2.0e-04	0.5373
2387	-109.0808	-109.0808	-76.4627	0.7010	77.7388	0.7132	2.0e-04	0.5403
2388	-109.0836	-109.0836	-76.4506	0.7008	77.7618	0.7133	2.0e-04	0.5368
2389	-109.0688	-109.0688	-76.1796	0.6985	78.0049	0.7156	2.0e-04	0.5381
2390	-109.1045	-109.1047	-74.7853	0.6854	79.3848	0.7281	2.0e-04	0.5376
2391	-109.0846	-109.0846	-75.5731	0.6928	78.6091	0.7211	2.0e-04	0.5404
2392	-109.0733	-109.0733	-75.4974	0.6922	78.6768	0.7217	2.0e-04	0.5377
2393	-109.0794	-109.0794	-76.3303	0.6998	77.8708	0.7144	2.0e-04	0.5379
2394	-109.0811	-109.0811	-76.8267	0.7043	77.3729	0.7098	2.0e-04	0.5376
2395	-109.0944	-109.0945	-75.5855	0.6928	78.6098	0.7211	2.0e-04	0.5385
2396	-109.0755	-109.0755	-76.2315	0.6989	77.9632	0.7152	2.0e-04	0.5392
2397	-109.0959	-109.0959	-76.3741	0.7001	77.8523	0.7141	2.0e-04	0.5386
2398	-109.0593	-109.0593	-76.5355	0.7018	77.6472	0.7123	2.0e-04	0.5377
2399	-109.0783	-109.0783	-76.3730	0.7002	77.8392	0.7140	2.0e-04	0.5386
2400	-109.0703	-109.0703	-76.2713	0.6993	77.9188	0.7148	2.0e-04	0.5386
2401	-109.0852	-109.0852	-76.5055	0.7013	77.6756	0.7126	2.0e-04	0.5364
2402	-109.0904	-109.0904	-77.1444	0.7072	77.0793	0.7071	2.0e-04	0.5372
2403	-109.0850	-109.0850	-76.1447	0.6980	78.0502	0.7159	2.0e-04	0.5390
2404	-109.0536	-109.0536	-75.9214	0.6962	78.2084	0.7176	2.0e-04	0.5369
2405	-109.0807	-109.0808	-75.4670	0.6918	78.7224	0.7220	2.0e-04	0.5385
2406	-109.0860	-109.0860	-76.7967	0.7040	77.4132	0.7102	2.0e-04	0.5374
2407	-109.0762	-109.0762	-76.5437	0.7017	77.6463	0.7124	2.0e-04	0.5374
2408	-109.1089	-109.1089	-76.0066	0.6966	78.2075	0.7174	2.0e-04	0.5374
2409	-109.0926	-109.0926	-76.4914	0.7012	77.7282	0.7130	2.0e-04	0.5386
2410	-109.0852	-109.0852	-76.0900	0.6975	78.1150	0.7166	2.0e-04	0.5378
2411	-109.0781	-109.0781	-76.7894	0.7040	77.4100	0.7101	2.0e-04	0.5377
2412	-109.0806	-109.0807	-76.1121	0.6978	78.0575	0.7160	2.0e-04	0.5388
2413	-109.1016	-109.1016	-77.0948	0.7066	77.1292	0.7076	2.0e-04	0.5387
2414	-109.0741	-109.0741	-77.1650	0.7075	77.0363	0.7067	2.0e-04	0.5387
2415	-109.0695	-109.0695	-77.1487	0.7073	77.0191	0.7066	2.0e-04	0.5396
2416	-109.0814	-109.0814	-76.5575	0.7018	77.6564	0.7123	2.0e-04	0.5378
2417	-109.0873	-109.0873	-76.4364	0.7007	77.7734	0.7134	2.0e-04	0.5376
2418	-109.0753	-109.0753	-76.2961	0.6995	77.9116	0.7147	2.0e-04	0.5374
2419	-109.0676	-109.0676	-76.9001	0.7051	77.2937	0.7091	2.0e-04	0.5373
2420	-109.0850	-109.0850	-76.2314	0.6988	77.9802	0.7152	2.0e-04	0.5394
2421	-109.0859	-109.0859	-76.3437	0.6998	77.8768	0.7142	2.0e-04	0.5387
2422	-109.0945	-109.0945	-76.9306	0.7052	77.2929	0.7090	2.0e-04	0.5369
2423	-109.0879	-109.0879	-76.9970	0.7058	77.1980	0.7081	2.0e-04	0.5375
2424	-109.0810	-109.0810	-76.9586	0.7055	77.2496	0.7086	2.0e-04	0.5396
2425	-109.0825	-109.0825	-76.6579	0.7028	77.5631	0.7114	2.0e-04	0.5374
2426	-109.0824	-109.0824	-77.4851	0.7103	76.7119	0.7038	2.0e-04	0.5397
2427	-109.0950	-109.0950	-77.2181	0.7078	76.9999	0.7063	2.0e-04	0.5376
2428	-109.0877	-109.0877	-77.6892	0.7122	76.5255	0.7020	2.0e-04	0.5396
2429	-109.0699	-109.0699	-76.8056	0.7042	77.3903	0.7100	2.0e-04	0.5376
2430	-109.0861	-109.0861	-77.5800	0.7112	76.6238	0.7030	2.0e-04	0.5388
2431	-109.0816	-109.0816	-77.7766	0.7130	76.4277	0.7012	2.0e-04	0.5384
2432	-109.1067	-109.1067	-78.3790	0.7184	75.8484	0.6957	2.0e-04	0.5392
2433	-109.0864	-109.0864	-77.5649	0.7110	76.6428	0.7031	2.0e-04	0.5385
2434	-109.0786	-109.0786	-78.6270	0.7208	75.5510	0.6931	2.0e-04	0.5391
2435	-109.0834	-109.0834	-77.4566	0.7101	76.7183	0.7039	2.0e-04	0.5377
2436	-109.0784	-109.0784	-76.6679	0.7029	77.5417	0.7113	2.0e-04	0.5382
2437	-109.0956	-109.0956	-77.6687	0.7119	76.5655	0.7022	2.0e-04	0.5385
2438	-109.0778	-109.0778	-77.2242	0.7080	76.9925	0.7062	2.0e-04	0.5381
2439	-109.0825	-109.0825	-76.9515	0.7054	77.2570	0.7088	2.0e-04	0.5397
2440	-109.0812	-109.0812	-77.2988	0.7086	76.9128	0.7056	2.0e-04	0.5373
2441	-109.1001	-109.1001	-78.1158	0.7160	76.0979	0.6981	2.0e-04	0.5397
2442	-109.0948	-109.0948	-78.5852	0.7203	75.6098	0.6936	2.0e-04	0.5370
2443	-109.0891	-109.0891	-77.7391	0.7126	76.4568	0.7014	2.0e-04	0.5372
2444	-109.0932	-109.0932	-77.4819	0.7102	76.7528	0.7040	2.0e-04	0.5384
2445	-109.0748	-109.0748	-77.7702	0.7130	76.4247	0.7011	2.0e-04	0.5401
2446	-109.0882	-109.0882	-77.6173	0.7115	76.5837	0.7025	2.0e-04	0.5382
2447	-109.0893	-109.0893	-77.1741	0.7074	77.0496	0.7068	2.0e-04	0.5403
2448	-109.0903	-109.0903	-77.1476	0.7072	77.0738	0.7070	2.0e-04	0.5383
2449	-109.0754	-109.0754	-77.6755	0.7121	76.5139	0.7020	2.0e-04	0.5400
2450	-109.0964	-109.0964	-77.3519	0.7090	76.8803	0.7052	2.0e-04	0.5384
2451	-109.0953	-109.0953	-77.1487	0.7072	77.0829	0.7070	2.0e-04	0.5376
2452	-109.0961	-109.0961	-77.4652	0.7101	76.7509	0.7040	2.0e-04	0.5381
2453	-109.1031	-109.1031	-78.7748	0.7220	75.4149	0.6919	2.0e-04	0.5386
2454	-109.0812	-109.0812	-78.0359	0.7154	76.1539	0.6986	2.0e-04	0.5383
2455	-109.0854	-109.0854	-78.7639	0.7220	75.4237	0.6918	2.0e-04	0.5391
2456	-109.0913	-109.0913	-77.7276	0.7125	76.4869	0.7017	2.0e-04	0.5379
2457	-109.0958	-109.0958	-77.1506	0.7072	77.0686	0.7069	2.0e-04	0.5389
2458	-109.0835	-109.0835	-77.9968	0.7150	76.2009	0.6991	2.0e-04	0.5377
2459	-109.0911	-109.0911	-77.6573	0.7119	76.5603	0.7023	2.0e-04	0.5388
2460	-109.1061	-109.1061	-77.4194	0.7096	76.8140	0.7045	2.0e-04	0.5384
2461	-109.0870	-109.0870	-77.5794	0.7112	76.6447	0.7030	2.0e-04	0.5378
2462	-109.0877	-109.0877	-77.0741	0.7065	77.1250	0.7076	2.0e-04	0.5386
2463	-109.0737	-109.0737	-77.6473	0.7119	76.5543	0.7023	2.0e-04	0.5379
2464	-109.0925	-109.0925	-78.4528	0.7191	75.7454	0.6949	2.0e-04	0.5375
2465	-109.0865	-109.0865	-78.5531	0.7201	75.6127	0.6936	2.0e-04	0.5376
2466	-109.0675	-109.0675	-78.9293	0.7237	75.2282	0.6901	2.0e-04	0.5390
2467	-109.0891	-109.0891	-78.1918	0.7168	75.9960	0.6971	2.0e-04	0.5372
2468	-109.0896	-109.0896	-77.7983	0.7132	76.4230	0.7010	2.0e-04	0.5370
2469	-109.0802	-109.0802	-77.6173	0.7116	76.5905	0.7026	2.0e-04	0.5409
2470	-109.0861	-109.0861	-78.2349	0.7172	75.9581	0.6968	2.0e-04	0.5371
2471	-109.0831	-109.0831	-77.7624	0.7129	76.4403	0.7012	2.0e-04	0.5394
2472	-109.0686	-109.0686	-77.2663	0.7084	76.9366	0.7058	2.0e-04	0.5371
2473	-109.0830	-109.0830	-78.0624	0.7156	76.1370	0.6985	2.0e-04	0.5383
2474	-109.0706	-109.0706	-77.7327	0.7127	76.4543	0.7014	2.0e-04	0.5373
2475	-109.0978	-109.0978	-78.0833	0.7157	76.1227	0.6982	2.0e-04	0.5380
2476	-109.0886	-109.0886	-78.4316	0.7190	75.7611	0.6950	2.0e-04	0.5391
2477	-109.0846	-109.0846	-77.6775	0.7121	76.5352	0.7020	2.0e-04	0.5375
2478	-109.0840	-109.0840	-78.5126	0.7197	75.6731	0.6942	2.0e-04	0.5379
2479	-109.0696	-109.0696	-78.2203	0.7172	75.9687	0.6969	2.0e-04	0.5390
2480	-109.0840	-109.0840	-77.8354	0.7135	76.3708	0.7005	2.0e-04	0.5401
2481	-109.0884	-109.0884	-77.9947	0.7150	76.2137	0.6991	2.0e-04	0.5381
2482	-109.1024	-109.1024	-77.8977	0.7140	76.3322	0.7002	2.0e-04	0.5368
2483	-109.0678	-109.0678	-77.8442	0.7137	76.3394	0.7004	2.0e-04	0.5364
2484	-109.0858	-109.0858	-78.0997	0.7159	76.0907	0.6981	2.0e-04	0.5383
2485	-109.0771	-109.0771	-77.7907	0.7132	76.4078	0.7010	2.0e-04	0.5388
2486	-109.0684	-109.0684	-77.3311	0.7090	76.8499	0.7050	2.0e-04	0.5380
2487	-109.0687	-109.0687	-77.5660	0.7112	76.5769	0.7025	2.0e-04	0.5382
2488	-109.0887	-109.0887	-77.4977	0.7104	76.7204	0.7038	2.0e-04	0.5391
2489	-109.0780	-109.0780	-76.5675	0.7020	77.6326	0.7122	2.0e-04	0.5390
2490	-109.0766	-109.0766	-77.4772	0.7103	76.7191	0.7038	2.0e-04	0.5372
2491	-109.0850	-109.0850	-77.4869	0.7103	76.7312	0.7038	2.0e-04	0.5391
2492	-109.0743	-109.0743	-77.8964	0.7142	76.2821	0.6998	2.0e-04	0.5373
2493	-109.0835	-109.0835	-76.0513	0.6972	78.1432	0.7169	2.0e-04	0.5397
2494	-109.1075	-109.1075	-77.1174	0.7068	77.1277	0.7074	2.0e-04	0.5374
2495	-109.0869	-109.0869	-77.1164	0.7069	77.0814	0.7070	2.0e-04	0.5398
2496	-109.0973	-109.0973	-76.6498	0.7026	77.5755	0.7116	2.0e-04	0.5359
2497	-109.0791	-109.0791	-76.4252	0.7006	77.7704	0.7135	2.0e-04	0.5379
2498	-109.0827	-109.0827	-76.2095	0.6986	77.9859	0.7155	2.0e-04	0.5381
2499	-109.0763	-109.0763	-76.9863	0.7058	77.2272	0.7084	2.0e-04	0.5397
2500	-109.0723	-109.0723	-77.3237	0.7089	76.8675	0.7052	2.0e-04	0.5372
2501	-109.0915	-109.0915	-76.7522	0.7036	77.4723	0.7106	2.0e-04	0.5357
2502	-109.0958	-109.0958	-76.6513	0.7026	77.5661	0.7115	2.0e-04	0.5369
2503	-109.0812	-109.0812	-76.7585	0.7037	77.4472	0.7104	2.0e-04	0.5366
2504	-109.0756	-109.0756	-76.7257	0.7034	77.4701	0.7107	2.0e-04	0.5392
2505	-109.0782	-109.0782	-77.2013	0.7078	77.0012	0.7064	2.0e-04	0.5389
2506	-109.0807	-109.0807	-76.8277	0.7043	77.3689	0.7097	2.0e-04	0.5374
2507	-109.0694	-109.0694	-76.3485	0.7000	77.8397	0.7141	2.0e-04	0.5374
2508	-109.0657	-109.0657	-76.9514	0.7056	77.2412	0.7087	2.0e-04	0.5378
2509	-109.0772	-109.0772	-76.4376	0.7008	77.7615	0.7134	2.0e-04	0.5391
2510	-109.0765	-109.0765	-76.4130	0.7005	77.7856	0.7135	2.0e-04	0.5371
2511	-109.0785	-109.0786	-75.9043	0.6959	78.2874	0.7182	2.0e-04	0.5393
2512	-109.0715	-109.0715	-77.4272	0.7099	76.7614	0.7041	2.0e-04	0.5371
2513	-109.0722	-109.0722	-76.4888	0.7013	77.7154	0.7129	2.0e-04	0.5387
2514	-109.0682	-109.0682	-77.0711	0.7066	77.1399	0.7076	2.0e-04	0.5368
2515	-109.0885	-109.0885	-76.0294	0.6970	78.1608	0.7170	2.0e-04	0.5374
2516	-109.0745	-109.0745	-76.3252	0.6998	77.8783	0.7144	2.0e-04	0.5388
2517	-109.0935	-109.0935	-77.0233	0.7060	77.2021	0.7081	2.0e-04	0.5394
2518	-109.1056	-109.1056	-77.0567	0.7063	77.1696	0.7078	2.0e-04	0.5371
2519	-109.0933	-109.0933	-76.2285	0.6987	77.9887	0.7154	2.0e-04	0.5376
2520	-109.0822	-109.0822	-76.1548	0.6981	78.0453	0.7160	2.0e-04	0.5370
2521	-109.0760	-109.0760	-77.3106	0.7088	76.8850	0.7054	2.0e-04	0.5383
2522	-109.0927	-109.0927	-77.1520	0.7072	77.0657	0.7070	2.0e-04	0.5387
2523	-109.0799	-109.0799	-76.7320	0.7034	77.4626	0.7106	2.0e-04	0.5381
2524	-109.1011	-109.1011	-76.9971	0.7057	77.2329	0.7084	2.0e-04	0.5365
2525	-109.0650	-109.0650	-77.1265	0.7072	77.0618	0.7070	2.0e-04	0.5381
2526	-109.0797	-109.0797	-77.7370	0.7127	76.4728	0.7015	2.0e-04	0.5376
2527	-109.0774	-109.0774	-76.4373	0.7008	77.7732	0.7134	2.0e-04	0.5369
2528	-109.0879	-109.0879	-76.1925	0.6985	78.0145	0.7156	2.0e-04	0.5374
2529	-109.0894	-109.0894	-76.7419	0.7035	77.4282	0.7103	2.0e-04	0.5377
2530	-109.0753	-109.0753	-76.1454	0.6981	78.0472	0.7160	2.0e-04	0.5377
2531	-109.0949	-109.0949	-76.4125	0.7004	77.7960	0.7136	2.0e-04	0.5374
2532	-109.0747	-109.0747	-76.6950	0.7031	77.5087	0.7110	2.0e-04	0.5389
2533	-109.0892	-109.0892	-76.6226	0.7024	77.5785	0.7116	2.0e-04	0.5373
2534	-109.0917	-109.0918	-75.4647	0.6918	78.7285	0.7221	2.0e-04	0.5379
2535	-109.1042	-109.1042	-75.7693	0.6945	78.4380	0.7195	2.0e-04	0.5380
2536	-109.0899	-109.0899	-76.1795	0.6983	78.0355	0.7157	2.0e-04	0.5370
2537	-109.0702	-109.0702	-76.5874	0.7022	77.5757	0.7116	2.0e-04	0.5378
2538	-109.0841	-109.0841	-76.0938	0.6976	78.1027	0.7165	2.0e-04	0.5369
2539	-109.0636	-109.0636	-75.4750	0.6920	78.6839	0.7219	2.0e-04	0.5378
2540	-109.0954	-109.0954	-76.1754	0.6982	78.0211	0.7157	2.0e-04	0.5378
2541	-109.1020	-109.1020	-76.4870	0.7011	77.7519	0.7131	2.0e-04	0.5395
2542	-109.0840	-109.0840	-77.0162	0.7060	77.1927	0.7081	2.0e-04	0.5375
2543	-109.0789	-109.0790	-75.5072	0.6922	78.6531	0.7216	2.0e-04	0.5390
2544	-109.1066	-109.1066	-76.6720	0.7027	77.5405	0.7113	2.0e-04	0.5389
2545	-109.0864	-109.0864	-76.5725	0.7019	77.6442	0.7122	2.0e-04	0.5378
2546	-109.0925	-109.0925	-75.6916	0.6938	78.5076	0.7201	2.0e-04	0.5381
2547	-109.0850	-109.0850	-76.0843	0.6975	78.0950	0.7165	2.0e-04	0.5379
2548	-109.0875	-109.0875	-76.7755	0.7038	77.4441	0.7104	2.0e-04	0.5387
2549	-109.0859	-109.0859	-76.0299	0.6970	78.1650	0.7171	2.0e-04	0.5378
2550	-109.0737	-109.0737	-77.0705	0.7066	77.1207	0.7076	2.0e-04	0.5387
2551	-109.0743	-109.0744	-75.5576	0.6927	78.5519	0.7206	2.0e-04	0.5376
2552	-109.1000	-109.1000	-76.1300	0.6978	78.0885	0.7163	2.0e-04	0.5375
2553	-109.0794	-109.0794	-76.4770	0.7011	77.7210	0.7130	2.0e-04	0.5394
2554	-109.0940	-109.0940	-76.2181	0.6986	77.9977	0.7155	2.0e-04	0.5361
2555	-109.0900	-109.0900	-75.9185	0.6959	78.2795	0.7181	2.0e-04	0.5372
2556	-109.0795	-109.0795	-75.9683	0.6964	78.2169	0.7175	2.0e-04	0.5381
2557	-109.0678	-109.0678	-76.9021	0.7051	77.2870	0.7091	2.0e-04	0.5382
2558	-109.0728	-109.0728	-76.9841	0.7058	77.2093	0.7084	2.0e-04	0.5393
2559	-109.0597	-109.0597	-76.6373	0.7027	77.5309	0.7114	2.0e-04	0.5393
2560	-109.0899	-109.0899	-75.6437	0.6934	78.5398	0.7204	2.0e-04	0.5378
2561	-109.1049	-109.1049	-77.1256	0.7069	77.1000	0.7072	2.0e-04	0.5389
2562	-109.0847	-109.0848	-75.2565	0.6899	78.9145	0.7239	2.0e-04	0.5371
2563	-109.0809	-109.0809	-76.1519	0.6981	78.0586	0.7160	2.0e-04	0.5377
2564	-109.0842	-109.0842	-76.3000	0.6995	77.9018	0.7147	2.0e-04	0.5384
2565	-109.0857	-109.0857	-76.4784	0.7011	77.7194	0.7130	2.0e-04	0.5387
2566	-109.0674	-109.0674	-77.3353	0.7091	76.8615	0.7051	2.0e-04	0.5384
2567	-109.0873	-109.0873	-76.8249	0.7043	77.3843	0.7099	2.0e-04	0.5373
2568	-109.0813	-109.0813	-76.3962	0.7004	77.8032	0.7137	2.0e-04	0.5391
2569	-109.0684	-109.0684	-75.9719	0.6966	78.2040	0.7175	2.0e-04	0.5376
2570	-109.0881	-109.0881	-76.8227	0.7042	77.3901	0.7100	2.0e-04	0.5402
2571	-109.0771	-109.0771	-76.6059	0.7023	77.5839	0.7119	2.0e-04	0.5384
2572	-109.0863	-109.0863	-77.1474	0.7072	77.0586	0.7069	2.0e-04	0.5382
2573	-109.0893	-109.0893	-76.0731	0.6973	78.1321	0.7167	2.0e-04	0.5375
2574	-109.0887	-109.0887	-76.2984	0.6994	77.9106	0.7147	2.0e-04	0.5377
2575	-109.0693	-109.0693	-76.2436	0.6990	77.9352	0.7150	2.0e-04	0.5370
2576	-109.0874	-109.0874	-76.6083	0.7023	77.5936	0.7118	2.0e-04	0.5386
2577	-109.0904	-109.0904	-77.0239	0.7061	77.1951	0.7081	2.0e-04	0.5381
2578	-109.0653	-109.0653	-76.8361	0.7045	77.3504	0.7097	2.0e-04	0.5382
2579	-109.0661	-109.0661	-77.4079	0.7097	76.7689	0.7044	2.0e-04	0.5369
2580	-109.0723	-109.0724	-75.7206	0.6942	78.4541	0.7197	2.0e-04	0.5377
2581	-109.0951	-109.0952	-75.4794	0.6919	78.7056	0.7220	2.0e-04	0.5382
2582	-109.0911	-109.0911	-77.1639	0.7073	77.0496	0.7068	2.0e-04	0.5380
2583	-109.1100	-109.1101	-75.7030	0.6938	78.5119	0.7201	2.0e-04	0.5391
2584	-109.0928	-109.0928	-76.7620	0.7036	77.4543	0.7105	2.0e-04	0.5368
2585	-109.0632	-109.0632	-76.5979	0.7023	77.5608	0.7116	2.0e-04	0.5387
2586	-109.0901	-109.0901	-76.2455	0.6989	77.9396	0.7150	2.0e-04	0.5367
2587	-109.0968	-109.0968	-76.4343	0.7006	77.7908	0.7135	2.0e-04	0.5365
2588	-109.0769	-109.0769	-75.7000	0.6940	78.4591	0.7197	2.0e-04	0.5376
2589	-109.0768	-109.0768	-77.0736	0.7066	77.1325	0.7076	2.0e-04	0.5391
2590	-109.0997	-109.0997	-76.6592	0.7027	77.5524	0.7114	2.0e-04	0.5370
2591	-109.0813	-109.0813	-76.3351	0.6998	77.8635	0.7142	2.0e-04	0.5372
2592	-109.0994	-109.0994	-77.2524	0.7081	76.9836	0.7061	2.0e-04	0.5363
2593	-109.0986	-109.0986	-77.3894	0.7094	76.8368	0.7048	2.0e-04	0.5451
2594	-109.0744	-109.0744	-76.9333	0.7053	77.2593	0.7088	2.0e-04	0.5390
2595	-109.0700	-109.0700	-77.0479	0.7064	77.1533	0.7078	2.0e-04	0.5386
2596	-109.0855	-109.0855	-77.6970	0.7123	76.5145	0.7018	2.0e-04	0.5392
2597	-109.0789	-109.0789	-76.6933	0.7031	77.4893	0.7109	2.0e-04	0.5381
2598	-109.0851	-109.0851	-76.1445	0.6980	78.0626	0.7161	2.0e-04	0.5375
2599	-109.0737	-109.0737	-77.1459	0.7073	77.0427	0.7069	2.0e-04	0.5391
2600	-109.0901	-109.0901	-77.2197	0.7079	77.0025	0.7064	2.0e-04	0.5385
2601	-109.0896	-109.0896	-77.6357	0.7117	76.5565	0.7023	2.0e-04	0.5366
2602	-109.0804	-109.0804	-76.7830	0.7039	77.4339	0.7103	2.0e-04	0.5391
2603	-109.0812	-109.0812	-77.3517	0.7091	76.8504	0.7051	2.0e-04	0.5374
2604	-109.0904	-109.0904	-77.5666	0.7110	76.6655	0.7032	2.0e-04	0.5384
2605	-109.0742	-109.0742	-78.0870	0.7159	76.0973	0.6982	2.0e-04	0.5363
2606	-109.1050	-109.1050	-77.7134	0.7123	76.5143	0.7018	2.0e-04	0.5385
2607	-109.0791	-109.0791	-77.8211	0.7134	76.3781	0.7007	2.0e-04	0.5371
2608	-109.0784	-109.0784	-77.6140	0.7115	76.5790	0.7026	2.0e-04	0.5378
2609	-109.0825	-109.0825	-78.2311	0.7172	75.9780	0.6969	2.0e-04	0.5379
2610	-109.1075	-109.1075	-77.7471	0.7126	76.4709	0.7014	2.0e-04	0.5382
2611	-109.0842	-109.0842	-78.1492	0.7164	76.0391	0.6975	2.0e-04	0.5370
2612	-109.0896	-109.0896	-78.0030	0.7150	76.2109	0.6991	2.0e-04	0.5393
2613	-109.0678	-109.0678	-78.0477	0.7156	76.1282	0.6985	2.0e-04	0.5394
2614	-109.0655	-109.0655	-78.9950	0.7243	75.1519	0.6895	2.0e-04	0.5384
2615	-109.0731	-109.0731	-77.4403	0.7100	76.7543	0.7042	2.0e-04	0.5380
2616	-109.0754	-109.0754	-77.6913	0.7123	76.5027	0.7018	2.0e-04	0.5389
2617	-109.0759	-109.0759	-76.8441	0.7045	77.3633	0.7097	2.0e-04	0.5374
2618	-109.1029	-109.1029	-78.0839	0.7157	76.1339	0.6983	2.0e-04	0.5382
2619	-109.0786	-109.0786	-77.2791	0.7085	76.9252	0.7057	2.0e-04	0.5384
2620	-109.0925	-109.0925	-78.1808	0.7166	76.0048	0.6973	2.0e-04	0.5375
2621	-109.0788	-109.0788	-77.8732	0.7139	76.3221	0.7001	2.0e-04	0.5379
2622	-109.0845	-109.0845	-78.1392	0.7163	76.0397	0.6977	2.0e-04	0.5363
2623	-109.0830	-109.0830	-77.3564	0.7092	76.8593	0.7050	2.0e-04	0.5378
2624	-109.0932	-109.0932	-77.9665	0.7147	76.2516	0.6994	2.0e-04	0.5379
2625	-109.0899	-109.0899	-78.2465	0.7173	75.9264	0.6965	2.0e-04	0.5379
2626	-109.0784	-109.0784	-78.3139	0.7180	75.8754	0.6961	2.0e-04	0.5387
2627	-109.0742	-109.0742	-78.2125	0.7171	75.9685	0.6970	2.0e-04	0.5383
2628	-109.0839	-109.0839	-76.9039	0.7050	77.3122	0.7092	2.0e-04	0.5372
2629	-109.0927	-109.0927	-77.4798	0.7102	76.7269	0.7038	2.0e-04	0.5377
2630	-109.0903	-109.0903	-77.8320	0.7135	76.3847	0.7007	2.0e-04	0.5382
2631	-109.0777	-109.0777	-77.6861	0.7122	76.5034	0.7019	2.0e-04	0.5379
2632	-109.0843	-109.0843	-77.0698	0.7065	77.1323	0.7077	2.0e-04	0.5386
2633	-109.0832	-109.0832	-78.1169	0.7161	76.0912	0.6980	2.0e-04	0.5380
2634	-109.0838	-109.0838	-77.9343	0.7144	76.2505	0.6997	2.0e-04	0.5376
2635	-109.0798	-109.0798	-78.6543	0.7211	75.5186	0.6929	2.0e-04	0.5389
2636	-109.0751	-109.0751	-77.3213	0.7089	76.8661	0.7053	2.0e-04	0.5389
2637	-109.0875	-109.0875	-76.4982	0.7013	77.7069	0.7129	2.0e-04	0.5393
2638	-109.0865	-109.0865	-77.8670	0.7138	76.3369	0.7003	2.0e-04	0.5376
2639	-109.0806	-109.0806	-76.8242	0.7043	77.3794	0.7099	2.0e-04	0.5376
2640	-109.0838	-109.0838	-77.3686	0.7093	76.8449	0.7049	2.0e-04	0.5381
2641	-109.0843	-109.0843	-76.6599	0.7028	77.5541	0.7114	2.0e-04	0.5370
2642	-109.0630	-109.0630	-77.9145	0.7144	76.2545	0.6995	2.0e-04	0.5399
2643	-109.0775	-109.0775	-76.7001	0.7032	77.4930	0.7110	2.0e-04	0.5372
2644	-109.0871	-109.0871	-76.3790	0.7002	77.8286	0.7140	2.0e-04	0.5374
2645	-109.0758	-109.0758	-76.7329	0.7035	77.4562	0.7106	2.0e-04	0.5369
2646	-109.0940	-109.0940	-76.5378	0.7016	77.6705	0.7125	2.0e-04	0.5379
2647	-109.0797	-109.0797	-77.9406	0.7145	76.2627	0.6996	2.0e-04	0.5376
2648	-109.0759	-109.0759	-76.8020	0.7041	77.4020	0.7101	2.0e-04	0.5377
2649	-109.0899	-109.0899	-76.8021	0.7040	77.3645	0.7097	2.0e-04	0.5386
2650	-109.0812	-109.0812	-77.0274	0.7061	77.1426	0.7078	2.0e-04	0.5364
2651	-109.0925	-109.0925	-76.3966	0.7003	77.8179	0.7139	2.0e-04	0.5387
2652	-109.1042	-109.1043	-75.3475	0.6906	78.8492	0.7232	2.0e-04	0.5363
2653	-109.0862	-109.0862	-76.5210	0.7015	77.6958	0.7127	2.0e-04	0.5376
2654	-109.0956	-109.0956	-77.0706	0.7064	77.1271	0.7076	2.0e-04	0.5373
2655	-109.0820	-109.0820	-77.0053	0.7059	77.2074	0.7083	2.0e-04	0.5405
2656	-109.0711	-109.0711	-77.0393	0.7063	77.1511	0.7079	2.0e-04	0.5371
2657	-109.0726	-109.0726	-76.6383	0.7026	77.5585	0.7115	2.0e-04	0.5374
2658	-109.0978	-109.0979	-75.7836	0.6946	78.4187	0.7194	2.0e-04	0.5384
2659	-109.0741	-109.0741	-76.8722	0.7048	77.3249	0.7093	2.0e-04	0.5374
2660	-109.0859	-109.0859	-76.9872	0.7057	77.2174	0.7084	2.0e-04	0.5373
2661	-109.0785	-109.0785	-76.7390	0.7035	77.4690	0.7107	2.0e-04	0.5392
2662	-109.1047	-109.1047	-76.8215	0.7041	77.4068	0.7101	2.0e-04	0.5371
2663	-109.0771	-109.0771	-77.7564	0.7129	76.4324	0.7013	2.0e-04	0.5388
2664	-109.0807	-109.0807	-76.6451	0.7026	77.5382	0.7113	2.0e-04	0.5386
2665	-109.0843	-109.0843	-75.5827	0.6929	78.5955	0.7210	2.0e-04	0.5386
2666	-109.0884	-109.0884	-76.4979	0.7012	77.7001	0.7128	2.0e-04	0.5379
2667	-109.0808	-109.0808	-76.7082	0.7032	77.4907	0.7109	2.0e-04	0.5383
2668	-109.1085	-109.1085	-76.1475	0.6979	78.0759	0.7161	2.0e-04	0.5379
2669	-109.0900	-109.0900	-76.3191	0.6996	77.8990	0.7145	2.0e-04	0.5384
2670	-109.0776	-109.0776	-77.2765	0.7085	76.8898	0.7055	2.0e-04	0.5373
2671	-109.0811	-109.0811	-77.0916	0.7067	77.0788	0.7071	2.0e-04	0.5356
2672	-109.0649	-109.0650	-75.6468	0.6936	78.5106	0.7203	2.0e-04	0.5386
2673	-109.0856	-109.0856	-76.4515	0.7008	77.7282	0.7130	2.0e-04	0.5387
2674	-109.0684	-109.0684	-76.9735	0.7057	77.2141	0.7084	2.0e-04	0.5377
2675	-109.0795	-109.0795	-76.4661	0.7010	77.7360	0.7131	2.0e-04	0.5373
2676	-109.0767	-109.0767	-77.5722	0.7112	76.6332	0.7030	2.0e-04	0.5366
2677	-109.0614	-109.0614	-76.9423	0.7055	77.2384	0.7087	2.0e-04	0.5384
2678	-109.0870	-109.0870	-77.2729	0.7084	76.9418	0.7058	2.0e-04	0.5378
2679	-109.0844	-109.0844	-76.8137	0.7042	77.3744	0.7099	2.0e-04	0.5395
2680	-109.0871	-109.0871	-77.3403	0.7090	76.8509	0.7050	2.0e-04	0.5368
2681	-109.0763	-109.0763	-76.5787	0.7021	77.5947	0.7119	2.0e-04	0.5373
2682	-109.0849	-109.0849	-76.6039	0.7022	77.5802	0.7117	2.0e-04	0.5381
2683	-109.0851	-109.0851	-76.9093	0.7050	77.2925	0.7091	2.0e-04	0.5371
2684	-109.0730	-109.0730	-76.5923	0.7022	77.5883	0.7119	2.0e-04	0.5394
2685	-109.0914	-109.0914	-76.1421	0.6980	78.0243	0.7157	2.0e-04	0.5380
2686	-109.0715	-109.0715	-76.6852	0.7031	77.4998	0.7111	2.0e-04	0.5375
2687	-109.0716	-109.0716	-76.4615	0.7010	77.7344	0.7131	2.0e-04	0.5365
2688	-109.0760	-109.0760	-76.7220	0.7034	77.4842	0.7108	2.0e-04	0.5378
2689	-109.0976	-109.0976	-76.7115	0.7031	77.5124	0.7110	2.0e-04	0.5372
2690	-109.0803	-109.0803	-75.8045	0.6949	78.3904	0.7191	2.0e-04	0.5379
2691	-109.0936	-109.0936	-75.7806	0.6946	78.3635	0.7189	2.0e-04	0.5386
2692	-109.0947	-109.0947	-76.4661	0.7009	77.7528	0.7132	1.9e-04	0.5373
2693	-109.0964	-109.0964	-76.3134	0.6995	77.8876	0.7146	1.9e-04	0.5381
2694	-109.0662	-109.0662	-77.7351	0.7127	76.4628	0.7014	1.9e-04	0.5378
2695	-109.0827	-109.0827	-76.2768	0.6993	77.9102	0.7148	1.9e-04	0.5396
2696	-109.0865	-109.0866	-75.5227	0.6923	78.6511	0.7215	1.9e-04	0.5378
2697	-109.0845	-109.0845	-76.4395	0.7007	77.7577	0.7134	1.9e-04	0.5373
2698	-109.1063	-109.1063	-76.1058	0.6975	78.1238	0.7165	1.9e-04	0.5381
2699	-109.0815	-109.0815	-76.8005	0.7041	77.3997	0.7101	1.9e-04	0.5370
2700	-109.0828	-109.0828	-75.6122	0.6932	78.5657	0.7207	1.9e-04	0.5390
2701	-109.0875	-109.0875	-76.5464	0.7017	77.6699	0.7125	1.9e-04	0.5364
2702	-109.0807	-109.0807	-75.9856	0.6966	78.2098	0.7174	1.9e-04	0.5387
2703	-109.0951	-109.0951	-76.5027	0.7012	77.7044	0.7128	1.9e-04	0.5387
2704	-109.0767	-109.0767	-77.3800	0.7094	76.8092	0.7047	1.9e-04	0.5372
2705	-109.0941	-109.0941	-76.1504	0.6980	78.0586	0.7161	1.9e-04	0.5373
2706	-109.0649	-109.0649	-77.0497	0.7065	77.1458	0.7077	1.9e-04	0.5372
2707	-109.0783	-109.0783	-76.5269	0.7016	77.6258	0.7121	1.9e-04	0.5384
2708	-109.1050	-109.1050	-76.8147	0.7040	77.4148	0.7101	1.9e-04	0.5378
2709	-109.0677	-109.0677	-76.2902	0.6995	77.8825	0.7147	1.9e-04	0.5377
2710	-109.0687	-109.0687	-75.9152	0.6960	78.2484	0.7180	1.9e-04	0.5375
2711	-109.0857	-109.0857	-75.8676	0.6955	78.3257	0.7185	1.9e-04	0.5374
2712	-109.0825	-109.0825	-77.0749	0.7066	77.1400	0.7076	1.9e-04	0.5381
2713	-109.0867	-109.0867	-75.8842	0.6956	78.2730	0.7181	1.9e-04	0.5372
2714	-109.0661	-109.0661	-77.0880	0.7068	77.0896	0.7073	1.9e-04	0.5387
2715	-109.0743	-109.0743	-76.4578	0.7010	77.7368	0.7132	1.9e-04	0.5388
2716	-109.0808	-109.0808	-76.2377	0.6989	77.9593	0.7152	1.9e-04	0.5388
2717	-109.0773	-109.0773	-76.1414	0.6980	78.0481	0.7160	1.9e-04	0.5374
2718	-109.0880	-109.0880	-76.5479	0.7017	77.6445	0.7123	1.9e-04	0.5389
2719	-109.0907	-109.0907	-76.3548	0.6999	77.8312	0.7140	1.9e-04	0.5381
2720	-109.0944	-109.0944	-76.7078	0.7031	77.5136	0.7110	1.9e-04	0.5381
2721	-109.0988	-109.0988	-76.6233	0.7023	77.5945	0.7118	1.9e-04	0.5385
2722	-109.0835	-109.0835	-75.9863	0.6966	78.2109	0.7175	1.9e-04	0.5366
2723	-109.0845	-109.0845	-76.3440	0.6999	77.8409	0.7141	1.9e-04	0.5391
2724	-109.0936	-109.0936	-77.2663	0.7083	76.9571	0.7059	1.9e-04	0.5367
2725	-109.0751	-109.0751	-76.7080	0.7033	77.4924	0.7109	1.9e-04	0.5380
2726	-109.0802	-109.0802	-77.2821	0.7085	76.9137	0.7057	1.9e-04	0.5379
2727	-109.0699	-109.0699	-76.4727	0.7011	77.7137	0.7130	1.9e-04	0.5389
2728	-109.0793	-109.0793	-76.4511	0.7009	77.7489	0.7133	1.9e-04	0.5370
2729	-109.0967	-109.0967	-76.5489	0.7017	77.6717	0.7124	1.9e-04	0.5377
2730	-109.0714	-109.0714	-76.5264	0.7016	77.6601	0.7125	1.9e-04	0.5382
2731	-109.0956	-109.0956	-76.6664	0.7027	77.5530	0.7114	1.9e-04	0.5366
2732	-109.0791	-109.0791	-76.9649	0.7056	77.2432	0.7086	1.9e-04	0.5393
2733	-109.0819	-109.0819	-76.0219	0.6969	78.1651	0.7171	1.9e-04	0.5379
2734	-109.0867	-109.0867	-76.2996	0.6994	77.8917	0.7147	1.9e-04	0.5379
2735	-109.0869	-109.0869	-75.9406	0.6961	78.2469	0.7178	1.9e-04	0.5367
2736	-109.0842	-109.0842	-76.1867	0.6984	78.0208	0.7157	1.9e-04	0.5362
2737	-109.0786	-109.0786	-76.7604	0.7037	77.4476	0.7105	1.9e-04	0.5375
2738	-109.0716	-109.0716	-75.9655	0.6965	78.2006	0.7175	1.9e-04	0.5384
2739	-109.0804	-109.0804	-76.1502	0.6981	78.0296	0.7158	1.9e-04	0.5386
2740	-109.0848	-109.0849	-75.6551	0.6935	78.5367	0.7204	1.9e-04	0.5363
2741	-109.0680	-109.0681	-75.2782	0.6902	78.8646	0.7236	1.9e-04	0.5370
2742	-109.0916	-109.0917	-75.8445	0.6952	78.3575	0.7187	1.9e-04	0.5363
2743	-109.0978	-109.0979	-75.5388	0.6924	78.6589	0.7215	1.9e-04	0.5397
2744	-109.0899	-109.0900	-76.0045	0.6967	78.2126	0.7173	1.9e-04	0.5377
2745	-109.0955	-109.0955	-75.7474	0.6943	78.4456	0.7196	1.9e-04	0.5382
2746	-109.0793	-109.0793	-76.6179	0.7024	77.5724	0.7117	1.9e-04	0.5383
2747	-109.0763	-109.0763	-75.7341	0.6943	78.4407	0.7196	1.9e-04	0.5373
2748	-109.0979	-109.0979	-76.7158	0.7032	77.5117	0.7110	1.9e-04	0.5386
2749	-109.0838	-109.0838	-76.5909	0.7021	77.6125	0.7120	1.9e-04	0.5370
2750	-109.1002	-109.1002	-76.6732	0.7028	77.5485	0.7114	1.9e-04	0.5377
2751	-109.0852	-109.0852	-76.0285	0.6970	78.1658	0.7171	1.9e-04	0.5389
2752	-109.1018	-109.1018	-76.1399	0.6979	78.0867	0.7161	1.9e-04	0.5366
2753	-109.1002	-109.1002	-76.3009	0.6994	77.9232	0.7148	1.9e-04	0.5378
2754	-109.0803	-109.0803	-76.7418	0.7035	77.4699	0.7106	1.9e-04	0.5365
2755	-109.0702	-109.0702	-76.0119	0.6969	78.1554	0.7170	1.9e-04	0.5370
2756	-109.1038	-109.1038	-76.0369	0.6969	78.1784	0.7171	1.9e-04	0.5377
2757	-109.0771	-109.0771	-76.2900	0.6994	77.9036	0.7147	1.9e-04	0.5375
2758	-109.1084	-109.1084	-76.2003	0.6984	78.0246	0.7157	1.9e-04	0.5376
2759	-109.0893	-109.0893	-76.8058	0.7041	77.3989	0.7101	1.9e-04	0.5364
2760	-109.0820	-109.0820	-77.2345	0.7080	76.9696	0.7062	1.9e-04	0.5373
2761	-109.0837	-109.0837	-77.5298	0.7107	76.6825	0.7034	1.9e-04	0.5377
2762	-109.0790	-109.0790	-78.0097	0.7152	76.1893	0.6990	1.9e-04	0.5375
2763	-109.0707	-109.0707	-77.4945	0.7105	76.7049	0.7037	1.9e-04	0.5382
2764	-109.0822	-109.0822	-77.5249	0.7107	76.6818	0.7035	1.9e-04	0.5369
2765	-109.0864	-109.0864	-77.1152	0.7069	77.0564	0.7069	1.9e-04	0.5378
2766	-109.0963	-109.0963	-77.0889	0.7066	77.1369	0.7076	1.9e-04	0.5364
2767	-109.0862	-109.0862	-76.8362	0.7044	77.3600	0.7097	1.9e-04	0.5374
2768	-109.0682	-109.0682	-78.5377	0.7201	75.6323	0.6939	1.9e-04	0.5377
2769	-109.0829	-109.0829	-77.2847	0.7085	76.9045	0.7056	1.9e-04	0.5375
2770	-109.0917	-109.0917	-77.4539	0.7100	76.7411	0.7039	1.9e-04	0.5388
2771	-109.0776	-109.0776	-77.3306	0.7090	76.8792	0.7053	1.9e-04	0.5371
2772	-109.0655	-109.0655	-77.4232	0.7099	76.7697	0.7043	1.9e-04	0.5386
2773	-109.0750	-109.0750	-76.8156	0.7042	77.3771	0.7099	1.9e-04	0.5364
2774	-109.0892	-109.0892	-77.2308	0.7080	76.9887	0.7062	1.9e-04	0.5380
2775	-109.1054	-109.1054	-77.4434	0.7098	76.7746	0.7042	1.9e-04	0.5393
2776	-109.0618	-109.0618	-77.1816	0.7077	77.0063	0.7065	1.9e-04	0.5376
2777	-109.0739	-109.0739	-76.8437	0.7045	77.3532	0.7096	1.9e-04	0.5376
2778	-109.0917	-109.0917	-77.0042	0.7059	77.2153	0.7083	1.9e-04	0.5438
2779	-109.0736	-109.0736	-76.7325	0.7035	77.4686	0.7107	1.9e-04	0.5393
2780	-109.0823	-109.0823	-77.3765	0.7093	76.8294	0.7048	1.9e-04	0.5389
2781	-109.1004	-109.1004	-76.9471	0.7053	77.2922	0.7089	1.9e-04	0.5376
2782	-109.0965	-109.0965	-77.1548	0.7072	77.0388	0.7067	1.9e-04	0.5384
2783	-109.0794	-109.0794	-76.4853	0.7012	77.7090	0.7129	1.9e-04	0.5377
2784	-109.0740	-109.0740	-76.6259	0.7025	77.5623	0.7116	1.9e-04	0.5376
2785	-109.0705	-109.0705	-77.0313	0.7063	77.1558	0.7079	1.9e-04	0.5378
2786	-109.0948	-109.0948	-77.0504	0.7063	77.1715	0.7079	1.9e-04	0.5372
2787	-109.0854	-109.0854	-76.7070	0.7032	77.5040	0.7110	1.9e-04	0.5393
2788	-109.0768	-109.0768	-76.1917	0.6985	77.9959	0.7156	1.9e-04	0.5364
2789	-109.0840	-109.0840	-76.5684	0.7019	77.6431	0.7123	1.9e-04	0.5391
2790	-109.0835	-109.0835	-76.6361	0.7025	77.5777	0.7116	1.9e-04	0.5358
2791	-109.0933	-109.0933	-76.3490	0.6999	77.8713	0.7143	1.9e-04	0.5385
2792	-109.0885	-109.0886	-75.3003	0.6903	78.8744	0.7235	1.9e-04	0.5373
2793	-109.0847	-109.0847	-76.8870	0.7048	77.3425	0.7094	1.9e-04	0.5389
2794	-109.0882	-109.0882	-76.1860	0.6984	78.0194	0.7157	1.9e-04	0.5377
2795	-109.0896	-109.0896	-76.0347	0.6970	78.1675	0.7171	1.9e-04	0.5381
2796	-109.0757	-109.0757	-75.7270	0.6943	78.4427	0.7196	1.9e-04	0.5372
2797	-109.0799	-109.0799	-76.0615	0.6973	78.1350	0.7168	1.9e-04	0.5380
2798	-109.0653	-109.0653	-76.9921	0.7059	77.1767	0.7081	1.9e-04	0.5379
2799	-109.0944	-109.0945	-74.8509	0.6861	79.2923	0.7274	1.9e-04	0.5376
2800	-109.0970	-109.0971	-75.4183	0.6913	78.7757	0.7225	1.9e-04	0.5374
2801	-109.0683	-109.0683	-76.3412	0.6999	77.8382	0.7142	1.9e-04	0.5359
2802	-109.0831	-109.0832	-75.8107	0.6950	78.3696	0.7190	1.9e-04	0.5380
2803	-109.0848	-109.0848	-76.6328	0.7025	77.5676	0.7116	1.9e-04	0.5369
2804	-109.0797	-109.0798	-75.7879	0.6948	78.3882	0.7191	1.9e-04	0.5388
2805	-109.0979	-109.0979	-75.8834	0.6956	78.3301	0.7185	1.9e-04	0.5374
2806	-109.0751	-109.0751	-76.2646	0.6992	77.9079	0.7148	1.9e-04	0.5368
2807	-109.0740	-109.0740	-76.5619	0.7019	77.6286	0.7121	1.9e-04	0.5372
2808	-109.0960	-109.0961	-75.2021	0.6893	78.9671	0.7244	1.9e-04	0.5364
2809	-109.0711	-109.0711	-75.8001	0.6950	78.3561	0.7188	1.9e-04	0.5386
2810	-109.0743	-109.0743	-75.8573	0.6955	78.3189	0.7185	1.9e-04	0.5378
2811	-109.1054	-109.1054	-75.5367	0.6923	78.6599	0.7215	1.9e-04	0.5373
2812	-109.1005	-109.1005	-75.5286	0.6923	78.6782	0.7216	1.9e-04	0.5381
2813	-109.0568	-109.0569	-75.4291	0.6916	78.7244	0.7222	1.9e-04	0.5391
2814	-109.1131	-109.1131	-76.2951	0.6992	77.9397	0.7148	1.9e-04	0.5374
2815	-109.0726	-109.0727	-74.9561	0.6872	79.1871	0.7264	1.9e-04	0.5371
2816	-109.0776	-109.0777	-75.9636	0.6964	78.2150	0.7176	1.9e-04	0.5374
2817	-109.1092	-109.1092	-77.2199	0.7077	77.0127	0.7064	1.9e-04	0.5395
2818	-109.0691	-109.0691	-77.0709	0.7066	77.1261	0.7076	1.9e-04	0.5368
2819	-109.0758	-109.0758	-75.7912	0.6948	78.3608	0.7189	1.9e-04	0.5371
2820	-109.0952	-109.0952	-75.9395	0.6961	78.2747	0.7180	1.9e-04	0.5369
2821	-109.0787	-109.0787	-76.1722	0.6983	78.0185	0.7156	1.9e-04	0.5378
2822	-109.0924	-109.0924	-76.0610	0.6972	78.1476	0.7168	1.9e-04	0.5394
2823	-109.0961	-109.0961	-76.7410	0.7034	77.4972	0.7108	1.9e-04	0.5377
2824	-109.1019	-109.1020	-75.6500	0.6934	78.5519	0.7206	1.9e-04	0.5373
2825	-109.0821	-109.0821	-76.1096	0.6977	78.0648	0.7161	1.9e-04	0.5370
2826	-109.0862	-109.0863	-75.5328	0.6924	78.6487	0.7214	1.9e-04	0.5390
2827	-109.1056	-109.1057	-76.0142	0.6967	78.1780	0.7171	1.9e-04	0.5370
2828	-109.0793	-109.0793	-76.3350	0.6998	77.8763	0.7143	1.9e-04	0.5383
2829	-109.0833	-109.0833	-75.9261	0.6960	78.2711	0.7180	1.9e-04	0.5388
2830	-109.0739	-109.0739	-77.2653	0.7084	76.9252	0.7057	1.9e-04	0.5381
2831	-109.0798	-109.0798	-76.8933	0.7049	77.3195	0.7093	1.9e-04	0.5372
2832	-109.0964	-109.0964	-76.8256	0.7042	77.4115	0.7100	1.9e-04	0.5370
2833	-109.0879	-109.0879	-77.2317	0.7080	76.9743	0.7061	1.9e-04	0.5389
2834	-109.0744	-109.0744	-76.9779	0.7057	77.2172	0.7084	1.9e-04	0.5387
2835	-109.0952	-109.0952	-76.3314	0.6997	77.8952	0.7144	1.9e-04	0.5383
2836	-109.0865	-109.0865	-76.5759	0.7020	77.6261	0.7122	1.9e-04	0.5373
2837	-109.1027	-109.1027	-77.0432	0.7062	77.1804	0.7081	1.9e-04	0.5383
2838	-109.0956	-109.0956	-75.6344	0.6933	78.5577	0.7206	1.9e-04	0.5383
2839	-109.0911	-109.0911	-76.0990	0.6976	78.1064	0.7165	1.9e-04	0.5374
2840	-109.0916	-109.0916	-76.7538	0.7036	77.4751	0.7106	1.9e-04	0.5389
2841	-109.0895	-109.0895	-77.7408	0.7126	76.4703	0.7014	1.9e-04	0.5382
2842	-109.0914	-109.0914	-76.7228	0.7033	77.5022	0.7108	1.9e-04	0.5376
2843	-109.0731	-109.0731	-76.6439	0.7027	77.5364	0.7113	1.9e-04	0.5369
2844	-109.0905	-109.0905	-76.7896	0.7039	77.4228	0.7102	1.9e-04	0.5368
2845	-109.0797	-109.0797	-77.1358	0.7072	77.0693	0.7071	1.9e-04	0.5389
2846	-109.0856	-109.0856	-76.8349	0.7044	77.3654	0.7098	1.9e-04	0.5378
2847	-109.0809	-109.0809	-76.3704	0.7001	77.8308	0.7140	1.9e-04	0.5376
2848	-109.0730	-109.0730	-77.5164	0.7107	76.6773	0.7035	1.9e-04	0.5375
2849	-109.0806	-109.0806	-76.1970	0.6985	78.0024	0.7155	1.9e-04	0.5372
2850	-109.0944	-109.0944	-77.1250	0.7070	77.1171	0.7073	1.9e-04	0.5375
2851	-109.0733	-109.0733	-77.0230	0.7062	77.1879	0.7081	1.9e-04	0.5371
2852	-109.0789	-109.0789	-76.5695	0.7020	77.6369	0.7122	1.9e-04	0.5379
2853	-109.0966	-109.0966	-77.1091	0.7068	77.1087	0.7074	1.9e-04	0.5390
2854	-109.0959	-109.0959	-77.1518	0.7072	77.0703	0.7070	1.9e-04	0.5384
2855	-109.0893	-109.0893	-77.2203	0.7079	76.9642	0.7060	1.9e-04	0.5383
2856	-109.0708	-109.0708	-76.6993	0.7032	77.4711	0.7107	1.9e-04	0.5387
2857	-109.0881	-109.0881	-76.5150	0.7014	77.6910	0.7128	1.9e-04	0.5378
2858	-109.0853	-109.0853	-77.3259	0.7089	76.8840	0.7054	1.9e-04	0.5373
2859	-109.0792	-109.0792	-76.1947	0.6985	77.9954	0.7156	1.9e-04	0.5391
2860	-109.0954	-109.0954	-76.9627	0.7055	77.2638	0.7087	1.9e-04	0.5368
2861	-109.0795	-109.0795	-76.1017	0.6977	78.0901	0.7164	1.9e-04	0.5390
2862	-109.0745	-109.0745	-76.0247	0.6970	78.1377	0.7168	1.9e-04	0.5396
2863	-109.0762	-109.0762	-76.6155	0.7024	77.5685	0.7117	1.9e-04	0.5387
2864	-109.0826	-109.0826	-76.4255	0.7006	77.7819	0.7135	1.9e-04	0.5383
2865	-109.0934	-109.0934	-75.8773	0.6955	78.3284	0.7185	1.9e-04	0.5405
2866	-109.0724	-109.0724	-76.8970	0.7050	77.3105	0.7092	1.9e-04	0.5375
2867	-109.0706	-109.0706	-76.5864	0.7022	77.5963	0.7119	1.9e-04	0.5393
2868	-109.0705	-109.0706	-75.4679	0.6919	78.6788	0.7218	1.9e-04	0.5379
2869	-109.0861	-109.0861	-76.3472	0.6999	77.8541	0.7142	1.9e-04	0.5396
2870	-109.0778	-109.0779	-75.3803	0.6911	78.7900	0.7228	1.9e-04	0.5385
2871	-109.0836	-109.0836	-76.1521	0.6981	78.0580	0.7160	1.9e-04	0.5391
2872	-109.0840	-109.0840	-75.8211	0.6951	78.3637	0.7189	1.9e-04	0.5371
2873	-109.0607	-109.0607	-76.2108	0.6988	77.9732	0.7153	1.9e-04	0.5389
2874	-109.0949	-109.0949	-75.9585	0.6963	78.2525	0.7177	1.9e-04	0.5371
2875	-109.0748	-109.0749	-75.6363	0.6934	78.5289	0.7205	1.9e-04	0.5396
2876	-109.0935	-109.0935	-76.0656	0.6973	78.1461	0.7168	1.9e-04	0.5388
2877	-109.1062	-109.1062	-76.0719	0.6972	78.1404	0.7167	1.9e-04	0.5399
2878	-109.0698	-109.0698	-76.3368	0.6999	77.8161	0.7139	1.9e-04	0.5361
2879	-109.0751	-109.0752	-75.4795	0.6920	78.6965	0.7219	1.9e-04	0.5392
2880	-109.0983	-109.0983	-75.8744	0.6955	78.3373	0.7185	1.9e-04	0.5370
2881	-109.0867	-109.0867	-76.1902	0.6984	78.0238	0.7157	1.9e-04	0.5375
2882	-109.0864	-109.0864	-76.6853	0.7030	77.5302	0.7112	1.9e-04	0.5393
2883	-109.0635	-109.0636	-75.4666	0.6920	78.6848	0.7219	1.9e-04	0.5385
2884	-109.0755	-109.0755	-75.8386	0.6953	78.3412	0.7187	1.9e-04	0.5387
2885	-109.0740	-109.0740	-75.9892	0.6967	78.1847	0.7173	1.9e-04	0.5374
2886	-109.0874	-109.0875	-75.1769	0.6891	78.9795	0.7245	1.9e-04	0.5375
2887	-109.0967	-109.0967	-76.0928	0.6975	78.1108	0.7165	1.9e-04	0.5368
2888	-109.0912	-109.0912	-75.9747	0.6964	78.2273	0.7175	1.9e-04	0.5386
2889	-109.0785	-109.0785	-76.5861	0.7021	77.6199	0.7121	1.9e-04	0.5398
2890	-109.0961	-109.0961	-75.7612	0.6944	78.4322	0.7194	1.9e-04	0.5366
2891	-109.0791	-109.0791	-76.3578	0.7000	77.8468	0.7141	1.9e-04	0.5372
2892	-109.0816	-109.0816	-76.0937	0.6976	78.1035	0.7165	1.9e-04	0.5391
2893	-109.0741	-109.0741	-76.5684	0.7020	77.6221	0.7122	1.9e-04	0.5375
2894	-109.0857	-109.0857	-76.3358	0.6998	77.8666	0.7143	1.9e-04	0.5373
2895	-109.0796	-109.0796	-75.8885	0.6957	78.3008	0.7183	1.9e-04	0.5393
2896	-109.0805	-109.0805	-76.0161	0.6969	78.1784	0.7172	1.9e-04	0.5369
2897	-109.0881	-109.0881	-76.7118	0.7032	77.5065	0.7110	1.9e-04	0.5376
2898	-109.0888	-109.0888	-76.7133	0.7032	77.5040	0.7110	1.9e-04	0.5382
2899	-109.0906	-109.0906	-76.6882	0.7030	77.5368	0.7112	1.9e-04	0.5366
2900	-109.0725	-109.0725	-76.5438	0.7018	77.6459	0.7124	1.9e-04	0.5389
2901	-109.0733	-109.0733	-76.4505	0.7009	77.7418	0.7132	1.9e-04	0.5367
2902	-109.0895	-109.0896	-75.8212	0.6950	78.3786	0.7190	1.9e-04	0.5382
2903	-109.0868	-109.0868	-75.6295	0.6933	78.5652	0.7206	1.9e-04	0.5373
2904	-109.0938	-109.0939	-75.7542	0.6944	78.4487	0.7196	1.9e-04	0.5378
2905	-109.0811	-109.0811	-76.7056	0.7032	77.4993	0.7109	1.9e-04	0.5383
2906	-109.0836	-109.0836	-76.7325	0.7034	77.4803	0.7107	1.9e-04	0.5375
2907	-109.0777	-109.0777	-77.2796	0.7085	76.9259	0.7057	1.9e-04	0.5389
2908	-109.0860	-109.0860	-76.0605	0.6973	78.1394	0.7168	1.9e-04	0.5371
2909	-109.0756	-109.0756	-77.2115	0.7079	76.9972	0.7063	1.9e-04	0.5383
2910	-109.0895	-109.0895	-76.1174	0.6978	78.0794	0.7163	1.9e-04	0.5371
2911	-109.0930	-109.0930	-76.9593	0.7054	77.2623	0.7087	1.9e-04	0.5386
2912	-109.0729	-109.0729	-76.6796	0.7030	77.5291	0.7112	1.9e-04	0.5377
2913	-109.0730	-109.0730	-76.5729	0.7020	77.6232	0.7121	1.9e-04	0.5376
2914	-109.0764	-109.0764	-76.9648	0.7056	77.2275	0.7085	1.9e-04	0.5368
2915	-109.0883	-109.0883	-76.8974	0.7049	77.3169	0.7093	1.9e-04	0.5360
2916	-109.0815	-109.0815	-77.2558	0.7082	76.9237	0.7057	1.9e-04	0.5368
2917	-109.0793	-109.0793	-76.9377	0.7053	77.2636	0.7088	1.9e-04	0.5386
2918	-109.0752	-109.0752	-76.7173	0.7033	77.4672	0.7107	1.9e-04	0.5373
2919	-109.0865	-109.0865	-76.0326	0.6970	78.1502	0.7169	1.9e-04	0.5388
2920	-109.0913	-109.0913	-76.3911	0.7002	77.8335	0.7139	1.9e-04	0.5368
2921	-109.0984	-109.0984	-76.5221	0.7014	77.7032	0.7127	1.9e-04	0.5400
2922	-109.0870	-109.0870	-77.2597	0.7082	76.9446	0.7059	1.9e-04	0.5373
2923	-109.1033	-109.1033	-75.7607	0.6944	78.4266	0.7193	1.9e-04	0.5376
2924	-109.0630	-109.0630	-76.9202	0.7053	77.2566	0.7088	1.9e-04	0.5380
2925	-109.0835	-109.0835	-76.4369	0.7007	77.7446	0.7132	1.9e-04	0.5387
2926	-109.0836	-109.0836	-76.9009	0.7050	77.3192	0.7092	1.9e-04	0.5383
2927	-109.0853	-109.0853	-76.7808	0.7039	77.4379	0.7103	1.9e-04	0.5375
2928	-109.1024	-109.1024	-76.0682	0.6972	78.1412	0.7167	1.9e-04	0.5372
2929	-109.0780	-109.0780	-76.7975	0.7041	77.4142	0.7101	1.9e-04	0.5384
2930	-109.0914	-109.0914	-76.7484	0.7035	77.4682	0.7106	1.9e-04	0.5380
2931	-109.0672	-109.0672	-76.8235	0.7044	77.3708	0.7098	1.9e-04	0.5376
2932	-109.0949	-109.0949	-76.6599	0.7027	77.5518	0.7114	1.9e-04	0.5375
2933	-109.1017	-109.1017	-76.4286	0.7005	77.7935	0.7136	1.9e-04	0.5375
2934	-109.0987	-109.0987	-76.3387	0.6997	77.8569	0.7142	1.9e-04	0.5385
2935	-109.0985	-109.0985	-76.0692	0.6973	78.1481	0.7168	1.9e-04	0.5372
2936	-109.0796	-109.0796	-76.4849	0.7012	77.7087	0.7128	1.9e-04	0.5378
2937	-109.0958	-109.0958	-76.5028	0.7012	77.7092	0.7128	1.9e-04	0.5401
2938	-109.0841	-109.0841	-77.1912	0.7076	77.0217	0.7065	1.9e-04	0.5381
2939	-109.0801	-109.0801	-76.1806	0.6984	78.0138	0.7157	1.9e-04	0.5375
2940	-109.0879	-109.0879	-75.8658	0.6955	78.3285	0.7185	1.9e-04	0.5369
2941	-109.1032	-109.1033	-75.6126	0.6930	78.5811	0.7208	1.9e-04	0.5372
2942	-109.0887	-109.0887	-77.5434	0.7108	76.6522	0.7032	1.9e-04	0.5395
2943	-109.0872	-109.0872	-76.6759	0.7029	77.5377	0.7113	1.9e-04	0.5389
2944	-109.0763	-109.0763	-77.0526	0.7064	77.1307	0.7077	1.9e-04	0.5373
2945	-109.0879	-109.0879	-77.2232	0.7079	76.9822	0.7063	1.9e-04	0.5377
2946	-109.0913	-109.0913	-76.8925	0.7048	77.3336	0.7094	1.9e-04	0.5370
2947	-109.0939	-109.0939	-77.3962	0.7094	76.8048	0.7046	1.9e-04	0.5383
2948	-109.0797	-109.0797	-77.5637	0.7111	76.6242	0.7030	1.9e-04	0.5378
2949	-109.0795	-109.0795	-76.5056	0.7014	77.6773	0.7126	1.9e-04	0.5401
2950	-109.0767	-109.0767	-77.1792	0.7076	77.0225	0.7066	1.9e-04	0.5360
2951	-109.0996	-109.0996	-76.5615	0.7018	77.6439	0.7123	1.9e-04	0.5376
2952	-109.0852	-109.0852	-77.5340	0.7108	76.6682	0.7034	1.9e-04	0.5365
2953	-109.0874	-109.0874	-76.5716	0.7019	77.6211	0.7121	1.9e-04	0.5375
2954	-109.0840	-109.0840	-76.4622	0.7009	77.7240	0.7131	1.9e-04	0.5389
2955	-109.0827	-109.0827	-76.1434	0.6980	78.0545	0.7160	1.9e-04	0.5385
2956	-109.0787	-109.0787	-76.3633	0.7001	77.8390	0.7141	1.9e-04	0.5365
2957	-109.0921	-109.0921	-76.4838	0.7011	77.7281	0.7129	1.9e-04	0.5371
2958	-109.0770	-109.0770	-76.6353	0.7026	77.5683	0.7116	1.9e-04	0.5366
2959	-109.1005	-109.1005	-76.6743	0.7028	77.5494	0.7113	1.9e-04	0.5367
2960	-109.0841	-109.0841	-77.4197	0.7097	76.7840	0.7044	1.9e-04	0.5373
2961	-109.0838	-109.0838	-77.4700	0.7102	76.7561	0.7040	1.9e-04	0.5374
2962	-109.0815	-109.0815	-76.4127	0.7005	77.7895	0.7136	1.9e-04	0.5381
2963	-109.0744	-109.0744	-75.5456	0.6926	78.6319	0.7213	1.9e-04	0.5452
2964	-109.0793	-109.0793	-76.2873	0.6994	77.9075	0.7147	1.9e-04	0.5370
2965	-109.0751	-109.0751	-75.9585	0.6964	78.2272	0.7176	1.9e-04	0.5387
2966	-109.0813	-109.0813	-76.8442	0.7045	77.3679	0.7097	1.9e-04	0.5380
2967	-109.0764	-109.0764	-76.4653	0.7010	77.7392	0.7131	1.9e-04	0.5375
2968	-109.0641	-109.0641	-76.4272	0.7008	77.7448	0.7134	1.9e-04	0.5392
2969	-109.0901	-109.0901	-76.0930	0.6975	78.1023	0.7165	1.9e-04	0.5370
2970	-109.0776	-109.0776	-76.6293	0.7025	77.5635	0.7116	1.9e-04	0.5376
2971	-109.0766	-109.0766	-76.7157	0.7033	77.4760	0.7108	1.9e-04	0.5369
2972	-109.0982	-109.0983	-75.2518	0.6898	78.9197	0.7240	1.9e-04	0.5382
2973	-109.0931	-109.0933	-75.0798	0.6882	79.0711	0.7253	1.9e-04	0.5388
2974	-109.0651	-109.0651	-75.7853	0.6949	78.3658	0.7189	1.9e-04	0.5380
2975	-109.0839	-109.0839	-75.8714	0.6955	78.3258	0.7184	1.9e-04	0.5372
2976	-109.0748	-109.0748	-75.6869	0.6939	78.4807	0.7199	1.9e-04	0.5378
2977	-109.0813	-109.0815	-74.9309	0.6869	79.2123	0.7267	1.9e-04	0.5369
2978	-109.0795	-109.0795	-75.9305	0.6961	78.2556	0.7179	1.9e-04	0.5377
2979	-109.0702	-109.0702	-75.9089	0.6960	78.2712	0.7180	1.9e-04	0.5384
2980	-109.0927	-109.0928	-75.3666	0.6908	78.8015	0.7229	1.9e-04	0.5371
2981	-109.0744	-109.0744	-76.7315	0.7035	77.4506	0.7106	1.9e-04	0.5377
2982	-109.0892	-109.0892	-75.7324	0.6942	78.4595	0.7197	1.9e-04	0.5369
2983	-109.0934	-109.0936	-74.9438	0.6870	79.2135	0.7267	1.9e-04	0.5377
2984	-109.0721	-109.0721	-76.4844	0.7012	77.7163	0.7129	1.9e-04	0.5381
2985	-109.0917	-109.0917	-75.9489	0.6962	78.2351	0.7176	1.9e-04	0.5394
2986	-109.0756	-109.0756	-76.2485	0.6990	77.9503	0.7151	1.9e-04	0.5365
2987	-109.0737	-109.0737	-75.3807	0.6911	78.7818	0.7227	1.9e-04	0.5388
2988	-109.0894	-109.0895	-75.3143	0.6904	78.8556	0.7234	1.9e-04	0.5373
2989	-109.0828	-109.0828	-76.4107	0.7005	77.7732	0.7135	1.9e-04	0.5372
2990	-109.0762	-109.0762	-76.3411	0.6999	77.8517	0.7142	1.9e-04	0.5380
2991	-109.0831	-109.0832	-75.3056	0.6904	78.8604	0.7235	1.9e-04	0.5374
2992	-109.0785	-109.0786	-75.9745	0.6965	78.1917	0.7174	1.9e-04	0.5364
2993	-109.0913	-109.0914	-74.9615	0.6871	79.1941	0.7265	1.9e-04	0.5380
2994	-109.0874	-109.0876	-74.7337	0.6851	79.4165	0.7284	1.9e-04	0.5361
2995	-109.0804	-109.0804	-75.7192	0.6942	78.4588	0.7198	1.9e-04	0.5383
2996	-109.0666	-109.0666	-76.6355	0.7026	77.5575	0.7115	1.9e-04	0.5390
2997	-109.0879	-109.0880	-75.2924	0.6902	78.8696	0.7235	1.9e-04	0.5388
2998	-109.0757	-109.0757	-75.7503	0.6945	78.4234	0.7194	1.9e-04	0.5377
2999	-109.0976	-109.0976	-75.5146	0.6922	78.6806	0.7217	1.9e-04	0.5383
3000	-109.0701	-109.0704	-74.4931	0.6830	79.6203	0.7304	1.9e-04	0.5383
3001	-109.0915	-109.0915	-76.7179	0.7032	77.5069	0.7109	1.9e-04	0.5371
3002	-109.0928	-109.0928	-75.8398	0.6952	78.3526	0.7188	1.9e-04	0.5375
3003	-109.0850	-109.0851	-75.9358	0.6961	78.2635	0.7179	1.9e-04	0.5406
3004	-109.0753	-109.0753	-76.4690	0.7011	77.7015	0.7128	1.9e-04	0.5362
3005	-109.0973	-109.0973	-76.6077	0.7022	77.5822	0.7116	1.9e-04	0.5368
3006	-109.0832	-109.0832	-76.1516	0.6981	78.0419	0.7160	1.9e-04	0.5378
3007	-109.0833	-109.0833	-76.3848	0.7002	77.8217	0.7138	1.9e-04	0.5371
3008	-109.0764	-109.0764	-76.3896	0.7003	77.8132	0.7137	1.9e-04	0.5398
3009	-109.0907	-109.0907	-75.9410	0.6961	78.2552	0.7179	1.9e-04	0.5381
3010	-109.0815	-109.0815	-76.9867	0.7058	77.1967	0.7082	1.9e-04	0.5381
3011	-109.0792	-109.0792	-75.9810	0.6966	78.2086	0.7175	1.9e-04	0.5377
3012	-109.0920	-109.0920	-77.9981	0.7150	76.2207	0.6991	1.9e-04	0.5387
3013	-109.0647	-109.0647	-75.8948	0.6959	78.2786	0.7181	1.9e-04	0.5375
3014	-109.0982	-109.0982	-76.7110	0.7031	77.5070	0.7110	1.9e-04	0.5384
3015	-109.0866	-109.0866	-77.2633	0.7083	76.9513	0.7059	1.9e-04	0.5381
3016	-109.0915	-109.0915	-76.1818	0.6983	78.0383	0.7158	1.9e-04	0.5386
3017	-109.0875	-109.0875	-76.4466	0.7008	77.7649	0.7134	1.9e-04	0.5376
3018	-109.0961	-109.0961	-76.6431	0.7025	77.5855	0.7116	1.9e-04	0.5376
3019	-109.0642	-109.0642	-76.4289	0.7008	77.7742	0.7134	1.9e-04	0.5373
3020	-109.0772	-109.0772	-76.2263	0.6988	77.9550	0.7151	1.9e-04	0.5389
3021	-109.0781	-109.0781	-76.3611	0.7001	77.8325	0.7140	1.9e-04	0.5383
3022	-109.0863	-109.0863	-76.6086	0.7023	77.6011	0.7117	1.9e-04	0.5385
3023	-109.0816	-109.0816	-76.9561	0.7055	77.2582	0.7087	1.9e-04	0.5374
3024	-109.0873	-109.0873	-77.8516	0.7137	76.3662	0.7005	1.9e-04	0.5385
3025	-109.0798	-109.0798	-77.6972	0.7123	76.5068	0.7019	1.9e-04	0.5378
3026	-109.0982	-109.0982	-77.5254	0.7106	76.6980	0.7036	1.9e-04	0.5375
3027	-109.0855	-109.0855	-76.4125	0.7005	77.7967	0.7136	1.9e-04	0.5386
3028	-109.0845	-109.0845	-77.8416	0.7136	76.3753	0.7005	1.9e-04	0.5371
3029	-109.0857	-109.0857	-78.3325	0.7181	75.8636	0.6959	1.9e-04	0.5376
3030	-109.0965	-109.0965	-76.8827	0.7047	77.3332	0.7093	1.9e-04	0.5387
3031	-109.0964	-109.0964	-77.8648	0.7137	76.3481	0.7004	1.9e-04	0.5371
3032	-109.0663	-109.0663	-77.6502	0.7120	76.5120	0.7020	1.9e-04	0.5376
3033	-109.0927	-109.0927	-76.6026	0.7022	77.5656	0.7115	1.9e-04	0.5394
3034	-109.0881	-109.0881	-77.5752	0.7111	76.6326	0.7030	1.9e-04	0.5391
3035	-109.0957	-109.0957	-77.7932	0.7131	76.4354	0.7011	1.9e-04	0.5385
3036	-109.0959	-109.0959	-78.9467	0.7236	75.2390	0.6902	1.9e-04	0.5376
3037	-109.0902	-109.0902	-78.4497	0.7191	75.7296	0.6947	1.9e-04	0.5362
3038	-109.0989	-109.0989	-78.2170	0.7169	75.9948	0.6971	1.9e-04	0.5375
3039	-109.0809	-109.0809	-77.6320	0.7117	76.5638	0.7024	1.9e-04	0.5376
3040	-109.0860	-109.0860	-78.2911	0.7177	75.9043	0.6963	1.9e-04	0.5381
3041	-109.0894	-109.0894	-77.7500	0.7127	76.4579	0.7014	1.9e-04	0.5371
3042	-109.0816	-109.0816	-77.3577	0.7092	76.8509	0.7050	1.9e-04	0.5380
3043	-109.0808	-109.0808	-77.9137	0.7143	76.2860	0.6999	1.9e-04	0.5371
3044	-109.0815	-109.0815	-77.2529	0.7082	76.9650	0.7060	1.9e-04	0.5377
3045	-109.0844	-109.0844	-78.6635	0.7211	75.5036	0.6927	1.9e-04	0.5374
3046	-109.0932	-109.0932	-77.1914	0.7076	77.0238	0.7066	1.9e-04	0.5395
3047	-109.0743	-109.0743	-78.2350	0.7173	75.9487	0.6968	1.9e-04	0.5385
3048	-109.0830	-109.0830	-78.6281	0.7208	75.5386	0.6931	1.9e-04	0.5376
3049	-109.0761	-109.0761	-77.6452	0.7118	76.5501	0.7023	1.9e-04	0.5372
3050	-109.0831	-109.0831	-77.5321	0.7108	76.6790	0.7034	1.9e-04	0.5373
3051	-109.0814	-109.0814	-77.4811	0.7103	76.7284	0.7038	1.9e-04	0.5382
3052	-109.0908	-109.0908	-78.5947	0.7205	75.5950	0.6935	1.9e-04	0.5378
3053	-109.0884	-109.0884	-77.6057	0.7114	76.6029	0.7027	1.9e-04	0.5395
3054	-109.1171	-109.1171	-78.4651	0.7191	75.7608	0.6949	1.9e-04	0.5371
3055	-109.1028	-109.1028	-77.1198	0.7069	77.1083	0.7073	1.9e-04	0.5384
3056	-109.0833	-109.0833	-78.2028	0.7169	75.9929	0.6971	1.9e-04	0.5364
3057	-109.0696	-109.0696	-78.6256	0.7209	75.5450	0.6931	1.9e-04	0.5381
3058	-109.0674	-109.0674	-77.9851	0.7150	76.1939	0.6991	1.9e-04	0.5385
3059	-109.1059	-109.1059	-77.7079	0.7122	76.5176	0.7019	1.9e-04	0.5388
3060	-109.0813	-109.0813	-77.5644	0.7111	76.6327	0.7030	1.9e-04	0.5375
3061	-109.0873	-109.0873	-76.8450	0.7044	77.3637	0.7098	1.9e-04	0.5383
3062	-109.0810	-109.0810	-78.4851	0.7195	75.7052	0.6945	1.9e-04	0.5374
3063	-109.0736	-109.0736	-77.3953	0.7096	76.8056	0.7046	1.9e-04	0.5364
3064	-109.0930	-109.0930	-77.9864	0.7149	76.2288	0.6993	1.9e-04	0.5394
3065	-109.0821	-109.0821	-77.7352	0.7126	76.4646	0.7014	1.9e-04	0.5382
3066	-109.0848	-109.0848	-77.7334	0.7126	76.4553	0.7014	1.9e-04	0.5384
3067	-109.0953	-109.0953	-76.6727	0.7028	77.5495	0.7113	1.9e-04	0.5373
3068	-109.0805	-109.0805	-77.9674	0.7148	76.2230	0.6993	1.9e-04	0.5381
3069	-109.0699	-109.0699	-76.9572	0.7056	77.2463	0.7086	1.9e-04	0.5380
3070	-109.0819	-109.0819	-77.2913	0.7086	76.9189	0.7056	1.9e-04	0.5381
3071	-109.0619	-109.0619	-76.1358	0.6981	78.0424	0.7159	1.9e-04	0.5380
3072	-109.1104	-109.1104	-76.7190	0.7031	77.5126	0.7110	1.9e-04	0.5378
3073	-109.0801	-109.0801	-77.4256	0.7098	76.7850	0.7044	1.9e-04	0.5386
3074	-109.0784	-109.0784	-77.7449	0.7127	76.4453	0.7013	1.9e-04	0.5378
3075	-109.0744	-109.0744	-77.2533	0.7083	76.9448	0.7059	1.9e-04	0.5377
3076	-109.0873	-109.0873	-76.3095	0.6995	77.8992	0.7146	1.9e-04	0.5366
3077	-109.0805	-109.0805	-76.0337	0.6970	78.1590	0.7170	1.9e-04	0.5386
3078	-109.0778	-109.0778	-77.1215	0.7070	77.0980	0.7072	1.9e-04	0.5381
3079	-109.0893	-109.0893	-76.8424	0.7044	77.3831	0.7098	1.9e-04	0.5394
3080	-109.0792	-109.0792	-77.0232	0.7061	77.1728	0.7080	1.9e-04	0.5380
3081	-109.0737	-109.0737	-76.7668	0.7038	77.4266	0.7104	1.9e-04	0.5405
3082	-109.0814	-109.0814	-76.7710	0.7038	77.4369	0.7104	1.9e-04	0.5384
3083	-109.0644	-109.0644	-76.6619	0.7029	77.5117	0.7112	1.9e-04	0.5397
3084	-109.0895	-109.0895	-76.5051	0.7013	77.6995	0.7128	1.9e-04	0.5374
3085	-109.0824	-109.0824	-77.0231	0.7061	77.1784	0.7081	1.9e-04	0.5375
3086	-109.0915	-109.0915	-76.4411	0.7007	77.7784	0.7134	1.9e-04	0.5376
3087	-109.0723	-109.0723	-77.2831	0.7085	76.9101	0.7056	1.9e-04	0.5397
3088	-109.0722	-109.0722	-76.0207	0.6970	78.1632	0.7171	1.9e-04	0.5370
3089	-109.0702	-109.0702	-77.3189	0.7089	76.8720	0.7053	1.9e-04	0.5385
3090	-109.0833	-109.0833	-77.0724	0.7065	77.1438	0.7076	1.9e-04	0.5379
3091	-109.0723	-109.0723	-76.6578	0.7028	77.4928	0.7111	1.9e-04	0.5387
3092	-109.0780	-109.0780	-76.8252	0.7043	77.3503	0.7096	1.9e-04	0.5380
3093	-109.1052	-109.1052	-77.4361	0.7097	76.7902	0.7044	1.9e-04	0.5379
3094	-109.0867	-109.0867	-76.4840	0.7011	77.7122	0.7130	1.9e-04	0.5395
3095	-109.0821	-109.0821	-76.9703	0.7056	77.2473	0.7086	1.9e-04	0.5390
3096	-109.1035	-109.1035	-76.0842	0.6974	78.1069	0.7164	1.9e-04	0.5396
3097	-109.0934	-109.0934	-76.2579	0.6990	77.9581	0.7150	1.9e-04	0.5380
3098	-109.0862	-109.0862	-76.5592	0.7018	77.6376	0.7122	1.9e-04	0.5400
3099	-109.0916	-109.0916	-76.1805	0.6983	78.0337	0.7158	1.9e-04	0.5389
3100	-109.0768	-109.0768	-77.4956	0.7105	76.7105	0.7037	1.9e-04	0.5394
3101	-109.0851	-109.0851	-76.8917	0.7049	77.3065	0.7092	1.9e-04	0.5354
3102	-109.0885	-109.0885	-76.5611	0.7018	77.6240	0.7121	1.9e-04	0.5381
3103	-109.0894	-109.0894	-77.2641	0.7083	76.9584	0.7059	1.9e-04	0.5393
3104	-109.0864	-109.0864	-76.6520	0.7027	77.5286	0.7113	1.9e-04	0.5385
3105	-109.0934	-109.0934	-76.6380	0.7025	77.5781	0.7117	1.9e-04	0.5403
3106	-109.0797	-109.0797	-76.4227	0.7006	77.7650	0.7135	1.9e-04	0.5397
3107	-109.0946	-109.0946	-77.2326	0.7079	76.9879	0.7063	1.9e-04	0.5385
3108	-109.0785	-109.0785	-76.8139	0.7042	77.3784	0.7098	1.8e-04	0.5395
3109	-109.0930	-109.0930	-76.5311	0.7015	77.6767	0.7126	1.8e-04	0.5384
3110	-109.0788	-109.0788	-76.6615	0.7028	77.5315	0.7113	1.8e-04	0.5387
3111	-109.0884	-109.0884	-77.1042	0.7068	77.1150	0.7074	1.8e-04	0.5385
3112	-109.0854	-109.0854	-76.3972	0.7003	77.8145	0.7138	1.8e-04	0.5391
3113	-109.0788	-109.0788	-76.8594	0.7046	77.3323	0.7095	1.8e-04	0.5374
3114	-109.0938	-109.0938	-76.4154	0.7005	77.8078	0.7137	1.8e-04	0.5381
3115	-109.0945	-109.0945	-76.9594	0.7054	77.2604	0.7087	1.8e-04	0.5395
3116	-109.0604	-109.0604	-77.5052	0.7107	76.6713	0.7035	1.8e-04	0.5385
3117	-109.0634	-109.0634	-76.6817	0.7031	77.5115	0.7111	1.8e-04	0.5395
3118	-109.0914	-109.0914	-76.1528	0.6981	78.0325	0.7159	1.8e-04	0.5387
3119	-109.1109	-109.1109	-76.4413	0.7006	77.8008	0.7136	1.8e-04	0.5388
3120	-109.0659	-109.0659	-76.6336	0.7026	77.5539	0.7115	1.8e-04	0.5394
3121	-109.0874	-109.0874	-76.3879	0.7002	77.8213	0.7139	1.8e-04	0.5378
3122	-109.0881	-109.0881	-77.0381	0.7062	77.1716	0.7078	1.8e-04	0.5389
3123	-109.1007	-109.1007	-76.1582	0.6981	78.0545	0.7160	1.8e-04	0.5383
3124	-109.0821	-109.0821	-77.5083	0.7106	76.6958	0.7036	1.8e-04	0.5388
3125	-109.0857	-109.0857	-76.3276	0.6997	77.8622	0.7143	1.8e-04	0.5372
3126	-109.0877	-109.0877	-76.3855	0.7002	77.8211	0.7139	1.8e-04	0.5402
3127	-109.0803	-109.0803	-77.1340	0.7071	77.0867	0.7071	1.8e-04	0.5388
3128	-109.0809	-109.0809	-77.0559	0.7064	77.1677	0.7078	1.8e-04	0.5392
3129	-109.0740	-109.0740	-76.5441	0.7018	77.6269	0.7121	1.8e-04	0.5387
3130	-109.0866	-109.0866	-76.9431	0.7053	77.2746	0.7089	1.8e-04	0.5392
3131	-109.0930	-109.0931	-76.0765	0.6974	78.1196	0.7167	1.8e-04	0.5374
3132	-109.0672	-109.0672	-76.4183	0.7007	77.7692	0.7135	1.8e-04	0.5385
3133	-109.0955	-109.0955	-76.8221	0.7042	77.4145	0.7100	1.8e-04	0.5382
3134	-109.0957	-109.0957	-76.5725	0.7019	77.6600	0.7123	1.8e-04	0.5400
3135	-109.0880	-109.0881	-75.6752	0.6937	78.5106	0.7203	1.8e-04	0.5394
3136	-109.0661	-109.0661	-76.5405	0.7018	77.6508	0.7124	1.8e-04	0.5398
3137	-109.0853	-109.0853	-76.3884	0.7003	77.8184	0.7139	1.8e-04	0.5372
3138	-109.0939	-109.0939	-75.8876	0.6956	78.3074	0.7184	1.8e-04	0.5391
3139	-109.0767	-109.0767	-76.8620	0.7047	77.3459	0.7095	1.8e-04	0.5385
3140	-109.0923	-109.0923	-76.1788	0.6983	78.0231	0.7157	1.8e-04	0.5386
3141	-109.0768	-109.0768	-76.4266	0.7007	77.7785	0.7135	1.8e-04	0.5386
3142	-109.0803	-109.0804	-75.4999	0.6921	78.6836	0.7217	1.8e-04	0.5386
3143	-109.1000	-109.1000	-76.4127	0.7004	77.8180	0.7138	1.8e-04	0.5393
3144	-109.0789	-109.0789	-76.0231	0.6970	78.1561	0.7170	1.8e-04	0.5382
3145	-109.0607	-109.0607	-75.8632	0.6956	78.3033	0.7184	1.8e-04	0.5389
3146	-109.0721	-109.0722	-75.0799	0.6884	79.0525	0.7252	1.8e-04	0.5402
3147	-109.0920	-109.0921	-75.8307	0.6951	78.3683	0.7189	1.8e-04	0.5393
3148	-109.0705	-109.0705	-77.1597	0.7074	77.0362	0.7068	1.8e-04	0.5380
3149	-109.0754	-109.0754	-76.8637	0.7047	77.3217	0.7094	1.8e-04	0.5361
3150	-109.0616	-109.0616	-76.7812	0.7040	77.4019	0.7102	1.8e-04	0.5380
3151	-109.0926	-109.0927	-76.0773	0.6974	78.1149	0.7166	1.8e-04	0.5372
3152	-109.0809	-109.0809	-76.7326	0.7034	77.4681	0.7107	1.8e-04	0.5386
3153	-109.0960	-109.0960	-76.8242	0.7042	77.3979	0.7100	1.8e-04	0.5378
3154	-109.1066	-109.1066	-75.6268	0.6931	78.5867	0.7208	1.8e-04	0.5383
3155	-109.0536	-109.0536	-77.2168	0.7081	76.9583	0.7061	1.8e-04	0.5375
3156	-109.0940	-109.0941	-75.7852	0.6947	78.4107	0.7192	1.8e-04	0.5390
3157	-109.0923	-109.0923	-75.9649	0.6963	78.2322	0.7177	1.8e-04	0.5383
3158	-109.0583	-109.0583	-76.3394	0.7000	77.8179	0.7141	1.8e-04	0.5383
3159	-109.0913	-109.0914	-75.5122	0.6922	78.6796	0.7217	1.8e-04	0.5393
3160	-109.0937	-109.0937	-76.1805	0.6983	78.0269	0.7157	1.8e-04	0.5382
3161	-109.0799	-109.0799	-76.8890	0.7049	77.3176	0.7093	1.8e-04	0.5384
3162	-109.0802	-109.0802	-76.1432	0.6980	78.0456	0.7160	1.8e-04	0.5382
3163	-109.0767	-109.0768	-75.8847	0.6957	78.2998	0.7183	1.8e-04	0.5386
3164	-109.0724	-109.0724	-76.0789	0.6975	78.1011	0.7165	1.8e-04	0.5382
3165	-109.0755	-109.0755	-76.5522	0.7018	77.6404	0.7123	1.8e-04	0.5400
3166	-109.0853	-109.0854	-75.7032	0.6940	78.4899	0.7200	1.8e-04	0.5383
3167	-109.0829	-109.0829	-76.1503	0.6981	78.0318	0.7158	1.8e-04	0.5383
3168	-109.0779	-109.0780	-75.5122	0.6923	78.6485	0.7216	1.8e-04	0.5379
3169	-109.0769	-109.0769	-75.6111	0.6932	78.5632	0.7207	1.8e-04	0.5396
3170	-109.0783	-109.0784	-75.4024	0.6913	78.7595	0.7226	1.8e-04	0.5385
3171	-109.0768	-109.0768	-76.5720	0.7020	77.6413	0.7122	1.8e-04	0.5399
3172	-109.0759	-109.0761	-74.9944	0.6875	79.1494	0.7261	1.8e-04	0.5385
3173	-109.0974	-109.0974	-75.9999	0.6966	78.2038	0.7174	1.8e-04	0.5386
3174	-109.0728	-109.0728	-76.7316	0.7035	77.4567	0.7106	1.8e-04	0.5386
3175	-109.0747	-109.0748	-75.2118	0.6895	78.9431	0.7242	1.8e-04	0.5390
3176	-109.0837	-109.0837	-75.8041	0.6949	78.3756	0.7190	1.8e-04	0.5381
3177	-109.0860	-109.0861	-75.9331	0.6961	78.2550	0.7179	1.8e-04	0.5380
3178	-109.0882	-109.0883	-75.6551	0.6935	78.5317	0.7204	1.8e-04	0.5376
3179	-109.0687	-109.0687	-76.0760	0.6975	78.0978	0.7166	1.8e-04	0.5374
3180	-109.0965	-109.0965	-75.8251	0.6950	78.3814	0.7190	1.8e-04	0.5384
3181	-109.0903	-109.0903	-75.7602	0.6945	78.4431	0.7195	1.8e-04	0.5374
3182	-109.0733	-109.0733	-76.4935	0.7013	77.6910	0.7128	1.8e-04	0.5362
3183	-109.0902	-109.0902	-76.1998	0.6985	78.0011	0.7156	1.8e-04	0.5367
3184	-109.0756	-109.0757	-75.5948	0.6930	78.5810	0.7209	1.8e-04	0.5380
3185	-109.0859	-109.0860	-75.4232	0.6914	78.7422	0.7224	1.8e-04	0.5379
3186	-109.0796	-109.0796	-76.4717	0.7011	77.7094	0.7128	1.8e-04	0.5377
3187	-109.0934	-109.0934	-76.6134	0.7023	77.6108	0.7119	1.8e-04	0.5372
3188	-109.0793	-109.0793	-76.5276	0.7016	77.6731	0.7125	1.8e-04	0.5364
3189	-109.1026	-109.1026	-76.6140	0.7022	77.6080	0.7119	1.8e-04	0.5367
3190	-109.0977	-109.0977	-76.3750	0.7001	77.8500	0.7140	1.8e-04	0.5378
3191	-109.0858	-109.0858	-75.7338	0.6943	78.4519	0.7197	1.8e-04	0.5371
3192	-109.0823	-109.0823	-76.6552	0.7027	77.5549	0.7114	1.8e-04	0.5377
3193	-109.0815	-109.0815	-76.1962	0.6985	77.9968	0.7156	1.8e-04	0.5362
3194	-109.0992	-109.0992	-76.3998	0.7003	77.8108	0.7138	1.8e-04	0.5370
3195	-109.0986	-109.0986	-75.9100	0.6958	78.2934	0.7182	1.8e-04	0.5384
3196	-109.0723	-109.0723	-77.2312	0.7081	76.9634	0.7061	1.8e-04	0.5371
3197	-109.0770	-109.0771	-75.4473	0.6917	78.7283	0.7222	1.8e-04	0.5390
3198	-109.0947	-109.0947	-76.7644	0.7036	77.4608	0.7105	1.8e-04	0.5369
3199	-109.0683	-109.0683	-76.5915	0.7022	77.6038	0.7119	1.8e-04	0.5386
3200	-109.0823	-109.0823	-77.2596	0.7083	76.9382	0.7058	1.8e-04	0.5370
3201	-109.0888	-109.0888	-76.1922	0.6984	78.0099	0.7156	1.8e-04	0.5359
3202	-109.0859	-109.0859	-75.6501	0.6935	78.5269	0.7204	1.8e-04	0.5383
3203	-109.0715	-109.0715	-75.7586	0.6946	78.4086	0.7194	1.8e-04	0.5389
3204	-109.0861	-109.0861	-76.9117	0.7051	77.2949	0.7091	1.8e-04	0.5363
3205	-109.0708	-109.0708	-76.5395	0.7017	77.6439	0.7124	1.8e-04	0.5372
3206	-109.0796	-109.0796	-76.1806	0.6984	78.0085	0.7156	1.8e-04	0.5375
3207	-109.0790	-109.0790	-75.9039	0.6959	78.2854	0.7182	1.8e-04	0.5371
3208	-109.0799	-109.0799	-76.4266	0.7006	77.7696	0.7135	1.8e-04	0.5389
3209	-109.0974	-109.0974	-75.7541	0.6944	78.4516	0.7196	1.8e-04	0.5388
3210	-109.1014	-109.1014	-76.0744	0.6973	78.1397	0.7168	1.8e-04	0.5397
3211	-109.0695	-109.0695	-76.8819	0.7049	77.3093	0.7093	1.8e-04	0.5377
3212	-109.0742	-109.0742	-76.9313	0.7053	77.2574	0.7089	1.8e-04	0.5376
3213	-109.0975	-109.0975	-76.8813	0.7047	77.3395	0.7095	1.8e-04	0.5383
3214	-109.0743	-109.0743	-76.7729	0.7039	77.4230	0.7103	1.8e-04	0.5382
3215	-109.0776	-109.0776	-76.7376	0.7035	77.4591	0.7106	1.8e-04	0.5394
3216	-109.0898	-109.0898	-77.2225	0.7079	76.9898	0.7063	1.8e-04	0.5359
3217	-109.0662	-109.0662	-76.3254	0.6998	77.8433	0.7143	1.8e-04	0.5358
3218	-109.0613	-109.0613	-77.7926	0.7133	76.3728	0.7008	1.8e-04	0.5375
3219	-109.0788	-109.0789	-74.9017	0.6867	79.2373	0.7269	1.8e-04	0.5386
3220	-109.0993	-109.0993	-77.1567	0.7072	77.0766	0.7070	1.8e-04	0.5381
3221	-109.0849	-109.0849	-76.4858	0.7012	77.7106	0.7129	1.8e-04	0.5376
3222	-109.0798	-109.0798	-76.1071	0.6977	78.0916	0.7163	1.8e-04	0.5365
3223	-109.1023	-109.1023	-76.2584	0.6990	77.9589	0.7152	1.8e-04	0.5387
3224	-109.0713	-109.0713	-76.7677	0.7038	77.4415	0.7104	1.8e-04	0.5370
3225	-109.0975	-109.0975	-76.1163	0.6977	78.0917	0.7164	1.8e-04	0.5367
3226	-109.0862	-109.0863	-75.6503	0.6935	78.5268	0.7204	1.8e-04	0.5372
3227	-109.0703	-109.0703	-76.8952	0.7050	77.2990	0.7091	1.8e-04	0.5386
3228	-109.0831	-109.0831	-76.8764	0.7048	77.3233	0.7094	1.8e-04	0.5361
3229	-109.0962	-109.0962	-76.4484	0.7007	77.7726	0.7134	1.8e-04	0.5385
3230	-109.1031	-109.1031	-76.8150	0.7041	77.4088	0.7100	1.8e-04	0.5363
3231	-109.1060	-109.1060	-76.7053	0.7030	77.5226	0.7111	1.8e-04	0.5365
3232	-109.0777	-109.0777	-77.7808	0.7131	76.4149	0.7011	1.8e-04	0.5387
3233	-109.0804	-109.0804	-76.2990	0.6995	77.8975	0.7146	1.8e-04	0.5376
3234	-109.0942	-109.0943	-75.7765	0.6946	78.4270	0.7194	1.8e-04	0.5383
3235	-109.0671	-109.0671	-76.7779	0.7040	77.4042	0.7101	1.8e-04	0.5363
3236	-109.0919	-109.0919	-75.6556	0.6935	78.5347	0.7204	1.8e-04	0.5369
3237	-109.0792	-109.0792	-77.7969	0.7132	76.3954	0.7009	1.8e-04	0.5365
3238	-109.0970	-109.0970	-77.5419	0.7108	76.6659	0.7033	1.8e-04	0.5361
3239	-109.0979	-109.0979	-76.1959	0.6984	77.9721	0.7152	1.8e-04	0.5382
3240	-109.1085	-109.1085	-75.8811	0.6955	78.3439	0.7185	1.8e-04	0.5360
3241	-109.0955	-109.0955	-76.1051	0.6976	78.0954	0.7165	1.8e-04	0.5373
3242	-109.0779	-109.0779	-76.3946	0.7004	77.7875	0.7137	1.8e-04	0.5369
3243	-109.0743	-109.0743	-76.5540	0.7019	77.6479	0.7123	1.8e-04	0.5368
3244	-109.0803	-109.0803	-76.5533	0.7018	77.6547	0.7124	1.8e-04	0.5373
3245	-109.1068	-109.1068	-75.8704	0.6954	78.3317	0.7185	1.8e-04	0.5378
3246	-109.0898	-109.0898	-76.4370	0.7007	77.7820	0.7135	1.8e-04	0.5371
3247	-109.0551	-109.0551	-76.9595	0.7057	77.1763	0.7082	1.8e-04	0.5369
3248	-109.0918	-109.0919	-75.8866	0.6956	78.3080	0.7184	1.8e-04	0.5370
3249	-109.0909	-109.0909	-76.8063	0.7041	77.4047	0.7100	1.8e-04	0.5375
3250	-109.0857	-109.0857	-76.4200	0.7006	77.7882	0.7136	1.8e-04	0.5373
3251	-109.0936	-109.0939	-74.6207	0.6840	79.5194	0.7295	1.8e-04	0.5391
3252	-109.0620	-109.0620	-76.7484	0.7037	77.4275	0.7105	1.8e-04	0.5365
3253	-109.0569	-109.0569	-77.1805	0.7077	76.9953	0.7064	1.8e-04	0.5376
3254	-109.0866	-109.0866	-76.6571	0.7027	77.5537	0.7114	1.8e-04	0.5373
3255	-109.0779	-109.0779	-75.9470	0.6963	78.2390	0.7177	1.8e-04	0.5381
3256	-109.0865	-109.0866	-75.6617	0.6936	78.5185	0.7203	1.8e-04	0.5383
3257	-109.0811	-109.0811	-76.1458	0.6981	78.0420	0.7160	1.8e-04	0.5381
3258	-109.0995	-109.0995	-76.3980	0.7003	77.8056	0.7138	1.8e-04	0.5373
3259	-109.0754	-109.0754	-76.2276	0.6989	77.9579	0.7152	1.8e-04	0.5372
3260	-109.0815	-109.0815	-76.1284	0.6979	78.0596	0.7162	1.8e-04	0.5364
3261	-109.0813	-109.0813	-76.8739	0.7047	77.3276	0.7094	1.8e-04	0.5383
3262	-109.0717	-109.0717	-76.5289	0.7016	77.6597	0.7125	1.8e-04	0.5382
3263	-109.0663	-109.0663	-75.7691	0.6947	78.4085	0.7193	1.8e-04	0.5369
3264	-109.0771	-109.0771	-76.6344	0.7026	77.5528	0.7116	1.8e-04	0.5382
3265	-109.1139	-109.1139	-75.7374	0.6941	78.4886	0.7198	1.8e-04	0.5376
3266	-109.0822	-109.0822	-76.3087	0.6996	77.8697	0.7143	1.8e-04	0.5386
3267	-109.0782	-109.0782	-76.0397	0.6971	78.1523	0.7170	1.8e-04	0.5374
3268	-109.0641	-109.0641	-76.5320	0.7017	77.6166	0.7122	1.8e-04	0.5390
3269	-109.0702	-109.0702	-76.6841	0.7031	77.5124	0.7111	1.8e-04	0.5376
3270	-109.0762	-109.0762	-76.4944	0.7013	77.7019	0.7129	1.8e-04	0.5375
3271	-109.0881	-109.0881	-76.3345	0.6998	77.8393	0.7140	1.8e-04	0.5371
3272	-109.0795	-109.0795	-77.2761	0.7084	76.9089	0.7054	1.8e-04	0.5390
3273	-109.0808	-109.0808	-76.3175	0.6996	77.8735	0.7143	1.8e-04	0.5382
3274	-109.0666	-109.0666	-76.3259	0.6998	77.8605	0.7143	1.8e-04	0.5401
3275	-109.0749	-109.0749	-77.3480	0.7091	76.8475	0.7051	1.8e-04	0.5389
3276	-109.0657	-109.0657	-77.3017	0.7088	76.8960	0.7054	1.8e-04	0.5381
3277	-109.0807	-109.0807	-76.8145	0.7042	77.3791	0.7098	1.8e-04	0.5376
3278	-109.0693	-109.0693	-77.7129	0.7125	76.4829	0.7017	1.8e-04	0.5384
3279	-109.0994	-109.0994	-76.8179	0.7041	77.4061	0.7101	1.8e-04	0.5376
3280	-109.0774	-109.0774	-77.0123	0.7060	77.1964	0.7082	1.8e-04	0.5378
3281	-109.0956	-109.0956	-77.0756	0.7065	77.1220	0.7075	1.8e-04	0.5380
3282	-109.0902	-109.0902	-76.7784	0.7038	77.4485	0.7104	1.8e-04	0.5383
3283	-109.0726	-109.0726	-77.6246	0.7117	76.5745	0.7024	1.8e-04	0.5379
3284	-109.0880	-109.0880	-76.8233	0.7042	77.3919	0.7099	1.8e-04	0.5372
3285	-109.0829	-109.0829	-76.7851	0.7039	77.4295	0.7102	1.8e-04	0.5387
3286	-109.0833	-109.0833	-76.5276	0.7016	77.6871	0.7126	1.8e-04	0.5377
3287	-109.0737	-109.0737	-77.8678	0.7139	76.3261	0.7002	1.8e-04	0.5386
3288	-109.0828	-109.0828	-77.2888	0.7085	76.9132	0.7056	1.8e-04	0.5369
3289	-109.0789	-109.0789	-77.3479	0.7091	76.8543	0.7051	1.8e-04	0.5389
3290	-109.0978	-109.0978	-76.2925	0.6993	77.9323	0.7148	1.8e-04	0.5371
3291	-109.0853	-109.0853	-75.9325	0.6961	78.2657	0.7180	1.8e-04	0.5370
3292	-109.0993	-109.0993	-77.4275	0.7097	76.7933	0.7045	1.8e-04	0.5365
3293	-109.0826	-109.0826	-77.3395	0.7090	76.8480	0.7050	1.8e-04	0.5394
3294	-109.0756	-109.0756	-77.6371	0.7118	76.5581	0.7024	1.8e-04	0.5382
3295	-109.0719	-109.0719	-76.7572	0.7037	77.4427	0.7104	1.8e-04	0.5378
3296	-109.0634	-109.0634	-76.1413	0.6981	78.0360	0.7160	1.8e-04	0.5371
3297	-109.0828	-109.0828	-76.1851	0.6984	78.0125	0.7157	1.8e-04	0.5381
3298	-109.0760	-109.0760	-77.2207	0.7080	76.9829	0.7063	1.8e-04	0.5396
3299	-109.0624	-109.0624	-77.1728	0.7076	77.0141	0.7066	1.8e-04	0.5393
3300	-109.0822	-109.0822	-77.3207	0.7088	76.8932	0.7054	1.8e-04	0.5385
3301	-109.0794	-109.0794	-76.2469	0.6990	77.9428	0.7150	1.8e-04	0.5357
3302	-109.0989	-109.0989	-76.4198	0.7005	77.8018	0.7137	1.8e-04	0.5378
3303	-109.0911	-109.0911	-76.8799	0.7047	77.3457	0.7095	1.8e-04	0.5369
3304	-109.0891	-109.0891	-76.6367	0.7025	77.5766	0.7117	1.8e-04	0.5375
3305	-109.0686	-109.0686	-77.3159	0.7089	76.8752	0.7053	1.8e-04	0.5390
3306	-109.0792	-109.0792	-77.6679	0.7120	76.5283	0.7021	1.8e-04	0.5374
3307	-109.0879	-109.0879	-76.9275	0.7052	77.2895	0.7090	1.8e-04	0.5384
3308	-109.0988	-109.0988	-76.1690	0.6982	78.0452	0.7159	1.8e-04	0.5368
3309	-109.0621	-109.0621	-77.1274	0.7072	77.0460	0.7069	1.8e-04	0.5383
3310	-109.0794	-109.0794	-76.0551	0.6972	78.1396	0.7168	1.8e-04	0.5377
3311	-109.0699	-109.0699	-77.0216	0.7062	77.1633	0.7079	1.8e-04	0.5387
3312	-109.0716	-109.0716	-76.1804	0.6984	78.0157	0.7157	1.8e-04	0.5369
3313	-109.0709	-109.0709	-76.6278	0.7026	77.5488	0.7116	1.8e-04	0.5375
3314	-109.0631	-109.0631	-75.8475	0.6954	78.3341	0.7186	1.8e-04	0.5363
3315	-109.0721	-109.0721	-76.5040	0.7014	77.6791	0.7126	1.8e-04	0.5375
3316	-109.0748	-109.0748	-76.4745	0.7011	77.7249	0.7130	1.8e-04	0.5375
3317	-109.0861	-109.0861	-75.6635	0.6936	78.5250	0.7203	1.8e-04	0.5394
3318	-109.0916	-109.0916	-76.4230	0.7005	77.7851	0.7136	1.8e-04	0.5365
3319	-109.0870	-109.0870	-76.9127	0.7051	77.3005	0.7091	1.8e-04	0.5382
3320	-109.0841	-109.0841	-76.6519	0.7027	77.5398	0.7114	1.8e-04	0.5361
3321	-109.0710	-109.0710	-77.1749	0.7076	77.0122	0.7065	1.8e-04	0.5374
3322	-109.0767	-109.0768	-75.3895	0.6912	78.7790	0.7226	1.8e-04	0.5392
3323	-109.0757	-109.0757	-76.6416	0.7026	77.5638	0.7115	1.8e-04	0.5378
3324	-109.0774	-109.0774	-76.4035	0.7005	77.7938	0.7136	1.8e-04	0.5383
3325	-109.0855	-109.0855	-77.0950	0.7067	77.1324	0.7075	1.8e-04	0.5366
3326	-109.0868	-109.0868	-75.9484	0.6962	78.1847	0.7173	1.8e-04	0.5364
3327	-109.0899	-109.0899	-76.6451	0.7026	77.5759	0.7116	1.8e-04	0.5384
3328	-109.0933	-109.0933	-77.0158	0.7060	77.1890	0.7081	1.8e-04	0.5380
3329	-109.0822	-109.0822	-76.4853	0.7012	77.6250	0.7121	1.8e-04	0.5380
3330	-109.0731	-109.0731	-76.8906	0.7049	77.2969	0.7092	1.8e-04	0.5365
3331	-109.0782	-109.0782	-76.5108	0.7014	77.7009	0.7127	1.8e-04	0.5378
3332	-109.0841	-109.0841	-76.2561	0.6991	77.9437	0.7150	1.8e-04	0.5371
3333	-109.0911	-109.0911	-75.7017	0.6939	78.4960	0.7200	1.8e-04	0.5373
3334	-109.0760	-109.0760	-76.6581	0.7028	77.5416	0.7114	1.8e-04	0.5377
3335	-109.0908	-109.0908	-77.0144	0.7060	77.2136	0.7082	1.8e-04	0.5386
3336	-109.0976	-109.0976	-76.3196	0.6996	77.8795	0.7145	1.8e-04	0.5378
3337	-109.0738	-109.0738	-76.5070	0.7014	77.6937	0.7127	1.8e-04	0.5378
3338	-109.1065	-109.1065	-76.4885	0.7010	77.7437	0.7131	1.8e-04	0.5364
3339	-109.0844	-109.0844	-77.2923	0.7086	76.9182	0.7057	1.8e-04	0.5384
3340	-109.0800	-109.0800	-76.0883	0.6975	78.0994	0.7164	1.8e-04	0.5375
3341	-109.0724	-109.0724	-76.3859	0.7003	77.8093	0.7138	1.8e-04	0.5393
3342	-109.1115	-109.1115	-75.6923	0.6937	78.5091	0.7202	1.8e-04	0.5355
3343	-109.0819	-109.0819	-76.5803	0.7020	77.6226	0.7121	1.8e-04	0.5381
3344	-109.0935	-109.0935	-76.4938	0.7012	77.7251	0.7130	1.8e-04	0.5362
3345	-109.0848	-109.0848	-76.1041	0.6977	78.0936	0.7164	1.8e-04	0.5381
3346	-109.0868	-109.0868	-76.4288	0.7006	77.7744	0.7135	1.8e-04	0.5377
3347	-109.1148	-109.1148	-76.5455	0.7015	77.6962	0.7126	1.8e-04	0.5398
3348	-109.0694	-109.0694	-76.1301	0.6980	78.0546	0.7161	1.8e-04	0.5378
3349	-109.0926	-109.0926	-76.7705	0.7037	77.4513	0.7104	1.8e-04	0.5393
3350	-109.0939	-109.0939	-76.7897	0.7039	77.4391	0.7103	1.8e-04	0.5375
3351	-109.0784	-109.0784	-76.4698	0.7011	77.7245	0.7131	1.8e-04	0.5374
3352	-109.0803	-109.0803	-77.1440	0.7072	77.0652	0.7070	1.8e-04	0.5386
3353	-109.0909	-109.0909	-76.2373	0.6988	77.9685	0.7153	1.8e-04	0.5380
3354	-109.0918	-109.0918	-75.8088	0.6949	78.3963	0.7191	1.8e-04	0.5378
3355	-109.0741	-109.0741	-76.9478	0.7055	77.2559	0.7087	1.8e-04	0.5371
3356	-109.0821	-109.0821	-77.1044	0.7068	77.0971	0.7074	1.8e-04	0.5370
3357	-109.1007	-109.1007	-77.4552	0.7099	76.7671	0.7042	1.8e-04	0.5368
3358	-109.0785	-109.0785	-76.6656	0.7028	77.5344	0.7113	1.8e-04	0.5387
3359	-109.0842	-109.0842	-76.8530	0.7045	77.3620	0.7097	1.8e-04	0.5376
3360	-109.1005	-109.1005	-76.8219	0.7041	77.3726	0.7097	1.8e-04	0.5358
3361	-109.0959	-109.0959	-77.3456	0.7090	76.8781	0.7052	1.8e-04	0.5371
3362	-109.0662	-109.0662	-77.1773	0.7076	77.0197	0.7066	1.8e-04	0.5369
3363	-109.0870	-109.0870	-77.2847	0.7085	76.9280	0.7057	1.8e-04	0.5383
3364	-109.0654	-109.0654	-77.6351	0.7118	76.5359	0.7022	1.8e-04	0.5377
3365	-109.0794	-109.0794	-77.1807	0.7076	77.0366	0.7066	1.8e-04	0.5387
3366	-109.0960	-109.0960	-77.5671	0.7110	76.6624	0.7031	1.8e-04	0.5364
3367	-109.0968	-109.0968	-77.6500	0.7118	76.5770	0.7024	1.8e-04	0.5386
3368	-109.0666	-109.0666	-76.4026	0.7005	77.7884	0.7136	1.8e-04	0.5390
3369	-109.0953	-109.0953	-76.6810	0.7029	77.5415	0.7113	1.8e-04	0.5379
3370	-109.0800	-109.0800	-76.1544	0.6982	78.0356	0.7159	1.8e-04	0.5377
3371	-109.0795	-109.0795	-76.4119	0.7005	77.7403	0.7132	1.8e-04	0.5395
3372	-109.0759	-109.0759	-77.7530	0.7128	76.4417	0.7013	1.8e-04	0.5371
3373	-109.0788	-109.0788	-77.4065	0.7096	76.8018	0.7045	1.8e-04	0.5373
3374	-109.0750	-109.0750	-76.5097	0.7014	77.7015	0.7127	1.8e-04	0.5385
3375	-109.0836	-109.0836	-76.7262	0.7034	77.4676	0.7106	1.8e-04	0.5374
3376	-109.0763	-109.0763	-76.6040	0.7023	77.5953	0.7119	1.8e-04	0.5399
3377	-109.0800	-109.0800	-77.0836	0.7067	77.1347	0.7075	1.8e-04	0.5386
3378	-109.0780	-109.0780	-76.1138	0.6978	78.0847	0.7163	1.8e-04	0.5381
3379	-109.0911	-109.0911	-77.2651	0.7083	76.9732	0.7059	1.8e-04	0.5378
3380	-109.0869	-109.0869	-77.1302	0.7071	77.0876	0.7071	1.8e-04	0.5380
3381	-109.0815	-109.0815	-76.9914	0.7058	77.2225	0.7084	1.8e-04	0.5364
3382	-109.0756	-109.0756	-77.4318	0.7099	76.7613	0.7042	1.8e-04	0.5389
3383	-109.0960	-109.0960	-76.2362	0.6988	77.9727	0.7152	1.8e-04	0.5379
3384	-109.0787	-109.0787	-77.4393	0.7099	76.7781	0.7043	1.8e-04	0.5377
3385	-109.0651	-109.0651	-77.0119	0.7061	77.1807	0.7081	1.8e-04	0.5381
3386	-109.0979	-109.0979	-77.1553	0.7072	77.0575	0.7067	1.8e-04	0.5381
3387	-109.1125	-109.1125	-77.3679	0.7091	76.8775	0.7051	1.8e-04	0.5391
3388	-109.1013	-109.1013	-76.5253	0.7014	77.7081	0.7127	1.8e-04	0.5386
3389	-109.0784	-109.0784	-77.1025	0.7069	77.1023	0.7073	1.8e-04	0.5393
3390	-109.0887	-109.0887	-77.2491	0.7081	76.9197	0.7056	1.8e-04	0.5366
3391	-109.0908	-109.0908	-77.0046	0.7059	77.2240	0.7083	1.8e-04	0.5386
3392	-109.0869	-109.0869	-77.7531	0.7128	76.4704	0.7014	1.8e-04	0.5372
3393	-109.0712	-109.0712	-77.2808	0.7085	76.9137	0.7055	1.8e-04	0.5382
3394	-109.0701	-109.0701	-77.4226	0.7098	76.7690	0.7043	1.8e-04	0.5387
3395	-109.0768	-109.0768	-76.8286	0.7044	77.3622	0.7098	1.8e-04	0.5394
3396	-109.0795	-109.0795	-77.9356	0.7145	76.2669	0.6996	1.8e-04	0.5358
3397	-109.0801	-109.0801	-77.2355	0.7081	76.9727	0.7061	1.8e-04	0.5379
3398	-109.0784	-109.0784	-76.9949	0.7059	77.2194	0.7083	1.8e-04	0.5374
3399	-109.1011	-109.1011	-76.9073	0.7049	77.3268	0.7093	1.8e-04	0.5374
3400	-109.0727	-109.0727	-76.7819	0.7040	77.4119	0.7101	1.8e-04	0.5397
3401	-109.0896	-109.0896	-77.7288	0.7125	76.4693	0.7015	1.8e-04	0.5365
3402	-109.0837	-109.0837	-76.4606	0.7009	77.7536	0.7132	1.8e-04	0.5394
3403	-109.0848	-109.0848	-77.3739	0.7093	76.8474	0.7049	1.8e-04	0.5394
3404	-109.0969	-109.0969	-77.5724	0.7110	76.6539	0.7031	1.8e-04	0.5366
3405	-109.0935	-109.0935	-76.9539	0.7054	77.2730	0.7088	1.8e-04	0.5385
3406	-109.0945	-109.0945	-77.6491	0.7118	76.5794	0.7024	1.8e-04	0.5372
3407	-109.0823	-109.0823	-76.8179	0.7042	77.3872	0.7100	1.8e-04	0.5390
3408	-109.0776	-109.0776	-76.5463	0.7018	77.6494	0.7124	1.8e-04	0.5375
3409	-109.0734	-109.0734	-77.4177	0.7098	76.7943	0.7044	1.8e-04	0.5380
3410	-109.0795	-109.0795	-77.0862	0.7067	77.1208	0.7075	1.8e-04	0.5368
3411	-109.0730	-109.0730	-77.1851	0.7076	77.0182	0.7066	1.8e-04	0.5370
3412	-109.0884	-109.0884	-77.4452	0.7099	76.7732	0.7042	1.8e-04	0.5378
3413	-109.0904	-109.0904	-77.1770	0.7075	77.0443	0.7067	1.8e-04	0.5380
3414	-109.0811	-109.0811	-77.2138	0.7079	76.9975	0.7063	1.8e-04	0.5375
3415	-109.0812	-109.0812	-77.2019	0.7077	77.0076	0.7064	1.8e-04	0.5372
3416	-109.0905	-109.0905	-76.8122	0.7041	77.4091	0.7101	1.8e-04	0.5383
3417	-109.0812	-109.0812	-77.2012	0.7077	77.0150	0.7065	1.8e-04	0.5366
3418	-109.0975	-109.0975	-76.2400	0.6988	77.9813	0.7153	1.8e-04	0.5394
3419	-109.0917	-109.0917	-76.1469	0.6980	78.0690	0.7161	1.8e-04	0.5379
3420	-109.0772	-109.0772	-76.4210	0.7006	77.7762	0.7135	1.8e-04	0.5381
3421	-109.0892	-109.0892	-76.7525	0.7036	77.4561	0.7105	1.8e-04	0.5377
3422	-109.0692	-109.0692	-76.2698	0.6993	77.9196	0.7148	1.8e-04	0.5388
3423	-109.0713	-109.0713	-77.5116	0.7107	76.6898	0.7035	1.8e-04	0.5375
3424	-109.0839	-109.0839	-75.9484	0.6962	78.2427	0.7177	1.8e-04	0.5388
3425	-109.0957	-109.0957	-76.8311	0.7043	77.3924	0.7099	1.8e-04	0.5367
3426	-109.0780	-109.0780	-77.4155	0.7097	76.7509	0.7041	1.8e-04	0.5380
3427	-109.0881	-109.0881	-77.8060	0.7132	76.4060	0.7009	1.8e-04	0.5372
3428	-109.0904	-109.0904	-76.0891	0.6975	78.1203	0.7166	1.8e-04	0.5387
3429	-109.0787	-109.0787	-76.8942	0.7049	77.3194	0.7093	1.8e-04	0.5377
3430	-109.0806	-109.0806	-76.5705	0.7020	77.6237	0.7122	1.8e-04	0.5399
3431	-109.0918	-109.0918	-75.5568	0.6926	78.6422	0.7213	1.8e-04	0.5378
3432	-109.0846	-109.0846	-75.9911	0.6966	78.2124	0.7174	1.8e-04	0.5375
3433	-109.0647	-109.0647	-76.8630	0.7047	77.3143	0.7094	1.8e-04	0.5374
3434	-109.0860	-109.0860	-75.9019	0.6958	78.3053	0.7182	1.8e-04	0.5370
3435	-109.0779	-109.0779	-76.0796	0.6975	78.1107	0.7166	1.8e-04	0.5372
3436	-109.0831	-109.0833	-74.8576	0.6862	79.2917	0.7273	1.8e-04	0.5375
3437	-109.0855	-109.0855	-75.8812	0.6956	78.2960	0.7182	1.8e-04	0.5401
3438	-109.0767	-109.0767	-76.5533	0.7018	77.6655	0.7123	1.8e-04	0.5369
3439	-109.0829	-109.0829	-76.3677	0.7001	77.8307	0.7140	1.8e-04	0.5361
3440	-109.0886	-109.0886	-76.1979	0.6985	77.9870	0.7154	1.8e-04	0.5364
3441	-109.1015	-109.1015	-75.9803	0.6964	78.2324	0.7176	1.8e-04	0.5388
3442	-109.0842	-109.0842	-75.9031	0.6958	78.2791	0.7181	1.8e-04	0.5394
3443	-109.0866	-109.0867	-75.1800	0.6892	79.0024	0.7246	1.8e-04	0.5383
3444	-109.0710	-109.0710	-76.0787	0.6975	78.1097	0.7165	1.8e-04	0.5372
3445	-109.0827	-109.0827	-76.3237	0.6997	77.8717	0.7144	1.8e-04	0.5394
3446	-109.0810	-109.0811	-75.7309	0.6943	78.4466	0.7197	1.8e-04	0.5375
3447	-109.0746	-109.0747	-75.6642	0.6937	78.5158	0.7203	1.8e-04	0.5378
3448	-109.0881	-109.0881	-76.2042	0.6986	77.9750	0.7154	1.8e-04	0.5376
3449	-109.0746	-109.0746	-76.0905	0.6976	78.0965	0.7164	1.8e-04	0.5384
3450	-109.1082	-109.1082	-75.6157	0.6930	78.5947	0.7209	1.8e-04	0.5367
3451	-109.0789	-109.0789	-76.0115	0.6968	78.1783	0.7172	1.8e-04	0.5377
3452	-109.0821	-109.0821	-75.8713	0.6955	78.3207	0.7184	1.8e-04	0.5371
3453	-109.0805	-109.0806	-75.3429	0.6907	78.8302	0.7231	1.8e-04	0.5390
3454	-109.0857	-109.0857	-76.1041	0.6977	78.0971	0.7164	1.8e-04	0.5368
3455	-109.0850	-109.0850	-75.9247	0.6960	78.2726	0.7180	1.8e-04	0.5368
3456	-109.0752	-109.0752	-75.9910	0.6967	78.2052	0.7174	1.8e-04	0.5377
3457	-109.0775	-109.0775	-76.5040	0.7014	77.6975	0.7128	1.8e-04	0.5375
3458	-109.0740	-109.0740	-76.2587	0.6991	77.9549	0.7150	1.8e-04	0.5383
3459	-109.0925	-109.0925	-76.9823	0.7057	77.2340	0.7084	1.8e-04	0.5377
3460	-109.0659	-109.0659	-76.7571	0.7038	77.4295	0.7104	1.8e-04	0.5384
3461	-109.0841	-109.0841	-76.5034	0.7013	77.6946	0.7126	1.8e-04	0.5382
3462	-109.0768	-109.0768	-76.9133	0.7051	77.2862	0.7090	1.8e-04	0.5401
3463	-109.0910	-109.0910	-76.4237	0.7006	77.7846	0.7135	1.8e-04	0.5371
3464	-109.0934	-109.0934	-76.6080	0.7022	77.6201	0.7119	1.8e-04	0.5383
3465	-109.0744	-109.0744	-76.6283	0.7025	77.5722	0.7116	1.8e-04	0.5383
3466	-109.0871	-109.0871	-77.3398	0.7090	76.8720	0.7052	1.8e-04	0.5384
3467	-109.0719	-109.0719	-76.2775	0.6993	77.9120	0.7148	1.8e-04	0.5376
3468	-109.0694	-109.0694	-76.6642	0.7029	77.5265	0.7113	1.8e-04	0.5396
3469	-109.0661	-109.0661	-76.4173	0.7007	77.7551	0.7133	1.8e-04	0.5381
3470	-109.0901	-109.0901	-76.4395	0.7007	77.7607	0.7133	1.8e-04	0.5388
3471	-109.0772	-109.0772	-76.9359	0.7053	77.2692	0.7088	1.8e-04	0.5376
3472	-109.0829	-109.0829	-77.4270	0.7098	76.7889	0.7044	1.8e-04	0.5378
3473	-109.0954	-109.0954	-76.4578	0.7008	77.7739	0.7133	1.8e-04	0.5370
3474	-109.0838	-109.0838	-76.0198	0.6969	78.1781	0.7171	1.8e-04	0.5387
3475	-109.0743	-109.0744	-75.4552	0.6918	78.7125	0.7221	1.8e-04	0.5384
3476	-109.0794	-109.0794	-75.4140	0.6914	78.7616	0.7225	1.8e-04	0.5373
3477	-109.0793	-109.0793	-76.7082	0.7032	77.5071	0.7109	1.8e-04	0.5374
3478	-109.0682	-109.0682	-76.1635	0.6983	78.0278	0.7158	1.8e-04	0.5366
3479	-109.0825	-109.0825	-75.6639	0.6936	78.5193	0.7203	1.8e-04	0.5389
3480	-109.0744	-109.0744	-76.1749	0.6984	78.0102	0.7156	1.8e-04	0.5384
3481	-109.0684	-109.0684	-76.3540	0.7001	77.8442	0.7141	1.8e-04	0.5380
3482	-109.0638	-109.0638	-76.6946	0.7032	77.4689	0.7108	1.8e-04	0.5386
3483	-109.0796	-109.0796	-76.5744	0.7020	77.6243	0.7121	1.8e-04	0.5378
3484	-109.0855	-109.0855	-76.1324	0.6979	78.0406	0.7159	1.8e-04	0.5361
3485	-109.0787	-109.0787	-76.7539	0.7037	77.4540	0.7105	1.8e-04	0.5382
3486	-109.0797	-109.0797	-76.7688	0.7038	77.4408	0.7104	1.8e-04	0.5368
3487	-109.0810	-109.0811	-75.5493	0.6926	78.6137	0.7211	1.8e-04	0.5386
3488	-109.0833	-109.0833	-75.8590	0.6954	78.3214	0.7184	1.8e-04	0.5368
3489	-109.0768	-109.0768	-75.9863	0.6966	78.2064	0.7174	1.8e-04	0.5393
3490	-109.0887	-109.0887	-76.1027	0.6976	78.1062	0.7164	1.8e-04	0.5374
3491	-109.0903	-109.0903	-76.2654	0.6991	77.9561	0.7150	1.8e-04	0.5381
3492	-109.0854	-109.0854	-75.7980	0.6948	78.4027	0.7192	1.8e-04	0.5376
3493	-109.0651	-109.0651	-75.6487	0.6936	78.4437	0.7197	1.8e-04	0.5394
3494	-109.0852	-109.0852	-76.6084	0.7023	77.6118	0.7119	1.8e-04	0.5381
3495	-109.1094	-109.1094	-76.4296	0.7005	77.8046	0.7137	1.8e-04	0.5397
3496	-109.0756	-109.0756	-76.6508	0.7027	77.5450	0.7114	1.8e-04	0.5389
3497	-109.0707	-109.0707	-76.4763	0.7012	77.7234	0.7130	1.8e-04	0.5388
3498	-109.0801	-109.0801	-76.2324	0.6989	77.9510	0.7151	1.8e-04	0.5393
3499	-109.0783	-109.0783	-76.9347	0.7053	77.2611	0.7088	1.8e-04	0.5382
3500	-109.0932	-109.0932	-76.4707	0.7010	77.7490	0.7132	1.8e-04	0.5396
3501	-109.0979	-109.0979	-76.6291	0.7024	77.6014	0.7118	1.8e-04	0.5375
3502	-109.1003	-109.1003	-77.0044	0.7058	77.2398	0.7084	1.8e-04	0.5388
3503	-109.0657	-109.0657	-76.2616	0.6992	77.9162	0.7148	1.8e-04	0.5380
3504	-109.0756	-109.0756	-76.7371	0.7035	77.4678	0.7106	1.8e-04	0.5396
3505	-109.0899	-109.0899	-76.2246	0.6987	77.9894	0.7154	1.8e-04	0.5378
3506	-109.0734	-109.0734	-75.6424	0.6935	78.5395	0.7204	1.8e-04	0.5393
3507	-109.0973	-109.0973	-76.6146	0.7023	77.6061	0.7119	1.8e-04	0.5383
3508	-109.1038	-109.1038	-75.9438	0.6961	78.2304	0.7176	1.8e-04	0.5391
3509	-109.0657	-109.0657	-75.7728	0.6947	78.3925	0.7191	1.8e-04	0.5388
3510	-109.1149	-109.1149	-75.9141	0.6957	78.3103	0.7182	1.8e-04	0.5403
3511	-109.0855	-109.0856	-75.3806	0.6910	78.8042	0.7228	1.8e-04	0.5382
3512	-109.0740	-109.0740	-76.0137	0.6969	78.1501	0.7169	1.8e-04	0.5369
3513	-109.0856	-109.0856	-76.8287	0.7043	77.3763	0.7099	1.8e-04	0.5395
3514	-109.0914	-109.0914	-76.0122	0.6968	78.1933	0.7172	1.8e-04	0.5384
3515	-109.1043	-109.1044	-75.3840	0.6909	78.8147	0.7229	1.8e-04	0.5373
3516	-109.0907	-109.0907	-75.9725	0.6964	78.2244	0.7176	1.8e-04	0.5367
3517	-109.0802	-109.0803	-76.1172	0.6978	78.0736	0.7162	1.8e-04	0.5386
3518	-109.0937	-109.0937	-76.3451	0.6998	77.8470	0.7141	1.8e-04	0.5373
3519	-109.0790	-109.0790	-76.5030	0.7014	77.7036	0.7128	1.8e-04	0.5371
3520	-109.0950	-109.0950	-75.9603	0.6963	78.2567	0.7178	1.8e-04	0.5381
3521	-109.0635	-109.0636	-75.4023	0.6914	78.7541	0.7225	1.8e-04	0.5382
3522	-109.0871	-109.0872	-75.6951	0.6939	78.5040	0.7201	1.8e-04	0.5392
3523	-109.0780	-109.0781	-75.6348	0.6934	78.5577	0.7205	1.8e-04	0.5381
3524	-109.0860	-109.0860	-76.6118	0.7023	77.6023	0.7118	1.8e-04	0.5393
3525	-109.0754	-109.0754	-77.3126	0.7088	76.8861	0.7054	1.8e-04	0.5380
3526	-109.0796	-109.0796	-76.3734	0.7002	77.8087	0.7138	1.8e-04	0.5397
3527	-109.0770	-109.0770	-76.6380	0.7026	77.5655	0.7116	1.8e-04	0.5378
3528	-109.0744	-109.0744	-76.1157	0.6978	78.0750	0.7163	1.8e-04	0.5372
3529	-109.0896	-109.0896	-76.9901	0.7058	77.2230	0.7085	1.8e-04	0.5387
3530	-109.0829	-109.0830	-76.0106	0.6968	78.1854	0.7172	1.8e-04	0.5387
3531	-109.0852	-109.0852	-76.4763	0.7011	77.6954	0.7127	1.8e-04	0.5373
3532	-109.0694	-109.0694	-76.1923	0.6986	77.9931	0.7155	1.8e-04	0.5382
3533	-109.0973	-109.0973	-76.5290	0.7015	77.6946	0.7127	1.8e-04	0.5369
3534	-109.0888	-109.0888	-75.6483	0.6935	78.5469	0.7205	1.8e-04	0.5381
3535	-109.0962	-109.0962	-75.8570	0.6953	78.3594	0.7187	1.8e-04	0.5366
3536	-109.0777	-109.0777	-76.4555	0.7009	77.7445	0.7132	1.8e-04	0.5381
3537	-109.0792	-109.0792	-77.6588	0.7119	76.5429	0.7022	1.8e-04	0.5380
3538	-109.0788	-109.0788	-76.5124	0.7014	77.6918	0.7127	1.8e-04	0.5377
3539	-109.1054	-109.1054	-76.2253	0.6986	77.9913	0.7153	1.8e-04	0.5376
3540	-109.1036	-109.1036	-76.6160	0.7022	77.6318	0.7119	1.8e-04	0.5379
3541	-109.0875	-109.0875	-76.9716	0.7056	77.2402	0.7085	1.8e-04	0.5376
3542	-109.0965	-109.0965	-76.2361	0.6988	77.9928	0.7153	1.8e-04	0.5362
3543	-109.0802	-109.0802	-76.7098	0.7032	77.4925	0.7109	1.8e-04	0.5383
3544	-109.0848	-109.0848	-77.8813	0.7140	76.3281	0.7002	1.8e-04	0.5370
3545	-109.0888	-109.0888	-76.5005	0.7013	77.7151	0.7129	1.8e-04	0.5388
3546	-109.0999	-109.0999	-77.4878	0.7102	76.7364	0.7039	1.8e-04	0.5377
3547	-109.0844	-109.0844	-76.8172	0.7042	77.3952	0.7100	1.8e-04	0.5357
3548	-109.0912	-109.0912	-77.0509	0.7063	77.1733	0.7079	1.8e-04	0.5375
3549	-109.1018	-109.1018	-76.7036	0.7030	77.5216	0.7111	1.8e-04	0.5378
3550	-109.0840	-109.0840	-77.5561	0.7110	76.6519	0.7032	1.8e-04	0.5370
3551	-109.0708	-109.0708	-77.0304	0.7062	77.1771	0.7080	1.8e-04	0.5372
3552	-109.0645	-109.0645	-76.8836	0.7049	77.2933	0.7091	1.8e-04	0.5368
3553	-109.0661	-109.0661	-76.9040	0.7051	77.2973	0.7091	1.8e-04	0.5375
3554	-109.0833	-109.0833	-76.4443	0.7008	77.7726	0.7133	1.8e-04	0.5376
3555	-109.0705	-109.0705	-77.8814	0.7140	76.2754	0.6998	1.8e-04	0.5377
3556	-109.0650	-109.0650	-77.4481	0.7101	76.7515	0.7041	1.8e-04	0.5376
3557	-109.0877	-109.0877	-77.4636	0.7101	76.7374	0.7040	1.8e-04	0.5373
3558	-109.0574	-109.0574	-77.1699	0.7076	77.0006	0.7064	1.8e-04	0.5387
3559	-109.0842	-109.0842	-77.2839	0.7085	76.9252	0.7057	1.8e-04	0.5386
3560	-109.0773	-109.0773	-77.1531	0.7073	77.0669	0.7069	1.8e-04	0.5371
3561	-109.0876	-109.0876	-76.7999	0.7040	77.3992	0.7101	1.8e-04	0.5386
3562	-109.0754	-109.0754	-77.4631	0.7102	76.7455	0.7040	1.8e-04	0.5364
3563	-109.1215	-109.1215	-77.3583	0.7089	76.8965	0.7052	1.8e-04	0.5384
3564	-109.0856	-109.0856	-77.1015	0.7068	77.1168	0.7074	1.8e-04	0.5371
3565	-109.0940	-109.0940	-77.2483	0.7081	76.9761	0.7061	1.8e-04	0.5385
3566	-109.0919	-109.0919	-77.5187	0.7106	76.7024	0.7036	1.8e-04	0.5372
3567	-109.0699	-109.0699	-77.7322	0.7127	76.4522	0.7015	1.8e-04	0.5374
3568	-109.0905	-109.0905	-77.5471	0.7109	76.6815	0.7032	1.8e-04	0.5380
3569	-109.0931	-109.0931	-76.9357	0.7052	77.2811	0.7089	1.8e-04	0.5368
3570	-109.0851	-109.0851	-76.2472	0.6990	77.9476	0.7151	1.8e-04	0.5378
3571	-109.0777	-109.0777	-78.5064	0.7197	75.6654	0.6942	1.7e-04	0.5374
3572	-109.0702	-109.0702	-77.5218	0.7108	76.6734	0.7033	1.7e-04	0.5385
3573	-109.0962	-109.0962	-77.6413	0.7117	76.5822	0.7025	1.7e-04	0.5373
3574	-109.0744	-109.0744	-78.3402	0.7182	75.8391	0.6958	1.7e-04	0.5394
3575	-109.0867	-109.0867	-77.7896	0.7131	76.4060	0.7010	1.7e-04	0.5379
3576	-109.0885	-109.0885	-78.2487	0.7173	75.9607	0.6968	1.7e-04	0.5373
3577	-109.0944	-109.0944	-77.7719	0.7129	76.4481	0.7013	1.7e-04	0.5381
3578	-109.0791	-109.0791	-77.3723	0.7093	76.8436	0.7049	1.7e-04	0.5376
3579	-109.0833	-109.0833	-78.0089	0.7151	76.1821	0.6989	1.7e-04	0.5377
3580	-109.0702	-109.0702	-77.2890	0.7086	76.9085	0.7056	1.7e-04	0.5375
3581	-109.0736	-109.0736	-77.3895	0.7095	76.8001	0.7045	1.7e-04	0.5356
3582	-109.0801	-109.0801	-77.8922	0.7141	76.3157	0.7001	1.7e-04	0.5370
3583	-109.0790	-109.0790	-77.4518	0.7101	76.7557	0.7040	1.7e-04	0.5384
3584	-109.0991	-109.0991	-77.5562	0.7109	76.6778	0.7033	1.7e-04	0.5366
3585	-109.0721	-109.0721	-77.9395	0.7146	76.2490	0.6994	1.7e-04	0.5367
3586	-109.0744	-109.0744	-77.6993	0.7124	76.4788	0.7017	1.7e-04	0.5382
3587	-109.1007	-109.1007	-77.0521	0.7062	77.1904	0.7080	1.7e-04	0.5392
3588	-109.0929	-109.0929	-77.9681	0.7147	76.2472	0.6994	1.7e-04	0.5375
3589	-109.0907	-109.0907	-78.3460	0.7182	75.8645	0.6959	1.7e-04	0.5386
3590	-109.0909	-109.0909	-77.9608	0.7146	76.2604	0.6995	1.7e-04	0.5381
3591	-109.0797	-109.0797	-78.4789	0.7195	75.7037	0.6944	1.7e-04	0.5385
3592	-109.0743	-109.0743	-77.7467	0.7128	76.4635	0.7014	1.7e-04	0.5377
3593	-109.0933	-109.0933	-77.2120	0.7078	77.0116	0.7064	1.7e-04	0.5374
3594	-109.0830	-109.0830	-78.8220	0.7226	75.3395	0.6911	1.7e-04	0.5388
3595	-109.0966	-109.0966	-78.4591	0.7192	75.7476	0.6948	1.7e-04	0.5374
3596	-109.0864	-109.0864	-77.9934	0.7150	76.2217	0.6991	1.7e-04	0.5382
3597	-109.0652	-109.0652	-77.7088	0.7125	76.4903	0.7017	1.7e-04	0.5383
3598	-109.0823	-109.0823	-78.4289	0.7190	75.7639	0.6950	1.7e-04	0.5378
3599	-109.0710	-109.0710	-77.9982	0.7151	76.1920	0.6990	1.7e-04	0.5380
3600	-109.1045	-109.1045	-78.0660	0.7155	76.1523	0.6984	1.7e-04	0.5372
3601	-109.0794	-109.0794	-78.0310	0.7154	76.1795	0.6987	1.7e-04	0.5359
3602	-109.0933	-109.0933	-78.0149	0.7151	76.1939	0.6990	1.7e-04	0.5378
3603	-109.0745	-109.0745	-77.4277	0.7099	76.7762	0.7043	1.7e-04	0.5392
3604	-109.0733	-109.0733	-77.9325	0.7145	76.2624	0.6996	1.7e-04	0.5378
3605	-109.0554	-109.0554	-78.6642	0.7213	75.4935	0.6926	1.7e-04	0.5388
3606	-109.0963	-109.0963	-77.2890	0.7084	76.9380	0.7057	1.7e-04	0.5372
3607	-109.0857	-109.0857	-78.2137	0.7170	75.9911	0.6971	1.7e-04	0.5396
3608	-109.0737	-109.0737	-78.2877	0.7178	75.8985	0.6963	1.7e-04	0.5378
3609	-109.0630	-109.0630	-77.9997	0.7152	76.1883	0.6989	1.7e-04	0.5394
3610	-109.0932	-109.0932	-77.6945	0.7122	76.5329	0.7019	1.7e-04	0.5368
3611	-109.0721	-109.0721	-78.2225	0.7172	75.9737	0.6969	1.7e-04	0.5387
3612	-109.0712	-109.0712	-77.8702	0.7139	76.3258	0.7002	1.7e-04	0.5378
3613	-109.0866	-109.0866	-77.5175	0.7106	76.7160	0.7036	1.7e-04	0.5392
3614	-109.0796	-109.0796	-77.9996	0.7151	76.1872	0.6989	1.7e-04	0.5372
3615	-109.0738	-109.0738	-77.2587	0.7083	76.9426	0.7058	1.7e-04	0.5377
3616	-109.0593	-109.0593	-78.4655	0.7195	75.6897	0.6944	1.7e-04	0.5381
3617	-109.0596	-109.0596	-78.8763	0.7232	75.2689	0.6906	1.7e-04	0.5389
3618	-109.0836	-109.0836	-77.8024	0.7132	76.3966	0.7008	1.7e-04	0.5384
3619	-109.0795	-109.0795	-77.2977	0.7086	76.9054	0.7055	1.7e-04	0.5369
3620	-109.0873	-109.0873	-77.8310	0.7135	76.3795	0.7006	1.7e-04	0.5377
3621	-109.0776	-109.0776	-78.3358	0.7182	75.8582	0.6959	1.7e-04	0.5379
3622	-109.0792	-109.0792	-78.4839	0.7195	75.6998	0.6945	1.7e-04	0.5389
3623	-109.0911	-109.0911	-77.8649	0.7138	76.3568	0.7004	1.7e-04	0.5378
3624	-109.0803	-109.0803	-77.9768	0.7149	76.2104	0.6991	1.7e-04	0.5382
3625	-109.0791	-109.0791	-78.8827	0.7232	75.2887	0.6907	1.7e-04	0.5383
3626	-109.0638	-109.0638	-78.6113	0.7208	75.5563	0.6931	1.7e-04	0.5372
3627	-109.0803	-109.0803	-78.7654	0.7221	75.3828	0.6915	1.7e-04	0.5395
3628	-109.0872	-109.0872	-78.0040	0.7151	76.1960	0.6990	1.7e-04	0.5374
3629	-109.0821	-109.0821	-78.6038	0.7206	75.5827	0.6933	1.7e-04	0.5372
3630	-109.0856	-109.0856	-78.5129	0.7197	75.6765	0.6942	1.7e-04	0.5367
3631	-109.0907	-109.0907	-78.1007	0.7159	76.1169	0.6982	1.7e-04	0.5393
3632	-109.0783	-109.0783	-77.8895	0.7141	76.2977	0.6999	1.7e-04	0.5369
3633	-109.0711	-109.0711	-78.7982	0.7224	75.3710	0.6914	1.7e-04	0.5382
3634	-109.0910	-109.0910	-78.0610	0.7156	76.1579	0.6986	1.7e-04	0.5369
3635	-109.0851	-109.0851	-78.9784	0.7240	75.1841	0.6898	1.7e-04	0.5386
3636	-109.0887	-109.0887	-79.0789	0.7249	75.0771	0.6886	1.7e-04	0.5367
3637	-109.0965	-109.0965	-78.2323	0.7171	75.9888	0.6970	1.7e-04	0.5383
3638	-109.0858	-109.0858	-77.6868	0.7122	76.5275	0.7020	1.7e-04	0.5382
3639	-109.0973	-109.0973	-78.2480	0.7172	75.9612	0.6968	1.7e-04	0.5382
3640	-109.0934	-109.0934	-78.3662	0.7183	75.8416	0.6957	1.7e-04	0.5371
3641	-109.0902	-109.0902	-77.6362	0.7117	76.5926	0.7025	1.7e-04	0.5378
3642	-109.0994	-109.0994	-78.5795	0.7203	75.6277	0.6937	1.7e-04	0.5373
3643	-109.0822	-109.0822	-77.7394	0.7127	76.4442	0.7012	1.7e-04	0.5380
3644	-109.0797	-109.0797	-78.5992	0.7206	75.5843	0.6934	1.7e-04	0.5386
3645	-109.0913	-109.0913	-78.7431	0.7218	75.4583	0.6921	1.7e-04	0.5374
3646	-109.0891	-109.0891	-78.9142	0.7234	75.2652	0.6904	1.7e-04	0.5374
3647	-109.0676	-109.0676	-78.6475	0.7211	75.5141	0.6928	1.7e-04	0.5370
3648	-109.0717	-109.0717	-78.4358	0.7191	75.7596	0.6949	1.7e-04	0.5387
3649	-109.0923	-109.0923	-78.8402	0.7227	75.3413	0.6911	1.7e-04	0.5375
3650	-109.0721	-109.0721	-79.2417	0.7265	74.8995	0.6871	1.7e-04	0.5390
3651	-109.1007	-109.1007	-79.0779	0.7248	75.1049	0.6889	1.7e-04	0.5381
3652	-109.0782	-109.0782	-78.7093	0.7216	75.4632	0.6923	1.7e-04	0.5391
3653	-109.0748	-109.0748	-78.4121	0.7189	75.7780	0.6951	1.7e-04	0.5376
3654	-109.0877	-109.0877	-79.4245	0.7281	74.7167	0.6854	1.7e-04	0.5374
3655	-109.0781	-109.0781	-78.0113	0.7152	76.1774	0.6988	1.7e-04	0.5395
3656	-109.0893	-109.0893	-77.4033	0.7095	76.8191	0.7047	1.7e-04	0.5385
3657	-109.0829	-109.0829	-77.9513	0.7146	76.2516	0.6995	1.7e-04	0.5387
3658	-109.0869	-109.0869	-78.3116	0.7179	75.8713	0.6960	1.7e-04	0.5377
3659	-109.0812	-109.0812	-78.0816	0.7158	76.1042	0.6981	1.7e-04	0.5397
3660	-109.0862	-109.0862	-77.9067	0.7142	76.2924	0.6999	1.7e-04	0.5376
3661	-109.0838	-109.0838	-78.1115	0.7161	76.0967	0.6980	1.7e-04	0.5372
3662	-109.0730	-109.0730	-77.3314	0.7090	76.8572	0.7050	1.7e-04	0.5371
3663	-109.0748	-109.0748	-78.2222	0.7171	75.9774	0.6969	1.7e-04	0.5388
3664	-109.0895	-109.0895	-78.0571	0.7155	76.1549	0.6986	1.7e-04	0.5376
3665	-109.0724	-109.0724	-78.7473	0.7220	75.4271	0.6919	1.7e-04	0.5380
3666	-109.0898	-109.0898	-78.3594	0.7183	75.8481	0.6957	1.7e-04	0.5385
3667	-109.0774	-109.0774	-78.5777	0.7204	75.6080	0.6936	1.7e-04	0.5373
3668	-109.0754	-109.0754	-78.6652	0.7212	75.4984	0.6925	1.7e-04	0.5387
3669	-109.0854	-109.0854	-77.6032	0.7114	76.6132	0.7028	1.7e-04	0.5377
3670	-109.0840	-109.0840	-78.3492	0.7182	75.8178	0.6955	1.7e-04	0.5388
3671	-109.0789	-109.0789	-77.6298	0.7117	76.5631	0.7025	1.7e-04	0.5380
3672	-109.0812	-109.0812	-77.2984	0.7086	76.9076	0.7055	1.7e-04	0.5375
3673	-109.0894	-109.0894	-77.6565	0.7119	76.5656	0.7023	1.7e-04	0.5383
3674	-109.0668	-109.0668	-77.8412	0.7137	76.3344	0.7004	1.7e-04	0.5380
3675	-109.0734	-109.0734	-78.0831	0.7159	76.1089	0.6982	1.7e-04	0.5386
3676	-109.0913	-109.0913	-77.5836	0.7112	76.6360	0.7030	1.7e-04	0.5375
3677	-109.0581	-109.0581	-77.3128	0.7089	76.8651	0.7052	1.7e-04	0.5371
3678	-109.0740	-109.0740	-77.2950	0.7086	76.9105	0.7055	1.7e-04	0.5375
3679	-109.0699	-109.0699	-77.0076	0.7060	77.1806	0.7081	1.7e-04	0.5374
3680	-109.0928	-109.0928	-77.3576	0.7091	76.8563	0.7051	1.7e-04	0.5371
3681	-109.0850	-109.0850	-77.6092	0.7115	76.6105	0.7027	1.7e-04	0.5370
3682	-109.0848	-109.0848	-77.3533	0.7091	76.8654	0.7051	1.7e-04	0.5384
3683	-109.0940	-109.0940	-77.3220	0.7088	76.9113	0.7054	1.7e-04	0.5379
3684	-109.0817	-109.0817	-76.7164	0.7033	77.4873	0.7108	1.7e-04	0.5395
3685	-109.0881	-109.0881	-76.2950	0.6994	77.9234	0.7147	1.7e-04	0.5379
3686	-109.0784	-109.0784	-77.2109	0.7078	76.9891	0.7063	1.7e-04	0.5389
3687	-109.1002	-109.1002	-77.8595	0.7137	76.3777	0.7005	1.7e-04	0.5375
3688	-109.1108	-109.1108	-77.0665	0.7063	77.1687	0.7079	1.7e-04	0.5380
3689	-109.0855	-109.0855	-77.5343	0.7108	76.6645	0.7032	1.7e-04	0.5379
3690	-109.0737	-109.0737	-77.4884	0.7104	76.7124	0.7038	1.7e-04	0.5392
3691	-109.0790	-109.0790	-77.2034	0.7078	76.9953	0.7064	1.7e-04	0.5375
3692	-109.0674	-109.0674	-77.0527	0.7065	77.1435	0.7077	1.7e-04	0.5378
3693	-109.0795	-109.0795	-76.9328	0.7053	77.2845	0.7089	1.7e-04	0.5381
3694	-109.0815	-109.0815	-77.0920	0.7067	77.1271	0.7075	1.7e-04	0.5367
3695	-109.0836	-109.0836	-77.1624	0.7074	77.0340	0.7067	1.7e-04	0.5391
3696	-109.0928	-109.0928	-76.3257	0.6996	77.8687	0.7143	1.7e-04	0.5371
3697	-109.1019	-109.1019	-76.7079	0.7031	77.4421	0.7103	1.7e-04	0.5369
3698	-109.0750	-109.0750	-77.5023	0.7105	76.7033	0.7036	1.7e-04	0.5375
3699	-109.0755	-109.0755	-76.9826	0.7058	77.2136	0.7084	1.7e-04	0.5390
3700	-109.0854	-109.0854	-76.7213	0.7033	77.5053	0.7109	1.7e-04	0.5375
3701	-109.0863	-109.0863	-77.4455	0.7099	76.7764	0.7042	1.7e-04	0.5364
3702	-109.0771	-109.0771	-76.2695	0.6992	77.9093	0.7148	1.7e-04	0.5378
3703	-109.0822	-109.0822	-76.5403	0.7017	77.6682	0.7125	1.7e-04	0.5376
3704	-109.0797	-109.0797	-76.4435	0.7008	77.7447	0.7132	1.7e-04	0.5456
3705	-109.0801	-109.0801	-76.7689	0.7038	77.4357	0.7104	1.7e-04	0.5389
3706	-109.0930	-109.0930	-76.3470	0.6998	77.8629	0.7142	1.7e-04	0.5400
3707	-109.0753	-109.0753	-76.6241	0.7025	77.5745	0.7117	1.7e-04	0.5371
3708	-109.0880	-109.0880	-75.8646	0.6954	78.3467	0.7186	1.7e-04	0.5380
3709	-109.0999	-109.0999	-76.1507	0.6980	78.0676	0.7161	1.7e-04	0.5375
3710	-109.0856	-109.0856	-76.5895	0.7021	77.6239	0.7120	1.7e-04	0.5385
3711	-109.0900	-109.0900	-76.3777	0.7001	77.8385	0.7140	1.7e-04	0.5383
3712	-109.0862	-109.0862	-77.0074	0.7059	77.2000	0.7082	1.7e-04	0.5390
3713	-109.0774	-109.0774	-76.2418	0.6990	77.9651	0.7151	1.7e-04	0.5379
3714	-109.0871	-109.0871	-76.0922	0.6975	78.0827	0.7161	1.7e-04	0.5383
3715	-109.0907	-109.0907	-76.5569	0.7018	77.6671	0.7124	1.7e-04	0.5385
3716	-109.0929	-109.0929	-76.0870	0.6975	78.1387	0.7166	1.7e-04	0.5363
3717	-109.0844	-109.0844	-76.5697	0.7019	77.6180	0.7120	1.7e-04	0.5386
3718	-109.0886	-109.0886	-77.2818	0.7084	76.9404	0.7057	1.7e-04	0.5368
3719	-109.1009	-109.1009	-77.0442	0.7062	77.1922	0.7080	1.7e-04	0.5375
3720	-109.0830	-109.0830	-76.3008	0.6995	77.9021	0.7146	1.7e-04	0.5378
3721	-109.0874	-109.0874	-76.5362	0.7016	77.6748	0.7125	1.7e-04	0.5387
3722	-109.1006	-109.1006	-77.3135	0.7086	76.9118	0.7054	1.7e-04	0.5374
3723	-109.0918	-109.0918	-76.8459	0.7044	77.3800	0.7098	1.7e-04	0.5391
3724	-109.0796	-109.0796	-77.8985	0.7141	76.2872	0.6999	1.7e-04	0.5383
3725	-109.0799	-109.0799	-76.6091	0.7023	77.6053	0.7118	1.7e-04	0.5384
3726	-109.0858	-109.0858	-77.2429	0.7081	76.9739	0.7061	1.7e-04	0.5381
3727	-109.0714	-109.0714	-76.8815	0.7049	77.3043	0.7092	1.7e-04	0.5380
3728	-109.1057	-109.1057	-77.5325	0.7106	76.7019	0.7035	1.7e-04	0.5386
3729	-109.0664	-109.0664	-77.3797	0.7095	76.8245	0.7047	1.7e-04	0.5374
3730	-109.0804	-109.0804	-77.5787	0.7112	76.6434	0.7030	1.7e-04	0.5383
3731	-109.0760	-109.0760	-77.2665	0.7084	76.9121	0.7056	1.7e-04	0.5375
3732	-109.0779	-109.0779	-77.8800	0.7140	76.3170	0.7001	1.7e-04	0.5390
3733	-109.0792	-109.0792	-77.8166	0.7134	76.3851	0.7007	1.7e-04	0.5374
3734	-109.0832	-109.0832	-78.0560	0.7156	76.1392	0.6985	1.7e-04	0.5372
3735	-109.0857	-109.0857	-77.2711	0.7084	76.9356	0.7058	1.7e-04	0.5378
3736	-109.0801	-109.0801	-77.7828	0.7131	76.4194	0.7011	1.7e-04	0.5362
3737	-109.0851	-109.0851	-77.6176	0.7115	76.5991	0.7027	1.7e-04	0.5371
3738	-109.0686	-109.0686	-76.9296	0.7053	77.2650	0.7088	1.7e-04	0.5377
3739	-109.0721	-109.0721	-78.0310	0.7154	76.1610	0.6987	1.7e-04	0.5367
3740	-109.1020	-109.1020	-77.4477	0.7099	76.7805	0.7043	1.7e-04	0.5372
3741	-109.0864	-109.0864	-77.5802	0.7112	76.5890	0.7026	1.7e-04	0.5391
3742	-109.0792	-109.0792	-76.8768	0.7048	77.3374	0.7094	1.7e-04	0.5361
3743	-109.0681	-109.0681	-77.2515	0.7083	76.8735	0.7053	1.7e-04	0.5382
3744	-109.0866	-109.0866	-76.8618	0.7046	77.3631	0.7096	1.7e-04	0.5376
3745	-109.0901	-109.0901	-77.7823	0.7130	76.4179	0.7010	1.7e-04	0.5390
3746	-109.0977	-109.0977	-77.1224	0.7069	77.0689	0.7071	1.7e-04	0.5369
3747	-109.0953	-109.0953	-76.8754	0.7047	77.3586	0.7095	1.7e-04	0.5370
3748	-109.0985	-109.0985	-76.6155	0.7023	77.6212	0.7119	1.7e-04	0.5378
3749	-109.0841	-109.0841	-77.2596	0.7083	76.9397	0.7059	1.7e-04	0.5379
3750	-109.0880	-109.0880	-76.5094	0.7014	77.6999	0.7128	1.7e-04	0.5385
3751	-109.0663	-109.0663	-76.7818	0.7040	77.4068	0.7102	1.7e-04	0.5375
3752	-109.0932	-109.0932	-76.9645	0.7055	77.2502	0.7087	1.7e-04	0.5371
3753	-109.0855	-109.0855	-76.9836	0.7057	77.2374	0.7085	1.7e-04	0.5375
3754	-109.0843	-109.0843	-76.8822	0.7048	77.3281	0.7093	1.7e-04	0.5379
3755	-109.0961	-109.0961	-76.4534	0.7008	77.7334	0.7131	1.7e-04	0.5388
3756	-109.0787	-109.0787	-76.8617	0.7046	77.3560	0.7095	1.7e-04	0.5386
3757	-109.0784	-109.0784	-76.7478	0.7036	77.4552	0.7105	1.7e-04	0.5370
3758	-109.1004	-109.1004	-77.2256	0.7078	77.0032	0.7064	1.7e-04	0.5382
3759	-109.0840	-109.0840	-76.4636	0.7010	77.7383	0.7131	1.7e-04	0.5368
3760	-109.0612	-109.0612	-77.1087	0.7070	77.0913	0.7072	1.7e-04	0.5383
3761	-109.1042	-109.1042	-77.1509	0.7071	77.0703	0.7070	1.7e-04	0.5380
3762	-109.1020	-109.1020	-76.8508	0.7044	77.3921	0.7098	1.7e-04	0.5403
3763	-109.0822	-109.0822	-76.6531	0.7027	77.5351	0.7112	1.7e-04	0.5375
3764	-109.0718	-109.0718	-75.7478	0.6945	78.4281	0.7195	1.7e-04	0.5370
3765	-109.0658	-109.0658	-77.3906	0.7096	76.7818	0.7044	1.7e-04	0.5383
3766	-109.0788	-109.0788	-77.4921	0.7104	76.7117	0.7037	1.7e-04	0.5366
3767	-109.0839	-109.0839	-77.7763	0.7130	76.4208	0.7011	1.7e-04	0.5395
3768	-109.0938	-109.0938	-77.0218	0.7060	77.2082	0.7082	1.7e-04	0.5380
3769	-109.0919	-109.0919	-76.1913	0.6984	78.0186	0.7157	1.7e-04	0.5393
3770	-109.0848	-109.0848	-77.2312	0.7080	76.9759	0.7062	1.7e-04	0.5365
3771	-109.0688	-109.0688	-77.3465	0.7092	76.8296	0.7049	1.7e-04	0.5372
3772	-109.0911	-109.0911	-77.6958	0.7122	76.5113	0.7019	1.7e-04	0.5368
3773	-109.0541	-109.0541	-77.9632	0.7149	76.1956	0.6992	1.7e-04	0.5387
3774	-109.0791	-109.0791	-77.2769	0.7084	76.9236	0.7058	1.7e-04	0.5371
3775	-109.0701	-109.0701	-77.3038	0.7088	76.8899	0.7055	1.7e-04	0.5380
3776	-109.0780	-109.0780	-76.6078	0.7023	77.5972	0.7119	1.7e-04	0.5358
3777	-109.0770	-109.0770	-76.6971	0.7031	77.4921	0.7109	1.7e-04	0.5364
3778	-109.0924	-109.0924	-77.0454	0.7062	77.1652	0.7079	1.7e-04	0.5365
3779	-109.0761	-109.0761	-77.2183	0.7079	76.9869	0.7062	1.7e-04	0.5385
3780	-109.0788	-109.0788	-76.3978	0.7004	77.7960	0.7137	1.7e-04	0.5377
3781	-109.0909	-109.0909	-76.3933	0.7003	77.8194	0.7138	1.7e-04	0.5383
3782	-109.0892	-109.0892	-76.4129	0.7005	77.8029	0.7137	1.7e-04	0.5368
3783	-109.0931	-109.0931	-76.3160	0.6995	77.9027	0.7146	1.7e-04	0.5369
3784	-109.0894	-109.0894	-76.8867	0.7048	77.3380	0.7094	1.7e-04	0.5357
3785	-109.0793	-109.0793	-76.7223	0.7034	77.4902	0.7108	1.7e-04	0.5391
3786	-109.1034	-109.1034	-77.4190	0.7096	76.8197	0.7046	1.7e-04	0.5378
3787	-109.0644	-109.0644	-76.6346	0.7027	77.5606	0.7115	1.7e-04	0.5384
3788	-109.0786	-109.0786	-76.7214	0.7034	77.4607	0.7106	1.7e-04	0.5383
3789	-109.0747	-109.0747	-76.5559	0.7019	77.6420	0.7123	1.7e-04	0.5391
3790	-109.0731	-109.0731	-77.3369	0.7090	76.8723	0.7052	1.7e-04	0.5390
3791	-109.0880	-109.0880	-76.8363	0.7044	77.3767	0.7098	1.7e-04	0.5404
3792	-109.0612	-109.0612	-77.2618	0.7084	76.9061	0.7056	1.7e-04	0.5385
3793	-109.0819	-109.0819	-77.3876	0.7094	76.8129	0.7046	1.7e-04	0.5384
3794	-109.0950	-109.0950	-76.2058	0.6985	77.9915	0.7154	1.7e-04	0.5363
3795	-109.0696	-109.0696	-77.4589	0.7102	76.7223	0.7039	1.7e-04	0.5386
3796	-109.0923	-109.0923	-77.1551	0.7072	77.0732	0.7069	1.7e-04	0.5371
3797	-109.0795	-109.0795	-77.3527	0.7091	76.8541	0.7050	1.7e-04	0.5402
3798	-109.0868	-109.0868	-77.1171	0.7069	77.0983	0.7073	1.7e-04	0.5381
3799	-109.0833	-109.0833	-77.9521	0.7146	76.2535	0.6995	1.7e-04	0.5380
3800	-109.0719	-109.0719	-77.1492	0.7073	77.0356	0.7068	1.7e-04	0.5371
3801	-109.0819	-109.0819	-77.0091	0.7060	77.2060	0.7082	1.7e-04	0.5356
3802	-109.1017	-109.1017	-76.3788	0.7001	77.8387	0.7141	1.7e-04	0.5371
3803	-109.0940	-109.0940	-77.9809	0.7148	76.2381	0.6993	1.7e-04	0.5375
3804	-109.0885	-109.0885	-76.2258	0.6988	77.9876	0.7153	1.7e-04	0.5382
3805	-109.0895	-109.0895	-76.4237	0.7006	77.7870	0.7136	1.7e-04	0.5382
3806	-109.0827	-109.0827	-76.8633	0.7046	77.3454	0.7095	1.7e-04	0.5375
3807	-109.0786	-109.0786	-77.5216	0.7107	76.6723	0.7034	1.7e-04	0.5370
3808	-109.0905	-109.0905	-76.8445	0.7044	77.3580	0.7097	1.7e-04	0.5371
3809	-109.0736	-109.0736	-77.4387	0.7100	76.7642	0.7042	1.7e-04	0.5388
3810	-109.0824	-109.0824	-77.3790	0.7094	76.8287	0.7048	1.7e-04	0.5391
3811	-109.0743	-109.0743	-77.3514	0.7092	76.8233	0.7049	1.7e-04	0.5403
3812	-109.0838	-109.0838	-77.6402	0.7117	76.5739	0.7024	1.7e-04	0.5383
3813	-109.0927	-109.0927	-77.8318	0.7134	76.3783	0.7007	1.7e-04	0.5384
3814	-109.0852	-109.0852	-77.0453	0.7063	77.1514	0.7078	1.7e-04	0.5390
3815	-109.0690	-109.0690	-77.0431	0.7064	77.1578	0.7078	1.7e-04	0.5377
3816	-109.0841	-109.0841	-76.8732	0.7047	77.3412	0.7095	1.7e-04	0.5388
3817	-109.0674	-109.0674	-77.0915	0.7068	77.1085	0.7074	1.7e-04	0.5381
3818	-109.1018	-109.1018	-76.5307	0.7015	77.6823	0.7126	1.7e-04	0.5376
3819	-109.0880	-109.0880	-76.5811	0.7020	77.6306	0.7121	1.7e-04	0.5369
3820	-109.0920	-109.0920	-76.3866	0.7002	77.8327	0.7139	1.7e-04	0.5388
3821	-109.0925	-109.0925	-77.2463	0.7081	76.9659	0.7060	1.7e-04	0.5368
3822	-109.0948	-109.0948	-77.0653	0.7064	77.1596	0.7077	1.7e-04	0.5395
3823	-109.0898	-109.0898	-76.7297	0.7034	77.4979	0.7108	1.7e-04	0.5371
3824	-109.0745	-109.0745	-77.1717	0.7075	77.0191	0.7066	1.7e-04	0.5381
3825	-109.0847	-109.0847	-78.0583	0.7156	76.1336	0.6985	1.7e-04	0.5379
3826	-109.0946	-109.0946	-77.6959	0.7122	76.4737	0.7015	1.7e-04	0.5384
3827	-109.0767	-109.0767	-77.8200	0.7134	76.3704	0.7006	1.7e-04	0.5381
3828	-109.0834	-109.0834	-77.4255	0.7098	76.7826	0.7044	1.7e-04	0.5377
3829	-109.1059	-109.1059	-76.3906	0.7002	77.8559	0.7140	1.7e-04	0.5374
3830	-109.1010	-109.1010	-77.3180	0.7087	76.9162	0.7055	1.7e-04	0.5375
3831	-109.0824	-109.0824	-77.6390	0.7117	76.5523	0.7024	1.7e-04	0.5371
3832	-109.0742	-109.0742	-78.1899	0.7169	75.9960	0.6972	1.7e-04	0.5375
3833	-109.0745	-109.0745	-77.1282	0.7071	77.0559	0.7069	1.7e-04	0.5374
3834	-109.0836	-109.0836	-77.2378	0.7081	76.9592	0.7060	1.7e-04	0.5377
3835	-109.0624	-109.0624	-78.2075	0.7171	75.9154	0.6966	1.7e-04	0.5390
3836	-109.0685	-109.0685	-77.5596	0.7111	76.6436	0.7031	1.7e-04	0.5375
3837	-109.0816	-109.0816	-77.7106	0.7124	76.4851	0.7017	1.7e-04	0.5391
3838	-109.0946	-109.0946	-77.6387	0.7117	76.5633	0.7024	1.7e-04	0.5384
3839	-109.0931	-109.0931	-77.4466	0.7099	76.7861	0.7043	1.7e-04	0.5407
3840	-109.0916	-109.0916	-77.2266	0.7079	76.9970	0.7063	1.7e-04	0.5384
3841	-109.0882	-109.0882	-78.2843	0.7176	75.9162	0.6964	1.7e-04	0.5401
3842	-109.0792	-109.0792	-78.3474	0.7183	75.8486	0.6958	1.7e-04	0.5381
3843	-109.0702	-109.0702	-77.3893	0.7095	76.8089	0.7047	1.7e-04	0.5390
3844	-109.1051	-109.1051	-77.6281	0.7115	76.6086	0.7027	1.7e-04	0.5392
3845	-109.0917	-109.0917	-76.7979	0.7040	77.4068	0.7101	1.7e-04	0.5381
3846	-109.0759	-109.0759	-77.4485	0.7100	76.7409	0.7040	1.7e-04	0.5356
3847	-109.0785	-109.0785	-77.5653	0.7111	76.6376	0.7031	1.7e-04	0.5374
3848	-109.0726	-109.0726	-78.5396	0.7201	75.6354	0.6939	1.7e-04	0.5374
3849	-109.0819	-109.0819	-78.7985	0.7224	75.3688	0.6915	1.7e-04	0.5376
3850	-109.0968	-109.0968	-77.9555	0.7146	76.2466	0.6994	1.7e-04	0.5365
3851	-109.0862	-109.0862	-78.1959	0.7168	76.0000	0.6973	1.7e-04	0.5364
3852	-109.0766	-109.0766	-78.1260	0.7162	76.0669	0.6978	1.7e-04	0.5377
3853	-109.0785	-109.0785	-78.8245	0.7226	75.3396	0.6912	1.7e-04	0.5373
3854	-109.0879	-109.0879	-77.6559	0.7119	76.5599	0.7023	1.7e-04	0.5369
3855	-109.0886	-109.0886	-78.1719	0.7166	76.0287	0.6975	1.7e-04	0.5375
3856	-109.0749	-109.0749	-77.8479	0.7137	76.3458	0.7004	1.7e-04	0.5363
3857	-109.0879	-109.0879	-78.1198	0.7161	76.0775	0.6980	1.7e-04	0.5375
3858	-109.0873	-109.0873	-77.4060	0.7096	76.8000	0.7046	1.7e-04	0.5369
3859	-109.0744	-109.0744	-78.3977	0.7188	75.7843	0.6952	1.7e-04	0.5361
3860	-109.0767	-109.0767	-78.0740	0.7158	76.1158	0.6983	1.7e-04	0.5369
3861	-109.0875	-109.0875	-78.2924	0.7177	75.9008	0.6963	1.7e-04	0.5367
3862	-109.0731	-109.0731	-77.4259	0.7099	76.7621	0.7043	1.7e-04	0.5378
3863	-109.0810	-109.0810	-76.3226	0.6997	77.8726	0.7144	1.7e-04	0.5387
3864	-109.0710	-109.0710	-77.4988	0.7105	76.6966	0.7036	1.7e-04	0.5387
3865	-109.0690	-109.0690	-77.8178	0.7135	76.3686	0.7006	1.7e-04	0.5372
3866	-109.0842	-109.0842	-77.1563	0.7073	77.0468	0.7068	1.7e-04	0.5384
3867	-109.0863	-109.0863	-77.8778	0.7139	76.3189	0.7002	1.7e-04	0.5385
3868	-109.0967	-109.0967	-77.3893	0.7094	76.8257	0.7048	1.7e-04	0.5386
3869	-109.0751	-109.0751	-77.1563	0.7074	77.0464	0.7068	1.7e-04	0.5386
3870	-109.0869	-109.0869	-77.8874	0.7140	76.3221	0.7001	1.7e-04	0.5383
3871	-109.1017	-109.1017	-77.5089	0.7104	76.7280	0.7038	1.7e-04	0.5379
3872	-109.0713	-109.0713	-76.8687	0.7048	77.3266	0.7094	1.7e-04	0.5382
3873	-109.0733	-109.0733	-77.6628	0.7120	76.5150	0.7020	1.7e-04	0.5372
3874	-109.0729	-109.0729	-77.9475	0.7146	76.2338	0.6994	1.7e-04	0.5386
3875	-109.0862	-109.0862	-77.6053	0.7114	76.6113	0.7028	1.7e-04	0.5387
3876	-109.0792	-109.0792	-77.3980	0.7096	76.7656	0.7043	1.7e-04	0.5381
3877	-109.0928	-109.0928	-76.9181	0.7051	77.2973	0.7091	1.7e-04	0.5401
3878	-109.0893	-109.0893	-77.8302	0.7135	76.3441	0.7005	1.7e-04	0.5385
3879	-109.0616	-109.0616	-77.3569	0.7093	76.8360	0.7049	1.7e-04	0.5397
3880	-109.1035	-109.1035	-77.7130	0.7123	76.5225	0.7019	1.7e-04	0.5377
3881	-109.0832	-109.0832	-77.3360	0.7090	76.8644	0.7052	1.7e-04	0.5375
3882	-109.0854	-109.0854	-77.6276	0.7116	76.5842	0.7026	1.7e-04	0.5400
3883	-109.0754	-109.0754	-78.2216	0.7171	75.9410	0.6967	1.7e-04	0.5390
3884	-109.0955	-109.0955	-77.5853	0.7112	76.6051	0.7028	1.7e-04	0.5381
3885	-109.1069	-109.1069	-77.1442	0.7071	77.0846	0.7071	1.7e-04	0.5381
3886	-109.0833	-109.0833	-77.2528	0.7082	76.9547	0.7060	1.7e-04	0.5381
3887	-109.0565	-109.0565	-76.9886	0.7060	77.1865	0.7081	1.7e-04	0.5383
3888	-109.0729	-109.0729	-77.0022	0.7060	77.1995	0.7082	1.7e-04	0.5372
3889	-109.0696	-109.0696	-78.2263	0.7172	75.9429	0.6968	1.7e-04	0.5470
3890	-109.0780	-109.0780	-76.8421	0.7045	77.3560	0.7097	1.7e-04	0.5382
3891	-109.0874	-109.0874	-76.8629	0.7046	77.3333	0.7095	1.7e-04	0.5385
3892	-109.0728	-109.0728	-77.1660	0.7075	77.0335	0.7067	1.7e-04	0.5372
3893	-109.0875	-109.0875	-77.7297	0.7125	76.4645	0.7014	1.7e-04	0.5400
3894	-109.1073	-109.1073	-77.4895	0.7102	76.7430	0.7040	1.7e-04	0.5366
3895	-109.0821	-109.0821	-77.0097	0.7060	77.1950	0.7082	1.7e-04	0.5398
3896	-109.0828	-109.0828	-77.6086	0.7115	76.5885	0.7027	1.7e-04	0.5370
3897	-109.0693	-109.0693	-76.8720	0.7048	77.3258	0.7094	1.7e-04	0.5387
3898	-109.0820	-109.0820	-77.5476	0.7109	76.6534	0.7033	1.7e-04	0.5374
3899	-109.0886	-109.0886	-76.3475	0.6999	77.8500	0.7143	1.7e-04	0.5382
3900	-109.0886	-109.0886	-76.6705	0.7028	77.5359	0.7114	1.7e-04	0.5368
3901	-109.0888	-109.0888	-76.6006	0.7022	77.6104	0.7120	1.7e-04	0.5367
3902	-109.0943	-109.0943	-76.9362	0.7052	77.2879	0.7090	1.7e-04	0.5363
3903	-109.0990	-109.0990	-76.8869	0.7047	77.3416	0.7095	1.7e-04	0.5374
3904	-109.0697	-109.0697	-76.7664	0.7038	77.4025	0.7102	1.7e-04	0.5367
3905	-109.0906	-109.0906	-76.4603	0.7009	77.7467	0.7133	1.7e-04	0.5371
3906	-109.0560	-109.0560	-76.5763	0.7022	77.5899	0.7120	1.7e-04	0.5366
3907	-109.0818	-109.0818	-76.8862	0.7048	77.3043	0.7092	1.7e-04	0.5377
3908	-109.0798	-109.0798	-76.8951	0.7049	77.2563	0.7088	1.7e-04	0.5367
3909	-109.0883	-109.0883	-76.5103	0.7014	77.6844	0.7126	1.7e-04	0.5361
3910	-109.0860	-109.0860	-77.0301	0.7061	77.1836	0.7080	1.7e-04	0.5375
3911	-109.1046	-109.1046	-76.5836	0.7019	77.6365	0.7122	1.7e-04	0.5368
3912	-109.0847	-109.0847	-77.4043	0.7096	76.8114	0.7046	1.7e-04	0.5366
3913	-109.0952	-109.0952	-76.3417	0.6998	77.8554	0.7142	1.7e-04	0.5381
3914	-109.0805	-109.0805	-76.1261	0.6979	78.0609	0.7162	1.7e-04	0.5359
3915	-109.0873	-109.0873	-77.1951	0.7076	77.0226	0.7066	1.7e-04	0.5356
3916	-109.0695	-109.0695	-77.0544	0.7065	77.1222	0.7077	1.7e-04	0.5374
3917	-109.0778	-109.0778	-77.2829	0.7085	76.9077	0.7057	1.7e-04	0.5365
3918	-109.0817	-109.0817	-77.9011	0.7142	76.2922	0.7000	1.7e-04	0.5367
3919	-109.0793	-109.0793	-76.4160	0.7006	77.7716	0.7136	1.7e-04	0.5385
3920	-109.0807	-109.0807	-76.6130	0.7024	77.5761	0.7117	1.7e-04	0.5377
3921	-109.0904	-109.0904	-76.4733	0.7010	77.7370	0.7132	1.7e-04	0.5378
3922	-109.0643	-109.0643	-75.8424	0.6954	78.3294	0.7186	1.7e-04	0.5379
3923	-109.0985	-109.0985	-76.3847	0.7001	77.8169	0.7139	1.7e-04	0.5387
3924	-109.0820	-109.0820	-76.3639	0.7001	77.8358	0.7141	1.7e-04	0.5384
3925	-109.0787	-109.0787	-76.1489	0.6981	78.0252	0.7158	1.7e-04	0.5387
3926	-109.0869	-109.0869	-77.2493	0.7081	76.9621	0.7060	1.7e-04	0.5372
3927	-109.0862	-109.0862	-76.7020	0.7031	77.5136	0.7111	1.7e-04	0.5380
3928	-109.0825	-109.0825	-77.4959	0.7104	76.7057	0.7036	1.7e-04	0.5372
3929	-109.0929	-109.0929	-76.0176	0.6968	78.1941	0.7173	1.7e-04	0.5376
3930	-109.0740	-109.0740	-76.7642	0.7038	77.4269	0.7104	1.7e-04	0.5366
3931	-109.0719	-109.0719	-76.5669	0.7020	77.6223	0.7121	1.7e-04	0.5383
3932	-109.0727	-109.0727	-75.8132	0.6951	78.3556	0.7189	1.7e-04	0.5362
3933	-109.0734	-109.0734	-77.0378	0.7063	77.1634	0.7079	1.7e-04	0.5381
3934	-109.0798	-109.0798	-76.6251	0.7025	77.5731	0.7117	1.7e-04	0.5374
3935	-109.0911	-109.0911	-77.0344	0.7061	77.1855	0.7081	1.7e-04	0.5375
3936	-109.0858	-109.0858	-76.5308	0.7016	77.6724	0.7126	1.7e-04	0.5357
3937	-109.0822	-109.0822	-75.8505	0.6954	78.3312	0.7186	1.7e-04	0.5363
3938	-109.0569	-109.0569	-76.4290	0.7008	77.7414	0.7133	1.7e-04	0.5365
3939	-109.0873	-109.0873	-76.9172	0.7051	77.2927	0.7090	1.7e-04	0.5379
3940	-109.0927	-109.0927	-76.8463	0.7044	77.3767	0.7098	1.7e-04	0.5375
3941	-109.0877	-109.0877	-76.6736	0.7029	77.5348	0.7113	1.7e-04	0.5372
3942	-109.0893	-109.0893	-77.1181	0.7069	77.0992	0.7072	1.7e-04	0.5360
3943	-109.0844	-109.0844	-77.2755	0.7084	76.9422	0.7058	1.7e-04	0.5386
3944	-109.0733	-109.0733	-76.1463	0.6981	78.0473	0.7160	1.7e-04	0.5349
3945	-109.0932	-109.0932	-75.8806	0.6956	78.3115	0.7184	1.7e-04	0.5373
3946	-109.0909	-109.0910	-75.7523	0.6944	78.4458	0.7196	1.7e-04	0.5367
3947	-109.1008	-109.1008	-76.7717	0.7037	77.4394	0.7104	1.7e-04	0.5383
3948	-109.0737	-109.0737	-77.2033	0.7078	76.9888	0.7063	1.7e-04	0.5375
3949	-109.0941	-109.0941	-76.2378	0.6988	77.9707	0.7153	1.7e-04	0.5370
3950	-109.0966	-109.0966	-75.9970	0.6966	78.2192	0.7174	1.7e-04	0.5368
3951	-109.0928	-109.0928	-77.0531	0.7063	77.1612	0.7079	1.7e-04	0.5374
3952	-109.0856	-109.0856	-76.6648	0.7028	77.5512	0.7114	1.7e-04	0.5367
3953	-109.0707	-109.0707	-77.1668	0.7075	77.0037	0.7065	1.7e-04	0.5380
3954	-109.0737	-109.0737	-76.5823	0.7021	77.6157	0.7120	1.7e-04	0.5360
3955	-109.0786	-109.0786	-76.5243	0.7016	77.6629	0.7126	1.7e-04	0.5369
3956	-109.0783	-109.0783	-76.5671	0.7019	77.6414	0.7122	1.7e-04	0.5382
3957	-109.0735	-109.0735	-75.9977	0.6968	78.1784	0.7173	1.7e-04	0.5387
3958	-109.0721	-109.0721	-77.8553	0.7138	76.3416	0.7004	1.7e-04	0.5379
3959	-109.0684	-109.0684	-76.6274	0.7026	77.5587	0.7116	1.7e-04	0.5387
3960	-109.0831	-109.0831	-77.3354	0.7090	76.8620	0.7052	1.7e-04	0.5366
3961	-109.0717	-109.0717	-76.7558	0.7037	77.4368	0.7105	1.7e-04	0.5371
3962	-109.1106	-109.1106	-76.4066	0.7003	77.8334	0.7139	1.7e-04	0.5363
3963	-109.0861	-109.0861	-75.8337	0.6952	78.3571	0.7188	1.7e-04	0.5364
3964	-109.0808	-109.0808	-76.8548	0.7046	77.3484	0.7096	1.7e-04	0.5386
3965	-109.1057	-109.1057	-76.5813	0.7019	77.6356	0.7121	1.7e-04	0.5366
3966	-109.0806	-109.0806	-77.0874	0.7067	77.1088	0.7075	1.7e-04	0.5366
3967	-109.0759	-109.0759	-76.8921	0.7049	77.3064	0.7092	1.7e-04	0.5369
3968	-109.0798	-109.0799	-75.9903	0.6966	78.1723	0.7172	1.7e-04	0.5365
3969	-109.0674	-109.0674	-76.6944	0.7032	77.4971	0.7110	1.7e-04	0.5386
3970	-109.0758	-109.0758	-77.3241	0.7089	76.8710	0.7053	1.7e-04	0.5367
3971	-109.0829	-109.0829	-76.9505	0.7054	77.2485	0.7088	1.7e-04	0.5397
3972	-109.0665	-109.0665	-75.7083	0.6941	78.4515	0.7197	1.7e-04	0.5364
3973	-109.0914	-109.0914	-76.2414	0.6989	77.9620	0.7152	1.7e-04	0.5388
3974	-109.0900	-109.0900	-76.0832	0.6974	78.1109	0.7165	1.7e-04	0.5362
3975	-109.0716	-109.0716	-76.1562	0.6982	78.0197	0.7157	1.7e-04	0.5379
3976	-109.0900	-109.0900	-76.3928	0.7003	77.8145	0.7138	1.7e-04	0.5368
3977	-109.0942	-109.0943	-75.9688	0.6964	78.2325	0.7176	1.7e-04	0.5382
3978	-109.0826	-109.0826	-76.0835	0.6975	78.0935	0.7165	1.7e-04	0.5364
3979	-109.0822	-109.0822	-77.3623	0.7092	76.8571	0.7050	1.7e-04	0.5370
3980	-109.0861	-109.0861	-76.2558	0.6990	77.9554	0.7151	1.7e-04	0.5376
3981	-109.0935	-109.0935	-76.3822	0.7002	77.8364	0.7140	1.7e-04	0.5375
3982	-109.0847	-109.0847	-75.6488	0.6935	78.5277	0.7205	1.7e-04	0.5383
3983	-109.0727	-109.0727	-76.0379	0.6971	78.1295	0.7168	1.7e-04	0.5378
3984	-109.0798	-109.0798	-77.1822	0.7076	77.0234	0.7066	1.7e-04	0.5382
3985	-109.0728	-109.0728	-76.4710	0.7011	77.7296	0.7131	1.7e-04	0.5377
3986	-109.0869	-109.0869	-76.7839	0.7039	77.4257	0.7103	1.7e-04	0.5363
3987	-109.0907	-109.0907	-76.3170	0.6996	77.8626	0.7142	1.7e-04	0.5375
3988	-109.0904	-109.0904	-76.6718	0.7028	77.5405	0.7114	1.7e-04	0.5367
3989	-109.0833	-109.0833	-77.2793	0.7084	76.9237	0.7058	1.7e-04	0.5381
3990	-109.0727	-109.0727	-77.2657	0.7084	76.9383	0.7058	1.7e-04	0.5363
3991	-109.0836	-109.0836	-77.0737	0.7066	77.1233	0.7075	1.7e-04	0.5366
3992	-109.0727	-109.0727	-76.6324	0.7026	77.5662	0.7116	1.7e-04	0.5362
3993	-109.1044	-109.1044	-77.0913	0.7066	77.1358	0.7075	1.7e-04	0.5370
3994	-109.0894	-109.0894	-77.2118	0.7078	77.0112	0.7064	1.7e-04	0.5370
3995	-109.0893	-109.0893	-76.4318	0.7006	77.7478	0.7132	1.7e-04	0.5394
3996	-109.1101	-109.1101	-76.2567	0.6989	77.9555	0.7152	1.7e-04	0.5374
3997	-109.0948	-109.0948	-75.7764	0.6946	78.4293	0.7194	1.7e-04	0.5358
3998	-109.0911	-109.0911	-76.5656	0.7019	77.6471	0.7123	1.7e-04	0.5376
3999	-109.0941	-109.0941	-76.7305	0.7033	77.4669	0.7106	1.7e-04	0.5388
4000	-109.0955	-109.0955	-76.6826	0.7029	77.4910	0.7109	1.7e-04	0.5377
4001	-109.0859	-109.0859	-77.0690	0.7065	77.1272	0.7075	1.7e-04	0.5350
4002	-109.0824	-109.0824	-76.7381	0.7035	77.4439	0.7104	1.7e-04	0.5375
4003	-109.0948	-109.0948	-77.2343	0.7080	76.9931	0.7062	1.7e-04	0.5367
4004	-109.0668	-109.0668	-76.7164	0.7034	77.4717	0.7108	1.7e-04	0.5375
4005	-109.0967	-109.0967	-77.1248	0.7069	77.0535	0.7068	1.7e-04	0.5371
4006	-109.0796	-109.0796	-77.2730	0.7084	76.9240	0.7058	1.7e-04	0.5391
4007	-109.0707	-109.0707	-77.2352	0.7081	76.9591	0.7061	1.7e-04	0.5376
4008	-109.0909	-109.0909	-77.4426	0.7099	76.7690	0.7043	1.7e-04	0.5364
4009	-109.0958	-109.0958	-77.0494	0.7063	77.1648	0.7079	1.7e-04	0.5379
4010	-109.0962	-109.0962	-76.7991	0.7040	77.4275	0.7102	1.7e-04	0.5354
4011	-109.0903	-109.0903	-76.7489	0.7035	77.4680	0.7107	1.7e-04	0.5384
4012	-109.0856	-109.0856	-77.3179	0.7088	76.8923	0.7054	1.7e-04	0.5366
4013	-109.0753	-109.0753	-76.8273	0.7044	77.3613	0.7098	1.7e-04	0.5382
4014	-109.0804	-109.0804	-76.1821	0.6984	77.9990	0.7157	1.7e-04	0.5354
4015	-109.0863	-109.0863	-76.7097	0.7032	77.4969	0.7109	1.7e-04	0.5359
4016	-109.1029	-109.1029	-76.7751	0.7037	77.4540	0.7105	1.7e-04	0.5375
4017	-109.0873	-109.0873	-75.9461	0.6962	78.2480	0.7179	1.7e-04	0.5363
4018	-109.0792	-109.0793	-75.4526	0.6917	78.7109	0.7222	1.7e-04	0.5370
4019	-109.0896	-109.0896	-76.5385	0.7016	77.6573	0.7124	1.7e-04	0.5375
4020	-109.0785	-109.0785	-76.2750	0.6993	77.9143	0.7148	1.7e-04	0.5357
4021	-109.0955	-109.0956	-75.4973	0.6920	78.7021	0.7219	1.7e-04	0.5383
4022	-109.0969	-109.0969	-76.3521	0.6999	77.8603	0.7142	1.7e-04	0.5365
4023	-109.1032	-109.1032	-76.6471	0.7025	77.5795	0.7116	1.7e-04	0.5368
4024	-109.0731	-109.0732	-75.6676	0.6937	78.4809	0.7200	1.7e-04	0.5377
4025	-109.0972	-109.0972	-76.9719	0.7055	77.2562	0.7087	1.7e-04	0.5367
4026	-109.0924	-109.0924	-76.8473	0.7044	77.3608	0.7097	1.7e-04	0.5376
4027	-109.0832	-109.0834	-74.8262	0.6860	79.3317	0.7276	1.7e-04	0.5365
4028	-109.0798	-109.0799	-75.4469	0.6917	78.7130	0.7222	1.7e-04	0.5355
4029	-109.0740	-109.0742	-74.7252	0.6851	79.4052	0.7284	1.7e-04	0.5363
4030	-109.0828	-109.0828	-75.8311	0.6952	78.3521	0.7188	1.7e-04	0.5372
4031	-109.0700	-109.0700	-76.0308	0.6971	78.1587	0.7170	1.7e-04	0.5383
4032	-109.0911	-109.0911	-76.7695	0.7037	77.4511	0.7105	1.7e-04	0.5372
4033	-109.0945	-109.0945	-75.7507	0.6944	78.4225	0.7195	1.7e-04	0.5370
4034	-109.0959	-109.0959	-76.0455	0.6971	78.1580	0.7170	1.7e-04	0.5364
4035	-109.0897	-109.0897	-76.1879	0.6984	78.0258	0.7157	1.7e-04	0.5383
4036	-109.0807	-109.0807	-75.9682	0.6964	78.2317	0.7176	1.7e-04	0.5377
4037	-109.0823	-109.0823	-76.5682	0.7019	77.6422	0.7122	1.7e-04	0.5358
4038	-109.0686	-109.0686	-76.0476	0.6972	78.1261	0.7168	1.7e-04	0.5359
4039	-109.0619	-109.0619	-76.5246	0.7017	77.6612	0.7124	1.7e-04	0.5372
4040	-109.0902	-109.0902	-76.5223	0.7015	77.6823	0.7127	1.7e-04	0.5359
4041	-109.0810	-109.0810	-77.9919	0.7150	76.2032	0.6991	1.7e-04	0.5378
4042	-109.0770	-109.0770	-76.7626	0.7037	77.4221	0.7103	1.7e-04	0.5373
4043	-109.1001	-109.1001	-76.7654	0.7036	77.4627	0.7106	1.7e-04	0.5369
4044	-109.0863	-109.0863	-76.5009	0.7013	77.7092	0.7128	1.7e-04	0.5380
4045	-109.0719	-109.0719	-77.3227	0.7089	76.8751	0.7053	1.7e-04	0.5367
4046	-109.0901	-109.0901	-76.9004	0.7049	77.2887	0.7090	1.7e-04	0.5368
4047	-109.0781	-109.0781	-77.2468	0.7082	76.9481	0.7060	1.7e-04	0.5383
4048	-109.0782	-109.0782	-77.6344	0.7117	76.5714	0.7024	1.7e-04	0.5367
4049	-109.0772	-109.0772	-76.3679	0.7001	77.8318	0.7140	1.7e-04	0.5371
4050	-109.0955	-109.0955	-77.4178	0.7096	76.8001	0.7045	1.7e-04	0.5363
4051	-109.0728	-109.0728	-76.4672	0.7011	77.7274	0.7131	1.7e-04	0.5357
4052	-109.0754	-109.0754	-78.3398	0.7182	75.8367	0.6957	1.7e-04	0.5370
4053	-109.0997	-109.0997	-77.1162	0.7068	77.1244	0.7074	1.7e-04	0.5367
4054	-109.0685	-109.0685	-77.2873	0.7086	76.9022	0.7056	1.7e-04	0.5377
4055	-109.0785	-109.0785	-76.7815	0.7039	77.4147	0.7101	1.7e-04	0.5377
4056	-109.0835	-109.0835	-77.4067	0.7096	76.7970	0.7046	1.7e-04	0.5369
4057	-109.1068	-109.1068	-78.2920	0.7176	75.9292	0.6964	1.7e-04	0.5371
4058	-109.0995	-109.0995	-78.0020	0.7150	76.2163	0.6992	1.7e-04	0.5359
4059	-109.0916	-109.0916	-77.2587	0.7082	76.9618	0.7060	1.7e-04	0.5382
4060	-109.0879	-109.0879	-77.8312	0.7135	76.3895	0.7007	1.7e-04	0.5374
4061	-109.0664	-109.0664	-78.3096	0.7180	75.8508	0.6960	1.7e-04	0.5358
4062	-109.0750	-109.0750	-77.5383	0.7109	76.6557	0.7033	1.7e-04	0.5372
4063	-109.0990	-109.0990	-77.8913	0.7140	76.3147	0.7002	1.7e-04	0.5365
4064	-109.0905	-109.0905	-77.7431	0.7126	76.4591	0.7015	1.7e-04	0.5357
4065	-109.0792	-109.0792	-77.5941	0.7114	76.6024	0.7028	1.7e-04	0.5385
4066	-109.0862	-109.0862	-77.9176	0.7143	76.2916	0.6999	1.7e-04	0.5383
4067	-109.0781	-109.0781	-78.4588	0.7193	75.7118	0.6947	1.7e-04	0.5391
4068	-109.0921	-109.0921	-78.0548	0.7155	76.1555	0.6986	1.7e-04	0.5371
4069	-109.0626	-109.0626	-78.0337	0.7155	76.1402	0.6986	1.7e-04	0.5356
4070	-109.0881	-109.0881	-77.3181	0.7088	76.8904	0.7054	1.7e-04	0.5366
4071	-109.1004	-109.1004	-77.2673	0.7082	76.9466	0.7060	1.7e-04	0.5372
4072	-109.0892	-109.0892	-77.4932	0.7104	76.7093	0.7038	1.7e-04	0.5388
4073	-109.0815	-109.0815	-77.3740	0.7093	76.8227	0.7049	1.7e-04	0.5369
4074	-109.0648	-109.0648	-78.0144	0.7153	76.1715	0.6987	1.7e-04	0.5373
4075	-109.0817	-109.0817	-78.1119	0.7161	76.0692	0.6979	1.7e-04	0.5362
4076	-109.0623	-109.0623	-77.9728	0.7149	76.1892	0.6991	1.7e-04	0.5374
4077	-109.0804	-109.0804	-77.3518	0.7091	76.8331	0.7049	1.7e-04	0.5363
4078	-109.0759	-109.0759	-76.8081	0.7042	77.3858	0.7099	1.7e-04	0.5372
4079	-109.0902	-109.0902	-76.7877	0.7039	77.4300	0.7103	1.7e-04	0.5368
4080	-109.0793	-109.0793	-77.5891	0.7113	76.6012	0.7029	1.7e-04	0.5376
4081	-109.0919	-109.0919	-77.7982	0.7131	76.4219	0.7010	1.7e-04	0.5362
4082	-109.0740	-109.0740	-77.6017	0.7115	76.5949	0.7027	1.7e-04	0.5369
4083	-109.0767	-109.0767	-77.9844	0.7149	76.2032	0.6992	1.7e-04	0.5393
4084	-109.0795	-109.0795	-76.9336	0.7053	77.2742	0.7089	1.7e-04	0.5370
4085	-109.0721	-109.0721	-77.2301	0.7081	76.9534	0.7060	1.7e-04	0.5393
4086	-109.0822	-109.0822	-76.3039	0.6995	77.8933	0.7146	1.7e-04	0.5364
4087	-109.0759	-109.0759	-77.8617	0.7138	76.3250	0.7003	1.7e-04	0.5366
4088	-109.1128	-109.1128	-76.3988	0.7002	77.8095	0.7138	1.7e-04	0.5363
4089	-109.0915	-109.0915	-77.1424	0.7071	77.0642	0.7070	1.7e-04	0.5365
4090	-109.0895	-109.0895	-76.1500	0.6981	78.0505	0.7160	1.6e-04	0.5374
4091	-109.0773	-109.0773	-76.6380	0.7026	77.5493	0.7116	1.6e-04	0.5377
4092	-109.0598	-109.0598	-77.5834	0.7114	76.5897	0.7027	1.6e-04	0.5385
4093	-109.0838	-109.0838	-76.9508	0.7054	77.2434	0.7088	1.6e-04	0.5372
4094	-109.0898	-109.0898	-76.9854	0.7057	77.2328	0.7085	1.6e-04	0.5377
4095	-109.1038	-109.1038	-77.1922	0.7075	77.0272	0.7066	1.6e-04	0.5373
4096	-109.0851	-109.0851	-77.0532	0.7064	77.1443	0.7078	1.6e-04	0.5378
4097	-109.0846	-109.0846	-78.2269	0.7171	75.9649	0.6969	1.6e-04	0.5367
4098	-109.1001	-109.1001	-77.3740	0.7092	76.8521	0.7050	1.6e-04	0.5352
4099	-109.0980	-109.0980	-76.5196	0.7014	77.6869	0.7127	1.6e-04	0.5388
4100	-109.1068	-109.1068	-77.0498	0.7062	77.1829	0.7080	1.6e-04	0.5360
4101	-109.0623	-109.0623	-76.7179	0.7034	77.4647	0.7107	1.6e-04	0.5350
4102	-109.0954	-109.0954	-77.1582	0.7073	77.0628	0.7070	1.6e-04	0.5379
4103	-109.0968	-109.0968	-77.5594	0.7109	76.6526	0.7033	1.6e-04	0.5367
4104	-109.0853	-109.0853	-77.1145	0.7069	77.0687	0.7071	1.6e-04	0.5366
4105	-109.0704	-109.0704	-77.2218	0.7080	76.9931	0.7062	1.6e-04	0.5383
4106	-109.0919	-109.0919	-76.2276	0.6987	77.9634	0.7153	1.6e-04	0.5364
4107	-109.0816	-109.0816	-76.9264	0.7052	77.2656	0.7089	1.6e-04	0.5383
4108	-109.0820	-109.0820	-77.0867	0.7067	77.1151	0.7075	1.6e-04	0.5371
4109	-109.0793	-109.0793	-77.0154	0.7060	77.1666	0.7080	1.6e-04	0.5380
4110	-109.0793	-109.0793	-76.5649	0.7019	77.6290	0.7123	1.6e-04	0.5379
4111	-109.0881	-109.0881	-76.2277	0.6988	77.9558	0.7152	1.6e-04	0.5375
4112	-109.0942	-109.0942	-76.6482	0.7026	77.5737	0.7116	1.6e-04	0.5356
4113	-109.0812	-109.0812	-77.1557	0.7073	77.0493	0.7069	1.6e-04	0.5388
4114	-109.0772	-109.0772	-76.4700	0.7011	77.7077	0.7130	1.6e-04	0.5368
4115	-109.0866	-109.0866	-77.0114	0.7060	77.1900	0.7082	1.6e-04	0.5373
4116	-109.0833	-109.0833	-76.2279	0.6988	77.9708	0.7153	1.6e-04	0.5370
4117	-109.0988	-109.0988	-76.4925	0.7011	77.7282	0.7130	1.6e-04	0.5367
4118	-109.0875	-109.0875	-76.9989	0.7058	77.2083	0.7084	1.6e-04	0.5381
4119	-109.0835	-109.0835	-76.9335	0.7053	77.2698	0.7089	1.6e-04	0.5369
4120	-109.0949	-109.0949	-76.7273	0.7033	77.4536	0.7105	1.6e-04	0.5369
4121	-109.0961	-109.0961	-75.9573	0.6962	78.2378	0.7178	1.6e-04	0.5373
4122	-109.1057	-109.1057	-76.1204	0.6977	78.0966	0.7164	1.6e-04	0.5385
4123	-109.0908	-109.0908	-77.3467	0.7090	76.8773	0.7051	1.6e-04	0.5391
4124	-109.0969	-109.0969	-76.9406	0.7052	77.2838	0.7090	1.6e-04	0.5375
4125	-109.0896	-109.0896	-76.8360	0.7043	77.3757	0.7098	1.6e-04	0.5368
4126	-109.0937	-109.0937	-76.6341	0.7025	77.5721	0.7117	1.6e-04	0.5370
4127	-109.0944	-109.0944	-76.3789	0.7001	77.8283	0.7140	1.6e-04	0.5370
4128	-109.0871	-109.0871	-77.1582	0.7073	77.0374	0.7068	1.6e-04	0.5375
4129	-109.0848	-109.0848	-76.6659	0.7028	77.5429	0.7113	1.6e-04	0.5365
4130	-109.1060	-109.1060	-77.3562	0.7090	76.8624	0.7051	1.6e-04	0.5364
4131	-109.0910	-109.0910	-76.8520	0.7045	77.3648	0.7097	1.6e-04	0.5374
4132	-109.0930	-109.0930	-76.8284	0.7042	77.3986	0.7100	1.6e-04	0.5361
4133	-109.0861	-109.0861	-76.7646	0.7037	77.4393	0.7104	1.6e-04	0.5371
4134	-109.0643	-109.0643	-77.8081	0.7134	76.3665	0.7007	1.6e-04	0.5374
4135	-109.0811	-109.0811	-76.8167	0.7042	77.3894	0.7099	1.6e-04	0.5379
4136	-109.0650	-109.0650	-75.9634	0.6965	78.2001	0.7175	1.6e-04	0.5379
4137	-109.0980	-109.0980	-77.5466	0.7108	76.6913	0.7034	1.6e-04	0.5363
4138	-109.0906	-109.0906	-76.2289	0.6988	77.9663	0.7153	1.6e-04	0.5360
4139	-109.0956	-109.0956	-75.9010	0.6957	78.2892	0.7183	1.6e-04	0.5380
4140	-109.0738	-109.0738	-76.3427	0.6999	77.8306	0.7141	1.6e-04	0.5381
4141	-109.0768	-109.0768	-77.0572	0.7064	77.1395	0.7077	1.6e-04	0.5363
4142	-109.0714	-109.0714	-77.6602	0.7120	76.5273	0.7021	1.6e-04	0.5364
4143	-109.0914	-109.0914	-76.6650	0.7028	77.5385	0.7113	1.6e-04	0.5360
4144	-109.0955	-109.0955	-77.1992	0.7076	77.0232	0.7065	1.6e-04	0.5361
4145	-109.0878	-109.0878	-77.5434	0.7108	76.6586	0.7034	1.6e-04	0.5364
4146	-109.1014	-109.1014	-76.2484	0.6989	77.9596	0.7152	1.6e-04	0.5379
4147	-109.0937	-109.0937	-76.7066	0.7031	77.4967	0.7110	1.6e-04	0.5379
4148	-109.0950	-109.0950	-77.5594	0.7109	76.6387	0.7031	1.6e-04	0.5372
4149	-109.0782	-109.0782	-78.1001	0.7160	76.0907	0.6981	1.6e-04	0.5362
4150	-109.0722	-109.0722	-78.6544	0.7211	75.5011	0.6927	1.6e-04	0.5371
4151	-109.0805	-109.0805	-77.7432	0.7127	76.4514	0.7015	1.6e-04	0.5379
4152	-109.0826	-109.0826	-77.2792	0.7084	76.9177	0.7057	1.6e-04	0.5370
4153	-109.0905	-109.0905	-77.4357	0.7098	76.7760	0.7043	1.6e-04	0.5380
4154	-109.1025	-109.1025	-77.7110	0.7123	76.4841	0.7016	1.6e-04	0.5362
4155	-109.0803	-109.0803	-77.1347	0.7071	77.0728	0.7070	1.6e-04	0.5362
4156	-109.0786	-109.0786	-76.8788	0.7048	77.3154	0.7093	1.6e-04	0.5379
4157	-109.0951	-109.0951	-77.0843	0.7066	77.1125	0.7075	1.6e-04	0.5376
4158	-109.0827	-109.0827	-77.1236	0.7070	77.0759	0.7071	1.6e-04	0.5376
4159	-109.0930	-109.0930	-77.4737	0.7102	76.7443	0.7040	1.6e-04	0.5381
4160	-109.0696	-109.0696	-77.5869	0.7114	76.5929	0.7028	1.6e-04	0.5369
4161	-109.0695	-109.0695	-78.1321	0.7164	76.0457	0.6976	1.6e-04	0.5367
4162	-109.0956	-109.0956	-76.9427	0.7053	77.2762	0.7089	1.6e-04	0.5355
4163	-109.0743	-109.0743	-77.3859	0.7095	76.7795	0.7045	1.6e-04	0.5376
4164	-109.0701	-109.0701	-77.8507	0.7138	76.3240	0.7003	1.6e-04	0.5375
4165	-109.0815	-109.0815	-76.8954	0.7049	77.3047	0.7092	1.6e-04	0.5369
4166	-109.0796	-109.0796	-77.6904	0.7122	76.5075	0.7019	1.6e-04	0.5373
4167	-109.0962	-109.0962	-77.2097	0.7077	77.0066	0.7064	1.6e-04	0.5362
4168	-109.0944	-109.0944	-77.6352	0.7116	76.5789	0.7025	1.6e-04	0.5374
4169	-109.0892	-109.0892	-77.2863	0.7085	76.9213	0.7056	1.6e-04	0.5376
4170	-109.0826	-109.0826	-76.8736	0.7047	77.2755	0.7090	1.6e-04	0.5365
4171	-109.0716	-109.0716	-77.1659	0.7075	77.0409	0.7067	1.6e-04	0.5391
4172	-109.0886	-109.0886	-76.2434	0.6989	77.9501	0.7151	1.6e-04	0.5367
4173	-109.0939	-109.0939	-76.8684	0.7046	77.3514	0.7096	1.6e-04	0.5384
4174	-109.0985	-109.0985	-77.1882	0.7075	77.0242	0.7067	1.6e-04	0.5370
4175	-109.0766	-109.0766	-76.6486	0.7027	77.5372	0.7114	1.6e-04	0.5365
4176	-109.0946	-109.0946	-77.0900	0.7066	77.1339	0.7076	1.6e-04	0.5380
4177	-109.0853	-109.0853	-76.5077	0.7014	77.6994	0.7128	1.6e-04	0.5373
4178	-109.0726	-109.0726	-76.0249	0.6970	78.1441	0.7169	1.6e-04	0.5361
4179	-109.0695	-109.0695	-76.5806	0.7021	77.6148	0.7120	1.6e-04	0.5368
4180	-109.0919	-109.0919	-77.1924	0.7076	77.0215	0.7066	1.6e-04	0.5362
4181	-109.0642	-109.0642	-76.9326	0.7054	77.2502	0.7088	1.6e-04	0.5365
4182	-109.0728	-109.0728	-76.1013	0.6977	78.0828	0.7163	1.6e-04	0.5376
4183	-109.0962	-109.0962	-77.4780	0.7102	76.7443	0.7040	1.6e-04	0.5387
4184	-109.1038	-109.1038	-76.3475	0.6998	77.8800	0.7144	1.6e-04	0.5363
4185	-109.1001	-109.1001	-76.0891	0.6974	78.1108	0.7166	1.6e-04	0.5382
4186	-109.0911	-109.0911	-76.1978	0.6985	78.0102	0.7156	1.6e-04	0.5373
4187	-109.0787	-109.0787	-76.8181	0.7042	77.3784	0.7099	1.6e-04	0.5394
4188	-109.0928	-109.0928	-76.6037	0.7022	77.6188	0.7120	1.6e-04	0.5370
4189	-109.0726	-109.0726	-76.0971	0.6977	78.0291	0.7159	1.6e-04	0.5364
4190	-109.0810	-109.0810	-77.3827	0.7094	76.8119	0.7048	1.6e-04	0.5372
4191	-109.0661	-109.0661	-77.0928	0.7068	77.0564	0.7070	1.6e-04	0.5366
4192	-109.0843	-109.0843	-77.0684	0.7065	77.1233	0.7076	1.6e-04	0.5377
4193	-109.0697	-109.0697	-77.0112	0.7061	77.1899	0.7081	1.6e-04	0.5382
4194	-109.0961	-109.0961	-76.7004	0.7031	77.5046	0.7110	1.6e-04	0.5369
4195	-109.0976	-109.0976	-76.1946	0.6984	78.0108	0.7157	1.6e-04	0.5400
4196	-109.0898	-109.0898	-76.8098	0.7041	77.3969	0.7101	1.6e-04	0.5358
4197	-109.0814	-109.0814	-76.3996	0.7004	77.8135	0.7138	1.6e-04	0.5374
4198	-109.0880	-109.0880	-77.1321	0.7071	77.0613	0.7070	1.6e-04	0.5362
4199	-109.0816	-109.0816	-77.0645	0.7065	77.1323	0.7077	1.6e-04	0.5383
4200	-109.0987	-109.0987	-76.0092	0.6967	78.1983	0.7173	1.6e-04	0.5368
4201	-109.0877	-109.0877	-76.6689	0.7028	77.5241	0.7112	1.6e-04	0.5353
4202	-109.0942	-109.0942	-76.4081	0.7004	77.7984	0.7137	1.6e-04	0.5382
4203	-109.0851	-109.0851	-77.0679	0.7065	77.1467	0.7077	1.6e-04	0.5354
4204	-109.0799	-109.0799	-76.9601	0.7055	77.2398	0.7087	1.6e-04	0.5361
4205	-109.0818	-109.0818	-76.3669	0.7001	77.7999	0.7138	1.6e-04	0.5379
4206	-109.0861	-109.0861	-76.1628	0.6982	78.0394	0.7159	1.6e-04	0.5367
4207	-109.0777	-109.0777	-77.0452	0.7063	77.1419	0.7078	1.6e-04	0.5391
4208	-109.0647	-109.0647	-76.2691	0.6993	77.9063	0.7148	1.6e-04	0.5365
4209	-109.0888	-109.0888	-76.8538	0.7045	77.3379	0.7096	1.6e-04	0.5368
4210	-109.0868	-109.0868	-77.5225	0.7107	76.6656	0.7034	1.6e-04	0.5377
4211	-109.0817	-109.0817	-77.0617	0.7065	77.1385	0.7076	1.6e-04	0.5377
4212	-109.0812	-109.0812	-77.6884	0.7122	76.5088	0.7019	1.6e-04	0.5391
4213	-109.0891	-109.0891	-77.4516	0.7100	76.7609	0.7042	1.6e-04	0.5365
4214	-109.0823	-109.0823	-76.4685	0.7010	77.7329	0.7131	1.6e-04	0.5379
4215	-109.0758	-109.0758	-75.6992	0.6940	78.4642	0.7200	1.6e-04	0.5370
4216	-109.0976	-109.0976	-76.5875	0.7020	77.5839	0.7118	1.6e-04	0.5365
4217	-109.0801	-109.0801	-76.2018	0.6986	77.9949	0.7155	1.6e-04	0.5373
4218	-109.0932	-109.0932	-77.1721	0.7074	77.0106	0.7065	1.6e-04	0.5381
4219	-109.0851	-109.0851	-76.2408	0.6989	77.9547	0.7152	1.6e-04	0.5378
4220	-109.0933	-109.0933	-76.3865	0.7002	77.8261	0.7139	1.6e-04	0.5357
4221	-109.0826	-109.0826	-76.8508	0.7045	77.3555	0.7097	1.6e-04	0.5379
4222	-109.0853	-109.0853	-76.5252	0.7015	77.6727	0.7126	1.6e-04	0.5365
4223	-109.0587	-109.0588	-75.4368	0.6917	78.6972	0.7222	1.6e-04	0.5376
4224	-109.0841	-109.0842	-75.9339	0.6961	78.2422	0.7179	1.6e-04	0.5369
4225	-109.0865	-109.0865	-76.0751	0.6974	78.0983	0.7166	1.6e-04	0.5366
4226	-109.0927	-109.0928	-75.7642	0.6945	78.4297	0.7195	1.6e-04	0.5373
4227	-109.0831	-109.0831	-75.7951	0.6948	78.3973	0.7192	1.6e-04	0.5361
4228	-109.0789	-109.0791	-74.6623	0.6845	79.4436	0.7289	1.6e-04	0.5375
4229	-109.0761	-109.0762	-75.0522	0.6881	79.0698	0.7254	1.6e-04	0.5370
4230	-109.0781	-109.0781	-76.1270	0.6979	78.0574	0.7160	1.6e-04	0.5369
4231	-109.0850	-109.0852	-75.0668	0.6881	79.0866	0.7255	1.6e-04	0.5387
4232	-109.1076	-109.1076	-75.5882	0.6928	78.6076	0.7211	1.6e-04	0.5365
4233	-109.0893	-109.0895	-74.7164	0.6849	79.4230	0.7286	1.6e-04	0.5376
4234	-109.0810	-109.0810	-75.4929	0.6921	78.6377	0.7216	1.6e-04	0.5359
4235	-109.1017	-109.1021	-74.2226	0.6803	79.8901	0.7328	1.6e-04	0.5379
4236	-109.0802	-109.0804	-74.9852	0.6874	79.1608	0.7262	1.6e-04	0.5369
4237	-109.0882	-109.0883	-75.2697	0.6900	78.8960	0.7238	1.6e-04	0.5369
4238	-109.0920	-109.0920	-76.3029	0.6994	77.8974	0.7146	1.6e-04	0.5357
4239	-109.0920	-109.0920	-76.2231	0.6987	77.9753	0.7153	1.6e-04	0.5358
4240	-109.0806	-109.0806	-76.4814	0.7011	77.7283	0.7130	1.6e-04	0.5373
4241	-109.0800	-109.0800	-75.8262	0.6951	78.3463	0.7189	1.6e-04	0.5365
4242	-109.0873	-109.0874	-75.5714	0.6928	78.6157	0.7212	1.6e-04	0.5380
4243	-109.0838	-109.0839	-75.9326	0.6961	78.2567	0.7179	1.6e-04	0.5379
4244	-109.0712	-109.0712	-75.8960	0.6958	78.2682	0.7182	1.6e-04	0.5365
4245	-109.0876	-109.0876	-75.8052	0.6949	78.3692	0.7190	1.6e-04	0.5376
4246	-109.0754	-109.0754	-76.3559	0.7000	77.8354	0.7141	1.6e-04	0.5369
4247	-109.0784	-109.0784	-77.0177	0.7061	77.1885	0.7081	1.6e-04	0.5368
4248	-109.0826	-109.0826	-76.4743	0.7011	77.7222	0.7131	1.6e-04	0.5379
4249	-109.0848	-109.0848	-76.0105	0.6968	78.1766	0.7173	1.6e-04	0.5367
4250	-109.1041	-109.1041	-76.2078	0.6985	78.0002	0.7156	1.6e-04	0.5372
4251	-109.0992	-109.0992	-76.3961	0.7002	77.8053	0.7138	1.6e-04	0.5379
4252	-109.0817	-109.0817	-76.4872	0.7012	77.7197	0.7129	1.6e-04	0.5388
4253	-109.0862	-109.0862	-76.5856	0.7021	77.6179	0.7120	1.6e-04	0.5368
4254	-109.0850	-109.0850	-75.8178	0.6950	78.3687	0.7189	1.6e-04	0.5378
4255	-109.0805	-109.0806	-75.7030	0.6940	78.4735	0.7200	1.6e-04	0.5367
4256	-109.0981	-109.0981	-75.9943	0.6966	78.2213	0.7174	1.6e-04	0.5379
4257	-109.1072	-109.1072	-76.2768	0.6991	77.9447	0.7150	1.6e-04	0.5375
4258	-109.0812	-109.0813	-75.7668	0.6946	78.4051	0.7193	1.6e-04	0.5367
4259	-109.0905	-109.0905	-76.4456	0.7008	77.7597	0.7133	1.6e-04	0.5379
4260	-109.0983	-109.0984	-75.2534	0.6898	78.9155	0.7240	1.6e-04	0.5354
4261	-109.0922	-109.0923	-76.1791	0.6983	78.0350	0.7158	1.6e-04	0.5385
4262	-109.0819	-109.0819	-76.6944	0.7031	77.5054	0.7111	1.6e-04	0.5368
4263	-109.0687	-109.0687	-75.9140	0.6960	78.2624	0.7180	1.6e-04	0.5376
4264	-109.0737	-109.0737	-76.5231	0.7016	77.6675	0.7125	1.6e-04	0.5357
4265	-109.0750	-109.0751	-75.1160	0.6887	79.0096	0.7249	1.6e-04	0.5383
4266	-109.0790	-109.0790	-77.1581	0.7074	77.0410	0.7067	1.6e-04	0.5359
4267	-109.0825	-109.0825	-76.4100	0.7005	77.7809	0.7135	1.6e-04	0.5363
4268	-109.0869	-109.0869	-75.6621	0.6936	78.5264	0.7204	1.6e-04	0.5369
4269	-109.0801	-109.0801	-76.3208	0.6997	77.8744	0.7144	1.6e-04	0.5372
4270	-109.0737	-109.0737	-76.4196	0.7006	77.7604	0.7133	1.6e-04	0.5363
4271	-109.1061	-109.1061	-76.0408	0.6969	78.1778	0.7170	1.6e-04	0.5363
4272	-109.0781	-109.0781	-75.8913	0.6958	78.2960	0.7182	1.6e-04	0.5369
4273	-109.0940	-109.0941	-75.7882	0.6947	78.4034	0.7193	1.6e-04	0.5373
4274	-109.0804	-109.0804	-75.9733	0.6965	78.2134	0.7174	1.6e-04	0.5371
4275	-109.0944	-109.0944	-76.8542	0.7045	77.3740	0.7097	1.6e-04	0.5366
4276	-109.0873	-109.0873	-76.4164	0.7005	77.7786	0.7136	1.6e-04	0.5357
4277	-109.0943	-109.0943	-76.0243	0.6969	78.1781	0.7172	1.6e-04	0.5376
4278	-109.0892	-109.0892	-76.5966	0.7021	77.6073	0.7120	1.6e-04	0.5371
4279	-109.0757	-109.0757	-77.2506	0.7082	76.9326	0.7058	1.6e-04	0.5360
4280	-109.0724	-109.0724	-76.6041	0.7023	77.5903	0.7118	1.6e-04	0.5374
4281	-109.0936	-109.0936	-76.6349	0.7025	77.5830	0.7117	1.6e-04	0.5357
4282	-109.0858	-109.0858	-76.2866	0.6993	77.9223	0.7148	1.6e-04	0.5373
4283	-109.0872	-109.0873	-75.9027	0.6958	78.2917	0.7182	1.6e-04	0.5389
4284	-109.0955	-109.0955	-76.7265	0.7033	77.4831	0.7108	1.6e-04	0.5369
4285	-109.0881	-109.0881	-76.7940	0.7040	77.3965	0.7100	1.6e-04	0.5387
4286	-109.0858	-109.0858	-77.4120	0.7096	76.7955	0.7045	1.6e-04	0.5359
4287	-109.1055	-109.1055	-76.6015	0.7021	77.6350	0.7121	1.6e-04	0.5365
4288	-109.0901	-109.0901	-75.9888	0.6966	78.2031	0.7175	1.6e-04	0.5367
4289	-109.0661	-109.0661	-76.0733	0.6975	78.0989	0.7166	1.6e-04	0.5375
4290	-109.0834	-109.0834	-76.1568	0.6982	78.0459	0.7159	1.6e-04	0.5373
4291	-109.0772	-109.0773	-75.2583	0.6900	78.8950	0.7238	1.6e-04	0.5381
4292	-109.0929	-109.0929	-75.5583	0.6926	78.6331	0.7213	1.6e-04	0.5367
4293	-109.0981	-109.0982	-75.2239	0.6895	78.9423	0.7243	1.6e-04	0.5360
4294	-109.0761	-109.0761	-76.1935	0.6985	78.0050	0.7156	1.6e-04	0.5381
4295	-109.0677	-109.0677	-76.2689	0.6993	77.9117	0.7148	1.6e-04	0.5376
4296	-109.0888	-109.0888	-75.9692	0.6964	78.2376	0.7176	1.6e-04	0.5369
4297	-109.0913	-109.0914	-75.2469	0.6898	78.9097	0.7239	1.6e-04	0.5371
4298	-109.0591	-109.0592	-75.5572	0.6928	78.5690	0.7209	1.6e-04	0.5363
4299	-109.0796	-109.0797	-75.1142	0.6886	79.0199	0.7250	1.6e-04	0.5370
4300	-109.0822	-109.0822	-75.6821	0.6938	78.4996	0.7202	1.6e-04	0.5366
4301	-109.0733	-109.0733	-75.4951	0.6921	78.6527	0.7216	1.6e-04	0.5363
4302	-109.0876	-109.0877	-75.5000	0.6921	78.6826	0.7218	1.6e-04	0.5382
4303	-109.0798	-109.0799	-75.2242	0.6896	78.9204	0.7240	1.6e-04	0.5378
4304	-109.0997	-109.0998	-75.6223	0.6931	78.5768	0.7208	1.6e-04	0.5358
4305	-109.1028	-109.1029	-75.9985	0.6966	78.2137	0.7174	1.6e-04	0.5374
4306	-109.0751	-109.0751	-76.3117	0.6996	77.8745	0.7145	1.6e-04	0.5372
4307	-109.0911	-109.0911	-76.3060	0.6995	77.9037	0.7146	1.6e-04	0.5378
4308	-109.0816	-109.0816	-76.1313	0.6979	78.0701	0.7161	1.6e-04	0.5375
4309	-109.0666	-109.0666	-75.9706	0.6966	78.2045	0.7175	1.6e-04	0.5390
4310	-109.0765	-109.0765	-76.8215	0.7043	77.3775	0.7099	1.6e-04	0.5360
4311	-109.0863	-109.0863	-76.9463	0.7054	77.2434	0.7087	1.6e-04	0.5370
4312	-109.0971	-109.0971	-76.6021	0.7021	77.6093	0.7120	1.6e-04	0.5376
4313	-109.0830	-109.0830	-76.7725	0.7038	77.4326	0.7104	1.6e-04	0.5377
4314	-109.0628	-109.0628	-76.8229	0.7044	77.3611	0.7098	1.6e-04	0.5381
4315	-109.0927	-109.0927	-76.0855	0.6974	78.1119	0.7166	1.6e-04	0.5377
4316	-109.1039	-109.1039	-75.9885	0.6965	78.2267	0.7175	1.6e-04	0.5363
4317	-109.1009	-109.1009	-75.8544	0.6953	78.3580	0.7187	1.6e-04	0.5369
4318	-109.0895	-109.0895	-76.4931	0.7012	77.7286	0.7130	1.6e-04	0.5392
4319	-109.1017	-109.1017	-75.4736	0.6918	78.7222	0.7220	1.6e-04	0.5371
4320	-109.0858	-109.0858	-76.0575	0.6972	78.1491	0.7168	1.6e-04	0.5389
4321	-109.0884	-109.0884	-76.7920	0.7039	77.4388	0.7102	1.6e-04	0.5381
4322	-109.0741	-109.0741	-77.0370	0.7063	77.1555	0.7079	1.6e-04	0.5367
4323	-109.0996	-109.0996	-76.1455	0.6979	78.0418	0.7158	1.6e-04	0.5375
4324	-109.0754	-109.0754	-76.8362	0.7044	77.3611	0.7098	1.6e-04	0.5379
4325	-109.0803	-109.0803	-76.8207	0.7043	77.3822	0.7099	1.6e-04	0.5391
4326	-109.0920	-109.0920	-76.6545	0.7027	77.5439	0.7112	1.6e-04	0.5380
4327	-109.0744	-109.0744	-76.8287	0.7044	77.3546	0.7096	1.6e-04	0.5372
4328	-109.0755	-109.0756	-75.7688	0.6946	78.4105	0.7194	1.6e-04	0.5355
4329	-109.0855	-109.0855	-76.6258	0.7024	77.5813	0.7117	1.6e-04	0.5379
4330	-109.0628	-109.0628	-76.7972	0.7042	77.3891	0.7100	1.6e-04	0.5367
4331	-109.0800	-109.0800	-77.1662	0.7074	77.0339	0.7067	1.6e-04	0.5368
4332	-109.0799	-109.0799	-77.5538	0.7110	76.6704	0.7032	1.6e-04	0.5384
4333	-109.0789	-109.0789	-77.6044	0.7115	76.5933	0.7027	1.6e-04	0.5380
4334	-109.0719	-109.0719	-76.8803	0.7049	77.3131	0.7093	1.6e-04	0.5378
4335	-109.0921	-109.0921	-76.8270	0.7042	77.3809	0.7098	1.6e-04	0.5383
4336	-109.0882	-109.0882	-77.1013	0.7068	77.1071	0.7072	1.6e-04	0.5358
4337	-109.0941	-109.0941	-76.7549	0.7036	77.4649	0.7106	1.6e-04	0.5376
4338	-109.0850	-109.0850	-76.3707	0.7001	77.8073	0.7138	1.6e-04	0.5353
4339	-109.0793	-109.0793	-77.2773	0.7085	76.9319	0.7057	1.6e-04	0.5371
4340	-109.1000	-109.1000	-77.3837	0.7093	76.8586	0.7049	1.6e-04	0.5356
4341	-109.0782	-109.0782	-78.1748	0.7167	76.0126	0.6974	1.6e-04	0.5372
4342	-109.0659	-109.0659	-77.6757	0.7122	76.5228	0.7020	1.6e-04	0.5392
4343	-109.0814	-109.0814	-77.2534	0.7082	76.9440	0.7058	1.6e-04	0.5357
4344	-109.0739	-109.0739	-76.8325	0.7044	77.3678	0.7098	1.6e-04	0.5368
4345	-109.0727	-109.0727	-78.3280	0.7181	75.8514	0.6959	1.6e-04	0.5371
4346	-109.0883	-109.0883	-78.3214	0.7180	75.8764	0.6960	1.6e-04	0.5377
4347	-109.0730	-109.0730	-77.3966	0.7096	76.7939	0.7045	1.6e-04	0.5379
4348	-109.0784	-109.0784	-78.0191	0.7153	76.1795	0.6989	1.6e-04	0.5373
4349	-109.0708	-109.0708	-77.6465	0.7119	76.5210	0.7021	1.6e-04	0.5385
4350	-109.0780	-109.0780	-78.4007	0.7188	75.7798	0.6952	1.6e-04	0.5365
4351	-109.0970	-109.0970	-78.1297	0.7161	76.0542	0.6977	1.6e-04	0.5359
4352	-109.0900	-109.0900	-78.1038	0.7160	76.1125	0.6981	1.6e-04	0.5367
4353	-109.0788	-109.0788	-77.5262	0.7107	76.6867	0.7035	1.6e-04	0.5367
4354	-109.0912	-109.0912	-78.1065	0.7160	76.1153	0.6981	1.6e-04	0.5378
4355	-109.1021	-109.1021	-78.2652	0.7174	75.9249	0.6965	1.6e-04	0.5361
4356	-109.0658	-109.0658	-77.8812	0.7141	76.3097	0.7001	1.6e-04	0.5356
4357	-109.0897	-109.0897	-79.0730	0.7248	75.1000	0.6889	1.6e-04	0.5366
4358	-109.0841	-109.0841	-77.6153	0.7115	76.5977	0.7026	1.6e-04	0.5368
4359	-109.0720	-109.0720	-77.3878	0.7095	76.7917	0.7045	1.6e-04	0.5367
4360	-109.0680	-109.0680	-77.9954	0.7151	76.1732	0.6989	1.6e-04	0.5368
4361	-109.0716	-109.0716	-77.7980	0.7133	76.3558	0.7005	1.6e-04	0.5381
4362	-109.0764	-109.0764	-78.8838	0.7232	75.2690	0.6906	1.6e-04	0.5381
4363	-109.0989	-109.0989	-77.8715	0.7138	76.3353	0.7003	1.6e-04	0.5369
4364	-109.0875	-109.0875	-78.2285	0.7171	75.9644	0.6968	1.6e-04	0.5362
4365	-109.0893	-109.0893	-78.0582	0.7155	76.1500	0.6985	1.6e-04	0.5370
4366	-109.0943	-109.0943	-77.4009	0.7095	76.7986	0.7045	1.6e-04	0.5364
4367	-109.0978	-109.0978	-77.3286	0.7088	76.9059	0.7054	1.6e-04	0.5377
4368	-109.0802	-109.0802	-78.2654	0.7175	75.9145	0.6965	1.6e-04	0.5365
4369	-109.0734	-109.0734	-77.2807	0.7085	76.8988	0.7055	1.6e-04	0.5374
4370	-109.0881	-109.0881	-78.2234	0.7171	75.9764	0.6970	1.6e-04	0.5376
4371	-109.0769	-109.0769	-77.9588	0.7147	76.2001	0.6991	1.6e-04	0.5375
4372	-109.0889	-109.0889	-77.7362	0.7126	76.4682	0.7016	1.6e-04	0.5370
4373	-109.0801	-109.0801	-78.5553	0.7202	75.6197	0.6938	1.6e-04	0.5378
4374	-109.0777	-109.0777	-77.5444	0.7109	76.6547	0.7033	1.6e-04	0.5351
4375	-109.0882	-109.0882	-77.2519	0.7082	76.9706	0.7060	1.6e-04	0.5377
4376	-109.0683	-109.0683	-77.6567	0.7120	76.5385	0.7021	1.6e-04	0.5359
4377	-109.0773	-109.0773	-77.5432	0.7109	76.6709	0.7033	1.6e-04	0.5366
4378	-109.0812	-109.0812	-77.0233	0.7061	77.1834	0.7081	1.6e-04	0.5370
4379	-109.0746	-109.0746	-77.9778	0.7149	76.2129	0.6992	1.6e-04	0.5368
4380	-109.0916	-109.0916	-77.4610	0.7101	76.7429	0.7041	1.6e-04	0.5367
4381	-109.0930	-109.0930	-77.1960	0.7076	77.0273	0.7066	1.6e-04	0.5365
4382	-109.0932	-109.0932	-77.8609	0.7137	76.3598	0.7004	1.6e-04	0.5359
4383	-109.0740	-109.0740	-77.8878	0.7141	76.3136	0.7001	1.6e-04	0.5378
4384	-109.0991	-109.0991	-77.6371	0.7116	76.5716	0.7024	1.6e-04	0.5368
4385	-109.0759	-109.0759	-77.2585	0.7083	76.9423	0.7059	1.6e-04	0.5385
4386	-109.0872	-109.0872	-77.3210	0.7088	76.8930	0.7054	1.6e-04	0.5355
4387	-109.0813	-109.0813	-77.4686	0.7102	76.7175	0.7039	1.6e-04	0.5369
4388	-109.0579	-109.0579	-77.3079	0.7089	76.8736	0.7053	1.6e-04	0.5356
4389	-109.0808	-109.0808	-76.3085	0.6996	77.8654	0.7144	1.6e-04	0.5373
4390	-109.0702	-109.0702	-76.8036	0.7042	77.3841	0.7100	1.6e-04	0.5381
4391	-109.1195	-109.1195	-77.6879	0.7120	76.5517	0.7022	1.6e-04	0.5367
4392	-109.0813	-109.0813	-77.7141	0.7124	76.4864	0.7017	1.6e-04	0.5351
4393	-109.0836	-109.0836	-76.7339	0.7034	77.4734	0.7107	1.6e-04	0.5376
4394	-109.0734	-109.0734	-76.3961	0.7004	77.7948	0.7137	1.6e-04	0.5368
4395	-109.0694	-109.0694	-77.2500	0.7083	76.9455	0.7059	1.6e-04	0.5380
4396	-109.0944	-109.0944	-76.2000	0.6985	78.0070	0.7156	1.6e-04	0.5367
4397	-109.0767	-109.0767	-76.3507	0.7000	77.8367	0.7142	1.6e-04	0.5373
4398	-109.0914	-109.0914	-77.0960	0.7067	77.1340	0.7075	1.6e-04	0.5358
4399	-109.0799	-109.0799	-77.7867	0.7131	76.4116	0.7010	1.6e-04	0.5367
4400	-109.0765	-109.0765	-76.6589	0.7028	77.5427	0.7114	1.6e-04	0.5365
4401	-109.0739	-109.0739	-77.1049	0.7069	77.0839	0.7072	1.6e-04	0.5359
4402	-109.0728	-109.0728	-76.5535	0.7019	77.6086	0.7120	1.6e-04	0.5381
4403	-109.0864	-109.0864	-76.3364	0.6998	77.8524	0.7142	1.6e-04	0.5361
4404	-109.0803	-109.0803	-76.3696	0.7001	77.8400	0.7140	1.6e-04	0.5357
4405	-109.0932	-109.0932	-76.7603	0.7036	77.4521	0.7104	1.6e-04	0.5372
4406	-109.0882	-109.0882	-76.4151	0.7005	77.7930	0.7136	1.6e-04	0.5375
4407	-109.0942	-109.0942	-75.9530	0.6962	78.2238	0.7176	1.6e-04	0.5365
4408	-109.0814	-109.0814	-76.6073	0.7023	77.5931	0.7119	1.6e-04	0.5378
4409	-109.0778	-109.0778	-77.6031	0.7114	76.5796	0.7026	1.6e-04	0.5370
4410	-109.0975	-109.0975	-76.3821	0.7001	77.8399	0.7140	1.6e-04	0.5371
4411	-109.0746	-109.0746	-76.2274	0.6989	77.9527	0.7152	1.6e-04	0.5365
4412	-109.0831	-109.0831	-76.7200	0.7033	77.4717	0.7107	1.6e-04	0.5359
4413	-109.0653	-109.0653	-76.8859	0.7050	77.3188	0.7093	1.6e-04	0.5384
4414	-109.0723	-109.0723	-76.1568	0.6982	78.0064	0.7157	1.6e-04	0.5374
4415	-109.0769	-109.0769	-76.8757	0.7048	77.3245	0.7094	1.6e-04	0.5362
4416	-109.0803	-109.0803	-76.7974	0.7040	77.4091	0.7101	1.6e-04	0.5364
4417	-109.0774	-109.0774	-76.5281	0.7016	77.6806	0.7126	1.6e-04	0.5367
4418	-109.0769	-109.0769	-76.8472	0.7045	77.3670	0.7097	1.6e-04	0.5379
4419	-109.0726	-109.0726	-77.1723	0.7075	77.0307	0.7067	1.6e-04	0.5370
4420	-109.0790	-109.0790	-76.4838	0.7012	77.7249	0.7129	1.6e-04	0.5366
4421	-109.0649	-109.0649	-76.9757	0.7058	77.1949	0.7083	1.6e-04	0.5387
4422	-109.0897	-109.0897	-76.7178	0.7033	77.5030	0.7109	1.6e-04	0.5359
4423	-109.0821	-109.0821	-77.3789	0.7094	76.8310	0.7048	1.6e-04	0.5368
4424	-109.0846	-109.0846	-77.0436	0.7063	77.1794	0.7079	1.6e-04	0.5360
4425	-109.0686	-109.0686	-76.5732	0.7021	77.6295	0.7120	1.6e-04	0.5374
4426	-109.0733	-109.0733	-77.3118	0.7088	76.8934	0.7054	1.6e-04	0.5366
4427	-109.0786	-109.0786	-77.5147	0.7106	76.6870	0.7036	1.6e-04	0.5359
4428	-109.0719	-109.0719	-78.1902	0.7169	75.9678	0.6969	1.6e-04	0.5378
4429	-109.0952	-109.0952	-77.7163	0.7124	76.4928	0.7017	1.6e-04	0.5362
4430	-109.0809	-109.0809	-77.4507	0.7100	76.7600	0.7042	1.6e-04	0.5362
4431	-109.1030	-109.1030	-76.8234	0.7041	77.4052	0.7100	1.6e-04	0.5381
4432	-109.0923	-109.0923	-77.0802	0.7066	77.1361	0.7076	1.6e-04	0.5365
4433	-109.0698	-109.0698	-77.9487	0.7147	76.2466	0.6994	1.6e-04	0.5371
4434	-109.0725	-109.0725	-76.5205	0.7016	77.6680	0.7126	1.6e-04	0.5374
4435	-109.0900	-109.0900	-78.2023	0.7169	76.0043	0.6972	1.6e-04	0.5374
4436	-109.0889	-109.0889	-77.5401	0.7108	76.6754	0.7034	1.6e-04	0.5369
4437	-109.0794	-109.0794	-77.7719	0.7130	76.4324	0.7012	1.6e-04	0.5367
4438	-109.0874	-109.0874	-78.0870	0.7158	76.1172	0.6983	1.6e-04	0.5365
4439	-109.0941	-109.0941	-77.6801	0.7120	76.5307	0.7020	1.6e-04	0.5364
4440	-109.0894	-109.0894	-77.4250	0.7097	76.7034	0.7037	1.6e-04	0.5372
4441	-109.0764	-109.0764	-78.4487	0.7192	75.7325	0.6948	1.6e-04	0.5369
4442	-109.0954	-109.0954	-77.4740	0.7101	76.7311	0.7040	1.6e-04	0.5359
4443	-109.0893	-109.0893	-77.6716	0.7120	76.5463	0.7022	1.6e-04	0.5366
4444	-109.0971	-109.0971	-77.6339	0.7116	76.5936	0.7026	1.6e-04	0.5368
4445	-109.0911	-109.0911	-77.4667	0.7101	76.7431	0.7041	1.6e-04	0.5377
4446	-109.1033	-109.1033	-78.1376	0.7162	76.0781	0.6978	1.6e-04	0.5363
4447	-109.0767	-109.0767	-78.2831	0.7177	75.8989	0.6964	1.6e-04	0.5374
4448	-109.0813	-109.0813	-77.7115	0.7124	76.4914	0.7018	1.6e-04	0.5367
4449	-109.0841	-109.0841	-77.4380	0.7099	76.7736	0.7043	1.6e-04	0.5368
4450	-109.0770	-109.0770	-76.9718	0.7057	77.2322	0.7085	1.6e-04	0.5382
4451	-109.0843	-109.0843	-78.3396	0.7182	75.8424	0.6958	1.6e-04	0.5368
4452	-109.0938	-109.0938	-77.4353	0.7098	76.7861	0.7044	1.6e-04	0.5349
4453	-109.0846	-109.0846	-77.2234	0.7079	76.9876	0.7062	1.6e-04	0.5371
4454	-109.0733	-109.0733	-78.1714	0.7167	76.0188	0.6974	1.6e-04	0.5359
4455	-109.0743	-109.0743	-78.2718	0.7176	75.9143	0.6965	1.6e-04	0.5371
4456	-109.0778	-109.0778	-77.3999	0.7096	76.8018	0.7046	1.6e-04	0.5365
4457	-109.0715	-109.0715	-76.9389	0.7054	77.2457	0.7087	1.6e-04	0.5366
4458	-109.0797	-109.0797	-77.0987	0.7068	77.0959	0.7072	1.6e-04	0.5365
4459	-109.0744	-109.0744	-77.6957	0.7123	76.5043	0.7018	1.6e-04	0.5365
4460	-109.0965	-109.0965	-76.6910	0.7030	77.5400	0.7112	1.6e-04	0.5354
4461	-109.1045	-109.1045	-77.5372	0.7107	76.6804	0.7034	1.6e-04	0.5377
4462	-109.0799	-109.0799	-78.2806	0.7176	75.8959	0.6963	1.6e-04	0.5361
4463	-109.0818	-109.0818	-77.5423	0.7109	76.6632	0.7033	1.6e-04	0.5355
4464	-109.0931	-109.0931	-77.5982	0.7113	76.6269	0.7029	1.6e-04	0.5373
4465	-109.0751	-109.0751	-77.8849	0.7140	76.3134	0.7001	1.6e-04	0.5352
4466	-109.0745	-109.0745	-77.9632	0.7148	76.2037	0.6991	1.6e-04	0.5358
4467	-109.0691	-109.0691	-78.5838	0.7205	75.5916	0.6935	1.6e-04	0.5380
4468	-109.0896	-109.0896	-77.4078	0.7096	76.8042	0.7045	1.6e-04	0.5365
4469	-109.0859	-109.0859	-77.1815	0.7075	77.0129	0.7065	1.6e-04	0.5380
4470	-109.0967	-109.0967	-77.6568	0.7118	76.5430	0.7022	1.6e-04	0.5363
4471	-109.0882	-109.0882	-77.8399	0.7136	76.3731	0.7005	1.6e-04	0.5360
4472	-109.0838	-109.0838	-77.7774	0.7130	76.4262	0.7011	1.6e-04	0.5359
4473	-109.0979	-109.0979	-78.1846	0.7166	76.0416	0.6974	1.6e-04	0.5371
4474	-109.0926	-109.0926	-78.1314	0.7162	76.0721	0.6978	1.6e-04	0.5366
4475	-109.0839	-109.0839	-78.5146	0.7198	75.6743	0.6942	1.6e-04	0.5378
4476	-109.0792	-109.0792	-78.6816	0.7213	75.4907	0.6926	1.6e-04	0.5385
4477	-109.0623	-109.0623	-78.0798	0.7159	76.0964	0.6982	1.6e-04	0.5380
4478	-109.0762	-109.0762	-79.1457	0.7256	74.9916	0.6880	1.6e-04	0.5358
4479	-109.0682	-109.0682	-78.4271	0.7191	75.7353	0.6949	1.6e-04	0.5373
4480	-109.0906	-109.0906	-78.8020	0.7224	75.3554	0.6913	1.6e-04	0.5362
4481	-109.0985	-109.0985	-77.7735	0.7129	76.4248	0.7012	1.6e-04	0.5359
4482	-109.0651	-109.0651	-77.9750	0.7149	76.2077	0.6992	1.6e-04	0.5379
4483	-109.0761	-109.0761	-78.3882	0.7187	75.7876	0.6953	1.6e-04	0.5363
4484	-109.0860	-109.0860	-78.5957	0.7205	75.6004	0.6934	1.6e-04	0.5374
4485	-109.0730	-109.0730	-79.3381	0.7274	74.7793	0.6861	1.6e-04	0.5363
4486	-109.0788	-109.0788	-77.4777	0.7103	76.7347	0.7039	1.6e-04	0.5352
4487	-109.0830	-109.0830	-78.2585	0.7174	75.9478	0.6966	1.6e-04	0.5378
4488	-109.0807	-109.0807	-77.9715	0.7148	76.2258	0.6993	1.6e-04	0.5365
4489	-109.0758	-109.0758	-78.5070	0.7197	75.6714	0.6942	1.6e-04	0.5387
4490	-109.1106	-109.1106	-78.1669	0.7164	76.0488	0.6976	1.6e-04	0.5361
4491	-109.0773	-109.0773	-78.9103	0.7234	75.2479	0.6904	1.6e-04	0.5375
4492	-109.0703	-109.0703	-78.3072	0.7180	75.8616	0.6961	1.6e-04	0.5357
4493	-109.0890	-109.0890	-78.2507	0.7173	75.9457	0.6968	1.6e-04	0.5362
4494	-109.0793	-109.0793	-78.5718	0.7203	75.6037	0.6936	1.6e-04	0.5368
4495	-109.0928	-109.0928	-77.9077	0.7141	76.2906	0.6999	1.6e-04	0.5364
4496	-109.1018	-109.1018	-77.3018	0.7085	76.9232	0.7057	1.6e-04	0.5369
4497	-109.1046	-109.1046	-78.0016	0.7149	76.2110	0.6992	1.6e-04	0.5351
4498	-109.0750	-109.0750	-77.3133	0.7088	76.8880	0.7054	1.6e-04	0.5352
4499	-109.0923	-109.0923	-77.2292	0.7079	76.9811	0.7062	1.6e-04	0.5377
4500	-109.0811	-109.0811	-77.3797	0.7094	76.8295	0.7048	1.6e-04	0.5361
4501	-109.0789	-109.0789	-78.3028	0.7179	75.8874	0.6961	1.6e-04	0.5360
4502	-109.0697	-109.0697	-77.6666	0.7121	76.5056	0.7019	1.6e-04	0.5354
4503	-109.0858	-109.0858	-78.1002	0.7160	76.0721	0.6980	1.6e-04	0.5373
4504	-109.0905	-109.0905	-76.6133	0.7023	77.5984	0.7119	1.6e-04	0.5362
4505	-109.0832	-109.0832	-77.1393	0.7072	77.0828	0.7070	1.6e-04	0.5360
4506	-109.1003	-109.1003	-77.2841	0.7084	76.9437	0.7058	1.6e-04	0.5381
4507	-109.0756	-109.0756	-78.0702	0.7157	76.1230	0.6984	1.6e-04	0.5360
4508	-109.0827	-109.0827	-77.4089	0.7096	76.7990	0.7045	1.6e-04	0.5355
4509	-109.0652	-109.0652	-77.7551	0.7129	76.4373	0.7012	1.6e-04	0.5354
4510	-109.0870	-109.0870	-78.5965	0.7205	75.5822	0.6934	1.6e-04	0.5364
4511	-109.0641	-109.0641	-76.7474	0.7037	77.4277	0.7104	1.6e-04	0.5365
4512	-109.0938	-109.0938	-76.7544	0.7036	77.4692	0.7106	1.6e-04	0.5362
4513	-109.0770	-109.0770	-76.6699	0.7029	77.5261	0.7113	1.6e-04	0.5387
4514	-109.0766	-109.0766	-77.2939	0.7086	76.9085	0.7056	1.6e-04	0.5358
4515	-109.0746	-109.0746	-77.2035	0.7078	76.9969	0.7064	1.6e-04	0.5365
4516	-109.0787	-109.0787	-76.5491	0.7018	77.6617	0.7124	1.6e-04	0.5363
4517	-109.0702	-109.0702	-78.5703	0.7204	75.5963	0.6936	1.6e-04	0.5361
4518	-109.0880	-109.0880	-77.0786	0.7066	77.1462	0.7076	1.6e-04	0.5373
4519	-109.0744	-109.0744	-77.5057	0.7106	76.6893	0.7036	1.6e-04	0.5356
4520	-109.0748	-109.0748	-77.8033	0.7133	76.3900	0.7007	1.6e-04	0.5363
4521	-109.0842	-109.0842	-77.1905	0.7076	77.0229	0.7066	1.6e-04	0.5363
4522	-109.0838	-109.0838	-76.7023	0.7031	77.5059	0.7110	1.6e-04	0.5357
4523	-109.0923	-109.0923	-76.8142	0.7041	77.4103	0.7101	1.6e-04	0.5377
4524	-109.1049	-109.1049	-77.2637	0.7082	76.9646	0.7060	1.6e-04	0.5362
4525	-109.0885	-109.0885	-77.4201	0.7097	76.7966	0.7045	1.6e-04	0.5383
4526	-109.0707	-109.0707	-77.2909	0.7086	76.9009	0.7056	1.6e-04	0.5359
4527	-109.0953	-109.0953	-77.0603	0.7064	77.1481	0.7078	1.6e-04	0.5356
4528	-109.0868	-109.0868	-77.5968	0.7113	76.6143	0.7028	1.6e-04	0.5360
4529	-109.0864	-109.0864	-77.0435	0.7063	77.1648	0.7079	1.6e-04	0.5361
4530	-109.0816	-109.0816	-77.6280	0.7117	76.5736	0.7025	1.6e-04	0.5385
4531	-109.0828	-109.0828	-77.2554	0.7082	76.9559	0.7060	1.6e-04	0.5361
4532	-109.0906	-109.0906	-77.2663	0.7083	76.9369	0.7058	1.6e-04	0.5377
4533	-109.0877	-109.0877	-77.6124	0.7115	76.6104	0.7027	1.6e-04	0.5364
4534	-109.0763	-109.0763	-77.9510	0.7146	76.2332	0.6995	1.6e-04	0.5355
4535	-109.0951	-109.0951	-76.8288	0.7042	77.3863	0.7100	1.6e-04	0.5371
4536	-109.0760	-109.0760	-77.5366	0.7108	76.6687	0.7033	1.6e-04	0.5368
4537	-109.0808	-109.0808	-77.7123	0.7124	76.4797	0.7017	1.6e-04	0.5367
4538	-109.0761	-109.0761	-76.8022	0.7041	77.3933	0.7101	1.6e-04	0.5369
4539	-109.0835	-109.0835	-76.6779	0.7029	77.5341	0.7112	1.6e-04	0.5361
4540	-109.1030	-109.1030	-76.6432	0.7025	77.5489	0.7114	1.6e-04	0.5357
4541	-109.0961	-109.0961	-77.8129	0.7133	76.3842	0.7007	1.6e-04	0.5377
4542	-109.0946	-109.0946	-77.3572	0.7091	76.8738	0.7051	1.6e-04	0.5360
4543	-109.0906	-109.0906	-77.1925	0.7076	77.0130	0.7065	1.6e-04	0.5367
4544	-109.0880	-109.0880	-76.8685	0.7046	77.3306	0.7094	1.6e-04	0.5368
4545	-109.0992	-109.0992	-77.7096	0.7123	76.4978	0.7018	1.6e-04	0.5377
4546	-109.0940	-109.0940	-78.1470	0.7163	76.0694	0.6977	1.6e-04	0.5360
4547	-109.0986	-109.0986	-77.2254	0.7079	76.9938	0.7064	1.6e-04	0.5372
4548	-109.0689	-109.0689	-76.6664	0.7029	77.5232	0.7113	1.6e-04	0.5360
4549	-109.0874	-109.0874	-77.8017	0.7132	76.4024	0.7009	1.6e-04	0.5367
4550	-109.0761	-109.0761	-77.4354	0.7099	76.7541	0.7042	1.6e-04	0.5356
4551	-109.0706	-109.0706	-76.5493	0.7018	77.6340	0.7123	1.6e-04	0.5378
4552	-109.0912	-109.0912	-77.0172	0.7060	77.2011	0.7082	1.6e-04	0.5363
4553	-109.0948	-109.0948	-77.1062	0.7068	77.1223	0.7074	1.6e-04	0.5367
4554	-109.0815	-109.0815	-77.7975	0.7132	76.4106	0.7009	1.6e-04	0.5364
4555	-109.0835	-109.0835	-76.6761	0.7029	77.5260	0.7111	1.6e-04	0.5367
4556	-109.0840	-109.0840	-76.6791	0.7029	77.5070	0.7110	1.6e-04	0.5357
4557	-109.0908	-109.0908	-76.9512	0.7054	77.2581	0.7088	1.6e-04	0.5372
4558	-109.0758	-109.0758	-76.7857	0.7040	77.4065	0.7102	1.6e-04	0.5360
4559	-109.0765	-109.0765	-76.5559	0.7019	77.6356	0.7122	1.6e-04	0.5357
4560	-109.0902	-109.0902	-77.0549	0.7063	77.1698	0.7078	1.6e-04	0.5384
4561	-109.0780	-109.0780	-77.1747	0.7075	77.0365	0.7067	1.6e-04	0.5375
4562	-109.0797	-109.0797	-75.9048	0.6959	78.2218	0.7176	1.6e-04	0.5363
4563	-109.0981	-109.0981	-77.0568	0.7063	77.1795	0.7079	1.6e-04	0.5365
4564	-109.0859	-109.0859	-77.2991	0.7086	76.8967	0.7054	1.6e-04	0.5358
4565	-109.0739	-109.0739	-77.6917	0.7123	76.5002	0.7019	1.6e-04	0.5392
4566	-109.0733	-109.0733	-77.2511	0.7082	76.9340	0.7059	1.6e-04	0.5367
4567	-109.0575	-109.0575	-77.1352	0.7073	77.0383	0.7069	1.6e-04	0.5373
4568	-109.0845	-109.0845	-76.8754	0.7047	77.3371	0.7095	1.6e-04	0.5364
4569	-109.0794	-109.0794	-76.6258	0.7025	77.5771	0.7117	1.6e-04	0.5365
4570	-109.1012	-109.1012	-76.5492	0.7016	77.6795	0.7125	1.6e-04	0.5370
4571	-109.0823	-109.0823	-76.5630	0.7019	77.6438	0.7123	1.6e-04	0.5377
4572	-109.0809	-109.0809	-76.4870	0.7012	77.7029	0.7128	1.6e-04	0.5388
4573	-109.0804	-109.0804	-77.5726	0.7112	76.6159	0.7029	1.6e-04	0.5376
4574	-109.0775	-109.0775	-76.5978	0.7022	77.5950	0.7119	1.6e-04	0.5363
4575	-109.1038	-109.1038	-76.8691	0.7045	77.3520	0.7096	1.6e-04	0.5368
4576	-109.0871	-109.0871	-76.9322	0.7052	77.2713	0.7089	1.6e-04	0.5358
4577	-109.1003	-109.1003	-76.9279	0.7051	77.2748	0.7089	1.6e-04	0.5369
4578	-109.1014	-109.1014	-76.6029	0.7021	77.6013	0.7119	1.6e-04	0.5382
4579	-109.0895	-109.0895	-75.9997	0.6967	78.2032	0.7174	1.6e-04	0.5361
4580	-109.0902	-109.0902	-76.2502	0.6990	77.9578	0.7152	1.6e-04	0.5374
4581	-109.0805	-109.0805	-76.5402	0.7017	77.6632	0.7125	1.6e-04	0.5371
4582	-109.1018	-109.1018	-76.9365	0.7052	77.2871	0.7090	1.6e-04	0.5373
4583	-109.0806	-109.0806	-76.1938	0.6985	77.9911	0.7155	1.6e-04	0.5373
4584	-109.0771	-109.0771	-75.9977	0.6967	78.1877	0.7173	1.6e-04	0.5356
4585	-109.0863	-109.0863	-77.0628	0.7064	77.1495	0.7078	1.6e-04	0.5375
4586	-109.0799	-109.0799	-75.8684	0.6955	78.3214	0.7185	1.6e-04	0.5371
4587	-109.0891	-109.0891	-76.1474	0.6980	78.0597	0.7160	1.6e-04	0.5380
4588	-109.0915	-109.0915	-76.4884	0.7011	77.7249	0.7130	1.6e-04	0.5362
4589	-109.0926	-109.0926	-76.4239	0.7005	77.7930	0.7136	1.6e-04	0.5368
4590	-109.0824	-109.0824	-76.8279	0.7043	77.3586	0.7097	1.6e-04	0.5391
4591	-109.0999	-109.0999	-77.0942	0.7066	77.1270	0.7076	1.6e-04	0.5366
4592	-109.0928	-109.0928	-76.7120	0.7032	77.5048	0.7110	1.6e-04	0.5363
4593	-109.0916	-109.0916	-76.4153	0.7005	77.7905	0.7137	1.6e-04	0.5364
4594	-109.0720	-109.0720	-77.4329	0.7099	76.7643	0.7042	1.6e-04	0.5361
4595	-109.0879	-109.0879	-77.1938	0.7076	77.0273	0.7066	1.6e-04	0.5379
4596	-109.0910	-109.0910	-77.3413	0.7090	76.8831	0.7052	1.6e-04	0.5365
4597	-109.1007	-109.1007	-76.3958	0.7002	77.8357	0.7139	1.6e-04	0.5390
4598	-109.0904	-109.0904	-76.9361	0.7053	77.2770	0.7089	1.6e-04	0.5362
4599	-109.0968	-109.0968	-76.4575	0.7008	77.7370	0.7130	1.6e-04	0.5365
4600	-109.0823	-109.0823	-76.1573	0.6982	78.0291	0.7158	1.6e-04	0.5367
4601	-109.0575	-109.0575	-76.4738	0.7012	77.6915	0.7129	1.6e-04	0.5353
4602	-109.0752	-109.0752	-77.0817	0.7067	77.1039	0.7073	1.6e-04	0.5372
4603	-109.0905	-109.0905	-77.5888	0.7112	76.6214	0.7030	1.6e-04	0.5366
4604	-109.0782	-109.0782	-77.0732	0.7066	77.1119	0.7075	1.6e-04	0.5373
4605	-109.0909	-109.0909	-76.3123	0.6995	77.8852	0.7145	1.6e-04	0.5360
4606	-109.0927	-109.0927	-77.0324	0.7061	77.1802	0.7081	1.6e-04	0.5377
4607	-109.0820	-109.0820	-76.7109	0.7032	77.4831	0.7109	1.6e-04	0.5375
4608	-109.0882	-109.0882	-76.5334	0.7016	77.6818	0.7126	1.6e-04	0.5367
4609	-109.0796	-109.0796	-76.9927	0.7058	77.1913	0.7082	1.6e-04	0.5387
4610	-109.0870	-109.0870	-76.8806	0.7048	77.3419	0.7094	1.6e-04	0.5361
4611	-109.0911	-109.0911	-76.2539	0.6990	77.9480	0.7151	1.6e-04	0.5382
4612	-109.0581	-109.0581	-76.9611	0.7057	77.2265	0.7085	1.6e-04	0.5363
4613	-109.0864	-109.0864	-77.1801	0.7075	77.0373	0.7067	1.6e-04	0.5374
4614	-109.0798	-109.0798	-77.7565	0.7128	76.4484	0.7013	1.6e-04	0.5370
4615	-109.0675	-109.0675	-76.1365	0.6981	78.0285	0.7160	1.6e-04	0.5358
4616	-109.0822	-109.0822	-76.9782	0.7057	77.2105	0.7083	1.6e-04	0.5376
4617	-109.0640	-109.0640	-77.0856	0.7068	77.0967	0.7074	1.6e-04	0.5367
4618	-109.0871	-109.0871	-77.2648	0.7083	76.9354	0.7059	1.6e-04	0.5353
4619	-109.0810	-109.0810	-76.3117	0.6996	77.8861	0.7145	1.6e-04	0.5371
4620	-109.0870	-109.0870	-77.0022	0.7059	77.2119	0.7083	1.6e-04	0.5364
4621	-109.0724	-109.0724	-76.6579	0.7028	77.5450	0.7114	1.6e-04	0.5378
4622	-109.0860	-109.0860	-77.0215	0.7061	77.1913	0.7081	1.6e-04	0.5365
4623	-109.0488	-109.0488	-75.9683	0.6966	78.1542	0.7171	1.6e-04	0.5374
4624	-109.0693	-109.0693	-76.8904	0.7050	77.2945	0.7091	1.6e-04	0.5368
4625	-109.0771	-109.0771	-76.4086	0.7005	77.7865	0.7136	1.6e-04	0.5368
4626	-109.0961	-109.0961	-76.6576	0.7027	77.5648	0.7115	1.6e-04	0.5363
4627	-109.0846	-109.0846	-76.7447	0.7035	77.4580	0.7105	1.6e-04	0.5378
4628	-109.0957	-109.0957	-77.3255	0.7088	76.8736	0.7052	1.6e-04	0.5365
4629	-109.0892	-109.0892	-76.3444	0.6998	77.8580	0.7142	1.6e-04	0.5371
4630	-109.0855	-109.0855	-76.2790	0.6993	77.9323	0.7149	1.6e-04	0.5347
4631	-109.0827	-109.0827	-77.0548	0.7064	77.1375	0.7077	1.6e-04	0.5372
4632	-109.0791	-109.0791	-77.2266	0.7080	76.9806	0.7062	1.6e-04	0.5372
4633	-109.0878	-109.0878	-76.4181	0.7005	77.7869	0.7136	1.6e-04	0.5393
4634	-109.0676	-109.0676	-76.9734	0.7057	77.2192	0.7084	1.6e-04	0.5371
4635	-109.0759	-109.0759	-76.9163	0.7052	77.2857	0.7090	1.6e-04	0.5374
4636	-109.0615	-109.0615	-77.0629	0.7066	77.1300	0.7076	1.6e-04	0.5360
4637	-109.0961	-109.0961	-77.2267	0.7079	76.9634	0.7060	1.6e-04	0.5362
4638	-109.0873	-109.0873	-76.7882	0.7039	77.4118	0.7103	1.6e-04	0.5384
4639	-109.0829	-109.0829	-76.8862	0.7048	77.3273	0.7093	1.6e-04	0.5364
4640	-109.0896	-109.0896	-76.7730	0.7038	77.4379	0.7104	1.6e-04	0.5363
4641	-109.0600	-109.0600	-76.2060	0.6988	77.9641	0.7153	1.6e-04	0.5370
4642	-109.0785	-109.0785	-77.0435	0.7063	77.1600	0.7079	1.6e-04	0.5372
4643	-109.0849	-109.0849	-76.4375	0.7007	77.7728	0.7134	1.6e-04	0.5371
4644	-109.0682	-109.0682	-76.6610	0.7029	77.5347	0.7113	1.6e-04	0.5365
4645	-109.0798	-109.0798	-76.8975	0.7050	77.3051	0.7091	1.6e-04	0.5378
4646	-109.0897	-109.0897	-77.6939	0.7122	76.5340	0.7019	1.6e-04	0.5362
4647	-109.1046	-109.1046	-76.5682	0.7018	77.6504	0.7123	1.6e-04	0.5372
4648	-109.0710	-109.0710	-77.0173	0.7061	77.1811	0.7081	1.6e-04	0.5371
4649	-109.0836	-109.0836	-75.8245	0.6951	78.3483	0.7188	1.6e-04	0.5375
4650	-109.0862	-109.0862	-76.7555	0.7036	77.4581	0.7106	1.6e-04	0.5382
4651	-109.0779	-109.0779	-76.3647	0.7001	77.8340	0.7140	1.6e-04	0.5363
4652	-109.0908	-109.0908	-76.4960	0.7012	77.7107	0.7129	1.6e-04	0.5371
4653	-109.0911	-109.0911	-77.2449	0.7081	76.9680	0.7061	1.6e-04	0.5377
4654	-109.0870	-109.0870	-76.9359	0.7053	77.2795	0.7089	1.6e-04	0.5361
4655	-109.0716	-109.0716	-76.7539	0.7037	77.4365	0.7104	1.6e-04	0.5368
4656	-109.0801	-109.0801	-76.1658	0.6983	77.9854	0.7154	1.6e-04	0.5381
4657	-109.0889	-109.0889	-76.4351	0.7007	77.7734	0.7134	1.6e-04	0.5396
4658	-109.0933	-109.0933	-76.9669	0.7055	77.2585	0.7087	1.6e-04	0.5364
4659	-109.0889	-109.0889	-75.9878	0.6966	78.2115	0.7175	1.6e-04	0.5367
4660	-109.0800	-109.0800	-76.3954	0.7004	77.7974	0.7137	1.6e-04	0.5358
4661	-109.0982	-109.0982	-76.9672	0.7055	77.2424	0.7087	1.6e-04	0.5357
4662	-109.0910	-109.0910	-77.2880	0.7085	76.9215	0.7057	1.6e-04	0.5368
4663	-109.0754	-109.0754	-77.6973	0.7123	76.5016	0.7018	1.6e-04	0.5373
4664	-109.0758	-109.0758	-76.7743	0.7039	77.4304	0.7103	1.6e-04	0.5356
4665	-109.0957	-109.0957	-76.8664	0.7046	77.3559	0.7096	1.6e-04	0.5369
4666	-109.0713	-109.0713	-76.7343	0.7035	77.4646	0.7107	1.6e-04	0.5370
4667	-109.0738	-109.0738	-76.3832	0.7003	77.8111	0.7139	1.6e-04	0.5363
4668	-109.0719	-109.0719	-76.0074	0.6969	78.1725	0.7171	1.6e-04	0.5378
4669	-109.0727	-109.0727	-77.7429	0.7128	76.4496	0.7014	1.6e-04	0.5372
4670	-109.0953	-109.0953	-77.7905	0.7131	76.4146	0.7011	1.6e-04	0.5376
4671	-109.0819	-109.0819	-75.8067	0.6950	78.3744	0.7191	1.6e-04	0.5367
4672	-109.0683	-109.0683	-75.7893	0.6949	78.3646	0.7190	1.6e-04	0.5363
4673	-109.0900	-109.0900	-75.7396	0.6943	78.4405	0.7197	1.6e-04	0.5376
4674	-109.0825	-109.0825	-75.9184	0.6960	78.2648	0.7180	1.6e-04	0.5367
4675	-109.0849	-109.0849	-76.2730	0.6992	77.9026	0.7148	1.6e-04	0.5376
4676	-109.0712	-109.0712	-76.3856	0.7003	77.7990	0.7138	1.6e-04	0.5354
4677	-109.0771	-109.0771	-75.6412	0.6935	78.5204	0.7204	1.5e-04	0.5371
4678	-109.0905	-109.0905	-76.3769	0.7001	77.8040	0.7136	1.5e-04	0.5364
4679	-109.0702	-109.0702	-76.4117	0.7006	77.7486	0.7133	1.5e-04	0.5370
4680	-109.0790	-109.0792	-75.2161	0.6896	78.9450	0.7242	1.5e-04	0.5375
4681	-109.0722	-109.0722	-76.5695	0.7020	77.6006	0.7120	1.5e-04	0.5382
4682	-109.0606	-109.0607	-75.3649	0.6910	78.7842	0.7228	1.5e-04	0.5369
4683	-109.0918	-109.0918	-76.1453	0.6980	78.0579	0.7160	1.5e-04	0.5374
4684	-109.0733	-109.0733	-76.2462	0.6990	77.9381	0.7151	1.5e-04	0.5385
4685	-109.0912	-109.0912	-76.8029	0.7040	77.4109	0.7102	1.5e-04	0.5366
4686	-109.0865	-109.0865	-76.4266	0.7006	77.7585	0.7134	1.5e-04	0.5372
4687	-109.0763	-109.0763	-76.2803	0.6993	77.9149	0.7148	1.5e-04	0.5366
4688	-109.0834	-109.0835	-76.0213	0.6969	78.1724	0.7171	1.5e-04	0.5361
4689	-109.0877	-109.0877	-76.3891	0.7003	77.8127	0.7138	1.5e-04	0.5381
4690	-109.0736	-109.0737	-76.1454	0.6981	78.0320	0.7159	1.5e-04	0.5360
4691	-109.0761	-109.0761	-75.4914	0.6921	78.6786	0.7218	1.5e-04	0.5358
4692	-109.0768	-109.0768	-76.2033	0.6986	77.9897	0.7155	1.5e-04	0.5389
4693	-109.0968	-109.0968	-76.3111	0.6995	77.8821	0.7144	1.5e-04	0.5374
4694	-109.0831	-109.0831	-76.1183	0.6978	78.0651	0.7163	1.5e-04	0.5358
4695	-109.0877	-109.0877	-77.1149	0.7069	77.0671	0.7071	1.5e-04	0.5361
4696	-109.0744	-109.0744	-75.8892	0.6958	78.3041	0.7183	1.5e-04	0.5363
4697	-109.0880	-109.0881	-75.1729	0.6891	78.9660	0.7244	1.5e-04	0.5376
4698	-109.0807	-109.0808	-75.8495	0.6954	78.3435	0.7187	1.5e-04	0.5375
4699	-109.0802	-109.0803	-75.3422	0.6907	78.8265	0.7231	1.5e-04	0.5377
4700	-109.0841	-109.0841	-76.0528	0.6972	78.1172	0.7167	1.5e-04	0.5361
4701	-109.0954	-109.0954	-76.6581	0.7027	77.5658	0.7115	1.5e-04	0.5348
4702	-109.0770	-109.0770	-75.8955	0.6958	78.2979	0.7182	1.5e-04	0.5367
4703	-109.0712	-109.0712	-75.5936	0.6931	78.5709	0.7208	1.5e-04	0.5369
4704	-109.0921	-109.0921	-75.4515	0.6916	78.7324	0.7222	1.5e-04	0.5362
4705	-109.1026	-109.1026	-76.1944	0.6984	78.0320	0.7157	1.5e-04	0.5368
4706	-109.1062	-109.1062	-76.0719	0.6972	78.1349	0.7167	1.5e-04	0.5374
4707	-109.0836	-109.0836	-75.9640	0.6964	78.1729	0.7171	1.5e-04	0.5368
4708	-109.0699	-109.0699	-76.4136	0.7006	77.7700	0.7135	1.5e-04	0.5355
4709	-109.1020	-109.1020	-76.8373	0.7043	77.3947	0.7099	1.5e-04	0.5371
4710	-109.0802	-109.0802	-75.7801	0.6947	78.4126	0.7193	1.5e-04	0.5362
4711	-109.0691	-109.0691	-76.1534	0.6982	78.0144	0.7158	1.5e-04	0.5365
4712	-109.0777	-109.0777	-76.3887	0.7003	77.7991	0.7138	1.5e-04	0.5357
4713	-109.0941	-109.0941	-76.1845	0.6983	78.0141	0.7157	1.5e-04	0.5354
4714	-109.0764	-109.0764	-76.3731	0.7002	77.8167	0.7140	1.5e-04	0.5357
4715	-109.0810	-109.0810	-75.4606	0.6918	78.7186	0.7221	1.5e-04	0.5382
4716	-109.0960	-109.0960	-76.0627	0.6972	78.1345	0.7168	1.5e-04	0.5367
4717	-109.0736	-109.0736	-76.9518	0.7055	77.2265	0.7086	1.5e-04	0.5383
4718	-109.0884	-109.0884	-77.9005	0.7141	76.2975	0.6999	1.5e-04	0.5363
4719	-109.1059	-109.1059	-77.6463	0.7117	76.5903	0.7025	1.5e-04	0.5379
4720	-109.0926	-109.0926	-76.2031	0.6985	77.9842	0.7154	1.5e-04	0.5359
4721	-109.0773	-109.0773	-76.1940	0.6985	77.9776	0.7154	1.5e-04	0.5373
4722	-109.0831	-109.0831	-76.2827	0.6993	77.9054	0.7148	1.5e-04	0.5382
4723	-109.0774	-109.0774	-76.9537	0.7055	77.2538	0.7087	1.5e-04	0.5361
4724	-109.0703	-109.0703	-77.3497	0.7092	76.8633	0.7050	1.5e-04	0.5371
4725	-109.0642	-109.0642	-75.9000	0.6959	78.2711	0.7181	1.5e-04	0.5375
4726	-109.0730	-109.0730	-76.8203	0.7043	77.3772	0.7099	1.5e-04	0.5373
4727	-109.0839	-109.0839	-76.3478	0.6999	77.8484	0.7141	1.5e-04	0.5382
4728	-109.0730	-109.0731	-76.1546	0.6982	78.0175	0.7158	1.5e-04	0.5375
4729	-109.0812	-109.0812	-77.2361	0.7081	76.9654	0.7061	1.5e-04	0.5379
4730	-109.0902	-109.0902	-76.6732	0.7028	77.5480	0.7113	1.5e-04	0.5360
4731	-109.0901	-109.0901	-77.5078	0.7105	76.6912	0.7037	1.5e-04	0.5369
4732	-109.0656	-109.0656	-76.4823	0.7013	77.7065	0.7129	1.5e-04	0.5415
4733	-109.0762	-109.0762	-76.5674	0.7020	77.6310	0.7121	1.5e-04	0.5374
4734	-109.0957	-109.0957	-76.6388	0.7025	77.5786	0.7117	1.5e-04	0.5375
4735	-109.0704	-109.0704	-76.2287	0.6989	77.9321	0.7150	1.5e-04	0.5380
4736	-109.0681	-109.0681	-76.1752	0.6984	77.9971	0.7156	1.5e-04	0.5366
4737	-109.0895	-109.0895	-76.6831	0.7029	77.5267	0.7112	1.5e-04	0.5362
4738	-109.0894	-109.0894	-77.1107	0.7069	77.1061	0.7074	1.5e-04	0.5364
4739	-109.0846	-109.0846	-76.7089	0.7032	77.5022	0.7110	1.5e-04	0.5376
4740	-109.0799	-109.0799	-77.6068	0.7115	76.5988	0.7027	1.5e-04	0.5362
4741	-109.0998	-109.0998	-76.3332	0.6997	77.8885	0.7144	1.5e-04	0.5377
4742	-109.0768	-109.0769	-75.9226	0.6960	78.2536	0.7180	1.5e-04	0.5362
4743	-109.0929	-109.0929	-75.6923	0.6938	78.5018	0.7201	1.5e-04	0.5386
4744	-109.1014	-109.1014	-76.4524	0.7007	77.7768	0.7134	1.5e-04	0.5368
4745	-109.0803	-109.0803	-76.4834	0.7012	77.7115	0.7129	1.5e-04	0.5371
4746	-109.1046	-109.1046	-76.8447	0.7043	77.3763	0.7098	1.5e-04	0.5367
4747	-109.0714	-109.0714	-76.9528	0.7055	77.2456	0.7087	1.5e-04	0.5372
4748	-109.0966	-109.0966	-76.8234	0.7042	77.3612	0.7096	1.5e-04	0.5378
4749	-109.0834	-109.0834	-76.9699	0.7056	77.2374	0.7086	1.5e-04	0.5385
4750	-109.0852	-109.0852	-76.3966	0.7003	77.8026	0.7138	1.5e-04	0.5378
4751	-109.1098	-109.1098	-76.6716	0.7027	77.5679	0.7115	1.5e-04	0.5365
4752	-109.0842	-109.0842	-77.2873	0.7085	76.9155	0.7055	1.5e-04	0.5353
4753	-109.1118	-109.1118	-75.7235	0.6940	78.4894	0.7199	1.5e-04	0.5390
4754	-109.0901	-109.0901	-76.1900	0.6984	78.0046	0.7157	1.5e-04	0.5372
4755	-109.0831	-109.0831	-76.0294	0.6970	78.1533	0.7171	1.5e-04	0.5377
4756	-109.0793	-109.0793	-76.9441	0.7054	77.2511	0.7088	1.5e-04	0.5368
4757	-109.0710	-109.0710	-76.4603	0.7010	77.7374	0.7131	1.5e-04	0.5354
4758	-109.0680	-109.0680	-76.7611	0.7038	77.4209	0.7103	1.5e-04	0.5366
4759	-109.1136	-109.1136	-76.3678	0.6999	77.8690	0.7142	1.5e-04	0.5378
4760	-109.0880	-109.0880	-77.2916	0.7085	76.9233	0.7056	1.5e-04	0.5376
4761	-109.0870	-109.0870	-76.7320	0.7034	77.4759	0.7108	1.5e-04	0.5381
4762	-109.0747	-109.0747	-76.4010	0.7004	77.7758	0.7136	1.5e-04	0.5366
4763	-109.0876	-109.0876	-77.3429	0.7090	76.8592	0.7051	1.5e-04	0.5374
4764	-109.0687	-109.0687	-77.0139	0.7061	77.1698	0.7080	1.5e-04	0.5357
4765	-109.0776	-109.0776	-76.5745	0.7020	77.6158	0.7122	1.5e-04	0.5357
4766	-109.0850	-109.0850	-77.3200	0.7088	76.8951	0.7054	1.5e-04	0.5369
4767	-109.1077	-109.1077	-76.9195	0.7050	77.3117	0.7092	1.5e-04	0.5381
4768	-109.0831	-109.0831	-76.2908	0.6994	77.9119	0.7147	1.5e-04	0.5378
4769	-109.0834	-109.0834	-76.3365	0.6998	77.8632	0.7143	1.5e-04	0.5374
4770	-109.0735	-109.0735	-76.6078	0.7024	77.5887	0.7118	1.5e-04	0.5364
4771	-109.0979	-109.0979	-76.6856	0.7029	77.5479	0.7113	1.5e-04	0.5362
4772	-109.0900	-109.0900	-77.4750	0.7102	76.7237	0.7039	1.5e-04	0.5364
4773	-109.0794	-109.0794	-76.2746	0.6993	77.9333	0.7149	1.5e-04	0.5403
4774	-109.0920	-109.0920	-76.6997	0.7031	77.5150	0.7111	1.5e-04	0.5354
4775	-109.0802	-109.0802	-76.8795	0.7048	77.3158	0.7093	1.5e-04	0.5371
4776	-109.0826	-109.0826	-76.1015	0.6976	78.0902	0.7164	1.5e-04	0.5397
4777	-109.0886	-109.0886	-76.7586	0.7036	77.4187	0.7102	1.5e-04	0.5377
4778	-109.0756	-109.0757	-75.7572	0.6945	78.4004	0.7193	1.5e-04	0.5379
4779	-109.0907	-109.0907	-76.8575	0.7045	77.3684	0.7096	1.5e-04	0.5397
4780	-109.0802	-109.0802	-76.3701	0.7001	77.8266	0.7140	1.5e-04	0.5384
4781	-109.0941	-109.0941	-75.8488	0.6953	78.3561	0.7188	1.5e-04	0.5375
4782	-109.0777	-109.0777	-75.9444	0.6962	78.2106	0.7175	1.5e-04	0.5377
4783	-109.0846	-109.0847	-75.8660	0.6955	78.3129	0.7185	1.5e-04	0.5367
4784	-109.0842	-109.0842	-76.8763	0.7047	77.3298	0.7094	1.5e-04	0.5377
4785	-109.0747	-109.0747	-77.4613	0.7102	76.7340	0.7040	1.5e-04	0.5359
4786	-109.0901	-109.0901	-76.3316	0.6997	77.8748	0.7144	1.5e-04	0.5359
4787	-109.0977	-109.0977	-76.4770	0.7010	77.7412	0.7131	1.5e-04	0.5365
4788	-109.0811	-109.0811	-77.1236	0.7070	77.0696	0.7071	1.5e-04	0.5381
4789	-109.0716	-109.0716	-77.8814	0.7140	76.3136	0.7001	1.5e-04	0.5369
4790	-109.0822	-109.0822	-76.3394	0.6998	77.8499	0.7142	1.5e-04	0.5364
4791	-109.0826	-109.0826	-76.0290	0.6970	78.1665	0.7170	1.5e-04	0.5371
4792	-109.0707	-109.0708	-76.1725	0.6984	77.9950	0.7155	1.5e-04	0.5367
4793	-109.0821	-109.0821	-76.3045	0.6995	77.8839	0.7146	1.5e-04	0.5370
4794	-109.1020	-109.1020	-76.0770	0.6973	78.1343	0.7167	1.5e-04	0.5380
4795	-109.0837	-109.0837	-76.8556	0.7046	77.3537	0.7096	1.5e-04	0.5372
4796	-109.0982	-109.0982	-76.4834	0.7011	77.7346	0.7130	1.5e-04	0.5386
4797	-109.0804	-109.0804	-77.0435	0.7063	77.1676	0.7079	1.5e-04	0.5377
4798	-109.1007	-109.1007	-76.8682	0.7046	77.3587	0.7096	1.5e-04	0.5371
4799	-109.0943	-109.0943	-77.0609	0.7064	77.1496	0.7077	1.5e-04	0.5392
4800	-109.0774	-109.0774	-77.1901	0.7077	77.0272	0.7065	1.5e-04	0.5374
4801	-109.0840	-109.0840	-76.1103	0.6977	78.0896	0.7164	1.5e-04	0.5345
4802	-109.0870	-109.0870	-76.7209	0.7033	77.4952	0.7109	1.5e-04	0.5372
4803	-109.0791	-109.0791	-76.9194	0.7052	77.2636	0.7089	1.5e-04	0.5366
4804	-109.0709	-109.0709	-76.8421	0.7045	77.3593	0.7096	1.5e-04	0.5368
4805	-109.0935	-109.0935	-76.1539	0.6981	78.0546	0.7160	1.5e-04	0.5370
4806	-109.0893	-109.0893	-77.0080	0.7059	77.2097	0.7081	1.5e-04	0.5373
4807	-109.0652	-109.0652	-76.9632	0.7057	77.2263	0.7085	1.5e-04	0.5368
4808	-109.0737	-109.0737	-76.1617	0.6983	78.0358	0.7158	1.5e-04	0.5363
4809	-109.0837	-109.0837	-76.8902	0.7049	77.3230	0.7093	1.5e-04	0.5368
4810	-109.0903	-109.0903	-76.5029	0.7013	77.6990	0.7128	1.5e-04	0.5362
4811	-109.0812	-109.0812	-77.3545	0.7091	76.8471	0.7049	1.5e-04	0.5373
4812	-109.0719	-109.0719	-76.6475	0.7027	77.5338	0.7113	1.5e-04	0.5366
4813	-109.0722	-109.0722	-76.3946	0.7004	77.8040	0.7137	1.5e-04	0.5359
4814	-109.0939	-109.0939	-76.7624	0.7036	77.4703	0.7105	1.5e-04	0.5383
4815	-109.0959	-109.0959	-76.5828	0.7020	77.6332	0.7122	1.5e-04	0.5446
4816	-109.1007	-109.1007	-76.7064	0.7031	77.5351	0.7111	1.5e-04	0.5361
4817	-109.1028	-109.1028	-77.4729	0.7101	76.7627	0.7041	1.5e-04	0.5381
4818	-109.0860	-109.0860	-77.0419	0.7062	77.1535	0.7077	1.5e-04	0.5373
4819	-109.0766	-109.0766	-76.4518	0.7009	77.7497	0.7132	1.5e-04	0.5362
4820	-109.0876	-109.0876	-76.2183	0.6987	77.9835	0.7154	1.5e-04	0.5386
4821	-109.0978	-109.0978	-76.6495	0.7026	77.5713	0.7116	1.5e-04	0.5367
4822	-109.0950	-109.0950	-75.8914	0.6956	78.3180	0.7184	1.5e-04	0.5362
4823	-109.1093	-109.1093	-76.1217	0.6977	78.0986	0.7164	1.5e-04	0.5372
4824	-109.0742	-109.0742	-76.6667	0.7029	77.5333	0.7113	1.5e-04	0.5372
4825	-109.0786	-109.0786	-77.4730	0.7102	76.7472	0.7039	1.5e-04	0.5383
4826	-109.0751	-109.0751	-76.4635	0.7010	77.7385	0.7131	1.5e-04	0.5373
4827	-109.0825	-109.0825	-77.1512	0.7073	77.0531	0.7069	1.5e-04	0.5361
4828	-109.0763	-109.0763	-76.9635	0.7056	77.2486	0.7086	1.5e-04	0.5382
4829	-109.0949	-109.0949	-77.0770	0.7065	77.1512	0.7077	1.5e-04	0.5374
4830	-109.0937	-109.0937	-76.9772	0.7056	77.2440	0.7085	1.5e-04	0.5381
4831	-109.1091	-109.1091	-77.2003	0.7076	77.0335	0.7066	1.5e-04	0.5370
4832	-109.0784	-109.0784	-77.2940	0.7086	76.9137	0.7056	1.5e-04	0.5363
4833	-109.0898	-109.0898	-77.2647	0.7083	76.9549	0.7059	1.5e-04	0.5369
4834	-109.0701	-109.0701	-77.4958	0.7105	76.7019	0.7037	1.5e-04	0.5370
4835	-109.1048	-109.1048	-77.6313	0.7115	76.5760	0.7025	1.5e-04	0.5377
4836	-109.0882	-109.0882	-77.0506	0.7063	77.1710	0.7079	1.5e-04	0.5371
4837	-109.0878	-109.0878	-76.4120	0.7005	77.7939	0.7136	1.5e-04	0.5373
4838	-109.1011	-109.1011	-76.7098	0.7031	77.5135	0.7111	1.5e-04	0.5386
4839	-109.0728	-109.0728	-77.1677	0.7075	77.0246	0.7066	1.5e-04	0.5375
4840	-109.0975	-109.0975	-77.4036	0.7095	76.8280	0.7047	1.5e-04	0.5369
4841	-109.0677	-109.0677	-77.4534	0.7101	76.7291	0.7039	1.5e-04	0.5372
4842	-109.0798	-109.0798	-77.6447	0.7118	76.5643	0.7023	1.5e-04	0.5376
4843	-109.0645	-109.0645	-76.8390	0.7045	77.3489	0.7097	1.5e-04	0.5380
4844	-109.0685	-109.0685	-76.4133	0.7006	77.7806	0.7135	1.5e-04	0.5371
4845	-109.0990	-109.0990	-77.0560	0.7063	77.1696	0.7078	1.5e-04	0.5369
4846	-109.0737	-109.0737	-77.3437	0.7091	76.8428	0.7050	1.5e-04	0.5379
4847	-109.0811	-109.0811	-77.2551	0.7082	76.9654	0.7059	1.5e-04	0.5371
4848	-109.0695	-109.0695	-76.9876	0.7059	77.2130	0.7084	1.5e-04	0.5372
4849	-109.0766	-109.0766	-76.9780	0.7057	77.2280	0.7085	1.5e-04	0.5356
4850	-109.1011	-109.1011	-77.5411	0.7107	76.6826	0.7035	1.5e-04	0.5382
4851	-109.0803	-109.0803	-77.5911	0.7113	76.6026	0.7027	1.5e-04	0.5364
4852	-109.0931	-109.0931	-76.7406	0.7034	77.4821	0.7107	1.5e-04	0.5375
4853	-109.0773	-109.0773	-76.2750	0.6993	77.9161	0.7149	1.5e-04	0.5370
4854	-109.0847	-109.0847	-76.5360	0.7016	77.6744	0.7125	1.5e-04	0.5358
4855	-109.0795	-109.0795	-77.2645	0.7083	76.9393	0.7059	1.5e-04	0.5383
4856	-109.0865	-109.0865	-76.7263	0.7034	77.4873	0.7108	1.5e-04	0.5382
4857	-109.0630	-109.0630	-76.2416	0.6991	77.9346	0.7150	1.5e-04	0.5381
4858	-109.0812	-109.0812	-77.4617	0.7101	76.7414	0.7040	1.5e-04	0.5374
4859	-109.0911	-109.0911	-76.8471	0.7044	77.3760	0.7097	1.5e-04	0.5368
4860	-109.0763	-109.0763	-77.0189	0.7061	77.1781	0.7081	1.5e-04	0.5378
4861	-109.0921	-109.0921	-76.6497	0.7026	77.5568	0.7114	1.5e-04	0.5368
4862	-109.0757	-109.0757	-77.1081	0.7069	77.0963	0.7073	1.5e-04	0.5383
4863	-109.0918	-109.0918	-76.3064	0.6995	77.9122	0.7146	1.5e-04	0.5361
4864	-109.0861	-109.0861	-76.6477	0.7026	77.5634	0.7115	1.5e-04	0.5368
4865	-109.0864	-109.0864	-76.4535	0.7009	77.7595	0.7133	1.5e-04	0.5355
4866	-109.0768	-109.0768	-75.8630	0.6955	78.3169	0.7184	1.5e-04	0.5369
4867	-109.0842	-109.0842	-76.7383	0.7035	77.4705	0.7107	1.5e-04	0.5382
4868	-109.0941	-109.0941	-76.7264	0.7033	77.4940	0.7108	1.5e-04	0.5373
4869	-109.0984	-109.0984	-76.7900	0.7039	77.4339	0.7103	1.5e-04	0.5366
4870	-109.0808	-109.0808	-76.3458	0.6999	77.8558	0.7142	1.5e-04	0.5374
4871	-109.0757	-109.0757	-76.4610	0.7010	77.7383	0.7132	1.5e-04	0.5358
4872	-109.1000	-109.1000	-77.2391	0.7080	76.9660	0.7061	1.5e-04	0.5377
4873	-109.0917	-109.0917	-76.2913	0.6993	77.9158	0.7147	1.5e-04	0.5371
4874	-109.0789	-109.0789	-76.5763	0.7020	77.6218	0.7122	1.5e-04	0.5365
4875	-109.0775	-109.0775	-76.3969	0.7004	77.8026	0.7138	1.5e-04	0.5372
4876	-109.0708	-109.0708	-76.5334	0.7017	77.6603	0.7125	1.5e-04	0.5376
4877	-109.0634	-109.0634	-77.0928	0.7069	77.0948	0.7073	1.5e-04	0.5370
4878	-109.0742	-109.0742	-76.3231	0.6997	77.8728	0.7144	1.5e-04	0.5365
4879	-109.0868	-109.0868	-76.1578	0.6981	78.0403	0.7160	1.5e-04	0.5366
4880	-109.0691	-109.0691	-76.4338	0.7008	77.7492	0.7134	1.5e-04	0.5370
4881	-109.0944	-109.0944	-75.6268	0.6932	78.5644	0.7207	1.5e-04	0.5374
4882	-109.1037	-109.1037	-75.9433	0.6961	78.2752	0.7180	1.5e-04	0.5381
4883	-109.0978	-109.0979	-75.4562	0.6916	78.7408	0.7222	1.5e-04	0.5375
4884	-109.0776	-109.0777	-75.4002	0.6913	78.7614	0.7225	1.5e-04	0.5357
4885	-109.0999	-109.0999	-76.0586	0.6971	78.1449	0.7169	1.5e-04	0.5385
4886	-109.0885	-109.0885	-76.7014	0.7031	77.5152	0.7111	1.5e-04	0.5372
4887	-109.0861	-109.0862	-75.4242	0.6914	78.7416	0.7224	1.5e-04	0.5372
4888	-109.0968	-109.0969	-75.7046	0.6939	78.4978	0.7200	1.5e-04	0.5361
4889	-109.0746	-109.0747	-75.1233	0.6887	79.0398	0.7250	1.5e-04	0.5368
4890	-109.0795	-109.0795	-75.9452	0.6962	78.2514	0.7178	1.5e-04	0.5384
4891	-109.0676	-109.0676	-76.3796	0.7003	77.7985	0.7138	1.5e-04	0.5363
4892	-109.0863	-109.0864	-75.8130	0.6950	78.3712	0.7190	1.5e-04	0.5369
4893	-109.0932	-109.0932	-76.0165	0.6968	78.1782	0.7173	1.5e-04	0.5371
4894	-109.0777	-109.0777	-76.0534	0.6972	78.1204	0.7167	1.5e-04	0.5362
4895	-109.0815	-109.0815	-76.7646	0.7037	77.4481	0.7104	1.5e-04	0.5370
4896	-109.0695	-109.0695	-76.6491	0.7028	77.5421	0.7114	1.5e-04	0.5368
4897	-109.0844	-109.0844	-76.4932	0.7012	77.7190	0.7129	1.5e-04	0.5364
4898	-109.0792	-109.0792	-76.6406	0.7026	77.5544	0.7114	1.5e-04	0.5371
4899	-109.0703	-109.0703	-76.5643	0.7020	77.6408	0.7122	1.5e-04	0.5365
4900	-109.0923	-109.0924	-75.4729	0.6918	78.6891	0.7219	1.5e-04	0.5384
4901	-109.0804	-109.0804	-76.4019	0.7004	77.8047	0.7137	1.5e-04	0.5356
4902	-109.0843	-109.0844	-75.5835	0.6929	78.5964	0.7210	1.5e-04	0.5364
4903	-109.0908	-109.0908	-76.8880	0.7048	77.3327	0.7094	1.5e-04	0.5378
4904	-109.0631	-109.0631	-76.6782	0.7031	77.5110	0.7111	1.5e-04	0.5369
4905	-109.0815	-109.0815	-76.1629	0.6982	78.0302	0.7159	1.5e-04	0.5360
4906	-109.0777	-109.0777	-76.6425	0.7026	77.5681	0.7115	1.5e-04	0.5380
4907	-109.0878	-109.0878	-76.9044	0.7050	77.3081	0.7092	1.5e-04	0.5364
4908	-109.0869	-109.0869	-76.6110	0.7023	77.6030	0.7118	1.5e-04	0.5368
4909	-109.0963	-109.0963	-76.8651	0.7046	77.3559	0.7096	1.5e-04	0.5378
4910	-109.0836	-109.0836	-76.0565	0.6972	78.1476	0.7168	1.5e-04	0.5369
4911	-109.0774	-109.0774	-76.0510	0.6972	78.1347	0.7168	1.5e-04	0.5378
4912	-109.0801	-109.0801	-75.9383	0.6962	78.2596	0.7179	1.5e-04	0.5365
4913	-109.0593	-109.0594	-75.5450	0.6927	78.6076	0.7212	1.5e-04	0.5364
4914	-109.0810	-109.0810	-76.9197	0.7052	77.2862	0.7090	1.5e-04	0.5371
4915	-109.0849	-109.0849	-76.7717	0.7038	77.4484	0.7104	1.5e-04	0.5381
4916	-109.0879	-109.0879	-76.9836	0.7057	77.2293	0.7085	1.5e-04	0.5380
4917	-109.0788	-109.0788	-76.9543	0.7055	77.2470	0.7087	1.5e-04	0.5373
4918	-109.0798	-109.0798	-77.2327	0.7080	76.9821	0.7062	1.5e-04	0.5371
4919	-109.0842	-109.0842	-77.4139	0.7097	76.8050	0.7045	1.5e-04	0.5372
4920	-109.0903	-109.0903	-77.3638	0.7092	76.8504	0.7050	1.5e-04	0.5375
4921	-109.0928	-109.0928	-77.1881	0.7075	77.0327	0.7065	1.5e-04	0.5380
4922	-109.0648	-109.0648	-75.6961	0.6940	78.4627	0.7198	1.5e-04	0.5364
4923	-109.0854	-109.0854	-76.8277	0.7043	77.3874	0.7099	1.5e-04	0.5364
4924	-109.0780	-109.0780	-76.9671	0.7056	77.2291	0.7085	1.5e-04	0.5378
4925	-109.0772	-109.0772	-77.5014	0.7105	76.7043	0.7037	1.5e-04	0.5367
4926	-109.0772	-109.0772	-76.7217	0.7034	77.4642	0.7107	1.5e-04	0.5384
4927	-109.0917	-109.0917	-77.5292	0.7107	76.6943	0.7035	1.5e-04	0.5366
4928	-109.0827	-109.0827	-76.8607	0.7046	77.3584	0.7096	1.5e-04	0.5381
4929	-109.0781	-109.0781	-77.4000	0.7096	76.8139	0.7046	1.5e-04	0.5366
4930	-109.0908	-109.0908	-76.6396	0.7025	77.5749	0.7116	1.5e-04	0.5366
4931	-109.0854	-109.0854	-77.1544	0.7073	77.0605	0.7069	1.5e-04	0.5366
4932	-109.0826	-109.0826	-77.6846	0.7122	76.5006	0.7019	1.5e-04	0.5360
4933	-109.0799	-109.0799	-76.1434	0.6981	78.0283	0.7160	1.5e-04	0.5365
4934	-109.0972	-109.0972	-76.9231	0.7051	77.3002	0.7091	1.5e-04	0.5372
4935	-109.0716	-109.0716	-77.1480	0.7073	77.0363	0.7068	1.5e-04	0.5365
4936	-109.0845	-109.0845	-77.1468	0.7072	77.0656	0.7070	1.5e-04	0.5368
4937	-109.0808	-109.0808	-76.4030	0.7004	77.8084	0.7137	1.5e-04	0.5377
4938	-109.0754	-109.0754	-76.3874	0.7003	77.8000	0.7138	1.5e-04	0.5378
4939	-109.0679	-109.0679	-76.3124	0.6997	77.8519	0.7142	1.5e-04	0.5368
4940	-109.0904	-109.0904	-76.3000	0.6994	77.9132	0.7146	1.5e-04	0.5384
4941	-109.0813	-109.0813	-76.7333	0.7035	77.4603	0.7107	1.5e-04	0.5373
4942	-109.0726	-109.0726	-76.3371	0.6999	77.8404	0.7142	1.5e-04	0.5362
4943	-109.0895	-109.0895	-76.4727	0.7010	77.7504	0.7131	1.5e-04	0.5370
4944	-109.1000	-109.1000	-76.4250	0.7005	77.8048	0.7136	1.5e-04	0.5367
4945	-109.0862	-109.0862	-76.6853	0.7030	77.5480	0.7112	1.5e-04	0.5390
4946	-109.0653	-109.0653	-77.1305	0.7072	77.0689	0.7070	1.5e-04	0.5378
4947	-109.0695	-109.0695	-76.5889	0.7022	77.6091	0.7120	1.5e-04	0.5380
4948	-109.1018	-109.1018	-76.2890	0.6992	77.9297	0.7148	1.5e-04	0.5386
4949	-109.0752	-109.0752	-76.1637	0.6983	78.0171	0.7158	1.5e-04	0.5370
4950	-109.0982	-109.0982	-77.3718	0.7092	76.8512	0.7049	1.5e-04	0.5371
4951	-109.0873	-109.0873	-76.5964	0.7022	77.6168	0.7120	1.5e-04	0.5387
4952	-109.0934	-109.0934	-76.8479	0.7044	77.3605	0.7096	1.5e-04	0.5382
4953	-109.0813	-109.0813	-76.9809	0.7057	77.2193	0.7085	1.5e-04	0.5376
4954	-109.0955	-109.0955	-76.3807	0.7001	77.8356	0.7140	1.5e-04	0.5371
4955	-109.1002	-109.1002	-77.1781	0.7074	77.0564	0.7068	1.5e-04	0.5367
4956	-109.0911	-109.0911	-77.5236	0.7106	76.6976	0.7036	1.5e-04	0.5374
4957	-109.0961	-109.0962	-75.8176	0.6950	78.3786	0.7190	1.5e-04	0.5386
4958	-109.0704	-109.0704	-77.3878	0.7095	76.7937	0.7046	1.5e-04	0.5375
4959	-109.0815	-109.0815	-77.8282	0.7135	76.3708	0.7006	1.5e-04	0.5389
4960	-109.1138	-109.1138	-76.9211	0.7050	77.3211	0.7092	1.5e-04	0.5377
4961	-109.0778	-109.0778	-77.3241	0.7089	76.8824	0.7053	1.5e-04	0.5378
4962	-109.0922	-109.0922	-77.5933	0.7113	76.6133	0.7029	1.5e-04	0.5369
4963	-109.1056	-109.1056	-77.8762	0.7138	76.3580	0.7003	1.5e-04	0.5389
4964	-109.0984	-109.0984	-77.4840	0.7102	76.7453	0.7040	1.5e-04	0.5379
4965	-109.0820	-109.0820	-77.5061	0.7105	76.6834	0.7035	1.5e-04	0.5386
4966	-109.0928	-109.0928	-77.3035	0.7086	76.9112	0.7055	1.5e-04	0.5385
4967	-109.1108	-109.1108	-78.0132	0.7150	76.2159	0.6991	1.5e-04	0.5369
4968	-109.0820	-109.0820	-77.5306	0.7108	76.6795	0.7034	1.5e-04	0.5396
4969	-109.0940	-109.0940	-77.0750	0.7065	77.1480	0.7076	1.5e-04	0.5385
4970	-109.0985	-109.0985	-78.3003	0.7177	75.9146	0.6963	1.5e-04	0.5381
4971	-109.0931	-109.0931	-77.7519	0.7127	76.4606	0.7014	1.5e-04	0.5384
4972	-109.0863	-109.0863	-78.4298	0.7190	75.7609	0.6950	1.5e-04	0.5389
4973	-109.1054	-109.1054	-77.3198	0.7087	76.9155	0.7055	1.5e-04	0.5372
4974	-109.0917	-109.0917	-78.8081	0.7224	75.3704	0.6915	1.5e-04	0.5376
4975	-109.0766	-109.0766	-78.1777	0.7167	76.0154	0.6974	1.5e-04	0.5376
4976	-109.0738	-109.0738	-78.6548	0.7211	75.5110	0.6927	1.5e-04	0.5371
4977	-109.0856	-109.0856	-78.2251	0.7171	75.9621	0.6969	1.5e-04	0.5388
4978	-109.0884	-109.0884	-79.1377	0.7254	75.0220	0.6882	1.5e-04	0.5378
4979	-109.0897	-109.0897	-77.6861	0.7121	76.5191	0.7020	1.5e-04	0.5393
4980	-109.0828	-109.0828	-78.3475	0.7182	75.8164	0.6955	1.5e-04	0.5380
4981	-109.0757	-109.0757	-77.5931	0.7114	76.5996	0.7027	1.5e-04	0.5396
4982	-109.0756	-109.0756	-78.0771	0.7158	76.1159	0.6983	1.5e-04	0.5375
4983	-109.0859	-109.0859	-78.4010	0.7187	75.7898	0.6952	1.5e-04	0.5385
4984	-109.0867	-109.0867	-78.2918	0.7177	75.8986	0.6962	1.5e-04	0.5372
4985	-109.0863	-109.0863	-77.9898	0.7149	76.2269	0.6992	1.5e-04	0.5364
4986	-109.0822	-109.0822	-78.2605	0.7174	75.9303	0.6966	1.5e-04	0.5380
4987	-109.1071	-109.1071	-77.8392	0.7134	76.3752	0.7006	1.5e-04	0.5378
4988	-109.0696	-109.0696	-78.1701	0.7167	76.0027	0.6974	1.5e-04	0.5378
4989	-109.0928	-109.0928	-77.9050	0.7141	76.3132	0.7000	1.5e-04	0.5377
4990	-109.0738	-109.0738	-78.2952	0.7178	75.8825	0.6962	1.5e-04	0.5374
4991	-109.0889	-109.0889	-78.2140	0.7170	75.9878	0.6971	1.5e-04	0.5390
4992	-109.0970	-109.0970	-78.7232	0.7216	75.4591	0.6923	1.5e-04	0.5386
4993	-109.0715	-109.0715	-77.6855	0.7122	76.5118	0.7019	1.5e-04	0.5377
4994	-109.0739	-109.0739	-77.4360	0.7099	76.7570	0.7042	1.5e-04	0.5371
4995	-109.0886	-109.0886	-78.2665	0.7175	75.9388	0.6966	1.5e-04	0.5389
4996	-109.0797	-109.0797	-78.1269	0.7162	76.0566	0.6977	1.5e-04	0.5377
4997	-109.0811	-109.0811	-78.3585	0.7184	75.8212	0.6955	1.5e-04	0.5396
4998	-109.0927	-109.0927	-78.8906	0.7232	75.2632	0.6905	1.5e-04	0.5383
4999	-109.0777	-109.0777	-78.4431	0.7191	75.7448	0.6949	1.5e-04	0.5381
5000	-109.0957	-109.0957	-77.7422	0.7126	76.4114	0.7010	1.5e-04	0.5453
